ConfigInfo: loaded /root/front_car_mainline.yaml
front_car_mainline: ipm=atg rot/inv_rot
find uvc camera Successfully. path=/dev/video0
get uvc width = 160
get uvc height = 120
get uvc fps = 120
get uvc auto exposure mode = 3
IMU init success, type: 4 (DEV_IMU963RA)
ImuReady: type=IMU963RA bias_x=-3 bias_y=-7 bias_z=4 samples=48/48/48 min=-5/-9/4 max=-2/-6/5 scale=0.001277562_rad_s_per_count
front_car_mainline: live /dev/video0 160x120@30 process_fps=120 drive=on
frame=0 line=1 track=1 cross=0 circle=0(CIRCLE_NONE) round=0 yroad=0 ramp=0 road=7 speed=0 near=50/124 raw=126/105 sel=124/125 far=0/0 far_raw=0/0 l=1@24/0@-1 far_l=0@-1/0@-1 straight=0/1 far_straight=0/0 circle_cnt=0/0/0/0 lost=0/0 conf=84.4/4.6/0.0/0.0 dist=0 begin=0/0 m0=(84,119) ml=(85,87) md=32/1/130 cxcy=84.0,119.6 guide=-0.99 atg=2.0/1.0/1.0 pure=-0.51/-0.47 yaw=25 cmd=49 actual=1 signed=0 rps=4932/5068:0/0 duty=18/21 pwm=PWM2:18/PWM1:21 motor=2:18/1:21
CrossDiag: type=CROSS_NONE track=1 half_lr=0/0 nearL=1@24/0@-1 nearNum=50/124 centerNum=50/124 farL=0@-1/0@-1 farNum=0/0 farRaw=0/0 lost=0/0 not_have=0 final=124/125 flags=0/0
LineErr: aim=33 cxcy=84.0,119.6 left=1:-3.41@88,81 dx=3.7 idx=0/15 dist=33/147 right=1:-1.31@85,82 dx=1.4 idx=0/14 dist=33/251 sel=1:-1.31@85,83 dx=1.4 idx=0/16 dist=32/248 edge=1:-2.69@87.0,79.5 dx=3.0 width=50.0 l=62,79 r=112,80
CxScan: raw_ref=80.0 edge=87.0,79.5 best_raw_x=90 best_err=0.78 best_cxcy=87.9,119.6 scan=0:-28.1,10:-25.3,20:-22.4,30:-19.4,40:-16.2,50:-12.9,60:-9.6,70:-6.1,80:-2.7,90:0.8,100:4.2,110:7.7,120:11.0,130:14.3,140:17.5
ATGSeedDiag: seed=1@21,108/1@140,108 begin=7,108 block=5 clip=8
ATGLptDiag: best=24(84.4) imip=14/34 pass=11111 acc=24 ipm=60.9,60.7 inv=53.7,33.8 | 2(4.6) imip=0/12 pass=10111 acc=-1 ipm=109.9,111.9 inv=132.0,91.5
ATGCircleCal: from=CIRCLE_NONE to=CIRCLE_LEFT_BEGIN reason=entry_vote heading_deg10=0 dist=0 begin_dist=0 begin_last=0
frame=1 line=1 track=1 cross=0 circle=1(CIRCLE_LEFT_BEGIN) round=0 yroad=0 ramp=0 road=7 speed=0 near=50/124 raw=126/105 sel=124/125 far=0/0 far_raw=0/0 l=1@24/0@-1 far_l=0@-1/0@-1 straight=0/1 far_straight=0/0 circle_cnt=0/0/0/0 lost=0/0 conf=84.5/4.6/0.0/0.0 dist=0 begin=0/0 m0=(84,119) ml=(85,87) md=32/1/130 cxcy=84.0,119.6 guide=-0.99 atg=2.0/1.0/1.0 pure=-0.51/-0.47 yaw=59 cmd=117 actual=1 signed=1 rps=3639/3961:35/0 duty=13/16 pwm=PWM2:13/PWM1:16 motor=2:13/1:16
ATGCorner: L=1@24/0@-1 Y=0@-1/0@-1 farL=0@-1/0@-1 Lxy=60.9,60.7:53.7,33.8/-1.0,-1.0:-1.0,-1.0 Yxy=-1.0,-1.0:-1.0,-1.0/-1.0,-1.0:-1.0,-1.0 farLxy=-1.0,-1.0:-1.0,-1.0/-1.0,-1.0:-1.0,-1.0 best=24:60.9,60.7:53.7,33.8:84.5:11111/2:109.9,111.9:132.0,91.5:4.6:10111 seed_src=lpt/none seed=0.0,0.0/0.0,0.0 far_start=70,0 far_raw=0/0 far_num=0/0 straight=0/1 far_straight=0/0 conf_deg=84.5/4.6/0.0/0.0
CrossDiag: type=CROSS_NONE track=1 half_lr=0/0 nearL=1@24/0@-1 nearNum=50/124 centerNum=50/124 farL=0@-1/0@-1 farNum=0/0 farRaw=0/0 lost=0/0 not_have=0 final=124/125 flags=0/0
LineErr: aim=33 cxcy=84.0,119.6 left=1:-3.41@88,81 dx=3.7 idx=0/15 dist=33/147 right=1:-1.31@85,82 dx=1.4 idx=0/14 dist=33/251 sel=1:-1.31@85,83 dx=1.4 idx=0/16 dist=32/248 edge=1:-2.69@87.0,79.5 dx=3.0 width=50.0 l=62,79 r=112,80
CxScan: raw_ref=80.0 edge=87.0,79.5 best_raw_x=90 best_err=0.78 best_cxcy=87.9,119.6 scan=0:-28.1,10:-25.3,20:-22.4,30:-19.4,40:-16.2,50:-12.9,60:-9.6,70:-6.1,80:-2.7,90:0.8,100:4.2,110:7.7,120:11.0,130:14.3,140:17.5
ATGSeedDiag: seed=1@21,108/1@140,108 begin=7,108 block=5 clip=8
ATGLptDiag: best=24(84.5) imip=14/34 pass=11111 acc=24 ipm=60.9,60.7 inv=53.7,33.8 | 2(4.6) imip=0/12 pass=10111 acc=-1 ipm=109.9,111.9 inv=132.0,91.5
frame=2 line=1 track=1 cross=0 circle=1(CIRCLE_LEFT_BEGIN) round=0 yroad=0 ramp=0 road=7 speed=0 near=50/124 raw=126/105 sel=124/126 far=0/0 far_raw=0/0 l=1@24/0@-1 far_l=0@-1/0@-1 straight=0/1 far_straight=0/0 circle_cnt=0/0/0/0 lost=0/0 conf=84.4/5.1/0.0/0.0 dist=0 begin=1/0 m0=(84,119) ml=(85,87) md=32/1/133 cxcy=84.0,119.6 guide=-0.99 atg=2.0/1.0/1.0 pure=-0.51/-0.47 yaw=59 cmd=120 actual=-1 signed=1 rps=3636/3964:140/81 duty=13/16 pwm=PWM2:13/PWM1:16 motor=2:13/1:16
ATGCorner: L=1@24/0@-1 Y=0@-1/0@-1 farL=0@-1/0@-1 Lxy=60.9,60.7:53.7,33.8/-1.0,-1.0:-1.0,-1.0 Yxy=-1.0,-1.0:-1.0,-1.0/-1.0,-1.0:-1.0,-1.0 farLxy=-1.0,-1.0:-1.0,-1.0/-1.0,-1.0:-1.0,-1.0 best=24:60.9,60.7:53.7,33.8:84.4:11111/1:109.6,114.2:135.2,98.0:5.1:10111 seed_src=lpt/none seed=0.0,0.0/0.0,0.0 far_start=70,0 far_raw=0/0 far_num=0/0 straight=0/1 far_straight=0/0 conf_deg=84.4/5.1/0.0/0.0
CrossDiag: type=CROSS_NONE track=1 half_lr=0/0 nearL=1@24/0@-1 nearNum=50/124 centerNum=50/124 farL=0@-1/0@-1 farNum=0/0 farRaw=0/0 lost=0/0 not_have=0 final=124/126 flags=0/0
LineErr: aim=33 cxcy=84.0,119.6 left=1:-3.41@88,81 dx=3.7 idx=0/15 dist=33/147 right=1:-1.31@85,82 dx=1.4 idx=0/14 dist=33/251 sel=1:-1.31@85,83 dx=1.4 idx=0/16 dist=32/250 edge=1:-2.69@87.0,79.5 dx=3.0 width=50.0 l=62,79 r=112,80
CxScan: raw_ref=80.0 edge=87.0,79.5 best_raw_x=90 best_err=0.78 best_cxcy=87.9,119.6 scan=0:-28.1,10:-25.3,20:-22.4,30:-19.4,40:-16.2,50:-12.9,60:-9.6,70:-6.1,80:-2.7,90:0.8,100:4.2,110:7.7,120:11.0,130:14.3,140:17.5
ATGSeedDiag: seed=1@21,108/1@140,108 begin=7,108 block=5 clip=8
ATGLptDiag: best=24(84.4) imip=14/34 pass=11111 acc=24 ipm=60.9,60.7 inv=53.7,33.8 | 1(5.1) imip=0/11 pass=10111 acc=-1 ipm=109.6,114.2 inv=135.2,98.0
frame=3 line=1 track=1 cross=0 circle=1(CIRCLE_LEFT_BEGIN) round=0 yroad=0 ramp=0 road=7 speed=0 near=50/124 raw=125/105 sel=124/125 far=0/0 far_raw=0/0 l=1@24/0@-1 far_l=0@-1/0@-1 straight=0/1 far_straight=0/0 circle_cnt=0/0/0/0 lost=0/0 conf=84.8/4.6/0.0/0.0 dist=0 begin=2/0 m0=(84,119) ml=(85,87) md=32/1/130 cxcy=84.0,119.6 guide=-0.99 atg=2.0/1.0/1.0 pure=-0.51/-0.47 yaw=59 cmd=129 actual=-11 signed=1 rps=3624/3976:177/148 duty=13/16 pwm=PWM2:13/PWM1:16 motor=2:13/1:16
ATGCorner: L=1@24/0@-1 Y=0@-1/0@-1 farL=0@-1/0@-1 Lxy=60.8,60.4:53.6,33.7/-1.0,-1.0:-1.0,-1.0 Yxy=-1.0,-1.0:-1.0,-1.0/-1.0,-1.0:-1.0,-1.0 farLxy=-1.0,-1.0:-1.0,-1.0/-1.0,-1.0:-1.0,-1.0 best=24:60.8,60.4:53.6,33.7:84.8:11111/2:109.9,111.9:132.0,91.5:4.6:10111 seed_src=lpt/none seed=0.0,0.0/0.0,0.0 far_start=70,0 far_raw=0/0 far_num=0/0 straight=0/1 far_straight=0/0 conf_deg=84.8/4.6/0.0/0.0
CrossDiag: type=CROSS_NONE track=1 half_lr=0/0 nearL=1@24/0@-1 nearNum=50/124 centerNum=50/124 farL=0@-1/0@-1 farNum=0/0 farRaw=0/0 lost=0/0 not_have=0 final=124/125 flags=0/0
LineErr: aim=33 cxcy=84.0,119.6 left=1:-3.39@88,80 dx=3.7 idx=0/15 dist=34/148 right=1:-1.31@85,82 dx=1.4 idx=0/14 dist=33/251 sel=1:-1.31@85,83 dx=1.4 idx=0/16 dist=32/248 edge=1:-2.69@87.0,79.5 dx=3.0 width=50.0 l=62,79 r=112,80
CxScan: raw_ref=80.0 edge=87.0,79.5 best_raw_x=90 best_err=0.78 best_cxcy=87.9,119.6 scan=0:-28.1,10:-25.3,20:-22.4,30:-19.4,40:-16.2,50:-12.9,60:-9.6,70:-6.1,80:-2.7,90:0.8,100:4.2,110:7.7,120:11.0,130:14.3,140:17.5
ATGSeedDiag: seed=1@22,107/1@140,108 begin=7,108 block=5 clip=8
ATGLptDiag: best=24(84.8) imip=14/34 pass=11111 acc=24 ipm=60.8,60.4 inv=53.6,33.7 | 2(4.6) imip=0/12 pass=10111 acc=-1 ipm=109.9,111.9 inv=132.0,91.5
frame=4 line=1 track=1 cross=0 circle=1(CIRCLE_LEFT_BEGIN) round=0 yroad=0 ramp=0 road=7 speed=0 near=50/124 raw=126/105 sel=124/125 far=0/0 far_raw=0/0 l=1@24/0@-1 far_l=0@-1/0@-1 straight=0/1 far_straight=0/0 circle_cnt=0/0/0/0 lost=0/0 conf=84.6/5.1/0.0/0.0 dist=0 begin=3/0 m0=(84,119) ml=(85,87) md=32/1/130 cxcy=84.0,119.6 guide=-0.99 atg=1.0/1.0/1.0 pure=-0.49/-0.47 yaw=59 cmd=129 actual=-10 signed=1 rps=3624/3976:226/196 duty=13/16 pwm=PWM2:13/PWM1:16 motor=2:13/1:16
ATGCorner: L=1@24/0@-1 Y=0@-1/0@-1 farL=0@-1/0@-1 Lxy=61.0,60.7:53.7,33.9/-1.0,-1.0:-1.0,-1.0 Yxy=-1.0,-1.0:-1.0,-1.0/-1.0,-1.0:-1.0,-1.0 farLxy=-1.0,-1.0:-1.0,-1.0/-1.0,-1.0:-1.0,-1.0 best=24:61.0,60.7:53.7,33.9:84.6:11111/1:109.6,114.2:135.2,98.0:5.1:10111 seed_src=lpt/none seed=0.0,0.0/0.0,0.0 far_start=70,0 far_raw=0/0 far_num=0/0 straight=0/1 far_straight=0/0 conf_deg=84.6/5.1/0.0/0.0
CrossDiag: type=CROSS_NONE track=1 half_lr=0/0 nearL=1@24/0@-1 nearNum=50/124 centerNum=50/124 farL=0@-1/0@-1 farNum=0/0 farRaw=0/0 lost=0/0 not_have=0 final=124/125 flags=0/0
LineErr: aim=33 cxcy=84.0,119.6 left=1:-3.47@88,81 dx=3.8 idx=0/15 dist=33/146 right=1:-1.16@85,82 dx=1.2 idx=0/14 dist=33/252 sel=1:-1.15@85,83 dx=1.2 idx=0/16 dist=32/248 edge=1:-2.69@87.0,79.5 dx=3.0 width=50.0 l=62,79 r=112,80
CxScan: raw_ref=80.0 edge=87.0,79.5 best_raw_x=90 best_err=0.78 best_cxcy=87.9,119.6 scan=0:-28.1,10:-25.3,20:-22.4,30:-19.4,40:-16.2,50:-12.9,60:-9.6,70:-6.1,80:-2.7,90:0.8,100:4.2,110:7.7,120:11.0,130:14.3,140:17.5
ATGSeedDiag: seed=1@21,108/1@140,108 begin=7,108 block=5 clip=8
ATGLptDiag: best=24(84.6) imip=14/34 pass=11111 acc=24 ipm=61.0,60.7 inv=53.7,33.9 | 1(5.1) imip=0/11 pass=10111 acc=-1 ipm=109.6,114.2 inv=135.2,98.0
frame=5 line=1 track=1 cross=0 circle=1(CIRCLE_LEFT_BEGIN) round=0 yroad=0 ramp=0 road=7 speed=0 near=49/124 raw=125/105 sel=124/125 far=0/0 far_raw=0/0 l=1@25/0@-1 far_l=0@-1/0@-1 straight=0/1 far_straight=0/0 circle_cnt=0/0/0/0 lost=0/0 conf=81.7/5.1/0.0/0.0 dist=0 begin=4/0 m0=(84,119) ml=(85,87) md=32/1/130 cxcy=84.0,119.6 guide=-0.99 atg=1.0/1.0/1.0 pure=-0.49/-0.47 yaw=59 cmd=124 actual=-5 signed=1 rps=3631/3969:289/288 duty=13/16 pwm=PWM2:13/PWM1:16 motor=2:13/1:16
ATGCorner: L=1@25/0@-1 Y=0@-1/0@-1 farL=0@-1/0@-1 Lxy=58.9,59.2:52.2,33.1/-1.0,-1.0:-1.0,-1.0 Yxy=-1.0,-1.0:-1.0,-1.0/-1.0,-1.0:-1.0,-1.0 farLxy=-1.0,-1.0:-1.0,-1.0/-1.0,-1.0:-1.0,-1.0 best=25:58.9,59.2:52.2,33.1:81.7:11111/1:109.6,114.2:135.2,98.0:5.1:10111 seed_src=lpt/none seed=0.0,0.0/0.0,0.0 far_start=70,0 far_raw=0/0 far_num=0/0 straight=0/1 far_straight=0/0 conf_deg=81.7/5.1/0.0/0.0
CrossDiag: type=CROSS_NONE track=1 half_lr=0/0 nearL=1@25/0@-1 nearNum=49/124 centerNum=49/124 farL=0@-1/0@-1 farNum=0/0 farRaw=0/0 lost=0/0 not_have=0 final=124/125 flags=0/0
LineErr: aim=33 cxcy=84.0,119.6 left=1:-3.46@88,80 dx=3.8 idx=0/15 dist=34/148 right=1:-1.31@85,82 dx=1.4 idx=0/14 dist=33/252 sel=1:-1.31@85,83 dx=1.4 idx=0/16 dist=32/248 edge=1:-2.69@87.0,79.5 dx=3.0 width=50.0 l=62,79 r=112,80
CxScan: raw_ref=80.0 edge=87.0,79.5 best_raw_x=90 best_err=0.78 best_cxcy=87.9,119.6 scan=0:-28.1,10:-25.3,20:-22.4,30:-19.4,40:-16.2,50:-12.9,60:-9.6,70:-6.1,80:-2.7,90:0.8,100:4.2,110:7.7,120:11.0,130:14.3,140:17.5
ATGSeedDiag: seed=1@22,107/1@140,108 begin=7,108 block=5 clip=8
ATGLptDiag: best=25(81.7) imip=15/35 pass=11111 acc=25 ipm=58.9,59.2 inv=52.2,33.1 | 1(5.1) imip=0/11 pass=10111 acc=-1 ipm=109.6,114.2 inv=135.2,98.0
frame=6 line=1 track=1 cross=0 circle=1(CIRCLE_LEFT_BEGIN) round=0 yroad=0 ramp=0 road=7 speed=0 near=49/124 raw=125/105 sel=124/125 far=0/0 far_raw=0/0 l=1@24/0@-1 far_l=0@-1/0@-1 straight=0/1 far_straight=0/0 circle_cnt=0/0/0/0 lost=0/0 conf=85.0/5.1/0.0/0.0 dist=0 begin=5/0 m0=(84,119) ml=(85,87) md=32/1/130 cxcy=84.0,119.6 guide=-0.99 atg=1.0/1.0/1.0 pure=-0.48/-0.47 yaw=59 cmd=122 actual=-4 signed=1 rps=3633/3967:321/334 duty=13/16 pwm=PWM2:13/PWM1:16 motor=2:13/1:16
ATGCorner: L=1@24/0@-1 Y=0@-1/0@-1 farL=0@-1/0@-1 Lxy=60.8,60.5:53.6,33.7/-1.0,-1.0:-1.0,-1.0 Yxy=-1.0,-1.0:-1.0,-1.0/-1.0,-1.0:-1.0,-1.0 farLxy=-1.0,-1.0:-1.0,-1.0/-1.0,-1.0:-1.0,-1.0 best=24:60.8,60.5:53.6,33.7:85.0:11111/1:109.6,114.2:135.2,98.0:5.1:10111 seed_src=lpt/none seed=0.0,0.0/0.0,0.0 far_start=70,0 far_raw=0/0 far_num=0/0 straight=0/1 far_straight=0/0 conf_deg=85.0/5.1/0.0/0.0
CrossDiag: type=CROSS_NONE track=1 half_lr=0/0 nearL=1@24/0@-1 nearNum=49/124 centerNum=49/124 farL=0@-1/0@-1 farNum=0/0 farRaw=0/0 lost=0/0 not_have=0 final=124/125 flags=0/0
LineErr: aim=33 cxcy=84.0,119.6 left=1:-3.46@88,80 dx=3.8 idx=0/15 dist=34/146 right=1:-1.15@85,82 dx=1.2 idx=0/14 dist=33/251 sel=1:-1.15@85,83 dx=1.2 idx=0/16 dist=32/248 edge=1:-2.69@87.0,79.5 dx=3.0 width=50.0 l=62,79 r=112,80
CxScan: raw_ref=80.0 edge=87.0,79.5 best_raw_x=90 best_err=0.78 best_cxcy=87.9,119.6 scan=0:-28.1,10:-25.3,20:-22.4,30:-19.4,40:-16.2,50:-12.9,60:-9.6,70:-6.1,80:-2.7,90:0.8,100:4.2,110:7.7,120:11.0,130:14.3,140:17.5
ATGSeedDiag: seed=1@22,107/1@140,108 begin=7,108 block=5 clip=8
ATGLptDiag: best=24(85.0) imip=14/34 pass=11111 acc=24 ipm=60.8,60.5 inv=53.6,33.7 | 1(5.1) imip=0/11 pass=10111 acc=-1 ipm=109.6,114.2 inv=135.2,98.0
frame=8 line=1 track=1 cross=0 circle=1(CIRCLE_LEFT_BEGIN) round=0 yroad=0 ramp=0 road=7 speed=0 near=50/124 raw=126/105 sel=124/126 far=0/0 far_raw=0/0 l=1@24/0@-1 far_l=0@-1/0@-1 straight=0/1 far_straight=0/0 circle_cnt=0/0/0/0 lost=0/0 conf=84.6/4.6/0.0/0.0 dist=0 begin=7/0 m0=(84,119) ml=(85,87) md=32/1/133 cxcy=84.0,119.6 guide=-1.15 atg=2.0/1.0/1.0 pure=-0.51/-0.47 yaw=69 cmd=144 actual=-5 signed=1 rps=3603/3997:454/495 duty=13/16 pwm=PWM2:13/PWM1:16 motor=2:13/1:16
ATGCorner: L=1@24/0@-1 Y=0@-1/0@-1 farL=0@-1/0@-1 Lxy=60.9,60.7:53.7,33.8/-1.0,-1.0:-1.0,-1.0 Yxy=-1.0,-1.0:-1.0,-1.0/-1.0,-1.0:-1.0,-1.0 farLxy=-1.0,-1.0:-1.0,-1.0/-1.0,-1.0:-1.0,-1.0 best=24:60.9,60.7:53.7,33.8:84.6:11111/2:109.9,111.9:132.0,91.5:4.6:10111 seed_src=lpt/none seed=0.0,0.0/0.0,0.0 far_start=70,0 far_raw=0/0 far_num=0/0 straight=0/1 far_straight=0/0 conf_deg=84.6/4.6/0.0/0.0
CrossDiag: type=CROSS_NONE track=1 half_lr=0/0 nearL=1@24/0@-1 nearNum=50/124 centerNum=50/124 farL=0@-1/0@-1 farNum=0/0 farRaw=0/0 lost=0/0 not_have=0 final=124/126 flags=0/0
LineErr: aim=33 cxcy=84.0,119.6 left=1:-3.41@88,81 dx=3.7 idx=0/15 dist=33/146 right=1:-1.37@85,82 dx=1.4 idx=0/14 dist=33/251 sel=1:-1.36@85,83 dx=1.4 idx=0/16 dist=32/250 edge=1:-2.69@87.0,79.5 dx=3.0 width=50.0 l=62,79 r=112,80
CxScan: raw_ref=80.0 edge=87.0,79.5 best_raw_x=90 best_err=0.78 best_cxcy=87.9,119.6 scan=0:-28.1,10:-25.3,20:-22.4,30:-19.4,40:-16.2,50:-12.9,60:-9.6,70:-6.1,80:-2.7,90:0.8,100:4.2,110:7.7,120:11.0,130:14.3,140:17.5
ATGSeedDiag: seed=1@21,108/1@140,108 begin=7,108 block=5 clip=8
ATGLptDiag: best=24(84.6) imip=14/34 pass=11111 acc=24 ipm=60.9,60.7 inv=53.7,33.8 | 2(4.6) imip=0/12 pass=10111 acc=-1 ipm=109.9,111.9 inv=132.0,91.5
frame=9 line=1 track=1 cross=0 circle=1(CIRCLE_LEFT_BEGIN) round=0 yroad=0 ramp=0 road=7 speed=0 near=49/124 raw=126/105 sel=124/125 far=0/0 far_raw=0/0 l=1@25/0@-1 far_l=0@-1/0@-1 straight=0/1 far_straight=0/0 circle_cnt=0/0/0/0 lost=0/0 conf=82.9/5.1/0.0/0.0 dist=0 begin=9/0 m0=(84,119) ml=(85,87) md=32/1/130 cxcy=84.0,119.6 guide=-1.15 atg=2.0/1.0/1.0 pure=-0.52/-0.47 yaw=69 cmd=144 actual=-5 signed=1 rps=3603/3997:517/553 duty=13/16 pwm=PWM2:13/PWM1:16 motor=2:13/1:16
ATGCorner: L=1@25/0@-1 Y=0@-1/0@-1 farL=0@-1/0@-1 Lxy=59.1,59.2:52.4,33.1/-1.0,-1.0:-1.0,-1.0 Yxy=-1.0,-1.0:-1.0,-1.0/-1.0,-1.0:-1.0,-1.0 farLxy=-1.0,-1.0:-1.0,-1.0/-1.0,-1.0:-1.0,-1.0 best=25:59.1,59.2:52.4,33.1:82.9:11111/1:109.6,114.2:135.2,98.0:5.1:10111 seed_src=lpt/none seed=0.0,0.0/0.0,0.0 far_start=70,0 far_raw=0/0 far_num=0/0 straight=0/1 far_straight=0/0 conf_deg=82.9/5.1/0.0/0.0
CrossDiag: type=CROSS_NONE track=1 half_lr=0/0 nearL=1@25/0@-1 nearNum=49/124 centerNum=49/124 farL=0@-1/0@-1 farNum=0/0 farRaw=0/0 lost=0/0 not_have=0 final=124/125 flags=0/0
LineErr: aim=33 cxcy=84.0,119.6 left=1:-3.41@88,81 dx=3.7 idx=0/15 dist=33/146 right=1:-1.37@85,82 dx=1.4 idx=0/14 dist=33/251 sel=1:-1.36@85,83 dx=1.4 idx=0/16 dist=32/248 edge=1:-2.69@87.0,79.5 dx=3.0 width=50.0 l=62,79 r=112,80
CxScan: raw_ref=80.0 edge=87.0,79.5 best_raw_x=90 best_err=0.78 best_cxcy=87.9,119.6 scan=0:-28.1,10:-25.3,20:-22.4,30:-19.4,40:-16.2,50:-12.9,60:-9.6,70:-6.1,80:-2.7,90:0.8,100:4.2,110:7.7,120:11.0,130:14.3,140:17.5
ATGSeedDiag: seed=1@21,108/1@140,108 begin=7,108 block=5 clip=8
ATGLptDiag: best=25(82.9) imip=15/35 pass=11111 acc=25 ipm=59.1,59.2 inv=52.4,33.1 | 1(5.1) imip=0/11 pass=10111 acc=-1 ipm=109.6,114.2 inv=135.2,98.0
frame=11 line=1 track=1 cross=0 circle=1(CIRCLE_LEFT_BEGIN) round=0 yroad=0 ramp=0 road=7 speed=0 near=49/124 raw=126/105 sel=124/125 far=0/0 far_raw=0/0 l=1@24/0@-1 far_l=0@-1/0@-1 straight=0/1 far_straight=0/0 circle_cnt=0/0/0/0 lost=0/0 conf=88.8/5.1/0.0/0.0 dist=0 begin=13/0 m0=(84,119) ml=(85,87) md=32/1/130 cxcy=84.0,119.6 guide=-1.15 atg=2.0/1.0/1.0 pure=-0.52/-0.47 yaw=69 cmd=140 actual=-2 signed=1 rps=3608/3992:618/665 duty=12/16 pwm=PWM2:12/PWM1:16 motor=2:12/1:16
ATGCorner: L=1@24/0@-1 Y=0@-1/0@-1 farL=0@-1/0@-1 Lxy=61.0,60.7:53.7,33.9/-1.0,-1.0:-1.0,-1.0 Yxy=-1.0,-1.0:-1.0,-1.0/-1.0,-1.0:-1.0,-1.0 farLxy=-1.0,-1.0:-1.0,-1.0/-1.0,-1.0:-1.0,-1.0 best=24:61.0,60.7:53.7,33.9:88.8:11111/1:109.6,114.2:135.2,98.0:5.1:10111 seed_src=lpt/none seed=0.0,0.0/0.0,0.0 far_start=70,0 far_raw=0/0 far_num=0/0 straight=0/1 far_straight=0/0 conf_deg=88.8/5.1/0.0/0.0
CrossDiag: type=CROSS_NONE track=1 half_lr=0/0 nearL=1@24/0@-1 nearNum=49/124 centerNum=49/124 farL=0@-1/0@-1 farNum=0/0 farRaw=0/0 lost=0/0 not_have=0 final=124/125 flags=0/0
LineErr: aim=33 cxcy=84.0,119.6 left=1:-3.42@88,81 dx=3.7 idx=0/15 dist=33/145 right=1:-1.37@85,82 dx=1.4 idx=0/14 dist=33/251 sel=1:-1.36@85,83 dx=1.4 idx=0/16 dist=32/248 edge=1:-2.69@87.0,79.5 dx=3.0 width=50.0 l=62,79 r=112,80
CxScan: raw_ref=80.0 edge=87.0,79.5 best_raw_x=90 best_err=0.78 best_cxcy=87.9,119.6 scan=0:-28.1,10:-25.3,20:-22.4,30:-19.4,40:-16.2,50:-12.9,60:-9.6,70:-6.1,80:-2.7,90:0.8,100:4.2,110:7.7,120:11.0,130:14.3,140:17.5
ATGSeedDiag: seed=1@21,108/1@140,108 begin=7,108 block=5 clip=8
ATGLptDiag: best=24(88.8) imip=14/34 pass=11111 acc=24 ipm=61.0,60.7 inv=53.7,33.9 | 1(5.1) imip=0/11 pass=10111 acc=-1 ipm=109.6,114.2 inv=135.2,98.0
frame=12 line=1 track=1 cross=0 circle=1(CIRCLE_LEFT_BEGIN) round=0 yroad=0 ramp=0 road=7 speed=0 near=49/124 raw=125/105 sel=124/125 far=0/0 far_raw=0/0 l=1@24/0@-1 far_l=0@-1/0@-1 straight=0/1 far_straight=0/0 circle_cnt=0/0/0/0 lost=0/0 conf=88.4/5.1/0.0/0.0 dist=0 begin=15/0 m0=(84,119) ml=(85,87) md=32/1/130 cxcy=84.0,119.6 guide=-1.15 atg=2.0/1.0/1.0 pure=-0.51/-0.47 yaw=69 cmd=142 actual=-4 signed=1 rps=3605/3995:638/711 duty=12/16 pwm=PWM2:12/PWM1:16 motor=2:12/1:16
ATGCorner: L=1@24/0@-1 Y=0@-1/0@-1 farL=0@-1/0@-1 Lxy=60.8,60.5:53.6,33.7/-1.0,-1.0:-1.0,-1.0 Yxy=-1.0,-1.0:-1.0,-1.0/-1.0,-1.0:-1.0,-1.0 farLxy=-1.0,-1.0:-1.0,-1.0/-1.0,-1.0:-1.0,-1.0 best=24:60.8,60.5:53.6,33.7:88.4:11111/1:109.6,114.2:135.2,98.0:5.1:10111 seed_src=lpt/none seed=0.0,0.0/0.0,0.0 far_start=70,0 far_raw=0/0 far_num=0/0 straight=0/1 far_straight=0/0 conf_deg=88.4/5.1/0.0/0.0
CrossDiag: type=CROSS_NONE track=1 half_lr=0/0 nearL=1@24/0@-1 nearNum=49/124 centerNum=49/124 farL=0@-1/0@-1 farNum=0/0 farRaw=0/0 lost=0/0 not_have=0 final=124/125 flags=0/0
LineErr: aim=33 cxcy=84.0,119.6 left=1:-3.46@88,80 dx=3.8 idx=0/15 dist=34/145 right=1:-1.37@85,82 dx=1.4 idx=0/14 dist=33/251 sel=1:-1.36@85,83 dx=1.4 idx=0/16 dist=32/248 edge=1:-2.69@87.0,79.5 dx=3.0 width=50.0 l=62,79 r=112,80
CxScan: raw_ref=80.0 edge=87.0,79.5 best_raw_x=90 best_err=0.78 best_cxcy=87.9,119.6 scan=0:-28.1,10:-25.3,20:-22.4,30:-19.4,40:-16.2,50:-12.9,60:-9.6,70:-6.1,80:-2.7,90:0.8,100:4.2,110:7.7,120:11.0,130:14.3,140:17.5
ATGSeedDiag: seed=1@22,107/1@140,108 begin=7,108 block=5 clip=8
ATGLptDiag: best=24(88.4) imip=14/34 pass=11111 acc=24 ipm=60.8,60.5 inv=53.6,33.7 | 1(5.1) imip=0/11 pass=10111 acc=-1 ipm=109.6,114.2 inv=135.2,98.0
frame=13 line=1 track=1 cross=0 circle=1(CIRCLE_LEFT_BEGIN) round=0 yroad=0 ramp=0 road=7 speed=0 near=49/124 raw=126/105 sel=124/125 far=0/0 far_raw=0/0 l=1@24/0@-1 far_l=0@-1/0@-1 straight=0/1 far_straight=0/0 circle_cnt=0/0/0/0 lost=0/0 conf=89.0/5.1/0.0/0.0 dist=0 begin=17/0 m0=(84,119) ml=(85,87) md=32/1/130 cxcy=84.0,119.6 guide=-0.99 atg=2.0/1.0/1.0 pure=-0.51/-0.47 yaw=59 cmd=122 actual=-4 signed=1 rps=3633/3967:701/767 duty=12/16 pwm=PWM2:12/PWM1:16 motor=2:12/1:16
ATGCorner: L=1@24/0@-1 Y=0@-1/0@-1 farL=0@-1/0@-1 Lxy=61.0,60.7:53.7,33.8/-1.0,-1.0:-1.0,-1.0 Yxy=-1.0,-1.0:-1.0,-1.0/-1.0,-1.0:-1.0,-1.0 farLxy=-1.0,-1.0:-1.0,-1.0/-1.0,-1.0:-1.0,-1.0 best=24:61.0,60.7:53.7,33.8:89.0:11111/1:109.6,114.2:135.2,98.0:5.1:10111 seed_src=lpt/none seed=0.0,0.0/0.0,0.0 far_start=70,0 far_raw=0/0 far_num=0/0 straight=0/1 far_straight=0/0 conf_deg=89.0/5.1/0.0/0.0
CrossDiag: type=CROSS_NONE track=1 half_lr=0/0 nearL=1@24/0@-1 nearNum=49/124 centerNum=49/124 farL=0@-1/0@-1 farNum=0/0 farRaw=0/0 lost=0/0 not_have=0 final=124/125 flags=0/0
LineErr: aim=33 cxcy=84.0,119.6 left=1:-3.47@88,81 dx=3.8 idx=0/15 dist=33/145 right=1:-1.31@85,82 dx=1.4 idx=0/14 dist=33/251 sel=1:-1.31@85,83 dx=1.4 idx=0/16 dist=32/248 edge=1:-2.69@87.0,79.5 dx=3.0 width=50.0 l=62,79 r=112,80
CxScan: raw_ref=80.0 edge=87.0,79.5 best_raw_x=90 best_err=0.78 best_cxcy=87.9,119.6 scan=0:-28.1,10:-25.3,20:-22.4,30:-19.4,40:-16.2,50:-12.9,60:-9.6,70:-6.1,80:-2.7,90:0.8,100:4.2,110:7.7,120:11.0,130:14.3,140:17.5
ATGSeedDiag: seed=1@21,108/1@140,108 begin=7,108 block=5 clip=8
ATGLptDiag: best=24(89.0) imip=14/34 pass=11111 acc=24 ipm=61.0,60.7 inv=53.7,33.8 | 1(5.1) imip=0/11 pass=10111 acc=-1 ipm=109.6,114.2 inv=135.2,98.0
frame=14 line=1 track=1 cross=0 circle=1(CIRCLE_LEFT_BEGIN) round=0 yroad=0 ramp=0 road=7 speed=0 near=49/124 raw=125/105 sel=124/125 far=0/0 far_raw=0/0 l=1@24/0@-1 far_l=0@-1/0@-1 straight=0/1 far_straight=0/0 circle_cnt=0/0/0/0 lost=0/0 conf=88.5/5.1/0.0/0.0 dist=0 begin=19/0 m0=(84,119) ml=(85,87) md=32/1/130 cxcy=84.0,119.6 guide=-0.99 atg=2.0/1.0/1.0 pure=-0.51/-0.47 yaw=59 cmd=121 actual=-2 signed=1 rps=3635/3965:747/811 duty=12/15 pwm=PWM2:12/PWM1:15 motor=2:12/1:15
ATGCorner: L=1@24/0@-1 Y=0@-1/0@-1 farL=0@-1/0@-1 Lxy=60.8,60.5:53.6,33.7/-1.0,-1.0:-1.0,-1.0 Yxy=-1.0,-1.0:-1.0,-1.0/-1.0,-1.0:-1.0,-1.0 farLxy=-1.0,-1.0:-1.0,-1.0/-1.0,-1.0:-1.0,-1.0 best=24:60.8,60.5:53.6,33.7:88.5:11111/1:109.6,114.2:135.2,98.0:5.1:10111 seed_src=lpt/none seed=0.0,0.0/0.0,0.0 far_start=70,0 far_raw=0/0 far_num=0/0 straight=0/1 far_straight=0/0 conf_deg=88.5/5.1/0.0/0.0
CrossDiag: type=CROSS_NONE track=1 half_lr=0/0 nearL=1@24/0@-1 nearNum=49/124 centerNum=49/124 farL=0@-1/0@-1 farNum=0/0 farRaw=0/0 lost=0/0 not_have=0 final=124/125 flags=0/0
LineErr: aim=33 cxcy=84.0,119.6 left=1:-3.46@88,80 dx=3.8 idx=0/15 dist=33/145 right=1:-1.31@85,82 dx=1.4 idx=0/14 dist=33/251 sel=1:-1.31@85,83 dx=1.4 idx=0/16 dist=32/248 edge=1:-2.69@87.0,79.5 dx=3.0 width=50.0 l=62,79 r=112,80
CxScan: raw_ref=80.0 edge=87.0,79.5 best_raw_x=90 best_err=0.78 best_cxcy=87.9,119.6 scan=0:-28.1,10:-25.3,20:-22.4,30:-19.4,40:-16.2,50:-12.9,60:-9.6,70:-6.1,80:-2.7,90:0.8,100:4.2,110:7.7,120:11.0,130:14.3,140:17.5
ATGSeedDiag: seed=1@22,107/1@140,108 begin=7,108 block=5 clip=8
ATGLptDiag: best=24(88.5) imip=14/34 pass=11111 acc=24 ipm=60.8,60.5 inv=53.6,33.7 | 1(5.1) imip=0/11 pass=10111 acc=-1 ipm=109.6,114.2 inv=135.2,98.0
frame=17 line=1 track=1 cross=0 circle=1(CIRCLE_LEFT_BEGIN) round=0 yroad=0 ramp=0 road=7 speed=0 near=48/124 raw=123/105 sel=124/125 far=0/0 far_raw=0/0 l=1@23/0@-1 far_l=0@-1/0@-1 straight=0/1 far_straight=0/0 circle_cnt=0/0/0/0 lost=0/0 conf=84.1/5.1/0.0/0.0 dist=0 begin=25/0 m0=(84,119) ml=(85,87) md=32/1/130 cxcy=84.0,119.6 guide=-0.99 atg=1.0/1.0/1.0 pure=-0.45/-0.47 yaw=59 cmd=111 actual=8 signed=1 rps=3648/3952:796/904 duty=12/15 pwm=PWM2:12/PWM1:15 motor=2:12/1:15
ATGCorner: L=1@23/0@-1 Y=0@-1/0@-1 farL=0@-1/0@-1 Lxy=60.7,62.8:53.1,34.9/-1.0,-1.0:-1.0,-1.0 Yxy=-1.0,-1.0:-1.0,-1.0/-1.0,-1.0:-1.0,-1.0 farLxy=-1.0,-1.0:-1.0,-1.0/-1.0,-1.0:-1.0,-1.0 best=23:60.7,62.8:53.1,34.9:84.1:11111/1:109.6,114.2:135.2,98.0:5.1:10111 seed_src=lpt/none seed=0.0,0.0/0.0,0.0 far_start=70,0 far_raw=0/0 far_num=0/0 straight=0/1 far_straight=0/0 conf_deg=84.1/5.1/0.0/0.0
CrossDiag: type=CROSS_NONE track=1 half_lr=0/0 nearL=1@23/0@-1 nearNum=48/124 centerNum=48/124 farL=0@-1/0@-1 farNum=0/0 farRaw=0/0 lost=0/0 not_have=0 final=124/125 flags=0/0
LineErr: aim=33 cxcy=84.0,119.6 left=1:-3.42@88,83 dx=3.6 idx=0/14 dist=31/143 right=1:-1.15@85,82 dx=1.2 idx=0/14 dist=33/251 sel=1:-1.15@85,83 dx=1.2 idx=0/16 dist=32/248 edge=1:-2.69@87.0,79.5 dx=3.0 width=50.0 l=62,79 r=112,80
CxScan: raw_ref=80.0 edge=87.0,79.5 best_raw_x=90 best_err=0.78 best_cxcy=87.9,119.6 scan=0:-28.1,10:-25.3,20:-22.4,30:-19.4,40:-16.2,50:-12.9,60:-9.6,70:-6.1,80:-2.7,90:0.8,100:4.2,110:7.7,120:11.0,130:14.3,140:17.5
ATGSeedDiag: seed=1@22,107/1@140,108 begin=7,108 block=5 clip=8
ATGLptDiag: best=23(84.1) imip=13/33 pass=11111 acc=23 ipm=60.7,62.8 inv=53.1,34.9 | 1(5.1) imip=0/11 pass=10111 acc=-1 ipm=109.6,114.2 inv=135.2,98.0
frame=19 line=1 track=1 cross=0 circle=1(CIRCLE_LEFT_BEGIN) round=0 yroad=0 ramp=0 road=7 speed=0 near=48/124 raw=124/105 sel=124/125 far=0/0 far_raw=0/0 l=1@24/0@-1 far_l=0@-1/0@-1 straight=0/1 far_straight=0/0 circle_cnt=0/0/0/0 lost=0/0 conf=83.4/5.1/0.0/0.0 dist=0 begin=31/0 m0=(84,119) ml=(85,87) md=32/1/130 cxcy=84.0,119.6 guide=-0.99 atg=2.0/1.0/1.0 pure=-0.51/-0.47 yaw=59 cmd=107 actual=11 signed=1 rps=3653/3947:916/1042 duty=12/15 pwm=PWM2:12/PWM1:15 motor=2:12/1:15
ATGCorner: L=1@24/0@-1 Y=0@-1/0@-1 farL=0@-1/0@-1 Lxy=59.3,61.3:52.1,34.2/-1.0,-1.0:-1.0,-1.0 Yxy=-1.0,-1.0:-1.0,-1.0/-1.0,-1.0:-1.0,-1.0 farLxy=-1.0,-1.0:-1.0,-1.0/-1.0,-1.0:-1.0,-1.0 best=24:59.3,61.3:52.1,34.2:83.4:11111/1:109.6,114.2:135.2,98.0:5.1:10111 seed_src=lpt/none seed=0.0,0.0/0.0,0.0 far_start=70,0 far_raw=0/0 far_num=0/0 straight=0/1 far_straight=0/0 conf_deg=83.4/5.1/0.0/0.0
CrossDiag: type=CROSS_NONE track=1 half_lr=0/0 nearL=1@24/0@-1 nearNum=48/124 centerNum=48/124 farL=0@-1/0@-1 farNum=0/0 farRaw=0/0 lost=0/0 not_have=0 final=124/125 flags=0/0
LineErr: aim=33 cxcy=84.0,119.6 left=1:-3.44@88,83 dx=3.6 idx=0/14 dist=31/147 right=1:-1.31@85,82 dx=1.4 idx=0/14 dist=33/251 sel=1:-1.31@85,83 dx=1.4 idx=0/16 dist=32/248 edge=1:-2.69@87.0,79.5 dx=3.0 width=50.0 l=62,79 r=112,80
CxScan: raw_ref=80.0 edge=87.0,79.5 best_raw_x=90 best_err=0.78 best_cxcy=87.9,119.6 scan=0:-28.1,10:-25.3,20:-22.4,30:-19.4,40:-16.2,50:-12.9,60:-9.6,70:-6.1,80:-2.7,90:0.8,100:4.2,110:7.7,120:11.0,130:14.3,140:17.5
ATGSeedDiag: seed=1@21,108/1@140,108 begin=7,108 block=5 clip=8
ATGLptDiag: best=24(83.4) imip=14/34 pass=11111 acc=24 ipm=59.3,61.3 inv=52.1,34.2 | 1(5.1) imip=0/11 pass=10111 acc=-1 ipm=109.6,114.2 inv=135.2,98.0
frame=20 line=1 track=1 cross=0 circle=1(CIRCLE_LEFT_BEGIN) round=0 yroad=0 ramp=0 road=7 speed=0 near=48/124 raw=123/105 sel=124/125 far=0/0 far_raw=0/0 l=1@23/0@-1 far_l=0@-1/0@-1 straight=0/1 far_straight=0/0 circle_cnt=0/0/0/0 lost=0/0 conf=83.7/4.6/0.0/0.0 dist=0 begin=34/0 m0=(84,119) ml=(85,87) md=32/1/130 cxcy=84.0,119.6 guide=-0.99 atg=2.0/1.0/1.0 pure=-0.51/-0.47 yaw=59 cmd=107 actual=11 signed=1 rps=3653/3947:934/1070 duty=12/15 pwm=PWM2:12/PWM1:15 motor=2:12/1:15
ATGCorner: L=1@23/0@-1 Y=0@-1/0@-1 farL=0@-1/0@-1 Lxy=60.7,62.8:53.1,34.9/-1.0,-1.0:-1.0,-1.0 Yxy=-1.0,-1.0:-1.0,-1.0/-1.0,-1.0:-1.0,-1.0 farLxy=-1.0,-1.0:-1.0,-1.0/-1.0,-1.0:-1.0,-1.0 best=23:60.7,62.8:53.1,34.9:83.7:11111/2:109.9,111.9:132.0,91.5:4.6:10111 seed_src=lpt/none seed=0.0,0.0/0.0,0.0 far_start=70,0 far_raw=0/0 far_num=0/0 straight=0/1 far_straight=0/0 conf_deg=83.7/4.6/0.0/0.0
CrossDiag: type=CROSS_NONE track=1 half_lr=0/0 nearL=1@23/0@-1 nearNum=48/124 centerNum=48/124 farL=0@-1/0@-1 farNum=0/0 farRaw=0/0 lost=0/0 not_have=0 final=124/125 flags=0/0
LineErr: aim=33 cxcy=84.0,119.6 left=1:-3.43@88,83 dx=3.6 idx=0/14 dist=31/146 right=1:-1.31@85,82 dx=1.4 idx=0/14 dist=33/251 sel=1:-1.31@85,83 dx=1.4 idx=0/16 dist=32/248 edge=1:-2.69@87.0,79.5 dx=3.0 width=50.0 l=62,79 r=112,80
CxScan: raw_ref=80.0 edge=87.0,79.5 best_raw_x=90 best_err=0.78 best_cxcy=87.9,119.6 scan=0:-28.1,10:-25.3,20:-22.4,30:-19.4,40:-16.2,50:-12.9,60:-9.6,70:-6.1,80:-2.7,90:0.8,100:4.2,110:7.7,120:11.0,130:14.3,140:17.5
ATGSeedDiag: seed=1@22,107/1@140,108 begin=7,108 block=5 clip=8
ATGLptDiag: best=23(83.7) imip=13/33 pass=11111 acc=23 ipm=60.7,62.8 inv=53.1,34.9 | 2(4.6) imip=0/12 pass=10111 acc=-1 ipm=109.9,111.9 inv=132.0,91.5
frame=22 line=1 track=1 cross=0 circle=1(CIRCLE_LEFT_BEGIN) round=0 yroad=0 ramp=0 road=7 speed=0 near=47/124 raw=123/105 sel=124/125 far=0/0 far_raw=0/0 l=1@24/0@-1 far_l=0@-1/0@-1 straight=0/1 far_straight=0/0 circle_cnt=0/0/0/0 lost=0/0 conf=81.9/5.1/0.0/0.0 dist=0 begin=40/0 m0=(84,119) ml=(85,87) md=32/1/130 cxcy=84.0,119.6 guide=-0.99 atg=1.0/1.0/1.0 pure=-0.45/-0.47 yaw=59 cmd=106 actual=12 signed=1 rps=3655/3945:1012/1092 duty=12/15 pwm=PWM2:12/PWM1:15 motor=2:12/1:15
ATGCorner: L=1@24/0@-1 Y=0@-1/0@-1 farL=0@-1/0@-1 Lxy=58.9,61.4:51.7,34.2/-1.0,-1.0:-1.0,-1.0 Yxy=-1.0,-1.0:-1.0,-1.0/-1.0,-1.0:-1.0,-1.0 farLxy=-1.0,-1.0:-1.0,-1.0/-1.0,-1.0:-1.0,-1.0 best=24:58.9,61.4:51.7,34.2:81.9:11111/1:109.6,114.2:135.2,98.0:5.1:10111 seed_src=lpt/none seed=0.0,0.0/0.0,0.0 far_start=70,0 far_raw=0/0 far_num=0/0 straight=0/1 far_straight=0/0 conf_deg=81.9/5.1/0.0/0.0
CrossDiag: type=CROSS_NONE track=1 half_lr=0/0 nearL=1@24/0@-1 nearNum=47/124 centerNum=47/124 farL=0@-1/0@-1 farNum=0/0 farRaw=0/0 lost=0/0 not_have=0 final=124/125 flags=0/0
LineErr: aim=33 cxcy=84.0,119.6 left=1:-3.42@88,83 dx=3.6 idx=0/14 dist=31/141 right=1:-1.15@85,82 dx=1.2 idx=0/14 dist=33/251 sel=1:-1.15@85,83 dx=1.2 idx=0/16 dist=32/248 edge=1:-2.69@87.0,79.5 dx=3.0 width=50.0 l=62,79 r=112,80
CxScan: raw_ref=80.0 edge=87.0,79.5 best_raw_x=90 best_err=0.78 best_cxcy=87.9,119.6 scan=0:-28.1,10:-25.3,20:-22.4,30:-19.4,40:-16.2,50:-12.9,60:-9.6,70:-6.1,80:-2.7,90:0.8,100:4.2,110:7.7,120:11.0,130:14.3,140:17.5
ATGSeedDiag: seed=1@22,107/1@140,108 begin=7,108 block=5 clip=8
ATGLptDiag: best=24(81.9) imip=14/34 pass=11111 acc=24 ipm=58.9,61.4 inv=51.7,34.2 | 1(5.1) imip=0/11 pass=10111 acc=-1 ipm=109.6,114.2 inv=135.2,98.0
frame=25 line=1 track=1 cross=0 circle=1(CIRCLE_LEFT_BEGIN) round=0 yroad=0 ramp=0 road=7 speed=0 near=47/124 raw=123/105 sel=124/125 far=0/0 far_raw=0/0 l=1@23/0@-1 far_l=0@-1/0@-1 straight=0/1 far_straight=0/0 circle_cnt=0/0/0/0 lost=0/0 conf=87.7/5.1/0.0/0.0 dist=0 begin=49/0 m0=(84,119) ml=(85,87) md=32/1/130 cxcy=84.0,119.6 guide=-0.99 atg=1.0/1.0/1.0 pure=-0.48/-0.47 yaw=59 cmd=118 actual=0 signed=1 rps=3639/3961:1153/1227 duty=12/15 pwm=PWM2:12/PWM1:15 motor=2:12/1:15
ATGCorner: L=1@23/0@-1 Y=0@-1/0@-1 farL=0@-1/0@-1 Lxy=60.7,62.8:53.0,34.9/-1.0,-1.0:-1.0,-1.0 Yxy=-1.0,-1.0:-1.0,-1.0/-1.0,-1.0:-1.0,-1.0 farLxy=-1.0,-1.0:-1.0,-1.0/-1.0,-1.0:-1.0,-1.0 best=23:60.7,62.8:53.0,34.9:87.7:11111/1:109.6,114.2:135.2,98.0:5.1:10111 seed_src=lpt/none seed=0.0,0.0/0.0,0.0 far_start=70,0 far_raw=0/0 far_num=0/0 straight=0/1 far_straight=0/0 conf_deg=87.7/5.1/0.0/0.0
CrossDiag: type=CROSS_NONE track=1 half_lr=0/0 nearL=1@23/0@-1 nearNum=47/124 centerNum=47/124 farL=0@-1/0@-1 farNum=0/0 farRaw=0/0 lost=0/0 not_have=0 final=124/125 flags=0/0
LineErr: aim=33 cxcy=84.0,119.6 left=1:-3.42@88,83 dx=3.6 idx=0/14 dist=31/141 right=1:-1.15@85,82 dx=1.2 idx=0/14 dist=33/251 sel=1:-1.15@85,83 dx=1.2 idx=0/16 dist=32/248 edge=1:-2.69@87.0,79.5 dx=3.0 width=50.0 l=62,79 r=112,80
CxScan: raw_ref=80.0 edge=87.0,79.5 best_raw_x=90 best_err=0.78 best_cxcy=87.9,119.6 scan=0:-28.1,10:-25.3,20:-22.4,30:-19.4,40:-16.2,50:-12.9,60:-9.6,70:-6.1,80:-2.7,90:0.8,100:4.2,110:7.7,120:11.0,130:14.3,140:17.5
ATGSeedDiag: seed=1@22,107/1@140,108 begin=7,108 block=5 clip=8
ATGLptDiag: best=23(87.7) imip=13/33 pass=11111 acc=23 ipm=60.7,62.8 inv=53.0,34.9 | 1(5.1) imip=0/11 pass=10111 acc=-1 ipm=109.6,114.2 inv=135.2,98.0
frame=29 line=1 track=1 cross=0 circle=1(CIRCLE_LEFT_BEGIN) round=0 yroad=0 ramp=0 road=7 speed=0 near=47/124 raw=123/105 sel=124/125 far=0/0 far_raw=0/0 l=1@23/0@-1 far_l=0@-1/0@-1 straight=0/1 far_straight=0/0 circle_cnt=0/0/0/0 lost=0/0 conf=86.2/5.1/0.0/0.0 dist=0 begin=63/0 m0=(84,119) ml=(85,87) md=32/1/130 cxcy=84.0,119.6 guide=-0.99 atg=2.0/1.0/1.0 pure=-0.51/-0.48 yaw=59 cmd=129 actual=-11 signed=1 rps=3623/3977:1286/1417 duty=12/15 pwm=PWM2:12/PWM1:15 motor=2:12/1:15
ATGCorner: L=1@23/0@-1 Y=0@-1/0@-1 farL=0@-1/0@-1 Lxy=60.5,62.9:52.9,34.9/-1.0,-1.0:-1.0,-1.0 Yxy=-1.0,-1.0:-1.0,-1.0/-1.0,-1.0:-1.0,-1.0 farLxy=-1.0,-1.0:-1.0,-1.0/-1.0,-1.0:-1.0,-1.0 best=23:60.5,62.9:52.9,34.9:86.2:11111/1:109.6,114.2:135.2,98.0:5.1:10111 seed_src=lpt/none seed=0.0,0.0/0.0,0.0 far_start=70,0 far_raw=0/0 far_num=0/0 straight=0/1 far_straight=0/0 conf_deg=86.2/5.1/0.0/0.0
CrossDiag: type=CROSS_NONE track=1 half_lr=0/0 nearL=1@23/0@-1 nearNum=47/124 centerNum=47/124 farL=0@-1/0@-1 farNum=0/0 farRaw=0/0 lost=0/0 not_have=0 final=124/125 flags=0/0
LineErr: aim=33 cxcy=84.0,119.6 left=1:-3.48@88,82 dx=3.7 idx=0/14 dist=32/140 right=1:-1.31@85,82 dx=1.4 idx=0/14 dist=33/251 sel=1:-1.31@85,83 dx=1.4 idx=0/16 dist=32/248 edge=1:-2.69@87.0,79.5 dx=3.0 width=50.0 l=62,79 r=112,80
CxScan: raw_ref=80.0 edge=87.0,79.5 best_raw_x=90 best_err=0.78 best_cxcy=87.9,119.6 scan=0:-28.1,10:-25.3,20:-22.4,30:-19.4,40:-16.2,50:-12.9,60:-9.6,70:-6.1,80:-2.7,90:0.8,100:4.2,110:7.7,120:11.0,130:14.3,140:17.5
ATGSeedDiag: seed=1@22,107/1@140,108 begin=7,108 block=5 clip=8
ATGLptDiag: best=23(86.2) imip=13/33 pass=11111 acc=23 ipm=60.5,62.9 inv=52.9,34.9 | 1(5.1) imip=0/11 pass=10111 acc=-1 ipm=109.6,114.2 inv=135.2,98.0
frame=30 line=1 track=1 cross=0 circle=1(CIRCLE_LEFT_BEGIN) round=0 yroad=0 ramp=0 road=7 speed=0 near=47/124 raw=124/105 sel=124/125 far=0/0 far_raw=0/0 l=1@23/0@-1 far_l=0@-1/0@-1 straight=0/1 far_straight=0/0 circle_cnt=0/0/0/0 lost=0/0 conf=87.5/5.1/0.0/0.0 dist=0 begin=67/0 m0=(84,119) ml=(85,87) md=32/1/130 cxcy=84.0,119.6 guide=-0.99 atg=2.0/1.0/1.0 pure=-0.51/-0.48 yaw=59 cmd=131 actual=-12 signed=1 rps=3621/3979:1314/1456 duty=12/15 pwm=PWM2:12/PWM1:15 motor=2:12/1:15
ATGCorner: L=1@23/0@-1 Y=0@-1/0@-1 farL=0@-1/0@-1 Lxy=60.7,63.1:53.0,35.1/-1.0,-1.0:-1.0,-1.0 Yxy=-1.0,-1.0:-1.0,-1.0/-1.0,-1.0:-1.0,-1.0 farLxy=-1.0,-1.0:-1.0,-1.0/-1.0,-1.0:-1.0,-1.0 best=23:60.7,63.1:53.0,35.1:87.5:11111/1:109.6,114.2:135.2,98.0:5.1:10111 seed_src=lpt/none seed=0.0,0.0/0.0,0.0 far_start=70,0 far_raw=0/0 far_num=0/0 straight=0/1 far_straight=0/0 conf_deg=87.5/5.1/0.0/0.0
CrossDiag: type=CROSS_NONE track=1 half_lr=0/0 nearL=1@23/0@-1 nearNum=47/124 centerNum=47/124 farL=0@-1/0@-1 farNum=0/0 farRaw=0/0 lost=0/0 not_have=0 final=124/125 flags=0/0
LineErr: aim=33 cxcy=84.0,119.6 left=1:-3.40@88,83 dx=3.6 idx=0/14 dist=32/140 right=1:-1.31@85,82 dx=1.4 idx=0/14 dist=33/251 sel=1:-1.31@85,83 dx=1.4 idx=0/16 dist=32/248 edge=1:-2.69@87.0,79.5 dx=3.0 width=50.0 l=62,79 r=112,80
CxScan: raw_ref=80.0 edge=87.0,79.5 best_raw_x=90 best_err=0.78 best_cxcy=87.9,119.6 scan=0:-28.1,10:-25.3,20:-22.4,30:-19.4,40:-16.2,50:-12.9,60:-9.6,70:-6.1,80:-2.7,90:0.8,100:4.2,110:7.7,120:11.0,130:14.3,140:17.5
ATGSeedDiag: seed=1@22,108/1@140,108 begin=7,108 block=5 clip=8
ATGLptDiag: best=23(87.5) imip=13/33 pass=11111 acc=23 ipm=60.7,63.1 inv=53.0,35.1 | 1(5.1) imip=0/11 pass=10111 acc=-1 ipm=109.6,114.2 inv=135.2,98.0
frame=32 line=1 track=1 cross=0 circle=1(CIRCLE_LEFT_BEGIN) round=0 yroad=0 ramp=0 road=7 speed=0 near=46/124 raw=124/104 sel=124/125 far=0/0 far_raw=0/0 l=1@23/0@-1 far_l=0@-1/0@-1 straight=0/1 far_straight=0/0 circle_cnt=0/0/0/0 lost=0/0 conf=88.6/3.3/0.0/0.0 dist=0 begin=75/0 m0=(84,119) ml=(85,87) md=32/1/130 cxcy=84.0,119.6 guide=-1.15 atg=2.0/1.0/1.0 pure=-0.52/-0.50 yaw=69 cmd=158 actual=-20 signed=1 rps=3583/4017:1380/1475 duty=12/15 pwm=PWM2:12/PWM1:15 motor=2:12/1:15
ATGCorner: L=1@23/0@-1 Y=0@-1/0@-1 farL=0@-1/0@-1 Lxy=60.7,63.2:53.0,35.1/-1.0,-1.0:-1.0,-1.0 Yxy=-1.0,-1.0:-1.0,-1.0/-1.0,-1.0:-1.0,-1.0 farLxy=-1.0,-1.0:-1.0,-1.0/-1.0,-1.0:-1.0,-1.0 best=23:60.7,63.2:53.0,35.1:88.6:11111/2:110.0,111.6:131.6,90.7:3.3:10111 seed_src=lpt/none seed=0.0,0.0/0.0,0.0 far_start=70,0 far_raw=0/0 far_num=0/0 straight=0/1 far_straight=0/0 conf_deg=88.6/3.3/0.0/0.0
CrossDiag: type=CROSS_NONE track=1 half_lr=0/0 nearL=1@23/0@-1 nearNum=46/124 centerNum=46/124 farL=0@-1/0@-1 farNum=0/0 farRaw=0/0 lost=0/0 not_have=0 final=124/125 flags=0/0
LineErr: aim=33 cxcy=84.0,119.6 left=1:-3.48@88,83 dx=3.7 idx=0/14 dist=32/144 right=1:-1.39@85,82 dx=1.5 idx=0/14 dist=33/251 sel=1:-1.36@85,83 dx=1.4 idx=0/16 dist=32/248 edge=1:-2.67@87.0,79.0 dx=3.0 width=50.0 l=62,79 r=112,79
CxScan: raw_ref=80.0 edge=87.0,79.0 best_raw_x=90 best_err=0.77 best_cxcy=87.9,119.6 scan=0:-28.0,10:-25.2,20:-22.2,30:-19.2,40:-16.1,50:-12.8,60:-9.5,70:-6.1,80:-2.7,90:0.8,100:4.2,110:7.6,120:10.9,130:14.2,140:17.4
ATGSeedDiag: seed=1@22,108/1@140,107 begin=7,108 block=5 clip=8
ATGLptDiag: best=23(88.6) imip=13/33 pass=11111 acc=23 ipm=60.7,63.2 inv=53.0,35.1 | 2(3.3) imip=0/12 pass=10111 acc=-1 ipm=110.0,111.6 inv=131.6,90.7
frame=33 line=1 track=1 cross=0 circle=1(CIRCLE_LEFT_BEGIN) round=0 yroad=0 ramp=0 road=7 speed=0 near=46/124 raw=123/105 sel=124/126 far=0/0 far_raw=0/0 l=1@23/0@-1 far_l=0@-1/0@-1 straight=0/1 far_straight=0/0 circle_cnt=0/0/0/0 lost=0/0 conf=85.4/4.1/0.0/0.0 dist=0 begin=79/0 m0=(84,119) ml=(85,87) md=32/1/132 cxcy=84.0,119.6 guide=-1.15 atg=2.0/1.0/2.0 pure=-0.52/-0.50 yaw=69 cmd=165 actual=-26 signed=1 rps=3574/4026:1438/1531 duty=11/15 pwm=PWM2:11/PWM1:15 motor=2:11/1:15
ATGCorner: L=1@23/0@-1 Y=0@-1/0@-1 farL=0@-1/0@-1 Lxy=59.9,63.5:52.2,35.2/-1.0,-1.0:-1.0,-1.0 Yxy=-1.0,-1.0:-1.0,-1.0/-1.0,-1.0:-1.0,-1.0 farLxy=-1.0,-1.0:-1.0,-1.0/-1.0,-1.0:-1.0,-1.0 best=23:59.9,63.5:52.2,35.2:85.4:11111/54:120.9,-8.2:91.3,14.8:4.1:10101 seed_src=lpt/none seed=0.0,0.0/0.0,0.0 far_start=70,0 far_raw=0/0 far_num=0/0 straight=0/1 far_straight=0/0 conf_deg=85.4/4.1/0.0/0.0
CrossDiag: type=CROSS_NONE track=1 half_lr=0/0 nearL=1@23/0@-1 nearNum=46/124 centerNum=46/124 farL=0@-1/0@-1 farNum=0/0 farRaw=0/0 lost=0/0 not_have=0 final=124/126 flags=0/0
LineErr: aim=33 cxcy=84.0,119.6 left=1:-3.43@88,82 dx=3.6 idx=0/14 dist=32/141 right=1:-1.37@85,82 dx=1.4 idx=0/14 dist=33/251 sel=1:-1.36@85,83 dx=1.4 idx=0/16 dist=32/250 edge=1:-2.69@87.0,79.5 dx=3.0 width=50.0 l=62,79 r=112,80
CxScan: raw_ref=80.0 edge=87.0,79.5 best_raw_x=90 best_err=0.78 best_cxcy=87.9,119.6 scan=0:-28.1,10:-25.3,20:-22.4,30:-19.4,40:-16.2,50:-12.9,60:-9.6,70:-6.1,80:-2.7,90:0.8,100:4.2,110:7.7,120:11.0,130:14.3,140:17.5
ATGSeedDiag: seed=1@22,108/1@140,108 begin=7,108 block=5 clip=8
ATGLptDiag: best=23(85.4) imip=13/33 pass=11111 acc=23 ipm=59.9,63.5 inv=52.2,35.2 | 54(4.1) imip=44/64 pass=10101 acc=-1 ipm=120.9,-8.2 inv=91.3,14.8
frame=34 line=1 track=1 cross=0 circle=1(CIRCLE_LEFT_BEGIN) round=0 yroad=0 ramp=0 road=7 speed=0 near=46/124 raw=123/104 sel=124/125 far=0/0 far_raw=0/0 l=1@23/0@-1 far_l=0@-1/0@-1 straight=0/1 far_straight=0/0 circle_cnt=0/0/0/0 lost=0/0 conf=84.0/3.6/0.0/0.0 dist=0 begin=83/0 m0=(84,119) ml=(85,87) md=32/1/130 cxcy=84.0,119.6 guide=-1.15 atg=2.0/1.0/1.0 pure=-0.52/-0.50 yaw=69 cmd=168 actual=-29 signed=1 rps=3570/4030:1497/1544 duty=11/15 pwm=PWM2:11/PWM1:15 motor=2:11/1:15
ATGCorner: L=1@23/0@-1 Y=0@-1/0@-1 farL=0@-1/0@-1 Lxy=59.8,63.6:52.0,35.3/-1.0,-1.0:-1.0,-1.0 Yxy=-1.0,-1.0:-1.0,-1.0/-1.0,-1.0:-1.0,-1.0 farLxy=-1.0,-1.0:-1.0,-1.0/-1.0,-1.0:-1.0,-1.0 best=23:59.8,63.6:52.0,35.3:84.0:11111/1:109.8,113.9:135.1,97.1:3.6:10111 seed_src=lpt/none seed=0.0,0.0/0.0,0.0 far_start=70,0 far_raw=0/0 far_num=0/0 straight=0/1 far_straight=0/0 conf_deg=84.0/3.6/0.0/0.0
CrossDiag: type=CROSS_NONE track=1 half_lr=0/0 nearL=1@23/0@-1 nearNum=46/124 centerNum=46/124 farL=0@-1/0@-1 farNum=0/0 farRaw=0/0 lost=0/0 not_have=0 final=124/125 flags=0/0
LineErr: aim=33 cxcy=84.0,119.6 left=1:-3.61@88,82 dx=3.8 idx=0/14 dist=32/141 right=1:-1.39@85,82 dx=1.5 idx=0/14 dist=33/251 sel=1:-1.36@85,82 dx=1.4 idx=0/16 dist=32/248 edge=1:-2.67@87.0,79.0 dx=3.0 width=50.0 l=62,79 r=112,79
CxScan: raw_ref=80.0 edge=87.0,79.0 best_raw_x=90 best_err=0.77 best_cxcy=87.9,119.6 scan=0:-28.0,10:-25.2,20:-22.2,30:-19.2,40:-16.1,50:-12.8,60:-9.5,70:-6.1,80:-2.7,90:0.8,100:4.2,110:7.6,120:10.9,130:14.2,140:17.4
ATGSeedDiag: seed=1@22,108/1@140,107 begin=7,108 block=5 clip=8
ATGLptDiag: best=23(84.0) imip=13/33 pass=11111 acc=23 ipm=59.8,63.6 inv=52.0,35.3 | 1(3.6) imip=0/11 pass=10111 acc=-1 ipm=109.8,113.9 inv=135.1,97.1
frame=35 line=1 track=1 cross=0 circle=1(CIRCLE_LEFT_BEGIN) round=0 yroad=0 ramp=0 road=7 speed=0 near=46/124 raw=123/105 sel=124/125 far=0/0 far_raw=0/0 l=1@22/0@-1 far_l=0@-1/0@-1 straight=0/1 far_straight=0/0 circle_cnt=0/0/0/0 lost=0/0 conf=88.8/4.5/0.0/0.0 dist=0 begin=87/0 m0=(84,119) ml=(85,87) md=32/1/130 cxcy=84.0,119.6 guide=-1.15 atg=2.0/1.0/1.0 pure=-0.52/-0.50 yaw=69 cmd=164 actual=-26 signed=1 rps=3575/4025:1542/1565 duty=11/15 pwm=PWM2:11/PWM1:15 motor=2:11/1:15
ATGCorner: L=1@22/0@-1 Y=0@-1/0@-1 farL=0@-1/0@-1 Lxy=61.4,65.3:53.1,36.2/-1.0,-1.0:-1.0,-1.0 Yxy=-1.0,-1.0:-1.0,-1.0/-1.0,-1.0:-1.0,-1.0 farLxy=-1.0,-1.0:-1.0,-1.0/-1.0,-1.0:-1.0,-1.0 best=22:61.4,65.3:53.1,36.2:88.8:11111/1:109.9,114.2:135.7,98.0:4.5:10111 seed_src=lpt/none seed=0.0,0.0/0.0,0.0 far_start=70,0 far_raw=0/0 far_num=0/0 straight=0/1 far_straight=0/0 conf_deg=88.8/4.5/0.0/0.0
CrossDiag: type=CROSS_NONE track=1 half_lr=0/0 nearL=1@22/0@-1 nearNum=46/124 centerNum=46/124 farL=0@-1/0@-1 farNum=0/0 farRaw=0/0 lost=0/0 not_have=0 final=124/125 flags=0/0
LineErr: aim=33 cxcy=84.0,119.6 left=1:-3.61@88,82 dx=3.8 idx=0/14 dist=32/140 right=1:-1.37@85,82 dx=1.4 idx=0/14 dist=33/251 sel=1:-1.37@85,82 dx=1.4 idx=0/16 dist=32/248 edge=1:-2.69@87.0,79.5 dx=3.0 width=50.0 l=62,79 r=112,80
CxScan: raw_ref=80.0 edge=87.0,79.5 best_raw_x=90 best_err=0.78 best_cxcy=87.9,119.6 scan=0:-28.1,10:-25.3,20:-22.4,30:-19.4,40:-16.2,50:-12.9,60:-9.6,70:-6.1,80:-2.7,90:0.8,100:4.2,110:7.7,120:11.0,130:14.3,140:17.5
ATGSeedDiag: seed=1@22,108/1@141,108 begin=7,108 block=5 clip=8
ATGLptDiag: best=22(88.8) imip=12/32 pass=11111 acc=22 ipm=61.4,65.3 inv=53.1,36.2 | 1(4.5) imip=0/11 pass=10111 acc=-1 ipm=109.9,114.2 inv=135.7,98.0
frame=36 line=1 track=1 cross=0 circle=1(CIRCLE_LEFT_BEGIN) round=0 yroad=0 ramp=0 road=7 speed=0 near=46/124 raw=123/105 sel=124/126 far=0/0 far_raw=0/0 l=1@23/0@-1 far_l=0@-1/0@-1 straight=0/1 far_straight=0/0 circle_cnt=0/0/0/0 lost=0/0 conf=84.5/3.1/0.0/0.0 dist=0 begin=92/0 m0=(84,119) ml=(85,87) md=32/1/132 cxcy=84.0,119.6 guide=-1.15 atg=2.0/1.0/2.0 pure=-0.52/-0.50 yaw=69 cmd=155 actual=-17 signed=1 rps=3587/4013:1564/1564 duty=11/15 pwm=PWM2:11/PWM1:15 motor=2:11/1:15
ATGCorner: L=1@23/0@-1 Y=0@-1/0@-1 farL=0@-1/0@-1 Lxy=59.8,63.6:52.0,35.3/-1.0,-1.0:-1.0,-1.0 Yxy=-1.0,-1.0:-1.0,-1.0/-1.0,-1.0:-1.0,-1.0 farLxy=-1.0,-1.0:-1.0,-1.0/-1.0,-1.0:-1.0,-1.0 best=23:59.8,63.6:52.0,35.3:84.5:11111/1:109.9,114.2:135.7,98.0:3.1:10111 seed_src=lpt/none seed=0.0,0.0/0.0,0.0 far_start=70,0 far_raw=0/0 far_num=0/0 straight=0/1 far_straight=0/0 conf_deg=84.5/3.1/0.0/0.0
CrossDiag: type=CROSS_NONE track=1 half_lr=0/0 nearL=1@23/0@-1 nearNum=46/124 centerNum=46/124 farL=0@-1/0@-1 farNum=0/0 farRaw=0/0 lost=0/0 not_have=0 final=124/126 flags=0/0
LineErr: aim=33 cxcy=84.0,119.6 left=1:-3.41@88,82 dx=3.6 idx=0/14 dist=33/141 right=1:-1.37@85,82 dx=1.4 idx=0/14 dist=33/251 sel=1:-1.37@85,82 dx=1.4 idx=0/16 dist=32/250 edge=1:-2.69@87.0,79.5 dx=3.0 width=50.0 l=62,79 r=112,80
CxScan: raw_ref=80.0 edge=87.0,79.5 best_raw_x=90 best_err=0.78 best_cxcy=87.9,119.6 scan=0:-28.1,10:-25.3,20:-22.4,30:-19.4,40:-16.2,50:-12.9,60:-9.6,70:-6.1,80:-2.7,90:0.8,100:4.2,110:7.7,120:11.0,130:14.3,140:17.5
ATGSeedDiag: seed=1@22,108/1@141,108 begin=7,108 block=5 clip=8
ATGLptDiag: best=23(84.5) imip=13/33 pass=11111 acc=23 ipm=59.8,63.6 inv=52.0,35.3 | 1(3.1) imip=0/11 pass=10111 acc=-1 ipm=109.9,114.2 inv=135.7,98.0
frame=37 line=1 track=1 cross=0 circle=1(CIRCLE_LEFT_BEGIN) round=0 yroad=0 ramp=0 road=7 speed=0 near=46/124 raw=123/105 sel=124/126 far=0/0 far_raw=0/0 l=1@23/0@-1 far_l=0@-1/0@-1 straight=0/1 far_straight=0/0 circle_cnt=0/0/0/0 lost=0/0 conf=84.5/3.0/0.0/0.0 dist=0 begin=96/0 m0=(84,119) ml=(85,87) md=32/1/132 cxcy=84.0,119.6 guide=-1.49 atg=2.0/1.0/2.0 pure=-0.52/-0.50 yaw=89 cmd=186 actual=-7 signed=1 rps=3545/4055:1606/1591 duty=11/15 pwm=PWM2:11/PWM1:15 motor=2:11/1:15
ATGCorner: L=1@23/0@-1 Y=0@-1/0@-1 farL=0@-1/0@-1 Lxy=59.8,63.6:52.0,35.3/-1.0,-1.0:-1.0,-1.0 Yxy=-1.0,-1.0:-1.0,-1.0/-1.0,-1.0:-1.0,-1.0 farLxy=-1.0,-1.0:-1.0,-1.0/-1.0,-1.0:-1.0,-1.0 best=23:59.8,63.6:52.0,35.3:84.5:11111/54:120.9,-8.2:91.3,14.8:3.0:10101 seed_src=lpt/none seed=0.0,0.0/0.0,0.0 far_start=70,0 far_raw=0/0 far_num=0/0 straight=0/1 far_straight=0/0 conf_deg=84.5/3.0/0.0/0.0
CrossDiag: type=CROSS_NONE track=1 half_lr=0/0 nearL=1@23/0@-1 nearNum=46/124 centerNum=46/124 farL=0@-1/0@-1 farNum=0/0 farRaw=0/0 lost=0/0 not_have=0 final=124/126 flags=0/0
LineErr: aim=33 cxcy=84.0,119.6 left=1:-3.41@88,82 dx=3.6 idx=0/14 dist=32/140 right=1:-1.46@86,82 dx=1.5 idx=0/14 dist=33/251 sel=1:-1.46@86,83 dx=1.5 idx=0/16 dist=32/250 edge=1:-2.69@87.0,79.5 dx=3.0 width=50.0 l=62,79 r=112,80
CxScan: raw_ref=80.0 edge=87.0,79.5 best_raw_x=90 best_err=0.78 best_cxcy=87.9,119.6 scan=0:-28.1,10:-25.3,20:-22.4,30:-19.4,40:-16.2,50:-12.9,60:-9.6,70:-6.1,80:-2.7,90:0.8,100:4.2,110:7.7,120:11.0,130:14.3,140:17.5
ATGSeedDiag: seed=1@22,108/1@141,108 begin=7,108 block=5 clip=8
ATGLptDiag: best=23(84.5) imip=13/33 pass=11111 acc=23 ipm=59.8,63.6 inv=52.0,35.3 | 54(3.0) imip=44/64 pass=10101 acc=-1 ipm=120.9,-8.2 inv=91.3,14.8
frame=38 line=1 track=1 cross=0 circle=1(CIRCLE_LEFT_BEGIN) round=0 yroad=0 ramp=0 road=7 speed=0 near=46/124 raw=123/105 sel=124/126 far=0/0 far_raw=0/0 l=1@22/0@-1 far_l=0@-1/0@-1 straight=0/1 far_straight=0/0 circle_cnt=0/0/0/0 lost=0/0 conf=89.0/3.1/0.0/0.0 dist=0 begin=100/0 m0=(84,119) ml=(85,87) md=32/1/132 cxcy=84.0,119.6 guide=-1.15 atg=2.0/1.0/2.0 pure=-0.52/-0.50 yaw=69 cmd=134 actual=4 signed=1 rps=3617/3983:1688/1619 duty=11/15 pwm=PWM2:11/PWM1:15 motor=2:11/1:15
ATGCorner: L=1@22/0@-1 Y=0@-1/0@-1 farL=0@-1/0@-1 Lxy=61.4,65.3:53.1,36.2/-1.0,-1.0:-1.0,-1.0 Yxy=-1.0,-1.0:-1.0,-1.0/-1.0,-1.0:-1.0,-1.0 farLxy=-1.0,-1.0:-1.0,-1.0/-1.0,-1.0:-1.0,-1.0 best=22:61.4,65.3:53.1,36.2:89.0:11111/1:109.9,114.2:135.7,98.0:3.1:10111 seed_src=lpt/none seed=0.0,0.0/0.0,0.0 far_start=70,0 far_raw=0/0 far_num=0/0 straight=0/1 far_straight=0/0 conf_deg=89.0/3.1/0.0/0.0
CrossDiag: type=CROSS_NONE track=1 half_lr=0/0 nearL=1@22/0@-1 nearNum=46/124 centerNum=46/124 farL=0@-1/0@-1 farNum=0/0 farRaw=0/0 lost=0/0 not_have=0 final=124/126 flags=0/0
LineErr: aim=33 cxcy=84.0,119.6 left=1:-3.41@88,82 dx=3.6 idx=0/14 dist=32/140 right=1:-1.37@85,82 dx=1.4 idx=0/14 dist=33/251 sel=1:-1.37@85,82 dx=1.4 idx=0/16 dist=32/250 edge=1:-2.69@87.0,79.5 dx=3.0 width=50.0 l=62,79 r=112,80
CxScan: raw_ref=80.0 edge=87.0,79.5 best_raw_x=90 best_err=0.78 best_cxcy=87.9,119.6 scan=0:-28.1,10:-25.3,20:-22.4,30:-19.4,40:-16.2,50:-12.9,60:-9.6,70:-6.1,80:-2.7,90:0.8,100:4.2,110:7.7,120:11.0,130:14.3,140:17.5
ATGSeedDiag: seed=1@22,108/1@141,108 begin=7,108 block=5 clip=8
ATGLptDiag: best=22(89.0) imip=12/32 pass=11111 acc=22 ipm=61.4,65.3 inv=53.1,36.2 | 1(3.1) imip=0/11 pass=10111 acc=-1 ipm=109.9,114.2 inv=135.7,98.0
frame=39 line=1 track=1 cross=0 circle=1(CIRCLE_LEFT_BEGIN) round=0 yroad=0 ramp=0 road=7 speed=0 near=46/124 raw=123/105 sel=124/125 far=0/0 far_raw=0/0 l=1@22/0@-1 far_l=0@-1/0@-1 straight=0/1 far_straight=0/0 circle_cnt=0/0/0/0 lost=0/0 conf=90.3/8.0/0.0/0.0 dist=0 begin=104/0 m0=(84,119) ml=(85,87) md=32/1/130 cxcy=84.0,119.6 guide=-1.15 atg=2.0/1.0/1.0 pure=-0.52/-0.50 yaw=69 cmd=121 actual=17 signed=1 rps=3634/3966:1729/1634 duty=11/15 pwm=PWM2:11/PWM1:15 motor=2:11/1:15
ATGCorner: L=1@22/0@-1 Y=0@-1/0@-1 farL=0@-1/0@-1 Lxy=61.3,65.3:53.0,36.2/-1.0,-1.0:-1.0,-1.0 Yxy=-1.0,-1.0:-1.0,-1.0/-1.0,-1.0:-1.0,-1.0 farLxy=-1.0,-1.0:-1.0,-1.0/-1.0,-1.0:-1.0,-1.0 best=22:61.3,65.3:53.0,36.2:90.3:11111/1:109.8,114.3:135.5,98.0:8.0:10111 seed_src=lpt/none seed=0.0,0.0/0.0,0.0 far_start=70,0 far_raw=0/0 far_num=0/0 straight=0/1 far_straight=0/0 conf_deg=90.3/8.0/0.0/0.0
CrossDiag: type=CROSS_NONE track=1 half_lr=0/0 nearL=1@22/0@-1 nearNum=46/124 centerNum=46/124 farL=0@-1/0@-1 farNum=0/0 farRaw=0/0 lost=0/0 not_have=0 final=124/125 flags=0/0
LineErr: aim=33 cxcy=84.0,119.6 left=1:-3.38@88,82 dx=3.6 idx=0/14 dist=32/139 right=1:-1.36@85,82 dx=1.4 idx=0/14 dist=33/251 sel=1:-1.36@85,83 dx=1.4 idx=0/16 dist=32/248 edge=1:-2.69@87.0,79.5 dx=3.0 width=50.0 l=62,79 r=112,80
CxScan: raw_ref=80.0 edge=87.0,79.5 best_raw_x=90 best_err=0.78 best_cxcy=87.9,119.6 scan=0:-28.1,10:-25.3,20:-22.4,30:-19.4,40:-16.2,50:-12.9,60:-9.6,70:-6.1,80:-2.7,90:0.8,100:4.2,110:7.7,120:11.0,130:14.3,140:17.5
ATGSeedDiag: seed=1@22,108/1@140,108 begin=7,108 block=5 clip=8
ATGLptDiag: best=22(90.3) imip=12/32 pass=11111 acc=22 ipm=61.3,65.3 inv=53.0,36.2 | 1(8.0) imip=0/11 pass=10111 acc=-1 ipm=109.8,114.3 inv=135.5,98.0
frame=40 line=1 track=1 cross=0 circle=1(CIRCLE_LEFT_BEGIN) round=0 yroad=0 ramp=0 road=7 speed=0 near=45/124 raw=123/105 sel=124/125 far=0/0 far_raw=0/0 l=1@22/0@-1 far_l=0@-1/0@-1 straight=0/1 far_straight=0/0 circle_cnt=0/0/0/0 lost=0/0 conf=90.2/5.1/0.0/0.0 dist=0 begin=108/0 m0=(84,119) ml=(85,87) md=32/1/130 cxcy=84.0,119.6 guide=-0.99 atg=1.0/1.0/1.0 pure=-0.45/-0.48 yaw=59 cmd=85 actual=33 signed=1 rps=3684/3916:1765/1626 duty=11/14 pwm=PWM2:11/PWM1:14 motor=2:11/1:14
ATGCorner: L=1@22/0@-1 Y=0@-1/0@-1 farL=0@-1/0@-1 Lxy=61.3,65.3:53.0,36.2/-1.0,-1.0:-1.0,-1.0 Yxy=-1.0,-1.0:-1.0,-1.0/-1.0,-1.0:-1.0,-1.0 farLxy=-1.0,-1.0:-1.0,-1.0/-1.0,-1.0:-1.0,-1.0 best=22:61.3,65.3:53.0,36.2:90.2:11111/1:109.6,114.2:135.2,98.0:5.1:10111 seed_src=lpt/none seed=0.0,0.0/0.0,0.0 far_start=70,0 far_raw=0/0 far_num=0/0 straight=0/1 far_straight=0/0 conf_deg=90.2/5.1/0.0/0.0
CrossDiag: type=CROSS_NONE track=1 half_lr=0/0 nearL=1@22/0@-1 nearNum=45/124 centerNum=45/124 farL=0@-1/0@-1 farNum=0/0 farRaw=0/0 lost=0/0 not_have=0 final=124/125 flags=0/0
LineErr: aim=33 cxcy=84.0,119.6 left=1:-3.57@88,82 dx=3.8 idx=0/14 dist=32/137 right=1:-1.31@85,83 dx=1.4 idx=0/14 dist=33/251 sel=1:-1.31@85,83 dx=1.4 idx=0/16 dist=32/248 edge=1:-2.69@87.0,79.5 dx=3.0 width=50.0 l=62,79 r=112,80
CxScan: raw_ref=80.0 edge=87.0,79.5 best_raw_x=90 best_err=0.78 best_cxcy=87.9,119.6 scan=0:-28.1,10:-25.3,20:-22.4,30:-19.4,40:-16.2,50:-12.9,60:-9.6,70:-6.1,80:-2.7,90:0.8,100:4.2,110:7.7,120:11.0,130:14.3,140:17.5
ATGSeedDiag: seed=1@22,108/1@140,108 begin=7,108 block=5 clip=8
ATGLptDiag: best=22(90.2) imip=12/32 pass=11111 acc=22 ipm=61.3,65.3 inv=53.0,36.2 | 1(5.1) imip=0/11 pass=10111 acc=-1 ipm=109.6,114.2 inv=135.2,98.0
frame=41 line=1 track=1 cross=0 circle=1(CIRCLE_LEFT_BEGIN) round=0 yroad=0 ramp=0 road=7 speed=0 near=45/124 raw=122/105 sel=124/126 far=0/0 far_raw=0/0 l=1@22/0@-1 far_l=0@-1/0@-1 straight=0/1 far_straight=0/0 circle_cnt=0/0/0/0 lost=0/0 conf=87.0/5.2/0.0/0.0 dist=0 begin=112/0 m0=(84,119) ml=(85,87) md=32/1/130 cxcy=84.0,119.6 guide=-0.99 atg=1.0/1.0/1.0 pure=-0.43/-0.47 yaw=59 cmd=71 actual=47 signed=1 rps=3702/3898:1783/1591 duty=12/14 pwm=PWM2:12/PWM1:14 motor=2:12/1:14
ATGCorner: L=1@22/0@-1 Y=0@-1/0@-1 farL=0@-1/0@-1 Lxy=60.4,65.6:52.1,36.4/-1.0,-1.0:-1.0,-1.0 Yxy=-1.0,-1.0:-1.0,-1.0/-1.0,-1.0:-1.0,-1.0 farLxy=-1.0,-1.0:-1.0,-1.0/-1.0,-1.0:-1.0,-1.0 best=22:60.4,65.6:52.1,36.4:87.0:11111/1:109.6,114.2:135.2,98.0:5.2:10111 seed_src=lpt/none seed=0.0,0.0/0.0,0.0 far_start=70,0 far_raw=0/0 far_num=0/0 straight=0/1 far_straight=0/0 conf_deg=87.0/5.2/0.0/0.0
CrossDiag: type=CROSS_NONE track=1 half_lr=0/0 nearL=1@22/0@-1 nearNum=45/124 centerNum=45/124 farL=0@-1/0@-1 farNum=0/0 farRaw=0/0 lost=0/0 not_have=0 final=124/126 flags=0/0
LineErr: aim=33 cxcy=84.0,119.6 left=1:-3.45@88,81 dx=3.7 idx=0/14 dist=34/140 right=1:-1.00@85,83 dx=1.1 idx=0/14 dist=33/251 sel=1:-1.01@85,83 dx=1.1 idx=0/16 dist=32/250 edge=1:-2.69@87.0,79.5 dx=3.0 width=50.0 l=62,79 r=112,80
CxScan: raw_ref=80.0 edge=87.0,79.5 best_raw_x=90 best_err=0.78 best_cxcy=87.9,119.6 scan=0:-28.1,10:-25.3,20:-22.4,30:-19.4,40:-16.2,50:-12.9,60:-9.6,70:-6.1,80:-2.7,90:0.8,100:4.2,110:7.7,120:11.0,130:14.3,140:17.5
ATGSeedDiag: seed=1@22,108/1@140,108 begin=7,108 block=5 clip=8
ATGLptDiag: best=22(87.0) imip=12/32 pass=11111 acc=22 ipm=60.4,65.6 inv=52.1,36.4 | 1(5.2) imip=0/11 pass=10111 acc=-1 ipm=109.6,114.2 inv=135.2,98.0
frame=42 line=1 track=1 cross=0 circle=1(CIRCLE_LEFT_BEGIN) round=0 yroad=0 ramp=0 road=7 speed=0 near=44/124 raw=121/105 sel=124/126 far=0/0 far_raw=0/0 l=1@22/0@-1 far_l=0@-1/0@-1 straight=0/1 far_straight=0/0 circle_cnt=0/0/0/0 lost=0/0 conf=86.0/5.5/0.0/0.0 dist=0 begin=116/0 m0=(84,119) ml=(85,87) md=32/1/130 cxcy=84.0,119.6 guide=-0.98 atg=1.0/1.0/1.0 pure=-0.43/-0.47 yaw=59 cmd=65 actual=53 signed=1 rps=3711/3889:1692/1501 duty=12/15 pwm=PWM2:12/PWM1:15 motor=2:12/1:15
ATGCorner: L=1@22/0@-1 Y=0@-1/0@-1 farL=0@-1/0@-1 Lxy=60.1,65.5:51.9,36.3/-1.0,-1.0:-1.0,-1.0 Yxy=-1.0,-1.0:-1.0,-1.0/-1.0,-1.0:-1.0,-1.0 farLxy=-1.0,-1.0:-1.0,-1.0/-1.0,-1.0:-1.0,-1.0 best=22:60.1,65.5:51.9,36.3:86.0:11111/1:109.6,114.2:135.2,98.0:5.5:10111 seed_src=lpt/none seed=0.0,0.0/0.0,0.0 far_start=70,0 far_raw=0/0 far_num=0/0 straight=0/1 far_straight=0/0 conf_deg=86.0/5.5/0.0/0.0
CrossDiag: type=CROSS_NONE track=1 half_lr=0/0 nearL=1@22/0@-1 nearNum=44/124 centerNum=44/124 farL=0@-1/0@-1 farNum=0/0 farRaw=0/0 lost=0/0 not_have=0 final=124/126 flags=0/0
LineErr: aim=33 cxcy=84.0,119.6 left=1:-3.23@88,80 dx=3.5 idx=0/14 dist=34/137 right=1:-1.00@85,83 dx=1.0 idx=0/14 dist=33/251 sel=1:-1.02@85,82 dx=1.1 idx=0/16 dist=32/250 edge=1:-2.69@87.0,79.5 dx=3.0 width=50.0 l=62,79 r=112,80
CxScan: raw_ref=80.0 edge=87.0,79.5 best_raw_x=90 best_err=0.78 best_cxcy=87.9,119.6 scan=0:-28.1,10:-25.3,20:-22.4,30:-19.4,40:-16.2,50:-12.9,60:-9.6,70:-6.1,80:-2.7,90:0.8,100:4.2,110:7.7,120:11.0,130:14.3,140:17.5
ATGSeedDiag: seed=1@22,107/1@140,108 begin=7,108 block=5 clip=8
ATGLptDiag: best=22(86.0) imip=12/32 pass=11111 acc=22 ipm=60.1,65.5 inv=51.9,36.3 | 1(5.5) imip=0/11 pass=10111 acc=-1 ipm=109.6,114.2 inv=135.2,98.0
frame=45 line=1 track=1 cross=0 circle=1(CIRCLE_LEFT_BEGIN) round=0 yroad=0 ramp=0 road=7 speed=0 near=44/124 raw=121/105 sel=124/126 far=0/0 far_raw=0/0 l=1@22/0@-1 far_l=0@-1/0@-1 straight=0/1 far_straight=0/0 circle_cnt=0/0/0/0 lost=0/0 conf=84.3/5.1/0.0/0.0 dist=0 begin=131/0 m0=(84,119) ml=(85,87) md=32/1/133 cxcy=84.0,119.6 guide=-1.15 atg=2.0/1.0/1.0 pure=-0.52/-0.50 yaw=69 cmd=135 actual=3 signed=1 rps=3615/3985:1841/1613 duty=11/15 pwm=PWM2:11/PWM1:15 motor=2:11/1:15
ATGCorner: L=1@22/0@-1 Y=0@-1/0@-1 farL=0@-1/0@-1 Lxy=59.7,65.8:51.4,36.5/-1.0,-1.0:-1.0,-1.0 Yxy=-1.0,-1.0:-1.0,-1.0/-1.0,-1.0:-1.0,-1.0 farLxy=-1.0,-1.0:-1.0,-1.0/-1.0,-1.0:-1.0,-1.0 best=22:59.7,65.8:51.4,36.5:84.3:11111/1:109.6,114.2:135.2,98.0:5.1:10111 seed_src=lpt/none seed=0.0,0.0/0.0,0.0 far_start=70,0 far_raw=0/0 far_num=0/0 straight=0/1 far_straight=0/0 conf_deg=84.3/5.1/0.0/0.0
CrossDiag: type=CROSS_NONE track=1 half_lr=0/0 nearL=1@22/0@-1 nearNum=44/124 centerNum=44/124 farL=0@-1/0@-1 farNum=0/0 farRaw=0/0 lost=0/0 not_have=0 final=124/126 flags=0/0
LineErr: aim=33 cxcy=84.0,119.6 left=1:-3.11@87,81 dx=3.4 idx=0/14 dist=34/135 right=1:-1.37@85,82 dx=1.4 idx=0/14 dist=33/251 sel=1:-1.36@85,83 dx=1.4 idx=0/16 dist=32/250 edge=1:-2.69@87.0,79.5 dx=3.0 width=50.0 l=62,79 r=112,80
CxScan: raw_ref=80.0 edge=87.0,79.5 best_raw_x=90 best_err=0.78 best_cxcy=87.9,119.6 scan=0:-28.1,10:-25.3,20:-22.4,30:-19.4,40:-16.2,50:-12.9,60:-9.6,70:-6.1,80:-2.7,90:0.8,100:4.2,110:7.7,120:11.0,130:14.3,140:17.5
ATGSeedDiag: seed=1@22,108/1@140,108 begin=7,108 block=5 clip=8
ATGLptDiag: best=22(84.3) imip=12/32 pass=11111 acc=22 ipm=59.7,65.8 inv=51.4,36.5 | 1(5.1) imip=0/11 pass=10111 acc=-1 ipm=109.6,114.2 inv=135.2,98.0
frame=47 line=1 track=1 cross=0 circle=1(CIRCLE_LEFT_BEGIN) round=0 yroad=0 ramp=0 road=7 speed=0 near=44/124 raw=121/105 sel=124/126 far=0/0 far_raw=0/0 l=1@22/0@-1 far_l=0@-1/0@-1 straight=0/1 far_straight=0/0 circle_cnt=0/0/0/0 lost=0/0 conf=86.0/9.6/0.0/0.0 dist=0 begin=141/0 m0=(84,119) ml=(85,87) md=32/1/132 cxcy=84.0,119.6 guide=-1.15 atg=2.0/1.0/1.0 pure=-0.52/-0.52 yaw=69 cmd=186 actual=-48 signed=1 rps=3545/4055:1956/1685 duty=11/15 pwm=PWM2:11/PWM1:15 motor=2:11/1:15
ATGCorner: L=1@22/0@-1 Y=0@-1/0@-1 farL=0@-1/0@-1 Lxy=59.8,65.9:51.5,36.5/-1.0,-1.0:-1.0,-1.0 Yxy=-1.0,-1.0:-1.0,-1.0/-1.0,-1.0:-1.0,-1.0 farLxy=-1.0,-1.0:-1.0,-1.0/-1.0,-1.0:-1.0,-1.0 best=22:59.8,65.9:51.5,36.5:86.0:11111/1:109.9,114.3:135.8,98.1:9.6:10111 seed_src=lpt/none seed=0.0,0.0/0.0,0.0 far_start=70,0 far_raw=0/0 far_num=0/0 straight=0/1 far_straight=0/0 conf_deg=86.0/9.6/0.0/0.0
CrossDiag: type=CROSS_NONE track=1 half_lr=0/0 nearL=1@22/0@-1 nearNum=44/124 centerNum=44/124 farL=0@-1/0@-1 farNum=0/0 farRaw=0/0 lost=0/0 not_have=0 final=124/126 flags=0/0
LineErr: aim=33 cxcy=84.0,119.6 left=1:-3.68@88,84 dx=3.8 idx=0/13 dist=31/136 right=1:-1.36@85,83 dx=1.4 idx=0/14 dist=33/251 sel=1:-1.37@85,82 dx=1.4 idx=0/16 dist=32/250 edge=1:-2.69@87.0,79.5 dx=3.0 width=50.0 l=62,79 r=112,80
CxScan: raw_ref=80.0 edge=87.0,79.5 best_raw_x=90 best_err=0.78 best_cxcy=87.9,119.6 scan=0:-28.1,10:-25.3,20:-22.4,30:-19.4,40:-16.2,50:-12.9,60:-9.6,70:-6.1,80:-2.7,90:0.8,100:4.2,110:7.7,120:11.0,130:14.3,140:17.5
ATGSeedDiag: seed=1@22,108/1@140,108 begin=7,108 block=5 clip=8
ATGLptDiag: best=22(86.0) imip=12/32 pass=11111 acc=22 ipm=59.8,65.9 inv=51.5,36.5 | 1(9.6) imip=0/11 pass=10111 acc=-1 ipm=109.9,114.3 inv=135.8,98.1
frame=48 line=1 track=1 cross=0 circle=1(CIRCLE_LEFT_BEGIN) round=0 yroad=0 ramp=0 road=7 speed=0 near=44/124 raw=121/105 sel=124/126 far=0/0 far_raw=0/0 l=1@22/0@-1 far_l=0@-1/0@-1 straight=0/1 far_straight=0/0 circle_cnt=0/0/0/0 lost=0/0 conf=86.0/4.1/0.0/0.0 dist=0 begin=146/0 m0=(84,119) ml=(85,87) md=32/1/132 cxcy=84.0,119.6 guide=-1.49 atg=2.0/1.0/2.0 pure=-0.52/-0.55 yaw=89 cmd=247 actual=-69 signed=1 rps=3461/4139:1970/1712 duty=10/15 pwm=PWM2:10/PWM1:15 motor=2:10/1:15
ATGCorner: L=1@22/0@-1 Y=0@-1/0@-1 farL=0@-1/0@-1 Lxy=59.7,65.9:51.5,36.5/-1.0,-1.0:-1.0,-1.0 Yxy=-1.0,-1.0:-1.0,-1.0/-1.0,-1.0:-1.0,-1.0 farLxy=-1.0,-1.0:-1.0,-1.0/-1.0,-1.0:-1.0,-1.0 best=22:59.7,65.9:51.5,36.5:86.0:11111/51:120.7,-1.2:92.1,15.9:4.1:10101 seed_src=lpt/none seed=0.0,0.0/0.0,0.0 far_start=70,0 far_raw=0/0 far_num=0/0 straight=0/1 far_straight=0/0 conf_deg=86.0/4.1/0.0/0.0
CrossDiag: type=CROSS_NONE track=1 half_lr=0/0 nearL=1@22/0@-1 nearNum=44/124 centerNum=44/124 farL=0@-1/0@-1 farNum=0/0 farRaw=0/0 lost=0/0 not_have=0 final=124/126 flags=0/0
LineErr: aim=33 cxcy=84.0,119.6 left=1:-3.67@88,84 dx=3.7 idx=0/13 dist=31/137 right=1:-1.45@86,83 dx=1.5 idx=0/14 dist=33/251 sel=1:-1.46@86,83 dx=1.5 idx=0/16 dist=32/250 edge=1:-2.69@87.0,79.5 dx=3.0 width=50.0 l=62,79 r=112,80
CxScan: raw_ref=80.0 edge=87.0,79.5 best_raw_x=90 best_err=0.78 best_cxcy=87.9,119.6 scan=0:-28.1,10:-25.3,20:-22.4,30:-19.4,40:-16.2,50:-12.9,60:-9.6,70:-6.1,80:-2.7,90:0.8,100:4.2,110:7.7,120:11.0,130:14.3,140:17.5
ATGSeedDiag: seed=1@22,108/1@141,108 begin=7,108 block=5 clip=8
ATGLptDiag: best=22(86.0) imip=12/32 pass=11111 acc=22 ipm=59.7,65.9 inv=51.5,36.5 | 51(4.1) imip=41/61 pass=10101 acc=-1 ipm=120.7,-1.2 inv=92.1,15.9
frame=49 line=1 track=1 cross=0 circle=1(CIRCLE_LEFT_BEGIN) round=0 yroad=0 ramp=0 road=7 speed=0 near=44/124 raw=121/105 sel=124/126 far=0/0 far_raw=0/0 l=1@22/0@-1 far_l=0@-1/0@-1 straight=0/1 far_straight=0/0 circle_cnt=0/0/0/0 lost=0/0 conf=85.7/3.5/0.0/0.0 dist=0 begin=151/0 m0=(84,119) ml=(86,87) md=32/1/132 cxcy=84.0,119.6 guide=-1.83 atg=2.0/2.0/2.0 pure=-0.60/-0.58 yaw=110 cmd=300 actual=-81 signed=1 rps=3389/4211:1992/1772 duty=10/16 pwm=PWM2:10/PWM1:16 motor=2:10/1:16
ATGCorner: L=1@22/0@-1 Y=0@-1/0@-1 farL=0@-1/0@-1 Lxy=59.7,65.8:51.4,36.5/-1.0,-1.0:-1.0,-1.0 Yxy=-1.0,-1.0:-1.0,-1.0/-1.0,-1.0:-1.0,-1.0 farLxy=-1.0,-1.0:-1.0,-1.0/-1.0,-1.0:-1.0,-1.0 best=22:59.7,65.8:51.4,36.5:85.7:11111/3:110.5,109.6:129.6,85.7:3.5:10111 seed_src=lpt/none seed=0.0,0.0/0.0,0.0 far_start=70,0 far_raw=0/0 far_num=0/0 straight=0/1 far_straight=0/0 conf_deg=85.7/3.5/0.0/0.0
CrossDiag: type=CROSS_NONE track=1 half_lr=0/0 nearL=1@22/0@-1 nearNum=44/124 centerNum=44/124 farL=0@-1/0@-1 farNum=0/0 farRaw=0/0 lost=0/0 not_have=0 final=124/126 flags=0/0
LineErr: aim=33 cxcy=84.0,119.6 left=1:-3.68@88,84 dx=3.8 idx=0/13 dist=31/136 right=1:-1.77@86,82 dx=1.9 idx=0/14 dist=33/251 sel=1:-1.76@86,83 dx=1.8 idx=0/16 dist=32/250 edge=1:-2.69@87.0,79.5 dx=3.0 width=50.0 l=62,79 r=112,80
CxScan: raw_ref=80.0 edge=87.0,79.5 best_raw_x=90 best_err=0.78 best_cxcy=87.9,119.6 scan=0:-28.1,10:-25.3,20:-22.4,30:-19.4,40:-16.2,50:-12.9,60:-9.6,70:-6.1,80:-2.7,90:0.8,100:4.2,110:7.7,120:11.0,130:14.3,140:17.5
ATGSeedDiag: seed=1@22,108/1@141,108 begin=7,108 block=5 clip=8
ATGLptDiag: best=22(85.7) imip=12/32 pass=11111 acc=22 ipm=59.7,65.8 inv=51.4,36.5 | 3(3.5) imip=0/13 pass=10111 acc=-1 ipm=110.5,109.6 inv=129.6,85.7
frame=50 line=1 track=1 cross=0 circle=1(CIRCLE_LEFT_BEGIN) round=0 yroad=0 ramp=0 road=7 speed=0 near=44/124 raw=121/105 sel=124/126 far=0/0 far_raw=0/0 l=1@22/0@-1 far_l=0@-1/0@-1 straight=0/1 far_straight=0/0 circle_cnt=0/0/0/0 lost=0/0 conf=84.4/5.0/0.0/0.0 dist=0 begin=156/0 m0=(84,119) ml=(86,87) md=32/1/135 cxcy=84.0,119.6 guide=-2.00 atg=3.0/2.0/3.0 pure=-0.68/-0.61 yaw=120 cmd=320 actual=-80 signed=1 rps=3362/4238:1918/1754 duty=10/16 pwm=PWM2:10/PWM1:16 motor=2:10/1:16
ATGCorner: L=1@22/0@-1 Y=0@-1/0@-1 farL=0@-1/0@-1 Lxy=59.7,65.8:51.4,36.5/-1.0,-1.0:-1.0,-1.0 Yxy=-1.0,-1.0:-1.0,-1.0/-1.0,-1.0:-1.0,-1.0 farLxy=-1.0,-1.0:-1.0,-1.0/-1.0,-1.0:-1.0,-1.0 best=22:59.7,65.8:51.4,36.5:84.4:11111/1:110.1,114.2:136.3,98.0:5.0:10111 seed_src=lpt/none seed=0.0,0.0/0.0,0.0 far_start=70,0 far_raw=0/0 far_num=0/0 straight=0/1 far_straight=0/0 conf_deg=84.4/5.0/0.0/0.0
CrossDiag: type=CROSS_NONE track=1 half_lr=0/0 nearL=1@22/0@-1 nearNum=44/124 centerNum=44/124 farL=0@-1/0@-1 farNum=0/0 farRaw=0/0 lost=0/0 not_have=0 final=124/126 flags=0/0
LineErr: aim=33 cxcy=84.0,119.6 left=1:-3.12@87,81 dx=3.4 idx=0/14 dist=34/137 right=1:-2.00@86,84 dx=2.0 idx=0/13 dist=32/252 sel=1:-2.14@86,83 dx=2.3 idx=0/16 dist=32/250 edge=1:-3.14@87.5,79.5 dx=3.5 width=51.0 l=62,79 r=113,80
CxScan: raw_ref=80.0 edge=87.5,79.5 best_raw_x=90 best_err=0.32 best_cxcy=87.9,119.6 scan=0:-28.5,10:-25.7,20:-22.8,30:-19.8,40:-16.6,50:-13.3,60:-10.0,70:-6.6,80:-3.1,90:0.3,100:3.8,110:7.2,120:10.6,130:13.9,140:17.1
ATGSeedDiag: seed=1@22,108/1@141,108 begin=7,108 block=5 clip=8
ATGLptDiag: best=22(84.4) imip=12/32 pass=11111 acc=22 ipm=59.7,65.8 inv=51.4,36.5 | 1(5.0) imip=0/11 pass=10111 acc=-1 ipm=110.1,114.2 inv=136.3,98.0
frame=51 line=1 track=1 cross=0 circle=1(CIRCLE_LEFT_BEGIN) round=0 yroad=0 ramp=0 road=7 speed=0 near=44/124 raw=120/105 sel=124/126 far=0/0 far_raw=0/0 l=1@22/0@-1 far_l=0@-1/0@-1 straight=0/1 far_straight=0/0 circle_cnt=0/0/0/0 lost=0/0 conf=85.3/8.7/0.0/0.0 dist=0 begin=161/0 m0=(84,119) ml=(86,87) md=32/1/135 cxcy=84.0,119.6 guide=-2.33 atg=4.0/2.0/3.0 pure=-0.75/-0.64 yaw=140 cmd=340 actual=-64 signed=1 rps=3334/4266:1981/1915 duty=10/16 pwm=PWM2:10/PWM1:16 motor=2:10/1:16
ATGCorner: L=1@22/0@-1 Y=0@-1/0@-1 farL=0@-1/0@-1 Lxy=59.5,65.4:51.3,36.3/-1.0,-1.0:-1.0,-1.0 Yxy=-1.0,-1.0:-1.0,-1.0/-1.0,-1.0:-1.0,-1.0 farLxy=-1.0,-1.0:-1.0,-1.0/-1.0,-1.0:-1.0,-1.0 best=22:59.5,65.4:51.3,36.3:85.3:11111/1:110.3,114.3:136.7,98.1:8.7:10111 seed_src=lpt/none seed=0.0,0.0/0.0,0.0 far_start=70,0 far_raw=0/0 far_num=0/0 straight=0/1 far_straight=0/0 conf_deg=85.3/8.7/0.0/0.0
CrossDiag: type=CROSS_NONE track=1 half_lr=0/0 nearL=1@22/0@-1 nearNum=44/124 centerNum=44/124 farL=0@-1/0@-1 farNum=0/0 farRaw=0/0 lost=0/0 not_have=0 final=124/126 flags=0/0
LineErr: aim=33 cxcy=84.0,119.6 left=1:-3.28@87,84 dx=3.4 idx=0/13 dist=31/136 right=1:-2.39@86,84 dx=2.4 idx=0/13 dist=32/252 sel=1:-2.52@87,83 dx=2.7 idx=0/16 dist=32/250 edge=1:-3.14@87.5,79.5 dx=3.5 width=51.0 l=62,79 r=113,80
CxScan: raw_ref=80.0 edge=87.5,79.5 best_raw_x=90 best_err=0.32 best_cxcy=87.9,119.6 scan=0:-28.5,10:-25.7,20:-22.8,30:-19.8,40:-16.6,50:-13.3,60:-10.0,70:-6.6,80:-3.1,90:0.3,100:3.8,110:7.2,120:10.6,130:13.9,140:17.1
ATGSeedDiag: seed=1@22,107/1@141,108 begin=7,108 block=5 clip=8
ATGLptDiag: best=22(85.3) imip=12/32 pass=11111 acc=22 ipm=59.5,65.4 inv=51.3,36.3 | 1(8.7) imip=0/11 pass=10111 acc=-1 ipm=110.3,114.3 inv=136.7,98.1
frame=52 line=1 track=1 cross=0 circle=1(CIRCLE_LEFT_BEGIN) round=0 yroad=0 ramp=0 road=7 speed=0 near=45/124 raw=121/104 sel=124/126 far=0/0 far_raw=0/0 l=1@22/0@-1 far_l=0@-1/0@-1 straight=0/1 far_straight=0/0 circle_cnt=0/0/0/0 lost=0/0 conf=88.5/4.9/0.0/0.0 dist=0 begin=167/0 m0=(84,119) ml=(86,87) md=32/1/135 cxcy=84.0,119.6 guide=-2.50 atg=4.0/2.0/3.0 pure=-0.76/-0.64 yaw=150 cmd=314 actual=-13 signed=1 rps=3370/4230:1940/2002 duty=10/15 pwm=PWM2:10/PWM1:15 motor=2:10/1:15
ATGCorner: L=1@22/0@-1 Y=0@-1/0@-1 farL=0@-1/0@-1 Lxy=60.2,65.1:52.1,36.1/-1.0,-1.0:-1.0,-1.0 Yxy=-1.0,-1.0:-1.0,-1.0/-1.0,-1.0:-1.0,-1.0 farLxy=-1.0,-1.0:-1.0,-1.0/-1.0,-1.0:-1.0,-1.0 best=22:60.2,65.1:52.1,36.1:88.5:11111/1:110.4,114.0:136.3,97.1:4.9:10111 seed_src=lpt/none seed=0.0,0.0/0.0,0.0 far_start=70,0 far_raw=0/0 far_num=0/0 straight=0/1 far_straight=0/0 conf_deg=88.5/4.9/0.0/0.0
CrossDiag: type=CROSS_NONE track=1 half_lr=0/0 nearL=1@22/0@-1 nearNum=45/124 centerNum=45/124 farL=0@-1/0@-1 farNum=0/0 farRaw=0/0 lost=0/0 not_have=0 final=124/126 flags=0/0
LineErr: aim=33 cxcy=84.0,119.6 left=1:-2.85@87,81 dx=3.1 idx=0/14 dist=32/137 right=1:-2.45@87,84 dx=2.5 idx=0/13 dist=32/252 sel=1:-2.54@87,83 dx=2.7 idx=0/16 dist=32/250 edge=1:-2.67@87.0,79.0 dx=3.0 width=52.0 l=61,79 r=113,79
CxScan: raw_ref=80.0 edge=87.0,79.0 best_raw_x=90 best_err=0.77 best_cxcy=87.9,119.6 scan=0:-28.0,10:-25.2,20:-22.2,30:-19.2,40:-16.1,50:-12.8,60:-9.5,70:-6.1,80:-2.7,90:0.8,100:4.2,110:7.6,120:10.9,130:14.2,140:17.4
ATGSeedDiag: seed=1@22,107/1@141,107 begin=7,108 block=5 clip=8
ATGLptDiag: best=22(88.5) imip=12/32 pass=11111 acc=22 ipm=60.2,65.1 inv=52.1,36.1 | 1(4.9) imip=0/11 pass=10111 acc=-1 ipm=110.4,114.0 inv=136.3,97.1
frame=53 line=1 track=1 cross=0 circle=1(CIRCLE_LEFT_BEGIN) round=0 yroad=0 ramp=0 road=7 speed=0 near=45/124 raw=122/104 sel=124/126 far=0/0 far_raw=0/0 l=1@22/0@-1 far_l=0@-1/0@-1 straight=0/1 far_straight=0/0 circle_cnt=0/0/0/0 lost=0/0 conf=89.0/4.9/0.0/0.0 dist=0 begin=172/0 m0=(84,119) ml=(86,87) md=32/1/135 cxcy=84.0,119.6 guide=-2.50 atg=4.0/2.0/3.0 pure=-0.76/-0.64 yaw=150 cmd=262 actual=38 signed=1 rps=3441/4159:1886/2069 duty=11/15 pwm=PWM2:11/PWM1:15 motor=2:11/1:15
ATGCorner: L=1@22/0@-1 Y=0@-1/0@-1 farL=0@-1/0@-1 Lxy=60.2,65.3:52.1,36.2/-1.0,-1.0:-1.0,-1.0 Yxy=-1.0,-1.0:-1.0,-1.0/-1.0,-1.0:-1.0,-1.0 farLxy=-1.0,-1.0:-1.0,-1.0/-1.0,-1.0:-1.0,-1.0 best=22:60.2,65.3:52.1,36.2:89.0:11111/1:110.4,114.0:136.3,97.1:4.9:10111 seed_src=lpt/none seed=0.0,0.0/0.0,0.0 far_start=70,0 far_raw=0/0 far_num=0/0 straight=0/1 far_straight=0/0 conf_deg=89.0/4.9/0.0/0.0
CrossDiag: type=CROSS_NONE track=1 half_lr=0/0 nearL=1@22/0@-1 nearNum=45/124 centerNum=45/124 farL=0@-1/0@-1 farNum=0/0 farRaw=0/0 lost=0/0 not_have=0 final=124/126 flags=0/0
LineErr: aim=33 cxcy=84.0,119.6 left=1:-2.83@87,81 dx=3.0 idx=0/14 dist=33/138 right=1:-2.46@87,84 dx=2.5 idx=0/13 dist=32/252 sel=1:-2.54@87,83 dx=2.7 idx=0/16 dist=32/250 edge=1:-2.67@87.0,79.0 dx=3.0 width=52.0 l=61,79 r=113,79
CxScan: raw_ref=80.0 edge=87.0,79.0 best_raw_x=90 best_err=0.77 best_cxcy=87.9,119.6 scan=0:-28.0,10:-25.2,20:-22.2,30:-19.2,40:-16.1,50:-12.8,60:-9.5,70:-6.1,80:-2.7,90:0.8,100:4.2,110:7.6,120:10.9,130:14.2,140:17.4
ATGSeedDiag: seed=1@21,108/1@141,107 begin=7,108 block=5 clip=8
ATGLptDiag: best=22(89.0) imip=12/32 pass=11111 acc=22 ipm=60.2,65.3 inv=52.1,36.2 | 1(4.9) imip=0/11 pass=10111 acc=-1 ipm=110.4,114.0 inv=136.3,97.1
frame=54 line=1 track=1 cross=0 circle=1(CIRCLE_LEFT_BEGIN) round=0 yroad=0 ramp=0 road=7 speed=0 near=44/124 raw=122/105 sel=124/126 far=0/0 far_raw=0/0 l=1@22/0@-1 far_l=0@-1/0@-1 straight=0/1 far_straight=0/0 circle_cnt=0/0/0/0 lost=0/0 conf=89.6/4.5/0.0/0.0 dist=0 begin=177/0 m0=(84,119) ml=(86,87) md=32/1/135 cxcy=84.0,119.6 guide=-2.33 atg=4.0/2.0/3.0 pure=-0.75/-0.64 yaw=140 cmd=202 actual=77 signed=1 rps=3523/4077:1843/2103 duty=11/15 pwm=PWM2:11/PWM1:15 motor=2:11/1:15
ATGCorner: L=1@22/0@-1 Y=0@-1/0@-1 farL=0@-1/0@-1 Lxy=60.1,65.4:52.0,36.2/-1.0,-1.0:-1.0,-1.0 Yxy=-1.0,-1.0:-1.0,-1.0/-1.0,-1.0:-1.0,-1.0 farLxy=-1.0,-1.0:-1.0,-1.0/-1.0,-1.0:-1.0,-1.0 best=22:60.1,65.4:52.0,36.2:89.6:11111/1:110.1,114.2:136.3,98.0:4.5:10111 seed_src=lpt/none seed=0.0,0.0/0.0,0.0 far_start=70,0 far_raw=0/0 far_num=0/0 straight=0/1 far_straight=0/0 conf_deg=89.6/4.5/0.0/0.0
CrossDiag: type=CROSS_NONE track=1 half_lr=0/0 nearL=1@22/0@-1 nearNum=44/124 centerNum=44/124 farL=0@-1/0@-1 farNum=0/0 farRaw=0/0 lost=0/0 not_have=0 final=124/126 flags=0/0
LineErr: aim=33 cxcy=84.0,119.6 left=1:-2.80@87,81 dx=3.0 idx=0/14 dist=33/135 right=1:-2.40@86,84 dx=2.4 idx=0/13 dist=32/252 sel=1:-2.44@87,83 dx=2.6 idx=0/16 dist=32/250 edge=1:-2.69@87.0,79.5 dx=3.0 width=52.0 l=61,79 r=113,80
CxScan: raw_ref=80.0 edge=87.0,79.5 best_raw_x=90 best_err=0.78 best_cxcy=87.9,119.6 scan=0:-28.1,10:-25.3,20:-22.4,30:-19.4,40:-16.2,50:-12.9,60:-9.6,70:-6.1,80:-2.7,90:0.8,100:4.2,110:7.7,120:11.0,130:14.3,140:17.5
ATGSeedDiag: seed=1@21,108/1@141,108 begin=7,108 block=5 clip=8
ATGLptDiag: best=22(89.6) imip=12/32 pass=11111 acc=22 ipm=60.1,65.4 inv=52.0,36.2 | 1(4.5) imip=0/11 pass=10111 acc=-1 ipm=110.1,114.2 inv=136.3,98.0
frame=55 line=1 track=1 cross=0 circle=1(CIRCLE_LEFT_BEGIN) round=0 yroad=0 ramp=0 road=7 speed=0 near=44/124 raw=121/105 sel=124/126 far=0/0 far_raw=0/0 l=1@22/0@-1 far_l=0@-1/0@-1 straight=0/1 far_straight=0/0 circle_cnt=0/0/0/0 lost=0/0 conf=85.7/4.6/0.0/0.0 dist=0 begin=182/0 m0=(84,119) ml=(86,87) md=32/1/135 cxcy=84.0,119.6 guide=-2.16 atg=3.0/2.0/3.0 pure=-0.72/-0.64 yaw=130 cmd=167 actual=93 signed=1 rps=3572/4028:1762/2001 duty=11/15 pwm=PWM2:11/PWM1:15 motor=2:11/1:15
ATGCorner: L=1@22/0@-1 Y=0@-1/0@-1 farL=0@-1/0@-1 Lxy=59.4,65.6:51.2,36.3/-1.0,-1.0:-1.0,-1.0 Yxy=-1.0,-1.0:-1.0,-1.0/-1.0,-1.0:-1.0,-1.0 farLxy=-1.0,-1.0:-1.0,-1.0/-1.0,-1.0:-1.0,-1.0 best=22:59.4,65.6:51.2,36.3:85.7:11111/57:124.7,-14.8:92.3,13.8:4.6:10101 seed_src=lpt/none seed=0.0,0.0/0.0,0.0 far_start=70,0 far_raw=0/0 far_num=0/0 straight=0/1 far_straight=0/0 conf_deg=85.7/4.6/0.0/0.0
CrossDiag: type=CROSS_NONE track=1 half_lr=0/0 nearL=1@22/0@-1 nearNum=44/124 centerNum=44/124 farL=0@-1/0@-1 farNum=0/0 farRaw=0/0 lost=0/0 not_have=0 final=124/126 flags=0/0
LineErr: aim=33 cxcy=84.0,119.6 left=1:-2.46@87,81 dx=2.7 idx=0/14 dist=34/137 right=1:-2.30@86,84 dx=2.4 idx=0/13 dist=32/252 sel=1:-2.27@86,83 dx=2.4 idx=0/16 dist=32/250 edge=1:-2.69@87.0,79.5 dx=3.0 width=52.0 l=61,79 r=113,80
CxScan: raw_ref=80.0 edge=87.0,79.5 best_raw_x=90 best_err=0.78 best_cxcy=87.9,119.6 scan=0:-28.1,10:-25.3,20:-22.4,30:-19.4,40:-16.2,50:-12.9,60:-9.6,70:-6.1,80:-2.7,90:0.8,100:4.2,110:7.7,120:11.0,130:14.3,140:17.5
ATGSeedDiag: seed=1@21,108/1@141,108 begin=7,108 block=5 clip=8
ATGLptDiag: best=22(85.7) imip=12/32 pass=11111 acc=22 ipm=59.4,65.6 inv=51.2,36.3 | 57(4.6) imip=47/67 pass=10101 acc=-1 ipm=124.7,-14.8 inv=92.3,13.8
frame=56 line=1 track=1 cross=0 circle=1(CIRCLE_LEFT_BEGIN) round=0 yroad=0 ramp=0 road=7 speed=0 near=44/124 raw=121/105 sel=124/126 far=0/0 far_raw=0/0 l=1@22/0@-1 far_l=0@-1/0@-1 straight=0/1 far_straight=0/0 circle_cnt=0/0/0/0 lost=0/0 conf=86.4/4.5/0.0/0.0 dist=0 begin=187/0 m0=(84,119) ml=(86,87) md=32/1/138 cxcy=84.0,119.6 guide=-2.33 atg=4.0/2.0/3.0 pure=-0.76/-0.65 yaw=140 cmd=184 actual=96 signed=1 rps=3548/4052:1812/2053 duty=11/15 pwm=PWM2:11/PWM1:15 motor=2:11/1:15
ATGCorner: L=1@22/0@-1 Y=0@-1/0@-1 farL=0@-1/0@-1 Lxy=59.4,65.4:51.3,36.3/-1.0,-1.0:-1.0,-1.0 Yxy=-1.0,-1.0:-1.0,-1.0/-1.0,-1.0:-1.0,-1.0 farLxy=-1.0,-1.0:-1.0,-1.0/-1.0,-1.0:-1.0,-1.0 best=22:59.4,65.4:51.3,36.3:86.4:11111/1:110.1,114.2:136.3,98.0:4.5:10111 seed_src=lpt/none seed=0.0,0.0/0.0,0.0 far_start=70,0 far_raw=0/0 far_num=0/0 straight=0/1 far_straight=0/0 conf_deg=86.4/4.5/0.0/0.0
CrossDiag: type=CROSS_NONE track=1 half_lr=0/0 nearL=1@22/0@-1 nearNum=44/124 centerNum=44/124 farL=0@-1/0@-1 farNum=0/0 farRaw=0/0 lost=0/0 not_have=0 final=124/126 flags=0/0
LineErr: aim=33 cxcy=84.0,119.6 left=1:-2.41@87,81 dx=2.6 idx=0/14 dist=33/139 right=1:-2.40@86,84 dx=2.5 idx=0/13 dist=32/252 sel=1:-2.52@87,83 dx=2.6 idx=0/16 dist=32/250 edge=1:-2.69@87.0,79.5 dx=3.0 width=52.0 l=61,79 r=113,80
CxScan: raw_ref=80.0 edge=87.0,79.5 best_raw_x=90 best_err=0.78 best_cxcy=87.9,119.6 scan=0:-28.1,10:-25.3,20:-22.4,30:-19.4,40:-16.2,50:-12.9,60:-9.6,70:-6.1,80:-2.7,90:0.8,100:4.2,110:7.7,120:11.0,130:14.3,140:17.5
ATGSeedDiag: seed=1@21,108/1@141,108 begin=7,108 block=5 clip=8
ATGLptDiag: best=22(86.4) imip=12/32 pass=11111 acc=22 ipm=59.4,65.4 inv=51.3,36.3 | 1(4.5) imip=0/11 pass=10111 acc=-1 ipm=110.1,114.2 inv=136.3,98.0
frame=57 line=1 track=1 cross=0 circle=1(CIRCLE_LEFT_BEGIN) round=0 yroad=0 ramp=0 road=7 speed=0 near=44/124 raw=121/105 sel=124/126 far=0/0 far_raw=0/0 l=1@22/0@-1 far_l=0@-1/0@-1 straight=0/1 far_straight=0/0 circle_cnt=0/0/0/0 lost=0/0 conf=88.2/3.0/0.0/0.0 dist=0 begin=192/0 m0=(84,119) ml=(86,87) md=32/1/138 cxcy=84.0,119.6 guide=-2.51 atg=5.0/3.0/3.0 pure=-0.84/-0.69 yaw=150 cmd=221 actual=80 signed=1 rps=3498/4102:1693/1922 duty=11/15 pwm=PWM2:11/PWM1:15 motor=2:11/1:15
ATGCorner: L=1@22/0@-1 Y=0@-1/0@-1 farL=0@-1/0@-1 Lxy=59.4,65.3:51.3,36.2/-1.0,-1.0:-1.0,-1.0 Yxy=-1.0,-1.0:-1.0,-1.0/-1.0,-1.0:-1.0,-1.0 farLxy=-1.0,-1.0:-1.0,-1.0/-1.0,-1.0:-1.0,-1.0 best=22:59.4,65.3:51.3,36.2:88.2:11111/4:111.1,107.4:127.5,80.6:3.0:10111 seed_src=lpt/none seed=0.0,0.0/0.0,0.0 far_start=70,0 far_raw=0/0 far_num=0/0 straight=0/1 far_straight=0/0 conf_deg=88.2/3.0/0.0/0.0
CrossDiag: type=CROSS_NONE track=1 half_lr=0/0 nearL=1@22/0@-1 nearNum=44/124 centerNum=44/124 farL=0@-1/0@-1 farNum=0/0 farRaw=0/0 lost=0/0 not_have=0 final=124/126 flags=0/0
LineErr: aim=33 cxcy=84.0,119.6 left=1:-2.24@86,81 dx=2.4 idx=0/14 dist=32/137 right=1:-2.61@87,84 dx=2.7 idx=0/13 dist=32/252 sel=1:-2.62@87,83 dx=2.7 idx=0/16 dist=32/250 edge=1:-2.69@87.0,79.5 dx=3.0 width=52.0 l=61,79 r=113,80
CxScan: raw_ref=80.0 edge=87.0,79.5 best_raw_x=90 best_err=0.78 best_cxcy=87.9,119.6 scan=0:-28.1,10:-25.3,20:-22.4,30:-19.4,40:-16.2,50:-12.9,60:-9.6,70:-6.1,80:-2.7,90:0.8,100:4.2,110:7.7,120:11.0,130:14.3,140:17.5
ATGSeedDiag: seed=1@21,108/1@141,108 begin=7,108 block=5 clip=8
ATGLptDiag: best=22(88.2) imip=12/32 pass=11111 acc=22 ipm=59.4,65.3 inv=51.3,36.2 | 4(3.0) imip=0/14 pass=10111 acc=-1 ipm=111.1,107.4 inv=127.5,80.6
frame=58 line=1 track=1 cross=0 circle=1(CIRCLE_LEFT_BEGIN) round=0 yroad=0 ramp=0 road=7 speed=0 near=44/125 raw=121/105 sel=125/127 far=0/0 far_raw=0/0 l=1@22/0@-1 far_l=0@-1/0@-1 straight=0/1 far_straight=0/0 circle_cnt=0/0/0/0 lost=0/0 conf=88.1/3.7/0.0/0.0 dist=0 begin=197/0 m0=(84,119) ml=(87,87) md=32/1/139 cxcy=84.0,119.6 guide=-2.85 atg=6.0/3.0/4.0 pure=-0.88/-0.73 yaw=171 cmd=291 actual=50 signed=1 rps=3401/4199:1792/1983 duty=11/15 pwm=PWM2:11/PWM1:15 motor=2:11/1:15
ATGCorner: L=1@22/0@-1 Y=0@-1/0@-1 farL=0@-1/0@-1 Lxy=59.2,65.3:51.2,36.2/-1.0,-1.0:-1.0,-1.0 Yxy=-1.0,-1.0:-1.0,-1.0/-1.0,-1.0:-1.0,-1.0 farLxy=-1.0,-1.0:-1.0,-1.0/-1.0,-1.0:-1.0,-1.0 best=22:59.2,65.3:51.2,36.2:88.1:11111/64:128.9,-30.6:92.3,11.8:3.7:10101 seed_src=lpt/none seed=0.0,0.0/0.0,0.0 far_start=70,0 far_raw=0/0 far_num=0/0 straight=0/1 far_straight=0/0 conf_deg=88.1/3.7/0.0/0.0
CrossDiag: type=CROSS_NONE track=1 half_lr=0/0 nearL=1@22/0@-1 nearNum=44/125 centerNum=44/125 farL=0@-1/0@-1 farNum=0/0 farRaw=0/0 lost=0/0 not_have=0 final=125/127 flags=0/0
LineErr: aim=33 cxcy=84.0,119.6 left=1:-2.09@86,81 dx=2.3 idx=0/14 dist=32/138 right=1:-3.10@87,84 dx=3.2 idx=0/13 dist=32/254 sel=1:-3.08@87,83 dx=3.2 idx=0/16 dist=32/252 edge=1:-2.69@87.0,79.5 dx=3.0 width=54.0 l=60,79 r=114,80
CxScan: raw_ref=80.0 edge=87.0,79.5 best_raw_x=90 best_err=0.78 best_cxcy=87.9,119.6 scan=0:-28.1,10:-25.3,20:-22.4,30:-19.4,40:-16.2,50:-12.9,60:-9.6,70:-6.1,80:-2.7,90:0.8,100:4.2,110:7.7,120:11.0,130:14.3,140:17.5
ATGSeedDiag: seed=1@21,108/1@142,108 begin=7,108 block=5 clip=8
ATGLptDiag: best=22(88.1) imip=12/32 pass=11111 acc=22 ipm=59.2,65.3 inv=51.2,36.2 | 64(3.7) imip=54/74 pass=10101 acc=-1 ipm=128.9,-30.6 inv=92.3,11.8
frame=59 line=1 track=1 cross=0 circle=1(CIRCLE_LEFT_BEGIN) round=0 yroad=0 ramp=0 road=7 speed=0 near=44/125 raw=121/105 sel=125/127 far=0/0 far_raw=0/0 l=1@22/0@-1 far_l=0@-1/0@-1 straight=0/1 far_straight=0/0 circle_cnt=0/0/0/0 lost=0/0 conf=88.5/4.4/0.0/0.0 dist=0 begin=202/0 m0=(84,119) ml=(87,87) md=32/1/140 cxcy=84.0,119.6 guide=-3.18 atg=6.0/3.0/4.0 pure=-0.92/-0.75 yaw=191 cmd=381 actual=1 signed=1 rps=3278/4322:1724/1860 duty=10/16 pwm=PWM2:10/PWM1:16 motor=2:10/1:16
ATGCorner: L=1@22/0@-1 Y=0@-1/0@-1 farL=0@-1/0@-1 Lxy=59.4,65.3:51.3,36.2/-1.0,-1.0:-1.0,-1.0 Yxy=-1.0,-1.0:-1.0,-1.0/-1.0,-1.0:-1.0,-1.0 farLxy=-1.0,-1.0:-1.0,-1.0/-1.0,-1.0:-1.0,-1.0 best=22:59.4,65.3:51.3,36.2:88.5:11111/1:110.5,114.3:137.3,98.0:4.4:10111 seed_src=lpt/none seed=0.0,0.0/0.0,0.0 far_start=70,0 far_raw=0/0 far_num=0/0 straight=0/1 far_straight=0/0 conf_deg=88.5/4.4/0.0/0.0
CrossDiag: type=CROSS_NONE track=1 half_lr=0/0 nearL=1@22/0@-1 nearNum=44/125 centerNum=44/125 farL=0@-1/0@-1 farNum=0/0 farRaw=0/0 lost=0/0 not_have=0 final=125/127 flags=0/0
LineErr: aim=33 cxcy=84.0,119.6 left=1:-2.23@86,81 dx=2.4 idx=0/14 dist=32/137 right=1:-3.19@87,84 dx=3.3 idx=0/13 dist=32/254 sel=1:-3.29@87,83 dx=3.5 idx=0/16 dist=32/252 edge=1:-3.14@87.5,79.5 dx=3.5 width=53.0 l=61,79 r=114,80
CxScan: raw_ref=80.0 edge=87.5,79.5 best_raw_x=90 best_err=0.32 best_cxcy=87.9,119.6 scan=0:-28.5,10:-25.7,20:-22.8,30:-19.8,40:-16.6,50:-13.3,60:-10.0,70:-6.6,80:-3.1,90:0.3,100:3.8,110:7.2,120:10.6,130:13.9,140:17.1
ATGSeedDiag: seed=1@21,108/1@142,108 begin=7,108 block=5 clip=8
ATGLptDiag: best=22(88.5) imip=12/32 pass=11111 acc=22 ipm=59.4,65.3 inv=51.3,36.2 | 1(4.4) imip=0/11 pass=10111 acc=-1 ipm=110.5,114.3 inv=137.3,98.0
frame=61 line=1 track=1 cross=0 circle=1(CIRCLE_LEFT_BEGIN) round=0 yroad=0 ramp=0 road=7 speed=0 near=43/124 raw=119/105 sel=124/126 far=0/0 far_raw=0/0 l=1@22/0@-1 far_l=0@-1/0@-1 straight=0/1 far_straight=0/0 circle_cnt=0/0/0/0 lost=0/0 conf=84.8/7.6/0.0/0.0 dist=0 begin=212/0 m0=(84,119) ml=(87,87) md=32/1/138 cxcy=84.0,119.6 guide=-2.85 atg=5.0/3.0/4.0 pure=-0.84/-0.70 yaw=171 cmd=358 actual=-17 signed=1 rps=3309/4291:1865/2090 duty=10/16 pwm=PWM2:10/PWM1:16 motor=2:10/1:16
ATGCorner: L=1@22/0@-1 Y=0@-1/0@-1 farL=0@-1/0@-1 Lxy=58.3,65.6:50.2,36.4/-1.0,-1.0:-1.0,-1.0 Yxy=-1.0,-1.0:-1.0,-1.0/-1.0,-1.0:-1.0,-1.0 farLxy=-1.0,-1.0:-1.0,-1.0/-1.0,-1.0:-1.0,-1.0 best=22:58.3,65.6:50.2,36.4:84.8:11111/1:110.5,114.3:137.3,98.1:7.6:10111 seed_src=lpt/none seed=0.0,0.0/0.0,0.0 far_start=70,0 far_raw=0/0 far_num=0/0 straight=0/1 far_straight=0/0 conf_deg=84.8/7.6/0.0/0.0
CrossDiag: type=CROSS_NONE track=1 half_lr=0/0 nearL=1@22/0@-1 nearNum=43/124 centerNum=43/124 farL=0@-1/0@-1 farNum=0/0 farRaw=0/0 lost=0/0 not_have=0 final=124/126 flags=0/0
LineErr: aim=33 cxcy=84.0,119.6 left=1:-2.33@87,80 dx=2.6 idx=0/14 dist=34/133 right=1:-2.80@87,84 dx=2.9 idx=0/13 dist=32/252 sel=1:-2.91@87,83 dx=3.1 idx=0/16 dist=32/250 edge=1:-3.14@87.5,79.5 dx=3.5 width=53.0 l=61,79 r=114,80
CxScan: raw_ref=80.0 edge=87.5,79.5 best_raw_x=90 best_err=0.32 best_cxcy=87.9,119.6 scan=0:-28.5,10:-25.7,20:-22.8,30:-19.8,40:-16.6,50:-13.3,60:-10.0,70:-6.6,80:-3.1,90:0.3,100:3.8,110:7.2,120:10.6,130:13.9,140:17.1
ATGSeedDiag: seed=1@22,107/1@142,108 begin=7,108 block=5 clip=8
ATGLptDiag: best=22(84.8) imip=12/32 pass=11111 acc=22 ipm=58.3,65.6 inv=50.2,36.4 | 1(7.6) imip=0/11 pass=10111 acc=-1 ipm=110.5,114.3 inv=137.3,98.1
frame=62 line=1 track=1 cross=0 circle=1(CIRCLE_LEFT_BEGIN) round=0 yroad=0 ramp=0 road=7 speed=0 near=43/124 raw=120/104 sel=124/126 far=0/0 far_raw=0/0 l=1@22/0@-1 far_l=0@-1/0@-1 straight=0/1 far_straight=0/0 circle_cnt=0/0/0/0 lost=0/0 conf=84.1/4.5/0.0/0.0 dist=0 begin=217/0 m0=(84,119) ml=(86,87) md=32/1/138 cxcy=84.0,119.6 guide=-2.50 atg=4.0/2.0/3.0 pure=-0.82/-0.66 yaw=150 cmd=293 actual=7 signed=1 rps=3399/4201:1774/2035 duty=11/15 pwm=PWM2:11/PWM1:15 motor=2:11/1:15
ATGCorner: L=1@22/0@-1 Y=0@-1/0@-1 farL=0@-1/0@-1 Lxy=58.3,66.0:50.1,36.6/-1.0,-1.0:-1.0,-1.0 Yxy=-1.0,-1.0:-1.0,-1.0/-1.0,-1.0:-1.0,-1.0 farLxy=-1.0,-1.0:-1.0,-1.0/-1.0,-1.0:-1.0,-1.0 best=22:58.3,66.0:50.1,36.6:84.1:11111/1:110.4,114.0:136.3,97.1:4.5:10111 seed_src=lpt/none seed=0.0,0.0/0.0,0.0 far_start=70,0 far_raw=0/0 far_num=0/0 straight=0/1 far_straight=0/0 conf_deg=84.1/4.5/0.0/0.0
CrossDiag: type=CROSS_NONE track=1 half_lr=0/0 nearL=1@22/0@-1 nearNum=43/124 centerNum=43/124 farL=0@-1/0@-1 farNum=0/0 farRaw=0/0 lost=0/0 not_have=0 final=124/126 flags=0/0
LineErr: aim=33 cxcy=84.0,119.6 left=1:-2.32@87,80 dx=2.5 idx=0/14 dist=34/134 right=1:-2.60@87,84 dx=2.7 idx=0/13 dist=32/252 sel=1:-2.61@87,83 dx=2.7 idx=0/16 dist=32/250 edge=1:-2.67@87.0,79.0 dx=3.0 width=52.0 l=61,79 r=113,79
CxScan: raw_ref=80.0 edge=87.0,79.0 best_raw_x=90 best_err=0.77 best_cxcy=87.9,119.6 scan=0:-28.0,10:-25.2,20:-22.2,30:-19.2,40:-16.1,50:-12.8,60:-9.5,70:-6.1,80:-2.7,90:0.8,100:4.2,110:7.6,120:10.9,130:14.2,140:17.4
ATGSeedDiag: seed=1@21,108/1@141,107 begin=7,108 block=5 clip=8
ATGLptDiag: best=22(84.1) imip=12/32 pass=11111 acc=22 ipm=58.3,66.0 inv=50.1,36.6 | 1(4.5) imip=0/11 pass=10111 acc=-1 ipm=110.4,114.0 inv=136.3,97.1
frame=63 line=1 track=1 cross=0 circle=1(CIRCLE_LEFT_BEGIN) round=0 yroad=0 ramp=0 road=7 speed=0 near=43/124 raw=119/105 sel=124/126 far=0/0 far_raw=0/0 l=1@21/0@-1 far_l=0@-1/0@-1 straight=0/1 far_straight=0/0 circle_cnt=0/0/0/0 lost=0/0 conf=87.3/3.8/0.0/0.0 dist=0 begin=223/0 m0=(84,119) ml=(86,87) md=32/1/135 cxcy=84.0,119.6 guide=-2.33 atg=4.0/2.0/3.0 pure=-0.76/-0.65 yaw=140 cmd=250 actual=30 signed=1 rps=3457/4143:1863/2177 duty=11/15 pwm=PWM2:11/PWM1:15 motor=2:11/1:15
ATGCorner: L=1@21/0@-1 Y=0@-1/0@-1 farL=0@-1/0@-1 Lxy=59.5,67.7:50.8,37.6/-1.0,-1.0:-1.0,-1.0 Yxy=-1.0,-1.0:-1.0,-1.0/-1.0,-1.0:-1.0,-1.0 farLxy=-1.0,-1.0:-1.0,-1.0/-1.0,-1.0:-1.0,-1.0 best=21:59.5,67.7:50.8,37.6:87.3:11111/3:110.8,109.7:130.1,85.8:3.8:10111 seed_src=lpt/none seed=0.0,0.0/0.0,0.0 far_start=70,0 far_raw=0/0 far_num=0/0 straight=0/1 far_straight=0/0 conf_deg=87.3/3.8/0.0/0.0
CrossDiag: type=CROSS_NONE track=1 half_lr=0/0 nearL=1@21/0@-1 nearNum=43/124 centerNum=43/124 farL=0@-1/0@-1 farNum=0/0 farRaw=0/0 lost=0/0 not_have=0 final=124/126 flags=0/0
LineErr: aim=33 cxcy=84.0,119.6 left=1:-2.47@87,83 dx=2.6 idx=0/13 dist=31/134 right=1:-2.40@86,84 dx=2.4 idx=0/13 dist=32/252 sel=1:-2.52@87,83 dx=2.7 idx=0/16 dist=32/250 edge=1:-2.69@87.0,79.5 dx=3.0 width=52.0 l=61,79 r=113,80
CxScan: raw_ref=80.0 edge=87.0,79.5 best_raw_x=90 best_err=0.78 best_cxcy=87.9,119.6 scan=0:-28.1,10:-25.3,20:-22.4,30:-19.4,40:-16.2,50:-12.9,60:-9.6,70:-6.1,80:-2.7,90:0.8,100:4.2,110:7.7,120:11.0,130:14.3,140:17.5
ATGSeedDiag: seed=1@21,108/1@141,108 begin=7,108 block=5 clip=8
ATGLptDiag: best=21(87.3) imip=11/31 pass=11111 acc=21 ipm=59.5,67.7 inv=50.8,37.6 | 3(3.8) imip=0/13 pass=10111 acc=-1 ipm=110.8,109.7 inv=130.1,85.8
frame=64 line=1 track=1 cross=0 circle=1(CIRCLE_LEFT_BEGIN) round=0 yroad=0 ramp=0 road=7 speed=0 near=43/124 raw=120/105 sel=124/126 far=0/0 far_raw=0/0 l=1@22/0@-1 far_l=0@-1/0@-1 straight=0/1 far_straight=0/0 circle_cnt=0/0/0/0 lost=0/0 conf=84.0/4.5/0.0/0.0 dist=0 begin=229/0 m0=(84,119) ml=(86,87) md=32/1/135 cxcy=84.0,119.6 guide=-2.33 atg=4.0/2.0/3.0 pure=-0.76/-0.64 yaw=140 cmd=221 actual=58 signed=1 rps=3496/4104:1827/2106 duty=11/15 pwm=PWM2:11/PWM1:15 motor=2:11/1:15
ATGCorner: L=1@22/0@-1 Y=0@-1/0@-1 farL=0@-1/0@-1 Lxy=58.0,66.2:49.7,36.7/-1.0,-1.0:-1.0,-1.0 Yxy=-1.0,-1.0:-1.0,-1.0/-1.0,-1.0:-1.0,-1.0 farLxy=-1.0,-1.0:-1.0,-1.0/-1.0,-1.0:-1.0,-1.0 best=22:58.0,66.2:49.7,36.7:84.0:11111/1:110.1,114.2:136.3,98.0:4.5:10111 seed_src=lpt/none seed=0.0,0.0/0.0,0.0 far_start=70,0 far_raw=0/0 far_num=0/0 straight=0/1 far_straight=0/0 conf_deg=84.0/4.5/0.0/0.0
CrossDiag: type=CROSS_NONE track=1 half_lr=0/0 nearL=1@22/0@-1 nearNum=43/124 centerNum=43/124 farL=0@-1/0@-1 farNum=0/0 farRaw=0/0 lost=0/0 not_have=0 final=124/126 flags=0/0
LineErr: aim=33 cxcy=84.0,119.6 left=1:-2.13@86,79 dx=2.4 idx=0/14 dist=34/133 right=1:-2.40@86,84 dx=2.4 idx=0/13 dist=32/252 sel=1:-2.52@87,83 dx=2.6 idx=0/16 dist=32/250 edge=1:-2.69@87.0,79.5 dx=3.0 width=52.0 l=61,79 r=113,80
CxScan: raw_ref=80.0 edge=87.0,79.5 best_raw_x=90 best_err=0.78 best_cxcy=87.9,119.6 scan=0:-28.1,10:-25.3,20:-22.4,30:-19.4,40:-16.2,50:-12.9,60:-9.6,70:-6.1,80:-2.7,90:0.8,100:4.2,110:7.7,120:11.0,130:14.3,140:17.5
ATGSeedDiag: seed=1@21,108/1@141,108 begin=7,108 block=5 clip=8
ATGLptDiag: best=22(84.0) imip=12/32 pass=11111 acc=22 ipm=58.0,66.2 inv=49.7,36.7 | 1(4.5) imip=0/11 pass=10111 acc=-1 ipm=110.1,114.2 inv=136.3,98.0
frame=66 line=1 track=1 cross=0 circle=1(CIRCLE_LEFT_BEGIN) round=0 yroad=0 ramp=0 road=7 speed=0 near=42/124 raw=119/105 sel=124/126 far=0/0 far_raw=0/0 l=1@21/0@-1 far_l=0@-1/0@-1 straight=0/1 far_straight=0/0 circle_cnt=0/0/0/0 lost=0/0 conf=89.0/4.5/0.0/0.0 dist=0 begin=241/0 m0=(84,119) ml=(86,87) md=32/1/138 cxcy=84.0,119.6 guide=-2.33 atg=4.0/2.0/3.0 pure=-0.76/-0.66 yaw=140 cmd=207 actual=73 signed=1 rps=3516/4084:2097/2243 duty=11/15 pwm=PWM2:11/PWM1:15 motor=2:11/1:15
ATGCorner: L=1@21/0@-1 Y=0@-1/0@-1 farL=0@-1/0@-1 Lxy=59.1,67.7:50.5,37.6/-1.0,-1.0:-1.0,-1.0 Yxy=-1.0,-1.0:-1.0,-1.0/-1.0,-1.0:-1.0,-1.0 farLxy=-1.0,-1.0:-1.0,-1.0/-1.0,-1.0:-1.0,-1.0 best=21:59.1,67.7:50.5,37.6:89.0:11111/1:110.1,114.2:136.3,98.0:4.5:10111 seed_src=lpt/none seed=0.0,0.0/0.0,0.0 far_start=70,0 far_raw=0/0 far_num=0/0 straight=0/1 far_straight=0/0 conf_deg=89.0/4.5/0.0/0.0
CrossDiag: type=CROSS_NONE track=1 half_lr=0/0 nearL=1@21/0@-1 nearNum=42/124 centerNum=42/124 farL=0@-1/0@-1 farNum=0/0 farRaw=0/0 lost=0/0 not_have=0 final=124/126 flags=0/0
LineErr: aim=33 cxcy=84.0,119.6 left=1:-2.26@86,83 dx=2.4 idx=0/13 dist=32/134 right=1:-2.40@86,84 dx=2.4 idx=0/13 dist=32/252 sel=1:-2.52@87,83 dx=2.7 idx=0/16 dist=32/250 edge=1:-2.69@87.0,79.5 dx=3.0 width=52.0 l=61,79 r=113,80
CxScan: raw_ref=80.0 edge=87.0,79.5 best_raw_x=90 best_err=0.78 best_cxcy=87.9,119.6 scan=0:-28.1,10:-25.3,20:-22.4,30:-19.4,40:-16.2,50:-12.9,60:-9.6,70:-6.1,80:-2.7,90:0.8,100:4.2,110:7.7,120:11.0,130:14.3,140:17.5
ATGSeedDiag: seed=1@21,108/1@141,108 begin=7,108 block=5 clip=8
ATGLptDiag: best=21(89.0) imip=11/31 pass=11111 acc=21 ipm=59.1,67.7 inv=50.5,37.6 | 1(4.5) imip=0/11 pass=10111 acc=-1 ipm=110.1,114.2 inv=136.3,98.0
frame=67 line=1 track=1 cross=0 circle=1(CIRCLE_LEFT_BEGIN) round=0 yroad=0 ramp=0 road=7 speed=0 near=42/124 raw=118/105 sel=124/126 far=0/0 far_raw=0/0 l=1@21/0@-1 far_l=0@-1/0@-1 straight=0/1 far_straight=0/0 circle_cnt=0/0/0/0 lost=0/0 conf=85.6/7.2/0.0/0.0 dist=0 begin=247/0 m0=(84,119) ml=(86,87) md=32/1/135 cxcy=84.0,119.6 guide=-2.33 atg=4.0/2.0/3.0 pure=-0.76/-0.66 yaw=140 cmd=233 actual=47 signed=1 rps=3480/4120:2066/2125 duty=11/15 pwm=PWM2:11/PWM1:15 motor=2:11/1:15
ATGCorner: L=1@21/0@-1 Y=0@-1/0@-1 farL=0@-1/0@-1 Lxy=58.5,67.9:49.8,37.7/-1.0,-1.0:-1.0,-1.0 Yxy=-1.0,-1.0:-1.0,-1.0/-1.0,-1.0:-1.0,-1.0 farLxy=-1.0,-1.0:-1.0,-1.0/-1.0,-1.0:-1.0,-1.0 best=21:58.5,67.9:49.8,37.7:85.6:11111/1:110.2,114.3:136.5,98.1:7.2:10111 seed_src=lpt/none seed=0.0,0.0/0.0,0.0 far_start=70,0 far_raw=0/0 far_num=0/0 straight=0/1 far_straight=0/0 conf_deg=85.6/7.2/0.0/0.0
CrossDiag: type=CROSS_NONE track=1 half_lr=0/0 nearL=1@21/0@-1 nearNum=42/124 centerNum=42/124 farL=0@-1/0@-1 farNum=0/0 farRaw=0/0 lost=0/0 not_have=0 final=124/126 flags=0/0
LineErr: aim=33 cxcy=84.0,119.6 left=1:-2.25@86,83 dx=2.4 idx=0/13 dist=32/132 right=1:-2.40@86,84 dx=2.4 idx=0/13 dist=32/252 sel=1:-2.52@87,83 dx=2.7 idx=0/16 dist=32/250 edge=1:-2.69@87.0,79.5 dx=3.0 width=52.0 l=61,79 r=113,80
CxScan: raw_ref=80.0 edge=87.0,79.5 best_raw_x=90 best_err=0.78 best_cxcy=87.9,119.6 scan=0:-28.1,10:-25.3,20:-22.4,30:-19.4,40:-16.2,50:-12.9,60:-9.6,70:-6.1,80:-2.7,90:0.8,100:4.2,110:7.7,120:11.0,130:14.3,140:17.5
ATGSeedDiag: seed=1@21,108/1@141,108 begin=7,108 block=5 clip=8
ATGLptDiag: best=21(85.6) imip=11/31 pass=11111 acc=21 ipm=58.5,67.9 inv=49.8,37.7 | 1(7.2) imip=0/11 pass=10111 acc=-1 ipm=110.2,114.3 inv=136.5,98.1
frame=68 line=1 track=1 cross=0 circle=1(CIRCLE_LEFT_BEGIN) round=0 yroad=0 ramp=0 road=7 speed=0 near=41/124 raw=117/105 sel=124/126 far=0/0 far_raw=0/0 l=1@20/0@-1 far_l=0@-1/0@-1 straight=0/1 far_straight=0/0 circle_cnt=0/0/0/0 lost=0/0 conf=88.5/3.3/0.0/0.0 dist=0 begin=253/0 m0=(84,119) ml=(86,87) md=32/1/135 cxcy=84.0,119.6 guide=-2.33 atg=4.0/2.0/3.0 pure=-0.76/-0.66 yaw=140 cmd=266 actual=14 signed=1 rps=3435/4165:2208/2177 duty=10/15 pwm=PWM2:10/PWM1:15 motor=2:10/1:15
ATGCorner: L=1@20/0@-1 Y=0@-1/0@-1 farL=0@-1/0@-1 Lxy=59.4,70.0:50.1,38.9/-1.0,-1.0:-1.0,-1.0 Yxy=-1.0,-1.0:-1.0,-1.0/-1.0,-1.0:-1.0,-1.0 farLxy=-1.0,-1.0:-1.0,-1.0/-1.0,-1.0:-1.0,-1.0 best=20:59.4,70.0:50.1,38.9:88.5:11111/2:110.7,111.9:133.5,91.5:3.3:10111 seed_src=lpt/none seed=0.0,0.0/0.0,0.0 far_start=70,0 far_raw=0/0 far_num=0/0 straight=0/1 far_straight=0/0 conf_deg=88.5/3.3/0.0/0.0
CrossDiag: type=CROSS_NONE track=1 half_lr=0/0 nearL=1@20/0@-1 nearNum=41/124 centerNum=41/124 farL=0@-1/0@-1 farNum=0/0 farRaw=0/0 lost=0/0 not_have=0 final=124/126 flags=0/0
LineErr: aim=33 cxcy=84.0,119.6 left=1:-2.22@86,82 dx=2.4 idx=0/13 dist=33/131 right=1:-2.45@87,84 dx=2.5 idx=0/13 dist=32/252 sel=1:-2.54@87,83 dx=2.7 idx=0/16 dist=32/250 edge=1:-2.69@87.0,79.5 dx=3.0 width=52.0 l=61,79 r=113,80
CxScan: raw_ref=80.0 edge=87.0,79.5 best_raw_x=90 best_err=0.78 best_cxcy=87.9,119.6 scan=0:-28.1,10:-25.3,20:-22.4,30:-19.4,40:-16.2,50:-12.9,60:-9.6,70:-6.1,80:-2.7,90:0.8,100:4.2,110:7.7,120:11.0,130:14.3,140:17.5
ATGSeedDiag: seed=1@21,108/1@141,108 begin=7,108 block=5 clip=8
ATGLptDiag: best=20(88.5) imip=10/30 pass=11111 acc=20 ipm=59.4,70.0 inv=50.1,38.9 | 2(3.3) imip=0/12 pass=10111 acc=-1 ipm=110.7,111.9 inv=133.5,91.5
frame=69 line=1 track=1 cross=0 circle=1(CIRCLE_LEFT_BEGIN) round=0 yroad=0 ramp=0 road=7 speed=0 near=41/124 raw=117/105 sel=124/126 far=0/0 far_raw=0/0 l=1@20/0@-1 far_l=0@-1/0@-1 straight=0/1 far_straight=0/0 circle_cnt=0/0/0/0 lost=0/0 conf=88.3/3.2/0.0/0.0 dist=0 begin=259/0 m0=(84,119) ml=(86,87) md=32/1/135 cxcy=84.0,119.6 guide=-2.50 atg=4.0/2.0/3.0 pure=-0.79/-0.66 yaw=150 cmd=312 actual=-11 signed=1 rps=3373/4227:2175/2078 duty=10/15 pwm=PWM2:10/PWM1:15 motor=2:10/1:15
ATGCorner: L=1@20/0@-1 Y=0@-1/0@-1 farL=0@-1/0@-1 Lxy=59.4,70.0:50.1,38.9/-1.0,-1.0:-1.0,-1.0 Yxy=-1.0,-1.0:-1.0,-1.0/-1.0,-1.0:-1.0,-1.0 farLxy=-1.0,-1.0:-1.0,-1.0/-1.0,-1.0:-1.0,-1.0 best=20:59.4,70.0:50.1,38.9:88.3:11111/2:110.7,111.9:133.5,91.5:3.2:10111 seed_src=lpt/none seed=0.0,0.0/0.0,0.0 far_start=70,0 far_raw=0/0 far_num=0/0 straight=0/1 far_straight=0/0 conf_deg=88.3/3.2/0.0/0.0
CrossDiag: type=CROSS_NONE track=1 half_lr=0/0 nearL=1@20/0@-1 nearNum=41/124 centerNum=41/124 farL=0@-1/0@-1 farNum=0/0 farRaw=0/0 lost=0/0 not_have=0 final=124/126 flags=0/0
LineErr: aim=33 cxcy=84.0,119.6 left=1:-2.37@87,82 dx=2.5 idx=0/13 dist=33/131 right=1:-2.59@87,84 dx=2.6 idx=0/13 dist=32/252 sel=1:-2.60@87,83 dx=2.7 idx=0/16 dist=32/250 edge=1:-2.69@87.0,79.5 dx=3.0 width=52.0 l=61,79 r=113,80
CxScan: raw_ref=80.0 edge=87.0,79.5 best_raw_x=90 best_err=0.78 best_cxcy=87.9,119.6 scan=0:-28.1,10:-25.3,20:-22.4,30:-19.4,40:-16.2,50:-12.9,60:-9.6,70:-6.1,80:-2.7,90:0.8,100:4.2,110:7.7,120:11.0,130:14.3,140:17.5
ATGSeedDiag: seed=1@21,108/1@142,108 begin=7,108 block=5 clip=8
ATGLptDiag: best=20(88.3) imip=10/30 pass=11111 acc=20 ipm=59.4,70.0 inv=50.1,38.9 | 2(3.2) imip=0/12 pass=10111 acc=-1 ipm=110.7,111.9 inv=133.5,91.5
frame=70 line=1 track=1 cross=0 circle=1(CIRCLE_LEFT_BEGIN) round=0 yroad=0 ramp=0 road=7 speed=0 near=40/124 raw=117/105 sel=124/126 far=0/0 far_raw=0/0 l=1@20/0@-1 far_l=0@-1/0@-1 straight=0/1 far_straight=0/0 circle_cnt=0/0/0/0 lost=0/0 conf=88.8/3.5/0.0/0.0 dist=0 begin=265/0 m0=(84,119) ml=(87,87) md=32/1/137 cxcy=84.0,119.6 guide=-2.68 atg=4.0/2.0/3.0 pure=-0.82/-0.68 yaw=161 cmd=340 actual=-19 signed=1 rps=3334/4266:2308/2153 duty=10/15 pwm=PWM2:10/PWM1:15 motor=2:10/1:15
ATGCorner: L=1@20/0@-1 Y=0@-1/0@-1 farL=0@-1/0@-1 Lxy=59.3,70.1:50.0,38.9/-1.0,-1.0:-1.0,-1.0 Yxy=-1.0,-1.0:-1.0,-1.0/-1.0,-1.0:-1.0,-1.0 farLxy=-1.0,-1.0:-1.0,-1.0/-1.0,-1.0:-1.0,-1.0 best=20:59.3,70.1:50.0,38.9:88.8:11111/57:125.5,-14.7:92.7,13.8:3.5:10101 seed_src=lpt/none seed=0.0,0.0/0.0,0.0 far_start=70,0 far_raw=0/0 far_num=0/0 straight=0/1 far_straight=0/0 conf_deg=88.8/3.5/0.0/0.0
CrossDiag: type=CROSS_NONE track=1 half_lr=0/0 nearL=1@20/0@-1 nearNum=40/124 centerNum=40/124 farL=0@-1/0@-1 farNum=0/0 farRaw=0/0 lost=0/0 not_have=0 final=124/126 flags=0/0
LineErr: aim=33 cxcy=84.0,119.6 left=1:-2.16@86,82 dx=2.3 idx=0/13 dist=33/130 right=1:-2.75@87,84 dx=2.8 idx=0/13 dist=32/253 sel=1:-2.76@87,83 dx=2.9 idx=0/16 dist=32/250 edge=1:-2.69@87.0,79.5 dx=3.0 width=52.0 l=61,79 r=113,80
CxScan: raw_ref=80.0 edge=87.0,79.5 best_raw_x=90 best_err=0.78 best_cxcy=87.9,119.6 scan=0:-28.1,10:-25.3,20:-22.4,30:-19.4,40:-16.2,50:-12.9,60:-9.6,70:-6.1,80:-2.7,90:0.8,100:4.2,110:7.7,120:11.0,130:14.3,140:17.5
ATGSeedDiag: seed=1@21,108/1@142,108 begin=7,108 block=5 clip=8
ATGLptDiag: best=20(88.8) imip=10/30 pass=11111 acc=20 ipm=59.3,70.1 inv=50.0,38.9 | 57(3.5) imip=47/67 pass=10101 acc=-1 ipm=125.5,-14.7 inv=92.7,13.8
frame=73 line=1 track=1 cross=0 circle=1(CIRCLE_LEFT_BEGIN) round=0 yroad=0 ramp=0 road=7 speed=0 near=40/124 raw=117/105 sel=124/126 far=0/0 far_raw=0/0 l=1@20/0@-1 far_l=0@-1/0@-1 straight=0/1 far_straight=0/0 circle_cnt=0/0/0/0 lost=0/0 conf=88.1/8.7/0.0/0.0 dist=0 begin=283/0 m0=(84,119) ml=(86,87) md=32/1/135 cxcy=84.0,119.6 guide=-2.33 atg=4.0/2.0/3.0 pure=-0.76/-0.66 yaw=140 cmd=249 actual=31 signed=1 rps=3459/4141:2319/2026 duty=10/15 pwm=PWM2:10/PWM1:15 motor=2:10/1:15
ATGCorner: L=1@20/0@-1 Y=0@-1/0@-1 farL=0@-1/0@-1 Lxy=59.1,70.1:49.8,38.9/-1.0,-1.0:-1.0,-1.0 Yxy=-1.0,-1.0:-1.0,-1.0/-1.0,-1.0:-1.0,-1.0 farLxy=-1.0,-1.0:-1.0,-1.0/-1.0,-1.0:-1.0,-1.0 best=20:59.1,70.1:49.8,38.9:88.1:11111/1:110.3,114.3:136.7,98.1:8.7:10111 seed_src=lpt/none seed=0.0,0.0/0.0,0.0 far_start=70,0 far_raw=0/0 far_num=0/0 straight=0/1 far_straight=0/0 conf_deg=88.1/8.7/0.0/0.0
CrossDiag: type=CROSS_NONE track=1 half_lr=0/0 nearL=1@20/0@-1 nearNum=40/124 centerNum=40/124 farL=0@-1/0@-1 farNum=0/0 farRaw=0/0 lost=0/0 not_have=0 final=124/126 flags=0/0
LineErr: aim=33 cxcy=84.0,119.6 left=1:-2.03@86,81 dx=2.2 idx=0/13 dist=33/128 right=1:-2.39@86,84 dx=2.4 idx=0/13 dist=32/252 sel=1:-2.52@87,83 dx=2.7 idx=0/16 dist=32/250 edge=1:-2.69@87.0,79.5 dx=3.0 width=52.0 l=61,79 r=113,80
CxScan: raw_ref=80.0 edge=87.0,79.5 best_raw_x=90 best_err=0.78 best_cxcy=87.9,119.6 scan=0:-28.1,10:-25.3,20:-22.4,30:-19.4,40:-16.2,50:-12.9,60:-9.6,70:-6.1,80:-2.7,90:0.8,100:4.2,110:7.7,120:11.0,130:14.3,140:17.5
ATGSeedDiag: seed=1@21,108/1@141,108 begin=7,108 block=5 clip=8
ATGLptDiag: best=20(88.1) imip=10/30 pass=11111 acc=20 ipm=59.1,70.1 inv=49.8,38.9 | 1(8.7) imip=0/11 pass=10111 acc=-1 ipm=110.3,114.3 inv=136.7,98.1
frame=74 line=1 track=1 cross=0 circle=1(CIRCLE_LEFT_BEGIN) round=0 yroad=0 ramp=0 road=7 speed=0 near=40/124 raw=117/105 sel=124/126 far=0/0 far_raw=0/0 l=1@20/0@-1 far_l=0@-1/0@-1 straight=0/1 far_straight=0/0 circle_cnt=0/0/0/0 lost=0/0 conf=90.1/4.5/0.0/0.0 dist=0 begin=289/0 m0=(84,119) ml=(86,87) md=32/1/135 cxcy=84.0,119.6 guide=-2.33 atg=4.0/2.0/3.0 pure=-0.76/-0.65 yaw=140 cmd=235 actual=45 signed=1 rps=3478/4122:2441/2157 duty=10/15 pwm=PWM2:10/PWM1:15 motor=2:10/1:15
ATGCorner: L=1@20/0@-1 Y=0@-1/0@-1 farL=0@-1/0@-1 Lxy=59.1,70.1:49.8,38.9/-1.0,-1.0:-1.0,-1.0 Yxy=-1.0,-1.0:-1.0,-1.0/-1.0,-1.0:-1.0,-1.0 farLxy=-1.0,-1.0:-1.0,-1.0/-1.0,-1.0:-1.0,-1.0 best=20:59.1,70.1:49.8,38.9:90.1:11111/1:110.1,114.2:136.3,98.0:4.5:10111 seed_src=lpt/none seed=0.0,0.0/0.0,0.0 far_start=70,0 far_raw=0/0 far_num=0/0 straight=0/1 far_straight=0/0 conf_deg=90.1/4.5/0.0/0.0
CrossDiag: type=CROSS_NONE track=1 half_lr=0/0 nearL=1@20/0@-1 nearNum=40/124 centerNum=40/124 farL=0@-1/0@-1 farNum=0/0 farRaw=0/0 lost=0/0 not_have=0 final=124/126 flags=0/0
LineErr: aim=33 cxcy=84.0,119.6 left=1:-2.02@86,81 dx=2.2 idx=0/13 dist=33/128 right=1:-2.40@86,84 dx=2.4 idx=0/13 dist=32/252 sel=1:-2.52@87,83 dx=2.7 idx=0/16 dist=32/250 edge=1:-2.69@87.0,79.5 dx=3.0 width=52.0 l=61,79 r=113,80
CxScan: raw_ref=80.0 edge=87.0,79.5 best_raw_x=90 best_err=0.78 best_cxcy=87.9,119.6 scan=0:-28.1,10:-25.3,20:-22.4,30:-19.4,40:-16.2,50:-12.9,60:-9.6,70:-6.1,80:-2.7,90:0.8,100:4.2,110:7.7,120:11.0,130:14.3,140:17.5
ATGSeedDiag: seed=1@21,108/1@141,108 begin=7,108 block=5 clip=8
ATGLptDiag: best=20(90.1) imip=10/30 pass=11111 acc=20 ipm=59.1,70.1 inv=49.8,38.9 | 1(4.5) imip=0/11 pass=10111 acc=-1 ipm=110.1,114.2 inv=136.3,98.0
frame=75 line=1 track=1 cross=0 circle=1(CIRCLE_LEFT_BEGIN) round=0 yroad=0 ramp=0 road=7 speed=0 near=39/124 raw=116/105 sel=124/126 far=0/0 far_raw=0/0 l=1@19/0@-1 far_l=0@-1/0@-1 straight=0/1 far_straight=0/0 circle_cnt=0/0/0/0 lost=0/0 conf=89.8/4.5/0.0/0.0 dist=0 begin=295/0 m0=(84,119) ml=(86,87) md=32/1/135 cxcy=84.0,119.6 guide=-2.33 atg=3.0/2.0/3.0 pure=-0.72/-0.63 yaw=140 cmd=240 actual=40 signed=1 rps=3471/4129:2518/2238 duty=10/15 pwm=PWM2:10/PWM1:15 motor=2:10/1:15
ATGCorner: L=1@19/0@-1 Y=0@-1/0@-1 farL=0@-1/0@-1 Lxy=59.9,72.2:50.0,40.3/-1.0,-1.0:-1.0,-1.0 Yxy=-1.0,-1.0:-1.0,-1.0/-1.0,-1.0:-1.0,-1.0 farLxy=-1.0,-1.0:-1.0,-1.0/-1.0,-1.0:-1.0,-1.0 best=19:59.9,72.2:50.0,40.3:89.8:11111/1:110.1,114.2:136.3,98.0:4.5:10111 seed_src=lpt/none seed=0.0,0.0/0.0,0.0 far_start=70,0 far_raw=0/0 far_num=0/0 straight=0/1 far_straight=0/0 conf_deg=89.8/4.5/0.0/0.0
CrossDiag: type=CROSS_NONE track=1 half_lr=0/0 nearL=1@19/0@-1 nearNum=39/124 centerNum=39/124 farL=0@-1/0@-1 farNum=0/0 farRaw=0/0 lost=0/0 not_have=0 final=124/126 flags=0/0
LineErr: aim=33 cxcy=84.0,119.6 left=1:-1.84@86,80 dx=2.0 idx=0/13 dist=34/126 right=1:-2.40@86,84 dx=2.4 idx=0/13 dist=32/252 sel=1:-2.44@87,83 dx=2.6 idx=0/16 dist=32/250 edge=1:-2.69@87.0,79.5 dx=3.0 width=52.0 l=61,79 r=113,80
CxScan: raw_ref=80.0 edge=87.0,79.5 best_raw_x=90 best_err=0.78 best_cxcy=87.9,119.6 scan=0:-28.1,10:-25.3,20:-22.4,30:-19.4,40:-16.2,50:-12.9,60:-9.6,70:-6.1,80:-2.7,90:0.8,100:4.2,110:7.7,120:11.0,130:14.3,140:17.5
ATGSeedDiag: seed=1@21,108/1@141,108 begin=7,108 block=5 clip=8
ATGLptDiag: best=19(89.8) imip=9/29 pass=11111 acc=19 ipm=59.9,72.2 inv=50.0,40.3 | 1(4.5) imip=0/11 pass=10111 acc=-1 ipm=110.1,114.2 inv=136.3,98.0
frame=76 line=1 track=1 cross=0 circle=1(CIRCLE_LEFT_BEGIN) round=0 yroad=0 ramp=0 road=7 speed=0 near=39/124 raw=116/105 sel=124/126 far=0/0 far_raw=0/0 l=1@20/0@-1 far_l=0@-1/0@-1 straight=0/1 far_straight=0/0 circle_cnt=0/0/0/0 lost=0/0 conf=86.3/4.5/0.0/0.0 dist=0 begin=301/0 m0=(84,119) ml=(86,87) md=32/1/135 cxcy=84.0,119.6 guide=-2.16 atg=3.0/2.0/3.0 pure=-0.69/-0.65 yaw=130 cmd=234 actual=26 signed=1 rps=3479/4121:2385/2109 duty=10/15 pwm=PWM2:10/PWM1:15 motor=2:10/1:15
ATGCorner: L=1@20/0@-1 Y=0@-1/0@-1 farL=0@-1/0@-1 Lxy=58.4,70.6:48.9,39.3/-1.0,-1.0:-1.0,-1.0 Yxy=-1.0,-1.0:-1.0,-1.0/-1.0,-1.0:-1.0,-1.0 farLxy=-1.0,-1.0:-1.0,-1.0/-1.0,-1.0:-1.0,-1.0 best=20:58.4,70.6:48.9,39.3:86.3:11111/1:110.1,114.2:136.3,98.0:4.5:10111 seed_src=lpt/none seed=0.0,0.0/0.0,0.0 far_start=70,0 far_raw=0/0 far_num=0/0 straight=0/1 far_straight=0/0 conf_deg=86.3/4.5/0.0/0.0
CrossDiag: type=CROSS_NONE track=1 half_lr=0/0 nearL=1@20/0@-1 nearNum=39/124 centerNum=39/124 farL=0@-1/0@-1 farNum=0/0 farRaw=0/0 lost=0/0 not_have=0 final=124/126 flags=0/0
LineErr: aim=33 cxcy=84.0,119.6 left=1:-1.85@86,80 dx=2.0 idx=0/13 dist=34/126 right=1:-2.30@86,84 dx=2.3 idx=0/13 dist=32/252 sel=1:-2.27@86,83 dx=2.4 idx=0/16 dist=32/250 edge=1:-2.69@87.0,79.5 dx=3.0 width=52.0 l=61,79 r=113,80
CxScan: raw_ref=80.0 edge=87.0,79.5 best_raw_x=90 best_err=0.78 best_cxcy=87.9,119.6 scan=0:-28.1,10:-25.3,20:-22.4,30:-19.4,40:-16.2,50:-12.9,60:-9.6,70:-6.1,80:-2.7,90:0.8,100:4.2,110:7.7,120:11.0,130:14.3,140:17.5
ATGSeedDiag: seed=1@21,108/1@141,108 begin=7,108 block=5 clip=8
ATGLptDiag: best=20(86.3) imip=10/30 pass=11111 acc=20 ipm=58.4,70.6 inv=48.9,39.3 | 1(4.5) imip=0/11 pass=10111 acc=-1 ipm=110.1,114.2 inv=136.3,98.0
frame=77 line=1 track=1 cross=0 circle=1(CIRCLE_LEFT_BEGIN) round=0 yroad=0 ramp=0 road=7 speed=0 near=39/124 raw=116/105 sel=124/126 far=0/0 far_raw=0/0 l=1@19/0@-1 far_l=0@-1/0@-1 straight=0/1 far_straight=0/0 circle_cnt=0/0/0/0 lost=0/0 conf=91.8/10.2/0.0/0.0 dist=0 begin=307/0 m0=(84,119) ml=(86,87) md=32/1/135 cxcy=84.0,119.6 guide=-2.33 atg=3.0/2.0/3.0 pure=-0.72/-0.65 yaw=140 cmd=278 actual=2 signed=1 rps=3419/4181:2489/2230 duty=10/15 pwm=PWM2:10/PWM1:15 motor=2:10/1:15
ATGCorner: L=1@19/0@-1 Y=0@-1/0@-1 farL=0@-1/0@-1 Lxy=59.9,72.2:50.0,40.3/-1.0,-1.0:-1.0,-1.0 Yxy=-1.0,-1.0:-1.0,-1.0/-1.0,-1.0:-1.0,-1.0 farLxy=-1.0,-1.0:-1.0,-1.0/-1.0,-1.0:-1.0,-1.0 best=19:59.9,72.2:50.0,40.3:91.8:11111/1:110.3,114.3:136.8,98.1:10.2:10111 seed_src=lpt/none seed=0.0,0.0/0.0,0.0 far_start=70,0 far_raw=0/0 far_num=0/0 straight=0/1 far_straight=0/0 conf_deg=91.8/10.2/0.0/0.0
CrossDiag: type=CROSS_NONE track=1 half_lr=0/0 nearL=1@19/0@-1 nearNum=39/124 centerNum=39/124 farL=0@-1/0@-1 farNum=0/0 farRaw=0/0 lost=0/0 not_have=0 final=124/126 flags=0/0
LineErr: aim=33 cxcy=84.0,119.6 left=1:-2.35@86,84 dx=2.4 idx=0/12 dist=31/129 right=1:-2.39@86,84 dx=2.4 idx=0/13 dist=32/252 sel=1:-2.44@87,83 dx=2.6 idx=0/16 dist=32/250 edge=1:-2.69@87.0,79.5 dx=3.0 width=52.0 l=61,79 r=113,80
CxScan: raw_ref=80.0 edge=87.0,79.5 best_raw_x=90 best_err=0.78 best_cxcy=87.9,119.6 scan=0:-28.1,10:-25.3,20:-22.4,30:-19.4,40:-16.2,50:-12.9,60:-9.6,70:-6.1,80:-2.7,90:0.8,100:4.2,110:7.7,120:11.0,130:14.3,140:17.5
ATGSeedDiag: seed=1@21,108/1@141,108 begin=7,108 block=5 clip=8
ATGLptDiag: best=19(91.8) imip=9/29 pass=11111 acc=19 ipm=59.9,72.2 inv=50.0,40.3 | 1(10.2) imip=0/11 pass=10111 acc=-1 ipm=110.3,114.3 inv=136.8,98.1
frame=78 line=1 track=1 cross=0 circle=1(CIRCLE_LEFT_BEGIN) round=0 yroad=0 ramp=0 road=7 speed=0 near=38/124 raw=116/104 sel=124/126 far=0/0 far_raw=0/0 l=1@19/0@-1 far_l=0@-1/0@-1 straight=0/1 far_straight=0/0 circle_cnt=0/0/0/0 lost=0/0 conf=91.5/5.1/0.0/0.0 dist=0 begin=313/0 m0=(84,119) ml=(86,87) md=32/1/135 cxcy=84.0,119.6 guide=-2.33 atg=4.0/2.0/3.0 pure=-0.76/-0.65 yaw=140 cmd=293 actual=-13 signed=1 rps=3399/4201:2370/2159 duty=10/15 pwm=PWM2:10/PWM1:15 motor=2:10/1:15
ATGCorner: L=1@19/0@-1 Y=0@-1/0@-1 farL=0@-1/0@-1 Lxy=59.9,72.2:50.0,40.3/-1.0,-1.0:-1.0,-1.0 Yxy=-1.0,-1.0:-1.0,-1.0/-1.0,-1.0:-1.0,-1.0 farLxy=-1.0,-1.0:-1.0,-1.0/-1.0,-1.0:-1.0,-1.0 best=19:59.9,72.2:50.0,40.3:91.5:11111/1:110.4,114.0:136.3,97.1:5.1:10111 seed_src=lpt/none seed=0.0,0.0/0.0,0.0 far_start=70,0 far_raw=0/0 far_num=0/0 straight=0/1 far_straight=0/0 conf_deg=91.5/5.1/0.0/0.0
CrossDiag: type=CROSS_NONE track=1 half_lr=0/0 nearL=1@19/0@-1 nearNum=38/124 centerNum=38/124 farL=0@-1/0@-1 farNum=0/0 farRaw=0/0 lost=0/0 not_have=0 final=124/126 flags=0/0
LineErr: aim=33 cxcy=84.0,119.6 left=1:-2.40@86,84 dx=2.5 idx=0/12 dist=31/125 right=1:-2.42@87,84 dx=2.5 idx=0/13 dist=32/252 sel=1:-2.53@87,83 dx=2.7 idx=0/16 dist=32/250 edge=1:-2.67@87.0,79.0 dx=3.0 width=52.0 l=61,79 r=113,79
CxScan: raw_ref=80.0 edge=87.0,79.0 best_raw_x=90 best_err=0.77 best_cxcy=87.9,119.6 scan=0:-28.0,10:-25.2,20:-22.2,30:-19.2,40:-16.1,50:-12.8,60:-9.5,70:-6.1,80:-2.7,90:0.8,100:4.2,110:7.6,120:10.9,130:14.2,140:17.4
ATGSeedDiag: seed=1@21,108/1@141,107 begin=7,108 block=5 clip=8
ATGLptDiag: best=19(91.5) imip=9/29 pass=11111 acc=19 ipm=59.9,72.2 inv=50.0,40.3 | 1(5.1) imip=0/11 pass=10111 acc=-1 ipm=110.4,114.0 inv=136.3,97.1
frame=79 line=1 track=1 cross=0 circle=1(CIRCLE_LEFT_BEGIN) round=0 yroad=0 ramp=0 road=7 speed=0 near=38/124 raw=115/105 sel=124/126 far=0/0 far_raw=0/0 l=1@19/0@-1 far_l=0@-1/0@-1 straight=0/1 far_straight=0/0 circle_cnt=0/0/0/0 lost=0/0 conf=88.9/3.5/0.0/0.0 dist=0 begin=320/0 m0=(84,119) ml=(86,87) md=32/1/135 cxcy=84.0,119.6 guide=-2.33 atg=4.0/2.0/3.0 pure=-0.76/-0.66 yaw=140 cmd=292 actual=-12 signed=1 rps=3400/4200:2452/2331 duty=10/15 pwm=PWM2:10/PWM1:15 motor=2:10/1:15
ATGCorner: L=1@19/0@-1 Y=0@-1/0@-1 farL=0@-1/0@-1 Lxy=59.2,72.5:49.2,40.4/-1.0,-1.0:-1.0,-1.0 Yxy=-1.0,-1.0:-1.0,-1.0/-1.0,-1.0:-1.0,-1.0 farLxy=-1.0,-1.0:-1.0,-1.0/-1.0,-1.0:-1.0,-1.0 best=19:59.2,72.5:49.2,40.4:88.9:11111/3:111.0,109.6:130.6,85.7:3.5:10111 seed_src=lpt/none seed=0.0,0.0/0.0,0.0 far_start=70,0 far_raw=0/0 far_num=0/0 straight=0/1 far_straight=0/0 conf_deg=88.9/3.5/0.0/0.0
CrossDiag: type=CROSS_NONE track=1 half_lr=0/0 nearL=1@19/0@-1 nearNum=38/124 centerNum=38/124 farL=0@-1/0@-1 farNum=0/0 farRaw=0/0 lost=0/0 not_have=0 final=124/126 flags=0/0
LineErr: aim=33 cxcy=84.0,119.6 left=1:-2.21@86,83 dx=2.3 idx=0/12 dist=32/126 right=1:-2.44@87,84 dx=2.5 idx=0/13 dist=32/252 sel=1:-2.54@87,83 dx=2.7 idx=0/16 dist=32/250 edge=1:-2.69@87.0,79.5 dx=3.0 width=52.0 l=61,79 r=113,80
CxScan: raw_ref=80.0 edge=87.0,79.5 best_raw_x=90 best_err=0.78 best_cxcy=87.9,119.6 scan=0:-28.1,10:-25.3,20:-22.4,30:-19.4,40:-16.2,50:-12.9,60:-9.6,70:-6.1,80:-2.7,90:0.8,100:4.2,110:7.7,120:11.0,130:14.3,140:17.5
ATGSeedDiag: seed=1@21,108/1@142,108 begin=7,108 block=5 clip=8
ATGLptDiag: best=19(88.9) imip=9/29 pass=11111 acc=19 ipm=59.2,72.5 inv=49.2,40.4 | 3(3.5) imip=0/13 pass=10111 acc=-1 ipm=111.0,109.6 inv=130.6,85.7
frame=80 line=1 track=1 cross=0 circle=1(CIRCLE_LEFT_BEGIN) round=0 yroad=0 ramp=0 road=7 speed=0 near=37/124 raw=114/105 sel=124/126 far=0/0 far_raw=0/0 l=1@19/0@-1 far_l=0@-1/0@-1 straight=0/1 far_straight=0/0 circle_cnt=0/0/0/0 lost=0/0 conf=88.9/4.2/0.0/0.0 dist=0 begin=327/0 m0=(84,119) ml=(86,87) md=32/1/134 cxcy=84.0,119.6 guide=-2.50 atg=4.0/2.0/3.0 pure=-0.76/-0.68 yaw=150 cmd=300 actual=0 signed=1 rps=3389/4211:2477/2478 duty=10/15 pwm=PWM2:10/PWM1:15 motor=2:10/1:15
ATGCorner: L=1@19/0@-1 Y=0@-1/0@-1 farL=0@-1/0@-1 Lxy=58.6,72.6:48.6,40.6/-1.0,-1.0:-1.0,-1.0 Yxy=-1.0,-1.0:-1.0,-1.0/-1.0,-1.0:-1.0,-1.0 farLxy=-1.0,-1.0:-1.0,-1.0/-1.0,-1.0:-1.0,-1.0 best=19:58.6,72.6:48.6,40.6:88.9:11111/54:124.4,-7.8:93.1,14.9:4.2:10101 seed_src=lpt/none seed=0.0,0.0/0.0,0.0 far_start=70,0 far_raw=0/0 far_num=0/0 straight=0/1 far_straight=0/0 conf_deg=88.9/4.2/0.0/0.0
CrossDiag: type=CROSS_NONE track=1 half_lr=0/0 nearL=1@19/0@-1 nearNum=37/124 centerNum=37/124 farL=0@-1/0@-1 farNum=0/0 farRaw=0/0 lost=0/0 not_have=0 final=124/126 flags=0/0
LineErr: aim=33 cxcy=84.0,119.6 left=1:-2.13@86,83 dx=2.2 idx=0/12 dist=32/124 right=1:-2.59@87,84 dx=2.6 idx=0/13 dist=32/252 sel=1:-2.60@87,83 dx=2.7 idx=0/16 dist=32/250 edge=1:-2.69@87.0,79.5 dx=3.0 width=52.0 l=61,79 r=113,80
CxScan: raw_ref=80.0 edge=87.0,79.5 best_raw_x=90 best_err=0.78 best_cxcy=87.9,119.6 scan=0:-28.1,10:-25.3,20:-22.4,30:-19.4,40:-16.2,50:-12.9,60:-9.6,70:-6.1,80:-2.7,90:0.8,100:4.2,110:7.7,120:11.0,130:14.3,140:17.5
ATGSeedDiag: seed=1@21,108/1@142,108 begin=7,108 block=5 clip=8
ATGLptDiag: best=19(88.9) imip=9/29 pass=11111 acc=19 ipm=58.6,72.6 inv=48.6,40.6 | 54(4.2) imip=44/64 pass=10101 acc=-1 ipm=124.4,-7.8 inv=93.1,14.9
frame=81 line=1 track=1 cross=0 circle=1(CIRCLE_LEFT_BEGIN) round=0 yroad=0 ramp=0 road=7 speed=0 near=37/124 raw=114/105 sel=124/126 far=0/0 far_raw=0/0 l=1@19/0@-1 far_l=0@-1/0@-1 straight=0/1 far_straight=0/0 circle_cnt=0/0/0/0 lost=0/0 conf=87.6/3.5/0.0/0.0 dist=0 begin=334/0 m0=(84,119) ml=(86,87) md=32/1/135 cxcy=84.0,119.6 guide=-2.33 atg=4.0/2.0/3.0 pure=-0.76/-0.65 yaw=140 cmd=254 actual=25 signed=1 rps=3451/4149:2324/2432 duty=10/15 pwm=PWM2:10/PWM1:15 motor=2:10/1:15
ATGCorner: L=1@19/0@-1 Y=0@-1/0@-1 farL=0@-1/0@-1 Lxy=58.4,72.8:48.3,40.6/-1.0,-1.0:-1.0,-1.0 Yxy=-1.0,-1.0:-1.0,-1.0/-1.0,-1.0:-1.0,-1.0 farLxy=-1.0,-1.0:-1.0,-1.0/-1.0,-1.0:-1.0,-1.0 best=19:58.4,72.8:48.3,40.6:87.6:11111/54:124.0,-7.9:92.9,14.9:3.5:10101 seed_src=lpt/none seed=0.0,0.0/0.0,0.0 far_start=70,0 far_raw=0/0 far_num=0/0 straight=0/1 far_straight=0/0 conf_deg=87.6/3.5/0.0/0.0
CrossDiag: type=CROSS_NONE track=1 half_lr=0/0 nearL=1@19/0@-1 nearNum=37/124 centerNum=37/124 farL=0@-1/0@-1 farNum=0/0 farRaw=0/0 lost=0/0 not_have=0 final=124/126 flags=0/0
LineErr: aim=33 cxcy=84.0,119.6 left=1:-2.08@86,83 dx=2.2 idx=0/12 dist=32/125 right=1:-2.45@87,84 dx=2.5 idx=0/13 dist=32/252 sel=1:-2.54@87,83 dx=2.7 idx=0/16 dist=32/250 edge=1:-2.69@87.0,79.5 dx=3.0 width=52.0 l=61,79 r=113,80
CxScan: raw_ref=80.0 edge=87.0,79.5 best_raw_x=90 best_err=0.78 best_cxcy=87.9,119.6 scan=0:-28.1,10:-25.3,20:-22.4,30:-19.4,40:-16.2,50:-12.9,60:-9.6,70:-6.1,80:-2.7,90:0.8,100:4.2,110:7.7,120:11.0,130:14.3,140:17.5
ATGSeedDiag: seed=1@21,108/1@142,108 begin=7,108 block=5 clip=8
ATGLptDiag: best=19(87.6) imip=9/29 pass=11111 acc=19 ipm=58.4,72.8 inv=48.3,40.6 | 54(3.5) imip=44/64 pass=10101 acc=-1 ipm=124.0,-7.9 inv=92.9,14.9
frame=82 line=1 track=1 cross=0 circle=1(CIRCLE_LEFT_BEGIN) round=0 yroad=0 ramp=0 road=7 speed=0 near=37/124 raw=114/105 sel=124/126 far=0/0 far_raw=0/0 l=1@19/0@-1 far_l=0@-1/0@-1 straight=0/1 far_straight=0/0 circle_cnt=0/0/0/0 lost=0/0 conf=88.1/9.0/0.0/0.0 dist=0 begin=341/0 m0=(84,119) ml=(86,87) md=32/1/135 cxcy=84.0,119.6 guide=-2.33 atg=3.0/2.0/3.0 pure=-0.69/-0.65 yaw=140 cmd=223 actual=57 signed=1 rps=3494/4106:2367/2589 duty=10/14 pwm=PWM2:10/PWM1:14 motor=2:10/1:14
ATGCorner: L=1@19/0@-1 Y=0@-1/0@-1 farL=0@-1/0@-1 Lxy=58.4,72.8:48.3,40.7/-1.0,-1.0:-1.0,-1.0 Yxy=-1.0,-1.0:-1.0,-1.0/-1.0,-1.0:-1.0,-1.0 farLxy=-1.0,-1.0:-1.0,-1.0/-1.0,-1.0:-1.0,-1.0 best=19:58.4,72.8:48.3,40.7:88.1:11111/1:110.3,114.3:136.8,98.1:9.0:10111 seed_src=lpt/none seed=0.0,0.0/0.0,0.0 far_start=70,0 far_raw=0/0 far_num=0/0 straight=0/1 far_straight=0/0 conf_deg=88.1/9.0/0.0/0.0
CrossDiag: type=CROSS_NONE track=1 half_lr=0/0 nearL=1@19/0@-1 nearNum=37/124 centerNum=37/124 farL=0@-1/0@-1 farNum=0/0 farRaw=0/0 lost=0/0 not_have=0 final=124/126 flags=0/0
LineErr: aim=33 cxcy=84.0,119.6 left=1:-1.88@86,83 dx=2.0 idx=0/12 dist=32/124 right=1:-2.39@86,84 dx=2.4 idx=0/13 dist=32/252 sel=1:-2.44@87,83 dx=2.6 idx=0/16 dist=32/250 edge=1:-2.69@87.0,79.5 dx=3.0 width=52.0 l=61,79 r=113,80
CxScan: raw_ref=80.0 edge=87.0,79.5 best_raw_x=90 best_err=0.78 best_cxcy=87.9,119.6 scan=0:-28.1,10:-25.3,20:-22.4,30:-19.4,40:-16.2,50:-12.9,60:-9.6,70:-6.1,80:-2.7,90:0.8,100:4.2,110:7.7,120:11.0,130:14.3,140:17.5
ATGSeedDiag: seed=1@21,108/1@141,108 begin=7,108 block=5 clip=8
ATGLptDiag: best=19(88.1) imip=9/29 pass=11111 acc=19 ipm=58.4,72.8 inv=48.3,40.7 | 1(9.0) imip=0/11 pass=10111 acc=-1 ipm=110.3,114.3 inv=136.8,98.1
frame=83 line=1 track=1 cross=0 circle=1(CIRCLE_LEFT_BEGIN) round=0 yroad=0 ramp=0 road=7 speed=0 near=37/124 raw=113/105 sel=124/126 far=0/0 far_raw=0/0 l=1@18/0@-1 far_l=0@-1/0@-1 straight=0/1 far_straight=0/0 circle_cnt=0/0/0/0 lost=0/0 conf=90.1/4.9/0.0/0.0 dist=0 begin=348/0 m0=(84,119) ml=(86,87) md=32/1/134 cxcy=84.0,119.6 guide=-2.16 atg=3.0/2.0/3.0 pure=-0.68/-0.63 yaw=130 cmd=182 actual=78 signed=1 rps=3551/4049:2269/2556 duty=11/14 pwm=PWM2:11/PWM1:14 motor=2:11/1:14
ATGCorner: L=1@18/0@-1 Y=0@-1/0@-1 farL=0@-1/0@-1 Lxy=59.5,74.6:48.9,41.9/-1.0,-1.0:-1.0,-1.0 Yxy=-1.0,-1.0:-1.0,-1.0/-1.0,-1.0:-1.0,-1.0 farLxy=-1.0,-1.0:-1.0,-1.0/-1.0,-1.0:-1.0,-1.0 best=18:59.5,74.6:48.9,41.9:90.1:11111/1:110.1,114.2:136.3,98.0:4.9:10111 seed_src=lpt/none seed=0.0,0.0/0.0,0.0 far_start=70,0 far_raw=0/0 far_num=0/0 straight=0/1 far_straight=0/0 conf_deg=90.1/4.9/0.0/0.0
CrossDiag: type=CROSS_NONE track=1 half_lr=0/0 nearL=1@18/0@-1 nearNum=37/124 centerNum=37/124 farL=0@-1/0@-1 farNum=0/0 farRaw=0/0 lost=0/0 not_have=0 final=124/126 flags=0/0
LineErr: aim=33 cxcy=84.0,119.6 left=1:-1.62@86,82 dx=1.7 idx=0/12 dist=33/123 right=1:-2.09@86,85 dx=2.1 idx=0/13 dist=32/252 sel=1:-2.15@86,83 dx=2.3 idx=0/16 dist=32/250 edge=1:-2.69@87.0,79.5 dx=3.0 width=52.0 l=61,79 r=113,80
CxScan: raw_ref=80.0 edge=87.0,79.5 best_raw_x=90 best_err=0.78 best_cxcy=87.9,119.6 scan=0:-28.1,10:-25.3,20:-22.4,30:-19.4,40:-16.2,50:-12.9,60:-9.6,70:-6.1,80:-2.7,90:0.8,100:4.2,110:7.7,120:11.0,130:14.3,140:17.5
ATGSeedDiag: seed=1@21,108/1@141,108 begin=7,108 block=5 clip=8
ATGLptDiag: best=18(90.1) imip=8/28 pass=11111 acc=18 ipm=59.5,74.6 inv=48.9,41.9 | 1(4.9) imip=0/11 pass=10111 acc=-1 ipm=110.1,114.2 inv=136.3,98.0
frame=87 line=1 track=1 cross=0 circle=1(CIRCLE_LEFT_BEGIN) round=0 yroad=0 ramp=0 road=7 speed=0 near=35/124 raw=111/105 sel=124/126 far=0/0 far_raw=0/0 l=1@18/0@-1 far_l=0@-1/0@-1 straight=0/1 far_straight=0/0 circle_cnt=0/0/0/0 lost=0/0 conf=86.3/5.0/0.0/0.0 dist=0 begin=374/0 m0=(84,119) ml=(86,87) md=32/1/134 cxcy=84.0,119.6 guide=-2.16 atg=3.0/2.0/3.0 pure=-0.68/-0.63 yaw=130 cmd=222 actual=37 signed=1 rps=3495/4105:2325/2515 duty=10/14 pwm=PWM2:10/PWM1:14 motor=2:10/1:14
ATGCorner: L=1@18/0@-1 Y=0@-1/0@-1 farL=0@-1/0@-1 Lxy=58.1,75.1:47.3,42.2/-1.0,-1.0:-1.0,-1.0 Yxy=-1.0,-1.0:-1.0,-1.0/-1.0,-1.0:-1.0,-1.0 farLxy=-1.0,-1.0:-1.0,-1.0/-1.0,-1.0:-1.0,-1.0 best=18:58.1,75.1:47.3,42.2:86.3:11111/1:110.1,114.2:136.3,98.0:5.0:10111 seed_src=lpt/none seed=0.0,0.0/0.0,0.0 far_start=70,0 far_raw=0/0 far_num=0/0 straight=0/1 far_straight=0/0 conf_deg=86.3/5.0/0.0/0.0
CrossDiag: type=CROSS_NONE track=1 half_lr=0/0 nearL=1@18/0@-1 nearNum=35/124 centerNum=35/124 farL=0@-1/0@-1 farNum=0/0 farRaw=0/0 lost=0/0 not_have=0 final=124/126 flags=0/0
LineErr: aim=33 cxcy=84.0,119.6 left=1:-1.24@85,81 dx=1.3 idx=0/12 dist=34/118 right=1:-2.00@86,85 dx=2.0 idx=0/13 dist=32/252 sel=1:-2.14@86,83 dx=2.3 idx=0/16 dist=32/250 edge=1:-2.24@86.5,79.5 dx=2.5 width=53.0 l=60,79 r=113,80
CxScan: raw_ref=80.0 edge=86.5,79.5 best_raw_x=85 best_err=-0.51 best_cxcy=85.9,119.6 scan=0:-27.8,10:-25.0,20:-22.0,30:-18.9,40:-15.8,50:-12.5,60:-9.1,70:-5.7,80:-2.2,90:1.2,100:4.7,110:8.1,120:11.5,130:14.7,140:17.9
ATGSeedDiag: seed=1@21,108/1@141,108 begin=7,108 block=5 clip=8
ATGLptDiag: best=18(86.3) imip=8/28 pass=11111 acc=18 ipm=58.1,75.1 inv=47.3,42.2 | 1(5.0) imip=0/11 pass=10111 acc=-1 ipm=110.1,114.2 inv=136.3,98.0
frame=88 line=1 track=1 cross=0 circle=1(CIRCLE_LEFT_BEGIN) round=0 yroad=0 ramp=0 road=7 speed=0 near=36/124 raw=113/105 sel=124/126 far=0/0 far_raw=0/0 l=1@18/0@-1 far_l=0@-1/0@-1 straight=0/1 far_straight=0/0 circle_cnt=0/0/0/0 lost=0/0 conf=92.8/4.5/0.0/0.0 dist=0 begin=381/0 m0=(84,119) ml=(86,87) md=32/1/134 cxcy=84.0,119.6 guide=-2.16 atg=3.0/2.0/3.0 pure=-0.68/-0.65 yaw=130 cmd=239 actual=21 signed=1 rps=3473/4127:2234/2424 duty=10/15 pwm=PWM2:10/PWM1:15 motor=2:10/1:15
ATGCorner: L=1@18/0@-1 Y=0@-1/0@-1 farL=0@-1/0@-1 Lxy=59.0,74.7:48.4,42.0/-1.0,-1.0:-1.0,-1.0 Yxy=-1.0,-1.0:-1.0,-1.0/-1.0,-1.0:-1.0,-1.0 farLxy=-1.0,-1.0:-1.0,-1.0/-1.0,-1.0:-1.0,-1.0 best=18:59.0,74.7:48.4,42.0:92.8:11111/3:110.8,109.7:130.1,85.8:4.5:10111 seed_src=lpt/none seed=0.0,0.0/0.0,0.0 far_start=70,0 far_raw=0/0 far_num=0/0 straight=0/1 far_straight=0/0 conf_deg=92.8/4.5/0.0/0.0
CrossDiag: type=CROSS_NONE track=1 half_lr=0/0 nearL=1@18/0@-1 nearNum=36/124 centerNum=36/124 farL=0@-1/0@-1 farNum=0/0 farRaw=0/0 lost=0/0 not_have=0 final=124/126 flags=0/0
LineErr: aim=33 cxcy=84.0,119.6 left=1:-1.40@86,81 dx=1.5 idx=0/12 dist=34/122 right=1:-2.09@86,85 dx=2.1 idx=0/13 dist=32/252 sel=1:-2.15@86,83 dx=2.3 idx=0/16 dist=32/250 edge=1:-2.24@86.5,79.5 dx=2.5 width=53.0 l=60,79 r=113,80
CxScan: raw_ref=80.0 edge=86.5,79.5 best_raw_x=85 best_err=-0.51 best_cxcy=85.9,119.6 scan=0:-27.8,10:-25.0,20:-22.0,30:-18.9,40:-15.8,50:-12.5,60:-9.1,70:-5.7,80:-2.2,90:1.2,100:4.7,110:8.1,120:11.5,130:14.7,140:17.9
ATGSeedDiag: seed=1@21,108/1@141,108 begin=7,108 block=5 clip=8
ATGLptDiag: best=18(92.8) imip=8/28 pass=11111 acc=18 ipm=59.0,74.7 inv=48.4,42.0 | 3(4.5) imip=0/13 pass=10111 acc=-1 ipm=110.8,109.7 inv=130.1,85.8
frame=89 line=1 track=1 cross=0 circle=1(CIRCLE_LEFT_BEGIN) round=0 yroad=0 ramp=0 road=7 speed=0 near=35/124 raw=111/105 sel=124/126 far=0/0 far_raw=0/0 l=1@17/0@-1 far_l=0@-1/0@-1 straight=0/1 far_straight=0/0 circle_cnt=0/0/0/0 lost=0/0 conf=91.9/4.7/0.0/0.0 dist=0 begin=388/0 m0=(84,119) ml=(86,87) md=32/1/135 cxcy=84.0,119.6 guide=-2.16 atg=3.0/2.0/3.0 pure=-0.68/-0.65 yaw=130 cmd=248 actual=11 signed=1 rps=3460/4140:2292/2555 duty=10/14 pwm=PWM2:10/PWM1:14 motor=2:10/1:14
ATGCorner: L=1@17/0@-1 Y=0@-1/0@-1 farL=0@-1/0@-1 Lxy=59.6,76.8:48.4,43.4/-1.0,-1.0:-1.0,-1.0 Yxy=-1.0,-1.0:-1.0,-1.0/-1.0,-1.0:-1.0,-1.0 farLxy=-1.0,-1.0:-1.0,-1.0/-1.0,-1.0:-1.0,-1.0 best=17:59.6,76.8:48.4,43.4:91.9:11111/1:110.1,114.2:136.3,98.0:4.7:10111 seed_src=lpt/none seed=0.0,0.0/0.0,0.0 far_start=70,0 far_raw=0/0 far_num=0/0 straight=0/1 far_straight=0/0 conf_deg=91.9/4.7/0.0/0.0
CrossDiag: type=CROSS_NONE track=1 half_lr=0/0 nearL=1@17/0@-1 nearNum=35/124 centerNum=35/124 farL=0@-1/0@-1 farNum=0/0 farRaw=0/0 lost=0/0 not_have=0 final=124/126 flags=0/0
LineErr: aim=33 cxcy=84.0,119.6 left=1:-1.19@85,81 dx=1.3 idx=0/12 dist=34/120 right=1:-2.29@86,85 dx=2.3 idx=0/13 dist=32/252 sel=1:-2.26@86,83 dx=2.4 idx=0/16 dist=32/250 edge=1:-2.24@86.5,79.5 dx=2.5 width=53.0 l=60,79 r=113,80
CxScan: raw_ref=80.0 edge=86.5,79.5 best_raw_x=85 best_err=-0.51 best_cxcy=85.9,119.6 scan=0:-27.8,10:-25.0,20:-22.0,30:-18.9,40:-15.8,50:-12.5,60:-9.1,70:-5.7,80:-2.2,90:1.2,100:4.7,110:8.1,120:11.5,130:14.7,140:17.9
ATGSeedDiag: seed=1@21,108/1@141,108 begin=7,108 block=5 clip=8
ATGLptDiag: best=17(91.9) imip=7/27 pass=11111 acc=17 ipm=59.6,76.8 inv=48.4,43.4 | 1(4.7) imip=0/11 pass=10111 acc=-1 ipm=110.1,114.2 inv=136.3,98.0
frame=97 line=1 track=1 cross=0 circle=1(CIRCLE_LEFT_BEGIN) round=0 yroad=0 ramp=0 road=7 speed=0 near=32/124 raw=108/105 sel=124/126 far=0/0 far_raw=0/0 l=1@16/0@-1 far_l=0@-1/0@-1 straight=0/1 far_straight=0/0 circle_cnt=0/0/0/0 lost=0/0 conf=93.5/5.2/0.0/0.0 dist=0 begin=444/0 m0=(84,119) ml=(86,87) md=32/1/132 cxcy=84.0,119.6 guide=-2.00 atg=2.0/2.0/2.0 pure=-0.60/-0.62 yaw=120 cmd=255 actual=-15 signed=1 rps=3451/4149:2743/2387 duty=10/15 pwm=PWM2:10/PWM1:15 motor=2:10/1:15
ATGCorner: L=1@16/0@-1 Y=0@-1/0@-1 farL=0@-1/0@-1 Lxy=59.3,79.3:47.2,45.3/-1.0,-1.0:-1.0,-1.0 Yxy=-1.0,-1.0:-1.0,-1.0/-1.0,-1.0:-1.0,-1.0 farLxy=-1.0,-1.0:-1.0,-1.0/-1.0,-1.0:-1.0,-1.0 best=16:59.3,79.3:47.2,45.3:93.5:11111/1:110.1,114.2:136.3,98.0:5.2:10111 seed_src=lpt/none seed=0.0,0.0/0.0,0.0 far_start=70,0 far_raw=0/0 far_num=0/0 straight=0/1 far_straight=0/0 conf_deg=93.5/5.2/0.0/0.0
CrossDiag: type=CROSS_NONE track=1 half_lr=0/0 nearL=1@16/0@-1 nearNum=32/124 centerNum=32/124 farL=0@-1/0@-1 farNum=0/0 farRaw=0/0 lost=0/0 not_have=0 final=124/126 flags=0/0
LineErr: aim=33 cxcy=84.0,119.6 left=1:-0.97@85,82 dx=1.0 idx=0/11 dist=34/115 right=1:-2.10@86,82 dx=2.2 idx=0/14 dist=33/252 sel=1:-2.10@86,83 dx=2.2 idx=0/16 dist=32/250 edge=1:-1.34@85.5,79.5 dx=1.5 width=53.0 l=59,79 r=112,80
CxScan: raw_ref=80.0 edge=85.5,79.5 best_raw_x=85 best_err=0.40 best_cxcy=85.9,119.6 scan=0:-27.1,10:-24.2,20:-21.2,30:-18.1,40:-14.9,50:-11.6,60:-8.2,70:-4.8,80:-1.3,90:2.1,100:5.6,110:9.0,120:12.3,130:15.6,140:18.7
ATGSeedDiag: seed=1@21,108/1@141,108 begin=7,108 block=5 clip=8
ATGLptDiag: best=16(93.5) imip=6/26 pass=11111 acc=16 ipm=59.3,79.3 inv=47.2,45.3 | 1(5.2) imip=0/11 pass=10111 acc=-1 ipm=110.1,114.2 inv=136.3,98.0
frame=98 line=1 track=1 cross=0 circle=1(CIRCLE_LEFT_BEGIN) round=0 yroad=0 ramp=0 road=7 speed=0 near=32/124 raw=107/105 sel=124/126 far=0/0 far_raw=0/0 l=1@16/0@-1 far_l=0@-1/0@-1 straight=0/1 far_straight=0/0 circle_cnt=0/0/0/0 lost=0/0 conf=90.1/5.2/0.0/0.0 dist=0 begin=451/0 m0=(84,119) ml=(86,87) md=32/1/132 cxcy=84.0,119.6 guide=-2.00 atg=2.0/2.0/2.0 pure=-0.60/-0.60 yaw=120 cmd=263 actual=-23 signed=1 rps=3440/4160:2882/2490 duty=9/15 pwm=PWM2:9/PWM1:15 motor=2:9/1:15
ATGCorner: L=1@16/0@-1 Y=0@-1/0@-1 farL=0@-1/0@-1 Lxy=58.8,79.6:46.5,45.5/-1.0,-1.0:-1.0,-1.0 Yxy=-1.0,-1.0:-1.0,-1.0/-1.0,-1.0:-1.0,-1.0 farLxy=-1.0,-1.0:-1.0,-1.0/-1.0,-1.0:-1.0,-1.0 best=16:58.8,79.6:46.5,45.5:90.1:11111/1:110.1,114.2:136.3,98.0:5.2:10111 seed_src=lpt/none seed=0.0,0.0/0.0,0.0 far_start=70,0 far_raw=0/0 far_num=0/0 straight=0/1 far_straight=0/0 conf_deg=90.1/5.2/0.0/0.0
CrossDiag: type=CROSS_NONE track=1 half_lr=0/0 nearL=1@16/0@-1 nearNum=32/124 centerNum=32/124 farL=0@-1/0@-1 farNum=0/0 farRaw=0/0 lost=0/0 not_have=0 final=124/126 flags=0/0
LineErr: aim=33 cxcy=84.0,119.6 left=1:-0.95@85,82 dx=1.0 idx=0/11 dist=34/112 right=1:-1.95@86,82 dx=2.0 idx=0/14 dist=33/251 sel=1:-1.95@86,83 dx=2.0 idx=0/16 dist=32/250 edge=1:-1.35@85.5,80.0 dx=1.5 width=53.0 l=59,80 r=112,80
CxScan: raw_ref=80.0 edge=85.5,80.0 best_raw_x=85 best_err=0.40 best_cxcy=85.9,119.6 scan=0:-27.3,10:-24.4,20:-21.4,30:-18.3,40:-15.0,50:-11.7,60:-8.3,70:-4.8,80:-1.3,90:2.2,100:5.6,110:9.1,120:12.4,130:15.7,140:18.9
ATGSeedDiag: seed=1@21,108/1@141,108 begin=7,108 block=5 clip=8
ATGLptDiag: best=16(90.1) imip=6/26 pass=11111 acc=16 ipm=58.8,79.6 inv=46.5,45.5 | 1(5.2) imip=0/11 pass=10111 acc=-1 ipm=110.1,114.2 inv=136.3,98.0
frame=99 line=1 track=1 cross=0 circle=1(CIRCLE_LEFT_BEGIN) round=0 yroad=0 ramp=0 road=7 speed=0 near=32/124 raw=107/105 sel=124/125 far=0/0 far_raw=0/0 l=1@15/0@-1 far_l=0@-1/0@-1 straight=0/1 far_straight=0/0 circle_cnt=0/0/0/0 lost=0/0 conf=94.4/5.8/0.0/0.0 dist=0 begin=459/0 m0=(84,119) ml=(86,87) md=32/1/129 cxcy=84.0,119.6 guide=-1.83 atg=2.0/2.0/1.0 pure=-0.53/-0.57 yaw=110 cmd=230 actual=-11 signed=1 rps=3485/4115:2936/2634 duty=10/14 pwm=PWM2:10/PWM1:14 motor=2:10/1:14
ATGCorner: L=1@15/0@-1 Y=0@-1/0@-1 farL=0@-1/0@-1 Lxy=60.2,81.4:47.5,47.0/-1.0,-1.0:-1.0,-1.0 Yxy=-1.0,-1.0:-1.0,-1.0/-1.0,-1.0:-1.0,-1.0 farLxy=-1.0,-1.0:-1.0,-1.0/-1.0,-1.0:-1.0,-1.0 best=15:60.2,81.4:47.5,47.0:94.4:11111/1:110.1,114.2:136.3,98.0:5.8:10111 seed_src=lpt/none seed=0.0,0.0/0.0,0.0 far_start=70,0 far_raw=0/0 far_num=0/0 straight=0/1 far_straight=0/0 conf_deg=94.4/5.8/0.0/0.0
CrossDiag: type=CROSS_NONE track=1 half_lr=0/0 nearL=1@15/0@-1 nearNum=32/124 centerNum=32/124 farL=0@-1/0@-1 farNum=0/0 farRaw=0/0 lost=0/0 not_have=0 final=124/125 flags=0/0
LineErr: aim=33 cxcy=84.0,119.6 left=1:-0.87@85,81 dx=0.9 idx=0/11 dist=35/114 right=1:-1.75@86,83 dx=1.8 idx=0/14 dist=33/252 sel=1:-1.76@86,83 dx=1.8 idx=0/16 dist=32/248 edge=1:-1.35@85.5,80.0 dx=1.5 width=53.0 l=59,80 r=112,80
CxScan: raw_ref=80.0 edge=85.5,80.0 best_raw_x=85 best_err=0.40 best_cxcy=85.9,119.6 scan=0:-27.3,10:-24.4,20:-21.4,30:-18.3,40:-15.0,50:-11.7,60:-8.3,70:-4.8,80:-1.3,90:2.2,100:5.6,110:9.1,120:12.4,130:15.7,140:18.9
ATGSeedDiag: seed=1@21,108/1@141,108 begin=7,108 block=5 clip=8
ATGLptDiag: best=15(94.4) imip=5/25 pass=11111 acc=15 ipm=60.2,81.4 inv=47.5,47.0 | 1(5.8) imip=0/11 pass=10111 acc=-1 ipm=110.1,114.2 inv=136.3,98.0
frame=100 line=1 track=1 cross=0 circle=1(CIRCLE_LEFT_BEGIN) round=0 yroad=0 ramp=0 road=7 speed=0 near=31/124 raw=106/105 sel=124/125 far=0/0 far_raw=0/0 l=1@15/0@-1 far_l=0@-1/0@-1 straight=0/1 far_straight=0/0 circle_cnt=0/0/0/0 lost=0/0 conf=93.8/6.4/0.0/0.0 dist=0 begin=466/0 m0=(84,119) ml=(85,87) md=32/1/130 cxcy=84.0,119.6 guide=-1.49 atg=2.0/1.0/1.0 pure=-0.51/-0.53 yaw=89 cmd=160 actual=18 signed=1 rps=3580/4020:2757/2510 duty=10/14 pwm=PWM2:10/PWM1:14 motor=2:10/1:14
ATGCorner: L=1@15/0@-1 Y=0@-1/0@-1 farL=0@-1/0@-1 Lxy=59.9,81.6:47.2,47.1/-1.0,-1.0:-1.0,-1.0 Yxy=-1.0,-1.0:-1.0,-1.0/-1.0,-1.0:-1.0,-1.0 farLxy=-1.0,-1.0:-1.0,-1.0/-1.0,-1.0:-1.0,-1.0 best=15:59.9,81.6:47.2,47.1:93.8:11111/1:110.1,114.2:136.3,98.0:6.4:10111 seed_src=lpt/none seed=0.0,0.0/0.0,0.0 far_start=70,0 far_raw=0/0 far_num=0/0 straight=0/1 far_straight=0/0 conf_deg=93.8/6.4/0.0/0.0
CrossDiag: type=CROSS_NONE track=1 half_lr=0/0 nearL=1@15/0@-1 nearNum=31/124 centerNum=31/124 farL=0@-1/0@-1 farNum=0/0 farRaw=0/0 lost=0/0 not_have=0 final=124/125 flags=0/0
LineErr: aim=33 cxcy=84.0,119.6 left=1:-1.59@86,85 dx=1.6 idx=0/10 dist=31/112 right=1:-1.45@86,83 dx=1.5 idx=0/14 dist=33/251 sel=1:-1.46@86,82 dx=1.5 idx=0/16 dist=32/248 edge=1:-0.89@85.0,80.0 dx=1.0 width=54.0 l=58,80 r=112,80
CxScan: raw_ref=80.0 edge=85.0,80.0 best_raw_x=85 best_err=0.86 best_cxcy=85.9,119.6 scan=0:-26.9,10:-24.0,20:-21.0,30:-17.9,40:-14.6,50:-11.3,60:-7.9,70:-4.4,80:-0.9,90:2.6,100:6.1,110:9.5,120:12.9,130:16.1,140:19.3
ATGSeedDiag: seed=1@21,108/1@141,108 begin=7,108 block=5 clip=8
ATGLptDiag: best=15(93.8) imip=5/25 pass=11111 acc=15 ipm=59.9,81.6 inv=47.2,47.1 | 1(6.4) imip=0/11 pass=10111 acc=-1 ipm=110.1,114.2 inv=136.3,98.0
frame=101 line=1 track=1 cross=0 circle=1(CIRCLE_LEFT_BEGIN) round=0 yroad=0 ramp=0 road=7 speed=0 near=31/124 raw=106/105 sel=124/126 far=0/0 far_raw=0/0 l=1@15/0@-1 far_l=0@-1/0@-1 straight=0/1 far_straight=0/0 circle_cnt=0/0/0/0 lost=0/0 conf=94.2/4.0/0.0/0.0 dist=0 begin=473/0 m0=(84,119) ml=(85,87) md=32/1/130 cxcy=84.0,119.6 guide=-1.15 atg=1.0/1.0/1.0 pure=-0.46/-0.51 yaw=69 cmd=98 actual=40 signed=1 rps=3666/3934:2797/2644 duty=10/14 pwm=PWM2:10/PWM1:14 motor=2:10/1:14
ATGCorner: L=1@15/0@-1 Y=0@-1/0@-1 farL=0@-1/0@-1 Lxy=59.7,81.6:46.9,47.1/-1.0,-1.0:-1.0,-1.0 Yxy=-1.0,-1.0:-1.0,-1.0/-1.0,-1.0:-1.0,-1.0 farLxy=-1.0,-1.0:-1.0,-1.0/-1.0,-1.0:-1.0,-1.0 best=15:59.7,81.6:46.9,47.1:94.2:11111/2:110.2,111.9:132.5,91.5:4.0:10111 seed_src=lpt/none seed=0.0,0.0/0.0,0.0 far_start=70,0 far_raw=0/0 far_num=0/0 straight=0/1 far_straight=0/0 conf_deg=94.2/4.0/0.0/0.0
CrossDiag: type=CROSS_NONE track=1 half_lr=0/0 nearL=1@15/0@-1 nearNum=31/124 centerNum=31/124 farL=0@-1/0@-1 farNum=0/0 farRaw=0/0 lost=0/0 not_have=0 final=124/126 flags=0/0
LineErr: aim=33 cxcy=84.0,119.6 left=1:-1.37@85,85 dx=1.4 idx=0/10 dist=32/112 right=1:-1.36@85,83 dx=1.4 idx=0/14 dist=33/251 sel=1:-1.37@85,82 dx=1.4 idx=0/16 dist=32/250 edge=1:-0.43@84.5,80.0 dx=0.5 width=55.0 l=57,81 r=112,79
CxScan: raw_ref=80.0 edge=84.5,80.0 best_raw_x=80 best_err=-0.43 best_cxcy=84.0,119.6 scan=0:-26.5,10:-23.6,20:-20.6,30:-17.4,40:-14.2,50:-10.8,60:-7.4,70:-3.9,80:-0.4,90:3.1,100:6.5,110:9.9,120:13.3,130:16.5,140:19.7
ATGSeedDiag: seed=1@21,108/1@141,108 begin=7,108 block=5 clip=8
ATGLptDiag: best=15(94.2) imip=5/25 pass=11111 acc=15 ipm=59.7,81.6 inv=46.9,47.1 | 2(4.0) imip=0/12 pass=10111 acc=-1 ipm=110.2,111.9 inv=132.5,91.5
frame=103 line=1 track=1 cross=0 circle=1(CIRCLE_LEFT_BEGIN) round=0 yroad=0 ramp=0 road=7 speed=0 near=30/124 raw=105/105 sel=124/125 far=0/0 far_raw=0/0 l=1@15/0@-1 far_l=0@-1/0@-1 straight=0/1 far_straight=0/0 circle_cnt=0/0/0/0 lost=0/0 conf=93.9/3.9/0.0/0.0 dist=0 begin=488/0 m0=(84,119) ml=(85,87) md=32/1/130 cxcy=84.0,119.6 guide=-1.15 atg=1.0/1.0/1.0 pure=-0.48/-0.53 yaw=69 cmd=76 actual=63 signed=1 rps=3697/3903:2778/2750 duty=10/13 pwm=PWM2:10/PWM1:13 motor=2:10/1:13
ATGCorner: L=1@15/0@-1 Y=0@-1/0@-1 farL=0@-1/0@-1 Lxy=59.1,81.7:46.2,47.2/-1.0,-1.0:-1.0,-1.0 Yxy=-1.0,-1.0:-1.0,-1.0/-1.0,-1.0:-1.0,-1.0 farLxy=-1.0,-1.0:-1.0,-1.0/-1.0,-1.0:-1.0,-1.0 best=15:59.1,81.7:46.2,47.2:93.9:11111/47:119.0,8.0:92.5,17.6:3.9:10101 seed_src=lpt/none seed=0.0,0.0/0.0,0.0 far_start=70,0 far_raw=0/0 far_num=0/0 straight=0/1 far_straight=0/0 conf_deg=93.9/3.9/0.0/0.0
CrossDiag: type=CROSS_NONE track=1 half_lr=0/0 nearL=1@15/0@-1 nearNum=30/124 centerNum=30/124 farL=0@-1/0@-1 farNum=0/0 farRaw=0/0 lost=0/0 not_have=0 final=124/125 flags=0/0
LineErr: aim=33 cxcy=84.0,119.6 left=1:-0.95@85,84 dx=1.0 idx=0/10 dist=32/109 right=1:-1.36@85,83 dx=1.4 idx=0/14 dist=33/251 sel=1:-1.37@85,82 dx=1.4 idx=0/16 dist=32/248 edge=1:-0.44@84.5,80.5 dx=0.5 width=55.0 l=57,81 r=112,80
CxScan: raw_ref=80.0 edge=84.5,80.5 best_raw_x=80 best_err=-0.44 best_cxcy=84.0,119.6 scan=0:-26.7,10:-23.8,20:-20.7,30:-17.6,40:-14.3,50:-10.9,60:-7.5,70:-4.0,80:-0.4,90:3.1,100:6.6,110:10.0,120:13.4,130:16.7,140:19.8
ATGSeedDiag: seed=1@21,108/1@141,108 begin=7,108 block=5 clip=8
ATGLptDiag: best=15(93.9) imip=5/25 pass=11111 acc=15 ipm=59.1,81.7 inv=46.2,47.2 | 47(3.9) imip=37/57 pass=10101 acc=-1 ipm=119.0,8.0 inv=92.5,17.6
frame=104 line=1 track=1 cross=0 circle=1(CIRCLE_LEFT_BEGIN) round=0 yroad=0 ramp=0 road=7 speed=0 near=30/124 raw=104/105 sel=124/125 far=0/0 far_raw=0/0 l=1@15/0@-1 far_l=0@-1/0@-1 straight=0/1 far_straight=0/0 circle_cnt=0/0/0/0 lost=0/0 conf=91.7/4.1/0.0/0.0 dist=0 begin=496/0 m0=(84,119) ml=(85,87) md=32/1/129 cxcy=84.0,119.6 guide=-1.49 atg=2.0/2.0/1.0 pure=-0.52/-0.57 yaw=89 cmd=114 actual=64 signed=1 rps=3643/3957:2869/2931 duty=10/13 pwm=PWM2:10/PWM1:13 motor=2:10/1:13
ATGCorner: L=1@15/0@-1 Y=0@-1/0@-1 farL=0@-1/0@-1 Lxy=58.6,81.8:45.5,47.3/-1.0,-1.0:-1.0,-1.0 Yxy=-1.0,-1.0:-1.0,-1.0/-1.0,-1.0:-1.0,-1.0 farLxy=-1.0,-1.0:-1.0,-1.0/-1.0,-1.0:-1.0,-1.0 best=15:58.6,81.8:45.5,47.3:91.7:11111/47:119.7,8.1:92.9,17.6:4.1:10101 seed_src=lpt/none seed=0.0,0.0/0.0,0.0 far_start=70,0 far_raw=0/0 far_num=0/0 straight=0/1 far_straight=0/0 conf_deg=91.7/4.1/0.0/0.0
CrossDiag: type=CROSS_NONE track=1 half_lr=0/0 nearL=1@15/0@-1 nearNum=30/124 centerNum=30/124 farL=0@-1/0@-1 farNum=0/0 farRaw=0/0 lost=0/0 not_have=0 final=124/125 flags=0/0
LineErr: aim=33 cxcy=84.0,119.6 left=1:-0.81@85,84 dx=0.8 idx=0/10 dist=32/109 right=1:-1.45@86,83 dx=1.5 idx=0/14 dist=33/251 sel=1:-1.46@86,83 dx=1.5 idx=0/16 dist=32/248 edge=1:0.02@84.0,80.5 dx=-0.0 width=56.0 l=56,81 r=112,80
CxScan: raw_ref=80.0 edge=84.0,80.5 best_raw_x=80 best_err=0.02 best_cxcy=84.0,119.6 scan=0:-26.3,10:-23.4,20:-20.3,30:-17.2,40:-13.9,50:-10.5,60:-7.0,70:-3.5,80:0.0,90:3.5,100:7.0,110:10.5,120:13.8,130:17.1,140:20.2
ATGSeedDiag: seed=1@21,108/1@141,108 begin=7,108 block=5 clip=8
ATGLptDiag: best=15(91.7) imip=5/25 pass=11111 acc=15 ipm=58.6,81.8 inv=45.5,47.3 | 47(4.1) imip=37/57 pass=10101 acc=-1 ipm=119.7,8.1 inv=92.9,17.6
frame=105 line=1 track=1 cross=0 circle=1(CIRCLE_LEFT_BEGIN) round=0 yroad=0 ramp=0 road=7 speed=0 near=30/124 raw=104/105 sel=124/125 far=0/0 far_raw=0/0 l=1@15/0@-1 far_l=0@-1/0@-1 straight=0/1 far_straight=0/0 circle_cnt=0/0/0/0 lost=0/0 conf=93.0/3.9/0.0/0.0 dist=0 begin=504/0 m0=(84,119) ml=(85,87) md=32/1/130 cxcy=84.0,119.6 guide=-1.49 atg=2.0/1.0/1.0 pure=-0.51/-0.53 yaw=89 cmd=113 actual=66 signed=1 rps=3645/3955:2682/2849 duty=10/13 pwm=PWM2:10/PWM1:13 motor=2:10/1:13
ATGCorner: L=1@15/0@-1 Y=0@-1/0@-1 farL=0@-1/0@-1 Lxy=58.5,82.0:45.4,47.5/-1.0,-1.0:-1.0,-1.0 Yxy=-1.0,-1.0:-1.0,-1.0/-1.0,-1.0:-1.0,-1.0 farLxy=-1.0,-1.0:-1.0,-1.0/-1.0,-1.0:-1.0,-1.0 best=15:58.5,82.0:45.4,47.5:93.0:11111/2:110.2,111.9:132.5,91.5:3.9:10111 seed_src=lpt/none seed=0.0,0.0/0.0,0.0 far_start=70,0 far_raw=0/0 far_num=0/0 straight=0/1 far_straight=0/0 conf_deg=93.0/3.9/0.0/0.0
CrossDiag: type=CROSS_NONE track=1 half_lr=0/0 nearL=1@15/0@-1 nearNum=30/124 centerNum=30/124 farL=0@-1/0@-1 farNum=0/0 farRaw=0/0 lost=0/0 not_have=0 final=124/125 flags=0/0
LineErr: aim=33 cxcy=84.0,119.6 left=1:-0.69@85,84 dx=0.7 idx=0/10 dist=32/110 right=1:-1.45@86,83 dx=1.5 idx=0/14 dist=33/251 sel=1:-1.46@86,83 dx=1.5 idx=0/16 dist=32/248 edge=1:0.02@84.0,80.5 dx=-0.0 width=56.0 l=56,81 r=112,80
CxScan: raw_ref=80.0 edge=84.0,80.5 best_raw_x=80 best_err=0.02 best_cxcy=84.0,119.6 scan=0:-26.3,10:-23.4,20:-20.3,30:-17.2,40:-13.9,50:-10.5,60:-7.0,70:-3.5,80:0.0,90:3.5,100:7.0,110:10.5,120:13.8,130:17.1,140:20.2
ATGSeedDiag: seed=1@21,108/1@141,108 begin=7,108 block=5 clip=8
ATGLptDiag: best=15(93.0) imip=5/25 pass=11111 acc=15 ipm=58.5,82.0 inv=45.4,47.5 | 2(3.9) imip=0/12 pass=10111 acc=-1 ipm=110.2,111.9 inv=132.5,91.5
frame=106 line=1 track=1 cross=0 circle=1(CIRCLE_LEFT_BEGIN) round=0 yroad=0 ramp=0 road=7 speed=0 near=30/124 raw=104/105 sel=124/126 far=0/0 far_raw=0/0 l=1@14/0@-1 far_l=0@-1/0@-1 straight=0/1 far_straight=0/0 circle_cnt=0/0/0/0 lost=0/0 conf=94.9/5.3/0.0/0.0 dist=0 begin=512/0 m0=(84,119) ml=(85,87) md=32/1/130 cxcy=84.0,119.6 guide=-1.15 atg=2.0/1.0/1.0 pure=-0.51/-0.53 yaw=69 cmd=76 actual=62 signed=1 rps=3696/3904:2730/2981 duty=11/13 pwm=PWM2:11/PWM1:13 motor=2:11/1:13
ATGCorner: L=1@14/0@-1 Y=0@-1/0@-1 farL=0@-1/0@-1 Lxy=60.0,83.7:46.5,49.0/-1.0,-1.0:-1.0,-1.0 Yxy=-1.0,-1.0:-1.0,-1.0/-1.0,-1.0:-1.0,-1.0 farLxy=-1.0,-1.0:-1.0,-1.0/-1.0,-1.0:-1.0,-1.0 best=14:60.0,83.7:46.5,49.0:94.9:11111/1:110.0,114.2:135.9,98.0:5.3:10111 seed_src=lpt/none seed=0.0,0.0/0.0,0.0 far_start=70,0 far_raw=0/0 far_num=0/0 straight=0/1 far_straight=0/0 conf_deg=94.9/5.3/0.0/0.0
CrossDiag: type=CROSS_NONE track=1 half_lr=0/0 nearL=1@14/0@-1 nearNum=30/124 centerNum=30/124 farL=0@-1/0@-1 farNum=0/0 farRaw=0/0 lost=0/0 not_have=0 final=124/126 flags=0/0
LineErr: aim=33 cxcy=84.0,119.6 left=1:-0.53@85,83 dx=0.6 idx=0/10 dist=33/109 right=1:-1.36@85,83 dx=1.4 idx=0/14 dist=33/251 sel=1:-1.37@85,82 dx=1.4 idx=0/16 dist=32/250 edge=1:0.02@84.0,81.0 dx=-0.0 width=56.0 l=56,82 r=112,80
CxScan: raw_ref=80.0 edge=84.0,81.0 best_raw_x=80 best_err=0.02 best_cxcy=84.0,119.6 scan=0:-26.5,10:-23.6,20:-20.5,30:-17.3,40:-14.0,50:-10.5,60:-7.1,70:-3.5,80:0.0,90:3.6,100:7.1,110:10.6,120:13.9,130:17.2,140:20.4
ATGSeedDiag: seed=1@21,108/1@141,108 begin=7,108 block=5 clip=8
ATGLptDiag: best=14(94.9) imip=4/24 pass=11111 acc=14 ipm=60.0,83.7 inv=46.5,49.0 | 1(5.3) imip=0/11 pass=10111 acc=-1 ipm=110.0,114.2 inv=135.9,98.0
frame=107 line=1 track=1 cross=0 circle=1(CIRCLE_LEFT_BEGIN) round=0 yroad=0 ramp=0 road=7 speed=0 near=29/124 raw=103/105 sel=124/126 far=0/0 far_raw=0/0 l=1@14/0@-1 far_l=0@-1/0@-1 straight=0/1 far_straight=0/0 circle_cnt=0/0/0/0 lost=0/0 conf=94.8/4.4/0.0/0.0 dist=0 begin=520/0 m0=(84,119) ml=(85,87) md=32/1/130 cxcy=84.0,119.6 guide=-1.15 atg=1.0/1.0/1.0 pure=-0.44/-0.53 yaw=69 cmd=89 actual=49 signed=1 rps=3677/3923:2586/2901 duty=11/13 pwm=PWM2:11/PWM1:13 motor=2:11/1:13
ATGCorner: L=1@14/0@-1 Y=0@-1/0@-1 farL=0@-1/0@-1 Lxy=59.7,83.8:46.0,49.0/-1.0,-1.0:-1.0,-1.0 Yxy=-1.0,-1.0:-1.0,-1.0/-1.0,-1.0:-1.0,-1.0 farLxy=-1.0,-1.0:-1.0,-1.0/-1.0,-1.0:-1.0,-1.0 best=14:59.7,83.8:46.0,49.0:94.8:11111/46:118.8,10.3:92.8,18.0:4.4:10101 seed_src=lpt/none seed=0.0,0.0/0.0,0.0 far_start=70,0 far_raw=0/0 far_num=0/0 straight=0/1 far_straight=0/0 conf_deg=94.8/4.4/0.0/0.0
CrossDiag: type=CROSS_NONE track=1 half_lr=0/0 nearL=1@14/0@-1 nearNum=29/124 centerNum=29/124 farL=0@-1/0@-1 farNum=0/0 farRaw=0/0 lost=0/0 not_have=0 final=124/126 flags=0/0
LineErr: aim=33 cxcy=84.0,119.6 left=1:-0.33@84,83 dx=0.4 idx=0/10 dist=33/108 right=1:-1.36@85,83 dx=1.4 idx=0/14 dist=33/251 sel=1:-1.37@85,83 dx=1.4 idx=0/16 dist=32/250 edge=1:0.49@83.5,81.5 dx=-0.5 width=57.1 l=55,83 r=112,80
CxScan: raw_ref=80.0 edge=83.5,81.5 best_raw_x=80 best_err=0.49 best_cxcy=84.0,119.6 scan=0:-26.3,10:-23.4,20:-20.2,30:-17.0,40:-13.6,50:-10.2,60:-6.7,70:-3.1,80:0.5,90:4.1,100:7.6,110:11.1,120:14.5,130:17.8,140:20.9
ATGSeedDiag: seed=1@21,108/1@141,108 begin=7,108 block=5 clip=8
ATGLptDiag: best=14(94.8) imip=4/24 pass=11111 acc=14 ipm=59.7,83.8 inv=46.0,49.0 | 46(4.4) imip=36/56 pass=10101 acc=-1 ipm=118.8,10.3 inv=92.8,18.0
frame=108 line=1 track=1 cross=0 circle=1(CIRCLE_LEFT_BEGIN) round=0 yroad=0 ramp=0 road=7 speed=0 near=29/124 raw=103/105 sel=124/126 far=0/0 far_raw=0/0 l=1@14/0@-1 far_l=0@-1/0@-1 straight=0/1 far_straight=0/0 circle_cnt=0/0/0/0 lost=0/0 conf=95.4/4.0/0.0/0.0 dist=0 begin=527/0 m0=(84,119) ml=(85,87) md=32/1/130 cxcy=84.0,119.6 guide=-1.15 atg=1.0/1.0/1.0 pure=-0.43/-0.51 yaw=69 cmd=103 actual=35 signed=1 rps=3659/3941:2651/2946 duty=11/13 pwm=PWM2:11/PWM1:13 motor=2:11/1:13
ATGCorner: L=1@14/0@-1 Y=0@-1/0@-1 farL=0@-1/0@-1 Lxy=59.6,83.8:46.0,49.1/-1.0,-1.0:-1.0,-1.0 Yxy=-1.0,-1.0:-1.0,-1.0/-1.0,-1.0:-1.0,-1.0 farLxy=-1.0,-1.0:-1.0,-1.0/-1.0,-1.0:-1.0,-1.0 best=14:59.6,83.8:46.0,49.1:95.4:11111/2:110.2,111.9:132.4,91.5:4.0:10111 seed_src=lpt/none seed=0.0,0.0/0.0,0.0 far_start=70,0 far_raw=0/0 far_num=0/0 straight=0/1 far_straight=0/0 conf_deg=95.4/4.0/0.0/0.0
CrossDiag: type=CROSS_NONE track=1 half_lr=0/0 nearL=1@14/0@-1 nearNum=29/124 centerNum=29/124 farL=0@-1/0@-1 farNum=0/0 farRaw=0/0 lost=0/0 not_have=0 final=124/126 flags=0/0
LineErr: aim=33 cxcy=84.0,119.6 left=1:-0.26@84,82 dx=0.3 idx=0/10 dist=33/107 right=1:-1.35@85,83 dx=1.4 idx=0/14 dist=33/251 sel=1:-1.37@85,82 dx=1.4 idx=0/16 dist=32/250 edge=1:0.49@83.5,81.0 dx=-0.5 width=57.1 l=55,83 r=112,79
CxScan: raw_ref=80.0 edge=83.5,81.0 best_raw_x=80 best_err=0.49 best_cxcy=84.0,119.6 scan=0:-26.1,10:-23.2,20:-20.1,30:-16.9,40:-13.5,50:-10.1,60:-6.6,70:-3.1,80:0.5,90:4.0,100:7.5,110:11.0,120:14.4,130:17.6,140:20.8
ATGSeedDiag: seed=1@21,108/1@141,108 begin=7,108 block=5 clip=8
ATGLptDiag: best=14(95.4) imip=4/24 pass=11111 acc=14 ipm=59.6,83.8 inv=46.0,49.1 | 2(4.0) imip=0/12 pass=10111 acc=-1 ipm=110.2,111.9 inv=132.4,91.5
frame=109 line=1 track=1 cross=0 circle=1(CIRCLE_LEFT_BEGIN) round=0 yroad=0 ramp=0 road=7 speed=0 near=29/124 raw=102/105 sel=124/126 far=0/0 far_raw=0/0 l=1@14/0@-1 far_l=0@-1/0@-1 straight=0/1 far_straight=0/0 circle_cnt=0/0/0/0 lost=0/0 conf=93.1/3.7/0.0/0.0 dist=0 begin=534/0 m0=(84,119) ml=(85,87) md=32/1/130 cxcy=84.0,119.6 guide=-0.98 atg=1.0/1.0/1.0 pure=-0.43/-0.51 yaw=59 cmd=98 actual=20 signed=1 rps=3665/3935:2505/2775 duty=11/13 pwm=PWM2:11/PWM1:13 motor=2:11/1:13
ATGCorner: L=1@14/0@-1 Y=0@-1/0@-1 farL=0@-1/0@-1 Lxy=59.0,84.0:45.2,49.2/-1.0,-1.0:-1.0,-1.0 Yxy=-1.0,-1.0:-1.0,-1.0/-1.0,-1.0:-1.0,-1.0 farLxy=-1.0,-1.0:-1.0,-1.0/-1.0,-1.0:-1.0,-1.0 best=14:59.0,84.0:45.2,49.2:93.1:11111/44:118.2,14.9:93.1,19.0:3.7:10111 seed_src=lpt/none seed=0.0,0.0/0.0,0.0 far_start=70,0 far_raw=0/0 far_num=0/0 straight=0/1 far_straight=0/0 conf_deg=93.1/3.7/0.0/0.0
CrossDiag: type=CROSS_NONE track=1 half_lr=0/0 nearL=1@14/0@-1 nearNum=29/124 centerNum=29/124 farL=0@-1/0@-1 farNum=0/0 farRaw=0/0 lost=0/0 not_have=0 final=124/126 flags=0/0
LineErr: aim=33 cxcy=84.0,119.6 left=1:-0.04@84,82 dx=0.0 idx=0/10 dist=34/106 right=1:-1.30@85,83 dx=1.4 idx=0/14 dist=33/253 sel=1:-1.30@85,82 dx=1.4 idx=0/16 dist=32/250 edge=1:0.49@83.5,81.5 dx=-0.5 width=57.2 l=55,84 r=112,79
CxScan: raw_ref=80.0 edge=83.5,81.5 best_raw_x=80 best_err=0.49 best_cxcy=84.0,119.6 scan=0:-26.3,10:-23.4,20:-20.2,30:-17.0,40:-13.6,50:-10.2,60:-6.7,70:-3.1,80:0.5,90:4.1,100:7.6,110:11.1,120:14.5,130:17.8,140:20.9
ATGSeedDiag: seed=1@21,108/1@141,108 begin=7,108 block=5 clip=8
ATGLptDiag: best=14(93.1) imip=4/24 pass=11111 acc=14 ipm=59.0,84.0 inv=45.2,49.2 | 44(3.7) imip=34/54 pass=10111 acc=-1 ipm=118.2,14.9 inv=93.1,19.0
frame=110 line=1 track=1 cross=0 circle=1(CIRCLE_LEFT_BEGIN) round=0 yroad=0 ramp=0 road=7 speed=0 near=28/124 raw=101/104 sel=124/126 far=0/0 far_raw=0/0 l=1@14/0@-1 far_l=0@-1/0@-1 straight=0/1 far_straight=0/0 circle_cnt=0/0/0/0 lost=0/0 conf=91.6/6.2/0.0/0.0 dist=0 begin=541/0 m0=(84,119) ml=(85,87) md=32/1/130 cxcy=84.0,119.6 guide=-0.98 atg=1.0/1.0/1.0 pure=-0.43/-0.51 yaw=59 cmd=104 actual=14 signed=1 rps=3658/3942:2580/2883 duty=11/13 pwm=PWM2:11/PWM1:13 motor=2:11/1:13
ATGCorner: L=1@14/0@-1 Y=0@-1/0@-1 farL=0@-1/0@-1 Lxy=58.5,84.3:44.4,49.5/-1.0,-1.0:-1.0,-1.0 Yxy=-1.0,-1.0:-1.0,-1.0/-1.0,-1.0:-1.0,-1.0 farLxy=-1.0,-1.0:-1.0,-1.0/-1.0,-1.0:-1.0,-1.0 best=14:58.5,84.3:44.4,49.5:91.6:11111/1:109.9,113.9:135.3,97.1:6.2:10111 seed_src=lpt/none seed=0.0,0.0/0.0,0.0 far_start=70,0 far_raw=0/0 far_num=0/0 straight=0/1 far_straight=0/0 conf_deg=91.6/6.2/0.0/0.0
CrossDiag: type=CROSS_NONE track=1 half_lr=0/0 nearL=1@14/0@-1 nearNum=28/124 centerNum=28/124 farL=0@-1/0@-1 farNum=0/0 farRaw=0/0 lost=0/0 not_have=0 final=124/126 flags=0/0
LineErr: aim=33 cxcy=84.0,119.6 left=1:-0.32@84,85 dx=0.3 idx=0/9 dist=31/106 right=1:-1.31@85,83 dx=1.4 idx=0/14 dist=33/253 sel=1:-1.31@85,82 dx=1.4 idx=0/16 dist=32/250 edge=1:0.96@83.0,81.5 dx=-1.0 width=58.2 l=54,84 r=112,79
CxScan: raw_ref=80.0 edge=83.0,81.5 best_raw_x=75 best_err=-0.83 best_cxcy=82.1,119.5 scan=0:-26.0,10:-23.0,20:-19.8,30:-16.6,40:-13.2,50:-9.7,60:-6.2,70:-2.6,80:1.0,90:4.5,100:8.1,110:11.5,120:14.9,130:18.2,140:21.3
ATGSeedDiag: seed=1@21,108/1@140,107 begin=7,108 block=5 clip=8
ATGLptDiag: best=14(91.6) imip=4/24 pass=11111 acc=14 ipm=58.5,84.3 inv=44.4,49.5 | 1(6.2) imip=0/11 pass=10111 acc=-1 ipm=109.9,113.9 inv=135.3,97.1
frame=111 line=1 track=1 cross=0 circle=1(CIRCLE_LEFT_BEGIN) round=0 yroad=0 ramp=0 road=7 speed=0 near=28/124 raw=101/105 sel=124/126 far=0/0 far_raw=0/0 l=1@13/0@-1 far_l=0@-1/0@-1 straight=0/1 far_straight=0/0 circle_cnt=0/0/0/0 lost=0/0 conf=94.1/4.1/0.0/0.0 dist=0 begin=548/0 m0=(84,119) ml=(85,87) md=32/1/129 cxcy=84.0,119.6 guide=-0.98 atg=1.0/1.0/1.0 pure=-0.43/-0.51 yaw=59 cmd=101 actual=17 signed=1 rps=3661/3939:2633/2952 duty=11/13 pwm=PWM2:11/PWM1:13 motor=2:11/1:13
ATGCorner: L=1@13/0@-1 Y=0@-1/0@-1 farL=0@-1/0@-1 Lxy=60.0,86.1:45.6,51.1/-1.0,-1.0:-1.0,-1.0 Yxy=-1.0,-1.0:-1.0,-1.0/-1.0,-1.0:-1.0,-1.0 farLxy=-1.0,-1.0:-1.0,-1.0/-1.0,-1.0:-1.0,-1.0 best=13:60.0,86.1:45.6,51.1:94.1:11111/44:118.2,14.9:93.1,19.0:4.1:10111 seed_src=lpt/none seed=0.0,0.0/0.0,0.0 far_start=70,0 far_raw=0/0 far_num=0/0 straight=0/1 far_straight=0/0 conf_deg=94.1/4.1/0.0/0.0
CrossDiag: type=CROSS_NONE track=1 half_lr=0/0 nearL=1@13/0@-1 nearNum=28/124 centerNum=28/124 farL=0@-1/0@-1 farNum=0/0 farRaw=0/0 lost=0/0 not_have=0 final=124/126 flags=0/0
LineErr: aim=33 cxcy=84.0,119.6 left=1:-0.27@84,85 dx=0.3 idx=0/9 dist=31/105 right=1:-1.30@85,83 dx=1.4 idx=0/14 dist=33/253 sel=1:-1.30@85,82 dx=1.4 idx=0/16 dist=32/250 edge=1:0.97@83.0,82.0 dx=-1.0 width=58.3 l=54,85 r=112,79
CxScan: raw_ref=80.0 edge=83.0,82.0 best_raw_x=75 best_err=-0.84 best_cxcy=82.1,119.5 scan=0:-26.1,10:-23.1,20:-20.0,30:-16.7,40:-13.3,50:-9.8,60:-6.2,70:-2.6,80:1.0,90:4.6,100:8.1,110:11.6,120:15.0,130:18.3,140:21.5
ATGSeedDiag: seed=1@21,108/1@141,108 begin=7,108 block=5 clip=8
ATGLptDiag: best=13(94.1) imip=3/23 pass=11111 acc=13 ipm=60.0,86.1 inv=45.6,51.1 | 44(4.1) imip=34/54 pass=10111 acc=-1 ipm=118.2,14.9 inv=93.1,19.0
frame=112 line=1 track=1 cross=0 circle=1(CIRCLE_LEFT_BEGIN) round=0 yroad=0 ramp=0 road=7 speed=0 near=27/124 raw=100/105 sel=124/126 far=0/0 far_raw=0/0 l=1@13/0@-1 far_l=0@-1/0@-1 straight=0/1 far_straight=0/0 circle_cnt=0/0/0/0 lost=0/0 conf=95.0/3.9/0.0/0.0 dist=0 begin=556/0 m0=(84,119) ml=(85,87) md=32/1/130 cxcy=84.0,119.6 guide=-1.15 atg=1.0/1.0/1.0 pure=-0.47/-0.51 yaw=69 cmd=125 actual=13 signed=1 rps=3628/3972:2524/2832 duty=11/14 pwm=PWM2:11/PWM1:14 motor=2:11/1:14
ATGCorner: L=1@13/0@-1 Y=0@-1/0@-1 farL=0@-1/0@-1 Lxy=59.7,86.1:45.1,51.2/-1.0,-1.0:-1.0,-1.0 Yxy=-1.0,-1.0:-1.0,-1.0/-1.0,-1.0:-1.0,-1.0 farLxy=-1.0,-1.0:-1.0,-1.0/-1.0,-1.0:-1.0,-1.0 best=13:59.7,86.1:45.1,51.2:95.0:11111/2:110.2,111.9:132.5,91.5:3.9:10111 seed_src=lpt/none seed=0.0,0.0/0.0,0.0 far_start=70,0 far_raw=0/0 far_num=0/0 straight=0/1 far_straight=0/0 conf_deg=95.0/3.9/0.0/0.0
CrossDiag: type=CROSS_NONE track=1 half_lr=0/0 nearL=1@13/0@-1 nearNum=27/124 centerNum=27/124 farL=0@-1/0@-1 farNum=0/0 farRaw=0/0 lost=0/0 not_have=0 final=124/126 flags=0/0
LineErr: aim=33 cxcy=84.0,119.6 left=1:-0.16@84,84 dx=0.2 idx=0/9 dist=31/102 right=1:-1.35@85,83 dx=1.4 idx=0/14 dist=33/251 sel=1:-1.37@85,83 dx=1.4 idx=0/16 dist=32/250 edge=1:1.44@82.5,82.0 dx=-1.5 width=59.3 l=53,85 r=112,79
CxScan: raw_ref=80.0 edge=82.5,82.0 best_raw_x=75 best_err=-0.37 best_cxcy=82.1,119.5 scan=0:-25.8,10:-22.7,20:-19.5,30:-16.3,40:-12.8,50:-9.3,60:-5.8,70:-2.2,80:1.4,90:5.0,100:8.6,110:12.1,120:15.5,130:18.7,140:21.9
ATGSeedDiag: seed=1@21,108/1@141,108 begin=7,108 block=5 clip=8
ATGLptDiag: best=13(95.0) imip=3/23 pass=11111 acc=13 ipm=59.7,86.1 inv=45.1,51.2 | 2(3.9) imip=0/12 pass=10111 acc=-1 ipm=110.2,111.9 inv=132.5,91.5
frame=113 line=1 track=1 cross=0 circle=1(CIRCLE_LEFT_BEGIN) round=0 yroad=0 ramp=0 road=7 speed=0 near=28/124 raw=102/105 sel=124/126 far=0/0 far_raw=0/0 l=1@13/0@-1 far_l=0@-1/0@-1 straight=0/1 far_straight=0/0 circle_cnt=0/0/0/0 lost=0/0 conf=97.1/8.3/0.0/0.0 dist=0 begin=564/0 m0=(84,119) ml=(85,87) md=32/1/130 cxcy=84.0,119.6 guide=-1.15 atg=1.0/1.0/1.0 pure=-0.48/-0.51 yaw=69 cmd=132 actual=6 signed=1 rps=3619/3981:2666/2927 duty=10/13 pwm=PWM2:10/PWM1:13 motor=2:10/1:13
ATGCorner: L=1@13/0@-1 Y=0@-1/0@-1 farL=0@-1/0@-1 Lxy=60.3,86.0:45.9,51.0/-1.0,-1.0:-1.0,-1.0 Yxy=-1.0,-1.0:-1.0,-1.0/-1.0,-1.0:-1.0,-1.0 farLxy=-1.0,-1.0:-1.0,-1.0/-1.0,-1.0:-1.0,-1.0 best=13:60.3,86.0:45.9,51.0:97.1:11111/1:110.1,114.3:136.2,98.0:8.3:10111 seed_src=lpt/none seed=0.0,0.0/0.0,0.0 far_start=70,0 far_raw=0/0 far_num=0/0 straight=0/1 far_straight=0/0 conf_deg=97.1/8.3/0.0/0.0
CrossDiag: type=CROSS_NONE track=1 half_lr=0/0 nearL=1@13/0@-1 nearNum=28/124 centerNum=28/124 farL=0@-1/0@-1 farNum=0/0 farRaw=0/0 lost=0/0 not_have=0 final=124/126 flags=0/0
LineErr: aim=33 cxcy=84.0,119.6 left=1:-0.17@84,85 dx=0.2 idx=0/9 dist=31/105 right=1:-1.36@85,83 dx=1.4 idx=0/14 dist=33/251 sel=1:-1.37@85,82 dx=1.4 idx=0/16 dist=32/250 edge=1:0.97@83.0,82.5 dx=-1.0 width=58.2 l=54,85 r=112,80
CxScan: raw_ref=80.0 edge=83.0,82.5 best_raw_x=75 best_err=-0.85 best_cxcy=82.1,119.5 scan=0:-26.3,10:-23.3,20:-20.1,30:-16.8,40:-13.4,50:-9.9,60:-6.3,70:-2.7,80:1.0,90:4.6,100:8.2,110:11.7,120:15.1,130:18.5,140:21.7
ATGSeedDiag: seed=1@21,108/1@141,108 begin=7,108 block=5 clip=8
ATGLptDiag: best=13(97.1) imip=3/23 pass=11111 acc=13 ipm=60.3,86.0 inv=45.9,51.0 | 1(8.3) imip=0/11 pass=10111 acc=-1 ipm=110.1,114.3 inv=136.2,98.0
frame=114 line=1 track=1 cross=0 circle=1(CIRCLE_LEFT_BEGIN) round=0 yroad=0 ramp=0 road=7 speed=0 near=27/124 raw=100/105 sel=124/126 far=0/0 far_raw=0/0 l=1@13/0@-1 far_l=0@-1/0@-1 straight=0/1 far_straight=0/0 circle_cnt=0/0/0/0 lost=0/0 conf=95.7/4.3/0.0/0.0 dist=0 begin=571/0 m0=(84,119) ml=(85,87) md=32/1/129 cxcy=84.0,119.6 guide=-0.98 atg=1.0/1.0/1.0 pure=-0.47/-0.51 yaw=59 cmd=113 actual=5 signed=1 rps=3645/3955:2554/2752 duty=11/14 pwm=PWM2:11/PWM1:14 motor=2:11/1:14
ATGCorner: L=1@13/0@-1 Y=0@-1/0@-1 farL=0@-1/0@-1 Lxy=59.6,86.2:45.0,51.2/-1.0,-1.0:-1.0,-1.0 Yxy=-1.0,-1.0:-1.0,-1.0/-1.0,-1.0:-1.0,-1.0 farLxy=-1.0,-1.0:-1.0,-1.0/-1.0,-1.0:-1.0,-1.0 best=13:59.6,86.2:45.0,51.2:95.7:11111/2:110.2,111.9:132.4,91.5:4.3:10111 seed_src=lpt/none seed=0.0,0.0/0.0,0.0 far_start=70,0 far_raw=0/0 far_num=0/0 straight=0/1 far_straight=0/0 conf_deg=95.7/4.3/0.0/0.0
CrossDiag: type=CROSS_NONE track=1 half_lr=0/0 nearL=1@13/0@-1 nearNum=27/124 centerNum=27/124 farL=0@-1/0@-1 farNum=0/0 farRaw=0/0 lost=0/0 not_have=0 final=124/126 flags=0/0
LineErr: aim=33 cxcy=84.0,119.6 left=1:0.09@84,84 dx=-0.1 idx=0/9 dist=31/101 right=1:-1.30@85,83 dx=1.4 idx=0/14 dist=33/251 sel=1:-1.30@85,82 dx=1.4 idx=0/16 dist=32/250 edge=1:1.45@82.5,82.5 dx=-1.5 width=59.4 l=53,86 r=112,79
CxScan: raw_ref=80.0 edge=82.5,82.5 best_raw_x=75 best_err=-0.37 best_cxcy=82.1,119.5 scan=0:-25.9,10:-22.9,20:-19.7,30:-16.4,40:-12.9,50:-9.4,60:-5.8,70:-2.2,80:1.4,90:5.1,100:8.7,110:12.2,120:15.6,130:18.9,140:22.1
ATGSeedDiag: seed=1@21,108/1@141,108 begin=7,108 block=5 clip=8
ATGLptDiag: best=13(95.7) imip=3/23 pass=11111 acc=13 ipm=59.6,86.2 inv=45.0,51.2 | 2(4.3) imip=0/12 pass=10111 acc=-1 ipm=110.2,111.9 inv=132.4,91.5
frame=115 line=1 track=1 cross=0 circle=1(CIRCLE_LEFT_BEGIN) round=0 yroad=0 ramp=0 road=7 speed=0 near=27/124 raw=99/105 sel=124/126 far=0/0 far_raw=0/0 l=1@13/0@-1 far_l=0@-1/0@-1 straight=0/1 far_straight=0/0 circle_cnt=0/0/0/0 lost=0/0 conf=94.3/4.0/0.0/0.0 dist=0 begin=579/0 m0=(84,119) ml=(85,87) md=32/1/130 cxcy=84.0,119.6 guide=-0.98 atg=1.0/1.0/1.0 pure=-0.40/-0.48 yaw=59 cmd=110 actual=7 signed=1 rps=3649/3951:2757/2856 duty=10/13 pwm=PWM2:10/PWM1:13 motor=2:10/1:13
ATGCorner: L=1@13/0@-1 Y=0@-1/0@-1 farL=0@-1/0@-1 Lxy=59.1,86.4:44.3,51.4/-1.0,-1.0:-1.0,-1.0 Yxy=-1.0,-1.0:-1.0,-1.0/-1.0,-1.0:-1.0,-1.0 farLxy=-1.0,-1.0:-1.0,-1.0/-1.0,-1.0:-1.0,-1.0 best=13:59.1,86.4:44.3,51.4:94.3:11111/44:117.9,14.9:92.9,19.0:4.0:10111 seed_src=lpt/none seed=0.0,0.0/0.0,0.0 far_start=70,0 far_raw=0/0 far_num=0/0 straight=0/1 far_straight=0/0 conf_deg=94.3/4.0/0.0/0.0
CrossDiag: type=CROSS_NONE track=1 half_lr=0/0 nearL=1@13/0@-1 nearNum=27/124 centerNum=27/124 farL=0@-1/0@-1 farNum=0/0 farRaw=0/0 lost=0/0 not_have=0 final=124/126 flags=0/0
LineErr: aim=33 cxcy=84.0,119.6 left=1:0.29@84,83 dx=-0.3 idx=0/9 dist=32/101 right=1:-1.14@85,83 dx=1.2 idx=0/14 dist=33/252 sel=1:-1.14@85,82 dx=1.2 idx=0/16 dist=32/250 edge=1:1.94@82.0,83.0 dx=-2.0 width=60.5 l=52,87 r=112,79
CxScan: raw_ref=80.0 edge=82.0,83.0 best_raw_x=75 best_err=0.10 best_cxcy=82.1,119.5 scan=0:-25.7,10:-22.7,20:-19.4,30:-16.1,40:-12.6,50:-9.0,60:-5.4,70:-1.7,80:1.9,90:5.6,100:9.2,110:12.7,120:16.2,130:19.5,140:22.6
ATGSeedDiag: seed=1@21,108/1@141,108 begin=7,108 block=5 clip=8
ATGLptDiag: best=13(94.3) imip=3/23 pass=11111 acc=13 ipm=59.1,86.4 inv=44.3,51.4 | 44(4.0) imip=34/54 pass=10111 acc=-1 ipm=117.9,14.9 inv=92.9,19.0
frame=117 line=1 track=1 cross=0 circle=1(CIRCLE_LEFT_BEGIN) round=0 yroad=0 ramp=0 road=7 speed=0 near=26/124 raw=98/105 sel=124/126 far=0/0 far_raw=0/0 l=1@13/0@-1 far_l=0@-1/0@-1 straight=0/1 far_straight=0/0 circle_cnt=0/0/0/0 lost=0/0 conf=93.3/3.6/0.0/0.0 dist=0 begin=594/0 m0=(84,119) ml=(85,87) md=32/1/131 cxcy=84.0,119.6 guide=-0.98 atg=1.0/1.0/1.0 pure=-0.44/-0.48 yaw=59 cmd=120 actual=-2 signed=1 rps=3636/3964:2858/2659 duty=10/14 pwm=PWM2:10/PWM1:14 motor=2:10/1:14
ATGCorner: L=1@13/0@-1 Y=0@-1/0@-1 farL=0@-1/0@-1 Lxy=58.4,86.6:43.4,51.7/-1.0,-1.0:-1.0,-1.0 Yxy=-1.0,-1.0:-1.0,-1.0/-1.0,-1.0:-1.0,-1.0 farLxy=-1.0,-1.0:-1.0,-1.0/-1.0,-1.0:-1.0,-1.0 best=13:58.4,86.6:43.4,51.7:93.3:11111/1:109.9,114.2:135.7,98.0:3.6:10111 seed_src=lpt/none seed=0.0,0.0/0.0,0.0 far_start=70,0 far_raw=0/0 far_num=0/0 straight=0/1 far_straight=0/0 conf_deg=93.3/3.6/0.0/0.0
CrossDiag: type=CROSS_NONE track=1 half_lr=0/0 nearL=1@13/0@-1 nearNum=26/124 centerNum=26/124 farL=0@-1/0@-1 farNum=0/0 farRaw=0/0 lost=0/0 not_have=0 final=124/126 flags=0/0
LineErr: aim=33 cxcy=84.0,119.6 left=1:0.80@83,83 dx=-0.8 idx=0/9 dist=33/99 right=1:-1.30@85,83 dx=1.4 idx=0/14 dist=33/251 sel=1:-1.30@85,82 dx=1.4 idx=0/16 dist=32/250 edge=1:1.94@82.0,83.0 dx=-2.0 width=60.5 l=52,87 r=112,79
CxScan: raw_ref=80.0 edge=82.0,83.0 best_raw_x=75 best_err=0.10 best_cxcy=82.1,119.5 scan=0:-25.7,10:-22.7,20:-19.4,30:-16.1,40:-12.6,50:-9.0,60:-5.4,70:-1.7,80:1.9,90:5.6,100:9.2,110:12.7,120:16.2,130:19.5,140:22.6
ATGSeedDiag: seed=1@21,108/1@141,108 begin=7,108 block=5 clip=8
ATGLptDiag: best=13(93.3) imip=3/23 pass=11111 acc=13 ipm=58.4,86.6 inv=43.4,51.7 | 1(3.6) imip=0/11 pass=10111 acc=-1 ipm=109.9,114.2 inv=135.7,98.0
frame=119 line=1 track=1 cross=0 circle=1(CIRCLE_LEFT_BEGIN) round=0 yroad=0 ramp=0 road=7 speed=0 near=26/124 raw=99/105 sel=124/126 far=0/0 far_raw=0/0 l=1@12/0@-1 far_l=0@-1/0@-1 straight=0/1 far_straight=0/0 circle_cnt=0/0/0/0 lost=0/0 conf=95.7/3.3/0.0/0.0 dist=0 begin=610/0 m0=(84,119) ml=(85,87) md=32/1/130 cxcy=84.0,119.6 guide=-1.15 atg=1.0/1.0/1.0 pure=-0.49/-0.51 yaw=69 cmd=159 actual=-21 signed=1 rps=3582/4018:2924/2514 duty=10/14 pwm=PWM2:10/PWM1:14 motor=2:10/1:14
ATGCorner: L=1@12/0@-1 Y=0@-1/0@-1 farL=0@-1/0@-1 Lxy=60.2,88.3:44.9,53.3/-1.0,-1.0:-1.0,-1.0 Yxy=-1.0,-1.0:-1.0,-1.0/-1.0,-1.0:-1.0,-1.0 farLxy=-1.0,-1.0:-1.0,-1.0/-1.0,-1.0:-1.0,-1.0 best=12:60.2,88.3:44.9,53.3:95.7:11111/43:118.1,17.2:93.4,19.5:3.3:10111 seed_src=lpt/none seed=0.0,0.0/0.0,0.0 far_start=70,0 far_raw=0/0 far_num=0/0 straight=0/1 far_straight=0/0 conf_deg=95.7/3.3/0.0/0.0
CrossDiag: type=CROSS_NONE track=1 half_lr=0/0 nearL=1@12/0@-1 nearNum=26/124 centerNum=26/124 farL=0@-1/0@-1 farNum=0/0 farRaw=0/0 lost=0/0 not_have=0 final=124/126 flags=0/0
LineErr: aim=33 cxcy=84.0,119.6 left=1:0.95@83,82 dx=-1.0 idx=0/9 dist=33/99 right=1:-1.36@85,83 dx=1.4 idx=0/14 dist=33/251 sel=1:-1.37@85,82 dx=1.4 idx=0/16 dist=32/250 edge=1:1.96@82.0,83.5 dx=-2.0 width=60.7 l=52,88 r=112,79
CxScan: raw_ref=80.0 edge=82.0,83.5 best_raw_x=75 best_err=0.10 best_cxcy=82.1,119.5 scan=0:-25.9,10:-22.8,20:-19.6,30:-16.2,40:-12.7,50:-9.1,60:-5.4,70:-1.8,80:2.0,90:5.6,100:9.3,110:12.8,120:16.3,130:19.6,140:22.8
ATGSeedDiag: seed=1@21,108/1@141,108 begin=7,108 block=5 clip=8
ATGLptDiag: best=12(95.7) imip=2/22 pass=11111 acc=12 ipm=60.2,88.3 inv=44.9,53.3 | 43(3.3) imip=33/53 pass=10111 acc=-1 ipm=118.1,17.2 inv=93.4,19.5
frame=120 line=1 track=1 cross=0 circle=1(CIRCLE_LEFT_BEGIN) round=0 yroad=0 ramp=0 road=7 speed=0 near=26/124 raw=99/105 sel=124/125 far=0/0 far_raw=0/0 l=1@12/0@-1 far_l=0@-1/0@-1 straight=0/1 far_straight=0/0 circle_cnt=0/0/0/0 lost=0/0 conf=96.9/6.4/0.0/0.0 dist=0 begin=618/0 m0=(84,119) ml=(85,87) md=32/1/129 cxcy=84.0,119.6 guide=-1.49 atg=2.0/1.0/1.0 pure=-0.52/-0.55 yaw=89 cmd=204 actual=-26 signed=1 rps=3520/4080:3034/2615 duty=10/14 pwm=PWM2:10/PWM1:14 motor=2:10/1:14
ATGCorner: L=1@12/0@-1 Y=0@-1/0@-1 farL=0@-1/0@-1 Lxy=60.2,88.3:44.9,53.3/-1.0,-1.0:-1.0,-1.0 Yxy=-1.0,-1.0:-1.0,-1.0/-1.0,-1.0:-1.0,-1.0 farLxy=-1.0,-1.0:-1.0,-1.0/-1.0,-1.0:-1.0,-1.0 best=12:60.2,88.3:44.9,53.3:96.9:11111/1:110.1,114.2:136.3,98.0:6.4:10111 seed_src=lpt/none seed=0.0,0.0/0.0,0.0 far_start=70,0 far_raw=0/0 far_num=0/0 straight=0/1 far_straight=0/0 conf_deg=96.9/6.4/0.0/0.0
CrossDiag: type=CROSS_NONE track=1 half_lr=0/0 nearL=1@12/0@-1 nearNum=26/124 centerNum=26/124 farL=0@-1/0@-1 farNum=0/0 farRaw=0/0 lost=0/0 not_have=0 final=124/125 flags=0/0
LineErr: aim=33 cxcy=84.0,119.6 left=1:1.05@83,82 dx=-1.1 idx=0/9 dist=33/99 right=1:-1.45@86,83 dx=1.5 idx=0/14 dist=33/252 sel=1:-1.46@86,82 dx=1.5 idx=0/16 dist=32/248 edge=1:2.46@81.5,84.0 dx=-2.5 width=61.5 l=51,88 r=112,80
CxScan: raw_ref=80.0 edge=81.5,84.0 best_raw_x=75 best_err=0.59 best_cxcy=82.1,119.5 scan=0:-25.7,10:-22.6,20:-19.3,30:-15.9,40:-12.3,50:-8.7,60:-5.0,70:-1.3,80:2.5,90:6.2,100:9.8,110:13.4,120:16.9,130:20.2,140:23.4
ATGSeedDiag: seed=1@21,108/1@141,108 begin=7,108 block=5 clip=8
ATGLptDiag: best=12(96.9) imip=2/22 pass=11111 acc=12 ipm=60.2,88.3 inv=44.9,53.3 | 1(6.4) imip=0/11 pass=10111 acc=-1 ipm=110.1,114.2 inv=136.3,98.0
frame=122 line=0 track=1 cross=0 circle=1(CIRCLE_LEFT_BEGIN) round=0 yroad=0 ramp=0 road=7 speed=0 near=25/1 raw=96/170 sel=1/0 far=0/0 far_raw=0/0 l=1@12/0@-1 far_l=0@-1/0@-1 straight=0/0 far_straight=0/0 circle_cnt=0/0/0/0 lost=0/0 conf=96.0/0.0/0.0/0.0 dist=0 begin=634/0 m0=(-1,-1) ml=(-1,-1) md=-1/0/-1 cxcy=84.0,119.6 guide=0.00 atg=2.0/1.0/1.0 pure=-0.55/-0.55 yaw=0 cmd=0 actual=103 signed=0 rps=0/0:0/0 duty=0/0 pwm=PWM2:0/PWM1:0 motor=2:0/1:0
ATGCorner: L=1@12/0@-1 Y=0@-1/0@-1 farL=0@-1/0@-1 Lxy=59.3,88.7:43.5,53.7/-1.0,-1.0:-1.0,-1.0 Yxy=-1.0,-1.0:-1.0,-1.0/-1.0,-1.0:-1.0,-1.0 farLxy=-1.0,-1.0:-1.0,-1.0/-1.0,-1.0:-1.0,-1.0 best=12:59.3,88.7:43.5,53.7:96.0:11111/-1:-1.0,-1.0:-1.0,-1.0:-57295.8:00000 seed_src=lpt/lost seed=0.0,0.0/0.0,0.0 far_start=70,0 far_raw=0/0 far_num=0/0 straight=0/0 far_straight=0/0 conf_deg=96.0/0.0/0.0/0.0
CrossDiag: type=CROSS_NONE track=1 half_lr=0/0 nearL=1@12/0@-1 nearNum=25/1 centerNum=25/1 farL=0@-1/0@-1 farNum=0/0 farRaw=0/0 lost=0/0 not_have=0 final=1/0 flags=0/0
LineErr: aim=33 cxcy=84.0,119.6 left=1:1.58@82,81 dx=-1.7 idx=0/9 dist=33/95 right=0:0.00@-1,-1 dx=0.0 idx=-1/-1 dist=-1/-1 sel=0:0.00@-1,-1 dx=0.0 idx=-1/-1 dist=-1/-1 edge=0:0.00@-1.0,-1.0 dx=0.0 width=0.0 l=50,90 r=-1,-1
ATGSeedDiag: seed=1@21,108/1@137,108 begin=7,108 block=5 clip=8
ATGLptDiag: best=12(96.0) imip=2/22 pass=11111 acc=12 ipm=59.3,88.7 inv=43.5,53.7 | -1(-57295.8) imip=-1/-1 pass=00000 acc=-1 ipm=-1.0,-1.0 inv=-1.0,-1.0
frame=123 line=1 track=1 cross=0 circle=1(CIRCLE_LEFT_BEGIN) round=0 yroad=0 ramp=0 road=7 speed=0 near=24/124 raw=95/105 sel=124/126 far=0/0 far_raw=0/0 l=1@12/0@-1 far_l=0@-1/0@-1 straight=0/1 far_straight=0/0 circle_cnt=0/0/0/0 lost=0/0 conf=93.7/3.9/0.0/0.0 dist=0 begin=642/0 m0=(84,119) ml=(85,87) md=32/1/130 cxcy=84.0,119.6 guide=-1.15 atg=1.0/1.0/1.0 pure=-0.48/-0.51 yaw=69 cmd=125 actual=13 signed=1 rps=3629/3971:2821/2658 duty=9/13 pwm=PWM2:9/PWM1:13 motor=2:9/1:13
ATGCorner: L=1@12/0@-1 Y=0@-1/0@-1 farL=0@-1/0@-1 Lxy=58.7,88.8:42.8,53.8/-1.0,-1.0:-1.0,-1.0 Yxy=-1.0,-1.0:-1.0,-1.0/-1.0,-1.0:-1.0,-1.0 farLxy=-1.0,-1.0:-1.0,-1.0/-1.0,-1.0:-1.0,-1.0 best=12:58.7,88.8:42.8,53.8:93.7:11111/2:110.2,111.9:132.5,91.5:3.9:10111 seed_src=lpt/none seed=0.0,0.0/0.0,0.0 far_start=70,0 far_raw=0/0 far_num=0/0 straight=0/1 far_straight=0/0 conf_deg=93.7/3.9/0.0/0.0
CrossDiag: type=CROSS_NONE track=1 half_lr=0/0 nearL=1@12/0@-1 nearNum=24/124 centerNum=24/124 farL=0@-1/0@-1 farNum=0/0 farRaw=0/0 lost=0/0 not_have=0 final=124/126 flags=0/0
LineErr: aim=33 cxcy=84.0,119.6 left=1:1.01@83,85 dx=-1.0 idx=0/8 dist=31/95 right=1:-1.36@85,83 dx=1.4 idx=0/14 dist=33/252 sel=1:-1.37@85,82 dx=1.4 idx=0/16 dist=32/250 edge=1:2.97@81.0,84.5 dx=-3.0 width=63.0 l=50,90 r=112,79
CxScan: raw_ref=80.0 edge=81.0,84.5 best_raw_x=70 best_err=-0.80 best_cxcy=80.2,119.5 scan=0:-25.5,10:-22.3,20:-19.0,30:-15.5,40:-12.0,50:-8.3,60:-4.6,70:-0.8,80:3.0,90:6.7,100:10.4,110:14.0,120:17.4,130:20.8,140:24.0
ATGSeedDiag: seed=1@21,108/1@141,108 begin=7,108 block=5 clip=8
ATGLptDiag: best=12(93.7) imip=2/22 pass=11111 acc=12 ipm=58.7,88.8 inv=42.8,53.8 | 2(3.9) imip=0/12 pass=10111 acc=-1 ipm=110.2,111.9 inv=132.5,91.5
frame=124 line=1 track=1 cross=0 circle=1(CIRCLE_LEFT_BEGIN) round=0 yroad=0 ramp=0 road=7 speed=0 near=24/124 raw=94/105 sel=124/126 far=0/0 far_raw=0/0 l=1@12/0@-1 far_l=0@-1/0@-1 straight=0/1 far_straight=0/0 circle_cnt=0/0/0/0 lost=0/0 conf=93.8/3.4/0.0/0.0 dist=0 begin=650/0 m0=(84,119) ml=(85,87) md=32/1/131 cxcy=84.0,119.6 guide=-0.98 atg=1.0/1.0/1.0 pure=-0.48/-0.48 yaw=59 cmd=137 actual=-19 signed=1 rps=3612/3988:2906/2825 duty=9/12 pwm=PWM2:9/PWM1:12 motor=2:9/1:12
ATGCorner: L=1@12/0@-1 Y=0@-1/0@-1 farL=0@-1/0@-1 Lxy=58.3,89.1:42.0,54.2/-1.0,-1.0:-1.0,-1.0 Yxy=-1.0,-1.0:-1.0,-1.0/-1.0,-1.0:-1.0,-1.0 farLxy=-1.0,-1.0:-1.0,-1.0/-1.0,-1.0:-1.0,-1.0 best=12:58.3,89.1:42.0,54.2:93.8:11111/42:117.7,19.5:93.6,20.0:3.4:10111 seed_src=lpt/none seed=0.0,0.0/0.0,0.0 far_start=70,0 far_raw=0/0 far_num=0/0 straight=0/1 far_straight=0/0 conf_deg=93.8/3.4/0.0/0.0
CrossDiag: type=CROSS_NONE track=1 half_lr=0/0 nearL=1@12/0@-1 nearNum=24/124 centerNum=24/124 farL=0@-1/0@-1 farNum=0/0 farRaw=0/0 lost=0/0 not_have=0 final=124/126 flags=0/0
LineErr: aim=33 cxcy=84.0,119.6 left=1:1.52@82,84 dx=-1.6 idx=0/8 dist=31/96 right=1:-1.30@85,83 dx=1.4 idx=0/14 dist=33/253 sel=1:-1.30@85,82 dx=1.4 idx=0/16 dist=32/250 edge=1:3.46@80.5,84.5 dx=-3.5 width=64.0 l=49,90 r=112,79
CxScan: raw_ref=80.0 edge=80.5,84.5 best_raw_x=70 best_err=-0.30 best_cxcy=80.2,119.5 scan=0:-25.1,10:-21.9,20:-18.6,30:-15.1,40:-11.5,50:-7.8,60:-4.1,70:-0.3,80:3.5,90:7.2,100:10.9,110:14.4,120:17.9,130:21.2,140:24.4
ATGSeedDiag: seed=1@21,108/1@141,108 begin=7,108 block=5 clip=8
ATGLptDiag: best=12(93.8) imip=2/22 pass=11111 acc=12 ipm=58.3,89.1 inv=42.0,54.2 | 42(3.4) imip=32/52 pass=10111 acc=-1 ipm=117.7,19.5 inv=93.6,20.0
frame=125 line=1 track=1 cross=0 circle=1(CIRCLE_LEFT_BEGIN) round=0 yroad=0 ramp=0 road=7 speed=0 near=24/124 raw=94/105 sel=124/126 far=0/0 far_raw=0/0 l=1@11/0@-1 far_l=0@-1/0@-1 straight=0/1 far_straight=0/0 circle_cnt=0/0/0/0 lost=0/0 conf=95.7/4.1/0.0/0.0 dist=0 begin=658/0 m0=(84,119) ml=(85,87) md=32/1/130 cxcy=84.0,119.6 guide=-0.98 atg=1.0/1.0/1.0 pure=-0.48/-0.48 yaw=59 cmd=142 actual=-24 signed=1 rps=3605/3995:2964/2953 duty=9/12 pwm=PWM2:9/PWM1:12 motor=2:9/1:12
ATGCorner: L=1@11/0@-1 Y=0@-1/0@-1 farL=0@-1/0@-1 Lxy=60.0,90.7:43.5,55.8/-1.0,-1.0:-1.0,-1.0 Yxy=-1.0,-1.0:-1.0,-1.0/-1.0,-1.0:-1.0,-1.0 farLxy=-1.0,-1.0:-1.0,-1.0/-1.0,-1.0:-1.0,-1.0 best=11:60.0,90.7:43.5,55.8:95.7:11111/42:117.7,19.5:93.6,20.0:4.1:10111 seed_src=lpt/none seed=0.0,0.0/0.0,0.0 far_start=70,0 far_raw=0/0 far_num=0/0 straight=0/1 far_straight=0/0 conf_deg=95.7/4.1/0.0/0.0
CrossDiag: type=CROSS_NONE track=1 half_lr=0/0 nearL=1@11/0@-1 nearNum=24/124 centerNum=24/124 farL=0@-1/0@-1 farNum=0/0 farRaw=0/0 lost=0/0 not_have=0 final=124/126 flags=0/0
LineErr: aim=33 cxcy=84.0,119.6 left=1:1.52@82,84 dx=-1.6 idx=0/8 dist=34/98 right=1:-1.15@85,83 dx=1.2 idx=0/14 dist=33/252 sel=1:-1.15@85,82 dx=1.2 idx=0/16 dist=32/250 edge=1:3.49@80.5,85.0 dx=-3.5 width=64.1 l=49,91 r=112,79
CxScan: raw_ref=80.0 edge=80.5,85.0 best_raw_x=70 best_err=-0.31 best_cxcy=80.2,119.5 scan=0:-25.3,10:-22.1,20:-18.7,30:-15.2,40:-11.6,50:-7.9,60:-4.1,70:-0.3,80:3.5,90:7.3,100:11.0,110:14.6,120:18.0,130:21.4,140:24.6
ATGSeedDiag: seed=1@21,108/1@141,108 begin=7,108 block=5 clip=8
ATGLptDiag: best=11(95.7) imip=1/21 pass=11111 acc=11 ipm=60.0,90.7 inv=43.5,55.8 | 42(4.1) imip=32/52 pass=10111 acc=-1 ipm=117.7,19.5 inv=93.6,20.0
frame=127 line=1 track=1 cross=0 circle=1(CIRCLE_LEFT_BEGIN) round=0 yroad=0 ramp=0 road=7 speed=0 near=24/124 raw=95/105 sel=124/126 far=0/0 far_raw=0/0 l=1@11/0@-1 far_l=0@-1/0@-1 straight=0/1 far_straight=0/0 circle_cnt=0/0/0/0 lost=0/0 conf=97.9/4.2/0.0/0.0 dist=0 begin=674/0 m0=(84,119) ml=(85,87) md=32/1/131 cxcy=84.0,119.6 guide=-1.15 atg=1.0/1.0/1.0 pure=-0.48/-0.48 yaw=69 cmd=166 actual=-28 signed=1 rps=3572/4028:2864/3046 duty=9/12 pwm=PWM2:9/PWM1:12 motor=2:9/1:12
ATGCorner: L=1@11/0@-1 Y=0@-1/0@-1 farL=0@-1/0@-1 Lxy=60.3,90.6:43.9,55.8/-1.0,-1.0:-1.0,-1.0 Yxy=-1.0,-1.0:-1.0,-1.0/-1.0,-1.0:-1.0,-1.0 farLxy=-1.0,-1.0:-1.0,-1.0/-1.0,-1.0:-1.0,-1.0 best=11:60.3,90.6:43.9,55.8:97.9:11111/2:110.2,111.9:132.5,91.5:4.2:10111 seed_src=lpt/none seed=0.0,0.0/0.0,0.0 far_start=70,0 far_raw=0/0 far_num=0/0 straight=0/1 far_straight=0/0 conf_deg=97.9/4.2/0.0/0.0
CrossDiag: type=CROSS_NONE track=1 half_lr=0/0 nearL=1@11/0@-1 nearNum=24/124 centerNum=24/124 farL=0@-1/0@-1 farNum=0/0 farRaw=0/0 lost=0/0 not_have=0 final=124/126 flags=0/0
LineErr: aim=33 cxcy=84.0,119.6 left=1:0.96@83,87 dx=-0.9 idx=0/7 dist=31/98 right=1:-1.30@85,83 dx=1.4 idx=0/14 dist=33/251 sel=1:-1.31@85,82 dx=1.4 idx=0/16 dist=32/250 edge=1:3.52@80.5,85.5 dx=-3.5 width=64.3 l=49,92 r=112,79
CxScan: raw_ref=80.0 edge=80.5,85.5 best_raw_x=70 best_err=-0.31 best_cxcy=80.2,119.5 scan=0:-25.5,10:-22.3,20:-18.9,30:-15.3,40:-11.7,50:-8.0,60:-4.1,70:-0.3,80:3.5,90:7.3,100:11.0,110:14.7,120:18.2,130:21.6,140:24.8
ATGSeedDiag: seed=1@21,108/1@141,108 begin=7,108 block=5 clip=8
ATGLptDiag: best=11(97.9) imip=1/21 pass=11111 acc=11 ipm=60.3,90.6 inv=43.9,55.8 | 2(4.2) imip=0/12 pass=10111 acc=-1 ipm=110.2,111.9 inv=132.5,91.5
frame=128 line=1 track=1 cross=0 circle=1(CIRCLE_LEFT_BEGIN) round=0 yroad=0 ramp=0 road=7 speed=0 near=23/124 raw=93/105 sel=124/125 far=0/0 far_raw=0/0 l=1@11/0@-1 far_l=0@-1/0@-1 straight=0/1 far_straight=0/0 circle_cnt=0/0/0/0 lost=0/0 conf=97.9/5.6/0.0/0.0 dist=0 begin=682/0 m0=(84,119) ml=(85,87) md=32/1/130 cxcy=84.0,119.6 guide=-1.49 atg=1.0/1.0/1.0 pure=-0.48/-0.51 yaw=89 cmd=194 actual=-16 signed=1 rps=3534/4066:2680/2906 duty=9/13 pwm=PWM2:9/PWM1:13 motor=2:9/1:13
ATGCorner: L=1@11/0@-1 Y=0@-1/0@-1 farL=0@-1/0@-1 Lxy=59.5,90.8:42.9,56.0/-1.0,-1.0:-1.0,-1.0 Yxy=-1.0,-1.0:-1.0,-1.0/-1.0,-1.0:-1.0,-1.0 farLxy=-1.0,-1.0:-1.0,-1.0/-1.0,-1.0:-1.0,-1.0 best=11:59.5,90.8:42.9,56.0:97.9:11111/1:110.1,114.2:136.2,98.0:5.6:10111 seed_src=lpt/none seed=0.0,0.0/0.0,0.0 far_start=70,0 far_raw=0/0 far_num=0/0 straight=0/1 far_straight=0/0 conf_deg=97.9/5.6/0.0/0.0
CrossDiag: type=CROSS_NONE track=1 half_lr=0/0 nearL=1@11/0@-1 nearNum=23/124 centerNum=23/124 farL=0@-1/0@-1 farNum=0/0 farRaw=0/0 lost=0/0 not_have=0 final=124/125 flags=0/0
LineErr: aim=33 cxcy=84.0,119.6 left=1:1.35@83,87 dx=-1.3 idx=0/7 dist=31/96 right=1:-1.45@86,83 dx=1.5 idx=0/14 dist=33/254 sel=1:-1.46@86,82 dx=1.5 idx=0/16 dist=32/248 edge=1:4.02@80.0,85.5 dx=-4.0 width=65.3 l=48,92 r=112,79
CxScan: raw_ref=80.0 edge=80.0,85.5 best_raw_x=70 best_err=0.19 best_cxcy=80.2,119.5 scan=0:-25.1,10:-21.8,20:-18.4,30:-14.9,40:-11.2,50:-7.5,60:-3.6,70:0.2,80:4.0,90:7.8,100:11.5,110:15.1,120:18.6,130:22.0,140:25.2
ATGSeedDiag: seed=1@21,108/1@141,108 begin=7,108 block=5 clip=8
ATGLptDiag: best=11(97.9) imip=1/21 pass=11111 acc=11 ipm=59.5,90.8 inv=42.9,56.0 | 1(5.6) imip=0/11 pass=10111 acc=-1 ipm=110.1,114.2 inv=136.2,98.0
frame=129 line=1 track=1 cross=0 circle=1(CIRCLE_LEFT_BEGIN) round=0 yroad=0 ramp=0 road=7 speed=0 near=22/124 raw=91/105 sel=124/125 far=0/0 far_raw=0/0 l=1@11/0@-1 far_l=0@-1/0@-1 straight=0/1 far_straight=0/0 circle_cnt=0/0/0/0 lost=0/0 conf=95.0/6.4/0.0/0.0 dist=0 begin=690/0 m0=(84,119) ml=(85,87) md=32/1/130 cxcy=84.0,119.6 guide=-1.49 atg=2.0/1.0/1.0 pure=-0.51/-0.51 yaw=89 cmd=180 actual=-2 signed=1 rps=3553/4047:2728/3025 duty=9/12 pwm=PWM2:9/PWM1:12 motor=2:9/1:12
ATGCorner: L=1@11/0@-1 Y=0@-1/0@-1 farL=0@-1/0@-1 Lxy=58.6,91.2:41.4,56.4/-1.0,-1.0:-1.0,-1.0 Yxy=-1.0,-1.0:-1.0,-1.0/-1.0,-1.0:-1.0,-1.0 farLxy=-1.0,-1.0:-1.0,-1.0/-1.0,-1.0:-1.0,-1.0 best=11:58.6,91.2:41.4,56.4:95.0:11111/1:110.1,114.2:136.3,98.0:6.4:10111 seed_src=lpt/none seed=0.0,0.0/0.0,0.0 far_start=70,0 far_raw=0/0 far_num=0/0 straight=0/1 far_straight=0/0 conf_deg=95.0/6.4/0.0/0.0
CrossDiag: type=CROSS_NONE track=1 half_lr=0/0 nearL=1@11/0@-1 nearNum=22/124 centerNum=22/124 farL=0@-1/0@-1 farNum=0/0 farRaw=0/0 lost=0/0 not_have=0 final=124/125 flags=0/0
LineErr: aim=33 cxcy=84.0,119.6 left=1:1.93@82,86 dx=-1.9 idx=0/7 dist=32/93 right=1:-1.45@86,83 dx=1.5 idx=0/14 dist=33/254 sel=1:-1.46@86,82 dx=1.5 idx=0/16 dist=32/248 edge=1:4.60@79.5,86.5 dx=-4.5 width=66.3 l=47,93 r=112,80
CxScan: raw_ref=80.0 edge=79.5,86.5 best_raw_x=70 best_err=0.70 best_cxcy=80.2,119.5 scan=0:-25.1,10:-21.7,20:-18.3,30:-14.6,40:-10.9,50:-7.1,60:-3.2,70:0.7,80:4.6,90:8.4,100:12.2,110:15.9,120:19.4,130:22.8,140:26.0
ATGSeedDiag: seed=1@21,108/1@141,108 begin=7,108 block=5 clip=8
ATGLptDiag: best=11(95.0) imip=1/21 pass=11111 acc=11 ipm=58.6,91.2 inv=41.4,56.4 | 1(6.4) imip=0/11 pass=10111 acc=-1 ipm=110.1,114.2 inv=136.3,98.0
frame=130 line=1 track=1 cross=0 circle=1(CIRCLE_LEFT_BEGIN) round=0 yroad=0 ramp=0 road=7 speed=0 near=23/124 raw=93/105 sel=124/125 far=0/0 far_raw=0/0 l=1@11/0@-1 far_l=0@-1/0@-1 straight=0/1 far_straight=0/0 circle_cnt=0/0/0/0 lost=0/0 conf=98.0/6.4/0.0/0.0 dist=0 begin=698/0 m0=(84,119) ml=(85,87) md=32/1/130 cxcy=84.0,119.6 guide=-1.49 atg=2.0/1.0/1.0 pure=-0.52/-0.51 yaw=89 cmd=174 actual=5 signed=1 rps=3562/4038:2737/3008 duty=9/12 pwm=PWM2:9/PWM1:12 motor=2:9/1:12
ATGCorner: L=1@11/0@-1 Y=0@-1/0@-1 farL=0@-1/0@-1 Lxy=59.3,90.9:42.5,56.0/-1.0,-1.0:-1.0,-1.0 Yxy=-1.0,-1.0:-1.0,-1.0/-1.0,-1.0:-1.0,-1.0 farLxy=-1.0,-1.0:-1.0,-1.0/-1.0,-1.0:-1.0,-1.0 best=11:59.3,90.9:42.5,56.0:98.0:11111/1:110.1,114.2:136.3,98.0:6.4:10111 seed_src=lpt/none seed=0.0,0.0/0.0,0.0 far_start=70,0 far_raw=0/0 far_num=0/0 straight=0/1 far_straight=0/0 conf_deg=98.0/6.4/0.0/0.0
CrossDiag: type=CROSS_NONE track=1 half_lr=0/0 nearL=1@11/0@-1 nearNum=23/124 centerNum=23/124 farL=0@-1/0@-1 farNum=0/0 farRaw=0/0 lost=0/0 not_have=0 final=124/125 flags=0/0
LineErr: aim=33 cxcy=84.0,119.6 left=1:1.70@82,86 dx=-1.7 idx=0/7 dist=32/98 right=1:-1.45@86,83 dx=1.5 idx=0/14 dist=33/252 sel=1:-1.46@86,82 dx=1.5 idx=0/16 dist=32/248 edge=1:4.09@80.0,86.5 dx=-4.0 width=65.3 l=48,93 r=112,80
CxScan: raw_ref=80.0 edge=80.0,86.5 best_raw_x=70 best_err=0.19 best_cxcy=80.2,119.5 scan=0:-25.5,10:-22.2,20:-18.7,30:-15.1,40:-11.4,50:-7.6,60:-3.7,70:0.2,80:4.1,90:7.9,100:11.7,110:15.4,120:18.9,130:22.3,140:25.6
ATGSeedDiag: seed=1@21,108/1@141,108 begin=7,108 block=5 clip=8
ATGLptDiag: best=11(98.0) imip=1/21 pass=11111 acc=11 ipm=59.3,90.9 inv=42.5,56.0 | 1(6.4) imip=0/11 pass=10111 acc=-1 ipm=110.1,114.2 inv=136.3,98.0
frame=131 line=1 track=1 cross=0 circle=1(CIRCLE_LEFT_BEGIN) round=0 yroad=0 ramp=0 road=7 speed=0 near=22/124 raw=91/105 sel=124/125 far=0/0 far_raw=0/0 l=1@11/0@-1 far_l=0@-1/0@-1 straight=0/1 far_straight=0/0 circle_cnt=0/0/0/0 lost=0/0 conf=95.7/5.6/0.0/0.0 dist=0 begin=705/0 m0=(84,119) ml=(85,87) md=32/1/130 cxcy=84.0,119.6 guide=-1.15 atg=2.0/1.0/1.0 pure=-0.51/-0.51 yaw=69 cmd=128 actual=10 signed=1 rps=3625/3975:2576/2820 duty=9/12 pwm=PWM2:9/PWM1:12 motor=2:9/1:12
ATGCorner: L=1@11/0@-1 Y=0@-1/0@-1 farL=0@-1/0@-1 Lxy=58.3,91.4:40.9,56.7/-1.0,-1.0:-1.0,-1.0 Yxy=-1.0,-1.0:-1.0,-1.0/-1.0,-1.0:-1.0,-1.0 farLxy=-1.0,-1.0:-1.0,-1.0/-1.0,-1.0:-1.0,-1.0 best=11:58.3,91.4:40.9,56.7:95.7:11111/1:110.1,114.2:136.2,98.0:5.6:10111 seed_src=lpt/none seed=0.0,0.0/0.0,0.0 far_start=70,0 far_raw=0/0 far_num=0/0 straight=0/1 far_straight=0/0 conf_deg=95.7/5.6/0.0/0.0
CrossDiag: type=CROSS_NONE track=1 half_lr=0/0 nearL=1@11/0@-1 nearNum=22/124 centerNum=22/124 farL=0@-1/0@-1 farNum=0/0 farRaw=0/0 lost=0/0 not_have=0 final=124/125 flags=0/0
LineErr: aim=33 cxcy=84.0,119.6 left=1:2.23@82,85 dx=-2.2 idx=0/7 dist=32/93 right=1:-1.36@85,83 dx=1.4 idx=0/14 dist=33/253 sel=1:-1.37@85,82 dx=1.4 idx=0/16 dist=32/248 edge=1:4.60@79.5,86.5 dx=-4.5 width=66.3 l=47,93 r=112,80
CxScan: raw_ref=80.0 edge=79.5,86.5 best_raw_x=70 best_err=0.70 best_cxcy=80.2,119.5 scan=0:-25.1,10:-21.7,20:-18.3,30:-14.6,40:-10.9,50:-7.1,60:-3.2,70:0.7,80:4.6,90:8.4,100:12.2,110:15.9,120:19.4,130:22.8,140:26.0
ATGSeedDiag: seed=1@21,108/1@141,108 begin=7,108 block=5 clip=8
ATGLptDiag: best=11(95.7) imip=1/21 pass=11111 acc=11 ipm=58.3,91.4 inv=40.9,56.7 | 1(5.6) imip=0/11 pass=10111 acc=-1 ipm=110.1,114.2 inv=136.2,98.0
frame=132 line=1 track=1 cross=0 circle=1(CIRCLE_LEFT_BEGIN) round=0 yroad=0 ramp=0 road=7 speed=0 near=22/124 raw=92/105 sel=124/126 far=0/0 far_raw=0/0 l=1@10/0@-1 far_l=0@-1/0@-1 straight=0/1 far_straight=0/0 circle_cnt=0/0/0/0 lost=0/0 conf=95.1/4.0/0.0/0.0 dist=0 begin=713/0 m0=(84,119) ml=(85,87) md=32/1/129 cxcy=84.0,119.6 guide=-1.15 atg=1.0/1.0/1.0 pure=-0.46/-0.51 yaw=69 cmd=128 actual=11 signed=1 rps=3625/3975:2676/2936 duty=9/12 pwm=PWM2:9/PWM1:12 motor=2:9/1:12
ATGCorner: L=1@10/0@-1 Y=0@-1/0@-1 farL=0@-1/0@-1 Lxy=60.3,93.0:42.8,58.4/-1.0,-1.0:-1.0,-1.0 Yxy=-1.0,-1.0:-1.0,-1.0/-1.0,-1.0:-1.0,-1.0 farLxy=-1.0,-1.0:-1.0,-1.0/-1.0,-1.0:-1.0,-1.0 best=10:60.3,93.0:42.8,58.4:95.1:11111/2:110.2,111.9:132.5,91.5:4.0:10111 seed_src=lpt/none seed=0.0,0.0/0.0,0.0 far_start=70,0 far_raw=0/0 far_num=0/0 straight=0/1 far_straight=0/0 conf_deg=95.1/4.0/0.0/0.0
CrossDiag: type=CROSS_NONE track=1 half_lr=0/0 nearL=1@10/0@-1 nearNum=22/124 centerNum=22/124 farL=0@-1/0@-1 farNum=0/0 farRaw=0/0 lost=0/0 not_have=0 final=124/126 flags=0/0
LineErr: aim=33 cxcy=84.0,119.6 left=1:2.39@82,85 dx=-2.4 idx=0/7 dist=32/93 right=1:-1.36@85,83 dx=1.4 idx=0/14 dist=33/252 sel=1:-1.37@85,83 dx=1.4 idx=0/16 dist=32/250 edge=1:4.60@79.5,86.5 dx=-4.5 width=66.7 l=47,94 r=112,79
CxScan: raw_ref=80.0 edge=79.5,86.5 best_raw_x=70 best_err=0.70 best_cxcy=80.2,119.5 scan=0:-25.1,10:-21.7,20:-18.3,30:-14.6,40:-10.9,50:-7.1,60:-3.2,70:0.7,80:4.6,90:8.4,100:12.2,110:15.9,120:19.4,130:22.8,140:26.0
ATGSeedDiag: seed=1@21,108/1@141,108 begin=7,108 block=5 clip=8
ATGLptDiag: best=10(95.1) imip=0/20 pass=11111 acc=10 ipm=60.3,93.0 inv=42.8,58.4 | 2(4.0) imip=0/12 pass=10111 acc=-1 ipm=110.2,111.9 inv=132.5,91.5
frame=135 line=1 track=1 cross=0 circle=1(CIRCLE_LEFT_BEGIN) round=0 yroad=0 ramp=0 road=7 speed=0 near=21/124 raw=88/105 sel=124/126 far=0/0 far_raw=0/0 l=1@10/0@-1 far_l=0@-1/0@-1 straight=0/1 far_straight=0/0 circle_cnt=0/0/0/0 lost=0/0 conf=96.8/5.6/0.0/0.0 dist=0 begin=736/0 m0=(84,119) ml=(85,87) md=32/1/130 cxcy=84.0,119.6 guide=-1.15 atg=1.0/1.0/1.0 pure=-0.48/-0.51 yaw=69 cmd=113 actual=25 signed=1 rps=3645/3955:2625/2824 duty=10/12 pwm=PWM2:10/PWM1:12 motor=2:10/1:12
ATGCorner: L=1@10/0@-1 Y=0@-1/0@-1 farL=0@-1/0@-1 Lxy=58.9,93.3:40.7,58.9/-1.0,-1.0:-1.0,-1.0 Yxy=-1.0,-1.0:-1.0,-1.0/-1.0,-1.0:-1.0,-1.0 farLxy=-1.0,-1.0:-1.0,-1.0/-1.0,-1.0:-1.0,-1.0 best=10:58.9,93.3:40.7,58.9:96.8:11111/1:110.1,114.2:136.2,98.0:5.6:10111 seed_src=lpt/none seed=0.0,0.0/0.0,0.0 far_start=70,0 far_raw=0/0 far_num=0/0 straight=0/1 far_straight=0/0 conf_deg=96.8/5.6/0.0/0.0
CrossDiag: type=CROSS_NONE track=1 half_lr=0/0 nearL=1@10/0@-1 nearNum=21/124 centerNum=21/124 farL=0@-1/0@-1 farNum=0/0 farRaw=0/0 lost=0/0 not_have=0 final=124/126 flags=0/0
LineErr: aim=33 cxcy=84.0,119.6 left=1:3.62@80,83 dx=-3.8 idx=0/7 dist=33/90 right=1:-1.36@85,83 dx=1.4 idx=0/14 dist=33/252 sel=1:-1.37@85,82 dx=1.4 idx=0/16 dist=32/250 edge=1:5.71@78.5,87.5 dx=-5.5 width=69.1 l=45,96 r=112,79
CxScan: raw_ref=80.0 edge=78.5,87.5 best_raw_x=65 best_err=-0.24 best_cxcy=78.3,119.5 scan=0:-24.6,10:-21.2,20:-17.6,30:-13.9,40:-10.1,50:-6.2,60:-2.2,70:1.8,80:5.7,90:9.6,100:13.4,110:17.1,120:20.6,130:24.0,140:27.2
ATGSeedDiag: seed=1@21,108/1@141,108 begin=7,108 block=5 clip=8
ATGLptDiag: best=10(96.8) imip=0/20 pass=11111 acc=10 ipm=58.9,93.3 inv=40.7,58.9 | 1(5.6) imip=0/11 pass=10111 acc=-1 ipm=110.1,114.2 inv=136.2,98.0
frame=136 line=1 track=1 cross=0 circle=1(CIRCLE_LEFT_BEGIN) round=0 yroad=0 ramp=0 road=7 speed=0 near=21/124 raw=89/105 sel=124/126 far=0/0 far_raw=0/0 l=1@10/0@-1 far_l=0@-1/0@-1 straight=0/1 far_straight=0/0 circle_cnt=0/0/0/0 lost=0/0 conf=99.0/6.4/0.0/0.0 dist=0 begin=744/0 m0=(84,119) ml=(85,87) md=32/1/130 cxcy=84.0,119.6 guide=-1.15 atg=1.0/1.0/1.0 pure=-0.48/-0.51 yaw=69 cmd=112 actual=26 signed=1 rps=3647/3953:2777/2907 duty=9/12 pwm=PWM2:9/PWM1:12 motor=2:9/1:12
ATGCorner: L=1@10/0@-1 Y=0@-1/0@-1 farL=0@-1/0@-1 Lxy=59.1,93.3:41.0,58.8/-1.0,-1.0:-1.0,-1.0 Yxy=-1.0,-1.0:-1.0,-1.0/-1.0,-1.0:-1.0,-1.0 farLxy=-1.0,-1.0:-1.0,-1.0/-1.0,-1.0:-1.0,-1.0 best=10:59.1,93.3:41.0,58.8:99.0:11111/1:110.1,114.2:136.3,98.0:6.4:10111 seed_src=lpt/none seed=0.0,0.0/0.0,0.0 far_start=70,0 far_raw=0/0 far_num=0/0 straight=0/1 far_straight=0/0 conf_deg=99.0/6.4/0.0/0.0
CrossDiag: type=CROSS_NONE track=1 half_lr=0/0 nearL=1@10/0@-1 nearNum=21/124 centerNum=21/124 farL=0@-1/0@-1 farNum=0/0 farRaw=0/0 lost=0/0 not_have=0 final=124/126 flags=0/0
LineErr: aim=33 cxcy=84.0,119.6 left=1:3.65@80,83 dx=-3.8 idx=0/7 dist=33/90 right=1:-1.36@85,83 dx=1.4 idx=0/14 dist=33/252 sel=1:-1.37@85,82 dx=1.4 idx=0/16 dist=32/250 edge=1:5.71@78.5,87.5 dx=-5.5 width=69.1 l=45,96 r=112,79
CxScan: raw_ref=80.0 edge=78.5,87.5 best_raw_x=65 best_err=-0.24 best_cxcy=78.3,119.5 scan=0:-24.6,10:-21.2,20:-17.6,30:-13.9,40:-10.1,50:-6.2,60:-2.2,70:1.8,80:5.7,90:9.6,100:13.4,110:17.1,120:20.6,130:24.0,140:27.2
ATGSeedDiag: seed=1@21,108/1@141,108 begin=7,108 block=5 clip=8
ATGLptDiag: best=10(99.0) imip=0/20 pass=11111 acc=10 ipm=59.1,93.3 inv=41.0,58.8 | 1(6.4) imip=0/11 pass=10111 acc=-1 ipm=110.1,114.2 inv=136.3,98.0
frame=138 line=1 track=1 cross=0 circle=1(CIRCLE_LEFT_BEGIN) round=0 yroad=0 ramp=0 road=7 speed=0 near=20/124 raw=86/105 sel=124/126 far=0/0 far_raw=0/0 l=1@9/0@-1 far_l=0@-1/0@-1 straight=0/1 far_straight=0/0 circle_cnt=0/0/0/0 lost=0/0 conf=95.8/4.0/0.0/0.0 dist=0 begin=760/0 m0=(84,119) ml=(85,87) md=32/1/130 cxcy=84.0,119.6 guide=-0.98 atg=1.0/1.0/1.0 pure=-0.48/-0.46 yaw=59 cmd=108 actual=10 signed=1 rps=3652/3948:2847/2721 duty=9/12 pwm=PWM2:9/PWM1:12 motor=2:9/1:12
ATGCorner: L=1@9/0@-1 Y=0@-1/0@-1 farL=0@-1/0@-1 Lxy=59.7,95.3:40.7,61.4/-1.0,-1.0:-1.0,-1.0 Yxy=-1.0,-1.0:-1.0,-1.0/-1.0,-1.0:-1.0,-1.0 farLxy=-1.0,-1.0:-1.0,-1.0/-1.0,-1.0:-1.0,-1.0 best=9:59.7,95.3:40.7,61.4:95.8:11111/2:110.2,111.9:132.5,91.5:4.0:10111 seed_src=lpt/none seed=0.0,0.0/0.0,0.0 far_start=70,0 far_raw=0/0 far_num=0/0 straight=0/1 far_straight=0/0 conf_deg=95.8/4.0/0.0/0.0
CrossDiag: type=CROSS_NONE track=1 half_lr=0/0 nearL=1@9/0@-1 nearNum=20/124 centerNum=20/124 farL=0@-1/0@-1 farNum=0/0 farRaw=0/0 lost=0/0 not_have=0 final=124/126 flags=0/0
LineErr: aim=33 cxcy=84.0,119.6 left=1:4.61@79,82 dx=-4.9 idx=0/7 dist=33/84 right=1:-1.30@85,83 dx=1.4 idx=0/14 dist=33/251 sel=1:-1.30@85,82 dx=1.4 idx=0/16 dist=32/250 edge=1:6.28@78.0,88.0 dx=-6.0 width=70.3 l=44,97 r=112,79
CxScan: raw_ref=80.0 edge=78.0,88.0 best_raw_x=65 best_err=0.29 best_cxcy=78.3,119.5 scan=0:-24.4,10:-20.9,20:-17.3,30:-13.6,40:-9.7,50:-5.7,60:-1.7,70:2.3,80:6.3,90:10.2,100:14.0,110:17.7,120:21.3,130:24.6,140:27.8
ATGSeedDiag: seed=1@21,108/1@141,108 begin=7,108 block=5 clip=8
ATGLptDiag: best=9(95.8) imip=0/19 pass=11111 acc=9 ipm=59.7,95.3 inv=40.7,61.4 | 2(4.0) imip=0/12 pass=10111 acc=-1 ipm=110.2,111.9 inv=132.5,91.5
frame=139 line=1 track=1 cross=0 circle=1(CIRCLE_LEFT_BEGIN) round=0 yroad=0 ramp=0 road=7 speed=0 near=20/124 raw=85/105 sel=124/126 far=0/0 far_raw=0/0 l=1@9/0@-1 far_l=0@-1/0@-1 straight=0/1 far_straight=0/0 circle_cnt=0/0/0/0 lost=0/0 conf=96.6/3.7/0.0/0.0 dist=0 begin=768/0 m0=(84,119) ml=(85,87) md=32/1/130 cxcy=84.0,119.6 guide=-0.98 atg=1.0/1.0/1.0 pure=-0.47/-0.46 yaw=59 cmd=118 actual=0 signed=1 rps=3638/3962:3010/2718 duty=9/13 pwm=PWM2:9/PWM1:13 motor=2:9/1:13
ATGCorner: L=1@9/0@-1 Y=0@-1/0@-1 farL=0@-1/0@-1 Lxy=59.4,95.4:40.4,61.5/-1.0,-1.0:-1.0,-1.0 Yxy=-1.0,-1.0:-1.0,-1.0/-1.0,-1.0:-1.0,-1.0 farLxy=-1.0,-1.0:-1.0,-1.0/-1.0,-1.0:-1.0,-1.0 best=9:59.4,95.4:40.4,61.5:96.6:11111/40:117.4,24.2:94.2,21.1:3.7:10111 seed_src=lpt/none seed=0.0,0.0/0.0,0.0 far_start=70,0 far_raw=0/0 far_num=0/0 straight=0/1 far_straight=0/0 conf_deg=96.6/3.7/0.0/0.0
CrossDiag: type=CROSS_NONE track=1 half_lr=0/0 nearL=1@9/0@-1 nearNum=20/124 centerNum=20/124 farL=0@-1/0@-1 farNum=0/0 farRaw=0/0 lost=0/0 not_have=0 final=124/126 flags=0/0
LineErr: aim=33 cxcy=84.0,119.6 left=1:4.96@79,82 dx=-5.3 idx=0/7 dist=33/84 right=1:-1.30@85,83 dx=1.4 idx=0/14 dist=33/252 sel=1:-1.30@85,82 dx=1.4 idx=0/16 dist=32/250 edge=1:6.28@78.0,88.0 dx=-6.0 width=70.3 l=44,97 r=112,79
CxScan: raw_ref=80.0 edge=78.0,88.0 best_raw_x=65 best_err=0.29 best_cxcy=78.3,119.5 scan=0:-24.4,10:-20.9,20:-17.3,30:-13.6,40:-9.7,50:-5.7,60:-1.7,70:2.3,80:6.3,90:10.2,100:14.0,110:17.7,120:21.3,130:24.6,140:27.8
ATGSeedDiag: seed=1@21,108/1@141,108 begin=7,108 block=5 clip=8
ATGLptDiag: best=9(96.6) imip=0/19 pass=11111 acc=9 ipm=59.4,95.4 inv=40.4,61.5 | 40(3.7) imip=30/50 pass=10111 acc=-1 ipm=117.4,24.2 inv=94.2,21.1
frame=140 line=1 track=1 cross=0 circle=1(CIRCLE_LEFT_BEGIN) round=0 yroad=0 ramp=0 road=7 speed=0 near=20/124 raw=85/105 sel=124/126 far=0/0 far_raw=0/0 l=1@9/0@-1 far_l=0@-1/0@-1 straight=0/1 far_straight=0/0 circle_cnt=0/0/0/0 lost=0/0 conf=97.3/4.0/0.0/0.0 dist=0 begin=776/0 m0=(84,119) ml=(85,87) md=32/1/130 cxcy=84.0,119.6 guide=-0.98 atg=1.0/1.0/1.0 pure=-0.47/-0.45 yaw=59 cmd=127 actual=-9 signed=1 rps=3626/3974:2916/2566 duty=9/13 pwm=PWM2:9/PWM1:13 motor=2:9/1:13
ATGCorner: L=1@9/0@-1 Y=0@-1/0@-1 farL=0@-1/0@-1 Lxy=59.4,95.4:40.3,61.5/-1.0,-1.0:-1.0,-1.0 Yxy=-1.0,-1.0:-1.0,-1.0/-1.0,-1.0:-1.0,-1.0 farLxy=-1.0,-1.0:-1.0,-1.0/-1.0,-1.0:-1.0,-1.0 best=9:59.4,95.4:40.3,61.5:97.3:11111/39:117.0,26.5:94.4,21.6:4.0:10111 seed_src=lpt/none seed=0.0,0.0/0.0,0.0 far_start=70,0 far_raw=0/0 far_num=0/0 straight=0/1 far_straight=0/0 conf_deg=97.3/4.0/0.0/0.0
CrossDiag: type=CROSS_NONE track=1 half_lr=0/0 nearL=1@9/0@-1 nearNum=20/124 centerNum=20/124 farL=0@-1/0@-1 farNum=0/0 farRaw=0/0 lost=0/0 not_have=0 final=124/126 flags=0/0
LineErr: aim=33 cxcy=84.0,119.6 left=1:5.22@78,81 dx=-5.6 idx=0/7 dist=33/84 right=1:-1.30@85,83 dx=1.4 idx=0/14 dist=33/252 sel=1:-1.30@85,82 dx=1.4 idx=0/16 dist=32/250 edge=1:6.34@78.0,88.5 dx=-6.0 width=70.6 l=44,98 r=112,79
CxScan: raw_ref=80.0 edge=78.0,88.5 best_raw_x=65 best_err=0.29 best_cxcy=78.3,119.5 scan=0:-24.6,10:-21.1,20:-17.5,30:-13.7,40:-9.8,50:-5.8,60:-1.7,70:2.3,80:6.3,90:10.3,100:14.1,110:17.9,120:21.4,130:24.8,140:28.0
ATGSeedDiag: seed=1@21,108/1@141,108 begin=7,108 block=5 clip=8
ATGLptDiag: best=9(97.3) imip=0/19 pass=11111 acc=9 ipm=59.4,95.4 inv=40.3,61.5 | 39(4.0) imip=29/49 pass=10111 acc=-1 ipm=117.0,26.5 inv=94.4,21.6
frame=141 line=1 track=1 cross=0 circle=1(CIRCLE_LEFT_BEGIN) round=0 yroad=0 ramp=0 road=7 speed=0 near=20/124 raw=86/105 sel=124/126 far=0/0 far_raw=0/0 l=1@9/0@-1 far_l=0@-1/0@-1 straight=0/1 far_straight=0/0 circle_cnt=0/0/0/0 lost=0/0 conf=99.4/4.1/0.0/0.0 dist=0 begin=784/0 m0=(84,119) ml=(85,87) md=32/1/130 cxcy=84.0,119.6 guide=-0.98 atg=1.0/1.0/1.0 pure=-0.47/-0.45 yaw=59 cmd=134 actual=-17 signed=1 rps=3616/3984:3030/2672 duty=9/13 pwm=PWM2:9/PWM1:13 motor=2:9/1:13
ATGCorner: L=1@9/0@-1 Y=0@-1/0@-1 farL=0@-1/0@-1 Lxy=59.8,95.3:40.9,61.4/-1.0,-1.0:-1.0,-1.0 Yxy=-1.0,-1.0:-1.0,-1.0/-1.0,-1.0:-1.0,-1.0 farLxy=-1.0,-1.0:-1.0,-1.0/-1.0,-1.0:-1.0,-1.0 best=9:59.8,95.3:40.9,61.4:99.4:11111/2:110.2,111.9:132.4,91.5:4.1:10111 seed_src=lpt/none seed=0.0,0.0/0.0,0.0 far_start=70,0 far_raw=0/0 far_num=0/0 straight=0/1 far_straight=0/0 conf_deg=99.4/4.1/0.0/0.0
CrossDiag: type=CROSS_NONE track=1 half_lr=0/0 nearL=1@9/0@-1 nearNum=20/124 centerNum=20/124 farL=0@-1/0@-1 farNum=0/0 farRaw=0/0 lost=0/0 not_have=0 final=124/126 flags=0/0
LineErr: aim=33 cxcy=84.0,119.6 left=1:5.20@78,81 dx=-5.6 idx=0/7 dist=33/84 right=1:-1.30@85,83 dx=1.4 idx=0/14 dist=33/251 sel=1:-1.30@85,82 dx=1.4 idx=0/16 dist=32/250 edge=1:6.34@78.0,88.5 dx=-6.0 width=70.6 l=44,98 r=112,79
CxScan: raw_ref=80.0 edge=78.0,88.5 best_raw_x=65 best_err=0.29 best_cxcy=78.3,119.5 scan=0:-24.6,10:-21.1,20:-17.5,30:-13.7,40:-9.8,50:-5.8,60:-1.7,70:2.3,80:6.3,90:10.3,100:14.1,110:17.9,120:21.4,130:24.8,140:28.0
ATGSeedDiag: seed=1@21,108/1@141,108 begin=7,108 block=5 clip=8
ATGLptDiag: best=9(99.4) imip=0/19 pass=11111 acc=9 ipm=59.8,95.3 inv=40.9,61.4 | 2(4.1) imip=0/12 pass=10111 acc=-1 ipm=110.2,111.9 inv=132.4,91.5
frame=142 line=1 track=1 cross=0 circle=1(CIRCLE_LEFT_BEGIN) round=0 yroad=0 ramp=0 road=7 speed=0 near=19/124 raw=84/105 sel=124/126 far=0/0 far_raw=0/0 l=1@9/0@-1 far_l=0@-1/0@-1 straight=0/1 far_straight=0/0 circle_cnt=0/0/0/0 lost=0/0 conf=97.8/3.5/0.0/0.0 dist=0 begin=792/0 m0=(84,119) ml=(85,87) md=32/1/130 cxcy=84.0,119.6 guide=-0.98 atg=1.0/1.0/1.0 pure=-0.47/-0.46 yaw=59 cmd=134 actual=-17 signed=1 rps=3616/3984:3071/2724 duty=9/13 pwm=PWM2:9/PWM1:13 motor=2:9/1:13
ATGCorner: L=1@9/0@-1 Y=0@-1/0@-1 farL=0@-1/0@-1 Lxy=58.9,95.6:39.4,61.8/-1.0,-1.0:-1.0,-1.0 Yxy=-1.0,-1.0:-1.0,-1.0/-1.0,-1.0:-1.0,-1.0 farLxy=-1.0,-1.0:-1.0,-1.0/-1.0,-1.0:-1.0,-1.0 best=9:58.9,95.6:39.4,61.8:97.8:11111/1:110.0,114.2:136.0,98.0:3.5:10111 seed_src=lpt/none seed=0.0,0.0/0.0,0.0 far_start=70,0 far_raw=0/0 far_num=0/0 straight=0/1 far_straight=0/0 conf_deg=97.8/3.5/0.0/0.0
CrossDiag: type=CROSS_NONE track=1 half_lr=0/0 nearL=1@9/0@-1 nearNum=19/124 centerNum=19/124 farL=0@-1/0@-1 farNum=0/0 farRaw=0/0 lost=0/0 not_have=0 final=124/126 flags=0/0
LineErr: aim=33 cxcy=84.0,119.6 left=1:5.86@78,80 dx=-6.4 idx=0/7 dist=32/77 right=1:-1.30@85,83 dx=1.4 idx=0/14 dist=33/253 sel=1:-1.30@85,82 dx=1.4 idx=0/16 dist=32/250 edge=1:6.92@77.5,89.0 dx=-6.5 width=71.8 l=43,99 r=112,79
CxScan: raw_ref=80.0 edge=77.5,89.0 best_raw_x=65 best_err=0.82 best_cxcy=78.3,119.5 scan=0:-24.3,10:-20.8,20:-17.1,30:-13.3,40:-9.3,50:-5.3,60:-1.2,70:2.9,80:6.9,90:10.9,100:14.8,110:18.5,120:22.1,130:25.5,140:28.7
ATGSeedDiag: seed=1@21,108/1@141,108 begin=7,108 block=5 clip=8
ATGLptDiag: best=9(97.8) imip=0/18 pass=11111 acc=9 ipm=58.9,95.6 inv=39.4,61.8 | 1(3.5) imip=0/11 pass=10111 acc=-1 ipm=110.0,114.2 inv=136.0,98.0
frame=143 line=0 track=1 cross=0 circle=1(CIRCLE_LEFT_BEGIN) round=0 yroad=0 ramp=0 road=7 speed=0 near=19/1 raw=82/170 sel=1/0 far=0/0 far_raw=0/0 l=1@8/0@-1 far_l=0@-1/0@-1 straight=0/0 far_straight=0/0 circle_cnt=0/0/0/0 lost=0/0 conf=95.7/0.0/0.0/0.0 dist=0 begin=800/0 m0=(-1,-1) ml=(-1,-1) md=-1/0/-1 cxcy=84.0,119.6 guide=0.00 atg=1.0/1.0/1.0 pure=-0.47/-0.46 yaw=0 cmd=0 actual=132 signed=0 rps=0/0:0/0 duty=0/0 pwm=PWM2:0/PWM1:0 motor=2:0/1:0
ATGCorner: L=1@8/0@-1 Y=0@-1/0@-1 farL=0@-1/0@-1 Lxy=59.9,97.6:39.7,64.5/-1.0,-1.0:-1.0,-1.0 Yxy=-1.0,-1.0:-1.0,-1.0/-1.0,-1.0:-1.0,-1.0 farLxy=-1.0,-1.0:-1.0,-1.0/-1.0,-1.0:-1.0,-1.0 best=8:59.9,97.6:39.7,64.5:95.7:11111/-1:-1.0,-1.0:-1.0,-1.0:-57295.8:00000 seed_src=lpt/lost seed=0.0,0.0/0.0,0.0 far_start=70,0 far_raw=0/0 far_num=0/0 straight=0/0 far_straight=0/0 conf_deg=95.7/0.0/0.0/0.0
CrossDiag: type=CROSS_NONE track=1 half_lr=0/0 nearL=1@8/0@-1 nearNum=19/1 centerNum=19/1 farL=0@-1/0@-1 farNum=0/0 farRaw=0/0 lost=0/0 not_have=0 final=1/0 flags=0/0
LineErr: aim=33 cxcy=84.0,119.6 left=1:6.41@77,80 dx=-7.1 idx=0/7 dist=32/77 right=0:0.00@-1,-1 dx=0.0 idx=-1/-1 dist=-1/-1 sel=0:0.00@-1,-1 dx=0.0 idx=-1/-1 dist=-1/-1 edge=0:0.00@-1.0,-1.0 dx=0.0 width=0.0 l=42,99 r=-1,-1
ATGSeedDiag: seed=1@21,108/1@134,108 begin=7,108 block=5 clip=8
ATGLptDiag: best=8(95.7) imip=0/18 pass=11111 acc=8 ipm=59.9,97.6 inv=39.7,64.5 | -1(-57295.8) imip=-1/-1 pass=00000 acc=-1 ipm=-1.0,-1.0 inv=-1.0,-1.0
frame=144 line=1 track=1 cross=0 circle=1(CIRCLE_LEFT_BEGIN) round=0 yroad=0 ramp=0 road=7 speed=0 near=18/124 raw=82/105 sel=124/126 far=0/0 far_raw=0/0 l=1@8/0@-1 far_l=0@-1/0@-1 straight=0/1 far_straight=0/0 circle_cnt=0/0/0/0 lost=0/0 conf=96.3/6.2/0.0/0.0 dist=0 begin=808/0 m0=(84,119) ml=(85,87) md=32/1/131 cxcy=84.0,119.6 guide=-1.49 atg=1.0/1.0/1.0 pure=-0.50/-0.49 yaw=89 cmd=110 actual=68 signed=1 rps=3649/3951:3113/2960 duty=9/12 pwm=PWM2:9/PWM1:12 motor=2:9/1:12
ATGCorner: L=1@8/0@-1 Y=0@-1/0@-1 farL=0@-1/0@-1 Lxy=59.8,97.6:39.6,64.5/-1.0,-1.0:-1.0,-1.0 Yxy=-1.0,-1.0:-1.0,-1.0/-1.0,-1.0:-1.0,-1.0 farLxy=-1.0,-1.0:-1.0,-1.0/-1.0,-1.0:-1.0,-1.0 best=8:59.8,97.6:39.6,64.5:96.3:11111/1:110.1,114.2:136.3,98.0:6.2:10111 seed_src=lpt/none seed=0.0,0.0/0.0,0.0 far_start=70,0 far_raw=0/0 far_num=0/0 straight=0/1 far_straight=0/0 conf_deg=96.3/6.2/0.0/0.0
CrossDiag: type=CROSS_NONE track=1 half_lr=0/0 nearL=1@8/0@-1 nearNum=18/124 centerNum=18/124 farL=0@-1/0@-1 farNum=0/0 farRaw=0/0 lost=0/0 not_have=0 final=124/126 flags=0/0
LineErr: aim=33 cxcy=84.0,119.6 left=1:6.72@77,80 dx=-7.4 idx=0/7 dist=32/70 right=1:-1.65@86,83 dx=1.7 idx=0/14 dist=33/254 sel=1:-1.64@86,82 dx=1.7 idx=0/16 dist=32/250 edge=1:7.51@77.0,89.5 dx=-7.0 width=72.5 l=42,99 r=112,80
CxScan: raw_ref=80.0 edge=77.0,89.5 best_raw_x=60 best_err=-0.70 best_cxcy=76.4,119.5 scan=0:-24.1,10:-20.5,20:-16.8,30:-12.9,40:-8.9,50:-4.8,60:-0.7,70:3.4,80:7.5,90:11.5,100:15.4,110:19.1,120:22.7,130:26.1,140:29.3
ATGSeedDiag: seed=1@21,108/1@141,108 begin=7,108 block=5 clip=8
ATGLptDiag: best=8(96.3) imip=0/17 pass=11111 acc=8 ipm=59.8,97.6 inv=39.6,64.5 | 1(6.2) imip=0/11 pass=10111 acc=-1 ipm=110.1,114.2 inv=136.3,98.0
frame=145 line=1 track=1 cross=0 circle=1(CIRCLE_LEFT_BEGIN) round=0 yroad=0 ramp=0 road=7 speed=0 near=18/124 raw=83/105 sel=124/126 far=0/0 far_raw=0/0 l=1@8/0@-1 far_l=0@-1/0@-1 straight=0/1 far_straight=0/0 circle_cnt=0/0/0/0 lost=0/0 conf=97.7/3.8/0.0/0.0 dist=0 begin=816/0 m0=(84,119) ml=(85,87) md=32/1/131 cxcy=84.0,119.6 guide=-1.15 atg=1.0/1.0/1.0 pure=-0.50/-0.46 yaw=69 cmd=111 actual=28 signed=1 rps=3648/3952:2858/2796 duty=9/12 pwm=PWM2:9/PWM1:12 motor=2:9/1:12
ATGCorner: L=1@8/0@-1 Y=0@-1/0@-1 farL=0@-1/0@-1 Lxy=60.0,97.6:39.9,64.5/-1.0,-1.0:-1.0,-1.0 Yxy=-1.0,-1.0:-1.0,-1.0/-1.0,-1.0:-1.0,-1.0 farLxy=-1.0,-1.0:-1.0,-1.0/-1.0,-1.0:-1.0,-1.0 best=8:60.0,97.6:39.9,64.5:97.7:11111/39:117.5,26.5:94.7,21.6:3.8:10111 seed_src=lpt/none seed=0.0,0.0/0.0,0.0 far_start=70,0 far_raw=0/0 far_num=0/0 straight=0/1 far_straight=0/0 conf_deg=97.7/3.8/0.0/0.0
CrossDiag: type=CROSS_NONE track=1 half_lr=0/0 nearL=1@8/0@-1 nearNum=18/124 centerNum=18/124 farL=0@-1/0@-1 farNum=0/0 farRaw=0/0 lost=0/0 not_have=0 final=124/126 flags=0/0
LineErr: aim=33 cxcy=84.0,119.6 left=1:6.80@76,80 dx=-7.5 idx=0/7 dist=32/70 right=1:-1.36@85,83 dx=1.4 idx=0/14 dist=33/254 sel=1:-1.37@85,82 dx=1.4 idx=0/16 dist=32/250 edge=1:7.51@77.0,89.5 dx=-7.0 width=73.1 l=42,100 r=112,79
CxScan: raw_ref=80.0 edge=77.0,89.5 best_raw_x=60 best_err=-0.70 best_cxcy=76.4,119.5 scan=0:-24.1,10:-20.5,20:-16.8,30:-12.9,40:-8.9,50:-4.8,60:-0.7,70:3.4,80:7.5,90:11.5,100:15.4,110:19.1,120:22.7,130:26.1,140:29.3
ATGSeedDiag: seed=1@21,108/1@141,108 begin=7,108 block=5 clip=8
ATGLptDiag: best=8(97.7) imip=0/17 pass=11111 acc=8 ipm=60.0,97.6 inv=39.9,64.5 | 39(3.8) imip=29/49 pass=10111 acc=-1 ipm=117.5,26.5 inv=94.7,21.6
frame=146 line=1 track=1 cross=0 circle=1(CIRCLE_LEFT_BEGIN) round=0 yroad=0 ramp=0 road=7 speed=0 near=18/124 raw=83/105 sel=124/126 far=0/0 far_raw=0/0 l=1@8/0@-1 far_l=0@-1/0@-1 straight=0/1 far_straight=0/0 circle_cnt=0/0/0/0 lost=0/0 conf=98.4/3.3/0.0/0.0 dist=0 begin=824/0 m0=(84,119) ml=(85,87) md=32/1/130 cxcy=84.0,119.6 guide=-0.98 atg=1.0/1.0/1.0 pure=-0.46/-0.45 yaw=59 cmd=109 actual=9 signed=1 rps=3651/3949:2909/2908 duty=9/12 pwm=PWM2:9/PWM1:12 motor=2:9/1:12
ATGCorner: L=1@8/0@-1 Y=0@-1/0@-1 farL=0@-1/0@-1 Lxy=60.0,97.6:39.8,64.5/-1.0,-1.0:-1.0,-1.0 Yxy=-1.0,-1.0:-1.0,-1.0/-1.0,-1.0:-1.0,-1.0 farLxy=-1.0,-1.0:-1.0,-1.0/-1.0,-1.0:-1.0,-1.0 best=8:60.0,97.6:39.8,64.5:98.4:11111/1:109.9,114.2:135.7,98.0:3.3:10111 seed_src=lpt/none seed=0.0,0.0/0.0,0.0 far_start=70,0 far_raw=0/0 far_num=0/0 straight=0/1 far_straight=0/0 conf_deg=98.4/3.3/0.0/0.0
CrossDiag: type=CROSS_NONE track=1 half_lr=0/0 nearL=1@8/0@-1 nearNum=18/124 centerNum=18/124 farL=0@-1/0@-1 farNum=0/0 farRaw=0/0 lost=0/0 not_have=0 final=124/126 flags=0/0
LineErr: aim=33 cxcy=84.0,119.6 left=1:7.20@76,79 dx=-8.0 idx=0/7 dist=32/70 right=1:-1.14@85,83 dx=1.2 idx=0/14 dist=33/253 sel=1:-1.15@85,82 dx=1.2 idx=0/16 dist=32/250 edge=1:7.51@77.0,89.5 dx=-7.0 width=73.1 l=42,100 r=112,79
CxScan: raw_ref=80.0 edge=77.0,89.5 best_raw_x=60 best_err=-0.70 best_cxcy=76.4,119.5 scan=0:-24.1,10:-20.5,20:-16.8,30:-12.9,40:-8.9,50:-4.8,60:-0.7,70:3.4,80:7.5,90:11.5,100:15.4,110:19.1,120:22.7,130:26.1,140:29.3
ATGSeedDiag: seed=1@21,108/1@141,108 begin=7,108 block=5 clip=8
ATGLptDiag: best=8(98.4) imip=0/17 pass=11111 acc=8 ipm=60.0,97.6 inv=39.8,64.5 | 1(3.3) imip=0/11 pass=10111 acc=-1 ipm=109.9,114.2 inv=135.7,98.0
frame=147 line=1 track=1 cross=0 circle=1(CIRCLE_LEFT_BEGIN) round=0 yroad=0 ramp=0 road=7 speed=0 near=17/124 raw=79/105 sel=124/126 far=0/0 far_raw=0/0 l=1@8/0@-1 far_l=0@-1/0@-1 straight=0/1 far_straight=0/0 circle_cnt=0/0/0/0 lost=0/0 conf=96.3/4.3/0.0/0.0 dist=0 begin=832/0 m0=(84,119) ml=(85,87) md=32/1/130 cxcy=84.0,119.6 guide=-0.98 atg=1.0/1.0/1.0 pure=-0.44/-0.45 yaw=59 cmd=124 actual=-6 signed=1 rps=3630/3970:2757/2838 duty=9/12 pwm=PWM2:9/PWM1:12 motor=2:9/1:12
ATGCorner: L=1@8/0@-1 Y=0@-1/0@-1 farL=0@-1/0@-1 Lxy=58.9,97.9:38.0,65.0/-1.0,-1.0:-1.0,-1.0 Yxy=-1.0,-1.0:-1.0,-1.0/-1.0,-1.0:-1.0,-1.0 farLxy=-1.0,-1.0:-1.0,-1.0/-1.0,-1.0:-1.0,-1.0 best=8:58.9,97.9:38.0,65.0:96.3:11111/39:117.0,26.5:94.4,21.6:4.3:10111 seed_src=lpt/none seed=0.0,0.0/0.0,0.0 far_start=70,0 far_raw=0/0 far_num=0/0 straight=0/1 far_straight=0/0 conf_deg=96.3/4.3/0.0/0.0
CrossDiag: type=CROSS_NONE track=1 half_lr=0/0 nearL=1@8/0@-1 nearNum=17/124 centerNum=17/124 farL=0@-1/0@-1 farNum=0/0 farRaw=0/0 lost=0/0 not_have=0 final=124/126 flags=0/0
LineErr: aim=33 cxcy=84.0,119.6 left=1:9.54@73,77 dx=-11.0 idx=0/9 dist=33/63 right=1:-1.14@85,83 dx=1.2 idx=0/14 dist=33/253 sel=1:-1.14@85,82 dx=1.2 idx=0/16 dist=32/250 edge=1:8.65@76.0,90.0 dx=-8.0 width=73.4 l=41,101 r=111,79
CxScan: raw_ref=80.0 edge=76.0,90.0 best_raw_x=60 best_err=0.38 best_cxcy=76.4,119.5 scan=0:-23.4,10:-19.7,20:-15.9,30:-12.0,40:-7.9,50:-3.8,60:0.4,70:4.5,80:8.6,90:12.7,100:16.5,110:20.3,120:23.8,130:27.2,140:30.4
ATGSeedDiag: seed=1@21,108/1@141,108 begin=7,108 block=5 clip=8
ATGLptDiag: best=8(96.3) imip=0/16 pass=11111 acc=8 ipm=58.9,97.9 inv=38.0,65.0 | 39(4.3) imip=29/49 pass=10111 acc=-1 ipm=117.0,26.5 inv=94.4,21.6
frame=149 line=1 track=1 cross=0 circle=1(CIRCLE_LEFT_BEGIN) round=0 yroad=0 ramp=0 road=7 speed=0 near=17/124 raw=80/105 sel=124/126 far=0/0 far_raw=0/0 l=1@8/0@-1 far_l=0@-1/0@-1 straight=0/1 far_straight=0/0 circle_cnt=0/0/0/0 lost=0/0 conf=98.6/4.2/0.0/0.0 dist=0 begin=848/0 m0=(84,119) ml=(85,87) md=32/1/130 cxcy=84.0,119.6 guide=-0.98 atg=1.0/1.0/1.0 pure=-0.46/-0.45 yaw=59 cmd=85 actual=33 signed=1 rps=3683/3917:2757/3075 duty=9/12 pwm=PWM2:9/PWM1:12 motor=2:9/1:12
ATGCorner: L=1@8/0@-1 Y=0@-1/0@-1 farL=0@-1/0@-1 Lxy=58.9,97.9:38.0,65.0/-1.0,-1.0:-1.0,-1.0 Yxy=-1.0,-1.0:-1.0,-1.0/-1.0,-1.0:-1.0,-1.0 farLxy=-1.0,-1.0:-1.0,-1.0/-1.0,-1.0:-1.0,-1.0 best=8:58.9,97.9:38.0,65.0:98.6:11111/2:110.2,111.9:132.5,91.5:4.2:10111 seed_src=lpt/none seed=0.0,0.0/0.0,0.0 far_start=70,0 far_raw=0/0 far_num=0/0 straight=0/1 far_straight=0/0 conf_deg=98.6/4.2/0.0/0.0
CrossDiag: type=CROSS_NONE track=1 half_lr=0/0 nearL=1@8/0@-1 nearNum=17/124 centerNum=17/124 farL=0@-1/0@-1 farNum=0/0 farRaw=0/0 lost=0/0 not_have=0 final=124/126 flags=0/0
LineErr: aim=33 cxcy=84.0,119.6 left=1:8.07@75,77 dx=-9.3 idx=0/8 dist=32/64 right=1:-1.30@85,83 dx=1.4 idx=0/14 dist=33/253 sel=1:-1.30@85,82 dx=1.4 idx=0/16 dist=32/250 edge=1:8.19@76.5,90.5 dx=-7.5 width=74.6 l=41,102 r=112,79
CxScan: raw_ref=80.0 edge=76.5,90.5 best_raw_x=60 best_err=-0.16 best_cxcy=76.4,119.5 scan=0:-24.0,10:-20.4,20:-16.6,30:-12.6,40:-8.5,50:-4.4,60:-0.2,70:4.0,80:8.2,90:12.3,100:16.2,110:20.0,120:23.6,130:27.0,140:30.2
ATGSeedDiag: seed=1@21,108/1@141,108 begin=7,108 block=5 clip=8
ATGLptDiag: best=8(98.6) imip=0/16 pass=11111 acc=8 ipm=58.9,97.9 inv=38.0,65.0 | 2(4.2) imip=0/12 pass=10111 acc=-1 ipm=110.2,111.9 inv=132.5,91.5
frame=150 line=1 track=1 cross=0 circle=1(CIRCLE_LEFT_BEGIN) round=0 yroad=0 ramp=0 road=7 speed=0 near=17/124 raw=80/105 sel=124/125 far=0/0 far_raw=0/0 l=1@8/0@-1 far_l=0@-1/0@-1 straight=0/1 far_straight=0/0 circle_cnt=0/0/0/0 lost=0/0 conf=98.5/6.1/0.0/0.0 dist=0 begin=855/0 m0=(84,119) ml=(85,87) md=32/1/131 cxcy=84.0,119.6 guide=-1.49 atg=2.0/1.0/1.0 pure=-0.55/-0.48 yaw=89 cmd=113 actual=65 signed=1 rps=3645/3955:2531/2894 duty=10/12 pwm=PWM2:10/PWM1:12 motor=2:10/1:12
ATGCorner: L=1@8/0@-1 Y=0@-1/0@-1 farL=0@-1/0@-1 Lxy=58.7,98.0:37.6,65.1/-1.0,-1.0:-1.0,-1.0 Yxy=-1.0,-1.0:-1.0,-1.0/-1.0,-1.0:-1.0,-1.0 farLxy=-1.0,-1.0:-1.0,-1.0/-1.0,-1.0:-1.0,-1.0 best=8:58.7,98.0:37.6,65.1:98.5:11111/1:110.1,114.2:136.3,98.0:6.1:10111 seed_src=lpt/none seed=0.0,0.0/0.0,0.0 far_start=70,0 far_raw=0/0 far_num=0/0 straight=0/1 far_straight=0/0 conf_deg=98.5/6.1/0.0/0.0
CrossDiag: type=CROSS_NONE track=1 half_lr=0/0 nearL=1@8/0@-1 nearNum=17/124 centerNum=17/124 farL=0@-1/0@-1 farNum=0/0 farRaw=0/0 lost=0/0 not_have=0 final=124/125 flags=0/0
LineErr: aim=33 cxcy=84.0,119.6 left=1:8.52@74,77 dx=-9.8 idx=0/8 dist=32/64 right=1:-1.45@86,83 dx=1.5 idx=0/14 dist=33/252 sel=1:-1.46@86,82 dx=1.5 idx=0/16 dist=32/248 edge=1:8.27@76.5,91.0 dx=-7.5 width=74.3 l=41,102 r=112,80
CxScan: raw_ref=80.0 edge=76.5,91.0 best_raw_x=60 best_err=-0.16 best_cxcy=76.4,119.5 scan=0:-24.2,10:-20.6,20:-16.7,30:-12.7,40:-8.6,50:-4.4,60:-0.2,70:4.1,80:8.3,90:12.4,100:16.3,110:20.1,120:23.8,130:27.2,140:30.4
ATGSeedDiag: seed=1@21,108/1@141,108 begin=7,108 block=5 clip=8
ATGLptDiag: best=8(98.5) imip=0/16 pass=11111 acc=8 ipm=58.7,98.0 inv=37.6,65.1 | 1(6.1) imip=0/11 pass=10111 acc=-1 ipm=110.1,114.2 inv=136.3,98.0
frame=151 line=1 track=1 cross=0 circle=1(CIRCLE_LEFT_BEGIN) round=0 yroad=0 ramp=0 road=7 speed=0 near=16/124 raw=77/105 sel=124/125 far=0/0 far_raw=0/0 l=1@7/0@-1 far_l=0@-1/0@-1 straight=0/1 far_straight=0/0 circle_cnt=0/0/0/0 lost=0/0 conf=95.5/6.1/0.0/0.0 dist=0 begin=862/0 m0=(84,119) ml=(85,87) md=32/1/130 cxcy=84.0,119.6 guide=-1.49 atg=2.0/1.0/1.0 pure=-0.55/-0.50 yaw=89 cmd=86 actual=92 signed=1 rps=3682/3918:2578/2927 duty=10/12 pwm=PWM2:10/PWM1:12 motor=2:10/1:12
ATGCorner: L=1@7/0@-1 Y=0@-1/0@-1 farL=0@-1/0@-1 Lxy=59.5,100.0:37.6,68.0/-1.0,-1.0:-1.0,-1.0 Yxy=-1.0,-1.0:-1.0,-1.0/-1.0,-1.0:-1.0,-1.0 farLxy=-1.0,-1.0:-1.0,-1.0/-1.0,-1.0:-1.0,-1.0 best=7:59.5,100.0:37.6,68.0:95.5:11111/1:110.1,114.2:136.3,98.0:6.1:10111 seed_src=lpt/none seed=0.0,0.0/0.0,0.0 far_start=70,0 far_raw=0/0 far_num=0/0 straight=0/1 far_straight=0/0 conf_deg=95.5/6.1/0.0/0.0
CrossDiag: type=CROSS_NONE track=1 half_lr=0/0 nearL=1@7/0@-1 nearNum=16/124 centerNum=16/124 farL=0@-1/0@-1 farNum=0/0 farRaw=0/0 lost=0/0 not_have=0 final=124/125 flags=0/0
LineErr: aim=33 cxcy=84.0,119.6 left=1:13.24@69,79 dx=-15.1 idx=0/10 dist=33/56 right=1:-1.45@86,83 dx=1.5 idx=0/14 dist=33/252 sel=1:-1.46@86,82 dx=1.5 idx=0/16 dist=32/248 edge=1:7.73@77.0,91.0 dx=-7.0 width=73.4 l=42,102 r=112,80
CxScan: raw_ref=80.0 edge=77.0,91.0 best_raw_x=60 best_err=-0.72 best_cxcy=76.4,119.5 scan=0:-24.7,10:-21.1,20:-17.2,30:-13.3,40:-9.2,50:-5.0,60:-0.7,70:3.5,80:7.7,90:11.8,100:15.8,110:19.7,120:23.3,130:26.8,140:30.0
ATGSeedDiag: seed=1@21,108/1@141,108 begin=7,108 block=5 clip=8
ATGLptDiag: best=7(95.5) imip=0/15 pass=11111 acc=7 ipm=59.5,100.0 inv=37.6,68.0 | 1(6.1) imip=0/11 pass=10111 acc=-1 ipm=110.1,114.2 inv=136.3,98.0
frame=152 line=1 track=1 cross=0 circle=1(CIRCLE_LEFT_BEGIN) round=0 yroad=0 ramp=0 road=7 speed=0 near=16/124 raw=78/105 sel=124/125 far=0/0 far_raw=0/0 l=1@7/0@-1 far_l=0@-1/0@-1 straight=0/1 far_straight=0/0 circle_cnt=0/0/0/0 lost=0/0 conf=97.8/4.3/0.0/0.0 dist=0 begin=869/0 m0=(84,119) ml=(85,87) md=32/1/131 cxcy=84.0,119.6 guide=-1.49 atg=2.0/1.0/1.0 pure=-0.55/-0.48 yaw=89 cmd=67 actual=111 signed=1 rps=3708/3892:2455/2793 duty=10/12 pwm=PWM2:10/PWM1:12 motor=2:10/1:12
ATGCorner: L=1@7/0@-1 Y=0@-1/0@-1 farL=0@-1/0@-1 Lxy=59.7,99.9:38.0,67.9/-1.0,-1.0:-1.0,-1.0 Yxy=-1.0,-1.0:-1.0,-1.0/-1.0,-1.0:-1.0,-1.0 farLxy=-1.0,-1.0:-1.0,-1.0/-1.0,-1.0:-1.0,-1.0 best=7:59.7,99.9:38.0,67.9:97.8:11111/40:118.0,24.2:94.6,21.1:4.3:10111 seed_src=lpt/none seed=0.0,0.0/0.0,0.0 far_start=70,0 far_raw=0/0 far_num=0/0 straight=0/1 far_straight=0/0 conf_deg=97.8/4.3/0.0/0.0
CrossDiag: type=CROSS_NONE track=1 half_lr=0/0 nearL=1@7/0@-1 nearNum=16/124 centerNum=16/124 farL=0@-1/0@-1 farNum=0/0 farRaw=0/0 lost=0/0 not_have=0 final=124/125 flags=0/0
LineErr: aim=33 cxcy=84.0,119.6 left=1:13.01@69,79 dx=-14.7 idx=0/10 dist=33/56 right=1:-1.46@86,83 dx=1.5 idx=0/14 dist=33/252 sel=1:-1.46@86,83 dx=1.5 idx=0/16 dist=32/248 edge=1:7.73@77.0,91.0 dx=-7.0 width=73.4 l=42,102 r=112,80
CxScan: raw_ref=80.0 edge=77.0,91.0 best_raw_x=60 best_err=-0.72 best_cxcy=76.4,119.5 scan=0:-24.7,10:-21.1,20:-17.2,30:-13.3,40:-9.2,50:-5.0,60:-0.7,70:3.5,80:7.7,90:11.8,100:15.8,110:19.7,120:23.3,130:26.8,140:30.0
ATGSeedDiag: seed=1@21,108/1@141,108 begin=7,108 block=5 clip=8
ATGLptDiag: best=7(97.8) imip=0/15 pass=11111 acc=7 ipm=59.7,99.9 inv=38.0,67.9 | 40(4.3) imip=30/50 pass=10111 acc=-1 ipm=118.0,24.2 inv=94.6,21.1
frame=153 line=1 track=1 cross=0 circle=1(CIRCLE_LEFT_BEGIN) round=0 yroad=0 ramp=0 road=7 speed=0 near=16/124 raw=73/105 sel=124/125 far=0/0 far_raw=0/0 l=1@7/0@-1 far_l=0@-1/0@-1 straight=0/1 far_straight=0/0 circle_cnt=0/0/0/0 lost=0/0 conf=94.7/4.0/0.0/0.0 dist=0 begin=877/0 m0=(84,119) ml=(85,87) md=32/1/131 cxcy=84.0,119.6 guide=-0.98 atg=1.0/1.0/1.0 pure=-0.48/-0.46 yaw=59 cmd=14 actual=103 signed=1 rps=3780/3820:2601/2937 duty=10/12 pwm=PWM2:10/PWM1:12 motor=2:10/1:12
ATGCorner: L=1@7/0@-1 Y=0@-1/0@-1 farL=0@-1/0@-1 Lxy=58.5,99.9:36.0,67.9/-1.0,-1.0:-1.0,-1.0 Yxy=-1.0,-1.0:-1.0,-1.0/-1.0,-1.0:-1.0,-1.0 farLxy=-1.0,-1.0:-1.0,-1.0/-1.0,-1.0:-1.0,-1.0 best=7:58.5,99.9:36.0,67.9:94.7:11111/37:117.1,31.1:95.4,22.8:4.0:10111 seed_src=lpt/none seed=0.0,0.0/0.0,0.0 far_start=70,0 far_raw=0/0 far_num=0/0 straight=0/1 far_straight=0/0 conf_deg=94.7/4.0/0.0/0.0
CrossDiag: type=CROSS_NONE track=1 half_lr=0/0 nearL=1@7/0@-1 nearNum=16/124 centerNum=16/124 farL=0@-1/0@-1 farNum=0/0 farRaw=0/0 lost=0/0 not_have=0 final=124/125 flags=0/0
LineErr: aim=33 cxcy=84.0,119.6 left=1:15.15@67,79 dx=-17.4 idx=0/10 dist=33/57 right=1:-1.30@85,83 dx=1.4 idx=0/14 dist=33/252 sel=1:-1.30@85,82 dx=1.4 idx=0/16 dist=32/248 edge=1:8.81@76.0,91.0 dx=-8.0 width=75.9 l=40,103 r=112,79
CxScan: raw_ref=80.0 edge=76.0,91.0 best_raw_x=60 best_err=0.39 best_cxcy=76.4,119.5 scan=0:-23.8,10:-20.1,20:-16.2,30:-12.2,40:-8.1,50:-3.9,60:0.4,70:4.6,80:8.8,90:12.9,100:16.8,110:20.6,120:24.2,130:27.6,140:30.8
ATGSeedDiag: seed=1@21,107/1@141,108 begin=7,108 block=5 clip=8
ATGLptDiag: best=7(94.7) imip=0/15 pass=11111 acc=7 ipm=58.5,99.9 inv=36.0,67.9 | 37(4.0) imip=27/47 pass=10111 acc=-1 ipm=117.1,31.1 inv=95.4,22.8
frame=154 line=1 track=1 cross=0 circle=1(CIRCLE_LEFT_BEGIN) round=0 yroad=0 ramp=0 road=7 speed=0 near=16/124 raw=74/105 sel=124/126 far=0/0 far_raw=0/0 l=1@7/0@-1 far_l=0@-1/0@-1 straight=0/1 far_straight=0/0 circle_cnt=0/0/0/0 lost=0/0 conf=95.7/5.6/0.0/0.0 dist=0 begin=884/0 m0=(84,119) ml=(85,87) md=32/1/130 cxcy=84.0,119.6 guide=-0.99 atg=1.0/1.0/1.0 pure=-0.46/-0.45 yaw=59 cmd=33 actual=86 signed=1 rps=3755/3845:2643/2964 duty=10/12 pwm=PWM2:10/PWM1:12 motor=2:10/1:12
ATGCorner: L=1@7/0@-1 Y=0@-1/0@-1 farL=0@-1/0@-1 Lxy=58.6,100.1:36.2,68.2/-1.0,-1.0:-1.0,-1.0 Yxy=-1.0,-1.0:-1.0,-1.0/-1.0,-1.0:-1.0,-1.0 farLxy=-1.0,-1.0:-1.0,-1.0/-1.0,-1.0:-1.0,-1.0 best=7:58.6,100.1:36.2,68.2:95.7:11111/1:109.6,114.2:135.2,98.0:5.6:10111 seed_src=lpt/none seed=0.0,0.0/0.0,0.0 far_start=70,0 far_raw=0/0 far_num=0/0 straight=0/1 far_straight=0/0 conf_deg=95.7/5.6/0.0/0.0
CrossDiag: type=CROSS_NONE track=1 half_lr=0/0 nearL=1@7/0@-1 nearNum=16/124 centerNum=16/124 farL=0@-1/0@-1 farNum=0/0 farRaw=0/0 lost=0/0 not_have=0 final=124/126 flags=0/0
LineErr: aim=33 cxcy=84.0,119.6 left=1:15.04@67,79 dx=-17.1 idx=0/10 dist=33/56 right=1:-1.01@85,83 dx=1.1 idx=0/14 dist=33/253 sel=1:-1.01@85,83 dx=1.1 idx=0/16 dist=32/250 edge=1:8.81@76.0,91.0 dx=-8.0 width=74.0 l=41,103 r=111,79
CxScan: raw_ref=80.0 edge=76.0,91.0 best_raw_x=60 best_err=0.39 best_cxcy=76.4,119.5 scan=0:-23.8,10:-20.1,20:-16.2,30:-12.2,40:-8.1,50:-3.9,60:0.4,70:4.6,80:8.8,90:12.9,100:16.8,110:20.6,120:24.2,130:27.6,140:30.8
ATGSeedDiag: seed=1@20,108/1@140,108 begin=7,108 block=5 clip=8
ATGLptDiag: best=7(95.7) imip=0/15 pass=11111 acc=7 ipm=58.6,100.1 inv=36.2,68.2 | 1(5.6) imip=0/11 pass=10111 acc=-1 ipm=109.6,114.2 inv=135.2,98.0
frame=155 line=1 track=1 cross=0 circle=1(CIRCLE_LEFT_BEGIN) round=0 yroad=0 ramp=0 road=7 speed=0 near=15/124 raw=74/105 sel=124/126 far=0/0 far_raw=0/0 l=1@7/0@-1 far_l=0@-1/0@-1 straight=0/1 far_straight=0/0 circle_cnt=0/0/0/0 lost=0/0 conf=96.5/6.0/0.0/0.0 dist=0 begin=891/0 m0=(84,119) ml=(85,87) md=32/1/131 cxcy=84.0,119.6 guide=-0.98 atg=1.0/1.0/1.0 pure=-0.41/-0.39 yaw=59 cmd=59 actual=59 signed=1 rps=3719/3881:2542/2798 duty=10/12 pwm=PWM2:10/PWM1:12 motor=2:10/1:12
ATGCorner: L=1@7/0@-1 Y=0@-1/0@-1 farL=0@-1/0@-1 Lxy=58.3,100.0:35.6,68.1/-1.0,-1.0:-1.0,-1.0 Yxy=-1.0,-1.0:-1.0,-1.0/-1.0,-1.0:-1.0,-1.0 farLxy=-1.0,-1.0:-1.0,-1.0/-1.0,-1.0:-1.0,-1.0 best=7:58.3,100.0:35.6,68.1:96.5:11111/1:109.6,114.2:135.2,98.0:6.0:10111 seed_src=lpt/none seed=0.0,0.0/0.0,0.0 far_start=70,0 far_raw=0/0 far_num=0/0 straight=0/1 far_straight=0/0 conf_deg=96.5/6.0/0.0/0.0
CrossDiag: type=CROSS_NONE track=1 half_lr=0/0 nearL=1@7/0@-1 nearNum=15/124 centerNum=15/124 farL=0@-1/0@-1 farNum=0/0 farRaw=0/0 lost=0/0 not_have=0 final=124/126 flags=0/0
LineErr: aim=33 cxcy=84.0,119.6 left=1:15.26@67,80 dx=-17.1 idx=0/10 dist=31/51 right=1:-0.84@85,83 dx=0.9 idx=0/14 dist=33/254 sel=1:-0.84@85,82 dx=0.9 idx=0/16 dist=32/250 edge=1:8.27@76.5,91.0 dx=-7.5 width=73.1 l=42,103 r=111,79
CxScan: raw_ref=80.0 edge=76.5,91.0 best_raw_x=60 best_err=-0.16 best_cxcy=76.4,119.5 scan=0:-24.2,10:-20.6,20:-16.7,30:-12.7,40:-8.6,50:-4.4,60:-0.2,70:4.1,80:8.3,90:12.4,100:16.3,110:20.1,120:23.8,130:27.2,140:30.4
ATGSeedDiag: seed=1@21,107/1@140,108 begin=7,108 block=5 clip=8
ATGLptDiag: best=7(96.5) imip=0/14 pass=11111 acc=7 ipm=58.3,100.0 inv=35.6,68.1 | 1(6.0) imip=0/11 pass=10111 acc=-1 ipm=109.6,114.2 inv=135.2,98.0
frame=156 line=1 track=1 cross=0 circle=1(CIRCLE_LEFT_BEGIN) round=0 yroad=0 ramp=0 road=7 speed=0 near=15/124 raw=73/105 sel=124/125 far=0/0 far_raw=0/0 l=1@6/0@-1 far_l=0@-1/0@-1 straight=0/1 far_straight=0/0 circle_cnt=0/0/0/0 lost=0/0 conf=95.4/7.3/0.0/0.0 dist=0 begin=899/0 m0=(84,119) ml=(85,87) md=32/1/128 cxcy=84.0,119.6 guide=-0.98 atg=1.0/1.0/1.0 pure=-0.41/-0.39 yaw=59 cmd=101 actual=17 signed=1 rps=3661/3939:2705/2879 duty=9/12 pwm=PWM2:9/PWM1:12 motor=2:9/1:12
ATGCorner: L=1@6/0@-1 Y=0@-1/0@-1 farL=0@-1/0@-1 Lxy=59.6,102.2:36.2,71.7/-1.0,-1.0:-1.0,-1.0 Yxy=-1.0,-1.0:-1.0,-1.0/-1.0,-1.0:-1.0,-1.0 farLxy=-1.0,-1.0:-1.0,-1.0/-1.0,-1.0:-1.0,-1.0 best=6:59.6,102.2:36.2,71.7:95.4:11111/1:109.7,114.2:135.4,98.0:7.3:10111 seed_src=lpt/none seed=0.0,0.0/0.0,0.0 far_start=70,0 far_raw=0/0 far_num=0/0 straight=0/1 far_straight=0/0 conf_deg=95.4/7.3/0.0/0.0
CrossDiag: type=CROSS_NONE track=1 half_lr=0/0 nearL=1@6/0@-1 nearNum=15/124 centerNum=15/124 farL=0@-1/0@-1 farNum=0/0 farRaw=0/0 lost=0/0 not_have=0 final=124/125 flags=0/0
LineErr: aim=33 cxcy=84.0,119.6 left=1:19.42@62,80 dx=-22.2 idx=0/11 dist=34/49 right=1:-0.95@85,83 dx=1.0 idx=0/14 dist=33/252 sel=1:-0.96@85,82 dx=1.0 idx=0/16 dist=32/248 edge=1:8.35@76.5,91.5 dx=-7.5 width=73.4 l=42,104 r=111,79
CxScan: raw_ref=80.0 edge=76.5,91.5 best_raw_x=60 best_err=-0.16 best_cxcy=76.4,119.5 scan=0:-24.5,10:-20.8,20:-16.9,30:-12.9,40:-8.7,50:-4.5,60:-0.2,70:4.1,80:8.4,90:12.5,100:16.5,110:20.3,120:24.0,130:27.4,140:30.7
ATGSeedDiag: seed=1@21,108/1@140,108 begin=7,108 block=5 clip=8
ATGLptDiag: best=6(95.4) imip=0/14 pass=11111 acc=6 ipm=59.6,102.2 inv=36.2,71.7 | 1(7.3) imip=0/11 pass=10111 acc=-1 ipm=109.7,114.2 inv=135.4,98.0
frame=157 line=1 track=1 cross=0 circle=1(CIRCLE_LEFT_BEGIN) round=0 yroad=0 ramp=0 road=7 speed=0 near=15/124 raw=71/105 sel=124/126 far=0/0 far_raw=0/0 l=1@6/0@-1 far_l=0@-1/0@-1 straight=0/1 far_straight=0/0 circle_cnt=0/0/0/0 lost=0/0 conf=95.1/4.4/0.0/0.0 dist=0 begin=907/0 m0=(84,119) ml=(85,87) md=32/1/130 cxcy=84.0,119.6 guide=-0.98 atg=1.0/1.0/1.0 pure=-0.46/-0.43 yaw=59 cmd=134 actual=-16 signed=1 rps=3616/3984:2655/2769 duty=9/13 pwm=PWM2:9/PWM1:13 motor=2:9/1:13
ATGCorner: L=1@6/0@-1 Y=0@-1/0@-1 farL=0@-1/0@-1 Lxy=59.4,102.3:35.7,71.8/-1.0,-1.0:-1.0,-1.0 Yxy=-1.0,-1.0:-1.0,-1.0/-1.0,-1.0:-1.0,-1.0 farLxy=-1.0,-1.0:-1.0,-1.0/-1.0,-1.0:-1.0,-1.0 best=6:59.4,102.3:35.7,71.8:95.1:11111/2:110.2,111.9:132.5,91.5:4.4:10111 seed_src=lpt/none seed=0.0,0.0/0.0,0.0 far_start=70,0 far_raw=0/0 far_num=0/0 straight=0/1 far_straight=0/0 conf_deg=95.1/4.4/0.0/0.0
CrossDiag: type=CROSS_NONE track=1 half_lr=0/0 nearL=1@6/0@-1 nearNum=15/124 centerNum=15/124 farL=0@-1/0@-1 farNum=0/0 farRaw=0/0 lost=0/0 not_have=0 final=124/126 flags=0/0
LineErr: aim=33 cxcy=84.0,119.6 left=1:20.41@61,80 dx=-23.5 idx=0/11 dist=34/49 right=1:-1.14@85,83 dx=1.2 idx=0/14 dist=33/254 sel=1:-1.15@85,82 dx=1.2 idx=0/16 dist=32/250 edge=1:7.80@77.0,91.5 dx=-7.0 width=74.3 l=42,104 r=112,79
CxScan: raw_ref=80.0 edge=77.0,91.5 best_raw_x=60 best_err=-0.72 best_cxcy=76.4,119.5 scan=0:-24.9,10:-21.3,20:-17.4,30:-13.4,40:-9.2,50:-5.0,60:-0.7,70:3.6,80:7.8,90:12.0,100:16.0,110:19.8,120:23.5,130:27.0,140:30.3
ATGSeedDiag: seed=1@21,108/1@141,108 begin=7,108 block=5 clip=8
ATGLptDiag: best=6(95.1) imip=0/14 pass=11111 acc=6 ipm=59.4,102.3 inv=35.7,71.8 | 2(4.4) imip=0/12 pass=10111 acc=-1 ipm=110.2,111.9 inv=132.5,91.5
frame=158 line=1 track=1 cross=0 circle=1(CIRCLE_LEFT_BEGIN) round=0 yroad=0 ramp=0 road=7 speed=0 near=14/124 raw=71/105 sel=124/126 far=0/0 far_raw=0/0 l=1@6/0@-1 far_l=0@-1/0@-1 straight=0/1 far_straight=0/0 circle_cnt=0/0/0/0 lost=0/0 conf=94.5/6.4/0.0/0.0 dist=0 begin=915/0 m0=(84,119) ml=(85,87) md=32/1/131 cxcy=84.0,119.6 guide=-1.15 atg=1.0/1.0/1.0 pure=-0.48/-0.46 yaw=69 cmd=174 actual=-36 signed=1 rps=3561/4039:2823/2849 duty=9/13 pwm=PWM2:9/PWM1:13 motor=2:9/1:13
ATGCorner: L=1@6/0@-1 Y=0@-1/0@-1 farL=0@-1/0@-1 Lxy=59.2,102.3:35.5,71.8/-1.0,-1.0:-1.0,-1.0 Yxy=-1.0,-1.0:-1.0,-1.0/-1.0,-1.0:-1.0,-1.0 farLxy=-1.0,-1.0:-1.0,-1.0/-1.0,-1.0:-1.0,-1.0 best=6:59.2,102.3:35.5,71.8:94.5:11111/1:110.1,114.2:136.3,98.0:6.4:10111 seed_src=lpt/none seed=0.0,0.0/0.0,0.0 far_start=70,0 far_raw=0/0 far_num=0/0 straight=0/1 far_straight=0/0 conf_deg=94.5/6.4/0.0/0.0
CrossDiag: type=CROSS_NONE track=1 half_lr=0/0 nearL=1@6/0@-1 nearNum=14/124 centerNum=14/124 farL=0@-1/0@-1 farNum=0/0 farRaw=0/0 lost=0/0 not_have=0 final=124/126 flags=0/0
LineErr: aim=33 cxcy=84.0,119.6 left=1:19.92@62,81 dx=-22.4 idx=0/11 dist=32/42 right=1:-1.36@85,83 dx=1.4 idx=0/14 dist=33/254 sel=1:-1.37@85,82 dx=1.4 idx=0/16 dist=32/250 edge=1:6.77@78.0,92.0 dx=-6.0 width=72.1 l=44,104 r=112,80
CxScan: raw_ref=80.0 edge=78.0,92.0 best_raw_x=65 best_err=0.31 best_cxcy=78.3,119.5 scan=0:-26.1,10:-22.4,20:-18.6,30:-14.6,40:-10.4,50:-6.2,60:-1.9,70:2.5,80:6.8,90:11.0,100:15.1,110:19.0,120:22.8,130:26.3,140:29.7
ATGSeedDiag: seed=1@21,108/1@141,108 begin=7,108 block=5 clip=8
ATGLptDiag: best=6(94.5) imip=0/13 pass=11111 acc=6 ipm=59.2,102.3 inv=35.5,71.8 | 1(6.4) imip=0/11 pass=10111 acc=-1 ipm=110.1,114.2 inv=136.3,98.0
frame=160 line=1 track=1 cross=0 circle=1(CIRCLE_LEFT_BEGIN) round=0 yroad=0 ramp=0 road=7 speed=0 near=14/124 raw=72/105 sel=124/125 far=0/0 far_raw=0/0 l=1@6/0@-1 far_l=0@-1/0@-1 straight=0/1 far_straight=0/0 circle_cnt=0/0/0/0 lost=0/0 conf=97.6/6.1/0.0/0.0 dist=0 begin=931/0 m0=(84,119) ml=(85,87) md=32/1/131 cxcy=84.0,119.6 guide=-1.15 atg=2.0/1.0/1.0 pure=-0.53/-0.48 yaw=69 cmd=162 actual=-24 signed=1 rps=3578/4022:2933/2732 duty=9/13 pwm=PWM2:9/PWM1:13 motor=2:9/1:13
ATGCorner: L=1@6/0@-1 Y=0@-1/0@-1 farL=0@-1/0@-1 Lxy=59.4,102.2:35.8,71.7/-1.0,-1.0:-1.0,-1.0 Yxy=-1.0,-1.0:-1.0,-1.0/-1.0,-1.0:-1.0,-1.0 farLxy=-1.0,-1.0:-1.0,-1.0/-1.0,-1.0:-1.0,-1.0 best=6:59.4,102.2:35.8,71.7:97.6:11111/1:110.1,114.2:136.2,98.0:6.1:10111 seed_src=lpt/none seed=0.0,0.0/0.0,0.0 far_start=70,0 far_raw=0/0 far_num=0/0 straight=0/1 far_straight=0/0 conf_deg=97.6/6.1/0.0/0.0
CrossDiag: type=CROSS_NONE track=1 half_lr=0/0 nearL=1@6/0@-1 nearNum=14/124 centerNum=14/124 farL=0@-1/0@-1 farNum=0/0 farRaw=0/0 lost=0/0 not_have=0 final=124/125 flags=0/0
LineErr: aim=33 cxcy=84.0,119.6 left=1:20.56@61,81 dx=-23.2 idx=0/11 dist=33/44 right=1:-1.37@85,82 dx=1.4 idx=0/14 dist=33/253 sel=1:-1.37@85,82 dx=1.4 idx=0/16 dist=32/248 edge=1:6.77@78.0,92.0 dx=-6.0 width=72.8 l=44,105 r=112,79
CxScan: raw_ref=80.0 edge=78.0,92.0 best_raw_x=65 best_err=0.31 best_cxcy=78.3,119.5 scan=0:-26.1,10:-22.4,20:-18.6,30:-14.6,40:-10.4,50:-6.2,60:-1.9,70:2.5,80:6.8,90:11.0,100:15.1,110:19.0,120:22.8,130:26.3,140:29.7
ATGSeedDiag: seed=1@21,108/1@141,108 begin=7,108 block=5 clip=8
ATGLptDiag: best=6(97.6) imip=0/13 pass=11111 acc=6 ipm=59.4,102.2 inv=35.8,71.7 | 1(6.1) imip=0/11 pass=10111 acc=-1 ipm=110.1,114.2 inv=136.2,98.0
frame=161 line=1 track=1 cross=0 circle=1(CIRCLE_LEFT_BEGIN) round=0 yroad=0 ramp=0 road=7 speed=0 near=14/124 raw=68/105 sel=124/126 far=0/0 far_raw=0/0 l=1@6/0@-1 far_l=0@-1/0@-1 straight=0/1 far_straight=0/0 circle_cnt=0/0/0/0 lost=0/0 conf=96.0/4.0/0.0/0.0 dist=0 begin=939/0 m0=(84,119) ml=(85,87) md=32/1/131 cxcy=84.0,119.6 guide=-0.98 atg=1.0/1.0/1.0 pure=-0.46/-0.46 yaw=59 cmd=132 actual=-14 signed=1 rps=3619/3981:2850/2546 duty=9/13 pwm=PWM2:9/PWM1:13 motor=2:9/1:13
ATGCorner: L=1@6/0@-1 Y=0@-1/0@-1 farL=0@-1/0@-1 Lxy=58.5,102.5:34.1,72.2/-1.0,-1.0:-1.0,-1.0 Yxy=-1.0,-1.0:-1.0,-1.0/-1.0,-1.0:-1.0,-1.0 farLxy=-1.0,-1.0:-1.0,-1.0/-1.0,-1.0:-1.0,-1.0 best=6:58.5,102.5:34.1,72.2:96.0:11111/2:110.2,111.9:132.4,91.5:4.0:10111 seed_src=lpt/none seed=0.0,0.0/0.0,0.0 far_start=70,0 far_raw=0/0 far_num=0/0 straight=0/1 far_straight=0/0 conf_deg=96.0/4.0/0.0/0.0
CrossDiag: type=CROSS_NONE track=1 half_lr=0/0 nearL=1@6/0@-1 nearNum=14/124 centerNum=14/124 farL=0@-1/0@-1 farNum=0/0 farRaw=0/0 lost=0/0 not_have=0 final=124/126 flags=0/0
LineErr: aim=33 cxcy=84.0,119.6 left=1:22.19@59,81 dx=-25.2 idx=0/11 dist=33/43 right=1:-1.30@85,83 dx=1.4 idx=0/14 dist=33/252 sel=1:-1.30@85,82 dx=1.4 idx=0/16 dist=32/250 edge=1:7.33@77.5,92.0 dx=-6.5 width=73.7 l=43,105 r=112,79
CxScan: raw_ref=80.0 edge=77.5,92.0 best_raw_x=65 best_err=0.87 best_cxcy=78.3,119.5 scan=0:-25.6,10:-21.9,20:-18.1,30:-14.1,40:-9.9,50:-5.6,60:-1.3,70:3.0,80:7.3,90:11.5,100:15.6,110:19.5,120:23.2,130:26.8,140:30.1
ATGSeedDiag: seed=1@21,108/1@141,108 begin=7,108 block=5 clip=8
ATGLptDiag: best=6(96.0) imip=0/13 pass=11111 acc=6 ipm=58.5,102.5 inv=34.1,72.2 | 2(4.0) imip=0/12 pass=10111 acc=-1 ipm=110.2,111.9 inv=132.4,91.5
frame=162 line=1 track=1 cross=0 circle=1(CIRCLE_LEFT_BEGIN) round=0 yroad=0 ramp=0 road=7 speed=0 near=14/124 raw=71/104 sel=124/126 far=0/0 far_raw=0/0 l=1@6/0@-1 far_l=0@-1/0@-1 straight=0/1 far_straight=0/0 circle_cnt=0/0/0/0 lost=0/0 conf=100.6/5.6/0.0/0.0 dist=0 begin=947/0 m0=(84,119) ml=(85,87) md=32/1/130 cxcy=84.0,119.6 guide=-0.98 atg=1.0/1.0/1.0 pure=-0.46/-0.43 yaw=59 cmd=128 actual=-10 signed=1 rps=3625/3975:2997/2631 duty=9/13 pwm=PWM2:9/PWM1:13 motor=2:9/1:13
ATGCorner: L=1@6/0@-1 Y=0@-1/0@-1 farL=0@-1/0@-1 Lxy=59.2,102.2:35.5,71.8/-1.0,-1.0:-1.0,-1.0 Yxy=-1.0,-1.0:-1.0,-1.0/-1.0,-1.0:-1.0,-1.0 farLxy=-1.0,-1.0:-1.0,-1.0/-1.0,-1.0:-1.0,-1.0 best=6:59.2,102.2:35.5,71.8:100.6:11111/1:109.9,113.9:135.3,97.1:5.6:10111 seed_src=lpt/none seed=0.0,0.0/0.0,0.0 far_start=70,0 far_raw=0/0 far_num=0/0 straight=0/1 far_straight=0/0 conf_deg=100.6/5.6/0.0/0.0
CrossDiag: type=CROSS_NONE track=1 half_lr=0/0 nearL=1@6/0@-1 nearNum=14/124 centerNum=14/124 farL=0@-1/0@-1 farNum=0/0 farRaw=0/0 lost=0/0 not_have=0 final=124/126 flags=0/0
LineErr: aim=33 cxcy=84.0,119.6 left=1:21.56@60,81 dx=-24.3 idx=0/11 dist=33/44 right=1:-1.01@85,82 dx=1.1 idx=0/14 dist=33/254 sel=1:-1.01@85,82 dx=1.1 idx=0/16 dist=32/250 edge=1:7.40@77.5,92.5 dx=-6.5 width=74.1 l=43,106 r=112,79
CxScan: raw_ref=80.0 edge=77.5,92.5 best_raw_x=65 best_err=0.88 best_cxcy=78.3,119.5 scan=0:-25.8,10:-22.1,20:-18.2,30:-14.2,40:-10.0,50:-5.7,60:-1.3,70:3.1,80:7.4,90:11.6,100:15.7,110:19.7,120:23.4,130:27.0,140:30.3
ATGSeedDiag: seed=1@21,108/1@140,107 begin=7,108 block=5 clip=8
ATGLptDiag: best=6(100.6) imip=0/13 pass=11111 acc=6 ipm=59.2,102.2 inv=35.5,71.8 | 1(5.6) imip=0/11 pass=10111 acc=-1 ipm=109.9,113.9 inv=135.3,97.1
frame=163 line=1 track=1 cross=0 circle=1(CIRCLE_LEFT_BEGIN) round=0 yroad=0 ramp=0 road=7 speed=0 near=13/124 raw=69/105 sel=124/126 far=0/0 far_raw=0/0 l=1@5/0@-1 far_l=0@-1/0@-1 straight=0/1 far_straight=0/0 circle_cnt=0/0/0/0 lost=0/0 conf=95.2/3.8/0.0/0.0 dist=0 begin=955/0 m0=(84,119) ml=(85,87) md=32/1/131 cxcy=84.0,119.6 guide=-0.98 atg=1.0/1.0/1.0 pure=-0.44/-0.41 yaw=59 cmd=117 actual=1 signed=1 rps=3640/3960:3055/2643 duty=9/13 pwm=PWM2:9/PWM1:13 motor=2:9/1:13
ATGCorner: L=1@5/0@-1 Y=0@-1/0@-1 farL=0@-1/0@-1 Lxy=59.6,104.5:34.3,75.9/-1.0,-1.0:-1.0,-1.0 Yxy=-1.0,-1.0:-1.0,-1.0/-1.0,-1.0:-1.0,-1.0 farLxy=-1.0,-1.0:-1.0,-1.0/-1.0,-1.0:-1.0,-1.0 best=5:59.6,104.5:34.3,75.9:95.2:11111/36:116.3,33.4:95.3,23.5:3.8:10111 seed_src=lpt/none seed=0.0,0.0/0.0,0.0 far_start=70,0 far_raw=0/0 far_num=0/0 straight=0/1 far_straight=0/0 conf_deg=95.2/3.8/0.0/0.0
CrossDiag: type=CROSS_NONE track=1 half_lr=0/0 nearL=1@5/0@-1 nearNum=13/124 centerNum=13/124 farL=0@-1/0@-1 farNum=0/0 farRaw=0/0 lost=0/0 not_have=0 final=124/126 flags=0/0
LineErr: aim=33 cxcy=84.0,119.6 left=1:26.51@53,81 dx=-30.6 idx=0/12 dist=35/35 right=1:-1.01@85,83 dx=1.1 idx=0/14 dist=33/253 sel=1:-1.01@85,82 dx=1.1 idx=0/16 dist=32/250 edge=1:7.40@77.5,92.5 dx=-6.5 width=72.2 l=44,106 r=111,79
CxScan: raw_ref=80.0 edge=77.5,92.5 best_raw_x=65 best_err=0.88 best_cxcy=78.3,119.5 scan=0:-25.8,10:-22.1,20:-18.2,30:-14.2,40:-10.0,50:-5.7,60:-1.3,70:3.1,80:7.4,90:11.6,100:15.7,110:19.7,120:23.4,130:27.0,140:30.3
ATGSeedDiag: seed=1@21,108/1@141,108 begin=7,108 block=5 clip=8
ATGLptDiag: best=5(95.2) imip=0/12 pass=11111 acc=5 ipm=59.6,104.5 inv=34.3,75.9 | 36(3.8) imip=26/46 pass=10111 acc=-1 ipm=116.3,33.4 inv=95.3,23.5
frame=164 line=1 track=1 cross=0 circle=1(CIRCLE_LEFT_BEGIN) round=0 yroad=0 ramp=0 road=7 speed=0 near=13/124 raw=65/105 sel=124/126 far=0/0 far_raw=0/0 l=1@5/0@-1 far_l=0@-1/0@-1 straight=0/1 far_straight=0/0 circle_cnt=0/0/0/0 lost=0/0 conf=93.4/4.1/0.0/0.0 dist=0 begin=962/0 m0=(84,119) ml=(85,87) md=32/1/130 cxcy=84.0,119.6 guide=-0.98 atg=1.0/1.0/1.0 pure=-0.46/-0.43 yaw=59 cmd=114 actual=4 signed=1 rps=3644/3956:2884/2502 duty=9/13 pwm=PWM2:9/PWM1:13 motor=2:9/1:13
ATGCorner: L=1@5/0@-1 Y=0@-1/0@-1 farL=0@-1/0@-1 Lxy=59.1,104.6:33.5,76.0/-1.0,-1.0:-1.0,-1.0 Yxy=-1.0,-1.0:-1.0,-1.0/-1.0,-1.0:-1.0,-1.0 farLxy=-1.0,-1.0:-1.0,-1.0/-1.0,-1.0:-1.0,-1.0 best=5:59.1,104.6:33.5,76.0:93.4:11111/2:110.2,111.9:132.4,91.5:4.1:10111 seed_src=lpt/none seed=0.0,0.0/0.0,0.0 far_start=70,0 far_raw=0/0 far_num=0/0 straight=0/1 far_straight=0/0 conf_deg=93.4/4.1/0.0/0.0
CrossDiag: type=CROSS_NONE track=1 half_lr=0/0 nearL=1@5/0@-1 nearNum=13/124 centerNum=13/124 farL=0@-1/0@-1 farNum=0/0 farRaw=0/0 lost=0/0 not_have=0 final=124/126 flags=0/0
LineErr: aim=33 cxcy=84.0,119.6 left=1:27.95@52,82 dx=-32.5 idx=0/12 dist=35/35 right=1:-1.14@85,83 dx=1.2 idx=0/14 dist=33/252 sel=1:-1.15@85,82 dx=1.2 idx=0/16 dist=32/250 edge=1:6.84@78.0,92.5 dx=-6.0 width=73.2 l=44,106 r=112,79
CxScan: raw_ref=80.0 edge=78.0,92.5 best_raw_x=65 best_err=0.31 best_cxcy=78.3,119.5 scan=0:-26.3,10:-22.6,20:-18.8,30:-14.7,40:-10.5,50:-6.2,60:-1.9,70:2.5,80:6.8,90:11.1,100:15.2,110:19.2,120:23.0,130:26.5,140:29.9
ATGSeedDiag: seed=1@21,108/1@141,108 begin=7,108 block=5 clip=8
ATGLptDiag: best=5(93.4) imip=0/12 pass=11111 acc=5 ipm=59.1,104.6 inv=33.5,76.0 | 2(4.1) imip=0/12 pass=10111 acc=-1 ipm=110.2,111.9 inv=132.4,91.5
frame=165 line=1 track=1 cross=0 circle=1(CIRCLE_LEFT_BEGIN) round=0 yroad=0 ramp=0 road=7 speed=0 near=12/124 raw=64/105 sel=124/126 far=0/0 far_raw=0/0 l=1@5/0@-1 far_l=0@-1/0@-1 straight=0/1 far_straight=0/0 circle_cnt=0/0/0/0 lost=0/0 conf=94.1/6.3/0.0/0.0 dist=0 begin=970/0 m0=(84,119) ml=(85,87) md=32/1/131 cxcy=84.0,119.6 guide=-1.15 atg=2.0/1.0/1.0 pure=-0.53/-0.46 yaw=69 cmd=133 actual=5 signed=1 rps=3618/3982:2983/2670 duty=9/13 pwm=PWM2:9/PWM1:13 motor=2:9/1:13
ATGCorner: L=1@5/0@-1 Y=0@-1/0@-1 farL=0@-1/0@-1 Lxy=59.2,104.6:33.6,76.0/-1.0,-1.0:-1.0,-1.0 Yxy=-1.0,-1.0:-1.0,-1.0/-1.0,-1.0:-1.0,-1.0 farLxy=-1.0,-1.0:-1.0,-1.0/-1.0,-1.0:-1.0,-1.0 best=5:59.2,104.6:33.6,76.0:94.1:11111/1:110.1,114.2:136.3,98.0:6.3:10111 seed_src=lpt/none seed=0.0,0.0/0.0,0.0 far_start=70,0 far_raw=0/0 far_num=0/0 straight=0/1 far_straight=0/0 conf_deg=94.1/6.3/0.0/0.0
CrossDiag: type=CROSS_NONE track=1 half_lr=0/0 nearL=1@5/0@-1 nearNum=12/124 centerNum=12/124 farL=0@-1/0@-1 farNum=0/0 farRaw=0/0 lost=0/0 not_have=0 final=124/126 flags=0/0
LineErr: aim=33 cxcy=84.0,119.6 left=1:23.41@58,83 dx=-25.7 idx=0/11 dist=28/28 right=1:-1.36@85,83 dx=1.4 idx=0/14 dist=33/254 sel=1:-1.37@85,82 dx=1.4 idx=0/16 dist=32/250 edge=1:5.77@79.0,93.0 dx=-5.0 width=70.9 l=46,106 r=112,80
CxScan: raw_ref=80.0 edge=79.0,93.0 best_raw_x=65 best_err=-0.84 best_cxcy=78.3,119.5 scan=0:-27.4,10:-23.8,20:-20.0,30:-15.9,40:-11.7,50:-7.4,60:-3.0,70:1.4,80:5.8,90:10.1,100:14.3,110:18.3,120:22.2,130:25.8,140:29.3
ATGSeedDiag: seed=1@21,108/1@141,108 begin=7,108 block=5 clip=8
ATGLptDiag: best=5(94.1) imip=0/11 pass=11111 acc=5 ipm=59.2,104.6 inv=33.6,76.0 | 1(6.3) imip=0/11 pass=10111 acc=-1 ipm=110.1,114.2 inv=136.3,98.0
frame=168 line=1 track=1 cross=0 circle=1(CIRCLE_LEFT_BEGIN) round=0 yroad=0 ramp=0 road=7 speed=0 near=12/124 raw=61/105 sel=124/126 far=0/0 far_raw=0/0 l=1@5/0@-1 far_l=0@-1/0@-1 straight=0/1 far_straight=0/0 circle_cnt=0/0/0/0 lost=0/0 conf=93.3/4.0/0.0/0.0 dist=0 begin=994/0 m0=(84,119) ml=(85,87) md=32/1/131 cxcy=84.0,119.6 guide=-0.98 atg=2.0/1.0/1.0 pure=-0.50/-0.45 yaw=59 cmd=90 actual=27 signed=1 rps=3676/3924:2992/3053 duty=9/12 pwm=PWM2:9/PWM1:12 motor=2:9/1:12
ATGCorner: L=1@5/0@-1 Y=0@-1/0@-1 farL=0@-1/0@-1 Lxy=58.1,105.0:31.4,76.7/-1.0,-1.0:-1.0,-1.0 Yxy=-1.0,-1.0:-1.0,-1.0/-1.0,-1.0:-1.0,-1.0 farLxy=-1.0,-1.0:-1.0,-1.0/-1.0,-1.0:-1.0,-1.0 best=5:58.1,105.0:31.4,76.7:93.3:11111/2:110.2,111.9:132.5,91.5:4.0:10111 seed_src=lpt/none seed=0.0,0.0/0.0,0.0 far_start=70,0 far_raw=0/0 far_num=0/0 straight=0/1 far_straight=0/0 conf_deg=93.3/4.0/0.0/0.0
CrossDiag: type=CROSS_NONE track=1 half_lr=0/0 nearL=1@5/0@-1 nearNum=12/124 centerNum=12/124 farL=0@-1/0@-1 farNum=0/0 farRaw=0/0 lost=0/0 not_have=0 final=124/126 flags=0/0
LineErr: aim=33 cxcy=84.0,119.6 left=1:26.22@55,83 dx=-29.2 idx=0/11 dist=27/27 right=1:-1.30@85,83 dx=1.4 idx=0/14 dist=33/254 sel=1:-1.30@85,82 dx=1.4 idx=0/16 dist=32/250 edge=1:6.34@78.5,93.0 dx=-5.5 width=72.6 l=45,107 r=112,79
CxScan: raw_ref=80.0 edge=78.5,93.0 best_raw_x=65 best_err=-0.26 best_cxcy=78.3,119.5 scan=0:-27.0,10:-23.3,20:-19.5,30:-15.4,40:-11.2,50:-6.9,60:-2.5,70:1.9,80:6.3,90:10.6,100:14.8,110:18.9,120:22.7,130:26.3,140:29.7
ATGSeedDiag: seed=1@21,108/1@141,108 begin=7,108 block=5 clip=8
ATGLptDiag: best=5(93.3) imip=0/11 pass=11111 acc=5 ipm=58.1,105.0 inv=31.4,76.7 | 2(4.0) imip=0/12 pass=10111 acc=-1 ipm=110.2,111.9 inv=132.5,91.5
frame=169 line=1 track=1 cross=0 circle=1(CIRCLE_LEFT_BEGIN) round=0 yroad=0 ramp=0 road=7 speed=0 near=11/124 raw=63/105 sel=124/126 far=0/0 far_raw=0/0 l=1@4/0@-1 far_l=0@-1/0@-1 straight=0/1 far_straight=0/0 circle_cnt=0/0/0/0 lost=0/0 conf=92.8/3.8/0.0/0.0 dist=0 begin=1002/0 m0=(84,119) ml=(85,87) md=32/1/131 cxcy=84.0,119.6 guide=-0.98 atg=1.0/1.0/1.0 pure=-0.46/-0.39 yaw=59 cmd=76 actual=42 signed=1 rps=3696/3904:2798/2951 duty=10/12 pwm=PWM2:10/PWM1:12 motor=2:10/1:12
ATGCorner: L=1@4/0@-1 Y=0@-1/0@-1 farL=0@-1/0@-1 Lxy=59.5,106.9:32.2,80.5/-1.0,-1.0:-1.0,-1.0 Yxy=-1.0,-1.0:-1.0,-1.0/-1.0,-1.0:-1.0,-1.0 farLxy=-1.0,-1.0:-1.0,-1.0/-1.0,-1.0:-1.0,-1.0 best=4:59.5,106.9:32.2,80.5:92.8:11111/35:116.1,35.7:95.7,24.1:3.8:10111 seed_src=lpt/none seed=0.0,0.0/0.0,0.0 far_start=70,0 far_raw=0/0 far_num=0/0 straight=0/1 far_straight=0/0 conf_deg=92.8/3.8/0.0/0.0
CrossDiag: type=CROSS_NONE track=1 half_lr=0/0 nearL=1@4/0@-1 nearNum=11/124 centerNum=11/124 farL=0@-1/0@-1 farNum=0/0 farRaw=0/0 lost=0/0 not_have=0 final=124/126 flags=0/0
LineErr: aim=33 cxcy=84.0,119.6 left=1:21.96@61,86 dx=-23.0 idx=0/10 dist=20/20 right=1:-0.96@85,83 dx=1.0 idx=0/14 dist=33/254 sel=1:-0.98@85,82 dx=1.0 idx=0/16 dist=32/250 edge=1:5.25@79.5,93.5 dx=-4.5 width=71.2 l=47,108 r=112,79
CxScan: raw_ref=80.0 edge=79.5,93.5 best_raw_x=70 best_err=0.80 best_cxcy=80.2,119.5 scan=0:-28.1,10:-24.5,20:-20.7,30:-16.6,40:-12.4,50:-8.1,60:-3.7,70:0.8,80:5.2,90:9.6,100:13.9,110:18.0,120:21.9,130:25.6,140:29.1
ATGSeedDiag: seed=1@21,108/1@141,108 begin=7,108 block=5 clip=8
ATGLptDiag: best=4(92.8) imip=0/10 pass=11111 acc=4 ipm=59.5,106.9 inv=32.2,80.5 | 35(3.8) imip=25/45 pass=10111 acc=-1 ipm=116.1,35.7 inv=95.7,24.1
frame=170 line=1 track=1 cross=0 circle=1(CIRCLE_LEFT_BEGIN) round=0 yroad=0 ramp=0 road=7 speed=0 near=11/124 raw=58/104 sel=124/126 far=0/0 far_raw=0/0 l=1@4/0@-1 far_l=0@-1/0@-1 straight=0/1 far_straight=0/0 circle_cnt=0/0/0/0 lost=0/0 conf=94.0/4.1/0.0/0.0 dist=0 begin=1010/0 m0=(84,119) ml=(85,87) md=32/1/128 cxcy=84.0,119.6 guide=-0.98 atg=1.0/0.0/0.0 pure=-0.45/-0.38 yaw=59 cmd=72 actual=46 signed=1 rps=3702/3898:2879/3108 duty=9/12 pwm=PWM2:9/PWM1:12 motor=2:9/1:12
ATGCorner: L=1@4/0@-1 Y=0@-1/0@-1 farL=0@-1/0@-1 Lxy=59.2,106.9:31.7,80.5/-1.0,-1.0:-1.0,-1.0 Yxy=-1.0,-1.0:-1.0,-1.0/-1.0,-1.0:-1.0,-1.0 farLxy=-1.0,-1.0:-1.0,-1.0/-1.0,-1.0:-1.0,-1.0 best=4:59.2,106.9:31.7,80.5:94.0:11111/2:110.0,111.6:131.6,90.7:4.1:10111 seed_src=lpt/none seed=0.0,0.0/0.0,0.0 far_start=70,0 far_raw=0/0 far_num=0/0 straight=0/1 far_straight=0/0 conf_deg=94.0/4.1/0.0/0.0
CrossDiag: type=CROSS_NONE track=1 half_lr=0/0 nearL=1@4/0@-1 nearNum=11/124 centerNum=11/124 farL=0@-1/0@-1 farNum=0/0 farRaw=0/0 lost=0/0 not_have=0 final=124/126 flags=0/0
LineErr: aim=33 cxcy=84.0,119.6 left=1:23.59@59,86 dx=-24.9 idx=0/10 dist=20/20 right=1:-0.66@85,83 dx=0.7 idx=0/14 dist=33/253 sel=1:-0.66@85,82 dx=0.7 idx=0/16 dist=32/250 edge=1:6.40@78.5,93.5 dx=-5.5 width=71.2 l=46,108 r=111,79
CxScan: raw_ref=80.0 edge=78.5,93.5 best_raw_x=65 best_err=-0.26 best_cxcy=78.3,119.5 scan=0:-27.2,10:-23.5,20:-19.6,30:-15.6,40:-11.3,50:-6.9,60:-2.5,70:2.0,80:6.4,90:10.8,100:15.0,110:19.0,120:22.9,130:26.5,140:30.0
ATGSeedDiag: seed=1@21,108/1@140,107 begin=7,108 block=5 clip=8
ATGLptDiag: best=4(94.0) imip=0/10 pass=11111 acc=4 ipm=59.2,106.9 inv=31.7,80.5 | 2(4.1) imip=0/12 pass=10111 acc=-1 ipm=110.0,111.6 inv=131.6,90.7
frame=171 line=1 track=1 cross=0 circle=1(CIRCLE_LEFT_BEGIN) round=0 yroad=0 ramp=0 road=7 speed=0 near=11/124 raw=59/104 sel=124/126 far=0/0 far_raw=0/0 l=1@4/0@-1 far_l=0@-1/0@-1 straight=0/1 far_straight=0/0 circle_cnt=0/0/0/0 lost=0/0 conf=94.2/3.8/0.0/0.0 dist=0 begin=1018/0 m0=(84,119) ml=(85,87) md=32/1/128 cxcy=84.0,119.6 guide=-0.98 atg=1.0/0.0/0.0 pure=-0.45/-0.38 yaw=59 cmd=76 actual=42 signed=1 rps=3695/3905:2660/2937 duty=10/12 pwm=PWM2:10/PWM1:12 motor=2:10/1:12
ATGCorner: L=1@4/0@-1 Y=0@-1/0@-1 farL=0@-1/0@-1 Lxy=59.2,106.9:31.7,80.6/-1.0,-1.0:-1.0,-1.0 Yxy=-1.0,-1.0:-1.0,-1.0/-1.0,-1.0:-1.0,-1.0 farLxy=-1.0,-1.0:-1.0,-1.0/-1.0,-1.0:-1.0,-1.0 best=4:59.2,106.9:31.7,80.6:94.2:11111/34:115.6,37.7:95.8,24.7:3.8:10111 seed_src=lpt/none seed=0.0,0.0/0.0,0.0 far_start=70,0 far_raw=0/0 far_num=0/0 straight=0/1 far_straight=0/0 conf_deg=94.2/3.8/0.0/0.0
CrossDiag: type=CROSS_NONE track=1 half_lr=0/0 nearL=1@4/0@-1 nearNum=11/124 centerNum=11/124 farL=0@-1/0@-1 farNum=0/0 farRaw=0/0 lost=0/0 not_have=0 final=124/126 flags=0/0
LineErr: aim=33 cxcy=84.0,119.6 left=1:24.41@58,86 dx=-25.9 idx=0/10 dist=20/20 right=1:-0.66@85,83 dx=0.7 idx=0/14 dist=33/254 sel=1:-0.66@85,82 dx=0.7 idx=0/16 dist=32/250 edge=1:6.47@78.5,94.0 dx=-5.5 width=71.6 l=46,109 r=111,79
CxScan: raw_ref=80.0 edge=78.5,94.0 best_raw_x=65 best_err=-0.27 best_cxcy=78.3,119.5 scan=0:-27.4,10:-23.7,20:-19.8,30:-15.7,40:-11.4,50:-7.0,60:-2.5,70:2.0,80:6.5,90:10.9,100:15.1,110:19.2,120:23.1,130:26.8,140:30.2
ATGSeedDiag: seed=1@21,108/1@140,107 begin=7,108 block=5 clip=8
ATGLptDiag: best=4(94.2) imip=0/10 pass=11111 acc=4 ipm=59.2,106.9 inv=31.7,80.6 | 34(3.8) imip=24/44 pass=10111 acc=-1 ipm=115.6,37.7 inv=95.8,24.7
frame=172 line=1 track=1 cross=0 circle=1(CIRCLE_LEFT_BEGIN) round=0 yroad=0 ramp=0 road=7 speed=0 near=11/124 raw=59/105 sel=124/125 far=0/0 far_raw=0/0 l=1@4/0@-1 far_l=0@-1/0@-1 straight=0/1 far_straight=0/0 circle_cnt=0/0/0/0 lost=0/0 conf=97.8/3.7/0.0/0.0 dist=0 begin=1026/0 m0=(84,119) ml=(85,87) md=32/1/128 cxcy=84.0,119.6 guide=-0.98 atg=1.0/0.0/1.0 pure=-0.46/-0.38 yaw=59 cmd=84 actual=34 signed=1 rps=3685/3915:2719/2995 duty=10/12 pwm=PWM2:10/PWM1:12 motor=2:10/1:12
ATGCorner: L=1@4/0@-1 Y=0@-1/0@-1 farL=0@-1/0@-1 Lxy=59.4,106.9:32.0,80.5/-1.0,-1.0:-1.0,-1.0 Yxy=-1.0,-1.0:-1.0,-1.0/-1.0,-1.0:-1.0,-1.0 farLxy=-1.0,-1.0:-1.0,-1.0/-1.0,-1.0:-1.0,-1.0 best=4:59.4,106.9:32.0,80.5:97.8:11111/34:115.9,38.0:96.0,24.8:3.7:10111 seed_src=lpt/none seed=0.0,0.0/0.0,0.0 far_start=70,0 far_raw=0/0 far_num=0/0 straight=0/1 far_straight=0/0 conf_deg=97.8/3.7/0.0/0.0
CrossDiag: type=CROSS_NONE track=1 half_lr=0/0 nearL=1@4/0@-1 nearNum=11/124 centerNum=11/124 farL=0@-1/0@-1 farNum=0/0 farRaw=0/0 lost=0/0 not_have=0 final=124/125 flags=0/0
LineErr: aim=33 cxcy=84.0,119.6 left=1:24.44@58,86 dx=-25.9 idx=0/10 dist=20/20 right=1:-0.96@85,83 dx=1.0 idx=0/14 dist=33/254 sel=1:-0.98@85,82 dx=1.0 idx=0/16 dist=32/248 edge=1:5.88@79.0,94.0 dx=-5.0 width=72.5 l=46,109 r=112,79
CxScan: raw_ref=80.0 edge=79.0,94.0 best_raw_x=65 best_err=-0.86 best_cxcy=78.3,119.5 scan=0:-27.9,10:-24.2,20:-20.3,30:-16.2,40:-12.0,50:-7.6,60:-3.1,70:1.4,80:5.9,90:10.3,100:14.6,110:18.7,120:22.6,130:26.3,140:29.8
ATGSeedDiag: seed=1@21,108/1@141,108 begin=7,108 block=5 clip=8
ATGLptDiag: best=4(97.8) imip=0/10 pass=11111 acc=4 ipm=59.4,106.9 inv=32.0,80.5 | 34(3.7) imip=24/44 pass=10111 acc=-1 ipm=115.9,38.0 inv=96.0,24.8
frame=173 line=1 track=1 cross=0 circle=1(CIRCLE_LEFT_BEGIN) round=0 yroad=0 ramp=0 road=7 speed=0 near=10/124 raw=56/105 sel=124/126 far=0/0 far_raw=0/0 l=1@4/0@-1 far_l=0@-1/0@-1 straight=0/1 far_straight=0/0 circle_cnt=0/0/0/0 lost=0/0 conf=92.1/4.3/0.0/0.0 dist=0 begin=1033/0 m0=(84,119) ml=(85,87) md=32/1/130 cxcy=84.0,119.6 guide=-0.98 atg=2.0/1.0/1.0 pure=-0.50/-0.43 yaw=59 cmd=94 actual=24 signed=1 rps=3671/3929:2566/2813 duty=10/12 pwm=PWM2:10/PWM1:12 motor=2:10/1:12
ATGCorner: L=1@4/0@-1 Y=0@-1/0@-1 farL=0@-1/0@-1 Lxy=58.4,107.1:30.0,81.0/-1.0,-1.0:-1.0,-1.0 Yxy=-1.0,-1.0:-1.0,-1.0/-1.0,-1.0:-1.0,-1.0 farLxy=-1.0,-1.0:-1.0,-1.0/-1.0,-1.0:-1.0,-1.0 best=4:58.4,107.1:30.0,81.0:92.1:11111/2:110.2,111.9:132.5,91.5:4.3:10111 seed_src=lpt/none seed=0.0,0.0/0.0,0.0 far_start=70,0 far_raw=0/0 far_num=0/0 straight=0/1 far_straight=0/0 conf_deg=92.1/4.3/0.0/0.0
CrossDiag: type=CROSS_NONE track=1 half_lr=0/0 nearL=1@4/0@-1 nearNum=10/124 centerNum=10/124 farL=0@-1/0@-1 farNum=0/0 farRaw=0/0 lost=0/0 not_have=0 final=124/126 flags=0/0
LineErr: aim=33 cxcy=84.0,119.6 left=1:22.70@60,86 dx=-23.6 idx=0/9 dist=18/18 right=1:-1.14@85,83 dx=1.2 idx=0/14 dist=33/255 sel=1:-1.15@85,82 dx=1.2 idx=0/16 dist=32/250 edge=1:5.30@79.5,94.0 dx=-4.5 width=71.6 l=47,109 r=112,79
CxScan: raw_ref=80.0 edge=79.5,94.0 best_raw_x=70 best_err=0.81 best_cxcy=80.2,119.5 scan=0:-28.4,10:-24.7,20:-20.9,30:-16.8,40:-12.5,50:-8.2,60:-3.7,70:0.8,80:5.3,90:9.7,100:14.0,110:18.2,120:22.1,130:25.8,140:29.3
ATGSeedDiag: seed=1@21,108/1@141,108 begin=7,108 block=5 clip=8
ATGLptDiag: best=4(92.1) imip=0/9 pass=11111 acc=4 ipm=58.4,107.1 inv=30.0,81.0 | 2(4.3) imip=0/12 pass=10111 acc=-1 ipm=110.2,111.9 inv=132.5,91.5
frame=174 line=1 track=1 cross=0 circle=1(CIRCLE_LEFT_BEGIN) round=0 yroad=0 ramp=0 road=7 speed=0 near=10/124 raw=56/105 sel=124/126 far=0/0 far_raw=0/0 l=1@4/0@-1 far_l=0@-1/0@-1 straight=0/1 far_straight=0/0 circle_cnt=0/0/0/0 lost=0/0 conf=93.1/4.2/0.0/0.0 dist=0 begin=1041/0 m0=(84,119) ml=(85,87) md=32/1/130 cxcy=84.0,119.6 guide=-1.15 atg=2.0/1.0/1.0 pure=-0.52/-0.43 yaw=69 cmd=124 actual=15 signed=1 rps=3631/3969:2657/2917 duty=9/12 pwm=PWM2:9/PWM1:12 motor=2:9/1:12
ATGCorner: L=1@4/0@-1 Y=0@-1/0@-1 farL=0@-1/0@-1 Lxy=58.3,107.1:29.8,81.1/-1.0,-1.0:-1.0,-1.0 Yxy=-1.0,-1.0:-1.0,-1.0/-1.0,-1.0:-1.0,-1.0 farLxy=-1.0,-1.0:-1.0,-1.0/-1.0,-1.0:-1.0,-1.0 best=4:58.3,107.1:29.8,81.1:93.1:11111/2:110.2,111.9:132.5,91.5:4.2:10111 seed_src=lpt/none seed=0.0,0.0/0.0,0.0 far_start=70,0 far_raw=0/0 far_num=0/0 straight=0/1 far_straight=0/0 conf_deg=93.1/4.2/0.0/0.0
CrossDiag: type=CROSS_NONE track=1 half_lr=0/0 nearL=1@4/0@-1 nearNum=10/124 centerNum=10/124 farL=0@-1/0@-1 farNum=0/0 farRaw=0/0 lost=0/0 not_have=0 final=124/126 flags=0/0
LineErr: aim=33 cxcy=84.0,119.6 left=1:23.36@60,86 dx=-24.3 idx=0/9 dist=18/18 right=1:-1.30@85,83 dx=1.4 idx=0/14 dist=33/252 sel=1:-1.31@85,82 dx=1.4 idx=0/16 dist=32/250 edge=1:5.30@79.5,94.0 dx=-4.5 width=71.6 l=47,109 r=112,79
CxScan: raw_ref=80.0 edge=79.5,94.0 best_raw_x=70 best_err=0.81 best_cxcy=80.2,119.5 scan=0:-28.4,10:-24.7,20:-20.9,30:-16.8,40:-12.5,50:-8.2,60:-3.7,70:0.8,80:5.3,90:9.7,100:14.0,110:18.2,120:22.1,130:25.8,140:29.3
ATGSeedDiag: seed=1@21,108/1@141,108 begin=7,108 block=5 clip=8
ATGLptDiag: best=4(93.1) imip=0/9 pass=11111 acc=4 ipm=58.3,107.1 inv=29.8,81.1 | 2(4.2) imip=0/12 pass=10111 acc=-1 ipm=110.2,111.9 inv=132.5,91.5
frame=175 line=1 track=1 cross=0 circle=1(CIRCLE_LEFT_BEGIN) round=0 yroad=0 ramp=0 road=7 speed=0 near=10/124 raw=53/105 sel=124/126 far=0/0 far_raw=0/0 l=1@3/0@-1 far_l=0@-1/0@-1 straight=0/1 far_straight=0/0 circle_cnt=0/0/0/0 lost=0/0 conf=91.1/4.2/0.0/0.0 dist=0 begin=1049/0 m0=(84,119) ml=(85,87) md=32/1/130 cxcy=84.0,119.6 guide=-0.98 atg=2.0/1.0/1.0 pure=-0.52/-0.43 yaw=59 cmd=119 actual=-1 signed=1 rps=3636/3964:2702/2969 duty=9/12 pwm=PWM2:9/PWM1:12 motor=2:9/1:12
ATGCorner: L=1@3/0@-1 Y=0@-1/0@-1 farL=0@-1/0@-1 Lxy=59.3,109.2:29.6,85.7/-1.0,-1.0:-1.0,-1.0 Yxy=-1.0,-1.0:-1.0,-1.0/-1.0,-1.0:-1.0,-1.0 farLxy=-1.0,-1.0:-1.0,-1.0/-1.0,-1.0:-1.0,-1.0 best=3:59.3,109.2:29.6,85.7:91.1:11111/2:110.2,111.9:132.5,91.5:4.2:10111 seed_src=lpt/none seed=0.0,0.0/0.0,0.0 far_start=70,0 far_raw=0/0 far_num=0/0 straight=0/1 far_straight=0/0 conf_deg=91.1/4.2/0.0/0.0
CrossDiag: type=CROSS_NONE track=1 half_lr=0/0 nearL=1@3/0@-1 nearNum=10/124 centerNum=10/124 farL=0@-1/0@-1 farNum=0/0 farRaw=0/0 lost=0/0 not_have=0 final=124/126 flags=0/0
LineErr: aim=33 cxcy=84.0,119.6 left=1:24.72@58,86 dx=-26.0 idx=0/9 dist=18/18 right=1:-1.15@85,83 dx=1.2 idx=0/14 dist=33/253 sel=1:-1.15@85,82 dx=1.2 idx=0/16 dist=32/250 edge=1:5.41@79.5,95.0 dx=-4.5 width=71.6 l=47,110 r=112,80
CxScan: raw_ref=80.0 edge=79.5,95.0 best_raw_x=70 best_err=0.83 best_cxcy=80.2,119.5 scan=0:-28.9,10:-25.2,20:-21.3,30:-17.1,40:-12.8,50:-8.3,60:-3.8,70:0.8,80:5.4,90:9.9,100:14.3,110:18.5,120:22.5,130:26.3,140:29.8
ATGSeedDiag: seed=1@21,108/1@141,108 begin=7,108 block=5 clip=8
ATGLptDiag: best=3(91.1) imip=0/9 pass=11111 acc=3 ipm=59.3,109.2 inv=29.6,85.7 | 2(4.2) imip=0/12 pass=10111 acc=-1 ipm=110.2,111.9 inv=132.5,91.5
frame=176 line=1 track=1 cross=0 circle=1(CIRCLE_LEFT_BEGIN) round=0 yroad=0 ramp=0 road=7 speed=0 near=9/124 raw=51/105 sel=124/126 far=0/0 far_raw=0/0 l=1@3/0@-1 far_l=0@-1/0@-1 straight=0/1 far_straight=0/0 circle_cnt=0/0/0/0 lost=0/0 conf=90.5/3.8/0.0/0.0 dist=0 begin=1057/0 m0=(84,119) ml=(85,87) md=32/1/130 cxcy=84.0,119.6 guide=-0.98 atg=2.0/1.0/1.0 pure=-0.52/-0.43 yaw=59 cmd=132 actual=-15 signed=1 rps=3618/3982:2626/2854 duty=9/12 pwm=PWM2:9/PWM1:12 motor=2:9/1:12
ATGCorner: L=1@3/0@-1 Y=0@-1/0@-1 farL=0@-1/0@-1 Lxy=59.2,108.9:29.7,85.0/-1.0,-1.0:-1.0,-1.0 Yxy=-1.0,-1.0:-1.0,-1.0/-1.0,-1.0:-1.0,-1.0 farLxy=-1.0,-1.0:-1.0,-1.0/-1.0,-1.0:-1.0,-1.0 best=3:59.2,108.9:29.7,85.0:90.5:11111/35:116.3,35.7:95.8,24.1:3.8:10111 seed_src=lpt/none seed=0.0,0.0/0.0,0.0 far_start=70,0 far_raw=0/0 far_num=0/0 straight=0/1 far_straight=0/0 conf_deg=90.5/3.8/0.0/0.0
CrossDiag: type=CROSS_NONE track=1 half_lr=0/0 nearL=1@3/0@-1 nearNum=9/124 centerNum=9/124 farL=0@-1/0@-1 farNum=0/0 farRaw=0/0 lost=0/0 not_have=0 final=124/126 flags=0/0
LineErr: aim=33 cxcy=84.0,119.6 left=1:22.66@61,87 dx=-23.4 idx=0/8 dist=16/16 right=1:-1.01@85,83 dx=1.1 idx=0/14 dist=33/252 sel=1:-1.01@85,82 dx=1.1 idx=0/16 dist=32/250 edge=1:4.77@80.0,94.5 dx=-4.0 width=71.1 l=48,110 r=112,79
CxScan: raw_ref=80.0 edge=80.0,94.5 best_raw_x=70 best_err=0.23 best_cxcy=80.2,119.5 scan=0:-29.1,10:-25.4,20:-21.6,30:-17.5,40:-13.2,50:-8.8,60:-4.3,70:0.2,80:4.8,90:9.2,100:13.6,110:17.8,120:21.8,130:25.6,140:29.1
ATGSeedDiag: seed=1@21,107/1@141,108 begin=7,108 block=5 clip=8
ATGLptDiag: best=3(90.5) imip=0/8 pass=11111 acc=3 ipm=59.2,108.9 inv=29.7,85.0 | 35(3.8) imip=25/45 pass=10111 acc=-1 ipm=116.3,35.7 inv=95.8,24.1
frame=177 line=1 track=1 cross=0 circle=1(CIRCLE_LEFT_BEGIN) round=0 yroad=0 ramp=0 road=7 speed=0 near=9/124 raw=54/105 sel=124/125 far=0/0 far_raw=0/0 l=1@3/0@-1 far_l=0@-1/0@-1 straight=0/1 far_straight=0/0 circle_cnt=0/0/0/0 lost=0/0 conf=93.5/3.8/0.0/0.0 dist=0 begin=1065/0 m0=(84,119) ml=(85,87) md=32/1/128 cxcy=84.0,119.6 guide=-0.98 atg=1.0/0.0/1.0 pure=-0.47/-0.39 yaw=59 cmd=139 actual=-21 signed=1 rps=3609/3991:2778/2953 duty=9/12 pwm=PWM2:9/PWM1:12 motor=2:9/1:12
ATGCorner: L=1@3/0@-1 Y=0@-1/0@-1 farL=0@-1/0@-1 Lxy=59.4,109.2:29.7,85.7/-1.0,-1.0:-1.0,-1.0 Yxy=-1.0,-1.0:-1.0,-1.0/-1.0,-1.0:-1.0,-1.0 farLxy=-1.0,-1.0:-1.0,-1.0/-1.0,-1.0:-1.0,-1.0 best=3:59.4,109.2:29.7,85.7:93.5:11111/1:109.9,114.2:135.7,98.0:3.8:10111 seed_src=lpt/none seed=0.0,0.0/0.0,0.0 far_start=70,0 far_raw=0/0 far_num=0/0 straight=0/1 far_straight=0/0 conf_deg=93.5/3.8/0.0/0.0
CrossDiag: type=CROSS_NONE track=1 half_lr=0/0 nearL=1@3/0@-1 nearNum=9/124 centerNum=9/124 farL=0@-1/0@-1 farNum=0/0 farRaw=0/0 lost=0/0 not_have=0 final=124/125 flags=0/0
LineErr: aim=33 cxcy=84.0,119.6 left=1:22.72@61,87 dx=-23.3 idx=0/8 dist=16/16 right=1:-0.96@85,83 dx=1.0 idx=0/14 dist=33/255 sel=1:-0.98@85,82 dx=1.0 idx=0/16 dist=32/248 edge=1:5.36@79.5,94.5 dx=-4.5 width=70.2 l=48,110 r=111,79
CxScan: raw_ref=80.0 edge=79.5,94.5 best_raw_x=70 best_err=0.82 best_cxcy=80.2,119.5 scan=0:-28.6,10:-25.0,20:-21.1,30:-17.0,40:-12.7,50:-8.3,60:-3.7,70:0.8,80:5.4,90:9.8,100:14.2,110:18.3,120:22.3,130:26.1,140:29.6
ATGSeedDiag: seed=1@21,108/1@141,108 begin=7,108 block=5 clip=8
ATGLptDiag: best=3(93.5) imip=0/8 pass=11111 acc=3 ipm=59.4,109.2 inv=29.7,85.7 | 1(3.8) imip=0/11 pass=10111 acc=-1 ipm=109.9,114.2 inv=135.7,98.0
frame=178 line=1 track=1 cross=0 circle=1(CIRCLE_LEFT_BEGIN) round=0 yroad=0 ramp=0 road=7 speed=0 near=9/124 raw=49/105 sel=124/125 far=0/0 far_raw=0/0 l=1@3/0@-1 far_l=0@-1/0@-1 straight=0/1 far_straight=0/0 circle_cnt=0/0/0/0 lost=0/0 conf=91.2/3.6/0.0/0.0 dist=0 begin=1073/0 m0=(84,119) ml=(85,87) md=32/1/128 cxcy=84.0,119.6 guide=-0.98 atg=2.0/0.0/1.0 pure=-0.51/-0.38 yaw=59 cmd=144 actual=-26 signed=1 rps=3603/3997:2732/2819 duty=9/13 pwm=PWM2:9/PWM1:13 motor=2:9/1:13
ATGCorner: L=1@3/0@-1 Y=0@-1/0@-1 farL=0@-1/0@-1 Lxy=58.9,109.3:28.6,85.9/-1.0,-1.0:-1.0,-1.0 Yxy=-1.0,-1.0:-1.0,-1.0/-1.0,-1.0:-1.0,-1.0 farLxy=-1.0,-1.0:-1.0,-1.0/-1.0,-1.0:-1.0,-1.0 best=3:58.9,109.3:28.6,85.9:91.2:11111/1:109.9,114.2:135.7,98.0:3.6:10111 seed_src=lpt/none seed=0.0,0.0/0.0,0.0 far_start=70,0 far_raw=0/0 far_num=0/0 straight=0/1 far_straight=0/0 conf_deg=91.2/3.6/0.0/0.0
CrossDiag: type=CROSS_NONE track=1 half_lr=0/0 nearL=1@3/0@-1 nearNum=9/124 centerNum=9/124 farL=0@-1/0@-1 farNum=0/0 farRaw=0/0 lost=0/0 not_have=0 final=124/125 flags=0/0
LineErr: aim=33 cxcy=84.0,119.6 left=1:24.35@59,87 dx=-25.3 idx=0/8 dist=16/16 right=1:-0.96@85,83 dx=1.0 idx=0/14 dist=33/256 sel=1:-0.98@85,82 dx=1.0 idx=0/16 dist=32/248 edge=1:5.41@79.5,95.0 dx=-4.5 width=70.7 l=48,111 r=111,79
CxScan: raw_ref=80.0 edge=79.5,95.0 best_raw_x=70 best_err=0.83 best_cxcy=80.2,119.5 scan=0:-28.9,10:-25.2,20:-21.3,30:-17.1,40:-12.8,50:-8.3,60:-3.8,70:0.8,80:5.4,90:9.9,100:14.3,110:18.5,120:22.5,130:26.3,140:29.8
ATGSeedDiag: seed=1@21,108/1@141,108 begin=7,108 block=5 clip=8
ATGLptDiag: best=3(91.2) imip=0/8 pass=11111 acc=3 ipm=58.9,109.3 inv=28.6,85.9 | 1(3.6) imip=0/11 pass=10111 acc=-1 ipm=109.9,114.2 inv=135.7,98.0
frame=179 line=1 track=1 cross=0 circle=1(CIRCLE_LEFT_BEGIN) round=0 yroad=0 ramp=0 road=7 speed=0 near=9/124 raw=49/105 sel=124/125 far=0/0 far_raw=0/0 l=1@3/0@-1 far_l=0@-1/0@-1 straight=0/1 far_straight=0/0 circle_cnt=0/0/0/0 lost=0/0 conf=89.5/4.2/0.0/0.0 dist=0 begin=1081/0 m0=(84,119) ml=(85,87) md=32/1/128 cxcy=84.0,119.6 guide=-0.98 atg=2.0/0.0/1.0 pure=-0.55/-0.39 yaw=59 cmd=148 actual=-30 signed=1 rps=3597/4003:2876/2859 duty=9/13 pwm=PWM2:9/PWM1:13 motor=2:9/1:13
ATGCorner: L=1@3/0@-1 Y=0@-1/0@-1 farL=0@-1/0@-1 Lxy=58.7,109.4:28.1,86.1/-1.0,-1.0:-1.0,-1.0 Yxy=-1.0,-1.0:-1.0,-1.0/-1.0,-1.0:-1.0,-1.0 farLxy=-1.0,-1.0:-1.0,-1.0/-1.0,-1.0:-1.0,-1.0 best=3:58.7,109.4:28.1,86.1:89.5:11111/2:110.2,111.9:132.4,91.5:4.2:10111 seed_src=lpt/none seed=0.0,0.0/0.0,0.0 far_start=70,0 far_raw=0/0 far_num=0/0 straight=0/1 far_straight=0/0 conf_deg=89.5/4.2/0.0/0.0
CrossDiag: type=CROSS_NONE track=1 half_lr=0/0 nearL=1@3/0@-1 nearNum=9/124 centerNum=9/124 farL=0@-1/0@-1 farNum=0/0 farRaw=0/0 lost=0/0 not_have=0 final=124/125 flags=0/0
LineErr: aim=33 cxcy=84.0,119.6 left=1:25.67@57,87 dx=-26.8 idx=0/8 dist=16/16 right=1:-1.00@85,83 dx=1.1 idx=0/14 dist=33/254 sel=1:-1.01@85,82 dx=1.1 idx=0/16 dist=32/248 edge=1:6.01@79.0,95.0 dx=-5.0 width=71.6 l=47,111 r=111,79
CxScan: raw_ref=80.0 edge=79.0,95.0 best_raw_x=65 best_err=-0.87 best_cxcy=78.3,119.5 scan=0:-28.4,10:-24.7,20:-20.7,30:-16.6,40:-12.2,50:-7.7,60:-3.2,70:1.4,80:6.0,90:10.5,100:14.9,110:19.0,120:23.0,130:26.8,140:30.3
ATGSeedDiag: seed=1@21,108/1@141,108 begin=7,108 block=5 clip=8
ATGLptDiag: best=3(89.5) imip=0/8 pass=11111 acc=3 ipm=58.7,109.4 inv=28.1,86.1 | 2(4.2) imip=0/12 pass=10111 acc=-1 ipm=110.2,111.9 inv=132.4,91.5
frame=180 line=1 track=1 cross=0 circle=1(CIRCLE_LEFT_BEGIN) round=0 yroad=0 ramp=0 road=7 speed=0 near=8/124 raw=49/105 sel=124/126 far=0/0 far_raw=0/0 l=1@3/0@-1 far_l=0@-1/0@-1 straight=0/1 far_straight=0/0 circle_cnt=0/0/0/0 lost=0/0 conf=89.8/6.2/0.0/0.0 dist=0 begin=1089/0 m0=(84,119) ml=(85,87) md=32/1/130 cxcy=84.0,119.6 guide=-0.98 atg=2.0/1.0/1.0 pure=-0.56/-0.43 yaw=59 cmd=143 actual=-26 signed=1 rps=3603/3997:2808/2691 duty=9/13 pwm=PWM2:9/PWM1:13 motor=2:9/1:13
ATGCorner: L=1@3/0@-1 Y=0@-1/0@-1 farL=0@-1/0@-1 Lxy=58.6,109.4:28.0,86.2/-1.0,-1.0:-1.0,-1.0 Yxy=-1.0,-1.0:-1.0,-1.0/-1.0,-1.0:-1.0,-1.0 farLxy=-1.0,-1.0:-1.0,-1.0/-1.0,-1.0:-1.0,-1.0 best=3:58.6,109.4:28.0,86.2:89.8:11111/1:110.0,114.2:136.0,98.0:6.2:10111 seed_src=lpt/none seed=0.0,0.0/0.0,0.0 far_start=70,0 far_raw=0/0 far_num=0/0 straight=0/1 far_straight=0/0 conf_deg=89.8/6.2/0.0/0.0
CrossDiag: type=CROSS_NONE track=1 half_lr=0/0 nearL=1@3/0@-1 nearNum=8/124 centerNum=8/124 farL=0@-1/0@-1 farNum=0/0 farRaw=0/0 lost=0/0 not_have=0 final=124/126 flags=0/0
LineErr: aim=33 cxcy=84.0,119.6 left=1:22.36@61,88 dx=-22.7 idx=0/7 dist=14/14 right=1:-1.20@85,83 dx=1.3 idx=0/14 dist=33/254 sel=1:-1.21@85,82 dx=1.3 idx=0/16 dist=32/250 edge=1:3.62@81.0,95.0 dx=-3.0 width=69.8 l=50,111 r=112,79
CxScan: raw_ref=80.0 edge=81.0,95.0 best_raw_x=70 best_err=-0.97 best_cxcy=80.2,119.5 scan=0:-30.2,10:-26.6,20:-22.8,30:-18.8,40:-14.5,50:-10.1,60:-5.6,70:-1.0,80:3.6,90:8.2,100:12.6,110:16.9,120:21.0,130:24.8,140:28.5
ATGSeedDiag: seed=1@21,108/1@141,108 begin=7,108 block=5 clip=8
ATGLptDiag: best=3(89.8) imip=0/7 pass=11111 acc=3 ipm=58.6,109.4 inv=28.0,86.2 | 1(6.2) imip=0/11 pass=10111 acc=-1 ipm=110.0,114.2 inv=136.0,98.0
frame=181 line=1 track=1 cross=0 circle=1(CIRCLE_LEFT_BEGIN) round=0 yroad=0 ramp=0 road=7 speed=0 near=8/124 raw=47/105 sel=124/126 far=0/0 far_raw=0/0 l=1@2/0@-1 far_l=0@-1/0@-1 straight=0/1 far_straight=0/0 circle_cnt=0/0/0/0 lost=0/0 conf=85.9/3.0/0.0/0.0 dist=0 begin=1097/0 m0=(84,119) ml=(85,87) md=32/1/130 cxcy=84.0,119.6 guide=-1.15 atg=2.0/1.0/1.0 pure=-0.55/-0.43 yaw=69 cmd=158 actual=-19 signed=1 rps=3584/4016:2976/2734 duty=9/13 pwm=PWM2:9/PWM1:13 motor=2:9/1:13
ATGCorner: L=1@2/0@-1 Y=0@-1/0@-1 farL=0@-1/0@-1 Lxy=59.5,111.5:27.4,91.5/-1.0,-1.0:-1.0,-1.0 Yxy=-1.0,-1.0:-1.0,-1.0/-1.0,-1.0:-1.0,-1.0 farLxy=-1.0,-1.0:-1.0,-1.0/-1.0,-1.0:-1.0,-1.0 best=2:59.5,111.5:27.4,91.5:85.9:11111/33:116.1,40.3:96.7,25.6:3.0:10111 seed_src=lpt/none seed=0.0,0.0/0.0,0.0 far_start=70,0 far_raw=0/0 far_num=0/0 straight=0/1 far_straight=0/0 conf_deg=85.9/3.0/0.0/0.0
CrossDiag: type=CROSS_NONE track=1 half_lr=0/0 nearL=1@2/0@-1 nearNum=8/124 centerNum=8/124 farL=0@-1/0@-1 farNum=0/0 farRaw=0/0 lost=0/0 not_have=0 final=124/126 flags=0/0
LineErr: aim=33 cxcy=84.0,119.6 left=1:24.23@59,87 dx=-24.9 idx=0/7 dist=14/14 right=1:-1.36@85,83 dx=1.4 idx=0/14 dist=33/254 sel=1:-1.37@85,83 dx=1.4 idx=0/16 dist=32/250 edge=1:4.22@80.5,95.0 dx=-3.5 width=70.7 l=49,111 r=112,79
CxScan: raw_ref=80.0 edge=80.5,95.0 best_raw_x=70 best_err=-0.37 best_cxcy=80.2,119.5 scan=0:-29.8,10:-26.2,20:-22.3,30:-18.2,40:-13.9,50:-9.5,60:-5.0,70:-0.4,80:4.2,90:8.8,100:13.2,110:17.4,120:21.5,130:25.3,140:28.9
ATGSeedDiag: seed=1@21,108/1@141,108 begin=7,108 block=5 clip=8
ATGLptDiag: best=2(85.9) imip=0/7 pass=11111 acc=2 ipm=59.5,111.5 inv=27.4,91.5 | 33(3.0) imip=23/43 pass=10111 acc=-1 ipm=116.1,40.3 inv=96.7,25.6
frame=182 line=1 track=1 cross=0 circle=1(CIRCLE_LEFT_BEGIN) round=0 yroad=0 ramp=0 road=7 speed=0 near=8/124 raw=46/105 sel=124/126 far=0/0 far_raw=0/0 l=1@2/0@-1 far_l=0@-1/0@-1 straight=0/1 far_straight=0/0 circle_cnt=0/0/0/0 lost=0/0 conf=90.8/3.9/0.0/0.0 dist=0 begin=1105/0 m0=(84,119) ml=(85,87) md=32/1/130 cxcy=84.0,119.6 guide=-0.98 atg=2.0/1.0/1.0 pure=-0.56/-0.43 yaw=59 cmd=118 actual=0 signed=1 rps=3638/3962:3075/2710 duty=9/13 pwm=PWM2:9/PWM1:13 motor=2:9/1:13
ATGCorner: L=1@2/0@-1 Y=0@-1/0@-1 farL=0@-1/0@-1 Lxy=59.5,111.5:27.4,91.4/-1.0,-1.0:-1.0,-1.0 Yxy=-1.0,-1.0:-1.0,-1.0/-1.0,-1.0:-1.0,-1.0 farLxy=-1.0,-1.0:-1.0,-1.0/-1.0,-1.0:-1.0,-1.0 best=2:59.5,111.5:27.4,91.4:90.8:11111/2:110.2,111.9:132.5,91.5:3.9:10111 seed_src=lpt/none seed=0.0,0.0/0.0,0.0 far_start=70,0 far_raw=0/0 far_num=0/0 straight=0/1 far_straight=0/0 conf_deg=90.8/3.9/0.0/0.0
CrossDiag: type=CROSS_NONE track=1 half_lr=0/0 nearL=1@2/0@-1 nearNum=8/124 centerNum=8/124 farL=0@-1/0@-1 farNum=0/0 farRaw=0/0 lost=0/0 not_have=0 final=124/126 flags=0/0
LineErr: aim=33 cxcy=84.0,119.6 left=1:24.97@58,88 dx=-25.7 idx=0/7 dist=14/14 right=1:-1.21@85,83 dx=1.3 idx=0/14 dist=33/253 sel=1:-1.21@85,82 dx=1.3 idx=0/16 dist=32/250 edge=1:4.27@80.5,95.5 dx=-3.5 width=71.1 l=49,112 r=112,79
CxScan: raw_ref=80.0 edge=80.5,95.5 best_raw_x=70 best_err=-0.38 best_cxcy=80.2,119.5 scan=0:-30.1,10:-26.4,20:-22.5,30:-18.4,40:-14.1,50:-9.6,60:-5.0,70:-0.4,80:4.3,90:8.8,100:13.3,110:17.6,120:21.7,130:25.6,140:29.2
ATGSeedDiag: seed=1@21,108/1@141,108 begin=7,108 block=5 clip=8
ATGLptDiag: best=2(90.8) imip=0/7 pass=11111 acc=2 ipm=59.5,111.5 inv=27.4,91.4 | 2(3.9) imip=0/12 pass=10111 acc=-1 ipm=110.2,111.9 inv=132.5,91.5
frame=183 line=1 track=1 cross=0 circle=1(CIRCLE_LEFT_BEGIN) round=0 yroad=0 ramp=0 road=7 speed=0 near=7/124 raw=44/105 sel=124/126 far=0/0 far_raw=0/0 l=1@2/0@-1 far_l=0@-1/0@-1 straight=0/1 far_straight=0/0 circle_cnt=0/0/0/0 lost=0/0 conf=87.4/4.2/0.0/0.0 dist=0 begin=1113/0 m0=(84,119) ml=(85,87) md=32/1/130 cxcy=84.0,119.6 guide=-0.98 atg=2.0/1.0/1.0 pure=-0.56/-0.43 yaw=59 cmd=102 actual=16 signed=1 rps=3661/3939:2907/2589 duty=9/13 pwm=PWM2:9/PWM1:13 motor=2:9/1:13
ATGCorner: L=1@2/0@-1 Y=0@-1/0@-1 farL=0@-1/0@-1 Lxy=59.2,111.5:26.8,91.5/-1.0,-1.0:-1.0,-1.0 Yxy=-1.0,-1.0:-1.0,-1.0/-1.0,-1.0:-1.0,-1.0 farLxy=-1.0,-1.0:-1.0,-1.0/-1.0,-1.0:-1.0,-1.0 best=2:59.2,111.5:26.8,91.5:87.4:11111/2:110.2,111.9:132.4,91.5:4.2:10111 seed_src=lpt/none seed=0.0,0.0/0.0,0.0 far_start=70,0 far_raw=0/0 far_num=0/0 straight=0/1 far_straight=0/0 conf_deg=87.4/4.2/0.0/0.0
CrossDiag: type=CROSS_NONE track=1 half_lr=0/0 nearL=1@2/0@-1 nearNum=7/124 centerNum=7/124 farL=0@-1/0@-1 farNum=0/0 farRaw=0/0 lost=0/0 not_have=0 final=124/126 flags=0/0
LineErr: aim=33 cxcy=84.0,119.6 left=1:22.23@62,88 dx=-22.3 idx=0/6 dist=12/12 right=1:-1.06@85,83 dx=1.1 idx=0/14 dist=33/256 sel=1:-1.08@85,82 dx=1.1 idx=0/16 dist=32/250 edge=1:3.66@81.0,95.5 dx=-3.0 width=70.2 l=50,112 r=112,79
CxScan: raw_ref=80.0 edge=81.0,95.5 best_raw_x=70 best_err=-0.98 best_cxcy=80.2,119.5 scan=0:-30.5,10:-26.9,20:-23.0,30:-18.9,40:-14.7,50:-10.2,60:-5.6,70:-1.0,80:3.7,90:8.3,100:12.7,110:17.0,120:21.2,130:25.1,140:28.7
ATGSeedDiag: seed=1@21,108/1@141,108 begin=7,108 block=5 clip=8
ATGLptDiag: best=2(87.4) imip=0/6 pass=11111 acc=2 ipm=59.2,111.5 inv=26.8,91.5 | 2(4.2) imip=0/12 pass=10111 acc=-1 ipm=110.2,111.9 inv=132.4,91.5
frame=184 line=1 track=1 cross=0 circle=1(CIRCLE_LEFT_BEGIN) round=0 yroad=0 ramp=0 road=7 speed=0 near=7/124 raw=43/105 sel=124/126 far=0/0 far_raw=0/0 l=1@2/0@-1 far_l=0@-1/0@-1 straight=0/1 far_straight=0/0 circle_cnt=0/0/0/0 lost=0/0 conf=89.3/3.6/0.0/0.0 dist=0 begin=1121/0 m0=(84,119) ml=(85,87) md=32/1/131 cxcy=84.0,119.6 guide=-0.98 atg=2.0/1.0/1.0 pure=-0.56/-0.41 yaw=59 cmd=97 actual=21 signed=1 rps=3667/3933:3041/2714 duty=9/12 pwm=PWM2:9/PWM1:12 motor=2:9/1:12
ATGCorner: L=1@2/0@-1 Y=0@-1/0@-1 farL=0@-1/0@-1 Lxy=59.2,111.5:26.7,91.5/-1.0,-1.0:-1.0,-1.0 Yxy=-1.0,-1.0:-1.0,-1.0/-1.0,-1.0:-1.0,-1.0 farLxy=-1.0,-1.0:-1.0,-1.0/-1.0,-1.0:-1.0,-1.0 best=2:59.2,111.5:26.7,91.5:89.3:11111/1:109.9,114.2:135.7,98.0:3.6:10111 seed_src=lpt/none seed=0.0,0.0/0.0,0.0 far_start=70,0 far_raw=0/0 far_num=0/0 straight=0/1 far_straight=0/0 conf_deg=89.3/3.6/0.0/0.0
CrossDiag: type=CROSS_NONE track=1 half_lr=0/0 nearL=1@2/0@-1 nearNum=7/124 centerNum=7/124 farL=0@-1/0@-1 farNum=0/0 farRaw=0/0 lost=0/0 not_have=0 final=124/126 flags=0/0
LineErr: aim=33 cxcy=84.0,119.6 left=1:23.21@61,88 dx=-23.4 idx=0/6 dist=12/12 right=1:-1.07@85,83 dx=1.1 idx=0/14 dist=33/253 sel=1:-1.07@85,82 dx=1.1 idx=0/16 dist=32/250 edge=1:3.66@81.0,95.5 dx=-3.0 width=70.2 l=50,112 r=112,79
CxScan: raw_ref=80.0 edge=81.0,95.5 best_raw_x=70 best_err=-0.98 best_cxcy=80.2,119.5 scan=0:-30.5,10:-26.9,20:-23.0,30:-18.9,40:-14.7,50:-10.2,60:-5.6,70:-1.0,80:3.7,90:8.3,100:12.7,110:17.0,120:21.2,130:25.1,140:28.7
ATGSeedDiag: seed=1@21,108/1@141,108 begin=7,108 block=5 clip=8
ATGLptDiag: best=2(89.3) imip=0/6 pass=11111 acc=2 ipm=59.2,111.5 inv=26.7,91.5 | 1(3.6) imip=0/11 pass=10111 acc=-1 ipm=109.9,114.2 inv=135.7,98.0
frame=186 line=1 track=1 cross=0 circle=1(CIRCLE_LEFT_BEGIN) round=0 yroad=0 ramp=0 road=7 speed=0 near=7/124 raw=40/105 sel=124/126 far=0/0 far_raw=0/0 l=1@2/0@-1 far_l=0@-1/0@-1 straight=0/1 far_straight=0/0 circle_cnt=0/0/0/0 lost=0/0 conf=84.6/3.5/0.0/0.0 dist=0 begin=1137/0 m0=(84,119) ml=(85,87) md=32/1/131 cxcy=84.0,119.6 guide=-0.98 atg=2.0/1.0/1.0 pure=-0.56/-0.41 yaw=59 cmd=101 actual=17 signed=1 rps=3662/3938:3022/2743 duty=9/12 pwm=PWM2:9/PWM1:12 motor=2:9/1:12
ATGCorner: L=1@2/0@-1 Y=0@-1/0@-1 farL=0@-1/0@-1 Lxy=58.4,111.7:25.0,92.0/-1.0,-1.0:-1.0,-1.0 Yxy=-1.0,-1.0:-1.0,-1.0/-1.0,-1.0:-1.0,-1.0 farLxy=-1.0,-1.0:-1.0,-1.0/-1.0,-1.0:-1.0,-1.0 best=2:58.4,111.7:25.0,92.0:84.6:11111/1:109.9,114.2:135.7,98.0:3.5:10111 seed_src=lpt/none seed=0.0,0.0/0.0,0.0 far_start=70,0 far_raw=0/0 far_num=0/0 straight=0/1 far_straight=0/0 conf_deg=84.6/3.5/0.0/0.0
CrossDiag: type=CROSS_NONE track=1 half_lr=0/0 nearL=1@2/0@-1 nearNum=7/124 centerNum=7/124 farL=0@-1/0@-1 farNum=0/0 farRaw=0/0 lost=0/0 not_have=0 final=124/126 flags=0/0
LineErr: aim=33 cxcy=84.0,119.6 left=1:26.08@57,88 dx=-26.8 idx=0/6 dist=12/12 right=1:-1.01@85,82 dx=1.1 idx=0/14 dist=33/252 sel=1:-1.01@85,82 dx=1.1 idx=0/16 dist=32/250 edge=1:4.92@80.0,96.0 dx=-4.0 width=70.7 l=49,113 r=111,79
CxScan: raw_ref=80.0 edge=80.0,96.0 best_raw_x=70 best_err=0.23 best_cxcy=80.2,119.5 scan=0:-29.9,10:-26.2,20:-22.2,30:-18.0,40:-13.6,50:-9.1,60:-4.5,70:0.2,80:4.9,90:9.5,100:14.0,110:18.3,120:22.4,130:26.3,140:29.9
ATGSeedDiag: seed=1@21,108/1@141,108 begin=7,108 block=5 clip=8
ATGLptDiag: best=2(84.6) imip=0/6 pass=11111 acc=2 ipm=58.4,111.7 inv=25.0,92.0 | 1(3.5) imip=0/11 pass=10111 acc=-1 ipm=109.9,114.2 inv=135.7,98.0
frame=187 line=1 track=1 cross=0 circle=1(CIRCLE_LEFT_BEGIN) round=0 yroad=0 ramp=0 road=7 speed=0 near=7/124 raw=42/105 sel=124/126 far=0/0 far_raw=0/0 l=1@2/0@-1 far_l=0@-1/0@-1 straight=0/1 far_straight=0/0 circle_cnt=0/0/0/0 lost=0/0 conf=96.9/4.0/0.0/0.0 dist=0 begin=1145/0 m0=(84,119) ml=(85,87) md=32/1/130 cxcy=84.0,119.6 guide=-0.99 atg=2.0/1.0/1.0 pure=-0.58/-0.43 yaw=59 cmd=107 actual=11 signed=1 rps=3653/3947:3128/2928 duty=9/12 pwm=PWM2:9/PWM1:12 motor=2:9/1:12
ATGCorner: L=1@2/0@-1 Y=0@-1/0@-1 farL=0@-1/0@-1 Lxy=59.2,111.5:26.8,91.5/-1.0,-1.0:-1.0,-1.0 Yxy=-1.0,-1.0:-1.0,-1.0/-1.0,-1.0:-1.0,-1.0 farLxy=-1.0,-1.0:-1.0,-1.0/-1.0,-1.0:-1.0,-1.0 best=2:59.2,111.5:26.8,91.5:96.9:11111/2:110.2,111.9:132.4,91.5:4.0:10111 seed_src=lpt/none seed=0.0,0.0/0.0,0.0 far_start=70,0 far_raw=0/0 far_num=0/0 straight=0/1 far_straight=0/0 conf_deg=96.9/4.0/0.0/0.0
CrossDiag: type=CROSS_NONE track=1 half_lr=0/0 nearL=1@2/0@-1 nearNum=7/124 centerNum=7/124 farL=0@-1/0@-1 farNum=0/0 farRaw=0/0 lost=0/0 not_have=0 final=124/126 flags=0/0
LineErr: aim=33 cxcy=84.0,119.6 left=1:25.61@58,88 dx=-26.1 idx=0/6 dist=12/12 right=1:-1.31@85,83 dx=1.4 idx=0/14 dist=33/255 sel=1:-1.31@85,83 dx=1.4 idx=0/16 dist=32/250 edge=1:3.70@81.0,96.0 dx=-3.0 width=70.7 l=50,113 r=112,79
CxScan: raw_ref=80.0 edge=81.0,96.0 best_raw_x=70 best_err=-0.99 best_cxcy=80.2,119.5 scan=0:-30.8,10:-27.1,20:-23.2,30:-19.1,40:-14.8,50:-10.3,60:-5.7,70:-1.0,80:3.7,90:8.3,100:12.9,110:17.2,120:21.4,130:25.3,140:29.0
ATGSeedDiag: seed=1@21,108/1@141,108 begin=7,108 block=5 clip=8
ATGLptDiag: best=2(96.9) imip=0/6 pass=11111 acc=2 ipm=59.2,111.5 inv=26.8,91.5 | 2(4.0) imip=0/12 pass=10111 acc=-1 ipm=110.2,111.9 inv=132.4,91.5
frame=188 line=1 track=1 cross=0 circle=1(CIRCLE_LEFT_BEGIN) round=0 yroad=0 ramp=0 road=7 speed=0 near=6/124 raw=37/105 sel=124/126 far=0/0 far_raw=0/0 l=1@1/0@-1 far_l=0@-1/0@-1 straight=0/1 far_straight=0/0 circle_cnt=0/0/0/0 lost=0/0 conf=83.8/4.0/0.0/0.0 dist=0 begin=1153/0 m0=(84,119) ml=(85,87) md=32/1/131 cxcy=84.0,119.6 guide=-0.98 atg=2.0/1.0/1.0 pure=-0.56/-0.41 yaw=59 cmd=109 actual=9 signed=1 rps=3651/3949:2961/2902 duty=9/12 pwm=PWM2:9/PWM1:12 motor=2:9/1:12
ATGCorner: L=1@1/0@-1 Y=0@-1/0@-1 farL=0@-1/0@-1 Lxy=59.4,113.8:24.3,98.0/-1.0,-1.0:-1.0,-1.0 Yxy=-1.0,-1.0:-1.0,-1.0/-1.0,-1.0:-1.0,-1.0 farLxy=-1.0,-1.0:-1.0,-1.0/-1.0,-1.0:-1.0,-1.0 best=1:59.4,113.8:24.3,98.0:83.8:11111/2:110.2,111.9:132.4,91.5:4.0:10111 seed_src=lpt/none seed=0.0,0.0/0.0,0.0 far_start=70,0 far_raw=0/0 far_num=0/0 straight=0/1 far_straight=0/0 conf_deg=83.8/4.0/0.0/0.0
CrossDiag: type=CROSS_NONE track=1 half_lr=0/0 nearL=1@1/0@-1 nearNum=6/124 centerNum=6/124 farL=0@-1/0@-1 farNum=0/0 farRaw=0/0 lost=0/0 not_have=0 final=124/126 flags=0/0
LineErr: aim=33 cxcy=84.0,119.6 left=1:24.85@59,89 dx=-25.1 idx=0/5 dist=10/10 right=1:-1.17@85,83 dx=1.2 idx=0/14 dist=33/252 sel=1:-1.17@85,82 dx=1.2 idx=0/16 dist=32/250 edge=1:3.09@81.5,96.0 dx=-2.5 width=69.8 l=51,113 r=112,79
CxScan: raw_ref=80.0 edge=81.5,96.0 best_raw_x=75 best_err=0.75 best_cxcy=82.1,119.5 scan=0:-31.2,10:-27.6,20:-23.8,30:-19.7,40:-15.4,50:-10.9,60:-6.3,70:-1.6,80:3.1,90:7.7,100:12.3,110:16.7,120:20.8,130:24.8,140:28.5
ATGSeedDiag: seed=1@21,108/1@141,108 begin=7,108 block=5 clip=8
ATGLptDiag: best=1(83.8) imip=0/5 pass=11111 acc=1 ipm=59.4,113.8 inv=24.3,98.0 | 2(4.0) imip=0/12 pass=10111 acc=-1 ipm=110.2,111.9 inv=132.4,91.5
frame=189 line=1 track=1 cross=0 circle=1(CIRCLE_LEFT_BEGIN) round=0 yroad=0 ramp=0 road=7 speed=0 near=6/124 raw=35/105 sel=124/125 far=0/0 far_raw=0/0 l=1@1/0@-1 far_l=0@-1/0@-1 straight=0/1 far_straight=0/0 circle_cnt=0/0/0/0 lost=0/0 conf=83.9/3.6/0.0/0.0 dist=0 begin=1162/0 m0=(84,119) ml=(85,87) md=32/1/128 cxcy=84.0,119.6 guide=-0.98 atg=2.0/0.0/1.0 pure=-0.59/-0.39 yaw=59 cmd=109 actual=9 signed=1 rps=3650/3950:3052/3145 duty=9/12 pwm=PWM2:9/PWM1:12 motor=2:9/1:12
ATGCorner: L=1@1/0@-1 Y=0@-1/0@-1 farL=0@-1/0@-1 Lxy=59.3,113.5:24.5,97.1/-1.0,-1.0:-1.0,-1.0 Yxy=-1.0,-1.0:-1.0,-1.0/-1.0,-1.0:-1.0,-1.0 farLxy=-1.0,-1.0:-1.0,-1.0/-1.0,-1.0:-1.0,-1.0 best=1:59.3,113.5:24.5,97.1:83.9:11111/1:109.9,114.2:135.7,98.0:3.6:10111 seed_src=lpt/none seed=0.0,0.0/0.0,0.0 far_start=70,0 far_raw=0/0 far_num=0/0 straight=0/1 far_straight=0/0 conf_deg=83.9/3.6/0.0/0.0
CrossDiag: type=CROSS_NONE track=1 half_lr=0/0 nearL=1@1/0@-1 nearNum=6/124 centerNum=6/124 farL=0@-1/0@-1 farNum=0/0 farRaw=0/0 lost=0/0 not_have=0 final=124/125 flags=0/0
LineErr: aim=33 cxcy=84.0,119.6 left=1:27.08@56,88 dx=-27.8 idx=0/5 dist=10/10 right=1:-1.12@85,82 dx=1.2 idx=0/14 dist=33/252 sel=1:-1.12@85,82 dx=1.2 idx=0/16 dist=32/248 edge=1:4.36@80.5,96.5 dx=-3.5 width=70.3 l=50,114 r=111,79
CxScan: raw_ref=80.0 edge=80.5,96.5 best_raw_x=70 best_err=-0.38 best_cxcy=80.2,119.5 scan=0:-30.6,10:-26.9,20:-22.9,30:-18.8,40:-14.4,50:-9.8,60:-5.1,70:-0.4,80:4.4,90:9.0,100:13.6,110:18.0,120:22.1,130:26.0,140:29.7
ATGSeedDiag: seed=1@21,107/1@141,108 begin=7,108 block=5 clip=8
ATGLptDiag: best=1(83.9) imip=0/5 pass=11111 acc=1 ipm=59.3,113.5 inv=24.5,97.1 | 1(3.6) imip=0/11 pass=10111 acc=-1 ipm=109.9,114.2 inv=135.7,98.0
frame=190 line=1 track=1 cross=0 circle=1(CIRCLE_LEFT_BEGIN) round=0 yroad=0 ramp=0 road=7 speed=0 near=5/124 raw=34/105 sel=124/125 far=0/0 far_raw=0/0 l=1@1/0@-1 far_l=0@-1/0@-1 straight=0/1 far_straight=0/0 circle_cnt=0/0/0/0 lost=0/0 conf=75.8/3.8/0.0/0.0 dist=0 begin=1170/0 m0=(84,119) ml=(85,87) md=32/1/128 cxcy=84.0,119.6 guide=-0.98 atg=2.0/0.0/1.0 pure=-0.56/-0.37 yaw=59 cmd=114 actual=3 signed=1 rps=3643/3957:2842/3037 duty=9/12 pwm=PWM2:9/PWM1:12 motor=2:9/1:12
ATGCorner: L=1@1/0@-1 Y=0@-1/0@-1 farL=0@-1/0@-1 Lxy=59.0,113.6:23.8,97.3/-1.0,-1.0:-1.0,-1.0 Yxy=-1.0,-1.0:-1.0,-1.0/-1.0,-1.0:-1.0,-1.0 farLxy=-1.0,-1.0:-1.0,-1.0/-1.0,-1.0:-1.0,-1.0 best=1:59.0,113.6:23.8,97.3:75.8:11111/1:109.9,114.2:135.7,98.0:3.8:10111 seed_src=lpt/none seed=0.0,0.0/0.0,0.0 far_start=70,0 far_raw=0/0 far_num=0/0 straight=0/1 far_straight=0/0 conf_deg=75.8/3.8/0.0/0.0
CrossDiag: type=CROSS_NONE track=1 half_lr=0/0 nearL=1@1/0@-1 nearNum=5/124 centerNum=5/124 farL=0@-1/0@-1 farNum=0/0 farRaw=0/0 lost=0/0 not_have=0 final=124/125 flags=0/0
LineErr: aim=33 cxcy=84.0,119.6 left=1:24.45@59,89 dx=-24.6 idx=0/4 dist=8/8 right=1:-0.96@85,83 dx=1.0 idx=0/14 dist=32/252 sel=1:-0.96@85,82 dx=1.0 idx=0/16 dist=32/248 edge=1:3.12@81.5,96.5 dx=-2.5 width=68.6 l=52,114 r=111,79
CxScan: raw_ref=80.0 edge=81.5,96.5 best_raw_x=75 best_err=0.75 best_cxcy=82.1,119.5 scan=0:-31.5,10:-27.9,20:-24.0,30:-19.9,40:-15.5,50:-11.0,60:-6.4,70:-1.6,80:3.1,90:7.8,100:12.4,110:16.8,120:21.0,130:25.0,140:28.8
ATGSeedDiag: seed=1@21,107/1@141,108 begin=7,108 block=5 clip=8
ATGLptDiag: best=1(75.8) imip=0/4 pass=11111 acc=1 ipm=59.0,113.6 inv=23.8,97.3 | 1(3.8) imip=0/11 pass=10111 acc=-1 ipm=109.9,114.2 inv=135.7,98.0
frame=192 line=1 track=1 cross=0 circle=1(CIRCLE_LEFT_BEGIN) round=0 yroad=0 ramp=0 road=7 speed=0 near=5/124 raw=31/105 sel=124/125 far=0/0 far_raw=0/0 l=1@1/0@-1 far_l=0@-1/0@-1 straight=0/1 far_straight=0/0 circle_cnt=0/0/0/0 lost=0/0 conf=0.0/4.7/0.0/0.0 dist=0 begin=1186/0 m0=(84,119) ml=(85,87) md=32/1/128 cxcy=84.0,119.6 guide=-0.65 atg=2.0/0.0/0.0 pure=-0.56/-0.37 yaw=39 cmd=81 actual=-3 signed=1 rps=3690/3910:2885/3201 duty=9/12 pwm=PWM2:9/PWM1:12 motor=2:9/1:12
ATGCorner: L=1@1/0@-1 Y=0@-1/0@-1 farL=0@-1/0@-1 Lxy=58.3,113.9:22.0,98.2/-1.0,-1.0:-1.0,-1.0 Yxy=-1.0,-1.0:-1.0,-1.0/-1.0,-1.0:-1.0,-1.0 farLxy=-1.0,-1.0:-1.0,-1.0/-1.0,-1.0:-1.0,-1.0 best=1:58.3,113.9:22.0,98.2:63.2:11111/2:109.9,111.9:132.0,91.5:4.7:10111 seed_src=lpt/none seed=0.0,0.0/0.0,0.0 far_start=70,0 far_raw=0/0 far_num=0/0 straight=0/1 far_straight=0/0 conf_deg=0.0/4.7/0.0/0.0
CrossDiag: type=CROSS_NONE track=1 half_lr=0/0 nearL=1@1/0@-1 nearNum=5/124 centerNum=5/124 farL=0@-1/0@-1 farNum=0/0 farRaw=0/0 lost=0/0 not_have=0 final=124/125 flags=0/0
LineErr: aim=33 cxcy=84.0,119.6 left=1:27.80@56,89 dx=-28.4 idx=0/4 dist=8/8 right=1:-0.85@85,83 dx=0.9 idx=0/14 dist=33/253 sel=1:-0.85@85,82 dx=0.9 idx=0/16 dist=32/248 edge=1:3.16@81.5,97.0 dx=-2.5 width=69.1 l=52,115 r=111,79
CxScan: raw_ref=80.0 edge=81.5,97.0 best_raw_x=75 best_err=0.76 best_cxcy=82.1,119.5 scan=0:-31.8,10:-28.1,20:-24.2,30:-20.1,40:-15.7,50:-11.1,60:-6.4,70:-1.6,80:3.2,90:7.9,100:12.5,110:17.0,120:21.3,130:25.3,140:29.0
ATGSeedDiag: seed=1@21,107/1@140,108 begin=7,108 block=5 clip=8
ATGLptDiag: best=1(63.2) imip=0/4 pass=11111 acc=1 ipm=58.3,113.9 inv=22.0,98.2 | 2(4.7) imip=0/12 pass=10111 acc=-1 ipm=109.9,111.9 inv=132.0,91.5
frame=193 line=1 track=1 cross=0 circle=1(CIRCLE_LEFT_BEGIN) round=0 yroad=0 ramp=0 road=7 speed=0 near=5/124 raw=30/105 sel=124/125 far=0/0 far_raw=0/0 l=0@-1/0@-1 far_l=0@-1/0@-1 straight=0/1 far_straight=0/0 circle_cnt=0/0/0/0 lost=0/0 conf=57.1/3.8/0.0/0.0 dist=0 begin=1193/0 m0=(84,119) ml=(85,87) md=32/1/128 cxcy=84.0,119.6 guide=-0.98 atg=2.0/0.0/0.0 pure=-0.56/-0.38 yaw=59 cmd=117 actual=1 signed=1 rps=3639/3961:2677/2902 duty=10/12 pwm=PWM2:10/PWM1:12 motor=2:10/1:12
ATGCorner: L=0@-1/0@-1 Y=0@-1/0@-1 farL=0@-1/0@-1 Lxy=-1.0,-1.0:-1.0,-1.0/-1.0,-1.0:-1.0,-1.0 Yxy=-1.0,-1.0:-1.0,-1.0/-1.0,-1.0:-1.0,-1.0 farLxy=-1.0,-1.0:-1.0,-1.0/-1.0,-1.0:-1.0,-1.0 best=1:58.1,114.1:21.1,98.8:57.1:10111/1:109.9,114.2:135.7,98.0:3.8:10111 seed_src=none/none seed=0.0,0.0/0.0,0.0 far_start=70,0 far_raw=0/0 far_num=0/0 straight=0/1 far_straight=0/0 conf_deg=57.1/3.8/0.0/0.0
CrossDiag: type=CROSS_NONE track=1 half_lr=0/0 nearL=0@-1/0@-1 nearNum=5/124 centerNum=5/124 farL=0@-1/0@-1 farNum=0/0 farRaw=0/0 lost=0/0 not_have=0 final=124/125 flags=0/0
LineErr: aim=33 cxcy=84.0,119.6 left=1:29.20@54,89 dx=-30.0 idx=0/4 dist=8/8 right=1:-0.99@85,83 dx=1.0 idx=0/14 dist=33/254 sel=1:-0.99@85,82 dx=1.0 idx=0/16 dist=32/248 edge=1:3.78@81.0,97.0 dx=-3.0 width=70.0 l=51,115 r=111,79
CxScan: raw_ref=80.0 edge=81.0,97.0 best_raw_x=70 best_err=-1.01 best_cxcy=80.2,119.5 scan=0:-31.3,10:-27.6,20:-23.7,30:-19.5,40:-15.1,50:-10.5,60:-5.8,70:-1.0,80:3.8,90:8.5,100:13.1,110:17.6,120:21.8,130:25.8,140:29.5
ATGSeedDiag: seed=1@21,107/1@141,108 begin=7,108 block=5 clip=8
ATGLptDiag: best=1(57.1) imip=0/4 pass=10111 acc=-1 ipm=58.1,114.1 inv=21.1,98.8 | 1(3.8) imip=0/11 pass=10111 acc=-1 ipm=109.9,114.2 inv=135.7,98.0
frame=194 line=1 track=1 cross=0 circle=1(CIRCLE_LEFT_BEGIN) round=0 yroad=0 ramp=0 road=7 speed=0 near=5/124 raw=34/105 sel=124/125 far=0/0 far_raw=0/0 l=0@-1/0@-1 far_l=0@-1/0@-1 straight=0/1 far_straight=0/0 circle_cnt=0/0/0/0 lost=0/0 conf=47.1/3.6/0.0/0.0 dist=0 begin=1201/0 m0=(84,119) ml=(85,87) md=32/1/128 cxcy=84.0,119.6 guide=-0.98 atg=2.0/0.0/1.0 pure=-0.59/-0.38 yaw=59 cmd=118 actual=0 signed=1 rps=3638/3962:2727/2962 duty=9/12 pwm=PWM2:9/PWM1:12 motor=2:9/1:12
ATGCorner: L=0@-1/0@-1 Y=0@-1/0@-1 farL=0@-1/0@-1 Lxy=-1.0,-1.0:-1.0,-1.0/-1.0,-1.0:-1.0,-1.0 Yxy=-1.0,-1.0:-1.0,-1.0/-1.0,-1.0:-1.0,-1.0 farLxy=-1.0,-1.0:-1.0,-1.0/-1.0,-1.0:-1.0,-1.0 best=1:57.8,114.4:20.0,99.7:47.1:10111/1:109.9,114.2:135.7,98.0:3.6:10111 seed_src=none/none seed=0.0,0.0/0.0,0.0 far_start=70,0 far_raw=0/0 far_num=0/0 straight=0/1 far_straight=0/0 conf_deg=47.1/3.6/0.0/0.0
CrossDiag: type=CROSS_NONE track=1 half_lr=0/0 nearL=0@-1/0@-1 nearNum=5/124 centerNum=5/124 farL=0@-1/0@-1 farNum=0/0 farRaw=0/0 lost=0/0 not_have=0 final=124/125 flags=0/0
LineErr: aim=33 cxcy=84.0,119.6 left=1:30.60@52,89 dx=-31.6 idx=0/4 dist=8/8 right=1:-1.15@85,82 dx=1.2 idx=0/14 dist=33/252 sel=1:-1.15@85,82 dx=1.2 idx=0/16 dist=32/248 edge=1:3.78@81.0,97.0 dx=-3.0 width=70.0 l=51,115 r=111,79
CxScan: raw_ref=80.0 edge=81.0,97.0 best_raw_x=70 best_err=-1.01 best_cxcy=80.2,119.5 scan=0:-31.3,10:-27.6,20:-23.7,30:-19.5,40:-15.1,50:-10.5,60:-5.8,70:-1.0,80:3.8,90:8.5,100:13.1,110:17.6,120:21.8,130:25.8,140:29.5
ATGSeedDiag: seed=1@21,107/1@141,108 begin=7,108 block=5 clip=8
ATGLptDiag: best=1(47.1) imip=0/4 pass=10111 acc=-1 ipm=57.8,114.4 inv=20.0,99.7 | 1(3.6) imip=0/11 pass=10111 acc=-1 ipm=109.9,114.2 inv=135.7,98.0
frame=195 line=1 track=1 cross=0 circle=1(CIRCLE_LEFT_BEGIN) round=0 yroad=0 ramp=0 road=7 speed=0 near=4/124 raw=27/105 sel=124/125 far=0/0 far_raw=0/0 l=0@-1/0@-1 far_l=0@-1/0@-1 straight=0/1 far_straight=0/0 circle_cnt=0/0/0/0 lost=0/0 conf=34.2/3.8/0.0/0.0 dist=0 begin=1209/0 m0=(84,119) ml=(85,87) md=32/1/128 cxcy=84.0,119.6 guide=-0.98 atg=2.0/0.0/1.0 pure=-0.59/-0.38 yaw=59 cmd=115 actual=3 signed=1 rps=3643/3957:2611/2864 duty=10/12 pwm=PWM2:10/PWM1:12 motor=2:10/1:12
ATGCorner: L=0@-1/0@-1 Y=0@-1/0@-1 farL=0@-1/0@-1 Lxy=-1.0,-1.0:-1.0,-1.0/-1.0,-1.0:-1.0,-1.0 Yxy=-1.0,-1.0:-1.0,-1.0/-1.0,-1.0:-1.0,-1.0 farLxy=-1.0,-1.0:-1.0,-1.0/-1.0,-1.0:-1.0,-1.0 best=1:57.5,114.8:18.8,101.0:34.2:10111/2:110.2,111.9:132.4,91.5:3.8:10111 seed_src=none/none seed=0.0,0.0/0.0,0.0 far_start=70,0 far_raw=0/0 far_num=0/0 straight=0/1 far_straight=0/0 conf_deg=34.2/3.8/0.0/0.0
CrossDiag: type=CROSS_NONE track=1 half_lr=0/0 nearL=0@-1/0@-1 nearNum=4/124 centerNum=4/124 farL=0@-1/0@-1 farNum=0/0 farRaw=0/0 lost=0/0 not_have=0 final=124/125 flags=0/0
LineErr: aim=33 cxcy=84.0,119.6 left=1:28.54@55,89 dx=-29.1 idx=0/3 dist=6/6 right=1:-1.16@85,82 dx=1.2 idx=0/14 dist=33/251 sel=1:-1.16@85,82 dx=1.2 idx=0/16 dist=32/248 edge=1:1.91@82.5,97.0 dx=-1.5 width=69.1 l=53,115 r=112,79
CxScan: raw_ref=80.0 edge=82.5,97.0 best_raw_x=75 best_err=-0.49 best_cxcy=82.1,119.5 scan=0:-32.7,10:-29.1,20:-25.3,30:-21.2,40:-16.9,50:-12.3,60:-7.7,70:-2.9,80:1.9,90:6.7,100:11.3,110:15.9,120:20.2,130:24.2,140:28.1
ATGSeedDiag: seed=1@21,107/1@141,108 begin=7,108 block=5 clip=8
ATGLptDiag: best=1(34.2) imip=0/3 pass=10111 acc=-1 ipm=57.5,114.8 inv=18.8,101.0 | 2(3.8) imip=0/12 pass=10111 acc=-1 ipm=110.2,111.9 inv=132.4,91.5
frame=196 line=1 track=1 cross=0 circle=1(CIRCLE_LEFT_BEGIN) round=0 yroad=0 ramp=0 road=7 speed=0 near=4/124 raw=30/105 sel=124/125 far=0/0 far_raw=0/0 l=0@-1/0@-1 far_l=0@-1/0@-1 straight=0/1 far_straight=0/0 circle_cnt=0/0/0/0 lost=0/0 conf=27.5/3.8/0.0/0.0 dist=0 begin=1217/0 m0=(84,119) ml=(85,87) md=32/1/128 cxcy=84.0,119.6 guide=-0.98 atg=3.0/0.0/1.0 pure=-0.61/-0.39 yaw=59 cmd=113 actual=5 signed=1 rps=3645/3955:2709/3019 duty=10/12 pwm=PWM2:10/PWM1:12 motor=2:10/1:12
ATGCorner: L=0@-1/0@-1 Y=0@-1/0@-1 farL=0@-1/0@-1 Lxy=-1.0,-1.0:-1.0,-1.0/-1.0,-1.0:-1.0,-1.0 Yxy=-1.0,-1.0:-1.0,-1.0/-1.0,-1.0:-1.0,-1.0 farLxy=-1.0,-1.0:-1.0,-1.0/-1.0,-1.0:-1.0,-1.0 best=1:57.0,115.1:17.2,101.9:27.5:10111/2:110.2,111.9:132.4,91.5:3.8:10111 seed_src=none/none seed=0.0,0.0/0.0,0.0 far_start=70,0 far_raw=0/0 far_num=0/0 straight=0/1 far_straight=0/0 conf_deg=27.5/3.8/0.0/0.0
CrossDiag: type=CROSS_NONE track=1 half_lr=0/0 nearL=0@-1/0@-1 nearNum=4/124 centerNum=4/124 farL=0@-1/0@-1 farNum=0/0 farRaw=0/0 lost=0/0 not_have=0 final=124/125 flags=0/0
LineErr: aim=33 cxcy=84.0,119.6 left=1:30.40@53,90 dx=-31.2 idx=0/3 dist=6/6 right=1:-1.15@85,82 dx=1.2 idx=0/14 dist=33/254 sel=1:-1.15@85,82 dx=1.2 idx=0/16 dist=32/248 edge=1:2.56@82.0,97.5 dx=-2.0 width=70.5 l=52,116 r=112,79
CxScan: raw_ref=80.0 edge=82.0,97.5 best_raw_x=75 best_err=0.14 best_cxcy=82.1,119.5 scan=0:-32.5,10:-28.9,20:-25.0,30:-20.8,40:-16.4,50:-11.9,60:-7.1,70:-2.3,80:2.6,90:7.4,100:12.1,110:16.6,120:20.9,130:25.0,140:28.8
ATGSeedDiag: seed=1@21,107/1@141,108 begin=7,108 block=5 clip=8
ATGLptDiag: best=1(27.5) imip=0/3 pass=10111 acc=-1 ipm=57.0,115.1 inv=17.2,101.9 | 2(3.8) imip=0/12 pass=10111 acc=-1 ipm=110.2,111.9 inv=132.4,91.5
frame=197 line=1 track=1 cross=0 circle=1(CIRCLE_LEFT_BEGIN) round=0 yroad=0 ramp=0 road=7 speed=0 near=4/124 raw=24/105 sel=124/125 far=0/0 far_raw=0/0 l=0@-1/0@-1 far_l=0@-1/0@-1 straight=0/1 far_straight=0/0 circle_cnt=0/0/0/0 lost=0/0 conf=27.2/3.7/0.0/0.0 dist=0 begin=1225/0 m0=(84,119) ml=(85,87) md=32/1/128 cxcy=84.0,119.6 guide=-0.98 atg=2.0/0.0/1.0 pure=-0.59/-0.37 yaw=59 cmd=113 actual=4 signed=1 rps=3644/3956:2589/2879 duty=10/12 pwm=PWM2:10/PWM1:12 motor=2:10/1:12
ATGCorner: L=0@-1/0@-1 Y=0@-1/0@-1 farL=0@-1/0@-1 Lxy=-1.0,-1.0:-1.0,-1.0/-1.0,-1.0:-1.0,-1.0 Yxy=-1.0,-1.0:-1.0,-1.0/-1.0,-1.0:-1.0,-1.0 farLxy=-1.0,-1.0:-1.0,-1.0/-1.0,-1.0:-1.0,-1.0 best=1:57.1,115.4:17.0,102.9:27.2:10111/1:109.9,114.2:135.7,98.0:3.7:10111 seed_src=none/none seed=0.0,0.0/0.0,0.0 far_start=70,0 far_raw=0/0 far_num=0/0 straight=0/1 far_straight=0/0 conf_deg=27.2/3.7/0.0/0.0
CrossDiag: type=CROSS_NONE track=1 half_lr=0/0 nearL=0@-1/0@-1 nearNum=4/124 centerNum=4/124 farL=0@-1/0@-1 farNum=0/0 farRaw=0/0 lost=0/0 not_have=0 final=124/125 flags=0/0
LineErr: aim=33 cxcy=84.0,119.6 left=1:30.51@53,90 dx=-31.1 idx=0/3 dist=6/6 right=1:-1.05@85,82 dx=1.1 idx=0/14 dist=33/252 sel=1:-1.05@85,82 dx=1.1 idx=0/16 dist=32/248 edge=1:2.56@82.0,97.5 dx=-2.0 width=68.8 l=53,116 r=111,79
CxScan: raw_ref=80.0 edge=82.0,97.5 best_raw_x=75 best_err=0.14 best_cxcy=82.1,119.5 scan=0:-32.5,10:-28.9,20:-25.0,30:-20.8,40:-16.4,50:-11.9,60:-7.1,70:-2.3,80:2.6,90:7.4,100:12.1,110:16.6,120:20.9,130:25.0,140:28.8
ATGSeedDiag: seed=1@20,108/1@141,108 begin=7,108 block=5 clip=8
ATGLptDiag: best=1(27.2) imip=0/3 pass=10111 acc=-1 ipm=57.1,115.4 inv=17.0,102.9 | 1(3.7) imip=0/11 pass=10111 acc=-1 ipm=109.9,114.2 inv=135.7,98.0
frame=198 line=1 track=1 cross=0 circle=1(CIRCLE_LEFT_BEGIN) round=0 yroad=0 ramp=0 road=7 speed=0 near=4/124 raw=23/105 sel=124/125 far=0/0 far_raw=0/0 l=0@-1/0@-1 far_l=0@-1/0@-1 straight=0/1 far_straight=0/0 circle_cnt=0/0/0/0 lost=0/0 conf=20.9/3.2/0.0/0.0 dist=0 begin=1233/0 m0=(84,119) ml=(85,87) md=32/1/128 cxcy=84.0,119.6 guide=-0.98 atg=2.0/0.0/0.0 pure=-0.59/-0.38 yaw=59 cmd=116 actual=1 signed=1 rps=3640/3960:2775/2996 duty=9/12 pwm=PWM2:9/PWM1:12 motor=2:9/1:12
ATGCorner: L=0@-1/0@-1 Y=0@-1/0@-1 farL=0@-1/0@-1 Lxy=-1.0,-1.0:-1.0,-1.0/-1.0,-1.0:-1.0,-1.0 Yxy=-1.0,-1.0:-1.0,-1.0/-1.0,-1.0:-1.0,-1.0 farLxy=-1.0,-1.0:-1.0,-1.0/-1.0,-1.0:-1.0,-1.0 best=1:56.7,115.7:15.5,103.9:20.9:10110/30:115.0,47.3:97.6,27.9:3.2:10111 seed_src=none/none seed=0.0,0.0/0.0,0.0 far_start=70,0 far_raw=0/0 far_num=0/0 straight=0/1 far_straight=0/0 conf_deg=20.9/3.2/0.0/0.0
CrossDiag: type=CROSS_NONE track=1 half_lr=0/0 nearL=0@-1/0@-1 nearNum=4/124 centerNum=4/124 farL=0@-1/0@-1 farNum=0/0 farRaw=0/0 lost=0/0 not_have=0 final=124/125 flags=0/0
LineErr: aim=33 cxcy=84.0,119.6 left=1:32.48@51,90 dx=-33.3 idx=0/3 dist=6/6 right=1:-0.71@85,82 dx=0.8 idx=0/14 dist=34/253 sel=1:-0.72@85,82 dx=0.8 idx=0/16 dist=32/248 edge=1:3.19@81.5,97.5 dx=-2.5 width=69.6 l=52,116 r=111,79
CxScan: raw_ref=80.0 edge=81.5,97.5 best_raw_x=75 best_err=0.77 best_cxcy=82.1,119.5 scan=0:-32.1,10:-28.4,20:-24.5,30:-20.3,40:-15.9,50:-11.3,60:-6.5,70:-1.7,80:3.2,90:8.0,100:12.7,110:17.2,120:21.5,130:25.5,140:29.3
ATGSeedDiag: seed=1@20,108/1@141,108 begin=7,108 block=5 clip=8
ATGLptDiag: best=1(20.9) imip=0/3 pass=10110 acc=-1 ipm=56.7,115.7 inv=15.5,103.9 | 30(3.2) imip=20/40 pass=10111 acc=-1 ipm=115.0,47.3 inv=97.6,27.9
frame=199 line=1 track=1 cross=0 circle=1(CIRCLE_LEFT_BEGIN) round=0 yroad=0 ramp=0 road=7 speed=0 near=3/124 raw=21/105 sel=124/125 far=0/0 far_raw=0/0 l=0@-1/0@-1 far_l=0@-1/0@-1 straight=0/1 far_straight=0/0 circle_cnt=0/0/0/0 lost=0/0 conf=18.0/6.0/0.0/0.0 dist=0 begin=1241/0 m0=(84,119) ml=(85,87) md=32/1/129 cxcy=84.0,119.6 guide=-0.65 atg=2.0/0.0/0.0 pure=-0.55/-0.33 yaw=39 cmd=69 actual=9 signed=1 rps=3706/3894:2898/3009 duty=9/12 pwm=PWM2:9/PWM1:12 motor=2:9/1:12
ATGCorner: L=0@-1/0@-1 Y=0@-1/0@-1 farL=0@-1/0@-1 Lxy=-1.0,-1.0:-1.0,-1.0/-1.0,-1.0:-1.0,-1.0 Yxy=-1.0,-1.0:-1.0,-1.0/-1.0,-1.0:-1.0,-1.0 farLxy=-1.0,-1.0:-1.0,-1.0/-1.0,-1.0:-1.0,-1.0 best=1:56.4,115.9:14.4,104.8:18.0:10110/1:109.7,114.2:135.4,98.0:6.0:10111 seed_src=none/none seed=0.0,0.0/0.0,0.0 far_start=70,0 far_raw=0/0 far_num=0/0 straight=0/1 far_straight=0/0 conf_deg=18.0/6.0/0.0/0.0
CrossDiag: type=CROSS_NONE track=1 half_lr=0/0 nearL=0@-1/0@-1 nearNum=3/124 centerNum=3/124 farL=0@-1/0@-1 farNum=0/0 farRaw=0/0 lost=0/0 not_have=0 final=124/125 flags=0/0
LineErr: aim=33 cxcy=84.0,119.6 left=1:30.37@53,90 dx=-30.7 idx=0/2 dist=4/4 right=1:-0.66@85,82 dx=0.7 idx=0/14 dist=33/252 sel=1:-0.66@85,82 dx=0.7 idx=0/16 dist=32/248 edge=1:1.93@82.5,97.5 dx=-1.5 width=68.0 l=54,116 r=111,79
CxScan: raw_ref=80.0 edge=82.5,97.5 best_raw_x=75 best_err=-0.50 best_cxcy=82.1,119.5 scan=0:-33.0,10:-29.4,20:-25.5,30:-21.4,40:-17.0,50:-12.5,60:-7.7,70:-2.9,80:1.9,90:6.7,100:11.5,110:16.0,120:20.4,130:24.5,140:28.3
ATGSeedDiag: seed=1@20,108/1@140,108 begin=7,108 block=5 clip=8
ATGLptDiag: best=1(18.0) imip=0/2 pass=10110 acc=-1 ipm=56.4,115.9 inv=14.4,104.8 | 1(6.0) imip=0/11 pass=10111 acc=-1 ipm=109.7,114.2 inv=135.4,98.0
frame=200 line=1 track=1 cross=0 circle=1(CIRCLE_LEFT_BEGIN) round=0 yroad=0 ramp=0 road=7 speed=0 near=3/124 raw=19/104 sel=124/126 far=0/0 far_raw=0/0 l=0@-1/0@-1 far_l=0@-1/0@-1 straight=0/1 far_straight=0/0 circle_cnt=0/0/0/0 lost=0/0 conf=17.4/3.3/0.0/0.0 dist=0 begin=1249/0 m0=(84,119) ml=(85,87) md=32/1/129 cxcy=84.0,119.6 guide=-0.81 atg=2.0/0.0/0.0 pure=-0.58/-0.34 yaw=49 cmd=88 actual=10 signed=1 rps=3679/3921:2805/2806 duty=10/12 pwm=PWM2:10/PWM1:12 motor=2:10/1:12
ATGCorner: L=0@-1/0@-1 Y=0@-1/0@-1 farL=0@-1/0@-1 Lxy=-1.0,-1.0:-1.0,-1.0/-1.0,-1.0:-1.0,-1.0 Yxy=-1.0,-1.0:-1.0,-1.0/-1.0,-1.0:-1.0,-1.0 farLxy=-1.0,-1.0:-1.0,-1.0/-1.0,-1.0:-1.0,-1.0 best=1:55.7,116.3:12.1,106.0:17.4:10110/28:114.5,51.6:98.4,29.6:3.3:10111 seed_src=none/none seed=0.0,0.0/0.0,0.0 far_start=70,0 far_raw=0/0 far_num=0/0 straight=0/1 far_straight=0/0 conf_deg=17.4/3.3/0.0/0.0
CrossDiag: type=CROSS_NONE track=1 half_lr=0/0 nearL=0@-1/0@-1 nearNum=3/124 centerNum=3/124 farL=0@-1/0@-1 farNum=0/0 farRaw=0/0 lost=0/0 not_have=0 final=124/126 flags=0/0
LineErr: aim=33 cxcy=84.0,119.6 left=1:32.56@51,91 dx=-33.1 idx=0/2 dist=4/4 right=1:-0.82@85,84 dx=0.8 idx=0/13 dist=33/254 sel=1:-0.75@85,82 dx=0.8 idx=0/16 dist=32/250 edge=1:2.59@82.0,98.0 dx=-2.0 width=69.3 l=53,117 r=111,79
CxScan: raw_ref=80.0 edge=82.0,98.0 best_raw_x=75 best_err=0.14 best_cxcy=82.1,119.5 scan=0:-32.8,10:-29.2,20:-25.2,30:-21.0,40:-16.6,50:-12.0,60:-7.2,70:-2.3,80:2.6,90:7.5,100:12.2,110:16.8,120:21.1,130:25.2,140:29.1
ATGSeedDiag: seed=1@19,108/1@140,107 begin=7,108 block=5 clip=8
ATGLptDiag: best=1(17.4) imip=0/2 pass=10110 acc=-1 ipm=55.7,116.3 inv=12.1,106.0 | 28(3.3) imip=18/38 pass=10111 acc=-1 ipm=114.5,51.6 inv=98.4,29.6
frame=201 line=1 track=1 cross=0 circle=1(CIRCLE_LEFT_BEGIN) round=0 yroad=0 ramp=0 road=7 speed=0 near=2/124 raw=13/105 sel=124/125 far=0/0 far_raw=0/0 l=0@-1/0@-1 far_l=0@-1/0@-1 straight=0/1 far_straight=0/0 circle_cnt=0/0/0/0 lost=0/0 conf=0.0/3.7/0.0/0.0 dist=0 begin=1257/0 m0=(84,119) ml=(85,87) md=32/1/128 cxcy=84.0,119.6 guide=-0.98 atg=2.0/0.0/1.0 pure=-0.59/-0.37 yaw=59 cmd=109 actual=9 signed=1 rps=3651/3949:2974/2822 duty=9/12 pwm=PWM2:9/PWM1:12 motor=2:9/1:12
ATGCorner: L=0@-1/0@-1 Y=0@-1/0@-1 farL=0@-1/0@-1 Lxy=-1.0,-1.0:-1.0,-1.0/-1.0,-1.0:-1.0,-1.0 Yxy=-1.0,-1.0:-1.0,-1.0/-1.0,-1.0:-1.0,-1.0 farLxy=-1.0,-1.0:-1.0,-1.0/-1.0,-1.0:-1.0,-1.0 best=-1:-1.0,-1.0:-1.0,-1.0:-57295.8:00000/1:109.9,114.2:135.7,98.0:3.7:10111 seed_src=none/none seed=0.0,0.0/0.0,0.0 far_start=70,0 far_raw=0/0 far_num=0/0 straight=0/1 far_straight=0/0 conf_deg=0.0/3.7/0.0/0.0
CrossDiag: type=CROSS_NONE track=1 half_lr=0/0 nearL=0@-1/0@-1 nearNum=2/124 centerNum=2/124 farL=0@-1/0@-1 farNum=0/0 farRaw=0/0 lost=0/0 not_have=0 final=124/125 flags=0/0
LineErr: aim=33 cxcy=84.0,119.6 left=1:36.92@46,92 dx=-38.0 idx=0/1 dist=2/2 right=1:-0.89@85,85 dx=0.9 idx=0/13 dist=32/253 sel=1:-0.73@85,82 dx=0.8 idx=0/16 dist=32/248 edge=1:1.97@82.5,98.5 dx=-1.5 width=68.0 l=54,117 r=111,80
CxScan: raw_ref=80.0 edge=82.5,98.5 best_raw_x=75 best_err=-0.51 best_cxcy=82.1,119.5 scan=0:-33.6,10:-29.9,20:-26.0,30:-21.8,40:-17.4,50:-12.7,60:-7.9,70:-3.0,80:2.0,90:6.9,100:11.7,110:16.4,120:20.8,130:25.0,140:28.9
ATGSeedDiag: seed=1@15,108/1@141,108 begin=7,108 block=5 clip=8
ATGLptDiag: best=-1(-57295.8) imip=-1/-1 pass=00000 acc=-1 ipm=-1.0,-1.0 inv=-1.0,-1.0 | 1(3.7) imip=0/11 pass=10111 acc=-1 ipm=109.9,114.2 inv=135.7,98.0
frame=202 line=1 track=1 cross=0 circle=1(CIRCLE_LEFT_BEGIN) round=0 yroad=0 ramp=0 road=7 speed=0 near=3/124 raw=21/105 sel=124/125 far=0/0 far_raw=0/0 l=0@-1/0@-1 far_l=0@-1/0@-1 straight=0/1 far_straight=0/0 circle_cnt=0/0/0/0 lost=0/0 conf=1.6/3.3/0.0/0.0 dist=0 begin=1265/0 m0=(84,119) ml=(85,87) md=32/1/128 cxcy=84.0,119.6 guide=-0.98 atg=2.0/0.0/1.0 pure=-0.60/-0.37 yaw=59 cmd=125 actual=-7 signed=1 rps=3629/3971:2938/2659 duty=9/13 pwm=PWM2:9/PWM1:13 motor=2:9/1:13
ATGCorner: L=0@-1/0@-1 Y=0@-1/0@-1 farL=0@-1/0@-1 Lxy=-1.0,-1.0:-1.0,-1.0/-1.0,-1.0:-1.0,-1.0 Yxy=-1.0,-1.0:-1.0,-1.0/-1.0,-1.0:-1.0,-1.0 farLxy=-1.0,-1.0:-1.0,-1.0/-1.0,-1.0:-1.0,-1.0 best=1:56.6,116.9:13.2,108.2:1.6:10110/1:109.9,114.2:135.7,98.0:3.3:10111 seed_src=none/none seed=0.0,0.0/0.0,0.0 far_start=70,0 far_raw=0/0 far_num=0/0 straight=0/1 far_straight=0/0 conf_deg=1.6/3.3/0.0/0.0
CrossDiag: type=CROSS_NONE track=1 half_lr=0/0 nearL=0@-1/0@-1 nearNum=3/124 centerNum=3/124 farL=0@-1/0@-1 farNum=0/0 farRaw=0/0 lost=0/0 not_have=0 final=124/125 flags=0/0
LineErr: aim=33 cxcy=84.0,119.6 left=1:34.04@50,92 dx=-34.5 idx=0/2 dist=4/4 right=1:-1.00@85,85 dx=1.0 idx=0/13 dist=32/253 sel=1:-1.02@85,82 dx=1.1 idx=0/16 dist=32/248 edge=1:1.31@83.0,98.0 dx=-1.0 width=69.3 l=54,117 r=112,79
CxScan: raw_ref=80.0 edge=83.0,98.0 best_raw_x=75 best_err=-1.14 best_cxcy=82.1,119.5 scan=0:-33.7,10:-30.1,20:-26.3,30:-22.2,40:-17.8,50:-13.2,60:-8.5,70:-3.6,80:1.3,90:6.2,100:11.0,110:15.6,120:20.0,130:24.2,140:28.1
ATGSeedDiag: seed=1@21,108/1@141,108 begin=7,108 block=5 clip=8
ATGLptDiag: best=1(1.6) imip=0/2 pass=10110 acc=-1 ipm=56.6,116.9 inv=13.2,108.2 | 1(3.3) imip=0/11 pass=10111 acc=-1 ipm=109.9,114.2 inv=135.7,98.0
frame=203 line=1 track=1 cross=0 circle=1(CIRCLE_LEFT_BEGIN) round=0 yroad=0 ramp=0 road=7 speed=0 near=0/124 raw=0/105 sel=124/125 far=0/0 far_raw=0/0 l=0@-1/0@-1 far_l=0@-1/0@-1 straight=0/1 far_straight=0/0 circle_cnt=1/0/0/0 lost=0/0 conf=0.0/3.1/0.0/0.0 dist=8 begin=1273/0 m0=(84,119) ml=(85,87) md=32/1/128 cxcy=84.0,119.6 guide=-0.98 atg=3.0/0.0/1.0 pure=-0.63/-0.39 yaw=59 cmd=152 actual=-34 signed=1 rps=3592/4008:3071/2672 duty=9/13 pwm=PWM2:9/PWM1:13 motor=2:9/1:13
ATGCorner: L=0@-1/0@-1 Y=0@-1/0@-1 farL=0@-1/0@-1 Lxy=-1.0,-1.0:-1.0,-1.0/-1.0,-1.0:-1.0,-1.0 Yxy=-1.0,-1.0:-1.0,-1.0/-1.0,-1.0:-1.0,-1.0 farLxy=-1.0,-1.0:-1.0,-1.0/-1.0,-1.0:-1.0,-1.0 best=-1:-1.0,-1.0:-1.0,-1.0:-57295.8:00000/1:109.9,114.2:135.7,98.0:3.1:10111 seed_src=lost/none seed=0.0,0.0/0.0,0.0 far_start=70,0 far_raw=0/0 far_num=0/0 straight=0/1 far_straight=0/0 conf_deg=0.0/3.1/0.0/0.0
CrossDiag: type=CROSS_NONE track=1 half_lr=0/0 nearL=0@-1/0@-1 nearNum=0/124 centerNum=0/124 farL=0@-1/0@-1 farNum=0/0 farRaw=0/0 lost=0/0 not_have=0 final=124/125 flags=0/0
LineErr: aim=33 cxcy=84.0,119.6 left=0:0.00@-1,-1 dx=0.0 idx=-1/-1 dist=-1/-1 right=1:-1.03@85,82 dx=1.1 idx=0/14 dist=34/253 sel=1:-1.02@85,82 dx=1.1 idx=0/16 dist=32/248 edge=0:0.00@-1.0,-1.0 dx=0.0 width=0.0 l=-1,-1 r=112,79
ATGSeedDiag: seed=0@-1,-1/1@141,108 begin=7,108 block=5 clip=8
ATGLptDiag: best=-1(-57295.8) imip=-1/-1 pass=00000 acc=-1 ipm=-1.0,-1.0 inv=-1.0,-1.0 | 1(3.1) imip=0/11 pass=10111 acc=-1 ipm=109.9,114.2 inv=135.7,98.0
frame=204 line=1 track=1 cross=0 circle=1(CIRCLE_LEFT_BEGIN) round=0 yroad=0 ramp=0 road=7 speed=0 near=0/124 raw=0/104 sel=124/125 far=0/0 far_raw=0/0 l=0@-1/0@-1 far_l=0@-1/0@-1 straight=0/1 far_straight=0/0 circle_cnt=2/0/0/0 lost=0/0 conf=0.0/3.4/0.0/0.0 dist=16 begin=1281/0 m0=(84,119) ml=(85,87) md=32/1/128 cxcy=84.0,119.6 guide=-0.98 atg=3.0/0.0/1.0 pure=-0.63/-0.38 yaw=59 cmd=171 actual=-53 signed=1 rps=3566/4034:2987/2598 duty=9/13 pwm=PWM2:9/PWM1:13 motor=2:9/1:13
ATGCorner: L=0@-1/0@-1 Y=0@-1/0@-1 farL=0@-1/0@-1 Lxy=-1.0,-1.0:-1.0,-1.0/-1.0,-1.0:-1.0,-1.0 Yxy=-1.0,-1.0:-1.0,-1.0/-1.0,-1.0:-1.0,-1.0 farLxy=-1.0,-1.0:-1.0,-1.0/-1.0,-1.0:-1.0,-1.0 best=-1:-1.0,-1.0:-1.0,-1.0:-57295.8:00000/29:115.1,49.3:98.2,28.7:3.4:10111 seed_src=lost/none seed=0.0,0.0/0.0,0.0 far_start=70,0 far_raw=0/0 far_num=0/0 straight=0/1 far_straight=0/0 conf_deg=0.0/3.4/0.0/0.0
CrossDiag: type=CROSS_NONE track=1 half_lr=0/0 nearL=0@-1/0@-1 nearNum=0/124 centerNum=0/124 farL=0@-1/0@-1 farNum=0/0 farRaw=0/0 lost=0/0 not_have=0 final=124/125 flags=0/0
LineErr: aim=33 cxcy=84.0,119.6 left=0:0.00@-1,-1 dx=0.0 idx=-1/-1 dist=-1/-1 right=1:-1.04@85,82 dx=1.1 idx=0/14 dist=33/253 sel=1:-1.03@85,82 dx=1.1 idx=0/16 dist=32/248 edge=0:0.00@-1.0,-1.0 dx=0.0 width=0.0 l=-1,-1 r=112,79
ATGSeedDiag: seed=0@-1,-1/1@140,107 begin=7,108 block=5 clip=8
ATGLptDiag: best=-1(-57295.8) imip=-1/-1 pass=00000 acc=-1 ipm=-1.0,-1.0 inv=-1.0,-1.0 | 29(3.4) imip=19/39 pass=10111 acc=-1 ipm=115.1,49.3 inv=98.2,28.7
frame=205 line=1 track=1 cross=0 circle=1(CIRCLE_LEFT_BEGIN) round=0 yroad=0 ramp=0 road=7 speed=0 near=0/124 raw=0/104 sel=124/125 far=0/0 far_raw=0/0 l=0@-1/0@-1 far_l=0@-1/0@-1 straight=0/1 far_straight=0/0 circle_cnt=3/0/0/0 lost=0/0 conf=0.0/3.1/0.0/0.0 dist=24 begin=1289/0 m0=(84,119) ml=(85,87) md=32/1/128 cxcy=84.0,119.6 guide=-0.98 atg=2.0/0.0/1.0 pure=-0.60/-0.37 yaw=59 cmd=177 actual=-59 signed=1 rps=3558/4042:3096/2687 duty=9/13 pwm=PWM2:9/PWM1:13 motor=2:9/1:13
ATGCorner: L=0@-1/0@-1 Y=0@-1/0@-1 farL=0@-1/0@-1 Lxy=-1.0,-1.0:-1.0,-1.0/-1.0,-1.0:-1.0,-1.0 Yxy=-1.0,-1.0:-1.0,-1.0/-1.0,-1.0:-1.0,-1.0 farLxy=-1.0,-1.0:-1.0,-1.0/-1.0,-1.0:-1.0,-1.0 best=-1:-1.0,-1.0:-1.0,-1.0:-57295.8:00000/2:110.0,111.6:131.6,90.7:3.1:10111 seed_src=lost/none seed=0.0,0.0/0.0,0.0 far_start=70,0 far_raw=0/0 far_num=0/0 straight=0/1 far_straight=0/0 conf_deg=0.0/3.1/0.0/0.0
CrossDiag: type=CROSS_NONE track=1 half_lr=0/0 nearL=0@-1/0@-1 nearNum=0/124 centerNum=0/124 farL=0@-1/0@-1 farNum=0/0 farRaw=0/0 lost=0/0 not_have=0 final=124/125 flags=0/0
LineErr: aim=33 cxcy=84.0,119.6 left=0:0.00@-1,-1 dx=0.0 idx=-1/-1 dist=-1/-1 right=1:-0.83@85,82 dx=0.9 idx=0/14 dist=33/251 sel=1:-0.81@85,82 dx=0.9 idx=0/16 dist=32/248 edge=0:0.00@-1.0,-1.0 dx=0.0 width=0.0 l=-1,-1 r=111,79
ATGSeedDiag: seed=0@-1,-1/1@140,107 begin=7,108 block=5 clip=8
ATGLptDiag: best=-1(-57295.8) imip=-1/-1 pass=00000 acc=-1 ipm=-1.0,-1.0 inv=-1.0,-1.0 | 2(3.1) imip=0/12 pass=10111 acc=-1 ipm=110.0,111.6 inv=131.6,90.7
frame=206 line=1 track=1 cross=0 circle=1(CIRCLE_LEFT_BEGIN) round=0 yroad=0 ramp=0 road=7 speed=0 near=0/124 raw=0/105 sel=124/125 far=0/0 far_raw=0/0 l=0@-1/0@-1 far_l=0@-1/0@-1 straight=0/1 far_straight=0/0 circle_cnt=4/0/0/0 lost=0/0 conf=0.0/2.5/0.0/0.0 dist=32 begin=1297/0 m0=(84,119) ml=(85,87) md=32/1/128 cxcy=84.0,119.6 guide=-0.98 atg=2.0/0.0/1.0 pure=-0.59/-0.37 yaw=59 cmd=170 actual=-52 signed=1 rps=3567/4033:3150/2778 duty=9/13 pwm=PWM2:9/PWM1:13 motor=2:9/1:13
ATGCorner: L=0@-1/0@-1 Y=0@-1/0@-1 farL=0@-1/0@-1 Lxy=-1.0,-1.0:-1.0,-1.0/-1.0,-1.0:-1.0,-1.0 Yxy=-1.0,-1.0:-1.0,-1.0/-1.0,-1.0:-1.0,-1.0 farLxy=-1.0,-1.0:-1.0,-1.0/-1.0,-1.0:-1.0,-1.0 best=-1:-1.0,-1.0:-1.0,-1.0:-57295.8:00000/28:114.5,51.8:98.4,29.7:2.5:10111 seed_src=lost/none seed=0.0,0.0/0.0,0.0 far_start=70,0 far_raw=0/0 far_num=0/0 straight=0/1 far_straight=0/0 conf_deg=0.0/2.5/0.0/0.0
CrossDiag: type=CROSS_NONE track=1 half_lr=0/0 nearL=0@-1/0@-1 nearNum=0/124 centerNum=0/124 farL=0@-1/0@-1 farNum=0/0 farRaw=0/0 lost=0/0 not_have=0 final=124/125 flags=0/0
LineErr: aim=33 cxcy=84.0,119.6 left=0:0.00@-1,-1 dx=0.0 idx=-1/-1 dist=-1/-1 right=1:-0.99@85,82 dx=1.0 idx=0/14 dist=33/251 sel=1:-0.97@85,82 dx=1.0 idx=0/16 dist=32/248 edge=0:0.00@-1.0,-1.0 dx=0.0 width=0.0 l=-1,-1 r=111,79
ATGSeedDiag: seed=0@-1,-1/1@141,108 begin=7,108 block=5 clip=8
ATGLptDiag: best=-1(-57295.8) imip=-1/-1 pass=00000 acc=-1 ipm=-1.0,-1.0 inv=-1.0,-1.0 | 28(2.5) imip=18/38 pass=10111 acc=-1 ipm=114.5,51.8 inv=98.4,29.7
frame=207 line=1 track=1 cross=0 circle=1(CIRCLE_LEFT_BEGIN) round=0 yroad=0 ramp=0 road=7 speed=0 near=0/124 raw=0/105 sel=124/125 far=0/0 far_raw=0/0 l=0@-1/0@-1 far_l=0@-1/0@-1 straight=0/1 far_straight=0/0 circle_cnt=5/0/0/0 lost=0/0 conf=0.0/3.2/0.0/0.0 dist=40 begin=1305/0 m0=(84,119) ml=(85,87) md=32/1/128 cxcy=84.0,119.6 guide=-0.99 atg=3.0/0.0/1.0 pure=-0.63/-0.37 yaw=59 cmd=156 actual=-38 signed=1 rps=3586/4014:2958/2718 duty=9/13 pwm=PWM2:9/PWM1:13 motor=2:9/1:13
ATGCorner: L=0@-1/0@-1 Y=0@-1/0@-1 farL=0@-1/0@-1 Lxy=-1.0,-1.0:-1.0,-1.0/-1.0,-1.0:-1.0,-1.0 Yxy=-1.0,-1.0:-1.0,-1.0/-1.0,-1.0:-1.0,-1.0 farLxy=-1.0,-1.0:-1.0,-1.0/-1.0,-1.0:-1.0,-1.0 best=-1:-1.0,-1.0:-1.0,-1.0:-57295.8:00000/2:110.2,111.9:132.4,91.5:3.2:10111 seed_src=lost/none seed=0.0,0.0/0.0,0.0 far_start=70,0 far_raw=0/0 far_num=0/0 straight=0/1 far_straight=0/0 conf_deg=0.0/3.2/0.0/0.0
CrossDiag: type=CROSS_NONE track=1 half_lr=0/0 nearL=0@-1/0@-1 nearNum=0/124 centerNum=0/124 farL=0@-1/0@-1 farNum=0/0 farRaw=0/0 lost=0/0 not_have=0 final=124/125 flags=0/0
LineErr: aim=33 cxcy=84.0,119.6 left=0:0.00@-1,-1 dx=0.0 idx=-1/-1 dist=-1/-1 right=1:-1.04@85,82 dx=1.1 idx=0/14 dist=33/251 sel=1:-1.02@85,83 dx=1.1 idx=0/16 dist=32/248 edge=0:0.00@-1.0,-1.0 dx=0.0 width=0.0 l=-1,-1 r=112,80
ATGSeedDiag: seed=0@-1,-1/1@141,108 begin=7,108 block=5 clip=8
ATGLptDiag: best=-1(-57295.8) imip=-1/-1 pass=00000 acc=-1 ipm=-1.0,-1.0 inv=-1.0,-1.0 | 2(3.2) imip=0/12 pass=10111 acc=-1 ipm=110.2,111.9 inv=132.4,91.5
frame=208 line=1 track=1 cross=0 circle=1(CIRCLE_LEFT_BEGIN) round=0 yroad=0 ramp=0 road=7 speed=0 near=0/124 raw=0/105 sel=124/126 far=0/0 far_raw=0/0 l=0@-1/0@-1 far_l=0@-1/0@-1 straight=0/1 far_straight=0/0 circle_cnt=6/0/0/0 lost=0/0 conf=0.0/4.7/0.0/0.0 dist=48 begin=1313/0 m0=(84,119) ml=(85,87) md=32/1/130 cxcy=84.0,119.6 guide=-1.15 atg=3.0/1.0/1.0 pure=-0.68/-0.43 yaw=69 cmd=167 actual=-29 signed=1 rps=3571/4029:3036/2915 duty=9/13 pwm=PWM2:9/PWM1:13 motor=2:9/1:13
ATGCorner: L=0@-1/0@-1 Y=0@-1/0@-1 farL=0@-1/0@-1 Lxy=-1.0,-1.0:-1.0,-1.0/-1.0,-1.0:-1.0,-1.0 Yxy=-1.0,-1.0:-1.0,-1.0/-1.0,-1.0:-1.0,-1.0 farLxy=-1.0,-1.0:-1.0,-1.0/-1.0,-1.0:-1.0,-1.0 best=-1:-1.0,-1.0:-1.0,-1.0:-57295.8:00000/1:110.0,114.2:136.0,98.0:4.7:10111 seed_src=lost/none seed=0.0,0.0/0.0,0.0 far_start=70,0 far_raw=0/0 far_num=0/0 straight=0/1 far_straight=0/0 conf_deg=0.0/4.7/0.0/0.0
CrossDiag: type=CROSS_NONE track=1 half_lr=0/0 nearL=0@-1/0@-1 nearNum=0/124 centerNum=0/124 farL=0@-1/0@-1 farNum=0/0 farRaw=0/0 lost=0/0 not_have=0 final=124/126 flags=0/0
LineErr: aim=33 cxcy=84.0,119.6 left=0:0.00@-1,-1 dx=0.0 idx=-1/-1 dist=-1/-1 right=1:-1.39@85,82 dx=1.5 idx=0/14 dist=33/251 sel=1:-1.35@85,82 dx=1.4 idx=0/16 dist=32/250 edge=0:0.00@-1.0,-1.0 dx=0.0 width=0.0 l=-1,-1 r=112,79
ATGSeedDiag: seed=0@-1,-1/1@141,108 begin=7,108 block=5 clip=8
ATGLptDiag: best=-1(-57295.8) imip=-1/-1 pass=00000 acc=-1 ipm=-1.0,-1.0 inv=-1.0,-1.0 | 1(4.7) imip=0/11 pass=10111 acc=-1 ipm=110.0,114.2 inv=136.0,98.0
frame=209 line=1 track=1 cross=0 circle=1(CIRCLE_LEFT_BEGIN) round=0 yroad=0 ramp=0 road=7 speed=0 near=0/124 raw=0/105 sel=124/126 far=0/0 far_raw=0/0 l=0@-1/0@-1 far_l=0@-1/0@-1 straight=0/1 far_straight=0/0 circle_cnt=7/0/0/0 lost=0/0 conf=0.0/2.7/0.0/0.0 dist=56 begin=1321/0 m0=(84,119) ml=(85,87) md=32/1/130 cxcy=84.0,119.6 guide=-1.15 atg=3.0/1.0/1.0 pure=-0.68/-0.43 yaw=69 cmd=154 actual=-16 signed=1 rps=3589/4011:2888/2895 duty=9/13 pwm=PWM2:9/PWM1:13 motor=2:9/1:13
ATGCorner: L=0@-1/0@-1 Y=0@-1/0@-1 farL=0@-1/0@-1 Lxy=-1.0,-1.0:-1.0,-1.0/-1.0,-1.0:-1.0,-1.0 Yxy=-1.0,-1.0:-1.0,-1.0/-1.0,-1.0:-1.0,-1.0 farLxy=-1.0,-1.0:-1.0,-1.0/-1.0,-1.0:-1.0,-1.0 best=-1:-1.0,-1.0:-1.0,-1.0:-57295.8:00000/28:115.2,51.9:99.0,29.7:2.7:10111 seed_src=lost/none seed=0.0,0.0/0.0,0.0 far_start=70,0 far_raw=0/0 far_num=0/0 straight=0/1 far_straight=0/0 conf_deg=0.0/2.7/0.0/0.0
CrossDiag: type=CROSS_NONE track=1 half_lr=0/0 nearL=0@-1/0@-1 nearNum=0/124 centerNum=0/124 farL=0@-1/0@-1 farNum=0/0 farRaw=0/0 lost=0/0 not_have=0 final=124/126 flags=0/0
LineErr: aim=33 cxcy=84.0,119.6 left=0:0.00@-1,-1 dx=0.0 idx=-1/-1 dist=-1/-1 right=1:-1.39@85,82 dx=1.5 idx=0/14 dist=33/251 sel=1:-1.35@85,82 dx=1.4 idx=0/16 dist=32/250 edge=0:0.00@-1.0,-1.0 dx=0.0 width=0.0 l=-1,-1 r=112,79
ATGSeedDiag: seed=0@-1,-1/1@141,108 begin=7,108 block=5 clip=8
ATGLptDiag: best=-1(-57295.8) imip=-1/-1 pass=00000 acc=-1 ipm=-1.0,-1.0 inv=-1.0,-1.0 | 28(2.7) imip=18/38 pass=10111 acc=-1 ipm=115.2,51.9 inv=99.0,29.7
frame=211 line=1 track=1 cross=0 circle=1(CIRCLE_LEFT_BEGIN) round=0 yroad=0 ramp=0 road=7 speed=0 near=0/124 raw=0/104 sel=124/126 far=0/0 far_raw=0/0 l=0@-1/0@-1 far_l=0@-1/0@-1 straight=0/1 far_straight=0/0 circle_cnt=9/0/0/0 lost=0/0 conf=0.0/4.8/0.0/0.0 dist=72 begin=1337/0 m0=(84,119) ml=(85,87) md=32/1/131 cxcy=84.0,119.6 guide=-1.15 atg=3.0/0.0/1.0 pure=-0.65/-0.39 yaw=69 cmd=127 actual=12 signed=1 rps=3626/3974:2787/2972 duty=9/12 pwm=PWM2:9/PWM1:12 motor=2:9/1:12
ATGCorner: L=0@-1/0@-1 Y=0@-1/0@-1 farL=0@-1/0@-1 Lxy=-1.0,-1.0:-1.0,-1.0/-1.0,-1.0:-1.0,-1.0 Yxy=-1.0,-1.0:-1.0,-1.0/-1.0,-1.0:-1.0,-1.0 farLxy=-1.0,-1.0:-1.0,-1.0/-1.0,-1.0:-1.0,-1.0 best=-1:-1.0,-1.0:-1.0,-1.0:-57295.8:00000/1:109.9,113.9:135.3,97.1:4.8:10111 seed_src=lost/none seed=0.0,0.0/0.0,0.0 far_start=70,0 far_raw=0/0 far_num=0/0 straight=0/1 far_straight=0/0 conf_deg=0.0/4.8/0.0/0.0
CrossDiag: type=CROSS_NONE track=1 half_lr=0/0 nearL=0@-1/0@-1 nearNum=0/124 centerNum=0/124 farL=0@-1/0@-1 farNum=0/0 farRaw=0/0 lost=0/0 not_have=0 final=124/126 flags=0/0
LineErr: aim=33 cxcy=84.0,119.6 left=0:0.00@-1,-1 dx=0.0 idx=-1/-1 dist=-1/-1 right=1:-0.93@85,84 dx=1.0 idx=0/13 dist=33/254 sel=1:-1.15@85,83 dx=1.2 idx=0/16 dist=32/250 edge=0:0.00@-1.0,-1.0 dx=0.0 width=0.0 l=-1,-1 r=112,79
ATGSeedDiag: seed=0@-1,-1/1@140,107 begin=7,108 block=5 clip=8
ATGLptDiag: best=-1(-57295.8) imip=-1/-1 pass=00000 acc=-1 ipm=-1.0,-1.0 inv=-1.0,-1.0 | 1(4.8) imip=0/11 pass=10111 acc=-1 ipm=109.9,113.9 inv=135.3,97.1
frame=212 line=1 track=1 cross=0 circle=1(CIRCLE_LEFT_BEGIN) round=0 yroad=0 ramp=0 road=7 speed=0 near=0/124 raw=0/105 sel=124/125 far=0/0 far_raw=0/0 l=0@-1/0@-1 far_l=0@-1/0@-1 straight=0/1 far_straight=0/0 circle_cnt=10/0/0/0 lost=0/0 conf=0.0/4.1/0.0/0.0 dist=80 begin=1345/0 m0=(84,119) ml=(85,87) md=32/1/128 cxcy=84.0,119.6 guide=-0.99 atg=2.0/0.0/1.0 pure=-0.59/-0.37 yaw=59 cmd=102 actual=16 signed=1 rps=3660/3940:2843/3103 duty=9/12 pwm=PWM2:9/PWM1:12 motor=2:9/1:12
ATGCorner: L=0@-1/0@-1 Y=0@-1/0@-1 farL=0@-1/0@-1 Lxy=-1.0,-1.0:-1.0,-1.0/-1.0,-1.0:-1.0,-1.0 Yxy=-1.0,-1.0:-1.0,-1.0/-1.0,-1.0:-1.0,-1.0 farLxy=-1.0,-1.0:-1.0,-1.0/-1.0,-1.0:-1.0,-1.0 best=-1:-1.0,-1.0:-1.0,-1.0:-57295.8:00000/2:109.9,111.9:132.0,91.5:4.1:10111 seed_src=lost/none seed=0.0,0.0/0.0,0.0 far_start=70,0 far_raw=0/0 far_num=0/0 straight=0/1 far_straight=0/0 conf_deg=0.0/4.1/0.0/0.0
CrossDiag: type=CROSS_NONE track=1 half_lr=0/0 nearL=0@-1/0@-1 nearNum=0/124 centerNum=0/124 farL=0@-1/0@-1 farNum=0/0 farRaw=0/0 lost=0/0 not_have=0 final=124/125 flags=0/0
LineErr: aim=33 cxcy=84.0,119.6 left=0:0.00@-1,-1 dx=0.0 idx=-1/-1 dist=-1/-1 right=1:-1.14@85,82 dx=1.2 idx=0/14 dist=33/251 sel=1:-1.09@85,83 dx=1.2 idx=0/16 dist=32/248 edge=0:0.00@-1.0,-1.0 dx=0.0 width=0.0 l=-1,-1 r=111,80
ATGSeedDiag: seed=0@-1,-1/1@140,108 begin=7,108 block=5 clip=8
ATGLptDiag: best=-1(-57295.8) imip=-1/-1 pass=00000 acc=-1 ipm=-1.0,-1.0 inv=-1.0,-1.0 | 2(4.1) imip=0/12 pass=10111 acc=-1 ipm=109.9,111.9 inv=132.0,91.5
frame=214 line=1 track=1 cross=0 circle=1(CIRCLE_LEFT_BEGIN) round=0 yroad=0 ramp=0 road=7 speed=0 near=0/124 raw=0/104 sel=124/126 far=0/0 far_raw=0/0 l=0@-1/0@-1 far_l=0@-1/0@-1 straight=0/1 far_straight=0/0 circle_cnt=12/0/0/0 lost=0/0 conf=0.0/4.8/0.0/0.0 dist=95 begin=1360/0 m0=(84,119) ml=(85,87) md=32/1/128 cxcy=84.0,119.6 guide=-0.99 atg=2.0/0.0/1.0 pure=-0.59/-0.37 yaw=59 cmd=114 actual=4 signed=1 rps=3644/3956:2627/2858 duty=10/12 pwm=PWM2:10/PWM1:12 motor=2:10/1:12
ATGCorner: L=0@-1/0@-1 Y=0@-1/0@-1 farL=0@-1/0@-1 Lxy=-1.0,-1.0:-1.0,-1.0/-1.0,-1.0:-1.0,-1.0 Yxy=-1.0,-1.0:-1.0,-1.0/-1.0,-1.0:-1.0,-1.0 farLxy=-1.0,-1.0:-1.0,-1.0/-1.0,-1.0:-1.0,-1.0 best=-1:-1.0,-1.0:-1.0,-1.0:-57295.8:00000/1:109.9,113.9:135.3,97.1:4.8:10111 seed_src=lost/none seed=0.0,0.0/0.0,0.0 far_start=70,0 far_raw=0/0 far_num=0/0 straight=0/1 far_straight=0/0 conf_deg=0.0/4.8/0.0/0.0
CrossDiag: type=CROSS_NONE track=1 half_lr=0/0 nearL=0@-1/0@-1 nearNum=0/124 centerNum=0/124 farL=0@-1/0@-1 farNum=0/0 farRaw=0/0 lost=0/0 not_have=0 final=124/126 flags=0/0
LineErr: aim=33 cxcy=84.0,119.6 left=0:0.00@-1,-1 dx=0.0 idx=-1/-1 dist=-1/-1 right=1:-1.16@85,82 dx=1.2 idx=0/14 dist=33/251 sel=1:-1.09@85,83 dx=1.1 idx=0/16 dist=32/250 edge=0:0.00@-1.0,-1.0 dx=0.0 width=0.0 l=-1,-1 r=111,79
ATGSeedDiag: seed=0@-1,-1/1@140,107 begin=7,108 block=5 clip=8
ATGLptDiag: best=-1(-57295.8) imip=-1/-1 pass=00000 acc=-1 ipm=-1.0,-1.0 inv=-1.0,-1.0 | 1(4.8) imip=0/11 pass=10111 acc=-1 ipm=109.9,113.9 inv=135.3,97.1
frame=215 line=1 track=1 cross=0 circle=1(CIRCLE_LEFT_BEGIN) round=0 yroad=0 ramp=0 road=7 speed=0 near=0/124 raw=0/105 sel=124/126 far=0/0 far_raw=0/0 l=0@-1/0@-1 far_l=0@-1/0@-1 straight=0/1 far_straight=0/0 circle_cnt=13/0/0/0 lost=0/0 conf=0.0/3.5/0.0/0.0 dist=103 begin=1368/0 m0=(84,119) ml=(85,87) md=32/1/131 cxcy=84.0,119.6 guide=-0.99 atg=3.0/0.0/1.0 pure=-0.65/-0.37 yaw=59 cmd=114 actual=4 signed=1 rps=3644/3956:2687/2940 duty=10/12 pwm=PWM2:10/PWM1:12 motor=2:10/1:12
ATGCorner: L=0@-1/0@-1 Y=0@-1/0@-1 farL=0@-1/0@-1 Lxy=-1.0,-1.0:-1.0,-1.0/-1.0,-1.0:-1.0,-1.0 Yxy=-1.0,-1.0:-1.0,-1.0/-1.0,-1.0:-1.0,-1.0 farLxy=-1.0,-1.0:-1.0,-1.0/-1.0,-1.0:-1.0,-1.0 best=-1:-1.0,-1.0:-1.0,-1.0:-57295.8:00000/27:114.9,54.2:99.4,30.6:3.5:10111 seed_src=lost/none seed=0.0,0.0/0.0,0.0 far_start=70,0 far_raw=0/0 far_num=0/0 straight=0/1 far_straight=0/0 conf_deg=0.0/3.5/0.0/0.0
CrossDiag: type=CROSS_NONE track=1 half_lr=0/0 nearL=0@-1/0@-1 nearNum=0/124 centerNum=0/124 farL=0@-1/0@-1 farNum=0/0 farRaw=0/0 lost=0/0 not_have=0 final=124/126 flags=0/0
LineErr: aim=33 cxcy=84.0,119.6 left=0:0.00@-1,-1 dx=0.0 idx=-1/-1 dist=-1/-1 right=1:-1.29@85,82 dx=1.4 idx=0/14 dist=34/252 sel=1:-1.24@85,83 dx=1.3 idx=0/16 dist=32/250 edge=0:0.00@-1.0,-1.0 dx=0.0 width=0.0 l=-1,-1 r=112,80
ATGSeedDiag: seed=0@-1,-1/1@141,108 begin=7,108 block=5 clip=8
ATGLptDiag: best=-1(-57295.8) imip=-1/-1 pass=00000 acc=-1 ipm=-1.0,-1.0 inv=-1.0,-1.0 | 27(3.5) imip=17/37 pass=10111 acc=-1 ipm=114.9,54.2 inv=99.4,30.6
frame=216 line=1 track=1 cross=0 circle=1(CIRCLE_LEFT_BEGIN) round=0 yroad=0 ramp=0 road=7 speed=0 near=0/124 raw=0/105 sel=124/126 far=0/0 far_raw=0/0 l=0@-1/0@-1 far_l=0@-1/0@-1 straight=0/1 far_straight=0/0 circle_cnt=14/0/0/0 lost=0/0 conf=0.0/2.7/0.0/0.0 dist=111 begin=1376/0 m0=(84,119) ml=(85,87) md=32/1/130 cxcy=84.0,119.6 guide=-0.99 atg=3.0/1.0/1.0 pure=-0.65/-0.43 yaw=59 cmd=107 actual=11 signed=1 rps=3654/3946:2564/2867 duty=10/12 pwm=PWM2:10/PWM1:12 motor=2:10/1:12
ATGCorner: L=0@-1/0@-1 Y=0@-1/0@-1 farL=0@-1/0@-1 Lxy=-1.0,-1.0:-1.0,-1.0/-1.0,-1.0:-1.0,-1.0 Yxy=-1.0,-1.0:-1.0,-1.0/-1.0,-1.0:-1.0,-1.0 farLxy=-1.0,-1.0:-1.0,-1.0/-1.0,-1.0:-1.0,-1.0 best=-1:-1.0,-1.0:-1.0,-1.0:-57295.8:00000/2:110.2,111.9:132.5,91.5:2.7:10111 seed_src=lost/none seed=0.0,0.0/0.0,0.0 far_start=70,0 far_raw=0/0 far_num=0/0 straight=0/1 far_straight=0/0 conf_deg=0.0/2.7/0.0/0.0
CrossDiag: type=CROSS_NONE track=1 half_lr=0/0 nearL=0@-1/0@-1 nearNum=0/124 centerNum=0/124 farL=0@-1/0@-1 farNum=0/0 farRaw=0/0 lost=0/0 not_have=0 final=124/126 flags=0/0
LineErr: aim=33 cxcy=84.0,119.6 left=0:0.00@-1,-1 dx=0.0 idx=-1/-1 dist=-1/-1 right=1:-1.21@85,84 dx=1.2 idx=0/13 dist=32/253 sel=1:-1.31@85,83 dx=1.4 idx=0/16 dist=32/250 edge=0:0.00@-1.0,-1.0 dx=0.0 width=0.0 l=-1,-1 r=112,80
ATGSeedDiag: seed=0@-1,-1/1@141,108 begin=7,108 block=5 clip=8
ATGLptDiag: best=-1(-57295.8) imip=-1/-1 pass=00000 acc=-1 ipm=-1.0,-1.0 inv=-1.0,-1.0 | 2(2.7) imip=0/12 pass=10111 acc=-1 ipm=110.2,111.9 inv=132.5,91.5
frame=218 line=1 track=1 cross=0 circle=1(CIRCLE_LEFT_BEGIN) round=0 yroad=0 ramp=0 road=7 speed=0 near=1/124 raw=170/105 sel=124/126 far=0/0 far_raw=0/0 l=0@-1/0@-1 far_l=0@-1/0@-1 straight=0/1 far_straight=0/0 circle_cnt=16/0/0/0 lost=0/0 conf=0.0/2.7/0.0/0.0 dist=127 begin=1392/0 m0=(84,119) ml=(85,87) md=32/1/130 cxcy=84.0,119.6 guide=-1.32 atg=3.0/1.0/1.0 pure=-0.65/-0.43 yaw=79 cmd=143 actual=16 signed=1 rps=3604/3996:2793/3036 duty=9/12 pwm=PWM2:9/PWM1:12 motor=2:9/1:12
ATGCorner: L=0@-1/0@-1 Y=0@-1/0@-1 farL=0@-1/0@-1 Lxy=-1.0,-1.0:-1.0,-1.0/-1.0,-1.0:-1.0,-1.0 Yxy=-1.0,-1.0:-1.0,-1.0/-1.0,-1.0:-1.0,-1.0 farLxy=-1.0,-1.0:-1.0,-1.0/-1.0,-1.0:-1.0,-1.0 best=-1:-1.0,-1.0:-1.0,-1.0:-57295.8:00000/2:110.2,111.9:132.5,91.5:2.7:10111 seed_src=lost/none seed=0.0,0.0/0.0,0.0 far_start=70,0 far_raw=0/0 far_num=0/0 straight=0/1 far_straight=0/0 conf_deg=0.0/2.7/0.0/0.0
CrossDiag: type=CROSS_NONE track=1 half_lr=0/0 nearL=0@-1/0@-1 nearNum=1/124 centerNum=1/124 farL=0@-1/0@-1 farNum=0/0 farRaw=0/0 lost=0/0 not_have=0 final=124/126 flags=0/0
LineErr: aim=33 cxcy=84.0,119.6 left=0:0.00@-1,-1 dx=0.0 idx=-1/-1 dist=-1/-1 right=1:-1.32@85,84 dx=1.3 idx=0/13 dist=32/252 sel=1:-1.48@86,83 dx=1.6 idx=0/16 dist=32/250 edge=0:0.00@-1.0,-1.0 dx=0.0 width=0.0 l=-1,-1 r=112,80
ATGSeedDiag: seed=1@29,104/1@141,108 begin=7,108 block=5 clip=8
ATGLptDiag: best=-1(-57295.8) imip=-1/-1 pass=00000 acc=-1 ipm=-1.0,-1.0 inv=-1.0,-1.0 | 2(2.7) imip=0/12 pass=10111 acc=-1 ipm=110.2,111.9 inv=132.5,91.5
frame=219 line=1 track=1 cross=0 circle=1(CIRCLE_LEFT_BEGIN) round=0 yroad=0 ramp=0 road=7 speed=0 near=0/124 raw=0/104 sel=124/126 far=0/0 far_raw=0/0 l=0@-1/0@-1 far_l=0@-1/0@-1 straight=0/1 far_straight=0/0 circle_cnt=17/0/0/0 lost=0/0 conf=0.0/2.7/0.0/0.0 dist=135 begin=1400/0 m0=(84,119) ml=(85,87) md=32/1/131 cxcy=84.0,119.6 guide=-0.99 atg=3.0/0.0/1.0 pure=-0.62/-0.39 yaw=59 cmd=104 actual=14 signed=1 rps=3657/3943:2712/2861 duty=10/12 pwm=PWM2:10/PWM1:12 motor=2:10/1:12
ATGCorner: L=0@-1/0@-1 Y=0@-1/0@-1 farL=0@-1/0@-1 Lxy=-1.0,-1.0:-1.0,-1.0/-1.0,-1.0:-1.0,-1.0 Yxy=-1.0,-1.0:-1.0,-1.0/-1.0,-1.0:-1.0,-1.0 farLxy=-1.0,-1.0:-1.0,-1.0/-1.0,-1.0:-1.0,-1.0 best=-1:-1.0,-1.0:-1.0,-1.0:-57295.8:00000/25:114.4,58.5:100.3,32.5:2.7:10111 seed_src=lost/none seed=0.0,0.0/0.0,0.0 far_start=70,0 far_raw=0/0 far_num=0/0 straight=0/1 far_straight=0/0 conf_deg=0.0/2.7/0.0/0.0
CrossDiag: type=CROSS_NONE track=1 half_lr=0/0 nearL=0@-1/0@-1 nearNum=0/124 centerNum=0/124 farL=0@-1/0@-1 farNum=0/0 farRaw=0/0 lost=0/0 not_have=0 final=124/126 flags=0/0
LineErr: aim=33 cxcy=84.0,119.6 left=0:0.00@-1,-1 dx=0.0 idx=-1/-1 dist=-1/-1 right=1:-1.20@85,84 dx=1.2 idx=0/13 dist=32/252 sel=1:-1.29@85,83 dx=1.4 idx=0/16 dist=32/250 edge=0:0.00@-1.0,-1.0 dx=0.0 width=0.0 l=-1,-1 r=112,79
ATGSeedDiag: seed=0@-1,-1/1@140,107 begin=7,108 block=5 clip=8
ATGLptDiag: best=-1(-57295.8) imip=-1/-1 pass=00000 acc=-1 ipm=-1.0,-1.0 inv=-1.0,-1.0 | 25(2.7) imip=15/35 pass=10111 acc=-1 ipm=114.4,58.5 inv=100.3,32.5
frame=220 line=1 track=1 cross=0 circle=1(CIRCLE_LEFT_BEGIN) round=0 yroad=0 ramp=0 road=7 speed=0 near=0/124 raw=0/105 sel=124/125 far=0/0 far_raw=0/0 l=0@-1/0@-1 far_l=0@-1/0@-1 straight=0/1 far_straight=0/0 circle_cnt=18/0/0/0 lost=0/0 conf=0.0/4.6/0.0/0.0 dist=143 begin=1408/0 m0=(84,119) ml=(85,87) md=32/1/128 cxcy=84.0,119.6 guide=-0.99 atg=2.0/0.0/1.0 pure=-0.55/-0.37 yaw=59 cmd=116 actual=2 signed=1 rps=3640/3960:2912/2926 duty=9/12 pwm=PWM2:9/PWM1:12 motor=2:9/1:12
ATGCorner: L=0@-1/0@-1 Y=0@-1/0@-1 farL=0@-1/0@-1 Lxy=-1.0,-1.0:-1.0,-1.0/-1.0,-1.0:-1.0,-1.0 Yxy=-1.0,-1.0:-1.0,-1.0/-1.0,-1.0:-1.0,-1.0 farLxy=-1.0,-1.0:-1.0,-1.0/-1.0,-1.0:-1.0,-1.0 best=-1:-1.0,-1.0:-1.0,-1.0:-57295.8:00000/1:109.6,114.2:135.2,98.0:4.6:10111 seed_src=lost/none seed=0.0,0.0/0.0,0.0 far_start=70,0 far_raw=0/0 far_num=0/0 straight=0/1 far_straight=0/0 conf_deg=0.0/4.6/0.0/0.0
CrossDiag: type=CROSS_NONE track=1 half_lr=0/0 nearL=0@-1/0@-1 nearNum=0/124 centerNum=0/124 farL=0@-1/0@-1 farNum=0/0 farRaw=0/0 lost=0/0 not_have=0 final=124/125 flags=0/0
LineErr: aim=33 cxcy=84.0,119.6 left=0:0.00@-1,-1 dx=0.0 idx=-1/-1 dist=-1/-1 right=1:-1.11@85,84 dx=1.1 idx=0/13 dist=32/252 sel=1:-1.07@85,83 dx=1.1 idx=0/16 dist=32/248 edge=0:0.00@-1.0,-1.0 dx=0.0 width=0.0 l=-1,-1 r=111,80
ATGSeedDiag: seed=0@-1,-1/1@140,108 begin=7,108 block=5 clip=8
ATGLptDiag: best=-1(-57295.8) imip=-1/-1 pass=00000 acc=-1 ipm=-1.0,-1.0 inv=-1.0,-1.0 | 1(4.6) imip=0/11 pass=10111 acc=-1 ipm=109.6,114.2 inv=135.2,98.0
frame=222 line=1 track=1 cross=0 circle=1(CIRCLE_LEFT_BEGIN) round=0 yroad=0 ramp=0 road=7 speed=0 near=0/124 raw=0/105 sel=124/125 far=0/0 far_raw=0/0 l=0@-1/0@-1 far_l=0@-1/0@-1 straight=0/1 far_straight=0/0 circle_cnt=20/0/0/0 lost=0/0 conf=0.0/2.9/0.0/0.0 dist=159 begin=1424/0 m0=(84,119) ml=(85,87) md=32/1/128 cxcy=84.0,119.6 guide=-0.99 atg=2.0/0.0/1.0 pure=-0.56/-0.37 yaw=59 cmd=152 actual=-33 signed=1 rps=3592/4008:3020/2749 duty=9/13 pwm=PWM2:9/PWM1:13 motor=2:9/1:13
ATGCorner: L=0@-1/0@-1 Y=0@-1/0@-1 farL=0@-1/0@-1 Lxy=-1.0,-1.0:-1.0,-1.0/-1.0,-1.0:-1.0,-1.0 Yxy=-1.0,-1.0:-1.0,-1.0/-1.0,-1.0:-1.0,-1.0 farLxy=-1.0,-1.0:-1.0,-1.0/-1.0,-1.0:-1.0,-1.0 best=-1:-1.0,-1.0:-1.0,-1.0:-57295.8:00000/25:114.3,58.8:100.3,32.7:2.9:10111 seed_src=lost/none seed=0.0,0.0/0.0,0.0 far_start=70,0 far_raw=0/0 far_num=0/0 straight=0/1 far_straight=0/0 conf_deg=0.0/2.9/0.0/0.0
CrossDiag: type=CROSS_NONE track=1 half_lr=0/0 nearL=0@-1/0@-1 nearNum=0/124 centerNum=0/124 farL=0@-1/0@-1 farNum=0/0 farRaw=0/0 lost=0/0 not_have=0 final=124/125 flags=0/0
LineErr: aim=33 cxcy=84.0,119.6 left=0:0.00@-1,-1 dx=0.0 idx=-1/-1 dist=-1/-1 right=1:-1.12@85,84 dx=1.1 idx=0/13 dist=33/253 sel=1:-1.17@85,83 dx=1.2 idx=0/16 dist=32/248 edge=0:0.00@-1.0,-1.0 dx=0.0 width=0.0 l=-1,-1 r=112,80
ATGSeedDiag: seed=0@-1,-1/1@141,108 begin=7,108 block=5 clip=8
ATGLptDiag: best=-1(-57295.8) imip=-1/-1 pass=00000 acc=-1 ipm=-1.0,-1.0 inv=-1.0,-1.0 | 25(2.9) imip=15/35 pass=10111 acc=-1 ipm=114.3,58.8 inv=100.3,32.7
frame=224 line=1 track=1 cross=0 circle=1(CIRCLE_LEFT_BEGIN) round=0 yroad=0 ramp=0 road=7 speed=0 near=0/124 raw=0/105 sel=124/126 far=0/0 far_raw=0/0 l=0@-1/0@-1 far_l=0@-1/0@-1 straight=0/1 far_straight=0/0 circle_cnt=22/0/0/0 lost=0/0 conf=0.0/2.4/0.0/0.0 dist=175 begin=1440/0 m0=(84,119) ml=(85,87) md=32/1/130 cxcy=84.0,119.6 guide=-0.99 atg=3.0/1.0/1.0 pure=-0.65/-0.43 yaw=59 cmd=164 actual=-46 signed=1 rps=3575/4025:3113/2732 duty=9/13 pwm=PWM2:9/PWM1:13 motor=2:9/1:13
ATGCorner: L=0@-1/0@-1 Y=0@-1/0@-1 farL=0@-1/0@-1 Lxy=-1.0,-1.0:-1.0,-1.0/-1.0,-1.0:-1.0,-1.0 Yxy=-1.0,-1.0:-1.0,-1.0/-1.0,-1.0:-1.0,-1.0 farLxy=-1.0,-1.0:-1.0,-1.0/-1.0,-1.0:-1.0,-1.0 best=-1:-1.0,-1.0:-1.0,-1.0:-57295.8:00000/2:110.2,111.9:132.4,91.5:2.4:10111 seed_src=lost/none seed=0.0,0.0/0.0,0.0 far_start=70,0 far_raw=0/0 far_num=0/0 straight=0/1 far_straight=0/0 conf_deg=0.0/2.4/0.0/0.0
CrossDiag: type=CROSS_NONE track=1 half_lr=0/0 nearL=0@-1/0@-1 nearNum=0/124 centerNum=0/124 farL=0@-1/0@-1 farNum=0/0 farRaw=0/0 lost=0/0 not_have=0 final=124/126 flags=0/0
LineErr: aim=33 cxcy=84.0,119.6 left=0:0.00@-1,-1 dx=0.0 idx=-1/-1 dist=-1/-1 right=1:-1.46@86,84 dx=1.5 idx=0/13 dist=32/252 sel=1:-1.32@85,83 dx=1.4 idx=0/16 dist=32/250 edge=0:0.00@-1.0,-1.0 dx=0.0 width=0.0 l=-1,-1 r=112,80
ATGSeedDiag: seed=0@-1,-1/1@141,108 begin=7,108 block=5 clip=8
ATGLptDiag: best=-1(-57295.8) imip=-1/-1 pass=00000 acc=-1 ipm=-1.0,-1.0 inv=-1.0,-1.0 | 2(2.4) imip=0/12 pass=10111 acc=-1 ipm=110.2,111.9 inv=132.4,91.5
frame=225 line=1 track=1 cross=0 circle=1(CIRCLE_LEFT_BEGIN) round=0 yroad=0 ramp=0 road=7 speed=0 near=0/124 raw=0/105 sel=124/126 far=0/0 far_raw=0/0 l=0@-1/0@-1 far_l=0@-1/0@-1 straight=0/1 far_straight=0/0 circle_cnt=23/0/0/0 lost=0/0 conf=0.0/2.7/0.0/0.0 dist=183 begin=1448/0 m0=(84,119) ml=(85,87) md=32/1/130 cxcy=84.0,119.6 guide=-0.99 atg=3.0/1.0/1.0 pure=-0.68/-0.43 yaw=59 cmd=156 actual=-38 signed=1 rps=3586/4014:3159/2755 duty=9/13 pwm=PWM2:9/PWM1:13 motor=2:9/1:13
ATGCorner: L=0@-1/0@-1 Y=0@-1/0@-1 farL=0@-1/0@-1 Lxy=-1.0,-1.0:-1.0,-1.0/-1.0,-1.0:-1.0,-1.0 Yxy=-1.0,-1.0:-1.0,-1.0/-1.0,-1.0:-1.0,-1.0 farLxy=-1.0,-1.0:-1.0,-1.0/-1.0,-1.0:-1.0,-1.0 best=-1:-1.0,-1.0:-1.0,-1.0:-57295.8:00000/25:114.8,58.9:100.8,32.7:2.7:10111 seed_src=lost/none seed=0.0,0.0/0.0,0.0 far_start=70,0 far_raw=0/0 far_num=0/0 straight=0/1 far_straight=0/0 conf_deg=0.0/2.7/0.0/0.0
CrossDiag: type=CROSS_NONE track=1 half_lr=0/0 nearL=0@-1/0@-1 nearNum=0/124 centerNum=0/124 farL=0@-1/0@-1 farNum=0/0 farRaw=0/0 lost=0/0 not_have=0 final=124/126 flags=0/0
LineErr: aim=33 cxcy=84.0,119.6 left=0:0.00@-1,-1 dx=0.0 idx=-1/-1 dist=-1/-1 right=1:-1.47@86,84 dx=1.5 idx=0/13 dist=32/252 sel=1:-1.34@85,83 dx=1.4 idx=0/16 dist=32/250 edge=0:0.00@-1.0,-1.0 dx=0.0 width=0.0 l=-1,-1 r=112,80
ATGSeedDiag: seed=0@-1,-1/1@141,108 begin=7,108 block=5 clip=8
ATGLptDiag: best=-1(-57295.8) imip=-1/-1 pass=00000 acc=-1 ipm=-1.0,-1.0 inv=-1.0,-1.0 | 25(2.7) imip=15/35 pass=10111 acc=-1 ipm=114.8,58.9 inv=100.8,32.7
frame=228 line=1 track=1 cross=0 circle=1(CIRCLE_LEFT_BEGIN) round=0 yroad=0 ramp=0 road=7 speed=0 near=0/124 raw=0/105 sel=124/125 far=0/0 far_raw=0/0 l=0@-1/0@-1 far_l=0@-1/0@-1 straight=0/1 far_straight=0/0 circle_cnt=26/0/0/0 lost=0/0 conf=0.0/2.5/0.0/0.0 dist=207 begin=1472/0 m0=(84,119) ml=(85,87) md=32/1/128 cxcy=84.0,119.6 guide=-0.98 atg=2.0/0.0/1.0 pure=-0.58/-0.37 yaw=59 cmd=121 actual=-3 signed=1 rps=3634/3966:2935/2703 duty=9/13 pwm=PWM2:9/PWM1:13 motor=2:9/1:13
ATGCorner: L=0@-1/0@-1 Y=0@-1/0@-1 farL=0@-1/0@-1 Lxy=-1.0,-1.0:-1.0,-1.0/-1.0,-1.0:-1.0,-1.0 Yxy=-1.0,-1.0:-1.0,-1.0/-1.0,-1.0:-1.0,-1.0 farLxy=-1.0,-1.0:-1.0,-1.0/-1.0,-1.0:-1.0,-1.0 best=-1:-1.0,-1.0:-1.0,-1.0:-57295.8:00000/24:114.0,61.1:100.8,33.8:2.5:10111 seed_src=lost/none seed=0.0,0.0/0.0,0.0 far_start=70,0 far_raw=0/0 far_num=0/0 straight=0/1 far_straight=0/0 conf_deg=0.0/2.5/0.0/0.0
CrossDiag: type=CROSS_NONE track=1 half_lr=0/0 nearL=0@-1/0@-1 nearNum=0/124 centerNum=0/124 farL=0@-1/0@-1 farNum=0/0 farRaw=0/0 lost=0/0 not_have=0 final=124/125 flags=0/0
LineErr: aim=33 cxcy=84.0,119.6 left=0:0.00@-1,-1 dx=0.0 idx=-1/-1 dist=-1/-1 right=1:-1.12@85,84 dx=1.1 idx=0/13 dist=33/253 sel=1:-1.06@85,82 dx=1.1 idx=0/16 dist=32/248 edge=0:0.00@-1.0,-1.0 dx=0.0 width=0.0 l=-1,-1 r=112,80
ATGSeedDiag: seed=0@-1,-1/1@141,108 begin=7,108 block=5 clip=8
ATGLptDiag: best=-1(-57295.8) imip=-1/-1 pass=00000 acc=-1 ipm=-1.0,-1.0 inv=-1.0,-1.0 | 24(2.5) imip=14/34 pass=10111 acc=-1 ipm=114.0,61.1 inv=100.8,33.8
frame=229 line=1 track=1 cross=0 circle=1(CIRCLE_LEFT_BEGIN) round=0 yroad=0 ramp=0 road=7 speed=0 near=0/124 raw=0/105 sel=124/125 far=0/0 far_raw=0/0 l=0@-1/0@-1 far_l=0@-1/0@-1 straight=0/1 far_straight=0/0 circle_cnt=27/0/0/0 lost=0/0 conf=0.0/3.0/0.0/0.0 dist=215 begin=1480/0 m0=(84,119) ml=(85,87) md=32/1/128 cxcy=84.0,119.6 guide=-0.99 atg=2.0/0.0/1.0 pure=-0.60/-0.37 yaw=59 cmd=104 actual=14 signed=1 rps=3658/3942:3039/2938 duty=9/12 pwm=PWM2:9/PWM1:12 motor=2:9/1:12
ATGCorner: L=0@-1/0@-1 Y=0@-1/0@-1 farL=0@-1/0@-1 Lxy=-1.0,-1.0:-1.0,-1.0/-1.0,-1.0:-1.0,-1.0 Yxy=-1.0,-1.0:-1.0,-1.0/-1.0,-1.0:-1.0,-1.0 farLxy=-1.0,-1.0:-1.0,-1.0/-1.0,-1.0:-1.0,-1.0 best=-1:-1.0,-1.0:-1.0,-1.0:-57295.8:00000/24:114.3,61.2:101.1,33.8:3.0:10111 seed_src=lost/none seed=0.0,0.0/0.0,0.0 far_start=70,0 far_raw=0/0 far_num=0/0 straight=0/1 far_straight=0/0 conf_deg=0.0/3.0/0.0/0.0
CrossDiag: type=CROSS_NONE track=1 half_lr=0/0 nearL=0@-1/0@-1 nearNum=0/124 centerNum=0/124 farL=0@-1/0@-1 farNum=0/0 farRaw=0/0 lost=0/0 not_have=0 final=124/125 flags=0/0
LineErr: aim=33 cxcy=84.0,119.6 left=0:0.00@-1,-1 dx=0.0 idx=-1/-1 dist=-1/-1 right=1:-1.04@85,82 dx=1.1 idx=0/14 dist=33/251 sel=1:-1.06@85,83 dx=1.1 idx=0/16 dist=32/248 edge=0:0.00@-1.0,-1.0 dx=0.0 width=0.0 l=-1,-1 r=112,80
ATGSeedDiag: seed=0@-1,-1/1@141,108 begin=7,108 block=5 clip=8
ATGLptDiag: best=-1(-57295.8) imip=-1/-1 pass=00000 acc=-1 ipm=-1.0,-1.0 inv=-1.0,-1.0 | 24(3.0) imip=14/34 pass=10111 acc=-1 ipm=114.3,61.2 inv=101.1,33.8
frame=230 line=1 track=1 cross=0 circle=1(CIRCLE_LEFT_BEGIN) round=0 yroad=0 ramp=0 road=7 speed=0 near=0/124 raw=0/105 sel=124/126 far=0/0 far_raw=0/0 l=0@-1/0@-1 far_l=0@-1/0@-1 straight=0/1 far_straight=0/0 circle_cnt=28/0/0/0 lost=0/0 conf=0.0/2.6/0.0/0.0 dist=223 begin=1488/0 m0=(84,119) ml=(85,87) md=32/1/131 cxcy=84.0,119.6 guide=-0.99 atg=2.0/0.0/1.0 pure=-0.60/-0.39 yaw=59 cmd=91 actual=28 signed=1 rps=3676/3924:3030/3102 duty=9/12 pwm=PWM2:9/PWM1:12 motor=2:9/1:12
ATGCorner: L=0@-1/0@-1 Y=0@-1/0@-1 farL=0@-1/0@-1 Lxy=-1.0,-1.0:-1.0,-1.0/-1.0,-1.0:-1.0,-1.0 Yxy=-1.0,-1.0:-1.0,-1.0/-1.0,-1.0:-1.0,-1.0 farLxy=-1.0,-1.0:-1.0,-1.0/-1.0,-1.0:-1.0,-1.0 best=-1:-1.0,-1.0:-1.0,-1.0:-57295.8:00000/1:109.9,114.2:135.8,98.0:2.6:10111 seed_src=lost/none seed=0.0,0.0/0.0,0.0 far_start=70,0 far_raw=0/0 far_num=0/0 straight=0/1 far_straight=0/0 conf_deg=0.0/2.6/0.0/0.0
CrossDiag: type=CROSS_NONE track=1 half_lr=0/0 nearL=0@-1/0@-1 nearNum=0/124 centerNum=0/124 farL=0@-1/0@-1 farNum=0/0 farRaw=0/0 lost=0/0 not_have=0 final=124/126 flags=0/0
LineErr: aim=33 cxcy=84.0,119.6 left=0:0.00@-1,-1 dx=0.0 idx=-1/-1 dist=-1/-1 right=1:-1.10@85,82 dx=1.2 idx=0/14 dist=33/251 sel=1:-1.10@85,83 dx=1.2 idx=0/16 dist=32/250 edge=0:0.00@-1.0,-1.0 dx=0.0 width=0.0 l=-1,-1 r=112,80
ATGSeedDiag: seed=0@-1,-1/1@141,108 begin=7,108 block=5 clip=8
ATGLptDiag: best=-1(-57295.8) imip=-1/-1 pass=00000 acc=-1 ipm=-1.0,-1.0 inv=-1.0,-1.0 | 1(2.6) imip=0/11 pass=10111 acc=-1 ipm=109.9,114.2 inv=135.8,98.0
frame=231 line=1 track=1 cross=0 circle=1(CIRCLE_LEFT_BEGIN) round=0 yroad=0 ramp=0 road=7 speed=0 near=0/124 raw=0/105 sel=124/126 far=0/0 far_raw=0/0 l=0@-1/0@-1 far_l=0@-1/0@-1 straight=0/1 far_straight=0/0 circle_cnt=29/0/0/0 lost=0/0 conf=0.0/2.4/0.0/0.0 dist=231 begin=1496/0 m0=(84,119) ml=(85,87) md=32/1/131 cxcy=84.0,119.6 guide=-0.99 atg=2.0/1.0/1.0 pure=-0.60/-0.41 yaw=59 cmd=85 actual=33 signed=1 rps=3683/3917:2871/3043 duty=10/12 pwm=PWM2:10/PWM1:12 motor=2:10/1:12
ATGCorner: L=0@-1/0@-1 Y=0@-1/0@-1 farL=0@-1/0@-1 Lxy=-1.0,-1.0:-1.0,-1.0/-1.0,-1.0:-1.0,-1.0 Yxy=-1.0,-1.0:-1.0,-1.0/-1.0,-1.0:-1.0,-1.0 farLxy=-1.0,-1.0:-1.0,-1.0/-1.0,-1.0:-1.0,-1.0 best=-1:-1.0,-1.0:-1.0,-1.0:-57295.8:00000/23:114.3,63.5:101.9,34.9:2.4:10111 seed_src=lost/none seed=0.0,0.0/0.0,0.0 far_start=70,0 far_raw=0/0 far_num=0/0 straight=0/1 far_straight=0/0 conf_deg=0.0/2.4/0.0/0.0
CrossDiag: type=CROSS_NONE track=1 half_lr=0/0 nearL=0@-1/0@-1 nearNum=0/124 centerNum=0/124 farL=0@-1/0@-1 farNum=0/0 farRaw=0/0 lost=0/0 not_have=0 final=124/126 flags=0/0
LineErr: aim=33 cxcy=84.0,119.6 left=0:0.00@-1,-1 dx=0.0 idx=-1/-1 dist=-1/-1 right=1:-1.10@85,82 dx=1.2 idx=0/14 dist=33/251 sel=1:-1.11@85,83 dx=1.2 idx=0/16 dist=32/250 edge=0:0.00@-1.0,-1.0 dx=0.0 width=0.0 l=-1,-1 r=112,80
ATGSeedDiag: seed=0@-1,-1/1@141,108 begin=7,108 block=5 clip=8
ATGLptDiag: best=-1(-57295.8) imip=-1/-1 pass=00000 acc=-1 ipm=-1.0,-1.0 inv=-1.0,-1.0 | 23(2.4) imip=13/33 pass=10111 acc=-1 ipm=114.3,63.5 inv=101.9,34.9
frame=233 line=1 track=1 cross=0 circle=1(CIRCLE_LEFT_BEGIN) round=0 yroad=0 ramp=0 road=7 speed=0 near=0/124 raw=0/105 sel=124/126 far=0/0 far_raw=0/0 l=0@-1/0@-1 far_l=0@-1/0@-1 straight=0/1 far_straight=0/0 circle_cnt=31/0/0/0 lost=0/0 conf=0.0/2.5/0.0/0.0 dist=247 begin=1512/0 m0=(84,119) ml=(85,87) md=32/1/131 cxcy=84.0,119.6 guide=-0.99 atg=2.0/0.0/1.0 pure=-0.58/-0.37 yaw=59 cmd=90 actual=29 signed=1 rps=3677/3923:2760/3044 duty=10/12 pwm=PWM2:10/PWM1:12 motor=2:10/1:12
ATGCorner: L=0@-1/0@-1 Y=0@-1/0@-1 farL=0@-1/0@-1 Lxy=-1.0,-1.0:-1.0,-1.0/-1.0,-1.0:-1.0,-1.0 Yxy=-1.0,-1.0:-1.0,-1.0/-1.0,-1.0:-1.0,-1.0 farLxy=-1.0,-1.0:-1.0,-1.0/-1.0,-1.0:-1.0,-1.0 best=-1:-1.0,-1.0:-1.0,-1.0:-57295.8:00000/23:114.0,63.5:101.6,34.9:2.5:10111 seed_src=lost/none seed=0.0,0.0/0.0,0.0 far_start=70,0 far_raw=0/0 far_num=0/0 straight=0/1 far_straight=0/0 conf_deg=0.0/2.5/0.0/0.0
CrossDiag: type=CROSS_NONE track=1 half_lr=0/0 nearL=0@-1/0@-1 nearNum=0/124 centerNum=0/124 farL=0@-1/0@-1 farNum=0/0 farRaw=0/0 lost=0/0 not_have=0 final=124/126 flags=0/0
LineErr: aim=33 cxcy=84.0,119.6 left=0:0.00@-1,-1 dx=0.0 idx=-1/-1 dist=-1/-1 right=1:-1.09@85,82 dx=1.2 idx=0/14 dist=33/251 sel=1:-1.08@85,83 dx=1.1 idx=0/16 dist=32/250 edge=0:0.00@-1.0,-1.0 dx=0.0 width=0.0 l=-1,-1 r=112,80
ATGSeedDiag: seed=0@-1,-1/1@140,108 begin=7,108 block=5 clip=8
ATGLptDiag: best=-1(-57295.8) imip=-1/-1 pass=00000 acc=-1 ipm=-1.0,-1.0 inv=-1.0,-1.0 | 23(2.5) imip=13/33 pass=10111 acc=-1 ipm=114.0,63.5 inv=101.6,34.9
frame=235 line=1 track=1 cross=0 circle=1(CIRCLE_LEFT_BEGIN) round=0 yroad=0 ramp=0 road=7 speed=0 near=0/124 raw=0/105 sel=124/125 far=0/0 far_raw=0/0 l=0@-1/0@-1 far_l=0@-1/0@-1 straight=0/1 far_straight=0/0 circle_cnt=33/0/0/0 lost=0/0 conf=0.0/2.5/0.0/0.0 dist=263 begin=1528/0 m0=(84,119) ml=(85,87) md=32/1/128 cxcy=84.0,119.6 guide=-0.99 atg=1.0/0.0/0.0 pure=-0.49/-0.37 yaw=59 cmd=114 actual=4 signed=1 rps=3644/3956:2641/2880 duty=10/13 pwm=PWM2:10/PWM1:13 motor=2:10/1:13
ATGCorner: L=0@-1/0@-1 Y=0@-1/0@-1 farL=0@-1/0@-1 Lxy=-1.0,-1.0:-1.0,-1.0/-1.0,-1.0:-1.0,-1.0 Yxy=-1.0,-1.0:-1.0,-1.0/-1.0,-1.0:-1.0,-1.0 farLxy=-1.0,-1.0:-1.0,-1.0/-1.0,-1.0:-1.0,-1.0 best=-1:-1.0,-1.0:-1.0,-1.0:-57295.8:00000/22:113.6,65.8:102.1,36.1:2.5:10111 seed_src=lost/none seed=0.0,0.0/0.0,0.0 far_start=70,0 far_raw=0/0 far_num=0/0 straight=0/1 far_straight=0/0 conf_deg=0.0/2.5/0.0/0.0
CrossDiag: type=CROSS_NONE track=1 half_lr=0/0 nearL=0@-1/0@-1 nearNum=0/124 centerNum=0/124 farL=0@-1/0@-1 farNum=0/0 farRaw=0/0 lost=0/0 not_have=0 final=124/125 flags=0/0
LineErr: aim=33 cxcy=84.0,119.6 left=0:0.00@-1,-1 dx=0.0 idx=-1/-1 dist=-1/-1 right=1:-0.87@85,84 dx=0.9 idx=0/13 dist=32/252 sel=1:-0.97@85,83 dx=1.0 idx=0/16 dist=32/248 edge=0:0.00@-1.0,-1.0 dx=0.0 width=0.0 l=-1,-1 r=112,80
ATGSeedDiag: seed=0@-1,-1/1@140,108 begin=7,108 block=5 clip=8
ATGLptDiag: best=-1(-57295.8) imip=-1/-1 pass=00000 acc=-1 ipm=-1.0,-1.0 inv=-1.0,-1.0 | 22(2.5) imip=12/32 pass=10111 acc=-1 ipm=113.6,65.8 inv=102.1,36.1
frame=236 line=1 track=1 cross=0 circle=1(CIRCLE_LEFT_BEGIN) round=0 yroad=0 ramp=0 road=7 speed=0 near=0/124 raw=0/104 sel=124/126 far=0/0 far_raw=0/0 l=0@-1/0@-1 far_l=0@-1/0@-1 straight=0/1 far_straight=0/0 circle_cnt=34/0/0/0 lost=0/0 conf=0.0/2.6/0.0/0.0 dist=271 begin=1536/0 m0=(84,119) ml=(85,87) md=32/1/128 cxcy=84.0,119.6 guide=-0.99 atg=1.0/0.0/1.0 pure=-0.49/-0.37 yaw=59 cmd=116 actual=2 signed=1 rps=3641/3959:2694/2981 duty=10/12 pwm=PWM2:10/PWM1:12 motor=2:10/1:12
ATGCorner: L=0@-1/0@-1 Y=0@-1/0@-1 farL=0@-1/0@-1 Lxy=-1.0,-1.0:-1.0,-1.0/-1.0,-1.0:-1.0,-1.0 Yxy=-1.0,-1.0:-1.0,-1.0/-1.0,-1.0:-1.0,-1.0 farLxy=-1.0,-1.0:-1.0,-1.0/-1.0,-1.0:-1.0,-1.0 best=-1:-1.0,-1.0:-1.0,-1.0:-57295.8:00000/23:113.9,63.2:101.4,34.8:2.6:10111 seed_src=lost/none seed=0.0,0.0/0.0,0.0 far_start=70,0 far_raw=0/0 far_num=0/0 straight=0/1 far_straight=0/0 conf_deg=0.0/2.6/0.0/0.0
CrossDiag: type=CROSS_NONE track=1 half_lr=0/0 nearL=0@-1/0@-1 nearNum=0/124 centerNum=0/124 farL=0@-1/0@-1 farNum=0/0 farRaw=0/0 lost=0/0 not_have=0 final=124/126 flags=0/0
LineErr: aim=33 cxcy=84.0,119.6 left=0:0.00@-1,-1 dx=0.0 idx=-1/-1 dist=-1/-1 right=1:-1.08@85,82 dx=1.1 idx=0/14 dist=33/251 sel=1:-1.01@85,83 dx=1.1 idx=0/16 dist=32/250 edge=0:0.00@-1.0,-1.0 dx=0.0 width=0.0 l=-1,-1 r=112,79
ATGSeedDiag: seed=0@-1,-1/1@140,107 begin=7,108 block=5 clip=8
ATGLptDiag: best=-1(-57295.8) imip=-1/-1 pass=00000 acc=-1 ipm=-1.0,-1.0 inv=-1.0,-1.0 | 23(2.6) imip=13/33 pass=10111 acc=-1 ipm=113.9,63.2 inv=101.4,34.8
frame=237 line=1 track=1 cross=0 circle=1(CIRCLE_LEFT_BEGIN) round=0 yroad=0 ramp=0 road=7 speed=0 near=0/124 raw=0/105 sel=124/125 far=0/0 far_raw=0/0 l=0@-1/0@-1 far_l=0@-1/0@-1 straight=0/1 far_straight=0/0 circle_cnt=35/0/0/0 lost=0/0 conf=0.0/2.6/0.0/0.0 dist=279 begin=1544/0 m0=(84,119) ml=(85,87) md=32/1/128 cxcy=84.0,119.6 guide=-1.15 atg=2.0/0.0/1.0 pure=-0.52/-0.37 yaw=69 cmd=133 actual=6 signed=1 rps=3618/3982:2781/3108 duty=9/12 pwm=PWM2:9/PWM1:12 motor=2:9/1:12
ATGCorner: L=0@-1/0@-1 Y=0@-1/0@-1 farL=0@-1/0@-1 Lxy=-1.0,-1.0:-1.0,-1.0/-1.0,-1.0:-1.0,-1.0 Yxy=-1.0,-1.0:-1.0,-1.0/-1.0,-1.0:-1.0,-1.0 farLxy=-1.0,-1.0:-1.0,-1.0/-1.0,-1.0:-1.0,-1.0 best=-1:-1.0,-1.0:-1.0,-1.0:-57295.8:00000/23:114.0,63.5:101.6,34.9:2.6:10111 seed_src=lost/none seed=0.0,0.0/0.0,0.0 far_start=70,0 far_raw=0/0 far_num=0/0 straight=0/1 far_straight=0/0 conf_deg=0.0/2.6/0.0/0.0
CrossDiag: type=CROSS_NONE track=1 half_lr=0/0 nearL=0@-1/0@-1 nearNum=0/124 centerNum=0/124 farL=0@-1/0@-1 farNum=0/0 farRaw=0/0 lost=0/0 not_have=0 final=124/125 flags=0/0
LineErr: aim=33 cxcy=84.0,119.6 left=0:0.00@-1,-1 dx=0.0 idx=-1/-1 dist=-1/-1 right=1:-0.92@85,84 dx=0.9 idx=0/13 dist=33/253 sel=1:-1.14@85,83 dx=1.2 idx=0/16 dist=32/248 edge=0:0.00@-1.0,-1.0 dx=0.0 width=0.0 l=-1,-1 r=112,80
ATGSeedDiag: seed=0@-1,-1/1@141,108 begin=7,108 block=5 clip=8
ATGLptDiag: best=-1(-57295.8) imip=-1/-1 pass=00000 acc=-1 ipm=-1.0,-1.0 inv=-1.0,-1.0 | 23(2.6) imip=13/33 pass=10111 acc=-1 ipm=114.0,63.5 inv=101.6,34.9
frame=240 line=1 track=1 cross=0 circle=1(CIRCLE_LEFT_BEGIN) round=0 yroad=0 ramp=0 road=7 speed=0 near=0/124 raw=0/105 sel=124/126 far=0/0 far_raw=0/0 l=0@-1/0@-1 far_l=0@-1/0@-1 straight=0/1 far_straight=0/0 circle_cnt=38/0/0/0 lost=0/0 conf=0.0/2.3/0.0/0.0 dist=303 begin=1568/0 m0=(84,119) ml=(85,87) md=32/1/131 cxcy=84.0,119.6 guide=-1.15 atg=2.0/0.0/1.0 pure=-0.55/-0.39 yaw=69 cmd=130 actual=9 signed=1 rps=3622/3978:2725/2862 duty=10/13 pwm=PWM2:10/PWM1:13 motor=2:10/1:13
ATGCorner: L=0@-1/0@-1 Y=0@-1/0@-1 farL=0@-1/0@-1 Lxy=-1.0,-1.0:-1.0,-1.0/-1.0,-1.0:-1.0,-1.0 Yxy=-1.0,-1.0:-1.0,-1.0/-1.0,-1.0:-1.0,-1.0 farLxy=-1.0,-1.0:-1.0,-1.0/-1.0,-1.0:-1.0,-1.0 best=-1:-1.0,-1.0:-1.0,-1.0:-57295.8:00000/22:114.0,65.8:102.4,36.1:2.3:10111 seed_src=lost/none seed=0.0,0.0/0.0,0.0 far_start=70,0 far_raw=0/0 far_num=0/0 straight=0/1 far_straight=0/0 conf_deg=0.0/2.3/0.0/0.0
CrossDiag: type=CROSS_NONE track=1 half_lr=0/0 nearL=0@-1/0@-1 nearNum=0/124 centerNum=0/124 farL=0@-1/0@-1 farNum=0/0 farRaw=0/0 lost=0/0 not_have=0 final=124/126 flags=0/0
LineErr: aim=33 cxcy=84.0,119.6 left=0:0.00@-1,-1 dx=0.0 idx=-1/-1 dist=-1/-1 right=1:-1.39@85,82 dx=1.5 idx=0/14 dist=33/251 sel=1:-1.35@85,83 dx=1.4 idx=0/16 dist=32/250 edge=0:0.00@-1.0,-1.0 dx=0.0 width=0.0 l=-1,-1 r=112,80
ATGSeedDiag: seed=0@-1,-1/1@141,108 begin=7,108 block=5 clip=8
ATGLptDiag: best=-1(-57295.8) imip=-1/-1 pass=00000 acc=-1 ipm=-1.0,-1.0 inv=-1.0,-1.0 | 22(2.3) imip=12/32 pass=10111 acc=-1 ipm=114.0,65.8 inv=102.4,36.1
frame=241 line=0 track=1 cross=0 circle=1(CIRCLE_LEFT_BEGIN) round=0 yroad=0 ramp=0 road=7 speed=0 near=0/1 raw=0/170 sel=1/0 far=0/0 far_raw=0/0 l=0@-1/0@-1 far_l=0@-1/0@-1 straight=0/0 far_straight=0/0 circle_cnt=39/0/0/0 lost=0/0 conf=0.0/0.0/0.0/0.0 dist=311 begin=1576/0 m0=(-1,-1) ml=(-1,-1) md=-1/0/-1 cxcy=84.0,119.6 guide=0.00 atg=2.0/0.0/1.0 pure=-0.55/-0.39 yaw=0 cmd=0 actual=-123 signed=0 rps=0/0:0/0 duty=0/0 pwm=PWM2:0/PWM1:0 motor=2:0/1:0
ATGCorner: L=0@-1/0@-1 Y=0@-1/0@-1 farL=0@-1/0@-1 Lxy=-1.0,-1.0:-1.0,-1.0/-1.0,-1.0:-1.0,-1.0 Yxy=-1.0,-1.0:-1.0,-1.0/-1.0,-1.0:-1.0,-1.0 farLxy=-1.0,-1.0:-1.0,-1.0/-1.0,-1.0:-1.0,-1.0 best=-1:-1.0,-1.0:-1.0,-1.0:-57295.8:00000/-1:-1.0,-1.0:-1.0,-1.0:-57295.8:00000 seed_src=lost/lost seed=0.0,0.0/0.0,0.0 far_start=70,0 far_raw=0/0 far_num=0/0 straight=0/0 far_straight=0/0 conf_deg=0.0/0.0/0.0/0.0
CrossDiag: type=CROSS_NONE track=1 half_lr=0/0 nearL=0@-1/0@-1 nearNum=0/1 centerNum=0/1 farL=0@-1/0@-1 farNum=0/0 farRaw=0/0 lost=0/0 not_have=0 final=1/0 flags=0/0
LineErr: aim=33 cxcy=84.0,119.6 left=0:0.00@-1,-1 dx=0.0 idx=-1/-1 dist=-1/-1 right=0:0.00@-1,-1 dx=0.0 idx=-1/-1 dist=-1/-1 sel=0:0.00@-1,-1 dx=0.0 idx=-1/-1 dist=-1/-1 edge=0:0.00@-1.0,-1.0 dx=0.0 width=0.0 l=-1,-1 r=-1,-1
ATGSeedDiag: seed=0@-1,-1/1@90,108 begin=7,108 block=5 clip=8
ATGLptDiag: best=-1(-57295.8) imip=-1/-1 pass=00000 acc=-1 ipm=-1.0,-1.0 inv=-1.0,-1.0 | -1(-57295.8) imip=-1/-1 pass=00000 acc=-1 ipm=-1.0,-1.0 inv=-1.0,-1.0
frame=242 line=1 track=1 cross=0 circle=1(CIRCLE_LEFT_BEGIN) round=0 yroad=0 ramp=0 road=7 speed=0 near=0/124 raw=0/105 sel=124/125 far=0/0 far_raw=0/0 l=0@-1/0@-1 far_l=0@-1/0@-1 straight=0/1 far_straight=0/0 circle_cnt=40/0/0/0 lost=0/0 conf=0.0/4.0/0.0/0.0 dist=319 begin=1584/0 m0=(84,119) ml=(85,87) md=32/1/129 cxcy=84.0,119.6 guide=-0.99 atg=1.0/0.0/0.0 pure=-0.48/-0.37 yaw=59 cmd=167 actual=-49 signed=1 rps=3571/4029:3235/2838 duty=8/13 pwm=PWM2:8/PWM1:13 motor=2:8/1:13
ATGCorner: L=0@-1/0@-1 Y=0@-1/0@-1 farL=0@-1/0@-1 Lxy=-1.0,-1.0:-1.0,-1.0/-1.0,-1.0:-1.0,-1.0 Yxy=-1.0,-1.0:-1.0,-1.0/-1.0,-1.0:-1.0,-1.0 farLxy=-1.0,-1.0:-1.0,-1.0/-1.0,-1.0:-1.0,-1.0 best=-1:-1.0,-1.0:-1.0,-1.0:-57295.8:00000/1:109.6,114.2:135.2,98.0:4.0:10111 seed_src=lost/none seed=0.0,0.0/0.0,0.0 far_start=70,0 far_raw=0/0 far_num=0/0 straight=0/1 far_straight=0/0 conf_deg=0.0/4.0/0.0/0.0
CrossDiag: type=CROSS_NONE track=1 half_lr=0/0 nearL=0@-1/0@-1 nearNum=0/124 centerNum=0/124 farL=0@-1/0@-1 farNum=0/0 farRaw=0/0 lost=0/0 not_have=0 final=124/125 flags=0/0
LineErr: aim=33 cxcy=84.0,119.6 left=0:0.00@-1,-1 dx=0.0 idx=-1/-1 dist=-1/-1 right=1:-0.86@85,84 dx=0.9 idx=0/13 dist=32/252 sel=1:-1.09@85,83 dx=1.1 idx=0/16 dist=32/248 edge=0:0.00@-1.0,-1.0 dx=0.0 width=0.0 l=-1,-1 r=112,80
ATGSeedDiag: seed=0@-1,-1/1@140,108 begin=7,108 block=5 clip=8
ATGLptDiag: best=-1(-57295.8) imip=-1/-1 pass=00000 acc=-1 ipm=-1.0,-1.0 inv=-1.0,-1.0 | 1(4.0) imip=0/11 pass=10111 acc=-1 ipm=109.6,114.2 inv=135.2,98.0
frame=244 line=1 track=1 cross=0 circle=1(CIRCLE_LEFT_BEGIN) round=0 yroad=0 ramp=0 road=7 speed=0 near=0/124 raw=0/105 sel=124/125 far=0/0 far_raw=0/0 l=0@-1/0@-1 far_l=0@-1/0@-1 straight=0/1 far_straight=0/0 circle_cnt=42/0/0/0 lost=0/0 conf=0.0/2.8/0.0/0.0 dist=335 begin=1600/0 m0=(84,119) ml=(85,87) md=32/1/128 cxcy=84.0,119.6 guide=-1.15 atg=2.0/0.0/1.0 pure=-0.52/-0.37 yaw=69 cmd=118 actual=20 signed=1 rps=3638/3962:3111/2680 duty=9/13 pwm=PWM2:9/PWM1:13 motor=2:9/1:13
ATGCorner: L=0@-1/0@-1 Y=0@-1/0@-1 farL=0@-1/0@-1 Lxy=-1.0,-1.0:-1.0,-1.0/-1.0,-1.0:-1.0,-1.0 Yxy=-1.0,-1.0:-1.0,-1.0/-1.0,-1.0:-1.0,-1.0 farLxy=-1.0,-1.0:-1.0,-1.0/-1.0,-1.0:-1.0,-1.0 best=-1:-1.0,-1.0:-1.0,-1.0:-57295.8:00000/22:113.8,65.8:102.3,36.1:2.8:10111 seed_src=lost/none seed=0.0,0.0/0.0,0.0 far_start=70,0 far_raw=0/0 far_num=0/0 straight=0/1 far_straight=0/0 conf_deg=0.0/2.8/0.0/0.0
CrossDiag: type=CROSS_NONE track=1 half_lr=0/0 nearL=0@-1/0@-1 nearNum=0/124 centerNum=0/124 farL=0@-1/0@-1 farNum=0/0 farRaw=0/0 lost=0/0 not_have=0 final=124/125 flags=0/0
LineErr: aim=33 cxcy=84.0,119.6 left=0:0.00@-1,-1 dx=0.0 idx=-1/-1 dist=-1/-1 right=1:-1.22@85,84 dx=1.2 idx=0/13 dist=32/252 sel=1:-1.35@85,83 dx=1.4 idx=0/16 dist=32/248 edge=0:0.00@-1.0,-1.0 dx=0.0 width=0.0 l=-1,-1 r=112,80
ATGSeedDiag: seed=0@-1,-1/1@141,108 begin=7,108 block=5 clip=8
ATGLptDiag: best=-1(-57295.8) imip=-1/-1 pass=00000 acc=-1 ipm=-1.0,-1.0 inv=-1.0,-1.0 | 22(2.8) imip=12/32 pass=10111 acc=-1 ipm=113.8,65.8 inv=102.3,36.1
frame=247 line=1 track=1 cross=0 circle=1(CIRCLE_LEFT_BEGIN) round=0 yroad=0 ramp=0 road=7 speed=0 near=0/124 raw=0/105 sel=124/126 far=0/0 far_raw=0/0 l=0@-1/0@-1 far_l=0@-1/0@-1 straight=0/1 far_straight=0/0 circle_cnt=45/0/0/0 lost=0/0 conf=0.0/2.8/0.0/0.0 dist=359 begin=1624/0 m0=(84,119) ml=(85,87) md=32/1/130 cxcy=84.0,119.6 guide=-1.49 atg=2.0/1.0/1.0 pure=-0.56/-0.43 yaw=89 cmd=156 actual=23 signed=1 rps=3586/4014:2893/2599 duty=9/13 pwm=PWM2:9/PWM1:13 motor=2:9/1:13
ATGCorner: L=0@-1/0@-1 Y=0@-1/0@-1 farL=0@-1/0@-1 Lxy=-1.0,-1.0:-1.0,-1.0/-1.0,-1.0:-1.0,-1.0 Yxy=-1.0,-1.0:-1.0,-1.0/-1.0,-1.0:-1.0,-1.0 farLxy=-1.0,-1.0:-1.0,-1.0/-1.0,-1.0:-1.0,-1.0 best=-1:-1.0,-1.0:-1.0,-1.0:-57295.8:00000/21:114.1,68.1:103.4,37.4:2.8:10111 seed_src=lost/none seed=0.0,0.0/0.0,0.0 far_start=70,0 far_raw=0/0 far_num=0/0 straight=0/1 far_straight=0/0 conf_deg=0.0/2.8/0.0/0.0
CrossDiag: type=CROSS_NONE track=1 half_lr=0/0 nearL=0@-1/0@-1 nearNum=0/124 centerNum=0/124 farL=0@-1/0@-1 farNum=0/0 farRaw=0/0 lost=0/0 not_have=0 final=124/126 flags=0/0
LineErr: aim=33 cxcy=84.0,119.6 left=0:0.00@-1,-1 dx=0.0 idx=-1/-1 dist=-1/-1 right=1:-1.78@86,82 dx=1.9 idx=0/14 dist=33/251 sel=1:-1.74@86,83 dx=1.8 idx=0/16 dist=32/250 edge=0:0.00@-1.0,-1.0 dx=0.0 width=0.0 l=-1,-1 r=113,80
ATGSeedDiag: seed=0@-1,-1/1@141,108 begin=7,108 block=5 clip=8
ATGLptDiag: best=-1(-57295.8) imip=-1/-1 pass=00000 acc=-1 ipm=-1.0,-1.0 inv=-1.0,-1.0 | 21(2.8) imip=11/31 pass=10111 acc=-1 ipm=114.1,68.1 inv=103.4,37.4
frame=248 line=1 track=1 cross=0 circle=1(CIRCLE_LEFT_BEGIN) round=0 yroad=0 ramp=0 road=7 speed=0 near=0/124 raw=0/105 sel=124/126 far=0/0 far_raw=0/0 l=0@-1/0@-1 far_l=0@-1/0@-1 straight=0/1 far_straight=0/0 circle_cnt=46/0/0/0 lost=0/0 conf=0.0/3.4/0.0/0.0 dist=367 begin=1632/0 m0=(84,119) ml=(85,87) md=32/1/131 cxcy=84.0,119.6 guide=-1.32 atg=2.0/1.0/1.0 pure=-0.54/-0.41 yaw=79 cmd=144 actual=15 signed=1 rps=3602/3998:3049/2764 duty=9/13 pwm=PWM2:9/PWM1:13 motor=2:9/1:13
ATGCorner: L=0@-1/0@-1 Y=0@-1/0@-1 farL=0@-1/0@-1 Lxy=-1.0,-1.0:-1.0,-1.0/-1.0,-1.0:-1.0,-1.0 Yxy=-1.0,-1.0:-1.0,-1.0/-1.0,-1.0:-1.0,-1.0 farLxy=-1.0,-1.0:-1.0,-1.0/-1.0,-1.0:-1.0,-1.0 best=-1:-1.0,-1.0:-1.0,-1.0:-57295.8:00000/1:109.6,114.2:135.2,98.0:3.4:10111 seed_src=lost/none seed=0.0,0.0/0.0,0.0 far_start=70,0 far_raw=0/0 far_num=0/0 straight=0/1 far_straight=0/0 conf_deg=0.0/3.4/0.0/0.0
CrossDiag: type=CROSS_NONE track=1 half_lr=0/0 nearL=0@-1/0@-1 nearNum=0/124 centerNum=0/124 farL=0@-1/0@-1 farNum=0/0 farRaw=0/0 lost=0/0 not_have=0 final=124/126 flags=0/0
LineErr: aim=33 cxcy=84.0,119.6 left=0:0.00@-1,-1 dx=0.0 idx=-1/-1 dist=-1/-1 right=1:-1.23@85,84 dx=1.3 idx=0/13 dist=32/252 sel=1:-1.42@86,83 dx=1.5 idx=0/16 dist=32/250 edge=0:0.00@-1.0,-1.0 dx=0.0 width=0.0 l=-1,-1 r=112,80
ATGSeedDiag: seed=0@-1,-1/1@140,108 begin=7,108 block=5 clip=8
ATGLptDiag: best=-1(-57295.8) imip=-1/-1 pass=00000 acc=-1 ipm=-1.0,-1.0 inv=-1.0,-1.0 | 1(3.4) imip=0/11 pass=10111 acc=-1 ipm=109.6,114.2 inv=135.2,98.0
frame=252 line=1 track=1 cross=0 circle=1(CIRCLE_LEFT_BEGIN) round=0 yroad=0 ramp=0 road=7 speed=0 near=0/124 raw=0/104 sel=124/126 far=0/0 far_raw=0/0 l=0@-1/0@-1 far_l=0@-1/0@-1 straight=0/1 far_straight=0/0 circle_cnt=50/0/0/0 lost=0/0 conf=0.0/2.8/0.0/0.0 dist=399 begin=1664/0 m0=(84,119) ml=(85,87) md=32/1/131 cxcy=84.0,119.6 guide=-1.49 atg=1.0/0.0/1.0 pure=-0.49/-0.39 yaw=89 cmd=176 actual=3 signed=1 rps=3559/4041:2801/2995 duty=9/12 pwm=PWM2:9/PWM1:12 motor=2:9/1:12
ATGCorner: L=0@-1/0@-1 Y=0@-1/0@-1 farL=0@-1/0@-1 Lxy=-1.0,-1.0:-1.0,-1.0/-1.0,-1.0:-1.0,-1.0 Yxy=-1.0,-1.0:-1.0,-1.0/-1.0,-1.0:-1.0,-1.0 farLxy=-1.0,-1.0:-1.0,-1.0/-1.0,-1.0:-1.0,-1.0 best=-1:-1.0,-1.0:-1.0,-1.0:-57295.8:00000/20:113.8,70.2:104.0,38.6:2.8:10111 seed_src=lost/none seed=0.0,0.0/0.0,0.0 far_start=70,0 far_raw=0/0 far_num=0/0 straight=0/1 far_straight=0/0 conf_deg=0.0/2.8/0.0/0.0
CrossDiag: type=CROSS_NONE track=1 half_lr=0/0 nearL=0@-1/0@-1 nearNum=0/124 centerNum=0/124 farL=0@-1/0@-1 farNum=0/0 farRaw=0/0 lost=0/0 not_have=0 final=124/126 flags=0/0
LineErr: aim=33 cxcy=84.0,119.6 left=0:0.00@-1,-1 dx=0.0 idx=-1/-1 dist=-1/-1 right=1:-1.61@86,84 dx=1.6 idx=0/13 dist=32/252 sel=1:-1.75@86,83 dx=1.8 idx=0/16 dist=32/250 edge=0:0.00@-1.0,-1.0 dx=0.0 width=0.0 l=-1,-1 r=113,79
ATGSeedDiag: seed=0@-1,-1/1@140,107 begin=7,108 block=5 clip=8
ATGLptDiag: best=-1(-57295.8) imip=-1/-1 pass=00000 acc=-1 ipm=-1.0,-1.0 inv=-1.0,-1.0 | 20(2.8) imip=10/30 pass=10111 acc=-1 ipm=113.8,70.2 inv=104.0,38.6
frame=253 line=1 track=1 cross=0 circle=1(CIRCLE_LEFT_BEGIN) round=0 yroad=0 ramp=0 road=7 speed=0 near=0/124 raw=0/105 sel=124/126 far=0/0 far_raw=0/0 l=0@-1/0@-1 far_l=0@-1/0@-1 straight=0/1 far_straight=0/0 circle_cnt=51/0/0/0 lost=0/0 conf=0.0/2.9/0.0/0.0 dist=407 begin=1672/0 m0=(84,119) ml=(85,87) md=32/1/130 cxcy=84.0,119.6 guide=-1.49 atg=2.0/1.0/1.0 pure=-0.54/-0.43 yaw=89 cmd=168 actual=11 signed=1 rps=3570/4030:2850/3176 duty=9/12 pwm=PWM2:9/PWM1:12 motor=2:9/1:12
ATGCorner: L=0@-1/0@-1 Y=0@-1/0@-1 farL=0@-1/0@-1 Lxy=-1.0,-1.0:-1.0,-1.0/-1.0,-1.0:-1.0,-1.0 Yxy=-1.0,-1.0:-1.0,-1.0/-1.0,-1.0:-1.0,-1.0 farLxy=-1.0,-1.0:-1.0,-1.0/-1.0,-1.0:-1.0,-1.0 best=-1:-1.0,-1.0:-1.0,-1.0:-57295.8:00000/20:113.9,70.4:104.2,38.8:2.9:10111 seed_src=lost/none seed=0.0,0.0/0.0,0.0 far_start=70,0 far_raw=0/0 far_num=0/0 straight=0/1 far_straight=0/0 conf_deg=0.0/2.9/0.0/0.0
CrossDiag: type=CROSS_NONE track=1 half_lr=0/0 nearL=0@-1/0@-1 nearNum=0/124 centerNum=0/124 farL=0@-1/0@-1 farNum=0/0 farRaw=0/0 lost=0/0 not_have=0 final=124/126 flags=0/0
LineErr: aim=33 cxcy=84.0,119.6 left=0:0.00@-1,-1 dx=0.0 idx=-1/-1 dist=-1/-1 right=1:-1.82@86,82 dx=1.9 idx=0/14 dist=33/251 sel=1:-1.79@86,83 dx=1.9 idx=0/16 dist=32/250 edge=0:0.00@-1.0,-1.0 dx=0.0 width=0.0 l=-1,-1 r=113,80
ATGSeedDiag: seed=0@-1,-1/1@141,108 begin=7,108 block=5 clip=8
ATGLptDiag: best=-1(-57295.8) imip=-1/-1 pass=00000 acc=-1 ipm=-1.0,-1.0 inv=-1.0,-1.0 | 20(2.9) imip=10/30 pass=10111 acc=-1 ipm=113.9,70.4 inv=104.2,38.8
frame=255 line=1 track=1 cross=0 circle=1(CIRCLE_LEFT_BEGIN) round=0 yroad=0 ramp=0 road=7 speed=0 near=0/124 raw=0/105 sel=124/125 far=0/0 far_raw=0/0 l=0@-1/0@-1 far_l=0@-1/0@-1 straight=0/1 far_straight=0/0 circle_cnt=53/0/0/0 lost=0/0 conf=0.0/4.0/0.0/0.0 dist=423 begin=1688/0 m0=(84,119) ml=(85,87) md=32/1/128 cxcy=84.0,119.6 guide=-1.49 atg=1.0/0.0/1.0 pure=-0.49/-0.39 yaw=89 cmd=150 actual=29 signed=1 rps=3594/4006:2710/3046 duty=9/12 pwm=PWM2:9/PWM1:12 motor=2:9/1:12
ATGCorner: L=0@-1/0@-1 Y=0@-1/0@-1 farL=0@-1/0@-1 Lxy=-1.0,-1.0:-1.0,-1.0/-1.0,-1.0:-1.0,-1.0 Yxy=-1.0,-1.0:-1.0,-1.0/-1.0,-1.0:-1.0,-1.0 farLxy=-1.0,-1.0:-1.0,-1.0/-1.0,-1.0:-1.0,-1.0 best=-1:-1.0,-1.0:-1.0,-1.0:-57295.8:00000/1:109.7,114.2:135.4,98.0:4.0:10111 seed_src=lost/none seed=0.0,0.0/0.0,0.0 far_start=70,0 far_raw=0/0 far_num=0/0 straight=0/1 far_straight=0/0 conf_deg=0.0/4.0/0.0/0.0
CrossDiag: type=CROSS_NONE track=1 half_lr=0/0 nearL=0@-1/0@-1 nearNum=0/124 centerNum=0/124 farL=0@-1/0@-1 farNum=0/0 farRaw=0/0 lost=0/0 not_have=0 final=124/125 flags=0/0
LineErr: aim=33 cxcy=84.0,119.6 left=0:0.00@-1,-1 dx=0.0 idx=-1/-1 dist=-1/-1 right=1:-1.64@86,85 dx=1.7 idx=0/13 dist=33/253 sel=1:-1.94@86,83 dx=2.0 idx=0/16 dist=32/248 edge=0:0.00@-1.0,-1.0 dx=0.0 width=0.0 l=-1,-1 r=113,80
ATGSeedDiag: seed=0@-1,-1/1@140,108 begin=7,108 block=5 clip=8
ATGLptDiag: best=-1(-57295.8) imip=-1/-1 pass=00000 acc=-1 ipm=-1.0,-1.0 inv=-1.0,-1.0 | 1(4.0) imip=0/11 pass=10111 acc=-1 ipm=109.7,114.2 inv=135.4,98.0
frame=260 line=1 track=1 cross=0 circle=1(CIRCLE_LEFT_BEGIN) round=0 yroad=0 ramp=0 road=7 speed=0 near=0/124 raw=0/104 sel=124/125 far=0/0 far_raw=0/0 l=0@-1/0@-1 far_l=0@-1/0@-1 straight=0/1 far_straight=0/0 circle_cnt=58/0/0/0 lost=0/0 conf=0.0/3.2/0.0/0.0 dist=460 begin=1725/0 m0=(84,119) ml=(85,87) md=32/1/128 cxcy=84.0,119.6 guide=-1.66 atg=1.0/0.0/1.0 pure=-0.46/-0.37 yaw=100 cmd=180 actual=19 signed=1 rps=3553/4047:2659/2910 duty=9/13 pwm=PWM2:9/PWM1:13 motor=2:9/1:13
ATGCorner: L=0@-1/0@-1 Y=0@-1/0@-1 farL=0@-1/0@-1 Lxy=-1.0,-1.0:-1.0,-1.0/-1.0,-1.0:-1.0,-1.0 Yxy=-1.0,-1.0:-1.0,-1.0/-1.0,-1.0:-1.0,-1.0 farLxy=-1.0,-1.0:-1.0,-1.0/-1.0,-1.0:-1.0,-1.0 best=-1:-1.0,-1.0:-1.0,-1.0:-57295.8:00000/19:113.5,72.4:104.7,40.0:3.2:10111 seed_src=lost/none seed=0.0,0.0/0.0,0.0 far_start=70,0 far_raw=0/0 far_num=0/0 straight=0/1 far_straight=0/0 conf_deg=0.0/3.2/0.0/0.0
CrossDiag: type=CROSS_NONE track=1 half_lr=0/0 nearL=0@-1/0@-1 nearNum=0/124 centerNum=0/124 farL=0@-1/0@-1 farNum=0/0 farRaw=0/0 lost=0/0 not_have=0 final=124/125 flags=0/0
LineErr: aim=33 cxcy=84.0,119.6 left=0:0.00@-1,-1 dx=0.0 idx=-1/-1 dist=-1/-1 right=1:-1.84@86,84 dx=1.9 idx=0/13 dist=32/253 sel=1:-2.06@86,83 dx=2.2 idx=0/16 dist=32/248 edge=0:0.00@-1.0,-1.0 dx=0.0 width=0.0 l=-1,-1 r=113,79
ATGSeedDiag: seed=0@-1,-1/1@140,107 begin=7,108 block=5 clip=8
ATGLptDiag: best=-1(-57295.8) imip=-1/-1 pass=00000 acc=-1 ipm=-1.0,-1.0 inv=-1.0,-1.0 | 19(3.2) imip=9/29 pass=10111 acc=-1 ipm=113.5,72.4 inv=104.7,40.0
frame=261 line=1 track=1 cross=0 circle=1(CIRCLE_LEFT_BEGIN) round=0 yroad=0 ramp=0 road=7 speed=0 near=0/124 raw=0/104 sel=124/126 far=0/0 far_raw=0/0 l=0@-1/0@-1 far_l=0@-1/0@-1 straight=0/1 far_straight=0/0 circle_cnt=59/0/0/0 lost=0/0 conf=0.0/3.8/0.0/0.0 dist=468 begin=1733/0 m0=(84,119) ml=(85,87) md=32/1/131 cxcy=84.0,119.6 guide=-1.66 atg=1.0/1.0/1.0 pure=-0.49/-0.41 yaw=100 cmd=198 actual=2 signed=1 rps=3529/4071:2810/2920 duty=9/13 pwm=PWM2:9/PWM1:13 motor=2:9/1:13
ATGCorner: L=0@-1/0@-1 Y=0@-1/0@-1 farL=0@-1/0@-1 Lxy=-1.0,-1.0:-1.0,-1.0/-1.0,-1.0:-1.0,-1.0 Yxy=-1.0,-1.0:-1.0,-1.0/-1.0,-1.0:-1.0,-1.0 farLxy=-1.0,-1.0:-1.0,-1.0/-1.0,-1.0:-1.0,-1.0 best=-1:-1.0,-1.0:-1.0,-1.0:-57295.8:00000/3:110.5,109.4:129.2,85.1:3.8:10111 seed_src=lost/none seed=0.0,0.0/0.0,0.0 far_start=70,0 far_raw=0/0 far_num=0/0 straight=0/1 far_straight=0/0 conf_deg=0.0/3.8/0.0/0.0
CrossDiag: type=CROSS_NONE track=1 half_lr=0/0 nearL=0@-1/0@-1 nearNum=0/124 centerNum=0/124 farL=0@-1/0@-1 farNum=0/0 farRaw=0/0 lost=0/0 not_have=0 final=124/126 flags=0/0
LineErr: aim=33 cxcy=84.0,119.6 left=0:0.00@-1,-1 dx=0.0 idx=-1/-1 dist=-1/-1 right=1:-1.83@86,84 dx=1.9 idx=0/13 dist=33/253 sel=1:-2.07@86,83 dx=2.2 idx=0/16 dist=32/250 edge=0:0.00@-1.0,-1.0 dx=0.0 width=0.0 l=-1,-1 r=113,79
ATGSeedDiag: seed=0@-1,-1/1@140,107 begin=7,108 block=5 clip=8
ATGLptDiag: best=-1(-57295.8) imip=-1/-1 pass=00000 acc=-1 ipm=-1.0,-1.0 inv=-1.0,-1.0 | 3(3.8) imip=0/13 pass=10111 acc=-1 ipm=110.5,109.4 inv=129.2,85.1
frame=262 line=1 track=1 cross=0 circle=1(CIRCLE_LEFT_BEGIN) round=0 yroad=0 ramp=0 road=7 speed=0 near=0/124 raw=0/105 sel=124/126 far=0/0 far_raw=0/0 l=0@-1/0@-1 far_l=0@-1/0@-1 straight=0/1 far_straight=0/0 circle_cnt=60/0/0/0 lost=0/0 conf=0.0/5.1/0.0/0.0 dist=476 begin=1741/0 m0=(84,119) ml=(85,87) md=32/1/131 cxcy=84.0,119.6 guide=-1.66 atg=1.0/0.0/1.0 pure=-0.49/-0.39 yaw=100 cmd=203 actual=-4 signed=1 rps=3521/4079:2761/2748 duty=9/13 pwm=PWM2:9/PWM1:13 motor=2:9/1:13
ATGCorner: L=0@-1/0@-1 Y=0@-1/0@-1 farL=0@-1/0@-1 Lxy=-1.0,-1.0:-1.0,-1.0/-1.0,-1.0:-1.0,-1.0 Yxy=-1.0,-1.0:-1.0,-1.0/-1.0,-1.0:-1.0,-1.0 farLxy=-1.0,-1.0:-1.0,-1.0/-1.0,-1.0:-1.0,-1.0 best=-1:-1.0,-1.0:-1.0,-1.0:-57295.8:00000/3:110.4,109.7:129.5,85.8:5.1:10111 seed_src=lost/none seed=0.0,0.0/0.0,0.0 far_start=70,0 far_raw=0/0 far_num=0/0 straight=0/1 far_straight=0/0 conf_deg=0.0/5.1/0.0/0.0
CrossDiag: type=CROSS_NONE track=1 half_lr=0/0 nearL=0@-1/0@-1 nearNum=0/124 centerNum=0/124 farL=0@-1/0@-1 farNum=0/0 farRaw=0/0 lost=0/0 not_have=0 final=124/126 flags=0/0
LineErr: aim=33 cxcy=84.0,119.6 left=0:0.00@-1,-1 dx=0.0 idx=-1/-1 dist=-1/-1 right=1:-1.78@86,85 dx=1.8 idx=0/13 dist=32/252 sel=1:-2.06@86,83 dx=2.2 idx=0/16 dist=32/250 edge=0:0.00@-1.0,-1.0 dx=0.0 width=0.0 l=-1,-1 r=113,80
ATGSeedDiag: seed=0@-1,-1/1@140,108 begin=7,108 block=5 clip=8
ATGLptDiag: best=-1(-57295.8) imip=-1/-1 pass=00000 acc=-1 ipm=-1.0,-1.0 inv=-1.0,-1.0 | 3(5.1) imip=0/13 pass=10111 acc=-1 ipm=110.4,109.7 inv=129.5,85.8
frame=268 line=1 track=1 cross=0 circle=1(CIRCLE_LEFT_BEGIN) round=0 yroad=0 ramp=0 road=7 speed=0 near=0/124 raw=0/105 sel=124/126 far=0/0 far_raw=0/0 l=0@-1/0@-1 far_l=0@-1/0@-1 straight=0/1 far_straight=0/0 circle_cnt=66/0/0/0 lost=0/0 conf=0.0/9.6/0.0/0.0 dist=524 begin=1789/0 m0=(84,119) ml=(86,87) md=32/1/131 cxcy=84.0,119.6 guide=-2.00 atg=1.0/0.0/1.0 pure=-0.45/-0.39 yaw=120 cmd=255 actual=-15 signed=1 rps=3450/4150:3134/2734 duty=8/13 pwm=PWM2:8/PWM1:13 motor=2:8/1:13
ATGCorner: L=0@-1/0@-1 Y=0@-1/0@-1 farL=0@-1/0@-1 Lxy=-1.0,-1.0:-1.0,-1.0/-1.0,-1.0:-1.0,-1.0 Yxy=-1.0,-1.0:-1.0,-1.0/-1.0,-1.0:-1.0,-1.0 farLxy=-1.0,-1.0:-1.0,-1.0/-1.0,-1.0:-1.0,-1.0 best=-1:-1.0,-1.0:-1.0,-1.0:-57295.8:00000/1:109.9,114.3:135.8,98.1:9.6:10111 seed_src=lost/none seed=0.0,0.0/0.0,0.0 far_start=70,0 far_raw=0/0 far_num=0/0 straight=0/1 far_straight=0/0 conf_deg=0.0/9.6/0.0/0.0
CrossDiag: type=CROSS_NONE track=1 half_lr=0/0 nearL=0@-1/0@-1 nearNum=0/124 centerNum=0/124 farL=0@-1/0@-1 farNum=0/0 farRaw=0/0 lost=0/0 not_have=0 final=124/126 flags=0/0
LineErr: aim=33 cxcy=84.0,119.6 left=0:0.00@-1,-1 dx=0.0 idx=-1/-1 dist=-1/-1 right=1:-2.02@86,85 dx=2.0 idx=0/13 dist=33/253 sel=1:-2.43@87,83 dx=2.5 idx=0/16 dist=32/250 edge=0:0.00@-1.0,-1.0 dx=0.0 width=0.0 l=-1,-1 r=113,80
ATGSeedDiag: seed=0@-1,-1/1@140,108 begin=7,108 block=5 clip=8
ATGLptDiag: best=-1(-57295.8) imip=-1/-1 pass=00000 acc=-1 ipm=-1.0,-1.0 inv=-1.0,-1.0 | 1(9.6) imip=0/11 pass=10111 acc=-1 ipm=109.9,114.3 inv=135.8,98.1
frame=274 line=1 track=1 cross=0 circle=1(CIRCLE_LEFT_BEGIN) round=0 yroad=0 ramp=0 road=7 speed=0 near=0/124 raw=0/105 sel=124/126 far=0/0 far_raw=0/0 l=0@-1/0@-1 far_l=0@-1/0@-1 straight=0/1 far_straight=0/0 circle_cnt=72/0/0/0 lost=0/0 conf=0.0/6.8/0.0/0.0 dist=572 begin=1837/0 m0=(84,119) ml=(86,87) md=32/1/131 cxcy=84.0,119.6 guide=-2.17 atg=2.0/1.0/1.0 pure=-0.51/-0.41 yaw=130 cmd=262 actual=-2 signed=1 rps=3440/4160:2823/3107 duty=9/13 pwm=PWM2:9/PWM1:13 motor=2:9/1:13
ATGCorner: L=0@-1/0@-1 Y=0@-1/0@-1 farL=0@-1/0@-1 Lxy=-1.0,-1.0:-1.0,-1.0/-1.0,-1.0:-1.0,-1.0 Yxy=-1.0,-1.0:-1.0,-1.0/-1.0,-1.0:-1.0,-1.0 farLxy=-1.0,-1.0:-1.0,-1.0/-1.0,-1.0:-1.0,-1.0 best=-1:-1.0,-1.0:-1.0,-1.0:-57295.8:00000/1:110.1,114.3:136.3,98.0:6.8:10111 seed_src=lost/none seed=0.0,0.0/0.0,0.0 far_start=70,0 far_raw=0/0 far_num=0/0 straight=0/1 far_straight=0/0 conf_deg=0.0/6.8/0.0/0.0
CrossDiag: type=CROSS_NONE track=1 half_lr=0/0 nearL=0@-1/0@-1 nearNum=0/124 centerNum=0/124 farL=0@-1/0@-1 farNum=0/0 farRaw=0/0 lost=0/0 not_have=0 final=124/126 flags=0/0
LineErr: aim=33 cxcy=84.0,119.6 left=0:0.00@-1,-1 dx=0.0 idx=-1/-1 dist=-1/-1 right=1:-2.42@86,85 dx=2.4 idx=0/13 dist=32/256 sel=1:-2.69@87,83 dx=2.8 idx=0/16 dist=32/250 edge=0:0.00@-1.0,-1.0 dx=0.0 width=0.0 l=-1,-1 r=113,80
ATGSeedDiag: seed=0@-1,-1/1@141,108 begin=7,108 block=5 clip=8
ATGLptDiag: best=-1(-57295.8) imip=-1/-1 pass=00000 acc=-1 ipm=-1.0,-1.0 inv=-1.0,-1.0 | 1(6.8) imip=0/11 pass=10111 acc=-1 ipm=110.1,114.3 inv=136.3,98.0
frame=278 line=1 track=1 cross=0 circle=1(CIRCLE_LEFT_BEGIN) round=0 yroad=0 ramp=0 road=7 speed=0 near=0/124 raw=0/105 sel=124/125 far=0/0 far_raw=0/0 l=0@-1/0@-1 far_l=0@-1/0@-1 straight=0/1 far_straight=0/0 circle_cnt=76/0/0/0 lost=0/0 conf=0.0/2.9/0.0/0.0 dist=604 begin=1869/0 m0=(84,119) ml=(86,87) md=32/1/128 cxcy=84.0,119.6 guide=-2.17 atg=1.0/0.0/1.0 pure=-0.44/-0.37 yaw=130 cmd=196 actual=64 signed=1 rps=3531/4069:2566/2871 duty=9/13 pwm=PWM2:9/PWM1:13 motor=2:9/1:13
ATGCorner: L=0@-1/0@-1 Y=0@-1/0@-1 farL=0@-1/0@-1 Lxy=-1.0,-1.0:-1.0,-1.0/-1.0,-1.0:-1.0,-1.0 Yxy=-1.0,-1.0:-1.0,-1.0/-1.0,-1.0:-1.0,-1.0 farLxy=-1.0,-1.0:-1.0,-1.0/-1.0,-1.0:-1.0,-1.0 best=-1:-1.0,-1.0:-1.0,-1.0:-57295.8:00000/16:113.2,79.7:107.7,45.1:2.9:10111 seed_src=lost/none seed=0.0,0.0/0.0,0.0 far_start=70,0 far_raw=0/0 far_num=0/0 straight=0/1 far_straight=0/0 conf_deg=0.0/2.9/0.0/0.0
CrossDiag: type=CROSS_NONE track=1 half_lr=0/0 nearL=0@-1/0@-1 nearNum=0/124 centerNum=0/124 farL=0@-1/0@-1 farNum=0/0 farRaw=0/0 lost=0/0 not_have=0 final=124/125 flags=0/0
LineErr: aim=33 cxcy=84.0,119.6 left=0:0.00@-1,-1 dx=0.0 idx=-1/-1 dist=-1/-1 right=1:-2.37@86,85 dx=2.4 idx=0/13 dist=32/252 sel=1:-2.56@87,83 dx=2.7 idx=0/16 dist=32/248 edge=0:0.00@-1.0,-1.0 dx=0.0 width=0.0 l=-1,-1 r=113,80
ATGSeedDiag: seed=0@-1,-1/1@141,108 begin=7,108 block=5 clip=8
ATGLptDiag: best=-1(-57295.8) imip=-1/-1 pass=00000 acc=-1 ipm=-1.0,-1.0 inv=-1.0,-1.0 | 16(2.9) imip=6/26 pass=10111 acc=-1 ipm=113.2,79.7 inv=107.7,45.1
frame=282 line=1 track=1 cross=0 circle=1(CIRCLE_LEFT_BEGIN) round=0 yroad=0 ramp=0 road=7 speed=0 near=0/124 raw=0/105 sel=124/125 far=0/0 far_raw=0/0 l=0@-1/0@-1 far_l=0@-1/0@-1 straight=0/1 far_straight=0/0 circle_cnt=80/0/0/0 lost=0/0 conf=0.0/3.7/0.0/0.0 dist=636 begin=1901/0 m0=(84,119) ml=(86,87) md=32/1/128 cxcy=84.0,119.6 guide=-2.17 atg=1.0/0.0/1.0 pure=-0.44/-0.37 yaw=130 cmd=204 actual=57 signed=1 rps=3521/4079:2829/3015 duty=9/13 pwm=PWM2:9/PWM1:13 motor=2:9/1:13
ATGCorner: L=0@-1/0@-1 Y=0@-1/0@-1 farL=0@-1/0@-1 Lxy=-1.0,-1.0:-1.0,-1.0/-1.0,-1.0:-1.0,-1.0 Yxy=-1.0,-1.0:-1.0,-1.0/-1.0,-1.0:-1.0,-1.0 farLxy=-1.0,-1.0:-1.0,-1.0/-1.0,-1.0:-1.0,-1.0 best=-1:-1.0,-1.0:-1.0,-1.0:-57295.8:00000/1:109.7,114.2:135.3,97.9:3.7:10111 seed_src=lost/none seed=0.0,0.0/0.0,0.0 far_start=70,0 far_raw=0/0 far_num=0/0 straight=0/1 far_straight=0/0 conf_deg=0.0/3.7/0.0/0.0
CrossDiag: type=CROSS_NONE track=1 half_lr=0/0 nearL=0@-1/0@-1 nearNum=0/124 centerNum=0/124 farL=0@-1/0@-1 farNum=0/0 farRaw=0/0 lost=0/0 not_have=0 final=124/125 flags=0/0
LineErr: aim=33 cxcy=84.0,119.6 left=0:0.00@-1,-1 dx=0.0 idx=-1/-1 dist=-1/-1 right=1:-2.37@86,85 dx=2.4 idx=0/13 dist=32/255 sel=1:-2.55@87,83 dx=2.7 idx=0/16 dist=32/248 edge=0:0.00@-1.0,-1.0 dx=0.0 width=0.0 l=-1,-1 r=113,80
ATGSeedDiag: seed=0@-1,-1/1@141,108 begin=7,108 block=5 clip=8
ATGLptDiag: best=-1(-57295.8) imip=-1/-1 pass=00000 acc=-1 ipm=-1.0,-1.0 inv=-1.0,-1.0 | 1(3.7) imip=0/11 pass=10111 acc=-1 ipm=109.7,114.2 inv=135.3,97.9
frame=283 line=1 track=1 cross=0 circle=1(CIRCLE_LEFT_BEGIN) round=0 yroad=0 ramp=0 road=7 speed=0 near=0/124 raw=0/105 sel=124/125 far=0/0 far_raw=0/0 l=0@-1/0@-1 far_l=0@-1/0@-1 straight=0/1 far_straight=0/0 circle_cnt=81/0/0/0 lost=0/0 conf=0.0/3.5/0.0/0.0 dist=644 begin=1909/0 m0=(84,119) ml=(86,87) md=32/1/128 cxcy=84.0,119.6 guide=-2.17 atg=1.0/0.0/1.0 pure=-0.44/-0.37 yaw=130 cmd=208 actual=53 signed=1 rps=3515/4085:2771/2823 duty=9/13 pwm=PWM2:9/PWM1:13 motor=2:9/1:13
ATGCorner: L=0@-1/0@-1 Y=0@-1/0@-1 farL=0@-1/0@-1 Lxy=-1.0,-1.0:-1.0,-1.0/-1.0,-1.0:-1.0,-1.0 Yxy=-1.0,-1.0:-1.0,-1.0/-1.0,-1.0:-1.0,-1.0 farLxy=-1.0,-1.0:-1.0,-1.0/-1.0,-1.0:-1.0,-1.0 best=-1:-1.0,-1.0:-1.0,-1.0:-57295.8:00000/15:112.9,82.0:108.6,47.0:3.5:10111 seed_src=lost/none seed=0.0,0.0/0.0,0.0 far_start=70,0 far_raw=0/0 far_num=0/0 straight=0/1 far_straight=0/0 conf_deg=0.0/3.5/0.0/0.0
CrossDiag: type=CROSS_NONE track=1 half_lr=0/0 nearL=0@-1/0@-1 nearNum=0/124 centerNum=0/124 farL=0@-1/0@-1 farNum=0/0 farRaw=0/0 lost=0/0 not_have=0 final=124/125 flags=0/0
LineErr: aim=33 cxcy=84.0,119.6 left=0:0.00@-1,-1 dx=0.0 idx=-1/-1 dist=-1/-1 right=1:-2.37@86,85 dx=2.4 idx=0/13 dist=32/253 sel=1:-2.55@87,83 dx=2.7 idx=0/16 dist=32/248 edge=0:0.00@-1.0,-1.0 dx=0.0 width=0.0 l=-1,-1 r=113,80
ATGSeedDiag: seed=0@-1,-1/1@141,108 begin=7,108 block=5 clip=8
ATGLptDiag: best=-1(-57295.8) imip=-1/-1 pass=00000 acc=-1 ipm=-1.0,-1.0 inv=-1.0,-1.0 | 15(3.5) imip=5/25 pass=10111 acc=-1 ipm=112.9,82.0 inv=108.6,47.0
frame=284 line=1 track=1 cross=0 circle=1(CIRCLE_LEFT_BEGIN) round=0 yroad=0 ramp=0 road=7 speed=0 near=0/124 raw=0/105 sel=124/125 far=0/0 far_raw=0/0 l=0@-1/0@-1 far_l=0@-1/0@-1 straight=0/1 far_straight=0/0 circle_cnt=82/0/0/0 lost=0/0 conf=0.0/3.5/0.0/0.0 dist=652 begin=1917/0 m0=(84,119) ml=(86,87) md=32/1/128 cxcy=84.0,119.6 guide=-2.34 atg=1.0/0.0/0.0 pure=-0.42/-0.37 yaw=140 cmd=233 actual=48 signed=1 rps=3481/4119:2972/2846 duty=9/13 pwm=PWM2:9/PWM1:13 motor=2:9/1:13
ATGCorner: L=0@-1/0@-1 Y=0@-1/0@-1 farL=0@-1/0@-1 Lxy=-1.0,-1.0:-1.0,-1.0/-1.0,-1.0:-1.0,-1.0 Yxy=-1.0,-1.0:-1.0,-1.0/-1.0,-1.0:-1.0,-1.0 farLxy=-1.0,-1.0:-1.0,-1.0/-1.0,-1.0:-1.0,-1.0 best=-1:-1.0,-1.0:-1.0,-1.0:-57295.8:00000/1:109.6,114.2:135.1,97.9:3.5:10111 seed_src=lost/none seed=0.0,0.0/0.0,0.0 far_start=70,0 far_raw=0/0 far_num=0/0 straight=0/1 far_straight=0/0 conf_deg=0.0/3.5/0.0/0.0
CrossDiag: type=CROSS_NONE track=1 half_lr=0/0 nearL=0@-1/0@-1 nearNum=0/124 centerNum=0/124 farL=0@-1/0@-1 farNum=0/0 farRaw=0/0 lost=0/0 not_have=0 final=124/125 flags=0/0
LineErr: aim=33 cxcy=84.0,119.6 left=0:0.00@-1,-1 dx=0.0 idx=-1/-1 dist=-1/-1 right=1:-2.37@86,85 dx=2.4 idx=0/13 dist=32/253 sel=1:-2.54@87,83 dx=2.7 idx=0/16 dist=32/248 edge=0:0.00@-1.0,-1.0 dx=0.0 width=0.0 l=-1,-1 r=113,80
ATGSeedDiag: seed=0@-1,-1/1@141,108 begin=7,108 block=5 clip=8
ATGLptDiag: best=-1(-57295.8) imip=-1/-1 pass=00000 acc=-1 ipm=-1.0,-1.0 inv=-1.0,-1.0 | 1(3.5) imip=0/11 pass=10111 acc=-1 ipm=109.6,114.2 inv=135.1,97.9
frame=287 line=1 track=1 cross=0 circle=1(CIRCLE_LEFT_BEGIN) round=0 yroad=0 ramp=0 road=7 speed=0 near=0/124 raw=0/105 sel=124/125 far=0/0 far_raw=0/0 l=0@-1/0@-1 far_l=0@-1/0@-1 straight=0/1 far_straight=0/0 circle_cnt=85/0/0/0 lost=0/0 conf=0.0/2.8/0.0/0.0 dist=676 begin=1941/0 m0=(84,119) ml=(86,87) md=32/1/128 cxcy=84.0,119.6 guide=-2.34 atg=1.0/0.0/0.0 pure=-0.36/-0.32 yaw=140 cmd=257 actual=24 signed=1 rps=3448/4152:3116/2759 duty=8/13 pwm=PWM2:8/PWM1:13 motor=2:8/1:13
ATGCorner: L=0@-1/0@-1 Y=0@-1/0@-1 farL=0@-1/0@-1 Lxy=-1.0,-1.0:-1.0,-1.0/-1.0,-1.0:-1.0,-1.0 Yxy=-1.0,-1.0:-1.0,-1.0/-1.0,-1.0:-1.0,-1.0 farLxy=-1.0,-1.0:-1.0,-1.0/-1.0,-1.0:-1.0,-1.0 best=-1:-1.0,-1.0:-1.0,-1.0:-57295.8:00000/15:112.6,82.0:108.3,47.0:2.8:10111 seed_src=lost/none seed=0.0,0.0/0.0,0.0 far_start=70,0 far_raw=0/0 far_num=0/0 straight=0/1 far_straight=0/0 conf_deg=0.0/2.8/0.0/0.0
CrossDiag: type=CROSS_NONE track=1 half_lr=0/0 nearL=0@-1/0@-1 nearNum=0/124 centerNum=0/124 farL=0@-1/0@-1 farNum=0/0 farRaw=0/0 lost=0/0 not_have=0 final=124/125 flags=0/0
LineErr: aim=33 cxcy=84.0,119.6 left=0:0.00@-1,-1 dx=0.0 idx=-1/-1 dist=-1/-1 right=1:-2.37@86,85 dx=2.4 idx=0/13 dist=32/252 sel=1:-2.42@87,83 dx=2.5 idx=0/16 dist=32/248 edge=0:0.00@-1.0,-1.0 dx=0.0 width=0.0 l=-1,-1 r=113,80
ATGSeedDiag: seed=0@-1,-1/1@141,108 begin=7,108 block=5 clip=8
ATGLptDiag: best=-1(-57295.8) imip=-1/-1 pass=00000 acc=-1 ipm=-1.0,-1.0 inv=-1.0,-1.0 | 15(2.8) imip=5/25 pass=10111 acc=-1 ipm=112.6,82.0 inv=108.3,47.0
frame=290 line=1 track=1 cross=0 circle=1(CIRCLE_LEFT_BEGIN) round=0 yroad=0 ramp=0 road=7 speed=0 near=53/124 raw=105/105 sel=124/125 far=0/0 far_raw=0/0 l=0@-1/0@-1 far_l=0@-1/0@-1 straight=0/1 far_straight=0/0 circle_cnt=87/0/0/0 lost=0/0 conf=25.2/4.1/0.0/0.0 dist=700 begin=1965/0 m0=(84,119) ml=(86,87) md=32/1/129 cxcy=84.0,119.6 guide=-2.34 atg=1.0/0.0/0.0 pure=-0.38/-0.34 yaw=140 cmd=265 actual=16 signed=1 rps=3437/4163:2919/2696 duty=8/13 pwm=PWM2:8/PWM1:13 motor=2:8/1:13
ATGCorner: L=0@-1/0@-1 Y=0@-1/0@-1 farL=0@-1/0@-1 Lxy=-1.0,-1.0:-1.0,-1.0/-1.0,-1.0:-1.0,-1.0 Yxy=-1.0,-1.0:-1.0,-1.0/-1.0,-1.0:-1.0,-1.0 farLxy=-1.0,-1.0:-1.0,-1.0/-1.0,-1.0:-1.0,-1.0 best=12:61.7,86.3:47.6,51.3:25.2:10110/14:112.6,84.3:109.6,49.0:4.1:10111 seed_src=none/none seed=0.0,0.0/0.0,0.0 far_start=70,0 far_raw=0/0 far_num=0/0 straight=0/1 far_straight=0/0 conf_deg=25.2/4.1/0.0/0.0
CrossDiag: type=CROSS_NONE track=1 half_lr=0/0 nearL=0@-1/0@-1 nearNum=53/124 centerNum=53/124 farL=0@-1/0@-1 farNum=0/0 farRaw=0/0 lost=0/0 not_have=0 final=124/125 flags=0/0
LineErr: aim=33 cxcy=84.0,119.6 left=1:-3.43@88,80 dx=3.8 idx=4/14 dist=34/164 right=1:-2.36@86,85 dx=2.4 idx=0/13 dist=32/253 sel=1:-2.43@87,83 dx=2.5 idx=0/16 dist=32/248 edge=1:0.43@83.5,72.5 dx=-0.5 width=60.9 l=54,65 r=113,80
CxScan: raw_ref=80.0 edge=83.5,72.5 best_raw_x=80 best_err=0.43 best_cxcy=84.0,119.6 scan=0:-23.3,10:-20.6,20:-17.8,30:-14.9,40:-11.9,50:-8.9,60:-5.8,70:-2.7,80:0.4,90:3.5,100:6.6,110:9.7,120:12.7,130:15.6,140:18.4
ATGSeedDiag: seed=1@4,85/1@140,108 begin=7,108 block=5 clip=8
ATGLptDiag: best=12(25.2) imip=2/22 pass=10110 acc=-1 ipm=61.7,86.3 inv=47.6,51.3 | 14(4.1) imip=4/24 pass=10111 acc=-1 ipm=112.6,84.3 inv=109.6,49.0
frame=292 line=1 track=1 cross=0 circle=1(CIRCLE_LEFT_BEGIN) round=0 yroad=0 ramp=0 road=7 speed=0 near=53/124 raw=106/105 sel=124/125 far=0/0 far_raw=0/0 l=0@-1/0@-1 far_l=0@-1/0@-1 straight=0/1 far_straight=0/0 circle_cnt=87/0/0/0 lost=0/0 conf=22.3/4.5/0.0/0.0 dist=716 begin=1981/0 m0=(84,119) ml=(86,87) md=32/1/128 cxcy=84.0,119.6 guide=-2.00 atg=1.0/0.0/0.0 pure=-0.36/-0.32 yaw=120 cmd=210 actual=30 signed=1 rps=3512/4088:3064/3100 duty=9/13 pwm=PWM2:9/PWM1:13 motor=2:9/1:13
ATGCorner: L=0@-1/0@-1 Y=0@-1/0@-1 farL=0@-1/0@-1 Lxy=-1.0,-1.0:-1.0,-1.0/-1.0,-1.0:-1.0,-1.0 Yxy=-1.0,-1.0:-1.0,-1.0/-1.0,-1.0:-1.0,-1.0 farLxy=-1.0,-1.0:-1.0,-1.0/-1.0,-1.0:-1.0,-1.0 best=13:61.8,84.3:48.4,49.4:22.3:10111/2:110.2,112.0:132.6,91.6:4.5:10111 seed_src=none/none seed=0.0,0.0/0.0,0.0 far_start=70,0 far_raw=0/0 far_num=0/0 straight=0/1 far_straight=0/0 conf_deg=22.3/4.5/0.0/0.0
CrossDiag: type=CROSS_NONE track=1 half_lr=0/0 nearL=0@-1/0@-1 nearNum=53/124 centerNum=53/124 farL=0@-1/0@-1 farNum=0/0 farRaw=0/0 lost=0/0 not_have=0 final=124/125 flags=0/0
LineErr: aim=33 cxcy=84.0,119.6 left=1:-3.75@88,84 dx=3.8 idx=4/13 dist=31/163 right=1:-2.27@86,86 dx=2.3 idx=0/13 dist=32/252 sel=1:-2.17@86,83 dx=2.3 idx=0/16 dist=32/248 edge=1:0.84@83.0,73.0 dx=-1.0 width=59.7 l=54,66 r=112,80
CxScan: raw_ref=80.0 edge=83.0,73.0 best_raw_x=75 best_err=-0.73 best_cxcy=82.1,119.5 scan=0:-23.1,10:-20.4,20:-17.6,30:-14.6,40:-11.6,50:-8.6,60:-5.4,70:-2.3,80:0.8,90:4.0,100:7.1,110:10.2,120:13.2,130:16.1,140:18.9
ATGSeedDiag: seed=1@4,86/1@140,108 begin=7,108 block=5 clip=8
ATGLptDiag: best=13(22.3) imip=3/23 pass=10111 acc=-1 ipm=61.8,84.3 inv=48.4,49.4 | 2(4.5) imip=0/12 pass=10111 acc=-1 ipm=110.2,112.0 inv=132.6,91.6
frame=293 line=1 track=1 cross=0 circle=1(CIRCLE_LEFT_BEGIN) round=0 yroad=0 ramp=0 road=7 speed=0 near=52/124 raw=105/105 sel=124/125 far=0/0 far_raw=0/0 l=0@-1/0@-1 far_l=0@-1/0@-1 straight=0/1 far_straight=0/0 circle_cnt=87/0/0/0 lost=0/0 conf=25.3/3.7/0.0/0.0 dist=724 begin=1989/0 m0=(84,119) ml=(86,87) md=32/1/128 cxcy=84.0,119.6 guide=-2.00 atg=1.0/0.0/0.0 pure=-0.36/-0.32 yaw=120 cmd=196 actual=44 signed=1 rps=3531/4069:2848/3015 duty=9/13 pwm=PWM2:9/PWM1:13 motor=2:9/1:13
ATGCorner: L=0@-1/0@-1 Y=0@-1/0@-1 farL=0@-1/0@-1 Lxy=-1.0,-1.0:-1.0,-1.0/-1.0,-1.0:-1.0,-1.0 Yxy=-1.0,-1.0:-1.0,-1.0/-1.0,-1.0:-1.0,-1.0 farLxy=-1.0,-1.0:-1.0,-1.0/-1.0,-1.0:-1.0,-1.0 best=12:61.9,86.8:47.6,51.7:25.3:10110/14:112.4,84.3:109.3,49.0:3.7:10111 seed_src=none/none seed=0.0,0.0/0.0,0.0 far_start=70,0 far_raw=0/0 far_num=0/0 straight=0/1 far_straight=0/0 conf_deg=25.3/3.7/0.0/0.0
CrossDiag: type=CROSS_NONE track=1 half_lr=0/0 nearL=0@-1/0@-1 nearNum=52/124 centerNum=52/124 farL=0@-1/0@-1 farNum=0/0 farRaw=0/0 lost=0/0 not_have=0 final=124/125 flags=0/0
LineErr: aim=33 cxcy=84.0,119.6 left=1:-3.17@88,80 dx=3.5 idx=4/14 dist=34/160 right=1:-2.27@86,85 dx=2.3 idx=0/13 dist=32/253 sel=1:-2.17@86,83 dx=2.3 idx=0/16 dist=32/248 edge=1:1.25@82.5,73.0 dx=-1.5 width=60.6 l=53,66 r=112,80
CxScan: raw_ref=80.0 edge=82.5,73.0 best_raw_x=75 best_err=-0.32 best_cxcy=82.1,119.5 scan=0:-22.8,10:-20.0,20:-17.2,30:-14.2,40:-11.2,50:-8.2,60:-5.0,70:-1.9,80:1.3,90:4.4,100:7.5,110:10.6,120:13.6,130:16.5,140:19.3
ATGSeedDiag: seed=1@4,87/1@140,108 begin=7,108 block=5 clip=8
ATGLptDiag: best=12(25.3) imip=2/22 pass=10110 acc=-1 ipm=61.9,86.8 inv=47.6,51.7 | 14(3.7) imip=4/24 pass=10111 acc=-1 ipm=112.4,84.3 inv=109.3,49.0
frame=294 line=1 track=1 cross=0 circle=1(CIRCLE_LEFT_BEGIN) round=0 yroad=0 ramp=0 road=7 speed=0 near=51/124 raw=104/105 sel=124/125 far=0/0 far_raw=0/0 l=0@-1/0@-1 far_l=0@-1/0@-1 straight=0/1 far_straight=0/0 circle_cnt=87/0/0/0 lost=0/0 conf=23.8/4.4/0.0/0.0 dist=732 begin=1997/0 m0=(84,119) ml=(86,87) md=32/1/128 cxcy=84.0,119.6 guide=-2.00 atg=1.0/0.0/0.0 pure=-0.36/-0.32 yaw=120 cmd=186 actual=54 signed=1 rps=3545/4055:2889/3186 duty=9/12 pwm=PWM2:9/PWM1:12 motor=2:9/1:12
ATGCorner: L=0@-1/0@-1 Y=0@-1/0@-1 farL=0@-1/0@-1 Lxy=-1.0,-1.0:-1.0,-1.0/-1.0,-1.0:-1.0,-1.0 Yxy=-1.0,-1.0:-1.0,-1.0/-1.0,-1.0:-1.0,-1.0 farLxy=-1.0,-1.0:-1.0,-1.0/-1.0,-1.0:-1.0,-1.0 best=12:61.9,86.5:47.7,51.5:23.8:10110/2:110.3,112.0:132.7,91.6:4.4:10111 seed_src=none/none seed=0.0,0.0/0.0,0.0 far_start=70,0 far_raw=0/0 far_num=0/0 straight=0/1 far_straight=0/0 conf_deg=23.8/4.4/0.0/0.0
CrossDiag: type=CROSS_NONE track=1 half_lr=0/0 nearL=0@-1/0@-1 nearNum=51/124 centerNum=51/124 farL=0@-1/0@-1 farNum=0/0 farRaw=0/0 lost=0/0 not_have=0 final=124/125 flags=0/0
LineErr: aim=33 cxcy=84.0,119.6 left=1:-3.04@87,79 dx=3.4 idx=4/14 dist=34/158 right=1:-2.36@86,85 dx=2.4 idx=0/13 dist=32/252 sel=1:-2.34@86,83 dx=2.5 idx=0/16 dist=32/248 edge=1:1.25@82.5,73.0 dx=-1.5 width=60.6 l=53,66 r=112,80
CxScan: raw_ref=80.0 edge=82.5,73.0 best_raw_x=75 best_err=-0.32 best_cxcy=82.1,119.5 scan=0:-22.8,10:-20.0,20:-17.2,30:-14.2,40:-11.2,50:-8.2,60:-5.0,70:-1.9,80:1.3,90:4.4,100:7.5,110:10.6,120:13.6,130:16.5,140:19.3
ATGSeedDiag: seed=1@5,87/1@140,108 begin=7,108 block=5 clip=8
ATGLptDiag: best=12(23.8) imip=2/22 pass=10110 acc=-1 ipm=61.9,86.5 inv=47.7,51.5 | 2(4.4) imip=0/12 pass=10111 acc=-1 ipm=110.3,112.0 inv=132.7,91.6
frame=295 line=1 track=1 cross=0 circle=1(CIRCLE_LEFT_BEGIN) round=0 yroad=0 ramp=0 road=7 speed=0 near=51/124 raw=105/105 sel=124/125 far=0/0 far_raw=0/0 l=0@-1/0@-1 far_l=0@-1/0@-1 straight=0/1 far_straight=0/0 circle_cnt=87/0/0/0 lost=0/0 conf=25.2/4.2/0.0/0.0 dist=740 begin=2005/0 m0=(84,119) ml=(86,87) md=32/1/128 cxcy=84.0,119.6 guide=-2.00 atg=1.0/0.0/0.0 pure=-0.36/-0.33 yaw=120 cmd=182 actual=58 signed=1 rps=3550/4050:2733/3044 duty=9/13 pwm=PWM2:9/PWM1:13 motor=2:9/1:13
ATGCorner: L=0@-1/0@-1 Y=0@-1/0@-1 farL=0@-1/0@-1 Lxy=-1.0,-1.0:-1.0,-1.0/-1.0,-1.0:-1.0,-1.0 Yxy=-1.0,-1.0:-1.0,-1.0/-1.0,-1.0:-1.0,-1.0 farLxy=-1.0,-1.0:-1.0,-1.0/-1.0,-1.0:-1.0,-1.0 best=13:61.8,84.6:48.3,49.7:25.2:10111/1:109.8,114.3:135.7,98.1:4.2:10111 seed_src=none/none seed=0.0,0.0/0.0,0.0 far_start=70,0 far_raw=0/0 far_num=0/0 straight=0/1 far_straight=0/0 conf_deg=25.2/4.2/0.0/0.0
CrossDiag: type=CROSS_NONE track=1 half_lr=0/0 nearL=0@-1/0@-1 nearNum=51/124 centerNum=51/124 farL=0@-1/0@-1 farNum=0/0 farRaw=0/0 lost=0/0 not_have=0 final=124/125 flags=0/0
LineErr: aim=33 cxcy=84.0,119.6 left=1:-3.70@88,84 dx=3.8 idx=4/13 dist=31/158 right=1:-2.42@86,85 dx=2.4 idx=0/13 dist=32/252 sel=1:-2.36@86,83 dx=2.5 idx=0/16 dist=32/248 edge=1:0.44@83.5,74.0 dx=-0.5 width=58.2 l=55,68 r=112,80
CxScan: raw_ref=80.0 edge=83.5,74.0 best_raw_x=80 best_err=0.44 best_cxcy=84.0,119.6 scan=0:-23.8,10:-21.0,20:-18.2,30:-15.2,40:-12.2,50:-9.1,60:-5.9,70:-2.8,80:0.4,90:3.6,100:6.8,110:9.9,120:13.0,130:15.9,140:18.8
ATGSeedDiag: seed=1@4,88/1@140,108 begin=7,108 block=5 clip=8
ATGLptDiag: best=13(25.2) imip=3/23 pass=10111 acc=-1 ipm=61.8,84.6 inv=48.3,49.7 | 1(4.2) imip=0/11 pass=10111 acc=-1 ipm=109.8,114.3 inv=135.7,98.1
frame=296 line=1 track=1 cross=0 circle=1(CIRCLE_LEFT_BEGIN) round=0 yroad=0 ramp=0 road=7 speed=0 near=51/124 raw=105/105 sel=124/125 far=0/0 far_raw=0/0 l=0@-1/0@-1 far_l=0@-1/0@-1 straight=0/1 far_straight=0/0 circle_cnt=87/0/0/0 lost=0/0 conf=26.7/3.3/0.0/0.0 dist=748 begin=2013/0 m0=(84,119) ml=(86,87) md=32/1/128 cxcy=84.0,119.6 guide=-2.00 atg=1.0/0.0/0.0 pure=-0.36/-0.32 yaw=120 cmd=188 actual=52 signed=1 rps=3543/4057:2770/3033 duty=9/13 pwm=PWM2:9/PWM1:13 motor=2:9/1:13
ATGCorner: L=0@-1/0@-1 Y=0@-1/0@-1 farL=0@-1/0@-1 Lxy=-1.0,-1.0:-1.0,-1.0/-1.0,-1.0:-1.0,-1.0 Yxy=-1.0,-1.0:-1.0,-1.0/-1.0,-1.0:-1.0,-1.0 farLxy=-1.0,-1.0:-1.0,-1.0/-1.0,-1.0:-1.0,-1.0 best=49:-4.2,46.5:6.1,28.2:26.7:10100/1:109.8,114.3:135.7,98.1:3.3:10111 seed_src=none/none seed=0.0,0.0/0.0,0.0 far_start=70,0 far_raw=0/0 far_num=0/0 straight=0/1 far_straight=0/0 conf_deg=26.7/3.3/0.0/0.0
CrossDiag: type=CROSS_NONE track=1 half_lr=0/0 nearL=0@-1/0@-1 nearNum=51/124 centerNum=51/124 farL=0@-1/0@-1 farNum=0/0 farRaw=0/0 lost=0/0 not_have=0 final=124/125 flags=0/0
LineErr: aim=33 cxcy=84.0,119.6 left=1:-3.46@88,83 dx=3.6 idx=4/13 dist=31/156 right=1:-2.33@86,85 dx=2.3 idx=0/13 dist=32/252 sel=1:-2.18@86,83 dx=2.3 idx=0/16 dist=32/248 edge=1:0.85@83.0,74.0 dx=-1.0 width=59.2 l=54,68 r=112,80
CxScan: raw_ref=80.0 edge=83.0,74.0 best_raw_x=75 best_err=-0.74 best_cxcy=82.1,119.5 scan=0:-23.4,10:-20.7,20:-17.8,30:-14.8,40:-11.8,50:-8.7,60:-5.5,70:-2.3,80:0.9,90:4.0,100:7.2,110:10.3,120:13.4,130:16.3,140:19.2
ATGSeedDiag: seed=1@5,88/1@140,108 begin=7,108 block=5 clip=8
ATGLptDiag: best=49(26.7) imip=39/50 pass=10100 acc=-1 ipm=-4.2,46.5 inv=6.1,28.2 | 1(3.3) imip=0/11 pass=10111 acc=-1 ipm=109.8,114.3 inv=135.7,98.1
frame=297 line=1 track=1 cross=0 circle=1(CIRCLE_LEFT_BEGIN) round=0 yroad=0 ramp=0 road=7 speed=0 near=51/124 raw=105/105 sel=124/125 far=0/0 far_raw=0/0 l=0@-1/0@-1 far_l=0@-1/0@-1 straight=0/1 far_straight=0/0 circle_cnt=87/0/0/0 lost=0/0 conf=27.5/5.7/0.0/0.0 dist=756 begin=2021/0 m0=(84,119) ml=(86,87) md=32/1/128 cxcy=84.0,119.6 guide=-2.00 atg=1.0/0.0/0.0 pure=-0.36/-0.32 yaw=120 cmd=209 actual=31 signed=1 rps=3513/4087:2647/2886 duty=9/13 pwm=PWM2:9/PWM1:13 motor=2:9/1:13
ATGCorner: L=0@-1/0@-1 Y=0@-1/0@-1 farL=0@-1/0@-1 Lxy=-1.0,-1.0:-1.0,-1.0/-1.0,-1.0:-1.0,-1.0 Yxy=-1.0,-1.0:-1.0,-1.0/-1.0,-1.0:-1.0,-1.0 farLxy=-1.0,-1.0:-1.0,-1.0/-1.0,-1.0:-1.0,-1.0 best=49:-4.1,46.5:6.1,28.2:27.5:10100/1:109.8,114.3:135.7,98.1:5.7:10111 seed_src=none/none seed=0.0,0.0/0.0,0.0 far_start=70,0 far_raw=0/0 far_num=0/0 straight=0/1 far_straight=0/0 conf_deg=27.5/5.7/0.0/0.0
CrossDiag: type=CROSS_NONE track=1 half_lr=0/0 nearL=0@-1/0@-1 nearNum=51/124 centerNum=51/124 farL=0@-1/0@-1 farNum=0/0 farRaw=0/0 lost=0/0 not_have=0 final=124/125 flags=0/0
LineErr: aim=33 cxcy=84.0,119.6 left=1:-3.43@88,83 dx=3.5 idx=4/13 dist=31/156 right=1:-2.27@86,85 dx=2.3 idx=0/13 dist=32/252 sel=1:-2.15@86,83 dx=2.3 idx=0/16 dist=32/248 edge=1:1.25@82.5,73.0 dx=-1.5 width=60.6 l=53,66 r=112,80
CxScan: raw_ref=80.0 edge=82.5,73.0 best_raw_x=75 best_err=-0.32 best_cxcy=82.1,119.5 scan=0:-22.8,10:-20.0,20:-17.2,30:-14.2,40:-11.2,50:-8.2,60:-5.0,70:-1.9,80:1.3,90:4.4,100:7.5,110:10.6,120:13.6,130:16.5,140:19.3
ATGSeedDiag: seed=1@4,89/1@140,108 begin=7,108 block=5 clip=8
ATGLptDiag: best=49(27.5) imip=39/50 pass=10100 acc=-1 ipm=-4.1,46.5 inv=6.1,28.2 | 1(5.7) imip=0/11 pass=10111 acc=-1 ipm=109.8,114.3 inv=135.7,98.1
frame=298 line=1 track=1 cross=0 circle=1(CIRCLE_LEFT_BEGIN) round=0 yroad=0 ramp=0 road=7 speed=0 near=51/124 raw=104/105 sel=124/125 far=0/0 far_raw=0/0 l=0@-1/0@-1 far_l=0@-1/0@-1 straight=0/1 far_straight=0/0 circle_cnt=87/0/0/0 lost=0/0 conf=28.2/8.4/0.0/0.0 dist=764 begin=2029/0 m0=(84,119) ml=(86,87) md=32/1/128 cxcy=84.0,119.6 guide=-2.00 atg=1.0/0.0/0.0 pure=-0.35/-0.32 yaw=120 cmd=231 actual=9 signed=1 rps=3484/4116:2712/3000 duty=9/13 pwm=PWM2:9/PWM1:13 motor=2:9/1:13
ATGCorner: L=0@-1/0@-1 Y=0@-1/0@-1 farL=0@-1/0@-1 Lxy=-1.0,-1.0:-1.0,-1.0/-1.0,-1.0:-1.0,-1.0 Yxy=-1.0,-1.0:-1.0,-1.0/-1.0,-1.0:-1.0,-1.0 farLxy=-1.0,-1.0:-1.0,-1.0/-1.0,-1.0:-1.0,-1.0 best=49:-4.8,46.8:5.4,28.3:28.2:10100/1:109.9,114.3:135.8,98.2:8.4:10111 seed_src=none/none seed=0.0,0.0/0.0,0.0 far_start=70,0 far_raw=0/0 far_num=0/0 straight=0/1 far_straight=0/0 conf_deg=28.2/8.4/0.0/0.0
CrossDiag: type=CROSS_NONE track=1 half_lr=0/0 nearL=0@-1/0@-1 nearNum=51/124 centerNum=51/124 farL=0@-1/0@-1 farNum=0/0 farRaw=0/0 lost=0/0 not_have=0 final=124/125 flags=0/0
LineErr: aim=33 cxcy=84.0,119.6 left=1:-3.21@87,82 dx=3.4 idx=4/13 dist=32/157 right=1:-2.04@86,85 dx=2.0 idx=0/13 dist=32/252 sel=1:-1.92@86,83 dx=2.0 idx=0/16 dist=32/248 edge=1:1.66@82.0,73.0 dx=-2.0 width=61.6 l=52,66 r=112,80
CxScan: raw_ref=80.0 edge=82.0,73.0 best_raw_x=75 best_err=0.09 best_cxcy=82.1,119.5 scan=0:-22.4,10:-19.7,20:-16.8,30:-13.9,40:-10.8,50:-7.8,60:-4.6,70:-1.5,80:1.7,90:4.8,100:7.9,110:11.0,120:13.9,130:16.8,140:19.7
ATGSeedDiag: seed=1@5,89/1@140,108 begin=7,108 block=5 clip=8
ATGLptDiag: best=49(28.2) imip=39/50 pass=10100 acc=-1 ipm=-4.8,46.8 inv=5.4,28.3 | 1(8.4) imip=0/11 pass=10111 acc=-1 ipm=109.9,114.3 inv=135.8,98.2
frame=299 line=1 track=1 cross=0 circle=1(CIRCLE_LEFT_BEGIN) round=0 yroad=0 ramp=0 road=7 speed=0 near=51/124 raw=104/105 sel=124/126 far=0/0 far_raw=0/0 l=0@-1/0@-1 far_l=0@-1/0@-1 straight=0/1 far_straight=0/0 circle_cnt=87/0/0/0 lost=0/0 conf=25.6/8.1/0.0/0.0 dist=772 begin=2037/0 m0=(84,119) ml=(86,87) md=32/1/128 cxcy=84.0,119.6 guide=-2.00 atg=0.0/0.0/0.0 pure=-0.32/-0.32 yaw=120 cmd=242 actual=-2 signed=1 rps=3468/4132:2604/2897 duty=9/13 pwm=PWM2:9/PWM1:13 motor=2:9/1:13
ATGCorner: L=0@-1/0@-1 Y=0@-1/0@-1 farL=0@-1/0@-1 Lxy=-1.0,-1.0:-1.0,-1.0/-1.0,-1.0:-1.0,-1.0 Yxy=-1.0,-1.0:-1.0,-1.0/-1.0,-1.0:-1.0,-1.0 farLxy=-1.0,-1.0:-1.0,-1.0/-1.0,-1.0:-1.0,-1.0 best=12:61.6,87.3:47.1,52.2:25.6:10110/1:109.9,114.3:135.8,98.2:8.1:10111 seed_src=none/none seed=0.0,0.0/0.0,0.0 far_start=70,0 far_raw=0/0 far_num=0/0 straight=0/1 far_straight=0/0 conf_deg=25.6/8.1/0.0/0.0
CrossDiag: type=CROSS_NONE track=1 half_lr=0/0 nearL=0@-1/0@-1 nearNum=51/124 centerNum=51/124 farL=0@-1/0@-1 farNum=0/0 farRaw=0/0 lost=0/0 not_have=0 final=124/126 flags=0/0
LineErr: aim=33 cxcy=84.0,119.6 left=1:-3.33@88,83 dx=3.5 idx=4/13 dist=31/156 right=1:-2.04@86,85 dx=2.0 idx=0/13 dist=33/256 sel=1:-1.94@86,83 dx=2.0 idx=0/16 dist=32/250 edge=1:0.85@83.0,74.0 dx=-1.0 width=59.2 l=54,68 r=112,80
CxScan: raw_ref=80.0 edge=83.0,74.0 best_raw_x=75 best_err=-0.74 best_cxcy=82.1,119.5 scan=0:-23.4,10:-20.7,20:-17.8,30:-14.8,40:-11.8,50:-8.7,60:-5.5,70:-2.3,80:0.9,90:4.0,100:7.2,110:10.3,120:13.4,130:16.3,140:19.2
ATGSeedDiag: seed=1@4,90/1@140,108 begin=7,108 block=5 clip=8
ATGLptDiag: best=12(25.6) imip=2/22 pass=10110 acc=-1 ipm=61.6,87.3 inv=47.1,52.2 | 1(8.1) imip=0/11 pass=10111 acc=-1 ipm=109.9,114.3 inv=135.8,98.2
frame=300 line=1 track=1 cross=0 circle=1(CIRCLE_LEFT_BEGIN) round=0 yroad=0 ramp=0 road=7 speed=0 near=50/124 raw=105/105 sel=124/125 far=0/0 far_raw=0/0 l=0@-1/0@-1 far_l=0@-1/0@-1 straight=0/1 far_straight=0/0 circle_cnt=87/0/0/0 lost=0/0 conf=23.7/6.3/0.0/0.0 dist=780 begin=2045/0 m0=(84,119) ml=(86,87) md=32/1/126 cxcy=84.0,119.6 guide=-2.00 atg=0.0/0.0/0.0 pure=-0.29/-0.28 yaw=120 cmd=245 actual=-5 signed=1 rps=3464/4136:2660/3020 duty=9/13 pwm=PWM2:9/PWM1:13 motor=2:9/1:13
ATGCorner: L=0@-1/0@-1 Y=0@-1/0@-1 farL=0@-1/0@-1 Lxy=-1.0,-1.0:-1.0,-1.0/-1.0,-1.0:-1.0,-1.0 Yxy=-1.0,-1.0:-1.0,-1.0/-1.0,-1.0:-1.0,-1.0 farLxy=-1.0,-1.0:-1.0,-1.0/-1.0,-1.0:-1.0,-1.0 best=12:61.6,87.5:47.0,52.5:23.7:10111/1:109.9,114.3:135.8,98.1:6.3:10111 seed_src=none/none seed=0.0,0.0/0.0,0.0 far_start=70,0 far_raw=0/0 far_num=0/0 straight=0/1 far_straight=0/0 conf_deg=23.7/6.3/0.0/0.0
CrossDiag: type=CROSS_NONE track=1 half_lr=0/0 nearL=0@-1/0@-1 nearNum=50/124 centerNum=50/124 farL=0@-1/0@-1 farNum=0/0 farRaw=0/0 lost=0/0 not_have=0 final=124/125 flags=0/0
LineErr: aim=33 cxcy=84.0,119.6 left=1:-3.33@88,83 dx=3.5 idx=4/13 dist=32/155 right=1:-2.03@86,85 dx=2.0 idx=0/13 dist=32/252 sel=1:-1.79@86,83 dx=1.9 idx=0/16 dist=32/248 edge=1:1.67@82.0,73.5 dx=-2.0 width=61.4 l=52,67 r=112,80
CxScan: raw_ref=80.0 edge=82.0,73.5 best_raw_x=75 best_err=0.09 best_cxcy=82.1,119.5 scan=0:-22.6,10:-19.8,20:-16.9,30:-14.0,40:-10.9,50:-7.8,60:-4.7,70:-1.5,80:1.7,90:4.8,100:8.0,110:11.0,120:14.0,130:17.0,140:19.8
ATGSeedDiag: seed=1@4,91/1@140,108 begin=7,108 block=5 clip=8
ATGLptDiag: best=12(23.7) imip=2/22 pass=10111 acc=-1 ipm=61.6,87.5 inv=47.0,52.5 | 1(6.3) imip=0/11 pass=10111 acc=-1 ipm=109.9,114.3 inv=135.8,98.1
frame=302 line=1 track=1 cross=0 circle=1(CIRCLE_LEFT_BEGIN) round=0 yroad=0 ramp=0 road=7 speed=0 near=49/124 raw=105/105 sel=124/125 far=0/0 far_raw=0/0 l=0@-1/0@-1 far_l=0@-1/0@-1 straight=0/1 far_straight=0/0 circle_cnt=87/0/0/0 lost=0/0 conf=26.8/3.6/0.0/0.0 dist=796 begin=2061/0 m0=(84,119) ml=(86,87) md=32/1/128 cxcy=84.0,119.6 guide=-2.00 atg=1.0/0.0/0.0 pure=-0.36/-0.32 yaw=120 cmd=228 actual=12 signed=1 rps=3488/4112:2648/2903 duty=9/13 pwm=PWM2:9/PWM1:13 motor=2:9/1:13
ATGCorner: L=0@-1/0@-1 Y=0@-1/0@-1 farL=0@-1/0@-1 Lxy=-1.0,-1.0:-1.0,-1.0/-1.0,-1.0:-1.0,-1.0 Yxy=-1.0,-1.0:-1.0,-1.0/-1.0,-1.0:-1.0,-1.0 farLxy=-1.0,-1.0:-1.0,-1.0/-1.0,-1.0:-1.0,-1.0 best=47:-1.1,49.5:6.5,29.3:26.8:10100/12:112.4,88.9:112.2,53.4:3.6:10111 seed_src=none/none seed=0.0,0.0/0.0,0.0 far_start=70,0 far_raw=0/0 far_num=0/0 straight=0/1 far_straight=0/0 conf_deg=26.8/3.6/0.0/0.0
CrossDiag: type=CROSS_NONE track=1 half_lr=0/0 nearL=0@-1/0@-1 nearNum=49/124 centerNum=49/124 farL=0@-1/0@-1 farNum=0/0 farRaw=0/0 lost=0/0 not_have=0 final=124/125 flags=0/0
LineErr: aim=33 cxcy=84.0,119.6 left=1:-2.47@87,79 dx=2.8 idx=4/14 dist=34/148 right=1:-2.33@86,85 dx=2.3 idx=0/13 dist=32/252 sel=1:-2.16@86,83 dx=2.3 idx=0/16 dist=32/248 edge=1:1.28@82.5,74.5 dx=-1.5 width=60.0 l=53,69 r=112,80
CxScan: raw_ref=80.0 edge=82.5,74.5 best_raw_x=75 best_err=-0.33 best_cxcy=82.1,119.5 scan=0:-23.2,10:-20.4,20:-17.5,30:-14.5,40:-11.5,50:-8.3,60:-5.1,70:-1.9,80:1.3,90:4.5,100:7.7,110:10.8,120:13.8,130:16.8,140:19.7
ATGSeedDiag: seed=1@4,92/1@140,108 begin=7,108 block=5 clip=8
ATGLptDiag: best=47(26.8) imip=37/48 pass=10100 acc=-1 ipm=-1.1,49.5 inv=6.5,29.3 | 12(3.6) imip=2/22 pass=10111 acc=-1 ipm=112.4,88.9 inv=112.2,53.4
frame=303 line=1 track=1 cross=0 circle=1(CIRCLE_LEFT_BEGIN) round=0 yroad=0 ramp=0 road=7 speed=0 near=49/124 raw=105/105 sel=124/125 far=0/0 far_raw=0/0 l=0@-1/0@-1 far_l=0@-1/0@-1 straight=0/1 far_straight=0/0 circle_cnt=87/0/0/0 lost=0/0 conf=24.0/5.2/0.0/0.0 dist=804 begin=2069/0 m0=(84,119) ml=(86,87) md=32/1/128 cxcy=84.0,119.6 guide=-2.00 atg=1.0/0.0/0.0 pure=-0.35/-0.32 yaw=120 cmd=217 actual=24 signed=1 rps=3503/4097:2819/2962 duty=9/13 pwm=PWM2:9/PWM1:13 motor=2:9/1:13
ATGCorner: L=0@-1/0@-1 Y=0@-1/0@-1 farL=0@-1/0@-1 Lxy=-1.0,-1.0:-1.0,-1.0/-1.0,-1.0:-1.0,-1.0 Yxy=-1.0,-1.0:-1.0,-1.0/-1.0,-1.0:-1.0,-1.0 farLxy=-1.0,-1.0:-1.0,-1.0/-1.0,-1.0:-1.0,-1.0 best=12:61.5,87.9:46.7,52.9:24.0:10111/10:112.2,93.5:115.4,58.6:5.2:10111 seed_src=none/none seed=0.0,0.0/0.0,0.0 far_start=70,0 far_raw=0/0 far_num=0/0 straight=0/1 far_straight=0/0 conf_deg=24.0/5.2/0.0/0.0
CrossDiag: type=CROSS_NONE track=1 half_lr=0/0 nearL=0@-1/0@-1 nearNum=49/124 centerNum=49/124 farL=0@-1/0@-1 farNum=0/0 farRaw=0/0 lost=0/0 not_have=0 final=124/125 flags=0/0
LineErr: aim=33 cxcy=84.0,119.6 left=1:-3.13@87,83 dx=3.3 idx=4/13 dist=32/150 right=1:-2.33@86,85 dx=2.3 idx=0/13 dist=32/252 sel=1:-2.16@86,83 dx=2.3 idx=0/16 dist=32/248 edge=1:2.10@81.5,74.0 dx=-2.5 width=62.2 l=51,68 r=112,80
CxScan: raw_ref=80.0 edge=81.5,74.0 best_raw_x=75 best_err=0.51 best_cxcy=82.1,119.5 scan=0:-22.4,10:-19.6,20:-16.7,30:-13.7,40:-10.6,50:-7.5,60:-4.3,70:-1.1,80:2.1,90:5.3,100:8.4,110:11.5,120:14.5,130:17.5,140:20.3
ATGSeedDiag: seed=1@4,93/1@141,108 begin=7,108 block=5 clip=8
ATGLptDiag: best=12(24.0) imip=2/22 pass=10111 acc=-1 ipm=61.5,87.9 inv=46.7,52.9 | 10(5.2) imip=0/20 pass=10111 acc=-1 ipm=112.2,93.5 inv=115.4,58.6
frame=304 line=1 track=1 cross=0 circle=1(CIRCLE_LEFT_BEGIN) round=0 yroad=0 ramp=0 road=7 speed=0 near=49/124 raw=104/104 sel=124/126 far=0/0 far_raw=0/0 l=0@-1/0@-1 far_l=0@-1/0@-1 straight=0/1 far_straight=0/0 circle_cnt=87/0/0/0 lost=0/0 conf=27.8/3.0/0.0/0.0 dist=812 begin=2077/0 m0=(84,119) ml=(86,87) md=32/1/129 cxcy=84.0,119.6 guide=-2.00 atg=1.0/0.0/0.0 pure=-0.35/-0.32 yaw=120 cmd=208 actual=32 signed=1 rps=3515/4085:2766/2742 duty=9/13 pwm=PWM2:9/PWM1:13 motor=2:9/1:13
ATGCorner: L=0@-1/0@-1 Y=0@-1/0@-1 farL=0@-1/0@-1 Lxy=-1.0,-1.0:-1.0,-1.0/-1.0,-1.0:-1.0,-1.0 Yxy=-1.0,-1.0:-1.0,-1.0/-1.0,-1.0:-1.0,-1.0 farLxy=-1.0,-1.0:-1.0,-1.0/-1.0,-1.0:-1.0,-1.0 best=47:-1.7,49.1:6.3,29.1:27.8:10101/12:112.4,88.6:112.1,53.1:3.0:10111 seed_src=none/none seed=0.0,0.0/0.0,0.0 far_start=70,0 far_raw=0/0 far_num=0/0 straight=0/1 far_straight=0/0 conf_deg=27.8/3.0/0.0/0.0
CrossDiag: type=CROSS_NONE track=1 half_lr=0/0 nearL=0@-1/0@-1 nearNum=49/124 centerNum=49/124 farL=0@-1/0@-1 farNum=0/0 farRaw=0/0 lost=0/0 not_have=0 final=124/126 flags=0/0
LineErr: aim=33 cxcy=84.0,119.6 left=1:-2.21@87,78 dx=2.5 idx=4/14 dist=34/148 right=1:-2.25@86,85 dx=2.3 idx=0/13 dist=32/252 sel=1:-2.08@86,83 dx=2.2 idx=0/16 dist=32/250 edge=1:2.09@81.5,73.5 dx=-2.5 width=62.0 l=51,68 r=112,79
CxScan: raw_ref=80.0 edge=81.5,73.5 best_raw_x=75 best_err=0.50 best_cxcy=82.1,119.5 scan=0:-22.2,10:-19.4,20:-16.5,30:-13.6,40:-10.5,50:-7.4,60:-4.3,70:-1.1,80:2.1,90:5.2,100:8.4,110:11.4,120:14.4,130:17.3,140:20.2
ATGSeedDiag: seed=1@4,93/1@140,107 begin=7,108 block=5 clip=8
ATGLptDiag: best=47(27.8) imip=37/48 pass=10101 acc=-1 ipm=-1.7,49.1 inv=6.3,29.1 | 12(3.0) imip=2/22 pass=10111 acc=-1 ipm=112.4,88.6 inv=112.1,53.1
frame=305 line=1 track=1 cross=0 circle=1(CIRCLE_LEFT_BEGIN) round=0 yroad=0 ramp=0 road=7 speed=0 near=49/124 raw=103/104 sel=124/126 far=0/0 far_raw=0/0 l=0@-1/0@-1 far_l=0@-1/0@-1 straight=0/1 far_straight=0/0 circle_cnt=87/0/0/0 lost=0/0 conf=23.4/2.6/0.0/0.0 dist=820 begin=2085/0 m0=(84,119) ml=(86,87) md=32/1/128 cxcy=84.0,119.6 guide=-2.00 atg=1.0/0.0/0.0 pure=-0.36/-0.32 yaw=120 cmd=199 actual=41 signed=1 rps=3527/4073:2970/2760 duty=9/13 pwm=PWM2:9/PWM1:13 motor=2:9/1:13
ATGCorner: L=0@-1/0@-1 Y=0@-1/0@-1 farL=0@-1/0@-1 Lxy=-1.0,-1.0:-1.0,-1.0/-1.0,-1.0:-1.0,-1.0 Yxy=-1.0,-1.0:-1.0,-1.0/-1.0,-1.0:-1.0,-1.0 farLxy=-1.0,-1.0:-1.0,-1.0/-1.0,-1.0:-1.0,-1.0 best=12:61.4,87.6:46.7,52.6:23.4:10111/12:112.2,88.6:111.7,53.1:2.6:10111 seed_src=none/none seed=0.0,0.0/0.0,0.0 far_start=70,0 far_raw=0/0 far_num=0/0 straight=0/1 far_straight=0/0 conf_deg=23.4/2.6/0.0/0.0
CrossDiag: type=CROSS_NONE track=1 half_lr=0/0 nearL=0@-1/0@-1 nearNum=49/124 centerNum=49/124 farL=0@-1/0@-1 farNum=0/0 farRaw=0/0 lost=0/0 not_have=0 final=124/126 flags=0/0
LineErr: aim=33 cxcy=84.0,119.6 left=1:-2.58@87,82 dx=2.7 idx=3/13 dist=34/152 right=1:-2.02@86,85 dx=2.0 idx=0/13 dist=32/253 sel=1:-1.93@86,83 dx=2.0 idx=0/16 dist=32/250 edge=1:1.69@82.0,74.0 dx=-2.0 width=60.8 l=52,69 r=112,79
CxScan: raw_ref=80.0 edge=82.0,74.0 best_raw_x=75 best_err=0.09 best_cxcy=82.1,119.5 scan=0:-22.7,10:-19.9,20:-17.0,30:-14.0,40:-11.0,50:-7.9,60:-4.7,70:-1.5,80:1.7,90:4.9,100:8.0,110:11.1,120:14.1,130:17.1,140:19.9
ATGSeedDiag: seed=1@5,93/1@140,107 begin=7,108 block=5 clip=8
ATGLptDiag: best=12(23.4) imip=2/22 pass=10111 acc=-1 ipm=61.4,87.6 inv=46.7,52.6 | 12(2.6) imip=2/22 pass=10111 acc=-1 ipm=112.2,88.6 inv=111.7,53.1
frame=306 line=1 track=1 cross=0 circle=1(CIRCLE_LEFT_BEGIN) round=0 yroad=0 ramp=0 road=7 speed=0 near=49/124 raw=103/104 sel=124/126 far=0/0 far_raw=0/0 l=0@-1/0@-1 far_l=0@-1/0@-1 straight=0/1 far_straight=0/0 circle_cnt=87/0/0/0 lost=0/0 conf=31.4/3.0/0.0/0.0 dist=828 begin=2093/0 m0=(84,119) ml=(86,87) md=32/1/128 cxcy=84.0,119.6 guide=-2.00 atg=0.0/0.0/0.0 pure=-0.32/-0.32 yaw=120 cmd=204 actual=37 signed=1 rps=3521/4079:3072/2723 duty=9/13 pwm=PWM2:9/PWM1:13 motor=2:9/1:13
ATGCorner: L=0@-1/0@-1 Y=0@-1/0@-1 farL=0@-1/0@-1 Lxy=-1.0,-1.0:-1.0,-1.0/-1.0,-1.0:-1.0,-1.0 Yxy=-1.0,-1.0:-1.0,-1.0/-1.0,-1.0:-1.0,-1.0 farLxy=-1.0,-1.0:-1.0,-1.0/-1.0,-1.0:-1.0,-1.0 best=47:-2.2,49.4:5.7,29.2:31.4:10101/12:112.1,88.6:111.7,53.0:3.0:10111 seed_src=none/none seed=0.0,0.0/0.0,0.0 far_start=70,0 far_raw=0/0 far_num=0/0 straight=0/1 far_straight=0/0 conf_deg=31.4/3.0/0.0/0.0
CrossDiag: type=CROSS_NONE track=1 half_lr=0/0 nearL=0@-1/0@-1 nearNum=49/124 centerNum=49/124 farL=0@-1/0@-1 farNum=0/0 farRaw=0/0 lost=0/0 not_have=0 final=124/126 flags=0/0
LineErr: aim=33 cxcy=84.0,119.6 left=1:-2.60@87,82 dx=2.8 idx=3/13 dist=33/150 right=1:-2.02@86,85 dx=2.0 idx=0/13 dist=32/253 sel=1:-1.89@86,83 dx=2.0 idx=0/16 dist=32/250 edge=1:1.70@82.0,74.5 dx=-2.0 width=60.7 l=52,70 r=112,79
CxScan: raw_ref=80.0 edge=82.0,74.5 best_raw_x=75 best_err=0.09 best_cxcy=82.1,119.5 scan=0:-22.9,10:-20.1,20:-17.2,30:-14.1,40:-11.1,50:-7.9,60:-4.7,70:-1.5,80:1.7,90:4.9,100:8.1,110:11.2,120:14.2,130:17.2,140:20.1
ATGSeedDiag: seed=1@4,94/1@140,107 begin=7,108 block=5 clip=8
ATGLptDiag: best=47(31.4) imip=37/48 pass=10101 acc=-1 ipm=-2.2,49.4 inv=5.7,29.2 | 12(3.0) imip=2/22 pass=10111 acc=-1 ipm=112.1,88.6 inv=111.7,53.0
frame=307 line=1 track=1 cross=0 circle=1(CIRCLE_LEFT_BEGIN) round=0 yroad=0 ramp=0 road=7 speed=0 near=49/124 raw=105/105 sel=124/125 far=0/0 far_raw=0/0 l=0@-1/0@-1 far_l=0@-1/0@-1 straight=0/1 far_straight=0/0 circle_cnt=87/0/0/0 lost=0/0 conf=23.8/4.4/0.0/0.0 dist=836 begin=2101/0 m0=(84,119) ml=(86,87) md=32/1/126 cxcy=84.0,119.6 guide=-2.00 atg=0.0/0.0/0.0 pure=-0.27/-0.28 yaw=120 cmd=210 actual=30 signed=1 rps=3512/4088:2960/2568 duty=9/13 pwm=PWM2:9/PWM1:13 motor=2:9/1:13
ATGCorner: L=0@-1/0@-1 Y=0@-1/0@-1 farL=0@-1/0@-1 Lxy=-1.0,-1.0:-1.0,-1.0/-1.0,-1.0:-1.0,-1.0 Yxy=-1.0,-1.0:-1.0,-1.0/-1.0,-1.0:-1.0,-1.0 farLxy=-1.0,-1.0:-1.0,-1.0/-1.0,-1.0:-1.0,-1.0 best=12:61.4,88.3:46.5,53.3:23.8:10111/1:109.5,114.2:135.0,97.9:4.4:10111 seed_src=none/none seed=0.0,0.0/0.0,0.0 far_start=70,0 far_raw=0/0 far_num=0/0 straight=0/1 far_straight=0/0 conf_deg=23.8/4.4/0.0/0.0
CrossDiag: type=CROSS_NONE track=1 half_lr=0/0 nearL=0@-1/0@-1 nearNum=49/124 centerNum=49/124 farL=0@-1/0@-1 farNum=0/0 farRaw=0/0 lost=0/0 not_have=0 final=124/125 flags=0/0
LineErr: aim=33 cxcy=84.0,119.6 left=1:-2.73@87,82 dx=2.9 idx=3/13 dist=34/152 right=1:-1.78@86,86 dx=1.8 idx=0/13 dist=32/254 sel=1:-1.77@86,83 dx=1.9 idx=0/16 dist=32/248 edge=1:1.71@82.0,75.0 dx=-2.0 width=60.8 l=52,70 r=112,80
CxScan: raw_ref=80.0 edge=82.0,75.0 best_raw_x=75 best_err=0.09 best_cxcy=82.1,119.5 scan=0:-23.0,10:-20.2,20:-17.3,30:-14.2,40:-11.1,50:-8.0,60:-4.8,70:-1.5,80:1.7,90:4.9,100:8.1,110:11.3,120:14.3,130:17.3,140:20.2
ATGSeedDiag: seed=1@4,95/1@141,108 begin=7,108 block=5 clip=8
ATGLptDiag: best=12(23.8) imip=2/22 pass=10111 acc=-1 ipm=61.4,88.3 inv=46.5,53.3 | 1(4.4) imip=0/11 pass=10111 acc=-1 ipm=109.5,114.2 inv=135.0,97.9
frame=308 line=1 track=1 cross=0 circle=1(CIRCLE_LEFT_BEGIN) round=0 yroad=0 ramp=0 road=7 speed=0 near=48/124 raw=103/105 sel=124/126 far=0/0 far_raw=0/0 l=0@-1/0@-1 far_l=0@-1/0@-1 straight=0/1 far_straight=0/0 circle_cnt=87/0/0/0 lost=0/0 conf=36.0/4.5/0.0/0.0 dist=844 begin=2109/0 m0=(84,119) ml=(86,87) md=32/1/129 cxcy=84.0,119.6 guide=-2.00 atg=0.0/0.0/0.0 pure=-0.32/-0.30 yaw=120 cmd=221 actual=19 signed=1 rps=3497/4103:3067/2688 duty=9/13 pwm=PWM2:9/PWM1:13 motor=2:9/1:13
ATGCorner: L=0@-1/0@-1 Y=0@-1/0@-1 farL=0@-1/0@-1 Lxy=-1.0,-1.0:-1.0,-1.0/-1.0,-1.0:-1.0,-1.0 Yxy=-1.0,-1.0:-1.0,-1.0/-1.0,-1.0:-1.0,-1.0 farLxy=-1.0,-1.0:-1.0,-1.0/-1.0,-1.0:-1.0,-1.0 best=10:61.4,92.7:44.5,58.2:36.0:10110/1:109.5,114.2:135.0,97.9:4.5:10111 seed_src=none/none seed=0.0,0.0/0.0,0.0 far_start=70,0 far_raw=0/0 far_num=0/0 straight=0/1 far_straight=0/0 conf_deg=36.0/4.5/0.0/0.0
CrossDiag: type=CROSS_NONE track=1 half_lr=0/0 nearL=0@-1/0@-1 nearNum=48/124 centerNum=48/124 farL=0@-1/0@-1 farNum=0/0 farRaw=0/0 lost=0/0 not_have=0 final=124/126 flags=0/0
LineErr: aim=33 cxcy=84.0,119.6 left=1:-3.39@87,86 dx=3.4 idx=3/12 dist=33/152 right=1:-1.78@86,85 dx=1.8 idx=0/13 dist=32/254 sel=1:-1.78@86,83 dx=1.9 idx=0/16 dist=32/250 edge=1:1.71@82.0,75.0 dx=-2.0 width=60.8 l=52,70 r=112,80
CxScan: raw_ref=80.0 edge=82.0,75.0 best_raw_x=75 best_err=0.09 best_cxcy=82.1,119.5 scan=0:-23.0,10:-20.2,20:-17.3,30:-14.2,40:-11.1,50:-8.0,60:-4.8,70:-1.5,80:1.7,90:4.9,100:8.1,110:11.3,120:14.3,130:17.3,140:20.2
ATGSeedDiag: seed=1@5,95/1@141,108 begin=7,108 block=5 clip=8
ATGLptDiag: best=10(36.0) imip=0/20 pass=10110 acc=-1 ipm=61.4,92.7 inv=44.5,58.2 | 1(4.5) imip=0/11 pass=10111 acc=-1 ipm=109.5,114.2 inv=135.0,97.9
frame=309 line=0 track=1 cross=0 circle=1(CIRCLE_LEFT_BEGIN) round=0 yroad=0 ramp=0 road=7 speed=0 near=48/1 raw=104/170 sel=1/0 far=0/0 far_raw=0/0 l=0@-1/0@-1 far_l=0@-1/0@-1 straight=0/0 far_straight=0/0 circle_cnt=87/0/0/0 lost=0/0 conf=33.9/0.0/0.0/0.0 dist=852 begin=2117/0 m0=(-1,-1) ml=(-1,-1) md=-1/0/-1 cxcy=84.0,119.6 guide=0.00 atg=0.0/0.0/0.0 pure=-0.32/-0.30 yaw=0 cmd=0 actual=100 signed=0 rps=0/0:0/0 duty=0/0 pwm=PWM2:0/PWM1:0 motor=2:0/1:0
ATGCorner: L=0@-1/0@-1 Y=0@-1/0@-1 farL=0@-1/0@-1 Lxy=-1.0,-1.0:-1.0,-1.0/-1.0,-1.0:-1.0,-1.0 Yxy=-1.0,-1.0:-1.0,-1.0/-1.0,-1.0:-1.0,-1.0 farLxy=-1.0,-1.0:-1.0,-1.0/-1.0,-1.0:-1.0,-1.0 best=46:-0.9,51.7:5.3,30.2:33.9:10101/-1:-1.0,-1.0:-1.0,-1.0:-57295.8:00000 seed_src=none/lost seed=0.0,0.0/0.0,0.0 far_start=70,0 far_raw=0/0 far_num=0/0 straight=0/0 far_straight=0/0 conf_deg=33.9/0.0/0.0/0.0
CrossDiag: type=CROSS_NONE track=1 half_lr=0/0 nearL=0@-1/0@-1 nearNum=48/1 centerNum=48/1 farL=0@-1/0@-1 farNum=0/0 farRaw=0/0 lost=0/0 not_have=0 final=1/0 flags=0/0
LineErr: aim=33 cxcy=84.0,119.6 left=1:-2.60@87,82 dx=2.8 idx=3/13 dist=34/149 right=0:0.00@-1,-1 dx=0.0 idx=-1/-1 dist=-1/-1 sel=0:0.00@-1,-1 dx=0.0 idx=-1/-1 dist=-1/-1 edge=0:0.00@-1.0,-1.0 dx=0.0 width=0.0 l=52,71 r=-1,-1
ATGSeedDiag: seed=1@4,96/1@133,108 begin=7,108 block=5 clip=8
ATGLptDiag: best=46(33.9) imip=36/47 pass=10101 acc=-1 ipm=-0.9,51.7 inv=5.3,30.2 | -1(-57295.8) imip=-1/-1 pass=00000 acc=-1 ipm=-1.0,-1.0 inv=-1.0,-1.0
frame=310 line=1 track=1 cross=0 circle=1(CIRCLE_LEFT_BEGIN) round=0 yroad=0 ramp=0 road=7 speed=0 near=48/124 raw=104/105 sel=124/125 far=0/0 far_raw=0/0 l=0@-1/0@-1 far_l=0@-1/0@-1 straight=0/1 far_straight=0/0 circle_cnt=87/0/0/0 lost=0/0 conf=35.8/5.3/0.0/0.0 dist=860 begin=2125/0 m0=(84,119) ml=(86,87) md=32/1/128 cxcy=84.0,119.6 guide=-2.00 atg=1.0/0.0/0.0 pure=-0.35/-0.32 yaw=120 cmd=204 actual=36 signed=1 rps=3520/4080:3174/2899 duty=8/13 pwm=PWM2:8/PWM1:13 motor=2:8/1:13
ATGCorner: L=0@-1/0@-1 Y=0@-1/0@-1 farL=0@-1/0@-1 Lxy=-1.0,-1.0:-1.0,-1.0/-1.0,-1.0:-1.0,-1.0 Yxy=-1.0,-1.0:-1.0,-1.0/-1.0,-1.0:-1.0,-1.0 farLxy=-1.0,-1.0:-1.0,-1.0/-1.0,-1.0:-1.0,-1.0 best=46:-1.0,51.7:5.1,30.2:35.8:10101/10:112.2,93.5:115.3,58.6:5.3:10111 seed_src=none/none seed=0.0,0.0/0.0,0.0 far_start=70,0 far_raw=0/0 far_num=0/0 straight=0/1 far_straight=0/0 conf_deg=35.8/5.3/0.0/0.0
CrossDiag: type=CROSS_NONE track=1 half_lr=0/0 nearL=0@-1/0@-1 nearNum=48/124 centerNum=48/124 farL=0@-1/0@-1 farNum=0/0 farRaw=0/0 lost=0/0 not_have=0 final=124/125 flags=0/0
LineErr: aim=33 cxcy=84.0,119.6 left=1:-3.17@87,86 dx=3.1 idx=3/12 dist=31/149 right=1:-2.08@86,86 dx=2.1 idx=0/13 dist=32/253 sel=1:-2.04@86,83 dx=2.1 idx=0/16 dist=32/248 edge=1:1.72@82.0,75.5 dx=-2.0 width=60.7 l=52,71 r=112,80
CxScan: raw_ref=80.0 edge=82.0,75.5 best_raw_x=75 best_err=0.09 best_cxcy=82.1,119.5 scan=0:-23.2,10:-20.3,20:-17.4,30:-14.3,40:-11.2,50:-8.0,60:-4.8,70:-1.5,80:1.7,90:5.0,100:8.2,110:11.4,120:14.4,130:17.4,140:20.3
ATGSeedDiag: seed=1@4,97/1@141,108 begin=7,108 block=5 clip=8
ATGLptDiag: best=46(35.8) imip=36/47 pass=10101 acc=-1 ipm=-1.0,51.7 inv=5.1,30.2 | 10(5.3) imip=0/20 pass=10111 acc=-1 ipm=112.2,93.5 inv=115.3,58.6
frame=311 line=1 track=1 cross=0 circle=1(CIRCLE_LEFT_BEGIN) round=0 yroad=0 ramp=0 road=7 speed=0 near=47/124 raw=102/105 sel=124/125 far=0/0 far_raw=0/0 l=0@-1/0@-1 far_l=0@-1/0@-1 straight=0/1 far_straight=0/0 circle_cnt=87/0/0/0 lost=0/0 conf=35.9/4.8/0.0/0.0 dist=868 begin=2133/0 m0=(84,119) ml=(86,87) md=32/1/128 cxcy=84.0,119.6 guide=-2.00 atg=1.0/0.0/0.0 pure=-0.35/-0.32 yaw=120 cmd=268 actual=-28 signed=1 rps=3432/4168:2943/2765 duty=8/13 pwm=PWM2:8/PWM1:13 motor=2:8/1:13
ATGCorner: L=0@-1/0@-1 Y=0@-1/0@-1 farL=0@-1/0@-1 Lxy=-1.0,-1.0:-1.0,-1.0/-1.0,-1.0:-1.0,-1.0 Yxy=-1.0,-1.0:-1.0,-1.0/-1.0,-1.0:-1.0,-1.0 farLxy=-1.0,-1.0:-1.0,-1.0/-1.0,-1.0:-1.0,-1.0 best=10:61.2,93.0:44.1,58.5:35.9:10110/1:109.5,114.2:135.0,97.9:4.8:10111 seed_src=none/none seed=0.0,0.0/0.0,0.0 far_start=70,0 far_raw=0/0 far_num=0/0 straight=0/1 far_straight=0/0 conf_deg=35.9/4.8/0.0/0.0
CrossDiag: type=CROSS_NONE track=1 half_lr=0/0 nearL=0@-1/0@-1 nearNum=47/124 centerNum=47/124 farL=0@-1/0@-1 farNum=0/0 farRaw=0/0 lost=0/0 not_have=0 final=124/125 flags=0/0
LineErr: aim=33 cxcy=84.0,119.6 left=1:-2.04@86,81 dx=2.2 idx=3/13 dist=34/145 right=1:-1.93@86,86 dx=1.9 idx=0/13 dist=32/252 sel=1:-1.93@86,83 dx=2.0 idx=0/16 dist=32/248 edge=1:2.15@81.5,75.5 dx=-2.5 width=61.7 l=51,71 r=112,80
CxScan: raw_ref=80.0 edge=81.5,75.5 best_raw_x=75 best_err=0.52 best_cxcy=82.1,119.5 scan=0:-22.8,10:-20.0,20:-17.0,30:-13.9,40:-10.8,50:-7.6,60:-4.4,70:-1.1,80:2.2,90:5.4,100:8.6,110:11.8,120:14.8,130:17.8,140:20.7
ATGSeedDiag: seed=1@5,97/1@141,108 begin=7,108 block=5 clip=8
ATGLptDiag: best=10(35.9) imip=0/20 pass=10110 acc=-1 ipm=61.2,93.0 inv=44.1,58.5 | 1(4.8) imip=0/11 pass=10111 acc=-1 ipm=109.5,114.2 inv=135.0,97.9
frame=313 line=1 track=1 cross=0 circle=1(CIRCLE_LEFT_BEGIN) round=0 yroad=0 ramp=0 road=7 speed=0 near=47/124 raw=102/106 sel=124/126 far=0/0 far_raw=0/0 l=0@-1/0@-1 far_l=0@-1/0@-1 straight=0/1 far_straight=0/0 circle_cnt=87/0/0/0 lost=0/0 conf=36.5/6.6/0.0/0.0 dist=884 begin=2149/0 m0=(84,119) ml=(86,87) md=32/1/129 cxcy=84.0,119.6 guide=-1.83 atg=0.0/0.0/0.0 pure=-0.29/-0.30 yaw=110 cmd=255 actual=-36 signed=1 rps=3450/4150:3063/3079 duty=8/13 pwm=PWM2:8/PWM1:13 motor=2:8/1:13
ATGCorner: L=0@-1/0@-1 Y=0@-1/0@-1 farL=0@-1/0@-1 Lxy=-1.0,-1.0:-1.0,-1.0/-1.0,-1.0:-1.0,-1.0 Yxy=-1.0,-1.0:-1.0,-1.0/-1.0,-1.0:-1.0,-1.0 farLxy=-1.0,-1.0:-1.0,-1.0/-1.0,-1.0:-1.0,-1.0 best=10:61.2,93.2:44.0,58.7:36.5:10110/8:111.7,98.4:118.8,65.0:6.6:10111 seed_src=none/none seed=0.0,0.0/0.0,0.0 far_start=70,0 far_raw=0/0 far_num=0/0 straight=0/1 far_straight=0/0 conf_deg=36.5/6.6/0.0/0.0
CrossDiag: type=CROSS_NONE track=1 half_lr=0/0 nearL=0@-1/0@-1 nearNum=47/124 centerNum=47/124 farL=0@-1/0@-1 farNum=0/0 farRaw=0/0 lost=0/0 not_have=0 final=124/126 flags=0/0
LineErr: aim=33 cxcy=84.0,119.6 left=1:-1.76@86,81 dx=1.9 idx=3/13 dist=34/146 right=1:-1.80@86,86 dx=1.8 idx=0/13 dist=32/254 sel=1:-1.55@86,83 dx=1.6 idx=0/16 dist=32/250 edge=1:3.00@80.5,75.5 dx=-3.5 width=61.7 l=50,71 r=111,80
CxScan: raw_ref=80.0 edge=80.5,75.5 best_raw_x=70 best_err=-0.26 best_cxcy=80.2,119.5 scan=0:-22.1,10:-19.2,20:-16.2,30:-13.1,40:-10.0,50:-6.8,60:-3.5,70:-0.3,80:3.0,90:6.2,100:9.4,110:12.6,120:15.6,130:18.6,140:21.5
ATGSeedDiag: seed=1@5,98/1@141,108 begin=7,108 block=5 clip=8
ATGLptDiag: best=10(36.5) imip=0/20 pass=10110 acc=-1 ipm=61.2,93.2 inv=44.0,58.7 | 8(6.6) imip=0/18 pass=10111 acc=-1 ipm=111.7,98.4 inv=118.8,65.0
frame=315 line=1 track=1 cross=0 circle=1(CIRCLE_LEFT_BEGIN) round=0 yroad=0 ramp=0 road=7 speed=0 near=46/124 raw=104/105 sel=124/125 far=0/0 far_raw=0/0 l=0@-1/0@-1 far_l=0@-1/0@-1 straight=0/1 far_straight=0/0 circle_cnt=87/0/0/0 lost=0/0 conf=35.6/6.9/0.0/0.0 dist=900 begin=2165/0 m0=(84,119) ml=(86,87) md=32/1/126 cxcy=84.0,119.6 guide=-1.83 atg=0.0/0.0/0.0 pure=-0.27/-0.27 yaw=110 cmd=231 actual=-11 signed=1 rps=3483/4117:2871/3084 duty=9/13 pwm=PWM2:9/PWM1:13 motor=2:9/1:13
ATGCorner: L=0@-1/0@-1 Y=0@-1/0@-1 farL=0@-1/0@-1 Lxy=-1.0,-1.0:-1.0,-1.0/-1.0,-1.0:-1.0,-1.0 Yxy=-1.0,-1.0:-1.0,-1.0/-1.0,-1.0:-1.0,-1.0 farLxy=-1.0,-1.0:-1.0,-1.0/-1.0,-1.0:-1.0,-1.0 best=10:61.3,93.9:43.8,59.6:35.6:10110/8:111.6,98.1:118.4,64.6:6.9:10111 seed_src=none/none seed=0.0,0.0/0.0,0.0 far_start=70,0 far_raw=0/0 far_num=0/0 straight=0/1 far_straight=0/0 conf_deg=35.6/6.9/0.0/0.0
CrossDiag: type=CROSS_NONE track=1 half_lr=0/0 nearL=0@-1/0@-1 nearNum=46/124 centerNum=46/124 farL=0@-1/0@-1 farNum=0/0 farRaw=0/0 lost=0/0 not_have=0 final=124/125 flags=0/0
LineErr: aim=33 cxcy=84.0,119.6 left=1:-2.85@87,86 dx=2.8 idx=3/12 dist=32/143 right=1:-1.62@86,86 dx=1.6 idx=0/13 dist=32/254 sel=1:-1.46@86,83 dx=1.5 idx=0/16 dist=32/248 edge=1:2.59@81.0,76.0 dx=-3.0 width=60.5 l=51,72 r=111,80
CxScan: raw_ref=80.0 edge=81.0,76.0 best_raw_x=70 best_err=-0.70 best_cxcy=80.2,119.5 scan=0:-22.6,10:-19.7,20:-16.7,30:-13.6,40:-10.5,50:-7.3,60:-4.0,70:-0.7,80:2.6,90:5.9,100:9.1,110:12.3,120:15.3,130:18.3,140:21.2
ATGSeedDiag: seed=1@4,100/1@140,108 begin=7,108 block=5 clip=8
ATGLptDiag: best=10(35.6) imip=0/20 pass=10110 acc=-1 ipm=61.3,93.9 inv=43.8,59.6 | 8(6.9) imip=0/18 pass=10111 acc=-1 ipm=111.6,98.1 inv=118.4,64.6
frame=318 line=1 track=1 cross=0 circle=1(CIRCLE_LEFT_BEGIN) round=0 yroad=0 ramp=0 road=7 speed=0 near=45/124 raw=104/105 sel=124/125 far=0/0 far_raw=0/0 l=0@-1/0@-1 far_l=0@-1/0@-1 straight=0/1 far_straight=0/0 circle_cnt=87/0/0/0 lost=0/0 conf=27.5/7.2/0.0/0.0 dist=923 begin=2188/0 m0=(84,119) ml=(86,87) md=32/1/126 cxcy=84.0,119.6 guide=-1.83 atg=0.0/0.0/0.0 pure=-0.27/-0.28 yaw=110 cmd=228 actual=-8 signed=1 rps=3487/4113:2730/2942 duty=9/13 pwm=PWM2:9/PWM1:13 motor=2:9/1:13
ATGCorner: L=0@-1/0@-1 Y=0@-1/0@-1 farL=0@-1/0@-1 Lxy=-1.0,-1.0:-1.0,-1.0/-1.0,-1.0:-1.0,-1.0 Yxy=-1.0,-1.0:-1.0,-1.0/-1.0,-1.0:-1.0,-1.0 farLxy=-1.0,-1.0:-1.0,-1.0/-1.0,-1.0:-1.0,-1.0 best=11:61.2,92.1:44.5,57.4:27.5:10111/9:112.0,95.9:116.9,61.5:7.2:10111 seed_src=none/none seed=0.0,0.0/0.0,0.0 far_start=70,0 far_raw=0/0 far_num=0/0 straight=0/1 far_straight=0/0 conf_deg=27.5/7.2/0.0/0.0
CrossDiag: type=CROSS_NONE track=1 half_lr=0/0 nearL=0@-1/0@-1 nearNum=45/124 centerNum=45/124 farL=0@-1/0@-1 farNum=0/0 farRaw=0/0 lost=0/0 not_have=0 final=124/125 flags=0/0
LineErr: aim=33 cxcy=84.0,119.6 left=1:-1.25@85,81 dx=1.3 idx=3/13 dist=33/138 right=1:-1.63@86,86 dx=1.6 idx=0/13 dist=32/255 sel=1:-1.45@86,83 dx=1.5 idx=0/16 dist=32/248 edge=1:3.05@80.5,76.5 dx=-3.5 width=61.4 l=50,73 r=111,80
CxScan: raw_ref=80.0 edge=80.5,76.5 best_raw_x=70 best_err=-0.27 best_cxcy=80.2,119.5 scan=0:-22.4,10:-19.5,20:-16.5,30:-13.3,40:-10.1,50:-6.9,60:-3.6,70:-0.3,80:3.0,90:6.3,100:9.6,110:12.8,120:15.9,130:18.9,140:21.7
ATGSeedDiag: seed=1@4,102/1@140,108 begin=7,108 block=5 clip=8
ATGLptDiag: best=11(27.5) imip=1/21 pass=10111 acc=-1 ipm=61.2,92.1 inv=44.5,57.4 | 9(7.2) imip=0/19 pass=10111 acc=-1 ipm=112.0,95.9 inv=116.9,61.5
frame=319 line=1 track=1 cross=0 circle=1(CIRCLE_LEFT_BEGIN) round=0 yroad=0 ramp=0 road=7 speed=0 near=45/124 raw=102/105 sel=124/126 far=0/0 far_raw=0/0 l=0@-1/0@-1 far_l=0@-1/0@-1 straight=0/1 far_straight=0/0 circle_cnt=87/0/0/0 lost=0/0 conf=36.1/7.2/0.0/0.0 dist=931 begin=2196/0 m0=(84,119) ml=(86,87) md=32/1/128 cxcy=84.0,119.6 guide=-1.83 atg=0.0/0.0/0.0 pure=-0.29/-0.32 yaw=110 cmd=231 actual=-11 signed=1 rps=3483/4117:2599/2827 duty=9/13 pwm=PWM2:9/PWM1:13 motor=2:9/1:13
ATGCorner: L=0@-1/0@-1 Y=0@-1/0@-1 farL=0@-1/0@-1 Lxy=-1.0,-1.0:-1.0,-1.0/-1.0,-1.0:-1.0,-1.0 Yxy=-1.0,-1.0:-1.0,-1.0/-1.0,-1.0:-1.0,-1.0 farLxy=-1.0,-1.0:-1.0,-1.0/-1.0,-1.0:-1.0,-1.0 best=10:61.3,94.1:43.7,59.8:36.1:10111/9:112.0,95.8:116.9,61.5:7.2:10111 seed_src=none/none seed=0.0,0.0/0.0,0.0 far_start=70,0 far_raw=0/0 far_num=0/0 straight=0/1 far_straight=0/0 conf_deg=36.1/7.2/0.0/0.0
CrossDiag: type=CROSS_NONE track=1 half_lr=0/0 nearL=0@-1/0@-1 nearNum=45/124 centerNum=45/124 farL=0@-1/0@-1 farNum=0/0 farRaw=0/0 lost=0/0 not_have=0 final=124/126 flags=0/0
LineErr: aim=33 cxcy=84.0,119.6 left=1:-1.08@85,81 dx=1.2 idx=3/13 dist=33/137 right=1:-1.63@86,86 dx=1.6 idx=0/13 dist=32/255 sel=1:-1.47@86,83 dx=1.5 idx=0/16 dist=32/250 edge=1:3.45@80.0,76.0 dx=-4.0 width=62.5 l=49,72 r=111,80
CxScan: raw_ref=80.0 edge=80.0,76.0 best_raw_x=70 best_err=0.16 best_cxcy=80.2,119.5 scan=0:-21.9,10:-19.0,20:-15.9,30:-12.8,40:-9.6,50:-6.4,60:-3.1,70:0.2,80:3.5,90:6.7,100:9.9,110:13.1,120:16.1,130:19.1,140:22.0
ATGSeedDiag: seed=1@5,102/1@140,108 begin=7,108 block=5 clip=8
ATGLptDiag: best=10(36.1) imip=0/20 pass=10111 acc=-1 ipm=61.3,94.1 inv=43.7,59.8 | 9(7.2) imip=0/19 pass=10111 acc=-1 ipm=112.0,95.8 inv=116.9,61.5
frame=321 line=1 track=1 cross=0 circle=1(CIRCLE_LEFT_BEGIN) round=0 yroad=0 ramp=0 road=7 speed=0 near=45/124 raw=104/105 sel=124/126 far=0/0 far_raw=0/0 l=0@-1/0@-1 far_l=0@-1/0@-1 straight=0/1 far_straight=0/0 circle_cnt=87/0/0/0 lost=0/0 conf=36.5/7.3/0.0/0.0 dist=947 begin=2212/0 m0=(84,119) ml=(86,87) md=32/1/129 cxcy=84.0,119.6 guide=-1.66 atg=0.0/0.0/0.0 pure=-0.27/-0.27 yaw=100 cmd=199 actual=1 signed=1 rps=3528/4072:2565/2840 duty=9/13 pwm=PWM2:9/PWM1:13 motor=2:9/1:13
ATGCorner: L=0@-1/0@-1 Y=0@-1/0@-1 farL=0@-1/0@-1 Lxy=-1.0,-1.0:-1.0,-1.0/-1.0,-1.0:-1.0,-1.0 Yxy=-1.0,-1.0:-1.0,-1.0/-1.0,-1.0:-1.0,-1.0 farLxy=-1.0,-1.0:-1.0,-1.0/-1.0,-1.0:-1.0,-1.0 best=10:61.3,94.6:43.4,60.5:36.5:10111/8:111.7,98.1:118.5,64.6:7.3:10111 seed_src=none/none seed=0.0,0.0/0.0,0.0 far_start=70,0 far_raw=0/0 far_num=0/0 straight=0/1 far_straight=0/0 conf_deg=36.5/7.3/0.0/0.0
CrossDiag: type=CROSS_NONE track=1 half_lr=0/0 nearL=0@-1/0@-1 nearNum=45/124 centerNum=45/124 farL=0@-1/0@-1 farNum=0/0 farRaw=0/0 lost=0/0 not_have=0 final=124/126 flags=0/0
LineErr: aim=33 cxcy=84.0,119.6 left=1:-1.20@85,81 dx=1.3 idx=3/13 dist=34/137 right=1:-1.58@86,86 dx=1.6 idx=0/13 dist=32/254 sel=1:-1.17@85,83 dx=1.2 idx=0/16 dist=32/250 edge=1:2.65@81.0,77.5 dx=-3.0 width=60.2 l=51,75 r=111,80
CxScan: raw_ref=80.0 edge=81.0,77.5 best_raw_x=70 best_err=-0.71 best_cxcy=80.2,119.5 scan=0:-23.1,10:-20.1,20:-17.1,30:-13.9,40:-10.7,50:-7.4,60:-4.1,70:-0.7,80:2.7,90:6.0,100:9.3,110:12.5,120:15.7,130:18.7,140:21.7
ATGSeedDiag: seed=1@4,104/1@140,108 begin=7,108 block=5 clip=8
ATGLptDiag: best=10(36.5) imip=0/20 pass=10111 acc=-1 ipm=61.3,94.6 inv=43.4,60.5 | 8(7.3) imip=0/18 pass=10111 acc=-1 ipm=111.7,98.1 inv=118.5,64.6
frame=322 line=1 track=1 cross=0 circle=1(CIRCLE_LEFT_BEGIN) round=0 yroad=0 ramp=0 road=7 speed=0 near=44/124 raw=103/105 sel=124/125 far=0/0 far_raw=0/0 l=0@-1/0@-1 far_l=0@-1/0@-1 straight=0/1 far_straight=0/0 circle_cnt=87/0/0/0 lost=0/0 conf=37.9/8.4/0.0/0.0 dist=955 begin=2220/0 m0=(84,119) ml=(86,87) md=32/1/126 cxcy=84.0,119.6 guide=-1.50 atg=0.0/0.0/0.0 pure=-0.27/-0.27 yaw=90 cmd=171 actual=9 signed=1 rps=3566/4034:2656/2946 duty=9/12 pwm=PWM2:9/PWM1:12 motor=2:9/1:12
ATGCorner: L=0@-1/0@-1 Y=0@-1/0@-1 farL=0@-1/0@-1 Lxy=-1.0,-1.0:-1.0,-1.0/-1.0,-1.0:-1.0,-1.0 Yxy=-1.0,-1.0:-1.0,-1.0/-1.0,-1.0:-1.0,-1.0 farLxy=-1.0,-1.0:-1.0,-1.0/-1.0,-1.0:-1.0,-1.0 best=10:61.3,94.8:43.3,60.7:37.9:10111/6:111.4,102.8:122.6,71.9:8.4:10111 seed_src=none/none seed=0.0,0.0/0.0,0.0 far_start=70,0 far_raw=0/0 far_num=0/0 straight=0/1 far_straight=0/0 conf_deg=37.9/8.4/0.0/0.0
CrossDiag: type=CROSS_NONE track=1 half_lr=0/0 nearL=0@-1/0@-1 nearNum=44/124 centerNum=44/124 farL=0@-1/0@-1 farNum=0/0 farRaw=0/0 lost=0/0 not_have=0 final=124/125 flags=0/0
LineErr: aim=33 cxcy=84.0,119.6 left=1:-2.26@86,85 dx=2.3 idx=3/12 dist=32/138 right=1:-1.58@86,86 dx=1.6 idx=0/13 dist=32/254 sel=1:-0.98@85,83 dx=1.0 idx=0/16 dist=32/248 edge=1:3.50@80.0,77.0 dx=-4.0 width=62.3 l=49,74 r=111,80
CxScan: raw_ref=80.0 edge=80.0,77.0 best_raw_x=70 best_err=0.17 best_cxcy=80.2,119.5 scan=0:-22.2,10:-19.2,20:-16.2,30:-13.0,40:-9.8,50:-6.5,60:-3.2,70:0.2,80:3.5,90:6.8,100:10.1,110:13.3,120:16.4,130:19.4,140:22.3
ATGSeedDiag: seed=1@4,105/1@140,108 begin=7,108 block=5 clip=8
ATGLptDiag: best=10(37.9) imip=0/20 pass=10111 acc=-1 ipm=61.3,94.8 inv=43.3,60.7 | 6(8.4) imip=0/16 pass=10111 acc=-1 ipm=111.4,102.8 inv=122.6,71.9
frame=323 line=1 track=1 cross=0 circle=1(CIRCLE_LEFT_BEGIN) round=0 yroad=0 ramp=0 road=7 speed=0 near=43/124 raw=103/105 sel=124/125 far=0/0 far_raw=0/0 l=0@-1/0@-1 far_l=0@-1/0@-1 straight=0/1 far_straight=0/0 circle_cnt=87/0/0/0 lost=0/0 conf=36.5/8.3/0.0/0.0 dist=963 begin=2228/0 m0=(84,119) ml=(86,87) md=32/1/126 cxcy=84.0,119.6 guide=-1.50 atg=0.0/0.0/0.0 pure=-0.27/-0.27 yaw=90 cmd=157 actual=22 signed=1 rps=3584/4016:2630/2870 duty=9/13 pwm=PWM2:9/PWM1:13 motor=2:9/1:13
ATGCorner: L=0@-1/0@-1 Y=0@-1/0@-1 farL=0@-1/0@-1 Lxy=-1.0,-1.0:-1.0,-1.0/-1.0,-1.0:-1.0,-1.0 Yxy=-1.0,-1.0:-1.0,-1.0/-1.0,-1.0:-1.0,-1.0 farLxy=-1.0,-1.0:-1.0,-1.0/-1.0,-1.0:-1.0,-1.0 best=10:61.3,94.7:43.3,60.6:36.5:10111/7:111.7,100.5:120.7,68.1:8.3:10111 seed_src=none/none seed=0.0,0.0/0.0,0.0 far_start=70,0 far_raw=0/0 far_num=0/0 straight=0/1 far_straight=0/0 conf_deg=36.5/8.3/0.0/0.0
CrossDiag: type=CROSS_NONE track=1 half_lr=0/0 nearL=0@-1/0@-1 nearNum=43/124 centerNum=43/124 farL=0@-1/0@-1 farNum=0/0 farRaw=0/0 lost=0/0 not_have=0 final=124/125 flags=0/0
LineErr: aim=33 cxcy=84.0,119.6 left=1:-2.14@86,84 dx=2.2 idx=3/12 dist=32/133 right=1:-1.58@86,86 dx=1.6 idx=0/13 dist=32/254 sel=1:-1.00@85,83 dx=1.0 idx=0/16 dist=32/248 edge=1:3.09@80.5,77.5 dx=-3.5 width=61.2 l=50,75 r=111,80
CxScan: raw_ref=80.0 edge=80.5,77.5 best_raw_x=70 best_err=-0.27 best_cxcy=80.2,119.5 scan=0:-22.7,10:-19.8,20:-16.7,30:-13.5,40:-10.3,50:-7.0,60:-3.6,70:-0.3,80:3.1,90:6.4,100:9.7,110:12.9,120:16.1,130:19.1,140:22.0
ATGSeedDiag: seed=1@5,105/1@140,108 begin=7,108 block=5 clip=8
ATGLptDiag: best=10(36.5) imip=0/20 pass=10111 acc=-1 ipm=61.3,94.7 inv=43.3,60.6 | 7(8.3) imip=0/17 pass=10111 acc=-1 ipm=111.7,100.5 inv=120.7,68.1
frame=324 line=1 track=1 cross=0 circle=1(CIRCLE_LEFT_BEGIN) round=0 yroad=0 ramp=0 road=7 speed=0 near=43/124 raw=104/105 sel=124/125 far=0/0 far_raw=0/0 l=0@-1/0@-1 far_l=0@-1/0@-1 straight=0/1 far_straight=0/0 circle_cnt=87/0/0/0 lost=0/0 conf=38.3/8.7/0.0/0.0 dist=971 begin=2236/0 m0=(84,119) ml=(86,87) md=32/1/126 cxcy=84.0,119.6 guide=-1.50 atg=0.0/0.0/0.0 pure=-0.27/-0.27 yaw=90 cmd=134 actual=45 signed=1 rps=3616/3984:2826/2961 duty=9/12 pwm=PWM2:9/PWM1:12 motor=2:9/1:12
ATGCorner: L=0@-1/0@-1 Y=0@-1/0@-1 farL=0@-1/0@-1 Lxy=-1.0,-1.0:-1.0,-1.0/-1.0,-1.0:-1.0,-1.0 Yxy=-1.0,-1.0:-1.0,-1.0/-1.0,-1.0:-1.0,-1.0 farLxy=-1.0,-1.0:-1.0,-1.0/-1.0,-1.0:-1.0,-1.0 best=10:61.4,95.2:43.3,61.2:38.3:10111/7:111.8,100.5:120.8,68.2:8.7:10111 seed_src=none/none seed=0.0,0.0/0.0,0.0 far_start=70,0 far_raw=0/0 far_num=0/0 straight=0/1 far_straight=0/0 conf_deg=38.3/8.7/0.0/0.0
CrossDiag: type=CROSS_NONE track=1 half_lr=0/0 nearL=0@-1/0@-1 nearNum=43/124 centerNum=43/124 farL=0@-1/0@-1 farNum=0/0 farRaw=0/0 lost=0/0 not_have=0 final=124/125 flags=0/0
LineErr: aim=33 cxcy=84.0,119.6 left=1:-3.00@87,89 dx=2.8 idx=2/11 dist=32/136 right=1:-1.58@86,86 dx=1.6 idx=0/13 dist=32/253 sel=1:-1.16@85,83 dx=1.2 idx=0/16 dist=32/248 edge=1:3.94@79.5,77.0 dx=-4.5 width=63.3 l=48,74 r=111,80
CxScan: raw_ref=80.0 edge=79.5,77.0 best_raw_x=70 best_err=0.60 best_cxcy=80.2,119.5 scan=0:-21.8,10:-18.8,20:-15.8,30:-12.6,40:-9.4,50:-6.1,60:-2.7,70:0.6,80:3.9,90:7.2,100:10.5,110:13.7,120:16.8,130:19.8,140:22.6
ATGSeedDiag: seed=1@4,106/1@140,108 begin=7,108 block=5 clip=8
ATGLptDiag: best=10(38.3) imip=0/20 pass=10111 acc=-1 ipm=61.4,95.2 inv=43.3,61.2 | 7(8.7) imip=0/17 pass=10111 acc=-1 ipm=111.8,100.5 inv=120.8,68.2
frame=325 line=1 track=1 cross=0 circle=1(CIRCLE_LEFT_BEGIN) round=0 yroad=0 ramp=0 road=7 speed=0 near=43/124 raw=103/105 sel=124/125 far=0/0 far_raw=0/0 l=0@-1/0@-1 far_l=0@-1/0@-1 straight=0/1 far_straight=0/0 circle_cnt=87/0/0/0 lost=0/0 conf=36.0/8.4/0.0/0.0 dist=979 begin=2244/0 m0=(84,119) ml=(86,87) md=32/1/126 cxcy=84.0,119.6 guide=-1.50 atg=0.0/0.0/0.0 pure=-0.27/-0.27 yaw=90 cmd=122 actual=58 signed=1 rps=3633/3967:2923/2915 duty=9/12 pwm=PWM2:9/PWM1:12 motor=2:9/1:12
ATGCorner: L=0@-1/0@-1 Y=0@-1/0@-1 farL=0@-1/0@-1 Lxy=-1.0,-1.0:-1.0,-1.0/-1.0,-1.0:-1.0,-1.0 Yxy=-1.0,-1.0:-1.0,-1.0/-1.0,-1.0:-1.0,-1.0 farLxy=-1.0,-1.0:-1.0,-1.0/-1.0,-1.0:-1.0,-1.0 best=10:61.0,94.9:42.9,60.9:36.0:10111/7:111.8,100.5:120.8,68.1:8.4:10111 seed_src=none/none seed=0.0,0.0/0.0,0.0 far_start=70,0 far_raw=0/0 far_num=0/0 straight=0/1 far_straight=0/0 conf_deg=36.0/8.4/0.0/0.0
CrossDiag: type=CROSS_NONE track=1 half_lr=0/0 nearL=0@-1/0@-1 nearNum=43/124 centerNum=43/124 farL=0@-1/0@-1 farNum=0/0 farRaw=0/0 lost=0/0 not_have=0 final=124/125 flags=0/0
LineErr: aim=33 cxcy=84.0,119.6 left=1:-1.50@86,84 dx=1.5 idx=2/12 dist=34/135 right=1:-1.48@85,86 dx=1.5 idx=0/13 dist=32/254 sel=1:-0.99@85,83 dx=1.0 idx=0/16 dist=32/248 edge=1:3.09@80.5,77.5 dx=-3.5 width=61.2 l=50,75 r=111,80
CxScan: raw_ref=80.0 edge=80.5,77.5 best_raw_x=70 best_err=-0.27 best_cxcy=80.2,119.5 scan=0:-22.7,10:-19.8,20:-16.7,30:-13.5,40:-10.3,50:-7.0,60:-3.6,70:-0.3,80:3.1,90:6.4,100:9.7,110:12.9,120:16.1,130:19.1,140:22.0
ATGSeedDiag: seed=1@5,107/1@140,108 begin=7,108 block=5 clip=8
ATGLptDiag: best=10(36.0) imip=0/20 pass=10111 acc=-1 ipm=61.0,94.9 inv=42.9,60.9 | 7(8.4) imip=0/17 pass=10111 acc=-1 ipm=111.8,100.5 inv=120.8,68.1
frame=326 line=1 track=1 cross=0 circle=1(CIRCLE_LEFT_BEGIN) round=0 yroad=0 ramp=0 road=7 speed=0 near=43/124 raw=103/105 sel=124/125 far=0/0 far_raw=0/0 l=0@-1/0@-1 far_l=0@-1/0@-1 straight=0/1 far_straight=0/0 circle_cnt=87/0/0/0 lost=0/0 conf=37.0/8.3/0.0/0.0 dist=987 begin=2252/0 m0=(84,119) ml=(85,87) md=32/1/126 cxcy=84.0,119.6 guide=-0.99 atg=0.0/0.0/0.0 pure=-0.27/-0.27 yaw=59 cmd=58 actual=60 signed=1 rps=3720/3880:2859/2692 duty=9/12 pwm=PWM2:9/PWM1:12 motor=2:9/1:12
ATGCorner: L=0@-1/0@-1 Y=0@-1/0@-1 farL=0@-1/0@-1 Lxy=-1.0,-1.0:-1.0,-1.0/-1.0,-1.0:-1.0,-1.0 Yxy=-1.0,-1.0:-1.0,-1.0/-1.0,-1.0:-1.0,-1.0 farLxy=-1.0,-1.0:-1.0,-1.0/-1.0,-1.0:-1.0,-1.0 best=10:60.9,95.3:42.5,61.4:37.0:10111/7:111.7,100.5:120.7,68.1:8.3:10111 seed_src=none/none seed=0.0,0.0/0.0,0.0 far_start=70,0 far_raw=0/0 far_num=0/0 straight=0/1 far_straight=0/0 conf_deg=37.0/8.3/0.0/0.0
CrossDiag: type=CROSS_NONE track=1 half_lr=0/0 nearL=0@-1/0@-1 nearNum=43/124 centerNum=43/124 farL=0@-1/0@-1 farNum=0/0 farRaw=0/0 lost=0/0 not_have=0 final=124/125 flags=0/0
LineErr: aim=33 cxcy=84.0,119.6 left=1:-2.43@86,89 dx=2.3 idx=2/11 dist=31/137 right=1:-1.14@85,86 dx=1.1 idx=0/13 dist=32/253 sel=1:-0.83@85,83 dx=0.9 idx=0/16 dist=32/248 edge=1:3.12@80.5,78.0 dx=-3.5 width=61.1 l=50,76 r=111,80
CxScan: raw_ref=80.0 edge=80.5,78.0 best_raw_x=70 best_err=-0.27 best_cxcy=80.2,119.5 scan=0:-22.9,10:-19.9,20:-16.8,30:-13.6,40:-10.4,50:-7.0,60:-3.7,70:-0.3,80:3.1,90:6.5,100:9.8,110:13.0,120:16.2,130:19.3,140:22.2
ATGSeedDiag: seed=1@4,108/1@140,108 begin=7,108 block=5 clip=8
ATGLptDiag: best=10(37.0) imip=0/20 pass=10111 acc=-1 ipm=60.9,95.3 inv=42.5,61.4 | 7(8.3) imip=0/17 pass=10111 acc=-1 ipm=111.7,100.5 inv=120.7,68.1
frame=327 line=1 track=1 cross=0 circle=1(CIRCLE_LEFT_BEGIN) round=0 yroad=0 ramp=0 road=7 speed=0 near=42/124 raw=103/105 sel=124/125 far=0/0 far_raw=0/0 l=0@-1/0@-1 far_l=0@-1/0@-1 straight=0/1 far_straight=0/0 circle_cnt=87/0/0/0 lost=0/0 conf=36.3/8.9/0.0/0.0 dist=995 begin=2260/0 m0=(84,119) ml=(85,87) md=32/1/126 cxcy=84.0,119.6 guide=-0.99 atg=0.0/0.0/0.0 pure=-0.27/-0.27 yaw=59 cmd=61 actual=57 signed=1 rps=3716/3884:3032/2689 duty=9/12 pwm=PWM2:9/PWM1:12 motor=2:9/1:12
ATGCorner: L=0@-1/0@-1 Y=0@-1/0@-1 farL=0@-1/0@-1 Lxy=-1.0,-1.0:-1.0,-1.0/-1.0,-1.0:-1.0,-1.0 Yxy=-1.0,-1.0:-1.0,-1.0/-1.0,-1.0:-1.0,-1.0 farLxy=-1.0,-1.0:-1.0,-1.0/-1.0,-1.0:-1.0,-1.0 best=10:60.9,95.1:42.6,61.1:36.3:10111/5:111.1,105.1:124.8,76.1:8.9:10111 seed_src=none/none seed=0.0,0.0/0.0,0.0 far_start=70,0 far_raw=0/0 far_num=0/0 straight=0/1 far_straight=0/0 conf_deg=36.3/8.9/0.0/0.0
CrossDiag: type=CROSS_NONE track=1 half_lr=0/0 nearL=0@-1/0@-1 nearNum=42/124 centerNum=42/124 farL=0@-1/0@-1 farNum=0/0 farRaw=0/0 lost=0/0 not_have=0 final=124/125 flags=0/0
LineErr: aim=33 cxcy=84.0,119.6 left=1:-1.03@85,84 dx=1.1 idx=2/12 dist=34/133 right=1:-0.63@85,84 dx=0.6 idx=0/14 dist=33/252 sel=1:-0.55@85,83 dx=0.6 idx=0/16 dist=32/248 edge=1:3.56@80.0,78.0 dx=-4.0 width=62.1 l=49,76 r=111,80
CxScan: raw_ref=80.0 edge=80.0,78.0 best_raw_x=70 best_err=0.17 best_cxcy=80.2,119.5 scan=0:-22.5,10:-19.5,20:-16.4,30:-13.2,40:-9.9,50:-6.6,60:-3.2,70:0.2,80:3.6,90:6.9,100:10.2,110:13.5,120:16.6,130:19.6,140:22.6
ATGSeedDiag: seed=1@5,108/1@140,108 begin=7,108 block=5 clip=8
ATGLptDiag: best=10(36.3) imip=0/20 pass=10111 acc=-1 ipm=60.9,95.1 inv=42.6,61.1 | 5(8.9) imip=0/15 pass=10111 acc=-1 ipm=111.1,105.1 inv=124.8,76.1
frame=330 line=1 track=1 cross=0 circle=1(CIRCLE_LEFT_BEGIN) round=0 yroad=0 ramp=0 road=7 speed=0 near=41/124 raw=101/105 sel=124/125 far=0/0 far_raw=0/0 l=0@-1/0@-1 far_l=0@-1/0@-1 straight=0/1 far_straight=0/0 circle_cnt=87/0/0/0 lost=0/0 conf=36.5/8.9/0.0/0.0 dist=1019 begin=2284/0 m0=(84,119) ml=(85,87) md=32/1/127 cxcy=84.0,119.6 guide=-0.99 atg=0.0/0.0/0.0 pure=-0.19/-0.24 yaw=59 cmd=102 actual=17 signed=1 rps=3660/3940:3120/2796 duty=9/12 pwm=PWM2:9/PWM1:12 motor=2:9/1:12
ATGCorner: L=0@-1/0@-1 Y=0@-1/0@-1 farL=0@-1/0@-1 Lxy=-1.0,-1.0:-1.0,-1.0/-1.0,-1.0:-1.0,-1.0 Yxy=-1.0,-1.0:-1.0,-1.0/-1.0,-1.0:-1.0,-1.0 farLxy=-1.0,-1.0:-1.0,-1.0/-1.0,-1.0:-1.0,-1.0 best=10:60.7,95.0:42.4,61.0:36.5:10111/6:111.4,102.8:122.7,71.9:8.9:10111 seed_src=none/none seed=0.0,0.0/0.0,0.0 far_start=70,0 far_raw=0/0 far_num=0/0 straight=0/1 far_straight=0/0 conf_deg=36.5/8.9/0.0/0.0
CrossDiag: type=CROSS_NONE track=1 half_lr=0/0 nearL=0@-1/0@-1 nearNum=41/124 centerNum=41/124 farL=0@-1/0@-1 farNum=0/0 farRaw=0/0 lost=0/0 not_have=0 final=124/125 flags=0/0
LineErr: aim=33 cxcy=84.0,119.6 left=1:-0.32@84,82 dx=0.3 idx=2/12 dist=34/130 right=1:-0.62@85,84 dx=0.6 idx=0/14 dist=33/254 sel=1:-0.54@85,83 dx=0.6 idx=0/16 dist=32/248 edge=1:4.00@79.5,78.0 dx=-4.5 width=63.1 l=48,76 r=111,80
CxScan: raw_ref=80.0 edge=79.5,78.0 best_raw_x=70 best_err=0.61 best_cxcy=80.2,119.5 scan=0:-22.1,10:-19.1,20:-16.0,30:-12.8,40:-9.5,50:-6.2,60:-2.8,70:0.6,80:4.0,90:7.4,100:10.7,110:13.9,120:17.0,130:20.0,140:22.9
ATGSeedDiag: seed=1@7,108/1@140,108 begin=7,108 block=5 clip=8
ATGLptDiag: best=10(36.5) imip=0/20 pass=10111 acc=-1 ipm=60.7,95.0 inv=42.4,61.0 | 6(8.9) imip=0/16 pass=10111 acc=-1 ipm=111.4,102.8 inv=122.7,71.9
frame=331 line=1 track=1 cross=0 circle=1(CIRCLE_LEFT_BEGIN) round=0 yroad=0 ramp=0 road=7 speed=0 near=40/124 raw=101/105 sel=124/125 far=0/0 far_raw=0/0 l=0@-1/0@-1 far_l=0@-1/0@-1 straight=0/1 far_straight=0/0 circle_cnt=87/0/0/0 lost=0/0 conf=35.7/9.9/0.0/0.0 dist=1027 begin=2292/0 m0=(84,119) ml=(85,87) md=32/1/126 cxcy=84.0,119.6 guide=-0.99 atg=0.0/0.0/0.0 pure=-0.27/-0.26 yaw=59 cmd=110 actual=9 signed=1 rps=3649/3951:2957/2714 duty=9/12 pwm=PWM2:9/PWM1:12 motor=2:9/1:12
ATGCorner: L=0@-1/0@-1 Y=0@-1/0@-1 farL=0@-1/0@-1 Lxy=-1.0,-1.0:-1.0,-1.0/-1.0,-1.0:-1.0,-1.0 Yxy=-1.0,-1.0:-1.0,-1.0/-1.0,-1.0:-1.0,-1.0 farLxy=-1.0,-1.0:-1.0,-1.0/-1.0,-1.0:-1.0,-1.0 best=10:60.7,94.8:42.4,60.8:35.7:10111/5:111.4,105.1:125.3,76.2:9.9:10111 seed_src=none/none seed=0.0,0.0/0.0,0.0 far_start=70,0 far_raw=0/0 far_num=0/0 straight=0/1 far_straight=0/0 conf_deg=35.7/9.9/0.0/0.0
CrossDiag: type=CROSS_NONE track=1 half_lr=0/0 nearL=0@-1/0@-1 nearNum=40/124 centerNum=40/124 farL=0@-1/0@-1 farNum=0/0 farRaw=0/0 lost=0/0 not_have=0 final=124/125 flags=0/0
LineErr: aim=33 cxcy=84.0,119.6 left=1:-2.56@86,90 dx=2.3 idx=1/10 dist=31/130 right=1:-0.68@85,84 dx=0.7 idx=0/14 dist=33/251 sel=1:-0.66@85,83 dx=0.7 idx=0/16 dist=32/248 edge=1:4.00@79.5,78.0 dx=-4.5 width=63.1 l=48,76 r=111,80
CxScan: raw_ref=80.0 edge=79.5,78.0 best_raw_x=70 best_err=0.61 best_cxcy=80.2,119.5 scan=0:-22.1,10:-19.1,20:-16.0,30:-12.8,40:-9.5,50:-6.2,60:-2.8,70:0.6,80:4.0,90:7.4,100:10.7,110:13.9,120:17.0,130:20.0,140:22.9
ATGSeedDiag: seed=1@8,108/1@140,108 begin=7,108 block=5 clip=8
ATGLptDiag: best=10(35.7) imip=0/20 pass=10111 acc=-1 ipm=60.7,94.8 inv=42.4,60.8 | 5(9.9) imip=0/15 pass=10111 acc=-1 ipm=111.4,105.1 inv=125.3,76.2
frame=334 line=1 track=1 cross=0 circle=1(CIRCLE_LEFT_BEGIN) round=0 yroad=0 ramp=0 road=7 speed=0 near=39/124 raw=96/105 sel=124/125 far=0/0 far_raw=0/0 l=0@-1/0@-1 far_l=0@-1/0@-1 straight=0/1 far_straight=0/0 circle_cnt=87/0/0/0 lost=0/0 conf=36.4/10.7/0.0/0.0 dist=1051 begin=2316/0 m0=(84,119) ml=(85,87) md=32/1/126 cxcy=84.0,119.6 guide=-0.48 atg=0.0/0.0/0.0 pure=-0.19/-0.26 yaw=29 cmd=51 actual=7 signed=1 rps=3730/3870:3002/3040 duty=9/12 pwm=PWM2:9/PWM1:12 motor=2:9/1:12
ATGCorner: L=0@-1/0@-1 Y=0@-1/0@-1 farL=0@-1/0@-1 Lxy=-1.0,-1.0:-1.0,-1.0/-1.0,-1.0:-1.0,-1.0 Yxy=-1.0,-1.0:-1.0,-1.0/-1.0,-1.0:-1.0,-1.0 farLxy=-1.0,-1.0:-1.0,-1.0/-1.0,-1.0:-1.0,-1.0 best=10:60.1,94.1:42.0,59.9:36.4:10111/4:111.1,107.4:127.6,80.8:10.7:10111 seed_src=none/none seed=0.0,0.0/0.0,0.0 far_start=70,0 far_raw=0/0 far_num=0/0 straight=0/1 far_straight=0/0 conf_deg=36.4/10.7/0.0/0.0
CrossDiag: type=CROSS_NONE track=1 half_lr=0/0 nearL=0@-1/0@-1 nearNum=39/124 centerNum=39/124 farL=0@-1/0@-1 farNum=0/0 farRaw=0/0 lost=0/0 not_have=0 final=124/125 flags=0/0
LineErr: aim=33 cxcy=84.0,119.6 left=1:-0.09@84,84 dx=0.1 idx=1/11 dist=33/124 right=1:-0.33@84,84 dx=0.3 idx=0/14 dist=33/253 sel=1:-0.34@84,83 dx=0.4 idx=0/16 dist=32/248 edge=1:4.06@79.5,79.0 dx=-4.5 width=63.0 l=48,78 r=111,80
CxScan: raw_ref=80.0 edge=79.5,79.0 best_raw_x=70 best_err=0.62 best_cxcy=80.2,119.5 scan=0:-22.4,10:-19.4,20:-16.2,30:-13.0,40:-9.7,50:-6.3,60:-2.8,70:0.6,80:4.1,90:7.5,100:10.8,110:14.1,120:17.3,130:20.3,140:23.3
ATGSeedDiag: seed=1@11,108/1@140,108 begin=7,108 block=5 clip=8
ATGLptDiag: best=10(36.4) imip=0/20 pass=10111 acc=-1 ipm=60.1,94.1 inv=42.0,59.9 | 4(10.7) imip=0/14 pass=10111 acc=-1 ipm=111.1,107.4 inv=127.6,80.8
frame=337 line=1 track=1 cross=0 circle=1(CIRCLE_LEFT_BEGIN) round=0 yroad=0 ramp=0 road=7 speed=0 near=38/124 raw=97/105 sel=124/125 far=0/0 far_raw=0/0 l=0@-1/0@-1 far_l=0@-1/0@-1 straight=0/1 far_straight=0/0 circle_cnt=87/0/0/0 lost=0/0 conf=37.3/13.2/0.0/0.0 dist=1075 begin=2340/0 m0=(84,119) ml=(84,87) md=32/1/127 cxcy=84.0,119.6 guide=-0.31 atg=0.0/0.0/0.0 pure=-0.19/-0.22 yaw=19 cmd=33 actual=4 signed=1 rps=3754/3846:2896/3154 duty=10/12 pwm=PWM2:10/PWM1:12 motor=2:10/1:12
ATGCorner: L=0@-1/0@-1 Y=0@-1/0@-1 farL=0@-1/0@-1 Lxy=-1.0,-1.0:-1.0,-1.0/-1.0,-1.0:-1.0,-1.0 Yxy=-1.0,-1.0:-1.0,-1.0/-1.0,-1.0:-1.0,-1.0 farLxy=-1.0,-1.0:-1.0,-1.0/-1.0,-1.0:-1.0,-1.0 best=10:60.0,94.2:41.8,60.0:37.3:10111/2:110.4,112.0:133.1,91.7:13.2:10111 seed_src=none/none seed=0.0,0.0/0.0,0.0 far_start=70,0 far_raw=0/0 far_num=0/0 straight=0/1 far_straight=0/0 conf_deg=37.3/13.2/0.0/0.0
CrossDiag: type=CROSS_NONE track=1 half_lr=0/0 nearL=0@-1/0@-1 nearNum=38/124 centerNum=38/124 farL=0@-1/0@-1 farNum=0/0 farRaw=0/0 lost=0/0 not_have=0 final=124/125 flags=0/0
LineErr: aim=33 cxcy=84.0,119.6 left=1:-1.12@85,87 dx=1.1 idx=0/10 dist=34/125 right=1:-0.33@84,84 dx=0.3 idx=0/14 dist=33/254 sel=1:-0.34@84,83 dx=0.4 idx=0/16 dist=32/248 edge=1:4.51@79.0,79.0 dx=-5.0 width=64.0 l=47,78 r=111,80
CxScan: raw_ref=80.0 edge=79.0,79.0 best_raw_x=65 best_err=-0.65 best_cxcy=78.3,119.5 scan=0:-22.0,10:-19.0,20:-15.8,30:-12.6,40:-9.2,50:-5.8,60:-2.4,70:1.1,80:4.5,90:7.9,100:11.2,110:14.5,120:17.7,130:20.7,140:23.6
ATGSeedDiag: seed=1@12,108/1@140,108 begin=7,108 block=5 clip=8
ATGLptDiag: best=10(37.3) imip=0/20 pass=10111 acc=-1 ipm=60.0,94.2 inv=41.8,60.0 | 2(13.2) imip=0/12 pass=10111 acc=-1 ipm=110.4,112.0 inv=133.1,91.7
frame=338 line=1 track=1 cross=0 circle=1(CIRCLE_LEFT_BEGIN) round=0 yroad=0 ramp=0 road=7 speed=0 near=38/124 raw=96/105 sel=124/125 far=0/0 far_raw=0/0 l=0@-1/0@-1 far_l=0@-1/0@-1 straight=0/1 far_straight=0/0 circle_cnt=87/0/0/0 lost=0/0 conf=34.3/10.2/0.0/0.0 dist=1083 begin=2348/0 m0=(84,119) ml=(85,87) md=32/1/126 cxcy=84.0,119.6 guide=-0.99 atg=0.0/0.0/0.0 pure=-0.26/-0.26 yaw=59 cmd=111 actual=7 signed=1 rps=3648/3952:2710/2960 duty=9/12 pwm=PWM2:9/PWM1:12 motor=2:9/1:12
ATGCorner: L=0@-1/0@-1 Y=0@-1/0@-1 farL=0@-1/0@-1 Lxy=-1.0,-1.0:-1.0,-1.0/-1.0,-1.0:-1.0,-1.0 Yxy=-1.0,-1.0:-1.0,-1.0/-1.0,-1.0:-1.0,-1.0 farLxy=-1.0,-1.0:-1.0,-1.0/-1.0,-1.0:-1.0,-1.0 best=10:59.4,94.1:41.0,59.9:34.3:10111/4:111.3,107.4:128.0,80.7:10.2:10111 seed_src=none/none seed=0.0,0.0/0.0,0.0 far_start=70,0 far_raw=0/0 far_num=0/0 straight=0/1 far_straight=0/0 conf_deg=34.3/10.2/0.0/0.0
CrossDiag: type=CROSS_NONE track=1 half_lr=0/0 nearL=0@-1/0@-1 nearNum=38/124 centerNum=38/124 farL=0@-1/0@-1 farNum=0/0 farRaw=0/0 lost=0/0 not_have=0 final=124/125 flags=0/0
LineErr: aim=33 cxcy=84.0,119.6 left=1:-0.35@84,87 dx=0.3 idx=0/10 dist=32/123 right=1:-0.48@85,84 dx=0.5 idx=0/14 dist=33/254 sel=1:-0.49@85,83 dx=0.5 idx=0/16 dist=32/248 edge=1:4.51@79.0,79.0 dx=-5.0 width=64.0 l=47,78 r=111,80
CxScan: raw_ref=80.0 edge=79.0,79.0 best_raw_x=65 best_err=-0.65 best_cxcy=78.3,119.5 scan=0:-22.0,10:-19.0,20:-15.8,30:-12.6,40:-9.2,50:-5.8,60:-2.4,70:1.1,80:4.5,90:7.9,100:11.2,110:14.5,120:17.7,130:20.7,140:23.6
ATGSeedDiag: seed=1@13,108/1@141,108 begin=7,108 block=5 clip=8
ATGLptDiag: best=10(34.3) imip=0/20 pass=10111 acc=-1 ipm=59.4,94.1 inv=41.0,59.9 | 4(10.2) imip=0/14 pass=10111 acc=-1 ipm=111.3,107.4 inv=128.0,80.7
frame=340 line=1 track=1 cross=0 circle=1(CIRCLE_LEFT_BEGIN) round=0 yroad=0 ramp=0 road=7 speed=0 near=37/124 raw=94/105 sel=124/125 far=0/0 far_raw=0/0 l=0@-1/0@-1 far_l=0@-1/0@-1 straight=0/1 far_straight=0/0 circle_cnt=87/0/0/0 lost=0/0 conf=36.0/12.3/0.0/0.0 dist=1099 begin=2364/0 m0=(84,119) ml=(85,87) md=32/1/126 cxcy=84.0,119.6 guide=-0.99 atg=0.0/0.0/0.0 pure=-0.27/-0.27 yaw=59 cmd=102 actual=17 signed=1 rps=3660/3940:2586/2900 duty=10/12 pwm=PWM2:10/PWM1:12 motor=2:10/1:12
ATGCorner: L=0@-1/0@-1 Y=0@-1/0@-1 farL=0@-1/0@-1 Lxy=-1.0,-1.0:-1.0,-1.0/-1.0,-1.0:-1.0,-1.0 Yxy=-1.0,-1.0:-1.0,-1.0/-1.0,-1.0:-1.0,-1.0 farLxy=-1.0,-1.0:-1.0,-1.0/-1.0,-1.0:-1.0,-1.0 best=10:59.3,93.8:41.0,59.5:36.0:10111/2:110.7,112.0:133.6,91.7:12.3:10111 seed_src=none/none seed=0.0,0.0/0.0,0.0 far_start=70,0 far_raw=0/0 far_num=0/0 straight=0/1 far_straight=0/0 conf_deg=36.0/12.3/0.0/0.0
CrossDiag: type=CROSS_NONE track=1 half_lr=0/0 nearL=0@-1/0@-1 nearNum=37/124 centerNum=37/124 farL=0@-1/0@-1 farNum=0/0 farRaw=0/0 lost=0/0 not_have=0 final=124/125 flags=0/0
LineErr: aim=33 cxcy=84.0,119.6 left=1:-0.00@84,86 dx=0.0 idx=0/10 dist=33/121 right=1:-0.48@85,84 dx=0.5 idx=0/14 dist=33/251 sel=1:-0.49@85,83 dx=0.5 idx=0/16 dist=32/248 edge=1:4.95@78.5,79.0 dx=-5.5 width=65.0 l=46,78 r=111,80
CxScan: raw_ref=80.0 edge=78.5,79.0 best_raw_x=65 best_err=-0.20 best_cxcy=78.3,119.5 scan=0:-21.6,10:-18.6,20:-15.4,30:-12.1,40:-8.8,50:-5.4,60:-1.9,70:1.5,80:5.0,90:8.3,100:11.7,110:14.9,120:18.1,130:21.1,140:24.0
ATGSeedDiag: seed=1@14,108/1@141,108 begin=7,108 block=5 clip=8
ATGLptDiag: best=10(36.0) imip=0/20 pass=10111 acc=-1 ipm=59.3,93.8 inv=41.0,59.5 | 2(12.3) imip=0/12 pass=10111 acc=-1 ipm=110.7,112.0 inv=133.6,91.7
frame=341 line=1 track=1 cross=0 circle=1(CIRCLE_LEFT_BEGIN) round=0 yroad=0 ramp=0 road=7 speed=0 near=37/124 raw=95/105 sel=124/125 far=0/0 far_raw=0/0 l=0@-1/0@-1 far_l=0@-1/0@-1 straight=0/1 far_straight=0/0 circle_cnt=87/0/0/0 lost=0/0 conf=36.7/15.9/0.0/0.0 dist=1107 begin=2372/0 m0=(84,119) ml=(84,87) md=32/1/126 cxcy=84.0,119.6 guide=-0.31 atg=0.0/0.0/0.0 pure=-0.23/-0.26 yaw=19 cmd=17 actual=20 signed=1 rps=3776/3824:2697/3037 duty=10/12 pwm=PWM2:10/PWM1:12 motor=2:10/1:12
ATGCorner: L=0@-1/0@-1 Y=0@-1/0@-1 farL=0@-1/0@-1 Lxy=-1.0,-1.0:-1.0,-1.0/-1.0,-1.0:-1.0,-1.0 Yxy=-1.0,-1.0:-1.0,-1.0/-1.0,-1.0:-1.0,-1.0 farLxy=-1.0,-1.0:-1.0,-1.0/-1.0,-1.0:-1.0,-1.0 best=10:59.2,94.0:40.9,59.7:36.7:10111/1:110.0,114.3:136.3,98.3:15.9:10111 seed_src=none/none seed=0.0,0.0/0.0,0.0 far_start=70,0 far_raw=0/0 far_num=0/0 straight=0/1 far_straight=0/0 conf_deg=36.7/15.9/0.0/0.0
CrossDiag: type=CROSS_NONE track=1 half_lr=0/0 nearL=0@-1/0@-1 nearNum=37/124 centerNum=37/124 farL=0@-1/0@-1 farNum=0/0 farRaw=0/0 lost=0/0 not_have=0 final=124/125 flags=0/0
LineErr: aim=33 cxcy=84.0,119.6 left=1:0.13@84,85 dx=-0.1 idx=0/10 dist=32/120 right=1:-0.33@84,84 dx=0.3 idx=0/14 dist=33/252 sel=1:-0.34@84,83 dx=0.4 idx=0/16 dist=32/248 edge=1:4.58@79.0,80.0 dx=-5.0 width=64.0 l=47,80 r=111,80
CxScan: raw_ref=80.0 edge=79.0,80.0 best_raw_x=65 best_err=-0.66 best_cxcy=78.3,119.5 scan=0:-22.3,10:-19.3,20:-16.1,30:-12.7,40:-9.4,50:-5.9,60:-2.4,70:1.1,80:4.6,90:8.0,100:11.4,110:14.7,120:17.9,130:21.0,140:24.0
ATGSeedDiag: seed=1@14,108/1@140,108 begin=7,108 block=5 clip=8
ATGLptDiag: best=10(36.7) imip=0/20 pass=10111 acc=-1 ipm=59.2,94.0 inv=40.9,59.7 | 1(15.9) imip=0/11 pass=10111 acc=-1 ipm=110.0,114.3 inv=136.3,98.3
frame=344 line=1 track=1 cross=0 circle=1(CIRCLE_LEFT_BEGIN) round=0 yroad=0 ramp=0 road=7 speed=0 near=35/124 raw=92/105 sel=124/125 far=0/0 far_raw=0/0 l=0@-1/0@-1 far_l=0@-1/0@-1 straight=0/1 far_straight=0/0 circle_cnt=87/0/0/0 lost=0/0 conf=36.3/18.2/0.0/0.0 dist=1131 begin=2396/0 m0=(84,119) ml=(84,87) md=32/1/124 cxcy=84.0,119.6 guide=0.03 atg=0.0/0.0/0.0 pure=-0.14/-0.19 yaw=-2 cmd=9 actual=-12 signed=1 rps=3788/3812:2850/2980 duty=10/12 pwm=PWM2:10/PWM1:12 motor=2:10/1:12
ATGCorner: L=0@-1/0@-1 Y=0@-1/0@-1 farL=0@-1/0@-1 Lxy=-1.0,-1.0:-1.0,-1.0/-1.0,-1.0:-1.0,-1.0 Yxy=-1.0,-1.0:-1.0,-1.0/-1.0,-1.0:-1.0,-1.0 farLxy=-1.0,-1.0:-1.0,-1.0/-1.0,-1.0:-1.0,-1.0 best=10:58.5,93.8:40.0,59.4:36.3:10111/1:110.0,114.3:136.3,98.3:18.2:10111 seed_src=none/none seed=0.0,0.0/0.0,0.0 far_start=70,0 far_raw=0/0 far_num=0/0 straight=0/1 far_straight=0/0 conf_deg=36.3/18.2/0.0/0.0
CrossDiag: type=CROSS_NONE track=1 half_lr=0/0 nearL=0@-1/0@-1 nearNum=35/124 centerNum=35/124 farL=0@-1/0@-1 farNum=0/0 farRaw=0/0 lost=0/0 not_have=0 final=124/125 flags=0/0
LineErr: aim=33 cxcy=84.0,119.6 left=1:1.31@83,84 dx=-1.3 idx=0/10 dist=33/114 right=1:-0.02@84,84 dx=0.0 idx=0/14 dist=32/253 sel=1:0.00@84,83 dx=-0.0 idx=0/16 dist=32/248 edge=1:5.48@78.0,80.0 dx=-6.0 width=64.0 l=46,80 r=110,80
CxScan: raw_ref=80.0 edge=78.0,80.0 best_raw_x=65 best_err=0.25 best_cxcy=78.3,119.5 scan=0:-21.6,10:-18.4,20:-15.2,30:-11.9,40:-8.5,50:-5.0,60:-1.5,70:2.0,80:5.5,90:8.9,100:12.3,110:15.6,120:18.8,130:21.8,140:24.7
ATGSeedDiag: seed=1@16,108/1@140,108 begin=7,108 block=5 clip=8
ATGLptDiag: best=10(36.3) imip=0/20 pass=10111 acc=-1 ipm=58.5,93.8 inv=40.0,59.4 | 1(18.2) imip=0/11 pass=10111 acc=-1 ipm=110.0,114.3 inv=136.3,98.3
frame=345 line=1 track=1 cross=0 circle=1(CIRCLE_LEFT_BEGIN) round=0 yroad=0 ramp=0 road=7 speed=0 near=35/124 raw=92/105 sel=124/125 far=0/0 far_raw=0/0 l=0@-1/0@-1 far_l=0@-1/0@-1 straight=0/1 far_straight=0/0 circle_cnt=87/0/0/0 lost=0/0 conf=35.1/17.1/0.0/0.0 dist=1139 begin=2404/0 m0=(84,119) ml=(84,87) md=32/1/126 cxcy=84.0,119.6 guide=0.03 atg=0.0/0.0/0.0 pure=-0.19/-0.22 yaw=-2 cmd=34 actual=-37 signed=1 rps=3753/3847:2822/2833 duty=10/12 pwm=PWM2:10/PWM1:12 motor=2:10/1:12
ATGCorner: L=0@-1/0@-1 Y=0@-1/0@-1 farL=0@-1/0@-1 Lxy=-1.0,-1.0:-1.0,-1.0/-1.0,-1.0:-1.0,-1.0 Yxy=-1.0,-1.0:-1.0,-1.0/-1.0,-1.0:-1.0,-1.0 farLxy=-1.0,-1.0:-1.0,-1.0/-1.0,-1.0:-1.0,-1.0 best=10:58.5,94.0:39.8,59.7:35.1:10111/1:110.1,114.3:136.4,98.2:17.1:10111 seed_src=none/none seed=0.0,0.0/0.0,0.0 far_start=70,0 far_raw=0/0 far_num=0/0 straight=0/1 far_straight=0/0 conf_deg=35.1/17.1/0.0/0.0
CrossDiag: type=CROSS_NONE track=1 half_lr=0/0 nearL=0@-1/0@-1 nearNum=35/124 centerNum=35/124 farL=0@-1/0@-1 farNum=0/0 farRaw=0/0 lost=0/0 not_have=0 final=124/125 flags=0/0
LineErr: aim=33 cxcy=84.0,119.6 left=1:1.39@83,84 dx=-1.4 idx=0/10 dist=33/114 right=1:-0.17@84,84 dx=0.2 idx=0/14 dist=32/252 sel=1:-0.18@84,83 dx=0.2 idx=0/16 dist=32/248 edge=1:5.53@78.0,80.5 dx=-6.0 width=64.0 l=46,81 r=110,80
CxScan: raw_ref=80.0 edge=78.0,80.5 best_raw_x=65 best_err=0.25 best_cxcy=78.3,119.5 scan=0:-21.7,10:-18.6,20:-15.3,30:-12.0,40:-8.5,50:-5.0,60:-1.5,70:2.0,80:5.5,90:9.0,100:12.4,110:15.7,120:18.9,130:22.0,140:24.9
ATGSeedDiag: seed=1@16,108/1@140,108 begin=7,108 block=5 clip=8
ATGLptDiag: best=10(35.1) imip=0/20 pass=10111 acc=-1 ipm=58.5,94.0 inv=39.8,59.7 | 1(17.1) imip=0/11 pass=10111 acc=-1 ipm=110.1,114.3 inv=136.4,98.2
frame=347 line=1 track=1 cross=0 circle=1(CIRCLE_LEFT_BEGIN) round=0 yroad=0 ramp=0 road=7 speed=0 near=35/124 raw=90/105 sel=124/125 far=0/0 far_raw=0/0 l=0@-1/0@-1 far_l=0@-1/0@-1 straight=0/1 far_straight=0/0 circle_cnt=87/0/0/0 lost=0/0 conf=34.0/13.9/0.0/0.0 dist=1155 begin=2420/0 m0=(84,119) ml=(84,87) md=32/1/126 cxcy=84.0,119.6 guide=-0.82 atg=0.0/0.0/0.0 pure=-0.27/-0.27 yaw=49 cmd=161 actual=-62 signed=1 rps=3580/4020:2958/2673 duty=9/13 pwm=PWM2:9/PWM1:13 motor=2:9/1:13
ATGCorner: L=0@-1/0@-1 Y=0@-1/0@-1 farL=0@-1/0@-1 Lxy=-1.0,-1.0:-1.0,-1.0/-1.0,-1.0:-1.0,-1.0 Yxy=-1.0,-1.0:-1.0,-1.0/-1.0,-1.0:-1.0,-1.0 farLxy=-1.0,-1.0:-1.0,-1.0/-1.0,-1.0:-1.0,-1.0 best=10:57.8,93.8:39.0,59.4:34.0:10111/2:110.9,112.0:134.1,91.7:13.9:10111 seed_src=none/none seed=0.0,0.0/0.0,0.0 far_start=70,0 far_raw=0/0 far_num=0/0 straight=0/1 far_straight=0/0 conf_deg=34.0/13.9/0.0/0.0
CrossDiag: type=CROSS_NONE track=1 half_lr=0/0 nearL=0@-1/0@-1 nearNum=35/124 centerNum=35/124 farL=0@-1/0@-1 farNum=0/0 farRaw=0/0 lost=0/0 not_have=0 final=124/125 flags=0/0
LineErr: aim=33 cxcy=84.0,119.6 left=1:2.24@82,83 dx=-2.3 idx=0/10 dist=32/112 right=1:-0.48@85,84 dx=0.5 idx=0/14 dist=32/251 sel=1:-0.49@85,83 dx=0.5 idx=0/16 dist=32/248 edge=1:5.53@78.0,80.5 dx=-6.0 width=66.0 l=45,81 r=111,80
CxScan: raw_ref=80.0 edge=78.0,80.5 best_raw_x=65 best_err=0.25 best_cxcy=78.3,119.5 scan=0:-21.7,10:-18.6,20:-15.3,30:-12.0,40:-8.5,50:-5.0,60:-1.5,70:2.0,80:5.5,90:9.0,100:12.4,110:15.7,120:18.9,130:22.0,140:24.9
ATGSeedDiag: seed=1@17,108/1@141,108 begin=7,108 block=5 clip=8
ATGLptDiag: best=10(34.0) imip=0/20 pass=10111 acc=-1 ipm=57.8,93.8 inv=39.0,59.4 | 2(13.9) imip=0/12 pass=10111 acc=-1 ipm=110.9,112.0 inv=134.1,91.7
frame=348 line=1 track=1 cross=0 circle=1(CIRCLE_LEFT_BEGIN) round=0 yroad=0 ramp=0 road=7 speed=0 near=35/124 raw=91/105 sel=124/125 far=0/0 far_raw=0/0 l=0@-1/0@-1 far_l=0@-1/0@-1 straight=0/1 far_straight=0/0 circle_cnt=87/0/0/0 lost=0/0 conf=33.5/10.4/0.0/0.0 dist=1163 begin=2428/0 m0=(84,119) ml=(84,87) md=32/1/126 cxcy=84.0,119.6 guide=-0.82 atg=0.0/0.0/0.0 pure=-0.27/-0.27 yaw=49 cmd=156 actual=-57 signed=1 rps=3587/4013:3127/2710 duty=9/13 pwm=PWM2:9/PWM1:13 motor=2:9/1:13
ATGCorner: L=0@-1/0@-1 Y=0@-1/0@-1 farL=0@-1/0@-1 Lxy=-1.0,-1.0:-1.0,-1.0/-1.0,-1.0:-1.0,-1.0 Yxy=-1.0,-1.0:-1.0,-1.0/-1.0,-1.0:-1.0,-1.0 farLxy=-1.0,-1.0:-1.0,-1.0/-1.0,-1.0:-1.0,-1.0 best=10:57.9,94.0:38.9,59.7:33.5:10111/2:110.9,112.0:134.0,91.6:10.4:10111 seed_src=none/none seed=0.0,0.0/0.0,0.0 far_start=70,0 far_raw=0/0 far_num=0/0 straight=0/1 far_straight=0/0 conf_deg=33.5/10.4/0.0/0.0
CrossDiag: type=CROSS_NONE track=1 half_lr=0/0 nearL=0@-1/0@-1 nearNum=35/124 centerNum=35/124 farL=0@-1/0@-1 farNum=0/0 farRaw=0/0 lost=0/0 not_have=0 final=124/125 flags=0/0
LineErr: aim=33 cxcy=84.0,119.6 left=1:2.26@82,83 dx=-2.4 idx=0/10 dist=32/113 right=1:-0.48@85,84 dx=0.5 idx=0/14 dist=32/252 sel=1:-0.49@85,83 dx=0.5 idx=0/16 dist=32/248 edge=1:5.53@78.0,80.5 dx=-6.0 width=66.0 l=45,81 r=111,80
CxScan: raw_ref=80.0 edge=78.0,80.5 best_raw_x=65 best_err=0.25 best_cxcy=78.3,119.5 scan=0:-21.7,10:-18.6,20:-15.3,30:-12.0,40:-8.5,50:-5.0,60:-1.5,70:2.0,80:5.5,90:9.0,100:12.4,110:15.7,120:18.9,130:22.0,140:24.9
ATGSeedDiag: seed=1@17,108/1@141,108 begin=7,108 block=5 clip=8
ATGLptDiag: best=10(33.5) imip=0/20 pass=10111 acc=-1 ipm=57.9,94.0 inv=38.9,59.7 | 2(10.4) imip=0/12 pass=10111 acc=-1 ipm=110.9,112.0 inv=134.0,91.6
frame=349 line=1 track=1 cross=0 circle=1(CIRCLE_LEFT_BEGIN) round=0 yroad=0 ramp=0 road=7 speed=0 near=34/124 raw=88/105 sel=124/125 far=0/0 far_raw=0/0 l=0@-1/0@-1 far_l=0@-1/0@-1 straight=0/1 far_straight=0/0 circle_cnt=87/0/0/0 lost=0/0 conf=35.3/13.7/0.0/0.0 dist=1171 begin=2436/0 m0=(84,119) ml=(84,87) md=32/1/126 cxcy=84.0,119.6 guide=-0.14 atg=0.0/0.0/0.0 pure=-0.26/-0.26 yaw=9 cmd=59 actual=-42 signed=1 rps=3719/3881:3211/2789 duty=9/12 pwm=PWM2:9/PWM1:12 motor=2:9/1:12
ATGCorner: L=0@-1/0@-1 Y=0@-1/0@-1 farL=0@-1/0@-1 Lxy=-1.0,-1.0:-1.0,-1.0/-1.0,-1.0:-1.0,-1.0 Yxy=-1.0,-1.0:-1.0,-1.0/-1.0,-1.0:-1.0,-1.0 farLxy=-1.0,-1.0:-1.0,-1.0/-1.0,-1.0:-1.0,-1.0 best=10:57.7,93.8:38.8,59.4:35.3:10111/2:110.9,112.0:134.1,91.7:13.7:10111 seed_src=none/none seed=0.0,0.0/0.0,0.0 far_start=70,0 far_raw=0/0 far_num=0/0 straight=0/1 far_straight=0/0 conf_deg=35.3/13.7/0.0/0.0
CrossDiag: type=CROSS_NONE track=1 half_lr=0/0 nearL=0@-1/0@-1 nearNum=34/124 centerNum=34/124 farL=0@-1/0@-1 farNum=0/0 farRaw=0/0 lost=0/0 not_have=0 final=124/125 flags=0/0
LineErr: aim=33 cxcy=84.0,119.6 left=1:2.67@81,82 dx=-2.8 idx=0/10 dist=32/109 right=1:-0.32@84,84 dx=0.3 idx=0/14 dist=32/252 sel=1:-0.34@84,83 dx=0.4 idx=0/16 dist=32/248 edge=1:5.11@78.5,81.0 dx=-5.5 width=65.0 l=46,82 r=111,80
CxScan: raw_ref=80.0 edge=78.5,81.0 best_raw_x=65 best_err=-0.21 best_cxcy=78.3,119.5 scan=0:-22.3,10:-19.1,20:-15.9,30:-12.5,40:-9.1,50:-5.5,60:-2.0,70:1.6,80:5.1,90:8.6,100:12.0,110:15.4,120:18.6,130:21.7,140:24.7
ATGSeedDiag: seed=1@18,108/1@141,108 begin=7,108 block=5 clip=8
ATGLptDiag: best=10(35.3) imip=0/20 pass=10111 acc=-1 ipm=57.7,93.8 inv=38.8,59.4 | 2(13.7) imip=0/12 pass=10111 acc=-1 ipm=110.9,112.0 inv=134.1,91.7
frame=350 line=1 track=1 cross=0 circle=1(CIRCLE_LEFT_BEGIN) round=0 yroad=0 ramp=0 road=7 speed=0 near=33/124 raw=88/105 sel=124/125 far=0/0 far_raw=0/0 l=0@-1/0@-1 far_l=0@-1/0@-1 straight=0/1 far_straight=0/0 circle_cnt=87/0/0/0 lost=0/0 conf=33.3/10.6/0.0/0.0 dist=1179 begin=2444/0 m0=(84,119) ml=(84,87) md=32/1/127 cxcy=84.0,119.6 guide=0.03 atg=0.0/0.0/0.0 pure=-0.21/-0.23 yaw=-2 cmd=18 actual=-21 signed=1 rps=3775/3825:3030/2670 duty=10/12 pwm=PWM2:10/PWM1:12 motor=2:10/1:12
ATGCorner: L=0@-1/0@-1 Y=0@-1/0@-1 farL=0@-1/0@-1 Lxy=-1.0,-1.0:-1.0,-1.0/-1.0,-1.0:-1.0,-1.0 Yxy=-1.0,-1.0:-1.0,-1.0/-1.0,-1.0:-1.0,-1.0 farLxy=-1.0,-1.0:-1.0,-1.0/-1.0,-1.0:-1.0,-1.0 best=9:58.6,95.9:38.8,62.1:33.3:10111/2:110.9,112.0:134.0,91.6:10.6:10111 seed_src=none/none seed=0.0,0.0/0.0,0.0 far_start=70,0 far_raw=0/0 far_num=0/0 straight=0/1 far_straight=0/0 conf_deg=33.3/10.6/0.0/0.0
CrossDiag: type=CROSS_NONE track=1 half_lr=0/0 nearL=0@-1/0@-1 nearNum=33/124 centerNum=33/124 farL=0@-1/0@-1 farNum=0/0 farRaw=0/0 lost=0/0 not_have=0 final=124/125 flags=0/0
LineErr: aim=33 cxcy=84.0,119.6 left=1:3.19@81,82 dx=-3.4 idx=0/10 dist=32/107 right=1:-0.32@84,84 dx=0.3 idx=0/14 dist=32/252 sel=1:-0.34@84,83 dx=0.4 idx=0/16 dist=32/248 edge=1:5.98@77.5,80.5 dx=-6.5 width=67.0 l=44,81 r=111,80
CxScan: raw_ref=80.0 edge=77.5,80.5 best_raw_x=65 best_err=0.71 best_cxcy=78.3,119.5 scan=0:-21.3,10:-18.2,20:-14.9,30:-11.5,40:-8.1,50:-4.6,60:-1.1,70:2.5,80:6.0,90:9.4,100:12.8,110:16.1,120:19.3,130:22.4,140:25.3
ATGSeedDiag: seed=1@19,108/1@141,108 begin=7,108 block=5 clip=8
ATGLptDiag: best=9(33.3) imip=0/19 pass=10111 acc=-1 ipm=58.6,95.9 inv=38.8,62.1 | 2(10.6) imip=0/12 pass=10111 acc=-1 ipm=110.9,112.0 inv=134.0,91.6
frame=351 line=1 track=1 cross=0 circle=1(CIRCLE_LEFT_BEGIN) round=0 yroad=0 ramp=0 road=7 speed=0 near=33/124 raw=88/104 sel=124/125 far=0/0 far_raw=0/0 l=0@-1/0@-1 far_l=0@-1/0@-1 straight=0/1 far_straight=0/0 circle_cnt=87/0/0/0 lost=0/0 conf=34.1/14.6/0.0/0.0 dist=1187 begin=2452/0 m0=(84,119) ml=(84,87) md=32/1/126 cxcy=84.0,119.6 guide=0.03 atg=0.0/0.0/0.0 pure=-0.19/-0.22 yaw=-2 cmd=2 actual=-5 signed=1 rps=3798/3802:3102/2784 duty=10/12 pwm=PWM2:10/PWM1:12 motor=2:10/1:12
ATGCorner: L=0@-1/0@-1 Y=0@-1/0@-1 farL=0@-1/0@-1 Lxy=-1.0,-1.0:-1.0,-1.0/-1.0,-1.0:-1.0,-1.0 Yxy=-1.0,-1.0:-1.0,-1.0/-1.0,-1.0:-1.0,-1.0 farLxy=-1.0,-1.0:-1.0,-1.0/-1.0,-1.0:-1.0,-1.0 best=10:57.2,93.9:38.0,59.6:34.1:10111/1:110.6,114.0:136.9,97.3:14.6:10111 seed_src=none/none seed=0.0,0.0/0.0,0.0 far_start=70,0 far_raw=0/0 far_num=0/0 straight=0/1 far_straight=0/0 conf_deg=34.1/14.6/0.0/0.0
CrossDiag: type=CROSS_NONE track=1 half_lr=0/0 nearL=0@-1/0@-1 nearNum=33/124 centerNum=33/124 farL=0@-1/0@-1 farNum=0/0 farRaw=0/0 lost=0/0 not_have=0 final=124/125 flags=0/0
LineErr: aim=33 cxcy=84.0,119.6 left=1:3.46@80,82 dx=-3.7 idx=0/10 dist=32/107 right=1:-0.32@84,84 dx=0.3 idx=0/14 dist=32/252 sel=1:-0.34@84,83 dx=0.4 idx=0/16 dist=32/248 edge=1:5.11@78.5,81.0 dx=-5.5 width=65.1 l=46,83 r=111,79
CxScan: raw_ref=80.0 edge=78.5,81.0 best_raw_x=65 best_err=-0.21 best_cxcy=78.3,119.5 scan=0:-22.3,10:-19.1,20:-15.9,30:-12.5,40:-9.1,50:-5.5,60:-2.0,70:1.6,80:5.1,90:8.6,100:12.0,110:15.4,120:18.6,130:21.7,140:24.7
ATGSeedDiag: seed=1@19,108/1@141,107 begin=7,108 block=5 clip=8
ATGLptDiag: best=10(34.1) imip=0/20 pass=10111 acc=-1 ipm=57.2,93.9 inv=38.0,59.6 | 1(14.6) imip=0/11 pass=10111 acc=-1 ipm=110.6,114.0 inv=136.9,97.3
frame=354 line=1 track=1 cross=0 circle=1(CIRCLE_LEFT_BEGIN) round=0 yroad=0 ramp=0 road=7 speed=0 near=32/124 raw=86/105 sel=124/125 far=0/0 far_raw=0/0 l=0@-1/0@-1 far_l=0@-1/0@-1 straight=0/1 far_straight=0/0 circle_cnt=87/0/0/0 lost=0/0 conf=34.4/12.2/0.0/0.0 dist=1211 begin=2476/0 m0=(84,119) ml=(84,87) md=32/1/126 cxcy=84.0,119.6 guide=0.03 atg=0.0/0.0/0.0 pure=-0.26/-0.26 yaw=-2 cmd=-15 actual=12 signed=1 rps=3821/3779:2983/2935 duty=10/12 pwm=PWM2:10/PWM1:12 motor=2:10/1:12
ATGCorner: L=0@-1/0@-1 Y=0@-1/0@-1 farL=0@-1/0@-1 Lxy=-1.0,-1.0:-1.0,-1.0/-1.0,-1.0:-1.0,-1.0 Yxy=-1.0,-1.0:-1.0,-1.0/-1.0,-1.0:-1.0,-1.0 farLxy=-1.0,-1.0:-1.0,-1.0/-1.0,-1.0:-1.0,-1.0 best=10:56.5,93.9:37.1,59.6:34.4:10111/1:110.5,114.3:137.3,98.1:12.2:10111 seed_src=none/none seed=0.0,0.0/0.0,0.0 far_start=70,0 far_raw=0/0 far_num=0/0 straight=0/1 far_straight=0/0 conf_deg=34.4/12.2/0.0/0.0
CrossDiag: type=CROSS_NONE track=1 half_lr=0/0 nearL=0@-1/0@-1 nearNum=32/124 centerNum=32/124 farL=0@-1/0@-1 farNum=0/0 farRaw=0/0 lost=0/0 not_have=0 final=124/125 flags=0/0
LineErr: aim=33 cxcy=84.0,119.6 left=1:4.47@79,81 dx=-4.8 idx=0/10 dist=32/102 right=1:-0.32@84,84 dx=0.3 idx=0/14 dist=32/251 sel=1:-0.34@84,83 dx=0.4 idx=0/16 dist=32/248 edge=1:5.62@78.0,81.5 dx=-6.0 width=66.1 l=45,83 r=111,80
CxScan: raw_ref=80.0 edge=78.0,81.5 best_raw_x=65 best_err=0.25 best_cxcy=78.3,119.5 scan=0:-22.0,10:-18.9,20:-15.6,30:-12.2,40:-8.7,50:-5.1,60:-1.5,70:2.0,80:5.6,90:9.1,100:12.6,110:15.9,120:19.2,130:22.3,140:25.3
ATGSeedDiag: seed=1@20,108/1@142,108 begin=7,108 block=5 clip=8
ATGLptDiag: best=10(34.4) imip=0/20 pass=10111 acc=-1 ipm=56.5,93.9 inv=37.1,59.6 | 1(12.2) imip=0/11 pass=10111 acc=-1 ipm=110.5,114.3 inv=137.3,98.1
frame=357 line=1 track=1 cross=0 circle=1(CIRCLE_LEFT_BEGIN) round=0 yroad=0 ramp=0 road=7 speed=0 near=31/124 raw=84/104 sel=124/125 far=0/0 far_raw=0/0 l=0@-1/0@-1 far_l=0@-1/0@-1 straight=0/1 far_straight=0/0 circle_cnt=87/0/0/0 lost=0/0 conf=33.1/7.9/0.0/0.0 dist=1236 begin=2501/0 m0=(84,119) ml=(84,87) md=32/1/127 cxcy=84.0,119.6 guide=0.03 atg=0.0/0.0/0.0 pure=-0.19/-0.23 yaw=-2 cmd=-14 actual=11 signed=1 rps=3820/3780:2846/3077 duty=10/11 pwm=PWM2:10/PWM1:11 motor=2:10/1:11
ATGCorner: L=0@-1/0@-1 Y=0@-1/0@-1 farL=0@-1/0@-1 Lxy=-1.0,-1.0:-1.0,-1.0/-1.0,-1.0:-1.0,-1.0 Yxy=-1.0,-1.0:-1.0,-1.0/-1.0,-1.0:-1.0,-1.0 farLxy=-1.0,-1.0:-1.0,-1.0/-1.0,-1.0:-1.0,-1.0 best=10:55.9,94.1:36.1,59.9:33.1:10111/3:111.3,109.3:130.6,85.0:7.9:10111 seed_src=none/none seed=0.0,0.0/0.0,0.0 far_start=70,0 far_raw=0/0 far_num=0/0 straight=0/1 far_straight=0/0 conf_deg=33.1/7.9/0.0/0.0
CrossDiag: type=CROSS_NONE track=1 half_lr=0/0 nearL=0@-1/0@-1 nearNum=31/124 centerNum=31/124 farL=0@-1/0@-1 farNum=0/0 farRaw=0/0 lost=0/0 not_have=0 final=124/125 flags=0/0
LineErr: aim=33 cxcy=84.0,119.6 left=1:5.49@78,80 dx=-6.0 idx=0/10 dist=32/101 right=1:-0.18@84,84 dx=0.2 idx=0/14 dist=32/252 sel=1:-0.25@84,83 dx=0.3 idx=0/16 dist=32/248 edge=1:6.08@77.5,81.5 dx=-6.5 width=67.2 l=44,84 r=111,79
CxScan: raw_ref=80.0 edge=77.5,81.5 best_raw_x=65 best_err=0.72 best_cxcy=78.3,119.5 scan=0:-21.6,10:-18.4,20:-15.1,30:-11.7,40:-8.2,50:-4.7,60:-1.1,70:2.5,80:6.1,90:9.6,100:13.0,110:16.4,120:19.6,130:22.7,140:25.6
ATGSeedDiag: seed=1@21,108/1@141,107 begin=7,108 block=5 clip=8
ATGLptDiag: best=10(33.1) imip=0/20 pass=10111 acc=-1 ipm=55.9,94.1 inv=36.1,59.9 | 3(7.9) imip=0/13 pass=10111 acc=-1 ipm=111.3,109.3 inv=130.6,85.0
frame=358 line=1 track=1 cross=0 circle=1(CIRCLE_LEFT_BEGIN) round=0 yroad=0 ramp=0 road=7 speed=0 near=30/124 raw=82/105 sel=124/125 far=0/0 far_raw=0/0 l=0@-1/0@-1 far_l=0@-1/0@-1 straight=0/1 far_straight=0/0 circle_cnt=87/0/0/0 lost=0/0 conf=30.0/14.0/0.0/0.0 dist=1244 begin=2509/0 m0=(84,119) ml=(84,87) md=32/1/126 cxcy=84.0,119.6 guide=0.03 atg=0.0/0.0/0.0 pure=-0.19/-0.22 yaw=-2 cmd=-14 actual=11 signed=1 rps=3819/3781:2903/3110 duty=10/11 pwm=PWM2:10/PWM1:11 motor=2:10/1:11
ATGCorner: L=0@-1/0@-1 Y=0@-1/0@-1 farL=0@-1/0@-1 Lxy=-1.0,-1.0:-1.0,-1.0/-1.0,-1.0:-1.0,-1.0 Yxy=-1.0,-1.0:-1.0,-1.0/-1.0,-1.0:-1.0,-1.0 farLxy=-1.0,-1.0:-1.0,-1.0/-1.0,-1.0:-1.0,-1.0 best=7:59.2,100.2:37.0,68.3:30.0:10111/1:110.7,114.3:137.7,98.1:14.0:10111 seed_src=none/none seed=0.0,0.0/0.0,0.0 far_start=70,0 far_raw=0/0 far_num=0/0 straight=0/1 far_straight=0/0 conf_deg=30.0/14.0/0.0/0.0
CrossDiag: type=CROSS_NONE track=1 half_lr=0/0 nearL=0@-1/0@-1 nearNum=30/124 centerNum=30/124 farL=0@-1/0@-1 farNum=0/0 farRaw=0/0 lost=0/0 not_have=0 final=124/125 flags=0/0
LineErr: aim=33 cxcy=84.0,119.6 left=1:6.17@77,80 dx=-6.8 idx=0/10 dist=31/95 right=1:-0.30@84,82 dx=0.3 idx=0/15 dist=33/252 sel=1:-0.26@84,83 dx=0.3 idx=0/16 dist=32/248 edge=1:6.60@77.0,82.0 dx=-7.0 width=68.1 l=43,84 r=111,80
CxScan: raw_ref=80.0 edge=77.0,82.0 best_raw_x=60 best_err=-0.61 best_cxcy=76.4,119.5 scan=0:-21.4,10:-18.2,20:-14.8,30:-11.4,40:-7.8,50:-4.2,60:-0.6,70:3.0,80:6.6,90:10.1,100:13.6,110:16.9,120:20.2,130:23.3,140:26.2
ATGSeedDiag: seed=1@21,108/1@142,108 begin=7,108 block=5 clip=8
ATGLptDiag: best=7(30.0) imip=0/17 pass=10111 acc=-1 ipm=59.2,100.2 inv=37.0,68.3 | 1(14.0) imip=0/11 pass=10111 acc=-1 ipm=110.7,114.3 inv=137.7,98.1
frame=359 line=1 track=1 cross=0 circle=1(CIRCLE_LEFT_BEGIN) round=0 yroad=0 ramp=0 road=7 speed=0 near=30/124 raw=84/105 sel=124/125 far=0/0 far_raw=0/0 l=0@-1/0@-1 far_l=0@-1/0@-1 straight=0/1 far_straight=0/0 circle_cnt=87/0/0/0 lost=0/0 conf=32.1/15.3/0.0/0.0 dist=1252 begin=2517/0 m0=(84,119) ml=(84,87) md=32/1/126 cxcy=84.0,119.6 guide=0.03 atg=0.0/0.0/0.0 pure=-0.19/-0.22 yaw=-2 cmd=-8 actual=5 signed=1 rps=3812/3788:2740/2952 duty=10/12 pwm=PWM2:10/PWM1:12 motor=2:10/1:12
ATGCorner: L=0@-1/0@-1 Y=0@-1/0@-1 farL=0@-1/0@-1 Lxy=-1.0,-1.0:-1.0,-1.0/-1.0,-1.0:-1.0,-1.0 Yxy=-1.0,-1.0:-1.0,-1.0/-1.0,-1.0:-1.0,-1.0 farLxy=-1.0,-1.0:-1.0,-1.0/-1.0,-1.0:-1.0,-1.0 best=9:56.9,96.3:36.1,62.7:32.1:10111/1:110.8,114.3:137.8,98.2:15.3:10111 seed_src=none/none seed=0.0,0.0/0.0,0.0 far_start=70,0 far_raw=0/0 far_num=0/0 straight=0/1 far_straight=0/0 conf_deg=32.1/15.3/0.0/0.0
CrossDiag: type=CROSS_NONE track=1 half_lr=0/0 nearL=0@-1/0@-1 nearNum=30/124 centerNum=30/124 farL=0@-1/0@-1 farNum=0/0 farRaw=0/0 lost=0/0 not_have=0 final=124/125 flags=0/0
LineErr: aim=33 cxcy=84.0,119.6 left=1:6.15@77,80 dx=-6.7 idx=0/10 dist=31/94 right=1:-0.30@84,82 dx=0.3 idx=0/15 dist=33/251 sel=1:-0.26@84,83 dx=0.3 idx=0/16 dist=32/248 edge=1:5.71@78.0,82.5 dx=-6.0 width=66.2 l=45,85 r=111,80
CxScan: raw_ref=80.0 edge=78.0,82.5 best_raw_x=65 best_err=0.26 best_cxcy=78.3,119.5 scan=0:-22.4,10:-19.2,20:-15.8,30:-12.4,40:-8.8,50:-5.2,60:-1.6,70:2.1,80:5.7,90:9.3,100:12.8,110:16.2,120:19.5,130:22.6,140:25.6
ATGSeedDiag: seed=1@21,108/1@142,108 begin=7,108 block=5 clip=8
ATGLptDiag: best=9(32.1) imip=0/19 pass=10111 acc=-1 ipm=56.9,96.3 inv=36.1,62.7 | 1(15.3) imip=0/11 pass=10111 acc=-1 ipm=110.8,114.3 inv=137.8,98.2
frame=360 line=1 track=1 cross=0 circle=1(CIRCLE_LEFT_BEGIN) round=0 yroad=0 ramp=0 road=7 speed=0 near=30/124 raw=84/105 sel=124/125 far=0/0 far_raw=0/0 l=0@-1/0@-1 far_l=0@-1/0@-1 straight=0/1 far_straight=0/0 circle_cnt=87/0/0/0 lost=0/0 conf=33.0/15.2/0.0/0.0 dist=1260 begin=2525/0 m0=(84,119) ml=(84,87) md=32/1/127 cxcy=84.0,119.6 guide=0.03 atg=0.0/0.0/0.0 pure=-0.19/-0.22 yaw=-2 cmd=0 actual=-3 signed=1 rps=3800/3800:2804/3032 duty=10/12 pwm=PWM2:10/PWM1:12 motor=2:10/1:12
ATGCorner: L=0@-1/0@-1 Y=0@-1/0@-1 farL=0@-1/0@-1 Lxy=-1.0,-1.0:-1.0,-1.0/-1.0,-1.0:-1.0,-1.0 Yxy=-1.0,-1.0:-1.0,-1.0/-1.0,-1.0:-1.0,-1.0 farLxy=-1.0,-1.0:-1.0,-1.0/-1.0,-1.0:-1.0,-1.0 best=9:56.8,96.3:35.9,62.7:33.0:10111/1:110.8,114.3:137.8,98.2:15.2:10111 seed_src=none/none seed=0.0,0.0/0.0,0.0 far_start=70,0 far_raw=0/0 far_num=0/0 straight=0/1 far_straight=0/0 conf_deg=33.0/15.2/0.0/0.0
CrossDiag: type=CROSS_NONE track=1 half_lr=0/0 nearL=0@-1/0@-1 nearNum=30/124 centerNum=30/124 farL=0@-1/0@-1 farNum=0/0 farRaw=0/0 lost=0/0 not_have=0 final=124/125 flags=0/0
LineErr: aim=33 cxcy=84.0,119.6 left=1:6.48@77,80 dx=-7.1 idx=0/10 dist=31/94 right=1:-0.30@84,82 dx=0.3 idx=0/15 dist=33/251 sel=1:-0.25@84,83 dx=0.3 idx=0/16 dist=32/248 edge=1:5.76@78.0,83.0 dx=-6.0 width=66.3 l=45,86 r=111,80
CxScan: raw_ref=80.0 edge=78.0,83.0 best_raw_x=65 best_err=0.26 best_cxcy=78.3,119.5 scan=0:-22.5,10:-19.3,20:-15.9,30:-12.5,40:-8.9,50:-5.3,60:-1.6,70:2.1,80:5.8,90:9.4,100:12.9,110:16.3,120:19.6,130:22.8,140:25.8
ATGSeedDiag: seed=1@21,108/1@142,108 begin=7,108 block=5 clip=8
ATGLptDiag: best=9(33.0) imip=0/19 pass=10111 acc=-1 ipm=56.8,96.3 inv=35.9,62.7 | 1(15.2) imip=0/11 pass=10111 acc=-1 ipm=110.8,114.3 inv=137.8,98.2
frame=361 line=1 track=1 cross=0 circle=1(CIRCLE_LEFT_BEGIN) round=0 yroad=0 ramp=0 road=7 speed=0 near=30/124 raw=81/105 sel=124/125 far=0/0 far_raw=0/0 l=0@-1/0@-1 far_l=0@-1/0@-1 straight=0/1 far_straight=0/0 circle_cnt=87/0/0/0 lost=0/0 conf=27.8/15.4/0.0/0.0 dist=1268 begin=2533/0 m0=(84,119) ml=(84,87) md=32/1/127 cxcy=84.0,119.6 guide=0.03 atg=0.0/0.0/0.0 pure=-0.19/-0.23 yaw=-2 cmd=14 actual=-17 signed=1 rps=3781/3819:2677/2913 duty=10/12 pwm=PWM2:10/PWM1:12 motor=2:10/1:12
ATGCorner: L=0@-1/0@-1 Y=0@-1/0@-1 farL=0@-1/0@-1 Lxy=-1.0,-1.0:-1.0,-1.0/-1.0,-1.0:-1.0,-1.0 Yxy=-1.0,-1.0:-1.0,-1.0/-1.0,-1.0:-1.0,-1.0 farLxy=-1.0,-1.0:-1.0,-1.0/-1.0,-1.0:-1.0,-1.0 best=7:58.6,100.2:36.0,68.4:27.8:10111/1:110.8,114.3:137.8,98.2:15.4:10111 seed_src=none/none seed=0.0,0.0/0.0,0.0 far_start=70,0 far_raw=0/0 far_num=0/0 straight=0/1 far_straight=0/0 conf_deg=27.8/15.4/0.0/0.0
CrossDiag: type=CROSS_NONE track=1 half_lr=0/0 nearL=0@-1/0@-1 nearNum=30/124 centerNum=30/124 farL=0@-1/0@-1 farNum=0/0 farRaw=0/0 lost=0/0 not_have=0 final=124/125 flags=0/0
LineErr: aim=33 cxcy=84.0,119.6 left=1:9.20@73,77 dx=-10.7 idx=0/11 dist=34/93 right=1:-0.34@84,82 dx=0.4 idx=0/15 dist=33/251 sel=1:-0.34@84,83 dx=0.4 idx=0/16 dist=32/248 edge=1:6.18@77.5,82.5 dx=-6.5 width=67.2 l=44,85 r=111,80
CxScan: raw_ref=80.0 edge=77.5,82.5 best_raw_x=65 best_err=0.73 best_cxcy=78.3,119.5 scan=0:-22.0,10:-18.7,20:-15.4,30:-11.9,40:-8.3,50:-4.7,60:-1.1,70:2.6,80:6.2,90:9.7,100:13.2,110:16.6,120:19.9,130:23.0,140:26.0
ATGSeedDiag: seed=1@22,108/1@142,108 begin=7,108 block=5 clip=8
ATGLptDiag: best=7(27.8) imip=0/17 pass=10111 acc=-1 ipm=58.6,100.2 inv=36.0,68.4 | 1(15.4) imip=0/11 pass=10111 acc=-1 ipm=110.8,114.3 inv=137.8,98.2
frame=362 line=1 track=1 cross=0 circle=1(CIRCLE_LEFT_BEGIN) round=0 yroad=0 ramp=0 road=7 speed=0 near=29/124 raw=81/105 sel=124/125 far=0/0 far_raw=0/0 l=0@-1/0@-1 far_l=0@-1/0@-1 straight=0/1 far_straight=0/0 circle_cnt=87/0/0/0 lost=0/0 conf=30.1/15.4/0.0/0.0 dist=1276 begin=2541/0 m0=(84,119) ml=(84,87) md=32/1/127 cxcy=84.0,119.6 guide=0.03 atg=0.0/0.0/0.0 pure=-0.19/-0.23 yaw=-2 cmd=36 actual=-39 signed=1 rps=3751/3849:2849/3089 duty=10/12 pwm=PWM2:10/PWM1:12 motor=2:10/1:12
ATGCorner: L=0@-1/0@-1 Y=0@-1/0@-1 farL=0@-1/0@-1 Lxy=-1.0,-1.0:-1.0,-1.0/-1.0,-1.0:-1.0,-1.0 Yxy=-1.0,-1.0:-1.0,-1.0/-1.0,-1.0:-1.0,-1.0 farLxy=-1.0,-1.0:-1.0,-1.0/-1.0,-1.0:-1.0,-1.0 best=9:55.9,96.3:34.6,62.7:30.1:10111/1:110.8,114.3:137.8,98.2:15.4:10111 seed_src=none/none seed=0.0,0.0/0.0,0.0 far_start=70,0 far_raw=0/0 far_num=0/0 straight=0/1 far_straight=0/0 conf_deg=30.1/15.4/0.0/0.0
CrossDiag: type=CROSS_NONE track=1 half_lr=0/0 nearL=0@-1/0@-1 nearNum=29/124 centerNum=29/124 farL=0@-1/0@-1 farNum=0/0 farRaw=0/0 lost=0/0 not_have=0 final=124/125 flags=0/0
LineErr: aim=33 cxcy=84.0,119.6 left=1:7.63@76,80 dx=-8.5 idx=0/10 dist=31/91 right=1:-0.30@84,82 dx=0.3 idx=0/15 dist=33/251 sel=1:-0.25@84,83 dx=0.3 idx=0/16 dist=32/248 edge=1:6.23@77.5,83.0 dx=-6.5 width=67.3 l=44,86 r=111,80
CxScan: raw_ref=80.0 edge=77.5,83.0 best_raw_x=65 best_err=0.74 best_cxcy=78.3,119.5 scan=0:-22.1,10:-18.9,20:-15.5,30:-12.0,40:-8.4,50:-4.8,60:-1.1,70:2.6,80:6.2,90:9.8,100:13.3,110:16.8,120:20.0,130:23.2,140:26.2
ATGSeedDiag: seed=1@22,108/1@142,108 begin=7,108 block=5 clip=8
ATGLptDiag: best=9(30.1) imip=0/19 pass=10111 acc=-1 ipm=55.9,96.3 inv=34.6,62.7 | 1(15.4) imip=0/11 pass=10111 acc=-1 ipm=110.8,114.3 inv=137.8,98.2
frame=364 line=1 track=1 cross=0 circle=1(CIRCLE_LEFT_BEGIN) round=0 yroad=0 ramp=0 road=7 speed=0 near=28/124 raw=81/104 sel=124/125 far=0/0 far_raw=0/0 l=0@-1/0@-1 far_l=0@-1/0@-1 straight=0/1 far_straight=0/0 circle_cnt=87/0/0/0 lost=0/0 conf=31.2/10.2/0.0/0.0 dist=1292 begin=2557/0 m0=(84,119) ml=(84,87) md=32/1/127 cxcy=84.0,119.6 guide=0.03 atg=0.0/0.0/0.0 pure=-0.19/-0.23 yaw=-2 cmd=89 actual=-92 signed=1 rps=3678/3922:2809/2892 duty=9/12 pwm=PWM2:9/PWM1:12 motor=2:9/1:12
ATGCorner: L=0@-1/0@-1 Y=0@-1/0@-1 farL=0@-1/0@-1 Lxy=-1.0,-1.0:-1.0,-1.0/-1.0,-1.0:-1.0,-1.0 Yxy=-1.0,-1.0:-1.0,-1.0/-1.0,-1.0:-1.0,-1.0 farLxy=-1.0,-1.0:-1.0,-1.0/-1.0,-1.0:-1.0,-1.0 best=8:57.1,98.3:35.0,65.5:31.2:10111/1:110.8,114.0:137.3,97.2:10.2:10111 seed_src=none/none seed=0.0,0.0/0.0,0.0 far_start=70,0 far_raw=0/0 far_num=0/0 straight=0/1 far_straight=0/0 conf_deg=31.2/10.2/0.0/0.0
CrossDiag: type=CROSS_NONE track=1 half_lr=0/0 nearL=0@-1/0@-1 nearNum=28/124 centerNum=28/124 farL=0@-1/0@-1 farNum=0/0 farRaw=0/0 lost=0/0 not_have=0 final=124/125 flags=0/0
LineErr: aim=33 cxcy=84.0,119.6 left=1:10.28@72,76 dx=-12.0 idx=0/11 dist=34/88 right=1:-0.31@84,81 dx=0.3 idx=0/15 dist=33/252 sel=1:-0.24@84,83 dx=0.3 idx=0/16 dist=32/248 edge=1:6.65@77.0,82.5 dx=-7.0 width=68.4 l=43,86 r=111,79
CxScan: raw_ref=80.0 edge=77.0,82.5 best_raw_x=60 best_err=-0.61 best_cxcy=76.4,119.5 scan=0:-21.6,10:-18.3,20:-14.9,30:-11.4,40:-7.9,50:-4.3,60:-0.6,70:3.0,80:6.7,90:10.2,100:13.7,110:17.1,120:20.3,130:23.4,140:26.4
ATGSeedDiag: seed=1@22,108/1@142,107 begin=7,108 block=5 clip=8
ATGLptDiag: best=8(31.2) imip=0/18 pass=10111 acc=-1 ipm=57.1,98.3 inv=35.0,65.5 | 1(10.2) imip=0/11 pass=10111 acc=-1 ipm=110.8,114.0 inv=137.3,97.2
frame=365 line=1 track=1 cross=0 circle=1(CIRCLE_LEFT_BEGIN) round=0 yroad=0 ramp=0 road=7 speed=0 near=28/124 raw=80/105 sel=124/125 far=0/0 far_raw=0/0 l=0@-1/0@-1 far_l=0@-1/0@-1 straight=0/1 far_straight=0/0 circle_cnt=87/0/0/0 lost=0/0 conf=30.6/8.3/0.0/0.0 dist=1300 begin=2565/0 m0=(84,119) ml=(84,87) md=32/1/127 cxcy=84.0,119.6 guide=0.03 atg=0.0/0.0/0.0 pure=-0.26/-0.23 yaw=-2 cmd=95 actual=-98 signed=1 rps=3670/3930:2976/2956 duty=9/12 pwm=PWM2:9/PWM1:12 motor=2:9/1:12
ATGCorner: L=0@-1/0@-1 Y=0@-1/0@-1 farL=0@-1/0@-1 Lxy=-1.0,-1.0:-1.0,-1.0/-1.0,-1.0:-1.0,-1.0 Yxy=-1.0,-1.0:-1.0,-1.0/-1.0,-1.0:-1.0,-1.0 farLxy=-1.0,-1.0:-1.0,-1.0/-1.0,-1.0:-1.0,-1.0 best=8:56.9,98.3:34.6,65.6:30.6:10111/2:111.1,111.9:134.5,91.5:8.3:10111 seed_src=none/none seed=0.0,0.0/0.0,0.0 far_start=70,0 far_raw=0/0 far_num=0/0 straight=0/1 far_straight=0/0 conf_deg=30.6/8.3/0.0/0.0
CrossDiag: type=CROSS_NONE track=1 half_lr=0/0 nearL=0@-1/0@-1 nearNum=28/124 centerNum=28/124 farL=0@-1/0@-1 farNum=0/0 farRaw=0/0 lost=0/0 not_have=0 final=124/125 flags=0/0
LineErr: aim=33 cxcy=84.0,119.6 left=1:10.57@72,76 dx=-12.4 idx=0/11 dist=34/87 right=1:-0.35@84,81 dx=0.4 idx=0/15 dist=34/251 sel=1:-0.34@84,83 dx=0.4 idx=0/16 dist=32/248 edge=1:6.71@77.0,83.0 dx=-7.0 width=68.3 l=43,86 r=111,80
CxScan: raw_ref=80.0 edge=77.0,83.0 best_raw_x=60 best_err=-0.62 best_cxcy=76.4,119.5 scan=0:-21.7,10:-18.4,20:-15.0,30:-11.5,40:-7.9,50:-4.3,60:-0.6,70:3.1,80:6.7,90:10.3,100:13.8,110:17.2,120:20.5,130:23.6,140:26.6
ATGSeedDiag: seed=1@23,108/1@143,108 begin=7,108 block=5 clip=8
ATGLptDiag: best=8(30.6) imip=0/18 pass=10111 acc=-1 ipm=56.9,98.3 inv=34.6,65.6 | 2(8.3) imip=0/12 pass=10111 acc=-1 ipm=111.1,111.9 inv=134.5,91.5
frame=366 line=1 track=1 cross=0 circle=1(CIRCLE_LEFT_BEGIN) round=0 yroad=0 ramp=0 road=7 speed=0 near=28/124 raw=78/105 sel=124/125 far=0/0 far_raw=0/0 l=0@-1/0@-1 far_l=0@-1/0@-1 straight=0/1 far_straight=0/0 circle_cnt=87/0/0/0 lost=0/0 conf=29.8/10.8/0.0/0.0 dist=1308 begin=2573/0 m0=(84,119) ml=(84,87) md=32/1/126 cxcy=84.0,119.6 guide=-0.31 atg=0.0/0.0/0.0 pure=-0.27/-0.27 yaw=19 cmd=130 actual=-93 signed=1 rps=3622/3978:2939/2807 duty=9/13 pwm=PWM2:9/PWM1:13 motor=2:9/1:13
ATGCorner: L=0@-1/0@-1 Y=0@-1/0@-1 farL=0@-1/0@-1 Lxy=-1.0,-1.0:-1.0,-1.0/-1.0,-1.0:-1.0,-1.0 Yxy=-1.0,-1.0:-1.0,-1.0/-1.0,-1.0:-1.0,-1.0 farLxy=-1.0,-1.0:-1.0,-1.0/-1.0,-1.0:-1.0,-1.0 best=8:56.6,98.4:34.1,65.8:29.8:10111/1:111.0,114.3:138.3,98.0:10.8:10111 seed_src=none/none seed=0.0,0.0/0.0,0.0 far_start=70,0 far_raw=0/0 far_num=0/0 straight=0/1 far_straight=0/0 conf_deg=29.8/10.8/0.0/0.0
CrossDiag: type=CROSS_NONE track=1 half_lr=0/0 nearL=0@-1/0@-1 nearNum=28/124 centerNum=28/124 farL=0@-1/0@-1 farNum=0/0 farRaw=0/0 lost=0/0 not_have=0 final=124/125 flags=0/0
LineErr: aim=33 cxcy=84.0,119.6 left=1:10.91@71,76 dx=-12.9 idx=0/11 dist=34/87 right=1:-0.49@85,81 dx=0.5 idx=0/15 dist=34/252 sel=1:-0.49@85,83 dx=0.5 idx=0/16 dist=32/248 edge=1:7.24@76.5,83.5 dx=-7.5 width=69.4 l=42,87 r=111,80
CxScan: raw_ref=80.0 edge=76.5,83.5 best_raw_x=60 best_err=-0.14 best_cxcy=76.4,119.5 scan=0:-21.5,10:-18.1,20:-14.7,30:-11.2,40:-7.5,50:-3.9,60:-0.1,70:3.6,80:7.2,90:10.8,100:14.4,110:17.8,120:21.0,130:24.2,140:27.2
ATGSeedDiag: seed=1@23,108/1@143,108 begin=7,108 block=5 clip=8
ATGLptDiag: best=8(29.8) imip=0/18 pass=10111 acc=-1 ipm=56.6,98.4 inv=34.1,65.8 | 1(10.8) imip=0/11 pass=10111 acc=-1 ipm=111.0,114.3 inv=138.3,98.0
frame=370 line=1 track=1 cross=0 circle=1(CIRCLE_LEFT_BEGIN) round=0 yroad=0 ramp=0 road=7 speed=0 near=26/124 raw=75/105 sel=124/125 far=0/0 far_raw=0/0 l=0@-1/0@-1 far_l=0@-1/0@-1 straight=0/1 far_straight=0/0 circle_cnt=87/0/0/0 lost=0/0 conf=27.8/7.9/0.0/0.0 dist=1340 begin=2605/0 m0=(84,119) ml=(84,87) md=32/1/126 cxcy=84.0,119.6 guide=-0.31 atg=0.0/0.0/0.0 pure=-0.27/-0.27 yaw=19 cmd=62 actual=-25 signed=1 rps=3715/3885:3232/2840 duty=9/12 pwm=PWM2:9/PWM1:12 motor=2:9/1:12
ATGCorner: L=0@-1/0@-1 Y=0@-1/0@-1 farL=0@-1/0@-1 Lxy=-1.0,-1.0:-1.0,-1.0/-1.0,-1.0:-1.0,-1.0 Yxy=-1.0,-1.0:-1.0,-1.0/-1.0,-1.0:-1.0,-1.0 farLxy=-1.0,-1.0:-1.0,-1.0/-1.0,-1.0:-1.0,-1.0 best=7:57.0,100.3:33.3,68.6:27.8:10111/1:110.9,114.2:138.0,98.0:7.9:10111 seed_src=none/none seed=0.0,0.0/0.0,0.0 far_start=70,0 far_raw=0/0 far_num=0/0 straight=0/1 far_straight=0/0 conf_deg=27.8/7.9/0.0/0.0
CrossDiag: type=CROSS_NONE track=1 half_lr=0/0 nearL=0@-1/0@-1 nearNum=26/124 centerNum=26/124 farL=0@-1/0@-1 farNum=0/0 farRaw=0/0 lost=0/0 not_have=0 final=124/125 flags=0/0
LineErr: aim=33 cxcy=84.0,119.6 left=1:12.52@69,75 dx=-15.0 idx=0/11 dist=34/79 right=1:-0.49@85,82 dx=0.5 idx=0/15 dist=33/251 sel=1:-0.49@85,83 dx=0.5 idx=0/16 dist=32/248 edge=1:7.71@76.0,83.5 dx=-8.0 width=70.3 l=41,87 r=111,80
CxScan: raw_ref=80.0 edge=76.0,83.5 best_raw_x=60 best_err=0.34 best_cxcy=76.4,119.5 scan=0:-21.0,10:-17.7,20:-14.3,30:-10.7,40:-7.1,50:-3.4,60:0.3,70:4.0,80:7.7,90:11.3,100:14.8,110:18.2,120:21.5,130:24.6,140:27.5
ATGSeedDiag: seed=1@24,107/1@143,108 begin=7,108 block=5 clip=8
ATGLptDiag: best=7(27.8) imip=0/17 pass=10111 acc=-1 ipm=57.0,100.3 inv=33.3,68.6 | 1(7.9) imip=0/11 pass=10111 acc=-1 ipm=110.9,114.2 inv=138.0,98.0
frame=371 line=1 track=1 cross=0 circle=1(CIRCLE_LEFT_BEGIN) round=0 yroad=0 ramp=0 road=7 speed=0 near=26/124 raw=75/105 sel=124/125 far=0/0 far_raw=0/0 l=0@-1/0@-1 far_l=0@-1/0@-1 straight=0/1 far_straight=0/0 circle_cnt=87/0/0/0 lost=0/0 conf=27.6/7.9/0.0/0.0 dist=1348 begin=2613/0 m0=(84,119) ml=(84,87) md=32/1/126 cxcy=84.0,119.6 guide=0.03 atg=0.0/0.0/0.0 pure=-0.26/-0.26 yaw=-2 cmd=0 actual=-3 signed=1 rps=3800/3800:3067/2749 duty=10/12 pwm=PWM2:10/PWM1:12 motor=2:10/1:12
ATGCorner: L=0@-1/0@-1 Y=0@-1/0@-1 farL=0@-1/0@-1 Lxy=-1.0,-1.0:-1.0,-1.0/-1.0,-1.0:-1.0,-1.0 Yxy=-1.0,-1.0:-1.0,-1.0/-1.0,-1.0:-1.0,-1.0 farLxy=-1.0,-1.0:-1.0,-1.0/-1.0,-1.0:-1.0,-1.0 best=7:56.9,100.7:32.9,69.2:27.6:10111/1:110.9,114.2:138.0,98.0:7.9:10111 seed_src=none/none seed=0.0,0.0/0.0,0.0 far_start=70,0 far_raw=0/0 far_num=0/0 straight=0/1 far_straight=0/0 conf_deg=27.6/7.9/0.0/0.0
CrossDiag: type=CROSS_NONE track=1 half_lr=0/0 nearL=0@-1/0@-1 nearNum=26/124 centerNum=26/124 farL=0@-1/0@-1 farNum=0/0 farRaw=0/0 lost=0/0 not_have=0 final=124/125 flags=0/0
LineErr: aim=33 cxcy=84.0,119.6 left=1:12.72@69,76 dx=-15.2 idx=0/11 dist=34/79 right=1:-0.35@84,81 dx=0.4 idx=0/15 dist=33/251 sel=1:-0.34@84,83 dx=0.4 idx=0/16 dist=32/248 edge=1:7.78@76.0,84.0 dx=-8.0 width=70.5 l=41,88 r=111,80
CxScan: raw_ref=80.0 edge=76.0,84.0 best_raw_x=60 best_err=0.35 best_cxcy=76.4,119.5 scan=0:-21.2,10:-17.9,20:-14.4,30:-10.8,40:-7.1,50:-3.4,60:0.3,70:4.1,80:7.8,90:11.4,100:14.9,110:18.4,120:21.6,130:24.8,140:27.7
ATGSeedDiag: seed=1@24,108/1@143,108 begin=7,108 block=5 clip=8
ATGLptDiag: best=7(27.6) imip=0/17 pass=10111 acc=-1 ipm=56.9,100.7 inv=32.9,69.2 | 1(7.9) imip=0/11 pass=10111 acc=-1 ipm=110.9,114.2 inv=138.0,98.0
frame=374 line=1 track=1 cross=0 circle=1(CIRCLE_LEFT_BEGIN) round=0 yroad=0 ramp=0 road=7 speed=0 near=25/124 raw=74/105 sel=124/125 far=0/0 far_raw=0/0 l=0@-1/0@-1 far_l=0@-1/0@-1 straight=0/1 far_straight=0/0 circle_cnt=87/0/0/0 lost=0/0 conf=27.8/7.4/0.0/0.0 dist=1374 begin=2639/0 m0=(84,119) ml=(84,87) md=32/1/126 cxcy=84.0,119.6 guide=-0.31 atg=0.0/0.0/0.0 pure=-0.27/-0.27 yaw=19 cmd=30 actual=7 signed=1 rps=3759/3841:3172/3152 duty=9/12 pwm=PWM2:9/PWM1:12 motor=2:9/1:12
ATGCorner: L=0@-1/0@-1 Y=0@-1/0@-1 farL=0@-1/0@-1 Lxy=-1.0,-1.0:-1.0,-1.0/-1.0,-1.0:-1.0,-1.0 Yxy=-1.0,-1.0:-1.0,-1.0/-1.0,-1.0:-1.0,-1.0 farLxy=-1.0,-1.0:-1.0,-1.0/-1.0,-1.0:-1.0,-1.0 best=7:56.4,100.8:32.0,69.4:27.8:10111/1:110.9,114.2:138.0,98.0:7.4:10111 seed_src=none/none seed=0.0,0.0/0.0,0.0 far_start=70,0 far_raw=0/0 far_num=0/0 straight=0/1 far_straight=0/0 conf_deg=27.8/7.4/0.0/0.0
CrossDiag: type=CROSS_NONE track=1 half_lr=0/0 nearL=0@-1/0@-1 nearNum=25/124 centerNum=25/124 farL=0@-1/0@-1 farNum=0/0 farRaw=0/0 lost=0/0 not_have=0 final=124/125 flags=0/0
LineErr: aim=33 cxcy=84.0,119.6 left=1:13.85@67,76 dx=-16.6 idx=0/11 dist=34/76 right=1:-0.49@85,81 dx=0.5 idx=0/15 dist=33/250 sel=1:-0.49@85,83 dx=0.5 idx=0/16 dist=32/248 edge=1:8.19@75.5,83.5 dx=-8.5 width=71.6 l=40,88 r=111,79
CxScan: raw_ref=80.0 edge=75.5,83.5 best_raw_x=60 best_err=0.83 best_cxcy=76.4,119.5 scan=0:-20.6,10:-17.3,20:-13.8,30:-10.2,40:-6.6,50:-2.9,60:0.8,70:4.5,80:8.2,90:11.8,100:15.3,110:18.6,120:21.9,130:25.0,140:27.9
ATGSeedDiag: seed=1@24,108/1@143,108 begin=7,108 block=5 clip=8
ATGLptDiag: best=7(27.8) imip=0/17 pass=10111 acc=-1 ipm=56.4,100.8 inv=32.0,69.4 | 1(7.4) imip=0/11 pass=10111 acc=-1 ipm=110.9,114.2 inv=138.0,98.0
frame=375 line=1 track=1 cross=0 circle=1(CIRCLE_LEFT_BEGIN) round=0 yroad=0 ramp=0 road=7 speed=0 near=24/124 raw=75/105 sel=124/125 far=0/0 far_raw=0/0 l=0@-1/0@-1 far_l=0@-1/0@-1 straight=0/1 far_straight=0/0 circle_cnt=87/0/0/0 lost=0/0 conf=27.5/7.4/0.0/0.0 dist=1383 begin=2648/0 m0=(84,119) ml=(84,87) md=32/1/126 cxcy=84.0,119.6 guide=-0.31 atg=0.0/0.0/0.0 pure=-0.27/-0.27 yaw=19 cmd=33 actual=4 signed=1 rps=3754/3846:3203/3316 duty=9/11 pwm=PWM2:9/PWM1:11 motor=2:9/1:11
ATGCorner: L=0@-1/0@-1 Y=0@-1/0@-1 farL=0@-1/0@-1 Lxy=-1.0,-1.0:-1.0,-1.0/-1.0,-1.0:-1.0,-1.0 Yxy=-1.0,-1.0:-1.0,-1.0/-1.0,-1.0:-1.0,-1.0 farLxy=-1.0,-1.0:-1.0,-1.0/-1.0,-1.0:-1.0,-1.0 best=7:56.0,100.9:31.4,69.5:27.5:10111/1:110.9,114.2:138.0,98.0:7.4:10111 seed_src=none/none seed=0.0,0.0/0.0,0.0 far_start=70,0 far_raw=0/0 far_num=0/0 straight=0/1 far_straight=0/0 conf_deg=27.5/7.4/0.0/0.0
CrossDiag: type=CROSS_NONE track=1 half_lr=0/0 nearL=0@-1/0@-1 nearNum=24/124 centerNum=24/124 farL=0@-1/0@-1 farNum=0/0 farRaw=0/0 lost=0/0 not_have=0 final=124/125 flags=0/0
LineErr: aim=33 cxcy=84.0,119.6 left=1:14.21@67,76 dx=-17.0 idx=0/11 dist=34/72 right=1:-0.49@85,81 dx=0.5 idx=0/15 dist=34/251 sel=1:-0.49@85,83 dx=0.5 idx=0/16 dist=32/248 edge=1:8.19@75.5,83.5 dx=-8.5 width=71.6 l=40,88 r=111,79
CxScan: raw_ref=80.0 edge=75.5,83.5 best_raw_x=60 best_err=0.83 best_cxcy=76.4,119.5 scan=0:-20.6,10:-17.3,20:-13.8,30:-10.2,40:-6.6,50:-2.9,60:0.8,70:4.5,80:8.2,90:11.8,100:15.3,110:18.6,120:21.9,130:25.0,140:27.9
ATGSeedDiag: seed=1@24,108/1@143,108 begin=7,108 block=5 clip=8
ATGLptDiag: best=7(27.5) imip=0/17 pass=10111 acc=-1 ipm=56.0,100.9 inv=31.4,69.5 | 1(7.4) imip=0/11 pass=10111 acc=-1 ipm=110.9,114.2 inv=138.0,98.0
frame=381 line=1 track=1 cross=0 circle=1(CIRCLE_LEFT_BEGIN) round=0 yroad=0 ramp=0 road=7 speed=0 near=22/124 raw=70/105 sel=124/125 far=0/0 far_raw=0/0 l=0@-1/0@-1 far_l=0@-1/0@-1 straight=0/1 far_straight=0/0 circle_cnt=87/0/0/0 lost=0/0 conf=26.2/3.3/0.0/0.0 dist=1433 begin=2698/0 m0=(84,119) ml=(84,87) md=32/1/127 cxcy=84.0,119.6 guide=0.03 atg=0.0/0.0/0.0 pure=-0.26/-0.23 yaw=-2 cmd=1 actual=-4 signed=1 rps=3799/3801:2787/3049 duty=10/12 pwm=PWM2:10/PWM1:12 motor=2:10/1:12
ATGCorner: L=0@-1/0@-1 Y=0@-1/0@-1 farL=0@-1/0@-1 Lxy=-1.0,-1.0:-1.0,-1.0/-1.0,-1.0:-1.0,-1.0 Yxy=-1.0,-1.0:-1.0,-1.0/-1.0,-1.0:-1.0,-1.0 farLxy=-1.0,-1.0:-1.0,-1.0/-1.0,-1.0:-1.0,-1.0 best=6:56.0,103.2:29.3,73.4:26.2:10111/3:111.0,109.6:130.6,85.6:3.3:10111 seed_src=none/none seed=0.0,0.0/0.0,0.0 far_start=70,0 far_raw=0/0 far_num=0/0 straight=0/1 far_straight=0/0 conf_deg=26.2/3.3/0.0/0.0
CrossDiag: type=CROSS_NONE track=1 half_lr=0/0 nearL=0@-1/0@-1 nearNum=22/124 centerNum=22/124 farL=0@-1/0@-1 farNum=0/0 farRaw=0/0 lost=0/0 not_have=0 final=124/125 flags=0/0
LineErr: aim=33 cxcy=84.0,119.6 left=1:16.71@64,75 dx=-20.3 idx=0/11 dist=34/63 right=1:-0.32@84,84 dx=0.3 idx=0/14 dist=32/251 sel=1:-0.34@84,83 dx=0.4 idx=0/16 dist=32/248 edge=1:9.76@74.0,84.5 dx=-10.0 width=74.8 l=37,90 r=111,79
CxScan: raw_ref=80.0 edge=74.0,84.5 best_raw_x=55 best_err=0.43 best_cxcy=74.4,119.5 scan=0:-19.6,10:-16.2,20:-12.6,30:-9.0,40:-5.2,50:-1.5,60:2.3,70:6.1,80:9.8,90:13.4,100:16.9,110:20.2,120:23.5,130:26.5,140:29.5
ATGSeedDiag: seed=1@24,108/1@143,108 begin=7,108 block=5 clip=8
ATGLptDiag: best=6(26.2) imip=0/16 pass=10111 acc=-1 ipm=56.0,103.2 inv=29.3,73.4 | 3(3.3) imip=0/13 pass=10111 acc=-1 ipm=111.0,109.6 inv=130.6,85.6
frame=382 line=1 track=1 cross=0 circle=1(CIRCLE_LEFT_BEGIN) round=0 yroad=0 ramp=0 road=7 speed=0 near=21/124 raw=66/105 sel=124/125 far=0/0 far_raw=0/0 l=0@-1/0@-1 far_l=0@-1/0@-1 straight=0/1 far_straight=0/0 circle_cnt=87/0/0/0 lost=0/0 conf=24.4/4.2/0.0/0.0 dist=1441 begin=2706/0 m0=(84,119) ml=(84,87) md=32/1/126 cxcy=84.0,119.6 guide=0.03 atg=0.0/0.0/0.0 pure=-0.26/-0.26 yaw=-2 cmd=0 actual=-3 signed=1 rps=3800/3800:2858/3126 duty=10/11 pwm=PWM2:10/PWM1:11 motor=2:10/1:11
ATGCorner: L=0@-1/0@-1 Y=0@-1/0@-1 farL=0@-1/0@-1 Lxy=-1.0,-1.0:-1.0,-1.0/-1.0,-1.0:-1.0,-1.0 Yxy=-1.0,-1.0:-1.0,-1.0/-1.0,-1.0:-1.0,-1.0 farLxy=-1.0,-1.0:-1.0,-1.0/-1.0,-1.0:-1.0,-1.0 best=5:57.1,105.2:29.3,77.2:24.4:10111/1:110.7,114.2:137.6,97.9:4.2:10111 seed_src=none/none seed=0.0,0.0/0.0,0.0 far_start=70,0 far_raw=0/0 far_num=0/0 straight=0/1 far_straight=0/0 conf_deg=24.4/4.2/0.0/0.0
CrossDiag: type=CROSS_NONE track=1 half_lr=0/0 nearL=0@-1/0@-1 nearNum=21/124 centerNum=21/124 farL=0@-1/0@-1 farNum=0/0 farRaw=0/0 lost=0/0 not_have=0 final=124/125 flags=0/0
LineErr: aim=33 cxcy=84.0,119.6 left=1:16.83@64,76 dx=-20.3 idx=0/11 dist=33/60 right=1:-0.32@84,84 dx=0.3 idx=0/14 dist=32/251 sel=1:-0.34@84,83 dx=0.4 idx=0/16 dist=32/248 edge=1:9.85@74.0,85.0 dx=-10.0 width=74.7 l=37,90 r=111,80
CxScan: raw_ref=80.0 edge=74.0,85.0 best_raw_x=55 best_err=0.43 best_cxcy=74.4,119.5 scan=0:-19.8,10:-16.3,20:-12.7,30:-9.0,40:-5.3,50:-1.5,60:2.3,70:6.1,80:9.8,90:13.5,100:17.0,110:20.4,120:23.7,130:26.7,140:29.7
ATGSeedDiag: seed=1@24,108/1@143,108 begin=7,108 block=5 clip=8
ATGLptDiag: best=5(24.4) imip=0/15 pass=10111 acc=-1 ipm=57.1,105.2 inv=29.3,77.2 | 1(4.2) imip=0/11 pass=10111 acc=-1 ipm=110.7,114.2 inv=137.6,97.9
frame=383 line=1 track=1 cross=0 circle=1(CIRCLE_LEFT_BEGIN) round=0 yroad=0 ramp=0 road=7 speed=0 near=21/124 raw=67/105 sel=124/125 far=0/0 far_raw=0/0 l=0@-1/0@-1 far_l=0@-1/0@-1 straight=0/1 far_straight=0/0 circle_cnt=87/0/0/0 lost=0/0 conf=24.3/3.2/0.0/0.0 dist=1449 begin=2714/0 m0=(84,119) ml=(84,87) md=32/1/126 cxcy=84.0,119.6 guide=0.03 atg=0.0/0.0/0.0 pure=-0.26/-0.26 yaw=-2 cmd=5 actual=-8 signed=1 rps=3794/3806:2785/2987 duty=10/12 pwm=PWM2:10/PWM1:12 motor=2:10/1:12
ATGCorner: L=0@-1/0@-1 Y=0@-1/0@-1 farL=0@-1/0@-1 Lxy=-1.0,-1.0:-1.0,-1.0/-1.0,-1.0:-1.0,-1.0 Yxy=-1.0,-1.0:-1.0,-1.0/-1.0,-1.0:-1.0,-1.0 farLxy=-1.0,-1.0:-1.0,-1.0/-1.0,-1.0:-1.0,-1.0 best=5:56.7,105.0:28.8,76.8:24.3:10111/1:110.6,114.2:137.3,97.9:3.2:10111 seed_src=none/none seed=0.0,0.0/0.0,0.0 far_start=70,0 far_raw=0/0 far_num=0/0 straight=0/1 far_straight=0/0 conf_deg=24.3/3.2/0.0/0.0
CrossDiag: type=CROSS_NONE track=1 half_lr=0/0 nearL=0@-1/0@-1 nearNum=21/124 centerNum=21/124 farL=0@-1/0@-1 farNum=0/0 farRaw=0/0 lost=0/0 not_have=0 final=124/125 flags=0/0
LineErr: aim=33 cxcy=84.0,119.6 left=1:17.49@63,75 dx=-21.2 idx=0/11 dist=33/60 right=1:-0.32@84,84 dx=0.3 idx=0/14 dist=32/251 sel=1:-0.34@84,82 dx=0.4 idx=0/16 dist=32/248 edge=1:10.24@73.5,84.5 dx=-10.5 width=75.8 l=36,90 r=111,79
CxScan: raw_ref=80.0 edge=73.5,84.5 best_raw_x=55 best_err=0.92 best_cxcy=74.4,119.5 scan=0:-19.2,10:-15.7,20:-12.2,30:-8.5,40:-4.7,50:-1.0,60:2.8,70:6.6,80:10.2,90:13.8,100:17.3,110:20.7,120:23.9,130:26.9,140:29.8
ATGSeedDiag: seed=1@24,107/1@143,108 begin=7,108 block=5 clip=8
ATGLptDiag: best=5(24.3) imip=0/15 pass=10111 acc=-1 ipm=56.7,105.0 inv=28.8,76.8 | 1(3.2) imip=0/11 pass=10111 acc=-1 ipm=110.6,114.2 inv=137.3,97.9
frame=384 line=1 track=1 cross=0 circle=1(CIRCLE_LEFT_BEGIN) round=0 yroad=0 ramp=0 road=7 speed=0 near=21/124 raw=64/105 sel=124/125 far=0/0 far_raw=0/0 l=0@-1/0@-1 far_l=0@-1/0@-1 straight=0/1 far_straight=0/0 circle_cnt=87/0/0/0 lost=0/0 conf=23.7/1.8/0.0/0.0 dist=1457 begin=2722/0 m0=(84,119) ml=(84,87) md=32/1/127 cxcy=84.0,119.6 guide=0.03 atg=0.0/0.0/0.0 pure=-0.19/-0.22 yaw=-2 cmd=14 actual=-17 signed=1 rps=3780/3820:2919/3065 duty=10/12 pwm=PWM2:10/PWM1:12 motor=2:10/1:12
ATGCorner: L=0@-1/0@-1 Y=0@-1/0@-1 farL=0@-1/0@-1 Lxy=-1.0,-1.0:-1.0,-1.0/-1.0,-1.0:-1.0,-1.0 Yxy=-1.0,-1.0:-1.0,-1.0/-1.0,-1.0:-1.0,-1.0 farLxy=-1.0,-1.0:-1.0,-1.0/-1.0,-1.0:-1.0,-1.0 best=5:56.5,105.1:28.4,77.0:23.7:10111/13:110.3,86.4:108.0,51.0:1.8:10111 seed_src=none/none seed=0.0,0.0/0.0,0.0 far_start=70,0 far_raw=0/0 far_num=0/0 straight=0/1 far_straight=0/0 conf_deg=23.7/1.8/0.0/0.0
CrossDiag: type=CROSS_NONE track=1 half_lr=0/0 nearL=0@-1/0@-1 nearNum=21/124 centerNum=21/124 farL=0@-1/0@-1 farNum=0/0 farRaw=0/0 lost=0/0 not_have=0 final=124/125 flags=0/0
LineErr: aim=33 cxcy=84.0,119.6 left=1:18.01@62,75 dx=-21.9 idx=0/11 dist=33/60 right=1:-0.18@84,84 dx=0.2 idx=0/14 dist=32/250 sel=1:-0.24@84,82 dx=0.2 idx=0/16 dist=32/248 edge=1:10.24@73.5,84.5 dx=-10.5 width=75.8 l=36,90 r=111,79
CxScan: raw_ref=80.0 edge=73.5,84.5 best_raw_x=55 best_err=0.92 best_cxcy=74.4,119.5 scan=0:-19.2,10:-15.7,20:-12.2,30:-8.5,40:-4.7,50:-1.0,60:2.8,70:6.6,80:10.2,90:13.8,100:17.3,110:20.7,120:23.9,130:26.9,140:29.8
ATGSeedDiag: seed=1@24,107/1@143,108 begin=7,108 block=5 clip=8
ATGLptDiag: best=5(23.7) imip=0/15 pass=10111 acc=-1 ipm=56.5,105.1 inv=28.4,77.0 | 13(1.8) imip=3/23 pass=10111 acc=-1 ipm=110.3,86.4 inv=108.0,51.0
frame=385 line=1 track=1 cross=0 circle=1(CIRCLE_LEFT_BEGIN) round=0 yroad=0 ramp=0 road=7 speed=0 near=20/124 raw=62/105 sel=124/125 far=0/0 far_raw=0/0 l=0@-1/0@-1 far_l=0@-1/0@-1 straight=0/1 far_straight=0/0 circle_cnt=87/0/0/0 lost=0/0 conf=23.3/3.5/0.0/0.0 dist=1465 begin=2730/0 m0=(84,119) ml=(84,87) md=32/1/127 cxcy=84.0,119.6 guide=0.03 atg=0.0/0.0/0.0 pure=-0.19/-0.22 yaw=-2 cmd=19 actual=-22 signed=1 rps=3773/3827:2870/2889 duty=10/12 pwm=PWM2:10/PWM1:12 motor=2:10/1:12
ATGCorner: L=0@-1/0@-1 Y=0@-1/0@-1 farL=0@-1/0@-1 Lxy=-1.0,-1.0:-1.0,-1.0/-1.0,-1.0:-1.0,-1.0 Yxy=-1.0,-1.0:-1.0,-1.0/-1.0,-1.0:-1.0,-1.0 farLxy=-1.0,-1.0:-1.0,-1.0/-1.0,-1.0:-1.0,-1.0 best=5:56.3,105.2:28.0,77.1:23.3:10111/2:110.8,111.9:133.7,91.4:3.5:10111 seed_src=none/none seed=0.0,0.0/0.0,0.0 far_start=70,0 far_raw=0/0 far_num=0/0 straight=0/1 far_straight=0/0 conf_deg=23.3/3.5/0.0/0.0
CrossDiag: type=CROSS_NONE track=1 half_lr=0/0 nearL=0@-1/0@-1 nearNum=20/124 centerNum=20/124 farL=0@-1/0@-1 farNum=0/0 farRaw=0/0 lost=0/0 not_have=0 final=124/125 flags=0/0
LineErr: aim=33 cxcy=84.0,119.6 left=1:18.16@62,76 dx=-22.0 idx=0/11 dist=32/56 right=1:-0.18@84,84 dx=0.2 idx=0/14 dist=32/250 sel=1:-0.24@84,82 dx=0.2 idx=0/16 dist=32/248 edge=1:10.33@73.5,85.0 dx=-10.5 width=76.0 l=36,91 r=111,79
CxScan: raw_ref=80.0 edge=73.5,85.0 best_raw_x=55 best_err=0.93 best_cxcy=74.4,119.5 scan=0:-19.4,10:-15.9,20:-12.3,30:-8.6,40:-4.8,50:-1.0,60:2.8,70:6.6,80:10.3,90:14.0,100:17.5,110:20.8,120:24.1,130:27.1,140:30.0
ATGSeedDiag: seed=1@24,107/1@143,108 begin=7,108 block=5 clip=8
ATGLptDiag: best=5(23.3) imip=0/15 pass=10111 acc=-1 ipm=56.3,105.2 inv=28.0,77.1 | 2(3.5) imip=0/12 pass=10111 acc=-1 ipm=110.8,111.9 inv=133.7,91.4
frame=386 line=1 track=1 cross=0 circle=1(CIRCLE_LEFT_BEGIN) round=0 yroad=0 ramp=0 road=7 speed=0 near=20/124 raw=64/105 sel=124/125 far=0/0 far_raw=0/0 l=0@-1/0@-1 far_l=0@-1/0@-1 straight=0/1 far_straight=0/0 circle_cnt=87/0/0/0 lost=0/0 conf=22.4/3.5/0.0/0.0 dist=1473 begin=2738/0 m0=(84,119) ml=(84,87) md=32/1/126 cxcy=84.0,119.6 guide=0.03 atg=0.0/0.0/0.0 pure=-0.19/-0.22 yaw=-2 cmd=25 actual=-28 signed=1 rps=3765/3835:3083/2940 duty=10/12 pwm=PWM2:10/PWM1:12 motor=2:10/1:12
ATGCorner: L=0@-1/0@-1 Y=0@-1/0@-1 farL=0@-1/0@-1 Lxy=-1.0,-1.0:-1.0,-1.0/-1.0,-1.0:-1.0,-1.0 Yxy=-1.0,-1.0:-1.0,-1.0/-1.0,-1.0:-1.0,-1.0 farLxy=-1.0,-1.0:-1.0,-1.0/-1.0,-1.0:-1.0,-1.0 best=5:56.0,105.3:27.3,77.4:22.4:10111/2:110.8,111.9:133.7,91.4:3.5:10111 seed_src=none/none seed=0.0,0.0/0.0,0.0 far_start=70,0 far_raw=0/0 far_num=0/0 straight=0/1 far_straight=0/0 conf_deg=22.4/3.5/0.0/0.0
CrossDiag: type=CROSS_NONE track=1 half_lr=0/0 nearL=0@-1/0@-1 nearNum=20/124 centerNum=20/124 farL=0@-1/0@-1 farNum=0/0 farRaw=0/0 lost=0/0 not_have=0 final=124/125 flags=0/0
LineErr: aim=33 cxcy=84.0,119.6 left=1:18.59@62,76 dx=-22.5 idx=0/11 dist=32/56 right=1:-0.18@84,84 dx=0.2 idx=0/14 dist=32/250 sel=1:-0.24@84,82 dx=0.2 idx=0/16 dist=32/248 edge=1:10.81@73.0,85.0 dx=-11.0 width=76.9 l=35,91 r=111,79
CxScan: raw_ref=80.0 edge=73.0,85.0 best_raw_x=50 best_err=-0.48 best_cxcy=72.5,119.5 scan=0:-18.9,10:-15.4,20:-11.8,30:-8.1,40:-4.3,50:-0.5,60:3.3,70:7.1,80:10.8,90:14.4,100:17.9,110:21.3,120:24.5,130:27.5,140:30.4
ATGSeedDiag: seed=1@24,107/1@143,108 begin=7,108 block=5 clip=8
ATGLptDiag: best=5(22.4) imip=0/15 pass=10111 acc=-1 ipm=56.0,105.3 inv=27.3,77.4 | 2(3.5) imip=0/12 pass=10111 acc=-1 ipm=110.8,111.9 inv=133.7,91.4
frame=387 line=1 track=1 cross=0 circle=1(CIRCLE_LEFT_BEGIN) round=0 yroad=0 ramp=0 road=7 speed=0 near=20/124 raw=62/105 sel=124/125 far=0/0 far_raw=0/0 l=0@-1/0@-1 far_l=0@-1/0@-1 straight=0/1 far_straight=0/0 circle_cnt=87/0/0/0 lost=0/0 conf=23.3/4.5/0.0/0.0 dist=1481 begin=2746/0 m0=(84,119) ml=(84,87) md=32/1/127 cxcy=84.0,119.6 guide=0.03 atg=0.0/0.0/0.0 pure=-0.22/-0.22 yaw=-2 cmd=38 actual=-41 signed=1 rps=3747/3853:3235/2920 duty=9/12 pwm=PWM2:9/PWM1:12 motor=2:9/1:12
ATGCorner: L=0@-1/0@-1 Y=0@-1/0@-1 farL=0@-1/0@-1 Lxy=-1.0,-1.0:-1.0,-1.0/-1.0,-1.0:-1.0,-1.0 Yxy=-1.0,-1.0:-1.0,-1.0/-1.0,-1.0:-1.0,-1.0 farLxy=-1.0,-1.0:-1.0,-1.0/-1.0,-1.0:-1.0,-1.0 best=5:56.0,105.6:27.1,77.9:23.3:10111/2:110.9,111.9:133.8,91.4:4.5:10111 seed_src=none/none seed=0.0,0.0/0.0,0.0 far_start=70,0 far_raw=0/0 far_num=0/0 straight=0/1 far_straight=0/0 conf_deg=23.3/4.5/0.0/0.0
CrossDiag: type=CROSS_NONE track=1 half_lr=0/0 nearL=0@-1/0@-1 nearNum=20/124 centerNum=20/124 farL=0@-1/0@-1 farNum=0/0 farRaw=0/0 lost=0/0 not_have=0 final=124/125 flags=0/0
LineErr: aim=33 cxcy=84.0,119.6 left=1:18.74@61,76 dx=-22.6 idx=0/11 dist=32/56 right=1:-0.18@84,84 dx=0.2 idx=0/14 dist=33/251 sel=1:-0.24@84,82 dx=0.2 idx=0/16 dist=32/248 edge=1:10.81@73.0,85.0 dx=-11.0 width=76.9 l=35,91 r=111,79
CxScan: raw_ref=80.0 edge=73.0,85.0 best_raw_x=50 best_err=-0.48 best_cxcy=72.5,119.5 scan=0:-18.9,10:-15.4,20:-11.8,30:-8.1,40:-4.3,50:-0.5,60:3.3,70:7.1,80:10.8,90:14.4,100:17.9,110:21.3,120:24.5,130:27.5,140:30.4
ATGSeedDiag: seed=1@23,108/1@143,108 begin=7,108 block=5 clip=8
ATGLptDiag: best=5(23.3) imip=0/15 pass=10111 acc=-1 ipm=56.0,105.6 inv=27.1,77.9 | 2(4.5) imip=0/12 pass=10111 acc=-1 ipm=110.9,111.9 inv=133.8,91.4
frame=388 line=1 track=1 cross=0 circle=1(CIRCLE_LEFT_BEGIN) round=0 yroad=0 ramp=0 road=7 speed=0 near=19/124 raw=64/105 sel=124/125 far=0/0 far_raw=0/0 l=0@-1/0@-1 far_l=0@-1/0@-1 straight=0/1 far_straight=0/0 circle_cnt=87/0/0/0 lost=0/0 conf=21.8/4.2/0.0/0.0 dist=1489 begin=2754/0 m0=(84,119) ml=(84,87) md=32/1/126 cxcy=84.0,119.6 guide=0.03 atg=0.0/0.0/0.0 pure=-0.26/-0.26 yaw=-2 cmd=50 actual=-53 signed=1 rps=3732/3868:3123/2735 duty=9/12 pwm=PWM2:9/PWM1:12 motor=2:9/1:12
ATGCorner: L=0@-1/0@-1 Y=0@-1/0@-1 farL=0@-1/0@-1 Lxy=-1.0,-1.0:-1.0,-1.0/-1.0,-1.0:-1.0,-1.0 Yxy=-1.0,-1.0:-1.0,-1.0/-1.0,-1.0:-1.0,-1.0 farLxy=-1.0,-1.0:-1.0,-1.0/-1.0,-1.0:-1.0,-1.0 best=4:57.2,107.5:27.2,82.0:21.8:10111/2:110.8,111.9:133.8,91.4:4.2:10111 seed_src=none/none seed=0.0,0.0/0.0,0.0 far_start=70,0 far_raw=0/0 far_num=0/0 straight=0/1 far_straight=0/0 conf_deg=21.8/4.2/0.0/0.0
CrossDiag: type=CROSS_NONE track=1 half_lr=0/0 nearL=0@-1/0@-1 nearNum=19/124 centerNum=19/124 farL=0@-1/0@-1 farNum=0/0 farRaw=0/0 lost=0/0 not_have=0 final=124/125 flags=0/0
LineErr: aim=33 cxcy=84.0,119.6 left=1:20.23@59,75 dx=-25.1 idx=0/12 dist=34/52 right=1:-0.33@84,83 dx=0.3 idx=0/14 dist=33/252 sel=1:-0.34@84,82 dx=0.4 idx=0/16 dist=32/248 edge=1:10.90@73.0,85.5 dx=-11.0 width=77.1 l=35,92 r=111,79
CxScan: raw_ref=80.0 edge=73.0,85.5 best_raw_x=50 best_err=-0.49 best_cxcy=72.5,119.5 scan=0:-19.1,10:-15.5,20:-11.9,30:-8.1,40:-4.3,50:-0.5,60:3.4,70:7.2,80:10.9,90:14.5,100:18.1,110:21.4,120:24.7,130:27.7,140:30.6
ATGSeedDiag: seed=1@23,108/1@143,108 begin=7,108 block=5 clip=8
ATGLptDiag: best=4(21.8) imip=0/14 pass=10111 acc=-1 ipm=57.2,107.5 inv=27.2,82.0 | 2(4.2) imip=0/12 pass=10111 acc=-1 ipm=110.8,111.9 inv=133.8,91.4
frame=390 line=1 track=1 cross=0 circle=1(CIRCLE_LEFT_BEGIN) round=0 yroad=0 ramp=0 road=7 speed=0 near=19/124 raw=61/105 sel=124/125 far=0/0 far_raw=0/0 l=0@-1/0@-1 far_l=0@-1/0@-1 straight=0/1 far_straight=0/0 circle_cnt=87/0/0/0 lost=0/0 conf=23.1/0.9/0.0/0.0 dist=1505 begin=2770/0 m0=(84,119) ml=(84,87) md=32/1/126 cxcy=84.0,119.6 guide=0.03 atg=0.0/0.0/0.0 pure=-0.27/-0.27 yaw=-2 cmd=84 actual=-87 signed=1 rps=3685/3915:3147/2676 duty=9/13 pwm=PWM2:9/PWM1:13 motor=2:9/1:13
ATGCorner: L=0@-1/0@-1 Y=0@-1/0@-1 farL=0@-1/0@-1 Lxy=-1.0,-1.0:-1.0,-1.0/-1.0,-1.0:-1.0,-1.0 Yxy=-1.0,-1.0:-1.0,-1.0/-1.0,-1.0:-1.0,-1.0 farLxy=-1.0,-1.0:-1.0,-1.0/-1.0,-1.0:-1.0,-1.0 best=4:56.5,107.3:26.2,81.5:23.1:10111/12:110.3,88.7:109.4,53.2:0.9:10111 seed_src=none/none seed=0.0,0.0/0.0,0.0 far_start=70,0 far_raw=0/0 far_num=0/0 straight=0/1 far_straight=0/0 conf_deg=23.1/0.9/0.0/0.0
CrossDiag: type=CROSS_NONE track=1 half_lr=0/0 nearL=0@-1/0@-1 nearNum=19/124 centerNum=19/124 farL=0@-1/0@-1 farNum=0/0 farRaw=0/0 lost=0/0 not_have=0 final=124/125 flags=0/0
LineErr: aim=33 cxcy=84.0,119.6 left=1:21.17@58,75 dx=-26.4 idx=0/12 dist=34/51 right=1:-0.33@84,83 dx=0.3 idx=0/14 dist=32/250 sel=1:-0.34@84,82 dx=0.4 idx=0/16 dist=32/248 edge=1:11.38@72.5,85.5 dx=-11.5 width=78.1 l=34,92 r=111,79
CxScan: raw_ref=80.0 edge=72.5,85.5 best_raw_x=50 best_err=0.02 best_cxcy=72.5,119.5 scan=0:-18.6,10:-15.1,20:-11.4,30:-7.6,40:-3.8,50:0.0,60:3.9,70:7.7,80:11.4,90:15.0,100:18.5,110:21.9,120:25.1,130:28.1,140:31.0
ATGSeedDiag: seed=1@23,107/1@143,108 begin=7,108 block=5 clip=8
ATGLptDiag: best=4(23.1) imip=0/14 pass=10111 acc=-1 ipm=56.5,107.3 inv=26.2,81.5 | 12(0.9) imip=2/22 pass=10111 acc=-1 ipm=110.3,88.7 inv=109.4,53.2
frame=391 line=1 track=1 cross=0 circle=1(CIRCLE_LEFT_BEGIN) round=0 yroad=0 ramp=0 road=7 speed=0 near=18/124 raw=60/106 sel=124/125 far=0/0 far_raw=0/0 l=0@-1/0@-1 far_l=0@-1/0@-1 straight=0/1 far_straight=0/0 circle_cnt=87/0/0/0 lost=0/0 conf=22.2/4.4/0.0/0.0 dist=1513 begin=2778/0 m0=(84,119) ml=(84,87) md=32/1/126 cxcy=84.0,119.6 guide=0.03 atg=0.0/0.0/0.0 pure=-0.27/-0.27 yaw=-2 cmd=95 actual=-98 signed=1 rps=3669/3931:3267/2833 duty=9/12 pwm=PWM2:9/PWM1:12 motor=2:9/1:12
ATGCorner: L=0@-1/0@-1 Y=0@-1/0@-1 farL=0@-1/0@-1 Lxy=-1.0,-1.0:-1.0,-1.0/-1.0,-1.0:-1.0,-1.0 Yxy=-1.0,-1.0:-1.0,-1.0/-1.0,-1.0:-1.0,-1.0 farLxy=-1.0,-1.0:-1.0,-1.0/-1.0,-1.0:-1.0,-1.0 best=4:56.3,107.4:25.7,81.7:22.2:10111/2:110.6,112.2:133.8,92.2:4.4:10111 seed_src=none/none seed=0.0,0.0/0.0,0.0 far_start=70,0 far_raw=0/0 far_num=0/0 straight=0/1 far_straight=0/0 conf_deg=22.2/4.4/0.0/0.0
CrossDiag: type=CROSS_NONE track=1 half_lr=0/0 nearL=0@-1/0@-1 nearNum=18/124 centerNum=18/124 farL=0@-1/0@-1 farNum=0/0 farRaw=0/0 lost=0/0 not_have=0 final=124/125 flags=0/0
LineErr: aim=33 cxcy=84.0,119.6 left=1:21.35@58,75 dx=-26.5 idx=0/12 dist=33/47 right=1:-0.33@84,84 dx=0.3 idx=0/14 dist=33/251 sel=1:-0.34@84,82 dx=0.4 idx=0/16 dist=32/248 edge=1:11.96@72.0,86.0 dx=-12.0 width=78.9 l=33,92 r=111,80
CxScan: raw_ref=80.0 edge=72.0,86.0 best_raw_x=50 best_err=0.52 best_cxcy=72.5,119.5 scan=0:-18.3,10:-14.7,20:-11.0,30:-7.2,40:-3.4,50:0.5,60:4.4,70:8.2,80:12.0,90:15.6,100:19.1,110:22.5,120:25.7,130:28.7,140:31.6
ATGSeedDiag: seed=1@23,107/1@143,108 begin=7,108 block=5 clip=8
ATGLptDiag: best=4(22.2) imip=0/14 pass=10111 acc=-1 ipm=56.3,107.4 inv=25.7,81.7 | 2(4.4) imip=0/12 pass=10111 acc=-1 ipm=110.6,112.2 inv=133.8,92.2
frame=392 line=1 track=1 cross=0 circle=1(CIRCLE_LEFT_BEGIN) round=0 yroad=0 ramp=0 road=7 speed=0 near=18/124 raw=59/105 sel=124/125 far=0/0 far_raw=0/0 l=0@-1/0@-1 far_l=0@-1/0@-1 straight=0/1 far_straight=0/0 circle_cnt=87/0/0/0 lost=0/0 conf=23.0/5.3/0.0/0.0 dist=1521 begin=2786/0 m0=(84,119) ml=(84,87) md=32/1/126 cxcy=84.0,119.6 guide=0.03 atg=0.0/0.0/0.0 pure=-0.27/-0.27 yaw=-2 cmd=92 actual=-95 signed=1 rps=3674/3926:3098/2800 duty=9/12 pwm=PWM2:9/PWM1:12 motor=2:9/1:12
ATGCorner: L=0@-1/0@-1 Y=0@-1/0@-1 farL=0@-1/0@-1 Lxy=-1.0,-1.0:-1.0,-1.0/-1.0,-1.0:-1.0,-1.0 Yxy=-1.0,-1.0:-1.0,-1.0/-1.0,-1.0:-1.0,-1.0 farLxy=-1.0,-1.0:-1.0,-1.0/-1.0,-1.0:-1.0,-1.0 best=4:56.2,107.4:25.5,81.7:23.0:10111/1:110.6,114.2:137.4,97.9:5.3:10111 seed_src=none/none seed=0.0,0.0/0.0,0.0 far_start=70,0 far_raw=0/0 far_num=0/0 straight=0/1 far_straight=0/0 conf_deg=23.0/5.3/0.0/0.0
CrossDiag: type=CROSS_NONE track=1 half_lr=0/0 nearL=0@-1/0@-1 nearNum=18/124 centerNum=18/124 farL=0@-1/0@-1 farNum=0/0 farRaw=0/0 lost=0/0 not_have=0 final=124/125 flags=0/0
LineErr: aim=33 cxcy=84.0,119.6 left=1:21.79@57,75 dx=-27.1 idx=0/12 dist=33/47 right=1:-0.33@84,83 dx=0.3 idx=0/14 dist=32/250 sel=1:-0.34@84,82 dx=0.4 idx=0/16 dist=32/248 edge=1:11.86@72.0,85.5 dx=-12.0 width=79.1 l=33,92 r=111,79
CxScan: raw_ref=80.0 edge=72.0,85.5 best_raw_x=50 best_err=0.52 best_cxcy=72.5,119.5 scan=0:-18.2,10:-14.6,20:-10.9,30:-7.2,40:-3.3,50:0.5,60:4.4,70:8.1,80:11.9,90:15.5,100:19.0,110:22.3,120:25.5,130:28.5,140:31.4
ATGSeedDiag: seed=1@23,107/1@143,108 begin=7,108 block=5 clip=8
ATGLptDiag: best=4(23.0) imip=0/14 pass=10111 acc=-1 ipm=56.2,107.4 inv=25.5,81.7 | 1(5.3) imip=0/11 pass=10111 acc=-1 ipm=110.6,114.2 inv=137.4,97.9
frame=393 line=1 track=1 cross=0 circle=1(CIRCLE_LEFT_BEGIN) round=0 yroad=0 ramp=0 road=7 speed=0 near=18/124 raw=56/105 sel=124/125 far=0/0 far_raw=0/0 l=0@-1/0@-1 far_l=0@-1/0@-1 straight=0/1 far_straight=0/0 circle_cnt=87/0/0/0 lost=0/0 conf=21.0/7.2/0.0/0.0 dist=1530 begin=2795/0 m0=(84,119) ml=(84,87) md=32/1/126 cxcy=84.0,119.6 guide=-0.31 atg=0.0/0.0/0.0 pure=-0.27/-0.27 yaw=19 cmd=122 actual=-84 signed=1 rps=3633/3967:3167/3048 duty=9/12 pwm=PWM2:9/PWM1:12 motor=2:9/1:12
ATGCorner: L=0@-1/0@-1 Y=0@-1/0@-1 farL=0@-1/0@-1 Lxy=-1.0,-1.0:-1.0,-1.0/-1.0,-1.0:-1.0,-1.0 Yxy=-1.0,-1.0:-1.0,-1.0/-1.0,-1.0:-1.0,-1.0 farLxy=-1.0,-1.0:-1.0,-1.0/-1.0,-1.0:-1.0,-1.0 best=4:56.1,107.8:24.9,82.7:21.0:10111/1:110.7,114.2:137.6,98.0:7.2:10111 seed_src=none/none seed=0.0,0.0/0.0,0.0 far_start=70,0 far_raw=0/0 far_num=0/0 straight=0/1 far_straight=0/0 conf_deg=21.0/7.2/0.0/0.0
CrossDiag: type=CROSS_NONE track=1 half_lr=0/0 nearL=0@-1/0@-1 nearNum=18/124 centerNum=18/124 farL=0@-1/0@-1 farNum=0/0 farRaw=0/0 lost=0/0 not_have=0 final=124/125 flags=0/0
LineErr: aim=33 cxcy=84.0,119.6 left=1:21.99@57,75 dx=-27.2 idx=0/12 dist=33/48 right=1:-0.49@85,83 dx=0.5 idx=0/14 dist=32/250 sel=1:-0.49@85,82 dx=0.5 idx=0/16 dist=32/248 edge=1:11.96@72.0,86.0 dx=-12.0 width=79.2 l=33,93 r=111,79
CxScan: raw_ref=80.0 edge=72.0,86.0 best_raw_x=50 best_err=0.52 best_cxcy=72.5,119.5 scan=0:-18.3,10:-14.7,20:-11.0,30:-7.2,40:-3.4,50:0.5,60:4.4,70:8.2,80:12.0,90:15.6,100:19.1,110:22.5,120:25.7,130:28.7,140:31.6
ATGSeedDiag: seed=1@22,108/1@143,108 begin=7,108 block=5 clip=8
ATGLptDiag: best=4(21.0) imip=0/14 pass=10111 acc=-1 ipm=56.1,107.8 inv=24.9,82.7 | 1(7.2) imip=0/11 pass=10111 acc=-1 ipm=110.7,114.2 inv=137.6,98.0
frame=394 line=1 track=1 cross=0 circle=1(CIRCLE_LEFT_BEGIN) round=0 yroad=0 ramp=0 road=7 speed=0 near=17/124 raw=59/105 sel=124/125 far=0/0 far_raw=0/0 l=0@-1/0@-1 far_l=0@-1/0@-1 straight=0/1 far_straight=0/0 circle_cnt=87/0/0/0 lost=0/0 conf=19.4/8.3/0.0/0.0 dist=1539 begin=2804/0 m0=(84,119) ml=(84,87) md=32/1/126 cxcy=84.0,119.6 guide=-0.48 atg=0.0/0.0/0.0 pure=-0.27/-0.27 yaw=29 cmd=131 actual=-74 signed=1 rps=3620/3980:3185/3202 duty=9/12 pwm=PWM2:9/PWM1:12 motor=2:9/1:12
ATGCorner: L=0@-1/0@-1 Y=0@-1/0@-1 farL=0@-1/0@-1 Lxy=-1.0,-1.0:-1.0,-1.0/-1.0,-1.0:-1.0,-1.0 Yxy=-1.0,-1.0:-1.0,-1.0/-1.0,-1.0:-1.0,-1.0 farLxy=-1.0,-1.0:-1.0,-1.0/-1.0,-1.0:-1.0,-1.0 best=3:57.3,109.8:24.9,87.2:19.4:10111/1:110.8,114.2:137.7,98.0:8.3:10111 seed_src=none/none seed=0.0,0.0/0.0,0.0 far_start=70,0 far_raw=0/0 far_num=0/0 straight=0/1 far_straight=0/0 conf_deg=19.4/8.3/0.0/0.0
CrossDiag: type=CROSS_NONE track=1 half_lr=0/0 nearL=0@-1/0@-1 nearNum=17/124 centerNum=17/124 farL=0@-1/0@-1 farNum=0/0 farRaw=0/0 lost=0/0 not_have=0 final=124/125 flags=0/0
LineErr: aim=33 cxcy=84.0,119.6 left=1:22.11@57,76 dx=-27.2 idx=0/12 dist=32/44 right=1:-0.71@85,81 dx=0.8 idx=0/15 dist=33/249 sel=1:-0.60@85,82 dx=0.6 idx=0/16 dist=32/248 edge=1:11.96@72.0,86.0 dx=-12.0 width=79.2 l=33,93 r=111,79
CxScan: raw_ref=80.0 edge=72.0,86.0 best_raw_x=50 best_err=0.52 best_cxcy=72.5,119.5 scan=0:-18.3,10:-14.7,20:-11.0,30:-7.2,40:-3.4,50:0.5,60:4.4,70:8.2,80:12.0,90:15.6,100:19.1,110:22.5,120:25.7,130:28.7,140:31.6
ATGSeedDiag: seed=1@22,108/1@143,108 begin=7,108 block=5 clip=8
ATGLptDiag: best=3(19.4) imip=0/13 pass=10111 acc=-1 ipm=57.3,109.8 inv=24.9,87.2 | 1(8.3) imip=0/11 pass=10111 acc=-1 ipm=110.8,114.2 inv=137.7,98.0
frame=395 line=1 track=1 cross=0 circle=1(CIRCLE_LEFT_BEGIN) round=0 yroad=0 ramp=0 road=7 speed=0 near=17/124 raw=59/105 sel=124/126 far=0/0 far_raw=0/0 l=0@-1/0@-1 far_l=0@-1/0@-1 straight=0/1 far_straight=0/0 circle_cnt=87/0/0/0 lost=0/0 conf=20.6/7.5/0.0/0.0 dist=1548 begin=2813/0 m0=(84,119) ml=(85,87) md=32/1/129 cxcy=84.0,119.6 guide=-0.65 atg=0.0/0.0/0.0 pure=-0.29/-0.29 yaw=39 cmd=135 actual=-57 signed=1 rps=3615/3985:3003/3107 duty=9/12 pwm=PWM2:9/PWM1:12 motor=2:9/1:12
ATGCorner: L=0@-1/0@-1 Y=0@-1/0@-1 farL=0@-1/0@-1 Lxy=-1.0,-1.0:-1.0,-1.0/-1.0,-1.0:-1.0,-1.0 Yxy=-1.0,-1.0:-1.0,-1.0/-1.0,-1.0:-1.0,-1.0 farLxy=-1.0,-1.0:-1.0,-1.0/-1.0,-1.0:-1.0,-1.0 best=3:57.1,109.8:24.6,87.1:20.6:10111/1:110.7,114.2:137.7,98.0:7.5:10111 seed_src=none/none seed=0.0,0.0/0.0,0.0 far_start=70,0 far_raw=0/0 far_num=0/0 straight=0/1 far_straight=0/0 conf_deg=20.6/7.5/0.0/0.0
CrossDiag: type=CROSS_NONE track=1 half_lr=0/0 nearL=0@-1/0@-1 nearNum=17/124 centerNum=17/124 farL=0@-1/0@-1 farNum=0/0 farRaw=0/0 lost=0/0 not_have=0 final=124/126 flags=0/0
LineErr: aim=33 cxcy=84.0,119.6 left=1:22.58@56,76 dx=-27.9 idx=0/12 dist=32/44 right=1:-0.64@85,83 dx=0.7 idx=0/14 dist=33/251 sel=1:-0.66@85,82 dx=0.7 idx=0/16 dist=32/250 edge=1:12.44@71.5,86.0 dx=-12.5 width=80.2 l=32,93 r=111,79
CxScan: raw_ref=80.0 edge=71.5,86.0 best_raw_x=45 best_err=-0.91 best_cxcy=70.6,119.5 scan=0:-17.9,10:-14.2,20:-10.5,30:-6.7,40:-2.9,50:1.0,60:4.9,70:8.7,80:12.4,90:16.1,100:19.6,110:22.9,120:26.1,130:29.1,140:31.9
ATGSeedDiag: seed=1@22,108/1@143,108 begin=7,108 block=5 clip=8
ATGLptDiag: best=3(20.6) imip=0/13 pass=10111 acc=-1 ipm=57.1,109.8 inv=24.6,87.1 | 1(7.5) imip=0/11 pass=10111 acc=-1 ipm=110.7,114.2 inv=137.7,98.0
frame=397 line=1 track=1 cross=0 circle=1(CIRCLE_LEFT_BEGIN) round=0 yroad=0 ramp=0 road=7 speed=0 near=4/124 raw=170/105 sel=124/125 far=0/0 far_raw=0/0 l=0@-1/0@-1 far_l=0@-1/0@-1 straight=0/1 far_straight=0/0 circle_cnt=87/0/0/0 lost=0/0 conf=4.6/8.4/0.0/0.0 dist=1565 begin=2830/0 m0=(84,119) ml=(85,87) md=32/1/128 cxcy=84.0,119.6 guide=-0.65 atg=0.0/0.0/0.0 pure=-0.32/-0.32 yaw=39 cmd=105 actual=-27 signed=1 rps=3657/3943:2879/3131 duty=9/12 pwm=PWM2:9/PWM1:12 motor=2:9/1:12
ATGCorner: L=0@-1/0@-1 Y=0@-1/0@-1 farL=0@-1/0@-1 Lxy=-1.0,-1.0:-1.0,-1.0/-1.0,-1.0:-1.0,-1.0 Yxy=-1.0,-1.0:-1.0,-1.0/-1.0,-1.0:-1.0,-1.0 farLxy=-1.0,-1.0:-1.0,-1.0/-1.0,-1.0:-1.0,-1.0 best=1:58.7,113.7:23.0,97.6:4.6:10111/1:110.6,114.2:137.3,98.0:8.4:10111 seed_src=none/none seed=0.0,0.0/0.0,0.0 far_start=70,0 far_raw=0/0 far_num=0/0 straight=0/1 far_straight=0/0 conf_deg=4.6/8.4/0.0/0.0
CrossDiag: type=CROSS_NONE track=1 half_lr=0/0 nearL=0@-1/0@-1 nearNum=4/124 centerNum=4/124 farL=0@-1/0@-1 farNum=0/0 farRaw=0/0 lost=0/0 not_have=0 final=124/125 flags=0/0
LineErr: aim=33 cxcy=84.0,119.6 left=1:5.08@80,98 dx=-4.0 idx=0/3 dist=6/6 right=1:-0.64@85,83 dx=0.7 idx=0/14 dist=33/251 sel=1:-0.66@85,82 dx=0.7 idx=0/16 dist=32/248 edge=1:0.03@84.0,94.5 dx=-0.0 width=62.3 l=57,110 r=111,79
CxScan: raw_ref=80.0 edge=84.0,94.5 best_raw_x=80 best_err=0.03 best_cxcy=84.0,119.6 scan=0:-32.6,10:-29.2,20:-25.6,30:-21.7,40:-17.7,50:-13.4,60:-9.0,70:-4.5,80:0.0,90:4.6,100:9.0,110:13.4,120:17.6,130:21.6,140:25.4
ATGSeedDiag: seed=1@22,107/1@142,108 begin=7,108 block=5 clip=8
ATGLptDiag: best=1(4.6) imip=0/3 pass=10111 acc=-1 ipm=58.7,113.7 inv=23.0,97.6 | 1(8.4) imip=0/11 pass=10111 acc=-1 ipm=110.6,114.2 inv=137.3,98.0
frame=398 line=1 track=1 cross=0 circle=1(CIRCLE_LEFT_BEGIN) round=0 yroad=0 ramp=0 road=7 speed=0 near=16/124 raw=56/105 sel=124/126 far=0/0 far_raw=0/0 l=0@-1/0@-1 far_l=0@-1/0@-1 straight=0/1 far_straight=0/0 circle_cnt=87/0/0/0 lost=0/0 conf=20.6/2.6/0.0/0.0 dist=1573 begin=2838/0 m0=(84,119) ml=(85,87) md=32/1/128 cxcy=84.0,119.6 guide=-0.65 atg=0.0/0.0/0.0 pure=-0.32/-0.32 yaw=39 cmd=87 actual=-10 signed=1 rps=3680/3920:2889/3137 duty=9/12 pwm=PWM2:9/PWM1:12 motor=2:9/1:12
ATGCorner: L=0@-1/0@-1 Y=0@-1/0@-1 farL=0@-1/0@-1 Lxy=-1.0,-1.0:-1.0,-1.0/-1.0,-1.0:-1.0,-1.0 Yxy=-1.0,-1.0:-1.0,-1.0/-1.0,-1.0:-1.0,-1.0 farLxy=-1.0,-1.0:-1.0,-1.0/-1.0,-1.0:-1.0,-1.0 best=3:56.4,109.9:23.0,87.5:20.6:10111/2:110.3,111.9:132.6,91.4:2.6:10111 seed_src=none/none seed=0.0,0.0/0.0,0.0 far_start=70,0 far_raw=0/0 far_num=0/0 straight=0/1 far_straight=0/0 conf_deg=20.6/2.6/0.0/0.0
CrossDiag: type=CROSS_NONE track=1 half_lr=0/0 nearL=0@-1/0@-1 nearNum=16/124 centerNum=16/124 farL=0@-1/0@-1 farNum=0/0 farRaw=0/0 lost=0/0 not_have=0 final=124/126 flags=0/0
LineErr: aim=33 cxcy=84.0,119.6 left=1:25.05@52,75 dx=-31.8 idx=0/13 dist=34/39 right=1:-0.64@85,83 dx=0.7 idx=0/14 dist=32/250 sel=1:-0.66@85,82 dx=0.7 idx=0/16 dist=32/250 edge=1:12.17@72.0,87.0 dx=-12.0 width=79.6 l=33,95 r=111,79
CxScan: raw_ref=80.0 edge=72.0,87.0 best_raw_x=50 best_err=0.53 best_cxcy=72.5,119.5 scan=0:-18.6,10:-15.0,20:-11.2,30:-7.3,40:-3.4,50:0.5,60:4.5,70:8.4,80:12.2,90:15.9,100:19.4,110:22.8,120:26.1,130:29.1,140:32.0
ATGSeedDiag: seed=1@21,108/1@142,108 begin=7,108 block=5 clip=8
ATGLptDiag: best=3(20.6) imip=0/13 pass=10111 acc=-1 ipm=56.4,109.9 inv=23.0,87.5 | 2(2.6) imip=0/12 pass=10111 acc=-1 ipm=110.3,111.9 inv=132.6,91.4
frame=399 line=1 track=1 cross=0 circle=1(CIRCLE_LEFT_BEGIN) round=0 yroad=0 ramp=0 road=7 speed=0 near=15/124 raw=55/105 sel=124/126 far=0/0 far_raw=0/0 l=0@-1/0@-1 far_l=0@-1/0@-1 straight=0/1 far_straight=0/0 circle_cnt=87/0/0/0 lost=0/0 conf=20.6/2.6/0.0/0.0 dist=1581 begin=2846/0 m0=(84,119) ml=(84,87) md=32/1/129 cxcy=84.0,119.6 guide=-0.48 atg=0.0/0.0/0.0 pure=-0.32/-0.30 yaw=29 cmd=62 actual=-4 signed=1 rps=3716/3884:2706/2952 duty=10/12 pwm=PWM2:10/PWM1:12 motor=2:10/1:12
ATGCorner: L=0@-1/0@-1 Y=0@-1/0@-1 farL=0@-1/0@-1 Lxy=-1.0,-1.0:-1.0,-1.0/-1.0,-1.0:-1.0,-1.0 Yxy=-1.0,-1.0:-1.0,-1.0/-1.0,-1.0:-1.0,-1.0 farLxy=-1.0,-1.0:-1.0,-1.0/-1.0,-1.0:-1.0,-1.0 best=3:56.2,110.0:22.5,87.6:20.6:10111/7:110.3,100.3:118.3,67.9:2.6:10111 seed_src=none/none seed=0.0,0.0/0.0,0.0 far_start=70,0 far_raw=0/0 far_num=0/0 straight=0/1 far_straight=0/0 conf_deg=20.6/2.6/0.0/0.0
CrossDiag: type=CROSS_NONE track=1 half_lr=0/0 nearL=0@-1/0@-1 nearNum=15/124 centerNum=15/124 farL=0@-1/0@-1 farNum=0/0 farRaw=0/0 lost=0/0 not_have=0 final=124/126 flags=0/0
LineErr: aim=33 cxcy=84.0,119.6 left=1:25.38@52,75 dx=-32.1 idx=0/13 dist=33/35 right=1:-0.55@85,83 dx=0.6 idx=0/14 dist=32/250 sel=1:-0.59@85,82 dx=0.6 idx=0/16 dist=32/250 edge=1:11.28@73.0,87.5 dx=-11.0 width=77.9 l=35,96 r=111,79
CxScan: raw_ref=80.0 edge=73.0,87.5 best_raw_x=50 best_err=-0.50 best_cxcy=72.5,119.5 scan=0:-19.7,10:-16.1,20:-12.3,30:-8.4,40:-4.5,50:-0.5,60:3.5,70:7.4,80:11.3,90:15.0,100:18.7,110:22.1,120:25.4,130:28.6,140:31.5
ATGSeedDiag: seed=1@21,108/1@142,108 begin=7,108 block=5 clip=8
ATGLptDiag: best=3(20.6) imip=0/13 pass=10111 acc=-1 ipm=56.2,110.0 inv=22.5,87.6 | 7(2.6) imip=0/17 pass=10111 acc=-1 ipm=110.3,100.3 inv=118.3,67.9
frame=400 line=1 track=1 cross=0 circle=1(CIRCLE_LEFT_BEGIN) round=0 yroad=0 ramp=0 road=7 speed=0 near=15/124 raw=50/105 sel=124/126 far=0/0 far_raw=0/0 l=0@-1/0@-1 far_l=0@-1/0@-1 straight=0/1 far_straight=0/0 circle_cnt=87/0/0/0 lost=0/0 conf=18.8/2.2/0.0/0.0 dist=1589 begin=2854/0 m0=(84,119) ml=(84,87) md=32/1/129 cxcy=84.0,119.6 guide=-0.48 atg=0.0/0.0/0.0 pure=-0.29/-0.29 yaw=29 cmd=63 actual=-6 signed=1 rps=3713/3887:2772/3078 duty=10/12 pwm=PWM2:10/PWM1:12 motor=2:10/1:12
ATGCorner: L=0@-1/0@-1 Y=0@-1/0@-1 farL=0@-1/0@-1 Lxy=-1.0,-1.0:-1.0,-1.0/-1.0,-1.0:-1.0,-1.0 Yxy=-1.0,-1.0:-1.0,-1.0/-1.0,-1.0:-1.0,-1.0 farLxy=-1.0,-1.0:-1.0,-1.0/-1.0,-1.0:-1.0,-1.0 best=2:57.3,112.0:22.2,92.8:18.8:10111/2:110.3,111.9:132.6,91.4:2.2:10111 seed_src=none/none seed=0.0,0.0/0.0,0.0 far_start=70,0 far_raw=0/0 far_num=0/0 straight=0/1 far_straight=0/0 conf_deg=18.8/2.2/0.0/0.0
CrossDiag: type=CROSS_NONE track=1 half_lr=0/0 nearL=0@-1/0@-1 nearNum=15/124 centerNum=15/124 farL=0@-1/0@-1 farNum=0/0 farRaw=0/0 lost=0/0 not_have=0 final=124/126 flags=0/0
LineErr: aim=33 cxcy=84.0,119.6 left=1:25.66@52,75 dx=-32.4 idx=0/13 dist=33/36 right=1:-0.55@85,83 dx=0.6 idx=0/14 dist=32/250 sel=1:-0.60@85,82 dx=0.6 idx=0/16 dist=32/250 edge=1:11.28@73.0,87.5 dx=-11.0 width=77.9 l=35,96 r=111,79
CxScan: raw_ref=80.0 edge=73.0,87.5 best_raw_x=50 best_err=-0.50 best_cxcy=72.5,119.5 scan=0:-19.7,10:-16.1,20:-12.3,30:-8.4,40:-4.5,50:-0.5,60:3.5,70:7.4,80:11.3,90:15.0,100:18.7,110:22.1,120:25.4,130:28.6,140:31.5
ATGSeedDiag: seed=1@21,108/1@143,108 begin=7,108 block=5 clip=8
ATGLptDiag: best=2(18.8) imip=0/12 pass=10111 acc=-1 ipm=57.3,112.0 inv=22.2,92.8 | 2(2.2) imip=0/12 pass=10111 acc=-1 ipm=110.3,111.9 inv=132.6,91.4
frame=401 line=1 track=1 cross=0 circle=1(CIRCLE_LEFT_BEGIN) round=0 yroad=0 ramp=0 road=7 speed=0 near=15/124 raw=55/105 sel=124/126 far=0/0 far_raw=0/0 l=0@-1/0@-1 far_l=0@-1/0@-1 straight=0/1 far_straight=0/0 circle_cnt=87/0/0/0 lost=0/0 conf=17.0/2.3/0.0/0.0 dist=1597 begin=2862/0 m0=(84,119) ml=(85,87) md=32/1/129 cxcy=84.0,119.6 guide=-0.65 atg=0.0/0.0/0.0 pure=-0.32/-0.30 yaw=39 cmd=82 actual=-5 signed=1 rps=3687/3913:2790/3141 duty=10/12 pwm=PWM2:10/PWM1:12 motor=2:10/1:12
ATGCorner: L=0@-1/0@-1 Y=0@-1/0@-1 farL=0@-1/0@-1 Lxy=-1.0,-1.0:-1.0,-1.0/-1.0,-1.0:-1.0,-1.0 Yxy=-1.0,-1.0:-1.0,-1.0/-1.0,-1.0:-1.0,-1.0 farLxy=-1.0,-1.0:-1.0,-1.0/-1.0,-1.0:-1.0,-1.0 best=2:57.2,112.0:21.9,92.9:17.0:10111/2:110.3,111.9:132.6,91.4:2.3:10111 seed_src=none/none seed=0.0,0.0/0.0,0.0 far_start=70,0 far_raw=0/0 far_num=0/0 straight=0/1 far_straight=0/0 conf_deg=17.0/2.3/0.0/0.0
CrossDiag: type=CROSS_NONE track=1 half_lr=0/0 nearL=0@-1/0@-1 nearNum=15/124 centerNum=15/124 farL=0@-1/0@-1 farNum=0/0 farRaw=0/0 lost=0/0 not_have=0 final=124/126 flags=0/0
LineErr: aim=33 cxcy=84.0,119.6 left=1:25.89@51,76 dx=-32.6 idx=0/13 dist=32/35 right=1:-0.64@85,83 dx=0.7 idx=0/14 dist=32/250 sel=1:-0.66@85,82 dx=0.7 idx=0/16 dist=32/250 edge=1:11.28@73.0,87.5 dx=-11.0 width=77.9 l=35,96 r=111,79
CxScan: raw_ref=80.0 edge=73.0,87.5 best_raw_x=50 best_err=-0.50 best_cxcy=72.5,119.5 scan=0:-19.7,10:-16.1,20:-12.3,30:-8.4,40:-4.5,50:-0.5,60:3.5,70:7.4,80:11.3,90:15.0,100:18.7,110:22.1,120:25.4,130:28.6,140:31.5
ATGSeedDiag: seed=1@20,108/1@143,108 begin=7,108 block=5 clip=8
ATGLptDiag: best=2(17.0) imip=0/12 pass=10111 acc=-1 ipm=57.2,112.0 inv=21.9,92.9 | 2(2.3) imip=0/12 pass=10111 acc=-1 ipm=110.3,111.9 inv=132.6,91.4
frame=402 line=1 track=1 cross=0 circle=1(CIRCLE_LEFT_BEGIN) round=0 yroad=0 ramp=0 road=7 speed=0 near=14/124 raw=48/105 sel=124/125 far=0/0 far_raw=0/0 l=0@-1/0@-1 far_l=0@-1/0@-1 straight=0/1 far_straight=0/0 circle_cnt=87/0/0/0 lost=0/0 conf=21.7/2.6/0.0/0.0 dist=1605 begin=2870/0 m0=(84,119) ml=(85,87) md=32/1/128 cxcy=84.0,119.6 guide=-0.98 atg=1.0/0.0/0.0 pure=-0.35/-0.32 yaw=59 cmd=119 actual=-1 signed=1 rps=3637/3963:2697/2995 duty=10/12 pwm=PWM2:10/PWM1:12 motor=2:10/1:12
ATGCorner: L=0@-1/0@-1 Y=0@-1/0@-1 farL=0@-1/0@-1 Lxy=-1.0,-1.0:-1.0,-1.0/-1.0,-1.0:-1.0,-1.0 Yxy=-1.0,-1.0:-1.0,-1.0/-1.0,-1.0:-1.0,-1.0 farLxy=-1.0,-1.0:-1.0,-1.0/-1.0,-1.0:-1.0,-1.0 best=2:56.9,112.0:21.4,92.7:21.7:10111/2:110.3,111.9:132.6,91.4:2.6:10111 seed_src=none/none seed=0.0,0.0/0.0,0.0 far_start=70,0 far_raw=0/0 far_num=0/0 straight=0/1 far_straight=0/0 conf_deg=21.7/2.6/0.0/0.0
CrossDiag: type=CROSS_NONE track=1 half_lr=0/0 nearL=0@-1/0@-1 nearNum=14/124 centerNum=14/124 farL=0@-1/0@-1 farNum=0/0 farRaw=0/0 lost=0/0 not_have=0 final=124/125 flags=0/0
LineErr: aim=33 cxcy=84.0,119.6 left=1:26.11@51,76 dx=-32.7 idx=0/13 dist=31/31 right=1:-0.83@85,83 dx=0.9 idx=0/14 dist=33/251 sel=1:-0.83@85,82 dx=0.9 idx=0/16 dist=32/248 edge=1:10.88@73.5,88.0 dx=-10.5 width=77.1 l=36,97 r=111,79
CxScan: raw_ref=80.0 edge=73.5,88.0 best_raw_x=55 best_err=0.98 best_cxcy=74.4,119.5 scan=0:-20.3,10:-16.7,20:-12.9,30:-9.0,40:-5.0,50:-1.0,60:3.0,70:7.0,80:10.9,90:14.7,100:18.4,110:21.9,120:25.2,130:28.4,140:31.4
ATGSeedDiag: seed=1@20,108/1@143,108 begin=7,108 block=5 clip=8
ATGLptDiag: best=2(21.7) imip=0/12 pass=10111 acc=-1 ipm=56.9,112.0 inv=21.4,92.7 | 2(2.6) imip=0/12 pass=10111 acc=-1 ipm=110.3,111.9 inv=132.6,91.4
frame=403 line=1 track=1 cross=0 circle=1(CIRCLE_LEFT_BEGIN) round=0 yroad=0 ramp=0 road=7 speed=0 near=14/124 raw=48/105 sel=124/125 far=0/0 far_raw=0/0 l=0@-1/0@-1 far_l=0@-1/0@-1 straight=0/1 far_straight=0/0 circle_cnt=87/0/0/0 lost=0/0 conf=18.6/3.0/0.0/0.0 dist=1613 begin=2878/0 m0=(84,119) ml=(85,87) md=32/1/129 cxcy=84.0,119.6 guide=-0.98 atg=1.0/0.0/0.0 pure=-0.35/-0.32 yaw=59 cmd=115 actual=3 signed=1 rps=3642/3958:2859/3100 duty=9/12 pwm=PWM2:9/PWM1:12 motor=2:9/1:12
ATGCorner: L=0@-1/0@-1 Y=0@-1/0@-1 farL=0@-1/0@-1 Lxy=-1.0,-1.0:-1.0,-1.0/-1.0,-1.0:-1.0,-1.0 Yxy=-1.0,-1.0:-1.0,-1.0/-1.0,-1.0:-1.0,-1.0 farLxy=-1.0,-1.0:-1.0,-1.0/-1.0,-1.0:-1.0,-1.0 best=2:56.4,111.8:20.7,92.3:18.6:10111/1:110.3,114.2:136.6,97.9:3.0:10111 seed_src=none/none seed=0.0,0.0/0.0,0.0 far_start=70,0 far_raw=0/0 far_num=0/0 straight=0/1 far_straight=0/0 conf_deg=18.6/3.0/0.0/0.0
CrossDiag: type=CROSS_NONE track=1 half_lr=0/0 nearL=0@-1/0@-1 nearNum=14/124 centerNum=14/124 farL=0@-1/0@-1 farNum=0/0 farRaw=0/0 lost=0/0 not_have=0 final=124/125 flags=0/0
LineErr: aim=33 cxcy=84.0,119.6 left=1:26.66@50,76 dx=-33.6 idx=0/13 dist=31/31 right=1:-0.83@85,83 dx=0.9 idx=0/14 dist=32/250 sel=1:-0.83@85,82 dx=0.9 idx=0/16 dist=32/248 edge=1:10.88@73.5,88.0 dx=-10.5 width=77.1 l=36,97 r=111,79
CxScan: raw_ref=80.0 edge=73.5,88.0 best_raw_x=55 best_err=0.98 best_cxcy=74.4,119.5 scan=0:-20.3,10:-16.7,20:-12.9,30:-9.0,40:-5.0,50:-1.0,60:3.0,70:7.0,80:10.9,90:14.7,100:18.4,110:21.9,120:25.2,130:28.4,140:31.4
ATGSeedDiag: seed=1@20,107/1@143,108 begin=7,108 block=5 clip=8
ATGLptDiag: best=2(18.6) imip=0/12 pass=10111 acc=-1 ipm=56.4,111.8 inv=20.7,92.3 | 1(3.0) imip=0/11 pass=10111 acc=-1 ipm=110.3,114.2 inv=136.6,97.9
frame=404 line=1 track=1 cross=0 circle=1(CIRCLE_LEFT_BEGIN) round=0 yroad=0 ramp=0 road=7 speed=0 near=3/124 raw=170/105 sel=124/125 far=0/0 far_raw=0/0 l=0@-1/0@-1 far_l=0@-1/0@-1 straight=0/1 far_straight=0/0 circle_cnt=87/0/0/0 lost=0/0 conf=9.4/7.0/0.0/0.0 dist=1621 begin=2886/0 m0=(84,119) ml=(85,87) md=32/1/128 cxcy=84.0,119.6 guide=-0.65 atg=1.0/0.0/0.0 pure=-0.35/-0.32 yaw=39 cmd=73 actual=5 signed=1 rps=3700/3900:2827/2933 duty=10/12 pwm=PWM2:10/PWM1:12 motor=2:10/1:12
ATGCorner: L=0@-1/0@-1 Y=0@-1/0@-1 farL=0@-1/0@-1 Lxy=-1.0,-1.0:-1.0,-1.0/-1.0,-1.0:-1.0,-1.0 Yxy=-1.0,-1.0:-1.0,-1.0/-1.0,-1.0:-1.0,-1.0 farLxy=-1.0,-1.0:-1.0,-1.0/-1.0,-1.0:-1.0,-1.0 best=1:57.5,114.0:20.0,98.6:9.4:10111/1:110.1,114.2:136.3,98.0:7.0:10111 seed_src=none/none seed=0.0,0.0/0.0,0.0 far_start=70,0 far_raw=0/0 far_num=0/0 straight=0/1 far_straight=0/0 conf_deg=9.4/7.0/0.0/0.0
CrossDiag: type=CROSS_NONE track=1 half_lr=0/0 nearL=0@-1/0@-1 nearNum=3/124 centerNum=3/124 farL=0@-1/0@-1 farNum=0/0 farRaw=0/0 lost=0/0 not_have=0 final=124/125 flags=0/0
LineErr: aim=33 cxcy=84.0,119.6 left=1:6.37@79,100 dx=-4.8 idx=0/2 dist=4/4 right=1:-0.64@85,83 dx=0.7 idx=0/14 dist=32/250 sel=1:-0.66@85,82 dx=0.7 idx=0/16 dist=32/248 edge=1:0.64@83.5,95.5 dx=-0.5 width=64.1 l=56,112 r=111,79
CxScan: raw_ref=80.0 edge=83.5,95.5 best_raw_x=80 best_err=0.64 best_cxcy=84.0,119.6 scan=0:-32.7,10:-29.3,20:-25.6,30:-21.6,40:-17.5,50:-13.1,60:-8.6,70:-4.0,80:0.6,90:5.3,100:9.8,110:14.2,120:18.5,130:22.5,140:26.4
ATGSeedDiag: seed=1@19,108/1@143,108 begin=7,108 block=5 clip=8
ATGLptDiag: best=1(9.4) imip=0/2 pass=10111 acc=-1 ipm=57.5,114.0 inv=20.0,98.6 | 1(7.0) imip=0/11 pass=10111 acc=-1 ipm=110.1,114.2 inv=136.3,98.0
frame=405 line=1 track=1 cross=0 circle=1(CIRCLE_LEFT_BEGIN) round=0 yroad=0 ramp=0 road=7 speed=0 near=13/124 raw=49/106 sel=124/125 far=0/0 far_raw=0/0 l=0@-1/0@-1 far_l=0@-1/0@-1 straight=0/1 far_straight=0/0 circle_cnt=87/0/0/0 lost=0/0 conf=22.6/3.3/0.0/0.0 dist=1629 begin=2894/0 m0=(84,119) ml=(84,87) md=32/1/129 cxcy=84.0,119.6 guide=-0.48 atg=0.0/0.0/0.0 pure=-0.29/-0.28 yaw=29 cmd=54 actual=4 signed=1 rps=3726/3874:3015/2977 duty=9/12 pwm=PWM2:9/PWM1:12 motor=2:9/1:12
ATGCorner: L=0@-1/0@-1 Y=0@-1/0@-1 farL=0@-1/0@-1 Lxy=-1.0,-1.0:-1.0,-1.0/-1.0,-1.0:-1.0,-1.0 Yxy=-1.0,-1.0:-1.0,-1.0/-1.0,-1.0:-1.0,-1.0 farLxy=-1.0,-1.0:-1.0,-1.0/-1.0,-1.0:-1.0,-1.0 best=2:56.0,112.2:19.3,93.4:22.6:10111/1:110.1,114.5:136.7,98.8:3.3:10111 seed_src=none/none seed=0.0,0.0/0.0,0.0 far_start=70,0 far_raw=0/0 far_num=0/0 straight=0/1 far_straight=0/0 conf_deg=22.6/3.3/0.0/0.0
CrossDiag: type=CROSS_NONE track=1 half_lr=0/0 nearL=0@-1/0@-1 nearNum=13/124 centerNum=13/124 farL=0@-1/0@-1 farNum=0/0 farRaw=0/0 lost=0/0 not_have=0 final=124/125 flags=0/0
LineErr: aim=33 cxcy=84.0,119.6 left=1:25.97@52,78 dx=-31.7 idx=0/12 dist=28/28 right=1:-0.70@85,81 dx=0.8 idx=0/15 dist=33/249 sel=1:-0.60@85,82 dx=0.6 idx=0/16 dist=32/248 edge=1:10.66@74.0,89.5 dx=-10.0 width=76.4 l=37,99 r=111,80
CxScan: raw_ref=80.0 edge=74.0,89.5 best_raw_x=55 best_err=0.47 best_cxcy=74.4,119.5 scan=0:-21.3,10:-17.6,20:-13.8,30:-9.8,40:-5.7,50:-1.6,60:2.5,70:6.6,80:10.7,90:14.6,100:18.4,110:22.0,120:25.4,130:28.6,140:31.7
ATGSeedDiag: seed=1@19,108/1@143,108 begin=7,108 block=5 clip=8
ATGLptDiag: best=2(22.6) imip=0/12 pass=10111 acc=-1 ipm=56.0,112.2 inv=19.3,93.4 | 1(3.3) imip=0/11 pass=10111 acc=-1 ipm=110.1,114.5 inv=136.7,98.8
frame=406 line=1 track=1 cross=0 circle=1(CIRCLE_LEFT_BEGIN) round=0 yroad=0 ramp=0 road=7 speed=0 near=3/124 raw=170/106 sel=124/125 far=0/0 far_raw=0/0 l=0@-1/0@-1 far_l=0@-1/0@-1 straight=0/1 far_straight=0/0 circle_cnt=87/0/0/0 lost=0/0 conf=23.3/3.3/0.0/0.0 dist=1637 begin=2902/0 m0=(84,119) ml=(84,87) md=32/1/129 cxcy=84.0,119.6 guide=-0.48 atg=0.0/0.0/0.0 pure=-0.29/-0.28 yaw=29 cmd=61 actual=-3 signed=1 rps=3717/3883:3140/2938 duty=9/12 pwm=PWM2:9/PWM1:12 motor=2:9/1:12
ATGCorner: L=0@-1/0@-1 Y=0@-1/0@-1 farL=0@-1/0@-1 Lxy=-1.0,-1.0:-1.0,-1.0/-1.0,-1.0:-1.0,-1.0 Yxy=-1.0,-1.0:-1.0,-1.0/-1.0,-1.0:-1.0,-1.0 farLxy=-1.0,-1.0:-1.0,-1.0/-1.0,-1.0:-1.0,-1.0 best=1:57.3,114.0:19.5,98.5:23.3:10111/1:110.1,114.5:136.7,98.8:3.3:10111 seed_src=none/none seed=0.0,0.0/0.0,0.0 far_start=70,0 far_raw=0/0 far_num=0/0 straight=0/1 far_straight=0/0 conf_deg=23.3/3.3/0.0/0.0
CrossDiag: type=CROSS_NONE track=1 half_lr=0/0 nearL=0@-1/0@-1 nearNum=3/124 centerNum=3/124 farL=0@-1/0@-1 farNum=0/0 farRaw=0/0 lost=0/0 not_have=0 final=124/125 flags=0/0
LineErr: aim=33 cxcy=84.0,119.6 left=1:8.93@77,97 dx=-7.1 idx=0/2 dist=4/4 right=1:-0.70@85,81 dx=0.8 idx=0/15 dist=33/249 sel=1:-0.60@85,82 dx=0.6 idx=0/16 dist=32/248 edge=1:0.64@83.5,96.0 dx=-0.5 width=63.6 l=56,112 r=111,80
CxScan: raw_ref=80.0 edge=83.5,96.0 best_raw_x=80 best_err=0.64 best_cxcy=84.0,119.6 scan=0:-33.0,10:-29.5,20:-25.8,30:-21.8,40:-17.6,50:-13.2,60:-8.7,70:-4.1,80:0.6,90:5.3,100:9.9,110:14.4,120:18.7,130:22.8,140:26.6
ATGSeedDiag: seed=1@18,108/1@143,108 begin=7,108 block=5 clip=8
ATGLptDiag: best=1(23.3) imip=0/2 pass=10111 acc=-1 ipm=57.3,114.0 inv=19.5,98.5 | 1(3.3) imip=0/11 pass=10111 acc=-1 ipm=110.1,114.5 inv=136.7,98.8
frame=407 line=1 track=1 cross=0 circle=1(CIRCLE_LEFT_BEGIN) round=0 yroad=0 ramp=0 road=7 speed=0 near=12/124 raw=49/105 sel=124/126 far=0/0 far_raw=0/0 l=0@-1/0@-1 far_l=0@-1/0@-1 straight=0/1 far_straight=0/0 circle_cnt=87/0/0/0 lost=0/0 conf=29.5/2.1/0.0/0.0 dist=1645 begin=2910/0 m0=(84,119) ml=(84,87) md=32/1/129 cxcy=84.0,119.6 guide=-0.48 atg=0.0/0.0/0.0 pure=-0.29/-0.28 yaw=29 cmd=70 actual=-12 signed=1 rps=3705/3895:3076/2758 duty=9/12 pwm=PWM2:9/PWM1:12 motor=2:9/1:12
ATGCorner: L=0@-1/0@-1 Y=0@-1/0@-1 farL=0@-1/0@-1 Lxy=-1.0,-1.0:-1.0,-1.0/-1.0,-1.0:-1.0,-1.0 Yxy=-1.0,-1.0:-1.0,-1.0/-1.0,-1.0:-1.0,-1.0 farLxy=-1.0,-1.0:-1.0,-1.0/-1.0,-1.0:-1.0,-1.0 best=1:57.1,114.0:19.1,98.6:29.5:10111/13:110.6,86.4:108.3,50.9:2.1:10111 seed_src=none/none seed=0.0,0.0/0.0,0.0 far_start=70,0 far_raw=0/0 far_num=0/0 straight=0/1 far_straight=0/0 conf_deg=29.5/2.1/0.0/0.0
CrossDiag: type=CROSS_NONE track=1 half_lr=0/0 nearL=0@-1/0@-1 nearNum=12/124 centerNum=12/124 farL=0@-1/0@-1 farNum=0/0 farRaw=0/0 lost=0/0 not_have=0 final=124/126 flags=0/0
LineErr: aim=33 cxcy=84.0,119.6 left=1:25.24@54,79 dx=-29.9 idx=0/11 dist=24/24 right=1:-0.55@85,83 dx=0.6 idx=0/14 dist=32/250 sel=1:-0.60@85,82 dx=0.6 idx=0/16 dist=32/250 edge=1:9.62@75.0,89.5 dx=-9.0 width=75.0 l=39,100 r=111,79
CxScan: raw_ref=80.0 edge=75.0,89.5 best_raw_x=55 best_err=-0.61 best_cxcy=74.4,119.5 scan=0:-22.3,10:-18.6,20:-14.8,30:-10.8,40:-6.8,50:-2.7,60:1.5,70:5.6,80:9.6,90:13.6,100:17.4,110:21.0,120:24.5,130:27.8,140:30.9
ATGSeedDiag: seed=1@18,108/1@142,108 begin=7,108 block=5 clip=8
ATGLptDiag: best=1(29.5) imip=0/11 pass=10111 acc=-1 ipm=57.1,114.0 inv=19.1,98.6 | 13(2.1) imip=3/23 pass=10111 acc=-1 ipm=110.6,86.4 inv=108.3,50.9
frame=408 line=1 track=1 cross=0 circle=1(CIRCLE_LEFT_BEGIN) round=0 yroad=0 ramp=0 road=7 speed=0 near=12/124 raw=41/105 sel=124/126 far=0/0 far_raw=0/0 l=0@-1/0@-1 far_l=0@-1/0@-1 straight=0/1 far_straight=0/0 circle_cnt=87/0/0/0 lost=0/0 conf=28.2/1.9/0.0/0.0 dist=1653 begin=2918/0 m0=(84,119) ml=(84,87) md=32/1/129 cxcy=84.0,119.6 guide=-0.48 atg=0.0/0.0/0.0 pure=-0.29/-0.28 yaw=29 cmd=82 actual=-25 signed=1 rps=3687/3913:3262/2813 duty=9/12 pwm=PWM2:9/PWM1:12 motor=2:9/1:12
ATGCorner: L=0@-1/0@-1 Y=0@-1/0@-1 farL=0@-1/0@-1 Lxy=-1.0,-1.0:-1.0,-1.0/-1.0,-1.0:-1.0,-1.0 Yxy=-1.0,-1.0:-1.0,-1.0/-1.0,-1.0:-1.0,-1.0 farLxy=-1.0,-1.0:-1.0,-1.0/-1.0,-1.0:-1.0,-1.0 best=1:57.0,114.0:18.8,98.7:28.2:10111/1:110.0,114.2:136.0,97.9:1.9:10111 seed_src=none/none seed=0.0,0.0/0.0,0.0 far_start=70,0 far_raw=0/0 far_num=0/0 straight=0/1 far_straight=0/0 conf_deg=28.2/1.9/0.0/0.0
CrossDiag: type=CROSS_NONE track=1 half_lr=0/0 nearL=0@-1/0@-1 nearNum=12/124 centerNum=12/124 farL=0@-1/0@-1 farNum=0/0 farRaw=0/0 lost=0/0 not_have=0 final=124/126 flags=0/0
LineErr: aim=33 cxcy=84.0,119.6 left=1:25.74@53,79 dx=-30.5 idx=0/11 dist=24/24 right=1:-0.55@85,83 dx=0.6 idx=0/14 dist=32/250 sel=1:-0.60@85,82 dx=0.6 idx=0/16 dist=32/250 edge=1:10.23@74.5,90.0 dx=-9.5 width=76.2 l=38,101 r=111,79
CxScan: raw_ref=80.0 edge=74.5,90.0 best_raw_x=55 best_err=-0.07 best_cxcy=74.4,119.5 scan=0:-22.0,10:-18.3,20:-14.4,30:-10.4,40:-6.3,50:-2.2,60:2.0,70:6.2,80:10.2,90:14.2,100:18.0,110:21.7,120:25.2,130:28.5,140:31.5
ATGSeedDiag: seed=1@18,108/1@142,108 begin=7,108 block=5 clip=8
ATGLptDiag: best=1(28.2) imip=0/11 pass=10111 acc=-1 ipm=57.0,114.0 inv=18.8,98.7 | 1(1.9) imip=0/11 pass=10111 acc=-1 ipm=110.0,114.2 inv=136.0,97.9
frame=409 line=1 track=1 cross=0 circle=1(CIRCLE_LEFT_BEGIN) round=0 yroad=0 ramp=0 road=7 speed=0 near=11/124 raw=45/105 sel=124/126 far=0/0 far_raw=0/0 l=0@-1/0@-1 far_l=0@-1/0@-1 straight=0/1 far_straight=0/0 circle_cnt=87/0/0/0 lost=0/0 conf=28.0/1.9/0.0/0.0 dist=1661 begin=2926/0 m0=(84,119) ml=(85,87) md=32/1/129 cxcy=84.0,119.6 guide=-0.65 atg=0.0/0.0/0.0 pure=-0.32/-0.30 yaw=39 cmd=112 actual=-34 signed=1 rps=3647/3953:3123/2695 duty=9/13 pwm=PWM2:9/PWM1:13 motor=2:9/1:13
ATGCorner: L=0@-1/0@-1 Y=0@-1/0@-1 farL=0@-1/0@-1 Lxy=-1.0,-1.0:-1.0,-1.0/-1.0,-1.0:-1.0,-1.0 Yxy=-1.0,-1.0:-1.0,-1.0/-1.0,-1.0:-1.0,-1.0 farLxy=-1.0,-1.0:-1.0,-1.0/-1.0,-1.0:-1.0,-1.0 best=1:56.6,114.0:18.0,98.6:28.0:10111/1:110.0,114.2:136.0,97.9:1.9:10111 seed_src=none/none seed=0.0,0.0/0.0,0.0 far_start=70,0 far_raw=0/0 far_num=0/0 straight=0/1 far_straight=0/0 conf_deg=28.0/1.9/0.0/0.0
CrossDiag: type=CROSS_NONE track=1 half_lr=0/0 nearL=0@-1/0@-1 nearNum=11/124 centerNum=11/124 farL=0@-1/0@-1 farNum=0/0 farRaw=0/0 lost=0/0 not_have=0 final=124/126 flags=0/0
LineErr: aim=33 cxcy=84.0,119.6 left=1:24.22@56,81 dx=-27.6 idx=0/10 dist=20/20 right=1:-0.64@85,83 dx=0.7 idx=0/14 dist=32/250 sel=1:-0.66@85,82 dx=0.7 idx=0/16 dist=32/250 edge=1:9.27@75.5,90.5 dx=-8.5 width=74.6 l=40,102 r=111,79
CxScan: raw_ref=80.0 edge=75.5,90.5 best_raw_x=60 best_err=0.94 best_cxcy=76.4,119.5 scan=0:-23.1,10:-19.4,20:-15.6,30:-11.6,40:-7.5,50:-3.3,60:0.9,70:5.1,80:9.3,90:13.3,100:17.2,110:20.9,120:24.5,130:27.8,140:31.0
ATGSeedDiag: seed=1@17,108/1@142,108 begin=7,108 block=5 clip=8
ATGLptDiag: best=1(28.0) imip=0/10 pass=10111 acc=-1 ipm=56.6,114.0 inv=18.0,98.6 | 1(1.9) imip=0/11 pass=10111 acc=-1 ipm=110.0,114.2 inv=136.0,97.9
frame=410 line=1 track=1 cross=0 circle=1(CIRCLE_LEFT_BEGIN) round=0 yroad=0 ramp=0 road=7 speed=0 near=2/124 raw=170/105 sel=124/125 far=0/0 far_raw=0/0 l=0@-1/0@-1 far_l=0@-1/0@-1 straight=0/1 far_straight=0/0 circle_cnt=87/0/0/0 lost=0/0 conf=0.0/1.5/0.0/0.0 dist=1669 begin=2934/0 m0=(84,119) ml=(85,87) md=32/1/128 cxcy=84.0,119.6 guide=-0.98 atg=1.0/0.0/0.0 pure=-0.35/-0.32 yaw=59 cmd=150 actual=-32 signed=1 rps=3594/4006:3270/2828 duty=9/13 pwm=PWM2:9/PWM1:13 motor=2:9/1:13
ATGCorner: L=0@-1/0@-1 Y=0@-1/0@-1 farL=0@-1/0@-1 Lxy=-1.0,-1.0:-1.0,-1.0/-1.0,-1.0:-1.0,-1.0 Yxy=-1.0,-1.0:-1.0,-1.0/-1.0,-1.0:-1.0,-1.0 farLxy=-1.0,-1.0:-1.0,-1.0/-1.0,-1.0:-1.0,-1.0 best=-1:-1.0,-1.0:-1.0,-1.0:-57295.8:00000/1:110.0,114.2:135.9,97.9:1.5:10111 seed_src=none/none seed=0.0,0.0/0.0,0.0 far_start=70,0 far_raw=0/0 far_num=0/0 straight=0/1 far_straight=0/0 conf_deg=0.0/1.5/0.0/0.0
CrossDiag: type=CROSS_NONE track=1 half_lr=0/0 nearL=0@-1/0@-1 nearNum=2/124 centerNum=2/124 farL=0@-1/0@-1 farNum=0/0 farRaw=0/0 lost=0/0 not_have=0 final=124/125 flags=0/0
LineErr: aim=33 cxcy=84.0,119.6 left=1:7.77@78,100 dx=-5.9 idx=0/1 dist=2/2 right=1:-0.64@85,83 dx=0.7 idx=0/14 dist=32/250 sel=1:-0.66@85,82 dx=0.7 idx=0/16 dist=32/248 edge=1:0.65@83.5,96.5 dx=-0.5 width=65.2 l=56,114 r=111,79
CxScan: raw_ref=80.0 edge=83.5,96.5 best_raw_x=80 best_err=0.65 best_cxcy=84.0,119.6 scan=0:-33.3,10:-29.8,20:-26.0,30:-22.0,40:-17.8,50:-13.4,60:-8.8,70:-4.1,80:0.7,90:5.4,100:10.0,110:14.5,120:18.9,130:23.0,140:26.8
ATGSeedDiag: seed=1@17,108/1@142,108 begin=7,108 block=5 clip=8
ATGLptDiag: best=-1(-57295.8) imip=-1/-1 pass=00000 acc=-1 ipm=-1.0,-1.0 inv=-1.0,-1.0 | 1(1.5) imip=0/11 pass=10111 acc=-1 ipm=110.0,114.2 inv=135.9,97.9
frame=411 line=1 track=1 cross=0 circle=1(CIRCLE_LEFT_BEGIN) round=0 yroad=0 ramp=0 road=7 speed=0 near=10/124 raw=42/105 sel=124/125 far=0/0 far_raw=0/0 l=0@-1/0@-1 far_l=0@-1/0@-1 straight=0/1 far_straight=0/0 circle_cnt=87/0/0/0 lost=0/0 conf=17.6/3.7/0.0/0.0 dist=1677 begin=2942/0 m0=(84,119) ml=(85,87) md=32/1/129 cxcy=84.0,119.6 guide=-0.98 atg=1.0/0.0/0.0 pure=-0.35/-0.32 yaw=59 cmd=151 actual=-33 signed=1 rps=3593/4007:3114/2729 duty=9/13 pwm=PWM2:9/PWM1:13 motor=2:9/1:13
ATGCorner: L=0@-1/0@-1 Y=0@-1/0@-1 farL=0@-1/0@-1 Lxy=-1.0,-1.0:-1.0,-1.0/-1.0,-1.0:-1.0,-1.0 Yxy=-1.0,-1.0:-1.0,-1.0/-1.0,-1.0:-1.0,-1.0 farLxy=-1.0,-1.0:-1.0,-1.0/-1.0,-1.0:-1.0,-1.0 best=1:55.9,114.2:16.0,99.2:17.6:10111/1:109.9,114.2:135.8,97.9:3.7:10111 seed_src=none/none seed=0.0,0.0/0.0,0.0 far_start=70,0 far_raw=0/0 far_num=0/0 straight=0/1 far_straight=0/0 conf_deg=17.6/3.7/0.0/0.0
CrossDiag: type=CROSS_NONE track=1 half_lr=0/0 nearL=0@-1/0@-1 nearNum=10/124 centerNum=10/124 farL=0@-1/0@-1 farNum=0/0 farRaw=0/0 lost=0/0 not_have=0 final=124/125 flags=0/0
LineErr: aim=33 cxcy=84.0,119.6 left=1:23.67@58,83 dx=-26.3 idx=0/9 dist=18/18 right=1:-0.95@85,83 dx=1.0 idx=0/14 dist=32/250 sel=1:-0.96@85,82 dx=1.0 idx=0/16 dist=32/248 edge=1:8.81@76.0,91.0 dx=-8.0 width=74.0 l=41,103 r=111,79
CxScan: raw_ref=80.0 edge=76.0,91.0 best_raw_x=60 best_err=0.39 best_cxcy=76.4,119.5 scan=0:-23.8,10:-20.1,20:-16.2,30:-12.2,40:-8.1,50:-3.9,60:0.4,70:4.6,80:8.8,90:12.9,100:16.8,110:20.6,120:24.2,130:27.6,140:30.8
ATGSeedDiag: seed=1@16,108/1@142,108 begin=7,108 block=5 clip=8
ATGLptDiag: best=1(17.6) imip=0/9 pass=10111 acc=-1 ipm=55.9,114.2 inv=16.0,99.2 | 1(3.7) imip=0/11 pass=10111 acc=-1 ipm=109.9,114.2 inv=135.8,97.9
frame=412 line=1 track=1 cross=0 circle=1(CIRCLE_LEFT_BEGIN) round=0 yroad=0 ramp=0 road=7 speed=0 near=2/124 raw=170/105 sel=124/125 far=0/0 far_raw=0/0 l=0@-1/0@-1 far_l=0@-1/0@-1 straight=0/1 far_straight=0/0 circle_cnt=87/0/0/0 lost=0/0 conf=0.0/3.7/0.0/0.0 dist=1685 begin=2950/0 m0=(84,119) ml=(85,87) md=32/1/128 cxcy=84.0,119.6 guide=-0.98 atg=1.0/0.0/0.0 pure=-0.35/-0.32 yaw=59 cmd=145 actual=-27 signed=1 rps=3602/3998:3159/2875 duty=9/13 pwm=PWM2:9/PWM1:13 motor=2:9/1:13
ATGCorner: L=0@-1/0@-1 Y=0@-1/0@-1 farL=0@-1/0@-1 Lxy=-1.0,-1.0:-1.0,-1.0/-1.0,-1.0:-1.0,-1.0 Yxy=-1.0,-1.0:-1.0,-1.0/-1.0,-1.0:-1.0,-1.0 farLxy=-1.0,-1.0:-1.0,-1.0/-1.0,-1.0:-1.0,-1.0 best=-1:-1.0,-1.0:-1.0,-1.0:-57295.8:00000/1:109.9,114.2:135.8,97.9:3.7:10111 seed_src=none/none seed=0.0,0.0/0.0,0.0 far_start=70,0 far_raw=0/0 far_num=0/0 straight=0/1 far_straight=0/0 conf_deg=0.0/3.7/0.0/0.0
CrossDiag: type=CROSS_NONE track=1 half_lr=0/0 nearL=0@-1/0@-1 nearNum=2/124 centerNum=2/124 farL=0@-1/0@-1 farNum=0/0 farRaw=0/0 lost=0/0 not_have=0 final=124/125 flags=0/0
LineErr: aim=33 cxcy=84.0,119.6 left=1:11.97@74,96 dx=-9.9 idx=0/1 dist=2/2 right=1:-0.95@85,83 dx=1.0 idx=0/14 dist=32/250 sel=1:-0.96@85,82 dx=1.0 idx=0/16 dist=32/248 edge=1:0.65@83.5,96.5 dx=-0.5 width=65.2 l=56,114 r=111,79
CxScan: raw_ref=80.0 edge=83.5,96.5 best_raw_x=80 best_err=0.65 best_cxcy=84.0,119.6 scan=0:-33.3,10:-29.8,20:-26.0,30:-22.0,40:-17.8,50:-13.4,60:-8.8,70:-4.1,80:0.7,90:5.4,100:10.0,110:14.5,120:18.9,130:23.0,140:26.8
ATGSeedDiag: seed=1@16,108/1@142,108 begin=7,108 block=5 clip=8
ATGLptDiag: best=-1(-57295.8) imip=-1/-1 pass=00000 acc=-1 ipm=-1.0,-1.0 inv=-1.0,-1.0 | 1(3.7) imip=0/11 pass=10111 acc=-1 ipm=109.9,114.2 inv=135.8,97.9
frame=413 line=1 track=1 cross=0 circle=1(CIRCLE_LEFT_BEGIN) round=0 yroad=0 ramp=0 road=7 speed=0 near=10/124 raw=44/105 sel=124/126 far=0/0 far_raw=0/0 l=0@-1/0@-1 far_l=0@-1/0@-1 straight=0/1 far_straight=0/0 circle_cnt=87/0/0/0 lost=0/0 conf=11.3/1.5/0.0/0.0 dist=1694 begin=2959/0 m0=(84,119) ml=(85,87) md=32/1/128 cxcy=84.0,119.6 guide=-0.98 atg=1.0/0.0/0.0 pure=-0.35/-0.32 yaw=59 cmd=128 actual=-10 signed=1 rps=3625/3975:3212/3101 duty=9/12 pwm=PWM2:9/PWM1:12 motor=2:9/1:12
ATGCorner: L=0@-1/0@-1 Y=0@-1/0@-1 farL=0@-1/0@-1 Lxy=-1.0,-1.0:-1.0,-1.0/-1.0,-1.0:-1.0,-1.0 Yxy=-1.0,-1.0:-1.0,-1.0/-1.0,-1.0:-1.0,-1.0 farLxy=-1.0,-1.0:-1.0,-1.0/-1.0,-1.0:-1.0,-1.0 best=5:48.8,108.4:10.1,84.0:11.3:10111/1:110.0,114.2:135.9,97.9:1.5:10111 seed_src=none/none seed=0.0,0.0/0.0,0.0 far_start=70,0 far_raw=0/0 far_num=0/0 straight=0/1 far_straight=0/0 conf_deg=11.3/1.5/0.0/0.0
CrossDiag: type=CROSS_NONE track=1 half_lr=0/0 nearL=0@-1/0@-1 nearNum=10/124 centerNum=10/124 farL=0@-1/0@-1 farNum=0/0 farRaw=0/0 lost=0/0 not_have=0 final=124/126 flags=0/0
LineErr: aim=33 cxcy=84.0,119.6 left=1:24.25@57,83 dx=-26.9 idx=0/9 dist=18/18 right=1:-0.84@85,83 dx=0.9 idx=0/14 dist=32/250 sel=1:-0.83@85,82 dx=0.9 idx=0/16 dist=32/250 edge=1:8.81@76.0,91.0 dx=-8.0 width=74.0 l=41,103 r=111,79
CxScan: raw_ref=80.0 edge=76.0,91.0 best_raw_x=60 best_err=0.39 best_cxcy=76.4,119.5 scan=0:-23.8,10:-20.1,20:-16.2,30:-12.2,40:-8.1,50:-3.9,60:0.4,70:4.6,80:8.8,90:12.9,100:16.8,110:20.6,120:24.2,130:27.6,140:30.8
ATGSeedDiag: seed=1@15,108/1@142,108 begin=7,108 block=5 clip=8
ATGLptDiag: best=5(11.3) imip=0/9 pass=10111 acc=-1 ipm=48.8,108.4 inv=10.1,84.0 | 1(1.5) imip=0/11 pass=10111 acc=-1 ipm=110.0,114.2 inv=135.9,97.9
frame=414 line=1 track=1 cross=0 circle=1(CIRCLE_LEFT_BEGIN) round=0 yroad=0 ramp=0 road=7 speed=0 near=9/124 raw=41/105 sel=124/126 far=0/0 far_raw=0/0 l=0@-1/0@-1 far_l=0@-1/0@-1 straight=0/1 far_straight=0/0 circle_cnt=87/0/0/0 lost=0/0 conf=9.3/1.7/0.0/0.0 dist=1703 begin=2968/0 m0=(84,119) ml=(85,87) md=32/1/129 cxcy=84.0,119.6 guide=-0.98 atg=0.0/0.0/0.0 pure=-0.32/-0.30 yaw=59 cmd=116 actual=2 signed=1 rps=3641/3959:3017/3056 duty=9/12 pwm=PWM2:9/PWM1:12 motor=2:9/1:12
ATGCorner: L=0@-1/0@-1 Y=0@-1/0@-1 farL=0@-1/0@-1 Lxy=-1.0,-1.0:-1.0,-1.0/-1.0,-1.0:-1.0,-1.0 Yxy=-1.0,-1.0:-1.0,-1.0/-1.0,-1.0:-1.0,-1.0 farLxy=-1.0,-1.0:-1.0,-1.0/-1.0,-1.0:-1.0,-1.0 best=6:46.6,107.2:7.8,81.4:9.3:10111/18:111.1,74.8:103.2,41.6:1.7:10111 seed_src=none/none seed=0.0,0.0/0.0,0.0 far_start=70,0 far_raw=0/0 far_num=0/0 straight=0/1 far_straight=0/0 conf_deg=9.3/1.7/0.0/0.0
CrossDiag: type=CROSS_NONE track=1 half_lr=0/0 nearL=0@-1/0@-1 nearNum=9/124 centerNum=9/124 farL=0@-1/0@-1 farNum=0/0 farRaw=0/0 lost=0/0 not_have=0 final=124/126 flags=0/0
LineErr: aim=33 cxcy=84.0,119.6 left=1:23.45@59,84 dx=-25.4 idx=0/8 dist=16/16 right=1:-0.84@85,83 dx=0.9 idx=0/14 dist=32/250 sel=1:-0.83@85,82 dx=0.9 idx=0/16 dist=32/250 edge=1:7.88@77.0,92.0 dx=-7.0 width=72.8 l=43,105 r=111,79
CxScan: raw_ref=80.0 edge=77.0,92.0 best_raw_x=60 best_err=-0.73 best_cxcy=76.4,119.5 scan=0:-25.1,10:-21.4,20:-17.6,30:-13.5,40:-9.3,50:-5.1,60:-0.7,70:3.6,80:7.9,90:12.1,100:16.1,110:20.0,120:23.7,130:27.2,140:30.5
ATGSeedDiag: seed=1@15,108/1@142,108 begin=7,108 block=5 clip=8
ATGLptDiag: best=6(9.3) imip=0/8 pass=10111 acc=-1 ipm=46.6,107.2 inv=7.8,81.4 | 18(1.7) imip=8/28 pass=10111 acc=-1 ipm=111.1,74.8 inv=103.2,41.6
frame=415 line=1 track=1 cross=0 circle=1(CIRCLE_LEFT_BEGIN) round=0 yroad=0 ramp=0 road=7 speed=0 near=9/124 raw=37/105 sel=124/126 far=0/0 far_raw=0/0 l=0@-1/0@-1 far_l=0@-1/0@-1 straight=0/1 far_straight=0/0 circle_cnt=87/0/0/0 lost=0/0 conf=9.8/3.8/0.0/0.0 dist=1712 begin=2977/0 m0=(84,119) ml=(85,87) md=32/1/129 cxcy=84.0,119.6 guide=-0.98 atg=0.0/0.0/0.0 pure=-0.32/-0.30 yaw=59 cmd=101 actual=17 signed=1 rps=3661/3939:3065/3252 duty=9/12 pwm=PWM2:9/PWM1:12 motor=2:9/1:12
ATGCorner: L=0@-1/0@-1 Y=0@-1/0@-1 farL=0@-1/0@-1 Lxy=-1.0,-1.0:-1.0,-1.0/-1.0,-1.0:-1.0,-1.0 Yxy=-1.0,-1.0:-1.0,-1.0/-1.0,-1.0:-1.0,-1.0 farLxy=-1.0,-1.0:-1.0,-1.0/-1.0,-1.0:-1.0,-1.0 best=7:44.1,106.0:4.9,79.1:9.8:10111/1:109.9,114.2:135.8,97.9:3.8:10111 seed_src=none/none seed=0.0,0.0/0.0,0.0 far_start=70,0 far_raw=0/0 far_num=0/0 straight=0/1 far_straight=0/0 conf_deg=9.8/3.8/0.0/0.0
CrossDiag: type=CROSS_NONE track=1 half_lr=0/0 nearL=0@-1/0@-1 nearNum=9/124 centerNum=9/124 farL=0@-1/0@-1 farNum=0/0 farRaw=0/0 lost=0/0 not_have=0 final=124/126 flags=0/0
LineErr: aim=33 cxcy=84.0,119.6 left=1:24.09@58,84 dx=-26.2 idx=0/8 dist=16/16 right=1:-0.84@85,83 dx=0.9 idx=0/14 dist=32/250 sel=1:-0.83@85,82 dx=0.9 idx=0/16 dist=32/250 edge=1:8.43@76.5,92.0 dx=-7.5 width=73.7 l=42,105 r=111,79
CxScan: raw_ref=80.0 edge=76.5,92.0 best_raw_x=60 best_err=-0.17 best_cxcy=76.4,119.5 scan=0:-24.7,10:-21.0,20:-17.0,30:-13.0,40:-8.8,50:-4.5,60:-0.2,70:4.2,80:8.4,90:12.6,100:16.6,110:20.5,120:24.2,130:27.7,140:30.9
ATGSeedDiag: seed=1@16,108/1@142,108 begin=7,108 block=5 clip=8
ATGLptDiag: best=7(9.8) imip=0/8 pass=10111 acc=-1 ipm=44.1,106.0 inv=4.9,79.1 | 1(3.8) imip=0/11 pass=10111 acc=-1 ipm=109.9,114.2 inv=135.8,97.9
frame=416 line=1 track=1 cross=0 circle=1(CIRCLE_LEFT_BEGIN) round=0 yroad=0 ramp=0 road=7 speed=0 near=1/124 raw=170/105 sel=124/126 far=0/0 far_raw=0/0 l=0@-1/0@-1 far_l=0@-1/0@-1 straight=0/1 far_straight=0/0 circle_cnt=88/0/0/0 lost=0/0 conf=0.0/2.7/0.0/0.0 dist=1720 begin=2985/0 m0=(84,119) ml=(85,87) md=32/1/128 cxcy=84.0,119.6 guide=-0.98 atg=1.0/0.0/0.0 pure=-0.35/-0.32 yaw=59 cmd=92 actual=26 signed=1 rps=3674/3926:2889/3145 duty=9/12 pwm=PWM2:9/PWM1:12 motor=2:9/1:12
ATGCorner: L=0@-1/0@-1 Y=0@-1/0@-1 farL=0@-1/0@-1 Lxy=-1.0,-1.0:-1.0,-1.0/-1.0,-1.0:-1.0,-1.0 Yxy=-1.0,-1.0:-1.0,-1.0/-1.0,-1.0:-1.0,-1.0 farLxy=-1.0,-1.0:-1.0,-1.0/-1.0,-1.0:-1.0,-1.0 best=-1:-1.0,-1.0:-1.0,-1.0:-57295.8:00000/2:110.1,111.9:132.3,91.4:2.7:10111 seed_src=lost/none seed=0.0,0.0/0.0,0.0 far_start=70,0 far_raw=0/0 far_num=0/0 straight=0/1 far_straight=0/0 conf_deg=0.0/2.7/0.0/0.0
CrossDiag: type=CROSS_NONE track=1 half_lr=0/0 nearL=0@-1/0@-1 nearNum=1/124 centerNum=1/124 farL=0@-1/0@-1 farNum=0/0 farRaw=0/0 lost=0/0 not_have=0 final=124/126 flags=0/0
LineErr: aim=33 cxcy=84.0,119.6 left=0:0.00@-1,-1 dx=0.0 idx=-1/-1 dist=-1/-1 right=1:-0.84@85,83 dx=0.9 idx=0/14 dist=32/250 sel=1:-0.83@85,82 dx=0.9 idx=0/16 dist=32/250 edge=0:0.00@-1.0,-1.0 dx=0.0 width=0.0 l=-1,-1 r=111,79
ATGSeedDiag: seed=1@15,108/1@141,108 begin=7,108 block=5 clip=8
ATGLptDiag: best=-1(-57295.8) imip=-1/-1 pass=00000 acc=-1 ipm=-1.0,-1.0 inv=-1.0,-1.0 | 2(2.7) imip=0/12 pass=10111 acc=-1 ipm=110.1,111.9 inv=132.3,91.4
frame=417 line=1 track=1 cross=0 circle=1(CIRCLE_LEFT_BEGIN) round=0 yroad=0 ramp=0 road=7 speed=0 near=8/124 raw=29/105 sel=124/126 far=0/0 far_raw=0/0 l=0@-1/0@-1 far_l=0@-1/0@-1 straight=0/1 far_straight=0/0 circle_cnt=88/0/0/0 lost=0/0 conf=10.4/2.5/0.0/0.0 dist=1728 begin=2993/0 m0=(84,119) ml=(85,87) md=32/1/128 cxcy=84.0,119.6 guide=-0.65 atg=1.0/0.0/0.0 pure=-0.35/-0.32 yaw=39 cmd=48 actual=29 signed=1 rps=3734/3866:2955/3236 duty=10/12 pwm=PWM2:10/PWM1:12 motor=2:10/1:12
ATGCorner: L=0@-1/0@-1 Y=0@-1/0@-1 farL=0@-1/0@-1 Lxy=-1.0,-1.0:-1.0,-1.0/-1.0,-1.0:-1.0,-1.0 Yxy=-1.0,-1.0:-1.0,-1.0/-1.0,-1.0:-1.0,-1.0 farLxy=-1.0,-1.0:-1.0,-1.0/-1.0,-1.0:-1.0,-1.0 best=2:52.2,112.8:10.4,95.0:10.4:10111/1:109.9,114.2:135.7,97.9:2.5:10111 seed_src=none/none seed=0.0,0.0/0.0,0.0 far_start=70,0 far_raw=0/0 far_num=0/0 straight=0/1 far_straight=0/0 conf_deg=10.4/2.5/0.0/0.0
CrossDiag: type=CROSS_NONE track=1 half_lr=0/0 nearL=0@-1/0@-1 nearNum=8/124 centerNum=8/124 farL=0@-1/0@-1 farNum=0/0 farRaw=0/0 lost=0/0 not_have=0 final=124/126 flags=0/0
LineErr: aim=33 cxcy=84.0,119.6 left=1:23.53@59,86 dx=-24.9 idx=0/7 dist=14/14 right=1:-0.84@85,83 dx=0.9 idx=0/14 dist=32/250 sel=1:-0.83@85,82 dx=0.9 idx=0/16 dist=32/250 edge=1:7.96@77.0,92.5 dx=-7.0 width=73.2 l=43,106 r=111,79
CxScan: raw_ref=80.0 edge=77.0,92.5 best_raw_x=60 best_err=-0.74 best_cxcy=76.4,119.5 scan=0:-25.4,10:-21.6,20:-17.7,30:-13.6,40:-9.4,50:-5.1,60:-0.7,70:3.6,80:8.0,90:12.2,100:16.3,110:20.2,120:23.9,130:27.4,140:30.7
ATGSeedDiag: seed=1@12,108/1@141,108 begin=7,108 block=5 clip=8
ATGLptDiag: best=2(10.4) imip=0/7 pass=10111 acc=-1 ipm=52.2,112.8 inv=10.4,95.0 | 1(2.5) imip=0/11 pass=10111 acc=-1 ipm=109.9,114.2 inv=135.7,97.9
frame=418 line=1 track=1 cross=0 circle=1(CIRCLE_LEFT_BEGIN) round=0 yroad=0 ramp=0 road=7 speed=0 near=7/124 raw=27/105 sel=124/126 far=0/0 far_raw=0/0 l=0@-1/0@-1 far_l=0@-1/0@-1 straight=0/1 far_straight=0/0 circle_cnt=88/0/0/0 lost=0/0 conf=9.9/2.9/0.0/0.0 dist=1736 begin=3001/0 m0=(84,119) ml=(85,87) md=32/1/128 cxcy=84.0,119.6 guide=-0.65 atg=1.0/0.0/0.0 pure=-0.35/-0.32 yaw=39 cmd=45 actual=33 signed=1 rps=3738/3862:2988/3205 duty=10/12 pwm=PWM2:10/PWM1:12 motor=2:10/1:12
ATGCorner: L=0@-1/0@-1 Y=0@-1/0@-1 farL=0@-1/0@-1 Lxy=-1.0,-1.0:-1.0,-1.0/-1.0,-1.0:-1.0,-1.0 Yxy=-1.0,-1.0:-1.0,-1.0/-1.0,-1.0:-1.0,-1.0 farLxy=-1.0,-1.0:-1.0,-1.0/-1.0,-1.0:-1.0,-1.0 best=4:48.2,109.8:6.9,87.4:9.9:10111/1:109.8,114.2:135.6,97.9:2.9:10111 seed_src=none/none seed=0.0,0.0/0.0,0.0 far_start=70,0 far_raw=0/0 far_num=0/0 straight=0/1 far_straight=0/0 conf_deg=9.9/2.9/0.0/0.0
CrossDiag: type=CROSS_NONE track=1 half_lr=0/0 nearL=0@-1/0@-1 nearNum=7/124 centerNum=7/124 farL=0@-1/0@-1 farNum=0/0 farRaw=0/0 lost=0/0 not_have=0 final=124/126 flags=0/0
LineErr: aim=33 cxcy=84.0,119.6 left=1:22.57@61,87 dx=-23.1 idx=0/6 dist=12/12 right=1:-0.65@85,83 dx=0.7 idx=0/14 dist=32/250 sel=1:-0.66@85,82 dx=0.7 idx=0/16 dist=32/250 edge=1:7.47@77.5,93.0 dx=-6.5 width=72.6 l=44,107 r=111,79
CxScan: raw_ref=80.0 edge=77.5,93.0 best_raw_x=65 best_err=0.89 best_cxcy=78.3,119.5 scan=0:-26.0,10:-22.3,20:-18.4,30:-14.3,40:-10.1,50:-5.7,60:-1.3,70:3.1,80:7.5,90:11.8,100:15.9,110:19.9,120:23.7,130:27.2,140:30.6
ATGSeedDiag: seed=1@11,108/1@141,108 begin=7,108 block=5 clip=8
ATGLptDiag: best=4(9.9) imip=0/6 pass=10111 acc=-1 ipm=48.2,109.8 inv=6.9,87.4 | 1(2.9) imip=0/11 pass=10111 acc=-1 ipm=109.8,114.2 inv=135.6,97.9
frame=419 line=1 track=1 cross=0 circle=1(CIRCLE_LEFT_BEGIN) round=0 yroad=0 ramp=0 road=7 speed=0 near=6/124 raw=25/105 sel=124/126 far=0/0 far_raw=0/0 l=0@-1/0@-1 far_l=0@-1/0@-1 straight=0/1 far_straight=0/0 circle_cnt=88/0/0/0 lost=0/0 conf=8.5/2.9/0.0/0.0 dist=1744 begin=3009/0 m0=(84,119) ml=(84,87) md=32/1/129 cxcy=84.0,119.6 guide=-0.48 atg=0.0/0.0/0.0 pure=-0.27/-0.27 yaw=29 cmd=35 actual=23 signed=1 rps=3753/3847:2769/3013 duty=10/12 pwm=PWM2:10/PWM1:12 motor=2:10/1:12
ATGCorner: L=0@-1/0@-1 Y=0@-1/0@-1 farL=0@-1/0@-1 Lxy=-1.0,-1.0:-1.0,-1.0/-1.0,-1.0:-1.0,-1.0 Yxy=-1.0,-1.0:-1.0,-1.0/-1.0,-1.0:-1.0,-1.0 farLxy=-1.0,-1.0:-1.0,-1.0/-1.0,-1.0:-1.0,-1.0 best=4:47.5,109.6:5.7,87.0:8.5:10111/1:109.8,114.2:135.6,97.9:2.9:10111 seed_src=none/none seed=0.0,0.0/0.0,0.0 far_start=70,0 far_raw=0/0 far_num=0/0 straight=0/1 far_straight=0/0 conf_deg=8.5/2.9/0.0/0.0
CrossDiag: type=CROSS_NONE track=1 half_lr=0/0 nearL=0@-1/0@-1 nearNum=6/124 centerNum=6/124 farL=0@-1/0@-1 farNum=0/0 farRaw=0/0 lost=0/0 not_have=0 final=124/126 flags=0/0
LineErr: aim=33 cxcy=84.0,119.6 left=1:21.73@62,88 dx=-21.7 idx=0/5 dist=10/10 right=1:-0.55@85,83 dx=0.6 idx=0/14 dist=32/250 sel=1:-0.58@85,82 dx=0.6 idx=0/16 dist=32/250 edge=1:6.40@78.5,93.5 dx=-5.5 width=71.2 l=46,108 r=111,79
CxScan: raw_ref=80.0 edge=78.5,93.5 best_raw_x=65 best_err=-0.26 best_cxcy=78.3,119.5 scan=0:-27.2,10:-23.5,20:-19.6,30:-15.6,40:-11.3,50:-6.9,60:-2.5,70:2.0,80:6.4,90:10.8,100:15.0,110:19.0,120:22.9,130:26.5,140:30.0
ATGSeedDiag: seed=1@10,107/1@141,108 begin=7,108 block=5 clip=8
ATGLptDiag: best=4(8.5) imip=0/5 pass=10111 acc=-1 ipm=47.5,109.6 inv=5.7,87.0 | 1(2.9) imip=0/11 pass=10111 acc=-1 ipm=109.8,114.2 inv=135.6,97.9
frame=420 line=1 track=1 cross=0 circle=1(CIRCLE_LEFT_BEGIN) round=0 yroad=0 ramp=0 road=7 speed=0 near=6/124 raw=24/105 sel=124/125 far=0/0 far_raw=0/0 l=0@-1/0@-1 far_l=0@-1/0@-1 straight=0/1 far_straight=0/0 circle_cnt=88/0/0/0 lost=0/0 conf=7.6/2.1/0.0/0.0 dist=1752 begin=3017/0 m0=(84,119) ml=(84,87) md=32/1/126 cxcy=84.0,119.6 guide=-0.48 atg=0.0/0.0/0.0 pure=-0.27/-0.28 yaw=29 cmd=51 actual=7 signed=1 rps=3730/3870:2834/3154 duty=10/12 pwm=PWM2:10/PWM1:12 motor=2:10/1:12
ATGCorner: L=0@-1/0@-1 Y=0@-1/0@-1 farL=0@-1/0@-1 Lxy=-1.0,-1.0:-1.0,-1.0/-1.0,-1.0:-1.0,-1.0 Yxy=-1.0,-1.0:-1.0,-1.0/-1.0,-1.0:-1.0,-1.0 farLxy=-1.0,-1.0:-1.0,-1.0/-1.0,-1.0:-1.0,-1.0 best=3:49.5,111.4:6.8,91.4:7.6:10111/2:110.0,111.9:132.0,91.4:2.1:10111 seed_src=none/none seed=0.0,0.0/0.0,0.0 far_start=70,0 far_raw=0/0 far_num=0/0 straight=0/1 far_straight=0/0 conf_deg=7.6/2.1/0.0/0.0
CrossDiag: type=CROSS_NONE track=1 half_lr=0/0 nearL=0@-1/0@-1 nearNum=6/124 centerNum=6/124 farL=0@-1/0@-1 farNum=0/0 farRaw=0/0 lost=0/0 not_have=0 final=124/125 flags=0/0
LineErr: aim=33 cxcy=84.0,119.6 left=1:21.95@62,89 dx=-21.8 idx=0/5 dist=10/10 right=1:-0.55@85,83 dx=0.6 idx=0/14 dist=32/250 sel=1:-0.58@85,82 dx=0.6 idx=0/16 dist=32/248 edge=1:6.47@78.5,94.0 dx=-5.5 width=71.6 l=46,109 r=111,79
CxScan: raw_ref=80.0 edge=78.5,94.0 best_raw_x=65 best_err=-0.27 best_cxcy=78.3,119.5 scan=0:-27.4,10:-23.7,20:-19.8,30:-15.7,40:-11.4,50:-7.0,60:-2.5,70:2.0,80:6.5,90:10.9,100:15.1,110:19.2,120:23.1,130:26.8,140:30.2
ATGSeedDiag: seed=1@10,108/1@141,108 begin=7,108 block=5 clip=8
ATGLptDiag: best=3(7.6) imip=0/5 pass=10111 acc=-1 ipm=49.5,111.4 inv=6.8,91.4 | 2(2.1) imip=0/12 pass=10111 acc=-1 ipm=110.0,111.9 inv=132.0,91.4
frame=421 line=1 track=1 cross=0 circle=1(CIRCLE_LEFT_BEGIN) round=0 yroad=0 ramp=0 road=7 speed=0 near=5/124 raw=22/105 sel=124/125 far=0/0 far_raw=0/0 l=0@-1/0@-1 far_l=0@-1/0@-1 straight=0/1 far_straight=0/0 circle_cnt=88/0/0/0 lost=0/0 conf=8.1/4.4/0.0/0.0 dist=1760 begin=3025/0 m0=(84,119) ml=(85,87) md=32/1/126 cxcy=84.0,119.6 guide=-0.65 atg=0.0/0.0/0.0 pure=-0.27/-0.27 yaw=39 cmd=83 actual=-5 signed=1 rps=3687/3913:2719/3042 duty=10/12 pwm=PWM2:10/PWM1:12 motor=2:10/1:12
ATGCorner: L=0@-1/0@-1 Y=0@-1/0@-1 farL=0@-1/0@-1 Lxy=-1.0,-1.0:-1.0,-1.0/-1.0,-1.0:-1.0,-1.0 Yxy=-1.0,-1.0:-1.0,-1.0/-1.0,-1.0:-1.0,-1.0 farLxy=-1.0,-1.0:-1.0,-1.0/-1.0,-1.0:-1.0,-1.0 best=1:52.6,114.4:8.4,99.9:8.1:10111/1:109.9,114.2:135.7,98.0:4.4:10111 seed_src=none/none seed=0.0,0.0/0.0,0.0 far_start=70,0 far_raw=0/0 far_num=0/0 straight=0/1 far_straight=0/0 conf_deg=8.1/4.4/0.0/0.0
CrossDiag: type=CROSS_NONE track=1 half_lr=0/0 nearL=0@-1/0@-1 nearNum=5/124 centerNum=5/124 farL=0@-1/0@-1 farNum=0/0 farRaw=0/0 lost=0/0 not_have=0 final=124/125 flags=0/0
LineErr: aim=33 cxcy=84.0,119.6 left=1:20.83@64,90 dx=-20.0 idx=0/4 dist=8/8 right=1:-0.64@85,83 dx=0.7 idx=0/14 dist=32/250 sel=1:-0.65@85,82 dx=0.7 idx=0/16 dist=32/248 edge=1:5.95@79.0,94.5 dx=-5.0 width=71.1 l=47,110 r=111,79
CxScan: raw_ref=80.0 edge=79.0,94.5 best_raw_x=65 best_err=-0.86 best_cxcy=78.3,119.5 scan=0:-28.2,10:-24.5,20:-20.5,30:-16.4,40:-12.1,50:-7.7,60:-3.1,70:1.4,80:5.9,90:10.4,100:14.7,110:18.9,120:22.8,130:26.5,140:30.0
ATGSeedDiag: seed=1@9,108/1@141,108 begin=7,108 block=5 clip=8
ATGLptDiag: best=1(8.1) imip=0/4 pass=10111 acc=-1 ipm=52.6,114.4 inv=8.4,99.9 | 1(4.4) imip=0/11 pass=10111 acc=-1 ipm=109.9,114.2 inv=135.7,98.0
frame=422 line=1 track=1 cross=0 circle=1(CIRCLE_LEFT_BEGIN) round=0 yroad=0 ramp=0 road=7 speed=0 near=5/124 raw=21/105 sel=124/125 far=0/0 far_raw=0/0 l=0@-1/0@-1 far_l=0@-1/0@-1 straight=0/1 far_straight=0/0 circle_cnt=88/0/0/0 lost=0/0 conf=6.2/4.4/0.0/0.0 dist=1768 begin=3033/0 m0=(84,119) ml=(85,87) md=32/1/126 cxcy=84.0,119.6 guide=-0.65 atg=0.0/0.0/0.0 pure=-0.27/-0.27 yaw=39 cmd=85 actual=-7 signed=1 rps=3684/3916:2855/3169 duty=10/12 pwm=PWM2:10/PWM1:12 motor=2:10/1:12
ATGCorner: L=0@-1/0@-1 Y=0@-1/0@-1 farL=0@-1/0@-1 Lxy=-1.0,-1.0:-1.0,-1.0/-1.0,-1.0:-1.0,-1.0 Yxy=-1.0,-1.0:-1.0,-1.0/-1.0,-1.0:-1.0,-1.0 farLxy=-1.0,-1.0:-1.0,-1.0/-1.0,-1.0:-1.0,-1.0 best=2:50.6,113.0:6.5,95.7:6.2:10111/1:109.9,114.2:135.7,98.0:4.4:10111 seed_src=none/none seed=0.0,0.0/0.0,0.0 far_start=70,0 far_raw=0/0 far_num=0/0 straight=0/1 far_straight=0/0 conf_deg=6.2/4.4/0.0/0.0
CrossDiag: type=CROSS_NONE track=1 half_lr=0/0 nearL=0@-1/0@-1 nearNum=5/124 centerNum=5/124 farL=0@-1/0@-1 farNum=0/0 farRaw=0/0 lost=0/0 not_have=0 final=124/125 flags=0/0
LineErr: aim=33 cxcy=84.0,119.6 left=1:21.39@63,90 dx=-20.7 idx=0/4 dist=8/8 right=1:-0.64@85,83 dx=0.7 idx=0/14 dist=32/250 sel=1:-0.66@85,82 dx=0.7 idx=0/16 dist=32/248 edge=1:5.95@79.0,94.5 dx=-5.0 width=71.1 l=47,110 r=111,79
CxScan: raw_ref=80.0 edge=79.0,94.5 best_raw_x=65 best_err=-0.86 best_cxcy=78.3,119.5 scan=0:-28.2,10:-24.5,20:-20.5,30:-16.4,40:-12.1,50:-7.7,60:-3.1,70:1.4,80:5.9,90:10.4,100:14.7,110:18.9,120:22.8,130:26.5,140:30.0
ATGSeedDiag: seed=1@9,108/1@141,108 begin=7,108 block=5 clip=8
ATGLptDiag: best=2(6.2) imip=0/4 pass=10111 acc=-1 ipm=50.6,113.0 inv=6.5,95.7 | 1(4.4) imip=0/11 pass=10111 acc=-1 ipm=109.9,114.2 inv=135.7,98.0
frame=424 line=1 track=1 cross=0 circle=1(CIRCLE_LEFT_BEGIN) round=0 yroad=0 ramp=0 road=7 speed=0 near=3/124 raw=15/105 sel=124/125 far=0/0 far_raw=0/0 l=0@-1/0@-1 far_l=0@-1/0@-1 straight=0/1 far_straight=0/0 circle_cnt=88/0/0/0 lost=0/0 conf=2.8/1.7/0.0/0.0 dist=1784 begin=3049/0 m0=(84,119) ml=(84,87) md=32/1/126 cxcy=84.0,119.6 guide=-0.48 atg=0.0/0.0/0.0 pure=-0.27/-0.27 yaw=29 cmd=63 actual=-6 signed=1 rps=3713/3887:3003/3091 duty=9/12 pwm=PWM2:9/PWM1:12 motor=2:9/1:12
ATGCorner: L=0@-1/0@-1 Y=0@-1/0@-1 farL=0@-1/0@-1 Lxy=-1.0,-1.0:-1.0,-1.0/-1.0,-1.0:-1.0,-1.0 Yxy=-1.0,-1.0:-1.0,-1.0/-1.0,-1.0:-1.0,-1.0 farLxy=-1.0,-1.0:-1.0,-1.0/-1.0,-1.0:-1.0,-1.0 best=1:51.2,114.5:5.0,100.4:2.8:10111/2:109.9,111.9:131.9,91.4:1.7:10111 seed_src=none/none seed=0.0,0.0/0.0,0.0 far_start=70,0 far_raw=0/0 far_num=0/0 straight=0/1 far_straight=0/0 conf_deg=2.8/1.7/0.0/0.0
CrossDiag: type=CROSS_NONE track=1 half_lr=0/0 nearL=0@-1/0@-1 nearNum=3/124 centerNum=3/124 farL=0@-1/0@-1 farNum=0/0 farRaw=0/0 lost=0/0 not_have=0 final=124/125 flags=0/0
LineErr: aim=33 cxcy=84.0,119.6 left=1:19.67@66,93 dx=-17.7 idx=0/2 dist=4/4 right=1:-0.49@85,83 dx=0.5 idx=0/14 dist=32/250 sel=1:-0.49@85,82 dx=0.5 idx=0/16 dist=32/248 edge=1:4.92@80.0,96.0 dx=-4.0 width=70.7 l=49,113 r=111,79
CxScan: raw_ref=80.0 edge=80.0,96.0 best_raw_x=70 best_err=0.23 best_cxcy=80.2,119.5 scan=0:-29.9,10:-26.2,20:-22.2,30:-18.0,40:-13.6,50:-9.1,60:-4.5,70:0.2,80:4.9,90:9.5,100:14.0,110:18.3,120:22.4,130:26.3,140:29.9
ATGSeedDiag: seed=1@7,108/1@141,108 begin=7,108 block=5 clip=8
ATGLptDiag: best=1(2.8) imip=0/2 pass=10111 acc=-1 ipm=51.2,114.5 inv=5.0,100.4 | 2(1.7) imip=0/12 pass=10111 acc=-1 ipm=109.9,111.9 inv=131.9,91.4
frame=425 line=1 track=1 cross=0 circle=1(CIRCLE_LEFT_BEGIN) round=0 yroad=0 ramp=0 road=7 speed=0 near=3/124 raw=12/105 sel=124/125 far=0/0 far_raw=0/0 l=0@-1/0@-1 far_l=0@-1/0@-1 straight=0/1 far_straight=0/0 circle_cnt=88/0/0/0 lost=0/0 conf=1.5/1.9/0.0/0.0 dist=1792 begin=3057/0 m0=(84,119) ml=(84,87) md=32/1/126 cxcy=84.0,119.6 guide=-0.48 atg=0.0/0.0/0.0 pure=-0.27/-0.27 yaw=29 cmd=65 actual=-8 signed=1 rps=3711/3889:3088/3026 duty=9/12 pwm=PWM2:9/PWM1:12 motor=2:9/1:12
ATGCorner: L=0@-1/0@-1 Y=0@-1/0@-1 farL=0@-1/0@-1 Lxy=-1.0,-1.0:-1.0,-1.0/-1.0,-1.0:-1.0,-1.0 Yxy=-1.0,-1.0:-1.0,-1.0/-1.0,-1.0:-1.0,-1.0 farLxy=-1.0,-1.0:-1.0,-1.0/-1.0,-1.0:-1.0,-1.0 best=1:51.0,114.6:4.3,100.6:1.5:10111/2:109.9,111.9:131.9,91.4:1.9:10111 seed_src=none/none seed=0.0,0.0/0.0,0.0 far_start=70,0 far_raw=0/0 far_num=0/0 straight=0/1 far_straight=0/0 conf_deg=1.5/1.9/0.0/0.0
CrossDiag: type=CROSS_NONE track=1 half_lr=0/0 nearL=0@-1/0@-1 nearNum=3/124 centerNum=3/124 farL=0@-1/0@-1 farNum=0/0 farRaw=0/0 lost=0/0 not_have=0 final=124/125 flags=0/0
LineErr: aim=33 cxcy=84.0,119.6 left=1:20.50@65,93 dx=-18.7 idx=0/2 dist=4/4 right=1:-0.49@85,83 dx=0.5 idx=0/14 dist=32/250 sel=1:-0.49@85,82 dx=0.5 idx=0/16 dist=32/248 edge=1:4.92@80.0,96.0 dx=-4.0 width=70.7 l=49,113 r=111,79
CxScan: raw_ref=80.0 edge=80.0,96.0 best_raw_x=70 best_err=0.23 best_cxcy=80.2,119.5 scan=0:-29.9,10:-26.2,20:-22.2,30:-18.0,40:-13.6,50:-9.1,60:-4.5,70:0.2,80:4.9,90:9.5,100:14.0,110:18.3,120:22.4,130:26.3,140:29.9
ATGSeedDiag: seed=1@6,108/1@141,108 begin=7,108 block=5 clip=8
ATGLptDiag: best=1(1.5) imip=0/2 pass=10111 acc=-1 ipm=51.0,114.6 inv=4.3,100.6 | 2(1.9) imip=0/12 pass=10111 acc=-1 ipm=109.9,111.9 inv=131.9,91.4
frame=426 line=1 track=1 cross=0 circle=1(CIRCLE_LEFT_BEGIN) round=0 yroad=0 ramp=0 road=7 speed=0 near=2/124 raw=10/105 sel=124/125 far=0/0 far_raw=0/0 l=0@-1/0@-1 far_l=0@-1/0@-1 straight=0/1 far_straight=0/0 circle_cnt=88/0/0/0 lost=0/0 conf=0.0/1.8/0.0/0.0 dist=1800 begin=3065/0 m0=(84,119) ml=(84,87) md=32/1/126 cxcy=84.0,119.6 guide=-0.31 atg=0.0/0.0/0.0 pure=-0.27/-0.27 yaw=19 cmd=48 actual=-11 signed=1 rps=3734/3866:3009/2801 duty=10/12 pwm=PWM2:10/PWM1:12 motor=2:10/1:12
ATGCorner: L=0@-1/0@-1 Y=0@-1/0@-1 farL=0@-1/0@-1 Lxy=-1.0,-1.0:-1.0,-1.0/-1.0,-1.0:-1.0,-1.0 Yxy=-1.0,-1.0:-1.0,-1.0/-1.0,-1.0:-1.0,-1.0 farLxy=-1.0,-1.0:-1.0,-1.0/-1.0,-1.0:-1.0,-1.0 best=-1:-1.0,-1.0:-1.0,-1.0:-57295.8:00000/3:110.0,109.6:128.5,85.6:1.8:10111 seed_src=none/none seed=0.0,0.0/0.0,0.0 far_start=70,0 far_raw=0/0 far_num=0/0 straight=0/1 far_straight=0/0 conf_deg=0.0/1.8/0.0/0.0
CrossDiag: type=CROSS_NONE track=1 half_lr=0/0 nearL=0@-1/0@-1 nearNum=2/124 centerNum=2/124 farL=0@-1/0@-1 farNum=0/0 farRaw=0/0 lost=0/0 not_have=0 final=124/125 flags=0/0
LineErr: aim=33 cxcy=84.0,119.6 left=1:19.29@67,94 dx=-16.9 idx=0/1 dist=2/2 right=1:-0.49@85,83 dx=0.5 idx=0/14 dist=32/250 sel=1:-0.49@85,82 dx=0.5 idx=0/16 dist=32/248 edge=1:3.78@81.0,97.0 dx=-3.0 width=70.0 l=51,115 r=111,79
CxScan: raw_ref=80.0 edge=81.0,97.0 best_raw_x=70 best_err=-1.01 best_cxcy=80.2,119.5 scan=0:-31.3,10:-27.6,20:-23.7,30:-19.5,40:-15.1,50:-10.5,60:-5.8,70:-1.0,80:3.8,90:8.5,100:13.1,110:17.6,120:21.8,130:25.8,140:29.5
ATGSeedDiag: seed=1@5,108/1@141,108 begin=7,108 block=5 clip=8
ATGLptDiag: best=-1(-57295.8) imip=-1/-1 pass=00000 acc=-1 ipm=-1.0,-1.0 inv=-1.0,-1.0 | 3(1.8) imip=0/13 pass=10111 acc=-1 ipm=110.0,109.6 inv=128.5,85.6
frame=427 line=1 track=1 cross=0 circle=1(CIRCLE_LEFT_BEGIN) round=0 yroad=0 ramp=0 road=7 speed=0 near=2/124 raw=7/105 sel=124/125 far=0/0 far_raw=0/0 l=0@-1/0@-1 far_l=0@-1/0@-1 straight=0/1 far_straight=0/0 circle_cnt=88/0/0/0 lost=0/0 conf=0.0/1.7/0.0/0.0 dist=1808 begin=3073/0 m0=(84,119) ml=(84,87) md=32/1/126 cxcy=84.0,119.6 guide=-0.48 atg=0.0/0.0/0.0 pure=-0.27/-0.27 yaw=29 cmd=73 actual=-16 signed=1 rps=3700/3900:3229/2850 duty=9/12 pwm=PWM2:9/PWM1:12 motor=2:9/1:12
ATGCorner: L=0@-1/0@-1 Y=0@-1/0@-1 farL=0@-1/0@-1 Lxy=-1.0,-1.0:-1.0,-1.0/-1.0,-1.0:-1.0,-1.0 Yxy=-1.0,-1.0:-1.0,-1.0/-1.0,-1.0:-1.0,-1.0 farLxy=-1.0,-1.0:-1.0,-1.0/-1.0,-1.0:-1.0,-1.0 best=-1:-1.0,-1.0:-1.0,-1.0:-57295.8:00000/2:109.9,111.9:131.9,91.4:1.7:10111 seed_src=none/none seed=0.0,0.0/0.0,0.0 far_start=70,0 far_raw=0/0 far_num=0/0 straight=0/1 far_straight=0/0 conf_deg=0.0/1.7/0.0/0.0
CrossDiag: type=CROSS_NONE track=1 half_lr=0/0 nearL=0@-1/0@-1 nearNum=2/124 centerNum=2/124 farL=0@-1/0@-1 farNum=0/0 farRaw=0/0 lost=0/0 not_have=0 final=124/125 flags=0/0
LineErr: aim=33 cxcy=84.0,119.6 left=1:20.18@66,94 dx=-18.0 idx=0/1 dist=2/2 right=1:-0.49@85,83 dx=0.5 idx=0/14 dist=32/250 sel=1:-0.49@85,82 dx=0.5 idx=0/16 dist=32/248 edge=1:4.36@80.5,96.5 dx=-3.5 width=70.3 l=50,114 r=111,79
CxScan: raw_ref=80.0 edge=80.5,96.5 best_raw_x=70 best_err=-0.38 best_cxcy=80.2,119.5 scan=0:-30.6,10:-26.9,20:-22.9,30:-18.8,40:-14.4,50:-9.8,60:-5.1,70:-0.4,80:4.4,90:9.0,100:13.6,110:18.0,120:22.1,130:26.0,140:29.7
ATGSeedDiag: seed=1@4,107/1@141,108 begin=7,108 block=5 clip=8
ATGLptDiag: best=-1(-57295.8) imip=-1/-1 pass=00000 acc=-1 ipm=-1.0,-1.0 inv=-1.0,-1.0 | 2(1.7) imip=0/12 pass=10111 acc=-1 ipm=109.9,111.9 inv=131.9,91.4
frame=428 line=1 track=1 cross=0 circle=1(CIRCLE_LEFT_BEGIN) round=0 yroad=0 ramp=0 road=7 speed=0 near=1/124 raw=5/105 sel=124/125 far=0/0 far_raw=0/0 l=0@-1/0@-1 far_l=0@-1/0@-1 straight=0/1 far_straight=0/0 circle_cnt=89/0/0/0 lost=0/0 conf=0.0/2.9/0.0/0.0 dist=1816 begin=3081/0 m0=(84,119) ml=(85,87) md=32/1/126 cxcy=84.0,119.6 guide=-0.65 atg=0.0/0.0/0.0 pure=-0.29/-0.27 yaw=39 cmd=96 actual=-19 signed=1 rps=3668/3932:3079/2700 duty=9/13 pwm=PWM2:9/PWM1:13 motor=2:9/1:13
ATGCorner: L=0@-1/0@-1 Y=0@-1/0@-1 farL=0@-1/0@-1 Lxy=-1.0,-1.0:-1.0,-1.0/-1.0,-1.0:-1.0,-1.0 Yxy=-1.0,-1.0:-1.0,-1.0/-1.0,-1.0:-1.0,-1.0 farLxy=-1.0,-1.0:-1.0,-1.0/-1.0,-1.0:-1.0,-1.0 best=-1:-1.0,-1.0:-1.0,-1.0:-57295.8:00000/1:109.8,114.2:135.6,97.9:2.9:10111 seed_src=lost/none seed=0.0,0.0/0.0,0.0 far_start=70,0 far_raw=0/0 far_num=0/0 straight=0/1 far_straight=0/0 conf_deg=0.0/2.9/0.0/0.0
CrossDiag: type=CROSS_NONE track=1 half_lr=0/0 nearL=0@-1/0@-1 nearNum=1/124 centerNum=1/124 farL=0@-1/0@-1 farNum=0/0 farRaw=0/0 lost=0/0 not_have=0 final=124/125 flags=0/0
LineErr: aim=33 cxcy=84.0,119.6 left=0:0.00@-1,-1 dx=0.0 idx=-1/-1 dist=-1/-1 right=1:-0.64@85,83 dx=0.7 idx=0/14 dist=32/250 sel=1:-0.66@85,82 dx=0.7 idx=0/16 dist=32/248 edge=0:0.00@-1.0,-1.0 dx=0.0 width=0.0 l=-1,-1 r=111,79
ATGSeedDiag: seed=1@4,108/1@141,108 begin=7,108 block=5 clip=8
ATGLptDiag: best=-1(-57295.8) imip=-1/-1 pass=00000 acc=-1 ipm=-1.0,-1.0 inv=-1.0,-1.0 | 1(2.9) imip=0/11 pass=10111 acc=-1 ipm=109.8,114.2 inv=135.6,97.9
frame=429 line=1 track=1 cross=0 circle=1(CIRCLE_LEFT_BEGIN) round=0 yroad=0 ramp=0 road=7 speed=0 near=0/124 raw=0/105 sel=124/125 far=0/0 far_raw=0/0 l=0@-1/0@-1 far_l=0@-1/0@-1 straight=0/1 far_straight=0/0 circle_cnt=90/0/0/0 lost=0/0 conf=0.0/4.3/0.0/0.0 dist=1824 begin=3089/0 m0=(84,119) ml=(85,87) md=32/1/128 cxcy=84.0,119.6 guide=-0.98 atg=1.0/0.0/0.0 pure=-0.35/-0.32 yaw=59 cmd=136 actual=-18 signed=1 rps=3614/3986:3218/2876 duty=9/13 pwm=PWM2:9/PWM1:13 motor=2:9/1:13
ATGCorner: L=0@-1/0@-1 Y=0@-1/0@-1 farL=0@-1/0@-1 Lxy=-1.0,-1.0:-1.0,-1.0/-1.0,-1.0:-1.0,-1.0 Yxy=-1.0,-1.0:-1.0,-1.0/-1.0,-1.0:-1.0,-1.0 farLxy=-1.0,-1.0:-1.0,-1.0/-1.0,-1.0:-1.0,-1.0 best=-1:-1.0,-1.0:-1.0,-1.0:-57295.8:00000/1:109.9,114.2:135.7,98.0:4.3:10111 seed_src=lost/none seed=0.0,0.0/0.0,0.0 far_start=70,0 far_raw=0/0 far_num=0/0 straight=0/1 far_straight=0/0 conf_deg=0.0/4.3/0.0/0.0
CrossDiag: type=CROSS_NONE track=1 half_lr=0/0 nearL=0@-1/0@-1 nearNum=0/124 centerNum=0/124 farL=0@-1/0@-1 farNum=0/0 farRaw=0/0 lost=0/0 not_have=0 final=124/125 flags=0/0
LineErr: aim=33 cxcy=84.0,119.6 left=0:0.00@-1,-1 dx=0.0 idx=-1/-1 dist=-1/-1 right=1:-0.84@85,83 dx=0.9 idx=0/14 dist=32/250 sel=1:-0.83@85,82 dx=0.9 idx=0/16 dist=32/248 edge=0:0.00@-1.0,-1.0 dx=0.0 width=0.0 l=-1,-1 r=111,79
ATGSeedDiag: seed=0@-1,-1/1@141,108 begin=7,108 block=5 clip=8
ATGLptDiag: best=-1(-57295.8) imip=-1/-1 pass=00000 acc=-1 ipm=-1.0,-1.0 inv=-1.0,-1.0 | 1(4.3) imip=0/11 pass=10111 acc=-1 ipm=109.9,114.2 inv=135.7,98.0
frame=432 line=1 track=1 cross=0 circle=1(CIRCLE_LEFT_BEGIN) round=0 yroad=0 ramp=0 road=7 speed=0 near=0/124 raw=0/105 sel=124/125 far=0/0 far_raw=0/0 l=0@-1/0@-1 far_l=0@-1/0@-1 straight=0/1 far_straight=0/0 circle_cnt=93/0/0/0 lost=0/0 conf=0.0/1.4/0.0/0.0 dist=1848 begin=3113/0 m0=(84,119) ml=(85,87) md=32/1/126 cxcy=84.0,119.6 guide=-0.65 atg=0.0/0.0/0.0 pure=-0.27/-0.27 yaw=39 cmd=58 actual=19 signed=1 rps=3720/3880:3203/3020 duty=9/12 pwm=PWM2:9/PWM1:12 motor=2:9/1:12
ATGCorner: L=0@-1/0@-1 Y=0@-1/0@-1 farL=0@-1/0@-1 Lxy=-1.0,-1.0:-1.0,-1.0/-1.0,-1.0:-1.0,-1.0 Yxy=-1.0,-1.0:-1.0,-1.0/-1.0,-1.0:-1.0,-1.0 farLxy=-1.0,-1.0:-1.0,-1.0/-1.0,-1.0:-1.0,-1.0 best=-1:-1.0,-1.0:-1.0,-1.0:-57295.8:00000/2:109.9,111.9:131.9,91.4:1.4:10111 seed_src=lost/none seed=0.0,0.0/0.0,0.0 far_start=70,0 far_raw=0/0 far_num=0/0 straight=0/1 far_straight=0/0 conf_deg=0.0/1.4/0.0/0.0
CrossDiag: type=CROSS_NONE track=1 half_lr=0/0 nearL=0@-1/0@-1 nearNum=0/124 centerNum=0/124 farL=0@-1/0@-1 farNum=0/0 farRaw=0/0 lost=0/0 not_have=0 final=124/125 flags=0/0
LineErr: aim=33 cxcy=84.0,119.6 left=0:0.00@-1,-1 dx=0.0 idx=-1/-1 dist=-1/-1 right=1:-0.64@85,83 dx=0.7 idx=0/14 dist=32/250 sel=1:-0.65@85,82 dx=0.7 idx=0/16 dist=32/248 edge=0:0.00@-1.0,-1.0 dx=0.0 width=0.0 l=-1,-1 r=111,79
ATGSeedDiag: seed=0@-1,-1/1@141,108 begin=7,108 block=5 clip=8
ATGLptDiag: best=-1(-57295.8) imip=-1/-1 pass=00000 acc=-1 ipm=-1.0,-1.0 inv=-1.0,-1.0 | 2(1.4) imip=0/12 pass=10111 acc=-1 ipm=109.9,111.9 inv=131.9,91.4
frame=433 line=1 track=1 cross=0 circle=1(CIRCLE_LEFT_BEGIN) round=0 yroad=0 ramp=0 road=7 speed=0 near=0/124 raw=0/105 sel=124/125 far=0/0 far_raw=0/0 l=0@-1/0@-1 far_l=0@-1/0@-1 straight=0/1 far_straight=0/0 circle_cnt=94/0/0/0 lost=0/0 conf=0.0/6.8/0.0/0.0 dist=1856 begin=3121/0 m0=(84,119) ml=(84,87) md=32/1/126 cxcy=84.0,119.6 guide=-0.31 atg=0.0/0.0/0.0 pure=-0.27/-0.27 yaw=19 cmd=10 actual=27 signed=1 rps=3786/3814:3026/2948 duty=10/12 pwm=PWM2:10/PWM1:12 motor=2:10/1:12
ATGCorner: L=0@-1/0@-1 Y=0@-1/0@-1 farL=0@-1/0@-1 Lxy=-1.0,-1.0:-1.0,-1.0/-1.0,-1.0:-1.0,-1.0 Yxy=-1.0,-1.0:-1.0,-1.0/-1.0,-1.0:-1.0,-1.0 farLxy=-1.0,-1.0:-1.0,-1.0/-1.0,-1.0:-1.0,-1.0 best=-1:-1.0,-1.0:-1.0,-1.0:-57295.8:00000/1:109.6,114.2:135.2,98.0:6.8:10111 seed_src=lost/none seed=0.0,0.0/0.0,0.0 far_start=70,0 far_raw=0/0 far_num=0/0 straight=0/1 far_straight=0/0 conf_deg=0.0/6.8/0.0/0.0
CrossDiag: type=CROSS_NONE track=1 half_lr=0/0 nearL=0@-1/0@-1 nearNum=0/124 centerNum=0/124 farL=0@-1/0@-1 farNum=0/0 farRaw=0/0 lost=0/0 not_have=0 final=124/125 flags=0/0
LineErr: aim=33 cxcy=84.0,119.6 left=0:0.00@-1,-1 dx=0.0 idx=-1/-1 dist=-1/-1 right=1:-0.49@85,83 dx=0.5 idx=0/14 dist=32/250 sel=1:-0.49@85,82 dx=0.5 idx=0/16 dist=32/248 edge=0:0.00@-1.0,-1.0 dx=0.0 width=0.0 l=-1,-1 r=111,79
ATGSeedDiag: seed=0@-1,-1/1@140,108 begin=7,108 block=5 clip=8
ATGLptDiag: best=-1(-57295.8) imip=-1/-1 pass=00000 acc=-1 ipm=-1.0,-1.0 inv=-1.0,-1.0 | 1(6.8) imip=0/11 pass=10111 acc=-1 ipm=109.6,114.2 inv=135.2,98.0
frame=436 line=1 track=1 cross=0 circle=1(CIRCLE_LEFT_BEGIN) round=0 yroad=0 ramp=0 road=7 speed=0 near=0/124 raw=0/105 sel=124/126 far=0/0 far_raw=0/0 l=0@-1/0@-1 far_l=0@-1/0@-1 straight=0/1 far_straight=0/0 circle_cnt=97/0/0/0 lost=0/0 conf=0.0/6.4/0.0/0.0 dist=1882 begin=3147/0 m0=(84,119) ml=(85,87) md=32/1/129 cxcy=84.0,119.6 guide=-0.65 atg=0.0/0.0/0.0 pure=-0.29/-0.30 yaw=39 cmd=89 actual=-12 signed=1 rps=3678/3922:3047/3226 duty=9/12 pwm=PWM2:9/PWM1:12 motor=2:9/1:12
ATGCorner: L=0@-1/0@-1 Y=0@-1/0@-1 farL=0@-1/0@-1 Lxy=-1.0,-1.0:-1.0,-1.0/-1.0,-1.0:-1.0,-1.0 Yxy=-1.0,-1.0:-1.0,-1.0/-1.0,-1.0:-1.0,-1.0 farLxy=-1.0,-1.0:-1.0,-1.0/-1.0,-1.0:-1.0,-1.0 best=-1:-1.0,-1.0:-1.0,-1.0:-57295.8:00000/1:109.6,114.2:135.2,98.0:6.4:10111 seed_src=lost/none seed=0.0,0.0/0.0,0.0 far_start=70,0 far_raw=0/0 far_num=0/0 straight=0/1 far_straight=0/0 conf_deg=0.0/6.4/0.0/0.0
CrossDiag: type=CROSS_NONE track=1 half_lr=0/0 nearL=0@-1/0@-1 nearNum=0/124 centerNum=0/124 farL=0@-1/0@-1 farNum=0/0 farRaw=0/0 lost=0/0 not_have=0 final=124/126 flags=0/0
LineErr: aim=33 cxcy=84.0,119.6 left=0:0.00@-1,-1 dx=0.0 idx=-1/-1 dist=-1/-1 right=1:-0.55@85,83 dx=0.6 idx=0/14 dist=33/251 sel=1:-0.58@85,82 dx=0.6 idx=0/16 dist=32/250 edge=0:0.00@-1.0,-1.0 dx=0.0 width=0.0 l=-1,-1 r=111,79
ATGSeedDiag: seed=0@-1,-1/1@140,108 begin=7,108 block=5 clip=8
ATGLptDiag: best=-1(-57295.8) imip=-1/-1 pass=00000 acc=-1 ipm=-1.0,-1.0 inv=-1.0,-1.0 | 1(6.4) imip=0/11 pass=10111 acc=-1 ipm=109.6,114.2 inv=135.2,98.0
frame=442 line=1 track=1 cross=0 circle=1(CIRCLE_LEFT_BEGIN) round=0 yroad=0 ramp=0 road=7 speed=0 near=0/124 raw=0/105 sel=124/125 far=0/0 far_raw=0/0 l=0@-1/0@-1 far_l=0@-1/0@-1 straight=0/1 far_straight=0/0 circle_cnt=103/0/0/0 lost=0/0 conf=0.0/6.4/0.0/0.0 dist=1930 begin=3195/0 m0=(84,119) ml=(84,87) md=32/1/126 cxcy=84.0,119.6 guide=-0.48 atg=0.0/0.0/0.0 pure=-0.27/-0.28 yaw=29 cmd=39 actual=18 signed=1 rps=3747/3853:2667/2998 duty=10/12 pwm=PWM2:10/PWM1:12 motor=2:10/1:12
ATGCorner: L=0@-1/0@-1 Y=0@-1/0@-1 farL=0@-1/0@-1 Lxy=-1.0,-1.0:-1.0,-1.0/-1.0,-1.0:-1.0,-1.0 Yxy=-1.0,-1.0:-1.0,-1.0/-1.0,-1.0:-1.0,-1.0 farLxy=-1.0,-1.0:-1.0,-1.0/-1.0,-1.0:-1.0,-1.0 best=-1:-1.0,-1.0:-1.0,-1.0:-57295.8:00000/1:109.6,114.2:135.2,98.0:6.4:10111 seed_src=lost/none seed=0.0,0.0/0.0,0.0 far_start=70,0 far_raw=0/0 far_num=0/0 straight=0/1 far_straight=0/0 conf_deg=0.0/6.4/0.0/0.0
CrossDiag: type=CROSS_NONE track=1 half_lr=0/0 nearL=0@-1/0@-1 nearNum=0/124 centerNum=0/124 farL=0@-1/0@-1 farNum=0/0 farRaw=0/0 lost=0/0 not_have=0 final=124/125 flags=0/0
LineErr: aim=33 cxcy=84.0,119.6 left=0:0.00@-1,-1 dx=0.0 idx=-1/-1 dist=-1/-1 right=1:-0.55@85,83 dx=0.6 idx=0/14 dist=33/251 sel=1:-0.58@85,82 dx=0.6 idx=0/16 dist=32/248 edge=0:0.00@-1.0,-1.0 dx=0.0 width=0.0 l=-1,-1 r=111,79
ATGSeedDiag: seed=0@-1,-1/1@140,108 begin=7,108 block=5 clip=8
ATGLptDiag: best=-1(-57295.8) imip=-1/-1 pass=00000 acc=-1 ipm=-1.0,-1.0 inv=-1.0,-1.0 | 1(6.4) imip=0/11 pass=10111 acc=-1 ipm=109.6,114.2 inv=135.2,98.0
frame=443 line=1 track=1 cross=0 circle=1(CIRCLE_LEFT_BEGIN) round=0 yroad=0 ramp=0 road=7 speed=0 near=0/124 raw=0/105 sel=124/125 far=0/0 far_raw=0/0 l=0@-1/0@-1 far_l=0@-1/0@-1 straight=0/1 far_straight=0/0 circle_cnt=104/0/0/0 lost=0/0 conf=0.0/6.4/0.0/0.0 dist=1938 begin=3203/0 m0=(84,119) ml=(85,87) md=32/1/126 cxcy=84.0,119.6 guide=-0.65 atg=0.0/0.0/0.0 pure=-0.29/-0.30 yaw=39 cmd=63 actual=14 signed=1 rps=3713/3887:2829/3056 duty=10/12 pwm=PWM2:10/PWM1:12 motor=2:10/1:12
ATGCorner: L=0@-1/0@-1 Y=0@-1/0@-1 farL=0@-1/0@-1 Lxy=-1.0,-1.0:-1.0,-1.0/-1.0,-1.0:-1.0,-1.0 Yxy=-1.0,-1.0:-1.0,-1.0/-1.0,-1.0:-1.0,-1.0 farLxy=-1.0,-1.0:-1.0,-1.0/-1.0,-1.0:-1.0,-1.0 best=-1:-1.0,-1.0:-1.0,-1.0:-57295.8:00000/1:109.6,114.2:135.2,98.0:6.4:10111 seed_src=lost/none seed=0.0,0.0/0.0,0.0 far_start=70,0 far_raw=0/0 far_num=0/0 straight=0/1 far_straight=0/0 conf_deg=0.0/6.4/0.0/0.0
CrossDiag: type=CROSS_NONE track=1 half_lr=0/0 nearL=0@-1/0@-1 nearNum=0/124 centerNum=0/124 farL=0@-1/0@-1 farNum=0/0 farRaw=0/0 lost=0/0 not_have=0 final=124/125 flags=0/0
LineErr: aim=33 cxcy=84.0,119.6 left=0:0.00@-1,-1 dx=0.0 idx=-1/-1 dist=-1/-1 right=1:-0.55@85,83 dx=0.6 idx=0/14 dist=33/251 sel=1:-0.58@85,82 dx=0.6 idx=0/16 dist=32/248 edge=0:0.00@-1.0,-1.0 dx=0.0 width=0.0 l=-1,-1 r=111,79
ATGSeedDiag: seed=0@-1,-1/1@140,108 begin=7,108 block=5 clip=8
ATGLptDiag: best=-1(-57295.8) imip=-1/-1 pass=00000 acc=-1 ipm=-1.0,-1.0 inv=-1.0,-1.0 | 1(6.4) imip=0/11 pass=10111 acc=-1 ipm=109.6,114.2 inv=135.2,98.0
frame=447 line=1 track=1 cross=0 circle=1(CIRCLE_LEFT_BEGIN) round=0 yroad=0 ramp=0 road=7 speed=0 near=0/124 raw=0/105 sel=124/126 far=0/0 far_raw=0/0 l=0@-1/0@-1 far_l=0@-1/0@-1 straight=0/1 far_straight=0/0 circle_cnt=108/0/0/0 lost=0/0 conf=0.0/1.5/0.0/0.0 dist=1970 begin=3235/0 m0=(84,119) ml=(85,87) md=32/1/128 cxcy=84.0,119.6 guide=-0.65 atg=0.0/0.0/0.0 pure=-0.32/-0.32 yaw=39 cmd=92 actual=-14 signed=1 rps=3674/3926:3051/2712 duty=9/13 pwm=PWM2:9/PWM1:13 motor=2:9/1:13
ATGCorner: L=0@-1/0@-1 Y=0@-1/0@-1 farL=0@-1/0@-1 Lxy=-1.0,-1.0:-1.0,-1.0/-1.0,-1.0:-1.0,-1.0 Yxy=-1.0,-1.0:-1.0,-1.0/-1.0,-1.0:-1.0,-1.0 farLxy=-1.0,-1.0:-1.0,-1.0/-1.0,-1.0:-1.0,-1.0 best=-1:-1.0,-1.0:-1.0,-1.0:-57295.8:00000/4:110.2,107.3:125.9,80.5:1.5:10111 seed_src=lost/none seed=0.0,0.0/0.0,0.0 far_start=70,0 far_raw=0/0 far_num=0/0 straight=0/1 far_straight=0/0 conf_deg=0.0/1.5/0.0/0.0
CrossDiag: type=CROSS_NONE track=1 half_lr=0/0 nearL=0@-1/0@-1 nearNum=0/124 centerNum=0/124 farL=0@-1/0@-1 farNum=0/0 farRaw=0/0 lost=0/0 not_have=0 final=124/126 flags=0/0
LineErr: aim=33 cxcy=84.0,119.6 left=0:0.00@-1,-1 dx=0.0 idx=-1/-1 dist=-1/-1 right=1:-0.64@85,83 dx=0.7 idx=0/14 dist=32/250 sel=1:-0.66@85,82 dx=0.7 idx=0/16 dist=32/250 edge=0:0.00@-1.0,-1.0 dx=0.0 width=0.0 l=-1,-1 r=111,79
ATGSeedDiag: seed=0@-1,-1/1@141,108 begin=7,108 block=5 clip=8
ATGLptDiag: best=-1(-57295.8) imip=-1/-1 pass=00000 acc=-1 ipm=-1.0,-1.0 inv=-1.0,-1.0 | 4(1.5) imip=0/14 pass=10111 acc=-1 ipm=110.2,107.3 inv=125.9,80.5
frame=448 line=1 track=1 cross=0 circle=1(CIRCLE_LEFT_BEGIN) round=0 yroad=0 ramp=0 road=7 speed=0 near=0/124 raw=0/105 sel=124/125 far=0/0 far_raw=0/0 l=0@-1/0@-1 far_l=0@-1/0@-1 straight=0/1 far_straight=0/0 circle_cnt=109/0/0/0 lost=0/0 conf=0.0/2.9/0.0/0.0 dist=1978 begin=3243/0 m0=(84,119) ml=(85,87) md=32/1/125 cxcy=84.0,119.6 guide=-0.98 atg=0.0/0.0/0.0 pure=-0.32/-0.32 yaw=59 cmd=132 actual=-14 signed=1 rps=3619/3981:3250/2867 duty=9/13 pwm=PWM2:9/PWM1:13 motor=2:9/1:13
ATGCorner: L=0@-1/0@-1 Y=0@-1/0@-1 farL=0@-1/0@-1 Lxy=-1.0,-1.0:-1.0,-1.0/-1.0,-1.0:-1.0,-1.0 Yxy=-1.0,-1.0:-1.0,-1.0/-1.0,-1.0:-1.0,-1.0 farLxy=-1.0,-1.0:-1.0,-1.0/-1.0,-1.0:-1.0,-1.0 best=-1:-1.0,-1.0:-1.0,-1.0:-57295.8:00000/1:109.8,114.2:135.6,97.9:2.9:10111 seed_src=lost/none seed=0.0,0.0/0.0,0.0 far_start=70,0 far_raw=0/0 far_num=0/0 straight=0/1 far_straight=0/0 conf_deg=0.0/2.9/0.0/0.0
CrossDiag: type=CROSS_NONE track=1 half_lr=0/0 nearL=0@-1/0@-1 nearNum=0/124 centerNum=0/124 farL=0@-1/0@-1 farNum=0/0 farRaw=0/0 lost=0/0 not_have=0 final=124/125 flags=0/0
LineErr: aim=33 cxcy=84.0,119.6 left=0:0.00@-1,-1 dx=0.0 idx=-1/-1 dist=-1/-1 right=1:-0.64@85,83 dx=0.7 idx=0/14 dist=32/250 sel=1:-0.66@85,82 dx=0.7 idx=0/16 dist=32/248 edge=0:0.00@-1.0,-1.0 dx=0.0 width=0.0 l=-1,-1 r=111,79
ATGSeedDiag: seed=0@-1,-1/1@141,108 begin=7,108 block=5 clip=8
ATGLptDiag: best=-1(-57295.8) imip=-1/-1 pass=00000 acc=-1 ipm=-1.0,-1.0 inv=-1.0,-1.0 | 1(2.9) imip=0/11 pass=10111 acc=-1 ipm=109.8,114.2 inv=135.6,97.9
frame=449 line=1 track=1 cross=0 circle=1(CIRCLE_LEFT_BEGIN) round=0 yroad=0 ramp=0 road=7 speed=0 near=0/124 raw=0/105 sel=124/125 far=0/0 far_raw=0/0 l=0@-1/0@-1 far_l=0@-1/0@-1 straight=0/1 far_straight=0/0 circle_cnt=110/0/0/0 lost=0/0 conf=0.0/2.0/0.0/0.0 dist=1986 begin=3251/0 m0=(84,119) ml=(85,87) md=32/1/125 cxcy=84.0,119.6 guide=-0.65 atg=0.0/0.0/0.0 pure=-0.32/-0.32 yaw=39 cmd=79 actual=-1 signed=1 rps=3692/3908:3273/2883 duty=9/12 pwm=PWM2:9/PWM1:12 motor=2:9/1:12
ATGCorner: L=0@-1/0@-1 Y=0@-1/0@-1 farL=0@-1/0@-1 Lxy=-1.0,-1.0:-1.0,-1.0/-1.0,-1.0:-1.0,-1.0 Yxy=-1.0,-1.0:-1.0,-1.0/-1.0,-1.0:-1.0,-1.0 farLxy=-1.0,-1.0:-1.0,-1.0/-1.0,-1.0:-1.0,-1.0 best=-1:-1.0,-1.0:-1.0,-1.0:-57295.8:00000/2:110.0,111.9:132.0,91.4:2.0:10111 seed_src=lost/none seed=0.0,0.0/0.0,0.0 far_start=70,0 far_raw=0/0 far_num=0/0 straight=0/1 far_straight=0/0 conf_deg=0.0/2.0/0.0/0.0
CrossDiag: type=CROSS_NONE track=1 half_lr=0/0 nearL=0@-1/0@-1 nearNum=0/124 centerNum=0/124 farL=0@-1/0@-1 farNum=0/0 farRaw=0/0 lost=0/0 not_have=0 final=124/125 flags=0/0
LineErr: aim=33 cxcy=84.0,119.6 left=0:0.00@-1,-1 dx=0.0 idx=-1/-1 dist=-1/-1 right=1:-0.65@85,83 dx=0.7 idx=0/14 dist=32/250 sel=1:-0.66@85,82 dx=0.7 idx=0/16 dist=32/248 edge=0:0.00@-1.0,-1.0 dx=0.0 width=0.0 l=-1,-1 r=111,79
ATGSeedDiag: seed=0@-1,-1/1@141,108 begin=7,108 block=5 clip=8
ATGLptDiag: best=-1(-57295.8) imip=-1/-1 pass=00000 acc=-1 ipm=-1.0,-1.0 inv=-1.0,-1.0 | 2(2.0) imip=0/12 pass=10111 acc=-1 ipm=110.0,111.9 inv=132.0,91.4
frame=450 line=1 track=1 cross=0 circle=1(CIRCLE_LEFT_BEGIN) round=0 yroad=0 ramp=0 road=7 speed=0 near=0/124 raw=0/105 sel=124/125 far=0/0 far_raw=0/0 l=0@-1/0@-1 far_l=0@-1/0@-1 straight=0/1 far_straight=0/0 circle_cnt=111/0/0/0 lost=0/0 conf=0.0/6.4/0.0/0.0 dist=1994 begin=3259/0 m0=(84,119) ml=(84,87) md=32/1/125 cxcy=84.0,119.6 guide=-0.48 atg=0.0/0.0/0.0 pure=-0.32/-0.31 yaw=29 cmd=50 actual=8 signed=1 rps=3732/3868:3128/2757 duty=9/12 pwm=PWM2:9/PWM1:12 motor=2:9/1:12
ATGCorner: L=0@-1/0@-1 Y=0@-1/0@-1 farL=0@-1/0@-1 Lxy=-1.0,-1.0:-1.0,-1.0/-1.0,-1.0:-1.0,-1.0 Yxy=-1.0,-1.0:-1.0,-1.0/-1.0,-1.0:-1.0,-1.0 farLxy=-1.0,-1.0:-1.0,-1.0/-1.0,-1.0:-1.0,-1.0 best=-1:-1.0,-1.0:-1.0,-1.0:-57295.8:00000/1:109.6,114.2:135.2,98.0:6.4:10111 seed_src=lost/none seed=0.0,0.0/0.0,0.0 far_start=70,0 far_raw=0/0 far_num=0/0 straight=0/1 far_straight=0/0 conf_deg=0.0/6.4/0.0/0.0
CrossDiag: type=CROSS_NONE track=1 half_lr=0/0 nearL=0@-1/0@-1 nearNum=0/124 centerNum=0/124 farL=0@-1/0@-1 farNum=0/0 farRaw=0/0 lost=0/0 not_have=0 final=124/125 flags=0/0
LineErr: aim=33 cxcy=84.0,119.6 left=0:0.00@-1,-1 dx=0.0 idx=-1/-1 dist=-1/-1 right=1:-0.55@85,83 dx=0.6 idx=0/14 dist=33/251 sel=1:-0.59@85,82 dx=0.6 idx=0/16 dist=32/248 edge=0:0.00@-1.0,-1.0 dx=0.0 width=0.0 l=-1,-1 r=111,79
ATGSeedDiag: seed=0@-1,-1/1@140,108 begin=7,108 block=5 clip=8
ATGLptDiag: best=-1(-57295.8) imip=-1/-1 pass=00000 acc=-1 ipm=-1.0,-1.0 inv=-1.0,-1.0 | 1(6.4) imip=0/11 pass=10111 acc=-1 ipm=109.6,114.2 inv=135.2,98.0
frame=451 line=1 track=1 cross=0 circle=1(CIRCLE_LEFT_BEGIN) round=0 yroad=0 ramp=0 road=7 speed=0 near=0/124 raw=0/105 sel=124/125 far=0/0 far_raw=0/0 l=0@-1/0@-1 far_l=0@-1/0@-1 straight=0/1 far_straight=0/0 circle_cnt=112/0/0/0 lost=0/0 conf=0.0/6.4/0.0/0.0 dist=2002 begin=3267/0 m0=(84,119) ml=(85,87) md=32/1/125 cxcy=84.0,119.6 guide=-0.65 atg=0.0/0.0/0.0 pure=-0.32/-0.31 yaw=39 cmd=63 actual=14 signed=1 rps=3713/3887:3227/2889 duty=9/12 pwm=PWM2:9/PWM1:12 motor=2:9/1:12
ATGCorner: L=0@-1/0@-1 Y=0@-1/0@-1 farL=0@-1/0@-1 Lxy=-1.0,-1.0:-1.0,-1.0/-1.0,-1.0:-1.0,-1.0 Yxy=-1.0,-1.0:-1.0,-1.0/-1.0,-1.0:-1.0,-1.0 farLxy=-1.0,-1.0:-1.0,-1.0/-1.0,-1.0:-1.0,-1.0 best=-1:-1.0,-1.0:-1.0,-1.0:-57295.8:00000/1:109.6,114.2:135.2,98.0:6.4:10111 seed_src=lost/none seed=0.0,0.0/0.0,0.0 far_start=70,0 far_raw=0/0 far_num=0/0 straight=0/1 far_straight=0/0 conf_deg=0.0/6.4/0.0/0.0
CrossDiag: type=CROSS_NONE track=1 half_lr=0/0 nearL=0@-1/0@-1 nearNum=0/124 centerNum=0/124 farL=0@-1/0@-1 farNum=0/0 farRaw=0/0 lost=0/0 not_have=0 final=124/125 flags=0/0
LineErr: aim=33 cxcy=84.0,119.6 left=0:0.00@-1,-1 dx=0.0 idx=-1/-1 dist=-1/-1 right=1:-0.56@85,83 dx=0.6 idx=0/14 dist=33/251 sel=1:-0.58@85,82 dx=0.6 idx=0/16 dist=32/248 edge=0:0.00@-1.0,-1.0 dx=0.0 width=0.0 l=-1,-1 r=111,79
ATGSeedDiag: seed=0@-1,-1/1@140,108 begin=7,108 block=5 clip=8
ATGLptDiag: best=-1(-57295.8) imip=-1/-1 pass=00000 acc=-1 ipm=-1.0,-1.0 inv=-1.0,-1.0 | 1(6.4) imip=0/11 pass=10111 acc=-1 ipm=109.6,114.2 inv=135.2,98.0
ATGCircleCal: from=CIRCLE_LEFT_BEGIN to=CIRCLE_LEFT_IN reason=entry_distance heading_deg10=11 dist=2002 begin_dist=3267 begin_last=0
frame=452 line=1 track=1 cross=0 circle=3(CIRCLE_LEFT_IN) round=0 yroad=0 ramp=0 road=7 speed=0 near=0/124 raw=0/105 sel=92/17 far=0/0 far_raw=0/0 l=0@-1/0@-1 far_l=0@-1/0@-1 straight=0/1 far_straight=0/0 circle_cnt=0/0/0/0 lost=0/0 conf=0.0/3.8/0.0/0.0 dist=0 begin=0/3267 m0=(84,119) ml=(56,119) md=28/0/28 cxcy=84.0,119.6 guide=37.36 atg=-60.0/-60.0/-60.0 pure=20.82/20.82 yaw=-2242 cmd=-2442 actual=19 signed=1 rps=7147/453:3106/2855 duty=21/0 pwm=PWM2:21/PWM1:0 motor=2:21/1:0
ATGCorner: L=0@-1/0@-1 Y=0@-1/0@-1 farL=0@-1/0@-1 Lxy=-1.0,-1.0:-1.0,-1.0/-1.0,-1.0:-1.0,-1.0 Yxy=-1.0,-1.0:-1.0,-1.0/-1.0,-1.0:-1.0,-1.0 farLxy=-1.0,-1.0:-1.0,-1.0/-1.0,-1.0:-1.0,-1.0 best=-1:-1.0,-1.0:-1.0,-1.0:-57295.8:00000/1:109.5,114.2:135.0,98.0:3.8:10111 seed_src=circle/none seed=0.0,0.0/0.0,0.0 far_start=70,0 far_raw=0/0 far_num=0/0 straight=0/1 far_straight=0/0 conf_deg=0.0/3.8/0.0/0.0
CrossDiag: type=CROSS_NONE track=1 half_lr=0/0 nearL=0@-1/0@-1 nearNum=0/124 centerNum=0/124 farL=0@-1/0@-1 farNum=0/0 farRaw=0/0 lost=0/0 not_have=0 final=92/17 flags=0/0
LineErr: aim=33 cxcy=84.0,119.6 left=0:0.00@-1,-1 dx=0.0 idx=-1/-1 dist=-1/-1 right=1:-0.52@85,78 dx=0.6 idx=0/16 dist=32/246 sel=1:57.82@56,125 dx=-27.9 idx=0/16 dist=32/32 edge=0:0.00@-1.0,-1.0 dx=0.0 width=0.0 l=-1,-1 r=111,79
ATGSeedDiag: seed=0@-1,-1/1@140,108 begin=7,108 block=5 clip=8
ATGLptDiag: best=-1(-57295.8) imip=-1/-1 pass=00000 acc=-1 ipm=-1.0,-1.0 inv=-1.0,-1.0 | 1(3.8) imip=0/11 pass=10111 acc=-1 ipm=109.5,114.2 inv=135.0,98.0
frame=453 line=1 track=0 cross=0 circle=3(CIRCLE_LEFT_IN) round=0 yroad=0 ramp=0 road=7 speed=0 near=0/124 raw=0/105 sel=92/17 far=0/0 far_raw=0/0 l=0@-1/0@-1 far_l=0@-1/0@-1 straight=0/1 far_straight=0/0 circle_cnt=0/0/0/0 lost=1/0 conf=0.0/3.3/0.0/0.0 dist=9 begin=0/3267 m0=(84,119) ml=(56,119) md=28/0/28 cxcy=84.0,119.6 guide=37.36 atg=-60.0/-60.0/-60.0 pure=20.82/20.82 yaw=-2242 cmd=-2442 actual=7 signed=1 rps=7147/453:3216/3076 duty=21/0 pwm=PWM2:21/PWM1:0 motor=2:21/1:0
ATGCorner: L=0@-1/0@-1 Y=0@-1/0@-1 farL=0@-1/0@-1 Lxy=-1.0,-1.0:-1.0,-1.0/-1.0,-1.0:-1.0,-1.0 Yxy=-1.0,-1.0:-1.0,-1.0/-1.0,-1.0:-1.0,-1.0 farLxy=-1.0,-1.0:-1.0,-1.0/-1.0,-1.0:-1.0,-1.0 best=-1:-1.0,-1.0:-1.0,-1.0:-57295.8:00000/3:109.9,109.6:128.4,85.6:3.3:10111 seed_src=circle/none seed=40.0,91.8/0.0,0.0 far_start=40,0 far_raw=0/0 far_num=0/0 straight=0/1 far_straight=0/0 conf_deg=0.0/3.3/0.0/0.0
CrossDiag: type=CROSS_NONE track=0 half_lr=0/0 nearL=0@-1/0@-1 nearNum=0/124 centerNum=0/124 farL=0@-1/0@-1 farNum=0/0 farRaw=0/0 lost=1/0 not_have=0 final=92/17 flags=0/0
LineErr: aim=33 cxcy=84.0,119.6 left=0:0.00@-1,-1 dx=0.0 idx=-1/-1 dist=-1/-1 right=1:-0.47@85,78 dx=0.5 idx=0/16 dist=32/246 sel=1:57.82@56,125 dx=-27.9 idx=0/16 dist=32/32 edge=0:0.00@-1.0,-1.0 dx=0.0 width=0.0 l=-1,-1 r=111,79
ATGSeedDiag: seed=0@-1,-1/1@140,108 begin=7,108 block=5 clip=8
ATGLptDiag: best=-1(-57295.8) imip=-1/-1 pass=00000 acc=-1 ipm=-1.0,-1.0 inv=-1.0,-1.0 | 3(3.3) imip=0/13 pass=10111 acc=-1 ipm=109.9,109.6 inv=128.4,85.6
frame=454 line=1 track=0 cross=0 circle=3(CIRCLE_LEFT_IN) round=0 yroad=0 ramp=0 road=7 speed=0 near=0/124 raw=0/105 sel=92/17 far=0/0 far_raw=0/0 l=0@-1/0@-1 far_l=0@-1/0@-1 straight=0/1 far_straight=0/0 circle_cnt=0/0/0/0 lost=1/0 conf=0.0/6.8/0.0/0.0 dist=18 begin=0/3267 m0=(84,119) ml=(56,119) md=28/0/28 cxcy=84.0,119.6 guide=37.36 atg=-60.0/-60.0/-60.0 pure=20.82/20.82 yaw=-2242 cmd=-2442 actual=-13 signed=1 rps=7147/453:3154/3016 duty=21/0 pwm=PWM2:21/PWM1:0 motor=2:21/1:0
ATGCorner: L=0@-1/0@-1 Y=0@-1/0@-1 farL=0@-1/0@-1 Lxy=-1.0,-1.0:-1.0,-1.0/-1.0,-1.0:-1.0,-1.0 Yxy=-1.0,-1.0:-1.0,-1.0/-1.0,-1.0:-1.0,-1.0 farLxy=-1.0,-1.0:-1.0,-1.0/-1.0,-1.0:-1.0,-1.0 best=-1:-1.0,-1.0:-1.0,-1.0:-57295.8:00000/1:109.6,114.2:135.2,98.0:6.8:10111 seed_src=circle/none seed=40.0,91.8/0.0,0.0 far_start=40,0 far_raw=0/0 far_num=0/0 straight=0/1 far_straight=0/0 conf_deg=0.0/6.8/0.0/0.0
CrossDiag: type=CROSS_NONE track=0 half_lr=0/0 nearL=0@-1/0@-1 nearNum=0/124 centerNum=0/124 farL=0@-1/0@-1 farNum=0/0 farRaw=0/0 lost=1/0 not_have=0 final=92/17 flags=0/0
LineErr: aim=33 cxcy=84.0,119.6 left=0:0.00@-1,-1 dx=0.0 idx=-1/-1 dist=-1/-1 right=1:-0.52@85,78 dx=0.6 idx=0/16 dist=32/246 sel=1:57.82@56,125 dx=-27.9 idx=0/16 dist=32/32 edge=0:0.00@-1.0,-1.0 dx=0.0 width=0.0 l=-1,-1 r=111,79
ATGSeedDiag: seed=0@-1,-1/1@140,108 begin=7,108 block=5 clip=8
ATGLptDiag: best=-1(-57295.8) imip=-1/-1 pass=00000 acc=-1 ipm=-1.0,-1.0 inv=-1.0,-1.0 | 1(6.8) imip=0/11 pass=10111 acc=-1 ipm=109.6,114.2 inv=135.2,98.0
frame=457 line=1 track=0 cross=0 circle=3(CIRCLE_LEFT_IN) round=0 yroad=0 ramp=0 road=7 speed=0 near=0/124 raw=0/105 sel=92/17 far=0/0 far_raw=0/0 l=0@-1/0@-1 far_l=0@-1/0@-1 straight=0/1 far_straight=0/0 circle_cnt=0/0/0/0 lost=1/0 conf=0.0/6.4/0.0/0.0 dist=45 begin=0/3267 m0=(84,119) ml=(56,119) md=28/0/28 cxcy=84.0,119.6 guide=37.36 atg=-60.0/-60.0/-60.0 pure=20.82/20.82 yaw=-2242 cmd=-2442 actual=-167 signed=1 rps=7147/453:3143/3064 duty=21/0 pwm=PWM2:21/PWM1:0 motor=2:21/1:0
ATGCorner: L=0@-1/0@-1 Y=0@-1/0@-1 farL=0@-1/0@-1 Lxy=-1.0,-1.0:-1.0,-1.0/-1.0,-1.0:-1.0,-1.0 Yxy=-1.0,-1.0:-1.0,-1.0/-1.0,-1.0:-1.0,-1.0 farLxy=-1.0,-1.0:-1.0,-1.0/-1.0,-1.0:-1.0,-1.0 best=-1:-1.0,-1.0:-1.0,-1.0:-57295.8:00000/1:109.6,114.2:135.2,98.0:6.4:10111 seed_src=circle/none seed=40.0,91.8/0.0,0.0 far_start=40,0 far_raw=0/0 far_num=0/0 straight=0/1 far_straight=0/0 conf_deg=0.0/6.4/0.0/0.0
CrossDiag: type=CROSS_NONE track=0 half_lr=0/0 nearL=0@-1/0@-1 nearNum=0/124 centerNum=0/124 farL=0@-1/0@-1 farNum=0/0 farRaw=0/0 lost=1/0 not_have=0 final=92/17 flags=0/0
LineErr: aim=33 cxcy=84.0,119.6 left=0:0.00@-1,-1 dx=0.0 idx=-1/-1 dist=-1/-1 right=1:-0.82@85,78 dx=0.9 idx=0/16 dist=32/246 sel=1:57.82@56,125 dx=-27.9 idx=0/16 dist=32/32 edge=0:0.00@-1.0,-1.0 dx=0.0 width=0.0 l=-1,-1 r=111,79
ATGSeedDiag: seed=0@-1,-1/1@140,108 begin=7,108 block=5 clip=8
ATGLptDiag: best=-1(-57295.8) imip=-1/-1 pass=00000 acc=-1 ipm=-1.0,-1.0 inv=-1.0,-1.0 | 1(6.4) imip=0/11 pass=10111 acc=-1 ipm=109.6,114.2 inv=135.2,98.0
frame=462 line=1 track=0 cross=0 circle=3(CIRCLE_LEFT_IN) round=0 yroad=0 ramp=0 road=7 speed=0 near=0/1 raw=0/170 sel=92/17 far=0/0 far_raw=0/0 l=0@-1/0@-1 far_l=0@-1/0@-1 straight=0/0 far_straight=0/0 circle_cnt=0/0/0/0 lost=1/0 conf=0.0/0.0/0.0/0.0 dist=90 begin=0/3267 m0=(84,119) ml=(56,119) md=28/0/28 cxcy=84.0,119.6 guide=37.36 atg=-60.0/-60.0/-60.0 pure=20.82/20.82 yaw=-2242 cmd=-2442 actual=-557 signed=1 rps=7147/453:3447/3044 duty=21/0 pwm=PWM2:21/PWM1:0 motor=2:21/1:0
ATGCorner: L=0@-1/0@-1 Y=0@-1/0@-1 farL=0@-1/0@-1 Lxy=-1.0,-1.0:-1.0,-1.0/-1.0,-1.0:-1.0,-1.0 Yxy=-1.0,-1.0:-1.0,-1.0/-1.0,-1.0:-1.0,-1.0 farLxy=-1.0,-1.0:-1.0,-1.0/-1.0,-1.0:-1.0,-1.0 best=-1:-1.0,-1.0:-1.0,-1.0:-57295.8:00000/-1:-1.0,-1.0:-1.0,-1.0:-57295.8:00000 seed_src=circle/lost seed=40.0,91.8/0.0,0.0 far_start=40,0 far_raw=0/0 far_num=0/0 straight=0/0 far_straight=0/0 conf_deg=0.0/0.0/0.0/0.0
CrossDiag: type=CROSS_NONE track=0 half_lr=0/0 nearL=0@-1/0@-1 nearNum=0/1 centerNum=0/1 farL=0@-1/0@-1 farNum=0/0 farRaw=0/0 lost=1/0 not_have=0 final=92/17 flags=0/0
LineErr: aim=33 cxcy=84.0,119.6 left=0:0.00@-1,-1 dx=0.0 idx=-1/-1 dist=-1/-1 right=0:0.00@-1,-1 dx=0.0 idx=-1/-1 dist=-1/-1 sel=1:57.82@56,125 dx=-27.9 idx=0/16 dist=32/32 edge=0:0.00@-1.0,-1.0 dx=0.0 width=0.0 l=-1,-1 r=-1,-1
ATGSeedDiag: seed=0@-1,-1/1@120,108 begin=7,108 block=5 clip=8
ATGLptDiag: best=-1(-57295.8) imip=-1/-1 pass=00000 acc=-1 ipm=-1.0,-1.0 inv=-1.0,-1.0 | -1(-57295.8) imip=-1/-1 pass=00000 acc=-1 ipm=-1.0,-1.0 inv=-1.0,-1.0
frame=463 line=1 track=0 cross=0 circle=3(CIRCLE_LEFT_IN) round=0 yroad=0 ramp=0 road=7 speed=0 near=0/124 raw=0/105 sel=92/17 far=0/0 far_raw=0/0 l=0@-1/0@-1 far_l=0@-1/0@-1 straight=0/1 far_straight=0/0 circle_cnt=0/0/0/0 lost=1/0 conf=0.0/3.3/0.0/0.0 dist=100 begin=0/3267 m0=(84,119) ml=(56,119) md=28/0/28 cxcy=84.0,119.6 guide=37.36 atg=-60.0/-60.0/-60.0 pure=20.82/20.82 yaw=-2242 cmd=-2442 actual=-631 signed=1 rps=7147/453:3753/3124 duty=21/0 pwm=PWM2:21/PWM1:0 motor=2:21/1:0
ATGCorner: L=0@-1/0@-1 Y=0@-1/0@-1 farL=0@-1/0@-1 Lxy=-1.0,-1.0:-1.0,-1.0/-1.0,-1.0:-1.0,-1.0 Yxy=-1.0,-1.0:-1.0,-1.0/-1.0,-1.0:-1.0,-1.0 farLxy=-1.0,-1.0:-1.0,-1.0/-1.0,-1.0:-1.0,-1.0 best=-1:-1.0,-1.0:-1.0,-1.0:-57295.8:00000/1:110.3,114.2:136.7,98.0:3.3:10111 seed_src=circle/none seed=40.0,91.8/0.0,0.0 far_start=40,0 far_raw=0/0 far_num=0/0 straight=0/1 far_straight=0/0 conf_deg=0.0/3.3/0.0/0.0
CrossDiag: type=CROSS_NONE track=0 half_lr=0/0 nearL=0@-1/0@-1 nearNum=0/124 centerNum=0/124 farL=0@-1/0@-1 farNum=0/0 farRaw=0/0 lost=1/0 not_have=0 final=92/17 flags=0/0
LineErr: aim=33 cxcy=84.0,119.6 left=0:0.00@-1,-1 dx=0.0 idx=-1/-1 dist=-1/-1 right=1:-2.12@86,78 dx=2.4 idx=0/16 dist=32/246 sel=1:57.82@56,125 dx=-27.9 idx=0/16 dist=32/32 edge=0:0.00@-1.0,-1.0 dx=0.0 width=0.0 l=-1,-1 r=112,80
ATGSeedDiag: seed=0@-1,-1/1@142,108 begin=7,108 block=5 clip=8
ATGLptDiag: best=-1(-57295.8) imip=-1/-1 pass=00000 acc=-1 ipm=-1.0,-1.0 inv=-1.0,-1.0 | 1(3.3) imip=0/11 pass=10111 acc=-1 ipm=110.3,114.2 inv=136.7,98.0
frame=464 line=1 track=0 cross=0 circle=3(CIRCLE_LEFT_IN) round=0 yroad=0 ramp=0 road=7 speed=0 near=0/126 raw=0/106 sel=92/17 far=0/0 far_raw=0/0 l=0@-1/0@-1 far_l=0@-1/0@-1 straight=0/1 far_straight=0/0 circle_cnt=0/0/0/0 lost=1/0 conf=0.0/3.9/0.0/0.0 dist=110 begin=0/3267 m0=(84,119) ml=(56,119) md=28/0/28 cxcy=84.0,119.6 guide=37.36 atg=-60.0/-60.0/-60.0 pure=20.82/20.82 yaw=-2242 cmd=-2442 actual=-706 signed=1 rps=7147/453:3748/2946 duty=21/0 pwm=PWM2:21/PWM1:0 motor=2:21/1:0
ATGCorner: L=0@-1/0@-1 Y=0@-1/0@-1 farL=0@-1/0@-1 Lxy=-1.0,-1.0:-1.0,-1.0/-1.0,-1.0:-1.0,-1.0 Yxy=-1.0,-1.0:-1.0,-1.0/-1.0,-1.0:-1.0,-1.0 farLxy=-1.0,-1.0:-1.0,-1.0/-1.0,-1.0:-1.0,-1.0 best=-1:-1.0,-1.0:-1.0,-1.0:-57295.8:00000/2:110.7,111.9:133.5,91.5:3.9:10111 seed_src=circle/none seed=40.0,91.8/0.0,0.0 far_start=40,0 far_raw=0/0 far_num=0/0 straight=0/1 far_straight=0/0 conf_deg=0.0/3.9/0.0/0.0
CrossDiag: type=CROSS_NONE track=0 half_lr=0/0 nearL=0@-1/0@-1 nearNum=0/126 centerNum=0/126 farL=0@-1/0@-1 farNum=0/0 farRaw=0/0 lost=1/0 not_have=0 final=92/17 flags=0/0
LineErr: aim=33 cxcy=84.0,119.6 left=0:0.00@-1,-1 dx=0.0 idx=-1/-1 dist=-1/-1 right=1:-2.46@87,78 dx=2.8 idx=0/16 dist=32/250 sel=1:57.82@56,125 dx=-27.9 idx=0/16 dist=32/32 edge=0:0.00@-1.0,-1.0 dx=0.0 width=0.0 l=-1,-1 r=113,80
ATGSeedDiag: seed=0@-1,-1/1@142,108 begin=7,108 block=5 clip=8
ATGLptDiag: best=-1(-57295.8) imip=-1/-1 pass=00000 acc=-1 ipm=-1.0,-1.0 inv=-1.0,-1.0 | 2(3.9) imip=0/12 pass=10111 acc=-1 ipm=110.7,111.9 inv=133.5,91.5
frame=465 line=1 track=0 cross=0 circle=3(CIRCLE_LEFT_IN) round=0 yroad=0 ramp=0 road=7 speed=0 near=0/126 raw=0/106 sel=92/17 far=0/0 far_raw=0/0 l=0@-1/0@-1 far_l=0@-1/0@-1 straight=0/1 far_straight=0/0 circle_cnt=0/0/0/0 lost=1/0 conf=0.0/5.2/0.0/0.0 dist=120 begin=0/3267 m0=(84,119) ml=(56,119) md=28/0/28 cxcy=84.0,119.6 guide=37.36 atg=-60.0/-60.0/-60.0 pure=20.82/20.82 yaw=-2242 cmd=-2442 actual=-779 signed=1 rps=7147/453:4056/2999 duty=20/0 pwm=PWM2:20/PWM1:0 motor=2:20/1:0
ATGCorner: L=0@-1/0@-1 Y=0@-1/0@-1 farL=0@-1/0@-1 Lxy=-1.0,-1.0:-1.0,-1.0/-1.0,-1.0:-1.0,-1.0 Yxy=-1.0,-1.0:-1.0,-1.0/-1.0,-1.0:-1.0,-1.0 farLxy=-1.0,-1.0:-1.0,-1.0/-1.0,-1.0:-1.0,-1.0 best=-1:-1.0,-1.0:-1.0,-1.0:-57295.8:00000/1:110.4,114.2:137.0,98.0:5.2:10111 seed_src=circle/none seed=40.0,91.8/0.0,0.0 far_start=40,0 far_raw=0/0 far_num=0/0 straight=0/1 far_straight=0/0 conf_deg=0.0/5.2/0.0/0.0
CrossDiag: type=CROSS_NONE track=0 half_lr=0/0 nearL=0@-1/0@-1 nearNum=0/126 centerNum=0/126 farL=0@-1/0@-1 farNum=0/0 farRaw=0/0 lost=1/0 not_have=0 final=92/17 flags=0/0
LineErr: aim=33 cxcy=84.0,119.6 left=0:0.00@-1,-1 dx=0.0 idx=-1/-1 dist=-1/-1 right=1:-2.86@87,77 dx=3.3 idx=0/16 dist=32/250 sel=1:57.82@56,125 dx=-27.9 idx=0/16 dist=32/32 edge=0:0.00@-1.0,-1.0 dx=0.0 width=0.0 l=-1,-1 r=113,80
ATGSeedDiag: seed=0@-1,-1/1@142,108 begin=7,108 block=5 clip=8
ATGLptDiag: best=-1(-57295.8) imip=-1/-1 pass=00000 acc=-1 ipm=-1.0,-1.0 inv=-1.0,-1.0 | 1(5.2) imip=0/11 pass=10111 acc=-1 ipm=110.4,114.2 inv=137.0,98.0
frame=466 line=1 track=0 cross=0 circle=3(CIRCLE_LEFT_IN) round=0 yroad=0 ramp=0 road=7 speed=0 near=0/127 raw=0/107 sel=92/17 far=0/0 far_raw=0/0 l=0@-1/0@-1 far_l=0@-1/0@-1 straight=0/1 far_straight=0/0 circle_cnt=0/0/0/0 lost=1/0 conf=0.0/4.4/0.0/0.0 dist=130 begin=0/3267 m0=(84,119) ml=(56,119) md=28/0/28 cxcy=84.0,119.6 guide=37.36 atg=-60.0/-60.0/-60.0 pure=20.82/20.82 yaw=-2242 cmd=-2442 actual=-847 signed=1 rps=7147/453:4008/2788 duty=20/0 pwm=PWM2:20/PWM1:0 motor=2:20/1:0
ATGCorner: L=0@-1/0@-1 Y=0@-1/0@-1 farL=0@-1/0@-1 Lxy=-1.0,-1.0:-1.0,-1.0/-1.0,-1.0:-1.0,-1.0 Yxy=-1.0,-1.0:-1.0,-1.0/-1.0,-1.0:-1.0,-1.0 farLxy=-1.0,-1.0:-1.0,-1.0/-1.0,-1.0:-1.0,-1.0 best=-1:-1.0,-1.0:-1.0,-1.0:-57295.8:00000/3:111.3,109.7:131.1,85.8:4.4:10111 seed_src=circle/none seed=40.0,91.8/0.0,0.0 far_start=40,0 far_raw=0/0 far_num=0/0 straight=0/1 far_straight=0/0 conf_deg=0.0/4.4/0.0/0.0
CrossDiag: type=CROSS_NONE track=0 half_lr=0/0 nearL=0@-1/0@-1 nearNum=0/127 centerNum=0/127 farL=0@-1/0@-1 farNum=0/0 farRaw=0/0 lost=1/0 not_have=0 final=92/17 flags=0/0
LineErr: aim=33 cxcy=84.0,119.6 left=0:0.00@-1,-1 dx=0.0 idx=-1/-1 dist=-1/-1 right=1:-3.20@88,78 dx=3.6 idx=0/16 dist=32/252 sel=1:57.82@56,125 dx=-27.9 idx=0/16 dist=32/32 edge=0:0.00@-1.0,-1.0 dx=0.0 width=0.0 l=-1,-1 r=114,80
ATGSeedDiag: seed=0@-1,-1/1@142,108 begin=7,108 block=5 clip=8
ATGLptDiag: best=-1(-57295.8) imip=-1/-1 pass=00000 acc=-1 ipm=-1.0,-1.0 inv=-1.0,-1.0 | 3(4.4) imip=0/13 pass=10111 acc=-1 ipm=111.3,109.7 inv=131.1,85.8
frame=467 line=1 track=0 cross=0 circle=3(CIRCLE_LEFT_IN) round=0 yroad=0 ramp=0 road=7 speed=0 near=0/127 raw=0/108 sel=92/17 far=0/0 far_raw=0/0 l=0@-1/0@-1 far_l=0@-1/0@-1 straight=0/1 far_straight=0/0 circle_cnt=0/0/0/0 lost=1/0 conf=0.0/6.3/0.0/0.0 dist=140 begin=0/3267 m0=(84,119) ml=(56,119) md=28/0/28 cxcy=84.0,119.6 guide=37.36 atg=-60.0/-60.0/-60.0 pure=20.82/20.82 yaw=-2242 cmd=-2442 actual=-922 signed=1 rps=7147/453:4323/2874 duty=20/0 pwm=PWM2:20/PWM1:0 motor=2:20/1:0
ATGCorner: L=0@-1/0@-1 Y=0@-1/0@-1 farL=0@-1/0@-1 Lxy=-1.0,-1.0:-1.0,-1.0/-1.0,-1.0:-1.0,-1.0 Yxy=-1.0,-1.0:-1.0,-1.0/-1.0,-1.0:-1.0,-1.0 farLxy=-1.0,-1.0:-1.0,-1.0/-1.0,-1.0:-1.0,-1.0 best=-1:-1.0,-1.0:-1.0,-1.0:-57295.8:00000/1:110.9,114.3:138.2,98.1:6.3:10111 seed_src=circle/none seed=40.0,91.8/0.0,0.0 far_start=40,0 far_raw=0/0 far_num=0/0 straight=0/1 far_straight=0/0 conf_deg=0.0/6.3/0.0/0.0
CrossDiag: type=CROSS_NONE track=0 half_lr=0/0 nearL=0@-1/0@-1 nearNum=0/127 centerNum=0/127 farL=0@-1/0@-1 farNum=0/0 farRaw=0/0 lost=1/0 not_have=0 final=92/17 flags=0/0
LineErr: aim=33 cxcy=84.0,119.6 left=0:0.00@-1,-1 dx=0.0 idx=-1/-1 dist=-1/-1 right=1:-3.64@88,77 dx=4.2 idx=0/16 dist=32/252 sel=1:57.82@56,125 dx=-27.9 idx=0/16 dist=32/32 edge=0:0.00@-1.0,-1.0 dx=0.0 width=0.0 l=-1,-1 r=114,80
ATGSeedDiag: seed=0@-1,-1/1@143,108 begin=7,108 block=5 clip=8
ATGLptDiag: best=-1(-57295.8) imip=-1/-1 pass=00000 acc=-1 ipm=-1.0,-1.0 inv=-1.0,-1.0 | 1(6.3) imip=0/11 pass=10111 acc=-1 ipm=110.9,114.3 inv=138.2,98.1
frame=468 line=1 track=0 cross=0 circle=3(CIRCLE_LEFT_IN) round=0 yroad=0 ramp=0 road=7 speed=0 near=0/127 raw=0/107 sel=92/17 far=0/0 far_raw=0/0 l=0@-1/0@-1 far_l=0@-1/0@-1 straight=0/1 far_straight=0/0 circle_cnt=0/0/0/0 lost=1/0 conf=0.0/3.5/0.0/0.0 dist=150 begin=0/3267 m0=(84,119) ml=(56,119) md=28/0/28 cxcy=84.0,119.6 guide=37.36 atg=-60.0/-60.0/-60.0 pure=20.82/20.82 yaw=-2242 cmd=-2442 actual=-993 signed=1 rps=7147/453:4420/2917 duty=20/0 pwm=PWM2:20/PWM1:0 motor=2:20/1:0
ATGCorner: L=0@-1/0@-1 Y=0@-1/0@-1 farL=0@-1/0@-1 Lxy=-1.0,-1.0:-1.0,-1.0/-1.0,-1.0:-1.0,-1.0 Yxy=-1.0,-1.0:-1.0,-1.0/-1.0,-1.0:-1.0,-1.0 farLxy=-1.0,-1.0:-1.0,-1.0/-1.0,-1.0:-1.0,-1.0 best=-1:-1.0,-1.0:-1.0,-1.0:-57295.8:00000/3:112.0,109.7:132.6,85.8:3.5:10111 seed_src=circle/none seed=40.0,91.8/0.0,0.0 far_start=40,0 far_raw=0/0 far_num=0/0 straight=0/1 far_straight=0/0 conf_deg=0.0/3.5/0.0/0.0
CrossDiag: type=CROSS_NONE track=0 half_lr=0/0 nearL=0@-1/0@-1 nearNum=0/127 centerNum=0/127 farL=0@-1/0@-1 farNum=0/0 farRaw=0/0 lost=1/0 not_have=0 final=92/17 flags=0/0
LineErr: aim=33 cxcy=84.0,119.6 left=0:0.00@-1,-1 dx=0.0 idx=-1/-1 dist=-1/-1 right=1:-4.42@89,77 dx=5.1 idx=0/16 dist=32/252 sel=1:57.82@56,125 dx=-27.9 idx=0/16 dist=32/32 edge=0:0.00@-1.0,-1.0 dx=0.0 width=0.0 l=-1,-1 r=115,80
ATGSeedDiag: seed=0@-1,-1/1@144,108 begin=7,108 block=5 clip=8
ATGLptDiag: best=-1(-57295.8) imip=-1/-1 pass=00000 acc=-1 ipm=-1.0,-1.0 inv=-1.0,-1.0 | 3(3.5) imip=0/13 pass=10111 acc=-1 ipm=112.0,109.7 inv=132.6,85.8
frame=470 line=1 track=0 cross=0 circle=3(CIRCLE_LEFT_IN) round=0 yroad=0 ramp=0 road=7 speed=0 near=0/127 raw=0/106 sel=92/17 far=0/0 far_raw=0/0 l=0@-1/0@-1 far_l=0@-1/0@-1 straight=0/1 far_straight=0/0 circle_cnt=0/0/0/0 lost=1/0 conf=0.0/5.7/0.0/0.0 dist=170 begin=0/3267 m0=(84,119) ml=(56,119) md=28/0/28 cxcy=84.0,119.6 guide=37.36 atg=-60.0/-60.0/-60.0 pure=20.82/20.82 yaw=-2242 cmd=-2442 actual=-1104 signed=1 rps=7147/453:4389/2964 duty=20/0 pwm=PWM2:20/PWM1:0 motor=2:20/1:0
ATGCorner: L=0@-1/0@-1 Y=0@-1/0@-1 farL=0@-1/0@-1 Lxy=-1.0,-1.0:-1.0,-1.0/-1.0,-1.0:-1.0,-1.0 Yxy=-1.0,-1.0:-1.0,-1.0/-1.0,-1.0:-1.0,-1.0 farLxy=-1.0,-1.0:-1.0,-1.0/-1.0,-1.0:-1.0,-1.0 best=-1:-1.0,-1.0:-1.0,-1.0:-57295.8:00000/1:111.9,114.3:140.3,98.1:5.7:10111 seed_src=circle/none seed=40.0,91.8/0.0,0.0 far_start=40,0 far_raw=0/0 far_num=0/0 straight=0/1 far_straight=0/0 conf_deg=0.0/5.7/0.0/0.0
CrossDiag: type=CROSS_NONE track=0 half_lr=0/0 nearL=0@-1/0@-1 nearNum=0/127 centerNum=0/127 farL=0@-1/0@-1 farNum=0/0 farRaw=0/0 lost=1/0 not_have=0 final=92/17 flags=0/0
LineErr: aim=33 cxcy=84.0,119.6 left=0:0.00@-1,-1 dx=0.0 idx=-1/-1 dist=-1/-1 right=1:-5.96@91,76 dx=6.9 idx=0/16 dist=32/252 sel=1:57.82@56,125 dx=-27.9 idx=0/16 dist=32/32 edge=0:0.00@-1.0,-1.0 dx=0.0 width=0.0 l=-1,-1 r=117,80
ATGSeedDiag: seed=0@-1,-1/1@145,108 begin=7,108 block=5 clip=8
ATGLptDiag: best=-1(-57295.8) imip=-1/-1 pass=00000 acc=-1 ipm=-1.0,-1.0 inv=-1.0,-1.0 | 1(5.7) imip=0/11 pass=10111 acc=-1 ipm=111.9,114.3 inv=140.3,98.1
frame=472 line=1 track=0 cross=0 circle=3(CIRCLE_LEFT_IN) round=0 yroad=0 ramp=0 road=7 speed=0 near=0/127 raw=0/107 sel=92/17 far=0/0 far_raw=0/0 l=0@-1/0@-1 far_l=0@-1/0@-1 straight=0/1 far_straight=0/0 circle_cnt=0/0/0/0 lost=1/0 conf=0.0/5.8/0.0/0.0 dist=190 begin=0/3267 m0=(84,119) ml=(56,119) md=28/0/28 cxcy=84.0,119.6 guide=37.36 atg=-60.0/-60.0/-60.0 pure=20.82/20.82 yaw=-2242 cmd=-2442 actual=-1174 signed=1 rps=7147/453:4225/3079 duty=20/0 pwm=PWM2:20/PWM1:0 motor=2:20/1:0
ATGCorner: L=0@-1/0@-1 Y=0@-1/0@-1 farL=0@-1/0@-1 Lxy=-1.0,-1.0:-1.0,-1.0/-1.0,-1.0:-1.0,-1.0 Yxy=-1.0,-1.0:-1.0,-1.0/-1.0,-1.0:-1.0,-1.0 farLxy=-1.0,-1.0:-1.0,-1.0/-1.0,-1.0:-1.0,-1.0 best=-1:-1.0,-1.0:-1.0,-1.0:-57295.8:00000/2:113.0,112.1:138.6,91.8:5.8:10111 seed_src=circle/none seed=40.0,91.8/0.0,0.0 far_start=40,0 far_raw=0/0 far_num=0/0 straight=0/1 far_straight=0/0 conf_deg=0.0/5.8/0.0/0.0
CrossDiag: type=CROSS_NONE track=0 half_lr=0/0 nearL=0@-1/0@-1 nearNum=0/127 centerNum=0/127 farL=0@-1/0@-1 farNum=0/0 farRaw=0/0 lost=1/0 not_have=0 final=92/17 flags=0/0
LineErr: aim=33 cxcy=84.0,119.6 left=0:0.00@-1,-1 dx=0.0 idx=-1/-1 dist=-1/-1 right=1:-7.11@92,76 dx=8.3 idx=0/16 dist=32/252 sel=1:57.82@56,125 dx=-27.9 idx=0/16 dist=32/32 edge=0:0.00@-1.0,-1.0 dx=0.0 width=0.0 l=-1,-1 r=118,80
ATGSeedDiag: seed=0@-1,-1/1@146,108 begin=7,108 block=5 clip=8
ATGLptDiag: best=-1(-57295.8) imip=-1/-1 pass=00000 acc=-1 ipm=-1.0,-1.0 inv=-1.0,-1.0 | 2(5.8) imip=0/12 pass=10111 acc=-1 ipm=113.0,112.1 inv=138.6,91.8
frame=473 line=1 track=0 cross=0 circle=3(CIRCLE_LEFT_IN) round=0 yroad=0 ramp=0 road=7 speed=0 near=0/128 raw=0/107 sel=92/17 far=0/0 far_raw=0/0 l=0@-1/0@-1 far_l=0@-1/0@-1 straight=0/1 far_straight=0/0 circle_cnt=0/0/0/0 lost=1/0 conf=0.0/7.6/0.0/0.0 dist=200 begin=0/3267 m0=(84,119) ml=(56,119) md=28/0/28 cxcy=84.0,119.6 guide=37.36 atg=-60.0/-60.0/-60.0 pure=20.82/20.82 yaw=-2242 cmd=-2442 actual=-1204 signed=1 rps=7147/453:4203/3264 duty=20/0 pwm=PWM2:20/PWM1:0 motor=2:20/1:0
ATGCorner: L=0@-1/0@-1 Y=0@-1/0@-1 farL=0@-1/0@-1 Lxy=-1.0,-1.0:-1.0,-1.0/-1.0,-1.0:-1.0,-1.0 Yxy=-1.0,-1.0:-1.0,-1.0/-1.0,-1.0:-1.0,-1.0 farLxy=-1.0,-1.0:-1.0,-1.0/-1.0,-1.0:-1.0,-1.0 best=-1:-1.0,-1.0:-1.0,-1.0:-57295.8:00000/1:112.8,114.1:141.9,97.4:7.6:10111 seed_src=circle/none seed=40.0,91.8/0.0,0.0 far_start=40,0 far_raw=0/0 far_num=0/0 straight=0/1 far_straight=0/0 conf_deg=0.0/7.6/0.0/0.0
CrossDiag: type=CROSS_NONE track=0 half_lr=0/0 nearL=0@-1/0@-1 nearNum=0/128 centerNum=0/128 farL=0@-1/0@-1 farNum=0/0 farRaw=0/0 lost=1/0 not_have=0 final=92/17 flags=0/0
LineErr: aim=33 cxcy=84.0,119.6 left=0:0.00@-1,-1 dx=0.0 idx=-1/-1 dist=-1/-1 right=1:-7.86@93,75 dx=9.3 idx=0/16 dist=32/254 sel=1:57.82@56,125 dx=-27.9 idx=0/16 dist=32/32 edge=0:0.00@-1.0,-1.0 dx=0.0 width=0.0 l=-1,-1 r=119,80
ATGSeedDiag: seed=0@-1,-1/1@146,107 begin=7,108 block=5 clip=8
ATGLptDiag: best=-1(-57295.8) imip=-1/-1 pass=00000 acc=-1 ipm=-1.0,-1.0 inv=-1.0,-1.0 | 1(7.6) imip=0/11 pass=10111 acc=-1 ipm=112.8,114.1 inv=141.9,97.4
frame=474 line=1 track=0 cross=0 circle=3(CIRCLE_LEFT_IN) round=0 yroad=0 ramp=0 road=7 speed=0 near=0/128 raw=0/109 sel=92/17 far=0/0 far_raw=0/0 l=0@-1/0@-1 far_l=0@-1/0@-1 straight=0/1 far_straight=0/0 circle_cnt=0/0/0/0 lost=1/0 conf=0.0/4.2/0.0/0.0 dist=210 begin=0/3267 m0=(84,119) ml=(56,119) md=28/0/28 cxcy=84.0,119.6 guide=37.36 atg=-60.0/-60.0/-60.0 pure=20.82/20.82 yaw=-2242 cmd=-2442 actual=-1242 signed=1 rps=7147/453:4028/3232 duty=21/0 pwm=PWM2:21/PWM1:0 motor=2:21/1:0
ATGCorner: L=0@-1/0@-1 Y=0@-1/0@-1 farL=0@-1/0@-1 Lxy=-1.0,-1.0:-1.0,-1.0/-1.0,-1.0:-1.0,-1.0 Yxy=-1.0,-1.0:-1.0,-1.0/-1.0,-1.0:-1.0,-1.0 farLxy=-1.0,-1.0:-1.0,-1.0/-1.0,-1.0:-1.0,-1.0 best=-1:-1.0,-1.0:-1.0,-1.0:-57295.8:00000/2:113.8,112.1:140.1,91.8:4.2:10111 seed_src=circle/none seed=40.0,91.8/0.0,0.0 far_start=40,0 far_raw=0/0 far_num=0/0 straight=0/1 far_straight=0/0 conf_deg=0.0/4.2/0.0/0.0
CrossDiag: type=CROSS_NONE track=0 half_lr=0/0 nearL=0@-1/0@-1 nearNum=0/128 centerNum=0/128 farL=0@-1/0@-1 farNum=0/0 farRaw=0/0 lost=1/0 not_have=0 final=92/17 flags=0/0
LineErr: aim=33 cxcy=84.0,119.6 left=0:0.00@-1,-1 dx=0.0 idx=-1/-1 dist=-1/-1 right=1:-8.59@94,75 dx=10.2 idx=0/16 dist=32/254 sel=1:57.82@56,125 dx=-27.9 idx=0/16 dist=32/32 edge=0:0.00@-1.0,-1.0 dx=0.0 width=0.0 l=-1,-1 r=120,80
ATGSeedDiag: seed=0@-1,-1/1@147,108 begin=7,108 block=5 clip=8
ATGLptDiag: best=-1(-57295.8) imip=-1/-1 pass=00000 acc=-1 ipm=-1.0,-1.0 inv=-1.0,-1.0 | 2(4.2) imip=0/12 pass=10111 acc=-1 ipm=113.8,112.1 inv=140.1,91.8
frame=475 line=1 track=0 cross=0 circle=3(CIRCLE_LEFT_IN) round=0 yroad=0 ramp=0 road=7 speed=0 near=0/128 raw=0/108 sel=92/17 far=0/0 far_raw=0/0 l=0@-1/0@-1 far_l=0@-1/0@-1 straight=0/1 far_straight=0/0 circle_cnt=0/0/0/0 lost=1/0 conf=0.0/6.8/0.0/0.0 dist=221 begin=0/3267 m0=(84,119) ml=(56,119) md=28/0/28 cxcy=84.0,119.6 guide=37.36 atg=-60.0/-60.0/-60.0 pure=20.82/20.82 yaw=-2242 cmd=-2442 actual=-1291 signed=1 rps=7147/453:4196/3462 duty=20/0 pwm=PWM2:20/PWM1:0 motor=2:20/1:0
ATGCorner: L=0@-1/0@-1 Y=0@-1/0@-1 farL=0@-1/0@-1 Lxy=-1.0,-1.0:-1.0,-1.0/-1.0,-1.0:-1.0,-1.0 Yxy=-1.0,-1.0:-1.0,-1.0/-1.0,-1.0:-1.0,-1.0 farLxy=-1.0,-1.0:-1.0,-1.0/-1.0,-1.0:-1.0,-1.0 best=-1:-1.0,-1.0:-1.0,-1.0:-57295.8:00000/1:113.5,114.4:143.9,98.3:6.8:10111 seed_src=circle/none seed=40.0,91.8/0.0,0.0 far_start=40,0 far_raw=0/0 far_num=0/0 straight=0/1 far_straight=0/0 conf_deg=0.0/6.8/0.0/0.0
CrossDiag: type=CROSS_NONE track=0 half_lr=0/0 nearL=0@-1/0@-1 nearNum=0/128 centerNum=0/128 farL=0@-1/0@-1 farNum=0/0 farRaw=0/0 lost=1/0 not_have=0 final=92/17 flags=0/0
LineErr: aim=33 cxcy=84.0,119.6 left=0:0.00@-1,-1 dx=0.0 idx=-1/-1 dist=-1/-1 right=1:-9.45@95,75 dx=11.3 idx=0/16 dist=32/254 sel=1:57.82@56,125 dx=-27.9 idx=0/16 dist=32/32 edge=0:0.00@-1.0,-1.0 dx=0.0 width=0.0 l=-1,-1 r=121,80
ATGSeedDiag: seed=0@-1,-1/1@148,108 begin=7,108 block=5 clip=8
ATGLptDiag: best=-1(-57295.8) imip=-1/-1 pass=00000 acc=-1 ipm=-1.0,-1.0 inv=-1.0,-1.0 | 1(6.8) imip=0/11 pass=10111 acc=-1 ipm=113.5,114.4 inv=143.9,98.3
frame=477 line=1 track=0 cross=0 circle=3(CIRCLE_LEFT_IN) round=0 yroad=0 ramp=0 road=7 speed=0 near=0/128 raw=0/107 sel=92/17 far=0/0 far_raw=0/0 l=0@-1/0@-1 far_l=0@-1/0@-1 straight=0/1 far_straight=0/0 circle_cnt=0/0/0/0 lost=1/0 conf=0.0/5.5/0.0/0.0 dist=241 begin=0/3267 m0=(84,119) ml=(56,119) md=28/0/28 cxcy=84.0,119.6 guide=37.36 atg=-60.0/-60.0/-60.0 pure=20.82/20.82 yaw=-2242 cmd=-2442 actual=-1351 signed=1 rps=7147/453:4374/3331 duty=20/0 pwm=PWM2:20/PWM1:0 motor=2:20/1:0
ATGCorner: L=0@-1/0@-1 Y=0@-1/0@-1 farL=0@-1/0@-1 Lxy=-1.0,-1.0:-1.0,-1.0/-1.0,-1.0:-1.0,-1.0 Yxy=-1.0,-1.0:-1.0,-1.0/-1.0,-1.0:-1.0,-1.0 farLxy=-1.0,-1.0:-1.0,-1.0/-1.0,-1.0:-1.0,-1.0 best=-1:-1.0,-1.0:-1.0,-1.0:-57295.8:00000/3:115.8,110.0:140.5,86.4:5.5:10111 seed_src=circle/none seed=40.0,91.8/0.0,0.0 far_start=40,0 far_raw=0/0 far_num=0/0 straight=0/1 far_straight=0/0 conf_deg=0.0/5.5/0.0/0.0
CrossDiag: type=CROSS_NONE track=0 half_lr=0/0 nearL=0@-1/0@-1 nearNum=0/128 centerNum=0/128 farL=0@-1/0@-1 farNum=0/0 farRaw=0/0 lost=1/0 not_have=0 final=92/17 flags=0/0
LineErr: aim=33 cxcy=84.0,119.6 left=0:0.00@-1,-1 dx=0.0 idx=-1/-1 dist=-1/-1 right=1:-11.13@97,75 dx=13.4 idx=0/16 dist=32/254 sel=1:57.82@56,125 dx=-27.9 idx=0/16 dist=32/32 edge=0:0.00@-1.0,-1.0 dx=0.0 width=0.0 l=-1,-1 r=123,81
ATGSeedDiag: seed=0@-1,-1/1@150,108 begin=7,108 block=5 clip=8
ATGLptDiag: best=-1(-57295.8) imip=-1/-1 pass=00000 acc=-1 ipm=-1.0,-1.0 inv=-1.0,-1.0 | 3(5.5) imip=0/13 pass=10111 acc=-1 ipm=115.8,110.0 inv=140.5,86.4
frame=480 line=1 track=0 cross=0 circle=3(CIRCLE_LEFT_IN) round=0 yroad=0 ramp=0 road=7 speed=0 near=0/130 raw=0/109 sel=92/17 far=0/0 far_raw=0/0 l=0@-1/0@-1 far_l=0@-1/0@-1 straight=0/1 far_straight=0/0 circle_cnt=0/0/0/0 lost=1/0 conf=0.0/3.8/0.0/0.0 dist=274 begin=0/3267 m0=(84,119) ml=(56,119) md=28/0/28 cxcy=84.0,119.6 guide=37.36 atg=-60.0/-60.0/-60.0 pure=20.82/20.82 yaw=-2242 cmd=-2442 actual=-1427 signed=1 rps=7147/453:4869/3387 duty=20/0 pwm=PWM2:20/PWM1:0 motor=2:20/1:0
ATGCorner: L=0@-1/0@-1 Y=0@-1/0@-1 farL=0@-1/0@-1 Lxy=-1.0,-1.0:-1.0,-1.0/-1.0,-1.0:-1.0,-1.0 Yxy=-1.0,-1.0:-1.0,-1.0/-1.0,-1.0:-1.0,-1.0 farLxy=-1.0,-1.0:-1.0,-1.0/-1.0,-1.0:-1.0,-1.0 best=-1:-1.0,-1.0:-1.0,-1.0:-57295.8:00000/2:116.7,112.0:146.0,91.4:3.8:10111 seed_src=circle/none seed=40.0,91.8/0.0,0.0 far_start=40,0 far_raw=0/0 far_num=0/0 straight=0/1 far_straight=0/0 conf_deg=0.0/3.8/0.0/0.0
CrossDiag: type=CROSS_NONE track=0 half_lr=0/0 nearL=0@-1/0@-1 nearNum=0/130 centerNum=0/130 farL=0@-1/0@-1 farNum=0/0 farRaw=0/0 lost=1/0 not_have=0 final=92/17 flags=0/0
LineErr: aim=33 cxcy=84.0,119.6 left=0:0.00@-1,-1 dx=0.0 idx=-1/-1 dist=-1/-1 right=1:-13.62@101,74 dx=16.8 idx=0/16 dist=32/256 sel=1:57.82@56,125 dx=-27.9 idx=0/16 dist=32/32 edge=0:0.00@-1.0,-1.0 dx=0.0 width=0.0 l=-1,-1 r=126,81
ATGSeedDiag: seed=0@-1,-1/1@152,107 begin=7,108 block=5 clip=8
ATGLptDiag: best=-1(-57295.8) imip=-1/-1 pass=00000 acc=-1 ipm=-1.0,-1.0 inv=-1.0,-1.0 | 2(3.8) imip=0/12 pass=10111 acc=-1 ipm=116.7,112.0 inv=146.0,91.4
frame=481 line=1 track=0 cross=0 circle=3(CIRCLE_LEFT_IN) round=0 yroad=0 ramp=0 road=7 speed=0 near=0/131 raw=0/110 sel=92/17 far=0/0 far_raw=0/0 l=0@-1/0@-1 far_l=0@-1/0@-1 straight=0/1 far_straight=0/0 circle_cnt=0/0/0/0 lost=1/0 conf=0.0/9.4/0.0/0.0 dist=285 begin=0/3267 m0=(84,119) ml=(56,119) md=28/0/28 cxcy=84.0,119.6 guide=37.36 atg=-60.0/-60.0/-60.0 pure=20.82/20.82 yaw=-2242 cmd=-2442 actual=-1445 signed=1 rps=7147/453:4713/3267 duty=20/0 pwm=PWM2:20/PWM1:0 motor=2:20/1:0
ATGCorner: L=0@-1/0@-1 Y=0@-1/0@-1 farL=0@-1/0@-1 Lxy=-1.0,-1.0:-1.0,-1.0/-1.0,-1.0:-1.0,-1.0 Yxy=-1.0,-1.0:-1.0,-1.0/-1.0,-1.0:-1.0,-1.0 farLxy=-1.0,-1.0:-1.0,-1.0/-1.0,-1.0:-1.0,-1.0 best=-1:-1.0,-1.0:-1.0,-1.0:-57295.8:00000/1:116.2,114.2:149.7,97.8:9.4:10111 seed_src=circle/none seed=40.0,91.8/0.0,0.0 far_start=40,0 far_raw=0/0 far_num=0/0 straight=0/1 far_straight=0/0 conf_deg=0.0/9.4/0.0/0.0
CrossDiag: type=CROSS_NONE track=0 half_lr=0/0 nearL=0@-1/0@-1 nearNum=0/131 centerNum=0/131 farL=0@-1/0@-1 farNum=0/0 farRaw=0/0 lost=1/0 not_have=0 final=92/17 flags=0/0
LineErr: aim=33 cxcy=84.0,119.6 left=0:0.00@-1,-1 dx=0.0 idx=-1/-1 dist=-1/-1 right=1:-14.63@102,74 dx=18.0 idx=0/16 dist=32/257 sel=1:57.82@56,125 dx=-27.9 idx=0/16 dist=32/32 edge=0:0.00@-1.0,-1.0 dx=0.0 width=0.0 l=-1,-1 r=127,81
ATGSeedDiag: seed=0@-1,-1/1@153,107 begin=7,108 block=5 clip=8
ATGLptDiag: best=-1(-57295.8) imip=-1/-1 pass=00000 acc=-1 ipm=-1.0,-1.0 inv=-1.0,-1.0 | 1(9.4) imip=0/11 pass=10111 acc=-1 ipm=116.2,114.2 inv=149.7,97.8
frame=482 line=1 track=0 cross=0 circle=3(CIRCLE_LEFT_IN) round=0 yroad=0 ramp=0 road=7 speed=0 near=0/1 raw=0/170 sel=92/17 far=0/0 far_raw=0/0 l=0@-1/0@-1 far_l=0@-1/0@-1 straight=0/0 far_straight=0/0 circle_cnt=0/0/0/0 lost=1/0 conf=0.0/0.0/0.0/0.0 dist=296 begin=0/3267 m0=(84,119) ml=(56,119) md=28/0/28 cxcy=84.0,119.6 guide=37.36 atg=-60.0/-60.0/-60.0 pure=20.82/20.82 yaw=-2242 cmd=-2442 actual=-1459 signed=1 rps=7147/453:4951/3373 duty=19/0 pwm=PWM2:19/PWM1:0 motor=2:19/1:0
ATGCorner: L=0@-1/0@-1 Y=0@-1/0@-1 farL=0@-1/0@-1 Lxy=-1.0,-1.0:-1.0,-1.0/-1.0,-1.0:-1.0,-1.0 Yxy=-1.0,-1.0:-1.0,-1.0/-1.0,-1.0:-1.0,-1.0 farLxy=-1.0,-1.0:-1.0,-1.0/-1.0,-1.0:-1.0,-1.0 best=-1:-1.0,-1.0:-1.0,-1.0:-57295.8:00000/-1:-1.0,-1.0:-1.0,-1.0:-57295.8:00000 seed_src=circle/lost seed=40.0,91.8/0.0,0.0 far_start=40,0 far_raw=0/0 far_num=0/0 straight=0/0 far_straight=0/0 conf_deg=0.0/0.0/0.0/0.0
CrossDiag: type=CROSS_NONE track=0 half_lr=0/0 nearL=0@-1/0@-1 nearNum=0/1 centerNum=0/1 farL=0@-1/0@-1 farNum=0/0 farRaw=0/0 lost=1/0 not_have=0 final=92/17 flags=0/0
LineErr: aim=33 cxcy=84.0,119.6 left=0:0.00@-1,-1 dx=0.0 idx=-1/-1 dist=-1/-1 right=0:0.00@-1,-1 dx=0.0 idx=-1/-1 dist=-1/-1 sel=1:57.82@56,125 dx=-27.9 idx=0/16 dist=32/32 edge=0:0.00@-1.0,-1.0 dx=0.0 width=0.0 l=-1,-1 r=-1,-1
ATGSeedDiag: seed=0@-1,-1/1@118,107 begin=7,108 block=5 clip=8
ATGLptDiag: best=-1(-57295.8) imip=-1/-1 pass=00000 acc=-1 ipm=-1.0,-1.0 inv=-1.0,-1.0 | -1(-57295.8) imip=-1/-1 pass=00000 acc=-1 ipm=-1.0,-1.0 inv=-1.0,-1.0
frame=483 line=1 track=0 cross=0 circle=3(CIRCLE_LEFT_IN) round=0 yroad=0 ramp=0 road=7 speed=0 near=0/131 raw=0/108 sel=92/17 far=0/0 far_raw=0/0 l=0@-1/0@-1 far_l=0@-1/0@-1 straight=0/1 far_straight=0/0 circle_cnt=0/0/0/0 lost=1/0 conf=0.0/2.9/0.0/0.0 dist=307 begin=0/3267 m0=(84,119) ml=(56,119) md=28/0/28 cxcy=84.0,119.6 guide=37.36 atg=-60.0/-60.0/-60.0 pure=20.82/20.82 yaw=-2242 cmd=-2442 actual=-1475 signed=1 rps=7147/453:4740/3192 duty=20/0 pwm=PWM2:20/PWM1:0 motor=2:20/1:0
ATGCorner: L=0@-1/0@-1 Y=0@-1/0@-1 farL=0@-1/0@-1 Lxy=-1.0,-1.0:-1.0,-1.0/-1.0,-1.0:-1.0,-1.0 Yxy=-1.0,-1.0:-1.0,-1.0/-1.0,-1.0:-1.0,-1.0 farLxy=-1.0,-1.0:-1.0,-1.0/-1.0,-1.0:-1.0,-1.0 best=-1:-1.0,-1.0:-1.0,-1.0:-57295.8:00000/1:117.3,114.2:151.9,97.7:2.9:10111 seed_src=circle/none seed=40.0,91.8/0.0,0.0 far_start=40,0 far_raw=0/0 far_num=0/0 straight=0/1 far_straight=0/0 conf_deg=0.0/2.9/0.0/0.0
CrossDiag: type=CROSS_NONE track=0 half_lr=0/0 nearL=0@-1/0@-1 nearNum=0/131 centerNum=0/131 farL=0@-1/0@-1 farNum=0/0 farRaw=0/0 lost=1/0 not_have=0 final=92/17 flags=0/0
LineErr: aim=33 cxcy=84.0,119.6 left=0:0.00@-1,-1 dx=0.0 idx=-1/-1 dist=-1/-1 right=1:-16.65@105,73 dx=20.8 idx=0/16 dist=32/260 sel=1:57.82@56,125 dx=-27.9 idx=0/16 dist=32/32 edge=0:0.00@-1.0,-1.0 dx=0.0 width=0.0 l=-1,-1 r=130,82
ATGSeedDiag: seed=0@-1,-1/1@155,107 begin=7,108 block=5 clip=8
ATGLptDiag: best=-1(-57295.8) imip=-1/-1 pass=00000 acc=-1 ipm=-1.0,-1.0 inv=-1.0,-1.0 | 1(2.9) imip=0/11 pass=10111 acc=-1 ipm=117.3,114.2 inv=151.9,97.7
frame=484 line=1 track=0 cross=0 circle=3(CIRCLE_LEFT_IN) round=0 yroad=0 ramp=0 road=7 speed=0 near=0/131 raw=0/104 sel=92/17 far=0/0 far_raw=0/0 l=0@-1/0@-1 far_l=0@-1/0@-1 straight=0/1 far_straight=0/0 circle_cnt=0/0/0/0 lost=1/0 conf=0.0/3.1/0.0/0.0 dist=318 begin=0/3267 m0=(84,119) ml=(56,119) md=28/0/28 cxcy=84.0,119.6 guide=37.36 atg=-60.0/-60.0/-60.0 pure=20.82/20.82 yaw=-2242 cmd=-2442 actual=-1485 signed=1 rps=7147/453:4857/3213 duty=20/0 pwm=PWM2:20/PWM1:0 motor=2:20/1:0
ATGCorner: L=0@-1/0@-1 Y=0@-1/0@-1 farL=0@-1/0@-1 Lxy=-1.0,-1.0:-1.0,-1.0/-1.0,-1.0:-1.0,-1.0 Yxy=-1.0,-1.0:-1.0,-1.0/-1.0,-1.0:-1.0,-1.0 farLxy=-1.0,-1.0:-1.0,-1.0/-1.0,-1.0:-1.0,-1.0 best=-1:-1.0,-1.0:-1.0,-1.0:-57295.8:00000/3:120.3,108.8:147.0,83.6:3.1:10111 seed_src=circle/none seed=40.0,91.8/0.0,0.0 far_start=40,0 far_raw=0/0 far_num=0/0 straight=0/1 far_straight=0/0 conf_deg=0.0/3.1/0.0/0.0
CrossDiag: type=CROSS_NONE track=0 half_lr=0/0 nearL=0@-1/0@-1 nearNum=0/131 centerNum=0/131 farL=0@-1/0@-1 farNum=0/0 farRaw=0/0 lost=1/0 not_have=0 final=92/17 flags=0/0
LineErr: aim=33 cxcy=84.0,119.6 left=0:0.00@-1,-1 dx=0.0 idx=-1/-1 dist=-1/-1 right=1:-17.68@107,72 dx=22.6 idx=0/16 dist=32/260 sel=1:57.82@56,125 dx=-27.9 idx=0/16 dist=32/32 edge=0:0.00@-1.0,-1.0 dx=0.0 width=0.0 l=-1,-1 r=131,81
ATGSeedDiag: seed=0@-1,-1/1@155,103 begin=7,108 block=5 clip=8
ATGLptDiag: best=-1(-57295.8) imip=-1/-1 pass=00000 acc=-1 ipm=-1.0,-1.0 inv=-1.0,-1.0 | 3(3.1) imip=0/13 pass=10111 acc=-1 ipm=120.3,108.8 inv=147.0,83.6
frame=486 line=1 track=0 cross=0 circle=3(CIRCLE_LEFT_IN) round=0 yroad=0 ramp=0 road=7 speed=0 near=0/131 raw=0/100 sel=92/17 far=0/0 far_raw=0/0 l=0@-1/0@-1 far_l=0@-1/0@-1 straight=0/1 far_straight=0/0 circle_cnt=0/0/0/0 lost=1/0 conf=0.0/5.9/0.0/0.0 dist=339 begin=0/3267 m0=(84,119) ml=(56,119) md=28/0/28 cxcy=84.0,119.6 guide=37.36 atg=-60.0/-60.0/-60.0 pure=20.82/20.82 yaw=-2242 cmd=-2442 actual=-1526 signed=1 rps=7147/453:4524/2996 duty=20/0 pwm=PWM2:20/PWM1:0 motor=2:20/1:0
ATGCorner: L=0@-1/0@-1 Y=0@-1/0@-1 farL=0@-1/0@-1 Lxy=-1.0,-1.0:-1.0,-1.0/-1.0,-1.0:-1.0,-1.0 Yxy=-1.0,-1.0:-1.0,-1.0/-1.0,-1.0:-1.0,-1.0 farLxy=-1.0,-1.0:-1.0,-1.0/-1.0,-1.0:-1.0,-1.0 best=-1:-1.0,-1.0:-1.0,-1.0:-57295.8:00000/1:120.5,111.1:152.0,89.0:5.9:10111 seed_src=circle/none seed=40.0,91.8/0.0,0.0 far_start=40,0 far_raw=0/0 far_num=0/0 straight=0/1 far_straight=0/0 conf_deg=0.0/5.9/0.0/0.0
CrossDiag: type=CROSS_NONE track=0 half_lr=0/0 nearL=0@-1/0@-1 nearNum=0/131 centerNum=0/131 farL=0@-1/0@-1 farNum=0/0 farRaw=0/0 lost=1/0 not_have=0 final=92/17 flags=0/0
LineErr: aim=33 cxcy=84.0,119.6 left=0:0.00@-1,-1 dx=0.0 idx=-1/-1 dist=-1/-1 right=1:-19.37@110,69 dx=25.9 idx=0/16 dist=32/260 sel=1:57.82@56,125 dx=-27.9 idx=0/16 dist=32/32 edge=0:0.00@-1.0,-1.0 dx=0.0 width=0.0 l=-1,-1 r=134,79
ATGSeedDiag: seed=0@-1,-1/1@155,97 begin=7,108 block=5 clip=8
ATGLptDiag: best=-1(-57295.8) imip=-1/-1 pass=00000 acc=-1 ipm=-1.0,-1.0 inv=-1.0,-1.0 | 1(5.9) imip=0/11 pass=10111 acc=-1 ipm=120.5,111.1 inv=152.0,89.0
frame=487 line=1 track=0 cross=0 circle=3(CIRCLE_LEFT_IN) round=0 yroad=0 ramp=0 road=7 speed=0 near=0/132 raw=0/98 sel=92/17 far=0/0 far_raw=0/0 l=0@-1/0@-1 far_l=0@-1/0@-1 straight=0/1 far_straight=0/0 circle_cnt=0/0/0/0 lost=1/0 conf=0.0/6.0/0.0/0.0 dist=349 begin=0/3267 m0=(84,119) ml=(56,119) md=28/0/28 cxcy=84.0,119.6 guide=37.36 atg=-60.0/-60.0/-60.0 pure=20.82/20.82 yaw=-2242 cmd=-2442 actual=-1540 signed=1 rps=7147/453:4520/3115 duty=20/0 pwm=PWM2:20/PWM1:0 motor=2:20/1:0
ATGCorner: L=0@-1/0@-1 Y=0@-1/0@-1 farL=0@-1/0@-1 Lxy=-1.0,-1.0:-1.0,-1.0/-1.0,-1.0:-1.0,-1.0 Yxy=-1.0,-1.0:-1.0,-1.0/-1.0,-1.0:-1.0,-1.0 farLxy=-1.0,-1.0:-1.0,-1.0/-1.0,-1.0:-1.0,-1.0 best=-1:-1.0,-1.0:-1.0,-1.0:-57295.8:00000/1:121.7,110.0:152.1,86.3:6.0:10111 seed_src=circle/none seed=40.0,91.8/0.0,0.0 far_start=40,0 far_raw=0/0 far_num=0/0 straight=0/1 far_straight=0/0 conf_deg=0.0/6.0/0.0/0.0
CrossDiag: type=CROSS_NONE track=0 half_lr=0/0 nearL=0@-1/0@-1 nearNum=0/132 centerNum=0/132 farL=0@-1/0@-1 farNum=0/0 farRaw=0/0 lost=1/0 not_have=0 final=92/17 flags=0/0
LineErr: aim=33 cxcy=84.0,119.6 left=0:0.00@-1,-1 dx=0.0 idx=-1/-1 dist=-1/-1 right=1:-20.35@112,68 dx=27.8 idx=0/16 dist=32/261 sel=1:57.82@56,125 dx=-27.9 idx=0/16 dist=32/32 edge=0:0.00@-1.0,-1.0 dx=0.0 width=0.0 l=-1,-1 r=136,78
ATGSeedDiag: seed=0@-1,-1/1@155,94 begin=7,108 block=5 clip=8
ATGLptDiag: best=-1(-57295.8) imip=-1/-1 pass=00000 acc=-1 ipm=-1.0,-1.0 inv=-1.0,-1.0 | 1(6.0) imip=0/11 pass=10111 acc=-1 ipm=121.7,110.0 inv=152.1,86.3
frame=488 line=1 track=0 cross=0 circle=3(CIRCLE_LEFT_IN) round=0 yroad=0 ramp=0 road=7 speed=0 near=0/132 raw=0/96 sel=92/17 far=0/0 far_raw=0/0 l=0@-1/0@-1 far_l=0@-1/0@-1 straight=0/1 far_straight=0/0 circle_cnt=0/0/0/0 lost=1/0 conf=0.0/5.6/0.0/0.0 dist=359 begin=0/3267 m0=(84,119) ml=(56,119) md=28/0/28 cxcy=84.0,119.6 guide=37.36 atg=-60.0/-60.0/-60.0 pure=20.82/20.82 yaw=-2242 cmd=-2442 actual=-1553 signed=1 rps=7147/453:4335/3022 duty=20/0 pwm=PWM2:20/PWM1:0 motor=2:20/1:0
ATGCorner: L=0@-1/0@-1 Y=0@-1/0@-1 farL=0@-1/0@-1 Lxy=-1.0,-1.0:-1.0,-1.0/-1.0,-1.0:-1.0,-1.0 Yxy=-1.0,-1.0:-1.0,-1.0/-1.0,-1.0:-1.0,-1.0 farLxy=-1.0,-1.0:-1.0,-1.0/-1.0,-1.0:-1.0,-1.0 best=-1:-1.0,-1.0:-1.0,-1.0:-57295.8:00000/1:123.0,108.8:152.2,83.6:5.6:10111 seed_src=circle/none seed=40.0,91.8/0.0,0.0 far_start=40,0 far_raw=0/0 far_num=0/0 straight=0/1 far_straight=0/0 conf_deg=0.0/5.6/0.0/0.0
CrossDiag: type=CROSS_NONE track=0 half_lr=0/0 nearL=0@-1/0@-1 nearNum=0/132 centerNum=0/132 farL=0@-1/0@-1 farNum=0/0 farRaw=0/0 lost=1/0 not_have=0 final=92/17 flags=0/0
LineErr: aim=33 cxcy=84.0,119.6 left=0:0.00@-1,-1 dx=0.0 idx=-1/-1 dist=-1/-1 right=1:-21.31@114,67 dx=29.7 idx=0/16 dist=32/263 sel=1:57.82@56,125 dx=-27.9 idx=0/16 dist=32/32 edge=0:0.00@-1.0,-1.0 dx=0.0 width=0.0 l=-1,-1 r=138,77
ATGSeedDiag: seed=0@-1,-1/1@155,91 begin=7,108 block=5 clip=8
ATGLptDiag: best=-1(-57295.8) imip=-1/-1 pass=00000 acc=-1 ipm=-1.0,-1.0 inv=-1.0,-1.0 | 1(5.6) imip=0/11 pass=10111 acc=-1 ipm=123.0,108.8 inv=152.2,83.6
frame=489 line=1 track=0 cross=0 circle=3(CIRCLE_LEFT_IN) round=0 yroad=0 ramp=0 road=7 speed=0 near=0/17 raw=0/170 sel=92/17 far=0/0 far_raw=0/0 l=0@-1/0@-1 far_l=0@-1/0@-1 straight=0/0 far_straight=0/0 circle_cnt=0/0/0/0 lost=1/0 conf=0.0/154.6/0.0/0.0 dist=370 begin=0/3267 m0=(84,119) ml=(56,119) md=28/0/28 cxcy=84.0,119.6 guide=37.36 atg=-60.0/-60.0/-60.0 pure=20.82/20.82 yaw=-2242 cmd=-2442 actual=-1537 signed=1 rps=7147/453:4563/3220 duty=20/0 pwm=PWM2:20/PWM1:0 motor=2:20/1:0
ATGCorner: L=0@-1/0@-1 Y=0@-1/0@-1 farL=0@-1/0@-1 Lxy=-1.0,-1.0:-1.0,-1.0/-1.0,-1.0:-1.0,-1.0 Yxy=-1.0,-1.0:-1.0,-1.0/-1.0,-1.0:-1.0,-1.0 farLxy=-1.0,-1.0:-1.0,-1.0/-1.0,-1.0:-1.0,-1.0 best=-1:-1.0,-1.0:-1.0,-1.0:-57295.8:00000/9:95.2,113.1:102.5,95.0:154.6:11011 seed_src=circle/none seed=40.0,91.8/0.0,0.0 far_start=40,0 far_raw=0/0 far_num=0/0 straight=0/0 far_straight=0/0 conf_deg=0.0/154.6/0.0/0.0
CrossDiag: type=CROSS_NONE track=0 half_lr=0/0 nearL=0@-1/0@-1 nearNum=0/17 centerNum=0/17 farL=0@-1/0@-1 farNum=0/0 farRaw=0/0 lost=1/0 not_have=0 final=92/17 flags=0/0
LineErr: aim=33 cxcy=84.0,119.6 left=0:0.00@-1,-1 dx=0.0 idx=-1/-1 dist=-1/-1 right=1:-32.57@114,96 dx=30.0 idx=15/16 dist=51/51 sel=1:57.82@56,125 dx=-27.9 idx=0/16 dist=32/32 edge=0:0.00@-1.0,-1.0 dx=0.0 width=0.0 l=-1,-1 r=-1,-1
ATGSeedDiag: seed=0@-1,-1/1@97,91 begin=7,108 block=5 clip=8
ATGLptDiag: best=-1(-57295.8) imip=-1/-1 pass=00000 acc=-1 ipm=-1.0,-1.0 inv=-1.0,-1.0 | 9(154.6) imip=0/16 pass=11011 acc=-1 ipm=95.2,113.1 inv=102.5,95.0
frame=490 line=1 track=0 cross=0 circle=3(CIRCLE_LEFT_IN) round=0 yroad=0 ramp=0 road=7 speed=0 near=0/1 raw=0/170 sel=92/17 far=0/0 far_raw=0/0 l=0@-1/0@-1 far_l=0@-1/0@-1 straight=0/0 far_straight=0/0 circle_cnt=0/0/0/0 lost=1/0 conf=0.0/0.0/0.0/0.0 dist=382 begin=0/3267 m0=(84,119) ml=(56,119) md=28/0/28 cxcy=84.0,119.6 guide=37.36 atg=-60.0/-60.0/-60.0 pure=20.82/20.82 yaw=-2242 cmd=-2442 actual=-1521 signed=1 rps=7147/453:4560/3238 duty=20/0 pwm=PWM2:20/PWM1:0 motor=2:20/1:0
ATGCorner: L=0@-1/0@-1 Y=0@-1/0@-1 farL=0@-1/0@-1 Lxy=-1.0,-1.0:-1.0,-1.0/-1.0,-1.0:-1.0,-1.0 Yxy=-1.0,-1.0:-1.0,-1.0/-1.0,-1.0:-1.0,-1.0 farLxy=-1.0,-1.0:-1.0,-1.0/-1.0,-1.0:-1.0,-1.0 best=-1:-1.0,-1.0:-1.0,-1.0:-57295.8:00000/-1:-1.0,-1.0:-1.0,-1.0:-57295.8:00000 seed_src=circle/lost seed=40.0,91.8/0.0,0.0 far_start=40,0 far_raw=0/0 far_num=0/0 straight=0/0 far_straight=0/0 conf_deg=0.0/0.0/0.0/0.0
CrossDiag: type=CROSS_NONE track=0 half_lr=0/0 nearL=0@-1/0@-1 nearNum=0/1 centerNum=0/1 farL=0@-1/0@-1 farNum=0/0 farRaw=0/0 lost=1/0 not_have=0 final=92/17 flags=0/0
LineErr: aim=33 cxcy=84.0,119.6 left=0:0.00@-1,-1 dx=0.0 idx=-1/-1 dist=-1/-1 right=0:0.00@-1,-1 dx=0.0 idx=-1/-1 dist=-1/-1 sel=1:57.82@56,125 dx=-27.9 idx=0/16 dist=32/32 edge=0:0.00@-1.0,-1.0 dx=0.0 width=0.0 l=-1,-1 r=-1,-1
ATGSeedDiag: seed=0@-1,-1/1@101,96 begin=7,108 block=5 clip=8
ATGLptDiag: best=-1(-57295.8) imip=-1/-1 pass=00000 acc=-1 ipm=-1.0,-1.0 inv=-1.0,-1.0 | -1(-57295.8) imip=-1/-1 pass=00000 acc=-1 ipm=-1.0,-1.0 inv=-1.0,-1.0
frame=491 line=1 track=0 cross=0 circle=3(CIRCLE_LEFT_IN) round=0 yroad=0 ramp=0 road=7 speed=0 near=0/19 raw=0/170 sel=92/17 far=0/0 far_raw=0/0 l=0@-1/0@-1 far_l=0@-1/0@-1 straight=0/0 far_straight=0/0 circle_cnt=0/0/0/0 lost=1/0 conf=0.0/178.8/0.0/0.0 dist=401 begin=0/3267 m0=(84,119) ml=(56,119) md=28/0/28 cxcy=84.0,119.6 guide=37.36 atg=-60.0/-60.0/-60.0 pure=20.82/20.82 yaw=-2242 cmd=-2442 actual=-1520 signed=1 rps=7147/453:4834/3478 duty=20/0 pwm=PWM2:20/PWM1:0 motor=2:20/1:0
ATGCorner: L=0@-1/0@-1 Y=0@-1/0@-1 farL=0@-1/0@-1 Lxy=-1.0,-1.0:-1.0,-1.0/-1.0,-1.0:-1.0,-1.0 Yxy=-1.0,-1.0:-1.0,-1.0/-1.0,-1.0:-1.0,-1.0 farLxy=-1.0,-1.0:-1.0,-1.0/-1.0,-1.0:-1.0,-1.0 best=-1:-1.0,-1.0:-1.0,-1.0:-57295.8:00000/9:95.9,113.9:104.6,97.3:178.8:11011 seed_src=circle/none seed=40.0,91.8/0.0,0.0 far_start=40,0 far_raw=0/0 far_num=0/0 straight=0/0 far_straight=0/0 conf_deg=0.0/178.8/0.0/0.0
CrossDiag: type=CROSS_NONE track=0 half_lr=0/0 nearL=0@-1/0@-1 nearNum=0/19 centerNum=0/19 farL=0@-1/0@-1 farNum=0/0 farRaw=0/0 lost=1/0 not_have=0 final=92/17 flags=0/0
LineErr: aim=33 cxcy=84.0,119.6 left=0:0.00@-1,-1 dx=0.0 idx=-1/-1 dist=-1/-1 right=1:34.29@70,122 dx=-14.4 idx=12/14 dist=32/96 sel=1:57.82@56,125 dx=-27.9 idx=0/16 dist=32/32 edge=0:0.00@-1.0,-1.0 dx=0.0 width=0.0 l=-1,-1 r=94,112
ATGSeedDiag: seed=0@-1,-1/1@101,96 begin=7,108 block=5 clip=8
ATGLptDiag: best=-1(-57295.8) imip=-1/-1 pass=00000 acc=-1 ipm=-1.0,-1.0 inv=-1.0,-1.0 | 9(178.8) imip=0/18 pass=11011 acc=-1 ipm=95.9,113.9 inv=104.6,97.3
frame=492 line=1 track=0 cross=0 circle=3(CIRCLE_LEFT_IN) round=0 yroad=0 ramp=0 road=7 speed=0 near=0/1 raw=0/170 sel=92/17 far=0/0 far_raw=0/0 l=0@-1/0@-1 far_l=0@-1/0@-1 straight=0/0 far_straight=0/0 circle_cnt=0/0/0/0 lost=1/0 conf=0.0/0.0/0.0/0.0 dist=406 begin=0/3267 m0=(84,119) ml=(56,119) md=28/0/28 cxcy=84.0,119.6 guide=37.36 atg=-60.0/-60.0/-60.0 pure=20.82/20.82 yaw=-2242 cmd=-2442 actual=-1516 signed=1 rps=7147/453:5550/4099 duty=19/0 pwm=PWM2:19/PWM1:0 motor=2:19/1:0
ATGCorner: L=0@-1/0@-1 Y=0@-1/0@-1 farL=0@-1/0@-1 Lxy=-1.0,-1.0:-1.0,-1.0/-1.0,-1.0:-1.0,-1.0 Yxy=-1.0,-1.0:-1.0,-1.0/-1.0,-1.0:-1.0,-1.0 farLxy=-1.0,-1.0:-1.0,-1.0/-1.0,-1.0:-1.0,-1.0 best=-1:-1.0,-1.0:-1.0,-1.0:-57295.8:00000/-1:-1.0,-1.0:-1.0,-1.0:-57295.8:00000 seed_src=circle/lost seed=40.0,91.8/0.0,0.0 far_start=40,0 far_raw=0/0 far_num=0/0 straight=0/0 far_straight=0/0 conf_deg=0.0/0.0/0.0/0.0
CrossDiag: type=CROSS_NONE track=0 half_lr=0/0 nearL=0@-1/0@-1 nearNum=0/1 centerNum=0/1 farL=0@-1/0@-1 farNum=0/0 farRaw=0/0 lost=1/0 not_have=0 final=92/17 flags=0/0
LineErr: aim=33 cxcy=84.0,119.6 left=0:0.00@-1,-1 dx=0.0 idx=-1/-1 dist=-1/-1 right=0:0.00@-1,-1 dx=0.0 idx=-1/-1 dist=-1/-1 sel=1:57.82@56,125 dx=-27.9 idx=0/16 dist=32/32 edge=0:0.00@-1.0,-1.0 dx=0.0 width=0.0 l=-1,-1 r=-1,-1
ATGSeedDiag: seed=0@-1,-1/1@143,102 begin=7,108 block=5 clip=8
ATGLptDiag: best=-1(-57295.8) imip=-1/-1 pass=00000 acc=-1 ipm=-1.0,-1.0 inv=-1.0,-1.0 | -1(-57295.8) imip=-1/-1 pass=00000 acc=-1 ipm=-1.0,-1.0 inv=-1.0,-1.0
frame=494 line=1 track=0 cross=0 circle=3(CIRCLE_LEFT_IN) round=0 yroad=0 ramp=0 road=7 speed=0 near=0/10 raw=0/170 sel=92/17 far=0/0 far_raw=0/0 l=0@-1/1@12 far_l=0@-1/0@-1 straight=0/0 far_straight=0/0 circle_cnt=0/0/0/0 lost=1/0 conf=0.0/101.5/0.0/0.0 dist=431 begin=0/3267 m0=(84,119) ml=(56,119) md=28/0/28 cxcy=84.0,119.6 guide=37.36 atg=-60.0/-60.0/-60.0 pure=20.82/20.82 yaw=-2242 cmd=-2442 actual=-1526 signed=1 rps=7147/453:5351/3960 duty=19/0 pwm=PWM2:19/PWM1:0 motor=2:19/1:0
ATGCorner: L=0@-1/1@12 Y=0@-1/0@-1 farL=0@-1/0@-1 Lxy=-1.0,-1.0:-1.0,-1.0/97.1,116.4:110.0,105.3 Yxy=-1.0,-1.0:-1.0,-1.0/-1.0,-1.0:-1.0,-1.0 farLxy=-1.0,-1.0:-1.0,-1.0/-1.0,-1.0:-1.0,-1.0 best=-1:-1.0,-1.0:-1.0,-1.0:-57295.8:00000/12:95.3,114.9:104.3,100.5:101.5:11111 seed_src=circle/lpt seed=40.0,91.8/0.0,0.0 far_start=40,0 far_raw=0/0 far_num=0/0 straight=0/0 far_straight=0/0 conf_deg=0.0/101.5/0.0/0.0
CrossDiag: type=CROSS_NONE track=0 half_lr=0/0 nearL=0@-1/1@12 nearNum=0/10 centerNum=0/10 farL=0@-1/0@-1 farNum=0/0 farRaw=0/0 lost=1/0 not_have=0 final=92/17 flags=0/0
LineErr: aim=33 cxcy=84.0,119.6 left=0:0.00@-1,-1 dx=0.0 idx=-1/-1 dist=-1/-1 right=1:-33.14@114,97 dx=30.1 idx=4/5 dist=37/45 sel=1:57.82@56,125 dx=-27.9 idx=0/16 dist=32/32 edge=0:0.00@-1.0,-1.0 dx=0.0 width=0.0 l=-1,-1 r=97,116
ATGSeedDiag: seed=0@-1,-1/1@106,103 begin=7,108 block=5 clip=8
ATGLptDiag: best=-1(-57295.8) imip=-1/-1 pass=00000 acc=-1 ipm=-1.0,-1.0 inv=-1.0,-1.0 | 12(101.5) imip=2/15 pass=11111 acc=12 ipm=95.3,114.9 inv=104.3,100.5
frame=495 line=1 track=0 cross=0 circle=3(CIRCLE_LEFT_IN) round=0 yroad=0 ramp=0 road=7 speed=0 near=0/1 raw=0/170 sel=92/17 far=0/0 far_raw=0/0 l=0@-1/0@-1 far_l=0@-1/0@-1 straight=0/0 far_straight=0/0 circle_cnt=0/0/0/0 lost=1/0 conf=0.0/0.0/0.0/0.0 dist=443 begin=0/3267 m0=(84,119) ml=(56,119) md=28/0/28 cxcy=84.0,119.6 guide=37.36 atg=-60.0/-60.0/-60.0 pure=20.82/20.82 yaw=-2242 cmd=-2442 actual=-1533 signed=1 rps=7147/453:5117/3689 duty=19/0 pwm=PWM2:19/PWM1:0 motor=2:19/1:0
ATGCorner: L=0@-1/0@-1 Y=0@-1/0@-1 farL=0@-1/0@-1 Lxy=-1.0,-1.0:-1.0,-1.0/-1.0,-1.0:-1.0,-1.0 Yxy=-1.0,-1.0:-1.0,-1.0/-1.0,-1.0:-1.0,-1.0 farLxy=-1.0,-1.0:-1.0,-1.0/-1.0,-1.0:-1.0,-1.0 best=-1:-1.0,-1.0:-1.0,-1.0:-57295.8:00000/-1:-1.0,-1.0:-1.0,-1.0:-57295.8:00000 seed_src=circle/lost seed=40.0,91.8/0.0,0.0 far_start=40,0 far_raw=0/0 far_num=0/0 straight=0/0 far_straight=0/0 conf_deg=0.0/0.0/0.0/0.0
CrossDiag: type=CROSS_NONE track=0 half_lr=0/0 nearL=0@-1/0@-1 nearNum=0/1 centerNum=0/1 farL=0@-1/0@-1 farNum=0/0 farRaw=0/0 lost=1/0 not_have=0 final=92/17 flags=0/0
LineErr: aim=33 cxcy=84.0,119.6 left=0:0.00@-1,-1 dx=0.0 idx=-1/-1 dist=-1/-1 right=0:0.00@-1,-1 dx=0.0 idx=-1/-1 dist=-1/-1 sel=1:57.82@56,125 dx=-27.9 idx=0/16 dist=32/32 edge=0:0.00@-1.0,-1.0 dx=0.0 width=0.0 l=-1,-1 r=-1,-1
ATGSeedDiag: seed=0@-1,-1/1@109,108 begin=7,108 block=5 clip=8
ATGLptDiag: best=-1(-57295.8) imip=-1/-1 pass=00000 acc=-1 ipm=-1.0,-1.0 inv=-1.0,-1.0 | -1(-57295.8) imip=-1/-1 pass=00000 acc=-1 ipm=-1.0,-1.0 inv=-1.0,-1.0
frame=496 line=1 track=0 cross=0 circle=3(CIRCLE_LEFT_IN) round=0 yroad=0 ramp=0 road=7 speed=0 near=0/0 raw=0/170 sel=92/17 far=0/0 far_raw=0/0 l=0@-1/1@2 far_l=0@-1/0@-1 straight=0/0 far_straight=0/0 circle_cnt=0/0/0/0 lost=1/0 conf=0.0/126.2/0.0/0.0 dist=455 begin=0/3267 m0=(84,119) ml=(56,119) md=28/0/28 cxcy=84.0,119.6 guide=37.36 atg=-60.0/-60.0/-60.0 pure=20.82/20.82 yaw=-2242 cmd=-2442 actual=-1546 signed=1 rps=7147/453:5214/3736 duty=19/0 pwm=PWM2:19/PWM1:0 motor=2:19/1:0
ATGCorner: L=0@-1/1@2 Y=0@-1/0@-1 farL=0@-1/0@-1 Lxy=-1.0,-1.0:-1.0,-1.0/-1.0,-1.0:-1.0,-1.0 Yxy=-1.0,-1.0:-1.0,-1.0/-1.0,-1.0:-1.0,-1.0 farLxy=-1.0,-1.0:-1.0,-1.0/-1.0,-1.0:-1.0,-1.0 best=-1:-1.0,-1.0:-1.0,-1.0:-57295.8:00000/2:96.2,116.3:107.8,105.0:126.2:11111 seed_src=circle/lost seed=40.0,91.8/0.0,0.0 far_start=40,0 far_raw=0/0 far_num=0/0 straight=0/0 far_straight=0/0 conf_deg=0.0/126.2/0.0/0.0
CrossDiag: type=CROSS_NONE track=0 half_lr=0/0 nearL=0@-1/1@2 nearNum=0/0 centerNum=0/0 farL=0@-1/0@-1 farNum=0/0 farRaw=0/0 lost=1/0 not_have=0 final=92/17 flags=0/0
LineErr: aim=33 cxcy=84.0,119.6 left=0:0.00@-1,-1 dx=0.0 idx=-1/-1 dist=-1/-1 right=0:0.00@-1,-1 dx=0.0 idx=-1/-1 dist=-1/-1 sel=1:57.82@56,125 dx=-27.9 idx=0/16 dist=32/32 edge=0:0.00@-1.0,-1.0 dx=0.0 width=0.0 l=-1,-1 r=-1,-1
ATGSeedDiag: seed=0@-1,-1/1@109,108 begin=7,108 block=5 clip=8
ATGLptDiag: best=-1(-57295.8) imip=-1/-1 pass=00000 acc=-1 ipm=-1.0,-1.0 inv=-1.0,-1.0 | 2(126.2) imip=0/12 pass=11111 acc=2 ipm=96.2,116.3 inv=107.8,105.0
frame=497 line=1 track=0 cross=0 circle=3(CIRCLE_LEFT_IN) round=0 yroad=0 ramp=0 road=7 speed=0 near=0/17 raw=0/170 sel=92/17 far=0/0 far_raw=0/0 l=0@-1/0@-1 far_l=0@-1/0@-1 straight=0/0 far_straight=0/0 circle_cnt=0/0/0/0 lost=1/0 conf=0.0/179.7/0.0/0.0 dist=467 begin=0/3267 m0=(84,119) ml=(56,119) md=28/0/28 cxcy=84.0,119.6 guide=37.36 atg=-60.0/-60.0/-60.0 pure=20.82/20.82 yaw=-2242 cmd=-2442 actual=-1553 signed=1 rps=7147/453:4913/3591 duty=20/0 pwm=PWM2:20/PWM1:0 motor=2:20/1:0
ATGCorner: L=0@-1/0@-1 Y=0@-1/0@-1 farL=0@-1/0@-1 Lxy=-1.0,-1.0:-1.0,-1.0/-1.0,-1.0:-1.0,-1.0 Yxy=-1.0,-1.0:-1.0,-1.0/-1.0,-1.0:-1.0,-1.0 farLxy=-1.0,-1.0:-1.0,-1.0/-1.0,-1.0:-1.0,-1.0 best=-1:-1.0,-1.0:-1.0,-1.0:-57295.8:00000/7:95.5,114.7:104.6,99.6:179.7:11011 seed_src=circle/none seed=40.0,91.8/0.0,0.0 far_start=40,0 far_raw=0/0 far_num=0/0 straight=0/0 far_straight=0/0 conf_deg=0.0/179.7/0.0/0.0
CrossDiag: type=CROSS_NONE track=0 half_lr=0/0 nearL=0@-1/0@-1 nearNum=0/17 centerNum=0/17 farL=0@-1/0@-1 farNum=0/0 farRaw=0/0 lost=1/0 not_have=0 final=92/17 flags=0/0
LineErr: aim=33 cxcy=84.0,119.6 left=0:0.00@-1,-1 dx=0.0 idx=-1/-1 dist=-1/-1 right=0:0.00@-1,-1 dx=0.0 idx=-1/-1 dist=-1/-1 sel=1:57.82@56,125 dx=-27.9 idx=0/16 dist=32/32 edge=0:0.00@-1.0,-1.0 dx=0.0 width=0.0 l=-1,-1 r=94,113
ATGSeedDiag: seed=0@-1,-1/1@101,98 begin=7,108 block=5 clip=8
ATGLptDiag: best=-1(-57295.8) imip=-1/-1 pass=00000 acc=-1 ipm=-1.0,-1.0 inv=-1.0,-1.0 | 7(179.7) imip=0/16 pass=11011 acc=-1 ipm=95.5,114.7 inv=104.6,99.6
frame=498 line=1 track=0 cross=0 circle=3(CIRCLE_LEFT_IN) round=0 yroad=0 ramp=0 road=7 speed=0 near=0/0 raw=0/0 sel=92/17 far=0/0 far_raw=0/0 l=0@-1/0@-1 far_l=0@-1/0@-1 straight=0/0 far_straight=0/0 circle_cnt=0/0/0/0 lost=1/0 conf=0.0/0.0/0.0/0.0 dist=479 begin=0/3267 m0=(84,119) ml=(56,119) md=28/0/28 cxcy=84.0,119.6 guide=37.36 atg=-60.0/-60.0/-60.0 pure=20.82/20.82 yaw=-2242 cmd=-2442 actual=-1549 signed=1 rps=7147/453:4928/3764 duty=20/0 pwm=PWM2:20/PWM1:0 motor=2:20/1:0
ATGCorner: L=0@-1/0@-1 Y=0@-1/0@-1 farL=0@-1/0@-1 Lxy=-1.0,-1.0:-1.0,-1.0/-1.0,-1.0:-1.0,-1.0 Yxy=-1.0,-1.0:-1.0,-1.0/-1.0,-1.0:-1.0,-1.0 farLxy=-1.0,-1.0:-1.0,-1.0/-1.0,-1.0:-1.0,-1.0 best=-1:-1.0,-1.0:-1.0,-1.0:-57295.8:00000/-1:-1.0,-1.0:-1.0,-1.0:-57295.8:00000 seed_src=circle/lost seed=40.0,91.8/0.0,0.0 far_start=40,0 far_raw=0/0 far_num=0/0 straight=0/0 far_straight=0/0 conf_deg=0.0/0.0/0.0/0.0
CrossDiag: type=CROSS_NONE track=0 half_lr=0/0 nearL=0@-1/0@-1 nearNum=0/0 centerNum=0/0 farL=0@-1/0@-1 farNum=0/0 farRaw=0/0 lost=1/0 not_have=0 final=92/17 flags=0/0
LineErr: aim=33 cxcy=84.0,119.6 left=0:0.00@-1,-1 dx=0.0 idx=-1/-1 dist=-1/-1 right=0:0.00@-1,-1 dx=0.0 idx=-1/-1 dist=-1/-1 sel=1:57.82@56,125 dx=-27.9 idx=0/16 dist=32/32 edge=0:0.00@-1.0,-1.0 dx=0.0 width=0.0 l=-1,-1 r=-1,-1
ATGSeedDiag: seed=0@-1,-1/0@-1,-1 begin=7,108 block=5 clip=8
ATGLptDiag: best=-1(-57295.8) imip=-1/-1 pass=00000 acc=-1 ipm=-1.0,-1.0 inv=-1.0,-1.0 | -1(-57295.8) imip=-1/-1 pass=00000 acc=-1 ipm=-1.0,-1.0 inv=-1.0,-1.0
frame=499 line=1 track=0 cross=0 circle=3(CIRCLE_LEFT_IN) round=0 yroad=0 ramp=0 road=7 speed=0 near=0/2 raw=0/170 sel=92/17 far=0/0 far_raw=0/0 l=0@-1/0@-1 far_l=0@-1/0@-1 straight=0/0 far_straight=0/0 circle_cnt=0/0/0/0 lost=1/0 conf=0.0/0.0/0.0/0.0 dist=491 begin=0/3267 m0=(84,119) ml=(56,119) md=28/0/28 cxcy=84.0,119.6 guide=37.36 atg=-60.0/-60.0/-60.0 pure=20.82/20.82 yaw=-2242 cmd=-2442 actual=-1543 signed=1 rps=7147/453:4634/3632 duty=20/0 pwm=PWM2:20/PWM1:0 motor=2:20/1:0
ATGCorner: L=0@-1/0@-1 Y=0@-1/0@-1 farL=0@-1/0@-1 Lxy=-1.0,-1.0:-1.0,-1.0/-1.0,-1.0:-1.0,-1.0 Yxy=-1.0,-1.0:-1.0,-1.0/-1.0,-1.0:-1.0,-1.0 farLxy=-1.0,-1.0:-1.0,-1.0/-1.0,-1.0:-1.0,-1.0 best=-1:-1.0,-1.0:-1.0,-1.0:-57295.8:00000/-1:-1.0,-1.0:-1.0,-1.0:-57295.8:00000 seed_src=circle/none seed=40.0,91.8/0.0,0.0 far_start=40,0 far_raw=0/0 far_num=0/0 straight=0/0 far_straight=0/0 conf_deg=0.0/0.0/0.0/0.0
CrossDiag: type=CROSS_NONE track=0 half_lr=0/0 nearL=0@-1/0@-1 nearNum=0/2 centerNum=0/2 farL=0@-1/0@-1 farNum=0/0 farRaw=0/0 lost=1/0 not_have=0 final=92/17 flags=0/0
LineErr: aim=33 cxcy=84.0,119.6 left=0:0.00@-1,-1 dx=0.0 idx=-1/-1 dist=-1/-1 right=0:0.00@-1,-1 dx=0.0 idx=-1/-1 dist=-1/-1 sel=1:57.82@56,125 dx=-27.9 idx=0/16 dist=32/32 edge=0:0.00@-1.0,-1.0 dx=0.0 width=0.0 l=-1,-1 r=-1,-1
ATGSeedDiag: seed=0@-1,-1/1@104,102 begin=7,108 block=5 clip=8
ATGLptDiag: best=-1(-57295.8) imip=-1/-1 pass=00000 acc=-1 ipm=-1.0,-1.0 inv=-1.0,-1.0 | -1(-57295.8) imip=-1/-1 pass=00000 acc=-1 ipm=-1.0,-1.0 inv=-1.0,-1.0
frame=500 line=1 track=0 cross=0 circle=3(CIRCLE_LEFT_IN) round=0 yroad=0 ramp=0 road=7 speed=0 near=0/1 raw=0/170 sel=92/17 far=0/0 far_raw=0/0 l=0@-1/0@-1 far_l=0@-1/0@-1 straight=0/0 far_straight=0/0 circle_cnt=0/0/0/0 lost=1/0 conf=0.0/0.0/0.0/0.0 dist=502 begin=0/3267 m0=(84,119) ml=(56,119) md=28/0/28 cxcy=84.0,119.6 guide=37.36 atg=-60.0/-60.0/-60.0 pure=20.82/20.82 yaw=-2242 cmd=-2442 actual=-1532 signed=1 rps=7147/453:4743/3738 duty=20/0 pwm=PWM2:20/PWM1:0 motor=2:20/1:0
ATGCorner: L=0@-1/0@-1 Y=0@-1/0@-1 farL=0@-1/0@-1 Lxy=-1.0,-1.0:-1.0,-1.0/-1.0,-1.0:-1.0,-1.0 Yxy=-1.0,-1.0:-1.0,-1.0/-1.0,-1.0:-1.0,-1.0 farLxy=-1.0,-1.0:-1.0,-1.0/-1.0,-1.0:-1.0,-1.0 best=-1:-1.0,-1.0:-1.0,-1.0:-57295.8:00000/-1:-1.0,-1.0:-1.0,-1.0:-57295.8:00000 seed_src=circle/lost seed=40.0,91.8/0.0,0.0 far_start=40,0 far_raw=0/0 far_num=0/0 straight=0/0 far_straight=0/0 conf_deg=0.0/0.0/0.0/0.0
CrossDiag: type=CROSS_NONE track=0 half_lr=0/0 nearL=0@-1/0@-1 nearNum=0/1 centerNum=0/1 farL=0@-1/0@-1 farNum=0/0 farRaw=0/0 lost=1/0 not_have=0 final=92/17 flags=0/0
LineErr: aim=33 cxcy=84.0,119.6 left=0:0.00@-1,-1 dx=0.0 idx=-1/-1 dist=-1/-1 right=0:0.00@-1,-1 dx=0.0 idx=-1/-1 dist=-1/-1 sel=1:57.82@56,125 dx=-27.9 idx=0/16 dist=32/32 edge=0:0.00@-1.0,-1.0 dx=0.0 width=0.0 l=-1,-1 r=-1,-1
ATGSeedDiag: seed=0@-1,-1/1@106,105 begin=7,108 block=5 clip=8
ATGLptDiag: best=-1(-57295.8) imip=-1/-1 pass=00000 acc=-1 ipm=-1.0,-1.0 inv=-1.0,-1.0 | -1(-57295.8) imip=-1/-1 pass=00000 acc=-1 ipm=-1.0,-1.0 inv=-1.0,-1.0
frame=501 line=1 track=0 cross=0 circle=3(CIRCLE_LEFT_IN) round=0 yroad=0 ramp=0 road=7 speed=0 near=0/0 raw=0/170 sel=92/17 far=0/0 far_raw=0/0 l=0@-1/1@2 far_l=0@-1/0@-1 straight=0/0 far_straight=0/0 circle_cnt=0/0/0/0 lost=1/0 conf=0.0/69.8/0.0/0.0 dist=514 begin=0/3267 m0=(84,119) ml=(56,119) md=28/0/28 cxcy=84.0,119.6 guide=37.36 atg=-60.0/-60.0/-60.0 pure=20.82/20.82 yaw=-2242 cmd=-2442 actual=-1523 signed=1 rps=7147/453:4966/3761 duty=20/0 pwm=PWM2:20/PWM1:0 motor=2:20/1:0
ATGCorner: L=0@-1/1@2 Y=0@-1/0@-1 farL=0@-1/0@-1 Lxy=-1.0,-1.0:-1.0,-1.0/-1.0,-1.0:-1.0,-1.0 Yxy=-1.0,-1.0:-1.0,-1.0/-1.0,-1.0:-1.0,-1.0 farLxy=-1.0,-1.0:-1.0,-1.0/-1.0,-1.0:-1.0,-1.0 best=-1:-1.0,-1.0:-1.0,-1.0:-57295.8:00000/2:94.6,114.9:102.6,100.4:69.8:11111 seed_src=circle/lost seed=40.0,91.8/0.0,0.0 far_start=40,0 far_raw=0/0 far_num=0/0 straight=0/0 far_straight=0/0 conf_deg=0.0/69.8/0.0/0.0
CrossDiag: type=CROSS_NONE track=0 half_lr=0/0 nearL=0@-1/1@2 nearNum=0/0 centerNum=0/0 farL=0@-1/0@-1 farNum=0/0 farRaw=0/0 lost=1/0 not_have=0 final=92/17 flags=0/0
LineErr: aim=33 cxcy=84.0,119.6 left=0:0.00@-1,-1 dx=0.0 idx=-1/-1 dist=-1/-1 right=0:0.00@-1,-1 dx=0.0 idx=-1/-1 dist=-1/-1 sel=1:57.82@56,125 dx=-27.9 idx=0/16 dist=32/32 edge=0:0.00@-1.0,-1.0 dx=0.0 width=0.0 l=-1,-1 r=-1,-1
ATGSeedDiag: seed=0@-1,-1/1@104,103 begin=7,108 block=5 clip=8
ATGLptDiag: best=-1(-57295.8) imip=-1/-1 pass=00000 acc=-1 ipm=-1.0,-1.0 inv=-1.0,-1.0 | 2(69.8) imip=0/11 pass=11111 acc=2 ipm=94.6,114.9 inv=102.6,100.4
frame=502 line=1 track=0 cross=0 circle=3(CIRCLE_LEFT_IN) round=0 yroad=0 ramp=0 road=7 speed=0 near=0/0 raw=0/0 sel=92/17 far=0/0 far_raw=0/0 l=0@-1/0@-1 far_l=0@-1/0@-1 straight=0/0 far_straight=0/0 circle_cnt=0/0/0/0 lost=1/0 conf=0.0/0.0/0.0/0.0 dist=526 begin=0/3267 m0=(84,119) ml=(56,119) md=28/0/28 cxcy=84.0,119.6 guide=37.36 atg=-60.0/-60.0/-60.0 pure=20.82/20.82 yaw=-2242 cmd=-2442 actual=-1519 signed=1 rps=7147/453:4884/3495 duty=20/0 pwm=PWM2:20/PWM1:0 motor=2:20/1:0
ATGCorner: L=0@-1/0@-1 Y=0@-1/0@-1 farL=0@-1/0@-1 Lxy=-1.0,-1.0:-1.0,-1.0/-1.0,-1.0:-1.0,-1.0 Yxy=-1.0,-1.0:-1.0,-1.0/-1.0,-1.0:-1.0,-1.0 farLxy=-1.0,-1.0:-1.0,-1.0/-1.0,-1.0:-1.0,-1.0 best=-1:-1.0,-1.0:-1.0,-1.0:-57295.8:00000/-1:-1.0,-1.0:-1.0,-1.0:-57295.8:00000 seed_src=circle/lost seed=40.0,91.8/0.0,0.0 far_start=40,0 far_raw=0/0 far_num=0/0 straight=0/0 far_straight=0/0 conf_deg=0.0/0.0/0.0/0.0
CrossDiag: type=CROSS_NONE track=0 half_lr=0/0 nearL=0@-1/0@-1 nearNum=0/0 centerNum=0/0 farL=0@-1/0@-1 farNum=0/0 farRaw=0/0 lost=1/0 not_have=0 final=92/17 flags=0/0
LineErr: aim=33 cxcy=84.0,119.6 left=0:0.00@-1,-1 dx=0.0 idx=-1/-1 dist=-1/-1 right=0:0.00@-1,-1 dx=0.0 idx=-1/-1 dist=-1/-1 sel=1:57.82@56,125 dx=-27.9 idx=0/16 dist=32/32 edge=0:0.00@-1.0,-1.0 dx=0.0 width=0.0 l=-1,-1 r=-1,-1
ATGSeedDiag: seed=0@-1,-1/0@-1,-1 begin=7,108 block=5 clip=8
ATGLptDiag: best=-1(-57295.8) imip=-1/-1 pass=00000 acc=-1 ipm=-1.0,-1.0 inv=-1.0,-1.0 | -1(-57295.8) imip=-1/-1 pass=00000 acc=-1 ipm=-1.0,-1.0 inv=-1.0,-1.0
frame=503 line=1 track=0 cross=0 circle=3(CIRCLE_LEFT_IN) round=0 yroad=0 ramp=0 road=7 speed=0 near=0/0 raw=0/0 sel=92/17 far=0/0 far_raw=0/0 l=0@-1/0@-1 far_l=0@-1/0@-1 straight=0/0 far_straight=0/0 circle_cnt=0/0/0/0 lost=1/0 conf=0.0/0.0/0.0/0.0 dist=538 begin=0/3267 m0=(84,119) ml=(56,119) md=28/0/28 cxcy=84.0,119.6 guide=37.36 atg=-60.0/-60.0/-60.0 pure=20.82/20.82 yaw=-2242 cmd=-2442 actual=-1525 signed=1 rps=7147/453:5280/3609 duty=19/0 pwm=PWM2:19/PWM1:0 motor=2:19/1:0
ATGCorner: L=0@-1/0@-1 Y=0@-1/0@-1 farL=0@-1/0@-1 Lxy=-1.0,-1.0:-1.0,-1.0/-1.0,-1.0:-1.0,-1.0 Yxy=-1.0,-1.0:-1.0,-1.0/-1.0,-1.0:-1.0,-1.0 farLxy=-1.0,-1.0:-1.0,-1.0/-1.0,-1.0:-1.0,-1.0 best=-1:-1.0,-1.0:-1.0,-1.0:-57295.8:00000/-1:-1.0,-1.0:-1.0,-1.0:-57295.8:00000 seed_src=circle/lost seed=40.0,91.8/0.0,0.0 far_start=40,0 far_raw=0/0 far_num=0/0 straight=0/0 far_straight=0/0 conf_deg=0.0/0.0/0.0/0.0
CrossDiag: type=CROSS_NONE track=0 half_lr=0/0 nearL=0@-1/0@-1 nearNum=0/0 centerNum=0/0 farL=0@-1/0@-1 farNum=0/0 farRaw=0/0 lost=1/0 not_have=0 final=92/17 flags=0/0
LineErr: aim=33 cxcy=84.0,119.6 left=0:0.00@-1,-1 dx=0.0 idx=-1/-1 dist=-1/-1 right=0:0.00@-1,-1 dx=0.0 idx=-1/-1 dist=-1/-1 sel=1:57.82@56,125 dx=-27.9 idx=0/16 dist=32/32 edge=0:0.00@-1.0,-1.0 dx=0.0 width=0.0 l=-1,-1 r=-1,-1
ATGSeedDiag: seed=0@-1,-1/0@-1,-1 begin=7,108 block=5 clip=8
ATGLptDiag: best=-1(-57295.8) imip=-1/-1 pass=00000 acc=-1 ipm=-1.0,-1.0 inv=-1.0,-1.0 | -1(-57295.8) imip=-1/-1 pass=00000 acc=-1 ipm=-1.0,-1.0 inv=-1.0,-1.0
frame=511 line=1 track=0 cross=0 circle=3(CIRCLE_LEFT_IN) round=0 yroad=0 ramp=0 road=7 speed=0 near=0/0 raw=0/0 sel=92/17 far=0/0 far_raw=0/0 l=0@-1/0@-1 far_l=0@-1/0@-1 straight=0/0 far_straight=0/0 circle_cnt=0/0/0/0 lost=1/0 conf=0.0/0.0/0.0/0.0 dist=639 begin=0/3267 m0=(84,119) ml=(56,119) md=28/0/28 cxcy=84.0,119.6 guide=37.36 atg=-60.0/-60.0/-60.0 pure=20.82/20.82 yaw=-2242 cmd=-2442 actual=-1531 signed=1 rps=7147/453:4785/3916 duty=20/0 pwm=PWM2:20/PWM1:0 motor=2:20/1:0
ATGCorner: L=0@-1/0@-1 Y=0@-1/0@-1 farL=0@-1/0@-1 Lxy=-1.0,-1.0:-1.0,-1.0/-1.0,-1.0:-1.0,-1.0 Yxy=-1.0,-1.0:-1.0,-1.0/-1.0,-1.0:-1.0,-1.0 farLxy=-1.0,-1.0:-1.0,-1.0/-1.0,-1.0:-1.0,-1.0 best=-1:-1.0,-1.0:-1.0,-1.0:-57295.8:00000/-1:-1.0,-1.0:-1.0,-1.0:-57295.8:00000 seed_src=circle/lost seed=40.0,91.8/0.0,0.0 far_start=40,0 far_raw=0/0 far_num=0/0 straight=0/0 far_straight=0/0 conf_deg=0.0/0.0/0.0/0.0
CrossDiag: type=CROSS_NONE track=0 half_lr=0/0 nearL=0@-1/0@-1 nearNum=0/0 centerNum=0/0 farL=0@-1/0@-1 farNum=0/0 farRaw=0/0 lost=1/0 not_have=0 final=92/17 flags=0/0
LineErr: aim=33 cxcy=84.0,119.6 left=0:0.00@-1,-1 dx=0.0 idx=-1/-1 dist=-1/-1 right=0:0.00@-1,-1 dx=0.0 idx=-1/-1 dist=-1/-1 sel=1:57.82@56,125 dx=-27.9 idx=0/16 dist=32/32 edge=0:0.00@-1.0,-1.0 dx=0.0 width=0.0 l=-1,-1 r=-1,-1
ATGSeedDiag: seed=0@-1,-1/0@-1,-1 begin=7,108 block=5 clip=8
ATGLptDiag: best=-1(-57295.8) imip=-1/-1 pass=00000 acc=-1 ipm=-1.0,-1.0 inv=-1.0,-1.0 | -1(-57295.8) imip=-1/-1 pass=00000 acc=-1 ipm=-1.0,-1.0 inv=-1.0,-1.0
frame=513 line=1 track=0 cross=0 circle=3(CIRCLE_LEFT_IN) round=0 yroad=0 ramp=0 road=7 speed=0 near=0/1 raw=0/170 sel=92/17 far=0/0 far_raw=0/0 l=0@-1/0@-1 far_l=0@-1/0@-1 straight=0/0 far_straight=0/0 circle_cnt=0/0/0/0 lost=1/0 conf=0.0/0.0/0.0/0.0 dist=664 begin=0/3267 m0=(84,119) ml=(56,119) md=28/0/28 cxcy=84.0,119.6 guide=37.36 atg=-60.0/-60.0/-60.0 pure=20.82/20.82 yaw=-2242 cmd=-2442 actual=-1541 signed=1 rps=7147/453:5278/4160 duty=19/0 pwm=PWM2:19/PWM1:0 motor=2:19/1:0
ATGCorner: L=0@-1/0@-1 Y=0@-1/0@-1 farL=0@-1/0@-1 Lxy=-1.0,-1.0:-1.0,-1.0/-1.0,-1.0:-1.0,-1.0 Yxy=-1.0,-1.0:-1.0,-1.0/-1.0,-1.0:-1.0,-1.0 farLxy=-1.0,-1.0:-1.0,-1.0/-1.0,-1.0:-1.0,-1.0 best=-1:-1.0,-1.0:-1.0,-1.0:-57295.8:00000/-1:-1.0,-1.0:-1.0,-1.0:-57295.8:00000 seed_src=circle/lost seed=40.0,91.8/0.0,0.0 far_start=40,0 far_raw=0/0 far_num=0/0 straight=0/0 far_straight=0/0 conf_deg=0.0/0.0/0.0/0.0
CrossDiag: type=CROSS_NONE track=0 half_lr=0/0 nearL=0@-1/0@-1 nearNum=0/1 centerNum=0/1 farL=0@-1/0@-1 farNum=0/0 farRaw=0/0 lost=1/0 not_have=0 final=92/17 flags=0/0
LineErr: aim=33 cxcy=84.0,119.6 left=0:0.00@-1,-1 dx=0.0 idx=-1/-1 dist=-1/-1 right=0:0.00@-1,-1 dx=0.0 idx=-1/-1 dist=-1/-1 sel=1:57.82@56,125 dx=-27.9 idx=0/16 dist=32/32 edge=0:0.00@-1.0,-1.0 dx=0.0 width=0.0 l=-1,-1 r=-1,-1
ATGSeedDiag: seed=0@-1,-1/1@93,87 begin=7,108 block=5 clip=8
ATGLptDiag: best=-1(-57295.8) imip=-1/-1 pass=00000 acc=-1 ipm=-1.0,-1.0 inv=-1.0,-1.0 | -1(-57295.8) imip=-1/-1 pass=00000 acc=-1 ipm=-1.0,-1.0 inv=-1.0,-1.0
frame=514 line=1 track=0 cross=0 circle=3(CIRCLE_LEFT_IN) round=0 yroad=0 ramp=0 road=7 speed=0 near=0/1 raw=0/170 sel=92/17 far=0/0 far_raw=0/0 l=0@-1/0@-1 far_l=0@-1/0@-1 straight=0/0 far_straight=0/0 circle_cnt=0/0/0/0 lost=1/0 conf=0.0/0.0/0.0/0.0 dist=677 begin=0/3267 m0=(84,119) ml=(56,119) md=28/0/28 cxcy=84.0,119.6 guide=37.36 atg=-60.0/-60.0/-60.0 pure=20.82/20.82 yaw=-2242 cmd=-2442 actual=-1551 signed=1 rps=7147/453:5216/3966 duty=19/0 pwm=PWM2:19/PWM1:0 motor=2:19/1:0
ATGCorner: L=0@-1/0@-1 Y=0@-1/0@-1 farL=0@-1/0@-1 Lxy=-1.0,-1.0:-1.0,-1.0/-1.0,-1.0:-1.0,-1.0 Yxy=-1.0,-1.0:-1.0,-1.0/-1.0,-1.0:-1.0,-1.0 farLxy=-1.0,-1.0:-1.0,-1.0/-1.0,-1.0:-1.0,-1.0 best=-1:-1.0,-1.0:-1.0,-1.0:-57295.8:00000/-1:-1.0,-1.0:-1.0,-1.0:-57295.8:00000 seed_src=circle/lost seed=40.0,91.8/0.0,0.0 far_start=40,0 far_raw=0/0 far_num=0/0 straight=0/0 far_straight=0/0 conf_deg=0.0/0.0/0.0/0.0
CrossDiag: type=CROSS_NONE track=0 half_lr=0/0 nearL=0@-1/0@-1 nearNum=0/1 centerNum=0/1 farL=0@-1/0@-1 farNum=0/0 farRaw=0/0 lost=1/0 not_have=0 final=92/17 flags=0/0
LineErr: aim=33 cxcy=84.0,119.6 left=0:0.00@-1,-1 dx=0.0 idx=-1/-1 dist=-1/-1 right=0:0.00@-1,-1 dx=0.0 idx=-1/-1 dist=-1/-1 sel=1:57.82@56,125 dx=-27.9 idx=0/16 dist=32/32 edge=0:0.00@-1.0,-1.0 dx=0.0 width=0.0 l=-1,-1 r=-1,-1
ATGSeedDiag: seed=0@-1,-1/1@94,88 begin=7,108 block=5 clip=8
ATGLptDiag: best=-1(-57295.8) imip=-1/-1 pass=00000 acc=-1 ipm=-1.0,-1.0 inv=-1.0,-1.0 | -1(-57295.8) imip=-1/-1 pass=00000 acc=-1 ipm=-1.0,-1.0 inv=-1.0,-1.0
frame=515 line=1 track=0 cross=0 circle=3(CIRCLE_LEFT_IN) round=0 yroad=0 ramp=0 road=7 speed=0 near=0/38 raw=0/90 sel=92/17 far=0/0 far_raw=0/0 l=0@-1/0@-1 far_l=0@-1/0@-1 straight=0/0 far_straight=0/0 circle_cnt=0/0/0/0 lost=1/0 conf=0.0/3.5/0.0/0.0 dist=690 begin=0/3267 m0=(84,119) ml=(56,119) md=28/0/28 cxcy=84.0,119.6 guide=37.36 atg=-60.0/-60.0/-60.0 pure=20.82/20.82 yaw=-2242 cmd=-2442 actual=-1565 signed=1 rps=7147/453:5553/4058 duty=19/0 pwm=PWM2:19/PWM1:0 motor=2:19/1:0
ATGCorner: L=0@-1/0@-1 Y=0@-1/0@-1 farL=0@-1/0@-1 Lxy=-1.0,-1.0:-1.0,-1.0/-1.0,-1.0:-1.0,-1.0 Yxy=-1.0,-1.0:-1.0,-1.0/-1.0,-1.0:-1.0,-1.0 farLxy=-1.0,-1.0:-1.0,-1.0/-1.0,-1.0:-1.0,-1.0 best=-1:-1.0,-1.0:-1.0,-1.0:-57295.8:00000/17:59.7,84.6:45.7,49.7:3.5:10111 seed_src=circle/none seed=40.0,91.8/0.0,0.0 far_start=40,0 far_raw=0/0 far_num=0/0 straight=0/0 far_straight=0/0 conf_deg=0.0/3.5/0.0/0.0
CrossDiag: type=CROSS_NONE track=0 half_lr=0/0 nearL=0@-1/0@-1 nearNum=0/38 centerNum=0/38 farL=0@-1/0@-1 farNum=0/0 farRaw=0/0 lost=1/0 not_have=0 final=92/17 flags=0/0
LineErr: aim=33 cxcy=84.0,119.6 left=0:0.00@-1,-1 dx=0.0 idx=-1/-1 dist=-1/-1 right=1:45.43@49,109 dx=-34.6 idx=0/16 dist=32/74 sel=1:57.82@56,125 dx=-27.9 idx=0/16 dist=32/32 edge=0:0.00@-1.0,-1.0 dx=0.0 width=0.0 l=-1,-1 r=62,86
ATGSeedDiag: seed=0@-1,-1/1@91,88 begin=7,108 block=5 clip=8
ATGLptDiag: best=-1(-57295.8) imip=-1/-1 pass=00000 acc=-1 ipm=-1.0,-1.0 inv=-1.0,-1.0 | 17(3.5) imip=7/27 pass=10111 acc=-1 ipm=59.7,84.6 inv=45.7,49.7
frame=516 line=1 track=0 cross=0 circle=3(CIRCLE_LEFT_IN) round=0 yroad=0 ramp=0 road=7 speed=0 near=0/1 raw=0/170 sel=92/17 far=0/0 far_raw=0/0 l=0@-1/0@-1 far_l=0@-1/0@-1 straight=0/0 far_straight=0/0 circle_cnt=0/0/0/0 lost=1/0 conf=0.0/0.0/0.0/0.0 dist=703 begin=0/3267 m0=(84,119) ml=(56,119) md=28/0/28 cxcy=84.0,119.6 guide=37.36 atg=-60.0/-60.0/-60.0 pure=20.82/20.82 yaw=-2242 cmd=-2442 actual=-1572 signed=1 rps=7147/453:5421/3833 duty=19/0 pwm=PWM2:19/PWM1:0 motor=2:19/1:0
ATGCorner: L=0@-1/0@-1 Y=0@-1/0@-1 farL=0@-1/0@-1 Lxy=-1.0,-1.0:-1.0,-1.0/-1.0,-1.0:-1.0,-1.0 Yxy=-1.0,-1.0:-1.0,-1.0/-1.0,-1.0:-1.0,-1.0 farLxy=-1.0,-1.0:-1.0,-1.0/-1.0,-1.0:-1.0,-1.0 best=-1:-1.0,-1.0:-1.0,-1.0:-57295.8:00000/-1:-1.0,-1.0:-1.0,-1.0:-57295.8:00000 seed_src=circle/lost seed=40.0,91.8/0.0,0.0 far_start=40,0 far_raw=0/0 far_num=0/0 straight=0/0 far_straight=0/0 conf_deg=0.0/0.0/0.0/0.0
CrossDiag: type=CROSS_NONE track=0 half_lr=0/0 nearL=0@-1/0@-1 nearNum=0/1 centerNum=0/1 farL=0@-1/0@-1 farNum=0/0 farRaw=0/0 lost=1/0 not_have=0 final=92/17 flags=0/0
LineErr: aim=33 cxcy=84.0,119.6 left=0:0.00@-1,-1 dx=0.0 idx=-1/-1 dist=-1/-1 right=0:0.00@-1,-1 dx=0.0 idx=-1/-1 dist=-1/-1 sel=1:57.82@56,125 dx=-27.9 idx=0/16 dist=32/32 edge=0:0.00@-1.0,-1.0 dx=0.0 width=0.0 l=-1,-1 r=-1,-1
ATGSeedDiag: seed=0@-1,-1/1@97,92 begin=7,108 block=5 clip=8
ATGLptDiag: best=-1(-57295.8) imip=-1/-1 pass=00000 acc=-1 ipm=-1.0,-1.0 inv=-1.0,-1.0 | -1(-57295.8) imip=-1/-1 pass=00000 acc=-1 ipm=-1.0,-1.0 inv=-1.0,-1.0
frame=517 line=1 track=0 cross=0 circle=3(CIRCLE_LEFT_IN) round=0 yroad=0 ramp=0 road=7 speed=0 near=0/39 raw=0/94 sel=92/17 far=0/0 far_raw=0/0 l=0@-1/0@-1 far_l=0@-1/0@-1 straight=0/0 far_straight=0/0 circle_cnt=0/0/0/0 lost=1/0 conf=0.0/3.6/0.0/0.0 dist=716 begin=0/3267 m0=(84,119) ml=(56,119) md=28/0/28 cxcy=84.0,119.6 guide=37.36 atg=-60.0/-60.0/-60.0 pure=20.82/20.82 yaw=-2242 cmd=-2442 actual=-1556 signed=1 rps=7147/453:5701/3915 duty=19/0 pwm=PWM2:19/PWM1:0 motor=2:19/1:0
ATGCorner: L=0@-1/0@-1 Y=0@-1/0@-1 farL=0@-1/0@-1 Lxy=-1.0,-1.0:-1.0,-1.0/-1.0,-1.0:-1.0,-1.0 Yxy=-1.0,-1.0:-1.0,-1.0/-1.0,-1.0:-1.0,-1.0 farLxy=-1.0,-1.0:-1.0,-1.0/-1.0,-1.0:-1.0,-1.0 best=-1:-1.0,-1.0:-1.0,-1.0:-57295.8:00000/16:63.5,86.5:49.8,51.5:3.6:10111 seed_src=circle/none seed=40.0,91.8/0.0,0.0 far_start=40,0 far_raw=0/0 far_num=0/0 straight=0/0 far_straight=0/0 conf_deg=0.0/3.6/0.0/0.0
CrossDiag: type=CROSS_NONE track=0 half_lr=0/0 nearL=0@-1/0@-1 nearNum=0/39 centerNum=0/39 farL=0@-1/0@-1 farNum=0/0 farRaw=0/0 lost=1/0 not_have=0 final=92/17 flags=0/0
LineErr: aim=33 cxcy=84.0,119.6 left=0:0.00@-1,-1 dx=0.0 idx=-1/-1 dist=-1/-1 right=1:45.43@49,108 dx=-34.8 idx=1/17 dist=32/74 sel=1:57.82@56,125 dx=-27.9 idx=0/16 dist=32/32 edge=0:0.00@-1.0,-1.0 dx=0.0 width=0.0 l=-1,-1 r=64,86
ATGSeedDiag: seed=0@-1,-1/1@94,92 begin=7,108 block=5 clip=8
ATGLptDiag: best=-1(-57295.8) imip=-1/-1 pass=00000 acc=-1 ipm=-1.0,-1.0 inv=-1.0,-1.0 | 16(3.6) imip=6/26 pass=10111 acc=-1 ipm=63.5,86.5 inv=49.8,51.5
frame=519 line=1 track=0 cross=0 circle=3(CIRCLE_LEFT_IN) round=0 yroad=0 ramp=0 road=7 speed=0 near=0/1 raw=0/170 sel=92/17 far=0/0 far_raw=0/0 l=0@-1/0@-1 far_l=0@-1/0@-1 straight=0/0 far_straight=0/0 circle_cnt=0/0/0/0 lost=1/0 conf=0.0/0.0/0.0/0.0 dist=742 begin=0/3267 m0=(84,119) ml=(56,119) md=28/0/28 cxcy=84.0,119.6 guide=37.36 atg=-60.0/-60.0/-60.0 pure=20.82/20.82 yaw=-2242 cmd=-2442 actual=-1531 signed=1 rps=7147/453:5605/3771 duty=19/0 pwm=PWM2:19/PWM1:0 motor=2:19/1:0
ATGCorner: L=0@-1/0@-1 Y=0@-1/0@-1 farL=0@-1/0@-1 Lxy=-1.0,-1.0:-1.0,-1.0/-1.0,-1.0:-1.0,-1.0 Yxy=-1.0,-1.0:-1.0,-1.0/-1.0,-1.0:-1.0,-1.0 farLxy=-1.0,-1.0:-1.0,-1.0/-1.0,-1.0:-1.0,-1.0 best=-1:-1.0,-1.0:-1.0,-1.0:-57295.8:00000/-1:-1.0,-1.0:-1.0,-1.0:-57295.8:00000 seed_src=circle/lost seed=40.0,91.8/0.0,0.0 far_start=40,0 far_raw=0/0 far_num=0/0 straight=0/0 far_straight=0/0 conf_deg=0.0/0.0/0.0/0.0
CrossDiag: type=CROSS_NONE track=0 half_lr=0/0 nearL=0@-1/0@-1 nearNum=0/1 centerNum=0/1 farL=0@-1/0@-1 farNum=0/0 farRaw=0/0 lost=1/0 not_have=0 final=92/17 flags=0/0
LineErr: aim=33 cxcy=84.0,119.6 left=0:0.00@-1,-1 dx=0.0 idx=-1/-1 dist=-1/-1 right=0:0.00@-1,-1 dx=0.0 idx=-1/-1 dist=-1/-1 sel=1:57.82@56,125 dx=-27.9 idx=0/16 dist=32/32 edge=0:0.00@-1.0,-1.0 dx=0.0 width=0.0 l=-1,-1 r=-1,-1
ATGSeedDiag: seed=0@-1,-1/1@101,98 begin=7,108 block=5 clip=8
ATGLptDiag: best=-1(-57295.8) imip=-1/-1 pass=00000 acc=-1 ipm=-1.0,-1.0 inv=-1.0,-1.0 | -1(-57295.8) imip=-1/-1 pass=00000 acc=-1 ipm=-1.0,-1.0 inv=-1.0,-1.0
frame=520 line=1 track=0 cross=0 circle=3(CIRCLE_LEFT_IN) round=0 yroad=0 ramp=0 road=7 speed=0 near=0/40 raw=0/100 sel=92/17 far=0/0 far_raw=0/0 l=0@-1/0@-1 far_l=0@-1/0@-1 straight=0/0 far_straight=0/0 circle_cnt=0/0/0/0 lost=1/0 conf=0.0/5.8/0.0/0.0 dist=754 begin=0/3267 m0=(84,119) ml=(56,119) md=28/0/28 cxcy=84.0,119.6 guide=37.36 atg=-60.0/-60.0/-60.0 pure=20.82/20.82 yaw=-2242 cmd=-2442 actual=-1533 signed=1 rps=7147/453:5549/3869 duty=19/0 pwm=PWM2:19/PWM1:0 motor=2:19/1:0
ATGCorner: L=0@-1/0@-1 Y=0@-1/0@-1 farL=0@-1/0@-1 Lxy=-1.0,-1.0:-1.0,-1.0/-1.0,-1.0:-1.0,-1.0 Yxy=-1.0,-1.0:-1.0,-1.0/-1.0,-1.0:-1.0,-1.0 farLxy=-1.0,-1.0:-1.0,-1.0/-1.0,-1.0:-1.0,-1.0 best=-1:-1.0,-1.0:-1.0,-1.0:-57295.8:00000/38:17.4,72.9:6.0,41.0:5.8:10111 seed_src=circle/none seed=40.0,91.8/0.0,0.0 far_start=40,0 far_raw=0/0 far_num=0/0 straight=0/0 far_straight=0/0 conf_deg=0.0/5.8/0.0/0.0
CrossDiag: type=CROSS_NONE track=0 half_lr=0/0 nearL=0@-1/0@-1 nearNum=0/40 centerNum=0/40 farL=0@-1/0@-1 farNum=0/0 farRaw=0/0 lost=1/0 not_have=0 final=92/17 flags=0/0
LineErr: aim=33 cxcy=84.0,119.6 left=0:0.00@-1,-1 dx=0.0 idx=-1/-1 dist=-1/-1 right=1:45.34@49,109 dx=-34.6 idx=2/18 dist=32/73 sel=1:57.82@56,125 dx=-27.9 idx=0/16 dist=32/32 edge=0:0.00@-1.0,-1.0 dx=0.0 width=0.0 l=-1,-1 r=66,88
ATGSeedDiag: seed=0@-1,-1/1@98,98 begin=7,108 block=5 clip=8
ATGLptDiag: best=-1(-57295.8) imip=-1/-1 pass=00000 acc=-1 ipm=-1.0,-1.0 inv=-1.0,-1.0 | 38(5.8) imip=28/39 pass=10111 acc=-1 ipm=17.4,72.9 inv=6.0,41.0
frame=521 line=1 track=0 cross=0 circle=3(CIRCLE_LEFT_IN) round=0 yroad=0 ramp=0 road=7 speed=0 near=0/40 raw=0/102 sel=92/17 far=0/0 far_raw=0/0 l=0@-1/0@-1 far_l=0@-1/0@-1 straight=0/0 far_straight=0/0 circle_cnt=0/0/0/0 lost=1/0 conf=0.0/6.4/0.0/0.0 dist=766 begin=0/3267 m0=(84,119) ml=(56,119) md=28/0/28 cxcy=84.0,119.6 guide=37.36 atg=-60.0/-60.0/-60.0 pure=20.82/20.82 yaw=-2242 cmd=-2442 actual=-1532 signed=1 rps=7147/453:5134/3766 duty=19/0 pwm=PWM2:19/PWM1:0 motor=2:19/1:0
ATGCorner: L=0@-1/0@-1 Y=0@-1/0@-1 farL=0@-1/0@-1 Lxy=-1.0,-1.0:-1.0,-1.0/-1.0,-1.0:-1.0,-1.0 Yxy=-1.0,-1.0:-1.0,-1.0/-1.0,-1.0:-1.0,-1.0 farLxy=-1.0,-1.0:-1.0,-1.0/-1.0,-1.0:-1.0,-1.0 best=-1:-1.0,-1.0:-1.0,-1.0:-57295.8:00000/37:20.5,73.0:9.0,41.1:6.4:10111 seed_src=circle/none seed=40.0,91.8/0.0,0.0 far_start=40,0 far_raw=0/0 far_num=0/0 straight=0/0 far_straight=0/0 conf_deg=0.0/6.4/0.0/0.0
CrossDiag: type=CROSS_NONE track=0 half_lr=0/0 nearL=0@-1/0@-1 nearNum=0/40 centerNum=0/40 farL=0@-1/0@-1 farNum=0/0 farRaw=0/0 lost=1/0 not_have=0 final=92/17 flags=0/0
LineErr: aim=33 cxcy=84.0,119.6 left=0:0.00@-1,-1 dx=0.0 idx=-1/-1 dist=-1/-1 right=1:44.93@50,109 dx=-34.1 idx=2/18 dist=32/74 sel=1:57.82@56,125 dx=-27.9 idx=0/16 dist=32/32 edge=0:0.00@-1.0,-1.0 dx=0.0 width=0.0 l=-1,-1 r=67,88
ATGSeedDiag: seed=0@-1,-1/1@99,100 begin=7,108 block=5 clip=8
ATGLptDiag: best=-1(-57295.8) imip=-1/-1 pass=00000 acc=-1 ipm=-1.0,-1.0 inv=-1.0,-1.0 | 37(6.4) imip=27/39 pass=10111 acc=-1 ipm=20.5,73.0 inv=9.0,41.1
frame=522 line=1 track=0 cross=0 circle=3(CIRCLE_LEFT_IN) round=0 yroad=0 ramp=0 road=7 speed=0 near=0/1 raw=0/170 sel=92/17 far=0/0 far_raw=0/0 l=0@-1/0@-1 far_l=0@-1/0@-1 straight=0/0 far_straight=0/0 circle_cnt=0/0/0/0 lost=1/0 conf=0.0/0.0/0.0/0.0 dist=779 begin=0/3267 m0=(84,119) ml=(56,119) md=28/0/28 cxcy=84.0,119.6 guide=37.36 atg=-60.0/-60.0/-60.0 pure=20.82/20.82 yaw=-2242 cmd=-2442 actual=-1524 signed=1 rps=7147/453:5268/4156 duty=19/0 pwm=PWM2:19/PWM1:0 motor=2:19/1:0
ATGCorner: L=0@-1/0@-1 Y=0@-1/0@-1 farL=0@-1/0@-1 Lxy=-1.0,-1.0:-1.0,-1.0/-1.0,-1.0:-1.0,-1.0 Yxy=-1.0,-1.0:-1.0,-1.0/-1.0,-1.0:-1.0,-1.0 farLxy=-1.0,-1.0:-1.0,-1.0/-1.0,-1.0:-1.0,-1.0 best=-1:-1.0,-1.0:-1.0,-1.0:-57295.8:00000/-1:-1.0,-1.0:-1.0,-1.0:-57295.8:00000 seed_src=circle/lost seed=40.0,91.8/0.0,0.0 far_start=40,0 far_raw=0/0 far_num=0/0 straight=0/0 far_straight=0/0 conf_deg=0.0/0.0/0.0/0.0
CrossDiag: type=CROSS_NONE track=0 half_lr=0/0 nearL=0@-1/0@-1 nearNum=0/1 centerNum=0/1 farL=0@-1/0@-1 farNum=0/0 farRaw=0/0 lost=1/0 not_have=0 final=92/17 flags=0/0
LineErr: aim=33 cxcy=84.0,119.6 left=0:0.00@-1,-1 dx=0.0 idx=-1/-1 dist=-1/-1 right=0:0.00@-1,-1 dx=0.0 idx=-1/-1 dist=-1/-1 sel=1:57.82@56,125 dx=-27.9 idx=0/16 dist=32/32 edge=0:0.00@-1.0,-1.0 dx=0.0 width=0.0 l=-1,-1 r=-1,-1
ATGSeedDiag: seed=0@-1,-1/1@106,105 begin=7,108 block=5 clip=8
ATGLptDiag: best=-1(-57295.8) imip=-1/-1 pass=00000 acc=-1 ipm=-1.0,-1.0 inv=-1.0,-1.0 | -1(-57295.8) imip=-1/-1 pass=00000 acc=-1 ipm=-1.0,-1.0 inv=-1.0,-1.0
frame=523 line=1 track=0 cross=0 circle=3(CIRCLE_LEFT_IN) round=0 yroad=0 ramp=0 road=7 speed=0 near=0/1 raw=0/170 sel=92/17 far=0/0 far_raw=0/0 l=0@-1/0@-1 far_l=0@-1/0@-1 straight=0/0 far_straight=0/0 circle_cnt=0/0/0/0 lost=1/0 conf=0.0/0.0/0.0/0.0 dist=792 begin=0/3267 m0=(84,119) ml=(56,119) md=28/0/28 cxcy=84.0,119.6 guide=37.36 atg=-60.0/-60.0/-60.0 pure=20.82/20.82 yaw=-2242 cmd=-2442 actual=-1512 signed=1 rps=7147/453:4980/4072 duty=20/0 pwm=PWM2:20/PWM1:0 motor=2:20/1:0
ATGCorner: L=0@-1/0@-1 Y=0@-1/0@-1 farL=0@-1/0@-1 Lxy=-1.0,-1.0:-1.0,-1.0/-1.0,-1.0:-1.0,-1.0 Yxy=-1.0,-1.0:-1.0,-1.0/-1.0,-1.0:-1.0,-1.0 farLxy=-1.0,-1.0:-1.0,-1.0/-1.0,-1.0:-1.0,-1.0 best=-1:-1.0,-1.0:-1.0,-1.0:-57295.8:00000/-1:-1.0,-1.0:-1.0,-1.0:-57295.8:00000 seed_src=circle/lost seed=40.0,91.8/0.0,0.0 far_start=40,0 far_raw=0/0 far_num=0/0 straight=0/0 far_straight=0/0 conf_deg=0.0/0.0/0.0/0.0
CrossDiag: type=CROSS_NONE track=0 half_lr=0/0 nearL=0@-1/0@-1 nearNum=0/1 centerNum=0/1 farL=0@-1/0@-1 farNum=0/0 farRaw=0/0 lost=1/0 not_have=0 final=92/17 flags=0/0
LineErr: aim=33 cxcy=84.0,119.6 left=0:0.00@-1,-1 dx=0.0 idx=-1/-1 dist=-1/-1 right=0:0.00@-1,-1 dx=0.0 idx=-1/-1 dist=-1/-1 sel=1:57.82@56,125 dx=-27.9 idx=0/16 dist=32/32 edge=0:0.00@-1.0,-1.0 dx=0.0 width=0.0 l=-1,-1 r=-1,-1
ATGSeedDiag: seed=0@-1,-1/1@107,107 begin=7,108 block=5 clip=8
ATGLptDiag: best=-1(-57295.8) imip=-1/-1 pass=00000 acc=-1 ipm=-1.0,-1.0 inv=-1.0,-1.0 | -1(-57295.8) imip=-1/-1 pass=00000 acc=-1 ipm=-1.0,-1.0 inv=-1.0,-1.0
frame=524 line=1 track=0 cross=0 circle=3(CIRCLE_LEFT_IN) round=0 yroad=0 ramp=0 road=7 speed=0 near=0/41 raw=0/108 sel=92/17 far=0/0 far_raw=0/0 l=0@-1/0@-1 far_l=0@-1/0@-1 straight=0/0 far_straight=0/0 circle_cnt=0/0/0/0 lost=1/0 conf=0.0/8.2/0.0/0.0 dist=806 begin=0/3267 m0=(84,119) ml=(56,119) md=28/0/28 cxcy=84.0,119.6 guide=37.36 atg=-60.0/-60.0/-60.0 pure=20.82/20.82 yaw=-2242 cmd=-2442 actual=-1504 signed=1 rps=7147/453:5313/4401 duty=19/0 pwm=PWM2:19/PWM1:0 motor=2:19/1:0
ATGCorner: L=0@-1/0@-1 Y=0@-1/0@-1 farL=0@-1/0@-1 Lxy=-1.0,-1.0:-1.0,-1.0/-1.0,-1.0:-1.0,-1.0 Yxy=-1.0,-1.0:-1.0,-1.0/-1.0,-1.0:-1.0,-1.0 farLxy=-1.0,-1.0:-1.0,-1.0/-1.0,-1.0:-1.0,-1.0 best=-1:-1.0,-1.0:-1.0,-1.0:-57295.8:00000/37:22.8,73.0:11.5,41.0:8.2:10111 seed_src=circle/none seed=40.0,91.8/0.0,0.0 far_start=40,0 far_raw=0/0 far_num=0/0 straight=0/0 far_straight=0/0 conf_deg=0.0/8.2/0.0/0.0
CrossDiag: type=CROSS_NONE track=0 half_lr=0/0 nearL=0@-1/0@-1 nearNum=0/41 centerNum=0/41 farL=0@-1/0@-1 farNum=0/0 farRaw=0/0 lost=1/0 not_have=0 final=92/17 flags=0/0
LineErr: aim=33 cxcy=84.0,119.6 left=0:0.00@-1,-1 dx=0.0 idx=-1/-1 dist=-1/-1 right=1:44.92@50,108 dx=-34.2 idx=2/19 dist=33/74 sel=1:57.82@56,125 dx=-27.9 idx=0/16 dist=32/32 edge=0:0.00@-1.0,-1.0 dx=0.0 width=0.0 l=-1,-1 r=67,88
ATGSeedDiag: seed=0@-1,-1/1@103,106 begin=7,108 block=5 clip=8
ATGLptDiag: best=-1(-57295.8) imip=-1/-1 pass=00000 acc=-1 ipm=-1.0,-1.0 inv=-1.0,-1.0 | 37(8.2) imip=27/40 pass=10111 acc=-1 ipm=22.8,73.0 inv=11.5,41.0
frame=525 line=1 track=0 cross=0 circle=3(CIRCLE_LEFT_IN) round=0 yroad=0 ramp=0 road=7 speed=0 near=0/41 raw=0/110 sel=92/17 far=0/0 far_raw=0/0 l=0@-1/0@-1 far_l=0@-1/0@-1 straight=0/0 far_straight=0/0 circle_cnt=0/0/0/0 lost=1/0 conf=0.0/8.0/0.0/0.0 dist=819 begin=0/3267 m0=(84,119) ml=(56,119) md=28/0/28 cxcy=84.0,119.6 guide=37.36 atg=-60.0/-60.0/-60.0 pure=20.82/20.82 yaw=-2242 cmd=-2442 actual=-1491 signed=1 rps=7147/453:5206/4208 duty=19/0 pwm=PWM2:19/PWM1:0 motor=2:19/1:0
ATGCorner: L=0@-1/0@-1 Y=0@-1/0@-1 farL=0@-1/0@-1 Lxy=-1.0,-1.0:-1.0,-1.0/-1.0,-1.0:-1.0,-1.0 Yxy=-1.0,-1.0:-1.0,-1.0/-1.0,-1.0:-1.0,-1.0 farLxy=-1.0,-1.0:-1.0,-1.0/-1.0,-1.0:-1.0,-1.0 best=-1:-1.0,-1.0:-1.0,-1.0:-57295.8:00000/37:23.4,73.0:12.0,41.1:8.0:10111 seed_src=circle/none seed=40.0,91.8/0.0,0.0 far_start=40,0 far_raw=0/0 far_num=0/0 straight=0/0 far_straight=0/0 conf_deg=0.0/8.0/0.0/0.0
CrossDiag: type=CROSS_NONE track=0 half_lr=0/0 nearL=0@-1/0@-1 nearNum=0/41 centerNum=0/41 farL=0@-1/0@-1 farNum=0/0 farRaw=0/0 lost=1/0 not_have=0 final=92/17 flags=0/0
LineErr: aim=33 cxcy=84.0,119.6 left=0:0.00@-1,-1 dx=0.0 idx=-1/-1 dist=-1/-1 right=1:44.81@50,109 dx=-33.8 idx=3/19 dist=32/74 sel=1:57.82@56,125 dx=-27.9 idx=0/16 dist=32/32 edge=0:0.00@-1.0,-1.0 dx=0.0 width=0.0 l=-1,-1 r=67,88
ATGSeedDiag: seed=0@-1,-1/1@104,108 begin=7,108 block=5 clip=8
ATGLptDiag: best=-1(-57295.8) imip=-1/-1 pass=00000 acc=-1 ipm=-1.0,-1.0 inv=-1.0,-1.0 | 37(8.0) imip=27/40 pass=10111 acc=-1 ipm=23.4,73.0 inv=12.0,41.1
frame=528 line=1 track=0 cross=0 circle=3(CIRCLE_LEFT_IN) round=0 yroad=0 ramp=0 road=7 speed=0 near=0/42 raw=0/110 sel=92/17 far=0/0 far_raw=0/0 l=0@-1/0@-1 far_l=0@-1/0@-1 straight=0/0 far_straight=0/0 circle_cnt=0/0/0/0 lost=1/0 conf=0.0/7.7/0.0/0.0 dist=861 begin=0/3267 m0=(84,119) ml=(56,119) md=28/0/28 cxcy=84.0,119.6 guide=37.36 atg=-60.0/-60.0/-60.0 pure=20.82/20.82 yaw=-2242 cmd=-2442 actual=-1439 signed=1 rps=7147/453:5666/4266 duty=19/0 pwm=PWM2:19/PWM1:0 motor=2:19/1:0
ATGCorner: L=0@-1/0@-1 Y=0@-1/0@-1 farL=0@-1/0@-1 Lxy=-1.0,-1.0:-1.0,-1.0/-1.0,-1.0:-1.0,-1.0 Yxy=-1.0,-1.0:-1.0,-1.0/-1.0,-1.0:-1.0,-1.0 farLxy=-1.0,-1.0:-1.0,-1.0/-1.0,-1.0:-1.0,-1.0 best=-1:-1.0,-1.0:-1.0,-1.0:-57295.8:00000/14:73.0,91.8:60.7,57.0:7.7:10111 seed_src=circle/none seed=40.0,91.8/0.0,0.0 far_start=40,0 far_raw=0/0 far_num=0/0 straight=0/0 far_straight=0/0 conf_deg=0.0/7.7/0.0/0.0
CrossDiag: type=CROSS_NONE track=0 half_lr=0/0 nearL=0@-1/0@-1 nearNum=0/42 centerNum=0/42 farL=0@-1/0@-1 farNum=0/0 farRaw=0/0 lost=1/0 not_have=0 final=92/17 flags=0/0
LineErr: aim=33 cxcy=84.0,119.6 left=0:0.00@-1,-1 dx=0.0 idx=-1/-1 dist=-1/-1 right=1:44.25@52,109 dx=-32.5 idx=2/18 dist=32/78 sel=1:57.82@56,125 dx=-27.9 idx=0/16 dist=32/32 edge=0:0.00@-1.0,-1.0 dx=0.0 width=0.0 l=-1,-1 r=67,88
ATGSeedDiag: seed=0@-1,-1/1@104,108 begin=7,108 block=5 clip=8
ATGLptDiag: best=-1(-57295.8) imip=-1/-1 pass=00000 acc=-1 ipm=-1.0,-1.0 inv=-1.0,-1.0 | 14(7.7) imip=4/24 pass=10111 acc=-1 ipm=73.0,91.8 inv=60.7,57.0
frame=530 line=1 track=0 cross=0 circle=3(CIRCLE_LEFT_IN) round=0 yroad=0 ramp=0 road=7 speed=0 near=0/42 raw=0/109 sel=92/17 far=0/0 far_raw=0/0 l=0@-1/0@-1 far_l=0@-1/0@-1 straight=0/0 far_straight=0/0 circle_cnt=0/0/0/0 lost=1/0 conf=0.0/7.4/0.0/0.0 dist=889 begin=0/3267 m0=(84,119) ml=(56,119) md=28/0/28 cxcy=84.0,119.6 guide=37.36 atg=-60.0/-60.0/-60.0 pure=20.82/20.82 yaw=-2242 cmd=-2442 actual=-1439 signed=1 rps=7147/453:5545/4162 duty=19/0 pwm=PWM2:19/PWM1:0 motor=2:19/1:0
ATGCorner: L=0@-1/0@-1 Y=0@-1/0@-1 farL=0@-1/0@-1 Lxy=-1.0,-1.0:-1.0,-1.0/-1.0,-1.0:-1.0,-1.0 Yxy=-1.0,-1.0:-1.0,-1.0/-1.0,-1.0:-1.0,-1.0 farLxy=-1.0,-1.0:-1.0,-1.0/-1.0,-1.0:-1.0,-1.0 best=-1:-1.0,-1.0:-1.0,-1.0:-57295.8:00000/14:72.8,91.7:60.5,56.8:7.4:10111 seed_src=circle/none seed=40.0,91.8/0.0,0.0 far_start=40,0 far_raw=0/0 far_num=0/0 straight=0/0 far_straight=0/0 conf_deg=0.0/7.4/0.0/0.0
CrossDiag: type=CROSS_NONE track=0 half_lr=0/0 nearL=0@-1/0@-1 nearNum=0/42 centerNum=0/42 farL=0@-1/0@-1 farNum=0/0 farRaw=0/0 lost=1/0 not_have=0 final=92/17 flags=0/0
LineErr: aim=33 cxcy=84.0,119.6 left=0:0.00@-1,-1 dx=0.0 idx=-1/-1 dist=-1/-1 right=1:44.62@50,108 dx=-34.2 idx=2/19 dist=33/77 sel=1:57.82@56,125 dx=-27.9 idx=0/16 dist=32/32 edge=0:0.00@-1.0,-1.0 dx=0.0 width=0.0 l=-1,-1 r=67,88
ATGSeedDiag: seed=0@-1,-1/1@103,108 begin=7,108 block=5 clip=8
ATGLptDiag: best=-1(-57295.8) imip=-1/-1 pass=00000 acc=-1 ipm=-1.0,-1.0 inv=-1.0,-1.0 | 14(7.4) imip=4/24 pass=10111 acc=-1 ipm=72.8,91.7 inv=60.5,56.8
frame=531 line=1 track=0 cross=0 circle=3(CIRCLE_LEFT_IN) round=0 yroad=0 ramp=0 road=7 speed=0 near=0/42 raw=0/110 sel=92/17 far=0/0 far_raw=0/0 l=0@-1/0@-1 far_l=0@-1/0@-1 straight=0/0 far_straight=0/0 circle_cnt=0/0/0/0 lost=1/0 conf=0.0/8.1/0.0/0.0 dist=902 begin=0/3267 m0=(84,119) ml=(56,119) md=28/0/28 cxcy=84.0,119.6 guide=37.36 atg=-60.0/-60.0/-60.0 pure=20.82/20.82 yaw=-2242 cmd=-2442 actual=-1433 signed=1 rps=7147/453:5611/4217 duty=19/0 pwm=PWM2:19/PWM1:0 motor=2:19/1:0
ATGCorner: L=0@-1/0@-1 Y=0@-1/0@-1 farL=0@-1/0@-1 Lxy=-1.0,-1.0:-1.0,-1.0/-1.0,-1.0:-1.0,-1.0 Yxy=-1.0,-1.0:-1.0,-1.0/-1.0,-1.0:-1.0,-1.0 farLxy=-1.0,-1.0:-1.0,-1.0/-1.0,-1.0:-1.0,-1.0 best=-1:-1.0,-1.0:-1.0,-1.0:-57295.8:00000/13:74.6,93.1:62.8,58.4:8.1:10111 seed_src=circle/none seed=40.0,91.8/0.0,0.0 far_start=40,0 far_raw=0/0 far_num=0/0 straight=0/0 far_straight=0/0 conf_deg=0.0/8.1/0.0/0.0
CrossDiag: type=CROSS_NONE track=0 half_lr=0/0 nearL=0@-1/0@-1 nearNum=0/42 centerNum=0/42 farL=0@-1/0@-1 farNum=0/0 farRaw=0/0 lost=1/0 not_have=0 final=92/17 flags=0/0
LineErr: aim=33 cxcy=84.0,119.6 left=0:0.00@-1,-1 dx=0.0 idx=-1/-1 dist=-1/-1 right=1:44.98@50,108 dx=-34.4 idx=3/19 dist=32/76 sel=1:57.82@56,125 dx=-27.9 idx=0/16 dist=32/32 edge=0:0.00@-1.0,-1.0 dx=0.0 width=0.0 l=-1,-1 r=67,88
ATGSeedDiag: seed=0@-1,-1/1@103,108 begin=7,108 block=5 clip=8
ATGLptDiag: best=-1(-57295.8) imip=-1/-1 pass=00000 acc=-1 ipm=-1.0,-1.0 inv=-1.0,-1.0 | 13(8.1) imip=3/23 pass=10111 acc=-1 ipm=74.6,93.1 inv=62.8,58.4
frame=533 line=1 track=0 cross=0 circle=3(CIRCLE_LEFT_IN) round=0 yroad=0 ramp=0 road=7 speed=0 near=0/42 raw=0/111 sel=92/17 far=0/0 far_raw=0/0 l=0@-1/0@-1 far_l=0@-1/0@-1 straight=0/0 far_straight=0/0 circle_cnt=0/0/0/0 lost=1/0 conf=0.0/8.6/0.0/0.0 dist=927 begin=0/3267 m0=(84,119) ml=(56,119) md=28/0/28 cxcy=84.0,119.6 guide=37.36 atg=-60.0/-60.0/-60.0 pure=20.82/20.82 yaw=-2242 cmd=-2442 actual=-1409 signed=1 rps=7147/453:5107/3964 duty=20/0 pwm=PWM2:20/PWM1:0 motor=2:20/1:0
ATGCorner: L=0@-1/0@-1 Y=0@-1/0@-1 farL=0@-1/0@-1 Lxy=-1.0,-1.0:-1.0,-1.0/-1.0,-1.0:-1.0,-1.0 Yxy=-1.0,-1.0:-1.0,-1.0/-1.0,-1.0:-1.0,-1.0 farLxy=-1.0,-1.0:-1.0,-1.0/-1.0,-1.0:-1.0,-1.0 best=-1:-1.0,-1.0:-1.0,-1.0:-57295.8:00000/12:76.3,94.6:64.9,60.3:8.6:10111 seed_src=circle/none seed=40.0,91.8/0.0,0.0 far_start=40,0 far_raw=0/0 far_num=0/0 straight=0/0 far_straight=0/0 conf_deg=0.0/8.6/0.0/0.0
CrossDiag: type=CROSS_NONE track=0 half_lr=0/0 nearL=0@-1/0@-1 nearNum=0/42 centerNum=0/42 farL=0@-1/0@-1 farNum=0/0 farRaw=0/0 lost=1/0 not_have=0 final=92/17 flags=0/0
LineErr: aim=33 cxcy=84.0,119.6 left=0:0.00@-1,-1 dx=0.0 idx=-1/-1 dist=-1/-1 right=1:44.38@51,109 dx=-32.9 idx=2/18 dist=32/78 sel=1:57.82@56,125 dx=-27.9 idx=0/16 dist=32/32 edge=0:0.00@-1.0,-1.0 dx=0.0 width=0.0 l=-1,-1 r=67,88
ATGSeedDiag: seed=0@-1,-1/1@103,108 begin=7,108 block=5 clip=8
ATGLptDiag: best=-1(-57295.8) imip=-1/-1 pass=00000 acc=-1 ipm=-1.0,-1.0 inv=-1.0,-1.0 | 12(8.6) imip=2/22 pass=10111 acc=-1 ipm=76.3,94.6 inv=64.9,60.3
frame=534 line=1 track=0 cross=0 circle=3(CIRCLE_LEFT_IN) round=0 yroad=0 ramp=0 road=7 speed=0 near=0/42 raw=0/110 sel=92/17 far=0/0 far_raw=0/0 l=0@-1/0@-1 far_l=0@-1/0@-1 straight=0/0 far_straight=0/0 circle_cnt=0/0/0/0 lost=1/0 conf=0.0/9.9/0.0/0.0 dist=940 begin=0/3267 m0=(84,119) ml=(56,119) md=28/0/28 cxcy=84.0,119.6 guide=37.36 atg=-60.0/-60.0/-60.0 pure=20.82/20.82 yaw=-2242 cmd=-2442 actual=-1404 signed=1 rps=7147/453:5331/4164 duty=19/0 pwm=PWM2:19/PWM1:0 motor=2:19/1:0
ATGCorner: L=0@-1/0@-1 Y=0@-1/0@-1 farL=0@-1/0@-1 Lxy=-1.0,-1.0:-1.0,-1.0/-1.0,-1.0:-1.0,-1.0 Yxy=-1.0,-1.0:-1.0,-1.0/-1.0,-1.0:-1.0,-1.0 farLxy=-1.0,-1.0:-1.0,-1.0/-1.0,-1.0:-1.0,-1.0 best=-1:-1.0,-1.0:-1.0,-1.0:-57295.8:00000/12:76.4,94.6:65.1,60.2:9.9:10111 seed_src=circle/none seed=40.0,91.8/0.0,0.0 far_start=40,0 far_raw=0/0 far_num=0/0 straight=0/0 far_straight=0/0 conf_deg=0.0/9.9/0.0/0.0
CrossDiag: type=CROSS_NONE track=0 half_lr=0/0 nearL=0@-1/0@-1 nearNum=0/42 centerNum=0/42 farL=0@-1/0@-1 farNum=0/0 farRaw=0/0 lost=1/0 not_have=0 final=92/17 flags=0/0
LineErr: aim=33 cxcy=84.0,119.6 left=0:0.00@-1,-1 dx=0.0 idx=-1/-1 dist=-1/-1 right=1:44.41@51,109 dx=-32.9 idx=2/18 dist=32/78 sel=1:57.82@56,125 dx=-27.9 idx=0/16 dist=32/32 edge=0:0.00@-1.0,-1.0 dx=0.0 width=0.0 l=-1,-1 r=67,88
ATGSeedDiag: seed=0@-1,-1/1@103,108 begin=7,108 block=5 clip=8
ATGLptDiag: best=-1(-57295.8) imip=-1/-1 pass=00000 acc=-1 ipm=-1.0,-1.0 inv=-1.0,-1.0 | 12(9.9) imip=2/22 pass=10111 acc=-1 ipm=76.4,94.6 inv=65.1,60.2
frame=537 line=1 track=0 cross=0 circle=3(CIRCLE_LEFT_IN) round=0 yroad=0 ramp=0 road=7 speed=0 near=0/42 raw=0/110 sel=92/17 far=0/0 far_raw=0/0 l=0@-1/0@-1 far_l=0@-1/0@-1 straight=0/0 far_straight=0/0 circle_cnt=0/0/0/0 lost=1/0 conf=0.0/10.2/0.0/0.0 dist=982 begin=0/3267 m0=(84,119) ml=(56,119) md=28/0/28 cxcy=84.0,119.6 guide=37.36 atg=-60.0/-60.0/-60.0 pure=20.82/20.82 yaw=-2242 cmd=-2442 actual=-1352 signed=1 rps=7147/453:5946/4730 duty=18/0 pwm=PWM2:18/PWM1:0 motor=2:18/1:0
ATGCorner: L=0@-1/0@-1 Y=0@-1/0@-1 farL=0@-1/0@-1 Lxy=-1.0,-1.0:-1.0,-1.0/-1.0,-1.0:-1.0,-1.0 Yxy=-1.0,-1.0:-1.0,-1.0/-1.0,-1.0:-1.0,-1.0 farLxy=-1.0,-1.0:-1.0,-1.0/-1.0,-1.0:-1.0,-1.0 best=-1:-1.0,-1.0:-1.0,-1.0:-57295.8:00000/11:77.8,96.0:67.1,62.1:10.2:10111 seed_src=circle/none seed=40.0,91.8/0.0,0.0 far_start=40,0 far_raw=0/0 far_num=0/0 straight=0/0 far_straight=0/0 conf_deg=0.0/10.2/0.0/0.0
CrossDiag: type=CROSS_NONE track=0 half_lr=0/0 nearL=0@-1/0@-1 nearNum=0/42 centerNum=0/42 farL=0@-1/0@-1 farNum=0/0 farRaw=0/0 lost=1/0 not_have=0 final=92/17 flags=0/0
LineErr: aim=33 cxcy=84.0,119.6 left=0:0.00@-1,-1 dx=0.0 idx=-1/-1 dist=-1/-1 right=1:44.49@51,109 dx=-33.1 idx=2/18 dist=32/78 sel=1:57.82@56,125 dx=-27.9 idx=0/16 dist=32/32 edge=0:0.00@-1.0,-1.0 dx=0.0 width=0.0 l=-1,-1 r=67,88
ATGSeedDiag: seed=0@-1,-1/1@102,108 begin=7,108 block=5 clip=8
ATGLptDiag: best=-1(-57295.8) imip=-1/-1 pass=00000 acc=-1 ipm=-1.0,-1.0 inv=-1.0,-1.0 | 11(10.2) imip=1/21 pass=10111 acc=-1 ipm=77.8,96.0 inv=67.1,62.1
frame=540 line=1 track=0 cross=0 circle=3(CIRCLE_LEFT_IN) round=0 yroad=0 ramp=0 road=7 speed=0 near=0/42 raw=0/110 sel=92/17 far=0/0 far_raw=0/0 l=0@-1/0@-1 far_l=0@-1/0@-1 straight=0/0 far_straight=0/0 circle_cnt=0/0/0/0 lost=1/0 conf=0.0/15.1/0.0/0.0 dist=1026 begin=0/3267 m0=(84,119) ml=(56,119) md=28/0/28 cxcy=84.0,119.6 guide=37.36 atg=-60.0/-60.0/-60.0 pure=20.82/20.82 yaw=-2242 cmd=-2442 actual=-1355 signed=1 rps=7147/453:5706/4508 duty=19/0 pwm=PWM2:19/PWM1:0 motor=2:19/1:0
ATGCorner: L=0@-1/0@-1 Y=0@-1/0@-1 farL=0@-1/0@-1 Lxy=-1.0,-1.0:-1.0,-1.0/-1.0,-1.0:-1.0,-1.0 Yxy=-1.0,-1.0:-1.0,-1.0/-1.0,-1.0:-1.0,-1.0 farLxy=-1.0,-1.0:-1.0,-1.0/-1.0,-1.0:-1.0,-1.0 best=-1:-1.0,-1.0:-1.0,-1.0:-57295.8:00000/10:79.2,97.6:69.0,64.2:15.1:10111 seed_src=circle/none seed=40.0,91.8/0.0,0.0 far_start=40,0 far_raw=0/0 far_num=0/0 straight=0/0 far_straight=0/0 conf_deg=0.0/15.1/0.0/0.0
CrossDiag: type=CROSS_NONE track=0 half_lr=0/0 nearL=0@-1/0@-1 nearNum=0/42 centerNum=0/42 farL=0@-1/0@-1 farNum=0/0 farRaw=0/0 lost=1/0 not_have=0 final=92/17 flags=0/0
LineErr: aim=33 cxcy=84.0,119.6 left=0:0.00@-1,-1 dx=0.0 idx=-1/-1 dist=-1/-1 right=1:45.48@49,109 dx=-34.6 idx=2/19 dist=32/76 sel=1:57.82@56,125 dx=-27.9 idx=0/16 dist=32/32 edge=0:0.00@-1.0,-1.0 dx=0.0 width=0.0 l=-1,-1 r=66,88
ATGSeedDiag: seed=0@-1,-1/1@101,108 begin=7,108 block=5 clip=8
ATGLptDiag: best=-1(-57295.8) imip=-1/-1 pass=00000 acc=-1 ipm=-1.0,-1.0 inv=-1.0,-1.0 | 10(15.1) imip=0/20 pass=10111 acc=-1 ipm=79.2,97.6 inv=69.0,64.2
frame=545 line=1 track=0 cross=0 circle=3(CIRCLE_LEFT_IN) round=0 yroad=0 ramp=0 road=7 speed=0 near=0/42 raw=0/110 sel=92/17 far=0/0 far_raw=0/0 l=0@-1/0@-1 far_l=0@-1/0@-1 straight=0/0 far_straight=0/0 circle_cnt=0/0/0/0 lost=1/0 conf=0.0/14.5/0.0/0.0 dist=1093 begin=0/3267 m0=(84,119) ml=(56,119) md=28/0/28 cxcy=84.0,119.6 guide=37.36 atg=-60.0/-60.0/-60.0 pure=20.82/20.82 yaw=-2242 cmd=-2442 actual=-1297 signed=1 rps=7147/453:5276/4259 duty=19/0 pwm=PWM2:19/PWM1:0 motor=2:19/1:0
ATGCorner: L=0@-1/0@-1 Y=0@-1/0@-1 farL=0@-1/0@-1 Lxy=-1.0,-1.0:-1.0,-1.0/-1.0,-1.0:-1.0,-1.0 Yxy=-1.0,-1.0:-1.0,-1.0/-1.0,-1.0:-1.0,-1.0 farLxy=-1.0,-1.0:-1.0,-1.0/-1.0,-1.0:-1.0,-1.0 best=-1:-1.0,-1.0:-1.0,-1.0:-57295.8:00000/8:82.2,100.8:73.7,69.0:14.5:10111 seed_src=circle/none seed=40.0,91.8/0.0,0.0 far_start=40,0 far_raw=0/0 far_num=0/0 straight=0/0 far_straight=0/0 conf_deg=0.0/14.5/0.0/0.0
CrossDiag: type=CROSS_NONE track=0 half_lr=0/0 nearL=0@-1/0@-1 nearNum=0/42 centerNum=0/42 farL=0@-1/0@-1 farNum=0/0 farRaw=0/0 lost=1/0 not_have=0 final=92/17 flags=0/0
LineErr: aim=33 cxcy=84.0,119.6 left=0:0.00@-1,-1 dx=0.0 idx=-1/-1 dist=-1/-1 right=1:45.82@49,109 dx=-35.0 idx=2/19 dist=33/77 sel=1:57.82@56,125 dx=-27.9 idx=0/16 dist=32/32 edge=0:0.00@-1.0,-1.0 dx=0.0 width=0.0 l=-1,-1 r=68,89
ATGSeedDiag: seed=0@-1,-1/1@100,108 begin=7,108 block=5 clip=8
ATGLptDiag: best=-1(-57295.8) imip=-1/-1 pass=00000 acc=-1 ipm=-1.0,-1.0 inv=-1.0,-1.0 | 8(14.5) imip=0/18 pass=10111 acc=-1 ipm=82.2,100.8 inv=73.7,69.0
frame=546 line=1 track=0 cross=0 circle=3(CIRCLE_LEFT_IN) round=0 yroad=0 ramp=0 road=7 speed=0 near=0/42 raw=0/109 sel=92/17 far=0/0 far_raw=0/0 l=0@-1/0@-1 far_l=0@-1/0@-1 straight=0/0 far_straight=0/0 circle_cnt=0/0/0/0 lost=1/0 conf=0.0/14.7/0.0/0.0 dist=1107 begin=0/3267 m0=(84,119) ml=(56,119) md=28/0/28 cxcy=84.0,119.6 guide=37.36 atg=-60.0/-60.0/-60.0 pure=20.82/20.82 yaw=-2242 cmd=-2442 actual=-1287 signed=1 rps=7147/453:5644/4342 duty=19/0 pwm=PWM2:19/PWM1:0 motor=2:19/1:0
ATGCorner: L=0@-1/0@-1 Y=0@-1/0@-1 farL=0@-1/0@-1 Lxy=-1.0,-1.0:-1.0,-1.0/-1.0,-1.0:-1.0,-1.0 Yxy=-1.0,-1.0:-1.0,-1.0/-1.0,-1.0:-1.0,-1.0 farLxy=-1.0,-1.0:-1.0,-1.0/-1.0,-1.0:-1.0,-1.0 best=-1:-1.0,-1.0:-1.0,-1.0:-57295.8:00000/10:78.7,97.6:68.3,64.3:14.7:10111 seed_src=circle/none seed=40.0,91.8/0.0,0.0 far_start=40,0 far_raw=0/0 far_num=0/0 straight=0/0 far_straight=0/0 conf_deg=0.0/14.7/0.0/0.0
CrossDiag: type=CROSS_NONE track=0 half_lr=0/0 nearL=0@-1/0@-1 nearNum=0/42 centerNum=0/42 farL=0@-1/0@-1 farNum=0/0 farRaw=0/0 lost=1/0 not_have=0 final=92/17 flags=0/0
LineErr: aim=33 cxcy=84.0,119.6 left=0:0.00@-1,-1 dx=0.0 idx=-1/-1 dist=-1/-1 right=1:46.02@49,109 dx=-35.2 idx=2/19 dist=32/76 sel=1:57.82@56,125 dx=-27.9 idx=0/16 dist=32/32 edge=0:0.00@-1.0,-1.0 dx=0.0 width=0.0 l=-1,-1 r=66,88
ATGSeedDiag: seed=0@-1,-1/1@100,108 begin=7,108 block=5 clip=8
ATGLptDiag: best=-1(-57295.8) imip=-1/-1 pass=00000 acc=-1 ipm=-1.0,-1.0 inv=-1.0,-1.0 | 10(14.7) imip=0/20 pass=10111 acc=-1 ipm=78.7,97.6 inv=68.3,64.3
ATGCircleCal: from=CIRCLE_LEFT_IN to=CIRCLE_LEFT_RUNNING reason=gyro heading_deg10=603 dist=1107 begin_dist=0 begin_last=3267
frame=547 line=1 track=1 cross=0 circle=5(CIRCLE_LEFT_RUNNING) round=0 yroad=0 ramp=0 road=7 speed=0 near=0/42 raw=0/109 sel=42/38 far=0/0 far_raw=0/0 l=0@-1/0@-1 far_l=0@-1/0@-1 straight=0/0 far_straight=0/0 circle_cnt=0/0/0/0 lost=1/0 conf=0.0/14.4/0.0/0.0 dist=0 begin=0/3267 m0=(84,119) ml=(53,111) md=33/1/78 cxcy=84.0,119.6 guide=35.00 atg=-60.0/-60.0/-60.0 pure=11.50/10.10 yaw=-2100 cmd=-2300 actual=-1286 signed=1 rps=6952/648:5602/4151 duty=18/0 pwm=PWM2:18/PWM1:0 motor=2:18/1:0
ATGCorner: L=0@-1/0@-1 Y=0@-1/0@-1 farL=0@-1/0@-1 Lxy=-1.0,-1.0:-1.0,-1.0/-1.0,-1.0:-1.0,-1.0 Yxy=-1.0,-1.0:-1.0,-1.0/-1.0,-1.0:-1.0,-1.0 farLxy=-1.0,-1.0:-1.0,-1.0/-1.0,-1.0:-1.0,-1.0 best=-1:-1.0,-1.0:-1.0,-1.0:-57295.8:00000/10:78.7,97.7:68.2,64.4:14.4:10111 seed_src=lost/none seed=40.0,91.8/0.0,0.0 far_start=40,0 far_raw=0/0 far_num=0/0 straight=0/0 far_straight=0/0 conf_deg=0.0/14.4/0.0/0.0
CrossDiag: type=CROSS_NONE track=1 half_lr=0/0 nearL=0@-1/0@-1 nearNum=0/42 centerNum=0/42 farL=0@-1/0@-1 farNum=0/0 farRaw=0/0 lost=1/0 not_have=0 final=42/38 flags=0/0
LineErr: aim=33 cxcy=84.0,119.6 left=0:0.00@-1,-1 dx=0.0 idx=-1/-1 dist=-1/-1 right=1:42.19@59,115 dx=-24.8 idx=2/11 dist=33/91 sel=1:43.66@55,112 dx=-29.3 idx=0/16 dist=32/74 edge=0:0.00@-1.0,-1.0 dx=0.0 width=0.0 l=-1,-1 r=66,88
ATGSeedDiag: seed=0@-1,-1/1@100,108 begin=7,108 block=5 clip=8
ATGLptDiag: best=-1(-57295.8) imip=-1/-1 pass=00000 acc=-1 ipm=-1.0,-1.0 inv=-1.0,-1.0 | 10(14.4) imip=0/20 pass=10111 acc=-1 ipm=78.7,97.7 inv=68.2,64.4
frame=548 line=1 track=1 cross=0 circle=5(CIRCLE_LEFT_RUNNING) round=0 yroad=0 ramp=0 road=7 speed=0 near=0/41 raw=0/109 sel=41/37 far=0/0 far_raw=0/0 l=0@-1/0@-1 far_l=0@-1/0@-1 straight=0/0 far_straight=0/0 circle_cnt=0/0/0/0 lost=1/0 conf=0.0/15.2/0.0/0.0 dist=14 begin=0/3267 m0=(84,119) ml=(53,111) md=33/1/75 cxcy=84.0,119.6 guide=35.00 atg=-60.0/-60.0/-60.0 pure=11.52/10.24 yaw=-2100 cmd=-2300 actual=-1292 signed=1 rps=6952/648:5960/4349 duty=18/0 pwm=PWM2:18/PWM1:0 motor=2:18/1:0
ATGCorner: L=0@-1/0@-1 Y=0@-1/0@-1 farL=0@-1/0@-1 Lxy=-1.0,-1.0:-1.0,-1.0/-1.0,-1.0:-1.0,-1.0 Yxy=-1.0,-1.0:-1.0,-1.0/-1.0,-1.0:-1.0,-1.0 farLxy=-1.0,-1.0:-1.0,-1.0/-1.0,-1.0:-1.0,-1.0 best=-1:-1.0,-1.0:-1.0,-1.0:-57295.8:00000/10:78.5,97.6:67.9,64.3:15.2:10111 seed_src=lost/none seed=40.0,91.8/0.0,0.0 far_start=40,0 far_raw=0/0 far_num=0/0 straight=0/0 far_straight=0/0 conf_deg=0.0/15.2/0.0/0.0
CrossDiag: type=CROSS_NONE track=1 half_lr=0/0 nearL=0@-1/0@-1 nearNum=0/41 centerNum=0/41 farL=0@-1/0@-1 farNum=0/0 farRaw=0/0 lost=1/0 not_have=0 final=41/37 flags=0/0
LineErr: aim=33 cxcy=84.0,119.6 left=0:0.00@-1,-1 dx=0.0 idx=-1/-1 dist=-1/-1 right=1:42.35@59,116 dx=-24.8 idx=2/11 dist=33/89 sel=1:43.97@54,112 dx=-29.6 idx=0/16 dist=32/72 edge=0:0.00@-1.0,-1.0 dx=0.0 width=0.0 l=-1,-1 r=67,89
ATGSeedDiag: seed=0@-1,-1/1@99,108 begin=7,108 block=5 clip=8
ATGLptDiag: best=-1(-57295.8) imip=-1/-1 pass=00000 acc=-1 ipm=-1.0,-1.0 inv=-1.0,-1.0 | 10(15.2) imip=0/20 pass=10111 acc=-1 ipm=78.5,97.6 inv=67.9,64.3
frame=549 line=1 track=1 cross=0 circle=5(CIRCLE_LEFT_RUNNING) round=0 yroad=0 ramp=0 road=7 speed=0 near=0/41 raw=0/109 sel=41/37 far=0/0 far_raw=0/0 l=0@-1/0@-1 far_l=0@-1/0@-1 straight=0/0 far_straight=0/0 circle_cnt=0/0/0/0 lost=1/0 conf=0.0/14.1/0.0/0.0 dist=29 begin=0/3267 m0=(84,119) ml=(54,112) md=32/1/75 cxcy=84.0,119.6 guide=35.00 atg=-60.0/-60.0/-60.0 pure=11.56/10.34 yaw=-2100 cmd=-2300 actual=-1287 signed=1 rps=6952/648:5788/4345 duty=18/0 pwm=PWM2:18/PWM1:0 motor=2:18/1:0
ATGCorner: L=0@-1/0@-1 Y=0@-1/0@-1 farL=0@-1/0@-1 Lxy=-1.0,-1.0:-1.0,-1.0/-1.0,-1.0:-1.0,-1.0 Yxy=-1.0,-1.0:-1.0,-1.0/-1.0,-1.0:-1.0,-1.0 farLxy=-1.0,-1.0:-1.0,-1.0/-1.0,-1.0:-1.0,-1.0 best=-1:-1.0,-1.0:-1.0,-1.0:-57295.8:00000/8:81.7,100.9:72.8,69.2:14.1:10111 seed_src=lost/none seed=40.0,91.8/0.0,0.0 far_start=40,0 far_raw=0/0 far_num=0/0 straight=0/0 far_straight=0/0 conf_deg=0.0/14.1/0.0/0.0
CrossDiag: type=CROSS_NONE track=1 half_lr=0/0 nearL=0@-1/0@-1 nearNum=0/41 centerNum=0/41 farL=0@-1/0@-1 farNum=0/0 farRaw=0/0 lost=1/0 not_have=0 final=41/37 flags=0/0
LineErr: aim=33 cxcy=84.0,119.6 left=0:0.00@-1,-1 dx=0.0 idx=-1/-1 dist=-1/-1 right=1:42.40@60,117 dx=-23.8 idx=2/10 dist=32/91 sel=1:44.22@54,112 dx=-29.6 idx=0/16 dist=32/72 edge=0:0.00@-1.0,-1.0 dx=0.0 width=0.0 l=-1,-1 r=67,89
ATGSeedDiag: seed=0@-1,-1/1@99,108 begin=7,108 block=5 clip=8
ATGLptDiag: best=-1(-57295.8) imip=-1/-1 pass=00000 acc=-1 ipm=-1.0,-1.0 inv=-1.0,-1.0 | 8(14.1) imip=0/18 pass=10111 acc=-1 ipm=81.7,100.9 inv=72.8,69.2
frame=550 line=1 track=1 cross=0 circle=5(CIRCLE_LEFT_RUNNING) round=0 yroad=0 ramp=0 road=7 speed=0 near=0/41 raw=0/108 sel=41/36 far=0/0 far_raw=0/0 l=0@-1/0@-1 far_l=0@-1/0@-1 straight=0/0 far_straight=0/0 circle_cnt=0/0/0/0 lost=1/0 conf=0.0/14.6/0.0/0.0 dist=44 begin=0/3267 m0=(84,119) ml=(53,112) md=33/1/75 cxcy=84.0,119.6 guide=35.00 atg=-60.0/-60.0/-60.0 pure=11.46/10.43 yaw=-2100 cmd=-2300 actual=-1276 signed=1 rps=6952/648:6083/4782 duty=18/0 pwm=PWM2:18/PWM1:0 motor=2:18/1:0
ATGCorner: L=0@-1/0@-1 Y=0@-1/0@-1 farL=0@-1/0@-1 Lxy=-1.0,-1.0:-1.0,-1.0/-1.0,-1.0:-1.0,-1.0 Yxy=-1.0,-1.0:-1.0,-1.0/-1.0,-1.0:-1.0,-1.0 farLxy=-1.0,-1.0:-1.0,-1.0/-1.0,-1.0:-1.0,-1.0 best=-1:-1.0,-1.0:-1.0,-1.0:-57295.8:00000/10:78.2,97.8:67.4,64.5:14.6:10111 seed_src=lost/none seed=40.0,91.8/0.0,0.0 far_start=40,0 far_raw=0/0 far_num=0/0 straight=0/0 far_straight=0/0 conf_deg=0.0/14.6/0.0/0.0
CrossDiag: type=CROSS_NONE track=1 half_lr=0/0 nearL=0@-1/0@-1 nearNum=0/41 centerNum=0/41 farL=0@-1/0@-1 farNum=0/0 farRaw=0/0 lost=1/0 not_have=0 final=41/36 flags=0/0
LineErr: aim=33 cxcy=84.0,119.6 left=0:0.00@-1,-1 dx=0.0 idx=-1/-1 dist=-1/-1 right=1:42.88@59,116 dx=-25.1 idx=3/11 dist=32/89 sel=1:44.79@53,112 dx=-30.8 idx=0/16 dist=32/70 edge=0:0.00@-1.0,-1.0 dx=0.0 width=0.0 l=-1,-1 r=65,88
ATGSeedDiag: seed=0@-1,-1/1@99,108 begin=7,108 block=5 clip=8
ATGLptDiag: best=-1(-57295.8) imip=-1/-1 pass=00000 acc=-1 ipm=-1.0,-1.0 inv=-1.0,-1.0 | 10(14.6) imip=0/20 pass=10111 acc=-1 ipm=78.2,97.8 inv=67.4,64.5
frame=551 line=1 track=1 cross=0 circle=5(CIRCLE_LEFT_RUNNING) round=0 yroad=0 ramp=0 road=7 speed=0 near=0/41 raw=0/107 sel=41/36 far=0/0 far_raw=0/0 l=0@-1/0@-1 far_l=0@-1/0@-1 straight=0/0 far_straight=0/0 circle_cnt=0/0/0/0 lost=1/0 conf=0.0/15.0/0.0/0.0 dist=59 begin=0/3267 m0=(84,119) ml=(53,112) md=33/1/76 cxcy=84.0,119.6 guide=35.00 atg=-60.0/-60.0/-60.0 pure=11.43/10.37 yaw=-2100 cmd=-2300 actual=-1264 signed=1 rps=6952/648:6093/5015 duty=18/0 pwm=PWM2:18/PWM1:0 motor=2:18/1:0
ATGCorner: L=0@-1/0@-1 Y=0@-1/0@-1 farL=0@-1/0@-1 Lxy=-1.0,-1.0:-1.0,-1.0/-1.0,-1.0:-1.0,-1.0 Yxy=-1.0,-1.0:-1.0,-1.0/-1.0,-1.0:-1.0,-1.0 farLxy=-1.0,-1.0:-1.0,-1.0/-1.0,-1.0:-1.0,-1.0 best=-1:-1.0,-1.0:-1.0,-1.0:-57295.8:00000/10:77.9,97.5:67.0,64.2:15.0:10111 seed_src=lost/none seed=40.0,91.8/0.0,0.0 far_start=40,0 far_raw=0/0 far_num=0/0 straight=0/0 far_straight=0/0 conf_deg=0.0/15.0/0.0/0.0
CrossDiag: type=CROSS_NONE track=1 half_lr=0/0 nearL=0@-1/0@-1 nearNum=0/41 centerNum=0/41 farL=0@-1/0@-1 farNum=0/0 farRaw=0/0 lost=1/0 not_have=0 final=41/36 flags=0/0
LineErr: aim=33 cxcy=84.0,119.6 left=0:0.00@-1,-1 dx=0.0 idx=-1/-1 dist=-1/-1 right=1:43.37@58,115 dx=-26.5 idx=3/12 dist=33/86 sel=1:44.90@53,112 dx=-31.1 idx=0/16 dist=32/70 edge=0:0.00@-1.0,-1.0 dx=0.0 width=0.0 l=-1,-1 r=67,89
ATGSeedDiag: seed=0@-1,-1/1@98,107 begin=7,108 block=5 clip=8
ATGLptDiag: best=-1(-57295.8) imip=-1/-1 pass=00000 acc=-1 ipm=-1.0,-1.0 inv=-1.0,-1.0 | 10(15.0) imip=0/20 pass=10111 acc=-1 ipm=77.9,97.5 inv=67.0,64.2
frame=552 line=1 track=1 cross=0 circle=5(CIRCLE_LEFT_RUNNING) round=0 yroad=0 ramp=0 road=7 speed=0 near=0/41 raw=0/108 sel=41/37 far=0/0 far_raw=0/0 l=0@-1/0@-1 far_l=0@-1/0@-1 straight=0/0 far_straight=0/0 circle_cnt=0/0/0/0 lost=1/0 conf=0.0/14.9/0.0/0.0 dist=73 begin=0/3267 m0=(84,119) ml=(53,112) md=33/1/78 cxcy=84.0,119.6 guide=35.00 atg=-60.0/-60.0/-60.0 pure=11.41/10.17 yaw=-2100 cmd=-2300 actual=-1253 signed=1 rps=6952/648:5651/4718 duty=18/0 pwm=PWM2:18/PWM1:0 motor=2:18/1:0
ATGCorner: L=0@-1/0@-1 Y=0@-1/0@-1 farL=0@-1/0@-1 Lxy=-1.0,-1.0:-1.0,-1.0/-1.0,-1.0:-1.0,-1.0 Yxy=-1.0,-1.0:-1.0,-1.0/-1.0,-1.0:-1.0,-1.0 farLxy=-1.0,-1.0:-1.0,-1.0/-1.0,-1.0:-1.0,-1.0 best=-1:-1.0,-1.0:-1.0,-1.0:-57295.8:00000/10:78.0,97.7:67.1,64.5:14.9:10111 seed_src=lost/none seed=40.0,91.8/0.0,0.0 far_start=40,0 far_raw=0/0 far_num=0/0 straight=0/0 far_straight=0/0 conf_deg=0.0/14.9/0.0/0.0
CrossDiag: type=CROSS_NONE track=1 half_lr=0/0 nearL=0@-1/0@-1 nearNum=0/41 centerNum=0/41 farL=0@-1/0@-1 farNum=0/0 farRaw=0/0 lost=1/0 not_have=0 final=41/37 flags=0/0
LineErr: aim=33 cxcy=84.0,119.6 left=0:0.00@-1,-1 dx=0.0 idx=-1/-1 dist=-1/-1 right=1:43.36@58,115 dx=-26.5 idx=3/12 dist=33/86 sel=1:44.87@53,112 dx=-31.0 idx=0/16 dist=32/72 edge=0:0.00@-1.0,-1.0 dx=0.0 width=0.0 l=-1,-1 r=67,89
ATGSeedDiag: seed=0@-1,-1/1@98,108 begin=7,108 block=5 clip=8
ATGLptDiag: best=-1(-57295.8) imip=-1/-1 pass=00000 acc=-1 ipm=-1.0,-1.0 inv=-1.0,-1.0 | 10(14.9) imip=0/20 pass=10111 acc=-1 ipm=78.0,97.7 inv=67.1,64.5
frame=553 line=1 track=1 cross=0 circle=5(CIRCLE_LEFT_RUNNING) round=0 yroad=0 ramp=0 road=7 speed=0 near=0/41 raw=0/108 sel=41/37 far=0/0 far_raw=0/0 l=0@-1/0@-1 far_l=0@-1/0@-1 straight=0/0 far_straight=0/0 circle_cnt=0/0/0/0 lost=1/0 conf=0.0/14.6/0.0/0.0 dist=87 begin=0/3267 m0=(84,119) ml=(54,112) md=32/1/75 cxcy=84.0,119.6 guide=35.00 atg=-60.0/-60.0/-60.0 pure=11.56/10.30 yaw=-2100 cmd=-2300 actual=-1249 signed=1 rps=6952/648:5679/4892 duty=18/0 pwm=PWM2:18/PWM1:0 motor=2:18/1:0
ATGCorner: L=0@-1/0@-1 Y=0@-1/0@-1 farL=0@-1/0@-1 Lxy=-1.0,-1.0:-1.0,-1.0/-1.0,-1.0:-1.0,-1.0 Yxy=-1.0,-1.0:-1.0,-1.0/-1.0,-1.0:-1.0,-1.0 farLxy=-1.0,-1.0:-1.0,-1.0/-1.0,-1.0:-1.0,-1.0 best=-1:-1.0,-1.0:-1.0,-1.0:-57295.8:00000/9:79.7,99.3:69.6,66.8:14.6:10111 seed_src=lost/none seed=40.0,91.8/0.0,0.0 far_start=40,0 far_raw=0/0 far_num=0/0 straight=0/0 far_straight=0/0 conf_deg=0.0/14.6/0.0/0.0
CrossDiag: type=CROSS_NONE track=1 half_lr=0/0 nearL=0@-1/0@-1 nearNum=0/41 centerNum=0/41 farL=0@-1/0@-1 farNum=0/0 farRaw=0/0 lost=1/0 not_have=0 final=41/37 flags=0/0
LineErr: aim=33 cxcy=84.0,119.6 left=0:0.00@-1,-1 dx=0.0 idx=-1/-1 dist=-1/-1 right=1:42.86@60,117 dx=-24.1 idx=2/10 dist=32/89 sel=1:44.64@54,112 dx=-29.9 idx=0/16 dist=32/72 edge=0:0.00@-1.0,-1.0 dx=0.0 width=0.0 l=-1,-1 r=65,88
ATGSeedDiag: seed=0@-1,-1/1@98,108 begin=7,108 block=5 clip=8
ATGLptDiag: best=-1(-57295.8) imip=-1/-1 pass=00000 acc=-1 ipm=-1.0,-1.0 inv=-1.0,-1.0 | 9(14.6) imip=0/19 pass=10111 acc=-1 ipm=79.7,99.3 inv=69.6,66.8
frame=554 line=1 track=1 cross=0 circle=5(CIRCLE_LEFT_RUNNING) round=0 yroad=0 ramp=0 road=7 speed=0 near=0/41 raw=0/108 sel=41/36 far=0/0 far_raw=0/0 l=0@-1/0@-1 far_l=0@-1/0@-1 straight=0/0 far_straight=0/0 circle_cnt=0/0/0/0 lost=1/0 conf=0.0/14.7/0.0/0.0 dist=101 begin=0/3267 m0=(84,119) ml=(54,112) md=32/1/76 cxcy=84.0,119.6 guide=35.00 atg=-60.0/-60.0/-60.0 pure=11.33/10.26 yaw=-2100 cmd=-2300 actual=-1240 signed=1 rps=6952/648:5281/4670 duty=19/0 pwm=PWM2:19/PWM1:0 motor=2:19/1:0
ATGCorner: L=0@-1/0@-1 Y=0@-1/0@-1 farL=0@-1/0@-1 Lxy=-1.0,-1.0:-1.0,-1.0/-1.0,-1.0:-1.0,-1.0 Yxy=-1.0,-1.0:-1.0,-1.0/-1.0,-1.0:-1.0,-1.0 farLxy=-1.0,-1.0:-1.0,-1.0/-1.0,-1.0:-1.0,-1.0 best=-1:-1.0,-1.0:-1.0,-1.0:-57295.8:00000/10:77.9,98.1:66.9,64.9:14.7:10111 seed_src=lost/none seed=40.0,91.8/0.0,0.0 far_start=40,0 far_raw=0/0 far_num=0/0 straight=0/0 far_straight=0/0 conf_deg=0.0/14.7/0.0/0.0
CrossDiag: type=CROSS_NONE track=1 half_lr=0/0 nearL=0@-1/0@-1 nearNum=0/41 centerNum=0/41 farL=0@-1/0@-1 farNum=0/0 farRaw=0/0 lost=1/0 not_have=0 final=41/36 flags=0/0
LineErr: aim=33 cxcy=84.0,119.6 left=0:0.00@-1,-1 dx=0.0 idx=-1/-1 dist=-1/-1 right=1:44.09@56,114 dx=-27.7 idx=4/13 dist=33/85 sel=1:45.59@52,111 dx=-32.1 idx=0/16 dist=32/70 edge=0:0.00@-1.0,-1.0 dx=0.0 width=0.0 l=-1,-1 r=67,90
ATGSeedDiag: seed=0@-1,-1/1@98,108 begin=7,108 block=5 clip=8
ATGLptDiag: best=-1(-57295.8) imip=-1/-1 pass=00000 acc=-1 ipm=-1.0,-1.0 inv=-1.0,-1.0 | 10(14.7) imip=0/20 pass=10111 acc=-1 ipm=77.9,98.1 inv=66.9,64.9
frame=556 line=1 track=1 cross=0 circle=5(CIRCLE_LEFT_RUNNING) round=0 yroad=0 ramp=0 road=7 speed=0 near=0/40 raw=0/107 sel=40/36 far=0/0 far_raw=0/0 l=0@-1/0@-1 far_l=0@-1/0@-1 straight=0/0 far_straight=0/0 circle_cnt=0/0/0/0 lost=1/0 conf=0.0/15.5/0.0/0.0 dist=129 begin=0/3267 m0=(84,119) ml=(53,112) md=33/1/75 cxcy=84.0,119.6 guide=35.00 atg=-60.0/-60.0/-60.0 pure=11.45/10.39 yaw=-2100 cmd=-2300 actual=-1198 signed=1 rps=6952/648:5699/4876 duty=18/0 pwm=PWM2:18/PWM1:0 motor=2:18/1:0
ATGCorner: L=0@-1/0@-1 Y=0@-1/0@-1 farL=0@-1/0@-1 Lxy=-1.0,-1.0:-1.0,-1.0/-1.0,-1.0:-1.0,-1.0 Yxy=-1.0,-1.0:-1.0,-1.0/-1.0,-1.0:-1.0,-1.0 farLxy=-1.0,-1.0:-1.0,-1.0/-1.0,-1.0:-1.0,-1.0 best=-1:-1.0,-1.0:-1.0,-1.0:-57295.8:00000/9:79.1,99.4:68.8,66.9:15.5:10111 seed_src=lost/none seed=40.0,91.8/0.0,0.0 far_start=40,0 far_raw=0/0 far_num=0/0 straight=0/0 far_straight=0/0 conf_deg=0.0/15.5/0.0/0.0
CrossDiag: type=CROSS_NONE track=1 half_lr=0/0 nearL=0@-1/0@-1 nearNum=0/40 centerNum=0/40 farL=0@-1/0@-1 farNum=0/0 farRaw=0/0 lost=1/0 not_have=0 final=40/36 flags=0/0
LineErr: aim=33 cxcy=84.0,119.6 left=0:0.00@-1,-1 dx=0.0 idx=-1/-1 dist=-1/-1 right=1:44.22@57,115 dx=-26.9 idx=3/12 dist=33/85 sel=1:45.64@53,112 dx=-31.4 idx=0/16 dist=32/70 edge=0:0.00@-1.0,-1.0 dx=0.0 width=0.0 l=-1,-1 r=66,90
ATGSeedDiag: seed=0@-1,-1/1@97,108 begin=7,108 block=5 clip=8
ATGLptDiag: best=-1(-57295.8) imip=-1/-1 pass=00000 acc=-1 ipm=-1.0,-1.0 inv=-1.0,-1.0 | 9(15.5) imip=0/19 pass=10111 acc=-1 ipm=79.1,99.4 inv=68.8,66.9
frame=557 line=1 track=1 cross=0 circle=5(CIRCLE_LEFT_RUNNING) round=0 yroad=0 ramp=0 road=7 speed=0 near=0/40 raw=0/107 sel=40/36 far=0/0 far_raw=0/0 l=0@-1/0@-1 far_l=0@-1/0@-1 straight=0/0 far_straight=0/0 circle_cnt=0/0/0/0 lost=1/0 conf=0.0/12.8/0.0/0.0 dist=143 begin=0/3267 m0=(84,119) ml=(53,112) md=33/1/75 cxcy=84.0,119.6 guide=35.00 atg=-60.0/-60.0/-60.0 pure=11.51/10.39 yaw=-2100 cmd=-2300 actual=-1179 signed=1 rps=6952/648:5590/4567 duty=18/0 pwm=PWM2:18/PWM1:0 motor=2:18/1:0
ATGCorner: L=0@-1/0@-1 Y=0@-1/0@-1 farL=0@-1/0@-1 Lxy=-1.0,-1.0:-1.0,-1.0/-1.0,-1.0:-1.0,-1.0 Yxy=-1.0,-1.0:-1.0,-1.0/-1.0,-1.0:-1.0,-1.0 farLxy=-1.0,-1.0:-1.0,-1.0/-1.0,-1.0:-1.0,-1.0 best=-1:-1.0,-1.0:-1.0,-1.0:-57295.8:00000/4:86.8,108.3:83.0,83.2:12.8:10111 seed_src=lost/none seed=40.0,91.8/0.0,0.0 far_start=40,0 far_raw=0/0 far_num=0/0 straight=0/0 far_straight=0/0 conf_deg=0.0/12.8/0.0/0.0
CrossDiag: type=CROSS_NONE track=1 half_lr=0/0 nearL=0@-1/0@-1 nearNum=0/40 centerNum=0/40 farL=0@-1/0@-1 farNum=0/0 farRaw=0/0 lost=1/0 not_have=0 final=40/36 flags=0/0
LineErr: aim=33 cxcy=84.0,119.6 left=0:0.00@-1,-1 dx=0.0 idx=-1/-1 dist=-1/-1 right=1:44.68@56,115 dx=-27.9 idx=3/13 dist=33/84 sel=1:45.88@53,112 dx=-31.4 idx=0/16 dist=32/70 edge=0:0.00@-1.0,-1.0 dx=0.0 width=0.0 l=-1,-1 r=66,90
ATGSeedDiag: seed=0@-1,-1/1@97,108 begin=7,108 block=5 clip=8
ATGLptDiag: best=-1(-57295.8) imip=-1/-1 pass=00000 acc=-1 ipm=-1.0,-1.0 inv=-1.0,-1.0 | 4(12.8) imip=0/14 pass=10111 acc=-1 ipm=86.8,108.3 inv=83.0,83.2
frame=558 line=1 track=1 cross=0 circle=5(CIRCLE_LEFT_RUNNING) round=0 yroad=0 ramp=0 road=7 speed=0 near=0/40 raw=0/106 sel=40/36 far=0/0 far_raw=0/0 l=0@-1/0@-1 far_l=0@-1/0@-1 straight=0/0 far_straight=0/0 circle_cnt=0/0/0/0 lost=1/0 conf=0.0/12.4/0.0/0.0 dist=157 begin=0/3267 m0=(84,119) ml=(53,113) md=32/1/75 cxcy=84.0,119.6 guide=35.00 atg=-60.0/-60.0/-60.0 pure=11.55/10.40 yaw=-2100 cmd=-2300 actual=-1161 signed=1 rps=6952/648:5984/4572 duty=18/0 pwm=PWM2:18/PWM1:0 motor=2:18/1:0
ATGCorner: L=0@-1/0@-1 Y=0@-1/0@-1 farL=0@-1/0@-1 Lxy=-1.0,-1.0:-1.0,-1.0/-1.0,-1.0:-1.0,-1.0 Yxy=-1.0,-1.0:-1.0,-1.0/-1.0,-1.0:-1.0,-1.0 farLxy=-1.0,-1.0:-1.0,-1.0/-1.0,-1.0:-1.0,-1.0 best=-1:-1.0,-1.0:-1.0,-1.0:-57295.8:00000/3:87.8,110.0:85.4,87.1:12.4:10111 seed_src=lost/none seed=40.0,91.8/0.0,0.0 far_start=40,0 far_raw=0/0 far_num=0/0 straight=0/0 far_straight=0/0 conf_deg=0.0/12.4/0.0/0.0
CrossDiag: type=CROSS_NONE track=1 half_lr=0/0 nearL=0@-1/0@-1 nearNum=0/40 centerNum=0/40 farL=0@-1/0@-1 farNum=0/0 farRaw=0/0 lost=1/0 not_have=0 final=40/36 flags=0/0
LineErr: aim=33 cxcy=84.0,119.6 left=0:0.00@-1,-1 dx=0.0 idx=-1/-1 dist=-1/-1 right=1:44.98@56,115 dx=-28.1 idx=3/13 dist=33/85 sel=1:46.03@53,113 dx=-31.3 idx=0/16 dist=32/70 edge=0:0.00@-1.0,-1.0 dx=0.0 width=0.0 l=-1,-1 r=66,90
ATGSeedDiag: seed=0@-1,-1/1@96,108 begin=7,108 block=5 clip=8
ATGLptDiag: best=-1(-57295.8) imip=-1/-1 pass=00000 acc=-1 ipm=-1.0,-1.0 inv=-1.0,-1.0 | 3(12.4) imip=0/13 pass=10111 acc=-1 ipm=87.8,110.0 inv=85.4,87.1
frame=560 line=1 track=1 cross=0 circle=5(CIRCLE_LEFT_RUNNING) round=0 yroad=0 ramp=0 road=7 speed=0 near=0/40 raw=0/105 sel=40/37 far=0/0 far_raw=0/0 l=0@-1/0@-1 far_l=0@-1/0@-1 straight=0/0 far_straight=0/0 circle_cnt=0/0/0/0 lost=1/0 conf=0.0/12.8/0.0/0.0 dist=186 begin=0/3267 m0=(84,119) ml=(54,113) md=32/1/76 cxcy=84.0,119.6 guide=35.00 atg=-60.0/-60.0/-60.0 pure=11.64/10.33 yaw=-2100 cmd=-2300 actual=-1142 signed=1 rps=6952/648:6147/4509 duty=18/0 pwm=PWM2:18/PWM1:0 motor=2:18/1:0
ATGCorner: L=0@-1/0@-1 Y=0@-1/0@-1 farL=0@-1/0@-1 Lxy=-1.0,-1.0:-1.0,-1.0/-1.0,-1.0:-1.0,-1.0 Yxy=-1.0,-1.0:-1.0,-1.0/-1.0,-1.0:-1.0,-1.0 farLxy=-1.0,-1.0:-1.0,-1.0/-1.0,-1.0:-1.0,-1.0 best=-1:-1.0,-1.0:-1.0,-1.0:-57295.8:00000/2:88.8,112.1:88.3,92.3:12.8:10111 seed_src=lost/none seed=40.0,91.8/0.0,0.0 far_start=40,0 far_raw=0/0 far_num=0/0 straight=0/0 far_straight=0/0 conf_deg=0.0/12.8/0.0/0.0
CrossDiag: type=CROSS_NONE track=1 half_lr=0/0 nearL=0@-1/0@-1 nearNum=0/40 centerNum=0/40 farL=0@-1/0@-1 farNum=0/0 farRaw=0/0 lost=1/0 not_have=0 final=40/37 flags=0/0
LineErr: aim=33 cxcy=84.0,119.6 left=0:0.00@-1,-1 dx=0.0 idx=-1/-1 dist=-1/-1 right=1:44.75@58,116 dx=-26.2 idx=2/11 dist=33/87 sel=1:45.96@54,113 dx=-30.4 idx=0/16 dist=32/72 edge=0:0.00@-1.0,-1.0 dx=0.0 width=0.0 l=-1,-1 r=65,90
ATGSeedDiag: seed=0@-1,-1/1@96,108 begin=7,108 block=5 clip=8
ATGLptDiag: best=-1(-57295.8) imip=-1/-1 pass=00000 acc=-1 ipm=-1.0,-1.0 inv=-1.0,-1.0 | 2(12.8) imip=0/12 pass=10111 acc=-1 ipm=88.8,112.1 inv=88.3,92.3
frame=562 line=1 track=1 cross=0 circle=5(CIRCLE_LEFT_RUNNING) round=0 yroad=0 ramp=0 road=7 speed=0 near=0/40 raw=0/105 sel=40/37 far=0/0 far_raw=0/0 l=0@-1/0@-1 far_l=0@-1/0@-1 straight=0/0 far_straight=0/0 circle_cnt=0/0/0/0 lost=1/0 conf=0.0/11.8/0.0/0.0 dist=216 begin=0/3267 m0=(84,119) ml=(52,113) md=33/1/75 cxcy=84.0,119.6 guide=35.00 atg=-60.0/-60.0/-60.0 pure=11.69/10.36 yaw=-2100 cmd=-2300 actual=-1157 signed=1 rps=6952/648:6021/4821 duty=18/0 pwm=PWM2:18/PWM1:0 motor=2:18/1:0
ATGCorner: L=0@-1/0@-1 Y=0@-1/0@-1 farL=0@-1/0@-1 Lxy=-1.0,-1.0:-1.0,-1.0/-1.0,-1.0:-1.0,-1.0 Yxy=-1.0,-1.0:-1.0,-1.0/-1.0,-1.0:-1.0,-1.0 farLxy=-1.0,-1.0:-1.0,-1.0/-1.0,-1.0:-1.0,-1.0 best=-1:-1.0,-1.0:-1.0,-1.0:-57295.8:00000/2:88.7,112.1:87.9,92.5:11.8:10111 seed_src=lost/none seed=40.0,91.8/0.0,0.0 far_start=40,0 far_raw=0/0 far_num=0/0 straight=0/0 far_straight=0/0 conf_deg=0.0/11.8/0.0/0.0
CrossDiag: type=CROSS_NONE track=1 half_lr=0/0 nearL=0@-1/0@-1 nearNum=0/40 centerNum=0/40 farL=0@-1/0@-1 farNum=0/0 farRaw=0/0 lost=1/0 not_have=0 final=40/37 flags=0/0
LineErr: aim=33 cxcy=84.0,119.6 left=0:0.00@-1,-1 dx=0.0 idx=-1/-1 dist=-1/-1 right=1:45.25@58,117 dx=-26.4 idx=2/11 dist=33/88 sel=1:46.06@54,114 dx=-30.0 idx=0/16 dist=32/72 edge=0:0.00@-1.0,-1.0 dx=0.0 width=0.0 l=-1,-1 r=65,90
ATGSeedDiag: seed=0@-1,-1/1@96,108 begin=7,108 block=5 clip=8
ATGLptDiag: best=-1(-57295.8) imip=-1/-1 pass=00000 acc=-1 ipm=-1.0,-1.0 inv=-1.0,-1.0 | 2(11.8) imip=0/12 pass=10111 acc=-1 ipm=88.7,112.1 inv=87.9,92.5
frame=563 line=1 track=1 cross=0 circle=5(CIRCLE_LEFT_RUNNING) round=0 yroad=0 ramp=0 road=7 speed=0 near=0/40 raw=0/104 sel=40/37 far=0/0 far_raw=0/0 l=0@-1/0@-1 far_l=0@-1/0@-1 straight=0/0 far_straight=0/0 circle_cnt=0/0/0/0 lost=1/0 conf=0.0/15.3/0.0/0.0 dist=231 begin=0/3267 m0=(84,119) ml=(52,113) md=33/1/75 cxcy=84.0,119.6 guide=35.00 atg=-60.0/-60.0/-60.0 pure=11.77/10.42 yaw=-2100 cmd=-2300 actual=-1160 signed=1 rps=6952/648:5894/5112 duty=18/0 pwm=PWM2:18/PWM1:0 motor=2:18/1:0
ATGCorner: L=0@-1/0@-1 Y=0@-1/0@-1 farL=0@-1/0@-1 Lxy=-1.0,-1.0:-1.0,-1.0/-1.0,-1.0:-1.0,-1.0 Yxy=-1.0,-1.0:-1.0,-1.0/-1.0,-1.0:-1.0,-1.0 farLxy=-1.0,-1.0:-1.0,-1.0/-1.0,-1.0:-1.0,-1.0 best=-1:-1.0,-1.0:-1.0,-1.0:-57295.8:00000/1:89.6,114.2:90.9,98.3:15.3:10111 seed_src=lost/none seed=40.0,91.8/0.0,0.0 far_start=40,0 far_raw=0/0 far_num=0/0 straight=0/0 far_straight=0/0 conf_deg=0.0/15.3/0.0/0.0
CrossDiag: type=CROSS_NONE track=1 half_lr=0/0 nearL=0@-1/0@-1 nearNum=0/40 centerNum=0/40 farL=0@-1/0@-1 farNum=0/0 farRaw=0/0 lost=1/0 not_have=0 final=40/37 flags=0/0
LineErr: aim=33 cxcy=84.0,119.6 left=0:0.00@-1,-1 dx=0.0 idx=-1/-1 dist=-1/-1 right=1:45.56@58,117 dx=-26.5 idx=2/11 dist=33/89 sel=1:46.54@54,114 dx=-30.1 idx=0/16 dist=32/72 edge=0:0.00@-1.0,-1.0 dx=0.0 width=0.0 l=-1,-1 r=65,90
ATGSeedDiag: seed=0@-1,-1/1@95,108 begin=7,108 block=5 clip=8
ATGLptDiag: best=-1(-57295.8) imip=-1/-1 pass=00000 acc=-1 ipm=-1.0,-1.0 inv=-1.0,-1.0 | 1(15.3) imip=0/11 pass=10111 acc=-1 ipm=89.6,114.2 inv=90.9,98.3
frame=564 line=1 track=1 cross=0 circle=5(CIRCLE_LEFT_RUNNING) round=0 yroad=0 ramp=0 road=7 speed=0 near=0/39 raw=0/104 sel=39/36 far=0/0 far_raw=0/0 l=0@-1/0@-1 far_l=0@-1/0@-1 straight=0/0 far_straight=0/0 circle_cnt=0/0/0/0 lost=1/0 conf=0.0/14.6/0.0/0.0 dist=246 begin=0/3267 m0=(84,119) ml=(52,113) md=34/1/73 cxcy=84.0,119.6 guide=35.00 atg=-60.0/-60.0/-60.0 pure=11.87/10.66 yaw=-2100 cmd=-2300 actual=-1154 signed=1 rps=6952/648:5592/5092 duty=18/0 pwm=PWM2:18/PWM1:0 motor=2:18/1:0
ATGCorner: L=0@-1/0@-1 Y=0@-1/0@-1 farL=0@-1/0@-1 Lxy=-1.0,-1.0:-1.0,-1.0/-1.0,-1.0:-1.0,-1.0 Yxy=-1.0,-1.0:-1.0,-1.0/-1.0,-1.0:-1.0,-1.0 farLxy=-1.0,-1.0:-1.0,-1.0/-1.0,-1.0:-1.0,-1.0 best=-1:-1.0,-1.0:-1.0,-1.0:-57295.8:00000/1:89.5,114.2:90.8,98.3:14.6:10111 seed_src=lost/none seed=40.0,91.8/0.0,0.0 far_start=40,0 far_raw=0/0 far_num=0/0 straight=0/0 far_straight=0/0 conf_deg=0.0/14.6/0.0/0.0
CrossDiag: type=CROSS_NONE track=1 half_lr=0/0 nearL=0@-1/0@-1 nearNum=0/39 centerNum=0/39 farL=0@-1/0@-1 farNum=0/0 farRaw=0/0 lost=1/0 not_have=0 final=39/36 flags=0/0
LineErr: aim=33 cxcy=84.0,119.6 left=0:0.00@-1,-1 dx=0.0 idx=-1/-1 dist=-1/-1 right=1:45.87@58,117 dx=-26.5 idx=2/11 dist=33/87 sel=1:46.73@54,115 dx=-29.9 idx=0/16 dist=32/70 edge=0:0.00@-1.0,-1.0 dx=0.0 width=0.0 l=-1,-1 r=65,90
ATGSeedDiag: seed=0@-1,-1/1@95,108 begin=7,108 block=5 clip=8
ATGLptDiag: best=-1(-57295.8) imip=-1/-1 pass=00000 acc=-1 ipm=-1.0,-1.0 inv=-1.0,-1.0 | 1(14.6) imip=0/11 pass=10111 acc=-1 ipm=89.5,114.2 inv=90.8,98.3
frame=565 line=1 track=1 cross=0 circle=5(CIRCLE_LEFT_RUNNING) round=0 yroad=0 ramp=0 road=7 speed=0 near=0/39 raw=0/103 sel=39/36 far=0/0 far_raw=0/0 l=0@-1/0@-1 far_l=0@-1/0@-1 straight=0/0 far_straight=0/0 circle_cnt=0/0/0/0 lost=1/0 conf=0.0/11.4/0.0/0.0 dist=264 begin=0/3267 m0=(84,119) ml=(52,114) md=33/1/73 cxcy=84.0,119.6 guide=35.00 atg=-60.0/-60.0/-60.0 pure=11.92/10.67 yaw=-2100 cmd=-2300 actual=-1135 signed=1 rps=6952/648:5470/4976 duty=19/0 pwm=PWM2:19/PWM1:0 motor=2:19/1:0
ATGCorner: L=0@-1/0@-1 Y=0@-1/0@-1 farL=0@-1/0@-1 Lxy=-1.0,-1.0:-1.0,-1.0/-1.0,-1.0:-1.0,-1.0 Yxy=-1.0,-1.0:-1.0,-1.0/-1.0,-1.0:-1.0,-1.0 farLxy=-1.0,-1.0:-1.0,-1.0/-1.0,-1.0:-1.0,-1.0 best=-1:-1.0,-1.0:-1.0,-1.0:-57295.8:00000/1:89.4,114.2:90.6,98.5:11.4:10111 seed_src=lost/none seed=40.0,91.8/0.0,0.0 far_start=40,0 far_raw=0/0 far_num=0/0 straight=0/0 far_straight=0/0 conf_deg=0.0/11.4/0.0/0.0
CrossDiag: type=CROSS_NONE track=1 half_lr=0/0 nearL=0@-1/0@-1 nearNum=0/39 centerNum=0/39 farL=0@-1/0@-1 farNum=0/0 farRaw=0/0 lost=1/0 not_have=0 final=39/36 flags=0/0
LineErr: aim=33 cxcy=84.0,119.6 left=0:0.00@-1,-1 dx=0.0 idx=-1/-1 dist=-1/-1 right=1:46.18@57,117 dx=-26.7 idx=2/11 dist=33/87 sel=1:46.96@54,115 dx=-29.8 idx=0/16 dist=32/70 edge=0:0.00@-1.0,-1.0 dx=0.0 width=0.0 l=-1,-1 r=64,90
ATGSeedDiag: seed=0@-1,-1/1@95,108 begin=7,108 block=5 clip=8
ATGLptDiag: best=-1(-57295.8) imip=-1/-1 pass=00000 acc=-1 ipm=-1.0,-1.0 inv=-1.0,-1.0 | 1(11.4) imip=0/11 pass=10111 acc=-1 ipm=89.4,114.2 inv=90.6,98.5
frame=566 line=1 track=1 cross=0 circle=5(CIRCLE_LEFT_RUNNING) round=0 yroad=0 ramp=0 road=7 speed=0 near=0/39 raw=0/103 sel=39/37 far=0/0 far_raw=0/0 l=0@-1/0@-1 far_l=0@-1/0@-1 straight=0/0 far_straight=0/0 circle_cnt=0/0/0/0 lost=1/0 conf=0.0/11.8/0.0/0.0 dist=279 begin=0/3267 m0=(84,119) ml=(53,114) md=32/1/75 cxcy=84.0,119.6 guide=35.00 atg=-60.0/-60.0/-60.0 pure=11.96/10.55 yaw=-2100 cmd=-2300 actual=-1123 signed=1 rps=6952/648:5434/4862 duty=19/0 pwm=PWM2:19/PWM1:0 motor=2:19/1:0
ATGCorner: L=0@-1/0@-1 Y=0@-1/0@-1 farL=0@-1/0@-1 Lxy=-1.0,-1.0:-1.0,-1.0/-1.0,-1.0:-1.0,-1.0 Yxy=-1.0,-1.0:-1.0,-1.0/-1.0,-1.0:-1.0,-1.0 farLxy=-1.0,-1.0:-1.0,-1.0/-1.0,-1.0:-1.0,-1.0 best=-1:-1.0,-1.0:-1.0,-1.0:-57295.8:00000/10:75.8,98.6:63.7,65.8:11.8:10111 seed_src=lost/none seed=40.0,91.8/0.0,0.0 far_start=40,0 far_raw=0/0 far_num=0/0 straight=0/0 far_straight=0/0 conf_deg=0.0/11.8/0.0/0.0
CrossDiag: type=CROSS_NONE track=1 half_lr=0/0 nearL=0@-1/0@-1 nearNum=0/39 centerNum=0/39 farL=0@-1/0@-1 farNum=0/0 farRaw=0/0 lost=1/0 not_have=0 final=39/37 flags=0/0
LineErr: aim=33 cxcy=84.0,119.6 left=0:0.00@-1,-1 dx=0.0 idx=-1/-1 dist=-1/-1 right=1:46.03@59,118 dx=-25.5 idx=2/10 dist=33/89 sel=1:46.89@55,115 dx=-29.5 idx=0/16 dist=32/72 edge=0:0.00@-1.0,-1.0 dx=0.0 width=0.0 l=-1,-1 r=64,91
ATGSeedDiag: seed=0@-1,-1/1@95,108 begin=7,108 block=5 clip=8
ATGLptDiag: best=-1(-57295.8) imip=-1/-1 pass=00000 acc=-1 ipm=-1.0,-1.0 inv=-1.0,-1.0 | 10(11.8) imip=0/20 pass=10111 acc=-1 ipm=75.8,98.6 inv=63.7,65.8
frame=567 line=1 track=1 cross=0 circle=5(CIRCLE_LEFT_RUNNING) round=0 yroad=0 ramp=0 road=7 speed=0 near=0/38 raw=0/103 sel=38/35 far=0/0 far_raw=0/0 l=0@-1/0@-1 far_l=0@-1/0@-1 straight=0/0 far_straight=0/0 circle_cnt=0/0/0/0 lost=1/0 conf=0.0/11.9/0.0/0.0 dist=294 begin=0/3267 m0=(84,119) ml=(52,114) md=33/1/70 cxcy=84.0,119.6 guide=35.00 atg=-60.0/-60.0/-60.0 pure=12.01/10.99 yaw=-2100 cmd=-2300 actual=-1108 signed=1 rps=6952/648:5738/4979 duty=18/0 pwm=PWM2:18/PWM1:0 motor=2:18/1:0
ATGCorner: L=0@-1/0@-1 Y=0@-1/0@-1 farL=0@-1/0@-1 Lxy=-1.0,-1.0:-1.0,-1.0/-1.0,-1.0:-1.0,-1.0 Yxy=-1.0,-1.0:-1.0,-1.0/-1.0,-1.0:-1.0,-1.0 farLxy=-1.0,-1.0:-1.0,-1.0/-1.0,-1.0:-1.0,-1.0 best=-1:-1.0,-1.0:-1.0,-1.0:-57295.8:00000/9:77.3,100.1:65.8,68.0:11.9:10111 seed_src=lost/none seed=40.0,91.8/0.0,0.0 far_start=40,0 far_raw=0/0 far_num=0/0 straight=0/0 far_straight=0/0 conf_deg=0.0/11.9/0.0/0.0
CrossDiag: type=CROSS_NONE track=1 half_lr=0/0 nearL=0@-1/0@-1 nearNum=0/38 centerNum=0/38 farL=0@-1/0@-1 farNum=0/0 farRaw=0/0 lost=1/0 not_have=0 final=38/35 flags=0/0
LineErr: aim=33 cxcy=84.0,119.6 left=0:0.00@-1,-1 dx=0.0 idx=-1/-1 dist=-1/-1 right=1:46.57@58,118 dx=-25.8 idx=2/10 dist=33/87 sel=1:47.41@54,115 dx=-29.8 idx=0/16 dist=32/68 edge=0:0.00@-1.0,-1.0 dx=0.0 width=0.0 l=-1,-1 r=64,91
ATGSeedDiag: seed=0@-1,-1/1@95,108 begin=7,108 block=5 clip=8
ATGLptDiag: best=-1(-57295.8) imip=-1/-1 pass=00000 acc=-1 ipm=-1.0,-1.0 inv=-1.0,-1.0 | 9(11.9) imip=0/19 pass=10111 acc=-1 ipm=77.3,100.1 inv=65.8,68.0
frame=568 line=1 track=1 cross=0 circle=5(CIRCLE_LEFT_RUNNING) round=0 yroad=0 ramp=0 road=7 speed=0 near=0/38 raw=0/102 sel=38/36 far=0/0 far_raw=0/0 l=0@-1/0@-1 far_l=0@-1/0@-1 straight=0/0 far_straight=0/0 circle_cnt=0/0/0/0 lost=1/0 conf=0.0/11.6/0.0/0.0 dist=309 begin=0/3267 m0=(84,119) ml=(52,114) md=33/1/72 cxcy=84.0,119.6 guide=35.00 atg=-60.0/-60.0/-60.0 pure=11.99/10.81 yaw=-2100 cmd=-2300 actual=-1099 signed=1 rps=6952/648:6119/5099 duty=18/0 pwm=PWM2:18/PWM1:0 motor=2:18/1:0
ATGCorner: L=0@-1/0@-1 Y=0@-1/0@-1 farL=0@-1/0@-1 Lxy=-1.0,-1.0:-1.0,-1.0/-1.0,-1.0:-1.0,-1.0 Yxy=-1.0,-1.0:-1.0,-1.0/-1.0,-1.0:-1.0,-1.0 farLxy=-1.0,-1.0:-1.0,-1.0/-1.0,-1.0:-1.0,-1.0 best=-1:-1.0,-1.0:-1.0,-1.0:-57295.8:00000/10:75.3,98.7:62.8,65.9:11.6:10111 seed_src=lost/none seed=40.0,91.8/0.0,0.0 far_start=40,0 far_raw=0/0 far_num=0/0 straight=0/0 far_straight=0/0 conf_deg=0.0/11.6/0.0/0.0
CrossDiag: type=CROSS_NONE track=1 half_lr=0/0 nearL=0@-1/0@-1 nearNum=0/38 centerNum=0/38 farL=0@-1/0@-1 farNum=0/0 farRaw=0/0 lost=1/0 not_have=0 final=38/36 flags=0/0
LineErr: aim=33 cxcy=84.0,119.6 left=0:0.00@-1,-1 dx=0.0 idx=-1/-1 dist=-1/-1 right=1:46.78@58,118 dx=-25.9 idx=2/10 dist=33/86 sel=1:47.47@54,115 dx=-29.9 idx=0/16 dist=32/70 edge=0:0.00@-1.0,-1.0 dx=0.0 width=0.0 l=-1,-1 r=64,91
ATGSeedDiag: seed=0@-1,-1/1@95,108 begin=7,108 block=5 clip=8
ATGLptDiag: best=-1(-57295.8) imip=-1/-1 pass=00000 acc=-1 ipm=-1.0,-1.0 inv=-1.0,-1.0 | 10(11.6) imip=0/20 pass=10111 acc=-1 ipm=75.3,98.7 inv=62.8,65.9
frame=576 line=1 track=1 cross=0 circle=5(CIRCLE_LEFT_RUNNING) round=0 yroad=0 ramp=0 road=7 speed=0 near=0/37 raw=0/98 sel=37/36 far=0/0 far_raw=0/0 l=0@-1/0@-1 far_l=0@-1/0@-1 straight=0/0 far_straight=0/0 circle_cnt=0/0/0/0 lost=1/0 conf=0.0/7.3/0.0/0.0 dist=425 begin=0/3267 m0=(84,119) ml=(52,116) md=32/1/72 cxcy=84.0,119.6 guide=35.00 atg=-60.0/-60.0/-60.0 pure=12.16/10.85 yaw=-2100 cmd=-2300 actual=-1115 signed=1 rps=6952/648:5691/5141 duty=18/0 pwm=PWM2:18/PWM1:0 motor=2:18/1:0
ATGCorner: L=0@-1/0@-1 Y=0@-1/0@-1 farL=0@-1/0@-1 Lxy=-1.0,-1.0:-1.0,-1.0/-1.0,-1.0:-1.0,-1.0 Yxy=-1.0,-1.0:-1.0,-1.0/-1.0,-1.0:-1.0,-1.0 farLxy=-1.0,-1.0:-1.0,-1.0/-1.0,-1.0:-1.0,-1.0 best=-1:-1.0,-1.0:-1.0,-1.0:-57295.8:00000/11:71.4,97.6:57.1,64.3:7.3:10111 seed_src=lost/none seed=40.0,91.8/0.0,0.0 far_start=40,0 far_raw=0/0 far_num=0/0 straight=0/0 far_straight=0/0 conf_deg=0.0/7.3/0.0/0.0
CrossDiag: type=CROSS_NONE track=1 half_lr=0/0 nearL=0@-1/0@-1 nearNum=0/37 centerNum=0/37 farL=0@-1/0@-1 farNum=0/0 farRaw=0/0 lost=1/0 not_have=0 final=37/36 flags=0/0
LineErr: aim=33 cxcy=84.0,119.6 left=0:0.00@-1,-1 dx=0.0 idx=-1/-1 dist=-1/-1 right=1:49.55@58,120 dx=-26.3 idx=2/9 dist=33/87 sel=1:49.62@54,117 dx=-30.3 idx=0/16 dist=32/70 edge=0:0.00@-1.0,-1.0 dx=0.0 width=0.0 l=-1,-1 r=62,91
ATGSeedDiag: seed=0@-1,-1/1@91,108 begin=7,108 block=5 clip=8
ATGLptDiag: best=-1(-57295.8) imip=-1/-1 pass=00000 acc=-1 ipm=-1.0,-1.0 inv=-1.0,-1.0 | 11(7.3) imip=1/21 pass=10111 acc=-1 ipm=71.4,97.6 inv=57.1,64.3
frame=577 line=1 track=1 cross=0 circle=5(CIRCLE_LEFT_RUNNING) round=0 yroad=0 ramp=0 road=7 speed=0 near=0/37 raw=0/98 sel=37/36 far=0/0 far_raw=0/0 l=0@-1/0@-1 far_l=0@-1/0@-1 straight=0/0 far_straight=0/0 circle_cnt=0/0/0/0 lost=1/0 conf=0.0/11.7/0.0/0.0 dist=440 begin=0/3267 m0=(84,119) ml=(52,116) md=33/0/73 cxcy=84.0,119.6 guide=35.00 atg=-60.0/-60.0/-60.0 pure=12.21/10.89 yaw=-2100 cmd=-2300 actual=-1113 signed=1 rps=6952/648:6050/5271 duty=18/0 pwm=PWM2:18/PWM1:0 motor=2:18/1:0
ATGCorner: L=0@-1/0@-1 Y=0@-1/0@-1 farL=0@-1/0@-1 Lxy=-1.0,-1.0:-1.0,-1.0/-1.0,-1.0:-1.0,-1.0 Yxy=-1.0,-1.0:-1.0,-1.0/-1.0,-1.0:-1.0,-1.0 farLxy=-1.0,-1.0:-1.0,-1.0/-1.0,-1.0:-1.0,-1.0 best=-1:-1.0,-1.0:-1.0,-1.0:-57295.8:00000/10:72.8,99.0:59.0,66.4:11.7:10111 seed_src=lost/none seed=40.0,91.8/0.0,0.0 far_start=40,0 far_raw=0/0 far_num=0/0 straight=0/0 far_straight=0/0 conf_deg=0.0/11.7/0.0/0.0
CrossDiag: type=CROSS_NONE track=1 half_lr=0/0 nearL=0@-1/0@-1 nearNum=0/37 centerNum=0/37 farL=0@-1/0@-1 farNum=0/0 farRaw=0/0 lost=1/0 not_have=0 final=37/36 flags=0/0
LineErr: aim=33 cxcy=84.0,119.6 left=0:0.00@-1,-1 dx=0.0 idx=-1/-1 dist=-1/-1 right=1:49.55@58,120 dx=-26.5 idx=2/9 dist=33/87 sel=1:49.98@54,117 dx=-30.2 idx=0/16 dist=32/70 edge=0:0.00@-1.0,-1.0 dx=0.0 width=0.0 l=-1,-1 r=61,91
ATGSeedDiag: seed=0@-1,-1/1@90,108 begin=7,108 block=5 clip=8
ATGLptDiag: best=-1(-57295.8) imip=-1/-1 pass=00000 acc=-1 ipm=-1.0,-1.0 inv=-1.0,-1.0 | 10(11.7) imip=0/20 pass=10111 acc=-1 ipm=72.8,99.0 inv=59.0,66.4
frame=579 line=1 track=1 cross=0 circle=5(CIRCLE_LEFT_RUNNING) round=0 yroad=0 ramp=0 road=7 speed=0 near=0/36 raw=0/97 sel=36/35 far=0/0 far_raw=0/0 l=0@-1/0@-1 far_l=0@-1/0@-1 straight=0/0 far_straight=0/0 circle_cnt=0/0/0/0 lost=1/0 conf=0.0/10.9/0.0/0.0 dist=471 begin=0/3267 m0=(84,119) ml=(52,116) md=33/0/70 cxcy=84.0,119.6 guide=35.00 atg=-60.0/-60.0/-60.0 pure=12.26/11.13 yaw=-2100 cmd=-2300 actual=-1127 signed=1 rps=6952/648:6314/5183 duty=18/0 pwm=PWM2:18/PWM1:0 motor=2:18/1:0
ATGCorner: L=0@-1/0@-1 Y=0@-1/0@-1 farL=0@-1/0@-1 Lxy=-1.0,-1.0:-1.0,-1.0/-1.0,-1.0:-1.0,-1.0 Yxy=-1.0,-1.0:-1.0,-1.0/-1.0,-1.0:-1.0,-1.0 farLxy=-1.0,-1.0:-1.0,-1.0/-1.0,-1.0:-1.0,-1.0 best=-1:-1.0,-1.0:-1.0,-1.0:-57295.8:00000/9:74.1,100.5:60.6,68.7:10.9:10111 seed_src=lost/none seed=40.0,91.8/0.0,0.0 far_start=40,0 far_raw=0/0 far_num=0/0 straight=0/0 far_straight=0/0 conf_deg=0.0/10.9/0.0/0.0
CrossDiag: type=CROSS_NONE track=1 half_lr=0/0 nearL=0@-1/0@-1 nearNum=0/36 centerNum=0/36 farL=0@-1/0@-1 farNum=0/0 farRaw=0/0 lost=1/0 not_have=0 final=36/35 flags=0/0
LineErr: aim=33 cxcy=84.0,119.6 left=0:0.00@-1,-1 dx=0.0 idx=-1/-1 dist=-1/-1 right=1:50.27@57,120 dx=-26.9 idx=2/9 dist=33/85 sel=1:50.59@54,118 dx=-30.5 idx=0/16 dist=32/68 edge=0:0.00@-1.0,-1.0 dx=0.0 width=0.0 l=-1,-1 r=61,91
ATGSeedDiag: seed=0@-1,-1/1@89,108 begin=7,108 block=5 clip=8
ATGLptDiag: best=-1(-57295.8) imip=-1/-1 pass=00000 acc=-1 ipm=-1.0,-1.0 inv=-1.0,-1.0 | 9(10.9) imip=0/19 pass=10111 acc=-1 ipm=74.1,100.5 inv=60.6,68.7
frame=580 line=1 track=1 cross=0 circle=5(CIRCLE_LEFT_RUNNING) round=0 yroad=0 ramp=0 road=7 speed=0 near=0/36 raw=0/96 sel=36/36 far=0/0 far_raw=0/0 l=0@-1/0@-1 far_l=0@-1/0@-1 straight=0/0 far_straight=0/0 circle_cnt=0/0/0/0 lost=1/0 conf=0.0/7.2/0.0/0.0 dist=486 begin=0/3267 m0=(84,119) ml=(52,117) md=32/1/72 cxcy=84.0,119.6 guide=35.00 atg=-60.0/-60.0/-60.0 pure=12.32/10.95 yaw=-2100 cmd=-2300 actual=-1136 signed=1 rps=6952/648:6100/4897 duty=18/0 pwm=PWM2:18/PWM1:0 motor=2:18/1:0
ATGCorner: L=0@-1/0@-1 Y=0@-1/0@-1 farL=0@-1/0@-1 Lxy=-1.0,-1.0:-1.0,-1.0/-1.0,-1.0:-1.0,-1.0 Yxy=-1.0,-1.0:-1.0,-1.0/-1.0,-1.0:-1.0,-1.0 farLxy=-1.0,-1.0:-1.0,-1.0/-1.0,-1.0:-1.0,-1.0 best=-1:-1.0,-1.0:-1.0,-1.0:-57295.8:00000/11:70.2,97.8:55.3,64.6:7.2:10111 seed_src=lost/none seed=40.0,91.8/0.0,0.0 far_start=40,0 far_raw=0/0 far_num=0/0 straight=0/0 far_straight=0/0 conf_deg=0.0/7.2/0.0/0.0
CrossDiag: type=CROSS_NONE track=1 half_lr=0/0 nearL=0@-1/0@-1 nearNum=0/36 centerNum=0/36 farL=0@-1/0@-1 farNum=0/0 farRaw=0/0 lost=1/0 not_have=0 final=36/36 flags=0/0
LineErr: aim=33 cxcy=84.0,119.6 left=0:0.00@-1,-1 dx=0.0 idx=-1/-1 dist=-1/-1 right=1:50.87@57,121 dx=-27.1 idx=2/9 dist=33/85 sel=1:50.88@53,118 dx=-30.5 idx=0/16 dist=32/70 edge=0:0.00@-1.0,-1.0 dx=0.0 width=0.0 l=-1,-1 r=60,92
ATGSeedDiag: seed=0@-1,-1/1@89,108 begin=7,108 block=5 clip=8
ATGLptDiag: best=-1(-57295.8) imip=-1/-1 pass=00000 acc=-1 ipm=-1.0,-1.0 inv=-1.0,-1.0 | 11(7.2) imip=1/21 pass=10111 acc=-1 ipm=70.2,97.8 inv=55.3,64.6
frame=581 line=1 track=1 cross=0 circle=5(CIRCLE_LEFT_RUNNING) round=0 yroad=0 ramp=0 road=7 speed=0 near=0/36 raw=0/96 sel=36/35 far=0/0 far_raw=0/0 l=0@-1/0@-1 far_l=0@-1/0@-1 straight=0/0 far_straight=0/0 circle_cnt=0/0/0/0 lost=1/0 conf=0.0/11.5/0.0/0.0 dist=501 begin=0/3267 m0=(84,119) ml=(51,117) md=33/0/71 cxcy=84.0,119.6 guide=35.00 atg=-60.0/-60.0/-60.0 pure=12.32/11.17 yaw=-2100 cmd=-2300 actual=-1152 signed=1 rps=6952/648:6270/4951 duty=18/0 pwm=PWM2:18/PWM1:0 motor=2:18/1:0
ATGCorner: L=0@-1/0@-1 Y=0@-1/0@-1 farL=0@-1/0@-1 Lxy=-1.0,-1.0:-1.0,-1.0/-1.0,-1.0:-1.0,-1.0 Yxy=-1.0,-1.0:-1.0,-1.0/-1.0,-1.0:-1.0,-1.0 farLxy=-1.0,-1.0:-1.0,-1.0/-1.0,-1.0:-1.0,-1.0 best=-1:-1.0,-1.0:-1.0,-1.0:-57295.8:00000/9:73.6,100.6:59.8,68.9:11.5:10111 seed_src=lost/none seed=40.0,91.8/0.0,0.0 far_start=40,0 far_raw=0/0 far_num=0/0 straight=0/0 far_straight=0/0 conf_deg=0.0/11.5/0.0/0.0
CrossDiag: type=CROSS_NONE track=1 half_lr=0/0 nearL=0@-1/0@-1 nearNum=0/36 centerNum=0/36 farL=0@-1/0@-1 farNum=0/0 farRaw=0/0 lost=1/0 not_have=0 final=36/35 flags=0/0
LineErr: aim=33 cxcy=84.0,119.6 left=0:0.00@-1,-1 dx=0.0 idx=-1/-1 dist=-1/-1 right=1:51.01@58,122 dx=-25.8 idx=2/8 dist=32/86 sel=1:51.18@53,118 dx=-30.8 idx=0/16 dist=32/68 edge=0:0.00@-1.0,-1.0 dx=0.0 width=0.0 l=-1,-1 r=60,92
ATGSeedDiag: seed=0@-1,-1/1@88,108 begin=7,108 block=5 clip=8
ATGLptDiag: best=-1(-57295.8) imip=-1/-1 pass=00000 acc=-1 ipm=-1.0,-1.0 inv=-1.0,-1.0 | 9(11.5) imip=0/19 pass=10111 acc=-1 ipm=73.6,100.6 inv=59.8,68.9
frame=582 line=1 track=1 cross=0 circle=5(CIRCLE_LEFT_RUNNING) round=0 yroad=0 ramp=0 road=7 speed=0 near=0/36 raw=0/95 sel=36/36 far=0/0 far_raw=0/0 l=0@-1/0@-1 far_l=0@-1/0@-1 straight=0/0 far_straight=0/0 circle_cnt=0/0/0/0 lost=1/0 conf=0.0/6.7/0.0/0.0 dist=515 begin=0/3267 m0=(84,119) ml=(51,117) md=33/0/73 cxcy=84.0,119.6 guide=35.00 atg=-60.0/-60.0/-60.0 pure=12.33/10.94 yaw=-2100 cmd=-2300 actual=-1152 signed=1 rps=6952/648:6248/4856 duty=18/0 pwm=PWM2:18/PWM1:0 motor=2:18/1:0
ATGCorner: L=0@-1/0@-1 Y=0@-1/0@-1 farL=0@-1/0@-1 Lxy=-1.0,-1.0:-1.0,-1.0/-1.0,-1.0:-1.0,-1.0 Yxy=-1.0,-1.0:-1.0,-1.0/-1.0,-1.0:-1.0,-1.0 farLxy=-1.0,-1.0:-1.0,-1.0/-1.0,-1.0:-1.0,-1.0 best=-1:-1.0,-1.0:-1.0,-1.0:-57295.8:00000/11:69.7,97.8:54.6,64.7:6.7:10111 seed_src=lost/none seed=40.0,91.8/0.0,0.0 far_start=40,0 far_raw=0/0 far_num=0/0 straight=0/0 far_straight=0/0 conf_deg=0.0/6.7/0.0/0.0
CrossDiag: type=CROSS_NONE track=1 half_lr=0/0 nearL=0@-1/0@-1 nearNum=0/36 centerNum=0/36 farL=0@-1/0@-1 farNum=0/0 farRaw=0/0 lost=1/0 not_have=0 final=36/36 flags=0/0
LineErr: aim=33 cxcy=84.0,119.6 left=0:0.00@-1,-1 dx=0.0 idx=-1/-1 dist=-1/-1 right=1:51.70@58,122 dx=-26.0 idx=2/8 dist=32/86 sel=1:51.31@53,118 dx=-30.8 idx=0/16 dist=32/70 edge=0:0.00@-1.0,-1.0 dx=0.0 width=0.0 l=-1,-1 r=60,92
ATGSeedDiag: seed=0@-1,-1/1@88,108 begin=7,108 block=5 clip=8
ATGLptDiag: best=-1(-57295.8) imip=-1/-1 pass=00000 acc=-1 ipm=-1.0,-1.0 inv=-1.0,-1.0 | 11(6.7) imip=1/21 pass=10111 acc=-1 ipm=69.7,97.8 inv=54.6,64.7
frame=583 line=1 track=1 cross=0 circle=5(CIRCLE_LEFT_RUNNING) round=0 yroad=0 ramp=0 road=7 speed=0 near=0/36 raw=0/95 sel=36/36 far=0/0 far_raw=0/0 l=0@-1/0@-1 far_l=0@-1/0@-1 straight=0/0 far_straight=0/0 circle_cnt=0/0/0/0 lost=1/0 conf=0.0/11.3/0.0/0.0 dist=529 begin=0/3267 m0=(84,119) ml=(51,117) md=33/0/73 cxcy=84.0,119.6 guide=35.00 atg=-60.0/-60.0/-60.0 pure=12.33/10.94 yaw=-2100 cmd=-2300 actual=-1130 signed=1 rps=6952/648:5782/4571 duty=18/0 pwm=PWM2:18/PWM1:0 motor=2:18/1:0
ATGCorner: L=0@-1/0@-1 Y=0@-1/0@-1 farL=0@-1/0@-1 Lxy=-1.0,-1.0:-1.0,-1.0/-1.0,-1.0:-1.0,-1.0 Yxy=-1.0,-1.0:-1.0,-1.0/-1.0,-1.0:-1.0,-1.0 farLxy=-1.0,-1.0:-1.0,-1.0/-1.0,-1.0:-1.0,-1.0 best=-1:-1.0,-1.0:-1.0,-1.0:-57295.8:00000/10:71.3,99.2:56.6,66.6:11.3:10111 seed_src=lost/none seed=40.0,91.8/0.0,0.0 far_start=40,0 far_raw=0/0 far_num=0/0 straight=0/0 far_straight=0/0 conf_deg=0.0/11.3/0.0/0.0
CrossDiag: type=CROSS_NONE track=1 half_lr=0/0 nearL=0@-1/0@-1 nearNum=0/36 centerNum=0/36 farL=0@-1/0@-1 farNum=0/0 farRaw=0/0 lost=1/0 not_have=0 final=36/36 flags=0/0
LineErr: aim=33 cxcy=84.0,119.6 left=0:0.00@-1,-1 dx=0.0 idx=-1/-1 dist=-1/-1 right=1:51.67@58,122 dx=-26.3 idx=2/8 dist=32/86 sel=1:51.48@53,118 dx=-31.0 idx=0/16 dist=32/70 edge=0:0.00@-1.0,-1.0 dx=0.0 width=0.0 l=-1,-1 r=60,92
ATGSeedDiag: seed=0@-1,-1/1@87,108 begin=7,108 block=5 clip=8
ATGLptDiag: best=-1(-57295.8) imip=-1/-1 pass=00000 acc=-1 ipm=-1.0,-1.0 inv=-1.0,-1.0 | 10(11.3) imip=0/20 pass=10111 acc=-1 ipm=71.3,99.2 inv=56.6,66.6
frame=584 line=1 track=1 cross=0 circle=5(CIRCLE_LEFT_RUNNING) round=0 yroad=0 ramp=0 road=7 speed=0 near=0/35 raw=0/94 sel=35/35 far=0/0 far_raw=0/0 l=0@-1/0@-1 far_l=0@-1/0@-1 straight=0/0 far_straight=0/0 circle_cnt=0/0/0/0 lost=1/0 conf=0.0/6.6/0.0/0.0 dist=543 begin=0/3267 m0=(84,119) ml=(51,117) md=33/0/69 cxcy=84.0,119.6 guide=35.00 atg=-60.0/-60.0/-60.0 pure=12.54/11.33 yaw=-2100 cmd=-2300 actual=-1098 signed=1 rps=6952/648:5821/4788 duty=18/0 pwm=PWM2:18/PWM1:0 motor=2:18/1:0
ATGCorner: L=0@-1/0@-1 Y=0@-1/0@-1 farL=0@-1/0@-1 Lxy=-1.0,-1.0:-1.0,-1.0/-1.0,-1.0:-1.0,-1.0 Yxy=-1.0,-1.0:-1.0,-1.0/-1.0,-1.0:-1.0,-1.0 farLxy=-1.0,-1.0:-1.0,-1.0/-1.0,-1.0:-1.0,-1.0 best=-1:-1.0,-1.0:-1.0,-1.0:-57295.8:00000/11:69.2,97.9:53.8,64.8:6.6:10111 seed_src=lost/none seed=40.0,91.8/0.0,0.0 far_start=40,0 far_raw=0/0 far_num=0/0 straight=0/0 far_straight=0/0 conf_deg=0.0/6.6/0.0/0.0
CrossDiag: type=CROSS_NONE track=1 half_lr=0/0 nearL=0@-1/0@-1 nearNum=0/35 centerNum=0/35 farL=0@-1/0@-1 farNum=0/0 farRaw=0/0 lost=1/0 not_have=0 final=35/35 flags=0/0
LineErr: aim=33 cxcy=84.0,119.6 left=0:0.00@-1,-1 dx=0.0 idx=-1/-1 dist=-1/-1 right=1:52.55@59,124 dx=-25.0 idx=1/7 dist=32/86 sel=1:51.93@54,119 dx=-29.8 idx=0/16 dist=32/68 edge=0:0.00@-1.0,-1.0 dx=0.0 width=0.0 l=-1,-1 r=59,92
ATGSeedDiag: seed=0@-1,-1/1@87,108 begin=7,108 block=5 clip=8
ATGLptDiag: best=-1(-57295.8) imip=-1/-1 pass=00000 acc=-1 ipm=-1.0,-1.0 inv=-1.0,-1.0 | 11(6.6) imip=1/21 pass=10111 acc=-1 ipm=69.2,97.9 inv=53.8,64.8
frame=585 line=0 track=1 cross=0 circle=5(CIRCLE_LEFT_RUNNING) round=0 yroad=0 ramp=0 road=7 speed=0 near=0/0 raw=0/0 sel=0/0 far=0/0 far_raw=0/0 l=0@-1/0@-1 far_l=0@-1/0@-1 straight=0/0 far_straight=0/0 circle_cnt=0/0/0/0 lost=1/0 conf=0.0/0.0/0.0/0.0 dist=557 begin=0/3267 m0=(-1,-1) ml=(-1,-1) md=-1/0/-1 cxcy=84.0,119.6 guide=0.00 atg=-60.0/-60.0/-60.0 pure=12.54/11.33 yaw=0 cmd=0 actual=-979 signed=0 rps=0/0:0/0 duty=0/0 pwm=PWM2:0/PWM1:0 motor=2:0/1:0
ATGCorner: L=0@-1/0@-1 Y=0@-1/0@-1 farL=0@-1/0@-1 Lxy=-1.0,-1.0:-1.0,-1.0/-1.0,-1.0:-1.0,-1.0 Yxy=-1.0,-1.0:-1.0,-1.0/-1.0,-1.0:-1.0,-1.0 farLxy=-1.0,-1.0:-1.0,-1.0/-1.0,-1.0:-1.0,-1.0 best=-1:-1.0,-1.0:-1.0,-1.0:-57295.8:00000/-1:-1.0,-1.0:-1.0,-1.0:-57295.8:00000 seed_src=lost/lost seed=40.0,91.8/0.0,0.0 far_start=40,0 far_raw=0/0 far_num=0/0 straight=0/0 far_straight=0/0 conf_deg=0.0/0.0/0.0/0.0
CrossDiag: type=CROSS_NONE track=1 half_lr=0/0 nearL=0@-1/0@-1 nearNum=0/0 centerNum=0/0 farL=0@-1/0@-1 farNum=0/0 farRaw=0/0 lost=1/0 not_have=0 final=0/0 flags=0/0
LineErr: aim=33 cxcy=84.0,119.6 left=0:0.00@-1,-1 dx=0.0 idx=-1/-1 dist=-1/-1 right=0:0.00@-1,-1 dx=0.0 idx=-1/-1 dist=-1/-1 sel=0:0.00@-1,-1 dx=0.0 idx=-1/-1 dist=-1/-1 edge=0:0.00@-1.0,-1.0 dx=0.0 width=0.0 l=-1,-1 r=-1,-1
ATGSeedDiag: seed=0@-1,-1/0@-1,-1 begin=7,108 block=5 clip=8
ATGLptDiag: best=-1(-57295.8) imip=-1/-1 pass=00000 acc=-1 ipm=-1.0,-1.0 inv=-1.0,-1.0 | -1(-57295.8) imip=-1/-1 pass=00000 acc=-1 ipm=-1.0,-1.0 inv=-1.0,-1.0
frame=587 line=0 track=1 cross=0 circle=5(CIRCLE_LEFT_RUNNING) round=0 yroad=0 ramp=0 road=7 speed=0 near=1/0 raw=6/0 sel=0/0 far=0/0 far_raw=0/0 l=0@-1/0@-1 far_l=0@-1/0@-1 straight=0/0 far_straight=0/0 circle_cnt=0/0/0/0 lost=1/0 conf=0.0/0.0/0.0/0.0 dist=587 begin=0/3267 m0=(-1,-1) ml=(-1,-1) md=-1/0/-1 cxcy=84.0,119.6 guide=0.00 atg=-60.0/-60.0/-60.0 pure=12.54/11.33 yaw=0 cmd=0 actual=-1011 signed=0 rps=0/0:0/0 duty=0/0 pwm=PWM2:0/PWM1:0 motor=2:0/1:0
ATGCorner: L=0@-1/0@-1 Y=0@-1/0@-1 farL=0@-1/0@-1 Lxy=-1.0,-1.0:-1.0,-1.0/-1.0,-1.0:-1.0,-1.0 Yxy=-1.0,-1.0:-1.0,-1.0/-1.0,-1.0:-1.0,-1.0 farLxy=-1.0,-1.0:-1.0,-1.0/-1.0,-1.0:-1.0,-1.0 best=-1:-1.0,-1.0:-1.0,-1.0:-57295.8:00000/-1:-1.0,-1.0:-1.0,-1.0:-57295.8:00000 seed_src=lost/lost seed=40.0,91.8/0.0,0.0 far_start=40,0 far_raw=0/0 far_num=0/0 straight=0/0 far_straight=0/0 conf_deg=0.0/0.0/0.0/0.0
CrossDiag: type=CROSS_NONE track=1 half_lr=0/0 nearL=0@-1/0@-1 nearNum=1/0 centerNum=1/0 farL=0@-1/0@-1 farNum=0/0 farRaw=0/0 lost=1/0 not_have=0 final=0/0 flags=0/0
LineErr: aim=33 cxcy=84.0,119.6 left=0:0.00@-1,-1 dx=0.0 idx=-1/-1 dist=-1/-1 right=0:0.00@-1,-1 dx=0.0 idx=-1/-1 dist=-1/-1 sel=0:0.00@-1,-1 dx=0.0 idx=-1/-1 dist=-1/-1 edge=0:0.00@-1.0,-1.0 dx=0.0 width=0.0 l=-1,-1 r=-1,-1
ATGSeedDiag: seed=1@73,85/0@-1,-1 begin=7,108 block=5 clip=8
ATGLptDiag: best=-1(-57295.8) imip=-1/-1 pass=00000 acc=-1 ipm=-1.0,-1.0 inv=-1.0,-1.0 | -1(-57295.8) imip=-1/-1 pass=00000 acc=-1 ipm=-1.0,-1.0 inv=-1.0,-1.0
frame=590 line=0 track=1 cross=0 circle=5(CIRCLE_LEFT_RUNNING) round=0 yroad=0 ramp=0 road=7 speed=0 near=1/0 raw=170/0 sel=0/0 far=0/0 far_raw=0/0 l=0@-1/0@-1 far_l=0@-1/0@-1 straight=0/0 far_straight=0/0 circle_cnt=0/0/0/0 lost=1/0 conf=0.0/0.0/0.0/0.0 dist=633 begin=0/3267 m0=(-1,-1) ml=(-1,-1) md=-1/0/-1 cxcy=84.0,119.6 guide=0.00 atg=-60.0/-60.0/-60.0 pure=12.54/11.33 yaw=0 cmd=0 actual=-594 signed=0 rps=0/0:0/0 duty=0/0 pwm=PWM2:0/PWM1:0 motor=2:0/1:0
ATGCorner: L=0@-1/0@-1 Y=0@-1/0@-1 farL=0@-1/0@-1 Lxy=-1.0,-1.0:-1.0,-1.0/-1.0,-1.0:-1.0,-1.0 Yxy=-1.0,-1.0:-1.0,-1.0/-1.0,-1.0:-1.0,-1.0 farLxy=-1.0,-1.0:-1.0,-1.0/-1.0,-1.0:-1.0,-1.0 best=-1:-1.0,-1.0:-1.0,-1.0:-57295.8:00000/-1:-1.0,-1.0:-1.0,-1.0:-57295.8:00000 seed_src=lost/lost seed=40.0,91.8/0.0,0.0 far_start=40,0 far_raw=0/0 far_num=0/0 straight=0/0 far_straight=0/0 conf_deg=0.0/0.0/0.0/0.0
CrossDiag: type=CROSS_NONE track=1 half_lr=0/0 nearL=0@-1/0@-1 nearNum=1/0 centerNum=1/0 farL=0@-1/0@-1 farNum=0/0 farRaw=0/0 lost=1/0 not_have=0 final=0/0 flags=0/0
LineErr: aim=33 cxcy=84.0,119.6 left=0:0.00@-1,-1 dx=0.0 idx=-1/-1 dist=-1/-1 right=0:0.00@-1,-1 dx=0.0 idx=-1/-1 dist=-1/-1 sel=0:0.00@-1,-1 dx=0.0 idx=-1/-1 dist=-1/-1 edge=0:0.00@-1.0,-1.0 dx=0.0 width=0.0 l=-1,-1 r=-1,-1
ATGSeedDiag: seed=1@73,87/0@-1,-1 begin=7,108 block=5 clip=8
ATGLptDiag: best=-1(-57295.8) imip=-1/-1 pass=00000 acc=-1 ipm=-1.0,-1.0 inv=-1.0,-1.0 | -1(-57295.8) imip=-1/-1 pass=00000 acc=-1 ipm=-1.0,-1.0 inv=-1.0,-1.0
frame=591 line=0 track=1 cross=0 circle=5(CIRCLE_LEFT_RUNNING) round=0 yroad=0 ramp=0 road=7 speed=0 near=1/0 raw=2/0 sel=0/0 far=0/0 far_raw=0/0 l=0@-1/0@-1 far_l=0@-1/0@-1 straight=0/0 far_straight=0/0 circle_cnt=0/0/0/0 lost=1/0 conf=0.0/0.0/0.0/0.0 dist=648 begin=0/3267 m0=(-1,-1) ml=(-1,-1) md=-1/0/-1 cxcy=84.0,119.6 guide=0.00 atg=-60.0/-60.0/-60.0 pure=12.54/11.33 yaw=0 cmd=0 actual=-411 signed=0 rps=0/0:0/0 duty=0/0 pwm=PWM2:0/PWM1:0 motor=2:0/1:0
ATGCorner: L=0@-1/0@-1 Y=0@-1/0@-1 farL=0@-1/0@-1 Lxy=-1.0,-1.0:-1.0,-1.0/-1.0,-1.0:-1.0,-1.0 Yxy=-1.0,-1.0:-1.0,-1.0/-1.0,-1.0:-1.0,-1.0 farLxy=-1.0,-1.0:-1.0,-1.0/-1.0,-1.0:-1.0,-1.0 best=-1:-1.0,-1.0:-1.0,-1.0:-57295.8:00000/-1:-1.0,-1.0:-1.0,-1.0:-57295.8:00000 seed_src=lost/lost seed=40.0,91.8/0.0,0.0 far_start=40,0 far_raw=0/0 far_num=0/0 straight=0/0 far_straight=0/0 conf_deg=0.0/0.0/0.0/0.0
CrossDiag: type=CROSS_NONE track=1 half_lr=0/0 nearL=0@-1/0@-1 nearNum=1/0 centerNum=1/0 farL=0@-1/0@-1 farNum=0/0 farRaw=0/0 lost=1/0 not_have=0 final=0/0 flags=0/0
LineErr: aim=33 cxcy=84.0,119.6 left=0:0.00@-1,-1 dx=0.0 idx=-1/-1 dist=-1/-1 right=0:0.00@-1,-1 dx=0.0 idx=-1/-1 dist=-1/-1 sel=0:0.00@-1,-1 dx=0.0 idx=-1/-1 dist=-1/-1 edge=0:0.00@-1.0,-1.0 dx=0.0 width=0.0 l=-1,-1 r=-1,-1
ATGSeedDiag: seed=1@73,88/0@-1,-1 begin=7,108 block=5 clip=8
ATGLptDiag: best=-1(-57295.8) imip=-1/-1 pass=00000 acc=-1 ipm=-1.0,-1.0 inv=-1.0,-1.0 | -1(-57295.8) imip=-1/-1 pass=00000 acc=-1 ipm=-1.0,-1.0 inv=-1.0,-1.0
frame=592 line=0 track=1 cross=0 circle=5(CIRCLE_LEFT_RUNNING) round=0 yroad=0 ramp=0 road=7 speed=0 near=1/0 raw=170/0 sel=0/0 far=0/0 far_raw=0/0 l=0@-1/0@-1 far_l=0@-1/0@-1 straight=0/0 far_straight=0/0 circle_cnt=0/0/0/0 lost=1/0 conf=0.0/0.0/0.0/0.0 dist=663 begin=0/3267 m0=(-1,-1) ml=(-1,-1) md=-1/0/-1 cxcy=84.0,119.6 guide=0.00 atg=-60.0/-60.0/-60.0 pure=12.54/11.33 yaw=0 cmd=0 actual=-326 signed=0 rps=0/0:0/0 duty=0/0 pwm=PWM2:0/PWM1:0 motor=2:0/1:0
ATGCorner: L=0@-1/0@-1 Y=0@-1/0@-1 farL=0@-1/0@-1 Lxy=-1.0,-1.0:-1.0,-1.0/-1.0,-1.0:-1.0,-1.0 Yxy=-1.0,-1.0:-1.0,-1.0/-1.0,-1.0:-1.0,-1.0 farLxy=-1.0,-1.0:-1.0,-1.0/-1.0,-1.0:-1.0,-1.0 best=-1:-1.0,-1.0:-1.0,-1.0:-57295.8:00000/-1:-1.0,-1.0:-1.0,-1.0:-57295.8:00000 seed_src=lost/lost seed=40.0,91.8/0.0,0.0 far_start=40,0 far_raw=0/0 far_num=0/0 straight=0/0 far_straight=0/0 conf_deg=0.0/0.0/0.0/0.0
CrossDiag: type=CROSS_NONE track=1 half_lr=0/0 nearL=0@-1/0@-1 nearNum=1/0 centerNum=1/0 farL=0@-1/0@-1 farNum=0/0 farRaw=0/0 lost=1/0 not_have=0 final=0/0 flags=0/0
LineErr: aim=33 cxcy=84.0,119.6 left=0:0.00@-1,-1 dx=0.0 idx=-1/-1 dist=-1/-1 right=0:0.00@-1,-1 dx=0.0 idx=-1/-1 dist=-1/-1 sel=0:0.00@-1,-1 dx=0.0 idx=-1/-1 dist=-1/-1 edge=0:0.00@-1.0,-1.0 dx=0.0 width=0.0 l=-1,-1 r=-1,-1
ATGSeedDiag: seed=1@73,89/0@-1,-1 begin=7,108 block=5 clip=8
ATGLptDiag: best=-1(-57295.8) imip=-1/-1 pass=00000 acc=-1 ipm=-1.0,-1.0 inv=-1.0,-1.0 | -1(-57295.8) imip=-1/-1 pass=00000 acc=-1 ipm=-1.0,-1.0 inv=-1.0,-1.0
frame=593 line=0 track=1 cross=0 circle=5(CIRCLE_LEFT_RUNNING) round=0 yroad=0 ramp=0 road=7 speed=0 near=1/0 raw=2/0 sel=0/0 far=0/0 far_raw=0/0 l=0@-1/0@-1 far_l=0@-1/0@-1 straight=0/0 far_straight=0/0 circle_cnt=0/0/0/0 lost=1/0 conf=0.0/0.0/0.0/0.0 dist=676 begin=0/3267 m0=(-1,-1) ml=(-1,-1) md=-1/0/-1 cxcy=84.0,119.6 guide=0.00 atg=-60.0/-60.0/-60.0 pure=12.54/11.33 yaw=0 cmd=0 actual=-277 signed=0 rps=0/0:0/0 duty=0/0 pwm=PWM2:0/PWM1:0 motor=2:0/1:0
ATGCorner: L=0@-1/0@-1 Y=0@-1/0@-1 farL=0@-1/0@-1 Lxy=-1.0,-1.0:-1.0,-1.0/-1.0,-1.0:-1.0,-1.0 Yxy=-1.0,-1.0:-1.0,-1.0/-1.0,-1.0:-1.0,-1.0 farLxy=-1.0,-1.0:-1.0,-1.0/-1.0,-1.0:-1.0,-1.0 best=-1:-1.0,-1.0:-1.0,-1.0:-57295.8:00000/-1:-1.0,-1.0:-1.0,-1.0:-57295.8:00000 seed_src=lost/lost seed=40.0,91.8/0.0,0.0 far_start=40,0 far_raw=0/0 far_num=0/0 straight=0/0 far_straight=0/0 conf_deg=0.0/0.0/0.0/0.0
CrossDiag: type=CROSS_NONE track=1 half_lr=0/0 nearL=0@-1/0@-1 nearNum=1/0 centerNum=1/0 farL=0@-1/0@-1 farNum=0/0 farRaw=0/0 lost=1/0 not_have=0 final=0/0 flags=0/0
LineErr: aim=33 cxcy=84.0,119.6 left=0:0.00@-1,-1 dx=0.0 idx=-1/-1 dist=-1/-1 right=0:0.00@-1,-1 dx=0.0 idx=-1/-1 dist=-1/-1 sel=0:0.00@-1,-1 dx=0.0 idx=-1/-1 dist=-1/-1 edge=0:0.00@-1.0,-1.0 dx=0.0 width=0.0 l=-1,-1 r=-1,-1
ATGSeedDiag: seed=1@73,90/0@-1,-1 begin=7,108 block=5 clip=8
ATGLptDiag: best=-1(-57295.8) imip=-1/-1 pass=00000 acc=-1 ipm=-1.0,-1.0 inv=-1.0,-1.0 | -1(-57295.8) imip=-1/-1 pass=00000 acc=-1 ipm=-1.0,-1.0 inv=-1.0,-1.0
frame=594 line=0 track=1 cross=0 circle=5(CIRCLE_LEFT_RUNNING) round=0 yroad=0 ramp=0 road=7 speed=0 near=1/0 raw=170/0 sel=0/0 far=0/0 far_raw=0/0 l=0@-1/0@-1 far_l=0@-1/0@-1 straight=0/0 far_straight=0/0 circle_cnt=0/0/0/0 lost=1/0 conf=0.0/0.0/0.0/0.0 dist=689 begin=0/3267 m0=(-1,-1) ml=(-1,-1) md=-1/0/-1 cxcy=84.0,119.6 guide=0.00 atg=-60.0/-60.0/-60.0 pure=12.54/11.33 yaw=0 cmd=0 actual=-217 signed=0 rps=0/0:0/0 duty=0/0 pwm=PWM2:0/PWM1:0 motor=2:0/1:0
ATGCorner: L=0@-1/0@-1 Y=0@-1/0@-1 farL=0@-1/0@-1 Lxy=-1.0,-1.0:-1.0,-1.0/-1.0,-1.0:-1.0,-1.0 Yxy=-1.0,-1.0:-1.0,-1.0/-1.0,-1.0:-1.0,-1.0 farLxy=-1.0,-1.0:-1.0,-1.0/-1.0,-1.0:-1.0,-1.0 best=-1:-1.0,-1.0:-1.0,-1.0:-57295.8:00000/-1:-1.0,-1.0:-1.0,-1.0:-57295.8:00000 seed_src=lost/lost seed=40.0,91.8/0.0,0.0 far_start=40,0 far_raw=0/0 far_num=0/0 straight=0/0 far_straight=0/0 conf_deg=0.0/0.0/0.0/0.0
CrossDiag: type=CROSS_NONE track=1 half_lr=0/0 nearL=0@-1/0@-1 nearNum=1/0 centerNum=1/0 farL=0@-1/0@-1 farNum=0/0 farRaw=0/0 lost=1/0 not_have=0 final=0/0 flags=0/0
LineErr: aim=33 cxcy=84.0,119.6 left=0:0.00@-1,-1 dx=0.0 idx=-1/-1 dist=-1/-1 right=0:0.00@-1,-1 dx=0.0 idx=-1/-1 dist=-1/-1 sel=0:0.00@-1,-1 dx=0.0 idx=-1/-1 dist=-1/-1 edge=0:0.00@-1.0,-1.0 dx=0.0 width=0.0 l=-1,-1 r=-1,-1
ATGSeedDiag: seed=1@73,92/0@-1,-1 begin=7,108 block=5 clip=8
ATGLptDiag: best=-1(-57295.8) imip=-1/-1 pass=00000 acc=-1 ipm=-1.0,-1.0 inv=-1.0,-1.0 | -1(-57295.8) imip=-1/-1 pass=00000 acc=-1 ipm=-1.0,-1.0 inv=-1.0,-1.0
frame=596 line=0 track=1 cross=0 circle=5(CIRCLE_LEFT_RUNNING) round=0 yroad=0 ramp=0 road=7 speed=0 near=1/1 raw=170/170 sel=1/0 far=0/0 far_raw=0/0 l=0@-1/0@-1 far_l=0@-1/0@-1 straight=0/0 far_straight=0/0 circle_cnt=0/0/0/0 lost=1/0 conf=0.0/0.0/0.0/0.0 dist=714 begin=0/3267 m0=(-1,-1) ml=(-1,-1) md=-1/0/-1 cxcy=84.0,119.6 guide=0.00 atg=-60.0/-60.0/-60.0 pure=12.54/11.33 yaw=0 cmd=0 actual=-147 signed=0 rps=0/0:0/0 duty=0/0 pwm=PWM2:0/PWM1:0 motor=2:0/1:0
ATGCorner: L=0@-1/0@-1 Y=0@-1/0@-1 farL=0@-1/0@-1 Lxy=-1.0,-1.0:-1.0,-1.0/-1.0,-1.0:-1.0,-1.0 Yxy=-1.0,-1.0:-1.0,-1.0/-1.0,-1.0:-1.0,-1.0 farLxy=-1.0,-1.0:-1.0,-1.0/-1.0,-1.0:-1.0,-1.0 best=-1:-1.0,-1.0:-1.0,-1.0:-57295.8:00000/-1:-1.0,-1.0:-1.0,-1.0:-57295.8:00000 seed_src=lost/lost seed=40.0,91.8/0.0,0.0 far_start=40,0 far_raw=0/0 far_num=0/0 straight=0/0 far_straight=0/0 conf_deg=0.0/0.0/0.0/0.0
CrossDiag: type=CROSS_NONE track=1 half_lr=0/0 nearL=0@-1/0@-1 nearNum=1/1 centerNum=1/1 farL=0@-1/0@-1 farNum=0/0 farRaw=0/0 lost=1/0 not_have=0 final=1/0 flags=0/0
LineErr: aim=33 cxcy=84.0,119.6 left=0:0.00@-1,-1 dx=0.0 idx=-1/-1 dist=-1/-1 right=0:0.00@-1,-1 dx=0.0 idx=-1/-1 dist=-1/-1 sel=0:0.00@-1,-1 dx=0.0 idx=-1/-1 dist=-1/-1 edge=0:0.00@-1.0,-1.0 dx=0.0 width=0.0 l=-1,-1 r=-1,-1
ATGSeedDiag: seed=1@73,95/1@122,101 begin=7,108 block=5 clip=8
ATGLptDiag: best=-1(-57295.8) imip=-1/-1 pass=00000 acc=-1 ipm=-1.0,-1.0 inv=-1.0,-1.0 | -1(-57295.8) imip=-1/-1 pass=00000 acc=-1 ipm=-1.0,-1.0 inv=-1.0,-1.0
frame=597 line=0 track=1 cross=0 circle=5(CIRCLE_LEFT_RUNNING) round=0 yroad=0 ramp=0 road=7 speed=0 near=1/0 raw=170/0 sel=0/0 far=0/0 far_raw=0/0 l=0@-1/0@-1 far_l=0@-1/0@-1 straight=0/0 far_straight=0/0 circle_cnt=0/0/0/0 lost=1/0 conf=0.0/0.0/0.0/0.0 dist=727 begin=0/3267 m0=(-1,-1) ml=(-1,-1) md=-1/0/-1 cxcy=84.0,119.6 guide=0.00 atg=-60.0/-60.0/-60.0 pure=12.54/11.33 yaw=0 cmd=0 actual=4 signed=0 rps=0/0:0/0 duty=0/0 pwm=PWM2:0/PWM1:0 motor=2:0/1:0
ATGCorner: L=0@-1/0@-1 Y=0@-1/0@-1 farL=0@-1/0@-1 Lxy=-1.0,-1.0:-1.0,-1.0/-1.0,-1.0:-1.0,-1.0 Yxy=-1.0,-1.0:-1.0,-1.0/-1.0,-1.0:-1.0,-1.0 farLxy=-1.0,-1.0:-1.0,-1.0/-1.0,-1.0:-1.0,-1.0 best=-1:-1.0,-1.0:-1.0,-1.0:-57295.8:00000/-1:-1.0,-1.0:-1.0,-1.0:-57295.8:00000 seed_src=lost/lost seed=40.0,91.8/0.0,0.0 far_start=40,0 far_raw=0/0 far_num=0/0 straight=0/0 far_straight=0/0 conf_deg=0.0/0.0/0.0/0.0
CrossDiag: type=CROSS_NONE track=1 half_lr=0/0 nearL=0@-1/0@-1 nearNum=1/0 centerNum=1/0 farL=0@-1/0@-1 farNum=0/0 farRaw=0/0 lost=1/0 not_have=0 final=0/0 flags=0/0
LineErr: aim=33 cxcy=84.0,119.6 left=0:0.00@-1,-1 dx=0.0 idx=-1/-1 dist=-1/-1 right=0:0.00@-1,-1 dx=0.0 idx=-1/-1 dist=-1/-1 sel=0:0.00@-1,-1 dx=0.0 idx=-1/-1 dist=-1/-1 edge=0:0.00@-1.0,-1.0 dx=0.0 width=0.0 l=-1,-1 r=-1,-1
ATGSeedDiag: seed=1@73,97/0@-1,-1 begin=7,108 block=5 clip=8
ATGLptDiag: best=-1(-57295.8) imip=-1/-1 pass=00000 acc=-1 ipm=-1.0,-1.0 inv=-1.0,-1.0 | -1(-57295.8) imip=-1/-1 pass=00000 acc=-1 ipm=-1.0,-1.0 inv=-1.0,-1.0
frame=598 line=0 track=1 cross=0 circle=5(CIRCLE_LEFT_RUNNING) round=0 yroad=0 ramp=0 road=7 speed=0 near=1/1 raw=170/170 sel=1/0 far=0/0 far_raw=0/0 l=0@-1/0@-1 far_l=0@-1/0@-1 straight=0/0 far_straight=0/0 circle_cnt=0/0/0/0 lost=1/0 conf=0.0/0.0/0.0/0.0 dist=741 begin=0/3267 m0=(-1,-1) ml=(-1,-1) md=-1/0/-1 cxcy=84.0,119.6 guide=0.00 atg=-60.0/-60.0/-60.0 pure=12.54/11.33 yaw=0 cmd=0 actual=52 signed=0 rps=0/0:0/0 duty=0/0 pwm=PWM2:0/PWM1:0 motor=2:0/1:0
ATGCorner: L=0@-1/0@-1 Y=0@-1/0@-1 farL=0@-1/0@-1 Lxy=-1.0,-1.0:-1.0,-1.0/-1.0,-1.0:-1.0,-1.0 Yxy=-1.0,-1.0:-1.0,-1.0/-1.0,-1.0:-1.0,-1.0 farLxy=-1.0,-1.0:-1.0,-1.0/-1.0,-1.0:-1.0,-1.0 best=-1:-1.0,-1.0:-1.0,-1.0:-57295.8:00000/-1:-1.0,-1.0:-1.0,-1.0:-57295.8:00000 seed_src=lost/lost seed=40.0,91.8/0.0,0.0 far_start=40,0 far_raw=0/0 far_num=0/0 straight=0/0 far_straight=0/0 conf_deg=0.0/0.0/0.0/0.0
CrossDiag: type=CROSS_NONE track=1 half_lr=0/0 nearL=0@-1/0@-1 nearNum=1/1 centerNum=1/1 farL=0@-1/0@-1 farNum=0/0 farRaw=0/0 lost=1/0 not_have=0 final=1/0 flags=0/0
LineErr: aim=33 cxcy=84.0,119.6 left=0:0.00@-1,-1 dx=0.0 idx=-1/-1 dist=-1/-1 right=0:0.00@-1,-1 dx=0.0 idx=-1/-1 dist=-1/-1 sel=0:0.00@-1,-1 dx=0.0 idx=-1/-1 dist=-1/-1 edge=0:0.00@-1.0,-1.0 dx=0.0 width=0.0 l=-1,-1 r=-1,-1
ATGSeedDiag: seed=1@73,99/1@143,101 begin=7,108 block=5 clip=8
ATGLptDiag: best=-1(-57295.8) imip=-1/-1 pass=00000 acc=-1 ipm=-1.0,-1.0 inv=-1.0,-1.0 | -1(-57295.8) imip=-1/-1 pass=00000 acc=-1 ipm=-1.0,-1.0 inv=-1.0,-1.0
frame=599 line=0 track=1 cross=0 circle=5(CIRCLE_LEFT_RUNNING) round=0 yroad=0 ramp=0 road=7 speed=0 near=3/0 raw=170/0 sel=0/0 far=0/0 far_raw=0/0 l=0@-1/0@-1 far_l=0@-1/0@-1 straight=0/0 far_straight=0/0 circle_cnt=0/0/0/0 lost=1/0 conf=33.5/0.0/0.0/0.0 dist=755 begin=0/3267 m0=(-1,-1) ml=(-1,-1) md=-1/0/-1 cxcy=84.0,119.6 guide=0.00 atg=-60.0/-60.0/-60.0 pure=12.54/11.33 yaw=0 cmd=0 actual=65 signed=0 rps=0/0:0/0 duty=0/0 pwm=PWM2:0/PWM1:0 motor=2:0/1:0
ATGCorner: L=0@-1/0@-1 Y=0@-1/0@-1 farL=0@-1/0@-1 Lxy=-1.0,-1.0:-1.0,-1.0/-1.0,-1.0:-1.0,-1.0 Yxy=-1.0,-1.0:-1.0,-1.0/-1.0,-1.0:-1.0,-1.0 farLxy=-1.0,-1.0:-1.0,-1.0/-1.0,-1.0:-1.0,-1.0 best=1:83.6,114.8:77.8,100.2:33.5:10110/-1:-1.0,-1.0:-1.0,-1.0:-57295.8:00000 seed_src=none/lost seed=40.0,91.8/0.0,0.0 far_start=40,0 far_raw=0/0 far_num=0/0 straight=0/0 far_straight=0/0 conf_deg=33.5/0.0/0.0/0.0
CrossDiag: type=CROSS_NONE track=1 half_lr=0/0 nearL=0@-1/0@-1 nearNum=3/0 centerNum=3/0 farL=0@-1/0@-1 farNum=0/0 farRaw=0/0 lost=1/0 not_have=0 final=0/0 flags=0/0
LineErr: aim=33 cxcy=84.0,119.6 left=1:-58.15@89,140 dx=4.9 idx=0/2 dist=4/4 right=0:0.00@-1,-1 dx=0.0 idx=-1/-1 dist=-1/-1 sel=0:0.00@-1,-1 dx=0.0 idx=-1/-1 dist=-1/-1 edge=0:0.00@-1.0,-1.0 dx=0.0 width=0.0 l=86,114 r=-1,-1
ATGSeedDiag: seed=1@73,101/0@-1,-1 begin=7,108 block=5 clip=8
ATGLptDiag: best=1(33.5) imip=0/2 pass=10110 acc=-1 ipm=83.6,114.8 inv=77.8,100.2 | -1(-57295.8) imip=-1/-1 pass=00000 acc=-1 ipm=-1.0,-1.0 inv=-1.0,-1.0
frame=600 line=0 track=1 cross=0 circle=5(CIRCLE_LEFT_RUNNING) round=0 yroad=0 ramp=0 road=7 speed=0 near=2/0 raw=170/0 sel=0/0 far=0/0 far_raw=0/0 l=0@-1/0@-1 far_l=0@-1/0@-1 straight=0/0 far_straight=0/0 circle_cnt=0/0/0/0 lost=1/0 conf=0.0/0.0/0.0/0.0 dist=769 begin=0/3267 m0=(-1,-1) ml=(-1,-1) md=-1/0/-1 cxcy=84.0,119.6 guide=0.00 atg=-60.0/-60.0/-60.0 pure=12.54/11.33 yaw=0 cmd=0 actual=169 signed=0 rps=0/0:0/0 duty=0/0 pwm=PWM2:0/PWM1:0 motor=2:0/1:0
ATGCorner: L=0@-1/0@-1 Y=0@-1/0@-1 farL=0@-1/0@-1 Lxy=-1.0,-1.0:-1.0,-1.0/-1.0,-1.0:-1.0,-1.0 Yxy=-1.0,-1.0:-1.0,-1.0/-1.0,-1.0:-1.0,-1.0 farLxy=-1.0,-1.0:-1.0,-1.0/-1.0,-1.0:-1.0,-1.0 best=-1:-1.0,-1.0:-1.0,-1.0:-57295.8:00000/-1:-1.0,-1.0:-1.0,-1.0:-57295.8:00000 seed_src=none/lost seed=40.0,91.8/0.0,0.0 far_start=40,0 far_raw=0/0 far_num=0/0 straight=0/0 far_straight=0/0 conf_deg=0.0/0.0/0.0/0.0
CrossDiag: type=CROSS_NONE track=1 half_lr=0/0 nearL=0@-1/0@-1 nearNum=2/0 centerNum=2/0 farL=0@-1/0@-1 farNum=0/0 farRaw=0/0 lost=1/0 not_have=0 final=0/0 flags=0/0
LineErr: aim=33 cxcy=84.0,119.6 left=0:0.00@-1,-1 dx=0.0 idx=-1/-1 dist=-1/-1 right=0:0.00@-1,-1 dx=0.0 idx=-1/-1 dist=-1/-1 sel=0:0.00@-1,-1 dx=0.0 idx=-1/-1 dist=-1/-1 edge=0:0.00@-1.0,-1.0 dx=0.0 width=0.0 l=-1,-1 r=-1,-1
ATGSeedDiag: seed=1@73,103/0@-1,-1 begin=7,108 block=5 clip=8
ATGLptDiag: best=-1(-57295.8) imip=-1/-1 pass=00000 acc=-1 ipm=-1.0,-1.0 inv=-1.0,-1.0 | -1(-57295.8) imip=-1/-1 pass=00000 acc=-1 ipm=-1.0,-1.0 inv=-1.0,-1.0
frame=601 line=0 track=1 cross=0 circle=5(CIRCLE_LEFT_RUNNING) round=0 yroad=0 ramp=0 road=7 speed=0 near=2/0 raw=170/0 sel=0/0 far=0/0 far_raw=0/0 l=0@-1/0@-1 far_l=0@-1/0@-1 straight=0/0 far_straight=0/0 circle_cnt=0/0/0/0 lost=1/0 conf=0.0/0.0/0.0/0.0 dist=782 begin=0/3267 m0=(-1,-1) ml=(-1,-1) md=-1/0/-1 cxcy=84.0,119.6 guide=0.00 atg=-60.0/-60.0/-60.0 pure=12.54/11.33 yaw=0 cmd=0 actual=216 signed=0 rps=0/0:0/0 duty=0/0 pwm=PWM2:0/PWM1:0 motor=2:0/1:0
ATGCorner: L=0@-1/0@-1 Y=0@-1/0@-1 farL=0@-1/0@-1 Lxy=-1.0,-1.0:-1.0,-1.0/-1.0,-1.0:-1.0,-1.0 Yxy=-1.0,-1.0:-1.0,-1.0/-1.0,-1.0:-1.0,-1.0 farLxy=-1.0,-1.0:-1.0,-1.0/-1.0,-1.0:-1.0,-1.0 best=-1:-1.0,-1.0:-1.0,-1.0:-57295.8:00000/-1:-1.0,-1.0:-1.0,-1.0:-57295.8:00000 seed_src=none/lost seed=40.0,91.8/0.0,0.0 far_start=40,0 far_raw=0/0 far_num=0/0 straight=0/0 far_straight=0/0 conf_deg=0.0/0.0/0.0/0.0
CrossDiag: type=CROSS_NONE track=1 half_lr=0/0 nearL=0@-1/0@-1 nearNum=2/0 centerNum=2/0 farL=0@-1/0@-1 farNum=0/0 farRaw=0/0 lost=1/0 not_have=0 final=0/0 flags=0/0
LineErr: aim=33 cxcy=84.0,119.6 left=0:0.00@-1,-1 dx=0.0 idx=-1/-1 dist=-1/-1 right=0:0.00@-1,-1 dx=0.0 idx=-1/-1 dist=-1/-1 sel=0:0.00@-1,-1 dx=0.0 idx=-1/-1 dist=-1/-1 edge=0:0.00@-1.0,-1.0 dx=0.0 width=0.0 l=-1,-1 r=-1,-1
ATGSeedDiag: seed=1@73,105/0@-1,-1 begin=7,108 block=5 clip=8
ATGLptDiag: best=-1(-57295.8) imip=-1/-1 pass=00000 acc=-1 ipm=-1.0,-1.0 inv=-1.0,-1.0 | -1(-57295.8) imip=-1/-1 pass=00000 acc=-1 ipm=-1.0,-1.0 inv=-1.0,-1.0
frame=603 line=0 track=1 cross=0 circle=5(CIRCLE_LEFT_RUNNING) round=0 yroad=0 ramp=0 road=7 speed=0 near=1/0 raw=170/0 sel=0/0 far=0/0 far_raw=0/0 l=0@-1/0@-1 far_l=0@-1/0@-1 straight=0/0 far_straight=0/0 circle_cnt=0/0/0/0 lost=1/0 conf=0.0/0.0/0.0/0.0 dist=808 begin=0/3267 m0=(-1,-1) ml=(-1,-1) md=-1/0/-1 cxcy=84.0,119.6 guide=0.00 atg=-60.0/-60.0/-60.0 pure=12.54/11.33 yaw=0 cmd=0 actual=220 signed=0 rps=0/0:0/0 duty=0/0 pwm=PWM2:0/PWM1:0 motor=2:0/1:0
ATGCorner: L=0@-1/0@-1 Y=0@-1/0@-1 farL=0@-1/0@-1 Lxy=-1.0,-1.0:-1.0,-1.0/-1.0,-1.0:-1.0,-1.0 Yxy=-1.0,-1.0:-1.0,-1.0/-1.0,-1.0:-1.0,-1.0 farLxy=-1.0,-1.0:-1.0,-1.0/-1.0,-1.0:-1.0,-1.0 best=-1:-1.0,-1.0:-1.0,-1.0:-57295.8:00000/-1:-1.0,-1.0:-1.0,-1.0:-57295.8:00000 seed_src=lost/lost seed=40.0,91.8/0.0,0.0 far_start=40,0 far_raw=0/0 far_num=0/0 straight=0/0 far_straight=0/0 conf_deg=0.0/0.0/0.0/0.0
CrossDiag: type=CROSS_NONE track=1 half_lr=0/0 nearL=0@-1/0@-1 nearNum=1/0 centerNum=1/0 farL=0@-1/0@-1 farNum=0/0 farRaw=0/0 lost=1/0 not_have=0 final=0/0 flags=0/0
LineErr: aim=33 cxcy=84.0,119.6 left=0:0.00@-1,-1 dx=0.0 idx=-1/-1 dist=-1/-1 right=0:0.00@-1,-1 dx=0.0 idx=-1/-1 dist=-1/-1 sel=0:0.00@-1,-1 dx=0.0 idx=-1/-1 dist=-1/-1 edge=0:0.00@-1.0,-1.0 dx=0.0 width=0.0 l=-1,-1 r=-1,-1
ATGSeedDiag: seed=1@72,108/0@-1,-1 begin=7,108 block=5 clip=8
ATGLptDiag: best=-1(-57295.8) imip=-1/-1 pass=00000 acc=-1 ipm=-1.0,-1.0 inv=-1.0,-1.0 | -1(-57295.8) imip=-1/-1 pass=00000 acc=-1 ipm=-1.0,-1.0 inv=-1.0,-1.0
frame=604 line=0 track=1 cross=0 circle=5(CIRCLE_LEFT_RUNNING) round=0 yroad=0 ramp=0 road=7 speed=0 near=1/0 raw=4/0 sel=0/0 far=0/0 far_raw=0/0 l=0@-1/0@-1 far_l=0@-1/0@-1 straight=0/0 far_straight=0/0 circle_cnt=0/0/0/0 lost=1/0 conf=0.0/0.0/0.0/0.0 dist=820 begin=0/3267 m0=(-1,-1) ml=(-1,-1) md=-1/0/-1 cxcy=84.0,119.6 guide=0.00 atg=-60.0/-60.0/-60.0 pure=12.54/11.33 yaw=0 cmd=0 actual=220 signed=0 rps=0/0:0/0 duty=0/0 pwm=PWM2:0/PWM1:0 motor=2:0/1:0
ATGCorner: L=0@-1/0@-1 Y=0@-1/0@-1 farL=0@-1/0@-1 Lxy=-1.0,-1.0:-1.0,-1.0/-1.0,-1.0:-1.0,-1.0 Yxy=-1.0,-1.0:-1.0,-1.0/-1.0,-1.0:-1.0,-1.0 farLxy=-1.0,-1.0:-1.0,-1.0/-1.0,-1.0:-1.0,-1.0 best=-1:-1.0,-1.0:-1.0,-1.0:-57295.8:00000/-1:-1.0,-1.0:-1.0,-1.0:-57295.8:00000 seed_src=lost/lost seed=40.0,91.8/0.0,0.0 far_start=40,0 far_raw=0/0 far_num=0/0 straight=0/0 far_straight=0/0 conf_deg=0.0/0.0/0.0/0.0
CrossDiag: type=CROSS_NONE track=1 half_lr=0/0 nearL=0@-1/0@-1 nearNum=1/0 centerNum=1/0 farL=0@-1/0@-1 farNum=0/0 farRaw=0/0 lost=1/0 not_have=0 final=0/0 flags=0/0
LineErr: aim=33 cxcy=84.0,119.6 left=0:0.00@-1,-1 dx=0.0 idx=-1/-1 dist=-1/-1 right=0:0.00@-1,-1 dx=0.0 idx=-1/-1 dist=-1/-1 sel=0:0.00@-1,-1 dx=0.0 idx=-1/-1 dist=-1/-1 edge=0:0.00@-1.0,-1.0 dx=0.0 width=0.0 l=-1,-1 r=-1,-1
ATGSeedDiag: seed=1@71,108/0@-1,-1 begin=7,108 block=5 clip=8
ATGLptDiag: best=-1(-57295.8) imip=-1/-1 pass=00000 acc=-1 ipm=-1.0,-1.0 inv=-1.0,-1.0 | -1(-57295.8) imip=-1/-1 pass=00000 acc=-1 ipm=-1.0,-1.0 inv=-1.0,-1.0
frame=607 line=0 track=1 cross=0 circle=5(CIRCLE_LEFT_RUNNING) round=0 yroad=0 ramp=0 road=7 speed=0 near=2/0 raw=10/0 sel=0/0 far=0/0 far_raw=0/0 l=0@-1/0@-1 far_l=0@-1/0@-1 straight=0/0 far_straight=0/0 circle_cnt=0/0/0/0 lost=1/0 conf=0.0/0.0/0.0/0.0 dist=854 begin=0/3267 m0=(-1,-1) ml=(-1,-1) md=-1/0/-1 cxcy=84.0,119.6 guide=0.00 atg=-60.0/-60.0/-60.0 pure=12.54/11.33 yaw=0 cmd=0 actual=216 signed=0 rps=0/0:0/0 duty=0/0 pwm=PWM2:0/PWM1:0 motor=2:0/1:0
ATGCorner: L=0@-1/0@-1 Y=0@-1/0@-1 farL=0@-1/0@-1 Lxy=-1.0,-1.0:-1.0,-1.0/-1.0,-1.0:-1.0,-1.0 Yxy=-1.0,-1.0:-1.0,-1.0/-1.0,-1.0:-1.0,-1.0 farLxy=-1.0,-1.0:-1.0,-1.0/-1.0,-1.0:-1.0,-1.0 best=-1:-1.0,-1.0:-1.0,-1.0:-57295.8:00000/-1:-1.0,-1.0:-1.0,-1.0:-57295.8:00000 seed_src=none/lost seed=40.0,91.8/0.0,0.0 far_start=40,0 far_raw=0/0 far_num=0/0 straight=0/0 far_straight=0/0 conf_deg=0.0/0.0/0.0/0.0
CrossDiag: type=CROSS_NONE track=1 half_lr=0/0 nearL=0@-1/0@-1 nearNum=2/0 centerNum=2/0 farL=0@-1/0@-1 farNum=0/0 farRaw=0/0 lost=1/0 not_have=0 final=0/0 flags=0/0
LineErr: aim=33 cxcy=84.0,119.6 left=1:-9.16@92,94 dx=7.9 idx=0/1 dist=2/2 right=0:0.00@-1,-1 dx=0.0 idx=-1/-1 dist=-1/-1 sel=0:0.00@-1,-1 dx=0.0 idx=-1/-1 dist=-1/-1 edge=0:0.00@-1.0,-1.0 dx=0.0 width=0.0 l=77,115 r=-1,-1
ATGSeedDiag: seed=1@67,108/0@-1,-1 begin=7,108 block=5 clip=8
ATGLptDiag: best=-1(-57295.8) imip=-1/-1 pass=00000 acc=-1 ipm=-1.0,-1.0 inv=-1.0,-1.0 | -1(-57295.8) imip=-1/-1 pass=00000 acc=-1 ipm=-1.0,-1.0 inv=-1.0,-1.0
frame=608 line=0 track=1 cross=0 circle=5(CIRCLE_LEFT_RUNNING) round=0 yroad=0 ramp=0 road=7 speed=0 near=2/0 raw=8/0 sel=0/0 far=0/0 far_raw=0/0 l=0@-1/0@-1 far_l=0@-1/0@-1 straight=0/0 far_straight=0/0 circle_cnt=0/0/0/0 lost=1/0 conf=0.0/0.0/0.0/0.0 dist=865 begin=0/3267 m0=(-1,-1) ml=(-1,-1) md=-1/0/-1 cxcy=84.0,119.6 guide=0.00 atg=-60.0/-60.0/-60.0 pure=12.54/11.33 yaw=0 cmd=0 actual=312 signed=0 rps=0/0:0/0 duty=0/0 pwm=PWM2:0/PWM1:0 motor=2:0/1:0
ATGCorner: L=0@-1/0@-1 Y=0@-1/0@-1 farL=0@-1/0@-1 Lxy=-1.0,-1.0:-1.0,-1.0/-1.0,-1.0:-1.0,-1.0 Yxy=-1.0,-1.0:-1.0,-1.0/-1.0,-1.0:-1.0,-1.0 farLxy=-1.0,-1.0:-1.0,-1.0/-1.0,-1.0:-1.0,-1.0 best=-1:-1.0,-1.0:-1.0,-1.0:-57295.8:00000/-1:-1.0,-1.0:-1.0,-1.0:-57295.8:00000 seed_src=none/lost seed=40.0,91.8/0.0,0.0 far_start=40,0 far_raw=0/0 far_num=0/0 straight=0/0 far_straight=0/0 conf_deg=0.0/0.0/0.0/0.0
CrossDiag: type=CROSS_NONE track=1 half_lr=0/0 nearL=0@-1/0@-1 nearNum=2/0 centerNum=2/0 farL=0@-1/0@-1 farNum=0/0 farRaw=0/0 lost=1/0 not_have=0 final=0/0 flags=0/0
LineErr: aim=33 cxcy=84.0,119.6 left=1:-4.78@88,92 dx=4.2 idx=0/1 dist=2/2 right=0:0.00@-1,-1 dx=0.0 idx=-1/-1 dist=-1/-1 sel=0:0.00@-1,-1 dx=0.0 idx=-1/-1 dist=-1/-1 edge=0:0.00@-1.0,-1.0 dx=0.0 width=0.0 l=77,116 r=-1,-1
ATGSeedDiag: seed=1@68,108/0@-1,-1 begin=7,108 block=5 clip=8
ATGLptDiag: best=-1(-57295.8) imip=-1/-1 pass=00000 acc=-1 ipm=-1.0,-1.0 inv=-1.0,-1.0 | -1(-57295.8) imip=-1/-1 pass=00000 acc=-1 ipm=-1.0,-1.0 inv=-1.0,-1.0
frame=610 line=0 track=1 cross=0 circle=5(CIRCLE_LEFT_RUNNING) round=0 yroad=0 ramp=0 road=7 speed=0 near=4/0 raw=20/0 sel=0/0 far=0/0 far_raw=0/0 l=0@-1/0@-1 far_l=0@-1/0@-1 straight=0/0 far_straight=0/0 circle_cnt=0/0/0/0 lost=1/0 conf=0.2/0.0/0.0/0.0 dist=888 begin=0/3267 m0=(-1,-1) ml=(-1,-1) md=-1/0/-1 cxcy=84.0,119.6 guide=0.00 atg=-60.0/-60.0/-60.0 pure=12.54/11.33 yaw=0 cmd=0 actual=373 signed=0 rps=0/0:0/0 duty=0/0 pwm=PWM2:0/PWM1:0 motor=2:0/1:0
ATGCorner: L=0@-1/0@-1 Y=0@-1/0@-1 farL=0@-1/0@-1 Lxy=-1.0,-1.0:-1.0,-1.0/-1.0,-1.0:-1.0,-1.0 Yxy=-1.0,-1.0:-1.0,-1.0/-1.0,-1.0:-1.0,-1.0 farLxy=-1.0,-1.0:-1.0,-1.0/-1.0,-1.0:-1.0,-1.0 best=1:74.4,114.7:57.2,100.3:0.2:10111/-1:-1.0,-1.0:-1.0,-1.0:-57295.8:00000 seed_src=none/lost seed=40.0,91.8/0.0,0.0 far_start=40,0 far_raw=0/0 far_num=0/0 straight=0/0 far_straight=0/0 conf_deg=0.2/0.0/0.0/0.0
CrossDiag: type=CROSS_NONE track=1 half_lr=0/0 nearL=0@-1/0@-1 nearNum=4/0 centerNum=4/0 farL=0@-1/0@-1 farNum=0/0 farRaw=0/0 lost=1/0 not_have=0 final=0/0 flags=0/0
LineErr: aim=33 cxcy=84.0,119.6 left=1:-5.22@89,92 dx=4.6 idx=0/3 dist=6/6 right=0:0.00@-1,-1 dx=0.0 idx=-1/-1 dist=-1/-1 sel=0:0.00@-1,-1 dx=0.0 idx=-1/-1 dist=-1/-1 edge=0:0.00@-1.0,-1.0 dx=0.0 width=0.0 l=71,112 r=-1,-1
ATGSeedDiag: seed=1@62,108/0@-1,-1 begin=7,108 block=5 clip=8
ATGLptDiag: best=1(0.2) imip=0/3 pass=10111 acc=-1 ipm=74.4,114.7 inv=57.2,100.3 | -1(-57295.8) imip=-1/-1 pass=00000 acc=-1 ipm=-1.0,-1.0 inv=-1.0,-1.0
frame=611 line=0 track=1 cross=0 circle=5(CIRCLE_LEFT_RUNNING) round=0 yroad=0 ramp=0 road=7 speed=0 near=1/0 raw=2/0 sel=0/0 far=0/0 far_raw=0/0 l=0@-1/0@-1 far_l=0@-1/0@-1 straight=0/0 far_straight=0/0 circle_cnt=0/0/0/0 lost=1/0 conf=0.0/0.0/0.0/0.0 dist=900 begin=0/3267 m0=(-1,-1) ml=(-1,-1) md=-1/0/-1 cxcy=84.0,119.6 guide=0.00 atg=-60.0/-60.0/-60.0 pure=12.54/11.33 yaw=0 cmd=0 actual=294 signed=0 rps=0/0:0/0 duty=0/0 pwm=PWM2:0/PWM1:0 motor=2:0/1:0
ATGCorner: L=0@-1/0@-1 Y=0@-1/0@-1 farL=0@-1/0@-1 Lxy=-1.0,-1.0:-1.0,-1.0/-1.0,-1.0:-1.0,-1.0 Yxy=-1.0,-1.0:-1.0,-1.0/-1.0,-1.0:-1.0,-1.0 farLxy=-1.0,-1.0:-1.0,-1.0/-1.0,-1.0:-1.0,-1.0 best=-1:-1.0,-1.0:-1.0,-1.0:-57295.8:00000/-1:-1.0,-1.0:-1.0,-1.0:-57295.8:00000 seed_src=lost/lost seed=40.0,91.8/0.0,0.0 far_start=40,0 far_raw=0/0 far_num=0/0 straight=0/0 far_straight=0/0 conf_deg=0.0/0.0/0.0/0.0
CrossDiag: type=CROSS_NONE track=1 half_lr=0/0 nearL=0@-1/0@-1 nearNum=1/0 centerNum=1/0 farL=0@-1/0@-1 farNum=0/0 farRaw=0/0 lost=1/0 not_have=0 final=0/0 flags=0/0
LineErr: aim=33 cxcy=84.0,119.6 left=0:0.00@-1,-1 dx=0.0 idx=-1/-1 dist=-1/-1 right=0:0.00@-1,-1 dx=0.0 idx=-1/-1 dist=-1/-1 sel=0:0.00@-1,-1 dx=0.0 idx=-1/-1 dist=-1/-1 edge=0:0.00@-1.0,-1.0 dx=0.0 width=0.0 l=-1,-1 r=-1,-1
ATGSeedDiag: seed=1@60,108/0@-1,-1 begin=7,108 block=5 clip=8
ATGLptDiag: best=-1(-57295.8) imip=-1/-1 pass=00000 acc=-1 ipm=-1.0,-1.0 inv=-1.0,-1.0 | -1(-57295.8) imip=-1/-1 pass=00000 acc=-1 ipm=-1.0,-1.0 inv=-1.0,-1.0
frame=613 line=0 track=1 cross=0 circle=5(CIRCLE_LEFT_RUNNING) round=0 yroad=0 ramp=0 road=7 speed=0 near=2/0 raw=10/0 sel=0/0 far=0/0 far_raw=0/0 l=0@-1/0@-1 far_l=0@-1/0@-1 straight=0/0 far_straight=0/0 circle_cnt=0/0/0/0 lost=1/0 conf=0.0/0.0/0.0/0.0 dist=924 begin=0/3267 m0=(-1,-1) ml=(-1,-1) md=-1/0/-1 cxcy=84.0,119.6 guide=0.00 atg=-60.0/-60.0/-60.0 pure=12.54/11.33 yaw=0 cmd=0 actual=326 signed=0 rps=0/0:0/0 duty=0/0 pwm=PWM2:0/PWM1:0 motor=2:0/1:0
ATGCorner: L=0@-1/0@-1 Y=0@-1/0@-1 farL=0@-1/0@-1 Lxy=-1.0,-1.0:-1.0,-1.0/-1.0,-1.0:-1.0,-1.0 Yxy=-1.0,-1.0:-1.0,-1.0/-1.0,-1.0:-1.0,-1.0 farLxy=-1.0,-1.0:-1.0,-1.0/-1.0,-1.0:-1.0,-1.0 best=-1:-1.0,-1.0:-1.0,-1.0:-57295.8:00000/-1:-1.0,-1.0:-1.0,-1.0:-57295.8:00000 seed_src=none/lost seed=40.0,91.8/0.0,0.0 far_start=40,0 far_raw=0/0 far_num=0/0 straight=0/0 far_straight=0/0 conf_deg=0.0/0.0/0.0/0.0
CrossDiag: type=CROSS_NONE track=1 half_lr=0/0 nearL=0@-1/0@-1 nearNum=2/0 centerNum=2/0 farL=0@-1/0@-1 farNum=0/0 farRaw=0/0 lost=1/0 not_have=0 final=0/0 flags=0/0
LineErr: aim=33 cxcy=84.0,119.6 left=1:-5.28@89,94 dx=4.5 idx=0/1 dist=2/2 right=0:0.00@-1,-1 dx=0.0 idx=-1/-1 dist=-1/-1 sel=0:0.00@-1,-1 dx=0.0 idx=-1/-1 dist=-1/-1 edge=0:0.00@-1.0,-1.0 dx=0.0 width=0.0 l=73,115 r=-1,-1
ATGSeedDiag: seed=1@58,108/0@-1,-1 begin=7,108 block=5 clip=8
ATGLptDiag: best=-1(-57295.8) imip=-1/-1 pass=00000 acc=-1 ipm=-1.0,-1.0 inv=-1.0,-1.0 | -1(-57295.8) imip=-1/-1 pass=00000 acc=-1 ipm=-1.0,-1.0 inv=-1.0,-1.0
ATGCircleStall: circle_type=5 stalled 30 frames without selected line, reset to NONE
frame=614 line=0 track=1 cross=0 circle=0(CIRCLE_NONE) round=0 yroad=0 ramp=0 road=0 speed=0 near=1/0 raw=5/0 sel=0/0 far=0/0 far_raw=0/0 l=0@-1/0@-1 far_l=0@-1/0@-1 straight=0/0 far_straight=0/0 circle_cnt=0/0/0/0 lost=0/0 conf=0.0/0.0/0.0/0.0 dist=935 begin=0/3267 m0=(-1,-1) ml=(-1,-1) md=-1/0/-1 cxcy=84.0,119.6 guide=0.00 atg=-60.0/-60.0/-60.0 pure=12.54/11.33 yaw=0 cmd=0 actual=290 signed=0 rps=0/0:0/0 duty=0/0 pwm=PWM2:0/PWM1:0 motor=2:0/1:0
CrossDiag: type=CROSS_NONE track=1 half_lr=0/0 nearL=0@-1/0@-1 nearNum=1/0 centerNum=1/0 farL=0@-1/0@-1 farNum=0/0 farRaw=0/0 lost=0/0 not_have=0 final=0/0 flags=0/0
LineErr: aim=33 cxcy=84.0,119.6 left=0:0.00@-1,-1 dx=0.0 idx=-1/-1 dist=-1/-1 right=0:0.00@-1,-1 dx=0.0 idx=-1/-1 dist=-1/-1 sel=0:0.00@-1,-1 dx=0.0 idx=-1/-1 dist=-1/-1 edge=0:0.00@-1.0,-1.0 dx=0.0 width=0.0 l=-1,-1 r=-1,-1
ATGSeedDiag: seed=1@55,108/0@-1,-1 begin=7,108 block=5 clip=8
ATGLptDiag: best=-1(-57295.8) imip=-1/-1 pass=00000 acc=-1 ipm=-1.0,-1.0 inv=-1.0,-1.0 | -1(-57295.8) imip=-1/-1 pass=00000 acc=-1 ipm=-1.0,-1.0 inv=-1.0,-1.0
frame=615 line=0 track=0 cross=0 circle=0(CIRCLE_NONE) round=0 yroad=0 ramp=0 road=0 speed=0 near=1/0 raw=2/0 sel=1/0 far=0/0 far_raw=0/0 l=0@-1/0@-1 far_l=0@-1/0@-1 straight=0/0 far_straight=0/0 circle_cnt=0/0/0/0 lost=0/0 conf=0.0/0.0/0.0/0.0 dist=0 begin=0/3267 m0=(-1,-1) ml=(-1,-1) md=-1/0/-1 cxcy=84.0,119.6 guide=0.00 atg=-60.0/-60.0/-60.0 pure=12.54/11.33 yaw=0 cmd=0 actual=171 signed=0 rps=0/0:0/0 duty=0/0 pwm=PWM2:0/PWM1:0 motor=2:0/1:0
CrossDiag: type=CROSS_NONE track=0 half_lr=0/0 nearL=0@-1/0@-1 nearNum=1/0 centerNum=1/0 farL=0@-1/0@-1 farNum=0/0 farRaw=0/0 lost=0/0 not_have=0 final=1/0 flags=0/0
LineErr: aim=33 cxcy=84.0,119.6 left=0:0.00@-1,-1 dx=0.0 idx=-1/-1 dist=-1/-1 right=0:0.00@-1,-1 dx=0.0 idx=-1/-1 dist=-1/-1 sel=0:0.00@-1,-1 dx=0.0 idx=-1/-1 dist=-1/-1 edge=0:0.00@-1.0,-1.0 dx=0.0 width=0.0 l=-1,-1 r=-1,-1
ATGSeedDiag: seed=1@54,108/0@-1,-1 begin=7,108 block=5 clip=8
ATGLptDiag: best=-1(-57295.8) imip=-1/-1 pass=00000 acc=-1 ipm=-1.0,-1.0 inv=-1.0,-1.0 | -1(-57295.8) imip=-1/-1 pass=00000 acc=-1 ipm=-1.0,-1.0 inv=-1.0,-1.0
frame=616 line=1 track=0 cross=0 circle=0(CIRCLE_NONE) round=0 yroad=0 ramp=0 road=7 speed=0 near=2/0 raw=8/0 sel=2/12 far=0/0 far_raw=0/0 l=0@-1/0@-1 far_l=0@-1/0@-1 straight=0/0 far_straight=0/0 circle_cnt=0/0/0/0 lost=0/0 conf=0.0/0.0/0.0/0.0 dist=0 begin=0/3267 m0=(84,119) ml=(85,94) md=25/0/25 cxcy=84.0,119.6 guide=-1.15 atg=0.0/0.0/0.0 pure=-0.61/-0.61 yaw=29 cmd=-44 actual=103 signed=0 rps=5061/4939:4364/4486 duty=12/14 pwm=PWM2:12/PWM1:14 motor=2:12/1:14
CrossDiag: type=CROSS_NONE track=0 half_lr=0/0 nearL=0@-1/0@-1 nearNum=2/0 centerNum=2/0 farL=0@-1/0@-1 farNum=0/0 farRaw=0/0 lost=0/0 not_have=0 final=2/12 flags=0/0
LineErr: aim=33 cxcy=84.0,119.6 left=1:-1.54@85,94 dx=1.3 idx=0/1 dist=26/26 right=0:0.00@-1,-1 dx=0.0 idx=-1/-1 dist=-1/-1 sel=1:-1.53@85,94 dx=1.3 idx=0/11 dist=22/22 edge=0:0.00@-1.0,-1.0 dx=0.0 width=0.0 l=70,115 r=-1,-1
ATGSeedDiag: seed=1@52,108/0@-1,-1 begin=7,108 block=5 clip=8
ATGLptDiag: best=-1(-57295.8) imip=-1/-1 pass=00000 acc=-1 ipm=-1.0,-1.0 inv=-1.0,-1.0 | -1(-57295.8) imip=-1/-1 pass=00000 acc=-1 ipm=-1.0,-1.0 inv=-1.0,-1.0
frame=617 line=0 track=0 cross=0 circle=0(CIRCLE_NONE) round=0 yroad=0 ramp=0 road=7 speed=0 near=1/0 raw=2/0 sel=1/0 far=0/0 far_raw=0/0 l=0@-1/0@-1 far_l=0@-1/0@-1 straight=0/0 far_straight=0/0 circle_cnt=0/0/0/0 lost=0/0 conf=0.0/0.0/0.0/0.0 dist=0 begin=0/3267 m0=(-1,-1) ml=(-1,-1) md=-1/0/-1 cxcy=84.0,119.6 guide=0.00 atg=0.0/0.0/0.0 pure=-0.61/-0.61 yaw=0 cmd=0 actual=24 signed=0 rps=0/0:0/0 duty=0/0 pwm=PWM2:0/PWM1:0 motor=2:0/1:0
CrossDiag: type=CROSS_NONE track=0 half_lr=0/0 nearL=0@-1/0@-1 nearNum=1/0 centerNum=1/0 farL=0@-1/0@-1 farNum=0/0 farRaw=0/0 lost=0/0 not_have=0 final=1/0 flags=0/0
LineErr: aim=33 cxcy=84.0,119.6 left=0:0.00@-1,-1 dx=0.0 idx=-1/-1 dist=-1/-1 right=0:0.00@-1,-1 dx=0.0 idx=-1/-1 dist=-1/-1 sel=0:0.00@-1,-1 dx=0.0 idx=-1/-1 dist=-1/-1 edge=0:0.00@-1.0,-1.0 dx=0.0 width=0.0 l=-1,-1 r=-1,-1
ATGSeedDiag: seed=1@50,108/0@-1,-1 begin=7,108 block=5 clip=8
ATGLptDiag: best=-1(-57295.8) imip=-1/-1 pass=00000 acc=-1 ipm=-1.0,-1.0 inv=-1.0,-1.0 | -1(-57295.8) imip=-1/-1 pass=00000 acc=-1 ipm=-1.0,-1.0 inv=-1.0,-1.0
frame=620 line=0 track=0 cross=0 circle=0(CIRCLE_NONE) round=0 yroad=0 ramp=0 road=7 speed=0 near=1/0 raw=170/0 sel=1/0 far=0/0 far_raw=0/0 l=0@-1/0@-1 far_l=0@-1/0@-1 straight=0/0 far_straight=0/0 circle_cnt=0/0/0/0 lost=0/0 conf=0.0/0.0/0.0/0.0 dist=0 begin=0/3267 m0=(-1,-1) ml=(-1,-1) md=-1/0/-1 cxcy=84.0,119.6 guide=0.00 atg=0.0/0.0/0.0 pure=-0.61/-0.61 yaw=0 cmd=0 actual=346 signed=0 rps=0/0:0/0 duty=0/0 pwm=PWM2:0/PWM1:0 motor=2:0/1:0
CrossDiag: type=CROSS_NONE track=0 half_lr=0/0 nearL=0@-1/0@-1 nearNum=1/0 centerNum=1/0 farL=0@-1/0@-1 farNum=0/0 farRaw=0/0 lost=0/0 not_have=0 final=1/0 flags=0/0
LineErr: aim=33 cxcy=84.0,119.6 left=0:0.00@-1,-1 dx=0.0 idx=-1/-1 dist=-1/-1 right=0:0.00@-1,-1 dx=0.0 idx=-1/-1 dist=-1/-1 sel=0:0.00@-1,-1 dx=0.0 idx=-1/-1 dist=-1/-1 edge=0:0.00@-1.0,-1.0 dx=0.0 width=0.0 l=-1,-1 r=-1,-1
ATGSeedDiag: seed=1@45,108/0@-1,-1 begin=7,108 block=5 clip=8
ATGLptDiag: best=-1(-57295.8) imip=-1/-1 pass=00000 acc=-1 ipm=-1.0,-1.0 inv=-1.0,-1.0 | -1(-57295.8) imip=-1/-1 pass=00000 acc=-1 ipm=-1.0,-1.0 inv=-1.0,-1.0
frame=621 line=0 track=0 cross=0 circle=0(CIRCLE_NONE) round=0 yroad=0 ramp=0 road=7 speed=0 near=1/0 raw=2/0 sel=1/0 far=0/0 far_raw=0/0 l=0@-1/0@-1 far_l=0@-1/0@-1 straight=0/0 far_straight=0/0 circle_cnt=0/0/0/0 lost=0/0 conf=0.0/0.0/0.0/0.0 dist=0 begin=0/3267 m0=(-1,-1) ml=(-1,-1) md=-1/0/-1 cxcy=84.0,119.6 guide=0.00 atg=0.0/0.0/0.0 pure=-0.61/-0.61 yaw=0 cmd=0 actual=455 signed=0 rps=0/0:0/0 duty=0/0 pwm=PWM2:0/PWM1:0 motor=2:0/1:0
CrossDiag: type=CROSS_NONE track=0 half_lr=0/0 nearL=0@-1/0@-1 nearNum=1/0 centerNum=1/0 farL=0@-1/0@-1 farNum=0/0 farRaw=0/0 lost=0/0 not_have=0 final=1/0 flags=0/0
LineErr: aim=33 cxcy=84.0,119.6 left=0:0.00@-1,-1 dx=0.0 idx=-1/-1 dist=-1/-1 right=0:0.00@-1,-1 dx=0.0 idx=-1/-1 dist=-1/-1 sel=0:0.00@-1,-1 dx=0.0 idx=-1/-1 dist=-1/-1 edge=0:0.00@-1.0,-1.0 dx=0.0 width=0.0 l=-1,-1 r=-1,-1
ATGSeedDiag: seed=1@43,108/0@-1,-1 begin=7,108 block=5 clip=8
ATGLptDiag: best=-1(-57295.8) imip=-1/-1 pass=00000 acc=-1 ipm=-1.0,-1.0 inv=-1.0,-1.0 | -1(-57295.8) imip=-1/-1 pass=00000 acc=-1 ipm=-1.0,-1.0 inv=-1.0,-1.0
frame=623 line=0 track=0 cross=0 circle=0(CIRCLE_NONE) round=0 yroad=0 ramp=0 road=7 speed=0 near=1/1 raw=2/170 sel=1/0 far=0/0 far_raw=0/0 l=0@-1/0@-1 far_l=0@-1/0@-1 straight=0/0 far_straight=0/0 circle_cnt=0/0/0/0 lost=0/0 conf=0.0/0.0/0.0/0.0 dist=0 begin=0/3267 m0=(-1,-1) ml=(-1,-1) md=-1/0/-1 cxcy=84.0,119.6 guide=0.00 atg=0.0/0.0/0.0 pure=-0.61/-0.61 yaw=0 cmd=0 actual=350 signed=0 rps=0/0:0/0 duty=0/0 pwm=PWM2:0/PWM1:0 motor=2:0/1:0
CrossDiag: type=CROSS_NONE track=0 half_lr=0/0 nearL=0@-1/0@-1 nearNum=1/1 centerNum=1/1 farL=0@-1/0@-1 farNum=0/0 farRaw=0/0 lost=0/0 not_have=0 final=1/0 flags=0/0
LineErr: aim=33 cxcy=84.0,119.6 left=0:0.00@-1,-1 dx=0.0 idx=-1/-1 dist=-1/-1 right=0:0.00@-1,-1 dx=0.0 idx=-1/-1 dist=-1/-1 sel=0:0.00@-1,-1 dx=0.0 idx=-1/-1 dist=-1/-1 edge=0:0.00@-1.0,-1.0 dx=0.0 width=0.0 l=-1,-1 r=-1,-1
ATGSeedDiag: seed=1@39,108/1@153,98 begin=7,108 block=5 clip=8
ATGLptDiag: best=-1(-57295.8) imip=-1/-1 pass=00000 acc=-1 ipm=-1.0,-1.0 inv=-1.0,-1.0 | -1(-57295.8) imip=-1/-1 pass=00000 acc=-1 ipm=-1.0,-1.0 inv=-1.0,-1.0
frame=624 line=0 track=0 cross=0 circle=0(CIRCLE_NONE) round=0 yroad=0 ramp=0 road=7 speed=0 near=1/0 raw=2/0 sel=1/0 far=0/0 far_raw=0/0 l=0@-1/0@-1 far_l=0@-1/0@-1 straight=0/0 far_straight=0/0 circle_cnt=0/0/0/0 lost=0/0 conf=0.0/0.0/0.0/0.0 dist=0 begin=0/3267 m0=(-1,-1) ml=(-1,-1) md=-1/0/-1 cxcy=84.0,119.6 guide=0.00 atg=0.0/0.0/0.0 pure=-0.61/-0.61 yaw=0 cmd=0 actual=204 signed=0 rps=0/0:0/0 duty=0/0 pwm=PWM2:0/PWM1:0 motor=2:0/1:0
CrossDiag: type=CROSS_NONE track=0 half_lr=0/0 nearL=0@-1/0@-1 nearNum=1/0 centerNum=1/0 farL=0@-1/0@-1 farNum=0/0 farRaw=0/0 lost=0/0 not_have=0 final=1/0 flags=0/0
LineErr: aim=33 cxcy=84.0,119.6 left=0:0.00@-1,-1 dx=0.0 idx=-1/-1 dist=-1/-1 right=0:0.00@-1,-1 dx=0.0 idx=-1/-1 dist=-1/-1 sel=0:0.00@-1,-1 dx=0.0 idx=-1/-1 dist=-1/-1 edge=0:0.00@-1.0,-1.0 dx=0.0 width=0.0 l=-1,-1 r=-1,-1
ATGSeedDiag: seed=1@37,108/0@-1,-1 begin=7,108 block=5 clip=8
ATGLptDiag: best=-1(-57295.8) imip=-1/-1 pass=00000 acc=-1 ipm=-1.0,-1.0 inv=-1.0,-1.0 | -1(-57295.8) imip=-1/-1 pass=00000 acc=-1 ipm=-1.0,-1.0 inv=-1.0,-1.0
frame=625 line=1 track=0 cross=0 circle=0(CIRCLE_NONE) round=0 yroad=0 ramp=0 road=7 speed=0 near=2/0 raw=7/0 sel=2/13 far=0/0 far_raw=0/0 l=0@-1/0@-1 far_l=0@-1/0@-1 straight=0/0 far_straight=0/0 circle_cnt=0/0/0/0 lost=0/0 conf=0.0/0.0/0.0/0.0 dist=0 begin=0/3267 m0=(84,119) ml=(75,93) md=26/0/26 cxcy=84.0,119.6 guide=10.30 atg=-33.0/-13.0/-13.0 pure=3.72/3.72 yaw=-618 cmd=-818 actual=215 signed=0 rps=6121/3879:3265/4120 duty=17/10 pwm=PWM2:17/PWM1:10 motor=2:17/1:10
CrossDiag: type=CROSS_NONE track=0 half_lr=0/0 nearL=0@-1/0@-1 nearNum=2/0 centerNum=2/0 farL=0@-1/0@-1 farNum=0/0 farRaw=0/0 lost=0/0 not_have=0 final=2/13 flags=0/0
LineErr: aim=33 cxcy=84.0,119.6 left=1:9.96@75,92 dx=-8.9 idx=0/1 dist=29/29 right=0:0.00@-1,-1 dx=0.0 idx=-1/-1 dist=-1/-1 sel=1:9.82@75,93 dx=-8.6 idx=0/12 dist=24/24 edge=0:0.00@-1.0,-1.0 dx=0.0 width=0.0 l=63,115 r=-1,-1
ATGSeedDiag: seed=1@35,108/0@-1,-1 begin=7,108 block=5 clip=8
ATGLptDiag: best=-1(-57295.8) imip=-1/-1 pass=00000 acc=-1 ipm=-1.0,-1.0 inv=-1.0,-1.0 | -1(-57295.8) imip=-1/-1 pass=00000 acc=-1 ipm=-1.0,-1.0 inv=-1.0,-1.0
frame=626 line=0 track=0 cross=0 circle=0(CIRCLE_NONE) round=0 yroad=0 ramp=0 road=7 speed=0 near=1/0 raw=6/0 sel=1/0 far=0/0 far_raw=0/0 l=0@-1/0@-1 far_l=0@-1/0@-1 straight=0/0 far_straight=0/0 circle_cnt=0/0/0/0 lost=0/0 conf=0.0/0.0/0.0/0.0 dist=0 begin=0/3267 m0=(-1,-1) ml=(-1,-1) md=-1/0/-1 cxcy=84.0,119.6 guide=0.00 atg=-33.0/-13.0/-13.0 pure=3.72/3.72 yaw=0 cmd=0 actual=137 signed=0 rps=0/0:0/0 duty=0/0 pwm=PWM2:0/PWM1:0 motor=2:0/1:0
CrossDiag: type=CROSS_NONE track=0 half_lr=0/0 nearL=0@-1/0@-1 nearNum=1/0 centerNum=1/0 farL=0@-1/0@-1 farNum=0/0 farRaw=0/0 lost=0/0 not_have=0 final=1/0 flags=0/0
LineErr: aim=33 cxcy=84.0,119.6 left=0:0.00@-1,-1 dx=0.0 idx=-1/-1 dist=-1/-1 right=0:0.00@-1,-1 dx=0.0 idx=-1/-1 dist=-1/-1 sel=0:0.00@-1,-1 dx=0.0 idx=-1/-1 dist=-1/-1 edge=0:0.00@-1.0,-1.0 dx=0.0 width=0.0 l=-1,-1 r=-1,-1
ATGSeedDiag: seed=1@33,108/0@-1,-1 begin=7,108 block=5 clip=8
ATGLptDiag: best=-1(-57295.8) imip=-1/-1 pass=00000 acc=-1 ipm=-1.0,-1.0 inv=-1.0,-1.0 | -1(-57295.8) imip=-1/-1 pass=00000 acc=-1 ipm=-1.0,-1.0 inv=-1.0,-1.0
frame=632 line=0 track=0 cross=0 circle=0(CIRCLE_NONE) round=0 yroad=0 ramp=0 road=7 speed=0 near=1/0 raw=170/0 sel=1/0 far=0/0 far_raw=0/0 l=0@-1/0@-1 far_l=0@-1/0@-1 straight=0/0 far_straight=0/0 circle_cnt=0/0/0/0 lost=0/0 conf=0.0/0.0/0.0/0.0 dist=0 begin=0/3267 m0=(-1,-1) ml=(-1,-1) md=-1/0/-1 cxcy=84.0,119.6 guide=0.00 atg=-33.0/-13.0/-13.0 pure=3.72/3.72 yaw=0 cmd=0 actual=198 signed=0 rps=0/0:0/0 duty=0/0 pwm=PWM2:0/PWM1:0 motor=2:0/1:0
CrossDiag: type=CROSS_NONE track=0 half_lr=0/0 nearL=0@-1/0@-1 nearNum=1/0 centerNum=1/0 farL=0@-1/0@-1 farNum=0/0 farRaw=0/0 lost=0/0 not_have=0 final=1/0 flags=0/0
LineErr: aim=33 cxcy=84.0,119.6 left=0:0.00@-1,-1 dx=0.0 idx=-1/-1 dist=-1/-1 right=0:0.00@-1,-1 dx=0.0 idx=-1/-1 dist=-1/-1 sel=0:0.00@-1,-1 dx=0.0 idx=-1/-1 dist=-1/-1 edge=0:0.00@-1.0,-1.0 dx=0.0 width=0.0 l=-1,-1 r=-1,-1
ATGSeedDiag: seed=1@20,108/0@-1,-1 begin=7,108 block=5 clip=8
ATGLptDiag: best=-1(-57295.8) imip=-1/-1 pass=00000 acc=-1 ipm=-1.0,-1.0 inv=-1.0,-1.0 | -1(-57295.8) imip=-1/-1 pass=00000 acc=-1 ipm=-1.0,-1.0 inv=-1.0,-1.0
frame=633 line=0 track=0 cross=0 circle=0(CIRCLE_NONE) round=0 yroad=0 ramp=0 road=7 speed=0 near=1/0 raw=5/0 sel=1/0 far=0/0 far_raw=0/0 l=0@-1/0@-1 far_l=0@-1/0@-1 straight=0/0 far_straight=0/0 circle_cnt=0/0/0/0 lost=0/0 conf=0.0/0.0/0.0/0.0 dist=0 begin=0/3267 m0=(-1,-1) ml=(-1,-1) md=-1/0/-1 cxcy=84.0,119.6 guide=0.00 atg=-33.0/-13.0/-13.0 pure=3.72/3.72 yaw=0 cmd=0 actual=74 signed=0 rps=0/0:0/0 duty=0/0 pwm=PWM2:0/PWM1:0 motor=2:0/1:0
CrossDiag: type=CROSS_NONE track=0 half_lr=0/0 nearL=0@-1/0@-1 nearNum=1/0 centerNum=1/0 farL=0@-1/0@-1 farNum=0/0 farRaw=0/0 lost=0/0 not_have=0 final=1/0 flags=0/0
LineErr: aim=33 cxcy=84.0,119.6 left=0:0.00@-1,-1 dx=0.0 idx=-1/-1 dist=-1/-1 right=0:0.00@-1,-1 dx=0.0 idx=-1/-1 dist=-1/-1 sel=0:0.00@-1,-1 dx=0.0 idx=-1/-1 dist=-1/-1 edge=0:0.00@-1.0,-1.0 dx=0.0 width=0.0 l=-1,-1 r=-1,-1
ATGSeedDiag: seed=1@18,108/0@-1,-1 begin=7,108 block=5 clip=8
ATGLptDiag: best=-1(-57295.8) imip=-1/-1 pass=00000 acc=-1 ipm=-1.0,-1.0 inv=-1.0,-1.0 | -1(-57295.8) imip=-1/-1 pass=00000 acc=-1 ipm=-1.0,-1.0 inv=-1.0,-1.0
frame=634 line=1 track=0 cross=0 circle=0(CIRCLE_NONE) round=0 yroad=0 ramp=0 road=7 speed=0 near=4/0 raw=16/0 sel=4/17 far=0/0 far_raw=0/0 l=0@-1/0@-1 far_l=0@-1/0@-1 straight=0/0 far_straight=0/0 circle_cnt=0/0/0/0 lost=0/0 conf=3.0/0.0/0.0/0.0 dist=0 begin=0/3267 m0=(84,119) ml=(64,91) md=33/1/35 cxcy=84.0,119.6 guide=20.56 atg=-60.0/-60.0/-60.0 pure=7.22/7.22 yaw=-1233 cmd=-1433 actual=78 signed=0 rps=6964/3036:3147/3147 duty=20/8 pwm=PWM2:20/PWM1:8 motor=2:20/1:8
CrossDiag: type=CROSS_NONE track=0 half_lr=0/0 nearL=0@-1/0@-1 nearNum=4/0 centerNum=4/0 farL=0@-1/0@-1 farNum=0/0 farRaw=0/0 lost=0/0 not_have=0 final=4/17 flags=0/0
LineErr: aim=33 cxcy=84.0,119.6 left=1:20.21@65,92 dx=-18.9 idx=0/1 dist=34/38 right=0:0.00@-1,-1 dx=0.0 idx=-1/-1 dist=-1/-1 sel=1:22.57@62,90 dx=-21.9 idx=0/16 dist=32/32 edge=0:0.00@-1.0,-1.0 dx=0.0 width=0.0 l=50,113 r=-1,-1
ATGSeedDiag: seed=1@16,108/0@-1,-1 begin=7,108 block=5 clip=8
ATGLptDiag: best=2(3.0) imip=0/3 pass=10111 acc=-1 ipm=52.4,114.2 inv=8.1,99.4 | -1(-57295.8) imip=-1/-1 pass=00000 acc=-1 ipm=-1.0,-1.0 inv=-1.0,-1.0
frame=635 line=0 track=0 cross=0 circle=0(CIRCLE_NONE) round=0 yroad=0 ramp=0 road=7 speed=0 near=1/0 raw=4/0 sel=1/0 far=0/0 far_raw=0/0 l=0@-1/0@-1 far_l=0@-1/0@-1 straight=0/0 far_straight=0/0 circle_cnt=0/0/0/0 lost=0/0 conf=0.0/0.0/0.0/0.0 dist=0 begin=0/3267 m0=(-1,-1) ml=(-1,-1) md=-1/0/-1 cxcy=84.0,119.6 guide=0.00 atg=-60.0/-60.0/-60.0 pure=7.22/7.22 yaw=0 cmd=0 actual=141 signed=0 rps=0/0:0/0 duty=0/0 pwm=PWM2:0/PWM1:0 motor=2:0/1:0
CrossDiag: type=CROSS_NONE track=0 half_lr=0/0 nearL=0@-1/0@-1 nearNum=1/0 centerNum=1/0 farL=0@-1/0@-1 farNum=0/0 farRaw=0/0 lost=0/0 not_have=0 final=1/0 flags=0/0
LineErr: aim=33 cxcy=84.0,119.6 left=0:0.00@-1,-1 dx=0.0 idx=-1/-1 dist=-1/-1 right=0:0.00@-1,-1 dx=0.0 idx=-1/-1 dist=-1/-1 sel=0:0.00@-1,-1 dx=0.0 idx=-1/-1 dist=-1/-1 edge=0:0.00@-1.0,-1.0 dx=0.0 width=0.0 l=-1,-1 r=-1,-1
ATGSeedDiag: seed=1@14,108/0@-1,-1 begin=7,108 block=5 clip=8
ATGLptDiag: best=-1(-57295.8) imip=-1/-1 pass=00000 acc=-1 ipm=-1.0,-1.0 inv=-1.0,-1.0 | -1(-57295.8) imip=-1/-1 pass=00000 acc=-1 ipm=-1.0,-1.0 inv=-1.0,-1.0
frame=637 line=0 track=0 cross=0 circle=0(CIRCLE_NONE) round=0 yroad=0 ramp=0 road=7 speed=0 near=1/0 raw=170/0 sel=1/0 far=0/0 far_raw=0/0 l=0@-1/0@-1 far_l=0@-1/0@-1 straight=0/0 far_straight=0/0 circle_cnt=0/0/0/0 lost=0/0 conf=0.0/0.0/0.0/0.0 dist=0 begin=0/3267 m0=(-1,-1) ml=(-1,-1) md=-1/0/-1 cxcy=84.0,119.6 guide=0.00 atg=-60.0/-60.0/-60.0 pure=7.22/7.22 yaw=0 cmd=0 actual=118 signed=0 rps=0/0:0/0 duty=0/0 pwm=PWM2:0/PWM1:0 motor=2:0/1:0
CrossDiag: type=CROSS_NONE track=0 half_lr=0/0 nearL=0@-1/0@-1 nearNum=1/0 centerNum=1/0 farL=0@-1/0@-1 farNum=0/0 farRaw=0/0 lost=0/0 not_have=0 final=1/0 flags=0/0
LineErr: aim=33 cxcy=84.0,119.6 left=0:0.00@-1,-1 dx=0.0 idx=-1/-1 dist=-1/-1 right=0:0.00@-1,-1 dx=0.0 idx=-1/-1 dist=-1/-1 sel=0:0.00@-1,-1 dx=0.0 idx=-1/-1 dist=-1/-1 edge=0:0.00@-1.0,-1.0 dx=0.0 width=0.0 l=-1,-1 r=-1,-1
ATGSeedDiag: seed=1@10,108/0@-1,-1 begin=7,108 block=5 clip=8
ATGLptDiag: best=-1(-57295.8) imip=-1/-1 pass=00000 acc=-1 ipm=-1.0,-1.0 inv=-1.0,-1.0 | -1(-57295.8) imip=-1/-1 pass=00000 acc=-1 ipm=-1.0,-1.0 inv=-1.0,-1.0
frame=638 line=0 track=0 cross=0 circle=0(CIRCLE_NONE) round=0 yroad=0 ramp=0 road=7 speed=0 near=1/0 raw=3/0 sel=1/0 far=0/0 far_raw=0/0 l=0@-1/0@-1 far_l=0@-1/0@-1 straight=0/0 far_straight=0/0 circle_cnt=0/0/0/0 lost=0/0 conf=0.0/0.0/0.0/0.0 dist=0 begin=0/3267 m0=(-1,-1) ml=(-1,-1) md=-1/0/-1 cxcy=84.0,119.6 guide=0.00 atg=-60.0/-60.0/-60.0 pure=7.22/7.22 yaw=0 cmd=0 actual=236 signed=0 rps=0/0:0/0 duty=0/0 pwm=PWM2:0/PWM1:0 motor=2:0/1:0
CrossDiag: type=CROSS_NONE track=0 half_lr=0/0 nearL=0@-1/0@-1 nearNum=1/0 centerNum=1/0 farL=0@-1/0@-1 farNum=0/0 farRaw=0/0 lost=0/0 not_have=0 final=1/0 flags=0/0
LineErr: aim=33 cxcy=84.0,119.6 left=0:0.00@-1,-1 dx=0.0 idx=-1/-1 dist=-1/-1 right=0:0.00@-1,-1 dx=0.0 idx=-1/-1 dist=-1/-1 sel=0:0.00@-1,-1 dx=0.0 idx=-1/-1 dist=-1/-1 edge=0:0.00@-1.0,-1.0 dx=0.0 width=0.0 l=-1,-1 r=-1,-1
ATGSeedDiag: seed=1@7,108/0@-1,-1 begin=7,108 block=5 clip=8
ATGLptDiag: best=-1(-57295.8) imip=-1/-1 pass=00000 acc=-1 ipm=-1.0,-1.0 inv=-1.0,-1.0 | -1(-57295.8) imip=-1/-1 pass=00000 acc=-1 ipm=-1.0,-1.0 inv=-1.0,-1.0
frame=639 line=0 track=0 cross=0 circle=0(CIRCLE_NONE) round=0 yroad=0 ramp=0 road=7 speed=0 near=1/0 raw=170/0 sel=1/0 far=0/0 far_raw=0/0 l=0@-1/0@-1 far_l=0@-1/0@-1 straight=0/0 far_straight=0/0 circle_cnt=0/0/0/0 lost=0/0 conf=0.0/0.0/0.0/0.0 dist=0 begin=0/3267 m0=(-1,-1) ml=(-1,-1) md=-1/0/-1 cxcy=84.0,119.6 guide=0.00 atg=-60.0/-60.0/-60.0 pure=7.22/7.22 yaw=0 cmd=0 actual=241 signed=0 rps=0/0:0/0 duty=0/0 pwm=PWM2:0/PWM1:0 motor=2:0/1:0
CrossDiag: type=CROSS_NONE track=0 half_lr=0/0 nearL=0@-1/0@-1 nearNum=1/0 centerNum=1/0 farL=0@-1/0@-1 farNum=0/0 farRaw=0/0 lost=0/0 not_have=0 final=1/0 flags=0/0
LineErr: aim=33 cxcy=84.0,119.6 left=0:0.00@-1,-1 dx=0.0 idx=-1/-1 dist=-1/-1 right=0:0.00@-1,-1 dx=0.0 idx=-1/-1 dist=-1/-1 sel=0:0.00@-1,-1 dx=0.0 idx=-1/-1 dist=-1/-1 edge=0:0.00@-1.0,-1.0 dx=0.0 width=0.0 l=-1,-1 r=-1,-1
ATGSeedDiag: seed=1@5,108/0@-1,-1 begin=7,108 block=5 clip=8
ATGLptDiag: best=-1(-57295.8) imip=-1/-1 pass=00000 acc=-1 ipm=-1.0,-1.0 inv=-1.0,-1.0 | -1(-57295.8) imip=-1/-1 pass=00000 acc=-1 ipm=-1.0,-1.0 inv=-1.0,-1.0
frame=640 line=0 track=0 cross=0 circle=0(CIRCLE_NONE) round=0 yroad=0 ramp=0 road=7 speed=0 near=1/0 raw=2/0 sel=1/0 far=0/0 far_raw=0/0 l=0@-1/0@-1 far_l=0@-1/0@-1 straight=0/0 far_straight=0/0 circle_cnt=0/0/0/0 lost=0/0 conf=0.0/0.0/0.0/0.0 dist=0 begin=0/3267 m0=(-1,-1) ml=(-1,-1) md=-1/0/-1 cxcy=84.0,119.6 guide=0.00 atg=-60.0/-60.0/-60.0 pure=7.22/7.22 yaw=0 cmd=0 actual=79 signed=0 rps=0/0:0/0 duty=0/0 pwm=PWM2:0/PWM1:0 motor=2:0/1:0
CrossDiag: type=CROSS_NONE track=0 half_lr=0/0 nearL=0@-1/0@-1 nearNum=1/0 centerNum=1/0 farL=0@-1/0@-1 farNum=0/0 farRaw=0/0 lost=0/0 not_have=0 final=1/0 flags=0/0
LineErr: aim=33 cxcy=84.0,119.6 left=0:0.00@-1,-1 dx=0.0 idx=-1/-1 dist=-1/-1 right=0:0.00@-1,-1 dx=0.0 idx=-1/-1 dist=-1/-1 sel=0:0.00@-1,-1 dx=0.0 idx=-1/-1 dist=-1/-1 edge=0:0.00@-1.0,-1.0 dx=0.0 width=0.0 l=-1,-1 r=-1,-1
ATGSeedDiag: seed=1@4,108/0@-1,-1 begin=7,108 block=5 clip=8
ATGLptDiag: best=-1(-57295.8) imip=-1/-1 pass=00000 acc=-1 ipm=-1.0,-1.0 inv=-1.0,-1.0 | -1(-57295.8) imip=-1/-1 pass=00000 acc=-1 ipm=-1.0,-1.0 inv=-1.0,-1.0
frame=641 line=0 track=0 cross=0 circle=0(CIRCLE_NONE) round=0 yroad=0 ramp=0 road=7 speed=0 near=0/0 raw=0/0 sel=0/0 far=0/0 far_raw=0/0 l=0@-1/0@-1 far_l=0@-1/0@-1 straight=0/0 far_straight=0/0 circle_cnt=0/0/0/0 lost=0/0 conf=0.0/0.0/0.0/0.0 dist=0 begin=0/3267 m0=(-1,-1) ml=(-1,-1) md=-1/0/-1 cxcy=84.0,119.6 guide=0.00 atg=-60.0/-60.0/-60.0 pure=7.22/7.22 yaw=0 cmd=0 actual=97 signed=0 rps=0/0:0/0 duty=0/0 pwm=PWM2:0/PWM1:0 motor=2:0/1:0
CrossDiag: type=CROSS_NONE track=0 half_lr=0/0 nearL=0@-1/0@-1 nearNum=0/0 centerNum=0/0 farL=0@-1/0@-1 farNum=0/0 farRaw=0/0 lost=0/0 not_have=0 final=0/0 flags=0/0
LineErr: aim=33 cxcy=84.0,119.6 left=0:0.00@-1,-1 dx=0.0 idx=-1/-1 dist=-1/-1 right=0:0.00@-1,-1 dx=0.0 idx=-1/-1 dist=-1/-1 sel=0:0.00@-1,-1 dx=0.0 idx=-1/-1 dist=-1/-1 edge=0:0.00@-1.0,-1.0 dx=0.0 width=0.0 l=-1,-1 r=-1,-1
ATGSeedDiag: seed=0@-1,-1/0@-1,-1 begin=7,108 block=5 clip=8
ATGLptDiag: best=-1(-57295.8) imip=-1/-1 pass=00000 acc=-1 ipm=-1.0,-1.0 inv=-1.0,-1.0 | -1(-57295.8) imip=-1/-1 pass=00000 acc=-1 ipm=-1.0,-1.0 inv=-1.0,-1.0
frame=643 line=0 track=0 cross=0 circle=0(CIRCLE_NONE) round=0 yroad=0 ramp=0 road=7 speed=0 near=1/0 raw=170/0 sel=1/0 far=0/0 far_raw=0/0 l=0@-1/0@-1 far_l=0@-1/0@-1 straight=0/0 far_straight=0/0 circle_cnt=0/0/0/0 lost=0/0 conf=0.0/0.0/0.0/0.0 dist=0 begin=0/3267 m0=(-1,-1) ml=(-1,-1) md=-1/0/-1 cxcy=84.0,119.6 guide=0.00 atg=-60.0/-60.0/-60.0 pure=7.22/7.22 yaw=0 cmd=0 actual=126 signed=0 rps=0/0:0/0 duty=0/0 pwm=PWM2:0/PWM1:0 motor=2:0/1:0
CrossDiag: type=CROSS_NONE track=0 half_lr=0/0 nearL=0@-1/0@-1 nearNum=1/0 centerNum=1/0 farL=0@-1/0@-1 farNum=0/0 farRaw=0/0 lost=0/0 not_have=0 final=1/0 flags=0/0
LineErr: aim=33 cxcy=84.0,119.6 left=0:0.00@-1,-1 dx=0.0 idx=-1/-1 dist=-1/-1 right=0:0.00@-1,-1 dx=0.0 idx=-1/-1 dist=-1/-1 sel=0:0.00@-1,-1 dx=0.0 idx=-1/-1 dist=-1/-1 edge=0:0.00@-1.0,-1.0 dx=0.0 width=0.0 l=-1,-1 r=-1,-1
ATGSeedDiag: seed=1@10,104/0@-1,-1 begin=7,108 block=5 clip=8
ATGLptDiag: best=-1(-57295.8) imip=-1/-1 pass=00000 acc=-1 ipm=-1.0,-1.0 inv=-1.0,-1.0 | -1(-57295.8) imip=-1/-1 pass=00000 acc=-1 ipm=-1.0,-1.0 inv=-1.0,-1.0
frame=644 line=0 track=0 cross=0 circle=0(CIRCLE_NONE) round=0 yroad=0 ramp=0 road=7 speed=0 near=0/0 raw=0/0 sel=0/0 far=0/0 far_raw=0/0 l=0@-1/0@-1 far_l=0@-1/0@-1 straight=0/0 far_straight=0/0 circle_cnt=0/0/0/0 lost=0/0 conf=0.0/0.0/0.0/0.0 dist=0 begin=0/3267 m0=(-1,-1) ml=(-1,-1) md=-1/0/-1 cxcy=84.0,119.6 guide=0.00 atg=-60.0/-60.0/-60.0 pure=7.22/7.22 yaw=0 cmd=0 actual=164 signed=0 rps=0/0:0/0 duty=0/0 pwm=PWM2:0/PWM1:0 motor=2:0/1:0
CrossDiag: type=CROSS_NONE track=0 half_lr=0/0 nearL=0@-1/0@-1 nearNum=0/0 centerNum=0/0 farL=0@-1/0@-1 farNum=0/0 farRaw=0/0 lost=0/0 not_have=0 final=0/0 flags=0/0
LineErr: aim=33 cxcy=84.0,119.6 left=0:0.00@-1,-1 dx=0.0 idx=-1/-1 dist=-1/-1 right=0:0.00@-1,-1 dx=0.0 idx=-1/-1 dist=-1/-1 sel=0:0.00@-1,-1 dx=0.0 idx=-1/-1 dist=-1/-1 edge=0:0.00@-1.0,-1.0 dx=0.0 width=0.0 l=-1,-1 r=-1,-1
ATGSeedDiag: seed=0@-1,-1/0@-1,-1 begin=7,108 block=5 clip=8
ATGLptDiag: best=-1(-57295.8) imip=-1/-1 pass=00000 acc=-1 ipm=-1.0,-1.0 inv=-1.0,-1.0 | -1(-57295.8) imip=-1/-1 pass=00000 acc=-1 ipm=-1.0,-1.0 inv=-1.0,-1.0
frame=650 line=0 track=0 cross=0 circle=0(CIRCLE_NONE) round=0 yroad=0 ramp=0 road=7 speed=0 near=1/0 raw=170/0 sel=1/0 far=0/0 far_raw=0/0 l=0@-1/0@-1 far_l=0@-1/0@-1 straight=0/0 far_straight=0/0 circle_cnt=0/0/0/0 lost=0/0 conf=0.0/0.0/0.0/0.0 dist=0 begin=0/3267 m0=(-1,-1) ml=(-1,-1) md=-1/0/-1 cxcy=84.0,119.6 guide=0.00 atg=-60.0/-60.0/-60.0 pure=7.22/7.22 yaw=0 cmd=0 actual=141 signed=0 rps=0/0:0/0 duty=0/0 pwm=PWM2:0/PWM1:0 motor=2:0/1:0
CrossDiag: type=CROSS_NONE track=0 half_lr=0/0 nearL=0@-1/0@-1 nearNum=1/0 centerNum=1/0 farL=0@-1/0@-1 farNum=0/0 farRaw=0/0 lost=0/0 not_have=0 final=1/0 flags=0/0
LineErr: aim=33 cxcy=84.0,119.6 left=0:0.00@-1,-1 dx=0.0 idx=-1/-1 dist=-1/-1 right=0:0.00@-1,-1 dx=0.0 idx=-1/-1 dist=-1/-1 sel=0:0.00@-1,-1 dx=0.0 idx=-1/-1 dist=-1/-1 edge=0:0.00@-1.0,-1.0 dx=0.0 width=0.0 l=-1,-1 r=-1,-1
ATGSeedDiag: seed=1@12,107/0@-1,-1 begin=7,108 block=5 clip=8
ATGLptDiag: best=-1(-57295.8) imip=-1/-1 pass=00000 acc=-1 ipm=-1.0,-1.0 inv=-1.0,-1.0 | -1(-57295.8) imip=-1/-1 pass=00000 acc=-1 ipm=-1.0,-1.0 inv=-1.0,-1.0
frame=651 line=0 track=0 cross=0 circle=0(CIRCLE_NONE) round=0 yroad=0 ramp=0 road=7 speed=0 near=0/0 raw=0/0 sel=0/0 far=0/0 far_raw=0/0 l=0@-1/0@-1 far_l=0@-1/0@-1 straight=0/0 far_straight=0/0 circle_cnt=0/0/0/0 lost=0/0 conf=0.0/0.0/0.0/0.0 dist=0 begin=0/3267 m0=(-1,-1) ml=(-1,-1) md=-1/0/-1 cxcy=84.0,119.6 guide=0.00 atg=-60.0/-60.0/-60.0 pure=7.22/7.22 yaw=0 cmd=0 actual=101 signed=0 rps=0/0:0/0 duty=0/0 pwm=PWM2:0/PWM1:0 motor=2:0/1:0
CrossDiag: type=CROSS_NONE track=0 half_lr=0/0 nearL=0@-1/0@-1 nearNum=0/0 centerNum=0/0 farL=0@-1/0@-1 farNum=0/0 farRaw=0/0 lost=0/0 not_have=0 final=0/0 flags=0/0
LineErr: aim=33 cxcy=84.0,119.6 left=0:0.00@-1,-1 dx=0.0 idx=-1/-1 dist=-1/-1 right=0:0.00@-1,-1 dx=0.0 idx=-1/-1 dist=-1/-1 sel=0:0.00@-1,-1 dx=0.0 idx=-1/-1 dist=-1/-1 edge=0:0.00@-1.0,-1.0 dx=0.0 width=0.0 l=-1,-1 r=-1,-1
ATGSeedDiag: seed=0@-1,-1/0@-1,-1 begin=7,108 block=5 clip=8
ATGLptDiag: best=-1(-57295.8) imip=-1/-1 pass=00000 acc=-1 ipm=-1.0,-1.0 inv=-1.0,-1.0 | -1(-57295.8) imip=-1/-1 pass=00000 acc=-1 ipm=-1.0,-1.0 inv=-1.0,-1.0
frame=658 line=0 track=0 cross=0 circle=0(CIRCLE_NONE) round=0 yroad=0 ramp=0 road=7 speed=0 near=1/0 raw=170/0 sel=1/0 far=0/0 far_raw=0/0 l=0@-1/0@-1 far_l=0@-1/0@-1 straight=0/0 far_straight=0/0 circle_cnt=0/0/0/0 lost=0/0 conf=0.0/0.0/0.0/0.0 dist=0 begin=0/3267 m0=(-1,-1) ml=(-1,-1) md=-1/0/-1 cxcy=84.0,119.6 guide=0.00 atg=-60.0/-60.0/-60.0 pure=7.22/7.22 yaw=0 cmd=0 actual=238 signed=0 rps=0/0:0/0 duty=0/0 pwm=PWM2:0/PWM1:0 motor=2:0/1:0
CrossDiag: type=CROSS_NONE track=0 half_lr=0/0 nearL=0@-1/0@-1 nearNum=1/0 centerNum=1/0 farL=0@-1/0@-1 farNum=0/0 farRaw=0/0 lost=0/0 not_have=0 final=1/0 flags=0/0
LineErr: aim=33 cxcy=84.0,119.6 left=0:0.00@-1,-1 dx=0.0 idx=-1/-1 dist=-1/-1 right=0:0.00@-1,-1 dx=0.0 idx=-1/-1 dist=-1/-1 sel=0:0.00@-1,-1 dx=0.0 idx=-1/-1 dist=-1/-1 edge=0:0.00@-1.0,-1.0 dx=0.0 width=0.0 l=-1,-1 r=-1,-1
ATGSeedDiag: seed=1@12,101/0@-1,-1 begin=7,108 block=5 clip=8
ATGLptDiag: best=-1(-57295.8) imip=-1/-1 pass=00000 acc=-1 ipm=-1.0,-1.0 inv=-1.0,-1.0 | -1(-57295.8) imip=-1/-1 pass=00000 acc=-1 ipm=-1.0,-1.0 inv=-1.0,-1.0
frame=659 line=0 track=0 cross=0 circle=0(CIRCLE_NONE) round=0 yroad=0 ramp=0 road=7 speed=0 near=0/0 raw=0/0 sel=0/0 far=0/0 far_raw=0/0 l=0@-1/0@-1 far_l=0@-1/0@-1 straight=0/0 far_straight=0/0 circle_cnt=0/0/0/0 lost=0/0 conf=0.0/0.0/0.0/0.0 dist=0 begin=0/3267 m0=(-1,-1) ml=(-1,-1) md=-1/0/-1 cxcy=84.0,119.6 guide=0.00 atg=-60.0/-60.0/-60.0 pure=7.22/7.22 yaw=0 cmd=0 actual=222 signed=0 rps=0/0:0/0 duty=0/0 pwm=PWM2:0/PWM1:0 motor=2:0/1:0
CrossDiag: type=CROSS_NONE track=0 half_lr=0/0 nearL=0@-1/0@-1 nearNum=0/0 centerNum=0/0 farL=0@-1/0@-1 farNum=0/0 farRaw=0/0 lost=0/0 not_have=0 final=0/0 flags=0/0
LineErr: aim=33 cxcy=84.0,119.6 left=0:0.00@-1,-1 dx=0.0 idx=-1/-1 dist=-1/-1 right=0:0.00@-1,-1 dx=0.0 idx=-1/-1 dist=-1/-1 sel=0:0.00@-1,-1 dx=0.0 idx=-1/-1 dist=-1/-1 edge=0:0.00@-1.0,-1.0 dx=0.0 width=0.0 l=-1,-1 r=-1,-1
ATGSeedDiag: seed=0@-1,-1/0@-1,-1 begin=7,108 block=5 clip=8
ATGLptDiag: best=-1(-57295.8) imip=-1/-1 pass=00000 acc=-1 ipm=-1.0,-1.0 inv=-1.0,-1.0 | -1(-57295.8) imip=-1/-1 pass=00000 acc=-1 ipm=-1.0,-1.0 inv=-1.0,-1.0
frame=664 line=0 track=0 cross=0 circle=0(CIRCLE_NONE) round=0 yroad=0 ramp=0 road=7 speed=0 near=1/0 raw=170/0 sel=1/0 far=0/0 far_raw=0/0 l=0@-1/0@-1 far_l=0@-1/0@-1 straight=0/0 far_straight=0/0 circle_cnt=0/0/0/0 lost=0/0 conf=0.0/0.0/0.0/0.0 dist=0 begin=0/3267 m0=(-1,-1) ml=(-1,-1) md=-1/0/-1 cxcy=84.0,119.6 guide=0.00 atg=-60.0/-60.0/-60.0 pure=7.22/7.22 yaw=0 cmd=0 actual=266 signed=0 rps=0/0:0/0 duty=0/0 pwm=PWM2:0/PWM1:0 motor=2:0/1:0
CrossDiag: type=CROSS_NONE track=0 half_lr=0/0 nearL=0@-1/0@-1 nearNum=1/0 centerNum=1/0 farL=0@-1/0@-1 farNum=0/0 farRaw=0/0 lost=0/0 not_have=0 final=1/0 flags=0/0
LineErr: aim=33 cxcy=84.0,119.6 left=0:0.00@-1,-1 dx=0.0 idx=-1/-1 dist=-1/-1 right=0:0.00@-1,-1 dx=0.0 idx=-1/-1 dist=-1/-1 sel=0:0.00@-1,-1 dx=0.0 idx=-1/-1 dist=-1/-1 edge=0:0.00@-1.0,-1.0 dx=0.0 width=0.0 l=-1,-1 r=-1,-1
ATGSeedDiag: seed=1@12,97/0@-1,-1 begin=7,108 block=5 clip=8
ATGLptDiag: best=-1(-57295.8) imip=-1/-1 pass=00000 acc=-1 ipm=-1.0,-1.0 inv=-1.0,-1.0 | -1(-57295.8) imip=-1/-1 pass=00000 acc=-1 ipm=-1.0,-1.0 inv=-1.0,-1.0
frame=665 line=0 track=0 cross=0 circle=0(CIRCLE_NONE) round=0 yroad=0 ramp=0 road=7 speed=0 near=0/0 raw=0/0 sel=0/0 far=0/0 far_raw=0/0 l=0@-1/0@-1 far_l=0@-1/0@-1 straight=0/0 far_straight=0/0 circle_cnt=0/0/0/0 lost=0/0 conf=0.0/0.0/0.0/0.0 dist=0 begin=0/3267 m0=(-1,-1) ml=(-1,-1) md=-1/0/-1 cxcy=84.0,119.6 guide=0.00 atg=-60.0/-60.0/-60.0 pure=7.22/7.22 yaw=0 cmd=0 actual=169 signed=0 rps=0/0:0/0 duty=0/0 pwm=PWM2:0/PWM1:0 motor=2:0/1:0
CrossDiag: type=CROSS_NONE track=0 half_lr=0/0 nearL=0@-1/0@-1 nearNum=0/0 centerNum=0/0 farL=0@-1/0@-1 farNum=0/0 farRaw=0/0 lost=0/0 not_have=0 final=0/0 flags=0/0
LineErr: aim=33 cxcy=84.0,119.6 left=0:0.00@-1,-1 dx=0.0 idx=-1/-1 dist=-1/-1 right=0:0.00@-1,-1 dx=0.0 idx=-1/-1 dist=-1/-1 sel=0:0.00@-1,-1 dx=0.0 idx=-1/-1 dist=-1/-1 edge=0:0.00@-1.0,-1.0 dx=0.0 width=0.0 l=-1,-1 r=-1,-1
ATGSeedDiag: seed=0@-1,-1/0@-1,-1 begin=7,108 block=5 clip=8
ATGLptDiag: best=-1(-57295.8) imip=-1/-1 pass=00000 acc=-1 ipm=-1.0,-1.0 inv=-1.0,-1.0 | -1(-57295.8) imip=-1/-1 pass=00000 acc=-1 ipm=-1.0,-1.0 inv=-1.0,-1.0
frame=675 line=0 track=0 cross=0 circle=0(CIRCLE_NONE) round=0 yroad=0 ramp=0 road=7 speed=0 near=1/0 raw=170/0 sel=1/0 far=0/0 far_raw=0/0 l=0@-1/0@-1 far_l=0@-1/0@-1 straight=0/0 far_straight=0/0 circle_cnt=0/0/0/0 lost=0/0 conf=0.0/0.0/0.0/0.0 dist=0 begin=0/3267 m0=(-1,-1) ml=(-1,-1) md=-1/0/-1 cxcy=84.0,119.6 guide=0.00 atg=-60.0/-60.0/-60.0 pure=7.22/7.22 yaw=0 cmd=0 actual=-8 signed=0 rps=0/0:0/0 duty=0/0 pwm=PWM2:0/PWM1:0 motor=2:0/1:0
CrossDiag: type=CROSS_NONE track=0 half_lr=0/0 nearL=0@-1/0@-1 nearNum=1/0 centerNum=1/0 farL=0@-1/0@-1 farNum=0/0 farRaw=0/0 lost=0/0 not_have=0 final=1/0 flags=0/0
LineErr: aim=33 cxcy=84.0,119.6 left=0:0.00@-1,-1 dx=0.0 idx=-1/-1 dist=-1/-1 right=0:0.00@-1,-1 dx=0.0 idx=-1/-1 dist=-1/-1 sel=0:0.00@-1,-1 dx=0.0 idx=-1/-1 dist=-1/-1 edge=0:0.00@-1.0,-1.0 dx=0.0 width=0.0 l=-1,-1 r=-1,-1
ATGSeedDiag: seed=1@66,85/0@-1,-1 begin=7,108 block=5 clip=8
ATGLptDiag: best=-1(-57295.8) imip=-1/-1 pass=00000 acc=-1 ipm=-1.0,-1.0 inv=-1.0,-1.0 | -1(-57295.8) imip=-1/-1 pass=00000 acc=-1 ipm=-1.0,-1.0 inv=-1.0,-1.0
frame=676 line=0 track=0 cross=0 circle=0(CIRCLE_NONE) round=0 yroad=0 ramp=0 road=7 speed=0 near=0/0 raw=0/0 sel=0/0 far=0/0 far_raw=0/0 l=0@-1/0@-1 far_l=0@-1/0@-1 straight=0/0 far_straight=0/0 circle_cnt=0/0/0/0 lost=0/0 conf=0.0/0.0/0.0/0.0 dist=0 begin=0/3267 m0=(-1,-1) ml=(-1,-1) md=-1/0/-1 cxcy=84.0,119.6 guide=0.00 atg=-60.0/-60.0/-60.0 pure=7.22/7.22 yaw=0 cmd=0 actual=-24 signed=0 rps=0/0:0/0 duty=0/0 pwm=PWM2:0/PWM1:0 motor=2:0/1:0
CrossDiag: type=CROSS_NONE track=0 half_lr=0/0 nearL=0@-1/0@-1 nearNum=0/0 centerNum=0/0 farL=0@-1/0@-1 farNum=0/0 farRaw=0/0 lost=0/0 not_have=0 final=0/0 flags=0/0
LineErr: aim=33 cxcy=84.0,119.6 left=0:0.00@-1,-1 dx=0.0 idx=-1/-1 dist=-1/-1 right=0:0.00@-1,-1 dx=0.0 idx=-1/-1 dist=-1/-1 sel=0:0.00@-1,-1 dx=0.0 idx=-1/-1 dist=-1/-1 edge=0:0.00@-1.0,-1.0 dx=0.0 width=0.0 l=-1,-1 r=-1,-1
ATGSeedDiag: seed=0@-1,-1/0@-1,-1 begin=7,108 block=5 clip=8
ATGLptDiag: best=-1(-57295.8) imip=-1/-1 pass=00000 acc=-1 ipm=-1.0,-1.0 inv=-1.0,-1.0 | -1(-57295.8) imip=-1/-1 pass=00000 acc=-1 ipm=-1.0,-1.0 inv=-1.0,-1.0
frame=677 line=0 track=0 cross=0 circle=0(CIRCLE_NONE) round=0 yroad=0 ramp=0 road=7 speed=0 near=1/0 raw=170/0 sel=1/0 far=0/0 far_raw=0/0 l=0@-1/0@-1 far_l=0@-1/0@-1 straight=0/0 far_straight=0/0 circle_cnt=0/0/0/0 lost=0/0 conf=0.0/0.0/0.0/0.0 dist=0 begin=0/3267 m0=(-1,-1) ml=(-1,-1) md=-1/0/-1 cxcy=84.0,119.6 guide=0.00 atg=-60.0/-60.0/-60.0 pure=7.22/7.22 yaw=0 cmd=0 actual=-5 signed=0 rps=0/0:0/0 duty=0/0 pwm=PWM2:0/PWM1:0 motor=2:0/1:0
CrossDiag: type=CROSS_NONE track=0 half_lr=0/0 nearL=0@-1/0@-1 nearNum=1/0 centerNum=1/0 farL=0@-1/0@-1 farNum=0/0 farRaw=0/0 lost=0/0 not_have=0 final=1/0 flags=0/0
LineErr: aim=33 cxcy=84.0,119.6 left=0:0.00@-1,-1 dx=0.0 idx=-1/-1 dist=-1/-1 right=0:0.00@-1,-1 dx=0.0 idx=-1/-1 dist=-1/-1 sel=0:0.00@-1,-1 dx=0.0 idx=-1/-1 dist=-1/-1 edge=0:0.00@-1.0,-1.0 dx=0.0 width=0.0 l=-1,-1 r=-1,-1
ATGSeedDiag: seed=1@65,86/0@-1,-1 begin=7,108 block=5 clip=8
ATGLptDiag: best=-1(-57295.8) imip=-1/-1 pass=00000 acc=-1 ipm=-1.0,-1.0 inv=-1.0,-1.0 | -1(-57295.8) imip=-1/-1 pass=00000 acc=-1 ipm=-1.0,-1.0 inv=-1.0,-1.0
frame=680 line=0 track=0 cross=0 circle=0(CIRCLE_NONE) round=0 yroad=0 ramp=0 road=7 speed=0 near=1/0 raw=170/0 sel=1/0 far=0/0 far_raw=0/0 l=0@-1/0@-1 far_l=0@-1/0@-1 straight=0/0 far_straight=0/0 circle_cnt=0/0/0/0 lost=0/0 conf=0.0/0.0/0.0/0.0 dist=0 begin=0/3267 m0=(-1,-1) ml=(-1,-1) md=-1/0/-1 cxcy=84.0,119.6 guide=0.00 atg=-60.0/-60.0/-60.0 pure=7.22/7.22 yaw=0 cmd=0 actual=252 signed=0 rps=0/0:0/0 duty=0/0 pwm=PWM2:0/PWM1:0 motor=2:0/1:0
CrossDiag: type=CROSS_NONE track=0 half_lr=0/0 nearL=0@-1/0@-1 nearNum=1/0 centerNum=1/0 farL=0@-1/0@-1 farNum=0/0 farRaw=0/0 lost=0/0 not_have=0 final=1/0 flags=0/0
LineErr: aim=33 cxcy=84.0,119.6 left=0:0.00@-1,-1 dx=0.0 idx=-1/-1 dist=-1/-1 right=0:0.00@-1,-1 dx=0.0 idx=-1/-1 dist=-1/-1 sel=0:0.00@-1,-1 dx=0.0 idx=-1/-1 dist=-1/-1 edge=0:0.00@-1.0,-1.0 dx=0.0 width=0.0 l=-1,-1 r=-1,-1
ATGSeedDiag: seed=1@65,91/0@-1,-1 begin=7,108 block=5 clip=8
ATGLptDiag: best=-1(-57295.8) imip=-1/-1 pass=00000 acc=-1 ipm=-1.0,-1.0 inv=-1.0,-1.0 | -1(-57295.8) imip=-1/-1 pass=00000 acc=-1 ipm=-1.0,-1.0 inv=-1.0,-1.0
frame=683 line=0 track=0 cross=0 circle=0(CIRCLE_NONE) round=0 yroad=0 ramp=0 road=7 speed=0 near=1/0 raw=170/0 sel=1/0 far=0/0 far_raw=0/0 l=0@-1/0@-1 far_l=0@-1/0@-1 straight=0/0 far_straight=0/0 circle_cnt=0/0/0/0 lost=0/0 conf=0.0/0.0/0.0/0.0 dist=0 begin=0/3267 m0=(-1,-1) ml=(-1,-1) md=-1/0/-1 cxcy=84.0,119.6 guide=0.00 atg=-60.0/-60.0/-60.0 pure=7.22/7.22 yaw=0 cmd=0 actual=82 signed=0 rps=0/0:0/0 duty=0/0 pwm=PWM2:0/PWM1:0 motor=2:0/1:0
CrossDiag: type=CROSS_NONE track=0 half_lr=0/0 nearL=0@-1/0@-1 nearNum=1/0 centerNum=1/0 farL=0@-1/0@-1 farNum=0/0 farRaw=0/0 lost=0/0 not_have=0 final=1/0 flags=0/0
LineErr: aim=33 cxcy=84.0,119.6 left=0:0.00@-1,-1 dx=0.0 idx=-1/-1 dist=-1/-1 right=0:0.00@-1,-1 dx=0.0 idx=-1/-1 dist=-1/-1 sel=0:0.00@-1,-1 dx=0.0 idx=-1/-1 dist=-1/-1 edge=0:0.00@-1.0,-1.0 dx=0.0 width=0.0 l=-1,-1 r=-1,-1
ATGSeedDiag: seed=1@65,93/0@-1,-1 begin=7,108 block=5 clip=8
ATGLptDiag: best=-1(-57295.8) imip=-1/-1 pass=00000 acc=-1 ipm=-1.0,-1.0 inv=-1.0,-1.0 | -1(-57295.8) imip=-1/-1 pass=00000 acc=-1 ipm=-1.0,-1.0 inv=-1.0,-1.0
frame=684 line=0 track=0 cross=0 circle=0(CIRCLE_NONE) round=0 yroad=0 ramp=0 road=7 speed=0 near=1/0 raw=170/0 sel=1/0 far=0/0 far_raw=0/0 l=0@-1/0@-1 far_l=0@-1/0@-1 straight=0/0 far_straight=0/0 circle_cnt=0/0/0/0 lost=0/0 conf=0.0/0.0/0.0/0.0 dist=0 begin=0/3267 m0=(-1,-1) ml=(-1,-1) md=-1/0/-1 cxcy=84.0,119.6 guide=0.00 atg=-60.0/-60.0/-60.0 pure=7.22/7.22 yaw=0 cmd=0 actual=-19 signed=0 rps=0/0:0/0 duty=0/0 pwm=PWM2:0/PWM1:0 motor=2:0/1:0
CrossDiag: type=CROSS_NONE track=0 half_lr=0/0 nearL=0@-1/0@-1 nearNum=1/0 centerNum=1/0 farL=0@-1/0@-1 farNum=0/0 farRaw=0/0 lost=0/0 not_have=0 final=1/0 flags=0/0
LineErr: aim=33 cxcy=84.0,119.6 left=0:0.00@-1,-1 dx=0.0 idx=-1/-1 dist=-1/-1 right=0:0.00@-1,-1 dx=0.0 idx=-1/-1 dist=-1/-1 sel=0:0.00@-1,-1 dx=0.0 idx=-1/-1 dist=-1/-1 edge=0:0.00@-1.0,-1.0 dx=0.0 width=0.0 l=-1,-1 r=-1,-1
ATGSeedDiag: seed=1@65,90/0@-1,-1 begin=7,108 block=5 clip=8
ATGLptDiag: best=-1(-57295.8) imip=-1/-1 pass=00000 acc=-1 ipm=-1.0,-1.0 inv=-1.0,-1.0 | -1(-57295.8) imip=-1/-1 pass=00000 acc=-1 ipm=-1.0,-1.0 inv=-1.0,-1.0
frame=686 line=0 track=0 cross=0 circle=0(CIRCLE_NONE) round=0 yroad=0 ramp=0 road=7 speed=0 near=1/0 raw=170/0 sel=1/0 far=0/0 far_raw=0/0 l=0@-1/0@-1 far_l=0@-1/0@-1 straight=0/0 far_straight=0/0 circle_cnt=0/0/0/0 lost=0/0 conf=0.0/0.0/0.0/0.0 dist=0 begin=0/3267 m0=(-1,-1) ml=(-1,-1) md=-1/0/-1 cxcy=84.0,119.6 guide=0.00 atg=-60.0/-60.0/-60.0 pure=7.22/7.22 yaw=0 cmd=0 actual=-33 signed=0 rps=0/0:0/0 duty=0/0 pwm=PWM2:0/PWM1:0 motor=2:0/1:0
CrossDiag: type=CROSS_NONE track=0 half_lr=0/0 nearL=0@-1/0@-1 nearNum=1/0 centerNum=1/0 farL=0@-1/0@-1 farNum=0/0 farRaw=0/0 lost=0/0 not_have=0 final=1/0 flags=0/0
LineErr: aim=33 cxcy=84.0,119.6 left=0:0.00@-1,-1 dx=0.0 idx=-1/-1 dist=-1/-1 right=0:0.00@-1,-1 dx=0.0 idx=-1/-1 dist=-1/-1 sel=0:0.00@-1,-1 dx=0.0 idx=-1/-1 dist=-1/-1 edge=0:0.00@-1.0,-1.0 dx=0.0 width=0.0 l=-1,-1 r=-1,-1
ATGSeedDiag: seed=1@65,92/0@-1,-1 begin=7,108 block=5 clip=8
ATGLptDiag: best=-1(-57295.8) imip=-1/-1 pass=00000 acc=-1 ipm=-1.0,-1.0 inv=-1.0,-1.0 | -1(-57295.8) imip=-1/-1 pass=00000 acc=-1 ipm=-1.0,-1.0 inv=-1.0,-1.0
frame=688 line=0 track=0 cross=0 circle=0(CIRCLE_NONE) round=0 yroad=0 ramp=0 road=7 speed=0 near=1/0 raw=170/0 sel=1/0 far=0/0 far_raw=0/0 l=0@-1/0@-1 far_l=0@-1/0@-1 straight=0/0 far_straight=0/0 circle_cnt=0/0/0/0 lost=0/0 conf=0.0/0.0/0.0/0.0 dist=0 begin=0/3267 m0=(-1,-1) ml=(-1,-1) md=-1/0/-1 cxcy=84.0,119.6 guide=0.00 atg=-60.0/-60.0/-60.0 pure=7.22/7.22 yaw=0 cmd=0 actual=36 signed=0 rps=0/0:0/0 duty=0/0 pwm=PWM2:0/PWM1:0 motor=2:0/1:0
CrossDiag: type=CROSS_NONE track=0 half_lr=0/0 nearL=0@-1/0@-1 nearNum=1/0 centerNum=1/0 farL=0@-1/0@-1 farNum=0/0 farRaw=0/0 lost=0/0 not_have=0 final=1/0 flags=0/0
LineErr: aim=33 cxcy=84.0,119.6 left=0:0.00@-1,-1 dx=0.0 idx=-1/-1 dist=-1/-1 right=0:0.00@-1,-1 dx=0.0 idx=-1/-1 dist=-1/-1 sel=0:0.00@-1,-1 dx=0.0 idx=-1/-1 dist=-1/-1 edge=0:0.00@-1.0,-1.0 dx=0.0 width=0.0 l=-1,-1 r=-1,-1
ATGSeedDiag: seed=1@64,96/0@-1,-1 begin=7,108 block=5 clip=8
ATGLptDiag: best=-1(-57295.8) imip=-1/-1 pass=00000 acc=-1 ipm=-1.0,-1.0 inv=-1.0,-1.0 | -1(-57295.8) imip=-1/-1 pass=00000 acc=-1 ipm=-1.0,-1.0 inv=-1.0,-1.0
frame=689 line=0 track=0 cross=0 circle=0(CIRCLE_NONE) round=0 yroad=0 ramp=0 road=7 speed=0 near=1/0 raw=170/0 sel=1/0 far=0/0 far_raw=0/0 l=0@-1/0@-1 far_l=0@-1/0@-1 straight=0/0 far_straight=0/0 circle_cnt=0/0/0/0 lost=0/0 conf=0.0/0.0/0.0/0.0 dist=0 begin=0/3267 m0=(-1,-1) ml=(-1,-1) md=-1/0/-1 cxcy=84.0,119.6 guide=0.00 atg=-60.0/-60.0/-60.0 pure=7.22/7.22 yaw=0 cmd=0 actual=56 signed=0 rps=0/0:0/0 duty=0/0 pwm=PWM2:0/PWM1:0 motor=2:0/1:0
CrossDiag: type=CROSS_NONE track=0 half_lr=0/0 nearL=0@-1/0@-1 nearNum=1/0 centerNum=1/0 farL=0@-1/0@-1 farNum=0/0 farRaw=0/0 lost=0/0 not_have=0 final=1/0 flags=0/0
LineErr: aim=33 cxcy=84.0,119.6 left=0:0.00@-1,-1 dx=0.0 idx=-1/-1 dist=-1/-1 right=0:0.00@-1,-1 dx=0.0 idx=-1/-1 dist=-1/-1 sel=0:0.00@-1,-1 dx=0.0 idx=-1/-1 dist=-1/-1 edge=0:0.00@-1.0,-1.0 dx=0.0 width=0.0 l=-1,-1 r=-1,-1
ATGSeedDiag: seed=1@65,94/0@-1,-1 begin=7,108 block=5 clip=8
ATGLptDiag: best=-1(-57295.8) imip=-1/-1 pass=00000 acc=-1 ipm=-1.0,-1.0 inv=-1.0,-1.0 | -1(-57295.8) imip=-1/-1 pass=00000 acc=-1 ipm=-1.0,-1.0 inv=-1.0,-1.0
frame=691 line=1 track=0 cross=0 circle=0(CIRCLE_NONE) round=0 yroad=0 ramp=0 road=7 speed=0 near=3/0 raw=12/0 sel=3/24 far=0/0 far_raw=0/0 l=0@-1/0@-1 far_l=0@-1/0@-1 straight=0/0 far_straight=0/0 circle_cnt=0/0/0/0 lost=0/0 conf=0.0/0.0/0.0/0.0 dist=0 begin=0/3267 m0=(84,119) ml=(60,95) md=33/1/52 cxcy=84.0,119.6 guide=26.75 atg=-60.0/-60.0/-60.0 pure=8.01/8.01 yaw=-1605 cmd=-1805 actual=0 signed=0 rps=7474/2526:1302/1411 duty=25/8 pwm=PWM2:25/PWM1:8 motor=2:25/1:8
CrossDiag: type=CROSS_NONE track=0 half_lr=0/0 nearL=0@-1/0@-1 nearNum=3/0 centerNum=3/0 farL=0@-1/0@-1 farNum=0/0 farRaw=0/0 lost=0/0 not_have=0 final=3/24 flags=0/0
LineErr: aim=33 cxcy=84.0,119.6 left=1:30.86@48,83 dx=-35.9 idx=0/1 dist=51/53 right=0:0.00@-1,-1 dx=0.0 idx=-1/-1 dist=-1/-1 sel=1:27.48@58,93 dx=-25.9 idx=0/16 dist=32/46 edge=0:0.00@-1.0,-1.0 dx=0.0 width=0.0 l=46,109 r=-1,-1
ATGSeedDiag: seed=1@14,87/0@-1,-1 begin=7,108 block=5 clip=8
ATGLptDiag: best=1(0.0) imip=0/2 pass=10111 acc=-1 ipm=47.9,108.8 inv=7.9,85.0 | -1(-57295.8) imip=-1/-1 pass=00000 acc=-1 ipm=-1.0,-1.0 inv=-1.0,-1.0
frame=692 line=0 track=0 cross=0 circle=0(CIRCLE_NONE) round=0 yroad=0 ramp=0 road=7 speed=0 near=1/0 raw=170/0 sel=1/0 far=0/0 far_raw=0/0 l=0@-1/0@-1 far_l=0@-1/0@-1 straight=0/0 far_straight=0/0 circle_cnt=0/0/0/0 lost=0/0 conf=0.0/0.0/0.0/0.0 dist=0 begin=0/3267 m0=(-1,-1) ml=(-1,-1) md=-1/0/-1 cxcy=84.0,119.6 guide=0.00 atg=-60.0/-60.0/-60.0 pure=8.01/8.01 yaw=0 cmd=0 actual=40 signed=0 rps=0/0:0/0 duty=0/0 pwm=PWM2:0/PWM1:0 motor=2:0/1:0
CrossDiag: type=CROSS_NONE track=0 half_lr=0/0 nearL=0@-1/0@-1 nearNum=1/0 centerNum=1/0 farL=0@-1/0@-1 farNum=0/0 farRaw=0/0 lost=0/0 not_have=0 final=1/0 flags=0/0
LineErr: aim=33 cxcy=84.0,119.6 left=0:0.00@-1,-1 dx=0.0 idx=-1/-1 dist=-1/-1 right=0:0.00@-1,-1 dx=0.0 idx=-1/-1 dist=-1/-1 sel=0:0.00@-1,-1 dx=0.0 idx=-1/-1 dist=-1/-1 edge=0:0.00@-1.0,-1.0 dx=0.0 width=0.0 l=-1,-1 r=-1,-1
ATGSeedDiag: seed=1@63,98/0@-1,-1 begin=7,108 block=5 clip=8
ATGLptDiag: best=-1(-57295.8) imip=-1/-1 pass=00000 acc=-1 ipm=-1.0,-1.0 inv=-1.0,-1.0 | -1(-57295.8) imip=-1/-1 pass=00000 acc=-1 ipm=-1.0,-1.0 inv=-1.0,-1.0
frame=695 line=0 track=0 cross=0 circle=0(CIRCLE_NONE) round=0 yroad=0 ramp=0 road=7 speed=0 near=1/0 raw=170/0 sel=1/0 far=0/0 far_raw=0/0 l=0@-1/0@-1 far_l=0@-1/0@-1 straight=0/0 far_straight=0/0 circle_cnt=0/0/0/0 lost=0/0 conf=0.0/0.0/0.0/0.0 dist=0 begin=0/3267 m0=(-1,-1) ml=(-1,-1) md=-1/0/-1 cxcy=84.0,119.6 guide=0.00 atg=-60.0/-60.0/-60.0 pure=8.01/8.01 yaw=0 cmd=0 actual=31 signed=0 rps=0/0:0/0 duty=0/0 pwm=PWM2:0/PWM1:0 motor=2:0/1:0
CrossDiag: type=CROSS_NONE track=0 half_lr=0/0 nearL=0@-1/0@-1 nearNum=1/0 centerNum=1/0 farL=0@-1/0@-1 farNum=0/0 farRaw=0/0 lost=0/0 not_have=0 final=1/0 flags=0/0
LineErr: aim=33 cxcy=84.0,119.6 left=0:0.00@-1,-1 dx=0.0 idx=-1/-1 dist=-1/-1 right=0:0.00@-1,-1 dx=0.0 idx=-1/-1 dist=-1/-1 sel=0:0.00@-1,-1 dx=0.0 idx=-1/-1 dist=-1/-1 edge=0:0.00@-1.0,-1.0 dx=0.0 width=0.0 l=-1,-1 r=-1,-1
ATGSeedDiag: seed=1@63,100/0@-1,-1 begin=7,108 block=5 clip=8
ATGLptDiag: best=-1(-57295.8) imip=-1/-1 pass=00000 acc=-1 ipm=-1.0,-1.0 inv=-1.0,-1.0 | -1(-57295.8) imip=-1/-1 pass=00000 acc=-1 ipm=-1.0,-1.0 inv=-1.0,-1.0
frame=696 line=0 track=0 cross=0 circle=0(CIRCLE_NONE) round=0 yroad=0 ramp=0 road=7 speed=0 near=1/0 raw=170/0 sel=1/0 far=0/0 far_raw=0/0 l=0@-1/0@-1 far_l=0@-1/0@-1 straight=0/0 far_straight=0/0 circle_cnt=0/0/0/0 lost=0/0 conf=0.0/0.0/0.0/0.0 dist=0 begin=0/3267 m0=(-1,-1) ml=(-1,-1) md=-1/0/-1 cxcy=84.0,119.6 guide=0.00 atg=-60.0/-60.0/-60.0 pure=8.01/8.01 yaw=0 cmd=0 actual=42 signed=0 rps=0/0:0/0 duty=0/0 pwm=PWM2:0/PWM1:0 motor=2:0/1:0
CrossDiag: type=CROSS_NONE track=0 half_lr=0/0 nearL=0@-1/0@-1 nearNum=1/0 centerNum=1/0 farL=0@-1/0@-1 farNum=0/0 farRaw=0/0 lost=0/0 not_have=0 final=1/0 flags=0/0
LineErr: aim=33 cxcy=84.0,119.6 left=0:0.00@-1,-1 dx=0.0 idx=-1/-1 dist=-1/-1 right=0:0.00@-1,-1 dx=0.0 idx=-1/-1 dist=-1/-1 sel=0:0.00@-1,-1 dx=0.0 idx=-1/-1 dist=-1/-1 edge=0:0.00@-1.0,-1.0 dx=0.0 width=0.0 l=-1,-1 r=-1,-1
ATGSeedDiag: seed=1@64,98/0@-1,-1 begin=7,108 block=5 clip=8
ATGLptDiag: best=-1(-57295.8) imip=-1/-1 pass=00000 acc=-1 ipm=-1.0,-1.0 inv=-1.0,-1.0 | -1(-57295.8) imip=-1/-1 pass=00000 acc=-1 ipm=-1.0,-1.0 inv=-1.0,-1.0
frame=697 line=0 track=0 cross=0 circle=0(CIRCLE_NONE) round=0 yroad=0 ramp=0 road=7 speed=0 near=1/0 raw=170/0 sel=1/0 far=0/0 far_raw=0/0 l=0@-1/0@-1 far_l=0@-1/0@-1 straight=0/0 far_straight=0/0 circle_cnt=0/0/0/0 lost=0/0 conf=0.0/0.0/0.0/0.0 dist=0 begin=0/3267 m0=(-1,-1) ml=(-1,-1) md=-1/0/-1 cxcy=84.0,119.6 guide=0.00 atg=-60.0/-60.0/-60.0 pure=8.01/8.01 yaw=0 cmd=0 actual=-14 signed=0 rps=0/0:0/0 duty=0/0 pwm=PWM2:0/PWM1:0 motor=2:0/1:0
CrossDiag: type=CROSS_NONE track=0 half_lr=0/0 nearL=0@-1/0@-1 nearNum=1/0 centerNum=1/0 farL=0@-1/0@-1 farNum=0/0 farRaw=0/0 lost=0/0 not_have=0 final=1/0 flags=0/0
LineErr: aim=33 cxcy=84.0,119.6 left=0:0.00@-1,-1 dx=0.0 idx=-1/-1 dist=-1/-1 right=0:0.00@-1,-1 dx=0.0 idx=-1/-1 dist=-1/-1 sel=0:0.00@-1,-1 dx=0.0 idx=-1/-1 dist=-1/-1 edge=0:0.00@-1.0,-1.0 dx=0.0 width=0.0 l=-1,-1 r=-1,-1
ATGSeedDiag: seed=1@63,101/0@-1,-1 begin=7,108 block=5 clip=8
ATGLptDiag: best=-1(-57295.8) imip=-1/-1 pass=00000 acc=-1 ipm=-1.0,-1.0 inv=-1.0,-1.0 | -1(-57295.8) imip=-1/-1 pass=00000 acc=-1 ipm=-1.0,-1.0 inv=-1.0,-1.0
frame=702 line=0 track=0 cross=0 circle=0(CIRCLE_NONE) round=0 yroad=0 ramp=0 road=7 speed=0 near=1/0 raw=170/0 sel=1/0 far=0/0 far_raw=0/0 l=0@-1/0@-1 far_l=0@-1/0@-1 straight=0/0 far_straight=0/0 circle_cnt=0/0/0/0 lost=0/0 conf=0.0/0.0/0.0/0.0 dist=0 begin=0/3267 m0=(-1,-1) ml=(-1,-1) md=-1/0/-1 cxcy=84.0,119.6 guide=0.00 atg=-60.0/-60.0/-60.0 pure=8.01/8.01 yaw=0 cmd=0 actual=-1 signed=0 rps=0/0:0/0 duty=0/0 pwm=PWM2:0/PWM1:0 motor=2:0/1:0
CrossDiag: type=CROSS_NONE track=0 half_lr=0/0 nearL=0@-1/0@-1 nearNum=1/0 centerNum=1/0 farL=0@-1/0@-1 farNum=0/0 farRaw=0/0 lost=0/0 not_have=0 final=1/0 flags=0/0
LineErr: aim=33 cxcy=84.0,119.6 left=0:0.00@-1,-1 dx=0.0 idx=-1/-1 dist=-1/-1 right=0:0.00@-1,-1 dx=0.0 idx=-1/-1 dist=-1/-1 sel=0:0.00@-1,-1 dx=0.0 idx=-1/-1 dist=-1/-1 edge=0:0.00@-1.0,-1.0 dx=0.0 width=0.0 l=-1,-1 r=-1,-1
ATGSeedDiag: seed=1@64,104/0@-1,-1 begin=7,108 block=5 clip=8
ATGLptDiag: best=-1(-57295.8) imip=-1/-1 pass=00000 acc=-1 ipm=-1.0,-1.0 inv=-1.0,-1.0 | -1(-57295.8) imip=-1/-1 pass=00000 acc=-1 ipm=-1.0,-1.0 inv=-1.0,-1.0
frame=704 line=0 track=0 cross=0 circle=0(CIRCLE_NONE) round=0 yroad=0 ramp=0 road=7 speed=0 near=1/0 raw=170/0 sel=1/0 far=0/0 far_raw=0/0 l=0@-1/0@-1 far_l=0@-1/0@-1 straight=0/0 far_straight=0/0 circle_cnt=0/0/0/0 lost=0/0 conf=0.0/0.0/0.0/0.0 dist=0 begin=0/3267 m0=(-1,-1) ml=(-1,-1) md=-1/0/-1 cxcy=84.0,119.6 guide=0.00 atg=-60.0/-60.0/-60.0 pure=8.01/8.01 yaw=0 cmd=0 actual=61 signed=0 rps=0/0:0/0 duty=0/0 pwm=PWM2:0/PWM1:0 motor=2:0/1:0
CrossDiag: type=CROSS_NONE track=0 half_lr=0/0 nearL=0@-1/0@-1 nearNum=1/0 centerNum=1/0 farL=0@-1/0@-1 farNum=0/0 farRaw=0/0 lost=0/0 not_have=0 final=1/0 flags=0/0
LineErr: aim=33 cxcy=84.0,119.6 left=0:0.00@-1,-1 dx=0.0 idx=-1/-1 dist=-1/-1 right=0:0.00@-1,-1 dx=0.0 idx=-1/-1 dist=-1/-1 sel=0:0.00@-1,-1 dx=0.0 idx=-1/-1 dist=-1/-1 edge=0:0.00@-1.0,-1.0 dx=0.0 width=0.0 l=-1,-1 r=-1,-1
ATGSeedDiag: seed=1@63,102/0@-1,-1 begin=7,108 block=5 clip=8
ATGLptDiag: best=-1(-57295.8) imip=-1/-1 pass=00000 acc=-1 ipm=-1.0,-1.0 inv=-1.0,-1.0 | -1(-57295.8) imip=-1/-1 pass=00000 acc=-1 ipm=-1.0,-1.0 inv=-1.0,-1.0
frame=705 line=0 track=0 cross=0 circle=0(CIRCLE_NONE) round=0 yroad=0 ramp=0 road=7 speed=0 near=1/0 raw=170/0 sel=1/0 far=0/0 far_raw=0/0 l=0@-1/0@-1 far_l=0@-1/0@-1 straight=0/0 far_straight=0/0 circle_cnt=0/0/0/0 lost=0/0 conf=0.0/0.0/0.0/0.0 dist=0 begin=0/3267 m0=(-1,-1) ml=(-1,-1) md=-1/0/-1 cxcy=84.0,119.6 guide=0.00 atg=-60.0/-60.0/-60.0 pure=8.01/8.01 yaw=0 cmd=0 actual=45 signed=0 rps=0/0:0/0 duty=0/0 pwm=PWM2:0/PWM1:0 motor=2:0/1:0
CrossDiag: type=CROSS_NONE track=0 half_lr=0/0 nearL=0@-1/0@-1 nearNum=1/0 centerNum=1/0 farL=0@-1/0@-1 farNum=0/0 farRaw=0/0 lost=0/0 not_have=0 final=1/0 flags=0/0
LineErr: aim=33 cxcy=84.0,119.6 left=0:0.00@-1,-1 dx=0.0 idx=-1/-1 dist=-1/-1 right=0:0.00@-1,-1 dx=0.0 idx=-1/-1 dist=-1/-1 sel=0:0.00@-1,-1 dx=0.0 idx=-1/-1 dist=-1/-1 edge=0:0.00@-1.0,-1.0 dx=0.0 width=0.0 l=-1,-1 r=-1,-1
ATGSeedDiag: seed=1@63,106/0@-1,-1 begin=7,108 block=5 clip=8
ATGLptDiag: best=-1(-57295.8) imip=-1/-1 pass=00000 acc=-1 ipm=-1.0,-1.0 inv=-1.0,-1.0 | -1(-57295.8) imip=-1/-1 pass=00000 acc=-1 ipm=-1.0,-1.0 inv=-1.0,-1.0
frame=707 line=0 track=0 cross=0 circle=0(CIRCLE_NONE) round=0 yroad=0 ramp=0 road=7 speed=0 near=1/0 raw=8/0 sel=1/0 far=0/0 far_raw=0/0 l=0@-1/0@-1 far_l=0@-1/0@-1 straight=0/0 far_straight=0/0 circle_cnt=0/0/0/0 lost=0/0 conf=0.0/0.0/0.0/0.0 dist=0 begin=0/3267 m0=(-1,-1) ml=(-1,-1) md=-1/0/-1 cxcy=84.0,119.6 guide=0.00 atg=-60.0/-60.0/-60.0 pure=8.01/8.01 yaw=0 cmd=0 actual=79 signed=0 rps=0/0:0/0 duty=0/0 pwm=PWM2:0/PWM1:0 motor=2:0/1:0
CrossDiag: type=CROSS_NONE track=0 half_lr=0/0 nearL=0@-1/0@-1 nearNum=1/0 centerNum=1/0 farL=0@-1/0@-1 farNum=0/0 farRaw=0/0 lost=0/0 not_have=0 final=1/0 flags=0/0
LineErr: aim=33 cxcy=84.0,119.6 left=0:0.00@-1,-1 dx=0.0 idx=-1/-1 dist=-1/-1 right=0:0.00@-1,-1 dx=0.0 idx=-1/-1 dist=-1/-1 sel=0:0.00@-1,-1 dx=0.0 idx=-1/-1 dist=-1/-1 edge=0:0.00@-1.0,-1.0 dx=0.0 width=0.0 l=-1,-1 r=-1,-1
ATGSeedDiag: seed=1@63,107/0@-1,-1 begin=7,108 block=5 clip=8
ATGLptDiag: best=-1(-57295.8) imip=-1/-1 pass=00000 acc=-1 ipm=-1.0,-1.0 inv=-1.0,-1.0 | -1(-57295.8) imip=-1/-1 pass=00000 acc=-1 ipm=-1.0,-1.0 inv=-1.0,-1.0
frame=708 line=0 track=0 cross=0 circle=0(CIRCLE_NONE) round=0 yroad=0 ramp=0 road=7 speed=0 near=1/0 raw=170/0 sel=1/0 far=0/0 far_raw=0/0 l=0@-1/0@-1 far_l=0@-1/0@-1 straight=0/0 far_straight=0/0 circle_cnt=0/0/0/0 lost=0/0 conf=0.0/0.0/0.0/0.0 dist=0 begin=0/3267 m0=(-1,-1) ml=(-1,-1) md=-1/0/-1 cxcy=84.0,119.6 guide=0.00 atg=-60.0/-60.0/-60.0 pure=8.01/8.01 yaw=0 cmd=0 actual=103 signed=0 rps=0/0:0/0 duty=0/0 pwm=PWM2:0/PWM1:0 motor=2:0/1:0
CrossDiag: type=CROSS_NONE track=0 half_lr=0/0 nearL=0@-1/0@-1 nearNum=1/0 centerNum=1/0 farL=0@-1/0@-1 farNum=0/0 farRaw=0/0 lost=0/0 not_have=0 final=1/0 flags=0/0
LineErr: aim=33 cxcy=84.0,119.6 left=0:0.00@-1,-1 dx=0.0 idx=-1/-1 dist=-1/-1 right=0:0.00@-1,-1 dx=0.0 idx=-1/-1 dist=-1/-1 sel=0:0.00@-1,-1 dx=0.0 idx=-1/-1 dist=-1/-1 edge=0:0.00@-1.0,-1.0 dx=0.0 width=0.0 l=-1,-1 r=-1,-1
ATGSeedDiag: seed=1@62,107/0@-1,-1 begin=7,108 block=5 clip=8
ATGLptDiag: best=-1(-57295.8) imip=-1/-1 pass=00000 acc=-1 ipm=-1.0,-1.0 inv=-1.0,-1.0 | -1(-57295.8) imip=-1/-1 pass=00000 acc=-1 ipm=-1.0,-1.0 inv=-1.0,-1.0
frame=710 line=0 track=0 cross=0 circle=0(CIRCLE_NONE) round=0 yroad=0 ramp=0 road=7 speed=0 near=1/0 raw=170/0 sel=1/0 far=0/0 far_raw=0/0 l=0@-1/0@-1 far_l=0@-1/0@-1 straight=0/0 far_straight=0/0 circle_cnt=0/0/0/0 lost=0/0 conf=0.0/0.0/0.0/0.0 dist=0 begin=0/3267 m0=(-1,-1) ml=(-1,-1) md=-1/0/-1 cxcy=84.0,119.6 guide=0.00 atg=-60.0/-60.0/-60.0 pure=8.01/8.01 yaw=0 cmd=0 actual=114 signed=0 rps=0/0:0/0 duty=0/0 pwm=PWM2:0/PWM1:0 motor=2:0/1:0
CrossDiag: type=CROSS_NONE track=0 half_lr=0/0 nearL=0@-1/0@-1 nearNum=1/0 centerNum=1/0 farL=0@-1/0@-1 farNum=0/0 farRaw=0/0 lost=0/0 not_have=0 final=1/0 flags=0/0
LineErr: aim=33 cxcy=84.0,119.6 left=0:0.00@-1,-1 dx=0.0 idx=-1/-1 dist=-1/-1 right=0:0.00@-1,-1 dx=0.0 idx=-1/-1 dist=-1/-1 sel=0:0.00@-1,-1 dx=0.0 idx=-1/-1 dist=-1/-1 edge=0:0.00@-1.0,-1.0 dx=0.0 width=0.0 l=-1,-1 r=-1,-1
ATGSeedDiag: seed=1@62,108/0@-1,-1 begin=7,108 block=5 clip=8
ATGLptDiag: best=-1(-57295.8) imip=-1/-1 pass=00000 acc=-1 ipm=-1.0,-1.0 inv=-1.0,-1.0 | -1(-57295.8) imip=-1/-1 pass=00000 acc=-1 ipm=-1.0,-1.0 inv=-1.0,-1.0
frame=711 line=0 track=0 cross=0 circle=0(CIRCLE_NONE) round=0 yroad=0 ramp=0 road=7 speed=0 near=1/0 raw=170/0 sel=1/0 far=0/0 far_raw=0/0 l=0@-1/0@-1 far_l=0@-1/0@-1 straight=0/0 far_straight=0/0 circle_cnt=0/0/0/0 lost=0/0 conf=0.0/0.0/0.0/0.0 dist=0 begin=0/3267 m0=(-1,-1) ml=(-1,-1) md=-1/0/-1 cxcy=84.0,119.6 guide=0.00 atg=-60.0/-60.0/-60.0 pure=8.01/8.01 yaw=0 cmd=0 actual=88 signed=0 rps=0/0:0/0 duty=0/0 pwm=PWM2:0/PWM1:0 motor=2:0/1:0
CrossDiag: type=CROSS_NONE track=0 half_lr=0/0 nearL=0@-1/0@-1 nearNum=1/0 centerNum=1/0 farL=0@-1/0@-1 farNum=0/0 farRaw=0/0 lost=0/0 not_have=0 final=1/0 flags=0/0
LineErr: aim=33 cxcy=84.0,119.6 left=0:0.00@-1,-1 dx=0.0 idx=-1/-1 dist=-1/-1 right=0:0.00@-1,-1 dx=0.0 idx=-1/-1 dist=-1/-1 sel=0:0.00@-1,-1 dx=0.0 idx=-1/-1 dist=-1/-1 edge=0:0.00@-1.0,-1.0 dx=0.0 width=0.0 l=-1,-1 r=-1,-1
ATGSeedDiag: seed=1@64,107/0@-1,-1 begin=7,108 block=5 clip=8
ATGLptDiag: best=-1(-57295.8) imip=-1/-1 pass=00000 acc=-1 ipm=-1.0,-1.0 inv=-1.0,-1.0 | -1(-57295.8) imip=-1/-1 pass=00000 acc=-1 ipm=-1.0,-1.0 inv=-1.0,-1.0
frame=714 line=0 track=0 cross=0 circle=0(CIRCLE_NONE) round=0 yroad=0 ramp=0 road=7 speed=0 near=1/0 raw=170/0 sel=1/0 far=0/0 far_raw=0/0 l=0@-1/0@-1 far_l=0@-1/0@-1 straight=0/0 far_straight=0/0 circle_cnt=0/0/0/0 lost=0/0 conf=0.0/0.0/0.0/0.0 dist=0 begin=0/3267 m0=(-1,-1) ml=(-1,-1) md=-1/0/-1 cxcy=84.0,119.6 guide=0.00 atg=-60.0/-60.0/-60.0 pure=8.01/8.01 yaw=0 cmd=0 actual=33 signed=0 rps=0/0:0/0 duty=0/0 pwm=PWM2:0/PWM1:0 motor=2:0/1:0
CrossDiag: type=CROSS_NONE track=0 half_lr=0/0 nearL=0@-1/0@-1 nearNum=1/0 centerNum=1/0 farL=0@-1/0@-1 farNum=0/0 farRaw=0/0 lost=0/0 not_have=0 final=1/0 flags=0/0
LineErr: aim=33 cxcy=84.0,119.6 left=0:0.00@-1,-1 dx=0.0 idx=-1/-1 dist=-1/-1 right=0:0.00@-1,-1 dx=0.0 idx=-1/-1 dist=-1/-1 sel=0:0.00@-1,-1 dx=0.0 idx=-1/-1 dist=-1/-1 edge=0:0.00@-1.0,-1.0 dx=0.0 width=0.0 l=-1,-1 r=-1,-1
ATGSeedDiag: seed=1@63,108/0@-1,-1 begin=7,108 block=5 clip=8
ATGLptDiag: best=-1(-57295.8) imip=-1/-1 pass=00000 acc=-1 ipm=-1.0,-1.0 inv=-1.0,-1.0 | -1(-57295.8) imip=-1/-1 pass=00000 acc=-1 ipm=-1.0,-1.0 inv=-1.0,-1.0
frame=716 line=1 track=0 cross=0 circle=0(CIRCLE_NONE) round=0 yroad=0 ramp=0 road=7 speed=0 near=3/0 raw=16/0 sel=3/21 far=0/0 far_raw=0/0 l=0@-1/0@-1 far_l=0@-1/0@-1 straight=0/0 far_straight=0/0 circle_cnt=0/0/0/0 lost=0/0 conf=0.0/0.0/0.0/0.0 dist=0 begin=0/3267 m0=(84,119) ml=(60,94) md=34/1/44 cxcy=84.0,119.6 guide=25.86 atg=-60.0/-60.0/-60.0 pure=8.20/8.20 yaw=-1552 cmd=-1752 actual=75 signed=0 rps=7401/2599:895/895 duty=25/9 pwm=PWM2:25/PWM1:9 motor=2:25/1:9
CrossDiag: type=CROSS_NONE track=0 half_lr=0/0 nearL=0@-1/0@-1 nearNum=3/0 centerNum=3/0 farL=0@-1/0@-1 farNum=0/0 farRaw=0/0 lost=0/0 not_have=0 final=3/21 flags=0/0
LineErr: aim=33 cxcy=84.0,119.6 left=1:29.00@53,87 dx=-31.1 idx=0/1 dist=45/47 right=0:0.00@-1,-1 dx=0.0 idx=-1/-1 dist=-1/-1 sel=1:26.94@59,93 dx=-25.5 idx=0/16 dist=32/40 edge=0:0.00@-1.0,-1.0 dx=0.0 width=0.0 l=50,113 r=-1,-1
ATGSeedDiag: seed=1@18,97/0@-1,-1 begin=7,108 block=5 clip=8
ATGLptDiag: best=1(0.0) imip=0/2 pass=10111 acc=-1 ipm=52.7,112.8 inv=11.4,95.0 | -1(-57295.8) imip=-1/-1 pass=00000 acc=-1 ipm=-1.0,-1.0 inv=-1.0,-1.0
frame=717 line=0 track=0 cross=0 circle=0(CIRCLE_NONE) round=0 yroad=0 ramp=0 road=7 speed=0 near=1/0 raw=7/0 sel=1/0 far=0/0 far_raw=0/0 l=0@-1/0@-1 far_l=0@-1/0@-1 straight=0/0 far_straight=0/0 circle_cnt=0/0/0/0 lost=0/0 conf=0.0/0.0/0.0/0.0 dist=0 begin=0/3267 m0=(-1,-1) ml=(-1,-1) md=-1/0/-1 cxcy=84.0,119.6 guide=0.00 atg=-60.0/-60.0/-60.0 pure=8.20/8.20 yaw=0 cmd=0 actual=73 signed=0 rps=0/0:0/0 duty=0/0 pwm=PWM2:0/PWM1:0 motor=2:0/1:0
CrossDiag: type=CROSS_NONE track=0 half_lr=0/0 nearL=0@-1/0@-1 nearNum=1/0 centerNum=1/0 farL=0@-1/0@-1 farNum=0/0 farRaw=0/0 lost=0/0 not_have=0 final=1/0 flags=0/0
LineErr: aim=33 cxcy=84.0,119.6 left=0:0.00@-1,-1 dx=0.0 idx=-1/-1 dist=-1/-1 right=0:0.00@-1,-1 dx=0.0 idx=-1/-1 dist=-1/-1 sel=0:0.00@-1,-1 dx=0.0 idx=-1/-1 dist=-1/-1 edge=0:0.00@-1.0,-1.0 dx=0.0 width=0.0 l=-1,-1 r=-1,-1
ATGSeedDiag: seed=1@9,98/0@-1,-1 begin=7,108 block=5 clip=8
ATGLptDiag: best=-1(-57295.8) imip=-1/-1 pass=00000 acc=-1 ipm=-1.0,-1.0 inv=-1.0,-1.0 | -1(-57295.8) imip=-1/-1 pass=00000 acc=-1 ipm=-1.0,-1.0 inv=-1.0,-1.0
frame=718 line=1 track=0 cross=0 circle=0(CIRCLE_NONE) round=0 yroad=0 ramp=0 road=7 speed=0 near=3/0 raw=14/0 sel=3/21 far=0/0 far_raw=0/0 l=0@-1/0@-1 far_l=0@-1/0@-1 straight=0/0 far_straight=0/0 circle_cnt=0/0/0/0 lost=0/0 conf=0.0/0.0/0.0/0.0 dist=0 begin=0/3267 m0=(84,119) ml=(60,95) md=33/1/45 cxcy=84.0,119.6 guide=26.94 atg=-60.0/-60.0/-60.0 pure=8.33/8.33 yaw=-1616 cmd=-1816 actual=-54 signed=0 rps=7489/2511:1411/814 duty=24/9 pwm=PWM2:24/PWM1:9 motor=2:24/1:9
CrossDiag: type=CROSS_NONE track=0 half_lr=0/0 nearL=0@-1/0@-1 nearNum=3/0 centerNum=3/0 farL=0@-1/0@-1 farNum=0/0 farRaw=0/0 lost=0/0 not_have=0 final=3/21 flags=0/0
LineErr: aim=33 cxcy=84.0,119.6 left=1:29.69@52,87 dx=-31.8 idx=0/1 dist=46/48 right=0:0.00@-1,-1 dx=0.0 idx=-1/-1 dist=-1/-1 sel=1:27.53@58,93 dx=-25.9 idx=0/16 dist=32/40 edge=0:0.00@-1.0,-1.0 dx=0.0 width=0.0 l=50,113 r=-1,-1
ATGSeedDiag: seed=1@16,98/0@-1,-1 begin=7,108 block=5 clip=8
ATGLptDiag: best=1(0.0) imip=0/2 pass=10111 acc=-1 ipm=52.0,113.1 inv=9.4,96.0 | -1(-57295.8) imip=-1/-1 pass=00000 acc=-1 ipm=-1.0,-1.0 inv=-1.0,-1.0
frame=719 line=1 track=0 cross=0 circle=0(CIRCLE_NONE) round=0 yroad=0 ramp=0 road=7 speed=0 near=3/0 raw=16/0 sel=3/21 far=0/0 far_raw=0/0 l=0@-1/0@-1 far_l=0@-1/0@-1 straight=0/0 far_straight=0/0 circle_cnt=0/0/0/0 lost=0/0 conf=0.0/0.0/0.0/0.0 dist=0 begin=0/3267 m0=(84,119) ml=(60,94) md=34/1/45 cxcy=84.0,119.6 guide=26.02 atg=-60.0/-60.0/-60.0 pure=8.30/8.30 yaw=-1561 cmd=-1761 actual=-140 signed=0 rps=7414/2586:1392/865 duty=24/9 pwm=PWM2:24/PWM1:9 motor=2:24/1:9
CrossDiag: type=CROSS_NONE track=0 half_lr=0/0 nearL=0@-1/0@-1 nearNum=3/0 centerNum=3/0 farL=0@-1/0@-1 farNum=0/0 farRaw=0/0 lost=0/0 not_have=0 final=3/21 flags=0/0
LineErr: aim=33 cxcy=84.0,119.6 left=1:28.97@53,87 dx=-30.9 idx=0/1 dist=45/47 right=0:0.00@-1,-1 dx=0.0 idx=-1/-1 dist=-1/-1 sel=1:26.99@58,93 dx=-25.5 idx=0/16 dist=32/40 edge=0:0.00@-1.0,-1.0 dx=0.0 width=0.0 l=51,113 r=-1,-1
ATGSeedDiag: seed=1@18,98/0@-1,-1 begin=7,108 block=5 clip=8
ATGLptDiag: best=1(0.0) imip=0/2 pass=10111 acc=-1 ipm=53.0,113.1 inv=11.4,96.0 | -1(-57295.8) imip=-1/-1 pass=00000 acc=-1 ipm=-1.0,-1.0 inv=-1.0,-1.0
frame=720 line=1 track=0 cross=0 circle=0(CIRCLE_NONE) round=0 yroad=0 ramp=0 road=7 speed=0 near=2/0 raw=8/0 sel=2/21 far=0/0 far_raw=0/0 l=0@-1/0@-1 far_l=0@-1/0@-1 straight=0/0 far_straight=0/0 circle_cnt=0/0/0/0 lost=0/0 conf=0.0/0.0/0.0/0.0 dist=0 begin=0/3267 m0=(84,119) ml=(59,96) md=33/1/45 cxcy=84.0,119.6 guide=27.98 atg=-60.0/-60.0/-60.0 pure=8.60/8.60 yaw=-1679 cmd=-1879 actual=-178 signed=0 rps=7575/2425:1456/839 duty=25/9 pwm=PWM2:25/PWM1:9 motor=2:25/1:9
CrossDiag: type=CROSS_NONE track=0 half_lr=0/0 nearL=0@-1/0@-1 nearNum=2/0 centerNum=2/0 farL=0@-1/0@-1 farNum=0/0 farRaw=0/0 lost=0/0 not_have=0 final=2/21 flags=0/0
LineErr: aim=33 cxcy=84.0,119.6 left=1:31.74@50,87 dx=-34.3 idx=0/1 dist=47/47 right=0:0.00@-1,-1 dx=0.0 idx=-1/-1 dist=-1/-1 sel=1:29.09@57,94 dx=-27.0 idx=0/16 dist=32/40 edge=0:0.00@-1.0,-1.0 dx=0.0 width=0.0 l=50,113 r=-1,-1
ATGSeedDiag: seed=1@10,99/0@-1,-1 begin=7,108 block=5 clip=8
ATGLptDiag: best=-1(-57295.8) imip=-1/-1 pass=00000 acc=-1 ipm=-1.0,-1.0 inv=-1.0,-1.0 | -1(-57295.8) imip=-1/-1 pass=00000 acc=-1 ipm=-1.0,-1.0 inv=-1.0,-1.0
frame=721 line=1 track=0 cross=0 circle=0(CIRCLE_NONE) round=0 yroad=0 ramp=0 road=7 speed=0 near=3/0 raw=13/0 sel=3/21 far=0/0 far_raw=0/0 l=0@-1/0@-1 far_l=0@-1/0@-1 straight=0/0 far_straight=0/0 circle_cnt=0/0/0/0 lost=0/0 conf=0.0/0.0/0.0/0.0 dist=0 begin=0/3267 m0=(84,119) ml=(60,95) md=33/1/45 cxcy=84.0,119.6 guide=26.83 atg=-60.0/-60.0/-60.0 pure=8.43/8.43 yaw=-1610 cmd=-1810 actual=-275 signed=0 rps=7481/2519:1521/877 duty=24/9 pwm=PWM2:24/PWM1:9 motor=2:24/1:9
CrossDiag: type=CROSS_NONE track=0 half_lr=0/0 nearL=0@-1/0@-1 nearNum=3/0 centerNum=3/0 farL=0@-1/0@-1 farNum=0/0 farRaw=0/0 lost=0/0 not_have=0 final=3/21 flags=0/0
LineErr: aim=33 cxcy=84.0,119.6 left=1:30.00@52,87 dx=-32.0 idx=0/1 dist=45/47 right=0:0.00@-1,-1 dx=0.0 idx=-1/-1 dist=-1/-1 sel=1:27.84@58,93 dx=-26.2 idx=0/16 dist=32/40 edge=0:0.00@-1.0,-1.0 dx=0.0 width=0.0 l=49,113 r=-1,-1
ATGSeedDiag: seed=1@15,99/0@-1,-1 begin=7,108 block=5 clip=8
ATGLptDiag: best=1(0.0) imip=0/2 pass=10111 acc=-1 ipm=51.8,113.4 inv=8.3,97.0 | -1(-57295.8) imip=-1/-1 pass=00000 acc=-1 ipm=-1.0,-1.0 inv=-1.0,-1.0
frame=722 line=1 track=0 cross=0 circle=0(CIRCLE_NONE) round=0 yroad=0 ramp=0 road=7 speed=0 near=3/0 raw=16/0 sel=3/21 far=0/0 far_raw=0/0 l=0@-1/0@-1 far_l=0@-1/0@-1 straight=0/0 far_straight=0/0 circle_cnt=0/0/0/0 lost=0/0 conf=0.0/0.0/0.0/0.0 dist=0 begin=0/3267 m0=(84,119) ml=(60,94) md=34/1/45 cxcy=84.0,119.6 guide=26.02 atg=-60.0/-60.0/-60.0 pure=8.38/8.38 yaw=-1561 cmd=-1761 actual=-340 signed=0 rps=7414/2586:1600/927 duty=24/9 pwm=PWM2:24/PWM1:9 motor=2:24/1:9
CrossDiag: type=CROSS_NONE track=0 half_lr=0/0 nearL=0@-1/0@-1 nearNum=3/0 centerNum=3/0 farL=0@-1/0@-1 farNum=0/0 farRaw=0/0 lost=0/0 not_have=0 final=3/21 flags=0/0
LineErr: aim=33 cxcy=84.0,119.6 left=1:28.93@53,87 dx=-30.6 idx=0/1 dist=44/46 right=0:0.00@-1,-1 dx=0.0 idx=-1/-1 dist=-1/-1 sel=1:27.05@58,93 dx=-25.6 idx=0/16 dist=32/40 edge=0:0.00@-1.0,-1.0 dx=0.0 width=0.0 l=51,113 r=-1,-1
ATGSeedDiag: seed=1@18,99/0@-1,-1 begin=7,108 block=5 clip=8
ATGLptDiag: best=1(0.0) imip=0/2 pass=10111 acc=-1 ipm=53.2,113.5 inv=11.3,97.0 | -1(-57295.8) imip=-1/-1 pass=00000 acc=-1 ipm=-1.0,-1.0 inv=-1.0,-1.0
frame=723 line=0 track=0 cross=0 circle=0(CIRCLE_NONE) round=0 yroad=0 ramp=0 road=7 speed=0 near=1/0 raw=6/0 sel=1/0 far=0/0 far_raw=0/0 l=0@-1/0@-1 far_l=0@-1/0@-1 straight=0/0 far_straight=0/0 circle_cnt=0/0/0/0 lost=0/0 conf=0.0/0.0/0.0/0.0 dist=0 begin=0/3267 m0=(-1,-1) ml=(-1,-1) md=-1/0/-1 cxcy=84.0,119.6 guide=0.00 atg=-60.0/-60.0/-60.0 pure=8.38/8.38 yaw=0 cmd=0 actual=-687 signed=0 rps=0/0:0/0 duty=0/0 pwm=PWM2:0/PWM1:0 motor=2:0/1:0
CrossDiag: type=CROSS_NONE track=0 half_lr=0/0 nearL=0@-1/0@-1 nearNum=1/0 centerNum=1/0 farL=0@-1/0@-1 farNum=0/0 farRaw=0/0 lost=0/0 not_have=0 final=1/0 flags=0/0
LineErr: aim=33 cxcy=84.0,119.6 left=0:0.00@-1,-1 dx=0.0 idx=-1/-1 dist=-1/-1 right=0:0.00@-1,-1 dx=0.0 idx=-1/-1 dist=-1/-1 sel=0:0.00@-1,-1 dx=0.0 idx=-1/-1 dist=-1/-1 edge=0:0.00@-1.0,-1.0 dx=0.0 width=0.0 l=-1,-1 r=-1,-1
ATGSeedDiag: seed=1@8,100/0@-1,-1 begin=7,108 block=5 clip=8
ATGLptDiag: best=-1(-57295.8) imip=-1/-1 pass=00000 acc=-1 ipm=-1.0,-1.0 inv=-1.0,-1.0 | -1(-57295.8) imip=-1/-1 pass=00000 acc=-1 ipm=-1.0,-1.0 inv=-1.0,-1.0
frame=724 line=1 track=0 cross=0 circle=0(CIRCLE_NONE) round=0 yroad=0 ramp=0 road=7 speed=0 near=2/0 raw=11/0 sel=2/20 far=0/0 far_raw=0/0 l=0@-1/0@-1 far_l=0@-1/0@-1 straight=0/0 far_straight=0/0 circle_cnt=0/0/0/0 lost=0/0 conf=0.0/0.0/0.0/0.0 dist=0 begin=0/3267 m0=(84,119) ml=(59,95) md=34/1/43 cxcy=84.0,119.6 guide=27.40 atg=-60.0/-60.0/-60.0 pure=8.55/8.55 yaw=-1644 cmd=-1844 actual=-783 signed=0 rps=7527/2473:1682/922 duty=24/9 pwm=PWM2:24/PWM1:9 motor=2:24/1:9
CrossDiag: type=CROSS_NONE track=0 half_lr=0/0 nearL=0@-1/0@-1 nearNum=2/0 centerNum=2/0 farL=0@-1/0@-1 farNum=0/0 farRaw=0/0 lost=0/0 not_have=0 final=2/20 flags=0/0
LineErr: aim=33 cxcy=84.0,119.6 left=1:30.67@51,88 dx=-32.7 idx=0/1 dist=46/46 right=0:0.00@-1,-1 dx=0.0 idx=-1/-1 dist=-1/-1 sel=1:28.40@57,94 dx=-26.6 idx=0/16 dist=32/38 edge=0:0.00@-1.0,-1.0 dx=0.0 width=0.0 l=51,114 r=-1,-1
ATGSeedDiag: seed=1@13,100/0@-1,-1 begin=7,108 block=5 clip=8
ATGLptDiag: best=-1(-57295.8) imip=-1/-1 pass=00000 acc=-1 ipm=-1.0,-1.0 inv=-1.0,-1.0 | -1(-57295.8) imip=-1/-1 pass=00000 acc=-1 ipm=-1.0,-1.0 inv=-1.0,-1.0
frame=725 line=1 track=0 cross=0 circle=0(CIRCLE_NONE) round=0 yroad=0 ramp=0 road=7 speed=0 near=3/0 raw=14/0 sel=3/21 far=0/0 far_raw=0/0 l=0@-1/0@-1 far_l=0@-1/0@-1 straight=0/0 far_straight=0/0 circle_cnt=0/0/0/0 lost=0/0 conf=0.0/0.0/0.0/0.0 dist=0 begin=0/3267 m0=(84,119) ml=(60,95) md=33/1/45 cxcy=84.0,119.6 guide=26.94 atg=-60.0/-60.0/-60.0 pure=8.50/8.50 yaw=-1616 cmd=-1816 actual=-754 signed=0 rps=7489/2511:1802/980 duty=24/9 pwm=PWM2:24/PWM1:9 motor=2:24/1:9
CrossDiag: type=CROSS_NONE track=0 half_lr=0/0 nearL=0@-1/0@-1 nearNum=3/0 centerNum=3/0 farL=0@-1/0@-1 farNum=0/0 farRaw=0/0 lost=0/0 not_have=0 final=3/21 flags=0/0
LineErr: aim=33 cxcy=84.0,119.6 left=1:29.61@53,88 dx=-31.3 idx=0/1 dist=45/47 right=0:0.00@-1,-1 dx=0.0 idx=-1/-1 dist=-1/-1 sel=1:27.63@58,93 dx=-26.0 idx=0/16 dist=32/40 edge=0:0.00@-1.0,-1.0 dx=0.0 width=0.0 l=50,114 r=-1,-1
ATGSeedDiag: seed=1@16,100/0@-1,-1 begin=7,108 block=5 clip=8
ATGLptDiag: best=1(0.0) imip=0/2 pass=10111 acc=-1 ipm=52.5,113.8 inv=9.3,98.0 | -1(-57295.8) imip=-1/-1 pass=00000 acc=-1 ipm=-1.0,-1.0 inv=-1.0,-1.0
frame=727 line=1 track=0 cross=0 circle=0(CIRCLE_NONE) round=0 yroad=0 ramp=0 road=7 speed=0 near=4/0 raw=18/0 sel=4/21 far=0/0 far_raw=0/0 l=0@-1/0@-1 far_l=0@-1/0@-1 straight=0/0 far_straight=0/0 circle_cnt=0/0/0/0 lost=0/0 conf=0.0/0.0/0.0/0.0 dist=0 begin=0/3267 m0=(84,119) ml=(60,94) md=34/1/45 cxcy=84.0,119.6 guide=25.54 atg=-60.0/-60.0/-60.0 pure=8.44/8.44 yaw=-1533 cmd=-1733 actual=-805 signed=0 rps=7374/2626:2332/1038 duty=23/9 pwm=PWM2:23/PWM1:9 motor=2:23/1:9
CrossDiag: type=CROSS_NONE track=0 half_lr=0/0 nearL=0@-1/0@-1 nearNum=4/0 centerNum=4/0 farL=0@-1/0@-1 farNum=0/0 farRaw=0/0 lost=0/0 not_have=0 final=4/21 flags=0/0
LineErr: aim=33 cxcy=84.0,119.6 left=1:28.16@55,88 dx=-29.5 idx=0/1 dist=43/47 right=0:0.00@-1,-1 dx=0.0 idx=-1/-1 dist=-1/-1 sel=1:26.55@59,92 dx=-25.2 idx=0/16 dist=32/40 edge=0:0.00@-1.0,-1.0 dx=0.0 width=0.0 l=50,114 r=-1,-1
ATGSeedDiag: seed=1@20,100/0@-1,-1 begin=7,108 block=5 clip=8
ATGLptDiag: best=1(0.0) imip=0/3 pass=10111 acc=-1 ipm=54.3,113.8 inv=13.3,98.0 | -1(-57295.8) imip=-1/-1 pass=00000 acc=-1 ipm=-1.0,-1.0 inv=-1.0,-1.0
frame=728 line=1 track=0 cross=0 circle=0(CIRCLE_NONE) round=0 yroad=0 ramp=0 road=7 speed=0 near=4/0 raw=19/0 sel=4/21 far=0/0 far_raw=0/0 l=0@-1/0@-1 far_l=0@-1/0@-1 straight=0/0 far_straight=0/0 circle_cnt=0/0/0/0 lost=0/0 conf=0.0/0.0/0.0/0.0 dist=0 begin=0/3267 m0=(84,119) ml=(61,94) md=33/1/44 cxcy=84.0,119.6 guide=25.30 atg=-60.0/-60.0/-60.0 pure=8.43/8.43 yaw=-1518 cmd=-1718 actual=-865 signed=0 rps=7355/2645:2494/1084 duty=23/9 pwm=PWM2:23/PWM1:9 motor=2:23/1:9
CrossDiag: type=CROSS_NONE track=0 half_lr=0/0 nearL=0@-1/0@-1 nearNum=4/0 centerNum=4/0 farL=0@-1/0@-1 farNum=0/0 farRaw=0/0 lost=0/0 not_have=0 final=4/21 flags=0/0
LineErr: aim=33 cxcy=84.0,119.6 left=1:27.80@55,88 dx=-29.0 idx=0/1 dist=43/47 right=0:0.00@-1,-1 dx=0.0 idx=-1/-1 dist=-1/-1 sel=1:26.27@59,92 dx=-25.0 idx=0/16 dist=32/40 edge=0:0.00@-1.0,-1.0 dx=0.0 width=0.0 l=50,114 r=-1,-1
ATGSeedDiag: seed=1@21,100/0@-1,-1 begin=7,108 block=5 clip=8
ATGLptDiag: best=1(0.0) imip=0/3 pass=10111 acc=-1 ipm=54.8,113.8 inv=14.3,98.0 | -1(-57295.8) imip=-1/-1 pass=00000 acc=-1 ipm=-1.0,-1.0 inv=-1.0,-1.0
frame=729 line=1 track=0 cross=0 circle=0(CIRCLE_NONE) round=0 yroad=0 ramp=0 road=7 speed=0 near=4/0 raw=21/0 sel=4/21 far=0/0 far_raw=0/0 l=0@-1/0@-1 far_l=0@-1/0@-1 straight=0/0 far_straight=0/0 circle_cnt=0/0/0/0 lost=0/0 conf=0.0/0.0/0.0/0.0 dist=0 begin=0/3267 m0=(84,119) ml=(61,93) md=34/1/45 cxcy=84.0,119.6 guide=25.05 atg=-60.0/-60.0/-60.0 pure=8.39/8.39 yaw=-1503 cmd=-1703 actual=-922 signed=0 rps=7334/2666:2346/1044 duty=23/9 pwm=PWM2:23/PWM1:9 motor=2:23/1:9
CrossDiag: type=CROSS_NONE track=0 half_lr=0/0 nearL=0@-1/0@-1 nearNum=4/0 centerNum=4/0 farL=0@-1/0@-1 farNum=0/0 farRaw=0/0 lost=0/0 not_have=0 final=4/21 flags=0/0
LineErr: aim=33 cxcy=84.0,119.6 left=1:27.05@56,88 dx=-28.1 idx=0/1 dist=42/46 right=0:0.00@-1,-1 dx=0.0 idx=-1/-1 dist=-1/-1 sel=1:25.71@59,92 dx=-24.6 idx=0/16 dist=32/40 edge=0:0.00@-1.0,-1.0 dx=0.0 width=0.0 l=51,114 r=-1,-1
ATGSeedDiag: seed=1@23,100/0@-1,-1 begin=7,108 block=5 clip=8
ATGLptDiag: best=2(0.0) imip=0/3 pass=10111 acc=-1 ipm=53.4,113.8 inv=11.2,98.0 | -1(-57295.8) imip=-1/-1 pass=00000 acc=-1 ipm=-1.0,-1.0 inv=-1.0,-1.0
frame=730 line=1 track=0 cross=0 circle=0(CIRCLE_NONE) round=0 yroad=0 ramp=0 road=7 speed=0 near=3/0 raw=14/0 sel=3/20 far=0/0 far_raw=0/0 l=0@-1/0@-1 far_l=0@-1/0@-1 straight=0/0 far_straight=0/0 circle_cnt=0/0/0/0 lost=0/0 conf=2.7/0.0/0.0/0.0 dist=0 begin=0/3267 m0=(84,119) ml=(60,95) md=33/1/43 cxcy=84.0,119.6 guide=26.75 atg=-60.0/-60.0/-60.0 pure=8.29/8.29 yaw=-1605 cmd=-1805 actual=-978 signed=0 rps=7474/2526:2271/1051 duty=23/9 pwm=PWM2:23/PWM1:9 motor=2:23/1:9
CrossDiag: type=CROSS_NONE track=0 half_lr=0/0 nearL=0@-1/0@-1 nearNum=3/0 centerNum=3/0 farL=0@-1/0@-1 farNum=0/0 farRaw=0/0 lost=0/0 not_have=0 final=3/20 flags=0/0
LineErr: aim=33 cxcy=84.0,119.6 left=1:29.09@54,88 dx=-30.5 idx=0/1 dist=44/46 right=0:0.00@-1,-1 dx=0.0 idx=-1/-1 dist=-1/-1 sel=1:27.33@58,93 dx=-25.8 idx=0/16 dist=32/38 edge=0:0.00@-1.0,-1.0 dx=0.0 width=0.0 l=50,114 r=-1,-1
ATGSeedDiag: seed=1@16,101/0@-1,-1 begin=7,108 block=5 clip=8
ATGLptDiag: best=1(2.7) imip=0/2 pass=10111 acc=-1 ipm=52.8,114.1 inv=9.2,99.0 | -1(-57295.8) imip=-1/-1 pass=00000 acc=-1 ipm=-1.0,-1.0 inv=-1.0,-1.0
frame=731 line=1 track=0 cross=0 circle=0(CIRCLE_NONE) round=0 yroad=0 ramp=0 road=7 speed=0 near=4/0 raw=19/0 sel=4/21 far=0/0 far_raw=0/0 l=0@-1/0@-1 far_l=0@-1/0@-1 straight=0/0 far_straight=0/0 circle_cnt=0/0/0/0 lost=0/0 conf=2.9/0.0/0.0/0.0 dist=0 begin=0/3267 m0=(84,119) ml=(61,94) md=33/1/44 cxcy=84.0,119.6 guide=25.06 atg=-60.0/-60.0/-60.0 pure=8.48/8.48 yaw=-1504 cmd=-1704 actual=-1066 signed=0 rps=7335/2665:2341/1105 duty=23/9 pwm=PWM2:23/PWM1:9 motor=2:23/1:9
CrossDiag: type=CROSS_NONE track=0 half_lr=0/0 nearL=0@-1/0@-1 nearNum=4/0 centerNum=4/0 farL=0@-1/0@-1 farNum=0/0 farRaw=0/0 lost=0/0 not_have=0 final=4/21 flags=0/0
LineErr: aim=33 cxcy=84.0,119.6 left=1:27.41@56,88 dx=-28.4 idx=0/1 dist=42/46 right=0:0.00@-1,-1 dx=0.0 idx=-1/-1 dist=-1/-1 sel=1:26.06@59,92 dx=-24.8 idx=0/16 dist=32/40 edge=0:0.00@-1.0,-1.0 dx=0.0 width=0.0 l=50,114 r=-1,-1
ATGSeedDiag: seed=1@21,101/0@-1,-1 begin=7,108 block=5 clip=8
ATGLptDiag: best=2(2.9) imip=0/3 pass=10111 acc=-1 ipm=52.7,114.1 inv=9.1,99.0 | -1(-57295.8) imip=-1/-1 pass=00000 acc=-1 ipm=-1.0,-1.0 inv=-1.0,-1.0
frame=732 line=1 track=0 cross=0 circle=0(CIRCLE_NONE) round=0 yroad=0 ramp=0 road=7 speed=0 near=4/0 raw=21/0 sel=4/21 far=0/0 far_raw=0/0 l=0@-1/0@-1 far_l=0@-1/0@-1 straight=0/0 far_straight=0/0 circle_cnt=0/0/0/0 lost=0/0 conf=0.5/0.0/0.0/0.0 dist=0 begin=0/3267 m0=(84,119) ml=(61,93) md=34/1/45 cxcy=84.0,119.6 guide=25.05 atg=-60.0/-60.0/-60.0 pure=8.47/8.47 yaw=-1503 cmd=-1703 actual=-1167 signed=0 rps=7334/2666:2422/1193 duty=23/9 pwm=PWM2:23/PWM1:9 motor=2:23/1:9
CrossDiag: type=CROSS_NONE track=0 half_lr=0/0 nearL=0@-1/0@-1 nearNum=4/0 centerNum=4/0 farL=0@-1/0@-1 farNum=0/0 farRaw=0/0 lost=0/0 not_have=0 final=4/21 flags=0/0
LineErr: aim=33 cxcy=84.0,119.6 left=1:26.95@56,88 dx=-27.8 idx=0/1 dist=42/46 right=0:0.00@-1,-1 dx=0.0 idx=-1/-1 dist=-1/-1 sel=1:25.71@59,92 dx=-24.6 idx=0/16 dist=32/40 edge=0:0.00@-1.0,-1.0 dx=0.0 width=0.0 l=51,114 r=-1,-1
ATGSeedDiag: seed=1@23,101/0@-1,-1 begin=7,108 block=5 clip=8
ATGLptDiag: best=2(0.5) imip=0/3 pass=10111 acc=-1 ipm=53.6,114.1 inv=11.1,99.0 | -1(-57295.8) imip=-1/-1 pass=00000 acc=-1 ipm=-1.0,-1.0 inv=-1.0,-1.0
frame=733 line=1 track=1 cross=0 circle=0(CIRCLE_NONE) round=0 yroad=0 ramp=0 road=7 speed=0 near=5/170 raw=23/160 sel=170/170 far=0/0 far_raw=0/0 l=0@-1/0@-1 far_l=0@-1/0@-1 straight=0/1 far_straight=0/0 circle_cnt=0/0/0/0 lost=0/0 conf=6.5/59.9/0.0/0.0 dist=0 begin=0/3267 m0=(84,119) ml=(81,87) md=32/1/180 cxcy=84.0,119.6 guide=2.41 atg=60.0/24.0/19.0 pure=-4.08/-2.15 yaw=-61 cmd=139 actual=-1273 signed=0 rps=4810/5190:2337/1221 duty=14/19 pwm=PWM2:14/PWM1:19 motor=2:14/1:19
CrossDiag: type=CROSS_NONE track=1 half_lr=0/0 nearL=0@-1/0@-1 nearNum=5/170 centerNum=5/170 farL=0@-1/0@-1 farNum=0/0 farRaw=0/0 lost=0/0 not_have=0 final=170/170 flags=0/0
LineErr: aim=33 cxcy=84.0,119.6 left=1:31.12@51,88 dx=-33.2 idx=0/4 dist=8/8 right=1:3.35@81,84 dx=-3.4 idx=0/1 dist=36/464 sel=1:1.66@82,83 dx=-1.7 idx=0/16 dist=32/338 edge=1:-2.77@86.0,102.0 dx=2.0 width=75.9 l=50,114 r=122,90
CxScan: raw_ref=80.0 edge=86.0,102.0 best_raw_x=85 best_err=-0.08 best_cxcy=85.9,119.6 scan=0:-38.9,10:-35.4,20:-31.6,30:-27.5,40:-23.1,50:-18.3,60:-13.3,70:-8.1,80:-2.8,90:2.6,100:7.9,110:13.1,120:18.1,130:22.8,140:27.2
ATGSeedDiag: seed=1@25,101/1@87,85 begin=7,108 block=5 clip=8
ATGLptDiag: best=3(6.5) imip=0/4 pass=10111 acc=-1 ipm=52.2,114.1 inv=7.9,99.0 | 58(59.9) imip=48/68 pass=10101 acc=-1 ipm=140.5,-0.6 inv=102.5,16.0
frame=734 line=1 track=1 cross=0 circle=0(CIRCLE_NONE) round=0 yroad=0 ramp=0 road=7 speed=0 near=5/170 raw=26/162 sel=170/170 far=0/0 far_raw=0/0 l=0@-1/0@-1 far_l=0@-1/0@-1 straight=0/1 far_straight=0/0 circle_cnt=0/0/0/0 lost=0/0 conf=3.0/65.4/0.0/0.0 dist=0 begin=0/3267 m0=(84,119) ml=(81,87) md=32/1/178 cxcy=84.0,119.6 guide=1.91 atg=60.0/28.0/21.0 pure=-4.28/-2.30 yaw=-49 cmd=151 actual=-1360 signed=0 rps=4793/5207:2450/1343 duty=14/19 pwm=PWM2:14/PWM1:19 motor=2:14/1:19
CrossDiag: type=CROSS_NONE track=1 half_lr=0/0 nearL=0@-1/0@-1 nearNum=5/170 centerNum=5/170 farL=0@-1/0@-1 farNum=0/0 farRaw=0/0 lost=0/0 not_have=0 final=170/170 flags=0/0
LineErr: aim=33 cxcy=84.0,119.6 left=1:30.46@52,88 dx=-32.3 idx=0/4 dist=8/8 right=1:3.09@81,84 dx=-3.2 idx=0/1 dist=35/466 sel=1:1.11@83,84 dx=-1.1 idx=0/16 dist=32/338 edge=1:-3.52@86.5,102.5 dx=2.5 width=74.6 l=51,114 r=122,91
CxScan: raw_ref=80.0 edge=86.5,102.5 best_raw_x=85 best_err=-0.79 best_cxcy=85.9,119.6 scan=0:-39.7,10:-36.2,20:-32.5,30:-28.4,40:-23.9,50:-19.2,60:-14.2,70:-8.9,80:-3.5,90:1.9,100:7.3,110:12.6,120:17.6,130:22.4,140:26.9
ATGSeedDiag: seed=1@28,101/1@87,86 begin=7,108 block=5 clip=8
ATGLptDiag: best=3(3.0) imip=0/4 pass=10111 acc=-1 ipm=53.5,114.1 inv=10.9,99.0 | 58(65.4) imip=48/68 pass=11101 acc=-1 ipm=141.6,0.6 inv=103.3,16.2
frame=735 line=1 track=1 cross=0 circle=0(CIRCLE_NONE) round=0 yroad=0 ramp=0 road=7 speed=0 near=6/170 raw=29/163 sel=170/170 far=0/0 far_raw=0/0 l=0@-1/0@-1 far_l=0@-1/0@-1 straight=0/1 far_straight=0/0 circle_cnt=0/0/0/0 lost=0/0 conf=6.6/64.5/0.0/0.0 dist=0 begin=0/3267 m0=(84,119) ml=(81,87) md=32/1/177 cxcy=84.0,119.6 guide=1.56 atg=60.0/33.0/25.0 pure=-4.45/-2.48 yaw=-40 cmd=160 actual=-1413 signed=0 rps=4780/5220:2568/1495 duty=14/19 pwm=PWM2:14/PWM1:19 motor=2:14/1:19
CrossDiag: type=CROSS_NONE track=1 half_lr=0/0 nearL=0@-1/0@-1 nearNum=6/170 centerNum=6/170 farL=0@-1/0@-1 farNum=0/0 farRaw=0/0 lost=0/0 not_have=0 final=170/170 flags=0/0
LineErr: aim=33 cxcy=84.0,119.6 left=1:30.85@51,88 dx=-32.9 idx=0/5 dist=10/10 right=1:2.80@81,85 dx=-2.8 idx=0/1 dist=35/470 sel=1:0.69@83,84 dx=-0.7 idx=0/16 dist=32/338 edge=1:-2.84@86.0,103.0 dx=2.0 width=75.3 l=50,114 r=122,92
CxScan: raw_ref=80.0 edge=86.0,103.0 best_raw_x=85 best_err=-0.08 best_cxcy=85.9,119.6 scan=0:-39.6,10:-36.1,20:-32.3,30:-28.1,40:-23.6,50:-18.8,60:-13.7,70:-8.3,80:-2.8,90:2.7,100:8.1,110:13.4,120:18.5,130:23.3,140:27.7
ATGSeedDiag: seed=1@31,101/1@87,87 begin=7,108 block=5 clip=8
ATGLptDiag: best=4(6.6) imip=0/5 pass=10111 acc=-1 ipm=52.6,114.1 inv=8.8,98.9 | 57(64.5) imip=47/67 pass=11101 acc=-1 ipm=143.7,4.5 inv=105.3,16.9
frame=736 line=1 track=1 cross=0 circle=0(CIRCLE_NONE) round=0 yroad=0 ramp=0 road=7 speed=0 near=7/170 raw=33/164 sel=170/170 far=0/0 far_raw=0/0 l=0@-1/0@-1 far_l=0@-1/0@-1 straight=0/1 far_straight=0/0 circle_cnt=0/0/0/0 lost=0/0 conf=4.2/68.7/0.0/0.0 dist=0 begin=0/3267 m0=(84,119) ml=(82,87) md=32/1/175 cxcy=84.0,119.6 guide=1.05 atg=60.0/36.0/28.0 pure=-4.66/-2.62 yaw=-27 cmd=173 actual=-1434 signed=0 rps=4763/5237:2518/1494 duty=14/19 pwm=PWM2:14/PWM1:19 motor=2:14/1:19
CrossDiag: type=CROSS_NONE track=1 half_lr=0/0 nearL=0@-1/0@-1 nearNum=7/170 centerNum=7/170 farL=0@-1/0@-1 farNum=0/0 farRaw=0/0 lost=0/0 not_have=0 final=170/170 flags=0/0
LineErr: aim=33 cxcy=84.0,119.6 left=1:31.28@51,88 dx=-33.5 idx=0/6 dist=12/12 right=1:2.29@82,85 dx=-2.3 idx=0/1 dist=35/475 sel=1:-0.00@84,84 dx=0.0 idx=0/16 dist=32/338 edge=1:-2.88@86.0,103.5 dx=2.0 width=75.0 l=50,114 r=122,93
CxScan: raw_ref=80.0 edge=86.0,103.5 best_raw_x=85 best_err=-0.08 best_cxcy=85.9,119.6 scan=0:-40.0,10:-36.5,20:-32.6,30:-28.4,40:-23.9,50:-19.0,60:-13.8,70:-8.4,80:-2.9,90:2.7,100:8.2,110:13.6,120:18.7,130:23.5,140:28.0
ATGSeedDiag: seed=1@35,101/1@87,88 begin=7,108 block=5 clip=8
ATGLptDiag: best=5(4.2) imip=0/6 pass=10111 acc=-1 ipm=52.0,114.0 inv=7.9,98.6 | 57(68.7) imip=47/67 pass=11101 acc=-1 ipm=144.8,6.0 inv=106.3,17.1
frame=737 line=1 track=1 cross=0 circle=0(CIRCLE_NONE) round=0 yroad=0 ramp=0 road=7 speed=0 near=7/170 raw=36/164 sel=170/170 far=0/0 far_raw=0/0 l=0@-1/0@-1 far_l=0@-1/0@-1 straight=0/1 far_straight=0/0 circle_cnt=0/0/0/0 lost=0/0 conf=6.6/62.6/0.0/0.0 dist=0 begin=0/3267 m0=(84,119) ml=(82,87) md=32/1/172 cxcy=84.0,119.6 guide=0.54 atg=60.0/40.0/31.0 pure=-4.84/-2.75 yaw=-14 cmd=186 actual=-1422 signed=0 rps=4745/5255:2678/1617 duty=13/19 pwm=PWM2:13/PWM1:19 motor=2:13/1:19
CrossDiag: type=CROSS_NONE track=1 half_lr=0/0 nearL=0@-1/0@-1 nearNum=7/170 centerNum=7/170 farL=0@-1/0@-1 farNum=0/0 farRaw=0/0 lost=0/0 not_have=0 final=170/170 flags=0/0
LineErr: aim=33 cxcy=84.0,119.6 left=1:30.29@52,88 dx=-32.2 idx=0/6 dist=12/12 right=1:2.03@82,85 dx=-2.0 idx=0/1 dist=34/471 sel=1:-0.95@85,84 dx=1.0 idx=0/16 dist=32/338 edge=1:-4.39@87.0,104.0 dx=3.0 width=74.7 l=51,114 r=123,94
CxScan: raw_ref=80.0 edge=87.0,104.0 best_raw_x=90 best_err=1.27 best_cxcy=87.9,119.6 scan=0:-41.2,10:-37.8,20:-34.0,30:-29.9,40:-25.4,50:-20.5,60:-15.4,70:-10.0,80:-4.4,90:1.3,100:6.9,110:12.4,120:17.6,130:22.6,140:27.2
ATGSeedDiag: seed=1@38,101/1@87,89 begin=7,108 block=5 clip=8
ATGLptDiag: best=5(6.6) imip=0/6 pass=10111 acc=-1 ipm=53.4,114.1 inv=10.7,98.9 | 58(62.6) imip=48/68 pass=11101 acc=-1 ipm=148.7,5.5 inv=108.3,17.0
frame=738 line=1 track=1 cross=0 circle=0(CIRCLE_NONE) round=0 yroad=0 ramp=0 road=7 speed=0 near=5/170 raw=25/166 sel=170/170 far=0/0 far_raw=0/0 l=0@-1/0@-1 far_l=0@-1/0@-1 straight=0/1 far_straight=0/0 circle_cnt=0/0/0/0 lost=0/0 conf=3.1/63.5/0.0/0.0 dist=0 begin=0/3267 m0=(84,119) ml=(82,87) md=32/1/172 cxcy=84.0,119.6 guide=0.03 atg=60.0/45.0/35.0 pure=-5.03/-2.91 yaw=-1 cmd=199 actual=-1391 signed=0 rps=4727/5273:2641/1636 duty=13/19 pwm=PWM2:13/PWM1:19 motor=2:13/1:19
CrossDiag: type=CROSS_NONE track=1 half_lr=0/0 nearL=0@-1/0@-1 nearNum=5/170 centerNum=5/170 farL=0@-1/0@-1 farNum=0/0 farRaw=0/0 lost=0/0 not_have=0 final=170/170 flags=0/0
LineErr: aim=33 cxcy=84.0,119.6 left=1:29.34@53,88 dx=-30.9 idx=0/4 dist=8/8 right=1:1.89@82,86 dx=-1.9 idx=0/1 dist=34/484 sel=1:-1.71@86,85 dx=1.7 idx=0/16 dist=32/338 edge=1:-4.45@87.0,104.5 dx=3.0 width=74.5 l=51,114 r=123,95
CxScan: raw_ref=80.0 edge=87.0,104.5 best_raw_x=90 best_err=1.28 best_cxcy=87.9,119.6 scan=0:-41.6,10:-38.1,20:-34.3,30:-30.2,40:-25.7,50:-20.8,60:-15.6,70:-10.1,80:-4.4,90:1.3,100:7.0,110:12.5,120:17.8,130:22.8,140:27.5
ATGSeedDiag: seed=1@27,102/1@87,91 begin=7,108 block=5 clip=8
ATGLptDiag: best=3(3.1) imip=0/4 pass=10111 acc=-1 ipm=53.3,114.0 inv=10.5,98.7 | 59(63.5) imip=49/69 pass=11101 acc=-1 ipm=150.9,5.1 inv=109.4,17.0
frame=739 line=1 track=1 cross=0 circle=0(CIRCLE_NONE) round=0 yroad=0 ramp=0 road=7 speed=0 near=7/170 raw=36/169 sel=170/170 far=0/0 far_raw=0/0 l=0@-1/0@-1 far_l=0@-1/0@-1 straight=0/1 far_straight=0/0 circle_cnt=0/0/0/0 lost=0/0 conf=5.3/68.0/0.0/0.0 dist=0 begin=0/3267 m0=(84,119) ml=(82,87) md=32/1/170 cxcy=84.0,119.6 guide=-0.49 atg=60.0/49.0/37.0 pure=-5.21/-3.02 yaw=12 cmd=212 actual=-1344 signed=0 rps=4709/5291:2846/1810 duty=13/19 pwm=PWM2:13/PWM1:19 motor=2:13/1:19
CrossDiag: type=CROSS_NONE track=1 half_lr=0/0 nearL=0@-1/0@-1 nearNum=7/170 centerNum=7/170 farL=0@-1/0@-1 farNum=0/0 farRaw=0/0 lost=0/0 not_have=0 final=170/170 flags=0/0
LineErr: aim=33 cxcy=84.0,119.6 left=1:29.65@53,88 dx=-31.3 idx=0/6 dist=12/12 right=1:1.63@82,86 dx=-1.6 idx=0/1 dist=34/482 sel=1:-2.44@86,85 dx=2.5 idx=0/16 dist=32/338 edge=1:-4.51@87.0,105.0 dx=3.0 width=74.2 l=51,114 r=123,96
CxScan: raw_ref=80.0 edge=87.0,105.0 best_raw_x=90 best_err=1.30 best_cxcy=87.9,119.6 scan=0:-41.9,10:-38.5,20:-34.7,30:-30.5,40:-26.0,50:-21.0,60:-15.8,70:-10.2,80:-4.5,90:1.3,100:7.1,110:12.7,120:18.1,130:23.1,140:27.8
ATGSeedDiag: seed=1@38,102/1@87,92 begin=7,108 block=5 clip=8
ATGLptDiag: best=3(5.3) imip=0/6 pass=10111 acc=-1 ipm=58.2,114.5 inv=20.8,100.0 | 59(68.0) imip=49/69 pass=11101 acc=-1 ipm=151.8,6.4 inv=110.3,17.2
frame=740 line=1 track=1 cross=0 circle=0(CIRCLE_NONE) round=0 yroad=0 ramp=0 road=7 speed=0 near=9/170 raw=43/168 sel=170/170 far=0/0 far_raw=0/0 l=0@-1/0@-1 far_l=0@-1/0@-1 straight=0/1 far_straight=0/0 circle_cnt=0/0/0/0 lost=0/0 conf=6.2/64.7/0.0/0.0 dist=0 begin=0/3267 m0=(84,119) ml=(83,87) md=32/1/167 cxcy=84.0,119.6 guide=-1.01 atg=60.0/52.0/41.0 pure=-5.35/-3.14 yaw=26 cmd=226 actual=-1284 signed=0 rps=4691/5309:3010/2003 duty=13/19 pwm=PWM2:13/PWM1:19 motor=2:13/1:19
CrossDiag: type=CROSS_NONE track=1 half_lr=0/0 nearL=0@-1/0@-1 nearNum=9/170 centerNum=9/170 farL=0@-1/0@-1 farNum=0/0 farRaw=0/0 lost=0/0 not_have=0 final=170/170 flags=0/0
LineErr: aim=33 cxcy=84.0,119.6 left=1:30.68@51,87 dx=-32.8 idx=0/8 dist=16/16 right=1:1.37@83,86 dx=-1.3 idx=0/1 dist=33/472 sel=1:-2.92@87,85 dx=2.9 idx=0/16 dist=32/338 edge=1:-3.80@86.5,105.5 dx=2.5 width=75.0 l=50,114 r=123,97
CxScan: raw_ref=80.0 edge=86.5,105.5 best_raw_x=85 best_err=-0.86 best_cxcy=85.9,119.6 scan=0:-41.9,10:-38.4,20:-34.5,30:-30.3,40:-25.6,50:-20.6,60:-15.3,70:-9.6,80:-3.8,90:2.1,100:7.9,110:13.6,120:19.0,130:24.0,140:28.7
ATGSeedDiag: seed=1@45,102/1@87,93 begin=7,108 block=5 clip=8
ATGLptDiag: best=5(6.2) imip=0/8 pass=10111 acc=-1 ipm=56.7,114.4 inv=17.5,99.7 | 59(64.7) imip=49/69 pass=11101 acc=-1 ipm=154.0,8.0 inv=111.9,17.5
frame=741 line=1 track=1 cross=0 circle=0(CIRCLE_NONE) round=0 yroad=0 ramp=0 road=7 speed=0 near=7/170 raw=33/169 sel=170/170 far=0/0 far_raw=0/0 l=0@-1/0@-1 far_l=0@-1/0@-1 straight=0/1 far_straight=0/0 circle_cnt=0/0/0/0 lost=0/0 conf=5.3/63.5/0.0/0.0 dist=0 begin=0/3267 m0=(84,119) ml=(83,87) md=32/1/168 cxcy=84.0,119.6 guide=-1.19 atg=60.0/57.0/45.0 pure=-5.51/-3.27 yaw=30 cmd=230 actual=-1210 signed=0 rps=4684/5316:2943/2033 duty=13/19 pwm=PWM2:13/PWM1:19 motor=2:13/1:19
CrossDiag: type=CROSS_NONE track=1 half_lr=0/0 nearL=0@-1/0@-1 nearNum=7/170 centerNum=7/170 farL=0@-1/0@-1 farNum=0/0 farRaw=0/0 lost=0/0 not_have=0 final=170/170 flags=0/0
LineErr: aim=33 cxcy=84.0,119.6 left=1:29.75@52,88 dx=-31.5 idx=0/6 dist=12/12 right=1:1.03@83,87 dx=-1.0 idx=0/1 dist=33/476 sel=1:-3.42@87,86 dx=3.4 idx=0/16 dist=32/338 edge=1:-3.85@86.5,106.0 dx=2.5 width=74.7 l=50,114 r=123,98
CxScan: raw_ref=80.0 edge=86.5,106.0 best_raw_x=85 best_err=-0.87 best_cxcy=85.9,119.6 scan=0:-42.3,10:-38.8,20:-34.9,30:-30.6,40:-25.9,50:-20.9,60:-15.5,70:-9.7,80:-3.9,90:2.1,100:8.0,110:13.8,120:19.2,130:24.3,140:29.0
ATGSeedDiag: seed=1@35,103/1@87,94 begin=7,108 block=5 clip=8
ATGLptDiag: best=1(5.3) imip=0/6 pass=10111 acc=-1 ipm=61.6,114.8 inv=28.1,100.9 | 59(63.5) imip=49/69 pass=11101 acc=-1 ipm=155.9,9.5 inv=113.4,17.8
frame=742 line=1 track=1 cross=0 circle=0(CIRCLE_NONE) round=0 yroad=0 ramp=0 road=7 speed=0 near=9/170 raw=46/168 sel=170/170 far=0/0 far_raw=0/0 l=0@-1/0@-1 far_l=0@-1/0@-1 straight=0/1 far_straight=0/0 circle_cnt=0/0/0/0 lost=0/0 conf=5.9/66.2/0.0/0.0 dist=0 begin=0/3267 m0=(84,119) ml=(83,87) md=32/1/166 cxcy=84.0,119.6 guide=-1.54 atg=60.0/60.0/48.0 pure=-5.66/-3.37 yaw=39 cmd=239 actual=-1142 signed=0 rps=4672/5328:3104/2252 duty=13/19 pwm=PWM2:13/PWM1:19 motor=2:13/1:19
CrossDiag: type=CROSS_NONE track=1 half_lr=0/0 nearL=0@-1/0@-1 nearNum=9/170 centerNum=9/170 farL=0@-1/0@-1 farNum=0/0 farRaw=0/0 lost=0/0 not_have=0 final=170/170 flags=0/0
LineErr: aim=33 cxcy=84.0,119.6 left=1:29.62@53,88 dx=-31.3 idx=0/8 dist=16/16 right=1:0.78@83,87 dx=-0.8 idx=0/1 dist=32/479 sel=1:-3.82@88,86 dx=3.8 idx=0/16 dist=32/338 edge=1:-4.69@87.0,106.5 dx=3.0 width=73.5 l=51,114 r=123,99
CxScan: raw_ref=80.0 edge=87.0,106.5 best_raw_x=90 best_err=1.35 best_cxcy=87.9,119.6 scan=0:-43.1,10:-39.6,20:-35.8,30:-31.5,40:-26.9,50:-21.8,60:-16.4,70:-10.6,80:-4.7,90:1.4,100:7.4,110:13.2,120:18.7,130:24.0,140:28.8
ATGSeedDiag: seed=1@48,103/1@87,95 begin=7,108 block=5 clip=8
ATGLptDiag: best=4(5.9) imip=0/8 pass=10111 acc=-1 ipm=60.4,114.8 inv=25.4,101.0 | 59(66.2) imip=49/69 pass=11101 acc=-1 ipm=156.9,10.6 inv=114.3,18.0
frame=743 line=1 track=1 cross=0 circle=0(CIRCLE_NONE) round=0 yroad=0 ramp=0 road=7 speed=0 near=8/170 raw=40/170 sel=170/170 far=0/0 far_raw=0/0 l=0@-1/0@-1 far_l=0@-1/0@-1 straight=0/1 far_straight=0/0 circle_cnt=0/0/0/0 lost=0/0 conf=5.4/63.3/0.0/0.0 dist=0 begin=0/3267 m0=(84,119) ml=(84,87) md=32/1/165 cxcy=84.0,119.6 guide=-2.58 atg=60.0/60.0/52.0 pure=-5.80/-3.45 yaw=66 cmd=266 actual=-1086 signed=0 rps=4636/5364:3044/2306 duty=13/19 pwm=PWM2:13/PWM1:19 motor=2:13/1:19
CrossDiag: type=CROSS_NONE track=1 half_lr=0/0 nearL=0@-1/0@-1 nearNum=8/170 centerNum=8/170 farL=0@-1/0@-1 farNum=0/0 farRaw=0/0 lost=0/0 not_have=0 final=170/170 flags=0/0
LineErr: aim=33 cxcy=84.0,119.6 left=1:29.26@53,88 dx=-30.8 idx=0/7 dist=14/14 right=1:0.53@84,87 dx=-0.5 idx=0/1 dist=32/481 sel=1:-4.78@89,86 dx=4.7 idx=0/16 dist=32/338 edge=1:-4.76@87.0,107.0 dx=3.0 width=73.3 l=51,114 r=123,100
CxScan: raw_ref=80.0 edge=87.0,107.0 best_raw_x=90 best_err=1.37 best_cxcy=87.9,119.6 scan=0:-43.5,10:-40.0,20:-36.2,30:-31.9,40:-27.2,50:-22.1,60:-16.6,70:-10.8,80:-4.8,90:1.4,100:7.5,110:13.4,120:19.0,130:24.2,140:29.1
ATGSeedDiag: seed=1@42,104/1@87,96 begin=7,108 block=5 clip=8
ATGLptDiag: best=4(5.4) imip=0/7 pass=10111 acc=-1 ipm=57.9,114.8 inv=19.7,100.9 | 60(63.3) imip=50/70 pass=11101 acc=-1 ipm=159.3,10.0 inv=115.5,17.8
frame=744 line=1 track=1 cross=0 circle=0(CIRCLE_NONE) round=0 yroad=0 ramp=0 road=7 speed=0 near=11/170 raw=53/170 sel=170/170 far=0/0 far_raw=0/0 l=0@-1/0@-1 far_l=0@-1/0@-1 straight=0/1 far_straight=0/0 circle_cnt=0/0/0/0 lost=0/0 conf=7.7/63.6/0.0/0.0 dist=0 begin=0/3267 m0=(84,119) ml=(85,88) md=32/1/163 cxcy=84.0,119.6 guide=-2.60 atg=60.0/60.0/54.0 pure=-5.93/-3.52 yaw=66 cmd=266 actual=-1027 signed=0 rps=4635/5365:3155/2511 duty=12/18 pwm=PWM2:12/PWM1:18 motor=2:12/1:18
CrossDiag: type=CROSS_NONE track=1 half_lr=0/0 nearL=0@-1/0@-1 nearNum=11/170 centerNum=11/170 farL=0@-1/0@-1 farNum=0/0 farRaw=0/0 lost=0/0 not_have=0 final=170/170 flags=0/0
LineErr: aim=33 cxcy=84.0,119.6 left=1:30.50@52,88 dx=-32.5 idx=0/10 dist=20/20 right=1:0.72@83,88 dx=-0.7 idx=0/1 dist=32/484 sel=1:-5.39@89,87 dx=5.3 idx=0/16 dist=32/338 edge=1:-3.96@86.5,107.0 dx=2.5 width=74.3 l=50,114 r=123,100
CxScan: raw_ref=80.0 edge=86.5,107.0 best_raw_x=85 best_err=-0.89 best_cxcy=85.9,119.6 scan=0:-43.1,10:-39.5,20:-35.6,30:-31.3,40:-26.6,50:-21.4,60:-15.9,70:-10.0,80:-4.0,90:2.2,100:8.2,110:14.1,120:19.7,130:24.9,140:29.7
ATGSeedDiag: seed=1@55,104/1@87,98 begin=7,108 block=5 clip=8
ATGLptDiag: best=8(7.7) imip=0/10 pass=10111 acc=-1 ipm=54.3,114.5 inv=12.2,100.0 | 60(63.6) imip=50/70 pass=11101 acc=-1 ipm=160.2,11.1 inv=116.3,18.1
frame=745 line=1 track=1 cross=0 circle=0(CIRCLE_NONE) round=0 yroad=0 ramp=0 road=7 speed=0 near=10/170 raw=52/170 sel=170/170 far=0/0 far_raw=0/0 l=0@-1/0@-1 far_l=0@-1/0@-1 straight=0/1 far_straight=0/0 circle_cnt=0/0/0/0 lost=0/0 conf=6.9/65.3/0.0/0.0 dist=0 begin=0/3267 m0=(84,119) ml=(88,88) md=34/1/160 cxcy=84.0,119.6 guide=-3.31 atg=60.0/60.0/59.0 pure=-6.06/-3.63 yaw=84 cmd=284 actual=-953 signed=0 rps=4610/5390:3241/2659 duty=12/18 pwm=PWM2:12/PWM1:18 motor=2:12/1:18
CrossDiag: type=CROSS_NONE track=1 half_lr=0/0 nearL=0@-1/0@-1 nearNum=10/170 centerNum=10/170 farL=0@-1/0@-1 farNum=0/0 farRaw=0/0 lost=0/0 not_have=0 final=170/170 flags=0/0
LineErr: aim=33 cxcy=84.0,119.6 left=1:29.22@53,88 dx=-30.6 idx=0/9 dist=18/18 right=1:-1.65@86,88 dx=1.6 idx=0/2 dist=33/487 sel=1:-6.08@90,87 dx=5.9 idx=0/16 dist=32/338 edge=1:-5.63@87.5,107.5 dx=3.5 width=72.2 l=52,114 r=123,101
CxScan: raw_ref=80.0 edge=87.5,107.5 best_raw_x=90 best_err=0.58 best_cxcy=87.9,119.6 scan=0:-44.3,10:-40.9,20:-37.1,30:-32.8,40:-28.2,50:-23.1,60:-17.6,70:-11.7,80:-5.6,90:0.6,100:6.8,110:12.8,120:18.5,130:23.9,140:28.8
ATGSeedDiag: seed=1@54,105/1@87,99 begin=7,108 block=5 clip=8
ATGLptDiag: best=5(6.9) imip=0/9 pass=10111 acc=-1 ipm=60.9,115.4 inv=25.8,102.8 | 60(65.3) imip=50/70 pass=11101 acc=-1 ipm=161.2,12.3 inv=117.3,18.3
frame=746 line=1 track=1 cross=0 circle=0(CIRCLE_NONE) round=0 yroad=0 ramp=0 road=7 speed=0 near=11/165 raw=53/170 sel=165/170 far=0/0 far_raw=0/0 l=0@-1/0@-1 far_l=0@-1/0@-1 straight=0/1 far_straight=0/0 circle_cnt=0/0/0/0 lost=0/0 conf=7.4/61.4/0.0/0.0 dist=0 begin=0/3267 m0=(84,119) ml=(86,88) md=32/1/160 cxcy=84.0,119.6 guide=-3.67 atg=60.0/60.0/60.0 pure=-6.20/-3.70 yaw=94 cmd=294 actual=-870 signed=0 rps=4598/5402:3112/2618 duty=12/19 pwm=PWM2:12/PWM1:19 motor=2:12/1:19
CrossDiag: type=CROSS_NONE track=1 half_lr=0/0 nearL=0@-1/0@-1 nearNum=11/165 centerNum=11/165 farL=0@-1/0@-1 farNum=0/0 farRaw=0/0 lost=0/0 not_have=0 final=165/170 flags=0/0
LineErr: aim=33 cxcy=84.0,119.6 left=1:30.18@52,88 dx=-31.9 idx=0/10 dist=20/20 right=1:-1.89@86,88 dx=1.8 idx=0/2 dist=33/462 sel=1:-6.62@90,87 dx=6.4 idx=0/16 dist=32/338 edge=1:-4.07@86.5,108.0 dx=2.5 width=74.0 l=50,114 r=123,102
CxScan: raw_ref=80.0 edge=86.5,108.0 best_raw_x=85 best_err=-0.92 best_cxcy=85.9,119.6 scan=0:-43.9,10:-40.4,20:-36.4,30:-32.0,40:-27.2,50:-22.0,60:-16.3,70:-10.3,80:-4.1,90:2.2,100:8.5,110:14.5,120:20.2,130:25.5,140:30.4
ATGSeedDiag: seed=1@55,106/1@87,100 begin=7,108 block=5 clip=8
ATGLptDiag: best=6(7.4) imip=0/10 pass=10111 acc=-1 ipm=59.1,115.4 inv=21.6,102.9 | 59(61.4) imip=49/69 pass=11101 acc=-1 ipm=162.5,15.9 inv=119.3,19.0
frame=747 line=1 track=1 cross=0 circle=0(CIRCLE_NONE) round=0 yroad=0 ramp=0 road=7 speed=0 near=11/164 raw=52/170 sel=164/170 far=0/0 far_raw=0/0 l=0@-1/0@-1 far_l=0@-1/0@-1 straight=0/1 far_straight=0/0 circle_cnt=0/0/0/0 lost=0/0 conf=8.2/58.4/0.0/0.0 dist=0 begin=0/3267 m0=(84,119) ml=(86,89) md=32/1/158 cxcy=84.0,119.6 guide=-3.69 atg=60.0/60.0/60.0 pure=-6.32/-3.83 yaw=94 cmd=294 actual=-783 signed=0 rps=4597/5403:3235/2759 duty=12/18 pwm=PWM2:12/PWM1:18 motor=2:12/1:18
CrossDiag: type=CROSS_NONE track=1 half_lr=0/0 nearL=0@-1/0@-1 nearNum=11/164 centerNum=11/164 farL=0@-1/0@-1 farNum=0/0 farRaw=0/0 lost=0/0 not_have=0 final=164/170 flags=0/0
LineErr: aim=33 cxcy=84.0,119.6 left=1:30.17@52,88 dx=-31.9 idx=0/10 dist=20/20 right=1:-1.77@86,89 dx=1.7 idx=0/2 dist=32/462 sel=1:-6.70@90,88 dx=6.5 idx=0/16 dist=32/338 edge=1:-4.13@86.5,108.5 dx=2.5 width=73.8 l=50,114 r=123,103
CxScan: raw_ref=80.0 edge=86.5,108.5 best_raw_x=85 best_err=-0.93 best_cxcy=85.9,119.6 scan=0:-44.3,10:-40.8,20:-36.8,30:-32.4,40:-27.6,50:-22.3,60:-16.5,70:-10.4,80:-4.1,90:2.3,100:8.6,110:14.7,120:20.5,130:25.9,140:30.8
ATGSeedDiag: seed=1@54,107/1@87,102 begin=7,108 block=5 clip=8
ATGLptDiag: best=9(8.2) imip=0/10 pass=10111 acc=-1 ipm=51.9,114.4 inv=6.7,99.9 | 60(58.4) imip=50/70 pass=10101 acc=-1 ipm=164.8,15.3 inv=120.4,18.9
frame=748 line=1 track=1 cross=0 circle=0(CIRCLE_NONE) round=0 yroad=0 ramp=0 road=7 speed=0 near=10/160 raw=52/170 sel=160/170 far=0/0 far_raw=0/0 l=0@-1/0@-1 far_l=0@-1/0@-1 straight=0/1 far_straight=0/0 circle_cnt=0/0/0/0 lost=0/0 conf=6.9/61.5/0.0/0.0 dist=0 begin=0/3267 m0=(84,119) ml=(86,89) md=32/1/160 cxcy=84.0,119.6 guide=-4.07 atg=60.0/60.0/60.0 pure=-6.40/-3.90 yaw=104 cmd=304 actual=-695 signed=0 rps=4584/5416:3041/2600 duty=12/19 pwm=PWM2:12/PWM1:19 motor=2:12/1:19
CrossDiag: type=CROSS_NONE track=1 half_lr=0/0 nearL=0@-1/0@-1 nearNum=10/160 centerNum=10/160 farL=0@-1/0@-1 farNum=0/0 farRaw=0/0 lost=0/0 not_have=0 final=160/170 flags=0/0
LineErr: aim=33 cxcy=84.0,119.6 left=1:28.81@54,89 dx=-29.8 idx=0/9 dist=18/18 right=1:-1.92@86,89 dx=1.8 idx=0/2 dist=32/447 sel=1:-7.15@91,88 dx=6.9 idx=0/16 dist=32/338 edge=1:-5.88@87.5,109.0 dx=3.5 width=72.0 l=52,115 r=123,103
CxScan: raw_ref=80.0 edge=87.5,109.0 best_raw_x=90 best_err=0.61 best_cxcy=87.9,119.6 scan=0:-45.6,10:-42.1,20:-38.3,30:-34.0,40:-29.2,50:-24.0,60:-18.3,70:-12.2,80:-5.9,90:0.6,100:7.1,110:13.3,120:19.3,130:24.8,140:29.9
ATGSeedDiag: seed=1@54,108/1@87,103 begin=7,108 block=5 clip=8
ATGLptDiag: best=3(6.9) imip=0/9 pass=10111 acc=-1 ipm=65.7,116.4 inv=35.9,106.0 | 61(61.5) imip=51/71 pass=11101 acc=-1 ipm=165.8,13.9 inv=120.5,18.6
frame=749 line=1 track=1 cross=0 circle=0(CIRCLE_NONE) round=0 yroad=0 ramp=0 road=7 speed=0 near=13/151 raw=65/170 sel=151/170 far=0/0 far_raw=0/0 l=0@-1/0@-1 far_l=0@-1/0@-1 straight=0/1 far_straight=0/0 circle_cnt=0/0/0/0 lost=0/0 conf=8.6/65.1/0.0/0.0 dist=0 begin=0/3267 m0=(84,119) ml=(89,89) md=33/1/157 cxcy=84.0,119.6 guide=-4.80 atg=60.0/60.0/60.0 pure=-6.49/-3.93 yaw=122 cmd=322 actual=-611 signed=0 rps=4558/5442:3169/2811 duty=12/18 pwm=PWM2:12/PWM1:18 motor=2:12/1:18
CrossDiag: type=CROSS_NONE track=1 half_lr=0/0 nearL=0@-1/0@-1 nearNum=13/151 centerNum=13/151 farL=0@-1/0@-1 farNum=0/0 farRaw=0/0 lost=0/0 not_have=0 final=151/170 flags=0/0
LineErr: aim=33 cxcy=84.0,119.6 left=1:29.77@53,89 dx=-31.0 idx=0/12 dist=24/24 right=1:-2.12@86,90 dx=2.0 idx=0/2 dist=32/414 sel=1:-8.07@92,88 dx=7.7 idx=0/16 dist=32/338 edge=1:-5.11@87.0,109.5 dx=3.0 width=72.8 l=51,115 r=123,104
CxScan: raw_ref=80.0 edge=87.0,109.5 best_raw_x=90 best_err=1.48 best_cxcy=87.9,119.6 scan=0:-45.6,10:-42.1,20:-38.2,30:-33.8,40:-28.9,50:-23.6,60:-17.8,70:-11.6,80:-5.1,90:1.5,100:8.0,110:14.3,120:20.3,130:25.8,140:30.9
ATGSeedDiag: seed=1@67,108/1@87,104 begin=7,108 block=5 clip=8
ATGLptDiag: best=5(8.6) imip=0/12 pass=10111 acc=-1 ipm=66.6,116.7 inv=37.7,107.0 | 60(65.1) imip=50/70 pass=11101 acc=-1 ipm=165.4,16.7 inv=121.3,19.2
frame=750 line=1 track=1 cross=0 circle=0(CIRCLE_NONE) round=0 yroad=0 ramp=0 road=7 speed=0 near=14/148 raw=71/170 sel=148/168 far=0/0 far_raw=0/0 l=0@-1/0@-1 far_l=0@-1/0@-1 straight=0/1 far_straight=0/0 circle_cnt=0/0/0/0 lost=0/0 conf=9.3/66.6/0.0/0.0 dist=0 begin=0/3267 m0=(84,119) ml=(88,90) md=32/1/157 cxcy=84.0,119.6 guide=-5.18 atg=60.0/60.0/60.0 pure=-6.58/-3.92 yaw=132 cmd=332 actual=-539 signed=0 rps=4545/5455:2995/2735 duty=12/19 pwm=PWM2:12/PWM1:19 motor=2:12/1:19
CrossDiag: type=CROSS_NONE track=1 half_lr=0/0 nearL=0@-1/0@-1 nearNum=14/148 centerNum=14/148 farL=0@-1/0@-1 farNum=0/0 farRaw=0/0 lost=0/0 not_have=0 final=148/168 flags=0/0
LineErr: aim=33 cxcy=84.0,119.6 left=1:29.63@53,89 dx=-30.7 idx=0/13 dist=26/26 right=1:-4.09@88,90 dx=3.8 idx=0/3 dist=33/397 sel=1:-8.63@92,89 dx=8.2 idx=0/16 dist=32/334 edge=1:-5.11@87.0,109.5 dx=3.0 width=72.8 l=51,115 r=123,104
CxScan: raw_ref=80.0 edge=87.0,109.5 best_raw_x=90 best_err=1.48 best_cxcy=87.9,119.6 scan=0:-45.6,10:-42.1,20:-38.2,30:-33.8,40:-28.9,50:-23.6,60:-17.8,70:-11.6,80:-5.1,90:1.5,100:8.0,110:14.3,120:20.3,130:25.8,140:30.9
ATGSeedDiag: seed=1@73,108/1@87,106 begin=7,108 block=5 clip=8
ATGLptDiag: best=6(9.3) imip=0/13 pass=10111 acc=-1 ipm=66.8,116.9 inv=37.9,108.0 | 60(66.6) imip=50/70 pass=11101 acc=-1 ipm=165.1,17.2 inv=121.3,19.3
frame=751 line=1 track=1 cross=0 circle=0(CIRCLE_NONE) round=0 yroad=0 ramp=0 road=7 speed=0 near=5/146 raw=24/170 sel=146/166 far=0/0 far_raw=0/0 l=0@-1/0@-1 far_l=0@-1/0@-1 straight=0/1 far_straight=0/0 circle_cnt=0/0/0/0 lost=0/0 conf=9.7/60.9/0.0/0.0 dist=0 begin=0/3267 m0=(84,119) ml=(88,90) md=32/1/158 cxcy=84.0,119.6 guide=-5.76 atg=60.0/60.0/60.0 pure=-6.65/-3.92 yaw=147 cmd=347 actual=-487 signed=0 rps=4525/5475:3023/2893 duty=12/19 pwm=PWM2:12/PWM1:19 motor=2:12/1:19
CrossDiag: type=CROSS_NONE track=1 half_lr=0/0 nearL=0@-1/0@-1 nearNum=5/146 centerNum=5/146 farL=0@-1/0@-1 farNum=0/0 farRaw=0/0 lost=0/0 not_have=0 final=146/166 flags=0/0
LineErr: aim=33 cxcy=84.0,119.6 left=1:28.21@55,89 dx=-28.7 idx=0/4 dist=8/8 right=1:-4.23@88,90 dx=3.9 idx=0/3 dist=33/400 sel=1:-9.20@93,89 dx=8.7 idx=0/16 dist=32/330 edge=1:-6.06@87.5,110.0 dx=3.5 width=71.7 l=52,115 r=123,105
CxScan: raw_ref=80.0 edge=87.5,110.0 best_raw_x=90 best_err=0.63 best_cxcy=87.9,119.6 scan=0:-46.4,10:-43.0,20:-39.1,30:-34.8,40:-30.0,50:-24.6,60:-18.8,70:-12.6,80:-6.1,90:0.6,100:7.3,110:13.7,120:19.8,130:25.5,140:30.6
ATGSeedDiag: seed=1@26,108/1@87,107 begin=7,108 block=5 clip=8
ATGLptDiag: best=1(9.7) imip=0/4 pass=10111 acc=-1 ipm=58.6,116.4 inv=18.9,106.3 | 60(60.9) imip=50/70 pass=11101 acc=-1 ipm=166.4,18.4 inv=122.5,19.6
frame=752 line=1 track=1 cross=0 circle=0(CIRCLE_NONE) round=0 yroad=0 ramp=0 road=7 speed=0 near=1/139 raw=170/170 sel=139/151 far=0/0 far_raw=0/0 l=0@-1/0@-1 far_l=0@-1/0@-1 straight=0/1 far_straight=0/0 circle_cnt=0/0/0/0 lost=0/0 conf=0.0/63.9/0.0/0.0 dist=0 begin=0/3267 m0=(84,119) ml=(89,90) md=32/1/154 cxcy=84.0,119.6 guide=-6.13 atg=60.0/60.0/60.0 pure=-6.74/-3.95 yaw=368 cmd=568 actual=-445 signed=0 rps=4222/5778:3083/3049 duty=11/20 pwm=PWM2:11/PWM1:20 motor=2:11/1:20
CrossDiag: type=CROSS_NONE track=1 half_lr=0/0 nearL=0@-1/0@-1 nearNum=1/139 centerNum=1/139 farL=0@-1/0@-1 farNum=0/0 farRaw=0/0 lost=0/0 not_have=0 final=139/151 flags=0/0
LineErr: aim=33 cxcy=84.0,119.6 left=0:0.00@-1,-1 dx=0.0 idx=-1/-1 dist=-1/-1 right=1:-4.41@88,90 dx=4.0 idx=0/3 dist=33/360 sel=1:-9.60@93,89 dx=9.0 idx=0/16 dist=32/300 edge=0:0.00@-1.0,-1.0 dx=0.0 width=0.0 l=-1,-1 r=123,106
ATGSeedDiag: seed=1@60,108/1@87,108 begin=7,108 block=5 clip=8
ATGLptDiag: best=-1(-57295.8) imip=-1/-1 pass=00000 acc=-1 ipm=-1.0,-1.0 inv=-1.0,-1.0 | 59(63.9) imip=49/69 pass=11101 acc=-1 ipm=166.0,21.0 inv=123.3,20.2
frame=753 line=1 track=1 cross=0 circle=0(CIRCLE_NONE) round=0 yroad=0 ramp=0 road=7 speed=0 near=3/139 raw=14/170 sel=139/153 far=0/0 far_raw=0/0 l=0@-1/0@-1 far_l=0@-1/0@-1 straight=0/1 far_straight=0/0 circle_cnt=0/0/0/0 lost=0/0 conf=7.6/67.1/0.0/0.0 dist=0 begin=0/3267 m0=(84,119) ml=(90,91) md=32/1/155 cxcy=84.0,119.6 guide=-7.62 atg=60.0/60.0/60.0 pure=-6.79/-3.93 yaw=457 cmd=657 actual=-402 signed=0 rps=4100/5900:2912/2949 duty=11/20 pwm=PWM2:11/PWM1:20 motor=2:11/1:20
CrossDiag: type=CROSS_NONE track=1 half_lr=0/0 nearL=0@-1/0@-1 nearNum=3/139 centerNum=3/139 farL=0@-1/0@-1 farNum=0/0 farRaw=0/0 lost=0/0 not_have=0 final=139/153 flags=0/0
LineErr: aim=33 cxcy=84.0,119.6 left=1:27.90@56,90 dx=-28.0 idx=0/2 dist=4/4 right=1:-5.90@89,91 dx=5.4 idx=0/3 dist=32/363 sel=1:-11.07@94,90 dx=10.4 idx=0/16 dist=32/304 edge=1:-7.90@88.5,110.5 dx=4.5 width=73.8 l=52,116 r=125,105
CxScan: raw_ref=80.0 edge=88.5,110.5 best_raw_x=90 best_err=-1.14 best_cxcy=87.9,119.6 scan=0:-47.7,10:-44.4,20:-40.6,30:-36.4,40:-31.7,50:-26.4,60:-20.7,70:-14.5,80:-7.9,90:-1.1,100:5.6,110:12.2,120:18.5,130:24.4,140:29.7
ATGSeedDiag: seed=1@16,108/1@91,108 begin=7,108 block=5 clip=8
ATGLptDiag: best=1(7.6) imip=0/2 pass=10111 acc=-1 ipm=54.4,116.2 inv=9.2,105.8 | 58(67.1) imip=48/68 pass=11101 acc=-1 ipm=165.4,22.0 inv=123.3,20.4
frame=754 line=1 track=1 cross=0 circle=0(CIRCLE_NONE) round=0 yroad=0 ramp=0 road=7 speed=0 near=2/145 raw=10/170 sel=145/170 far=0/0 far_raw=0/0 l=0@-1/0@-1 far_l=0@-1/0@-1 straight=0/1 far_straight=0/0 circle_cnt=0/0/0/0 lost=0/0 conf=0.0/60.8/0.0/0.0 dist=0 begin=0/3267 m0=(84,119) ml=(92,91) md=32/1/151 cxcy=84.0,119.6 guide=-9.73 atg=60.0/60.0/60.0 pure=-6.81/-3.91 yaw=584 cmd=784 actual=-352 signed=0 rps=3926/6074:2982/3076 duty=10/21 pwm=PWM2:10/PWM1:21 motor=2:10/1:21
CrossDiag: type=CROSS_NONE track=1 half_lr=0/0 nearL=0@-1/0@-1 nearNum=2/145 centerNum=2/145 farL=0@-1/0@-1 farNum=0/0 farRaw=0/0 lost=0/0 not_have=0 final=145/170 flags=0/0
LineErr: aim=33 cxcy=84.0,119.6 left=1:28.13@56,90 dx=-28.1 idx=0/1 dist=2/2 right=1:-7.97@91,91 dx=7.3 idx=0/3 dist=32/410 sel=1:-12.98@96,89 dx=12.3 idx=0/16 dist=32/338 edge=1:-10.34@90.0,110.0 dx=6.0 width=75.0 l=53,116 r=127,104
CxScan: raw_ref=80.0 edge=90.0,110.0 best_raw_x=95 best_err=-0.40 best_cxcy=89.8,119.6 scan=0:-48.5,10:-45.3,20:-41.7,30:-37.7,40:-33.2,50:-28.2,60:-22.7,70:-16.7,80:-10.3,90:-3.7,100:2.9,110:9.5,120:15.9,130:21.8,140:27.3
ATGSeedDiag: seed=1@12,108/1@97,108 begin=7,108 block=5 clip=8
ATGLptDiag: best=-1(-57295.8) imip=-1/-1 pass=00000 acc=-1 ipm=-1.0,-1.0 inv=-1.0,-1.0 | 58(60.8) imip=48/68 pass=11101 acc=-1 ipm=167.9,20.7 inv=124.3,20.1
frame=755 line=1 track=1 cross=0 circle=0(CIRCLE_NONE) round=0 yroad=0 ramp=0 road=7 speed=0 near=1/155 raw=6/169 sel=155/170 far=0/0 far_raw=0/0 l=0@-1/0@-1 far_l=0@-1/0@-1 straight=0/1 far_straight=0/0 circle_cnt=0/0/0/0 lost=0/0 conf=0.0/61.4/0.0/0.0 dist=0 begin=0/3267 m0=(84,119) ml=(94,91) md=32/1/149 cxcy=84.0,119.6 guide=-11.49 atg=60.0/60.0/60.0 pure=-6.83/-3.94 yaw=690 cmd=890 actual=-292 signed=0 rps=3781/6219:2834/2949 duty=10/21 pwm=PWM2:10/PWM1:21 motor=2:10/1:21
CrossDiag: type=CROSS_NONE track=1 half_lr=0/0 nearL=0@-1/0@-1 nearNum=1/155 centerNum=1/155 farL=0@-1/0@-1 farNum=0/0 farRaw=0/0 lost=0/0 not_have=0 final=155/170 flags=0/0
LineErr: aim=33 cxcy=84.0,119.6 left=0:0.00@-1,-1 dx=0.0 idx=-1/-1 dist=-1/-1 right=1:-9.94@93,91 dx=9.1 idx=0/3 dist=33/444 sel=1:-14.67@98,89 dx=14.0 idx=0/16 dist=32/338 edge=0:0.00@-1.0,-1.0 dx=0.0 width=0.0 l=-1,-1 r=129,103
ATGSeedDiag: seed=1@8,108/1@103,108 begin=7,108 block=5 clip=8
ATGLptDiag: best=-1(-57295.8) imip=-1/-1 pass=00000 acc=-1 ipm=-1.0,-1.0 inv=-1.0,-1.0 | 57(61.4) imip=47/67 pass=11101 acc=-1 ipm=169.0,21.3 inv=125.3,20.2
frame=756 line=1 track=1 cross=0 circle=0(CIRCLE_NONE) round=0 yroad=0 ramp=0 road=7 speed=0 near=1/21 raw=3/61 sel=21/29 far=0/0 far_raw=0/0 l=0@-1/0@-1 far_l=0@-1/0@-1 straight=0/0 far_straight=0/0 circle_cnt=0/0/0/0 lost=0/0 conf=0.0/15.0/0.0/0.0 dist=0 begin=0/3267 m0=(84,119) ml=(97,90) md=33/1/61 cxcy=84.0,119.6 guide=-13.84 atg=60.0/60.0/60.0 pure=-6.98/-6.98 yaw=830 cmd=1030 actual=-235 signed=0 rps=3588/6412:2988/3046 duty=9/22 pwm=PWM2:9/PWM1:22 motor=2:9/1:22
CrossDiag: type=CROSS_NONE track=1 half_lr=0/0 nearL=0@-1/0@-1 nearNum=1/21 centerNum=1/21 farL=0@-1/0@-1 farNum=0/0 farRaw=0/0 lost=0/0 not_have=0 final=21/29 flags=0/0
LineErr: aim=33 cxcy=84.0,119.6 left=0:0.00@-1,-1 dx=0.0 idx=-1/-1 dist=-1/-1 right=1:-11.56@95,91 dx=10.6 idx=0/3 dist=33/67 sel=1:-15.96@99,89 dx=15.2 idx=0/16 dist=32/56 edge=0:0.00@-1.0,-1.0 dx=0.0 width=0.0 l=-1,-1 r=131,103
ATGSeedDiag: seed=1@5,108/1@108,108 begin=7,108 block=5 clip=8
ATGLptDiag: best=-1(-57295.8) imip=-1/-1 pass=00000 acc=-1 ipm=-1.0,-1.0 inv=-1.0,-1.0 | 10(15.0) imip=0/20 pass=10111 acc=-1 ipm=118.8,109.6 inv=145.6,85.4
frame=757 line=1 track=1 cross=0 circle=0(CIRCLE_NONE) round=0 yroad=0 ramp=0 road=7 speed=0 near=0/17 raw=0/52 sel=17/26 far=0/0 far_raw=0/0 l=0@-1/0@-1 far_l=0@-1/0@-1 straight=0/0 far_straight=0/0 circle_cnt=0/0/0/0 lost=0/0 conf=0.0/12.6/0.0/0.0 dist=0 begin=0/3267 m0=(84,119) ml=(98,90) md=33/1/55 cxcy=84.0,119.6 guide=-15.06 atg=60.0/60.0/60.0 pure=-7.22/-7.22 yaw=904 cmd=1104 actual=-190 signed=0 rps=3487/6513:3157/3079 duty=9/22 pwm=PWM2:9/PWM1:22 motor=2:9/1:22
CrossDiag: type=CROSS_NONE track=1 half_lr=0/0 nearL=0@-1/0@-1 nearNum=0/17 centerNum=0/17 farL=0@-1/0@-1 farNum=0/0 farRaw=0/0 lost=0/0 not_have=0 final=17/26 flags=0/0
LineErr: aim=33 cxcy=84.0,119.6 left=0:0.00@-1,-1 dx=0.0 idx=-1/-1 dist=-1/-1 right=1:-13.06@96,91 dx=12.0 idx=0/3 dist=33/59 sel=1:-17.10@100,89 dx=16.4 idx=0/16 dist=32/50 edge=0:0.00@-1.0,-1.0 dx=0.0 width=0.0 l=-1,-1 r=133,102
ATGSeedDiag: seed=0@-1,-1/1@113,108 begin=7,108 block=5 clip=8
ATGLptDiag: best=-1(-57295.8) imip=-1/-1 pass=00000 acc=-1 ipm=-1.0,-1.0 inv=-1.0,-1.0 | 6(12.6) imip=0/16 pass=10111 acc=-1 ipm=112.3,112.9 inv=138.5,94.0
frame=758 line=1 track=1 cross=0 circle=0(CIRCLE_NONE) round=0 yroad=0 ramp=0 road=7 speed=0 near=0/16 raw=0/48 sel=16/26 far=0/0 far_raw=0/0 l=0@-1/0@-1 far_l=0@-1/0@-1 straight=0/0 far_straight=0/0 circle_cnt=0/0/0/0 lost=0/0 conf=0.0/12.2/0.0/0.0 dist=0 begin=0/3267 m0=(84,119) ml=(99,90) md=32/1/54 cxcy=84.0,119.6 guide=-17.04 atg=60.0/60.0/60.0 pure=-7.26/-7.26 yaw=1022 cmd=1222 actual=-141 signed=0 rps=3325/6675:3084/2910 duty=8/23 pwm=PWM2:8/PWM1:23 motor=2:8/1:23
CrossDiag: type=CROSS_NONE track=1 half_lr=0/0 nearL=0@-1/0@-1 nearNum=0/16 centerNum=0/16 farL=0@-1/0@-1 farNum=0/0 farRaw=0/0 lost=0/0 not_have=0 final=16/26 flags=0/0
LineErr: aim=33 cxcy=84.0,119.6 left=0:0.00@-1,-1 dx=0.0 idx=-1/-1 dist=-1/-1 right=1:-14.30@97,91 dx=13.2 idx=0/3 dist=33/57 sel=1:-17.97@101,90 dx=17.3 idx=0/16 dist=32/50 edge=0:0.00@-1.0,-1.0 dx=0.0 width=0.0 l=-1,-1 r=132,102
ATGSeedDiag: seed=0@-1,-1/1@117,108 begin=7,108 block=5 clip=8
ATGLptDiag: best=-1(-57295.8) imip=-1/-1 pass=00000 acc=-1 ipm=-1.0,-1.0 inv=-1.0,-1.0 | 6(12.2) imip=0/15 pass=10111 acc=-1 ipm=113.9,112.6 inv=141.4,93.3
frame=759 line=1 track=1 cross=0 circle=0(CIRCLE_NONE) round=0 yroad=0 ramp=0 road=7 speed=0 near=0/14 raw=0/44 sel=14/24 far=0/0 far_raw=0/0 l=0@-1/0@-1 far_l=0@-1/0@-1 straight=0/0 far_straight=0/0 circle_cnt=0/0/0/0 lost=0/0 conf=0.0/8.0/0.0/0.0 dist=0 begin=0/3267 m0=(84,119) ml=(100,90) md=32/1/49 cxcy=84.0,119.6 guide=-17.86 atg=60.0/60.0/60.0 pure=-7.37/-7.37 yaw=1072 cmd=1272 actual=-93 signed=0 rps=3257/6743:3297/3118 duty=8/23 pwm=PWM2:8/PWM1:23 motor=2:8/1:23
CrossDiag: type=CROSS_NONE track=1 half_lr=0/0 nearL=0@-1/0@-1 nearNum=0/14 centerNum=0/14 farL=0@-1/0@-1 farNum=0/0 farRaw=0/0 lost=0/0 not_have=0 final=14/24 flags=0/0
LineErr: aim=33 cxcy=84.0,119.6 left=0:0.00@-1,-1 dx=0.0 idx=-1/-1 dist=-1/-1 right=1:-15.43@98,91 dx=14.3 idx=0/3 dist=33/53 sel=1:-18.75@102,90 dx=18.0 idx=0/16 dist=32/46 edge=0:0.00@-1.0,-1.0 dx=0.0 width=0.0 l=-1,-1 r=130,104
ATGSeedDiag: seed=0@-1,-1/1@121,108 begin=7,108 block=5 clip=8
ATGLptDiag: best=-1(-57295.8) imip=-1/-1 pass=00000 acc=-1 ipm=-1.0,-1.0 inv=-1.0,-1.0 | 1(8.0) imip=0/11 pass=10111 acc=-1 ipm=104.6,116.3 inv=127.3,104.6
frame=760 line=1 track=1 cross=0 circle=0(CIRCLE_NONE) round=0 yroad=0 ramp=0 road=7 speed=0 near=1/13 raw=170/39 sel=13/24 far=0/0 far_raw=0/0 l=0@-1/0@-1 far_l=0@-1/0@-1 straight=0/0 far_straight=0/0 circle_cnt=0/0/0/0 lost=0/0 conf=0.0/8.6/0.0/0.0 dist=0 begin=0/3267 m0=(84,119) ml=(101,91) md=32/1/49 cxcy=84.0,119.6 guide=-18.57 atg=60.0/60.0/60.0 pure=-7.43/-7.43 yaw=1114 cmd=1314 actual=-37 signed=0 rps=3199/6801:3249/3105 duty=7/24 pwm=PWM2:7/PWM1:24 motor=2:7/1:24
CrossDiag: type=CROSS_NONE track=1 half_lr=0/0 nearL=0@-1/0@-1 nearNum=1/13 centerNum=1/13 farL=0@-1/0@-1 farNum=0/0 farRaw=0/0 lost=0/0 not_have=0 final=13/24 flags=0/0
LineErr: aim=33 cxcy=84.0,119.6 left=0:0.00@-1,-1 dx=0.0 idx=-1/-1 dist=-1/-1 right=1:-14.62@97,92 dx=13.3 idx=0/2 dist=32/52 sel=1:-19.41@103,90 dx=18.7 idx=0/16 dist=32/46 edge=0:0.00@-1.0,-1.0 dx=0.0 width=0.0 l=-1,-1 r=129,105
ATGSeedDiag: seed=1@68,85/1@124,108 begin=7,108 block=5 clip=8
ATGLptDiag: best=-1(-57295.8) imip=-1/-1 pass=00000 acc=-1 ipm=-1.0,-1.0 inv=-1.0,-1.0 | 1(8.6) imip=0/11 pass=10111 acc=-1 ipm=105.8,116.3 inv=130.2,104.5
frame=762 line=1 track=1 cross=0 circle=0(CIRCLE_NONE) round=0 yroad=0 ramp=0 road=7 speed=0 near=1/10 raw=170/31 sel=10/22 far=0/0 far_raw=0/0 l=0@-1/0@-1 far_l=0@-1/0@-1 straight=0/0 far_straight=0/0 circle_cnt=0/0/0/0 lost=0/0 conf=0.0/11.3/0.0/0.0 dist=0 begin=0/3267 m0=(84,119) ml=(104,90) md=33/1/43 cxcy=84.0,119.6 guide=-20.77 atg=60.0/60.0/60.0 pure=-7.57/-7.57 yaw=1246 cmd=1446 actual=104 signed=0 rps=3018/6982:3475/3637 duty=6/24 pwm=PWM2:6/PWM1:24 motor=2:6/1:24
CrossDiag: type=CROSS_NONE track=1 half_lr=0/0 nearL=0@-1/0@-1 nearNum=1/10 centerNum=1/10 farL=0@-1/0@-1 farNum=0/0 farRaw=0/0 lost=0/0 not_have=0 final=10/22 flags=0/0
LineErr: aim=33 cxcy=84.0,119.6 left=0:0.00@-1,-1 dx=0.0 idx=-1/-1 dist=-1/-1 right=1:-17.49@100,91 dx=16.2 idx=0/2 dist=33/47 sel=1:-20.78@104,90 dx=20.1 idx=0/16 dist=32/42 edge=0:0.00@-1.0,-1.0 dx=0.0 width=0.0 l=-1,-1 r=125,108
ATGSeedDiag: seed=1@68,87/1@130,108 begin=7,108 block=5 clip=8
ATGLptDiag: best=-1(-57295.8) imip=-1/-1 pass=00000 acc=-1 ipm=-1.0,-1.0 inv=-1.0,-1.0 | 1(11.3) imip=0/9 pass=10111 acc=-1 ipm=108.4,116.1 inv=135.9,104.1
frame=763 line=1 track=1 cross=0 circle=0(CIRCLE_NONE) round=0 yroad=0 ramp=0 road=7 speed=0 near=1/9 raw=170/28 sel=9/21 far=0/0 far_raw=0/0 l=0@-1/0@-1 far_l=0@-1/0@-1 straight=0/0 far_straight=0/0 circle_cnt=0/0/0/0 lost=0/0 conf=0.0/8.8/0.0/0.0 dist=0 begin=0/3267 m0=(84,119) ml=(105,90) md=34/1/42 cxcy=84.0,119.6 guide=-20.63 atg=60.0/60.0/60.0 pure=-7.58/-7.58 yaw=1238 cmd=1438 actual=176 signed=0 rps=3029/6971:3338/3677 duty=7/24 pwm=PWM2:7/PWM1:24 motor=2:7/1:24
CrossDiag: type=CROSS_NONE track=1 half_lr=0/0 nearL=0@-1/0@-1 nearNum=1/9 centerNum=1/9 farL=0@-1/0@-1 farNum=0/0 farRaw=0/0 lost=0/0 not_have=0 final=9/21 flags=0/0
LineErr: aim=33 cxcy=84.0,119.6 left=0:0.00@-1,-1 dx=0.0 idx=-1/-1 dist=-1/-1 right=1:-18.52@101,91 dx=17.2 idx=0/2 dist=33/45 sel=1:-21.29@105,90 dx=20.6 idx=0/16 dist=32/40 edge=0:0.00@-1.0,-1.0 dx=0.0 width=0.0 l=-1,-1 r=124,109
ATGSeedDiag: seed=1@68,88/1@133,108 begin=7,108 block=5 clip=8
ATGLptDiag: best=-1(-57295.8) imip=-1/-1 pass=00000 acc=-1 ipm=-1.0,-1.0 inv=-1.0,-1.0 | 1(8.8) imip=0/8 pass=10111 acc=-1 ipm=109.6,116.0 inv=138.6,103.7
frame=766 line=1 track=1 cross=0 circle=0(CIRCLE_NONE) round=0 yroad=0 ramp=0 road=7 speed=0 near=1/7 raw=170/22 sel=7/19 far=0/0 far_raw=0/0 l=0@-1/0@-1 far_l=0@-1/0@-1 straight=0/0 far_straight=0/0 circle_cnt=0/0/0/0 lost=0/0 conf=0.0/5.5/0.0/0.0 dist=0 begin=0/3267 m0=(84,119) ml=(103,91) md=32/1/39 cxcy=84.0,119.6 guide=-21.65 atg=60.0/60.0/60.0 pure=-7.56/-7.56 yaw=1299 cmd=1499 actual=402 signed=0 rps=2946/7054:3416/3942 duty=6/24 pwm=PWM2:6/PWM1:24 motor=2:6/1:24
CrossDiag: type=CROSS_NONE track=1 half_lr=0/0 nearL=0@-1/0@-1 nearNum=1/7 centerNum=1/7 farL=0@-1/0@-1 farNum=0/0 farRaw=0/0 lost=0/0 not_have=0 final=7/19 flags=0/0
LineErr: aim=33 cxcy=84.0,119.6 left=0:0.00@-1,-1 dx=0.0 idx=-1/-1 dist=-1/-1 right=1:-18.75@101,92 dx=17.2 idx=0/1 dist=32/42 sel=1:-22.34@106,90 dx=21.6 idx=0/16 dist=32/36 edge=0:0.00@-1.0,-1.0 dx=0.0 width=0.0 l=-1,-1 r=123,111
ATGSeedDiag: seed=1@67,91/1@139,108 begin=7,108 block=5 clip=8
ATGLptDiag: best=-1(-57295.8) imip=-1/-1 pass=00000 acc=-1 ipm=-1.0,-1.0 inv=-1.0,-1.0 | 1(5.5) imip=0/6 pass=10111 acc=-1 ipm=112.1,115.8 inv=144.0,103.0
frame=767 line=1 track=1 cross=0 circle=0(CIRCLE_NONE) round=0 yroad=0 ramp=0 road=7 speed=0 near=1/7 raw=170/21 sel=7/19 far=0/0 far_raw=0/0 l=0@-1/0@-1 far_l=0@-1/0@-1 straight=0/0 far_straight=0/0 circle_cnt=0/0/0/0 lost=0/0 conf=0.0/6.8/0.0/0.0 dist=0 begin=0/3267 m0=(84,119) ml=(104,91) md=33/1/39 cxcy=84.0,119.6 guide=-21.97 atg=60.0/60.0/60.0 pure=-7.60/-7.60 yaw=1318 cmd=1518 actual=442 signed=0 rps=2920/7080:3322/3856 duty=6/24 pwm=PWM2:6/PWM1:24 motor=2:6/1:24
CrossDiag: type=CROSS_NONE track=1 half_lr=0/0 nearL=0@-1/0@-1 nearNum=1/7 centerNum=1/7 farL=0@-1/0@-1 farNum=0/0 farRaw=0/0 lost=0/0 not_have=0 final=7/19 flags=0/0
LineErr: aim=33 cxcy=84.0,119.6 left=0:0.00@-1,-1 dx=0.0 idx=-1/-1 dist=-1/-1 right=1:-19.20@102,92 dx=17.5 idx=0/1 dist=32/42 sel=1:-22.62@106,90 dx=21.9 idx=0/16 dist=32/36 edge=0:0.00@-1.0,-1.0 dx=0.0 width=0.0 l=-1,-1 r=123,111
ATGSeedDiag: seed=1@67,93/1@141,108 begin=7,108 block=5 clip=8
ATGLptDiag: best=-1(-57295.8) imip=-1/-1 pass=00000 acc=-1 ipm=-1.0,-1.0 inv=-1.0,-1.0 | 1(6.8) imip=0/6 pass=10111 acc=-1 ipm=113.0,115.8 inv=146.0,103.0
frame=770 line=1 track=1 cross=0 circle=0(CIRCLE_NONE) round=0 yroad=0 ramp=0 road=7 speed=0 near=1/5 raw=170/16 sel=5/18 far=0/0 far_raw=0/0 l=0@-1/0@-1 far_l=0@-1/0@-1 straight=0/0 far_straight=0/0 circle_cnt=0/0/0/0 lost=0/0 conf=0.0/4.2/0.0/0.0 dist=0 begin=0/3267 m0=(84,119) ml=(105,92) md=33/1/38 cxcy=84.0,119.6 guide=-22.49 atg=60.0/60.0/60.0 pure=-7.65/-7.65 yaw=1349 cmd=1549 actual=540 signed=0 rps=2877/7123:3083/3992 duty=6/24 pwm=PWM2:6/PWM1:24 motor=2:6/1:24
CrossDiag: type=CROSS_NONE track=1 half_lr=0/0 nearL=0@-1/0@-1 nearNum=1/5 centerNum=1/5 farL=0@-1/0@-1 farNum=0/0 farRaw=0/0 lost=0/0 not_have=0 final=5/18 flags=0/0
LineErr: aim=33 cxcy=84.0,119.6 left=0:0.00@-1,-1 dx=0.0 idx=-1/-1 dist=-1/-1 right=1:-20.88@103,92 dx=19.3 idx=0/1 dist=33/39 sel=1:-23.41@107,91 dx=22.6 idx=0/16 dist=32/34 edge=0:0.00@-1.0,-1.0 dx=0.0 width=0.0 l=-1,-1 r=121,112
ATGSeedDiag: seed=1@66,96/1@145,108 begin=7,108 block=5 clip=8
ATGLptDiag: best=-1(-57295.8) imip=-1/-1 pass=00000 acc=-1 ipm=-1.0,-1.0 inv=-1.0,-1.0 | 1(4.2) imip=0/4 pass=10111 acc=-1 ipm=114.7,115.7 inv=149.5,102.3
frame=771 line=1 track=1 cross=0 circle=0(CIRCLE_NONE) round=0 yroad=0 ramp=0 road=7 speed=0 near=1/5 raw=170/16 sel=5/18 far=0/0 far_raw=0/0 l=0@-1/0@-1 far_l=0@-1/0@-1 straight=0/0 far_straight=0/0 circle_cnt=0/0/0/0 lost=0/0 conf=0.0/5.3/0.0/0.0 dist=0 begin=0/3267 m0=(84,119) ml=(105,92) md=33/1/37 cxcy=84.0,119.6 guide=-22.76 atg=60.0/60.0/60.0 pure=-7.69/-7.69 yaw=1366 cmd=1566 actual=600 signed=0 rps=2854/7146:3067/4010 duty=6/24 pwm=PWM2:6/PWM1:24 motor=2:6/1:24
CrossDiag: type=CROSS_NONE track=1 half_lr=0/0 nearL=0@-1/0@-1 nearNum=1/5 centerNum=1/5 farL=0@-1/0@-1 farNum=0/0 farRaw=0/0 lost=0/0 not_have=0 final=5/18 flags=0/0
LineErr: aim=33 cxcy=84.0,119.6 left=0:0.00@-1,-1 dx=0.0 idx=-1/-1 dist=-1/-1 right=1:-21.00@103,92 dx=19.3 idx=0/1 dist=33/39 sel=1:-23.61@107,91 dx=22.8 idx=0/16 dist=32/34 edge=0:0.00@-1.0,-1.0 dx=0.0 width=0.0 l=-1,-1 r=121,113
ATGSeedDiag: seed=1@66,98/1@146,108 begin=7,108 block=5 clip=8
ATGLptDiag: best=-1(-57295.8) imip=-1/-1 pass=00000 acc=-1 ipm=-1.0,-1.0 inv=-1.0,-1.0 | 1(5.3) imip=0/4 pass=10111 acc=-1 ipm=115.1,115.8 inv=150.5,102.7
frame=772 line=1 track=1 cross=0 circle=0(CIRCLE_NONE) round=0 yroad=0 ramp=0 road=7 speed=0 near=1/4 raw=170/15 sel=4/17 far=0/0 far_raw=0/0 l=0@-1/0@-1 far_l=0@-1/0@-1 straight=0/0 far_straight=0/0 circle_cnt=0/0/0/0 lost=0/0 conf=0.0/4.0/0.0/0.0 dist=0 begin=0/3267 m0=(84,119) ml=(105,92) md=33/1/35 cxcy=84.0,119.6 guide=-22.06 atg=60.0/60.0/60.0 pure=-7.59/-7.59 yaw=1323 cmd=1523 actual=660 signed=0 rps=2912/7088:2917/3755 duty=7/24 pwm=PWM2:7/PWM1:24 motor=2:7/1:24
CrossDiag: type=CROSS_NONE track=1 half_lr=0/0 nearL=0@-1/0@-1 nearNum=1/4 centerNum=1/4 farL=0@-1/0@-1 farNum=0/0 farRaw=0/0 lost=0/0 not_have=0 final=4/17 flags=0/0
LineErr: aim=33 cxcy=84.0,119.6 left=0:0.00@-1,-1 dx=0.0 idx=-1/-1 dist=-1/-1 right=1:-21.43@104,92 dx=19.8 idx=0/1 dist=34/38 sel=1:-23.77@107,91 dx=22.9 idx=0/16 dist=32/32 edge=0:0.00@-1.0,-1.0 dx=0.0 width=0.0 l=-1,-1 r=119,114
ATGSeedDiag: seed=1@65,100/1@147,108 begin=7,108 block=5 clip=8
ATGLptDiag: best=-1(-57295.8) imip=-1/-1 pass=00000 acc=-1 ipm=-1.0,-1.0 inv=-1.0,-1.0 | 1(4.0) imip=0/3 pass=10111 acc=-1 ipm=115.4,115.7 inv=151.2,102.6
frame=774 line=1 track=1 cross=0 circle=0(CIRCLE_NONE) round=0 yroad=0 ramp=0 road=7 speed=0 near=1/4 raw=170/13 sel=4/17 far=0/0 far_raw=0/0 l=0@-1/0@-1 far_l=0@-1/0@-1 straight=0/0 far_straight=0/0 circle_cnt=0/0/0/0 lost=0/0 conf=0.0/2.1/0.0/0.0 dist=0 begin=0/3267 m0=(84,119) ml=(105,92) md=33/1/35 cxcy=84.0,119.6 guide=-21.75 atg=60.0/60.0/60.0 pure=-7.63/-7.63 yaw=1305 cmd=1505 actual=766 signed=0 rps=2937/7063:3087/3800 duty=7/24 pwm=PWM2:7/PWM1:24 motor=2:7/1:24
CrossDiag: type=CROSS_NONE track=1 half_lr=0/0 nearL=0@-1/0@-1 nearNum=1/4 centerNum=1/4 farL=0@-1/0@-1 farNum=0/0 farRaw=0/0 lost=0/0 not_have=0 final=4/17 flags=0/0
LineErr: aim=33 cxcy=84.0,119.6 left=0:0.00@-1,-1 dx=0.0 idx=-1/-1 dist=-1/-1 right=1:-21.58@104,93 dx=19.9 idx=0/1 dist=34/38 sel=1:-23.90@107,91 dx=23.0 idx=0/16 dist=32/32 edge=0:0.00@-1.0,-1.0 dx=0.0 width=0.0 l=-1,-1 r=120,113
ATGSeedDiag: seed=1@64,103/1@149,108 begin=7,108 block=5 clip=8
ATGLptDiag: best=-1(-57295.8) imip=-1/-1 pass=00000 acc=-1 ipm=-1.0,-1.0 inv=-1.0,-1.0 | 1(2.1) imip=0/3 pass=10111 acc=-1 ipm=116.3,115.5 inv=152.7,101.8
frame=775 line=1 track=1 cross=0 circle=0(CIRCLE_NONE) round=0 yroad=0 ramp=0 road=7 speed=0 near=1/4 raw=170/14 sel=4/17 far=0/0 far_raw=0/0 l=0@-1/0@-1 far_l=0@-1/0@-1 straight=0/0 far_straight=0/0 circle_cnt=0/0/0/0 lost=0/0 conf=0.0/5.1/0.0/0.0 dist=0 begin=0/3267 m0=(84,119) ml=(105,92) md=33/1/35 cxcy=84.0,119.6 guide=-21.75 atg=60.0/60.0/60.0 pure=-7.64/-7.64 yaw=1305 cmd=1505 actual=803 signed=0 rps=2937/7063:2995/3690 duty=7/24 pwm=PWM2:7/PWM1:24 motor=2:7/1:24
CrossDiag: type=CROSS_NONE track=1 half_lr=0/0 nearL=0@-1/0@-1 nearNum=1/4 centerNum=1/4 farL=0@-1/0@-1 farNum=0/0 farRaw=0/0 lost=0/0 not_have=0 final=4/17 flags=0/0
LineErr: aim=33 cxcy=84.0,119.6 left=0:0.00@-1,-1 dx=0.0 idx=-1/-1 dist=-1/-1 right=1:-21.53@104,93 dx=19.7 idx=0/1 dist=33/37 sel=1:-23.96@107,91 dx=23.1 idx=0/16 dist=32/32 edge=0:0.00@-1.0,-1.0 dx=0.0 width=0.0 l=-1,-1 r=120,113
ATGSeedDiag: seed=1@64,104/1@149,108 begin=7,108 block=5 clip=8
ATGLptDiag: best=-1(-57295.8) imip=-1/-1 pass=00000 acc=-1 ipm=-1.0,-1.0 inv=-1.0,-1.0 | 1(5.1) imip=0/3 pass=10111 acc=-1 ipm=116.2,115.7 inv=153.0,102.4
frame=777 line=1 track=1 cross=0 circle=0(CIRCLE_NONE) round=0 yroad=0 ramp=0 road=7 speed=0 near=1/3 raw=170/11 sel=3/16 far=0/0 far_raw=0/0 l=0@-1/0@-1 far_l=0@-1/0@-1 straight=0/0 far_straight=0/0 circle_cnt=0/0/0/0 lost=0/0 conf=0.0/2.0/0.0/0.0 dist=0 begin=0/3267 m0=(84,119) ml=(105,92) md=33/1/33 cxcy=84.0,119.6 guide=-21.24 atg=60.0/60.0/60.0 pure=-7.54/-7.54 yaw=1275 cmd=1475 actual=849 signed=0 rps=2979/7021:3234/4000 duty=7/24 pwm=PWM2:7/PWM1:24 motor=2:7/1:24
CrossDiag: type=CROSS_NONE track=1 half_lr=0/0 nearL=0@-1/0@-1 nearNum=1/3 centerNum=1/3 farL=0@-1/0@-1 farNum=0/0 farRaw=0/0 lost=0/0 not_have=0 final=3/16 flags=0/0
LineErr: aim=33 cxcy=84.0,119.6 left=0:0.00@-1,-1 dx=0.0 idx=-1/-1 dist=-1/-1 right=1:-21.79@104,93 dx=19.9 idx=0/1 dist=33/35 sel=1:-22.75@105,92 dx=21.2 idx=0/15 dist=30/30 edge=0:0.00@-1.0,-1.0 dx=0.0 width=0.0 l=-1,-1 r=119,114
ATGSeedDiag: seed=1@62,107/1@151,108 begin=7,108 block=5 clip=8
ATGLptDiag: best=-1(-57295.8) imip=-1/-1 pass=00000 acc=-1 ipm=-1.0,-1.0 inv=-1.0,-1.0 | 1(2.0) imip=0/2 pass=10111 acc=-1 ipm=117.1,115.4 inv=154.4,101.6
frame=778 line=1 track=1 cross=0 circle=0(CIRCLE_NONE) round=0 yroad=0 ramp=0 road=7 speed=0 near=0/3 raw=0/10 sel=3/16 far=0/0 far_raw=0/0 l=0@-1/0@-1 far_l=0@-1/0@-1 straight=0/0 far_straight=0/0 circle_cnt=0/0/0/0 lost=0/0 conf=0.0/0.7/0.0/0.0 dist=0 begin=0/3267 m0=(84,119) ml=(105,92) md=33/1/33 cxcy=84.0,119.6 guide=-21.50 atg=60.0/60.0/60.0 pure=-7.58/-7.58 yaw=1290 cmd=1490 actual=881 signed=0 rps=2958/7042:3540/4411 duty=6/23 pwm=PWM2:6/PWM1:23 motor=2:6/1:23
CrossDiag: type=CROSS_NONE track=1 half_lr=0/0 nearL=0@-1/0@-1 nearNum=0/3 centerNum=0/3 farL=0@-1/0@-1 farNum=0/0 farRaw=0/0 lost=0/0 not_have=0 final=3/16 flags=0/0
LineErr: aim=33 cxcy=84.0,119.6 left=0:0.00@-1,-1 dx=0.0 idx=-1/-1 dist=-1/-1 right=1:-21.99@104,93 dx=20.1 idx=0/1 dist=33/35 sel=1:-22.90@105,92 dx=21.4 idx=0/15 dist=30/30 edge=0:0.00@-1.0,-1.0 dx=0.0 width=0.0 l=-1,-1 r=119,114
ATGSeedDiag: seed=0@-1,-1/1@152,108 begin=7,108 block=5 clip=8
ATGLptDiag: best=-1(-57295.8) imip=-1/-1 pass=00000 acc=-1 ipm=-1.0,-1.0 inv=-1.0,-1.0 | 1(0.7) imip=0/2 pass=10111 acc=-1 ipm=117.4,115.4 inv=155.0,101.5
frame=779 line=1 track=1 cross=0 circle=0(CIRCLE_NONE) round=0 yroad=0 ramp=0 road=7 speed=0 near=0/2 raw=0/9 sel=2/15 far=0/0 far_raw=0/0 l=0@-1/0@-1 far_l=0@-1/0@-1 straight=0/0 far_straight=0/0 circle_cnt=0/0/0/0 lost=0/0 conf=0.0/0.0/0.0/0.0 dist=0 begin=0/3267 m0=(84,119) ml=(104,94) md=31/0/31 cxcy=84.0,119.6 guide=-21.71 atg=60.0/60.0/60.0 pure=-7.63/-7.63 yaw=1302 cmd=1502 actual=930 signed=0 rps=2941/7059:3425/4335 duty=6/23 pwm=PWM2:6/PWM1:23 motor=2:6/1:23
CrossDiag: type=CROSS_NONE track=1 half_lr=0/0 nearL=0@-1/0@-1 nearNum=0/2 centerNum=0/2 farL=0@-1/0@-1 farNum=0/0 farRaw=0/0 lost=0/0 not_have=0 final=2/15 flags=0/0
LineErr: aim=33 cxcy=84.0,119.6 left=0:0.00@-1,-1 dx=0.0 idx=-1/-1 dist=-1/-1 right=1:-22.56@105,93 dx=20.8 idx=0/1 dist=34/34 sel=1:-22.12@104,94 dx=19.9 idx=0/14 dist=28/28 edge=0:0.00@-1.0,-1.0 dx=0.0 width=0.0 l=-1,-1 r=118,115
ATGSeedDiag: seed=0@-1,-1/1@152,108 begin=7,108 block=5 clip=8
ATGLptDiag: best=-1(-57295.8) imip=-1/-1 pass=00000 acc=-1 ipm=-1.0,-1.0 inv=-1.0,-1.0 | -1(-57295.8) imip=-1/-1 pass=00000 acc=-1 ipm=-1.0,-1.0 inv=-1.0,-1.0
frame=780 line=1 track=1 cross=0 circle=0(CIRCLE_NONE) round=0 yroad=0 ramp=0 road=7 speed=0 near=0/2 raw=0/8 sel=2/15 far=0/0 far_raw=0/0 l=0@-1/0@-1 far_l=0@-1/0@-1 straight=0/0 far_straight=0/0 circle_cnt=0/0/0/0 lost=0/0 conf=0.0/0.0/0.0/0.0 dist=0 begin=0/3267 m0=(84,119) ml=(104,94) md=31/0/31 cxcy=84.0,119.6 guide=-21.28 atg=60.0/60.0/60.0 pure=-7.59/-7.59 yaw=1277 cmd=1477 actual=987 signed=0 rps=2976/7024:3604/4609 duty=6/23 pwm=PWM2:6/PWM1:23 motor=2:6/1:23
CrossDiag: type=CROSS_NONE track=1 half_lr=0/0 nearL=0@-1/0@-1 nearNum=0/2 centerNum=0/2 farL=0@-1/0@-1 farNum=0/0 farRaw=0/0 lost=0/0 not_have=0 final=2/15 flags=0/0
LineErr: aim=33 cxcy=84.0,119.6 left=0:0.00@-1,-1 dx=0.0 idx=-1/-1 dist=-1/-1 right=1:-22.31@104,93 dx=20.4 idx=0/1 dist=34/34 sel=1:-22.01@104,94 dx=19.8 idx=0/14 dist=28/28 edge=0:0.00@-1.0,-1.0 dx=0.0 width=0.0 l=-1,-1 r=118,115
ATGSeedDiag: seed=0@-1,-1/1@153,108 begin=7,108 block=5 clip=8
ATGLptDiag: best=-1(-57295.8) imip=-1/-1 pass=00000 acc=-1 ipm=-1.0,-1.0 inv=-1.0,-1.0 | -1(-57295.8) imip=-1/-1 pass=00000 acc=-1 ipm=-1.0,-1.0 inv=-1.0,-1.0
frame=784 line=1 track=1 cross=0 circle=0(CIRCLE_NONE) round=0 yroad=0 ramp=0 road=7 speed=0 near=0/2 raw=0/8 sel=2/14 far=0/0 far_raw=0/0 l=0@-1/0@-1 far_l=0@-1/0@-1 straight=0/0 far_straight=0/0 circle_cnt=0/0/0/0 lost=0/0 conf=0.0/0.0/0.0/0.0 dist=0 begin=0/3267 m0=(84,119) ml=(102,95) md=29/0/29 cxcy=84.0,119.6 guide=-20.53 atg=60.0/54.0/54.0 pure=-7.52/-7.52 yaw=1232 cmd=1357 actual=1106 signed=0 rps=3140/6860:3490/4434 duty=7/22 pwm=PWM2:7/PWM1:22 motor=2:7/1:22
CrossDiag: type=CROSS_NONE track=1 half_lr=0/0 nearL=0@-1/0@-1 nearNum=0/2 centerNum=0/2 farL=0@-1/0@-1 farNum=0/0 farRaw=0/0 lost=0/0 not_have=0 final=2/14 flags=0/0
LineErr: aim=33 cxcy=84.0,119.6 left=0:0.00@-1,-1 dx=0.0 idx=-1/-1 dist=-1/-1 right=1:-21.53@103,94 dx=19.4 idx=0/1 dist=32/32 sel=1:-20.85@102,95 dx=18.0 idx=0/13 dist=26/26 edge=0:0.00@-1.0,-1.0 dx=0.0 width=0.0 l=-1,-1 r=118,115
ATGSeedDiag: seed=0@-1,-1/1@154,107 begin=7,108 block=5 clip=8
ATGLptDiag: best=-1(-57295.8) imip=-1/-1 pass=00000 acc=-1 ipm=-1.0,-1.0 inv=-1.0,-1.0 | -1(-57295.8) imip=-1/-1 pass=00000 acc=-1 ipm=-1.0,-1.0 inv=-1.0,-1.0
frame=785 line=1 track=1 cross=0 circle=0(CIRCLE_NONE) round=0 yroad=0 ramp=0 road=7 speed=0 near=0/2 raw=0/8 sel=2/14 far=0/0 far_raw=0/0 l=0@-1/0@-1 far_l=0@-1/0@-1 straight=0/0 far_straight=0/0 circle_cnt=0/0/0/0 lost=0/0 conf=0.0/0.0/0.0/0.0 dist=0 begin=0/3267 m0=(84,119) ml=(102,95) md=29/0/29 cxcy=84.0,119.6 guide=-20.53 atg=60.0/53.0/53.0 pure=-7.47/-7.47 yaw=1232 cmd=1349 actual=1114 signed=0 rps=3151/6849:3652/4597 duty=7/22 pwm=PWM2:7/PWM1:22 motor=2:7/1:22
CrossDiag: type=CROSS_NONE track=1 half_lr=0/0 nearL=0@-1/0@-1 nearNum=0/2 centerNum=0/2 farL=0@-1/0@-1 farNum=0/0 farRaw=0/0 lost=0/0 not_have=0 final=2/14 flags=0/0
LineErr: aim=33 cxcy=84.0,119.6 left=0:0.00@-1,-1 dx=0.0 idx=-1/-1 dist=-1/-1 right=1:-21.23@103,94 dx=19.0 idx=0/1 dist=32/32 sel=1:-20.71@102,95 dx=17.9 idx=0/13 dist=26/26 edge=0:0.00@-1.0,-1.0 dx=0.0 width=0.0 l=-1,-1 r=118,115
ATGSeedDiag: seed=0@-1,-1/1@154,108 begin=7,108 block=5 clip=8
ATGLptDiag: best=-1(-57295.8) imip=-1/-1 pass=00000 acc=-1 ipm=-1.0,-1.0 inv=-1.0,-1.0 | -1(-57295.8) imip=-1/-1 pass=00000 acc=-1 ipm=-1.0,-1.0 inv=-1.0,-1.0
frame=787 line=0 track=1 cross=0 circle=0(CIRCLE_NONE) round=0 yroad=0 ramp=0 road=7 speed=0 near=0/1 raw=0/5 sel=1/0 far=0/0 far_raw=0/0 l=0@-1/0@-1 far_l=0@-1/0@-1 straight=0/0 far_straight=0/0 circle_cnt=0/0/0/0 lost=0/0 conf=0.0/0.0/0.0/0.0 dist=0 begin=0/3267 m0=(-1,-1) ml=(-1,-1) md=-1/0/-1 cxcy=84.0,119.6 guide=0.00 atg=60.0/60.0/60.0 pure=-7.51/-7.51 yaw=0 cmd=0 actual=1223 signed=0 rps=0/0:0/0 duty=0/0 pwm=PWM2:0/PWM1:0 motor=2:0/1:0
CrossDiag: type=CROSS_NONE track=1 half_lr=0/0 nearL=0@-1/0@-1 nearNum=0/1 centerNum=0/1 farL=0@-1/0@-1 farNum=0/0 farRaw=0/0 lost=0/0 not_have=0 final=1/0 flags=0/0
LineErr: aim=33 cxcy=84.0,119.6 left=0:0.00@-1,-1 dx=0.0 idx=-1/-1 dist=-1/-1 right=0:0.00@-1,-1 dx=0.0 idx=-1/-1 dist=-1/-1 sel=0:0.00@-1,-1 dx=0.0 idx=-1/-1 dist=-1/-1 edge=0:0.00@-1.0,-1.0 dx=0.0 width=0.0 l=-1,-1 r=-1,-1
ATGSeedDiag: seed=0@-1,-1/1@155,107 begin=7,108 block=5 clip=8
ATGLptDiag: best=-1(-57295.8) imip=-1/-1 pass=00000 acc=-1 ipm=-1.0,-1.0 inv=-1.0,-1.0 | -1(-57295.8) imip=-1/-1 pass=00000 acc=-1 ipm=-1.0,-1.0 inv=-1.0,-1.0
frame=788 line=0 track=1 cross=0 circle=0(CIRCLE_NONE) round=0 yroad=0 ramp=0 road=7 speed=0 near=0/1 raw=0/6 sel=1/0 far=0/0 far_raw=0/0 l=0@-1/0@-1 far_l=0@-1/0@-1 straight=0/0 far_straight=0/0 circle_cnt=0/0/0/0 lost=0/0 conf=0.0/0.0/0.0/0.0 dist=0 begin=0/3267 m0=(-1,-1) ml=(-1,-1) md=-1/0/-1 cxcy=84.0,119.6 guide=0.00 atg=60.0/60.0/60.0 pure=-7.51/-7.51 yaw=0 cmd=0 actual=1220 signed=0 rps=0/0:0/0 duty=0/0 pwm=PWM2:0/PWM1:0 motor=2:0/1:0
CrossDiag: type=CROSS_NONE track=1 half_lr=0/0 nearL=0@-1/0@-1 nearNum=0/1 centerNum=0/1 farL=0@-1/0@-1 farNum=0/0 farRaw=0/0 lost=0/0 not_have=0 final=1/0 flags=0/0
LineErr: aim=33 cxcy=84.0,119.6 left=0:0.00@-1,-1 dx=0.0 idx=-1/-1 dist=-1/-1 right=0:0.00@-1,-1 dx=0.0 idx=-1/-1 dist=-1/-1 sel=0:0.00@-1,-1 dx=0.0 idx=-1/-1 dist=-1/-1 edge=0:0.00@-1.0,-1.0 dx=0.0 width=0.0 l=-1,-1 r=-1,-1
ATGSeedDiag: seed=0@-1,-1/1@155,108 begin=7,108 block=5 clip=8
ATGLptDiag: best=-1(-57295.8) imip=-1/-1 pass=00000 acc=-1 ipm=-1.0,-1.0 inv=-1.0,-1.0 | -1(-57295.8) imip=-1/-1 pass=00000 acc=-1 ipm=-1.0,-1.0 inv=-1.0,-1.0
frame=790 line=1 track=1 cross=0 circle=0(CIRCLE_NONE) round=0 yroad=0 ramp=0 road=7 speed=0 near=0/2 raw=0/7 sel=2/14 far=0/0 far_raw=0/0 l=0@-1/0@-1 far_l=0@-1/0@-1 straight=0/0 far_straight=0/0 circle_cnt=0/0/0/0 lost=0/0 conf=0.0/0.0/0.0/0.0 dist=0 begin=0/3267 m0=(84,119) ml=(102,95) md=29/0/29 cxcy=84.0,119.6 guide=-20.53 atg=60.0/54.0/54.0 pure=-7.55/-7.55 yaw=1232 cmd=1432 actual=864 signed=0 rps=3038/6962:3326/4486 duty=6/22 pwm=PWM2:6/PWM1:22 motor=2:6/1:22
CrossDiag: type=CROSS_NONE track=1 half_lr=0/0 nearL=0@-1/0@-1 nearNum=0/2 centerNum=0/2 farL=0@-1/0@-1 farNum=0/0 farRaw=0/0 lost=0/0 not_have=0 final=2/14 flags=0/0
LineErr: aim=33 cxcy=84.0,119.6 left=0:0.00@-1,-1 dx=0.0 idx=-1/-1 dist=-1/-1 right=1:-21.55@103,94 dx=19.3 idx=0/1 dist=32/32 sel=1:-20.94@102,95 dx=18.1 idx=0/13 dist=26/26 edge=0:0.00@-1.0,-1.0 dx=0.0 width=0.0 l=-1,-1 r=118,115
ATGSeedDiag: seed=0@-1,-1/1@155,108 begin=7,108 block=5 clip=8
ATGLptDiag: best=-1(-57295.8) imip=-1/-1 pass=00000 acc=-1 ipm=-1.0,-1.0 inv=-1.0,-1.0 | -1(-57295.8) imip=-1/-1 pass=00000 acc=-1 ipm=-1.0,-1.0 inv=-1.0,-1.0
frame=792 line=1 track=1 cross=0 circle=0(CIRCLE_NONE) round=0 yroad=0 ramp=0 road=7 speed=0 near=0/3 raw=0/12 sel=3/15 far=0/0 far_raw=0/0 l=0@-1/0@-1 far_l=0@-1/0@-1 straight=0/0 far_straight=0/0 circle_cnt=0/0/0/0 lost=0/0 conf=0.0/1.0/0.0/0.0 dist=0 begin=0/3267 m0=(84,119) ml=(103,94) md=30/0/30 cxcy=84.0,119.6 guide=-20.98 atg=60.0/56.0/56.0 pure=-7.40/-7.40 yaw=1259 cmd=1459 actual=618 signed=0 rps=3000/7000:3217/4405 duty=6/23 pwm=PWM2:6/PWM1:23 motor=2:6/1:23
CrossDiag: type=CROSS_NONE track=1 half_lr=0/0 nearL=0@-1/0@-1 nearNum=0/3 centerNum=0/3 farL=0@-1/0@-1 farNum=0/0 farRaw=0/0 lost=0/0 not_have=0 final=3/15 flags=0/0
LineErr: aim=33 cxcy=84.0,119.6 left=0:0.00@-1,-1 dx=0.0 idx=-1/-1 dist=-1/-1 right=1:-21.55@104,93 dx=19.5 idx=0/2 dist=32/32 sel=1:-21.41@103,94 dx=19.3 idx=0/14 dist=28/28 edge=0:0.00@-1.0,-1.0 dx=0.0 width=0.0 l=-1,-1 r=120,114
ATGSeedDiag: seed=0@-1,-1/1@155,108 begin=7,108 block=5 clip=8
ATGLptDiag: best=-1(-57295.8) imip=-1/-1 pass=00000 acc=-1 ipm=-1.0,-1.0 inv=-1.0,-1.0 | 1(1.0) imip=0/2 pass=10111 acc=-1 ipm=118.1,115.1 inv=156.0,100.6
frame=794 line=0 track=1 cross=0 circle=0(CIRCLE_NONE) round=0 yroad=0 ramp=0 road=7 speed=0 near=0/0 raw=0/0 sel=0/0 far=0/0 far_raw=0/0 l=0@-1/0@-1 far_l=0@-1/0@-1 straight=0/0 far_straight=0/0 circle_cnt=0/0/0/0 lost=0/0 conf=0.0/0.0/0.0/0.0 dist=0 begin=0/3267 m0=(-1,-1) ml=(-1,-1) md=-1/0/-1 cxcy=84.0,119.6 guide=0.00 atg=60.0/49.0/49.0 pure=-7.26/-7.26 yaw=0 cmd=0 actual=668 signed=0 rps=0/0:0/0 duty=0/0 pwm=PWM2:0/PWM1:0 motor=2:0/1:0
CrossDiag: type=CROSS_NONE track=1 half_lr=0/0 nearL=0@-1/0@-1 nearNum=0/0 centerNum=0/0 farL=0@-1/0@-1 farNum=0/0 farRaw=0/0 lost=0/0 not_have=0 final=0/0 flags=0/0
LineErr: aim=33 cxcy=84.0,119.6 left=0:0.00@-1,-1 dx=0.0 idx=-1/-1 dist=-1/-1 right=0:0.00@-1,-1 dx=0.0 idx=-1/-1 dist=-1/-1 sel=0:0.00@-1,-1 dx=0.0 idx=-1/-1 dist=-1/-1 edge=0:0.00@-1.0,-1.0 dx=0.0 width=0.0 l=-1,-1 r=-1,-1
ATGSeedDiag: seed=0@-1,-1/0@-1,-1 begin=7,108 block=5 clip=8
ATGLptDiag: best=-1(-57295.8) imip=-1/-1 pass=00000 acc=-1 ipm=-1.0,-1.0 inv=-1.0,-1.0 | -1(-57295.8) imip=-1/-1 pass=00000 acc=-1 ipm=-1.0,-1.0 inv=-1.0,-1.0
frame=808 line=1 track=1 cross=0 circle=0(CIRCLE_NONE) round=0 yroad=0 ramp=0 road=7 speed=0 near=33/34 raw=144/159 sel=34/44 far=0/0 far_raw=0/0 l=1@35/1@34 far_l=0@-1/0@-1 straight=0/0 far_straight=0/0 circle_cnt=0/0/0/0 lost=0/0 conf=32.1/71.3/0.0/0.0 dist=0 begin=0/3267 m0=(84,119) ml=(105,92) md=33/1/96 cxcy=84.0,119.6 guide=-22.02 atg=51.0/6.0/6.0 pure=-2.86/-1.20 yaw=1321 cmd=1521 actual=286 signed=0 rps=2915/7085:2808/3754 duty=7/24 pwm=PWM2:7/PWM1:24 motor=2:7/1:24
CrossDiag: type=CROSS_NONE track=1 half_lr=0/0 nearL=1@35/1@34 nearNum=33/34 centerNum=33/34 farL=0@-1/0@-1 farNum=0/0 farRaw=0/0 lost=0/0 not_have=0 final=34/44 flags=0/0
LineErr: aim=33 cxcy=84.0,119.6 left=1:-25.04@104,99 dx=20.3 idx=8/15 dist=33/103 right=1:-21.63@103,94 dx=19.2 idx=0/3 dist=32/102 sel=1:-22.15@106,90 dx=21.7 idx=0/16 dist=32/86 edge=1:-16.40@105.0,71.5 dx=21.0 width=58.2 l=76,69 r=134,74
CxScan: raw_ref=80.0 edge=105.0,71.5 best_raw_x=135 best_err=0.07 best_cxcy=105.1,119.7 scan=0:-36.1,10:-34.0,20:-31.8,30:-29.5,40:-27.0,50:-24.5,60:-21.9,70:-19.2,80:-16.4,90:-13.5,100:-10.6,110:-7.6,120:-4.5,130:-1.5,140:1.6
ATGSeedDiag: seed=1@14,85/1@155,86 begin=7,108 block=5 clip=8
ATGLptDiag: best=35(60.4) imip=25/45 pass=11111 acc=35 ipm=64.6,49.2 inv=58.6,28.9 | 34(71.3) imip=24/44 pass=11111 acc=34 ipm=123.7,33.5 inv=100.3,23.5
frame=809 line=1 track=1 cross=0 circle=0(CIRCLE_NONE) round=0 yroad=0 ramp=0 road=7 speed=0 near=60/33 raw=143/159 sel=33/43 far=0/0 far_raw=0/0 l=0@-1/1@33 far_l=0@-1/0@-1 straight=0/0 far_straight=0/0 circle_cnt=0/0/0/0 lost=0/0 conf=60.0/71.6/0.0/0.0 dist=0 begin=0/3267 m0=(84,119) ml=(104,91) md=33/1/93 cxcy=84.0,119.6 guide=-21.21 atg=44.0/5.0/5.0 pure=-2.64/-1.15 yaw=1273 cmd=1473 actual=291 signed=0 rps=2982/7018:2679/3437 duty=7/24 pwm=PWM2:7/PWM1:24 motor=2:7/1:24
CrossDiag: type=CROSS_NONE track=1 half_lr=0/0 nearL=0@-1/1@33 nearNum=60/33 centerNum=60/33 farL=0@-1/0@-1 farNum=0/0 farRaw=0/0 lost=0/0 not_have=0 final=33/43 flags=0/0
LineErr: aim=33 cxcy=84.0,119.6 left=1:-24.82@104,99 dx=20.5 idx=8/15 dist=33/197 right=1:-21.53@103,94 dx=19.4 idx=0/4 dist=33/99 sel=1:-21.55@105,89 dx=21.1 idx=0/16 dist=32/84 edge=1:-15.66@104.0,71.5 dx=20.0 width=58.2 l=75,69 r=133,74
CxScan: raw_ref=80.0 edge=104.0,71.5 best_raw_x=130 best_err=-0.67 best_cxcy=103.2,119.7 scan=0:-35.5,10:-33.4,20:-31.2,30:-28.8,40:-26.4,50:-23.9,60:-21.2,70:-18.5,80:-15.7,90:-12.8,100:-9.8,110:-6.8,120:-3.7,130:-0.7,140:2.4
ATGSeedDiag: seed=1@14,86/1@155,87 begin=7,108 block=5 clip=8
ATGLptDiag: best=34(60.0) imip=24/44 pass=10111 acc=-1 ipm=65.5,50.4 inv=59.1,29.3 | 33(71.6) imip=23/43 pass=11111 acc=33 ipm=122.5,36.4 inv=100.3,24.3
frame=810 line=1 track=1 cross=0 circle=0(CIRCLE_NONE) round=0 yroad=0 ramp=0 road=7 speed=0 near=58/33 raw=139/162 sel=33/43 far=0/0 far_raw=0/0 l=0@-1/1@33 far_l=0@-1/0@-1 straight=0/0 far_straight=0/0 circle_cnt=0/0/0/0 lost=0/0 conf=52.5/74.6/0.0/0.0 dist=0 begin=0/3267 m0=(84,119) ml=(104,91) md=33/1/93 cxcy=84.0,119.6 guide=-20.99 atg=35.0/4.0/4.0 pure=-2.39/-0.98 yaw=1259 cmd=1459 actual=361 signed=0 rps=3000/7000:2743/3488 duty=7/24 pwm=PWM2:7/PWM1:24 motor=2:7/1:24
CrossDiag: type=CROSS_NONE track=1 half_lr=0/0 nearL=0@-1/1@33 nearNum=58/33 centerNum=58/33 farL=0@-1/0@-1 farNum=0/0 farRaw=0/0 lost=0/0 not_have=0 final=33/43 flags=0/0
LineErr: aim=33 cxcy=84.0,119.6 left=1:-24.95@104,99 dx=20.1 idx=7/14 dist=32/192 right=1:-21.22@103,94 dx=18.8 idx=0/4 dist=32/101 sel=1:-21.33@105,89 dx=20.9 idx=0/16 dist=32/84 edge=1:-15.01@103.0,72.0 dx=19.0 width=56.1 l=75,70 r=131,74
CxScan: raw_ref=80.0 edge=103.0,72.0 best_raw_x=130 best_err=0.14 best_cxcy=103.2,119.7 scan=0:-35.2,10:-33.0,20:-30.8,30:-28.4,40:-25.9,50:-23.3,60:-20.7,70:-17.9,80:-15.0,90:-12.1,100:-9.1,110:-6.0,120:-3.0,130:0.1,140:3.2
ATGSeedDiag: seed=1@17,87/1@155,88 begin=7,108 block=5 clip=8
ATGLptDiag: best=32(52.5) imip=22/42 pass=10111 acc=-1 ipm=65.8,53.6 inv=59.0,30.6 | 33(74.6) imip=23/43 pass=11111 acc=33 ipm=120.3,37.0 inv=98.9,24.5
frame=811 line=1 track=1 cross=0 circle=0(CIRCLE_NONE) round=0 yroad=0 ramp=0 road=7 speed=0 near=57/32 raw=142/164 sel=32/41 far=0/0 far_raw=0/0 l=0@-1/1@32 far_l=0@-1/0@-1 straight=0/0 far_straight=0/0 circle_cnt=0/0/0/0 lost=0/0 conf=50.9/76.6/0.0/0.0 dist=0 begin=0/3267 m0=(84,119) ml=(104,91) md=33/1/89 cxcy=84.0,119.6 guide=-21.02 atg=27.0/3.0/3.0 pure=-2.12/-0.89 yaw=1261 cmd=1461 actual=441 signed=0 rps=2998/7002:2647/3318 duty=7/24 pwm=PWM2:7/PWM1:24 motor=2:7/1:24
CrossDiag: type=CROSS_NONE track=1 half_lr=0/0 nearL=0@-1/1@32 nearNum=57/32 centerNum=57/32 farL=0@-1/0@-1 farNum=0/0 farRaw=0/0 lost=0/0 not_have=0 final=32/41 flags=0/0
LineErr: aim=33 cxcy=84.0,119.6 left=1:-25.40@104,101 dx=19.6 idx=7/14 dist=32/191 right=1:-21.20@103,94 dx=19.1 idx=0/5 dist=33/97 sel=1:-20.95@105,89 dx=20.6 idx=0/16 dist=32/80 edge=1:-13.78@101.5,71.5 dx=17.5 width=57.2 l=73,69 r=130,74
CxScan: raw_ref=80.0 edge=101.5,71.5 best_raw_x=125 best_err=-0.19 best_cxcy=101.3,119.7 scan=0:-34.2,10:-32.0,20:-29.7,30:-27.3,40:-24.8,50:-22.2,60:-19.5,70:-16.7,80:-13.8,90:-10.8,100:-7.8,110:-4.8,120:-1.7,130:1.3,140:4.4
ATGSeedDiag: seed=1@14,89/1@155,88 begin=7,108 block=5 clip=8
ATGLptDiag: best=32(50.9) imip=22/42 pass=10111 acc=-1 ipm=65.2,55.3 inv=58.3,31.4 | 32(76.6) imip=22/42 pass=11111 acc=32 ipm=118.6,39.3 inv=98.3,25.2
frame=812 line=1 track=1 cross=0 circle=0(CIRCLE_NONE) round=0 yroad=0 ramp=0 road=7 speed=0 near=57/31 raw=147/161 sel=31/41 far=0/0 far_raw=0/0 l=0@-1/1@31 far_l=0@-1/0@-1 straight=0/0 far_straight=0/0 circle_cnt=0/0/0/0 lost=0/0 conf=49.9/76.0/0.0/0.0 dist=0 begin=0/3267 m0=(84,119) ml=(104,91) md=33/1/88 cxcy=84.0,119.6 guide=-21.09 atg=23.0/2.0/2.0 pure=-1.99/-0.82 yaw=1266 cmd=1466 actual=502 signed=0 rps=2991/7009:2788/3505 duty=7/24 pwm=PWM2:7/PWM1:24 motor=2:7/1:24
CrossDiag: type=CROSS_NONE track=1 half_lr=0/0 nearL=0@-1/1@31 nearNum=57/31 centerNum=57/31 farL=0@-1/0@-1 farNum=0/0 farRaw=0/0 lost=0/0 not_have=0 final=31/41 flags=0/0
LineErr: aim=33 cxcy=84.0,119.6 left=1:-24.60@105,97 dx=20.8 idx=9/16 dist=34/184 right=1:-21.34@103,94 dx=19.1 idx=0/5 dist=33/96 sel=1:-20.91@105,89 dx=20.5 idx=0/16 dist=32/80 edge=1:-13.49@101.0,72.0 dx=17.0 width=56.1 l=73,70 r=129,74
CxScan: raw_ref=80.0 edge=101.0,72.0 best_raw_x=125 best_err=0.21 best_cxcy=101.3,119.7 scan=0:-34.1,10:-31.9,20:-29.5,30:-27.1,40:-24.6,50:-22.0,60:-19.2,70:-16.4,80:-13.5,90:-10.5,100:-7.5,110:-4.4,120:-1.3,130:1.8,140:4.8
ATGSeedDiag: seed=1@8,91/1@155,87 begin=7,108 block=5 clip=8
ATGLptDiag: best=32(49.9) imip=22/42 pass=10111 acc=-1 ipm=66.2,57.7 inv=58.8,32.4 | 31(76.0) imip=21/41 pass=11111 acc=31 ipm=118.0,41.4 inv=98.3,25.9
frame=813 line=1 track=1 cross=0 circle=0(CIRCLE_NONE) round=0 yroad=0 ramp=0 road=7 speed=0 near=56/31 raw=146/162 sel=31/41 far=0/0 far_raw=0/0 l=0@-1/1@31 far_l=0@-1/0@-1 straight=0/0 far_straight=0/0 circle_cnt=0/0/0/0 lost=0/0 conf=51.6/76.8/0.0/0.0 dist=0 begin=0/3267 m0=(84,119) ml=(104,91) md=33/1/88 cxcy=84.0,119.6 guide=-20.89 atg=23.0/2.0/2.0 pure=-1.99/-0.79 yaw=1253 cmd=1453 actual=545 signed=0 rps=3008/6992:2935/3645 duty=7/23 pwm=PWM2:7/PWM1:23 motor=2:7/1:23
CrossDiag: type=CROSS_NONE track=1 half_lr=0/0 nearL=0@-1/1@31 nearNum=56/31 centerNum=56/31 farL=0@-1/0@-1 farNum=0/0 farRaw=0/0 lost=0/0 not_have=0 final=31/41 flags=0/0
LineErr: aim=33 cxcy=84.0,119.6 left=1:-25.11@104,100 dx=20.2 idx=8/15 dist=33/183 right=1:-21.45@103,95 dx=18.6 idx=0/4 dist=32/96 sel=1:-20.95@105,89 dx=20.5 idx=0/16 dist=32/80 edge=1:-13.49@101.0,72.0 dx=17.0 width=56.0 l=73,71 r=129,73
CxScan: raw_ref=80.0 edge=101.0,72.0 best_raw_x=125 best_err=0.21 best_cxcy=101.3,119.7 scan=0:-34.1,10:-31.9,20:-29.5,30:-27.1,40:-24.6,50:-22.0,60:-19.2,70:-16.4,80:-13.5,90:-10.5,100:-7.5,110:-4.4,120:-1.3,130:1.8,140:4.8
ATGSeedDiag: seed=1@10,92/1@155,86 begin=7,108 block=5 clip=8
ATGLptDiag: best=32(51.6) imip=22/42 pass=10111 acc=-1 ipm=65.2,57.1 inv=58.1,32.1 | 31(76.8) imip=21/41 pass=11111 acc=31 ipm=117.6,40.8 inv=97.9,25.7
frame=814 line=1 track=1 cross=0 circle=0(CIRCLE_NONE) round=0 yroad=0 ramp=0 road=7 speed=0 near=57/31 raw=146/161 sel=31/40 far=0/0 far_raw=0/0 l=0@-1/1@31 far_l=0@-1/0@-1 straight=0/0 far_straight=0/0 circle_cnt=0/0/0/0 lost=0/0 conf=58.4/74.2/0.0/0.0 dist=0 begin=0/3267 m0=(84,119) ml=(104,91) md=34/1/87 cxcy=84.0,119.6 guide=-21.29 atg=26.0/3.0/3.0 pure=-2.04/-0.88 yaw=1277 cmd=1477 actual=567 signed=0 rps=2975/7025:2919/3545 duty=7/24 pwm=PWM2:7/PWM1:24 motor=2:7/1:24
CrossDiag: type=CROSS_NONE track=1 half_lr=0/0 nearL=0@-1/1@31 nearNum=57/31 centerNum=57/31 farL=0@-1/0@-1 farNum=0/0 farRaw=0/0 lost=0/0 not_have=0 final=31/40 flags=0/0
LineErr: aim=33 cxcy=84.0,119.6 left=1:-24.78@104,100 dx=19.9 idx=8/15 dist=33/189 right=1:-21.57@103,95 dx=18.8 idx=0/4 dist=32/95 sel=1:-21.10@105,89 dx=20.7 idx=0/16 dist=32/78 edge=1:-13.87@101.5,72.0 dx=17.5 width=57.0 l=73,71 r=130,73
CxScan: raw_ref=80.0 edge=101.5,72.0 best_raw_x=125 best_err=-0.20 best_cxcy=101.3,119.7 scan=0:-34.4,10:-32.2,20:-29.9,30:-27.4,40:-24.9,50:-22.3,60:-19.6,70:-16.8,80:-13.9,90:-10.9,100:-7.9,110:-4.8,120:-1.7,130:1.3,140:4.4
ATGSeedDiag: seed=1@9,93/1@155,86 begin=7,108 block=5 clip=8
ATGLptDiag: best=33(58.4) imip=23/43 pass=10111 acc=-1 ipm=63.6,55.5 inv=56.9,31.4 | 31(74.2) imip=21/41 pass=11111 acc=31 ipm=118.4,40.5 inv=98.4,25.6
frame=815 line=1 track=1 cross=0 circle=0(CIRCLE_NONE) round=0 yroad=0 ramp=0 road=7 speed=0 near=57/31 raw=146/161 sel=31/40 far=0/0 far_raw=0/0 l=0@-1/1@31 far_l=0@-1/0@-1 straight=0/0 far_straight=0/0 circle_cnt=0/0/0/0 lost=0/0 conf=56.7/72.7/0.0/0.0 dist=0 begin=0/3267 m0=(84,119) ml=(104,91) md=33/1/86 cxcy=84.0,119.6 guide=-20.89 atg=26.0/3.0/3.0 pure=-2.03/-0.88 yaw=1253 cmd=1453 actual=616 signed=0 rps=3008/6992:3138/3680 duty=7/23 pwm=PWM2:7/PWM1:23 motor=2:7/1:23
CrossDiag: type=CROSS_NONE track=1 half_lr=0/0 nearL=0@-1/1@31 nearNum=57/31 centerNum=57/31 farL=0@-1/0@-1 farNum=0/0 farRaw=0/0 lost=0/0 not_have=0 final=31/40 flags=0/0
LineErr: aim=33 cxcy=84.0,119.6 left=1:-24.50@104,100 dx=19.6 idx=8/15 dist=33/187 right=1:-21.44@103,95 dx=18.6 idx=0/4 dist=32/94 sel=1:-20.92@105,89 dx=20.5 idx=0/16 dist=32/78 edge=1:-13.58@101.0,72.5 dx=17.0 width=58.0 l=72,72 r=130,73
CxScan: raw_ref=80.0 edge=101.0,72.5 best_raw_x=125 best_err=0.21 best_cxcy=101.3,119.7 scan=0:-34.3,10:-32.0,20:-29.7,30:-27.3,40:-24.7,50:-22.1,60:-19.3,70:-16.5,80:-13.6,90:-10.6,100:-7.5,110:-4.5,120:-1.3,130:1.8,140:4.9
ATGSeedDiag: seed=1@8,94/1@155,86 begin=7,108 block=5 clip=8
ATGLptDiag: best=33(56.7) imip=23/43 pass=10111 acc=-1 ipm=63.3,55.7 inv=56.6,31.5 | 31(72.7) imip=21/41 pass=11111 acc=31 ipm=118.4,40.5 inv=98.4,25.6
frame=816 line=1 track=1 cross=0 circle=0(CIRCLE_NONE) round=0 yroad=0 ramp=0 road=7 speed=0 near=56/32 raw=145/163 sel=32/42 far=0/0 far_raw=0/0 l=0@-1/1@32 far_l=0@-1/0@-1 straight=0/0 far_straight=0/0 circle_cnt=0/0/0/0 lost=0/0 conf=60.0/75.1/0.0/0.0 dist=0 begin=0/3267 m0=(84,119) ml=(104,91) md=33/1/91 cxcy=84.0,119.6 guide=-20.63 atg=23.0/2.0/2.0 pure=-1.93/-0.75 yaw=1238 cmd=1438 actual=673 signed=0 rps=3030/6970:3102/3495 duty=7/24 pwm=PWM2:7/PWM1:24 motor=2:7/1:24
CrossDiag: type=CROSS_NONE track=1 half_lr=0/0 nearL=0@-1/1@32 nearNum=56/32 centerNum=56/32 farL=0@-1/0@-1 farNum=0/0 farRaw=0/0 lost=0/0 not_have=0 final=32/42 flags=0/0
LineErr: aim=33 cxcy=84.0,119.6 left=1:-23.81@104,98 dx=19.7 idx=8/15 dist=33/183 right=1:-21.13@103,94 dx=18.8 idx=0/5 dist=33/97 sel=1:-20.47@104,89 dx=20.1 idx=0/16 dist=32/82 edge=1:-13.11@100.5,72.0 dx=16.5 width=57.0 l=72,71 r=129,73
CxScan: raw_ref=80.0 edge=100.5,72.0 best_raw_x=125 best_err=0.61 best_cxcy=101.3,119.7 scan=0:-33.8,10:-31.6,20:-29.2,30:-26.8,40:-24.3,50:-21.6,60:-18.9,70:-16.0,80:-13.1,90:-10.1,100:-7.1,110:-4.0,120:-0.9,130:2.2,140:5.2
ATGSeedDiag: seed=1@9,95/1@155,87 begin=7,108 block=5 clip=8
ATGLptDiag: best=33(60.0) imip=23/43 pass=10111 acc=-1 ipm=62.3,55.0 inv=55.9,31.2 | 32(75.1) imip=22/42 pass=11111 acc=32 ipm=117.5,38.5 inv=97.3,25.0
frame=817 line=1 track=1 cross=0 circle=0(CIRCLE_NONE) round=0 yroad=0 ramp=0 road=7 speed=0 near=55/32 raw=144/165 sel=32/41 far=0/0 far_raw=0/0 l=0@-1/1@32 far_l=0@-1/0@-1 straight=0/0 far_straight=0/0 circle_cnt=0/0/0/0 lost=0/0 conf=57.8/76.7/0.0/0.0 dist=0 begin=0/3267 m0=(84,119) ml=(103,91) md=33/1/89 cxcy=84.0,119.6 guide=-19.97 atg=18.0/1.0/1.0 pure=-1.69/-0.61 yaw=1198 cmd=1398 actual=714 signed=0 rps=3084/6916:3275/3533 duty=7/23 pwm=PWM2:7/PWM1:23 motor=2:7/1:23
CrossDiag: type=CROSS_NONE track=1 half_lr=0/0 nearL=0@-1/1@32 nearNum=55/32 centerNum=55/32 farL=0@-1/0@-1 farNum=0/0 farRaw=0/0 lost=0/0 not_have=0 final=32/41 flags=0/0
LineErr: aim=33 cxcy=84.0,119.6 left=1:-23.05@104,96 dx=19.7 idx=8/15 dist=32/177 right=1:-20.86@102,95 dx=18.3 idx=0/5 dist=32/96 sel=1:-19.78@103,89 dx=19.4 idx=0/16 dist=32/80 edge=1:-12.42@99.5,72.5 dx=15.5 width=57.1 l=71,71 r=128,74
CxScan: raw_ref=80.0 edge=99.5,72.5 best_raw_x=120 best_err=-0.13 best_cxcy=99.3,119.7 scan=0:-33.4,10:-31.2,20:-28.8,30:-26.3,40:-23.7,50:-21.0,60:-18.2,70:-15.4,80:-12.4,90:-9.4,100:-6.3,110:-3.2,120:-0.1,130:3.0,140:6.1
ATGSeedDiag: seed=1@10,96/1@155,88 begin=7,108 block=5 clip=8
ATGLptDiag: best=32(57.8) imip=22/42 pass=10111 acc=-1 ipm=62.7,56.4 inv=56.0,31.8 | 32(76.7) imip=22/42 pass=11111 acc=32 ipm=115.8,39.2 inv=96.3,25.2
frame=818 line=1 track=1 cross=0 circle=0(CIRCLE_NONE) round=0 yroad=0 ramp=0 road=7 speed=0 near=55/31 raw=145/165 sel=31/40 far=0/0 far_raw=0/0 l=0@-1/1@31 far_l=0@-1/0@-1 straight=0/0 far_straight=0/0 circle_cnt=0/0/0/0 lost=0/0 conf=53.6/75.4/0.0/0.0 dist=0 begin=0/3267 m0=(84,119) ml=(103,91) md=33/1/87 cxcy=84.0,119.6 guide=-19.63 atg=13.0/1.0/1.0 pure=-1.48/-0.56 yaw=1178 cmd=1378 actual=746 signed=0 rps=3111/6889:3184/3448 duty=7/23 pwm=PWM2:7/PWM1:23 motor=2:7/1:23
CrossDiag: type=CROSS_NONE track=1 half_lr=0/0 nearL=0@-1/1@31 nearNum=55/31 centerNum=55/31 farL=0@-1/0@-1 farNum=0/0 farRaw=0/0 lost=0/0 not_have=0 final=31/40 flags=0/0
LineErr: aim=33 cxcy=84.0,119.6 left=1:-23.28@103,98 dx=19.3 idx=8/15 dist=33/179 right=1:-20.53@102,96 dx=17.6 idx=0/5 dist=32/93 sel=1:-19.17@103,88 dx=18.9 idx=0/16 dist=32/78 edge=1:-11.72@98.5,73.0 dx=14.5 width=57.0 l=70,72 r=127,74
CxScan: raw_ref=80.0 edge=98.5,73.0 best_raw_x=120 best_err=0.69 best_cxcy=99.3,119.7 scan=0:-33.0,10:-30.7,20:-28.3,30:-25.8,40:-23.2,50:-20.5,60:-17.6,70:-14.7,80:-11.7,90:-8.7,100:-5.6,110:-2.4,120:0.7,130:3.8,140:6.9
ATGSeedDiag: seed=1@7,98/1@155,89 begin=7,108 block=5 clip=8
ATGLptDiag: best=32(53.6) imip=22/42 pass=10111 acc=-1 ipm=61.8,58.1 inv=54.9,32.6 | 31(75.4) imip=21/41 pass=11111 acc=31 ipm=115.0,42.0 inv=96.3,26.1
frame=819 line=1 track=1 cross=0 circle=0(CIRCLE_NONE) round=0 yroad=0 ramp=0 road=7 speed=0 near=54/31 raw=148/168 sel=31/40 far=0/0 far_raw=0/0 l=0@-1/1@31 far_l=0@-1/0@-1 straight=0/0 far_straight=0/0 circle_cnt=0/0/0/0 lost=0/0 conf=50.9/77.6/0.0/0.0 dist=0 begin=0/3267 m0=(84,119) ml=(102,91) md=33/1/86 cxcy=84.0,119.6 guide=-19.41 atg=9.0/0.0/0.0 pure=-1.24/-0.41 yaw=1165 cmd=1365 actual=784 signed=0 rps=3129/6871:3240/3586 duty=7/23 pwm=PWM2:7/PWM1:23 motor=2:7/1:23
CrossDiag: type=CROSS_NONE track=1 half_lr=0/0 nearL=0@-1/1@31 nearNum=54/31 centerNum=54/31 farL=0@-1/0@-1 farNum=0/0 farRaw=0/0 lost=0/0 not_have=0 final=31/40 flags=0/0
LineErr: aim=33 cxcy=84.0,119.6 left=1:-22.15@103,95 dx=19.4 idx=9/16 dist=34/171 right=1:-20.14@102,95 dx=17.7 idx=0/6 dist=32/93 sel=1:-18.87@103,88 dx=18.6 idx=0/16 dist=32/78 edge=1:-10.86@97.5,72.5 dx=13.5 width=57.1 l=69,71 r=126,74
CxScan: raw_ref=80.0 edge=97.5,72.5 best_raw_x=115 best_err=-0.06 best_cxcy=97.4,119.7 scan=0:-32.3,10:-29.9,20:-27.5,30:-25.0,40:-22.3,50:-19.6,60:-16.8,70:-13.8,80:-10.9,90:-7.8,100:-4.7,110:-1.6,120:1.5,130:4.6,140:7.7
ATGSeedDiag: seed=1@4,100/1@155,89 begin=7,108 block=5 clip=8
ATGLptDiag: best=32(50.9) imip=22/42 pass=10111 acc=-1 ipm=61.2,59.6 inv=54.1,33.3 | 31(77.6) imip=21/41 pass=11111 acc=31 ipm=113.5,42.3 inv=95.3,26.2
frame=820 line=1 track=1 cross=0 circle=0(CIRCLE_NONE) round=0 yroad=0 ramp=0 road=7 speed=0 near=52/30 raw=143/167 sel=30/38 far=0/0 far_raw=0/0 l=0@-1/1@30 far_l=0@-1/0@-1 straight=0/0 far_straight=0/0 circle_cnt=0/0/0/0 lost=0/0 conf=51.1/76.3/0.0/0.0 dist=0 begin=0/3267 m0=(84,119) ml=(102,91) md=33/1/82 cxcy=84.0,119.6 guide=-19.08 atg=7.0/0.0/0.0 pure=-1.13/-0.34 yaw=1145 cmd=1345 actual=824 signed=0 rps=3157/6843:3329/3792 duty=7/23 pwm=PWM2:7/PWM1:23 motor=2:7/1:23
CrossDiag: type=CROSS_NONE track=1 half_lr=0/0 nearL=0@-1/1@30 nearNum=52/30 centerNum=52/30 farL=0@-1/0@-1 farNum=0/0 farRaw=0/0 lost=0/0 not_have=0 final=30/38 flags=0/0
LineErr: aim=33 cxcy=84.0,119.6 left=1:-23.23@102,100 dx=18.5 idx=7/14 dist=32/170 right=1:-19.79@102,93 dx=17.8 idx=0/7 dist=33/88 sel=1:-18.13@102,88 dx=17.8 idx=0/16 dist=32/74 edge=1:-10.69@97.0,74.0 dx=13.0 width=56.0 l=69,74 r=125,74
CxScan: raw_ref=80.0 edge=97.0,74.0 best_raw_x=115 best_err=0.36 best_cxcy=97.4,119.7 scan=0:-32.5,10:-30.2,20:-27.7,30:-25.1,40:-22.4,50:-19.6,60:-16.7,70:-13.7,80:-10.7,90:-7.6,100:-4.4,110:-1.2,120:2.0,130:5.1,140:8.2
ATGSeedDiag: seed=1@8,101/1@155,89 begin=7,108 block=5 clip=8
ATGLptDiag: best=31(51.1) imip=21/41 pass=10111 acc=-1 ipm=60.7,60.0 inv=53.6,33.5 | 30(76.3) imip=20/40 pass=11111 acc=30 ipm=112.3,44.7 inv=94.9,27.0
frame=821 line=1 track=1 cross=0 circle=0(CIRCLE_NONE) round=0 yroad=0 ramp=0 road=7 speed=0 near=52/31 raw=146/169 sel=31/39 far=0/0 far_raw=0/0 l=0@-1/1@31 far_l=0@-1/0@-1 straight=0/0 far_straight=0/0 circle_cnt=0/0/0/0 lost=0/0 conf=55.0/77.7/0.0/0.0 dist=0 begin=0/3267 m0=(84,119) ml=(102,91) md=33/1/84 cxcy=84.0,119.6 guide=-19.08 atg=5.0/0.0/0.0 pure=-0.99/-0.26 yaw=1145 cmd=1345 actual=863 signed=0 rps=3157/6843:3197/3795 duty=7/23 pwm=PWM2:7/PWM1:23 motor=2:7/1:23
CrossDiag: type=CROSS_NONE track=1 half_lr=0/0 nearL=0@-1/1@31 nearNum=52/31 centerNum=52/31 farL=0@-1/0@-1 farNum=0/0 farRaw=0/0 lost=0/0 not_have=0 final=31/39 flags=0/0
LineErr: aim=33 cxcy=84.0,119.6 left=1:-22.39@103,98 dx=18.6 idx=8/15 dist=33/168 right=1:-19.86@101,95 dx=17.1 idx=0/6 dist=32/94 sel=1:-18.14@102,88 dx=17.9 idx=0/16 dist=32/76 edge=1:-10.28@96.5,74.0 dx=12.5 width=57.0 l=68,73 r=125,75
CxScan: raw_ref=80.0 edge=96.5,74.0 best_raw_x=115 best_err=0.78 best_cxcy=97.4,119.7 scan=0:-32.2,10:-29.9,20:-27.4,30:-24.8,40:-22.1,50:-19.3,60:-16.3,70:-13.3,80:-10.3,90:-7.2,100:-4.0,110:-0.8,120:2.4,130:5.5,140:8.7
ATGSeedDiag: seed=1@4,103/1@155,90 begin=7,108 block=5 clip=8
ATGLptDiag: best=32(55.0) imip=22/42 pass=10111 acc=-1 ipm=59.0,59.9 inv=52.2,33.5 | 31(77.7) imip=21/41 pass=11111 acc=31 ipm=112.0,42.9 inv=94.3,26.4
frame=822 line=1 track=1 cross=0 circle=0(CIRCLE_NONE) round=0 yroad=0 ramp=0 road=7 speed=0 near=51/31 raw=142/170 sel=31/38 far=0/0 far_raw=0/0 l=0@-1/1@31 far_l=0@-1/0@-1 straight=0/0 far_straight=0/0 circle_cnt=0/0/0/0 lost=0/0 conf=53.6/77.9/0.0/0.0 dist=0 begin=0/3267 m0=(84,119) ml=(101,90) md=34/1/82 cxcy=84.0,119.6 guide=-18.19 atg=4.0/0.0/0.0 pure=-0.89/-0.15 yaw=1091 cmd=1270 actual=912 signed=0 rps=3259/6741:3292/4140 duty=7/22 pwm=PWM2:7/PWM1:22 motor=2:7/1:22
CrossDiag: type=CROSS_NONE track=1 half_lr=0/0 nearL=0@-1/1@31 nearNum=51/31 centerNum=51/31 farL=0@-1/0@-1 farNum=0/0 farRaw=0/0 lost=0/0 not_have=0 final=31/38 flags=0/0
LineErr: aim=33 cxcy=84.0,119.6 left=1:-22.11@102,99 dx=18.0 idx=7/14 dist=32/167 right=1:-19.42@101,94 dx=17.1 idx=0/7 dist=33/91 sel=1:-17.33@101,88 dx=17.1 idx=0/16 dist=32/74 edge=1:-10.36@96.5,74.5 dx=12.5 width=57.0 l=68,74 r=125,75
CxScan: raw_ref=80.0 edge=96.5,74.5 best_raw_x=115 best_err=0.78 best_cxcy=97.4,119.7 scan=0:-32.4,10:-30.0,20:-27.5,30:-24.9,40:-22.2,50:-19.4,60:-16.5,70:-13.4,80:-10.4,90:-7.2,100:-4.0,110:-0.8,120:2.4,130:5.6,140:8.7
ATGSeedDiag: seed=1@7,104/1@155,91 begin=7,108 block=5 clip=8
ATGLptDiag: best=31(53.6) imip=21/41 pass=10111 acc=-1 ipm=58.8,60.5 inv=51.8,33.8 | 31(77.9) imip=21/41 pass=11111 acc=31 ipm=110.6,43.4 inv=93.4,26.6
frame=823 line=1 track=1 cross=0 circle=0(CIRCLE_NONE) round=0 yroad=0 ramp=0 road=7 speed=0 near=51/31 raw=144/170 sel=31/38 far=0/0 far_raw=0/0 l=0@-1/1@31 far_l=0@-1/0@-1 straight=0/0 far_straight=0/0 circle_cnt=0/0/0/0 lost=0/0 conf=54.6/76.2/0.0/0.0 dist=0 begin=0/3267 m0=(84,119) ml=(101,90) md=33/1/82 cxcy=84.0,119.6 guide=-17.79 atg=2.0/0.0/0.0 pure=-0.73/-0.10 yaw=1068 cmd=1171 actual=964 signed=0 rps=3395/6605:3152/4173 duty=8/21 pwm=PWM2:8/PWM1:21 motor=2:8/1:21
CrossDiag: type=CROSS_NONE track=1 half_lr=0/0 nearL=0@-1/1@31 nearNum=51/31 centerNum=51/31 farL=0@-1/0@-1 farNum=0/0 farRaw=0/0 lost=0/0 not_have=0 final=31/38 flags=0/0
LineErr: aim=33 cxcy=84.0,119.6 left=1:-20.59@102,95 dx=17.8 idx=8/15 dist=32/163 right=1:-19.00@101,95 dx=16.6 idx=0/7 dist=32/90 sel=1:-17.00@101,88 dx=16.8 idx=0/16 dist=32/74 edge=1:-9.07@95.0,74.0 dx=11.0 width=58.0 l=66,73 r=124,75
CxScan: raw_ref=80.0 edge=95.0,74.0 best_raw_x=110 best_err=0.43 best_cxcy=95.5,119.6 scan=0:-31.3,10:-28.9,20:-26.4,30:-23.7,40:-21.0,50:-18.1,60:-15.2,70:-12.2,80:-9.1,90:-5.9,100:-2.8,110:0.4,120:3.6,130:6.8,140:9.9
ATGSeedDiag: seed=1@4,106/1@155,92 begin=7,108 block=5 clip=8
ATGLptDiag: best=32(54.6) imip=22/42 pass=10111 acc=-1 ipm=56.6,60.2 inv=50.0,33.6 | 31(76.2) imip=21/41 pass=11111 acc=31 ipm=110.5,43.8 inv=93.4,26.7
frame=824 line=1 track=1 cross=0 circle=0(CIRCLE_NONE) round=0 yroad=0 ramp=0 road=7 speed=0 near=50/32 raw=141/170 sel=32/40 far=0/0 far_raw=0/0 l=0@-1/1@32 far_l=0@-1/0@-1 straight=0/0 far_straight=0/0 circle_cnt=0/0/0/0 lost=0/0 conf=53.9/74.7/0.0/0.0 dist=0 begin=0/3267 m0=(84,119) ml=(100,90) md=33/1/86 cxcy=84.0,119.6 guide=-16.67 atg=1.0/0.0/0.0 pure=-0.54/0.00 yaw=1000 cmd=993 actual=1008 signed=0 rps=3639/6361:3239/4467 duty=9/20 pwm=PWM2:9/PWM1:20 motor=2:9/1:20
CrossDiag: type=CROSS_NONE track=1 half_lr=0/0 nearL=0@-1/1@32 nearNum=50/32 centerNum=50/32 farL=0@-1/0@-1 farNum=0/0 farRaw=0/0 lost=0/0 not_have=0 final=32/40 flags=0/0
LineErr: aim=33 cxcy=84.0,119.6 left=1:-20.91@101,97 dx=17.4 idx=7/14 dist=32/165 right=1:-18.11@100,94 dx=16.1 idx=0/8 dist=33/94 sel=1:-16.18@100,88 dx=16.0 idx=0/16 dist=32/78 edge=1:-9.20@95.0,75.0 dx=11.0 width=58.0 l=66,74 r=124,76
CxScan: raw_ref=80.0 edge=95.0,75.0 best_raw_x=110 best_err=0.44 best_cxcy=95.5,119.6 scan=0:-31.7,10:-29.3,20:-26.7,30:-24.0,40:-21.3,50:-18.4,60:-15.4,70:-12.3,80:-9.2,90:-6.0,100:-2.8,110:0.4,120:3.7,130:6.9,140:10.0
ATGSeedDiag: seed=1@6,107/1@155,93 begin=7,108 block=5 clip=8
ATGLptDiag: best=31(53.9) imip=21/41 pass=10111 acc=-1 ipm=56.7,60.9 inv=49.9,34.0 | 32(74.7) imip=22/42 pass=11111 acc=32 ipm=109.6,42.2 inv=92.4,26.2
frame=825 line=1 track=1 cross=0 circle=0(CIRCLE_NONE) round=0 yroad=0 ramp=0 road=7 speed=0 near=49/31 raw=139/170 sel=31/38 far=0/0 far_raw=0/0 l=0@-1/1@31 far_l=0@-1/0@-1 straight=0/0 far_straight=0/0 circle_cnt=0/0/0/0 lost=0/0 conf=55.0/75.6/0.0/0.0 dist=0 begin=0/3267 m0=(84,119) ml=(100,90) md=33/1/81 cxcy=84.0,119.6 guide=-16.16 atg=0.0/0.0/0.0 pure=-0.36/0.11 yaw=969 cmd=906 actual=1032 signed=0 rps=3758/6242:3222/4507 duty=9/20 pwm=PWM2:9/PWM1:20 motor=2:9/1:20
CrossDiag: type=CROSS_NONE track=1 half_lr=0/0 nearL=0@-1/1@31 nearNum=49/31 centerNum=49/31 farL=0@-1/0@-1 farNum=0/0 farRaw=0/0 lost=0/0 not_have=0 final=31/38 flags=0/0
LineErr: aim=33 cxcy=84.0,119.6 left=1:-21.17@101,99 dx=16.8 idx=6/13 dist=31/161 right=1:-17.91@100,94 dx=15.7 idx=0/8 dist=32/88 sel=1:-15.18@99,87 dx=15.0 idx=0/16 dist=32/74 edge=1:-8.37@94.0,75.0 dx=10.0 width=58.0 l=65,74 r=123,76
CxScan: raw_ref=80.0 edge=94.0,75.0 best_raw_x=105 best_err=-0.33 best_cxcy=93.6,119.6 scan=0:-31.1,10:-28.6,20:-26.0,30:-23.3,40:-20.5,50:-17.6,60:-14.6,70:-11.5,80:-8.4,90:-5.2,100:-2.0,110:1.3,120:4.5,130:7.7,140:10.8
ATGSeedDiag: seed=1@8,108/1@155,94 begin=7,108 block=5 clip=8
ATGLptDiag: best=30(55.0) imip=20/40 pass=10111 acc=-1 ipm=56.8,62.1 inv=49.7,34.6 | 31(75.6) imip=21/41 pass=11111 acc=31 ipm=108.7,44.9 inv=92.3,27.1
frame=826 line=1 track=1 cross=0 circle=0(CIRCLE_NONE) round=0 yroad=0 ramp=0 road=7 speed=0 near=47/31 raw=133/170 sel=31/37 far=0/0 far_raw=0/0 l=0@-1/1@31 far_l=0@-1/0@-1 straight=0/0 far_straight=0/0 circle_cnt=0/0/0/0 lost=0/0 conf=51.0/76.2/0.0/0.0 dist=0 begin=0/3267 m0=(84,119) ml=(99,90) md=33/1/79 cxcy=84.0,119.6 guide=-15.16 atg=0.0/0.0/0.0 pure=-0.12/0.28 yaw=909 cmd=785 actual=1034 signed=0 rps=3924/6076:3035/4220 duty=10/19 pwm=PWM2:10/PWM1:19 motor=2:10/1:19
CrossDiag: type=CROSS_NONE track=1 half_lr=0/0 nearL=0@-1/1@31 nearNum=47/31 centerNum=47/31 farL=0@-1/0@-1 farNum=0/0 farRaw=0/0 lost=0/0 not_have=0 final=31/37 flags=0/0
LineErr: aim=33 cxcy=84.0,119.6 left=1:-19.07@100,96 dx=16.3 idx=5/13 dist=35/161 right=1:-17.47@99,95 dx=15.1 idx=0/8 dist=32/88 sel=1:-14.20@98,87 dx=14.0 idx=0/16 dist=32/72 edge=1:-7.60@93.0,75.5 dx=9.0 width=58.1 l=64,74 r=122,77
CxScan: raw_ref=80.0 edge=93.0,75.5 best_raw_x=105 best_err=0.51 best_cxcy=93.6,119.6 scan=0:-30.6,10:-28.1,20:-25.5,30:-22.8,40:-19.9,50:-17.0,60:-13.9,70:-10.8,80:-7.6,90:-4.4,100:-1.1,110:2.1,120:5.4,130:8.6,140:11.7
ATGSeedDiag: seed=1@12,108/1@155,95 begin=7,108 block=5 clip=8
ATGLptDiag: best=29(51.0) imip=19/39 pass=10111 acc=-1 ipm=55.5,63.5 inv=48.1,35.3 | 31(76.2) imip=21/41 pass=11111 acc=31 ipm=107.2,45.5 inv=91.3,27.3
frame=827 line=1 track=1 cross=0 circle=0(CIRCLE_NONE) round=0 yroad=0 ramp=0 road=7 speed=0 near=46/31 raw=130/170 sel=31/37 far=0/0 far_raw=0/0 l=0@-1/1@31 far_l=0@-1/0@-1 straight=0/0 far_straight=0/0 circle_cnt=0/0/0/0 lost=0/0 conf=53.4/77.4/0.0/0.0 dist=0 begin=0/3267 m0=(84,119) ml=(98,89) md=34/1/79 cxcy=84.0,119.6 guide=-14.48 atg=0.0/0.0/0.0 pure=0.13/0.43 yaw=869 cmd=705 actual=1033 signed=0 rps=4034/5966:3165/4399 duty=10/19 pwm=PWM2:10/PWM1:19 motor=2:10/1:19
CrossDiag: type=CROSS_NONE track=1 half_lr=0/0 nearL=0@-1/1@31 nearNum=46/31 centerNum=46/31 farL=0@-1/0@-1 farNum=0/0 farRaw=0/0 lost=0/0 not_have=0 final=31/37 flags=0/0
LineErr: aim=33 cxcy=84.0,119.6 left=1:-18.74@100,96 dx=15.7 idx=4/12 dist=33/157 right=1:-16.40@98,94 dx=14.3 idx=0/9 dist=33/87 sel=1:-13.21@97,87 dx=13.0 idx=0/16 dist=32/72 edge=1:-6.81@92.0,76.0 dx=8.0 width=58.0 l=63,75 r=121,77
CxScan: raw_ref=80.0 edge=92.0,76.0 best_raw_x=100 best_err=-0.27 best_cxcy=91.7,119.6 scan=0:-30.2,10:-27.6,20:-25.0,30:-22.2,40:-19.3,50:-16.3,60:-13.2,70:-10.0,80:-6.8,90:-3.5,100:-0.3,110:3.0,120:6.3,130:9.5,140:12.6
ATGSeedDiag: seed=1@16,108/1@155,96 begin=7,108 block=5 clip=8
ATGLptDiag: best=28(53.4) imip=18/38 pass=10111 acc=-1 ipm=55.2,64.1 inv=47.7,35.6 | 31(77.4) imip=21/41 pass=11111 acc=31 ipm=105.9,46.1 inv=90.3,27.5
frame=828 line=1 track=1 cross=0 circle=0(CIRCLE_NONE) round=0 yroad=0 ramp=0 road=7 speed=0 near=45/31 raw=125/170 sel=31/36 far=0/0 far_raw=0/0 l=0@-1/1@31 far_l=0@-1/0@-1 straight=0/0 far_straight=0/0 circle_cnt=0/0/0/0 lost=0/0 conf=56.7/77.6/0.0/0.0 dist=0 begin=0/3267 m0=(84,119) ml=(97,89) md=34/1/77 cxcy=84.0,119.6 guide=-13.79 atg=0.0/-1.0/-1.0 pure=0.33/0.61 yaw=828 cmd=628 actual=1042 signed=0 rps=4140/5860:2993/4248 duty=11/18 pwm=PWM2:11/PWM1:18 motor=2:11/1:18
CrossDiag: type=CROSS_NONE track=1 half_lr=0/0 nearL=0@-1/1@31 nearNum=45/31 centerNum=45/31 farL=0@-1/0@-1 farNum=0/0 farRaw=0/0 lost=0/0 not_have=0 final=31/36 flags=0/0
LineErr: aim=33 cxcy=84.0,119.6 left=1:-19.17@100,98 dx=15.6 idx=3/11 dist=32/158 right=1:-15.77@98,94 dx=13.6 idx=0/9 dist=32/85 sel=1:-12.28@96,87 dx=12.1 idx=0/16 dist=32/70 edge=1:-6.49@91.5,77.0 dx=7.5 width=57.0 l=63,77 r=120,77
CxScan: raw_ref=80.0 edge=91.5,77.0 best_raw_x=100 best_err=0.16 best_cxcy=91.7,119.6 scan=0:-30.2,10:-27.7,20:-25.0,30:-22.1,40:-19.2,50:-16.1,60:-13.0,70:-9.8,80:-6.5,90:-3.2,100:0.2,110:3.5,120:6.8,130:10.0,140:13.2
ATGSeedDiag: seed=1@19,108/1@155,97 begin=7,108 block=5 clip=8
ATGLptDiag: best=28(56.7) imip=18/38 pass=10111 acc=-1 ipm=53.3,63.8 inv=46.0,35.5 | 31(77.6) imip=21/41 pass=11111 acc=31 ipm=104.5,46.7 inv=89.4,27.7
frame=829 line=1 track=1 cross=0 circle=0(CIRCLE_NONE) round=0 yroad=0 ramp=0 road=7 speed=0 near=44/32 raw=121/170 sel=32/38 far=0/0 far_raw=0/0 l=0@-1/1@32 far_l=0@-1/0@-1 straight=0/0 far_straight=0/0 circle_cnt=0/0/0/0 lost=0/0 conf=51.5/77.9/0.0/0.0 dist=0 begin=0/3267 m0=(84,119) ml=(97,91) md=32/1/81 cxcy=84.0,119.6 guide=-13.06 atg=-1.0/-1.0/-1.0 pure=0.47/0.69 yaw=784 cmd=584 actual=1049 signed=0 rps=4200/5800:3145/4382 duty=11/18 pwm=PWM2:11/PWM1:18 motor=2:11/1:18
CrossDiag: type=CROSS_NONE track=1 half_lr=0/0 nearL=0@-1/1@32 nearNum=44/32 centerNum=44/32 farL=0@-1/0@-1 farNum=0/0 farRaw=0/0 lost=0/0 not_have=0 final=32/38 flags=0/0
LineErr: aim=33 cxcy=84.0,119.6 left=1:-17.77@99,96 dx=15.1 idx=3/11 dist=31/154 right=1:-15.28@98,93 dx=13.5 idx=0/10 dist=33/90 sel=1:-11.60@95,87 dx=11.4 idx=0/16 dist=32/74 edge=1:-6.05@91.0,77.0 dx=7.0 width=58.0 l=62,76 r=120,78
CxScan: raw_ref=80.0 edge=91.0,77.0 best_raw_x=100 best_err=0.60 best_cxcy=91.7,119.6 scan=0:-29.9,10:-27.3,20:-24.6,30:-21.7,40:-18.8,50:-15.7,60:-12.6,70:-9.3,80:-6.1,90:-2.7,100:0.6,110:3.9,120:7.2,130:10.5,140:13.6
ATGSeedDiag: seed=1@21,108/1@155,98 begin=7,108 block=5 clip=8
ATGLptDiag: best=27(51.5) imip=17/37 pass=10111 acc=-1 ipm=53.1,65.2 inv=45.4,36.2 | 32(77.9) imip=22/42 pass=11111 acc=32 ipm=103.4,45.0 inv=88.3,27.2
frame=830 line=1 track=1 cross=0 circle=0(CIRCLE_NONE) round=0 yroad=0 ramp=0 road=7 speed=0 near=43/31 raw=119/170 sel=31/36 far=0/0 far_raw=0/0 l=0@-1/1@31 far_l=0@-1/0@-1 straight=0/0 far_straight=0/0 circle_cnt=0/0/0/0 lost=0/0 conf=54.3/76.7/0.0/0.0 dist=0 begin=0/3267 m0=(84,119) ml=(95,89) md=33/1/77 cxcy=84.0,119.6 guide=-11.81 atg=-2.0/-2.0/-2.0 pure=0.61/0.81 yaw=708 cmd=508 actual=1037 signed=0 rps=4303/5697:3281/4388 duty=11/17 pwm=PWM2:11/PWM1:17 motor=2:11/1:17
CrossDiag: type=CROSS_NONE track=1 half_lr=0/0 nearL=0@-1/1@31 nearNum=43/31 centerNum=43/31 farL=0@-1/0@-1 farNum=0/0 farRaw=0/0 lost=0/0 not_have=0 final=31/36 flags=0/0
LineErr: aim=33 cxcy=84.0,119.6 left=1:-16.11@98,93 dx=14.2 idx=2/11 dist=33/153 right=1:-14.70@97,94 dx=12.8 idx=0/10 dist=33/85 sel=1:-10.65@95,87 dx=10.5 idx=0/16 dist=32/70 edge=1:-4.76@89.5,77.0 dx=5.5 width=59.0 l=60,76 r=119,78
CxScan: raw_ref=80.0 edge=89.5,77.0 best_raw_x=95 best_err=0.24 best_cxcy=89.8,119.6 scan=0:-28.9,10:-26.3,20:-23.5,30:-20.6,40:-17.6,50:-14.5,60:-11.3,70:-8.1,80:-4.8,90:-1.4,100:1.9,110:5.2,120:8.5,130:11.7,140:14.9
ATGSeedDiag: seed=1@23,108/1@155,99 begin=7,108 block=5 clip=8
ATGLptDiag: best=27(54.3) imip=17/37 pass=10111 acc=-1 ipm=51.2,65.2 inv=43.7,36.2 | 31(76.7) imip=21/41 pass=11111 acc=31 ipm=102.8,47.6 inv=88.3,28.1
frame=831 line=1 track=1 cross=0 circle=0(CIRCLE_NONE) round=0 yroad=0 ramp=0 road=7 speed=0 near=42/31 raw=116/170 sel=31/36 far=0/0 far_raw=0/0 l=0@-1/1@31 far_l=0@-1/0@-1 straight=0/0 far_straight=0/0 circle_cnt=0/0/0/0 lost=0/0 conf=55.7/76.8/0.0/0.0 dist=0 begin=0/3267 m0=(84,119) ml=(95,89) md=33/1/77 cxcy=84.0,119.6 guide=-11.19 atg=-4.0/-3.0/-3.0 pure=0.80/0.97 yaw=671 cmd=471 actual=1011 signed=0 rps=4354/5646:3268/4093 duty=11/18 pwm=PWM2:11/PWM1:18 motor=2:11/1:18
CrossDiag: type=CROSS_NONE track=1 half_lr=0/0 nearL=0@-1/1@31 nearNum=42/31 centerNum=42/31 farL=0@-1/0@-1 farNum=0/0 farRaw=0/0 lost=0/0 not_have=0 final=31/36 flags=0/0
LineErr: aim=33 cxcy=84.0,119.6 left=1:-14.52@97,91 dx=13.3 idx=2/11 dist=32/147 right=1:-14.15@96,95 dx=12.2 idx=0/10 dist=33/85 sel=1:-9.77@94,87 dx=9.6 idx=0/16 dist=32/70 edge=1:-4.36@89.0,77.5 dx=5.0 width=58.0 l=60,77 r=118,78
CxScan: raw_ref=80.0 edge=89.0,77.5 best_raw_x=95 best_err=0.68 best_cxcy=89.8,119.6 scan=0:-28.8,10:-26.1,20:-23.3,30:-20.4,40:-17.3,50:-14.2,60:-11.0,70:-7.7,80:-4.4,90:-1.0,100:2.4,110:5.7,120:9.0,130:12.2,140:15.4
ATGSeedDiag: seed=1@25,108/1@155,100 begin=7,108 block=5 clip=8
ATGLptDiag: best=26(55.7) imip=16/36 pass=10111 acc=-1 ipm=51.7,66.1 inv=43.8,36.7 | 31(76.8) imip=21/41 pass=11111 acc=31 ipm=101.5,48.1 inv=87.3,28.3
frame=832 line=1 track=1 cross=0 circle=0(CIRCLE_NONE) round=0 yroad=0 ramp=0 road=7 speed=0 near=40/32 raw=112/170 sel=32/37 far=0/0 far_raw=0/0 l=0@-1/1@32 far_l=0@-1/0@-1 straight=0/0 far_straight=0/0 circle_cnt=0/0/0/0 lost=0/0 conf=57.4/77.5/0.0/0.0 dist=0 begin=0/3267 m0=(84,119) ml=(93,89) md=33/1/79 cxcy=84.0,119.6 guide=-9.29 atg=-8.0/-5.0/-5.0 pure=1.18/1.23 yaw=557 cmd=357 actual=979 signed=0 rps=4511/5489:3511/4106 duty=11/17 pwm=PWM2:11/PWM1:17 motor=2:11/1:17
CrossDiag: type=CROSS_NONE track=1 half_lr=0/0 nearL=0@-1/1@32 nearNum=40/32 centerNum=40/32 farL=0@-1/0@-1 farNum=0/0 farRaw=0/0 lost=0/0 not_have=0 final=32/37 flags=0/0
LineErr: aim=33 cxcy=84.0,119.6 left=1:-14.01@97,93 dx=12.5 idx=1/10 dist=32/144 right=1:-11.81@95,92 dx=10.5 idx=0/13 dist=33/88 sel=1:-7.85@92,87 dx=7.7 idx=0/16 dist=32/72 edge=1:-3.07@87.5,78.0 dx=3.5 width=59.0 l=58,77 r=117,79
CxScan: raw_ref=80.0 edge=87.5,78.0 best_raw_x=90 best_err=0.32 best_cxcy=87.9,119.6 scan=0:-27.9,10:-25.2,20:-22.3,30:-19.3,40:-16.2,50:-13.0,60:-9.8,70:-6.4,80:-3.1,90:0.3,100:3.7,110:7.0,120:10.3,130:13.6,140:16.7
ATGSeedDiag: seed=1@27,108/1@155,101 begin=7,108 block=5 clip=8
ATGLptDiag: best=26(57.4) imip=16/36 pass=10111 acc=-1 ipm=48.2,67.4 inv=40.0,37.4 | 32(77.5) imip=22/42 pass=11111 acc=32 ipm=99.2,46.8 inv=85.4,27.8
frame=833 line=1 track=1 cross=0 circle=0(CIRCLE_NONE) round=0 yroad=0 ramp=0 road=7 speed=0 near=39/31 raw=110/170 sel=31/35 far=0/0 far_raw=0/0 l=0@-1/1@31 far_l=0@-1/0@-1 straight=0/0 far_straight=0/0 circle_cnt=0/0/0/0 lost=0/0 conf=52.9/77.3/0.0/0.0 dist=0 begin=0/3267 m0=(84,119) ml=(92,89) md=33/1/74 cxcy=84.0,119.6 guide=-9.14 atg=-10.0/-6.0/-6.0 pure=1.34/1.37 yaw=548 cmd=348 actual=947 signed=0 rps=4522/5478:3492/3911 duty=11/17 pwm=PWM2:11/PWM1:17 motor=2:11/1:17
CrossDiag: type=CROSS_NONE track=1 half_lr=0/0 nearL=0@-1/1@31 nearNum=39/31 centerNum=39/31 farL=0@-1/0@-1 farNum=0/0 farRaw=0/0 lost=0/0 not_have=0 final=31/35 flags=0/0
LineErr: aim=33 cxcy=84.0,119.6 left=1:-14.52@97,94 dx=12.5 idx=0/9 dist=32/145 right=1:-11.35@94,93 dx=10.0 idx=0/13 dist=33/81 sel=1:-6.89@91,87 dx=6.7 idx=0/16 dist=32/68 edge=1:-2.67@87.0,79.0 dx=3.0 width=58.0 l=58,79 r=116,79
CxScan: raw_ref=80.0 edge=87.0,79.0 best_raw_x=90 best_err=0.77 best_cxcy=87.9,119.6 scan=0:-28.0,10:-25.2,20:-22.2,30:-19.2,40:-16.1,50:-12.8,60:-9.5,70:-6.1,80:-2.7,90:0.8,100:4.2,110:7.6,120:10.9,130:14.2,140:17.4
ATGSeedDiag: seed=1@28,108/1@155,102 begin=7,108 block=5 clip=8
ATGLptDiag: best=25(52.9) imip=15/35 pass=10111 acc=-1 ipm=48.7,68.5 inv=40.1,38.1 | 31(77.3) imip=21/41 pass=11111 acc=31 ipm=98.8,49.3 inv=85.4,28.8
frame=834 line=1 track=1 cross=0 circle=0(CIRCLE_NONE) round=0 yroad=0 ramp=0 road=7 speed=0 near=38/32 raw=108/170 sel=32/36 far=0/0 far_raw=0/0 l=0@-1/1@32 far_l=0@-1/0@-1 straight=0/0 far_straight=0/0 circle_cnt=0/0/0/0 lost=0/0 conf=54.2/78.7/0.0/0.0 dist=0 begin=0/3267 m0=(84,119) ml=(91,89) md=33/1/77 cxcy=84.0,119.6 guide=-7.12 atg=-13.0/-7.0/-7.0 pure=1.54/1.53 yaw=427 cmd=227 actual=914 signed=0 rps=4688/5312:3729/4061 duty=12/16 pwm=PWM2:12/PWM1:16 motor=2:12/1:16
CrossDiag: type=CROSS_NONE track=1 half_lr=0/0 nearL=0@-1/1@32 nearNum=38/32 centerNum=38/32 farL=0@-1/0@-1 farNum=0/0 farRaw=0/0 lost=0/0 not_have=0 final=32/36 flags=0/0
LineErr: aim=33 cxcy=84.0,119.6 left=1:-11.19@95,90 dx=10.5 idx=0/10 dist=34/141 right=1:-10.82@93,94 dx=9.4 idx=0/13 dist=33/87 sel=1:-5.80@90,87 dx=5.6 idx=0/16 dist=32/70 edge=1:-1.77@86.0,79.0 dx=2.0 width=58.0 l=57,78 r=115,80
CxScan: raw_ref=80.0 edge=86.0,79.0 best_raw_x=85 best_err=-0.05 best_cxcy=85.9,119.6 scan=0:-27.2,10:-24.4,20:-21.5,30:-18.4,40:-15.2,50:-12.0,60:-8.6,70:-5.2,80:-1.8,90:1.7,100:5.1,110:8.5,120:11.8,130:15.0,140:18.2
ATGSeedDiag: seed=1@30,108/1@155,104 begin=7,108 block=5 clip=8
ATGLptDiag: best=25(54.2) imip=15/35 pass=10111 acc=-1 ipm=47.0,68.7 inv=38.4,38.2 | 32(78.7) imip=22/42 pass=11111 acc=32 ipm=97.1,48.1 inv=83.9,28.3
frame=835 line=1 track=1 cross=0 circle=0(CIRCLE_NONE) round=0 yroad=0 ramp=0 road=7 speed=0 near=37/31 raw=106/170 sel=31/34 far=0/0 far_raw=0/0 l=0@-1/1@31 far_l=0@-1/0@-1 straight=0/0 far_straight=0/0 circle_cnt=0/0/0/0 lost=0/0 conf=55.1/79.0/0.0/0.0 dist=0 begin=0/3267 m0=(84,119) ml=(90,89) md=33/1/72 cxcy=84.0,119.6 guide=-6.08 atg=-19.0/-9.0/-9.0 pure=1.74/1.77 yaw=365 cmd=165 actual=871 signed=0 rps=4774/5226:3696/4038 duty=12/16 pwm=PWM2:12/PWM1:16 motor=2:12/1:16
CrossDiag: type=CROSS_NONE track=1 half_lr=0/0 nearL=0@-1/1@31 nearNum=37/31 centerNum=37/31 farL=0@-1/0@-1 farNum=0/0 farRaw=0/0 lost=0/0 not_have=0 final=31/34 flags=0/0
LineErr: aim=33 cxcy=84.0,119.6 left=1:-9.79@93,88 dx=9.4 idx=0/10 dist=34/137 right=1:-9.50@92,93 dx=8.3 idx=0/14 dist=33/80 sel=1:-4.88@89,87 dx=4.7 idx=0/16 dist=32/66 edge=1:-0.88@85.0,79.0 dx=1.0 width=60.0 l=55,78 r=115,80
CxScan: raw_ref=80.0 edge=85.0,79.0 best_raw_x=85 best_err=0.85 best_cxcy=85.9,119.6 scan=0:-26.5,10:-23.7,20:-20.7,30:-17.6,40:-14.4,50:-11.1,60:-7.7,70:-4.3,80:-0.9,90:2.6,100:6.0,110:9.4,120:12.7,130:15.9,140:19.0
ATGSeedDiag: seed=1@31,108/1@155,104 begin=7,108 block=5 clip=8
ATGLptDiag: best=24(55.1) imip=14/34 pass=10111 acc=-1 ipm=47.9,69.6 inv=38.9,38.7 | 31(79.0) imip=21/41 pass=11111 acc=31 ipm=95.9,50.7 inv=83.3,29.3
frame=836 line=1 track=1 cross=0 circle=0(CIRCLE_NONE) round=0 yroad=0 ramp=0 road=7 speed=0 near=36/31 raw=105/170 sel=31/34 far=0/0 far_raw=0/0 l=0@-1/1@31 far_l=0@-1/0@-1 straight=0/0 far_straight=0/0 circle_cnt=0/0/0/0 lost=0/0 conf=52.4/77.7/0.0/0.0 dist=0 begin=0/3267 m0=(84,119) ml=(90,89) md=33/1/72 cxcy=84.0,119.6 guide=-6.67 atg=-20.0/-10.0/-10.0 pure=1.84/1.81 yaw=400 cmd=200 actual=828 signed=0 rps=4725/5275:3862/4323 duty=12/16 pwm=PWM2:12/PWM1:16 motor=2:12/1:16
CrossDiag: type=CROSS_NONE track=1 half_lr=0/0 nearL=0@-1/1@31 nearNum=36/31 centerNum=36/31 farL=0@-1/0@-1 farNum=0/0 farRaw=0/0 lost=0/0 not_have=0 final=31/34 flags=0/0
LineErr: aim=33 cxcy=84.0,119.6 left=1:-8.89@93,88 dx=8.6 idx=0/10 dist=33/131 right=1:-8.19@91,92 dx=7.3 idx=0/15 dist=33/81 sel=1:-4.28@88,87 dx=4.1 idx=0/16 dist=32/66 edge=1:-0.43@84.5,79.5 dx=0.5 width=59.0 l=55,79 r=114,80
CxScan: raw_ref=80.0 edge=84.5,79.5 best_raw_x=80 best_err=-0.43 best_cxcy=84.0,119.6 scan=0:-26.3,10:-23.5,20:-20.4,30:-17.3,40:-14.1,50:-10.7,60:-7.3,70:-3.9,80:-0.4,90:3.0,100:6.5,110:9.9,120:13.2,130:16.4,140:19.5
ATGSeedDiag: seed=1@31,108/1@155,104 begin=7,108 block=5 clip=8
ATGLptDiag: best=24(52.4) imip=14/34 pass=10111 acc=-1 ipm=46.4,70.5 inv=37.1,39.3 | 31(77.7) imip=21/41 pass=11111 acc=31 ipm=95.9,50.7 inv=83.3,29.3
frame=837 line=1 track=1 cross=0 circle=0(CIRCLE_NONE) round=0 yroad=0 ramp=0 road=7 speed=0 near=36/31 raw=104/170 sel=31/34 far=0/0 far_raw=0/0 l=0@-1/1@31 far_l=0@-1/0@-1 straight=0/0 far_straight=0/0 circle_cnt=0/0/0/0 lost=0/0 conf=58.4/78.9/0.0/0.0 dist=0 begin=0/3267 m0=(84,119) ml=(90,91) md=32/1/73 cxcy=84.0,119.6 guide=-5.97 atg=-23.0/-10.0/-10.0 pure=1.96/1.93 yaw=152 cmd=-48 actual=796 signed=0 rps=5065/4935:3762/4359 duty=13/15 pwm=PWM2:13/PWM1:15 motor=2:13/1:15
CrossDiag: type=CROSS_NONE track=1 half_lr=0/0 nearL=0@-1/1@31 nearNum=36/31 centerNum=36/31 farL=0@-1/0@-1 farNum=0/0 farRaw=0/0 lost=0/0 not_have=0 final=31/34 flags=0/0
LineErr: aim=33 cxcy=84.0,119.6 left=1:-7.64@92,87 dx=7.5 idx=0/10 dist=33/132 right=1:-8.87@92,94 dx=7.7 idx=0/14 dist=33/82 sel=1:-3.72@88,88 dx=3.6 idx=0/16 dist=32/66 edge=1:-0.44@84.5,80.5 dx=0.5 width=59.0 l=55,81 r=114,80
CxScan: raw_ref=80.0 edge=84.5,80.5 best_raw_x=80 best_err=-0.44 best_cxcy=84.0,119.6 scan=0:-26.7,10:-23.8,20:-20.7,30:-17.6,40:-14.3,50:-10.9,60:-7.5,70:-4.0,80:-0.4,90:3.1,100:6.6,110:10.0,120:13.4,130:16.7,140:19.8
ATGSeedDiag: seed=1@32,108/1@155,104 begin=7,108 block=5 clip=8
ATGLptDiag: best=24(58.4) imip=14/34 pass=10111 acc=-1 ipm=45.4,70.6 inv=36.0,39.3 | 31(78.9) imip=21/41 pass=11111 acc=31 ipm=94.7,50.9 inv=82.4,29.4
frame=838 line=1 track=1 cross=0 circle=0(CIRCLE_NONE) round=0 yroad=0 ramp=0 road=7 speed=0 near=22/31 raw=102/170 sel=31/34 far=0/0 far_raw=0/0 l=1@24/1@31 far_l=0@-1/0@-1 straight=0/0 far_straight=0/0 circle_cnt=0/0/0/0 lost=0/0 conf=38.7/77.3/0.0/0.0 dist=0 begin=0/3267 m0=(84,119) ml=(88,90) md=33/1/73 cxcy=84.0,119.6 guide=-4.50 atg=-24.0/-11.0/-11.0 pure=2.07/2.00 yaw=115 cmd=-85 actual=766 signed=0 rps=5117/4883:3926/4590 duty=13/14 pwm=PWM2:13/PWM1:14 motor=2:13/1:14
CrossDiag: type=CROSS_NONE track=1 half_lr=0/0 nearL=1@24/1@31 nearNum=22/31 centerNum=22/31 farL=0@-1/0@-1 farNum=0/0 farRaw=0/0 lost=0/0 not_have=0 final=31/34 flags=0/0
LineErr: aim=33 cxcy=84.0,119.6 left=1:-6.31@90,86 dx=6.3 idx=0/10 dist=33/79 right=1:-7.41@91,93 dx=6.5 idx=0/15 dist=33/81 sel=1:-3.06@87,88 dx=2.9 idx=0/16 dist=32/66 edge=1:0.48@83.5,80.0 dx=-0.5 width=59.0 l=54,80 r=113,80
CxScan: raw_ref=80.0 edge=83.5,80.0 best_raw_x=80 best_err=0.48 best_cxcy=84.0,119.6 scan=0:-25.8,10:-22.8,20:-19.8,30:-16.6,40:-13.3,50:-9.9,60:-6.5,70:-3.0,80:0.5,90:4.0,100:7.4,110:10.8,120:14.1,130:17.4,140:20.5
ATGSeedDiag: seed=1@33,108/1@155,105 begin=7,108 block=5 clip=8
ATGLptDiag: best=24(60.6) imip=14/34 pass=11111 acc=24 ipm=44.0,71.1 inv=34.3,39.7 | 31(77.3) imip=21/41 pass=11111 acc=31 ipm=94.6,51.2 inv=82.3,29.5
frame=839 line=1 track=1 cross=0 circle=0(CIRCLE_NONE) round=0 yroad=0 ramp=0 road=7 speed=0 near=34/31 raw=101/170 sel=31/34 far=0/0 far_raw=0/0 l=0@-1/1@31 far_l=0@-1/0@-1 straight=0/0 far_straight=0/0 circle_cnt=0/0/0/0 lost=0/0 conf=57.5/79.3/0.0/0.0 dist=0 begin=0/3267 m0=(84,119) ml=(88,90) md=32/1/73 cxcy=84.0,119.6 guide=-3.87 atg=-31.0/-13.0/-13.0 pure=2.25/2.15 yaw=99 cmd=-101 actual=727 signed=0 rps=5139/4861:4053/4645 duty=13/14 pwm=PWM2:13/PWM1:14 motor=2:13/1:14
CrossDiag: type=CROSS_NONE track=1 half_lr=0/0 nearL=0@-1/1@31 nearNum=34/31 centerNum=34/31 farL=0@-1/0@-1 farNum=0/0 farRaw=0/0 lost=0/0 not_have=0 final=31/34 flags=0/0
LineErr: aim=33 cxcy=84.0,119.6 left=1:-5.51@90,85 dx=5.5 idx=0/10 dist=32/123 right=1:-6.96@90,93 dx=6.0 idx=0/15 dist=32/79 sel=1:-2.12@86,88 dx=2.0 idx=0/16 dist=32/66 edge=1:0.94@83.0,80.5 dx=-1.0 width=60.0 l=53,81 r=113,80
CxScan: raw_ref=80.0 edge=83.0,80.5 best_raw_x=75 best_err=-0.82 best_cxcy=82.1,119.5 scan=0:-25.6,10:-22.6,20:-19.5,30:-16.3,40:-13.0,50:-9.6,60:-6.1,70:-2.6,80:0.9,90:4.5,100:7.9,110:11.4,120:14.7,130:17.9,140:21.0
ATGSeedDiag: seed=1@33,108/1@155,105 begin=7,108 block=5 clip=8
ATGLptDiag: best=23(57.5) imip=13/33 pass=10111 acc=-1 ipm=45.0,72.5 inv=34.7,40.5 | 31(79.3) imip=21/41 pass=11111 acc=31 ipm=93.4,51.6 inv=81.4,29.7
frame=840 line=1 track=1 cross=0 circle=0(CIRCLE_NONE) round=0 yroad=0 ramp=0 road=7 speed=0 near=21/31 raw=99/170 sel=31/34 far=0/0 far_raw=0/0 l=1@23/1@31 far_l=0@-1/0@-1 straight=0/0 far_straight=0/0 circle_cnt=0/0/0/0 lost=0/0 conf=35.9/76.9/0.0/0.0 dist=0 begin=0/3267 m0=(84,119) ml=(87,90) md=33/1/74 cxcy=84.0,119.6 guide=-3.48 atg=-32.0/-15.0/-15.0 pure=2.35/2.21 yaw=89 cmd=-111 actual=688 signed=0 rps=5153/4848:3871/4411 duty=13/14 pwm=PWM2:13/PWM1:14 motor=2:13/1:14
CrossDiag: type=CROSS_NONE track=1 half_lr=0/0 nearL=1@23/1@31 nearNum=21/31 centerNum=21/31 farL=0@-1/0@-1 farNum=0/0 farRaw=0/0 lost=0/0 not_have=0 final=31/34 flags=0/0
LineErr: aim=33 cxcy=84.0,119.6 left=1:-4.07@88,85 dx=4.1 idx=0/10 dist=31/72 right=1:-5.46@89,93 dx=4.8 idx=0/16 dist=33/82 sel=1:-1.24@85,88 dx=1.2 idx=0/16 dist=32/66 edge=1:1.88@82.0,81.0 dx=-2.0 width=60.0 l=52,81 r=112,81
CxScan: raw_ref=80.0 edge=82.0,81.0 best_raw_x=75 best_err=0.10 best_cxcy=82.1,119.5 scan=0:-25.0,10:-22.0,20:-18.8,30:-15.6,40:-12.2,50:-8.7,60:-5.2,70:-1.7,80:1.9,90:5.4,100:8.9,110:12.3,120:15.7,130:18.9,140:22.0
ATGSeedDiag: seed=1@34,108/1@155,106 begin=7,108 block=5 clip=8
ATGLptDiag: best=23(60.2) imip=13/33 pass=11111 acc=23 ipm=43.7,72.7 inv=33.3,40.7 | 31(76.9) imip=21/41 pass=11111 acc=31 ipm=93.3,51.9 inv=81.3,29.8
frame=841 line=1 track=1 cross=0 circle=0(CIRCLE_NONE) round=0 yroad=0 ramp=0 road=7 speed=0 near=21/31 raw=99/170 sel=31/34 far=0/0 far_raw=0/0 l=1@23/1@31 far_l=0@-1/0@-1 straight=0/0 far_straight=0/0 circle_cnt=0/0/0/0 lost=0/0 conf=33.5/79.0/0.0/0.0 dist=0 begin=0/3267 m0=(84,119) ml=(86,90) md=33/1/72 cxcy=84.0,119.6 guide=-1.23 atg=-37.0/-17.0/-17.0 pure=2.50/2.37 yaw=31 cmd=-169 actual=643 signed=0 rps=5231/4769:3965/4540 duty=13/14 pwm=PWM2:13/PWM1:14 motor=2:13/1:14
CrossDiag: type=CROSS_NONE track=1 half_lr=0/0 nearL=1@23/1@31 nearNum=21/31 centerNum=21/31 farL=0@-1/0@-1 farNum=0/0 farRaw=0/0 lost=0/0 not_have=0 final=31/34 flags=0/0
LineErr: aim=33 cxcy=84.0,119.6 left=1:-3.46@88,84 dx=3.5 idx=0/10 dist=32/75 right=1:-6.00@89,94 dx=5.1 idx=0/15 dist=32/82 sel=1:-0.39@84,88 dx=0.4 idx=0/16 dist=32/66 edge=1:2.80@81.0,81.0 dx=-3.0 width=60.0 l=51,81 r=111,81
CxScan: raw_ref=80.0 edge=81.0,81.0 best_raw_x=70 best_err=-0.75 best_cxcy=80.2,119.5 scan=0:-24.2,10:-21.2,20:-18.0,30:-14.7,40:-11.3,50:-7.8,60:-4.3,70:-0.8,80:2.8,90:6.3,100:9.8,110:13.2,120:16.5,130:19.7,140:22.8
ATGSeedDiag: seed=1@34,108/1@155,107 begin=7,108 block=5 clip=8
ATGLptDiag: best=23(61.2) imip=13/32 pass=11111 acc=23 ipm=43.1,73.1 inv=32.5,41.0 | 31(79.0) imip=21/41 pass=11111 acc=31 ipm=91.8,52.5 inv=80.3,30.0
frame=842 line=1 track=1 cross=0 circle=0(CIRCLE_NONE) round=0 yroad=0 ramp=0 road=7 speed=0 near=32/31 raw=96/170 sel=31/34 far=0/0 far_raw=0/0 l=0@-1/1@31 far_l=0@-1/0@-1 straight=0/0 far_straight=0/0 circle_cnt=0/0/0/0 lost=0/0 conf=57.9/75.9/0.0/0.0 dist=0 begin=0/3267 m0=(84,119) ml=(85,90) md=33/1/72 cxcy=84.0,119.6 guide=-0.51 atg=-41.0/-17.0/-17.0 pure=2.58/2.39 yaw=13 cmd=-187 actual=612 signed=0 rps=5256/4744:3997/4666 duty=13/13 pwm=PWM2:13/PWM1:13 motor=2:13/1:13
CrossDiag: type=CROSS_NONE track=1 half_lr=0/0 nearL=0@-1/1@31 nearNum=32/31 centerNum=32/31 farL=0@-1/0@-1 farNum=0/0 farRaw=0/0 lost=0/0 not_have=0 final=31/34 flags=0/0
LineErr: aim=33 cxcy=84.0,119.6 left=1:-2.01@86,84 dx=2.1 idx=0/10 dist=31/114 right=1:-4.18@88,94 dx=3.6 idx=0/16 dist=32/80 sel=1:0.38@84,88 dx=-0.4 idx=0/16 dist=32/66 edge=1:2.38@81.5,82.0 dx=-2.5 width=59.0 l=52,83 r=111,81
CxScan: raw_ref=80.0 edge=81.5,82.0 best_raw_x=75 best_err=0.57 best_cxcy=82.1,119.5 scan=0:-25.0,10:-21.9,20:-18.7,30:-15.4,40:-11.9,50:-8.4,60:-4.8,70:-1.2,80:2.4,90:6.0,100:9.5,110:13.0,120:16.3,130:19.6,140:22.7
ATGSeedDiag: seed=1@35,108/1@155,107 begin=7,108 block=5 clip=8
ATGLptDiag: best=23(57.9) imip=13/31 pass=10111 acc=-1 ipm=41.4,74.1 inv=30.1,41.7 | 31(75.9) imip=21/41 pass=11111 acc=31 ipm=91.9,52.4 inv=80.3,30.0
frame=843 line=1 track=1 cross=0 circle=0(CIRCLE_NONE) round=0 yroad=0 ramp=0 road=7 speed=0 near=32/31 raw=95/170 sel=31/34 far=0/0 far_raw=0/0 l=0@-1/1@31 far_l=0@-1/0@-1 straight=0/0 far_straight=0/0 circle_cnt=0/0/0/0 lost=0/0 conf=58.5/78.2/0.0/0.0 dist=0 begin=0/3267 m0=(84,119) ml=(84,90) md=34/1/73 cxcy=84.0,119.6 guide=-0.19 atg=-46.0/-19.0/-19.0 pure=2.76/2.54 yaw=5 cmd=-195 actual=576 signed=0 rps=5267/4733:3707/4367 duty=14/14 pwm=PWM2:14/PWM1:14 motor=2:14/1:14
CrossDiag: type=CROSS_NONE track=1 half_lr=0/0 nearL=0@-1/1@31 nearNum=32/31 centerNum=32/31 farL=0@-1/0@-1 farNum=0/0 farRaw=0/0 lost=0/0 not_have=0 final=31/34 flags=0/0
LineErr: aim=33 cxcy=84.0,119.6 left=1:-1.02@85,83 dx=1.1 idx=0/10 dist=31/115 right=1:-3.79@87,94 dx=3.2 idx=0/16 dist=32/80 sel=1:1.19@83,89 dx=-1.1 idx=0/16 dist=32/66 edge=1:3.32@80.5,82.0 dx=-3.5 width=59.0 l=51,83 r=110,81
CxScan: raw_ref=80.0 edge=80.5,82.0 best_raw_x=70 best_err=-0.29 best_cxcy=80.2,119.5 scan=0:-24.2,10:-21.1,20:-17.9,30:-14.5,40:-11.0,50:-7.5,60:-3.9,70:-0.3,80:3.3,90:6.9,100:10.4,110:13.9,120:17.2,130:20.4,140:23.5
ATGSeedDiag: seed=1@35,108/1@155,107 begin=7,108 block=5 clip=8
ATGLptDiag: best=22(58.5) imip=12/31 pass=10111 acc=-1 ipm=42.6,75.0 inv=30.9,42.2 | 31(78.2) imip=21/41 pass=11111 acc=31 ipm=90.6,52.7 inv=79.3,30.1
frame=844 line=1 track=1 cross=0 circle=0(CIRCLE_NONE) round=0 yroad=0 ramp=0 road=7 speed=0 near=20/30 raw=94/170 sel=30/33 far=0/0 far_raw=0/0 l=1@22/1@30 far_l=0@-1/0@-1 straight=0/0 far_straight=0/0 circle_cnt=0/0/0/0 lost=0/0 conf=29.4/79.0/0.0/0.0 dist=0 begin=0/3267 m0=(84,119) ml=(84,91) md=32/1/69 cxcy=84.0,119.6 guide=0.25 atg=-48.0/-20.0/-20.0 pure=2.87/2.72 yaw=-6 cmd=-206 actual=529 signed=0 rps=5283/4717:3807/4411 duty=14/14 pwm=PWM2:14/PWM1:14 motor=2:14/1:14
CrossDiag: type=CROSS_NONE track=1 half_lr=0/0 nearL=1@22/1@30 nearNum=20/30 centerNum=20/30 farL=0@-1/0@-1 farNum=0/0 farRaw=0/0 lost=0/0 not_have=0 final=30/33 flags=0/0
LineErr: aim=33 cxcy=84.0,119.6 left=1:1.96@82,80 dx=-2.2 idx=0/11 dist=34/69 right=1:-4.33@88,96 dx=3.6 idx=0/15 dist=32/79 sel=1:1.88@82,89 dx=-1.8 idx=0/16 dist=32/64 edge=1:4.26@79.5,82.0 dx=-4.5 width=59.0 l=50,83 r=109,81
CxScan: raw_ref=80.0 edge=79.5,82.0 best_raw_x=70 best_err=0.65 best_cxcy=80.2,119.5 scan=0:-23.4,10:-20.3,20:-17.0,30:-13.6,40:-10.1,50:-6.6,60:-3.0,70:0.7,80:4.3,90:7.8,100:11.3,110:14.7,120:18.1,130:21.2,140:24.3
ATGSeedDiag: seed=1@36,108/1@155,107 begin=7,108 block=5 clip=8
ATGLptDiag: best=22(60.6) imip=12/30 pass=11111 acc=22 ipm=41.7,75.5 inv=29.7,42.6 | 30(79.0) imip=20/40 pass=11111 acc=30 ipm=90.4,55.1 inv=79.3,31.1
frame=845 line=1 track=1 cross=0 circle=0(CIRCLE_NONE) round=0 yroad=0 ramp=0 road=7 speed=0 near=30/30 raw=92/170 sel=30/32 far=0/0 far_raw=0/0 l=0@-1/1@30 far_l=0@-1/0@-1 straight=0/0 far_straight=0/0 circle_cnt=0/0/0/0 lost=0/0 conf=58.1/79.8/0.0/0.0 dist=0 begin=0/3267 m0=(84,119) ml=(83,91) md=33/1/68 cxcy=84.0,119.6 guide=1.67 atg=-54.0/-23.0/-23.0 pure=3.03/2.94 yaw=-43 cmd=-243 actual=485 signed=0 rps=5332/4668:3640/4077 duty=14/14 pwm=PWM2:14/PWM1:14 motor=2:14/1:14
CrossDiag: type=CROSS_NONE track=1 half_lr=0/0 nearL=0@-1/1@30 nearNum=30/30 centerNum=30/30 farL=0@-1/0@-1 farNum=0/0 farRaw=0/0 lost=0/0 not_have=0 final=30/32 flags=0/0
LineErr: aim=33 cxcy=84.0,119.6 left=1:2.88@81,79 dx=-3.2 idx=0/11 dist=34/104 right=1:-2.69@86,95 dx=2.2 idx=0/16 dist=32/77 sel=1:2.62@82,89 dx=-2.4 idx=0/16 dist=32/62 edge=1:4.29@79.5,82.5 dx=-4.5 width=59.0 l=50,83 r=109,82
CxScan: raw_ref=80.0 edge=79.5,82.5 best_raw_x=70 best_err=0.66 best_cxcy=80.2,119.5 scan=0:-23.6,10:-20.4,20:-17.1,30:-13.7,40:-10.2,50:-6.6,60:-3.0,70:0.7,80:4.3,90:7.9,100:11.4,110:14.9,120:18.2,130:21.4,140:24.5
ATGSeedDiag: seed=1@36,108/1@155,108 begin=7,108 block=5 clip=8
ATGLptDiag: best=22(58.1) imip=12/29 pass=10111 acc=-1 ipm=40.6,76.4 inv=27.9,43.3 | 30(79.8) imip=20/40 pass=11111 acc=30 ipm=89.2,55.8 inv=78.4,31.4
frame=846 line=1 track=1 cross=0 circle=0(CIRCLE_NONE) round=0 yroad=0 ramp=0 road=7 speed=0 near=30/30 raw=91/170 sel=30/33 far=0/0 far_raw=0/0 l=0@-1/1@30 far_l=0@-1/0@-1 straight=0/0 far_straight=0/0 circle_cnt=0/0/0/0 lost=0/0 conf=57.6/79.6/0.0/0.0 dist=0 begin=0/3267 m0=(84,119) ml=(83,91) md=33/1/70 cxcy=84.0,119.6 guide=1.37 atg=-54.0/-22.0/-22.0 pure=3.04/2.86 yaw=-35 cmd=-235 actual=451 signed=0 rps=5322/4678:3880/4129 duty=14/14 pwm=PWM2:14/PWM1:14 motor=2:14/1:14
CrossDiag: type=CROSS_NONE track=1 half_lr=0/0 nearL=0@-1/1@30 nearNum=30/30 centerNum=30/30 farL=0@-1/0@-1 farNum=0/0 farRaw=0/0 lost=0/0 not_have=0 final=30/33 flags=0/0
LineErr: aim=33 cxcy=84.0,119.6 left=1:3.72@80,79 dx=-4.1 idx=0/11 dist=34/105 right=1:-2.27@86,95 dx=1.9 idx=0/16 dist=32/77 sel=1:2.89@81,90 dx=-2.7 idx=0/16 dist=32/64 edge=1:5.28@78.5,83.0 dx=-5.5 width=59.0 l=49,84 r=108,82
CxScan: raw_ref=80.0 edge=78.5,83.0 best_raw_x=65 best_err=-0.22 best_cxcy=78.3,119.5 scan=0:-23.0,10:-19.7,20:-16.4,30:-12.9,40:-9.4,50:-5.7,60:-2.1,70:1.6,80:5.3,90:8.9,100:12.4,110:15.9,120:19.2,130:22.4,140:25.4
ATGSeedDiag: seed=1@36,108/1@155,108 begin=7,108 block=5 clip=8
ATGLptDiag: best=21(57.6) imip=11/29 pass=10111 acc=-1 ipm=42.0,77.2 inv=29.0,43.9 | 30(79.6) imip=20/40 pass=11111 acc=30 ipm=89.2,55.6 inv=78.4,31.4
frame=847 line=1 track=1 cross=0 circle=0(CIRCLE_NONE) round=0 yroad=0 ramp=0 road=7 speed=0 near=29/30 raw=90/170 sel=30/33 far=0/0 far_raw=0/0 l=0@-1/1@30 far_l=0@-1/0@-1 straight=0/0 far_straight=0/0 circle_cnt=0/0/0/0 lost=0/0 conf=59.3/78.9/0.0/0.0 dist=0 begin=0/3267 m0=(84,119) ml=(82,91) md=34/1/71 cxcy=84.0,119.6 guide=2.04 atg=-59.0/-23.0/-23.0 pure=3.14/2.92 yaw=-52 cmd=-252 actual=412 signed=0 rps=5345/4655:3866/3963 duty=14/14 pwm=PWM2:14/PWM1:14 motor=2:14/1:14
CrossDiag: type=CROSS_NONE track=1 half_lr=0/0 nearL=0@-1/1@30 nearNum=29/30 centerNum=29/30 farL=0@-1/0@-1 farNum=0/0 farRaw=0/0 lost=0/0 not_have=0 final=30/33 flags=0/0
LineErr: aim=33 cxcy=84.0,119.6 left=1:4.43@79,79 dx=-4.9 idx=0/11 dist=34/99 right=1:-1.93@86,95 dx=1.6 idx=0/16 dist=33/79 sel=1:3.52@81,90 dx=-3.3 idx=0/16 dist=32/64 edge=1:4.85@79.0,83.5 dx=-5.0 width=58.1 l=50,85 r=108,82
CxScan: raw_ref=80.0 edge=79.0,83.5 best_raw_x=65 best_err=-0.70 best_cxcy=78.3,119.5 scan=0:-23.5,10:-20.3,20:-17.0,30:-13.5,40:-9.9,50:-6.3,60:-2.6,70:1.2,80:4.8,90:8.5,100:12.1,110:15.6,120:18.9,130:22.1,140:25.2
ATGSeedDiag: seed=1@36,108/1@155,108 begin=7,108 block=5 clip=8
ATGLptDiag: best=21(59.3) imip=11/28 pass=10111 acc=-1 ipm=41.3,77.5 inv=28.1,44.1 | 30(78.9) imip=20/40 pass=11111 acc=30 ipm=89.1,55.7 inv=78.3,31.4
frame=848 line=1 track=1 cross=0 circle=0(CIRCLE_NONE) round=0 yroad=0 ramp=0 road=7 speed=0 near=19/30 raw=89/170 sel=30/33 far=0/0 far_raw=0/0 l=1@21/1@30 far_l=0@-1/0@-1 straight=0/0 far_straight=0/0 circle_cnt=0/0/0/0 lost=0/0 conf=29.0/81.0/0.0/0.0 dist=0 begin=0/3267 m0=(84,119) ml=(82,92) md=33/1/70 cxcy=84.0,119.6 guide=1.75 atg=-60.0/-25.0/-25.0 pure=3.27/3.07 yaw=-45 cmd=-245 actual=364 signed=0 rps=5335/4665:4237/4194 duty=13/14 pwm=PWM2:13/PWM1:14 motor=2:13/1:14
CrossDiag: type=CROSS_NONE track=1 half_lr=0/0 nearL=1@21/1@30 nearNum=19/30 centerNum=19/30 farL=0@-1/0@-1 farNum=0/0 farRaw=0/0 lost=0/0 not_have=0 final=30/33 flags=0/0
LineErr: aim=33 cxcy=84.0,119.6 left=1:5.28@78,79 dx=-5.9 idx=0/11 dist=34/64 right=1:-1.28@85,96 dx=1.0 idx=0/16 dist=32/77 sel=1:4.04@80,90 dx=-3.7 idx=0/16 dist=32/64 edge=1:5.85@78.0,84.0 dx=-6.0 width=58.1 l=49,86 r=107,82
CxScan: raw_ref=80.0 edge=78.0,84.0 best_raw_x=65 best_err=0.27 best_cxcy=78.3,119.5 scan=0:-22.9,10:-19.6,20:-16.2,30:-12.7,40:-9.0,50:-5.3,60:-1.6,70:2.1,80:5.9,90:9.5,100:13.1,110:16.6,120:19.9,130:23.1,140:26.2
ATGSeedDiag: seed=1@36,108/1@155,108 begin=7,108 block=5 clip=8
ATGLptDiag: best=21(60.8) imip=11/28 pass=11111 acc=21 ipm=40.5,78.0 inv=26.9,44.4 | 30(81.0) imip=20/40 pass=11111 acc=30 ipm=88.0,56.1 inv=77.4,31.6
frame=849 line=1 track=1 cross=0 circle=0(CIRCLE_NONE) round=0 yroad=0 ramp=0 road=7 speed=0 near=19/30 raw=88/170 sel=30/33 far=0/0 far_raw=0/0 l=1@21/1@30 far_l=0@-1/0@-1 straight=0/0 far_straight=0/0 circle_cnt=0/0/0/0 lost=0/0 conf=29.9/79.3/0.0/0.0 dist=0 begin=0/3267 m0=(84,119) ml=(81,92) md=34/1/71 cxcy=84.0,119.6 guide=2.98 atg=-60.0/-25.0/-25.0 pure=3.33/3.08 yaw=-76 cmd=-276 actual=318 signed=0 rps=5378/4622:4499/4416 duty=13/13 pwm=PWM2:13/PWM1:13 motor=2:13/1:13
CrossDiag: type=CROSS_NONE track=1 half_lr=0/0 nearL=1@21/1@30 nearNum=19/30 centerNum=19/30 farL=0@-1/0@-1 farNum=0/0 farRaw=0/0 lost=0/0 not_have=0 final=30/33 flags=0/0
LineErr: aim=33 cxcy=84.0,119.6 left=1:6.06@77,78 dx=-6.8 idx=0/11 dist=34/64 right=1:-0.88@85,96 dx=0.7 idx=0/16 dist=32/78 sel=1:4.54@80,90 dx=-4.2 idx=0/16 dist=32/64 edge=1:5.85@78.0,84.0 dx=-6.0 width=58.1 l=49,86 r=107,82
CxScan: raw_ref=80.0 edge=78.0,84.0 best_raw_x=65 best_err=0.27 best_cxcy=78.3,119.5 scan=0:-22.9,10:-19.6,20:-16.2,30:-12.7,40:-9.0,50:-5.3,60:-1.6,70:2.1,80:5.9,90:9.5,100:13.1,110:16.6,120:19.9,130:23.1,140:26.2
ATGSeedDiag: seed=1@37,108/1@155,108 begin=7,108 block=5 clip=8
ATGLptDiag: best=21(60.1) imip=11/27 pass=11111 acc=21 ipm=39.7,78.6 inv=25.6,44.9 | 30(79.3) imip=20/40 pass=11111 acc=30 ipm=87.9,56.0 inv=77.3,31.5
frame=850 line=1 track=1 cross=0 circle=0(CIRCLE_NONE) round=0 yroad=0 ramp=0 road=7 speed=0 near=28/29 raw=87/170 sel=29/31 far=0/0 far_raw=0/0 l=0@-1/1@29 far_l=0@-1/0@-1 straight=0/0 far_straight=0/0 circle_cnt=0/0/0/0 lost=0/0 conf=59.2/79.4/0.0/0.0 dist=0 begin=0/3267 m0=(84,119) ml=(81,93) md=32/1/65 cxcy=84.0,119.6 guide=4.33 atg=-60.0/-28.0/-28.0 pure=3.45/3.37 yaw=-110 cmd=-310 actual=281 signed=0 rps=5425/4575:4406/4378 duty=14/13 pwm=PWM2:14/PWM1:13 motor=2:14/1:13
CrossDiag: type=CROSS_NONE track=1 half_lr=0/0 nearL=0@-1/1@29 nearNum=28/29 centerNum=28/29 farL=0@-1/0@-1 farNum=0/0 farRaw=0/0 lost=0/0 not_have=0 final=29/31 flags=0/0
LineErr: aim=33 cxcy=84.0,119.6 left=1:6.89@76,78 dx=-7.8 idx=0/11 dist=34/95 right=1:-0.43@84,96 dx=0.3 idx=0/16 dist=33/76 sel=1:5.05@79,91 dx=-4.6 idx=0/16 dist=32/60 edge=1:6.82@77.0,84.0 dx=-7.0 width=58.1 l=48,86 r=106,82
CxScan: raw_ref=80.0 edge=77.0,84.0 best_raw_x=60 best_err=-0.63 best_cxcy=76.4,119.5 scan=0:-22.1,10:-18.7,20:-15.3,30:-11.7,40:-8.1,50:-4.4,60:-0.6,70:3.1,80:6.8,90:10.5,100:14.0,110:17.5,120:20.8,130:24.0,140:27.0
ATGSeedDiag: seed=1@37,108/1@155,108 begin=7,108 block=5 clip=8
ATGLptDiag: best=20(59.2) imip=10/27 pass=10111 acc=-1 ipm=41.2,79.6 inv=26.7,45.7 | 29(79.4) imip=19/39 pass=11111 acc=29 ipm=87.9,58.5 inv=77.4,32.6
frame=851 line=1 track=1 cross=0 circle=0(CIRCLE_NONE) round=0 yroad=0 ramp=0 road=7 speed=0 near=27/29 raw=85/170 sel=29/32 far=0/0 far_raw=0/0 l=0@-1/1@29 far_l=0@-1/0@-1 straight=0/0 far_straight=0/0 circle_cnt=0/0/0/0 lost=0/0 conf=58.5/79.0/0.0/0.0 dist=0 begin=0/3267 m0=(84,119) ml=(81,93) md=33/1/69 cxcy=84.0,119.6 guide=2.95 atg=-60.0/-29.0/-29.0 pure=3.51/3.31 yaw=-75 cmd=-275 actual=245 signed=0 rps=5377/4623:4644/4722 duty=13/13 pwm=PWM2:13/PWM1:13 motor=2:13/1:13
CrossDiag: type=CROSS_NONE track=1 half_lr=0/0 nearL=0@-1/1@29 nearNum=27/29 centerNum=27/29 farL=0@-1/0@-1 farNum=0/0 farRaw=0/0 lost=0/0 not_have=0 final=29/32 flags=0/0
LineErr: aim=33 cxcy=84.0,119.6 left=1:7.82@75,77 dx=-9.0 idx=0/11 dist=34/88 right=1:0.05@84,97 dx=-0.0 idx=0/16 dist=33/78 sel=1:5.47@79,91 dx=-4.9 idx=0/16 dist=32/62 edge=1:7.30@76.5,84.0 dx=-7.5 width=59.1 l=47,86 r=106,82
CxScan: raw_ref=80.0 edge=76.5,84.0 best_raw_x=60 best_err=-0.14 best_cxcy=76.4,119.5 scan=0:-21.6,10:-18.3,20:-14.8,30:-11.3,40:-7.6,50:-3.9,60:-0.1,70:3.6,80:7.3,90:10.9,100:14.5,110:17.9,120:21.2,130:24.4,140:27.4
ATGSeedDiag: seed=1@37,108/1@155,108 begin=7,108 block=5 clip=8
ATGLptDiag: best=20(58.5) imip=10/26 pass=10111 acc=-1 ipm=40.2,80.4 inv=25.0,46.3 | 29(79.0) imip=19/39 pass=11111 acc=29 ipm=87.8,58.4 inv=77.4,32.6
frame=852 line=1 track=1 cross=0 circle=0(CIRCLE_NONE) round=0 yroad=0 ramp=0 road=7 speed=0 near=27/29 raw=84/170 sel=29/32 far=0/0 far_raw=0/0 l=0@-1/1@29 far_l=0@-1/0@-1 straight=0/0 far_straight=0/0 circle_cnt=0/0/0/0 lost=0/0 conf=58.4/80.1/0.0/0.0 dist=0 begin=0/3267 m0=(84,119) ml=(82,95) md=32/1/70 cxcy=84.0,119.6 guide=3.56 atg=-60.0/-29.0/-29.0 pure=3.58/3.40 yaw=-91 cmd=-291 actual=201 signed=0 rps=5398/4602:4736/4816 duty=13/13 pwm=PWM2:13/PWM1:13 motor=2:13/1:13
CrossDiag: type=CROSS_NONE track=1 half_lr=0/0 nearL=0@-1/1@29 nearNum=27/29 centerNum=27/29 farL=0@-1/0@-1 farNum=0/0 farRaw=0/0 lost=0/0 not_have=0 final=29/32 flags=0/0
LineErr: aim=33 cxcy=84.0,119.6 left=1:8.59@74,77 dx=-9.9 idx=0/11 dist=34/90 right=1:0.48@84,97 dx=-0.4 idx=0/16 dist=32/76 sel=1:5.85@79,91 dx=-5.3 idx=0/16 dist=32/62 edge=1:7.78@76.0,84.0 dx=-8.0 width=58.1 l=47,86 r=105,82
CxScan: raw_ref=80.0 edge=76.0,84.0 best_raw_x=60 best_err=0.35 best_cxcy=76.4,119.5 scan=0:-21.2,10:-17.9,20:-14.4,30:-10.8,40:-7.1,50:-3.4,60:0.3,70:4.1,80:7.8,90:11.4,100:14.9,110:18.4,120:21.6,130:24.8,140:27.7
ATGSeedDiag: seed=1@37,108/1@155,108 begin=7,108 block=5 clip=8
ATGLptDiag: best=20(58.4) imip=10/26 pass=10111 acc=-1 ipm=39.5,81.1 inv=23.7,46.9 | 29(80.1) imip=19/39 pass=11111 acc=29 ipm=87.2,58.6 inv=76.9,32.7
frame=853 line=1 track=1 cross=0 circle=0(CIRCLE_NONE) round=0 yroad=0 ramp=0 road=7 speed=0 near=18/28 raw=83/170 sel=28/31 far=0/0 far_raw=0/0 l=1@20/1@28 far_l=0@-1/0@-1 straight=0/0 far_straight=0/0 circle_cnt=0/0/0/0 lost=0/0 conf=21.8/78.4/0.0/0.0 dist=0 begin=0/3267 m0=(84,119) ml=(81,95) md=33/1/67 cxcy=84.0,119.6 guide=3.99 atg=-60.0/-31.0/-31.0 pure=3.65/3.56 yaw=-102 cmd=-302 actual=149 signed=0 rps=5413/4587:4550/4560 duty=13/13 pwm=PWM2:13/PWM1:13 motor=2:13/1:13
CrossDiag: type=CROSS_NONE track=1 half_lr=0/0 nearL=1@20/1@28 nearNum=18/28 centerNum=18/28 farL=0@-1/0@-1 farNum=0/0 farRaw=0/0 lost=0/0 not_have=0 final=28/31 flags=0/0
LineErr: aim=33 cxcy=84.0,119.6 left=1:9.31@73,77 dx=-10.8 idx=0/11 dist=35/59 right=1:0.85@83,97 dx=-0.7 idx=0/16 dist=32/72 sel=1:6.22@78,92 dx=-5.5 idx=0/16 dist=32/60 edge=1:8.40@75.5,85.0 dx=-8.5 width=59.1 l=46,87 r=105,83
CxScan: raw_ref=80.0 edge=75.5,85.0 best_raw_x=60 best_err=0.85 best_cxcy=76.4,119.5 scan=0:-21.1,10:-17.7,20:-14.1,30:-10.5,40:-6.8,50:-3.0,60:0.8,70:4.6,80:8.4,90:12.1,100:15.6,110:19.1,120:22.4,130:25.5,140:28.5
ATGSeedDiag: seed=1@37,108/1@155,108 begin=7,108 block=5 clip=8
ATGLptDiag: best=20(60.4) imip=10/25 pass=11111 acc=20 ipm=38.8,81.6 inv=22.6,47.3 | 28(78.4) imip=18/38 pass=11111 acc=28 ipm=87.7,60.8 inv=77.4,33.8
frame=854 line=1 track=1 cross=0 circle=0(CIRCLE_NONE) round=0 yroad=0 ramp=0 road=7 speed=0 near=26/29 raw=82/170 sel=29/33 far=0/0 far_raw=0/0 l=0@-1/1@29 far_l=0@-1/0@-1 straight=0/0 far_straight=0/0 circle_cnt=0/0/0/0 lost=0/0 conf=58.0/79.6/0.0/0.0 dist=0 begin=0/3267 m0=(84,119) ml=(81,95) md=32/1/72 cxcy=84.0,119.6 guide=4.38 atg=-60.0/-31.0/-31.0 pure=3.71/3.41 yaw=-112 cmd=-312 actual=109 signed=0 rps=5427/4573:4701/4721 duty=13/13 pwm=PWM2:13/PWM1:13 motor=2:13/1:13
CrossDiag: type=CROSS_NONE track=1 half_lr=0/0 nearL=0@-1/1@29 nearNum=26/29 centerNum=26/29 farL=0@-1/0@-1 farNum=0/0 farRaw=0/0 lost=0/0 not_have=0 final=29/33 flags=0/0
LineErr: aim=33 cxcy=84.0,119.6 left=1:10.00@72,77 dx=-11.6 idx=0/11 dist=35/86 right=1:1.59@83,97 dx=-1.3 idx=0/16 dist=32/78 sel=1:6.82@78,92 dx=-6.1 idx=0/16 dist=32/64 edge=1:8.88@75.0,85.0 dx=-9.0 width=58.1 l=46,87 r=104,83
CxScan: raw_ref=80.0 edge=75.0,85.0 best_raw_x=55 best_err=-0.56 best_cxcy=74.4,119.5 scan=0:-20.7,10:-17.2,20:-13.7,30:-10.0,40:-6.3,50:-2.5,60:1.3,70:5.1,80:8.9,90:12.5,100:16.1,110:19.5,120:22.8,130:25.9,140:28.9
ATGSeedDiag: seed=1@37,108/1@155,108 begin=7,108 block=5 clip=8
ATGLptDiag: best=20(58.0) imip=10/25 pass=10111 acc=-1 ipm=38.2,82.3 inv=21.4,47.9 | 29(79.6) imip=19/39 pass=11111 acc=29 ipm=86.7,58.7 inv=76.4,32.8
frame=855 line=1 track=1 cross=0 circle=0(CIRCLE_NONE) round=0 yroad=0 ramp=0 road=7 speed=0 near=17/29 raw=81/170 sel=29/33 far=0/0 far_raw=0/0 l=1@19/1@29 far_l=0@-1/0@-1 straight=0/0 far_straight=0/0 circle_cnt=0/0/0/0 lost=0/0 conf=18.5/78.8/0.0/0.0 dist=0 begin=0/3267 m0=(84,119) ml=(79,94) md=34/1/71 cxcy=84.0,119.6 guide=4.83 atg=-60.0/-31.0/-31.0 pure=3.79/3.45 yaw=-123 cmd=-323 actual=81 signed=0 rps=5443/4557:4385/4463 duty=14/13 pwm=PWM2:14/PWM1:13 motor=2:14/1:13
CrossDiag: type=CROSS_NONE track=1 half_lr=0/0 nearL=1@19/1@29 nearNum=17/29 centerNum=17/29 farL=0@-1/0@-1 farNum=0/0 farRaw=0/0 lost=0/0 not_have=0 final=29/33 flags=0/0
LineErr: aim=33 cxcy=84.0,119.6 left=1:8.49@75,80 dx=-9.4 idx=0/10 dist=31/55 right=1:2.15@82,98 dx=-1.7 idx=0/16 dist=32/77 sel=1:7.08@78,92 dx=-6.3 idx=0/16 dist=32/64 edge=1:9.36@74.5,85.0 dx=-9.5 width=59.1 l=45,87 r=104,83
CxScan: raw_ref=80.0 edge=74.5,85.0 best_raw_x=55 best_err=-0.06 best_cxcy=74.4,119.5 scan=0:-20.2,10:-16.8,20:-13.2,30:-9.5,40:-5.8,50:-2.0,60:1.8,70:5.6,80:9.4,90:13.0,100:16.6,110:20.0,120:23.2,130:26.3,140:29.3
ATGSeedDiag: seed=1@37,108/1@155,108 begin=7,108 block=5 clip=8
ATGLptDiag: best=19(60.1) imip=9/24 pass=11111 acc=19 ipm=39.8,82.8 inv=22.9,48.3 | 29(78.8) imip=19/39 pass=11111 acc=29 ipm=86.7,58.7 inv=76.4,32.8
frame=856 line=1 track=1 cross=0 circle=0(CIRCLE_NONE) round=0 yroad=0 ramp=0 road=7 speed=0 near=17/28 raw=80/170 sel=28/32 far=0/0 far_raw=0/0 l=1@19/1@28 far_l=0@-1/0@-1 straight=0/0 far_straight=0/0 circle_cnt=0/0/0/0 lost=0/0 conf=17.2/80.7/0.0/0.0 dist=0 begin=0/3267 m0=(84,119) ml=(80,96) md=33/1/69 cxcy=84.0,119.6 guide=5.28 atg=-60.0/-33.0/-33.0 pure=3.89/3.66 yaw=-135 cmd=-328 actual=59 signed=0 rps=5450/4550:4497/4673 duty=14/13 pwm=PWM2:14/PWM1:13 motor=2:14/1:13
CrossDiag: type=CROSS_NONE track=1 half_lr=0/0 nearL=1@19/1@28 nearNum=17/28 centerNum=17/28 farL=0@-1/0@-1 farNum=0/0 farRaw=0/0 lost=0/0 not_have=0 final=28/32 flags=0/0
LineErr: aim=33 cxcy=84.0,119.6 left=1:9.18@74,79 dx=-10.3 idx=0/10 dist=31/56 right=1:2.69@82,98 dx=-2.1 idx=0/16 dist=33/75 sel=1:7.66@77,93 dx=-6.7 idx=0/16 dist=32/62 edge=1:9.85@74.0,85.0 dx=-10.0 width=58.1 l=45,87 r=103,83
CxScan: raw_ref=80.0 edge=74.0,85.0 best_raw_x=55 best_err=0.43 best_cxcy=74.4,119.5 scan=0:-19.8,10:-16.3,20:-12.7,30:-9.0,40:-5.3,50:-1.5,60:2.3,70:6.1,80:9.8,90:13.5,100:17.0,110:20.4,120:23.7,130:26.7,140:29.7
ATGSeedDiag: seed=1@37,108/1@155,108 begin=7,108 block=5 clip=8
ATGLptDiag: best=19(61.4) imip=9/24 pass=11111 acc=19 ipm=39.2,83.6 inv=21.6,49.0 | 28(80.7) imip=18/38 pass=11111 acc=28 ipm=86.4,61.1 inv=76.3,33.9
frame=857 line=1 track=1 cross=0 circle=0(CIRCLE_NONE) round=0 yroad=0 ramp=0 road=7 speed=0 near=16/28 raw=79/170 sel=28/32 far=0/0 far_raw=0/0 l=1@18/1@28 far_l=0@-1/0@-1 straight=0/0 far_straight=0/0 circle_cnt=0/0/0/0 lost=0/0 conf=14.4/79.8/0.0/0.0 dist=0 begin=0/3267 m0=(84,119) ml=(80,97) md=32/1/69 cxcy=84.0,119.6 guide=5.58 atg=-60.0/-34.0/-34.0 pure=3.94/3.70 yaw=-142 cmd=-318 actual=34 signed=0 rps=5436/4564:4161/4384 duty=14/13 pwm=PWM2:14/PWM1:13 motor=2:14/1:13
CrossDiag: type=CROSS_NONE track=1 half_lr=0/0 nearL=1@18/1@28 nearNum=16/28 centerNum=16/28 farL=0@-1/0@-1 farNum=0/0 farRaw=0/0 lost=0/0 not_have=0 final=28/32 flags=0/0
LineErr: aim=33 cxcy=84.0,119.6 left=1:10.04@73,79 dx=-11.3 idx=0/10 dist=32/53 right=1:3.32@81,98 dx=-2.6 idx=0/16 dist=33/77 sel=1:7.83@77,94 dx=-6.8 idx=0/16 dist=32/62 edge=1:9.53@74.5,86.0 dx=-9.5 width=57.3 l=46,89 r=103,83
CxScan: raw_ref=80.0 edge=74.5,86.0 best_raw_x=55 best_err=-0.07 best_cxcy=74.4,119.5 scan=0:-20.6,10:-17.1,20:-13.4,30:-9.7,40:-5.9,50:-2.0,60:1.9,70:5.7,80:9.5,90:13.2,100:16.8,110:20.3,120:23.6,130:26.7,140:29.7
ATGSeedDiag: seed=1@37,108/1@155,108 begin=7,108 block=5 clip=8
ATGLptDiag: best=18(60.7) imip=8/23 pass=11111 acc=18 ipm=40.8,84.5 inv=22.8,49.8 | 28(79.8) imip=18/38 pass=11111 acc=28 ipm=86.5,61.1 inv=76.4,33.9
frame=858 line=1 track=1 cross=0 circle=0(CIRCLE_NONE) round=0 yroad=0 ramp=0 road=7 speed=0 near=16/28 raw=78/170 sel=28/32 far=0/0 far_raw=0/0 l=1@18/1@28 far_l=0@-1/0@-1 straight=0/0 far_straight=0/0 circle_cnt=0/0/0/0 lost=0/0 conf=0.0/79.7/0.0/0.0 dist=0 begin=0/3267 m0=(84,119) ml=(79,96) md=33/1/69 cxcy=84.0,119.6 guide=5.60 atg=-60.0/-34.0/-34.0 pure=4.00/3.74 yaw=-143 cmd=-304 actual=19 signed=0 rps=5417/4583:4232/4405 duty=14/13 pwm=PWM2:14/PWM1:13 motor=2:14/1:13
CrossDiag: type=CROSS_NONE track=1 half_lr=0/0 nearL=1@18/1@28 nearNum=16/28 centerNum=16/28 farL=0@-1/0@-1 farNum=0/0 farRaw=0/0 lost=0/0 not_have=0 final=28/32 flags=0/0
LineErr: aim=33 cxcy=84.0,119.6 left=1:10.74@72,79 dx=-12.1 idx=0/10 dist=32/51 right=1:1.79@83,100 dx=-1.3 idx=0/15 dist=32/79 sel=1:7.88@77,94 dx=-6.8 idx=0/16 dist=32/62 edge=1:10.02@74.0,86.0 dx=-10.0 width=56.3 l=46,89 r=102,83
CxScan: raw_ref=80.0 edge=74.0,86.0 best_raw_x=55 best_err=0.44 best_cxcy=74.4,119.5 scan=0:-20.1,10:-16.6,20:-13.0,30:-9.2,40:-5.4,50:-1.5,60:2.4,70:6.2,80:10.0,90:13.7,100:17.3,110:20.7,120:24.0,130:27.1,140:30.1
ATGSeedDiag: seed=1@37,108/1@155,108 begin=7,108 block=5 clip=8
ATGLptDiag: best=18(61.7) imip=8/23 pass=11111 acc=18 ipm=40.2,85.0 inv=21.7,50.3 | 28(79.7) imip=18/38 pass=11111 acc=28 ipm=86.5,61.2 inv=76.4,33.9
frame=859 line=1 track=1 cross=0 circle=0(CIRCLE_NONE) round=0 yroad=0 ramp=0 road=7 speed=0 near=16/27 raw=77/170 sel=27/31 far=0/0 far_raw=0/0 l=1@18/1@27 far_l=0@-1/0@-1 straight=0/0 far_straight=0/0 circle_cnt=0/0/0/0 lost=0/0 conf=16.5/78.8/0.0/0.0 dist=0 begin=0/3267 m0=(84,119) ml=(79,96) md=33/1/66 cxcy=84.0,119.6 guide=5.62 atg=-60.0/-33.0/-33.0 pure=3.97/3.83 yaw=-143 cmd=-301 actual=14 signed=0 rps=5412/4588:4328/4354 duty=14/13 pwm=PWM2:14/PWM1:13 motor=2:14/1:13
CrossDiag: type=CROSS_NONE track=1 half_lr=0/0 nearL=1@18/1@27 nearNum=16/27 centerNum=16/27 farL=0@-1/0@-1 farNum=0/0 farRaw=0/0 lost=0/0 not_have=0 final=27/31 flags=0/0
LineErr: aim=33 cxcy=84.0,119.6 left=1:11.24@71,78 dx=-12.8 idx=0/10 dist=32/50 right=1:2.13@82,100 dx=-1.6 idx=0/15 dist=32/74 sel=1:8.14@77,94 dx=-6.9 idx=0/16 dist=32/60 edge=1:10.51@73.5,86.0 dx=-10.5 width=57.3 l=45,89 r=102,83
CxScan: raw_ref=80.0 edge=73.5,86.0 best_raw_x=55 best_err=0.94 best_cxcy=74.4,119.5 scan=0:-19.7,10:-16.1,20:-12.5,30:-8.7,40:-4.9,50:-1.0,60:2.9,70:6.7,80:10.5,90:14.2,100:17.8,110:21.2,120:24.4,130:27.5,140:30.5
ATGSeedDiag: seed=1@37,108/1@155,108 begin=7,108 block=5 clip=8
ATGLptDiag: best=18(62.0) imip=8/22 pass=11111 acc=18 ipm=39.7,85.4 inv=20.8,50.6 | 27(78.8) imip=17/37 pass=11111 acc=27 ipm=87.4,63.3 inv=77.3,35.0
frame=860 line=1 track=1 cross=0 circle=0(CIRCLE_NONE) round=0 yroad=0 ramp=0 road=7 speed=0 near=16/27 raw=76/170 sel=27/31 far=0/0 far_raw=0/0 l=1@18/1@27 far_l=0@-1/0@-1 straight=0/0 far_straight=0/0 circle_cnt=0/0/0/0 lost=0/0 conf=0.0/81.3/0.0/0.0 dist=0 begin=0/3267 m0=(84,119) ml=(78,96) md=33/1/66 cxcy=84.0,119.6 guide=6.85 atg=-60.0/-35.0/-35.0 pure=4.02/3.90 yaw=-411 cmd=-611 actual=13 signed=0 rps=5837/4163:4212/4117 duty=15/12 pwm=PWM2:15/PWM1:12 motor=2:15/1:12
CrossDiag: type=CROSS_NONE track=1 half_lr=0/0 nearL=1@18/1@27 nearNum=16/27 centerNum=16/27 farL=0@-1/0@-1 farNum=0/0 farRaw=0/0 lost=0/0 not_have=0 final=27/31 flags=0/0
LineErr: aim=33 cxcy=84.0,119.6 left=1:12.04@70,78 dx=-13.7 idx=0/10 dist=32/51 right=1:4.60@80,99 dx=-3.5 idx=1/16 dist=33/73 sel=1:9.05@76,94 dx=-7.8 idx=0/16 dist=32/60 edge=1:10.60@73.5,86.5 dx=-10.5 width=57.2 l=45,89 r=102,84
CxScan: raw_ref=80.0 edge=73.5,86.5 best_raw_x=55 best_err=0.95 best_cxcy=74.4,119.5 scan=0:-19.8,10:-16.3,20:-12.6,30:-8.8,40:-4.9,50:-1.0,60:2.9,70:6.8,80:10.6,90:14.3,100:17.9,110:21.3,120:24.6,130:27.7,140:30.7
ATGSeedDiag: seed=1@37,108/1@155,108 begin=7,108 block=5 clip=8
ATGLptDiag: best=18(63.5) imip=8/22 pass=11111 acc=18 ipm=39.0,86.1 inv=19.4,51.3 | 27(81.3) imip=17/37 pass=11111 acc=27 ipm=86.2,63.5 inv=76.3,35.1
frame=861 line=1 track=1 cross=0 circle=0(CIRCLE_NONE) round=0 yroad=0 ramp=0 road=7 speed=0 near=15/27 raw=75/170 sel=27/31 far=0/0 far_raw=0/0 l=1@17/1@27 far_l=0@-1/0@-1 straight=0/0 far_straight=0/0 circle_cnt=0/0/0/0 lost=0/0 conf=0.0/81.1/0.0/0.0 dist=0 begin=0/3267 m0=(84,119) ml=(77,95) md=33/1/66 cxcy=84.0,119.6 guide=7.93 atg=-60.0/-35.0/-35.0 pure=4.01/3.87 yaw=-476 cmd=-676 actual=6 signed=0 rps=5926/4074:4578/4362 duty=15/11 pwm=PWM2:15/PWM1:11 motor=2:15/1:11
CrossDiag: type=CROSS_NONE track=1 half_lr=0/0 nearL=1@17/1@27 nearNum=15/27 centerNum=15/27 farL=0@-1/0@-1 farNum=0/0 farRaw=0/0 lost=0/0 not_have=0 final=27/31 flags=0/0
LineErr: aim=33 cxcy=84.0,119.6 left=1:12.78@69,78 dx=-14.7 idx=0/10 dist=33/47 right=1:6.97@78,97 dx=-5.6 idx=2/17 dist=33/71 sel=1:10.17@75,93 dx=-8.9 idx=0/16 dist=32/60 edge=1:10.78@73.5,87.5 dx=-10.5 width=55.4 l=46,91 r=101,84
CxScan: raw_ref=80.0 edge=73.5,87.5 best_raw_x=55 best_err=0.97 best_cxcy=74.4,119.5 scan=0:-20.2,10:-16.5,20:-12.8,30:-8.9,40:-5.0,50:-1.0,60:3.0,70:6.9,80:10.8,90:14.6,100:18.2,110:21.7,120:25.0,130:28.2,140:31.1
ATGSeedDiag: seed=1@37,108/1@155,108 begin=7,108 block=5 clip=8
ATGLptDiag: best=17(60.9) imip=7/21 pass=11111 acc=17 ipm=40.7,86.8 inv=20.9,52.0 | 27(81.1) imip=17/37 pass=11111 acc=27 ipm=86.2,63.5 inv=76.3,35.1
frame=862 line=1 track=1 cross=0 circle=0(CIRCLE_NONE) round=0 yroad=0 ramp=0 road=7 speed=0 near=16/26 raw=74/170 sel=26/30 far=0/0 far_raw=0/0 l=1@18/1@26 far_l=0@-1/0@-1 straight=0/0 far_straight=0/0 circle_cnt=0/0/0/0 lost=0/0 conf=0.0/78.1/0.0/0.0 dist=0 begin=0/3267 m0=(84,119) ml=(76,95) md=34/1/64 cxcy=84.0,119.6 guide=9.09 atg=-60.0/-36.0/-36.0 pure=3.96/3.96 yaw=-545 cmd=-745 actual=-12 signed=0 rps=6021/3979:4554/4256 duty=16/11 pwm=PWM2:16/PWM1:11 motor=2:16/1:11
CrossDiag: type=CROSS_NONE track=1 half_lr=0/0 nearL=1@18/1@26 nearNum=16/26 centerNum=16/26 farL=0@-1/0@-1 farNum=0/0 farRaw=0/0 lost=0/0 not_have=0 final=26/30 flags=0/0
LineErr: aim=33 cxcy=84.0,119.6 left=1:15.50@65,75 dx=-18.8 idx=0/11 dist=34/46 right=1:6.39@79,99 dx=-5.0 idx=2/16 dist=32/68 sel=1:10.26@75,93 dx=-9.0 idx=0/16 dist=32/58 edge=1:11.68@72.5,87.0 dx=-11.5 width=57.3 l=44,90 r=101,84
CxScan: raw_ref=80.0 edge=72.5,87.0 best_raw_x=50 best_err=0.02 best_cxcy=72.5,119.5 scan=0:-19.1,10:-15.5,20:-11.7,30:-7.9,40:-3.9,50:0.0,60:4.0,70:7.9,80:11.7,90:15.4,100:19.0,110:22.4,120:25.7,130:28.8,140:31.7
ATGSeedDiag: seed=1@36,108/1@154,107 begin=7,108 block=5 clip=8
ATGLptDiag: best=18(61.6) imip=8/21 pass=11111 acc=18 ipm=37.9,87.6 inv=16.8,52.8 | 26(78.1) imip=16/36 pass=11111 acc=26 ipm=87.2,65.2 inv=77.3,36.0
frame=863 line=1 track=1 cross=0 circle=0(CIRCLE_NONE) round=0 yroad=0 ramp=0 road=7 speed=0 near=15/26 raw=73/170 sel=26/29 far=0/0 far_raw=0/0 l=1@17/1@26 far_l=0@-1/0@-1 straight=0/0 far_straight=0/0 circle_cnt=0/0/0/0 lost=0/0 conf=0.0/78.6/0.0/0.0 dist=0 begin=0/3267 m0=(84,119) ml=(75,94) md=34/1/62 cxcy=84.0,119.6 guide=10.05 atg=-60.0/-35.0/-35.0 pure=3.99/3.99 yaw=-603 cmd=-803 actual=-37 signed=0 rps=6101/3899:4871/4585 duty=15/10 pwm=PWM2:15/PWM1:10 motor=2:15/1:10
CrossDiag: type=CROSS_NONE track=1 half_lr=0/0 nearL=1@17/1@26 nearNum=15/26 centerNum=15/26 farL=0@-1/0@-1 farNum=0/0 farRaw=0/0 lost=0/0 not_have=0 final=26/29 flags=0/0
LineErr: aim=33 cxcy=84.0,119.6 left=1:13.96@68,78 dx=-16.1 idx=0/10 dist=32/46 right=1:8.86@77,96 dx=-7.3 idx=3/17 dist=34/69 sel=1:11.25@74,92 dx=-10.0 idx=0/16 dist=32/56 edge=1:11.89@72.5,88.0 dx=-11.5 width=55.6 l=45,92 r=100,84
CxScan: raw_ref=80.0 edge=72.5,88.0 best_raw_x=50 best_err=0.02 best_cxcy=72.5,119.5 scan=0:-19.4,10:-15.7,20:-11.9,30:-8.0,40:-4.0,50:0.0,60:4.0,70:8.0,80:11.9,90:15.7,100:19.3,110:22.8,120:26.1,130:29.2,140:32.1
ATGSeedDiag: seed=1@36,108/1@154,107 begin=7,108 block=5 clip=8
ATGLptDiag: best=17(63.2) imip=7/21 pass=11111 acc=17 ipm=39.6,87.4 inv=19.0,52.6 | 26(78.6) imip=16/36 pass=11111 acc=26 ipm=87.3,65.1 inv=77.4,35.9
frame=864 line=1 track=1 cross=0 circle=0(CIRCLE_NONE) round=0 yroad=0 ramp=0 road=7 speed=0 near=15/26 raw=72/170 sel=26/28 far=0/0 far_raw=0/0 l=1@17/1@26 far_l=0@-1/0@-1 straight=0/0 far_straight=0/0 circle_cnt=0/0/0/0 lost=0/0 conf=0.0/81.5/0.0/0.0 dist=0 begin=0/3267 m0=(84,119) ml=(74,93) md=33/1/59 cxcy=84.0,119.6 guide=11.85 atg=-60.0/-38.0/-38.0 pure=4.20/4.20 yaw=-711 cmd=-911 actual=-68 signed=0 rps=6248/3752:4741/4558 duty=16/10 pwm=PWM2:16/PWM1:10 motor=2:16/1:10
CrossDiag: type=CROSS_NONE track=1 half_lr=0/0 nearL=1@17/1@26 nearNum=15/26 centerNum=15/26 farL=0@-1/0@-1 farNum=0/0 farRaw=0/0 lost=0/0 not_have=0 final=26/28 flags=0/0
LineErr: aim=33 cxcy=84.0,119.6 left=1:16.07@65,75 dx=-19.4 idx=0/11 dist=33/42 right=1:10.96@75,94 dx=-9.4 idx=4/18 dist=33/64 sel=1:12.53@73,92 dx=-11.4 idx=0/16 dist=32/54 edge=1:11.89@72.5,88.0 dx=-11.5 width=55.6 l=45,92 r=100,84
CxScan: raw_ref=80.0 edge=72.5,88.0 best_raw_x=50 best_err=0.02 best_cxcy=72.5,119.5 scan=0:-19.4,10:-15.7,20:-11.9,30:-8.0,40:-4.0,50:0.0,60:4.0,70:8.0,80:11.9,90:15.7,100:19.3,110:22.8,120:26.1,130:29.2,140:32.1
ATGSeedDiag: seed=1@36,108/1@154,108 begin=7,108 block=5 clip=8
ATGLptDiag: best=17(63.3) imip=7/20 pass=11111 acc=17 ipm=38.9,88.4 inv=17.4,53.6 | 26(81.5) imip=16/36 pass=11111 acc=26 ipm=86.1,65.8 inv=76.3,36.3
frame=865 line=1 track=1 cross=0 circle=0(CIRCLE_NONE) round=0 yroad=0 ramp=0 road=7 speed=0 near=15/25 raw=70/170 sel=25/27 far=0/0 far_raw=0/0 l=1@17/1@25 far_l=0@-1/0@-1 straight=0/0 far_straight=0/0 circle_cnt=0/0/0/0 lost=0/0 conf=0.0/79.3/0.0/0.0 dist=0 begin=0/3267 m0=(84,119) ml=(74,93) md=33/1/57 cxcy=84.0,119.6 guide=12.39 atg=-60.0/-37.0/-37.0 pure=4.31/4.31 yaw=-744 cmd=-944 actual=-100 signed=0 rps=6293/3707:5026/4857 duty=16/9 pwm=PWM2:16/PWM1:9 motor=2:16/1:9
CrossDiag: type=CROSS_NONE track=1 half_lr=0/0 nearL=1@17/1@25 nearNum=15/25 centerNum=15/25 farL=0@-1/0@-1 farNum=0/0 farRaw=0/0 lost=0/0 not_have=0 final=25/27 flags=0/0
LineErr: aim=33 cxcy=84.0,119.6 left=1:16.88@63,75 dx=-20.6 idx=0/11 dist=34/43 right=1:10.44@75,96 dx=-8.7 idx=4/17 dist=31/61 sel=1:12.86@72,92 dx=-11.7 idx=0/16 dist=32/52 edge=1:12.88@71.5,88.0 dx=-12.5 width=55.6 l=44,92 r=99,84
CxScan: raw_ref=80.0 edge=71.5,88.0 best_raw_x=45 best_err=-0.95 best_cxcy=70.6,119.5 scan=0:-18.5,10:-14.7,20:-10.9,30:-7.0,40:-3.0,50:1.1,60:5.1,70:9.0,80:12.9,90:16.6,100:20.2,110:23.7,120:26.9,130:30.0,140:32.9
ATGSeedDiag: seed=1@35,108/1@154,107 begin=7,108 block=5 clip=8
ATGLptDiag: best=17(60.9) imip=7/20 pass=11111 acc=17 ipm=38.2,89.6 inv=15.3,54.9 | 25(79.3) imip=15/35 pass=11111 acc=25 ipm=87.0,67.5 inv=77.3,37.3
frame=866 line=1 track=1 cross=0 circle=0(CIRCLE_NONE) round=0 yroad=0 ramp=0 road=7 speed=0 near=14/25 raw=70/170 sel=25/27 far=0/0 far_raw=0/0 l=1@16/1@25 far_l=0@-1/0@-1 straight=0/0 far_straight=0/0 circle_cnt=0/0/0/0 lost=0/0 conf=0.0/79.5/0.0/0.0 dist=0 begin=0/3267 m0=(84,119) ml=(74,94) md=33/1/58 cxcy=84.0,119.6 guide=11.45 atg=-60.0/-38.0/-38.0 pure=4.34/4.34 yaw=-687 cmd=-887 actual=-142 signed=0 rps=6216/3784:5122/4931 duty=15/9 pwm=PWM2:15/PWM1:9 motor=2:15/1:9
CrossDiag: type=CROSS_NONE track=1 half_lr=0/0 nearL=1@16/1@25 nearNum=14/25 centerNum=14/25 farL=0@-1/0@-1 farNum=0/0 farRaw=0/0 lost=0/0 not_have=0 final=25/27 flags=0/0
LineErr: aim=33 cxcy=84.0,119.6 left=1:18.05@61,73 dx=-22.6 idx=0/12 dist=34/37 right=1:10.41@76,97 dx=-8.5 idx=4/17 dist=31/62 sel=1:13.01@72,92 dx=-11.7 idx=0/16 dist=32/52 edge=1:12.21@72.5,89.5 dx=-11.5 width=53.8 l=46,94 r=99,85
CxScan: raw_ref=80.0 edge=72.5,89.5 best_raw_x=50 best_err=0.02 best_cxcy=72.5,119.5 scan=0:-19.9,10:-16.1,20:-12.2,30:-8.2,40:-4.1,50:0.0,60:4.1,70:8.2,80:12.2,90:16.1,100:19.8,110:23.3,120:26.7,130:29.9,140:32.8
ATGSeedDiag: seed=1@35,108/1@155,108 begin=7,108 block=5 clip=8
ATGLptDiag: best=16(65.4) imip=6/19 pass=11111 acc=16 ipm=40.0,89.7 inv=17.5,55.0 | 25(79.5) imip=15/35 pass=11111 acc=25 ipm=87.0,68.1 inv=77.4,37.6
frame=868 line=1 track=1 cross=0 circle=0(CIRCLE_NONE) round=0 yroad=0 ramp=0 road=7 speed=0 near=14/25 raw=68/170 sel=25/28 far=0/0 far_raw=0/0 l=1@16/1@25 far_l=0@-1/0@-1 straight=0/0 far_straight=0/0 circle_cnt=0/0/0/0 lost=0/0 conf=66.7/80.9/0.0/0.0 dist=0 begin=0/3267 m0=(84,119) ml=(74,94) md=33/1/60 cxcy=84.0,119.6 guide=12.09 atg=-60.0/-38.0/-38.0 pure=4.19/4.19 yaw=-725 cmd=-925 actual=-198 signed=0 rps=6268/3732:4960/4812 duty=16/9 pwm=PWM2:16/PWM1:9 motor=2:16/1:9
CrossDiag: type=CROSS_NONE track=1 half_lr=0/0 nearL=1@16/1@25 nearNum=14/25 centerNum=14/25 farL=0@-1/0@-1 farNum=0/0 farRaw=0/0 lost=0/0 not_have=0 final=25/28 flags=0/0
LineErr: aim=33 cxcy=84.0,119.6 left=1:17.92@62,75 dx=-21.9 idx=0/11 dist=32/38 right=1:10.93@75,96 dx=-9.0 idx=4/17 dist=33/64 sel=1:13.24@72,92 dx=-11.9 idx=0/16 dist=32/54 edge=1:12.61@72.0,89.0 dx=-12.0 width=54.9 l=45,94 r=99,84
CxScan: raw_ref=80.0 edge=72.0,89.0 best_raw_x=50 best_err=0.55 best_cxcy=72.5,119.5 scan=0:-19.3,10:-15.5,20:-11.6,30:-7.6,40:-3.5,50:0.6,60:4.6,70:8.7,80:12.6,90:16.4,100:20.1,110:23.6,120:26.9,130:30.0,140:33.0
ATGSeedDiag: seed=1@34,108/1@155,108 begin=7,108 block=5 clip=8
ATGLptDiag: best=16(66.7) imip=6/19 pass=11111 acc=16 ipm=39.0,90.7 inv=15.3,56.1 | 25(80.9) imip=15/35 pass=11111 acc=25 ipm=87.0,67.7 inv=77.3,37.4
frame=869 line=1 track=1 cross=0 circle=0(CIRCLE_NONE) round=0 yroad=0 ramp=0 road=7 speed=0 near=13/25 raw=67/170 sel=25/28 far=0/0 far_raw=0/0 l=1@15/1@25 far_l=0@-1/0@-1 straight=0/0 far_straight=0/0 circle_cnt=0/0/0/0 lost=0/0 conf=0.0/80.7/0.0/0.0 dist=0 begin=0/3267 m0=(84,119) ml=(73,94) md=34/1/60 cxcy=84.0,119.6 guide=12.07 atg=-60.0/-38.0/-38.0 pure=4.19/4.19 yaw=-724 cmd=-924 actual=-214 signed=0 rps=6267/3733:4636/4576 duty=16/9 pwm=PWM2:16/PWM1:9 motor=2:16/1:9
CrossDiag: type=CROSS_NONE track=1 half_lr=0/0 nearL=1@15/1@25 nearNum=13/25 centerNum=13/25 farL=0@-1/0@-1 farNum=0/0 farRaw=0/0 lost=0/0 not_have=0 final=25/28 flags=0/0
LineErr: aim=33 cxcy=84.0,119.6 left=1:18.87@60,74 dx=-23.6 idx=0/12 dist=33/33 right=1:11.34@75,96 dx=-9.3 idx=4/17 dist=34/65 sel=1:13.63@72,92 dx=-12.3 idx=0/16 dist=32/54 edge=1:12.44@72.5,90.5 dx=-11.5 width=54.1 l=46,96 r=99,85
CxScan: raw_ref=80.0 edge=72.5,90.5 best_raw_x=50 best_err=0.02 best_cxcy=72.5,119.5 scan=0:-20.3,10:-16.4,20:-12.5,30:-8.4,40:-4.2,50:0.0,60:4.2,70:8.4,80:12.4,90:16.4,100:20.1,110:23.7,120:27.1,130:30.3,140:33.3
ATGSeedDiag: seed=1@34,108/1@155,108 begin=7,108 block=5 clip=8
ATGLptDiag: best=15(65.5) imip=5/18 pass=11111 acc=15 ipm=40.8,91.3 inv=17.3,56.7 | 25(80.7) imip=15/35 pass=11111 acc=25 ipm=87.1,68.1 inv=77.5,37.6
frame=870 line=1 track=1 cross=0 circle=0(CIRCLE_NONE) round=0 yroad=0 ramp=0 road=7 speed=0 near=13/24 raw=65/170 sel=24/26 far=0/0 far_raw=0/0 l=1@15/1@24 far_l=0@-1/0@-1 straight=0/0 far_straight=0/0 circle_cnt=0/0/0/0 lost=0/0 conf=66.4/81.3/0.0/0.0 dist=0 begin=0/3267 m0=(84,119) ml=(72,93) md=33/1/55 cxcy=84.0,119.6 guide=13.61 atg=-60.0/-39.0/-39.0 pure=4.46/4.46 yaw=-817 cmd=-1017 actual=-239 signed=0 rps=6393/3607:4638/4623 duty=17/9 pwm=PWM2:17/PWM1:9 motor=2:17/1:9
CrossDiag: type=CROSS_NONE track=1 half_lr=0/0 nearL=1@15/1@24 nearNum=13/24 centerNum=13/24 farL=0@-1/0@-1 farNum=0/0 farRaw=0/0 lost=0/0 not_have=0 final=24/26 flags=0/0
LineErr: aim=33 cxcy=84.0,119.6 left=1:19.70@59,73 dx=-24.9 idx=0/12 dist=34/34 right=1:12.50@73,95 dx=-10.5 idx=5/17 dist=32/59 sel=1:14.51@71,91 dx=-13.4 idx=0/16 dist=32/50 edge=1:12.96@72.0,90.5 dx=-12.0 width=53.2 l=46,96 r=98,85
CxScan: raw_ref=80.0 edge=72.0,90.5 best_raw_x=50 best_err=0.57 best_cxcy=72.5,119.5 scan=0:-19.8,10:-15.9,20:-11.9,30:-7.8,40:-3.6,50:0.6,60:4.8,70:8.9,80:13.0,90:16.9,100:20.6,110:24.2,120:27.6,130:30.7,140:33.7
ATGSeedDiag: seed=1@33,108/1@154,107 begin=7,108 block=5 clip=8
ATGLptDiag: best=15(66.4) imip=5/18 pass=11111 acc=15 ipm=39.9,92.2 inv=15.2,57.7 | 24(81.3) imip=14/34 pass=11111 acc=24 ipm=86.9,69.8 inv=77.4,38.6
frame=871 line=1 track=1 cross=0 circle=0(CIRCLE_NONE) round=0 yroad=0 ramp=0 road=7 speed=0 near=13/24 raw=64/170 sel=24/26 far=0/0 far_raw=0/0 l=1@15/1@24 far_l=0@-1/0@-1 straight=0/0 far_straight=0/0 circle_cnt=0/0/0/0 lost=0/0 conf=67.4/82.0/0.0/0.0 dist=0 begin=0/3267 m0=(84,119) ml=(71,92) md=33/1/55 cxcy=84.0,119.6 guide=14.63 atg=-60.0/-40.0/-40.0 pure=4.42/4.42 yaw=-878 cmd=-1078 actual=-257 signed=0 rps=6477/3523:4745/4631 duty=17/9 pwm=PWM2:17/PWM1:9 motor=2:17/1:9
CrossDiag: type=CROSS_NONE track=1 half_lr=0/0 nearL=1@15/1@24 nearNum=13/24 centerNum=13/24 farL=0@-1/0@-1 farNum=0/0 farRaw=0/0 lost=0/0 not_have=0 final=24/26 flags=0/0
LineErr: aim=33 cxcy=84.0,119.6 left=1:19.47@60,74 dx=-24.3 idx=0/12 dist=33/33 right=1:13.20@73,95 dx=-11.1 idx=6/17 dist=31/58 sel=1:15.43@70,90 dx=-14.5 idx=0/16 dist=32/50 edge=1:13.48@71.5,90.5 dx=-12.5 width=54.1 l=45,96 r=98,85
CxScan: raw_ref=80.0 edge=71.5,90.5 best_raw_x=45 best_err=-0.99 best_cxcy=70.6,119.5 scan=0:-19.3,10:-15.4,20:-11.4,30:-7.3,40:-3.1,50:1.1,60:5.3,70:9.4,80:13.5,90:17.4,100:21.1,110:24.6,120:28.0,130:31.1,140:34.1
ATGSeedDiag: seed=1@33,108/1@154,108 begin=7,108 block=5 clip=8
ATGLptDiag: best=15(67.4) imip=5/17 pass=11111 acc=15 ipm=39.4,93.1 inv=13.6,58.8 | 24(82.0) imip=14/34 pass=11111 acc=24 ipm=86.9,70.2 inv=77.3,38.9
frame=872 line=1 track=1 cross=0 circle=0(CIRCLE_NONE) round=0 yroad=0 ramp=0 road=7 speed=0 near=12/23 raw=64/170 sel=23/24 far=0/0 far_raw=0/0 l=1@14/1@23 far_l=0@-1/0@-1 straight=0/0 far_straight=0/0 circle_cnt=0/0/0/0 lost=0/0 conf=68.3/79.5/0.0/0.0 dist=0 begin=0/3267 m0=(84,119) ml=(71,93) md=33/1/51 cxcy=84.0,119.6 guide=14.02 atg=-60.0/-39.0/-39.0 pure=4.70/4.70 yaw=-841 cmd=-1041 actual=-282 signed=0 rps=6427/3573:4502/4268 duty=17/9 pwm=PWM2:17/PWM1:9 motor=2:17/1:9
CrossDiag: type=CROSS_NONE track=1 half_lr=0/0 nearL=1@14/1@23 nearNum=12/23 centerNum=12/23 farL=0@-1/0@-1 farNum=0/0 farRaw=0/0 lost=0/0 not_have=0 final=23/24 flags=0/0
LineErr: aim=33 cxcy=84.0,119.6 left=1:18.84@61,76 dx=-22.9 idx=0/11 dist=30/30 right=1:13.95@72,94 dx=-12.0 idx=5/17 dist=34/56 sel=1:15.41@70,91 dx=-14.3 idx=0/16 dist=32/46 edge=1:13.08@72.0,91.0 dx=-12.0 width=51.4 l=47,97 r=97,85
CxScan: raw_ref=80.0 edge=72.0,91.0 best_raw_x=50 best_err=0.57 best_cxcy=72.5,119.5 scan=0:-20.0,10:-16.1,20:-12.1,30:-7.9,40:-3.7,50:0.6,60:4.8,70:9.0,80:13.1,90:17.0,100:20.8,110:24.4,120:27.8,130:31.0,140:34.0
ATGSeedDiag: seed=1@32,108/1@154,108 begin=7,108 block=5 clip=8
ATGLptDiag: best=14(68.3) imip=4/17 pass=11111 acc=14 ipm=41.4,93.0 inv=16.4,58.7 | 23(79.5) imip=13/33 pass=11111 acc=23 ipm=87.8,72.0 inv=78.5,40.0
frame=873 line=1 track=1 cross=0 circle=0(CIRCLE_NONE) round=0 yroad=0 ramp=0 road=7 speed=0 near=12/23 raw=62/170 sel=23/24 far=0/0 far_raw=0/0 l=1@14/1@23 far_l=0@-1/0@-1 straight=0/0 far_straight=0/0 circle_cnt=0/0/0/0 lost=0/0 conf=66.8/80.6/0.0/0.0 dist=0 begin=0/3267 m0=(84,119) ml=(70,92) md=33/1/50 cxcy=84.0,119.6 guide=15.53 atg=-60.0/-40.0/-40.0 pure=4.66/4.66 yaw=-932 cmd=-1132 actual=-297 signed=0 rps=6551/3449:6142/5537 duty=15/7 pwm=PWM2:15/PWM1:7 motor=2:15/1:7
CrossDiag: type=CROSS_NONE track=1 half_lr=0/0 nearL=1@14/1@23 nearNum=12/23 centerNum=12/23 farL=0@-1/0@-1 farNum=0/0 farRaw=0/0 lost=0/0 not_have=0 final=23/24 flags=0/0
LineErr: aim=33 cxcy=84.0,119.6 left=1:18.95@61,76 dx=-23.0 idx=0/11 dist=29/29 right=1:14.44@71,94 dx=-12.5 idx=6/17 dist=32/55 sel=1:16.01@69,90 dx=-15.2 idx=0/16 dist=32/46 edge=1:13.60@71.5,91.0 dx=-12.5 width=52.4 l=46,97 r=97,85
CxScan: raw_ref=80.0 edge=71.5,91.0 best_raw_x=45 best_err=-1.00 best_cxcy=70.6,119.5 scan=0:-19.5,10:-15.6,20:-11.5,30:-7.4,40:-3.1,50:1.1,60:5.4,70:9.5,80:13.6,90:17.5,100:21.3,110:24.9,120:28.2,130:31.4,140:34.4
ATGSeedDiag: seed=1@31,107/1@154,108 begin=7,108 block=5 clip=8
ATGLptDiag: best=14(66.8) imip=4/16 pass=11111 acc=14 ipm=40.3,93.7 inv=14.2,59.6 | 23(80.6) imip=13/33 pass=11111 acc=23 ipm=87.6,72.2 inv=78.3,40.1
frame=874 line=1 track=1 cross=0 circle=0(CIRCLE_NONE) round=0 yroad=0 ramp=0 road=7 speed=0 near=12/23 raw=62/170 sel=23/25 far=0/0 far_raw=0/0 l=1@14/1@23 far_l=0@-1/0@-1 straight=0/0 far_straight=0/0 circle_cnt=0/0/0/0 lost=0/0 conf=67.1/81.0/0.0/0.0 dist=0 begin=0/3267 m0=(84,119) ml=(71,93) md=32/1/52 cxcy=84.0,119.6 guide=15.07 atg=-60.0/-40.0/-40.0 pure=4.56/4.56 yaw=-904 cmd=-1104 actual=-303 signed=0 rps=6514/3486:4617/4091 duty=17/9 pwm=PWM2:17/PWM1:9 motor=2:17/1:9
CrossDiag: type=CROSS_NONE track=1 half_lr=0/0 nearL=1@14/1@23 nearNum=12/23 centerNum=12/23 farL=0@-1/0@-1 farNum=0/0 farRaw=0/0 lost=0/0 not_have=0 final=23/25 flags=0/0
LineErr: aim=33 cxcy=84.0,119.6 left=1:19.26@61,76 dx=-23.3 idx=0/11 dist=30/30 right=1:13.06@73,97 dx=-10.6 idx=5/16 dist=31/58 sel=1:15.68@69,91 dx=-14.6 idx=0/16 dist=32/48 edge=1:13.73@71.5,91.5 dx=-12.5 width=52.6 l=46,98 r=97,85
CxScan: raw_ref=80.0 edge=71.5,91.5 best_raw_x=45 best_err=-1.01 best_cxcy=70.6,119.5 scan=0:-19.6,10:-15.7,20:-11.6,30:-7.4,40:-3.2,50:1.1,60:5.4,70:9.6,80:13.7,90:17.7,100:21.5,110:25.1,120:28.5,130:31.6,140:34.6
ATGSeedDiag: seed=1@31,108/1@154,108 begin=7,108 block=5 clip=8
ATGLptDiag: best=14(67.1) imip=4/16 pass=11111 acc=14 ipm=40.2,94.5 inv=13.3,60.5 | 23(81.0) imip=13/33 pass=11111 acc=23 ipm=87.7,72.1 inv=78.3,40.0
frame=875 line=1 track=1 cross=0 circle=0(CIRCLE_NONE) round=0 yroad=0 ramp=0 road=7 speed=0 near=11/23 raw=61/170 sel=23/24 far=0/0 far_raw=0/0 l=1@13/1@23 far_l=0@-1/0@-1 straight=0/0 far_straight=0/0 circle_cnt=0/0/0/0 lost=0/0 conf=68.5/82.0/0.0/0.0 dist=0 begin=0/3267 m0=(84,119) ml=(69,92) md=33/1/50 cxcy=84.0,119.6 guide=16.39 atg=-60.0/-40.0/-40.0 pure=4.63/4.63 yaw=-983 cmd=-1183 actual=-322 signed=0 rps=6621/3379:5101/4533 duty=17/8 pwm=PWM2:17/PWM1:8 motor=2:17/1:8
CrossDiag: type=CROSS_NONE track=1 half_lr=0/0 nearL=1@13/1@23 nearNum=11/23 centerNum=11/23 farL=0@-1/0@-1 farNum=0/0 farRaw=0/0 lost=0/0 not_have=0 final=23/24 flags=0/0
LineErr: aim=33 cxcy=84.0,119.6 left=1:18.87@62,78 dx=-22.3 idx=0/10 dist=27/27 right=1:15.16@71,94 dx=-13.2 idx=6/17 dist=32/55 sel=1:16.58@68,90 dx=-15.8 idx=0/16 dist=32/46 edge=1:13.99@71.5,92.5 dx=-12.5 width=50.7 l=47,99 r=96,86
CxScan: raw_ref=80.0 edge=71.5,92.5 best_raw_x=45 best_err=-1.03 best_cxcy=70.6,119.5 scan=0:-20.0,10:-16.0,20:-11.9,30:-7.6,40:-3.2,50:1.2,60:5.5,70:9.8,80:14.0,90:18.0,100:21.9,110:25.5,120:28.9,130:32.1,140:35.1
ATGSeedDiag: seed=1@30,108/1@154,108 begin=7,108 block=5 clip=8
ATGLptDiag: best=13(68.5) imip=3/16 pass=11111 acc=13 ipm=41.9,94.8 inv=15.4,61.0 | 23(82.0) imip=13/33 pass=11111 acc=23 ipm=87.6,72.3 inv=78.3,40.2
frame=876 line=1 track=1 cross=0 circle=0(CIRCLE_NONE) round=0 yroad=0 ramp=0 road=7 speed=0 near=11/22 raw=59/170 sel=22/23 far=0/0 far_raw=0/0 l=1@13/1@22 far_l=0@-1/0@-1 straight=0/0 far_straight=0/0 circle_cnt=0/0/0/0 lost=0/0 conf=67.6/79.8/0.0/0.0 dist=0 begin=0/3267 m0=(84,119) ml=(70,91) md=33/1/48 cxcy=84.0,119.6 guide=15.30 atg=-60.0/-39.0/-39.0 pure=4.75/4.75 yaw=-918 cmd=-1118 actual=-334 signed=0 rps=6532/3468:5046/4531 duty=17/8 pwm=PWM2:17/PWM1:8 motor=2:17/1:8
CrossDiag: type=CROSS_NONE track=1 half_lr=0/0 nearL=1@13/1@22 nearNum=11/22 centerNum=11/22 farL=0@-1/0@-1 farNum=0/0 farRaw=0/0 lost=0/0 not_have=0 final=22/23 flags=0/0
LineErr: aim=33 cxcy=84.0,119.6 left=1:18.95@62,78 dx=-22.3 idx=0/10 dist=27/27 right=1:15.35@70,93 dx=-13.7 idx=6/17 dist=33/52 sel=1:16.32@68,89 dx=-15.6 idx=0/16 dist=32/44 edge=1:13.99@71.5,92.5 dx=-12.5 width=50.7 l=47,99 r=96,86
CxScan: raw_ref=80.0 edge=71.5,92.5 best_raw_x=45 best_err=-1.03 best_cxcy=70.6,119.5 scan=0:-20.0,10:-16.0,20:-11.9,30:-7.6,40:-3.2,50:1.2,60:5.5,70:9.8,80:14.0,90:18.0,100:21.9,110:25.5,120:28.9,130:32.1,140:35.1
ATGSeedDiag: seed=1@29,107/1@154,108 begin=7,108 block=5 clip=8
ATGLptDiag: best=13(67.6) imip=3/15 pass=11111 acc=13 ipm=41.0,95.6 inv=13.2,62.0 | 22(79.8) imip=12/32 pass=11111 acc=22 ipm=88.4,74.4 inv=79.3,41.5
frame=877 line=1 track=1 cross=0 circle=0(CIRCLE_NONE) round=0 yroad=0 ramp=0 road=7 speed=0 near=11/22 raw=57/170 sel=22/23 far=0/0 far_raw=0/0 l=1@13/1@22 far_l=0@-1/0@-1 straight=0/0 far_straight=0/0 circle_cnt=0/0/0/0 lost=0/0 conf=0.0/80.9/0.0/0.0 dist=0 begin=0/3267 m0=(84,119) ml=(70,93) md=32/1/49 cxcy=84.0,119.6 guide=15.65 atg=-60.0/-39.0/-39.0 pure=4.69/4.69 yaw=-939 cmd=-1139 actual=-372 signed=0 rps=6561/3439:5385/4883 duty=16/8 pwm=PWM2:16/PWM1:8 motor=2:16/1:8
CrossDiag: type=CROSS_NONE track=1 half_lr=0/0 nearL=1@13/1@22 nearNum=11/22 centerNum=11/22 farL=0@-1/0@-1 farNum=0/0 farRaw=0/0 lost=0/0 not_have=0 final=22/23 flags=0/0
LineErr: aim=33 cxcy=84.0,119.6 left=1:18.93@62,78 dx=-22.2 idx=0/10 dist=25/25 right=1:15.92@70,92 dx=-14.5 idx=6/17 dist=33/52 sel=1:16.56@68,89 dx=-15.9 idx=0/16 dist=32/44 edge=1:16.46@68.0,88.5 dx=-16.0 width=48.8 l=46,99 r=90,78
CxScan: raw_ref=80.0 edge=68.0,88.5 best_raw_x=40 best_err=0.71 best_cxcy=68.7,119.4 scan=0:-15.2,10:-11.4,20:-7.4,30:-3.3,40:0.7,50:4.8,60:8.8,70:12.7,80:16.5,90:20.1,100:23.6,110:26.9,120:30.0,130:32.9,140:35.6
ATGSeedDiag: seed=1@28,106/1@153,108 begin=7,108 block=5 clip=8
ATGLptDiag: best=13(63.8) imip=3/14 pass=11111 acc=13 ipm=40.1,96.3 inv=11.1,63.0 | 22(80.9) imip=12/32 pass=11111 acc=22 ipm=88.4,73.9 inv=79.3,41.2
frame=878 line=1 track=1 cross=0 circle=0(CIRCLE_NONE) round=0 yroad=0 ramp=0 road=7 speed=0 near=11/22 raw=58/170 sel=22/24 far=0/0 far_raw=0/0 l=1@13/1@22 far_l=0@-1/0@-1 straight=0/0 far_straight=0/0 circle_cnt=0/0/0/0 lost=0/0 conf=69.3/81.2/0.0/0.0 dist=0 begin=0/3267 m0=(84,119) ml=(70,93) md=32/1/51 cxcy=84.0,119.6 guide=15.82 atg=-60.0/-37.0/-37.0 pure=4.47/4.47 yaw=-949 cmd=-1149 actual=-408 signed=0 rps=6575/3425:5393/4914 duty=16/8 pwm=PWM2:16/PWM1:8 motor=2:16/1:8
CrossDiag: type=CROSS_NONE track=1 half_lr=0/0 nearL=1@13/1@22 nearNum=11/22 centerNum=11/22 farL=0@-1/0@-1 farNum=0/0 farRaw=0/0 lost=0/0 not_have=0 final=22/24 flags=0/0
LineErr: aim=33 cxcy=84.0,119.6 left=1:18.98@62,79 dx=-22.1 idx=0/10 dist=25/25 right=1:16.28@69,92 dx=-15.0 idx=6/17 dist=33/52 sel=1:16.75@68,89 dx=-16.1 idx=0/16 dist=32/46 edge=1:16.65@67.5,87.5 dx=-16.5 width=48.8 l=46,99 r=89,76
CxScan: raw_ref=80.0 edge=67.5,87.5 best_raw_x=35 best_err=-0.78 best_cxcy=66.8,119.4 scan=0:-14.5,10:-10.7,20:-6.7,30:-2.8,40:1.2,50:5.2,60:9.1,70:12.9,80:16.7,90:20.2,100:23.6,110:26.9,120:29.9,130:32.8,140:35.5
ATGSeedDiag: seed=1@28,108/1@153,108 begin=7,108 block=5 clip=8
ATGLptDiag: best=13(69.3) imip=3/14 pass=11111 acc=13 ipm=40.2,96.7 inv=10.8,63.5 | 22(81.2) imip=12/32 pass=11111 acc=22 ipm=88.4,73.8 inv=79.3,41.1
frame=879 line=1 track=1 cross=0 circle=0(CIRCLE_NONE) round=0 yroad=0 ramp=0 road=7 speed=0 near=10/21 raw=57/170 sel=21/22 far=0/0 far_raw=0/0 l=1@12/1@21 far_l=0@-1/0@-1 straight=0/0 far_straight=0/0 circle_cnt=0/0/0/0 lost=0/0 conf=70.3/80.6/0.0/0.0 dist=0 begin=0/3267 m0=(84,119) ml=(70,93) md=32/1/47 cxcy=84.0,119.6 guide=16.00 atg=-60.0/-38.0/-38.0 pure=4.87/4.87 yaw=-960 cmd=-1160 actual=-444 signed=0 rps=6589/3411:5152/4708 duty=17/8 pwm=PWM2:17/PWM1:8 motor=2:17/1:8
CrossDiag: type=CROSS_NONE track=1 half_lr=0/0 nearL=1@12/1@21 nearNum=10/21 centerNum=10/21 farL=0@-1/0@-1 farNum=0/0 farRaw=0/0 lost=0/0 not_have=0 final=21/22 flags=0/0
LineErr: aim=33 cxcy=84.0,119.6 left=1:18.82@63,80 dx=-21.5 idx=0/9 dist=23/23 right=1:15.35@71,95 dx=-13.1 idx=6/16 dist=31/50 sel=1:16.83@68,89 dx=-16.2 idx=0/16 dist=32/42 edge=1:16.25@68.5,89.5 dx=-15.5 width=48.8 l=47,101 r=90,78
CxScan: raw_ref=80.0 edge=68.5,89.5 best_raw_x=40 best_err=0.19 best_cxcy=68.7,119.4 scan=0:-16.0,10:-12.1,20:-8.1,30:-3.9,40:0.2,50:4.3,60:8.4,70:12.4,80:16.3,90:20.0,100:23.5,110:26.9,120:30.0,130:33.0,140:35.8
ATGSeedDiag: seed=1@27,108/1@153,108 begin=7,108 block=5 clip=8
ATGLptDiag: best=12(70.3) imip=2/14 pass=11111 acc=12 ipm=41.7,96.7 inv=13.0,63.5 | 21(80.6) imip=11/31 pass=11111 acc=21 ipm=88.6,76.4 inv=79.7,42.9
frame=880 line=1 track=1 cross=0 circle=0(CIRCLE_NONE) round=0 yroad=0 ramp=0 road=7 speed=0 near=10/21 raw=54/170 sel=21/22 far=0/0 far_raw=0/0 l=1@12/1@21 far_l=0@-1/0@-1 straight=0/0 far_straight=0/0 circle_cnt=0/0/0/0 lost=0/0 conf=0.0/81.0/0.0/0.0 dist=0 begin=0/3267 m0=(84,119) ml=(68,91) md=33/1/46 cxcy=84.0,119.6 guide=16.76 atg=-60.0/-38.0/-38.0 pure=4.82/4.82 yaw=-1005 cmd=-1205 actual=-469 signed=0 rps=6652/3348:5216/4872 duty=17/7 pwm=PWM2:17/PWM1:7 motor=2:17/1:7
CrossDiag: type=CROSS_NONE track=1 half_lr=0/0 nearL=1@12/1@21 nearNum=10/21 centerNum=10/21 farL=0@-1/0@-1 farNum=0/0 farRaw=0/0 lost=0/0 not_have=0 final=21/22 flags=0/0
LineErr: aim=33 cxcy=84.0,119.6 left=1:19.01@62,80 dx=-21.8 idx=0/9 dist=23/23 right=1:16.97@68,90 dx=-16.2 idx=6/17 dist=34/49 sel=1:17.08@67,89 dx=-16.6 idx=0/16 dist=32/42 edge=1:17.09@67.5,89.0 dx=-16.5 width=48.3 l=46,100 r=89,78
CxScan: raw_ref=80.0 edge=67.5,89.0 best_raw_x=35 best_err=-0.80 best_cxcy=66.8,119.4 scan=0:-14.9,10:-10.9,20:-6.9,30:-2.8,40:1.3,50:5.3,60:9.4,70:13.3,80:17.1,90:20.7,100:24.2,110:27.5,120:30.6,130:33.5,140:36.2
ATGSeedDiag: seed=1@25,107/1@152,107 begin=7,108 block=5 clip=8
ATGLptDiag: best=12(64.2) imip=2/13 pass=11111 acc=12 ipm=40.5,98.0 inv=9.8,65.3 | 21(81.0) imip=11/31 pass=11111 acc=21 ipm=88.8,76.0 inv=79.9,42.6
frame=881 line=1 track=1 cross=0 circle=0(CIRCLE_NONE) round=0 yroad=0 ramp=0 road=7 speed=0 near=9/20 raw=54/170 sel=20/20 far=0/0 far_raw=0/0 l=1@11/1@20 far_l=0@-1/0@-1 straight=0/0 far_straight=0/0 circle_cnt=0/0/0/0 lost=0/0 conf=70.3/80.0/0.0/0.0 dist=0 begin=0/3267 m0=(84,119) ml=(68,91) md=33/1/42 cxcy=84.0,119.6 guide=16.97 atg=-60.0/-39.0/-39.0 pure=5.15/5.15 yaw=-1018 cmd=-1218 actual=-499 signed=0 rps=6669/3331:4859/4674 duty=17/8 pwm=PWM2:17/PWM1:8 motor=2:17/1:8
CrossDiag: type=CROSS_NONE track=1 half_lr=0/0 nearL=1@11/1@20 nearNum=9/20 centerNum=9/20 farL=0@-1/0@-1 farNum=0/0 farRaw=0/0 lost=0/0 not_have=0 final=20/20 flags=0/0
LineErr: aim=33 cxcy=84.0,119.6 left=1:18.72@63,81 dx=-20.9 idx=0/8 dist=22/22 right=1:16.31@69,93 dx=-14.5 idx=6/16 dist=31/45 sel=1:17.13@67,89 dx=-16.7 idx=0/16 dist=32/38 edge=1:16.19@69.0,91.0 dx=-15.0 width=47.4 l=48,102 r=90,80
CxScan: raw_ref=80.0 edge=69.0,91.0 best_raw_x=40 best_err=-0.36 best_cxcy=68.7,119.4 scan=0:-17.0,10:-13.0,20:-8.8,30:-4.6,40:-0.4,50:3.9,60:8.1,70:12.2,80:16.2,90:20.0,100:23.6,110:27.1,120:30.3,130:33.4,140:36.2
ATGSeedDiag: seed=1@24,107/1@152,108 begin=7,108 block=5 clip=8
ATGLptDiag: best=11(70.3) imip=1/13 pass=11111 acc=11 ipm=42.4,97.8 inv=12.9,65.1 | 20(80.0) imip=10/30 pass=11111 acc=20 ipm=89.3,78.2 inv=80.7,44.2
frame=882 line=1 track=1 cross=0 circle=0(CIRCLE_NONE) round=0 yroad=0 ramp=0 road=7 speed=0 near=9/20 raw=53/170 sel=20/21 far=0/0 far_raw=0/0 l=1@11/1@20 far_l=0@-1/0@-1 straight=0/0 far_straight=0/0 circle_cnt=0/0/0/0 lost=0/0 conf=68.2/79.5/0.0/0.0 dist=0 begin=0/3267 m0=(84,119) ml=(68,90) md=33/1/43 cxcy=84.0,119.6 guide=17.05 atg=-60.0/-39.0/-39.0 pure=4.89/4.89 yaw=-1023 cmd=-1223 actual=-509 signed=0 rps=6676/3324:4932/4839 duty=17/7 pwm=PWM2:17/PWM1:7 motor=2:17/1:7
CrossDiag: type=CROSS_NONE track=1 half_lr=0/0 nearL=1@11/1@20 nearNum=9/20 centerNum=9/20 farL=0@-1/0@-1 farNum=0/0 farRaw=0/0 lost=0/0 not_have=0 final=20/21 flags=0/0
LineErr: aim=33 cxcy=84.0,119.6 left=1:18.18@64,82 dx=-20.0 idx=0/8 dist=21/21 right=1:16.64@69,92 dx=-15.3 idx=6/16 dist=33/48 sel=1:17.20@67,88 dx=-16.8 idx=0/16 dist=32/40 edge=1:16.19@69.0,91.0 dx=-15.0 width=47.4 l=48,102 r=90,80
CxScan: raw_ref=80.0 edge=69.0,91.0 best_raw_x=40 best_err=-0.36 best_cxcy=68.7,119.4 scan=0:-17.0,10:-13.0,20:-8.8,30:-4.6,40:-0.4,50:3.9,60:8.1,70:12.2,80:16.2,90:20.0,100:23.6,110:27.1,120:30.3,130:33.4,140:36.2
ATGSeedDiag: seed=1@24,108/1@152,108 begin=7,108 block=5 clip=8
ATGLptDiag: best=11(68.2) imip=1/12 pass=11111 acc=11 ipm=42.0,99.0 inv=10.9,66.8 | 20(79.5) imip=10/30 pass=11111 acc=20 ipm=89.9,78.0 inv=81.3,44.0
frame=884 line=1 track=1 cross=0 circle=0(CIRCLE_NONE) round=0 yroad=0 ramp=0 road=7 speed=0 near=8/19 raw=52/170 sel=19/19 far=0/0 far_raw=0/0 l=1@10/1@19 far_l=0@-1/0@-1 straight=0/0 far_straight=0/0 circle_cnt=0/0/0/0 lost=0/0 conf=72.9/81.3/0.0/0.0 dist=0 begin=0/3267 m0=(84,119) ml=(68,90) md=32/1/38 cxcy=84.0,119.6 guide=16.95 atg=-60.0/-37.0/-37.0 pure=5.24/5.24 yaw=-1017 cmd=-1217 actual=-534 signed=0 rps=6668/3332:5029/4536 duty=17/8 pwm=PWM2:17/PWM1:8 motor=2:17/1:8
CrossDiag: type=CROSS_NONE track=1 half_lr=0/0 nearL=1@10/1@19 nearNum=8/19 centerNum=8/19 farL=0@-1/0@-1 farNum=0/0 farRaw=0/0 lost=0/0 not_have=0 final=19/19 flags=0/0
LineErr: aim=33 cxcy=84.0,119.6 left=1:18.57@64,83 dx=-20.2 idx=0/7 dist=20/20 right=1:17.08@68,91 dx=-15.9 idx=6/16 dist=33/43 sel=1:17.29@67,88 dx=-17.0 idx=0/16 dist=32/36 edge=1:15.74@70.0,93.0 dx=-14.0 width=47.4 l=49,104 r=91,82
CxScan: raw_ref=80.0 edge=70.0,93.0 best_raw_x=45 best_err=0.69 best_cxcy=70.6,119.5 scan=0:-18.6,10:-14.5,20:-10.3,30:-5.9,40:-1.5,50:2.9,60:7.3,70:11.6,80:15.7,90:19.7,100:23.5,110:27.1,120:30.5,130:33.6,140:36.5
ATGSeedDiag: seed=1@22,108/1@152,108 begin=7,108 block=5 clip=8
ATGLptDiag: best=10(72.9) imip=0/12 pass=11111 acc=10 ipm=43.5,99.8 inv=12.2,68.0 | 19(81.3) imip=9/29 pass=11111 acc=19 ipm=89.9,80.5 inv=81.7,46.0
frame=885 line=1 track=1 cross=0 circle=0(CIRCLE_NONE) round=0 yroad=0 ramp=0 road=7 speed=0 near=8/18 raw=48/170 sel=18/18 far=0/0 far_raw=0/0 l=1@10/1@18 far_l=0@-1/0@-1 straight=0/0 far_straight=0/0 circle_cnt=0/0/0/0 lost=0/0 conf=70.1/81.7/0.0/0.0 dist=0 begin=0/3267 m0=(84,119) ml=(68,90) md=32/1/37 cxcy=84.0,119.6 guide=16.86 atg=-60.0/-38.0/-38.0 pure=5.37/5.37 yaw=-1012 cmd=-1212 actual=-545 signed=0 rps=6661/3339:5200/4441 duty=17/8 pwm=PWM2:17/PWM1:8 motor=2:17/1:8
CrossDiag: type=CROSS_NONE track=1 half_lr=0/0 nearL=1@10/1@18 nearNum=8/18 centerNum=8/18 farL=0@-1/0@-1 farNum=0/0 farRaw=0/0 lost=0/0 not_have=0 final=18/18 flags=0/0
LineErr: aim=33 cxcy=84.0,119.6 left=1:19.14@63,82 dx=-21.0 idx=0/7 dist=17/17 right=1:16.78@69,93 dx=-15.1 idx=6/15 dist=32/42 sel=1:17.19@67,88 dx=-17.1 idx=0/16 dist=32/34 edge=1:16.05@70.0,94.0 dx=-14.0 width=48.3 l=48,104 r=92,84
CxScan: raw_ref=80.0 edge=70.0,94.0 best_raw_x=45 best_err=0.70 best_cxcy=70.6,119.5 scan=0:-19.0,10:-14.8,20:-10.5,30:-6.1,40:-1.6,50:3.0,60:7.4,70:11.8,80:16.0,90:20.1,100:24.0,110:27.6,120:31.0,130:34.1,140:37.1
ATGSeedDiag: seed=1@20,107/1@151,108 begin=7,108 block=5 clip=8
ATGLptDiag: best=10(70.1) imip=0/11 pass=11111 acc=10 ipm=42.1,101.5 inv=7.9,70.7 | 18(81.7) imip=8/28 pass=11111 acc=18 ipm=90.6,82.2 inv=82.8,47.4
frame=886 line=1 track=1 cross=0 circle=0(CIRCLE_NONE) round=0 yroad=0 ramp=0 road=7 speed=0 near=7/18 raw=48/170 sel=18/18 far=0/0 far_raw=0/0 l=1@9/1@18 far_l=0@-1/0@-1 straight=0/0 far_straight=0/0 circle_cnt=0/0/0/0 lost=0/0 conf=70.3/82.1/0.0/0.0 dist=0 begin=0/3267 m0=(84,119) ml=(68,90) md=32/1/37 cxcy=84.0,119.6 guide=17.20 atg=-60.0/-38.0/-38.0 pure=5.36/5.36 yaw=-1032 cmd=-1232 actual=-547 signed=0 rps=6688/3312:5204/4296 duty=17/8 pwm=PWM2:17/PWM1:8 motor=2:17/1:8
CrossDiag: type=CROSS_NONE track=1 half_lr=0/0 nearL=1@9/1@18 nearNum=7/18 centerNum=7/18 farL=0@-1/0@-1 farNum=0/0 farRaw=0/0 lost=0/0 not_have=0 final=18/18 flags=0/0
LineErr: aim=33 cxcy=84.0,119.6 left=1:17.36@66,86 dx=-17.9 idx=0/6 dist=12/12 right=1:16.94@69,92 dx=-15.4 idx=6/15 dist=31/41 sel=1:17.26@67,87 dx=-17.2 idx=0/16 dist=32/34 edge=1:15.81@70.5,95.0 dx=-13.5 width=48.3 l=49,106 r=92,84
CxScan: raw_ref=80.0 edge=70.5,95.0 best_raw_x=45 best_err=0.11 best_cxcy=70.6,119.5 scan=0:-19.9,10:-15.7,20:-11.3,30:-6.8,40:-2.2,50:2.4,60:7.0,70:11.5,80:15.8,90:20.0,100:23.9,110:27.6,120:31.1,130:34.3,140:37.3
ATGSeedDiag: seed=1@20,108/1@151,108 begin=7,108 block=5 clip=8
ATGLptDiag: best=9(70.3) imip=0/10 pass=11111 acc=9 ipm=44.1,101.4 inv=11.3,70.5 | 18(82.1) imip=8/28 pass=11111 acc=18 ipm=90.8,82.3 inv=83.1,47.5
frame=887 line=1 track=1 cross=0 circle=0(CIRCLE_NONE) round=0 yroad=0 ramp=0 road=7 speed=0 near=7/18 raw=48/170 sel=18/19 far=0/0 far_raw=0/0 l=1@9/1@18 far_l=0@-1/0@-1 straight=0/0 far_straight=0/0 circle_cnt=0/0/0/0 lost=0/0 conf=72.8/82.2/0.0/0.0 dist=0 begin=0/3267 m0=(84,119) ml=(68,89) md=33/1/39 cxcy=84.0,119.6 guide=17.08 atg=-60.0/-36.0/-36.0 pure=5.06/5.06 yaw=-1025 cmd=-1225 actual=-572 signed=0 rps=6678/3322:5501/4528 duty=17/8 pwm=PWM2:17/PWM1:8 motor=2:17/1:8
CrossDiag: type=CROSS_NONE track=1 half_lr=0/0 nearL=1@9/1@18 nearNum=7/18 centerNum=7/18 farL=0@-1/0@-1 farNum=0/0 farRaw=0/0 lost=0/0 not_have=0 final=18/19 flags=0/0
LineErr: aim=33 cxcy=84.0,119.6 left=1:17.95@65,85 dx=-18.7 idx=0/6 dist=12/12 right=1:17.16@68,91 dx=-16.1 idx=6/15 dist=35/45 sel=1:17.23@67,87 dx=-17.2 idx=0/16 dist=32/36 edge=1:16.37@70.0,95.0 dx=-14.0 width=47.4 l=49,106 r=91,84
CxScan: raw_ref=80.0 edge=70.0,95.0 best_raw_x=45 best_err=0.72 best_cxcy=70.6,119.5 scan=0:-19.4,10:-15.1,20:-10.7,30:-6.2,40:-1.6,50:3.0,60:7.6,70:12.1,80:16.4,90:20.5,100:24.4,110:28.1,120:31.5,130:34.7,140:37.7
ATGSeedDiag: seed=1@19,108/1@150,108 begin=7,108 block=5 clip=8
ATGLptDiag: best=9(72.8) imip=0/10 pass=11111 acc=9 ipm=43.7,102.1 inv=9.9,71.7 | 18(82.2) imip=8/28 pass=11111 acc=18 ipm=91.1,81.8 inv=83.3,47.1
