ConfigInfo: loaded /root/front_car_mainline.yaml
front_car_mainline: ipm=atg rot/inv_rot
find uvc camera Successfully. path=/dev/video0
get uvc width = 160
get uvc height = 120
get uvc fps = 120
get uvc auto exposure mode = 3
IMU init success, type: 4 (DEV_IMU963RA)
ImuReady: type=IMU963RA bias_x=0 bias_y=-7 bias_z=4 samples=48/48/48 min=-3/-8/4 max=1/-6/5 scale=0.001277562_rad_s_per_count
front_car_mainline: live /dev/video0 160x120@30 process_fps=120 drive=on
frame=0 line=1 track=0 cross=0 circle=0(CIRCLE_NONE) round=0 yroad=0 ramp=0 road=0 speed=0 near=29/1 raw=126/170 sel=29/38 far=0/0 far_raw=0/0 l=1@30/0@-1 far_l=0@-1/0@-1 straight=0/0 far_straight=0/0 circle_cnt=0/0/0/0 lost=0/0 conf=77.3/0.0/0.0/0.0 dist=0 begin=0/0 m0=(84,119) ml=(81,78) md=41/1/84 cxcy=84.0,119.6 guide=2.69 atg=-3.0/-3.0/-3.0 pure=0.67/1.00 yaw=-91 cmd=-274 actual=0 signed=0 rps=5315/4563:0/0 duty=19/19 pwm=PWM2:19/PWM1:19 motor=2:19/1:19
CrossDiag: type=CROSS_NONE track=0 half_lr=0/0 nearL=1@30/0@-1 nearNum=29/1 centerNum=29/1 farL=0@-1/0@-1 farNum=0/0 farRaw=0/0 lost=0/0 not_have=0 final=29/38 flags=0/0
LineErr: aim=41 cxcy=84.0,119.6 left=1:2.36@81,73 dx=-2.9 idx=0/18 dist=42/83 right=0:0.00@-1,-1 dx=0.0 idx=-1/-1 dist=-1/-1 sel=1:2.36@81,74 dx=-2.9 idx=0/20 dist=40/74 edge=0:0.00@-1.0,-1.0 dx=0.0 width=0.0 l=55,70 r=-1,-1
ATGSeedDiag: seed=1@11,108/1@107,108 begin=7,108 block=5 clip=8
ATGLptDiag: best=30(77.3) imip=20/40 pass=11111 acc=30 ipm=50.7,47.5 inv=48.1,28.3 | -1(-57295.8) imip=-1/-1 pass=00000 acc=-1 ipm=-1.0,-1.0 inv=-1.0,-1.0
ATGCircleEntryBreakpoints: side=L near=1@30 seed=43,11 hit=0@43,-1 sharp=0 raw=43.1,11.3 th=0
frame=3 line=1 track=0 cross=0 circle=0(CIRCLE_NONE) round=0 yroad=0 ramp=0 road=0 speed=0 near=55/124 raw=126/105 sel=55/73 far=0/0 far_raw=0/0 l=1@30/0@-1 far_l=0@-1/0@-1 straight=0/1 far_straight=0/0 circle_cnt=0/0/0/0 lost=0/0 conf=77.3/2.6/0.0/0.0 dist=0 begin=0/0 m0=(84,119) ml=(81,78) md=41/1/162 cxcy=84.0,119.6 guide=2.69 atg=-3.0/-31.0/-60.0 pure=0.67/2.36 yaw=-91 cmd=-352 actual=39 signed=0 rps=5422/4456:519/229 duty=19/18 pwm=PWM2:19/PWM1:18 motor=2:19/1:18
CrossDiag: type=CROSS_NONE track=0 half_lr=0/0 nearL=1@30/0@-1 nearNum=55/124 centerNum=55/124 farL=0@-1/0@-1 farNum=0/0 farRaw=0/0 lost=0/0 not_have=0 final=55/73 flags=0/0
LineErr: aim=41 cxcy=84.0,119.6 left=1:2.36@81,73 dx=-2.9 idx=0/18 dist=42/163 right=1:3.40@80,70 dx=-4.3 idx=0/20 dist=40/246 sel=1:2.36@81,74 dx=-2.9 idx=0/20 dist=40/144 edge=1:2.77@80.5,70.0 dx=-3.5 width=51.0 l=55,70 r=106,70
CxScan: raw_ref=80.0 edge=80.5,70.0 best_raw_x=70 best_err=-0.24 best_cxcy=80.2,119.5 scan=0:-20.6,10:-17.8,20:-15.0,30:-12.2,40:-9.2,50:-6.3,60:-3.3,70:-0.2,80:2.8,90:5.8,100:8.7,110:11.6,120:14.5,130:17.3,140:20.0
ATGSeedDiag: seed=1@11,108/1@132,108 begin=7,108 block=5 clip=8
ATGLptDiag: best=30(77.3) imip=20/40 pass=11111 acc=30 ipm=50.7,47.5 inv=48.1,28.3 | 62(2.6) imip=52/72 pass=10101 acc=-1 ipm=109.9,-27.2 inv=84.2,12.2
frame=4 line=1 track=0 cross=0 circle=0(CIRCLE_NONE) round=0 yroad=0 ramp=0 road=0 speed=0 near=29/1 raw=126/170 sel=29/38 far=0/0 far_raw=0/0 l=1@30/0@-1 far_l=0@-1/0@-1 straight=0/0 far_straight=0/0 circle_cnt=0/0/0/0 lost=0/0 conf=77.3/0.0/0.0/0.0 dist=0 begin=0/0 m0=(84,119) ml=(81,78) md=41/1/84 cxcy=84.0,119.6 guide=2.69 atg=-3.0/-3.0/-3.0 pure=0.67/1.00 yaw=-91 cmd=-356 actual=41 signed=0 rps=5426/4452:748/318 duty=19/18 pwm=PWM2:19/PWM1:18 motor=2:19/1:18
CrossDiag: type=CROSS_NONE track=0 half_lr=0/0 nearL=1@30/0@-1 nearNum=29/1 centerNum=29/1 farL=0@-1/0@-1 farNum=0/0 farRaw=0/0 lost=0/0 not_have=0 final=29/38 flags=0/0
LineErr: aim=41 cxcy=84.0,119.6 left=1:2.36@81,73 dx=-2.9 idx=0/18 dist=42/83 right=0:0.00@-1,-1 dx=0.0 idx=-1/-1 dist=-1/-1 sel=1:2.36@81,74 dx=-2.9 idx=0/20 dist=40/74 edge=0:0.00@-1.0,-1.0 dx=0.0 width=0.0 l=55,70 r=-1,-1
ATGSeedDiag: seed=1@11,108/1@115,108 begin=7,108 block=5 clip=8
ATGLptDiag: best=30(77.3) imip=20/40 pass=11111 acc=30 ipm=50.7,47.5 inv=48.1,28.3 | -1(-57295.8) imip=-1/-1 pass=00000 acc=-1 ipm=-1.0,-1.0 inv=-1.0,-1.0
frame=5 line=1 track=0 cross=0 circle=0(CIRCLE_NONE) round=0 yroad=0 ramp=0 road=0 speed=0 near=29/1 raw=126/170 sel=29/38 far=0/0 far_raw=0/0 l=1@30/0@-1 far_l=0@-1/0@-1 straight=0/0 far_straight=0/0 circle_cnt=0/0/0/0 lost=0/0 conf=79.0/0.0/0.0/0.0 dist=0 begin=0/0 m0=(84,119) ml=(81,78) md=41/1/84 cxcy=84.0,119.6 guide=2.69 atg=-3.0/-3.0/-3.0 pure=0.68/1.00 yaw=-91 cmd=-351 actual=38 signed=0 rps=5420/4458:969/464 duty=18/18 pwm=PWM2:18/PWM1:18 motor=2:18/1:18
CrossDiag: type=CROSS_NONE track=0 half_lr=0/0 nearL=1@30/0@-1 nearNum=29/1 centerNum=29/1 farL=0@-1/0@-1 farNum=0/0 farRaw=0/0 lost=0/0 not_have=0 final=29/38 flags=0/0
LineErr: aim=41 cxcy=84.0,119.6 left=1:2.41@81,76 dx=-2.8 idx=0/17 dist=40/85 right=0:0.00@-1,-1 dx=0.0 idx=-1/-1 dist=-1/-1 sel=1:2.36@81,74 dx=-2.9 idx=0/20 dist=40/74 edge=0:0.00@-1.0,-1.0 dx=0.0 width=0.0 l=55,70 r=-1,-1
ATGSeedDiag: seed=1@11,108/1@114,108 begin=7,108 block=5 clip=8
ATGLptDiag: best=30(79.0) imip=20/40 pass=11111 acc=30 ipm=50.7,47.5 inv=48.1,28.3 | -1(-57295.8) imip=-1/-1 pass=00000 acc=-1 ipm=-1.0,-1.0 inv=-1.0,-1.0
ATGCircleEntryBreakpoints: side=L near=1@30 seed=43,11 hit=0@43,-1 sharp=0 raw=43.1,11.3 th=0
frame=9 line=1 track=0 cross=0 circle=0(CIRCLE_NONE) round=0 yroad=0 ramp=0 road=0 speed=0 near=55/124 raw=126/105 sel=55/73 far=0/0 far_raw=0/0 l=1@30/0@-1 far_l=0@-1/0@-1 straight=0/1 far_straight=0/0 circle_cnt=0/0/0/0 lost=0/0 conf=81.0/1.5/0.0/0.0 dist=0 begin=0/0 m0=(84,119) ml=(81,78) md=41/1/162 cxcy=84.0,119.6 guide=2.69 atg=-3.0/-33.0/-60.0 pure=0.69/2.43 yaw=-91 cmd=-365 actual=45 signed=0 rps=5439/4439:1184/1120 duty=18/17 pwm=PWM2:18/PWM1:17 motor=2:18/1:17
CrossDiag: type=CROSS_NONE track=0 half_lr=0/0 nearL=1@30/0@-1 nearNum=55/124 centerNum=55/124 farL=0@-1/0@-1 farNum=0/0 farRaw=0/0 lost=0/0 not_have=0 final=55/73 flags=0/0
LineErr: aim=41 cxcy=84.0,119.6 left=1:2.41@81,76 dx=-2.8 idx=0/17 dist=40/162 right=1:3.76@79,70 dx=-4.8 idx=0/20 dist=40/246 sel=1:2.42@81,74 dx=-2.9 idx=0/20 dist=40/144 edge=1:3.17@80.0,70.0 dx=-4.0 width=50.0 l=55,70 r=105,70
CxScan: raw_ref=80.0 edge=80.0,70.0 best_raw_x=70 best_err=0.15 best_cxcy=80.2,119.5 scan=0:-20.2,10:-17.5,20:-14.7,30:-11.8,40:-8.9,50:-5.9,60:-2.9,70:0.2,80:3.2,90:6.2,100:9.1,110:12.0,120:14.9,130:17.6,140:20.3
ATGSeedDiag: seed=1@11,108/1@132,108 begin=7,108 block=5 clip=8
ATGLptDiag: best=30(81.0) imip=20/40 pass=11111 acc=30 ipm=50.7,47.5 inv=48.1,28.3 | 63(1.5) imip=53/73 pass=10101 acc=-1 ipm=108.6,-29.6 inv=83.5,11.9
ATGCircleEntryBreakpoints: side=L near=1@30 seed=43,11 hit=0@43,-1 sharp=0 raw=43.1,11.3 th=0
frame=10 line=1 track=0 cross=0 circle=0(CIRCLE_NONE) round=0 yroad=0 ramp=0 road=0 speed=0 near=54/124 raw=126/105 sel=54/73 far=0/0 far_raw=0/0 l=1@30/0@-1 far_l=0@-1/0@-1 straight=0/1 far_straight=0/0 circle_cnt=0/0/0/0 lost=0/0 conf=81.5/1.9/0.0/0.0 dist=0 begin=0/0 m0=(84,119) ml=(81,78) md=41/1/163 cxcy=84.0,119.6 guide=2.69 atg=-3.0/-33.0/-60.0 pure=0.69/2.43 yaw=-91 cmd=-316 actual=21 signed=0 rps=5372/4506:1401/1384 duty=18/17 pwm=PWM2:18/PWM1:17 motor=2:18/1:17
CrossDiag: type=CROSS_NONE track=0 half_lr=0/0 nearL=1@30/0@-1 nearNum=54/124 centerNum=54/124 farL=0@-1/0@-1 farNum=0/0 farRaw=0/0 lost=0/0 not_have=0 final=54/73 flags=0/0
LineErr: aim=41 cxcy=84.0,119.6 left=1:2.58@81,73 dx=-3.1 idx=0/18 dist=42/160 right=1:3.77@79,70 dx=-4.8 idx=0/20 dist=40/246 sel=1:2.57@81,74 dx=-3.1 idx=0/20 dist=40/144 edge=1:3.17@80.0,70.0 dx=-4.0 width=50.0 l=55,70 r=105,70
CxScan: raw_ref=80.0 edge=80.0,70.0 best_raw_x=70 best_err=0.15 best_cxcy=80.2,119.5 scan=0:-20.2,10:-17.5,20:-14.7,30:-11.8,40:-8.9,50:-5.9,60:-2.9,70:0.2,80:3.2,90:6.2,100:9.1,110:12.0,120:14.9,130:17.6,140:20.3
ATGSeedDiag: seed=1@11,108/1@132,108 begin=7,108 block=5 clip=8
ATGLptDiag: best=30(81.5) imip=20/40 pass=11111 acc=30 ipm=50.7,47.5 inv=48.1,28.3 | 61(1.9) imip=51/71 pass=10101 acc=-1 ipm=108.4,-24.9 inv=83.7,12.5
ATGCircleEntryBreakpoints: side=L near=1@30 seed=43,11 hit=0@43,-1 sharp=0 raw=43.1,11.3 th=0
frame=11 line=1 track=0 cross=0 circle=0(CIRCLE_NONE) round=0 yroad=0 ramp=0 road=0 speed=0 near=54/124 raw=126/105 sel=54/73 far=0/0 far_raw=0/0 l=1@30/0@-1 far_l=0@-1/0@-1 straight=0/1 far_straight=0/0 circle_cnt=0/0/0/0 lost=0/0 conf=84.4/1.9/0.0/0.0 dist=0 begin=0/0 m0=(84,119) ml=(81,78) md=41/1/162 cxcy=84.0,119.6 guide=2.69 atg=-3.0/-33.0/-60.0 pure=0.69/2.45 yaw=-91 cmd=-296 actual=11 signed=0 rps=5345/4533:1474/1479 duty=18/17 pwm=PWM2:18/PWM1:17 motor=2:18/1:17
CrossDiag: type=CROSS_NONE track=0 half_lr=0/0 nearL=1@30/0@-1 nearNum=54/124 centerNum=54/124 farL=0@-1/0@-1 farNum=0/0 farRaw=0/0 lost=0/0 not_have=0 final=54/73 flags=0/0
LineErr: aim=41 cxcy=84.0,119.6 left=1:2.75@81,73 dx=-3.3 idx=0/18 dist=42/163 right=1:3.77@79,70 dx=-4.8 idx=0/20 dist=40/246 sel=1:2.75@81,74 dx=-3.3 idx=0/20 dist=40/144 edge=1:3.17@80.0,70.0 dx=-4.0 width=50.0 l=55,70 r=105,70
CxScan: raw_ref=80.0 edge=80.0,70.0 best_raw_x=70 best_err=0.15 best_cxcy=80.2,119.5 scan=0:-20.2,10:-17.5,20:-14.7,30:-11.8,40:-8.9,50:-5.9,60:-2.9,70:0.2,80:3.2,90:6.2,100:9.1,110:12.0,120:14.9,130:17.6,140:20.3
ATGSeedDiag: seed=1@11,108/1@132,108 begin=7,108 block=5 clip=8
ATGLptDiag: best=30(84.4) imip=20/40 pass=11111 acc=30 ipm=50.7,47.5 inv=48.1,28.3 | 61(1.9) imip=51/71 pass=10101 acc=-1 ipm=108.4,-24.9 inv=83.7,12.5
ATGCircleEntryBreakpoints: side=L near=1@29 seed=43,11 hit=0@43,-1 sharp=0 raw=43.9,11.9 th=0
frame=12 line=1 track=0 cross=0 circle=0(CIRCLE_NONE) round=0 yroad=0 ramp=0 road=0 speed=0 near=54/124 raw=126/105 sel=54/73 far=0/0 far_raw=0/0 l=1@29/0@-1 far_l=0@-1/0@-1 straight=0/1 far_straight=0/0 circle_cnt=0/0/0/0 lost=0/0 conf=87.7/1.9/0.0/0.0 dist=0 begin=0/0 m0=(84,119) ml=(81,78) md=41/1/161 cxcy=84.0,119.6 guide=2.69 atg=-3.0/-33.0/-60.0 pure=0.70/2.47 yaw=-91 cmd=-273 actual=-1 signed=0 rps=5314/4565:1713/1701 duty=17/17 pwm=PWM2:17/PWM1:17 motor=2:17/1:17
CrossDiag: type=CROSS_NONE track=0 half_lr=0/0 nearL=1@29/0@-1 nearNum=54/124 centerNum=54/124 farL=0@-1/0@-1 farNum=0/0 farRaw=0/0 lost=0/0 not_have=0 final=54/73 flags=0/0
LineErr: aim=41 cxcy=84.0,119.6 left=1:2.55@81,73 dx=-3.1 idx=0/18 dist=42/161 right=1:3.77@79,70 dx=-4.8 idx=0/20 dist=40/246 sel=1:2.56@81,74 dx=-3.1 idx=0/20 dist=40/144 edge=1:3.17@80.0,70.0 dx=-4.0 width=50.0 l=55,70 r=105,70
CxScan: raw_ref=80.0 edge=80.0,70.0 best_raw_x=70 best_err=0.15 best_cxcy=80.2,119.5 scan=0:-20.2,10:-17.5,20:-14.7,30:-11.8,40:-8.9,50:-5.9,60:-2.9,70:0.2,80:3.2,90:6.2,100:9.1,110:12.0,120:14.9,130:17.6,140:20.3
ATGSeedDiag: seed=1@11,108/1@132,108 begin=7,108 block=5 clip=8
ATGLptDiag: best=29(87.7) imip=19/39 pass=11111 acc=29 ipm=52.3,49.2 inv=48.9,28.9 | 61(1.9) imip=51/71 pass=10101 acc=-1 ipm=108.4,-24.9 inv=83.7,12.5
ATGCircleEntryBreakpoints: side=L near=1@29 seed=43,11 hit=0@43,-1 sharp=0 raw=43.8,12.0 th=0
frame=13 line=1 track=0 cross=0 circle=0(CIRCLE_NONE) round=0 yroad=0 ramp=0 road=0 speed=0 near=54/124 raw=126/105 sel=54/73 far=0/0 far_raw=0/0 l=1@29/0@-1 far_l=0@-1/0@-1 straight=0/1 far_straight=0/0 circle_cnt=0/0/0/0 lost=0/0 conf=85.6/2.1/0.0/0.0 dist=0 begin=0/0 m0=(84,119) ml=(81,78) md=41/1/160 cxcy=84.0,119.6 guide=2.69 atg=-3.0/-35.0/-60.0 pure=0.71/2.51 yaw=-91 cmd=-245 actual=-15 signed=0 rps=5275/4603:1765/1773 duty=17/17 pwm=PWM2:17/PWM1:17 motor=2:17/1:17
CrossDiag: type=CROSS_NONE track=0 half_lr=0/0 nearL=1@29/0@-1 nearNum=54/124 centerNum=54/124 farL=0@-1/0@-1 farNum=0/0 farRaw=0/0 lost=0/0 not_have=0 final=54/73 flags=0/0
LineErr: aim=41 cxcy=84.0,119.6 left=1:2.41@81,76 dx=-2.8 idx=0/17 dist=40/162 right=1:3.77@79,70 dx=-4.8 idx=0/20 dist=40/246 sel=1:2.36@81,74 dx=-2.9 idx=0/20 dist=40/144 edge=1:3.17@80.0,70.0 dx=-4.0 width=50.0 l=55,70 r=105,70
CxScan: raw_ref=80.0 edge=80.0,70.0 best_raw_x=70 best_err=0.15 best_cxcy=80.2,119.5 scan=0:-20.2,10:-17.5,20:-14.7,30:-11.8,40:-8.9,50:-5.9,60:-2.9,70:0.2,80:3.2,90:6.2,100:9.1,110:12.0,120:14.9,130:17.6,140:20.3
ATGSeedDiag: seed=1@11,108/1@132,108 begin=7,108 block=5 clip=8
ATGLptDiag: best=29(85.6) imip=19/39 pass=11111 acc=29 ipm=52.2,49.3 inv=48.8,29.0 | 8(2.1) imip=0/18 pass=10111 acc=-1 ipm=105.2,98.0 inv=108.5,64.4
ATGCircleEntryBreakpoints: side=L near=1@29 seed=43,11 hit=0@43,-1 sharp=0 raw=43.8,12.0 th=0
frame=14 line=1 track=0 cross=0 circle=0(CIRCLE_NONE) round=0 yroad=0 ramp=0 road=0 speed=0 near=54/124 raw=126/105 sel=54/72 far=0/0 far_raw=0/0 l=1@29/0@-1 far_l=0@-1/0@-1 straight=0/1 far_straight=0/0 circle_cnt=0/0/0/0 lost=0/0 conf=85.3/2.4/0.0/0.0 dist=0 begin=0/0 m0=(84,119) ml=(81,78) md=41/1/160 cxcy=84.0,119.6 guide=2.69 atg=-3.0/-35.0/-60.0 pure=0.70/2.50 yaw=-91 cmd=-223 actual=-26 signed=0 rps=5245/4633:1997/2046 duty=17/17 pwm=PWM2:17/PWM1:17 motor=2:17/1:17
CrossDiag: type=CROSS_NONE track=0 half_lr=0/0 nearL=1@29/0@-1 nearNum=54/124 centerNum=54/124 farL=0@-1/0@-1 farNum=0/0 farRaw=0/0 lost=0/0 not_have=0 final=54/72 flags=0/0
LineErr: aim=41 cxcy=84.0,119.6 left=1:2.41@81,76 dx=-2.8 idx=0/17 dist=40/161 right=1:3.77@79,70 dx=-4.8 idx=0/20 dist=40/246 sel=1:2.36@81,74 dx=-2.9 idx=0/20 dist=40/142 edge=1:3.17@80.0,70.0 dx=-4.0 width=50.0 l=55,70 r=105,70
CxScan: raw_ref=80.0 edge=80.0,70.0 best_raw_x=70 best_err=0.15 best_cxcy=80.2,119.5 scan=0:-20.2,10:-17.5,20:-14.7,30:-11.8,40:-8.9,50:-5.9,60:-2.9,70:0.2,80:3.2,90:6.2,100:9.1,110:12.0,120:14.9,130:17.6,140:20.3
ATGSeedDiag: seed=1@11,108/1@132,108 begin=7,108 block=5 clip=8
ATGLptDiag: best=29(85.3) imip=19/39 pass=11111 acc=29 ipm=52.2,49.3 inv=48.8,29.0 | 57(2.4) imip=47/67 pass=10111 acc=-1 ipm=108.6,-15.6 inv=84.5,13.8
ATGCircleEntryBreakpoints: side=L near=1@29 seed=43,11 hit=0@43,-1 sharp=0 raw=43.8,12.0 th=0
frame=15 line=1 track=0 cross=0 circle=0(CIRCLE_NONE) round=0 yroad=0 ramp=0 road=0 speed=0 near=54/124 raw=126/105 sel=54/72 far=0/0 far_raw=0/0 l=1@29/0@-1 far_l=0@-1/0@-1 straight=0/1 far_straight=0/0 circle_cnt=0/0/0/0 lost=0/0 conf=86.4/2.1/0.0/0.0 dist=0 begin=0/0 m0=(84,119) ml=(81,78) md=41/1/160 cxcy=84.0,119.6 guide=2.69 atg=-3.0/-35.0/-60.0 pure=0.71/2.51 yaw=-91 cmd=-194 actual=-40 signed=0 rps=5205/4673:2234/2244 duty=16/16 pwm=PWM2:16/PWM1:16 motor=2:16/1:16
CrossDiag: type=CROSS_NONE track=0 half_lr=0/0 nearL=1@29/0@-1 nearNum=54/124 centerNum=54/124 farL=0@-1/0@-1 farNum=0/0 farRaw=0/0 lost=0/0 not_have=0 final=54/72 flags=0/0
LineErr: aim=41 cxcy=84.0,119.6 left=1:2.42@81,73 dx=-2.9 idx=0/18 dist=42/161 right=1:3.75@79,70 dx=-4.8 idx=0/20 dist=41/247 sel=1:2.42@81,74 dx=-2.9 idx=0/20 dist=40/142 edge=1:3.17@80.0,70.0 dx=-4.0 width=50.0 l=55,70 r=105,70
CxScan: raw_ref=80.0 edge=80.0,70.0 best_raw_x=70 best_err=0.15 best_cxcy=80.2,119.5 scan=0:-20.2,10:-17.5,20:-14.7,30:-11.8,40:-8.9,50:-5.9,60:-2.9,70:0.2,80:3.2,90:6.2,100:9.1,110:12.0,120:14.9,130:17.6,140:20.3
ATGSeedDiag: seed=1@11,108/1@132,108 begin=7,108 block=5 clip=8
ATGLptDiag: best=29(86.4) imip=19/39 pass=11111 acc=29 ipm=52.2,49.3 inv=48.8,29.0 | 61(2.1) imip=51/71 pass=10101 acc=-1 ipm=108.8,-24.9 inv=83.9,12.5
ATGCircleEntryBreakpoints: side=L near=1@29 seed=43,11 hit=0@43,-1 sharp=0 raw=43.8,11.9 th=0
frame=16 line=1 track=0 cross=0 circle=0(CIRCLE_NONE) round=0 yroad=0 ramp=0 road=0 speed=0 near=54/124 raw=126/105 sel=54/73 far=0/0 far_raw=0/0 l=1@29/0@-1 far_l=0@-1/0@-1 straight=0/1 far_straight=0/0 circle_cnt=0/0/0/0 lost=0/0 conf=87.7/4.2/0.0/0.0 dist=0 begin=0/0 m0=(84,119) ml=(81,78) md=41/1/160 cxcy=84.0,119.6 guide=2.69 atg=-3.0/-33.0/-60.0 pure=0.70/2.49 yaw=-91 cmd=-163 actual=-56 signed=0 rps=5162/4716:2284/2261 duty=16/17 pwm=PWM2:16/PWM1:17 motor=2:16/1:17
CrossDiag: type=CROSS_NONE track=0 half_lr=0/0 nearL=1@29/0@-1 nearNum=54/124 centerNum=54/124 farL=0@-1/0@-1 farNum=0/0 farRaw=0/0 lost=0/0 not_have=0 final=54/73 flags=0/0
LineErr: aim=41 cxcy=84.0,119.6 left=1:2.58@81,73 dx=-3.1 idx=0/18 dist=42/161 right=1:3.53@80,70 dx=-4.5 idx=0/20 dist=40/246 sel=1:2.56@81,74 dx=-3.1 idx=0/20 dist=40/144 edge=1:2.77@80.5,70.0 dx=-3.5 width=51.0 l=55,70 r=106,70
CxScan: raw_ref=80.0 edge=80.5,70.0 best_raw_x=70 best_err=-0.24 best_cxcy=80.2,119.5 scan=0:-20.6,10:-17.8,20:-15.0,30:-12.2,40:-9.2,50:-6.3,60:-3.3,70:-0.2,80:2.8,90:5.8,100:8.7,110:11.6,120:14.5,130:17.3,140:20.0
ATGSeedDiag: seed=1@11,108/1@132,108 begin=7,108 block=5 clip=8
ATGLptDiag: best=29(87.7) imip=19/39 pass=11111 acc=29 ipm=52.2,49.3 inv=48.8,28.9 | 63(4.2) imip=53/73 pass=10101 acc=-1 ipm=110.0,-29.5 inv=84.1,12.0
ATGCircleEntryBreakpoints: side=L near=1@29 seed=43,11 hit=0@43,-1 sharp=0 raw=43.8,12.0 th=0
frame=17 line=1 track=0 cross=0 circle=0(CIRCLE_NONE) round=0 yroad=0 ramp=0 road=0 speed=0 near=54/124 raw=126/105 sel=54/72 far=0/0 far_raw=0/0 l=1@29/0@-1 far_l=0@-1/0@-1 straight=0/1 far_straight=0/0 circle_cnt=0/0/0/0 lost=0/0 conf=86.4/2.6/0.0/0.0 dist=0 begin=0/0 m0=(84,119) ml=(81,78) md=41/1/160 cxcy=84.0,119.6 guide=2.69 atg=-3.0/-35.0/-60.0 pure=0.71/2.50 yaw=-91 cmd=-172 actual=-51 signed=0 rps=5175/4703:2500/2458 duty=16/16 pwm=PWM2:16/PWM1:16 motor=2:16/1:16
CrossDiag: type=CROSS_NONE track=0 half_lr=0/0 nearL=1@29/0@-1 nearNum=54/124 centerNum=54/124 farL=0@-1/0@-1 farNum=0/0 farRaw=0/0 lost=0/0 not_have=0 final=54/72 flags=0/0
LineErr: aim=41 cxcy=84.0,119.6 left=1:2.41@81,76 dx=-2.8 idx=0/17 dist=40/162 right=1:3.40@80,70 dx=-4.3 idx=0/20 dist=40/246 sel=1:2.42@81,74 dx=-2.9 idx=0/20 dist=40/142 edge=1:2.77@80.5,70.0 dx=-3.5 width=51.0 l=55,70 r=106,70
CxScan: raw_ref=80.0 edge=80.5,70.0 best_raw_x=70 best_err=-0.24 best_cxcy=80.2,119.5 scan=0:-20.6,10:-17.8,20:-15.0,30:-12.2,40:-9.2,50:-6.3,60:-3.3,70:-0.2,80:2.8,90:5.8,100:8.7,110:11.6,120:14.5,130:17.3,140:20.0
ATGSeedDiag: seed=1@11,108/1@132,108 begin=7,108 block=5 clip=8
ATGLptDiag: best=29(86.4) imip=19/39 pass=11111 acc=29 ipm=52.2,49.3 inv=48.8,29.0 | 62(2.6) imip=52/72 pass=10101 acc=-1 ipm=109.9,-27.2 inv=84.2,12.2
ATGCircleEntryBreakpoints: side=L near=1@29 seed=42,12 hit=0@42,-1 sharp=0 raw=42.7,12.2 th=0
frame=18 line=1 track=0 cross=0 circle=0(CIRCLE_NONE) round=0 yroad=0 ramp=0 road=0 speed=0 near=52/124 raw=125/105 sel=52/71 far=0/0 far_raw=0/0 l=1@29/0@-1 far_l=0@-1/0@-1 straight=0/1 far_straight=0/0 circle_cnt=0/0/0/0 lost=0/0 conf=79.6/2.5/0.0/0.0 dist=0 begin=0/0 m0=(84,119) ml=(81,78) md=41/1/159 cxcy=84.0,119.6 guide=2.69 atg=-3.0/-37.0/-60.0 pure=0.69/2.63 yaw=-91 cmd=-192 actual=-41 signed=0 rps=5202/4677:2498/2504 duty=16/16 pwm=PWM2:16/PWM1:16 motor=2:16/1:16
CrossDiag: type=CROSS_NONE track=0 half_lr=0/0 nearL=1@29/0@-1 nearNum=52/124 centerNum=52/124 farL=0@-1/0@-1 farNum=0/0 farRaw=0/0 lost=0/0 not_have=0 final=52/71 flags=0/0
LineErr: aim=41 cxcy=84.0,119.6 left=1:2.41@81,76 dx=-2.8 idx=0/17 dist=41/159 right=1:3.40@80,70 dx=-4.3 idx=0/20 dist=40/246 sel=1:2.37@81,74 dx=-2.9 idx=0/20 dist=40/140 edge=1:2.77@80.5,70.0 dx=-3.5 width=51.0 l=55,70 r=106,70
CxScan: raw_ref=80.0 edge=80.5,70.0 best_raw_x=70 best_err=-0.24 best_cxcy=80.2,119.5 scan=0:-20.6,10:-17.8,20:-15.0,30:-12.2,40:-9.2,50:-6.3,60:-3.3,70:-0.2,80:2.8,90:5.8,100:8.7,110:11.6,120:14.5,130:17.3,140:20.0
ATGSeedDiag: seed=1@11,108/1@132,108 begin=7,108 block=5 clip=8
ATGLptDiag: best=29(79.6) imip=19/39 pass=11111 acc=29 ipm=51.0,49.9 inv=47.7,29.2 | 60(2.5) imip=50/70 pass=10101 acc=-1 ipm=109.4,-22.6 inv=84.4,12.8
ATGCircleEntryBreakpoints: side=L near=1@28 seed=43,12 hit=0@43,-1 sharp=0 raw=43.7,12.8 th=0
frame=19 line=1 track=0 cross=0 circle=0(CIRCLE_NONE) round=0 yroad=0 ramp=0 road=0 speed=0 near=52/124 raw=125/105 sel=52/71 far=0/0 far_raw=0/0 l=1@28/0@-1 far_l=0@-1/0@-1 straight=0/1 far_straight=0/0 circle_cnt=0/0/0/0 lost=0/0 conf=87.5/4.1/0.0/0.0 dist=0 begin=0/0 m0=(84,119) ml=(81,78) md=41/1/159 cxcy=84.0,119.6 guide=2.69 atg=-3.0/-38.0/-60.0 pure=0.67/2.66 yaw=-91 cmd=-227 actual=-24 signed=0 rps=5250/4628:2744/2747 duty=16/16 pwm=PWM2:16/PWM1:16 motor=2:16/1:16
CrossDiag: type=CROSS_NONE track=0 half_lr=0/0 nearL=1@28/0@-1 nearNum=52/124 centerNum=52/124 farL=0@-1/0@-1 farNum=0/0 farRaw=0/0 lost=0/0 not_have=0 final=52/71 flags=0/0
LineErr: aim=41 cxcy=84.0,119.6 left=1:2.41@81,76 dx=-2.8 idx=0/17 dist=40/159 right=1:3.75@79,70 dx=-4.8 idx=0/20 dist=40/246 sel=1:2.37@81,74 dx=-2.9 idx=0/20 dist=40/140 edge=1:3.17@80.0,70.0 dx=-4.0 width=50.0 l=55,70 r=105,70
CxScan: raw_ref=80.0 edge=80.0,70.0 best_raw_x=70 best_err=0.15 best_cxcy=80.2,119.5 scan=0:-20.2,10:-17.5,20:-14.7,30:-11.8,40:-8.9,50:-5.9,60:-2.9,70:0.2,80:3.2,90:6.2,100:9.1,110:12.0,120:14.9,130:17.6,140:20.3
ATGSeedDiag: seed=1@12,108/1@132,108 begin=7,108 block=5 clip=8
ATGLptDiag: best=28(87.5) imip=18/38 pass=11111 acc=28 ipm=52.7,51.5 inv=48.7,29.8 | 59(4.1) imip=49/69 pass=10111 acc=-1 ipm=109.2,-20.2 inv=84.4,13.1
ATGCircleEntryBreakpoints: side=L near=1@28 seed=43,12 hit=0@43,-1 sharp=0 raw=43.9,12.8 th=0
ATGCircleEntryBreakpoints: side=L near=1@28 seed=43,12 hit=0@43,-1 sharp=0 raw=43.7,12.8 th=0
frame=21 line=1 track=0 cross=0 circle=0(CIRCLE_NONE) round=0 yroad=0 ramp=0 road=0 speed=0 near=52/124 raw=125/104 sel=52/71 far=0/0 far_raw=0/0 l=1@28/0@-1 far_l=0@-1/0@-1 straight=0/1 far_straight=0/0 circle_cnt=0/0/0/0 lost=0/0 conf=87.5/3.2/0.0/0.0 dist=0 begin=0/0 m0=(84,119) ml=(81,78) md=41/1/159 cxcy=84.0,119.6 guide=2.69 atg=-3.0/-38.0/-60.0 pure=0.67/2.68 yaw=-91 cmd=-262 actual=-6 signed=0 rps=5298/4580:2973/3004 duty=16/15 pwm=PWM2:16/PWM1:15 motor=2:16/1:15
CrossDiag: type=CROSS_NONE track=0 half_lr=0/0 nearL=1@28/0@-1 nearNum=52/124 centerNum=52/124 farL=0@-1/0@-1 farNum=0/0 farRaw=0/0 lost=0/0 not_have=0 final=52/71 flags=0/0
LineErr: aim=41 cxcy=84.0,119.6 left=1:2.41@81,76 dx=-2.8 idx=0/17 dist=41/160 right=1:3.74@79,69 dx=-4.8 idx=0/20 dist=40/246 sel=1:2.37@81,74 dx=-2.9 idx=0/20 dist=40/140 edge=1:3.17@80.0,70.0 dx=-4.0 width=50.0 l=55,70 r=105,70
CxScan: raw_ref=80.0 edge=80.0,70.0 best_raw_x=70 best_err=0.15 best_cxcy=80.2,119.5 scan=0:-20.2,10:-17.5,20:-14.7,30:-11.8,40:-8.9,50:-5.9,60:-2.9,70:0.2,80:3.2,90:6.2,100:9.1,110:12.0,120:14.9,130:17.6,140:20.3
ATGSeedDiag: seed=1@11,108/1@131,107 begin=7,108 block=5 clip=8
ATGLptDiag: best=28(87.5) imip=18/38 pass=11111 acc=28 ipm=52.7,51.5 inv=48.7,29.8 | 1(3.2) imip=0/11 pass=10111 acc=-1 ipm=105.8,113.9 inv=126.3,97.1
ATGCircleEntryBreakpoints: side=L near=1@28 seed=42,13 hit=0@42,-1 sharp=0 raw=42.3,13.0 th=0
frame=22 line=1 track=0 cross=0 circle=0(CIRCLE_NONE) round=0 yroad=0 ramp=0 road=0 speed=0 near=51/124 raw=123/105 sel=51/70 far=0/0 far_raw=0/0 l=1@28/0@-1 far_l=0@-1/0@-1 straight=0/1 far_straight=0/0 circle_cnt=0/0/0/0 lost=0/0 conf=80.0/8.5/0.0/0.0 dist=0 begin=0/0 m0=(84,119) ml=(81,78) md=41/1/157 cxcy=84.0,119.6 guide=2.69 atg=-4.0/-42.0/-60.0 pure=0.78/2.79 yaw=-91 cmd=-265 actual=-5 signed=0 rps=5302/4576:3104/3150 duty=15/15 pwm=PWM2:15/PWM1:15 motor=2:15/1:15
CrossDiag: type=CROSS_NONE track=0 half_lr=0/0 nearL=1@28/0@-1 nearNum=51/124 centerNum=51/124 farL=0@-1/0@-1 farNum=0/0 farRaw=0/0 lost=0/0 not_have=0 final=51/70 flags=0/0
LineErr: aim=41 cxcy=84.0,119.6 left=1:2.41@81,75 dx=-2.8 idx=0/17 dist=41/159 right=1:3.76@79,70 dx=-4.8 idx=0/20 dist=40/246 sel=1:2.39@81,74 dx=-2.9 idx=0/20 dist=40/138 edge=1:3.17@80.0,70.0 dx=-4.0 width=50.0 l=55,70 r=105,70
CxScan: raw_ref=80.0 edge=80.0,70.0 best_raw_x=70 best_err=0.15 best_cxcy=80.2,119.5 scan=0:-20.2,10:-17.5,20:-14.7,30:-11.8,40:-8.9,50:-5.9,60:-2.9,70:0.2,80:3.2,90:6.2,100:9.1,110:12.0,120:14.9,130:17.6,140:20.3
ATGSeedDiag: seed=1@11,108/1@131,108 begin=7,108 block=5 clip=8
ATGLptDiag: best=28(80.0) imip=18/38 pass=11111 acc=28 ipm=51.1,52.0 inv=47.3,30.0 | 1(8.5) imip=0/11 pass=10111 acc=-1 ipm=105.8,114.2 inv=126.7,98.0
ATGCircleEntryBreakpoints: side=L near=1@27 seed=42,13 hit=0@42,-1 sharp=0 raw=42.8,13.8 th=0
frame=23 line=1 track=0 cross=0 circle=0(CIRCLE_NONE) round=0 yroad=0 ramp=0 road=0 speed=0 near=51/124 raw=123/105 sel=51/69 far=0/0 far_raw=0/0 l=1@27/0@-1 far_l=0@-1/0@-1 straight=0/1 far_straight=0/0 circle_cnt=0/0/0/0 lost=0/0 conf=77.9/8.5/0.0/0.0 dist=0 begin=0/0 m0=(84,119) ml=(81,78) md=41/1/155 cxcy=84.0,119.6 guide=2.69 atg=-4.0/-43.0/-60.0 pure=0.78/2.86 yaw=-91 cmd=-273 actual=-1 signed=0 rps=5314/4565:2990/3054 duty=16/15 pwm=PWM2:16/PWM1:15 motor=2:16/1:15
CrossDiag: type=CROSS_NONE track=0 half_lr=0/0 nearL=1@27/0@-1 nearNum=51/124 centerNum=51/124 farL=0@-1/0@-1 farNum=0/0 farRaw=0/0 lost=0/0 not_have=0 final=51/69 flags=0/0
LineErr: aim=41 cxcy=84.0,119.6 left=1:2.41@81,75 dx=-2.9 idx=0/17 dist=40/154 right=1:3.75@79,70 dx=-4.8 idx=0/20 dist=41/247 sel=1:2.41@81,74 dx=-2.9 idx=0/20 dist=40/136 edge=1:3.17@80.0,70.0 dx=-4.0 width=50.0 l=55,70 r=105,70
CxScan: raw_ref=80.0 edge=80.0,70.0 best_raw_x=70 best_err=0.15 best_cxcy=80.2,119.5 scan=0:-20.2,10:-17.5,20:-14.7,30:-11.8,40:-8.9,50:-5.9,60:-2.9,70:0.2,80:3.2,90:6.2,100:9.1,110:12.0,120:14.9,130:17.6,140:20.3
ATGSeedDiag: seed=1@11,108/1@131,108 begin=7,108 block=5 clip=8
ATGLptDiag: best=27(77.9) imip=17/37 pass=11111 acc=27 ipm=52.3,53.9 inv=47.8,30.8 | 1(8.5) imip=0/11 pass=10111 acc=-1 ipm=105.8,114.2 inv=126.7,98.0
ATGCircleEntryBreakpoints: side=L near=1@28 seed=41,13 hit=0@41,-1 sharp=0 raw=41.8,13.2 th=0
frame=24 line=1 track=0 cross=0 circle=0(CIRCLE_NONE) round=0 yroad=0 ramp=0 road=0 speed=0 near=50/124 raw=123/105 sel=50/68 far=0/0 far_raw=0/0 l=1@28/0@-1 far_l=0@-1/0@-1 straight=0/1 far_straight=0/0 circle_cnt=0/0/0/0 lost=0/0 conf=77.7/2.8/0.0/0.0 dist=0 begin=0/0 m0=(84,119) ml=(81,78) md=41/1/153 cxcy=84.0,119.6 guide=2.69 atg=-3.0/-44.0/-60.0 pure=0.75/2.90 yaw=-91 cmd=-274 actual=0 signed=0 rps=5315/4563:3112/3205 duty=15/15 pwm=PWM2:15/PWM1:15 motor=2:15/1:15
CrossDiag: type=CROSS_NONE track=0 half_lr=0/0 nearL=1@28/0@-1 nearNum=50/124 centerNum=50/124 farL=0@-1/0@-1 farNum=0/0 farRaw=0/0 lost=0/0 not_have=0 final=50/68 flags=0/0
LineErr: aim=41 cxcy=84.0,119.6 left=1:2.41@81,75 dx=-2.9 idx=0/17 dist=42/153 right=1:3.75@79,70 dx=-4.8 idx=0/20 dist=41/247 sel=1:2.41@81,74 dx=-2.9 idx=0/20 dist=40/134 edge=1:3.17@80.0,70.0 dx=-4.0 width=50.0 l=55,70 r=105,70
CxScan: raw_ref=80.0 edge=80.0,70.0 best_raw_x=70 best_err=0.15 best_cxcy=80.2,119.5 scan=0:-20.2,10:-17.5,20:-14.7,30:-11.8,40:-8.9,50:-5.9,60:-2.9,70:0.2,80:3.2,90:6.2,100:9.1,110:12.0,120:14.9,130:17.6,140:20.3
ATGSeedDiag: seed=1@11,108/1@131,108 begin=7,108 block=5 clip=8
ATGLptDiag: best=28(77.7) imip=18/38 pass=11111 acc=28 ipm=50.6,52.4 inv=46.8,30.2 | 59(2.8) imip=49/69 pass=10111 acc=-1 ipm=108.7,-20.3 inv=84.2,13.1
ATGCircleEntryBreakpoints: side=L near=1@27 seed=42,13 hit=0@42,-1 sharp=0 raw=42.9,13.8 th=0
frame=25 line=1 track=0 cross=0 circle=0(CIRCLE_NONE) round=0 yroad=0 ramp=0 road=0 speed=0 near=50/124 raw=123/105 sel=50/69 far=0/0 far_raw=0/0 l=1@27/0@-1 far_l=0@-1/0@-1 straight=0/1 far_straight=0/0 circle_cnt=0/0/0/0 lost=0/0 conf=85.5/4.3/0.0/0.0 dist=0 begin=0/0 m0=(84,119) ml=(81,78) md=41/1/155 cxcy=84.0,119.6 guide=2.69 atg=-3.0/-44.0/-60.0 pure=0.75/2.92 yaw=-91 cmd=-271 actual=-2 signed=0 rps=5310/4568:3048/3122 duty=16/15 pwm=PWM2:16/PWM1:15 motor=2:16/1:15
CrossDiag: type=CROSS_NONE track=0 half_lr=0/0 nearL=1@27/0@-1 nearNum=50/124 centerNum=50/124 farL=0@-1/0@-1 farNum=0/0 farRaw=0/0 lost=0/0 not_have=0 final=50/69 flags=0/0
LineErr: aim=41 cxcy=84.0,119.6 left=1:2.41@81,75 dx=-2.9 idx=0/17 dist=42/157 right=1:3.75@79,70 dx=-4.8 idx=0/20 dist=40/246 sel=1:2.41@81,74 dx=-2.9 idx=0/20 dist=40/136 edge=1:3.17@80.0,70.0 dx=-4.0 width=50.0 l=55,70 r=105,70
CxScan: raw_ref=80.0 edge=80.0,70.0 best_raw_x=70 best_err=0.15 best_cxcy=80.2,119.5 scan=0:-20.2,10:-17.5,20:-14.7,30:-11.8,40:-8.9,50:-5.9,60:-2.9,70:0.2,80:3.2,90:6.2,100:9.1,110:12.0,120:14.9,130:17.6,140:20.3
ATGSeedDiag: seed=1@11,108/1@132,108 begin=7,108 block=5 clip=8
ATGLptDiag: best=27(85.5) imip=17/37 pass=11111 acc=27 ipm=52.4,53.9 inv=47.9,30.8 | 60(4.3) imip=50/70 pass=10101 acc=-1 ipm=109.3,-22.5 inv=84.3,12.8
ATGCircleEntryBreakpoints: side=L near=1@27 seed=42,13 hit=0@42,-1 sharp=0 raw=42.8,13.8 th=0
frame=26 line=1 track=0 cross=0 circle=0(CIRCLE_NONE) round=0 yroad=0 ramp=0 road=0 speed=0 near=50/124 raw=123/105 sel=50/69 far=0/0 far_raw=0/0 l=1@27/0@-1 far_l=0@-1/0@-1 straight=0/1 far_straight=0/0 circle_cnt=0/0/0/0 lost=0/0 conf=85.3/4.1/0.0/0.0 dist=0 begin=0/0 m0=(84,119) ml=(81,78) md=41/1/155 cxcy=84.0,119.6 guide=2.69 atg=-4.0/-45.0/-60.0 pure=0.80/2.93 yaw=-91 cmd=-259 actual=-8 signed=0 rps=5294/4584:3187/3224 duty=15/15 pwm=PWM2:15/PWM1:15 motor=2:15/1:15
CrossDiag: type=CROSS_NONE track=0 half_lr=0/0 nearL=1@27/0@-1 nearNum=50/124 centerNum=50/124 farL=0@-1/0@-1 farNum=0/0 farRaw=0/0 lost=0/0 not_have=0 final=50/69 flags=0/0
LineErr: aim=41 cxcy=84.0,119.6 left=1:2.41@81,75 dx=-2.9 idx=0/17 dist=41/155 right=1:3.75@79,70 dx=-4.8 idx=0/20 dist=40/246 sel=1:2.41@81,74 dx=-2.9 idx=0/20 dist=40/136 edge=1:3.17@80.0,70.0 dx=-4.0 width=50.0 l=55,70 r=105,70
CxScan: raw_ref=80.0 edge=80.0,70.0 best_raw_x=70 best_err=0.15 best_cxcy=80.2,119.5 scan=0:-20.2,10:-17.5,20:-14.7,30:-11.8,40:-8.9,50:-5.9,60:-2.9,70:0.2,80:3.2,90:6.2,100:9.1,110:12.0,120:14.9,130:17.6,140:20.3
ATGSeedDiag: seed=1@11,108/1@132,108 begin=7,108 block=5 clip=8
ATGLptDiag: best=27(85.3) imip=17/37 pass=11111 acc=27 ipm=52.3,53.9 inv=47.8,30.8 | 59(4.1) imip=49/69 pass=10111 acc=-1 ipm=109.2,-20.2 inv=84.4,13.1
ATGCircleEntryBreakpoints: side=L near=1@27 seed=42,13 hit=0@42,-1 sharp=0 raw=42.8,13.8 th=0
ATGCircleEntryBreakpoints: side=L near=1@27 seed=42,13 hit=0@42,-1 sharp=0 raw=42.6,13.8 th=0
frame=28 line=1 track=0 cross=0 circle=0(CIRCLE_NONE) round=0 yroad=0 ramp=0 road=0 speed=0 near=50/124 raw=123/105 sel=50/68 far=0/0 far_raw=0/0 l=1@27/0@-1 far_l=0@-1/0@-1 straight=0/1 far_straight=0/0 circle_cnt=0/0/0/0 lost=0/0 conf=84.2/6.9/0.0/0.0 dist=0 begin=0/0 m0=(84,119) ml=(81,78) md=41/1/152 cxcy=84.0,119.6 guide=2.69 atg=-4.0/-47.0/-60.0 pure=0.83/3.02 yaw=-91 cmd=-277 actual=1 signed=0 rps=5319/4559:3327/3302 duty=15/15 pwm=PWM2:15/PWM1:15 motor=2:15/1:15
CrossDiag: type=CROSS_NONE track=0 half_lr=0/0 nearL=1@27/0@-1 nearNum=50/124 centerNum=50/124 farL=0@-1/0@-1 farNum=0/0 farRaw=0/0 lost=0/0 not_have=0 final=50/68 flags=0/0
LineErr: aim=41 cxcy=84.0,119.6 left=1:2.41@81,75 dx=-2.9 idx=0/17 dist=41/152 right=1:3.75@79,70 dx=-4.8 idx=0/20 dist=41/247 sel=1:2.41@81,74 dx=-2.9 idx=0/20 dist=40/134 edge=1:3.17@80.0,70.0 dx=-4.0 width=50.0 l=55,70 r=105,70
CxScan: raw_ref=80.0 edge=80.0,70.0 best_raw_x=70 best_err=0.15 best_cxcy=80.2,119.5 scan=0:-20.2,10:-17.5,20:-14.7,30:-11.8,40:-8.9,50:-5.9,60:-2.9,70:0.2,80:3.2,90:6.2,100:9.1,110:12.0,120:14.9,130:17.6,140:20.3
ATGSeedDiag: seed=1@11,108/1@131,108 begin=7,108 block=5 clip=8
ATGLptDiag: best=27(84.2) imip=17/37 pass=11111 acc=27 ipm=52.1,54.0 inv=47.6,30.8 | 1(6.9) imip=0/11 pass=10111 acc=-1 ipm=105.7,114.2 inv=126.6,98.0
ATGCircleEntryBreakpoints: side=L near=1@26 seed=42,14 hit=0@42,-1 sharp=0 raw=42.7,14.8 th=0
frame=29 line=1 track=0 cross=0 circle=0(CIRCLE_NONE) round=0 yroad=0 ramp=0 road=0 speed=0 near=49/124 raw=122/105 sel=49/68 far=0/0 far_raw=0/0 l=1@26/0@-1 far_l=0@-1/0@-1 straight=0/1 far_straight=0/0 circle_cnt=0/0/0/0 lost=0/0 conf=86.7/2.8/0.0/0.0 dist=0 begin=0/0 m0=(84,119) ml=(81,78) md=41/1/152 cxcy=84.0,119.6 guide=2.69 atg=-4.0/-50.0/-60.0 pure=0.80/3.14 yaw=-91 cmd=-280 actual=3 signed=0 rps=5323/4556:3617/3558 duty=15/14 pwm=PWM2:15/PWM1:14 motor=2:15/1:14
CrossDiag: type=CROSS_NONE track=0 half_lr=0/0 nearL=1@26/0@-1 nearNum=49/124 centerNum=49/124 farL=0@-1/0@-1 farNum=0/0 farRaw=0/0 lost=0/0 not_have=0 final=49/68 flags=0/0
LineErr: aim=41 cxcy=84.0,119.6 left=1:2.44@81,74 dx=-2.9 idx=0/17 dist=41/151 right=1:3.77@79,70 dx=-4.8 idx=0/20 dist=40/247 sel=1:2.45@81,74 dx=-3.0 idx=0/20 dist=40/134 edge=1:3.17@80.0,70.0 dx=-4.0 width=50.0 l=55,70 r=105,70
CxScan: raw_ref=80.0 edge=80.0,70.0 best_raw_x=70 best_err=0.15 best_cxcy=80.2,119.5 scan=0:-20.2,10:-17.5,20:-14.7,30:-11.8,40:-8.9,50:-5.9,60:-2.9,70:0.2,80:3.2,90:6.2,100:9.1,110:12.0,120:14.9,130:17.6,140:20.3
ATGSeedDiag: seed=1@11,108/1@131,108 begin=7,108 block=5 clip=8
ATGLptDiag: best=26(86.7) imip=16/36 pass=11111 acc=26 ipm=52.8,56.2 inv=47.7,31.8 | 59(2.8) imip=49/69 pass=10111 acc=-1 ipm=108.7,-20.2 inv=84.2,13.1
ATGCircleEntryBreakpoints: side=L near=1@25 seed=42,15 hit=0@42,-1 sharp=0 raw=42.8,15.8 th=0
frame=30 line=1 track=0 cross=0 circle=0(CIRCLE_NONE) round=0 yroad=0 ramp=0 road=0 speed=0 near=47/124 raw=121/105 sel=47/66 far=0/0 far_raw=0/0 l=1@25/0@-1 far_l=0@-1/0@-1 straight=0/1 far_straight=0/0 circle_cnt=0/0/0/0 lost=0/0 conf=87.7/3.7/0.0/0.0 dist=0 begin=0/0 m0=(84,119) ml=(82,78) md=41/1/148 cxcy=84.0,119.6 guide=2.06 atg=-4.0/-56.0/-60.0 pure=0.79/3.35 yaw=-70 cmd=-233 actual=12 signed=0 rps=5273/4634:3558/3529 duty=15/15 pwm=PWM2:15/PWM1:15 motor=2:15/1:15
CrossDiag: type=CROSS_NONE track=0 half_lr=0/0 nearL=1@25/0@-1 nearNum=47/124 centerNum=47/124 farL=0@-1/0@-1 farNum=0/0 farRaw=0/0 lost=0/0 not_have=0 final=47/66 flags=0/0
LineErr: aim=41 cxcy=84.0,119.6 left=1:2.09@82,77 dx=-2.4 idx=0/16 dist=39/148 right=1:4.21@79,70 dx=-5.3 idx=0/20 dist=40/246 sel=1:2.12@81,74 dx=-2.6 idx=0/20 dist=40/130 edge=1:2.77@80.5,70.0 dx=-3.5 width=49.0 l=56,70 r=105,70
CxScan: raw_ref=80.0 edge=80.5,70.0 best_raw_x=70 best_err=-0.24 best_cxcy=80.2,119.5 scan=0:-20.6,10:-17.8,20:-15.0,30:-12.2,40:-9.2,50:-6.3,60:-3.3,70:-0.2,80:2.8,90:5.8,100:8.7,110:11.6,120:14.5,130:17.3,140:20.0
ATGSeedDiag: seed=1@11,108/1@131,108 begin=7,108 block=5 clip=8
ATGLptDiag: best=25(87.7) imip=15/35 pass=11111 acc=25 ipm=53.7,58.5 inv=47.8,32.8 | 54(3.7) imip=44/64 pass=10111 acc=-1 ipm=107.1,-8.7 inv=84.3,14.8
ATGCircleEntryBreakpoints: side=L near=1@24 seed=42,16 hit=0@42,-1 sharp=0 raw=42.9,16.9 th=0
frame=31 line=1 track=0 cross=0 circle=0(CIRCLE_NONE) round=0 yroad=0 ramp=0 road=0 speed=0 near=46/124 raw=120/105 sel=46/65 far=0/0 far_raw=0/0 l=1@24/0@-1 far_l=0@-1/0@-1 straight=0/1 far_straight=0/0 circle_cnt=0/0/0/0 lost=0/0 conf=88.2/2.6/0.0/0.0 dist=0 begin=0/0 m0=(84,119) ml=(82,78) md=41/1/145 cxcy=84.0,119.6 guide=1.79 atg=-4.0/-60.0/-60.0 pure=0.82/3.64 yaw=-61 cmd=-216 actual=17 signed=0 rps=5256/4663:3885/3855 duty=14/15 pwm=PWM2:14/PWM1:15 motor=2:14/1:15
CrossDiag: type=CROSS_NONE track=0 half_lr=0/0 nearL=1@24/0@-1 nearNum=46/124 centerNum=46/124 farL=0@-1/0@-1 farNum=0/0 farRaw=0/0 lost=0/0 not_have=0 final=46/65 flags=0/0
LineErr: aim=41 cxcy=84.0,119.6 left=1:1.79@82,76 dx=-2.1 idx=0/16 dist=41/145 right=1:4.85@78,70 dx=-6.1 idx=0/20 dist=40/246 sel=1:1.86@82,73 dx=-2.2 idx=0/20 dist=40/128 edge=1:3.17@80.0,70.0 dx=-4.0 width=48.0 l=56,70 r=104,70
CxScan: raw_ref=80.0 edge=80.0,70.0 best_raw_x=70 best_err=0.15 best_cxcy=80.2,119.5 scan=0:-20.2,10:-17.5,20:-14.7,30:-11.8,40:-8.9,50:-5.9,60:-2.9,70:0.2,80:3.2,90:6.2,100:9.1,110:12.0,120:14.9,130:17.6,140:20.3
ATGSeedDiag: seed=1@12,108/1@130,108 begin=7,108 block=5 clip=8
ATGLptDiag: best=24(88.2) imip=14/34 pass=11111 acc=24 ipm=54.4,60.7 inv=47.9,33.9 | 51(2.6) imip=41/61 pass=10111 acc=-1 ipm=105.4,-1.7 inv=84.1,15.9
ATGCircleEntryBreakpoints: side=L near=1@23 seed=43,18 hit=0@43,-1 sharp=0 raw=43.0,18.0 th=0
frame=32 line=1 track=0 cross=0 circle=0(CIRCLE_NONE) round=0 yroad=0 ramp=0 road=0 speed=0 near=44/124 raw=119/105 sel=44/63 far=0/0 far_raw=0/0 l=1@23/0@-1 far_l=0@-1/0@-1 straight=0/1 far_straight=0/0 circle_cnt=0/0/0/0 lost=0/0 conf=88.9/2.5/0.0/0.0 dist=0 begin=0/0 m0=(84,119) ml=(82,78) md=41/1/141 cxcy=84.0,119.6 guide=1.54 atg=-4.0/-60.0/-60.0 pure=0.83/3.85 yaw=-52 cmd=-200 actual=21 signed=0 rps=5239/4691:3855/3813 duty=14/15 pwm=PWM2:14/PWM1:15 motor=2:14/1:15
CrossDiag: type=CROSS_NONE track=0 half_lr=0/0 nearL=1@23/0@-1 nearNum=44/124 centerNum=44/124 farL=0@-1/0@-1 farNum=0/0 farRaw=0/0 lost=0/0 not_have=0 final=44/63 flags=0/0
LineErr: aim=41 cxcy=84.0,119.6 left=1:1.53@82,74 dx=-1.8 idx=0/16 dist=42/142 right=1:5.39@77,70 dx=-6.8 idx=0/20 dist=40/246 sel=1:1.58@82,73 dx=-1.9 idx=0/20 dist=40/124 edge=1:3.17@80.0,70.0 dx=-4.0 width=46.0 l=57,70 r=103,70
CxScan: raw_ref=80.0 edge=80.0,70.0 best_raw_x=70 best_err=0.15 best_cxcy=80.2,119.5 scan=0:-20.2,10:-17.5,20:-14.7,30:-11.8,40:-8.9,50:-5.9,60:-2.9,70:0.2,80:3.2,90:6.2,100:9.1,110:12.0,120:14.9,130:17.6,140:20.3
ATGSeedDiag: seed=1@12,108/1@130,108 begin=7,108 block=5 clip=8
ATGLptDiag: best=23(88.9) imip=13/33 pass=11111 acc=23 ipm=55.2,63.0 inv=48.0,35.0 | 48(2.5) imip=38/58 pass=10111 acc=-1 ipm=104.5,5.2 inv=84.2,17.1
ATGCircleEntryBreakpoints: side=L near=1@23 seed=41,18 hit=0@41,-1 sharp=0 raw=42.0,18.3 th=0
frame=33 line=1 track=0 cross=0 circle=0(CIRCLE_NONE) round=0 yroad=0 ramp=0 road=0 speed=0 near=43/124 raw=118/105 sel=43/61 far=0/0 far_raw=0/0 l=1@23/0@-1 far_l=0@-1/0@-1 straight=0/1 far_straight=0/0 circle_cnt=0/0/0/0 lost=0/0 conf=85.8/2.3/0.0/0.0 dist=0 begin=0/0 m0=(84,119) ml=(82,78) md=41/1/137 cxcy=84.0,119.6 guide=1.54 atg=-5.0/-60.0/-60.0 pure=0.86/3.98 yaw=-52 cmd=-208 actual=25 signed=0 rps=5250/4680:4094/4088 duty=14/14 pwm=PWM2:14/PWM1:14 motor=2:14/1:14
CrossDiag: type=CROSS_NONE track=0 half_lr=0/0 nearL=1@23/0@-1 nearNum=43/124 centerNum=43/124 farL=0@-1/0@-1 farNum=0/0 farRaw=0/0 lost=0/0 not_have=0 final=43/61 flags=0/0
LineErr: aim=41 cxcy=84.0,119.6 left=1:1.42@82,77 dx=-1.6 idx=0/15 dist=41/141 right=1:5.40@77,71 dx=-6.8 idx=0/20 dist=40/246 sel=1:1.42@82,73 dx=-1.7 idx=0/20 dist=40/120 edge=1:3.17@80.0,70.0 dx=-4.0 width=46.0 l=57,70 r=103,70
CxScan: raw_ref=80.0 edge=80.0,70.0 best_raw_x=70 best_err=0.15 best_cxcy=80.2,119.5 scan=0:-20.2,10:-17.5,20:-14.7,30:-11.8,40:-8.9,50:-5.9,60:-2.9,70:0.2,80:3.2,90:6.2,100:9.1,110:12.0,120:14.9,130:17.6,140:20.3
ATGSeedDiag: seed=1@12,108/1@130,108 begin=7,108 block=5 clip=8
ATGLptDiag: best=23(85.8) imip=13/33 pass=11111 acc=23 ipm=54.3,63.5 inv=47.0,35.3 | 44(2.3) imip=34/54 pass=10111 acc=-1 ipm=103.7,14.5 inv=84.6,18.9
ATGCircleEntryBreakpoints: side=L near=1@23 seed=41,18 hit=0@41,-1 sharp=0 raw=41.9,18.3 th=0
frame=34 line=1 track=0 cross=0 circle=0(CIRCLE_NONE) round=0 yroad=0 ramp=0 road=0 speed=0 near=44/124 raw=118/105 sel=44/62 far=0/0 far_raw=0/0 l=1@23/0@-1 far_l=0@-1/0@-1 straight=0/1 far_straight=0/0 circle_cnt=0/0/0/0 lost=0/0 conf=83.9/4.1/0.0/0.0 dist=0 begin=0/0 m0=(84,119) ml=(82,78) md=41/1/139 cxcy=84.0,119.6 guide=1.54 atg=-6.0/-60.0/-60.0 pure=0.89/3.97 yaw=-53 cmd=-219 actual=31 signed=0 rps=5265/4665:4199/4272 duty=14/14 pwm=PWM2:14/PWM1:14 motor=2:14/1:14
CrossDiag: type=CROSS_NONE track=0 half_lr=0/0 nearL=1@23/0@-1 nearNum=44/124 centerNum=44/124 farL=0@-1/0@-1 farNum=0/0 farRaw=0/0 lost=0/0 not_have=0 final=44/62 flags=0/0
LineErr: aim=41 cxcy=84.0,119.6 left=1:1.52@82,77 dx=-1.7 idx=0/15 dist=40/138 right=1:5.40@77,71 dx=-6.8 idx=0/20 dist=40/246 sel=1:1.69@82,74 dx=-2.0 idx=0/20 dist=40/122 edge=1:3.17@80.0,70.0 dx=-4.0 width=46.0 l=57,70 r=103,70
CxScan: raw_ref=80.0 edge=80.0,70.0 best_raw_x=70 best_err=0.15 best_cxcy=80.2,119.5 scan=0:-20.2,10:-17.5,20:-14.7,30:-11.8,40:-8.9,50:-5.9,60:-2.9,70:0.2,80:3.2,90:6.2,100:9.1,110:12.0,120:14.9,130:17.6,140:20.3
ATGSeedDiag: seed=1@12,108/1@130,108 begin=7,108 block=5 clip=8
ATGLptDiag: best=23(83.9) imip=13/33 pass=11111 acc=23 ipm=54.2,63.5 inv=46.9,35.3 | 1(4.1) imip=0/11 pass=10111 acc=-1 ipm=104.7,114.2 inv=124.2,98.0
ATGCircleEntryBreakpoints: side=L near=1@23 seed=41,18 hit=0@41,-1 sharp=0 raw=41.5,18.2 th=0
frame=35 line=1 track=0 cross=0 circle=0(CIRCLE_NONE) round=0 yroad=0 ramp=0 road=0 speed=0 near=43/124 raw=117/105 sel=43/62 far=0/0 far_raw=0/0 l=1@23/0@-1 far_l=0@-1/0@-1 straight=0/1 far_straight=0/0 circle_cnt=0/0/0/0 lost=0/0 conf=83.9/3.6/0.0/0.0 dist=0 begin=0/0 m0=(84,119) ml=(82,78) md=41/1/138 cxcy=84.0,119.6 guide=1.92 atg=-6.0/-60.0/-60.0 pure=0.96/3.94 yaw=-65 cmd=-221 actual=12 signed=0 rps=5259/4654:4025/3994 duty=14/14 pwm=PWM2:14/PWM1:14 motor=2:14/1:14
CrossDiag: type=CROSS_NONE track=0 half_lr=0/0 nearL=1@23/0@-1 nearNum=43/124 centerNum=43/124 farL=0@-1/0@-1 farNum=0/0 farRaw=0/0 lost=0/0 not_have=0 final=43/62 flags=0/0
LineErr: aim=41 cxcy=84.0,119.6 left=1:1.90@82,77 dx=-2.2 idx=0/15 dist=40/139 right=1:5.32@77,70 dx=-6.7 idx=0/20 dist=40/246 sel=1:2.05@82,74 dx=-2.5 idx=0/20 dist=40/122 edge=1:3.56@79.5,70.0 dx=-4.5 width=47.0 l=56,70 r=103,70
CxScan: raw_ref=80.0 edge=79.5,70.0 best_raw_x=70 best_err=0.54 best_cxcy=80.2,119.5 scan=0:-19.9,10:-17.1,20:-14.3,30:-11.4,40:-8.5,50:-5.5,60:-2.5,70:0.5,80:3.6,90:6.6,100:9.5,110:12.4,120:15.2,130:18.0,140:20.7
ATGSeedDiag: seed=1@12,108/1@130,108 begin=7,108 block=5 clip=8
ATGLptDiag: best=23(83.9) imip=13/33 pass=11111 acc=23 ipm=53.7,63.3 inv=46.5,35.2 | 49(3.6) imip=39/59 pass=10111 acc=-1 ipm=104.9,2.9 inv=84.2,16.7
ATGCircleEntryBreakpoints: side=L near=1@23 seed=42,18 hit=0@42,-1 sharp=0 raw=42.0,18.0 th=0
frame=36 line=1 track=0 cross=0 circle=0(CIRCLE_NONE) round=0 yroad=0 ramp=0 road=0 speed=0 near=44/124 raw=118/105 sel=44/63 far=0/0 far_raw=0/0 l=1@23/0@-1 far_l=0@-1/0@-1 straight=0/1 far_straight=0/0 circle_cnt=0/0/0/0 lost=0/0 conf=88.2/3.8/0.0/0.0 dist=0 begin=0/0 m0=(84,119) ml=(82,78) md=41/1/141 cxcy=84.0,119.6 guide=2.18 atg=-6.0/-60.0/-60.0 pure=0.95/3.80 yaw=-74 cmd=-273 actual=25 signed=0 rps=5325/4576:4393/4255 duty=14/14 pwm=PWM2:14/PWM1:14 motor=2:14/1:14
CrossDiag: type=CROSS_NONE track=0 half_lr=0/0 nearL=1@23/0@-1 nearNum=44/124 centerNum=44/124 farL=0@-1/0@-1 farNum=0/0 farRaw=0/0 lost=0/0 not_have=0 final=44/63 flags=0/0
LineErr: aim=41 cxcy=84.0,119.6 left=1:2.21@82,78 dx=-2.5 idx=0/15 dist=39/144 right=1:4.95@78,70 dx=-6.3 idx=0/20 dist=40/246 sel=1:2.34@81,74 dx=-2.8 idx=0/20 dist=40/124 edge=1:3.17@80.0,70.0 dx=-4.0 width=48.0 l=56,70 r=104,70
CxScan: raw_ref=80.0 edge=80.0,70.0 best_raw_x=70 best_err=0.15 best_cxcy=80.2,119.5 scan=0:-20.2,10:-17.5,20:-14.7,30:-11.8,40:-8.9,50:-5.9,60:-2.9,70:0.2,80:3.2,90:6.2,100:9.1,110:12.0,120:14.9,130:17.6,140:20.3
ATGSeedDiag: seed=1@11,108/1@130,108 begin=7,108 block=5 clip=8
ATGLptDiag: best=23(88.2) imip=13/33 pass=11111 acc=23 ipm=54.1,63.0 inv=47.0,35.0 | 51(3.8) imip=41/61 pass=10111 acc=-1 ipm=105.9,-1.7 inv=84.3,15.9
ATGCircleEntryBreakpoints: side=L near=1@24 seed=41,16 hit=0@41,-1 sharp=0 raw=41.9,16.9 th=0
frame=37 line=1 track=0 cross=0 circle=0(CIRCLE_NONE) round=0 yroad=0 ramp=0 road=0 speed=0 near=45/124 raw=119/105 sel=45/64 far=0/0 far_raw=0/0 l=1@24/0@-1 far_l=0@-1/0@-1 straight=0/1 far_straight=0/0 circle_cnt=0/0/0/0 lost=0/0 conf=87.6/3.9/0.0/0.0 dist=0 begin=0/0 m0=(84,119) ml=(81,78) md=41/1/143 cxcy=84.0,119.6 guide=2.69 atg=-6.0/-60.0/-60.0 pure=0.95/3.64 yaw=-91 cmd=-318 actual=22 signed=0 rps=5375/4503:4312/4257 duty=14/13 pwm=PWM2:14/PWM1:13 motor=2:14/1:13
CrossDiag: type=CROSS_NONE track=0 half_lr=0/0 nearL=1@24/0@-1 nearNum=45/124 centerNum=45/124 farL=0@-1/0@-1 farNum=0/0 farRaw=0/0 lost=0/0 not_have=0 final=45/64 flags=0/0
LineErr: aim=41 cxcy=84.0,119.6 left=1:2.56@81,75 dx=-3.0 idx=0/16 dist=42/145 right=1:4.18@79,70 dx=-5.3 idx=0/20 dist=40/246 sel=1:2.61@81,74 dx=-3.1 idx=0/20 dist=40/126 edge=1:3.17@80.0,70.0 dx=-4.0 width=50.0 l=55,70 r=105,70
CxScan: raw_ref=80.0 edge=80.0,70.0 best_raw_x=70 best_err=0.15 best_cxcy=80.2,119.5 scan=0:-20.2,10:-17.5,20:-14.7,30:-11.8,40:-8.9,50:-5.9,60:-2.9,70:0.2,80:3.2,90:6.2,100:9.1,110:12.0,120:14.9,130:17.6,140:20.3
ATGSeedDiag: seed=1@11,108/1@131,108 begin=7,108 block=5 clip=8
ATGLptDiag: best=24(87.6) imip=14/34 pass=11111 acc=24 ipm=53.3,60.8 inv=46.9,33.9 | 1(3.9) imip=0/11 pass=10111 acc=-1 ipm=105.1,114.2 inv=125.2,98.0
ATGCircleEntryBreakpoints: side=L near=1@24 seed=41,16 hit=0@41,-1 sharp=0 raw=41.7,16.9 th=0
frame=38 line=1 track=0 cross=0 circle=0(CIRCLE_NONE) round=0 yroad=0 ramp=0 road=0 speed=0 near=45/124 raw=119/105 sel=45/64 far=0/0 far_raw=0/0 l=1@24/0@-1 far_l=0@-1/0@-1 straight=0/1 far_straight=0/0 circle_cnt=0/0/0/0 lost=0/0 conf=88.5/3.6/0.0/0.0 dist=0 begin=0/0 m0=(84,119) ml=(81,78) md=41/1/143 cxcy=84.0,119.6 guide=2.94 atg=-7.0/-60.0/-60.0 pure=1.02/3.64 yaw=-100 cmd=-350 actual=25 signed=0 rps=5413/4454:4506/4570 duty=14/13 pwm=PWM2:14/PWM1:13 motor=2:14/1:13
CrossDiag: type=CROSS_NONE track=0 half_lr=0/0 nearL=1@24/0@-1 nearNum=45/124 centerNum=45/124 farL=0@-1/0@-1 farNum=0/0 farRaw=0/0 lost=0/0 not_have=0 final=45/64 flags=0/0
LineErr: aim=41 cxcy=84.0,119.6 left=1:2.95@81,75 dx=-3.5 idx=0/16 dist=41/144 right=1:4.16@79,70 dx=-5.3 idx=0/20 dist=41/247 sel=1:3.00@80,74 dx=-3.6 idx=0/20 dist=40/126 edge=1:3.17@80.0,70.0 dx=-4.0 width=50.0 l=55,70 r=105,70
CxScan: raw_ref=80.0 edge=80.0,70.0 best_raw_x=70 best_err=0.15 best_cxcy=80.2,119.5 scan=0:-20.2,10:-17.5,20:-14.7,30:-11.8,40:-8.9,50:-5.9,60:-2.9,70:0.2,80:3.2,90:6.2,100:9.1,110:12.0,120:14.9,130:17.6,140:20.3
ATGSeedDiag: seed=1@11,108/1@131,108 begin=7,108 block=5 clip=8
ATGLptDiag: best=24(88.5) imip=14/34 pass=11111 acc=24 ipm=53.1,60.7 inv=46.7,33.9 | 57(3.6) imip=47/67 pass=10111 acc=-1 ipm=108.0,-15.6 inv=84.2,13.7
ATGCircleEntryBreakpoints: side=L near=1@25 seed=39,16 hit=0@39,-1 sharp=0 raw=39.9,16.3 th=0
frame=39 line=1 track=0 cross=0 circle=0(CIRCLE_NONE) round=0 yroad=0 ramp=0 road=0 speed=0 near=44/124 raw=118/105 sel=44/63 far=0/0 far_raw=0/0 l=1@25/0@-1 far_l=0@-1/0@-1 straight=0/1 far_straight=0/0 circle_cnt=0/0/0/0 lost=0/0 conf=81.9/3.5/0.0/0.0 dist=0 begin=0/0 m0=(84,119) ml=(81,78) md=41/1/141 cxcy=84.0,119.6 guide=2.94 atg=-8.0/-60.0/-60.0 pure=1.05/3.75 yaw=-100 cmd=-317 actual=8 signed=0 rps=5368/4499:4288/4414 duty=14/13 pwm=PWM2:14/PWM1:13 motor=2:14/1:13
CrossDiag: type=CROSS_NONE track=0 half_lr=0/0 nearL=1@25/0@-1 nearNum=44/124 centerNum=44/124 farL=0@-1/0@-1 farNum=0/0 farRaw=0/0 lost=0/0 not_have=0 final=44/63 flags=0/0
LineErr: aim=41 cxcy=84.0,119.6 left=1:2.99@80,75 dx=-3.6 idx=0/16 dist=42/141 right=1:4.16@79,70 dx=-5.3 idx=0/20 dist=41/247 sel=1:3.03@80,74 dx=-3.7 idx=0/20 dist=40/124 edge=1:3.17@80.0,70.0 dx=-4.0 width=50.0 l=55,70 r=105,70
CxScan: raw_ref=80.0 edge=80.0,70.0 best_raw_x=70 best_err=0.15 best_cxcy=80.2,119.5 scan=0:-20.2,10:-17.5,20:-14.7,30:-11.8,40:-8.9,50:-5.9,60:-2.9,70:0.2,80:3.2,90:6.2,100:9.1,110:12.0,120:14.9,130:17.6,140:20.3
ATGSeedDiag: seed=1@11,108/1@130,108 begin=7,108 block=5 clip=8
ATGLptDiag: best=25(81.9) imip=15/35 pass=11111 acc=25 ipm=50.6,59.5 inv=44.9,33.3 | 1(3.5) imip=0/11 pass=10111 acc=-1 ipm=105.2,114.2 inv=125.3,97.9
ATGCircleEntryBreakpoints: side=L near=1@23 seed=41,18 hit=0@41,-1 sharp=0 raw=41.0,18.0 th=0
frame=40 line=1 track=0 cross=0 circle=0(CIRCLE_NONE) round=0 yroad=0 ramp=0 road=0 speed=0 near=43/124 raw=117/105 sel=43/62 far=0/0 far_raw=0/0 l=1@23/0@-1 far_l=0@-1/0@-1 straight=0/1 far_straight=0/0 circle_cnt=0/0/0/0 lost=0/0 conf=86.1/2.4/0.0/0.0 dist=0 begin=0/0 m0=(84,119) ml=(81,78) md=41/1/138 cxcy=84.0,119.6 guide=2.94 atg=-8.0/-60.0/-60.0 pure=1.10/3.84 yaw=-100 cmd=-315 actual=7 signed=0 rps=5365/4501:4356/4527 duty=14/13 pwm=PWM2:14/PWM1:13 motor=2:14/1:13
CrossDiag: type=CROSS_NONE track=0 half_lr=0/0 nearL=1@23/0@-1 nearNum=43/124 centerNum=43/124 farL=0@-1/0@-1 farNum=0/0 farRaw=0/0 lost=0/0 not_have=0 final=43/62 flags=0/0
LineErr: aim=41 cxcy=84.0,119.6 left=1:2.91@81,78 dx=-3.3 idx=0/15 dist=39/142 right=1:4.16@79,70 dx=-5.3 idx=0/20 dist=40/246 sel=1:3.10@80,74 dx=-3.7 idx=0/20 dist=40/122 edge=1:3.17@80.0,70.0 dx=-4.0 width=50.0 l=55,70 r=105,70
CxScan: raw_ref=80.0 edge=80.0,70.0 best_raw_x=70 best_err=0.15 best_cxcy=80.2,119.5 scan=0:-20.2,10:-17.5,20:-14.7,30:-11.8,40:-8.9,50:-5.9,60:-2.9,70:0.2,80:3.2,90:6.2,100:9.1,110:12.0,120:14.9,130:17.6,140:20.3
ATGSeedDiag: seed=1@11,108/1@130,108 begin=7,108 block=5 clip=8
ATGLptDiag: best=23(86.1) imip=13/33 pass=11111 acc=23 ipm=53.1,63.0 inv=46.0,35.0 | 54(2.4) imip=44/64 pass=10111 acc=-1 ipm=107.5,-8.7 inv=84.5,14.8
ATGCircleEntryBreakpoints: side=L near=1@23 seed=41,18 hit=0@41,-1 sharp=0 raw=41.1,18.1 th=0
frame=41 line=1 track=0 cross=0 circle=0(CIRCLE_NONE) round=0 yroad=0 ramp=0 road=0 speed=0 near=43/124 raw=117/105 sel=43/62 far=0/0 far_raw=0/0 l=1@23/0@-1 far_l=0@-1/0@-1 straight=0/1 far_straight=0/0 circle_cnt=0/0/0/0 lost=0/0 conf=85.8/5.2/0.0/0.0 dist=0 begin=0/0 m0=(84,119) ml=(81,78) md=41/1/138 cxcy=84.0,119.6 guide=2.82 atg=-8.0/-60.0/-60.0 pure=1.07/3.96 yaw=-96 cmd=-292 actual=2 signed=0 rps=5336/4536:4436/4537 duty=14/13 pwm=PWM2:14/PWM1:13 motor=2:14/1:13
CrossDiag: type=CROSS_NONE track=0 half_lr=0/0 nearL=1@23/0@-1 nearNum=43/124 centerNum=43/124 farL=0@-1/0@-1 farNum=0/0 farRaw=0/0 lost=0/0 not_have=0 final=43/62 flags=0/0
LineErr: aim=41 cxcy=84.0,119.6 left=1:2.65@81,77 dx=-3.0 idx=0/15 dist=39/138 right=1:4.56@78,70 dx=-5.8 idx=0/20 dist=41/247 sel=1:2.77@81,74 dx=-3.3 idx=0/20 dist=40/122 edge=1:3.56@79.5,70.0 dx=-4.5 width=49.0 l=55,70 r=104,70
CxScan: raw_ref=80.0 edge=79.5,70.0 best_raw_x=70 best_err=0.54 best_cxcy=80.2,119.5 scan=0:-19.9,10:-17.1,20:-14.3,30:-11.4,40:-8.5,50:-5.5,60:-2.5,70:0.5,80:3.6,90:6.6,100:9.5,110:12.4,120:15.2,130:18.0,140:20.7
ATGSeedDiag: seed=1@11,108/1@130,108 begin=7,108 block=5 clip=8
ATGLptDiag: best=23(85.8) imip=13/33 pass=11111 acc=23 ipm=53.1,63.2 inv=46.1,35.1 | 1(5.2) imip=0/11 pass=10111 acc=-1 ipm=105.1,114.2 inv=125.2,97.9
ATGCircleEntryBreakpoints: side=L near=1@23 seed=40,18 hit=0@40,-1 sharp=0 raw=40.1,18.3 th=0
frame=42 line=1 track=0 cross=0 circle=0(CIRCLE_NONE) round=0 yroad=0 ramp=0 road=0 speed=0 near=42/124 raw=116/105 sel=42/61 far=0/0 far_raw=0/0 l=1@23/0@-1 far_l=0@-1/0@-1 straight=0/1 far_straight=0/0 circle_cnt=0/0/0/0 lost=0/0 conf=84.5/3.1/0.0/0.0 dist=0 begin=0/0 m0=(84,119) ml=(81,78) md=41/1/136 cxcy=84.0,119.6 guide=2.82 atg=-9.0/-60.0/-60.0 pure=1.14/4.15 yaw=-96 cmd=-320 actual=16 signed=0 rps=5374/4498:4198/4303 duty=14/13 pwm=PWM2:14/PWM1:13 motor=2:14/1:13
CrossDiag: type=CROSS_NONE track=0 half_lr=0/0 nearL=1@23/0@-1 nearNum=42/124 centerNum=42/124 farL=0@-1/0@-1 farNum=0/0 farRaw=0/0 lost=0/0 not_have=0 final=42/61 flags=0/0
LineErr: aim=41 cxcy=84.0,119.6 left=1:2.73@81,77 dx=-3.2 idx=0/15 dist=40/136 right=1:4.66@78,70 dx=-5.9 idx=0/20 dist=40/246 sel=1:2.87@81,74 dx=-3.5 idx=0/20 dist=40/120 edge=1:3.56@79.5,70.0 dx=-4.5 width=49.0 l=55,70 r=104,70
CxScan: raw_ref=80.0 edge=79.5,70.0 best_raw_x=70 best_err=0.54 best_cxcy=80.2,119.5 scan=0:-19.9,10:-17.1,20:-14.3,30:-11.4,40:-8.5,50:-5.5,60:-2.5,70:0.5,80:3.6,90:6.6,100:9.5,110:12.4,120:15.2,130:18.0,140:20.7
ATGSeedDiag: seed=1@11,108/1@130,108 begin=7,108 block=5 clip=8
ATGLptDiag: best=23(84.5) imip=13/33 pass=11111 acc=23 ipm=52.3,63.6 inv=45.1,35.3 | 51(3.1) imip=41/61 pass=10111 acc=-1 ipm=105.9,-1.7 inv=84.3,15.9
ATGCircleEntryBreakpoints: side=L near=1@22 seed=40,19 hit=0@40,-1 sharp=0 raw=40.4,19.5 th=0
frame=43 line=1 track=0 cross=0 circle=0(CIRCLE_NONE) round=0 yroad=0 ramp=0 road=0 speed=0 near=41/124 raw=115/105 sel=41/60 far=0/0 far_raw=0/0 l=1@22/0@-1 far_l=0@-1/0@-1 straight=0/1 far_straight=0/0 circle_cnt=0/0/0/0 lost=0/0 conf=85.8/3.3/0.0/0.0 dist=0 begin=0/0 m0=(84,119) ml=(81,78) md=41/1/134 cxcy=84.0,119.6 guide=2.44 atg=-9.0/-60.0/-60.0 pure=1.15/4.31 yaw=-83 cmd=-255 actual=3 signed=0 rps=5294/4596:4403/4440 duty=14/14 pwm=PWM2:14/PWM1:14 motor=2:14/1:14
CrossDiag: type=CROSS_NONE track=0 half_lr=0/0 nearL=1@22/0@-1 nearNum=41/124 centerNum=41/124 farL=0@-1/0@-1 farNum=0/0 farRaw=0/0 lost=0/0 not_have=0 final=41/60 flags=0/0
LineErr: aim=41 cxcy=84.0,119.6 left=1:2.50@81,76 dx=-2.9 idx=0/15 dist=42/136 right=1:4.99@78,70 dx=-6.3 idx=0/20 dist=40/246 sel=1:2.63@81,74 dx=-3.2 idx=0/20 dist=40/118 edge=1:3.56@79.5,70.0 dx=-4.5 width=49.0 l=55,70 r=104,70
CxScan: raw_ref=80.0 edge=79.5,70.0 best_raw_x=70 best_err=0.54 best_cxcy=80.2,119.5 scan=0:-19.9,10:-17.1,20:-14.3,30:-11.4,40:-8.5,50:-5.5,60:-2.5,70:0.5,80:3.6,90:6.6,100:9.5,110:12.4,120:15.2,130:18.0,140:20.7
ATGSeedDiag: seed=1@11,108/1@129,108 begin=7,108 block=5 clip=8
ATGLptDiag: best=22(85.8) imip=12/32 pass=11111 acc=22 ipm=53.2,65.7 inv=45.4,36.5 | 1(3.3) imip=0/11 pass=10111 acc=-1 ipm=104.7,114.2 inv=124.3,97.9
ATGCircleEntryBreakpoints: side=L near=1@22 seed=40,19 hit=0@40,-1 sharp=0 raw=40.4,19.5 th=0
frame=44 line=1 track=0 cross=0 circle=0(CIRCLE_NONE) round=0 yroad=0 ramp=0 road=0 speed=0 near=41/124 raw=115/105 sel=41/60 far=0/0 far_raw=0/0 l=1@22/0@-1 far_l=0@-1/0@-1 straight=0/1 far_straight=0/0 circle_cnt=0/0/0/0 lost=0/0 conf=86.9/3.6/0.0/0.0 dist=0 begin=0/0 m0=(84,119) ml=(81,78) md=41/1/134 cxcy=84.0,119.6 guide=2.44 atg=-9.0/-60.0/-60.0 pure=1.15/4.33 yaw=-83 cmd=-221 actual=-14 signed=0 rps=5247/4642:4372/4336 duty=14/14 pwm=PWM2:14/PWM1:14 motor=2:14/1:14
CrossDiag: type=CROSS_NONE track=0 half_lr=0/0 nearL=1@22/0@-1 nearNum=41/124 centerNum=41/124 farL=0@-1/0@-1 farNum=0/0 farRaw=0/0 lost=0/0 not_have=0 final=41/60 flags=0/0
LineErr: aim=41 cxcy=84.0,119.6 left=1:2.50@81,76 dx=-2.9 idx=0/15 dist=42/135 right=1:4.99@78,70 dx=-6.3 idx=0/20 dist=40/246 sel=1:2.63@81,74 dx=-3.2 idx=0/20 dist=40/118 edge=1:3.56@79.5,70.0 dx=-4.5 width=49.0 l=55,70 r=104,70
CxScan: raw_ref=80.0 edge=79.5,70.0 best_raw_x=70 best_err=0.54 best_cxcy=80.2,119.5 scan=0:-19.9,10:-17.1,20:-14.3,30:-11.4,40:-8.5,50:-5.5,60:-2.5,70:0.5,80:3.6,90:6.6,100:9.5,110:12.4,120:15.2,130:18.0,140:20.7
ATGSeedDiag: seed=1@11,108/1@129,108 begin=7,108 block=5 clip=8
ATGLptDiag: best=22(86.9) imip=12/32 pass=11111 acc=22 ipm=53.2,65.7 inv=45.4,36.5 | 51(3.6) imip=41/61 pass=10111 acc=-1 ipm=105.4,-1.7 inv=84.1,15.9
ATGCircleEntryBreakpoints: side=L near=1@22 seed=40,19 hit=0@40,-1 sharp=0 raw=40.2,19.4 th=0
frame=45 line=1 track=0 cross=0 circle=0(CIRCLE_NONE) round=0 yroad=0 ramp=0 road=0 speed=0 near=41/124 raw=115/105 sel=41/60 far=0/0 far_raw=0/0 l=1@22/0@-1 far_l=0@-1/0@-1 straight=0/1 far_straight=0/0 circle_cnt=0/0/0/0 lost=0/0 conf=86.7/3.8/0.0/0.0 dist=0 begin=0/0 m0=(84,119) ml=(81,78) md=41/1/133 cxcy=84.0,119.6 guide=2.94 atg=-10.0/-60.0/-60.0 pure=1.20/4.32 yaw=-100 cmd=-240 actual=-30 signed=0 rps=5262/4605:4810/4747 duty=13/13 pwm=PWM2:13/PWM1:13 motor=2:13/1:13
CrossDiag: type=CROSS_NONE track=0 half_lr=0/0 nearL=1@22/0@-1 nearNum=41/124 centerNum=41/124 farL=0@-1/0@-1 farNum=0/0 farRaw=0/0 lost=0/0 not_have=0 final=41/60 flags=0/0
LineErr: aim=41 cxcy=84.0,119.6 left=1:2.86@81,76 dx=-3.4 idx=0/15 dist=42/137 right=1:4.95@78,70 dx=-6.3 idx=0/20 dist=40/246 sel=1:2.99@80,74 dx=-3.6 idx=0/20 dist=40/118 edge=1:3.56@79.5,70.0 dx=-4.5 width=49.0 l=55,70 r=104,70
CxScan: raw_ref=80.0 edge=79.5,70.0 best_raw_x=70 best_err=0.54 best_cxcy=80.2,119.5 scan=0:-19.9,10:-17.1,20:-14.3,30:-11.4,40:-8.5,50:-5.5,60:-2.5,70:0.5,80:3.6,90:6.6,100:9.5,110:12.4,120:15.2,130:18.0,140:20.7
ATGSeedDiag: seed=1@11,108/1@129,108 begin=7,108 block=5 clip=8
ATGLptDiag: best=22(86.7) imip=12/32 pass=11111 acc=22 ipm=53.0,65.6 inv=45.2,36.4 | 51(3.8) imip=41/61 pass=10111 acc=-1 ipm=105.9,-1.8 inv=84.3,15.9
ATGCircleEntryBreakpoints: side=L near=1@22 seed=39,19 hit=0@39,-1 sharp=0 raw=39.4,19.5 th=0
ATGCircleEntryBreakpoints: side=L near=1@22 seed=39,19 hit=0@39,-1 sharp=0 raw=39.4,19.5 th=0
ATGCircleEntryBreakpoints: side=L near=1@21 seed=39,20 hit=0@39,-1 sharp=0 raw=39.8,20.6 th=0
frame=48 line=1 track=0 cross=0 circle=0(CIRCLE_NONE) round=0 yroad=0 ramp=0 road=0 speed=0 near=39/124 raw=113/105 sel=39/59 far=0/0 far_raw=0/0 l=1@21/0@-1 far_l=0@-1/0@-1 straight=0/1 far_straight=0/0 circle_cnt=0/0/0/0 lost=0/0 conf=87.5/4.0/0.0/0.0 dist=0 begin=0/0 m0=(84,119) ml=(81,78) md=41/1/132 cxcy=84.0,119.6 guide=2.94 atg=-13.0/-60.0/-60.0 pure=1.32/4.52 yaw=-100 cmd=-225 actual=-38 signed=0 rps=5242/4625:5386/5291 duty=12/13 pwm=PWM2:12/PWM1:13 motor=2:12/1:13
CrossDiag: type=CROSS_NONE track=0 half_lr=0/0 nearL=1@21/0@-1 nearNum=39/124 centerNum=39/124 farL=0@-1/0@-1 farNum=0/0 farRaw=0/0 lost=0/0 not_have=0 final=39/59 flags=0/0
LineErr: aim=41 cxcy=84.0,119.6 left=1:2.87@81,78 dx=-3.2 idx=0/14 dist=40/133 right=1:4.56@78,70 dx=-5.8 idx=0/20 dist=40/246 sel=1:3.15@80,74 dx=-3.8 idx=0/20 dist=40/116 edge=1:3.95@79.0,70.0 dx=-5.0 width=50.0 l=54,70 r=104,70
CxScan: raw_ref=80.0 edge=79.0,70.0 best_raw_x=65 best_err=-0.57 best_cxcy=78.3,119.5 scan=0:-19.5,10:-16.8,20:-13.9,30:-11.0,40:-8.1,50:-5.1,60:-2.1,70:0.9,80:4.0,90:6.9,100:9.9,110:12.8,120:15.6,130:18.3,140:21.0
ATGSeedDiag: seed=1@11,108/1@130,108 begin=7,108 block=5 clip=8
ATGLptDiag: best=21(87.5) imip=11/31 pass=11111 acc=21 ipm=53.3,67.8 inv=44.8,37.6 | 50(4.0) imip=40/60 pass=10111 acc=-1 ipm=107.3,0.6 inv=85.2,16.3
ATGCircleEntryBreakpoints: side=L near=1@21 seed=39,20 hit=0@39,-1 sharp=0 raw=39.5,20.7 th=0
frame=49 line=1 track=0 cross=0 circle=0(CIRCLE_NONE) round=0 yroad=0 ramp=0 road=0 speed=0 near=39/124 raw=113/105 sel=39/58 far=0/0 far_raw=0/0 l=1@21/0@-1 far_l=0@-1/0@-1 straight=0/1 far_straight=0/0 circle_cnt=0/0/0/0 lost=0/0 conf=88.3/2.9/0.0/0.0 dist=0 begin=0/0 m0=(84,119) ml=(81,78) md=41/1/129 cxcy=84.0,119.6 guide=3.07 atg=-13.0/-60.0/-60.0 pure=1.36/4.63 yaw=-104 cmd=-237 actual=-38 signed=0 rps=5256/4605:5121/5005 duty=13/13 pwm=PWM2:13/PWM1:13 motor=2:13/1:13
CrossDiag: type=CROSS_NONE track=0 half_lr=0/0 nearL=1@21/0@-1 nearNum=39/124 centerNum=39/124 farL=0@-1/0@-1 farNum=0/0 farRaw=0/0 lost=0/0 not_have=0 final=39/58 flags=0/0
LineErr: aim=41 cxcy=84.0,119.6 left=1:2.97@81,78 dx=-3.4 idx=0/14 dist=40/133 right=1:4.57@78,70 dx=-5.8 idx=0/20 dist=40/246 sel=1:3.24@80,74 dx=-3.9 idx=0/20 dist=40/114 edge=1:3.95@79.0,70.0 dx=-5.0 width=50.0 l=54,70 r=104,70
CxScan: raw_ref=80.0 edge=79.0,70.0 best_raw_x=65 best_err=-0.57 best_cxcy=78.3,119.5 scan=0:-19.5,10:-16.8,20:-13.9,30:-11.0,40:-8.1,50:-5.1,60:-2.1,70:0.9,80:4.0,90:6.9,100:9.9,110:12.8,120:15.6,130:18.3,140:21.0
ATGSeedDiag: seed=1@11,108/1@130,108 begin=7,108 block=5 clip=8
ATGLptDiag: best=21(88.3) imip=11/31 pass=11111 acc=21 ipm=53.0,68.0 inv=44.5,37.7 | 48(2.9) imip=38/58 pass=10111 acc=-1 ipm=106.3,5.2 inv=85.2,17.1
ATGCircleEntryBreakpoints: side=L near=1@20 seed=39,21 hit=0@39,-1 sharp=0 raw=39.9,21.9 th=0
frame=50 line=1 track=0 cross=0 circle=0(CIRCLE_NONE) round=0 yroad=0 ramp=0 road=0 speed=0 near=38/124 raw=112/105 sel=38/57 far=0/0 far_raw=0/0 l=1@20/0@-1 far_l=0@-1/0@-1 straight=0/1 far_straight=0/0 circle_cnt=0/0/0/0 lost=0/0 conf=91.0/7.8/0.0/0.0 dist=0 begin=0/0 m0=(84,119) ml=(81,78) md=41/1/126 cxcy=84.0,119.6 guide=2.94 atg=-13.0/-60.0/-60.0 pure=1.38/4.77 yaw=-100 cmd=-241 actual=-30 signed=0 rps=5264/4603:5292/5219 duty=13/13 pwm=PWM2:13/PWM1:13 motor=2:13/1:13
CrossDiag: type=CROSS_NONE track=0 half_lr=0/0 nearL=1@20/0@-1 nearNum=38/124 centerNum=38/124 farL=0@-1/0@-1 farNum=0/0 farRaw=0/0 lost=0/0 not_have=0 final=38/57 flags=0/0
LineErr: aim=41 cxcy=84.0,119.6 left=1:2.74@81,77 dx=-3.2 idx=0/14 dist=41/130 right=1:4.97@78,70 dx=-6.3 idx=0/20 dist=40/246 sel=1:3.00@80,74 dx=-3.6 idx=0/20 dist=40/112 edge=1:3.95@79.0,70.0 dx=-5.0 width=50.0 l=54,70 r=104,70
CxScan: raw_ref=80.0 edge=79.0,70.0 best_raw_x=65 best_err=-0.57 best_cxcy=78.3,119.5 scan=0:-19.5,10:-16.8,20:-13.9,30:-11.0,40:-8.1,50:-5.1,60:-2.1,70:0.9,80:4.0,90:6.9,100:9.9,110:12.8,120:15.6,130:18.3,140:21.0
ATGSeedDiag: seed=1@11,108/1@129,108 begin=7,108 block=5 clip=8
ATGLptDiag: best=20(91.0) imip=10/30 pass=11111 acc=20 ipm=54.2,70.0 inv=44.9,38.9 | 1(7.8) imip=0/11 pass=10111 acc=-1 ipm=104.9,114.2 inv=124.7,98.0
ATGCircleEntryBreakpoints: side=L near=1@20 seed=39,21 hit=0@39,-1 sharp=0 raw=39.8,22.0 th=0
frame=51 line=1 track=0 cross=0 circle=0(CIRCLE_NONE) round=0 yroad=0 ramp=0 road=0 speed=0 near=38/124 raw=112/105 sel=38/57 far=0/0 far_raw=0/0 l=1@20/0@-1 far_l=0@-1/0@-1 straight=0/1 far_straight=0/0 circle_cnt=0/0/0/0 lost=0/0 conf=91.6/3.0/0.0/0.0 dist=0 begin=0/0 m0=(84,119) ml=(81,78) md=41/1/126 cxcy=84.0,119.6 guide=2.94 atg=-13.0/-60.0/-60.0 pure=1.38/4.83 yaw=-100 cmd=-157 actual=-71 signed=0 rps=5149/4718:4857/4915 duty=13/13 pwm=PWM2:13/PWM1:13 motor=2:13/1:13
CrossDiag: type=CROSS_NONE track=0 half_lr=0/0 nearL=1@20/0@-1 nearNum=38/124 centerNum=38/124 farL=0@-1/0@-1 farNum=0/0 farRaw=0/0 lost=0/0 not_have=0 final=38/57 flags=0/0
LineErr: aim=41 cxcy=84.0,119.6 left=1:2.79@81,77 dx=-3.2 idx=0/14 dist=42/132 right=1:4.97@78,70 dx=-6.3 idx=0/20 dist=40/246 sel=1:3.04@80,74 dx=-3.7 idx=0/20 dist=40/112 edge=1:3.95@79.0,70.0 dx=-5.0 width=50.0 l=54,70 r=104,70
CxScan: raw_ref=80.0 edge=79.0,70.0 best_raw_x=65 best_err=-0.57 best_cxcy=78.3,119.5 scan=0:-19.5,10:-16.8,20:-13.9,30:-11.0,40:-8.1,50:-5.1,60:-2.1,70:0.9,80:4.0,90:6.9,100:9.9,110:12.8,120:15.6,130:18.3,140:21.0
ATGSeedDiag: seed=1@11,108/1@129,108 begin=7,108 block=5 clip=8
ATGLptDiag: best=20(91.6) imip=10/30 pass=11111 acc=20 ipm=54.1,70.1 inv=44.8,39.0 | 46(3.0) imip=36/56 pass=10111 acc=-1 ipm=105.4,9.8 inv=85.1,18.0
ATGCircleEntryBreakpoints: side=L near=1@21 seed=37,21 hit=0@37,-1 sharp=0 raw=37.7,21.2 th=0
frame=52 line=1 track=0 cross=0 circle=0(CIRCLE_NONE) round=0 yroad=0 ramp=0 road=0 speed=0 near=37/124 raw=111/105 sel=37/57 far=0/0 far_raw=0/0 l=1@21/0@-1 far_l=0@-1/0@-1 straight=0/1 far_straight=0/0 circle_cnt=0/0/0/0 lost=0/0 conf=83.7/5.8/0.0/0.0 dist=0 begin=0/0 m0=(84,119) ml=(81,78) md=41/1/127 cxcy=84.0,119.6 guide=3.08 atg=-16.0/-60.0/-60.0 pure=1.47/4.78 yaw=-105 cmd=-135 actual=-89 signed=0 rps=5116/4745:5038/4960 duty=12/13 pwm=PWM2:12/PWM1:13 motor=2:12/1:13
CrossDiag: type=CROSS_NONE track=0 half_lr=0/0 nearL=1@21/0@-1 nearNum=37/124 centerNum=37/124 farL=0@-1/0@-1 farNum=0/0 farRaw=0/0 lost=0/0 not_have=0 final=37/57 flags=0/0
LineErr: aim=41 cxcy=84.0,119.6 left=1:3.13@80,77 dx=-3.6 idx=0/14 dist=42/129 right=1:4.55@78,70 dx=-5.8 idx=0/20 dist=40/246 sel=1:3.38@80,74 dx=-4.1 idx=0/20 dist=40/112 edge=1:4.34@78.5,70.0 dx=-5.5 width=51.0 l=53,70 r=104,70
CxScan: raw_ref=80.0 edge=78.5,70.0 best_raw_x=65 best_err=-0.18 best_cxcy=78.3,119.5 scan=0:-19.2,10:-16.4,20:-13.6,30:-10.7,40:-7.7,50:-4.7,60:-1.7,70:1.3,80:4.3,90:7.3,100:10.3,110:13.1,120:16.0,130:18.7,140:21.3
ATGSeedDiag: seed=1@10,108/1@129,108 begin=7,108 block=5 clip=8
ATGLptDiag: best=21(83.7) imip=11/31 pass=11111 acc=21 ipm=51.5,68.7 inv=42.7,38.2 | 1(5.8) imip=0/11 pass=10111 acc=-1 ipm=104.8,114.2 inv=124.6,97.9
ATGCircleEntryBreakpoints: side=L near=1@21 seed=38,20 hit=0@38,-1 sharp=0 raw=38.6,20.8 th=0
frame=53 line=1 track=0 cross=0 circle=0(CIRCLE_NONE) round=0 yroad=0 ramp=0 road=0 speed=0 near=38/124 raw=112/105 sel=38/58 far=0/0 far_raw=0/0 l=1@21/0@-1 far_l=0@-1/0@-1 straight=0/1 far_straight=0/0 circle_cnt=0/0/0/0 lost=0/0 conf=88.4/4.5/0.0/0.0 dist=0 begin=0/0 m0=(84,119) ml=(80,78) md=41/1/129 cxcy=84.0,119.6 guide=3.71 atg=-16.0/-60.0/-60.0 pure=1.48/4.68 yaw=-126 cmd=-254 actual=-62 signed=0 rps=5264/4568:5235/4982 duty=13/13 pwm=PWM2:13/PWM1:13 motor=2:13/1:13
CrossDiag: type=CROSS_NONE track=0 half_lr=0/0 nearL=1@21/0@-1 nearNum=38/124 centerNum=38/124 farL=0@-1/0@-1 farNum=0/0 farRaw=0/0 lost=0/0 not_have=0 final=38/58 flags=0/0
LineErr: aim=41 cxcy=84.0,119.6 left=1:3.55@80,78 dx=-4.1 idx=0/14 dist=41/131 right=1:3.75@79,70 dx=-4.8 idx=0/20 dist=40/246 sel=1:3.68@80,74 dx=-4.4 idx=0/20 dist=40/114 edge=1:3.95@79.0,70.0 dx=-5.0 width=52.0 l=53,70 r=105,70
CxScan: raw_ref=80.0 edge=79.0,70.0 best_raw_x=65 best_err=-0.57 best_cxcy=78.3,119.5 scan=0:-19.5,10:-16.8,20:-13.9,30:-11.0,40:-8.1,50:-5.1,60:-2.1,70:0.9,80:4.0,90:6.9,100:9.9,110:12.8,120:15.6,130:18.3,140:21.0
ATGSeedDiag: seed=1@10,108/1@130,108 begin=7,108 block=5 clip=8
ATGLptDiag: best=21(88.4) imip=11/31 pass=11111 acc=21 ipm=52.1,68.0 inv=43.6,37.8 | 51(4.5) imip=41/61 pass=10111 acc=-1 ipm=108.9,-1.7 inv=85.9,15.9
ATGCircleEntryBreakpoints: side=L near=1@21 seed=38,20 hit=0@38,-1 sharp=0 raw=38.7,20.7 th=0
frame=54 line=1 track=0 cross=0 circle=0(CIRCLE_NONE) round=0 yroad=0 ramp=0 road=0 speed=0 near=38/124 raw=112/104 sel=38/58 far=0/0 far_raw=0/0 l=1@21/0@-1 far_l=0@-1/0@-1 straight=0/1 far_straight=0/0 circle_cnt=0/0/0/0 lost=0/0 conf=89.6/2.4/0.0/0.0 dist=0 begin=0/0 m0=(84,119) ml=(80,78) md=41/1/129 cxcy=84.0,119.6 guide=3.84 atg=-16.0/-60.0/-60.0 pure=1.47/4.61 yaw=-131 cmd=-328 actual=-32 signed=0 rps=5363/4463:5303/4824 duty=13/12 pwm=PWM2:13/PWM1:12 motor=2:13/1:12
CrossDiag: type=CROSS_NONE track=0 half_lr=0/0 nearL=1@21/0@-1 nearNum=38/124 centerNum=38/124 farL=0@-1/0@-1 farNum=0/0 farRaw=0/0 lost=0/0 not_have=0 final=38/58 flags=0/0
LineErr: aim=41 cxcy=84.0,119.6 left=1:3.68@80,78 dx=-4.2 idx=0/14 dist=40/131 right=1:3.30@80,69 dx=-4.2 idx=0/20 dist=40/246 sel=1:3.93@79,74 dx=-4.7 idx=0/20 dist=40/114 edge=1:3.56@79.5,70.0 dx=-4.5 width=53.0 l=53,70 r=106,70
CxScan: raw_ref=80.0 edge=79.5,70.0 best_raw_x=70 best_err=0.54 best_cxcy=80.2,119.5 scan=0:-19.9,10:-17.1,20:-14.3,30:-11.4,40:-8.5,50:-5.5,60:-2.5,70:0.5,80:3.6,90:6.6,100:9.5,110:12.4,120:15.2,130:18.0,140:20.7
ATGSeedDiag: seed=1@10,108/1@130,107 begin=7,108 block=5 clip=8
ATGLptDiag: best=21(89.6) imip=11/31 pass=11111 acc=21 ipm=52.2,67.9 inv=43.7,37.7 | 54(2.4) imip=44/64 pass=10111 acc=-1 ipm=110.6,-8.9 inv=86.1,14.7
ATGCircleEntryBreakpoints: side=L near=1@21 seed=37,20 hit=0@37,-1 sharp=0 raw=37.9,20.8 th=0
frame=55 line=1 track=0 cross=0 circle=0(CIRCLE_NONE) round=0 yroad=0 ramp=0 road=0 speed=0 near=38/124 raw=111/105 sel=38/58 far=0/0 far_raw=0/0 l=1@21/0@-1 far_l=0@-1/0@-1 straight=0/1 far_straight=0/0 circle_cnt=0/0/0/0 lost=0/0 conf=87.9/3.0/0.0/0.0 dist=0 begin=0/0 m0=(84,119) ml=(79,78) md=41/1/129 cxcy=84.0,119.6 guide=4.22 atg=-17.0/-60.0/-60.0 pure=1.57/4.64 yaw=-338 cmd=-738 actual=-28 signed=0 rps=5786/3764:6100/5494 duty=13/9 pwm=PWM2:13/PWM1:9 motor=2:13/1:9
CrossDiag: type=CROSS_NONE track=0 half_lr=0/0 nearL=1@21/0@-1 nearNum=38/124 centerNum=38/124 farL=0@-1/0@-1 farNum=0/0 farRaw=0/0 lost=0/0 not_have=0 final=38/58 flags=0/0
LineErr: aim=41 cxcy=84.0,119.6 left=1:4.12@79,77 dx=-4.7 idx=0/14 dist=40/132 right=1:2.71@81,69 dx=-3.5 idx=0/20 dist=40/246 sel=1:4.33@79,74 dx=-5.2 idx=0/20 dist=40/114 edge=1:3.17@80.0,70.0 dx=-4.0 width=54.0 l=53,70 r=107,70
CxScan: raw_ref=80.0 edge=80.0,70.0 best_raw_x=70 best_err=0.15 best_cxcy=80.2,119.5 scan=0:-20.2,10:-17.5,20:-14.7,30:-11.8,40:-8.9,50:-5.9,60:-2.9,70:0.2,80:3.2,90:6.2,100:9.1,110:12.0,120:14.9,130:17.6,140:20.3
ATGSeedDiag: seed=1@10,108/1@131,108 begin=7,108 block=5 clip=8
ATGLptDiag: best=21(87.9) imip=11/31 pass=11111 acc=21 ipm=51.4,68.0 inv=42.9,37.8 | 58(3.0) imip=48/68 pass=10111 acc=-1 ipm=112.8,-17.8 inv=86.3,13.4
ATGCircleEntryBreakpoints: side=L near=1@22 seed=37,19 hit=0@37,-1 sharp=0 raw=37.3,19.7 th=0
frame=56 line=1 track=0 cross=0 circle=0(CIRCLE_NONE) round=0 yroad=0 ramp=0 road=0 speed=0 near=38/124 raw=112/105 sel=38/58 far=0/0 far_raw=0/0 l=1@22/0@-1 far_l=0@-1/0@-1 straight=0/1 far_straight=0/0 circle_cnt=0/0/0/0 lost=0/0 conf=87.8/2.9/0.0/0.0 dist=0 begin=0/0 m0=(84,119) ml=(79,79) md=40/1/129 cxcy=84.0,119.6 guide=4.36 atg=-19.0/-60.0/-60.0 pure=1.59/4.58 yaw=-348 cmd=-748 actual=-51 signed=0 rps=5793/3742:6468/5962 duty=13/8 pwm=PWM2:13/PWM1:8 motor=2:13/1:8
CrossDiag: type=CROSS_NONE track=0 half_lr=0/0 nearL=1@22/0@-1 nearNum=38/124 centerNum=38/124 farL=0@-1/0@-1 farNum=0/0 farRaw=0/0 lost=0/0 not_have=0 final=38/58 flags=0/0
LineErr: aim=41 cxcy=84.0,119.6 left=1:4.39@79,78 dx=-5.0 idx=0/14 dist=40/131 right=1:2.50@81,69 dx=-3.2 idx=0/20 dist=40/246 sel=1:4.59@79,74 dx=-5.5 idx=0/20 dist=40/114 edge=1:3.56@79.5,70.0 dx=-4.5 width=55.0 l=52,70 r=107,70
CxScan: raw_ref=80.0 edge=79.5,70.0 best_raw_x=70 best_err=0.54 best_cxcy=80.2,119.5 scan=0:-19.9,10:-17.1,20:-14.3,30:-11.4,40:-8.5,50:-5.5,60:-2.5,70:0.5,80:3.6,90:6.6,100:9.5,110:12.4,120:15.2,130:18.0,140:20.7
ATGSeedDiag: seed=1@10,108/1@131,108 begin=7,108 block=5 clip=8
ATGLptDiag: best=22(87.8) imip=12/32 pass=11111 acc=22 ipm=50.0,66.0 inv=42.3,36.7 | 62(2.9) imip=52/72 pass=10101 acc=-1 ipm=114.4,-27.0 inv=86.2,12.2
ATGCircleEntryBreakpoints: side=L near=1@22 seed=37,19 hit=0@37,-1 sharp=0 raw=37.3,19.5 th=0
frame=57 line=1 track=0 cross=0 circle=0(CIRCLE_NONE) round=0 yroad=0 ramp=0 road=0 speed=0 near=39/124 raw=112/105 sel=39/59 far=0/0 far_raw=0/0 l=1@22/0@-1 far_l=0@-1/0@-1 straight=0/1 far_straight=0/0 circle_cnt=0/0/0/0 lost=0/0 conf=86.7/2.7/0.0/0.0 dist=0 begin=0/0 m0=(84,119) ml=(79,79) md=40/1/130 cxcy=84.0,119.6 guide=4.87 atg=-19.0/-60.0/-60.0 pure=1.63/4.49 yaw=-390 cmd=-790 actual=-83 signed=0 rps=5823/3657:7049/6735 duty=12/7 pwm=PWM2:12/PWM1:7 motor=2:12/1:7
CrossDiag: type=CROSS_NONE track=0 half_lr=0/0 nearL=1@22/0@-1 nearNum=39/124 centerNum=39/124 farL=0@-1/0@-1 farNum=0/0 farRaw=0/0 lost=0/0 not_have=0 final=39/59 flags=0/0
LineErr: aim=41 cxcy=84.0,119.6 left=1:4.72@79,78 dx=-5.3 idx=0/14 dist=40/133 right=1:2.13@81,69 dx=-2.7 idx=0/20 dist=40/246 sel=1:4.90@78,74 dx=-5.9 idx=0/20 dist=40/116 edge=1:3.56@79.5,70.0 dx=-4.5 width=55.0 l=52,70 r=107,70
CxScan: raw_ref=80.0 edge=79.5,70.0 best_raw_x=70 best_err=0.54 best_cxcy=80.2,119.5 scan=0:-19.9,10:-17.1,20:-14.3,30:-11.4,40:-8.5,50:-5.5,60:-2.5,70:0.5,80:3.6,90:6.6,100:9.5,110:12.4,120:15.2,130:18.0,140:20.7
ATGSeedDiag: seed=1@9,108/1@131,108 begin=7,108 block=5 clip=8
ATGLptDiag: best=22(86.7) imip=12/32 pass=11111 acc=22 ipm=50.0,65.7 inv=42.3,36.5 | 66(2.7) imip=56/76 pass=10101 acc=-1 ipm=116.1,-36.2 inv=86.2,11.2
ATGCircleEntryBreakpoints: side=L near=1@22 seed=36,19 hit=0@36,-1 sharp=0 raw=36.3,19.8 th=0
ATGCircleEntryBreakpoints: side=L near=1@21 seed=36,20 hit=0@36,-1 sharp=0 raw=36.7,20.9 th=0
frame=59 line=1 track=0 cross=0 circle=0(CIRCLE_NONE) round=0 yroad=0 ramp=0 road=0 speed=0 near=37/124 raw=110/105 sel=37/57 far=0/0 far_raw=0/0 l=1@21/0@-1 far_l=0@-1/0@-1 straight=0/1 far_straight=0/0 circle_cnt=0/0/0/0 lost=0/0 conf=89.0/4.5/0.0/0.0 dist=0 begin=0/0 m0=(84,119) ml=(79,79) md=40/1/127 cxcy=84.0,119.6 guide=4.99 atg=-22.0/-60.0/-60.0 pure=1.73/4.82 yaw=-399 cmd=-799 actual=-11 signed=0 rps=5829/3639:6138/5946 duty=14/8 pwm=PWM2:14/PWM1:8 motor=2:14/1:8
CrossDiag: type=CROSS_NONE track=0 half_lr=0/0 nearL=1@21/0@-1 nearNum=37/124 centerNum=37/124 farL=0@-1/0@-1 farNum=0/0 farRaw=0/0 lost=0/0 not_have=0 final=37/57 flags=0/0
LineErr: aim=41 cxcy=84.0,119.6 left=1:4.99@78,77 dx=-5.8 idx=0/14 dist=42/129 right=1:2.21@81,69 dx=-2.9 idx=0/20 dist=41/247 sel=1:5.17@78,74 dx=-6.2 idx=0/20 dist=40/112 edge=1:3.56@79.5,70.0 dx=-4.5 width=55.0 l=52,70 r=107,70
CxScan: raw_ref=80.0 edge=79.5,70.0 best_raw_x=70 best_err=0.54 best_cxcy=80.2,119.5 scan=0:-19.9,10:-17.1,20:-14.3,30:-11.4,40:-8.5,50:-5.5,60:-2.5,70:0.5,80:3.6,90:6.6,100:9.5,110:12.4,120:15.2,130:18.0,140:20.7
ATGSeedDiag: seed=1@10,108/1@131,108 begin=7,108 block=5 clip=8
ATGLptDiag: best=21(89.0) imip=11/31 pass=11111 acc=21 ipm=50.2,68.1 inv=41.7,37.9 | 63(4.5) imip=53/73 pass=10101 acc=-1 ipm=115.1,-29.2 inv=86.4,12.0
ATGCircleEntryBreakpoints: side=L near=1@19 seed=37,23 hit=0@37,-1 sharp=0 raw=37.2,23.3 th=0
frame=60 line=1 track=0 cross=0 circle=0(CIRCLE_NONE) round=0 yroad=0 ramp=0 road=0 speed=0 near=35/124 raw=108/105 sel=35/55 far=0/0 far_raw=0/0 l=1@19/0@-1 far_l=0@-1/0@-1 straight=0/1 far_straight=0/0 circle_cnt=0/0/0/0 lost=0/0 conf=90.2/3.4/0.0/0.0 dist=0 begin=0/0 m0=(84,119) ml=(79,79) md=40/1/121 cxcy=84.0,119.6 guide=4.86 atg=-23.0/-60.0/-60.0 pure=1.85/5.12 yaw=-389 cmd=-789 actual=-2 signed=0 rps=5822/3659:5619/5482 duty=14/8 pwm=PWM2:14/PWM1:8 motor=2:14/1:8
CrossDiag: type=CROSS_NONE track=0 half_lr=0/0 nearL=1@19/0@-1 nearNum=35/124 centerNum=35/124 farL=0@-1/0@-1 farNum=0/0 farRaw=0/0 lost=0/0 not_have=0 final=35/55 flags=0/0
LineErr: aim=41 cxcy=84.0,119.6 left=1:4.69@79,79 dx=-5.2 idx=0/13 dist=40/125 right=1:2.71@81,69 dx=-3.5 idx=0/20 dist=40/246 sel=1:5.08@78,74 dx=-6.1 idx=0/20 dist=40/108 edge=1:3.98@79.0,70.5 dx=-5.0 width=56.0 l=51,71 r=107,70
CxScan: raw_ref=80.0 edge=79.0,70.5 best_raw_x=65 best_err=-0.58 best_cxcy=78.3,119.5 scan=0:-19.6,10:-16.9,20:-14.0,30:-11.1,40:-8.1,50:-5.1,60:-2.1,70:0.9,80:4.0,90:7.0,100:10.0,110:12.9,120:15.7,130:18.5,140:21.1
ATGSeedDiag: seed=1@10,108/1@131,108 begin=7,108 block=5 clip=8
ATGLptDiag: best=19(90.2) imip=9/29 pass=11111 acc=19 ipm=52.2,72.2 inv=42.2,40.3 | 59(3.4) imip=49/69 pass=10111 acc=-1 ipm=113.0,-20.1 inv=86.2,13.1
ATGCircleEntryBreakpoints: side=L near=1@19 seed=36,23 hit=0@36,-1 sharp=0 raw=36.4,23.8 th=0
frame=61 line=1 track=0 cross=0 circle=0(CIRCLE_NONE) round=0 yroad=0 ramp=0 road=0 speed=0 near=34/124 raw=107/105 sel=34/54 far=0/0 far_raw=0/0 l=1@19/0@-1 far_l=0@-1/0@-1 straight=0/1 far_straight=0/0 circle_cnt=0/0/0/0 lost=0/0 conf=88.4/3.0/0.0/0.0 dist=0 begin=0/0 m0=(84,119) ml=(79,79) md=40/1/119 cxcy=84.0,119.6 guide=4.52 atg=-24.0/-60.0/-60.0 pure=1.89/5.38 yaw=-361 cmd=-761 actual=-30 signed=0 rps=5803/3715:5571/5488 duty=14/9 pwm=PWM2:14/PWM1:9 motor=2:14/1:9
CrossDiag: type=CROSS_NONE track=0 half_lr=0/0 nearL=1@19/0@-1 nearNum=34/124 centerNum=34/124 farL=0@-1/0@-1 farNum=0/0 farRaw=0/0 lost=0/0 not_have=0 final=34/54 flags=0/0
LineErr: aim=41 cxcy=84.0,119.6 left=1:4.29@79,77 dx=-4.9 idx=0/13 dist=41/123 right=1:3.34@80,69 dx=-4.3 idx=0/20 dist=40/246 sel=1:4.64@78,74 dx=-5.6 idx=0/20 dist=40/106 edge=1:5.23@77.5,71.5 dx=-6.5 width=57.1 l=49,73 r=106,70
CxScan: raw_ref=80.0 edge=77.5,71.5 best_raw_x=65 best_err=0.62 best_cxcy=78.3,119.5 scan=0:-18.8,10:-16.0,20:-13.1,30:-10.1,40:-7.1,50:-4.0,60:-0.9,70:2.2,80:5.2,90:8.3,100:11.3,110:14.2,120:17.0,130:19.8,140:22.4
ATGSeedDiag: seed=1@10,108/1@130,108 begin=7,108 block=5 clip=8
ATGLptDiag: best=19(88.4) imip=9/29 pass=11111 acc=19 ipm=51.7,72.9 inv=41.4,40.8 | 51(3.0) imip=41/61 pass=10111 acc=-1 ipm=109.9,-1.7 inv=86.4,15.9
ATGCircleEntryBreakpoints: side=L near=1@18 seed=36,25 hit=0@36,-1 sharp=0 raw=36.3,25.2 th=0
frame=62 line=1 track=0 cross=0 circle=0(CIRCLE_NONE) round=0 yroad=0 ramp=0 road=2 speed=0 near=33/124 raw=105/105 sel=33/53 far=0/0 far_raw=0/0 l=1@18/0@-1 far_l=0@-1/0@-1 straight=0/1 far_straight=0/0 circle_cnt=0/0/0/0 lost=0/0 conf=89.7/4.0/0.0/0.0 dist=0 begin=0/0 m0=(84,119) ml=(79,79) md=40/1/117 cxcy=84.0,119.6 guide=2.91 atg=-30.0/-60.0/-60.0 pure=2.05/5.57 yaw=-99 cmd=-146 actual=-75 signed=0 rps=5134/4734:5471/5368 duty=12/13 pwm=PWM2:12/PWM1:13 motor=2:12/1:13
CrossDiag: type=CROSS_NONE track=0 half_lr=0/0 nearL=1@18/0@-1 nearNum=33/124 centerNum=33/124 farL=0@-1/0@-1 farNum=0/0 farRaw=0/0 lost=0/0 not_have=0 final=33/53 flags=0/0
LineErr: aim=41 cxcy=84.0,119.6 left=1:3.92@80,80 dx=-4.3 idx=0/12 dist=39/121 right=1:4.19@79,70 dx=-5.3 idx=0/20 dist=40/246 sel=1:4.60@79,74 dx=-5.5 idx=0/20 dist=40/104 edge=1:6.11@76.5,72.5 dx=-7.5 width=57.2 l=48,75 r=105,70
CxScan: raw_ref=80.0 edge=76.5,72.5 best_raw_x=60 best_err=-0.12 best_cxcy=76.4,119.5 scan=0:-18.3,10:-15.4,20:-12.5,30:-9.4,40:-6.4,50:-3.3,60:-0.1,70:3.0,80:6.1,90:9.2,100:12.2,110:15.1,120:18.0,130:20.7,140:23.4
ATGSeedDiag: seed=1@10,108/1@129,108 begin=7,108 block=5 clip=8
ATGLptDiag: best=18(89.7) imip=8/28 pass=11111 acc=18 ipm=52.4,75.1 inv=41.3,42.2 | 48(4.0) imip=38/58 pass=10111 acc=-1 ipm=107.8,5.3 inv=86.0,17.1
ATGCircleEntryBreakpoints: side=L near=1@17 seed=37,26 hit=0@37,-1 sharp=0 raw=37.2,26.5 th=0
frame=63 line=1 track=0 cross=0 circle=0(CIRCLE_NONE) round=0 yroad=0 ramp=0 road=2 speed=0 near=33/124 raw=105/105 sel=33/53 far=0/0 far_raw=0/0 l=1@17/0@-1 far_l=0@-1/0@-1 straight=0/1 far_straight=0/0 circle_cnt=0/0/0/0 lost=0/0 conf=90.8/3.1/0.0/0.0 dist=0 begin=0/0 m0=(84,119) ml=(79,79) md=40/1/118 cxcy=84.0,119.6 guide=2.92 atg=-30.0/-60.0/-60.0 pure=2.06/5.58 yaw=-99 cmd=-40 actual=-129 signed=0 rps=4988/4880:5041/4936 duty=12/14 pwm=PWM2:12/PWM1:14 motor=2:12/1:14
CrossDiag: type=CROSS_NONE track=0 half_lr=0/0 nearL=1@17/0@-1 nearNum=33/124 centerNum=33/124 farL=0@-1/0@-1 farNum=0/0 farRaw=0/0 lost=0/0 not_have=0 final=33/53 flags=0/0
LineErr: aim=41 cxcy=84.0,119.6 left=1:3.92@80,80 dx=-4.3 idx=0/12 dist=39/122 right=1:4.48@78,70 dx=-5.7 idx=0/20 dist=41/247 sel=1:4.60@79,74 dx=-5.5 idx=0/20 dist=40/104 edge=1:6.52@76.0,72.5 dx=-8.0 width=56.2 l=48,75 r=104,70
CxScan: raw_ref=80.0 edge=76.0,72.5 best_raw_x=60 best_err=0.29 best_cxcy=76.4,119.5 scan=0:-18.0,10:-15.1,20:-12.1,30:-9.1,40:-6.0,50:-2.8,60:0.3,70:3.4,80:6.5,90:9.6,100:12.6,110:15.5,120:18.4,130:21.1,140:23.8
ATGSeedDiag: seed=1@10,108/1@129,108 begin=7,108 block=5 clip=8
ATGLptDiag: best=17(90.8) imip=7/27 pass=11111 acc=17 ipm=53.9,76.8 inv=42.2,43.5 | 46(3.1) imip=36/56 pass=10111 acc=-1 ipm=107.1,9.9 inv=86.1,18.0
ATGCircleEntryBreakpoints: side=L near=1@18 seed=36,25 hit=0@36,-1 sharp=0 raw=36.0,25.2 th=0
frame=64 line=1 track=0 cross=0 circle=0(CIRCLE_NONE) round=0 yroad=0 ramp=0 road=2 speed=0 near=33/124 raw=105/105 sel=33/53 far=0/0 far_raw=0/0 l=1@18/0@-1 far_l=0@-1/0@-1 straight=0/1 far_straight=0/0 circle_cnt=0/0/0/0 lost=0/0 conf=87.5/3.0/0.0/0.0 dist=0 begin=0/0 m0=(84,119) ml=(79,79) md=40/1/118 cxcy=84.0,119.6 guide=3.14 atg=-31.0/-60.0/-60.0 pure=2.07/5.54 yaw=-107 cmd=18 actual=-169 signed=0 rps=4904/4954:5069/4879 duty=12/14 pwm=PWM2:12/PWM1:14 motor=2:12/1:14
CrossDiag: type=CROSS_NONE track=0 half_lr=0/0 nearL=1@18/0@-1 nearNum=33/124 centerNum=33/124 farL=0@-1/0@-1 farNum=0/0 farRaw=0/0 lost=0/0 not_have=0 final=33/53 flags=0/0
LineErr: aim=41 cxcy=84.0,119.6 left=1:4.24@79,80 dx=-4.6 idx=0/12 dist=39/120 right=1:4.11@79,69 dx=-5.3 idx=0/20 dist=40/246 sel=1:4.88@78,74 dx=-5.9 idx=0/20 dist=40/104 edge=1:6.11@76.5,72.5 dx=-7.5 width=57.2 l=48,75 r=105,70
CxScan: raw_ref=80.0 edge=76.5,72.5 best_raw_x=60 best_err=-0.12 best_cxcy=76.4,119.5 scan=0:-18.3,10:-15.4,20:-12.5,30:-9.4,40:-6.4,50:-3.3,60:-0.1,70:3.0,80:6.1,90:9.2,100:12.2,110:15.1,120:18.0,130:20.7,140:23.4
ATGSeedDiag: seed=1@9,108/1@129,108 begin=7,108 block=5 clip=8
ATGLptDiag: best=18(87.5) imip=8/28 pass=11111 acc=18 ipm=52.1,75.0 inv=41.0,42.2 | 46(3.0) imip=36/56 pass=10111 acc=-1 ipm=108.6,9.9 inv=86.9,18.0
ATGCircleEntryBreakpoints: side=L near=1@18 seed=36,25 hit=0@36,-1 sharp=0 raw=36.8,25.0 th=0
frame=65 line=1 track=0 cross=0 circle=0(CIRCLE_NONE) round=0 yroad=0 ramp=0 road=2 speed=0 near=33/124 raw=106/105 sel=33/53 far=0/0 far_raw=0/0 l=1@18/0@-1 far_l=0@-1/0@-1 straight=0/1 far_straight=0/0 circle_cnt=0/0/0/0 lost=0/0 conf=92.2/4.4/0.0/0.0 dist=0 begin=0/0 m0=(84,119) ml=(79,79) md=40/1/117 cxcy=84.0,119.6 guide=3.36 atg=-27.0/-60.0/-60.0 pure=1.99/5.50 yaw=-114 cmd=52 actual=-197 signed=0 rps=4852/4996:4962/4691 duty=12/15 pwm=PWM2:12/PWM1:15 motor=2:12/1:15
CrossDiag: type=CROSS_NONE track=0 half_lr=0/0 nearL=1@18/0@-1 nearNum=33/124 centerNum=33/124 farL=0@-1/0@-1 farNum=0/0 farRaw=0/0 lost=0/0 not_have=0 final=33/53 flags=0/0
LineErr: aim=41 cxcy=84.0,119.6 left=1:4.50@79,81 dx=-4.9 idx=0/12 dist=39/119 right=1:3.37@80,69 dx=-4.3 idx=0/20 dist=40/246 sel=1:4.95@78,74 dx=-5.9 idx=0/20 dist=40/104 edge=1:5.67@77.0,72.0 dx=-7.0 width=58.1 l=48,74 r=106,70
CxScan: raw_ref=80.0 edge=77.0,72.0 best_raw_x=60 best_err=-0.52 best_cxcy=76.4,119.5 scan=0:-18.6,10:-15.7,20:-12.8,30:-9.8,40:-6.7,50:-3.6,60:-0.5,70:2.6,80:5.7,90:8.7,100:11.7,110:14.6,120:17.5,130:20.3,140:22.9
ATGSeedDiag: seed=1@9,108/1@129,108 begin=7,108 block=5 clip=8
ATGLptDiag: best=18(92.2) imip=8/28 pass=11111 acc=18 ipm=52.7,74.7 inv=41.8,42.0 | 50(4.4) imip=40/60 pass=10111 acc=-1 ipm=110.7,0.8 inv=87.1,16.3
ATGCircleEntryBreakpoints: side=L near=1@18 seed=35,25 hit=0@35,-1 sharp=0 raw=35.2,25.2 th=0
frame=66 line=1 track=0 cross=0 circle=0(CIRCLE_NONE) round=0 yroad=0 ramp=0 road=2 speed=0 near=32/124 raw=103/105 sel=32/52 far=0/0 far_raw=0/0 l=1@18/0@-1 far_l=0@-1/0@-1 straight=0/1 far_straight=0/0 circle_cnt=0/0/0/0 lost=0/0 conf=87.8/5.4/0.0/0.0 dist=0 begin=0/0 m0=(84,119) ml=(79,79) md=40/1/115 cxcy=84.0,119.6 guide=3.46 atg=-32.0/-60.0/-60.0 pure=2.16/5.59 yaw=-117 cmd=148 actual=-250 signed=0 rps=4718/5125:5319/5000 duty=11/15 pwm=PWM2:11/PWM1:15 motor=2:11/1:15
CrossDiag: type=CROSS_NONE track=0 half_lr=0/0 nearL=1@18/0@-1 nearNum=32/124 centerNum=32/124 farL=0@-1/0@-1 farNum=0/0 farRaw=0/0 lost=0/0 not_have=0 final=32/52 flags=0/0
LineErr: aim=41 cxcy=84.0,119.6 left=1:4.64@79,79 dx=-5.1 idx=0/12 dist=40/120 right=1:2.68@81,69 dx=-3.5 idx=0/20 dist=40/246 sel=1:5.03@78,74 dx=-6.0 idx=0/20 dist=40/102 edge=1:5.71@77.0,72.5 dx=-7.0 width=60.2 l=47,75 r=107,70
CxScan: raw_ref=80.0 edge=77.0,72.5 best_raw_x=60 best_err=-0.53 best_cxcy=76.4,119.5 scan=0:-18.7,10:-15.8,20:-12.9,30:-9.8,40:-6.8,50:-3.7,60:-0.5,70:2.6,80:5.7,90:8.8,100:11.8,110:14.7,120:17.6,130:20.4,140:23.1
ATGSeedDiag: seed=1@10,107/1@130,108 begin=7,108 block=5 clip=8
ATGLptDiag: best=18(87.8) imip=8/28 pass=11111 acc=18 ipm=51.4,75.0 inv=40.2,42.2 | 1(5.4) imip=0/11 pass=10111 acc=-1 ipm=105.4,114.2 inv=125.7,98.0
ATGCircleEntryBreakpoints: side=L near=1@18 seed=35,25 hit=0@35,-1 sharp=0 raw=35.6,25.4 th=0
frame=67 line=1 track=0 cross=0 circle=0(CIRCLE_NONE) round=0 yroad=0 ramp=0 road=2 speed=0 near=32/124 raw=105/105 sel=32/52 far=0/0 far_raw=0/0 l=1@18/0@-1 far_l=0@-1/0@-1 straight=0/1 far_straight=0/0 circle_cnt=0/0/0/0 lost=0/0 conf=90.4/3.4/0.0/0.0 dist=0 begin=0/0 m0=(84,119) ml=(79,79) md=40/1/115 cxcy=84.0,119.6 guide=3.35 atg=-31.0/-60.0/-60.0 pure=2.13/5.72 yaw=-114 cmd=196 actual=-269 signed=0 rps=4656/5193:5650/5537 duty=10/14 pwm=PWM2:10/PWM1:14 motor=2:10/1:14
CrossDiag: type=CROSS_NONE track=0 half_lr=0/0 nearL=1@18/0@-1 nearNum=32/124 centerNum=32/124 farL=0@-1/0@-1 farNum=0/0 farRaw=0/0 lost=0/0 not_have=0 final=32/52 flags=0/0
LineErr: aim=41 cxcy=84.0,119.6 left=1:4.43@79,80 dx=-4.9 idx=0/12 dist=39/119 right=1:2.39@81,69 dx=-3.1 idx=0/20 dist=40/246 sel=1:5.07@78,74 dx=-6.1 idx=0/20 dist=40/102 edge=1:5.75@77.0,73.0 dx=-7.0 width=60.3 l=47,76 r=107,70
CxScan: raw_ref=80.0 edge=77.0,73.0 best_raw_x=60 best_err=-0.53 best_cxcy=76.4,119.5 scan=0:-18.8,10:-15.9,20:-13.0,30:-9.9,40:-6.8,50:-3.7,60:-0.5,70:2.6,80:5.8,90:8.8,100:11.9,110:14.8,120:17.7,130:20.5,140:23.2
ATGSeedDiag: seed=1@10,108/1@131,108 begin=7,108 block=5 clip=8
ATGLptDiag: best=18(90.4) imip=8/28 pass=11111 acc=18 ipm=51.8,75.3 inv=40.6,42.4 | 52(3.4) imip=42/62 pass=10111 acc=-1 ipm=113.4,-3.8 inv=88.0,15.5
ATGCircleEntryBreakpoints: side=L near=1@17 seed=36,26 hit=0@36,-1 sharp=0 raw=36.4,26.7 th=0
frame=68 line=1 track=0 cross=0 circle=0(CIRCLE_NONE) round=0 yroad=0 ramp=0 road=2 speed=0 near=31/124 raw=104/105 sel=31/51 far=0/0 far_raw=0/0 l=1@17/0@-1 far_l=0@-1/0@-1 straight=0/1 far_straight=0/0 circle_cnt=0/0/0/0 lost=0/0 conf=94.3/4.5/0.0/0.0 dist=0 begin=0/0 m0=(84,119) ml=(79,78) md=41/1/113 cxcy=84.0,119.6 guide=3.12 atg=-35.0/-60.0/-60.0 pure=2.23/5.86 yaw=-106 cmd=176 actual=-247 signed=0 rps=4689/5170:5484/5630 duty=10/14 pwm=PWM2:10/PWM1:14 motor=2:10/1:14
CrossDiag: type=CROSS_NONE track=0 half_lr=0/0 nearL=1@17/0@-1 nearNum=31/124 centerNum=31/124 farL=0@-1/0@-1 farNum=0/0 farRaw=0/0 lost=0/0 not_have=0 final=31/51 flags=0/0
LineErr: aim=41 cxcy=84.0,119.6 left=1:4.35@79,79 dx=-4.9 idx=0/12 dist=40/115 right=1:2.21@81,69 dx=-2.9 idx=0/20 dist=40/246 sel=1:4.94@78,74 dx=-6.0 idx=0/20 dist=40/100 edge=1:6.20@76.5,73.5 dx=-7.5 width=61.4 l=46,77 r=107,70
CxScan: raw_ref=80.0 edge=76.5,73.5 best_raw_x=60 best_err=-0.12 best_cxcy=76.4,119.5 scan=0:-18.6,10:-15.7,20:-12.7,30:-9.6,40:-6.5,50:-3.3,60:-0.1,70:3.1,80:6.2,90:9.3,100:12.4,110:15.3,120:18.2,130:21.0,140:23.7
ATGSeedDiag: seed=1@11,108/1@131,108 begin=7,108 block=5 clip=8
ATGLptDiag: best=17(94.3) imip=7/27 pass=11111 acc=17 ipm=53.2,77.1 inv=41.4,43.7 | 52(4.5) imip=42/62 pass=10111 acc=-1 ipm=113.8,-3.7 inv=88.2,15.5
ATGCircleEntryBreakpoints: side=L near=1@17 seed=35,27 hit=0@35,-1 sharp=0 raw=35.4,27.1 th=0
frame=69 line=1 track=0 cross=0 circle=0(CIRCLE_NONE) round=0 yroad=0 ramp=0 road=2 speed=0 near=31/124 raw=103/105 sel=31/51 far=0/0 far_raw=0/0 l=1@17/0@-1 far_l=0@-1/0@-1 straight=0/1 far_straight=0/0 circle_cnt=0/0/0/0 lost=0/0 conf=90.5/3.7/0.0/0.0 dist=0 begin=0/0 m0=(84,119) ml=(79,78) md=41/1/112 cxcy=84.0,119.6 guide=3.01 atg=-37.0/-60.0/-60.0 pure=2.32/5.98 yaw=-102 cmd=52 actual=-180 signed=0 rps=4860/5003:5855/6111 duty=11/13 pwm=PWM2:11/PWM1:13 motor=2:11/1:13
CrossDiag: type=CROSS_NONE track=0 half_lr=0/0 nearL=1@17/0@-1 nearNum=31/124 centerNum=31/124 farL=0@-1/0@-1 farNum=0/0 farRaw=0/0 lost=0/0 not_have=0 final=31/51 flags=0/0
LineErr: aim=41 cxcy=84.0,119.6 left=1:4.25@79,78 dx=-4.8 idx=0/12 dist=43/118 right=1:2.50@81,69 dx=-3.2 idx=0/20 dist=40/246 sel=1:4.79@78,74 dx=-5.8 idx=0/20 dist=40/100 edge=1:6.29@76.5,74.5 dx=-7.5 width=61.7 l=46,79 r=107,70
CxScan: raw_ref=80.0 edge=76.5,74.5 best_raw_x=60 best_err=-0.12 best_cxcy=76.4,119.5 scan=0:-18.8,10:-15.9,20:-12.8,30:-9.7,40:-6.6,50:-3.3,60:-0.1,70:3.1,80:6.3,90:9.4,100:12.5,110:15.6,120:18.5,130:21.3,140:24.0
ATGSeedDiag: seed=1@11,108/1@131,108 begin=7,108 block=5 clip=8
ATGLptDiag: best=17(90.5) imip=7/27 pass=11111 acc=17 ipm=52.6,77.7 inv=40.4,44.1 | 50(3.7) imip=40/60 pass=10111 acc=-1 ipm=112.9,0.8 inv=88.3,16.3
ATGCircleEntryBreakpoints: side=L near=1@16 seed=35,28 hit=0@35,-1 sharp=0 raw=35.7,28.4 th=0
frame=70 line=1 track=0 cross=0 circle=0(CIRCLE_NONE) round=0 yroad=0 ramp=0 road=2 speed=0 near=30/124 raw=101/105 sel=30/50 far=0/0 far_raw=0/0 l=1@16/0@-1 far_l=0@-1/0@-1 straight=0/1 far_straight=0/0 circle_cnt=0/0/0/0 lost=0/0 conf=91.7/5.4/0.0/0.0 dist=0 begin=0/0 m0=(84,119) ml=(79,79) md=40/1/111 cxcy=84.0,119.6 guide=3.13 atg=-42.0/-60.0/-60.0 pure=2.49/6.05 yaw=-106 cmd=-162 actual=-79 signed=0 rps=5151/4707:5640/5836 duty=12/12 pwm=PWM2:12/PWM1:12 motor=2:12/1:12
CrossDiag: type=CROSS_NONE track=0 half_lr=0/0 nearL=1@16/0@-1 nearNum=30/124 centerNum=30/124 farL=0@-1/0@-1 farNum=0/0 farRaw=0/0 lost=0/0 not_have=0 final=30/50 flags=0/0
LineErr: aim=41 cxcy=84.0,119.6 left=1:4.50@79,77 dx=-5.2 idx=0/12 dist=43/115 right=1:2.68@81,69 dx=-3.5 idx=0/20 dist=40/246 sel=1:4.98@78,74 dx=-6.0 idx=0/20 dist=40/98 edge=1:6.75@76.0,75.0 dx=-8.0 width=62.8 l=45,80 r=107,70
CxScan: raw_ref=80.0 edge=76.0,75.0 best_raw_x=60 best_err=0.30 best_cxcy=76.4,119.5 scan=0:-18.6,10:-15.6,20:-12.5,30:-9.4,40:-6.2,50:-2.9,60:0.3,70:3.5,80:6.8,90:9.9,100:13.0,110:16.1,120:19.0,130:21.8,140:24.5
ATGSeedDiag: seed=1@10,108/1@130,108 begin=7,108 block=5 clip=8
ATGLptDiag: best=16(91.7) imip=6/26 pass=11111 acc=16 ipm=53.5,79.4 inv=40.7,45.4 | 1(5.4) imip=0/11 pass=10111 acc=-1 ipm=105.4,114.2 inv=125.7,98.0
ATGCircleEntryBreakpoints: side=L near=1@16 seed=35,28 hit=0@35,-1 sharp=0 raw=35.4,28.4 th=0
frame=71 line=1 track=0 cross=0 circle=0(CIRCLE_NONE) round=0 yroad=0 ramp=0 road=2 speed=0 near=30/124 raw=101/105 sel=30/50 far=0/0 far_raw=0/0 l=1@16/0@-1 far_l=0@-1/0@-1 straight=0/1 far_straight=0/0 circle_cnt=0/0/0/0 lost=0/0 conf=91.9/3.5/0.0/0.0 dist=0 begin=0/0 m0=(84,119) ml=(79,79) md=40/1/110 cxcy=84.0,119.6 guide=3.46 atg=-43.0/-60.0/-60.0 pure=2.54/6.05 yaw=-118 cmd=-371 actual=9 signed=0 rps=5430/4413:5933/6122 duty=12/11 pwm=PWM2:12/PWM1:11 motor=2:12/1:11
CrossDiag: type=CROSS_NONE track=0 half_lr=0/0 nearL=1@16/0@-1 nearNum=30/124 centerNum=30/124 farL=0@-1/0@-1 farNum=0/0 farRaw=0/0 lost=0/0 not_have=0 final=30/50 flags=0/0
LineErr: aim=41 cxcy=84.0,119.6 left=1:4.34@79,81 dx=-4.7 idx=0/11 dist=39/115 right=1:2.92@80,69 dx=-3.8 idx=0/20 dist=40/246 sel=1:5.32@78,74 dx=-6.4 idx=0/20 dist=40/98 edge=1:7.59@75.0,75.0 dx=-9.0 width=62.8 l=44,80 r=106,70
CxScan: raw_ref=80.0 edge=75.0,75.0 best_raw_x=55 best_err=-0.48 best_cxcy=74.4,119.5 scan=0:-17.8,10:-14.8,20:-11.7,30:-8.6,40:-5.3,50:-2.1,60:1.1,70:4.4,80:7.6,90:10.7,100:13.8,110:16.8,120:19.7,130:22.5,140:25.2
ATGSeedDiag: seed=1@10,108/1@130,108 begin=7,108 block=5 clip=8
ATGLptDiag: best=16(91.9) imip=6/26 pass=11111 acc=16 ipm=53.2,79.4 inv=40.4,45.4 | 47(3.5) imip=37/57 pass=10111 acc=-1 ipm=111.6,7.8 inv=88.4,17.6
ATGCircleEntryBreakpoints: side=L near=1@16 seed=34,28 hit=0@34,-1 sharp=0 raw=34.4,28.7 th=0
frame=72 line=1 track=0 cross=0 circle=0(CIRCLE_NONE) round=0 yroad=0 ramp=0 road=2 speed=0 near=29/124 raw=100/104 sel=29/49 far=0/0 far_raw=0/0 l=1@16/0@-1 far_l=0@-1/0@-1 straight=0/1 far_straight=0/0 circle_cnt=0/0/0/0 lost=0/0 conf=87.1/4.4/0.0/0.0 dist=0 begin=0/0 m0=(84,119) ml=(79,79) md=40/1/108 cxcy=84.0,119.6 guide=3.68 atg=-47.0/-60.0/-60.0 pure=2.66/6.05 yaw=-125 cmd=-404 actual=14 signed=0 rps=5470/4363:5693/5828 duty=13/11 pwm=PWM2:13/PWM1:11 motor=2:13/1:11
CrossDiag: type=CROSS_NONE track=0 half_lr=0/0 nearL=1@16/0@-1 nearNum=29/124 centerNum=29/124 farL=0@-1/0@-1 farNum=0/0 farRaw=0/0 lost=0/0 not_have=0 final=29/49 flags=0/0
LineErr: aim=41 cxcy=84.0,119.6 left=1:4.62@79,81 dx=-5.0 idx=0/11 dist=39/111 right=1:2.97@80,69 dx=-3.8 idx=0/20 dist=40/246 sel=1:5.46@77,74 dx=-6.6 idx=0/20 dist=40/96 edge=1:8.00@74.5,75.0 dx=-9.5 width=63.8 l=43,80 r=106,70
CxScan: raw_ref=80.0 edge=74.5,75.0 best_raw_x=55 best_err=-0.06 best_cxcy=74.4,119.5 scan=0:-17.4,10:-14.4,20:-11.3,30:-8.1,40:-4.9,50:-1.7,60:1.6,70:4.8,80:8.0,90:11.1,100:14.2,110:17.2,120:20.1,130:22.9,140:25.6
ATGSeedDiag: seed=1@9,108/1@129,107 begin=7,108 block=5 clip=8
ATGLptDiag: best=16(87.1) imip=6/26 pass=11111 acc=16 ipm=52.5,79.7 inv=39.4,45.7 | 47(4.4) imip=37/57 pass=10111 acc=-1 ipm=111.4,7.5 inv=88.2,17.5
ATGCircleEntryBreakpoints: side=L near=1@15 seed=35,30 hit=0@35,-1 sharp=0 raw=35.1,30.1 th=0
frame=73 line=1 track=0 cross=0 circle=0(CIRCLE_NONE) round=0 yroad=0 ramp=0 road=2 speed=0 near=29/124 raw=99/105 sel=29/49 far=0/0 far_raw=0/0 l=1@15/0@-1 far_l=0@-1/0@-1 straight=0/1 far_straight=0/0 circle_cnt=0/0/0/0 lost=0/0 conf=91.5/3.8/0.0/0.0 dist=0 begin=0/0 m0=(84,119) ml=(78,79) md=40/1/109 cxcy=84.0,119.6 guide=3.91 atg=-53.0/-60.0/-60.0 pure=2.79/6.13 yaw=-133 cmd=-431 actual=16 signed=0 rps=5502/4321:5761/5905 duty=13/11 pwm=PWM2:13/PWM1:11 motor=2:13/1:11
CrossDiag: type=CROSS_NONE track=0 half_lr=0/0 nearL=1@15/0@-1 nearNum=29/124 centerNum=29/124 farL=0@-1/0@-1 farNum=0/0 farRaw=0/0 lost=0/0 not_have=0 final=29/49 flags=0/0
LineErr: aim=41 cxcy=84.0,119.6 left=1:5.06@78,80 dx=-5.6 idx=0/11 dist=40/113 right=1:3.30@80,69 dx=-4.3 idx=0/20 dist=40/246 sel=1:5.75@77,74 dx=-6.9 idx=0/20 dist=40/96 edge=1:8.06@74.5,75.5 dx=-9.5 width=64.0 l=43,81 r=106,70
CxScan: raw_ref=80.0 edge=74.5,75.5 best_raw_x=55 best_err=-0.06 best_cxcy=74.4,119.5 scan=0:-17.6,10:-14.5,20:-11.4,30:-8.2,40:-5.0,50:-1.7,60:1.6,70:4.8,80:8.1,90:11.2,100:14.3,110:17.3,120:20.2,130:23.0,140:25.7
ATGSeedDiag: seed=1@9,108/1@129,108 begin=7,108 block=5 clip=8
ATGLptDiag: best=15(91.5) imip=5/25 pass=11111 acc=15 ipm=53.8,81.5 inv=40.1,47.1 | 1(3.8) imip=0/11 pass=10111 acc=-1 ipm=104.9,114.2 inv=124.7,97.9
ATGCircleEntryBreakpoints: side=L near=1@15 seed=34,30 hit=0@34,-1 sharp=0 raw=34.1,30.4 th=0
frame=74 line=1 track=0 cross=0 circle=0(CIRCLE_NONE) round=0 yroad=0 ramp=0 road=2 speed=0 near=28/124 raw=98/105 sel=28/48 far=0/0 far_raw=0/0 l=1@15/0@-1 far_l=0@-1/0@-1 straight=0/1 far_straight=0/0 circle_cnt=0/0/0/0 lost=0/0 conf=91.0/4.0/0.0/0.0 dist=0 begin=0/0 m0=(84,119) ml=(78,79) md=40/1/105 cxcy=84.0,119.6 guide=4.02 atg=-59.0/-60.0/-60.0 pure=2.96/6.25 yaw=-322 cmd=-722 actual=-22 signed=0 rps=5775/3796:5673/5760 duty=14/9 pwm=PWM2:14/PWM1:9 motor=2:14/1:9
CrossDiag: type=CROSS_NONE track=0 half_lr=0/0 nearL=1@15/0@-1 nearNum=28/124 centerNum=28/124 farL=0@-1/0@-1 farNum=0/0 farRaw=0/0 lost=0/0 not_have=0 final=28/48 flags=0/0
LineErr: aim=41 cxcy=84.0,119.6 left=1:5.15@78,79 dx=-5.8 idx=0/11 dist=41/109 right=1:3.33@80,69 dx=-4.3 idx=0/20 dist=40/247 sel=1:5.89@77,74 dx=-7.1 idx=0/20 dist=40/94 edge=1:8.60@74.0,76.5 dx=-10.0 width=65.3 l=42,83 r=106,70
CxScan: raw_ref=80.0 edge=74.0,76.5 best_raw_x=55 best_err=0.38 best_cxcy=74.4,119.5 scan=0:-17.4,10:-14.3,20:-11.1,30:-7.9,40:-4.6,50:-1.3,60:2.0,70:5.3,80:8.6,90:11.8,100:14.9,110:18.0,120:20.9,130:23.7,140:26.4
ATGSeedDiag: seed=1@10,108/1@129,108 begin=7,108 block=5 clip=8
ATGLptDiag: best=15(91.0) imip=5/25 pass=11111 acc=15 ipm=53.1,81.8 inv=39.1,47.4 | 45(4.0) imip=35/55 pass=10111 acc=-1 ipm=110.3,12.3 inv=88.2,18.5
ATGCircleEntryBreakpoints: side=L near=1@14 seed=35,32 hit=0@35,-1 sharp=0 raw=35.0,32.1 th=0
frame=75 line=1 track=0 cross=0 circle=0(CIRCLE_NONE) round=0 yroad=0 ramp=0 road=2 speed=0 near=27/124 raw=97/105 sel=27/47 far=0/0 far_raw=0/0 l=1@14/0@-1 far_l=0@-1/0@-1 straight=0/1 far_straight=0/0 circle_cnt=0/0/0/0 lost=0/0 conf=94.8/3.7/0.0/0.0 dist=0 begin=0/0 m0=(84,119) ml=(78,79) md=40/1/103 cxcy=84.0,119.6 guide=4.00 atg=-60.0/-60.0/-60.0 pure=3.21/6.42 yaw=-320 cmd=-720 actual=-60 signed=0 rps=5773/3800:5386/5430 duty=14/9 pwm=PWM2:14/PWM1:9 motor=2:14/1:9
CrossDiag: type=CROSS_NONE track=0 half_lr=0/0 nearL=1@14/0@-1 nearNum=27/124 centerNum=27/124 farL=0@-1/0@-1 farNum=0/0 farRaw=0/0 lost=0/0 not_have=0 final=27/47 flags=0/0
LineErr: aim=41 cxcy=84.0,119.6 left=1:5.18@78,77 dx=-5.9 idx=0/11 dist=42/104 right=1:3.33@80,69 dx=-4.3 idx=0/20 dist=40/246 sel=1:5.79@77,74 dx=-7.0 idx=0/20 dist=40/92 edge=1:9.23@73.5,78.0 dx=-10.5 width=66.9 l=41,86 r=106,70
CxScan: raw_ref=80.0 edge=73.5,78.0 best_raw_x=55 best_err=0.83 best_cxcy=74.4,119.5 scan=0:-17.4,10:-14.2,20:-11.0,30:-7.6,40:-4.3,50:-0.9,60:2.5,70:5.9,80:9.2,90:12.5,100:15.7,110:18.8,120:21.7,130:24.6,140:27.3
ATGSeedDiag: seed=1@10,108/1@130,108 begin=7,108 block=5 clip=8
ATGLptDiag: best=14(94.8) imip=4/24 pass=11111 acc=14 ipm=54.7,83.8 inv=40.0,49.1 | 44(3.7) imip=34/54 pass=10111 acc=-1 ipm=109.6,14.6 inv=88.1,18.9
ATGCircleEntryBreakpoints: side=L near=1@13 seed=34,34 hit=0@34,-1 sharp=0 raw=34.9,34.1 th=0
frame=76 line=1 track=0 cross=0 circle=0(CIRCLE_NONE) round=0 yroad=0 ramp=0 road=2 speed=0 near=25/124 raw=95/105 sel=25/45 far=0/0 far_raw=0/0 l=1@13/0@-1 far_l=0@-1/0@-1 straight=0/1 far_straight=0/0 circle_cnt=0/0/0/0 lost=0/0 conf=92.5/4.0/0.0/0.0 dist=0 begin=0/0 m0=(84,119) ml=(78,79) md=40/1/99 cxcy=84.0,119.6 guide=4.00 atg=-60.0/-60.0/-60.0 pure=3.53/6.46 yaw=-320 cmd=-720 actual=-73 signed=0 rps=5773/3800:5653/5553 duty=14/9 pwm=PWM2:14/PWM1:9 motor=2:14/1:9
CrossDiag: type=CROSS_NONE track=0 half_lr=0/0 nearL=1@13/0@-1 nearNum=25/124 centerNum=25/124 farL=0@-1/0@-1 farNum=0/0 farRaw=0/0 lost=0/0 not_have=0 final=25/45 flags=0/0
LineErr: aim=41 cxcy=84.0,119.6 left=1:4.69@79,80 dx=-5.1 idx=0/10 dist=39/103 right=1:3.37@80,69 dx=-4.3 idx=0/20 dist=40/246 sel=1:5.93@77,74 dx=-7.1 idx=0/20 dist=40/88 edge=1:9.81@73.0,79.0 dx=-11.0 width=68.4 l=40,88 r=106,70
CxScan: raw_ref=80.0 edge=73.0,79.0 best_raw_x=50 best_err=-0.44 best_cxcy=72.5,119.5 scan=0:-17.2,10:-14.0,20:-10.7,30:-7.3,40:-3.9,50:-0.4,60:3.0,70:6.4,80:9.8,90:13.1,100:16.3,110:19.4,120:22.4,130:25.3,140:28.0
ATGSeedDiag: seed=1@11,108/1@130,108 begin=7,108 block=5 clip=8
ATGLptDiag: best=13(92.5) imip=3/23 pass=11111 acc=13 ipm=55.4,86.1 inv=39.9,51.1 | 41(4.0) imip=31/51 pass=10111 acc=-1 ipm=109.1,21.6 inv=88.7,20.5
ATGCircleEntryBreakpoints: side=L near=1@13 seed=34,34 hit=0@34,-1 sharp=0 raw=34.8,34.1 th=0
frame=77 line=1 track=0 cross=0 circle=0(CIRCLE_NONE) round=0 yroad=0 ramp=0 road=2 speed=0 near=25/124 raw=95/105 sel=25/45 far=0/0 far_raw=0/0 l=1@13/0@-1 far_l=0@-1/0@-1 straight=0/1 far_straight=0/0 circle_cnt=0/0/0/0 lost=0/0 conf=94.4/5.2/0.0/0.0 dist=0 begin=0/0 m0=(84,119) ml=(78,79) md=40/1/99 cxcy=84.0,119.6 guide=4.00 atg=-60.0/-60.0/-60.0 pure=3.62/6.53 yaw=-320 cmd=-720 actual=-83 signed=0 rps=5773/3800:5580/5421 duty=14/9 pwm=PWM2:14/PWM1:9 motor=2:14/1:9
CrossDiag: type=CROSS_NONE track=0 half_lr=0/0 nearL=1@13/0@-1 nearNum=25/124 centerNum=25/124 farL=0@-1/0@-1 farNum=0/0 farRaw=0/0 lost=0/0 not_have=0 final=25/45 flags=0/0
LineErr: aim=41 cxcy=84.0,119.6 left=1:4.83@79,80 dx=-5.3 idx=0/10 dist=39/103 right=1:3.33@80,69 dx=-4.3 idx=0/20 dist=40/248 sel=1:6.08@77,74 dx=-7.3 idx=0/20 dist=40/88 edge=1:9.81@73.0,79.0 dx=-11.0 width=68.4 l=40,88 r=106,70
CxScan: raw_ref=80.0 edge=73.0,79.0 best_raw_x=50 best_err=-0.44 best_cxcy=72.5,119.5 scan=0:-17.2,10:-14.0,20:-10.7,30:-7.3,40:-3.9,50:-0.4,60:3.0,70:6.4,80:9.8,90:13.1,100:16.3,110:19.4,120:22.4,130:25.3,140:28.0
ATGSeedDiag: seed=1@11,108/1@130,108 begin=7,108 block=5 clip=8
ATGLptDiag: best=13(94.4) imip=3/23 pass=11111 acc=13 ipm=55.4,86.1 inv=39.8,51.1 | 1(5.2) imip=0/11 pass=10111 acc=-1 ipm=105.4,114.2 inv=125.7,98.0
ATGCircleEntryBreakpoints: side=L near=1@13 seed=34,34 hit=0@34,-1 sharp=0 raw=34.1,34.2 th=0
frame=78 line=1 track=0 cross=0 circle=0(CIRCLE_NONE) round=0 yroad=0 ramp=0 road=2 speed=0 near=25/124 raw=94/105 sel=25/45 far=0/0 far_raw=0/0 l=1@13/0@-1 far_l=0@-1/0@-1 straight=0/1 far_straight=0/0 circle_cnt=0/0/0/0 lost=0/0 conf=93.0/4.5/0.0/0.0 dist=0 begin=0/0 m0=(84,119) ml=(78,79) md=40/1/99 cxcy=84.0,119.6 guide=4.54 atg=-60.0/-60.0/-60.0 pure=3.66/6.53 yaw=-364 cmd=-764 actual=-103 signed=0 rps=5804/3711:6055/5885 duty=14/8 pwm=PWM2:14/PWM1:8 motor=2:14/1:8
CrossDiag: type=CROSS_NONE track=0 half_lr=0/0 nearL=1@13/0@-1 nearNum=25/124 centerNum=25/124 farL=0@-1/0@-1 farNum=0/0 farRaw=0/0 lost=0/0 not_have=0 final=25/45 flags=0/0
LineErr: aim=41 cxcy=84.0,119.6 left=1:5.15@78,80 dx=-5.7 idx=0/10 dist=40/104 right=1:2.92@80,69 dx=-3.8 idx=0/20 dist=40/247 sel=1:6.33@76,74 dx=-7.6 idx=0/20 dist=40/88 edge=1:10.25@72.5,79.0 dx=-11.5 width=69.4 l=39,88 r=106,70
CxScan: raw_ref=80.0 edge=72.5,79.0 best_raw_x=50 best_err=0.01 best_cxcy=72.5,119.5 scan=0:-16.8,10:-13.6,20:-10.3,30:-6.9,40:-3.4,50:0.0,60:3.5,70:6.9,80:10.2,90:13.5,100:16.7,110:19.8,120:22.8,130:25.6,140:28.3
ATGSeedDiag: seed=1@11,108/1@130,108 begin=7,108 block=5 clip=8
ATGLptDiag: best=13(93.0) imip=3/23 pass=11111 acc=13 ipm=54.8,86.1 inv=39.1,51.2 | 43(4.5) imip=33/53 pass=10111 acc=-1 ipm=110.9,17.0 inv=89.2,19.4
ATGCircleEntryBreakpoints: side=L near=1@13 seed=33,34 hit=0@33,-1 sharp=0 raw=33.8,34.2 th=0
frame=79 line=1 track=0 cross=0 circle=0(CIRCLE_NONE) round=0 yroad=0 ramp=0 road=2 speed=0 near=25/124 raw=94/105 sel=25/45 far=0/0 far_raw=0/0 l=1@13/0@-1 far_l=0@-1/0@-1 straight=0/1 far_straight=0/0 circle_cnt=0/0/0/0 lost=0/0 conf=93.9/3.9/0.0/0.0 dist=0 begin=0/0 m0=(84,119) ml=(78,79) md=40/1/99 cxcy=84.0,119.6 guide=4.66 atg=-60.0/-60.0/-60.0 pure=3.69/6.54 yaw=-373 cmd=-773 actual=-77 signed=0 rps=5811/3692:6430/6147 duty=13/8 pwm=PWM2:13/PWM1:8 motor=2:13/1:8
CrossDiag: type=CROSS_NONE track=0 half_lr=0/0 nearL=1@13/0@-1 nearNum=25/124 centerNum=25/124 farL=0@-1/0@-1 farNum=0/0 farRaw=0/0 lost=0/0 not_have=0 final=25/45 flags=0/0
LineErr: aim=41 cxcy=84.0,119.6 left=1:5.55@78,80 dx=-6.1 idx=0/10 dist=39/103 right=1:2.56@81,69 dx=-3.3 idx=0/20 dist=41/247 sel=1:6.69@76,74 dx=-8.0 idx=0/20 dist=40/88 edge=1:9.81@73.0,79.0 dx=-11.0 width=70.3 l=39,88 r=107,70
CxScan: raw_ref=80.0 edge=73.0,79.0 best_raw_x=50 best_err=-0.44 best_cxcy=72.5,119.5 scan=0:-17.2,10:-14.0,20:-10.7,30:-7.3,40:-3.9,50:-0.4,60:3.0,70:6.4,80:9.8,90:13.1,100:16.3,110:19.4,120:22.4,130:25.3,140:28.0
ATGSeedDiag: seed=1@10,108/1@130,108 begin=7,108 block=5 clip=8
ATGLptDiag: best=13(93.9) imip=3/23 pass=11111 acc=13 ipm=54.6,86.1 inv=38.8,51.2 | 1(3.9) imip=0/11 pass=10111 acc=-1 ipm=105.4,114.2 inv=125.7,98.0
ATGCircleEntryBreakpoints: side=L near=1@13 seed=32,34 hit=0@32,-1 sharp=0 raw=32.5,34.5 th=0
frame=80 line=1 track=1 cross=0 circle=0(CIRCLE_NONE) round=0 yroad=0 ramp=0 road=2 speed=0 near=24/124 raw=92/105 sel=124/126 far=0/0 far_raw=0/0 l=1@13/0@-1 far_l=0@-1/0@-1 straight=0/1 far_straight=0/0 circle_cnt=0/0/0/0 lost=0/0 conf=95.5/3.7/0.0/0.0 dist=0 begin=0/0 m0=(84,119) ml=(80,79) md=41/1/126 cxcy=84.0,119.6 guide=2.14 atg=-1.0/0.0/0.0 pure=0.39/-0.09 yaw=-73 cmd=-100 actual=-59 signed=0 rps=5089/4814:6389/5827 duty=11/13 pwm=PWM2:11/PWM1:13 motor=2:11/1:13
CrossDiag: type=CROSS_NONE track=1 half_lr=0/0 nearL=1@13/0@-1 nearNum=24/124 centerNum=24/124 farL=0@-1/0@-1 farNum=0/0 farRaw=0/0 lost=0/0 not_have=0 final=124/126 flags=0/0
LineErr: aim=41 cxcy=84.0,119.6 left=1:6.83@76,74 dx=-8.2 idx=0/11 dist=42/97 right=1:3.33@80,76 dx=-3.9 idx=0/17 dist=40/252 sel=1:3.26@80,75 dx=-3.9 idx=0/20 dist=40/250 edge=1:10.76@72.0,79.5 dx=-12.0 width=70.6 l=38,89 r=106,70
CxScan: raw_ref=80.0 edge=72.0,79.5 best_raw_x=50 best_err=0.47 best_cxcy=72.5,119.5 scan=0:-16.5,10:-13.3,20:-9.9,30:-6.5,40:-3.0,50:0.5,60:3.9,70:7.4,80:10.8,90:14.1,100:17.3,110:20.4,120:23.3,130:26.2,140:28.9
ATGSeedDiag: seed=1@10,108/1@130,108 begin=7,108 block=5 clip=8
ATGLptDiag: best=13(95.5) imip=3/23 pass=11111 acc=13 ipm=53.7,86.5 inv=37.5,51.5 | 44(3.7) imip=34/54 pass=10111 acc=-1 ipm=111.4,14.7 inv=89.1,18.9
ATGCircleEntryBreakpoints: side=L near=1@12 seed=32,36 hit=0@32,-1 sharp=0 raw=32.9,36.4 th=0
frame=81 line=1 track=1 cross=0 circle=0(CIRCLE_NONE) round=0 yroad=0 ramp=0 road=2 speed=0 near=24/124 raw=91/105 sel=124/126 far=0/0 far_raw=0/0 l=1@12/0@-1 far_l=0@-1/0@-1 straight=0/1 far_straight=0/0 circle_cnt=0/0/0/0 lost=0/0 conf=89.6/2.9/0.0/0.0 dist=0 begin=0/0 m0=(84,119) ml=(80,80) md=40/1/128 cxcy=84.0,119.6 guide=2.15 atg=-1.0/0.0/0.0 pure=0.42/-0.02 yaw=-73 cmd=-45 actual=-87 signed=0 rps=5013/4889:6643/5996 duty=10/13 pwm=PWM2:10/PWM1:13 motor=2:10/1:13
CrossDiag: type=CROSS_NONE track=1 half_lr=0/0 nearL=1@12/0@-1 nearNum=24/124 centerNum=24/124 farL=0@-1/0@-1 farNum=0/0 farRaw=0/0 lost=0/0 not_have=0 final=124/126 flags=0/0
LineErr: aim=41 cxcy=84.0,119.6 left=1:7.37@75,74 dx=-9.0 idx=0/11 dist=42/97 right=1:3.46@80,76 dx=-4.0 idx=0/17 dist=40/252 sel=1:3.34@80,75 dx=-4.0 idx=0/20 dist=40/250 edge=1:11.29@71.5,80.0 dx=-12.5 width=71.8 l=37,90 r=106,70
CxScan: raw_ref=80.0 edge=71.5,80.0 best_raw_x=45 best_err=-0.83 best_cxcy=70.6,119.5 scan=0:-16.2,10:-12.9,20:-9.5,30:-6.1,40:-2.6,50:0.9,60:4.4,70:7.9,80:11.3,90:14.6,100:17.8,110:20.9,120:23.9,130:26.7,140:29.4
ATGSeedDiag: seed=1@10,108/1@130,108 begin=7,108 block=5 clip=8
ATGLptDiag: best=12(89.6) imip=2/22 pass=11111 acc=12 ipm=54.8,88.4 inv=37.9,53.4 | 40(2.9) imip=30/50 pass=10111 acc=-1 ipm=110.1,23.9 inv=89.6,21.0
ATGCircleEntryBreakpoints: side=L near=1@12 seed=32,36 hit=0@32,-1 sharp=0 raw=32.6,36.6 th=0
frame=82 line=1 track=1 cross=0 circle=0(CIRCLE_NONE) round=0 yroad=0 ramp=0 road=2 speed=0 near=23/124 raw=90/105 sel=124/126 far=0/0 far_raw=0/0 l=1@12/0@-1 far_l=0@-1/0@-1 straight=0/1 far_straight=0/0 circle_cnt=0/0/0/0 lost=0/0 conf=96.8/3.5/0.0/0.0 dist=0 begin=0/0 m0=(84,119) ml=(80,80) md=40/1/127 cxcy=84.0,119.6 guide=2.15 atg=-1.0/0.0/0.0 pure=0.45/-0.02 yaw=-73 cmd=47 actual=-133 signed=0 rps=4887/5016:6210/5792 duty=10/13 pwm=PWM2:10/PWM1:13 motor=2:10/1:13
CrossDiag: type=CROSS_NONE track=1 half_lr=0/0 nearL=1@12/0@-1 nearNum=23/124 centerNum=23/124 farL=0@-1/0@-1 farNum=0/0 farRaw=0/0 lost=0/0 not_have=0 final=124/126 flags=0/0
LineErr: aim=41 cxcy=84.0,119.6 left=1:7.61@75,73 dx=-9.4 idx=0/11 dist=42/92 right=1:3.55@80,76 dx=-4.1 idx=0/17 dist=40/252 sel=1:3.46@80,75 dx=-4.1 idx=0/20 dist=40/250 edge=1:11.38@71.5,80.5 dx=-12.5 width=72.1 l=37,91 r=106,70
CxScan: raw_ref=80.0 edge=71.5,80.5 best_raw_x=45 best_err=-0.83 best_cxcy=70.6,119.5 scan=0:-16.4,10:-13.0,20:-9.6,30:-6.1,40:-2.6,50:0.9,60:4.5,70:8.0,80:11.4,90:14.7,100:18.0,110:21.1,120:24.1,130:26.9,140:29.6
ATGSeedDiag: seed=1@10,108/1@130,108 begin=7,108 block=5 clip=8
ATGLptDiag: best=12(96.8) imip=2/22 pass=11111 acc=12 ipm=54.6,88.5 inv=37.6,53.6 | 40(3.5) imip=30/50 pass=10111 acc=-1 ipm=110.1,23.9 inv=89.6,21.0
ATGCircleEntryBreakpoints: side=L near=1@11 seed=32,38 hit=0@32,-1 sharp=0 raw=32.5,38.9 th=0
frame=83 line=1 track=1 cross=0 circle=0(CIRCLE_NONE) round=0 yroad=0 ramp=0 road=2 speed=0 near=22/124 raw=88/105 sel=124/126 far=0/0 far_raw=0/0 l=1@11/0@-1 far_l=0@-1/0@-1 straight=0/1 far_straight=0/0 circle_cnt=0/0/0/0 lost=0/0 conf=93.0/3.5/0.0/0.0 dist=0 begin=0/0 m0=(84,119) ml=(80,79) md=41/1/127 cxcy=84.0,119.6 guide=2.14 atg=-1.0/0.0/0.0 pure=0.44/-0.02 yaw=-73 cmd=159 actual=-189 signed=0 rps=4734/5169:6111/5978 duty=10/14 pwm=PWM2:10/PWM1:14 motor=2:10/1:14
CrossDiag: type=CROSS_NONE track=1 half_lr=0/0 nearL=1@11/0@-1 nearNum=22/124 centerNum=22/124 farL=0@-1/0@-1 farNum=0/0 farRaw=0/0 lost=0/0 not_have=0 final=124/126 flags=0/0
LineErr: aim=41 cxcy=84.0,119.6 left=1:6.90@76,76 dx=-8.1 idx=0/10 dist=40/90 right=1:3.74@80,76 dx=-4.4 idx=0/17 dist=40/252 sel=1:3.62@80,75 dx=-4.3 idx=0/20 dist=40/250 edge=1:11.91@71.0,81.0 dx=-13.0 width=73.4 l=36,92 r=106,70
CxScan: raw_ref=80.0 edge=71.0,81.0 best_raw_x=45 best_err=-0.38 best_cxcy=70.6,119.5 scan=0:-16.1,10:-12.7,20:-9.2,30:-5.7,40:-2.2,50:1.4,60:5.0,70:8.5,80:11.9,90:15.3,100:18.5,110:21.6,120:24.6,130:27.5,140:30.2
ATGSeedDiag: seed=1@11,108/1@130,108 begin=7,108 block=5 clip=8
ATGLptDiag: best=11(93.0) imip=1/21 pass=11111 acc=11 ipm=55.5,90.7 inv=37.5,55.9 | 40(3.5) imip=30/50 pass=10111 acc=-1 ipm=110.1,23.9 inv=89.6,21.0
ATGCircleEntryBreakpoints: side=L near=1@11 seed=32,38 hit=0@32,-1 sharp=0 raw=32.1,39.0 th=0
frame=84 line=1 track=1 cross=0 circle=0(CIRCLE_NONE) round=0 yroad=0 ramp=0 road=2 speed=0 near=22/124 raw=87/105 sel=124/126 far=0/0 far_raw=0/0 l=1@11/0@-1 far_l=0@-1/0@-1 straight=0/1 far_straight=0/0 circle_cnt=0/0/0/0 lost=0/0 conf=94.5/5.6/0.0/0.0 dist=0 begin=0/0 m0=(84,119) ml=(80,79) md=41/1/127 cxcy=84.0,119.6 guide=2.13 atg=-1.0/0.0/0.0 pure=0.40/-0.02 yaw=-73 cmd=222 actual=-220 signed=0 rps=4647/5256:5606/5593 duty=10/15 pwm=PWM2:10/PWM1:15 motor=2:10/1:15
CrossDiag: type=CROSS_NONE track=1 half_lr=0/0 nearL=1@11/0@-1 nearNum=22/124 centerNum=22/124 farL=0@-1/0@-1 farNum=0/0 farRaw=0/0 lost=0/0 not_have=0 final=124/126 flags=0/0
LineErr: aim=41 cxcy=84.0,119.6 left=1:7.24@75,76 dx=-8.5 idx=0/10 dist=42/92 right=1:3.34@80,76 dx=-3.9 idx=0/17 dist=40/254 sel=1:3.25@80,75 dx=-3.9 idx=0/20 dist=40/250 edge=1:12.45@70.5,81.5 dx=-13.5 width=74.6 l=35,93 r=106,70
CxScan: raw_ref=80.0 edge=70.5,81.5 best_raw_x=45 best_err=0.09 best_cxcy=70.6,119.5 scan=0:-15.7,10:-12.3,20:-8.9,30:-5.3,40:-1.7,50:1.9,60:5.5,70:9.0,80:12.5,90:15.8,100:19.1,110:22.2,120:25.2,130:28.0,140:30.7
ATGSeedDiag: seed=1@11,108/1@130,108 begin=7,108 block=5 clip=8
ATGLptDiag: best=11(94.5) imip=1/21 pass=11111 acc=11 ipm=55.2,90.8 inv=37.1,56.0 | 1(5.6) imip=0/11 pass=10111 acc=-1 ipm=105.4,114.2 inv=125.7,98.0
ATGCircleEntryBreakpoints: side=L near=1@11 seed=31,39 hit=0@31,-1 sharp=0 raw=32.0,39.1 th=0
frame=85 line=1 track=1 cross=0 circle=0(CIRCLE_NONE) round=0 yroad=0 ramp=0 road=2 speed=0 near=21/124 raw=87/105 sel=124/126 far=0/0 far_raw=0/0 l=1@11/0@-1 far_l=0@-1/0@-1 straight=0/1 far_straight=0/0 circle_cnt=0/0/0/0 lost=0/0 conf=97.0/3.5/0.0/0.0 dist=0 begin=0/0 m0=(84,119) ml=(80,79) md=41/1/127 cxcy=84.0,119.6 guide=2.13 atg=0.0/0.0/0.0 pure=0.31/-0.06 yaw=-73 cmd=223 actual=-220 signed=0 rps=4646/5258:5687/5650 duty=10/15 pwm=PWM2:10/PWM1:15 motor=2:10/1:15
CrossDiag: type=CROSS_NONE track=1 half_lr=0/0 nearL=1@11/0@-1 nearNum=21/124 centerNum=21/124 farL=0@-1/0@-1 farNum=0/0 farRaw=0/0 lost=0/0 not_have=0 final=124/126 flags=0/0
LineErr: aim=41 cxcy=84.0,119.6 left=1:6.72@76,78 dx=-7.6 idx=0/9 dist=40/89 right=1:3.28@80,76 dx=-3.8 idx=0/17 dist=40/252 sel=1:3.15@80,75 dx=-3.8 idx=0/20 dist=40/250 edge=1:12.10@71.0,82.0 dx=-13.0 width=75.9 l=35,94 r=107,70
CxScan: raw_ref=80.0 edge=71.0,82.0 best_raw_x=45 best_err=-0.38 best_cxcy=70.6,119.5 scan=0:-16.3,10:-12.9,20:-9.4,30:-5.8,40:-2.2,50:1.4,60:5.0,70:8.6,80:12.1,90:15.5,100:18.8,110:21.9,120:25.0,130:27.8,140:30.6
ATGSeedDiag: seed=1@12,108/1@131,108 begin=7,108 block=5 clip=8
ATGLptDiag: best=11(97.0) imip=1/20 pass=11111 acc=11 ipm=55.2,90.9 inv=37.0,56.1 | 39(3.5) imip=29/49 pass=10111 acc=-1 ipm=110.8,26.3 inv=90.4,21.6
ATGCircleEntryBreakpoints: side=L near=1@11 seed=32,39 hit=0@32,-1 sharp=0 raw=32.4,39.0 th=0
frame=86 line=1 track=1 cross=0 circle=0(CIRCLE_NONE) round=0 yroad=0 ramp=0 road=2 speed=0 near=21/124 raw=88/105 sel=124/126 far=0/0 far_raw=0/0 l=1@11/0@-1 far_l=0@-1/0@-1 straight=0/1 far_straight=0/0 circle_cnt=0/0/0/0 lost=0/0 conf=99.9/3.9/0.0/0.0 dist=0 begin=0/0 m0=(84,119) ml=(81,79) md=41/1/129 cxcy=84.0,119.6 guide=1.61 atg=0.0/0.0/0.0 pure=0.27/-0.13 yaw=-55 cmd=199 actual=-182 signed=0 rps=4690/5237:5941/5846 duty=10/14 pwm=PWM2:10/PWM1:14 motor=2:10/1:14
CrossDiag: type=CROSS_NONE track=1 half_lr=0/0 nearL=1@11/0@-1 nearNum=21/124 centerNum=21/124 farL=0@-1/0@-1 farNum=0/0 farRaw=0/0 lost=0/0 not_have=0 final=124/126 flags=0/0
LineErr: aim=41 cxcy=84.0,119.6 left=1:6.75@76,78 dx=-7.6 idx=0/9 dist=39/88 right=1:2.93@81,76 dx=-3.4 idx=0/17 dist=40/255 sel=1:2.80@81,75 dx=-3.3 idx=0/20 dist=40/250 edge=1:12.20@71.0,82.5 dx=-13.0 width=76.2 l=35,95 r=107,70
CxScan: raw_ref=80.0 edge=71.0,82.5 best_raw_x=45 best_err=-0.39 best_cxcy=70.6,119.5 scan=0:-16.4,10:-13.0,20:-9.5,30:-5.9,40:-2.2,50:1.4,60:5.1,70:8.7,80:12.2,90:15.6,100:18.9,110:22.1,120:25.2,130:28.0,140:30.8
ATGSeedDiag: seed=1@11,108/1@131,108 begin=7,108 block=5 clip=8
ATGLptDiag: best=11(99.9) imip=1/20 pass=11111 acc=11 ipm=55.5,90.8 inv=37.4,56.0 | 40(3.9) imip=30/50 pass=10111 acc=-1 ipm=111.9,24.0 inv=90.8,21.0
ATGCircleEntryBreakpoints: side=L near=1@10 seed=31,41 hit=0@31,-1 sharp=0 raw=31.4,41.6 th=0
frame=87 line=1 track=1 cross=0 circle=0(CIRCLE_NONE) round=0 yroad=0 ramp=0 road=2 speed=0 near=20/124 raw=84/105 sel=124/126 far=0/0 far_raw=0/0 l=1@10/0@-1 far_l=0@-1/0@-1 straight=0/1 far_straight=0/0 circle_cnt=0/0/0/0 lost=0/0 conf=96.6/3.4/0.0/0.0 dist=0 begin=0/0 m0=(84,119) ml=(81,79) md=41/1/129 cxcy=84.0,119.6 guide=1.48 atg=0.0/0.0/0.0 pure=0.23/-0.13 yaw=-50 cmd=132 actual=-141 signed=0 rps=4786/5147:5778/5676 duty=10/14 pwm=PWM2:10/PWM1:14 motor=2:10/1:14
CrossDiag: type=CROSS_NONE track=1 half_lr=0/0 nearL=1@10/0@-1 nearNum=20/124 centerNum=20/124 farL=0@-1/0@-1 farNum=0/0 farRaw=0/0 lost=0/0 not_have=0 final=124/126 flags=0/0
LineErr: aim=41 cxcy=84.0,119.6 left=1:7.72@75,77 dx=-8.9 idx=0/9 dist=40/82 right=1:2.54@81,76 dx=-3.0 idx=0/17 dist=40/252 sel=1:2.45@81,75 dx=-2.9 idx=0/20 dist=40/250 edge=1:11.74@71.5,82.5 dx=-12.5 width=75.3 l=36,95 r=107,70
CxScan: raw_ref=80.0 edge=71.5,82.5 best_raw_x=45 best_err=-0.86 best_cxcy=70.6,119.5 scan=0:-16.9,10:-13.4,20:-9.9,30:-6.3,40:-2.7,50:1.0,60:4.6,70:8.2,80:11.7,90:15.2,100:18.5,110:21.7,120:24.8,130:27.7,140:30.4
ATGSeedDiag: seed=1@11,108/1@131,108 begin=7,108 block=5 clip=8
ATGLptDiag: best=10(96.6) imip=0/19 pass=11111 acc=10 ipm=55.7,93.0 inv=36.4,58.6 | 40(3.4) imip=30/50 pass=10111 acc=-1 ipm=111.9,24.0 inv=90.8,21.0
ATGCircleEntryBreakpoints: side=L near=1@10 seed=31,41 hit=0@31,-1 sharp=0 raw=31.2,41.5 th=0
frame=88 line=1 track=1 cross=0 circle=0(CIRCLE_NONE) round=0 yroad=0 ramp=0 road=2 speed=0 near=20/124 raw=84/105 sel=124/126 far=0/0 far_raw=0/0 l=1@10/0@-1 far_l=0@-1/0@-1 straight=0/1 far_straight=0/0 circle_cnt=0/0/0/0 lost=0/0 conf=97.1/3.2/0.0/0.0 dist=0 begin=0/0 m0=(84,119) ml=(81,79) md=41/1/129 cxcy=84.0,119.6 guide=1.23 atg=0.0/0.0/0.0 pure=0.20/-0.14 yaw=-42 cmd=6 actual=-66 signed=0 rps=4964/4980:6246/6241 duty=10/13 pwm=PWM2:10/PWM1:13 motor=2:10/1:13
CrossDiag: type=CROSS_NONE track=1 half_lr=0/0 nearL=1@10/0@-1 nearNum=20/124 centerNum=20/124 farL=0@-1/0@-1 farNum=0/0 farRaw=0/0 lost=0/0 not_have=0 final=124/126 flags=0/0
LineErr: aim=41 cxcy=84.0,119.6 left=1:8.17@75,77 dx=-9.5 idx=0/9 dist=41/83 right=1:2.51@81,76 dx=-2.9 idx=0/17 dist=40/252 sel=1:2.44@81,75 dx=-2.9 idx=0/20 dist=40/250 edge=1:12.30@71.0,83.0 dx=-13.0 width=76.6 l=35,96 r=107,70
CxScan: raw_ref=80.0 edge=71.0,83.0 best_raw_x=45 best_err=-0.39 best_cxcy=70.6,119.5 scan=0:-16.6,10:-13.1,20:-9.5,30:-5.9,40:-2.2,50:1.5,60:5.1,70:8.7,80:12.3,90:15.7,100:19.1,110:22.3,120:25.3,130:28.2,140:31.0
ATGSeedDiag: seed=1@11,108/1@131,108 begin=7,108 block=5 clip=8
ATGLptDiag: best=10(97.1) imip=0/19 pass=11111 acc=10 ipm=55.5,93.0 inv=36.2,58.5 | 39(3.2) imip=29/49 pass=10111 acc=-1 ipm=112.1,26.4 inv=91.2,21.6
ATGCircleEntryBreakpoints: side=L near=1@10 seed=29,41 hit=0@29,-1 sharp=0 raw=29.8,42.0 th=0
ATGCircleEntryBreakpoints: side=L near=1@10 seed=28,42 hit=0@28,-1 sharp=0 raw=28.8,42.4 th=0
frame=90 line=1 track=1 cross=0 circle=0(CIRCLE_NONE) round=0 yroad=0 ramp=0 road=2 speed=0 near=19/124 raw=81/105 sel=124/126 far=0/0 far_raw=0/0 l=1@10/0@-1 far_l=0@-1/0@-1 straight=0/1 far_straight=0/0 circle_cnt=0/0/0/0 lost=0/0 conf=96.6/3.7/0.0/0.0 dist=0 begin=0/0 m0=(84,119) ml=(81,79) md=41/1/129 cxcy=84.0,119.6 guide=1.62 atg=0.0/0.0/0.0 pure=0.27/-0.09 yaw=-55 cmd=-300 actual=68 signed=0 rps=5375/4552:6378/6491 duty=12/11 pwm=PWM2:12/PWM1:11 motor=2:12/1:11
CrossDiag: type=CROSS_NONE track=1 half_lr=0/0 nearL=1@10/0@-1 nearNum=19/124 centerNum=19/124 farL=0@-1/0@-1 farNum=0/0 farRaw=0/0 lost=0/0 not_have=0 final=124/126 flags=0/0
LineErr: aim=41 cxcy=84.0,119.6 left=1:9.76@72,75 dx=-11.7 idx=0/10 dist=41/77 right=1:2.92@81,76 dx=-3.4 idx=0/17 dist=40/252 sel=1:2.84@81,75 dx=-3.4 idx=0/20 dist=40/250 edge=1:11.94@71.5,83.5 dx=-12.5 width=76.0 l=36,97 r=107,70
CxScan: raw_ref=80.0 edge=71.5,83.5 best_raw_x=45 best_err=-0.88 best_cxcy=70.6,119.5 scan=0:-17.1,10:-13.7,20:-10.1,30:-6.4,40:-2.7,50:1.0,60:4.7,70:8.3,80:11.9,90:15.4,100:18.8,110:22.0,120:25.1,130:28.1,140:30.8
ATGSeedDiag: seed=1@11,108/1@131,108 begin=7,108 block=5 clip=8
ATGLptDiag: best=10(96.6) imip=0/18 pass=11111 acc=10 ipm=54.2,93.7 inv=33.8,59.4 | 38(3.7) imip=28/48 pass=10111 acc=-1 ipm=111.4,28.6 inv=91.2,22.2
ATGCircleEntryBreakpoints: side=L near=1@9 seed=29,44 hit=0@29,-1 sharp=0 raw=29.4,44.5 th=0
frame=91 line=1 track=1 cross=0 circle=0(CIRCLE_NONE) round=0 yroad=0 ramp=0 road=2 speed=0 near=18/124 raw=79/105 sel=124/126 far=0/0 far_raw=0/0 l=1@9/0@-1 far_l=0@-1/0@-1 straight=0/1 far_straight=0/0 circle_cnt=0/0/0/0 lost=0/0 conf=96.9/4.3/0.0/0.0 dist=0 begin=0/0 m0=(84,119) ml=(80,79) md=41/1/127 cxcy=84.0,119.6 guide=2.13 atg=0.0/0.0/0.0 pure=0.32/-0.05 yaw=-73 cmd=-416 actual=99 signed=0 rps=5521/4382:6105/6229 duty=12/10 pwm=PWM2:12/PWM1:10 motor=2:12/1:10
CrossDiag: type=CROSS_NONE track=1 half_lr=0/0 nearL=1@9/0@-1 nearNum=18/124 centerNum=18/124 farL=0@-1/0@-1 farNum=0/0 farRaw=0/0 lost=0/0 not_have=0 final=124/126 flags=0/0
LineErr: aim=41 cxcy=84.0,119.6 left=1:10.61@72,76 dx=-12.5 idx=0/10 dist=39/71 right=1:3.29@80,76 dx=-3.8 idx=0/17 dist=40/252 sel=1:3.16@80,75 dx=-3.8 idx=0/20 dist=40/250 edge=1:11.57@72.0,84.0 dx=-12.0 width=75.4 l=37,98 r=107,70
CxScan: raw_ref=80.0 edge=72.0,84.0 best_raw_x=50 best_err=0.50 best_cxcy=72.5,119.5 scan=0:-17.7,10:-14.2,20:-10.6,30:-7.0,40:-3.2,50:0.5,60:4.2,70:7.9,80:11.6,90:15.1,100:18.5,110:21.8,120:24.9,130:27.9,140:30.7
ATGSeedDiag: seed=1@11,108/1@130,108 begin=7,108 block=5 clip=8
ATGLptDiag: best=9(96.9) imip=0/17 pass=11111 acc=9 ipm=55.3,95.4 inv=34.4,61.5 | 2(4.3) imip=0/12 pass=10111 acc=-1 ipm=105.6,111.9 inv=122.9,91.4
ATGCircleEntryBreakpoints: side=L near=1@9 seed=28,44 hit=0@28,-1 sharp=0 raw=28.2,44.9 th=0
frame=92 line=1 track=1 cross=0 circle=0(CIRCLE_NONE) round=0 yroad=0 ramp=0 road=2 speed=0 near=17/124 raw=78/105 sel=124/126 far=0/0 far_raw=0/0 l=1@9/0@-1 far_l=0@-1/0@-1 straight=0/1 far_straight=0/0 circle_cnt=0/0/0/0 lost=0/0 conf=97.2/4.0/0.0/0.0 dist=0 begin=0/0 m0=(84,119) ml=(80,79) md=41/1/127 cxcy=84.0,119.6 guide=2.13 atg=-1.0/0.0/0.0 pure=0.36/-0.01 yaw=-73 cmd=-443 actual=113 signed=0 rps=5558/4345:6211/6472 duty=12/10 pwm=PWM2:12/PWM1:10 motor=2:12/1:10
CrossDiag: type=CROSS_NONE track=1 half_lr=0/0 nearL=1@9/0@-1 nearNum=17/124 centerNum=17/124 farL=0@-1/0@-1 farNum=0/0 farRaw=0/0 lost=0/0 not_have=0 final=124/126 flags=0/0
LineErr: aim=41 cxcy=84.0,119.6 left=1:13.87@68,77 dx=-16.3 idx=0/11 dist=40/63 right=1:3.34@80,76 dx=-3.9 idx=0/17 dist=40/255 sel=1:3.24@80,75 dx=-3.9 idx=0/20 dist=40/250 edge=1:10.63@73.0,84.0 dx=-11.0 width=73.5 l=39,98 r=107,70
CxScan: raw_ref=80.0 edge=73.0,84.0 best_raw_x=50 best_err=-0.47 best_cxcy=72.5,119.5 scan=0:-18.6,10:-15.2,20:-11.6,30:-7.9,40:-4.2,50:-0.5,60:3.3,70:7.0,80:10.6,90:14.2,100:17.6,110:20.9,120:24.1,130:27.1,140:30.0
ATGSeedDiag: seed=1@11,108/1@130,108 begin=7,108 block=5 clip=8
ATGLptDiag: best=9(97.2) imip=0/16 pass=11111 acc=9 ipm=54.7,95.7 inv=33.2,61.9 | 1(4.0) imip=0/11 pass=10111 acc=-1 ipm=105.4,114.2 inv=125.7,98.0
ATGCircleEntryBreakpoints: side=L near=1@9 seed=26,45 hit=0@26,-1 sharp=0 raw=26.8,45.4 th=0
frame=93 line=1 track=1 cross=0 circle=0(CIRCLE_NONE) round=0 yroad=0 ramp=0 road=2 speed=0 near=17/124 raw=76/104 sel=124/126 far=0/0 far_raw=0/0 l=1@9/0@-1 far_l=0@-1/0@-1 straight=0/1 far_straight=0/0 circle_cnt=0/0/0/0 lost=0/0 conf=96.2/3.7/0.0/0.0 dist=0 begin=0/0 m0=(84,119) ml=(80,79) md=41/1/127 cxcy=84.0,119.6 guide=2.01 atg=0.0/0.0/0.0 pure=0.32/-0.06 yaw=-68 cmd=-400 actual=98 signed=0 rps=5502/4407:6173/6486 duty=12/10 pwm=PWM2:12/PWM1:10 motor=2:12/1:10
CrossDiag: type=CROSS_NONE track=1 half_lr=0/0 nearL=1@9/0@-1 nearNum=17/124 centerNum=17/124 farL=0@-1/0@-1 farNum=0/0 farRaw=0/0 lost=0/0 not_have=0 final=124/126 flags=0/0
LineErr: aim=41 cxcy=84.0,119.6 left=1:15.15@66,77 dx=-17.9 idx=0/11 dist=40/64 right=1:3.11@80,76 dx=-3.6 idx=0/17 dist=40/252 sel=1:2.99@80,75 dx=-3.6 idx=0/20 dist=40/250 edge=1:11.19@72.5,84.5 dx=-11.5 width=74.8 l=38,99 r=107,70
CxScan: raw_ref=80.0 edge=72.5,84.5 best_raw_x=50 best_err=0.02 best_cxcy=72.5,119.5 scan=0:-18.3,10:-14.8,20:-11.2,30:-7.5,40:-3.8,50:0.0,60:3.8,70:7.5,80:11.2,90:14.8,100:18.2,110:21.5,120:24.7,130:27.7,140:30.6
ATGSeedDiag: seed=1@11,108/1@130,107 begin=7,108 block=5 clip=8
ATGLptDiag: best=9(96.2) imip=0/16 pass=11111 acc=9 ipm=53.9,96.0 inv=31.8,62.4 | 38(3.7) imip=28/48 pass=10111 acc=-1 ipm=110.9,28.3 inv=90.8,22.1
ATGCircleEntryBreakpoints: side=L near=1@8 seed=27,47 hit=0@27,-1 sharp=0 raw=27.2,47.6 th=0
frame=94 line=1 track=1 cross=0 circle=0(CIRCLE_NONE) round=0 yroad=0 ramp=0 road=2 speed=0 near=16/124 raw=74/104 sel=124/126 far=0/0 far_raw=0/0 l=1@8/0@-1 far_l=0@-1/0@-1 straight=0/1 far_straight=0/0 circle_cnt=0/0/0/0 lost=0/0 conf=95.1/3.9/0.0/0.0 dist=0 begin=0/0 m0=(84,119) ml=(81,79) md=41/1/129 cxcy=84.0,119.6 guide=1.62 atg=0.0/0.0/0.0 pure=0.27/-0.08 yaw=-55 cmd=-327 actual=81 signed=0 rps=5412/4515:5731/5969 duty=13/11 pwm=PWM2:13/PWM1:11 motor=2:13/1:11
CrossDiag: type=CROSS_NONE track=1 half_lr=0/0 nearL=1@8/0@-1 nearNum=16/124 centerNum=16/124 farL=0@-1/0@-1 farNum=0/0 farRaw=0/0 lost=0/0 not_have=0 final=124/126 flags=0/0
LineErr: aim=41 cxcy=84.0,119.6 left=1:18.87@62,77 dx=-22.5 idx=0/12 dist=42/56 right=1:2.90@81,75 dx=-3.4 idx=0/17 dist=40/255 sel=1:2.84@81,75 dx=-3.4 idx=0/20 dist=40/250 edge=1:10.81@73.0,85.0 dx=-11.0 width=74.3 l=39,100 r=107,70
CxScan: raw_ref=80.0 edge=73.0,85.0 best_raw_x=50 best_err=-0.48 best_cxcy=72.5,119.5 scan=0:-18.9,10:-15.4,20:-11.8,30:-8.1,40:-4.3,50:-0.5,60:3.3,70:7.1,80:10.8,90:14.4,100:17.9,110:21.3,120:24.5,130:27.5,140:30.4
ATGSeedDiag: seed=1@11,108/1@130,107 begin=7,108 block=5 clip=8
ATGLptDiag: best=8(95.1) imip=0/15 pass=11111 acc=8 ipm=55.0,97.6 inv=32.2,64.6 | 1(3.9) imip=0/11 pass=10111 acc=-1 ipm=105.5,113.9 inv=125.7,97.1
ATGCircleEntryBreakpoints: side=L near=1@8 seed=25,48 hit=0@25,-1 sharp=0 raw=25.9,48.0 th=0
ATGCircleEntryBreakpoints: side=L near=1@8 seed=24,48 hit=0@24,-1 sharp=0 raw=24.8,48.6 th=0
frame=96 line=1 track=1 cross=0 circle=0(CIRCLE_NONE) round=0 yroad=0 ramp=0 road=2 speed=0 near=15/124 raw=71/105 sel=124/126 far=0/0 far_raw=0/0 l=1@8/0@-1 far_l=0@-1/0@-1 straight=0/1 far_straight=0/0 circle_cnt=0/0/0/0 lost=0/0 conf=96.0/4.1/0.0/0.0 dist=0 begin=0/0 m0=(84,119) ml=(81,79) md=41/1/130 cxcy=84.0,119.6 guide=1.62 atg=0.0/0.0/0.0 pure=0.28/-0.06 yaw=-55 cmd=-282 actual=59 signed=0 rps=5350/4576:5860/5739 duty=12/12 pwm=PWM2:12/PWM1:12 motor=2:12/1:12
CrossDiag: type=CROSS_NONE track=1 half_lr=0/0 nearL=1@8/0@-1 nearNum=15/124 centerNum=15/124 farL=0@-1/0@-1 farNum=0/0 farRaw=0/0 lost=0/0 not_have=0 final=124/126 flags=0/0
LineErr: aim=41 cxcy=84.0,119.6 left=1:20.99@59,78 dx=-24.7 idx=0/12 dist=40/50 right=1:2.91@81,76 dx=-3.4 idx=0/17 dist=40/254 sel=1:2.81@81,75 dx=-3.3 idx=0/20 dist=40/250 edge=1:10.42@73.5,85.5 dx=-10.5 width=73.8 l=40,101 r=107,70
CxScan: raw_ref=80.0 edge=73.5,85.5 best_raw_x=55 best_err=0.94 best_cxcy=74.4,119.5 scan=0:-19.5,10:-16.0,20:-12.4,30:-8.6,40:-4.8,50:-1.0,60:2.9,70:6.7,80:10.4,90:14.1,100:17.6,110:21.0,120:24.3,130:27.3,140:30.3
ATGSeedDiag: seed=1@11,108/1@131,108 begin=7,108 block=5 clip=8
ATGLptDiag: best=8(96.0) imip=0/14 pass=11111 acc=8 ipm=53.7,98.3 inv=29.8,65.6 | 37(4.1) imip=27/47 pass=10111 acc=-1 ipm=111.1,30.9 inv=91.4,22.8
ATGCircleEntryBreakpoints: side=L near=1@7 seed=25,51 hit=0@25,-1 sharp=0 raw=25.5,51.0 th=0
frame=97 line=1 track=1 cross=0 circle=0(CIRCLE_NONE) round=0 yroad=0 ramp=0 road=2 speed=0 near=14/124 raw=70/104 sel=124/126 far=0/0 far_raw=0/0 l=1@7/0@-1 far_l=0@-1/0@-1 straight=0/1 far_straight=0/0 circle_cnt=0/0/0/0 lost=0/0 conf=95.5/4.2/0.0/0.0 dist=0 begin=0/0 m0=(84,119) ml=(80,79) md=41/1/127 cxcy=84.0,119.6 guide=1.88 atg=0.0/0.0/0.0 pure=0.28/-0.06 yaw=-64 cmd=-244 actual=26 signed=0 rps=5292/4623:6363/6120 duty=11/11 pwm=PWM2:11/PWM1:11 motor=2:11/1:11
CrossDiag: type=CROSS_NONE track=1 half_lr=0/0 nearL=1@7/0@-1 nearNum=14/124 centerNum=14/124 farL=0@-1/0@-1 farNum=0/0 farRaw=0/0 lost=0/0 not_have=0 final=124/126 flags=0/0
LineErr: aim=41 cxcy=84.0,119.6 left=1:25.07@54,79 dx=-29.9 idx=0/13 dist=43/43 right=1:2.95@81,75 dx=-3.5 idx=0/17 dist=40/253 sel=1:2.87@81,75 dx=-3.4 idx=0/20 dist=40/250 edge=1:9.53@74.5,86.0 dx=-9.5 width=72.4 l=42,102 r=107,70
CxScan: raw_ref=80.0 edge=74.5,86.0 best_raw_x=55 best_err=-0.07 best_cxcy=74.4,119.5 scan=0:-20.6,10:-17.1,20:-13.4,30:-9.7,40:-5.9,50:-2.0,60:1.9,70:5.7,80:9.5,90:13.2,100:16.8,110:20.3,120:23.6,130:26.7,140:29.7
ATGSeedDiag: seed=1@11,108/1@130,107 begin=7,108 block=5 clip=8
ATGLptDiag: best=7(95.5) imip=0/13 pass=11111 acc=7 ipm=55.0,99.9 inv=30.5,68.0 | 1(4.2) imip=0/11 pass=10111 acc=-1 ipm=105.5,113.9 inv=125.7,97.1
ATGCircleEntryBreakpoints: side=L near=1@7 seed=23,51 hit=0@23,-1 sharp=0 raw=23.7,51.7 th=0
frame=98 line=1 track=1 cross=0 circle=0(CIRCLE_NONE) round=0 yroad=0 ramp=0 road=2 speed=0 near=14/124 raw=67/105 sel=124/126 far=0/0 far_raw=0/0 l=1@7/0@-1 far_l=0@-1/0@-1 straight=0/1 far_straight=0/0 circle_cnt=0/0/0/0 lost=0/0 conf=94.3/3.5/0.0/0.0 dist=0 begin=0/0 m0=(84,119) ml=(80,79) md=41/1/127 cxcy=84.0,119.6 guide=2.13 atg=0.0/0.0/0.0 pure=0.34/-0.05 yaw=-73 cmd=-194 actual=-12 signed=0 rps=5217/4686:6661/6524 duty=11/11 pwm=PWM2:11/PWM1:11 motor=2:11/1:11
CrossDiag: type=CROSS_NONE track=1 half_lr=0/0 nearL=1@7/0@-1 nearNum=14/124 centerNum=14/124 farL=0@-1/0@-1 farNum=0/0 farRaw=0/0 lost=0/0 not_have=0 final=124/126 flags=0/0
LineErr: aim=41 cxcy=84.0,119.6 left=1:27.21@51,79 dx=-32.9 idx=0/13 dist=43/43 right=1:3.29@80,76 dx=-3.8 idx=0/17 dist=40/256 sel=1:3.16@80,75 dx=-3.8 idx=0/20 dist=40/250 edge=1:10.10@74.0,86.5 dx=-10.0 width=73.8 l=41,103 r=107,70
CxScan: raw_ref=80.0 edge=74.0,86.5 best_raw_x=55 best_err=0.44 best_cxcy=74.4,119.5 scan=0:-20.3,10:-16.7,20:-13.1,30:-9.3,40:-5.4,50:-1.5,60:2.4,70:6.3,80:10.1,90:13.8,100:17.4,110:20.9,120:24.2,130:27.3,140:30.3
ATGSeedDiag: seed=1@11,108/1@130,108 begin=7,108 block=5 clip=8
ATGLptDiag: best=7(94.3) imip=0/13 pass=11111 acc=7 ipm=54.1,100.3 inv=28.7,68.7 | 35(3.5) imip=25/45 pass=10111 acc=-1 ipm=110.4,35.6 inv=91.7,24.1
ATGCircleEntryBreakpoints: side=L near=1@7 seed=22,52 hit=0@22,-1 sharp=0 raw=22.4,52.3 th=0
frame=99 line=1 track=1 cross=0 circle=0(CIRCLE_NONE) round=0 yroad=0 ramp=0 road=2 speed=0 near=13/124 raw=67/105 sel=124/126 far=0/0 far_raw=0/0 l=1@7/0@-1 far_l=0@-1/0@-1 straight=0/1 far_straight=0/0 circle_cnt=0/0/0/0 lost=0/0 conf=93.9/3.8/0.0/0.0 dist=0 begin=0/0 m0=(84,119) ml=(80,79) md=41/1/127 cxcy=84.0,119.6 guide=2.01 atg=0.0/0.0/0.0 pure=0.31/-0.05 yaw=-68 cmd=-133 actual=-36 signed=0 rps=5137/4772:6477/6395 duty=11/12 pwm=PWM2:11/PWM1:12 motor=2:11/1:12
CrossDiag: type=CROSS_NONE track=1 half_lr=0/0 nearL=1@7/0@-1 nearNum=13/124 centerNum=13/124 farL=0@-1/0@-1 farNum=0/0 farRaw=0/0 lost=0/0 not_have=0 final=124/126 flags=0/0
LineErr: aim=41 cxcy=84.0,119.6 left=1:24.14@56,81 dx=-27.6 idx=0/12 dist=35/35 right=1:3.14@80,76 dx=-3.7 idx=0/17 dist=40/256 sel=1:3.01@80,75 dx=-3.6 idx=0/20 dist=40/250 edge=1:9.61@74.5,86.5 dx=-9.5 width=72.9 l=42,103 r=107,70
CxScan: raw_ref=80.0 edge=74.5,86.5 best_raw_x=55 best_err=-0.07 best_cxcy=74.4,119.5 scan=0:-20.7,10:-17.2,20:-13.5,30:-9.8,40:-5.9,50:-2.0,60:1.9,70:5.8,80:9.6,90:13.4,100:17.0,110:20.5,120:23.8,130:26.9,140:29.9
ATGSeedDiag: seed=1@11,108/1@130,108 begin=7,108 block=5 clip=8
ATGLptDiag: best=7(93.9) imip=0/12 pass=11111 acc=7 ipm=53.5,100.7 inv=27.4,69.3 | 1(3.8) imip=0/11 pass=10111 acc=-1 ipm=105.4,114.2 inv=125.7,98.0
ATGCircleEntryBreakpoints: side=L near=1@6 seed=23,54 hit=0@23,-1 sharp=0 raw=23.3,54.8 th=0
frame=100 line=1 track=1 cross=0 circle=0(CIRCLE_NONE) round=0 yroad=0 ramp=0 road=2 speed=0 near=13/124 raw=63/105 sel=124/126 far=0/0 far_raw=0/0 l=1@6/0@-1 far_l=0@-1/0@-1 straight=0/1 far_straight=0/0 circle_cnt=0/0/0/0 lost=0/0 conf=94.2/3.9/0.0/0.0 dist=0 begin=0/0 m0=(84,119) ml=(80,79) md=41/1/127 cxcy=84.0,119.6 guide=2.01 atg=0.0/0.0/0.0 pure=0.29/-0.05 yaw=-68 cmd=-127 actual=-39 signed=0 rps=5128/4781:6687/6570 duty=10/11 pwm=PWM2:10/PWM1:11 motor=2:10/1:11
CrossDiag: type=CROSS_NONE track=1 half_lr=0/0 nearL=1@6/0@-1 nearNum=13/124 centerNum=13/124 farL=0@-1/0@-1 farNum=0/0 farRaw=0/0 lost=0/0 not_have=0 final=124/126 flags=0/0
LineErr: aim=41 cxcy=84.0,119.6 left=1:25.98@54,81 dx=-30.1 idx=0/12 dist=35/35 right=1:3.14@80,76 dx=-3.7 idx=0/17 dist=40/254 sel=1:3.01@80,75 dx=-3.6 idx=0/20 dist=40/250 edge=1:10.19@74.0,87.0 dx=-10.0 width=74.2 l=41,104 r=107,70
CxScan: raw_ref=80.0 edge=74.0,87.0 best_raw_x=55 best_err=0.45 best_cxcy=74.4,119.5 scan=0:-20.5,10:-16.9,20:-13.2,30:-9.4,40:-5.5,50:-1.5,60:2.4,70:6.3,80:10.2,90:14.0,100:17.6,110:21.1,120:24.4,130:27.6,140:30.5
ATGSeedDiag: seed=1@11,108/1@130,108 begin=7,108 block=5 clip=8
ATGLptDiag: best=6(94.2) imip=0/12 pass=11111 acc=6 ipm=54.9,102.2 inv=28.3,71.8 | 35(3.9) imip=25/45 pass=10111 acc=-1 ipm=110.5,35.6 inv=91.8,24.1
ATGCircleEntryBreakpoints: side=L near=1@6 seed=21,55 hit=0@21,-1 sharp=0 raw=21.9,55.2 th=0
ATGCircleEntryBreakpoints: side=L near=1@5 seed=21,58 hit=0@21,-1 sharp=0 raw=22.0,58.9 th=0
frame=102 line=1 track=1 cross=0 circle=0(CIRCLE_NONE) round=0 yroad=0 ramp=0 road=2 speed=0 near=11/124 raw=60/105 sel=124/126 far=0/0 far_raw=0/0 l=1@5/0@-1 far_l=0@-1/0@-1 straight=0/1 far_straight=0/0 circle_cnt=0/0/0/0 lost=0/0 conf=91.6/4.4/0.0/0.0 dist=0 begin=0/0 m0=(84,119) ml=(81,79) md=41/1/130 cxcy=84.0,119.6 guide=1.62 atg=0.0/0.0/0.0 pure=0.23/-0.05 yaw=-55 cmd=-87 actual=-39 signed=0 rps=5082/4845:6419/6593 duty=11/12 pwm=PWM2:11/PWM1:12 motor=2:11/1:12
CrossDiag: type=CROSS_NONE track=1 half_lr=0/0 nearL=1@5/0@-1 nearNum=11/124 centerNum=11/124 farL=0@-1/0@-1 farNum=0/0 farRaw=0/0 lost=0/0 not_have=0 final=124/126 flags=0/0
LineErr: aim=41 cxcy=84.0,119.6 left=1:20.95@62,86 dx=-21.6 idx=0/10 dist=20/20 right=1:2.80@81,75 dx=-3.3 idx=0/17 dist=40/255 sel=1:2.72@81,75 dx=-3.2 idx=0/20 dist=40/250 edge=1:8.77@75.5,87.5 dx=-8.5 width=72.1 l=44,105 r=107,70
CxScan: raw_ref=80.0 edge=75.5,87.5 best_raw_x=60 best_err=0.89 best_cxcy=76.4,119.5 scan=0:-22.0,10:-18.4,20:-14.8,30:-11.0,40:-7.1,50:-3.1,60:0.9,70:4.9,80:8.8,90:12.6,100:16.3,110:19.9,120:23.3,130:26.5,140:29.6
ATGSeedDiag: seed=1@11,108/1@131,108 begin=7,108 block=5 clip=8
ATGLptDiag: best=5(91.6) imip=0/10 pass=11111 acc=5 ipm=55.4,104.5 inv=27.0,75.9 | 34(4.4) imip=24/44 pass=10111 acc=-1 ipm=110.8,37.9 inv=92.4,24.8
ATGCircleEntryBreakpoints: side=L near=1@5 seed=21,58 hit=0@21,-1 sharp=0 raw=21.5,59.0 th=0
frame=103 line=1 track=1 cross=0 circle=0(CIRCLE_NONE) round=0 yroad=0 ramp=0 road=2 speed=0 near=11/124 raw=58/105 sel=124/126 far=0/0 far_raw=0/0 l=1@5/0@-1 far_l=0@-1/0@-1 straight=0/1 far_straight=0/0 circle_cnt=0/0/0/0 lost=0/0 conf=94.6/3.5/0.0/0.0 dist=0 begin=0/0 m0=(84,119) ml=(81,79) md=41/1/129 cxcy=84.0,119.6 guide=1.62 atg=0.0/0.0/0.0 pure=0.23/-0.05 yaw=-55 cmd=-114 actual=-26 signed=0 rps=5120/4807:5949/6199 duty=11/12 pwm=PWM2:11/PWM1:12 motor=2:11/1:12
CrossDiag: type=CROSS_NONE track=1 half_lr=0/0 nearL=1@5/0@-1 nearNum=11/124 centerNum=11/124 farL=0@-1/0@-1 farNum=0/0 farRaw=0/0 lost=0/0 not_have=0 final=124/126 flags=0/0
LineErr: aim=41 cxcy=84.0,119.6 left=1:22.30@61,86 dx=-23.2 idx=0/10 dist=20/20 right=1:2.90@81,76 dx=-3.4 idx=0/17 dist=41/256 sel=1:2.84@81,75 dx=-3.4 idx=0/20 dist=40/250 edge=1:8.85@75.5,88.0 dx=-8.5 width=72.6 l=44,106 r=107,70
CxScan: raw_ref=80.0 edge=75.5,88.0 best_raw_x=60 best_err=0.89 best_cxcy=76.4,119.5 scan=0:-22.2,10:-18.6,20:-14.9,30:-11.1,40:-7.1,50:-3.1,60:0.9,70:4.9,80:8.8,90:12.7,100:16.5,110:20.1,120:23.5,130:26.7,140:29.8
ATGSeedDiag: seed=1@11,108/1@131,108 begin=7,108 block=5 clip=8
ATGLptDiag: best=5(94.6) imip=0/10 pass=11111 acc=5 ipm=55.1,104.6 inv=26.5,76.0 | 34(3.5) imip=24/44 pass=10111 acc=-1 ipm=110.8,37.9 inv=92.4,24.8
ATGCircleEntryBreakpoints: side=L near=1@5 seed=19,59 hit=0@19,-1 sharp=0 raw=19.2,59.7 th=0
frame=104 line=1 track=1 cross=0 circle=0(CIRCLE_NONE) round=0 yroad=0 ramp=0 road=2 speed=0 near=10/124 raw=54/105 sel=124/126 far=0/0 far_raw=0/0 l=1@5/0@-1 far_l=0@-1/0@-1 straight=0/1 far_straight=0/0 circle_cnt=0/0/0/0 lost=0/0 conf=91.5/3.3/0.0/0.0 dist=0 begin=0/0 m0=(84,119) ml=(81,79) md=41/1/129 cxcy=84.0,119.6 guide=1.61 atg=0.0/0.0/0.0 pure=0.22/-0.10 yaw=-55 cmd=-160 actual=-2 signed=0 rps=5182/4745:6118/6258 duty=11/12 pwm=PWM2:11/PWM1:12 motor=2:11/1:12
CrossDiag: type=CROSS_NONE track=1 half_lr=0/0 nearL=1@5/0@-1 nearNum=10/124 centerNum=10/124 farL=0@-1/0@-1 farNum=0/0 farRaw=0/0 lost=0/0 not_have=0 final=124/126 flags=0/0
LineErr: aim=41 cxcy=84.0,119.6 left=1:21.14@63,87 dx=-21.5 idx=0/9 dist=18/18 right=1:2.64@81,76 dx=-3.1 idx=0/17 dist=40/256 sel=1:2.53@81,75 dx=-3.0 idx=0/20 dist=40/250 edge=1:8.34@76.0,88.0 dx=-8.0 width=71.7 l=45,106 r=107,70
CxScan: raw_ref=80.0 edge=76.0,88.0 best_raw_x=60 best_err=0.37 best_cxcy=76.4,119.5 scan=0:-22.6,10:-19.1,20:-15.4,30:-11.6,40:-7.6,50:-3.6,60:0.4,70:4.4,80:8.3,90:12.2,100:16.0,110:19.6,120:23.0,130:26.3,140:29.4
ATGSeedDiag: seed=1@11,108/1@131,108 begin=7,108 block=5 clip=8
ATGLptDiag: best=5(91.5) imip=0/9 pass=11111 acc=5 ipm=54.0,104.9 inv=24.2,76.7 | 33(3.3) imip=23/43 pass=10111 acc=-1 ipm=110.8,40.2 inv=92.9,25.5
ATGCircleEntryBreakpoints: side=L near=1@4 seed=19,63 hit=0@19,-1 sharp=0 raw=19.3,63.5 th=0
ATGCircleEntryBreakpoints: side=L near=1@4 seed=18,63 hit=0@18,-1 sharp=0 raw=18.4,63.7 th=0
frame=106 line=1 track=1 cross=0 circle=0(CIRCLE_NONE) round=0 yroad=0 ramp=0 road=2 speed=0 near=9/124 raw=50/105 sel=124/126 far=0/0 far_raw=0/0 l=1@4/0@-1 far_l=0@-1/0@-1 straight=0/1 far_straight=0/0 circle_cnt=0/0/0/0 lost=0/0 conf=91.3/3.8/0.0/0.0 dist=0 begin=0/0 m0=(84,119) ml=(81,79) md=41/1/129 cxcy=84.0,119.6 guide=1.62 atg=0.0/0.0/0.0 pure=0.23/-0.05 yaw=-55 cmd=-263 actual=49 signed=0 rps=5323/4603:6127/6001 duty=12/11 pwm=PWM2:12/PWM1:11 motor=2:12/1:11
CrossDiag: type=CROSS_NONE track=1 half_lr=0/0 nearL=1@4/0@-1 nearNum=9/124 centerNum=9/124 farL=0@-1/0@-1 farNum=0/0 farRaw=0/0 lost=0/0 not_have=0 final=124/126 flags=0/0
LineErr: aim=41 cxcy=84.0,119.6 left=1:21.50@62,88 dx=-21.6 idx=0/8 dist=16/16 right=1:2.71@81,75 dx=-3.2 idx=0/17 dist=40/255 sel=1:2.65@81,75 dx=-3.2 idx=0/20 dist=40/250 edge=1:7.97@76.5,89.0 dx=-7.5 width=71.9 l=46,108 r=107,70
CxScan: raw_ref=80.0 edge=76.5,89.0 best_raw_x=60 best_err=-0.16 best_cxcy=76.4,119.5 scan=0:-23.4,10:-19.9,20:-16.1,30:-12.3,40:-8.3,50:-4.2,60:-0.2,70:3.9,80:8.0,90:11.9,100:15.8,110:19.5,120:23.0,130:26.3,140:29.5
ATGSeedDiag: seed=1@11,108/1@131,108 begin=7,108 block=5 clip=8
ATGLptDiag: best=4(91.3) imip=0/8 pass=11111 acc=4 ipm=54.8,106.9 inv=23.4,80.7 | 32(3.8) imip=22/42 pass=10111 acc=-1 ipm=110.5,42.5 inv=93.1,26.3
ATGCircleEntryBreakpoints: side=L near=1@4 seed=16,64 hit=0@16,-1 sharp=0 raw=16.1,64.8 th=0
frame=107 line=1 track=1 cross=0 circle=0(CIRCLE_NONE) round=0 yroad=0 ramp=0 road=2 speed=0 near=8/124 raw=47/104 sel=124/126 far=0/0 far_raw=0/0 l=1@4/0@-1 far_l=0@-1/0@-1 straight=0/1 far_straight=0/0 circle_cnt=0/0/0/0 lost=0/0 conf=87.9/4.3/0.0/0.0 dist=0 begin=0/0 m0=(84,119) ml=(80,79) md=41/1/127 cxcy=84.0,119.6 guide=2.01 atg=0.0/0.0/0.0 pure=0.26/-0.01 yaw=-68 cmd=-326 actual=61 signed=0 rps=5401/4508:6386/6269 duty=12/11 pwm=PWM2:12/PWM1:11 motor=2:12/1:11
CrossDiag: type=CROSS_NONE track=1 half_lr=0/0 nearL=1@4/0@-1 nearNum=8/124 centerNum=8/124 farL=0@-1/0@-1 farNum=0/0 farRaw=0/0 lost=0/0 not_have=0 final=124/126 flags=0/0
LineErr: aim=41 cxcy=84.0,119.6 left=1:20.17@64,89 dx=-19.8 idx=0/7 dist=14/14 right=1:3.07@80,75 dx=-3.6 idx=0/17 dist=42/256 sel=1:3.02@80,75 dx=-3.6 idx=0/20 dist=40/250 edge=1:7.51@77.0,89.5 dx=-7.0 width=71.6 l=47,109 r=107,70
CxScan: raw_ref=80.0 edge=77.0,89.5 best_raw_x=60 best_err=-0.70 best_cxcy=76.4,119.5 scan=0:-24.1,10:-20.5,20:-16.8,30:-12.9,40:-8.9,50:-4.8,60:-0.7,70:3.4,80:7.5,90:11.5,100:15.4,110:19.1,120:22.7,130:26.1,140:29.3
ATGSeedDiag: seed=1@11,108/1@130,107 begin=7,108 block=5 clip=8
ATGLptDiag: best=4(87.9) imip=0/7 pass=11111 acc=4 ipm=53.8,107.4 inv=21.1,81.8 | 1(4.3) imip=0/11 pass=10111 acc=-1 ipm=105.5,113.9 inv=125.7,97.1
ATGCircleEntryBreakpoints: side=L near=1@3 seed=16,68 hit=0@16,-1 sharp=0 raw=16.5,68.7 th=0
frame=108 line=1 track=1 cross=0 circle=0(CIRCLE_NONE) round=0 yroad=0 ramp=0 road=2 speed=0 near=8/124 raw=45/105 sel=124/126 far=0/0 far_raw=0/0 l=1@3/0@-1 far_l=0@-1/0@-1 straight=0/1 far_straight=0/0 circle_cnt=0/0/0/0 lost=0/0 conf=87.8/3.2/0.0/0.0 dist=0 begin=0/0 m0=(84,119) ml=(80,79) md=41/1/127 cxcy=84.0,119.6 guide=2.13 atg=0.0/0.0/0.0 pure=0.24/0.00 yaw=-73 cmd=-340 actual=61 signed=0 rps=5418/4486:6565/6553 duty=12/10 pwm=PWM2:12/PWM1:10 motor=2:12/1:10
CrossDiag: type=CROSS_NONE track=1 half_lr=0/0 nearL=1@3/0@-1 nearNum=8/124 centerNum=8/124 farL=0@-1/0@-1 farNum=0/0 farRaw=0/0 lost=0/0 not_have=0 final=124/126 flags=0/0
LineErr: aim=41 cxcy=84.0,119.6 left=1:22.58@61,88 dx=-22.7 idx=0/7 dist=14/14 right=1:3.25@80,76 dx=-3.8 idx=0/17 dist=40/252 sel=1:3.17@80,75 dx=-3.8 idx=0/20 dist=40/250 edge=1:8.04@76.5,89.5 dx=-7.5 width=72.4 l=46,109 r=107,70
CxScan: raw_ref=80.0 edge=76.5,89.5 best_raw_x=60 best_err=-0.16 best_cxcy=76.4,119.5 scan=0:-23.6,10:-20.0,20:-16.3,30:-12.4,40:-8.4,50:-4.3,60:-0.2,70:4.0,80:8.0,90:12.0,100:15.9,110:19.6,120:23.2,130:26.5,140:29.7
ATGSeedDiag: seed=1@11,108/1@131,108 begin=7,108 block=5 clip=8
ATGLptDiag: best=3(87.8) imip=0/7 pass=11111 acc=3 ipm=55.2,109.2 inv=21.5,85.7 | 31(3.2) imip=21/41 pass=10111 acc=-1 ipm=109.4,44.8 inv=92.8,27.1
ATGCircleEntryBreakpoints: side=L near=1@3 seed=15,68 hit=0@15,-1 sharp=0 raw=15.6,68.9 th=0
frame=109 line=1 track=1 cross=0 circle=0(CIRCLE_NONE) round=0 yroad=0 ramp=0 road=2 speed=0 near=7/124 raw=42/104 sel=124/126 far=0/0 far_raw=0/0 l=1@3/0@-1 far_l=0@-1/0@-1 straight=0/1 far_straight=0/0 circle_cnt=0/0/0/0 lost=0/0 conf=87.5/3.4/0.0/0.0 dist=0 begin=0/0 m0=(84,119) ml=(80,79) md=41/1/128 cxcy=84.0,119.6 guide=2.13 atg=0.0/0.0/0.0 pure=0.24/0.00 yaw=-73 cmd=-324 actual=53 signed=0 rps=5395/4508:6853/6801 duty=11/10 pwm=PWM2:11/PWM1:10 motor=2:11/1:10
CrossDiag: type=CROSS_NONE track=1 half_lr=0/0 nearL=1@3/0@-1 nearNum=7/124 centerNum=7/124 farL=0@-1/0@-1 farNum=0/0 farRaw=0/0 lost=0/0 not_have=0 final=124/126 flags=0/0
LineErr: aim=41 cxcy=84.0,119.6 left=1:20.14@65,90 dx=-19.5 idx=0/6 dist=12/12 right=1:3.43@80,78 dx=-3.9 idx=0/16 dist=40/255 sel=1:3.16@80,75 dx=-3.8 idx=0/20 dist=40/250 edge=1:7.05@77.5,90.0 dx=-6.5 width=71.3 l=48,110 r=107,70
CxScan: raw_ref=80.0 edge=77.5,90.0 best_raw_x=65 best_err=0.84 best_cxcy=78.3,119.5 scan=0:-24.7,10:-21.2,20:-17.4,30:-13.5,40:-9.5,50:-5.4,60:-1.2,70:2.9,80:7.1,90:11.1,100:15.0,110:18.8,120:22.4,130:25.9,140:29.1
ATGSeedDiag: seed=1@11,108/1@130,107 begin=7,108 block=5 clip=8
ATGLptDiag: best=3(87.5) imip=0/6 pass=11111 acc=3 ipm=54.7,109.3 inv=20.6,85.9 | 31(3.4) imip=21/41 pass=10111 acc=-1 ipm=109.4,44.5 inv=92.7,27.0
ATGCircleEntryBreakpoints: side=L near=1@3 seed=12,69 hit=0@12,-1 sharp=0 raw=12.9,70.0 th=0
frame=110 line=1 track=1 cross=0 circle=0(CIRCLE_NONE) round=0 yroad=0 ramp=0 road=2 speed=0 near=6/124 raw=39/105 sel=124/126 far=0/0 far_raw=0/0 l=1@3/0@-1 far_l=0@-1/0@-1 straight=0/1 far_straight=0/0 circle_cnt=0/0/0/0 lost=0/0 conf=78.7/3.6/0.0/0.0 dist=0 begin=0/0 m0=(84,119) ml=(80,79) md=41/1/127 cxcy=84.0,119.6 guide=2.01 atg=0.0/0.0/0.0 pure=0.19/-0.03 yaw=-68 cmd=-270 actual=33 signed=0 rps=5325/4584:6533/6479 duty=11/11 pwm=PWM2:11/PWM1:11 motor=2:11/1:11
CrossDiag: type=CROSS_NONE track=1 half_lr=0/0 nearL=1@3/0@-1 nearNum=6/124 centerNum=6/124 farL=0@-1/0@-1 farNum=0/0 farRaw=0/0 lost=0/0 not_have=0 final=124/126 flags=0/0
LineErr: aim=41 cxcy=84.0,119.6 left=1:18.28@67,91 dx=-17.1 idx=0/5 dist=10/10 right=1:3.24@80,78 dx=-3.7 idx=0/16 dist=40/255 sel=1:2.97@80,75 dx=-3.5 idx=0/20 dist=40/250 edge=1:6.52@78.0,90.0 dx=-6.0 width=70.5 l=49,110 r=107,70
CxScan: raw_ref=80.0 edge=78.0,90.0 best_raw_x=65 best_err=0.30 best_cxcy=78.3,119.5 scan=0:-25.2,10:-21.6,20:-17.9,30:-14.1,40:-10.0,50:-5.9,60:-1.8,70:2.4,80:6.5,90:10.6,100:14.5,110:18.3,120:22.0,130:25.4,140:28.7
ATGSeedDiag: seed=1@11,108/1@131,108 begin=7,108 block=5 clip=8
ATGLptDiag: best=3(78.7) imip=0/5 pass=11111 acc=3 ipm=53.7,109.7 inv=17.9,87.0 | 32(3.6) imip=22/42 pass=10111 acc=-1 ipm=110.2,42.5 inv=92.9,26.3
ATGCircleEntryBreakpoints: side=L near=1@2 seed=13,74 hit=0@13,-1 sharp=0 raw=13.1,74.5 th=0
ATGCircleEntryBreakpoints: side=L near=1@2 seed=12,74 hit=0@12,-1 sharp=0 raw=12.3,74.7 th=0
frame=112 line=1 track=1 cross=0 circle=0(CIRCLE_NONE) round=0 yroad=0 ramp=0 road=2 speed=0 near=5/124 raw=34/105 sel=124/126 far=0/0 far_raw=0/0 l=1@2/0@-1 far_l=0@-1/0@-1 straight=0/1 far_straight=0/0 circle_cnt=0/0/0/0 lost=0/0 conf=76.5/3.5/0.0/0.0 dist=0 begin=0/0 m0=(84,119) ml=(80,79) md=41/1/127 cxcy=84.0,119.6 guide=1.88 atg=0.0/0.0/0.0 pure=0.15/-0.05 yaw=-64 cmd=-183 actual=-4 signed=0 rps=5208/4707:6562/6823 duty=11/11 pwm=PWM2:11/PWM1:11 motor=2:11/1:11
CrossDiag: type=CROSS_NONE track=1 half_lr=0/0 nearL=1@2/0@-1 nearNum=5/124 centerNum=5/124 farL=0@-1/0@-1 farNum=0/0 farRaw=0/0 lost=0/0 not_have=0 final=124/126 flags=0/0
LineErr: aim=41 cxcy=84.0,119.6 left=1:18.17@67,92 dx=-16.8 idx=0/4 dist=8/8 right=1:3.17@80,78 dx=-3.6 idx=0/16 dist=42/257 sel=1:2.87@81,75 dx=-3.4 idx=0/20 dist=40/250 edge=1:6.04@78.5,90.5 dx=-5.5 width=70.2 l=50,111 r=107,70
CxScan: raw_ref=80.0 edge=78.5,90.5 best_raw_x=65 best_err=-0.25 best_cxcy=78.3,119.5 scan=0:-25.9,10:-22.3,20:-18.6,30:-14.7,40:-10.7,50:-6.5,60:-2.4,70:1.9,80:6.0,90:10.1,100:14.1,110:18.0,120:21.7,130:25.2,140:28.5
ATGSeedDiag: seed=1@11,108/1@131,108 begin=7,108 block=5 clip=8
ATGLptDiag: best=2(76.5) imip=0/4 pass=11111 acc=2 ipm=54.6,111.6 inv=17.3,91.7 | 31(3.5) imip=21/41 pass=10111 acc=-1 ipm=110.1,44.8 inv=93.3,27.1
ATGCircleEntryBreakpoints: side=L near=1@2 seed=10,75 hit=0@10,-1 sharp=0 raw=10.0,75.7 th=0
ATGCircleEntryBreakpoints: side=L near=1@1 seed=9,81 hit=0@9,-1 sharp=0 raw=10.0,81.1 th=0
frame=114 line=1 track=1 cross=0 circle=0(CIRCLE_NONE) round=0 yroad=0 ramp=0 road=2 speed=0 near=4/124 raw=28/105 sel=124/126 far=0/0 far_raw=0/0 l=1@1/0@-1 far_l=0@-1/0@-1 straight=0/1 far_straight=0/0 circle_cnt=0/0/0/0 lost=0/0 conf=67.4/2.9/0.0/0.0 dist=0 begin=0/0 m0=(84,119) ml=(80,79) md=41/1/127 cxcy=84.0,119.6 guide=1.88 atg=0.0/0.0/0.0 pure=0.12/-0.05 yaw=-64 cmd=-126 actual=-33 signed=0 rps=5131/4784:6332/6311 duty=11/12 pwm=PWM2:11/PWM1:12 motor=2:11/1:12
CrossDiag: type=CROSS_NONE track=1 half_lr=0/0 nearL=1@1/0@-1 nearNum=4/124 centerNum=4/124 farL=0@-1/0@-1 farNum=0/0 farRaw=0/0 lost=0/0 not_have=0 final=124/126 flags=0/0
LineErr: aim=41 cxcy=84.0,119.6 left=1:19.77@66,91 dx=-18.5 idx=0/3 dist=6/6 right=1:3.16@80,78 dx=-3.6 idx=0/16 dist=41/255 sel=1:2.88@81,75 dx=-3.4 idx=0/20 dist=40/250 edge=1:5.60@79.0,91.5 dx=-5.0 width=70.6 l=51,113 r=107,70
CxScan: raw_ref=80.0 edge=79.0,91.5 best_raw_x=65 best_err=-0.81 best_cxcy=78.3,119.5 scan=0:-26.7,10:-23.2,20:-19.4,30:-15.5,40:-11.4,50:-7.2,60:-3.0,70:1.3,80:5.6,90:9.8,100:13.9,110:17.8,120:21.6,130:25.2,140:28.6
ATGSeedDiag: seed=1@11,108/1@131,108 begin=7,108 block=5 clip=8
ATGLptDiag: best=1(67.4) imip=0/3 pass=11111 acc=1 ipm=55.1,113.8 inv=15.0,98.1 | 29(2.9) imip=19/39 pass=10111 acc=-1 ipm=109.7,49.5 inv=94.0,28.8
ATGCircleEntryBreakpoints: side=L near=1@1 seed=9,81 hit=0@9,-1 sharp=0 raw=9.1,81.3 th=0
frame=115 line=1 track=1 cross=0 circle=0(CIRCLE_NONE) round=0 yroad=0 ramp=0 road=2 speed=0 near=4/124 raw=26/104 sel=124/126 far=0/0 far_raw=0/0 l=1@1/0@-1 far_l=0@-1/0@-1 straight=0/1 far_straight=0/0 circle_cnt=0/0/0/0 lost=0/0 conf=69.2/2.8/0.0/0.0 dist=0 begin=0/0 m0=(84,119) ml=(80,79) md=41/1/127 cxcy=84.0,119.6 guide=1.88 atg=0.0/0.0/0.0 pure=0.18/-0.01 yaw=-64 cmd=-101 actual=-45 signed=0 rps=5096/4819:6326/6126 duty=11/12 pwm=PWM2:11/PWM1:12 motor=2:11/1:12
CrossDiag: type=CROSS_NONE track=1 half_lr=0/0 nearL=1@1/0@-1 nearNum=4/124 centerNum=4/124 farL=0@-1/0@-1 farNum=0/0 farRaw=0/0 lost=0/0 not_have=0 final=124/126 flags=0/0
LineErr: aim=41 cxcy=84.0,119.6 left=1:23.50@61,90 dx=-23.0 idx=0/3 dist=6/6 right=1:2.91@81,75 dx=-3.4 idx=0/17 dist=40/252 sel=1:2.87@81,75 dx=-3.4 idx=0/20 dist=40/250 edge=1:6.21@78.5,92.0 dx=-5.5 width=72.0 l=50,114 r=107,70
CxScan: raw_ref=80.0 edge=78.5,92.0 best_raw_x=65 best_err=-0.26 best_cxcy=78.3,119.5 scan=0:-26.5,10:-22.9,20:-19.1,30:-15.1,40:-11.0,50:-6.7,60:-2.4,70:1.9,80:6.2,90:10.4,100:14.6,110:18.5,120:22.3,130:25.9,140:29.2
ATGSeedDiag: seed=1@11,108/1@130,107 begin=7,108 block=5 clip=8
ATGLptDiag: best=1(69.2) imip=0/3 pass=11111 acc=1 ipm=54.8,113.9 inv=14.1,98.3 | 29(2.8) imip=19/39 pass=10111 acc=-1 ipm=109.2,49.1 inv=93.6,28.6
frame=116 line=1 track=1 cross=0 circle=0(CIRCLE_NONE) round=0 yroad=0 ramp=0 road=2 speed=0 near=3/124 raw=22/105 sel=124/126 far=0/0 far_raw=0/0 l=0@-1/0@-1 far_l=0@-1/0@-1 straight=0/1 far_straight=0/0 circle_cnt=0/0/0/0 lost=0/0 conf=53.5/3.2/0.0/0.0 dist=0 begin=0/0 m0=(84,119) ml=(80,79) md=41/1/127 cxcy=84.0,119.6 guide=2.14 atg=0.0/0.0/0.0 pure=0.18/0.00 yaw=-73 cmd=-125 actual=-47 signed=0 rps=5123/4780:6749/6557 duty=10/11 pwm=PWM2:10/PWM1:11 motor=2:10/1:11
CrossDiag: type=CROSS_NONE track=1 half_lr=0/0 nearL=0@-1/0@-1 nearNum=3/124 centerNum=3/124 farL=0@-1/0@-1 farNum=0/0 farRaw=0/0 lost=0/0 not_have=0 final=124/126 flags=0/0
LineErr: aim=41 cxcy=84.0,119.6 left=1:20.88@64,91 dx=-19.7 idx=0/2 dist=4/4 right=1:3.09@80,75 dx=-3.6 idx=0/17 dist=42/254 sel=1:3.08@80,75 dx=-3.7 idx=0/20 dist=40/250 edge=1:5.09@79.5,92.0 dx=-4.5 width=70.4 l=52,114 r=107,70
CxScan: raw_ref=80.0 edge=79.5,92.0 best_raw_x=70 best_err=0.78 best_cxcy=80.2,119.5 scan=0:-27.4,10:-23.9,20:-20.1,30:-16.2,40:-12.1,50:-7.8,60:-3.6,70:0.8,80:5.1,90:9.3,100:13.5,110:17.5,120:21.3,130:24.9,140:28.4
ATGSeedDiag: seed=1@11,108/1@130,108 begin=7,108 block=5 clip=8
ATGLptDiag: best=1(53.5) imip=0/2 pass=10111 acc=-1 ipm=54.2,114.2 inv=12.3,99.2 | 29(3.2) imip=19/39 pass=10111 acc=-1 ipm=109.2,49.4 inv=93.6,28.8
frame=117 line=1 track=1 cross=0 circle=0(CIRCLE_NONE) round=0 yroad=0 ramp=0 road=2 speed=0 near=3/124 raw=18/105 sel=124/126 far=0/0 far_raw=0/0 l=0@-1/0@-1 far_l=0@-1/0@-1 straight=0/1 far_straight=0/0 circle_cnt=0/0/0/0 lost=0/0 conf=20.4/3.8/0.0/0.0 dist=0 begin=0/0 m0=(84,119) ml=(80,79) md=41/1/127 cxcy=84.0,119.6 guide=2.13 atg=0.0/0.0/0.0 pure=0.18/0.00 yaw=-73 cmd=-115 actual=-51 signed=0 rps=5109/4794:6657/6561 duty=10/11 pwm=PWM2:10/PWM1:11 motor=2:10/1:11
CrossDiag: type=CROSS_NONE track=1 half_lr=0/0 nearL=0@-1/0@-1 nearNum=3/124 centerNum=3/124 farL=0@-1/0@-1 farNum=0/0 farRaw=0/0 lost=0/0 not_have=0 final=124/126 flags=0/0
LineErr: aim=41 cxcy=84.0,119.6 left=1:27.86@56,90 dx=-28.1 idx=0/2 dist=4/4 right=1:3.28@80,78 dx=-3.7 idx=0/16 dist=41/255 sel=1:3.08@80,75 dx=-3.7 idx=0/20 dist=40/250 edge=1:5.71@79.0,92.5 dx=-5.0 width=71.8 l=51,115 r=107,70
CxScan: raw_ref=80.0 edge=79.0,92.5 best_raw_x=65 best_err=-0.83 best_cxcy=78.3,119.5 scan=0:-27.2,10:-23.6,20:-19.8,30:-15.8,40:-11.6,50:-7.4,60:-3.0,70:1.4,80:5.7,90:10.0,100:14.2,110:18.2,120:22.0,130:25.6,140:29.0
ATGSeedDiag: seed=1@11,108/1@130,108 begin=7,108 block=5 clip=8
ATGLptDiag: best=1(20.4) imip=0/2 pass=10111 acc=-1 ipm=53.3,115.3 inv=8.4,102.6 | 1(3.8) imip=0/11 pass=10111 acc=-1 ipm=105.4,114.2 inv=125.7,98.0
frame=118 line=1 track=1 cross=0 circle=0(CIRCLE_NONE) round=0 yroad=0 ramp=0 road=2 speed=0 near=2/124 raw=14/105 sel=124/126 far=0/0 far_raw=0/0 l=0@-1/0@-1 far_l=0@-1/0@-1 straight=0/1 far_straight=0/0 circle_cnt=0/0/0/0 lost=0/0 conf=0.0/3.4/0.0/0.0 dist=0 begin=0/0 m0=(84,119) ml=(80,79) md=41/1/127 cxcy=84.0,119.6 guide=2.01 atg=0.0/0.0/0.0 pure=0.16/0.00 yaw=-68 cmd=-87 actual=-59 signed=0 rps=5074/4835:6945/6866 duty=10/11 pwm=PWM2:10/PWM1:11 motor=2:10/1:11
CrossDiag: type=CROSS_NONE track=1 half_lr=0/0 nearL=0@-1/0@-1 nearNum=2/124 centerNum=2/124 farL=0@-1/0@-1 farNum=0/0 farRaw=0/0 lost=0/0 not_have=0 final=124/126 flags=0/0
LineErr: aim=41 cxcy=84.0,119.6 left=1:26.98@57,90 dx=-26.9 idx=0/1 dist=2/2 right=1:3.05@80,75 dx=-3.6 idx=0/17 dist=41/253 sel=1:3.02@80,75 dx=-3.6 idx=0/20 dist=40/250 edge=1:4.63@80.0,93.0 dx=-4.0 width=70.9 l=53,116 r=107,70
CxScan: raw_ref=80.0 edge=80.0,93.0 best_raw_x=70 best_err=0.22 best_cxcy=80.2,119.5 scan=0:-28.3,10:-24.8,20:-21.0,30:-17.0,40:-12.9,50:-8.6,60:-4.2,70:0.2,80:4.6,90:9.0,100:13.2,110:17.3,120:21.2,130:24.9,140:28.4
ATGSeedDiag: seed=1@11,108/1@130,108 begin=7,108 block=5 clip=8
ATGLptDiag: best=-1(-57295.8) imip=-1/-1 pass=00000 acc=-1 ipm=-1.0,-1.0 inv=-1.0,-1.0 | 1(3.4) imip=0/11 pass=10111 acc=-1 ipm=105.4,114.2 inv=125.7,98.0
frame=119 line=1 track=1 cross=0 circle=0(CIRCLE_NONE) round=0 yroad=0 ramp=0 road=2 speed=0 near=2/124 raw=10/105 sel=124/126 far=0/0 far_raw=0/0 l=0@-1/0@-1 far_l=0@-1/0@-1 straight=0/1 far_straight=0/0 circle_cnt=0/0/0/0 lost=0/0 conf=0.0/2.8/0.0/0.0 dist=0 begin=0/0 m0=(84,119) ml=(80,79) md=41/1/127 cxcy=84.0,119.6 guide=1.75 atg=0.0/0.0/0.0 pure=0.09/-0.05 yaw=-59 cmd=-98 actual=-40 signed=0 rps=5095/4826:7043/7034 duty=10/11 pwm=PWM2:10/PWM1:11 motor=2:10/1:11
CrossDiag: type=CROSS_NONE track=1 half_lr=0/0 nearL=0@-1/0@-1 nearNum=2/124 centerNum=2/124 farL=0@-1/0@-1 farNum=0/0 farRaw=0/0 lost=0/0 not_have=0 final=124/126 flags=0/0
LineErr: aim=41 cxcy=84.0,119.6 left=1:30.69@53,90 dx=-31.2 idx=0/1 dist=2/2 right=1:2.84@81,75 dx=-3.4 idx=0/17 dist=41/253 sel=1:2.81@81,75 dx=-3.3 idx=0/20 dist=40/250 edge=1:5.20@79.5,93.0 dx=-4.5 width=71.7 l=52,116 r=107,70
CxScan: raw_ref=80.0 edge=79.5,93.0 best_raw_x=70 best_err=0.80 best_cxcy=80.2,119.5 scan=0:-27.9,10:-24.3,20:-20.5,30:-16.5,40:-12.3,50:-8.0,60:-3.6,70:0.8,80:5.2,90:9.5,100:13.7,110:17.8,120:21.7,130:25.4,140:28.8
ATGSeedDiag: seed=1@10,108/1@131,108 begin=7,108 block=5 clip=8
ATGLptDiag: best=-1(-57295.8) imip=-1/-1 pass=00000 acc=-1 ipm=-1.0,-1.0 inv=-1.0,-1.0 | 27(2.8) imip=17/37 pass=10111 acc=-1 ipm=109.5,54.1 inv=94.9,30.6
frame=120 line=1 track=1 cross=0 circle=0(CIRCLE_NONE) round=0 yroad=0 ramp=0 road=2 speed=0 near=0/124 raw=0/105 sel=124/126 far=0/0 far_raw=0/0 l=0@-1/0@-1 far_l=0@-1/0@-1 straight=0/1 far_straight=0/0 circle_cnt=0/0/0/0 lost=0/0 conf=0.0/3.1/0.0/0.0 dist=0 begin=0/0 m0=(84,119) ml=(81,79) md=41/1/127 cxcy=84.0,119.6 guide=1.62 atg=0.0/0.0/0.0 pure=0.08/-0.05 yaw=-55 cmd=-86 actual=-39 signed=0 rps=5082/4845:6533/6677 duty=10/11 pwm=PWM2:10/PWM1:11 motor=2:10/1:11
CrossDiag: type=CROSS_NONE track=1 half_lr=0/0 nearL=0@-1/0@-1 nearNum=0/124 centerNum=0/124 farL=0@-1/0@-1 farNum=0/0 farRaw=0/0 lost=0/0 not_have=0 final=124/126 flags=0/0
LineErr: aim=41 cxcy=84.0,119.6 left=0:0.00@-1,-1 dx=0.0 idx=-1/-1 dist=-1/-1 right=1:2.80@81,77 dx=-3.2 idx=0/16 dist=40/254 sel=1:2.71@81,75 dx=-3.2 idx=0/20 dist=40/250 edge=0:0.00@-1.0,-1.0 dx=0.0 width=0.0 l=-1,-1 r=107,70
ATGSeedDiag: seed=0@-1,-1/1@131,108 begin=7,108 block=5 clip=8
ATGLptDiag: best=-1(-57295.8) imip=-1/-1 pass=00000 acc=-1 ipm=-1.0,-1.0 inv=-1.0,-1.0 | 28(3.1) imip=18/38 pass=10111 acc=-1 ipm=109.7,51.8 inv=94.6,29.7
frame=121 line=1 track=1 cross=0 circle=0(CIRCLE_NONE) round=0 yroad=0 ramp=0 road=2 speed=0 near=0/124 raw=0/105 sel=124/126 far=0/0 far_raw=0/0 l=0@-1/0@-1 far_l=0@-1/0@-1 straight=0/1 far_straight=0/0 circle_cnt=0/0/0/0 lost=0/0 conf=0.0/2.9/0.0/0.0 dist=0 begin=0/0 m0=(84,119) ml=(81,79) md=41/1/127 cxcy=84.0,119.6 guide=1.62 atg=0.0/0.0/0.0 pure=0.08/-0.05 yaw=-55 cmd=-153 actual=-6 signed=0 rps=5172/4754:6501/6772 duty=11/11 pwm=PWM2:11/PWM1:11 motor=2:11/1:11
CrossDiag: type=CROSS_NONE track=1 half_lr=0/0 nearL=0@-1/0@-1 nearNum=0/124 centerNum=0/124 farL=0@-1/0@-1 farNum=0/0 farRaw=0/0 lost=0/0 not_have=0 final=124/126 flags=0/0
LineErr: aim=41 cxcy=84.0,119.6 left=0:0.00@-1,-1 dx=0.0 idx=-1/-1 dist=-1/-1 right=1:3.00@81,77 dx=-3.4 idx=0/16 dist=41/255 sel=1:2.70@81,75 dx=-3.2 idx=0/20 dist=40/250 edge=0:0.00@-1.0,-1.0 dx=0.0 width=0.0 l=-1,-1 r=107,70
ATGSeedDiag: seed=0@-1,-1/1@131,108 begin=7,108 block=5 clip=8
ATGLptDiag: best=-1(-57295.8) imip=-1/-1 pass=00000 acc=-1 ipm=-1.0,-1.0 inv=-1.0,-1.0 | 27(2.9) imip=17/37 pass=10111 acc=-1 ipm=109.6,54.1 inv=95.0,30.6
frame=125 line=1 track=1 cross=0 circle=0(CIRCLE_NONE) round=0 yroad=0 ramp=0 road=2 speed=0 near=0/124 raw=0/105 sel=124/126 far=0/0 far_raw=0/0 l=0@-1/0@-1 far_l=0@-1/0@-1 straight=0/1 far_straight=0/0 circle_cnt=0/0/0/0 lost=0/0 conf=0.0/2.5/0.0/0.0 dist=0 begin=0/0 m0=(84,119) ml=(81,79) md=41/1/127 cxcy=84.0,119.6 guide=1.62 atg=0.0/0.0/0.0 pure=0.11/-0.05 yaw=-55 cmd=-297 actual=66 signed=0 rps=5371/4556:6733/6654 duty=11/10 pwm=PWM2:11/PWM1:10 motor=2:11/1:10
CrossDiag: type=CROSS_NONE track=1 half_lr=0/0 nearL=0@-1/0@-1 nearNum=0/124 centerNum=0/124 farL=0@-1/0@-1 farNum=0/0 farRaw=0/0 lost=0/0 not_have=0 final=124/126 flags=0/0
LineErr: aim=41 cxcy=84.0,119.6 left=0:0.00@-1,-1 dx=0.0 idx=-1/-1 dist=-1/-1 right=1:2.77@81,75 dx=-3.3 idx=0/17 dist=40/252 sel=1:2.70@81,75 dx=-3.2 idx=0/20 dist=40/250 edge=0:0.00@-1.0,-1.0 dx=0.0 width=0.0 l=-1,-1 r=108,70
ATGSeedDiag: seed=0@-1,-1/1@131,108 begin=7,108 block=5 clip=8
ATGLptDiag: best=-1(-57295.8) imip=-1/-1 pass=00000 acc=-1 ipm=-1.0,-1.0 inv=-1.0,-1.0 | 25(2.5) imip=15/35 pass=10111 acc=-1 ipm=109.3,58.7 inv=95.9,32.6
frame=126 line=1 track=1 cross=0 circle=0(CIRCLE_NONE) round=0 yroad=0 ramp=0 road=2 speed=0 near=0/124 raw=0/104 sel=124/126 far=0/0 far_raw=0/0 l=0@-1/0@-1 far_l=0@-1/0@-1 straight=0/1 far_straight=0/0 circle_cnt=0/0/0/0 lost=0/0 conf=0.0/4.2/0.0/0.0 dist=0 begin=0/0 m0=(84,119) ml=(80,79) md=41/1/127 cxcy=84.0,119.6 guide=1.88 atg=0.0/0.0/0.0 pure=0.11/-0.03 yaw=-64 cmd=-309 actual=59 signed=0 rps=5381/4534:7013/7020 duty=11/10 pwm=PWM2:11/PWM1:10 motor=2:11/1:10
CrossDiag: type=CROSS_NONE track=1 half_lr=0/0 nearL=0@-1/0@-1 nearNum=0/124 centerNum=0/124 farL=0@-1/0@-1 farNum=0/0 farRaw=0/0 lost=0/0 not_have=0 final=124/126 flags=0/0
LineErr: aim=41 cxcy=84.0,119.6 left=0:0.00@-1,-1 dx=0.0 idx=-1/-1 dist=-1/-1 right=1:2.80@81,75 dx=-3.3 idx=0/17 dist=40/252 sel=1:2.74@81,75 dx=-3.3 idx=0/20 dist=40/250 edge=0:0.00@-1.0,-1.0 dx=0.0 width=0.0 l=-1,-1 r=108,70
ATGSeedDiag: seed=0@-1,-1/1@130,107 begin=7,108 block=5 clip=8
ATGLptDiag: best=-1(-57295.8) imip=-1/-1 pass=00000 acc=-1 ipm=-1.0,-1.0 inv=-1.0,-1.0 | 1(4.2) imip=0/11 pass=10111 acc=-1 ipm=105.6,113.9 inv=125.8,97.1
frame=127 line=1 track=1 cross=0 circle=0(CIRCLE_NONE) round=0 yroad=0 ramp=0 road=2 speed=0 near=0/124 raw=0/105 sel=124/126 far=0/0 far_raw=0/0 l=0@-1/0@-1 far_l=0@-1/0@-1 straight=0/1 far_straight=0/0 circle_cnt=0/0/0/0 lost=0/0 conf=0.0/2.1/0.0/0.0 dist=0 begin=0/0 m0=(84,119) ml=(80,79) md=41/1/127 cxcy=84.0,119.6 guide=1.88 atg=0.0/0.0/0.0 pure=0.16/-0.03 yaw=-64 cmd=-298 actual=53 signed=0 rps=5366/4549:6748/6724 duty=11/10 pwm=PWM2:11/PWM1:10 motor=2:11/1:10
CrossDiag: type=CROSS_NONE track=1 half_lr=0/0 nearL=0@-1/0@-1 nearNum=0/124 centerNum=0/124 farL=0@-1/0@-1 farNum=0/0 farRaw=0/0 lost=0/0 not_have=0 final=124/126 flags=0/0
LineErr: aim=41 cxcy=84.0,119.6 left=0:0.00@-1,-1 dx=0.0 idx=-1/-1 dist=-1/-1 right=1:3.22@80,78 dx=-3.7 idx=0/16 dist=40/254 sel=1:2.78@81,75 dx=-3.3 idx=0/20 dist=40/250 edge=0:0.00@-1.0,-1.0 dx=0.0 width=0.0 l=-1,-1 r=108,70
ATGSeedDiag: seed=0@-1,-1/1@130,108 begin=7,108 block=5 clip=8
ATGLptDiag: best=-1(-57295.8) imip=-1/-1 pass=00000 acc=-1 ipm=-1.0,-1.0 inv=-1.0,-1.0 | 25(2.1) imip=15/35 pass=10111 acc=-1 ipm=108.8,58.7 inv=95.6,32.6
frame=129 line=1 track=1 cross=0 circle=0(CIRCLE_NONE) round=0 yroad=0 ramp=0 road=2 speed=0 near=0/124 raw=0/105 sel=124/125 far=0/0 far_raw=0/0 l=0@-1/0@-1 far_l=0@-1/0@-1 straight=0/1 far_straight=0/0 circle_cnt=0/0/0/0 lost=0/0 conf=0.0/2.6/0.0/0.0 dist=0 begin=0/0 m0=(84,119) ml=(80,79) md=41/1/126 cxcy=84.0,119.6 guide=1.88 atg=0.0/0.0/0.0 pure=0.25/0.01 yaw=-64 cmd=-247 actual=28 signed=0 rps=5296/4618:6544/6602 duty=11/11 pwm=PWM2:11/PWM1:11 motor=2:11/1:11
CrossDiag: type=CROSS_NONE track=1 half_lr=0/0 nearL=0@-1/0@-1 nearNum=0/124 centerNum=0/124 farL=0@-1/0@-1 farNum=0/0 farRaw=0/0 lost=0/0 not_have=0 final=124/125 flags=0/0
LineErr: aim=41 cxcy=84.0,119.6 left=0:0.00@-1,-1 dx=0.0 idx=-1/-1 dist=-1/-1 right=1:2.87@81,76 dx=-3.4 idx=0/17 dist=40/252 sel=1:2.76@81,75 dx=-3.3 idx=0/20 dist=40/248 edge=0:0.00@-1.0,-1.0 dx=0.0 width=0.0 l=-1,-1 r=108,70
ATGSeedDiag: seed=0@-1,-1/1@130,108 begin=7,108 block=5 clip=8
ATGLptDiag: best=-1(-57295.8) imip=-1/-1 pass=00000 acc=-1 ipm=-1.0,-1.0 inv=-1.0,-1.0 | 23(2.6) imip=13/33 pass=10111 acc=-1 ipm=108.4,63.3 inv=96.4,34.9
frame=130 line=1 track=1 cross=0 circle=0(CIRCLE_NONE) round=0 yroad=0 ramp=0 road=2 speed=0 near=0/124 raw=0/105 sel=124/126 far=0/0 far_raw=0/0 l=0@-1/0@-1 far_l=0@-1/0@-1 straight=0/1 far_straight=0/0 circle_cnt=0/0/0/0 lost=0/0 conf=0.0/3.2/0.0/0.0 dist=0 begin=0/0 m0=(84,119) ml=(80,79) md=41/1/127 cxcy=84.0,119.6 guide=1.88 atg=0.0/0.0/0.0 pure=0.19/0.01 yaw=-64 cmd=-223 actual=16 signed=0 rps=5263/4652:6583/6795 duty=11/10 pwm=PWM2:11/PWM1:10 motor=2:11/1:10
CrossDiag: type=CROSS_NONE track=1 half_lr=0/0 nearL=0@-1/0@-1 nearNum=0/124 centerNum=0/124 farL=0@-1/0@-1 farNum=0/0 farRaw=0/0 lost=0/0 not_have=0 final=124/126 flags=0/0
LineErr: aim=41 cxcy=84.0,119.6 left=0:0.00@-1,-1 dx=0.0 idx=-1/-1 dist=-1/-1 right=1:2.85@81,75 dx=-3.4 idx=0/17 dist=40/252 sel=1:2.76@81,75 dx=-3.3 idx=0/20 dist=40/250 edge=0:0.00@-1.0,-1.0 dx=0.0 width=0.0 l=-1,-1 r=108,70
ATGSeedDiag: seed=0@-1,-1/1@130,108 begin=7,108 block=5 clip=8
ATGLptDiag: best=-1(-57295.8) imip=-1/-1 pass=00000 acc=-1 ipm=-1.0,-1.0 inv=-1.0,-1.0 | 24(3.2) imip=14/34 pass=10111 acc=-1 ipm=108.7,61.0 inv=96.1,33.7
frame=131 line=1 track=1 cross=0 circle=0(CIRCLE_NONE) round=0 yroad=0 ramp=0 road=2 speed=0 near=0/124 raw=0/105 sel=124/126 far=0/0 far_raw=0/0 l=0@-1/0@-1 far_l=0@-1/0@-1 straight=0/1 far_straight=0/0 circle_cnt=0/0/0/0 lost=0/0 conf=0.0/2.4/0.0/0.0 dist=0 begin=0/0 m0=(84,119) ml=(80,79) md=41/1/127 cxcy=84.0,119.6 guide=1.75 atg=0.0/0.0/0.0 pure=0.18/0.00 yaw=-59 cmd=-198 actual=10 signed=0 rps=5232/4689:6526/6709 duty=11/11 pwm=PWM2:11/PWM1:11 motor=2:11/1:11
CrossDiag: type=CROSS_NONE track=1 half_lr=0/0 nearL=0@-1/0@-1 nearNum=0/124 centerNum=0/124 farL=0@-1/0@-1 farNum=0/0 farRaw=0/0 lost=0/0 not_have=0 final=124/126 flags=0/0
LineErr: aim=41 cxcy=84.0,119.6 left=0:0.00@-1,-1 dx=0.0 idx=-1/-1 dist=-1/-1 right=1:2.77@81,75 dx=-3.3 idx=0/17 dist=41/253 sel=1:2.64@81,75 dx=-3.1 idx=0/20 dist=40/250 edge=0:0.00@-1.0,-1.0 dx=0.0 width=0.0 l=-1,-1 r=108,70
ATGSeedDiag: seed=0@-1,-1/1@131,108 begin=7,108 block=5 clip=8
ATGLptDiag: best=-1(-57295.8) imip=-1/-1 pass=00000 acc=-1 ipm=-1.0,-1.0 inv=-1.0,-1.0 | 24(2.4) imip=14/34 pass=10111 acc=-1 ipm=108.7,61.0 inv=96.1,33.7
frame=132 line=1 track=1 cross=0 circle=0(CIRCLE_NONE) round=0 yroad=0 ramp=0 road=2 speed=0 near=0/124 raw=0/104 sel=124/126 far=0/0 far_raw=0/0 l=0@-1/0@-1 far_l=0@-1/0@-1 straight=0/1 far_straight=0/0 circle_cnt=0/0/0/0 lost=0/0 conf=0.0/3.1/0.0/0.0 dist=0 begin=0/0 m0=(84,119) ml=(81,79) md=41/1/127 cxcy=84.0,119.6 guide=1.49 atg=0.0/0.0/0.0 pure=0.17/-0.03 yaw=-51 cmd=-133 actual=-9 signed=0 rps=5149/4784:6234/6284 duty=11/12 pwm=PWM2:11/PWM1:12 motor=2:11/1:12
CrossDiag: type=CROSS_NONE track=1 half_lr=0/0 nearL=0@-1/0@-1 nearNum=0/124 centerNum=0/124 farL=0@-1/0@-1 farNum=0/0 farRaw=0/0 lost=0/0 not_have=0 final=124/126 flags=0/0
LineErr: aim=41 cxcy=84.0,119.6 left=0:0.00@-1,-1 dx=0.0 idx=-1/-1 dist=-1/-1 right=1:2.30@81,75 dx=-2.7 idx=0/17 dist=41/253 sel=1:2.21@81,75 dx=-2.6 idx=0/20 dist=40/250 edge=0:0.00@-1.0,-1.0 dx=0.0 width=0.0 l=-1,-1 r=108,70
ATGSeedDiag: seed=0@-1,-1/1@130,107 begin=7,108 block=5 clip=8
ATGLptDiag: best=-1(-57295.8) imip=-1/-1 pass=00000 acc=-1 ipm=-1.0,-1.0 inv=-1.0,-1.0 | 23(3.1) imip=13/33 pass=10111 acc=-1 ipm=109.1,63.1 inv=97.0,34.7
frame=133 line=1 track=1 cross=0 circle=0(CIRCLE_NONE) round=0 yroad=0 ramp=0 road=2 speed=0 near=0/124 raw=0/105 sel=124/126 far=0/0 far_raw=0/0 l=0@-1/0@-1 far_l=0@-1/0@-1 straight=0/1 far_straight=0/0 circle_cnt=0/0/0/0 lost=0/0 conf=0.0/2.7/0.0/0.0 dist=0 begin=0/0 m0=(84,119) ml=(81,79) md=41/1/127 cxcy=84.0,119.6 guide=1.49 atg=0.0/0.0/0.0 pure=0.17/-0.05 yaw=-51 cmd=-119 actual=-16 signed=0 rps=5130/4803:6657/6545 duty=10/11 pwm=PWM2:10/PWM1:11 motor=2:10/1:11
CrossDiag: type=CROSS_NONE track=1 half_lr=0/0 nearL=0@-1/0@-1 nearNum=0/124 centerNum=0/124 farL=0@-1/0@-1 farNum=0/0 farRaw=0/0 lost=0/0 not_have=0 final=124/126 flags=0/0
LineErr: aim=41 cxcy=84.0,119.6 left=0:0.00@-1,-1 dx=0.0 idx=-1/-1 dist=-1/-1 right=1:2.69@81,78 dx=-3.1 idx=0/16 dist=41/255 sel=1:2.23@81,75 dx=-2.6 idx=0/20 dist=40/250 edge=0:0.00@-1.0,-1.0 dx=0.0 width=0.0 l=-1,-1 r=108,70
ATGSeedDiag: seed=0@-1,-1/1@130,108 begin=7,108 block=5 clip=8
ATGLptDiag: best=-1(-57295.8) imip=-1/-1 pass=00000 acc=-1 ipm=-1.0,-1.0 inv=-1.0,-1.0 | 23(2.7) imip=13/33 pass=10111 acc=-1 ipm=109.1,63.4 inv=97.1,34.9
frame=134 line=1 track=1 cross=0 circle=0(CIRCLE_NONE) round=0 yroad=0 ramp=0 road=2 speed=0 near=0/124 raw=0/104 sel=124/126 far=0/0 far_raw=0/0 l=0@-1/0@-1 far_l=0@-1/0@-1 straight=0/1 far_straight=0/0 circle_cnt=0/0/0/0 lost=0/0 conf=0.0/2.5/0.0/0.0 dist=0 begin=0/0 m0=(84,119) ml=(81,79) md=41/1/127 cxcy=84.0,119.6 guide=1.49 atg=0.0/0.0/0.0 pure=0.18/-0.05 yaw=-51 cmd=-113 actual=-20 signed=0 rps=5121/4812:6665/6528 duty=10/11 pwm=PWM2:10/PWM1:11 motor=2:10/1:11
CrossDiag: type=CROSS_NONE track=1 half_lr=0/0 nearL=0@-1/0@-1 nearNum=0/124 centerNum=0/124 farL=0@-1/0@-1 farNum=0/0 farRaw=0/0 lost=0/0 not_have=0 final=124/126 flags=0/0
LineErr: aim=41 cxcy=84.0,119.6 left=0:0.00@-1,-1 dx=0.0 idx=-1/-1 dist=-1/-1 right=1:2.30@81,75 dx=-2.7 idx=0/17 dist=41/253 sel=1:2.23@81,75 dx=-2.6 idx=0/20 dist=40/250 edge=0:0.00@-1.0,-1.0 dx=0.0 width=0.0 l=-1,-1 r=108,70
ATGSeedDiag: seed=0@-1,-1/1@130,107 begin=7,108 block=5 clip=8
ATGLptDiag: best=-1(-57295.8) imip=-1/-1 pass=00000 acc=-1 ipm=-1.0,-1.0 inv=-1.0,-1.0 | 22(2.5) imip=12/32 pass=10111 acc=-1 ipm=108.8,65.4 inv=97.5,36.0
frame=135 line=1 track=1 cross=0 circle=0(CIRCLE_NONE) round=0 yroad=0 ramp=0 road=2 speed=0 near=0/124 raw=0/105 sel=124/126 far=0/0 far_raw=0/0 l=0@-1/0@-1 far_l=0@-1/0@-1 straight=0/1 far_straight=0/0 circle_cnt=0/0/0/0 lost=0/0 conf=0.0/3.0/0.0/0.0 dist=0 begin=0/0 m0=(84,119) ml=(81,79) md=41/1/128 cxcy=84.0,119.6 guide=1.37 atg=0.0/0.0/0.0 pure=0.22/0.00 yaw=-47 cmd=-90 actual=-25 signed=0 rps=5092/4846:7025/6926 duty=10/11 pwm=PWM2:10/PWM1:11 motor=2:10/1:11
CrossDiag: type=CROSS_NONE track=1 half_lr=0/0 nearL=0@-1/0@-1 nearNum=0/124 centerNum=0/124 farL=0@-1/0@-1 farNum=0/0 farRaw=0/0 lost=0/0 not_have=0 final=124/126 flags=0/0
LineErr: aim=41 cxcy=84.0,119.6 left=0:0.00@-1,-1 dx=0.0 idx=-1/-1 dist=-1/-1 right=1:2.58@81,78 dx=-2.9 idx=0/16 dist=41/255 sel=1:1.99@82,75 dx=-2.4 idx=0/20 dist=40/250 edge=0:0.00@-1.0,-1.0 dx=0.0 width=0.0 l=-1,-1 r=108,70
ATGSeedDiag: seed=0@-1,-1/1@131,108 begin=7,108 block=5 clip=8
ATGLptDiag: best=-1(-57295.8) imip=-1/-1 pass=00000 acc=-1 ipm=-1.0,-1.0 inv=-1.0,-1.0 | 8(3.0) imip=0/18 pass=10111 acc=-1 ipm=105.6,98.0 inv=109.1,64.4
frame=136 line=1 track=1 cross=0 circle=0(CIRCLE_NONE) round=0 yroad=0 ramp=0 road=2 speed=0 near=0/124 raw=0/105 sel=124/126 far=0/0 far_raw=0/0 l=0@-1/0@-1 far_l=0@-1/0@-1 straight=0/1 far_straight=0/0 circle_cnt=0/0/0/0 lost=0/0 conf=0.0/2.4/0.0/0.0 dist=0 begin=0/0 m0=(84,119) ml=(81,79) md=41/1/127 cxcy=84.0,119.6 guide=1.50 atg=0.0/0.0/0.0 pure=0.28/0.00 yaw=-51 cmd=-80 actual=-36 signed=0 rps=5075/4857:6836/6732 duty=10/11 pwm=PWM2:10/PWM1:11 motor=2:10/1:11
CrossDiag: type=CROSS_NONE track=1 half_lr=0/0 nearL=0@-1/0@-1 nearNum=0/124 centerNum=0/124 farL=0@-1/0@-1 farNum=0/0 farRaw=0/0 lost=0/0 not_have=0 final=124/126 flags=0/0
LineErr: aim=41 cxcy=84.0,119.6 left=0:0.00@-1,-1 dx=0.0 idx=-1/-1 dist=-1/-1 right=1:2.74@81,78 dx=-3.1 idx=0/16 dist=41/255 sel=1:2.23@81,75 dx=-2.6 idx=0/20 dist=40/250 edge=0:0.00@-1.0,-1.0 dx=0.0 width=0.0 l=-1,-1 r=108,70
ATGSeedDiag: seed=0@-1,-1/1@130,108 begin=7,108 block=5 clip=8
ATGLptDiag: best=-1(-57295.8) imip=-1/-1 pass=00000 acc=-1 ipm=-1.0,-1.0 inv=-1.0,-1.0 | 21(2.4) imip=11/31 pass=10111 acc=-1 ipm=108.3,68.0 inv=97.8,37.4
frame=137 line=1 track=1 cross=0 circle=0(CIRCLE_NONE) round=0 yroad=0 ramp=0 road=2 speed=0 near=0/124 raw=0/105 sel=124/126 far=0/0 far_raw=0/0 l=0@-1/0@-1 far_l=0@-1/0@-1 straight=0/1 far_straight=0/0 circle_cnt=0/0/0/0 lost=0/0 conf=0.0/2.5/0.0/0.0 dist=0 begin=0/0 m0=(84,119) ml=(81,79) md=41/1/127 cxcy=84.0,119.6 guide=1.50 atg=0.0/0.0/0.0 pure=0.32/0.04 yaw=-51 cmd=-74 actual=-40 signed=0 rps=5067/4865:7019/6982 duty=10/11 pwm=PWM2:10/PWM1:11 motor=2:10/1:11
CrossDiag: type=CROSS_NONE track=1 half_lr=0/0 nearL=0@-1/0@-1 nearNum=0/124 centerNum=0/124 farL=0@-1/0@-1 farNum=0/0 farRaw=0/0 lost=0/0 not_have=0 final=124/126 flags=0/0
LineErr: aim=41 cxcy=84.0,119.6 left=0:0.00@-1,-1 dx=0.0 idx=-1/-1 dist=-1/-1 right=1:2.38@81,76 dx=-2.8 idx=0/17 dist=41/253 sel=1:2.25@81,75 dx=-2.7 idx=0/20 dist=40/250 edge=0:0.00@-1.0,-1.0 dx=0.0 width=0.0 l=-1,-1 r=108,70
ATGSeedDiag: seed=0@-1,-1/1@130,108 begin=7,108 block=5 clip=8
ATGLptDiag: best=-1(-57295.8) imip=-1/-1 pass=00000 acc=-1 ipm=-1.0,-1.0 inv=-1.0,-1.0 | 1(2.5) imip=0/11 pass=10111 acc=-1 ipm=105.3,114.2 inv=125.6,98.0
frame=139 line=1 track=1 cross=0 circle=0(CIRCLE_NONE) round=0 yroad=0 ramp=0 road=2 speed=0 near=0/124 raw=0/104 sel=124/126 far=0/0 far_raw=0/0 l=0@-1/0@-1 far_l=0@-1/0@-1 straight=0/1 far_straight=0/0 circle_cnt=0/0/0/0 lost=0/0 conf=0.0/3.0/0.0/0.0 dist=0 begin=0/0 m0=(84,119) ml=(81,79) md=41/1/127 cxcy=84.0,119.6 guide=0.98 atg=0.0/0.0/0.0 pure=0.22/-0.05 yaw=-33 cmd=-37 actual=-31 signed=0 rps=5029/4926:6397/6640 duty=10/12 pwm=PWM2:10/PWM1:12 motor=2:10/1:12
CrossDiag: type=CROSS_NONE track=1 half_lr=0/0 nearL=0@-1/0@-1 nearNum=0/124 centerNum=0/124 farL=0@-1/0@-1 farNum=0/0 farRaw=0/0 lost=0/0 not_have=0 final=124/126 flags=0/0
LineErr: aim=41 cxcy=84.0,119.6 left=0:0.00@-1,-1 dx=0.0 idx=-1/-1 dist=-1/-1 right=1:2.18@82,78 dx=-2.5 idx=0/16 dist=40/254 sel=1:1.69@82,75 dx=-2.0 idx=0/20 dist=40/250 edge=0:0.00@-1.0,-1.0 dx=0.0 width=0.0 l=-1,-1 r=109,70
ATGSeedDiag: seed=0@-1,-1/1@130,107 begin=7,108 block=5 clip=8
ATGLptDiag: best=-1(-57295.8) imip=-1/-1 pass=00000 acc=-1 ipm=-1.0,-1.0 inv=-1.0,-1.0 | 20(3.0) imip=10/30 pass=10111 acc=-1 ipm=108.7,70.0 inv=98.9,38.6
frame=140 line=1 track=1 cross=0 circle=0(CIRCLE_NONE) round=0 yroad=0 ramp=0 road=2 speed=0 near=0/124 raw=0/104 sel=124/126 far=0/0 far_raw=0/0 l=0@-1/0@-1 far_l=0@-1/0@-1 straight=0/1 far_straight=0/0 circle_cnt=0/0/0/0 lost=0/0 conf=0.0/2.4/0.0/0.0 dist=0 begin=0/0 m0=(84,119) ml=(81,79) md=41/1/127 cxcy=84.0,119.6 guide=0.85 atg=0.0/0.0/0.0 pure=0.21/-0.05 yaw=-29 cmd=-50 actual=-18 signed=0 rps=5049/4912:6464/6647 duty=10/12 pwm=PWM2:10/PWM1:12 motor=2:10/1:12
CrossDiag: type=CROSS_NONE track=1 half_lr=0/0 nearL=0@-1/0@-1 nearNum=0/124 centerNum=0/124 farL=0@-1/0@-1 farNum=0/0 farRaw=0/0 lost=0/0 not_have=0 final=124/126 flags=0/0
LineErr: aim=41 cxcy=84.0,119.6 left=0:0.00@-1,-1 dx=0.0 idx=-1/-1 dist=-1/-1 right=1:2.44@81,80 dx=-2.7 idx=0/15 dist=40/256 sel=1:1.45@82,75 dx=-1.7 idx=0/20 dist=40/250 edge=0:0.00@-1.0,-1.0 dx=0.0 width=0.0 l=-1,-1 r=109,70
ATGSeedDiag: seed=0@-1,-1/1@130,107 begin=7,108 block=5 clip=8
ATGLptDiag: best=-1(-57295.8) imip=-1/-1 pass=00000 acc=-1 ipm=-1.0,-1.0 inv=-1.0,-1.0 | 20(2.4) imip=10/30 pass=10111 acc=-1 ipm=108.8,70.1 inv=99.0,38.6
frame=141 line=1 track=1 cross=0 circle=0(CIRCLE_NONE) round=0 yroad=0 ramp=0 road=2 speed=0 near=0/124 raw=0/105 sel=124/126 far=0/0 far_raw=0/0 l=0@-1/0@-1 far_l=0@-1/0@-1 straight=0/1 far_straight=0/0 circle_cnt=0/0/0/0 lost=0/0 conf=0.0/2.6/0.0/0.0 dist=0 begin=0/0 m0=(84,119) ml=(82,79) md=41/1/127 cxcy=84.0,119.6 guide=0.59 atg=0.0/0.0/0.0 pure=0.24/-0.05 yaw=-20 cmd=-79 actual=9 signed=0 rps=5094/4879:6284/6267 duty=11/12 pwm=PWM2:11/PWM1:12 motor=2:11/1:12
CrossDiag: type=CROSS_NONE track=1 half_lr=0/0 nearL=0@-1/0@-1 nearNum=0/124 centerNum=0/124 farL=0@-1/0@-1 farNum=0/0 farRaw=0/0 lost=0/0 not_have=0 final=124/126 flags=0/0
LineErr: aim=41 cxcy=84.0,119.6 left=0:0.00@-1,-1 dx=0.0 idx=-1/-1 dist=-1/-1 right=1:1.95@82,78 dx=-2.2 idx=0/16 dist=40/254 sel=1:1.45@82,75 dx=-1.7 idx=0/20 dist=40/250 edge=0:0.00@-1.0,-1.0 dx=0.0 width=0.0 l=-1,-1 r=109,70
ATGSeedDiag: seed=0@-1,-1/1@131,108 begin=7,108 block=5 clip=8
ATGLptDiag: best=-1(-57295.8) imip=-1/-1 pass=00000 acc=-1 ipm=-1.0,-1.0 inv=-1.0,-1.0 | 20(2.6) imip=10/30 pass=10111 acc=-1 ipm=108.8,70.3 inv=99.1,38.8
frame=142 line=1 track=1 cross=0 circle=0(CIRCLE_NONE) round=0 yroad=0 ramp=0 road=2 speed=0 near=0/124 raw=0/105 sel=124/126 far=0/0 far_raw=0/0 l=0@-1/0@-1 far_l=0@-1/0@-1 straight=0/1 far_straight=0/0 circle_cnt=0/0/0/0 lost=0/0 conf=0.0/3.1/0.0/0.0 dist=0 begin=0/0 m0=(84,119) ml=(82,79) md=41/1/127 cxcy=84.0,119.6 guide=0.72 atg=0.0/0.0/0.0 pure=0.24/-0.03 yaw=-24 cmd=-139 actual=33 signed=0 rps=5174/4793:6697/6582 duty=10/11 pwm=PWM2:10/PWM1:11 motor=2:10/1:11
CrossDiag: type=CROSS_NONE track=1 half_lr=0/0 nearL=0@-1/0@-1 nearNum=0/124 centerNum=0/124 farL=0@-1/0@-1 farNum=0/0 farRaw=0/0 lost=0/0 not_have=0 final=124/126 flags=0/0
LineErr: aim=41 cxcy=84.0,119.6 left=0:0.00@-1,-1 dx=0.0 idx=-1/-1 dist=-1/-1 right=1:1.95@82,78 dx=-2.2 idx=0/16 dist=40/254 sel=1:1.46@82,75 dx=-1.7 idx=0/20 dist=40/250 edge=0:0.00@-1.0,-1.0 dx=0.0 width=0.0 l=-1,-1 r=109,70
ATGSeedDiag: seed=0@-1,-1/1@131,108 begin=7,108 block=5 clip=8
ATGLptDiag: best=-1(-57295.8) imip=-1/-1 pass=00000 acc=-1 ipm=-1.0,-1.0 inv=-1.0,-1.0 | 19(3.1) imip=9/29 pass=10111 acc=-1 ipm=108.6,72.6 inv=99.7,40.2
frame=143 line=1 track=1 cross=0 circle=0(CIRCLE_NONE) round=0 yroad=0 ramp=0 road=2 speed=0 near=0/124 raw=0/105 sel=124/126 far=0/0 far_raw=0/0 l=0@-1/0@-1 far_l=0@-1/0@-1 straight=0/1 far_straight=0/0 circle_cnt=0/0/0/0 lost=0/0 conf=0.0/2.2/0.0/0.0 dist=0 begin=0/0 m0=(84,119) ml=(82,79) md=41/1/127 cxcy=84.0,119.6 guide=0.72 atg=0.0/0.0/0.0 pure=0.30/-0.01 yaw=-24 cmd=-203 actual=65 signed=0 rps=5261/4706:7026/6983 duty=10/10 pwm=PWM2:10/PWM1:10 motor=2:10/1:10
CrossDiag: type=CROSS_NONE track=1 half_lr=0/0 nearL=0@-1/0@-1 nearNum=0/124 centerNum=0/124 farL=0@-1/0@-1 farNum=0/0 farRaw=0/0 lost=0/0 not_have=0 final=124/126 flags=0/0
LineErr: aim=41 cxcy=84.0,119.6 left=0:0.00@-1,-1 dx=0.0 idx=-1/-1 dist=-1/-1 right=1:2.01@82,78 dx=-2.3 idx=0/16 dist=40/256 sel=1:1.68@82,75 dx=-2.0 idx=0/20 dist=40/250 edge=0:0.00@-1.0,-1.0 dx=0.0 width=0.0 l=-1,-1 r=108,70
ATGSeedDiag: seed=0@-1,-1/1@131,108 begin=7,108 block=5 clip=8
ATGLptDiag: best=-1(-57295.8) imip=-1/-1 pass=00000 acc=-1 ipm=-1.0,-1.0 inv=-1.0,-1.0 | 19(2.2) imip=9/29 pass=10111 acc=-1 ipm=108.3,72.6 inv=99.3,40.2
frame=145 line=1 track=1 cross=0 circle=0(CIRCLE_NONE) round=0 yroad=0 ramp=0 road=2 speed=0 near=0/124 raw=0/105 sel=124/126 far=0/0 far_raw=0/0 l=0@-1/0@-1 far_l=0@-1/0@-1 straight=0/1 far_straight=0/0 circle_cnt=0/0/0/0 lost=0/0 conf=0.0/2.9/0.0/0.0 dist=0 begin=0/0 m0=(84,119) ml=(82,79) md=41/1/128 cxcy=84.0,119.6 guide=0.59 atg=0.0/0.0/0.0 pure=0.31/0.00 yaw=-20 cmd=-260 actual=100 signed=0 rps=5343/4630:7109/7131 duty=10/10 pwm=PWM2:10/PWM1:10 motor=2:10/1:10
CrossDiag: type=CROSS_NONE track=1 half_lr=0/0 nearL=0@-1/0@-1 nearNum=0/124 centerNum=0/124 farL=0@-1/0@-1 farNum=0/0 farRaw=0/0 lost=0/0 not_have=0 final=124/126 flags=0/0
LineErr: aim=41 cxcy=84.0,119.6 left=0:0.00@-1,-1 dx=0.0 idx=-1/-1 dist=-1/-1 right=1:1.92@82,79 dx=-2.2 idx=0/16 dist=40/254 sel=1:1.68@82,75 dx=-2.0 idx=0/20 dist=40/250 edge=0:0.00@-1.0,-1.0 dx=0.0 width=0.0 l=-1,-1 r=108,70
ATGSeedDiag: seed=0@-1,-1/1@130,108 begin=7,108 block=5 clip=8
ATGLptDiag: best=-1(-57295.8) imip=-1/-1 pass=00000 acc=-1 ipm=-1.0,-1.0 inv=-1.0,-1.0 | 2(2.9) imip=0/12 pass=10111 acc=-1 ipm=105.6,111.9 inv=122.9,91.4
frame=147 line=1 track=1 cross=0 circle=0(CIRCLE_NONE) round=0 yroad=0 ramp=0 road=2 speed=0 near=0/124 raw=0/105 sel=124/126 far=0/0 far_raw=0/0 l=0@-1/0@-1 far_l=0@-1/0@-1 straight=0/1 far_straight=0/0 circle_cnt=0/0/0/0 lost=0/0 conf=0.0/4.0/0.0/0.0 dist=0 begin=0/0 m0=(84,119) ml=(82,79) md=41/1/127 cxcy=84.0,119.6 guide=0.59 atg=0.0/0.0/0.0 pure=0.32/0.01 yaw=-20 cmd=-247 actual=94 signed=0 rps=5325/4648:6843/6999 duty=11/10 pwm=PWM2:11/PWM1:10 motor=2:11/1:10
CrossDiag: type=CROSS_NONE track=1 half_lr=0/0 nearL=0@-1/0@-1 nearNum=0/124 centerNum=0/124 farL=0@-1/0@-1 farNum=0/0 farRaw=0/0 lost=0/0 not_have=0 final=124/126 flags=0/0
LineErr: aim=41 cxcy=84.0,119.6 left=0:0.00@-1,-1 dx=0.0 idx=-1/-1 dist=-1/-1 right=1:1.93@82,79 dx=-2.2 idx=0/16 dist=40/254 sel=1:1.71@82,75 dx=-2.0 idx=0/20 dist=40/250 edge=0:0.00@-1.0,-1.0 dx=0.0 width=0.0 l=-1,-1 r=108,70
ATGSeedDiag: seed=0@-1,-1/1@130,108 begin=7,108 block=5 clip=8
ATGLptDiag: best=-1(-57295.8) imip=-1/-1 pass=00000 acc=-1 ipm=-1.0,-1.0 inv=-1.0,-1.0 | 1(4.0) imip=0/11 pass=10111 acc=-1 ipm=105.4,114.2 inv=125.7,98.0
frame=150 line=1 track=1 cross=0 circle=0(CIRCLE_NONE) round=0 yroad=0 ramp=0 road=2 speed=0 near=0/124 raw=0/105 sel=124/126 far=0/0 far_raw=0/0 l=0@-1/0@-1 far_l=0@-1/0@-1 straight=0/1 far_straight=0/0 circle_cnt=0/0/0/0 lost=0/0 conf=0.0/8.2/0.0/0.0 dist=0 begin=0/0 m0=(84,119) ml=(82,79) md=41/1/127 cxcy=84.0,119.6 guide=0.59 atg=0.0/0.0/0.0 pure=0.34/0.05 yaw=-20 cmd=-175 actual=58 signed=0 rps=5227/4747:6600/6578 duty=11/11 pwm=PWM2:11/PWM1:11 motor=2:11/1:11
CrossDiag: type=CROSS_NONE track=1 half_lr=0/0 nearL=0@-1/0@-1 nearNum=0/124 centerNum=0/124 farL=0@-1/0@-1 farNum=0/0 farRaw=0/0 lost=0/0 not_have=0 final=124/126 flags=0/0
LineErr: aim=41 cxcy=84.0,119.6 left=0:0.00@-1,-1 dx=0.0 idx=-1/-1 dist=-1/-1 right=1:2.03@82,79 dx=-2.3 idx=0/16 dist=40/255 sel=1:1.99@82,75 dx=-2.4 idx=0/20 dist=40/250 edge=0:0.00@-1.0,-1.0 dx=0.0 width=0.0 l=-1,-1 r=108,70
ATGSeedDiag: seed=0@-1,-1/1@130,108 begin=7,108 block=5 clip=8
ATGLptDiag: best=-1(-57295.8) imip=-1/-1 pass=00000 acc=-1 ipm=-1.0,-1.0 inv=-1.0,-1.0 | 1(8.2) imip=0/11 pass=10111 acc=-1 ipm=105.5,114.2 inv=126.2,98.0
frame=152 line=1 track=1 cross=0 circle=0(CIRCLE_NONE) round=0 yroad=0 ramp=0 road=2 speed=0 near=0/124 raw=0/105 sel=124/126 far=0/0 far_raw=0/0 l=0@-1/0@-1 far_l=0@-1/0@-1 straight=0/1 far_straight=0/0 circle_cnt=0/0/0/0 lost=0/0 conf=0.0/2.4/0.0/0.0 dist=0 begin=0/0 m0=(84,119) ml=(82,79) md=41/1/127 cxcy=84.0,119.6 guide=0.59 atg=0.0/0.0/0.0 pure=0.32/0.01 yaw=-20 cmd=-122 actual=31 signed=0 rps=5154/4819:7053/7044 duty=10/11 pwm=PWM2:10/PWM1:11 motor=2:10/1:11
CrossDiag: type=CROSS_NONE track=1 half_lr=0/0 nearL=0@-1/0@-1 nearNum=0/124 centerNum=0/124 farL=0@-1/0@-1 farNum=0/0 farRaw=0/0 lost=0/0 not_have=0 final=124/126 flags=0/0
LineErr: aim=41 cxcy=84.0,119.6 left=0:0.00@-1,-1 dx=0.0 idx=-1/-1 dist=-1/-1 right=1:2.00@82,78 dx=-2.2 idx=0/16 dist=40/254 sel=1:2.00@82,75 dx=-2.4 idx=0/20 dist=40/250 edge=0:0.00@-1.0,-1.0 dx=0.0 width=0.0 l=-1,-1 r=108,70
ATGSeedDiag: seed=0@-1,-1/1@130,108 begin=7,108 block=5 clip=8
ATGLptDiag: best=-1(-57295.8) imip=-1/-1 pass=00000 acc=-1 ipm=-1.0,-1.0 inv=-1.0,-1.0 | 16(2.4) imip=6/26 pass=10111 acc=-1 ipm=107.8,79.6 inv=101.7,45.1
frame=153 line=1 track=1 cross=0 circle=0(CIRCLE_NONE) round=0 yroad=0 ramp=0 road=2 speed=0 near=0/124 raw=0/105 sel=124/126 far=0/0 far_raw=0/0 l=0@-1/0@-1 far_l=0@-1/0@-1 straight=0/1 far_straight=0/0 circle_cnt=0/0/0/0 lost=0/0 conf=0.0/2.8/0.0/0.0 dist=0 begin=0/0 m0=(84,119) ml=(82,79) md=41/1/127 cxcy=84.0,119.6 guide=0.46 atg=0.0/0.0/0.0 pure=0.32/0.00 yaw=-16 cmd=-106 actual=29 signed=0 rps=5134/4845:6877/6940 duty=10/11 pwm=PWM2:10/PWM1:11 motor=2:10/1:11
CrossDiag: type=CROSS_NONE track=1 half_lr=0/0 nearL=0@-1/0@-1 nearNum=0/124 centerNum=0/124 farL=0@-1/0@-1 farNum=0/0 farRaw=0/0 lost=0/0 not_have=0 final=124/126 flags=0/0
LineErr: aim=41 cxcy=84.0,119.6 left=0:0.00@-1,-1 dx=0.0 idx=-1/-1 dist=-1/-1 right=1:2.00@82,78 dx=-2.2 idx=0/16 dist=40/255 sel=1:2.00@82,75 dx=-2.4 idx=0/20 dist=40/250 edge=0:0.00@-1.0,-1.0 dx=0.0 width=0.0 l=-1,-1 r=108,70
ATGSeedDiag: seed=0@-1,-1/1@130,108 begin=7,108 block=5 clip=8
ATGLptDiag: best=-1(-57295.8) imip=-1/-1 pass=00000 acc=-1 ipm=-1.0,-1.0 inv=-1.0,-1.0 | 15(2.8) imip=5/25 pass=10111 acc=-1 ipm=107.9,81.9 inv=102.7,47.0
frame=154 line=1 track=1 cross=0 circle=0(CIRCLE_NONE) round=0 yroad=0 ramp=0 road=2 speed=0 near=0/124 raw=0/105 sel=124/126 far=0/0 far_raw=0/0 l=0@-1/0@-1 far_l=0@-1/0@-1 straight=0/1 far_straight=0/0 circle_cnt=0/0/0/0 lost=0/0 conf=0.0/8.7/0.0/0.0 dist=0 begin=0/0 m0=(84,119) ml=(81,79) md=41/1/127 cxcy=84.0,119.6 guide=1.24 atg=-1.0/0.0/0.0 pure=0.41/0.04 yaw=-42 cmd=-198 actual=36 signed=0 rps=5244/4700:7101/7086 duty=10/10 pwm=PWM2:10/PWM1:10 motor=2:10/1:10
CrossDiag: type=CROSS_NONE track=1 half_lr=0/0 nearL=0@-1/0@-1 nearNum=0/124 centerNum=0/124 farL=0@-1/0@-1 farNum=0/0 farRaw=0/0 lost=0/0 not_have=0 final=124/126 flags=0/0
LineErr: aim=41 cxcy=84.0,119.6 left=0:0.00@-1,-1 dx=0.0 idx=-1/-1 dist=-1/-1 right=1:2.20@81,76 dx=-2.6 idx=0/17 dist=40/252 sel=1:2.17@81,75 dx=-2.6 idx=0/20 dist=40/250 edge=0:0.00@-1.0,-1.0 dx=0.0 width=0.0 l=-1,-1 r=107,70
ATGSeedDiag: seed=0@-1,-1/1@130,108 begin=7,108 block=5 clip=8
ATGLptDiag: best=-1(-57295.8) imip=-1/-1 pass=00000 acc=-1 ipm=-1.0,-1.0 inv=-1.0,-1.0 | 1(8.7) imip=0/11 pass=10111 acc=-1 ipm=105.1,114.2 inv=125.2,98.0
frame=155 line=1 track=1 cross=0 circle=0(CIRCLE_NONE) round=0 yroad=0 ramp=0 road=2 speed=0 near=0/124 raw=0/105 sel=124/126 far=0/0 far_raw=0/0 l=0@-1/0@-1 far_l=0@-1/0@-1 straight=0/1 far_straight=0/0 circle_cnt=0/0/0/0 lost=0/0 conf=0.0/2.6/0.0/0.0 dist=0 begin=0/0 m0=(84,119) ml=(81,79) md=41/1/125 cxcy=84.0,119.6 guide=1.23 atg=-1.0/0.0/0.0 pure=0.41/0.06 yaw=-42 cmd=-178 actual=26 signed=0 rps=5216/4728:6805/6839 duty=10/11 pwm=PWM2:10/PWM1:11 motor=2:10/1:11
CrossDiag: type=CROSS_NONE track=1 half_lr=0/0 nearL=0@-1/0@-1 nearNum=0/124 centerNum=0/124 farL=0@-1/0@-1 farNum=0/0 farRaw=0/0 lost=0/0 not_have=0 final=124/126 flags=0/0
LineErr: aim=41 cxcy=84.0,119.6 left=0:0.00@-1,-1 dx=0.0 idx=-1/-1 dist=-1/-1 right=1:2.37@81,76 dx=-2.7 idx=0/17 dist=41/253 sel=1:2.32@81,75 dx=-2.8 idx=0/20 dist=40/250 edge=0:0.00@-1.0,-1.0 dx=0.0 width=0.0 l=-1,-1 r=107,70
ATGSeedDiag: seed=0@-1,-1/1@130,108 begin=7,108 block=5 clip=8
ATGLptDiag: best=-1(-57295.8) imip=-1/-1 pass=00000 acc=-1 ipm=-1.0,-1.0 inv=-1.0,-1.0 | 15(2.6) imip=5/25 pass=10111 acc=-1 ipm=107.4,81.9 inv=102.2,46.9
frame=159 line=1 track=1 cross=0 circle=0(CIRCLE_NONE) round=0 yroad=0 ramp=0 road=2 speed=0 near=0/124 raw=0/105 sel=124/126 far=0/0 far_raw=0/0 l=0@-1/0@-1 far_l=0@-1/0@-1 straight=0/1 far_straight=0/0 circle_cnt=0/0/0/0 lost=0/0 conf=0.0/3.8/0.0/0.0 dist=0 begin=0/0 m0=(84,119) ml=(81,79) md=40/1/126 cxcy=84.0,119.6 guide=0.96 atg=0.0/0.0/0.0 pure=0.34/0.00 yaw=-33 cmd=-112 actual=7 signed=0 rps=5132/4825:6716/6645 duty=10/11 pwm=PWM2:10/PWM1:11 motor=2:10/1:11
CrossDiag: type=CROSS_NONE track=1 half_lr=0/0 nearL=0@-1/0@-1 nearNum=0/124 centerNum=0/124 farL=0@-1/0@-1 farNum=0/0 farRaw=0/0 lost=0/0 not_have=0 final=124/126 flags=0/0
LineErr: aim=41 cxcy=84.0,119.6 left=0:0.00@-1,-1 dx=0.0 idx=-1/-1 dist=-1/-1 right=1:2.36@81,79 dx=-2.6 idx=0/16 dist=40/255 sel=1:2.39@81,75 dx=-2.8 idx=0/20 dist=40/250 edge=0:0.00@-1.0,-1.0 dx=0.0 width=0.0 l=-1,-1 r=107,70
ATGSeedDiag: seed=0@-1,-1/1@130,108 begin=7,108 block=5 clip=8
ATGLptDiag: best=-1(-57295.8) imip=-1/-1 pass=00000 acc=-1 ipm=-1.0,-1.0 inv=-1.0,-1.0 | 13(3.8) imip=3/23 pass=10111 acc=-1 ipm=107.7,86.6 inv=104.8,51.1
frame=160 line=1 track=1 cross=0 circle=0(CIRCLE_NONE) round=0 yroad=0 ramp=0 road=2 speed=0 near=0/124 raw=0/105 sel=124/126 far=0/0 far_raw=0/0 l=0@-1/0@-1 far_l=0@-1/0@-1 straight=0/1 far_straight=0/0 circle_cnt=0/0/0/0 lost=0/0 conf=0.0/4.4/0.0/0.0 dist=0 begin=0/0 m0=(84,119) ml=(81,79) md=40/1/126 cxcy=84.0,119.6 guide=1.17 atg=0.0/0.0/0.0 pure=0.34/0.04 yaw=-40 cmd=-142 actual=11 signed=0 rps=5168/4779:6640/6550 duty=10/11 pwm=PWM2:10/PWM1:11 motor=2:10/1:11
CrossDiag: type=CROSS_NONE track=1 half_lr=0/0 nearL=0@-1/0@-1 nearNum=0/124 centerNum=0/124 farL=0@-1/0@-1 farNum=0/0 farRaw=0/0 lost=0/0 not_have=0 final=124/126 flags=0/0
LineErr: aim=41 cxcy=84.0,119.6 left=0:0.00@-1,-1 dx=0.0 idx=-1/-1 dist=-1/-1 right=1:2.41@81,76 dx=-2.8 idx=0/17 dist=41/254 sel=1:2.55@81,74 dx=-3.0 idx=0/20 dist=40/250 edge=0:0.00@-1.0,-1.0 dx=0.0 width=0.0 l=-1,-1 r=107,70
ATGSeedDiag: seed=0@-1,-1/1@130,108 begin=7,108 block=5 clip=8
ATGLptDiag: best=-1(-57295.8) imip=-1/-1 pass=00000 acc=-1 ipm=-1.0,-1.0 inv=-1.0,-1.0 | 1(4.4) imip=0/11 pass=10111 acc=-1 ipm=105.5,114.2 inv=126.2,98.1
frame=161 line=1 track=1 cross=0 circle=0(CIRCLE_NONE) round=0 yroad=0 ramp=0 road=2 speed=0 near=46/124 raw=92/105 sel=124/125 far=0/0 far_raw=0/0 l=0@-1/0@-1 far_l=0@-1/0@-1 straight=0/1 far_straight=0/0 circle_cnt=0/0/0/0 lost=0/0 conf=28.9/4.0/0.0/0.0 dist=0 begin=0/0 m0=(84,119) ml=(81,79) md=40/1/126 cxcy=84.0,119.6 guide=1.17 atg=-1.0/0.0/0.0 pure=0.40/0.06 yaw=-40 cmd=-173 actual=27 signed=0 rps=5211/4736:7013/7029 duty=10/10 pwm=PWM2:10/PWM1:10 motor=2:10/1:10
CrossDiag: type=CROSS_NONE track=1 half_lr=0/0 nearL=0@-1/0@-1 nearNum=46/124 centerNum=46/124 farL=0@-1/0@-1 farNum=0/0 farRaw=0/0 lost=0/0 not_have=0 final=124/125 flags=0/0
LineErr: aim=41 cxcy=84.0,119.6 left=1:2.20@81,72 dx=-2.7 idx=3/14 dist=42/146 right=1:2.60@81,77 dx=-3.0 idx=0/17 dist=41/253 sel=1:2.67@81,74 dx=-3.2 idx=0/20 dist=40/248 edge=1:7.44@74.0,66.0 dx=-10.0 width=66.5 l=41,62 r=107,70
CxScan: raw_ref=80.0 edge=74.0,66.0 best_raw_x=55 best_err=0.32 best_cxcy=74.4,119.5 scan=0:-15.1,10:-12.4,20:-9.6,30:-6.8,40:-4.0,50:-1.1,60:1.8,70:4.6,80:7.4,90:10.2,100:13.0,110:15.6,120:18.2,130:20.8,140:23.2
ATGSeedDiag: seed=1@5,85/1@130,108 begin=7,108 block=5 clip=8
ATGLptDiag: best=11(28.9) imip=1/21 pass=10111 acc=-1 ipm=57.6,86.2 inv=42.5,51.3 | 1(4.0) imip=0/11 pass=10111 acc=-1 ipm=105.6,114.2 inv=126.3,98.0
frame=162 line=1 track=1 cross=0 circle=0(CIRCLE_NONE) round=0 yroad=0 ramp=0 road=2 speed=0 near=44/124 raw=93/105 sel=124/125 far=0/0 far_raw=0/0 l=0@-1/0@-1 far_l=0@-1/0@-1 straight=0/1 far_straight=0/0 circle_cnt=0/0/0/0 lost=0/0 conf=29.5/4.8/0.0/0.0 dist=0 begin=0/0 m0=(84,119) ml=(81,79) md=41/1/125 cxcy=84.0,119.6 guide=1.35 atg=-1.0/0.0/0.0 pure=0.40/0.06 yaw=-46 cmd=-231 actual=47 signed=0 rps=5286/4653:7260/7299 duty=10/10 pwm=PWM2:10/PWM1:10 motor=2:10/1:10
CrossDiag: type=CROSS_NONE track=1 half_lr=0/0 nearL=0@-1/0@-1 nearNum=44/124 centerNum=44/124 farL=0@-1/0@-1 farNum=0/0 farRaw=0/0 lost=0/0 not_have=0 final=124/125 flags=0/0
LineErr: aim=41 cxcy=84.0,119.6 left=1:2.62@81,73 dx=-3.2 idx=3/14 dist=40/138 right=1:2.81@81,77 dx=-3.2 idx=0/17 dist=41/255 sel=1:2.92@81,74 dx=-3.5 idx=0/20 dist=40/248 edge=1:8.17@73.0,66.0 dx=-11.0 width=68.5 l=39,62 r=107,70
CxScan: raw_ref=80.0 edge=73.0,66.0 best_raw_x=50 best_err=-0.36 best_cxcy=72.5,119.5 scan=0:-14.4,10:-11.7,20:-8.9,30:-6.1,40:-3.2,50:-0.4,60:2.5,70:5.4,80:8.2,90:11.0,100:13.7,110:16.3,120:18.9,130:21.4,140:23.8
ATGSeedDiag: seed=1@4,87/1@130,108 begin=7,108 block=5 clip=8
ATGLptDiag: best=42(29.5) imip=32/43 pass=10111 acc=-1 ipm=1.8,52.2 inv=7.1,30.3 | 1(4.8) imip=0/11 pass=10111 acc=-1 ipm=105.6,114.2 inv=126.3,98.0
frame=163 line=1 track=1 cross=0 circle=0(CIRCLE_NONE) round=0 yroad=0 ramp=0 road=2 speed=0 near=43/124 raw=92/105 sel=124/126 far=0/0 far_raw=0/0 l=0@-1/0@-1 far_l=0@-1/0@-1 straight=0/1 far_straight=0/0 circle_cnt=0/0/0/0 lost=0/0 conf=38.0/1.6/0.0/0.0 dist=0 begin=0/0 m0=(84,119) ml=(81,79) md=41/1/125 cxcy=84.0,119.6 guide=1.61 atg=-1.0/0.0/0.0 pure=0.44/0.08 yaw=-55 cmd=-263 actual=49 signed=0 rps=5324/4603:6899/6945 duty=11/10 pwm=PWM2:11/PWM1:10 motor=2:11/1:10
CrossDiag: type=CROSS_NONE track=1 half_lr=0/0 nearL=0@-1/0@-1 nearNum=43/124 centerNum=43/124 farL=0@-1/0@-1 farNum=0/0 farRaw=0/0 lost=0/0 not_have=0 final=124/126 flags=0/0
LineErr: aim=41 cxcy=84.0,119.6 left=1:1.78@82,76 dx=-2.1 idx=2/13 dist=42/141 right=1:3.14@80,77 dx=-3.6 idx=0/17 dist=40/252 sel=1:3.16@80,75 dx=-3.8 idx=0/20 dist=40/250 edge=1:8.90@72.0,66.0 dx=-12.0 width=68.5 l=38,62 r=106,70
CxScan: raw_ref=80.0 edge=72.0,66.0 best_raw_x=50 best_err=0.39 best_cxcy=72.5,119.5 scan=0:-13.7,10:-11.0,20:-8.2,30:-5.3,40:-2.5,50:0.4,60:3.2,70:6.1,80:8.9,90:11.7,100:14.4,110:17.0,120:19.6,130:22.1,140:24.5
ATGSeedDiag: seed=1@5,88/1@130,108 begin=7,108 block=5 clip=8
ATGLptDiag: best=10(38.0) imip=0/20 pass=10111 acc=-1 ipm=57.9,89.4 inv=41.4,54.4 | 12(1.6) imip=2/22 pass=10111 acc=-1 ipm=107.1,88.8 inv=105.4,53.3
frame=164 line=1 track=1 cross=0 circle=0(CIRCLE_NONE) round=0 yroad=0 ramp=0 road=2 speed=0 near=43/124 raw=91/105 sel=124/126 far=0/0 far_raw=0/0 l=0@-1/0@-1 far_l=0@-1/0@-1 straight=0/1 far_straight=0/0 circle_cnt=0/0/0/0 lost=0/0 conf=37.8/1.3/0.0/0.0 dist=0 begin=0/0 m0=(84,119) ml=(81,79) md=41/1/125 cxcy=84.0,119.6 guide=1.62 atg=-1.0/0.0/0.0 pure=0.41/0.06 yaw=-55 cmd=-288 actual=62 signed=0 rps=5358/4568:7081/7226 duty=10/9 pwm=PWM2:10/PWM1:9 motor=2:10/1:9
CrossDiag: type=CROSS_NONE track=1 half_lr=0/0 nearL=0@-1/0@-1 nearNum=43/124 centerNum=43/124 farL=0@-1/0@-1 farNum=0/0 farRaw=0/0 lost=0/0 not_have=0 final=124/126 flags=0/0
LineErr: aim=41 cxcy=84.0,119.6 left=1:2.03@82,76 dx=-2.4 idx=2/13 dist=42/140 right=1:3.14@80,77 dx=-3.6 idx=0/17 dist=41/253 sel=1:3.16@80,75 dx=-3.8 idx=0/20 dist=40/250 edge=1:8.28@73.0,67.0 dx=-11.0 width=66.3 l=40,64 r=106,70
CxScan: raw_ref=80.0 edge=73.0,67.0 best_raw_x=50 best_err=-0.37 best_cxcy=72.5,119.5 scan=0:-14.6,10:-11.9,20:-9.0,30:-6.2,40:-3.3,50:-0.4,60:2.5,70:5.4,80:8.3,90:11.1,100:13.8,110:16.5,120:19.1,130:21.7,140:24.1
ATGSeedDiag: seed=1@5,89/1@131,108 begin=7,108 block=5 clip=8
ATGLptDiag: best=10(37.8) imip=0/20 pass=10111 acc=-1 ipm=57.6,89.5 inv=40.9,54.6 | 11(1.3) imip=1/21 pass=10111 acc=-1 ipm=107.1,91.1 inv=106.6,55.8
frame=165 line=1 track=1 cross=0 circle=0(CIRCLE_NONE) round=0 yroad=0 ramp=0 road=2 speed=0 near=43/124 raw=92/105 sel=124/125 far=0/0 far_raw=0/0 l=0@-1/0@-1 far_l=0@-1/0@-1 straight=0/1 far_straight=0/0 circle_cnt=0/0/0/0 lost=0/0 conf=39.0/4.1/0.0/0.0 dist=0 begin=0/0 m0=(84,119) ml=(81,79) md=41/1/125 cxcy=84.0,119.6 guide=1.49 atg=-1.0/0.0/0.0 pure=0.41/0.06 yaw=-51 cmd=-283 actual=66 signed=0 rps=5355/4578:6511/6733 duty=11/10 pwm=PWM2:11/PWM1:10 motor=2:11/1:10
CrossDiag: type=CROSS_NONE track=1 half_lr=0/0 nearL=0@-1/0@-1 nearNum=43/124 centerNum=43/124 farL=0@-1/0@-1 farNum=0/0 farRaw=0/0 lost=0/0 not_have=0 final=124/125 flags=0/0
LineErr: aim=41 cxcy=84.0,119.6 left=1:2.58@81,75 dx=-3.0 idx=2/13 dist=41/139 right=1:3.11@80,77 dx=-3.6 idx=0/17 dist=41/255 sel=1:3.04@80,75 dx=-3.6 idx=0/20 dist=40/248 edge=1:8.96@72.0,66.5 dx=-12.0 width=70.3 l=37,63 r=107,70
CxScan: raw_ref=80.0 edge=72.0,66.5 best_raw_x=50 best_err=0.39 best_cxcy=72.5,119.5 scan=0:-13.8,10:-11.1,20:-8.2,30:-5.4,40:-2.5,50:0.4,60:3.3,70:6.1,80:9.0,90:11.7,100:14.5,110:17.1,120:19.7,130:22.2,140:24.6
ATGSeedDiag: seed=1@5,90/1@131,108 begin=7,108 block=5 clip=8
ATGLptDiag: best=10(39.0) imip=0/20 pass=10111 acc=-1 ipm=57.5,89.7 inv=40.7,54.8 | 1(4.1) imip=0/11 pass=10111 acc=-1 ipm=105.3,114.2 inv=125.6,97.9
frame=166 line=1 track=1 cross=0 circle=0(CIRCLE_NONE) round=0 yroad=0 ramp=0 road=2 speed=0 near=42/124 raw=90/105 sel=124/125 far=0/0 far_raw=0/0 l=0@-1/0@-1 far_l=0@-1/0@-1 straight=0/1 far_straight=0/0 circle_cnt=0/0/0/0 lost=0/0 conf=38.5/8.5/0.0/0.0 dist=0 begin=0/0 m0=(84,119) ml=(81,79) md=41/1/125 cxcy=84.0,119.6 guide=1.49 atg=-1.0/0.0/0.0 pure=0.41/0.06 yaw=-51 cmd=-272 actual=60 signed=0 rps=5339/4593:6582/6708 duty=11/10 pwm=PWM2:11/PWM1:10 motor=2:11/1:10
CrossDiag: type=CROSS_NONE track=1 half_lr=0/0 nearL=0@-1/0@-1 nearNum=42/124 centerNum=42/124 farL=0@-1/0@-1 farNum=0/0 farRaw=0/0 lost=0/0 not_have=0 final=124/125 flags=0/0
LineErr: aim=41 cxcy=84.0,119.6 left=1:3.07@80,75 dx=-3.6 idx=2/13 dist=41/136 right=1:3.08@81,79 dx=-3.4 idx=0/16 dist=40/254 sel=1:3.05@80,75 dx=-3.6 idx=0/20 dist=40/248 edge=1:8.33@73.0,67.5 dx=-11.0 width=68.2 l=39,65 r=107,70
CxScan: raw_ref=80.0 edge=73.0,67.5 best_raw_x=50 best_err=-0.37 best_cxcy=72.5,119.5 scan=0:-14.7,10:-11.9,20:-9.1,30:-6.2,40:-3.3,50:-0.4,60:2.6,70:5.5,80:8.3,90:11.2,100:13.9,110:16.6,120:19.3,130:21.8,140:24.3
ATGSeedDiag: seed=1@5,91/1@131,108 begin=7,108 block=5 clip=8
ATGLptDiag: best=10(38.5) imip=0/20 pass=10111 acc=-1 ipm=57.2,89.8 inv=40.2,54.9 | 1(8.5) imip=0/11 pass=10111 acc=-1 ipm=105.1,114.2 inv=125.2,98.0
frame=167 line=1 track=1 cross=0 circle=0(CIRCLE_NONE) round=0 yroad=0 ramp=0 road=2 speed=0 near=42/124 raw=92/105 sel=124/125 far=0/0 far_raw=0/0 l=0@-1/0@-1 far_l=0@-1/0@-1 straight=0/1 far_straight=0/0 circle_cnt=0/0/0/0 lost=0/0 conf=38.3/6.5/0.0/0.0 dist=0 begin=0/0 m0=(84,119) ml=(80,79) md=41/1/125 cxcy=84.0,119.6 guide=1.75 atg=-1.0/0.0/0.0 pure=0.41/0.06 yaw=-59 cmd=-285 actual=53 signed=0 rps=5351/4570:6724/6696 duty=11/10 pwm=PWM2:11/PWM1:10 motor=2:11/1:10
CrossDiag: type=CROSS_NONE track=1 half_lr=0/0 nearL=0@-1/0@-1 nearNum=42/124 centerNum=42/124 farL=0@-1/0@-1 farNum=0/0 farRaw=0/0 lost=0/0 not_have=0 final=124/125 flags=0/0
LineErr: aim=41 cxcy=84.0,119.6 left=1:3.22@80,76 dx=-3.8 idx=2/13 dist=39/133 right=1:3.33@80,77 dx=-3.8 idx=0/17 dist=41/254 sel=1:3.25@80,75 dx=-3.9 idx=0/20 dist=40/248 edge=1:9.14@72.0,68.0 dx=-12.0 width=68.1 l=38,66 r=106,70
CxScan: raw_ref=80.0 edge=72.0,68.0 best_raw_x=50 best_err=0.40 best_cxcy=72.5,119.5 scan=0:-14.1,10:-11.3,20:-8.4,30:-5.5,40:-2.6,50:0.4,60:3.3,70:6.3,80:9.1,90:12.0,100:14.7,110:17.4,120:20.1,130:22.6,140:25.0
ATGSeedDiag: seed=1@4,93/1@131,108 begin=7,108 block=5 clip=8
ATGLptDiag: best=10(38.3) imip=0/20 pass=10111 acc=-1 ipm=57.1,90.5 inv=39.7,55.7 | 1(6.5) imip=0/11 pass=10111 acc=-1 ipm=105.1,114.2 inv=125.2,98.0
frame=168 line=1 track=1 cross=0 circle=0(CIRCLE_NONE) round=0 yroad=0 ramp=0 road=2 speed=0 near=41/124 raw=90/105 sel=124/126 far=0/0 far_raw=0/0 l=0@-1/0@-1 far_l=0@-1/0@-1 straight=0/1 far_straight=0/0 circle_cnt=0/0/0/0 lost=0/0 conf=38.3/5.7/0.0/0.0 dist=0 begin=0/0 m0=(84,119) ml=(80,79) md=41/1/125 cxcy=84.0,119.6 guide=1.88 atg=-1.0/0.0/0.0 pure=0.45/0.08 yaw=-64 cmd=-279 actual=44 signed=0 rps=5340/4575:6549/6413 duty=11/10 pwm=PWM2:11/PWM1:10 motor=2:11/1:10
CrossDiag: type=CROSS_NONE track=1 half_lr=0/0 nearL=0@-1/0@-1 nearNum=41/124 centerNum=41/124 farL=0@-1/0@-1 farNum=0/0 farRaw=0/0 lost=0/0 not_have=0 final=124/126 flags=0/0
LineErr: aim=41 cxcy=84.0,119.6 left=1:3.53@80,75 dx=-4.2 idx=2/13 dist=41/132 right=1:3.41@80,77 dx=-3.9 idx=0/17 dist=41/254 sel=1:3.26@80,75 dx=-3.9 idx=0/20 dist=40/250 edge=1:9.51@71.5,68.0 dx=-12.5 width=69.1 l=37,66 r=106,70
CxScan: raw_ref=80.0 edge=71.5,68.0 best_raw_x=45 best_err=-0.69 best_cxcy=70.6,119.5 scan=0:-13.7,10:-10.9,20:-8.0,30:-5.1,40:-2.2,50:0.8,60:3.7,70:6.6,80:9.5,90:12.3,100:15.1,110:17.8,120:20.4,130:22.9,140:25.3
ATGSeedDiag: seed=1@4,94/1@130,108 begin=7,108 block=5 clip=8
ATGLptDiag: best=10(38.3) imip=0/20 pass=10111 acc=-1 ipm=57.1,90.8 inv=39.6,56.0 | 7(5.7) imip=0/17 pass=10111 acc=-1 ipm=106.8,100.4 inv=112.8,68.0
frame=170 line=1 track=1 cross=0 circle=0(CIRCLE_NONE) round=0 yroad=0 ramp=0 road=2 speed=0 near=39/124 raw=90/105 sel=124/126 far=0/0 far_raw=0/0 l=0@-1/0@-1 far_l=0@-1/0@-1 straight=0/1 far_straight=0/0 circle_cnt=0/0/0/0 lost=0/0 conf=37.7/7.1/0.0/0.0 dist=0 begin=0/0 m0=(84,119) ml=(80,79) md=41/1/125 cxcy=84.0,119.6 guide=2.01 atg=-1.0/0.0/0.0 pure=0.49/0.11 yaw=-68 cmd=-279 actual=37 signed=0 rps=5336/4573:6855/6852 duty=11/10 pwm=PWM2:11/PWM1:10 motor=2:11/1:10
CrossDiag: type=CROSS_NONE track=1 half_lr=0/0 nearL=0@-1/0@-1 nearNum=39/124 centerNum=39/124 farL=0@-1/0@-1 farNum=0/0 farRaw=0/0 lost=0/0 not_have=0 final=124/126 flags=0/0
LineErr: aim=41 cxcy=84.0,119.6 left=1:4.25@79,75 dx=-5.0 idx=2/13 dist=40/125 right=1:3.42@80,77 dx=-3.9 idx=0/17 dist=41/255 sel=1:3.25@80,75 dx=-3.9 idx=0/20 dist=40/250 edge=1:10.02@71.0,69.0 dx=-13.0 width=70.0 l=36,68 r=106,70
CxScan: raw_ref=80.0 edge=71.0,69.0 best_raw_x=45 best_err=-0.31 best_cxcy=70.6,119.5 scan=0:-13.5,10:-10.7,20:-7.7,30:-4.8,40:-1.8,50:1.2,60:4.2,70:7.1,80:10.0,90:12.9,100:15.7,110:18.4,120:21.0,130:23.5,140:26.0
ATGSeedDiag: seed=1@4,97/1@130,108 begin=7,108 block=5 clip=8
ATGLptDiag: best=10(37.7) imip=0/20 pass=10111 acc=-1 ipm=57.0,91.6 inv=39.0,56.9 | 6(7.1) imip=0/16 pass=10111 acc=-1 ipm=106.7,102.7 inv=114.7,71.8
frame=172 line=1 track=1 cross=0 circle=0(CIRCLE_NONE) round=0 yroad=0 ramp=0 road=2 speed=0 near=39/124 raw=89/105 sel=124/126 far=0/0 far_raw=0/0 l=0@-1/0@-1 far_l=0@-1/0@-1 straight=0/1 far_straight=0/0 circle_cnt=0/0/0/0 lost=0/0 conf=37.0/7.0/0.0/0.0 dist=0 begin=0/0 m0=(84,119) ml=(80,79) md=41/1/125 cxcy=84.0,119.6 guide=2.13 atg=-1.0/0.0/0.0 pure=0.41/0.06 yaw=-73 cmd=-274 actual=28 signed=0 rps=5327/4576:6942/6946 duty=10/10 pwm=PWM2:10/PWM1:10 motor=2:10/1:10
CrossDiag: type=CROSS_NONE track=1 half_lr=0/0 nearL=0@-1/0@-1 nearNum=39/124 centerNum=39/124 farL=0@-1/0@-1 farNum=0/0 farRaw=0/0 lost=0/0 not_have=0 final=124/126 flags=0/0
LineErr: aim=41 cxcy=84.0,119.6 left=1:5.14@78,75 dx=-6.1 idx=1/13 dist=42/125 right=1:3.41@80,77 dx=-3.9 idx=0/17 dist=41/255 sel=1:3.25@80,75 dx=-3.9 idx=0/20 dist=40/250 edge=1:10.39@70.5,69.0 dx=-13.5 width=71.0 l=35,68 r=106,70
CxScan: raw_ref=80.0 edge=70.5,69.0 best_raw_x=45 best_err=0.07 best_cxcy=70.6,119.5 scan=0:-13.2,10:-10.3,20:-7.4,30:-4.4,40:-1.4,50:1.6,60:4.5,70:7.5,80:10.4,90:13.2,100:16.0,110:18.7,120:21.3,130:23.8,140:26.3
ATGSeedDiag: seed=1@4,99/1@130,108 begin=7,108 block=5 clip=8
ATGLptDiag: best=10(37.0) imip=0/20 pass=10111 acc=-1 ipm=56.4,91.9 inv=38.1,57.3 | 7(7.0) imip=0/17 pass=10111 acc=-1 ipm=107.1,100.4 inv=113.3,68.0
frame=173 line=1 track=1 cross=0 circle=0(CIRCLE_NONE) round=0 yroad=0 ramp=0 road=2 speed=0 near=39/124 raw=90/105 sel=124/126 far=0/0 far_raw=0/0 l=0@-1/0@-1 far_l=0@-1/0@-1 straight=0/1 far_straight=0/0 circle_cnt=0/0/0/0 lost=0/0 conf=36.4/7.6/0.0/0.0 dist=0 begin=0/0 m0=(84,119) ml=(80,79) md=41/1/125 cxcy=84.0,119.6 guide=2.13 atg=-1.0/0.0/0.0 pure=0.41/0.06 yaw=-73 cmd=-266 actual=24 signed=0 rps=5316/4587:6981/7105 duty=10/10 pwm=PWM2:10/PWM1:10 motor=2:10/1:10
CrossDiag: type=CROSS_NONE track=1 half_lr=0/0 nearL=0@-1/0@-1 nearNum=39/124 centerNum=39/124 farL=0@-1/0@-1 farNum=0/0 farRaw=0/0 lost=0/0 not_have=0 final=124/126 flags=0/0
LineErr: aim=41 cxcy=84.0,119.6 left=1:5.53@77,75 dx=-6.6 idx=1/13 dist=42/125 right=1:3.41@80,77 dx=-3.9 idx=0/17 dist=40/253 sel=1:3.25@80,75 dx=-3.9 idx=0/20 dist=40/250 edge=1:9.77@71.5,70.0 dx=-12.5 width=69.0 l=37,70 r=106,70
CxScan: raw_ref=80.0 edge=71.5,70.0 best_raw_x=45 best_err=-0.71 best_cxcy=70.6,119.5 scan=0:-14.1,10:-11.2,20:-8.2,30:-5.2,40:-2.2,50:0.8,60:3.8,70:6.8,80:9.8,90:12.7,100:15.5,110:18.2,120:20.9,130:23.5,140:26.0
ATGSeedDiag: seed=1@4,100/1@130,108 begin=7,108 block=5 clip=8
ATGLptDiag: best=10(36.4) imip=0/20 pass=10111 acc=-1 ipm=56.3,92.2 inv=37.7,57.6 | 6(7.6) imip=0/16 pass=10111 acc=-1 ipm=106.9,102.7 inv=115.1,71.8
frame=174 line=1 track=1 cross=0 circle=0(CIRCLE_NONE) round=0 yroad=0 ramp=0 road=2 speed=0 near=38/124 raw=89/105 sel=124/126 far=0/0 far_raw=0/0 l=0@-1/0@-1 far_l=0@-1/0@-1 straight=0/1 far_straight=0/0 circle_cnt=0/0/0/0 lost=0/0 conf=37.3/7.6/0.0/0.0 dist=0 begin=0/0 m0=(84,119) ml=(80,79) md=41/1/126 cxcy=84.0,119.6 guide=2.13 atg=-1.0/0.0/0.0 pure=0.49/0.11 yaw=-73 cmd=-245 actual=14 signed=0 rps=5287/4616:6542/6726 duty=11/10 pwm=PWM2:11/PWM1:10 motor=2:11/1:10
CrossDiag: type=CROSS_NONE track=1 half_lr=0/0 nearL=0@-1/0@-1 nearNum=38/124 centerNum=38/124 farL=0@-1/0@-1 farNum=0/0 farRaw=0/0 lost=0/0 not_have=0 final=124/126 flags=0/0
LineErr: aim=41 cxcy=84.0,119.6 left=1:4.69@79,78 dx=-5.3 idx=1/12 dist=39/123 right=1:3.56@80,77 dx=-4.1 idx=0/17 dist=40/256 sel=1:3.28@80,75 dx=-3.9 idx=0/20 dist=40/250 edge=1:10.22@71.0,70.5 dx=-13.0 width=70.0 l=36,71 r=106,70
CxScan: raw_ref=80.0 edge=71.0,70.5 best_raw_x=45 best_err=-0.32 best_cxcy=70.6,119.5 scan=0:-13.8,10:-10.9,20:-7.9,30:-4.9,40:-1.8,50:1.2,60:4.2,70:7.3,80:10.2,90:13.1,100:16.0,110:18.7,120:21.4,130:24.0,140:26.4
ATGSeedDiag: seed=1@4,102/1@130,108 begin=7,108 block=5 clip=8
ATGLptDiag: best=10(37.3) imip=0/20 pass=10111 acc=-1 ipm=56.2,92.5 inv=37.4,58.0 | 5(7.6) imip=0/15 pass=10111 acc=-1 ipm=106.6,105.0 inv=116.7,76.0
frame=175 line=1 track=1 cross=0 circle=0(CIRCLE_NONE) round=0 yroad=0 ramp=0 road=2 speed=0 near=36/124 raw=89/105 sel=124/126 far=0/0 far_raw=0/0 l=0@-1/0@-1 far_l=0@-1/0@-1 straight=0/1 far_straight=0/0 circle_cnt=0/0/0/0 lost=0/0 conf=37.6/8.4/0.0/0.0 dist=0 begin=0/0 m0=(84,119) ml=(80,79) md=41/1/125 cxcy=84.0,119.6 guide=2.13 atg=-1.0/0.0/0.0 pure=0.49/0.11 yaw=-73 cmd=-213 actual=-2 signed=0 rps=5244/4659:6552/6613 duty=11/10 pwm=PWM2:11/PWM1:10 motor=2:11/1:10
CrossDiag: type=CROSS_NONE track=1 half_lr=0/0 nearL=0@-1/0@-1 nearNum=36/124 centerNum=36/124 farL=0@-1/0@-1 farNum=0/0 farRaw=0/0 lost=0/0 not_have=0 final=124/126 flags=0/0
LineErr: aim=41 cxcy=84.0,119.6 left=1:6.45@76,74 dx=-7.7 idx=1/13 dist=42/118 right=1:3.82@80,77 dx=-4.4 idx=0/17 dist=40/254 sel=1:3.65@80,75 dx=-4.3 idx=0/20 dist=40/250 edge=1:10.29@71.0,71.0 dx=-13.0 width=70.0 l=36,72 r=106,70
CxScan: raw_ref=80.0 edge=71.0,71.0 best_raw_x=45 best_err=-0.32 best_cxcy=70.6,119.5 scan=0:-13.9,10:-11.0,20:-8.0,30:-4.9,40:-1.9,50:1.2,60:4.3,70:7.3,80:10.3,90:13.2,100:16.1,110:18.8,120:21.5,130:24.1,140:26.6
ATGSeedDiag: seed=1@4,103/1@130,108 begin=7,108 block=5 clip=8
ATGLptDiag: best=10(37.6) imip=0/20 pass=10111 acc=-1 ipm=56.0,92.9 inv=36.9,58.4 | 4(8.4) imip=0/14 pass=10111 acc=-1 ipm=106.4,107.3 inv=118.9,80.6
frame=176 line=1 track=1 cross=0 circle=0(CIRCLE_NONE) round=0 yroad=0 ramp=0 road=2 speed=0 near=36/124 raw=89/105 sel=124/126 far=0/0 far_raw=0/0 l=0@-1/0@-1 far_l=0@-1/0@-1 straight=0/1 far_straight=0/0 circle_cnt=0/0/0/0 lost=0/0 conf=38.4/8.8/0.0/0.0 dist=0 begin=0/0 m0=(84,119) ml=(80,79) md=41/1/125 cxcy=84.0,119.6 guide=2.13 atg=-1.0/0.0/0.0 pure=0.49/0.11 yaw=-73 cmd=-170 actual=-24 signed=0 rps=5185/4718:6740/6679 duty=10/11 pwm=PWM2:10/PWM1:11 motor=2:10/1:11
CrossDiag: type=CROSS_NONE track=1 half_lr=0/0 nearL=0@-1/0@-1 nearNum=36/124 centerNum=36/124 farL=0@-1/0@-1 farNum=0/0 farRaw=0/0 lost=0/0 not_have=0 final=124/126 flags=0/0
LineErr: aim=41 cxcy=84.0,119.6 left=1:5.50@78,78 dx=-6.2 idx=1/12 dist=39/117 right=1:3.82@80,77 dx=-4.4 idx=0/17 dist=40/253 sel=1:3.64@80,75 dx=-4.3 idx=0/20 dist=40/250 edge=1:10.67@70.5,71.0 dx=-13.5 width=71.0 l=35,72 r=106,70
CxScan: raw_ref=80.0 edge=70.5,71.0 best_raw_x=45 best_err=0.08 best_cxcy=70.6,119.5 scan=0:-13.5,10:-10.6,20:-7.6,30:-4.5,40:-1.5,50:1.6,60:4.7,70:7.7,80:10.7,90:13.6,100:16.4,110:19.2,120:21.9,130:24.4,140:26.9
ATGSeedDiag: seed=1@4,104/1@130,108 begin=7,108 block=5 clip=8
ATGLptDiag: best=10(38.4) imip=0/20 pass=10111 acc=-1 ipm=55.9,93.2 inv=36.7,58.7 | 4(8.8) imip=0/14 pass=10111 acc=-1 ipm=106.5,107.3 inv=119.0,80.6
frame=177 line=1 track=1 cross=0 circle=0(CIRCLE_NONE) round=0 yroad=0 ramp=0 road=2 speed=0 near=35/124 raw=90/105 sel=124/126 far=0/0 far_raw=0/0 l=0@-1/0@-1 far_l=0@-1/0@-1 straight=0/1 far_straight=0/0 circle_cnt=0/0/0/0 lost=0/0 conf=36.8/7.8/0.0/0.0 dist=0 begin=0/0 m0=(84,119) ml=(80,79) md=41/1/125 cxcy=84.0,119.6 guide=2.13 atg=-1.0/0.0/0.0 pure=0.49/0.11 yaw=-73 cmd=-142 actual=-38 signed=0 rps=5146/4758:6611/6459 duty=10/11 pwm=PWM2:10/PWM1:11 motor=2:10/1:11
CrossDiag: type=CROSS_NONE track=1 half_lr=0/0 nearL=0@-1/0@-1 nearNum=35/124 centerNum=35/124 farL=0@-1/0@-1 farNum=0/0 farRaw=0/0 lost=0/0 not_have=0 final=124/126 flags=0/0
LineErr: aim=41 cxcy=84.0,119.6 left=1:7.40@75,74 dx=-8.9 idx=1/13 dist=41/113 right=1:3.82@80,77 dx=-4.4 idx=0/17 dist=40/252 sel=1:3.65@80,75 dx=-4.3 idx=0/20 dist=40/250 edge=1:11.14@70.0,71.5 dx=-14.0 width=72.1 l=34,73 r=106,70
CxScan: raw_ref=80.0 edge=70.0,71.5 best_raw_x=45 best_err=0.48 best_cxcy=70.6,119.5 scan=0:-13.2,10:-10.3,20:-7.2,30:-4.2,40:-1.1,50:2.0,60:5.1,70:8.1,80:11.1,90:14.1,100:16.9,110:19.7,120:22.4,130:24.9,140:27.4
ATGSeedDiag: seed=1@4,106/1@130,108 begin=7,108 block=5 clip=8
ATGLptDiag: best=10(36.8) imip=0/20 pass=10111 acc=-1 ipm=55.6,93.6 inv=36.0,59.3 | 5(7.8) imip=0/15 pass=10111 acc=-1 ipm=106.9,105.0 inv=117.3,76.0
frame=179 line=1 track=1 cross=0 circle=0(CIRCLE_NONE) round=0 yroad=0 ramp=0 road=2 speed=0 near=34/124 raw=90/105 sel=124/125 far=0/0 far_raw=0/0 l=0@-1/0@-1 far_l=0@-1/0@-1 straight=0/1 far_straight=0/0 circle_cnt=0/0/0/0 lost=0/0 conf=36.1/11.8/0.0/0.0 dist=0 begin=0/0 m0=(84,119) ml=(80,79) md=41/1/125 cxcy=84.0,119.6 guide=2.12 atg=-1.0/0.0/0.0 pure=0.44/0.06 yaw=-72 cmd=-133 actual=-42 signed=0 rps=5134/4770:6966/6926 duty=10/10 pwm=PWM2:10/PWM1:10 motor=2:10/1:10
CrossDiag: type=CROSS_NONE track=1 half_lr=0/0 nearL=0@-1/0@-1 nearNum=34/124 centerNum=34/124 farL=0@-1/0@-1 farNum=0/0 farRaw=0/0 lost=0/0 not_have=0 final=124/125 flags=0/0
LineErr: aim=41 cxcy=84.0,119.6 left=1:6.77@76,78 dx=-7.7 idx=0/12 dist=41/114 right=1:3.25@80,75 dx=-3.9 idx=0/18 dist=42/253 sel=1:3.24@80,74 dx=-3.9 idx=0/20 dist=40/248 edge=1:11.60@69.5,72.0 dx=-14.5 width=73.1 l=33,74 r=106,70
CxScan: raw_ref=80.0 edge=69.5,72.0 best_raw_x=40 best_err=-0.67 best_cxcy=68.7,119.4 scan=0:-12.9,10:-9.9,20:-6.9,30:-3.8,40:-0.7,50:2.4,60:5.5,70:8.6,80:11.6,90:14.5,100:17.4,110:20.2,120:22.8,130:25.4,140:27.9
ATGSeedDiag: seed=1@4,108/1@131,108 begin=7,108 block=5 clip=8
ATGLptDiag: best=10(36.1) imip=0/20 pass=10111 acc=-1 ipm=55.2,94.1 inv=35.0,59.9 | 1(11.8) imip=0/11 pass=10111 acc=-1 ipm=106.0,114.2 inv=127.2,98.1
frame=180 line=1 track=1 cross=0 circle=0(CIRCLE_NONE) round=0 yroad=0 ramp=0 road=2 speed=0 near=34/124 raw=87/105 sel=124/125 far=0/0 far_raw=0/0 l=0@-1/0@-1 far_l=0@-1/0@-1 straight=0/1 far_straight=0/0 circle_cnt=0/0/0/0 lost=0/0 conf=35.5/17.2/0.0/0.0 dist=0 begin=0/0 m0=(84,119) ml=(80,79) md=41/1/125 cxcy=84.0,119.6 guide=2.12 atg=-1.0/0.0/0.0 pure=0.41/0.05 yaw=-72 cmd=-166 actual=-25 signed=0 rps=5179/4725:7252/7217 duty=9/10 pwm=PWM2:9/PWM1:10 motor=2:9/1:10
CrossDiag: type=CROSS_NONE track=1 half_lr=0/0 nearL=0@-1/0@-1 nearNum=34/124 centerNum=34/124 farL=0@-1/0@-1 farNum=0/0 farRaw=0/0 lost=0/0 not_have=0 final=124/125 flags=0/0
LineErr: aim=41 cxcy=84.0,119.6 left=1:7.77@75,77 dx=-9.0 idx=0/12 dist=40/109 right=1:3.25@80,75 dx=-3.9 idx=0/18 dist=41/251 sel=1:3.23@80,74 dx=-3.9 idx=0/20 dist=40/248 edge=1:12.07@69.0,72.5 dx=-15.0 width=74.2 l=32,75 r=106,70
CxScan: raw_ref=80.0 edge=69.0,72.5 best_raw_x=40 best_err=-0.27 best_cxcy=68.7,119.4 scan=0:-12.6,10:-9.6,20:-6.5,30:-3.4,40:-0.3,50:2.9,60:6.0,70:9.1,80:12.1,90:15.0,100:17.9,110:20.7,120:23.3,130:25.9,140:28.3
ATGSeedDiag: seed=1@5,108/1@131,108 begin=7,108 block=5 clip=8
ATGLptDiag: best=10(35.5) imip=0/20 pass=10111 acc=-1 ipm=54.5,94.1 inv=34.0,60.0 | 1(17.2) imip=0/11 pass=10111 acc=-1 ipm=106.2,114.3 inv=127.7,98.2
frame=182 line=1 track=1 cross=0 circle=0(CIRCLE_NONE) round=0 yroad=0 ramp=0 road=2 speed=0 near=31/124 raw=84/104 sel=124/126 far=0/0 far_raw=0/0 l=0@-1/0@-1 far_l=0@-1/0@-1 straight=0/1 far_straight=0/0 circle_cnt=0/0/0/0 lost=0/0 conf=34.8/8.1/0.0/0.0 dist=0 begin=0/0 m0=(84,119) ml=(80,79) md=41/1/125 cxcy=84.0,119.6 guide=2.12 atg=-1.0/0.0/0.0 pure=0.49/0.11 yaw=-72 cmd=-232 actual=8 signed=0 rps=5270/4634:6688/6894 duty=11/10 pwm=PWM2:11/PWM1:10 motor=2:11/1:10
CrossDiag: type=CROSS_NONE track=1 half_lr=0/0 nearL=0@-1/0@-1 nearNum=31/124 centerNum=31/124 farL=0@-1/0@-1 farNum=0/0 farRaw=0/0 lost=0/0 not_have=0 final=124/126 flags=0/0
LineErr: aim=41 cxcy=84.0,119.6 left=1:9.63@73,76 dx=-11.4 idx=0/12 dist=39/99 right=1:3.64@80,75 dx=-4.3 idx=0/18 dist=41/253 sel=1:3.64@80,74 dx=-4.3 idx=0/20 dist=40/250 edge=1:12.24@69.0,73.5 dx=-15.0 width=74.3 l=32,77 r=106,70
CxScan: raw_ref=80.0 edge=69.0,73.5 best_raw_x=40 best_err=-0.27 best_cxcy=68.7,119.4 scan=0:-12.8,10:-9.7,20:-6.6,30:-3.5,40:-0.3,50:2.9,60:6.1,70:9.2,80:12.2,90:15.2,100:18.1,110:20.9,120:23.6,130:26.2,140:28.7
ATGSeedDiag: seed=1@8,108/1@131,107 begin=7,108 block=5 clip=8
ATGLptDiag: best=10(34.8) imip=0/20 pass=10111 acc=-1 ipm=53.8,94.1 inv=33.0,59.9 | 3(8.1) imip=0/13 pass=10111 acc=-1 ipm=106.9,109.3 inv=122.2,85.0
frame=183 line=1 track=1 cross=0 circle=0(CIRCLE_NONE) round=0 yroad=0 ramp=0 road=2 speed=0 near=30/124 raw=84/105 sel=124/126 far=0/0 far_raw=0/0 l=0@-1/0@-1 far_l=0@-1/0@-1 straight=0/1 far_straight=0/0 circle_cnt=0/0/0/0 lost=0/0 conf=37.0/9.5/0.0/0.0 dist=0 begin=0/0 m0=(84,119) ml=(80,79) md=41/1/125 cxcy=84.0,119.6 guide=2.12 atg=-1.0/0.0/0.0 pure=0.49/0.13 yaw=-72 cmd=-260 actual=22 signed=0 rps=5308/4596:6671/6865 duty=11/10 pwm=PWM2:11/PWM1:10 motor=2:11/1:10
CrossDiag: type=CROSS_NONE track=1 half_lr=0/0 nearL=0@-1/0@-1 nearNum=30/124 centerNum=30/124 farL=0@-1/0@-1 farNum=0/0 farRaw=0/0 lost=0/0 not_have=0 final=124/126 flags=0/0
LineErr: aim=41 cxcy=84.0,119.6 left=1:10.44@72,75 dx=-12.4 idx=0/12 dist=40/98 right=1:3.65@80,75 dx=-4.3 idx=0/18 dist=41/252 sel=1:3.64@80,74 dx=-4.3 idx=0/20 dist=40/250 edge=1:12.72@68.5,74.0 dx=-15.5 width=75.4 l=31,78 r=106,70
CxScan: raw_ref=80.0 edge=68.5,74.0 best_raw_x=40 best_err=0.15 best_cxcy=68.7,119.4 scan=0:-12.5,10:-9.4,20:-6.3,30:-3.1,40:0.1,50:3.3,60:6.5,70:9.7,80:12.7,90:15.7,100:18.6,110:21.4,120:24.1,130:26.7,140:29.2
ATGSeedDiag: seed=1@9,108/1@132,108 begin=7,108 block=5 clip=8
ATGLptDiag: best=10(37.0) imip=0/20 pass=10111 acc=-1 ipm=53.7,94.0 inv=32.9,59.8 | 3(9.5) imip=0/13 pass=10111 acc=-1 ipm=106.9,109.6 inv=122.6,85.8
frame=185 line=1 track=1 cross=0 circle=0(CIRCLE_NONE) round=0 yroad=0 ramp=0 road=2 speed=0 near=29/124 raw=81/105 sel=124/125 far=0/0 far_raw=0/0 l=0@-1/0@-1 far_l=0@-1/0@-1 straight=0/1 far_straight=0/0 circle_cnt=0/0/0/0 lost=0/0 conf=34.1/13.0/0.0/0.0 dist=0 begin=0/0 m0=(84,119) ml=(80,79) md=41/1/125 cxcy=84.0,119.6 guide=2.12 atg=-1.0/0.0/0.0 pure=0.47/0.10 yaw=-72 cmd=-280 actual=32 signed=0 rps=5336/4568:6689/6604 duty=11/10 pwm=PWM2:11/PWM1:10 motor=2:11/1:10
CrossDiag: type=CROSS_NONE track=1 half_lr=0/0 nearL=0@-1/0@-1 nearNum=29/124 centerNum=29/124 farL=0@-1/0@-1 farNum=0/0 farRaw=0/0 lost=0/0 not_have=0 final=124/125 flags=0/0
LineErr: aim=41 cxcy=84.0,119.6 left=1:12.05@69,75 dx=-14.5 idx=0/12 dist=40/94 right=1:3.29@80,75 dx=-3.9 idx=0/18 dist=41/253 sel=1:3.26@80,74 dx=-3.9 idx=0/20 dist=40/248 edge=1:12.41@69.0,74.5 dx=-15.0 width=74.5 l=32,79 r=106,70
CxScan: raw_ref=80.0 edge=69.0,74.5 best_raw_x=40 best_err=-0.27 best_cxcy=68.7,119.4 scan=0:-13.0,10:-9.9,20:-6.7,30:-3.5,40:-0.3,50:3.0,60:6.2,70:9.3,80:12.4,90:15.4,100:18.4,110:21.2,120:23.9,130:26.5,140:29.0
ATGSeedDiag: seed=1@10,108/1@132,108 begin=7,108 block=5 clip=8
ATGLptDiag: best=10(34.1) imip=0/20 pass=10111 acc=-1 ipm=52.3,94.2 inv=30.8,60.1 | 1(13.0) imip=0/11 pass=10111 acc=-1 ipm=106.5,114.2 inv=128.3,98.1
frame=186 line=1 track=1 cross=0 circle=0(CIRCLE_NONE) round=0 yroad=0 ramp=0 road=2 speed=0 near=28/124 raw=80/105 sel=124/125 far=0/0 far_raw=0/0 l=0@-1/0@-1 far_l=0@-1/0@-1 straight=0/1 far_straight=0/0 circle_cnt=0/0/0/0 lost=0/0 conf=34.3/10.2/0.0/0.0 dist=0 begin=0/0 m0=(84,119) ml=(80,79) md=41/1/125 cxcy=84.0,119.6 guide=2.11 atg=-1.0/0.0/0.0 pure=0.40/0.05 yaw=-72 cmd=-278 actual=31 signed=0 rps=5333/4572:7053/6918 duty=10/10 pwm=PWM2:10/PWM1:10 motor=2:10/1:10
CrossDiag: type=CROSS_NONE track=1 half_lr=0/0 nearL=0@-1/0@-1 nearNum=28/124 centerNum=28/124 farL=0@-1/0@-1 farNum=0/0 farRaw=0/0 lost=0/0 not_have=0 final=124/125 flags=0/0
LineErr: aim=41 cxcy=84.0,119.6 left=1:13.05@68,74 dx=-15.9 idx=0/12 dist=39/88 right=1:3.23@80,74 dx=-3.9 idx=0/18 dist=40/251 sel=1:3.23@80,74 dx=-3.9 idx=0/20 dist=40/248 edge=1:12.91@68.5,75.0 dx=-15.5 width=75.7 l=31,80 r=106,70
CxScan: raw_ref=80.0 edge=68.5,75.0 best_raw_x=40 best_err=0.15 best_cxcy=68.7,119.4 scan=0:-12.7,10:-9.5,20:-6.3,30:-3.1,40:0.1,50:3.4,60:6.6,70:9.8,80:12.9,90:15.9,100:18.9,110:21.7,120:24.4,130:27.0,140:29.5
ATGSeedDiag: seed=1@11,108/1@132,108 begin=7,108 block=5 clip=8
ATGLptDiag: best=10(34.3) imip=0/20 pass=10111 acc=-1 ipm=51.6,94.0 inv=30.0,59.9 | 1(10.2) imip=0/11 pass=10111 acc=-1 ipm=106.7,114.2 inv=128.6,98.0
frame=187 line=1 track=1 cross=0 circle=0(CIRCLE_NONE) round=0 yroad=0 ramp=0 road=2 speed=0 near=27/124 raw=78/105 sel=124/125 far=0/0 far_raw=0/0 l=0@-1/0@-1 far_l=0@-1/0@-1 straight=0/1 far_straight=0/0 circle_cnt=0/0/0/0 lost=0/0 conf=33.0/9.7/0.0/0.0 dist=0 begin=0/0 m0=(84,119) ml=(80,79) md=41/1/125 cxcy=84.0,119.6 guide=2.11 atg=-1.0/0.0/0.0 pure=0.47/0.08 yaw=-72 cmd=-274 actual=30 signed=0 rps=5328/4576:6904/6864 duty=10/10 pwm=PWM2:10/PWM1:10 motor=2:10/1:10
CrossDiag: type=CROSS_NONE track=1 half_lr=0/0 nearL=0@-1/0@-1 nearNum=27/124 centerNum=27/124 farL=0@-1/0@-1 farNum=0/0 farRaw=0/0 lost=0/0 not_have=0 final=124/125 flags=0/0
LineErr: aim=41 cxcy=84.0,119.6 left=1:14.03@67,74 dx=-17.3 idx=0/12 dist=39/85 right=1:3.24@80,74 dx=-3.9 idx=0/18 dist=42/253 sel=1:3.23@80,74 dx=-3.9 idx=0/20 dist=40/248 edge=1:12.59@69.0,75.5 dx=-15.0 width=74.8 l=32,81 r=106,70
CxScan: raw_ref=80.0 edge=69.0,75.5 best_raw_x=40 best_err=-0.28 best_cxcy=68.7,119.4 scan=0:-13.2,10:-10.0,20:-6.8,30:-3.6,40:-0.3,50:3.0,60:6.2,70:9.5,80:12.6,90:15.7,100:18.6,110:21.5,120:24.2,130:26.9,140:29.4
ATGSeedDiag: seed=1@12,108/1@133,108 begin=7,108 block=5 clip=8
ATGLptDiag: best=9(33.0) imip=0/19 pass=10111 acc=-1 ipm=52.4,96.1 inv=29.6,62.5 | 1(9.7) imip=0/11 pass=10111 acc=-1 ipm=106.7,114.2 inv=128.8,98.0
frame=188 line=1 track=1 cross=0 circle=0(CIRCLE_NONE) round=0 yroad=0 ramp=0 road=2 speed=0 near=26/124 raw=76/105 sel=124/125 far=0/0 far_raw=0/0 l=0@-1/0@-1 far_l=0@-1/0@-1 straight=0/1 far_straight=0/0 circle_cnt=0/0/0/0 lost=0/0 conf=30.8/9.7/0.0/0.0 dist=0 begin=0/0 m0=(84,119) ml=(80,79) md=41/1/126 cxcy=84.0,119.6 guide=2.12 atg=-1.0/0.0/0.0 pure=0.47/0.11 yaw=-72 cmd=-287 actual=35 signed=0 rps=5345/4559:7236/7185 duty=10/9 pwm=PWM2:10/PWM1:9 motor=2:10/1:9
CrossDiag: type=CROSS_NONE track=1 half_lr=0/0 nearL=0@-1/0@-1 nearNum=26/124 centerNum=26/124 farL=0@-1/0@-1 farNum=0/0 farRaw=0/0 lost=0/0 not_have=0 final=124/125 flags=0/0
LineErr: aim=41 cxcy=84.0,119.6 left=1:16.35@63,71 dx=-21.0 idx=0/13 dist=42/80 right=1:3.41@80,74 dx=-4.1 idx=0/18 dist=41/252 sel=1:3.39@80,74 dx=-4.1 idx=0/20 dist=40/248 edge=1:13.09@68.5,76.0 dx=-15.5 width=76.0 l=31,82 r=106,70
CxScan: raw_ref=80.0 edge=68.5,76.0 best_raw_x=40 best_err=0.15 best_cxcy=68.7,119.4 scan=0:-12.9,10:-9.7,20:-6.4,30:-3.2,40:0.2,50:3.4,60:6.7,70:9.9,80:13.1,90:16.2,100:19.1,110:22.0,120:24.8,130:27.4,140:29.9
ATGSeedDiag: seed=1@12,108/1@133,108 begin=7,108 block=5 clip=8
ATGLptDiag: best=8(30.8) imip=0/18 pass=10111 acc=-1 ipm=53.3,98.5 inv=29.0,65.8 | 1(9.7) imip=0/11 pass=10111 acc=-1 ipm=106.7,114.2 inv=128.8,98.0
frame=190 line=1 track=1 cross=0 circle=0(CIRCLE_NONE) round=0 yroad=0 ramp=0 road=2 speed=0 near=24/124 raw=74/105 sel=124/125 far=0/0 far_raw=0/0 l=0@-1/0@-1 far_l=0@-1/0@-1 straight=0/1 far_straight=0/0 circle_cnt=0/0/0/0 lost=0/0 conf=31.8/10.4/0.0/0.0 dist=0 begin=0/0 m0=(84,119) ml=(79,79) md=41/1/125 cxcy=84.0,119.6 guide=2.63 atg=-2.0/0.0/0.0 pure=0.57/0.16 yaw=-89 cmd=-307 actual=19 signed=0 rps=5361/4520:7078/7181 duty=10/9 pwm=PWM2:10/PWM1:9 motor=2:10/1:9
CrossDiag: type=CROSS_NONE track=1 half_lr=0/0 nearL=0@-1/0@-1 nearNum=24/124 centerNum=24/124 farL=0@-1/0@-1 farNum=0/0 farRaw=0/0 lost=0/0 not_have=0 final=124/125 flags=0/0
LineErr: aim=41 cxcy=84.0,119.6 left=1:18.42@60,71 dx=-24.0 idx=0/13 dist=42/72 right=1:3.65@80,75 dx=-4.3 idx=0/18 dist=41/252 sel=1:3.63@80,74 dx=-4.3 idx=0/20 dist=40/248 edge=1:14.00@67.5,76.5 dx=-16.5 width=78.1 l=29,83 r=106,70
CxScan: raw_ref=80.0 edge=67.5,76.5 best_raw_x=35 best_err=-0.65 best_cxcy=66.8,119.4 scan=0:-12.1,10:-8.9,20:-5.6,30:-2.3,40:1.0,50:4.3,60:7.6,70:10.8,80:14.0,90:17.1,100:20.0,110:22.9,120:25.6,130:28.2,140:30.7
ATGSeedDiag: seed=1@13,108/1@133,108 begin=7,108 block=5 clip=8
ATGLptDiag: best=8(31.8) imip=0/18 pass=10111 acc=-1 ipm=52.3,98.4 inv=27.5,65.8 | 1(10.4) imip=0/11 pass=10111 acc=-1 ipm=106.7,114.2 inv=128.8,98.0
frame=191 line=1 track=1 cross=0 circle=0(CIRCLE_NONE) round=0 yroad=0 ramp=0 road=2 speed=0 near=23/124 raw=74/105 sel=124/125 far=0/0 far_raw=0/0 l=0@-1/0@-1 far_l=0@-1/0@-1 straight=0/1 far_straight=0/0 circle_cnt=0/0/0/0 lost=0/0 conf=30.9/4.5/0.0/0.0 dist=0 begin=0/0 m0=(84,119) ml=(79,79) md=41/1/123 cxcy=84.0,119.6 guide=2.89 atg=-2.0/0.0/0.0 pure=0.57/0.16 yaw=-98 cmd=-337 actual=21 signed=0 rps=5397/4473:6659/6886 duty=11/9 pwm=PWM2:11/PWM1:9 motor=2:11/1:9
CrossDiag: type=CROSS_NONE track=1 half_lr=0/0 nearL=0@-1/0@-1 nearNum=23/124 centerNum=23/124 farL=0@-1/0@-1 farNum=0/0 farRaw=0/0 lost=0/0 not_have=0 final=124/125 flags=0/0
LineErr: aim=41 cxcy=84.0,119.6 left=1:18.64@60,71 dx=-24.1 idx=0/13 dist=41/68 right=1:4.16@79,77 dx=-4.8 idx=0/17 dist=40/253 sel=1:3.90@79,74 dx=-4.7 idx=0/20 dist=40/248 edge=1:14.11@67.5,77.0 dx=-16.5 width=78.3 l=29,84 r=106,70
CxScan: raw_ref=80.0 edge=67.5,77.0 best_raw_x=35 best_err=-0.65 best_cxcy=66.8,119.4 scan=0:-12.2,10:-9.0,20:-5.7,30:-2.3,40:1.0,50:4.4,60:7.7,70:10.9,80:14.1,90:17.2,100:20.2,110:23.1,120:25.8,130:28.4,140:30.9
ATGSeedDiag: seed=1@13,108/1@133,108 begin=7,108 block=5 clip=8
ATGLptDiag: best=8(30.9) imip=0/18 pass=10111 acc=-1 ipm=51.8,98.8 inv=26.3,66.4 | 1(4.5) imip=0/11 pass=10111 acc=-1 ipm=106.5,114.2 inv=128.2,97.9
frame=192 line=1 track=1 cross=0 circle=0(CIRCLE_NONE) round=0 yroad=0 ramp=0 road=2 speed=0 near=23/124 raw=71/105 sel=124/126 far=0/0 far_raw=0/0 l=0@-1/0@-1 far_l=0@-1/0@-1 straight=0/1 far_straight=0/0 circle_cnt=0/0/0/0 lost=0/0 conf=27.6/4.5/0.0/0.0 dist=0 begin=0/0 m0=(84,119) ml=(79,79) md=41/1/125 cxcy=84.0,119.6 guide=2.76 atg=-2.0/0.0/0.0 pure=0.57/0.16 yaw=-94 cmd=-326 actual=22 signed=0 rps=5384/4491:6656/6846 duty=11/9 pwm=PWM2:11/PWM1:9 motor=2:11/1:9
CrossDiag: type=CROSS_NONE track=1 half_lr=0/0 nearL=0@-1/0@-1 nearNum=23/124 centerNum=23/124 farL=0@-1/0@-1 farNum=0/0 farRaw=0/0 lost=0/0 not_have=0 final=124/126 flags=0/0
LineErr: aim=41 cxcy=84.0,119.6 left=1:19.69@58,71 dx=-25.7 idx=0/13 dist=41/68 right=1:4.03@79,77 dx=-4.6 idx=0/17 dist=40/252 sel=1:3.72@80,74 dx=-4.4 idx=0/20 dist=40/250 edge=1:14.52@67.0,77.0 dx=-17.0 width=79.2 l=28,84 r=106,70
CxScan: raw_ref=80.0 edge=67.0,77.0 best_raw_x=35 best_err=-0.21 best_cxcy=66.8,119.4 scan=0:-11.8,10:-8.6,20:-5.2,30:-1.9,40:1.5,50:4.8,60:8.1,70:11.3,80:14.5,90:17.6,100:20.6,110:23.4,120:26.2,130:28.8,140:31.2
ATGSeedDiag: seed=1@14,108/1@133,108 begin=7,108 block=5 clip=8
ATGLptDiag: best=7(27.6) imip=0/17 pass=10111 acc=-1 ipm=52.3,100.7 inv=25.5,69.3 | 1(4.5) imip=0/11 pass=10111 acc=-1 ipm=106.5,114.2 inv=128.2,97.9
frame=194 line=1 track=1 cross=0 circle=0(CIRCLE_NONE) round=0 yroad=0 ramp=0 road=2 speed=0 near=21/124 raw=67/105 sel=124/126 far=0/0 far_raw=0/0 l=0@-1/0@-1 far_l=0@-1/0@-1 straight=0/1 far_straight=0/0 circle_cnt=0/0/0/0 lost=0/0 conf=34.0/4.5/0.0/0.0 dist=0 begin=0/0 m0=(84,119) ml=(80,79) md=41/1/125 cxcy=84.0,119.6 guide=2.50 atg=-2.0/0.0/0.0 pure=0.51/0.14 yaw=-85 cmd=-266 actual=6 signed=0 rps=5308/4578:6699/6574 duty=11/10 pwm=PWM2:11/PWM1:10 motor=2:11/1:10
CrossDiag: type=CROSS_NONE track=1 half_lr=0/0 nearL=0@-1/0@-1 nearNum=21/124 centerNum=21/124 farL=0@-1/0@-1 farNum=0/0 farRaw=0/0 lost=0/0 not_have=0 final=124/126 flags=0/0
LineErr: aim=41 cxcy=84.0,119.6 left=1:22.35@54,70 dx=-29.9 idx=0/14 dist=42/60 right=1:3.78@80,77 dx=-4.4 idx=0/17 dist=42/254 sel=1:3.64@80,74 dx=-4.3 idx=0/20 dist=40/250 edge=1:15.44@66.0,77.5 dx=-18.0 width=81.4 l=26,85 r=106,70
CxScan: raw_ref=80.0 edge=66.0,77.5 best_raw_x=35 best_err=0.66 best_cxcy=66.8,119.4 scan=0:-11.1,10:-7.8,20:-4.4,30:-1.0,40:2.4,50:5.7,60:9.0,70:12.3,80:15.4,90:18.5,100:21.5,110:24.3,120:27.0,130:29.6,140:32.1
ATGSeedDiag: seed=1@13,108/1@133,108 begin=7,108 block=5 clip=8
ATGLptDiag: best=10(34.0) imip=0/20 pass=10111 acc=-1 ipm=46.1,96.2 inv=20.0,62.8 | 1(4.5) imip=0/11 pass=10111 acc=-1 ipm=106.5,114.2 inv=128.2,97.9
frame=195 line=1 track=1 cross=0 circle=0(CIRCLE_NONE) round=0 yroad=0 ramp=0 road=2 speed=0 near=20/124 raw=63/105 sel=124/125 far=0/0 far_raw=0/0 l=0@-1/0@-1 far_l=0@-1/0@-1 straight=0/1 far_straight=0/0 circle_cnt=0/0/0/0 lost=0/0 conf=24.9/4.5/0.0/0.0 dist=0 begin=0/0 m0=(84,119) ml=(79,79) md=41/1/124 cxcy=84.0,119.6 guide=2.89 atg=-2.0/0.0/0.0 pure=0.57/0.16 yaw=-98 cmd=-290 actual=-2 signed=0 rps=5332/4538:7164/7010 duty=10/9 pwm=PWM2:10/PWM1:9 motor=2:10/1:9
CrossDiag: type=CROSS_NONE track=1 half_lr=0/0 nearL=0@-1/0@-1 nearNum=20/124 centerNum=20/124 farL=0@-1/0@-1 farNum=0/0 farRaw=0/0 lost=0/0 not_have=0 final=124/125 flags=0/0
LineErr: aim=41 cxcy=84.0,119.6 left=1:22.98@53,71 dx=-30.6 idx=0/14 dist=41/56 right=1:3.90@79,74 dx=-4.7 idx=0/18 dist=41/251 sel=1:3.91@79,74 dx=-4.7 idx=0/20 dist=40/248 edge=1:15.26@66.5,78.5 dx=-17.5 width=80.8 l=27,87 r=106,70
CxScan: raw_ref=80.0 edge=66.5,78.5 best_raw_x=35 best_err=0.23 best_cxcy=66.8,119.4 scan=0:-11.7,10:-8.3,20:-4.9,30:-1.5,40:1.9,50:5.4,60:8.7,70:12.0,80:15.3,90:18.4,100:21.4,110:24.3,120:27.0,130:29.7,140:32.1
ATGSeedDiag: seed=1@14,108/1@133,108 begin=7,108 block=5 clip=8
ATGLptDiag: best=6(24.9) imip=0/16 pass=10111 acc=-1 ipm=52.1,103.1 inv=22.8,73.4 | 1(4.5) imip=0/11 pass=10111 acc=-1 ipm=106.5,114.2 inv=128.2,97.9
frame=196 line=1 track=1 cross=0 circle=0(CIRCLE_NONE) round=0 yroad=0 ramp=0 road=2 speed=0 near=19/124 raw=59/105 sel=124/125 far=0/0 far_raw=0/0 l=0@-1/0@-1 far_l=0@-1/0@-1 straight=0/1 far_straight=0/0 circle_cnt=0/0/0/0 lost=0/0 conf=24.2/2.5/0.0/0.0 dist=0 begin=0/0 m0=(84,119) ml=(79,79) md=41/1/123 cxcy=84.0,119.6 guide=3.03 atg=-2.0/0.0/0.0 pure=0.57/0.17 yaw=-103 cmd=-292 actual=-9 signed=0 rps=5331/4532:7014/6923 duty=10/9 pwm=PWM2:10/PWM1:9 motor=2:10/1:9
CrossDiag: type=CROSS_NONE track=1 half_lr=0/0 nearL=0@-1/0@-1 nearNum=19/124 centerNum=19/124 farL=0@-1/0@-1 farNum=0/0 farRaw=0/0 lost=0/0 not_have=0 final=124/125 flags=0/0
LineErr: aim=41 cxcy=84.0,119.6 left=1:23.77@52,71 dx=-31.6 idx=0/14 dist=40/52 right=1:4.18@79,77 dx=-4.8 idx=0/17 dist=40/252 sel=1:4.04@79,75 dx=-4.8 idx=0/20 dist=40/248 edge=1:15.37@66.5,79.0 dx=-17.5 width=79.1 l=28,88 r=105,70
CxScan: raw_ref=80.0 edge=66.5,79.0 best_raw_x=35 best_err=0.23 best_cxcy=66.8,119.4 scan=0:-11.7,10:-8.4,20:-5.0,30:-1.5,40:2.0,50:5.4,60:8.8,70:12.1,80:15.4,90:18.5,100:21.5,110:24.4,120:27.2,130:29.8,140:32.4
ATGSeedDiag: seed=1@14,108/1@133,108 begin=7,108 block=5 clip=8
ATGLptDiag: best=5(24.2) imip=0/15 pass=10111 acc=-1 ipm=53.0,105.2 inv=22.0,77.3 | 13(2.5) imip=3/23 pass=10111 acc=-1 ipm=105.3,86.4 inv=101.8,51.0
frame=197 line=1 track=1 cross=0 circle=0(CIRCLE_NONE) round=0 yroad=0 ramp=0 road=2 speed=0 near=18/124 raw=58/105 sel=124/125 far=0/0 far_raw=0/0 l=0@-1/0@-1 far_l=0@-1/0@-1 straight=0/1 far_straight=0/0 circle_cnt=0/0/0/0 lost=0/0 conf=23.7/3.6/0.0/0.0 dist=0 begin=0/0 m0=(84,119) ml=(79,79) md=41/1/123 cxcy=84.0,119.6 guide=3.03 atg=-2.0/0.0/0.0 pure=0.57/0.17 yaw=-103 cmd=-285 actual=-12 signed=0 rps=5322/4541:7352/7200 duty=10/9 pwm=PWM2:10/PWM1:9 motor=2:10/1:9
CrossDiag: type=CROSS_NONE track=1 half_lr=0/0 nearL=0@-1/0@-1 nearNum=18/124 centerNum=18/124 farL=0@-1/0@-1 farNum=0/0 farRaw=0/0 lost=0/0 not_have=0 final=124/125 flags=0/0
LineErr: aim=41 cxcy=84.0,119.6 left=1:25.69@49,70 dx=-35.0 idx=0/15 dist=42/48 right=1:4.18@79,77 dx=-4.8 idx=0/17 dist=40/252 sel=1:4.04@79,75 dx=-4.8 idx=0/20 dist=40/248 edge=1:14.75@67.5,80.0 dx=-16.5 width=77.6 l=30,90 r=105,70
CxScan: raw_ref=80.0 edge=67.5,80.0 best_raw_x=35 best_err=-0.68 best_cxcy=66.8,119.4 scan=0:-12.8,10:-9.4,20:-5.9,30:-2.4,40:1.1,50:4.6,60:8.0,70:11.4,80:14.8,90:18.0,100:21.1,110:24.0,120:26.9,130:29.6,140:32.1
ATGSeedDiag: seed=1@14,108/1@133,108 begin=7,108 block=5 clip=8
ATGLptDiag: best=5(23.7) imip=0/15 pass=10111 acc=-1 ipm=52.5,105.4 inv=21.0,77.6 | 7(3.6) imip=0/17 pass=10111 acc=-1 ipm=105.2,100.4 inv=110.3,68.0
frame=198 line=1 track=1 cross=0 circle=0(CIRCLE_NONE) round=0 yroad=0 ramp=0 road=2 speed=0 near=17/124 raw=55/105 sel=124/125 far=0/0 far_raw=0/0 l=0@-1/0@-1 far_l=0@-1/0@-1 straight=0/1 far_straight=0/0 circle_cnt=0/0/0/0 lost=0/0 conf=22.2/3.4/0.0/0.0 dist=0 begin=0/0 m0=(84,119) ml=(79,79) md=41/1/123 cxcy=84.0,119.6 guide=3.03 atg=-2.0/0.0/0.0 pure=0.57/0.16 yaw=-103 cmd=-275 actual=-17 signed=0 rps=5309/4554:7026/6950 duty=10/9 pwm=PWM2:10/PWM1:9 motor=2:10/1:9
CrossDiag: type=CROSS_NONE track=1 half_lr=0/0 nearL=0@-1/0@-1 nearNum=17/124 centerNum=17/124 farL=0@-1/0@-1 farNum=0/0 farRaw=0/0 lost=0/0 not_have=0 final=124/125 flags=0/0
LineErr: aim=41 cxcy=84.0,119.6 left=1:26.43@48,70 dx=-36.0 idx=0/15 dist=41/44 right=1:4.14@79,77 dx=-4.8 idx=0/17 dist=40/252 sel=1:3.93@79,75 dx=-4.7 idx=0/20 dist=40/248 edge=1:14.00@68.5,80.5 dx=-15.5 width=77.9 l=31,91 r=106,70
CxScan: raw_ref=80.0 edge=68.5,80.5 best_raw_x=40 best_err=0.16 best_cxcy=68.7,119.4 scan=0:-13.8,10:-10.4,20:-6.9,30:-3.4,40:0.2,50:3.7,60:7.2,70:10.6,80:14.0,90:17.3,100:20.4,110:23.4,120:26.3,130:29.1,140:31.7
ATGSeedDiag: seed=1@14,107/1@133,108 begin=7,108 block=5 clip=8
ATGLptDiag: best=5(22.2) imip=0/15 pass=10111 acc=-1 ipm=51.7,105.4 inv=19.6,77.6 | 7(3.4) imip=0/17 pass=10111 acc=-1 ipm=105.2,100.3 inv=110.2,68.0
frame=199 line=1 track=1 cross=0 circle=0(CIRCLE_NONE) round=0 yroad=0 ramp=0 road=2 speed=0 near=17/124 raw=57/105 sel=124/125 far=0/0 far_raw=0/0 l=0@-1/0@-1 far_l=0@-1/0@-1 straight=0/1 far_straight=0/0 circle_cnt=0/0/0/0 lost=0/0 conf=20.7/4.3/0.0/0.0 dist=0 begin=0/0 m0=(84,119) ml=(79,79) md=41/1/124 cxcy=84.0,119.6 guide=2.78 atg=-2.0/0.0/0.0 pure=0.57/0.16 yaw=-94 cmd=-223 actual=-30 signed=0 rps=5243/4631:7038/7122 duty=10/10 pwm=PWM2:10/PWM1:10 motor=2:10/1:10
CrossDiag: type=CROSS_NONE track=1 half_lr=0/0 nearL=0@-1/0@-1 nearNum=17/124 centerNum=17/124 farL=0@-1/0@-1 farNum=0/0 farRaw=0/0 lost=0/0 not_have=0 final=124/125 flags=0/0
LineErr: aim=41 cxcy=84.0,119.6 left=1:27.13@47,71 dx=-36.9 idx=0/15 dist=41/44 right=1:4.01@79,77 dx=-4.6 idx=0/17 dist=40/252 sel=1:3.75@80,75 dx=-4.5 idx=0/20 dist=40/248 edge=1:14.55@68.0,81.0 dx=-16.0 width=79.1 l=30,92 r=106,70
CxScan: raw_ref=80.0 edge=68.0,81.0 best_raw_x=40 best_err=0.63 best_cxcy=68.7,119.4 scan=0:-13.4,10:-10.0,20:-6.5,30:-2.9,40:0.6,50:4.2,60:7.7,70:11.2,80:14.5,90:17.8,100:21.0,110:24.0,120:26.9,130:29.6,140:32.2
ATGSeedDiag: seed=1@13,108/1@133,108 begin=7,108 block=5 clip=8
ATGLptDiag: best=5(20.7) imip=0/15 pass=10111 acc=-1 ipm=51.3,105.8 inv=18.3,78.4 | 8(4.3) imip=0/18 pass=10111 acc=-1 ipm=105.2,98.0 inv=108.5,64.5
frame=201 line=1 track=1 cross=0 circle=0(CIRCLE_NONE) round=0 yroad=0 ramp=0 road=2 speed=0 near=15/124 raw=53/105 sel=124/125 far=0/0 far_raw=0/0 l=0@-1/0@-1 far_l=0@-1/0@-1 straight=0/1 far_straight=0/0 circle_cnt=0/0/0/0 lost=0/0 conf=27.1/3.9/0.0/0.0 dist=0 begin=0/0 m0=(84,119) ml=(79,79) md=41/1/124 cxcy=84.0,119.6 guide=2.78 atg=-2.0/0.0/0.0 pure=0.57/0.16 yaw=-94 cmd=-233 actual=-25 signed=0 rps=5256/4618:6433/6461 duty=11/10 pwm=PWM2:11/PWM1:10 motor=2:11/1:10
CrossDiag: type=CROSS_NONE track=1 half_lr=0/0 nearL=0@-1/0@-1 nearNum=15/124 centerNum=15/124 farL=0@-1/0@-1 farNum=0/0 farRaw=0/0 lost=0/0 not_have=0 final=124/125 flags=0/0
LineErr: aim=41 cxcy=84.0,119.6 left=1:27.20@48,73 dx=-35.7 idx=0/14 dist=36/36 right=1:3.71@80,74 dx=-4.4 idx=0/18 dist=41/251 sel=1:3.75@80,75 dx=-4.5 idx=0/20 dist=40/248 edge=1:13.45@69.5,82.0 dx=-14.5 width=76.8 l=33,94 r=106,70
CxScan: raw_ref=80.0 edge=69.5,82.0 best_raw_x=40 best_err=-0.78 best_cxcy=68.7,119.4 scan=0:-15.0,10:-11.5,20:-8.0,30:-4.4,40:-0.8,50:2.8,60:6.4,70:10.0,80:13.4,90:16.8,100:20.0,110:23.2,120:26.1,130:28.9,140:31.6
ATGSeedDiag: seed=1@12,108/1@133,108 begin=7,108 block=5 clip=8
ATGLptDiag: best=4(27.1) imip=0/14 pass=10111 acc=-1 ipm=51.8,107.9 inv=16.6,82.8 | 7(3.9) imip=0/17 pass=10111 acc=-1 ipm=105.2,100.3 inv=110.2,67.9
frame=202 line=1 track=1 cross=0 circle=0(CIRCLE_NONE) round=0 yroad=0 ramp=0 road=2 speed=0 near=14/126 raw=47/107 sel=126/126 far=0/0 far_raw=0/0 l=0@-1/0@-1 far_l=0@-1/0@-1 straight=0/1 far_straight=0/0 circle_cnt=0/0/0/0 lost=0/0 conf=24.5/6.3/0.0/0.0 dist=0 begin=0/0 m0=(84,119) ml=(79,79) md=41/1/124 cxcy=84.0,119.6 guide=3.03 atg=-2.0/0.0/0.0 pure=0.57/0.17 yaw=-103 cmd=-260 actual=-25 signed=0 rps=5287/4575:6680/6572 duty=10/10 pwm=PWM2:10/PWM1:10 motor=2:10/1:10
CrossDiag: type=CROSS_NONE track=1 half_lr=0/0 nearL=0@-1/0@-1 nearNum=14/126 centerNum=14/126 farL=0@-1/0@-1 farNum=0/0 farRaw=0/0 lost=0/0 not_have=0 final=126/126 flags=0/0
LineErr: aim=41 cxcy=84.0,119.6 left=1:26.60@50,75 dx=-33.8 idx=0/13 dist=32/32 right=1:4.20@79,77 dx=-4.8 idx=0/17 dist=40/256 sel=1:4.04@79,75 dx=-4.8 idx=0/20 dist=40/250 edge=1:13.66@69.5,83.0 dx=-14.5 width=75.6 l=34,96 r=105,70
CxScan: raw_ref=80.0 edge=69.5,83.0 best_raw_x=40 best_err=-0.79 best_cxcy=68.7,119.4 scan=0:-15.2,10:-11.7,20:-8.1,30:-4.5,40:-0.8,50:2.9,60:6.5,70:10.1,80:13.7,90:17.1,100:20.4,110:23.5,120:26.5,130:29.3,140:32.0
ATGSeedDiag: seed=1@12,108/1@133,108 begin=7,108 block=5 clip=8
ATGLptDiag: best=3(24.5) imip=0/13 pass=10111 acc=-1 ipm=52.6,110.0 inv=15.5,87.7 | 1(6.3) imip=0/11 pass=10111 acc=-1 ipm=106.2,114.5 inv=128.1,98.8
frame=204 line=1 track=1 cross=0 circle=0(CIRCLE_NONE) round=0 yroad=0 ramp=0 road=2 speed=0 near=12/126 raw=46/106 sel=126/127 far=0/0 far_raw=0/0 l=0@-1/0@-1 far_l=0@-1/0@-1 straight=0/1 far_straight=0/0 circle_cnt=0/0/0/0 lost=0/0 conf=19.7/4.1/0.0/0.0 dist=0 begin=0/0 m0=(84,119) ml=(79,79) md=41/1/126 cxcy=84.0,119.6 guide=3.03 atg=-2.0/0.0/0.0 pure=0.58/0.16 yaw=-103 cmd=-299 actual=-5 signed=0 rps=5342/4521:7024/6972 duty=10/9 pwm=PWM2:10/PWM1:9 motor=2:10/1:9
CrossDiag: type=CROSS_NONE track=1 half_lr=0/0 nearL=0@-1/0@-1 nearNum=12/126 centerNum=12/126 farL=0@-1/0@-1 farNum=0/0 farRaw=0/0 lost=0/0 not_have=0 final=126/127 flags=0/0
LineErr: aim=41 cxcy=84.0,119.6 left=1:24.98@55,79 dx=-29.5 idx=0/11 dist=24/24 right=1:4.18@79,77 dx=-4.8 idx=0/17 dist=40/256 sel=1:4.04@79,75 dx=-4.8 idx=0/20 dist=40/252 edge=1:12.13@71.5,84.5 dx=-12.5 width=74.8 l=37,99 r=106,70
CxScan: raw_ref=80.0 edge=71.5,84.5 best_raw_x=45 best_err=-0.89 best_cxcy=70.6,119.5 scan=0:-17.4,10:-13.9,20:-10.3,30:-6.5,40:-2.8,50:1.0,60:4.8,70:8.5,80:12.1,90:15.7,100:19.1,110:22.4,120:25.5,130:28.5,140:31.3
ATGSeedDiag: seed=1@11,108/1@132,108 begin=7,108 block=5 clip=8
ATGLptDiag: best=3(19.7) imip=0/11 pass=10111 acc=-1 ipm=51.7,110.2 inv=13.3,88.4 | 3(4.1) imip=0/13 pass=10111 acc=-1 ipm=105.5,109.6 inv=119.8,85.7
frame=205 line=1 track=1 cross=0 circle=0(CIRCLE_NONE) round=0 yroad=0 ramp=0 road=2 speed=0 near=11/124 raw=45/105 sel=124/125 far=0/0 far_raw=0/0 l=0@-1/0@-1 far_l=0@-1/0@-1 straight=0/1 far_straight=0/0 circle_cnt=0/0/0/0 lost=0/0 conf=21.4/4.3/0.0/0.0 dist=0 begin=0/0 m0=(84,119) ml=(80,79) md=41/1/124 cxcy=84.0,119.6 guide=2.52 atg=-2.0/0.0/0.0 pure=0.51/0.15 yaw=-86 cmd=-245 actual=-6 signed=0 rps=5279/4607:7296/7301 duty=10/9 pwm=PWM2:10/PWM1:9 motor=2:10/1:9
CrossDiag: type=CROSS_NONE track=1 half_lr=0/0 nearL=0@-1/0@-1 nearNum=11/124 centerNum=11/124 farL=0@-1/0@-1 farNum=0/0 farRaw=0/0 lost=0/0 not_have=0 final=124/125 flags=0/0
LineErr: aim=41 cxcy=84.0,119.6 left=1:24.39@56,81 dx=-27.8 idx=0/10 dist=20/20 right=1:3.77@80,77 dx=-4.4 idx=0/17 dist=40/252 sel=1:3.66@80,75 dx=-4.3 idx=0/20 dist=40/248 edge=1:11.86@72.0,85.5 dx=-12.0 width=74.7 l=38,101 r=106,70
CxScan: raw_ref=80.0 edge=72.0,85.5 best_raw_x=50 best_err=0.52 best_cxcy=72.5,119.5 scan=0:-18.2,10:-14.6,20:-10.9,30:-7.2,40:-3.3,50:0.5,60:4.4,70:8.1,80:11.9,90:15.5,100:19.0,110:22.3,120:25.5,130:28.5,140:31.4
ATGSeedDiag: seed=1@10,108/1@133,108 begin=7,108 block=5 clip=8
ATGLptDiag: best=2(21.4) imip=0/10 pass=10111 acc=-1 ipm=52.8,112.1 inv=12.6,93.1 | 1(4.3) imip=0/11 pass=10111 acc=-1 ipm=105.9,114.2 inv=127.0,98.0
frame=206 line=1 track=1 cross=0 circle=0(CIRCLE_NONE) round=0 yroad=0 ramp=0 road=2 speed=0 near=3/124 raw=170/105 sel=124/125 far=0/0 far_raw=0/0 l=0@-1/0@-1 far_l=0@-1/0@-1 straight=0/1 far_straight=0/0 circle_cnt=0/0/0/0 lost=0/0 conf=0.2/3.9/0.0/0.0 dist=0 begin=0/0 m0=(84,119) ml=(79,80) md=40/1/124 cxcy=84.0,119.6 guide=2.68 atg=-2.0/0.0/0.0 pure=0.52/0.15 yaw=-91 cmd=-281 actual=4 signed=0 rps=5324/4555:7053/6960 duty=10/9 pwm=PWM2:10/PWM1:9 motor=2:10/1:9
CrossDiag: type=CROSS_NONE track=1 half_lr=0/0 nearL=0@-1/0@-1 nearNum=3/124 centerNum=3/124 farL=0@-1/0@-1 farNum=0/0 farRaw=0/0 lost=0/0 not_have=0 final=124/125 flags=0/0
LineErr: aim=41 cxcy=84.0,119.6 left=1:13.33@73,98 dx=-10.7 idx=0/2 dist=4/4 right=1:3.61@80,74 dx=-4.3 idx=0/18 dist=41/251 sel=1:3.69@80,75 dx=-4.4 idx=0/20 dist=40/248 edge=1:6.09@78.5,91.0 dx=-5.5 width=69.2 l=51,112 r=106,70
CxScan: raw_ref=80.0 edge=78.5,91.0 best_raw_x=65 best_err=-0.25 best_cxcy=78.3,119.5 scan=0:-26.1,10:-22.5,20:-18.8,30:-14.8,40:-10.8,50:-6.6,60:-2.4,70:1.9,80:6.1,90:10.2,100:14.3,110:18.2,120:21.9,130:25.4,140:28.8
ATGSeedDiag: seed=1@9,107/1@132,108 begin=7,108 block=5 clip=8
ATGLptDiag: best=1(0.2) imip=0/2 pass=10111 acc=-1 ipm=52.7,113.9 inv=9.6,98.2 | 1(3.9) imip=0/11 pass=10111 acc=-1 ipm=105.6,114.2 inv=126.4,98.0
frame=207 line=1 track=1 cross=0 circle=0(CIRCLE_NONE) round=0 yroad=0 ramp=0 road=2 speed=0 near=8/126 raw=37/106 sel=126/126 far=0/0 far_raw=0/0 l=0@-1/0@-1 far_l=0@-1/0@-1 straight=0/1 far_straight=0/0 circle_cnt=0/0/0/0 lost=0/0 conf=17.8/3.7/0.0/0.0 dist=0 begin=0/0 m0=(84,119) ml=(79,80) md=41/1/128 cxcy=84.0,119.6 guide=2.93 atg=-2.0/0.0/0.0 pure=0.58/0.16 yaw=-100 cmd=-312 actual=7 signed=0 rps=5362/4505:7204/7157 duty=10/9 pwm=PWM2:10/PWM1:9 motor=2:10/1:9
CrossDiag: type=CROSS_NONE track=1 half_lr=0/0 nearL=0@-1/0@-1 nearNum=8/126 centerNum=8/126 farL=0@-1/0@-1 farNum=0/0 farRaw=0/0 lost=0/0 not_have=0 final=126/126 flags=0/0
LineErr: aim=41 cxcy=84.0,119.6 left=1:23.00@60,86 dx=-24.1 idx=0/7 dist=14/14 right=1:3.89@79,74 dx=-4.7 idx=0/18 dist=41/255 sel=1:3.96@79,75 dx=-4.7 idx=0/20 dist=40/250 edge=1:10.28@74.0,87.5 dx=-10.0 width=72.9 l=42,105 r=106,70
CxScan: raw_ref=80.0 edge=74.0,87.5 best_raw_x=55 best_err=0.45 best_cxcy=74.4,119.5 scan=0:-20.6,10:-17.0,20:-13.3,30:-9.4,40:-5.5,50:-1.5,60:2.4,70:6.4,80:10.3,90:14.1,100:17.7,110:21.2,120:24.6,130:27.8,140:30.8
ATGSeedDiag: seed=1@8,108/1@132,108 begin=7,108 block=5 clip=8
ATGLptDiag: best=1(17.8) imip=0/7 pass=10111 acc=-1 ipm=52.6,114.1 inv=8.8,99.0 | 2(3.7) imip=0/12 pass=10111 acc=-1 ipm=105.4,111.9 inv=122.5,91.4
frame=208 line=1 track=1 cross=0 circle=0(CIRCLE_NONE) round=0 yroad=0 ramp=0 road=2 speed=0 near=6/127 raw=35/108 sel=127/126 far=0/0 far_raw=0/0 l=0@-1/0@-1 far_l=0@-1/0@-1 straight=0/1 far_straight=0/0 circle_cnt=0/0/0/0 lost=0/0 conf=16.2/4.8/0.0/0.0 dist=0 begin=0/0 m0=(84,119) ml=(79,80) md=41/1/132 cxcy=84.0,119.6 guide=3.06 atg=-2.0/0.0/0.0 pure=0.59/0.17 yaw=-104 cmd=-332 actual=10 signed=0 rps=5385/4476:6654/6766 duty=11/9 pwm=PWM2:11/PWM1:9 motor=2:11/1:9
CrossDiag: type=CROSS_NONE track=1 half_lr=0/0 nearL=0@-1/0@-1 nearNum=6/127 centerNum=6/127 farL=0@-1/0@-1 farNum=0/0 farRaw=0/0 lost=0/0 not_have=0 final=127/126 flags=0/0
LineErr: aim=41 cxcy=84.0,119.6 left=1:21.13@63,89 dx=-20.6 idx=0/5 dist=10/10 right=1:4.04@79,75 dx=-4.8 idx=0/18 dist=41/257 sel=1:4.08@79,75 dx=-4.8 idx=0/20 dist=40/250 edge=1:9.53@75.0,89.0 dx=-9.0 width=71.0 l=45,108 r=105,70
CxScan: raw_ref=80.0 edge=75.0,89.0 best_raw_x=55 best_err=-0.60 best_cxcy=74.4,119.5 scan=0:-22.1,10:-18.4,20:-14.7,30:-10.7,40:-6.7,50:-2.7,60:1.4,70:5.5,80:9.5,90:13.4,100:17.2,110:20.9,120:24.3,130:27.6,140:30.7
ATGSeedDiag: seed=1@7,108/1@132,108 begin=7,108 block=5 clip=8
ATGLptDiag: best=1(16.2) imip=0/5 pass=10111 acc=-1 ipm=52.1,114.1 inv=7.7,99.1 | 1(4.8) imip=0/11 pass=10111 acc=-1 ipm=105.3,114.5 inv=126.2,98.8
frame=209 line=1 track=1 cross=0 circle=0(CIRCLE_NONE) round=0 yroad=0 ramp=0 road=2 speed=0 near=5/128 raw=29/109 sel=128/125 far=0/0 far_raw=0/0 l=0@-1/0@-1 far_l=0@-1/0@-1 straight=0/1 far_straight=0/0 circle_cnt=0/0/0/0 lost=0/0 conf=5.9/2.4/0.0/0.0 dist=0 begin=0/0 m0=(84,119) ml=(79,80) md=41/1/139 cxcy=84.0,119.6 guide=3.06 atg=-2.0/0.0/0.0 pure=0.62/0.21 yaw=-104 cmd=-330 actual=9 signed=0 rps=5383/4478:6668/6816 duty=11/9 pwm=PWM2:11/PWM1:9 motor=2:11/1:9
CrossDiag: type=CROSS_NONE track=1 half_lr=0/0 nearL=0@-1/0@-1 nearNum=5/128 centerNum=5/128 farL=0@-1/0@-1 farNum=0/0 farRaw=0/0 lost=0/0 not_have=0 final=128/125 flags=0/0
LineErr: aim=41 cxcy=84.0,119.6 left=1:20.75@64,91 dx=-19.7 idx=0/4 dist=8/8 right=1:4.17@79,77 dx=-4.8 idx=0/17 dist=40/260 sel=1:4.07@79,75 dx=-4.8 idx=0/20 dist=40/248 edge=1:9.18@75.5,90.0 dx=-8.5 width=71.3 l=46,110 r=105,70
CxScan: raw_ref=80.0 edge=75.5,90.0 best_raw_x=60 best_err=0.93 best_cxcy=76.4,119.5 scan=0:-22.9,10:-19.3,20:-15.4,30:-11.5,40:-7.4,50:-3.2,60:0.9,70:5.1,80:9.2,90:13.2,100:17.0,110:20.7,120:24.3,130:27.6,140:30.8
ATGSeedDiag: seed=1@6,108/1@131,108 begin=7,108 block=5 clip=8
ATGLptDiag: best=1(5.9) imip=0/4 pass=10111 acc=-1 ipm=51.3,114.6 inv=5.0,100.6 | 8(2.4) imip=0/18 pass=10111 acc=-1 ipm=104.9,98.0 inv=108.0,64.4
frame=210 line=1 track=1 cross=0 circle=0(CIRCLE_NONE) round=0 yroad=0 ramp=0 road=2 speed=0 near=1/127 raw=170/107 sel=127/126 far=0/0 far_raw=0/0 l=0@-1/0@-1 far_l=0@-1/0@-1 straight=0/1 far_straight=0/0 circle_cnt=0/0/0/0 lost=0/0 conf=0.0/2.2/0.0/0.0 dist=0 begin=0/0 m0=(84,119) ml=(79,80) md=41/1/132 cxcy=84.0,119.6 guide=3.06 atg=-2.0/0.0/0.0 pure=0.59/0.19 yaw=-104 cmd=-319 actual=3 signed=0 rps=5368/4493:6345/6406 duty=11/10 pwm=PWM2:11/PWM1:10 motor=2:11/1:10
CrossDiag: type=CROSS_NONE track=1 half_lr=0/0 nearL=0@-1/0@-1 nearNum=1/127 centerNum=1/127 farL=0@-1/0@-1 farNum=0/0 farRaw=0/0 lost=0/0 not_have=0 final=127/126 flags=0/0
LineErr: aim=41 cxcy=84.0,119.6 left=0:0.00@-1,-1 dx=0.0 idx=-1/-1 dist=-1/-1 right=1:4.17@79,77 dx=-4.8 idx=0/17 dist=40/258 sel=1:4.07@79,75 dx=-4.8 idx=0/20 dist=40/250 edge=0:0.00@-1.0,-1.0 dx=0.0 width=0.0 l=-1,-1 r=105,70
ATGSeedDiag: seed=1@5,108/1@131,108 begin=7,108 block=5 clip=8
ATGLptDiag: best=-1(-57295.8) imip=-1/-1 pass=00000 acc=-1 ipm=-1.0,-1.0 inv=-1.0,-1.0 | 9(2.2) imip=0/19 pass=10111 acc=-1 ipm=104.9,95.6 inv=106.4,61.3
frame=211 line=1 track=1 cross=0 circle=0(CIRCLE_NONE) round=0 yroad=0 ramp=0 road=2 speed=0 near=0/126 raw=0/106 sel=126/126 far=0/0 far_raw=0/0 l=0@-1/0@-1 far_l=0@-1/0@-1 straight=0/1 far_straight=0/0 circle_cnt=0/0/0/0 lost=0/0 conf=0.0/1.5/0.0/0.0 dist=0 begin=0/0 m0=(84,119) ml=(79,80) md=41/1/128 cxcy=84.0,119.6 guide=3.06 atg=-2.0/0.0/0.0 pure=0.58/0.16 yaw=-104 cmd=-293 actual=-10 signed=0 rps=5332/4529:6652/6606 duty=11/10 pwm=PWM2:11/PWM1:10 motor=2:11/1:10
CrossDiag: type=CROSS_NONE track=1 half_lr=0/0 nearL=0@-1/0@-1 nearNum=0/126 centerNum=0/126 farL=0@-1/0@-1 farNum=0/0 farRaw=0/0 lost=0/0 not_have=0 final=126/126 flags=0/0
LineErr: aim=41 cxcy=84.0,119.6 left=0:0.00@-1,-1 dx=0.0 idx=-1/-1 dist=-1/-1 right=1:4.00@79,74 dx=-4.8 idx=0/18 dist=41/255 sel=1:4.05@79,75 dx=-4.8 idx=0/20 dist=40/250 edge=0:0.00@-1.0,-1.0 dx=0.0 width=0.0 l=-1,-1 r=106,70
ATGSeedDiag: seed=0@-1,-1/1@131,108 begin=7,108 block=5 clip=8
ATGLptDiag: best=-1(-57295.8) imip=-1/-1 pass=00000 acc=-1 ipm=-1.0,-1.0 inv=-1.0,-1.0 | 12(1.5) imip=2/22 pass=10111 acc=-1 ipm=105.2,88.7 inv=102.9,53.2
frame=212 line=1 track=1 cross=0 circle=0(CIRCLE_NONE) round=0 yroad=0 ramp=0 road=2 speed=0 near=0/124 raw=0/105 sel=124/125 far=0/0 far_raw=0/0 l=0@-1/0@-1 far_l=0@-1/0@-1 straight=0/1 far_straight=0/0 circle_cnt=0/0/0/0 lost=0/0 conf=0.0/3.0/0.0/0.0 dist=0 begin=0/0 m0=(84,119) ml=(79,80) md=41/1/125 cxcy=84.0,119.6 guide=2.81 atg=-2.0/0.0/0.0 pure=0.52/0.12 yaw=-95 cmd=-285 actual=-1 signed=0 rps=5327/4546:6635/6558 duty=11/10 pwm=PWM2:11/PWM1:10 motor=2:11/1:10
CrossDiag: type=CROSS_NONE track=1 half_lr=0/0 nearL=0@-1/0@-1 nearNum=0/124 centerNum=0/124 farL=0@-1/0@-1 farNum=0/0 farRaw=0/0 lost=0/0 not_have=0 final=124/125 flags=0/0
LineErr: aim=41 cxcy=84.0,119.6 left=0:0.00@-1,-1 dx=0.0 idx=-1/-1 dist=-1/-1 right=1:3.68@80,74 dx=-4.4 idx=0/18 dist=41/251 sel=1:3.80@80,75 dx=-4.5 idx=0/20 dist=40/248 edge=0:0.00@-1.0,-1.0 dx=0.0 width=0.0 l=-1,-1 r=106,70
ATGSeedDiag: seed=0@-1,-1/1@130,108 begin=7,108 block=5 clip=8
ATGLptDiag: best=-1(-57295.8) imip=-1/-1 pass=00000 acc=-1 ipm=-1.0,-1.0 inv=-1.0,-1.0 | 2(3.0) imip=0/12 pass=10111 acc=-1 ipm=105.4,111.9 inv=122.4,91.4
frame=213 line=1 track=1 cross=0 circle=0(CIRCLE_NONE) round=0 yroad=0 ramp=0 road=2 speed=0 near=0/124 raw=0/105 sel=124/125 far=0/0 far_raw=0/0 l=0@-1/0@-1 far_l=0@-1/0@-1 straight=0/1 far_straight=0/0 circle_cnt=0/0/0/0 lost=0/0 conf=0.0/1.7/0.0/0.0 dist=0 begin=0/0 m0=(84,119) ml=(79,80) md=41/1/125 cxcy=84.0,119.6 guide=3.06 atg=-2.0/0.0/0.0 pure=0.56/0.12 yaw=-104 cmd=-331 actual=9 signed=0 rps=5384/4478:7071/7048 duty=10/9 pwm=PWM2:10/PWM1:9 motor=2:10/1:9
CrossDiag: type=CROSS_NONE track=1 half_lr=0/0 nearL=0@-1/0@-1 nearNum=0/124 centerNum=0/124 farL=0@-1/0@-1 farNum=0/0 farRaw=0/0 lost=0/0 not_have=0 final=124/125 flags=0/0
LineErr: aim=41 cxcy=84.0,119.6 left=0:0.00@-1,-1 dx=0.0 idx=-1/-1 dist=-1/-1 right=1:3.87@79,74 dx=-4.6 idx=0/18 dist=41/251 sel=1:3.97@79,75 dx=-4.7 idx=0/20 dist=40/248 edge=0:0.00@-1.0,-1.0 dx=0.0 width=0.0 l=-1,-1 r=106,70
ATGSeedDiag: seed=0@-1,-1/1@130,108 begin=7,108 block=5 clip=8
ATGLptDiag: best=-1(-57295.8) imip=-1/-1 pass=00000 acc=-1 ipm=-1.0,-1.0 inv=-1.0,-1.0 | 17(1.7) imip=7/27 pass=10111 acc=-1 ipm=105.3,77.1 inv=97.9,43.2
frame=215 line=1 track=1 cross=0 circle=0(CIRCLE_NONE) round=0 yroad=0 ramp=0 road=2 speed=0 near=0/127 raw=0/107 sel=127/126 far=0/0 far_raw=0/0 l=0@-1/0@-1 far_l=0@-1/0@-1 straight=0/1 far_straight=0/0 circle_cnt=0/0/0/0 lost=0/0 conf=0.0/2.0/0.0/0.0 dist=0 begin=0/0 m0=(84,119) ml=(79,80) md=41/1/131 cxcy=84.0,119.6 guide=3.06 atg=-2.0/0.0/0.0 pure=0.58/0.17 yaw=-104 cmd=-316 actual=2 signed=0 rps=5364/4498:7019/6927 duty=10/9 pwm=PWM2:10/PWM1:9 motor=2:10/1:9
CrossDiag: type=CROSS_NONE track=1 half_lr=0/0 nearL=0@-1/0@-1 nearNum=0/127 centerNum=0/127 farL=0@-1/0@-1 farNum=0/0 farRaw=0/0 lost=0/0 not_have=0 final=127/126 flags=0/0
LineErr: aim=41 cxcy=84.0,119.6 left=0:0.00@-1,-1 dx=0.0 idx=-1/-1 dist=-1/-1 right=1:4.17@79,77 dx=-4.8 idx=0/17 dist=40/258 sel=1:4.07@79,75 dx=-4.8 idx=0/20 dist=40/250 edge=0:0.00@-1.0,-1.0 dx=0.0 width=0.0 l=-1,-1 r=105,70
ATGSeedDiag: seed=0@-1,-1/1@130,108 begin=7,108 block=5 clip=8
ATGLptDiag: best=-1(-57295.8) imip=-1/-1 pass=00000 acc=-1 ipm=-1.0,-1.0 inv=-1.0,-1.0 | 56(2.0) imip=46/66 pass=10111 acc=-1 ipm=108.3,-13.3 inv=84.5,14.1
frame=216 line=1 track=1 cross=0 circle=0(CIRCLE_NONE) round=0 yroad=0 ramp=0 road=2 speed=0 near=0/129 raw=0/110 sel=129/125 far=0/0 far_raw=0/0 l=0@-1/0@-1 far_l=0@-1/0@-1 straight=0/1 far_straight=0/0 circle_cnt=0/0/0/0 lost=0/0 conf=0.0/3.9/0.0/0.0 dist=0 begin=0/0 m0=(84,119) ml=(79,80) md=41/1/142 cxcy=84.0,119.6 guide=3.06 atg=-2.0/0.0/0.0 pure=0.62/0.19 yaw=-104 cmd=-304 actual=-4 signed=0 rps=5347/4514:7096/7156 duty=10/9 pwm=PWM2:10/PWM1:9 motor=2:10/1:9
CrossDiag: type=CROSS_NONE track=1 half_lr=0/0 nearL=0@-1/0@-1 nearNum=0/129 centerNum=0/129 farL=0@-1/0@-1 farNum=0/0 farRaw=0/0 lost=0/0 not_have=0 final=129/125 flags=0/0
LineErr: aim=41 cxcy=84.0,119.6 left=0:0.00@-1,-1 dx=0.0 idx=-1/-1 dist=-1/-1 right=1:4.05@79,74 dx=-4.9 idx=0/18 dist=41/261 sel=1:4.14@79,75 dx=-4.9 idx=0/20 dist=40/248 edge=0:0.00@-1.0,-1.0 dx=0.0 width=0.0 l=-1,-1 r=105,70
ATGSeedDiag: seed=0@-1,-1/1@130,108 begin=7,108 block=5 clip=8
ATGLptDiag: best=-1(-57295.8) imip=-1/-1 pass=00000 acc=-1 ipm=-1.0,-1.0 inv=-1.0,-1.0 | 1(3.9) imip=0/11 pass=10111 acc=-1 ipm=105.1,114.2 inv=125.2,97.9
frame=217 line=1 track=1 cross=0 circle=0(CIRCLE_NONE) round=0 yroad=0 ramp=0 road=2 speed=0 near=0/129 raw=0/110 sel=129/125 far=0/0 far_raw=0/0 l=0@-1/0@-1 far_l=0@-1/0@-1 straight=0/1 far_straight=0/0 circle_cnt=0/0/0/0 lost=0/0 conf=0.0/1.6/0.0/0.0 dist=0 begin=0/0 m0=(84,119) ml=(79,80) md=41/1/141 cxcy=84.0,119.6 guide=3.07 atg=-2.0/0.0/0.0 pure=0.64/0.21 yaw=-105 cmd=-275 actual=-19 signed=0 rps=5307/4554:7012/7210 duty=10/9 pwm=PWM2:10/PWM1:9 motor=2:10/1:9
CrossDiag: type=CROSS_NONE track=1 half_lr=0/0 nearL=0@-1/0@-1 nearNum=0/129 centerNum=0/129 farL=0@-1/0@-1 farNum=0/0 farRaw=0/0 lost=0/0 not_have=0 final=129/125 flags=0/0
LineErr: aim=41 cxcy=84.0,119.6 left=0:0.00@-1,-1 dx=0.0 idx=-1/-1 dist=-1/-1 right=1:4.19@79,74 dx=-5.0 idx=0/18 dist=41/261 sel=1:4.30@79,75 dx=-5.1 idx=0/20 dist=40/248 edge=0:0.00@-1.0,-1.0 dx=0.0 width=0.0 l=-1,-1 r=105,70
ATGSeedDiag: seed=0@-1,-1/1@130,108 begin=7,108 block=5 clip=8
ATGLptDiag: best=-1(-57295.8) imip=-1/-1 pass=00000 acc=-1 ipm=-1.0,-1.0 inv=-1.0,-1.0 | 16(1.6) imip=6/26 pass=10111 acc=-1 ipm=104.8,79.4 inv=98.2,45.0
frame=218 line=1 track=1 cross=0 circle=0(CIRCLE_NONE) round=0 yroad=0 ramp=0 road=2 speed=0 near=0/128 raw=0/109 sel=128/124 far=0/0 far_raw=0/0 l=0@-1/0@-1 far_l=0@-1/0@-1 straight=0/1 far_straight=0/0 circle_cnt=0/0/0/0 lost=0/0 conf=0.0/3.2/0.0/0.0 dist=0 begin=0/0 m0=(84,119) ml=(79,80) md=41/1/137 cxcy=84.0,119.6 guide=3.06 atg=-2.0/0.0/0.0 pure=0.62/0.19 yaw=-104 cmd=-263 actual=-25 signed=0 rps=5291/4570:6503/6643 duty=11/10 pwm=PWM2:11/PWM1:10 motor=2:11/1:10
CrossDiag: type=CROSS_NONE track=1 half_lr=0/0 nearL=0@-1/0@-1 nearNum=0/128 centerNum=0/128 farL=0@-1/0@-1 farNum=0/0 farRaw=0/0 lost=0/0 not_have=0 final=128/124 flags=0/0
LineErr: aim=41 cxcy=84.0,119.6 left=0:0.00@-1,-1 dx=0.0 idx=-1/-1 dist=-1/-1 right=1:4.01@79,74 dx=-4.8 idx=0/18 dist=41/259 sel=1:4.07@79,75 dx=-4.8 idx=0/20 dist=40/246 edge=0:0.00@-1.0,-1.0 dx=0.0 width=0.0 l=-1,-1 r=105,70
ATGSeedDiag: seed=0@-1,-1/1@130,108 begin=7,108 block=5 clip=8
ATGLptDiag: best=-1(-57295.8) imip=-1/-1 pass=00000 acc=-1 ipm=-1.0,-1.0 inv=-1.0,-1.0 | 1(3.2) imip=0/11 pass=10111 acc=-1 ipm=105.1,114.2 inv=125.2,97.9
frame=222 line=1 track=1 cross=0 circle=0(CIRCLE_NONE) round=0 yroad=0 ramp=0 road=2 speed=0 near=0/128 raw=0/109 sel=128/124 far=0/0 far_raw=0/0 l=0@-1/0@-1 far_l=0@-1/0@-1 straight=0/1 far_straight=0/0 circle_cnt=0/0/0/0 lost=0/0 conf=0.0/1.9/0.0/0.0 dist=0 begin=0/0 m0=(84,119) ml=(79,80) md=41/1/138 cxcy=84.0,119.6 guide=3.06 atg=-2.0/0.0/0.0 pure=0.58/0.16 yaw=-104 cmd=-275 actual=-19 signed=0 rps=5308/4554:6800/6778 duty=10/9 pwm=PWM2:10/PWM1:9 motor=2:10/1:9
CrossDiag: type=CROSS_NONE track=1 half_lr=0/0 nearL=0@-1/0@-1 nearNum=0/128 centerNum=0/128 farL=0@-1/0@-1 farNum=0/0 farRaw=0/0 lost=0/0 not_have=0 final=128/124 flags=0/0
LineErr: aim=41 cxcy=84.0,119.6 left=0:0.00@-1,-1 dx=0.0 idx=-1/-1 dist=-1/-1 right=1:4.02@79,74 dx=-4.8 idx=0/18 dist=41/259 sel=1:4.07@79,75 dx=-4.8 idx=0/20 dist=40/246 edge=0:0.00@-1.0,-1.0 dx=0.0 width=0.0 l=-1,-1 r=105,70
ATGSeedDiag: seed=0@-1,-1/1@130,108 begin=7,108 block=5 clip=8
ATGLptDiag: best=-1(-57295.8) imip=-1/-1 pass=00000 acc=-1 ipm=-1.0,-1.0 inv=-1.0,-1.0 | 63(1.9) imip=53/73 pass=10101 acc=-1 ipm=109.2,-29.6 inv=83.7,11.9
frame=223 line=1 track=1 cross=0 circle=0(CIRCLE_NONE) round=0 yroad=0 ramp=0 road=2 speed=0 near=0/128 raw=0/109 sel=128/125 far=0/0 far_raw=0/0 l=0@-1/0@-1 far_l=0@-1/0@-1 straight=0/1 far_straight=0/0 circle_cnt=0/0/0/0 lost=0/0 conf=0.0/1.2/0.0/0.0 dist=0 begin=0/0 m0=(84,119) ml=(79,80) md=41/1/138 cxcy=84.0,119.6 guide=3.06 atg=-2.0/0.0/0.0 pure=0.58/0.16 yaw=-104 cmd=-288 actual=-12 signed=0 rps=5326/4536:7184/7173 duty=10/9 pwm=PWM2:10/PWM1:9 motor=2:10/1:9
CrossDiag: type=CROSS_NONE track=1 half_lr=0/0 nearL=0@-1/0@-1 nearNum=0/128 centerNum=0/128 farL=0@-1/0@-1 farNum=0/0 farRaw=0/0 lost=0/0 not_have=0 final=128/125 flags=0/0
LineErr: aim=41 cxcy=84.0,119.6 left=0:0.00@-1,-1 dx=0.0 idx=-1/-1 dist=-1/-1 right=1:4.02@79,74 dx=-4.8 idx=0/18 dist=41/259 sel=1:4.07@79,75 dx=-4.8 idx=0/20 dist=40/248 edge=0:0.00@-1.0,-1.0 dx=0.0 width=0.0 l=-1,-1 r=105,70
ATGSeedDiag: seed=0@-1,-1/1@130,108 begin=7,108 block=5 clip=8
ATGLptDiag: best=-1(-57295.8) imip=-1/-1 pass=00000 acc=-1 ipm=-1.0,-1.0 inv=-1.0,-1.0 | 19(1.2) imip=9/29 pass=10111 acc=-1 ipm=105.3,72.4 inv=96.3,40.1
frame=224 line=1 track=1 cross=0 circle=0(CIRCLE_NONE) round=0 yroad=0 ramp=0 road=2 speed=0 near=0/128 raw=0/109 sel=128/125 far=0/0 far_raw=0/0 l=0@-1/0@-1 far_l=0@-1/0@-1 straight=0/1 far_straight=0/0 circle_cnt=0/0/0/0 lost=0/0 conf=0.0/3.7/0.0/0.0 dist=0 begin=0/0 m0=(84,119) ml=(79,80) md=41/1/138 cxcy=84.0,119.6 guide=3.06 atg=-2.0/0.0/0.0 pure=0.58/0.16 yaw=-104 cmd=-329 actual=8 signed=0 rps=5381/4480:6874/6869 duty=10/9 pwm=PWM2:10/PWM1:9 motor=2:10/1:9
CrossDiag: type=CROSS_NONE track=1 half_lr=0/0 nearL=0@-1/0@-1 nearNum=0/128 centerNum=0/128 farL=0@-1/0@-1 farNum=0/0 farRaw=0/0 lost=0/0 not_have=0 final=128/125 flags=0/0
LineErr: aim=41 cxcy=84.0,119.6 left=0:0.00@-1,-1 dx=0.0 idx=-1/-1 dist=-1/-1 right=1:4.17@79,77 dx=-4.8 idx=0/17 dist=40/260 sel=1:4.06@79,75 dx=-4.8 idx=0/20 dist=40/248 edge=0:0.00@-1.0,-1.0 dx=0.0 width=0.0 l=-1,-1 r=105,70
ATGSeedDiag: seed=0@-1,-1/1@130,108 begin=7,108 block=5 clip=8
ATGLptDiag: best=-1(-57295.8) imip=-1/-1 pass=00000 acc=-1 ipm=-1.0,-1.0 inv=-1.0,-1.0 | 1(3.7) imip=0/11 pass=10111 acc=-1 ipm=105.1,114.2 inv=125.2,97.9
frame=226 line=1 track=1 cross=0 circle=0(CIRCLE_NONE) round=0 yroad=0 ramp=0 road=2 speed=0 near=0/128 raw=0/109 sel=128/125 far=0/0 far_raw=0/0 l=0@-1/0@-1 far_l=0@-1/0@-1 straight=0/1 far_straight=0/0 circle_cnt=0/0/0/0 lost=0/0 conf=0.0/1.1/0.0/0.0 dist=0 begin=0/0 m0=(84,119) ml=(79,80) md=41/1/140 cxcy=84.0,119.6 guide=3.07 atg=-2.0/0.0/0.0 pure=0.58/0.17 yaw=-105 cmd=-362 actual=24 signed=0 rps=5426/4434:6838/7020 duty=11/9 pwm=PWM2:11/PWM1:9 motor=2:11/1:9
CrossDiag: type=CROSS_NONE track=1 half_lr=0/0 nearL=0@-1/0@-1 nearNum=0/128 centerNum=0/128 farL=0@-1/0@-1 farNum=0/0 farRaw=0/0 lost=0/0 not_have=0 final=128/125 flags=0/0
LineErr: aim=41 cxcy=84.0,119.6 left=0:0.00@-1,-1 dx=0.0 idx=-1/-1 dist=-1/-1 right=1:4.01@79,74 dx=-4.8 idx=0/18 dist=41/259 sel=1:4.08@79,75 dx=-4.8 idx=0/20 dist=40/248 edge=0:0.00@-1.0,-1.0 dx=0.0 width=0.0 l=-1,-1 r=105,70
ATGSeedDiag: seed=0@-1,-1/1@130,108 begin=7,108 block=5 clip=8
ATGLptDiag: best=-1(-57295.8) imip=-1/-1 pass=00000 acc=-1 ipm=-1.0,-1.0 inv=-1.0,-1.0 | 13(1.1) imip=3/23 pass=10111 acc=-1 ipm=105.0,86.4 inv=101.4,51.0
frame=227 line=1 track=1 cross=0 circle=0(CIRCLE_NONE) round=0 yroad=0 ramp=0 road=2 speed=0 near=0/131 raw=0/112 sel=131/126 far=0/0 far_raw=0/0 l=0@-1/0@-1 far_l=0@-1/0@-1 straight=0/1 far_straight=0/0 circle_cnt=0/0/0/0 lost=0/0 conf=0.0/4.6/0.0/0.0 dist=0 begin=0/0 m0=(84,119) ml=(79,80) md=41/1/149 cxcy=84.0,119.6 guide=3.06 atg=-3.0/0.0/0.0 pure=0.67/0.19 yaw=-104 cmd=-367 actual=27 signed=0 rps=5433/4428:6349/6399 duty=11/9 pwm=PWM2:11/PWM1:9 motor=2:11/1:9
CrossDiag: type=CROSS_NONE track=1 half_lr=0/0 nearL=0@-1/0@-1 nearNum=0/131 centerNum=0/131 farL=0@-1/0@-1 farNum=0/0 farRaw=0/0 lost=0/0 not_have=0 final=131/126 flags=0/0
LineErr: aim=41 cxcy=84.0,119.6 left=0:0.00@-1,-1 dx=0.0 idx=-1/-1 dist=-1/-1 right=1:4.31@79,77 dx=-5.0 idx=0/17 dist=40/261 sel=1:4.14@79,75 dx=-4.9 idx=0/20 dist=40/250 edge=0:0.00@-1.0,-1.0 dx=0.0 width=0.0 l=-1,-1 r=105,70
ATGSeedDiag: seed=0@-1,-1/1@129,108 begin=7,108 block=5 clip=8
ATGLptDiag: best=-1(-57295.8) imip=-1/-1 pass=00000 acc=-1 ipm=-1.0,-1.0 inv=-1.0,-1.0 | 1(4.6) imip=0/11 pass=10111 acc=-1 ipm=104.9,114.2 inv=124.7,97.9
frame=230 line=1 track=1 cross=0 circle=0(CIRCLE_NONE) round=0 yroad=0 ramp=0 road=2 speed=0 near=0/129 raw=0/110 sel=129/125 far=0/0 far_raw=0/0 l=0@-1/0@-1 far_l=0@-1/0@-1 straight=0/1 far_straight=0/0 circle_cnt=0/0/0/0 lost=0/0 conf=0.0/1.5/0.0/0.0 dist=0 begin=0/0 m0=(84,119) ml=(79,80) md=41/1/143 cxcy=84.0,119.6 guide=3.07 atg=-2.0/0.0/0.0 pure=0.58/0.17 yaw=-105 cmd=-349 actual=18 signed=0 rps=5408/4452:6965/6942 duty=10/9 pwm=PWM2:10/PWM1:9 motor=2:10/1:9
CrossDiag: type=CROSS_NONE track=1 half_lr=0/0 nearL=0@-1/0@-1 nearNum=0/129 centerNum=0/129 farL=0@-1/0@-1 farNum=0/0 farRaw=0/0 lost=0/0 not_have=0 final=129/125 flags=0/0
LineErr: aim=41 cxcy=84.0,119.6 left=0:0.00@-1,-1 dx=0.0 idx=-1/-1 dist=-1/-1 right=1:4.01@79,74 dx=-4.8 idx=0/18 dist=41/261 sel=1:4.08@79,75 dx=-4.8 idx=0/20 dist=40/248 edge=0:0.00@-1.0,-1.0 dx=0.0 width=0.0 l=-1,-1 r=105,70
ATGSeedDiag: seed=0@-1,-1/1@129,108 begin=7,108 block=5 clip=8
ATGLptDiag: best=-1(-57295.8) imip=-1/-1 pass=00000 acc=-1 ipm=-1.0,-1.0 inv=-1.0,-1.0 | 13(1.5) imip=3/23 pass=10111 acc=-1 ipm=104.9,86.3 inv=101.2,50.9
frame=232 line=0 track=1 cross=0 circle=0(CIRCLE_NONE) round=0 yroad=0 ramp=0 road=2 speed=0 near=0/1 raw=0/170 sel=1/0 far=0/0 far_raw=0/0 l=0@-1/0@-1 far_l=0@-1/0@-1 straight=0/0 far_straight=0/0 circle_cnt=0/0/0/0 lost=0/0 conf=0.0/0.0/0.0/0.0 dist=0 begin=0/0 m0=(-1,-1) ml=(-1,-1) md=-1/0/-1 cxcy=84.0,119.6 guide=0.00 atg=-2.0/0.0/0.0 pure=0.58/0.15 yaw=0 cmd=0 actual=32 signed=0 rps=0/0:0/0 duty=0/0 pwm=PWM2:0/PWM1:0 motor=2:0/1:0
CrossDiag: type=CROSS_NONE track=1 half_lr=0/0 nearL=0@-1/0@-1 nearNum=0/1 centerNum=0/1 farL=0@-1/0@-1 farNum=0/0 farRaw=0/0 lost=0/0 not_have=0 final=1/0 flags=0/0
LineErr: aim=41 cxcy=84.0,119.6 left=0:0.00@-1,-1 dx=0.0 idx=-1/-1 dist=-1/-1 right=0:0.00@-1,-1 dx=0.0 idx=-1/-1 dist=-1/-1 sel=0:0.00@-1,-1 dx=0.0 idx=-1/-1 dist=-1/-1 edge=0:0.00@-1.0,-1.0 dx=0.0 width=0.0 l=-1,-1 r=-1,-1
ATGSeedDiag: seed=0@-1,-1/1@107,108 begin=7,108 block=5 clip=8
ATGLptDiag: best=-1(-57295.8) imip=-1/-1 pass=00000 acc=-1 ipm=-1.0,-1.0 inv=-1.0,-1.0 | -1(-57295.8) imip=-1/-1 pass=00000 acc=-1 ipm=-1.0,-1.0 inv=-1.0,-1.0
frame=233 line=1 track=1 cross=0 circle=0(CIRCLE_NONE) round=0 yroad=0 ramp=0 road=2 speed=0 near=0/130 raw=0/111 sel=130/126 far=0/0 far_raw=0/0 l=0@-1/0@-1 far_l=0@-1/0@-1 straight=0/1 far_straight=0/0 circle_cnt=0/0/0/0 lost=0/0 conf=0.0/4.5/0.0/0.0 dist=0 begin=0/0 m0=(84,119) ml=(79,80) md=41/1/146 cxcy=84.0,119.6 guide=3.06 atg=-3.0/0.0/0.0 pure=0.66/0.17 yaw=-104 cmd=-193 actual=-60 signed=0 rps=5194/4667:7355/7385 duty=9/9 pwm=PWM2:9/PWM1:9 motor=2:9/1:9
CrossDiag: type=CROSS_NONE track=1 half_lr=0/0 nearL=0@-1/0@-1 nearNum=0/130 centerNum=0/130 farL=0@-1/0@-1 farNum=0/0 farRaw=0/0 lost=0/0 not_have=0 final=130/126 flags=0/0
LineErr: aim=41 cxcy=84.0,119.6 left=0:0.00@-1,-1 dx=0.0 idx=-1/-1 dist=-1/-1 right=1:4.49@79,77 dx=-5.2 idx=0/17 dist=40/265 sel=1:4.29@79,75 dx=-5.1 idx=0/20 dist=40/250 edge=0:0.00@-1.0,-1.0 dx=0.0 width=0.0 l=-1,-1 r=105,70
ATGSeedDiag: seed=0@-1,-1/1@129,108 begin=7,108 block=5 clip=8
ATGLptDiag: best=-1(-57295.8) imip=-1/-1 pass=00000 acc=-1 ipm=-1.0,-1.0 inv=-1.0,-1.0 | 1(4.5) imip=0/11 pass=10111 acc=-1 ipm=104.8,114.2 inv=124.6,97.9
frame=234 line=1 track=1 cross=0 circle=0(CIRCLE_NONE) round=0 yroad=0 ramp=0 road=2 speed=0 near=0/137 raw=0/117 sel=137/130 far=0/0 far_raw=0/0 l=0@-1/0@-1 far_l=0@-1/0@-1 straight=0/1 far_straight=0/0 circle_cnt=0/0/0/0 lost=0/0 conf=0.0/1.0/0.0/0.0 dist=0 begin=0/0 m0=(84,119) ml=(79,80) md=41/1/168 cxcy=84.0,119.6 guide=3.47 atg=-3.0/0.0/0.0 pure=0.69/0.22 yaw=-118 cmd=-230 actual=-62 signed=0 rps=5237/4606:6675/6812 duty=10/10 pwm=PWM2:10/PWM1:10 motor=2:10/1:10
CrossDiag: type=CROSS_NONE track=1 half_lr=0/0 nearL=0@-1/0@-1 nearNum=0/137 centerNum=0/137 farL=0@-1/0@-1 farNum=0/0 farRaw=0/0 lost=0/0 not_have=0 final=137/130 flags=0/0
LineErr: aim=41 cxcy=84.0,119.6 left=0:0.00@-1,-1 dx=0.0 idx=-1/-1 dist=-1/-1 right=1:4.57@79,77 dx=-5.3 idx=0/17 dist=40/276 sel=1:4.49@79,75 dx=-5.3 idx=0/20 dist=40/258 edge=0:0.00@-1.0,-1.0 dx=0.0 width=0.0 l=-1,-1 r=105,70
ATGSeedDiag: seed=0@-1,-1/1@129,108 begin=7,108 block=5 clip=8
ATGLptDiag: best=-1(-57295.8) imip=-1/-1 pass=00000 acc=-1 ipm=-1.0,-1.0 inv=-1.0,-1.0 | 46(1.0) imip=36/56 pass=10111 acc=-1 ipm=106.5,9.8 inv=85.7,18.0
frame=235 line=1 track=1 cross=0 circle=0(CIRCLE_NONE) round=0 yroad=0 ramp=0 road=2 speed=0 near=0/151 raw=0/127 sel=151/144 far=0/0 far_raw=0/0 l=0@-1/0@-1 far_l=0@-1/0@-1 straight=0/1 far_straight=0/0 circle_cnt=0/0/0/0 lost=0/0 conf=0.0/3.0/0.0/0.0 dist=0 begin=0/0 m0=(84,119) ml=(78,80) md=41/1/203 cxcy=84.0,119.6 guide=3.99 atg=-3.0/0.0/0.0 pure=0.75/0.23 yaw=-136 cmd=-318 actual=-45 signed=0 rps=5345/4474:6633/6824 duty=10/9 pwm=PWM2:10/PWM1:9 motor=2:10/1:9
CrossDiag: type=CROSS_NONE track=1 half_lr=0/0 nearL=0@-1/0@-1 nearNum=0/151 centerNum=0/151 farL=0@-1/0@-1 farNum=0/0 farRaw=0/0 lost=0/0 not_have=0 final=151/144 flags=0/0
LineErr: aim=41 cxcy=84.0,119.6 left=0:0.00@-1,-1 dx=0.0 idx=-1/-1 dist=-1/-1 right=1:4.99@78,77 dx=-5.8 idx=0/17 dist=40/310 sel=1:4.89@78,75 dx=-5.8 idx=0/20 dist=40/286 edge=0:0.00@-1.0,-1.0 dx=0.0 width=0.0 l=-1,-1 r=104,70
ATGSeedDiag: seed=0@-1,-1/1@129,108 begin=7,108 block=5 clip=8
ATGLptDiag: best=-1(-57295.8) imip=-1/-1 pass=00000 acc=-1 ipm=-1.0,-1.0 inv=-1.0,-1.0 | 1(3.0) imip=0/11 pass=10111 acc=-1 ipm=104.6,114.2 inv=124.2,97.9
frame=236 line=0 track=1 cross=0 circle=0(CIRCLE_NONE) round=0 yroad=0 ramp=0 road=2 speed=0 near=0/1 raw=0/170 sel=1/0 far=0/0 far_raw=0/0 l=0@-1/0@-1 far_l=0@-1/0@-1 straight=0/0 far_straight=0/0 circle_cnt=0/0/0/0 lost=0/0 conf=0.0/0.0/0.0/0.0 dist=0 begin=0/0 m0=(-1,-1) ml=(-1,-1) md=-1/0/-1 cxcy=84.0,119.6 guide=0.00 atg=-3.0/0.0/0.0 pure=0.75/0.23 yaw=0 cmd=0 actual=-29 signed=0 rps=0/0:0/0 duty=0/0 pwm=PWM2:0/PWM1:0 motor=2:0/1:0
CrossDiag: type=CROSS_NONE track=1 half_lr=0/0 nearL=0@-1/0@-1 nearNum=0/1 centerNum=0/1 farL=0@-1/0@-1 farNum=0/0 farRaw=0/0 lost=0/0 not_have=0 final=1/0 flags=0/0
LineErr: aim=41 cxcy=84.0,119.6 left=0:0.00@-1,-1 dx=0.0 idx=-1/-1 dist=-1/-1 right=0:0.00@-1,-1 dx=0.0 idx=-1/-1 dist=-1/-1 sel=0:0.00@-1,-1 dx=0.0 idx=-1/-1 dist=-1/-1 edge=0:0.00@-1.0,-1.0 dx=0.0 width=0.0 l=-1,-1 r=-1,-1
ATGSeedDiag: seed=0@-1,-1/1@108,108 begin=7,108 block=5 clip=8
ATGLptDiag: best=-1(-57295.8) imip=-1/-1 pass=00000 acc=-1 ipm=-1.0,-1.0 inv=-1.0,-1.0 | -1(-57295.8) imip=-1/-1 pass=00000 acc=-1 ipm=-1.0,-1.0 inv=-1.0,-1.0
frame=237 line=1 track=1 cross=0 circle=0(CIRCLE_NONE) round=0 yroad=0 ramp=0 road=2 speed=0 near=0/140 raw=0/119 sel=140/133 far=0/0 far_raw=0/0 l=0@-1/0@-1 far_l=0@-1/0@-1 straight=0/1 far_straight=0/0 circle_cnt=0/0/0/0 lost=0/0 conf=0.0/3.3/0.0/0.0 dist=0 begin=0/0 m0=(84,119) ml=(78,80) md=41/1/176 cxcy=84.0,119.6 guide=3.60 atg=-3.0/0.0/0.0 pure=0.73/0.22 yaw=-123 cmd=-254 actual=-57 signed=0 rps=5266/4571:6805/6531 duty=10/10 pwm=PWM2:10/PWM1:10 motor=2:10/1:10
CrossDiag: type=CROSS_NONE track=1 half_lr=0/0 nearL=0@-1/0@-1 nearNum=0/140 centerNum=0/140 farL=0@-1/0@-1 farNum=0/0 farRaw=0/0 lost=0/0 not_have=0 final=140/133 flags=0/0
LineErr: aim=41 cxcy=84.0,119.6 left=0:0.00@-1,-1 dx=0.0 idx=-1/-1 dist=-1/-1 right=1:4.65@79,77 dx=-5.4 idx=0/17 dist=40/281 sel=1:4.51@79,75 dx=-5.3 idx=0/20 dist=40/264 edge=0:0.00@-1.0,-1.0 dx=0.0 width=0.0 l=-1,-1 r=105,70
ATGSeedDiag: seed=0@-1,-1/1@129,108 begin=7,108 block=5 clip=8
ATGLptDiag: best=-1(-57295.8) imip=-1/-1 pass=00000 acc=-1 ipm=-1.0,-1.0 inv=-1.0,-1.0 | 1(3.3) imip=0/11 pass=10111 acc=-1 ipm=104.7,114.2 inv=124.2,97.9
frame=238 line=0 track=1 cross=0 circle=0(CIRCLE_NONE) round=0 yroad=0 ramp=0 road=2 speed=0 near=0/1 raw=0/170 sel=1/0 far=0/0 far_raw=0/0 l=0@-1/0@-1 far_l=0@-1/0@-1 straight=0/0 far_straight=0/0 circle_cnt=0/0/0/0 lost=0/0 conf=0.0/0.0/0.0/0.0 dist=0 begin=0/0 m0=(-1,-1) ml=(-1,-1) md=-1/0/-1 cxcy=84.0,119.6 guide=0.00 atg=-3.0/0.0/0.0 pure=0.73/0.22 yaw=0 cmd=0 actual=17 signed=0 rps=0/0:0/0 duty=0/0 pwm=PWM2:0/PWM1:0 motor=2:0/1:0
CrossDiag: type=CROSS_NONE track=1 half_lr=0/0 nearL=0@-1/0@-1 nearNum=0/1 centerNum=0/1 farL=0@-1/0@-1 farNum=0/0 farRaw=0/0 lost=0/0 not_have=0 final=1/0 flags=0/0
LineErr: aim=41 cxcy=84.0,119.6 left=0:0.00@-1,-1 dx=0.0 idx=-1/-1 dist=-1/-1 right=0:0.00@-1,-1 dx=0.0 idx=-1/-1 dist=-1/-1 sel=0:0.00@-1,-1 dx=0.0 idx=-1/-1 dist=-1/-1 edge=0:0.00@-1.0,-1.0 dx=0.0 width=0.0 l=-1,-1 r=-1,-1
ATGSeedDiag: seed=0@-1,-1/1@106,108 begin=7,108 block=5 clip=8
ATGLptDiag: best=-1(-57295.8) imip=-1/-1 pass=00000 acc=-1 ipm=-1.0,-1.0 inv=-1.0,-1.0 | -1(-57295.8) imip=-1/-1 pass=00000 acc=-1 ipm=-1.0,-1.0 inv=-1.0,-1.0
frame=239 line=1 track=1 cross=0 circle=0(CIRCLE_NONE) round=0 yroad=0 ramp=0 road=2 speed=0 near=0/131 raw=0/113 sel=131/125 far=0/0 far_raw=0/0 l=0@-1/0@-1 far_l=0@-1/0@-1 straight=0/1 far_straight=0/0 circle_cnt=0/0/0/0 lost=0/0 conf=0.0/2.6/0.0/0.0 dist=0 begin=0/0 m0=(84,119) ml=(79,80) md=41/1/151 cxcy=84.0,119.6 guide=3.07 atg=-3.0/0.0/0.0 pure=0.67/0.19 yaw=-105 cmd=-444 actual=65 signed=0 rps=5538/4322:6619/6565 duty=11/9 pwm=PWM2:11/PWM1:9 motor=2:11/1:9
CrossDiag: type=CROSS_NONE track=1 half_lr=0/0 nearL=0@-1/0@-1 nearNum=0/131 centerNum=0/131 farL=0@-1/0@-1 farNum=0/0 farRaw=0/0 lost=0/0 not_have=0 final=131/125 flags=0/0
LineErr: aim=41 cxcy=84.0,119.6 left=0:0.00@-1,-1 dx=0.0 idx=-1/-1 dist=-1/-1 right=1:4.49@79,77 dx=-5.2 idx=0/17 dist=40/264 sel=1:4.29@79,75 dx=-5.1 idx=0/20 dist=40/248 edge=0:0.00@-1.0,-1.0 dx=0.0 width=0.0 l=-1,-1 r=105,70
ATGSeedDiag: seed=0@-1,-1/1@129,108 begin=7,108 block=5 clip=8
ATGLptDiag: best=-1(-57295.8) imip=-1/-1 pass=00000 acc=-1 ipm=-1.0,-1.0 inv=-1.0,-1.0 | 2(2.6) imip=0/12 pass=10111 acc=-1 ipm=104.9,111.9 inv=121.5,91.4
frame=243 line=1 track=1 cross=0 circle=0(CIRCLE_NONE) round=0 yroad=0 ramp=0 road=2 speed=0 near=0/150 raw=0/125 sel=150/143 far=0/0 far_raw=0/0 l=0@-1/0@-1 far_l=0@-1/0@-1 straight=0/1 far_straight=0/0 circle_cnt=0/0/0/0 lost=0/0 conf=0.0/3.3/0.0/0.0 dist=0 begin=0/0 m0=(84,119) ml=(78,80) md=41/1/201 cxcy=84.0,119.6 guide=3.60 atg=-3.0/0.0/0.0 pure=0.69/0.22 yaw=-123 cmd=-472 actual=52 signed=0 rps=5566/4271:6337/6456 duty=12/9 pwm=PWM2:12/PWM1:9 motor=2:12/1:9
CrossDiag: type=CROSS_NONE track=1 half_lr=0/0 nearL=0@-1/0@-1 nearNum=0/150 centerNum=0/150 farL=0@-1/0@-1 farNum=0/0 farRaw=0/0 lost=0/0 not_have=0 final=150/143 flags=0/0
LineErr: aim=41 cxcy=84.0,119.6 left=0:0.00@-1,-1 dx=0.0 idx=-1/-1 dist=-1/-1 right=1:4.64@79,77 dx=-5.4 idx=0/17 dist=40/306 sel=1:4.51@79,75 dx=-5.3 idx=0/20 dist=40/284 edge=0:0.00@-1.0,-1.0 dx=0.0 width=0.0 l=-1,-1 r=105,70
ATGSeedDiag: seed=0@-1,-1/1@129,108 begin=7,108 block=5 clip=8
ATGLptDiag: best=-1(-57295.8) imip=-1/-1 pass=00000 acc=-1 ipm=-1.0,-1.0 inv=-1.0,-1.0 | 1(3.3) imip=0/11 pass=10111 acc=-1 ipm=104.7,114.2 inv=124.2,97.9
frame=244 line=1 track=1 cross=0 circle=0(CIRCLE_NONE) round=0 yroad=0 ramp=0 road=2 speed=0 near=1/140 raw=170/119 sel=140/133 far=0/0 far_raw=0/0 l=0@-1/0@-1 far_l=0@-1/0@-1 straight=0/1 far_straight=0/0 circle_cnt=0/0/0/0 lost=0/0 conf=0.0/2.6/0.0/0.0 dist=0 begin=0/0 m0=(84,119) ml=(79,80) md=41/1/176 cxcy=84.0,119.6 guide=3.21 atg=-3.0/0.0/0.0 pure=0.69/0.22 yaw=-109 cmd=-385 actual=28 signed=0 rps=5455/4400:6403/6570 duty=11/9 pwm=PWM2:11/PWM1:9 motor=2:11/1:9
CrossDiag: type=CROSS_NONE track=1 half_lr=0/0 nearL=0@-1/0@-1 nearNum=1/140 centerNum=1/140 farL=0@-1/0@-1 farNum=0/0 farRaw=0/0 lost=0/0 not_have=0 final=140/133 flags=0/0
LineErr: aim=41 cxcy=84.0,119.6 left=0:0.00@-1,-1 dx=0.0 idx=-1/-1 dist=-1/-1 right=1:4.57@79,77 dx=-5.3 idx=0/17 dist=40/284 sel=1:4.49@79,75 dx=-5.3 idx=0/20 dist=40/264 edge=0:0.00@-1.0,-1.0 dx=0.0 width=0.0 l=-1,-1 r=105,70
ATGSeedDiag: seed=1@68,85/1@129,108 begin=7,108 block=5 clip=8
ATGLptDiag: best=-1(-57295.8) imip=-1/-1 pass=00000 acc=-1 ipm=-1.0,-1.0 inv=-1.0,-1.0 | 1(2.6) imip=0/11 pass=10111 acc=-1 ipm=104.6,114.2 inv=124.2,97.9
frame=245 line=1 track=1 cross=0 circle=0(CIRCLE_NONE) round=0 yroad=0 ramp=0 road=2 speed=0 near=0/136 raw=0/117 sel=136/129 far=0/0 far_raw=0/0 l=0@-1/0@-1 far_l=0@-1/0@-1 straight=0/1 far_straight=0/0 circle_cnt=0/0/0/0 lost=0/0 conf=0.0/2.6/0.0/0.0 dist=0 begin=0/0 m0=(84,119) ml=(78,80) md=41/1/168 cxcy=84.0,119.6 guide=3.60 atg=-3.0/0.0/0.0 pure=0.69/0.22 yaw=-123 cmd=-384 actual=8 signed=0 rps=5445/4392:6436/6443 duty=11/9 pwm=PWM2:11/PWM1:9 motor=2:11/1:9
CrossDiag: type=CROSS_NONE track=1 half_lr=0/0 nearL=0@-1/0@-1 nearNum=0/136 centerNum=0/136 farL=0@-1/0@-1 farNum=0/0 farRaw=0/0 lost=0/0 not_have=0 final=136/129 flags=0/0
LineErr: aim=41 cxcy=84.0,119.6 left=0:0.00@-1,-1 dx=0.0 idx=-1/-1 dist=-1/-1 right=1:4.64@79,77 dx=-5.4 idx=0/17 dist=40/275 sel=1:4.51@79,75 dx=-5.3 idx=0/20 dist=40/256 edge=0:0.00@-1.0,-1.0 dx=0.0 width=0.0 l=-1,-1 r=105,70
ATGSeedDiag: seed=0@-1,-1/1@129,108 begin=7,108 block=5 clip=8
ATGLptDiag: best=-1(-57295.8) imip=-1/-1 pass=00000 acc=-1 ipm=-1.0,-1.0 inv=-1.0,-1.0 | 1(2.6) imip=0/11 pass=10111 acc=-1 ipm=104.6,114.2 inv=124.2,97.9
frame=246 line=0 track=1 cross=0 circle=0(CIRCLE_NONE) round=0 yroad=0 ramp=0 road=2 speed=0 near=0/1 raw=0/170 sel=1/0 far=0/0 far_raw=0/0 l=0@-1/0@-1 far_l=0@-1/0@-1 straight=0/0 far_straight=0/0 circle_cnt=0/0/0/0 lost=0/0 conf=0.0/0.0/0.0/0.0 dist=0 begin=0/0 m0=(-1,-1) ml=(-1,-1) md=-1/0/-1 cxcy=84.0,119.6 guide=0.00 atg=-3.0/0.0/0.0 pure=0.69/0.22 yaw=0 cmd=0 actual=-41 signed=0 rps=0/0:0/0 duty=0/0 pwm=PWM2:0/PWM1:0 motor=2:0/1:0
CrossDiag: type=CROSS_NONE track=1 half_lr=0/0 nearL=0@-1/0@-1 nearNum=0/1 centerNum=0/1 farL=0@-1/0@-1 farNum=0/0 farRaw=0/0 lost=0/0 not_have=0 final=1/0 flags=0/0
LineErr: aim=41 cxcy=84.0,119.6 left=0:0.00@-1,-1 dx=0.0 idx=-1/-1 dist=-1/-1 right=0:0.00@-1,-1 dx=0.0 idx=-1/-1 dist=-1/-1 sel=0:0.00@-1,-1 dx=0.0 idx=-1/-1 dist=-1/-1 edge=0:0.00@-1.0,-1.0 dx=0.0 width=0.0 l=-1,-1 r=-1,-1
ATGSeedDiag: seed=0@-1,-1/1@89,108 begin=7,108 block=5 clip=8
ATGLptDiag: best=-1(-57295.8) imip=-1/-1 pass=00000 acc=-1 ipm=-1.0,-1.0 inv=-1.0,-1.0 | -1(-57295.8) imip=-1/-1 pass=00000 acc=-1 ipm=-1.0,-1.0 inv=-1.0,-1.0
frame=247 line=1 track=1 cross=0 circle=0(CIRCLE_NONE) round=0 yroad=0 ramp=0 road=2 speed=0 near=0/151 raw=0/126 sel=151/144 far=0/0 far_raw=0/0 l=0@-1/0@-1 far_l=0@-1/0@-1 straight=0/1 far_straight=0/0 circle_cnt=0/0/0/0 lost=0/0 conf=0.0/3.7/0.0/0.0 dist=0 begin=0/0 m0=(84,119) ml=(78,80) md=41/1/202 cxcy=84.0,119.6 guide=3.99 atg=-3.0/0.0/0.0 pure=0.75/0.22 yaw=-136 cmd=-469 actual=31 signed=0 rps=5553/4267:6958/6653 duty=11/9 pwm=PWM2:11/PWM1:9 motor=2:11/1:9
CrossDiag: type=CROSS_NONE track=1 half_lr=0/0 nearL=0@-1/0@-1 nearNum=0/151 centerNum=0/151 farL=0@-1/0@-1 farNum=0/0 farRaw=0/0 lost=0/0 not_have=0 final=151/144 flags=0/0
LineErr: aim=41 cxcy=84.0,119.6 left=0:0.00@-1,-1 dx=0.0 idx=-1/-1 dist=-1/-1 right=1:4.85@78,77 dx=-5.6 idx=0/17 dist=40/308 sel=1:4.72@78,75 dx=-5.6 idx=0/20 dist=40/286 edge=0:0.00@-1.0,-1.0 dx=0.0 width=0.0 l=-1,-1 r=104,70
ATGSeedDiag: seed=0@-1,-1/1@129,108 begin=7,108 block=5 clip=8
ATGLptDiag: best=-1(-57295.8) imip=-1/-1 pass=00000 acc=-1 ipm=-1.0,-1.0 inv=-1.0,-1.0 | 1(3.7) imip=0/11 pass=10111 acc=-1 ipm=104.7,114.2 inv=124.2,97.9
frame=248 line=1 track=1 cross=0 circle=0(CIRCLE_NONE) round=0 yroad=0 ramp=0 road=2 speed=0 near=1/170 raw=170/170 sel=170/155 far=0/0 far_raw=0/0 l=0@-1/0@-1 far_l=0@-1/0@-1 straight=0/1 far_straight=0/0 circle_cnt=0/0/0/0 lost=0/0 conf=0.0/2.9/0.0/0.0 dist=0 begin=0/0 m0=(84,119) ml=(78,80) md=41/1/202 cxcy=84.0,119.6 guide=3.73 atg=-3.0/0.0/0.0 pure=0.73/0.22 yaw=-127 cmd=-459 actual=39 signed=0 rps=5544/4287:6517/6351 duty=11/9 pwm=PWM2:11/PWM1:9 motor=2:11/1:9
CrossDiag: type=CROSS_NONE track=1 half_lr=0/0 nearL=0@-1/0@-1 nearNum=1/170 centerNum=1/170 farL=0@-1/0@-1 farNum=0/0 farRaw=0/0 lost=0/0 not_have=0 final=170/155 flags=0/0
LineErr: aim=41 cxcy=84.0,119.6 left=0:0.00@-1,-1 dx=0.0 idx=-1/-1 dist=-1/-1 right=1:4.81@78,77 dx=-5.5 idx=0/17 dist=40/323 sel=1:4.63@79,75 dx=-5.5 idx=0/20 dist=40/308 edge=0:0.00@-1.0,-1.0 dx=0.0 width=0.0 l=-1,-1 r=105,70
ATGSeedDiag: seed=1@68,94/1@129,108 begin=7,108 block=5 clip=8
ATGLptDiag: best=-1(-57295.8) imip=-1/-1 pass=00000 acc=-1 ipm=-1.0,-1.0 inv=-1.0,-1.0 | 1(2.9) imip=0/11 pass=10111 acc=-1 ipm=104.7,114.2 inv=124.2,97.9
frame=249 line=1 track=1 cross=0 circle=0(CIRCLE_NONE) round=0 yroad=0 ramp=0 road=2 speed=0 near=0/170 raw=0/170 sel=170/152 far=0/0 far_raw=0/0 l=0@-1/0@-1 far_l=0@-1/0@-1 straight=0/1 far_straight=0/0 circle_cnt=0/0/0/0 lost=0/0 conf=0.0/3.0/0.0/0.0 dist=0 begin=0/0 m0=(84,119) ml=(78,80) md=41/1/202 cxcy=84.0,119.6 guide=3.99 atg=-3.0/0.0/0.0 pure=0.75/0.22 yaw=-136 cmd=-503 actual=48 signed=0 rps=5598/4221:6829/6868 duty=11/8 pwm=PWM2:11/PWM1:8 motor=2:11/1:8
CrossDiag: type=CROSS_NONE track=1 half_lr=0/0 nearL=0@-1/0@-1 nearNum=0/170 centerNum=0/170 farL=0@-1/0@-1 farNum=0/0 farRaw=0/0 lost=0/0 not_have=0 final=170/152 flags=0/0
LineErr: aim=41 cxcy=84.0,119.6 left=0:0.00@-1,-1 dx=0.0 idx=-1/-1 dist=-1/-1 right=1:4.85@78,77 dx=-5.6 idx=0/17 dist=40/324 sel=1:4.72@78,75 dx=-5.6 idx=0/20 dist=40/302 edge=0:0.00@-1.0,-1.0 dx=0.0 width=0.0 l=-1,-1 r=104,70
ATGSeedDiag: seed=0@-1,-1/1@129,108 begin=7,108 block=5 clip=8
ATGLptDiag: best=-1(-57295.8) imip=-1/-1 pass=00000 acc=-1 ipm=-1.0,-1.0 inv=-1.0,-1.0 | 1(3.0) imip=0/11 pass=10111 acc=-1 ipm=104.7,114.2 inv=124.2,97.9
frame=250 line=1 track=1 cross=0 circle=0(CIRCLE_NONE) round=0 yroad=0 ramp=0 road=2 speed=0 near=0/170 raw=0/170 sel=170/154 far=0/0 far_raw=0/0 l=0@-1/0@-1 far_l=0@-1/0@-1 straight=0/1 far_straight=0/0 circle_cnt=0/0/0/0 lost=0/0 conf=0.0/1.8/0.0/0.0 dist=0 begin=0/0 m0=(84,119) ml=(78,80) md=41/1/202 cxcy=84.0,119.6 guide=3.99 atg=-3.0/0.0/0.0 pure=0.73/0.22 yaw=-136 cmd=-460 actual=26 signed=0 rps=5540/4279:6629/6621 duty=11/9 pwm=PWM2:11/PWM1:9 motor=2:11/1:9
CrossDiag: type=CROSS_NONE track=1 half_lr=0/0 nearL=0@-1/0@-1 nearNum=0/170 centerNum=0/170 farL=0@-1/0@-1 farNum=0/0 farRaw=0/0 lost=0/0 not_have=0 final=170/154 flags=0/0
LineErr: aim=41 cxcy=84.0,119.6 left=0:0.00@-1,-1 dx=0.0 idx=-1/-1 dist=-1/-1 right=1:4.82@78,77 dx=-5.6 idx=0/17 dist=40/324 sel=1:4.77@78,75 dx=-5.6 idx=0/20 dist=40/306 edge=0:0.00@-1.0,-1.0 dx=0.0 width=0.0 l=-1,-1 r=105,70
ATGSeedDiag: seed=0@-1,-1/1@129,108 begin=7,108 block=5 clip=8
ATGLptDiag: best=-1(-57295.8) imip=-1/-1 pass=00000 acc=-1 ipm=-1.0,-1.0 inv=-1.0,-1.0 | 19(1.8) imip=9/29 pass=10111 acc=-1 ipm=104.5,72.4 inv=95.4,40.1
frame=251 line=1 track=1 cross=0 circle=0(CIRCLE_NONE) round=0 yroad=0 ramp=0 road=2 speed=0 near=1/152 raw=170/126 sel=152/146 far=0/0 far_raw=0/0 l=0@-1/0@-1 far_l=0@-1/0@-1 straight=0/1 far_straight=0/0 circle_cnt=0/0/0/0 lost=0/0 conf=0.0/1.6/0.0/0.0 dist=0 begin=0/0 m0=(84,119) ml=(78,80) md=41/1/204 cxcy=84.0,119.6 guide=3.99 atg=-3.0/0.0/0.0 pure=0.73/0.22 yaw=-136 cmd=-417 actual=5 signed=0 rps=5481/4338:6763/6805 duty=11/9 pwm=PWM2:11/PWM1:9 motor=2:11/1:9
CrossDiag: type=CROSS_NONE track=1 half_lr=0/0 nearL=0@-1/0@-1 nearNum=1/152 centerNum=1/152 farL=0@-1/0@-1 farNum=0/0 farRaw=0/0 lost=0/0 not_have=0 final=152/146 flags=0/0
LineErr: aim=41 cxcy=84.0,119.6 left=0:0.00@-1,-1 dx=0.0 idx=-1/-1 dist=-1/-1 right=1:4.80@78,76 dx=-5.6 idx=0/17 dist=40/311 sel=1:4.76@78,75 dx=-5.6 idx=0/20 dist=40/290 edge=0:0.00@-1.0,-1.0 dx=0.0 width=0.0 l=-1,-1 r=105,70
ATGSeedDiag: seed=1@66,100/1@128,107 begin=7,108 block=5 clip=8
ATGLptDiag: best=-1(-57295.8) imip=-1/-1 pass=00000 acc=-1 ipm=-1.0,-1.0 inv=-1.0,-1.0 | 19(1.6) imip=9/29 pass=10111 acc=-1 ipm=104.5,72.1 inv=95.3,39.9
frame=252 line=1 track=1 cross=0 circle=0(CIRCLE_NONE) round=0 yroad=0 ramp=0 road=2 speed=0 near=1/142 raw=170/121 sel=142/136 far=0/0 far_raw=0/0 l=0@-1/0@-1 far_l=0@-1/0@-1 straight=0/1 far_straight=0/0 circle_cnt=0/0/0/0 lost=0/0 conf=0.0/2.0/0.0/0.0 dist=0 begin=0/0 m0=(84,119) ml=(78,80) md=41/1/186 cxcy=84.0,119.6 guide=3.99 atg=-3.0/0.0/0.0 pure=0.73/0.22 yaw=-136 cmd=-409 actual=1 signed=0 rps=5470/4349:6754/6897 duty=11/9 pwm=PWM2:11/PWM1:9 motor=2:11/1:9
CrossDiag: type=CROSS_NONE track=1 half_lr=0/0 nearL=0@-1/0@-1 nearNum=1/142 centerNum=1/142 farL=0@-1/0@-1 farNum=0/0 farRaw=0/0 lost=0/0 not_have=0 final=142/136 flags=0/0
LineErr: aim=41 cxcy=84.0,119.6 left=0:0.00@-1,-1 dx=0.0 idx=-1/-1 dist=-1/-1 right=1:4.81@78,77 dx=-5.6 idx=0/17 dist=40/293 sel=1:4.76@78,75 dx=-5.6 idx=0/20 dist=40/270 edge=0:0.00@-1.0,-1.0 dx=0.0 width=0.0 l=-1,-1 r=105,70
ATGSeedDiag: seed=1@67,104/1@128,108 begin=7,108 block=5 clip=8
ATGLptDiag: best=-1(-57295.8) imip=-1/-1 pass=00000 acc=-1 ipm=-1.0,-1.0 inv=-1.0,-1.0 | 1(2.0) imip=0/11 pass=10111 acc=-1 ipm=104.4,114.2 inv=123.7,97.9
frame=253 line=1 track=1 cross=0 circle=0(CIRCLE_NONE) round=0 yroad=0 ramp=0 road=2 speed=0 near=0/145 raw=0/123 sel=145/138 far=0/0 far_raw=0/0 l=0@-1/0@-1 far_l=0@-1/0@-1 straight=0/1 far_straight=0/0 circle_cnt=0/0/0/0 lost=0/0 conf=0.0/5.6/0.0/0.0 dist=0 begin=0/0 m0=(84,119) ml=(78,80) md=41/1/193 cxcy=84.0,119.6 guide=3.99 atg=-3.0/0.0/0.0 pure=0.73/0.22 yaw=-136 cmd=-406 actual=-1 signed=0 rps=5466/4353:6198/6405 duty=11/9 pwm=PWM2:11/PWM1:9 motor=2:11/1:9
CrossDiag: type=CROSS_NONE track=1 half_lr=0/0 nearL=0@-1/0@-1 nearNum=0/145 centerNum=0/145 farL=0@-1/0@-1 farNum=0/0 farRaw=0/0 lost=0/0 not_have=0 final=145/138 flags=0/0
LineErr: aim=41 cxcy=84.0,119.6 left=0:0.00@-1,-1 dx=0.0 idx=-1/-1 dist=-1/-1 right=1:4.97@78,77 dx=-5.7 idx=0/17 dist=40/296 sel=1:4.89@78,75 dx=-5.8 idx=0/20 dist=40/274 edge=0:0.00@-1.0,-1.0 dx=0.0 width=0.0 l=-1,-1 r=104,70
ATGSeedDiag: seed=0@-1,-1/1@128,108 begin=7,108 block=5 clip=8
ATGLptDiag: best=-1(-57295.8) imip=-1/-1 pass=00000 acc=-1 ipm=-1.0,-1.0 inv=-1.0,-1.0 | 1(5.6) imip=0/11 pass=10111 acc=-1 ipm=104.4,114.2 inv=123.7,98.0
frame=255 line=1 track=1 cross=0 circle=0(CIRCLE_NONE) round=0 yroad=0 ramp=0 road=2 speed=0 near=0/170 raw=0/170 sel=170/146 far=0/0 far_raw=0/0 l=0@-1/0@-1 far_l=0@-1/0@-1 straight=0/1 far_straight=0/0 circle_cnt=0/0/0/0 lost=0/0 conf=0.0/2.6/0.0/0.0 dist=0 begin=0/0 m0=(84,119) ml=(78,80) md=41/1/203 cxcy=84.0,119.6 guide=4.02 atg=-3.0/0.0/0.0 pure=0.77/0.28 yaw=-321 cmd=-721 actual=-37 signed=0 rps=5774/3797:6028/5971 duty=13/8 pwm=PWM2:13/PWM1:8 motor=2:13/1:8
CrossDiag: type=CROSS_NONE track=1 half_lr=0/0 nearL=0@-1/0@-1 nearNum=0/170 centerNum=0/170 farL=0@-1/0@-1 farNum=0/0 farRaw=0/0 lost=0/0 not_have=0 final=170/146 flags=0/0
LineErr: aim=41 cxcy=84.0,119.6 left=0:0.00@-1,-1 dx=0.0 idx=-1/-1 dist=-1/-1 right=1:5.16@78,77 dx=-6.0 idx=0/17 dist=40/307 sel=1:5.06@78,76 dx=-5.9 idx=0/20 dist=40/290 edge=0:0.00@-1.0,-1.0 dx=0.0 width=0.0 l=-1,-1 r=104,70
ATGSeedDiag: seed=0@-1,-1/1@128,108 begin=7,108 block=5 clip=8
ATGLptDiag: best=-1(-57295.8) imip=-1/-1 pass=00000 acc=-1 ipm=-1.0,-1.0 inv=-1.0,-1.0 | 2(2.6) imip=0/12 pass=10111 acc=-1 ipm=104.4,111.9 inv=120.4,91.4
frame=257 line=1 track=1 cross=0 circle=0(CIRCLE_NONE) round=0 yroad=0 ramp=0 road=2 speed=0 near=0/170 raw=0/170 sel=170/155 far=0/0 far_raw=0/0 l=0@-1/0@-1 far_l=0@-1/0@-1 straight=0/1 far_straight=0/0 circle_cnt=0/0/0/0 lost=0/0 conf=0.0/2.1/0.0/0.0 dist=0 begin=0/0 m0=(84,119) ml=(78,80) md=41/1/202 cxcy=84.0,119.6 guide=4.02 atg=-3.0/0.0/0.0 pure=0.76/0.22 yaw=-321 cmd=-721 actual=-85 signed=0 rps=5774/3797:6447/6198 duty=12/7 pwm=PWM2:12/PWM1:7 motor=2:12/1:7
CrossDiag: type=CROSS_NONE track=1 half_lr=0/0 nearL=0@-1/0@-1 nearNum=0/170 centerNum=0/170 farL=0@-1/0@-1 farNum=0/0 farRaw=0/0 lost=0/0 not_have=0 final=170/155 flags=0/0
LineErr: aim=41 cxcy=84.0,119.6 left=0:0.00@-1,-1 dx=0.0 idx=-1/-1 dist=-1/-1 right=1:4.98@78,77 dx=-5.7 idx=0/17 dist=40/329 sel=1:4.90@78,76 dx=-5.8 idx=0/20 dist=40/308 edge=0:0.00@-1.0,-1.0 dx=0.0 width=0.0 l=-1,-1 r=104,70
ATGSeedDiag: seed=0@-1,-1/1@128,108 begin=7,108 block=5 clip=8
ATGLptDiag: best=-1(-57295.8) imip=-1/-1 pass=00000 acc=-1 ipm=-1.0,-1.0 inv=-1.0,-1.0 | 2(2.1) imip=0/12 pass=10111 acc=-1 ipm=104.4,111.9 inv=120.4,91.4
frame=258 line=1 track=1 cross=0 circle=0(CIRCLE_NONE) round=0 yroad=0 ramp=0 road=2 speed=0 near=0/151 raw=0/127 sel=151/144 far=0/0 far_raw=0/0 l=0@-1/0@-1 far_l=0@-1/0@-1 straight=0/1 far_straight=0/0 circle_cnt=0/0/0/0 lost=0/0 conf=0.0/3.8/0.0/0.0 dist=0 begin=0/0 m0=(84,119) ml=(78,80) md=41/1/204 cxcy=84.0,119.6 guide=3.86 atg=-3.0/0.0/0.0 pure=0.73/0.22 yaw=-131 cmd=-227 actual=-84 signed=0 rps=5223/4602:6901/6670 duty=10/10 pwm=PWM2:10/PWM1:10 motor=2:10/1:10
CrossDiag: type=CROSS_NONE track=1 half_lr=0/0 nearL=0@-1/0@-1 nearNum=0/151 centerNum=0/151 farL=0@-1/0@-1 farNum=0/0 farRaw=0/0 lost=0/0 not_have=0 final=151/144 flags=0/0
LineErr: aim=41 cxcy=84.0,119.6 left=0:0.00@-1,-1 dx=0.0 idx=-1/-1 dist=-1/-1 right=1:4.93@78,77 dx=-5.7 idx=0/17 dist=40/313 sel=1:4.80@78,75 dx=-5.7 idx=0/20 dist=40/286 edge=0:0.00@-1.0,-1.0 dx=0.0 width=0.0 l=-1,-1 r=105,70
ATGSeedDiag: seed=0@-1,-1/1@128,108 begin=7,108 block=5 clip=8
ATGLptDiag: best=-1(-57295.8) imip=-1/-1 pass=00000 acc=-1 ipm=-1.0,-1.0 inv=-1.0,-1.0 | 1(3.8) imip=0/11 pass=10111 acc=-1 ipm=104.4,114.2 inv=123.6,97.9
frame=259 line=1 track=1 cross=0 circle=0(CIRCLE_NONE) round=0 yroad=0 ramp=0 road=2 speed=0 near=170/151 raw=136/127 sel=151/144 far=0/0 far_raw=0/0 l=0@-1/0@-1 far_l=0@-1/0@-1 straight=1/1 far_straight=0/0 circle_cnt=0/0/0/0 lost=0/0 conf=2.3/5.3/0.0/0.0 dist=0 begin=0/0 m0=(84,119) ml=(78,80) md=41/1/204 cxcy=84.0,119.6 guide=3.86 atg=-3.0/0.0/0.0 pure=0.70/0.21 yaw=-131 cmd=-215 actual=-89 signed=0 rps=5207/4618:7082/6875 duty=9/10 pwm=PWM2:9/PWM1:10 motor=2:9/1:10
CrossDiag: type=CROSS_NONE track=1 half_lr=0/0 nearL=0@-1/0@-1 nearNum=170/151 centerNum=170/151 farL=0@-1/0@-1 farNum=0/0 farRaw=0/0 lost=0/0 not_have=0 final=151/144 flags=0/0
LineErr: aim=41 cxcy=84.0,119.6 left=1:2.95@80,64 dx=-4.1 idx=0/19 dist=40/446 right=1:4.92@78,76 dx=-5.7 idx=0/17 dist=40/313 sel=1:4.80@78,75 dx=-5.7 idx=0/20 dist=40/286 edge=1:3.37@79.5,66.0 dx=-4.5 width=51.6 l=54,62 r=105,70
CxScan: raw_ref=80.0 edge=79.5,66.0 best_raw_x=70 best_err=0.52 best_cxcy=80.2,119.5 scan=0:-18.9,10:-16.3,20:-13.6,30:-10.8,40:-8.0,50:-5.2,60:-2.3,70:0.5,80:3.4,90:6.2,100:9.0,110:11.8,120:14.5,130:17.1,140:19.7
ATGSeedDiag: seed=1@19,85/1@128,108 begin=7,108 block=5 clip=8
ATGLptDiag: best=10(2.3) imip=0/20 pass=10111 acc=-1 ipm=54.4,85.0 inv=39.1,50.1 | 1(5.3) imip=0/11 pass=10111 acc=-1 ipm=104.4,114.2 inv=123.7,98.0
frame=260 line=1 track=1 cross=0 circle=0(CIRCLE_NONE) round=0 yroad=0 ramp=0 road=2 speed=0 near=170/170 raw=138/170 sel=170/151 far=0/0 far_raw=0/0 l=0@-1/0@-1 far_l=0@-1/0@-1 straight=1/1 far_straight=0/0 circle_cnt=0/0/0/0 lost=0/0 conf=2.2/5.4/0.0/0.0 dist=0 begin=0/0 m0=(84,119) ml=(78,80) md=41/1/204 cxcy=84.0,119.6 guide=3.99 atg=-3.0/0.0/0.0 pure=0.73/0.22 yaw=-136 cmd=-233 actual=-87 signed=0 rps=5228/4591:6715/6638 duty=10/10 pwm=PWM2:10/PWM1:10 motor=2:10/1:10
CrossDiag: type=CROSS_NONE track=1 half_lr=0/0 nearL=0@-1/0@-1 nearNum=170/170 centerNum=170/170 farL=0@-1/0@-1 farNum=0/0 farRaw=0/0 lost=0/0 not_have=0 final=170/151 flags=0/0
LineErr: aim=41 cxcy=84.0,119.6 left=1:2.93@80,62 dx=-4.1 idx=0/20 dist=40/440 right=1:4.97@78,77 dx=-5.7 idx=0/17 dist=40/320 sel=1:4.88@78,75 dx=-5.7 idx=0/20 dist=40/300 edge=1:3.40@79.5,66.5 dx=-4.5 width=51.5 l=54,63 r=105,70
CxScan: raw_ref=80.0 edge=79.5,66.5 best_raw_x=70 best_err=0.52 best_cxcy=80.2,119.5 scan=0:-19.0,10:-16.4,20:-13.7,30:-10.9,40:-8.1,50:-5.2,60:-2.4,70:0.5,80:3.4,90:6.3,100:9.1,110:11.8,120:14.6,130:17.2,140:19.8
ATGSeedDiag: seed=1@18,87/1@128,108 begin=7,108 block=5 clip=8
ATGLptDiag: best=1(2.2) imip=0/11 pass=10110 acc=-1 ipm=54.2,106.7 inv=22.6,80.3 | 1(5.4) imip=0/11 pass=10111 acc=-1 ipm=104.4,114.2 inv=123.7,98.0
frame=261 line=1 track=1 cross=0 circle=0(CIRCLE_NONE) round=0 yroad=0 ramp=0 road=2 speed=0 near=170/170 raw=140/170 sel=170/152 far=0/0 far_raw=0/0 l=0@-1/0@-1 far_l=0@-1/0@-1 straight=1/1 far_straight=0/0 circle_cnt=0/0/0/0 lost=0/0 conf=2.6/2.1/0.0/0.0 dist=0 begin=0/0 m0=(84,119) ml=(78,80) md=41/1/204 cxcy=84.0,119.6 guide=3.73 atg=-3.0/0.0/0.0 pure=0.67/0.17 yaw=-127 cmd=-222 actual=-79 signed=0 rps=5220/4610:6714/6783 duty=10/10 pwm=PWM2:10/PWM1:10 motor=2:10/1:10
CrossDiag: type=CROSS_NONE track=1 half_lr=0/0 nearL=0@-1/0@-1 nearNum=170/170 centerNum=170/170 farL=0@-1/0@-1 farNum=0/0 farRaw=0/0 lost=0/0 not_have=0 final=170/152 flags=0/0
LineErr: aim=41 cxcy=84.0,119.6 left=1:2.78@80,63 dx=-3.9 idx=0/20 dist=40/443 right=1:4.79@78,77 dx=-5.5 idx=0/17 dist=40/326 sel=1:4.65@79,75 dx=-5.5 idx=0/20 dist=40/302 edge=1:3.40@79.5,66.5 dx=-4.5 width=51.5 l=54,63 r=105,70
CxScan: raw_ref=80.0 edge=79.5,66.5 best_raw_x=70 best_err=0.52 best_cxcy=80.2,119.5 scan=0:-19.0,10:-16.4,20:-13.7,30:-10.9,40:-8.1,50:-5.2,60:-2.4,70:0.5,80:3.4,90:6.3,100:9.1,110:11.8,120:14.6,130:17.2,140:19.8
ATGSeedDiag: seed=1@17,89/1@128,108 begin=7,108 block=5 clip=8
ATGLptDiag: best=1(2.6) imip=0/11 pass=10110 acc=-1 ipm=54.3,107.5 inv=21.7,82.0 | 15(2.1) imip=5/25 pass=10111 acc=-1 ipm=104.4,81.7 inv=98.7,46.8
frame=262 line=1 track=1 cross=0 circle=0(CIRCLE_NONE) round=0 yroad=0 ramp=0 road=2 speed=0 near=170/153 raw=142/128 sel=153/146 far=0/0 far_raw=0/0 l=0@-1/0@-1 far_l=0@-1/0@-1 straight=1/1 far_straight=0/0 circle_cnt=0/0/0/0 lost=0/0 conf=1.9/1.6/0.0/0.0 dist=0 begin=0/0 m0=(84,119) ml=(79,80) md=41/1/206 cxcy=84.0,119.6 guide=3.08 atg=-2.0/0.0/0.0 pure=0.63/0.17 yaw=-105 cmd=-197 actual=-59 signed=0 rps=5200/4660:6192/6375 duty=10/11 pwm=PWM2:10/PWM1:11 motor=2:10/1:11
CrossDiag: type=CROSS_NONE track=1 half_lr=0/0 nearL=0@-1/0@-1 nearNum=170/153 centerNum=170/153 farL=0@-1/0@-1 farNum=0/0 farRaw=0/0 lost=0/0 not_have=0 final=153/146 flags=0/0
LineErr: aim=41 cxcy=84.0,119.6 left=1:2.95@80,64 dx=-4.1 idx=0/20 dist=40/444 right=1:4.55@79,76 dx=-5.3 idx=0/17 dist=40/318 sel=1:4.48@79,75 dx=-5.3 idx=0/20 dist=40/290 edge=1:3.42@79.5,67.0 dx=-4.5 width=51.4 l=54,64 r=105,70
CxScan: raw_ref=80.0 edge=79.5,67.0 best_raw_x=70 best_err=0.52 best_cxcy=80.2,119.5 scan=0:-19.1,10:-16.5,20:-13.8,30:-11.0,40:-8.1,50:-5.3,60:-2.4,70:0.5,80:3.4,90:6.3,100:9.1,110:11.9,120:14.7,130:17.3,140:19.9
ATGSeedDiag: seed=1@16,91/1@129,108 begin=7,108 block=5 clip=8
ATGLptDiag: best=1(1.9) imip=0/11 pass=10110 acc=-1 ipm=54.2,108.3 inv=20.7,83.8 | 18(1.6) imip=8/28 pass=10111 acc=-1 ipm=104.8,74.7 inv=96.6,41.6
frame=263 line=1 track=1 cross=0 circle=0(CIRCLE_NONE) round=0 yroad=0 ramp=0 road=2 speed=0 near=170/153 raw=144/128 sel=153/146 far=0/0 far_raw=0/0 l=0@-1/0@-1 far_l=0@-1/0@-1 straight=1/1 far_straight=0/0 circle_cnt=0/0/0/0 lost=0/0 conf=2.4/2.2/0.0/0.0 dist=0 begin=0/0 m0=(84,119) ml=(79,80) md=41/1/208 cxcy=84.0,119.6 guide=3.08 atg=-2.0/0.0/0.0 pure=0.63/0.17 yaw=-105 cmd=-234 actual=-40 signed=0 rps=5251/4609:6209/6346 duty=11/10 pwm=PWM2:11/PWM1:10 motor=2:11/1:10
CrossDiag: type=CROSS_NONE track=1 half_lr=0/0 nearL=0@-1/0@-1 nearNum=170/153 centerNum=170/153 farL=0@-1/0@-1 farNum=0/0 farRaw=0/0 lost=0/0 not_have=0 final=153/146 flags=0/0
LineErr: aim=41 cxcy=84.0,119.6 left=1:2.97@80,64 dx=-4.1 idx=0/20 dist=40/449 right=1:4.55@79,76 dx=-5.3 idx=0/17 dist=40/318 sel=1:4.48@79,75 dx=-5.3 idx=0/20 dist=40/290 edge=1:3.44@79.5,67.5 dx=-4.5 width=51.2 l=54,65 r=105,70
CxScan: raw_ref=80.0 edge=79.5,67.5 best_raw_x=70 best_err=0.53 best_cxcy=80.2,119.5 scan=0:-19.3,10:-16.6,20:-13.9,30:-11.0,40:-8.2,50:-5.3,60:-2.4,70:0.5,80:3.4,90:6.3,100:9.2,110:12.0,120:14.8,130:17.4,140:20.0
ATGSeedDiag: seed=1@15,93/1@128,108 begin=7,108 block=5 clip=8
ATGLptDiag: best=9(2.4) imip=0/19 pass=10111 acc=-1 ipm=54.6,90.6 inv=36.3,55.8 | 1(2.2) imip=0/11 pass=10111 acc=-1 ipm=104.5,114.2 inv=123.8,97.9
frame=264 line=1 track=1 cross=0 circle=0(CIRCLE_NONE) round=0 yroad=0 ramp=0 road=2 speed=0 near=170/170 raw=146/170 sel=170/155 far=0/0 far_raw=0/0 l=0@-1/0@-1 far_l=0@-1/0@-1 straight=1/1 far_straight=0/0 circle_cnt=0/0/0/0 lost=0/0 conf=2.5/4.8/0.0/0.0 dist=0 begin=0/0 m0=(84,119) ml=(78,80) md=41/1/206 cxcy=84.0,119.6 guide=3.47 atg=-3.0/0.0/0.0 pure=0.66/0.17 yaw=-118 cmd=-315 actual=-20 signed=0 rps=5353/4489:6400/6393 duty=11/10 pwm=PWM2:11/PWM1:10 motor=2:11/1:10
CrossDiag: type=CROSS_NONE track=1 half_lr=0/0 nearL=0@-1/0@-1 nearNum=170/170 centerNum=170/170 farL=0@-1/0@-1 farNum=0/0 farRaw=0/0 lost=0/0 not_have=0 final=170/155 flags=0/0
LineErr: aim=41 cxcy=84.0,119.6 left=1:2.91@80,65 dx=-3.9 idx=0/20 dist=40/441 right=1:4.63@79,77 dx=-5.4 idx=0/17 dist=40/329 sel=1:4.52@79,75 dx=-5.3 idx=0/20 dist=40/308 edge=1:3.46@79.5,68.0 dx=-4.5 width=51.2 l=54,66 r=105,70
CxScan: raw_ref=80.0 edge=79.5,68.0 best_raw_x=70 best_err=0.53 best_cxcy=80.2,119.5 scan=0:-19.4,10:-16.7,20:-13.9,30:-11.1,40:-8.3,50:-5.3,60:-2.4,70:0.5,80:3.5,90:6.4,100:9.3,110:12.1,120:14.8,130:17.5,140:20.1
ATGSeedDiag: seed=1@14,95/1@128,108 begin=7,108 block=5 clip=8
ATGLptDiag: best=1(2.5) imip=0/11 pass=10110 acc=-1 ipm=54.3,109.9 inv=19.0,87.4 | 1(4.8) imip=0/11 pass=10111 acc=-1 ipm=104.4,114.2 inv=123.7,98.0
frame=265 line=1 track=1 cross=0 circle=0(CIRCLE_NONE) round=0 yroad=0 ramp=0 road=2 speed=0 near=170/170 raw=147/170 sel=170/151 far=0/0 far_raw=0/0 l=0@-1/0@-1 far_l=0@-1/0@-1 straight=1/1 far_straight=0/0 circle_cnt=0/0/0/0 lost=0/0 conf=1.5/5.1/0.0/0.0 dist=0 begin=0/0 m0=(84,119) ml=(78,80) md=41/1/204 cxcy=84.0,119.6 guide=3.60 atg=-3.0/0.0/0.0 pure=0.66/0.17 yaw=-123 cmd=-327 actual=-20 signed=0 rps=5367/4470:6225/6072 duty=11/10 pwm=PWM2:11/PWM1:10 motor=2:11/1:10
CrossDiag: type=CROSS_NONE track=1 half_lr=0/0 nearL=0@-1/0@-1 nearNum=170/170 centerNum=170/170 farL=0@-1/0@-1 farNum=0/0 farRaw=0/0 lost=0/0 not_have=0 final=170/151 flags=0/0
LineErr: aim=41 cxcy=84.0,119.6 left=1:2.65@80,66 dx=-3.5 idx=0/20 dist=40/436 right=1:4.63@79,77 dx=-5.4 idx=0/17 dist=40/324 sel=1:4.52@79,75 dx=-5.3 idx=0/20 dist=40/300 edge=1:3.49@79.5,68.5 dx=-4.5 width=51.1 l=54,67 r=105,70
CxScan: raw_ref=80.0 edge=79.5,68.5 best_raw_x=70 best_err=0.53 best_cxcy=80.2,119.5 scan=0:-19.5,10:-16.8,20:-14.0,30:-11.2,40:-8.3,50:-5.4,60:-2.4,70:0.5,80:3.5,90:6.4,100:9.3,110:12.2,120:14.9,130:17.6,140:20.3
ATGSeedDiag: seed=1@13,97/1@128,108 begin=7,108 block=5 clip=8
ATGLptDiag: best=6(1.5) imip=0/16 pass=10111 acc=-1 ipm=54.5,99.0 inv=30.4,66.6 | 1(5.1) imip=0/11 pass=10111 acc=-1 ipm=104.4,114.2 inv=123.7,98.0
frame=266 line=1 track=1 cross=0 circle=0(CIRCLE_NONE) round=0 yroad=0 ramp=0 road=2 speed=0 near=167/170 raw=149/170 sel=170/144 far=0/0 far_raw=0/0 l=0@-1/0@-1 far_l=0@-1/0@-1 straight=1/1 far_straight=0/0 circle_cnt=0/0/0/0 lost=0/0 conf=1.7/5.3/0.0/0.0 dist=0 begin=0/0 m0=(84,119) ml=(78,80) md=41/1/204 cxcy=84.0,119.6 guide=3.73 atg=-3.0/0.0/0.0 pure=0.67/0.19 yaw=-127 cmd=-345 actual=-18 signed=0 rps=5388/4443:6698/6500 duty=10/10 pwm=PWM2:10/PWM1:10 motor=2:10/1:10
CrossDiag: type=CROSS_NONE track=1 half_lr=0/0 nearL=0@-1/0@-1 nearNum=167/170 centerNum=167/170 farL=0@-1/0@-1 farNum=0/0 farRaw=0/0 lost=0/0 not_have=0 final=170/144 flags=0/0
LineErr: aim=41 cxcy=84.0,119.6 left=1:2.84@80,67 dx=-3.8 idx=0/20 dist=40/430 right=1:4.79@78,77 dx=-5.5 idx=0/17 dist=40/308 sel=1:4.64@79,75 dx=-5.5 idx=0/20 dist=40/286 edge=1:3.49@79.5,68.5 dx=-4.5 width=51.1 l=54,67 r=105,70
CxScan: raw_ref=80.0 edge=79.5,68.5 best_raw_x=70 best_err=0.53 best_cxcy=80.2,119.5 scan=0:-19.5,10:-16.8,20:-14.0,30:-11.2,40:-8.3,50:-5.4,60:-2.4,70:0.5,80:3.5,90:6.4,100:9.3,110:12.2,120:14.9,130:17.6,140:20.3
ATGSeedDiag: seed=1@12,99/1@128,108 begin=7,108 block=5 clip=8
ATGLptDiag: best=1(1.7) imip=0/11 pass=10110 acc=-1 ipm=54.2,111.3 inv=16.8,90.9 | 1(5.3) imip=0/11 pass=10111 acc=-1 ipm=104.4,114.2 inv=123.7,98.0
frame=267 line=1 track=1 cross=0 circle=0(CIRCLE_NONE) round=0 yroad=0 ramp=0 road=2 speed=0 near=170/170 raw=151/170 sel=170/150 far=0/0 far_raw=0/0 l=0@-1/0@-1 far_l=0@-1/0@-1 straight=1/1 far_straight=0/0 circle_cnt=0/0/0/0 lost=0/0 conf=2.5/5.3/0.0/0.0 dist=0 begin=0/0 m0=(84,119) ml=(78,80) md=41/1/204 cxcy=84.0,119.6 guide=3.73 atg=-3.0/0.0/0.0 pure=0.67/0.17 yaw=-127 cmd=-336 actual=-22 signed=0 rps=5377/4454:6536/6451 duty=11/10 pwm=PWM2:11/PWM1:10 motor=2:11/1:10
CrossDiag: type=CROSS_NONE track=1 half_lr=0/0 nearL=0@-1/0@-1 nearNum=170/170 centerNum=170/170 farL=0@-1/0@-1 farNum=0/0 farRaw=0/0 lost=0/0 not_have=0 final=170/150 flags=0/0
LineErr: aim=41 cxcy=84.0,119.6 left=1:3.03@80,68 dx=-4.0 idx=0/20 dist=40/438 right=1:4.79@78,77 dx=-5.5 idx=0/17 dist=40/321 sel=1:4.64@79,75 dx=-5.5 idx=0/20 dist=40/298 edge=1:3.51@79.5,69.0 dx=-4.5 width=51.0 l=54,68 r=105,70
CxScan: raw_ref=80.0 edge=79.5,69.0 best_raw_x=70 best_err=0.54 best_cxcy=80.2,119.5 scan=0:-19.6,10:-16.9,20:-14.1,30:-11.3,40:-8.4,50:-5.4,60:-2.4,70:0.5,80:3.5,90:6.5,100:9.4,110:12.2,120:15.0,130:17.8,140:20.4
ATGSeedDiag: seed=1@11,101/1@128,108 begin=7,108 block=5 clip=8
ATGLptDiag: best=31(2.5) imip=21/41 pass=10111 acc=-1 ipm=54.2,42.4 inv=51.7,26.5 | 1(5.3) imip=0/11 pass=10111 acc=-1 ipm=104.4,114.2 inv=123.7,98.0
frame=268 line=1 track=1 cross=0 circle=0(CIRCLE_NONE) round=0 yroad=0 ramp=0 road=2 speed=0 near=164/170 raw=154/170 sel=170/144 far=0/0 far_raw=0/0 l=0@-1/0@-1 far_l=0@-1/0@-1 straight=1/1 far_straight=0/0 circle_cnt=0/0/0/0 lost=0/0 conf=1.3/5.3/0.0/0.0 dist=0 begin=0/0 m0=(84,119) ml=(78,80) md=41/1/204 cxcy=84.0,119.6 guide=3.73 atg=-3.0/0.0/0.0 pure=0.67/0.19 yaw=-127 cmd=-367 actual=-7 signed=0 rps=5418/4413:6839/6781 duty=10/9 pwm=PWM2:10/PWM1:9 motor=2:10/1:9
CrossDiag: type=CROSS_NONE track=1 half_lr=0/0 nearL=0@-1/0@-1 nearNum=164/170 centerNum=164/170 farL=0@-1/0@-1 farNum=0/0 farRaw=0/0 lost=0/0 not_have=0 final=170/144 flags=0/0
LineErr: aim=41 cxcy=84.0,119.6 left=1:2.78@80,69 dx=-3.6 idx=0/20 dist=40/428 right=1:4.78@78,76 dx=-5.5 idx=0/17 dist=40/314 sel=1:4.64@79,75 dx=-5.5 idx=0/20 dist=40/286 edge=1:3.53@79.5,69.5 dx=-4.5 width=51.0 l=54,69 r=105,70
CxScan: raw_ref=80.0 edge=79.5,69.5 best_raw_x=70 best_err=0.54 best_cxcy=80.2,119.5 scan=0:-19.7,10:-17.0,20:-14.2,30:-11.3,40:-8.4,50:-5.5,60:-2.5,70:0.5,80:3.5,90:6.5,100:9.4,110:12.3,120:15.1,130:17.9,140:20.5
ATGSeedDiag: seed=1@9,105/1@128,108 begin=7,108 block=5 clip=8
ATGLptDiag: best=29(1.3) imip=19/39 pass=10111 acc=-1 ipm=54.3,47.9 inv=50.7,28.4 | 1(5.3) imip=0/11 pass=10111 acc=-1 ipm=104.4,114.2 inv=123.7,98.0
frame=269 line=1 track=1 cross=0 circle=0(CIRCLE_NONE) round=0 yroad=0 ramp=0 road=2 speed=0 near=161/170 raw=157/170 sel=170/145 far=0/0 far_raw=0/0 l=0@-1/0@-1 far_l=0@-1/0@-1 straight=1/1 far_straight=0/0 circle_cnt=0/0/0/0 lost=0/0 conf=2.3/5.3/0.0/0.0 dist=0 begin=0/0 m0=(84,119) ml=(78,80) md=41/1/204 cxcy=84.0,119.6 guide=3.73 atg=-3.0/0.0/0.0 pure=0.70/0.19 yaw=-127 cmd=-409 actual=14 signed=0 rps=5476/4354:6566/6523 duty=11/9 pwm=PWM2:11/PWM1:9 motor=2:11/1:9
CrossDiag: type=CROSS_NONE track=1 half_lr=0/0 nearL=0@-1/0@-1 nearNum=161/170 centerNum=161/170 farL=0@-1/0@-1 farNum=0/0 farRaw=0/0 lost=0/0 not_have=0 final=170/145 flags=0/0
LineErr: aim=41 cxcy=84.0,119.6 left=1:2.67@81,70 dx=-3.4 idx=0/20 dist=40/415 right=1:4.80@78,77 dx=-5.5 idx=0/17 dist=40/313 sel=1:4.64@79,75 dx=-5.5 idx=0/20 dist=40/288 edge=1:3.17@80.0,70.0 dx=-4.0 width=50.0 l=55,70 r=105,70
CxScan: raw_ref=80.0 edge=80.0,70.0 best_raw_x=70 best_err=0.15 best_cxcy=80.2,119.5 scan=0:-20.2,10:-17.5,20:-14.7,30:-11.8,40:-8.9,50:-5.9,60:-2.9,70:0.2,80:3.2,90:6.2,100:9.1,110:12.0,120:14.9,130:17.6,140:20.3
ATGSeedDiag: seed=1@8,108/1@128,108 begin=7,108 block=5 clip=8
ATGLptDiag: best=1(2.3) imip=0/11 pass=10110 acc=-1 ipm=54.6,113.8 inv=13.8,97.9 | 1(5.3) imip=0/11 pass=10111 acc=-1 ipm=104.4,114.2 inv=123.7,98.0
frame=270 line=1 track=1 cross=0 circle=0(CIRCLE_NONE) round=0 yroad=0 ramp=0 road=2 speed=0 near=160/170 raw=156/170 sel=170/145 far=0/0 far_raw=0/0 l=0@-1/0@-1 far_l=0@-1/0@-1 straight=1/1 far_straight=0/0 circle_cnt=0/0/0/0 lost=0/0 conf=3.9/3.9/0.0/0.0 dist=0 begin=0/0 m0=(84,119) ml=(78,80) md=41/1/204 cxcy=84.0,119.6 guide=3.60 atg=-3.0/0.0/0.0 pure=0.67/0.19 yaw=-123 cmd=-410 actual=21 signed=0 rps=5481/4356:6655/6802 duty=11/9 pwm=PWM2:11/PWM1:9 motor=2:11/1:9
CrossDiag: type=CROSS_NONE track=1 half_lr=0/0 nearL=0@-1/0@-1 nearNum=160/170 centerNum=160/170 farL=0@-1/0@-1 farNum=0/0 farRaw=0/0 lost=0/0 not_have=0 final=170/145 flags=0/0
LineErr: aim=41 cxcy=84.0,119.6 left=1:2.66@81,69 dx=-3.4 idx=0/20 dist=40/424 right=1:4.63@79,77 dx=-5.4 idx=0/17 dist=40/312 sel=1:4.52@79,75 dx=-5.3 idx=0/20 dist=40/288 edge=1:3.17@80.0,70.0 dx=-4.0 width=50.0 l=55,70 r=105,70
CxScan: raw_ref=80.0 edge=80.0,70.0 best_raw_x=70 best_err=0.15 best_cxcy=80.2,119.5 scan=0:-20.2,10:-17.5,20:-14.7,30:-11.8,40:-8.9,50:-5.9,60:-2.9,70:0.2,80:3.2,90:6.2,100:9.1,110:12.0,120:14.9,130:17.6,140:20.3
ATGSeedDiag: seed=1@9,108/1@128,108 begin=7,108 block=5 clip=8
ATGLptDiag: best=1(3.9) imip=0/11 pass=10111 acc=-1 ipm=54.6,113.8 inv=13.8,98.0 | 1(3.9) imip=0/11 pass=10111 acc=-1 ipm=104.4,114.2 inv=123.7,97.9
frame=271 line=1 track=1 cross=0 circle=0(CIRCLE_NONE) round=0 yroad=0 ramp=0 road=2 speed=0 near=163/170 raw=157/170 sel=170/147 far=0/0 far_raw=0/0 l=0@-1/0@-1 far_l=0@-1/0@-1 straight=1/1 far_straight=0/0 circle_cnt=0/0/0/0 lost=0/0 conf=9.7/3.8/0.0/0.0 dist=0 begin=0/0 m0=(84,119) ml=(79,80) md=41/1/206 cxcy=84.0,119.6 guide=3.47 atg=-3.0/0.0/0.0 pure=0.67/0.17 yaw=-118 cmd=-407 actual=26 signed=0 rps=5479/4364:6624/6910 duty=11/9 pwm=PWM2:11/PWM1:9 motor=2:11/1:9
CrossDiag: type=CROSS_NONE track=1 half_lr=0/0 nearL=0@-1/0@-1 nearNum=163/170 centerNum=163/170 farL=0@-1/0@-1 farNum=0/0 farRaw=0/0 lost=0/0 not_have=0 final=170/147 flags=0/0
LineErr: aim=41 cxcy=84.0,119.6 left=1:2.84@80,69 dx=-3.6 idx=0/20 dist=40/429 right=1:4.57@79,77 dx=-5.3 idx=0/17 dist=40/318 sel=1:4.49@79,75 dx=-5.3 idx=0/20 dist=40/292 edge=1:3.56@79.5,70.0 dx=-4.5 width=51.0 l=54,70 r=105,70
CxScan: raw_ref=80.0 edge=79.5,70.0 best_raw_x=70 best_err=0.54 best_cxcy=80.2,119.5 scan=0:-19.9,10:-17.1,20:-14.3,30:-11.4,40:-8.5,50:-5.5,60:-2.5,70:0.5,80:3.6,90:6.6,100:9.5,110:12.4,120:15.2,130:18.0,140:20.7
ATGSeedDiag: seed=1@9,108/1@128,108 begin=7,108 block=5 clip=8
ATGLptDiag: best=1(9.7) imip=0/11 pass=10111 acc=-1 ipm=54.3,113.8 inv=13.2,98.1 | 2(3.8) imip=0/12 pass=10111 acc=-1 ipm=104.6,111.9 inv=120.9,91.4
frame=272 line=1 track=1 cross=0 circle=0(CIRCLE_NONE) round=0 yroad=0 ramp=0 road=2 speed=0 near=170/170 raw=157/170 sel=170/155 far=0/0 far_raw=0/0 l=0@-1/0@-1 far_l=0@-1/0@-1 straight=1/1 far_straight=0/0 circle_cnt=0/0/0/0 lost=0/0 conf=2.5/4.8/0.0/0.0 dist=0 begin=0/0 m0=(84,119) ml=(79,80) md=41/1/207 cxcy=84.0,119.6 guide=3.21 atg=-2.0/0.0/0.0 pure=0.63/0.15 yaw=-109 cmd=-394 actual=33 signed=0 rps=5467/4387:6106/6344 duty=11/9 pwm=PWM2:11/PWM1:9 motor=2:11/1:9
CrossDiag: type=CROSS_NONE track=1 half_lr=0/0 nearL=0@-1/0@-1 nearNum=170/170 centerNum=170/170 farL=0@-1/0@-1 farNum=0/0 farRaw=0/0 lost=0/0 not_have=0 final=170/155 flags=0/0
LineErr: aim=41 cxcy=84.0,119.6 left=1:3.15@80,70 dx=-4.0 idx=0/20 dist=40/440 right=1:4.55@79,76 dx=-5.3 idx=0/17 dist=40/329 sel=1:4.48@79,75 dx=-5.3 idx=0/20 dist=40/308 edge=1:3.56@79.5,70.0 dx=-4.5 width=51.0 l=54,70 r=105,70
CxScan: raw_ref=80.0 edge=79.5,70.0 best_raw_x=70 best_err=0.54 best_cxcy=80.2,119.5 scan=0:-19.9,10:-17.1,20:-14.3,30:-11.4,40:-8.5,50:-5.5,60:-2.5,70:0.5,80:3.6,90:6.6,100:9.5,110:12.4,120:15.2,130:18.0,140:20.7
ATGSeedDiag: seed=1@8,108/1@128,108 begin=7,108 block=5 clip=8
ATGLptDiag: best=4(2.5) imip=0/14 pass=10111 acc=-1 ipm=54.0,106.8 inv=22.0,80.5 | 1(4.8) imip=0/11 pass=10111 acc=-1 ipm=104.4,114.2 inv=123.7,98.0
frame=273 line=1 track=1 cross=0 circle=0(CIRCLE_NONE) round=0 yroad=0 ramp=0 road=2 speed=0 near=170/150 raw=157/127 sel=150/143 far=0/0 far_raw=0/0 l=0@-1/0@-1 far_l=0@-1/0@-1 straight=1/1 far_straight=0/0 circle_cnt=0/0/0/0 lost=0/0 conf=3.9/3.4/0.0/0.0 dist=0 begin=0/0 m0=(84,119) ml=(79,80) md=41/1/207 cxcy=84.0,119.6 guide=3.47 atg=-2.0/0.0/0.0 pure=0.63/0.17 yaw=-118 cmd=-419 actual=32 signed=0 rps=5495/4348:6273/6361 duty=11/9 pwm=PWM2:11/PWM1:9 motor=2:11/1:9
CrossDiag: type=CROSS_NONE track=1 half_lr=0/0 nearL=0@-1/0@-1 nearNum=170/150 centerNum=170/150 farL=0@-1/0@-1 farNum=0/0 farRaw=0/0 lost=0/0 not_have=0 final=150/143 flags=0/0
LineErr: aim=41 cxcy=84.0,119.6 left=1:3.45@80,69 dx=-4.4 idx=0/20 dist=40/444 right=1:4.55@79,76 dx=-5.3 idx=0/17 dist=40/312 sel=1:4.49@79,75 dx=-5.3 idx=0/20 dist=40/284 edge=1:3.95@79.0,70.0 dx=-5.0 width=52.0 l=53,70 r=105,70
CxScan: raw_ref=80.0 edge=79.0,70.0 best_raw_x=65 best_err=-0.57 best_cxcy=78.3,119.5 scan=0:-19.5,10:-16.8,20:-13.9,30:-11.0,40:-8.1,50:-5.1,60:-2.1,70:0.9,80:4.0,90:6.9,100:9.9,110:12.8,120:15.6,130:18.3,140:21.0
ATGSeedDiag: seed=1@8,108/1@128,108 begin=7,108 block=5 clip=8
ATGLptDiag: best=1(3.9) imip=0/11 pass=10111 acc=-1 ipm=54.1,113.8 inv=12.8,98.0 | 1(3.4) imip=0/11 pass=10111 acc=-1 ipm=104.4,114.2 inv=123.6,97.9
frame=274 line=1 track=1 cross=0 circle=0(CIRCLE_NONE) round=0 yroad=0 ramp=0 road=2 speed=0 near=170/152 raw=157/128 sel=152/145 far=0/0 far_raw=0/0 l=0@-1/0@-1 far_l=0@-1/0@-1 straight=1/1 far_straight=0/0 circle_cnt=0/0/0/0 lost=0/0 conf=7.5/2.0/0.0/0.0 dist=0 begin=0/0 m0=(84,119) ml=(78,80) md=41/1/208 cxcy=84.0,119.6 guide=3.76 atg=-3.0/0.0/0.0 pure=0.66/0.17 yaw=-128 cmd=-432 actual=24 signed=0 rps=5507/4323:6174/6083 duty=11/10 pwm=PWM2:11/PWM1:10 motor=2:11/1:10
CrossDiag: type=CROSS_NONE track=1 half_lr=0/0 nearL=0@-1/0@-1 nearNum=170/152 centerNum=170/152 farL=0@-1/0@-1 farNum=0/0 farRaw=0/0 lost=0/0 not_have=0 final=152/145 flags=0/0
LineErr: aim=41 cxcy=84.0,119.6 left=1:3.45@80,69 dx=-4.4 idx=0/20 dist=40/437 right=1:4.77@78,76 dx=-5.5 idx=0/17 dist=40/318 sel=1:4.67@79,76 dx=-5.5 idx=0/20 dist=40/288 edge=1:3.95@79.0,70.0 dx=-5.0 width=52.0 l=53,70 r=105,70
CxScan: raw_ref=80.0 edge=79.0,70.0 best_raw_x=65 best_err=-0.57 best_cxcy=78.3,119.5 scan=0:-19.5,10:-16.8,20:-13.9,30:-11.0,40:-8.1,50:-5.1,60:-2.1,70:0.9,80:4.0,90:6.9,100:9.9,110:12.8,120:15.6,130:18.3,140:21.0
ATGSeedDiag: seed=1@8,108/1@128,108 begin=7,108 block=5 clip=8
ATGLptDiag: best=1(7.5) imip=0/11 pass=10111 acc=-1 ipm=53.9,113.8 inv=12.4,98.0 | 2(2.0) imip=0/12 pass=10111 acc=-1 ipm=104.4,111.9 inv=120.4,91.4
frame=275 line=1 track=1 cross=0 circle=0(CIRCLE_NONE) round=0 yroad=0 ramp=0 road=2 speed=0 near=164/170 raw=156/170 sel=170/153 far=0/0 far_raw=0/0 l=0@-1/0@-1 far_l=0@-1/0@-1 straight=1/1 far_straight=0/0 circle_cnt=0/0/0/0 lost=0/0 conf=3.4/2.0/0.0/0.0 dist=0 begin=0/0 m0=(84,119) ml=(78,80) md=41/1/204 cxcy=84.0,119.6 guide=4.02 atg=-3.0/0.0/0.0 pure=0.70/0.19 yaw=-321 cmd=-721 actual=2 signed=0 rps=5774/3797:6658/6475 duty=12/7 pwm=PWM2:12/PWM1:7 motor=2:12/1:7
CrossDiag: type=CROSS_NONE track=1 half_lr=0/0 nearL=0@-1/0@-1 nearNum=164/170 centerNum=164/170 farL=0@-1/0@-1 farNum=0/0 farRaw=0/0 lost=0/0 not_have=0 final=170/153 flags=0/0
LineErr: aim=41 cxcy=84.0,119.6 left=1:3.46@80,70 dx=-4.4 idx=0/20 dist=40/430 right=1:4.92@78,76 dx=-5.7 idx=0/17 dist=40/328 sel=1:4.83@78,76 dx=-5.7 idx=0/20 dist=40/304 edge=1:3.95@79.0,70.0 dx=-5.0 width=52.0 l=53,70 r=105,70
CxScan: raw_ref=80.0 edge=79.0,70.0 best_raw_x=65 best_err=-0.57 best_cxcy=78.3,119.5 scan=0:-19.5,10:-16.8,20:-13.9,30:-11.0,40:-8.1,50:-5.1,60:-2.1,70:0.9,80:4.0,90:6.9,100:9.9,110:12.8,120:15.6,130:18.3,140:21.0
ATGSeedDiag: seed=1@8,108/1@128,108 begin=7,108 block=5 clip=8
ATGLptDiag: best=1(3.4) imip=0/11 pass=10111 acc=-1 ipm=54.1,113.8 inv=12.8,98.0 | 1(2.0) imip=0/11 pass=10111 acc=-1 ipm=104.2,114.2 inv=123.2,97.9
frame=277 line=1 track=1 cross=0 circle=0(CIRCLE_NONE) round=0 yroad=0 ramp=0 road=2 speed=0 near=152/170 raw=155/170 sel=170/146 far=0/0 far_raw=0/0 l=0@-1/0@-1 far_l=0@-1/0@-1 straight=1/1 far_straight=0/0 circle_cnt=0/0/0/0 lost=0/0 conf=5.7/2.1/0.0/0.0 dist=0 begin=0/0 m0=(84,119) ml=(78,80) md=41/1/202 cxcy=84.0,119.6 guide=4.02 atg=-3.0/0.0/0.0 pure=0.74/0.22 yaw=-321 cmd=-721 actual=-61 signed=0 rps=5774/3797:6776/6634 duty=12/7 pwm=PWM2:12/PWM1:7 motor=2:12/1:7
CrossDiag: type=CROSS_NONE track=1 half_lr=0/0 nearL=0@-1/0@-1 nearNum=152/170 centerNum=152/170 farL=0@-1/0@-1 farNum=0/0 farRaw=0/0 lost=0/0 not_have=0 final=170/146 flags=0/0
LineErr: aim=41 cxcy=84.0,119.6 left=1:3.07@80,70 dx=-3.9 idx=0/20 dist=40/407 right=1:5.28@78,77 dx=-6.1 idx=0/17 dist=40/319 sel=1:5.16@78,76 dx=-6.1 idx=0/20 dist=40/290 edge=1:3.95@79.0,70.0 dx=-5.0 width=50.0 l=54,70 r=104,70
CxScan: raw_ref=80.0 edge=79.0,70.0 best_raw_x=65 best_err=-0.57 best_cxcy=78.3,119.5 scan=0:-19.5,10:-16.8,20:-13.9,30:-11.0,40:-8.1,50:-5.1,60:-2.1,70:0.9,80:4.0,90:6.9,100:9.9,110:12.8,120:15.6,130:18.3,140:21.0
ATGSeedDiag: seed=1@8,108/1@128,108 begin=7,108 block=5 clip=8
ATGLptDiag: best=1(5.7) imip=0/11 pass=10111 acc=-1 ipm=54.2,113.8 inv=12.9,98.0 | 16(2.1) imip=6/26 pass=10111 acc=-1 ipm=103.9,79.4 inv=97.3,45.0
frame=278 line=1 track=1 cross=0 circle=0(CIRCLE_NONE) round=0 yroad=0 ramp=0 road=2 speed=0 near=154/170 raw=155/170 sel=170/148 far=0/0 far_raw=0/0 l=0@-1/0@-1 far_l=0@-1/0@-1 straight=1/1 far_straight=0/0 circle_cnt=0/0/0/0 lost=0/0 conf=3.8/2.4/0.0/0.0 dist=0 begin=0/0 m0=(84,119) ml=(78,80) md=41/1/202 cxcy=84.0,119.6 guide=4.02 atg=-3.0/0.0/0.0 pure=0.74/0.22 yaw=-321 cmd=-721 actual=-75 signed=0 rps=5774/3797:6974/6826 duty=11/6 pwm=PWM2:11/PWM1:6 motor=2:11/1:6
CrossDiag: type=CROSS_NONE track=1 half_lr=0/0 nearL=0@-1/0@-1 nearNum=154/170 centerNum=154/170 farL=0@-1/0@-1 farNum=0/0 farRaw=0/0 lost=0/0 not_have=0 final=170/148 flags=0/0
LineErr: aim=41 cxcy=84.0,119.6 left=1:3.07@80,70 dx=-3.9 idx=0/20 dist=40/403 right=1:4.97@78,77 dx=-5.7 idx=0/17 dist=40/322 sel=1:4.90@78,76 dx=-5.8 idx=0/20 dist=40/294 edge=1:3.95@79.0,70.0 dx=-5.0 width=50.0 l=54,70 r=104,70
CxScan: raw_ref=80.0 edge=79.0,70.0 best_raw_x=65 best_err=-0.57 best_cxcy=78.3,119.5 scan=0:-19.5,10:-16.8,20:-13.9,30:-11.0,40:-8.1,50:-5.1,60:-2.1,70:0.9,80:4.0,90:6.9,100:9.9,110:12.8,120:15.6,130:18.3,140:21.0
ATGSeedDiag: seed=1@8,108/1@128,108 begin=7,108 block=5 clip=8
ATGLptDiag: best=1(3.8) imip=0/11 pass=10111 acc=-1 ipm=54.2,113.8 inv=12.9,98.0 | 1(2.4) imip=0/11 pass=10111 acc=-1 ipm=104.2,114.2 inv=123.2,97.9
frame=279 line=1 track=1 cross=0 circle=0(CIRCLE_NONE) round=0 yroad=0 ramp=0 road=2 speed=0 near=160/170 raw=155/170 sel=170/155 far=0/0 far_raw=0/0 l=0@-1/0@-1 far_l=0@-1/0@-1 straight=1/1 far_straight=0/0 circle_cnt=0/0/0/0 lost=0/0 conf=3.6/2.8/0.0/0.0 dist=0 begin=0/0 m0=(84,119) ml=(78,80) md=41/1/204 cxcy=84.0,119.6 guide=3.63 atg=-3.0/0.0/0.0 pure=0.67/0.17 yaw=-123 cmd=-165 actual=-102 signed=0 rps=5144/4692:6579/6546 duty=10/10 pwm=PWM2:10/PWM1:10 motor=2:10/1:10
CrossDiag: type=CROSS_NONE track=1 half_lr=0/0 nearL=0@-1/0@-1 nearNum=160/170 centerNum=160/170 farL=0@-1/0@-1 farNum=0/0 farRaw=0/0 lost=0/0 not_have=0 final=170/155 flags=0/0
LineErr: aim=41 cxcy=84.0,119.6 left=1:3.06@80,69 dx=-3.9 idx=0/20 dist=40/422 right=1:4.61@79,76 dx=-5.4 idx=0/17 dist=40/347 sel=1:4.54@79,76 dx=-5.3 idx=0/20 dist=40/308 edge=1:3.56@79.5,70.0 dx=-4.5 width=51.0 l=54,70 r=105,70
CxScan: raw_ref=80.0 edge=79.5,70.0 best_raw_x=70 best_err=0.54 best_cxcy=80.2,119.5 scan=0:-19.9,10:-17.1,20:-14.3,30:-11.4,40:-8.5,50:-5.5,60:-2.5,70:0.5,80:3.6,90:6.6,100:9.5,110:12.4,120:15.2,130:18.0,140:20.7
ATGSeedDiag: seed=1@8,108/1@128,108 begin=7,108 block=5 clip=8
ATGLptDiag: best=1(3.6) imip=0/11 pass=10111 acc=-1 ipm=54.1,113.8 inv=12.8,98.0 | 2(2.8) imip=0/12 pass=10111 acc=-1 ipm=104.4,111.9 inv=120.5,91.4
frame=280 line=1 track=1 cross=0 circle=0(CIRCLE_NONE) round=0 yroad=0 ramp=0 road=2 speed=0 near=163/170 raw=156/170 sel=170/147 far=0/0 far_raw=0/0 l=0@-1/0@-1 far_l=0@-1/0@-1 straight=1/1 far_straight=0/0 circle_cnt=0/0/0/0 lost=0/0 conf=3.9/1.6/0.0/0.0 dist=0 begin=0/0 m0=(84,119) ml=(78,80) md=41/1/206 cxcy=84.0,119.6 guide=3.61 atg=-3.0/0.0/0.0 pure=0.66/0.17 yaw=-123 cmd=-129 actual=-120 signed=0 rps=5095/4741:6601/6691 duty=9/10 pwm=PWM2:9/PWM1:10 motor=2:9/1:10
CrossDiag: type=CROSS_NONE track=1 half_lr=0/0 nearL=0@-1/0@-1 nearNum=163/170 centerNum=163/170 farL=0@-1/0@-1 farNum=0/0 farRaw=0/0 lost=0/0 not_have=0 final=170/147 flags=0/0
LineErr: aim=41 cxcy=84.0,119.6 left=1:3.46@80,70 dx=-4.4 idx=0/20 dist=40/429 right=1:4.62@79,77 dx=-5.4 idx=0/17 dist=40/316 sel=1:4.53@79,76 dx=-5.3 idx=0/20 dist=40/292 edge=1:3.95@79.0,70.0 dx=-5.0 width=52.0 l=53,70 r=105,70
CxScan: raw_ref=80.0 edge=79.0,70.0 best_raw_x=65 best_err=-0.57 best_cxcy=78.3,119.5 scan=0:-19.5,10:-16.8,20:-13.9,30:-11.0,40:-8.1,50:-5.1,60:-2.1,70:0.9,80:4.0,90:6.9,100:9.9,110:12.8,120:15.6,130:18.3,140:21.0
ATGSeedDiag: seed=1@8,108/1@128,108 begin=7,108 block=5 clip=8
ATGLptDiag: best=1(3.9) imip=0/11 pass=10111 acc=-1 ipm=54.1,113.8 inv=12.8,98.0 | 2(1.6) imip=0/12 pass=10111 acc=-1 ipm=104.4,111.9 inv=120.4,91.4
frame=281 line=1 track=1 cross=0 circle=0(CIRCLE_NONE) round=0 yroad=0 ramp=0 road=2 speed=0 near=162/170 raw=156/170 sel=170/144 far=0/0 far_raw=0/0 l=0@-1/0@-1 far_l=0@-1/0@-1 straight=1/1 far_straight=0/0 circle_cnt=0/0/0/0 lost=0/0 conf=3.7/1.5/0.0/0.0 dist=0 begin=0/0 m0=(84,119) ml=(79,80) md=41/1/205 cxcy=84.0,119.6 guide=3.49 atg=-2.0/0.0/0.0 pure=0.63/0.17 yaw=-118 cmd=-114 actual=-121 signed=0 rps=5078/4764:6108/6194 duty=10/11 pwm=PWM2:10/PWM1:11 motor=2:10/1:11
CrossDiag: type=CROSS_NONE track=1 half_lr=0/0 nearL=0@-1/0@-1 nearNum=162/170 centerNum=162/170 farL=0@-1/0@-1 farNum=0/0 farRaw=0/0 lost=0/0 not_have=0 final=170/144 flags=0/0
LineErr: aim=41 cxcy=84.0,119.6 left=1:3.34@80,70 dx=-4.3 idx=0/20 dist=40/421 right=1:4.55@79,76 dx=-5.3 idx=0/17 dist=40/315 sel=1:4.49@79,76 dx=-5.3 idx=0/20 dist=40/286 edge=1:3.56@79.5,70.0 dx=-4.5 width=51.0 l=54,70 r=105,70
CxScan: raw_ref=80.0 edge=79.5,70.0 best_raw_x=70 best_err=0.54 best_cxcy=80.2,119.5 scan=0:-19.9,10:-17.1,20:-14.3,30:-11.4,40:-8.5,50:-5.5,60:-2.5,70:0.5,80:3.6,90:6.6,100:9.5,110:12.4,120:15.2,130:18.0,140:20.7
ATGSeedDiag: seed=1@8,108/1@128,108 begin=7,108 block=5 clip=8
ATGLptDiag: best=1(3.7) imip=0/11 pass=10111 acc=-1 ipm=54.1,113.8 inv=12.8,98.0 | 13(1.5) imip=3/23 pass=10111 acc=-1 ipm=104.4,86.4 inv=100.7,51.0
frame=282 line=1 track=1 cross=0 circle=0(CIRCLE_NONE) round=0 yroad=0 ramp=0 road=2 speed=0 near=158/170 raw=155/170 sel=170/145 far=0/0 far_raw=0/0 l=0@-1/0@-1 far_l=0@-1/0@-1 straight=1/1 far_straight=0/0 circle_cnt=0/0/0/0 lost=0/0 conf=6.2/1.8/0.0/0.0 dist=0 begin=0/0 m0=(84,119) ml=(78,80) md=41/1/206 cxcy=84.0,119.6 guide=3.61 atg=-2.0/0.0/0.0 pure=0.64/0.17 yaw=-123 cmd=-144 actual=-112 signed=0 rps=5116/4720:6350/6256 duty=10/11 pwm=PWM2:10/PWM1:11 motor=2:10/1:11
CrossDiag: type=CROSS_NONE track=1 half_lr=0/0 nearL=0@-1/0@-1 nearNum=158/170 centerNum=158/170 farL=0@-1/0@-1 farNum=0/0 farRaw=0/0 lost=0/0 not_have=0 final=170/145 flags=0/0
LineErr: aim=41 cxcy=84.0,119.6 left=1:3.07@80,70 dx=-3.9 idx=0/20 dist=40/413 right=1:4.60@79,76 dx=-5.3 idx=0/17 dist=40/304 sel=1:4.53@79,76 dx=-5.3 idx=0/20 dist=40/288 edge=1:3.56@79.5,70.0 dx=-4.5 width=51.0 l=54,70 r=105,70
CxScan: raw_ref=80.0 edge=79.5,70.0 best_raw_x=70 best_err=0.54 best_cxcy=80.2,119.5 scan=0:-19.9,10:-17.1,20:-14.3,30:-11.4,40:-8.5,50:-5.5,60:-2.5,70:0.5,80:3.6,90:6.6,100:9.5,110:12.4,120:15.2,130:18.0,140:20.7
ATGSeedDiag: seed=1@8,108/1@128,108 begin=7,108 block=5 clip=8
ATGLptDiag: best=1(6.2) imip=0/11 pass=10111 acc=-1 ipm=54.1,113.8 inv=12.8,98.0 | 15(1.8) imip=5/25 pass=10111 acc=-1 ipm=104.5,81.7 inv=98.7,46.8
frame=283 line=1 track=1 cross=0 circle=0(CIRCLE_NONE) round=0 yroad=0 ramp=0 road=2 speed=0 near=150/170 raw=155/170 sel=170/145 far=0/0 far_raw=0/0 l=0@-1/0@-1 far_l=0@-1/0@-1 straight=1/1 far_straight=0/0 circle_cnt=0/0/0/0 lost=0/0 conf=9.9/1.9/0.0/0.0 dist=0 begin=0/0 m0=(84,119) ml=(78,80) md=41/1/204 cxcy=84.0,119.6 guide=3.76 atg=-3.0/0.0/0.0 pure=0.67/0.17 yaw=-128 cmd=-169 actual=-107 signed=0 rps=5147/4683:6562/6317 duty=10/11 pwm=PWM2:10/PWM1:11 motor=2:10/1:11
CrossDiag: type=CROSS_NONE track=1 half_lr=0/0 nearL=0@-1/0@-1 nearNum=150/170 centerNum=150/170 farL=0@-1/0@-1 farNum=0/0 farRaw=0/0 lost=0/0 not_have=0 final=170/145 flags=0/0
LineErr: aim=41 cxcy=84.0,119.6 left=1:2.68@81,70 dx=-3.4 idx=0/20 dist=40/399 right=1:4.77@78,76 dx=-5.5 idx=0/17 dist=40/314 sel=1:4.67@79,76 dx=-5.5 idx=0/20 dist=40/288 edge=1:3.17@80.0,70.0 dx=-4.0 width=50.0 l=55,70 r=105,70
CxScan: raw_ref=80.0 edge=80.0,70.0 best_raw_x=70 best_err=0.15 best_cxcy=80.2,119.5 scan=0:-20.2,10:-17.5,20:-14.7,30:-11.8,40:-8.9,50:-5.9,60:-2.9,70:0.2,80:3.2,90:6.2,100:9.1,110:12.0,120:14.9,130:17.6,140:20.3
ATGSeedDiag: seed=1@8,108/1@128,108 begin=7,108 block=5 clip=8
ATGLptDiag: best=78(9.9) imip=68/88 pass=10101 acc=-1 ipm=44.7,-63.7 inv=57.9,8.6 | 2(1.9) imip=0/12 pass=10111 acc=-1 ipm=104.4,111.9 inv=120.4,91.4
frame=284 line=1 track=1 cross=0 circle=0(CIRCLE_NONE) round=0 yroad=0 ramp=0 road=2 speed=0 near=148/170 raw=154/170 sel=170/145 far=0/0 far_raw=0/0 l=0@-1/0@-1 far_l=0@-1/0@-1 straight=1/1 far_straight=0/0 circle_cnt=0/0/0/0 lost=0/0 conf=28.4/7.8/0.0/0.0 dist=0 begin=0/0 m0=(84,119) ml=(78,80) md=41/1/206 cxcy=84.0,119.6 guide=3.61 atg=-2.0/0.0/0.0 pure=0.63/0.17 yaw=-123 cmd=-200 actual=-84 signed=0 rps=5192/4644:6441/6197 duty=10/11 pwm=PWM2:10/PWM1:11 motor=2:10/1:11
CrossDiag: type=CROSS_NONE track=1 half_lr=0/0 nearL=0@-1/0@-1 nearNum=148/170 centerNum=148/170 farL=0@-1/0@-1 farNum=0/0 farRaw=0/0 lost=0/0 not_have=0 final=170/145 flags=0/0
LineErr: aim=41 cxcy=84.0,119.6 left=1:2.68@81,70 dx=-3.4 idx=0/20 dist=40/394 right=1:4.60@79,76 dx=-5.3 idx=0/17 dist=40/316 sel=1:4.53@79,76 dx=-5.3 idx=0/20 dist=40/288 edge=1:3.15@80.0,69.5 dx=-4.0 width=50.0 l=55,69 r=105,70
CxScan: raw_ref=80.0 edge=80.0,69.5 best_raw_x=70 best_err=0.15 best_cxcy=80.2,119.5 scan=0:-20.1,10:-17.4,20:-14.6,30:-11.7,40:-8.8,50:-5.8,60:-2.9,70:0.1,80:3.1,90:6.1,100:9.1,110:11.9,120:14.8,130:17.5,140:20.2
ATGSeedDiag: seed=1@9,107/1@128,108 begin=7,108 block=5 clip=8
ATGLptDiag: best=77(28.4) imip=67/87 pass=10101 acc=-1 ipm=45.0,-61.5 inv=57.8,8.8 | 79(7.8) imip=69/89 pass=10101 acc=-1 ipm=104.5,-66.2 inv=79.9,8.3
frame=285 line=1 track=1 cross=0 circle=0(CIRCLE_NONE) round=0 yroad=0 ramp=0 road=2 speed=0 near=151/170 raw=154/170 sel=170/145 far=0/0 far_raw=0/0 l=0@-1/0@-1 far_l=0@-1/0@-1 straight=1/1 far_straight=0/0 circle_cnt=0/0/0/0 lost=0/0 conf=4.0/3.2/0.0/0.0 dist=0 begin=0/0 m0=(84,119) ml=(79,80) md=41/1/205 cxcy=84.0,119.6 guide=3.34 atg=-2.0/0.0/0.0 pure=0.60/0.17 yaw=-114 cmd=-207 actual=-67 signed=0 rps=5207/4641:6837/6745 duty=10/10 pwm=PWM2:10/PWM1:10 motor=2:10/1:10
CrossDiag: type=CROSS_NONE track=1 half_lr=0/0 nearL=0@-1/0@-1 nearNum=151/170 centerNum=151/170 farL=0@-1/0@-1 farNum=0/0 farRaw=0/0 lost=0/0 not_have=0 final=170/145 flags=0/0
LineErr: aim=41 cxcy=84.0,119.6 left=1:2.68@81,70 dx=-3.4 idx=0/20 dist=40/399 right=1:4.53@79,76 dx=-5.3 idx=0/17 dist=41/317 sel=1:4.46@79,75 dx=-5.2 idx=0/20 dist=40/288 edge=1:3.15@80.0,69.5 dx=-4.0 width=50.0 l=55,69 r=105,70
CxScan: raw_ref=80.0 edge=80.0,69.5 best_raw_x=70 best_err=0.15 best_cxcy=80.2,119.5 scan=0:-20.1,10:-17.4,20:-14.6,30:-11.7,40:-8.8,50:-5.8,60:-2.9,70:0.1,80:3.1,90:6.1,100:9.1,110:11.9,120:14.8,130:17.5,140:20.2
ATGSeedDiag: seed=1@9,107/1@128,108 begin=7,108 block=5 clip=8
ATGLptDiag: best=1(4.0) imip=0/11 pass=10111 acc=-1 ipm=54.3,113.5 inv=13.7,97.1 | 1(3.2) imip=0/11 pass=10111 acc=-1 ipm=104.4,114.2 inv=123.6,97.9
frame=286 line=1 track=1 cross=0 circle=0(CIRCLE_NONE) round=0 yroad=0 ramp=0 road=2 speed=0 near=154/170 raw=155/170 sel=170/145 far=0/0 far_raw=0/0 l=0@-1/0@-1 far_l=0@-1/0@-1 straight=1/1 far_straight=0/0 circle_cnt=0/0/0/0 lost=0/0 conf=3.5/6.2/0.0/0.0 dist=0 begin=0/0 m0=(84,119) ml=(79,80) md=41/1/207 cxcy=84.0,119.6 guide=3.08 atg=-2.0/0.0/0.0 pure=0.53/0.11 yaw=-105 cmd=-242 actual=-36 signed=0 rps=5262/4598:6647/6628 duty=10/10 pwm=PWM2:10/PWM1:10 motor=2:10/1:10
CrossDiag: type=CROSS_NONE track=1 half_lr=0/0 nearL=0@-1/0@-1 nearNum=154/170 centerNum=154/170 farL=0@-1/0@-1 farNum=0/0 farRaw=0/0 lost=0/0 not_have=0 final=170/145 flags=0/0
LineErr: aim=41 cxcy=84.0,119.6 left=1:2.85@80,70 dx=-3.6 idx=0/20 dist=40/408 right=1:4.42@79,76 dx=-5.2 idx=0/17 dist=40/316 sel=1:4.35@79,75 dx=-5.1 idx=0/20 dist=40/288 edge=1:3.56@79.5,70.0 dx=-4.5 width=51.0 l=54,70 r=105,70
CxScan: raw_ref=80.0 edge=79.5,70.0 best_raw_x=70 best_err=0.54 best_cxcy=80.2,119.5 scan=0:-19.9,10:-17.1,20:-14.3,30:-11.4,40:-8.5,50:-5.5,60:-2.5,70:0.5,80:3.6,90:6.6,100:9.5,110:12.4,120:15.2,130:18.0,140:20.7
ATGSeedDiag: seed=1@8,108/1@128,108 begin=7,108 block=5 clip=8
ATGLptDiag: best=1(3.5) imip=0/11 pass=10111 acc=-1 ipm=54.2,113.8 inv=13.1,98.0 | 79(6.2) imip=69/89 pass=10101 acc=-1 ipm=107.7,-66.4 inv=81.0,8.3
frame=288 line=1 track=1 cross=0 circle=0(CIRCLE_NONE) round=0 yroad=0 ramp=0 road=2 speed=0 near=153/170 raw=154/170 sel=170/146 far=0/0 far_raw=0/0 l=0@-1/0@-1 far_l=0@-1/0@-1 straight=1/1 far_straight=0/0 circle_cnt=0/0/0/0 lost=0/0 conf=9.9/4.6/0.0/0.0 dist=0 begin=0/0 m0=(84,119) ml=(79,80) md=41/1/207 cxcy=84.0,119.6 guide=3.08 atg=-2.0/0.0/0.0 pure=0.58/0.11 yaw=-105 cmd=-346 actual=16 signed=0 rps=5405/4455:6926/6982 duty=10/9 pwm=PWM2:10/PWM1:9 motor=2:10/1:9
CrossDiag: type=CROSS_NONE track=1 half_lr=0/0 nearL=0@-1/0@-1 nearNum=153/170 centerNum=153/170 farL=0@-1/0@-1 farNum=0/0 farRaw=0/0 lost=0/0 not_have=0 final=170/146 flags=0/0
LineErr: aim=41 cxcy=84.0,119.6 left=1:2.83@80,69 dx=-3.6 idx=0/20 dist=40/410 right=1:4.43@79,76 dx=-5.2 idx=0/17 dist=41/316 sel=1:4.35@79,75 dx=-5.1 idx=0/20 dist=40/290 edge=1:3.53@79.5,69.5 dx=-4.5 width=51.0 l=54,69 r=105,70
CxScan: raw_ref=80.0 edge=79.5,69.5 best_raw_x=70 best_err=0.54 best_cxcy=80.2,119.5 scan=0:-19.7,10:-17.0,20:-14.2,30:-11.3,40:-8.4,50:-5.5,60:-2.5,70:0.5,80:3.5,90:6.5,100:9.4,110:12.3,120:15.1,130:17.9,140:20.5
ATGSeedDiag: seed=1@9,107/1@128,108 begin=7,108 block=5 clip=8
ATGLptDiag: best=1(9.9) imip=0/11 pass=10111 acc=-1 ipm=54.1,113.5 inv=13.2,97.2 | 1(4.6) imip=0/11 pass=10111 acc=-1 ipm=104.4,114.2 inv=123.7,98.0
frame=289 line=1 track=1 cross=0 circle=0(CIRCLE_NONE) round=0 yroad=0 ramp=0 road=2 speed=0 near=150/170 raw=154/170 sel=170/148 far=0/0 far_raw=0/0 l=0@-1/0@-1 far_l=0@-1/0@-1 straight=1/1 far_straight=0/0 circle_cnt=0/0/0/0 lost=0/0 conf=3.5/3.1/0.0/0.0 dist=0 begin=0/0 m0=(84,119) ml=(79,80) md=41/1/205 cxcy=84.0,119.6 guide=3.34 atg=-2.0/0.0/0.0 pure=0.58/0.15 yaw=-114 cmd=-382 actual=20 signed=0 rps=5448/4401:6366/6556 duty=11/9 pwm=PWM2:11/PWM1:9 motor=2:11/1:9
CrossDiag: type=CROSS_NONE track=1 half_lr=0/0 nearL=0@-1/0@-1 nearNum=150/170 centerNum=150/170 farL=0@-1/0@-1 farNum=0/0 farRaw=0/0 lost=0/0 not_have=0 final=170/148 flags=0/0
LineErr: aim=41 cxcy=84.0,119.6 left=1:2.66@81,70 dx=-3.4 idx=0/20 dist=40/397 right=1:4.43@79,76 dx=-5.2 idx=0/17 dist=41/328 sel=1:4.35@79,75 dx=-5.1 idx=0/20 dist=40/294 edge=1:3.17@80.0,70.0 dx=-4.0 width=50.0 l=55,70 r=105,70
CxScan: raw_ref=80.0 edge=80.0,70.0 best_raw_x=70 best_err=0.15 best_cxcy=80.2,119.5 scan=0:-20.2,10:-17.5,20:-14.7,30:-11.8,40:-8.9,50:-5.9,60:-2.9,70:0.2,80:3.2,90:6.2,100:9.1,110:12.0,120:14.9,130:17.6,140:20.3
ATGSeedDiag: seed=1@8,108/1@128,108 begin=7,108 block=5 clip=8
ATGLptDiag: best=5(3.5) imip=0/15 pass=10111 acc=-1 ipm=53.8,104.5 inv=24.3,75.9 | 1(3.1) imip=0/11 pass=10111 acc=-1 ipm=104.4,114.2 inv=123.6,97.9
frame=290 line=1 track=1 cross=0 circle=0(CIRCLE_NONE) round=0 yroad=0 ramp=0 road=2 speed=0 near=142/170 raw=154/170 sel=170/145 far=0/0 far_raw=0/0 l=0@-1/0@-1 far_l=0@-1/0@-1 straight=1/1 far_straight=0/0 circle_cnt=0/0/0/0 lost=0/0 conf=3.6/7.4/0.0/0.0 dist=0 begin=0/0 m0=(84,119) ml=(79,80) md=41/1/205 cxcy=84.0,119.6 guide=3.47 atg=-2.0/0.0/0.0 pure=0.59/0.17 yaw=-118 cmd=-417 actual=32 signed=0 rps=5493/4349:6372/6574 duty=11/9 pwm=PWM2:11/PWM1:9 motor=2:11/1:9
CrossDiag: type=CROSS_NONE track=1 half_lr=0/0 nearL=0@-1/0@-1 nearNum=142/170 centerNum=142/170 farL=0@-1/0@-1 farNum=0/0 farRaw=0/0 lost=0/0 not_have=0 final=170/145 flags=0/0
LineErr: aim=41 cxcy=84.0,119.6 left=1:2.67@81,70 dx=-3.4 idx=0/20 dist=40/386 right=1:4.52@79,76 dx=-5.3 idx=0/17 dist=40/318 sel=1:4.48@79,75 dx=-5.3 idx=0/20 dist=40/288 edge=1:3.17@80.0,70.0 dx=-4.0 width=50.0 l=55,70 r=105,70
CxScan: raw_ref=80.0 edge=80.0,70.0 best_raw_x=70 best_err=0.15 best_cxcy=80.2,119.5 scan=0:-20.2,10:-17.5,20:-14.7,30:-11.8,40:-8.9,50:-5.9,60:-2.9,70:0.2,80:3.2,90:6.2,100:9.1,110:12.0,120:14.9,130:17.6,140:20.3
ATGSeedDiag: seed=1@8,108/1@128,108 begin=7,108 block=5 clip=8
ATGLptDiag: best=5(3.6) imip=0/15 pass=10110 acc=-1 ipm=53.9,104.5 inv=24.4,75.9 | 74(7.4) imip=64/84 pass=10101 acc=-1 ipm=106.2,-54.8 inv=81.0,9.3
frame=291 line=1 track=1 cross=0 circle=0(CIRCLE_NONE) round=0 yroad=0 ramp=0 road=2 speed=0 near=141/170 raw=155/170 sel=170/144 far=0/0 far_raw=0/0 l=0@-1/0@-1 far_l=0@-1/0@-1 straight=1/1 far_straight=0/0 circle_cnt=0/0/0/0 lost=0/0 conf=3.9/13.9/0.0/0.0 dist=0 begin=0/0 m0=(84,119) ml=(78,80) md=41/1/204 cxcy=84.0,119.6 guide=3.61 atg=-2.0/0.0/0.0 pure=0.64/0.17 yaw=-123 cmd=-433 actual=32 signed=0 rps=5512/4325:6034/6108 duty=12/9 pwm=PWM2:12/PWM1:9 motor=2:12/1:9
CrossDiag: type=CROSS_NONE track=1 half_lr=0/0 nearL=0@-1/0@-1 nearNum=141/170 centerNum=141/170 farL=0@-1/0@-1 farNum=0/0 farRaw=0/0 lost=0/0 not_have=0 final=170/144 flags=0/0
LineErr: aim=41 cxcy=84.0,119.6 left=1:2.63@81,70 dx=-3.3 idx=0/20 dist=40/375 right=1:4.60@79,76 dx=-5.3 idx=0/17 dist=40/316 sel=1:4.53@79,76 dx=-5.3 idx=0/20 dist=40/286 edge=1:3.17@80.0,70.0 dx=-4.0 width=50.0 l=55,70 r=105,70
CxScan: raw_ref=80.0 edge=80.0,70.0 best_raw_x=70 best_err=0.15 best_cxcy=80.2,119.5 scan=0:-20.2,10:-17.5,20:-14.7,30:-11.8,40:-8.9,50:-5.9,60:-2.9,70:0.2,80:3.2,90:6.2,100:9.1,110:12.0,120:14.9,130:17.6,140:20.3
ATGSeedDiag: seed=1@8,108/1@128,108 begin=7,108 block=5 clip=8
ATGLptDiag: best=4(3.9) imip=0/14 pass=10110 acc=-1 ipm=54.0,106.8 inv=22.0,80.5 | 77(13.9) imip=67/87 pass=10101 acc=-1 ipm=103.4,-61.5 inv=79.7,8.7
frame=292 line=1 track=1 cross=0 circle=0(CIRCLE_NONE) round=0 yroad=0 ramp=0 road=2 speed=0 near=142/170 raw=154/170 sel=170/144 far=0/0 far_raw=0/0 l=0@-1/0@-1 far_l=0@-1/0@-1 straight=1/1 far_straight=0/0 circle_cnt=0/0/0/0 lost=0/0 conf=3.7/1.8/0.0/0.0 dist=0 begin=0/0 m0=(84,119) ml=(78,80) md=41/1/204 cxcy=84.0,119.6 guide=3.63 atg=-2.0/0.0/0.0 pure=0.64/0.17 yaw=-123 cmd=-413 actual=22 signed=0 rps=5484/4351:6389/6350 duty=11/9 pwm=PWM2:11/PWM1:9 motor=2:11/1:9
CrossDiag: type=CROSS_NONE track=1 half_lr=0/0 nearL=0@-1/0@-1 nearNum=142/170 centerNum=142/170 farL=0@-1/0@-1 farNum=0/0 farRaw=0/0 lost=0/0 not_have=0 final=170/144 flags=0/0
LineErr: aim=41 cxcy=84.0,119.6 left=1:2.55@81,70 dx=-3.3 idx=0/20 dist=40/382 right=1:4.60@79,76 dx=-5.3 idx=0/17 dist=40/309 sel=1:4.54@79,76 dx=-5.3 idx=0/20 dist=40/286 edge=1:3.17@80.0,70.0 dx=-4.0 width=50.0 l=55,70 r=105,70
CxScan: raw_ref=80.0 edge=80.0,70.0 best_raw_x=70 best_err=0.15 best_cxcy=80.2,119.5 scan=0:-20.2,10:-17.5,20:-14.7,30:-11.8,40:-8.9,50:-5.9,60:-2.9,70:0.2,80:3.2,90:6.2,100:9.1,110:12.0,120:14.9,130:17.6,140:20.3
ATGSeedDiag: seed=1@8,108/1@128,108 begin=7,108 block=5 clip=8
ATGLptDiag: best=5(3.7) imip=0/15 pass=10111 acc=-1 ipm=53.8,104.5 inv=24.3,75.9 | 15(1.8) imip=5/25 pass=10111 acc=-1 ipm=104.5,81.7 inv=98.7,46.8
frame=293 line=1 track=1 cross=0 circle=0(CIRCLE_NONE) round=0 yroad=0 ramp=0 road=2 speed=0 near=149/170 raw=155/170 sel=170/147 far=0/0 far_raw=0/0 l=0@-1/0@-1 far_l=0@-1/0@-1 straight=1/1 far_straight=0/0 circle_cnt=0/0/0/0 lost=0/0 conf=26.0/8.7/0.0/0.0 dist=0 begin=0/0 m0=(84,119) ml=(79,80) md=41/1/205 cxcy=84.0,119.6 guide=3.49 atg=-2.0/0.0/0.0 pure=0.59/0.17 yaw=-118 cmd=-392 actual=18 signed=0 rps=5459/4383:6423/6295 duty=11/9 pwm=PWM2:11/PWM1:9 motor=2:11/1:9
CrossDiag: type=CROSS_NONE track=1 half_lr=0/0 nearL=0@-1/0@-1 nearNum=149/170 centerNum=149/170 farL=0@-1/0@-1 farNum=0/0 farRaw=0/0 lost=0/0 not_have=0 final=170/147 flags=0/0
LineErr: aim=41 cxcy=84.0,119.6 left=1:2.89@80,70 dx=-3.7 idx=0/20 dist=40/393 right=1:4.73@79,78 dx=-5.3 idx=0/16 dist=40/330 sel=1:4.48@79,76 dx=-5.3 idx=0/20 dist=40/292 edge=1:3.56@79.5,70.0 dx=-4.5 width=51.0 l=54,70 r=105,70
CxScan: raw_ref=80.0 edge=79.5,70.0 best_raw_x=70 best_err=0.54 best_cxcy=80.2,119.5 scan=0:-19.9,10:-17.1,20:-14.3,30:-11.4,40:-8.5,50:-5.5,60:-2.5,70:0.5,80:3.6,90:6.6,100:9.5,110:12.4,120:15.2,130:18.0,140:20.7
ATGSeedDiag: seed=1@8,108/1@128,108 begin=7,108 block=5 clip=8
ATGLptDiag: best=78(26.0) imip=68/88 pass=10101 acc=-1 ipm=41.5,-62.8 inv=56.6,8.7 | 79(8.7) imip=69/89 pass=10101 acc=-1 ipm=104.6,-66.1 inv=79.9,8.3
frame=294 line=1 track=1 cross=0 circle=0(CIRCLE_NONE) round=0 yroad=0 ramp=0 road=2 speed=0 near=150/170 raw=154/170 sel=170/149 far=0/0 far_raw=0/0 l=0@-1/0@-1 far_l=0@-1/0@-1 straight=1/1 far_straight=0/0 circle_cnt=0/0/0/0 lost=0/0 conf=11.9/11.0/0.0/0.0 dist=0 begin=0/0 m0=(84,119) ml=(79,80) md=41/1/205 cxcy=84.0,119.6 guide=3.49 atg=-2.0/0.0/0.0 pure=0.59/0.17 yaw=-118 cmd=-376 actual=10 signed=0 rps=5437/4405:6843/6779 duty=10/9 pwm=PWM2:10/PWM1:9 motor=2:10/1:9
CrossDiag: type=CROSS_NONE track=1 half_lr=0/0 nearL=0@-1/0@-1 nearNum=150/170 centerNum=150/170 farL=0@-1/0@-1 farNum=0/0 farRaw=0/0 lost=0/0 not_have=0 final=170/149 flags=0/0
LineErr: aim=41 cxcy=84.0,119.6 left=1:3.01@80,70 dx=-3.8 idx=0/20 dist=40/395 right=1:4.73@79,78 dx=-5.3 idx=0/16 dist=40/327 sel=1:4.48@79,76 dx=-5.3 idx=0/20 dist=40/296 edge=1:3.56@79.5,70.0 dx=-4.5 width=51.0 l=54,70 r=105,70
CxScan: raw_ref=80.0 edge=79.5,70.0 best_raw_x=70 best_err=0.54 best_cxcy=80.2,119.5 scan=0:-19.9,10:-17.1,20:-14.3,30:-11.4,40:-8.5,50:-5.5,60:-2.5,70:0.5,80:3.6,90:6.6,100:9.5,110:12.4,120:15.2,130:18.0,140:20.7
ATGSeedDiag: seed=1@8,108/1@128,108 begin=7,108 block=5 clip=8
ATGLptDiag: best=77(11.9) imip=67/87 pass=10101 acc=-1 ipm=42.6,-61.1 inv=56.9,8.9 | 79(11.0) imip=69/89 pass=10101 acc=-1 ipm=104.6,-66.1 inv=79.9,8.3
frame=295 line=1 track=1 cross=0 circle=0(CIRCLE_NONE) round=0 yroad=0 ramp=0 road=2 speed=0 near=150/170 raw=154/170 sel=170/149 far=0/0 far_raw=0/0 l=0@-1/0@-1 far_l=0@-1/0@-1 straight=1/1 far_straight=0/0 circle_cnt=0/0/0/0 lost=0/0 conf=20.0/8.7/0.0/0.0 dist=0 begin=0/0 m0=(84,119) ml=(79,80) md=41/1/205 cxcy=84.0,119.6 guide=3.49 atg=-2.0/0.0/0.0 pure=0.60/0.17 yaw=-118 cmd=-344 actual=-6 signed=0 rps=5393/4449:7084/7036 duty=10/9 pwm=PWM2:10/PWM1:9 motor=2:10/1:9
CrossDiag: type=CROSS_NONE track=1 half_lr=0/0 nearL=0@-1/0@-1 nearNum=150/170 centerNum=150/170 farL=0@-1/0@-1 farNum=0/0 farRaw=0/0 lost=0/0 not_have=0 final=170/149 flags=0/0
LineErr: aim=41 cxcy=84.0,119.6 left=1:2.84@80,69 dx=-3.6 idx=0/20 dist=40/399 right=1:4.52@79,76 dx=-5.3 idx=0/17 dist=40/323 sel=1:4.49@79,76 dx=-5.3 idx=0/20 dist=40/296 edge=1:3.56@79.5,70.0 dx=-4.5 width=51.0 l=54,70 r=105,70
CxScan: raw_ref=80.0 edge=79.5,70.0 best_raw_x=70 best_err=0.54 best_cxcy=80.2,119.5 scan=0:-19.9,10:-17.1,20:-14.3,30:-11.4,40:-8.5,50:-5.5,60:-2.5,70:0.5,80:3.6,90:6.6,100:9.5,110:12.4,120:15.2,130:18.0,140:20.7
ATGSeedDiag: seed=1@8,108/1@128,108 begin=7,108 block=5 clip=8
ATGLptDiag: best=77(20.0) imip=67/87 pass=10101 acc=-1 ipm=42.6,-61.0 inv=56.9,8.9 | 79(8.7) imip=69/89 pass=10101 acc=-1 ipm=104.6,-66.1 inv=79.9,8.3
frame=296 line=1 track=1 cross=0 circle=0(CIRCLE_NONE) round=0 yroad=0 ramp=0 road=2 speed=0 near=143/170 raw=153/170 sel=170/146 far=0/0 far_raw=0/0 l=0@-1/0@-1 far_l=0@-1/0@-1 straight=1/1 far_straight=0/0 circle_cnt=0/0/0/0 lost=0/0 conf=7.9/1.6/0.0/0.0 dist=0 begin=0/0 m0=(84,119) ml=(78,80) md=41/1/204 cxcy=84.0,119.6 guide=3.63 atg=-2.0/0.0/0.0 pure=0.64/0.17 yaw=-123 cmd=-322 actual=-24 signed=0 rps=5360/4476:6797/6665 duty=10/9 pwm=PWM2:10/PWM1:9 motor=2:10/1:9
CrossDiag: type=CROSS_NONE track=1 half_lr=0/0 nearL=0@-1/0@-1 nearNum=143/170 centerNum=143/170 farL=0@-1/0@-1 farNum=0/0 farRaw=0/0 lost=0/0 not_have=0 final=170/146 flags=0/0
LineErr: aim=41 cxcy=84.0,119.6 left=1:2.85@80,70 dx=-3.6 idx=0/20 dist=40/386 right=1:4.60@79,76 dx=-5.3 idx=0/17 dist=40/316 sel=1:4.54@79,76 dx=-5.3 idx=0/20 dist=40/290 edge=1:3.56@79.5,70.0 dx=-4.5 width=51.0 l=54,70 r=105,70
CxScan: raw_ref=80.0 edge=79.5,70.0 best_raw_x=70 best_err=0.54 best_cxcy=80.2,119.5 scan=0:-19.9,10:-17.1,20:-14.3,30:-11.4,40:-8.5,50:-5.5,60:-2.5,70:0.5,80:3.6,90:6.6,100:9.5,110:12.4,120:15.2,130:18.0,140:20.7
ATGSeedDiag: seed=1@8,108/1@128,108 begin=7,108 block=5 clip=8
ATGLptDiag: best=2(7.9) imip=0/12 pass=10111 acc=-1 ipm=53.7,111.5 inv=15.5,91.5 | 1(1.6) imip=0/11 pass=10111 acc=-1 ipm=104.2,114.2 inv=123.2,97.9
frame=297 line=1 track=1 cross=0 circle=0(CIRCLE_NONE) round=0 yroad=0 ramp=0 road=2 speed=0 near=139/170 raw=153/170 sel=170/144 far=0/0 far_raw=0/0 l=0@-1/0@-1 far_l=0@-1/0@-1 straight=1/1 far_straight=0/0 circle_cnt=0/0/0/0 lost=0/0 conf=20.0/12.9/0.0/0.0 dist=0 begin=0/0 m0=(84,119) ml=(78,80) md=41/1/204 cxcy=84.0,119.6 guide=4.02 atg=-3.0/0.0/0.0 pure=0.67/0.19 yaw=-321 cmd=-721 actual=-40 signed=0 rps=5774/3797:6878/6872 duty=11/6 pwm=PWM2:11/PWM1:6 motor=2:11/1:6
CrossDiag: type=CROSS_NONE track=1 half_lr=0/0 nearL=0@-1/0@-1 nearNum=139/170 centerNum=139/170 farL=0@-1/0@-1 farNum=0/0 farRaw=0/0 lost=0/0 not_have=0 final=170/144 flags=0/0
LineErr: aim=41 cxcy=84.0,119.6 left=1:2.53@81,70 dx=-3.2 idx=0/20 dist=40/374 right=1:4.91@78,76 dx=-5.7 idx=0/17 dist=40/313 sel=1:4.83@78,76 dx=-5.7 idx=0/20 dist=40/286 edge=1:3.17@80.0,70.0 dx=-4.0 width=50.0 l=55,70 r=105,70
CxScan: raw_ref=80.0 edge=80.0,70.0 best_raw_x=70 best_err=0.15 best_cxcy=80.2,119.5 scan=0:-20.2,10:-17.5,20:-14.7,30:-11.8,40:-8.9,50:-5.9,60:-2.9,70:0.2,80:3.2,90:6.2,100:9.1,110:12.0,120:14.9,130:17.6,140:20.3
ATGSeedDiag: seed=1@8,108/1@128,108 begin=7,108 block=5 clip=8
ATGLptDiag: best=72(20.0) imip=62/82 pass=10101 acc=-1 ipm=44.8,-49.6 inv=57.0,9.9 | 74(12.9) imip=64/84 pass=10101 acc=-1 ipm=103.4,-54.5 inv=79.9,9.3
frame=298 line=1 track=1 cross=0 circle=0(CIRCLE_NONE) round=0 yroad=0 ramp=0 road=2 speed=0 near=138/170 raw=152/170 sel=170/143 far=0/0 far_raw=0/0 l=0@-1/0@-1 far_l=0@-1/0@-1 straight=1/1 far_straight=0/0 circle_cnt=0/0/0/0 lost=0/0 conf=26.9/7.8/0.0/0.0 dist=0 begin=0/0 m0=(84,119) ml=(78,80) md=41/1/204 cxcy=84.0,119.6 guide=4.02 atg=-3.0/0.0/0.0 pure=0.67/0.21 yaw=-321 cmd=-721 actual=-69 signed=0 rps=5774/3797:6409/6515 duty=12/7 pwm=PWM2:12/PWM1:7 motor=2:12/1:7
CrossDiag: type=CROSS_NONE track=1 half_lr=0/0 nearL=0@-1/0@-1 nearNum=138/170 centerNum=138/170 farL=0@-1/0@-1 farNum=0/0 farRaw=0/0 lost=0/0 not_have=0 final=170/143 flags=0/0
LineErr: aim=41 cxcy=84.0,119.6 left=1:2.48@81,70 dx=-3.2 idx=0/20 dist=40/374 right=1:4.94@78,76 dx=-5.7 idx=0/17 dist=40/316 sel=1:4.89@78,76 dx=-5.7 idx=0/20 dist=40/284 edge=1:3.17@80.0,70.0 dx=-4.0 width=50.0 l=55,70 r=105,70
CxScan: raw_ref=80.0 edge=80.0,70.0 best_raw_x=70 best_err=0.15 best_cxcy=80.2,119.5 scan=0:-20.2,10:-17.5,20:-14.7,30:-11.8,40:-8.9,50:-5.9,60:-2.9,70:0.2,80:3.2,90:6.2,100:9.1,110:12.0,120:14.9,130:17.6,140:20.3
ATGSeedDiag: seed=1@8,108/1@128,108 begin=7,108 block=5 clip=8
ATGLptDiag: best=73(26.9) imip=63/83 pass=10101 acc=-1 ipm=41.6,-51.1 inv=55.8,9.8 | 70(7.8) imip=60/80 pass=10101 acc=-1 ipm=104.7,-45.5 inv=80.9,10.2
frame=299 line=1 track=1 cross=0 circle=0(CIRCLE_NONE) round=0 yroad=0 ramp=0 road=2 speed=0 near=142/170 raw=153/170 sel=170/146 far=0/0 far_raw=0/0 l=0@-1/0@-1 far_l=0@-1/0@-1 straight=1/1 far_straight=0/0 circle_cnt=0/0/0/0 lost=0/0 conf=9.4/10.6/0.0/0.0 dist=0 begin=0/0 m0=(84,119) ml=(79,80) md=41/1/205 cxcy=84.0,119.6 guide=3.50 atg=-2.0/0.0/0.0 pure=0.59/0.15 yaw=-119 cmd=-197 actual=-80 signed=0 rps=5190/4651:6470/6599 duty=10/10 pwm=PWM2:10/PWM1:10 motor=2:10/1:10
CrossDiag: type=CROSS_NONE track=1 half_lr=0/0 nearL=0@-1/0@-1 nearNum=142/170 centerNum=142/170 farL=0@-1/0@-1 farNum=0/0 farRaw=0/0 lost=0/0 not_have=0 final=170/146 flags=0/0
LineErr: aim=41 cxcy=84.0,119.6 left=1:2.72@81,70 dx=-3.5 idx=0/20 dist=40/384 right=1:4.52@79,76 dx=-5.3 idx=0/17 dist=40/327 sel=1:4.47@79,76 dx=-5.3 idx=0/20 dist=40/290 edge=1:3.56@79.5,70.0 dx=-4.5 width=51.0 l=54,70 r=105,70
CxScan: raw_ref=80.0 edge=79.5,70.0 best_raw_x=70 best_err=0.54 best_cxcy=80.2,119.5 scan=0:-19.9,10:-17.1,20:-14.3,30:-11.4,40:-8.5,50:-5.5,60:-2.5,70:0.5,80:3.6,90:6.6,100:9.5,110:12.4,120:15.2,130:18.0,140:20.7
ATGSeedDiag: seed=1@8,108/1@128,108 begin=7,108 block=5 clip=8
ATGLptDiag: best=1(9.4) imip=0/11 pass=10111 acc=-1 ipm=53.8,113.8 inv=12.2,98.1 | 73(10.6) imip=63/83 pass=10101 acc=-1 ipm=105.7,-52.5 inv=81.0,9.5
frame=300 line=1 track=1 cross=0 circle=0(CIRCLE_NONE) round=0 yroad=0 ramp=0 road=2 speed=0 near=1/170 raw=170/170 sel=170/146 far=0/0 far_raw=0/0 l=0@-1/0@-1 far_l=0@-1/0@-1 straight=0/1 far_straight=0/0 circle_cnt=0/0/0/0 lost=0/0 conf=0.0/7.6/0.0/0.0 dist=0 begin=0/0 m0=(84,119) ml=(79,80) md=41/1/205 cxcy=84.0,119.6 guide=3.37 atg=-2.0/0.0/0.0 pure=0.59/0.15 yaw=-114 cmd=-157 actual=-93 signed=0 rps=5139/4708:6110/6094 duty=10/11 pwm=PWM2:10/PWM1:11 motor=2:10/1:11
CrossDiag: type=CROSS_NONE track=1 half_lr=0/0 nearL=0@-1/0@-1 nearNum=1/170 centerNum=1/170 farL=0@-1/0@-1 farNum=0/0 farRaw=0/0 lost=0/0 not_have=0 final=170/146 flags=0/0
LineErr: aim=41 cxcy=84.0,119.6 left=0:0.00@-1,-1 dx=0.0 idx=-1/-1 dist=-1/-1 right=1:4.52@79,76 dx=-5.3 idx=0/17 dist=40/321 sel=1:4.47@79,76 dx=-5.3 idx=0/20 dist=40/290 edge=0:0.00@-1.0,-1.0 dx=0.0 width=0.0 l=-1,-1 r=105,70
ATGSeedDiag: seed=1@57,108/1@128,108 begin=7,108 block=5 clip=8
ATGLptDiag: best=-1(-57295.8) imip=-1/-1 pass=00000 acc=-1 ipm=-1.0,-1.0 inv=-1.0,-1.0 | 73(7.6) imip=63/83 pass=10101 acc=-1 ipm=105.7,-52.5 inv=81.0,9.5
frame=301 line=1 track=1 cross=0 circle=0(CIRCLE_NONE) round=0 yroad=0 ramp=0 road=2 speed=0 near=139/170 raw=152/170 sel=170/144 far=0/0 far_raw=0/0 l=0@-1/0@-1 far_l=0@-1/0@-1 straight=1/1 far_straight=0/0 circle_cnt=0/0/0/0 lost=0/0 conf=22.6/8.9/0.0/0.0 dist=0 begin=0/0 m0=(84,119) ml=(79,80) md=41/1/205 cxcy=84.0,119.6 guide=3.37 atg=-2.0/0.0/0.0 pure=0.59/0.15 yaw=-114 cmd=-144 actual=-100 signed=0 rps=5121/4727:6488/6251 duty=10/11 pwm=PWM2:10/PWM1:11 motor=2:10/1:11
CrossDiag: type=CROSS_NONE track=1 half_lr=0/0 nearL=0@-1/0@-1 nearNum=139/170 centerNum=139/170 farL=0@-1/0@-1 farNum=0/0 farRaw=0/0 lost=0/0 not_have=0 final=170/144 flags=0/0
LineErr: aim=41 cxcy=84.0,119.6 left=1:2.59@81,70 dx=-3.3 idx=0/20 dist=40/377 right=1:4.52@79,76 dx=-5.3 idx=0/17 dist=40/317 sel=1:4.48@79,76 dx=-5.3 idx=0/20 dist=40/286 edge=1:3.17@80.0,70.0 dx=-4.0 width=50.0 l=55,70 r=105,70
CxScan: raw_ref=80.0 edge=80.0,70.0 best_raw_x=70 best_err=0.15 best_cxcy=80.2,119.5 scan=0:-20.2,10:-17.5,20:-14.7,30:-11.8,40:-8.9,50:-5.9,60:-2.9,70:0.2,80:3.2,90:6.2,100:9.1,110:12.0,120:14.9,130:17.6,140:20.3
ATGSeedDiag: seed=1@8,108/1@128,108 begin=7,108 block=5 clip=8
ATGLptDiag: best=73(22.6) imip=63/83 pass=10101 acc=-1 ipm=41.6,-51.1 inv=55.8,9.8 | 69(8.9) imip=59/79 pass=10101 acc=-1 ipm=107.0,-43.3 inv=81.9,10.4
frame=302 line=1 track=1 cross=0 circle=0(CIRCLE_NONE) round=0 yroad=0 ramp=0 road=2 speed=0 near=132/170 raw=152/170 sel=170/141 far=0/0 far_raw=0/0 l=0@-1/0@-1 far_l=0@-1/0@-1 straight=1/1 far_straight=0/0 circle_cnt=0/0/0/0 lost=0/0 conf=5.2/13.0/0.0/0.0 dist=0 begin=0/0 m0=(84,119) ml=(78,80) md=41/1/203 cxcy=84.0,119.6 guide=3.63 atg=-2.0/0.0/0.0 pure=0.64/0.17 yaw=-123 cmd=-186 actual=-92 signed=0 rps=5173/4663:6845/6528 duty=9/10 pwm=PWM2:9/PWM1:10 motor=2:9/1:10
CrossDiag: type=CROSS_NONE track=1 half_lr=0/0 nearL=0@-1/0@-1 nearNum=132/170 centerNum=132/170 farL=0@-1/0@-1 farNum=0/0 farRaw=0/0 lost=0/0 not_have=0 final=170/141 flags=0/0
LineErr: aim=41 cxcy=84.0,119.6 left=1:2.25@81,70 dx=-2.9 idx=0/20 dist=40/360 right=1:4.60@79,76 dx=-5.3 idx=0/17 dist=40/304 sel=1:4.53@79,76 dx=-5.3 idx=0/20 dist=40/280 edge=1:3.17@80.0,70.0 dx=-4.0 width=50.0 l=55,70 r=105,70
CxScan: raw_ref=80.0 edge=80.0,70.0 best_raw_x=70 best_err=0.15 best_cxcy=80.2,119.5 scan=0:-20.2,10:-17.5,20:-14.7,30:-11.8,40:-8.9,50:-5.9,60:-2.9,70:0.2,80:3.2,90:6.2,100:9.1,110:12.0,120:14.9,130:17.6,140:20.3
ATGSeedDiag: seed=1@8,108/1@128,108 begin=7,108 block=5 clip=8
ATGLptDiag: best=3(5.2) imip=0/13 pass=10110 acc=-1 ipm=53.8,109.2 inv=18.9,85.7 | 72(13.0) imip=62/82 pass=10101 acc=-1 ipm=102.5,-49.8 inv=79.8,9.8
frame=303 line=1 track=1 cross=0 circle=0(CIRCLE_NONE) round=0 yroad=0 ramp=0 road=2 speed=0 near=129/170 raw=151/170 sel=170/140 far=0/0 far_raw=0/0 l=0@-1/0@-1 far_l=0@-1/0@-1 straight=1/1 far_straight=0/0 circle_cnt=0/0/0/0 lost=0/0 conf=22.4/8.6/0.0/0.0 dist=0 begin=0/0 m0=(84,119) ml=(78,80) md=41/1/204 cxcy=84.0,119.6 guide=3.63 atg=-2.0/0.0/0.0 pure=0.64/0.17 yaw=-123 cmd=-228 actual=-71 signed=0 rps=5230/4605:6624/6438 duty=10/10 pwm=PWM2:10/PWM1:10 motor=2:10/1:10
CrossDiag: type=CROSS_NONE track=1 half_lr=0/0 nearL=0@-1/0@-1 nearNum=129/170 centerNum=129/170 farL=0@-1/0@-1 farNum=0/0 farRaw=0/0 lost=0/0 not_have=0 final=170/140 flags=0/0
LineErr: aim=41 cxcy=84.0,119.6 left=1:2.28@81,70 dx=-2.9 idx=0/20 dist=40/351 right=1:4.51@79,76 dx=-5.2 idx=0/17 dist=40/304 sel=1:4.42@79,76 dx=-5.2 idx=0/20 dist=40/278 edge=1:3.17@80.0,70.0 dx=-4.0 width=50.0 l=55,70 r=105,70
CxScan: raw_ref=80.0 edge=80.0,70.0 best_raw_x=70 best_err=0.15 best_cxcy=80.2,119.5 scan=0:-20.2,10:-17.5,20:-14.7,30:-11.8,40:-8.9,50:-5.9,60:-2.9,70:0.2,80:3.2,90:6.2,100:9.1,110:12.0,120:14.9,130:17.6,140:20.3
ATGSeedDiag: seed=1@8,108/1@128,108 begin=7,108 block=5 clip=8
ATGLptDiag: best=68(22.4) imip=58/78 pass=10101 acc=-1 ipm=44.4,-39.9 inv=56.1,10.9 | 74(8.6) imip=64/84 pass=10101 acc=-1 ipm=98.3,-53.5 inv=78.0,9.4
frame=304 line=1 track=1 cross=0 circle=0(CIRCLE_NONE) round=0 yroad=0 ramp=0 road=2 speed=0 near=132/170 raw=152/170 sel=170/142 far=0/0 far_raw=0/0 l=0@-1/0@-1 far_l=0@-1/0@-1 straight=1/1 far_straight=0/0 circle_cnt=0/0/0/0 lost=0/0 conf=13.2/10.6/0.0/0.0 dist=0 begin=0/0 m0=(84,119) ml=(79,80) md=41/1/205 cxcy=84.0,119.6 guide=3.37 atg=-2.0/0.0/0.0 pure=0.60/0.15 yaw=-114 cmd=-210 actual=-67 signed=0 rps=5211/4636:6959/6912 duty=9/10 pwm=PWM2:9/PWM1:10 motor=2:9/1:10
CrossDiag: type=CROSS_NONE track=1 half_lr=0/0 nearL=0@-1/0@-1 nearNum=132/170 centerNum=132/170 farL=0@-1/0@-1 farNum=0/0 farRaw=0/0 lost=0/0 not_have=0 final=170/142 flags=0/0
LineErr: aim=41 cxcy=84.0,119.6 left=1:2.28@81,70 dx=-2.9 idx=0/20 dist=40/362 right=1:4.44@79,76 dx=-5.2 idx=0/17 dist=40/308 sel=1:4.36@79,76 dx=-5.1 idx=0/20 dist=40/282 edge=1:3.17@80.0,70.0 dx=-4.0 width=50.0 l=55,70 r=105,70
CxScan: raw_ref=80.0 edge=80.0,70.0 best_raw_x=70 best_err=0.15 best_cxcy=80.2,119.5 scan=0:-20.2,10:-17.5,20:-14.7,30:-11.8,40:-8.9,50:-5.9,60:-2.9,70:0.2,80:3.2,90:6.2,100:9.1,110:12.0,120:14.9,130:17.6,140:20.3
ATGSeedDiag: seed=1@8,108/1@128,108 begin=7,108 block=5 clip=8
ATGLptDiag: best=67(13.2) imip=57/77 pass=10101 acc=-1 ipm=47.4,-38.3 inv=57.2,11.1 | 67(10.6) imip=57/77 pass=10101 acc=-1 ipm=106.6,-38.6 inv=82.0,10.9
frame=305 line=1 track=1 cross=0 circle=0(CIRCLE_NONE) round=0 yroad=0 ramp=0 road=2 speed=0 near=133/170 raw=152/170 sel=170/143 far=0/0 far_raw=0/0 l=0@-1/0@-1 far_l=0@-1/0@-1 straight=1/1 far_straight=0/0 circle_cnt=0/0/0/0 lost=0/0 conf=10.3/7.4/0.0/0.0 dist=0 begin=0/0 m0=(84,119) ml=(79,80) md=41/1/205 cxcy=84.0,119.6 guide=3.11 atg=-2.0/0.0/0.0 pure=0.59/0.13 yaw=-106 cmd=-236 actual=-40 signed=0 rps=5253/4606:6680/6643 duty=10/10 pwm=PWM2:10/PWM1:10 motor=2:10/1:10
CrossDiag: type=CROSS_NONE track=1 half_lr=0/0 nearL=0@-1/0@-1 nearNum=133/170 centerNum=133/170 farL=0@-1/0@-1 farNum=0/0 farRaw=0/0 lost=0/0 not_have=0 final=170/143 flags=0/0
LineErr: aim=41 cxcy=84.0,119.6 left=1:2.29@81,70 dx=-2.9 idx=0/20 dist=40/359 right=1:4.25@79,76 dx=-5.0 idx=0/17 dist=40/320 sel=1:4.20@79,76 dx=-4.9 idx=0/20 dist=40/284 edge=1:3.17@80.0,70.0 dx=-4.0 width=50.0 l=55,70 r=105,70
CxScan: raw_ref=80.0 edge=80.0,70.0 best_raw_x=70 best_err=0.15 best_cxcy=80.2,119.5 scan=0:-20.2,10:-17.5,20:-14.7,30:-11.8,40:-8.9,50:-5.9,60:-2.9,70:0.2,80:3.2,90:6.2,100:9.1,110:12.0,120:14.9,130:17.6,140:20.3
ATGSeedDiag: seed=1@8,108/1@127,108 begin=7,108 block=5 clip=8
ATGLptDiag: best=1(10.3) imip=0/11 pass=10110 acc=-1 ipm=53.9,113.8 inv=12.2,98.0 | 76(7.4) imip=66/86 pass=10101 acc=-1 ipm=99.0,-58.0 inv=78.1,9.0
frame=306 line=1 track=1 cross=0 circle=0(CIRCLE_NONE) round=0 yroad=0 ramp=0 road=2 speed=0 near=133/170 raw=151/170 sel=170/144 far=0/0 far_raw=0/0 l=0@-1/0@-1 far_l=0@-1/0@-1 straight=1/1 far_straight=0/0 circle_cnt=0/0/0/0 lost=0/0 conf=19.5/6.1/0.0/0.0 dist=0 begin=0/0 m0=(84,119) ml=(79,80) md=41/1/205 cxcy=84.0,119.6 guide=3.11 atg=-2.0/0.0/0.0 pure=0.59/0.13 yaw=-106 cmd=-286 actual=-15 signed=0 rps=5321/4538:6804/6892 duty=10/9 pwm=PWM2:10/PWM1:9 motor=2:10/1:9
CrossDiag: type=CROSS_NONE track=1 half_lr=0/0 nearL=0@-1/0@-1 nearNum=133/170 centerNum=133/170 farL=0@-1/0@-1 farNum=0/0 farRaw=0/0 lost=0/0 not_have=0 final=170/144 flags=0/0
LineErr: aim=41 cxcy=84.0,119.6 left=1:2.36@81,70 dx=-3.0 idx=0/20 dist=40/362 right=1:4.25@79,76 dx=-5.0 idx=0/17 dist=40/314 sel=1:4.19@79,76 dx=-4.9 idx=0/20 dist=40/286 edge=1:2.76@80.5,69.5 dx=-3.5 width=51.0 l=55,69 r=106,70
CxScan: raw_ref=80.0 edge=80.5,69.5 best_raw_x=70 best_err=-0.24 best_cxcy=80.2,119.5 scan=0:-20.4,10:-17.7,20:-14.9,30:-12.1,40:-9.2,50:-6.2,60:-3.2,70:-0.2,80:2.8,90:5.7,100:8.7,110:11.6,120:14.4,130:17.2,140:19.8
ATGSeedDiag: seed=1@8,107/1@127,108 begin=7,108 block=5 clip=8
ATGLptDiag: best=78(19.5) imip=68/88 pass=10101 acc=-1 ipm=30.5,-57.5 inv=52.1,9.2 | 70(6.1) imip=60/80 pass=10101 acc=-1 ipm=104.8,-45.4 inv=81.0,10.2
frame=307 line=1 track=1 cross=0 circle=0(CIRCLE_NONE) round=0 yroad=0 ramp=0 road=2 speed=0 near=132/170 raw=151/170 sel=170/143 far=0/0 far_raw=0/0 l=0@-1/0@-1 far_l=0@-1/0@-1 straight=1/1 far_straight=0/0 circle_cnt=0/0/0/0 lost=0/0 conf=9.4/14.1/0.0/0.0 dist=0 begin=0/0 m0=(84,119) ml=(79,80) md=41/1/205 cxcy=84.0,119.6 guide=3.11 atg=-2.0/0.0/0.0 pure=0.59/0.13 yaw=-106 cmd=-323 actual=3 signed=0 rps=5372/4487:6372/6593 duty=11/9 pwm=PWM2:11/PWM1:9 motor=2:11/1:9
CrossDiag: type=CROSS_NONE track=1 half_lr=0/0 nearL=0@-1/0@-1 nearNum=132/170 centerNum=132/170 farL=0@-1/0@-1 farNum=0/0 farRaw=0/0 lost=0/0 not_have=0 final=170/143 flags=0/0
LineErr: aim=41 cxcy=84.0,119.6 left=1:2.29@81,70 dx=-2.9 idx=0/20 dist=40/359 right=1:4.25@79,76 dx=-5.0 idx=0/17 dist=40/310 sel=1:4.20@79,76 dx=-4.9 idx=0/20 dist=40/284 edge=1:3.17@80.0,70.0 dx=-4.0 width=50.0 l=55,70 r=105,70
CxScan: raw_ref=80.0 edge=80.0,70.0 best_raw_x=70 best_err=0.15 best_cxcy=80.2,119.5 scan=0:-20.2,10:-17.5,20:-14.7,30:-11.8,40:-8.9,50:-5.9,60:-2.9,70:0.2,80:3.2,90:6.2,100:9.1,110:12.0,120:14.9,130:17.6,140:20.3
ATGSeedDiag: seed=1@7,108/1@127,108 begin=7,108 block=5 clip=8
ATGLptDiag: best=79(9.4) imip=69/89 pass=10101 acc=-1 ipm=27.2,-58.0 inv=50.8,9.2 | 70(14.1) imip=60/80 pass=10101 acc=-1 ipm=104.8,-45.4 inv=81.0,10.2
frame=308 line=1 track=1 cross=0 circle=0(CIRCLE_NONE) round=0 yroad=0 ramp=0 road=2 speed=0 near=130/170 raw=151/170 sel=170/141 far=0/0 far_raw=0/0 l=0@-1/0@-1 far_l=0@-1/0@-1 straight=1/1 far_straight=0/0 circle_cnt=0/0/0/0 lost=0/0 conf=19.8/5.6/0.0/0.0 dist=0 begin=0/0 m0=(84,119) ml=(79,80) md=41/1/205 cxcy=84.0,119.6 guide=3.24 atg=-2.0/0.0/0.0 pure=0.59/0.13 yaw=-110 cmd=-370 actual=20 signed=0 rps=5434/4419:6360/6592 duty=11/9 pwm=PWM2:11/PWM1:9 motor=2:11/1:9
CrossDiag: type=CROSS_NONE track=1 half_lr=0/0 nearL=0@-1/0@-1 nearNum=130/170 centerNum=130/170 farL=0@-1/0@-1 farNum=0/0 farRaw=0/0 lost=0/0 not_have=0 final=170/141 flags=0/0
LineErr: aim=41 cxcy=84.0,119.6 left=1:2.28@81,70 dx=-2.9 idx=0/20 dist=40/358 right=1:4.25@79,76 dx=-5.0 idx=0/17 dist=40/306 sel=1:4.20@79,76 dx=-4.9 idx=0/20 dist=40/280 edge=1:3.17@80.0,70.0 dx=-4.0 width=50.0 l=55,70 r=105,70
CxScan: raw_ref=80.0 edge=80.0,70.0 best_raw_x=70 best_err=0.15 best_cxcy=80.2,119.5 scan=0:-20.2,10:-17.5,20:-14.7,30:-11.8,40:-8.9,50:-5.9,60:-2.9,70:0.2,80:3.2,90:6.2,100:9.1,110:12.0,120:14.9,130:17.6,140:20.3
ATGSeedDiag: seed=1@8,108/1@127,108 begin=7,108 block=5 clip=8
ATGLptDiag: best=67(19.8) imip=57/77 pass=10101 acc=-1 ipm=44.8,-37.7 inv=56.1,11.1 | 74(5.6) imip=64/84 pass=10101 acc=-1 ipm=98.5,-53.2 inv=78.1,9.5
frame=309 line=1 track=1 cross=0 circle=0(CIRCLE_NONE) round=0 yroad=0 ramp=0 road=2 speed=0 near=124/169 raw=150/170 sel=169/139 far=0/0 far_raw=0/0 l=0@-1/0@-1 far_l=0@-1/0@-1 straight=1/1 far_straight=0/0 circle_cnt=0/0/0/0 lost=0/0 conf=13.4/14.6/0.0/0.0 dist=0 begin=0/0 m0=(84,119) ml=(79,80) md=41/1/204 cxcy=84.0,119.6 guide=3.37 atg=-2.0/0.0/0.0 pure=0.64/0.17 yaw=-114 cmd=-390 actual=23 signed=0 rps=5458/4389:6415/6439 duty=11/9 pwm=PWM2:11/PWM1:9 motor=2:11/1:9
CrossDiag: type=CROSS_NONE track=1 half_lr=0/0 nearL=0@-1/0@-1 nearNum=124/169 centerNum=124/169 farL=0@-1/0@-1 farNum=0/0 farRaw=0/0 lost=0/0 not_have=0 final=169/139 flags=0/0
LineErr: aim=41 cxcy=84.0,119.6 left=1:2.28@81,70 dx=-2.9 idx=0/20 dist=40/345 right=1:4.45@79,76 dx=-5.2 idx=0/17 dist=40/308 sel=1:4.37@79,76 dx=-5.1 idx=0/20 dist=40/276 edge=1:3.17@80.0,70.0 dx=-4.0 width=50.0 l=55,70 r=105,70
CxScan: raw_ref=80.0 edge=80.0,70.0 best_raw_x=70 best_err=0.15 best_cxcy=80.2,119.5 scan=0:-20.2,10:-17.5,20:-14.7,30:-11.8,40:-8.9,50:-5.9,60:-2.9,70:0.2,80:3.2,90:6.2,100:9.1,110:12.0,120:14.9,130:17.6,140:20.3
ATGSeedDiag: seed=1@8,108/1@127,108 begin=7,108 block=5 clip=8
ATGLptDiag: best=74(13.4) imip=64/84 pass=10101 acc=-1 ipm=30.2,-47.2 inv=50.9,10.2 | 65(14.6) imip=55/75 pass=10101 acc=-1 ipm=105.2,-34.0 inv=81.7,11.4
frame=310 line=1 track=1 cross=0 circle=0(CIRCLE_NONE) round=0 yroad=0 ramp=0 road=2 speed=0 near=122/160 raw=151/170 sel=160/132 far=0/0 far_raw=0/0 l=0@-1/0@-1 far_l=0@-1/0@-1 straight=1/1 far_straight=0/0 circle_cnt=0/0/0/0 lost=0/0 conf=24.9/5.6/0.0/0.0 dist=0 begin=0/0 m0=(84,119) ml=(79,80) md=41/1/204 cxcy=84.0,119.6 guide=3.50 atg=-3.0/0.0/0.0 pure=0.67/0.17 yaw=-119 cmd=-410 actual=27 signed=0 rps=5483/4359:6232/6122 duty=11/9 pwm=PWM2:11/PWM1:9 motor=2:11/1:9
CrossDiag: type=CROSS_NONE track=1 half_lr=0/0 nearL=0@-1/0@-1 nearNum=122/160 centerNum=122/160 farL=0@-1/0@-1 farNum=0/0 farRaw=0/0 lost=0/0 not_have=0 final=160/132 flags=0/0
LineErr: aim=41 cxcy=84.0,119.6 left=1:2.23@81,70 dx=-2.8 idx=0/20 dist=40/338 right=1:4.55@79,76 dx=-5.3 idx=0/17 dist=40/282 sel=1:4.50@79,76 dx=-5.3 idx=0/20 dist=40/262 edge=1:3.17@80.0,70.0 dx=-4.0 width=50.0 l=55,70 r=105,70
CxScan: raw_ref=80.0 edge=80.0,70.0 best_raw_x=70 best_err=0.15 best_cxcy=80.2,119.5 scan=0:-20.2,10:-17.5,20:-14.7,30:-11.8,40:-8.9,50:-5.9,60:-2.9,70:0.2,80:3.2,90:6.2,100:9.1,110:12.0,120:14.9,130:17.6,140:20.3
ATGSeedDiag: seed=1@8,108/1@127,108 begin=7,108 block=5 clip=8
ATGLptDiag: best=63(24.9) imip=53/73 pass=10101 acc=-1 ipm=46.8,-28.6 inv=56.2,12.2 | 69(5.6) imip=59/79 pass=10101 acc=-1 ipm=98.3,-41.8 inv=78.5,10.6
frame=311 line=1 track=1 cross=0 circle=0(CIRCLE_NONE) round=0 yroad=0 ramp=0 road=2 speed=0 near=121/160 raw=149/170 sel=160/132 far=0/0 far_raw=0/0 l=0@-1/0@-1 far_l=0@-1/0@-1 straight=1/1 far_straight=0/0 circle_cnt=0/0/0/0 lost=0/0 conf=22.3/12.2/0.0/0.0 dist=0 begin=0/0 m0=(84,119) ml=(79,80) md=41/1/202 cxcy=84.0,119.6 guide=3.50 atg=-3.0/0.0/0.0 pure=0.68/0.17 yaw=-119 cmd=-405 actual=24 signed=0 rps=5476/4365:6656/6479 duty=11/9 pwm=PWM2:11/PWM1:9 motor=2:11/1:9
CrossDiag: type=CROSS_NONE track=1 half_lr=0/0 nearL=0@-1/0@-1 nearNum=121/160 centerNum=121/160 farL=0@-1/0@-1 farNum=0/0 farRaw=0/0 lost=0/0 not_have=0 final=160/132 flags=0/0
LineErr: aim=41 cxcy=84.0,119.6 left=1:2.29@81,70 dx=-2.9 idx=0/20 dist=40/338 right=1:4.55@79,76 dx=-5.3 idx=0/17 dist=40/285 sel=1:4.50@79,76 dx=-5.3 idx=0/20 dist=40/262 edge=1:3.17@80.0,70.0 dx=-4.0 width=50.0 l=55,70 r=105,70
CxScan: raw_ref=80.0 edge=80.0,70.0 best_raw_x=70 best_err=0.15 best_cxcy=80.2,119.5 scan=0:-20.2,10:-17.5,20:-14.7,30:-11.8,40:-8.9,50:-5.9,60:-2.9,70:0.2,80:3.2,90:6.2,100:9.1,110:12.0,120:14.9,130:17.6,140:20.3
ATGSeedDiag: seed=1@8,108/1@127,108 begin=7,108 block=5 clip=8
ATGLptDiag: best=65(22.3) imip=55/75 pass=10101 acc=-1 ipm=42.9,-32.1 inv=54.8,11.8 | 65(12.2) imip=55/75 pass=10101 acc=-1 ipm=101.8,-33.5 inv=80.3,11.5
frame=312 line=1 track=1 cross=0 circle=0(CIRCLE_NONE) round=0 yroad=0 ramp=0 road=2 speed=0 near=122/162 raw=149/170 sel=162/132 far=0/0 far_raw=0/0 l=0@-1/0@-1 far_l=0@-1/0@-1 straight=1/1 far_straight=0/0 circle_cnt=0/0/0/0 lost=0/0 conf=20.9/8.6/0.0/0.0 dist=0 begin=0/0 m0=(84,119) ml=(79,80) md=41/1/202 cxcy=84.0,119.6 guide=3.50 atg=-3.0/0.0/0.0 pure=0.67/0.17 yaw=-119 cmd=-388 actual=16 signed=0 rps=5453/4389:6556/6468 duty=11/9 pwm=PWM2:11/PWM1:9 motor=2:11/1:9
CrossDiag: type=CROSS_NONE track=1 half_lr=0/0 nearL=0@-1/0@-1 nearNum=122/162 centerNum=122/162 farL=0@-1/0@-1 farNum=0/0 farRaw=0/0 lost=0/0 not_have=0 final=162/132 flags=0/0
LineErr: aim=41 cxcy=84.0,119.6 left=1:2.28@81,70 dx=-2.9 idx=0/20 dist=40/338 right=1:4.55@79,76 dx=-5.3 idx=0/17 dist=40/288 sel=1:4.50@79,76 dx=-5.3 idx=0/20 dist=40/262 edge=1:3.17@80.0,70.0 dx=-4.0 width=50.0 l=55,70 r=105,70
CxScan: raw_ref=80.0 edge=80.0,70.0 best_raw_x=70 best_err=0.15 best_cxcy=80.2,119.5 scan=0:-20.2,10:-17.5,20:-14.7,30:-11.8,40:-8.9,50:-5.9,60:-2.9,70:0.2,80:3.2,90:6.2,100:9.1,110:12.0,120:14.9,130:17.6,140:20.3
ATGSeedDiag: seed=1@8,108/1@127,108 begin=7,108 block=5 clip=8
ATGLptDiag: best=63(20.9) imip=53/73 pass=10101 acc=-1 ipm=45.5,-28.5 inv=55.6,12.2 | 62(8.6) imip=52/72 pass=10101 acc=-1 ipm=104.3,-27.0 inv=81.7,12.3
frame=313 line=1 track=1 cross=0 circle=0(CIRCLE_NONE) round=0 yroad=0 ramp=0 road=2 speed=0 near=123/163 raw=148/170 sel=163/134 far=0/0 far_raw=0/0 l=0@-1/0@-1 far_l=0@-1/0@-1 straight=1/1 far_straight=0/0 circle_cnt=0/0/0/0 lost=0/0 conf=9.8/8.9/0.0/0.0 dist=0 begin=0/0 m0=(84,119) ml=(79,80) md=41/1/204 cxcy=84.0,119.6 guide=3.37 atg=-3.0/0.0/0.0 pure=0.67/0.17 yaw=-114 cmd=-350 actual=3 signed=0 rps=5403/4445:6955/6942 duty=10/9 pwm=PWM2:10/PWM1:9 motor=2:10/1:9
CrossDiag: type=CROSS_NONE track=1 half_lr=0/0 nearL=0@-1/0@-1 nearNum=123/163 centerNum=123/163 farL=0@-1/0@-1 farNum=0/0 farRaw=0/0 lost=0/0 not_have=0 final=163/134 flags=0/0
LineErr: aim=41 cxcy=84.0,119.6 left=1:2.28@81,70 dx=-2.9 idx=0/20 dist=40/343 right=1:4.55@79,76 dx=-5.3 idx=0/17 dist=40/296 sel=1:4.50@79,76 dx=-5.3 idx=0/20 dist=40/266 edge=1:3.15@80.0,69.5 dx=-4.0 width=50.0 l=55,69 r=105,70
CxScan: raw_ref=80.0 edge=80.0,69.5 best_raw_x=70 best_err=0.15 best_cxcy=80.2,119.5 scan=0:-20.1,10:-17.4,20:-14.6,30:-11.7,40:-8.8,50:-5.8,60:-2.9,70:0.1,80:3.1,90:6.1,100:9.1,110:11.9,120:14.8,130:17.5,140:20.2
ATGSeedDiag: seed=1@8,107/1@127,108 begin=7,108 block=5 clip=8
ATGLptDiag: best=62(9.8) imip=52/72 pass=10101 acc=-1 ipm=46.5,-26.8 inv=55.9,12.4 | 64(8.9) imip=54/74 pass=10101 acc=-1 ipm=103.2,-31.3 inv=81.0,11.8
frame=314 line=1 track=1 cross=0 circle=0(CIRCLE_NONE) round=0 yroad=0 ramp=0 road=2 speed=0 near=123/164 raw=149/170 sel=164/134 far=0/0 far_raw=0/0 l=0@-1/0@-1 far_l=0@-1/0@-1 straight=1/1 far_straight=0/0 circle_cnt=0/0/0/0 lost=0/0 conf=9.7/10.3/0.0/0.0 dist=0 begin=0/0 m0=(84,119) ml=(79,80) md=41/1/202 cxcy=84.0,119.6 guide=3.37 atg=-3.0/0.0/0.0 pure=0.67/0.17 yaw=-114 cmd=-340 actual=-1 signed=0 rps=5390/4457:8269/8201 duty=8/7 pwm=PWM2:8/PWM1:7 motor=2:8/1:7
CrossDiag: type=CROSS_NONE track=1 half_lr=0/0 nearL=0@-1/0@-1 nearNum=123/164 centerNum=123/164 farL=0@-1/0@-1 farNum=0/0 farRaw=0/0 lost=0/0 not_have=0 final=164/134 flags=0/0
LineErr: aim=41 cxcy=84.0,119.6 left=1:2.47@81,70 dx=-3.1 idx=0/20 dist=40/344 right=1:4.55@79,76 dx=-5.3 idx=0/17 dist=40/297 sel=1:4.50@79,76 dx=-5.3 idx=0/20 dist=40/266 edge=1:3.17@80.0,70.0 dx=-4.0 width=50.0 l=55,70 r=105,70
CxScan: raw_ref=80.0 edge=80.0,70.0 best_raw_x=70 best_err=0.15 best_cxcy=80.2,119.5 scan=0:-20.2,10:-17.5,20:-14.7,30:-11.8,40:-8.9,50:-5.9,60:-2.9,70:0.2,80:3.2,90:6.2,100:9.1,110:12.0,120:14.9,130:17.6,140:20.3
ATGSeedDiag: seed=1@7,108/1@127,108 begin=7,108 block=5 clip=8
ATGLptDiag: best=62(9.7) imip=52/72 pass=10101 acc=-1 ipm=46.6,-26.5 inv=55.9,12.4 | 66(10.3) imip=56/76 pass=10101 acc=-1 ipm=101.4,-35.8 inv=80.0,11.2
frame=315 line=1 track=1 cross=0 circle=0(CIRCLE_NONE) round=0 yroad=0 ramp=0 road=2 speed=0 near=122/161 raw=150/170 sel=161/132 far=0/0 far_raw=0/0 l=0@-1/0@-1 far_l=0@-1/0@-1 straight=1/1 far_straight=0/0 circle_cnt=0/0/0/0 lost=0/0 conf=22.3/14.3/0.0/0.0 dist=0 begin=0/0 m0=(84,119) ml=(79,80) md=41/1/202 cxcy=84.0,119.6 guide=3.37 atg=-3.0/0.0/0.0 pure=0.67/0.17 yaw=-114 cmd=-315 actual=-14 signed=0 rps=5355/4492:6237/6244 duty=11/10 pwm=PWM2:11/PWM1:10 motor=2:11/1:10
CrossDiag: type=CROSS_NONE track=1 half_lr=0/0 nearL=0@-1/0@-1 nearNum=122/161 centerNum=122/161 farL=0@-1/0@-1 farNum=0/0 farRaw=0/0 lost=0/0 not_have=0 final=161/132 flags=0/0
LineErr: aim=41 cxcy=84.0,119.6 left=1:2.29@81,70 dx=-2.9 idx=0/20 dist=40/337 right=1:4.55@79,76 dx=-5.3 idx=0/17 dist=40/286 sel=1:4.51@79,76 dx=-5.3 idx=0/20 dist=40/262 edge=1:3.17@80.0,70.0 dx=-4.0 width=50.0 l=55,70 r=105,70
CxScan: raw_ref=80.0 edge=80.0,70.0 best_raw_x=70 best_err=0.15 best_cxcy=80.2,119.5 scan=0:-20.2,10:-17.5,20:-14.7,30:-11.8,40:-8.9,50:-5.9,60:-2.9,70:0.2,80:3.2,90:6.2,100:9.1,110:12.0,120:14.9,130:17.6,140:20.3
ATGSeedDiag: seed=1@7,108/1@127,108 begin=7,108 block=5 clip=8
ATGLptDiag: best=63(22.3) imip=53/73 pass=10101 acc=-1 ipm=45.0,-28.2 inv=55.3,12.2 | 65(14.3) imip=55/75 pass=10101 acc=-1 ipm=101.8,-33.5 inv=80.3,11.5
frame=316 line=1 track=1 cross=0 circle=0(CIRCLE_NONE) round=0 yroad=0 ramp=0 road=2 speed=0 near=118/159 raw=149/170 sel=159/132 far=0/0 far_raw=0/0 l=0@-1/0@-1 far_l=0@-1/0@-1 straight=1/1 far_straight=0/0 circle_cnt=0/0/0/0 lost=0/0 conf=9.6/7.3/0.0/0.0 dist=0 begin=0/0 m0=(84,119) ml=(79,80) md=41/1/202 cxcy=84.0,119.6 guide=3.50 atg=-3.0/0.0/0.0 pure=0.68/0.19 yaw=-119 cmd=-309 actual=-24 signed=0 rps=5344/4498:6129/6268 duty=11/10 pwm=PWM2:11/PWM1:10 motor=2:11/1:10
CrossDiag: type=CROSS_NONE track=1 half_lr=0/0 nearL=0@-1/0@-1 nearNum=118/159 centerNum=118/159 farL=0@-1/0@-1 farNum=0/0 farRaw=0/0 lost=0/0 not_have=0 final=159/132 flags=0/0
LineErr: aim=41 cxcy=84.0,119.6 left=1:2.28@81,70 dx=-2.9 idx=0/20 dist=40/334 right=1:4.55@79,76 dx=-5.3 idx=0/17 dist=40/287 sel=1:4.51@79,76 dx=-5.3 idx=0/20 dist=40/262 edge=1:3.17@80.0,70.0 dx=-4.0 width=50.0 l=55,70 r=105,70
CxScan: raw_ref=80.0 edge=80.0,70.0 best_raw_x=70 best_err=0.15 best_cxcy=80.2,119.5 scan=0:-20.2,10:-17.5,20:-14.7,30:-11.8,40:-8.9,50:-5.9,60:-2.9,70:0.2,80:3.2,90:6.2,100:9.1,110:12.0,120:14.9,130:17.6,140:20.3
ATGSeedDiag: seed=1@7,108/1@127,108 begin=7,108 block=5 clip=8
ATGLptDiag: best=70(9.6) imip=60/80 pass=10101 acc=-1 ipm=30.8,-37.4 inv=50.1,11.2 | 62(7.3) imip=52/72 pass=10101 acc=-1 ipm=102.9,-26.7 inv=81.1,12.3
frame=317 line=1 track=1 cross=0 circle=0(CIRCLE_NONE) round=0 yroad=0 ramp=0 road=2 speed=0 near=117/160 raw=148/170 sel=160/130 far=0/0 far_raw=0/0 l=0@-1/0@-1 far_l=0@-1/0@-1 straight=1/1 far_straight=0/0 circle_cnt=0/0/0/0 lost=0/0 conf=10.6/5.5/0.0/0.0 dist=0 begin=0/0 m0=(84,119) ml=(78,80) md=41/1/202 cxcy=84.0,119.6 guide=3.63 atg=-3.0/0.0/0.0 pure=0.67/0.17 yaw=-123 cmd=-283 actual=-43 signed=0 rps=5306/4529:6254/6415 duty=11/10 pwm=PWM2:11/PWM1:10 motor=2:11/1:10
CrossDiag: type=CROSS_NONE track=1 half_lr=0/0 nearL=0@-1/0@-1 nearNum=117/160 centerNum=117/160 farL=0@-1/0@-1 farNum=0/0 farRaw=0/0 lost=0/0 not_have=0 final=160/130 flags=0/0
LineErr: aim=41 cxcy=84.0,119.6 left=1:2.28@81,70 dx=-2.9 idx=0/20 dist=40/330 right=1:4.61@79,76 dx=-5.4 idx=0/17 dist=41/284 sel=1:4.55@79,76 dx=-5.3 idx=0/20 dist=40/258 edge=1:3.15@80.0,69.5 dx=-4.0 width=50.0 l=55,69 r=105,70
CxScan: raw_ref=80.0 edge=80.0,69.5 best_raw_x=70 best_err=0.15 best_cxcy=80.2,119.5 scan=0:-20.1,10:-17.4,20:-14.6,30:-11.7,40:-8.8,50:-5.8,60:-2.9,70:0.1,80:3.1,90:6.1,100:9.1,110:11.9,120:14.8,130:17.5,140:20.2
ATGSeedDiag: seed=1@8,107/1@127,108 begin=7,108 block=5 clip=8
ATGLptDiag: best=69(10.6) imip=59/79 pass=10101 acc=-1 ipm=32.2,-36.6 inv=50.6,11.3 | 62(5.5) imip=52/72 pass=10101 acc=-1 ipm=102.9,-26.7 inv=81.1,12.3
frame=318 line=1 track=1 cross=0 circle=0(CIRCLE_NONE) round=0 yroad=0 ramp=0 road=2 speed=0 near=117/159 raw=148/170 sel=159/131 far=0/0 far_raw=0/0 l=0@-1/0@-1 far_l=0@-1/0@-1 straight=1/1 far_straight=0/0 circle_cnt=0/0/0/0 lost=0/0 conf=15.8/7.8/0.0/0.0 dist=0 begin=0/0 m0=(84,119) ml=(79,80) md=41/1/202 cxcy=84.0,119.6 guide=3.37 atg=-3.0/0.0/0.0 pure=0.67/0.17 yaw=-114 cmd=-222 actual=-61 signed=0 rps=5228/4619:6392/6412 duty=10/10 pwm=PWM2:10/PWM1:10 motor=2:10/1:10
CrossDiag: type=CROSS_NONE track=1 half_lr=0/0 nearL=0@-1/0@-1 nearNum=117/159 centerNum=117/159 farL=0@-1/0@-1 farNum=0/0 farRaw=0/0 lost=0/0 not_have=0 final=159/131 flags=0/0
LineErr: aim=41 cxcy=84.0,119.6 left=1:2.28@81,70 dx=-2.9 idx=0/20 dist=41/335 right=1:4.55@79,76 dx=-5.3 idx=0/17 dist=40/289 sel=1:4.50@79,76 dx=-5.3 idx=0/20 dist=40/260 edge=1:3.17@80.0,70.0 dx=-4.0 width=50.0 l=55,70 r=105,70
CxScan: raw_ref=80.0 edge=80.0,70.0 best_raw_x=70 best_err=0.15 best_cxcy=80.2,119.5 scan=0:-20.2,10:-17.5,20:-14.7,30:-11.8,40:-8.9,50:-5.9,60:-2.9,70:0.2,80:3.2,90:6.2,100:9.1,110:12.0,120:14.9,130:17.6,140:20.3
ATGSeedDiag: seed=1@7,108/1@127,108 begin=7,108 block=5 clip=8
ATGLptDiag: best=69(15.8) imip=59/79 pass=10101 acc=-1 ipm=32.3,-36.5 inv=50.6,11.3 | 62(7.8) imip=52/72 pass=10101 acc=-1 ipm=102.9,-26.7 inv=81.1,12.3
frame=319 line=1 track=1 cross=0 circle=0(CIRCLE_NONE) round=0 yroad=0 ramp=0 road=2 speed=0 near=119/160 raw=148/170 sel=160/132 far=0/0 far_raw=0/0 l=0@-1/0@-1 far_l=0@-1/0@-1 straight=1/1 far_straight=0/0 circle_cnt=0/0/0/0 lost=0/0 conf=28.1/13.9/0.0/0.0 dist=0 begin=0/0 m0=(84,119) ml=(79,80) md=41/1/202 cxcy=84.0,119.6 guide=3.11 atg=-2.0/0.0/0.0 pure=0.64/0.17 yaw=-106 cmd=-176 actual=-70 signed=0 rps=5171/4689:6234/6041 duty=10/11 pwm=PWM2:10/PWM1:11 motor=2:10/1:11
CrossDiag: type=CROSS_NONE track=1 half_lr=0/0 nearL=0@-1/0@-1 nearNum=119/160 centerNum=119/160 farL=0@-1/0@-1 farNum=0/0 farRaw=0/0 lost=0/0 not_have=0 final=160/132 flags=0/0
LineErr: aim=41 cxcy=84.0,119.6 left=1:2.28@81,70 dx=-2.9 idx=0/20 dist=40/337 right=1:4.71@79,79 dx=-5.3 idx=0/16 dist=40/292 sel=1:4.48@79,76 dx=-5.3 idx=0/20 dist=40/262 edge=1:3.17@80.0,70.0 dx=-4.0 width=50.0 l=55,70 r=105,70
CxScan: raw_ref=80.0 edge=80.0,70.0 best_raw_x=70 best_err=0.15 best_cxcy=80.2,119.5 scan=0:-20.2,10:-17.5,20:-14.7,30:-11.8,40:-8.9,50:-5.9,60:-2.9,70:0.2,80:3.2,90:6.2,100:9.1,110:12.0,120:14.9,130:17.6,140:20.3
ATGSeedDiag: seed=1@7,108/1@127,108 begin=7,108 block=5 clip=8
ATGLptDiag: best=68(28.1) imip=58/78 pass=10101 acc=-1 ipm=35.2,-36.1 inv=51.8,11.3 | 61(13.9) imip=51/71 pass=10101 acc=-1 ipm=104.6,-24.7 inv=82.0,12.6
frame=320 line=1 track=1 cross=0 circle=0(CIRCLE_NONE) round=0 yroad=0 ramp=0 road=2 speed=0 near=118/160 raw=148/170 sel=160/132 far=0/0 far_raw=0/0 l=0@-1/0@-1 far_l=0@-1/0@-1 straight=1/1 far_straight=0/0 circle_cnt=0/0/0/0 lost=0/0 conf=15.8/14.0/0.0/0.0 dist=0 begin=0/0 m0=(84,119) ml=(79,80) md=41/1/202 cxcy=84.0,119.6 guide=3.11 atg=-2.0/0.0/0.0 pure=0.64/0.17 yaw=-106 cmd=-160 actual=-78 signed=0 rps=5150/4710:6749/6454 duty=9/10 pwm=PWM2:9/PWM1:10 motor=2:9/1:10
CrossDiag: type=CROSS_NONE track=1 half_lr=0/0 nearL=0@-1/0@-1 nearNum=118/160 centerNum=118/160 farL=0@-1/0@-1 farNum=0/0 farRaw=0/0 lost=0/0 not_have=0 final=160/132 flags=0/0
LineErr: aim=41 cxcy=84.0,119.6 left=1:2.28@81,70 dx=-2.9 idx=0/20 dist=41/334 right=1:4.71@79,79 dx=-5.3 idx=0/16 dist=40/292 sel=1:4.48@79,76 dx=-5.3 idx=0/20 dist=40/262 edge=1:3.17@80.0,70.0 dx=-4.0 width=50.0 l=55,70 r=105,70
CxScan: raw_ref=80.0 edge=80.0,70.0 best_raw_x=70 best_err=0.15 best_cxcy=80.2,119.5 scan=0:-20.2,10:-17.5,20:-14.7,30:-11.8,40:-8.9,50:-5.9,60:-2.9,70:0.2,80:3.2,90:6.2,100:9.1,110:12.0,120:14.9,130:17.6,140:20.3
ATGSeedDiag: seed=1@7,108/1@127,108 begin=7,108 block=5 clip=8
ATGLptDiag: best=69(15.8) imip=59/79 pass=10101 acc=-1 ipm=32.3,-36.5 inv=50.6,11.3 | 61(14.0) imip=51/71 pass=10101 acc=-1 ipm=104.6,-24.7 inv=82.0,12.6
frame=321 line=1 track=1 cross=0 circle=0(CIRCLE_NONE) round=0 yroad=0 ramp=0 road=2 speed=0 near=116/158 raw=148/170 sel=158/131 far=0/0 far_raw=0/0 l=0@-1/0@-1 far_l=0@-1/0@-1 straight=1/1 far_straight=0/0 circle_cnt=0/0/0/0 lost=0/0 conf=16.7/14.4/0.0/0.0 dist=0 begin=0/0 m0=(84,119) ml=(79,80) md=41/1/202 cxcy=84.0,119.6 guide=3.24 atg=-3.0/0.0/0.0 pure=0.67/0.17 yaw=-110 cmd=-181 actual=-75 signed=0 rps=5175/4679:6643/6482 duty=10/10 pwm=PWM2:10/PWM1:10 motor=2:10/1:10
CrossDiag: type=CROSS_NONE track=1 half_lr=0/0 nearL=0@-1/0@-1 nearNum=116/158 centerNum=116/158 farL=0@-1/0@-1 farNum=0/0 farRaw=0/0 lost=0/0 not_have=0 final=158/131 flags=0/0
LineErr: aim=41 cxcy=84.0,119.6 left=1:2.29@81,70 dx=-2.9 idx=0/20 dist=41/329 right=1:4.55@79,76 dx=-5.3 idx=0/17 dist=41/289 sel=1:4.50@79,76 dx=-5.3 idx=0/20 dist=40/260 edge=1:3.17@80.0,70.0 dx=-4.0 width=50.0 l=55,70 r=105,70
CxScan: raw_ref=80.0 edge=80.0,70.0 best_raw_x=70 best_err=0.15 best_cxcy=80.2,119.5 scan=0:-20.2,10:-17.5,20:-14.7,30:-11.8,40:-8.9,50:-5.9,60:-2.9,70:0.2,80:3.2,90:6.2,100:9.1,110:12.0,120:14.9,130:17.6,140:20.3
ATGSeedDiag: seed=1@8,108/1@127,108 begin=7,108 block=5 clip=8
ATGLptDiag: best=58(16.7) imip=48/68 pass=10111 acc=-1 ipm=48.6,-17.4 inv=56.0,13.6 | 59(14.4) imip=49/69 pass=10111 acc=-1 ipm=105.0,-20.1 inv=82.5,13.2
frame=322 line=1 track=1 cross=0 circle=0(CIRCLE_NONE) round=0 yroad=0 ramp=0 road=2 speed=0 near=111/151 raw=147/170 sel=151/123 far=0/0 far_raw=0/0 l=0@-1/0@-1 far_l=0@-1/0@-1 straight=1/1 far_straight=0/0 circle_cnt=0/0/0/0 lost=0/0 conf=14.5/10.3/0.0/0.0 dist=0 begin=0/0 m0=(84,119) ml=(79,80) md=41/1/202 cxcy=84.0,119.6 guide=3.37 atg=-3.0/0.0/0.0 pure=0.67/0.17 yaw=-114 cmd=-212 actual=-66 signed=0 rps=5215/4633:6938/6903 duty=9/9 pwm=PWM2:9/PWM1:9 motor=2:9/1:9
CrossDiag: type=CROSS_NONE track=1 half_lr=0/0 nearL=0@-1/0@-1 nearNum=111/151 centerNum=111/151 farL=0@-1/0@-1 farNum=0/0 farRaw=0/0 lost=0/0 not_have=0 final=151/123 flags=0/0
LineErr: aim=41 cxcy=84.0,119.6 left=1:1.89@82,70 dx=-2.4 idx=0/20 dist=40/320 right=1:4.55@79,76 dx=-5.3 idx=0/17 dist=41/265 sel=1:4.50@79,76 dx=-5.3 idx=0/20 dist=40/244 edge=1:2.77@80.5,70.0 dx=-3.5 width=49.0 l=56,70 r=105,70
CxScan: raw_ref=80.0 edge=80.5,70.0 best_raw_x=70 best_err=-0.24 best_cxcy=80.2,119.5 scan=0:-20.6,10:-17.8,20:-15.0,30:-12.2,40:-9.2,50:-6.3,60:-3.3,70:-0.2,80:2.8,90:5.8,100:8.7,110:11.6,120:14.5,130:17.3,140:20.0
ATGSeedDiag: seed=1@8,108/1@127,108 begin=7,108 block=5 clip=8
ATGLptDiag: best=65(14.5) imip=55/75 pass=10101 acc=-1 ipm=34.9,-27.7 inv=50.8,12.3 | 59(10.3) imip=49/69 pass=10111 acc=-1 ipm=103.2,-19.8 inv=81.7,13.2
frame=323 line=1 track=1 cross=0 circle=0(CIRCLE_NONE) round=0 yroad=0 ramp=0 road=2 speed=0 near=110/151 raw=148/170 sel=151/122 far=0/0 far_raw=0/0 l=0@-1/0@-1 far_l=0@-1/0@-1 straight=1/1 far_straight=0/0 circle_cnt=0/0/0/0 lost=0/0 conf=6.5/7.9/0.0/0.0 dist=0 begin=0/0 m0=(84,119) ml=(79,80) md=41/1/201 cxcy=84.0,119.6 guide=3.37 atg=-3.0/0.0/0.0 pure=0.66/0.18 yaw=-114 cmd=-235 actual=-54 signed=0 rps=5245/4602:7040/6976 duty=9/9 pwm=PWM2:9/PWM1:9 motor=2:9/1:9
CrossDiag: type=CROSS_NONE track=1 half_lr=0/0 nearL=0@-1/0@-1 nearNum=110/151 centerNum=110/151 farL=0@-1/0@-1 farNum=0/0 farRaw=0/0 lost=0/0 not_have=0 final=151/122 flags=0/0
LineErr: aim=41 cxcy=84.0,119.6 left=1:1.89@82,70 dx=-2.4 idx=0/20 dist=40/319 right=1:4.55@79,76 dx=-5.3 idx=0/17 dist=41/271 sel=1:4.50@79,76 dx=-5.3 idx=0/20 dist=40/242 edge=1:2.77@80.5,70.0 dx=-3.5 width=49.0 l=56,70 r=105,70
CxScan: raw_ref=80.0 edge=80.5,70.0 best_raw_x=70 best_err=-0.24 best_cxcy=80.2,119.5 scan=0:-20.6,10:-17.8,20:-15.0,30:-12.2,40:-9.2,50:-6.3,60:-3.3,70:-0.2,80:2.8,90:5.8,100:8.7,110:11.6,120:14.5,130:17.3,140:20.0
ATGSeedDiag: seed=1@8,108/1@127,108 begin=7,108 block=5 clip=8
ATGLptDiag: best=1(6.5) imip=0/11 pass=10110 acc=-1 ipm=54.1,113.8 inv=12.8,98.0 | 59(7.9) imip=49/69 pass=10111 acc=-1 ipm=101.7,-19.5 inv=81.0,13.2
frame=324 line=1 track=1 cross=0 circle=0(CIRCLE_NONE) round=0 yroad=0 ramp=0 road=2 speed=0 near=110/150 raw=147/170 sel=150/122 far=0/0 far_raw=0/0 l=0@-1/0@-1 far_l=0@-1/0@-1 straight=1/1 far_straight=0/0 circle_cnt=0/0/0/0 lost=0/0 conf=13.0/13.4/0.0/0.0 dist=0 begin=0/0 m0=(84,119) ml=(79,80) md=41/1/202 cxcy=84.0,119.6 guide=3.10 atg=-2.0/0.0/0.0 pure=0.63/0.18 yaw=-105 cmd=-244 actual=-36 signed=0 rps=5264/4596:6612/6676 duty=10/10 pwm=PWM2:10/PWM1:10 motor=2:10/1:10
CrossDiag: type=CROSS_NONE track=1 half_lr=0/0 nearL=0@-1/0@-1 nearNum=110/150 centerNum=110/150 farL=0@-1/0@-1 farNum=0/0 farRaw=0/0 lost=0/0 not_have=0 final=150/122 flags=0/0
LineErr: aim=41 cxcy=84.0,119.6 left=1:1.89@82,70 dx=-2.4 idx=0/20 dist=40/321 right=1:4.53@79,76 dx=-5.3 idx=0/17 dist=41/265 sel=1:4.47@79,76 dx=-5.3 idx=0/20 dist=40/242 edge=1:2.77@80.5,70.0 dx=-3.5 width=49.0 l=56,70 r=105,70
CxScan: raw_ref=80.0 edge=80.5,70.0 best_raw_x=70 best_err=-0.24 best_cxcy=80.2,119.5 scan=0:-20.6,10:-17.8,20:-15.0,30:-12.2,40:-9.2,50:-6.3,60:-3.3,70:-0.2,80:2.8,90:5.8,100:8.7,110:11.6,120:14.5,130:17.3,140:20.0
ATGSeedDiag: seed=1@8,108/1@127,108 begin=7,108 block=5 clip=8
ATGLptDiag: best=55(13.0) imip=45/65 pass=10111 acc=-1 ipm=50.1,-10.5 inv=56.1,14.6 | 58(13.4) imip=48/68 pass=10111 acc=-1 ipm=103.4,-17.6 inv=81.9,13.5
frame=325 line=1 track=1 cross=0 circle=0(CIRCLE_NONE) round=0 yroad=0 ramp=0 road=2 speed=0 near=110/151 raw=147/170 sel=151/122 far=0/0 far_raw=0/0 l=0@-1/0@-1 far_l=0@-1/0@-1 straight=1/1 far_straight=0/0 circle_cnt=0/0/0/0 lost=0/0 conf=7.7/10.0/0.0/0.0 dist=0 begin=0/0 m0=(84,119) ml=(79,80) md=41/1/203 cxcy=84.0,119.6 guide=3.10 atg=-2.0/0.0/0.0 pure=0.60/0.12 yaw=-105 cmd=-293 actual=-12 signed=0 rps=5331/4529:6571/6817 duty=10/9 pwm=PWM2:10/PWM1:9 motor=2:10/1:9
CrossDiag: type=CROSS_NONE track=1 half_lr=0/0 nearL=0@-1/0@-1 nearNum=110/151 centerNum=110/151 farL=0@-1/0@-1 farNum=0/0 farRaw=0/0 lost=0/0 not_have=0 final=151/122 flags=0/0
LineErr: aim=41 cxcy=84.0,119.6 left=1:1.88@82,70 dx=-2.4 idx=0/20 dist=41/320 right=1:4.44@79,76 dx=-5.2 idx=0/17 dist=41/263 sel=1:4.36@79,76 dx=-5.1 idx=0/20 dist=40/242 edge=1:2.77@80.5,70.0 dx=-3.5 width=49.0 l=56,70 r=105,70
CxScan: raw_ref=80.0 edge=80.5,70.0 best_raw_x=70 best_err=-0.24 best_cxcy=80.2,119.5 scan=0:-20.6,10:-17.8,20:-15.0,30:-12.2,40:-9.2,50:-6.3,60:-3.3,70:-0.2,80:2.8,90:5.8,100:8.7,110:11.6,120:14.5,130:17.3,140:20.0
ATGSeedDiag: seed=1@8,108/1@127,108 begin=7,108 block=5 clip=8
ATGLptDiag: best=1(7.7) imip=0/11 pass=10110 acc=-1 ipm=54.1,113.8 inv=12.8,98.0 | 59(10.0) imip=49/69 pass=10111 acc=-1 ipm=103.7,-19.7 inv=81.9,13.2
frame=326 line=1 track=1 cross=0 circle=0(CIRCLE_NONE) round=0 yroad=0 ramp=0 road=2 speed=0 near=111/154 raw=148/170 sel=154/125 far=0/0 far_raw=0/0 l=0@-1/0@-1 far_l=0@-1/0@-1 straight=1/1 far_straight=0/0 circle_cnt=0/0/0/0 lost=0/0 conf=19.2/12.0/0.0/0.0 dist=0 begin=0/0 m0=(84,119) ml=(79,80) md=41/1/203 cxcy=84.0,119.6 guide=3.08 atg=-2.0/0.0/0.0 pure=0.60/0.12 yaw=-105 cmd=-335 actual=10 signed=0 rps=5389/4471:6107/6365 duty=11/9 pwm=PWM2:11/PWM1:9 motor=2:11/1:9
CrossDiag: type=CROSS_NONE track=1 half_lr=0/0 nearL=0@-1/0@-1 nearNum=111/154 centerNum=111/154 farL=0@-1/0@-1 farNum=0/0 farRaw=0/0 lost=0/0 not_have=0 final=154/125 flags=0/0
LineErr: aim=41 cxcy=84.0,119.6 left=1:2.22@81,70 dx=-2.8 idx=0/20 dist=41/320 right=1:4.26@79,76 dx=-5.0 idx=0/17 dist=41/278 sel=1:4.19@79,75 dx=-4.9 idx=0/20 dist=40/248 edge=1:3.17@80.0,70.0 dx=-4.0 width=50.0 l=55,70 r=105,70
CxScan: raw_ref=80.0 edge=80.0,70.0 best_raw_x=70 best_err=0.15 best_cxcy=80.2,119.5 scan=0:-20.2,10:-17.5,20:-14.7,30:-11.8,40:-8.9,50:-5.9,60:-2.9,70:0.2,80:3.2,90:6.2,100:9.1,110:12.0,120:14.9,130:17.6,140:20.3
ATGSeedDiag: seed=1@8,108/1@127,108 begin=7,108 block=5 clip=8
ATGLptDiag: best=65(19.2) imip=55/75 pass=10101 acc=-1 ipm=34.5,-27.9 inv=50.6,12.3 | 55(12.0) imip=45/65 pass=10111 acc=-1 ipm=106.6,-10.9 inv=83.9,14.4
frame=328 line=1 track=1 cross=0 circle=0(CIRCLE_NONE) round=0 yroad=0 ramp=0 road=2 speed=0 near=110/153 raw=146/170 sel=153/125 far=0/0 far_raw=0/0 l=0@-1/0@-1 far_l=0@-1/0@-1 straight=1/1 far_straight=0/0 circle_cnt=0/0/0/0 lost=0/0 conf=6.2/11.4/0.0/0.0 dist=0 begin=0/0 m0=(84,119) ml=(79,80) md=41/1/203 cxcy=84.0,119.6 guide=3.11 atg=-2.0/0.0/0.0 pure=0.60/0.15 yaw=-106 cmd=-377 actual=30 signed=0 rps=5446/4413:6126/6019 duty=11/10 pwm=PWM2:11/PWM1:10 motor=2:11/1:10
CrossDiag: type=CROSS_NONE track=1 half_lr=0/0 nearL=0@-1/0@-1 nearNum=110/153 centerNum=110/153 farL=0@-1/0@-1 farNum=0/0 farRaw=0/0 lost=0/0 not_have=0 final=153/125 flags=0/0
LineErr: aim=41 cxcy=84.0,119.6 left=1:2.29@81,70 dx=-2.9 idx=0/20 dist=40/318 right=1:4.44@79,76 dx=-5.2 idx=0/17 dist=41/277 sel=1:4.37@79,76 dx=-5.1 idx=0/20 dist=40/248 edge=1:3.17@80.0,70.0 dx=-4.0 width=50.0 l=55,70 r=105,70
CxScan: raw_ref=80.0 edge=80.0,70.0 best_raw_x=70 best_err=0.15 best_cxcy=80.2,119.5 scan=0:-20.2,10:-17.5,20:-14.7,30:-11.8,40:-8.9,50:-5.9,60:-2.9,70:0.2,80:3.2,90:6.2,100:9.1,110:12.0,120:14.9,130:17.6,140:20.3
ATGSeedDiag: seed=1@8,108/1@127,108 begin=7,108 block=5 clip=8
ATGLptDiag: best=67(6.2) imip=57/77 pass=10101 acc=-1 ipm=28.1,-29.1 inv=47.9,12.2 | 59(11.4) imip=49/69 pass=10111 acc=-1 ipm=103.7,-19.7 inv=81.9,13.2
frame=329 line=1 track=1 cross=0 circle=0(CIRCLE_NONE) round=0 yroad=0 ramp=0 road=2 speed=0 near=108/150 raw=146/170 sel=150/122 far=0/0 far_raw=0/0 l=0@-1/0@-1 far_l=0@-1/0@-1 straight=1/1 far_straight=0/0 circle_cnt=0/0/0/0 lost=0/0 conf=18.7/14.0/0.0/0.0 dist=0 begin=0/0 m0=(84,119) ml=(79,80) md=41/1/201 cxcy=84.0,119.6 guide=3.37 atg=-3.0/0.0/0.0 pure=0.66/0.18 yaw=-114 cmd=-374 actual=15 signed=0 rps=5437/4411:6649/6382 duty=10/9 pwm=PWM2:10/PWM1:9 motor=2:10/1:9
CrossDiag: type=CROSS_NONE track=1 half_lr=0/0 nearL=0@-1/0@-1 nearNum=108/150 centerNum=108/150 farL=0@-1/0@-1 farNum=0/0 farRaw=0/0 lost=0/0 not_have=0 final=150/122 flags=0/0
LineErr: aim=41 cxcy=84.0,119.6 left=1:2.29@81,70 dx=-2.9 idx=0/20 dist=41/317 right=1:4.55@79,76 dx=-5.3 idx=0/17 dist=41/268 sel=1:4.50@79,76 dx=-5.3 idx=0/20 dist=40/242 edge=1:3.17@80.0,70.0 dx=-4.0 width=50.0 l=55,70 r=105,70
CxScan: raw_ref=80.0 edge=80.0,70.0 best_raw_x=70 best_err=0.15 best_cxcy=80.2,119.5 scan=0:-20.2,10:-17.5,20:-14.7,30:-11.8,40:-8.9,50:-5.9,60:-2.9,70:0.2,80:3.2,90:6.2,100:9.1,110:12.0,120:14.9,130:17.6,140:20.3
ATGSeedDiag: seed=1@8,108/1@127,108 begin=7,108 block=5 clip=8
ATGLptDiag: best=55(18.7) imip=45/65 pass=10111 acc=-1 ipm=48.1,-10.2 inv=55.1,14.7 | 59(14.0) imip=49/69 pass=10111 acc=-1 ipm=101.7,-19.5 inv=81.0,13.2
frame=330 line=1 track=1 cross=0 circle=0(CIRCLE_NONE) round=0 yroad=0 ramp=0 road=2 speed=0 near=109/149 raw=146/170 sel=149/122 far=0/0 far_raw=0/0 l=0@-1/0@-1 far_l=0@-1/0@-1 straight=1/1 far_straight=0/0 circle_cnt=0/0/0/0 lost=0/0 conf=20.0/13.0/0.0/0.0 dist=0 begin=0/0 m0=(84,119) ml=(79,80) md=41/1/201 cxcy=84.0,119.6 guide=3.37 atg=-3.0/0.0/0.0 pure=0.66/0.18 yaw=-114 cmd=-362 actual=10 signed=0 rps=5420/4427:6849/6685 duty=10/9 pwm=PWM2:10/PWM1:9 motor=2:10/1:9
CrossDiag: type=CROSS_NONE track=1 half_lr=0/0 nearL=0@-1/0@-1 nearNum=109/149 centerNum=109/149 farL=0@-1/0@-1 farNum=0/0 farRaw=0/0 lost=0/0 not_have=0 final=149/122 flags=0/0
LineErr: aim=41 cxcy=84.0,119.6 left=1:2.29@81,70 dx=-2.9 idx=0/20 dist=41/318 right=1:4.55@79,76 dx=-5.3 idx=0/17 dist=41/264 sel=1:4.50@79,76 dx=-5.3 idx=0/20 dist=40/242 edge=1:3.17@80.0,70.0 dx=-4.0 width=50.0 l=55,70 r=105,70
CxScan: raw_ref=80.0 edge=80.0,70.0 best_raw_x=70 best_err=0.15 best_cxcy=80.2,119.5 scan=0:-20.2,10:-17.5,20:-14.7,30:-11.8,40:-8.9,50:-5.9,60:-2.9,70:0.2,80:3.2,90:6.2,100:9.1,110:12.0,120:14.9,130:17.6,140:20.3
ATGSeedDiag: seed=1@8,108/1@127,108 begin=7,108 block=5 clip=8
ATGLptDiag: best=76(20.0) imip=66/86 pass=10100 acc=-1 ipm=5.4,-30.5 inv=38.1,12.1 | 55(13.0) imip=45/65 pass=10111 acc=-1 ipm=104.8,-10.8 inv=83.0,14.5
frame=331 line=1 track=1 cross=0 circle=0(CIRCLE_NONE) round=0 yroad=0 ramp=0 road=2 speed=0 near=108/149 raw=145/170 sel=149/122 far=0/0 far_raw=0/0 l=0@-1/0@-1 far_l=0@-1/0@-1 straight=1/1 far_straight=0/0 circle_cnt=0/0/0/0 lost=0/0 conf=18.5/5.5/0.0/0.0 dist=0 begin=0/0 m0=(84,119) ml=(79,80) md=41/1/201 cxcy=84.0,119.6 guide=3.24 atg=-3.0/0.0/0.0 pure=0.66/0.18 yaw=-110 cmd=-347 actual=8 signed=0 rps=5402/4451:6666/6598 duty=10/9 pwm=PWM2:10/PWM1:9 motor=2:10/1:9
CrossDiag: type=CROSS_NONE track=1 half_lr=0/0 nearL=0@-1/0@-1 nearNum=108/149 centerNum=108/149 farL=0@-1/0@-1 farNum=0/0 farRaw=0/0 lost=0/0 not_have=0 final=149/122 flags=0/0
LineErr: aim=41 cxcy=84.0,119.6 left=1:2.29@81,70 dx=-2.9 idx=0/20 dist=41/318 right=1:4.55@79,76 dx=-5.3 idx=0/17 dist=41/271 sel=1:4.50@79,76 dx=-5.3 idx=0/20 dist=40/242 edge=1:3.17@80.0,70.0 dx=-4.0 width=50.0 l=55,70 r=105,70
CxScan: raw_ref=80.0 edge=80.0,70.0 best_raw_x=70 best_err=0.15 best_cxcy=80.2,119.5 scan=0:-20.2,10:-17.5,20:-14.7,30:-11.8,40:-8.9,50:-5.9,60:-2.9,70:0.2,80:3.2,90:6.2,100:9.1,110:12.0,120:14.9,130:17.6,140:20.3
ATGSeedDiag: seed=1@8,108/1@127,108 begin=7,108 block=5 clip=8
ATGLptDiag: best=57(18.5) imip=47/67 pass=10111 acc=-1 ipm=43.7,-13.5 inv=53.3,14.2 | 58(5.5) imip=48/68 pass=10111 acc=-1 ipm=101.6,-17.2 inv=81.1,13.5
frame=332 line=1 track=1 cross=0 circle=0(CIRCLE_NONE) round=0 yroad=0 ramp=0 road=2 speed=0 near=107/149 raw=146/170 sel=149/122 far=0/0 far_raw=0/0 l=0@-1/0@-1 far_l=0@-1/0@-1 straight=1/1 far_straight=0/0 circle_cnt=0/0/0/0 lost=0/0 conf=12.3/13.3/0.0/0.0 dist=0 begin=0/0 m0=(84,119) ml=(79,80) md=41/1/201 cxcy=84.0,119.6 guide=3.11 atg=-2.0/0.0/0.0 pure=0.64/0.18 yaw=-106 cmd=-328 actual=6 signed=0 rps=5380/4479:6934/6839 duty=10/9 pwm=PWM2:10/PWM1:9 motor=2:10/1:9
CrossDiag: type=CROSS_NONE track=1 half_lr=0/0 nearL=0@-1/0@-1 nearNum=107/149 centerNum=107/149 farL=0@-1/0@-1 farNum=0/0 farRaw=0/0 lost=0/0 not_have=0 final=149/122 flags=0/0
LineErr: aim=41 cxcy=84.0,119.6 left=1:2.29@81,70 dx=-2.9 idx=0/20 dist=41/315 right=1:4.54@79,76 dx=-5.3 idx=0/17 dist=41/265 sel=1:4.49@79,76 dx=-5.3 idx=0/20 dist=40/242 edge=1:3.17@80.0,70.0 dx=-4.0 width=50.0 l=55,70 r=105,70
CxScan: raw_ref=80.0 edge=80.0,70.0 best_raw_x=70 best_err=0.15 best_cxcy=80.2,119.5 scan=0:-20.2,10:-17.5,20:-14.7,30:-11.8,40:-8.9,50:-5.9,60:-2.9,70:0.2,80:3.2,90:6.2,100:9.1,110:12.0,120:14.9,130:17.6,140:20.3
ATGSeedDiag: seed=1@8,108/1@127,108 begin=7,108 block=5 clip=8
ATGLptDiag: best=57(12.3) imip=47/67 pass=10111 acc=-1 ipm=43.4,-13.2 inv=53.1,14.2 | 55(13.3) imip=45/65 pass=10111 acc=-1 ipm=104.8,-10.8 inv=83.0,14.5
frame=333 line=1 track=1 cross=0 circle=0(CIRCLE_NONE) round=0 yroad=0 ramp=0 road=2 speed=0 near=1/149 raw=170/170 sel=149/123 far=0/0 far_raw=0/0 l=0@-1/0@-1 far_l=0@-1/0@-1 straight=0/1 far_straight=0/0 circle_cnt=0/0/0/0 lost=0/0 conf=0.0/8.4/0.0/0.0 dist=0 begin=0/0 m0=(84,119) ml=(79,80) md=41/1/200 cxcy=84.0,119.6 guide=3.11 atg=-2.0/0.0/-1.0 pure=0.64/0.18 yaw=-106 cmd=-320 actual=1 signed=0 rps=5368/4492:6546/6607 duty=10/9 pwm=PWM2:10/PWM1:9 motor=2:10/1:9
CrossDiag: type=CROSS_NONE track=1 half_lr=0/0 nearL=0@-1/0@-1 nearNum=1/149 centerNum=1/149 farL=0@-1/0@-1 farNum=0/0 farRaw=0/0 lost=0/0 not_have=0 final=149/123 flags=0/0
LineErr: aim=41 cxcy=84.0,119.6 left=0:0.00@-1,-1 dx=0.0 idx=-1/-1 dist=-1/-1 right=1:4.54@79,76 dx=-5.3 idx=0/17 dist=41/271 sel=1:4.47@79,76 dx=-5.3 idx=0/20 dist=40/244 edge=0:0.00@-1.0,-1.0 dx=0.0 width=0.0 l=-1,-1 r=105,70
ATGSeedDiag: seed=1@48,108/1@127,108 begin=7,108 block=5 clip=8
ATGLptDiag: best=-1(-57295.8) imip=-1/-1 pass=00000 acc=-1 ipm=-1.0,-1.0 inv=-1.0,-1.0 | 52(8.4) imip=42/62 pass=10111 acc=-1 ipm=105.7,-3.9 inv=84.0,15.5
frame=334 line=1 track=1 cross=0 circle=0(CIRCLE_NONE) round=0 yroad=0 ramp=0 road=2 speed=0 near=108/150 raw=145/170 sel=150/122 far=0/0 far_raw=0/0 l=0@-1/0@-1 far_l=0@-1/0@-1 straight=1/1 far_straight=0/0 circle_cnt=0/0/0/0 lost=0/0 conf=23.5/14.0/0.0/0.0 dist=0 begin=0/0 m0=(84,119) ml=(79,80) md=41/1/201 cxcy=84.0,119.6 guide=3.11 atg=-2.0/0.0/0.0 pure=0.60/0.17 yaw=-106 cmd=-307 actual=-5 signed=0 rps=5351/4508:6569/6813 duty=10/9 pwm=PWM2:10/PWM1:9 motor=2:10/1:9
CrossDiag: type=CROSS_NONE track=1 half_lr=0/0 nearL=0@-1/0@-1 nearNum=108/150 centerNum=108/150 farL=0@-1/0@-1 farNum=0/0 farRaw=0/0 lost=0/0 not_have=0 final=150/122 flags=0/0
LineErr: aim=41 cxcy=84.0,119.6 left=1:2.28@81,70 dx=-2.9 idx=0/20 dist=41/314 right=1:4.45@79,76 dx=-5.2 idx=0/17 dist=41/266 sel=1:4.36@79,76 dx=-5.1 idx=0/20 dist=40/242 edge=1:3.17@80.0,70.0 dx=-4.0 width=50.0 l=55,70 r=105,70
CxScan: raw_ref=80.0 edge=80.0,70.0 best_raw_x=70 best_err=0.15 best_cxcy=80.2,119.5 scan=0:-20.2,10:-17.5,20:-14.7,30:-11.8,40:-8.9,50:-5.9,60:-2.9,70:0.2,80:3.2,90:6.2,100:9.1,110:12.0,120:14.9,130:17.6,140:20.3
ATGSeedDiag: seed=1@8,108/1@127,108 begin=7,108 block=5 clip=8
ATGLptDiag: best=75(23.5) imip=65/85 pass=10100 acc=-1 ipm=6.7,-30.8 inv=38.8,12.0 | 55(14.0) imip=45/65 pass=10111 acc=-1 ipm=104.8,-10.8 inv=83.0,14.5
frame=335 line=1 track=1 cross=0 circle=0(CIRCLE_NONE) round=0 yroad=0 ramp=0 road=2 speed=0 near=109/152 raw=145/170 sel=152/124 far=0/0 far_raw=0/0 l=0@-1/0@-1 far_l=0@-1/0@-1 straight=1/1 far_straight=0/0 circle_cnt=0/0/0/0 lost=0/0 conf=18.3/6.6/0.0/0.0 dist=0 begin=0/0 m0=(84,119) ml=(79,80) md=41/1/201 cxcy=84.0,119.6 guide=3.08 atg=-2.0/0.0/0.0 pure=0.58/0.14 yaw=-105 cmd=-296 actual=-9 signed=0 rps=5336/4524:6106/6390 duty=11/10 pwm=PWM2:11/PWM1:10 motor=2:11/1:10
CrossDiag: type=CROSS_NONE track=1 half_lr=0/0 nearL=0@-1/0@-1 nearNum=109/152 centerNum=109/152 farL=0@-1/0@-1 farNum=0/0 farRaw=0/0 lost=0/0 not_have=0 final=152/124 flags=0/0
LineErr: aim=41 cxcy=84.0,119.6 left=1:2.67@81,70 dx=-3.4 idx=0/20 dist=41/319 right=1:4.45@79,76 dx=-5.2 idx=0/17 dist=41/275 sel=1:4.35@79,75 dx=-5.1 idx=0/20 dist=40/246 edge=1:3.17@80.0,70.0 dx=-4.0 width=50.0 l=55,70 r=105,70
CxScan: raw_ref=80.0 edge=80.0,70.0 best_raw_x=70 best_err=0.15 best_cxcy=80.2,119.5 scan=0:-20.2,10:-17.5,20:-14.7,30:-11.8,40:-8.9,50:-5.9,60:-2.9,70:0.2,80:3.2,90:6.2,100:9.1,110:12.0,120:14.9,130:17.6,140:20.3
ATGSeedDiag: seed=1@8,108/1@127,108 begin=7,108 block=5 clip=8
ATGLptDiag: best=72(18.3) imip=62/82 pass=10101 acc=-1 ipm=13.7,-30.8 inv=41.9,12.0 | 59(6.6) imip=49/69 pass=10111 acc=-1 ipm=101.7,-19.4 inv=81.0,13.2
frame=336 line=1 track=1 cross=0 circle=0(CIRCLE_NONE) round=0 yroad=0 ramp=0 road=2 speed=0 near=109/152 raw=145/170 sel=152/123 far=0/0 far_raw=0/0 l=0@-1/0@-1 far_l=0@-1/0@-1 straight=1/1 far_straight=0/0 circle_cnt=0/0/0/0 lost=0/0 conf=23.9/12.1/0.0/0.0 dist=0 begin=0/0 m0=(84,119) ml=(79,80) md=41/1/201 cxcy=84.0,119.6 guide=3.10 atg=-2.0/0.0/0.0 pure=0.59/0.14 yaw=-105 cmd=-305 actual=-5 signed=0 rps=5348/4512:6211/6293 duty=11/10 pwm=PWM2:11/PWM1:10 motor=2:11/1:10
CrossDiag: type=CROSS_NONE track=1 half_lr=0/0 nearL=0@-1/0@-1 nearNum=109/152 centerNum=109/152 farL=0@-1/0@-1 farNum=0/0 farRaw=0/0 lost=0/0 not_have=0 final=152/123 flags=0/0
LineErr: aim=41 cxcy=84.0,119.6 left=1:2.68@81,70 dx=-3.4 idx=0/20 dist=41/317 right=1:4.45@79,76 dx=-5.2 idx=0/17 dist=41/278 sel=1:4.36@79,76 dx=-5.1 idx=0/20 dist=40/244 edge=1:3.17@80.0,70.0 dx=-4.0 width=50.0 l=55,70 r=105,70
CxScan: raw_ref=80.0 edge=80.0,70.0 best_raw_x=70 best_err=0.15 best_cxcy=80.2,119.5 scan=0:-20.2,10:-17.5,20:-14.7,30:-11.8,40:-8.9,50:-5.9,60:-2.9,70:0.2,80:3.2,90:6.2,100:9.1,110:12.0,120:14.9,130:17.6,140:20.3
ATGSeedDiag: seed=1@7,108/1@127,108 begin=7,108 block=5 clip=8
ATGLptDiag: best=77(23.9) imip=67/87 pass=10100 acc=-1 ipm=1.7,-30.8 inv=36.6,12.0 | 55(12.1) imip=45/65 pass=10111 acc=-1 ipm=104.8,-10.7 inv=83.0,14.5
frame=337 line=1 track=1 cross=0 circle=0(CIRCLE_NONE) round=0 yroad=0 ramp=0 road=2 speed=0 near=106/150 raw=144/170 sel=150/122 far=0/0 far_raw=0/0 l=0@-1/0@-1 far_l=0@-1/0@-1 straight=1/1 far_straight=0/0 circle_cnt=0/0/0/0 lost=0/0 conf=6.3/11.4/0.0/0.0 dist=0 begin=0/0 m0=(84,119) ml=(79,80) md=41/1/200 cxcy=84.0,119.6 guide=3.11 atg=-2.0/0.0/-1.0 pure=0.60/0.15 yaw=-106 cmd=-285 actual=-16 signed=0 rps=5320/4539:6493/6351 duty=10/10 pwm=PWM2:10/PWM1:10 motor=2:10/1:10
CrossDiag: type=CROSS_NONE track=1 half_lr=0/0 nearL=0@-1/0@-1 nearNum=106/150 centerNum=106/150 farL=0@-1/0@-1 farNum=0/0 farRaw=0/0 lost=0/0 not_have=0 final=150/122 flags=0/0
LineErr: aim=41 cxcy=84.0,119.6 left=1:2.56@81,70 dx=-3.3 idx=0/20 dist=41/313 right=1:4.45@79,76 dx=-5.2 idx=0/17 dist=41/270 sel=1:4.36@79,76 dx=-5.1 idx=0/20 dist=40/242 edge=1:3.17@80.0,70.0 dx=-4.0 width=50.0 l=55,70 r=105,70
CxScan: raw_ref=80.0 edge=80.0,70.0 best_raw_x=70 best_err=0.15 best_cxcy=80.2,119.5 scan=0:-20.2,10:-17.5,20:-14.7,30:-11.8,40:-8.9,50:-5.9,60:-2.9,70:0.2,80:3.2,90:6.2,100:9.1,110:12.0,120:14.9,130:17.6,140:20.3
ATGSeedDiag: seed=1@7,108/1@127,108 begin=7,108 block=5 clip=8
ATGLptDiag: best=57(6.3) imip=47/67 pass=10111 acc=-1 ipm=41.0,-12.7 inv=51.9,14.3 | 52(11.4) imip=42/62 pass=10111 acc=-1 ipm=105.9,-3.9 inv=84.1,15.5
frame=338 line=1 track=1 cross=0 circle=0(CIRCLE_NONE) round=0 yroad=0 ramp=0 road=2 speed=0 near=104/147 raw=145/170 sel=147/120 far=0/0 far_raw=0/0 l=0@-1/0@-1 far_l=0@-1/0@-1 straight=1/1 far_straight=0/0 circle_cnt=0/0/0/0 lost=0/0 conf=11.9/10.9/0.0/0.0 dist=0 begin=0/0 m0=(84,119) ml=(79,80) md=41/1/199 cxcy=84.0,119.6 guide=3.37 atg=-3.0/0.0/-1.0 pure=0.66/0.19 yaw=-114 cmd=-287 actual=-28 signed=0 rps=5318/4530:6407/6132 duty=10/10 pwm=PWM2:10/PWM1:10 motor=2:10/1:10
CrossDiag: type=CROSS_NONE track=1 half_lr=0/0 nearL=0@-1/0@-1 nearNum=104/147 centerNum=104/147 farL=0@-1/0@-1 farNum=0/0 farRaw=0/0 lost=0/0 not_have=0 final=147/120 flags=0/0
LineErr: aim=41 cxcy=84.0,119.6 left=1:2.28@81,70 dx=-2.9 idx=0/20 dist=41/309 right=1:4.56@79,77 dx=-5.3 idx=0/17 dist=41/278 sel=1:4.50@79,76 dx=-5.3 idx=0/20 dist=40/238 edge=1:3.17@80.0,70.0 dx=-4.0 width=50.0 l=55,70 r=105,70
CxScan: raw_ref=80.0 edge=80.0,70.0 best_raw_x=70 best_err=0.15 best_cxcy=80.2,119.5 scan=0:-20.2,10:-17.5,20:-14.7,30:-11.8,40:-8.9,50:-5.9,60:-2.9,70:0.2,80:3.2,90:6.2,100:9.1,110:12.0,120:14.9,130:17.6,140:20.3
ATGSeedDiag: seed=1@8,108/1@127,108 begin=7,108 block=5 clip=8
ATGLptDiag: best=51(11.9) imip=41/61 pass=10111 acc=-1 ipm=49.0,-1.3 inv=54.6,16.1 | 52(10.9) imip=42/62 pass=10111 acc=-1 ipm=104.7,-3.7 inv=83.5,15.6
frame=339 line=1 track=1 cross=0 circle=0(CIRCLE_NONE) round=0 yroad=0 ramp=0 road=2 speed=0 near=104/147 raw=145/170 sel=147/120 far=0/0 far_raw=0/0 l=0@-1/0@-1 far_l=0@-1/0@-1 straight=1/1 far_straight=0/0 circle_cnt=0/0/0/0 lost=0/0 conf=13.1/8.2/0.0/0.0 dist=0 begin=0/0 m0=(84,119) ml=(79,80) md=41/1/199 cxcy=84.0,119.6 guide=3.37 atg=-2.0/0.0/-1.0 pure=0.64/0.22 yaw=-114 cmd=-237 actual=-53 signed=0 rps=5248/4599:6850/6621 duty=9/10 pwm=PWM2:9/PWM1:10 motor=2:9/1:10
CrossDiag: type=CROSS_NONE track=1 half_lr=0/0 nearL=0@-1/0@-1 nearNum=104/147 centerNum=104/147 farL=0@-1/0@-1 farNum=0/0 farRaw=0/0 lost=0/0 not_have=0 final=147/120 flags=0/0
LineErr: aim=41 cxcy=84.0,119.6 left=1:2.28@81,70 dx=-2.9 idx=0/20 dist=41/312 right=1:4.55@79,76 dx=-5.3 idx=0/17 dist=41/270 sel=1:4.47@79,76 dx=-5.3 idx=0/20 dist=40/238 edge=1:3.17@80.0,70.0 dx=-4.0 width=50.0 l=55,70 r=105,70
CxScan: raw_ref=80.0 edge=80.0,70.0 best_raw_x=70 best_err=0.15 best_cxcy=80.2,119.5 scan=0:-20.2,10:-17.5,20:-14.7,30:-11.8,40:-8.9,50:-5.9,60:-2.9,70:0.2,80:3.2,90:6.2,100:9.1,110:12.0,120:14.9,130:17.6,140:20.3
ATGSeedDiag: seed=1@8,108/1@127,108 begin=7,108 block=5 clip=8
ATGLptDiag: best=51(13.1) imip=41/61 pass=10111 acc=-1 ipm=48.5,-1.1 inv=54.4,16.1 | 56(8.2) imip=46/66 pass=10111 acc=-1 ipm=100.8,-12.3 inv=81.0,14.2
frame=340 line=1 track=1 cross=0 circle=0(CIRCLE_NONE) round=0 yroad=0 ramp=0 road=2 speed=0 near=104/148 raw=144/170 sel=148/121 far=0/0 far_raw=0/0 l=0@-1/0@-1 far_l=0@-1/0@-1 straight=1/1 far_straight=0/0 circle_cnt=0/0/0/0 lost=0/0 conf=13.1/14.0/0.0/0.0 dist=0 begin=0/0 m0=(84,119) ml=(79,80) md=41/1/199 cxcy=84.0,119.6 guide=3.11 atg=-2.0/0.0/-1.0 pure=0.60/0.17 yaw=-106 cmd=-180 actual=-68 signed=0 rps=5177/4682:6680/6566 duty=9/10 pwm=PWM2:9/PWM1:10 motor=2:9/1:10
CrossDiag: type=CROSS_NONE track=1 half_lr=0/0 nearL=0@-1/0@-1 nearNum=104/148 centerNum=104/148 farL=0@-1/0@-1 farNum=0/0 farRaw=0/0 lost=0/0 not_have=0 final=148/121 flags=0/0
LineErr: aim=41 cxcy=84.0,119.6 left=1:2.28@81,70 dx=-2.9 idx=0/20 dist=41/316 right=1:4.54@79,76 dx=-5.3 idx=0/17 dist=41/275 sel=1:4.47@79,76 dx=-5.3 idx=0/20 dist=40/240 edge=1:3.17@80.0,70.0 dx=-4.0 width=50.0 l=55,70 r=105,70
CxScan: raw_ref=80.0 edge=80.0,70.0 best_raw_x=70 best_err=0.15 best_cxcy=80.2,119.5 scan=0:-20.2,10:-17.5,20:-14.7,30:-11.8,40:-8.9,50:-5.9,60:-2.9,70:0.2,80:3.2,90:6.2,100:9.1,110:12.0,120:14.9,130:17.6,140:20.3
ATGSeedDiag: seed=1@8,108/1@127,108 begin=7,108 block=5 clip=8
ATGLptDiag: best=51(13.1) imip=41/61 pass=10111 acc=-1 ipm=48.5,-1.1 inv=54.4,16.1 | 50(14.0) imip=40/60 pass=10111 acc=-1 ipm=106.3,0.7 inv=84.7,16.3
frame=341 line=1 track=1 cross=0 circle=0(CIRCLE_NONE) round=0 yroad=0 ramp=0 road=2 speed=0 near=104/149 raw=143/170 sel=149/122 far=0/0 far_raw=0/0 l=0@-1/0@-1 far_l=0@-1/0@-1 straight=1/1 far_straight=0/0 circle_cnt=0/0/0/0 lost=0/0 conf=8.5/9.2/0.0/0.0 dist=0 begin=0/0 m0=(84,119) ml=(79,80) md=41/1/200 cxcy=84.0,119.6 guide=3.08 atg=-2.0/0.0/-1.0 pure=0.57/0.15 yaw=-105 cmd=-165 actual=-75 signed=0 rps=5157/4703:6941/6838 duty=9/10 pwm=PWM2:9/PWM1:10 motor=2:9/1:10
CrossDiag: type=CROSS_NONE track=1 half_lr=0/0 nearL=0@-1/0@-1 nearNum=104/149 centerNum=104/149 farL=0@-1/0@-1 farNum=0/0 farRaw=0/0 lost=0/0 not_have=0 final=149/122 flags=0/0
LineErr: aim=41 cxcy=84.0,119.6 left=1:2.57@81,70 dx=-3.3 idx=0/20 dist=41/313 right=1:4.15@79,76 dx=-4.8 idx=0/17 dist=41/267 sel=1:4.10@79,75 dx=-4.8 idx=0/20 dist=40/242 edge=1:3.17@80.0,70.0 dx=-4.0 width=50.0 l=55,70 r=105,70
CxScan: raw_ref=80.0 edge=80.0,70.0 best_raw_x=70 best_err=0.15 best_cxcy=80.2,119.5 scan=0:-20.2,10:-17.5,20:-14.7,30:-11.8,40:-8.9,50:-5.9,60:-2.9,70:0.2,80:3.2,90:6.2,100:9.1,110:12.0,120:14.9,130:17.6,140:20.3
ATGSeedDiag: seed=1@8,108/1@127,108 begin=7,108 block=5 clip=8
ATGLptDiag: best=1(8.5) imip=0/11 pass=10110 acc=-1 ipm=54.0,113.8 inv=12.5,98.0 | 52(9.2) imip=42/62 pass=10111 acc=-1 ipm=105.9,-3.9 inv=84.1,15.5
frame=343 line=1 track=1 cross=0 circle=0(CIRCLE_NONE) round=0 yroad=0 ramp=0 road=2 speed=0 near=101/147 raw=143/170 sel=147/119 far=0/0 far_raw=0/0 l=0@-1/0@-1 far_l=0@-1/0@-1 straight=1/1 far_straight=0/0 circle_cnt=0/0/0/0 lost=0/0 conf=9.9/9.1/0.0/0.0 dist=0 begin=0/0 m0=(84,119) ml=(79,80) md=41/1/199 cxcy=84.0,119.6 guide=3.08 atg=-2.0/0.0/-1.0 pure=0.57/0.17 yaw=-105 cmd=-212 actual=-51 signed=0 rps=5221/4639:6575/6756 duty=10/10 pwm=PWM2:10/PWM1:10 motor=2:10/1:10
CrossDiag: type=CROSS_NONE track=1 half_lr=0/0 nearL=0@-1/0@-1 nearNum=101/147 centerNum=101/147 farL=0@-1/0@-1 farNum=0/0 farRaw=0/0 lost=0/0 not_have=0 final=147/119 flags=0/0
LineErr: aim=41 cxcy=84.0,119.6 left=1:2.28@81,70 dx=-2.9 idx=0/20 dist=41/299 right=1:4.14@79,76 dx=-4.8 idx=0/17 dist=41/267 sel=1:4.09@79,75 dx=-4.8 idx=0/20 dist=40/236 edge=1:3.17@80.0,70.0 dx=-4.0 width=50.0 l=55,70 r=105,70
CxScan: raw_ref=80.0 edge=80.0,70.0 best_raw_x=70 best_err=0.15 best_cxcy=80.2,119.5 scan=0:-20.2,10:-17.5,20:-14.7,30:-11.8,40:-8.9,50:-5.9,60:-2.9,70:0.2,80:3.2,90:6.2,100:9.1,110:12.0,120:14.9,130:17.6,140:20.3
ATGSeedDiag: seed=1@8,108/1@128,108 begin=7,108 block=5 clip=8
ATGLptDiag: best=53(9.9) imip=43/63 pass=10111 acc=-1 ipm=44.2,-4.3 inv=52.5,15.6 | 50(9.1) imip=40/60 pass=10111 acc=-1 ipm=106.3,0.8 inv=84.7,16.3
frame=344 line=1 track=1 cross=0 circle=0(CIRCLE_NONE) round=0 yroad=0 ramp=0 road=2 speed=0 near=99/142 raw=142/170 sel=142/114 far=0/0 far_raw=0/0 l=0@-1/0@-1 far_l=0@-1/0@-1 straight=1/1 far_straight=0/0 circle_cnt=0/0/0/0 lost=0/0 conf=25.3/10.5/0.0/0.0 dist=0 begin=0/0 m0=(84,119) ml=(79,80) md=41/1/198 cxcy=84.0,119.6 guide=3.08 atg=-2.0/0.0/-2.0 pure=0.57/0.20 yaw=-105 cmd=-253 actual=-31 signed=0 rps=5277/4583:6370/6613 duty=10/9 pwm=PWM2:10/PWM1:9 motor=2:10/1:9
CrossDiag: type=CROSS_NONE track=1 half_lr=0/0 nearL=0@-1/0@-1 nearNum=99/142 centerNum=99/142 farL=0@-1/0@-1 farNum=0/0 farRaw=0/0 lost=0/0 not_have=0 final=142/114 flags=0/0
LineErr: aim=41 cxcy=84.0,119.6 left=1:2.07@81,70 dx=-2.6 idx=0/20 dist=41/305 right=1:4.13@79,76 dx=-4.8 idx=0/17 dist=40/252 sel=1:4.09@79,75 dx=-4.8 idx=0/20 dist=40/226 edge=1:3.17@80.0,70.0 dx=-4.0 width=50.0 l=55,70 r=105,70
CxScan: raw_ref=80.0 edge=80.0,70.0 best_raw_x=70 best_err=0.15 best_cxcy=80.2,119.5 scan=0:-20.2,10:-17.5,20:-14.7,30:-11.8,40:-8.9,50:-5.9,60:-2.9,70:0.2,80:3.2,90:6.2,100:9.1,110:12.0,120:14.9,130:17.6,140:20.3
ATGSeedDiag: seed=1@8,108/1@128,108 begin=7,108 block=5 clip=8
ATGLptDiag: best=79(25.3) imip=69/89 pass=10100 acc=-1 ipm=-11.4,-7.8 inv=24.9,15.2 | 51(10.5) imip=41/61 pass=10111 acc=-1 ipm=105.1,-1.4 inv=83.9,15.9
frame=345 line=1 track=1 cross=0 circle=0(CIRCLE_NONE) round=0 yroad=0 ramp=0 road=2 speed=0 near=99/142 raw=142/170 sel=142/114 far=0/0 far_raw=0/0 l=0@-1/0@-1 far_l=0@-1/0@-1 straight=1/1 far_straight=0/0 circle_cnt=0/0/0/0 lost=0/0 conf=21.3/10.4/0.0/0.0 dist=0 begin=0/0 m0=(84,119) ml=(79,80) md=41/1/198 cxcy=84.0,119.6 guide=3.08 atg=-2.0/0.0/-2.0 pure=0.53/0.21 yaw=-105 cmd=-276 actual=-19 signed=0 rps=5308/4552:5992/6128 duty=11/10 pwm=PWM2:11/PWM1:10 motor=2:11/1:10
CrossDiag: type=CROSS_NONE track=1 half_lr=0/0 nearL=0@-1/0@-1 nearNum=99/142 centerNum=99/142 farL=0@-1/0@-1 farNum=0/0 farRaw=0/0 lost=0/0 not_have=0 final=142/114 flags=0/0
LineErr: aim=41 cxcy=84.0,119.6 left=1:2.23@81,70 dx=-2.8 idx=0/20 dist=40/302 right=1:4.14@79,76 dx=-4.8 idx=0/17 dist=40/255 sel=1:4.08@79,75 dx=-4.8 idx=0/20 dist=40/226 edge=1:2.77@80.5,70.0 dx=-3.5 width=51.0 l=55,70 r=106,70
CxScan: raw_ref=80.0 edge=80.5,70.0 best_raw_x=70 best_err=-0.24 best_cxcy=80.2,119.5 scan=0:-20.6,10:-17.8,20:-15.0,30:-12.2,40:-9.2,50:-6.3,60:-3.3,70:-0.2,80:2.8,90:5.8,100:8.7,110:11.6,120:14.5,130:17.3,140:20.0
ATGSeedDiag: seed=1@8,108/1@128,108 begin=7,108 block=5 clip=8
ATGLptDiag: best=75(21.3) imip=65/85 pass=10100 acc=-1 ipm=-4.5,-14.5 inv=30.1,14.2 | 51(10.4) imip=41/61 pass=10111 acc=-1 ipm=105.1,-1.4 inv=83.9,15.9
frame=346 line=1 track=1 cross=0 circle=0(CIRCLE_NONE) round=0 yroad=0 ramp=0 road=2 speed=0 near=101/147 raw=143/170 sel=147/120 far=0/0 far_raw=0/0 l=0@-1/0@-1 far_l=0@-1/0@-1 straight=1/1 far_straight=0/0 circle_cnt=0/0/0/0 lost=0/0 conf=9.7/9.1/0.0/0.0 dist=0 begin=0/0 m0=(84,119) ml=(79,80) md=41/1/199 cxcy=84.0,119.6 guide=2.95 atg=-1.0/0.0/-1.0 pure=0.49/0.15 yaw=-100 cmd=-325 actual=12 signed=0 rps=5379/4487:6307/6222 duty=11/10 pwm=PWM2:11/PWM1:10 motor=2:11/1:10
CrossDiag: type=CROSS_NONE track=1 half_lr=0/0 nearL=0@-1/0@-1 nearNum=101/147 centerNum=101/147 farL=0@-1/0@-1 farNum=0/0 farRaw=0/0 lost=0/0 not_have=0 final=147/120 flags=0/0
LineErr: aim=41 cxcy=84.0,119.6 left=1:2.28@81,70 dx=-2.9 idx=0/20 dist=41/305 right=1:3.96@79,76 dx=-4.6 idx=0/17 dist=40/272 sel=1:3.86@79,75 dx=-4.6 idx=0/20 dist=40/238 edge=1:2.77@80.5,70.0 dx=-3.5 width=51.0 l=55,70 r=106,70
CxScan: raw_ref=80.0 edge=80.5,70.0 best_raw_x=70 best_err=-0.24 best_cxcy=80.2,119.5 scan=0:-20.6,10:-17.8,20:-15.0,30:-12.2,40:-9.2,50:-6.3,60:-3.3,70:-0.2,80:2.8,90:5.8,100:8.7,110:11.6,120:14.5,130:17.3,140:20.0
ATGSeedDiag: seed=1@8,108/1@128,108 begin=7,108 block=5 clip=8
ATGLptDiag: best=54(9.7) imip=44/64 pass=10111 acc=-1 ipm=41.7,-5.9 inv=51.4,15.4 | 52(9.1) imip=42/62 pass=10111 acc=-1 ipm=105.2,-3.6 inv=83.8,15.6
frame=347 line=1 track=1 cross=0 circle=0(CIRCLE_NONE) round=0 yroad=0 ramp=0 road=2 speed=0 near=101/148 raw=143/170 sel=148/121 far=0/0 far_raw=0/0 l=0@-1/0@-1 far_l=0@-1/0@-1 straight=1/1 far_straight=0/0 circle_cnt=0/0/0/0 lost=0/0 conf=5.8/9.1/0.0/0.0 dist=0 begin=0/0 m0=(84,119) ml=(79,80) md=41/1/199 cxcy=84.0,119.6 guide=2.95 atg=-1.0/0.0/-1.0 pure=0.49/0.15 yaw=-100 cmd=-375 actual=37 signed=0 rps=5447/4419:6648/6422 duty=10/9 pwm=PWM2:10/PWM1:9 motor=2:10/1:9
CrossDiag: type=CROSS_NONE track=1 half_lr=0/0 nearL=0@-1/0@-1 nearNum=101/148 centerNum=101/148 farL=0@-1/0@-1 farNum=0/0 farRaw=0/0 lost=0/0 not_have=0 final=148/121 flags=0/0
LineErr: aim=41 cxcy=84.0,119.6 left=1:2.28@81,70 dx=-2.9 idx=0/20 dist=41/303 right=1:3.95@79,76 dx=-4.6 idx=0/17 dist=40/278 sel=1:3.86@79,75 dx=-4.6 idx=0/20 dist=40/240 edge=1:2.77@80.5,70.0 dx=-3.5 width=51.0 l=55,70 r=106,70
CxScan: raw_ref=80.0 edge=80.5,70.0 best_raw_x=70 best_err=-0.24 best_cxcy=80.2,119.5 scan=0:-20.6,10:-17.8,20:-15.0,30:-12.2,40:-9.2,50:-6.3,60:-3.3,70:-0.2,80:2.8,90:5.8,100:8.7,110:11.6,120:14.5,130:17.3,140:20.0
ATGSeedDiag: seed=1@8,108/1@128,108 begin=7,108 block=5 clip=8
ATGLptDiag: best=1(5.8) imip=0/11 pass=10110 acc=-1 ipm=54.1,113.8 inv=12.8,98.0 | 52(9.1) imip=42/62 pass=10111 acc=-1 ipm=105.2,-3.6 inv=83.8,15.6
frame=348 line=1 track=1 cross=0 circle=0(CIRCLE_NONE) round=0 yroad=0 ramp=0 road=2 speed=0 near=97/142 raw=143/170 sel=142/114 far=0/0 far_raw=0/0 l=0@-1/0@-1 far_l=0@-1/0@-1 straight=1/1 far_straight=0/0 circle_cnt=0/0/0/0 lost=0/0 conf=16.1/11.6/0.0/0.0 dist=0 begin=0/0 m0=(84,119) ml=(79,80) md=41/1/197 cxcy=84.0,119.6 guide=3.08 atg=-2.0/0.0/-2.0 pure=0.53/0.24 yaw=-105 cmd=-385 actual=35 signed=0 rps=5458/4403:6566/6385 duty=11/9 pwm=PWM2:11/PWM1:9 motor=2:11/1:9
CrossDiag: type=CROSS_NONE track=1 half_lr=0/0 nearL=0@-1/0@-1 nearNum=97/142 centerNum=97/142 farL=0@-1/0@-1 farNum=0/0 farRaw=0/0 lost=0/0 not_have=0 final=142/114 flags=0/0
LineErr: aim=41 cxcy=84.0,119.6 left=1:2.28@81,70 dx=-2.9 idx=0/20 dist=40/290 right=1:4.13@79,76 dx=-4.8 idx=0/17 dist=40/259 sel=1:4.08@79,75 dx=-4.8 idx=0/20 dist=40/226 edge=1:2.77@80.5,70.0 dx=-3.5 width=51.0 l=55,70 r=106,70
CxScan: raw_ref=80.0 edge=80.5,70.0 best_raw_x=70 best_err=-0.24 best_cxcy=80.2,119.5 scan=0:-20.6,10:-17.8,20:-15.0,30:-12.2,40:-9.2,50:-6.3,60:-3.3,70:-0.2,80:2.8,90:5.8,100:8.7,110:11.6,120:14.5,130:17.3,140:20.0
ATGSeedDiag: seed=1@8,108/1@128,108 begin=7,108 block=5 clip=8
ATGLptDiag: best=49(16.1) imip=39/59 pass=10111 acc=-1 ipm=47.4,3.8 inv=53.2,17.0 | 48(11.6) imip=38/58 pass=10111 acc=-1 ipm=106.7,5.4 inv=85.4,17.1
frame=349 line=1 track=1 cross=0 circle=0(CIRCLE_NONE) round=0 yroad=0 ramp=0 road=2 speed=0 near=94/140 raw=141/170 sel=140/114 far=0/0 far_raw=0/0 l=0@-1/0@-1 far_l=0@-1/0@-1 straight=1/1 far_straight=0/0 circle_cnt=0/0/0/0 lost=0/0 conf=30.6/11.0/0.0/0.0 dist=0 begin=0/0 m0=(84,119) ml=(79,80) md=41/1/194 cxcy=84.0,119.6 guide=3.08 atg=-2.0/0.0/-5.0 pure=0.58/0.36 yaw=-105 cmd=-372 actual=29 signed=0 rps=5440/4421:6899/6824 duty=10/9 pwm=PWM2:10/PWM1:9 motor=2:10/1:9
CrossDiag: type=CROSS_NONE track=1 half_lr=0/0 nearL=0@-1/0@-1 nearNum=94/140 centerNum=94/140 farL=0@-1/0@-1 farNum=0/0 farRaw=0/0 lost=0/0 not_have=0 final=140/114 flags=0/0
LineErr: aim=41 cxcy=84.0,119.6 left=1:2.29@81,70 dx=-2.9 idx=0/20 dist=41/288 right=1:4.27@79,76 dx=-5.0 idx=0/17 dist=40/249 sel=1:4.18@79,75 dx=-4.9 idx=0/20 dist=40/226 edge=1:3.17@80.0,70.0 dx=-4.0 width=50.0 l=55,70 r=105,70
CxScan: raw_ref=80.0 edge=80.0,70.0 best_raw_x=70 best_err=0.15 best_cxcy=80.2,119.5 scan=0:-20.2,10:-17.5,20:-14.7,30:-11.8,40:-8.9,50:-5.9,60:-2.9,70:0.2,80:3.2,90:6.2,100:9.1,110:12.0,120:14.9,130:17.6,140:20.3
ATGSeedDiag: seed=1@8,108/1@128,108 begin=7,108 block=5 clip=8
ATGLptDiag: best=77(30.6) imip=67/87 pass=10100 acc=-1 ipm=-11.9,-1.3 inv=22.7,16.2 | 47(11.0) imip=37/57 pass=10111 acc=-1 ipm=105.8,7.7 inv=85.2,17.6
frame=350 line=1 track=1 cross=0 circle=0(CIRCLE_NONE) round=0 yroad=0 ramp=0 road=2 speed=0 near=93/136 raw=140/170 sel=136/108 far=0/0 far_raw=0/0 l=0@-1/0@-1 far_l=0@-1/0@-1 straight=1/1 far_straight=0/0 circle_cnt=0/0/0/0 lost=0/0 conf=21.1/9.6/0.0/0.0 dist=0 begin=0/0 m0=(84,119) ml=(79,80) md=41/1/192 cxcy=84.0,119.6 guide=3.08 atg=-2.0/-1.0/-7.0 pure=0.60/0.50 yaw=-105 cmd=-347 actual=16 signed=0 rps=5406/4454:6664/6532 duty=10/9 pwm=PWM2:10/PWM1:9 motor=2:10/1:9
CrossDiag: type=CROSS_NONE track=1 half_lr=0/0 nearL=0@-1/0@-1 nearNum=93/136 centerNum=93/136 farL=0@-1/0@-1 farNum=0/0 farRaw=0/0 lost=0/0 not_have=0 final=136/108 flags=0/0
LineErr: aim=41 cxcy=84.0,119.6 left=1:2.29@81,70 dx=-2.9 idx=0/20 dist=41/291 right=1:4.52@79,76 dx=-5.3 idx=0/17 dist=41/241 sel=1:4.47@79,75 dx=-5.3 idx=0/20 dist=40/214 edge=1:3.10@80.0,68.5 dx=-4.0 width=50.1 l=55,67 r=105,70
CxScan: raw_ref=80.0 edge=80.0,68.5 best_raw_x=70 best_err=0.15 best_cxcy=80.2,119.5 scan=0:-19.8,10:-17.2,20:-14.4,30:-11.6,40:-8.7,50:-5.8,60:-2.8,70:0.1,80:3.1,90:6.0,100:8.9,110:11.8,120:14.6,130:17.3,140:19.9
ATGSeedDiag: seed=1@8,108/1@127,107 begin=7,108 block=5 clip=8
ATGLptDiag: best=76(21.1) imip=66/86 pass=10100 acc=-1 ipm=-11.3,0.1 inv=22.5,16.5 | 49(9.6) imip=39/59 pass=10111 acc=-1 ipm=102.4,3.2 inv=82.9,16.7
frame=351 line=1 track=1 cross=0 circle=0(CIRCLE_NONE) round=0 yroad=0 ramp=0 road=2 speed=0 near=92/136 raw=140/170 sel=136/108 far=0/0 far_raw=0/0 l=0@-1/0@-1 far_l=0@-1/0@-1 straight=1/1 far_straight=0/0 circle_cnt=0/0/0/0 lost=0/0 conf=18.6/9.7/0.0/0.0 dist=0 begin=0/0 m0=(84,119) ml=(79,80) md=41/1/192 cxcy=84.0,119.6 guide=3.21 atg=-2.0/-1.0/-7.0 pure=0.60/0.50 yaw=-109 cmd=-330 actual=1 signed=0 rps=5380/4475:6826/6760 duty=10/9 pwm=PWM2:10/PWM1:9 motor=2:10/1:9
CrossDiag: type=CROSS_NONE track=1 half_lr=0/0 nearL=0@-1/0@-1 nearNum=92/136 centerNum=92/136 farL=0@-1/0@-1 farNum=0/0 farRaw=0/0 lost=0/0 not_have=0 final=136/108 flags=0/0
LineErr: aim=41 cxcy=84.0,119.6 left=1:2.29@81,70 dx=-2.9 idx=0/20 dist=40/283 right=1:4.54@79,76 dx=-5.3 idx=0/17 dist=40/239 sel=1:4.46@79,75 dx=-5.3 idx=0/20 dist=40/214 edge=1:3.17@80.0,70.0 dx=-4.0 width=50.0 l=55,70 r=105,70
CxScan: raw_ref=80.0 edge=80.0,70.0 best_raw_x=70 best_err=0.15 best_cxcy=80.2,119.5 scan=0:-20.2,10:-17.5,20:-14.7,30:-11.8,40:-8.9,50:-5.9,60:-2.9,70:0.2,80:3.2,90:6.2,100:9.1,110:12.0,120:14.9,130:17.6,140:20.3
ATGSeedDiag: seed=1@8,108/1@127,108 begin=7,108 block=5 clip=8
ATGLptDiag: best=75(18.6) imip=65/85 pass=10100 acc=-1 ipm=-9.8,-1.5 inv=23.8,16.2 | 49(9.7) imip=39/59 pass=10111 acc=-1 ipm=102.5,3.5 inv=83.0,16.8
frame=352 line=1 track=1 cross=0 circle=0(CIRCLE_NONE) round=0 yroad=0 ramp=0 road=2 speed=0 near=93/137 raw=141/170 sel=137/109 far=0/0 far_raw=0/0 l=0@-1/0@-1 far_l=0@-1/0@-1 straight=1/1 far_straight=0/0 circle_cnt=0/0/0/0 lost=0/0 conf=23.7/11.1/0.0/0.0 dist=0 begin=0/0 m0=(84,119) ml=(79,80) md=41/1/192 cxcy=84.0,119.6 guide=3.08 atg=-2.0/-1.0/-7.0 pure=0.58/0.50 yaw=-105 cmd=-285 actual=-15 signed=0 rps=5320/4540:6384/6500 duty=10/9 pwm=PWM2:10/PWM1:9 motor=2:10/1:9
CrossDiag: type=CROSS_NONE track=1 half_lr=0/0 nearL=0@-1/0@-1 nearNum=93/137 centerNum=93/137 farL=0@-1/0@-1 farNum=0/0 farRaw=0/0 lost=0/0 not_have=0 final=137/109 flags=0/0
LineErr: aim=41 cxcy=84.0,119.6 left=1:2.28@81,70 dx=-2.9 idx=0/20 dist=40/286 right=1:4.45@79,76 dx=-5.2 idx=0/17 dist=40/244 sel=1:4.34@79,75 dx=-5.1 idx=0/20 dist=40/216 edge=1:3.17@80.0,70.0 dx=-4.0 width=50.0 l=55,70 r=105,70
CxScan: raw_ref=80.0 edge=80.0,70.0 best_raw_x=70 best_err=0.15 best_cxcy=80.2,119.5 scan=0:-20.2,10:-17.5,20:-14.7,30:-11.8,40:-8.9,50:-5.9,60:-2.9,70:0.2,80:3.2,90:6.2,100:9.1,110:12.0,120:14.9,130:17.6,140:20.3
ATGSeedDiag: seed=1@8,108/1@128,108 begin=7,108 block=5 clip=8
ATGLptDiag: best=79(23.7) imip=69/89 pass=10100 acc=-1 ipm=-16.4,4.7 inv=18.2,17.3 | 49(11.1) imip=39/59 pass=10111 acc=-1 ipm=102.5,3.5 inv=83.0,16.8
frame=353 line=1 track=1 cross=0 circle=0(CIRCLE_NONE) round=0 yroad=0 ramp=0 road=2 speed=0 near=93/138 raw=140/170 sel=138/111 far=0/0 far_raw=0/0 l=0@-1/0@-1 far_l=0@-1/0@-1 straight=1/1 far_straight=0/0 circle_cnt=0/0/0/0 lost=0/0 conf=22.4/11.4/0.0/0.0 dist=0 begin=0/0 m0=(84,119) ml=(79,80) md=41/1/192 cxcy=84.0,119.6 guide=3.06 atg=-2.0/-1.0/-6.0 pure=0.58/0.50 yaw=-104 cmd=-263 actual=-25 signed=0 rps=5292/4570:6503/6744 duty=10/9 pwm=PWM2:10/PWM1:9 motor=2:10/1:9
CrossDiag: type=CROSS_NONE track=1 half_lr=0/0 nearL=0@-1/0@-1 nearNum=93/138 centerNum=93/138 farL=0@-1/0@-1 farNum=0/0 farRaw=0/0 lost=0/0 not_have=0 final=138/111 flags=0/0
LineErr: aim=41 cxcy=84.0,119.6 left=1:2.28@81,70 dx=-2.9 idx=0/20 dist=40/284 right=1:4.23@79,76 dx=-4.9 idx=0/17 dist=40/252 sel=1:4.15@79,75 dx=-4.9 idx=0/20 dist=40/220 edge=1:3.17@80.0,70.0 dx=-4.0 width=50.0 l=55,70 r=105,70
CxScan: raw_ref=80.0 edge=80.0,70.0 best_raw_x=70 best_err=0.15 best_cxcy=80.2,119.5 scan=0:-20.2,10:-17.5,20:-14.7,30:-11.8,40:-8.9,50:-5.9,60:-2.9,70:0.2,80:3.2,90:6.2,100:9.1,110:12.0,120:14.9,130:17.6,140:20.3
ATGSeedDiag: seed=1@9,108/1@127,107 begin=7,108 block=5 clip=8
ATGLptDiag: best=79(22.4) imip=69/89 pass=10100 acc=-1 ipm=-16.7,5.2 inv=17.8,17.4 | 49(11.4) imip=39/59 pass=10111 acc=-1 ipm=102.4,3.2 inv=82.9,16.7
frame=354 line=1 track=1 cross=0 circle=0(CIRCLE_NONE) round=0 yroad=0 ramp=0 road=2 speed=0 near=92/137 raw=139/170 sel=137/110 far=0/0 far_raw=0/0 l=0@-1/0@-1 far_l=0@-1/0@-1 straight=1/1 far_straight=0/0 circle_cnt=0/0/0/0 lost=0/0 conf=10.3/4.3/0.0/0.0 dist=0 begin=0/0 m0=(84,119) ml=(79,80) md=41/1/192 cxcy=84.0,119.6 guide=3.08 atg=-2.0/-1.0/-6.0 pure=0.56/0.48 yaw=-105 cmd=-241 actual=-37 signed=0 rps=5260/4600:6410/6546 duty=10/10 pwm=PWM2:10/PWM1:10 motor=2:10/1:10
CrossDiag: type=CROSS_NONE track=1 half_lr=0/0 nearL=0@-1/0@-1 nearNum=92/137 centerNum=92/137 farL=0@-1/0@-1 farNum=0/0 farRaw=0/0 lost=0/0 not_have=0 final=137/110 flags=0/0
LineErr: aim=41 cxcy=84.0,119.6 left=1:2.28@81,70 dx=-2.9 idx=0/20 dist=40/285 right=1:4.15@79,76 dx=-4.8 idx=0/17 dist=40/252 sel=1:4.09@79,75 dx=-4.8 idx=0/20 dist=40/218 edge=1:3.17@80.0,70.0 dx=-4.0 width=50.0 l=55,70 r=105,70
CxScan: raw_ref=80.0 edge=80.0,70.0 best_raw_x=70 best_err=0.15 best_cxcy=80.2,119.5 scan=0:-20.2,10:-17.5,20:-14.7,30:-11.8,40:-8.9,50:-5.9,60:-2.9,70:0.2,80:3.2,90:6.2,100:9.1,110:12.0,120:14.9,130:17.6,140:20.3
ATGSeedDiag: seed=1@9,108/1@128,108 begin=7,108 block=5 clip=8
ATGLptDiag: best=46(10.3) imip=36/56 pass=10111 acc=-1 ipm=47.2,10.9 inv=52.1,18.4 | 1(4.3) imip=0/11 pass=10111 acc=-1 ipm=104.4,114.2 inv=123.7,98.0
frame=355 line=1 track=1 cross=0 circle=0(CIRCLE_NONE) round=0 yroad=0 ramp=0 road=2 speed=0 near=92/138 raw=138/170 sel=138/111 far=0/0 far_raw=0/0 l=0@-1/0@-1 far_l=0@-1/0@-1 straight=1/1 far_straight=0/0 circle_cnt=0/0/0/0 lost=0/0 conf=13.3/12.5/0.0/0.0 dist=0 begin=0/0 m0=(84,119) ml=(79,80) md=41/1/192 cxcy=84.0,119.6 guide=3.08 atg=-2.0/-1.0/-6.0 pure=0.56/0.49 yaw=-105 cmd=-270 actual=-22 signed=0 rps=5300/4560:6162/6121 duty=10/10 pwm=PWM2:10/PWM1:10 motor=2:10/1:10
CrossDiag: type=CROSS_NONE track=1 half_lr=0/0 nearL=0@-1/0@-1 nearNum=92/138 centerNum=92/138 farL=0@-1/0@-1 farNum=0/0 farRaw=0/0 lost=0/0 not_have=0 final=138/111 flags=0/0
LineErr: aim=41 cxcy=84.0,119.6 left=1:2.27@81,69 dx=-2.9 idx=0/20 dist=40/288 right=1:4.13@79,76 dx=-4.8 idx=0/17 dist=40/253 sel=1:4.07@79,75 dx=-4.8 idx=0/20 dist=40/220 edge=1:2.76@80.5,69.5 dx=-3.5 width=51.0 l=55,69 r=106,70
CxScan: raw_ref=80.0 edge=80.5,69.5 best_raw_x=70 best_err=-0.24 best_cxcy=80.2,119.5 scan=0:-20.4,10:-17.7,20:-14.9,30:-12.1,40:-9.2,50:-6.2,60:-3.2,70:-0.2,80:2.8,90:5.7,100:8.7,110:11.6,120:14.4,130:17.2,140:19.8
ATGSeedDiag: seed=1@9,107/1@128,108 begin=7,108 block=5 clip=8
ATGLptDiag: best=47(13.3) imip=37/57 pass=10111 acc=-1 ipm=45.5,8.7 inv=51.5,17.9 | 46(12.5) imip=36/56 pass=10111 acc=-1 ipm=105.2,10.2 inv=85.1,18.0
frame=356 line=1 track=1 cross=0 circle=0(CIRCLE_NONE) round=0 yroad=0 ramp=0 road=2 speed=0 near=91/137 raw=139/170 sel=137/110 far=0/0 far_raw=0/0 l=0@-1/0@-1 far_l=0@-1/0@-1 straight=1/1 far_straight=0/0 circle_cnt=0/0/0/0 lost=0/0 conf=26.7/8.0/0.0/0.0 dist=0 begin=0/0 m0=(84,119) ml=(79,80) md=41/1/192 cxcy=84.0,119.6 guide=3.08 atg=-2.0/-1.0/-7.0 pure=0.53/0.50 yaw=-105 cmd=-288 actual=-13 signed=0 rps=5325/4535:6575/6387 duty=10/9 pwm=PWM2:10/PWM1:9 motor=2:10/1:9
CrossDiag: type=CROSS_NONE track=1 half_lr=0/0 nearL=0@-1/0@-1 nearNum=91/137 centerNum=91/137 farL=0@-1/0@-1 farNum=0/0 farRaw=0/0 lost=0/0 not_have=0 final=137/110 flags=0/0
LineErr: aim=41 cxcy=84.0,119.6 left=1:2.28@81,70 dx=-2.9 idx=0/20 dist=40/282 right=1:4.12@79,76 dx=-4.8 idx=0/17 dist=40/244 sel=1:4.07@79,75 dx=-4.8 idx=0/20 dist=40/218 edge=1:2.77@80.5,70.0 dx=-3.5 width=51.0 l=55,70 r=106,70
CxScan: raw_ref=80.0 edge=80.5,70.0 best_raw_x=70 best_err=-0.24 best_cxcy=80.2,119.5 scan=0:-20.6,10:-17.8,20:-15.0,30:-12.2,40:-9.2,50:-6.3,60:-3.3,70:-0.2,80:2.8,90:5.8,100:8.7,110:11.6,120:14.5,130:17.3,140:20.0
ATGSeedDiag: seed=1@8,108/1@128,108 begin=7,108 block=5 clip=8
ATGLptDiag: best=78(26.7) imip=68/88 pass=10100 acc=-1 ipm=-15.6,6.8 inv=17.9,17.7 | 49(8.0) imip=39/59 pass=10111 acc=-1 ipm=102.5,3.5 inv=83.0,16.8
frame=357 line=1 track=1 cross=0 circle=0(CIRCLE_NONE) round=0 yroad=0 ramp=0 road=2 speed=0 near=88/134 raw=138/170 sel=134/107 far=0/0 far_raw=0/0 l=0@-1/0@-1 far_l=0@-1/0@-1 straight=1/1 far_straight=0/0 circle_cnt=0/0/0/0 lost=0/0 conf=22.7/11.9/0.0/0.0 dist=0 begin=0/0 m0=(84,119) ml=(79,80) md=41/1/189 cxcy=84.0,119.6 guide=3.08 atg=-2.0/-2.0/-9.0 pure=0.56/0.66 yaw=-105 cmd=-268 actual=-23 signed=0 rps=5297/4563:6489/6300 duty=10/10 pwm=PWM2:10/PWM1:10 motor=2:10/1:10
CrossDiag: type=CROSS_NONE track=1 half_lr=0/0 nearL=0@-1/0@-1 nearNum=88/134 centerNum=88/134 farL=0@-1/0@-1 farNum=0/0 farRaw=0/0 lost=0/0 not_have=0 final=134/107 flags=0/0
LineErr: aim=41 cxcy=84.0,119.6 left=1:2.28@81,70 dx=-2.9 idx=0/20 dist=40/279 right=1:4.41@79,76 dx=-5.2 idx=0/17 dist=40/234 sel=1:4.33@79,75 dx=-5.1 idx=0/20 dist=40/212 edge=1:3.17@80.0,70.0 dx=-4.0 width=50.0 l=55,70 r=105,70
CxScan: raw_ref=80.0 edge=80.0,70.0 best_raw_x=70 best_err=0.15 best_cxcy=80.2,119.5 scan=0:-20.2,10:-17.5,20:-14.7,30:-11.8,40:-8.9,50:-5.9,60:-2.9,70:0.2,80:3.2,90:6.2,100:9.1,110:12.0,120:14.9,130:17.6,140:20.3
ATGSeedDiag: seed=1@8,108/1@128,107 begin=7,108 block=5 clip=8
ATGLptDiag: best=73(22.7) imip=63/83 pass=10100 acc=-1 ipm=-10.9,4.8 inv=21.2,17.3 | 43(11.9) imip=33/53 pass=10111 acc=-1 ipm=105.7,16.7 inv=86.0,19.4
frame=358 line=1 track=1 cross=0 circle=0(CIRCLE_NONE) round=0 yroad=0 ramp=0 road=2 speed=0 near=86/130 raw=138/170 sel=130/105 far=0/0 far_raw=0/0 l=0@-1/0@-1 far_l=0@-1/0@-1 straight=1/1 far_straight=0/0 circle_cnt=0/0/0/0 lost=0/0 conf=32.7/9.0/0.0/0.0 dist=0 begin=0/0 m0=(84,119) ml=(79,80) md=41/1/193 cxcy=84.0,119.6 guide=3.21 atg=-2.0/-4.0/-14.0 pure=0.60/0.83 yaw=-109 cmd=-269 actual=-30 signed=0 rps=5295/4559:6891/6797 duty=10/9 pwm=PWM2:10/PWM1:9 motor=2:10/1:9
CrossDiag: type=CROSS_NONE track=1 half_lr=0/0 nearL=0@-1/0@-1 nearNum=86/130 centerNum=86/130 farL=0@-1/0@-1 farNum=0/0 farRaw=0/0 lost=0/0 not_have=0 final=130/105 flags=0/0
LineErr: aim=41 cxcy=84.0,119.6 left=1:2.07@81,70 dx=-2.6 idx=0/20 dist=40/265 right=1:4.54@79,76 dx=-5.3 idx=0/17 dist=40/235 sel=1:4.46@79,75 dx=-5.2 idx=0/20 dist=40/208 edge=1:3.17@80.0,70.0 dx=-4.0 width=50.0 l=55,70 r=105,70
CxScan: raw_ref=80.0 edge=80.0,70.0 best_raw_x=70 best_err=0.15 best_cxcy=80.2,119.5 scan=0:-20.2,10:-17.5,20:-14.7,30:-11.8,40:-8.9,50:-5.9,60:-2.9,70:0.2,80:3.2,90:6.2,100:9.1,110:12.0,120:14.9,130:17.6,140:20.3
ATGSeedDiag: seed=1@8,108/1@128,108 begin=7,108 block=5 clip=8
ATGLptDiag: best=76(32.7) imip=66/85 pass=10100 acc=-1 ipm=-14.5,14.4 inv=15.4,19.3 | 47(9.0) imip=37/57 pass=10111 acc=-1 ipm=100.7,8.4 inv=82.4,17.7
frame=359 line=1 track=1 cross=0 circle=0(CIRCLE_NONE) round=0 yroad=0 ramp=0 road=2 speed=0 near=85/129 raw=137/170 sel=129/104 far=0/0 far_raw=0/0 l=0@-1/0@-1 far_l=0@-1/0@-1 straight=1/1 far_straight=0/0 circle_cnt=0/0/0/0 lost=0/0 conf=36.9/13.4/0.0/0.0 dist=0 begin=0/0 m0=(84,119) ml=(79,80) md=41/1/192 cxcy=84.0,119.6 guide=3.47 atg=-2.0/-4.0/-14.0 pure=0.63/0.89 yaw=-118 cmd=-294 actual=-30 signed=0 rps=5324/4518:7169/7030 duty=9/9 pwm=PWM2:9/PWM1:9 motor=2:9/1:9
CrossDiag: type=CROSS_NONE track=1 half_lr=0/0 nearL=0@-1/0@-1 nearNum=85/129 centerNum=85/129 farL=0@-1/0@-1 farNum=0/0 farRaw=0/0 lost=0/0 not_have=0 final=129/104 flags=0/0
LineErr: aim=41 cxcy=84.0,119.6 left=1:2.07@81,70 dx=-2.6 idx=0/20 dist=40/265 right=1:4.53@79,76 dx=-5.3 idx=0/17 dist=40/234 sel=1:4.49@79,75 dx=-5.3 idx=0/20 dist=40/206 edge=1:3.17@80.0,70.0 dx=-4.0 width=50.0 l=55,70 r=105,70
CxScan: raw_ref=80.0 edge=80.0,70.0 best_raw_x=70 best_err=0.15 best_cxcy=80.2,119.5 scan=0:-20.2,10:-17.5,20:-14.7,30:-11.8,40:-8.9,50:-5.9,60:-2.9,70:0.2,80:3.2,90:6.2,100:9.1,110:12.0,120:14.9,130:17.6,140:20.3
ATGSeedDiag: seed=1@8,108/1@128,108 begin=7,108 block=5 clip=8
ATGLptDiag: best=73(36.9) imip=63/83 pass=10100 acc=-1 ipm=-12.1,11.3 inv=18.1,18.6 | 43(13.4) imip=33/53 pass=10111 acc=-1 ipm=104.0,17.1 inv=85.0,19.5
frame=360 line=1 track=1 cross=0 circle=0(CIRCLE_NONE) round=0 yroad=0 ramp=0 road=2 speed=0 near=86/131 raw=137/170 sel=131/106 far=0/0 far_raw=0/0 l=0@-1/0@-1 far_l=0@-1/0@-1 straight=1/1 far_straight=0/0 circle_cnt=0/0/0/0 lost=0/0 conf=38.3/13.6/0.0/0.0 dist=0 begin=0/0 m0=(84,119) ml=(79,80) md=41/1/188 cxcy=84.0,119.6 guide=3.08 atg=-2.0/-4.0/-14.0 pure=0.60/0.89 yaw=-105 cmd=-224 actual=-45 signed=0 rps=5238/4623:6731/6662 duty=10/9 pwm=PWM2:10/PWM1:9 motor=2:10/1:9
CrossDiag: type=CROSS_NONE track=1 half_lr=0/0 nearL=0@-1/0@-1 nearNum=86/131 centerNum=86/131 farL=0@-1/0@-1 farNum=0/0 farRaw=0/0 lost=0/0 not_have=0 final=131/106 flags=0/0
LineErr: aim=41 cxcy=84.0,119.6 left=1:2.29@81,70 dx=-2.9 idx=0/20 dist=40/272 right=1:4.54@79,76 dx=-5.3 idx=0/17 dist=40/239 sel=1:4.46@79,75 dx=-5.3 idx=0/20 dist=40/210 edge=1:3.17@80.0,70.0 dx=-4.0 width=50.0 l=55,70 r=105,70
CxScan: raw_ref=80.0 edge=80.0,70.0 best_raw_x=70 best_err=0.15 best_cxcy=80.2,119.5 scan=0:-20.2,10:-17.5,20:-14.7,30:-11.8,40:-8.9,50:-5.9,60:-2.9,70:0.2,80:3.2,90:6.2,100:9.1,110:12.0,120:14.9,130:17.6,140:20.3
ATGSeedDiag: seed=1@8,108/1@128,108 begin=7,108 block=5 clip=8
ATGLptDiag: best=76(38.3) imip=66/85 pass=10100 acc=-1 ipm=-16.2,14.3 inv=14.5,19.2 | 78(13.6) imip=68/88 pass=10101 acc=-1 ipm=46.5,-37.6 inv=56.8,11.2
frame=361 line=1 track=1 cross=0 circle=0(CIRCLE_NONE) round=0 yroad=0 ramp=0 road=2 speed=0 near=87/134 raw=137/170 sel=134/107 far=0/0 far_raw=0/0 l=0@-1/0@-1 far_l=0@-1/0@-1 straight=1/1 far_straight=0/0 circle_cnt=0/0/0/0 lost=0/0 conf=32.2/10.7/0.0/0.0 dist=0 begin=0/0 m0=(84,119) ml=(79,80) md=41/1/187 cxcy=84.0,119.6 guide=3.08 atg=-2.0/-4.0/-12.0 pure=0.56/0.79 yaw=-105 cmd=-223 actual=-46 signed=0 rps=5236/4624:6722/6871 duty=10/9 pwm=PWM2:10/PWM1:9 motor=2:10/1:9
CrossDiag: type=CROSS_NONE track=1 half_lr=0/0 nearL=0@-1/0@-1 nearNum=87/134 centerNum=87/134 farL=0@-1/0@-1 farNum=0/0 farRaw=0/0 lost=0/0 not_have=0 final=134/107 flags=0/0
LineErr: aim=41 cxcy=84.0,119.6 left=1:2.28@81,70 dx=-2.9 idx=0/20 dist=40/273 right=1:4.26@79,76 dx=-5.0 idx=0/17 dist=40/237 sel=1:4.17@79,75 dx=-4.9 idx=0/20 dist=40/212 edge=1:3.17@80.0,70.0 dx=-4.0 width=50.0 l=55,70 r=105,70
CxScan: raw_ref=80.0 edge=80.0,70.0 best_raw_x=70 best_err=0.15 best_cxcy=80.2,119.5 scan=0:-20.2,10:-17.5,20:-14.7,30:-11.8,40:-8.9,50:-5.9,60:-2.9,70:0.2,80:3.2,90:6.2,100:9.1,110:12.0,120:14.9,130:17.6,140:20.3
ATGSeedDiag: seed=1@8,108/1@128,108 begin=7,108 block=5 clip=8
ATGLptDiag: best=77(32.2) imip=67/86 pass=10100 acc=-1 ipm=-17.8,14.5 inv=13.5,19.3 | 75(10.7) imip=65/85 pass=10101 acc=-1 ipm=54.6,-35.3 inv=60.1,11.4
frame=362 line=1 track=1 cross=0 circle=0(CIRCLE_NONE) round=0 yroad=0 ramp=0 road=2 speed=0 near=84/132 raw=137/170 sel=132/105 far=0/0 far_raw=0/0 l=0@-1/0@-1 far_l=0@-1/0@-1 straight=1/1 far_straight=0/0 circle_cnt=0/0/0/0 lost=0/0 conf=37.9/11.3/0.0/0.0 dist=0 begin=0/0 m0=(84,119) ml=(79,80) md=41/1/188 cxcy=84.0,119.6 guide=3.08 atg=-2.0/-4.0/-13.0 pure=0.53/0.83 yaw=-105 cmd=-223 actual=-46 signed=0 rps=5236/4625:6182/6447 duty=10/10 pwm=PWM2:10/PWM1:10 motor=2:10/1:10
CrossDiag: type=CROSS_NONE track=1 half_lr=0/0 nearL=0@-1/0@-1 nearNum=84/132 centerNum=84/132 farL=0@-1/0@-1 farNum=0/0 farRaw=0/0 lost=0/0 not_have=0 final=132/105 flags=0/0
LineErr: aim=41 cxcy=84.0,119.6 left=1:2.28@81,70 dx=-2.9 idx=0/20 dist=40/262 right=1:4.13@79,76 dx=-4.8 idx=0/17 dist=40/235 sel=1:4.08@79,75 dx=-4.8 idx=0/20 dist=40/208 edge=1:3.17@80.0,70.0 dx=-4.0 width=50.0 l=55,70 r=105,70
CxScan: raw_ref=80.0 edge=80.0,70.0 best_raw_x=70 best_err=0.15 best_cxcy=80.2,119.5 scan=0:-20.2,10:-17.5,20:-14.7,30:-11.8,40:-8.9,50:-5.9,60:-2.9,70:0.2,80:3.2,90:6.2,100:9.1,110:12.0,120:14.9,130:17.6,140:20.3
ATGSeedDiag: seed=1@8,108/1@128,108 begin=7,108 block=5 clip=8
ATGLptDiag: best=73(37.9) imip=63/83 pass=10100 acc=-1 ipm=-13.0,12.4 inv=17.1,18.8 | 47(11.3) imip=37/57 pass=10111 acc=-1 ipm=101.3,8.4 inv=82.7,17.7
frame=363 line=1 track=1 cross=0 circle=0(CIRCLE_NONE) round=0 yroad=0 ramp=0 road=2 speed=0 near=82/128 raw=136/170 sel=128/101 far=0/0 far_raw=0/0 l=0@-1/0@-1 far_l=0@-1/0@-1 straight=1/1 far_straight=0/0 circle_cnt=0/0/0/0 lost=0/0 conf=19.3/10.5/0.0/0.0 dist=0 begin=0/0 m0=(84,119) ml=(79,80) md=41/1/190 cxcy=84.0,119.6 guide=3.08 atg=-2.0/-5.0/-16.0 pure=0.56/0.98 yaw=-105 cmd=-226 actual=-44 signed=0 rps=5240/4621:6280/6458 duty=10/10 pwm=PWM2:10/PWM1:10 motor=2:10/1:10
CrossDiag: type=CROSS_NONE track=1 half_lr=0/0 nearL=0@-1/0@-1 nearNum=82/128 centerNum=82/128 farL=0@-1/0@-1 farNum=0/0 farRaw=0/0 lost=0/0 not_have=0 final=128/101 flags=0/0
LineErr: aim=41 cxcy=84.0,119.6 left=1:1.89@82,70 dx=-2.4 idx=0/20 dist=40/257 right=1:4.26@79,76 dx=-5.0 idx=0/17 dist=40/227 sel=1:4.17@79,75 dx=-4.9 idx=0/20 dist=40/200 edge=1:2.77@80.5,70.0 dx=-3.5 width=49.0 l=56,70 r=105,70
CxScan: raw_ref=80.0 edge=80.5,70.0 best_raw_x=70 best_err=-0.24 best_cxcy=80.2,119.5 scan=0:-20.6,10:-17.8,20:-15.0,30:-12.2,40:-9.2,50:-6.3,60:-3.3,70:-0.2,80:2.8,90:5.8,100:8.7,110:11.6,120:14.5,130:17.3,140:20.0
ATGSeedDiag: seed=1@9,108/1@128,108 begin=7,108 block=5 clip=8
ATGLptDiag: best=42(19.3) imip=32/52 pass=10111 acc=-1 ipm=47.6,20.5 inv=51.0,20.4 | 44(10.5) imip=34/54 pass=10111 acc=-1 ipm=102.7,15.1 inv=84.1,19.0
frame=364 line=1 track=1 cross=0 circle=0(CIRCLE_NONE) round=0 yroad=0 ramp=0 road=2 speed=0 near=80/123 raw=135/170 sel=123/97 far=0/0 far_raw=0/0 l=0@-1/0@-1 far_l=0@-1/0@-1 straight=1/1 far_straight=0/0 circle_cnt=0/0/0/0 lost=0/0 conf=33.9/12.3/0.0/0.0 dist=0 begin=0/0 m0=(84,119) ml=(79,80) md=41/1/195 cxcy=84.0,119.6 guide=3.08 atg=-2.0/-9.0/-22.0 pure=0.59/1.20 yaw=-105 cmd=-264 actual=-25 signed=0 rps=5292/4569:6097/6064 duty=10/10 pwm=PWM2:10/PWM1:10 motor=2:10/1:10
CrossDiag: type=CROSS_NONE track=1 half_lr=0/0 nearL=0@-1/0@-1 nearNum=80/123 centerNum=80/123 farL=0@-1/0@-1 farNum=0/0 farRaw=0/0 lost=0/0 not_have=0 final=123/97 flags=0/0
LineErr: aim=41 cxcy=84.0,119.6 left=1:1.58@82,70 dx=-2.0 idx=0/20 dist=40/259 right=1:4.45@79,76 dx=-5.2 idx=0/17 dist=40/213 sel=1:4.34@79,75 dx=-5.1 idx=0/20 dist=40/192 edge=1:2.77@80.5,70.0 dx=-3.5 width=49.0 l=56,70 r=105,70
CxScan: raw_ref=80.0 edge=80.5,70.0 best_raw_x=70 best_err=-0.24 best_cxcy=80.2,119.5 scan=0:-20.6,10:-17.8,20:-15.0,30:-12.2,40:-9.2,50:-6.3,60:-3.3,70:-0.2,80:2.8,90:5.8,100:8.7,110:11.6,120:14.5,130:17.3,140:20.0
ATGSeedDiag: seed=1@9,108/1@128,108 begin=7,108 block=5 clip=8
ATGLptDiag: best=69(33.9) imip=59/79 pass=10100 acc=-1 ipm=-9.5,19.1 inv=16.5,20.3 | 77(12.3) imip=67/87 pass=10101 acc=-1 ipm=41.4,-30.3 inv=54.0,12.0
frame=365 line=1 track=1 cross=0 circle=0(CIRCLE_NONE) round=0 yroad=0 ramp=0 road=2 speed=0 near=79/122 raw=135/170 sel=122/96 far=0/0 far_raw=0/0 l=0@-1/0@-1 far_l=0@-1/0@-1 straight=1/1 far_straight=0/0 circle_cnt=0/0/0/0 lost=0/0 conf=28.4/11.9/0.0/0.0 dist=0 begin=0/0 m0=(84,119) ml=(79,80) md=41/1/193 cxcy=84.0,119.6 guide=3.21 atg=-2.0/-10.0/-25.0 pure=0.60/1.30 yaw=-109 cmd=-295 actual=-16 signed=0 rps=5332/4522:6497/6282 duty=10/10 pwm=PWM2:10/PWM1:10 motor=2:10/1:10
CrossDiag: type=CROSS_NONE track=1 half_lr=0/0 nearL=0@-1/0@-1 nearNum=79/122 centerNum=79/122 farL=0@-1/0@-1 farNum=0/0 farRaw=0/0 lost=0/0 not_have=0 final=122/96 flags=0/0
LineErr: aim=41 cxcy=84.0,119.6 left=1:1.58@82,70 dx=-2.0 idx=0/20 dist=40/252 right=1:4.54@79,76 dx=-5.3 idx=0/17 dist=40/215 sel=1:4.46@79,75 dx=-5.2 idx=0/20 dist=40/190 edge=1:2.77@80.5,70.0 dx=-3.5 width=49.0 l=56,70 r=105,70
CxScan: raw_ref=80.0 edge=80.5,70.0 best_raw_x=70 best_err=-0.24 best_cxcy=80.2,119.5 scan=0:-20.6,10:-17.8,20:-15.0,30:-12.2,40:-9.2,50:-6.3,60:-3.3,70:-0.2,80:2.8,90:5.8,100:8.7,110:11.6,120:14.5,130:17.3,140:20.0
ATGSeedDiag: seed=1@9,108/1@128,108 begin=7,108 block=5 clip=8
ATGLptDiag: best=68(28.4) imip=58/78 pass=10100 acc=-1 ipm=-8.1,19.3 inv=17.3,20.3 | 41(11.9) imip=31/51 pass=10111 acc=-1 ipm=102.8,21.9 inv=84.8,20.6
frame=366 line=1 track=1 cross=0 circle=0(CIRCLE_NONE) round=0 yroad=0 ramp=0 road=2 speed=0 near=78/124 raw=135/170 sel=124/97 far=0/0 far_raw=0/0 l=0@-1/0@-1 far_l=0@-1/0@-1 straight=1/1 far_straight=0/0 circle_cnt=0/0/0/0 lost=0/0 conf=28.2/10.1/0.0/0.0 dist=0 begin=0/0 m0=(84,119) ml=(79,80) md=41/1/191 cxcy=84.0,119.6 guide=3.08 atg=-2.0/-9.0/-22.0 pure=0.58/1.21 yaw=-105 cmd=-297 actual=-9 signed=0 rps=5337/4524:6409/6206 duty=10/10 pwm=PWM2:10/PWM1:10 motor=2:10/1:10
CrossDiag: type=CROSS_NONE track=1 half_lr=0/0 nearL=0@-1/0@-1 nearNum=78/124 centerNum=78/124 farL=0@-1/0@-1 farNum=0/0 farRaw=0/0 lost=0/0 not_have=0 final=124/97 flags=0/0
LineErr: aim=41 cxcy=84.0,119.6 left=1:1.89@82,70 dx=-2.4 idx=0/20 dist=40/245 right=1:4.27@79,76 dx=-5.0 idx=0/17 dist=40/215 sel=1:4.17@79,75 dx=-4.9 idx=0/20 dist=40/192 edge=1:2.77@80.5,70.0 dx=-3.5 width=49.0 l=56,70 r=105,70
CxScan: raw_ref=80.0 edge=80.5,70.0 best_raw_x=70 best_err=-0.24 best_cxcy=80.2,119.5 scan=0:-20.6,10:-17.8,20:-15.0,30:-12.2,40:-9.2,50:-6.3,60:-3.3,70:-0.2,80:2.8,90:5.8,100:8.7,110:11.6,120:14.5,130:17.3,140:20.0
ATGSeedDiag: seed=1@9,108/1@128,108 begin=7,108 block=5 clip=8
ATGLptDiag: best=66(28.2) imip=56/76 pass=10100 acc=-1 ipm=-5.3,14.2 inv=21.0,19.2 | 41(10.1) imip=31/51 pass=10111 acc=-1 ipm=103.3,21.8 inv=85.1,20.5
frame=367 line=1 track=1 cross=0 circle=0(CIRCLE_NONE) round=0 yroad=0 ramp=0 road=2 speed=0 near=79/127 raw=135/170 sel=127/101 far=0/0 far_raw=0/0 l=0@-1/0@-1 far_l=0@-1/0@-1 straight=1/1 far_straight=0/0 circle_cnt=0/0/0/0 lost=0/0 conf=40.2/11.4/0.0/0.0 dist=0 begin=0/0 m0=(84,119) ml=(79,80) md=41/1/191 cxcy=84.0,119.6 guide=3.08 atg=-2.0/-7.0/-19.0 pure=0.53/1.10 yaw=-105 cmd=-319 actual=2 signed=0 rps=5368/4493:6805/6765 duty=10/9 pwm=PWM2:10/PWM1:9 motor=2:10/1:9
CrossDiag: type=CROSS_NONE track=1 half_lr=0/0 nearL=0@-1/0@-1 nearNum=79/127 centerNum=79/127 farL=0@-1/0@-1 farNum=0/0 farRaw=0/0 lost=0/0 not_have=0 final=127/101 flags=0/0
LineErr: aim=41 cxcy=84.0,119.6 left=1:2.07@81,70 dx=-2.6 idx=0/20 dist=40/245 right=1:4.13@79,76 dx=-4.8 idx=0/17 dist=40/223 sel=1:4.08@79,75 dx=-4.8 idx=0/20 dist=40/200 edge=1:3.17@80.0,70.0 dx=-4.0 width=50.0 l=55,70 r=105,70
CxScan: raw_ref=80.0 edge=80.0,70.0 best_raw_x=70 best_err=0.15 best_cxcy=80.2,119.5 scan=0:-20.2,10:-17.5,20:-14.7,30:-11.8,40:-8.9,50:-5.9,60:-2.9,70:0.2,80:3.2,90:6.2,100:9.1,110:12.0,120:14.9,130:17.6,140:20.3
ATGSeedDiag: seed=1@8,108/1@128,108 begin=7,108 block=5 clip=8
ATGLptDiag: best=68(40.2) imip=58/78 pass=10100 acc=-1 ipm=-8.9,14.3 inv=18.8,19.2 | 41(11.4) imip=31/51 pass=10111 acc=-1 ipm=104.3,21.8 inv=85.8,20.5
frame=368 line=1 track=1 cross=0 circle=0(CIRCLE_NONE) round=0 yroad=0 ramp=0 road=2 speed=0 near=15/12 raw=170/170 sel=12/21 far=0/0 far_raw=0/0 l=1@16/1@14 far_l=0@-1/0@-1 straight=0/0 far_straight=0/0 circle_cnt=0/0/0/0 lost=0/0 conf=103.3/99.6/0.0/0.0 dist=0 begin=0/0 m0=(84,119) ml=(69,94) md=41/1/43 cxcy=84.0,119.6 guide=18.39 atg=-60.0/-30.0/-30.0 pure=5.40/5.40 yaw=-1471 cmd=-1871 actual=3 signed=0 rps=6584/1454:7034/6968 duty=14/0 pwm=PWM2:14/PWM1:0 motor=2:14/1:0
CrossDiag: type=CROSS_NONE track=1 half_lr=0/0 nearL=1@16/1@14 nearNum=15/12 centerNum=15/12 farL=0@-1/0@-1 farNum=0/0 farRaw=0/0 lost=0/0 not_have=0 final=12/21 flags=0/0
LineErr: aim=41 cxcy=84.0,119.6 left=1:7.21@76,83 dx=-7.6 idx=8/12 dist=54/90 right=1:26.42@64,103 dx=-19.9 idx=7/10 dist=34/49 sel=1:15.21@70,92 dx=-13.9 idx=0/20 dist=40/40 edge=1:0.93@83.5,110.5 dx=-0.5 width=11.4 l=78,112 r=89,109
CxScan: raw_ref=80.0 edge=83.5,110.5 best_raw_x=80 best_err=0.93 best_cxcy=84.0,119.6 scan=0:-43.3,10:-39.4,20:-35.1,30:-30.2,40:-24.8,50:-18.9,60:-12.5,70:-5.9,80:0.9,90:7.7,100:14.2,110:20.4,120:26.1,130:31.3,140:35.9
ATGSeedDiag: seed=1@70,108/1@91,108 begin=7,108 block=5 clip=8
ATGLptDiag: best=16(103.3) imip=6/22 pass=11111 acc=16 ipm=78.1,116.7 inv=65.1,106.9 | 14(99.6) imip=4/21 pass=11111 acc=14 ipm=91.0,114.5 inv=94.2,99.3
frame=369 line=1 track=1 cross=0 circle=0(CIRCLE_NONE) round=0 yroad=0 ramp=0 road=2 speed=0 near=13/14 raw=170/170 sel=14/34 far=0/0 far_raw=0/0 l=1@15/1@14 far_l=0@-1/0@-1 straight=0/0 far_straight=0/0 circle_cnt=0/0/0/0 lost=0/0 conf=104.0/100.1/0.0/0.0 dist=0 begin=0/0 m0=(84,119) ml=(72,93) md=40/1/72 cxcy=84.0,119.6 guide=14.11 atg=21.0/36.0/36.0 pure=-2.63/-5.30 yaw=-1128 cmd=-1528 actual=2 signed=0 rps=6342/2153:6637/6563 duty=13/0 pwm=PWM2:13/PWM1:0 motor=2:13/1:0
CrossDiag: type=CROSS_NONE track=1 half_lr=0/0 nearL=1@15/1@14 nearNum=13/14 centerNum=13/14 farL=0@-1/0@-1 farNum=0/0 farRaw=0/0 lost=0/0 not_have=0 final=14/34 flags=0/0
LineErr: aim=41 cxcy=84.0,119.6 left=1:-12.22@96,88 dx=11.8 idx=7/11 dist=37/62 right=1:9.74@75,87 dx=-9.5 idx=9/12 dist=50/77 sel=1:12.12@73,91 dx=-11.2 idx=0/20 dist=40/66 edge=1:-0.83@84.5,110.0 dx=0.5 width=13.0 l=78,110 r=91,110
CxScan: raw_ref=80.0 edge=84.5,110.0 best_raw_x=80 best_err=-0.83 best_cxcy=84.0,119.6 scan=0:-43.8,10:-40.0,20:-35.8,30:-31.1,40:-25.9,50:-20.1,60:-14.0,70:-7.5,80:-0.8,90:5.8,100:12.4,110:18.5,120:24.3,130:29.6,140:34.3
ATGSeedDiag: seed=1@70,108/1@91,108 begin=7,108 block=5 clip=8
ATGLptDiag: best=15(104.0) imip=5/21 pass=11111 acc=15 ipm=78.1,117.0 inv=65.0,107.9 | 14(100.1) imip=4/22 pass=11111 acc=14 ipm=90.9,112.6 inv=92.9,93.7
frame=370 line=1 track=1 cross=0 circle=0(CIRCLE_NONE) round=0 yroad=0 ramp=0 road=3 speed=0 near=8/8 raw=57/57 sel=8/20 far=0/0 far_raw=0/0 l=0@-1/0@-1 far_l=0@-1/0@-1 straight=0/0 far_straight=0/0 circle_cnt=0/0/0/0 lost=0/0 conf=166.2/166.0/0.0/0.0 dist=0 begin=0/0 m0=(84,119) ml=(105,94) md=42/1/42 cxcy=84.0,119.6 guide=-21.43 atg=60.0/60.0/60.0 pure=-7.92/-7.92 yaw=1714 cmd=2114 actual=-1 signed=0 rps=959/6755:6721/6700 duty=0/18 pwm=PWM2:0/PWM1:18 motor=2:0/1:18
CrossDiag: type=CROSS_NONE track=1 half_lr=0/0 nearL=0@-1/0@-1 nearNum=8/8 centerNum=8/8 farL=0@-1/0@-1 farNum=0/0 farRaw=0/0 lost=0/0 not_have=0 final=8/20 flags=0/0
LineErr: aim=41 cxcy=84.0,119.6 left=1:24.25@63,96 dx=-20.9 idx=0/7 dist=14/14 right=1:-22.23@105,91 dx=21.1 idx=0/5 dist=41/45 sel=1:-23.30@105,94 dx=21.1 idx=0/19 dist=38/38 edge=1:-1.10@84.5,118.0 dx=0.5 width=13.0 l=78,118 r=91,118
CxScan: raw_ref=80.0 edge=84.5,118.0 best_raw_x=80 best_err=-1.10 best_cxcy=84.0,119.6 scan=0:-51.8,10:-48.1,20:-43.7,30:-38.6,40:-32.7,50:-25.9,60:-18.3,70:-9.9,80:-1.1,90:7.7,100:16.2,110:23.9,120:30.8,130:36.9,140:42.1
ATGSeedDiag: seed=1@70,108/1@91,108 begin=7,108 block=5 clip=8
ATGLptDiag: best=3(166.2) imip=0/7 pass=11010 acc=-1 ipm=80.1,109.4 inv=70.0,85.8 | 3(166.0) imip=0/7 pass=11011 acc=-1 ipm=89.0,109.4 inv=87.5,85.7
frame=371 line=1 track=0 cross=0 circle=0(CIRCLE_NONE) round=0 yroad=0 ramp=0 road=3 speed=0 near=8/7 raw=54/54 sel=8/20 far=0/0 far_raw=0/0 l=0@-1/0@-1 far_l=0@-1/0@-1 straight=0/0 far_straight=0/0 circle_cnt=0/0/0/0 lost=0/0 conf=166.0/161.8/0.0/0.0 dist=0 begin=0/0 m0=(84,119) ml=(58,100) md=41/1/43 cxcy=84.0,119.6 guide=29.84 atg=-60.0/-60.0/-60.0 pure=11.53/11.53 yaw=-2387 cmd=-2787 actual=-39 signed=0 rps=7229/0:6195/6320 duty=17/0 pwm=PWM2:17/PWM1:0 motor=2:17/1:0
CrossDiag: type=CROSS_NONE track=0 half_lr=0/0 nearL=0@-1/0@-1 nearNum=8/7 centerNum=8/7 farL=0@-1/0@-1 farNum=0/0 farRaw=0/0 lost=0/0 not_have=0 final=8/20 flags=0/0
LineErr: aim=41 cxcy=84.0,119.6 left=1:30.13@58,98 dx=-26.0 idx=0/5 dist=40/44 right=1:-19.70@102,94 dx=17.6 idx=0/6 dist=12/12 sel=1:33.03@58,102 dx=-26.3 idx=0/19 dist=38/38 edge=1:-1.10@84.5,118.0 dx=0.5 width=13.2 l=78,119 r=91,117
CxScan: raw_ref=80.0 edge=84.5,118.0 best_raw_x=80 best_err=-1.10 best_cxcy=84.0,119.6 scan=0:-51.8,10:-48.1,20:-43.7,30:-38.6,40:-32.7,50:-25.9,60:-18.3,70:-9.9,80:-1.1,90:7.7,100:16.2,110:23.9,120:30.8,130:36.9,140:42.1
ATGSeedDiag: seed=1@70,108/1@91,108 begin=7,108 block=5 clip=8
ATGLptDiag: best=2(166.0) imip=0/7 pass=11010 acc=-1 ipm=80.6,111.7 inv=71.0,91.5 | 3(161.8) imip=0/6 pass=11011 acc=-1 ipm=90.6,110.3 inv=91.0,87.8
frame=372 line=1 track=0 cross=0 circle=0(CIRCLE_NONE) round=0 yroad=0 ramp=0 road=3 speed=0 near=7/7 raw=49/50 sel=7/19 far=0/0 far_raw=0/0 l=0@-1/0@-1 far_l=0@-1/0@-1 straight=0/0 far_straight=0/0 circle_cnt=0/0/0/0 lost=0/0 conf=166.2/163.3/0.0/0.0 dist=0 begin=0/0 m0=(84,119) ml=(57,102) md=39/0/39 cxcy=84.0,119.6 guide=30.75 atg=-60.0/-60.0/-60.0 pure=11.39/11.39 yaw=-2460 cmd=-2860 actual=-40 signed=0 rps=7280/0:6226/6486 duty=17/0 pwm=PWM2:17/PWM1:0 motor=2:17/1:0
CrossDiag: type=CROSS_NONE track=0 half_lr=0/0 nearL=0@-1/0@-1 nearNum=7/7 centerNum=7/7 farL=0@-1/0@-1 farNum=0/0 farRaw=0/0 lost=0/0 not_have=0 final=7/19 flags=0/0
LineErr: aim=41 cxcy=84.0,119.6 left=1:32.44@57,101 dx=-26.7 idx=0/5 dist=40/42 right=1:-34.11@111,103 dx=27.1 idx=0/6 dist=12/12 sel=1:33.02@57,102 dx=-26.7 idx=0/18 dist=36/36 edge=1:-1.15@84.5,119.0 dx=0.5 width=13.0 l=78,119 r=91,119
CxScan: raw_ref=80.0 edge=84.5,119.0 best_raw_x=80 best_err=-1.15 best_cxcy=84.0,119.6 scan=0:-53.0,10:-49.3,20:-44.9,30:-39.8,40:-33.8,50:-26.9,60:-19.0,70:-10.3,80:-1.1,90:8.0,100:16.8,110:24.8,120:31.9,130:38.0,140:43.2
ATGSeedDiag: seed=1@70,108/1@91,108 begin=7,108 block=5 clip=8
ATGLptDiag: best=2(166.2) imip=0/6 pass=11010 acc=-1 ipm=80.5,111.7 inv=70.8,91.5 | 2(163.3) imip=0/6 pass=11011 acc=-1 ipm=88.6,111.7 inv=87.7,91.4
frame=373 line=1 track=0 cross=0 circle=0(CIRCLE_NONE) round=0 yroad=0 ramp=0 road=3 speed=0 near=6/6 raw=46/44 sel=6/18 far=0/0 far_raw=0/0 l=0@-1/0@-1 far_l=0@-1/0@-1 straight=0/0 far_straight=0/0 circle_cnt=0/0/0/0 lost=0/0 conf=161.5/157.8/0.0/0.0 dist=0 begin=0/0 m0=(84,119) ml=(62,95) md=37/0/37 cxcy=84.0,119.6 guide=23.41 atg=-60.0/-60.0/-60.0 pure=8.61/8.61 yaw=-1873 cmd=-2273 actual=-71 signed=0 rps=6866/637:6393/6249 duty=16/0 pwm=PWM2:16/PWM1:0 motor=2:16/1:0
CrossDiag: type=CROSS_NONE track=0 half_lr=0/0 nearL=0@-1/0@-1 nearNum=6/6 centerNum=6/6 farL=0@-1/0@-1 farNum=0/0 farRaw=0/0 lost=0/0 not_have=0 final=6/18 flags=0/0
LineErr: aim=41 cxcy=84.0,119.6 left=1:26.28@62,98 dx=-22.3 idx=0/5 dist=41/41 right=1:-28.65@108,99 dx=24.1 idx=0/5 dist=10/10 sel=1:25.21@62,95 dx=-22.3 idx=0/17 dist=34/34 edge=1:-1.10@84.5,118.0 dx=0.5 width=13.0 l=78,118 r=91,118
CxScan: raw_ref=80.0 edge=84.5,118.0 best_raw_x=80 best_err=-1.10 best_cxcy=84.0,119.6 scan=0:-51.8,10:-48.1,20:-43.7,30:-38.6,40:-32.7,50:-25.9,60:-18.3,70:-9.9,80:-1.1,90:7.7,100:16.2,110:23.9,120:30.8,130:36.9,140:42.1
ATGSeedDiag: seed=1@70,108/1@91,108 begin=7,108 block=5 clip=8
ATGLptDiag: best=2(161.5) imip=0/5 pass=11010 acc=-1 ipm=80.0,111.8 inv=69.8,91.7 | 2(157.8) imip=0/5 pass=11011 acc=-1 ipm=89.4,111.8 inv=89.3,91.7
frame=374 line=1 track=0 cross=0 circle=0(CIRCLE_NONE) round=0 yroad=0 ramp=0 road=3 speed=0 near=5/4 raw=41/41 sel=5/17 far=0/0 far_raw=0/0 l=0@-1/0@-1 far_l=0@-1/0@-1 straight=0/0 far_straight=0/0 circle_cnt=0/0/0/0 lost=0/0 conf=151.8/143.8/0.0/0.0 dist=0 begin=0/0 m0=(84,119) ml=(70,90) md=34/0/34 cxcy=84.0,119.6 guide=14.91 atg=-60.0/-29.0/-29.0 pure=5.20/5.20 yaw=-1193 cmd=-1593 actual=-122 signed=0 rps=6388/2022:6303/5919 duty=14/1 pwm=PWM2:14/PWM1:1 motor=2:14/1:1
CrossDiag: type=CROSS_NONE track=0 half_lr=0/0 nearL=0@-1/0@-1 nearNum=5/4 centerNum=5/4 farL=0@-1/0@-1 farNum=0/0 farRaw=0/0 lost=0/0 not_have=0 final=5/17 flags=0/0
LineErr: aim=41 cxcy=84.0,119.6 left=1:15.99@70,92 dx=-14.4 idx=0/4 dist=38/38 right=1:-17.58@100,93 dx=15.9 idx=0/3 dist=6/6 sel=1:15.09@70,90 dx=-14.2 idx=0/16 dist=32/32 edge=1:-1.06@84.5,117.0 dx=0.5 width=13.0 l=78,117 r=91,117
CxScan: raw_ref=80.0 edge=84.5,117.0 best_raw_x=80 best_err=-1.06 best_cxcy=84.0,119.6 scan=0:-50.7,10:-47.0,20:-42.6,30:-37.5,40:-31.7,50:-25.0,60:-17.6,70:-9.5,80:-1.1,90:7.4,100:15.6,110:23.1,120:29.8,130:35.8,140:40.9
ATGSeedDiag: seed=1@70,108/1@91,108 begin=7,108 block=5 clip=8
ATGLptDiag: best=2(151.8) imip=0/4 pass=11010 acc=-1 ipm=78.9,112.4 inv=67.4,93.6 | 1(143.8) imip=0/3 pass=11011 acc=-1 ipm=88.7,114.0 inv=88.9,97.9
frame=375 line=1 track=0 cross=0 circle=0(CIRCLE_NONE) round=0 yroad=0 ramp=0 road=3 speed=0 near=4/4 raw=37/36 sel=4/16 far=0/0 far_raw=0/0 l=0@-1/0@-1 far_l=0@-1/0@-1 straight=0/0 far_straight=0/0 circle_cnt=0/0/0/0 lost=0/0 conf=148.7/144.0/0.0/0.0 dist=0 begin=0/0 m0=(84,119) ml=(70,90) md=32/0/32 cxcy=84.0,119.6 guide=14.91 atg=-60.0/-29.0/-29.0 pure=5.18/5.18 yaw=-1193 cmd=-1593 actual=-189 signed=0 rps=6388/2022:6844/6270 duty=13/0 pwm=PWM2:13/PWM1:0 motor=2:13/1:0
CrossDiag: type=CROSS_NONE track=0 half_lr=0/0 nearL=0@-1/0@-1 nearNum=4/4 centerNum=4/4 farL=0@-1/0@-1 farNum=0/0 farRaw=0/0 lost=0/0 not_have=0 final=4/16 flags=0/0
LineErr: aim=41 cxcy=84.0,119.6 left=1:15.95@70,92 dx=-14.4 idx=0/3 dist=37/37 right=1:-19.72@102,94 dx=17.6 idx=0/3 dist=6/6 sel=1:15.03@70,90 dx=-14.2 idx=0/15 dist=30/30 edge=1:-1.06@84.5,117.0 dx=0.5 width=13.0 l=78,117 r=91,117
CxScan: raw_ref=80.0 edge=84.5,117.0 best_raw_x=80 best_err=-1.06 best_cxcy=84.0,119.6 scan=0:-50.7,10:-47.0,20:-42.6,30:-37.5,40:-31.7,50:-25.0,60:-17.6,70:-9.5,80:-1.1,90:7.4,100:15.6,110:23.1,120:29.8,130:35.8,140:40.9
ATGSeedDiag: seed=1@70,108/1@91,108 begin=7,108 block=5 clip=8
ATGLptDiag: best=1(148.7) imip=0/3 pass=11010 acc=-1 ipm=80.5,114.0 inv=70.9,98.0 | 1(144.0) imip=0/3 pass=11011 acc=-1 ipm=88.8,114.1 inv=89.1,97.9
frame=376 line=1 track=0 cross=0 circle=0(CIRCLE_NONE) round=0 yroad=0 ramp=0 road=3 speed=0 near=4/4 raw=32/32 sel=4/16 far=0/0 far_raw=0/0 l=0@-1/0@-1 far_l=0@-1/0@-1 straight=0/0 far_straight=0/0 circle_cnt=0/0/0/0 lost=0/0 conf=146.2/142.2/0.0/0.0 dist=0 begin=0/0 m0=(84,119) ml=(62,95) md=33/0/33 cxcy=84.0,119.6 guide=24.80 atg=-60.0/-60.0/-60.0 pure=8.57/8.57 yaw=-1984 cmd=-2384 actual=-265 signed=0 rps=6945/410:6731/6119 duty=15/0 pwm=PWM2:15/PWM1:0 motor=2:15/1:0
CrossDiag: type=CROSS_NONE track=0 half_lr=0/0 nearL=0@-1/0@-1 nearNum=4/4 centerNum=4/4 farL=0@-1/0@-1 farNum=0/0 farRaw=0/0 lost=0/0 not_have=0 final=4/16 flags=0/0
LineErr: aim=41 cxcy=84.0,119.6 left=1:26.24@62,98 dx=-22.2 idx=0/3 dist=37/37 right=1:-24.87@106,96 dx=21.5 idx=0/3 dist=6/6 sel=1:25.00@62,95 dx=-22.1 idx=0/15 dist=30/30 edge=1:-1.10@84.5,118.0 dx=0.5 width=13.0 l=78,118 r=91,118
CxScan: raw_ref=80.0 edge=84.5,118.0 best_raw_x=80 best_err=-1.10 best_cxcy=84.0,119.6 scan=0:-51.8,10:-48.1,20:-43.7,30:-38.6,40:-32.7,50:-25.9,60:-18.3,70:-9.9,80:-1.1,90:7.7,100:16.2,110:23.9,120:30.8,130:36.9,140:42.1
ATGSeedDiag: seed=1@70,108/1@91,108 begin=7,108 block=5 clip=8
ATGLptDiag: best=1(146.2) imip=0/3 pass=11010 acc=-1 ipm=79.9,114.0 inv=69.5,98.1 | 1(142.2) imip=0/3 pass=11011 acc=-1 ipm=89.1,114.1 inv=89.9,98.1
frame=377 line=1 track=0 cross=0 circle=0(CIRCLE_NONE) round=0 yroad=0 ramp=0 road=3 speed=0 near=3/3 raw=27/26 sel=3/15 far=0/0 far_raw=0/0 l=0@-1/1@1 far_l=0@-1/0@-1 straight=0/0 far_straight=0/0 circle_cnt=0/0/0/0 lost=0/0 conf=89.6/112.7/0.0/0.0 dist=0 begin=0/0 m0=(84,119) ml=(60,98) md=31/0/31 cxcy=84.0,119.6 guide=28.27 atg=-60.0/-60.0/-60.0 pure=9.56/9.56 yaw=-2262 cmd=-2662 actual=-363 signed=0 rps=7140/0:7180/6386 duty=16/0 pwm=PWM2:16/PWM1:0 motor=2:16/1:0
CrossDiag: type=CROSS_NONE track=0 half_lr=0/0 nearL=0@-1/1@1 nearNum=3/3 centerNum=3/3 farL=0@-1/0@-1 farNum=0/0 farRaw=0/0 lost=0/0 not_have=0 final=3/15 flags=0/0
LineErr: aim=41 cxcy=84.0,119.6 left=1:29.15@60,100 dx=-24.0 idx=0/2 dist=35/35 right=1:-20.97@103,94 dx=18.6 idx=0/2 dist=4/4 sel=1:27.82@60,98 dx=-23.9 idx=0/14 dist=28/28 edge=1:-1.12@84.5,118.5 dx=0.5 width=13.0 l=78,119 r=91,118
CxScan: raw_ref=80.0 edge=84.5,118.5 best_raw_x=80 best_err=-1.12 best_cxcy=84.0,119.6 scan=0:-52.4,10:-48.7,20:-44.3,30:-39.2,40:-33.2,50:-26.4,60:-18.6,70:-10.1,80:-1.1,90:7.9,100:16.5,110:24.4,120:31.3,130:37.4,140:42.6
ATGSeedDiag: seed=1@70,108/1@91,108 begin=7,108 block=5 clip=8
ATGLptDiag: best=1(89.6) imip=0/2 pass=11110 acc=-1 ipm=78.3,116.3 inv=65.5,105.3 | 1(112.7) imip=0/2 pass=11111 acc=1 ipm=90.6,115.2 inv=93.9,101.5
frame=378 line=1 track=0 cross=0 circle=0(CIRCLE_NONE) round=0 yroad=0 ramp=0 road=3 speed=0 near=2/2 raw=22/22 sel=2/14 far=0/0 far_raw=0/0 l=0@-1/0@-1 far_l=0@-1/0@-1 straight=0/0 far_straight=0/0 circle_cnt=0/0/0/0 lost=0/0 conf=0.0/0.0/0.0/0.0 dist=0 begin=0/0 m0=(84,119) ml=(70,93) md=27/0/27 cxcy=84.0,119.6 guide=15.77 atg=-60.0/-30.0/-30.0 pure=5.54/5.54 yaw=-1262 cmd=-1662 actual=-433 signed=0 rps=6436/1882:7268/6428 duty=13/0 pwm=PWM2:13/PWM1:0 motor=2:13/1:0
CrossDiag: type=CROSS_NONE track=0 half_lr=0/0 nearL=0@-1/0@-1 nearNum=2/2 centerNum=2/2 farL=0@-1/0@-1 farNum=0/0 farRaw=0/0 lost=0/0 not_have=0 final=2/14 flags=0/0
LineErr: aim=41 cxcy=84.0,119.6 left=1:15.42@70,92 dx=-13.9 idx=0/1 dist=31/31 right=1:-22.00@103,95 dx=19.5 idx=0/1 dist=2/2 sel=1:15.32@70,93 dx=-13.7 idx=0/13 dist=26/26 edge=1:-1.06@84.5,117.0 dx=0.5 width=13.0 l=78,117 r=91,117
CxScan: raw_ref=80.0 edge=84.5,117.0 best_raw_x=80 best_err=-1.06 best_cxcy=84.0,119.6 scan=0:-50.7,10:-47.0,20:-42.6,30:-37.5,40:-31.7,50:-25.0,60:-17.6,70:-9.5,80:-1.1,90:7.4,100:15.6,110:23.1,120:29.8,130:35.8,140:40.9
ATGSeedDiag: seed=1@71,108/1@91,108 begin=7,108 block=5 clip=8
ATGLptDiag: best=-1(-57295.8) imip=-1/-1 pass=00000 acc=-1 ipm=-1.0,-1.0 inv=-1.0,-1.0 | -1(-57295.8) imip=-1/-1 pass=00000 acc=-1 ipm=-1.0,-1.0 inv=-1.0,-1.0
frame=379 line=1 track=0 cross=0 circle=0(CIRCLE_NONE) round=0 yroad=0 ramp=0 road=3 speed=0 near=2/2 raw=17/15 sel=2/14 far=0/0 far_raw=0/0 l=0@-1/0@-1 far_l=0@-1/0@-1 straight=0/0 far_straight=0/0 circle_cnt=0/0/0/0 lost=0/0 conf=0.0/0.0/0.0/0.0 dist=0 begin=0/0 m0=(84,119) ml=(64,97) md=29/0/29 cxcy=84.0,119.6 guide=23.68 atg=-60.0/-60.0/-60.0 pure=8.63/8.63 yaw=-1894 cmd=-2294 actual=-554 signed=0 rps=6881/593:6794/6089 duty=15/0 pwm=PWM2:15/PWM1:0 motor=2:15/1:0
CrossDiag: type=CROSS_NONE track=0 half_lr=0/0 nearL=0@-1/0@-1 nearNum=2/2 centerNum=2/2 farL=0@-1/0@-1 farNum=0/0 farRaw=0/0 lost=0/0 not_have=0 final=2/14 flags=0/0
LineErr: aim=41 cxcy=84.0,119.6 left=1:24.27@63,97 dx=-20.8 idx=0/1 dist=31/31 right=1:-36.36@113,104 dx=28.6 idx=0/1 dist=2/2 sel=1:23.96@64,97 dx=-20.2 idx=0/13 dist=26/26 edge=1:-1.10@84.5,118.0 dx=0.5 width=13.0 l=78,118 r=91,118
CxScan: raw_ref=80.0 edge=84.5,118.0 best_raw_x=80 best_err=-1.10 best_cxcy=84.0,119.6 scan=0:-51.8,10:-48.1,20:-43.7,30:-38.6,40:-32.7,50:-25.9,60:-18.3,70:-9.9,80:-1.1,90:7.7,100:16.2,110:23.9,120:30.8,130:36.9,140:42.1
ATGSeedDiag: seed=1@71,108/1@91,108 begin=7,108 block=5 clip=8
ATGLptDiag: best=-1(-57295.8) imip=-1/-1 pass=00000 acc=-1 ipm=-1.0,-1.0 inv=-1.0,-1.0 | -1(-57295.8) imip=-1/-1 pass=00000 acc=-1 ipm=-1.0,-1.0 inv=-1.0,-1.0
frame=380 line=1 track=1 cross=0 circle=0(CIRCLE_NONE) round=0 yroad=0 ramp=0 road=3 speed=0 near=2/116 raw=14/170 sel=116/91 far=0/0 far_raw=0/0 l=0@-1/0@-1 far_l=0@-1/0@-1 straight=0/1 far_straight=0/0 circle_cnt=0/0/0/0 lost=0/0 conf=0.0/13.6/0.0/0.0 dist=0 begin=0/0 m0=(84,119) ml=(80,80) md=40/1/188 cxcy=84.0,119.6 guide=3.53 atg=0.0/-18.0/-36.0 pure=0.27/1.78 yaw=-120 cmd=280 actual=-645 signed=0 rps=4536/5304:6800/6249 duty=7/13 pwm=PWM2:7/PWM1:13 motor=2:7/1:13
CrossDiag: type=CROSS_NONE track=1 half_lr=0/0 nearL=0@-1/0@-1 nearNum=2/116 centerNum=2/116 farL=0@-1/0@-1 farNum=0/0 farRaw=0/0 lost=0/0 not_have=0 final=116/91 flags=0/0
LineErr: aim=41 cxcy=84.0,119.6 left=1:48.13@40,103 dx=-43.8 idx=0/1 dist=2/2 right=1:3.11@80,75 dx=-3.7 idx=0/17 dist=40/206 sel=1:3.05@80,75 dx=-3.6 idx=0/20 dist=40/180 edge=1:-0.56@84.5,94.0 dx=0.5 width=65.8 l=62,118 r=107,70
CxScan: raw_ref=80.0 edge=84.5,94.0 best_raw_x=80 best_err=-0.56 best_cxcy=84.0,119.6 scan=0:-32.7,10:-29.4,20:-25.8,30:-22.0,40:-18.0,50:-13.8,60:-9.5,70:-5.1,80:-0.6,90:3.9,100:8.4,110:12.7,120:16.9,130:20.9,140:24.7
ATGSeedDiag: seed=1@31,108/1@129,108 begin=7,108 block=5 clip=8
ATGLptDiag: best=-1(-57295.8) imip=-1/-1 pass=00000 acc=-1 ipm=-1.0,-1.0 inv=-1.0,-1.0 | 77(13.6) imip=67/87 pass=10101 acc=-1 ipm=32.8,-22.3 inv=49.2,13.0
frame=381 line=1 track=1 cross=0 circle=0(CIRCLE_NONE) round=0 yroad=0 ramp=0 road=3 speed=0 near=71/120 raw=131/170 sel=120/95 far=0/0 far_raw=0/0 l=0@-1/0@-1 far_l=0@-1/0@-1 straight=1/1 far_straight=0/0 circle_cnt=0/0/0/0 lost=0/0 conf=27.2/12.2/0.0/0.0 dist=0 begin=0/0 m0=(84,119) ml=(81,79) md=41/1/198 cxcy=84.0,119.6 guide=3.12 atg=0.0/-15.0/-34.0 pure=0.20/1.62 yaw=-106 cmd=294 actual=-725 signed=0 rps=4526/5332:6411/5932 duty=7/14 pwm=PWM2:7/PWM1:14 motor=2:7/1:14
CrossDiag: type=CROSS_NONE track=1 half_lr=0/0 nearL=0@-1/0@-1 nearNum=71/120 centerNum=71/120 farL=0@-1/0@-1 farNum=0/0 farRaw=0/0 lost=0/0 not_have=0 final=120/95 flags=0/0
LineErr: aim=41 cxcy=84.0,119.6 left=1:0.69@83,70 dx=-0.9 idx=0/20 dist=42/225 right=1:2.63@81,75 dx=-3.1 idx=0/17 dist=40/213 sel=1:2.55@81,75 dx=-3.0 idx=0/20 dist=40/188 edge=1:1.20@82.5,70.0 dx=-1.5 width=51.0 l=57,70 r=108,70
CxScan: raw_ref=80.0 edge=82.5,70.0 best_raw_x=75 best_err=-0.31 best_cxcy=82.1,119.5 scan=0:-21.9,10:-19.3,20:-16.5,30:-13.7,40:-10.8,50:-7.8,60:-4.8,70:-1.8,80:1.2,90:4.2,100:7.2,110:10.1,120:13.0,130:15.8,140:18.6
ATGSeedDiag: seed=1@9,108/1@129,108 begin=7,108 block=5 clip=8
ATGLptDiag: best=68(27.2) imip=58/70 pass=10100 acc=-1 ipm=-12.5,35.5 inv=6.5,24.6 | 75(12.2) imip=65/85 pass=10101 acc=-1 ipm=39.2,-22.3 inv=52.1,13.0
frame=382 line=1 track=1 cross=0 circle=0(CIRCLE_NONE) round=0 yroad=0 ramp=0 road=3 speed=0 near=71/119 raw=131/170 sel=119/94 far=0/0 far_raw=0/0 l=0@-1/0@-1 far_l=0@-1/0@-1 straight=1/1 far_straight=0/0 circle_cnt=0/0/0/0 lost=0/0 conf=31.5/12.1/0.0/0.0 dist=0 begin=0/0 m0=(84,119) ml=(81,79) md=41/1/194 cxcy=84.0,119.6 guide=2.47 atg=0.0/-15.0/-32.0 pure=0.08/1.60 yaw=-84 cmd=316 actual=-771 signed=0 rps=4511/5377:6669/6048 duty=7/14 pwm=PWM2:7/PWM1:14 motor=2:7/1:14
CrossDiag: type=CROSS_NONE track=1 half_lr=0/0 nearL=0@-1/0@-1 nearNum=71/119 centerNum=71/119 farL=0@-1/0@-1 farNum=0/0 farRaw=0/0 lost=0/0 not_have=0 final=119/94 flags=0/0
LineErr: aim=41 cxcy=84.0,119.6 left=1:0.46@83,73 dx=-0.6 idx=0/19 dist=40/224 right=1:2.15@81,75 dx=-2.5 idx=0/17 dist=40/212 sel=1:2.08@82,75 dx=-2.5 idx=0/20 dist=40/186 edge=1:0.81@83.0,70.0 dx=-1.0 width=50.0 l=58,70 r=108,70
CxScan: raw_ref=80.0 edge=83.0,70.0 best_raw_x=75 best_err=-0.70 best_cxcy=82.1,119.5 scan=0:-22.3,10:-19.6,20:-16.9,30:-14.0,40:-11.2,50:-8.2,60:-5.2,70:-2.2,80:0.8,90:3.8,100:6.8,110:9.8,120:12.6,130:15.5,140:18.2
ATGSeedDiag: seed=1@10,108/1@130,108 begin=7,108 block=5 clip=8
ATGLptDiag: best=60(31.5) imip=50/70 pass=10100 acc=-1 ipm=-0.2,22.7 inv=20.8,21.1 | 35(12.1) imip=25/45 pass=10111 acc=-1 ipm=107.8,35.7 inv=90.0,24.2
frame=383 line=1 track=1 cross=0 circle=0(CIRCLE_NONE) round=0 yroad=0 ramp=0 road=3 speed=0 near=70/117 raw=131/170 sel=117/91 far=0/0 far_raw=0/0 l=0@-1/0@-1 far_l=0@-1/0@-1 straight=1/1 far_straight=0/0 circle_cnt=0/0/0/0 lost=0/0 conf=40.2/14.2/0.0/0.0 dist=0 begin=0/0 m0=(84,119) ml=(82,79) md=41/1/191 cxcy=84.0,119.6 guide=2.08 atg=0.0/-15.0/-33.0 pure=-0.02/1.61 yaw=-71 cmd=329 actual=-776 signed=0 rps=4502/5404:6495/5723 duty=7/14 pwm=PWM2:7/PWM1:14 motor=2:7/1:14
CrossDiag: type=CROSS_NONE track=1 half_lr=0/0 nearL=0@-1/0@-1 nearNum=70/117 centerNum=70/117 farL=0@-1/0@-1 farNum=0/0 farRaw=0/0 lost=0/0 not_have=0 final=117/91 flags=0/0
LineErr: aim=41 cxcy=84.0,119.6 left=1:-0.06@84,73 dx=0.1 idx=0/19 dist=40/224 right=1:1.64@82,75 dx=-1.9 idx=0/17 dist=40/204 sel=1:1.59@82,75 dx=-1.9 idx=0/20 dist=40/180 edge=1:0.41@83.5,70.0 dx=-0.5 width=51.0 l=58,70 r=109,70
CxScan: raw_ref=80.0 edge=83.5,70.0 best_raw_x=80 best_err=0.41 best_cxcy=84.0,119.6 scan=0:-22.6,10:-20.0,20:-17.2,30:-14.4,40:-11.5,50:-8.6,60:-5.6,70:-2.6,80:0.4,90:3.4,100:6.4,110:9.4,120:12.3,130:15.1,140:17.9
ATGSeedDiag: seed=1@10,108/1@130,108 begin=7,108 block=5 clip=8
ATGLptDiag: best=59(40.2) imip=49/69 pass=10110 acc=-1 ipm=0.7,24.1 inv=20.8,21.4 | 75(14.2) imip=65/85 pass=10101 acc=-1 ipm=39.9,-22.1 inv=52.5,13.0
frame=384 line=1 track=1 cross=0 circle=0(CIRCLE_NONE) round=0 yroad=0 ramp=0 road=3 speed=0 near=69/116 raw=131/170 sel=116/90 far=0/0 far_raw=0/0 l=0@-1/0@-1 far_l=0@-1/0@-1 straight=1/1 far_straight=0/0 circle_cnt=0/0/0/0 lost=0/0 conf=26.9/9.3/0.0/0.0 dist=0 begin=0/0 m0=(84,119) ml=(82,79) md=40/1/192 cxcy=84.0,119.6 guide=1.46 atg=0.0/-18.0/-36.0 pure=-0.08/1.75 yaw=-50 cmd=350 actual=-732 signed=0 rps=4487/5447:6864/6020 duty=7/14 pwm=PWM2:7/PWM1:14 motor=2:7/1:14
CrossDiag: type=CROSS_NONE track=1 half_lr=0/0 nearL=0@-1/0@-1 nearNum=69/116 centerNum=69/116 farL=0@-1/0@-1 farNum=0/0 farRaw=0/0 lost=0/0 not_have=0 final=116/90 flags=0/0
LineErr: aim=41 cxcy=84.0,119.6 left=1:-0.87@85,73 dx=1.1 idx=0/19 dist=40/223 right=1:1.20@83,75 dx=-1.4 idx=0/17 dist=41/205 sel=1:1.13@83,74 dx=-1.3 idx=0/20 dist=40/178 edge=1:0.02@84.0,70.0 dx=-0.0 width=50.0 l=59,70 r=109,70
CxScan: raw_ref=80.0 edge=84.0,70.0 best_raw_x=80 best_err=0.02 best_cxcy=84.0,119.6 scan=0:-22.9,10:-20.3,20:-17.6,30:-14.8,40:-11.9,50:-9.0,60:-6.0,70:-3.0,80:0.0,90:3.0,100:6.0,110:9.0,120:11.9,130:14.7,140:17.5
ATGSeedDiag: seed=1@11,108/1@131,108 begin=7,108 block=5 clip=8
ATGLptDiag: best=58(26.9) imip=48/68 pass=10110 acc=-1 ipm=3.2,27.0 inv=21.2,22.2 | 61(9.3) imip=51/71 pass=10101 acc=-1 ipm=67.5,-7.0 inv=64.5,15.1
frame=385 line=1 track=1 cross=0 circle=0(CIRCLE_NONE) round=0 yroad=0 ramp=0 road=3 speed=0 near=67/112 raw=131/170 sel=112/86 far=0/0 far_raw=0/0 l=0@-1/0@-1 far_l=0@-1/0@-1 straight=0/1 far_straight=0/0 circle_cnt=0/0/0/0 lost=0/0 conf=30.2/10.8/0.0/0.0 dist=0 begin=0/0 m0=(84,119) ml=(83,79) md=40/1/184 cxcy=84.0,119.6 guide=1.13 atg=0.0/-23.0/-46.0 pure=-0.11/2.02 yaw=-38 cmd=362 actual=-671 signed=0 rps=4479/5470:7079/6474 duty=6/14 pwm=PWM2:6/PWM1:14 motor=2:6/1:14
CrossDiag: type=CROSS_NONE track=1 half_lr=0/0 nearL=0@-1/0@-1 nearNum=67/112 centerNum=67/112 farL=0@-1/0@-1 farNum=0/0 farRaw=0/0 lost=0/0 not_have=0 final=112/86 flags=0/0
LineErr: aim=41 cxcy=84.0,119.6 left=1:-1.67@86,73 dx=2.0 idx=0/19 dist=41/215 right=1:0.86@83,75 dx=-1.0 idx=0/17 dist=41/194 sel=1:0.79@83,74 dx=-0.9 idx=0/20 dist=40/170 edge=1:-0.77@85.0,70.0 dx=1.0 width=50.0 l=60,70 r=110,70
CxScan: raw_ref=80.0 edge=85.0,70.0 best_raw_x=85 best_err=0.74 best_cxcy=85.9,119.6 scan=0:-23.6,10:-21.0,20:-18.3,30:-15.5,40:-12.7,50:-9.7,60:-6.8,70:-3.8,80:-0.8,90:2.2,100:5.2,110:8.2,120:11.1,130:14.0,140:16.8
ATGSeedDiag: seed=1@12,108/1@131,108 begin=7,108 block=5 clip=8
ATGLptDiag: best=57(30.2) imip=47/66 pass=10110 acc=-1 ipm=4.2,30.8 inv=20.3,23.1 | 74(10.8) imip=64/84 pass=10101 acc=-1 ipm=36.7,-15.0 inv=50.1,14.0
frame=386 line=1 track=1 cross=0 circle=0(CIRCLE_NONE) round=0 yroad=0 ramp=0 road=3 speed=0 near=67/110 raw=131/170 sel=110/86 far=0/0 far_raw=0/0 l=0@-1/0@-1 far_l=0@-1/0@-1 straight=1/1 far_straight=0/0 circle_cnt=0/0/0/0 lost=0/0 conf=31.8/13.1/0.0/0.0 dist=0 begin=0/0 m0=(84,119) ml=(83,79) md=40/1/183 cxcy=84.0,119.6 guide=0.68 atg=0.0/-25.0/-49.0 pure=-0.18/2.15 yaw=-23 cmd=377 actual=-586 signed=0 rps=4468/5501:6659/6343 duty=7/14 pwm=PWM2:7/PWM1:14 motor=2:7/1:14
CrossDiag: type=CROSS_NONE track=1 half_lr=0/0 nearL=0@-1/0@-1 nearNum=67/110 centerNum=67/110 farL=0@-1/0@-1 farNum=0/0 farRaw=0/0 lost=0/0 not_have=0 final=110/86 flags=0/0
LineErr: aim=41 cxcy=84.0,119.6 left=1:-2.10@86,76 dx=2.5 idx=0/18 dist=40/220 right=1:0.42@84,75 dx=-0.5 idx=0/17 dist=41/189 sel=1:0.33@84,74 dx=-0.4 idx=0/20 dist=40/170 edge=1:-1.16@85.5,70.0 dx=1.5 width=49.0 l=61,70 r=110,70
CxScan: raw_ref=80.0 edge=85.5,70.0 best_raw_x=85 best_err=0.35 best_cxcy=85.9,119.6 scan=0:-23.9,10:-21.3,20:-18.7,30:-15.9,40:-13.0,50:-10.1,60:-7.2,70:-4.2,80:-1.2,90:1.9,100:4.9,110:7.8,120:10.8,130:13.6,140:16.4
ATGSeedDiag: seed=1@12,108/1@132,108 begin=7,108 block=5 clip=8
ATGLptDiag: best=56(31.8) imip=46/66 pass=10110 acc=-1 ipm=6.2,31.3 inv=21.4,23.3 | 34(13.1) imip=24/44 pass=10111 acc=-1 ipm=108.3,38.3 inv=90.8,24.9
frame=387 line=1 track=1 cross=0 circle=0(CIRCLE_NONE) round=0 yroad=0 ramp=0 road=3 speed=0 near=68/112 raw=132/170 sel=112/87 far=0/0 far_raw=0/0 l=0@-1/0@-1 far_l=0@-1/0@-1 straight=1/1 far_straight=0/0 circle_cnt=0/0/0/0 lost=0/0 conf=36.7/19.3/0.0/0.0 dist=0 begin=0/0 m0=(84,119) ml=(84,79) md=40/1/185 cxcy=84.0,119.6 guide=-0.23 atg=1.0/-18.0/-38.0 pure=-0.44/1.83 yaw=8 cmd=408 actual=-484 signed=0 rps=4436/5554:6839/6757 duty=7/14 pwm=PWM2:7/PWM1:14 motor=2:7/1:14
CrossDiag: type=CROSS_NONE track=1 half_lr=0/0 nearL=0@-1/0@-1 nearNum=68/112 centerNum=68/112 farL=0@-1/0@-1 farNum=0/0 farRaw=0/0 lost=0/0 not_have=0 final=112/87 flags=0/0
LineErr: aim=41 cxcy=84.0,119.6 left=1:-2.56@87,73 dx=3.1 idx=0/19 dist=42/221 right=1:-0.69@85,74 dx=0.8 idx=0/17 dist=41/200 sel=1:-0.71@85,74 dx=0.9 idx=0/20 dist=40/172 edge=1:-1.95@86.5,70.0 dx=2.5 width=51.0 l=61,70 r=112,70
CxScan: raw_ref=80.0 edge=86.5,70.0 best_raw_x=85 best_err=-0.44 best_cxcy=85.9,119.6 scan=0:-24.6,10:-22.0,20:-19.4,30:-16.6,40:-13.8,50:-10.9,60:-7.9,70:-5.0,80:-1.9,90:1.1,100:4.1,110:7.1,120:10.0,130:12.9,140:15.7
ATGSeedDiag: seed=1@13,108/1@133,108 begin=7,108 block=5 clip=8
ATGLptDiag: best=59(36.7) imip=49/67 pass=10110 acc=-1 ipm=1.2,31.6 inv=17.9,23.4 | 71(19.3) imip=61/81 pass=10101 acc=-1 ipm=46.6,-14.5 inv=54.8,14.0
frame=388 line=1 track=1 cross=0 circle=0(CIRCLE_NONE) round=0 yroad=0 ramp=0 road=3 speed=0 near=68/114 raw=132/170 sel=114/90 far=0/0 far_raw=0/0 l=0@-1/0@-1 far_l=0@-1/0@-1 straight=1/1 far_straight=0/0 circle_cnt=0/0/0/0 lost=0/0 conf=34.7/12.2/0.0/0.0 dist=0 begin=0/0 m0=(84,119) ml=(85,79) md=40/1/190 cxcy=84.0,119.6 guide=-0.62 atg=1.0/-17.0/-35.0 pure=-0.45/1.71 yaw=21 cmd=421 actual=-354 signed=0 rps=4409/5563:6376/6566 duty=7/14 pwm=PWM2:7/PWM1:14 motor=2:7/1:14
CrossDiag: type=CROSS_NONE track=1 half_lr=0/0 nearL=0@-1/0@-1 nearNum=68/114 centerNum=68/114 farL=0@-1/0@-1 farNum=0/0 farRaw=0/0 lost=0/0 not_have=0 final=114/90 flags=0/0
LineErr: aim=41 cxcy=84.0,119.6 left=1:-2.56@87,73 dx=3.1 idx=0/19 dist=42/219 right=1:-1.02@85,74 dx=1.2 idx=0/17 dist=41/202 sel=1:-1.06@85,74 dx=1.3 idx=0/20 dist=40/178 edge=1:-1.95@86.5,70.0 dx=2.5 width=51.0 l=61,70 r=112,70
CxScan: raw_ref=80.0 edge=86.5,70.0 best_raw_x=85 best_err=-0.44 best_cxcy=85.9,119.6 scan=0:-24.6,10:-22.0,20:-19.4,30:-16.6,40:-13.8,50:-10.9,60:-7.9,70:-5.0,80:-1.9,90:1.1,100:4.1,110:7.1,120:10.0,130:12.9,140:15.7
ATGSeedDiag: seed=1@13,108/1@133,108 begin=7,108 block=5 clip=8
ATGLptDiag: best=57(34.7) imip=47/67 pass=10110 acc=-1 ipm=5.4,28.9 inv=21.9,22.6 | 34(12.2) imip=24/44 pass=10111 acc=-1 ipm=111.1,38.3 inv=92.7,24.9
frame=389 line=1 track=1 cross=0 circle=0(CIRCLE_NONE) round=0 yroad=0 ramp=0 road=3 speed=0 near=68/114 raw=132/170 sel=114/90 far=0/0 far_raw=0/0 l=0@-1/0@-1 far_l=0@-1/0@-1 straight=1/1 far_straight=0/0 circle_cnt=0/0/0/0 lost=0/0 conf=34.8/14.3/0.0/0.0 dist=0 begin=0/0 m0=(84,119) ml=(85,79) md=40/1/190 cxcy=84.0,119.6 guide=-0.87 atg=2.0/-16.0/-35.0 pure=-0.58/1.70 yaw=30 cmd=430 actual=-229 signed=0 rps=4391/5569:6377/6899 duty=7/14 pwm=PWM2:7/PWM1:14 motor=2:7/1:14
CrossDiag: type=CROSS_NONE track=1 half_lr=0/0 nearL=0@-1/0@-1 nearNum=68/114 centerNum=68/114 farL=0@-1/0@-1 farNum=0/0 farRaw=0/0 lost=0/0 not_have=0 final=114/90 flags=0/0
LineErr: aim=41 cxcy=84.0,119.6 left=1:-2.88@88,73 dx=3.5 idx=0/19 dist=42/221 right=1:-1.35@86,74 dx=1.6 idx=0/17 dist=41/203 sel=1:-1.38@86,74 dx=1.7 idx=0/20 dist=40/178 edge=1:-2.34@87.0,70.0 dx=3.0 width=50.0 l=62,70 r=112,70
CxScan: raw_ref=80.0 edge=87.0,70.0 best_raw_x=90 best_err=0.68 best_cxcy=87.9,119.6 scan=0:-24.9,10:-22.4,20:-19.7,30:-17.0,40:-14.2,50:-11.3,60:-8.3,70:-5.3,80:-2.3,90:0.7,100:3.7,110:6.7,120:9.6,130:12.5,140:15.3
ATGSeedDiag: seed=1@13,108/1@133,108 begin=7,108 block=5 clip=8
ATGLptDiag: best=59(34.8) imip=49/67 pass=10110 acc=-1 ipm=1.3,31.5 inv=18.0,23.4 | 32(14.3) imip=22/42 pass=10111 acc=-1 ipm=113.0,42.9 inv=95.0,26.4
frame=390 line=1 track=1 cross=0 circle=0(CIRCLE_NONE) round=0 yroad=0 ramp=0 road=3 speed=0 near=66/112 raw=131/170 sel=112/87 far=0/0 far_raw=0/0 l=0@-1/0@-1 far_l=0@-1/0@-1 straight=0/1 far_straight=0/0 circle_cnt=0/0/0/0 lost=0/0 conf=29.5/15.0/0.0/0.0 dist=0 begin=0/0 m0=(84,119) ml=(85,78) md=41/1/187 cxcy=84.0,119.6 guide=-1.00 atg=1.0/-19.0/-40.0 pure=-0.46/1.84 yaw=34 cmd=349 actual=-124 signed=0 rps=4499/5456:6332/6913 duty=7/13 pwm=PWM2:7/PWM1:13 motor=2:7/1:13
CrossDiag: type=CROSS_NONE track=1 half_lr=0/0 nearL=0@-1/0@-1 nearNum=66/112 centerNum=66/112 farL=0@-1/0@-1 farNum=0/0 farRaw=0/0 lost=0/0 not_have=0 final=112/87 flags=0/0
LineErr: aim=41 cxcy=84.0,119.6 left=1:-2.91@87,76 dx=3.4 idx=0/18 dist=40/214 right=1:-1.34@86,74 dx=1.6 idx=0/17 dist=41/200 sel=1:-1.40@86,74 dx=1.7 idx=0/20 dist=40/172 edge=1:-2.75@87.5,70.5 dx=3.5 width=51.0 l=62,70 r=113,71
CxScan: raw_ref=80.0 edge=87.5,70.5 best_raw_x=90 best_err=0.28 best_cxcy=87.9,119.6 scan=0:-25.4,10:-22.8,20:-20.2,30:-17.5,40:-14.6,50:-11.7,60:-8.8,70:-5.8,80:-2.8,90:0.3,100:3.3,110:6.3,120:9.3,130:12.2,140:15.1
ATGSeedDiag: seed=1@14,108/1@134,108 begin=7,108 block=5 clip=8
ATGLptDiag: best=55(29.5) imip=45/65 pass=10110 acc=-1 ipm=8.9,30.4 inv=23.6,23.0 | 72(15.0) imip=62/82 pass=10101 acc=-1 ipm=44.2,-14.6 inv=53.7,14.0
frame=391 line=1 track=1 cross=0 circle=0(CIRCLE_NONE) round=0 yroad=0 ramp=0 road=3 speed=0 near=65/110 raw=131/170 sel=110/86 far=0/0 far_raw=0/0 l=0@-1/0@-1 far_l=0@-1/0@-1 straight=0/1 far_straight=0/0 circle_cnt=0/0/0/0 lost=0/0 conf=22.9/11.6/0.0/0.0 dist=0 begin=0/0 m0=(84,119) ml=(85,78) md=41/1/184 cxcy=84.0,119.6 guide=-0.87 atg=1.0/-24.0/-47.0 pure=-0.43/2.10 yaw=30 cmd=144 actual=-28 signed=0 rps=4783/5177:6082/6400 duty=9/13 pwm=PWM2:9/PWM1:13 motor=2:9/1:13
CrossDiag: type=CROSS_NONE track=1 half_lr=0/0 nearL=0@-1/0@-1 nearNum=65/110 centerNum=65/110 farL=0@-1/0@-1 farNum=0/0 farRaw=0/0 lost=0/0 not_have=0 final=110/86 flags=0/0
LineErr: aim=41 cxcy=84.0,119.6 left=1:-3.25@88,76 dx=3.8 idx=0/18 dist=40/210 right=1:-1.33@86,75 dx=1.6 idx=0/17 dist=41/193 sel=1:-1.41@86,74 dx=1.7 idx=0/20 dist=40/170 edge=1:-2.73@87.5,70.0 dx=3.5 width=51.0 l=62,70 r=113,70
CxScan: raw_ref=80.0 edge=87.5,70.0 best_raw_x=90 best_err=0.28 best_cxcy=87.9,119.6 scan=0:-25.3,10:-22.7,20:-20.1,30:-17.3,40:-14.5,50:-11.7,60:-8.7,70:-5.7,80:-2.7,90:0.3,100:3.3,110:6.3,120:9.2,130:12.1,140:15.0
ATGSeedDiag: seed=1@14,108/1@134,108 begin=7,108 block=5 clip=8
ATGLptDiag: best=30(22.9) imip=20/40 pass=10111 acc=-1 ipm=58.4,47.8 inv=54.0,28.4 | 30(11.6) imip=20/40 pass=10111 acc=-1 ipm=112.6,47.4 inv=95.8,28.0
frame=392 line=1 track=1 cross=0 circle=0(CIRCLE_NONE) round=0 yroad=0 ramp=0 road=3 speed=0 near=64/107 raw=130/170 sel=107/83 far=0/0 far_raw=0/0 l=0@-1/0@-1 far_l=0@-1/0@-1 straight=0/1 far_straight=0/0 circle_cnt=0/0/0/0 lost=0/0 conf=31.1/14.6/0.0/0.0 dist=0 begin=0/0 m0=(84,119) ml=(85,78) md=41/1/176 cxcy=84.0,119.6 guide=-0.87 atg=1.0/-27.0/-52.0 pure=-0.35/2.23 yaw=30 cmd=-21 actual=55 signed=0 rps=5009/4951:6444/6465 duty=9/12 pwm=PWM2:9/PWM1:12 motor=2:9/1:12
CrossDiag: type=CROSS_NONE track=1 half_lr=0/0 nearL=0@-1/0@-1 nearNum=64/107 centerNum=64/107 farL=0@-1/0@-1 farNum=0/0 farRaw=0/0 lost=0/0 not_have=0 final=107/83 flags=0/0
LineErr: aim=41 cxcy=84.0,119.6 left=1:-3.24@88,75 dx=3.8 idx=0/18 dist=40/206 right=1:-1.32@86,75 dx=1.6 idx=0/17 dist=41/192 sel=1:-1.42@86,74 dx=1.7 idx=0/20 dist=40/164 edge=1:-2.73@87.5,70.0 dx=3.5 width=51.0 l=62,70 r=113,70
CxScan: raw_ref=80.0 edge=87.5,70.0 best_raw_x=90 best_err=0.28 best_cxcy=87.9,119.6 scan=0:-25.3,10:-22.7,20:-20.1,30:-17.3,40:-14.5,50:-11.7,60:-8.7,70:-5.7,80:-2.7,90:0.3,100:3.3,110:6.3,120:9.2,130:12.1,140:15.0
ATGSeedDiag: seed=1@14,108/1@134,108 begin=7,108 block=5 clip=8
ATGLptDiag: best=53(31.1) imip=43/63 pass=10110 acc=-1 ipm=10.5,34.0 inv=23.1,24.1 | 68(14.6) imip=58/78 pass=10101 acc=-1 ipm=47.7,-7.3 inv=54.6,15.1
frame=393 line=1 track=1 cross=0 circle=0(CIRCLE_NONE) round=0 yroad=0 ramp=0 road=3 speed=0 near=63/108 raw=130/170 sel=108/83 far=0/0 far_raw=0/0 l=0@-1/0@-1 far_l=0@-1/0@-1 straight=1/1 far_straight=0/0 circle_cnt=0/0/0/0 lost=0/0 conf=31.2/17.5/0.0/0.0 dist=0 begin=0/0 m0=(84,119) ml=(85,78) md=41/1/176 cxcy=84.0,119.6 guide=-1.00 atg=0.0/-27.0/-52.0 pure=-0.29/2.24 yaw=34 cmd=-163 actual=132 signed=0 rps=5201/4754:6409/6298 duty=10/11 pwm=PWM2:10/PWM1:11 motor=2:10/1:11
CrossDiag: type=CROSS_NONE track=1 half_lr=0/0 nearL=0@-1/0@-1 nearNum=63/108 centerNum=63/108 farL=0@-1/0@-1 farNum=0/0 farRaw=0/0 lost=0/0 not_have=0 final=108/83 flags=0/0
LineErr: aim=41 cxcy=84.0,119.6 left=1:-3.23@88,75 dx=3.8 idx=0/18 dist=41/202 right=1:-1.30@86,75 dx=1.5 idx=0/17 dist=41/192 sel=1:-1.43@86,74 dx=1.7 idx=0/20 dist=40/164 edge=1:-2.34@87.0,70.0 dx=3.0 width=50.0 l=62,70 r=112,70
CxScan: raw_ref=80.0 edge=87.0,70.0 best_raw_x=90 best_err=0.68 best_cxcy=87.9,119.6 scan=0:-24.9,10:-22.4,20:-19.7,30:-17.0,40:-14.2,50:-11.3,60:-8.3,70:-5.3,80:-2.3,90:0.7,100:3.7,110:6.7,120:9.6,130:12.5,140:15.3
ATGSeedDiag: seed=1@14,108/1@134,108 begin=7,108 block=5 clip=8
ATGLptDiag: best=53(31.2) imip=43/62 pass=10110 acc=-1 ipm=9.0,34.5 inv=22.0,24.2 | 67(17.5) imip=57/77 pass=10101 acc=-1 ipm=49.6,-7.3 inv=55.5,15.1
frame=394 line=1 track=1 cross=0 circle=0(CIRCLE_NONE) round=0 yroad=0 ramp=0 road=3 speed=0 near=64/110 raw=129/170 sel=110/85 far=0/0 far_raw=0/0 l=0@-1/0@-1 far_l=0@-1/0@-1 straight=0/1 far_straight=0/0 circle_cnt=0/0/0/0 lost=0/0 conf=26.1/10.7/0.0/0.0 dist=0 begin=0/0 m0=(84,119) ml=(85,78) md=41/1/182 cxcy=84.0,119.6 guide=-1.12 atg=0.0/-25.0/-49.0 pure=-0.30/2.13 yaw=38 cmd=-260 actual=187 signed=0 rps=5331/4618:6760/6796 duty=10/10 pwm=PWM2:10/PWM1:10 motor=2:10/1:10
CrossDiag: type=CROSS_NONE track=1 half_lr=0/0 nearL=0@-1/0@-1 nearNum=64/110 centerNum=64/110 farL=0@-1/0@-1 farNum=0/0 farRaw=0/0 lost=0/0 not_have=0 final=110/85 flags=0/0
LineErr: aim=41 cxcy=84.0,119.6 left=1:-2.83@87,75 dx=3.4 idx=0/18 dist=41/203 right=1:-1.42@86,75 dx=1.7 idx=0/17 dist=41/198 sel=1:-1.50@86,74 dx=1.8 idx=0/20 dist=40/168 edge=1:-2.34@87.0,70.0 dx=3.0 width=50.0 l=62,70 r=112,70
CxScan: raw_ref=80.0 edge=87.0,70.0 best_raw_x=90 best_err=0.68 best_cxcy=87.9,119.6 scan=0:-24.9,10:-22.4,20:-19.7,30:-17.0,40:-14.2,50:-11.3,60:-8.3,70:-5.3,80:-2.3,90:0.7,100:3.7,110:6.7,120:9.6,130:12.5,140:15.3
ATGSeedDiag: seed=1@14,108/1@134,108 begin=7,108 block=5 clip=8
ATGLptDiag: best=55(26.1) imip=45/63 pass=10110 acc=-1 ipm=4.9,34.3 inv=19.2,24.2 | 30(10.7) imip=20/40 pass=10111 acc=-1 ipm=111.7,47.5 inv=95.1,28.0
frame=395 line=1 track=1 cross=0 circle=0(CIRCLE_NONE) round=0 yroad=0 ramp=0 road=3 speed=0 near=64/111 raw=129/170 sel=111/86 far=0/0 far_raw=0/0 l=0@-1/0@-1 far_l=0@-1/0@-1 straight=0/1 far_straight=0/0 circle_cnt=0/0/0/0 lost=0/0 conf=22.0/10.6/0.0/0.0 dist=0 begin=0/0 m0=(84,119) ml=(85,78) md=41/1/181 cxcy=84.0,119.6 guide=-1.12 atg=0.0/-25.0/-49.0 pure=-0.28/2.13 yaw=38 cmd=-329 actual=222 signed=0 rps=5425/4524:6567/6762 duty=10/10 pwm=PWM2:10/PWM1:10 motor=2:10/1:10
CrossDiag: type=CROSS_NONE track=1 half_lr=0/0 nearL=0@-1/0@-1 nearNum=64/111 centerNum=64/111 farL=0@-1/0@-1 farNum=0/0 farRaw=0/0 lost=0/0 not_have=0 final=111/86 flags=0/0
LineErr: aim=41 cxcy=84.0,119.6 left=1:-2.73@87,75 dx=3.3 idx=0/18 dist=41/207 right=1:-1.41@86,75 dx=1.7 idx=0/17 dist=41/196 sel=1:-1.50@86,74 dx=1.8 idx=0/20 dist=40/170 edge=1:-2.34@87.0,70.0 dx=3.0 width=50.0 l=62,70 r=112,70
CxScan: raw_ref=80.0 edge=87.0,70.0 best_raw_x=90 best_err=0.68 best_cxcy=87.9,119.6 scan=0:-24.9,10:-22.4,20:-19.7,30:-17.0,40:-14.2,50:-11.3,60:-8.3,70:-5.3,80:-2.3,90:0.7,100:3.7,110:6.7,120:9.6,130:12.5,140:15.3
ATGSeedDiag: seed=1@14,108/1@134,108 begin=7,108 block=5 clip=8
ATGLptDiag: best=28(22.0) imip=18/38 pass=10111 acc=-1 ipm=58.8,52.0 inv=53.6,30.0 | 76(10.6) imip=66/86 pass=10101 acc=-1 ipm=31.7,-15.1 inv=47.7,14.0
frame=396 line=1 track=1 cross=0 circle=0(CIRCLE_NONE) round=0 yroad=0 ramp=0 road=3 speed=0 near=63/110 raw=128/170 sel=110/86 far=0/0 far_raw=0/0 l=0@-1/0@-1 far_l=0@-1/0@-1 straight=0/1 far_straight=0/0 circle_cnt=0/0/0/0 lost=0/0 conf=27.5/11.0/0.0/0.0 dist=0 begin=0/0 m0=(84,119) ml=(85,78) md=41/1/179 cxcy=84.0,119.6 guide=-1.00 atg=0.0/-27.0/-51.0 pure=-0.24/2.21 yaw=34 cmd=-366 actual=243 signed=0 rps=5479/4476:6808/7089 duty=10/9 pwm=PWM2:10/PWM1:9 motor=2:10/1:9
CrossDiag: type=CROSS_NONE track=1 half_lr=0/0 nearL=0@-1/0@-1 nearNum=63/110 centerNum=63/110 farL=0@-1/0@-1 farNum=0/0 farRaw=0/0 lost=0/0 not_have=0 final=110/86 flags=0/0
LineErr: aim=41 cxcy=84.0,119.6 left=1:-2.40@87,74 dx=2.9 idx=0/18 dist=42/205 right=1:-1.30@86,75 dx=1.5 idx=0/17 dist=41/196 sel=1:-1.44@86,74 dx=1.7 idx=0/20 dist=40/170 edge=1:-1.95@86.5,70.0 dx=2.5 width=51.0 l=61,70 r=112,70
CxScan: raw_ref=80.0 edge=86.5,70.0 best_raw_x=85 best_err=-0.44 best_cxcy=85.9,119.6 scan=0:-24.6,10:-22.0,20:-19.4,30:-16.6,40:-13.8,50:-10.9,60:-7.9,70:-5.0,80:-1.9,90:1.1,100:4.1,110:7.1,120:10.0,130:12.9,140:15.7
ATGSeedDiag: seed=1@14,108/1@134,108 begin=7,108 block=5 clip=8
ATGLptDiag: best=53(27.5) imip=43/62 pass=10110 acc=-1 ipm=8.1,33.9 inv=21.6,24.0 | 30(11.0) imip=20/40 pass=10111 acc=-1 ipm=111.3,47.5 inv=94.8,28.0
frame=397 line=1 track=1 cross=0 circle=0(CIRCLE_NONE) round=0 yroad=0 ramp=0 road=3 speed=0 near=61/109 raw=127/170 sel=109/85 far=0/0 far_raw=0/0 l=0@-1/0@-1 far_l=0@-1/0@-1 straight=0/1 far_straight=0/0 circle_cnt=0/0/0/0 lost=0/0 conf=30.0/16.3/0.0/0.0 dist=0 begin=0/0 m0=(84,119) ml=(85,78) md=41/1/178 cxcy=84.0,119.6 guide=-1.00 atg=0.0/-29.0/-53.0 pure=-0.16/2.29 yaw=34 cmd=-366 actual=253 signed=0 rps=5479/4476:6807/7237 duty=10/9 pwm=PWM2:10/PWM1:9 motor=2:10/1:9
CrossDiag: type=CROSS_NONE track=1 half_lr=0/0 nearL=0@-1/0@-1 nearNum=61/109 centerNum=61/109 farL=0@-1/0@-1 farNum=0/0 farRaw=0/0 lost=0/0 not_have=0 final=109/85 flags=0/0
LineErr: aim=41 cxcy=84.0,119.6 left=1:-2.38@87,74 dx=2.9 idx=0/18 dist=42/197 right=1:-1.12@85,75 dx=1.3 idx=0/17 dist=41/193 sel=1:-1.26@86,74 dx=1.5 idx=0/20 dist=40/168 edge=1:-1.95@86.5,70.0 dx=2.5 width=51.0 l=61,70 r=112,70
CxScan: raw_ref=80.0 edge=86.5,70.0 best_raw_x=85 best_err=-0.44 best_cxcy=85.9,119.6 scan=0:-24.6,10:-22.0,20:-19.4,30:-16.6,40:-13.8,50:-10.9,60:-7.9,70:-5.0,80:-1.9,90:1.1,100:4.1,110:7.1,120:10.0,130:12.9,140:15.7
ATGSeedDiag: seed=1@14,108/1@134,108 begin=7,108 block=5 clip=8
ATGLptDiag: best=50(30.0) imip=40/60 pass=10110 acc=-1 ipm=12.2,34.0 inv=24.3,24.0 | 29(16.3) imip=19/39 pass=10111 acc=-1 ipm=111.6,49.7 inv=95.6,28.8
frame=398 line=1 track=1 cross=0 circle=0(CIRCLE_NONE) round=0 yroad=0 ramp=0 road=3 speed=0 near=60/107 raw=126/170 sel=107/83 far=0/0 far_raw=0/0 l=0@-1/0@-1 far_l=0@-1/0@-1 straight=0/1 far_straight=0/0 circle_cnt=0/0/0/0 lost=0/0 conf=25.6/15.7/0.0/0.0 dist=0 begin=0/0 m0=(84,119) ml=(85,78) md=41/1/179 cxcy=84.0,119.6 guide=-0.74 atg=0.0/-35.0/-60.0 pure=-0.01/2.54 yaw=25 cmd=-375 actual=240 signed=0 rps=5497/4470:6238/6819 duty=11/9 pwm=PWM2:11/PWM1:9 motor=2:11/1:9
CrossDiag: type=CROSS_NONE track=1 half_lr=0/0 nearL=0@-1/0@-1 nearNum=60/107 centerNum=60/107 farL=0@-1/0@-1 farNum=0/0 farRaw=0/0 lost=0/0 not_have=0 final=107/83 flags=0/0
LineErr: aim=41 cxcy=84.0,119.6 left=1:-2.34@87,73 dx=2.8 idx=0/18 dist=42/193 right=1:-1.02@85,76 dx=1.2 idx=0/17 dist=41/186 sel=1:-1.14@85,74 dx=1.4 idx=0/20 dist=40/164 edge=1:-1.95@86.5,70.0 dx=2.5 width=51.0 l=61,70 r=112,70
CxScan: raw_ref=80.0 edge=86.5,70.0 best_raw_x=85 best_err=-0.44 best_cxcy=85.9,119.6 scan=0:-24.6,10:-22.0,20:-19.4,30:-16.6,40:-13.8,50:-10.9,60:-7.9,70:-5.0,80:-1.9,90:1.1,100:4.1,110:7.1,120:10.0,130:12.9,140:15.7
ATGSeedDiag: seed=1@14,108/1@134,108 begin=7,108 block=5 clip=8
ATGLptDiag: best=58(25.6) imip=48/59 pass=10110 acc=-1 ipm=-3.7,47.4 inv=5.8,28.5 | 70(15.7) imip=60/80 pass=10101 acc=-1 ipm=39.5,-7.5 inv=50.5,15.1
frame=399 line=1 track=1 cross=0 circle=0(CIRCLE_NONE) round=0 yroad=0 ramp=0 road=3 speed=0 near=58/106 raw=125/170 sel=106/81 far=0/0 far_raw=0/0 l=0@-1/0@-1 far_l=0@-1/0@-1 straight=0/1 far_straight=0/0 circle_cnt=0/0/0/0 lost=0/0 conf=28.3/12.6/0.0/0.0 dist=0 begin=0/0 m0=(84,119) ml=(85,78) md=41/1/172 cxcy=84.0,119.6 guide=-0.49 atg=0.0/-42.0/-60.0 pure=0.22/2.82 yaw=17 cmd=-379 actual=215 signed=0 rps=5509/4469:6339/6889 duty=11/9 pwm=PWM2:11/PWM1:9 motor=2:11/1:9
CrossDiag: type=CROSS_NONE track=1 half_lr=0/0 nearL=0@-1/0@-1 nearNum=58/106 centerNum=58/106 farL=0@-1/0@-1 farNum=0/0 farRaw=0/0 lost=0/0 not_have=0 final=106/81 flags=0/0
LineErr: aim=41 cxcy=84.0,119.6 left=1:-2.34@87,76 dx=2.7 idx=0/17 dist=40/188 right=1:-0.91@85,76 dx=1.1 idx=0/17 dist=41/186 sel=1:-1.03@85,74 dx=1.2 idx=0/20 dist=40/160 edge=1:-1.95@86.5,70.0 dx=2.5 width=51.0 l=61,70 r=112,70
CxScan: raw_ref=80.0 edge=86.5,70.0 best_raw_x=85 best_err=-0.44 best_cxcy=85.9,119.6 scan=0:-24.6,10:-22.0,20:-19.4,30:-16.6,40:-13.8,50:-10.9,60:-7.9,70:-5.0,80:-1.9,90:1.1,100:4.1,110:7.1,120:10.0,130:12.9,140:15.7
ATGSeedDiag: seed=1@14,108/1@134,108 begin=7,108 block=5 clip=8
ATGLptDiag: best=47(28.3) imip=37/57 pass=10110 acc=-1 ipm=15.7,37.4 inv=25.4,25.0 | 27(12.6) imip=17/37 pass=10111 acc=-1 ipm=110.9,54.3 inv=96.1,30.7
frame=400 line=1 track=1 cross=0 circle=0(CIRCLE_NONE) round=0 yroad=0 ramp=0 road=3 speed=0 near=58/103 raw=124/170 sel=103/79 far=0/0 far_raw=0/0 l=0@-1/0@-1 far_l=0@-1/0@-1 straight=0/1 far_straight=0/0 circle_cnt=0/0/0/0 lost=0/0 conf=23.7/14.8/0.0/0.0 dist=0 begin=0/0 m0=(84,119) ml=(85,78) md=41/1/167 cxcy=84.0,119.6 guide=-0.49 atg=-1.0/-47.0/-60.0 pure=0.36/2.97 yaw=17 cmd=-325 actual=187 signed=0 rps=5434/4544:6140/6374 duty=11/10 pwm=PWM2:11/PWM1:10 motor=2:11/1:10
CrossDiag: type=CROSS_NONE track=1 half_lr=0/0 nearL=0@-1/0@-1 nearNum=58/103 centerNum=58/103 farL=0@-1/0@-1 farNum=0/0 farRaw=0/0 lost=0/0 not_have=0 final=103/79 flags=0/0
LineErr: aim=41 cxcy=84.0,119.6 left=1:-2.28@87,75 dx=2.7 idx=0/17 dist=40/183 right=1:-0.61@85,76 dx=0.7 idx=0/17 dist=40/179 sel=1:-0.83@85,74 dx=1.0 idx=0/20 dist=40/156 edge=1:-1.95@86.5,70.0 dx=2.5 width=51.0 l=61,70 r=112,70
CxScan: raw_ref=80.0 edge=86.5,70.0 best_raw_x=85 best_err=-0.44 best_cxcy=85.9,119.6 scan=0:-24.6,10:-22.0,20:-19.4,30:-16.6,40:-13.8,50:-10.9,60:-7.9,70:-5.0,80:-1.9,90:1.1,100:4.1,110:7.1,120:10.0,130:12.9,140:15.7
ATGSeedDiag: seed=1@14,108/1@134,108 begin=7,108 block=5 clip=8
ATGLptDiag: best=50(23.7) imip=40/57 pass=10110 acc=-1 ipm=8.1,40.7 inv=18.5,26.1 | 67(14.8) imip=57/77 pass=10101 acc=-1 ipm=41.2,-1.8 inv=50.6,16.0
frame=401 line=1 track=1 cross=0 circle=0(CIRCLE_NONE) round=0 yroad=0 ramp=0 road=3 speed=0 near=57/104 raw=124/170 sel=104/80 far=0/0 far_raw=0/0 l=0@-1/0@-1 far_l=0@-1/0@-1 straight=0/1 far_straight=0/0 circle_cnt=0/0/0/0 lost=0/0 conf=24.1/16.6/0.0/0.0 dist=0 begin=0/0 m0=(84,119) ml=(85,78) md=41/1/167 cxcy=84.0,119.6 guide=-0.49 atg=-1.0/-47.0/-60.0 pure=0.40/2.96 yaw=17 cmd=-260 actual=155 signed=0 rps=5345/4633:6625/6483 duty=10/10 pwm=PWM2:10/PWM1:10 motor=2:10/1:10
CrossDiag: type=CROSS_NONE track=1 half_lr=0/0 nearL=0@-1/0@-1 nearNum=57/104 centerNum=57/104 farL=0@-1/0@-1 farNum=0/0 farRaw=0/0 lost=0/0 not_have=0 final=104/80 flags=0/0
LineErr: aim=41 cxcy=84.0,119.6 left=1:-2.27@87,75 dx=2.7 idx=0/17 dist=40/182 right=1:-0.60@85,77 dx=0.7 idx=0/17 dist=40/183 sel=1:-0.82@85,74 dx=1.0 idx=0/20 dist=40/158 edge=1:-1.55@86.0,70.0 dx=2.0 width=50.0 l=61,70 r=111,70
CxScan: raw_ref=80.0 edge=86.0,70.0 best_raw_x=85 best_err=-0.05 best_cxcy=85.9,119.6 scan=0:-24.3,10:-21.7,20:-19.0,30:-16.3,40:-13.4,50:-10.5,60:-7.6,70:-4.6,80:-1.6,90:1.5,100:4.5,110:7.4,120:10.4,130:13.3,140:16.1
ATGSeedDiag: seed=1@14,108/1@134,108 begin=7,108 block=5 clip=8
ATGLptDiag: best=50(24.1) imip=40/56 pass=10110 acc=-1 ipm=7.4,41.0 inv=17.8,26.2 | 65(16.6) imip=55/75 pass=10101 acc=-1 ipm=45.4,-1.1 inv=52.7,16.1
frame=402 line=1 track=1 cross=0 circle=0(CIRCLE_NONE) round=0 yroad=0 ramp=0 road=3 speed=0 near=57/106 raw=123/170 sel=106/82 far=0/0 far_raw=0/0 l=0@-1/0@-1 far_l=0@-1/0@-1 straight=0/1 far_straight=0/0 circle_cnt=0/0/0/0 lost=0/0 conf=22.8/13.4/0.0/0.0 dist=0 begin=0/0 m0=(84,119) ml=(85,78) md=41/1/172 cxcy=84.0,119.6 guide=-0.49 atg=-1.0/-47.0/-60.0 pure=0.40/2.95 yaw=17 cmd=-196 actual=123 signed=0 rps=5257/4721:6514/6185 duty=10/11 pwm=PWM2:10/PWM1:11 motor=2:10/1:11
CrossDiag: type=CROSS_NONE track=1 half_lr=0/0 nearL=0@-1/0@-1 nearNum=57/106 centerNum=57/106 farL=0@-1/0@-1 farNum=0/0 farRaw=0/0 lost=0/0 not_have=0 final=106/82 flags=0/0
LineErr: aim=41 cxcy=84.0,119.6 left=1:-2.01@86,75 dx=2.4 idx=0/17 dist=40/182 right=1:-0.63@85,77 dx=0.7 idx=0/17 dist=40/183 sel=1:-0.97@85,74 dx=1.2 idx=0/20 dist=40/162 edge=1:-1.95@86.5,70.0 dx=2.5 width=51.0 l=61,70 r=112,70
CxScan: raw_ref=80.0 edge=86.5,70.0 best_raw_x=85 best_err=-0.44 best_cxcy=85.9,119.6 scan=0:-24.6,10:-22.0,20:-19.4,30:-16.6,40:-13.8,50:-10.9,60:-7.9,70:-5.0,80:-1.9,90:1.1,100:4.1,110:7.1,120:10.0,130:12.9,140:15.7
ATGSeedDiag: seed=1@14,108/1@134,108 begin=7,108 block=5 clip=8
ATGLptDiag: best=49(22.8) imip=39/56 pass=10110 acc=-1 ipm=8.2,40.7 inv=18.6,26.1 | 65(13.4) imip=55/75 pass=10101 acc=-1 ipm=45.4,-1.1 inv=52.7,16.1
frame=403 line=1 track=1 cross=0 circle=0(CIRCLE_NONE) round=0 yroad=0 ramp=0 road=3 speed=0 near=56/103 raw=123/170 sel=103/78 far=0/0 far_raw=0/0 l=0@-1/0@-1 far_l=0@-1/0@-1 straight=0/1 far_straight=0/0 circle_cnt=0/0/0/0 lost=0/0 conf=27.1/17.8/0.0/0.0 dist=0 begin=0/0 m0=(84,119) ml=(85,78) md=41/1/166 cxcy=84.0,119.6 guide=-0.49 atg=-2.0/-49.0/-60.0 pure=0.54/3.02 yaw=17 cmd=-129 actual=89 signed=0 rps=5166/4812:6980/6739 duty=9/11 pwm=PWM2:9/PWM1:11 motor=2:9/1:11
CrossDiag: type=CROSS_NONE track=1 half_lr=0/0 nearL=0@-1/0@-1 nearNum=56/103 centerNum=56/103 farL=0@-1/0@-1 farNum=0/0 farRaw=0/0 lost=0/0 not_have=0 final=103/78 flags=0/0
LineErr: aim=41 cxcy=84.0,119.6 left=1:-1.81@86,74 dx=2.2 idx=0/17 dist=41/180 right=1:-0.63@85,77 dx=0.7 idx=0/17 dist=40/181 sel=1:-1.00@85,74 dx=1.2 idx=0/20 dist=40/154 edge=1:-1.95@86.5,70.0 dx=2.5 width=51.0 l=61,70 r=112,70
CxScan: raw_ref=80.0 edge=86.5,70.0 best_raw_x=85 best_err=-0.44 best_cxcy=85.9,119.6 scan=0:-24.6,10:-22.0,20:-19.4,30:-16.6,40:-13.8,50:-10.9,60:-7.9,70:-5.0,80:-1.9,90:1.1,100:4.1,110:7.1,120:10.0,130:12.9,140:15.7
ATGSeedDiag: seed=1@14,108/1@134,108 begin=7,108 block=5 clip=8
ATGLptDiag: best=46(27.1) imip=36/55 pass=10110 acc=-1 ipm=14.2,40.6 inv=23.0,26.1 | 66(17.8) imip=56/76 pass=10101 acc=-1 ipm=42.5,-1.5 inv=51.2,16.1
frame=404 line=1 track=1 cross=0 circle=0(CIRCLE_NONE) round=0 yroad=0 ramp=0 road=3 speed=0 near=55/102 raw=121/169 sel=102/78 far=0/0 far_raw=0/0 l=0@-1/0@-1 far_l=0@-1/0@-1 straight=0/1 far_straight=0/0 circle_cnt=0/0/0/0 lost=0/0 conf=23.0/13.5/0.0/0.0 dist=0 begin=0/0 m0=(84,119) ml=(85,78) md=41/1/166 cxcy=84.0,119.6 guide=-0.49 atg=-2.0/-52.0/-60.0 pure=0.61/3.12 yaw=17 cmd=-80 actual=65 signed=0 rps=5099/4879:7167/7108 duty=8/11 pwm=PWM2:8/PWM1:11 motor=2:8/1:11
CrossDiag: type=CROSS_NONE track=1 half_lr=0/0 nearL=0@-1/0@-1 nearNum=55/102 centerNum=55/102 farL=0@-1/0@-1 farNum=0/0 farRaw=0/0 lost=0/0 not_have=0 final=102/78 flags=0/0
LineErr: aim=41 cxcy=84.0,119.6 left=1:-2.12@87,73 dx=2.6 idx=0/17 dist=41/177 right=1:-0.60@85,77 dx=0.7 idx=0/17 dist=40/179 sel=1:-0.88@85,74 dx=1.1 idx=0/20 dist=40/154 edge=1:-1.55@86.0,70.0 dx=2.0 width=50.0 l=61,70 r=111,70
CxScan: raw_ref=80.0 edge=86.0,70.0 best_raw_x=85 best_err=-0.05 best_cxcy=85.9,119.6 scan=0:-24.3,10:-21.7,20:-19.0,30:-16.3,40:-13.4,50:-10.5,60:-7.6,70:-4.6,80:-1.6,90:1.5,100:4.5,110:7.4,120:10.4,130:13.3,140:16.1
ATGSeedDiag: seed=1@15,107/1@134,108 begin=7,108 block=5 clip=8
ATGLptDiag: best=53(23.0) imip=43/54 pass=10110 acc=-1 ipm=-1.4,51.2 inv=5.2,29.9 | 28(13.5) imip=18/38 pass=10111 acc=-1 ipm=108.3,52.1 inv=93.5,29.8
frame=405 line=1 track=1 cross=0 circle=0(CIRCLE_NONE) round=0 yroad=0 ramp=0 road=3 speed=0 near=54/101 raw=121/169 sel=101/77 far=0/0 far_raw=0/0 l=0@-1/0@-1 far_l=0@-1/0@-1 straight=0/1 far_straight=0/0 circle_cnt=0/0/0/0 lost=0/0 conf=27.8/18.3/0.0/0.0 dist=0 begin=0/0 m0=(84,119) ml=(85,78) md=41/1/163 cxcy=84.0,119.6 guide=-0.49 atg=-3.0/-55.0/-60.0 pure=0.74/3.25 yaw=17 cmd=-60 actual=55 signed=0 rps=5072/4906:6730/6782 duty=9/11 pwm=PWM2:9/PWM1:11 motor=2:9/1:11
CrossDiag: type=CROSS_NONE track=1 half_lr=0/0 nearL=0@-1/0@-1 nearNum=54/101 centerNum=54/101 farL=0@-1/0@-1 farNum=0/0 farRaw=0/0 lost=0/0 not_have=0 final=101/77 flags=0/0
LineErr: aim=41 cxcy=84.0,119.6 left=1:-2.15@87,77 dx=2.5 idx=0/16 dist=40/178 right=1:-0.60@85,77 dx=0.7 idx=0/17 dist=40/175 sel=1:-0.90@85,74 dx=1.1 idx=0/20 dist=40/152 edge=1:-1.16@85.5,70.0 dx=1.5 width=51.0 l=60,70 r=111,70
CxScan: raw_ref=80.0 edge=85.5,70.0 best_raw_x=85 best_err=0.35 best_cxcy=85.9,119.6 scan=0:-23.9,10:-21.3,20:-18.7,30:-15.9,40:-13.0,50:-10.1,60:-7.2,70:-4.2,80:-1.2,90:1.9,100:4.9,110:7.8,120:10.8,130:13.6,140:16.4
ATGSeedDiag: seed=1@15,108/1@135,108 begin=7,108 block=5 clip=8
ATGLptDiag: best=44(27.8) imip=34/53 pass=10110 acc=-1 ipm=16.1,43.6 inv=23.0,27.1 | 76(18.3) imip=66/86 pass=10101 acc=-1 ipm=16.8,-2.0 inv=37.9,16.1
frame=406 line=1 track=1 cross=0 circle=0(CIRCLE_NONE) round=0 yroad=0 ramp=0 road=3 speed=0 near=53/99 raw=120/169 sel=99/75 far=0/0 far_raw=0/0 l=0@-1/0@-1 far_l=0@-1/0@-1 straight=0/1 far_straight=0/0 circle_cnt=0/0/0/0 lost=0/0 conf=21.2/15.6/0.0/0.0 dist=0 begin=0/0 m0=(84,119) ml=(85,78) md=41/1/161 cxcy=84.0,119.6 guide=-0.49 atg=-5.0/-60.0/-60.0 pure=0.89/3.47 yaw=17 cmd=-59 actual=54 signed=0 rps=5070/4908:6737/7007 duty=9/11 pwm=PWM2:9/PWM1:11 motor=2:9/1:11
CrossDiag: type=CROSS_NONE track=1 half_lr=0/0 nearL=0@-1/0@-1 nearNum=53/99 centerNum=53/99 farL=0@-1/0@-1 farNum=0/0 farRaw=0/0 lost=0/0 not_have=0 final=99/75 flags=0/0
LineErr: aim=41 cxcy=84.0,119.6 left=1:-2.12@86,76 dx=2.5 idx=0/16 dist=40/173 right=1:-0.74@85,78 dx=0.8 idx=0/17 dist=40/175 sel=1:-0.99@85,74 dx=1.2 idx=0/20 dist=40/148 edge=1:-1.16@85.5,70.0 dx=1.5 width=51.0 l=60,70 r=111,70
CxScan: raw_ref=80.0 edge=85.5,70.0 best_raw_x=85 best_err=0.35 best_cxcy=85.9,119.6 scan=0:-23.9,10:-21.3,20:-18.7,30:-15.9,40:-13.0,50:-10.1,60:-7.2,70:-4.2,80:-1.2,90:1.9,100:4.9,110:7.8,120:10.8,130:13.6,140:16.4
ATGSeedDiag: seed=1@15,108/1@135,108 begin=7,108 block=5 clip=8
ATGLptDiag: best=51(21.2) imip=41/52 pass=10110 acc=-1 ipm=0.8,53.3 inv=5.6,30.8 | 65(15.6) imip=55/75 pass=10101 acc=-1 ipm=39.7,4.0 inv=49.0,17.1
frame=407 line=1 track=1 cross=0 circle=0(CIRCLE_NONE) round=0 yroad=0 ramp=0 road=3 speed=0 near=52/99 raw=120/169 sel=99/75 far=0/0 far_raw=0/0 l=0@-1/0@-1 far_l=0@-1/0@-1 straight=0/1 far_straight=0/0 circle_cnt=0/0/0/0 lost=0/0 conf=23.5/14.5/0.0/0.0 dist=0 begin=0/0 m0=(84,119) ml=(85,78) md=41/1/162 cxcy=84.0,119.6 guide=-0.61 atg=-5.0/-60.0/-60.0 pure=0.90/3.48 yaw=21 cmd=-45 actual=54 signed=0 rps=5048/4924:6258/6691 duty=9/11 pwm=PWM2:9/PWM1:11 motor=2:9/1:11
CrossDiag: type=CROSS_NONE track=1 half_lr=0/0 nearL=0@-1/0@-1 nearNum=52/99 centerNum=52/99 farL=0@-1/0@-1 farNum=0/0 farRaw=0/0 lost=0/0 not_have=0 final=99/75 flags=0/0
LineErr: aim=41 cxcy=84.0,119.6 left=1:-2.04@86,76 dx=2.4 idx=0/16 dist=40/169 right=1:-0.81@85,78 dx=0.9 idx=0/17 dist=40/175 sel=1:-1.00@85,74 dx=1.2 idx=0/20 dist=40/148 edge=1:-1.16@85.5,70.0 dx=1.5 width=51.0 l=60,70 r=111,70
CxScan: raw_ref=80.0 edge=85.5,70.0 best_raw_x=85 best_err=0.35 best_cxcy=85.9,119.6 scan=0:-23.9,10:-21.3,20:-18.7,30:-15.9,40:-13.0,50:-10.1,60:-7.2,70:-4.2,80:-1.2,90:1.9,100:4.9,110:7.8,120:10.8,130:13.6,140:16.4
ATGSeedDiag: seed=1@15,108/1@135,108 begin=7,108 block=5 clip=8
ATGLptDiag: best=23(23.5) imip=13/33 pass=10111 acc=-1 ipm=57.3,63.6 inv=49.7,35.3 | 65(14.5) imip=55/75 pass=10101 acc=-1 ipm=39.4,4.0 inv=48.8,17.0
frame=408 line=1 track=1 cross=0 circle=0(CIRCLE_NONE) round=0 yroad=0 ramp=0 road=3 speed=0 near=52/99 raw=119/168 sel=99/75 far=0/0 far_raw=0/0 l=0@-1/0@-1 far_l=0@-1/0@-1 straight=0/1 far_straight=0/0 circle_cnt=0/0/0/0 lost=0/0 conf=24.1/18.3/0.0/0.0 dist=0 begin=0/0 m0=(84,119) ml=(85,78) md=41/1/160 cxcy=84.0,119.6 guide=-0.61 atg=-6.0/-60.0/-60.0 pure=0.96/3.42 yaw=21 cmd=-60 actual=61 signed=0 rps=5068/4904:6425/6855 duty=9/11 pwm=PWM2:9/PWM1:11 motor=2:9/1:11
CrossDiag: type=CROSS_NONE track=1 half_lr=0/0 nearL=0@-1/0@-1 nearNum=52/99 centerNum=52/99 farL=0@-1/0@-1 farNum=0/0 farRaw=0/0 lost=0/0 not_have=0 final=99/75 flags=0/0
LineErr: aim=41 cxcy=84.0,119.6 left=1:-2.00@86,76 dx=2.3 idx=0/16 dist=40/170 right=1:-0.82@85,78 dx=0.9 idx=0/17 dist=40/175 sel=1:-1.00@85,74 dx=1.2 idx=0/20 dist=40/148 edge=1:-1.16@85.5,70.0 dx=1.5 width=51.0 l=60,70 r=111,70
CxScan: raw_ref=80.0 edge=85.5,70.0 best_raw_x=85 best_err=0.35 best_cxcy=85.9,119.6 scan=0:-23.9,10:-21.3,20:-18.7,30:-15.9,40:-13.0,50:-10.1,60:-7.2,70:-4.2,80:-1.2,90:1.9,100:4.9,110:7.8,120:10.8,130:13.6,140:16.4
ATGSeedDiag: seed=1@15,108/1@135,108 begin=7,108 block=5 clip=8
ATGLptDiag: best=22(24.1) imip=12/32 pass=10111 acc=-1 ipm=57.9,65.7 inv=49.8,36.5 | 64(18.3) imip=54/74 pass=10101 acc=-1 ipm=41.5,4.1 inv=50.0,17.1
frame=410 line=1 track=1 cross=0 circle=0(CIRCLE_NONE) round=0 yroad=0 ramp=0 road=3 speed=0 near=51/98 raw=118/168 sel=98/75 far=0/0 far_raw=0/0 l=0@-1/0@-1 far_l=0@-1/0@-1 straight=0/1 far_straight=0/0 circle_cnt=0/0/0/0 lost=0/0 conf=20.3/14.1/0.0/0.0 dist=0 begin=0/0 m0=(84,119) ml=(85,78) md=41/1/159 cxcy=84.0,119.6 guide=-0.61 atg=-9.0/-60.0/-60.0 pure=1.13/3.63 yaw=21 cmd=-134 actual=98 signed=0 rps=5170/4802:6655/6491 duty=9/11 pwm=PWM2:9/PWM1:11 motor=2:9/1:11
CrossDiag: type=CROSS_NONE track=1 half_lr=0/0 nearL=0@-1/0@-1 nearNum=51/98 centerNum=51/98 farL=0@-1/0@-1 farNum=0/0 farRaw=0/0 lost=0/0 not_have=0 final=98/75 flags=0/0
LineErr: aim=41 cxcy=84.0,119.6 left=1:-1.60@86,75 dx=1.9 idx=0/16 dist=41/169 right=1:-0.81@85,79 dx=0.9 idx=0/17 dist=40/174 sel=1:-0.81@85,74 dx=1.0 idx=0/20 dist=40/148 edge=1:-0.77@85.0,70.0 dx=1.0 width=52.0 l=59,70 r=111,70
CxScan: raw_ref=80.0 edge=85.0,70.0 best_raw_x=85 best_err=0.74 best_cxcy=85.9,119.6 scan=0:-23.6,10:-21.0,20:-18.3,30:-15.5,40:-12.7,50:-9.7,60:-6.8,70:-3.8,80:-0.8,90:2.2,100:5.2,110:8.2,120:11.1,130:14.0,140:16.8
ATGSeedDiag: seed=1@15,108/1@135,108 begin=7,108 block=5 clip=8
ATGLptDiag: best=22(20.3) imip=12/32 pass=10111 acc=-1 ipm=56.8,66.0 inv=48.7,36.6 | 66(14.1) imip=56/76 pass=10101 acc=-1 ipm=35.7,3.9 inv=46.8,17.0
frame=411 line=1 track=1 cross=0 circle=0(CIRCLE_NONE) round=0 yroad=0 ramp=0 road=3 speed=0 near=50/97 raw=117/167 sel=97/74 far=0/0 far_raw=0/0 l=0@-1/0@-1 far_l=0@-1/0@-1 straight=0/1 far_straight=0/0 circle_cnt=0/0/0/0 lost=0/0 conf=24.4/18.8/0.0/0.0 dist=0 begin=0/0 m0=(84,119) ml=(85,78) md=41/1/156 cxcy=84.0,119.6 guide=-0.36 atg=-11.0/-60.0/-60.0 pure=1.31/3.80 yaw=12 cmd=-164 actual=100 signed=0 rps=5217/4767:6913/6633 duty=9/11 pwm=PWM2:9/PWM1:11 motor=2:9/1:11
CrossDiag: type=CROSS_NONE track=1 half_lr=0/0 nearL=0@-1/0@-1 nearNum=50/97 centerNum=50/97 farL=0@-1/0@-1 farNum=0/0 farRaw=0/0 lost=0/0 not_have=0 final=97/74 flags=0/0
LineErr: aim=41 cxcy=84.0,119.6 left=1:-1.57@86,74 dx=1.9 idx=0/16 dist=42/163 right=1:-0.64@85,79 dx=0.7 idx=0/17 dist=40/167 sel=1:-0.40@85,74 dx=0.5 idx=0/20 dist=40/146 edge=1:0.02@84.0,70.0 dx=-0.0 width=52.0 l=58,70 r=110,70
CxScan: raw_ref=80.0 edge=84.0,70.0 best_raw_x=80 best_err=0.02 best_cxcy=84.0,119.6 scan=0:-22.9,10:-20.3,20:-17.6,30:-14.8,40:-11.9,50:-9.0,60:-6.0,70:-3.0,80:0.0,90:3.0,100:6.0,110:9.0,120:11.9,130:14.7,140:17.5
ATGSeedDiag: seed=1@15,108/1@135,108 begin=7,108 block=5 clip=8
ATGLptDiag: best=21(24.4) imip=11/31 pass=10111 acc=-1 ipm=57.4,68.1 inv=48.6,37.8 | 73(18.8) imip=63/83 pass=10101 acc=-1 ipm=17.5,3.4 inv=37.1,17.0
frame=412 line=1 track=1 cross=0 circle=0(CIRCLE_NONE) round=0 yroad=0 ramp=0 road=3 speed=0 near=49/94 raw=116/167 sel=94/71 far=0/0 far_raw=0/0 l=0@-1/0@-1 far_l=0@-1/0@-1 straight=0/1 far_straight=0/0 circle_cnt=0/0/0/0 lost=0/0 conf=23.9/12.6/0.0/0.0 dist=0 begin=0/0 m0=(84,119) ml=(85,78) md=41/1/150 cxcy=84.0,119.6 guide=-0.36 atg=-16.0/-60.0/-60.0 pure=1.53/3.94 yaw=12 cmd=-177 actual=107 signed=0 rps=5234/4750:6685/6545 duty=9/11 pwm=PWM2:9/PWM1:11 motor=2:9/1:11
CrossDiag: type=CROSS_NONE track=1 half_lr=0/0 nearL=0@-1/0@-1 nearNum=49/94 centerNum=49/94 farL=0@-1/0@-1 farNum=0/0 farRaw=0/0 lost=0/0 not_have=0 final=94/71 flags=0/0
LineErr: aim=41 cxcy=84.0,119.6 left=1:-1.83@86,77 dx=2.1 idx=0/15 dist=39/161 right=1:-0.59@85,79 dx=0.6 idx=0/17 dist=40/164 sel=1:-0.25@84,74 dx=0.3 idx=0/20 dist=40/140 edge=1:0.02@84.0,70.0 dx=-0.0 width=52.0 l=58,70 r=110,70
CxScan: raw_ref=80.0 edge=84.0,70.0 best_raw_x=80 best_err=0.02 best_cxcy=84.0,119.6 scan=0:-22.9,10:-20.3,20:-17.6,30:-14.8,40:-11.9,50:-9.0,60:-6.0,70:-3.0,80:0.0,90:3.0,100:6.0,110:9.0,120:11.9,130:14.7,140:17.5
ATGSeedDiag: seed=1@15,108/1@135,108 begin=7,108 block=5 clip=8
ATGLptDiag: best=21(23.9) imip=11/31 pass=10111 acc=-1 ipm=56.8,68.2 inv=48.0,37.9 | 63(12.6) imip=53/73 pass=10101 acc=-1 ipm=38.1,9.4 inv=47.2,18.1
frame=413 line=1 track=1 cross=0 circle=0(CIRCLE_NONE) round=0 yroad=0 ramp=0 road=3 speed=0 near=48/94 raw=115/167 sel=94/71 far=0/0 far_raw=0/0 l=0@-1/0@-1 far_l=0@-1/0@-1 straight=0/1 far_straight=0/0 circle_cnt=0/0/0/0 lost=0/0 conf=24.7/15.8/0.0/0.0 dist=0 begin=0/0 m0=(84,119) ml=(85,78) md=41/1/150 cxcy=84.0,119.6 guide=-0.23 atg=-17.0/-60.0/-60.0 pure=1.63/4.05 yaw=8 cmd=-208 actual=116 signed=0 rps=5280/4710:6959/7026 duty=9/10 pwm=PWM2:9/PWM1:10 motor=2:9/1:10
CrossDiag: type=CROSS_NONE track=1 half_lr=0/0 nearL=0@-1/0@-1 nearNum=48/94 centerNum=48/94 farL=0@-1/0@-1 farNum=0/0 farRaw=0/0 lost=0/0 not_have=0 final=94/71 flags=0/0
LineErr: aim=41 cxcy=84.0,119.6 left=1:-1.66@86,77 dx=1.9 idx=0/15 dist=39/157 right=1:-0.61@85,80 dx=0.7 idx=0/17 dist=40/168 sel=1:-0.17@84,74 dx=0.2 idx=0/20 dist=40/140 edge=1:0.02@84.0,70.0 dx=-0.0 width=52.0 l=58,70 r=110,70
CxScan: raw_ref=80.0 edge=84.0,70.0 best_raw_x=80 best_err=0.02 best_cxcy=84.0,119.6 scan=0:-22.9,10:-20.3,20:-17.6,30:-14.8,40:-11.9,50:-9.0,60:-6.0,70:-3.0,80:0.0,90:3.0,100:6.0,110:9.0,120:11.9,130:14.7,140:17.5
ATGSeedDiag: seed=1@15,108/1@135,108 begin=7,108 block=5 clip=8
ATGLptDiag: best=21(24.7) imip=11/31 pass=10111 acc=-1 ipm=56.3,68.4 inv=47.5,38.0 | 23(15.8) imip=13/33 pass=10111 acc=-1 ipm=108.6,63.5 inv=96.7,35.0
frame=414 line=1 track=1 cross=0 circle=0(CIRCLE_NONE) round=0 yroad=0 ramp=0 road=3 speed=0 near=48/94 raw=114/166 sel=94/71 far=0/0 far_raw=0/0 l=0@-1/0@-1 far_l=0@-1/0@-1 straight=0/1 far_straight=0/0 circle_cnt=0/0/0/0 lost=0/0 conf=28.2/10.9/0.0/0.0 dist=0 begin=0/0 m0=(84,119) ml=(84,78) md=41/1/149 cxcy=84.0,119.6 guide=0.28 atg=-21.0/-60.0/-60.0 pure=1.76/4.06 yaw=-9 cmd=-269 actual=120 signed=0 rps=5362/4626:6612/6741 duty=10/10 pwm=PWM2:10/PWM1:10 motor=2:10/1:10
CrossDiag: type=CROSS_NONE track=1 half_lr=0/0 nearL=0@-1/0@-1 nearNum=48/94 centerNum=48/94 farL=0@-1/0@-1 farNum=0/0 farRaw=0/0 lost=0/0 not_have=0 final=94/71 flags=0/0
LineErr: aim=41 cxcy=84.0,119.6 left=1:-1.47@86,76 dx=1.7 idx=0/15 dist=39/158 right=1:-0.43@84,80 dx=0.5 idx=0/17 dist=40/165 sel=1:0.48@83,74 dx=-0.6 idx=0/20 dist=40/140 edge=1:0.42@83.5,70.5 dx=-0.5 width=53.0 l=57,71 r=110,70
CxScan: raw_ref=80.0 edge=83.5,70.5 best_raw_x=80 best_err=0.42 best_cxcy=84.0,119.6 scan=0:-22.8,10:-20.1,20:-17.3,30:-14.5,40:-11.6,50:-8.7,60:-5.7,70:-2.6,80:0.4,90:3.5,100:6.5,110:9.4,120:12.3,130:15.2,140:18.0
ATGSeedDiag: seed=1@15,108/1@135,108 begin=7,108 block=5 clip=8
ATGLptDiag: best=19(28.2) imip=9/29 pass=10111 acc=-1 ipm=58.3,72.5 inv=48.3,40.5 | 25(10.9) imip=15/35 pass=10111 acc=-1 ipm=106.4,59.2 inv=93.6,32.9
frame=415 line=1 track=1 cross=0 circle=0(CIRCLE_NONE) round=0 yroad=0 ramp=0 road=3 speed=0 near=47/94 raw=113/166 sel=94/71 far=0/0 far_raw=0/0 l=0@-1/0@-1 far_l=0@-1/0@-1 straight=0/1 far_straight=0/0 circle_cnt=0/0/0/0 lost=0/0 conf=24.7/13.3/0.0/0.0 dist=0 begin=0/0 m0=(84,119) ml=(84,78) md=41/1/151 cxcy=84.0,119.6 guide=0.15 atg=-21.0/-60.0/-60.0 pure=1.79/4.12 yaw=-5 cmd=-273 actual=129 signed=0 rps=5370/4623:6755/7078 duty=10/9 pwm=PWM2:10/PWM1:9 motor=2:10/1:9
CrossDiag: type=CROSS_NONE track=1 half_lr=0/0 nearL=0@-1/0@-1 nearNum=47/94 centerNum=47/94 farL=0@-1/0@-1 farNum=0/0 farRaw=0/0 lost=0/0 not_have=0 final=94/71 flags=0/0
LineErr: aim=41 cxcy=84.0,119.6 left=1:-1.33@86,76 dx=1.6 idx=0/15 dist=40/154 right=1:-0.43@85,79 dx=0.5 idx=0/18 dist=41/165 sel=1:0.46@83,74 dx=-0.6 idx=0/20 dist=40/140 edge=1:0.81@83.0,70.5 dx=-1.0 width=54.0 l=56,71 r=110,70
CxScan: raw_ref=80.0 edge=83.0,70.5 best_raw_x=75 best_err=-0.71 best_cxcy=82.1,119.5 scan=0:-22.4,10:-19.7,20:-17.0,30:-14.1,40:-11.2,50:-8.3,60:-5.3,70:-2.2,80:0.8,90:3.8,100:6.9,110:9.8,120:12.7,130:15.6,140:18.3
ATGSeedDiag: seed=1@15,108/1@135,108 begin=7,108 block=5 clip=8
ATGLptDiag: best=19(24.7) imip=9/29 pass=10111 acc=-1 ipm=57.6,72.6 inv=47.6,40.5 | 23(13.3) imip=13/33 pass=10111 acc=-1 ipm=107.8,63.6 inv=96.0,35.0
frame=416 line=1 track=1 cross=0 circle=0(CIRCLE_NONE) round=0 yroad=0 ramp=0 road=3 speed=0 near=46/94 raw=113/166 sel=94/71 far=0/0 far_raw=0/0 l=0@-1/0@-1 far_l=0@-1/0@-1 straight=0/1 far_straight=0/0 circle_cnt=0/0/0/0 lost=0/0 conf=25.8/12.8/0.0/0.0 dist=0 begin=0/0 m0=(84,119) ml=(84,78) md=41/1/148 cxcy=84.0,119.6 guide=0.68 atg=-25.0/-60.0/-60.0 pure=1.93/4.19 yaw=-23 cmd=-329 actual=130 signed=0 rps=5435/4534:6627/7156 duty=10/9 pwm=PWM2:10/PWM1:9 motor=2:10/1:9
CrossDiag: type=CROSS_NONE track=1 half_lr=0/0 nearL=0@-1/0@-1 nearNum=46/94 centerNum=46/94 farL=0@-1/0@-1 farNum=0/0 farRaw=0/0 lost=0/0 not_have=0 final=94/71 flags=0/0
LineErr: aim=41 cxcy=84.0,119.6 left=1:-0.91@85,75 dx=1.1 idx=0/15 dist=41/151 right=1:-0.23@84,80 dx=0.3 idx=0/17 dist=40/172 sel=1:0.59@83,74 dx=-0.7 idx=0/20 dist=40/140 edge=1:1.21@82.5,70.5 dx=-1.5 width=53.0 l=56,71 r=109,70
CxScan: raw_ref=80.0 edge=82.5,70.5 best_raw_x=75 best_err=-0.31 best_cxcy=82.1,119.5 scan=0:-22.1,10:-19.4,20:-16.6,30:-13.8,40:-10.8,50:-7.9,60:-4.9,70:-1.8,80:1.2,90:4.2,100:7.2,110:10.2,120:13.1,130:15.9,140:18.7
ATGSeedDiag: seed=1@15,108/1@135,108 begin=7,108 block=5 clip=8
ATGLptDiag: best=19(25.8) imip=9/29 pass=10111 acc=-1 ipm=57.1,72.7 inv=47.0,40.6 | 23(12.8) imip=13/33 pass=10111 acc=-1 ipm=107.3,63.7 inv=95.6,35.1
frame=417 line=1 track=1 cross=0 circle=0(CIRCLE_NONE) round=0 yroad=0 ramp=0 road=5 speed=0 near=46/93 raw=112/166 sel=93/71 far=0/0 far_raw=0/0 l=0@-1/0@-1 far_l=0@-1/0@-1 straight=0/1 far_straight=0/0 circle_cnt=0/0/0/0 lost=0/0 conf=23.9/16.7/0.0/0.0 dist=0 begin=0/0 m0=(84,119) ml=(84,78) md=41/1/149 cxcy=84.0,119.6 guide=0.79 atg=-29.0/-60.0/-60.0 pure=2.08/4.32 yaw=-27 cmd=-342 actual=131 signed=0 rps=5451/4513:6176/6643 duty=11/10 pwm=PWM2:11/PWM1:10 motor=2:11/1:10
CrossDiag: type=CROSS_NONE track=1 half_lr=0/0 nearL=0@-1/0@-1 nearNum=46/93 centerNum=46/93 farL=0@-1/0@-1 farNum=0/0 farRaw=0/0 lost=0/0 not_have=0 final=93/71 flags=0/0
LineErr: aim=41 cxcy=84.0,119.6 left=1:-1.15@85,78 dx=1.3 idx=0/14 dist=39/154 right=1:0.08@84,79 dx=-0.1 idx=0/18 dist=41/168 sel=1:1.09@83,74 dx=-1.3 idx=0/20 dist=40/140 edge=1:1.61@82.0,70.5 dx=-2.0 width=54.0 l=55,71 r=109,70
CxScan: raw_ref=80.0 edge=82.0,70.5 best_raw_x=75 best_err=0.09 best_cxcy=82.1,119.5 scan=0:-21.7,10:-19.0,20:-16.3,30:-13.4,40:-10.5,50:-7.5,60:-4.5,70:-1.4,80:1.6,90:4.6,100:7.6,110:10.6,120:13.5,130:16.3,140:19.0
ATGSeedDiag: seed=1@15,108/1@135,108 begin=7,108 block=5 clip=8
ATGLptDiag: best=20(23.9) imip=10/30 pass=10111 acc=-1 ipm=55.3,70.8 inv=45.8,39.4 | 71(16.7) imip=61/81 pass=10101 acc=-1 ipm=16.2,8.7 inv=35.0,18.0
frame=418 line=1 track=1 cross=0 circle=0(CIRCLE_NONE) round=0 yroad=0 ramp=0 road=5 speed=0 near=45/91 raw=110/165 sel=91/68 far=0/0 far_raw=0/0 l=0@-1/0@-1 far_l=0@-1/0@-1 straight=0/1 far_straight=0/0 circle_cnt=0/0/0/0 lost=0/0 conf=26.7/13.6/0.0/0.0 dist=0 begin=0/0 m0=(84,119) ml=(84,78) md=41/1/144 cxcy=84.0,119.6 guide=1.12 atg=-33.0/-60.0/-60.0 pure=2.25/4.50 yaw=-38 cmd=-360 actual=123 signed=0 rps=5469/4481:6460/6572 duty=10/10 pwm=PWM2:10/PWM1:10 motor=2:10/1:10
CrossDiag: type=CROSS_NONE track=1 half_lr=0/0 nearL=0@-1/0@-1 nearNum=45/91 centerNum=45/91 farL=0@-1/0@-1 farNum=0/0 farRaw=0/0 lost=0/0 not_have=0 final=91/68 flags=0/0
LineErr: aim=41 cxcy=84.0,119.6 left=1:-0.97@85,78 dx=1.1 idx=0/14 dist=39/149 right=1:0.27@84,80 dx=-0.3 idx=0/18 dist=41/161 sel=1:1.75@82,74 dx=-2.1 idx=0/20 dist=40/134 edge=1:2.40@81.0,70.5 dx=-3.0 width=54.0 l=54,71 r=108,70
CxScan: raw_ref=80.0 edge=81.0,70.5 best_raw_x=70 best_err=-0.64 best_cxcy=80.2,119.5 scan=0:-21.0,10:-18.3,20:-15.5,30:-12.6,40:-9.7,50:-6.7,60:-3.7,70:-0.6,80:2.4,90:5.4,100:8.4,110:11.3,120:14.2,130:17.0,140:19.7
ATGSeedDiag: seed=1@15,108/1@135,108 begin=7,108 block=5 clip=8
ATGLptDiag: best=18(26.7) imip=8/28 pass=10111 acc=-1 ipm=57.2,74.9 inv=46.4,42.1 | 20(13.6) imip=10/30 pass=10111 acc=-1 ipm=108.5,70.4 inv=98.8,38.8
frame=419 line=1 track=1 cross=0 circle=0(CIRCLE_NONE) round=0 yroad=0 ramp=0 road=5 speed=0 near=43/89 raw=108/164 sel=89/68 far=0/0 far_raw=0/0 l=0@-1/0@-1 far_l=0@-1/0@-1 straight=0/1 far_straight=0/0 circle_cnt=0/0/0/0 lost=0/0 conf=28.4/13.8/0.0/0.0 dist=0 begin=0/0 m0=(84,119) ml=(83,78) md=41/1/142 cxcy=84.0,119.6 guide=1.42 atg=-43.0/-60.0/-60.0 pure=2.54/4.60 yaw=-48 cmd=-357 actual=106 signed=0 rps=5457/4479:6445/6283 duty=10/10 pwm=PWM2:10/PWM1:10 motor=2:10/1:10
CrossDiag: type=CROSS_NONE track=1 half_lr=0/0 nearL=0@-1/0@-1 nearNum=43/89 centerNum=43/89 farL=0@-1/0@-1 farNum=0/0 farRaw=0/0 lost=0/0 not_have=0 final=89/68 flags=0/0
LineErr: aim=41 cxcy=84.0,119.6 left=1:-0.59@85,76 dx=0.7 idx=0/14 dist=41/143 right=1:1.36@82,78 dx=-1.5 idx=0/20 dist=41/159 sel=1:2.45@81,74 dx=-2.9 idx=0/20 dist=40/134 edge=1:2.79@80.5,70.5 dx=-3.5 width=55.0 l=53,71 r=108,70
CxScan: raw_ref=80.0 edge=80.5,70.5 best_raw_x=70 best_err=-0.25 best_cxcy=80.2,119.5 scan=0:-20.7,10:-18.0,20:-15.1,30:-12.3,40:-9.3,50:-6.3,60:-3.3,70:-0.2,80:2.8,90:5.8,100:8.8,110:11.7,120:14.6,130:17.4,140:20.1
ATGSeedDiag: seed=1@16,107/1@135,108 begin=7,108 block=5 clip=8
ATGLptDiag: best=17(28.4) imip=7/27 pass=10111 acc=-1 ipm=57.7,76.8 inv=46.3,43.4 | 68(13.8) imip=58/78 pass=10101 acc=-1 ipm=18.7,13.7 inv=35.2,19.0
frame=420 line=1 track=1 cross=0 circle=0(CIRCLE_NONE) round=0 yroad=0 ramp=0 road=5 speed=0 near=43/88 raw=108/164 sel=88/66 far=0/0 far_raw=0/0 l=0@-1/0@-1 far_l=0@-1/0@-1 straight=0/1 far_straight=0/0 circle_cnt=0/0/0/0 lost=0/0 conf=26.6/14.1/0.0/0.0 dist=0 begin=0/0 m0=(84,119) ml=(83,78) md=41/1/140 cxcy=84.0,119.6 guide=1.68 atg=-48.0/-60.0/-60.0 pure=2.68/4.85 yaw=-57 cmd=-333 actual=81 signed=0 rps=5419/4505:6915/6621 duty=10/10 pwm=PWM2:10/PWM1:10 motor=2:10/1:10
CrossDiag: type=CROSS_NONE track=1 half_lr=0/0 nearL=0@-1/0@-1 nearNum=43/88 centerNum=43/88 farL=0@-1/0@-1 farNum=0/0 farRaw=0/0 lost=0/0 not_have=0 final=88/66 flags=0/0
LineErr: aim=41 cxcy=84.0,119.6 left=1:-0.41@84,76 dx=0.5 idx=0/14 dist=41/143 right=1:0.99@83,80 dx=-1.1 idx=0/19 dist=41/157 sel=1:2.92@81,74 dx=-3.5 idx=0/20 dist=40/130 edge=1:3.21@80.0,71.0 dx=-4.0 width=54.0 l=53,72 r=107,70
CxScan: raw_ref=80.0 edge=80.0,71.0 best_raw_x=70 best_err=0.15 best_cxcy=80.2,119.5 scan=0:-20.5,10:-17.7,20:-14.9,30:-12.0,40:-9.0,50:-6.0,60:-2.9,70:0.2,80:3.2,90:6.2,100:9.2,110:12.2,120:15.1,130:17.9,140:20.6
ATGSeedDiag: seed=1@15,108/1@135,108 begin=7,108 block=5 clip=8
ATGLptDiag: best=17(26.6) imip=7/27 pass=10111 acc=-1 ipm=57.2,77.2 inv=45.6,43.7 | 63(14.1) imip=53/73 pass=10101 acc=-1 ipm=28.8,16.4 inv=40.4,19.6
frame=421 line=1 track=1 cross=0 circle=0(CIRCLE_NONE) round=0 yroad=0 ramp=0 road=5 speed=0 near=43/89 raw=108/164 sel=89/68 far=0/0 far_raw=0/0 l=0@-1/0@-1 far_l=0@-1/0@-1 straight=0/1 far_straight=0/0 circle_cnt=0/0/0/0 lost=0/0 conf=27.8/15.5/0.0/0.0 dist=0 begin=0/0 m0=(84,119) ml=(82,78) md=41/1/140 cxcy=84.0,119.6 guide=2.43 atg=-48.0/-60.0/-60.0 pure=2.68/4.71 yaw=-83 cmd=-375 actual=63 signed=0 rps=5458/4432:6780/6620 duty=10/9 pwm=PWM2:10/PWM1:9 motor=2:10/1:9
CrossDiag: type=CROSS_NONE track=1 half_lr=0/0 nearL=0@-1/0@-1 nearNum=43/89 centerNum=43/89 farL=0@-1/0@-1 farNum=0/0 farRaw=0/0 lost=0/0 not_have=0 final=89/68 flags=0/0
LineErr: aim=41 cxcy=84.0,119.6 left=1:-0.22@84,76 dx=0.3 idx=0/14 dist=41/143 right=1:1.45@82,78 dx=-1.6 idx=0/20 dist=41/159 sel=1:3.02@80,74 dx=-3.6 idx=0/20 dist=40/134 edge=1:3.21@80.0,71.0 dx=-4.0 width=54.0 l=53,72 r=107,70
CxScan: raw_ref=80.0 edge=80.0,71.0 best_raw_x=70 best_err=0.15 best_cxcy=80.2,119.5 scan=0:-20.5,10:-17.7,20:-14.9,30:-12.0,40:-9.0,50:-6.0,60:-2.9,70:0.2,80:3.2,90:6.2,100:9.2,110:12.2,120:15.1,130:17.9,140:20.6
ATGSeedDiag: seed=1@15,108/1@135,108 begin=7,108 block=5 clip=8
ATGLptDiag: best=17(27.8) imip=7/27 pass=10111 acc=-1 ipm=56.7,77.3 inv=45.1,43.8 | 74(15.5) imip=64/84 pass=10101 acc=-1 ipm=3.9,13.6 inv=26.5,19.0
frame=422 line=1 track=1 cross=0 circle=0(CIRCLE_NONE) round=0 yroad=0 ramp=0 road=5 speed=0 near=42/89 raw=107/164 sel=89/68 far=0/0 far_raw=0/0 l=0@-1/0@-1 far_l=0@-1/0@-1 straight=0/1 far_straight=0/0 circle_cnt=0/0/0/0 lost=0/0 conf=26.3/21.5/0.0/0.0 dist=0 begin=0/0 m0=(84,119) ml=(82,78) md=41/1/140 cxcy=84.0,119.6 guide=2.55 atg=-53.0/-60.0/-60.0 pure=2.81/4.80 yaw=-87 cmd=-358 actual=49 signed=0 rps=5433/4451:7098/7018 duty=10/9 pwm=PWM2:10/PWM1:9 motor=2:10/1:9
CrossDiag: type=CROSS_NONE track=1 half_lr=0/0 nearL=0@-1/0@-1 nearNum=42/89 centerNum=42/89 farL=0@-1/0@-1 farNum=0/0 farRaw=0/0 lost=0/0 not_have=0 final=89/68 flags=0/0
LineErr: aim=41 cxcy=84.0,119.6 left=1:0.35@84,76 dx=-0.4 idx=0/14 dist=41/139 right=1:1.57@82,79 dx=-1.7 idx=0/20 dist=41/160 sel=1:3.30@80,74 dx=-3.9 idx=0/20 dist=40/134 edge=1:3.63@79.5,71.5 dx=-4.5 width=55.0 l=52,72 r=107,71
CxScan: raw_ref=80.0 edge=79.5,71.5 best_raw_x=70 best_err=0.56 best_cxcy=80.2,119.5 scan=0:-20.3,10:-17.5,20:-14.6,30:-11.7,40:-8.7,50:-5.6,60:-2.5,70:0.6,80:3.6,90:6.7,100:9.7,110:12.7,120:15.5,130:18.3,140:21.1
ATGSeedDiag: seed=1@15,108/1@135,108 begin=7,108 block=5 clip=8
ATGLptDiag: best=17(26.3) imip=7/27 pass=10111 acc=-1 ipm=56.2,77.3 inv=44.5,43.8 | 74(21.5) imip=64/84 pass=10101 acc=-1 ipm=3.6,14.2 inv=26.2,19.2
frame=423 line=1 track=1 cross=0 circle=0(CIRCLE_NONE) round=0 yroad=0 ramp=0 road=5 speed=0 near=41/87 raw=106/163 sel=87/65 far=0/0 far_raw=0/0 l=0@-1/0@-1 far_l=0@-1/0@-1 straight=0/1 far_straight=0/0 circle_cnt=0/0/0/0 lost=0/0 conf=28.5/25.8/0.0/0.0 dist=0 begin=0/0 m0=(84,119) ml=(82,79) md=40/1/137 cxcy=84.0,119.6 guide=3.00 atg=-56.0/-60.0/-60.0 pure=2.96/5.00 yaw=-102 cmd=-379 actual=37 signed=0 rps=5452/4412:7165/7171 duty=10/8 pwm=PWM2:10/PWM1:8 motor=2:10/1:8
CrossDiag: type=CROSS_NONE track=1 half_lr=0/0 nearL=0@-1/0@-1 nearNum=41/87 centerNum=41/87 farL=0@-1/0@-1 farNum=0/0 farRaw=0/0 lost=0/0 not_have=0 final=87/65 flags=0/0
LineErr: aim=41 cxcy=84.0,119.6 left=1:-0.21@84,79 dx=0.2 idx=0/13 dist=39/137 right=1:1.94@82,79 dx=-2.1 idx=0/20 dist=41/154 sel=1:3.91@79,74 dx=-4.7 idx=0/20 dist=40/128 edge=1:4.43@78.5,71.5 dx=-5.5 width=55.0 l=51,72 r=106,71
CxScan: raw_ref=80.0 edge=78.5,71.5 best_raw_x=65 best_err=-0.18 best_cxcy=78.3,119.5 scan=0:-19.5,10:-16.7,20:-13.8,30:-10.9,40:-7.9,50:-4.8,60:-1.7,70:1.4,80:4.4,90:7.5,100:10.5,110:13.4,120:16.3,130:19.1,140:21.7
ATGSeedDiag: seed=1@15,108/1@135,108 begin=7,108 block=5 clip=8
ATGLptDiag: best=17(28.5) imip=7/27 pass=10111 acc=-1 ipm=55.9,77.5 inv=44.1,43.9 | 77(25.8) imip=67/86 pass=10101 acc=-1 ipm=-5.5,18.1 inv=19.4,20.0
frame=424 line=1 track=1 cross=0 circle=0(CIRCLE_NONE) round=0 yroad=0 ramp=0 road=5 speed=0 near=40/86 raw=105/163 sel=86/64 far=0/0 far_raw=0/0 l=0@-1/0@-1 far_l=0@-1/0@-1 straight=0/1 far_straight=0/0 circle_cnt=0/0/0/0 lost=0/0 conf=28.9/11.0/0.0/0.0 dist=0 begin=0/0 m0=(84,119) ml=(81,79) md=40/1/133 cxcy=84.0,119.6 guide=3.45 atg=-60.0/-60.0/-60.0 pure=3.13/5.04 yaw=-117 cmd=-387 actual=18 signed=0 rps=5452/4391:6594/6800 duty=10/9 pwm=PWM2:10/PWM1:9 motor=2:10/1:9
CrossDiag: type=CROSS_NONE track=1 half_lr=0/0 nearL=0@-1/0@-1 nearNum=40/86 centerNum=40/86 farL=0@-1/0@-1 farNum=0/0 farRaw=0/0 lost=0/0 not_have=0 final=86/64 flags=0/0
LineErr: aim=41 cxcy=84.0,119.6 left=1:-0.07@84,78 dx=0.1 idx=0/13 dist=40/134 right=1:2.15@82,80 dx=-2.4 idx=0/20 dist=41/152 sel=1:4.52@79,75 dx=-5.4 idx=0/20 dist=40/126 edge=1:4.47@78.5,72.0 dx=-5.5 width=55.0 l=51,73 r=106,71
CxScan: raw_ref=80.0 edge=78.5,72.0 best_raw_x=65 best_err=-0.18 best_cxcy=78.3,119.5 scan=0:-19.7,10:-16.8,20:-13.9,30:-11.0,40:-7.9,50:-4.8,60:-1.7,70:1.4,80:4.5,90:7.5,100:10.6,110:13.5,120:16.4,130:19.2,140:21.9
ATGSeedDiag: seed=1@16,108/1@135,108 begin=7,108 block=5 clip=8
ATGLptDiag: best=16(28.9) imip=6/26 pass=10111 acc=-1 ipm=56.6,79.7 inv=44.0,45.6 | 19(11.0) imip=9/29 pass=10111 acc=-1 ipm=107.0,72.8 inv=98.2,40.3
frame=425 line=1 track=1 cross=0 circle=0(CIRCLE_NONE) round=0 yroad=0 ramp=0 road=5 speed=0 near=39/84 raw=103/161 sel=84/62 far=0/0 far_raw=0/0 l=0@-1/0@-1 far_l=0@-1/0@-1 straight=0/1 far_straight=0/0 circle_cnt=0/0/0/0 lost=0/0 conf=29.5/13.3/0.0/0.0 dist=0 begin=0/0 m0=(84,119) ml=(80,79) md=40/1/131 cxcy=84.0,119.6 guide=4.45 atg=-60.0/-60.0/-60.0 pure=3.40/5.43 yaw=-356 cmd=-756 actual=12 signed=0 rps=5799/3726:6623/7001 duty=11/6 pwm=PWM2:11/PWM1:6 motor=2:11/1:6
CrossDiag: type=CROSS_NONE track=1 half_lr=0/0 nearL=0@-1/0@-1 nearNum=39/84 centerNum=39/84 farL=0@-1/0@-1 farNum=0/0 farRaw=0/0 lost=0/0 not_have=0 final=84/62 flags=0/0
LineErr: aim=41 cxcy=84.0,119.6 left=1:0.64@83,77 dx=-0.7 idx=0/13 dist=41/131 right=1:3.50@80,78 dx=-3.9 idx=0/22 dist=41/145 sel=1:5.55@77,75 dx=-6.6 idx=0/20 dist=40/122 edge=1:5.63@77.0,71.5 dx=-7.0 width=56.1 l=49,73 r=105,70
CxScan: raw_ref=80.0 edge=77.0,71.5 best_raw_x=60 best_err=-0.52 best_cxcy=76.4,119.5 scan=0:-18.5,10:-15.6,20:-12.7,30:-9.7,40:-6.7,50:-3.6,60:-0.5,70:2.6,80:5.6,90:8.7,100:11.6,110:14.6,120:17.4,130:20.1,140:22.8
ATGSeedDiag: seed=1@16,108/1@135,107 begin=7,108 block=5 clip=8
ATGLptDiag: best=15(29.5) imip=5/25 pass=10111 acc=-1 ipm=57.1,81.8 inv=43.8,47.3 | 19(13.3) imip=9/29 pass=10111 acc=-1 ipm=106.1,72.6 inv=97.2,40.2
frame=426 line=1 track=1 cross=0 circle=0(CIRCLE_NONE) round=0 yroad=0 ramp=0 road=5 speed=0 near=38/83 raw=102/162 sel=83/62 far=0/0 far_raw=0/0 l=0@-1/0@-1 far_l=0@-1/0@-1 straight=0/1 far_straight=0/0 circle_cnt=0/0/0/0 lost=0/0 conf=28.7/15.4/0.0/0.0 dist=0 begin=0/0 m0=(84,119) ml=(80,79) md=40/1/132 cxcy=84.0,119.6 guide=4.14 atg=-60.0/-60.0/-60.0 pure=3.72/5.47 yaw=-331 cmd=-731 actual=-10 signed=0 rps=5781/3777:6201/6430 duty=12/7 pwm=PWM2:12/PWM1:7 motor=2:12/1:7
CrossDiag: type=CROSS_NONE track=1 half_lr=0/0 nearL=0@-1/0@-1 nearNum=38/83 centerNum=38/83 farL=0@-1/0@-1 farNum=0/0 farRaw=0/0 lost=0/0 not_have=0 final=83/62 flags=0/0
LineErr: aim=41 cxcy=84.0,119.6 left=1:0.77@83,77 dx=-0.9 idx=0/13 dist=41/127 right=1:3.76@80,79 dx=-4.2 idx=0/22 dist=41/147 sel=1:6.35@77,75 dx=-7.5 idx=0/20 dist=40/122 edge=1:5.71@77.0,72.5 dx=-7.0 width=56.1 l=49,74 r=105,71
CxScan: raw_ref=80.0 edge=77.0,72.5 best_raw_x=60 best_err=-0.53 best_cxcy=76.4,119.5 scan=0:-18.7,10:-15.8,20:-12.9,30:-9.8,40:-6.8,50:-3.7,60:-0.5,70:2.6,80:5.7,90:8.8,100:11.8,110:14.7,120:17.6,130:20.4,140:23.1
ATGSeedDiag: seed=1@16,108/1@136,108 begin=7,108 block=5 clip=8
ATGLptDiag: best=15(28.7) imip=5/25 pass=10111 acc=-1 ipm=56.8,82.0 inv=43.3,47.5 | 18(15.4) imip=8/28 pass=10111 acc=-1 ipm=106.8,75.1 inv=98.8,41.9
frame=427 line=1 track=1 cross=0 circle=0(CIRCLE_NONE) round=0 yroad=0 ramp=0 road=5 speed=0 near=38/83 raw=101/162 sel=83/63 far=0/0 far_raw=0/0 l=0@-1/0@-1 far_l=0@-1/0@-1 straight=0/1 far_straight=0/0 circle_cnt=0/0/0/0 lost=0/0 conf=31.6/15.4/0.0/0.0 dist=0 begin=0/0 m0=(84,119) ml=(79,79) md=40/1/131 cxcy=84.0,119.6 guide=5.34 atg=-60.0/-60.0/-60.0 pure=3.74/5.48 yaw=-427 cmd=-827 actual=-25 signed=0 rps=5849/3581:6534/6419 duty=12/6 pwm=PWM2:12/PWM1:6 motor=2:12/1:6
CrossDiag: type=CROSS_NONE track=1 half_lr=0/0 nearL=0@-1/0@-1 nearNum=38/83 centerNum=38/83 farL=0@-1/0@-1 farNum=0/0 farRaw=0/0 lost=0/0 not_have=0 final=83/63 flags=0/0
LineErr: aim=41 cxcy=84.0,119.6 left=1:1.10@83,76 dx=-1.3 idx=0/13 dist=41/127 right=1:4.66@79,79 dx=-5.2 idx=0/23 dist=41/147 sel=1:6.44@76,75 dx=-7.6 idx=0/20 dist=40/124 edge=1:6.52@76.0,72.5 dx=-8.0 width=56.1 l=48,74 r=104,71
CxScan: raw_ref=80.0 edge=76.0,72.5 best_raw_x=60 best_err=0.29 best_cxcy=76.4,119.5 scan=0:-18.0,10:-15.1,20:-12.1,30:-9.1,40:-6.0,50:-2.8,60:0.3,70:3.4,80:6.5,90:9.6,100:12.6,110:15.5,120:18.4,130:21.1,140:23.8
ATGSeedDiag: seed=1@16,108/1@136,108 begin=7,108 block=5 clip=8
ATGLptDiag: best=14(31.6) imip=4/24 pass=10111 acc=-1 ipm=57.6,84.1 inv=43.4,49.3 | 68(15.4) imip=58/78 pass=10101 acc=-1 ipm=10.0,22.7 inv=27.2,21.0
frame=428 line=1 track=1 cross=0 circle=0(CIRCLE_NONE) round=0 yroad=0 ramp=0 road=5 speed=0 near=38/83 raw=101/162 sel=83/62 far=0/0 far_raw=0/0 l=0@-1/0@-1 far_l=0@-1/0@-1 straight=0/1 far_straight=0/0 circle_cnt=0/0/0/0 lost=0/0 conf=30.7/11.9/0.0/0.0 dist=0 begin=0/0 m0=(84,119) ml=(79,79) md=40/1/130 cxcy=84.0,119.6 guide=5.34 atg=-60.0/-60.0/-60.0 pure=3.74/5.47 yaw=-427 cmd=-827 actual=-41 signed=0 rps=5849/3581:6914/6460 duty=11/6 pwm=PWM2:11/PWM1:6 motor=2:11/1:6
CrossDiag: type=CROSS_NONE track=1 half_lr=0/0 nearL=0@-1/0@-1 nearNum=38/83 centerNum=38/83 farL=0@-1/0@-1 farNum=0/0 farRaw=0/0 lost=0/0 not_have=0 final=83/62 flags=0/0
LineErr: aim=41 cxcy=84.0,119.6 left=1:1.73@82,76 dx=-2.0 idx=0/13 dist=42/128 right=1:4.03@80,80 dx=-4.4 idx=0/22 dist=41/148 sel=1:6.45@76,75 dx=-7.6 idx=0/20 dist=40/122 edge=1:6.52@76.0,72.5 dx=-8.0 width=56.1 l=48,74 r=104,71
CxScan: raw_ref=80.0 edge=76.0,72.5 best_raw_x=60 best_err=0.29 best_cxcy=76.4,119.5 scan=0:-18.0,10:-15.1,20:-12.1,30:-9.1,40:-6.0,50:-2.8,60:0.3,70:3.4,80:6.5,90:9.6,100:12.6,110:15.5,120:18.4,130:21.1,140:23.8
ATGSeedDiag: seed=1@16,108/1@136,108 begin=7,108 block=5 clip=8
ATGLptDiag: best=14(30.7) imip=4/24 pass=10111 acc=-1 ipm=57.1,84.1 inv=42.8,49.3 | 17(11.9) imip=7/27 pass=10111 acc=-1 ipm=107.2,77.4 inv=100.1,43.5
frame=429 line=1 track=1 cross=0 circle=0(CIRCLE_NONE) round=0 yroad=0 ramp=0 road=5 speed=0 near=37/83 raw=100/161 sel=83/62 far=0/0 far_raw=0/0 l=0@-1/0@-1 far_l=0@-1/0@-1 straight=0/1 far_straight=0/0 circle_cnt=0/0/0/0 lost=0/0 conf=30.0/9.4/0.0/0.0 dist=0 begin=0/0 m0=(84,119) ml=(79,79) md=40/1/131 cxcy=84.0,119.6 guide=5.34 atg=-60.0/-60.0/-60.0 pure=3.78/5.48 yaw=-427 cmd=-827 actual=-62 signed=0 rps=5849/3581:6821/6363 duty=11/6 pwm=PWM2:11/PWM1:6 motor=2:11/1:6
CrossDiag: type=CROSS_NONE track=1 half_lr=0/0 nearL=0@-1/0@-1 nearNum=37/83 centerNum=37/83 farL=0@-1/0@-1 farNum=0/0 farRaw=0/0 lost=0/0 not_have=0 final=83/62 flags=0/0
LineErr: aim=41 cxcy=84.0,119.6 left=1:1.96@82,76 dx=-2.3 idx=0/13 dist=42/124 right=1:5.36@78,78 dx=-6.1 idx=0/24 dist=41/147 sel=1:6.60@76,75 dx=-7.8 idx=0/20 dist=40/122 edge=1:6.92@75.5,72.5 dx=-8.5 width=57.1 l=47,74 r=104,71
CxScan: raw_ref=80.0 edge=75.5,72.5 best_raw_x=60 best_err=0.70 best_cxcy=76.4,119.5 scan=0:-17.6,10:-14.7,20:-11.7,30:-8.7,40:-5.6,50:-2.4,60:0.7,70:3.8,80:6.9,90:10.0,100:13.0,110:15.9,120:18.7,130:21.5,140:24.1
ATGSeedDiag: seed=1@16,108/1@136,108 begin=7,108 block=5 clip=8
ATGLptDiag: best=14(30.0) imip=4/24 pass=10111 acc=-1 ipm=56.7,84.2 inv=42.3,49.4 | 19(9.4) imip=9/29 pass=10111 acc=-1 ipm=105.2,73.1 inv=96.4,40.6
frame=430 line=1 track=1 cross=0 circle=0(CIRCLE_NONE) round=0 yroad=0 ramp=0 road=5 speed=0 near=36/82 raw=99/161 sel=82/62 far=0/0 far_raw=0/0 l=0@-1/0@-1 far_l=0@-1/0@-1 straight=0/1 far_straight=0/0 circle_cnt=0/0/0/0 lost=0/0 conf=26.8/28.4/0.0/0.0 dist=0 begin=0/0 m0=(84,119) ml=(78,79) md=41/1/130 cxcy=84.0,119.6 guide=5.30 atg=-60.0/-60.0/-60.0 pure=3.90/5.81 yaw=-424 cmd=-824 actual=-84 signed=0 rps=5847/3588:7164/6844 duty=11/6 pwm=PWM2:11/PWM1:6 motor=2:11/1:6
CrossDiag: type=CROSS_NONE track=1 half_lr=0/0 nearL=0@-1/0@-1 nearNum=36/82 centerNum=36/82 farL=0@-1/0@-1 farNum=0/0 farRaw=0/0 lost=0/0 not_have=0 final=82/62 flags=0/0
LineErr: aim=41 cxcy=84.0,119.6 left=1:2.75@81,75 dx=-3.3 idx=0/13 dist=42/120 right=1:6.15@77,77 dx=-7.0 idx=0/25 dist=41/146 sel=1:7.25@75,76 dx=-8.5 idx=0/20 dist=40/122 edge=1:7.37@75.0,73.0 dx=-9.0 width=58.1 l=46,75 r=104,71
CxScan: raw_ref=80.0 edge=75.0,73.0 best_raw_x=55 best_err=-0.46 best_cxcy=74.4,119.5 scan=0:-17.3,10:-14.4,20:-11.4,30:-8.3,40:-5.2,50:-2.0,60:1.1,70:4.3,80:7.4,90:10.4,100:13.4,110:16.4,120:19.2,130:21.9,140:24.6
ATGSeedDiag: seed=1@16,108/1@136,108 begin=7,108 block=5 clip=8
ATGLptDiag: best=15(26.8) imip=5/25 pass=10111 acc=-1 ipm=54.9,82.3 inv=41.0,47.8 | 75(28.4) imip=65/81 pass=10101 acc=-1 ipm=-7.3,26.7 inv=14.5,22.1
frame=431 line=1 track=1 cross=0 circle=0(CIRCLE_NONE) round=0 yroad=0 ramp=0 road=5 speed=0 near=35/80 raw=98/161 sel=80/59 far=0/0 far_raw=0/0 l=0@-1/0@-1 far_l=0@-1/0@-1 straight=0/1 far_straight=0/0 circle_cnt=0/0/0/0 lost=0/0 conf=30.4/16.3/0.0/0.0 dist=0 begin=0/0 m0=(84,119) ml=(76,78) md=42/1/124 cxcy=84.0,119.6 guide=6.60 atg=-60.0/-60.0/-60.0 pure=4.20/5.84 yaw=-528 cmd=-928 actual=-99 signed=0 rps=5920/3375:6837/6582 duty=12/5 pwm=PWM2:12/PWM1:5 motor=2:12/1:5
CrossDiag: type=CROSS_NONE track=1 half_lr=0/0 nearL=0@-1/0@-1 nearNum=35/80 centerNum=35/80 farL=0@-1/0@-1 farNum=0/0 farRaw=0/0 lost=0/0 not_have=0 final=80/59 flags=0/0
LineErr: aim=41 cxcy=84.0,119.6 left=1:3.22@80,74 dx=-3.8 idx=0/13 dist=42/116 right=1:7.29@76,77 dx=-8.4 idx=0/26 dist=41/139 sel=1:7.97@75,76 dx=-9.3 idx=0/20 dist=40/116 edge=1:8.18@74.0,73.0 dx=-10.0 width=58.1 l=45,75 r=103,71
CxScan: raw_ref=80.0 edge=74.0,73.0 best_raw_x=55 best_err=0.36 best_cxcy=74.4,119.5 scan=0:-16.6,10:-13.6,20:-10.6,30:-7.5,40:-4.4,50:-1.2,60:1.9,70:5.1,80:8.2,90:11.2,100:14.2,110:17.1,120:19.9,130:22.7,140:25.3
ATGSeedDiag: seed=1@16,108/1@136,108 begin=7,108 block=5 clip=8
ATGLptDiag: best=13(30.4) imip=3/23 pass=10111 acc=-1 ipm=57.0,86.5 inv=41.7,51.5 | 70(16.3) imip=60/79 pass=10101 acc=-1 ipm=2.7,26.6 inv=21.0,22.1
frame=432 line=1 track=1 cross=0 circle=0(CIRCLE_NONE) round=0 yroad=0 ramp=0 road=5 speed=0 near=34/79 raw=96/160 sel=79/59 far=0/0 far_raw=0/0 l=0@-1/0@-1 far_l=0@-1/0@-1 straight=0/1 far_straight=0/0 circle_cnt=0/0/0/0 lost=0/0 conf=30.4/21.9/0.0/0.0 dist=0 begin=0/0 m0=(84,119) ml=(77,80) md=40/1/126 cxcy=84.0,119.6 guide=7.34 atg=-60.0/-60.0/-60.0 pure=4.42/6.16 yaw=-587 cmd=-987 actual=-119 signed=0 rps=5961/3256:7004/6801 duty=11/4 pwm=PWM2:11/PWM1:4 motor=2:11/1:4
CrossDiag: type=CROSS_NONE track=1 half_lr=0/0 nearL=0@-1/0@-1 nearNum=34/79 centerNum=34/79 farL=0@-1/0@-1 farNum=0/0 farRaw=0/0 lost=0/0 not_have=0 final=79/59 flags=0/0
LineErr: aim=41 cxcy=84.0,119.6 left=1:3.73@80,74 dx=-4.5 idx=0/13 dist=42/112 right=1:7.12@76,79 dx=-8.0 idx=0/25 dist=41/139 sel=1:8.87@74,76 dx=-10.3 idx=0/20 dist=40/116 edge=1:8.24@74.0,73.5 dx=-10.0 width=58.2 l=45,76 r=103,71
CxScan: raw_ref=80.0 edge=74.0,73.5 best_raw_x=55 best_err=0.36 best_cxcy=74.4,119.5 scan=0:-16.7,10:-13.7,20:-10.7,30:-7.6,40:-4.4,50:-1.2,60:1.9,70:5.1,80:8.2,90:11.3,100:14.3,110:17.2,120:20.1,130:22.8,140:25.4
ATGSeedDiag: seed=1@17,108/1@136,108 begin=7,108 block=5 clip=8
ATGLptDiag: best=13(30.4) imip=3/23 pass=10111 acc=-1 ipm=56.7,86.6 inv=41.2,51.7 | 71(21.9) imip=61/78 pass=10101 acc=-1 ipm=-1.7,30.2 inv=16.6,23.0
frame=433 line=1 track=1 cross=0 circle=0(CIRCLE_NONE) round=0 yroad=0 ramp=0 road=5 speed=0 near=34/78 raw=95/160 sel=78/57 far=0/0 far_raw=0/0 l=0@-1/0@-1 far_l=0@-1/0@-1 straight=0/1 far_straight=0/0 circle_cnt=0/0/0/0 lost=0/0 conf=32.7/15.0/0.0/0.0 dist=0 begin=0/0 m0=(84,119) ml=(76,80) md=40/1/121 cxcy=84.0,119.6 guide=8.26 atg=-60.0/-60.0/-60.0 pure=4.65/6.16 yaw=-661 cmd=-1061 actual=-128 signed=0 rps=6013/3106:6568/6574 duty=12/4 pwm=PWM2:12/PWM1:4 motor=2:12/1:4
CrossDiag: type=CROSS_NONE track=1 half_lr=0/0 nearL=0@-1/0@-1 nearNum=34/78 centerNum=34/78 farL=0@-1/0@-1 farNum=0/0 farRaw=0/0 lost=0/0 not_have=0 final=78/57 flags=0/0
LineErr: aim=41 cxcy=84.0,119.6 left=1:4.39@79,74 dx=-5.3 idx=0/13 dist=42/112 right=1:6.98@76,80 dx=-7.6 idx=0/24 dist=41/135 sel=1:9.87@73,77 dx=-11.4 idx=0/20 dist=40/112 edge=1:9.11@73.0,74.0 dx=-11.0 width=58.1 l=44,76 r=102,72
CxScan: raw_ref=80.0 edge=73.0,74.0 best_raw_x=50 best_err=-0.40 best_cxcy=72.5,119.5 scan=0:-16.0,10:-13.0,20:-9.9,30:-6.8,40:-3.6,50:-0.4,60:2.8,70:6.0,80:9.1,90:12.2,100:15.2,110:18.1,120:20.9,130:23.6,140:26.3
ATGSeedDiag: seed=1@17,108/1@136,108 begin=7,108 block=5 clip=8
ATGLptDiag: best=12(32.7) imip=2/22 pass=10111 acc=-1 ipm=57.5,88.7 inv=41.2,53.8 | 76(15.0) imip=66/77 pass=10101 acc=-1 ipm=-12.7,37.4 inv=5.3,25.1
frame=434 line=1 track=1 cross=0 circle=0(CIRCLE_NONE) round=0 yroad=0 ramp=0 road=5 speed=0 near=33/77 raw=94/158 sel=77/57 far=0/0 far_raw=0/0 l=0@-1/0@-1 far_l=0@-1/0@-1 straight=0/1 far_straight=0/0 circle_cnt=0/0/0/0 lost=0/0 conf=31.5/16.0/0.0/0.0 dist=0 begin=0/0 m0=(84,119) ml=(75,80) md=41/1/122 cxcy=84.0,119.6 guide=8.27 atg=-60.0/-60.0/-60.0 pure=4.85/6.29 yaw=-662 cmd=-1062 actual=-152 signed=0 rps=6014/3104:6610/6781 duty=12/4 pwm=PWM2:12/PWM1:4 motor=2:12/1:4
CrossDiag: type=CROSS_NONE track=1 half_lr=0/0 nearL=0@-1/0@-1 nearNum=33/77 centerNum=33/77 farL=0@-1/0@-1 farNum=0/0 farRaw=0/0 lost=0/0 not_have=0 final=77/57 flags=0/0
LineErr: aim=41 cxcy=84.0,119.6 left=1:4.91@78,73 dx=-6.0 idx=0/13 dist=42/108 right=1:9.01@74,79 dx=-10.1 idx=0/26 dist=41/134 sel=1:10.39@72,77 dx=-12.0 idx=0/20 dist=40/112 edge=1:9.99@72.0,74.5 dx=-12.0 width=58.2 l=43,77 r=101,72
CxScan: raw_ref=80.0 edge=72.0,74.5 best_raw_x=50 best_err=0.43 best_cxcy=72.5,119.5 scan=0:-15.4,10:-12.3,20:-9.2,30:-6.0,40:-2.8,50:0.4,60:3.7,70:6.8,80:10.0,90:13.1,100:16.1,110:19.0,120:21.8,130:24.5,140:27.1
ATGSeedDiag: seed=1@17,108/1@136,107 begin=7,108 block=5 clip=8
ATGLptDiag: best=13(31.5) imip=3/23 pass=10111 acc=-1 ipm=55.9,86.9 inv=40.1,51.9 | 58(16.0) imip=48/68 pass=10111 acc=-1 ipm=26.2,30.5 inv=35.0,23.0
frame=435 line=1 track=1 cross=0 circle=0(CIRCLE_NONE) round=0 yroad=0 ramp=0 road=5 speed=0 near=33/78 raw=94/159 sel=78/58 far=0/0 far_raw=0/0 l=0@-1/0@-1 far_l=0@-1/0@-1 straight=0/1 far_straight=0/0 circle_cnt=0/0/0/0 lost=0/0 conf=31.1/10.9/0.0/0.0 dist=0 begin=0/0 m0=(84,119) ml=(75,80) md=41/1/123 cxcy=84.0,119.6 guide=8.96 atg=-60.0/-60.0/-60.0 pure=4.78/6.18 yaw=-717 cmd=-1117 actual=-181 signed=0 rps=6053/2992:6601/6641 duty=12/3 pwm=PWM2:12/PWM1:3 motor=2:12/1:3
CrossDiag: type=CROSS_NONE track=1 half_lr=0/0 nearL=0@-1/0@-1 nearNum=33/78 centerNum=33/78 farL=0@-1/0@-1 farNum=0/0 farRaw=0/0 lost=0/0 not_have=0 final=78/58 flags=0/0
LineErr: aim=41 cxcy=84.0,119.6 left=1:5.38@77,73 dx=-6.6 idx=0/13 dist=42/108 right=1:9.01@74,79 dx=-10.1 idx=0/26 dist=41/137 sel=1:10.67@72,77 dx=-12.3 idx=0/20 dist=40/114 edge=1:9.99@72.0,74.5 dx=-12.0 width=58.2 l=43,77 r=101,72
CxScan: raw_ref=80.0 edge=72.0,74.5 best_raw_x=50 best_err=0.43 best_cxcy=72.5,119.5 scan=0:-15.4,10:-12.3,20:-9.2,30:-6.0,40:-2.8,50:0.4,60:3.7,70:6.8,80:10.0,90:13.1,100:16.1,110:19.0,120:21.8,130:24.5,140:27.1
ATGSeedDiag: seed=1@17,108/1@137,108 begin=7,108 block=5 clip=8
ATGLptDiag: best=12(31.1) imip=2/22 pass=10111 acc=-1 ipm=56.9,88.9 inv=40.3,53.9 | 68(10.9) imip=58/77 pass=10101 acc=-1 ipm=3.3,30.5 inv=19.8,23.1
frame=436 line=1 track=1 cross=0 circle=0(CIRCLE_NONE) round=0 yroad=0 ramp=0 road=5 speed=0 near=33/78 raw=93/160 sel=78/58 far=0/0 far_raw=0/0 l=0@-1/0@-1 far_l=0@-1/0@-1 straight=0/1 far_straight=0/0 circle_cnt=0/0/0/0 lost=0/0 conf=29.1/20.6/0.0/0.0 dist=0 begin=0/0 m0=(84,119) ml=(75,80) md=41/1/123 cxcy=84.0,119.6 guide=8.27 atg=-60.0/-60.0/-60.0 pure=4.77/6.18 yaw=-662 cmd=-1062 actual=-207 signed=0 rps=6014/3104:6434/6155 duty=12/4 pwm=PWM2:12/PWM1:4 motor=2:12/1:4
CrossDiag: type=CROSS_NONE track=1 half_lr=0/0 nearL=0@-1/0@-1 nearNum=33/78 centerNum=33/78 farL=0@-1/0@-1 farNum=0/0 farRaw=0/0 lost=0/0 not_have=0 final=78/58 flags=0/0
LineErr: aim=41 cxcy=84.0,119.6 left=1:5.93@77,73 dx=-7.3 idx=0/13 dist=42/108 right=1:9.01@74,79 dx=-10.1 idx=0/26 dist=41/138 sel=1:10.65@72,77 dx=-12.3 idx=0/20 dist=40/114 edge=1:10.40@71.5,74.5 dx=-12.5 width=59.2 l=42,77 r=101,72
CxScan: raw_ref=80.0 edge=71.5,74.5 best_raw_x=45 best_err=-0.76 best_cxcy=70.6,119.5 scan=0:-15.0,10:-11.9,20:-8.8,30:-5.6,40:-2.4,50:0.9,60:4.1,70:7.3,80:10.4,90:13.5,100:16.5,110:19.4,120:22.2,130:24.8,140:27.4
ATGSeedDiag: seed=1@17,108/1@137,108 begin=7,108 block=5 clip=8
ATGLptDiag: best=12(29.1) imip=2/22 pass=10111 acc=-1 ipm=56.3,88.9 inv=39.6,54.0 | 71(20.6) imip=61/77 pass=10101 acc=-1 ipm=-3.5,30.7 inv=15.2,23.2
frame=437 line=1 track=0 cross=0 circle=0(CIRCLE_NONE) round=0 yroad=0 ramp=0 road=5 speed=0 near=32/1 raw=92/170 sel=32/49 far=0/0 far_raw=0/0 l=0@-1/0@-1 far_l=0@-1/0@-1 straight=0/0 far_straight=0/0 circle_cnt=0/0/0/0 lost=0/0 conf=31.1/0.0/0.0/0.0 dist=0 begin=0/0 m0=(84,119) ml=(80,79) md=40/1/108 cxcy=84.0,119.6 guide=4.22 atg=-60.0/-60.0/-60.0 pure=3.20/5.33 yaw=-338 cmd=-564 actual=-225 signed=0 rps=5548/4001:6955/6343 duty=10/8 pwm=PWM2:10/PWM1:8 motor=2:10/1:8
CrossDiag: type=CROSS_NONE track=0 half_lr=0/0 nearL=0@-1/0@-1 nearNum=32/1 centerNum=32/1 farL=0@-1/0@-1 farNum=0/0 farRaw=0/0 lost=0/0 not_have=0 final=32/49 flags=0/0
LineErr: aim=41 cxcy=84.0,119.6 left=1:4.85@78,76 dx=-5.7 idx=0/12 dist=42/108 right=0:0.00@-1,-1 dx=0.0 idx=-1/-1 dist=-1/-1 sel=1:5.37@78,75 dx=-6.4 idx=0/20 dist=40/96 edge=0:0.00@-1.0,-1.0 dx=0.0 width=0.0 l=41,78 r=-1,-1
ATGSeedDiag: seed=1@17,108/1@104,108 begin=7,108 block=5 clip=8
ATGLptDiag: best=12(31.1) imip=2/22 pass=10111 acc=-1 ipm=56.0,89.1 inv=39.0,54.2 | -1(-57295.8) imip=-1/-1 pass=00000 acc=-1 ipm=-1.0,-1.0 inv=-1.0,-1.0
frame=438 line=1 track=0 cross=0 circle=0(CIRCLE_NONE) round=0 yroad=0 ramp=0 road=5 speed=0 near=31/76 raw=91/159 sel=31/48 far=0/0 far_raw=0/0 l=0@-1/0@-1 far_l=0@-1/0@-1 straight=0/1 far_straight=0/0 circle_cnt=0/0/0/0 lost=0/0 conf=31.0/28.5/0.0/0.0 dist=0 begin=0/0 m0=(84,119) ml=(80,79) md=40/1/105 cxcy=84.0,119.6 guide=3.87 atg=-60.0/-60.0/-60.0 pure=3.29/5.35 yaw=-132 cmd=118 actual=-257 signed=0 rps=4750/5074:6814/6169 duty=7/12 pwm=PWM2:7/PWM1:12 motor=2:7/1:12
CrossDiag: type=CROSS_NONE track=0 half_lr=0/0 nearL=0@-1/0@-1 nearNum=31/76 centerNum=31/76 farL=0@-1/0@-1 farNum=0/0 farRaw=0/0 lost=0/0 not_have=0 final=31/48 flags=0/0
LineErr: aim=41 cxcy=84.0,119.6 left=1:3.56@80,79 dx=-4.0 idx=0/11 dist=40/106 right=1:11.44@71,78 dx=-13.1 idx=0/28 dist=40/130 sel=1:5.57@77,75 dx=-6.6 idx=0/20 dist=40/94 edge=1:10.96@71.0,75.5 dx=-13.0 width=60.4 l=41,79 r=101,72
CxScan: raw_ref=80.0 edge=71.0,75.5 best_raw_x=45 best_err=-0.35 best_cxcy=70.6,119.5 scan=0:-14.8,10:-11.7,20:-8.5,30:-5.3,40:-2.0,50:1.3,60:4.6,70:7.8,80:11.0,90:14.1,100:17.1,110:20.0,120:22.8,130:25.5,140:28.1
ATGSeedDiag: seed=1@17,108/1@137,108 begin=7,108 block=5 clip=8
ATGLptDiag: best=11(31.0) imip=1/21 pass=10111 acc=-1 ipm=57.1,91.2 inv=39.4,56.4 | 71(28.5) imip=61/75 pass=10101 acc=-1 ipm=-5.0,34.1 inv=12.5,24.1
frame=439 line=1 track=0 cross=0 circle=0(CIRCLE_NONE) round=0 yroad=0 ramp=0 road=5 speed=0 near=30/75 raw=89/159 sel=30/47 far=0/0 far_raw=0/0 l=0@-1/0@-1 far_l=0@-1/0@-1 straight=0/1 far_straight=0/0 circle_cnt=0/0/0/0 lost=0/0 conf=35.4/15.9/0.0/0.0 dist=0 begin=0/0 m0=(84,119) ml=(80,79) md=40/1/104 cxcy=84.0,119.6 guide=4.13 atg=-60.0/-60.0/-60.0 pure=3.41/5.37 yaw=-330 cmd=-407 actual=-292 signed=0 rps=5338/4222:7176/6609 duty=9/8 pwm=PWM2:9/PWM1:8 motor=2:9/1:8
CrossDiag: type=CROSS_NONE track=0 half_lr=0/0 nearL=0@-1/0@-1 nearNum=30/75 centerNum=30/75 farL=0@-1/0@-1 farNum=0/0 farRaw=0/0 lost=0/0 not_have=0 final=30/47 flags=0/0
LineErr: aim=41 cxcy=84.0,119.6 left=1:4.21@79,78 dx=-4.7 idx=0/11 dist=42/104 right=1:11.87@71,79 dx=-13.4 idx=0/28 dist=41/129 sel=1:5.96@77,75 dx=-7.1 idx=0/20 dist=40/92 edge=1:11.78@70.0,75.5 dx=-14.0 width=60.4 l=40,79 r=100,72
CxScan: raw_ref=80.0 edge=70.0,75.5 best_raw_x=45 best_err=0.51 best_cxcy=70.6,119.5 scan=0:-14.0,10:-10.9,20:-7.7,30:-4.4,40:-1.1,50:2.1,60:5.4,70:8.6,80:11.8,90:14.9,100:17.9,110:20.8,120:23.5,130:26.2,140:28.8
ATGSeedDiag: seed=1@18,108/1@138,108 begin=7,108 block=5 clip=8
ATGLptDiag: best=11(35.4) imip=1/21 pass=10111 acc=-1 ipm=56.7,91.3 inv=38.7,56.6 | 72(15.9) imip=62/74 pass=10101 acc=-1 ipm=-8.0,37.3 inv=8.7,25.1
frame=440 line=1 track=0 cross=0 circle=0(CIRCLE_NONE) round=0 yroad=0 ramp=0 road=5 speed=0 near=30/1 raw=88/170 sel=30/47 far=0/0 far_raw=0/0 l=0@-1/0@-1 far_l=0@-1/0@-1 straight=0/0 far_straight=0/0 circle_cnt=0/0/0/0 lost=0/0 conf=32.5/0.0/0.0/0.0 dist=0 begin=0/0 m0=(84,119) ml=(79,79) md=40/1/103 cxcy=84.0,119.6 guide=5.22 atg=-60.0/-60.0/-60.0 pure=3.56/5.52 yaw=-418 cmd=-646 actual=-304 signed=0 rps=5607/3836:6884/6478 duty=10/7 pwm=PWM2:10/PWM1:7 motor=2:10/1:7
CrossDiag: type=CROSS_NONE track=0 half_lr=0/0 nearL=0@-1/0@-1 nearNum=30/1 centerNum=30/1 farL=0@-1/0@-1 farNum=0/0 farRaw=0/0 lost=0/0 not_have=0 final=30/47 flags=0/0
LineErr: aim=41 cxcy=84.0,119.6 left=1:4.93@78,78 dx=-5.6 idx=0/11 dist=41/103 right=0:0.00@-1,-1 dx=0.0 idx=-1/-1 dist=-1/-1 sel=1:6.35@77,75 dx=-7.5 idx=0/20 dist=40/92 edge=0:0.00@-1.0,-1.0 dx=0.0 width=0.0 l=39,80 r=-1,-1
ATGSeedDiag: seed=1@18,108/1@124,108 begin=7,108 block=5 clip=8
ATGLptDiag: best=11(32.5) imip=1/21 pass=10111 acc=-1 ipm=56.3,91.5 inv=38.1,56.8 | -1(-57295.8) imip=-1/-1 pass=00000 acc=-1 ipm=-1.0,-1.0 inv=-1.0,-1.0
frame=441 line=1 track=0 cross=0 circle=0(CIRCLE_NONE) round=0 yroad=0 ramp=0 road=5 speed=0 near=29/73 raw=87/157 sel=29/46 far=0/0 far_raw=0/0 l=0@-1/0@-1 far_l=0@-1/0@-1 straight=0/1 far_straight=0/0 circle_cnt=0/0/0/0 lost=0/0 conf=38.1/20.4/0.0/0.0 dist=0 begin=0/0 m0=(84,119) ml=(79,79) md=40/1/100 cxcy=84.0,119.6 guide=5.34 atg=-60.0/-60.0/-60.0 pure=3.64/5.55 yaw=-427 cmd=-683 actual=-300 signed=0 rps=5651/3779:7028/6886 duty=10/6 pwm=PWM2:10/PWM1:6 motor=2:10/1:6
CrossDiag: type=CROSS_NONE track=0 half_lr=0/0 nearL=0@-1/0@-1 nearNum=29/73 centerNum=29/73 farL=0@-1/0@-1 farNum=0/0 farRaw=0/0 lost=0/0 not_have=0 final=29/46 flags=0/0
LineErr: aim=41 cxcy=84.0,119.6 left=1:5.36@78,77 dx=-6.1 idx=0/11 dist=42/101 right=1:13.46@69,81 dx=-14.8 idx=0/28 dist=40/123 sel=1:6.56@76,75 dx=-7.7 idx=0/20 dist=40/90 edge=1:13.28@68.5,77.0 dx=-15.5 width=59.5 l=39,81 r=98,73
CxScan: raw_ref=80.0 edge=68.5,77.0 best_raw_x=40 best_err=0.15 best_cxcy=68.7,119.4 scan=0:-13.1,10:-9.8,20:-6.5,30:-3.2,40:0.2,50:3.5,60:6.8,70:10.1,80:13.3,90:16.4,100:19.4,110:22.3,120:25.1,130:27.7,140:30.3
ATGSeedDiag: seed=1@18,108/1@138,108 begin=7,108 block=5 clip=8
ATGLptDiag: best=10(38.1) imip=0/20 pass=10111 acc=-1 ipm=57.5,93.5 inv=38.6,59.2 | 63(20.4) imip=53/72 pass=10101 acc=-1 ipm=9.0,37.3 inv=20.7,25.0
frame=442 line=1 track=0 cross=0 circle=0(CIRCLE_NONE) round=0 yroad=0 ramp=0 road=5 speed=0 near=29/73 raw=86/157 sel=29/46 far=0/0 far_raw=0/0 l=0@-1/0@-1 far_l=0@-1/0@-1 straight=0/1 far_straight=0/0 circle_cnt=0/0/0/0 lost=0/0 conf=36.0/17.8/0.0/0.0 dist=0 begin=0/0 m0=(84,119) ml=(79,79) md=40/1/101 cxcy=84.0,119.6 guide=5.56 atg=-60.0/-60.0/-60.0 pure=3.74/5.57 yaw=-445 cmd=-749 actual=-293 signed=0 rps=5730/3677:6886/6998 duty=11/6 pwm=PWM2:11/PWM1:6 motor=2:11/1:6
CrossDiag: type=CROSS_NONE track=0 half_lr=0/0 nearL=0@-1/0@-1 nearNum=29/73 centerNum=29/73 farL=0@-1/0@-1 farNum=0/0 farRaw=0/0 lost=0/0 not_have=0 final=29/46 flags=0/0
LineErr: aim=41 cxcy=84.0,119.6 left=1:3.99@80,80 dx=-4.3 idx=0/10 dist=39/101 right=1:13.85@69,81 dx=-15.2 idx=0/28 dist=41/125 sel=1:6.87@76,75 dx=-8.1 idx=0/20 dist=40/90 edge=1:13.70@68.0,77.0 dx=-16.0 width=60.5 l=38,81 r=98,73
CxScan: raw_ref=80.0 edge=68.0,77.0 best_raw_x=40 best_err=0.59 best_cxcy=68.7,119.4 scan=0:-12.6,10:-9.4,20:-6.1,30:-2.8,40:0.6,50:3.9,60:7.2,70:10.5,80:13.7,90:16.8,100:19.8,110:22.7,120:25.4,130:28.1,140:30.6
ATGSeedDiag: seed=1@19,108/1@138,108 begin=7,108 block=5 clip=8
ATGLptDiag: best=11(36.0) imip=1/21 pass=10111 acc=-1 ipm=55.7,91.8 inv=37.2,57.2 | 10(17.8) imip=0/20 pass=10111 acc=-1 ipm=108.8,93.5 inv=110.6,58.6
frame=443 line=1 track=0 cross=0 circle=0(CIRCLE_NONE) round=0 yroad=0 ramp=0 road=5 speed=0 near=28/73 raw=85/157 sel=28/45 far=0/0 far_raw=0/0 l=0@-1/0@-1 far_l=0@-1/0@-1 straight=0/1 far_straight=0/0 circle_cnt=0/0/0/0 lost=0/0 conf=37.0/16.9/0.0/0.0 dist=0 begin=0/0 m0=(84,119) ml=(78,79) md=41/1/99 cxcy=84.0,119.6 guide=5.17 atg=-60.0/-60.0/-60.0 pure=3.81/5.60 yaw=-414 cmd=-667 actual=-288 signed=0 rps=5638/3810:6318/6592 duty=11/7 pwm=PWM2:11/PWM1:7 motor=2:11/1:7
CrossDiag: type=CROSS_NONE track=0 half_lr=0/0 nearL=0@-1/0@-1 nearNum=28/73 centerNum=28/73 farL=0@-1/0@-1 farNum=0/0 farRaw=0/0 lost=0/0 not_have=0 final=28/45 flags=0/0
LineErr: aim=41 cxcy=84.0,119.6 left=1:4.56@79,80 dx=-5.0 idx=0/10 dist=39/97 right=1:12.89@70,82 dx=-13.9 idx=0/27 dist=40/126 sel=1:7.21@76,76 dx=-8.5 idx=0/20 dist=40/88 edge=1:13.70@68.0,77.0 dx=-16.0 width=60.5 l=38,81 r=98,73
CxScan: raw_ref=80.0 edge=68.0,77.0 best_raw_x=40 best_err=0.59 best_cxcy=68.7,119.4 scan=0:-12.6,10:-9.4,20:-6.1,30:-2.8,40:0.6,50:3.9,60:7.2,70:10.5,80:13.7,90:16.8,100:19.8,110:22.7,120:25.4,130:28.1,140:30.6
ATGSeedDiag: seed=1@19,108/1@139,108 begin=7,108 block=5 clip=8
ATGLptDiag: best=10(37.0) imip=0/20 pass=10111 acc=-1 ipm=56.8,93.8 inv=37.5,59.5 | 10(16.9) imip=0/20 pass=10111 acc=-1 ipm=108.8,93.5 inv=110.6,58.6
frame=444 line=1 track=0 cross=0 circle=0(CIRCLE_NONE) round=0 yroad=0 ramp=0 road=5 speed=0 near=28/72 raw=84/157 sel=28/45 far=0/0 far_raw=0/0 l=0@-1/0@-1 far_l=0@-1/0@-1 straight=0/1 far_straight=0/0 circle_cnt=0/0/0/0 lost=0/0 conf=38.2/33.2/0.0/0.0 dist=0 begin=0/0 m0=(84,119) ml=(78,79) md=41/1/98 cxcy=84.0,119.6 guide=5.44 atg=-60.0/-60.0/-60.0 pure=3.92/5.70 yaw=-435 cmd=-752 actual=-277 signed=0 rps=5741/3679:6531/6622 duty=11/6 pwm=PWM2:11/PWM1:6 motor=2:11/1:6
CrossDiag: type=CROSS_NONE track=0 half_lr=0/0 nearL=0@-1/0@-1 nearNum=28/72 centerNum=28/72 farL=0@-1/0@-1 farNum=0/0 farRaw=0/0 lost=0/0 not_have=0 final=28/45 flags=0/0
LineErr: aim=41 cxcy=84.0,119.6 left=1:5.18@78,80 dx=-5.7 idx=0/10 dist=39/97 right=1:13.24@70,83 dx=-14.2 idx=0/27 dist=40/124 sel=1:7.57@75,76 dx=-8.9 idx=0/20 dist=40/88 edge=1:14.21@67.5,77.5 dx=-16.5 width=61.7 l=37,82 r=98,73
CxScan: raw_ref=80.0 edge=67.5,77.5 best_raw_x=35 best_err=-0.66 best_cxcy=66.8,119.4 scan=0:-12.3,10:-9.0,20:-5.7,30:-2.3,40:1.0,50:4.4,60:7.7,70:11.0,80:14.2,90:17.3,100:20.3,110:23.2,120:26.0,130:28.6,140:31.1
ATGSeedDiag: seed=1@19,108/1@139,108 begin=7,108 block=5 clip=8
ATGLptDiag: best=10(38.2) imip=0/20 pass=10111 acc=-1 ipm=56.4,93.9 inv=36.9,59.6 | 70(33.2) imip=60/71 pass=10101 acc=-1 ipm=-7.9,43.7 inv=5.0,27.2
frame=445 line=1 track=0 cross=0 circle=0(CIRCLE_NONE) round=0 yroad=0 ramp=0 road=5 speed=0 near=27/71 raw=82/157 sel=27/43 far=0/0 far_raw=0/0 l=0@-1/0@-1 far_l=0@-1/0@-1 straight=0/1 far_straight=0/0 circle_cnt=0/0/0/0 lost=0/0 conf=39.5/18.9/0.0/0.0 dist=0 begin=0/0 m0=(84,119) ml=(78,80) md=40/1/95 cxcy=84.0,119.6 guide=5.84 atg=-60.0/-60.0/-60.0 pure=4.05/5.62 yaw=-467 cmd=-867 actual=-254 signed=0 rps=5877/3500:6331/6092 duty=12/6 pwm=PWM2:12/PWM1:6 motor=2:12/1:6
CrossDiag: type=CROSS_NONE track=0 half_lr=0/0 nearL=0@-1/0@-1 nearNum=27/71 centerNum=27/71 farL=0@-1/0@-1 farNum=0/0 farRaw=0/0 lost=0/0 not_have=0 final=27/43 flags=0/0
LineErr: aim=41 cxcy=84.0,119.6 left=1:6.07@77,79 dx=-6.8 idx=0/10 dist=40/94 right=1:13.61@70,83 dx=-14.4 idx=0/27 dist=41/123 sel=1:7.94@75,76 dx=-9.3 idx=0/20 dist=40/84 edge=1:15.26@66.5,78.5 dx=-17.5 width=61.7 l=36,83 r=97,74
CxScan: raw_ref=80.0 edge=66.5,78.5 best_raw_x=35 best_err=0.23 best_cxcy=66.8,119.4 scan=0:-11.7,10:-8.3,20:-4.9,30:-1.5,40:1.9,50:5.4,60:8.7,70:12.0,80:15.3,90:18.4,100:21.4,110:24.3,120:27.0,130:29.7,140:32.1
ATGSeedDiag: seed=1@20,107/1@139,108 begin=7,108 block=5 clip=8
ATGLptDiag: best=10(39.5) imip=0/20 pass=10111 acc=-1 ipm=55.8,93.9 inv=36.0,59.7 | 10(18.9) imip=0/20 pass=10111 acc=-1 ipm=108.7,93.6 inv=110.5,58.7
frame=446 line=1 track=0 cross=0 circle=0(CIRCLE_NONE) round=0 yroad=0 ramp=0 road=5 speed=0 near=26/70 raw=81/157 sel=26/42 far=0/0 far_raw=0/0 l=0@-1/0@-1 far_l=0@-1/0@-1 straight=0/1 far_straight=0/0 circle_cnt=0/0/0/0 lost=0/0 conf=40.3/30.8/0.0/0.0 dist=0 begin=0/0 m0=(84,119) ml=(77,80) md=40/1/91 cxcy=84.0,119.6 guide=6.95 atg=-60.0/-60.0/-60.0 pure=4.22/5.68 yaw=-556 cmd=-956 actual=-231 signed=0 rps=5939/3319:6782/6159 duty=12/5 pwm=PWM2:12/PWM1:5 motor=2:12/1:5
CrossDiag: type=CROSS_NONE track=0 half_lr=0/0 nearL=0@-1/0@-1 nearNum=26/70 centerNum=26/70 farL=0@-1/0@-1 farNum=0/0 farRaw=0/0 lost=0/0 not_have=0 final=26/42 flags=0/0
LineErr: aim=41 cxcy=84.0,119.6 left=1:6.72@76,79 dx=-7.5 idx=0/10 dist=41/91 right=1:15.21@68,83 dx=-16.2 idx=0/28 dist=41/120 sel=1:8.52@74,76 dx=-10.0 idx=0/20 dist=40/82 edge=1:15.67@66.0,78.5 dx=-18.0 width=62.6 l=35,83 r=97,74
CxScan: raw_ref=80.0 edge=66.0,78.5 best_raw_x=35 best_err=0.67 best_cxcy=66.8,119.4 scan=0:-11.2,10:-7.9,20:-4.5,30:-1.0,40:2.4,50:5.8,60:9.2,70:12.5,80:15.7,90:18.8,100:21.8,110:24.6,120:27.4,130:30.0,140:32.5
ATGSeedDiag: seed=1@20,108/1@140,108 begin=7,108 block=5 clip=8
ATGLptDiag: best=10(40.3) imip=0/20 pass=10111 acc=-1 ipm=55.5,94.3 inv=35.3,60.2 | 68(30.8) imip=58/69 pass=10101 acc=-1 ipm=-5.4,46.5 inv=5.2,28.2
frame=447 line=1 track=0 cross=0 circle=0(CIRCLE_NONE) round=0 yroad=0 ramp=0 road=5 speed=0 near=25/69 raw=80/156 sel=25/41 far=0/0 far_raw=0/0 l=0@-1/0@-1 far_l=0@-1/0@-1 straight=0/1 far_straight=0/0 circle_cnt=0/0/0/0 lost=0/0 conf=39.0/18.8/0.0/0.0 dist=0 begin=0/0 m0=(84,119) ml=(77,80) md=40/1/90 cxcy=84.0,119.6 guide=6.64 atg=-60.0/-60.0/-60.0 pure=4.33/5.71 yaw=-531 cmd=-931 actual=-229 signed=0 rps=5922/3370:7145/6467 duty=11/5 pwm=PWM2:11/PWM1:5 motor=2:11/1:5
CrossDiag: type=CROSS_NONE track=0 half_lr=0/0 nearL=0@-1/0@-1 nearNum=25/69 centerNum=25/69 farL=0@-1/0@-1 farNum=0/0 farRaw=0/0 lost=0/0 not_have=0 final=25/41 flags=0/0
LineErr: aim=41 cxcy=84.0,119.6 left=1:7.22@76,79 dx=-8.1 idx=0/10 dist=41/87 right=1:15.78@67,84 dx=-16.7 idx=0/28 dist=41/117 sel=1:8.81@74,76 dx=-10.3 idx=0/20 dist=40/80 edge=1:16.20@65.5,79.0 dx=-18.5 width=61.8 l=35,84 r=96,74
CxScan: raw_ref=80.0 edge=65.5,79.0 best_raw_x=30 best_err=-0.60 best_cxcy=64.8,119.4 scan=0:-10.9,10:-7.5,20:-4.1,30:-0.6,40:2.9,50:6.3,60:9.7,70:13.0,80:16.2,90:19.3,100:22.3,110:25.2,120:27.9,130:30.5,140:33.0
ATGSeedDiag: seed=1@20,108/1@140,108 begin=7,108 block=5 clip=8
ATGLptDiag: best=9(39.0) imip=0/19 pass=10111 acc=-1 ipm=56.7,96.2 inv=35.9,62.6 | 67(18.8) imip=57/68 pass=10101 acc=-1 ipm=-3.7,47.0 inv=6.1,28.3
frame=448 line=1 track=0 cross=0 circle=0(CIRCLE_NONE) round=0 yroad=0 ramp=0 road=5 speed=0 near=25/69 raw=79/156 sel=25/41 far=0/0 far_raw=0/0 l=0@-1/0@-1 far_l=0@-1/0@-1 straight=0/1 far_straight=0/0 circle_cnt=0/0/0/0 lost=0/0 conf=41.3/19.5/0.0/0.0 dist=0 begin=0/0 m0=(84,119) ml=(76,80) md=40/1/88 cxcy=84.0,119.6 guide=7.77 atg=-60.0/-60.0/-60.0 pure=4.42/5.77 yaw=-621 cmd=-1021 actual=-244 signed=0 rps=5986/3186:6909/6421 duty=12/4 pwm=PWM2:12/PWM1:4 motor=2:12/1:4
CrossDiag: type=CROSS_NONE track=0 half_lr=0/0 nearL=0@-1/0@-1 nearNum=25/69 centerNum=25/69 farL=0@-1/0@-1 farNum=0/0 farRaw=0/0 lost=0/0 not_have=0 final=25/41 flags=0/0
LineErr: aim=41 cxcy=84.0,119.6 left=1:7.99@75,78 dx=-9.1 idx=0/10 dist=42/88 right=1:15.20@68,85 dx=-15.7 idx=0/27 dist=41/120 sel=1:9.26@73,76 dx=-10.8 idx=0/20 dist=40/80 edge=1:16.74@65.0,79.5 dx=-19.0 width=63.0 l=34,85 r=96,74
CxScan: raw_ref=80.0 edge=65.0,79.5 best_raw_x=30 best_err=-0.15 best_cxcy=64.8,119.4 scan=0:-10.5,10:-7.1,20:-3.6,30:-0.2,40:3.3,50:6.8,60:10.2,70:13.5,80:16.7,90:19.9,100:22.9,110:25.7,120:28.5,130:31.0,140:33.5
ATGSeedDiag: seed=1@20,108/1@140,108 begin=7,108 block=5 clip=8
ATGLptDiag: best=10(41.3) imip=0/20 pass=10111 acc=-1 ipm=54.7,94.6 inv=33.9,60.6 | 10(19.5) imip=0/20 pass=10111 acc=-1 ipm=108.2,93.7 inv=109.8,58.8
frame=449 line=1 track=1 cross=0 circle=0(CIRCLE_NONE) round=0 yroad=0 ramp=0 road=3 speed=0 near=24/69 raw=77/156 sel=69/50 far=0/0 far_raw=0/0 l=0@-1/0@-1 far_l=0@-1/0@-1 straight=0/1 far_straight=0/0 circle_cnt=0/0/0/0 lost=0/0 conf=38.1/19.6/0.0/0.0 dist=0 begin=0/0 m0=(84,119) ml=(66,83) md=42/1/108 cxcy=84.0,119.6 guide=16.67 atg=-60.0/-60.0/-60.0 pure=6.79/7.61 yaw=-1333 cmd=-1733 actual=-247 signed=0 rps=6487/1736:7101/6766 duty=13/0 pwm=PWM2:13/PWM1:0 motor=2:13/1:0
CrossDiag: type=CROSS_NONE track=1 half_lr=0/0 nearL=0@-1/0@-1 nearNum=24/69 centerNum=24/69 farL=0@-1/0@-1 farNum=0/0 farRaw=0/0 lost=0/0 not_have=0 final=69/50 flags=0/0
LineErr: aim=41 cxcy=84.0,119.6 left=1:13.36@67,72 dx=-16.8 idx=0/12 dist=42/77 right=1:14.31@70,86 dx=-14.5 idx=0/26 dist=41/121 sel=1:18.66@64,82 dx=-20.5 idx=0/20 dist=40/98 edge=1:17.15@64.5,79.5 dx=-19.5 width=64.0 l=33,85 r=96,74
CxScan: raw_ref=80.0 edge=64.5,79.5 best_raw_x=30 best_err=0.30 best_cxcy=64.8,119.4 scan=0:-10.1,10:-6.7,20:-3.2,30:0.3,40:3.8,50:7.2,60:10.6,70:13.9,80:17.2,90:20.3,100:23.2,110:26.1,120:28.8,130:31.4,140:33.8
ATGSeedDiag: seed=1@21,107/1@140,108 begin=7,108 block=5 clip=8
ATGLptDiag: best=9(38.1) imip=0/19 pass=10111 acc=-1 ipm=55.5,96.3 inv=34.0,62.8 | 10(19.6) imip=0/20 pass=10111 acc=-1 ipm=108.2,93.7 inv=109.8,58.8
frame=450 line=1 track=1 cross=0 circle=0(CIRCLE_NONE) round=0 yroad=0 ramp=0 road=3 speed=0 near=24/69 raw=76/156 sel=69/50 far=0/0 far_raw=0/0 l=0@-1/0@-1 far_l=0@-1/0@-1 straight=0/0 far_straight=0/0 circle_cnt=0/0/0/0 lost=0/0 conf=41.1/21.2/0.0/0.0 dist=0 begin=0/0 m0=(84,119) ml=(67,85) md=40/1/108 cxcy=84.0,119.6 guide=17.15 atg=-60.0/-60.0/-60.0 pure=6.85/7.62 yaw=-1372 cmd=-1772 actual=-250 signed=0 rps=6514/1657:6643/6421 duty=14/0 pwm=PWM2:14/PWM1:0 motor=2:14/1:0
CrossDiag: type=CROSS_NONE track=1 half_lr=0/0 nearL=0@-1/0@-1 nearNum=24/69 centerNum=24/69 farL=0@-1/0@-1 farNum=0/0 farRaw=0/0 lost=0/0 not_have=0 final=69/50 flags=0/0
LineErr: aim=41 cxcy=84.0,119.6 left=1:13.91@67,72 dx=-17.5 idx=0/12 dist=40/74 right=1:14.62@69,86 dx=-14.8 idx=0/26 dist=40/121 sel=1:18.85@63,82 dx=-20.7 idx=0/20 dist=40/98 edge=1:17.83@64.0,80.5 dx=-20.0 width=63.0 l=33,86 r=95,75
CxScan: raw_ref=80.0 edge=64.0,80.5 best_raw_x=30 best_err=0.77 best_cxcy=64.8,119.4 scan=0:-9.8,10:-6.3,20:-2.8,30:0.8,40:4.3,50:7.8,60:11.2,70:14.6,80:17.8,90:21.0,100:24.0,110:26.8,120:29.5,130:32.1,140:34.6
ATGSeedDiag: seed=1@21,108/1@141,108 begin=7,108 block=5 clip=8
ATGLptDiag: best=10(41.1) imip=0/20 pass=10111 acc=-1 ipm=53.5,95.1 inv=31.9,61.2 | 10(21.2) imip=0/20 pass=10111 acc=-1 ipm=108.2,93.7 inv=109.8,58.8
frame=451 line=1 track=1 cross=0 circle=0(CIRCLE_NONE) round=0 yroad=0 ramp=0 road=3 speed=0 near=23/67 raw=75/155 sel=67/49 far=0/0 far_raw=0/0 l=0@-1/0@-1 far_l=0@-1/0@-1 straight=0/1 far_straight=0/0 circle_cnt=0/0/0/0 lost=0/0 conf=42.1/19.2/0.0/0.0 dist=0 begin=0/0 m0=(84,119) ml=(66,85) md=41/1/107 cxcy=84.0,119.6 guide=18.22 atg=-60.0/-60.0/-60.0 pure=7.04/7.69 yaw=-1458 cmd=-1858 actual=-284 signed=0 rps=6574/1482:6694/6598 duty=14/0 pwm=PWM2:14/PWM1:0 motor=2:14/1:0
CrossDiag: type=CROSS_NONE track=1 half_lr=0/0 nearL=0@-1/0@-1 nearNum=23/67 centerNum=23/67 farL=0@-1/0@-1 farNum=0/0 farRaw=0/0 lost=0/0 not_have=0 final=67/49 flags=0/0
LineErr: aim=41 cxcy=84.0,119.6 left=1:14.67@66,72 dx=-18.5 idx=0/12 dist=40/71 right=1:16.39@67,86 dx=-16.7 idx=0/27 dist=41/117 sel=1:19.94@62,83 dx=-21.7 idx=0/20 dist=40/96 edge=1:18.25@63.5,80.5 dx=-20.5 width=64.0 l=32,86 r=95,75
CxScan: raw_ref=80.0 edge=63.5,80.5 best_raw_x=25 best_err=-0.54 best_cxcy=62.9,119.4 scan=0:-9.3,10:-5.8,20:-2.3,30:1.2,40:4.8,50:8.3,60:11.7,70:15.0,80:18.2,90:21.4,100:24.3,110:27.2,120:29.9,130:32.4,140:34.9
ATGSeedDiag: seed=1@21,108/1@141,108 begin=7,108 block=5 clip=8
ATGLptDiag: best=10(42.1) imip=0/20 pass=10111 acc=-1 ipm=53.1,95.3 inv=31.2,61.5 | 10(19.2) imip=0/20 pass=10111 acc=-1 ipm=107.5,93.9 inv=109.0,59.0
frame=452 line=1 track=1 cross=0 circle=0(CIRCLE_NONE) round=0 yroad=0 ramp=0 road=3 speed=0 near=22/67 raw=73/155 sel=67/48 far=0/0 far_raw=0/0 l=0@-1/0@-1 far_l=0@-1/0@-1 straight=0/0 far_straight=0/0 circle_cnt=0/0/0/0 lost=0/0 conf=42.0/20.8/0.0/0.0 dist=0 begin=0/0 m0=(84,119) ml=(65,86) md=40/1/104 cxcy=84.0,119.6 guide=19.34 atg=-60.0/-60.0/-60.0 pure=7.37/7.90 yaw=-1548 cmd=-1948 actual=-315 signed=0 rps=6637/1299:6304/6283 duty=15/0 pwm=PWM2:15/PWM1:0 motor=2:15/1:0
CrossDiag: type=CROSS_NONE track=1 half_lr=0/0 nearL=0@-1/0@-1 nearNum=22/67 centerNum=22/67 farL=0@-1/0@-1 farNum=0/0 farRaw=0/0 lost=0/0 not_have=0 final=67/48 flags=0/0
LineErr: aim=41 cxcy=84.0,119.6 left=1:15.53@64,72 dx=-19.6 idx=0/12 dist=39/68 right=1:16.91@67,87 dx=-17.0 idx=0/27 dist=41/114 sel=1:21.17@61,84 dx=-22.8 idx=0/20 dist=40/94 edge=1:19.36@62.5,81.5 dx=-21.5 width=64.3 l=31,88 r=94,75
CxScan: raw_ref=80.0 edge=62.5,81.5 best_raw_x=25 best_err=0.39 best_cxcy=62.9,119.4 scan=0:-8.6,10:-5.0,20:-1.4,30:2.2,40:5.8,50:9.3,60:12.8,70:16.1,80:19.4,90:22.5,100:25.5,110:28.3,120:31.0,130:33.5,140:35.9
ATGSeedDiag: seed=1@22,108/1@141,108 begin=7,108 block=5 clip=8
ATGLptDiag: best=10(42.0) imip=0/20 pass=10111 acc=-1 ipm=52.5,95.7 inv=30.0,62.0 | 10(20.8) imip=0/20 pass=10111 acc=-1 ipm=107.5,93.8 inv=109.0,59.0
frame=453 line=1 track=1 cross=0 circle=0(CIRCLE_NONE) round=0 yroad=0 ramp=0 road=3 speed=0 near=22/65 raw=72/154 sel=65/46 far=0/0 far_raw=0/0 l=0@-1/0@-1 far_l=0@-1/0@-1 straight=0/1 far_straight=0/0 circle_cnt=0/0/0/0 lost=0/0 conf=43.0/18.5/0.0/0.0 dist=0 begin=0/0 m0=(84,119) ml=(64,87) md=40/1/100 cxcy=84.0,119.6 guide=20.48 atg=-60.0/-60.0/-60.0 pure=7.58/8.08 yaw=-1638 cmd=-2038 actual=-362 signed=0 rps=6701/1114:6539/6300 duty=15/0 pwm=PWM2:15/PWM1:0 motor=2:15/1:0
CrossDiag: type=CROSS_NONE track=1 half_lr=0/0 nearL=0@-1/0@-1 nearNum=22/65 centerNum=22/65 farL=0@-1/0@-1 farNum=0/0 farRaw=0/0 lost=0/0 not_have=0 final=65/46 flags=0/0
LineErr: aim=41 cxcy=84.0,119.6 left=1:16.33@63,72 dx=-20.7 idx=0/12 dist=41/69 right=1:17.71@66,88 dx=-17.6 idx=0/27 dist=41/112 sel=1:22.11@60,85 dx=-23.7 idx=0/20 dist=40/90 edge=1:20.34@61.5,82.0 dx=-22.5 width=64.5 l=30,89 r=93,75
CxScan: raw_ref=80.0 edge=61.5,82.0 best_raw_x=20 best_err=-0.48 best_cxcy=61.0,119.4 scan=0:-7.7,10:-4.1,20:-0.5,30:3.1,40:6.7,50:10.3,60:13.8,70:17.1,80:20.3,90:23.4,100:26.4,110:29.2,120:31.9,130:34.4,140:36.7
ATGSeedDiag: seed=1@22,108/1@141,108 begin=7,108 block=5 clip=8
ATGLptDiag: best=10(43.0) imip=0/20 pass=10111 acc=-1 ipm=52.1,96.0 inv=29.1,62.4 | 10(18.5) imip=0/20 pass=10111 acc=-1 ipm=106.9,94.0 inv=108.2,59.2
frame=454 line=1 track=1 cross=0 circle=0(CIRCLE_NONE) round=0 yroad=0 ramp=0 road=3 speed=0 near=21/65 raw=70/154 sel=65/46 far=0/0 far_raw=0/0 l=0@-1/0@-1 far_l=0@-1/0@-1 straight=0/0 far_straight=0/0 circle_cnt=0/0/0/0 lost=0/0 conf=38.8/20.0/0.0/0.0 dist=0 begin=0/0 m0=(84,119) ml=(64,87) md=40/1/100 cxcy=84.0,119.6 guide=20.56 atg=-60.0/-60.0/-60.0 pure=7.64/8.09 yaw=-1645 cmd=-2045 actual=-438 signed=0 rps=6706/1100:6825/6110 duty=14/0 pwm=PWM2:14/PWM1:0 motor=2:14/1:0
CrossDiag: type=CROSS_NONE track=1 half_lr=0/0 nearL=0@-1/0@-1 nearNum=21/65 centerNum=21/65 farL=0@-1/0@-1 farNum=0/0 farRaw=0/0 lost=0/0 not_have=0 final=65/46 flags=0/0
LineErr: aim=41 cxcy=84.0,119.6 left=1:18.57@60,71 dx=-24.1 idx=0/13 dist=41/62 right=1:17.06@68,89 dx=-16.5 idx=0/26 dist=40/112 sel=1:22.48@60,85 dx=-24.0 idx=0/20 dist=40/90 edge=1:20.50@61.5,82.5 dx=-22.5 width=64.3 l=30,89 r=93,76
CxScan: raw_ref=80.0 edge=61.5,82.5 best_raw_x=20 best_err=-0.49 best_cxcy=61.0,119.4 scan=0:-7.8,10:-4.1,20:-0.5,30:3.2,40:6.8,50:10.4,60:13.9,70:17.2,80:20.5,90:23.6,100:26.6,110:29.4,120:32.1,130:34.6,140:37.0
ATGSeedDiag: seed=1@22,108/1@141,108 begin=7,108 block=5 clip=8
ATGLptDiag: best=8(38.8) imip=0/18 pass=10111 acc=-1 ipm=55.0,99.2 inv=31.1,66.9 | 10(20.0) imip=0/20 pass=10111 acc=-1 ipm=106.9,94.0 inv=108.1,59.1
frame=455 line=1 track=0 cross=0 circle=0(CIRCLE_NONE) round=0 yroad=0 ramp=0 road=3 speed=0 near=21/1 raw=68/170 sel=21/36 far=0/0 far_raw=0/0 l=0@-1/0@-1 far_l=0@-1/0@-1 straight=0/0 far_straight=0/0 circle_cnt=0/0/0/0 lost=0/0 conf=34.9/0.0/0.0/0.0 dist=0 begin=0/0 m0=(84,119) ml=(73,81) md=40/1/78 cxcy=84.0,119.6 guide=10.90 atg=-60.0/-60.0/-60.0 pure=5.31/6.02 yaw=-872 cmd=-1272 actual=-510 signed=0 rps=6162/2675:6763/5700 duty=12/3 pwm=PWM2:12/PWM1:3 motor=2:12/1:3
CrossDiag: type=CROSS_NONE track=0 half_lr=0/0 nearL=0@-1/0@-1 nearNum=21/1 centerNum=21/1 farL=0@-1/0@-1 farNum=0/0 farRaw=0/0 lost=0/0 not_have=0 final=21/36 flags=0/0
LineErr: aim=41 cxcy=84.0,119.6 left=1:10.37@73,81 dx=-11.4 idx=0/8 dist=40/77 right=0:0.00@-1,-1 dx=0.0 idx=-1/-1 dist=-1/-1 sel=1:12.64@69,78 dx=-14.5 idx=0/20 dist=40/70 edge=0:0.00@-1.0,-1.0 dx=0.0 width=0.0 l=29,89 r=-1,-1
ATGSeedDiag: seed=1@23,107/1@137,108 begin=7,108 block=5 clip=8
ATGLptDiag: best=6(34.9) imip=0/16 pass=10111 acc=-1 ipm=57.6,102.6 inv=32.5,72.4 | -1(-57295.8) imip=-1/-1 pass=00000 acc=-1 ipm=-1.0,-1.0 inv=-1.0,-1.0
frame=456 line=1 track=1 cross=0 circle=0(CIRCLE_NONE) round=0 yroad=0 ramp=0 road=3 speed=0 near=1/65 raw=170/154 sel=65/47 far=0/0 far_raw=0/0 l=0@-1/0@-1 far_l=0@-1/0@-1 straight=0/1 far_straight=0/0 circle_cnt=0/0/0/0 lost=0/0 conf=0.0/18.6/0.0/0.0 dist=0 begin=0/0 m0=(84,119) ml=(64,87) md=40/1/102 cxcy=84.0,119.6 guide=20.61 atg=-60.0/-60.0/-60.0 pure=7.59/8.01 yaw=-1649 cmd=-2049 actual=-588 signed=0 rps=6708/1093:7242/5932 duty=14/0 pwm=PWM2:14/PWM1:0 motor=2:14/1:0
CrossDiag: type=CROSS_NONE track=1 half_lr=0/0 nearL=0@-1/0@-1 nearNum=1/65 centerNum=1/65 farL=0@-1/0@-1 farNum=0/0 farRaw=0/0 lost=0/0 not_have=0 final=65/47 flags=0/0
LineErr: aim=41 cxcy=84.0,119.6 left=0:0.00@-1,-1 dx=0.0 idx=-1/-1 dist=-1/-1 right=1:18.40@66,88 dx=-18.2 idx=1/27 dist=41/112 sel=1:22.44@60,85 dx=-23.9 idx=0/20 dist=40/92 edge=0:0.00@-1.0,-1.0 dx=0.0 width=0.0 l=-1,-1 r=93,76
ATGSeedDiag: seed=1@27,108/1@142,108 begin=7,108 block=5 clip=8
ATGLptDiag: best=-1(-57295.8) imip=-1/-1 pass=00000 acc=-1 ipm=-1.0,-1.0 inv=-1.0,-1.0 | 10(18.6) imip=0/20 pass=10111 acc=-1 ipm=106.7,94.0 inv=108.0,59.2
frame=457 line=1 track=1 cross=0 circle=0(CIRCLE_NONE) round=0 yroad=0 ramp=0 road=3 speed=0 near=20/65 raw=67/154 sel=65/47 far=0/0 far_raw=0/0 l=0@-1/0@-1 far_l=0@-1/0@-1 straight=0/1 far_straight=0/0 circle_cnt=0/0/0/0 lost=0/0 conf=44.1/19.8/0.0/0.0 dist=0 begin=0/0 m0=(84,119) ml=(64,88) md=40/1/104 cxcy=84.0,119.6 guide=20.69 atg=-60.0/-60.0/-60.0 pure=7.65/8.04 yaw=-1655 cmd=-2055 actual=-661 signed=0 rps=6713/1080:6957/5828 duty=14/0 pwm=PWM2:14/PWM1:0 motor=2:14/1:0
CrossDiag: type=CROSS_NONE track=1 half_lr=0/0 nearL=0@-1/0@-1 nearNum=20/65 centerNum=20/65 farL=0@-1/0@-1 farNum=0/0 farRaw=0/0 lost=0/0 not_have=0 final=65/47 flags=0/0
LineErr: aim=41 cxcy=84.0,119.6 left=1:20.10@58,72 dx=-26.0 idx=0/13 dist=41/59 right=1:17.66@67,89 dx=-17.0 idx=1/26 dist=40/114 sel=1:22.75@60,85 dx=-24.1 idx=0/20 dist=40/92 edge=1:20.81@61.5,83.5 dx=-22.5 width=62.8 l=31,91 r=92,76
CxScan: raw_ref=80.0 edge=61.5,83.5 best_raw_x=20 best_err=-0.50 best_cxcy=61.0,119.4 scan=0:-7.9,10:-4.2,20:-0.5,30:3.2,40:6.9,50:10.5,60:14.1,70:17.5,80:20.8,90:24.0,100:27.0,110:29.8,120:32.5,130:35.0,140:37.4
ATGSeedDiag: seed=1@23,108/1@143,108 begin=7,108 block=5 clip=8
ATGLptDiag: best=9(44.1) imip=0/19 pass=10111 acc=-1 ipm=52.1,98.3 inv=27.3,65.6 | 10(19.8) imip=0/20 pass=10111 acc=-1 ipm=106.6,94.1 inv=107.9,59.3
frame=458 line=1 track=1 cross=0 circle=0(CIRCLE_NONE) round=0 yroad=0 ramp=0 road=3 speed=0 near=20/64 raw=66/154 sel=64/46 far=0/0 far_raw=0/0 l=0@-1/0@-1 far_l=0@-1/0@-1 straight=0/1 far_straight=0/0 circle_cnt=0/0/0/0 lost=0/0 conf=31.9/19.2/0.0/0.0 dist=0 begin=0/0 m0=(84,119) ml=(64,88) md=40/1/100 cxcy=84.0,119.6 guide=21.02 atg=-60.0/-60.0/-60.0 pure=7.78/8.13 yaw=-1682 cmd=-2082 actual=-716 signed=0 rps=6732/1026:7171/6240 duty=14/0 pwm=PWM2:14/PWM1:0 motor=2:14/1:0
CrossDiag: type=CROSS_NONE track=1 half_lr=0/0 nearL=0@-1/0@-1 nearNum=20/64 centerNum=20/64 farL=0@-1/0@-1 farNum=0/0 farRaw=0/0 lost=0/0 not_have=0 final=64/46 flags=0/0
LineErr: aim=41 cxcy=84.0,119.6 left=1:22.41@54,71 dx=-29.8 idx=0/14 dist=41/56 right=1:18.06@67,90 dx=-17.3 idx=1/26 dist=41/110 sel=1:23.10@60,86 dx=-24.3 idx=0/20 dist=40/90 edge=1:21.23@61.0,83.5 dx=-23.0 width=63.8 l=30,91 r=92,76
CxScan: raw_ref=80.0 edge=61.0,83.5 best_raw_x=20 best_err=-0.01 best_cxcy=61.0,119.4 scan=0:-7.4,10:-3.7,20:-0.0,30:3.7,40:7.4,50:11.0,60:14.5,70:18.0,80:21.2,90:24.4,100:27.4,110:30.2,120:32.9,130:35.4,140:37.7
ATGSeedDiag: seed=1@24,108/1@143,108 begin=7,108 block=5 clip=8
ATGLptDiag: best=5(31.9) imip=0/15 pass=10111 acc=-1 ipm=58.3,105.1 inv=31.6,77.0 | 62(19.2) imip=52/63 pass=10101 acc=-1 ipm=1.8,52.2 inv=7.1,30.3
frame=459 line=1 track=1 cross=0 circle=0(CIRCLE_NONE) round=0 yroad=0 ramp=0 road=3 speed=0 near=19/63 raw=64/153 sel=63/45 far=0/0 far_raw=0/0 l=0@-1/0@-1 far_l=0@-1/0@-1 straight=0/1 far_straight=0/0 circle_cnt=0/0/0/0 lost=0/0 conf=42.0/18.4/0.0/0.0 dist=0 begin=0/0 m0=(84,119) ml=(63,89) md=41/1/99 cxcy=84.0,119.6 guide=22.13 atg=-60.0/-60.0/-60.0 pure=8.03/8.24 yaw=-1770 cmd=-2170 actual=-784 signed=0 rps=6794/846:6746/6091 duty=15/0 pwm=PWM2:15/PWM1:0 motor=2:15/1:0
CrossDiag: type=CROSS_NONE track=1 half_lr=0/0 nearL=0@-1/0@-1 nearNum=19/63 centerNum=19/63 farL=0@-1/0@-1 farNum=0/0 farRaw=0/0 lost=0/0 not_have=0 final=63/45 flags=0/0
LineErr: aim=41 cxcy=84.0,119.6 left=1:21.11@57,72 dx=-27.2 idx=0/13 dist=39/55 right=1:18.49@67,90 dx=-17.5 idx=1/26 dist=40/110 sel=1:23.97@59,87 dx=-24.9 idx=0/20 dist=40/88 edge=1:20.55@62.0,84.0 dx=-22.0 width=62.1 l=32,92 r=92,76
CxScan: raw_ref=80.0 edge=62.0,84.0 best_raw_x=25 best_err=0.89 best_cxcy=62.9,119.4 scan=0:-8.5,10:-4.7,20:-1.0,30:2.8,40:6.5,50:10.2,60:13.7,70:17.2,80:20.5,90:23.7,100:26.8,110:29.7,120:32.4,130:35.0,140:37.4
ATGSeedDiag: seed=1@25,108/1@144,108 begin=7,108 block=5 clip=8
ATGLptDiag: best=8(42.0) imip=0/18 pass=10111 acc=-1 ipm=53.3,100.3 inv=27.5,68.6 | 10(18.4) imip=0/20 pass=10111 acc=-1 ipm=106.2,94.2 inv=107.4,59.4
frame=460 line=1 track=1 cross=0 circle=0(CIRCLE_NONE) round=0 yroad=0 ramp=0 road=3 speed=0 near=19/62 raw=62/153 sel=62/44 far=0/0 far_raw=0/0 l=0@-1/0@-1 far_l=0@-1/0@-1 straight=0/1 far_straight=0/0 circle_cnt=0/0/0/0 lost=0/0 conf=36.1/19.1/0.0/0.0 dist=0 begin=0/0 m0=(84,119) ml=(62,89) md=40/1/96 cxcy=84.0,119.6 guide=23.38 atg=-60.0/-60.0/-60.0 pure=8.19/8.48 yaw=-1871 cmd=-2271 actual=-859 signed=0 rps=6865/641:6776/6204 duty=15/0 pwm=PWM2:15/PWM1:0 motor=2:15/1:0
CrossDiag: type=CROSS_NONE track=1 half_lr=0/0 nearL=0@-1/0@-1 nearNum=19/62 centerNum=19/62 farL=0@-1/0@-1 farNum=0/0 farRaw=0/0 lost=0/0 not_have=0 final=62/44 flags=0/0
LineErr: aim=41 cxcy=84.0,119.6 left=1:23.86@52,71 dx=-31.7 idx=0/14 dist=41/53 right=1:19.42@66,92 dx=-18.0 idx=2/26 dist=40/109 sel=1:25.26@58,87 dx=-26.2 idx=0/20 dist=40/86 edge=1:21.74@61.0,85.0 dx=-23.0 width=62.1 l=31,93 r=91,77
CxScan: raw_ref=80.0 edge=61.0,85.0 best_raw_x=20 best_err=-0.01 best_cxcy=61.0,119.4 scan=0:-7.6,10:-3.8,20:-0.0,30:3.8,40:7.6,50:11.3,60:14.9,70:18.4,80:21.7,90:24.9,100:28.0,110:30.8,120:33.5,130:36.1,140:38.4
ATGSeedDiag: seed=1@26,107/1@144,108 begin=7,108 block=5 clip=8
ATGLptDiag: best=7(36.1) imip=0/17 pass=10111 acc=-1 ipm=54.6,101.8 inv=28.3,71.0 | 9(19.1) imip=0/19 pass=10111 acc=-1 ipm=107.0,96.4 inv=110.0,62.2
frame=461 line=1 track=1 cross=0 circle=0(CIRCLE_NONE) round=0 yroad=0 ramp=0 road=3 speed=0 near=1/62 raw=170/153 sel=62/44 far=0/0 far_raw=0/0 l=0@-1/0@-1 far_l=0@-1/0@-1 straight=0/1 far_straight=0/0 circle_cnt=0/0/0/0 lost=0/0 conf=0.0/20.1/0.0/0.0 dist=0 begin=0/0 m0=(84,119) ml=(60,89) md=41/1/95 cxcy=84.0,119.6 guide=23.53 atg=-60.0/-60.0/-60.0 pure=8.36/8.55 yaw=-1882 cmd=-2282 actual=-922 signed=0 rps=6873/617:6821/6199 duty=15/0 pwm=PWM2:15/PWM1:0 motor=2:15/1:0
CrossDiag: type=CROSS_NONE track=1 half_lr=0/0 nearL=0@-1/0@-1 nearNum=1/62 centerNum=1/62 farL=0@-1/0@-1 farNum=0/0 farRaw=0/0 lost=0/0 not_have=0 final=62/44 flags=0/0
LineErr: aim=41 cxcy=84.0,119.6 left=0:0.00@-1,-1 dx=0.0 idx=-1/-1 dist=-1/-1 right=1:19.49@66,92 dx=-18.1 idx=2/26 dist=40/108 sel=1:25.44@58,88 dx=-26.2 idx=0/20 dist=40/86 edge=0:0.00@-1.0,-1.0 dx=0.0 width=0.0 l=-1,-1 r=91,77
ATGSeedDiag: seed=1@55,108/1@145,108 begin=7,108 block=5 clip=8
ATGLptDiag: best=-1(-57295.8) imip=-1/-1 pass=00000 acc=-1 ipm=-1.0,-1.0 inv=-1.0,-1.0 | 60(20.1) imip=50/61 pass=10101 acc=-1 ipm=3.4,56.3 inv=5.6,32.1
frame=462 line=1 track=1 cross=0 circle=0(CIRCLE_NONE) round=0 yroad=0 ramp=0 road=3 speed=0 near=18/62 raw=61/153 sel=62/45 far=0/0 far_raw=0/0 l=0@-1/0@-1 far_l=0@-1/0@-1 straight=0/1 far_straight=0/0 circle_cnt=0/0/0/0 lost=0/0 conf=32.4/18.3/0.0/0.0 dist=0 begin=0/0 m0=(84,119) ml=(60,88) md=42/1/98 cxcy=84.0,119.6 guide=23.27 atg=-60.0/-60.0/-60.0 pure=8.13/8.41 yaw=-1862 cmd=-2262 actual=-979 signed=0 rps=6858/659:6679/5921 duty=15/0 pwm=PWM2:15/PWM1:0 motor=2:15/1:0
CrossDiag: type=CROSS_NONE track=1 half_lr=0/0 nearL=0@-1/0@-1 nearNum=18/62 centerNum=18/62 farL=0@-1/0@-1 farNum=0/0 farRaw=0/0 lost=0/0 not_have=0 final=62/45 flags=0/0
LineErr: aim=41 cxcy=84.0,119.6 left=1:25.71@49,71 dx=-34.6 idx=0/15 dist=42/48 right=1:19.62@66,91 dx=-18.3 idx=2/26 dist=41/110 sel=1:25.05@58,87 dx=-25.9 idx=0/20 dist=40/88 edge=1:20.87@62.0,85.0 dx=-22.0 width=60.2 l=33,93 r=91,77
CxScan: raw_ref=80.0 edge=62.0,85.0 best_raw_x=25 best_err=0.91 best_cxcy=62.9,119.4 scan=0:-8.6,10:-4.8,20:-1.0,30:2.8,40:6.6,50:10.3,60:14.0,70:17.5,80:20.9,90:24.1,100:27.2,110:30.1,120:32.8,130:35.4,140:37.8
ATGSeedDiag: seed=1@26,108/1@145,108 begin=7,108 block=5 clip=8
ATGLptDiag: best=6(32.4) imip=0/16 pass=10111 acc=-1 ipm=56.1,103.8 inv=29.0,74.5 | 9(18.3) imip=0/19 pass=10111 acc=-1 ipm=107.1,96.4 inv=110.1,62.3
frame=463 line=1 track=1 cross=0 circle=0(CIRCLE_NONE) round=0 yroad=0 ramp=0 road=3 speed=0 near=18/62 raw=60/153 sel=62/45 far=0/0 far_raw=0/0 l=0@-1/0@-1 far_l=0@-1/0@-1 straight=0/1 far_straight=0/0 circle_cnt=0/0/0/0 lost=0/0 conf=26.2/21.4/0.0/0.0 dist=0 begin=0/0 m0=(84,119) ml=(60,89) md=41/1/97 cxcy=84.0,119.6 guide=24.12 atg=-60.0/-60.0/-60.0 pure=8.13/8.37 yaw=-1929 cmd=-2329 actual=-1038 signed=0 rps=6906/521:6730/5632 duty=15/0 pwm=PWM2:15/PWM1:0 motor=2:15/1:0
CrossDiag: type=CROSS_NONE track=1 half_lr=0/0 nearL=0@-1/0@-1 nearNum=18/62 centerNum=18/62 farL=0@-1/0@-1 farNum=0/0 farRaw=0/0 lost=0/0 not_have=0 final=62/45 flags=0/0
LineErr: aim=41 cxcy=84.0,119.6 left=1:24.55@52,72 dx=-32.3 idx=0/14 dist=40/49 right=1:19.62@66,91 dx=-18.3 idx=2/26 dist=40/108 sel=1:25.24@58,88 dx=-25.9 idx=0/20 dist=40/88 edge=1:21.04@62.0,85.5 dx=-22.0 width=60.4 l=33,94 r=91,77
CxScan: raw_ref=80.0 edge=62.0,85.5 best_raw_x=25 best_err=0.91 best_cxcy=62.9,119.4 scan=0:-8.7,10:-4.9,20:-1.0,30:2.8,40:6.7,50:10.4,60:14.1,70:17.6,80:21.0,90:24.3,100:27.4,110:30.3,120:33.1,130:35.6,140:38.1
ATGSeedDiag: seed=1@26,108/1@145,108 begin=7,108 block=5 clip=8
ATGLptDiag: best=3(26.2) imip=0/13 pass=10111 acc=-1 ipm=60.1,109.5 inv=31.0,86.3 | 60(21.4) imip=50/61 pass=10101 acc=-1 ipm=3.5,54.8 inv=6.8,31.4
frame=464 line=1 track=1 cross=0 circle=0(CIRCLE_NONE) round=0 yroad=0 ramp=0 road=3 speed=0 near=17/62 raw=59/153 sel=62/45 far=0/0 far_raw=0/0 l=0@-1/0@-1 far_l=0@-1/0@-1 straight=0/1 far_straight=0/0 circle_cnt=0/0/0/0 lost=0/0 conf=26.6/17.4/0.0/0.0 dist=0 begin=0/0 m0=(84,119) ml=(62,90) md=40/1/98 cxcy=84.0,119.6 guide=23.19 atg=-60.0/-60.0/-60.0 pure=8.24/8.43 yaw=-1855 cmd=-2255 actual=-1091 signed=0 rps=6854/673:7180/5609 duty=14/0 pwm=PWM2:14/PWM1:0 motor=2:14/1:0
CrossDiag: type=CROSS_NONE track=1 half_lr=0/0 nearL=0@-1/0@-1 nearNum=17/62 centerNum=17/62 farL=0@-1/0@-1 farNum=0/0 farRaw=0/0 lost=0/0 not_have=0 final=62/45 flags=0/0
LineErr: aim=41 cxcy=84.0,119.6 left=1:24.71@52,73 dx=-32.3 idx=0/14 dist=40/46 right=1:19.55@66,92 dx=-18.2 idx=2/26 dist=40/109 sel=1:25.14@58,88 dx=-25.7 idx=0/20 dist=40/88 edge=1:20.33@63.0,86.0 dx=-21.0 width=58.8 l=35,95 r=91,77
CxScan: raw_ref=80.0 edge=63.0,86.0 best_raw_x=25 best_err=-0.09 best_cxcy=62.9,119.4 scan=0:-9.7,10:-5.9,20:-2.0,30:1.9,40:5.7,50:9.5,60:13.3,70:16.9,80:20.3,90:23.6,100:26.8,110:29.8,120:32.6,130:35.2,140:37.7
ATGSeedDiag: seed=1@27,108/1@146,108 begin=7,108 block=5 clip=8
ATGLptDiag: best=3(26.6) imip=0/13 pass=10111 acc=-1 ipm=60.1,109.5 inv=30.9,86.4 | 9(17.4) imip=0/19 pass=10111 acc=-1 ipm=107.1,96.5 inv=110.2,62.4
frame=465 line=1 track=1 cross=0 circle=0(CIRCLE_NONE) round=0 yroad=0 ramp=0 road=3 speed=0 near=17/61 raw=59/152 sel=61/44 far=0/0 far_raw=0/0 l=0@-1/0@-1 far_l=0@-1/0@-1 straight=0/1 far_straight=0/0 circle_cnt=0/0/0/0 lost=0/0 conf=29.1/18.0/0.0/0.0 dist=0 begin=0/0 m0=(84,119) ml=(62,90) md=41/1/96 cxcy=84.0,119.6 guide=23.39 atg=-60.0/-60.0/-60.0 pure=8.41/8.55 yaw=-1871 cmd=-2271 actual=-1149 signed=0 rps=6865/641:7450/5520 duty=14/0 pwm=PWM2:14/PWM1:0 motor=2:14/1:0
CrossDiag: type=CROSS_NONE track=1 half_lr=0/0 nearL=0@-1/0@-1 nearNum=17/61 centerNum=17/61 farL=0@-1/0@-1 farNum=0/0 farRaw=0/0 lost=0/0 not_have=0 final=61/44 flags=0/0
LineErr: aim=41 cxcy=84.0,119.6 left=1:26.81@48,72 dx=-35.7 idx=0/15 dist=42/45 right=1:19.84@66,92 dx=-18.3 idx=2/26 dist=40/106 sel=1:25.41@58,88 dx=-25.8 idx=0/20 dist=40/86 edge=1:20.77@62.5,86.0 dx=-21.5 width=57.9 l=35,95 r=90,77
CxScan: raw_ref=80.0 edge=62.5,86.0 best_raw_x=25 best_err=0.42 best_cxcy=62.9,119.4 scan=0:-9.2,10:-5.4,20:-1.5,30:2.4,40:6.2,50:10.0,60:13.7,70:17.3,80:20.8,90:24.1,100:27.2,110:30.2,120:32.9,130:35.6,140:38.0
ATGSeedDiag: seed=1@27,108/1@146,107 begin=7,108 block=5 clip=8
ATGLptDiag: best=5(29.1) imip=0/15 pass=10111 acc=-1 ipm=57.2,105.9 inv=28.9,78.7 | 9(18.0) imip=0/19 pass=10111 acc=-1 ipm=107.0,96.3 inv=109.9,62.1
frame=466 line=1 track=1 cross=0 circle=0(CIRCLE_NONE) round=0 yroad=0 ramp=0 road=3 speed=0 near=17/61 raw=58/153 sel=61/43 far=0/0 far_raw=0/0 l=0@-1/0@-1 far_l=0@-1/0@-1 straight=0/1 far_straight=0/0 circle_cnt=0/0/0/0 lost=0/0 conf=25.8/17.9/0.0/0.0 dist=0 begin=0/0 m0=(84,119) ml=(60,90) md=40/1/92 cxcy=84.0,119.6 guide=25.70 atg=-60.0/-60.0/-60.0 pure=8.67/8.75 yaw=-2056 cmd=-2456 actual=-1215 signed=0 rps=6995/264:7130/5215 duty=15/0 pwm=PWM2:15/PWM1:0 motor=2:15/1:0
CrossDiag: type=CROSS_NONE track=1 half_lr=0/0 nearL=0@-1/0@-1 nearNum=17/61 centerNum=17/61 farL=0@-1/0@-1 farNum=0/0 farRaw=0/0 lost=0/0 not_have=0 final=61/43 flags=0/0
LineErr: aim=41 cxcy=84.0,119.6 left=1:25.69@51,73 dx=-33.4 idx=0/14 dist=40/46 right=1:21.22@64,92 dx=-19.7 idx=3/27 dist=40/105 sel=1:26.40@57,89 dx=-26.6 idx=0/20 dist=40/84 edge=1:21.56@62.0,87.0 dx=-22.0 width=58.8 l=34,96 r=90,78
CxScan: raw_ref=80.0 edge=62.0,87.0 best_raw_x=25 best_err=0.94 best_cxcy=62.9,119.4 scan=0:-8.9,10:-5.0,20:-1.0,30:2.9,40:6.8,50:10.7,60:14.5,70:18.1,80:21.6,90:24.9,100:28.0,110:31.0,120:33.8,130:36.4,140:38.8
ATGSeedDiag: seed=1@28,108/1@147,108 begin=7,108 block=5 clip=8
ATGLptDiag: best=2(25.8) imip=0/12 pass=10111 acc=-1 ipm=61.3,111.7 inv=30.9,91.9 | 10(17.9) imip=0/20 pass=10111 acc=-1 ipm=105.8,94.7 inv=107.1,60.1
frame=468 line=1 track=1 cross=0 circle=0(CIRCLE_NONE) round=0 yroad=0 ramp=0 road=3 speed=0 near=16/59 raw=56/153 sel=59/42 far=0/0 far_raw=0/0 l=0@-1/0@-1 far_l=0@-1/0@-1 straight=0/1 far_straight=0/0 circle_cnt=0/0/0/0 lost=0/0 conf=23.5/17.1/0.0/0.0 dist=0 begin=0/0 m0=(84,119) ml=(58,91) md=41/1/90 cxcy=84.0,119.6 guide=27.45 atg=-60.0/-60.0/-60.0 pure=8.95/8.99 yaw=-2196 cmd=-2596 actual=-1311 signed=0 rps=7094/0:6758/5597 duty=16/0 pwm=PWM2:16/PWM1:0 motor=2:16/1:0
CrossDiag: type=CROSS_NONE track=1 half_lr=0/0 nearL=0@-1/0@-1 nearNum=16/59 centerNum=16/59 farL=0@-1/0@-1 farNum=0/0 farRaw=0/0 lost=0/0 not_have=0 final=59/42 flags=0/0
LineErr: aim=41 cxcy=84.0,119.6 left=1:28.22@47,73 dx=-37.3 idx=0/15 dist=41/41 right=1:22.55@64,93 dx=-20.5 idx=4/27 dist=41/101 sel=1:27.90@56,90 dx=-27.9 idx=0/20 dist=40/82 edge=1:21.28@62.5,87.5 dx=-21.5 width=56.3 l=36,97 r=89,78
CxScan: raw_ref=80.0 edge=62.5,87.5 best_raw_x=25 best_err=0.43 best_cxcy=62.9,119.4 scan=0:-9.5,10:-5.6,20:-1.6,30:2.4,40:6.4,50:10.3,60:14.1,70:17.8,80:21.3,90:24.6,100:27.8,110:30.8,120:33.6,130:36.3,140:38.8
ATGSeedDiag: seed=1@29,108/1@148,108 begin=7,108 block=5 clip=8
ATGLptDiag: best=2(23.5) imip=0/12 pass=10111 acc=-1 ipm=61.3,111.8 inv=31.0,92.1 | 10(17.1) imip=0/20 pass=10111 acc=-1 ipm=105.4,94.9 inv=106.6,60.3
frame=469 line=1 track=1 cross=0 circle=0(CIRCLE_NONE) round=0 yroad=0 ramp=0 road=3 speed=0 near=16/60 raw=55/153 sel=60/43 far=0/0 far_raw=0/0 l=0@-1/0@-1 far_l=0@-1/0@-1 straight=0/1 far_straight=0/0 circle_cnt=0/0/0/0 lost=0/0 conf=34.5/17.2/0.0/0.0 dist=0 begin=0/0 m0=(84,119) ml=(61,92) md=40/1/94 cxcy=84.0,119.6 guide=25.21 atg=-60.0/-60.0/-60.0 pure=8.88/8.90 yaw=-2016 cmd=-2416 actual=-1354 signed=0 rps=6967/344:6828/5911 duty=15/0 pwm=PWM2:15/PWM1:0 motor=2:15/1:0
CrossDiag: type=CROSS_NONE track=1 half_lr=0/0 nearL=0@-1/0@-1 nearNum=16/60 centerNum=16/60 farL=0@-1/0@-1 farNum=0/0 farRaw=0/0 lost=0/0 not_have=0 final=60/43 flags=0/0
LineErr: aim=41 cxcy=84.0,119.6 left=1:28.31@47,73 dx=-37.4 idx=0/15 dist=40/40 right=1:22.38@64,93 dx=-20.5 idx=3/27 dist=41/104 sel=1:27.43@57,90 dx=-27.2 idx=0/20 dist=40/84 edge=1:20.83@63.0,87.5 dx=-21.0 width=57.2 l=36,97 r=90,78
CxScan: raw_ref=80.0 edge=63.0,87.5 best_raw_x=25 best_err=-0.09 best_cxcy=62.9,119.4 scan=0:-10.0,10:-6.1,20:-2.1,30:1.9,40:5.9,50:9.8,60:13.6,70:17.3,80:20.8,90:24.2,100:27.4,110:30.4,120:33.3,130:35.9,140:38.4
ATGSeedDiag: seed=1@29,108/1@148,108 begin=7,108 block=5 clip=8
ATGLptDiag: best=5(34.5) imip=0/15 pass=10111 acc=-1 ipm=56.8,106.4 inv=27.7,79.6 | 10(17.2) imip=0/20 pass=10111 acc=-1 ipm=105.5,94.8 inv=106.8,60.2
frame=471 line=1 track=1 cross=0 circle=0(CIRCLE_NONE) round=0 yroad=0 ramp=0 road=3 speed=0 near=15/60 raw=53/154 sel=60/43 far=0/0 far_raw=0/0 l=0@-1/0@-1 far_l=0@-1/0@-1 straight=0/1 far_straight=0/0 circle_cnt=0/0/0/0 lost=0/0 conf=23.1/19.0/0.0/0.0 dist=0 begin=0/0 m0=(84,119) ml=(59,91) md=42/1/94 cxcy=84.0,119.6 guide=24.74 atg=-60.0/-60.0/-60.0 pure=8.86/8.90 yaw=-1980 cmd=-2380 actual=-1431 signed=0 rps=6942/419:7020/5621 duty=15/0 pwm=PWM2:15/PWM1:0 motor=2:15/1:0
CrossDiag: type=CROSS_NONE track=1 half_lr=0/0 nearL=0@-1/0@-1 nearNum=15/60 centerNum=15/60 farL=0@-1/0@-1 farNum=0/0 farRaw=0/0 lost=0/0 not_have=0 final=60/43 flags=0/0
LineErr: aim=41 cxcy=84.0,119.6 left=1:27.30@49,75 dx=-35.0 idx=0/14 dist=37/37 right=1:20.63@66,94 dx=-18.4 idx=4/26 dist=40/104 sel=1:26.91@57,90 dx=-26.7 idx=0/20 dist=40/84 edge=1:20.09@64.0,88.0 dx=-20.0 width=55.7 l=38,98 r=90,78
CxScan: raw_ref=80.0 edge=64.0,88.0 best_raw_x=30 best_err=0.87 best_cxcy=64.8,119.4 scan=0:-11.1,10:-7.2,20:-3.2,30:0.9,40:4.9,50:8.9,60:12.7,70:16.5,80:20.1,90:23.5,100:26.8,110:29.9,120:32.8,130:35.5,140:38.1
ATGSeedDiag: seed=1@30,108/1@150,108 begin=7,108 block=5 clip=8
ATGLptDiag: best=1(23.1) imip=0/11 pass=10111 acc=-1 ipm=62.4,114.0 inv=31.0,98.3 | 57(19.0) imip=47/59 pass=10111 acc=-1 ipm=8.6,58.6 inv=8.5,33.1
frame=472 line=1 track=1 cross=0 circle=0(CIRCLE_NONE) round=0 yroad=0 ramp=0 road=3 speed=0 near=15/59 raw=52/156 sel=59/42 far=0/0 far_raw=0/0 l=0@-1/0@-1 far_l=0@-1/0@-1 straight=0/1 far_straight=0/0 circle_cnt=0/0/0/0 lost=0/0 conf=32.9/18.0/0.0/0.0 dist=0 begin=0/0 m0=(84,119) ml=(62,93) md=40/1/92 cxcy=84.0,119.6 guide=24.90 atg=-60.0/-60.0/-60.0 pure=9.10/9.08 yaw=-1992 cmd=-2392 actual=-1466 signed=0 rps=6950/394:7355/5710 duty=14/0 pwm=PWM2:14/PWM1:0 motor=2:14/1:0
CrossDiag: type=CROSS_NONE track=1 half_lr=0/0 nearL=0@-1/0@-1 nearNum=15/59 centerNum=15/59 farL=0@-1/0@-1 farNum=0/0 farRaw=0/0 lost=0/0 not_have=0 final=59/42 flags=0/0
LineErr: aim=41 cxcy=84.0,119.6 left=1:27.73@48,75 dx=-35.5 idx=0/14 dist=36/36 right=1:21.69@65,94 dx=-19.5 idx=4/27 dist=40/101 sel=1:27.20@57,91 dx=-26.6 idx=0/20 dist=40/82 edge=1:20.43@64.0,89.0 dx=-20.0 width=55.7 l=38,99 r=90,79
CxScan: raw_ref=80.0 edge=64.0,89.0 best_raw_x=30 best_err=0.89 best_cxcy=64.8,119.4 scan=0:-11.3,10:-7.3,20:-3.2,30:0.9,40:5.0,50:9.0,60:13.0,70:16.8,80:20.4,90:23.9,100:27.2,110:30.3,120:33.3,130:36.0,140:38.6
ATGSeedDiag: seed=1@30,108/1@151,108 begin=7,108 block=5 clip=8
ATGLptDiag: best=4(32.9) imip=0/14 pass=10111 acc=-1 ipm=58.4,108.4 inv=28.6,83.9 | 10(18.0) imip=0/20 pass=10111 acc=-1 ipm=106.5,95.2 inv=108.5,60.7
frame=473 line=1 track=1 cross=0 circle=0(CIRCLE_NONE) round=0 yroad=0 ramp=0 road=3 speed=0 near=15/58 raw=52/155 sel=58/41 far=0/0 far_raw=0/0 l=0@-1/0@-1 far_l=0@-1/0@-1 straight=0/1 far_straight=0/0 circle_cnt=0/0/0/0 lost=0/0 conf=31.3/18.0/0.0/0.0 dist=0 begin=0/0 m0=(84,119) ml=(61,93) md=40/1/89 cxcy=84.0,119.6 guide=25.41 atg=-60.0/-60.0/-60.0 pure=9.24/9.28 yaw=-2033 cmd=-2433 actual=-1492 signed=0 rps=6979/311:7191/5500 duty=15/0 pwm=PWM2:15/PWM1:0 motor=2:15/1:0
CrossDiag: type=CROSS_NONE track=1 half_lr=0/0 nearL=0@-1/0@-1 nearNum=15/58 centerNum=15/58 farL=0@-1/0@-1 farNum=0/0 farRaw=0/0 lost=0/0 not_have=0 final=58/41 flags=0/0
LineErr: aim=41 cxcy=84.0,119.6 left=1:28.07@48,75 dx=-35.9 idx=0/14 dist=36/36 right=1:21.37@65,95 dx=-18.7 idx=4/26 dist=40/99 sel=1:27.82@57,92 dx=-27.0 idx=0/20 dist=40/80 edge=1:20.90@63.5,89.0 dx=-20.5 width=56.6 l=37,99 r=90,79
CxScan: raw_ref=80.0 edge=63.5,89.0 best_raw_x=25 best_err=-0.63 best_cxcy=62.9,119.4 scan=0:-10.8,10:-6.8,20:-2.7,30:1.4,40:5.5,50:9.5,60:13.5,70:17.3,80:20.9,90:24.4,100:27.6,110:30.7,120:33.6,130:36.4,140:38.9
ATGSeedDiag: seed=1@31,108/1@151,108 begin=7,108 block=5 clip=8
ATGLptDiag: best=4(31.3) imip=0/14 pass=10111 acc=-1 ipm=58.3,108.6 inv=28.3,84.3 | 8(18.0) imip=0/18 pass=10111 acc=-1 ipm=108.7,99.0 inv=114.6,65.9
frame=474 line=1 track=1 cross=0 circle=0(CIRCLE_NONE) round=0 yroad=0 ramp=0 road=3 speed=0 near=14/58 raw=51/154 sel=58/40 far=0/0 far_raw=0/0 l=0@-1/0@-1 far_l=0@-1/0@-1 straight=0/1 far_straight=0/0 circle_cnt=0/0/0/0 lost=0/0 conf=21.1/16.8/0.0/0.0 dist=0 begin=0/0 m0=(84,119) ml=(58,92) md=41/1/87 cxcy=84.0,119.6 guide=26.97 atg=-60.0/-60.0/-60.0 pure=9.30/9.31 yaw=-2158 cmd=-2558 actual=-1506 signed=0 rps=7067/57:7517/5603 duty=15/0 pwm=PWM2:15/PWM1:0 motor=2:15/1:0
CrossDiag: type=CROSS_NONE track=1 half_lr=0/0 nearL=0@-1/0@-1 nearNum=14/58 centerNum=14/58 farL=0@-1/0@-1 farNum=0/0 farRaw=0/0 lost=0/0 not_have=0 final=58/40 flags=0/0
LineErr: aim=41 cxcy=84.0,119.6 left=1:26.19@52,77 dx=-32.5 idx=0/13 dist=32/32 right=1:24.05@62,94 dx=-21.7 idx=5/28 dist=41/98 sel=1:29.10@55,91 dx=-28.6 idx=0/20 dist=40/78 edge=1:20.13@64.5,89.5 dx=-19.5 width=53.3 l=40,100 r=89,79
CxScan: raw_ref=80.0 edge=64.5,89.5 best_raw_x=30 best_err=0.36 best_cxcy=64.8,119.4 scan=0:-11.9,10:-7.9,20:-3.8,30:0.4,40:4.5,50:8.6,60:12.6,70:16.4,80:20.1,90:23.7,100:27.0,110:30.2,120:33.1,130:35.9,140:38.5
ATGSeedDiag: seed=1@31,108/1@151,108 begin=7,108 block=5 clip=8
ATGLptDiag: best=2(21.1) imip=0/12 pass=10111 acc=-1 ipm=61.3,112.1 inv=30.6,93.0 | 10(16.8) imip=0/20 pass=10111 acc=-1 ipm=105.8,95.2 inv=107.5,60.7
frame=475 line=1 track=1 cross=0 circle=0(CIRCLE_NONE) round=0 yroad=0 ramp=0 road=3 speed=0 near=14/58 raw=50/154 sel=58/41 far=0/0 far_raw=0/0 l=0@-1/0@-1 far_l=0@-1/0@-1 straight=0/1 far_straight=0/0 circle_cnt=0/0/0/0 lost=0/0 conf=29.5/18.0/0.0/0.0 dist=0 begin=0/0 m0=(84,119) ml=(58,92) md=41/1/89 cxcy=84.0,119.6 guide=26.97 atg=-60.0/-60.0/-60.0 pure=9.29/9.24 yaw=-2158 cmd=-2558 actual=-1515 signed=0 rps=7067/57:7081/5148 duty=15/0 pwm=PWM2:15/PWM1:0 motor=2:15/1:0
CrossDiag: type=CROSS_NONE track=1 half_lr=0/0 nearL=0@-1/0@-1 nearNum=14/58 centerNum=14/58 farL=0@-1/0@-1 farNum=0/0 farRaw=0/0 lost=0/0 not_have=0 final=58/41 flags=0/0
LineErr: aim=41 cxcy=84.0,119.6 left=1:26.46@51,77 dx=-32.8 idx=0/13 dist=32/32 right=1:23.03@64,95 dx=-20.4 idx=5/27 dist=40/100 sel=1:29.09@55,91 dx=-28.6 idx=0/20 dist=40/80 edge=1:20.61@64.0,89.5 dx=-20.0 width=54.2 l=39,100 r=89,79
CxScan: raw_ref=80.0 edge=64.0,89.5 best_raw_x=30 best_err=0.90 best_cxcy=64.8,119.4 scan=0:-11.4,10:-7.4,20:-3.2,30:0.9,40:5.0,50:9.1,60:13.1,70:16.9,80:20.6,90:24.1,100:27.4,110:30.6,120:33.5,130:36.3,140:38.8
ATGSeedDiag: seed=1@31,108/1@151,108 begin=7,108 block=5 clip=8
ATGLptDiag: best=3(29.5) imip=0/13 pass=10111 acc=-1 ipm=59.7,110.4 inv=29.2,88.6 | 10(18.0) imip=0/20 pass=10111 acc=-1 ipm=105.8,95.2 inv=107.4,60.7
frame=476 line=1 track=1 cross=0 circle=0(CIRCLE_NONE) round=0 yroad=0 ramp=0 road=3 speed=0 near=14/58 raw=50/154 sel=58/41 far=0/0 far_raw=0/0 l=0@-1/0@-1 far_l=0@-1/0@-1 straight=0/1 far_straight=0/0 circle_cnt=0/0/0/0 lost=0/0 conf=29.9/17.0/0.0/0.0 dist=0 begin=0/0 m0=(84,119) ml=(58,92) md=41/1/89 cxcy=84.0,119.6 guide=26.97 atg=-60.0/-60.0/-60.0 pure=9.29/9.23 yaw=-2158 cmd=-2558 actual=-1525 signed=0 rps=7067/57:7142/5290 duty=15/0 pwm=PWM2:15/PWM1:0 motor=2:15/1:0
CrossDiag: type=CROSS_NONE track=1 half_lr=0/0 nearL=0@-1/0@-1 nearNum=14/58 centerNum=14/58 farL=0@-1/0@-1 farNum=0/0 farRaw=0/0 lost=0/0 not_have=0 final=58/41 flags=0/0
LineErr: aim=41 cxcy=84.0,119.6 left=1:26.62@51,77 dx=-33.0 idx=0/13 dist=32/32 right=1:24.56@62,94 dx=-22.2 idx=5/28 dist=41/98 sel=1:29.15@55,91 dx=-28.7 idx=0/20 dist=40/80 edge=1:20.61@64.0,89.5 dx=-20.0 width=54.2 l=39,100 r=89,79
CxScan: raw_ref=80.0 edge=64.0,89.5 best_raw_x=30 best_err=0.90 best_cxcy=64.8,119.4 scan=0:-11.4,10:-7.4,20:-3.2,30:0.9,40:5.0,50:9.1,60:13.1,70:16.9,80:20.6,90:24.1,100:27.4,110:30.6,120:33.5,130:36.3,140:38.8
ATGSeedDiag: seed=1@31,108/1@151,108 begin=7,108 block=5 clip=8
ATGLptDiag: best=3(29.9) imip=0/13 pass=10111 acc=-1 ipm=59.7,110.4 inv=29.2,88.6 | 10(17.0) imip=0/20 pass=10111 acc=-1 ipm=105.6,95.3 inv=107.2,60.8
frame=478 line=1 track=1 cross=0 circle=0(CIRCLE_NONE) round=0 yroad=0 ramp=0 road=3 speed=0 near=14/58 raw=48/155 sel=58/40 far=0/0 far_raw=0/0 l=0@-1/0@-1 far_l=0@-1/0@-1 straight=0/1 far_straight=0/0 circle_cnt=0/0/0/0 lost=0/0 conf=29.7/14.6/0.0/0.0 dist=0 begin=0/0 m0=(84,119) ml=(58,93) md=41/1/86 cxcy=84.0,119.6 guide=27.44 atg=-60.0/-60.0/-60.0 pure=9.46/9.42 yaw=-2195 cmd=-2595 actual=-1551 signed=0 rps=7093/0:6743/5537 duty=16/0 pwm=PWM2:16/PWM1:0 motor=2:16/1:0
CrossDiag: type=CROSS_NONE track=1 half_lr=0/0 nearL=0@-1/0@-1 nearNum=14/58 centerNum=14/58 farL=0@-1/0@-1 farNum=0/0 farRaw=0/0 lost=0/0 not_have=0 final=58/40 flags=0/0
LineErr: aim=41 cxcy=84.0,119.6 left=1:27.69@50,77 dx=-34.3 idx=0/13 dist=32/32 right=1:24.63@62,95 dx=-22.0 idx=5/28 dist=41/98 sel=1:29.31@55,92 dx=-28.5 idx=0/20 dist=40/78 edge=1:20.97@64.0,90.5 dx=-20.0 width=54.2 l=39,101 r=89,80
CxScan: raw_ref=80.0 edge=64.0,90.5 best_raw_x=30 best_err=0.92 best_cxcy=64.8,119.4 scan=0:-11.6,10:-7.5,20:-3.3,30:0.9,40:5.1,50:9.3,60:13.3,70:17.2,80:21.0,90:24.5,100:27.9,110:31.1,120:34.0,130:36.8,140:39.4
ATGSeedDiag: seed=1@31,108/1@152,108 begin=7,108 block=5 clip=8
ATGLptDiag: best=3(29.7) imip=0/13 pass=10111 acc=-1 ipm=59.5,110.5 inv=28.6,89.0 | 1(14.6) imip=0/11 pass=10111 acc=-1 ipm=114.0,114.5 inv=145.5,98.8
frame=479 line=1 track=1 cross=0 circle=0(CIRCLE_NONE) round=0 yroad=0 ramp=0 road=3 speed=0 near=14/58 raw=48/155 sel=58/39 far=0/0 far_raw=0/0 l=0@-1/0@-1 far_l=0@-1/0@-1 straight=0/1 far_straight=0/0 circle_cnt=0/0/0/0 lost=0/0 conf=19.9/16.5/0.0/0.0 dist=0 begin=0/0 m0=(84,119) ml=(57,92) md=41/1/84 cxcy=84.0,119.6 guide=27.99 atg=-60.0/-60.0/-60.0 pure=9.58/9.43 yaw=-2239 cmd=-2639 actual=-1572 signed=0 rps=7124/0:7018/5836 duty=15/0 pwm=PWM2:15/PWM1:0 motor=2:15/1:0
CrossDiag: type=CROSS_NONE track=1 half_lr=0/0 nearL=0@-1/0@-1 nearNum=14/58 centerNum=14/58 farL=0@-1/0@-1 farNum=0/0 farRaw=0/0 lost=0/0 not_have=0 final=58/39 flags=0/0
LineErr: aim=41 cxcy=84.0,119.6 left=1:27.87@49,77 dx=-34.6 idx=0/13 dist=32/32 right=1:24.48@62,95 dx=-21.8 idx=6/28 dist=41/95 sel=1:30.17@54,92 dx=-29.6 idx=0/20 dist=40/76 edge=1:20.97@64.0,90.5 dx=-20.0 width=54.2 l=39,101 r=89,80
CxScan: raw_ref=80.0 edge=64.0,90.5 best_raw_x=30 best_err=0.92 best_cxcy=64.8,119.4 scan=0:-11.6,10:-7.5,20:-3.3,30:0.9,40:5.1,50:9.3,60:13.3,70:17.2,80:21.0,90:24.5,100:27.9,110:31.1,120:34.0,130:36.8,140:39.4
ATGSeedDiag: seed=1@31,108/1@152,108 begin=7,108 block=5 clip=8
ATGLptDiag: best=1(19.9) imip=0/11 pass=10111 acc=-1 ipm=62.5,114.1 inv=30.9,98.8 | 5(16.5) imip=0/15 pass=10111 acc=-1 ipm=111.9,105.3 inv=126.4,76.5
frame=480 line=1 track=1 cross=0 circle=0(CIRCLE_NONE) round=0 yroad=0 ramp=0 road=3 speed=0 near=13/58 raw=47/155 sel=58/40 far=0/0 far_raw=0/0 l=0@-1/0@-1 far_l=0@-1/0@-1 straight=0/1 far_straight=0/0 circle_cnt=0/0/0/0 lost=0/0 conf=20.8/17.4/0.0/0.0 dist=0 begin=0/0 m0=(84,119) ml=(58,93) md=41/1/86 cxcy=84.0,119.6 guide=27.21 atg=-60.0/-60.0/-60.0 pure=9.54/9.47 yaw=-2177 cmd=-2577 actual=-1586 signed=0 rps=7080/17:6914/5590 duty=15/0 pwm=PWM2:15/PWM1:0 motor=2:15/1:0
CrossDiag: type=CROSS_NONE track=1 half_lr=0/0 nearL=0@-1/0@-1 nearNum=13/58 centerNum=13/58 farL=0@-1/0@-1 farNum=0/0 farRaw=0/0 lost=0/0 not_have=0 final=58/40 flags=0/0
LineErr: aim=41 cxcy=84.0,119.6 left=1:25.94@53,79 dx=-31.2 idx=0/12 dist=29/29 right=1:23.20@64,96 dx=-20.1 idx=5/27 dist=40/97 sel=1:29.01@56,92 dx=-28.1 idx=0/20 dist=40/78 edge=1:20.18@65.0,91.0 dx=-19.0 width=52.8 l=41,102 r=89,80
CxScan: raw_ref=80.0 edge=65.0,91.0 best_raw_x=30 best_err=-0.19 best_cxcy=64.8,119.4 scan=0:-12.8,10:-8.7,20:-4.4,30:-0.2,40:4.1,50:8.3,60:12.4,70:16.4,80:20.2,90:23.8,100:27.3,110:30.5,120:33.5,130:36.3,140:39.0
ATGSeedDiag: seed=1@31,108/1@153,108 begin=7,108 block=5 clip=8
ATGLptDiag: best=1(20.8) imip=0/11 pass=10111 acc=-1 ipm=62.5,114.1 inv=30.9,98.8 | 10(17.4) imip=0/20 pass=10111 acc=-1 ipm=106.0,95.5 inv=107.9,61.0
frame=481 line=1 track=1 cross=0 circle=0(CIRCLE_NONE) round=0 yroad=0 ramp=0 road=3 speed=0 near=13/58 raw=46/155 sel=58/41 far=0/0 far_raw=0/0 l=0@-1/0@-1 far_l=0@-1/0@-1 straight=0/1 far_straight=0/0 circle_cnt=0/0/0/0 lost=0/0 conf=21.1/17.8/0.0/0.0 dist=0 begin=0/0 m0=(84,119) ml=(58,93) md=41/1/88 cxcy=84.0,119.6 guide=27.38 atg=-60.0/-60.0/-60.0 pure=9.64/9.46 yaw=-2191 cmd=-2591 actual=-1611 signed=0 rps=7090/0:7348/5801 duty=15/0 pwm=PWM2:15/PWM1:0 motor=2:15/1:0
CrossDiag: type=CROSS_NONE track=1 half_lr=0/0 nearL=0@-1/0@-1 nearNum=13/58 centerNum=13/58 farL=0@-1/0@-1 farNum=0/0 farRaw=0/0 lost=0/0 not_have=0 final=58/41 flags=0/0
LineErr: aim=41 cxcy=84.0,119.6 left=1:26.36@52,79 dx=-31.7 idx=0/12 dist=28/28 right=1:23.21@64,96 dx=-20.1 idx=5/27 dist=41/98 sel=1:29.52@56,93 dx=-28.4 idx=0/20 dist=40/80 edge=1:20.18@65.0,91.0 dx=-19.0 width=52.8 l=41,102 r=89,80
CxScan: raw_ref=80.0 edge=65.0,91.0 best_raw_x=30 best_err=-0.19 best_cxcy=64.8,119.4 scan=0:-12.8,10:-8.7,20:-4.4,30:-0.2,40:4.1,50:8.3,60:12.4,70:16.4,80:20.2,90:23.8,100:27.3,110:30.5,120:33.5,130:36.3,140:39.0
ATGSeedDiag: seed=1@31,108/1@153,108 begin=7,108 block=5 clip=8
ATGLptDiag: best=1(21.1) imip=0/11 pass=10111 acc=-1 ipm=62.4,114.1 inv=30.8,98.8 | 10(17.8) imip=0/20 pass=10111 acc=-1 ipm=106.0,95.5 inv=107.9,61.1
frame=482 line=1 track=1 cross=0 circle=0(CIRCLE_NONE) round=0 yroad=0 ramp=0 road=3 speed=0 near=13/57 raw=46/155 sel=57/39 far=0/0 far_raw=0/0 l=0@-1/0@-1 far_l=0@-1/0@-1 straight=0/1 far_straight=0/0 circle_cnt=0/0/0/0 lost=0/0 conf=20.7/18.4/0.0/0.0 dist=0 begin=0/0 m0=(84,119) ml=(57,93) md=41/1/85 cxcy=84.0,119.6 guide=28.48 atg=-60.0/-60.0/-60.0 pure=9.67/9.57 yaw=-2278 cmd=-2678 actual=-1636 signed=0 rps=7152/0:7173/5613 duty=15/0 pwm=PWM2:15/PWM1:0 motor=2:15/1:0
CrossDiag: type=CROSS_NONE track=1 half_lr=0/0 nearL=0@-1/0@-1 nearNum=13/57 centerNum=13/57 farL=0@-1/0@-1 farNum=0/0 farRaw=0/0 lost=0/0 not_have=0 final=57/39 flags=0/0
LineErr: aim=41 cxcy=84.0,119.6 left=1:26.68@52,79 dx=-32.1 idx=0/12 dist=28/28 right=1:24.76@62,95 dx=-21.9 idx=6/28 dist=41/96 sel=1:30.76@54,93 dx=-29.7 idx=0/20 dist=40/76 edge=1:20.67@64.5,91.0 dx=-19.5 width=53.7 l=40,102 r=89,80
CxScan: raw_ref=80.0 edge=64.5,91.0 best_raw_x=30 best_err=0.37 best_cxcy=64.8,119.4 scan=0:-12.3,10:-8.1,20:-3.9,30:0.4,40:4.6,50:8.8,60:12.9,70:16.9,80:20.7,90:24.3,100:27.7,110:30.9,120:33.9,130:36.7,140:39.3
ATGSeedDiag: seed=1@32,108/1@153,108 begin=7,108 block=5 clip=8
ATGLptDiag: best=1(20.7) imip=0/11 pass=10111 acc=-1 ipm=62.4,114.2 inv=30.6,99.0 | 10(18.4) imip=0/20 pass=10111 acc=-1 ipm=105.8,95.6 inv=107.7,61.2
frame=483 line=1 track=1 cross=0 circle=0(CIRCLE_NONE) round=0 yroad=0 ramp=0 road=3 speed=0 near=13/57 raw=44/155 sel=57/39 far=0/0 far_raw=0/0 l=0@-1/0@-1 far_l=0@-1/0@-1 straight=0/1 far_straight=0/0 circle_cnt=0/0/0/0 lost=0/0 conf=26.3/15.6/0.0/0.0 dist=0 begin=0/0 m0=(84,119) ml=(58,94) md=40/1/85 cxcy=84.0,119.6 guide=28.88 atg=-60.0/-60.0/-60.0 pure=9.67/9.58 yaw=-2310 cmd=-2710 actual=-1662 signed=0 rps=7174/0:7432/5752 duty=15/0 pwm=PWM2:15/PWM1:0 motor=2:15/1:0
CrossDiag: type=CROSS_NONE track=1 half_lr=0/0 nearL=0@-1/0@-1 nearNum=13/57 centerNum=13/57 farL=0@-1/0@-1 farNum=0/0 farRaw=0/0 lost=0/0 not_have=0 final=57/39 flags=0/0
LineErr: aim=41 cxcy=84.0,119.6 left=1:27.32@51,79 dx=-33.0 idx=0/12 dist=28/28 right=1:24.23@63,96 dx=-20.9 idx=6/27 dist=40/96 sel=1:31.18@54,93 dx=-30.1 idx=0/20 dist=40/76 edge=1:21.15@64.0,91.0 dx=-20.0 width=52.8 l=40,102 r=88,80
CxScan: raw_ref=80.0 edge=64.0,91.0 best_raw_x=30 best_err=0.92 best_cxcy=64.8,119.4 scan=0:-11.7,10:-7.6,20:-3.3,30:0.9,40:5.2,50:9.4,60:13.4,70:17.4,80:21.2,90:24.7,100:28.1,110:31.3,120:34.3,130:37.0,140:39.6
ATGSeedDiag: seed=1@31,107/1@153,108 begin=7,108 block=5 clip=8
ATGLptDiag: best=2(26.3) imip=0/12 pass=10111 acc=-1 ipm=60.5,112.2 inv=28.8,93.4 | 5(15.6) imip=0/15 pass=10111 acc=-1 ipm=111.9,105.4 inv=126.5,76.6
frame=484 line=1 track=1 cross=0 circle=0(CIRCLE_NONE) round=0 yroad=0 ramp=0 road=3 speed=0 near=12/57 raw=43/155 sel=57/39 far=0/0 far_raw=0/0 l=0@-1/0@-1 far_l=0@-1/0@-1 straight=0/1 far_straight=0/0 circle_cnt=0/0/0/0 lost=0/0 conf=26.8/15.6/0.0/0.0 dist=0 begin=0/0 m0=(84,119) ml=(56,94) md=41/1/84 cxcy=84.0,119.6 guide=29.94 atg=-60.0/-60.0/-60.0 pure=9.67/9.59 yaw=-2395 cmd=-2795 actual=-1690 signed=0 rps=7234/0:7546/5714 duty=15/0 pwm=PWM2:15/PWM1:0 motor=2:15/1:0
CrossDiag: type=CROSS_NONE track=1 half_lr=0/0 nearL=0@-1/0@-1 nearNum=12/57 centerNum=12/57 farL=0@-1/0@-1 farNum=0/0 farRaw=0/0 lost=0/0 not_have=0 final=57/39 flags=0/0
LineErr: aim=41 cxcy=84.0,119.6 left=1:25.29@54,80 dx=-29.6 idx=0/11 dist=24/24 right=1:25.36@62,96 dx=-22.4 idx=6/28 dist=40/95 sel=1:31.48@54,93 dx=-30.3 idx=0/20 dist=40/76 edge=1:20.36@65.0,91.5 dx=-19.0 width=51.4 l=42,103 r=88,80
CxScan: raw_ref=80.0 edge=65.0,91.5 best_raw_x=30 best_err=-0.19 best_cxcy=64.8,119.4 scan=0:-12.9,10:-8.7,20:-4.5,30:-0.2,40:4.1,50:8.4,60:12.5,70:16.5,80:20.4,90:24.0,100:27.5,110:30.7,120:33.8,130:36.6,140:39.2
ATGSeedDiag: seed=1@31,107/1@153,108 begin=7,108 block=5 clip=8
ATGLptDiag: best=1(26.8) imip=0/11 pass=10111 acc=-1 ipm=62.1,114.0 inv=30.2,98.3 | 5(15.6) imip=0/15 pass=10111 acc=-1 ipm=111.9,105.4 inv=126.5,76.6
frame=486 line=1 track=1 cross=0 circle=0(CIRCLE_NONE) round=0 yroad=0 ramp=0 road=3 speed=0 near=12/56 raw=43/155 sel=56/38 far=0/0 far_raw=0/0 l=0@-1/0@-1 far_l=0@-1/0@-1 straight=0/1 far_straight=0/0 circle_cnt=0/0/0/0 lost=0/0 conf=26.7/17.5/0.0/0.0 dist=0 begin=0/0 m0=(84,119) ml=(58,96) md=40/1/83 cxcy=84.0,119.6 guide=29.75 atg=-60.0/-60.0/-60.0 pure=10.01/9.85 yaw=-2380 cmd=-2780 actual=-1747 signed=0 rps=7223/0:6939/5018 duty=16/0 pwm=PWM2:16/PWM1:0 motor=2:16/1:0
CrossDiag: type=CROSS_NONE track=1 half_lr=0/0 nearL=0@-1/0@-1 nearNum=12/56 centerNum=12/56 farL=0@-1/0@-1 farNum=0/0 farRaw=0/0 lost=0/0 not_have=0 final=56/38 flags=0/0
LineErr: aim=41 cxcy=84.0,119.6 left=1:25.80@54,81 dx=-30.0 idx=0/11 dist=24/24 right=1:25.55@62,96 dx=-22.1 idx=6/28 dist=41/93 sel=1:32.01@54,94 dx=-30.3 idx=0/20 dist=40/74 edge=1:20.73@65.0,92.5 dx=-19.0 width=51.4 l=42,104 r=88,81
CxScan: raw_ref=80.0 edge=65.0,92.5 best_raw_x=30 best_err=-0.19 best_cxcy=64.8,119.4 scan=0:-13.2,10:-8.9,20:-4.6,30:-0.2,40:4.2,50:8.5,60:12.7,70:16.8,80:20.7,90:24.4,100:27.9,110:31.2,120:34.3,130:37.1,140:39.8
ATGSeedDiag: seed=1@32,108/1@154,108 begin=7,108 block=5 clip=8
ATGLptDiag: best=1(26.7) imip=0/11 pass=10111 acc=-1 ipm=62.2,114.3 inv=30.1,99.3 | 10(17.5) imip=0/20 pass=10111 acc=-1 ipm=105.5,95.9 inv=107.4,61.6
frame=487 line=1 track=1 cross=0 circle=0(CIRCLE_NONE) round=0 yroad=0 ramp=0 road=3 speed=0 near=12/56 raw=42/157 sel=56/37 far=0/0 far_raw=0/0 l=0@-1/0@-1 far_l=0@-1/0@-1 straight=0/1 far_straight=0/0 circle_cnt=0/0/0/0 lost=0/0 conf=26.3/17.5/0.0/0.0 dist=0 begin=0/0 m0=(84,119) ml=(57,96) md=40/1/81 cxcy=84.0,119.6 guide=30.76 atg=-60.0/-60.0/-60.0 pure=10.01/9.94 yaw=-2461 cmd=-2861 actual=-1769 signed=0 rps=7280/0:6670/4855 duty=16/0 pwm=PWM2:16/PWM1:0 motor=2:16/1:0
CrossDiag: type=CROSS_NONE track=1 half_lr=0/0 nearL=0@-1/0@-1 nearNum=12/56 centerNum=12/56 farL=0@-1/0@-1 farNum=0/0 farRaw=0/0 lost=0/0 not_have=0 final=56/37 flags=0/0
LineErr: aim=41 cxcy=84.0,119.6 left=1:26.21@54,81 dx=-30.5 idx=0/11 dist=24/24 right=1:25.97@62,97 dx=-22.1 idx=7/28 dist=40/92 sel=1:32.90@53,94 dx=-31.4 idx=0/20 dist=40/72 edge=1:23.05@62.0,91.0 dx=-22.0 width=47.7 l=42,104 r=82,78
CxScan: raw_ref=80.0 edge=62.0,91.0 best_raw_x=25 best_err=1.01 best_cxcy=62.9,119.4 scan=0:-9.6,10:-5.4,20:-1.1,30:3.1,40:7.4,50:11.5,60:15.5,70:19.4,80:23.1,90:26.5,100:29.8,110:32.9,120:35.8,130:38.4,140:40.9
ATGSeedDiag: seed=1@32,108/1@155,108 begin=7,108 block=5 clip=8
ATGLptDiag: best=1(26.3) imip=0/11 pass=10111 acc=-1 ipm=62.2,114.3 inv=30.0,99.4 | 6(17.5) imip=0/16 pass=10111 acc=-1 ipm=111.2,103.6 inv=123.3,73.4
frame=488 line=1 track=1 cross=0 circle=0(CIRCLE_NONE) round=0 yroad=0 ramp=0 road=3 speed=0 near=12/56 raw=41/156 sel=56/38 far=0/0 far_raw=0/0 l=0@-1/0@-1 far_l=0@-1/0@-1 straight=0/1 far_straight=0/0 circle_cnt=0/0/0/0 lost=0/0 conf=25.4/17.0/0.0/0.0 dist=0 begin=0/0 m0=(84,119) ml=(57,95) md=41/1/83 cxcy=84.0,119.6 guide=30.25 atg=-60.0/-60.0/-60.0 pure=10.01/9.98 yaw=-2420 cmd=-2820 actual=-1775 signed=0 rps=7251/0:7119/5174 duty=16/0 pwm=PWM2:16/PWM1:0 motor=2:16/1:0
CrossDiag: type=CROSS_NONE track=1 half_lr=0/0 nearL=0@-1/0@-1 nearNum=12/56 centerNum=12/56 farL=0@-1/0@-1 farNum=0/0 farRaw=0/0 lost=0/0 not_have=0 final=56/38 flags=0/0
LineErr: aim=41 cxcy=84.0,119.6 left=1:26.48@53,81 dx=-30.8 idx=0/11 dist=24/24 right=1:25.79@62,97 dx=-22.1 idx=7/28 dist=40/92 sel=1:32.42@53,94 dx=-31.0 idx=0/20 dist=40/74 edge=1:21.53@64.0,92.0 dx=-20.0 width=50.1 l=42,104 r=86,80
CxScan: raw_ref=80.0 edge=64.0,92.0 best_raw_x=30 best_err=0.94 best_cxcy=64.8,119.4 scan=0:-12.0,10:-7.7,20:-3.4,30:0.9,40:5.3,50:9.5,60:13.7,70:17.7,80:21.5,90:25.2,100:28.6,110:31.8,120:34.8,130:37.6,140:40.2
ATGSeedDiag: seed=1@32,108/1@155,108 begin=7,108 block=5 clip=8
ATGLptDiag: best=1(25.4) imip=0/11 pass=10111 acc=-1 ipm=62.1,114.4 inv=29.8,99.5 | 8(17.0) imip=0/18 pass=10111 acc=-1 ipm=108.7,99.5 inv=115.1,66.7
frame=490 line=1 track=1 cross=0 circle=0(CIRCLE_NONE) round=0 yroad=0 ramp=0 road=3 speed=0 near=11/56 raw=41/156 sel=56/38 far=0/0 far_raw=0/0 l=0@-1/0@-1 far_l=0@-1/0@-1 straight=0/1 far_straight=0/0 circle_cnt=0/0/0/0 lost=0/0 conf=19.6/15.1/0.0/0.0 dist=0 begin=0/0 m0=(84,119) ml=(55,95) md=41/1/82 cxcy=84.0,119.6 guide=31.59 atg=-60.0/-60.0/-60.0 pure=10.01/9.93 yaw=-2527 cmd=-2927 actual=-1796 signed=0 rps=7327/0:7300/5448 duty=16/0 pwm=PWM2:16/PWM1:0 motor=2:16/1:0
CrossDiag: type=CROSS_NONE track=1 half_lr=0/0 nearL=0@-1/0@-1 nearNum=11/56 centerNum=11/56 farL=0@-1/0@-1 farNum=0/0 farRaw=0/0 lost=0/0 not_have=0 final=56/38 flags=0/0
LineErr: aim=41 cxcy=84.0,119.6 left=1:24.61@56,82 dx=-27.7 idx=0/10 dist=20/20 right=1:26.21@62,97 dx=-22.4 idx=7/28 dist=40/92 sel=1:32.92@53,94 dx=-31.5 idx=0/20 dist=40/74 edge=1:23.58@61.0,90.0 dx=-23.0 width=45.3 l=44,105 r=78,75
CxScan: raw_ref=80.0 edge=61.0,90.0 best_raw_x=20 best_err=-0.01 best_cxcy=61.0,119.4 scan=0:-8.3,10:-4.2,20:-0.0,30:4.2,40:8.3,50:12.3,60:16.2,70:20.0,80:23.6,90:27.0,100:30.2,110:33.2,120:36.0,130:38.6,140:41.0
ATGSeedDiag: seed=1@31,108/1@155,108 begin=7,108 block=5 clip=8
ATGLptDiag: best=3(19.6) imip=0/10 pass=10111 acc=-1 ipm=58.4,111.4 inv=25.4,91.3 | 3(15.1) imip=0/13 pass=10111 acc=-1 ipm=114.2,109.7 inv=136.9,85.9
frame=491 line=1 track=1 cross=0 circle=0(CIRCLE_NONE) round=0 yroad=0 ramp=0 road=3 speed=0 near=11/55 raw=39/156 sel=55/37 far=0/0 far_raw=0/0 l=0@-1/0@-1 far_l=0@-1/0@-1 straight=0/1 far_straight=0/0 circle_cnt=0/0/0/0 lost=0/0 conf=20.3/14.8/0.0/0.0 dist=0 begin=0/0 m0=(84,119) ml=(56,96) md=40/1/81 cxcy=84.0,119.6 guide=31.73 atg=-60.0/-60.0/-60.0 pure=10.32/10.08 yaw=-2538 cmd=-2938 actual=-1807 signed=0 rps=7335/0:7602/5776 duty=15/0 pwm=PWM2:15/PWM1:0 motor=2:15/1:0
CrossDiag: type=CROSS_NONE track=1 half_lr=0/0 nearL=0@-1/0@-1 nearNum=11/55 centerNum=11/55 farL=0@-1/0@-1 farNum=0/0 farRaw=0/0 lost=0/0 not_have=0 final=55/37 flags=0/0
LineErr: aim=41 cxcy=84.0,119.6 left=1:25.15@56,82 dx=-28.3 idx=0/10 dist=20/20 right=1:28.28@60,97 dx=-24.5 idx=7/29 dist=41/90 sel=1:33.85@52,95 dx=-32.1 idx=0/20 dist=40/72 edge=1:25.59@59.0,90.5 dx=-25.0 width=43.2 l=43,105 r=75,76
CxScan: raw_ref=80.0 edge=59.0,90.5 best_raw_x=15 best_err=0.07 best_cxcy=59.1,119.4 scan=0:-6.3,10:-2.0,20:2.2,30:6.4,40:10.5,50:14.5,60:18.4,70:22.1,80:25.6,90:28.9,100:32.0,110:34.9,120:37.6,130:40.1,140:42.5
ATGSeedDiag: seed=1@31,108/1@155,108 begin=7,108 block=5 clip=8
ATGLptDiag: best=1(20.3) imip=0/10 pass=10111 acc=-1 ipm=61.8,114.5 inv=29.0,99.9 | 2(14.8) imip=0/12 pass=10111 acc=-1 ipm=114.6,112.3 inv=142.3,92.3
frame=492 line=1 track=1 cross=0 circle=0(CIRCLE_NONE) round=0 yroad=0 ramp=0 road=3 speed=0 near=11/55 raw=38/156 sel=55/37 far=0/0 far_raw=0/0 l=0@-1/0@-1 far_l=0@-1/0@-1 straight=0/1 far_straight=0/0 circle_cnt=0/0/0/0 lost=0/0 conf=23.2/15.6/0.0/0.0 dist=0 begin=0/0 m0=(84,119) ml=(56,97) md=40/1/81 cxcy=84.0,119.6 guide=32.31 atg=-60.0/-60.0/-60.0 pure=10.32/10.21 yaw=-2585 cmd=-2985 actual=-1828 signed=0 rps=7367/0:7192/5479 duty=16/0 pwm=PWM2:16/PWM1:0 motor=2:16/1:0
CrossDiag: type=CROSS_NONE track=1 half_lr=0/0 nearL=0@-1/0@-1 nearNum=11/55 centerNum=11/55 farL=0@-1/0@-1 farNum=0/0 farRaw=0/0 lost=0/0 not_have=0 final=55/37 flags=0/0
LineErr: aim=41 cxcy=84.0,119.6 left=1:25.60@55,82 dx=-28.9 idx=0/10 dist=20/20 right=1:28.48@60,98 dx=-24.3 idx=7/29 dist=41/90 sel=1:34.54@51,95 dx=-32.5 idx=0/20 dist=40/72 edge=1:26.47@58.0,90.5 dx=-26.0 width=43.1 l=43,106 r=73,75
CxScan: raw_ref=80.0 edge=58.0,90.5 best_raw_x=10 best_err=-0.94 best_cxcy=57.1,119.4 scan=0:-5.2,10:-0.9,20:3.3,30:7.5,40:11.6,50:15.5,60:19.4,70:23.0,80:26.5,90:29.7,100:32.8,110:35.6,120:38.3,130:40.8,140:43.1
ATGSeedDiag: seed=1@31,108/1@155,108 begin=7,108 block=5 clip=8
ATGLptDiag: best=1(23.2) imip=0/10 pass=10111 acc=-1 ipm=61.6,114.4 inv=28.6,99.7 | 53(15.6) imip=43/54 pass=10111 acc=-1 ipm=13.8,68.3 inv=6.2,38.2
frame=493 line=1 track=1 cross=0 circle=0(CIRCLE_NONE) round=0 yroad=0 ramp=0 road=3 speed=0 near=11/55 raw=37/155 sel=55/37 far=0/0 far_raw=0/0 l=0@-1/0@-1 far_l=0@-1/0@-1 straight=0/1 far_straight=0/0 circle_cnt=0/0/0/0 lost=0/0 conf=21.0/16.3/0.0/0.0 dist=0 begin=0/0 m0=(84,119) ml=(54,96) md=41/1/80 cxcy=84.0,119.6 guide=33.00 atg=-60.0/-60.0/-60.0 pure=10.32/10.21 yaw=-2640 cmd=-3040 actual=-1843 signed=0 rps=7407/0:7243/5623 duty=16/0 pwm=PWM2:16/PWM1:0 motor=2:16/1:0
CrossDiag: type=CROSS_NONE track=1 half_lr=0/0 nearL=0@-1/0@-1 nearNum=11/55 centerNum=11/55 farL=0@-1/0@-1 farNum=0/0 farRaw=0/0 lost=0/0 not_have=0 final=55/37 flags=0/0
LineErr: aim=41 cxcy=84.0,119.6 left=1:25.85@55,82 dx=-29.2 idx=0/10 dist=20/20 right=1:27.41@61,99 dx=-22.9 idx=7/28 dist=40/90 sel=1:34.48@52,95 dx=-32.5 idx=0/20 dist=40/72 edge=1:26.91@57.5,90.5 dx=-26.5 width=42.4 l=43,106 r=72,75
CxScan: raw_ref=80.0 edge=57.5,90.5 best_raw_x=10 best_err=-0.39 best_cxcy=57.1,119.4 scan=0:-4.6,10:-0.4,20:3.8,30:8.0,40:12.1,50:16.1,60:19.9,70:23.5,80:26.9,90:30.1,100:33.2,110:36.0,120:38.6,130:41.1,140:43.3
ATGSeedDiag: seed=1@31,108/1@155,108 begin=7,108 block=5 clip=8
ATGLptDiag: best=1(21.0) imip=0/10 pass=10111 acc=-1 ipm=61.5,114.5 inv=28.3,99.9 | 10(16.3) imip=0/20 pass=10111 acc=-1 ipm=104.9,96.4 inv=106.9,62.2
frame=494 line=1 track=1 cross=0 circle=0(CIRCLE_NONE) round=0 yroad=0 ramp=0 road=3 speed=0 near=10/55 raw=37/155 sel=55/37 far=0/0 far_raw=0/0 l=0@-1/0@-1 far_l=0@-1/0@-1 straight=0/1 far_straight=0/0 circle_cnt=0/0/0/0 lost=0/0 conf=18.4/13.8/0.0/0.0 dist=0 begin=0/0 m0=(84,119) ml=(56,97) md=40/1/81 cxcy=84.0,119.6 guide=31.98 atg=-60.0/-60.0/-60.0 pure=10.32/10.13 yaw=-2558 cmd=-2958 actual=-1857 signed=0 rps=7349/0:7116/5573 duty=16/0 pwm=PWM2:16/PWM1:0 motor=2:16/1:0
CrossDiag: type=CROSS_NONE track=1 half_lr=0/0 nearL=0@-1/0@-1 nearNum=10/55 centerNum=10/55 farL=0@-1/0@-1 farNum=0/0 farRaw=0/0 lost=0/0 not_have=0 final=55/37 flags=0/0
LineErr: aim=41 cxcy=84.0,119.6 left=1:24.17@57,83 dx=-26.6 idx=0/9 dist=18/18 right=1:27.04@61,98 dx=-22.7 idx=7/28 dist=40/91 sel=1:34.19@52,95 dx=-32.2 idx=0/20 dist=40/72 edge=1:25.59@59.0,90.5 dx=-25.0 width=41.8 l=45,106 r=73,75
CxScan: raw_ref=80.0 edge=59.0,90.5 best_raw_x=15 best_err=0.07 best_cxcy=59.1,119.4 scan=0:-6.3,10:-2.0,20:2.2,30:6.4,40:10.5,50:14.5,60:18.4,70:22.1,80:25.6,90:28.9,100:32.0,110:34.9,120:37.6,130:40.1,140:42.5
ATGSeedDiag: seed=1@31,108/1@155,108 begin=7,108 block=5 clip=8
ATGLptDiag: best=1(18.4) imip=0/9 pass=10111 acc=-1 ipm=61.4,114.5 inv=28.0,100.1 | 1(13.8) imip=0/11 pass=10111 acc=-1 ipm=115.2,114.3 inv=147.6,98.0
frame=495 line=1 track=1 cross=0 circle=0(CIRCLE_NONE) round=0 yroad=0 ramp=0 road=3 speed=0 near=10/55 raw=36/155 sel=55/37 far=0/0 far_raw=0/0 l=0@-1/0@-1 far_l=0@-1/0@-1 straight=0/1 far_straight=0/0 circle_cnt=0/0/0/0 lost=0/0 conf=16.6/16.3/0.0/0.0 dist=0 begin=0/0 m0=(84,119) ml=(54,96) md=41/1/79 cxcy=84.0,119.6 guide=32.51 atg=-60.0/-60.0/-60.0 pure=10.32/10.20 yaw=-2601 cmd=-3001 actual=-1874 signed=0 rps=7379/0:6772/5160 duty=17/0 pwm=PWM2:17/PWM1:0 motor=2:17/1:0
CrossDiag: type=CROSS_NONE track=1 half_lr=0/0 nearL=0@-1/0@-1 nearNum=10/55 centerNum=10/55 farL=0@-1/0@-1 farNum=0/0 farRaw=0/0 lost=0/0 not_have=0 final=55/37 flags=0/0
LineErr: aim=41 cxcy=84.0,119.6 left=1:24.56@57,83 dx=-27.1 idx=0/9 dist=18/18 right=1:27.05@61,98 dx=-22.7 idx=7/28 dist=41/92 sel=1:34.11@52,95 dx=-32.0 idx=0/20 dist=40/72 edge=1:24.90@60.0,91.0 dx=-24.0 width=43.9 l=45,107 r=75,75
CxScan: raw_ref=80.0 edge=60.0,91.0 best_raw_x=15 best_err=-1.04 best_cxcy=59.1,119.4 scan=0:-7.4,10:-3.2,20:1.1,30:5.3,40:9.5,50:13.6,60:17.6,70:21.3,80:24.9,90:28.3,100:31.4,110:34.4,120:37.2,130:39.8,140:42.1
ATGSeedDiag: seed=1@30,108/1@155,107 begin=7,108 block=5 clip=8
ATGLptDiag: best=2(16.6) imip=0/9 pass=10111 acc=-1 ipm=59.5,113.1 inv=25.6,96.0 | 53(16.3) imip=43/54 pass=10111 acc=-1 ipm=13.6,68.3 inv=6.0,38.2
frame=496 line=1 track=1 cross=0 circle=0(CIRCLE_NONE) round=0 yroad=0 ramp=0 road=3 speed=0 near=10/54 raw=36/155 sel=54/37 far=0/0 far_raw=0/0 l=0@-1/0@-1 far_l=0@-1/0@-1 straight=0/1 far_straight=0/0 circle_cnt=0/0/0/0 lost=0/0 conf=15.7/15.1/0.0/0.0 dist=0 begin=0/0 m0=(84,119) ml=(54,96) md=41/1/80 cxcy=84.0,119.6 guide=32.87 atg=-60.0/-60.0/-60.0 pure=10.62/10.26 yaw=-2630 cmd=-3030 actual=-1881 signed=0 rps=7399/0:7140/5159 duty=16/0 pwm=PWM2:16/PWM1:0 motor=2:16/1:0
CrossDiag: type=CROSS_NONE track=1 half_lr=0/0 nearL=0@-1/0@-1 nearNum=10/54 centerNum=10/54 farL=0@-1/0@-1 farNum=0/0 farRaw=0/0 lost=0/0 not_have=0 final=54/37 flags=0/0
LineErr: aim=41 cxcy=84.0,119.6 left=1:24.96@56,84 dx=-27.6 idx=0/9 dist=18/18 right=1:27.40@61,99 dx=-22.9 idx=7/28 dist=41/91 sel=1:34.45@52,96 dx=-32.2 idx=0/20 dist=40/72 edge=1:25.57@59.5,91.5 dx=-24.5 width=42.4 l=45,107 r=74,76
CxScan: raw_ref=80.0 edge=59.5,91.5 best_raw_x=15 best_err=-0.49 best_cxcy=59.1,119.4 scan=0:-6.9,10:-2.6,20:1.7,30:6.0,40:10.2,50:14.3,60:18.2,70:22.0,80:25.6,90:28.9,100:32.1,110:35.1,120:37.8,130:40.4,140:42.7
ATGSeedDiag: seed=1@30,108/1@155,107 begin=7,108 block=5 clip=8
ATGLptDiag: best=1(15.7) imip=0/9 pass=10111 acc=-1 ipm=61.2,114.6 inv=27.5,100.4 | 4(15.1) imip=0/14 pass=10111 acc=-1 ipm=113.2,107.4 inv=131.6,80.7
frame=497 line=1 track=1 cross=0 circle=0(CIRCLE_NONE) round=0 yroad=0 ramp=0 road=3 speed=0 near=10/54 raw=35/155 sel=54/36 far=0/0 far_raw=0/0 l=0@-1/0@-1 far_l=0@-1/0@-1 straight=0/1 far_straight=0/0 circle_cnt=0/0/0/0 lost=0/0 conf=17.9/14.3/0.0/0.0 dist=0 begin=0/0 m0=(84,119) ml=(52,97) md=42/1/78 cxcy=84.0,119.6 guide=33.76 atg=-60.0/-60.0/-60.0 pure=10.59/10.40 yaw=-2701 cmd=-3101 actual=-1893 signed=0 rps=7449/0:7151/4899 duty=16/0 pwm=PWM2:16/PWM1:0 motor=2:16/1:0
CrossDiag: type=CROSS_NONE track=1 half_lr=0/0 nearL=0@-1/0@-1 nearNum=10/54 centerNum=10/54 farL=0@-1/0@-1 farNum=0/0 farRaw=0/0 lost=0/0 not_have=0 final=54/36 flags=0/0
LineErr: aim=41 cxcy=84.0,119.6 left=1:25.62@56,84 dx=-28.3 idx=0/9 dist=18/18 right=1:29.07@59,98 dx=-24.7 idx=8/29 dist=41/88 sel=1:35.78@50,96 dx=-33.8 idx=0/20 dist=40/70 edge=1:27.35@57.0,90.5 dx=-27.0 width=42.0 l=44,107 r=70,74
CxScan: raw_ref=80.0 edge=57.0,90.5 best_raw_x=10 best_err=0.16 best_cxcy=57.1,119.4 scan=0:-4.1,10:0.2,20:4.4,30:8.5,40:12.6,50:16.6,60:20.3,70:23.9,80:27.3,90:30.5,100:33.5,110:36.3,120:39.0,130:41.4,140:43.6
ATGSeedDiag: seed=1@30,108/1@155,106 begin=7,108 block=5 clip=8
ATGLptDiag: best=1(17.9) imip=0/9 pass=10111 acc=-1 ipm=61.0,114.6 inv=26.9,100.3 | 2(14.3) imip=0/12 pass=10111 acc=-1 ipm=114.9,111.7 inv=141.8,90.8
frame=498 line=1 track=1 cross=0 circle=0(CIRCLE_NONE) round=0 yroad=0 ramp=0 road=3 speed=0 near=9/54 raw=33/155 sel=54/36 far=0/0 far_raw=0/0 l=0@-1/0@-1 far_l=0@-1/0@-1 straight=0/1 far_straight=0/0 circle_cnt=0/0/0/0 lost=0/0 conf=16.5/14.9/0.0/0.0 dist=0 begin=0/0 m0=(84,119) ml=(52,97) md=41/1/77 cxcy=84.0,119.6 guide=34.75 atg=-60.0/-60.0/-60.0 pure=10.58/10.42 yaw=-2780 cmd=-3180 actual=-1897 signed=0 rps=7505/0:7604/5089 duty=16/0 pwm=PWM2:16/PWM1:0 motor=2:16/1:0
CrossDiag: type=CROSS_NONE track=1 half_lr=0/0 nearL=0@-1/0@-1 nearNum=9/54 centerNum=9/54 farL=0@-1/0@-1 farNum=0/0 farRaw=0/0 lost=0/0 not_have=0 final=54/36 flags=0/0
LineErr: aim=41 cxcy=84.0,119.6 left=1:24.43@57,84 dx=-26.6 idx=0/8 dist=16/16 right=1:29.36@59,99 dx=-24.9 idx=8/29 dist=41/88 sel=1:36.10@50,96 dx=-34.1 idx=0/20 dist=40/70 edge=1:26.02@59.0,91.5 dx=-25.0 width=42.0 l=46,108 r=72,75
CxScan: raw_ref=80.0 edge=59.0,91.5 best_raw_x=15 best_err=0.07 best_cxcy=59.1,119.4 scan=0:-6.4,10:-2.1,20:2.2,30:6.5,40:10.7,50:14.8,60:18.7,70:22.5,80:26.0,90:29.4,100:32.5,110:35.4,120:38.1,130:40.7,140:43.0
ATGSeedDiag: seed=1@29,107/1@155,107 begin=7,108 block=5 clip=8
ATGLptDiag: best=1(16.5) imip=0/8 pass=10111 acc=-1 ipm=60.4,114.3 inv=25.9,99.5 | 2(14.9) imip=0/12 pass=10111 acc=-1 ipm=114.9,111.7 inv=141.8,90.8
frame=499 line=1 track=1 cross=0 circle=0(CIRCLE_NONE) round=0 yroad=0 ramp=0 road=3 speed=0 near=9/54 raw=33/154 sel=54/36 far=0/0 far_raw=0/0 l=0@-1/0@-1 far_l=0@-1/0@-1 straight=0/1 far_straight=0/0 circle_cnt=0/0/0/0 lost=0/0 conf=16.1/13.4/0.0/0.0 dist=0 begin=0/0 m0=(84,119) ml=(52,97) md=41/1/78 cxcy=84.0,119.6 guide=35.08 atg=-60.0/-60.0/-60.0 pure=10.58/10.34 yaw=-2806 cmd=-3206 actual=-1907 signed=0 rps=7523/0:7396/4959 duty=16/0 pwm=PWM2:16/PWM1:0 motor=2:16/1:0
CrossDiag: type=CROSS_NONE track=1 half_lr=0/0 nearL=0@-1/0@-1 nearNum=9/54 centerNum=9/54 farL=0@-1/0@-1 farNum=0/0 farRaw=0/0 lost=0/0 not_have=0 final=54/36 flags=0/0
LineErr: aim=41 cxcy=84.0,119.6 left=1:24.34@58,85 dx=-26.3 idx=0/8 dist=16/16 right=1:29.50@59,99 dx=-25.0 idx=8/29 dist=40/87 sel=1:36.26@50,96 dx=-34.3 idx=0/20 dist=40/70 edge=1:26.02@59.0,91.5 dx=-25.0 width=42.0 l=46,108 r=72,75
CxScan: raw_ref=80.0 edge=59.0,91.5 best_raw_x=15 best_err=0.07 best_cxcy=59.1,119.4 scan=0:-6.4,10:-2.1,20:2.2,30:6.5,40:10.7,50:14.8,60:18.7,70:22.5,80:26.0,90:29.4,100:32.5,110:35.4,120:38.1,130:40.7,140:43.0
ATGSeedDiag: seed=1@29,108/1@155,107 begin=7,108 block=5 clip=8
ATGLptDiag: best=1(16.1) imip=0/8 pass=10111 acc=-1 ipm=60.5,114.6 inv=25.9,100.4 | 5(13.4) imip=0/15 pass=10111 acc=-1 ipm=111.7,105.5 inv=126.2,76.8
frame=500 line=1 track=1 cross=0 circle=0(CIRCLE_NONE) round=0 yroad=0 ramp=0 road=3 speed=0 near=9/54 raw=32/154 sel=54/35 far=0/0 far_raw=0/0 l=0@-1/0@-1 far_l=0@-1/0@-1 straight=0/1 far_straight=0/0 circle_cnt=0/0/0/0 lost=0/0 conf=14.7/17.9/0.0/0.0 dist=0 begin=0/0 m0=(84,119) ml=(52,97) md=41/1/76 cxcy=84.0,119.6 guide=35.40 atg=-60.0/-60.0/-60.0 pure=10.57/10.40 yaw=-2832 cmd=-3232 actual=-1924 signed=0 rps=7541/0:7574/5318 duty=16/0 pwm=PWM2:16/PWM1:0 motor=2:16/1:0
CrossDiag: type=CROSS_NONE track=1 half_lr=0/0 nearL=0@-1/0@-1 nearNum=9/54 centerNum=9/54 farL=0@-1/0@-1 farNum=0/0 farRaw=0/0 lost=0/0 not_have=0 final=54/35 flags=0/0
LineErr: aim=41 cxcy=84.0,119.6 left=1:24.76@57,85 dx=-26.8 idx=0/8 dist=16/16 right=1:29.72@59,99 dx=-25.1 idx=8/29 dist=40/87 sel=1:36.76@49,96 dx=-34.6 idx=0/20 dist=40/68 edge=1:27.36@57.5,91.5 dx=-26.5 width=40.2 l=46,108 r=69,75
CxScan: raw_ref=80.0 edge=57.5,91.5 best_raw_x=10 best_err=-0.40 best_cxcy=57.1,119.4 scan=0:-4.7,10:-0.4,20:3.9,30:8.2,40:12.3,50:16.4,60:20.2,70:23.9,80:27.4,90:30.6,100:33.7,110:36.5,120:39.2,130:41.6,140:43.9
ATGSeedDiag: seed=1@29,108/1@155,107 begin=7,108 block=5 clip=8
ATGLptDiag: best=1(14.7) imip=0/8 pass=10111 acc=-1 ipm=60.3,114.7 inv=25.4,100.6 | 52(17.9) imip=42/53 pass=10111 acc=-1 ipm=14.6,69.9 inv=5.6,39.1
frame=501 line=1 track=1 cross=0 circle=0(CIRCLE_NONE) round=0 yroad=0 ramp=0 road=3 speed=0 near=9/53 raw=31/154 sel=53/35 far=0/0 far_raw=0/0 l=0@-1/0@-1 far_l=0@-1/0@-1 straight=0/1 far_straight=0/0 circle_cnt=0/0/0/0 lost=0/0 conf=14.8/16.5/0.0/0.0 dist=0 begin=0/0 m0=(84,119) ml=(52,97) md=41/1/76 cxcy=84.0,119.6 guide=35.66 atg=-60.0/-60.0/-60.0 pure=10.85/10.54 yaw=-2852 cmd=-3252 actual=-1938 signed=0 rps=7556/0:7525/5695 duty=16/0 pwm=PWM2:16/PWM1:0 motor=2:16/1:0
CrossDiag: type=CROSS_NONE track=1 half_lr=0/0 nearL=0@-1/0@-1 nearNum=9/53 centerNum=9/53 farL=0@-1/0@-1 farNum=0/0 farRaw=0/0 lost=0/0 not_have=0 final=53/35 flags=0/0
LineErr: aim=41 cxcy=84.0,119.6 left=1:25.28@57,85 dx=-27.4 idx=0/8 dist=16/16 right=1:30.17@59,99 dx=-25.2 idx=8/29 dist=40/85 sel=1:37.06@49,97 dx=-34.7 idx=0/20 dist=40/68 edge=1:27.80@57.0,91.5 dx=-27.0 width=40.8 l=45,108 r=69,75
CxScan: raw_ref=80.0 edge=57.0,91.5 best_raw_x=10 best_err=0.16 best_cxcy=57.1,119.4 scan=0:-4.2,10:0.2,20:4.5,30:8.7,40:12.9,50:16.9,60:20.7,70:24.4,80:27.8,90:31.0,100:34.1,110:36.9,120:39.5,130:41.9,140:44.2
ATGSeedDiag: seed=1@28,108/1@155,107 begin=7,108 block=5 clip=8
ATGLptDiag: best=1(14.8) imip=0/8 pass=10111 acc=-1 ipm=60.0,114.7 inv=24.6,100.7 | 10(16.5) imip=0/20 pass=10111 acc=-1 ipm=104.3,96.5 inv=106.1,62.4
frame=502 line=1 track=1 cross=0 circle=0(CIRCLE_NONE) round=0 yroad=0 ramp=0 road=3 speed=0 near=9/53 raw=30/154 sel=53/35 far=0/0 far_raw=0/0 l=0@-1/0@-1 far_l=0@-1/0@-1 straight=0/1 far_straight=0/0 circle_cnt=0/0/0/0 lost=0/0 conf=14.1/15.3/0.0/0.0 dist=0 begin=0/0 m0=(84,119) ml=(51,98) md=41/1/75 cxcy=84.0,119.6 guide=36.36 atg=-60.0/-60.0/-60.0 pure=10.84/10.62 yaw=-2909 cmd=-3309 actual=-1937 signed=0 rps=7595/0:6923/5574 duty=17/0 pwm=PWM2:17/PWM1:0 motor=2:17/1:0
CrossDiag: type=CROSS_NONE track=1 half_lr=0/0 nearL=0@-1/0@-1 nearNum=9/53 centerNum=9/53 farL=0@-1/0@-1 farNum=0/0 farRaw=0/0 lost=0/0 not_have=0 final=53/35 flags=0/0
LineErr: aim=41 cxcy=84.0,119.6 left=1:25.85@56,85 dx=-28.1 idx=0/8 dist=16/16 right=1:32.10@57,99 dx=-27.3 idx=8/30 dist=41/84 sel=1:37.74@49,97 dx=-35.1 idx=0/20 dist=40/68 edge=1:29.10@55.5,91.5 dx=-28.5 width=39.1 l=45,108 r=66,75
CxScan: raw_ref=80.0 edge=55.5,91.5 best_raw_x=5 best_err=-0.32 best_cxcy=55.2,119.3 scan=0:-2.5,10:1.8,20:6.1,30:10.3,40:14.4,50:18.4,60:22.2,70:25.7,80:29.1,90:32.2,100:35.2,110:37.9,120:40.5,130:42.8,140:45.0
ATGSeedDiag: seed=1@28,108/1@155,107 begin=7,108 block=5 clip=8
ATGLptDiag: best=2(14.1) imip=0/8 pass=10111 acc=-1 ipm=57.9,113.5 inv=21.6,97.0 | 10(15.3) imip=0/20 pass=10111 acc=-1 ipm=104.1,96.6 inv=105.9,62.6
frame=503 line=1 track=1 cross=0 circle=0(CIRCLE_NONE) round=0 yroad=0 ramp=0 road=3 speed=0 near=8/52 raw=29/154 sel=52/34 far=0/0 far_raw=0/0 l=0@-1/0@-1 far_l=0@-1/0@-1 straight=0/1 far_straight=0/0 circle_cnt=0/0/0/0 lost=0/0 conf=14.7/15.3/0.0/0.0 dist=0 begin=0/0 m0=(84,119) ml=(51,98) md=41/1/73 cxcy=84.0,119.6 guide=36.53 atg=-60.0/-60.0/-60.0 pure=10.87/10.77 yaw=-2923 cmd=-3323 actual=-1927 signed=0 rps=7605/0:7108/5686 duty=17/0 pwm=PWM2:17/PWM1:0 motor=2:17/1:0
CrossDiag: type=CROSS_NONE track=1 half_lr=0/0 nearL=0@-1/0@-1 nearNum=8/52 centerNum=8/52 farL=0@-1/0@-1 farNum=0/0 farRaw=0/0 lost=0/0 not_have=0 final=52/34 flags=0/0
LineErr: aim=41 cxcy=84.0,119.6 left=1:24.30@58,86 dx=-25.8 idx=0/7 dist=14/14 right=1:32.29@57,100 dx=-27.3 idx=8/30 dist=41/82 sel=1:37.84@49,98 dx=-35.1 idx=0/20 dist=40/66 edge=1:28.47@56.5,92.0 dx=-27.5 width=38.9 l=47,109 r=66,75
CxScan: raw_ref=80.0 edge=56.5,92.0 best_raw_x=10 best_err=0.73 best_cxcy=57.1,119.4 scan=0:-3.6,10:0.7,20:5.1,30:9.3,40:13.5,50:17.5,60:21.4,70:25.0,80:28.5,90:31.7,100:34.7,110:37.5,120:40.1,130:42.5,140:44.8
ATGSeedDiag: seed=1@27,108/1@155,106 begin=7,108 block=5 clip=8
ATGLptDiag: best=1(14.7) imip=0/7 pass=10111 acc=-1 ipm=59.5,114.7 inv=23.6,100.7 | 4(15.3) imip=0/14 pass=10111 acc=-1 ipm=112.8,107.5 inv=130.9,81.0
frame=504 line=1 track=1 cross=0 circle=0(CIRCLE_NONE) round=0 yroad=0 ramp=0 road=3 speed=0 near=8/52 raw=28/154 sel=52/34 far=0/0 far_raw=0/0 l=0@-1/0@-1 far_l=0@-1/0@-1 straight=0/1 far_straight=0/0 circle_cnt=0/0/0/0 lost=0/0 conf=13.1/15.2/0.0/0.0 dist=0 begin=0/0 m0=(84,119) ml=(52,98) md=40/1/72 cxcy=84.0,119.6 guide=36.26 atg=-60.0/-60.0/-60.0 pure=10.88/10.77 yaw=-2901 cmd=-3301 actual=-1923 signed=0 rps=7590/0:6959/5393 duty=17/0 pwm=PWM2:17/PWM1:0 motor=2:17/1:0
CrossDiag: type=CROSS_NONE track=1 half_lr=0/0 nearL=0@-1/0@-1 nearNum=8/52 centerNum=8/52 farL=0@-1/0@-1 farNum=0/0 farRaw=0/0 lost=0/0 not_have=0 final=52/34 flags=0/0
LineErr: aim=41 cxcy=84.0,119.6 left=1:24.72@58,86 dx=-26.3 idx=0/7 dist=14/14 right=1:30.65@59,100 dx=-25.4 idx=8/29 dist=40/82 sel=1:37.51@49,98 dx=-34.7 idx=0/20 dist=40/66 edge=1:27.38@58.0,92.5 dx=-26.0 width=39.7 l=47,109 r=69,76
CxScan: raw_ref=80.0 edge=58.0,92.5 best_raw_x=10 best_err=-0.98 best_cxcy=57.1,119.4 scan=0:-5.4,10:-1.0,20:3.4,30:7.8,40:12.0,50:16.1,60:20.1,70:23.8,80:27.4,90:30.7,100:33.8,110:36.7,120:39.4,130:41.9,140:44.2
ATGSeedDiag: seed=1@27,108/1@155,106 begin=7,108 block=5 clip=8
ATGLptDiag: best=1(13.1) imip=0/7 pass=10111 acc=-1 ipm=59.4,114.8 inv=23.1,100.9 | 9(15.2) imip=0/19 pass=10111 acc=-1 ipm=105.8,98.1 inv=109.5,64.7
frame=505 line=1 track=1 cross=0 circle=0(CIRCLE_NONE) round=0 yroad=0 ramp=0 road=3 speed=0 near=8/52 raw=27/154 sel=52/34 far=0/0 far_raw=0/0 l=0@-1/0@-1 far_l=0@-1/0@-1 straight=0/1 far_straight=0/0 circle_cnt=0/0/0/0 lost=0/0 conf=13.9/15.5/0.0/0.0 dist=0 begin=0/0 m0=(84,119) ml=(51,98) md=41/1/73 cxcy=84.0,119.6 guide=36.71 atg=-60.0/-60.0/-60.0 pure=11.01/10.82 yaw=-2937 cmd=-3337 actual=-1941 signed=0 rps=7615/0:7538/5641 duty=17/0 pwm=PWM2:17/PWM1:0 motor=2:17/1:0
CrossDiag: type=CROSS_NONE track=1 half_lr=0/0 nearL=0@-1/0@-1 nearNum=8/52 centerNum=8/52 farL=0@-1/0@-1 farNum=0/0 farRaw=0/0 lost=0/0 not_have=0 final=52/34 flags=0/0
LineErr: aim=41 cxcy=84.0,119.6 left=1:25.25@57,86 dx=-26.9 idx=0/7 dist=14/14 right=1:30.61@59,100 dx=-25.2 idx=8/29 dist=40/81 sel=1:37.95@49,98 dx=-35.2 idx=0/20 dist=40/66 edge=1:28.91@56.0,92.0 dx=-28.0 width=39.4 l=46,109 r=66,75
CxScan: raw_ref=80.0 edge=56.0,92.0 best_raw_x=5 best_err=-0.89 best_cxcy=55.2,119.3 scan=0:-3.1,10:1.3,20:5.6,30:9.9,40:14.1,50:18.1,60:21.9,70:25.5,80:28.9,90:32.1,100:35.1,110:37.9,120:40.4,130:42.8,140:45.0
ATGSeedDiag: seed=1@26,108/1@155,106 begin=7,108 block=5 clip=8
ATGLptDiag: best=1(13.9) imip=0/7 pass=10111 acc=-1 ipm=59.0,114.8 inv=22.4,100.9 | 50(15.5) imip=40/51 pass=10111 acc=-1 ipm=18.2,71.7 inv=7.8,40.2
frame=506 line=1 track=1 cross=0 circle=0(CIRCLE_NONE) round=0 yroad=0 ramp=0 road=3 speed=0 near=7/52 raw=26/154 sel=52/34 far=0/0 far_raw=0/0 l=0@-1/0@-1 far_l=0@-1/0@-1 straight=0/1 far_straight=0/0 circle_cnt=0/0/0/0 lost=0/0 conf=10.2/16.6/0.0/0.0 dist=0 begin=0/0 m0=(84,119) ml=(50,99) md=41/1/73 cxcy=84.0,119.6 guide=37.39 atg=-60.0/-60.0/-60.0 pure=11.07/10.76 yaw=-2991 cmd=-3391 actual=-1955 signed=0 rps=7654/0:7828/5735 duty=16/0 pwm=PWM2:16/PWM1:0 motor=2:16/1:0
CrossDiag: type=CROSS_NONE track=1 half_lr=0/0 nearL=0@-1/0@-1 nearNum=7/52 centerNum=7/52 farL=0@-1/0@-1 farNum=0/0 farRaw=0/0 lost=0/0 not_have=0 final=52/34 flags=0/0
LineErr: aim=41 cxcy=84.0,119.6 left=1:23.76@59,87 dx=-24.7 idx=0/6 dist=12/12 right=1:32.17@57,100 dx=-26.9 idx=8/30 dist=41/82 sel=1:38.58@48,98 dx=-35.8 idx=0/20 dist=40/66 edge=1:29.15@56.0,92.5 dx=-28.0 width=38.5 l=48,110 r=64,75
CxScan: raw_ref=80.0 edge=56.0,92.5 best_raw_x=5 best_err=-0.89 best_cxcy=55.2,119.3 scan=0:-3.1,10:1.3,20:5.7,30:10.0,40:14.2,50:18.2,60:22.1,70:25.7,80:29.1,90:32.4,100:35.3,110:38.1,120:40.7,130:43.1,140:45.3
ATGSeedDiag: seed=1@25,108/1@155,107 begin=7,108 block=5 clip=8
ATGLptDiag: best=1(10.2) imip=0/6 pass=10111 acc=-1 ipm=58.6,114.8 inv=21.2,101.1 | 50(16.6) imip=40/51 pass=10111 acc=-1 ipm=17.7,71.9 inv=7.1,40.4
frame=507 line=1 track=1 cross=0 circle=0(CIRCLE_NONE) round=0 yroad=0 ramp=0 road=3 speed=0 near=7/52 raw=24/154 sel=52/34 far=0/0 far_raw=0/0 l=0@-1/0@-1 far_l=0@-1/0@-1 straight=0/1 far_straight=0/0 circle_cnt=0/0/0/0 lost=0/0 conf=9.3/14.8/0.0/0.0 dist=0 begin=0/0 m0=(84,119) ml=(50,99) md=41/1/73 cxcy=84.0,119.6 guide=37.95 atg=-60.0/-60.0/-60.0 pure=11.05/10.76 yaw=-3036 cmd=-3436 actual=-1960 signed=0 rps=7685/0:7562/5363 duty=17/0 pwm=PWM2:17/PWM1:0 motor=2:17/1:0
CrossDiag: type=CROSS_NONE track=1 half_lr=0/0 nearL=0@-1/0@-1 nearNum=7/52 centerNum=7/52 farL=0@-1/0@-1 farNum=0/0 farRaw=0/0 lost=0/0 not_have=0 final=52/34 flags=0/0
LineErr: aim=41 cxcy=84.0,119.6 left=1:24.86@58,86 dx=-26.1 idx=0/6 dist=12/12 right=1:32.74@57,100 dx=-27.4 idx=8/30 dist=41/83 sel=1:39.27@48,98 dx=-36.4 idx=0/20 dist=40/66 edge=1:30.01@55.0,92.5 dx=-29.0 width=38.5 l=47,110 r=63,75
CxScan: raw_ref=80.0 edge=55.0,92.5 best_raw_x=5 best_err=0.25 best_cxcy=55.2,119.3 scan=0:-2.0,10:2.5,20:6.8,30:11.1,40:15.3,50:19.2,60:23.0,70:26.6,80:30.0,90:33.2,100:36.1,110:38.8,120:41.4,130:43.7,140:45.9
ATGSeedDiag: seed=1@24,107/1@155,107 begin=7,108 block=5 clip=8
ATGLptDiag: best=5(9.3) imip=0/6 pass=10111 acc=-1 ipm=49.5,110.8 inv=7.7,89.9 | 9(14.8) imip=0/19 pass=10111 acc=-1 ipm=105.2,98.6 inv=108.9,65.3
frame=508 line=1 track=1 cross=0 circle=0(CIRCLE_NONE) round=0 yroad=0 ramp=0 road=3 speed=0 near=7/52 raw=24/154 sel=52/34 far=0/0 far_raw=0/0 l=0@-1/0@-1 far_l=0@-1/0@-1 straight=0/1 far_straight=0/0 circle_cnt=0/0/0/0 lost=0/0 conf=10.3/12.9/0.0/0.0 dist=0 begin=0/0 m0=(84,119) ml=(49,99) md=41/1/73 cxcy=84.0,119.6 guide=38.50 atg=-60.0/-60.0/-60.0 pure=11.02/10.78 yaw=-3080 cmd=-3480 actual=-1968 signed=0 rps=7716/0:7749/5306 duty=17/0 pwm=PWM2:17/PWM1:0 motor=2:17/1:0
CrossDiag: type=CROSS_NONE track=1 half_lr=0/0 nearL=0@-1/0@-1 nearNum=7/52 centerNum=7/52 farL=0@-1/0@-1 farNum=0/0 farRaw=0/0 lost=0/0 not_have=0 final=52/34 flags=0/0
LineErr: aim=41 cxcy=84.0,119.6 left=1:24.87@58,87 dx=-26.0 idx=0/6 dist=12/12 right=1:32.06@58,101 dx=-26.2 idx=8/29 dist=40/83 sel=1:40.03@47,99 dx=-37.1 idx=0/20 dist=40/66 edge=1:29.39@56.0,93.0 dx=-28.0 width=38.5 l=47,110 r=65,76
CxScan: raw_ref=80.0 edge=56.0,93.0 best_raw_x=5 best_err=-0.90 best_cxcy=55.2,119.3 scan=0:-3.1,10:1.3,20:5.7,30:10.1,40:14.3,50:18.4,60:22.3,70:25.9,80:29.4,90:32.6,100:35.6,110:38.4,120:41.0,130:43.4,140:45.6
ATGSeedDiag: seed=1@24,108/1@155,107 begin=7,108 block=5 clip=8
ATGLptDiag: best=5(10.3) imip=0/6 pass=10111 acc=-1 ipm=49.5,111.1 inv=7.5,90.5 | 1(12.9) imip=0/11 pass=10111 acc=-1 ipm=115.0,114.3 inv=147.1,98.1
frame=509 line=1 track=1 cross=0 circle=0(CIRCLE_NONE) round=0 yroad=0 ramp=0 road=3 speed=0 near=7/51 raw=23/154 sel=51/33 far=0/0 far_raw=0/0 l=0@-1/0@-1 far_l=0@-1/0@-1 straight=0/1 far_straight=0/0 circle_cnt=0/0/0/0 lost=0/0 conf=9.9/12.1/0.0/0.0 dist=0 begin=0/0 m0=(84,119) ml=(49,99) md=41/1/71 cxcy=84.0,119.6 guide=39.12 atg=-60.0/-60.0/-60.0 pure=11.01/10.90 yaw=-3130 cmd=-3530 actual=-1984 signed=0 rps=7751/0:7265/5013 duty=17/0 pwm=PWM2:17/PWM1:0 motor=2:17/1:0
CrossDiag: type=CROSS_NONE track=1 half_lr=0/0 nearL=0@-1/0@-1 nearNum=7/51 centerNum=7/51 farL=0@-1/0@-1 farNum=0/0 farRaw=0/0 lost=0/0 not_have=0 final=51/33 flags=0/0
LineErr: aim=41 cxcy=84.0,119.6 left=1:25.44@57,87 dx=-26.7 idx=0/6 dist=12/12 right=1:33.81@56,101 dx=-28.2 idx=8/30 dist=41/80 sel=1:40.56@47,99 dx=-37.5 idx=0/20 dist=40/64 edge=1:29.64@56.0,93.5 dx=-28.0 width=39.4 l=47,111 r=65,76
CxScan: raw_ref=80.0 edge=56.0,93.5 best_raw_x=5 best_err=-0.91 best_cxcy=55.2,119.3 scan=0:-3.2,10:1.3,20:5.8,30:10.2,40:14.5,50:18.6,60:22.5,70:26.2,80:29.6,90:32.9,100:35.9,110:38.7,120:41.3,130:43.7,140:45.9
ATGSeedDiag: seed=1@23,108/1@155,108 begin=7,108 block=5 clip=8
ATGLptDiag: best=3(9.9) imip=0/6 pass=10111 acc=-1 ipm=53.5,112.8 inv=12.9,95.1 | 2(12.1) imip=0/12 pass=10111 acc=-1 ipm=114.1,112.1 inv=140.9,91.9
frame=511 line=1 track=1 cross=0 circle=0(CIRCLE_NONE) round=0 yroad=0 ramp=0 road=3 speed=0 near=1/51 raw=170/154 sel=51/33 far=0/0 far_raw=0/0 l=0@-1/0@-1 far_l=0@-1/0@-1 straight=0/1 far_straight=0/0 circle_cnt=0/0/0/0 lost=0/0 conf=0.0/14.5/0.0/0.0 dist=0 begin=0/0 m0=(84,119) ml=(50,100) md=40/1/72 cxcy=84.0,119.6 guide=39.65 atg=-60.0/-60.0/-60.0 pure=11.24/11.02 yaw=-3172 cmd=-3572 actual=-2026 signed=0 rps=7781/0:7332/5427 duty=17/0 pwm=PWM2:17/PWM1:0 motor=2:17/1:0
CrossDiag: type=CROSS_NONE track=1 half_lr=0/0 nearL=0@-1/0@-1 nearNum=1/51 centerNum=1/51 farL=0@-1/0@-1 farNum=0/0 farRaw=0/0 lost=0/0 not_have=0 final=51/33 flags=0/0
LineErr: aim=41 cxcy=84.0,119.6 left=0:0.00@-1,-1 dx=0.0 idx=-1/-1 dist=-1/-1 right=1:34.45@56,102 dx=-28.1 idx=9/30 dist=40/80 sel=1:42.06@45,100 dx=-38.6 idx=0/20 dist=40/64 edge=0:0.00@-1.0,-1.0 dx=0.0 width=0.0 l=-1,-1 r=64,77
ATGSeedDiag: seed=1@32,108/1@155,108 begin=7,108 block=5 clip=8
ATGLptDiag: best=-1(-57295.8) imip=-1/-1 pass=00000 acc=-1 ipm=-1.0,-1.0 inv=-1.0,-1.0 | 10(14.5) imip=0/20 pass=10111 acc=-1 ipm=102.9,97.5 inv=104.6,63.8
frame=512 line=1 track=1 cross=0 circle=0(CIRCLE_NONE) round=0 yroad=0 ramp=0 road=3 speed=0 near=6/51 raw=20/154 sel=51/33 far=0/0 far_raw=0/0 l=0@-1/0@-1 far_l=0@-1/0@-1 straight=0/1 far_straight=0/0 circle_cnt=0/0/0/0 lost=0/0 conf=8.5/14.4/0.0/0.0 dist=0 begin=0/0 m0=(84,119) ml=(50,100) md=40/1/72 cxcy=84.0,119.6 guide=39.46 atg=-60.0/-60.0/-60.0 pure=11.20/11.03 yaw=-3157 cmd=-3557 actual=-2029 signed=0 rps=7770/0:7043/5412 duty=18/0 pwm=PWM2:18/PWM1:0 motor=2:18/1:0
CrossDiag: type=CROSS_NONE track=1 half_lr=0/0 nearL=0@-1/0@-1 nearNum=6/51 centerNum=6/51 farL=0@-1/0@-1 farNum=0/0 farRaw=0/0 lost=0/0 not_have=0 final=51/33 flags=0/0
LineErr: aim=41 cxcy=84.0,119.6 left=1:25.27@58,88 dx=-26.0 idx=0/5 dist=10/10 right=1:35.55@54,101 dx=-29.7 idx=9/31 dist=40/77 sel=1:41.57@46,99 dx=-38.4 idx=0/20 dist=40/64 edge=1:29.70@56.5,94.5 dx=-27.5 width=38.9 l=48,112 r=65,77
CxScan: raw_ref=80.0 edge=56.5,94.5 best_raw_x=10 best_err=0.77 best_cxcy=57.1,119.4 scan=0:-3.8,10:0.8,20:5.3,30:9.8,40:14.2,50:18.4,60:22.4,70:26.2,80:29.7,90:33.0,100:36.1,110:38.9,120:41.5,130:44.0,140:46.2
ATGSeedDiag: seed=1@21,108/1@155,108 begin=7,108 block=5 clip=8
ATGLptDiag: best=4(8.5) imip=0/5 pass=10111 acc=-1 ipm=50.2,112.3 inv=6.7,93.8 | 10(14.4) imip=0/20 pass=10111 acc=-1 ipm=103.0,97.4 inv=104.7,63.7
frame=513 line=1 track=1 cross=0 circle=0(CIRCLE_NONE) round=0 yroad=0 ramp=0 road=3 speed=0 near=5/51 raw=19/154 sel=51/33 far=0/0 far_raw=0/0 l=0@-1/0@-1 far_l=0@-1/0@-1 straight=0/1 far_straight=0/0 circle_cnt=0/0/0/0 lost=0/0 conf=6.8/19.2/0.0/0.0 dist=0 begin=0/0 m0=(84,119) ml=(48,100) md=41/1/71 cxcy=84.0,119.6 guide=39.74 atg=-60.0/-60.0/-60.0 pure=11.23/10.98 yaw=-3179 cmd=-3579 actual=-2022 signed=0 rps=7786/0:7626/5819 duty=17/0 pwm=PWM2:17/PWM1:0 motor=2:17/1:0
CrossDiag: type=CROSS_NONE track=1 half_lr=0/0 nearL=0@-1/0@-1 nearNum=5/51 centerNum=5/51 farL=0@-1/0@-1 farNum=0/0 farRaw=0/0 lost=0/0 not_have=0 final=51/33 flags=0/0
LineErr: aim=41 cxcy=84.0,119.6 left=1:23.67@60,89 dx=-23.8 idx=0/4 dist=8/8 right=1:34.05@56,101 dx=-27.9 idx=8/30 dist=41/81 sel=1:41.00@46,99 dx=-37.8 idx=0/20 dist=40/64 edge=1:28.80@57.5,94.5 dx=-26.5 width=38.1 l=50,112 r=65,77
CxScan: raw_ref=80.0 edge=57.5,94.5 best_raw_x=10 best_err=-0.43 best_cxcy=57.1,119.4 scan=0:-5.0,10:-0.4,20:4.2,30:8.7,40:13.1,50:17.3,60:21.4,70:25.2,80:28.8,90:32.2,100:35.3,110:38.2,120:40.9,130:43.3,140:45.6
ATGSeedDiag: seed=1@20,108/1@155,108 begin=7,108 block=5 clip=8
ATGLptDiag: best=2(6.8) imip=0/4 pass=10111 acc=-1 ipm=54.1,114.0 inv=12.3,98.6 | 49(19.2) imip=39/50 pass=10111 acc=-1 ipm=18.6,73.2 inv=7.0,41.2
frame=515 line=1 track=1 cross=0 circle=0(CIRCLE_NONE) round=0 yroad=0 ramp=0 road=3 speed=0 near=5/51 raw=16/154 sel=51/33 far=0/0 far_raw=0/0 l=0@-1/0@-1 far_l=0@-1/0@-1 straight=0/1 far_straight=0/0 circle_cnt=0/0/0/0 lost=0/0 conf=5.6/14.3/0.0/0.0 dist=0 begin=0/0 m0=(84,119) ml=(48,100) md=41/1/71 cxcy=84.0,119.6 guide=40.25 atg=-60.0/-60.0/-60.0 pure=11.22/11.04 yaw=-3220 cmd=-3620 actual=-2041 signed=0 rps=7815/0:7966/5720 duty=17/0 pwm=PWM2:17/PWM1:0 motor=2:17/1:0
CrossDiag: type=CROSS_NONE track=1 half_lr=0/0 nearL=0@-1/0@-1 nearNum=5/51 centerNum=5/51 farL=0@-1/0@-1 farNum=0/0 farRaw=0/0 lost=0/0 not_have=0 final=51/33 flags=0/0
LineErr: aim=41 cxcy=84.0,119.6 left=1:24.87@59,88 dx=-25.2 idx=0/4 dist=8/8 right=1:34.62@56,102 dx=-28.4 idx=8/30 dist=40/79 sel=1:41.84@46,100 dx=-38.2 idx=0/20 dist=40/64 edge=1:28.84@58.0,95.5 dx=-26.0 width=39.4 l=49,113 r=67,78
CxScan: raw_ref=80.0 edge=58.0,95.5 best_raw_x=10 best_err=-1.04 best_cxcy=57.1,119.4 scan=0:-5.7,10:-1.0,20:3.6,30:8.3,40:12.8,50:17.1,60:21.2,70:25.2,80:28.8,90:32.3,100:35.5,110:38.4,120:41.1,130:43.6,140:45.9
ATGSeedDiag: seed=1@18,108/1@155,108 begin=7,108 block=5 clip=8
ATGLptDiag: best=3(5.6) imip=0/4 pass=10111 acc=-1 ipm=51.0,113.3 inv=6.8,96.6 | 1(14.3) imip=0/11 pass=10111 acc=-1 ipm=114.6,114.6 inv=147.0,99.0
frame=516 line=1 track=1 cross=0 circle=0(CIRCLE_NONE) round=0 yroad=0 ramp=0 road=3 speed=0 near=4/50 raw=15/152 sel=50/32 far=0/0 far_raw=0/0 l=0@-1/0@-1 far_l=0@-1/0@-1 straight=0/0 far_straight=0/0 circle_cnt=0/0/0/0 lost=0/0 conf=4.3/14.5/0.0/0.0 dist=0 begin=0/0 m0=(84,119) ml=(48,101) md=41/1/69 cxcy=84.0,119.6 guide=41.28 atg=-60.0/-60.0/-60.0 pure=11.35/11.17 yaw=-3302 cmd=-3702 actual=-2067 signed=0 rps=7873/0:7672/5505 duty=17/0 pwm=PWM2:17/PWM1:0 motor=2:17/1:0
CrossDiag: type=CROSS_NONE track=1 half_lr=0/0 nearL=0@-1/0@-1 nearNum=4/50 centerNum=4/50 farL=0@-1/0@-1 farNum=0/0 farRaw=0/0 lost=0/0 not_have=0 final=50/32 flags=0/0
LineErr: aim=41 cxcy=84.0,119.6 left=1:23.67@61,89 dx=-23.4 idx=0/3 dist=6/6 right=1:37.20@53,102 dx=-31.2 idx=8/31 dist=41/76 sel=1:42.59@45,101 dx=-38.8 idx=0/20 dist=40/62 edge=1:28.38@58.5,95.5 dx=-25.5 width=38.1 l=51,113 r=66,78
CxScan: raw_ref=80.0 edge=58.5,95.5 best_raw_x=15 best_err=0.69 best_cxcy=59.1,119.4 scan=0:-6.3,10:-1.7,20:3.0,30:7.7,40:12.2,50:16.5,60:20.7,70:24.7,80:28.4,90:31.8,100:35.0,110:38.0,120:40.8,130:43.3,140:45.6
ATGSeedDiag: seed=1@17,108/1@154,108 begin=7,108 block=5 clip=8
ATGLptDiag: best=2(4.3) imip=0/3 pass=10111 acc=-1 ipm=52.7,114.2 inv=8.9,99.3 | 9(14.5) imip=0/19 pass=10111 acc=-1 ipm=103.8,99.1 inv=107.2,66.2
frame=517 line=1 track=1 cross=0 circle=0(CIRCLE_NONE) round=0 yroad=0 ramp=0 road=3 speed=0 near=4/50 raw=15/153 sel=50/31 far=0/0 far_raw=0/0 l=0@-1/0@-1 far_l=0@-1/0@-1 straight=0/0 far_straight=0/0 circle_cnt=0/0/0/0 lost=0/0 conf=4.4/14.3/0.0/0.0 dist=0 begin=0/0 m0=(84,119) ml=(48,102) md=40/1/67 cxcy=84.0,119.6 guide=42.23 atg=-60.0/-60.0/-60.0 pure=11.42/11.38 yaw=-3378 cmd=-3778 actual=-2093 signed=0 rps=7926/0:7636/5560 duty=18/0 pwm=PWM2:18/PWM1:0 motor=2:18/1:0
CrossDiag: type=CROSS_NONE track=1 half_lr=0/0 nearL=0@-1/0@-1 nearNum=4/50 centerNum=4/50 farL=0@-1/0@-1 farNum=0/0 farRaw=0/0 lost=0/0 not_have=0 final=50/31 flags=0/0
LineErr: aim=41 cxcy=84.0,119.6 left=1:24.20@60,89 dx=-24.0 idx=0/3 dist=6/6 right=1:37.82@53,103 dx=-31.0 idx=9/31 dist=40/76 sel=1:44.06@44,101 dx=-40.5 idx=0/20 dist=40/60 edge=1:31.39@55.5,96.0 dx=-28.5 width=37.6 l=50,114 r=61,78
CxScan: raw_ref=80.0 edge=55.5,96.0 best_raw_x=5 best_err=-0.35 best_cxcy=55.2,119.3 scan=0:-2.7,10:2.0,20:6.7,30:11.3,40:15.8,50:20.0,60:24.1,70:27.9,80:31.4,90:34.7,100:37.7,110:40.5,120:43.1,130:45.5,140:47.7
ATGSeedDiag: seed=1@16,108/1@154,108 begin=7,108 block=5 clip=8
ATGLptDiag: best=1(4.4) imip=0/3 pass=10111 acc=-1 ipm=54.6,115.2 inv=11.3,102.5 | 1(14.3) imip=0/11 pass=10111 acc=-1 ipm=114.2,114.6 inv=146.0,99.0
frame=518 line=1 track=1 cross=0 circle=0(CIRCLE_NONE) round=0 yroad=0 ramp=0 road=3 speed=0 near=4/49 raw=14/152 sel=49/31 far=0/0 far_raw=0/0 l=0@-1/0@-1 far_l=0@-1/0@-1 straight=0/0 far_straight=0/0 circle_cnt=0/0/0/0 lost=0/0 conf=4.1/14.6/0.0/0.0 dist=0 begin=0/0 m0=(84,119) ml=(45,102) md=42/1/67 cxcy=84.0,119.6 guide=43.50 atg=-60.0/-60.0/-60.0 pure=11.52/11.38 yaw=-3480 cmd=-3880 actual=-2111 signed=0 rps=7998/0:7556/5481 duty=18/0 pwm=PWM2:18/PWM1:0 motor=2:18/1:0
CrossDiag: type=CROSS_NONE track=1 half_lr=0/0 nearL=0@-1/0@-1 nearNum=4/49 centerNum=4/49 farL=0@-1/0@-1 farNum=0/0 farRaw=0/0 lost=0/0 not_have=0 final=49/31 flags=0/0
LineErr: aim=41 cxcy=84.0,119.6 left=1:24.94@59,89 dx=-24.8 idx=0/3 dist=6/6 right=1:38.39@53,103 dx=-31.4 idx=9/31 dist=40/73 sel=1:45.09@43,102 dx=-40.9 idx=0/20 dist=40/60 edge=1:31.83@55.0,96.0 dx=-29.0 width=37.4 l=50,114 r=60,78
CxScan: raw_ref=80.0 edge=55.0,96.0 best_raw_x=5 best_err=0.27 best_cxcy=55.2,119.3 scan=0:-2.1,10:2.6,20:7.3,30:11.9,40:16.3,50:20.6,60:24.6,70:28.3,80:31.8,90:35.1,100:38.1,110:40.9,120:43.4,130:45.8,140:47.9
ATGSeedDiag: seed=1@15,108/1@154,108 begin=7,108 block=5 clip=8
ATGLptDiag: best=2(4.1) imip=0/3 pass=10111 acc=-1 ipm=51.9,114.4 inv=6.7,100.0 | 8(14.6) imip=0/18 pass=10111 acc=-1 ipm=105.1,101.1 inv=110.7,69.3
frame=519 line=1 track=1 cross=0 circle=0(CIRCLE_NONE) round=0 yroad=0 ramp=0 road=3 speed=0 near=3/49 raw=12/152 sel=49/31 far=0/0 far_raw=0/0 l=0@-1/0@-1 far_l=0@-1/0@-1 straight=0/0 far_straight=0/0 circle_cnt=0/0/0/0 lost=0/0 conf=0.5/14.3/0.0/0.0 dist=0 begin=0/0 m0=(84,119) ml=(45,102) md=42/1/67 cxcy=84.0,119.6 guide=43.40 atg=-60.0/-60.0/-60.0 pure=11.51/11.38 yaw=-3472 cmd=-3872 actual=-2123 signed=0 rps=7992/0:7088/4938 duty=18/0 pwm=PWM2:18/PWM1:0 motor=2:18/1:0
CrossDiag: type=CROSS_NONE track=1 half_lr=0/0 nearL=0@-1/0@-1 nearNum=3/49 centerNum=3/49 farL=0@-1/0@-1 farNum=0/0 farRaw=0/0 lost=0/0 not_have=0 final=49/31 flags=0/0
LineErr: aim=41 cxcy=84.0,119.6 left=1:23.43@61,90 dx=-22.7 idx=0/2 dist=4/4 right=1:39.65@51,103 dx=-33.2 idx=9/32 dist=40/72 sel=1:45.00@43,102 dx=-40.9 idx=0/20 dist=40/60 edge=1:30.30@57.0,96.5 dx=-27.0 width=37.0 l=51,114 r=63,79
CxScan: raw_ref=80.0 edge=57.0,96.5 best_raw_x=10 best_err=0.18 best_cxcy=57.1,119.4 scan=0:-4.6,10:0.2,20:4.9,30:9.6,40:14.2,50:18.6,60:22.7,70:26.6,80:30.3,90:33.7,100:36.8,110:39.7,120:42.4,130:44.9,140:47.1
ATGSeedDiag: seed=1@14,108/1@154,108 begin=7,108 block=5 clip=8
ATGLptDiag: best=1(0.5) imip=0/2 pass=10111 acc=-1 ipm=53.6,115.4 inv=8.9,102.9 | 7(14.3) imip=0/17 pass=10111 acc=-1 ipm=106.7,102.8 inv=114.8,72.0
frame=520 line=1 track=1 cross=0 circle=0(CIRCLE_NONE) round=0 yroad=0 ramp=0 road=3 speed=0 near=3/49 raw=11/152 sel=49/31 far=0/0 far_raw=0/0 l=0@-1/0@-1 far_l=0@-1/0@-1 straight=0/0 far_straight=0/0 circle_cnt=0/0/0/0 lost=0/0 conf=0.5/13.1/0.0/0.0 dist=0 begin=0/0 m0=(84,119) ml=(45,102) md=42/1/67 cxcy=84.0,119.6 guide=43.50 atg=-60.0/-60.0/-60.0 pure=11.52/11.40 yaw=-3480 cmd=-3880 actual=-2128 signed=0 rps=7998/0:7526/4956 duty=18/0 pwm=PWM2:18/PWM1:0 motor=2:18/1:0
CrossDiag: type=CROSS_NONE track=1 half_lr=0/0 nearL=0@-1/0@-1 nearNum=3/49 centerNum=3/49 farL=0@-1/0@-1 farNum=0/0 farRaw=0/0 lost=0/0 not_have=0 final=49/31 flags=0/0
LineErr: aim=41 cxcy=84.0,119.6 left=1:24.17@60,90 dx=-23.6 idx=0/2 dist=4/4 right=1:39.83@51,103 dx=-33.2 idx=9/32 dist=41/72 sel=1:45.08@43,102 dx=-40.9 idx=0/20 dist=40/60 edge=1:30.57@57.0,97.0 dx=-27.0 width=37.9 l=51,115 r=63,79
CxScan: raw_ref=80.0 edge=57.0,97.0 best_raw_x=10 best_err=0.18 best_cxcy=57.1,119.4 scan=0:-4.7,10:0.2,20:5.0,30:9.7,40:14.3,50:18.8,60:23.0,70:26.9,80:30.6,90:34.0,100:37.1,110:40.0,120:42.7,130:45.2,140:47.4
ATGSeedDiag: seed=1@13,108/1@154,108 begin=7,108 block=5 clip=8
ATGLptDiag: best=1(0.5) imip=0/2 pass=10111 acc=-1 ipm=53.1,115.4 inv=7.9,102.9 | 6(13.1) imip=0/16 pass=10111 acc=-1 ipm=108.2,104.6 inv=119.1,75.3
frame=521 line=1 track=1 cross=0 circle=0(CIRCLE_NONE) round=0 yroad=0 ramp=0 road=3 speed=0 near=3/49 raw=10/152 sel=49/30 far=0/0 far_raw=0/0 l=0@-1/0@-1 far_l=0@-1/0@-1 straight=0/0 far_straight=0/0 circle_cnt=0/0/0/0 lost=0/0 conf=1.2/14.5/0.0/0.0 dist=0 begin=0/0 m0=(84,119) ml=(45,102) md=42/1/65 cxcy=84.0,119.6 guide=43.15 atg=-60.0/-60.0/-60.0 pure=11.58/11.58 yaw=-3452 cmd=-3852 actual=-2145 signed=0 rps=7978/0:7561/4879 duty=18/0 pwm=PWM2:18/PWM1:0 motor=2:18/1:0
CrossDiag: type=CROSS_NONE track=1 half_lr=0/0 nearL=0@-1/0@-1 nearNum=3/49 centerNum=3/49 farL=0@-1/0@-1 farNum=0/0 farRaw=0/0 lost=0/0 not_have=0 final=49/30 flags=0/0
LineErr: aim=41 cxcy=84.0,119.6 left=1:24.95@60,90 dx=-24.5 idx=0/2 dist=4/4 right=1:39.69@51,103 dx=-32.7 idx=9/32 dist=40/72 sel=1:45.31@43,102 dx=-41.1 idx=0/20 dist=40/58 edge=1:31.03@56.5,97.0 dx=-27.5 width=37.6 l=51,115 r=62,79
CxScan: raw_ref=80.0 edge=56.5,97.0 best_raw_x=10 best_err=0.81 best_cxcy=57.1,119.4 scan=0:-4.0,10:0.8,20:5.6,30:10.4,40:14.9,50:19.3,60:23.5,70:27.4,80:31.0,90:34.4,100:37.5,110:40.4,120:43.0,130:45.5,140:47.7
ATGSeedDiag: seed=1@12,108/1@154,108 begin=7,108 block=5 clip=8
ATGLptDiag: best=1(1.2) imip=0/2 pass=10111 acc=-1 ipm=52.7,115.4 inv=6.8,103.0 | 6(14.5) imip=0/16 pass=10111 acc=-1 ipm=108.2,104.6 inv=119.1,75.3
frame=522 line=1 track=1 cross=0 circle=0(CIRCLE_NONE) round=0 yroad=0 ramp=0 road=3 speed=0 near=2/49 raw=9/151 sel=49/31 far=0/0 far_raw=0/0 l=0@-1/0@-1 far_l=0@-1/0@-1 straight=0/0 far_straight=0/0 circle_cnt=0/0/0/0 lost=0/0 conf=0.0/13.0/0.0/0.0 dist=0 begin=0/0 m0=(84,119) ml=(45,103) md=41/1/66 cxcy=84.0,119.6 guide=44.33 atg=-60.0/-60.0/-60.0 pure=11.68/11.52 yaw=-3546 cmd=-3946 actual=-2153 signed=0 rps=8044/0:8083/5308 duty=17/0 pwm=PWM2:17/PWM1:0 motor=2:17/1:0
CrossDiag: type=CROSS_NONE track=1 half_lr=0/0 nearL=0@-1/0@-1 nearNum=2/49 centerNum=2/49 farL=0@-1/0@-1 farNum=0/0 farRaw=0/0 lost=0/0 not_have=0 final=49/31 flags=0/0
LineErr: aim=41 cxcy=84.0,119.6 left=1:24.29@61,91 dx=-23.5 idx=0/1 dist=2/2 right=1:40.31@51,103 dx=-33.5 idx=9/32 dist=41/73 sel=1:45.52@43,102 dx=-41.4 idx=0/20 dist=40/60 edge=1:31.49@56.0,97.0 dx=-28.0 width=36.9 l=52,115 r=60,79
CxScan: raw_ref=80.0 edge=56.0,97.0 best_raw_x=5 best_err=-0.98 best_cxcy=55.2,119.3 scan=0:-3.4,10:1.4,20:6.2,30:11.0,40:15.5,50:19.9,60:24.0,70:27.9,80:31.5,90:34.8,100:37.9,110:40.8,120:43.4,130:45.8,140:48.0
ATGSeedDiag: seed=1@11,108/1@153,108 begin=7,108 block=5 clip=8
ATGLptDiag: best=-1(-57295.8) imip=-1/-1 pass=00000 acc=-1 ipm=-1.0,-1.0 inv=-1.0,-1.0 | 10(13.0) imip=0/20 pass=10111 acc=-1 ipm=101.0,98.1 inv=102.2,64.7
frame=523 line=1 track=1 cross=0 circle=0(CIRCLE_NONE) round=0 yroad=0 ramp=0 road=3 speed=0 near=2/49 raw=7/152 sel=49/30 far=0/0 far_raw=0/0 l=0@-1/0@-1 far_l=0@-1/0@-1 straight=0/0 far_straight=0/0 circle_cnt=0/0/0/0 lost=0/0 conf=0.0/14.3/0.0/0.0 dist=0 begin=0/0 m0=(84,119) ml=(45,103) md=41/1/64 cxcy=84.0,119.6 guide=44.64 atg=-60.0/-60.0/-60.0 pure=11.66/11.66 yaw=-3571 cmd=-3971 actual=-2170 signed=0 rps=8062/0:7970/5506 duty=18/0 pwm=PWM2:18/PWM1:0 motor=2:18/1:0
CrossDiag: type=CROSS_NONE track=1 half_lr=0/0 nearL=0@-1/0@-1 nearNum=2/49 centerNum=2/49 farL=0@-1/0@-1 farNum=0/0 farRaw=0/0 lost=0/0 not_have=0 final=49/30 flags=0/0
LineErr: aim=41 cxcy=84.0,119.6 left=1:24.74@60,91 dx=-23.9 idx=0/1 dist=2/2 right=1:39.53@52,104 dx=-31.9 idx=9/31 dist=40/74 sel=1:45.79@42,102 dx=-41.6 idx=0/20 dist=40/58 edge=1:32.39@55.0,97.0 dx=-29.0 width=36.9 l=51,115 r=59,79
CxScan: raw_ref=80.0 edge=55.0,97.0 best_raw_x=5 best_err=0.28 best_cxcy=55.2,119.3 scan=0:-2.1,10:2.7,20:7.5,30:12.2,40:16.7,50:21.0,60:25.0,70:28.8,80:32.4,90:35.7,100:38.7,110:41.5,120:44.0,130:46.4,140:48.5
ATGSeedDiag: seed=1@9,108/1@153,108 begin=7,108 block=5 clip=8
ATGLptDiag: best=-1(-57295.8) imip=-1/-1 pass=00000 acc=-1 ipm=-1.0,-1.0 inv=-1.0,-1.0 | 1(14.3) imip=0/11 pass=10111 acc=-1 ipm=113.7,114.6 inv=145.0,99.0
frame=524 line=1 track=1 cross=0 circle=0(CIRCLE_NONE) round=0 yroad=0 ramp=0 road=3 speed=0 near=1/48 raw=6/150 sel=48/30 far=0/0 far_raw=0/0 l=0@-1/0@-1 far_l=0@-1/0@-1 straight=0/0 far_straight=0/0 circle_cnt=0/0/0/0 lost=0/0 conf=0.0/12.1/0.0/0.0 dist=0 begin=0/0 m0=(84,119) ml=(44,103) md=42/1/65 cxcy=84.0,119.6 guide=44.74 atg=-60.0/-60.0/-60.0 pure=11.64/11.64 yaw=-3579 cmd=-3979 actual=-2196 signed=0 rps=8068/0:7822/5665 duty=18/0 pwm=PWM2:18/PWM1:0 motor=2:18/1:0
CrossDiag: type=CROSS_NONE track=1 half_lr=0/0 nearL=0@-1/0@-1 nearNum=1/48 centerNum=1/48 farL=0@-1/0@-1 farNum=0/0 farRaw=0/0 lost=0/0 not_have=0 final=48/30 flags=0/0
LineErr: aim=41 cxcy=84.0,119.6 left=0:0.00@-1,-1 dx=0.0 idx=-1/-1 dist=-1/-1 right=1:40.10@51,104 dx=-32.5 idx=9/31 dist=40/71 sel=1:46.05@42,102 dx=-41.9 idx=0/20 dist=40/58 edge=0:0.00@-1.0,-1.0 dx=0.0 width=0.0 l=-1,-1 r=61,79
ATGSeedDiag: seed=1@8,108/1@152,108 begin=7,108 block=5 clip=8
ATGLptDiag: best=-1(-57295.8) imip=-1/-1 pass=00000 acc=-1 ipm=-1.0,-1.0 inv=-1.0,-1.0 | 3(12.1) imip=0/13 pass=10111 acc=-1 ipm=111.3,110.2 inv=132.1,87.1
frame=525 line=1 track=1 cross=0 circle=0(CIRCLE_NONE) round=0 yroad=0 ramp=0 road=3 speed=0 near=1/48 raw=5/150 sel=48/30 far=0/0 far_raw=0/0 l=0@-1/0@-1 far_l=0@-1/0@-1 straight=0/0 far_straight=0/0 circle_cnt=0/0/0/0 lost=0/0 conf=0.0/12.2/0.0/0.0 dist=0 begin=0/0 m0=(84,119) ml=(46,103) md=40/1/65 cxcy=84.0,119.6 guide=44.53 atg=-60.0/-60.0/-60.0 pure=11.63/11.63 yaw=-3562 cmd=-3962 actual=-2210 signed=0 rps=8056/0:8096/5989 duty=17/0 pwm=PWM2:17/PWM1:0 motor=2:17/1:0
CrossDiag: type=CROSS_NONE track=1 half_lr=0/0 nearL=0@-1/0@-1 nearNum=1/48 centerNum=1/48 farL=0@-1/0@-1 farNum=0/0 farRaw=0/0 lost=0/0 not_have=0 final=48/30 flags=0/0
LineErr: aim=41 cxcy=84.0,119.6 left=0:0.00@-1,-1 dx=0.0 idx=-1/-1 dist=-1/-1 right=1:40.47@51,104 dx=-32.8 idx=9/31 dist=40/71 sel=1:46.53@42,103 dx=-42.2 idx=0/20 dist=40/58 edge=0:0.00@-1.0,-1.0 dx=0.0 width=0.0 l=-1,-1 r=61,79
ATGSeedDiag: seed=1@7,108/1@152,108 begin=7,108 block=5 clip=8
ATGLptDiag: best=-1(-57295.8) imip=-1/-1 pass=00000 acc=-1 ipm=-1.0,-1.0 inv=-1.0,-1.0 | 4(12.2) imip=0/14 pass=10111 acc=-1 ipm=109.8,108.5 inv=126.7,83.2
frame=526 line=1 track=1 cross=0 circle=0(CIRCLE_NONE) round=0 yroad=0 ramp=0 road=3 speed=0 near=1/48 raw=3/150 sel=48/30 far=0/0 far_raw=0/0 l=0@-1/0@-1 far_l=0@-1/0@-1 straight=0/0 far_straight=0/0 circle_cnt=0/0/0/0 lost=0/0 conf=0.0/15.1/0.0/0.0 dist=0 begin=0/0 m0=(84,119) ml=(44,103) md=41/1/64 cxcy=84.0,119.6 guide=45.67 atg=-60.0/-60.0/-60.0 pure=11.67/11.67 yaw=-3654 cmd=-4054 actual=-2218 signed=0 rps=8120/0:7412/5599 duty=18/0 pwm=PWM2:18/PWM1:0 motor=2:18/1:0
CrossDiag: type=CROSS_NONE track=1 half_lr=0/0 nearL=0@-1/0@-1 nearNum=1/48 centerNum=1/48 farL=0@-1/0@-1 farNum=0/0 farRaw=0/0 lost=0/0 not_have=0 final=48/30 flags=0/0
LineErr: aim=41 cxcy=84.0,119.6 left=0:0.00@-1,-1 dx=0.0 idx=-1/-1 dist=-1/-1 right=1:39.60@52,105 dx=-31.5 idx=9/30 dist=40/73 sel=1:47.23@42,103 dx=-42.5 idx=0/20 dist=40/58 edge=0:0.00@-1.0,-1.0 dx=0.0 width=0.0 l=-1,-1 r=58,79
ATGSeedDiag: seed=1@5,108/1@151,108 begin=7,108 block=5 clip=8
ATGLptDiag: best=-1(-57295.8) imip=-1/-1 pass=00000 acc=-1 ipm=-1.0,-1.0 inv=-1.0,-1.0 | 1(15.1) imip=0/11 pass=10111 acc=-1 ipm=112.9,114.6 inv=143.1,99.1
frame=527 line=1 track=1 cross=0 circle=0(CIRCLE_NONE) round=0 yroad=0 ramp=0 road=3 speed=0 near=1/47 raw=2/150 sel=47/29 far=0/0 far_raw=0/0 l=0@-1/0@-1 far_l=0@-1/0@-1 straight=0/0 far_straight=0/0 circle_cnt=0/0/0/0 lost=0/0 conf=0.0/14.4/0.0/0.0 dist=0 begin=0/0 m0=(84,119) ml=(44,103) md=41/1/62 cxcy=84.0,119.6 guide=46.08 atg=-60.0/-60.0/-60.0 pure=11.89/11.89 yaw=-3687 cmd=-4087 actual=-2231 signed=0 rps=8143/0:7627/5699 duty=18/0 pwm=PWM2:18/PWM1:0 motor=2:18/1:0
CrossDiag: type=CROSS_NONE track=1 half_lr=0/0 nearL=0@-1/0@-1 nearNum=1/47 centerNum=1/47 farL=0@-1/0@-1 farNum=0/0 farRaw=0/0 lost=0/0 not_have=0 final=47/29 flags=0/0
LineErr: aim=41 cxcy=84.0,119.6 left=0:0.00@-1,-1 dx=0.0 idx=-1/-1 dist=-1/-1 right=1:40.08@53,105 dx=-31.5 idx=9/30 dist=40/72 sel=1:47.38@41,103 dx=-42.7 idx=0/20 dist=40/56 edge=0:0.00@-1.0,-1.0 dx=0.0 width=0.0 l=-1,-1 r=60,80
ATGSeedDiag: seed=1@4,108/1@151,108 begin=7,108 block=5 clip=8
ATGLptDiag: best=-1(-57295.8) imip=-1/-1 pass=00000 acc=-1 ipm=-1.0,-1.0 inv=-1.0,-1.0 | 2(14.4) imip=0/12 pass=10111 acc=-1 ipm=111.9,112.5 inv=137.0,93.0
frame=528 line=1 track=1 cross=0 circle=0(CIRCLE_NONE) round=0 yroad=0 ramp=0 road=3 speed=0 near=0/47 raw=0/150 sel=47/29 far=0/0 far_raw=0/0 l=0@-1/0@-1 far_l=0@-1/0@-1 straight=0/0 far_straight=0/0 circle_cnt=0/0/0/0 lost=0/0 conf=0.0/14.2/0.0/0.0 dist=0 begin=0/0 m0=(84,119) ml=(43,104) md=42/1/62 cxcy=84.0,119.6 guide=46.50 atg=-60.0/-60.0/-60.0 pure=11.94/11.94 yaw=-3720 cmd=-4120 actual=-2241 signed=0 rps=8166/0:7530/5304 duty=19/0 pwm=PWM2:19/PWM1:0 motor=2:19/1:0
CrossDiag: type=CROSS_NONE track=1 half_lr=0/0 nearL=0@-1/0@-1 nearNum=0/47 centerNum=0/47 farL=0@-1/0@-1 farNum=0/0 farRaw=0/0 lost=0/0 not_have=0 final=47/29 flags=0/0
LineErr: aim=41 cxcy=84.0,119.6 left=0:0.00@-1,-1 dx=0.0 idx=-1/-1 dist=-1/-1 right=1:41.77@51,105 dx=-33.5 idx=9/31 dist=40/69 sel=1:47.58@41,104 dx=-42.8 idx=0/20 dist=40/56 edge=0:0.00@-1.0,-1.0 dx=0.0 width=0.0 l=-1,-1 r=60,80
ATGSeedDiag: seed=0@-1,-1/1@151,108 begin=7,108 block=5 clip=8
ATGLptDiag: best=-1(-57295.8) imip=-1/-1 pass=00000 acc=-1 ipm=-1.0,-1.0 inv=-1.0,-1.0 | 2(14.2) imip=0/12 pass=10111 acc=-1 ipm=111.9,112.5 inv=136.9,93.0
frame=529 line=1 track=1 cross=0 circle=0(CIRCLE_NONE) round=0 yroad=0 ramp=0 road=3 speed=0 near=0/47 raw=0/150 sel=47/29 far=0/0 far_raw=0/0 l=0@-1/0@-1 far_l=0@-1/0@-1 straight=0/0 far_straight=0/0 circle_cnt=0/0/0/0 lost=0/0 conf=0.0/14.1/0.0/0.0 dist=0 begin=0/0 m0=(84,119) ml=(43,105) md=42/1/62 cxcy=84.0,119.6 guide=46.71 atg=-60.0/-60.0/-60.0 pure=11.94/11.94 yaw=-3737 cmd=-4137 actual=-2254 signed=0 rps=8178/0:8175/5383 duty=18/0 pwm=PWM2:18/PWM1:0 motor=2:18/1:0
CrossDiag: type=CROSS_NONE track=1 half_lr=0/0 nearL=0@-1/0@-1 nearNum=0/47 centerNum=0/47 farL=0@-1/0@-1 farNum=0/0 farRaw=0/0 lost=0/0 not_have=0 final=47/29 flags=0/0
LineErr: aim=41 cxcy=84.0,119.6 left=0:0.00@-1,-1 dx=0.0 idx=-1/-1 dist=-1/-1 right=1:41.85@50,105 dx=-33.6 idx=9/31 dist=41/71 sel=1:47.88@41,104 dx=-42.9 idx=0/20 dist=40/56 edge=0:0.00@-1.0,-1.0 dx=0.0 width=0.0 l=-1,-1 r=60,80
ATGSeedDiag: seed=0@-1,-1/1@151,108 begin=7,108 block=5 clip=8
ATGLptDiag: best=-1(-57295.8) imip=-1/-1 pass=00000 acc=-1 ipm=-1.0,-1.0 inv=-1.0,-1.0 | 1(14.1) imip=0/11 pass=10111 acc=-1 ipm=112.8,114.6 inv=142.9,99.1
frame=530 line=1 track=1 cross=0 circle=0(CIRCLE_NONE) round=0 yroad=0 ramp=0 road=3 speed=0 near=0/47 raw=0/149 sel=47/29 far=0/0 far_raw=0/0 l=0@-1/0@-1 far_l=0@-1/0@-1 straight=0/0 far_straight=0/0 circle_cnt=0/0/0/0 lost=0/0 conf=0.0/12.4/0.0/0.0 dist=0 begin=0/0 m0=(84,119) ml=(43,105) md=42/1/62 cxcy=84.0,119.6 guide=46.19 atg=-60.0/-60.0/-60.0 pure=11.93/11.93 yaw=-3695 cmd=-4095 actual=-2262 signed=0 rps=8149/0:7994/5052 duty=18/0 pwm=PWM2:18/PWM1:0 motor=2:18/1:0
CrossDiag: type=CROSS_NONE track=1 half_lr=0/0 nearL=0@-1/0@-1 nearNum=0/47 centerNum=0/47 farL=0@-1/0@-1 farNum=0/0 farRaw=0/0 lost=0/0 not_have=0 final=47/29 flags=0/0
LineErr: aim=41 cxcy=84.0,119.6 left=0:0.00@-1,-1 dx=0.0 idx=-1/-1 dist=-1/-1 right=1:41.04@52,106 dx=-32.3 idx=9/30 dist=40/72 sel=1:47.89@41,104 dx=-43.0 idx=0/20 dist=40/56 edge=0:0.00@-1.0,-1.0 dx=0.0 width=0.0 l=-1,-1 r=59,80
ATGSeedDiag: seed=0@-1,-1/1@150,108 begin=7,108 block=5 clip=8
ATGLptDiag: best=-1(-57295.8) imip=-1/-1 pass=00000 acc=-1 ipm=-1.0,-1.0 inv=-1.0,-1.0 | 1(12.4) imip=0/11 pass=10111 acc=-1 ipm=112.5,114.4 inv=141.9,98.3
frame=531 line=1 track=1 cross=0 circle=0(CIRCLE_NONE) round=0 yroad=0 ramp=0 road=3 speed=0 near=0/47 raw=0/149 sel=47/29 far=0/0 far_raw=0/0 l=0@-1/0@-1 far_l=0@-1/0@-1 straight=0/0 far_straight=0/0 circle_cnt=0/0/0/0 lost=0/0 conf=0.0/13.5/0.0/0.0 dist=0 begin=0/0 m0=(84,119) ml=(46,105) md=40/1/63 cxcy=84.0,119.6 guide=45.48 atg=-60.0/-60.0/-60.0 pure=11.93/11.93 yaw=-3639 cmd=-4039 actual=-2263 signed=0 rps=8109/0:8315/5257 duty=17/0 pwm=PWM2:17/PWM1:0 motor=2:17/1:0
CrossDiag: type=CROSS_NONE track=1 half_lr=0/0 nearL=0@-1/0@-1 nearNum=0/47 centerNum=0/47 farL=0@-1/0@-1 farNum=0/0 farRaw=0/0 lost=0/0 not_have=0 final=47/29 flags=0/0
LineErr: aim=41 cxcy=84.0,119.6 left=0:0.00@-1,-1 dx=0.0 idx=-1/-1 dist=-1/-1 right=1:42.43@50,105 dx=-34.2 idx=9/31 dist=41/70 sel=1:48.13@41,104 dx=-43.0 idx=0/20 dist=40/56 edge=0:0.00@-1.0,-1.0 dx=0.0 width=0.0 l=-1,-1 r=62,81
ATGSeedDiag: seed=0@-1,-1/1@150,108 begin=7,108 block=5 clip=8
ATGLptDiag: best=-1(-57295.8) imip=-1/-1 pass=00000 acc=-1 ipm=-1.0,-1.0 inv=-1.0,-1.0 | 10(13.5) imip=0/20 pass=10111 acc=-1 ipm=98.9,98.9 inv=99.3,65.8
frame=532 line=1 track=1 cross=0 circle=0(CIRCLE_NONE) round=0 yroad=0 ramp=0 road=3 speed=0 near=0/47 raw=0/148 sel=47/29 far=0/0 far_raw=0/0 l=0@-1/0@-1 far_l=0@-1/0@-1 straight=0/0 far_straight=0/0 circle_cnt=0/0/0/0 lost=0/0 conf=0.0/13.3/0.0/0.0 dist=0 begin=0/0 m0=(84,119) ml=(45,105) md=40/1/63 cxcy=84.0,119.6 guide=46.84 atg=-60.0/-60.0/-60.0 pure=11.91/11.91 yaw=-3747 cmd=-4147 actual=-2264 signed=0 rps=8186/0:8308/5513 duty=18/0 pwm=PWM2:18/PWM1:0 motor=2:18/1:0
CrossDiag: type=CROSS_NONE track=1 half_lr=0/0 nearL=0@-1/0@-1 nearNum=0/47 centerNum=0/47 farL=0@-1/0@-1 farNum=0/0 farRaw=0/0 lost=0/0 not_have=0 final=47/29 flags=0/0
LineErr: aim=41 cxcy=84.0,119.6 left=0:0.00@-1,-1 dx=0.0 idx=-1/-1 dist=-1/-1 right=1:41.49@51,106 dx=-32.7 idx=9/30 dist=40/72 sel=1:48.72@41,105 dx=-43.2 idx=0/20 dist=40/56 edge=0:0.00@-1.0,-1.0 dx=0.0 width=0.0 l=-1,-1 r=59,81
ATGSeedDiag: seed=0@-1,-1/1@150,108 begin=7,108 block=5 clip=8
ATGLptDiag: best=-1(-57295.8) imip=-1/-1 pass=00000 acc=-1 ipm=-1.0,-1.0 inv=-1.0,-1.0 | 10(13.3) imip=0/20 pass=10111 acc=-1 ipm=98.6,98.9 inv=98.9,65.9
frame=538 line=1 track=1 cross=0 circle=0(CIRCLE_NONE) round=0 yroad=0 ramp=0 road=3 speed=0 near=0/45 raw=0/145 sel=45/29 far=0/0 far_raw=0/0 l=0@-1/0@-1 far_l=0@-1/0@-1 straight=0/0 far_straight=0/0 circle_cnt=0/0/0/0 lost=0/0 conf=0.0/14.7/0.0/0.0 dist=0 begin=0/0 m0=(84,119) ml=(45,106) md=40/1/63 cxcy=84.0,119.6 guide=47.81 atg=-60.0/-60.0/-60.0 pure=12.10/12.10 yaw=-3825 cmd=-4225 actual=-2280 signed=0 rps=8240/0:8133/5674 duty=18/0 pwm=PWM2:18/PWM1:0 motor=2:18/1:0
CrossDiag: type=CROSS_NONE track=1 half_lr=0/0 nearL=0@-1/0@-1 nearNum=0/45 centerNum=0/45 farL=0@-1/0@-1 farNum=0/0 farRaw=0/0 lost=0/0 not_have=0 final=45/29 flags=0/0
LineErr: aim=41 cxcy=84.0,119.6 left=0:0.00@-1,-1 dx=0.0 idx=-1/-1 dist=-1/-1 right=1:42.39@52,107 dx=-32.3 idx=8/29 dist=41/71 sel=1:49.64@41,106 dx=-43.2 idx=0/20 dist=40/56 edge=0:0.00@-1.0,-1.0 dx=0.0 width=0.0 l=-1,-1 r=59,82
ATGSeedDiag: seed=0@-1,-1/1@146,108 begin=7,108 block=5 clip=8
ATGLptDiag: best=-1(-57295.8) imip=-1/-1 pass=00000 acc=-1 ipm=-1.0,-1.0 inv=-1.0,-1.0 | 1(14.7) imip=0/11 pass=10111 acc=-1 ipm=110.6,114.6 inv=138.2,99.2
frame=539 line=1 track=1 cross=0 circle=0(CIRCLE_NONE) round=0 yroad=0 ramp=0 road=3 speed=0 near=0/45 raw=0/144 sel=45/28 far=0/0 far_raw=0/0 l=0@-1/0@-1 far_l=0@-1/0@-1 straight=0/0 far_straight=0/0 circle_cnt=0/0/0/0 lost=0/0 conf=0.0/15.4/0.0/0.0 dist=0 begin=0/0 m0=(84,119) ml=(43,106) md=41/1/59 cxcy=84.0,119.6 guide=48.55 atg=-60.0/-60.0/-60.0 pure=12.30/12.30 yaw=-3884 cmd=-4284 actual=-2270 signed=0 rps=8282/0:8354/5797 duty=18/0 pwm=PWM2:18/PWM1:0 motor=2:18/1:0
CrossDiag: type=CROSS_NONE track=1 half_lr=0/0 nearL=0@-1/0@-1 nearNum=0/45 centerNum=0/45 farL=0@-1/0@-1 farNum=0/0 farRaw=0/0 lost=0/0 not_have=0 final=45/28 flags=0/0
LineErr: aim=41 cxcy=84.0,119.6 left=0:0.00@-1,-1 dx=0.0 idx=-1/-1 dist=-1/-1 right=1:43.09@51,108 dx=-32.8 idx=8/29 dist=40/69 sel=1:49.68@41,106 dx=-43.2 idx=0/20 dist=40/54 edge=0:0.00@-1.0,-1.0 dx=0.0 width=0.0 l=-1,-1 r=59,83
ATGSeedDiag: seed=0@-1,-1/1@146,108 begin=7,108 block=5 clip=8
ATGLptDiag: best=-1(-57295.8) imip=-1/-1 pass=00000 acc=-1 ipm=-1.0,-1.0 inv=-1.0,-1.0 | 43(15.4) imip=33/44 pass=10111 acc=-1 ipm=24.1,80.1 inv=6.8,46.2
frame=540 line=1 track=1 cross=0 circle=0(CIRCLE_NONE) round=0 yroad=0 ramp=0 road=3 speed=0 near=0/45 raw=0/143 sel=45/29 far=0/0 far_raw=0/0 l=0@-1/0@-1 far_l=0@-1/0@-1 straight=0/0 far_straight=0/0 circle_cnt=0/0/0/0 lost=0/0 conf=0.0/12.9/0.0/0.0 dist=0 begin=0/0 m0=(84,119) ml=(43,107) md=41/1/62 cxcy=84.0,119.6 guide=48.88 atg=-60.0/-60.0/-60.0 pure=12.26/12.26 yaw=-3911 cmd=-4311 actual=-2283 signed=0 rps=8301/0:7853/5408 duty=19/0 pwm=PWM2:19/PWM1:0 motor=2:19/1:0
CrossDiag: type=CROSS_NONE track=1 half_lr=0/0 nearL=0@-1/0@-1 nearNum=0/45 centerNum=0/45 farL=0@-1/0@-1 farNum=0/0 farRaw=0/0 lost=0/0 not_have=0 final=45/29 flags=0/0
LineErr: aim=41 cxcy=84.0,119.6 left=0:0.00@-1,-1 dx=0.0 idx=-1/-1 dist=-1/-1 right=1:43.99@51,108 dx=-33.5 idx=8/29 dist=40/70 sel=1:50.11@41,107 dx=-43.3 idx=0/20 dist=40/56 edge=0:0.00@-1.0,-1.0 dx=0.0 width=0.0 l=-1,-1 r=56,82
ATGSeedDiag: seed=0@-1,-1/1@145,108 begin=7,108 block=5 clip=8
ATGLptDiag: best=-1(-57295.8) imip=-1/-1 pass=00000 acc=-1 ipm=-1.0,-1.0 inv=-1.0,-1.0 | 10(12.9) imip=0/20 pass=10111 acc=-1 ipm=95.9,99.4 inv=95.1,66.7
frame=541 line=1 track=1 cross=0 circle=0(CIRCLE_NONE) round=0 yroad=0 ramp=0 road=3 speed=0 near=0/44 raw=0/142 sel=44/28 far=0/0 far_raw=0/0 l=0@-1/0@-1 far_l=0@-1/0@-1 straight=0/0 far_straight=0/0 circle_cnt=0/0/0/0 lost=0/0 conf=0.0/12.2/0.0/0.0 dist=0 begin=0/0 m0=(84,119) ml=(45,107) md=40/1/60 cxcy=84.0,119.6 guide=48.61 atg=-60.0/-60.0/-60.0 pure=12.47/12.47 yaw=-3889 cmd=-4289 actual=-2304 signed=0 rps=8285/0:7848/5435 duty=19/0 pwm=PWM2:19/PWM1:0 motor=2:19/1:0
CrossDiag: type=CROSS_NONE track=1 half_lr=0/0 nearL=0@-1/0@-1 nearNum=0/44 centerNum=0/44 farL=0@-1/0@-1 farNum=0/0 farRaw=0/0 lost=0/0 not_have=0 final=44/28 flags=0/0
LineErr: aim=41 cxcy=84.0,119.6 left=0:0.00@-1,-1 dx=0.0 idx=-1/-1 dist=-1/-1 right=1:43.30@52,108 dx=-32.3 idx=8/28 dist=40/70 sel=1:50.68@41,107 dx=-43.3 idx=0/20 dist=40/54 edge=0:0.00@-1.0,-1.0 dx=0.0 width=0.0 l=-1,-1 r=57,83
ATGSeedDiag: seed=0@-1,-1/1@144,108 begin=7,108 block=5 clip=8
ATGLptDiag: best=-1(-57295.8) imip=-1/-1 pass=00000 acc=-1 ipm=-1.0,-1.0 inv=-1.0,-1.0 | 10(12.2) imip=0/20 pass=10111 acc=-1 ipm=95.3,99.6 inv=94.3,67.0
frame=543 line=1 track=1 cross=0 circle=0(CIRCLE_NONE) round=0 yroad=0 ramp=0 road=3 speed=0 near=0/44 raw=0/141 sel=44/29 far=0/0 far_raw=0/0 l=0@-1/0@-1 far_l=0@-1/0@-1 straight=0/0 far_straight=0/0 circle_cnt=0/0/0/0 lost=0/0 conf=0.0/12.9/0.0/0.0 dist=0 begin=0/0 m0=(84,119) ml=(43,107) md=41/1/61 cxcy=84.0,119.6 guide=49.14 atg=-60.0/-60.0/-60.0 pure=12.29/12.29 yaw=-3931 cmd=-4331 actual=-2333 signed=0 rps=8315/0:7776/5268 duty=19/0 pwm=PWM2:19/PWM1:0 motor=2:19/1:0
CrossDiag: type=CROSS_NONE track=1 half_lr=0/0 nearL=0@-1/0@-1 nearNum=0/44 centerNum=0/44 farL=0@-1/0@-1 farNum=0/0 farRaw=0/0 lost=0/0 not_have=0 final=44/29 flags=0/0
LineErr: aim=41 cxcy=84.0,119.6 left=0:0.00@-1,-1 dx=0.0 idx=-1/-1 dist=-1/-1 right=1:43.95@51,108 dx=-33.1 idx=8/28 dist=40/69 sel=1:50.51@41,107 dx=-43.1 idx=0/20 dist=40/56 edge=0:0.00@-1.0,-1.0 dx=0.0 width=0.0 l=-1,-1 r=57,83
ATGSeedDiag: seed=0@-1,-1/1@143,108 begin=7,108 block=5 clip=8
ATGLptDiag: best=-1(-57295.8) imip=-1/-1 pass=00000 acc=-1 ipm=-1.0,-1.0 inv=-1.0,-1.0 | 10(12.9) imip=0/20 pass=10111 acc=-1 ipm=94.8,99.6 inv=93.4,67.0
frame=544 line=1 track=1 cross=0 circle=0(CIRCLE_NONE) round=0 yroad=0 ramp=0 road=3 speed=0 near=0/44 raw=0/140 sel=44/29 far=0/0 far_raw=0/0 l=0@-1/0@-1 far_l=0@-1/0@-1 straight=0/0 far_straight=0/0 circle_cnt=0/0/0/0 lost=0/0 conf=0.0/12.0/0.0/0.0 dist=0 begin=0/0 m0=(84,119) ml=(43,107) md=42/1/62 cxcy=84.0,119.6 guide=48.53 atg=-60.0/-60.0/-60.0 pure=12.28/12.28 yaw=-3882 cmd=-4282 actual=-2340 signed=0 rps=8281/0:8313/5610 duty=18/0 pwm=PWM2:18/PWM1:0 motor=2:18/1:0
CrossDiag: type=CROSS_NONE track=1 half_lr=0/0 nearL=0@-1/0@-1 nearNum=0/44 centerNum=0/44 farL=0@-1/0@-1 farNum=0/0 farRaw=0/0 lost=0/0 not_have=0 final=44/29 flags=0/0
LineErr: aim=41 cxcy=84.0,119.6 left=0:0.00@-1,-1 dx=0.0 idx=-1/-1 dist=-1/-1 right=1:44.08@51,109 dx=-33.0 idx=8/28 dist=40/70 sel=1:50.50@41,107 dx=-43.1 idx=0/20 dist=40/56 edge=0:0.00@-1.0,-1.0 dx=0.0 width=0.0 l=-1,-1 r=56,83
ATGSeedDiag: seed=0@-1,-1/1@142,108 begin=7,108 block=5 clip=8
ATGLptDiag: best=-1(-57295.8) imip=-1/-1 pass=00000 acc=-1 ipm=-1.0,-1.0 inv=-1.0,-1.0 | 10(12.0) imip=0/20 pass=10111 acc=-1 ipm=94.4,99.7 inv=92.8,67.1
frame=546 line=1 track=1 cross=0 circle=0(CIRCLE_NONE) round=0 yroad=0 ramp=0 road=3 speed=0 near=0/43 raw=0/140 sel=43/28 far=0/0 far_raw=0/0 l=0@-1/0@-1 far_l=0@-1/0@-1 straight=0/0 far_straight=0/0 circle_cnt=0/0/0/0 lost=0/0 conf=0.0/11.2/0.0/0.0 dist=0 begin=0/0 m0=(84,119) ml=(43,108) md=41/1/59 cxcy=84.0,119.6 guide=49.84 atg=-60.0/-60.0/-60.0 pure=12.67/12.67 yaw=-3987 cmd=-4387 actual=-2347 signed=0 rps=8354/0:8619/5555 duty=18/0 pwm=PWM2:18/PWM1:0 motor=2:18/1:0
CrossDiag: type=CROSS_NONE track=1 half_lr=0/0 nearL=0@-1/0@-1 nearNum=0/43 centerNum=0/43 farL=0@-1/0@-1 farNum=0/0 farRaw=0/0 lost=0/0 not_have=0 final=43/28 flags=0/0
LineErr: aim=41 cxcy=84.0,119.6 left=0:0.00@-1,-1 dx=0.0 idx=-1/-1 dist=-1/-1 right=1:45.17@50,109 dx=-33.5 idx=8/28 dist=41/68 sel=1:51.50@41,108 dx=-43.1 idx=0/20 dist=40/54 edge=0:0.00@-1.0,-1.0 dx=0.0 width=0.0 l=-1,-1 r=56,84
ATGSeedDiag: seed=0@-1,-1/1@142,108 begin=7,108 block=5 clip=8
ATGLptDiag: best=-1(-57295.8) imip=-1/-1 pass=00000 acc=-1 ipm=-1.0,-1.0 inv=-1.0,-1.0 | 10(11.2) imip=0/20 pass=10111 acc=-1 ipm=94.0,100.0 inv=92.3,67.6
frame=552 line=1 track=1 cross=0 circle=0(CIRCLE_NONE) round=0 yroad=0 ramp=0 road=3 speed=0 near=0/42 raw=0/134 sel=42/30 far=0/0 far_raw=0/0 l=0@-1/0@-1 far_l=0@-1/0@-1 straight=0/0 far_straight=0/0 circle_cnt=0/0/0/0 lost=0/0 conf=0.0/12.3/0.0/0.0 dist=0 begin=0/0 m0=(84,119) ml=(44,109) md=40/1/63 cxcy=84.0,119.6 guide=50.84 atg=-60.0/-60.0/-60.0 pure=12.15/12.15 yaw=-4067 cmd=-4467 actual=-2428 signed=0 rps=8411/0:8914/5539 duty=18/0 pwm=PWM2:18/PWM1:0 motor=2:18/1:0
CrossDiag: type=CROSS_NONE track=1 half_lr=0/0 nearL=0@-1/0@-1 nearNum=0/42 centerNum=0/42 farL=0@-1/0@-1 farNum=0/0 farRaw=0/0 lost=0/0 not_have=0 final=42/30 flags=0/0
LineErr: aim=41 cxcy=84.0,119.6 left=0:0.00@-1,-1 dx=0.0 idx=-1/-1 dist=-1/-1 right=1:44.30@53,111 dx=-30.8 idx=7/25 dist=40/72 sel=1:51.50@42,109 dx=-42.2 idx=0/20 dist=40/58 edge=0:0.00@-1.0,-1.0 dx=0.0 width=0.0 l=-1,-1 r=55,85
ATGSeedDiag: seed=0@-1,-1/1@136,108 begin=7,108 block=5 clip=8
ATGLptDiag: best=-1(-57295.8) imip=-1/-1 pass=00000 acc=-1 ipm=-1.0,-1.0 inv=-1.0,-1.0 | 10(12.3) imip=0/20 pass=10111 acc=-1 ipm=91.3,100.1 inv=88.1,67.8
frame=553 line=1 track=1 cross=0 circle=0(CIRCLE_NONE) round=0 yroad=0 ramp=0 road=3 speed=0 near=0/42 raw=0/134 sel=42/30 far=0/0 far_raw=0/0 l=0@-1/0@-1 far_l=0@-1/0@-1 straight=0/0 far_straight=0/0 circle_cnt=0/0/0/0 lost=0/0 conf=0.0/5.7/0.0/0.0 dist=0 begin=0/0 m0=(84,119) ml=(44,110) md=40/1/63 cxcy=84.0,119.6 guide=51.19 atg=-60.0/-60.0/-60.0 pure=12.26/12.26 yaw=-4095 cmd=-4495 actual=-2415 signed=0 rps=8431/0:8377/5211 duty=18/0 pwm=PWM2:18/PWM1:0 motor=2:18/1:0
CrossDiag: type=CROSS_NONE track=1 half_lr=0/0 nearL=0@-1/0@-1 nearNum=0/42 centerNum=0/42 farL=0@-1/0@-1 farNum=0/0 farRaw=0/0 lost=0/0 not_have=0 final=42/30 flags=0/0
LineErr: aim=41 cxcy=84.0,119.6 left=0:0.00@-1,-1 dx=0.0 idx=-1/-1 dist=-1/-1 right=1:46.34@51,111 dx=-32.9 idx=7/26 dist=41/71 sel=1:51.68@42,110 dx=-41.9 idx=0/20 dist=40/58 edge=0:0.00@-1.0,-1.0 dx=0.0 width=0.0 l=-1,-1 r=55,85
ATGSeedDiag: seed=0@-1,-1/1@136,108 begin=7,108 block=5 clip=8
ATGLptDiag: best=-1(-57295.8) imip=-1/-1 pass=00000 acc=-1 ipm=-1.0,-1.0 inv=-1.0,-1.0 | 12(5.7) imip=2/22 pass=10111 acc=-1 ipm=87.1,97.8 inv=81.0,64.4
frame=554 line=1 track=1 cross=0 circle=0(CIRCLE_NONE) round=0 yroad=0 ramp=0 road=3 speed=0 near=0/42 raw=0/133 sel=42/31 far=0/0 far_raw=0/0 l=0@-1/0@-1 far_l=0@-1/0@-1 straight=0/0 far_straight=0/0 circle_cnt=0/0/0/0 lost=0/0 conf=0.0/10.7/0.0/0.0 dist=0 begin=0/0 m0=(84,119) ml=(44,110) md=41/1/66 cxcy=84.0,119.6 guide=51.05 atg=-60.0/-60.0/-60.0 pure=12.21/11.93 yaw=-4084 cmd=-4484 actual=-2383 signed=0 rps=8423/0:8568/5535 duty=18/0 pwm=PWM2:18/PWM1:0 motor=2:18/1:0
CrossDiag: type=CROSS_NONE track=1 half_lr=0/0 nearL=0@-1/0@-1 nearNum=0/42 centerNum=0/42 farL=0@-1/0@-1 farNum=0/0 farRaw=0/0 lost=0/0 not_have=0 final=42/31 flags=0/0
LineErr: aim=41 cxcy=84.0,119.6 left=0:0.00@-1,-1 dx=0.0 idx=-1/-1 dist=-1/-1 right=1:46.71@51,111 dx=-33.2 idx=7/26 dist=41/71 sel=1:52.13@42,110 dx=-42.1 idx=0/20 dist=40/60 edge=0:0.00@-1.0,-1.0 dx=0.0 width=0.0 l=-1,-1 r=54,86
ATGSeedDiag: seed=0@-1,-1/1@135,108 begin=7,108 block=5 clip=8
ATGLptDiag: best=-1(-57295.8) imip=-1/-1 pass=00000 acc=-1 ipm=-1.0,-1.0 inv=-1.0,-1.0 | 10(10.7) imip=0/20 pass=10111 acc=-1 ipm=90.5,100.4 inv=87.0,68.3
frame=555 line=1 track=1 cross=0 circle=0(CIRCLE_NONE) round=0 yroad=0 ramp=0 road=3 speed=0 near=0/43 raw=0/132 sel=43/32 far=0/0 far_raw=0/0 l=0@-1/0@-1 far_l=0@-1/0@-1 straight=0/0 far_straight=0/0 circle_cnt=0/0/0/0 lost=0/0 conf=0.0/10.4/0.0/0.0 dist=0 begin=0/0 m0=(84,119) ml=(44,110) md=40/1/67 cxcy=84.0,119.6 guide=51.66 atg=-60.0/-60.0/-60.0 pure=12.15/11.59 yaw=-4133 cmd=-4500 actual=-2351 signed=0 rps=8412/0:7960/5453 duty=19/0 pwm=PWM2:19/PWM1:0 motor=2:19/1:0
CrossDiag: type=CROSS_NONE track=1 half_lr=0/0 nearL=0@-1/0@-1 nearNum=0/43 centerNum=0/43 farL=0@-1/0@-1 farNum=0/0 farRaw=0/0 lost=0/0 not_have=0 final=43/32 flags=0/0
LineErr: aim=41 cxcy=84.0,119.6 left=0:0.00@-1,-1 dx=0.0 idx=-1/-1 dist=-1/-1 right=1:45.80@52,112 dx=-31.8 idx=7/25 dist=41/77 sel=1:52.24@42,110 dx=-42.3 idx=0/20 dist=40/62 edge=0:0.00@-1.0,-1.0 dx=0.0 width=0.0 l=-1,-1 r=56,86
ATGSeedDiag: seed=0@-1,-1/1@134,108 begin=7,108 block=5 clip=8
ATGLptDiag: best=-1(-57295.8) imip=-1/-1 pass=00000 acc=-1 ipm=-1.0,-1.0 inv=-1.0,-1.0 | 10(10.4) imip=0/20 pass=10111 acc=-1 ipm=90.2,100.2 inv=86.3,68.0
frame=556 line=1 track=1 cross=0 circle=0(CIRCLE_NONE) round=0 yroad=0 ramp=0 road=3 speed=0 near=0/44 raw=0/132 sel=44/34 far=0/0 far_raw=0/0 l=0@-1/0@-1 far_l=0@-1/0@-1 straight=0/0 far_straight=0/0 circle_cnt=0/0/0/0 lost=0/0 conf=0.0/15.6/0.0/0.0 dist=0 begin=0/0 m0=(84,119) ml=(44,110) md=40/1/71 cxcy=84.0,119.6 guide=51.66 atg=-60.0/-60.0/-60.0 pure=12.10/10.99 yaw=-4133 cmd=-4500 actual=-2337 signed=0 rps=8412/0:8206/5977 duty=19/0 pwm=PWM2:19/PWM1:0 motor=2:19/1:0
CrossDiag: type=CROSS_NONE track=1 half_lr=0/0 nearL=0@-1/0@-1 nearNum=0/44 centerNum=0/44 farL=0@-1/0@-1 farNum=0/0 farRaw=0/0 lost=0/0 not_have=0 final=44/34 flags=0/0
LineErr: aim=41 cxcy=84.0,119.6 left=0:0.00@-1,-1 dx=0.0 idx=-1/-1 dist=-1/-1 right=1:44.79@54,112 dx=-30.2 idx=7/24 dist=40/84 sel=1:52.25@42,110 dx=-42.3 idx=0/20 dist=40/66 edge=0:0.00@-1.0,-1.0 dx=0.0 width=0.0 l=-1,-1 r=54,86
ATGSeedDiag: seed=0@-1,-1/1@134,108 begin=7,108 block=5 clip=8
ATGLptDiag: best=-1(-57295.8) imip=-1/-1 pass=00000 acc=-1 ipm=-1.0,-1.0 inv=-1.0,-1.0 | 41(15.6) imip=31/43 pass=10111 acc=-1 ipm=22.3,79.2 inv=5.6,45.5
frame=557 line=1 track=1 cross=0 circle=0(CIRCLE_NONE) round=0 yroad=0 ramp=0 road=3 speed=0 near=0/45 raw=0/132 sel=45/37 far=0/0 far_raw=0/0 l=0@-1/0@-1 far_l=0@-1/0@-1 straight=0/0 far_straight=0/0 circle_cnt=0/0/0/0 lost=0/0 conf=0.0/17.0/0.0/0.0 dist=0 begin=0/0 m0=(84,119) ml=(44,110) md=40/1/78 cxcy=84.0,119.6 guide=51.85 atg=-60.0/-60.0/-60.0 pure=12.06/10.20 yaw=-4148 cmd=-4500 actual=-2335 signed=0 rps=8402/0:8513/6238 duty=18/0 pwm=PWM2:18/PWM1:0 motor=2:18/1:0
CrossDiag: type=CROSS_NONE track=1 half_lr=0/0 nearL=0@-1/0@-1 nearNum=0/45 centerNum=0/45 farL=0@-1/0@-1 farNum=0/0 farRaw=0/0 lost=0/0 not_have=0 final=45/37 flags=0/0
LineErr: aim=41 cxcy=84.0,119.6 left=0:0.00@-1,-1 dx=0.0 idx=-1/-1 dist=-1/-1 right=1:45.43@53,112 dx=-30.8 idx=7/24 dist=40/90 sel=1:52.53@42,110 dx=-42.5 idx=0/20 dist=40/72 edge=0:0.00@-1.0,-1.0 dx=0.0 width=0.0 l=-1,-1 r=53,86
ATGSeedDiag: seed=0@-1,-1/1@133,108 begin=7,108 block=5 clip=8
ATGLptDiag: best=-1(-57295.8) imip=-1/-1 pass=00000 acc=-1 ipm=-1.0,-1.0 inv=-1.0,-1.0 | 39(17.0) imip=29/44 pass=10111 acc=-1 ipm=26.1,80.5 inv=8.8,46.5
frame=558 line=1 track=1 cross=0 circle=0(CIRCLE_NONE) round=0 yroad=0 ramp=0 road=3 speed=0 near=0/72 raw=0/170 sel=72/91 far=0/0 far_raw=0/0 l=0@-1/0@-1 far_l=0@-1/0@-1 straight=0/1 far_straight=0/0 circle_cnt=0/0/0/0 lost=0/0 conf=0.0/29.0/0.0/0.0 dist=0 begin=0/0 m0=(84,119) ml=(44,111) md=40/1/189 cxcy=84.0,119.6 guide=52.18 atg=-60.0/-60.0/-60.0 pure=12.02/7.54 yaw=-4174 cmd=-4500 actual=-2330 signed=0 rps=8384/0:8203/5913 duty=18/0 pwm=PWM2:18/PWM1:0 motor=2:18/1:0
CrossDiag: type=CROSS_NONE track=1 half_lr=0/0 nearL=0@-1/0@-1 nearNum=0/72 centerNum=0/72 farL=0@-1/0@-1 farNum=0/0 farRaw=0/0 lost=0/0 not_have=0 final=72/91 flags=0/0
LineErr: aim=41 cxcy=84.0,119.6 left=0:0.00@-1,-1 dx=0.0 idx=-1/-1 dist=-1/-1 right=1:47.63@50,112 dx=-33.6 idx=7/25 dist=41/217 sel=1:52.56@42,110 dx=-42.5 idx=0/20 dist=40/180 edge=0:0.00@-1.0,-1.0 dx=0.0 width=0.0 l=-1,-1 r=55,86
ATGSeedDiag: seed=0@-1,-1/1@131,108 begin=7,108 block=5 clip=8
ATGLptDiag: best=-1(-57295.8) imip=-1/-1 pass=00000 acc=-1 ipm=-1.0,-1.0 inv=-1.0,-1.0 | 56(29.0) imip=46/66 pass=10111 acc=-1 ipm=7.4,47.9 inv=14.2,28.6
frame=559 line=1 track=1 cross=0 circle=0(CIRCLE_NONE) round=0 yroad=0 ramp=0 road=3 speed=0 near=0/73 raw=0/170 sel=73/94 far=0/0 far_raw=0/0 l=0@-1/0@-1 far_l=0@-1/0@-1 straight=0/1 far_straight=0/0 circle_cnt=0/0/0/0 lost=0/0 conf=0.0/23.2/0.0/0.0 dist=0 begin=0/0 m0=(84,119) ml=(43,110) md=41/1/194 cxcy=84.0,119.6 guide=52.13 atg=-60.0/-60.0/-60.0 pure=12.09/7.56 yaw=-4170 cmd=-4500 actual=-2309 signed=0 rps=8387/0:8664/6008 duty=18/0 pwm=PWM2:18/PWM1:0 motor=2:18/1:0
CrossDiag: type=CROSS_NONE track=1 half_lr=0/0 nearL=0@-1/0@-1 nearNum=0/73 centerNum=0/73 farL=0@-1/0@-1 farNum=0/0 farRaw=0/0 lost=0/0 not_have=0 final=73/94 flags=0/0
LineErr: aim=41 cxcy=84.0,119.6 left=0:0.00@-1,-1 dx=0.0 idx=-1/-1 dist=-1/-1 right=1:45.66@53,113 dx=-30.6 idx=6/23 dist=40/225 sel=1:51.97@43,110 dx=-41.3 idx=0/20 dist=40/186 edge=0:0.00@-1.0,-1.0 dx=0.0 width=0.0 l=-1,-1 r=54,86
ATGSeedDiag: seed=0@-1,-1/1@130,108 begin=7,108 block=5 clip=8
ATGLptDiag: best=-1(-57295.8) imip=-1/-1 pass=00000 acc=-1 ipm=-1.0,-1.0 inv=-1.0,-1.0 | 55(23.2) imip=45/65 pass=10111 acc=-1 ipm=8.6,48.5 inv=14.8,28.9
frame=561 line=1 track=1 cross=0 circle=0(CIRCLE_NONE) round=0 yroad=0 ramp=0 road=3 speed=0 near=0/73 raw=0/170 sel=73/96 far=0/0 far_raw=0/0 l=0@-1/0@-1 far_l=0@-1/0@-1 straight=0/1 far_straight=0/0 circle_cnt=0/0/0/0 lost=0/0 conf=0.0/24.6/0.0/0.0 dist=0 begin=0/0 m0=(84,119) ml=(43,111) md=41/1/203 cxcy=84.0,119.6 guide=52.49 atg=-60.0/-60.0/-60.0 pure=12.13/7.45 yaw=-4199 cmd=-4500 actual=-2322 signed=0 rps=8368/0:8527/5447 duty=18/0 pwm=PWM2:18/PWM1:0 motor=2:18/1:0
CrossDiag: type=CROSS_NONE track=1 half_lr=0/0 nearL=0@-1/0@-1 nearNum=0/73 centerNum=0/73 farL=0@-1/0@-1 farNum=0/0 farRaw=0/0 lost=0/0 not_have=0 final=73/96 flags=0/0
LineErr: aim=41 cxcy=84.0,119.6 left=0:0.00@-1,-1 dx=0.0 idx=-1/-1 dist=-1/-1 right=1:47.08@52,113 dx=-31.7 idx=6/23 dist=41/227 sel=1:52.25@43,111 dx=-40.9 idx=0/20 dist=40/190 edge=0:0.00@-1.0,-1.0 dx=0.0 width=0.0 l=-1,-1 r=53,87
ATGSeedDiag: seed=0@-1,-1/1@128,108 begin=7,108 block=5 clip=8
ATGLptDiag: best=-1(-57295.8) imip=-1/-1 pass=00000 acc=-1 ipm=-1.0,-1.0 inv=-1.0,-1.0 | 52(24.6) imip=42/62 pass=10111 acc=-1 ipm=14.2,50.9 inv=18.0,29.8
frame=562 line=1 track=1 cross=0 circle=0(CIRCLE_NONE) round=0 yroad=0 ramp=0 road=3 speed=0 near=0/73 raw=0/170 sel=73/97 far=0/0 far_raw=0/0 l=0@-1/0@-1 far_l=0@-1/0@-1 straight=0/1 far_straight=0/0 circle_cnt=0/0/0/0 lost=0/0 conf=0.0/20.7/0.0/0.0 dist=0 begin=0/0 m0=(84,119) ml=(43,112) md=41/1/209 cxcy=84.0,119.6 guide=53.13 atg=-60.0/-60.0/-60.0 pure=12.09/7.36 yaw=-4250 cmd=-4500 actual=-2318 signed=0 rps=8334/0:7939/5192 duty=19/0 pwm=PWM2:19/PWM1:0 motor=2:19/1:0
CrossDiag: type=CROSS_NONE track=1 half_lr=0/0 nearL=0@-1/0@-1 nearNum=0/73 centerNum=0/73 farL=0@-1/0@-1 farNum=0/0 farRaw=0/0 lost=0/0 not_have=0 final=73/97 flags=0/0
LineErr: aim=41 cxcy=84.0,119.6 left=0:0.00@-1,-1 dx=0.0 idx=-1/-1 dist=-1/-1 right=1:48.04@52,114 dx=-32.4 idx=6/23 dist=40/226 sel=1:53.04@43,112 dx=-41.3 idx=0/20 dist=40/192 edge=0:0.00@-1.0,-1.0 dx=0.0 width=0.0 l=-1,-1 r=55,87
ATGSeedDiag: seed=0@-1,-1/1@127,108 begin=7,108 block=5 clip=8
ATGLptDiag: best=-1(-57295.8) imip=-1/-1 pass=00000 acc=-1 ipm=-1.0,-1.0 inv=-1.0,-1.0 | 52(20.7) imip=42/62 pass=10111 acc=-1 ipm=18.8,49.0 inv=22.6,29.0
frame=563 line=1 track=1 cross=0 circle=0(CIRCLE_NONE) round=0 yroad=0 ramp=0 road=3 speed=0 near=0/74 raw=0/170 sel=74/99 far=0/0 far_raw=0/0 l=0@-1/0@-1 far_l=0@-1/0@-1 straight=0/1 far_straight=0/0 circle_cnt=0/0/0/0 lost=0/0 conf=0.0/22.4/0.0/0.0 dist=0 begin=0/0 m0=(84,119) ml=(43,112) md=41/1/214 cxcy=84.0,119.6 guide=53.16 atg=-60.0/-60.0/-60.0 pure=12.05/7.28 yaw=-4253 cmd=-4500 actual=-2301 signed=0 rps=8332/0:8120/5465 duty=18/0 pwm=PWM2:18/PWM1:0 motor=2:18/1:0
CrossDiag: type=CROSS_NONE track=1 half_lr=0/0 nearL=0@-1/0@-1 nearNum=0/74 centerNum=0/74 farL=0@-1/0@-1 farNum=0/0 farRaw=0/0 lost=0/0 not_have=0 final=74/99 flags=0/0
LineErr: aim=41 cxcy=84.0,119.6 left=0:0.00@-1,-1 dx=0.0 idx=-1/-1 dist=-1/-1 right=1:48.34@51,114 dx=-32.8 idx=6/23 dist=41/231 sel=1:53.05@43,112 dx=-41.3 idx=0/20 dist=40/196 edge=0:0.00@-1.0,-1.0 dx=0.0 width=0.0 l=-1,-1 r=55,88
ATGSeedDiag: seed=0@-1,-1/1@127,108 begin=7,108 block=5 clip=8
ATGLptDiag: best=-1(-57295.8) imip=-1/-1 pass=00000 acc=-1 ipm=-1.0,-1.0 inv=-1.0,-1.0 | 51(22.4) imip=41/61 pass=10111 acc=-1 ipm=19.8,49.5 inv=23.1,29.2
frame=564 line=1 track=1 cross=0 circle=0(CIRCLE_NONE) round=0 yroad=0 ramp=0 road=3 speed=0 near=0/75 raw=0/170 sel=75/100 far=0/0 far_raw=0/0 l=0@-1/0@-1 far_l=0@-1/0@-1 straight=0/1 far_straight=0/0 circle_cnt=0/0/0/0 lost=0/0 conf=0.0/16.9/0.0/0.0 dist=0 begin=0/0 m0=(84,119) ml=(43,111) md=41/1/217 cxcy=84.0,119.6 guide=52.75 atg=-60.0/-60.0/-60.0 pure=11.88/7.19 yaw=-4220 cmd=-4500 actual=-2286 signed=0 rps=8354/0:8546/5647 duty=18/0 pwm=PWM2:18/PWM1:0 motor=2:18/1:0
CrossDiag: type=CROSS_NONE track=1 half_lr=0/0 nearL=0@-1/0@-1 nearNum=0/75 centerNum=0/75 farL=0@-1/0@-1 farNum=0/0 farRaw=0/0 lost=0/0 not_have=0 final=75/100 flags=0/0
LineErr: aim=41 cxcy=84.0,119.6 left=0:0.00@-1,-1 dx=0.0 idx=-1/-1 dist=-1/-1 right=1:47.27@53,114 dx=-31.5 idx=6/22 dist=40/233 sel=1:52.72@43,111 dx=-41.5 idx=0/20 dist=40/198 edge=0:0.00@-1.0,-1.0 dx=0.0 width=0.0 l=-1,-1 r=54,87
ATGSeedDiag: seed=0@-1,-1/1@126,108 begin=7,108 block=5 clip=8
ATGLptDiag: best=-1(-57295.8) imip=-1/-1 pass=00000 acc=-1 ipm=-1.0,-1.0 inv=-1.0,-1.0 | 49(16.9) imip=39/59 pass=10111 acc=-1 ipm=18.9,52.8 inv=20.8,30.5
frame=565 line=1 track=1 cross=0 circle=0(CIRCLE_NONE) round=0 yroad=0 ramp=0 road=3 speed=0 near=0/78 raw=0/170 sel=78/104 far=0/0 far_raw=0/0 l=0@-1/0@-1 far_l=0@-1/0@-1 straight=0/1 far_straight=0/0 circle_cnt=0/0/0/0 lost=0/0 conf=0.0/18.7/0.0/0.0 dist=0 begin=0/0 m0=(84,119) ml=(42,111) md=42/1/227 cxcy=84.0,119.6 guide=52.11 atg=-60.0/-60.0/-60.0 pure=11.80/7.12 yaw=-4168 cmd=-4500 actual=-2281 signed=0 rps=8388/0:8586/5536 duty=18/0 pwm=PWM2:18/PWM1:0 motor=2:18/1:0
CrossDiag: type=CROSS_NONE track=1 half_lr=0/0 nearL=0@-1/0@-1 nearNum=0/78 centerNum=0/78 farL=0@-1/0@-1 farNum=0/0 farRaw=0/0 lost=0/0 not_have=0 final=78/104 flags=0/0
LineErr: aim=41 cxcy=84.0,119.6 left=0:0.00@-1,-1 dx=0.0 idx=-1/-1 dist=-1/-1 right=1:47.58@52,114 dx=-32.0 idx=6/22 dist=40/245 sel=1:52.56@42,111 dx=-41.6 idx=0/20 dist=40/206 edge=0:0.00@-1.0,-1.0 dx=0.0 width=0.0 l=-1,-1 r=54,87
ATGSeedDiag: seed=0@-1,-1/1@125,108 begin=7,108 block=5 clip=8
ATGLptDiag: best=-1(-57295.8) imip=-1/-1 pass=00000 acc=-1 ipm=-1.0,-1.0 inv=-1.0,-1.0 | 51(18.7) imip=41/61 pass=10111 acc=-1 ipm=20.8,46.9 inv=25.1,28.2
frame=566 line=1 track=1 cross=0 circle=0(CIRCLE_NONE) round=0 yroad=0 ramp=0 road=3 speed=0 near=0/78 raw=0/170 sel=78/105 far=0/0 far_raw=0/0 l=0@-1/0@-1 far_l=0@-1/0@-1 straight=0/0 far_straight=0/0 circle_cnt=0/0/0/0 lost=0/0 conf=0.0/21.4/0.0/0.0 dist=0 begin=0/0 m0=(84,119) ml=(42,111) md=42/1/228 cxcy=84.0,119.6 guide=52.22 atg=-60.0/-60.0/-60.0 pure=11.74/7.03 yaw=-4177 cmd=-4500 actual=-2312 signed=0 rps=8382/0:9130/5988 duty=17/0 pwm=PWM2:17/PWM1:0 motor=2:17/1:0
CrossDiag: type=CROSS_NONE track=1 half_lr=0/0 nearL=0@-1/0@-1 nearNum=0/78 centerNum=0/78 farL=0@-1/0@-1 farNum=0/0 farRaw=0/0 lost=0/0 not_have=0 final=78/105 flags=0/0
LineErr: aim=41 cxcy=84.0,119.6 left=0:0.00@-1,-1 dx=0.0 idx=-1/-1 dist=-1/-1 right=1:48.15@51,113 dx=-32.8 idx=6/22 dist=41/246 sel=1:52.67@42,111 dx=-41.6 idx=0/20 dist=40/208 edge=0:0.00@-1.0,-1.0 dx=0.0 width=0.0 l=-1,-1 r=54,87
ATGSeedDiag: seed=0@-1,-1/1@124,108 begin=7,108 block=5 clip=8
ATGLptDiag: best=-1(-57295.8) imip=-1/-1 pass=00000 acc=-1 ipm=-1.0,-1.0 inv=-1.0,-1.0 | 50(21.4) imip=40/60 pass=10111 acc=-1 ipm=22.2,47.4 inv=25.9,28.4
frame=567 line=1 track=1 cross=0 circle=0(CIRCLE_NONE) round=0 yroad=0 ramp=0 road=3 speed=0 near=0/77 raw=0/170 sel=77/104 far=0/0 far_raw=0/0 l=0@-1/0@-1 far_l=0@-1/0@-1 straight=0/0 far_straight=0/0 circle_cnt=0/0/0/0 lost=0/0 conf=0.0/22.6/0.0/0.0 dist=0 begin=0/0 m0=(84,119) ml=(43,111) md=41/1/226 cxcy=84.0,119.6 guide=52.87 atg=-60.0/-60.0/-60.0 pure=11.74/6.96 yaw=-4230 cmd=-4500 actual=-2333 signed=0 rps=8347/0:8729/5910 duty=18/0 pwm=PWM2:18/PWM1:0 motor=2:18/1:0
CrossDiag: type=CROSS_NONE track=1 half_lr=0/0 nearL=0@-1/0@-1 nearNum=0/77 centerNum=0/77 farL=0@-1/0@-1 farNum=0/0 farRaw=0/0 lost=0/0 not_have=0 final=77/104 flags=0/0
LineErr: aim=41 cxcy=84.0,119.6 left=0:0.00@-1,-1 dx=0.0 idx=-1/-1 dist=-1/-1 right=1:48.94@50,113 dx=-33.7 idx=6/22 dist=41/247 sel=1:52.82@43,111 dx=-41.4 idx=0/20 dist=40/206 edge=0:0.00@-1.0,-1.0 dx=0.0 width=0.0 l=-1,-1 r=53,87
ATGSeedDiag: seed=0@-1,-1/1@123,108 begin=7,108 block=5 clip=8
ATGLptDiag: best=-1(-57295.8) imip=-1/-1 pass=00000 acc=-1 ipm=-1.0,-1.0 inv=-1.0,-1.0 | 47(22.6) imip=37/57 pass=10111 acc=-1 ipm=23.6,52.1 inv=24.9,30.2
frame=568 line=1 track=1 cross=0 circle=0(CIRCLE_NONE) round=0 yroad=0 ramp=0 road=3 speed=0 near=0/77 raw=0/170 sel=77/105 far=0/0 far_raw=0/0 l=0@-1/0@-1 far_l=0@-1/0@-1 straight=0/1 far_straight=0/0 circle_cnt=0/0/0/0 lost=0/0 conf=0.0/15.2/0.0/0.0 dist=0 begin=0/0 m0=(84,119) ml=(44,112) md=40/1/228 cxcy=84.0,119.6 guide=52.97 atg=-60.0/-60.0/-60.0 pure=11.91/6.97 yaw=-4238 cmd=-4500 actual=-2338 signed=0 rps=8342/0:8698/6022 duty=18/0 pwm=PWM2:18/PWM1:0 motor=2:18/1:0
CrossDiag: type=CROSS_NONE track=1 half_lr=0/0 nearL=0@-1/0@-1 nearNum=0/77 centerNum=0/77 farL=0@-1/0@-1 farNum=0/0 farRaw=0/0 lost=0/0 not_have=0 final=77/105 flags=0/0
LineErr: aim=41 cxcy=84.0,119.6 left=0:0.00@-1,-1 dx=0.0 idx=-1/-1 dist=-1/-1 right=1:48.95@51,114 dx=-32.8 idx=5/21 dist=40/246 sel=1:52.61@44,112 dx=-40.1 idx=0/20 dist=40/208 edge=0:0.00@-1.0,-1.0 dx=0.0 width=0.0 l=-1,-1 r=54,88
ATGSeedDiag: seed=0@-1,-1/1@121,108 begin=7,108 block=5 clip=8
ATGLptDiag: best=-1(-57295.8) imip=-1/-1 pass=00000 acc=-1 ipm=-1.0,-1.0 inv=-1.0,-1.0 | 44(15.2) imip=34/54 pass=10111 acc=-1 ipm=26.8,56.5 inv=25.4,32.1
frame=569 line=1 track=1 cross=0 circle=0(CIRCLE_NONE) round=0 yroad=0 ramp=0 road=3 speed=0 near=0/77 raw=0/170 sel=77/105 far=0/0 far_raw=0/0 l=0@-1/0@-1 far_l=0@-1/0@-1 straight=0/0 far_straight=0/0 circle_cnt=0/0/0/0 lost=0/0 conf=0.0/20.6/0.0/0.0 dist=0 begin=0/0 m0=(84,119) ml=(44,112) md=40/1/227 cxcy=84.0,119.6 guide=53.05 atg=-60.0/-60.0/-60.0 pure=11.93/6.88 yaw=-4244 cmd=-4500 actual=-2336 signed=0 rps=8338/0:8560/6063 duty=18/0 pwm=PWM2:18/PWM1:0 motor=2:18/1:0
CrossDiag: type=CROSS_NONE track=1 half_lr=0/0 nearL=0@-1/0@-1 nearNum=0/77 centerNum=0/77 farL=0@-1/0@-1 farNum=0/0 farRaw=0/0 lost=0/0 not_have=0 final=77/105 flags=0/0
LineErr: aim=41 cxcy=84.0,119.6 left=0:0.00@-1,-1 dx=0.0 idx=-1/-1 dist=-1/-1 right=1:48.66@52,115 dx=-31.6 idx=5/20 dist=40/248 sel=1:52.79@44,112 dx=-39.9 idx=0/20 dist=40/208 edge=0:0.00@-1.0,-1.0 dx=0.0 width=0.0 l=-1,-1 r=54,88
ATGSeedDiag: seed=0@-1,-1/1@120,108 begin=7,108 block=5 clip=8
ATGLptDiag: best=-1(-57295.8) imip=-1/-1 pass=00000 acc=-1 ipm=-1.0,-1.0 inv=-1.0,-1.0 | 44(20.6) imip=34/54 pass=10111 acc=-1 ipm=30.2,54.6 inv=29.2,31.2
frame=570 line=1 track=1 cross=0 circle=0(CIRCLE_NONE) round=0 yroad=0 ramp=0 road=3 speed=0 near=0/78 raw=0/170 sel=78/105 far=0/0 far_raw=0/0 l=0@-1/0@-1 far_l=0@-1/0@-1 straight=0/0 far_straight=0/0 circle_cnt=0/0/0/0 lost=0/0 conf=0.0/21.1/0.0/0.0 dist=0 begin=0/0 m0=(84,119) ml=(44,112) md=40/1/229 cxcy=84.0,119.6 guide=53.30 atg=-60.0/-60.0/-60.0 pure=11.80/6.75 yaw=-4264 cmd=-4500 actual=-2315 signed=0 rps=8324/0:7969/5554 duty=19/0 pwm=PWM2:19/PWM1:0 motor=2:19/1:0
CrossDiag: type=CROSS_NONE track=1 half_lr=0/0 nearL=0@-1/0@-1 nearNum=0/78 centerNum=0/78 farL=0@-1/0@-1 farNum=0/0 farRaw=0/0 lost=0/0 not_have=0 final=78/105 flags=0/0
LineErr: aim=41 cxcy=84.0,119.6 left=0:0.00@-1,-1 dx=0.0 idx=-1/-1 dist=-1/-1 right=1:49.43@51,115 dx=-32.7 idx=5/20 dist=40/247 sel=1:52.94@44,112 dx=-40.1 idx=0/20 dist=40/208 edge=0:0.00@-1.0,-1.0 dx=0.0 width=0.0 l=-1,-1 r=53,88
ATGSeedDiag: seed=0@-1,-1/1@119,108 begin=7,108 block=5 clip=8
ATGLptDiag: best=-1(-57295.8) imip=-1/-1 pass=00000 acc=-1 ipm=-1.0,-1.0 inv=-1.0,-1.0 | 40(21.1) imip=30/50 pass=10111 acc=-1 ipm=31.1,62.0 inv=26.5,34.6
frame=571 line=1 track=1 cross=0 circle=0(CIRCLE_NONE) round=0 yroad=0 ramp=0 road=3 speed=0 near=0/78 raw=0/170 sel=78/106 far=0/0 far_raw=0/0 l=0@-1/0@-1 far_l=0@-1/0@-1 straight=0/1 far_straight=0/0 circle_cnt=0/0/0/0 lost=0/0 conf=0.0/27.4/0.0/0.0 dist=0 begin=0/0 m0=(84,119) ml=(44,112) md=40/1/231 cxcy=84.0,119.6 guide=53.47 atg=-60.0/-60.0/-60.0 pure=11.71/6.62 yaw=-4278 cmd=-4500 actual=-2286 signed=0 rps=8315/0:8532/5661 duty=18/0 pwm=PWM2:18/PWM1:0 motor=2:18/1:0
CrossDiag: type=CROSS_NONE track=1 half_lr=0/0 nearL=0@-1/0@-1 nearNum=0/78 centerNum=0/78 farL=0@-1/0@-1 farNum=0/0 farRaw=0/0 lost=0/0 not_have=0 final=78/106 flags=0/0
LineErr: aim=41 cxcy=84.0,119.6 left=0:0.00@-1,-1 dx=0.0 idx=-1/-1 dist=-1/-1 right=1:50.06@50,115 dx=-33.6 idx=5/20 dist=40/246 sel=1:52.99@44,112 dx=-40.3 idx=0/20 dist=40/210 edge=0:0.00@-1.0,-1.0 dx=0.0 width=0.0 l=-1,-1 r=53,88
ATGSeedDiag: seed=0@-1,-1/1@118,108 begin=7,108 block=5 clip=8
ATGLptDiag: best=-1(-57295.8) imip=-1/-1 pass=00000 acc=-1 ipm=-1.0,-1.0 inv=-1.0,-1.0 | 76(27.4) imip=66/77 pass=10101 acc=-1 ipm=106.8,47.1 inv=91.3,27.9
frame=572 line=1 track=1 cross=0 circle=0(CIRCLE_NONE) round=0 yroad=0 ramp=0 road=3 speed=0 near=0/78 raw=0/170 sel=78/106 far=0/0 far_raw=0/0 l=0@-1/0@-1 far_l=0@-1/0@-1 straight=0/1 far_straight=0/0 circle_cnt=0/0/0/0 lost=0/0 conf=0.0/18.3/0.0/0.0 dist=0 begin=0/0 m0=(84,119) ml=(43,112) md=41/1/231 cxcy=84.0,119.6 guide=53.19 atg=-60.0/-60.0/-60.0 pure=11.63/6.49 yaw=-4255 cmd=-4500 actual=-2284 signed=0 rps=8330/0:8362/5285 duty=18/0 pwm=PWM2:18/PWM1:0 motor=2:18/1:0
CrossDiag: type=CROSS_NONE track=1 half_lr=0/0 nearL=0@-1/0@-1 nearNum=0/78 centerNum=0/78 farL=0@-1/0@-1 farNum=0/0 farRaw=0/0 lost=0/0 not_have=0 final=78/106 flags=0/0
LineErr: aim=41 cxcy=84.0,119.6 left=0:0.00@-1,-1 dx=0.0 idx=-1/-1 dist=-1/-1 right=1:50.90@49,115 dx=-34.6 idx=5/20 dist=42/249 sel=1:53.16@43,112 dx=-40.6 idx=0/20 dist=40/210 edge=0:0.00@-1.0,-1.0 dx=0.0 width=0.0 l=-1,-1 r=55,89
ATGSeedDiag: seed=0@-1,-1/1@117,108 begin=7,108 block=5 clip=8
ATGLptDiag: best=-1(-57295.8) imip=-1/-1 pass=00000 acc=-1 ipm=-1.0,-1.0 inv=-1.0,-1.0 | 40(18.3) imip=30/50 pass=10111 acc=-1 ipm=35.8,58.6 inv=32.3,33.0
frame=573 line=1 track=1 cross=0 circle=0(CIRCLE_NONE) round=0 yroad=0 ramp=0 road=3 speed=0 near=0/78 raw=0/170 sel=78/106 far=0/0 far_raw=0/0 l=0@-1/0@-1 far_l=0@-1/0@-1 straight=0/1 far_straight=0/0 circle_cnt=0/0/0/0 lost=0/0 conf=0.0/17.3/0.0/0.0 dist=0 begin=0/0 m0=(84,119) ml=(44,112) md=40/1/231 cxcy=84.0,119.6 guide=52.78 atg=-60.0/-60.0/-60.0 pure=11.57/6.40 yaw=-4222 cmd=-4500 actual=-2288 signed=0 rps=8353/0:8972/5572 duty=17/0 pwm=PWM2:17/PWM1:0 motor=2:17/1:0
CrossDiag: type=CROSS_NONE track=1 half_lr=0/0 nearL=0@-1/0@-1 nearNum=0/78 centerNum=0/78 farL=0@-1/0@-1 farNum=0/0 farRaw=0/0 lost=0/0 not_have=0 final=78/106 flags=0/0
LineErr: aim=41 cxcy=84.0,119.6 left=0:0.00@-1,-1 dx=0.0 idx=-1/-1 dist=-1/-1 right=1:51.14@49,114 dx=-35.2 idx=5/20 dist=42/247 sel=1:52.95@44,112 dx=-40.3 idx=0/20 dist=40/210 edge=0:0.00@-1.0,-1.0 dx=0.0 width=0.0 l=-1,-1 r=55,89
ATGSeedDiag: seed=0@-1,-1/1@117,108 begin=7,108 block=5 clip=8
ATGLptDiag: best=-1(-57295.8) imip=-1/-1 pass=00000 acc=-1 ipm=-1.0,-1.0 inv=-1.0,-1.0 | 39(17.3) imip=29/49 pass=10111 acc=-1 ipm=37.0,59.7 inv=32.8,33.5
frame=574 line=1 track=1 cross=0 circle=0(CIRCLE_NONE) round=0 yroad=0 ramp=0 road=3 speed=0 near=1/79 raw=170/170 sel=79/106 far=0/0 far_raw=0/0 l=0@-1/0@-1 far_l=0@-1/0@-1 straight=0/1 far_straight=0/0 circle_cnt=0/0/0/0 lost=0/0 conf=0.0/17.0/0.0/0.0 dist=0 begin=0/0 m0=(84,119) ml=(44,112) md=40/1/230 cxcy=84.0,119.6 guide=52.86 atg=-60.0/-60.0/-60.0 pure=11.48/6.31 yaw=-4229 cmd=-4500 actual=-2297 signed=0 rps=8348/0:9018/5701 duty=17/0 pwm=PWM2:17/PWM1:0 motor=2:17/1:0
CrossDiag: type=CROSS_NONE track=1 half_lr=0/0 nearL=0@-1/0@-1 nearNum=1/79 centerNum=1/79 farL=0@-1/0@-1 farNum=0/0 farRaw=0/0 lost=0/0 not_have=0 final=79/106 flags=0/0
LineErr: aim=41 cxcy=84.0,119.6 left=0:0.00@-1,-1 dx=0.0 idx=-1/-1 dist=-1/-1 right=1:50.54@50,115 dx=-34.1 idx=5/19 dist=40/244 sel=1:52.87@44,112 dx=-40.4 idx=0/20 dist=40/210 edge=0:0.00@-1.0,-1.0 dx=0.0 width=0.0 l=-1,-1 r=54,88
ATGSeedDiag: seed=1@7,91/1@115,108 begin=7,108 block=5 clip=8
ATGLptDiag: best=-1(-57295.8) imip=-1/-1 pass=00000 acc=-1 ipm=-1.0,-1.0 inv=-1.0,-1.0 | 38(17.0) imip=28/48 pass=10111 acc=-1 ipm=38.0,60.4 inv=33.4,33.8
frame=575 line=1 track=1 cross=0 circle=0(CIRCLE_NONE) round=0 yroad=0 ramp=0 road=3 speed=0 near=0/78 raw=0/170 sel=78/107 far=0/0 far_raw=0/0 l=0@-1/0@-1 far_l=0@-1/0@-1 straight=0/1 far_straight=0/0 circle_cnt=0/0/0/0 lost=0/0 conf=0.0/15.3/0.0/0.0 dist=0 begin=0/0 m0=(84,119) ml=(44,112) md=40/1/233 cxcy=84.0,119.6 guide=52.56 atg=-60.0/-60.0/-60.0 pure=11.38/6.05 yaw=-4204 cmd=-4500 actual=-2295 signed=0 rps=8364/0:8429/5658 duty=18/0 pwm=PWM2:18/PWM1:0 motor=2:18/1:0
CrossDiag: type=CROSS_NONE track=1 half_lr=0/0 nearL=0@-1/0@-1 nearNum=0/78 centerNum=0/78 farL=0@-1/0@-1 farNum=0/0 farRaw=0/0 lost=0/0 not_have=0 final=78/107 flags=0/0
LineErr: aim=41 cxcy=84.0,119.6 left=0:0.00@-1,-1 dx=0.0 idx=-1/-1 dist=-1/-1 right=1:51.65@48,114 dx=-36.4 idx=5/19 dist=42/247 sel=1:52.52@44,112 dx=-40.1 idx=0/20 dist=40/212 edge=0:0.00@-1.0,-1.0 dx=0.0 width=0.0 l=-1,-1 r=54,88
ATGSeedDiag: seed=0@-1,-1/1@113,108 begin=7,108 block=5 clip=8
ATGLptDiag: best=-1(-57295.8) imip=-1/-1 pass=00000 acc=-1 ipm=-1.0,-1.0 inv=-1.0,-1.0 | 34(15.3) imip=24/44 pass=10111 acc=-1 ipm=41.6,66.6 inv=34.0,37.0
frame=576 line=1 track=1 cross=0 circle=0(CIRCLE_NONE) round=0 yroad=0 ramp=0 road=3 speed=0 near=0/77 raw=0/170 sel=77/105 far=0/0 far_raw=0/0 l=0@-1/0@-1 far_l=0@-1/0@-1 straight=0/1 far_straight=0/0 circle_cnt=0/0/0/0 lost=0/0 conf=0.0/20.0/0.0/0.0 dist=0 begin=0/0 m0=(84,119) ml=(44,112) md=40/1/228 cxcy=84.0,119.6 guide=52.56 atg=-60.0/-60.0/-60.0 pure=11.28/5.89 yaw=-4204 cmd=-4500 actual=-2289 signed=0 rps=8364/0:8395/6003 duty=18/0 pwm=PWM2:18/PWM1:0 motor=2:18/1:0
CrossDiag: type=CROSS_NONE track=1 half_lr=0/0 nearL=0@-1/0@-1 nearNum=0/77 centerNum=0/77 farL=0@-1/0@-1 farNum=0/0 farRaw=0/0 lost=0/0 not_have=0 final=77/105 flags=0/0
LineErr: aim=41 cxcy=84.0,119.6 left=0:0.00@-1,-1 dx=0.0 idx=-1/-1 dist=-1/-1 right=1:51.35@49,115 dx=-35.0 idx=5/18 dist=42/241 sel=1:52.73@44,112 dx=-40.2 idx=0/20 dist=40/208 edge=0:0.00@-1.0,-1.0 dx=0.0 width=0.0 l=-1,-1 r=53,87
ATGSeedDiag: seed=0@-1,-1/1@112,108 begin=7,108 block=5 clip=8
ATGLptDiag: best=-1(-57295.8) imip=-1/-1 pass=00000 acc=-1 ipm=-1.0,-1.0 inv=-1.0,-1.0 | 33(20.0) imip=23/43 pass=10111 acc=-1 ipm=43.7,67.4 inv=35.6,37.5
frame=577 line=1 track=1 cross=0 circle=0(CIRCLE_NONE) round=0 yroad=0 ramp=0 road=3 speed=0 near=0/76 raw=0/170 sel=76/105 far=0/0 far_raw=0/0 l=0@-1/0@-1 far_l=0@-1/0@-1 straight=0/0 far_straight=0/0 circle_cnt=0/0/0/0 lost=0/0 conf=0.0/22.8/0.0/0.0 dist=0 begin=0/0 m0=(84,119) ml=(43,112) md=41/1/228 cxcy=84.0,119.6 guide=52.57 atg=-60.0/-60.0/-60.0 pure=11.45/5.84 yaw=-4205 cmd=-4500 actual=-2281 signed=0 rps=8364/0:7941/5728 duty=19/0 pwm=PWM2:19/PWM1:0 motor=2:19/1:0
CrossDiag: type=CROSS_NONE track=1 half_lr=0/0 nearL=0@-1/0@-1 nearNum=0/76 centerNum=0/76 farL=0@-1/0@-1 farNum=0/0 farRaw=0/0 lost=0/0 not_have=0 final=76/105 flags=0/0
LineErr: aim=41 cxcy=84.0,119.6 left=0:0.00@-1,-1 dx=0.0 idx=-1/-1 dist=-1/-1 right=1:51.26@50,116 dx=-33.9 idx=4/17 dist=40/239 sel=1:52.58@45,113 dx=-38.9 idx=0/20 dist=40/208 edge=0:0.00@-1.0,-1.0 dx=0.0 width=0.0 l=-1,-1 r=53,87
ATGSeedDiag: seed=0@-1,-1/1@111,108 begin=7,108 block=5 clip=8
ATGLptDiag: best=-1(-57295.8) imip=-1/-1 pass=00000 acc=-1 ipm=-1.0,-1.0 inv=-1.0,-1.0 | 30(22.8) imip=20/40 pass=10111 acc=-1 ipm=46.1,72.7 inv=35.7,40.7
frame=578 line=1 track=1 cross=0 circle=0(CIRCLE_NONE) round=0 yroad=0 ramp=0 road=3 speed=0 near=0/76 raw=0/170 sel=76/106 far=0/0 far_raw=0/0 l=0@-1/0@-1 far_l=0@-1/0@-1 straight=0/0 far_straight=0/0 circle_cnt=0/0/0/0 lost=0/0 conf=0.0/23.7/0.0/0.0 dist=0 begin=0/0 m0=(84,119) ml=(43,112) md=41/1/230 cxcy=84.0,119.6 guide=52.45 atg=-60.0/-60.0/-60.0 pure=11.37/5.70 yaw=-4196 cmd=-4500 actual=-2279 signed=0 rps=8370/0:8426/5946 duty=18/0 pwm=PWM2:18/PWM1:0 motor=2:18/1:0
CrossDiag: type=CROSS_NONE track=1 half_lr=0/0 nearL=0@-1/0@-1 nearNum=0/76 centerNum=0/76 farL=0@-1/0@-1 farNum=0/0 farRaw=0/0 lost=0/0 not_have=0 final=76/106 flags=0/0
LineErr: aim=41 cxcy=84.0,119.6 left=0:0.00@-1,-1 dx=0.0 idx=-1/-1 dist=-1/-1 right=1:51.77@49,115 dx=-35.1 idx=4/17 dist=42/242 sel=1:52.47@45,113 dx=-38.9 idx=0/20 dist=40/210 edge=0:0.00@-1.0,-1.0 dx=0.0 width=0.0 l=-1,-1 r=53,86
ATGSeedDiag: seed=0@-1,-1/1@110,108 begin=7,108 block=5 clip=8
ATGLptDiag: best=-1(-57295.8) imip=-1/-1 pass=00000 acc=-1 ipm=-1.0,-1.0 inv=-1.0,-1.0 | 31(23.7) imip=21/41 pass=10111 acc=-1 ipm=47.7,69.1 inv=38.8,38.5
frame=579 line=1 track=1 cross=0 circle=0(CIRCLE_NONE) round=0 yroad=0 ramp=0 road=3 speed=0 near=0/76 raw=0/170 sel=76/106 far=0/0 far_raw=0/0 l=0@-1/0@-1 far_l=0@-1/0@-1 straight=0/0 far_straight=0/0 circle_cnt=0/0/0/0 lost=0/0 conf=0.0/25.4/0.0/0.0 dist=0 begin=0/0 m0=(84,119) ml=(43,111) md=42/1/230 cxcy=84.0,119.6 guide=52.14 atg=-60.0/-60.0/-60.0 pure=11.27/5.54 yaw=-4171 cmd=-4500 actual=-2243 signed=0 rps=8386/0:8296/5821 duty=18/0 pwm=PWM2:18/PWM1:0 motor=2:18/1:0
CrossDiag: type=CROSS_NONE track=1 half_lr=0/0 nearL=0@-1/0@-1 nearNum=0/76 centerNum=0/76 farL=0@-1/0@-1 farNum=0/0 farRaw=0/0 lost=0/0 not_have=0 final=76/106 flags=0/0
LineErr: aim=41 cxcy=84.0,119.6 left=0:0.00@-1,-1 dx=0.0 idx=-1/-1 dist=-1/-1 right=1:51.26@50,116 dx=-33.7 idx=4/16 dist=40/242 sel=1:52.20@45,113 dx=-38.8 idx=0/20 dist=40/210 edge=0:0.00@-1.0,-1.0 dx=0.0 width=0.0 l=-1,-1 r=53,85
ATGSeedDiag: seed=0@-1,-1/1@109,108 begin=7,108 block=5 clip=8
ATGLptDiag: best=-1(-57295.8) imip=-1/-1 pass=00000 acc=-1 ipm=-1.0,-1.0 inv=-1.0,-1.0 | 28(25.4) imip=18/38 pass=10111 acc=-1 ipm=49.0,74.7 inv=37.9,42.0
frame=580 line=1 track=1 cross=0 circle=0(CIRCLE_NONE) round=0 yroad=0 ramp=0 road=3 speed=0 near=1/77 raw=170/170 sel=77/106 far=0/0 far_raw=0/0 l=0@-1/0@-1 far_l=0@-1/0@-1 straight=0/0 far_straight=0/0 circle_cnt=0/0/0/0 lost=0/0 conf=0.0/24.3/0.0/0.0 dist=0 begin=0/0 m0=(84,119) ml=(43,111) md=42/1/229 cxcy=84.0,119.6 guide=51.94 atg=-60.0/-60.0/-60.0 pure=11.18/5.43 yaw=-4155 cmd=-4500 actual=-2204 signed=0 rps=8397/0:9000/6191 duty=17/0 pwm=PWM2:17/PWM1:0 motor=2:17/1:0
CrossDiag: type=CROSS_NONE track=1 half_lr=0/0 nearL=0@-1/0@-1 nearNum=1/77 centerNum=1/77 farL=0@-1/0@-1 farNum=0/0 farRaw=0/0 lost=0/0 not_have=0 final=77/106 flags=0/0
LineErr: aim=41 cxcy=84.0,119.6 left=0:0.00@-1,-1 dx=0.0 idx=-1/-1 dist=-1/-1 right=1:51.37@49,115 dx=-34.7 idx=4/16 dist=42/244 sel=1:52.00@45,113 dx=-38.7 idx=0/20 dist=40/210 edge=0:0.00@-1.0,-1.0 dx=0.0 width=0.0 l=-1,-1 r=54,85
ATGSeedDiag: seed=1@13,97/1@108,108 begin=7,108 block=5 clip=8
ATGLptDiag: best=-1(-57295.8) imip=-1/-1 pass=00000 acc=-1 ipm=-1.0,-1.0 inv=-1.0,-1.0 | 28(24.3) imip=18/38 pass=10111 acc=-1 ipm=49.9,73.6 inv=39.3,41.3
frame=581 line=1 track=1 cross=0 circle=0(CIRCLE_NONE) round=0 yroad=0 ramp=0 road=3 speed=0 near=2/76 raw=170/170 sel=76/107 far=0/0 far_raw=0/0 l=0@-1/0@-1 far_l=0@-1/0@-1 straight=0/0 far_straight=0/0 circle_cnt=0/0/0/0 lost=0/0 conf=0.0/23.3/0.0/0.0 dist=0 begin=0/0 m0=(84,119) ml=(45,112) md=41/1/233 cxcy=84.0,119.6 guide=51.79 atg=-60.0/-60.0/-60.0 pure=11.12/5.31 yaw=-4143 cmd=-4500 actual=-2179 signed=0 rps=8405/0:9337/6300 duty=17/0 pwm=PWM2:17/PWM1:0 motor=2:17/1:0
CrossDiag: type=CROSS_NONE track=1 half_lr=0/0 nearL=0@-1/0@-1 nearNum=2/76 centerNum=2/76 farL=0@-1/0@-1 farNum=0/0 farRaw=0/0 lost=0/0 not_have=0 final=76/107 flags=0/0
LineErr: aim=41 cxcy=84.0,119.6 left=0:0.00@-1,-1 dx=0.0 idx=-1/-1 dist=-1/-1 right=1:51.25@50,116 dx=-33.7 idx=4/15 dist=40/248 sel=1:51.74@45,112 dx=-38.5 idx=0/20 dist=40/212 edge=0:0.00@-1.0,-1.0 dx=0.0 width=0.0 l=-1,-1 r=55,85
ATGSeedDiag: seed=1@9,102/1@106,108 begin=7,108 block=5 clip=8
ATGLptDiag: best=-1(-57295.8) imip=-1/-1 pass=00000 acc=-1 ipm=-1.0,-1.0 inv=-1.0,-1.0 | 27(23.3) imip=17/37 pass=10111 acc=-1 ipm=51.4,74.4 inv=40.5,41.8
frame=582 line=1 track=1 cross=0 circle=0(CIRCLE_NONE) round=0 yroad=0 ramp=0 road=3 speed=0 near=0/74 raw=0/170 sel=74/105 far=0/0 far_raw=0/0 l=0@-1/0@-1 far_l=0@-1/0@-1 straight=0/0 far_straight=0/0 circle_cnt=0/0/0/0 lost=0/0 conf=0.0/24.7/0.0/0.0 dist=0 begin=0/0 m0=(84,119) ml=(45,112) md=41/1/228 cxcy=84.0,119.6 guide=51.54 atg=-60.0/-60.0/-60.0 pure=11.03/5.15 yaw=-4123 cmd=-4500 actual=-2186 signed=0 rps=8418/0:8629/5768 duty=18/0 pwm=PWM2:18/PWM1:0 motor=2:18/1:0
CrossDiag: type=CROSS_NONE track=1 half_lr=0/0 nearL=0@-1/0@-1 nearNum=0/74 centerNum=0/74 farL=0@-1/0@-1 farNum=0/0 farRaw=0/0 lost=0/0 not_have=0 final=74/105 flags=0/0
LineErr: aim=41 cxcy=84.0,119.6 left=0:0.00@-1,-1 dx=0.0 idx=-1/-1 dist=-1/-1 right=1:51.53@49,115 dx=-34.8 idx=4/15 dist=42/241 sel=1:51.68@45,112 dx=-38.5 idx=0/20 dist=40/208 edge=0:0.00@-1.0,-1.0 dx=0.0 width=0.0 l=-1,-1 r=55,85
ATGSeedDiag: seed=0@-1,-1/1@105,108 begin=7,108 block=5 clip=8
ATGLptDiag: best=-1(-57295.8) imip=-1/-1 pass=00000 acc=-1 ipm=-1.0,-1.0 inv=-1.0,-1.0 | 27(24.7) imip=17/37 pass=10111 acc=-1 ipm=52.8,73.5 inv=42.4,41.1
frame=583 line=1 track=1 cross=0 circle=0(CIRCLE_NONE) round=0 yroad=0 ramp=0 road=3 speed=0 near=0/73 raw=0/170 sel=73/104 far=0/0 far_raw=0/0 l=0@-1/0@-1 far_l=0@-1/0@-1 straight=0/0 far_straight=0/0 circle_cnt=0/0/0/0 lost=0/0 conf=0.0/28.6/0.0/0.0 dist=0 begin=0/0 m0=(84,119) ml=(45,112) md=41/1/225 cxcy=84.0,119.6 guide=51.43 atg=-60.0/-60.0/-50.0 pure=10.92/4.94 yaw=-4115 cmd=-4500 actual=-2204 signed=0 rps=8424/0:8572/5814 duty=18/0 pwm=PWM2:18/PWM1:0 motor=2:18/1:0
CrossDiag: type=CROSS_NONE track=1 half_lr=0/0 nearL=0@-1/0@-1 nearNum=0/73 centerNum=0/73 farL=0@-1/0@-1 farNum=0/0 farRaw=0/0 lost=0/0 not_have=0 final=73/104 flags=0/0
LineErr: aim=41 cxcy=84.0,119.6 left=0:0.00@-1,-1 dx=0.0 idx=-1/-1 dist=-1/-1 right=1:51.42@51,116 dx=-33.5 idx=4/14 dist=40/241 sel=1:51.53@45,112 dx=-38.6 idx=0/20 dist=40/206 edge=0:0.00@-1.0,-1.0 dx=0.0 width=0.0 l=-1,-1 r=56,84
ATGSeedDiag: seed=0@-1,-1/1@104,108 begin=7,108 block=5 clip=8
ATGLptDiag: best=-1(-57295.8) imip=-1/-1 pass=00000 acc=-1 ipm=-1.0,-1.0 inv=-1.0,-1.0 | 25(28.6) imip=15/35 pass=10111 acc=-1 ipm=54.5,76.9 inv=42.8,43.5
frame=585 line=1 track=1 cross=0 circle=0(CIRCLE_NONE) round=0 yroad=0 ramp=0 road=3 speed=0 near=0/72 raw=0/170 sel=72/104 far=0/0 far_raw=0/0 l=0@-1/0@-1 far_l=0@-1/0@-1 straight=0/0 far_straight=0/0 circle_cnt=0/0/0/0 lost=0/0 conf=0.0/33.8/0.0/0.0 dist=0 begin=0/0 m0=(84,119) ml=(45,111) md=42/1/225 cxcy=84.0,119.6 guide=50.93 atg=-60.0/-60.0/-37.0 pure=11.02/4.67 yaw=-4074 cmd=-4474 actual=-2195 signed=0 rps=8416/0:8291/5963 duty=18/0 pwm=PWM2:18/PWM1:0 motor=2:18/1:0
CrossDiag: type=CROSS_NONE track=1 half_lr=0/0 nearL=0@-1/0@-1 nearNum=0/72 centerNum=0/72 farL=0@-1/0@-1 farNum=0/0 farRaw=0/0 lost=0/0 not_have=0 final=72/104 flags=0/0
LineErr: aim=41 cxcy=84.0,119.6 left=0:0.00@-1,-1 dx=0.0 idx=-1/-1 dist=-1/-1 right=1:51.48@52,118 dx=-31.7 idx=3/12 dist=40/244 sel=1:51.41@47,113 dx=-37.2 idx=0/20 dist=40/206 edge=0:0.00@-1.0,-1.0 dx=0.0 width=0.0 l=-1,-1 r=58,83
ATGSeedDiag: seed=0@-1,-1/1@101,108 begin=7,108 block=5 clip=8
ATGLptDiag: best=-1(-57295.8) imip=-1/-1 pass=00000 acc=-1 ipm=-1.0,-1.0 inv=-1.0,-1.0 | 22(33.8) imip=12/32 pass=10111 acc=-1 ipm=57.8,81.2 inv=44.9,46.8
frame=586 line=1 track=1 cross=0 circle=0(CIRCLE_NONE) round=0 yroad=0 ramp=0 road=3 speed=0 near=0/71 raw=0/170 sel=71/104 far=0/0 far_raw=0/0 l=0@-1/0@-1 far_l=0@-1/0@-1 straight=0/0 far_straight=0/0 circle_cnt=0/0/0/0 lost=0/0 conf=0.0/34.1/0.0/0.0 dist=0 begin=0/0 m0=(84,119) ml=(45,111) md=42/1/224 cxcy=84.0,119.6 guide=50.93 atg=-60.0/-60.0/-31.0 pure=10.93/4.48 yaw=-4074 cmd=-4474 actual=-2171 signed=0 rps=8416/0:8799/6354 duty=18/0 pwm=PWM2:18/PWM1:0 motor=2:18/1:0
CrossDiag: type=CROSS_NONE track=1 half_lr=0/0 nearL=0@-1/0@-1 nearNum=0/71 centerNum=0/71 farL=0@-1/0@-1 farNum=0/0 farRaw=0/0 lost=0/0 not_have=0 final=71/104 flags=0/0
LineErr: aim=41 cxcy=84.0,119.6 left=0:0.00@-1,-1 dx=0.0 idx=-1/-1 dist=-1/-1 right=1:51.51@51,117 dx=-32.9 idx=3/12 dist=41/238 sel=1:51.21@47,113 dx=-37.0 idx=0/20 dist=40/206 edge=0:0.00@-1.0,-1.0 dx=0.0 width=0.0 l=-1,-1 r=59,82
ATGSeedDiag: seed=0@-1,-1/1@100,108 begin=7,108 block=5 clip=8
ATGLptDiag: best=-1(-57295.8) imip=-1/-1 pass=00000 acc=-1 ipm=-1.0,-1.0 inv=-1.0,-1.0 | 21(34.1) imip=11/31 pass=10111 acc=-1 ipm=59.2,82.5 inv=46.0,47.9
frame=587 line=1 track=1 cross=0 circle=0(CIRCLE_NONE) round=0 yroad=0 ramp=0 road=3 speed=0 near=0/69 raw=0/170 sel=69/103 far=0/0 far_raw=0/0 l=0@-1/0@-1 far_l=0@-1/0@-1 straight=0/0 far_straight=0/0 circle_cnt=0/0/0/0 lost=0/0 conf=0.0/32.8/0.0/0.0 dist=0 begin=0/0 m0=(84,119) ml=(45,111) md=41/1/220 cxcy=84.0,119.6 guide=50.36 atg=-60.0/-60.0/-31.0 pure=11.17/4.51 yaw=-4029 cmd=-4429 actual=-2130 signed=0 rps=8384/0:8658/6052 duty=18/0 pwm=PWM2:18/PWM1:0 motor=2:18/1:0
CrossDiag: type=CROSS_NONE track=1 half_lr=0/0 nearL=0@-1/0@-1 nearNum=0/69 centerNum=0/69 farL=0@-1/0@-1 farNum=0/0 farRaw=0/0 lost=0/0 not_have=0 final=69/103 flags=0/0
LineErr: aim=41 cxcy=84.0,119.6 left=0:0.00@-1,-1 dx=0.0 idx=-1/-1 dist=-1/-1 right=1:51.38@53,118 dx=-31.2 idx=2/11 dist=41/240 sel=1:51.27@48,114 dx=-35.8 idx=0/20 dist=40/204 edge=0:0.00@-1.0,-1.0 dx=0.0 width=0.0 l=-1,-1 r=60,82
ATGSeedDiag: seed=0@-1,-1/1@99,108 begin=7,108 block=5 clip=8
ATGLptDiag: best=-1(-57295.8) imip=-1/-1 pass=00000 acc=-1 ipm=-1.0,-1.0 inv=-1.0,-1.0 | 21(32.8) imip=11/31 pass=10111 acc=-1 ipm=60.4,81.8 inv=47.7,47.3
frame=590 line=1 track=1 cross=0 circle=0(CIRCLE_NONE) round=0 yroad=0 ramp=0 road=3 speed=0 near=0/65 raw=0/168 sel=65/100 far=0/0 far_raw=0/0 l=0@-1/0@-1 far_l=0@-1/0@-1 straight=0/0 far_straight=0/0 circle_cnt=0/0/0/0 lost=0/0 conf=0.0/32.0/0.0/0.0 dist=0 begin=0/0 m0=(84,119) ml=(46,111) md=41/1/213 cxcy=84.0,119.6 guide=49.23 atg=-60.0/-48.0/-15.0 pure=10.64/3.80 yaw=-3938 cmd=-4338 actual=-2097 signed=0 rps=8320/0:8438/6269 duty=18/0 pwm=PWM2:18/PWM1:0 motor=2:18/1:0
CrossDiag: type=CROSS_NONE track=1 half_lr=0/0 nearL=0@-1/0@-1 nearNum=0/65 centerNum=0/65 farL=0@-1/0@-1 farNum=0/0 farRaw=0/0 lost=0/0 not_have=0 final=65/100 flags=0/0
LineErr: aim=41 cxcy=84.0,119.6 left=0:0.00@-1,-1 dx=0.0 idx=-1/-1 dist=-1/-1 right=1:51.34@51,117 dx=-32.6 idx=2/10 dist=41/233 sel=1:50.44@48,113 dx=-36.2 idx=0/20 dist=40/198 edge=0:0.00@-1.0,-1.0 dx=0.0 width=0.0 l=-1,-1 r=65,79
ATGSeedDiag: seed=0@-1,-1/1@95,108 begin=7,108 block=5 clip=8
ATGLptDiag: best=-1(-57295.8) imip=-1/-1 pass=00000 acc=-1 ipm=-1.0,-1.0 inv=-1.0,-1.0 | 19(32.0) imip=9/29 pass=10111 acc=-1 ipm=63.8,83.3 inv=51.1,48.6
frame=591 line=1 track=1 cross=0 circle=0(CIRCLE_NONE) round=0 yroad=0 ramp=0 road=3 speed=0 near=0/64 raw=0/167 sel=64/101 far=0/0 far_raw=0/0 l=0@-1/0@-1 far_l=0@-1/0@-1 straight=0/0 far_straight=0/0 circle_cnt=0/0/0/0 lost=0/0 conf=0.0/35.8/0.0/0.0 dist=0 begin=0/0 m0=(84,119) ml=(46,111) md=41/1/212 cxcy=84.0,119.6 guide=49.12 atg=-60.0/-47.0/-14.0 pure=10.94/3.83 yaw=-3929 cmd=-4329 actual=-2084 signed=0 rps=8314/0:8400/6217 duty=18/0 pwm=PWM2:18/PWM1:0 motor=2:18/1:0
CrossDiag: type=CROSS_NONE track=1 half_lr=0/0 nearL=0@-1/0@-1 nearNum=0/64 centerNum=0/64 farL=0@-1/0@-1 farNum=0/0 farRaw=0/0 lost=0/0 not_have=0 final=64/101 flags=0/0
LineErr: aim=41 cxcy=84.0,119.6 left=0:0.00@-1,-1 dx=0.0 idx=-1/-1 dist=-1/-1 right=1:51.60@53,118 dx=-31.1 idx=1/9 dist=41/230 sel=1:50.86@49,114 dx=-34.9 idx=0/20 dist=40/200 edge=0:0.00@-1.0,-1.0 dx=0.0 width=0.0 l=-1,-1 r=66,78
ATGSeedDiag: seed=0@-1,-1/1@94,108 begin=7,108 block=5 clip=8
ATGLptDiag: best=-1(-57295.8) imip=-1/-1 pass=00000 acc=-1 ipm=-1.0,-1.0 inv=-1.0,-1.0 | 18(35.8) imip=8/28 pass=10111 acc=-1 ipm=64.7,85.1 inv=51.8,50.1
frame=592 line=1 track=1 cross=0 circle=0(CIRCLE_NONE) round=0 yroad=0 ramp=0 road=3 speed=0 near=0/62 raw=0/164 sel=62/99 far=0/0 far_raw=0/0 l=0@-1/0@-1 far_l=0@-1/0@-1 straight=0/0 far_straight=0/0 circle_cnt=0/0/0/0 lost=0/0 conf=0.0/35.6/0.0/0.0 dist=0 begin=0/0 m0=(84,119) ml=(46,110) md=42/1/208 cxcy=84.0,119.6 guide=49.16 atg=-60.0/-39.0/-9.0 pure=10.78/3.54 yaw=-3933 cmd=-4333 actual=-2093 signed=0 rps=8316/0:8242/5604 duty=18/0 pwm=PWM2:18/PWM1:0 motor=2:18/1:0
CrossDiag: type=CROSS_NONE track=1 half_lr=0/0 nearL=0@-1/0@-1 nearNum=0/62 centerNum=0/62 farL=0@-1/0@-1 farNum=0/0 farRaw=0/0 lost=0/0 not_have=0 final=62/99 flags=0/0
LineErr: aim=41 cxcy=84.0,119.6 left=0:0.00@-1,-1 dx=0.0 idx=-1/-1 dist=-1/-1 right=1:51.27@52,117 dx=-32.4 idx=1/9 dist=41/227 sel=1:50.47@49,114 dx=-34.9 idx=0/20 dist=40/196 edge=0:0.00@-1.0,-1.0 dx=0.0 width=0.0 l=-1,-1 r=69,78
ATGSeedDiag: seed=0@-1,-1/1@93,108 begin=7,108 block=5 clip=8
ATGLptDiag: best=-1(-57295.8) imip=-1/-1 pass=00000 acc=-1 ipm=-1.0,-1.0 inv=-1.0,-1.0 | 17(35.6) imip=7/27 pass=10111 acc=-1 ipm=66.1,86.6 inv=53.0,51.5
frame=593 line=1 track=1 cross=0 circle=0(CIRCLE_NONE) round=0 yroad=0 ramp=0 road=3 speed=0 near=0/59 raw=0/161 sel=59/97 far=0/0 far_raw=0/0 l=0@-1/0@-1 far_l=0@-1/0@-1 straight=0/0 far_straight=0/0 circle_cnt=0/0/0/0 lost=0/0 conf=0.0/34.9/0.0/0.0 dist=0 begin=0/0 m0=(84,119) ml=(48,111) md=40/1/206 cxcy=84.0,119.6 guide=48.48 atg=-60.0/-33.0/-6.0 pure=10.53/3.22 yaw=-3879 cmd=-4279 actual=-2098 signed=0 rps=8278/0:8729/5350 duty=17/0 pwm=PWM2:17/PWM1:0 motor=2:17/1:0
CrossDiag: type=CROSS_NONE track=1 half_lr=0/0 nearL=0@-1/0@-1 nearNum=0/59 centerNum=0/59 farL=0@-1/0@-1 farNum=0/0 farRaw=0/0 lost=0/0 not_have=0 final=59/97 flags=0/0
LineErr: aim=41 cxcy=84.0,119.6 left=0:0.00@-1,-1 dx=0.0 idx=-1/-1 dist=-1/-1 right=1:50.81@50,115 dx=-34.0 idx=1/9 dist=42/221 sel=1:50.09@49,113 dx=-35.2 idx=0/20 dist=40/192 edge=0:0.00@-1.0,-1.0 dx=0.0 width=0.0 l=-1,-1 r=70,79
ATGSeedDiag: seed=0@-1,-1/1@91,108 begin=7,108 block=5 clip=8
ATGLptDiag: best=-1(-57295.8) imip=-1/-1 pass=00000 acc=-1 ipm=-1.0,-1.0 inv=-1.0,-1.0 | 16(34.9) imip=6/26 pass=10111 acc=-1 ipm=67.1,87.8 inv=54.0,52.7
frame=595 line=1 track=1 cross=0 circle=0(CIRCLE_NONE) round=0 yroad=0 ramp=0 road=3 speed=0 near=1/57 raw=2/156 sel=57/96 far=0/0 far_raw=0/0 l=0@-1/0@-1 far_l=0@-1/0@-1 straight=0/0 far_straight=0/0 circle_cnt=0/0/0/0 lost=0/0 conf=0.0/35.6/0.0/0.0 dist=0 begin=0/0 m0=(84,119) ml=(47,110) md=41/1/203 cxcy=84.0,119.6 guide=48.14 atg=-60.0/-27.0/-3.0 pure=10.58/2.96 yaw=-3851 cmd=-4251 actual=-2100 signed=0 rps=8259/0:8903/5707 duty=17/0 pwm=PWM2:17/PWM1:0 motor=2:17/1:0
CrossDiag: type=CROSS_NONE track=1 half_lr=0/0 nearL=0@-1/0@-1 nearNum=1/57 centerNum=1/57 farL=0@-1/0@-1 farNum=0/0 farRaw=0/0 lost=0/0 not_have=0 final=57/96 flags=0/0
LineErr: aim=41 cxcy=84.0,119.6 left=0:0.00@-1,-1 dx=0.0 idx=-1/-1 dist=-1/-1 right=1:51.35@53,118 dx=-31.4 idx=0/7 dist=42/223 sel=1:49.87@50,114 dx=-34.2 idx=0/20 dist=40/190 edge=0:0.00@-1.0,-1.0 dx=0.0 width=0.0 l=-1,-1 r=74,78
ATGSeedDiag: seed=1@73,85/1@89,108 begin=7,108 block=5 clip=8
ATGLptDiag: best=-1(-57295.8) imip=-1/-1 pass=00000 acc=-1 ipm=-1.0,-1.0 inv=-1.0,-1.0 | 15(35.6) imip=5/25 pass=10111 acc=-1 ipm=69.0,88.7 inv=56.1,53.7
frame=597 line=1 track=1 cross=0 circle=0(CIRCLE_NONE) round=0 yroad=0 ramp=0 road=3 speed=0 near=1/54 raw=5/154 sel=54/94 far=0/0 far_raw=0/0 l=0@-1/0@-1 far_l=0@-1/0@-1 straight=0/0 far_straight=0/0 circle_cnt=0/0/0/0 lost=0/0 conf=0.0/33.5/0.0/0.0 dist=0 begin=0/0 m0=(84,119) ml=(48,110) md=40/1/199 cxcy=84.0,119.6 guide=46.74 atg=-60.0/-16.0/0.0 pure=10.02/2.33 yaw=-3739 cmd=-4139 actual=-2064 signed=0 rps=8180/0:8601/6377 duty=17/0 pwm=PWM2:17/PWM1:0 motor=2:17/1:0
CrossDiag: type=CROSS_NONE track=1 half_lr=0/0 nearL=0@-1/0@-1 nearNum=1/54 centerNum=1/54 farL=0@-1/0@-1 farNum=0/0 farRaw=0/0 lost=0/0 not_have=0 final=54/94 flags=0/0
LineErr: aim=41 cxcy=84.0,119.6 left=0:0.00@-1,-1 dx=0.0 idx=-1/-1 dist=-1/-1 right=1:51.03@53,118 dx=-31.0 idx=0/6 dist=41/221 sel=1:48.71@49,112 dx=-34.6 idx=0/20 dist=40/186 edge=0:0.00@-1.0,-1.0 dx=0.0 width=0.0 l=-1,-1 r=78,78
ATGSeedDiag: seed=1@73,87/1@87,108 begin=7,108 block=5 clip=8
ATGLptDiag: best=-1(-57295.8) imip=-1/-1 pass=00000 acc=-1 ipm=-1.0,-1.0 inv=-1.0,-1.0 | 14(33.5) imip=4/24 pass=10111 acc=-1 ipm=71.0,90.0 inv=58.4,55.0
frame=598 line=0 track=0 cross=0 circle=0(CIRCLE_NONE) round=0 yroad=0 ramp=0 road=3 speed=0 near=1/0 raw=5/0 sel=1/0 far=0/0 far_raw=0/0 l=0@-1/0@-1 far_l=0@-1/0@-1 straight=0/0 far_straight=0/0 circle_cnt=0/0/0/0 lost=0/0 conf=0.0/0.0/0.0/0.0 dist=0 begin=0/0 m0=(-1,-1) ml=(-1,-1) md=-1/0/-1 cxcy=84.0,119.6 guide=0.00 atg=-60.0/-16.0/0.0 pure=10.02/2.33 yaw=0 cmd=0 actual=-2192 signed=0 rps=0/0:0/0 duty=0/0 pwm=PWM2:0/PWM1:0 motor=2:0/1:0
CrossDiag: type=CROSS_NONE track=0 half_lr=0/0 nearL=0@-1/0@-1 nearNum=1/0 centerNum=1/0 farL=0@-1/0@-1 farNum=0/0 farRaw=0/0 lost=0/0 not_have=0 final=1/0 flags=0/0
LineErr: aim=41 cxcy=84.0,119.6 left=0:0.00@-1,-1 dx=0.0 idx=-1/-1 dist=-1/-1 right=0:0.00@-1,-1 dx=0.0 idx=-1/-1 dist=-1/-1 sel=0:0.00@-1,-1 dx=0.0 idx=-1/-1 dist=-1/-1 edge=0:0.00@-1.0,-1.0 dx=0.0 width=0.0 l=-1,-1 r=-1,-1
ATGSeedDiag: seed=1@73,88/0@-1,-1 begin=7,108 block=5 clip=8
ATGLptDiag: best=-1(-57295.8) imip=-1/-1 pass=00000 acc=-1 ipm=-1.0,-1.0 inv=-1.0,-1.0 | -1(-57295.8) imip=-1/-1 pass=00000 acc=-1 ipm=-1.0,-1.0 inv=-1.0,-1.0
frame=601 line=0 track=0 cross=0 circle=0(CIRCLE_NONE) round=0 yroad=0 ramp=0 road=3 speed=0 near=1/0 raw=2/0 sel=1/0 far=0/0 far_raw=0/0 l=0@-1/0@-1 far_l=0@-1/0@-1 straight=0/0 far_straight=0/0 circle_cnt=0/0/0/0 lost=0/0 conf=0.0/0.0/0.0/0.0 dist=0 begin=0/0 m0=(-1,-1) ml=(-1,-1) md=-1/0/-1 cxcy=84.0,119.6 guide=0.00 atg=-60.0/-16.0/0.0 pure=10.02/2.33 yaw=0 cmd=0 actual=-1510 signed=0 rps=0/0:0/0 duty=0/0 pwm=PWM2:0/PWM1:0 motor=2:0/1:0
CrossDiag: type=CROSS_NONE track=0 half_lr=0/0 nearL=0@-1/0@-1 nearNum=1/0 centerNum=1/0 farL=0@-1/0@-1 farNum=0/0 farRaw=0/0 lost=0/0 not_have=0 final=1/0 flags=0/0
LineErr: aim=41 cxcy=84.0,119.6 left=0:0.00@-1,-1 dx=0.0 idx=-1/-1 dist=-1/-1 right=0:0.00@-1,-1 dx=0.0 idx=-1/-1 dist=-1/-1 sel=0:0.00@-1,-1 dx=0.0 idx=-1/-1 dist=-1/-1 edge=0:0.00@-1.0,-1.0 dx=0.0 width=0.0 l=-1,-1 r=-1,-1
ATGSeedDiag: seed=1@73,92/0@-1,-1 begin=7,108 block=5 clip=8
ATGLptDiag: best=-1(-57295.8) imip=-1/-1 pass=00000 acc=-1 ipm=-1.0,-1.0 inv=-1.0,-1.0 | -1(-57295.8) imip=-1/-1 pass=00000 acc=-1 ipm=-1.0,-1.0 inv=-1.0,-1.0
frame=605 line=0 track=0 cross=0 circle=0(CIRCLE_NONE) round=0 yroad=0 ramp=0 road=3 speed=0 near=1/0 raw=2/0 sel=1/0 far=0/0 far_raw=0/0 l=0@-1/0@-1 far_l=0@-1/0@-1 straight=0/0 far_straight=0/0 circle_cnt=0/0/0/0 lost=0/0 conf=0.0/0.0/0.0/0.0 dist=0 begin=0/0 m0=(-1,-1) ml=(-1,-1) md=-1/0/-1 cxcy=84.0,119.6 guide=0.00 atg=-60.0/-16.0/0.0 pure=10.02/2.33 yaw=0 cmd=0 actual=-1027 signed=0 rps=0/0:0/0 duty=0/0 pwm=PWM2:0/PWM1:0 motor=2:0/1:0
CrossDiag: type=CROSS_NONE track=0 half_lr=0/0 nearL=0@-1/0@-1 nearNum=1/0 centerNum=1/0 farL=0@-1/0@-1 farNum=0/0 farRaw=0/0 lost=0/0 not_have=0 final=1/0 flags=0/0
LineErr: aim=41 cxcy=84.0,119.6 left=0:0.00@-1,-1 dx=0.0 idx=-1/-1 dist=-1/-1 right=0:0.00@-1,-1 dx=0.0 idx=-1/-1 dist=-1/-1 sel=0:0.00@-1,-1 dx=0.0 idx=-1/-1 dist=-1/-1 edge=0:0.00@-1.0,-1.0 dx=0.0 width=0.0 l=-1,-1 r=-1,-1
ATGSeedDiag: seed=1@73,97/0@-1,-1 begin=7,108 block=5 clip=8
ATGLptDiag: best=-1(-57295.8) imip=-1/-1 pass=00000 acc=-1 ipm=-1.0,-1.0 inv=-1.0,-1.0 | -1(-57295.8) imip=-1/-1 pass=00000 acc=-1 ipm=-1.0,-1.0 inv=-1.0,-1.0
frame=607 line=0 track=0 cross=0 circle=0(CIRCLE_NONE) round=0 yroad=0 ramp=0 road=3 speed=0 near=1/0 raw=2/0 sel=1/0 far=0/0 far_raw=0/0 l=0@-1/0@-1 far_l=0@-1/0@-1 straight=0/0 far_straight=0/0 circle_cnt=0/0/0/0 lost=0/0 conf=0.0/0.0/0.0/0.0 dist=0 begin=0/0 m0=(-1,-1) ml=(-1,-1) md=-1/0/-1 cxcy=84.0,119.6 guide=0.00 atg=-60.0/-16.0/0.0 pure=10.02/2.33 yaw=0 cmd=0 actual=-669 signed=0 rps=0/0:0/0 duty=0/0 pwm=PWM2:0/PWM1:0 motor=2:0/1:0
CrossDiag: type=CROSS_NONE track=0 half_lr=0/0 nearL=0@-1/0@-1 nearNum=1/0 centerNum=1/0 farL=0@-1/0@-1 farNum=0/0 farRaw=0/0 lost=0/0 not_have=0 final=1/0 flags=0/0
LineErr: aim=41 cxcy=84.0,119.6 left=0:0.00@-1,-1 dx=0.0 idx=-1/-1 dist=-1/-1 right=0:0.00@-1,-1 dx=0.0 idx=-1/-1 dist=-1/-1 sel=0:0.00@-1,-1 dx=0.0 idx=-1/-1 dist=-1/-1 edge=0:0.00@-1.0,-1.0 dx=0.0 width=0.0 l=-1,-1 r=-1,-1
ATGSeedDiag: seed=1@73,100/0@-1,-1 begin=7,108 block=5 clip=8
ATGLptDiag: best=-1(-57295.8) imip=-1/-1 pass=00000 acc=-1 ipm=-1.0,-1.0 inv=-1.0,-1.0 | -1(-57295.8) imip=-1/-1 pass=00000 acc=-1 ipm=-1.0,-1.0 inv=-1.0,-1.0
frame=609 line=0 track=0 cross=0 circle=0(CIRCLE_NONE) round=0 yroad=0 ramp=0 road=3 speed=0 near=1/0 raw=1/0 sel=1/0 far=0/0 far_raw=0/0 l=0@-1/0@-1 far_l=0@-1/0@-1 straight=0/0 far_straight=0/0 circle_cnt=0/0/0/0 lost=0/0 conf=0.0/0.0/0.0/0.0 dist=0 begin=0/0 m0=(-1,-1) ml=(-1,-1) md=-1/0/-1 cxcy=84.0,119.6 guide=0.00 atg=-60.0/-16.0/0.0 pure=10.02/2.33 yaw=0 cmd=0 actual=-424 signed=0 rps=0/0:0/0 duty=0/0 pwm=PWM2:0/PWM1:0 motor=2:0/1:0
CrossDiag: type=CROSS_NONE track=0 half_lr=0/0 nearL=0@-1/0@-1 nearNum=1/0 centerNum=1/0 farL=0@-1/0@-1 farNum=0/0 farRaw=0/0 lost=0/0 not_have=0 final=1/0 flags=0/0
LineErr: aim=41 cxcy=84.0,119.6 left=0:0.00@-1,-1 dx=0.0 idx=-1/-1 dist=-1/-1 right=0:0.00@-1,-1 dx=0.0 idx=-1/-1 dist=-1/-1 sel=0:0.00@-1,-1 dx=0.0 idx=-1/-1 dist=-1/-1 edge=0:0.00@-1.0,-1.0 dx=0.0 width=0.0 l=-1,-1 r=-1,-1
ATGSeedDiag: seed=1@73,105/0@-1,-1 begin=7,108 block=5 clip=8
ATGLptDiag: best=-1(-57295.8) imip=-1/-1 pass=00000 acc=-1 ipm=-1.0,-1.0 inv=-1.0,-1.0 | -1(-57295.8) imip=-1/-1 pass=00000 acc=-1 ipm=-1.0,-1.0 inv=-1.0,-1.0
frame=611 line=0 track=0 cross=0 circle=0(CIRCLE_NONE) round=0 yroad=0 ramp=0 road=3 speed=0 near=1/0 raw=3/0 sel=1/0 far=0/0 far_raw=0/0 l=0@-1/0@-1 far_l=0@-1/0@-1 straight=0/0 far_straight=0/0 circle_cnt=0/0/0/0 lost=0/0 conf=0.0/0.0/0.0/0.0 dist=0 begin=0/0 m0=(-1,-1) ml=(-1,-1) md=-1/0/-1 cxcy=84.0,119.6 guide=0.00 atg=-60.0/-16.0/0.0 pure=10.02/2.33 yaw=0 cmd=0 actual=-359 signed=0 rps=0/0:0/0 duty=0/0 pwm=PWM2:0/PWM1:0 motor=2:0/1:0
CrossDiag: type=CROSS_NONE track=0 half_lr=0/0 nearL=0@-1/0@-1 nearNum=1/0 centerNum=1/0 farL=0@-1/0@-1 farNum=0/0 farRaw=0/0 lost=0/0 not_have=0 final=1/0 flags=0/0
LineErr: aim=41 cxcy=84.0,119.6 left=0:0.00@-1,-1 dx=0.0 idx=-1/-1 dist=-1/-1 right=0:0.00@-1,-1 dx=0.0 idx=-1/-1 dist=-1/-1 sel=0:0.00@-1,-1 dx=0.0 idx=-1/-1 dist=-1/-1 edge=0:0.00@-1.0,-1.0 dx=0.0 width=0.0 l=-1,-1 r=-1,-1
ATGSeedDiag: seed=1@73,108/0@-1,-1 begin=7,108 block=5 clip=8
ATGLptDiag: best=-1(-57295.8) imip=-1/-1 pass=00000 acc=-1 ipm=-1.0,-1.0 inv=-1.0,-1.0 | -1(-57295.8) imip=-1/-1 pass=00000 acc=-1 ipm=-1.0,-1.0 inv=-1.0,-1.0
frame=613 line=0 track=0 cross=0 circle=0(CIRCLE_NONE) round=0 yroad=0 ramp=0 road=3 speed=0 near=1/0 raw=1/0 sel=1/0 far=0/0 far_raw=0/0 l=0@-1/0@-1 far_l=0@-1/0@-1 straight=0/0 far_straight=0/0 circle_cnt=0/0/0/0 lost=0/0 conf=0.0/0.0/0.0/0.0 dist=0 begin=0/0 m0=(-1,-1) ml=(-1,-1) md=-1/0/-1 cxcy=84.0,119.6 guide=0.00 atg=-60.0/-16.0/0.0 pure=10.02/2.33 yaw=0 cmd=0 actual=-216 signed=0 rps=0/0:0/0 duty=0/0 pwm=PWM2:0/PWM1:0 motor=2:0/1:0
CrossDiag: type=CROSS_NONE track=0 half_lr=0/0 nearL=0@-1/0@-1 nearNum=1/0 centerNum=1/0 farL=0@-1/0@-1 farNum=0/0 farRaw=0/0 lost=0/0 not_have=0 final=1/0 flags=0/0
LineErr: aim=41 cxcy=84.0,119.6 left=0:0.00@-1,-1 dx=0.0 idx=-1/-1 dist=-1/-1 right=0:0.00@-1,-1 dx=0.0 idx=-1/-1 dist=-1/-1 sel=0:0.00@-1,-1 dx=0.0 idx=-1/-1 dist=-1/-1 edge=0:0.00@-1.0,-1.0 dx=0.0 width=0.0 l=-1,-1 r=-1,-1
ATGSeedDiag: seed=1@71,107/0@-1,-1 begin=7,108 block=5 clip=8
ATGLptDiag: best=-1(-57295.8) imip=-1/-1 pass=00000 acc=-1 ipm=-1.0,-1.0 inv=-1.0,-1.0 | -1(-57295.8) imip=-1/-1 pass=00000 acc=-1 ipm=-1.0,-1.0 inv=-1.0,-1.0
frame=614 line=0 track=0 cross=0 circle=0(CIRCLE_NONE) round=0 yroad=0 ramp=0 road=3 speed=0 near=1/0 raw=4/0 sel=1/0 far=0/0 far_raw=0/0 l=0@-1/0@-1 far_l=0@-1/0@-1 straight=0/0 far_straight=0/0 circle_cnt=0/0/0/0 lost=0/0 conf=0.0/0.0/0.0/0.0 dist=0 begin=0/0 m0=(-1,-1) ml=(-1,-1) md=-1/0/-1 cxcy=84.0,119.6 guide=0.00 atg=-60.0/-16.0/0.0 pure=10.02/2.33 yaw=0 cmd=0 actual=-220 signed=0 rps=0/0:0/0 duty=0/0 pwm=PWM2:0/PWM1:0 motor=2:0/1:0
CrossDiag: type=CROSS_NONE track=0 half_lr=0/0 nearL=0@-1/0@-1 nearNum=1/0 centerNum=1/0 farL=0@-1/0@-1 farNum=0/0 farRaw=0/0 lost=0/0 not_have=0 final=1/0 flags=0/0
LineErr: aim=41 cxcy=84.0,119.6 left=0:0.00@-1,-1 dx=0.0 idx=-1/-1 dist=-1/-1 right=0:0.00@-1,-1 dx=0.0 idx=-1/-1 dist=-1/-1 sel=0:0.00@-1,-1 dx=0.0 idx=-1/-1 dist=-1/-1 edge=0:0.00@-1.0,-1.0 dx=0.0 width=0.0 l=-1,-1 r=-1,-1
ATGSeedDiag: seed=1@71,108/0@-1,-1 begin=7,108 block=5 clip=8
ATGLptDiag: best=-1(-57295.8) imip=-1/-1 pass=00000 acc=-1 ipm=-1.0,-1.0 inv=-1.0,-1.0 | -1(-57295.8) imip=-1/-1 pass=00000 acc=-1 ipm=-1.0,-1.0 inv=-1.0,-1.0
frame=615 line=0 track=0 cross=0 circle=0(CIRCLE_NONE) round=0 yroad=0 ramp=0 road=3 speed=0 near=1/0 raw=1/0 sel=1/0 far=0/0 far_raw=0/0 l=0@-1/0@-1 far_l=0@-1/0@-1 straight=0/0 far_straight=0/0 circle_cnt=0/0/0/0 lost=0/0 conf=0.0/0.0/0.0/0.0 dist=0 begin=0/0 m0=(-1,-1) ml=(-1,-1) md=-1/0/-1 cxcy=84.0,119.6 guide=0.00 atg=-60.0/-16.0/0.0 pure=10.02/2.33 yaw=0 cmd=0 actual=-167 signed=0 rps=0/0:0/0 duty=0/0 pwm=PWM2:0/PWM1:0 motor=2:0/1:0
CrossDiag: type=CROSS_NONE track=0 half_lr=0/0 nearL=0@-1/0@-1 nearNum=1/0 centerNum=1/0 farL=0@-1/0@-1 farNum=0/0 farRaw=0/0 lost=0/0 not_have=0 final=1/0 flags=0/0
LineErr: aim=41 cxcy=84.0,119.6 left=0:0.00@-1,-1 dx=0.0 idx=-1/-1 dist=-1/-1 right=0:0.00@-1,-1 dx=0.0 idx=-1/-1 dist=-1/-1 sel=0:0.00@-1,-1 dx=0.0 idx=-1/-1 dist=-1/-1 edge=0:0.00@-1.0,-1.0 dx=0.0 width=0.0 l=-1,-1 r=-1,-1
ATGSeedDiag: seed=1@70,107/0@-1,-1 begin=7,108 block=5 clip=8
ATGLptDiag: best=-1(-57295.8) imip=-1/-1 pass=00000 acc=-1 ipm=-1.0,-1.0 inv=-1.0,-1.0 | -1(-57295.8) imip=-1/-1 pass=00000 acc=-1 ipm=-1.0,-1.0 inv=-1.0,-1.0
frame=616 line=0 track=0 cross=0 circle=0(CIRCLE_NONE) round=0 yroad=0 ramp=0 road=3 speed=0 near=1/0 raw=1/0 sel=1/0 far=0/0 far_raw=0/0 l=0@-1/0@-1 far_l=0@-1/0@-1 straight=0/0 far_straight=0/0 circle_cnt=0/0/0/0 lost=0/0 conf=0.0/0.0/0.0/0.0 dist=0 begin=0/0 m0=(-1,-1) ml=(-1,-1) md=-1/0/-1 cxcy=84.0,119.6 guide=0.00 atg=-60.0/-16.0/0.0 pure=10.02/2.33 yaw=0 cmd=0 actual=-89 signed=0 rps=0/0:0/0 duty=0/0 pwm=PWM2:0/PWM1:0 motor=2:0/1:0
CrossDiag: type=CROSS_NONE track=0 half_lr=0/0 nearL=0@-1/0@-1 nearNum=1/0 centerNum=1/0 farL=0@-1/0@-1 farNum=0/0 farRaw=0/0 lost=0/0 not_have=0 final=1/0 flags=0/0
LineErr: aim=41 cxcy=84.0,119.6 left=0:0.00@-1,-1 dx=0.0 idx=-1/-1 dist=-1/-1 right=0:0.00@-1,-1 dx=0.0 idx=-1/-1 dist=-1/-1 sel=0:0.00@-1,-1 dx=0.0 idx=-1/-1 dist=-1/-1 edge=0:0.00@-1.0,-1.0 dx=0.0 width=0.0 l=-1,-1 r=-1,-1
ATGSeedDiag: seed=1@70,108/0@-1,-1 begin=7,108 block=5 clip=8
ATGLptDiag: best=-1(-57295.8) imip=-1/-1 pass=00000 acc=-1 ipm=-1.0,-1.0 inv=-1.0,-1.0 | -1(-57295.8) imip=-1/-1 pass=00000 acc=-1 ipm=-1.0,-1.0 inv=-1.0,-1.0
frame=620 line=0 track=0 cross=0 circle=0(CIRCLE_NONE) round=0 yroad=0 ramp=0 road=3 speed=0 near=1/0 raw=170/0 sel=1/0 far=0/0 far_raw=0/0 l=0@-1/0@-1 far_l=0@-1/0@-1 straight=0/0 far_straight=0/0 circle_cnt=0/0/0/0 lost=0/0 conf=0.0/0.0/0.0/0.0 dist=0 begin=0/0 m0=(-1,-1) ml=(-1,-1) md=-1/0/-1 cxcy=84.0,119.6 guide=0.00 atg=-60.0/-16.0/0.0 pure=10.02/2.33 yaw=0 cmd=0 actual=183 signed=0 rps=0/0:0/0 duty=0/0 pwm=PWM2:0/PWM1:0 motor=2:0/1:0
CrossDiag: type=CROSS_NONE track=0 half_lr=0/0 nearL=0@-1/0@-1 nearNum=1/0 centerNum=1/0 farL=0@-1/0@-1 farNum=0/0 farRaw=0/0 lost=0/0 not_have=0 final=1/0 flags=0/0
LineErr: aim=41 cxcy=84.0,119.6 left=0:0.00@-1,-1 dx=0.0 idx=-1/-1 dist=-1/-1 right=0:0.00@-1,-1 dx=0.0 idx=-1/-1 dist=-1/-1 sel=0:0.00@-1,-1 dx=0.0 idx=-1/-1 dist=-1/-1 edge=0:0.00@-1.0,-1.0 dx=0.0 width=0.0 l=-1,-1 r=-1,-1
ATGSeedDiag: seed=1@69,108/0@-1,-1 begin=7,108 block=5 clip=8
ATGLptDiag: best=-1(-57295.8) imip=-1/-1 pass=00000 acc=-1 ipm=-1.0,-1.0 inv=-1.0,-1.0 | -1(-57295.8) imip=-1/-1 pass=00000 acc=-1 ipm=-1.0,-1.0 inv=-1.0,-1.0
frame=621 line=0 track=0 cross=0 circle=0(CIRCLE_NONE) round=0 yroad=0 ramp=0 road=3 speed=0 near=1/0 raw=3/0 sel=1/0 far=0/0 far_raw=0/0 l=0@-1/0@-1 far_l=0@-1/0@-1 straight=0/0 far_straight=0/0 circle_cnt=0/0/0/0 lost=0/0 conf=0.0/0.0/0.0/0.0 dist=0 begin=0/0 m0=(-1,-1) ml=(-1,-1) md=-1/0/-1 cxcy=84.0,119.6 guide=0.00 atg=-60.0/-16.0/0.0 pure=10.02/2.33 yaw=0 cmd=0 actual=49 signed=0 rps=0/0:0/0 duty=0/0 pwm=PWM2:0/PWM1:0 motor=2:0/1:0
CrossDiag: type=CROSS_NONE track=0 half_lr=0/0 nearL=0@-1/0@-1 nearNum=1/0 centerNum=1/0 farL=0@-1/0@-1 farNum=0/0 farRaw=0/0 lost=0/0 not_have=0 final=1/0 flags=0/0
LineErr: aim=41 cxcy=84.0,119.6 left=0:0.00@-1,-1 dx=0.0 idx=-1/-1 dist=-1/-1 right=0:0.00@-1,-1 dx=0.0 idx=-1/-1 dist=-1/-1 sel=0:0.00@-1,-1 dx=0.0 idx=-1/-1 dist=-1/-1 edge=0:0.00@-1.0,-1.0 dx=0.0 width=0.0 l=-1,-1 r=-1,-1
ATGSeedDiag: seed=1@69,108/0@-1,-1 begin=7,108 block=5 clip=8
ATGLptDiag: best=-1(-57295.8) imip=-1/-1 pass=00000 acc=-1 ipm=-1.0,-1.0 inv=-1.0,-1.0 | -1(-57295.8) imip=-1/-1 pass=00000 acc=-1 ipm=-1.0,-1.0 inv=-1.0,-1.0
frame=625 line=0 track=0 cross=0 circle=0(CIRCLE_NONE) round=0 yroad=0 ramp=0 road=3 speed=0 near=1/0 raw=1/0 sel=1/0 far=0/0 far_raw=0/0 l=0@-1/0@-1 far_l=0@-1/0@-1 straight=0/0 far_straight=0/0 circle_cnt=0/0/0/0 lost=0/0 conf=0.0/0.0/0.0/0.0 dist=0 begin=0/0 m0=(-1,-1) ml=(-1,-1) md=-1/0/-1 cxcy=84.0,119.6 guide=0.00 atg=-60.0/-16.0/0.0 pure=10.02/2.33 yaw=0 cmd=0 actual=325 signed=0 rps=0/0:0/0 duty=0/0 pwm=PWM2:0/PWM1:0 motor=2:0/1:0
CrossDiag: type=CROSS_NONE track=0 half_lr=0/0 nearL=0@-1/0@-1 nearNum=1/0 centerNum=1/0 farL=0@-1/0@-1 farNum=0/0 farRaw=0/0 lost=0/0 not_have=0 final=1/0 flags=0/0
LineErr: aim=41 cxcy=84.0,119.6 left=0:0.00@-1,-1 dx=0.0 idx=-1/-1 dist=-1/-1 right=0:0.00@-1,-1 dx=0.0 idx=-1/-1 dist=-1/-1 sel=0:0.00@-1,-1 dx=0.0 idx=-1/-1 dist=-1/-1 edge=0:0.00@-1.0,-1.0 dx=0.0 width=0.0 l=-1,-1 r=-1,-1
ATGSeedDiag: seed=1@70,107/0@-1,-1 begin=7,108 block=5 clip=8
ATGLptDiag: best=-1(-57295.8) imip=-1/-1 pass=00000 acc=-1 ipm=-1.0,-1.0 inv=-1.0,-1.0 | -1(-57295.8) imip=-1/-1 pass=00000 acc=-1 ipm=-1.0,-1.0 inv=-1.0,-1.0
frame=626 line=0 track=0 cross=0 circle=0(CIRCLE_NONE) round=0 yroad=0 ramp=0 road=3 speed=0 near=1/0 raw=1/0 sel=1/0 far=0/0 far_raw=0/0 l=0@-1/0@-1 far_l=0@-1/0@-1 straight=0/0 far_straight=0/0 circle_cnt=0/0/0/0 lost=0/0 conf=0.0/0.0/0.0/0.0 dist=0 begin=0/0 m0=(-1,-1) ml=(-1,-1) md=-1/0/-1 cxcy=84.0,119.6 guide=0.00 atg=-60.0/-16.0/0.0 pure=10.02/2.33 yaw=0 cmd=0 actual=344 signed=0 rps=0/0:0/0 duty=0/0 pwm=PWM2:0/PWM1:0 motor=2:0/1:0
CrossDiag: type=CROSS_NONE track=0 half_lr=0/0 nearL=0@-1/0@-1 nearNum=1/0 centerNum=1/0 farL=0@-1/0@-1 farNum=0/0 farRaw=0/0 lost=0/0 not_have=0 final=1/0 flags=0/0
LineErr: aim=41 cxcy=84.0,119.6 left=0:0.00@-1,-1 dx=0.0 idx=-1/-1 dist=-1/-1 right=0:0.00@-1,-1 dx=0.0 idx=-1/-1 dist=-1/-1 sel=0:0.00@-1,-1 dx=0.0 idx=-1/-1 dist=-1/-1 edge=0:0.00@-1.0,-1.0 dx=0.0 width=0.0 l=-1,-1 r=-1,-1
ATGSeedDiag: seed=1@70,108/0@-1,-1 begin=7,108 block=5 clip=8
ATGLptDiag: best=-1(-57295.8) imip=-1/-1 pass=00000 acc=-1 ipm=-1.0,-1.0 inv=-1.0,-1.0 | -1(-57295.8) imip=-1/-1 pass=00000 acc=-1 ipm=-1.0,-1.0 inv=-1.0,-1.0
frame=629 line=0 track=0 cross=0 circle=0(CIRCLE_NONE) round=0 yroad=0 ramp=0 road=3 speed=0 near=1/0 raw=1/0 sel=1/0 far=0/0 far_raw=0/0 l=0@-1/0@-1 far_l=0@-1/0@-1 straight=0/0 far_straight=0/0 circle_cnt=0/0/0/0 lost=0/0 conf=0.0/0.0/0.0/0.0 dist=0 begin=0/0 m0=(-1,-1) ml=(-1,-1) md=-1/0/-1 cxcy=84.0,119.6 guide=0.00 atg=-60.0/-16.0/0.0 pure=10.02/2.33 yaw=0 cmd=0 actual=147 signed=0 rps=0/0:0/0 duty=0/0 pwm=PWM2:0/PWM1:0 motor=2:0/1:0
CrossDiag: type=CROSS_NONE track=0 half_lr=0/0 nearL=0@-1/0@-1 nearNum=1/0 centerNum=1/0 farL=0@-1/0@-1 farNum=0/0 farRaw=0/0 lost=0/0 not_have=0 final=1/0 flags=0/0
LineErr: aim=41 cxcy=84.0,119.6 left=0:0.00@-1,-1 dx=0.0 idx=-1/-1 dist=-1/-1 right=0:0.00@-1,-1 dx=0.0 idx=-1/-1 dist=-1/-1 sel=0:0.00@-1,-1 dx=0.0 idx=-1/-1 dist=-1/-1 edge=0:0.00@-1.0,-1.0 dx=0.0 width=0.0 l=-1,-1 r=-1,-1
ATGSeedDiag: seed=1@71,107/0@-1,-1 begin=7,108 block=5 clip=8
ATGLptDiag: best=-1(-57295.8) imip=-1/-1 pass=00000 acc=-1 ipm=-1.0,-1.0 inv=-1.0,-1.0 | -1(-57295.8) imip=-1/-1 pass=00000 acc=-1 ipm=-1.0,-1.0 inv=-1.0,-1.0
frame=630 line=0 track=0 cross=0 circle=0(CIRCLE_NONE) round=0 yroad=0 ramp=0 road=3 speed=0 near=1/0 raw=1/0 sel=1/0 far=0/0 far_raw=0/0 l=0@-1/0@-1 far_l=0@-1/0@-1 straight=0/0 far_straight=0/0 circle_cnt=0/0/0/0 lost=0/0 conf=0.0/0.0/0.0/0.0 dist=0 begin=0/0 m0=(-1,-1) ml=(-1,-1) md=-1/0/-1 cxcy=84.0,119.6 guide=0.00 atg=-60.0/-16.0/0.0 pure=10.02/2.33 yaw=0 cmd=0 actual=125 signed=0 rps=0/0:0/0 duty=0/0 pwm=PWM2:0/PWM1:0 motor=2:0/1:0
CrossDiag: type=CROSS_NONE track=0 half_lr=0/0 nearL=0@-1/0@-1 nearNum=1/0 centerNum=1/0 farL=0@-1/0@-1 farNum=0/0 farRaw=0/0 lost=0/0 not_have=0 final=1/0 flags=0/0
LineErr: aim=41 cxcy=84.0,119.6 left=0:0.00@-1,-1 dx=0.0 idx=-1/-1 dist=-1/-1 right=0:0.00@-1,-1 dx=0.0 idx=-1/-1 dist=-1/-1 sel=0:0.00@-1,-1 dx=0.0 idx=-1/-1 dist=-1/-1 edge=0:0.00@-1.0,-1.0 dx=0.0 width=0.0 l=-1,-1 r=-1,-1
ATGSeedDiag: seed=1@71,108/0@-1,-1 begin=7,108 block=5 clip=8
ATGLptDiag: best=-1(-57295.8) imip=-1/-1 pass=00000 acc=-1 ipm=-1.0,-1.0 inv=-1.0,-1.0 | -1(-57295.8) imip=-1/-1 pass=00000 acc=-1 ipm=-1.0,-1.0 inv=-1.0,-1.0
frame=633 line=0 track=0 cross=0 circle=0(CIRCLE_NONE) round=0 yroad=0 ramp=0 road=3 speed=0 near=0/0 raw=0/0 sel=0/0 far=0/0 far_raw=0/0 l=0@-1/0@-1 far_l=0@-1/0@-1 straight=0/0 far_straight=0/0 circle_cnt=0/0/0/0 lost=0/0 conf=0.0/0.0/0.0/0.0 dist=0 begin=0/0 m0=(-1,-1) ml=(-1,-1) md=-1/0/-1 cxcy=84.0,119.6 guide=0.00 atg=-60.0/-16.0/0.0 pure=10.02/2.33 yaw=0 cmd=0 actual=161 signed=0 rps=0/0:0/0 duty=0/0 pwm=PWM2:0/PWM1:0 motor=2:0/1:0
CrossDiag: type=CROSS_NONE track=0 half_lr=0/0 nearL=0@-1/0@-1 nearNum=0/0 centerNum=0/0 farL=0@-1/0@-1 farNum=0/0 farRaw=0/0 lost=0/0 not_have=0 final=0/0 flags=0/0
LineErr: aim=41 cxcy=84.0,119.6 left=0:0.00@-1,-1 dx=0.0 idx=-1/-1 dist=-1/-1 right=0:0.00@-1,-1 dx=0.0 idx=-1/-1 dist=-1/-1 sel=0:0.00@-1,-1 dx=0.0 idx=-1/-1 dist=-1/-1 edge=0:0.00@-1.0,-1.0 dx=0.0 width=0.0 l=-1,-1 r=-1,-1
ATGSeedDiag: seed=1@72,108/0@-1,-1 begin=7,108 block=5 clip=8
ATGLptDiag: best=-1(-57295.8) imip=-1/-1 pass=00000 acc=-1 ipm=-1.0,-1.0 inv=-1.0,-1.0 | -1(-57295.8) imip=-1/-1 pass=00000 acc=-1 ipm=-1.0,-1.0 inv=-1.0,-1.0
frame=634 line=0 track=0 cross=0 circle=0(CIRCLE_NONE) round=0 yroad=0 ramp=0 road=3 speed=0 near=1/0 raw=1/0 sel=1/0 far=0/0 far_raw=0/0 l=0@-1/0@-1 far_l=0@-1/0@-1 straight=0/0 far_straight=0/0 circle_cnt=0/0/0/0 lost=0/0 conf=0.0/0.0/0.0/0.0 dist=0 begin=0/0 m0=(-1,-1) ml=(-1,-1) md=-1/0/-1 cxcy=84.0,119.6 guide=0.00 atg=-60.0/-16.0/0.0 pure=10.02/2.33 yaw=0 cmd=0 actual=133 signed=0 rps=0/0:0/0 duty=0/0 pwm=PWM2:0/PWM1:0 motor=2:0/1:0
CrossDiag: type=CROSS_NONE track=0 half_lr=0/0 nearL=0@-1/0@-1 nearNum=1/0 centerNum=1/0 farL=0@-1/0@-1 farNum=0/0 farRaw=0/0 lost=0/0 not_have=0 final=1/0 flags=0/0
LineErr: aim=41 cxcy=84.0,119.6 left=0:0.00@-1,-1 dx=0.0 idx=-1/-1 dist=-1/-1 right=0:0.00@-1,-1 dx=0.0 idx=-1/-1 dist=-1/-1 sel=0:0.00@-1,-1 dx=0.0 idx=-1/-1 dist=-1/-1 edge=0:0.00@-1.0,-1.0 dx=0.0 width=0.0 l=-1,-1 r=-1,-1
ATGSeedDiag: seed=1@73,108/0@-1,-1 begin=7,108 block=5 clip=8
ATGLptDiag: best=-1(-57295.8) imip=-1/-1 pass=00000 acc=-1 ipm=-1.0,-1.0 inv=-1.0,-1.0 | -1(-57295.8) imip=-1/-1 pass=00000 acc=-1 ipm=-1.0,-1.0 inv=-1.0,-1.0
frame=635 line=0 track=0 cross=0 circle=0(CIRCLE_NONE) round=0 yroad=0 ramp=0 road=3 speed=0 near=0/0 raw=0/0 sel=0/0 far=0/0 far_raw=0/0 l=0@-1/0@-1 far_l=0@-1/0@-1 straight=0/0 far_straight=0/0 circle_cnt=0/0/0/0 lost=0/0 conf=0.0/0.0/0.0/0.0 dist=0 begin=0/0 m0=(-1,-1) ml=(-1,-1) md=-1/0/-1 cxcy=84.0,119.6 guide=0.00 atg=-60.0/-16.0/0.0 pure=10.02/2.33 yaw=0 cmd=0 actual=77 signed=0 rps=0/0:0/0 duty=0/0 pwm=PWM2:0/PWM1:0 motor=2:0/1:0
CrossDiag: type=CROSS_NONE track=0 half_lr=0/0 nearL=0@-1/0@-1 nearNum=0/0 centerNum=0/0 farL=0@-1/0@-1 farNum=0/0 farRaw=0/0 lost=0/0 not_have=0 final=0/0 flags=0/0
LineErr: aim=41 cxcy=84.0,119.6 left=0:0.00@-1,-1 dx=0.0 idx=-1/-1 dist=-1/-1 right=0:0.00@-1,-1 dx=0.0 idx=-1/-1 dist=-1/-1 sel=0:0.00@-1,-1 dx=0.0 idx=-1/-1 dist=-1/-1 edge=0:0.00@-1.0,-1.0 dx=0.0 width=0.0 l=-1,-1 r=-1,-1
ATGSeedDiag: seed=0@-1,-1/0@-1,-1 begin=7,108 block=5 clip=8
ATGLptDiag: best=-1(-57295.8) imip=-1/-1 pass=00000 acc=-1 ipm=-1.0,-1.0 inv=-1.0,-1.0 | -1(-57295.8) imip=-1/-1 pass=00000 acc=-1 ipm=-1.0,-1.0 inv=-1.0,-1.0
frame=636 line=1 track=1 cross=0 circle=0(CIRCLE_NONE) round=0 yroad=0 ramp=0 road=3 speed=0 near=0/17 raw=0/70 sel=17/35 far=0/0 far_raw=0/0 l=0@-1/0@-1 far_l=0@-1/0@-1 straight=0/0 far_straight=0/0 circle_cnt=0/0/0/0 lost=0/0 conf=0.0/26.4/0.0/0.0 dist=0 begin=0/0 m0=(84,119) ml=(90,80) md=40/1/77 cxcy=84.0,119.6 guide=-7.07 atg=60.0/60.0/60.0 pure=-6.40/-7.81 yaw=566 cmd=966 actual=93 signed=0 rps=3300/5946:4364/4578 duty=6/18 pwm=PWM2:6/PWM1:18 motor=2:6/1:18
CrossDiag: type=CROSS_NONE track=1 half_lr=0/0 nearL=0@-1/0@-1 nearNum=0/17 centerNum=0/17 farL=0@-1/0@-1 farNum=0/0 farRaw=0/0 lost=0/0 not_have=0 final=17/35 flags=0/0
LineErr: aim=41 cxcy=84.0,119.6 left=0:0.00@-1,-1 dx=0.0 idx=-1/-1 dist=-1/-1 right=1:-5.03@90,80 dx=5.5 idx=0/2 dist=41/79 sel=1:-9.35@95,79 dx=10.5 idx=0/20 dist=40/68 edge=0:0.00@-1.0,-1.0 dx=0.0 width=0.0 l=-1,-1 r=126,106
ATGSeedDiag: seed=0@-1,-1/1@87,85 begin=7,108 block=5 clip=8
ATGLptDiag: best=-1(-57295.8) imip=-1/-1 pass=00000 acc=-1 ipm=-1.0,-1.0 inv=-1.0,-1.0 | 8(26.4) imip=0/16 pass=10111 acc=-1 ipm=107.5,102.8 inv=116.1,72.1
frame=637 line=1 track=1 cross=0 circle=0(CIRCLE_NONE) round=0 yroad=0 ramp=0 road=3 speed=0 near=0/17 raw=0/70 sel=17/35 far=0/0 far_raw=0/0 l=0@-1/0@-1 far_l=0@-1/0@-1 straight=0/0 far_straight=0/0 circle_cnt=0/0/0/0 lost=0/0 conf=0.0/26.5/0.0/0.0 dist=0 begin=0/0 m0=(84,119) ml=(91,80) md=41/1/77 cxcy=84.0,119.6 guide=-6.71 atg=60.0/60.0/60.0 pure=-6.59/-7.98 yaw=537 cmd=937 actual=77 signed=0 rps=3357/5926:4108/4418 duty=7/18 pwm=PWM2:7/PWM1:18 motor=2:7/1:18
CrossDiag: type=CROSS_NONE track=1 half_lr=0/0 nearL=0@-1/0@-1 nearNum=0/17 centerNum=0/17 farL=0@-1/0@-1 farNum=0/0 farRaw=0/0 lost=0/0 not_have=0 final=17/35 flags=0/0
LineErr: aim=41 cxcy=84.0,119.6 left=0:0.00@-1,-1 dx=0.0 idx=-1/-1 dist=-1/-1 right=1:-5.07@90,81 dx=5.5 idx=0/2 dist=41/79 sel=1:-9.96@95,79 dx=11.2 idx=0/20 dist=40/68 edge=0:0.00@-1.0,-1.0 dx=0.0 width=0.0 l=-1,-1 r=126,107
ATGSeedDiag: seed=0@-1,-1/1@87,86 begin=7,108 block=5 clip=8
ATGLptDiag: best=-1(-57295.8) imip=-1/-1 pass=00000 acc=-1 ipm=-1.0,-1.0 inv=-1.0,-1.0 | 10(26.5) imip=0/16 pass=10111 acc=-1 ipm=112.0,103.4 inv=124.4,73.0
frame=638 line=1 track=1 cross=0 circle=0(CIRCLE_NONE) round=0 yroad=0 ramp=0 road=3 speed=0 near=0/17 raw=0/71 sel=17/35 far=0/0 far_raw=0/0 l=0@-1/0@-1 far_l=0@-1/0@-1 straight=0/0 far_straight=0/0 circle_cnt=0/0/0/0 lost=0/0 conf=0.0/26.6/0.0/0.0 dist=0 begin=0/0 m0=(84,119) ml=(91,81) md=41/1/77 cxcy=84.0,119.6 guide=-6.63 atg=60.0/60.0/60.0 pure=-6.69/-8.09 yaw=530 cmd=930 actual=106 signed=0 rps=3371/5921:4141/4846 duty=7/18 pwm=PWM2:7/PWM1:18 motor=2:7/1:18
CrossDiag: type=CROSS_NONE track=1 half_lr=0/0 nearL=0@-1/0@-1 nearNum=0/17 centerNum=0/17 farL=0@-1/0@-1 farNum=0/0 farRaw=0/0 lost=0/0 not_have=0 final=17/35 flags=0/0
LineErr: aim=41 cxcy=84.0,119.6 left=0:0.00@-1,-1 dx=0.0 idx=-1/-1 dist=-1/-1 right=1:-4.74@89,81 dx=5.1 idx=0/2 dist=40/78 sel=1:-10.07@95,80 dx=11.2 idx=0/20 dist=40/68 edge=0:0.00@-1.0,-1.0 dx=0.0 width=0.0 l=-1,-1 r=125,107
ATGSeedDiag: seed=0@-1,-1/1@87,88 begin=7,108 block=5 clip=8
ATGLptDiag: best=-1(-57295.8) imip=-1/-1 pass=00000 acc=-1 ipm=-1.0,-1.0 inv=-1.0,-1.0 | 10(26.6) imip=0/16 pass=10111 acc=-1 ipm=111.8,104.0 inv=124.7,74.0
frame=639 line=1 track=1 cross=0 circle=0(CIRCLE_NONE) round=0 yroad=0 ramp=0 road=3 speed=0 near=0/17 raw=0/70 sel=17/35 far=0/0 far_raw=0/0 l=0@-1/0@-1 far_l=0@-1/0@-1 straight=0/0 far_straight=0/0 circle_cnt=0/0/0/0 lost=0/0 conf=0.0/26.7/0.0/0.0 dist=0 begin=0/0 m0=(84,119) ml=(91,81) md=40/1/77 cxcy=84.0,119.6 guide=-7.99 atg=60.0/60.0/60.0 pure=-6.86/-8.25 yaw=639 cmd=1039 actual=165 signed=0 rps=3150/5998:4344/5459 duty=6/17 pwm=PWM2:6/PWM1:17 motor=2:6/1:17
CrossDiag: type=CROSS_NONE track=1 half_lr=0/0 nearL=0@-1/0@-1 nearNum=0/17 centerNum=0/17 farL=0@-1/0@-1 farNum=0/0 farRaw=0/0 lost=0/0 not_have=0 final=17/35 flags=0/0
LineErr: aim=41 cxcy=84.0,119.6 left=0:0.00@-1,-1 dx=0.0 idx=-1/-1 dist=-1/-1 right=1:-7.29@92,81 dx=7.9 idx=0/3 dist=42/77 sel=1:-10.75@96,80 dx=11.9 idx=0/20 dist=40/68 edge=0:0.00@-1.0,-1.0 dx=0.0 width=0.0 l=-1,-1 r=125,108
ATGSeedDiag: seed=0@-1,-1/1@87,89 begin=7,108 block=5 clip=8
ATGLptDiag: best=-1(-57295.8) imip=-1/-1 pass=00000 acc=-1 ipm=-1.0,-1.0 inv=-1.0,-1.0 | 10(26.7) imip=0/16 pass=10111 acc=-1 ipm=111.7,104.5 inv=125.2,75.0
frame=641 line=1 track=1 cross=0 circle=0(CIRCLE_NONE) round=0 yroad=0 ramp=0 road=3 speed=0 near=0/17 raw=0/70 sel=17/34 far=0/0 far_raw=0/0 l=0@-1/0@-1 far_l=0@-1/0@-1 straight=0/0 far_straight=0/0 circle_cnt=0/0/0/0 lost=0/0 conf=0.0/26.1/0.0/0.0 dist=0 begin=0/0 m0=(84,119) ml=(92,82) md=40/1/74 cxcy=84.0,119.6 guide=-8.80 atg=60.0/60.0/60.0 pure=-7.15/-8.27 yaw=704 cmd=1104 actual=291 signed=0 rps=3018/6044:4707/5563 duty=5/17 pwm=PWM2:5/PWM1:17 motor=2:5/1:17
CrossDiag: type=CROSS_NONE track=1 half_lr=0/0 nearL=0@-1/0@-1 nearNum=0/17 centerNum=0/17 farL=0@-1/0@-1 farNum=0/0 farRaw=0/0 lost=0/0 not_have=0 final=17/34 flags=0/0
LineErr: aim=41 cxcy=84.0,119.6 left=0:0.00@-1,-1 dx=0.0 idx=-1/-1 dist=-1/-1 right=1:-6.81@91,82 dx=7.2 idx=0/3 dist=41/76 sel=1:-11.45@97,81 dx=12.5 idx=0/20 dist=40/66 edge=0:0.00@-1.0,-1.0 dx=0.0 width=0.0 l=-1,-1 r=125,109
ATGSeedDiag: seed=0@-1,-1/1@87,93 begin=7,108 block=5 clip=8
ATGLptDiag: best=-1(-57295.8) imip=-1/-1 pass=00000 acc=-1 ipm=-1.0,-1.0 inv=-1.0,-1.0 | 6(26.1) imip=0/16 pass=10111 acc=-1 ipm=102.1,106.5 inv=110.1,79.0
frame=642 line=1 track=1 cross=0 circle=0(CIRCLE_NONE) round=0 yroad=0 ramp=0 road=3 speed=0 near=0/16 raw=0/70 sel=16/32 far=0/0 far_raw=0/0 l=0@-1/0@-1 far_l=0@-1/0@-1 straight=0/0 far_straight=0/0 circle_cnt=0/0/0/0 lost=0/0 conf=0.0/24.9/0.0/0.0 dist=0 begin=0/0 m0=(84,119) ml=(93,83) md=41/1/70 cxcy=84.0,119.6 guide=-8.11 atg=60.0/60.0/60.0 pure=-7.34/-7.93 yaw=649 cmd=1049 actual=344 signed=0 rps=3130/6005:4592/5263 duty=5/17 pwm=PWM2:5/PWM1:17 motor=2:5/1:17
CrossDiag: type=CROSS_NONE track=1 half_lr=0/0 nearL=0@-1/0@-1 nearNum=0/16 centerNum=0/16 farL=0@-1/0@-1 farNum=0/0 farRaw=0/0 lost=0/0 not_have=0 final=16/32 flags=0/0
LineErr: aim=41 cxcy=84.0,119.6 left=0:0.00@-1,-1 dx=0.0 idx=-1/-1 dist=-1/-1 right=1:-6.75@91,83 dx=7.1 idx=0/3 dist=40/71 sel=1:-12.02@97,81 dx=13.1 idx=0/20 dist=40/62 edge=0:0.00@-1.0,-1.0 dx=0.0 width=0.0 l=-1,-1 r=123,108
ATGSeedDiag: seed=0@-1,-1/1@87,94 begin=7,108 block=5 clip=8
ATGLptDiag: best=-1(-57295.8) imip=-1/-1 pass=00000 acc=-1 ipm=-1.0,-1.0 inv=-1.0,-1.0 | 5(24.9) imip=0/15 pass=10111 acc=-1 ipm=99.7,107.4 inv=106.6,81.0
frame=643 line=1 track=1 cross=0 circle=0(CIRCLE_NONE) round=0 yroad=0 ramp=0 road=3 speed=0 near=0/16 raw=0/71 sel=16/32 far=0/0 far_raw=0/0 l=0@-1/0@-1 far_l=0@-1/0@-1 straight=0/0 far_straight=0/0 circle_cnt=0/0/0/0 lost=0/0 conf=0.0/25.4/0.0/0.0 dist=0 begin=0/0 m0=(84,119) ml=(93,83) md=41/1/71 cxcy=84.0,119.6 guide=-8.55 atg=60.0/60.0/60.0 pure=-7.48/-8.07 yaw=684 cmd=1084 actual=421 signed=0 rps=3058/6030:4783/5348 duty=5/17 pwm=PWM2:5/PWM1:17 motor=2:5/1:17
CrossDiag: type=CROSS_NONE track=1 half_lr=0/0 nearL=0@-1/0@-1 nearNum=0/16 centerNum=0/16 farL=0@-1/0@-1 farNum=0/0 farRaw=0/0 lost=0/0 not_have=0 final=16/32 flags=0/0
LineErr: aim=41 cxcy=84.0,119.6 left=0:0.00@-1,-1 dx=0.0 idx=-1/-1 dist=-1/-1 right=1:-6.57@91,84 dx=6.8 idx=0/3 dist=40/71 sel=1:-12.43@97,82 dx=13.4 idx=0/20 dist=40/62 edge=0:0.00@-1.0,-1.0 dx=0.0 width=0.0 l=-1,-1 r=122,109
ATGSeedDiag: seed=0@-1,-1/1@87,96 begin=7,108 block=5 clip=8
ATGLptDiag: best=-1(-57295.8) imip=-1/-1 pass=00000 acc=-1 ipm=-1.0,-1.0 inv=-1.0,-1.0 | 5(25.4) imip=0/15 pass=10111 acc=-1 ipm=99.5,107.9 inv=106.7,82.1
frame=644 line=1 track=1 cross=0 circle=0(CIRCLE_NONE) round=0 yroad=0 ramp=0 road=3 speed=0 near=0/16 raw=0/71 sel=16/32 far=0/0 far_raw=0/0 l=0@-1/0@-1 far_l=0@-1/0@-1 straight=0/0 far_straight=0/0 circle_cnt=0/0/0/0 lost=0/0 conf=0.0/25.0/0.0/0.0 dist=0 begin=0/0 m0=(84,119) ml=(93,83) md=40/1/70 cxcy=84.0,119.6 guide=-10.02 atg=60.0/60.0/60.0 pure=-7.63/-8.19 yaw=802 cmd=1202 actual=516 signed=0 rps=2819/6112:4589/5061 duty=4/18 pwm=PWM2:4/PWM1:18 motor=2:4/1:18
CrossDiag: type=CROSS_NONE track=1 half_lr=0/0 nearL=0@-1/0@-1 nearNum=0/16 centerNum=0/16 farL=0@-1/0@-1 farNum=0/0 farRaw=0/0 lost=0/0 not_have=0 final=16/32 flags=0/0
LineErr: aim=41 cxcy=84.0,119.6 left=0:0.00@-1,-1 dx=0.0 idx=-1/-1 dist=-1/-1 right=1:-9.26@94,83 dx=9.7 idx=0/4 dist=42/70 sel=1:-12.87@98,82 dx=13.8 idx=0/20 dist=40/62 edge=0:0.00@-1.0,-1.0 dx=0.0 width=0.0 l=-1,-1 r=122,109
ATGSeedDiag: seed=0@-1,-1/1@87,97 begin=7,108 block=5 clip=8
ATGLptDiag: best=-1(-57295.8) imip=-1/-1 pass=00000 acc=-1 ipm=-1.0,-1.0 inv=-1.0,-1.0 | 5(25.0) imip=0/15 pass=10111 acc=-1 ipm=99.5,108.4 inv=107.0,83.1
frame=645 line=1 track=1 cross=0 circle=0(CIRCLE_NONE) round=0 yroad=0 ramp=0 road=3 speed=0 near=0/16 raw=0/71 sel=16/31 far=0/0 far_raw=0/0 l=0@-1/0@-1 far_l=0@-1/0@-1 straight=0/0 far_straight=0/0 circle_cnt=0/0/0/0 lost=0/0 conf=0.0/24.8/0.0/0.0 dist=0 begin=0/0 m0=(84,119) ml=(94,84) md=41/1/68 cxcy=84.0,119.6 guide=-9.22 atg=60.0/60.0/60.0 pure=-7.78/-8.07 yaw=738 cmd=993 actual=610 signed=0 rps=3147/5870:4766/5109 duty=5/17 pwm=PWM2:5/PWM1:17 motor=2:5/1:17
CrossDiag: type=CROSS_NONE track=1 half_lr=0/0 nearL=0@-1/0@-1 nearNum=0/16 centerNum=0/16 farL=0@-1/0@-1 farNum=0/0 farRaw=0/0 lost=0/0 not_have=0 final=16/31 flags=0/0
LineErr: aim=41 cxcy=84.0,119.6 left=0:0.00@-1,-1 dx=0.0 idx=-1/-1 dist=-1/-1 right=1:-9.23@94,84 dx=9.6 idx=0/4 dist=42/70 sel=1:-13.24@98,83 dx=14.1 idx=0/20 dist=40/60 edge=0:0.00@-1.0,-1.0 dx=0.0 width=0.0 l=-1,-1 r=122,110
ATGSeedDiag: seed=0@-1,-1/1@87,99 begin=7,108 block=5 clip=8
ATGLptDiag: best=-1(-57295.8) imip=-1/-1 pass=00000 acc=-1 ipm=-1.0,-1.0 inv=-1.0,-1.0 | 5(24.8) imip=0/15 pass=10111 acc=-1 ipm=99.3,109.1 inv=107.3,84.6
frame=646 line=1 track=1 cross=0 circle=0(CIRCLE_NONE) round=0 yroad=0 ramp=0 road=3 speed=0 near=0/16 raw=0/70 sel=16/31 far=0/0 far_raw=0/0 l=0@-1/0@-1 far_l=0@-1/0@-1 straight=0/0 far_straight=0/0 circle_cnt=0/0/0/0 lost=0/0 conf=0.0/25.3/0.0/0.0 dist=0 begin=0/0 m0=(84,119) ml=(94,84) md=41/1/68 cxcy=84.0,119.6 guide=-9.58 atg=60.0/60.0/60.0 pure=-7.91/-8.20 yaw=767 cmd=934 actual=683 signed=0 rps=3209/5769:4840/5179 duty=5/17 pwm=PWM2:5/PWM1:17 motor=2:5/1:17
CrossDiag: type=CROSS_NONE track=1 half_lr=0/0 nearL=0@-1/0@-1 nearNum=0/16 centerNum=0/16 farL=0@-1/0@-1 farNum=0/0 farRaw=0/0 lost=0/0 not_have=0 final=16/31 flags=0/0
LineErr: aim=41 cxcy=84.0,119.6 left=0:0.00@-1,-1 dx=0.0 idx=-1/-1 dist=-1/-1 right=1:-8.94@93,84 dx=9.2 idx=0/4 dist=41/69 sel=1:-13.58@98,83 dx=14.4 idx=0/20 dist=40/60 edge=0:0.00@-1.0,-1.0 dx=0.0 width=0.0 l=-1,-1 r=122,110
ATGSeedDiag: seed=0@-1,-1/1@87,101 begin=7,108 block=5 clip=8
ATGLptDiag: best=-1(-57295.8) imip=-1/-1 pass=00000 acc=-1 ipm=-1.0,-1.0 inv=-1.0,-1.0 | 5(25.3) imip=0/15 pass=10111 acc=-1 ipm=99.1,109.6 inv=107.3,85.9
frame=647 line=1 track=1 cross=0 circle=0(CIRCLE_NONE) round=0 yroad=0 ramp=0 road=3 speed=0 near=0/16 raw=0/71 sel=16/31 far=0/0 far_raw=0/0 l=0@-1/0@-1 far_l=0@-1/0@-1 straight=0/0 far_straight=0/0 circle_cnt=0/0/0/0 lost=0/0 conf=0.0/25.7/0.0/0.0 dist=0 begin=0/0 m0=(84,119) ml=(94,85) md=40/1/68 cxcy=84.0,119.6 guide=-10.95 atg=60.0/60.0/60.0 pure=-8.02/-8.32 yaw=876 cmd=1094 actual=766 signed=0 rps=2916/5916:4468/4936 duty=5/18 pwm=PWM2:5/PWM1:18 motor=2:5/1:18
CrossDiag: type=CROSS_NONE track=1 half_lr=0/0 nearL=0@-1/0@-1 nearNum=0/16 centerNum=0/16 farL=0@-1/0@-1 farNum=0/0 farRaw=0/0 lost=0/0 not_have=0 final=16/31 flags=0/0
LineErr: aim=41 cxcy=84.0,119.6 left=0:0.00@-1,-1 dx=0.0 idx=-1/-1 dist=-1/-1 right=1:-8.56@93,85 dx=8.7 idx=0/4 dist=40/68 sel=1:-13.93@99,84 dx=14.7 idx=0/20 dist=40/60 edge=0:0.00@-1.0,-1.0 dx=0.0 width=0.0 l=-1,-1 r=122,111
ATGSeedDiag: seed=0@-1,-1/1@87,103 begin=7,108 block=5 clip=8
ATGLptDiag: best=-1(-57295.8) imip=-1/-1 pass=00000 acc=-1 ipm=-1.0,-1.0 inv=-1.0,-1.0 | 5(25.7) imip=0/15 pass=10111 acc=-1 ipm=98.9,110.1 inv=107.4,87.2
frame=648 line=1 track=1 cross=0 circle=0(CIRCLE_NONE) round=0 yroad=0 ramp=0 road=3 speed=0 near=0/16 raw=0/70 sel=16/31 far=0/0 far_raw=0/0 l=0@-1/0@-1 far_l=0@-1/0@-1 straight=0/0 far_straight=0/0 circle_cnt=0/0/0/0 lost=0/0 conf=0.0/25.1/0.0/0.0 dist=0 begin=0/0 m0=(84,119) ml=(95,85) md=41/1/68 cxcy=84.0,119.6 guide=-10.39 atg=60.0/60.0/60.0 pure=-8.15/-8.44 yaw=831 cmd=667 actual=913 signed=0 rps=3532/5359:4447/5443 duty=7/15 pwm=PWM2:7/PWM1:15 motor=2:7/1:15
CrossDiag: type=CROSS_NONE track=1 half_lr=0/0 nearL=0@-1/0@-1 nearNum=0/16 centerNum=0/16 farL=0@-1/0@-1 farNum=0/0 farRaw=0/0 lost=0/0 not_have=0 final=16/31 flags=0/0
LineErr: aim=41 cxcy=84.0,119.6 left=0:0.00@-1,-1 dx=0.0 idx=-1/-1 dist=-1/-1 right=1:-8.71@93,85 dx=8.8 idx=0/4 dist=40/68 sel=1:-14.42@99,84 dx=15.1 idx=0/20 dist=40/60 edge=0:0.00@-1.0,-1.0 dx=0.0 width=0.0 l=-1,-1 r=122,111
ATGSeedDiag: seed=0@-1,-1/1@87,104 begin=7,108 block=5 clip=8
ATGLptDiag: best=-1(-57295.8) imip=-1/-1 pass=00000 acc=-1 ipm=-1.0,-1.0 inv=-1.0,-1.0 | 5(25.1) imip=0/15 pass=10111 acc=-1 ipm=98.9,110.5 inv=107.7,88.1
frame=650 line=1 track=1 cross=0 circle=0(CIRCLE_NONE) round=0 yroad=0 ramp=0 road=3 speed=0 near=0/16 raw=0/71 sel=16/30 far=0/0 far_raw=0/0 l=0@-1/0@-1 far_l=0@-1/0@-1 straight=0/0 far_straight=0/0 circle_cnt=0/0/0/0 lost=0/0 conf=0.0/24.5/0.0/0.0 dist=0 begin=0/0 m0=(84,119) ml=(95,86) md=41/1/66 cxcy=84.0,119.6 guide=-11.10 atg=60.0/60.0/60.0 pure=-8.38/-8.38 yaw=888 cmd=488 actual=1228 signed=0 rps=3739/5077:4107/6096 duty=8/13 pwm=PWM2:8/PWM1:13 motor=2:8/1:13
CrossDiag: type=CROSS_NONE track=1 half_lr=0/0 nearL=0@-1/0@-1 nearNum=0/16 centerNum=0/16 farL=0@-1/0@-1 farNum=0/0 farRaw=0/0 lost=0/0 not_have=0 final=16/30 flags=0/0
LineErr: aim=41 cxcy=84.0,119.6 left=0:0.00@-1,-1 dx=0.0 idx=-1/-1 dist=-1/-1 right=1:-11.09@95,86 dx=11.2 idx=0/5 dist=42/67 sel=1:-15.03@100,85 dx=15.6 idx=0/20 dist=40/58 edge=0:0.00@-1.0,-1.0 dx=0.0 width=0.0 l=-1,-1 r=122,112
ATGSeedDiag: seed=0@-1,-1/1@87,107 begin=7,108 block=5 clip=8
ATGLptDiag: best=-1(-57295.8) imip=-1/-1 pass=00000 acc=-1 ipm=-1.0,-1.0 inv=-1.0,-1.0 | 5(24.5) imip=0/15 pass=10111 acc=-1 ipm=98.6,111.5 inv=108.2,90.6
frame=651 line=1 track=1 cross=0 circle=0(CIRCLE_NONE) round=0 yroad=0 ramp=0 road=3 speed=0 near=0/15 raw=0/70 sel=15/29 far=0/0 far_raw=0/0 l=0@-1/0@-1 far_l=0@-1/0@-1 straight=0/0 far_straight=0/0 circle_cnt=0/0/0/0 lost=0/0 conf=0.0/23.7/0.0/0.0 dist=0 begin=0/0 m0=(84,119) ml=(96,86) md=41/1/64 cxcy=84.0,119.6 guide=-11.79 atg=60.0/60.0/60.0 pure=-8.31/-8.31 yaw=944 cmd=544 actual=1359 signed=0 rps=3626/5116:4210/6208 duty=7/13 pwm=PWM2:7/PWM1:13 motor=2:7/1:13
CrossDiag: type=CROSS_NONE track=1 half_lr=0/0 nearL=0@-1/0@-1 nearNum=0/15 centerNum=0/15 farL=0@-1/0@-1 farNum=0/0 farRaw=0/0 lost=0/0 not_have=0 final=15/29 flags=0/0
LineErr: aim=41 cxcy=84.0,119.6 left=0:0.00@-1,-1 dx=0.0 idx=-1/-1 dist=-1/-1 right=1:-11.29@95,86 dx=11.3 idx=0/5 dist=41/63 sel=1:-15.93@100,85 dx=16.4 idx=0/20 dist=40/56 edge=0:0.00@-1.0,-1.0 dx=0.0 width=0.0 l=-1,-1 r=120,112
ATGSeedDiag: seed=0@-1,-1/1@88,108 begin=7,108 block=5 clip=8
ATGLptDiag: best=-1(-57295.8) imip=-1/-1 pass=00000 acc=-1 ipm=-1.0,-1.0 inv=-1.0,-1.0 | 4(23.7) imip=0/14 pass=10111 acc=-1 ipm=96.8,112.4 inv=105.2,93.1
frame=652 line=1 track=1 cross=0 circle=0(CIRCLE_NONE) round=0 yroad=0 ramp=0 road=3 speed=0 near=0/14 raw=0/67 sel=14/27 far=0/0 far_raw=0/0 l=0@-1/0@-1 far_l=0@-1/0@-1 straight=0/0 far_straight=0/0 circle_cnt=0/0/0/0 lost=0/0 conf=0.0/21.4/0.0/0.0 dist=0 begin=0/0 m0=(84,119) ml=(98,86) md=40/1/58 cxcy=84.0,119.6 guide=-15.05 atg=60.0/60.0/60.0 pure=-8.15/-8.15 yaw=1204 cmd=804 actual=1462 signed=0 rps=3096/5299:4156/5961 duty=6/14 pwm=PWM2:6/PWM1:14 motor=2:6/1:14
CrossDiag: type=CROSS_NONE track=1 half_lr=0/0 nearL=0@-1/0@-1 nearNum=0/14 centerNum=0/14 farL=0@-1/0@-1 farNum=0/0 farRaw=0/0 lost=0/0 not_have=0 final=14/27 flags=0/0
LineErr: aim=41 cxcy=84.0,119.6 left=0:0.00@-1,-1 dx=0.0 idx=-1/-1 dist=-1/-1 right=1:-12.81@97,87 dx=12.8 idx=0/5 dist=40/59 sel=1:-18.02@103,86 dx=18.5 idx=0/20 dist=40/52 edge=0:0.00@-1.0,-1.0 dx=0.0 width=0.0 l=-1,-1 r=119,113
ATGSeedDiag: seed=0@-1,-1/1@90,108 begin=7,108 block=5 clip=8
ATGLptDiag: best=-1(-57295.8) imip=-1/-1 pass=00000 acc=-1 ipm=-1.0,-1.0 inv=-1.0,-1.0 | 3(21.4) imip=0/13 pass=10111 acc=-1 ipm=95.7,113.6 inv=103.9,96.3
frame=653 line=1 track=1 cross=0 circle=0(CIRCLE_NONE) round=0 yroad=0 ramp=0 road=3 speed=0 near=0/14 raw=0/66 sel=14/27 far=0/0 far_raw=0/0 l=0@-1/0@-1 far_l=0@-1/0@-1 straight=0/0 far_straight=0/0 circle_cnt=0/0/0/0 lost=0/0 conf=0.0/21.0/0.0/0.0 dist=0 begin=0/0 m0=(84,119) ml=(99,87) md=40/1/58 cxcy=84.0,119.6 guide=-15.91 atg=60.0/60.0/60.0 pure=-8.34/-8.34 yaw=1273 cmd=873 actual=1559 signed=0 rps=2955/5348:4502/6224 duty=5/14 pwm=PWM2:5/PWM1:14 motor=2:5/1:14
CrossDiag: type=CROSS_NONE track=1 half_lr=0/0 nearL=0@-1/0@-1 nearNum=0/14 centerNum=0/14 farL=0@-1/0@-1 farNum=0/0 farRaw=0/0 lost=0/0 not_have=0 final=14/27 flags=0/0
LineErr: aim=41 cxcy=84.0,119.6 left=0:0.00@-1,-1 dx=0.0 idx=-1/-1 dist=-1/-1 right=1:-13.68@98,87 dx=13.6 idx=0/5 dist=40/59 sel=1:-18.91@103,86 dx=19.4 idx=0/20 dist=40/52 edge=0:0.00@-1.0,-1.0 dx=0.0 width=0.0 l=-1,-1 r=119,113
ATGSeedDiag: seed=0@-1,-1/1@91,108 begin=7,108 block=5 clip=8
ATGLptDiag: best=-1(-57295.8) imip=-1/-1 pass=00000 acc=-1 ipm=-1.0,-1.0 inv=-1.0,-1.0 | 3(21.0) imip=0/13 pass=10111 acc=-1 ipm=96.2,113.7 inv=105.0,96.7
frame=654 line=1 track=1 cross=0 circle=0(CIRCLE_NONE) round=0 yroad=0 ramp=0 road=3 speed=0 near=0/14 raw=0/65 sel=14/27 far=0/0 far_raw=0/0 l=0@-1/0@-1 far_l=0@-1/0@-1 straight=0/0 far_straight=0/0 circle_cnt=0/0/0/0 lost=0/0 conf=0.0/20.0/0.0/0.0 dist=0 begin=0/0 m0=(84,119) ml=(100,87) md=40/1/58 cxcy=84.0,119.6 guide=-16.88 atg=60.0/60.0/60.0 pure=-8.56/-8.56 yaw=1350 cmd=950 actual=1626 signed=0 rps=2798/5402:4408/5838 duty=4/14 pwm=PWM2:4/PWM1:14 motor=2:4/1:14
CrossDiag: type=CROSS_NONE track=1 half_lr=0/0 nearL=0@-1/0@-1 nearNum=0/14 centerNum=0/14 farL=0@-1/0@-1 farNum=0/0 farRaw=0/0 lost=0/0 not_have=0 final=14/27 flags=0/0
LineErr: aim=41 cxcy=84.0,119.6 left=0:0.00@-1,-1 dx=0.0 idx=-1/-1 dist=-1/-1 right=1:-14.64@99,87 dx=14.6 idx=0/5 dist=40/59 sel=1:-19.89@104,86 dx=20.4 idx=0/20 dist=40/52 edge=0:0.00@-1.0,-1.0 dx=0.0 width=0.0 l=-1,-1 r=120,114
ATGSeedDiag: seed=0@-1,-1/1@92,108 begin=7,108 block=5 clip=8
ATGLptDiag: best=-1(-57295.8) imip=-1/-1 pass=00000 acc=-1 ipm=-1.0,-1.0 inv=-1.0,-1.0 | 3(20.0) imip=0/13 pass=10111 acc=-1 ipm=96.6,114.0 inv=106.3,97.6
