ConfigInfo: loaded /root/front_car_mainline.yaml
front_car_mainline: ipm=atg rot/inv_rot
find uvc camera Successfully. path=/dev/video0
get uvc width = 160
get uvc height = 120
get uvc fps = 120
get uvc auto exposure mode = 3
IMU init success, type: 4 (DEV_IMU963RA)
ImuReady: type=IMU963RA bias_x=0 bias_y=-7 bias_z=4 samples=48/48/48 min=-2/-9/4 max=1/-6/6 scale=0.001277562_rad_s_per_count
front_car_mainline: live /dev/video0 160x120@30 process_fps=120 drive=on
ATGCircleEntryBreakpoints: side=L near=1@25 seed=56,28 hit=1@18,28 ray=-1,0 sharp=0 raw=56.6,28.5 th=160
frame=0 line=1 track=1 cross=0 circle=0(CIRCLE_NONE) round=0 yroad=0 ramp=0 road=6 speed=0 near=68/128 raw=139/105 sel=128/132 far=0/0 far_raw=0/0 l=1@25/0@-1 far_l=0@-1/0@-1 straight=0/1 far_straight=0/0 circle_cnt=0/0/0/0 lost=0/0 conf=92.3/4.5/0.0/0.0 dist=0 begin=0/0 m0=(84,119) ml=(95,79) md=40/1/158 cxcy=84.0,119.6 guide=-10.10 atg=44.0/24.0/26.0 pure=-2.47/-1.89 yaw=808 cmd=1208 actual=0 signed=0 rps=2806/6117:0/0 duty=10/25 pwm=PWM2:10/PWM1:25 motor=2:10/1:25
CrossDiag: type=CROSS_NONE track=1 half_lr=0/0 nearL=1@25/0@-1 nearNum=68/128 centerNum=68/128 farL=0@-1/0@-1 farNum=0/0 farRaw=0/0 lost=0/0 not_have=0 final=128/132 flags=0/0
LineErr: aim=41 cxcy=84.0,119.6 left=1:-13.09@99,77 dx=15.2 idx=1/18 dist=42/184 right=1:-10.31@96,76 dx=12.1 idx=0/15 dist=41/265 sel=1:-10.40@96,75 dx=12.5 idx=0/20 dist=40/262 edge=1:-12.09@99.5,70.5 dx=15.5 width=49.1 l=75,69 r=124,72
CxScan: raw_ref=80.0 edge=99.5,70.5 best_raw_x=120 best_err=-0.12 best_cxcy=99.3,119.7 scan=0:-32.7,10:-30.5,20:-28.1,30:-25.7,40:-23.1,50:-20.5,60:-17.8,70:-15.0,80:-12.1,90:-9.1,100:-6.2,110:-3.2,120:-0.1,130:2.9,140:5.9
ATGSeedDiag: seed=1@25,108/1@145,108 begin=7,108 block=5 clip=8
ATGLptDiag: best=25(92.3) imip=15/35 pass=11111 acc=25 ipm=75.4,60.2 inv=66.6,33.5 | 2(4.5) imip=0/12 pass=10111 acc=-1 ipm=113.0,112.2 inv=138.8,92.1
ATGCircleEntryBreakpoints: side=L near=1@25 seed=56,28 hit=1@47,19 ray=-1,-1 sharp=0 raw=56.6,28.5 th=109
ATGCircleCal: from=CIRCLE_NONE to=CIRCLE_LEFT_BEGIN reason=entry_vote heading_deg10=0 dist=0 begin_dist=0 begin_last=0
ATGCircleBeginDiag: side=L reason=state rpts0=68 Lpt0=1 none_left=0 have_left=0 dist=0 begin_dist=0 enter_dist=0 enter_gyro=0
frame=1 line=1 track=1 cross=0 circle=1(CIRCLE_LEFT_BEGIN) round=0 yroad=0 ramp=0 road=6 speed=0 near=68/128 raw=139/105 sel=128/132 far=0/0 far_raw=0/0 l=1@25/0@-1 far_l=0@-1/0@-1 straight=0/1 far_straight=0/0 circle_cnt=0/0/0/0 lost=0/0 conf=92.3/5.9/0.0/0.0 dist=0 begin=0/0 m0=(84,119) ml=(95,79) md=40/1/158 cxcy=84.0,119.6 guide=-10.10 atg=44.0/24.0/26.0 pure=-2.47/-1.89 yaw=808 cmd=1208 actual=10 signed=1 rps=2144/5456:0/0 duty=8/22 pwm=PWM2:8/PWM1:22 motor=2:8/1:22
ATGCorner: L=1@25/0@-1 Y=0@-1/0@-1 farL=0@-1/0@-1 Lxy=75.4,60.2:66.6,33.5/-1.0,-1.0:-1.0,-1.0 Yxy=-1.0,-1.0:-1.0,-1.0/-1.0,-1.0:-1.0,-1.0 farLxy=-1.0,-1.0:-1.0,-1.0/-1.0,-1.0:-1.0,-1.0 best=25:75.4,60.2:66.6,33.5:92.3:11111/1:112.3,114.4:141.4,98.4:5.9:10111 seed_src=lpt/none seed=0.0,0.0/0.0,0.0 far_start=70,0 far_raw=0/0 far_num=0/0 straight=0/1 far_straight=0/0 conf_deg=92.3/5.9/0.0/0.0
CrossDiag: type=CROSS_NONE track=1 half_lr=0/0 nearL=1@25/0@-1 nearNum=68/128 centerNum=68/128 farL=0@-1/0@-1 farNum=0/0 farRaw=0/0 lost=0/0 not_have=0 final=128/132 flags=0/0
LineErr: aim=41 cxcy=84.0,119.6 left=1:-13.09@99,77 dx=15.2 idx=1/18 dist=42/184 right=1:-10.31@96,76 dx=12.1 idx=0/15 dist=41/265 sel=1:-10.41@96,75 dx=12.5 idx=0/20 dist=40/262 edge=1:-12.09@99.5,70.5 dx=15.5 width=49.1 l=75,69 r=124,72
CxScan: raw_ref=80.0 edge=99.5,70.5 best_raw_x=120 best_err=-0.12 best_cxcy=99.3,119.7 scan=0:-32.7,10:-30.5,20:-28.1,30:-25.7,40:-23.1,50:-20.5,60:-17.8,70:-15.0,80:-12.1,90:-9.1,100:-6.2,110:-3.2,120:-0.1,130:2.9,140:5.9
ATGSeedDiag: seed=1@25,108/1@145,108 begin=7,108 block=5 clip=8
ATGLptDiag: best=25(92.3) imip=15/35 pass=11111 acc=25 ipm=75.4,60.2 inv=66.6,33.5 | 1(5.9) imip=0/11 pass=10111 acc=-1 ipm=112.3,114.4 inv=141.4,98.4
ATGCircleBeginDiag: side=L reason=state rpts0=68 Lpt0=1 none_left=0 have_left=0 dist=0 begin_dist=0 enter_dist=0 enter_gyro=0
ATGCircleBeginDiag: side=L reason=state rpts0=68 Lpt0=1 none_left=0 have_left=0 dist=0 begin_dist=1 enter_dist=0 enter_gyro=0
frame=3 line=1 track=1 cross=0 circle=1(CIRCLE_LEFT_BEGIN) round=0 yroad=0 ramp=0 road=6 speed=0 near=68/128 raw=139/105 sel=128/132 far=0/0 far_raw=0/0 l=1@25/0@-1 far_l=0@-1/0@-1 straight=0/1 far_straight=0/0 circle_cnt=0/0/0/0 lost=0/0 conf=93.0/4.6/0.0/0.0 dist=0 begin=4/0 m0=(84,119) ml=(95,79) md=40/1/158 cxcy=84.0,119.6 guide=-9.99 atg=44.0/24.0/26.0 pure=-2.46/-1.90 yaw=799 cmd=1199 actual=69 signed=1 rps=2156/5444:76/1274 duty=8/21 pwm=PWM2:8/PWM1:21 motor=2:8/1:21
ATGCorner: L=1@25/0@-1 Y=0@-1/0@-1 farL=0@-1/0@-1 Lxy=75.4,60.2:66.6,33.5/-1.0,-1.0:-1.0,-1.0 Yxy=-1.0,-1.0:-1.0,-1.0/-1.0,-1.0:-1.0,-1.0 farLxy=-1.0,-1.0:-1.0,-1.0/-1.0,-1.0:-1.0,-1.0 best=25:75.4,60.2:66.6,33.5:93.0:11111/2:113.0,112.2:138.8,92.1:4.6:10111 seed_src=lpt/none seed=0.0,0.0/0.0,0.0 far_start=70,0 far_raw=0/0 far_num=0/0 straight=0/1 far_straight=0/0 conf_deg=93.0/4.6/0.0/0.0
CrossDiag: type=CROSS_NONE track=1 half_lr=0/0 nearL=1@25/0@-1 nearNum=68/128 centerNum=68/128 farL=0@-1/0@-1 farNum=0/0 farRaw=0/0 lost=0/0 not_have=0 final=128/132 flags=0/0
LineErr: aim=41 cxcy=84.0,119.6 left=1:-12.93@99,77 dx=15.0 idx=1/18 dist=42/185 right=1:-10.18@96,76 dx=12.0 idx=0/15 dist=41/265 sel=1:-10.33@96,75 dx=12.4 idx=0/20 dist=40/262 edge=1:-12.09@99.5,70.5 dx=15.5 width=49.1 l=75,69 r=124,72
CxScan: raw_ref=80.0 edge=99.5,70.5 best_raw_x=120 best_err=-0.12 best_cxcy=99.3,119.7 scan=0:-32.7,10:-30.5,20:-28.1,30:-25.7,40:-23.1,50:-20.5,60:-17.8,70:-15.0,80:-12.1,90:-9.1,100:-6.2,110:-3.2,120:-0.1,130:2.9,140:5.9
ATGSeedDiag: seed=1@25,108/1@145,108 begin=7,108 block=5 clip=8
ATGLptDiag: best=25(93.0) imip=15/35 pass=11111 acc=25 ipm=75.4,60.2 inv=66.6,33.5 | 2(4.6) imip=0/12 pass=10111 acc=-1 ipm=113.0,112.2 inv=138.8,92.1
ATGCircleBeginDiag: side=L reason=state rpts0=68 Lpt0=1 none_left=0 have_left=0 dist=0 begin_dist=4 enter_dist=0 enter_gyro=0
frame=4 line=1 track=1 cross=0 circle=1(CIRCLE_LEFT_BEGIN) round=0 yroad=0 ramp=0 road=6 speed=0 near=68/128 raw=139/105 sel=128/132 far=0/0 far_raw=0/0 l=1@25/0@-1 far_l=0@-1/0@-1 straight=0/1 far_straight=0/0 circle_cnt=0/0/0/0 lost=0/0 conf=92.8/4.3/0.0/0.0 dist=0 begin=9/0 m0=(84,119) ml=(95,79) md=40/1/159 cxcy=84.0,119.6 guide=-9.88 atg=44.0/24.0/25.0 pure=-2.46/-1.89 yaw=791 cmd=1191 actual=123 signed=1 rps=2168/5432:124/1943 duty=8/20 pwm=PWM2:8/PWM1:20 motor=2:8/1:20
ATGCorner: L=1@25/0@-1 Y=0@-1/0@-1 farL=0@-1/0@-1 Lxy=75.2,60.2:66.4,33.5/-1.0,-1.0:-1.0,-1.0 Yxy=-1.0,-1.0:-1.0,-1.0/-1.0,-1.0:-1.0,-1.0 farLxy=-1.0,-1.0:-1.0,-1.0/-1.0,-1.0:-1.0,-1.0 best=25:75.2,60.2:66.4,33.5:92.8:11111/1:112.2,114.4:141.1,98.3:4.3:10111 seed_src=lpt/none seed=0.0,0.0/0.0,0.0 far_start=70,0 far_raw=0/0 far_num=0/0 straight=0/1 far_straight=0/0 conf_deg=92.8/4.3/0.0/0.0
CrossDiag: type=CROSS_NONE track=1 half_lr=0/0 nearL=1@25/0@-1 nearNum=68/128 centerNum=68/128 farL=0@-1/0@-1 farNum=0/0 farRaw=0/0 lost=0/0 not_have=0 final=128/132 flags=0/0
LineErr: aim=41 cxcy=84.0,119.6 left=1:-12.89@99,77 dx=15.0 idx=1/18 dist=42/185 right=1:-10.01@96,76 dx=11.8 idx=0/15 dist=41/265 sel=1:-10.10@96,75 dx=12.1 idx=0/20 dist=40/262 edge=1:-12.09@99.5,70.5 dx=15.5 width=49.1 l=75,69 r=124,72
CxScan: raw_ref=80.0 edge=99.5,70.5 best_raw_x=120 best_err=-0.12 best_cxcy=99.3,119.7 scan=0:-32.7,10:-30.5,20:-28.1,30:-25.7,40:-23.1,50:-20.5,60:-17.8,70:-15.0,80:-12.1,90:-9.1,100:-6.2,110:-3.2,120:-0.1,130:2.9,140:5.9
ATGSeedDiag: seed=1@25,108/1@145,108 begin=7,108 block=5 clip=8
ATGLptDiag: best=25(92.8) imip=15/35 pass=11111 acc=25 ipm=75.2,60.2 inv=66.4,33.5 | 1(4.3) imip=0/11 pass=10111 acc=-1 ipm=112.2,114.4 inv=141.1,98.3
ATGCircleBeginDiag: side=L reason=state rpts0=67 Lpt0=1 none_left=0 have_left=0 dist=0 begin_dist=9 enter_dist=0 enter_gyro=0
frame=5 line=1 track=1 cross=0 circle=1(CIRCLE_LEFT_BEGIN) round=0 yroad=0 ramp=0 road=6 speed=0 near=67/128 raw=139/104 sel=128/132 far=0/0 far_raw=0/0 l=1@25/0@-1 far_l=0@-1/0@-1 straight=0/1 far_straight=0/0 circle_cnt=0/0/0/0 lost=0/0 conf=93.4/6.8/0.0/0.0 dist=0 begin=13/0 m0=(84,119) ml=(95,79) md=40/1/159 cxcy=84.0,119.6 guide=-9.76 atg=40.0/22.0/24.0 pure=-2.39/-1.82 yaw=781 cmd=1181 actual=179 signed=1 rps=2182/5418:199/2513 duty=8/19 pwm=PWM2:8/PWM1:19 motor=2:8/1:19
ATGCorner: L=1@25/0@-1 Y=0@-1/0@-1 farL=0@-1/0@-1 Lxy=75.2,60.2:66.4,33.5/-1.0,-1.0:-1.0,-1.0 Yxy=-1.0,-1.0:-1.0,-1.0/-1.0,-1.0:-1.0,-1.0 farLxy=-1.0,-1.0:-1.0,-1.0/-1.0,-1.0:-1.0,-1.0 best=25:75.2,60.2:66.4,33.5:93.4:11111/1:112.2,114.1:140.6,97.6:6.8:10111 seed_src=lpt/none seed=0.0,0.0/0.0,0.0 far_start=70,0 far_raw=0/0 far_num=0/0 straight=0/1 far_straight=0/0 conf_deg=93.4/6.8/0.0/0.0
CrossDiag: type=CROSS_NONE track=1 half_lr=0/0 nearL=1@25/0@-1 nearNum=67/128 centerNum=67/128 farL=0@-1/0@-1 farNum=0/0 farRaw=0/0 lost=0/0 not_have=0 final=128/132 flags=0/0
LineErr: aim=41 cxcy=84.0,119.6 left=1:-12.83@99,77 dx=15.0 idx=1/18 dist=42/184 right=1:-9.78@96,76 dx=11.5 idx=0/15 dist=41/265 sel=1:-9.93@96,75 dx=11.9 idx=0/20 dist=40/262 edge=1:-12.09@99.5,70.5 dx=15.5 width=49.1 l=75,69 r=124,72
CxScan: raw_ref=80.0 edge=99.5,70.5 best_raw_x=120 best_err=-0.12 best_cxcy=99.3,119.7 scan=0:-32.7,10:-30.5,20:-28.1,30:-25.7,40:-23.1,50:-20.5,60:-17.8,70:-15.0,80:-12.1,90:-9.1,100:-6.2,110:-3.2,120:-0.1,130:2.9,140:5.9
ATGSeedDiag: seed=1@25,108/1@144,107 begin=7,108 block=5 clip=8
ATGLptDiag: best=25(93.4) imip=15/35 pass=11111 acc=25 ipm=75.2,60.2 inv=66.4,33.5 | 1(6.8) imip=0/11 pass=10111 acc=-1 ipm=112.2,114.1 inv=140.6,97.6
ATGCircleBeginDiag: side=L reason=state rpts0=66 Lpt0=1 none_left=0 have_left=0 dist=0 begin_dist=13 enter_dist=0 enter_gyro=0
frame=6 line=1 track=1 cross=0 circle=1(CIRCLE_LEFT_BEGIN) round=0 yroad=0 ramp=0 road=6 speed=0 near=66/128 raw=138/105 sel=128/132 far=0/0 far_raw=0/0 l=1@25/0@-1 far_l=0@-1/0@-1 straight=0/1 far_straight=0/0 circle_cnt=0/0/0/0 lost=0/0 conf=89.7/3.9/0.0/0.0 dist=0 begin=18/0 m0=(84,119) ml=(95,79) md=40/1/160 cxcy=84.0,119.6 guide=-9.52 atg=39.0/21.0/24.0 pure=-2.35/-1.80 yaw=762 cmd=1162 actual=237 signed=1 rps=2208/5392:252/2874 duty=8/19 pwm=PWM2:8/PWM1:19 motor=2:8/1:19
ATGCorner: L=1@25/0@-1 Y=0@-1/0@-1 farL=0@-1/0@-1 Lxy=74.2,60.2:65.5,33.5/-1.0,-1.0:-1.0,-1.0 Yxy=-1.0,-1.0:-1.0,-1.0/-1.0,-1.0:-1.0,-1.0 farLxy=-1.0,-1.0:-1.0,-1.0/-1.0,-1.0:-1.0,-1.0 best=25:74.2,60.2:65.5,33.5:89.7:11111/52:145.0,0.8:105.2,16.2:3.9:10111 seed_src=lpt/none seed=0.0,0.0/0.0,0.0 far_start=70,0 far_raw=0/0 far_num=0/0 straight=0/1 far_straight=0/0 conf_deg=89.7/3.9/0.0/0.0
CrossDiag: type=CROSS_NONE track=1 half_lr=0/0 nearL=1@25/0@-1 nearNum=66/128 centerNum=66/128 farL=0@-1/0@-1 farNum=0/0 farRaw=0/0 lost=0/0 not_have=0 final=128/132 flags=0/0
LineErr: aim=41 cxcy=84.0,119.6 left=1:-12.61@98,81 dx=13.9 idx=1/17 dist=39/183 right=1:-9.64@95,76 dx=11.3 idx=0/15 dist=40/264 sel=1:-9.72@96,75 dx=11.7 idx=0/20 dist=40/262 edge=1:-11.71@99.0,70.5 dx=15.0 width=50.1 l=74,69 r=124,72
CxScan: raw_ref=80.0 edge=99.0,70.5 best_raw_x=120 best_err=0.27 best_cxcy=99.3,119.7 scan=0:-32.4,10:-30.2,20:-27.8,30:-25.4,40:-22.8,50:-20.2,60:-17.4,70:-14.6,80:-11.7,90:-8.8,100:-5.8,110:-2.8,120:0.3,130:3.3,140:6.3
ATGSeedDiag: seed=1@25,108/1@144,108 begin=7,108 block=5 clip=8
ATGLptDiag: best=25(89.7) imip=15/35 pass=11111 acc=25 ipm=74.2,60.2 inv=65.5,33.5 | 52(3.9) imip=42/62 pass=10111 acc=-1 ipm=145.0,0.8 inv=105.2,16.2
ATGCircleBeginDiag: side=L reason=state rpts0=65 Lpt0=1 none_left=0 have_left=0 dist=0 begin_dist=18 enter_dist=0 enter_gyro=0
frame=7 line=1 track=1 cross=0 circle=1(CIRCLE_LEFT_BEGIN) round=0 yroad=0 ramp=0 road=6 speed=0 near=65/127 raw=137/105 sel=127/131 far=0/0 far_raw=0/0 l=1@25/0@-1 far_l=0@-1/0@-1 straight=0/1 far_straight=0/0 circle_cnt=0/0/0/0 lost=0/0 conf=90.1/5.5/0.0/0.0 dist=0 begin=23/0 m0=(84,119) ml=(94,79) md=40/1/161 cxcy=84.0,119.6 guide=-9.20 atg=39.0/21.0/22.0 pure=-2.29/-1.76 yaw=736 cmd=1136 actual=343 signed=1 rps=2243/5357:324/3009 duty=8/18 pwm=PWM2:8/PWM1:18 motor=2:8/1:18
ATGCorner: L=1@25/0@-1 Y=0@-1/0@-1 farL=0@-1/0@-1 Lxy=73.7,59.9:65.1,33.4/-1.0,-1.0:-1.0,-1.0 Yxy=-1.0,-1.0:-1.0,-1.0/-1.0,-1.0:-1.0,-1.0 farLxy=-1.0,-1.0:-1.0,-1.0/-1.0,-1.0:-1.0,-1.0 best=25:73.7,59.9:65.1,33.4:90.1:11111/1:111.8,114.4:140.3,98.3:5.5:10111 seed_src=lpt/none seed=0.0,0.0/0.0,0.0 far_start=70,0 far_raw=0/0 far_num=0/0 straight=0/1 far_straight=0/0 conf_deg=90.1/5.5/0.0/0.0
CrossDiag: type=CROSS_NONE track=1 half_lr=0/0 nearL=1@25/0@-1 nearNum=65/127 centerNum=65/127 farL=0@-1/0@-1 farNum=0/0 farRaw=0/0 lost=0/0 not_have=0 final=127/131 flags=0/0
LineErr: aim=41 cxcy=84.0,119.6 left=1:-12.16@98,76 dx=14.4 idx=1/18 dist=42/180 right=1:-9.27@95,76 dx=10.8 idx=0/15 dist=40/262 sel=1:-9.40@95,75 dx=11.3 idx=0/20 dist=40/260 edge=1:-11.33@98.5,70.5 dx=14.5 width=49.1 l=74,69 r=123,72
CxScan: raw_ref=80.0 edge=98.5,70.5 best_raw_x=120 best_err=0.67 best_cxcy=99.3,119.7 scan=0:-32.1,10:-29.9,20:-27.5,30:-25.0,40:-22.5,50:-19.8,60:-17.1,70:-14.2,80:-11.3,90:-8.4,100:-5.4,110:-2.4,120:0.7,130:3.7,140:6.7
ATGSeedDiag: seed=1@25,107/1@144,108 begin=7,108 block=5 clip=8
ATGLptDiag: best=25(90.1) imip=15/35 pass=11111 acc=25 ipm=73.7,59.9 inv=65.1,33.4 | 1(5.5) imip=0/11 pass=10111 acc=-1 ipm=111.8,114.4 inv=140.3,98.3
ATGCircleBeginDiag: side=L reason=state rpts0=64 Lpt0=1 none_left=0 have_left=0 dist=0 begin_dist=23 enter_dist=0 enter_gyro=0
frame=8 line=1 track=1 cross=0 circle=1(CIRCLE_LEFT_BEGIN) round=0 yroad=0 ramp=0 road=6 speed=0 near=64/127 raw=137/105 sel=127/131 far=0/0 far_raw=0/0 l=1@25/0@-1 far_l=0@-1/0@-1 straight=0/1 far_straight=0/0 circle_cnt=0/0/0/0 lost=0/0 conf=89.0/3.7/0.0/0.0 dist=0 begin=28/0 m0=(84,119) ml=(94,79) md=40/1/161 cxcy=84.0,119.6 guide=-8.74 atg=35.0/19.0/21.0 pure=-2.21/-1.71 yaw=699 cmd=1099 actual=451 signed=1 rps=2294/5306:376/3091 duty=8/18 pwm=PWM2:8/PWM1:18 motor=2:8/1:18
ATGCorner: L=1@25/0@-1 Y=0@-1/0@-1 farL=0@-1/0@-1 Lxy=73.0,60.1:64.4,33.5/-1.0,-1.0:-1.0,-1.0 Yxy=-1.0,-1.0:-1.0,-1.0/-1.0,-1.0:-1.0,-1.0 farLxy=-1.0,-1.0:-1.0,-1.0/-1.0,-1.0:-1.0,-1.0 best=25:73.0,60.1:64.4,33.5:89.0:11111/51:142.7,2.6:104.4,16.5:3.7:10111 seed_src=lpt/none seed=0.0,0.0/0.0,0.0 far_start=70,0 far_raw=0/0 far_num=0/0 straight=0/1 far_straight=0/0 conf_deg=89.0/3.7/0.0/0.0
CrossDiag: type=CROSS_NONE track=1 half_lr=0/0 nearL=1@25/0@-1 nearNum=64/127 centerNum=64/127 farL=0@-1/0@-1 farNum=0/0 farRaw=0/0 lost=0/0 not_have=0 final=127/131 flags=0/0
LineErr: aim=41 cxcy=84.0,119.6 left=1:-11.93@97,80 dx=13.3 idx=1/17 dist=39/177 right=1:-8.90@94,76 dx=10.4 idx=0/15 dist=40/262 sel=1:-9.01@95,74 dx=10.8 idx=0/20 dist=40/260 edge=1:-10.95@98.0,70.5 dx=14.0 width=50.1 l=73,69 r=123,72
CxScan: raw_ref=80.0 edge=98.0,70.5 best_raw_x=115 best_err=-0.45 best_cxcy=97.4,119.7 scan=0:-31.8,10:-29.6,20:-27.2,30:-24.7,40:-22.1,50:-19.4,60:-16.7,70:-13.9,80:-10.9,90:-8.0,100:-5.0,110:-2.0,120:1.1,130:4.1,140:7.1
ATGSeedDiag: seed=1@24,108/1@144,108 begin=7,108 block=5 clip=8
ATGLptDiag: best=25(89.0) imip=15/35 pass=11111 acc=25 ipm=73.0,60.1 inv=64.4,33.5 | 51(3.7) imip=41/61 pass=10111 acc=-1 ipm=142.7,2.6 inv=104.4,16.5
ATGCircleBeginDiag: side=L reason=state rpts0=63 Lpt0=1 none_left=0 have_left=0 dist=0 begin_dist=28 enter_dist=0 enter_gyro=0
frame=9 line=1 track=1 cross=0 circle=1(CIRCLE_LEFT_BEGIN) round=0 yroad=0 ramp=0 road=6 speed=0 near=63/127 raw=137/105 sel=127/130 far=0/0 far_raw=0/0 l=1@25/0@-1 far_l=0@-1/0@-1 straight=0/1 far_straight=0/0 circle_cnt=0/0/0/0 lost=0/0 conf=91.1/3.0/0.0/0.0 dist=0 begin=33/0 m0=(84,119) ml=(93,79) md=40/1/161 cxcy=84.0,119.6 guide=-8.30 atg=31.0/17.0/19.0 pure=-2.09/-1.64 yaw=664 cmd=849 actual=572 signed=1 rps=2637/4963:405/2902 duty=9/17 pwm=PWM2:9/PWM1:17 motor=2:9/1:17
ATGCorner: L=1@25/0@-1 Y=0@-1/0@-1 farL=0@-1/0@-1 Lxy=72.7,59.9:64.2,33.4/-1.0,-1.0:-1.0,-1.0 Yxy=-1.0,-1.0:-1.0,-1.0/-1.0,-1.0:-1.0,-1.0 farLxy=-1.0,-1.0:-1.0,-1.0/-1.0,-1.0:-1.0,-1.0 best=25:72.7,59.9:64.2,33.4:91.1:11111/2:112.2,112.1:137.0,91.9:3.0:10111 seed_src=lpt/none seed=0.0,0.0/0.0,0.0 far_start=70,0 far_raw=0/0 far_num=0/0 straight=0/1 far_straight=0/0 conf_deg=91.1/3.0/0.0/0.0
CrossDiag: type=CROSS_NONE track=1 half_lr=0/0 nearL=1@25/0@-1 nearNum=63/127 centerNum=63/127 farL=0@-1/0@-1 farNum=0/0 farRaw=0/0 lost=0/0 not_have=0 final=127/130 flags=0/0
LineErr: aim=41 cxcy=84.0,119.6 left=1:-11.34@97,76 dx=13.5 idx=1/18 dist=42/171 right=1:-8.52@94,77 dx=9.9 idx=0/15 dist=40/262 sel=1:-8.64@94,74 dx=10.4 idx=0/20 dist=40/258 edge=1:-10.56@97.5,70.5 dx=13.5 width=49.1 l=73,69 r=122,72
CxScan: raw_ref=80.0 edge=97.5,70.5 best_raw_x=115 best_err=-0.05 best_cxcy=97.4,119.7 scan=0:-31.5,10:-29.3,20:-26.9,30:-24.4,40:-21.8,50:-19.1,60:-16.3,70:-13.5,80:-10.6,90:-7.6,100:-4.6,110:-1.6,120:1.5,130:4.5,140:7.5
ATGSeedDiag: seed=1@24,108/1@143,108 begin=7,108 block=5 clip=8
ATGLptDiag: best=25(91.1) imip=15/35 pass=11111 acc=25 ipm=72.7,59.9 inv=64.2,33.4 | 2(3.0) imip=0/12 pass=10111 acc=-1 ipm=112.2,112.1 inv=137.0,91.9
ATGCircleBeginDiag: side=L reason=state rpts0=61 Lpt0=1 none_left=0 have_left=0 dist=0 begin_dist=33 enter_dist=0 enter_gyro=0
ATGCircleBeginDiag: side=L reason=state rpts0=60 Lpt0=1 none_left=0 have_left=0 dist=0 begin_dist=37 enter_dist=0 enter_gyro=0
frame=11 line=1 track=1 cross=0 circle=1(CIRCLE_LEFT_BEGIN) round=0 yroad=0 ramp=0 road=6 speed=0 near=60/126 raw=135/105 sel=126/129 far=0/0 far_raw=0/0 l=1@24/0@-1 far_l=0@-1/0@-1 straight=0/1 far_straight=0/0 circle_cnt=0/0/0/0 lost=0/0 conf=93.5/3.3/0.0/0.0 dist=0 begin=41/0 m0=(84,119) ml=(92,79) md=40/1/155 cxcy=84.0,119.6 guide=-7.41 atg=26.0/15.0/16.0 pure=-1.86/-1.52 yaw=593 cmd=193 actual=809 signed=1 rps=3536/4064:559/2770 duty=12/13 pwm=PWM2:12/PWM1:13 motor=2:12/1:13
ATGCorner: L=1@24/0@-1 Y=0@-1/0@-1 farL=0@-1/0@-1 Lxy=71.9,61.8:63.3,34.3/-1.0,-1.0:-1.0,-1.0 Yxy=-1.0,-1.0:-1.0,-1.0/-1.0,-1.0:-1.0,-1.0 farLxy=-1.0,-1.0:-1.0,-1.0/-1.0,-1.0:-1.0,-1.0 best=24:71.9,61.8:63.3,34.3:93.5:11111/49:137.2,6.1:102.2,17.2:3.3:10111 seed_src=lpt/none seed=0.0,0.0/0.0,0.0 far_start=70,0 far_raw=0/0 far_num=0/0 straight=0/1 far_straight=0/0 conf_deg=93.5/3.3/0.0/0.0
CrossDiag: type=CROSS_NONE track=1 half_lr=0/0 nearL=1@24/0@-1 nearNum=60/126 centerNum=60/126 farL=0@-1/0@-1 farNum=0/0 farRaw=0/0 lost=0/0 not_have=0 final=126/129 flags=0/0
LineErr: aim=41 cxcy=84.0,119.6 left=1:-10.45@96,79 dx=11.8 idx=1/17 dist=39/168 right=1:-7.52@93,75 dx=9.0 idx=0/16 dist=41/259 sel=1:-7.56@93,74 dx=9.1 idx=0/20 dist=40/256 edge=1:-9.73@96.5,70.0 dx=12.5 width=49.0 l=72,69 r=121,71
CxScan: raw_ref=80.0 edge=96.5,70.0 best_raw_x=115 best_err=0.73 best_cxcy=97.4,119.7 scan=0:-30.8,10:-28.5,20:-26.1,30:-23.6,40:-21.0,50:-18.3,60:-15.5,70:-12.6,80:-9.7,90:-6.8,100:-3.8,110:-0.8,120:2.2,130:5.2,140:8.2
ATGSeedDiag: seed=1@23,108/1@142,108 begin=7,108 block=5 clip=8
ATGLptDiag: best=24(93.5) imip=14/34 pass=11111 acc=24 ipm=71.9,61.8 inv=63.3,34.3 | 49(3.3) imip=39/59 pass=10111 acc=-1 ipm=137.2,6.1 inv=102.2,17.2
ATGCircleBeginDiag: side=L reason=state rpts0=58 Lpt0=1 none_left=0 have_left=0 dist=0 begin_dist=41 enter_dist=0 enter_gyro=0
frame=12 line=1 track=1 cross=0 circle=1(CIRCLE_LEFT_BEGIN) round=0 yroad=0 ramp=0 road=6 speed=0 near=58/126 raw=135/105 sel=126/129 far=0/0 far_raw=0/0 l=1@25/0@-1 far_l=0@-1/0@-1 straight=0/1 far_straight=0/0 circle_cnt=0/0/0/0 lost=0/0 conf=88.0/3.8/0.0/0.0 dist=0 begin=46/0 m0=(84,119) ml=(91,79) md=40/1/153 cxcy=84.0,119.6 guide=-6.59 atg=22.0/13.0/14.0 pure=-1.77/-1.42 yaw=527 cmd=127 actual=910 signed=1 rps=3626/3974:634/2508 duty=12/13 pwm=PWM2:12/PWM1:13 motor=2:12/1:13
ATGCorner: L=1@25/0@-1 Y=0@-1/0@-1 farL=0@-1/0@-1 Lxy=69.6,60.0:61.4,33.5/-1.0,-1.0:-1.0,-1.0 Yxy=-1.0,-1.0:-1.0,-1.0/-1.0,-1.0:-1.0,-1.0 farLxy=-1.0,-1.0:-1.0,-1.0/-1.0,-1.0:-1.0,-1.0 best=25:69.6,60.0:61.4,33.5:88.0:11111/52:137.2,-1.0:100.7,15.9:3.8:10111 seed_src=lpt/none seed=0.0,0.0/0.0,0.0 far_start=70,0 far_raw=0/0 far_num=0/0 straight=0/1 far_straight=0/0 conf_deg=88.0/3.8/0.0/0.0
CrossDiag: type=CROSS_NONE track=1 half_lr=0/0 nearL=1@25/0@-1 nearNum=58/126 centerNum=58/126 farL=0@-1/0@-1 farNum=0/0 farRaw=0/0 lost=0/0 not_have=0 final=126/129 flags=0/0
LineErr: aim=41 cxcy=84.0,119.6 left=1:-9.70@95,79 dx=11.0 idx=1/17 dist=39/165 right=1:-6.81@92,75 dx=8.1 idx=0/16 dist=41/259 sel=1:-6.88@92,74 dx=8.3 idx=0/20 dist=40/256 edge=1:-8.96@95.5,70.0 dx=11.5 width=49.0 l=71,69 r=120,71
CxScan: raw_ref=80.0 edge=95.5,70.0 best_raw_x=110 best_err=0.01 best_cxcy=95.5,119.6 scan=0:-30.2,10:-27.9,20:-25.4,30:-22.9,40:-20.3,50:-17.6,60:-14.8,70:-11.9,80:-9.0,90:-6.0,100:-3.0,110:0.0,120:3.0,130:6.0,140:9.0
ATGSeedDiag: seed=1@22,108/1@142,108 begin=7,108 block=5 clip=8
ATGLptDiag: best=25(88.0) imip=15/35 pass=11111 acc=25 ipm=69.6,60.0 inv=61.4,33.5 | 52(3.8) imip=42/62 pass=10111 acc=-1 ipm=137.2,-1.0 inv=100.7,15.9
ATGCircleBeginDiag: side=L reason=state rpts0=57 Lpt0=1 none_left=0 have_left=0 dist=0 begin_dist=46 enter_dist=0 enter_gyro=0
frame=13 line=1 track=1 cross=0 circle=1(CIRCLE_LEFT_BEGIN) round=0 yroad=0 ramp=0 road=6 speed=0 near=57/126 raw=134/105 sel=126/129 far=0/0 far_raw=0/0 l=1@24/0@-1 far_l=0@-1/0@-1 straight=0/1 far_straight=0/0 circle_cnt=0/0/0/0 lost=0/0 conf=93.1/5.1/0.0/0.0 dist=0 begin=50/0 m0=(84,119) ml=(91,78) md=41/1/151 cxcy=84.0,119.6 guide=-5.82 atg=19.0/11.0/12.0 pure=-1.61/-1.32 yaw=465 cmd=65 actual=998 signed=1 rps=3710/3890:744/2215 duty=12/14 pwm=PWM2:12/PWM1:14 motor=2:12/1:14
ATGCorner: L=1@24/0@-1 Y=0@-1/0@-1 farL=0@-1/0@-1 Lxy=70.2,61.5:61.8,34.2/-1.0,-1.0:-1.0,-1.0 Yxy=-1.0,-1.0:-1.0,-1.0/-1.0,-1.0:-1.0,-1.0 farLxy=-1.0,-1.0:-1.0,-1.0/-1.0,-1.0:-1.0,-1.0 best=24:70.2,61.5:61.8,34.2:93.1:11111/1:110.4,114.3:137.1,98.2:5.1:10111 seed_src=lpt/none seed=0.0,0.0/0.0,0.0 far_start=70,0 far_raw=0/0 far_num=0/0 straight=0/1 far_straight=0/0 conf_deg=93.1/5.1/0.0/0.0
CrossDiag: type=CROSS_NONE track=1 half_lr=0/0 nearL=1@24/0@-1 nearNum=57/126 centerNum=57/126 farL=0@-1/0@-1 farNum=0/0 farRaw=0/0 lost=0/0 not_have=0 final=126/129 flags=0/0
LineErr: aim=41 cxcy=84.0,119.6 left=1:-8.87@95,73 dx=10.8 idx=1/18 dist=42/161 right=1:-6.04@91,75 dx=7.2 idx=0/16 dist=40/258 sel=1:-6.17@91,74 dx=7.4 idx=0/20 dist=40/256 edge=1:-8.14@94.5,69.5 dx=10.5 width=49.1 l=70,68 r=119,71
CxScan: raw_ref=80.0 edge=94.5,69.5 best_raw_x=105 best_err=-0.70 best_cxcy=93.6,119.6 scan=0:-29.4,10:-27.1,20:-24.6,30:-22.1,40:-19.4,50:-16.7,60:-13.9,70:-11.1,80:-8.1,90:-5.2,100:-2.2,110:0.8,120:3.8,130:6.7,140:9.7
ATGSeedDiag: seed=1@22,108/1@141,108 begin=7,108 block=5 clip=8
ATGLptDiag: best=24(93.1) imip=14/34 pass=11111 acc=24 ipm=70.2,61.5 inv=61.8,34.2 | 1(5.1) imip=0/11 pass=10111 acc=-1 ipm=110.4,114.3 inv=137.1,98.2
ATGCircleBeginDiag: side=L reason=state rpts0=56 Lpt0=1 none_left=0 have_left=0 dist=0 begin_dist=50 enter_dist=0 enter_gyro=0
frame=14 line=1 track=1 cross=0 circle=1(CIRCLE_LEFT_BEGIN) round=0 yroad=0 ramp=0 road=6 speed=0 near=56/125 raw=133/104 sel=125/128 far=0/0 far_raw=0/0 l=1@24/0@-1 far_l=0@-1/0@-1 straight=0/1 far_straight=0/0 circle_cnt=0/0/0/0 lost=0/0 conf=93.3/5.2/0.0/0.0 dist=0 begin=53/0 m0=(84,119) ml=(90,78) md=41/1/148 cxcy=84.0,119.6 guide=-5.18 atg=15.0/10.0/10.0 pure=-1.43/-1.23 yaw=414 cmd=14 actual=1059 signed=1 rps=3781/3819:830/1962 duty=13/14 pwm=PWM2:13/PWM1:14 motor=2:13/1:14
ATGCorner: L=1@24/0@-1 Y=0@-1/0@-1 farL=0@-1/0@-1 Lxy=69.3,61.5:61.0,34.2/-1.0,-1.0:-1.0,-1.0 Yxy=-1.0,-1.0:-1.0,-1.0/-1.0,-1.0:-1.0,-1.0 farLxy=-1.0,-1.0:-1.0,-1.0/-1.0,-1.0:-1.0,-1.0 best=24:69.3,61.5:61.0,34.2:93.3:11111/1:110.2,114.0:135.9,97.3:5.2:10111 seed_src=lpt/none seed=0.0,0.0/0.0,0.0 far_start=70,0 far_raw=0/0 far_num=0/0 straight=0/1 far_straight=0/0 conf_deg=93.3/5.2/0.0/0.0
CrossDiag: type=CROSS_NONE track=1 half_lr=0/0 nearL=1@24/0@-1 nearNum=56/125 centerNum=56/125 farL=0@-1/0@-1 farNum=0/0 farRaw=0/0 lost=0/0 not_have=0 final=125/128 flags=0/0
LineErr: aim=41 cxcy=84.0,119.6 left=1:-8.37@94,77 dx=9.7 idx=1/17 dist=40/161 right=1:-5.43@90,75 dx=6.4 idx=0/16 dist=40/256 sel=1:-5.60@91,74 dx=6.8 idx=0/20 dist=40/254 edge=1:-7.52@93.5,71.0 dx=9.5 width=49.0 l=69,71 r=118,71
CxScan: raw_ref=80.0 edge=93.5,71.0 best_raw_x=105 best_err=0.08 best_cxcy=93.6,119.6 scan=0:-29.3,10:-26.9,20:-24.4,30:-21.8,40:-19.1,50:-16.3,60:-13.4,70:-10.5,80:-7.5,90:-4.5,100:-1.4,110:1.6,120:4.6,130:7.7,140:10.6
ATGSeedDiag: seed=1@22,108/1@140,107 begin=7,108 block=5 clip=8
ATGLptDiag: best=24(93.3) imip=14/34 pass=11111 acc=24 ipm=69.3,61.5 inv=61.0,34.2 | 1(5.2) imip=0/11 pass=10111 acc=-1 ipm=110.2,114.0 inv=135.9,97.3
ATGCircleBeginDiag: side=L reason=state rpts0=54 Lpt0=1 none_left=0 have_left=0 dist=0 begin_dist=53 enter_dist=0 enter_gyro=0
frame=15 line=1 track=1 cross=0 circle=1(CIRCLE_LEFT_BEGIN) round=0 yroad=0 ramp=0 road=6 speed=0 near=54/125 raw=131/105 sel=125/127 far=0/0 far_raw=0/0 l=1@24/0@-1 far_l=0@-1/0@-1 straight=0/1 far_straight=0/0 circle_cnt=0/0/0/0 lost=0/0 conf=88.5/5.1/0.0/0.0 dist=0 begin=57/0 m0=(84,119) ml=(89,78) md=41/1/146 cxcy=84.0,119.6 guide=-4.53 atg=13.0/8.0/9.0 pure=-1.31/-1.13 yaw=363 cmd=-37 actual=1115 signed=1 rps=3851/3749:934/1836 duty=13/13 pwm=PWM2:13/PWM1:13 motor=2:13/1:13
ATGCorner: L=1@24/0@-1 Y=0@-1/0@-1 farL=0@-1/0@-1 Lxy=67.0,61.7:59.0,34.3/-1.0,-1.0:-1.0,-1.0 Yxy=-1.0,-1.0:-1.0,-1.0/-1.0,-1.0:-1.0,-1.0 farLxy=-1.0,-1.0:-1.0,-1.0/-1.0,-1.0:-1.0,-1.0 best=24:67.0,61.7:59.0,34.3:88.5:11111/1:109.9,114.3:135.8,98.1:5.1:10111 seed_src=lpt/none seed=0.0,0.0/0.0,0.0 far_start=70,0 far_raw=0/0 far_num=0/0 straight=0/1 far_straight=0/0 conf_deg=88.5/5.1/0.0/0.0
CrossDiag: type=CROSS_NONE track=1 half_lr=0/0 nearL=1@24/0@-1 nearNum=54/125 centerNum=54/125 farL=0@-1/0@-1 farNum=0/0 farRaw=0/0 lost=0/0 not_have=0 final=125/127 flags=0/0
LineErr: aim=41 cxcy=84.0,119.6 left=1:-7.69@93,75 dx=9.1 idx=0/17 dist=42/157 right=1:-4.99@90,73 dx=6.1 idx=0/17 dist=41/255 sel=1:-4.97@90,74 dx=6.0 idx=0/20 dist=40/252 edge=1:-6.60@92.5,69.5 dx=8.5 width=49.1 l=68,68 r=117,71
CxScan: raw_ref=80.0 edge=92.5,69.5 best_raw_x=100 best_err=-0.63 best_cxcy=91.7,119.6 scan=0:-28.2,10:-25.8,20:-23.3,30:-20.7,40:-18.0,50:-15.3,60:-12.4,70:-9.5,80:-6.6,90:-3.6,100:-0.6,110:2.4,120:5.3,130:8.3,140:11.2
ATGSeedDiag: seed=1@21,108/1@140,108 begin=7,108 block=5 clip=8
ATGLptDiag: best=24(88.5) imip=14/34 pass=11111 acc=24 ipm=67.0,61.7 inv=59.0,34.3 | 1(5.1) imip=0/11 pass=10111 acc=-1 ipm=109.9,114.3 inv=135.8,98.1
ATGCircleBeginDiag: side=L reason=state rpts0=53 Lpt0=1 none_left=0 have_left=0 dist=0 begin_dist=57 enter_dist=0 enter_gyro=0
frame=16 line=1 track=1 cross=0 circle=1(CIRCLE_LEFT_BEGIN) round=0 yroad=0 ramp=0 road=6 speed=0 near=53/125 raw=130/105 sel=125/127 far=0/0 far_raw=0/0 l=1@24/0@-1 far_l=0@-1/0@-1 straight=0/1 far_straight=0/0 circle_cnt=0/0/0/0 lost=0/0 conf=86.1/3.2/0.0/0.0 dist=0 begin=61/0 m0=(84,119) ml=(88,78) md=41/1/144 cxcy=84.0,119.6 guide=-3.90 atg=10.0/6.0/7.0 pure=-1.16/-1.03 yaw=312 cmd=-88 actual=1149 signed=1 rps=3920/3680:1062/1772 duty=13/13 pwm=PWM2:13/PWM1:13 motor=2:13/1:13
ATGCorner: L=1@24/0@-1 Y=0@-1/0@-1 farL=0@-1/0@-1 Lxy=65.8,61.6:57.9,34.2/-1.0,-1.0:-1.0,-1.0 Yxy=-1.0,-1.0:-1.0,-1.0/-1.0,-1.0:-1.0,-1.0 farLxy=-1.0,-1.0:-1.0,-1.0/-1.0,-1.0:-1.0,-1.0 best=24:65.8,61.6:57.9,34.2:86.1:11111/49:128.4,4.6:97.1,16.9:3.2:10111 seed_src=lpt/none seed=0.0,0.0/0.0,0.0 far_start=70,0 far_raw=0/0 far_num=0/0 straight=0/1 far_straight=0/0 conf_deg=86.1/3.2/0.0/0.0
CrossDiag: type=CROSS_NONE track=1 half_lr=0/0 nearL=1@24/0@-1 nearNum=53/125 centerNum=53/125 farL=0@-1/0@-1 farNum=0/0 farRaw=0/0 lost=0/0 not_have=0 final=125/127 flags=0/0
LineErr: aim=41 cxcy=84.0,119.6 left=1:-6.84@92,75 dx=8.1 idx=0/17 dist=42/155 right=1:-4.21@89,74 dx=5.1 idx=0/17 dist=41/255 sel=1:-4.21@89,74 dx=5.1 idx=0/20 dist=40/252 edge=1:-5.91@91.5,70.5 dx=7.5 width=49.0 l=67,70 r=116,71
CxScan: raw_ref=80.0 edge=91.5,70.5 best_raw_x=100 best_err=0.15 best_cxcy=91.7,119.6 scan=0:-27.9,10:-25.5,20:-22.9,30:-20.3,40:-17.6,50:-14.7,60:-11.8,70:-8.9,80:-5.9,90:-2.9,100:0.1,110:3.2,120:6.2,130:9.2,140:12.1
ATGSeedDiag: seed=1@21,108/1@139,108 begin=7,108 block=5 clip=8
ATGLptDiag: best=24(86.1) imip=14/34 pass=11111 acc=24 ipm=65.8,61.6 inv=57.9,34.2 | 49(3.2) imip=39/59 pass=10111 acc=-1 ipm=128.4,4.6 inv=97.1,16.9
ATGCircleBeginDiag: side=L reason=state rpts0=52 Lpt0=1 none_left=0 have_left=0 dist=0 begin_dist=61 enter_dist=0 enter_gyro=0
frame=17 line=1 track=1 cross=0 circle=1(CIRCLE_LEFT_BEGIN) round=0 yroad=0 ramp=0 road=6 speed=0 near=52/125 raw=129/105 sel=125/127 far=0/0 far_raw=0/0 l=1@23/0@-1 far_l=0@-1/0@-1 straight=0/1 far_straight=0/0 circle_cnt=0/0/0/0 lost=0/0 conf=92.5/3.7/0.0/0.0 dist=0 begin=65/0 m0=(84,119) ml=(88,78) md=41/1/142 cxcy=84.0,119.6 guide=-3.15 atg=7.0/5.0/6.0 pure=-1.00/-0.93 yaw=252 cmd=-148 actual=1156 signed=1 rps=4003/3597:1172/1771 duty=13/13 pwm=PWM2:13/PWM1:13 motor=2:13/1:13
ATGCorner: L=1@23/0@-1 Y=0@-1/0@-1 farL=0@-1/0@-1 Lxy=66.4,63.4:58.1,35.2/-1.0,-1.0:-1.0,-1.0 Yxy=-1.0,-1.0:-1.0,-1.0/-1.0,-1.0:-1.0,-1.0 farLxy=-1.0,-1.0:-1.0,-1.0/-1.0,-1.0:-1.0,-1.0 best=23:66.4,63.4:58.1,35.2:92.5:11111/2:109.7,112.0:131.6,91.6:3.7:10111 seed_src=lpt/none seed=0.0,0.0/0.0,0.0 far_start=70,0 far_raw=0/0 far_num=0/0 straight=0/1 far_straight=0/0 conf_deg=92.5/3.7/0.0/0.0
CrossDiag: type=CROSS_NONE track=1 half_lr=0/0 nearL=1@23/0@-1 nearNum=52/125 centerNum=52/125 farL=0@-1/0@-1 farNum=0/0 farRaw=0/0 lost=0/0 not_have=0 final=125/127 flags=0/0
LineErr: aim=41 cxcy=84.0,119.6 left=1:-6.27@91,79 dx=7.0 idx=0/16 dist=39/153 right=1:-3.43@88,74 dx=4.1 idx=0/17 dist=41/255 sel=1:-3.45@88,74 dx=4.2 idx=0/20 dist=40/252 edge=1:-5.12@90.5,70.5 dx=6.5 width=49.0 l=66,70 r=115,71
CxScan: raw_ref=80.0 edge=90.5,70.5 best_raw_x=95 best_err=-0.58 best_cxcy=89.8,119.6 scan=0:-27.3,10:-24.8,20:-22.3,30:-19.6,40:-16.8,50:-14.0,60:-11.1,70:-8.1,80:-5.1,90:-2.1,100:0.9,110:4.0,120:7.0,130:9.9,140:12.8
ATGSeedDiag: seed=1@20,108/1@139,108 begin=7,108 block=5 clip=8
ATGLptDiag: best=23(92.5) imip=13/33 pass=11111 acc=23 ipm=66.4,63.4 inv=58.1,35.2 | 2(3.7) imip=0/12 pass=10111 acc=-1 ipm=109.7,112.0 inv=131.6,91.6
ATGCircleBeginDiag: side=L reason=state rpts0=51 Lpt0=1 none_left=0 have_left=0 dist=0 begin_dist=65 enter_dist=0 enter_gyro=0
frame=18 line=1 track=1 cross=0 circle=1(CIRCLE_LEFT_BEGIN) round=0 yroad=0 ramp=0 road=6 speed=0 near=51/125 raw=128/105 sel=125/127 far=0/0 far_raw=0/0 l=1@23/0@-1 far_l=0@-1/0@-1 straight=0/1 far_straight=0/0 circle_cnt=0/0/0/0 lost=0/0 conf=90.1/5.9/0.0/0.0 dist=0 begin=69/0 m0=(84,119) ml=(87,78) md=41/1/139 cxcy=84.0,119.6 guide=-2.64 atg=5.0/4.0/5.0 pure=-0.87/-0.84 yaw=211 cmd=-189 actual=1146 signed=1 rps=4059/3541:1273/1816 duty=13/13 pwm=PWM2:13/PWM1:13 motor=2:13/1:13
ATGCorner: L=1@23/0@-1 Y=0@-1/0@-1 farL=0@-1/0@-1 Lxy=65.2,63.3:57.1,35.1/-1.0,-1.0:-1.0,-1.0 Yxy=-1.0,-1.0:-1.0,-1.0/-1.0,-1.0:-1.0,-1.0 farLxy=-1.0,-1.0:-1.0,-1.0/-1.0,-1.0:-1.0,-1.0 best=23:65.2,63.3:57.1,35.1:90.1:11111/1:109.0,114.3:133.8,98.1:5.9:10111 seed_src=lpt/none seed=0.0,0.0/0.0,0.0 far_start=70,0 far_raw=0/0 far_num=0/0 straight=0/1 far_straight=0/0 conf_deg=90.1/5.9/0.0/0.0
CrossDiag: type=CROSS_NONE track=1 half_lr=0/0 nearL=1@23/0@-1 nearNum=51/125 centerNum=51/125 farL=0@-1/0@-1 farNum=0/0 farRaw=0/0 lost=0/0 not_have=0 final=125/127 flags=0/0
LineErr: aim=41 cxcy=84.0,119.6 left=1:-5.56@91,74 dx=6.7 idx=0/17 dist=42/151 right=1:-3.01@88,74 dx=3.6 idx=0/17 dist=41/255 sel=1:-3.05@88,74 dx=3.7 idx=0/20 dist=40/252 edge=1:-4.73@90.0,70.5 dx=6.0 width=48.0 l=66,70 r=114,71
CxScan: raw_ref=80.0 edge=90.0,70.5 best_raw_x=95 best_err=-0.18 best_cxcy=89.8,119.6 scan=0:-27.0,10:-24.5,20:-21.9,30:-19.2,40:-16.5,50:-13.6,60:-10.7,70:-7.7,80:-4.7,90:-1.7,100:1.3,110:4.4,120:7.4,130:10.3,140:13.2
ATGSeedDiag: seed=1@20,108/1@138,108 begin=7,108 block=5 clip=8
ATGLptDiag: best=23(90.1) imip=13/33 pass=11111 acc=23 ipm=65.2,63.3 inv=57.1,35.1 | 1(5.9) imip=0/11 pass=10111 acc=-1 ipm=109.0,114.3 inv=133.8,98.1
ATGCircleBeginDiag: side=L reason=state rpts0=50 Lpt0=1 none_left=0 have_left=0 dist=0 begin_dist=69 enter_dist=0 enter_gyro=0
frame=19 line=1 track=1 cross=0 circle=1(CIRCLE_LEFT_BEGIN) round=0 yroad=0 ramp=0 road=6 speed=0 near=50/125 raw=127/105 sel=125/127 far=0/0 far_raw=0/0 l=1@23/0@-1 far_l=0@-1/0@-1 straight=0/1 far_straight=0/0 circle_cnt=0/0/0/0 lost=0/0 conf=89.5/3.2/0.0/0.0 dist=0 begin=74/0 m0=(84,119) ml=(86,78) md=41/1/137 cxcy=84.0,119.6 guide=-2.13 atg=3.0/3.0/4.0 pure=-0.75/-0.74 yaw=170 cmd=-230 actual=1126 signed=1 rps=4115/3485:1338/1946 duty=13/12 pwm=PWM2:13/PWM1:12 motor=2:13/1:12
ATGCorner: L=1@23/0@-1 Y=0@-1/0@-1 farL=0@-1/0@-1 Lxy=64.1,63.2:56.1,35.1/-1.0,-1.0:-1.0,-1.0 Yxy=-1.0,-1.0:-1.0,-1.0/-1.0,-1.0:-1.0,-1.0 farLxy=-1.0,-1.0:-1.0,-1.0/-1.0,-1.0:-1.0,-1.0 best=23:64.1,63.2:56.1,35.1:89.5:11111/1:108.7,114.2:133.3,98.0:3.2:10111 seed_src=lpt/none seed=0.0,0.0/0.0,0.0 far_start=70,0 far_raw=0/0 far_num=0/0 straight=0/1 far_straight=0/0 conf_deg=89.5/3.2/0.0/0.0
CrossDiag: type=CROSS_NONE track=1 half_lr=0/0 nearL=1@23/0@-1 nearNum=50/125 centerNum=50/125 farL=0@-1/0@-1 farNum=0/0 farRaw=0/0 lost=0/0 not_have=0 final=125/127 flags=0/0
LineErr: aim=41 cxcy=84.0,119.6 left=1:-4.70@90,73 dx=5.7 idx=0/17 dist=42/149 right=1:-2.26@87,74 dx=2.7 idx=0/17 dist=40/254 sel=1:-2.30@87,73 dx=2.8 idx=0/20 dist=40/252 edge=1:-3.91@89.0,70.0 dx=5.0 width=48.0 l=65,70 r=113,70
CxScan: raw_ref=80.0 edge=89.0,70.0 best_raw_x=95 best_err=0.61 best_cxcy=89.8,119.6 scan=0:-26.2,10:-23.7,20:-21.1,30:-18.4,40:-15.6,50:-12.8,60:-9.9,70:-6.9,80:-3.9,90:-0.9,100:2.1,110:5.1,120:8.1,130:11.0,140:13.9
ATGSeedDiag: seed=1@19,108/1@138,108 begin=7,108 block=5 clip=8
ATGLptDiag: best=23(89.5) imip=13/33 pass=11111 acc=23 ipm=64.1,63.2 inv=56.1,35.1 | 1(3.2) imip=0/11 pass=10111 acc=-1 ipm=108.7,114.2 inv=133.3,98.0
ATGCircleBeginDiag: side=L reason=state rpts0=49 Lpt0=1 none_left=0 have_left=0 dist=0 begin_dist=74 enter_dist=0 enter_gyro=0
frame=20 line=1 track=1 cross=0 circle=1(CIRCLE_LEFT_BEGIN) round=0 yroad=0 ramp=0 road=6 speed=0 near=49/125 raw=126/105 sel=125/127 far=0/0 far_raw=0/0 l=1@24/0@-1 far_l=0@-1/0@-1 straight=0/1 far_straight=0/0 circle_cnt=0/0/0/0 lost=0/0 conf=84.2/6.5/0.0/0.0 dist=0 begin=80/0 m0=(84,119) ml=(86,78) md=41/1/138 cxcy=84.0,119.6 guide=-1.50 atg=2.0/2.0/3.0 pure=-0.60/-0.65 yaw=120 cmd=-280 actual=1098 signed=1 rps=4184/3416:1414/1998 duty=13/12 pwm=PWM2:13/PWM1:12 motor=2:13/1:12
ATGCorner: L=1@24/0@-1 Y=0@-1/0@-1 farL=0@-1/0@-1 Lxy=61.5,61.6:54.0,34.3/-1.0,-1.0:-1.0,-1.0 Yxy=-1.0,-1.0:-1.0,-1.0/-1.0,-1.0:-1.0,-1.0 farLxy=-1.0,-1.0:-1.0,-1.0/-1.0,-1.0:-1.0,-1.0 best=24:61.5,61.6:54.0,34.3:84.2:11111/1:108.5,114.3:132.8,98.1:6.5:10111 seed_src=lpt/none seed=0.0,0.0/0.0,0.0 far_start=70,0 far_raw=0/0 far_num=0/0 straight=0/1 far_straight=0/0 conf_deg=84.2/6.5/0.0/0.0
CrossDiag: type=CROSS_NONE track=1 half_lr=0/0 nearL=1@24/0@-1 nearNum=49/125 centerNum=49/125 farL=0@-1/0@-1 farNum=0/0 farRaw=0/0 lost=0/0 not_have=0 final=125/127 flags=0/0
LineErr: aim=41 cxcy=84.0,119.6 left=1:-4.53@89,77 dx=5.2 idx=0/16 dist=39/147 right=1:-1.78@86,75 dx=2.1 idx=0/17 dist=40/254 sel=1:-1.88@86,73 dx=2.3 idx=0/20 dist=40/252 edge=1:-3.52@88.5,70.0 dx=4.5 width=49.0 l=64,70 r=113,70
CxScan: raw_ref=80.0 edge=88.5,70.0 best_raw_x=90 best_err=-0.51 best_cxcy=87.9,119.6 scan=0:-25.9,10:-23.4,20:-20.8,30:-18.1,40:-15.3,50:-12.4,60:-9.5,70:-6.5,80:-3.5,90:-0.5,100:2.5,110:5.5,120:8.5,130:11.4,140:14.2
ATGSeedDiag: seed=1@19,108/1@137,108 begin=7,108 block=5 clip=8
ATGLptDiag: best=24(84.2) imip=14/34 pass=11111 acc=24 ipm=61.5,61.6 inv=54.0,34.3 | 1(6.5) imip=0/11 pass=10111 acc=-1 ipm=108.5,114.3 inv=132.8,98.1
ATGCircleBeginDiag: side=L reason=state rpts0=49 Lpt0=1 none_left=0 have_left=0 dist=0 begin_dist=80 enter_dist=0 enter_gyro=0
frame=21 line=1 track=1 cross=0 circle=1(CIRCLE_LEFT_BEGIN) round=0 yroad=0 ramp=0 road=6 speed=0 near=49/124 raw=125/105 sel=124/126 far=0/0 far_raw=0/0 l=1@23/0@-1 far_l=0@-1/0@-1 straight=0/1 far_straight=0/0 circle_cnt=0/0/0/0 lost=0/0 conf=89.6/3.8/0.0/0.0 dist=0 begin=85/0 m0=(84,119) ml=(85,78) md=41/1/135 cxcy=84.0,119.6 guide=-0.86 atg=2.0/2.0/2.0 pure=-0.52/-0.58 yaw=69 cmd=-331 actual=1071 signed=1 rps=4254/3346:1561/2144 duty=13/11 pwm=PWM2:13/PWM1:11 motor=2:13/1:11
ATGCorner: L=1@23/0@-1 Y=0@-1/0@-1 farL=0@-1/0@-1 Lxy=62.0,63.2:54.2,35.1/-1.0,-1.0:-1.0,-1.0 Yxy=-1.0,-1.0:-1.0,-1.0/-1.0,-1.0:-1.0,-1.0 farLxy=-1.0,-1.0:-1.0,-1.0/-1.0,-1.0:-1.0,-1.0 best=23:62.0,63.2:54.2,35.1:89.6:11111/1:108.3,114.2:132.2,98.0:3.8:10111 seed_src=lpt/none seed=0.0,0.0/0.0,0.0 far_start=70,0 far_raw=0/0 far_num=0/0 straight=0/1 far_straight=0/0 conf_deg=89.6/3.8/0.0/0.0
CrossDiag: type=CROSS_NONE track=1 half_lr=0/0 nearL=1@23/0@-1 nearNum=49/124 centerNum=49/124 farL=0@-1/0@-1 farNum=0/0 farRaw=0/0 lost=0/0 not_have=0 final=124/126 flags=0/0
LineErr: aim=41 cxcy=84.0,119.6 left=1:-3.66@88,76 dx=4.2 idx=0/16 dist=39/146 right=1:-1.07@85,75 dx=1.3 idx=0/17 dist=40/252 sel=1:-1.14@85,73 dx=1.4 idx=0/20 dist=40/250 edge=1:-2.73@87.5,70.0 dx=3.5 width=49.0 l=63,70 r=112,70
CxScan: raw_ref=80.0 edge=87.5,70.0 best_raw_x=90 best_err=0.28 best_cxcy=87.9,119.6 scan=0:-25.3,10:-22.7,20:-20.1,30:-17.3,40:-14.5,50:-11.7,60:-8.7,70:-5.7,80:-2.7,90:0.3,100:3.3,110:6.3,120:9.2,130:12.1,140:15.0
ATGSeedDiag: seed=1@18,108/1@137,108 begin=7,108 block=5 clip=8
ATGLptDiag: best=23(89.6) imip=13/33 pass=11111 acc=23 ipm=62.0,63.2 inv=54.2,35.1 | 1(3.8) imip=0/11 pass=10111 acc=-1 ipm=108.3,114.2 inv=132.2,98.0
ATGCircleBeginDiag: side=L reason=state rpts0=47 Lpt0=1 none_left=0 have_left=0 dist=0 begin_dist=85 enter_dist=0 enter_gyro=0
frame=22 line=1 track=1 cross=0 circle=1(CIRCLE_LEFT_BEGIN) round=0 yroad=0 ramp=0 road=6 speed=0 near=47/124 raw=125/105 sel=124/126 far=0/0 far_raw=0/0 l=1@23/0@-1 far_l=0@-1/0@-1 straight=0/1 far_straight=0/0 circle_cnt=0/0/0/0 lost=0/0 conf=91.0/5.8/0.0/0.0 dist=0 begin=90/0 m0=(84,119) ml=(85,78) md=41/1/133 cxcy=84.0,119.6 guide=-0.49 atg=1.0/1.0/1.0 pure=-0.35/-0.49 yaw=39 cmd=-361 actual=1040 signed=1 rps=4295/3305:1666/2231 duty=13/11 pwm=PWM2:13/PWM1:11 motor=2:13/1:11
ATGCorner: L=1@23/0@-1 Y=0@-1/0@-1 farL=0@-1/0@-1 Lxy=61.7,63.2:53.9,35.1/-1.0,-1.0:-1.0,-1.0 Yxy=-1.0,-1.0:-1.0,-1.0/-1.0,-1.0:-1.0,-1.0 farLxy=-1.0,-1.0:-1.0,-1.0/-1.0,-1.0:-1.0,-1.0 best=23:61.7,63.2:53.9,35.1:91.0:11111/1:108.1,114.2:131.8,98.0:5.8:10111 seed_src=lpt/none seed=0.0,0.0/0.0,0.0 far_start=70,0 far_raw=0/0 far_num=0/0 straight=0/1 far_straight=0/0 conf_deg=91.0/5.8/0.0/0.0
CrossDiag: type=CROSS_NONE track=1 half_lr=0/0 nearL=1@23/0@-1 nearNum=47/124 centerNum=47/124 farL=0@-1/0@-1 farNum=0/0 farRaw=0/0 lost=0/0 not_have=0 final=124/126 flags=0/0
LineErr: aim=41 cxcy=84.0,119.6 left=1:-3.25@88,76 dx=3.8 idx=0/16 dist=39/143 right=1:-0.66@85,75 dx=0.8 idx=0/17 dist=40/252 sel=1:-0.75@85,74 dx=0.9 idx=0/20 dist=40/250 edge=1:-2.34@87.0,70.0 dx=3.0 width=48.0 l=63,70 r=111,70
CxScan: raw_ref=80.0 edge=87.0,70.0 best_raw_x=90 best_err=0.68 best_cxcy=87.9,119.6 scan=0:-24.9,10:-22.4,20:-19.7,30:-17.0,40:-14.2,50:-11.3,60:-8.3,70:-5.3,80:-2.3,90:0.7,100:3.7,110:6.7,120:9.6,130:12.5,140:15.3
ATGSeedDiag: seed=1@18,108/1@136,108 begin=7,108 block=5 clip=8
ATGLptDiag: best=23(91.0) imip=13/33 pass=11111 acc=23 ipm=61.7,63.2 inv=53.9,35.1 | 1(5.8) imip=0/11 pass=10111 acc=-1 ipm=108.1,114.2 inv=131.8,98.0
ATGCircleBeginDiag: side=L reason=state rpts0=47 Lpt0=1 none_left=0 have_left=0 dist=0 begin_dist=90 enter_dist=0 enter_gyro=0
frame=23 line=1 track=1 cross=0 circle=1(CIRCLE_LEFT_BEGIN) round=0 yroad=0 ramp=0 road=6 speed=0 near=47/124 raw=124/105 sel=124/126 far=0/0 far_raw=0/0 l=1@23/0@-1 far_l=0@-1/0@-1 straight=0/1 far_straight=0/0 circle_cnt=0/0/0/0 lost=0/0 conf=89.7/4.2/0.0/0.0 dist=0 begin=96/0 m0=(84,119) ml=(84,78) md=41/1/131 cxcy=84.0,119.6 guide=0.28 atg=0.0/1.0/1.0 pure=-0.27/-0.44 yaw=-22 cmd=-422 actual=1009 signed=1 rps=4379/3221:1701/2269 duty=14/11 pwm=PWM2:14/PWM1:11 motor=2:14/1:11
ATGCorner: L=1@23/0@-1 Y=0@-1/0@-1 farL=0@-1/0@-1 Lxy=60.6,63.1:52.9,35.0/-1.0,-1.0:-1.0,-1.0 Yxy=-1.0,-1.0:-1.0,-1.0/-1.0,-1.0:-1.0,-1.0 farLxy=-1.0,-1.0:-1.0,-1.0/-1.0,-1.0:-1.0,-1.0 best=23:60.6,63.1:52.9,35.0:89.7:11111/51:118.8,-1.2:91.1,15.9:4.2:10111 seed_src=lpt/none seed=0.0,0.0/0.0,0.0 far_start=70,0 far_raw=0/0 far_num=0/0 straight=0/1 far_straight=0/0 conf_deg=89.7/4.2/0.0/0.0
CrossDiag: type=CROSS_NONE track=1 half_lr=0/0 nearL=1@23/0@-1 nearNum=47/124 centerNum=47/124 farL=0@-1/0@-1 farNum=0/0 farRaw=0/0 lost=0/0 not_have=0 final=124/126 flags=0/0
LineErr: aim=41 cxcy=84.0,119.6 left=1:-2.43@87,76 dx=2.8 idx=0/16 dist=39/143 right=1:-0.02@84,73 dx=0.0 idx=0/18 dist=41/251 sel=1:0.02@84,74 dx=-0.0 idx=0/20 dist=40/250 edge=1:-1.95@86.5,70.0 dx=2.5 width=49.0 l=62,70 r=111,70
CxScan: raw_ref=80.0 edge=86.5,70.0 best_raw_x=85 best_err=-0.44 best_cxcy=85.9,119.6 scan=0:-24.6,10:-22.0,20:-19.4,30:-16.6,40:-13.8,50:-10.9,60:-7.9,70:-5.0,80:-1.9,90:1.1,100:4.1,110:7.1,120:10.0,130:12.9,140:15.7
ATGSeedDiag: seed=1@17,108/1@136,108 begin=7,108 block=5 clip=8
ATGLptDiag: best=23(89.7) imip=13/33 pass=11111 acc=23 ipm=60.6,63.1 inv=52.9,35.0 | 51(4.2) imip=41/61 pass=10111 acc=-1 ipm=118.8,-1.2 inv=91.1,15.9
ATGCircleBeginDiag: side=L reason=state rpts0=46 Lpt0=1 none_left=0 have_left=0 dist=0 begin_dist=96 enter_dist=0 enter_gyro=0
frame=24 line=1 track=1 cross=0 circle=1(CIRCLE_LEFT_BEGIN) round=0 yroad=0 ramp=0 road=6 speed=0 near=46/124 raw=122/105 sel=124/125 far=0/0 far_raw=0/0 l=1@23/0@-1 far_l=0@-1/0@-1 straight=0/1 far_straight=0/0 circle_cnt=0/0/0/0 lost=0/0 conf=85.1/7.8/0.0/0.0 dist=0 begin=102/0 m0=(84,119) ml=(83,78) md=41/1/128 cxcy=84.0,119.6 guide=0.66 atg=0.0/0.0/0.0 pure=-0.11/-0.34 yaw=-53 cmd=-453 actual=970 signed=1 rps=4420/3180:1842/2447 duty=14/10 pwm=PWM2:14/PWM1:10 motor=2:14/1:10
ATGCorner: L=1@23/0@-1 Y=0@-1/0@-1 farL=0@-1/0@-1 Lxy=58.8,63.4:51.1,35.2/-1.0,-1.0:-1.0,-1.0 Yxy=-1.0,-1.0:-1.0,-1.0/-1.0,-1.0:-1.0,-1.0 farLxy=-1.0,-1.0:-1.0,-1.0/-1.0,-1.0:-1.0,-1.0 best=23:58.8,63.4:51.1,35.2:85.1:11111/1:107.6,114.2:130.8,98.0:7.8:10111 seed_src=lpt/none seed=0.0,0.0/0.0,0.0 far_start=70,0 far_raw=0/0 far_num=0/0 straight=0/1 far_straight=0/0 conf_deg=85.1/7.8/0.0/0.0
CrossDiag: type=CROSS_NONE track=1 half_lr=0/0 nearL=1@23/0@-1 nearNum=46/124 centerNum=46/124 farL=0@-1/0@-1 farNum=0/0 farRaw=0/0 lost=0/0 not_have=0 final=124/125 flags=0/0
LineErr: aim=41 cxcy=84.0,119.6 left=1:-1.87@86,75 dx=2.2 idx=0/16 dist=40/142 right=1:0.41@84,73 dx=-0.5 idx=0/18 dist=41/251 sel=1:0.43@84,74 dx=-0.5 idx=0/20 dist=40/248 edge=1:-1.16@85.5,70.0 dx=1.5 width=49.0 l=61,70 r=110,70
CxScan: raw_ref=80.0 edge=85.5,70.0 best_raw_x=85 best_err=0.35 best_cxcy=85.9,119.6 scan=0:-23.9,10:-21.3,20:-18.7,30:-15.9,40:-13.0,50:-10.1,60:-7.2,70:-4.2,80:-1.2,90:1.9,100:4.9,110:7.8,120:10.8,130:13.6,140:16.4
ATGSeedDiag: seed=1@17,108/1@135,108 begin=7,108 block=5 clip=8
ATGLptDiag: best=23(85.1) imip=13/33 pass=11111 acc=23 ipm=58.8,63.4 inv=51.1,35.2 | 1(7.8) imip=0/11 pass=10111 acc=-1 ipm=107.6,114.2 inv=130.8,98.0
ATGCircleBeginDiag: side=L reason=state rpts0=45 Lpt0=1 none_left=0 have_left=0 dist=0 begin_dist=102 enter_dist=0 enter_gyro=0
frame=25 line=1 track=1 cross=0 circle=1(CIRCLE_LEFT_BEGIN) round=0 yroad=0 ramp=0 road=6 speed=0 near=45/124 raw=121/105 sel=124/126 far=0/0 far_raw=0/0 l=1@23/0@-1 far_l=0@-1/0@-1 straight=0/1 far_straight=0/0 circle_cnt=0/0/0/0 lost=0/0 conf=83.4/4.5/0.0/0.0 dist=0 begin=108/0 m0=(84,119) ml=(82,78) md=41/1/129 cxcy=84.0,119.6 guide=1.42 atg=0.0/0.0/0.0 pure=-0.02/-0.26 yaw=-114 cmd=-514 actual=918 signed=1 rps=4504/3096:2005/2612 duty=14/10 pwm=PWM2:14/PWM1:10 motor=2:14/1:10
ATGCorner: L=1@23/0@-1 Y=0@-1/0@-1 farL=0@-1/0@-1 Lxy=57.7,63.6:50.1,35.3/-1.0,-1.0:-1.0,-1.0 Yxy=-1.0,-1.0:-1.0,-1.0/-1.0,-1.0:-1.0,-1.0 farLxy=-1.0,-1.0:-1.0,-1.0/-1.0,-1.0:-1.0,-1.0 best=23:57.7,63.6:50.1,35.3:83.4:11111/1:107.4,114.2:130.2,98.0:4.5:10111 seed_src=lpt/none seed=0.0,0.0/0.0,0.0 far_start=70,0 far_raw=0/0 far_num=0/0 straight=0/1 far_straight=0/0 conf_deg=83.4/4.5/0.0/0.0
CrossDiag: type=CROSS_NONE track=1 half_lr=0/0 nearL=1@23/0@-1 nearNum=45/124 centerNum=45/124 farL=0@-1/0@-1 farNum=0/0 farRaw=0/0 lost=0/0 not_have=0 final=124/126 flags=0/0
LineErr: aim=41 cxcy=84.0,119.6 left=1:-1.39@86,74 dx=1.7 idx=0/16 dist=41/139 right=1:0.97@83,73 dx=-1.2 idx=0/18 dist=41/251 sel=1:1.01@83,74 dx=-1.2 idx=0/20 dist=40/250 edge=1:-0.37@84.5,70.0 dx=0.5 width=49.0 l=60,70 r=109,70
CxScan: raw_ref=80.0 edge=84.5,70.0 best_raw_x=80 best_err=-0.37 best_cxcy=84.0,119.6 scan=0:-23.3,10:-20.7,20:-17.9,30:-15.2,40:-12.3,50:-9.4,60:-6.4,70:-3.4,80:-0.4,90:2.6,100:5.6,110:8.6,120:11.5,130:14.4,140:17.1
ATGSeedDiag: seed=1@16,108/1@135,108 begin=7,108 block=5 clip=8
ATGLptDiag: best=23(83.4) imip=13/33 pass=11111 acc=23 ipm=57.7,63.6 inv=50.1,35.3 | 1(4.5) imip=0/11 pass=10111 acc=-1 ipm=107.4,114.2 inv=130.2,98.0
ATGCircleBeginDiag: side=L reason=state rpts0=45 Lpt0=1 none_left=0 have_left=0 dist=0 begin_dist=108 enter_dist=0 enter_gyro=0
frame=26 line=1 track=1 cross=0 circle=1(CIRCLE_LEFT_BEGIN) round=0 yroad=0 ramp=0 road=6 speed=0 near=45/124 raw=121/105 sel=124/126 far=0/0 far_raw=0/0 l=1@22/0@-1 far_l=0@-1/0@-1 straight=0/1 far_straight=0/0 circle_cnt=0/0/0/0 lost=0/0 conf=89.0/8.4/0.0/0.0 dist=0 begin=115/0 m0=(84,119) ml=(82,78) md=41/1/126 cxcy=84.0,119.6 guide=1.81 atg=0.0/0.0/0.0 pure=0.10/-0.20 yaw=-144 cmd=-544 actual=861 signed=1 rps=4546/3054:2116/2740 duty=14/10 pwm=PWM2:14/PWM1:10 motor=2:14/1:10
ATGCorner: L=1@22/0@-1 Y=0@-1/0@-1 farL=0@-1/0@-1 Lxy=59.0,65.3:51.0,36.2/-1.0,-1.0:-1.0,-1.0 Yxy=-1.0,-1.0:-1.0,-1.0/-1.0,-1.0:-1.0,-1.0 farLxy=-1.0,-1.0:-1.0,-1.0/-1.0,-1.0:-1.0,-1.0 best=22:59.0,65.3:51.0,36.2:89.0:11111/1:107.2,114.2:129.8,98.0:8.4:10111 seed_src=lpt/none seed=0.0,0.0/0.0,0.0 far_start=70,0 far_raw=0/0 far_num=0/0 straight=0/1 far_straight=0/0 conf_deg=89.0/8.4/0.0/0.0
CrossDiag: type=CROSS_NONE track=1 half_lr=0/0 nearL=1@22/0@-1 nearNum=45/124 centerNum=45/124 farL=0@-1/0@-1 farNum=0/0 farRaw=0/0 lost=0/0 not_have=0 final=124/126 flags=0/0
LineErr: aim=41 cxcy=84.0,119.6 left=1:-1.02@85,74 dx=1.2 idx=0/16 dist=40/137 right=1:1.61@82,74 dx=-1.9 idx=0/18 dist=41/251 sel=1:1.62@82,74 dx=-1.9 idx=0/20 dist=40/250 edge=1:0.02@84.0,70.0 dx=-0.0 width=48.0 l=60,70 r=108,70
CxScan: raw_ref=80.0 edge=84.0,70.0 best_raw_x=80 best_err=0.02 best_cxcy=84.0,119.6 scan=0:-22.9,10:-20.3,20:-17.6,30:-14.8,40:-11.9,50:-9.0,60:-6.0,70:-3.0,80:0.0,90:3.0,100:6.0,110:9.0,120:11.9,130:14.7,140:17.5
ATGSeedDiag: seed=1@16,108/1@134,108 begin=7,108 block=5 clip=8
ATGLptDiag: best=22(89.0) imip=12/32 pass=11111 acc=22 ipm=59.0,65.3 inv=51.0,36.2 | 1(8.4) imip=0/11 pass=10111 acc=-1 ipm=107.2,114.2 inv=129.8,98.0
ATGCircleBeginDiag: side=L reason=state rpts0=44 Lpt0=1 none_left=0 have_left=0 dist=0 begin_dist=115 enter_dist=0 enter_gyro=0
frame=27 line=1 track=1 cross=0 circle=1(CIRCLE_LEFT_BEGIN) round=0 yroad=0 ramp=0 road=6 speed=0 near=44/124 raw=120/105 sel=124/125 far=0/0 far_raw=0/0 l=1@22/0@-1 far_l=0@-1/0@-1 straight=0/1 far_straight=0/0 circle_cnt=0/0/0/0 lost=0/0 conf=88.7/3.2/0.0/0.0 dist=0 begin=122/0 m0=(84,119) ml=(81,79) md=40/1/124 cxcy=84.0,119.6 guide=2.33 atg=0.0/0.0/0.0 pure=0.19/-0.13 yaw=-186 cmd=-586 actual=795 signed=1 rps=4603/2997:2218/2820 duty=14/9 pwm=PWM2:14/PWM1:9 motor=2:14/1:9
ATGCorner: L=1@22/0@-1 Y=0@-1/0@-1 farL=0@-1/0@-1 Lxy=58.2,65.4:50.2,36.3/-1.0,-1.0:-1.0,-1.0 Yxy=-1.0,-1.0:-1.0,-1.0/-1.0,-1.0:-1.0,-1.0 farLxy=-1.0,-1.0:-1.0,-1.0/-1.0,-1.0:-1.0,-1.0 best=22:58.2,65.4:50.2,36.3:88.7:11111/1:106.9,114.2:129.2,97.9:3.2:10111 seed_src=lpt/none seed=0.0,0.0/0.0,0.0 far_start=70,0 far_raw=0/0 far_num=0/0 straight=0/1 far_straight=0/0 conf_deg=88.7/3.2/0.0/0.0
CrossDiag: type=CROSS_NONE track=1 half_lr=0/0 nearL=1@22/0@-1 nearNum=44/124 centerNum=44/124 farL=0@-1/0@-1 farNum=0/0 farRaw=0/0 lost=0/0 not_have=0 final=124/125 flags=0/0
LineErr: aim=41 cxcy=84.0,119.6 left=1:-0.49@85,73 dx=0.6 idx=0/16 dist=41/137 right=1:2.02@82,74 dx=-2.4 idx=0/18 dist=41/251 sel=1:2.02@82,74 dx=-2.4 idx=0/20 dist=40/248 edge=1:0.41@83.5,70.0 dx=-0.5 width=49.0 l=59,70 r=108,70
CxScan: raw_ref=80.0 edge=83.5,70.0 best_raw_x=80 best_err=0.41 best_cxcy=84.0,119.6 scan=0:-22.6,10:-20.0,20:-17.2,30:-14.4,40:-11.5,50:-8.6,60:-5.6,70:-2.6,80:0.4,90:3.4,100:6.4,110:9.4,120:12.3,130:15.1,140:17.9
ATGSeedDiag: seed=1@16,108/1@134,108 begin=7,108 block=5 clip=8
ATGLptDiag: best=22(88.7) imip=12/32 pass=11111 acc=22 ipm=58.2,65.4 inv=50.2,36.3 | 1(3.2) imip=0/11 pass=10111 acc=-1 ipm=106.9,114.2 inv=129.2,97.9
ATGCircleBeginDiag: side=L reason=state rpts0=44 Lpt0=1 none_left=0 have_left=0 dist=0 begin_dist=122 enter_dist=0 enter_gyro=0
frame=28 line=1 track=1 cross=0 circle=1(CIRCLE_LEFT_BEGIN) round=0 yroad=0 ramp=0 road=6 speed=0 near=44/124 raw=119/105 sel=124/126 far=0/0 far_raw=0/0 l=1@22/0@-1 far_l=0@-1/0@-1 straight=0/1 far_straight=0/0 circle_cnt=0/0/0/0 lost=0/0 conf=90.3/4.5/0.0/0.0 dist=0 begin=130/0 m0=(84,119) ml=(81,79) md=40/1/124 cxcy=84.0,119.6 guide=2.33 atg=0.0/0.0/0.0 pure=0.23/-0.09 yaw=-186 cmd=-586 actual=720 signed=1 rps=4603/2997:2269/2826 duty=14/9 pwm=PWM2:14/PWM1:9 motor=2:14/1:9
ATGCorner: L=1@22/0@-1 Y=0@-1/0@-1 farL=0@-1/0@-1 Lxy=57.9,65.0:49.9,36.1/-1.0,-1.0:-1.0,-1.0 Yxy=-1.0,-1.0:-1.0,-1.0/-1.0,-1.0:-1.0,-1.0 farLxy=-1.0,-1.0:-1.0,-1.0/-1.0,-1.0:-1.0,-1.0 best=22:57.9,65.0:49.9,36.1:90.3:11111/1:106.9,114.2:129.2,98.0:4.5:10111 seed_src=lpt/none seed=0.0,0.0/0.0,0.0 far_start=70,0 far_raw=0/0 far_num=0/0 straight=0/1 far_straight=0/0 conf_deg=90.3/4.5/0.0/0.0
CrossDiag: type=CROSS_NONE track=1 half_lr=0/0 nearL=1@22/0@-1 nearNum=44/124 centerNum=44/124 farL=0@-1/0@-1 farNum=0/0 farRaw=0/0 lost=0/0 not_have=0 final=124/126 flags=0/0
LineErr: aim=41 cxcy=84.0,119.6 left=1:-0.11@84,73 dx=0.1 idx=0/16 dist=41/138 right=1:2.02@82,74 dx=-2.4 idx=0/18 dist=41/251 sel=1:2.02@82,74 dx=-2.4 idx=0/20 dist=40/250 edge=1:0.41@83.5,69.5 dx=-0.5 width=49.0 l=59,69 r=108,70
CxScan: raw_ref=80.0 edge=83.5,69.5 best_raw_x=80 best_err=0.41 best_cxcy=84.0,119.6 scan=0:-22.5,10:-19.8,20:-17.1,30:-14.3,40:-11.5,50:-8.5,60:-5.6,70:-2.6,80:0.4,90:3.4,100:6.4,110:9.3,120:12.2,130:15.0,140:17.7
ATGSeedDiag: seed=1@16,107/1@134,108 begin=7,108 block=5 clip=8
ATGLptDiag: best=22(90.3) imip=12/32 pass=11111 acc=22 ipm=57.9,65.0 inv=49.9,36.1 | 1(4.5) imip=0/11 pass=10111 acc=-1 ipm=106.9,114.2 inv=129.2,98.0
ATGCircleBeginDiag: side=L reason=state rpts0=43 Lpt0=1 none_left=0 have_left=0 dist=0 begin_dist=130 enter_dist=0 enter_gyro=0
frame=29 line=1 track=1 cross=0 circle=1(CIRCLE_LEFT_BEGIN) round=0 yroad=0 ramp=0 road=6 speed=0 near=43/124 raw=118/105 sel=124/126 far=0/0 far_raw=0/0 l=1@22/0@-1 far_l=0@-1/0@-1 straight=0/1 far_straight=0/0 circle_cnt=0/0/0/0 lost=0/0 conf=86.4/2.7/0.0/0.0 dist=0 begin=137/0 m0=(84,119) ml=(81,79) md=40/1/127 cxcy=84.0,119.6 guide=2.71 atg=0.0/0.0/0.0 pure=0.27/-0.05 yaw=-217 cmd=-617 actual=636 signed=1 rps=4645/2955:2355/2863 duty=14/9 pwm=PWM2:14/PWM1:9 motor=2:14/1:9
ATGCorner: L=1@22/0@-1 Y=0@-1/0@-1 farL=0@-1/0@-1 Lxy=56.5,65.6:48.5,36.4/-1.0,-1.0:-1.0,-1.0 Yxy=-1.0,-1.0:-1.0,-1.0/-1.0,-1.0:-1.0,-1.0 farLxy=-1.0,-1.0:-1.0,-1.0/-1.0,-1.0:-1.0,-1.0 best=22:56.5,65.6:48.5,36.4:86.4:11111/51:111.6,-1.6:87.3,15.9:2.7:10111 seed_src=lpt/none seed=0.0,0.0/0.0,0.0 far_start=70,0 far_raw=0/0 far_num=0/0 straight=0/1 far_straight=0/0 conf_deg=86.4/2.7/0.0/0.0
CrossDiag: type=CROSS_NONE track=1 half_lr=0/0 nearL=1@22/0@-1 nearNum=43/124 centerNum=43/124 farL=0@-1/0@-1 farNum=0/0 farRaw=0/0 lost=0/0 not_have=0 final=124/126 flags=0/0
LineErr: aim=41 cxcy=84.0,119.6 left=1:0.44@83,72 dx=-0.5 idx=0/16 dist=42/133 right=1:2.41@81,74 dx=-2.9 idx=0/18 dist=41/251 sel=1:2.43@81,74 dx=-2.9 idx=0/20 dist=40/250 edge=1:1.20@82.5,70.0 dx=-1.5 width=49.0 l=58,70 r=107,70
CxScan: raw_ref=80.0 edge=82.5,70.0 best_raw_x=75 best_err=-0.31 best_cxcy=82.1,119.5 scan=0:-21.9,10:-19.3,20:-16.5,30:-13.7,40:-10.8,50:-7.8,60:-4.8,70:-1.8,80:1.2,90:4.2,100:7.2,110:10.1,120:13.0,130:15.8,140:18.6
ATGSeedDiag: seed=1@15,108/1@134,108 begin=7,108 block=5 clip=8
ATGLptDiag: best=22(86.4) imip=12/32 pass=11111 acc=22 ipm=56.5,65.6 inv=48.5,36.4 | 51(2.7) imip=41/61 pass=10111 acc=-1 ipm=111.6,-1.6 inv=87.3,15.9
ATGCircleBeginDiag: side=L reason=state rpts0=42 Lpt0=1 none_left=0 have_left=0 dist=0 begin_dist=137 enter_dist=0 enter_gyro=0
frame=30 line=1 track=1 cross=0 circle=1(CIRCLE_LEFT_BEGIN) round=0 yroad=0 ramp=0 road=6 speed=0 near=42/124 raw=118/105 sel=124/125 far=0/0 far_raw=0/0 l=1@22/0@-1 far_l=0@-1/0@-1 straight=0/1 far_straight=0/0 circle_cnt=0/0/0/0 lost=0/0 conf=87.0/2.4/0.0/0.0 dist=0 begin=144/0 m0=(84,119) ml=(81,79) md=40/1/122 cxcy=84.0,119.6 guide=2.71 atg=0.0/0.0/0.0 pure=0.32/-0.02 yaw=-217 cmd=-617 actual=545 signed=1 rps=4645/2955:2429/2805 duty=14/9 pwm=PWM2:14/PWM1:9 motor=2:14/1:9
ATGCorner: L=1@22/0@-1 Y=0@-1/0@-1 farL=0@-1/0@-1 Lxy=56.1,65.6:48.2,36.4/-1.0,-1.0:-1.0,-1.0 Yxy=-1.0,-1.0:-1.0,-1.0/-1.0,-1.0:-1.0,-1.0 farLxy=-1.0,-1.0:-1.0,-1.0/-1.0,-1.0:-1.0,-1.0 best=22:56.1,65.6:48.2,36.4:87.0:11111/52:111.3,-4.0:86.9,15.5:2.4:10111 seed_src=lpt/none seed=0.0,0.0/0.0,0.0 far_start=70,0 far_raw=0/0 far_num=0/0 straight=0/1 far_straight=0/0 conf_deg=87.0/2.4/0.0/0.0
CrossDiag: type=CROSS_NONE track=1 half_lr=0/0 nearL=1@22/0@-1 nearNum=42/124 centerNum=42/124 farL=0@-1/0@-1 farNum=0/0 farRaw=0/0 lost=0/0 not_have=0 final=124/125 flags=0/0
LineErr: aim=41 cxcy=84.0,119.6 left=1:0.66@83,72 dx=-0.8 idx=0/16 dist=42/135 right=1:2.43@81,74 dx=-2.9 idx=0/18 dist=40/250 sel=1:2.43@81,74 dx=-2.9 idx=0/20 dist=40/248 edge=1:1.20@82.5,70.0 dx=-1.5 width=49.0 l=58,70 r=107,70
CxScan: raw_ref=80.0 edge=82.5,70.0 best_raw_x=75 best_err=-0.31 best_cxcy=82.1,119.5 scan=0:-21.9,10:-19.3,20:-16.5,30:-13.7,40:-10.8,50:-7.8,60:-4.8,70:-1.8,80:1.2,90:4.2,100:7.2,110:10.1,120:13.0,130:15.8,140:18.6
ATGSeedDiag: seed=1@15,108/1@134,108 begin=7,108 block=5 clip=8
ATGLptDiag: best=22(87.0) imip=12/32 pass=11111 acc=22 ipm=56.1,65.6 inv=48.2,36.4 | 52(2.4) imip=42/62 pass=10111 acc=-1 ipm=111.3,-4.0 inv=86.9,15.5
ATGCircleBeginDiag: side=L reason=state rpts0=42 Lpt0=1 none_left=0 have_left=0 dist=0 begin_dist=144 enter_dist=0 enter_gyro=0
frame=31 line=1 track=1 cross=0 circle=1(CIRCLE_LEFT_BEGIN) round=0 yroad=0 ramp=0 road=6 speed=0 near=42/124 raw=117/105 sel=124/125 far=0/0 far_raw=0/0 l=1@22/0@-1 far_l=0@-1/0@-1 straight=0/1 far_straight=0/0 circle_cnt=0/0/0/0 lost=0/0 conf=86.1/4.6/0.0/0.0 dist=0 begin=151/0 m0=(84,119) ml=(81,79) md=41/1/124 cxcy=84.0,119.6 guide=3.10 atg=-1.0/0.0/0.0 pure=0.40/-0.01 yaw=-248 cmd=-648 actual=467 signed=1 rps=4688/2912:2466/2791 duty=14/9 pwm=PWM2:14/PWM1:9 motor=2:14/1:9
ATGCorner: L=1@22/0@-1 Y=0@-1/0@-1 farL=0@-1/0@-1 Lxy=55.5,65.8:47.5,36.5/-1.0,-1.0:-1.0,-1.0 Yxy=-1.0,-1.0:-1.0,-1.0/-1.0,-1.0:-1.0,-1.0 farLxy=-1.0,-1.0:-1.0,-1.0/-1.0,-1.0:-1.0,-1.0 best=22:55.5,65.8:47.5,36.5:86.1:11111/1:106.5,114.2:128.3,97.9:4.6:10111 seed_src=lpt/none seed=0.0,0.0/0.0,0.0 far_start=70,0 far_raw=0/0 far_num=0/0 straight=0/1 far_straight=0/0 conf_deg=86.1/4.6/0.0/0.0
CrossDiag: type=CROSS_NONE track=1 half_lr=0/0 nearL=1@22/0@-1 nearNum=42/124 centerNum=42/124 farL=0@-1/0@-1 farNum=0/0 farRaw=0/0 lost=0/0 not_have=0 final=124/125 flags=0/0
LineErr: aim=41 cxcy=84.0,119.6 left=1:0.95@83,71 dx=-1.2 idx=0/16 dist=42/132 right=1:2.84@81,74 dx=-3.4 idx=0/18 dist=41/251 sel=1:2.83@81,74 dx=-3.4 idx=0/20 dist=40/248 edge=1:1.20@82.5,70.0 dx=-1.5 width=49.0 l=58,70 r=107,70
CxScan: raw_ref=80.0 edge=82.5,70.0 best_raw_x=75 best_err=-0.31 best_cxcy=82.1,119.5 scan=0:-21.9,10:-19.3,20:-16.5,30:-13.7,40:-10.8,50:-7.8,60:-4.8,70:-1.8,80:1.2,90:4.2,100:7.2,110:10.1,120:13.0,130:15.8,140:18.6
ATGSeedDiag: seed=1@15,108/1@133,108 begin=7,108 block=5 clip=8
ATGLptDiag: best=22(86.1) imip=12/32 pass=11111 acc=22 ipm=55.5,65.8 inv=47.5,36.5 | 1(4.6) imip=0/11 pass=10111 acc=-1 ipm=106.5,114.2 inv=128.3,97.9
ATGCircleBeginDiag: side=L reason=state rpts0=42 Lpt0=1 none_left=0 have_left=0 dist=0 begin_dist=151 enter_dist=0 enter_gyro=0
frame=32 line=1 track=1 cross=0 circle=1(CIRCLE_LEFT_BEGIN) round=0 yroad=0 ramp=0 road=6 speed=0 near=42/124 raw=117/105 sel=124/126 far=0/0 far_raw=0/0 l=1@22/0@-1 far_l=0@-1/0@-1 straight=0/1 far_straight=0/0 circle_cnt=0/0/0/0 lost=0/0 conf=84.0/4.2/0.0/0.0 dist=0 begin=158/0 m0=(84,119) ml=(80,79) md=41/1/125 cxcy=84.0,119.6 guide=3.62 atg=-1.0/0.0/0.0 pure=0.44/0.02 yaw=-289 cmd=-689 actual=402 signed=1 rps=4745/2855:2499/2876 duty=14/9 pwm=PWM2:14/PWM1:9 motor=2:14/1:9
ATGCorner: L=1@22/0@-1 Y=0@-1/0@-1 farL=0@-1/0@-1 Lxy=55.1,66.0:47.1,36.6/-1.0,-1.0:-1.0,-1.0 Yxy=-1.0,-1.0:-1.0,-1.0/-1.0,-1.0:-1.0,-1.0 farLxy=-1.0,-1.0:-1.0,-1.0/-1.0,-1.0:-1.0,-1.0 best=22:55.1,66.0:47.1,36.6:84.0:11111/49:110.0,3.0:86.9,16.7:4.2:10111 seed_src=lpt/none seed=0.0,0.0/0.0,0.0 far_start=70,0 far_raw=0/0 far_num=0/0 straight=0/1 far_straight=0/0 conf_deg=84.0/4.2/0.0/0.0
CrossDiag: type=CROSS_NONE track=1 half_lr=0/0 nearL=1@22/0@-1 nearNum=42/124 centerNum=42/124 farL=0@-1/0@-1 farNum=0/0 farRaw=0/0 lost=0/0 not_have=0 final=124/126 flags=0/0
LineErr: aim=41 cxcy=84.0,119.6 left=1:0.68@83,75 dx=-0.8 idx=0/15 dist=39/134 right=1:3.22@80,74 dx=-3.8 idx=0/18 dist=40/250 sel=1:3.21@80,74 dx=-3.8 idx=0/20 dist=40/250 edge=1:1.59@82.0,70.0 dx=-2.0 width=50.0 l=57,70 r=107,70
CxScan: raw_ref=80.0 edge=82.0,70.0 best_raw_x=75 best_err=0.09 best_cxcy=82.1,119.5 scan=0:-21.6,10:-18.9,20:-16.1,30:-13.3,40:-10.4,50:-7.4,60:-4.4,70:-1.4,80:1.6,90:4.6,100:7.6,110:10.5,120:13.4,130:16.2,140:18.9
ATGSeedDiag: seed=1@15,108/1@133,108 begin=7,108 block=5 clip=8
ATGLptDiag: best=22(84.0) imip=12/32 pass=11111 acc=22 ipm=55.1,66.0 inv=47.1,36.6 | 49(4.2) imip=39/59 pass=10111 acc=-1 ipm=110.0,3.0 inv=86.9,16.7
ATGCircleBeginDiag: side=L reason=state rpts0=41 Lpt0=1 none_left=0 have_left=0 dist=0 begin_dist=158 enter_dist=0 enter_gyro=0
frame=33 line=1 track=1 cross=0 circle=1(CIRCLE_LEFT_BEGIN) round=0 yroad=0 ramp=0 road=6 speed=0 near=41/124 raw=117/105 sel=124/125 far=0/0 far_raw=0/0 l=1@22/0@-1 far_l=0@-1/0@-1 straight=0/1 far_straight=0/0 circle_cnt=0/0/0/0 lost=0/0 conf=86.7/2.6/0.0/0.0 dist=0 begin=165/0 m0=(84,119) ml=(80,79) md=41/1/121 cxcy=84.0,119.6 guide=3.62 atg=-1.0/0.0/0.0 pure=0.49/0.08 yaw=-289 cmd=-689 actual=337 signed=1 rps=4745/2855:2531/2948 duty=14/8 pwm=PWM2:14/PWM1:8 motor=2:14/1:8
ATGCorner: L=1@22/0@-1 Y=0@-1/0@-1 farL=0@-1/0@-1 Lxy=55.0,65.9:47.0,36.6/-1.0,-1.0:-1.0,-1.0 Yxy=-1.0,-1.0:-1.0,-1.0/-1.0,-1.0:-1.0,-1.0 farLxy=-1.0,-1.0:-1.0,-1.0/-1.0,-1.0:-1.0,-1.0 best=22:55.0,65.9:47.0,36.6:86.7:11111/50:109.2,0.6:86.3,16.3:2.6:10111 seed_src=lpt/none seed=0.0,0.0/0.0,0.0 far_start=70,0 far_raw=0/0 far_num=0/0 straight=0/1 far_straight=0/0 conf_deg=86.7/2.6/0.0/0.0
CrossDiag: type=CROSS_NONE track=1 half_lr=0/0 nearL=1@22/0@-1 nearNum=41/124 centerNum=41/124 farL=0@-1/0@-1 farNum=0/0 farRaw=0/0 lost=0/0 not_have=0 final=124/125 flags=0/0
LineErr: aim=41 cxcy=84.0,119.6 left=1:1.39@82,71 dx=-1.7 idx=0/16 dist=42/131 right=1:3.24@80,75 dx=-3.9 idx=0/18 dist=40/250 sel=1:3.24@80,74 dx=-3.9 idx=0/20 dist=40/248 edge=1:1.99@81.5,70.0 dx=-2.5 width=49.0 l=57,70 r=106,70
CxScan: raw_ref=80.0 edge=81.5,70.0 best_raw_x=75 best_err=0.48 best_cxcy=82.1,119.5 scan=0:-21.3,10:-18.6,20:-15.8,30:-12.9,40:-10.0,50:-7.0,60:-4.0,70:-1.0,80:2.0,90:5.0,100:8.0,110:10.9,120:13.8,130:16.6,140:19.3
ATGSeedDiag: seed=1@14,108/1@133,108 begin=7,108 block=5 clip=8
ATGLptDiag: best=22(86.7) imip=12/32 pass=11111 acc=22 ipm=55.0,65.9 inv=47.0,36.6 | 50(2.6) imip=40/60 pass=10111 acc=-1 ipm=109.2,0.6 inv=86.3,16.3
ATGCircleBeginDiag: side=L reason=state rpts0=41 Lpt0=1 none_left=0 have_left=0 dist=0 begin_dist=165 enter_dist=0 enter_gyro=0
frame=34 line=1 track=1 cross=0 circle=1(CIRCLE_LEFT_BEGIN) round=0 yroad=0 ramp=0 road=6 speed=0 near=41/124 raw=116/105 sel=124/125 far=0/0 far_raw=0/0 l=1@21/0@-1 far_l=0@-1/0@-1 straight=0/1 far_straight=0/0 circle_cnt=0/0/0/0 lost=0/0 conf=89.8/2.5/0.0/0.0 dist=0 begin=172/0 m0=(84,119) ml=(80,79) md=41/1/121 cxcy=84.0,119.6 guide=3.62 atg=-1.0/0.0/0.0 pure=0.49/0.08 yaw=-289 cmd=-689 actual=260 signed=1 rps=4745/2855:2419/2817 duty=14/9 pwm=PWM2:14/PWM1:9 motor=2:14/1:9
ATGCorner: L=1@21/0@-1 Y=0@-1/0@-1 farL=0@-1/0@-1 Lxy=56.0,67.7:47.5,37.6/-1.0,-1.0:-1.0,-1.0 Yxy=-1.0,-1.0:-1.0,-1.0/-1.0,-1.0:-1.0,-1.0 farLxy=-1.0,-1.0:-1.0,-1.0/-1.0,-1.0:-1.0,-1.0 best=21:56.0,67.7:47.5,37.6:89.8:11111/49:109.1,2.9:86.5,16.7:2.5:10111 seed_src=lpt/none seed=0.0,0.0/0.0,0.0 far_start=70,0 far_raw=0/0 far_num=0/0 straight=0/1 far_straight=0/0 conf_deg=89.8/2.5/0.0/0.0
CrossDiag: type=CROSS_NONE track=1 half_lr=0/0 nearL=1@21/0@-1 nearNum=41/124 centerNum=41/124 farL=0@-1/0@-1 farNum=0/0 farRaw=0/0 lost=0/0 not_have=0 final=124/125 flags=0/0
LineErr: aim=41 cxcy=84.0,119.6 left=1:1.21@83,75 dx=-1.4 idx=0/15 dist=40/135 right=1:3.24@80,74 dx=-3.9 idx=0/18 dist=40/250 sel=1:3.24@80,74 dx=-3.9 idx=0/20 dist=40/248 edge=1:1.99@81.5,70.0 dx=-2.5 width=49.0 l=57,70 r=106,70
CxScan: raw_ref=80.0 edge=81.5,70.0 best_raw_x=75 best_err=0.48 best_cxcy=82.1,119.5 scan=0:-21.3,10:-18.6,20:-15.8,30:-12.9,40:-10.0,50:-7.0,60:-4.0,70:-1.0,80:2.0,90:5.0,100:8.0,110:10.9,120:13.8,130:16.6,140:19.3
ATGSeedDiag: seed=1@14,108/1@133,108 begin=7,108 block=5 clip=8
ATGLptDiag: best=21(89.8) imip=11/31 pass=11111 acc=21 ipm=56.0,67.7 inv=47.5,37.6 | 49(2.5) imip=39/59 pass=10111 acc=-1 ipm=109.1,2.9 inv=86.5,16.7
ATGCircleBeginDiag: side=L reason=state rpts0=40 Lpt0=1 none_left=0 have_left=0 dist=0 begin_dist=172 enter_dist=0 enter_gyro=0
frame=35 line=1 track=1 cross=0 circle=1(CIRCLE_LEFT_BEGIN) round=0 yroad=0 ramp=0 road=6 speed=0 near=40/124 raw=115/105 sel=124/125 far=0/0 far_raw=0/0 l=1@21/0@-1 far_l=0@-1/0@-1 straight=0/1 far_straight=0/0 circle_cnt=0/0/0/0 lost=0/0 conf=87.4/3.5/0.0/0.0 dist=0 begin=179/0 m0=(84,119) ml=(80,79) md=41/1/123 cxcy=84.0,119.6 guide=3.62 atg=-2.0/0.0/0.0 pure=0.57/0.10 yaw=-289 cmd=-689 actual=186 signed=1 rps=4745/2855:2552/2873 duty=14/9 pwm=PWM2:14/PWM1:9 motor=2:14/1:9
ATGCorner: L=1@21/0@-1 Y=0@-1/0@-1 farL=0@-1/0@-1 Lxy=55.4,67.9:46.8,37.7/-1.0,-1.0:-1.0,-1.0 Yxy=-1.0,-1.0:-1.0,-1.0/-1.0,-1.0:-1.0,-1.0 farLxy=-1.0,-1.0:-1.0,-1.0/-1.0,-1.0:-1.0,-1.0 best=21:55.4,67.9:46.8,37.7:87.4:11111/49:108.6,2.9:86.2,16.7:3.5:10111 seed_src=lpt/none seed=0.0,0.0/0.0,0.0 far_start=70,0 far_raw=0/0 far_num=0/0 straight=0/1 far_straight=0/0 conf_deg=87.4/3.5/0.0/0.0
CrossDiag: type=CROSS_NONE track=1 half_lr=0/0 nearL=1@21/0@-1 nearNum=40/124 centerNum=40/124 farL=0@-1/0@-1 farNum=0/0 farRaw=0/0 lost=0/0 not_have=0 final=124/125 flags=0/0
LineErr: aim=41 cxcy=84.0,119.6 left=1:1.31@82,74 dx=-1.6 idx=0/15 dist=40/130 right=1:3.65@80,75 dx=-4.3 idx=0/18 dist=40/251 sel=1:3.63@80,74 dx=-4.3 idx=0/20 dist=40/248 edge=1:1.99@81.5,70.0 dx=-2.5 width=49.0 l=57,70 r=106,70
CxScan: raw_ref=80.0 edge=81.5,70.0 best_raw_x=75 best_err=0.48 best_cxcy=82.1,119.5 scan=0:-21.3,10:-18.6,20:-15.8,30:-12.9,40:-10.0,50:-7.0,60:-4.0,70:-1.0,80:2.0,90:5.0,100:8.0,110:10.9,120:13.8,130:16.6,140:19.3
ATGSeedDiag: seed=1@14,108/1@133,108 begin=7,108 block=5 clip=8
ATGLptDiag: best=21(87.4) imip=11/31 pass=11111 acc=21 ipm=55.4,67.9 inv=46.8,37.7 | 49(3.5) imip=39/59 pass=10111 acc=-1 ipm=108.6,2.9 inv=86.2,16.7
ATGCircleBeginDiag: side=L reason=state rpts0=40 Lpt0=1 none_left=0 have_left=0 dist=0 begin_dist=179 enter_dist=0 enter_gyro=0
frame=36 line=1 track=1 cross=0 circle=1(CIRCLE_LEFT_BEGIN) round=0 yroad=0 ramp=0 road=6 speed=0 near=40/124 raw=115/105 sel=124/125 far=0/0 far_raw=0/0 l=1@21/0@-1 far_l=0@-1/0@-1 straight=0/1 far_straight=0/0 circle_cnt=0/0/0/0 lost=0/0 conf=87.1/3.3/0.0/0.0 dist=0 begin=188/0 m0=(84,119) ml=(80,79) md=41/1/121 cxcy=84.0,119.6 guide=3.62 atg=-2.0/0.0/0.0 pure=0.50/0.08 yaw=-289 cmd=-689 actual=113 signed=1 rps=4745/2855:2782/2983 duty=14/8 pwm=PWM2:14/PWM1:8 motor=2:14/1:8
ATGCorner: L=1@21/0@-1 Y=0@-1/0@-1 farL=0@-1/0@-1 Lxy=55.4,67.9:46.8,37.7/-1.0,-1.0:-1.0,-1.0 Yxy=-1.0,-1.0:-1.0,-1.0/-1.0,-1.0:-1.0,-1.0 farLxy=-1.0,-1.0:-1.0,-1.0/-1.0,-1.0:-1.0,-1.0 best=21:55.4,67.9:46.8,37.7:87.1:11111/50:109.2,0.6:86.3,16.3:3.3:10111 seed_src=lpt/none seed=0.0,0.0/0.0,0.0 far_start=70,0 far_raw=0/0 far_num=0/0 straight=0/1 far_straight=0/0 conf_deg=87.1/3.3/0.0/0.0
CrossDiag: type=CROSS_NONE track=1 half_lr=0/0 nearL=1@21/0@-1 nearNum=40/124 centerNum=40/124 farL=0@-1/0@-1 farNum=0/0 farRaw=0/0 lost=0/0 not_have=0 final=124/125 flags=0/0
LineErr: aim=41 cxcy=84.0,119.6 left=1:1.32@82,74 dx=-1.6 idx=0/15 dist=40/128 right=1:3.27@80,74 dx=-3.9 idx=0/18 dist=40/250 sel=1:3.27@80,74 dx=-3.9 idx=0/20 dist=40/248 edge=1:1.99@81.5,70.0 dx=-2.5 width=49.0 l=57,70 r=106,70
CxScan: raw_ref=80.0 edge=81.5,70.0 best_raw_x=75 best_err=0.48 best_cxcy=82.1,119.5 scan=0:-21.3,10:-18.6,20:-15.8,30:-12.9,40:-10.0,50:-7.0,60:-4.0,70:-1.0,80:2.0,90:5.0,100:8.0,110:10.9,120:13.8,130:16.6,140:19.3
ATGSeedDiag: seed=1@14,108/1@133,108 begin=7,108 block=5 clip=8
ATGLptDiag: best=21(87.1) imip=11/31 pass=11111 acc=21 ipm=55.4,67.9 inv=46.8,37.7 | 50(3.3) imip=40/60 pass=10111 acc=-1 ipm=109.2,0.6 inv=86.3,16.3
ATGCircleBeginDiag: side=L reason=state rpts0=40 Lpt0=1 none_left=0 have_left=0 dist=0 begin_dist=188 enter_dist=0 enter_gyro=0
frame=37 line=1 track=1 cross=0 circle=1(CIRCLE_LEFT_BEGIN) round=0 yroad=0 ramp=0 road=6 speed=0 near=40/124 raw=115/105 sel=124/125 far=0/0 far_raw=0/0 l=1@21/0@-1 far_l=0@-1/0@-1 straight=0/1 far_straight=0/0 circle_cnt=0/0/0/0 lost=0/0 conf=88.2/3.0/0.0/0.0 dist=0 begin=196/0 m0=(84,119) ml=(80,79) md=41/1/121 cxcy=84.0,119.6 guide=3.62 atg=-1.0/0.0/0.0 pure=0.49/0.06 yaw=-289 cmd=-689 actual=51 signed=1 rps=4745/2855:2720/2766 duty=14/9 pwm=PWM2:14/PWM1:9 motor=2:14/1:9
ATGCorner: L=1@21/0@-1 Y=0@-1/0@-1 farL=0@-1/0@-1 Lxy=55.4,67.9:46.8,37.7/-1.0,-1.0:-1.0,-1.0 Yxy=-1.0,-1.0:-1.0,-1.0/-1.0,-1.0:-1.0,-1.0 farLxy=-1.0,-1.0:-1.0,-1.0/-1.0,-1.0:-1.0,-1.0 best=21:55.4,67.9:46.8,37.7:88.2:11111/48:109.3,5.3:86.8,17.1:3.0:10111 seed_src=lpt/none seed=0.0,0.0/0.0,0.0 far_start=70,0 far_raw=0/0 far_num=0/0 straight=0/1 far_straight=0/0 conf_deg=88.2/3.0/0.0/0.0
CrossDiag: type=CROSS_NONE track=1 half_lr=0/0 nearL=1@21/0@-1 nearNum=40/124 centerNum=40/124 farL=0@-1/0@-1 farNum=0/0 farRaw=0/0 lost=0/0 not_have=0 final=124/125 flags=0/0
LineErr: aim=41 cxcy=84.0,119.6 left=1:1.32@82,74 dx=-1.6 idx=0/15 dist=40/129 right=1:3.24@80,75 dx=-3.9 idx=0/18 dist=40/250 sel=1:3.24@80,74 dx=-3.9 idx=0/20 dist=40/248 edge=1:1.99@81.5,70.0 dx=-2.5 width=49.0 l=57,70 r=106,70
CxScan: raw_ref=80.0 edge=81.5,70.0 best_raw_x=75 best_err=0.48 best_cxcy=82.1,119.5 scan=0:-21.3,10:-18.6,20:-15.8,30:-12.9,40:-10.0,50:-7.0,60:-4.0,70:-1.0,80:2.0,90:5.0,100:8.0,110:10.9,120:13.8,130:16.6,140:19.3
ATGSeedDiag: seed=1@14,108/1@133,108 begin=7,108 block=5 clip=8
ATGLptDiag: best=21(88.2) imip=11/31 pass=11111 acc=21 ipm=55.4,67.9 inv=46.8,37.7 | 48(3.0) imip=38/58 pass=10111 acc=-1 ipm=109.3,5.3 inv=86.8,17.1
ATGCircleBeginDiag: side=L reason=state rpts0=40 Lpt0=1 none_left=0 have_left=0 dist=0 begin_dist=196 enter_dist=0 enter_gyro=0
frame=38 line=1 track=1 cross=0 circle=1(CIRCLE_LEFT_BEGIN) round=0 yroad=0 ramp=0 road=6 speed=0 near=40/124 raw=115/105 sel=124/126 far=0/0 far_raw=0/0 l=1@21/0@-1 far_l=0@-1/0@-1 straight=0/1 far_straight=0/0 circle_cnt=0/0/0/0 lost=0/0 conf=89.5/3.5/0.0/0.0 dist=0 begin=204/0 m0=(84,119) ml=(80,79) md=41/1/123 cxcy=84.0,119.6 guide=3.62 atg=-1.0/0.0/0.0 pure=0.40/0.02 yaw=-289 cmd=-689 actual=-18 signed=1 rps=4745/2855:2932/2802 duty=13/9 pwm=PWM2:13/PWM1:9 motor=2:13/1:9
ATGCorner: L=1@21/0@-1 Y=0@-1/0@-1 farL=0@-1/0@-1 Lxy=55.4,67.9:46.8,37.7/-1.0,-1.0:-1.0,-1.0 Yxy=-1.0,-1.0:-1.0,-1.0/-1.0,-1.0:-1.0,-1.0 farLxy=-1.0,-1.0:-1.0,-1.0/-1.0,-1.0:-1.0,-1.0 best=21:55.4,67.9:46.8,37.7:89.5:11111/1:106.5,114.2:128.2,97.9:3.5:10111 seed_src=lpt/none seed=0.0,0.0/0.0,0.0 far_start=70,0 far_raw=0/0 far_num=0/0 straight=0/1 far_straight=0/0 conf_deg=89.5/3.5/0.0/0.0
CrossDiag: type=CROSS_NONE track=1 half_lr=0/0 nearL=1@21/0@-1 nearNum=40/124 centerNum=40/124 farL=0@-1/0@-1 farNum=0/0 farRaw=0/0 lost=0/0 not_have=0 final=124/126 flags=0/0
LineErr: aim=41 cxcy=84.0,119.6 left=1:1.32@82,74 dx=-1.6 idx=0/15 dist=40/129 right=1:3.21@80,74 dx=-3.8 idx=0/18 dist=40/250 sel=1:3.21@80,74 dx=-3.8 idx=0/20 dist=40/250 edge=1:1.59@82.0,70.0 dx=-2.0 width=50.0 l=57,70 r=107,70
CxScan: raw_ref=80.0 edge=82.0,70.0 best_raw_x=75 best_err=0.09 best_cxcy=82.1,119.5 scan=0:-21.6,10:-18.9,20:-16.1,30:-13.3,40:-10.4,50:-7.4,60:-4.4,70:-1.4,80:1.6,90:4.6,100:7.6,110:10.5,120:13.4,130:16.2,140:18.9
ATGSeedDiag: seed=1@14,108/1@133,108 begin=7,108 block=5 clip=8
ATGLptDiag: best=21(89.5) imip=11/31 pass=11111 acc=21 ipm=55.4,67.9 inv=46.8,37.7 | 1(3.5) imip=0/11 pass=10111 acc=-1 ipm=106.5,114.2 inv=128.2,97.9
ATGCircleBeginDiag: side=L reason=state rpts0=39 Lpt0=1 none_left=0 have_left=0 dist=0 begin_dist=204 enter_dist=0 enter_gyro=0
frame=39 line=1 track=1 cross=0 circle=1(CIRCLE_LEFT_BEGIN) round=0 yroad=0 ramp=0 road=6 speed=0 near=39/124 raw=114/105 sel=124/126 far=0/0 far_raw=0/0 l=1@20/0@-1 far_l=0@-1/0@-1 straight=0/1 far_straight=0/0 circle_cnt=0/0/0/0 lost=0/0 conf=88.8/3.2/0.0/0.0 dist=0 begin=212/0 m0=(84,119) ml=(81,79) md=41/1/123 cxcy=84.0,119.6 guide=3.11 atg=-1.0/0.0/0.0 pure=0.40/0.02 yaw=-248 cmd=-593 actual=-76 signed=1 rps=4613/2987:3053/2744 duty=13/9 pwm=PWM2:13/PWM1:9 motor=2:13/1:9
ATGCorner: L=1@20/0@-1 Y=0@-1/0@-1 farL=0@-1/0@-1 Lxy=56.2,70.0:47.0,38.9/-1.0,-1.0:-1.0,-1.0 Yxy=-1.0,-1.0:-1.0,-1.0/-1.0,-1.0:-1.0,-1.0 farLxy=-1.0,-1.0:-1.0,-1.0/-1.0,-1.0:-1.0,-1.0 best=20:56.2,70.0:47.0,38.9:88.8:11111/1:106.5,114.2:128.2,97.9:3.2:10111 seed_src=lpt/none seed=0.0,0.0/0.0,0.0 far_start=70,0 far_raw=0/0 far_num=0/0 straight=0/1 far_straight=0/0 conf_deg=88.8/3.2/0.0/0.0
CrossDiag: type=CROSS_NONE track=1 half_lr=0/0 nearL=1@20/0@-1 nearNum=39/124 centerNum=39/124 farL=0@-1/0@-1 farNum=0/0 farRaw=0/0 lost=0/0 not_have=0 final=124/126 flags=0/0
LineErr: aim=41 cxcy=84.0,119.6 left=1:1.54@82,73 dx=-1.9 idx=0/15 dist=41/130 right=1:2.84@81,74 dx=-3.4 idx=0/18 dist=40/250 sel=1:2.83@81,74 dx=-3.4 idx=0/20 dist=40/250 edge=1:1.99@81.5,70.0 dx=-2.5 width=51.0 l=56,70 r=107,70
CxScan: raw_ref=80.0 edge=81.5,70.0 best_raw_x=75 best_err=0.48 best_cxcy=82.1,119.5 scan=0:-21.3,10:-18.6,20:-15.8,30:-12.9,40:-10.0,50:-7.0,60:-4.0,70:-1.0,80:2.0,90:5.0,100:8.0,110:10.9,120:13.8,130:16.6,140:19.3
ATGSeedDiag: seed=1@15,108/1@133,108 begin=7,108 block=5 clip=8
ATGLptDiag: best=20(88.8) imip=10/30 pass=11111 acc=20 ipm=56.2,70.0 inv=47.0,38.9 | 1(3.2) imip=0/11 pass=10111 acc=-1 ipm=106.5,114.2 inv=128.2,97.9
ATGCircleBeginDiag: side=L reason=state rpts0=39 Lpt0=1 none_left=0 have_left=0 dist=0 begin_dist=212 enter_dist=0 enter_gyro=0
frame=40 line=1 track=1 cross=0 circle=1(CIRCLE_LEFT_BEGIN) round=0 yroad=0 ramp=0 road=6 speed=0 near=39/124 raw=113/105 sel=124/125 far=0/0 far_raw=0/0 l=1@20/0@-1 far_l=0@-1/0@-1 straight=0/1 far_straight=0/0 circle_cnt=0/0/0/0 lost=0/0 conf=88.2/3.5/0.0/0.0 dist=0 begin=220/0 m0=(84,119) ml=(81,79) md=41/1/124 cxcy=84.0,119.6 guide=3.11 atg=-1.0/0.0/0.0 pure=0.40/-0.01 yaw=-248 cmd=-476 actual=-135 signed=1 rps=4452/3148:3190/2699 duty=12/10 pwm=PWM2:12/PWM1:10 motor=2:12/1:10
ATGCorner: L=1@20/0@-1 Y=0@-1/0@-1 farL=0@-1/0@-1 Lxy=56.1,69.8:46.9,38.8/-1.0,-1.0:-1.0,-1.0 Yxy=-1.0,-1.0:-1.0,-1.0/-1.0,-1.0:-1.0,-1.0 farLxy=-1.0,-1.0:-1.0,-1.0/-1.0,-1.0:-1.0,-1.0 best=20:56.1,69.8:46.9,38.8:88.2:11111/49:110.5,3.0:87.2,16.7:3.5:10111 seed_src=lpt/none seed=0.0,0.0/0.0,0.0 far_start=70,0 far_raw=0/0 far_num=0/0 straight=0/1 far_straight=0/0 conf_deg=88.2/3.5/0.0/0.0
CrossDiag: type=CROSS_NONE track=1 half_lr=0/0 nearL=1@20/0@-1 nearNum=39/124 centerNum=39/124 farL=0@-1/0@-1 farNum=0/0 farRaw=0/0 lost=0/0 not_have=0 final=124/125 flags=0/0
LineErr: aim=41 cxcy=84.0,119.6 left=1:1.27@82,73 dx=-1.6 idx=0/15 dist=41/129 right=1:2.84@81,74 dx=-3.4 idx=0/18 dist=41/251 sel=1:2.83@81,74 dx=-3.4 idx=0/20 dist=40/248 edge=1:1.99@81.5,70.0 dx=-2.5 width=51.0 l=56,70 r=107,70
CxScan: raw_ref=80.0 edge=81.5,70.0 best_raw_x=75 best_err=0.48 best_cxcy=82.1,119.5 scan=0:-21.3,10:-18.6,20:-15.8,30:-12.9,40:-10.0,50:-7.0,60:-4.0,70:-1.0,80:2.0,90:5.0,100:8.0,110:10.9,120:13.8,130:16.6,140:19.3
ATGSeedDiag: seed=1@15,107/1@133,108 begin=7,108 block=5 clip=8
ATGLptDiag: best=20(88.2) imip=10/30 pass=11111 acc=20 ipm=56.1,69.8 inv=46.9,38.8 | 49(3.5) imip=39/59 pass=10111 acc=-1 ipm=110.5,3.0 inv=87.2,16.7
ATGCircleBeginDiag: side=L reason=state rpts0=39 Lpt0=1 none_left=0 have_left=0 dist=0 begin_dist=220 enter_dist=0 enter_gyro=0
frame=41 line=1 track=1 cross=0 circle=1(CIRCLE_LEFT_BEGIN) round=0 yroad=0 ramp=0 road=6 speed=0 near=39/124 raw=114/105 sel=124/125 far=0/0 far_raw=0/0 l=1@20/0@-1 far_l=0@-1/0@-1 straight=0/1 far_straight=0/0 circle_cnt=0/0/0/0 lost=0/0 conf=88.2/5.6/0.0/0.0 dist=0 begin=228/0 m0=(84,119) ml=(81,79) md=40/1/122 cxcy=84.0,119.6 guide=2.71 atg=0.0/0.0/0.0 pure=0.32/-0.03 yaw=-217 cmd=-311 actual=-170 signed=1 rps=4226/3374:3304/2708 duty=11/11 pwm=PWM2:11/PWM1:11 motor=2:11/1:11
ATGCorner: L=1@20/0@-1 Y=0@-1/0@-1 farL=0@-1/0@-1 Lxy=56.2,70.0:47.0,38.9/-1.0,-1.0:-1.0,-1.0 Yxy=-1.0,-1.0:-1.0,-1.0/-1.0,-1.0:-1.0,-1.0 farLxy=-1.0,-1.0:-1.0,-1.0/-1.0,-1.0:-1.0,-1.0 best=20:56.2,70.0:47.0,38.9:88.2:11111/1:106.7,114.2:128.6,98.0:5.6:10111 seed_src=lpt/none seed=0.0,0.0/0.0,0.0 far_start=70,0 far_raw=0/0 far_num=0/0 straight=0/1 far_straight=0/0 conf_deg=88.2/5.6/0.0/0.0
CrossDiag: type=CROSS_NONE track=1 half_lr=0/0 nearL=1@20/0@-1 nearNum=39/124 centerNum=39/124 farL=0@-1/0@-1 farNum=0/0 farRaw=0/0 lost=0/0 not_have=0 final=124/125 flags=0/0
LineErr: aim=41 cxcy=84.0,119.6 left=1:1.19@83,73 dx=-1.4 idx=0/15 dist=41/130 right=1:2.42@81,74 dx=-2.9 idx=0/18 dist=41/251 sel=1:2.43@81,74 dx=-2.9 idx=0/20 dist=40/248 edge=1:1.99@81.5,70.0 dx=-2.5 width=51.0 l=56,70 r=107,70
CxScan: raw_ref=80.0 edge=81.5,70.0 best_raw_x=75 best_err=0.48 best_cxcy=82.1,119.5 scan=0:-21.3,10:-18.6,20:-15.8,30:-12.9,40:-10.0,50:-7.0,60:-4.0,70:-1.0,80:2.0,90:5.0,100:8.0,110:10.9,120:13.8,130:16.6,140:19.3
ATGSeedDiag: seed=1@14,108/1@133,108 begin=7,108 block=5 clip=8
ATGLptDiag: best=20(88.2) imip=10/30 pass=11111 acc=20 ipm=56.2,70.0 inv=47.0,38.9 | 1(5.6) imip=0/11 pass=10111 acc=-1 ipm=106.7,114.2 inv=128.6,98.0
ATGCircleBeginDiag: side=L reason=state rpts0=40 Lpt0=1 none_left=0 have_left=0 dist=0 begin_dist=228 enter_dist=0 enter_gyro=0
frame=42 line=1 track=1 cross=0 circle=1(CIRCLE_LEFT_BEGIN) round=0 yroad=0 ramp=0 road=6 speed=0 near=40/124 raw=115/105 sel=124/126 far=0/0 far_raw=0/0 l=1@21/0@-1 far_l=0@-1/0@-1 straight=0/1 far_straight=0/0 circle_cnt=0/0/0/0 lost=0/0 conf=87.6/3.0/0.0/0.0 dist=0 begin=236/0 m0=(84,119) ml=(81,79) md=40/1/125 cxcy=84.0,119.6 guide=2.33 atg=0.0/0.0/0.0 pure=0.23/-0.09 yaw=-186 cmd=-165 actual=-196 signed=1 rps=4026/3574:3361/2742 duty=10/12 pwm=PWM2:10/PWM1:12 motor=2:10/1:12
ATGCorner: L=1@21/0@-1 Y=0@-1/0@-1 farL=0@-1/0@-1 Lxy=55.2,68.0:46.6,37.8/-1.0,-1.0:-1.0,-1.0 Yxy=-1.0,-1.0:-1.0,-1.0/-1.0,-1.0:-1.0,-1.0 farLxy=-1.0,-1.0:-1.0,-1.0/-1.0,-1.0:-1.0,-1.0 best=21:55.2,68.0:46.6,37.8:87.6:11111/51:112.4,-1.6:87.7,15.9:3.0:10111 seed_src=lpt/none seed=0.0,0.0/0.0,0.0 far_start=70,0 far_raw=0/0 far_num=0/0 straight=0/1 far_straight=0/0 conf_deg=87.6/3.0/0.0/0.0
CrossDiag: type=CROSS_NONE track=1 half_lr=0/0 nearL=1@21/0@-1 nearNum=40/124 centerNum=40/124 farL=0@-1/0@-1 farNum=0/0 farRaw=0/0 lost=0/0 not_have=0 final=124/126 flags=0/0
LineErr: aim=41 cxcy=84.0,119.6 left=1:1.39@82,74 dx=-1.7 idx=0/15 dist=40/129 right=1:2.02@82,74 dx=-2.4 idx=0/18 dist=41/251 sel=1:2.03@82,74 dx=-2.4 idx=0/20 dist=40/250 edge=1:1.20@82.5,70.0 dx=-1.5 width=51.0 l=57,70 r=108,70
CxScan: raw_ref=80.0 edge=82.5,70.0 best_raw_x=75 best_err=-0.31 best_cxcy=82.1,119.5 scan=0:-21.9,10:-19.3,20:-16.5,30:-13.7,40:-10.8,50:-7.8,60:-4.8,70:-1.8,80:1.2,90:4.2,100:7.2,110:10.1,120:13.0,130:15.8,140:18.6
ATGSeedDiag: seed=1@14,108/1@134,108 begin=7,108 block=5 clip=8
ATGLptDiag: best=21(87.6) imip=11/31 pass=11111 acc=21 ipm=55.2,68.0 inv=46.6,37.8 | 51(3.0) imip=41/61 pass=10111 acc=-1 ipm=112.4,-1.6 inv=87.7,15.9
ATGCircleBeginDiag: side=L reason=state rpts0=40 Lpt0=1 none_left=0 have_left=0 dist=0 begin_dist=236 enter_dist=0 enter_gyro=0
frame=43 line=1 track=1 cross=0 circle=1(CIRCLE_LEFT_BEGIN) round=0 yroad=0 ramp=0 road=6 speed=0 near=40/124 raw=115/105 sel=124/126 far=0/0 far_raw=0/0 l=1@21/0@-1 far_l=0@-1/0@-1 straight=0/1 far_straight=0/0 circle_cnt=0/0/0/0 lost=0/0 conf=87.4/3.1/0.0/0.0 dist=0 begin=244/0 m0=(84,119) ml=(82,79) md=40/1/126 cxcy=84.0,119.6 guide=1.81 atg=0.0/0.0/0.0 pure=0.15/-0.16 yaw=-145 cmd=-8 actual=-213 signed=1 rps=3812/3788:3389/2790 duty=10/12 pwm=PWM2:10/PWM1:12 motor=2:10/1:12
ATGCorner: L=1@21/0@-1 Y=0@-1/0@-1 farL=0@-1/0@-1 Lxy=55.4,67.9:46.8,37.7/-1.0,-1.0:-1.0,-1.0 Yxy=-1.0,-1.0:-1.0,-1.0/-1.0,-1.0:-1.0,-1.0 farLxy=-1.0,-1.0:-1.0,-1.0/-1.0,-1.0:-1.0,-1.0 best=21:55.4,67.9:46.8,37.7:87.4:11111/54:114.4,-8.5:88.0,14.8:3.1:10111 seed_src=lpt/none seed=0.0,0.0/0.0,0.0 far_start=70,0 far_raw=0/0 far_num=0/0 straight=0/1 far_straight=0/0 conf_deg=87.4/3.1/0.0/0.0
CrossDiag: type=CROSS_NONE track=1 half_lr=0/0 nearL=1@21/0@-1 nearNum=40/124 centerNum=40/124 farL=0@-1/0@-1 farNum=0/0 farRaw=0/0 lost=0/0 not_have=0 final=124/126 flags=0/0
LineErr: aim=41 cxcy=84.0,119.6 left=1:1.27@83,74 dx=-1.5 idx=0/15 dist=40/131 right=1:1.62@82,74 dx=-1.9 idx=0/18 dist=41/251 sel=1:1.63@82,74 dx=-2.0 idx=0/20 dist=40/250 edge=1:1.20@82.5,70.0 dx=-1.5 width=51.0 l=57,70 r=108,70
CxScan: raw_ref=80.0 edge=82.5,70.0 best_raw_x=75 best_err=-0.31 best_cxcy=82.1,119.5 scan=0:-21.9,10:-19.3,20:-16.5,30:-13.7,40:-10.8,50:-7.8,60:-4.8,70:-1.8,80:1.2,90:4.2,100:7.2,110:10.1,120:13.0,130:15.8,140:18.6
ATGSeedDiag: seed=1@14,108/1@134,108 begin=7,108 block=5 clip=8
ATGLptDiag: best=21(87.4) imip=11/31 pass=11111 acc=21 ipm=55.4,67.9 inv=46.8,37.7 | 54(3.1) imip=44/64 pass=10111 acc=-1 ipm=114.4,-8.5 inv=88.0,14.8
ATGCircleBeginDiag: side=L reason=state rpts0=40 Lpt0=1 none_left=0 have_left=0 dist=0 begin_dist=244 enter_dist=0 enter_gyro=0
frame=44 line=1 track=1 cross=0 circle=1(CIRCLE_LEFT_BEGIN) round=0 yroad=0 ramp=0 road=6 speed=0 near=40/124 raw=115/105 sel=124/126 far=0/0 far_raw=0/0 l=1@21/0@-1 far_l=0@-1/0@-1 straight=0/1 far_straight=0/0 circle_cnt=0/0/0/0 lost=0/0 conf=87.4/7.8/0.0/0.0 dist=0 begin=254/0 m0=(84,119) ml=(82,78) md=41/1/130 cxcy=84.0,119.6 guide=1.55 atg=0.0/0.0/0.0 pure=0.00/-0.21 yaw=-124 cmd=52 actual=-212 signed=1 rps=3729/3871:3367/2860 duty=9/13 pwm=PWM2:9/PWM1:13 motor=2:9/1:13
ATGCorner: L=1@21/0@-1 Y=0@-1/0@-1 farL=0@-1/0@-1 Lxy=55.4,67.8:46.8,37.6/-1.0,-1.0:-1.0,-1.0 Yxy=-1.0,-1.0:-1.0,-1.0/-1.0,-1.0:-1.0,-1.0 farLxy=-1.0,-1.0:-1.0,-1.0/-1.0,-1.0:-1.0,-1.0 best=21:55.4,67.8:46.8,37.6:87.4:11111/1:107.2,114.2:129.8,98.0:7.8:10111 seed_src=lpt/none seed=0.0,0.0/0.0,0.0 far_start=70,0 far_raw=0/0 far_num=0/0 straight=0/1 far_straight=0/0 conf_deg=87.4/7.8/0.0/0.0
CrossDiag: type=CROSS_NONE track=1 half_lr=0/0 nearL=1@21/0@-1 nearNum=40/124 centerNum=40/124 farL=0@-1/0@-1 farNum=0/0 farRaw=0/0 lost=0/0 not_have=0 final=124/126 flags=0/0
LineErr: aim=41 cxcy=84.0,119.6 left=1:1.25@83,74 dx=-1.5 idx=0/15 dist=39/131 right=1:1.20@83,73 dx=-1.5 idx=0/18 dist=41/251 sel=1:1.23@83,74 dx=-1.5 idx=0/20 dist=40/250 edge=1:0.81@83.0,70.0 dx=-1.0 width=52.0 l=57,70 r=109,70
CxScan: raw_ref=80.0 edge=83.0,70.0 best_raw_x=75 best_err=-0.70 best_cxcy=82.1,119.5 scan=0:-22.3,10:-19.6,20:-16.9,30:-14.0,40:-11.2,50:-8.2,60:-5.2,70:-2.2,80:0.8,90:3.8,100:6.8,110:9.8,120:12.6,130:15.5,140:18.2
ATGSeedDiag: seed=1@14,108/1@134,108 begin=7,108 block=5 clip=8
ATGLptDiag: best=21(87.4) imip=11/31 pass=11111 acc=21 ipm=55.4,67.8 inv=46.8,37.6 | 1(7.8) imip=0/11 pass=10111 acc=-1 ipm=107.2,114.2 inv=129.8,98.0
ATGCircleBeginDiag: side=L reason=state rpts0=40 Lpt0=1 none_left=0 have_left=0 dist=0 begin_dist=254 enter_dist=0 enter_gyro=0
frame=45 line=1 track=1 cross=0 circle=1(CIRCLE_LEFT_BEGIN) round=0 yroad=0 ramp=0 road=6 speed=0 near=40/124 raw=114/104 sel=124/126 far=0/0 far_raw=0/0 l=1@21/0@-1 far_l=0@-1/0@-1 straight=0/1 far_straight=0/0 circle_cnt=0/0/0/0 lost=0/0 conf=87.0/2.3/0.0/0.0 dist=0 begin=263/0 m0=(84,119) ml=(83,78) md=41/1/130 cxcy=84.0,119.6 guide=1.17 atg=0.0/0.0/0.0 pure=-0.02/-0.26 yaw=-93 cmd=122 actual=-201 signed=1 rps=3632/3968:3438/3246 duty=9/13 pwm=PWM2:9/PWM1:13 motor=2:9/1:13
ATGCorner: L=1@21/0@-1 Y=0@-1/0@-1 farL=0@-1/0@-1 Lxy=55.2,67.6:46.7,37.5/-1.0,-1.0:-1.0,-1.0 Yxy=-1.0,-1.0:-1.0,-1.0/-1.0,-1.0:-1.0,-1.0 farLxy=-1.0,-1.0:-1.0,-1.0/-1.0,-1.0:-1.0,-1.0 best=21:55.2,67.6:46.7,37.5:87.0:11111/54:116.6,-8.6:89.1,14.8:2.3:10111 seed_src=lpt/none seed=0.0,0.0/0.0,0.0 far_start=70,0 far_raw=0/0 far_num=0/0 straight=0/1 far_straight=0/0 conf_deg=87.0/2.3/0.0/0.0
CrossDiag: type=CROSS_NONE track=1 half_lr=0/0 nearL=1@21/0@-1 nearNum=40/124 centerNum=40/124 farL=0@-1/0@-1 farNum=0/0 farRaw=0/0 lost=0/0 not_have=0 final=124/126 flags=0/0
LineErr: aim=41 cxcy=84.0,119.6 left=1:1.32@82,74 dx=-1.6 idx=0/15 dist=40/129 right=1:0.93@83,75 dx=-1.1 idx=0/17 dist=40/252 sel=1:0.83@83,74 dx=-1.0 idx=0/20 dist=40/250 edge=1:1.20@82.5,70.0 dx=-1.5 width=53.0 l=56,70 r=109,70
CxScan: raw_ref=80.0 edge=82.5,70.0 best_raw_x=75 best_err=-0.31 best_cxcy=82.1,119.5 scan=0:-21.9,10:-19.3,20:-16.5,30:-13.7,40:-10.8,50:-7.8,60:-4.8,70:-1.8,80:1.2,90:4.2,100:7.2,110:10.1,120:13.0,130:15.8,140:18.6
ATGSeedDiag: seed=1@15,107/1@134,107 begin=7,108 block=5 clip=8
ATGLptDiag: best=21(87.0) imip=11/31 pass=11111 acc=21 ipm=55.2,67.6 inv=46.7,37.5 | 54(2.3) imip=44/64 pass=10111 acc=-1 ipm=116.6,-8.6 inv=89.1,14.8
ATGCircleBeginDiag: side=L reason=state rpts0=41 Lpt0=1 none_left=0 have_left=0 dist=0 begin_dist=263 enter_dist=0 enter_gyro=0
frame=46 line=1 track=1 cross=0 circle=1(CIRCLE_LEFT_BEGIN) round=0 yroad=0 ramp=0 road=6 speed=0 near=41/124 raw=116/105 sel=124/126 far=0/0 far_raw=0/0 l=1@21/0@-1 far_l=0@-1/0@-1 straight=0/1 far_straight=0/0 circle_cnt=0/0/0/0 lost=0/0 conf=89.5/3.1/0.0/0.0 dist=0 begin=274/0 m0=(84,119) ml=(83,78) md=41/1/132 cxcy=84.0,119.6 guide=1.04 atg=0.0/0.0/0.0 pure=-0.10/-0.29 yaw=-83 cmd=123 actual=-187 signed=1 rps=3631/3969:3611/4019 duty=9/12 pwm=PWM2:9/PWM1:12 motor=2:9/1:12
ATGCorner: L=1@21/0@-1 Y=0@-1/0@-1 farL=0@-1/0@-1 Lxy=55.9,67.6:47.4,37.5/-1.0,-1.0:-1.0,-1.0 Yxy=-1.0,-1.0:-1.0,-1.0/-1.0,-1.0:-1.0,-1.0 farLxy=-1.0,-1.0:-1.0,-1.0/-1.0,-1.0:-1.0,-1.0 best=21:55.9,67.6:47.4,37.5:89.5:11111/56:117.8,-12.9:89.2,14.1:3.1:10111 seed_src=lpt/none seed=0.0,0.0/0.0,0.0 far_start=70,0 far_raw=0/0 far_num=0/0 straight=0/1 far_straight=0/0 conf_deg=89.5/3.1/0.0/0.0
CrossDiag: type=CROSS_NONE track=1 half_lr=0/0 nearL=1@21/0@-1 nearNum=41/124 centerNum=41/124 farL=0@-1/0@-1 farNum=0/0 farRaw=0/0 lost=0/0 not_have=0 final=124/126 flags=0/0
LineErr: aim=41 cxcy=84.0,119.6 left=1:1.91@82,70 dx=-2.4 idx=0/16 dist=42/132 right=1:0.78@83,73 dx=-0.9 idx=0/18 dist=41/251 sel=1:0.82@83,74 dx=-1.0 idx=0/20 dist=40/250 edge=1:0.41@83.5,70.0 dx=-0.5 width=53.0 l=57,70 r=110,70
CxScan: raw_ref=80.0 edge=83.5,70.0 best_raw_x=80 best_err=0.41 best_cxcy=84.0,119.6 scan=0:-22.6,10:-20.0,20:-17.2,30:-14.4,40:-11.5,50:-8.6,60:-5.6,70:-2.6,80:0.4,90:3.4,100:6.4,110:9.4,120:12.3,130:15.1,140:17.9
ATGSeedDiag: seed=1@14,108/1@135,108 begin=7,108 block=5 clip=8
ATGLptDiag: best=21(89.5) imip=11/31 pass=11111 acc=21 ipm=55.9,67.6 inv=47.4,37.5 | 56(3.1) imip=46/66 pass=10111 acc=-1 ipm=117.8,-12.9 inv=89.2,14.1
ATGCircleBeginDiag: side=L reason=state rpts0=41 Lpt0=1 none_left=0 have_left=0 dist=0 begin_dist=274 enter_dist=0 enter_gyro=0
frame=47 line=1 track=1 cross=0 circle=1(CIRCLE_LEFT_BEGIN) round=0 yroad=0 ramp=0 road=6 speed=0 near=41/124 raw=116/105 sel=124/126 far=0/0 far_raw=0/0 l=1@22/0@-1 far_l=0@-1/0@-1 straight=0/1 far_straight=0/0 circle_cnt=0/0/0/0 lost=0/0 conf=86.3/3.9/0.0/0.0 dist=0 begin=286/0 m0=(84,119) ml=(83,78) md=41/1/133 cxcy=84.0,119.6 guide=0.66 atg=0.0/0.0/1.0 pure=-0.18/-0.33 yaw=-53 cmd=185 actual=-172 signed=1 rps=3546/4054:3713/4863 duty=8/11 pwm=PWM2:8/PWM1:11 motor=2:8/1:11
ATGCorner: L=1@22/0@-1 Y=0@-1/0@-1 farL=0@-1/0@-1 Lxy=54.0,65.9:46.1,36.6/-1.0,-1.0:-1.0,-1.0 Yxy=-1.0,-1.0:-1.0,-1.0/-1.0,-1.0:-1.0,-1.0 farLxy=-1.0,-1.0:-1.0,-1.0/-1.0,-1.0:-1.0,-1.0 best=22:54.0,65.9:46.1,36.6:86.3:11111/1:107.4,114.2:130.2,98.0:3.9:10111 seed_src=lpt/none seed=0.0,0.0/0.0,0.0 far_start=70,0 far_raw=0/0 far_num=0/0 straight=0/1 far_straight=0/0 conf_deg=86.3/3.9/0.0/0.0
CrossDiag: type=CROSS_NONE track=1 half_lr=0/0 nearL=1@22/0@-1 nearNum=41/124 centerNum=41/124 farL=0@-1/0@-1 farNum=0/0 farRaw=0/0 lost=0/0 not_have=0 final=124/126 flags=0/0
LineErr: aim=41 cxcy=84.0,119.6 left=1:1.82@82,71 dx=-2.3 idx=0/16 dist=42/131 right=1:0.39@84,73 dx=-0.5 idx=0/18 dist=41/251 sel=1:0.43@84,74 dx=-0.5 idx=0/20 dist=40/250 edge=1:0.81@83.0,70.0 dx=-1.0 width=54.0 l=56,70 r=110,70
CxScan: raw_ref=80.0 edge=83.0,70.0 best_raw_x=75 best_err=-0.70 best_cxcy=82.1,119.5 scan=0:-22.3,10:-19.6,20:-16.9,30:-14.0,40:-11.2,50:-8.2,60:-5.2,70:-2.2,80:0.8,90:3.8,100:6.8,110:9.8,120:12.6,130:15.5,140:18.2
ATGSeedDiag: seed=1@14,108/1@135,108 begin=7,108 block=5 clip=8
ATGLptDiag: best=22(86.3) imip=12/32 pass=11111 acc=22 ipm=54.0,65.9 inv=46.1,36.6 | 1(3.9) imip=0/11 pass=10111 acc=-1 ipm=107.4,114.2 inv=130.2,98.0
ATGCircleBeginDiag: side=L reason=state rpts0=41 Lpt0=1 none_left=0 have_left=0 dist=0 begin_dist=286 enter_dist=0 enter_gyro=0
ATGCircleBeginDiag: side=L reason=state rpts0=41 Lpt0=1 none_left=0 have_left=0 dist=0 begin_dist=298 enter_dist=0 enter_gyro=0
frame=49 line=1 track=1 cross=0 circle=1(CIRCLE_LEFT_BEGIN) round=0 yroad=0 ramp=0 road=6 speed=0 near=41/124 raw=116/105 sel=124/126 far=0/0 far_raw=0/0 l=1@22/0@-1 far_l=0@-1/0@-1 straight=0/1 far_straight=0/0 circle_cnt=0/0/0/0 lost=0/0 conf=85.9/4.3/0.0/0.0 dist=0 begin=308/0 m0=(84,119) ml=(83,78) md=41/1/132 cxcy=84.0,119.6 guide=0.66 atg=0.0/0.0/1.0 pure=-0.19/-0.35 yaw=-53 cmd=31 actual=-94 signed=1 rps=3758/3842:3421/4639 duty=9/10 pwm=PWM2:9/PWM1:10 motor=2:9/1:10
ATGCorner: L=1@22/0@-1 Y=0@-1/0@-1 farL=0@-1/0@-1 Lxy=54.0,66.0:46.1,36.6/-1.0,-1.0:-1.0,-1.0 Yxy=-1.0,-1.0:-1.0,-1.0/-1.0,-1.0:-1.0,-1.0 farLxy=-1.0,-1.0:-1.0,-1.0/-1.0,-1.0:-1.0,-1.0 best=22:54.0,66.0:46.1,36.6:85.9:11111/60:120.1,-22.0:89.3,12.9:4.3:10101 seed_src=lpt/none seed=0.0,0.0/0.0,0.0 far_start=70,0 far_raw=0/0 far_num=0/0 straight=0/1 far_straight=0/0 conf_deg=85.9/4.3/0.0/0.0
CrossDiag: type=CROSS_NONE track=1 half_lr=0/0 nearL=1@22/0@-1 nearNum=41/124 centerNum=41/124 farL=0@-1/0@-1 farNum=0/0 farRaw=0/0 lost=0/0 not_have=0 final=124/126 flags=0/0
LineErr: aim=41 cxcy=84.0,119.6 left=1:1.85@82,71 dx=-2.3 idx=0/16 dist=42/133 right=1:0.16@84,73 dx=-0.2 idx=0/18 dist=41/251 sel=1:0.25@84,74 dx=-0.3 idx=0/20 dist=40/250 edge=1:0.81@83.0,70.0 dx=-1.0 width=54.0 l=56,70 r=110,70
CxScan: raw_ref=80.0 edge=83.0,70.0 best_raw_x=75 best_err=-0.70 best_cxcy=82.1,119.5 scan=0:-22.3,10:-19.6,20:-16.9,30:-14.0,40:-11.2,50:-8.2,60:-5.2,70:-2.2,80:0.8,90:3.8,100:6.8,110:9.8,120:12.6,130:15.5,140:18.2
ATGSeedDiag: seed=1@14,108/1@135,108 begin=7,108 block=5 clip=8
ATGLptDiag: best=22(85.9) imip=12/32 pass=11111 acc=22 ipm=54.0,66.0 inv=46.1,36.6 | 60(4.3) imip=50/70 pass=10101 acc=-1 ipm=120.1,-22.0 inv=89.3,12.9
ATGCircleBeginDiag: side=L reason=state rpts0=40 Lpt0=1 none_left=0 have_left=0 dist=0 begin_dist=308 enter_dist=0 enter_gyro=0
frame=50 line=1 track=1 cross=0 circle=1(CIRCLE_LEFT_BEGIN) round=0 yroad=0 ramp=0 road=6 speed=0 near=40/124 raw=115/104 sel=124/126 far=0/0 far_raw=0/0 l=1@21/0@-1 far_l=0@-1/0@-1 straight=0/1 far_straight=0/0 circle_cnt=0/0/0/0 lost=0/0 conf=89.8/3.9/0.0/0.0 dist=0 begin=317/0 m0=(84,119) ml=(83,78) md=41/1/132 cxcy=84.0,119.6 guide=0.91 atg=0.0/0.0/1.0 pure=-0.14/-0.33 yaw=-73 cmd=-114 actual=-53 signed=1 rps=3956/3644:3373/4227 duty=10/10 pwm=PWM2:10/PWM1:10 motor=2:10/1:10
ATGCorner: L=1@21/0@-1 Y=0@-1/0@-1 farL=0@-1/0@-1 Lxy=55.2,67.8:46.7,37.6/-1.0,-1.0:-1.0,-1.0 Yxy=-1.0,-1.0:-1.0,-1.0/-1.0,-1.0:-1.0,-1.0 farLxy=-1.0,-1.0:-1.0,-1.0/-1.0,-1.0:-1.0,-1.0 best=21:55.2,67.8:46.7,37.6:89.8:11111/57:118.5,-15.4:89.2,13.8:3.9:10111 seed_src=lpt/none seed=0.0,0.0/0.0,0.0 far_start=70,0 far_raw=0/0 far_num=0/0 straight=0/1 far_straight=0/0 conf_deg=89.8/3.9/0.0/0.0
CrossDiag: type=CROSS_NONE track=1 half_lr=0/0 nearL=1@21/0@-1 nearNum=40/124 centerNum=40/124 farL=0@-1/0@-1 farNum=0/0 farRaw=0/0 lost=0/0 not_have=0 final=124/126 flags=0/0
LineErr: aim=41 cxcy=84.0,119.6 left=1:1.66@82,74 dx=-2.0 idx=0/15 dist=40/130 right=1:0.52@83,75 dx=-0.6 idx=0/17 dist=40/252 sel=1:0.44@83,74 dx=-0.5 idx=0/20 dist=40/250 edge=1:0.81@83.0,70.0 dx=-1.0 width=54.0 l=56,70 r=110,70
CxScan: raw_ref=80.0 edge=83.0,70.0 best_raw_x=75 best_err=-0.70 best_cxcy=82.1,119.5 scan=0:-22.3,10:-19.6,20:-16.9,30:-14.0,40:-11.2,50:-8.2,60:-5.2,70:-2.2,80:0.8,90:3.8,100:6.8,110:9.8,120:12.6,130:15.5,140:18.2
ATGSeedDiag: seed=1@14,108/1@134,107 begin=7,108 block=5 clip=8
ATGLptDiag: best=21(89.8) imip=11/31 pass=11111 acc=21 ipm=55.2,67.8 inv=46.7,37.6 | 57(3.9) imip=47/67 pass=10111 acc=-1 ipm=118.5,-15.4 inv=89.2,13.8
ATGCircleBeginDiag: side=L reason=state rpts0=38 Lpt0=1 none_left=0 have_left=0 dist=0 begin_dist=317 enter_dist=0 enter_gyro=0
frame=51 line=1 track=1 cross=0 circle=1(CIRCLE_LEFT_BEGIN) round=0 yroad=0 ramp=0 road=6 speed=0 near=38/124 raw=114/105 sel=124/126 far=0/0 far_raw=0/0 l=1@20/0@-1 far_l=0@-1/0@-1 straight=0/1 far_straight=0/0 circle_cnt=0/0/0/0 lost=0/0 conf=91.7/7.1/0.0/0.0 dist=0 begin=326/0 m0=(84,119) ml=(82,78) md=41/1/129 cxcy=84.0,119.6 guide=1.42 atg=0.0/0.0/0.0 pure=-0.02/-0.26 yaw=-114 cmd=-303 actual=-19 signed=1 rps=4215/3385:3319/3975 duty=11/9 pwm=PWM2:11/PWM1:9 motor=2:11/1:9
ATGCorner: L=1@20/0@-1 Y=0@-1/0@-1 farL=0@-1/0@-1 Lxy=56.1,70.0:46.8,38.9/-1.0,-1.0:-1.0,-1.0 Yxy=-1.0,-1.0:-1.0,-1.0/-1.0,-1.0:-1.0,-1.0 farLxy=-1.0,-1.0:-1.0,-1.0/-1.0,-1.0:-1.0,-1.0 best=20:56.1,70.0:46.8,38.9:91.7:11111/1:107.2,114.2:129.8,98.0:7.1:10111 seed_src=lpt/none seed=0.0,0.0/0.0,0.0 far_start=70,0 far_raw=0/0 far_num=0/0 straight=0/1 far_straight=0/0 conf_deg=91.7/7.1/0.0/0.0
CrossDiag: type=CROSS_NONE track=1 half_lr=0/0 nearL=1@20/0@-1 nearNum=38/124 centerNum=38/124 farL=0@-1/0@-1 farNum=0/0 farRaw=0/0 lost=0/0 not_have=0 final=124/126 flags=0/0
LineErr: aim=41 cxcy=84.0,119.6 left=1:1.72@82,72 dx=-2.1 idx=0/15 dist=42/128 right=1:0.97@83,73 dx=-1.2 idx=0/18 dist=41/251 sel=1:1.02@83,74 dx=-1.2 idx=0/20 dist=40/250 edge=1:1.20@82.5,70.0 dx=-1.5 width=53.0 l=56,70 r=109,70
CxScan: raw_ref=80.0 edge=82.5,70.0 best_raw_x=75 best_err=-0.31 best_cxcy=82.1,119.5 scan=0:-21.9,10:-19.3,20:-16.5,30:-13.7,40:-10.8,50:-7.8,60:-4.8,70:-1.8,80:1.2,90:4.2,100:7.2,110:10.1,120:13.0,130:15.8,140:18.6
ATGSeedDiag: seed=1@14,108/1@134,108 begin=7,108 block=5 clip=8
ATGLptDiag: best=20(91.7) imip=10/30 pass=11111 acc=20 ipm=56.1,70.0 inv=46.8,38.9 | 1(7.1) imip=0/11 pass=10111 acc=-1 ipm=107.2,114.2 inv=129.8,98.0
ATGCircleBeginDiag: side=L reason=state rpts0=37 Lpt0=1 none_left=0 have_left=0 dist=0 begin_dist=326 enter_dist=0 enter_gyro=0
frame=52 line=1 track=1 cross=0 circle=1(CIRCLE_LEFT_BEGIN) round=0 yroad=0 ramp=0 road=6 speed=0 near=37/124 raw=113/105 sel=124/126 far=0/0 far_raw=0/0 l=1@19/0@-1 far_l=0@-1/0@-1 straight=0/1 far_straight=0/0 circle_cnt=0/0/0/0 lost=0/0 conf=92.6/3.9/0.0/0.0 dist=0 begin=336/0 m0=(84,119) ml=(82,79) md=40/1/127 cxcy=84.0,119.6 guide=1.81 atg=0.0/0.0/0.0 pure=0.10/-0.22 yaw=-145 cmd=-477 actual=21 signed=1 rps=4454/3146:3039/3562 duty=12/9 pwm=PWM2:12/PWM1:9 motor=2:12/1:9
ATGCorner: L=1@19/0@-1 Y=0@-1/0@-1 farL=0@-1/0@-1 Lxy=57.0,72.2:47.1,40.3/-1.0,-1.0:-1.0,-1.0 Yxy=-1.0,-1.0:-1.0,-1.0/-1.0,-1.0:-1.0,-1.0 farLxy=-1.0,-1.0:-1.0,-1.0/-1.0,-1.0:-1.0,-1.0 best=19:57.0,72.2:47.1,40.3:92.6:11111/50:114.5,0.9:89.1,16.3:3.9:10111 seed_src=lpt/none seed=0.0,0.0/0.0,0.0 far_start=70,0 far_raw=0/0 far_num=0/0 straight=0/1 far_straight=0/0 conf_deg=92.6/3.9/0.0/0.0
CrossDiag: type=CROSS_NONE track=1 half_lr=0/0 nearL=1@19/0@-1 nearNum=37/124 centerNum=37/124 farL=0@-1/0@-1 farNum=0/0 farRaw=0/0 lost=0/0 not_have=0 final=124/126 flags=0/0
LineErr: aim=41 cxcy=84.0,119.6 left=1:1.26@83,76 dx=-1.5 idx=0/14 dist=39/124 right=1:1.60@82,74 dx=-1.9 idx=0/18 dist=41/251 sel=1:1.63@82,74 dx=-2.0 idx=0/20 dist=40/250 edge=1:2.00@81.5,70.5 dx=-2.5 width=53.0 l=55,71 r=108,70
CxScan: raw_ref=80.0 edge=81.5,70.5 best_raw_x=75 best_err=0.48 best_cxcy=82.1,119.5 scan=0:-21.4,10:-18.7,20:-15.9,30:-13.0,40:-10.1,50:-7.1,60:-4.1,70:-1.0,80:2.0,90:5.0,100:8.0,110:11.0,120:13.9,130:16.7,140:19.4
ATGSeedDiag: seed=1@15,108/1@134,108 begin=7,108 block=5 clip=8
ATGLptDiag: best=19(92.6) imip=9/29 pass=11111 acc=19 ipm=57.0,72.2 inv=47.1,40.3 | 50(3.9) imip=40/60 pass=10111 acc=-1 ipm=114.5,0.9 inv=89.1,16.3
ATGCircleBeginDiag: side=L reason=state rpts0=37 Lpt0=1 none_left=0 have_left=0 dist=0 begin_dist=336 enter_dist=0 enter_gyro=0
frame=53 line=1 track=1 cross=0 circle=1(CIRCLE_LEFT_BEGIN) round=0 yroad=0 ramp=0 road=6 speed=0 near=37/124 raw=110/105 sel=124/126 far=0/0 far_raw=0/0 l=1@19/0@-1 far_l=0@-1/0@-1 straight=0/1 far_straight=0/0 circle_cnt=0/0/0/0 lost=0/0 conf=86.9/5.2/0.0/0.0 dist=0 begin=345/0 m0=(84,119) ml=(82,79) md=40/1/127 cxcy=84.0,119.6 guide=1.81 atg=0.0/0.0/0.0 pure=0.15/-0.20 yaw=-145 cmd=-545 actual=55 signed=1 rps=4547/3053:3061/3521 duty=13/9 pwm=PWM2:13/PWM1:9 motor=2:13/1:9
ATGCorner: L=1@19/0@-1 Y=0@-1/0@-1 farL=0@-1/0@-1 Lxy=55.5,72.3:45.5,40.4/-1.0,-1.0:-1.0,-1.0 Yxy=-1.0,-1.0:-1.0,-1.0/-1.0,-1.0:-1.0,-1.0 farLxy=-1.0,-1.0:-1.0,-1.0/-1.0,-1.0:-1.0,-1.0 best=19:55.5,72.3:45.5,40.4:86.9:11111/1:106.9,114.2:129.2,98.0:5.2:10111 seed_src=lpt/none seed=0.0,0.0/0.0,0.0 far_start=70,0 far_raw=0/0 far_num=0/0 straight=0/1 far_straight=0/0 conf_deg=86.9/5.2/0.0/0.0
CrossDiag: type=CROSS_NONE track=1 half_lr=0/0 nearL=1@19/0@-1 nearNum=37/124 centerNum=37/124 farL=0@-1/0@-1 farNum=0/0 farRaw=0/0 lost=0/0 not_have=0 final=124/126 flags=0/0
LineErr: aim=41 cxcy=84.0,119.6 left=1:1.56@82,74 dx=-1.9 idx=0/14 dist=41/124 right=1:1.61@82,74 dx=-1.9 idx=0/18 dist=41/251 sel=1:1.63@82,74 dx=-2.0 idx=0/20 dist=40/250 edge=1:2.79@80.5,70.5 dx=-3.5 width=55.0 l=53,71 r=108,70
CxScan: raw_ref=80.0 edge=80.5,70.5 best_raw_x=70 best_err=-0.25 best_cxcy=80.2,119.5 scan=0:-20.7,10:-18.0,20:-15.1,30:-12.3,40:-9.3,50:-6.3,60:-3.3,70:-0.2,80:2.8,90:5.8,100:8.8,110:11.7,120:14.6,130:17.4,140:20.1
ATGSeedDiag: seed=1@15,107/1@134,108 begin=7,108 block=5 clip=8
ATGLptDiag: best=19(86.9) imip=9/29 pass=11111 acc=19 ipm=55.5,72.3 inv=45.5,40.4 | 1(5.2) imip=0/11 pass=10111 acc=-1 ipm=106.9,114.2 inv=129.2,98.0
ATGCircleBeginDiag: side=L reason=state rpts0=37 Lpt0=1 none_left=0 have_left=0 dist=0 begin_dist=345 enter_dist=0 enter_gyro=0
frame=54 line=1 track=1 cross=0 circle=1(CIRCLE_LEFT_BEGIN) round=0 yroad=0 ramp=0 road=6 speed=0 near=37/124 raw=112/105 sel=124/126 far=0/0 far_raw=0/0 l=1@19/0@-1 far_l=0@-1/0@-1 straight=0/1 far_straight=0/0 circle_cnt=0/0/0/0 lost=0/0 conf=90.6/3.9/0.0/0.0 dist=0 begin=353/0 m0=(84,119) ml=(82,79) md=40/1/129 cxcy=84.0,119.6 guide=1.55 atg=0.0/0.0/0.0 pure=0.06/-0.23 yaw=-124 cmd=-524 actual=82 signed=1 rps=4519/3081:3102/3439 duty=13/9 pwm=PWM2:13/PWM1:9 motor=2:13/1:9
ATGCorner: L=1@19/0@-1 Y=0@-1/0@-1 farL=0@-1/0@-1 Lxy=56.1,72.2:46.2,40.3/-1.0,-1.0:-1.0,-1.0 Yxy=-1.0,-1.0:-1.0,-1.0/-1.0,-1.0:-1.0,-1.0 farLxy=-1.0,-1.0:-1.0,-1.0/-1.0,-1.0:-1.0,-1.0 best=19:56.1,72.2:46.2,40.3:90.6:11111/1:106.9,114.2:129.2,98.0:3.9:10111 seed_src=lpt/none seed=0.0,0.0/0.0,0.0 far_start=70,0 far_raw=0/0 far_num=0/0 straight=0/1 far_straight=0/0 conf_deg=90.6/3.9/0.0/0.0
CrossDiag: type=CROSS_NONE track=1 half_lr=0/0 nearL=1@19/0@-1 nearNum=37/124 centerNum=37/124 farL=0@-1/0@-1 farNum=0/0 farRaw=0/0 lost=0/0 not_have=0 final=124/126 flags=0/0
LineErr: aim=41 cxcy=84.0,119.6 left=1:1.64@82,75 dx=-1.9 idx=0/14 dist=39/124 right=1:1.21@83,74 dx=-1.5 idx=0/18 dist=41/251 sel=1:1.23@83,74 dx=-1.5 idx=0/20 dist=40/250 edge=1:2.00@81.5,70.5 dx=-2.5 width=55.0 l=54,71 r=109,70
CxScan: raw_ref=80.0 edge=81.5,70.5 best_raw_x=75 best_err=0.48 best_cxcy=82.1,119.5 scan=0:-21.4,10:-18.7,20:-15.9,30:-13.0,40:-10.1,50:-7.1,60:-4.1,70:-1.0,80:2.0,90:5.0,100:8.0,110:11.0,120:13.9,130:16.7,140:19.4
ATGSeedDiag: seed=1@14,108/1@134,108 begin=7,108 block=5 clip=8
ATGLptDiag: best=19(90.6) imip=9/29 pass=11111 acc=19 ipm=56.1,72.2 inv=46.2,40.3 | 1(3.9) imip=0/11 pass=10111 acc=-1 ipm=106.9,114.2 inv=129.2,98.0
ATGCircleBeginDiag: side=L reason=state rpts0=37 Lpt0=1 none_left=0 have_left=0 dist=0 begin_dist=353 enter_dist=0 enter_gyro=0
frame=55 line=1 track=1 cross=0 circle=1(CIRCLE_LEFT_BEGIN) round=0 yroad=0 ramp=0 road=6 speed=0 near=37/124 raw=112/105 sel=124/126 far=0/0 far_raw=0/0 l=1@20/0@-1 far_l=0@-1/0@-1 straight=0/1 far_straight=0/0 circle_cnt=0/0/0/0 lost=0/0 conf=88.1/3.8/0.0/0.0 dist=0 begin=362/0 m0=(84,119) ml=(82,79) md=40/1/130 cxcy=84.0,119.6 guide=1.55 atg=0.0/0.0/0.0 pure=-0.02/-0.26 yaw=-124 cmd=-524 actual=83 signed=1 rps=4519/3081:3214/3367 duty=12/9 pwm=PWM2:12/PWM1:9 motor=2:12/1:9
ATGCorner: L=1@20/0@-1 Y=0@-1/0@-1 farL=0@-1/0@-1 Lxy=54.3,70.5:44.9,39.3/-1.0,-1.0:-1.0,-1.0 Yxy=-1.0,-1.0:-1.0,-1.0/-1.0,-1.0:-1.0,-1.0 farLxy=-1.0,-1.0:-1.0,-1.0/-1.0,-1.0:-1.0,-1.0 best=20:54.3,70.5:44.9,39.3:88.1:11111/2:107.3,111.9:126.4,91.5:3.8:10111 seed_src=lpt/none seed=0.0,0.0/0.0,0.0 far_start=70,0 far_raw=0/0 far_num=0/0 straight=0/1 far_straight=0/0 conf_deg=88.1/3.8/0.0/0.0
CrossDiag: type=CROSS_NONE track=1 half_lr=0/0 nearL=1@20/0@-1 nearNum=37/124 centerNum=37/124 farL=0@-1/0@-1 farNum=0/0 farRaw=0/0 lost=0/0 not_have=0 final=124/126 flags=0/0
LineErr: aim=41 cxcy=84.0,119.6 left=1:2.43@81,71 dx=-3.0 idx=0/15 dist=43/124 right=1:1.19@83,73 dx=-1.4 idx=0/18 dist=41/251 sel=1:1.23@83,74 dx=-1.5 idx=0/20 dist=40/250 edge=1:2.00@81.5,70.5 dx=-2.5 width=55.0 l=54,71 r=109,70
CxScan: raw_ref=80.0 edge=81.5,70.5 best_raw_x=75 best_err=0.48 best_cxcy=82.1,119.5 scan=0:-21.4,10:-18.7,20:-15.9,30:-13.0,40:-10.1,50:-7.1,60:-4.1,70:-1.0,80:2.0,90:5.0,100:8.0,110:11.0,120:13.9,130:16.7,140:19.4
ATGSeedDiag: seed=1@14,108/1@134,108 begin=7,108 block=5 clip=8
ATGLptDiag: best=20(88.1) imip=10/30 pass=11111 acc=20 ipm=54.3,70.5 inv=44.9,39.3 | 2(3.8) imip=0/12 pass=10111 acc=-1 ipm=107.3,111.9 inv=126.4,91.5
ATGCircleBeginDiag: side=L reason=state rpts0=37 Lpt0=1 none_left=0 have_left=0 dist=0 begin_dist=362 enter_dist=0 enter_gyro=0
frame=56 line=1 track=1 cross=0 circle=1(CIRCLE_LEFT_BEGIN) round=0 yroad=0 ramp=0 road=6 speed=0 near=37/124 raw=112/105 sel=124/126 far=0/0 far_raw=0/0 l=1@19/0@-1 far_l=0@-1/0@-1 straight=0/1 far_straight=0/0 circle_cnt=0/0/0/0 lost=0/0 conf=92.0/7.1/0.0/0.0 dist=0 begin=371/0 m0=(84,119) ml=(82,78) md=41/1/129 cxcy=84.0,119.6 guide=1.42 atg=0.0/0.0/0.0 pure=-0.02/-0.27 yaw=-114 cmd=-449 actual=54 signed=1 rps=4415/3185:3262/3189 duty=12/10 pwm=PWM2:12/PWM1:10 motor=2:12/1:10
ATGCorner: L=1@19/0@-1 Y=0@-1/0@-1 farL=0@-1/0@-1 Lxy=55.9,72.2:45.9,40.3/-1.0,-1.0:-1.0,-1.0 Yxy=-1.0,-1.0:-1.0,-1.0/-1.0,-1.0:-1.0,-1.0 farLxy=-1.0,-1.0:-1.0,-1.0/-1.0,-1.0:-1.0,-1.0 best=19:55.9,72.2:45.9,40.3:92.0:11111/1:107.2,114.2:129.8,98.0:7.1:10111 seed_src=lpt/none seed=0.0,0.0/0.0,0.0 far_start=70,0 far_raw=0/0 far_num=0/0 straight=0/1 far_straight=0/0 conf_deg=92.0/7.1/0.0/0.0
CrossDiag: type=CROSS_NONE track=1 half_lr=0/0 nearL=1@19/0@-1 nearNum=37/124 centerNum=37/124 farL=0@-1/0@-1 farNum=0/0 farRaw=0/0 lost=0/0 not_have=0 final=124/126 flags=0/0
LineErr: aim=41 cxcy=84.0,119.6 left=1:2.49@81,71 dx=-3.1 idx=0/15 dist=43/124 right=1:0.84@83,73 dx=-1.0 idx=0/18 dist=41/251 sel=1:0.88@83,74 dx=-1.1 idx=0/20 dist=40/250 edge=1:2.00@81.5,70.5 dx=-2.5 width=55.0 l=54,71 r=109,70
CxScan: raw_ref=80.0 edge=81.5,70.5 best_raw_x=75 best_err=0.48 best_cxcy=82.1,119.5 scan=0:-21.4,10:-18.7,20:-15.9,30:-13.0,40:-10.1,50:-7.1,60:-4.1,70:-1.0,80:2.0,90:5.0,100:8.0,110:11.0,120:13.9,130:16.7,140:19.4
ATGSeedDiag: seed=1@14,108/1@134,108 begin=7,108 block=5 clip=8
ATGLptDiag: best=19(92.0) imip=9/29 pass=11111 acc=19 ipm=55.9,72.2 inv=45.9,40.3 | 1(7.1) imip=0/11 pass=10111 acc=-1 ipm=107.2,114.2 inv=129.8,98.0
ATGCircleBeginDiag: side=L reason=state rpts0=36 Lpt0=1 none_left=0 have_left=0 dist=0 begin_dist=371 enter_dist=0 enter_gyro=0
ATGCircleBeginDiag: side=L reason=state rpts0=36 Lpt0=1 none_left=0 have_left=0 dist=0 begin_dist=380 enter_dist=0 enter_gyro=0
frame=58 line=1 track=1 cross=0 circle=1(CIRCLE_LEFT_BEGIN) round=0 yroad=0 ramp=0 road=6 speed=0 near=36/124 raw=110/105 sel=124/126 far=0/0 far_raw=0/0 l=1@18/0@-1 far_l=0@-1/0@-1 straight=0/1 far_straight=0/0 circle_cnt=0/0/0/0 lost=0/0 conf=89.8/7.6/0.0/0.0 dist=0 begin=390/0 m0=(84,119) ml=(82,78) md=41/1/129 cxcy=84.0,119.6 guide=1.55 atg=0.0/0.0/0.0 pure=-0.02/-0.26 yaw=-124 cmd=-404 actual=16 signed=1 rps=4353/3247:3814/3414 duty=11/9 pwm=PWM2:11/PWM1:9 motor=2:11/1:9
ATGCorner: L=1@18/0@-1 Y=0@-1/0@-1 farL=0@-1/0@-1 Lxy=56.2,74.5:45.5,41.8/-1.0,-1.0:-1.0,-1.0 Yxy=-1.0,-1.0:-1.0,-1.0/-1.0,-1.0:-1.0,-1.0 farLxy=-1.0,-1.0:-1.0,-1.0/-1.0,-1.0:-1.0,-1.0 best=18:56.2,74.5:45.5,41.8:89.8:11111/1:107.2,114.2:129.8,98.0:7.6:10111 seed_src=lpt/none seed=0.0,0.0/0.0,0.0 far_start=70,0 far_raw=0/0 far_num=0/0 straight=0/1 far_straight=0/0 conf_deg=89.8/7.6/0.0/0.0
CrossDiag: type=CROSS_NONE track=1 half_lr=0/0 nearL=1@18/0@-1 nearNum=36/124 centerNum=36/124 farL=0@-1/0@-1 farNum=0/0 farRaw=0/0 lost=0/0 not_have=0 final=124/126 flags=0/0
LineErr: aim=41 cxcy=84.0,119.6 left=1:2.14@81,74 dx=-2.6 idx=0/14 dist=42/123 right=1:1.20@83,73 dx=-1.5 idx=0/18 dist=41/251 sel=1:1.23@83,74 dx=-1.5 idx=0/20 dist=40/250 edge=1:2.81@80.5,71.0 dx=-3.5 width=57.0 l=52,72 r=109,70
CxScan: raw_ref=80.0 edge=80.5,71.0 best_raw_x=70 best_err=-0.25 best_cxcy=80.2,119.5 scan=0:-20.8,10:-18.1,20:-15.2,30:-12.3,40:-9.4,50:-6.4,60:-3.3,70:-0.2,80:2.8,90:5.9,100:8.9,110:11.8,120:14.7,130:17.5,140:20.2
ATGSeedDiag: seed=1@14,108/1@134,108 begin=7,108 block=5 clip=8
ATGLptDiag: best=18(89.8) imip=8/28 pass=11111 acc=18 ipm=56.2,74.5 inv=45.5,41.8 | 1(7.6) imip=0/11 pass=10111 acc=-1 ipm=107.2,114.2 inv=129.8,98.0
ATGCircleBeginDiag: side=L reason=state rpts0=35 Lpt0=1 none_left=0 have_left=0 dist=0 begin_dist=390 enter_dist=0 enter_gyro=0
frame=59 line=1 track=1 cross=0 circle=1(CIRCLE_LEFT_BEGIN) round=0 yroad=0 ramp=0 road=6 speed=0 near=35/124 raw=109/105 sel=124/125 far=0/0 far_raw=0/0 l=1@18/0@-1 far_l=0@-1/0@-1 straight=0/1 far_straight=0/0 circle_cnt=0/0/0/0 lost=0/0 conf=90.9/6.3/0.0/0.0 dist=0 begin=400/0 m0=(84,119) ml=(82,78) md=41/1/126 cxcy=84.0,119.6 guide=1.55 atg=0.0/0.0/0.0 pure=0.06/-0.23 yaw=-124 cmd=-351 actual=-10 signed=1 rps=4282/3318:3779/3321 duty=11/10 pwm=PWM2:11/PWM1:10 motor=2:11/1:10
ATGCorner: L=1@18/0@-1 Y=0@-1/0@-1 farL=0@-1/0@-1 Lxy=55.8,74.7:45.0,41.9/-1.0,-1.0:-1.0,-1.0 Yxy=-1.0,-1.0:-1.0,-1.0/-1.0,-1.0:-1.0,-1.0 farLxy=-1.0,-1.0:-1.0,-1.0/-1.0,-1.0:-1.0,-1.0 best=18:55.8,74.7:45.0,41.9:90.9:11111/1:107.1,114.2:129.6,98.0:6.3:10111 seed_src=lpt/none seed=0.0,0.0/0.0,0.0 far_start=70,0 far_raw=0/0 far_num=0/0 straight=0/1 far_straight=0/0 conf_deg=90.9/6.3/0.0/0.0
CrossDiag: type=CROSS_NONE track=1 half_lr=0/0 nearL=1@18/0@-1 nearNum=35/124 centerNum=35/124 farL=0@-1/0@-1 farNum=0/0 farRaw=0/0 lost=0/0 not_have=0 final=124/125 flags=0/0
LineErr: aim=41 cxcy=84.0,119.6 left=1:2.45@81,73 dx=-3.0 idx=0/14 dist=43/121 right=1:1.21@83,73 dx=-1.5 idx=0/18 dist=41/251 sel=1:1.23@83,74 dx=-1.5 idx=0/20 dist=40/248 edge=1:2.85@80.5,72.0 dx=-3.5 width=57.1 l=52,74 r=109,70
CxScan: raw_ref=80.0 edge=80.5,72.0 best_raw_x=70 best_err=-0.25 best_cxcy=80.2,119.5 scan=0:-21.1,10:-18.3,20:-15.5,30:-12.5,40:-9.5,50:-6.4,60:-3.4,70:-0.3,80:2.9,90:5.9,100:9.0,110:12.0,120:14.9,130:17.7,140:20.5
ATGSeedDiag: seed=1@14,108/1@134,108 begin=7,108 block=5 clip=8
ATGLptDiag: best=18(90.9) imip=8/28 pass=11111 acc=18 ipm=55.8,74.7 inv=45.0,41.9 | 1(6.3) imip=0/11 pass=10111 acc=-1 ipm=107.1,114.2 inv=129.6,98.0
ATGCircleBeginDiag: side=L reason=state rpts0=34 Lpt0=1 none_left=0 have_left=0 dist=0 begin_dist=400 enter_dist=0 enter_gyro=0
frame=60 line=1 track=1 cross=0 circle=1(CIRCLE_LEFT_BEGIN) round=0 yroad=0 ramp=0 road=6 speed=0 near=34/124 raw=108/105 sel=124/126 far=0/0 far_raw=0/0 l=1@18/0@-1 far_l=0@-1/0@-1 straight=0/1 far_straight=0/0 circle_cnt=0/0/0/0 lost=0/0 conf=88.3/3.9/0.0/0.0 dist=0 begin=411/0 m0=(84,119) ml=(82,79) md=40/1/127 cxcy=84.0,119.6 guide=1.81 atg=0.0/0.0/0.0 pure=0.06/-0.22 yaw=-145 cmd=-363 actual=-36 signed=1 rps=4298/3302:3995/3583 duty=11/9 pwm=PWM2:11/PWM1:9 motor=2:11/1:9
ATGCorner: L=1@18/0@-1 Y=0@-1/0@-1 farL=0@-1/0@-1 Lxy=55.2,75.0:44.3,42.2/-1.0,-1.0:-1.0,-1.0 Yxy=-1.0,-1.0:-1.0,-1.0/-1.0,-1.0:-1.0,-1.0 farLxy=-1.0,-1.0:-1.0,-1.0/-1.0,-1.0:-1.0,-1.0 best=18:55.2,75.0:44.3,42.2:88.3:11111/50:114.5,0.8:89.1,16.3:3.9:10111 seed_src=lpt/none seed=0.0,0.0/0.0,0.0 far_start=70,0 far_raw=0/0 far_num=0/0 straight=0/1 far_straight=0/0 conf_deg=88.3/3.9/0.0/0.0
CrossDiag: type=CROSS_NONE track=1 half_lr=0/0 nearL=1@18/0@-1 nearNum=34/124 centerNum=34/124 farL=0@-1/0@-1 farNum=0/0 farRaw=0/0 lost=0/0 not_have=0 final=124/126 flags=0/0
LineErr: aim=41 cxcy=84.0,119.6 left=1:2.70@81,72 dx=-3.3 idx=0/14 dist=43/116 right=1:1.60@82,74 dx=-1.9 idx=0/18 dist=41/251 sel=1:1.63@82,74 dx=-2.0 idx=0/20 dist=40/250 edge=1:3.66@79.5,72.0 dx=-4.5 width=57.1 l=51,74 r=108,70
CxScan: raw_ref=80.0 edge=79.5,72.0 best_raw_x=70 best_err=0.56 best_cxcy=80.2,119.5 scan=0:-20.4,10:-17.6,20:-14.7,30:-11.7,40:-8.7,50:-5.6,60:-2.5,70:0.6,80:3.7,90:6.7,100:9.8,110:12.7,120:15.6,130:18.5,140:21.2
ATGSeedDiag: seed=1@14,108/1@134,108 begin=7,108 block=5 clip=8
ATGLptDiag: best=18(88.3) imip=8/28 pass=11111 acc=18 ipm=55.2,75.0 inv=44.3,42.2 | 50(3.9) imip=40/60 pass=10111 acc=-1 ipm=114.5,0.8 inv=89.1,16.3
ATGCircleBeginDiag: side=L reason=state rpts0=34 Lpt0=1 none_left=0 have_left=0 dist=0 begin_dist=411 enter_dist=0 enter_gyro=0
frame=61 line=1 track=1 cross=0 circle=1(CIRCLE_LEFT_BEGIN) round=0 yroad=0 ramp=0 road=6 speed=0 near=34/124 raw=108/105 sel=124/126 far=0/0 far_raw=0/0 l=1@18/0@-1 far_l=0@-1/0@-1 straight=0/1 far_straight=0/0 circle_cnt=0/0/0/0 lost=0/0 conf=89.1/4.5/0.0/0.0 dist=0 begin=422/0 m0=(84,119) ml=(82,79) md=40/1/127 cxcy=84.0,119.6 guide=1.81 atg=0.0/0.0/0.0 pure=0.10/-0.22 yaw=-145 cmd=-321 actual=-57 signed=1 rps=4240/3360:3829/3541 duty=11/10 pwm=PWM2:11/PWM1:10 motor=2:11/1:10
ATGCorner: L=1@18/0@-1 Y=0@-1/0@-1 farL=0@-1/0@-1 Lxy=55.1,75.2:44.1,42.3/-1.0,-1.0:-1.0,-1.0 Yxy=-1.0,-1.0:-1.0,-1.0/-1.0,-1.0:-1.0,-1.0 farLxy=-1.0,-1.0:-1.0,-1.0/-1.0,-1.0:-1.0,-1.0 best=18:55.1,75.2:44.1,42.3:89.1:11111/1:106.9,114.2:129.2,98.0:4.5:10111 seed_src=lpt/none seed=0.0,0.0/0.0,0.0 far_start=70,0 far_raw=0/0 far_num=0/0 straight=0/1 far_straight=0/0 conf_deg=89.1/4.5/0.0/0.0
CrossDiag: type=CROSS_NONE track=1 half_lr=0/0 nearL=1@18/0@-1 nearNum=34/124 centerNum=34/124 farL=0@-1/0@-1 farNum=0/0 farRaw=0/0 lost=0/0 not_have=0 final=124/126 flags=0/0
LineErr: aim=41 cxcy=84.0,119.6 left=1:1.84@82,76 dx=-2.1 idx=0/13 dist=39/118 right=1:1.60@82,74 dx=-1.9 idx=0/18 dist=41/251 sel=1:1.63@82,74 dx=-2.0 idx=0/20 dist=40/250 edge=1:3.69@79.5,72.5 dx=-4.5 width=57.2 l=51,75 r=108,70
CxScan: raw_ref=80.0 edge=79.5,72.5 best_raw_x=70 best_err=0.56 best_cxcy=80.2,119.5 scan=0:-20.5,10:-17.7,20:-14.8,30:-11.8,40:-8.8,50:-5.7,60:-2.6,70:0.6,80:3.7,90:6.8,100:9.8,110:12.8,120:15.7,130:18.6,140:21.3
ATGSeedDiag: seed=1@14,108/1@134,108 begin=7,108 block=5 clip=8
ATGLptDiag: best=18(89.1) imip=8/28 pass=11111 acc=18 ipm=55.1,75.2 inv=44.1,42.3 | 1(4.5) imip=0/11 pass=10111 acc=-1 ipm=106.9,114.2 inv=129.2,98.0
ATGCircleBeginDiag: side=L reason=state rpts0=34 Lpt0=1 none_left=0 have_left=0 dist=0 begin_dist=422 enter_dist=0 enter_gyro=0
frame=62 line=1 track=1 cross=0 circle=1(CIRCLE_LEFT_BEGIN) round=0 yroad=0 ramp=0 road=6 speed=0 near=34/124 raw=108/105 sel=124/125 far=0/0 far_raw=0/0 l=1@17/0@-1 far_l=0@-1/0@-1 straight=0/1 far_straight=0/0 circle_cnt=0/0/0/0 lost=0/0 conf=92.7/2.7/0.0/0.0 dist=0 begin=433/0 m0=(84,119) ml=(82,79) md=40/1/126 cxcy=84.0,119.6 guide=1.81 atg=0.0/0.0/0.0 pure=0.06/-0.24 yaw=-145 cmd=-312 actual=-62 signed=1 rps=4228/3372:4035/3831 duty=10/9 pwm=PWM2:10/PWM1:9 motor=2:10/1:9
ATGCorner: L=1@17/0@-1 Y=0@-1/0@-1 farL=0@-1/0@-1 Lxy=56.7,76.8:45.2,43.4/-1.0,-1.0:-1.0,-1.0 Yxy=-1.0,-1.0:-1.0,-1.0/-1.0,-1.0:-1.0,-1.0 farLxy=-1.0,-1.0:-1.0,-1.0/-1.0,-1.0:-1.0,-1.0 best=17:56.7,76.8:45.2,43.4:92.7:11111/48:114.5,5.5:89.7,17.1:2.7:10111 seed_src=lpt/none seed=0.0,0.0/0.0,0.0 far_start=70,0 far_raw=0/0 far_num=0/0 straight=0/1 far_straight=0/0 conf_deg=92.7/2.7/0.0/0.0
CrossDiag: type=CROSS_NONE track=1 half_lr=0/0 nearL=1@17/0@-1 nearNum=34/124 centerNum=34/124 farL=0@-1/0@-1 farNum=0/0 farRaw=0/0 lost=0/0 not_have=0 final=124/125 flags=0/0
LineErr: aim=41 cxcy=84.0,119.6 left=1:2.13@82,76 dx=-2.5 idx=0/13 dist=39/120 right=1:1.58@82,73 dx=-1.9 idx=0/18 dist=41/251 sel=1:1.61@82,74 dx=-1.9 idx=0/20 dist=40/248 edge=1:3.30@80.0,73.0 dx=-4.0 width=58.3 l=51,76 r=109,70
CxScan: raw_ref=80.0 edge=80.0,73.0 best_raw_x=70 best_err=0.16 best_cxcy=80.2,119.5 scan=0:-21.0,10:-18.2,20:-15.3,30:-12.3,40:-9.2,50:-6.1,60:-3.0,70:0.2,80:3.3,90:6.4,100:9.5,110:12.5,120:15.5,130:18.3,140:21.1
ATGSeedDiag: seed=1@14,108/1@134,108 begin=7,108 block=5 clip=8
ATGLptDiag: best=17(92.7) imip=7/27 pass=11111 acc=17 ipm=56.7,76.8 inv=45.2,43.4 | 48(2.7) imip=38/58 pass=10111 acc=-1 ipm=114.5,5.5 inv=89.7,17.1
ATGCircleBeginDiag: side=L reason=state rpts0=34 Lpt0=1 none_left=0 have_left=0 dist=0 begin_dist=433 enter_dist=0 enter_gyro=0
ATGCircleBeginDiag: side=L reason=state rpts0=34 Lpt0=1 none_left=0 have_left=0 dist=0 begin_dist=444 enter_dist=0 enter_gyro=0
frame=64 line=1 track=1 cross=0 circle=1(CIRCLE_LEFT_BEGIN) round=0 yroad=0 ramp=0 road=6 speed=0 near=34/124 raw=108/105 sel=124/126 far=0/0 far_raw=0/0 l=1@17/0@-1 far_l=0@-1/0@-1 straight=0/1 far_straight=0/0 circle_cnt=0/0/0/0 lost=0/0 conf=93.0/3.9/0.0/0.0 dist=0 begin=455/0 m0=(84,119) ml=(83,78) md=41/1/129 cxcy=84.0,119.6 guide=1.17 atg=0.0/0.0/0.0 pure=-0.02/-0.30 yaw=-94 cmd=-132 actual=-74 signed=1 rps=3981/3619:4042/4020 duty=9/10 pwm=PWM2:9/PWM1:10 motor=2:9/1:10
ATGCorner: L=1@17/0@-1 Y=0@-1/0@-1 farL=0@-1/0@-1 Lxy=56.6,76.8:45.2,43.4/-1.0,-1.0:-1.0,-1.0 Yxy=-1.0,-1.0:-1.0,-1.0/-1.0,-1.0:-1.0,-1.0 farLxy=-1.0,-1.0:-1.0,-1.0/-1.0,-1.0:-1.0,-1.0 best=17:56.6,76.8:45.2,43.4:93.0:11111/51:116.2,-1.4:89.7,15.9:3.9:10111 seed_src=lpt/none seed=0.0,0.0/0.0,0.0 far_start=70,0 far_raw=0/0 far_num=0/0 straight=0/1 far_straight=0/0 conf_deg=93.0/3.9/0.0/0.0
CrossDiag: type=CROSS_NONE track=1 half_lr=0/0 nearL=1@17/0@-1 nearNum=34/124 centerNum=34/124 farL=0@-1/0@-1 farNum=0/0 farRaw=0/0 lost=0/0 not_have=0 final=124/126 flags=0/0
LineErr: aim=41 cxcy=84.0,119.6 left=1:2.36@81,76 dx=-2.8 idx=0/13 dist=40/118 right=1:0.81@83,73 dx=-1.0 idx=0/18 dist=41/251 sel=1:0.83@83,74 dx=-1.0 idx=0/20 dist=40/250 edge=1:3.71@79.5,73.0 dx=-4.5 width=59.3 l=50,76 r=109,70
CxScan: raw_ref=80.0 edge=79.5,73.0 best_raw_x=70 best_err=0.57 best_cxcy=80.2,119.5 scan=0:-20.7,10:-17.8,20:-14.9,30:-11.9,40:-8.8,50:-5.7,60:-2.6,70:0.6,80:3.7,90:6.8,100:9.9,110:12.9,120:15.9,130:18.7,140:21.5
ATGSeedDiag: seed=1@14,108/1@134,108 begin=7,108 block=5 clip=8
ATGLptDiag: best=17(93.0) imip=7/27 pass=11111 acc=17 ipm=56.6,76.8 inv=45.2,43.4 | 51(3.9) imip=41/61 pass=10111 acc=-1 ipm=116.2,-1.4 inv=89.7,15.9
ATGCircleBeginDiag: side=L reason=state rpts0=33 Lpt0=1 none_left=0 have_left=0 dist=0 begin_dist=455 enter_dist=0 enter_gyro=0
frame=65 line=1 track=1 cross=0 circle=1(CIRCLE_LEFT_BEGIN) round=0 yroad=0 ramp=0 road=6 speed=0 near=33/124 raw=107/104 sel=124/126 far=0/0 far_raw=0/0 l=1@17/0@-1 far_l=0@-1/0@-1 straight=0/1 far_straight=0/0 circle_cnt=0/0/0/0 lost=0/0 conf=92.7/4.1/0.0/0.0 dist=0 begin=466/0 m0=(84,119) ml=(83,78) md=41/1/129 cxcy=84.0,119.6 guide=1.04 atg=0.0/0.0/0.0 pure=-0.03/-0.33 yaw=-83 cmd=-100 actual=-75 signed=1 rps=3937/3663:4096/4115 duty=9/10 pwm=PWM2:9/PWM1:10 motor=2:9/1:10
ATGCorner: L=1@17/0@-1 Y=0@-1/0@-1 farL=0@-1/0@-1 Lxy=56.1,77.0:44.5,43.6/-1.0,-1.0:-1.0,-1.0 Yxy=-1.0,-1.0:-1.0,-1.0/-1.0,-1.0:-1.0,-1.0 farLxy=-1.0,-1.0:-1.0,-1.0/-1.0,-1.0:-1.0,-1.0 best=17:56.1,77.0:44.5,43.6:92.7:11111/50:116.4,0.7:90.1,16.3:4.1:10111 seed_src=lpt/none seed=0.0,0.0/0.0,0.0 far_start=70,0 far_raw=0/0 far_num=0/0 straight=0/1 far_straight=0/0 conf_deg=92.7/4.1/0.0/0.0
CrossDiag: type=CROSS_NONE track=1 half_lr=0/0 nearL=1@17/0@-1 nearNum=33/124 centerNum=33/124 farL=0@-1/0@-1 farNum=0/0 farRaw=0/0 lost=0/0 not_have=0 final=124/126 flags=0/0
LineErr: aim=41 cxcy=84.0,119.6 left=1:2.42@81,75 dx=-2.9 idx=0/13 dist=40/116 right=1:0.92@83,75 dx=-1.1 idx=0/17 dist=40/252 sel=1:0.83@83,74 dx=-1.0 idx=0/20 dist=40/250 edge=1:4.15@79.0,73.5 dx=-5.0 width=60.4 l=49,77 r=109,70
CxScan: raw_ref=80.0 edge=79.0,73.5 best_raw_x=65 best_err=-0.60 best_cxcy=78.3,119.5 scan=0:-20.4,10:-17.6,20:-14.6,30:-11.6,40:-8.5,50:-5.4,60:-2.2,70:1.0,80:4.2,90:7.3,100:10.4,110:13.4,120:16.3,130:19.2,140:22.0
ATGSeedDiag: seed=1@14,108/1@134,107 begin=7,108 block=5 clip=8
ATGLptDiag: best=17(92.7) imip=7/27 pass=11111 acc=17 ipm=56.1,77.0 inv=44.5,43.6 | 50(4.1) imip=40/60 pass=10111 acc=-1 ipm=116.4,0.7 inv=90.1,16.3
ATGCircleBeginDiag: side=L reason=state rpts0=32 Lpt0=1 none_left=0 have_left=0 dist=0 begin_dist=466 enter_dist=0 enter_gyro=0
frame=66 line=1 track=1 cross=0 circle=1(CIRCLE_LEFT_BEGIN) round=0 yroad=0 ramp=0 road=6 speed=0 near=32/124 raw=107/105 sel=124/126 far=0/0 far_raw=0/0 l=1@17/0@-1 far_l=0@-1/0@-1 straight=0/1 far_straight=0/0 circle_cnt=0/0/0/0 lost=0/0 conf=91.6/4.3/0.0/0.0 dist=0 begin=476/0 m0=(84,119) ml=(83,78) md=41/1/129 cxcy=84.0,119.6 guide=1.04 atg=0.0/0.0/0.0 pure=-0.03/-0.32 yaw=-83 cmd=-143 actual=-53 signed=1 rps=3997/3603:3757/3848 duty=10/10 pwm=PWM2:10/PWM1:10 motor=2:10/1:10
ATGCorner: L=1@17/0@-1 Y=0@-1/0@-1 farL=0@-1/0@-1 Lxy=56.0,77.1:44.4,43.7/-1.0,-1.0:-1.0,-1.0 Yxy=-1.0,-1.0:-1.0,-1.0/-1.0,-1.0:-1.0,-1.0 farLxy=-1.0,-1.0:-1.0,-1.0/-1.0,-1.0:-1.0,-1.0 best=17:56.0,77.1:44.4,43.7:91.6:11111/50:116.4,1.0:90.1,16.3:4.3:10111 seed_src=lpt/none seed=0.0,0.0/0.0,0.0 far_start=70,0 far_raw=0/0 far_num=0/0 straight=0/1 far_straight=0/0 conf_deg=91.6/4.3/0.0/0.0
CrossDiag: type=CROSS_NONE track=1 half_lr=0/0 nearL=1@17/0@-1 nearNum=32/124 centerNum=32/124 farL=0@-1/0@-1 farNum=0/0 farRaw=0/0 lost=0/0 not_have=0 final=124/126 flags=0/0
LineErr: aim=41 cxcy=84.0,119.6 left=1:2.35@81,75 dx=-2.8 idx=0/13 dist=41/113 right=1:0.80@83,73 dx=-1.0 idx=0/18 dist=41/251 sel=1:0.83@83,74 dx=-1.0 idx=0/20 dist=40/250 edge=1:4.18@79.0,74.0 dx=-5.0 width=60.5 l=49,78 r=109,70
CxScan: raw_ref=80.0 edge=79.0,74.0 best_raw_x=65 best_err=-0.61 best_cxcy=78.3,119.5 scan=0:-20.6,10:-17.7,20:-14.7,30:-11.7,40:-8.6,50:-5.4,60:-2.2,70:1.0,80:4.2,90:7.3,100:10.4,110:13.5,120:16.5,130:19.3,140:22.1
ATGSeedDiag: seed=1@14,108/1@135,108 begin=7,108 block=5 clip=8
ATGLptDiag: best=17(91.6) imip=7/27 pass=11111 acc=17 ipm=56.0,77.1 inv=44.4,43.7 | 50(4.3) imip=40/60 pass=10111 acc=-1 ipm=116.4,1.0 inv=90.1,16.3
ATGCircleBeginDiag: side=L reason=state rpts0=32 Lpt0=1 none_left=0 have_left=0 dist=0 begin_dist=476 enter_dist=0 enter_gyro=0
frame=67 line=1 track=1 cross=0 circle=1(CIRCLE_LEFT_BEGIN) round=0 yroad=0 ramp=0 road=6 speed=0 near=32/124 raw=104/105 sel=124/126 far=0/0 far_raw=0/0 l=1@16/0@-1 far_l=0@-1/0@-1 straight=0/1 far_straight=0/0 circle_cnt=0/0/0/0 lost=0/0 conf=92.2/6.1/0.0/0.0 dist=0 begin=487/0 m0=(84,119) ml=(82,78) md=41/1/128 cxcy=84.0,119.6 guide=1.55 atg=0.0/0.0/0.0 pure=-0.02/-0.30 yaw=-124 cmd=-309 actual=-32 signed=1 rps=4223/3377:3816/4091 duty=11/9 pwm=PWM2:11/PWM1:9 motor=2:11/1:9
ATGCorner: L=1@16/0@-1 Y=0@-1/0@-1 farL=0@-1/0@-1 Lxy=56.5,79.0:44.2,45.1/-1.0,-1.0:-1.0,-1.0 Yxy=-1.0,-1.0:-1.0,-1.0/-1.0,-1.0:-1.0,-1.0 farLxy=-1.0,-1.0:-1.0,-1.0/-1.0,-1.0:-1.0,-1.0 best=16:56.5,79.0:44.2,45.1:92.2:11111/1:107.2,114.2:129.7,98.0:6.1:10111 seed_src=lpt/none seed=0.0,0.0/0.0,0.0 far_start=70,0 far_raw=0/0 far_num=0/0 straight=0/1 far_straight=0/0 conf_deg=92.2/6.1/0.0/0.0
CrossDiag: type=CROSS_NONE track=1 half_lr=0/0 nearL=1@16/0@-1 nearNum=32/124 centerNum=32/124 farL=0@-1/0@-1 farNum=0/0 farRaw=0/0 lost=0/0 not_have=0 final=124/126 flags=0/0
LineErr: aim=41 cxcy=84.0,119.6 left=1:2.14@82,78 dx=-2.4 idx=0/12 dist=39/114 right=1:1.20@83,73 dx=-1.5 idx=0/18 dist=41/251 sel=1:1.23@83,74 dx=-1.5 idx=0/20 dist=40/250 edge=1:4.63@78.5,74.5 dx=-5.5 width=61.7 l=48,79 r=109,70
CxScan: raw_ref=80.0 edge=78.5,74.5 best_raw_x=65 best_err=-0.19 best_cxcy=78.3,119.5 scan=0:-20.3,10:-17.4,20:-14.4,30:-11.3,40:-8.2,50:-5.0,60:-1.8,70:1.4,80:4.6,90:7.8,100:10.9,110:14.0,120:17.0,130:19.8,140:22.6
ATGSeedDiag: seed=1@15,107/1@134,108 begin=7,108 block=5 clip=8
ATGLptDiag: best=16(92.2) imip=6/26 pass=11111 acc=16 ipm=56.5,79.0 inv=44.2,45.1 | 1(6.1) imip=0/11 pass=10111 acc=-1 ipm=107.2,114.2 inv=129.7,98.0
ATGCircleBeginDiag: side=L reason=state rpts0=32 Lpt0=1 none_left=0 have_left=0 dist=0 begin_dist=487 enter_dist=0 enter_gyro=0
frame=68 line=1 track=1 cross=0 circle=1(CIRCLE_LEFT_BEGIN) round=0 yroad=0 ramp=0 road=6 speed=0 near=32/124 raw=105/105 sel=124/126 far=0/0 far_raw=0/0 l=1@16/0@-1 far_l=0@-1/0@-1 straight=0/1 far_straight=0/0 circle_cnt=0/0/0/0 lost=0/0 conf=93.1/3.9/0.0/0.0 dist=0 begin=497/0 m0=(84,119) ml=(82,79) md=40/1/129 cxcy=84.0,119.6 guide=1.55 atg=0.0/0.0/0.0 pure=0.00/-0.29 yaw=-124 cmd=-368 actual=-3 signed=1 rps=4304/3296:3563/3931 duty=11/9 pwm=PWM2:11/PWM1:9 motor=2:11/1:9
ATGCorner: L=1@16/0@-1 Y=0@-1/0@-1 farL=0@-1/0@-1 Lxy=56.5,79.2:44.2,45.2/-1.0,-1.0:-1.0,-1.0 Yxy=-1.0,-1.0:-1.0,-1.0/-1.0,-1.0:-1.0,-1.0 farLxy=-1.0,-1.0:-1.0,-1.0/-1.0,-1.0:-1.0,-1.0 best=16:56.5,79.2:44.2,45.2:93.1:11111/47:114.9,7.9:90.2,17.6:3.9:10111 seed_src=lpt/none seed=0.0,0.0/0.0,0.0 far_start=70,0 far_raw=0/0 far_num=0/0 straight=0/1 far_straight=0/0 conf_deg=93.1/3.9/0.0/0.0
CrossDiag: type=CROSS_NONE track=1 half_lr=0/0 nearL=1@16/0@-1 nearNum=32/124 centerNum=32/124 farL=0@-1/0@-1 farNum=0/0 farRaw=0/0 lost=0/0 not_have=0 final=124/126 flags=0/0
LineErr: aim=41 cxcy=84.0,119.6 left=1:2.12@82,78 dx=-2.4 idx=0/12 dist=39/116 right=1:1.19@83,73 dx=-1.4 idx=0/18 dist=41/251 sel=1:1.23@83,74 dx=-1.5 idx=0/20 dist=40/250 edge=1:4.63@78.5,74.5 dx=-5.5 width=61.7 l=48,79 r=109,70
CxScan: raw_ref=80.0 edge=78.5,74.5 best_raw_x=65 best_err=-0.19 best_cxcy=78.3,119.5 scan=0:-20.3,10:-17.4,20:-14.4,30:-11.3,40:-8.2,50:-5.0,60:-1.8,70:1.4,80:4.6,90:7.8,100:10.9,110:14.0,120:17.0,130:19.8,140:22.6
ATGSeedDiag: seed=1@14,108/1@134,108 begin=7,108 block=5 clip=8
ATGLptDiag: best=16(93.1) imip=6/26 pass=11111 acc=16 ipm=56.5,79.2 inv=44.2,45.2 | 47(3.9) imip=37/57 pass=10111 acc=-1 ipm=114.9,7.9 inv=90.2,17.6
ATGCircleBeginDiag: side=L reason=state rpts0=31 Lpt0=1 none_left=0 have_left=0 dist=0 begin_dist=497 enter_dist=0 enter_gyro=0
ATGCircleBeginDiag: side=L reason=state rpts0=31 Lpt0=1 none_left=0 have_left=0 dist=0 begin_dist=508 enter_dist=0 enter_gyro=0
frame=70 line=1 track=1 cross=0 circle=1(CIRCLE_LEFT_BEGIN) round=0 yroad=0 ramp=0 road=6 speed=0 near=31/124 raw=105/105 sel=124/126 far=0/0 far_raw=0/0 l=1@16/0@-1 far_l=0@-1/0@-1 straight=0/1 far_straight=0/0 circle_cnt=0/0/0/0 lost=0/0 conf=94.7/4.2/0.0/0.0 dist=0 begin=519/0 m0=(84,119) ml=(82,79) md=40/1/128 cxcy=84.0,119.6 guide=1.55 atg=0.0/0.0/0.0 pure=-0.02/-0.30 yaw=-124 cmd=-430 actual=29 signed=1 rps=4390/3210:3615/3950 duty=11/9 pwm=PWM2:11/PWM1:9 motor=2:11/1:9
ATGCorner: L=1@16/0@-1 Y=0@-1/0@-1 farL=0@-1/0@-1 Lxy=56.4,79.2:44.0,45.2/-1.0,-1.0:-1.0,-1.0 Yxy=-1.0,-1.0:-1.0,-1.0/-1.0,-1.0:-1.0,-1.0 farLxy=-1.0,-1.0:-1.0,-1.0/-1.0,-1.0:-1.0,-1.0 best=16:56.4,79.2:44.0,45.2:94.7:11111/48:115.4,5.6:90.2,17.1:4.2:10111 seed_src=lpt/none seed=0.0,0.0/0.0,0.0 far_start=70,0 far_raw=0/0 far_num=0/0 straight=0/1 far_straight=0/0 conf_deg=94.7/4.2/0.0/0.0
CrossDiag: type=CROSS_NONE track=1 half_lr=0/0 nearL=1@16/0@-1 nearNum=31/124 centerNum=31/124 farL=0@-1/0@-1 farNum=0/0 farRaw=0/0 lost=0/0 not_have=0 final=124/126 flags=0/0
LineErr: aim=41 cxcy=84.0,119.6 left=1:3.34@80,73 dx=-4.1 idx=0/13 dist=42/110 right=1:1.19@83,73 dx=-1.4 idx=0/18 dist=41/251 sel=1:1.23@83,74 dx=-1.5 idx=0/20 dist=40/250 edge=1:5.08@78.0,75.0 dx=-6.0 width=62.8 l=47,80 r=109,70
CxScan: raw_ref=80.0 edge=78.0,75.0 best_raw_x=65 best_err=0.23 best_cxcy=78.3,119.5 scan=0:-20.1,10:-17.2,20:-14.1,30:-11.0,40:-7.8,50:-4.6,60:-1.4,70:1.9,80:5.1,90:8.3,100:11.4,110:14.5,120:17.5,130:20.3,140:23.1
ATGSeedDiag: seed=1@14,108/1@134,108 begin=7,108 block=5 clip=8
ATGLptDiag: best=16(94.7) imip=6/26 pass=11111 acc=16 ipm=56.4,79.2 inv=44.0,45.2 | 48(4.2) imip=38/58 pass=10111 acc=-1 ipm=115.4,5.6 inv=90.2,17.1
ATGCircleBeginDiag: side=L reason=state rpts0=31 Lpt0=1 none_left=0 have_left=0 dist=0 begin_dist=519 enter_dist=0 enter_gyro=0
frame=71 line=1 track=1 cross=0 circle=1(CIRCLE_LEFT_BEGIN) round=0 yroad=0 ramp=0 road=6 speed=0 near=31/124 raw=103/105 sel=124/126 far=0/0 far_raw=0/0 l=1@16/0@-1 far_l=0@-1/0@-1 straight=0/1 far_straight=0/0 circle_cnt=0/0/0/0 lost=0/0 conf=90.0/3.5/0.0/0.0 dist=0 begin=530/0 m0=(84,119) ml=(82,79) md=40/1/129 cxcy=84.0,119.6 guide=1.55 atg=0.0/0.0/0.0 pure=0.00/-0.29 yaw=-124 cmd=-427 actual=27 signed=1 rps=4386/3214:3913/4050 duty=11/9 pwm=PWM2:11/PWM1:9 motor=2:11/1:9
ATGCorner: L=1@16/0@-1 Y=0@-1/0@-1 farL=0@-1/0@-1 Lxy=55.3,79.6:42.6,45.6/-1.0,-1.0:-1.0,-1.0 Yxy=-1.0,-1.0:-1.0,-1.0/-1.0,-1.0:-1.0,-1.0 farLxy=-1.0,-1.0:-1.0,-1.0/-1.0,-1.0:-1.0,-1.0 best=16:55.3,79.6:42.6,45.6:90.0:11111/47:114.9,7.9:90.2,17.6:3.5:10111 seed_src=lpt/none seed=0.0,0.0/0.0,0.0 far_start=70,0 far_raw=0/0 far_num=0/0 straight=0/1 far_straight=0/0 conf_deg=90.0/3.5/0.0/0.0
CrossDiag: type=CROSS_NONE track=1 half_lr=0/0 nearL=1@16/0@-1 nearNum=31/124 centerNum=31/124 farL=0@-1/0@-1 farNum=0/0 farRaw=0/0 lost=0/0 not_have=0 final=124/126 flags=0/0
LineErr: aim=41 cxcy=84.0,119.6 left=1:3.72@79,72 dx=-4.6 idx=0/13 dist=43/109 right=1:1.19@83,73 dx=-1.4 idx=0/18 dist=41/251 sel=1:1.23@83,74 dx=-1.5 idx=0/20 dist=40/250 edge=1:5.50@77.5,75.0 dx=-6.5 width=63.8 l=46,80 r=109,70
CxScan: raw_ref=80.0 edge=77.5,75.0 best_raw_x=65 best_err=0.65 best_cxcy=78.3,119.5 scan=0:-19.7,10:-16.8,20:-13.7,30:-10.6,40:-7.4,50:-4.2,60:-1.0,70:2.3,80:5.5,90:8.7,100:11.8,110:14.9,120:17.8,130:20.7,140:23.5
ATGSeedDiag: seed=1@14,108/1@134,108 begin=7,108 block=5 clip=8
ATGLptDiag: best=16(90.0) imip=6/26 pass=11111 acc=16 ipm=55.3,79.6 inv=42.6,45.6 | 47(3.5) imip=37/57 pass=10111 acc=-1 ipm=114.9,7.9 inv=90.2,17.6
ATGCircleBeginDiag: side=L reason=state rpts0=30 Lpt0=1 none_left=0 have_left=0 dist=0 begin_dist=530 enter_dist=0 enter_gyro=0
frame=72 line=1 track=1 cross=0 circle=1(CIRCLE_LEFT_BEGIN) round=0 yroad=0 ramp=0 road=6 speed=0 near=30/124 raw=102/105 sel=124/126 far=0/0 far_raw=0/0 l=1@15/0@-1 far_l=0@-1/0@-1 straight=0/1 far_straight=0/0 circle_cnt=0/0/0/0 lost=0/0 conf=92.3/4.6/0.0/0.0 dist=0 begin=541/0 m0=(84,119) ml=(82,79) md=40/1/129 cxcy=84.0,119.6 guide=1.55 atg=0.0/0.0/0.0 pure=0.04/-0.28 yaw=-124 cmd=-376 actual=1 signed=1 rps=4315/3285:4154/4039 duty=11/9 pwm=PWM2:11/PWM1:9 motor=2:11/1:9
ATGCorner: L=1@15/0@-1 Y=0@-1/0@-1 farL=0@-1/0@-1 Lxy=56.4,81.5:43.1,47.1/-1.0,-1.0:-1.0,-1.0 Yxy=-1.0,-1.0:-1.0,-1.0/-1.0,-1.0:-1.0,-1.0 farLxy=-1.0,-1.0:-1.0,-1.0/-1.0,-1.0:-1.0,-1.0 best=15:56.4,81.5:43.1,47.1:92.3:11111/2:107.3,111.9:126.5,91.5:4.6:10111 seed_src=lpt/none seed=0.0,0.0/0.0,0.0 far_start=70,0 far_raw=0/0 far_num=0/0 straight=0/1 far_straight=0/0 conf_deg=92.3/4.6/0.0/0.0
CrossDiag: type=CROSS_NONE track=1 half_lr=0/0 nearL=1@15/0@-1 nearNum=30/124 centerNum=30/124 farL=0@-1/0@-1 farNum=0/0 farRaw=0/0 lost=0/0 not_have=0 final=124/126 flags=0/0
LineErr: aim=41 cxcy=84.0,119.6 left=1:2.98@81,76 dx=-3.5 idx=0/12 dist=41/110 right=1:1.20@83,73 dx=-1.5 idx=0/18 dist=41/251 sel=1:1.23@83,74 dx=-1.5 idx=0/20 dist=40/250 edge=1:5.54@77.5,75.5 dx=-6.5 width=64.0 l=46,81 r=109,70
CxScan: raw_ref=80.0 edge=77.5,75.5 best_raw_x=65 best_err=0.66 best_cxcy=78.3,119.5 scan=0:-19.9,10:-16.9,20:-13.8,30:-10.7,40:-7.5,50:-4.2,60:-1.0,70:2.3,80:5.5,90:8.8,100:11.9,110:15.0,120:18.0,130:20.8,140:23.6
ATGSeedDiag: seed=1@14,108/1@134,108 begin=7,108 block=5 clip=8
ATGLptDiag: best=15(92.3) imip=5/25 pass=11111 acc=15 ipm=56.4,81.5 inv=43.1,47.1 | 2(4.6) imip=0/12 pass=10111 acc=-1 ipm=107.3,111.9 inv=126.5,91.5
ATGCircleBeginDiag: side=L reason=state rpts0=29 Lpt0=1 none_left=0 have_left=0 dist=0 begin_dist=541 enter_dist=0 enter_gyro=0
frame=73 line=1 track=1 cross=0 circle=1(CIRCLE_LEFT_BEGIN) round=0 yroad=0 ramp=0 road=6 speed=0 near=29/124 raw=100/105 sel=124/126 far=0/0 far_raw=0/0 l=1@15/0@-1 far_l=0@-1/0@-1 straight=0/1 far_straight=0/0 circle_cnt=0/0/0/0 lost=0/0 conf=90.8/6.3/0.0/0.0 dist=0 begin=552/0 m0=(84,119) ml=(82,78) md=41/1/127 cxcy=84.0,119.6 guide=1.55 atg=0.0/0.0/0.0 pure=0.06/-0.23 yaw=-124 cmd=-301 actual=-36 signed=1 rps=4213/3387:4057/3769 duty=10/10 pwm=PWM2:10/PWM1:10 motor=2:10/1:10
ATGCorner: L=1@15/0@-1 Y=0@-1/0@-1 farL=0@-1/0@-1 Lxy=55.7,81.7:42.2,47.2/-1.0,-1.0:-1.0,-1.0 Yxy=-1.0,-1.0:-1.0,-1.0/-1.0,-1.0:-1.0,-1.0 farLxy=-1.0,-1.0:-1.0,-1.0/-1.0,-1.0:-1.0,-1.0 best=15:55.7,81.7:42.2,47.2:90.8:11111/1:107.1,114.2:129.6,98.0:6.3:10111 seed_src=lpt/none seed=0.0,0.0/0.0,0.0 far_start=70,0 far_raw=0/0 far_num=0/0 straight=0/1 far_straight=0/0 conf_deg=90.8/6.3/0.0/0.0
CrossDiag: type=CROSS_NONE track=1 half_lr=0/0 nearL=1@15/0@-1 nearNum=29/124 centerNum=29/124 farL=0@-1/0@-1 farNum=0/0 farRaw=0/0 lost=0/0 not_have=0 final=124/126 flags=0/0
LineErr: aim=41 cxcy=84.0,119.6 left=1:3.52@80,74 dx=-4.2 idx=0/12 dist=42/106 right=1:1.21@83,74 dx=-1.5 idx=0/18 dist=41/251 sel=1:1.23@83,74 dx=-1.5 idx=0/20 dist=40/250 edge=1:6.48@76.5,76.5 dx=-7.5 width=66.3 l=44,83 r=109,70
CxScan: raw_ref=80.0 edge=76.5,76.5 best_raw_x=60 best_err=-0.13 best_cxcy=76.4,119.5 scan=0:-19.4,10:-16.3,20:-13.2,30:-10.0,40:-6.7,50:-3.4,60:-0.1,70:3.2,80:6.5,90:9.7,100:12.9,110:16.0,120:19.0,130:21.9,140:24.7
ATGSeedDiag: seed=1@15,107/1@134,108 begin=7,108 block=5 clip=8
ATGLptDiag: best=15(90.8) imip=5/25 pass=11111 acc=15 ipm=55.7,81.7 inv=42.2,47.2 | 1(6.3) imip=0/11 pass=10111 acc=-1 ipm=107.1,114.2 inv=129.6,98.0
ATGCircleBeginDiag: side=L reason=state rpts0=28 Lpt0=1 none_left=0 have_left=0 dist=0 begin_dist=552 enter_dist=0 enter_gyro=0
frame=74 line=1 track=1 cross=0 circle=1(CIRCLE_LEFT_BEGIN) round=0 yroad=0 ramp=0 road=6 speed=0 near=28/124 raw=100/105 sel=124/126 far=0/0 far_raw=0/0 l=1@14/0@-1 far_l=0@-1/0@-1 straight=0/1 far_straight=0/0 circle_cnt=0/0/0/0 lost=0/0 conf=96.0/3.5/0.0/0.0 dist=0 begin=563/0 m0=(84,119) ml=(82,79) md=40/1/127 cxcy=84.0,119.6 guide=1.81 atg=0.0/0.0/0.0 pure=0.15/-0.16 yaw=-145 cmd=-318 actual=-58 signed=1 rps=4236/3364:4348/3914 duty=10/9 pwm=PWM2:10/PWM1:9 motor=2:10/1:9
ATGCorner: L=1@14/0@-1 Y=0@-1/0@-1 farL=0@-1/0@-1 Lxy=57.2,83.8:43.0,49.1/-1.0,-1.0:-1.0,-1.0 Yxy=-1.0,-1.0:-1.0,-1.0/-1.0,-1.0:-1.0,-1.0 farLxy=-1.0,-1.0:-1.0,-1.0/-1.0,-1.0:-1.0,-1.0 best=14:57.2,83.8:43.0,49.1:96.0:11111/43:112.6,17.0:90.2,19.4:3.5:10111 seed_src=lpt/none seed=0.0,0.0/0.0,0.0 far_start=70,0 far_raw=0/0 far_num=0/0 straight=0/1 far_straight=0/0 conf_deg=96.0/3.5/0.0/0.0
CrossDiag: type=CROSS_NONE track=1 half_lr=0/0 nearL=1@14/0@-1 nearNum=28/124 centerNum=28/124 farL=0@-1/0@-1 farNum=0/0 farRaw=0/0 lost=0/0 not_have=0 final=124/126 flags=0/0
LineErr: aim=41 cxcy=84.0,119.6 left=1:3.75@79,73 dx=-4.5 idx=0/12 dist=43/105 right=1:1.62@82,74 dx=-1.9 idx=0/18 dist=41/251 sel=1:1.63@82,74 dx=-2.0 idx=0/20 dist=40/250 edge=1:7.01@76.0,77.5 dx=-8.0 width=65.7 l=44,85 r=108,70
CxScan: raw_ref=80.0 edge=76.0,77.5 best_raw_x=60 best_err=0.31 best_cxcy=76.4,119.5 scan=0:-19.2,10:-16.2,20:-13.0,30:-9.7,40:-6.4,50:-3.1,60:0.3,70:3.7,80:7.0,90:10.3,100:13.5,110:16.6,120:19.7,130:22.6,140:25.3
ATGSeedDiag: seed=1@15,108/1@134,108 begin=7,108 block=5 clip=8
ATGLptDiag: best=14(96.0) imip=4/24 pass=11111 acc=14 ipm=57.2,83.8 inv=43.0,49.1 | 43(3.5) imip=33/53 pass=10111 acc=-1 ipm=112.6,17.0 inv=90.2,19.4
ATGCircleBeginDiag: side=L reason=state rpts0=28 Lpt0=1 none_left=0 have_left=0 dist=0 begin_dist=563 enter_dist=0 enter_gyro=0
frame=75 line=1 track=1 cross=0 circle=1(CIRCLE_LEFT_BEGIN) round=0 yroad=0 ramp=0 road=6 speed=0 near=28/124 raw=99/105 sel=124/125 far=0/0 far_raw=0/0 l=1@14/0@-1 far_l=0@-1/0@-1 straight=0/1 far_straight=0/0 circle_cnt=0/0/0/0 lost=0/0 conf=92.4/4.2/0.0/0.0 dist=0 begin=574/0 m0=(84,119) ml=(81,79) md=40/1/125 cxcy=84.0,119.6 guide=2.33 atg=0.0/0.0/0.0 pure=0.17/-0.13 yaw=-186 cmd=-417 actual=-71 signed=1 rps=4371/3229:4208/3815 duty=11/9 pwm=PWM2:11/PWM1:9 motor=2:11/1:9
ATGCorner: L=1@14/0@-1 Y=0@-1/0@-1 farL=0@-1/0@-1 Lxy=56.8,84.1:42.4,49.4/-1.0,-1.0:-1.0,-1.0 Yxy=-1.0,-1.0:-1.0,-1.0/-1.0,-1.0:-1.0,-1.0 farLxy=-1.0,-1.0:-1.0,-1.0/-1.0,-1.0:-1.0,-1.0 best=14:56.8,84.1:42.4,49.4:92.4:11111/44:112.2,14.7:89.6,18.9:4.2:10111 seed_src=lpt/none seed=0.0,0.0/0.0,0.0 far_start=70,0 far_raw=0/0 far_num=0/0 straight=0/1 far_straight=0/0 conf_deg=92.4/4.2/0.0/0.0
CrossDiag: type=CROSS_NONE track=1 half_lr=0/0 nearL=1@14/0@-1 nearNum=28/124 centerNum=28/124 farL=0@-1/0@-1 farNum=0/0 farRaw=0/0 lost=0/0 not_have=0 final=124/125 flags=0/0
LineErr: aim=41 cxcy=84.0,119.6 left=1:2.81@81,77 dx=-3.2 idx=0/11 dist=39/104 right=1:2.15@82,76 dx=-2.5 idx=0/17 dist=40/252 sel=1:2.02@82,74 dx=-2.4 idx=0/20 dist=40/248 edge=1:7.50@75.5,78.0 dx=-8.5 width=66.9 l=43,86 r=108,70
CxScan: raw_ref=80.0 edge=75.5,78.0 best_raw_x=60 best_err=0.76 best_cxcy=76.4,119.5 scan=0:-19.0,10:-15.9,20:-12.7,30:-9.4,40:-6.0,50:-2.6,60:0.8,70:4.1,80:7.5,90:10.8,100:14.0,110:17.2,120:20.2,130:23.1,140:25.9
ATGSeedDiag: seed=1@15,108/1@134,108 begin=7,108 block=5 clip=8
ATGLptDiag: best=14(92.4) imip=4/24 pass=11111 acc=14 ipm=56.8,84.1 inv=42.4,49.4 | 44(4.2) imip=34/54 pass=10111 acc=-1 ipm=112.2,14.7 inv=89.6,18.9
ATGCircleBeginDiag: side=L reason=state rpts0=28 Lpt0=1 none_left=0 have_left=0 dist=0 begin_dist=574 enter_dist=0 enter_gyro=0
frame=76 line=1 track=1 cross=0 circle=1(CIRCLE_LEFT_BEGIN) round=0 yroad=0 ramp=0 road=6 speed=0 near=28/124 raw=99/105 sel=124/126 far=0/0 far_raw=0/0 l=1@14/0@-1 far_l=0@-1/0@-1 straight=0/1 far_straight=0/0 circle_cnt=0/0/0/0 lost=0/0 conf=93.8/3.7/0.0/0.0 dist=0 begin=586/0 m0=(84,119) ml=(82,79) md=40/1/127 cxcy=84.0,119.6 guide=1.81 atg=0.0/0.0/0.0 pure=0.14/-0.16 yaw=-145 cmd=-325 actual=-55 signed=1 rps=4245/3355:4378/4105 duty=10/9 pwm=PWM2:10/PWM1:9 motor=2:10/1:9
ATGCorner: L=1@14/0@-1 Y=0@-1/0@-1 farL=0@-1/0@-1 Lxy=56.6,84.2:42.3,49.4/-1.0,-1.0:-1.0,-1.0 Yxy=-1.0,-1.0:-1.0,-1.0/-1.0,-1.0:-1.0,-1.0 farLxy=-1.0,-1.0:-1.0,-1.0/-1.0,-1.0:-1.0,-1.0 best=14:56.6,84.2:42.3,49.4:93.8:11111/42:112.6,19.3:90.5,19.9:3.7:10111 seed_src=lpt/none seed=0.0,0.0/0.0,0.0 far_start=70,0 far_raw=0/0 far_num=0/0 straight=0/1 far_straight=0/0 conf_deg=93.8/3.7/0.0/0.0
CrossDiag: type=CROSS_NONE track=1 half_lr=0/0 nearL=1@14/0@-1 nearNum=28/124 centerNum=28/124 farL=0@-1/0@-1 farNum=0/0 farRaw=0/0 lost=0/0 not_have=0 final=124/126 flags=0/0
LineErr: aim=41 cxcy=84.0,119.6 left=1:2.86@81,77 dx=-3.3 idx=0/11 dist=39/103 right=1:1.61@82,74 dx=-1.9 idx=0/18 dist=41/251 sel=1:1.63@82,74 dx=-2.0 idx=0/20 dist=40/250 edge=1:7.50@75.5,78.0 dx=-8.5 width=66.9 l=43,86 r=108,70
CxScan: raw_ref=80.0 edge=75.5,78.0 best_raw_x=60 best_err=0.76 best_cxcy=76.4,119.5 scan=0:-19.0,10:-15.9,20:-12.7,30:-9.4,40:-6.0,50:-2.6,60:0.8,70:4.1,80:7.5,90:10.8,100:14.0,110:17.2,120:20.2,130:23.1,140:25.9
ATGSeedDiag: seed=1@15,108/1@134,108 begin=7,108 block=5 clip=8
ATGLptDiag: best=14(93.8) imip=4/24 pass=11111 acc=14 ipm=56.6,84.2 inv=42.3,49.4 | 42(3.7) imip=32/52 pass=10111 acc=-1 ipm=112.6,19.3 inv=90.5,19.9
ATGCircleBeginDiag: side=L reason=state rpts0=28 Lpt0=1 none_left=0 have_left=0 dist=0 begin_dist=586 enter_dist=0 enter_gyro=0
frame=77 line=1 track=1 cross=0 circle=1(CIRCLE_LEFT_BEGIN) round=0 yroad=0 ramp=0 road=6 speed=0 near=28/124 raw=99/105 sel=124/126 far=0/0 far_raw=0/0 l=1@14/0@-1 far_l=0@-1/0@-1 straight=0/1 far_straight=0/0 circle_cnt=0/0/0/0 lost=0/0 conf=93.4/4.5/0.0/0.0 dist=0 begin=598/0 m0=(84,119) ml=(82,79) md=40/1/127 cxcy=84.0,119.6 guide=1.68 atg=0.0/0.0/0.0 pure=0.06/-0.26 yaw=-135 cmd=-302 actual=-51 signed=1 rps=4213/3387:4432/4311 duty=10/9 pwm=PWM2:10/PWM1:9 motor=2:10/1:9
ATGCorner: L=1@14/0@-1 Y=0@-1/0@-1 farL=0@-1/0@-1 Lxy=56.5,84.0:42.1,49.2/-1.0,-1.0:-1.0,-1.0 Yxy=-1.0,-1.0:-1.0,-1.0/-1.0,-1.0:-1.0,-1.0 farLxy=-1.0,-1.0:-1.0,-1.0/-1.0,-1.0:-1.0,-1.0 best=14:56.5,84.0:42.1,49.2:93.4:11111/44:114.1,14.8:90.7,19.0:4.5:10111 seed_src=lpt/none seed=0.0,0.0/0.0,0.0 far_start=70,0 far_raw=0/0 far_num=0/0 straight=0/1 far_straight=0/0 conf_deg=93.4/4.5/0.0/0.0
CrossDiag: type=CROSS_NONE track=1 half_lr=0/0 nearL=1@14/0@-1 nearNum=28/124 centerNum=28/124 farL=0@-1/0@-1 farNum=0/0 farRaw=0/0 lost=0/0 not_have=0 final=124/126 flags=0/0
LineErr: aim=41 cxcy=84.0,119.6 left=1:3.16@80,78 dx=-3.6 idx=0/11 dist=39/104 right=1:1.39@82,73 dx=-1.7 idx=0/18 dist=41/251 sel=1:1.41@82,74 dx=-1.7 idx=0/20 dist=40/250 edge=1:7.01@76.0,77.5 dx=-8.0 width=67.7 l=43,85 r=109,70
CxScan: raw_ref=80.0 edge=76.0,77.5 best_raw_x=60 best_err=0.31 best_cxcy=76.4,119.5 scan=0:-19.2,10:-16.2,20:-13.0,30:-9.7,40:-6.4,50:-3.1,60:0.3,70:3.7,80:7.0,90:10.3,100:13.5,110:16.6,120:19.7,130:22.6,140:25.3
ATGSeedDiag: seed=1@14,108/1@134,108 begin=7,108 block=5 clip=8
ATGLptDiag: best=14(93.4) imip=4/24 pass=11111 acc=14 ipm=56.5,84.0 inv=42.1,49.2 | 44(4.5) imip=34/54 pass=10111 acc=-1 ipm=114.1,14.8 inv=90.7,19.0
ATGCircleBeginDiag: side=L reason=state rpts0=27 Lpt0=1 none_left=0 have_left=0 dist=0 begin_dist=598 enter_dist=0 enter_gyro=0
frame=78 line=1 track=1 cross=0 circle=1(CIRCLE_LEFT_BEGIN) round=0 yroad=0 ramp=0 road=6 speed=0 near=27/124 raw=99/105 sel=124/126 far=0/0 far_raw=0/0 l=1@14/0@-1 far_l=0@-1/0@-1 straight=0/1 far_straight=0/0 circle_cnt=0/0/0/0 lost=0/0 conf=93.0/7.2/0.0/0.0 dist=0 begin=610/0 m0=(84,119) ml=(82,78) md=41/1/128 cxcy=84.0,119.6 guide=1.55 atg=0.0/0.0/0.0 pure=-0.05/-0.32 yaw=-124 cmd=-265 actual=-53 signed=1 rps=4163/3437:4318/4285 duty=10/9 pwm=PWM2:10/PWM1:9 motor=2:10/1:9
ATGCorner: L=1@14/0@-1 Y=0@-1/0@-1 farL=0@-1/0@-1 Lxy=56.3,83.9:42.0,49.1/-1.0,-1.0:-1.0,-1.0 Yxy=-1.0,-1.0:-1.0,-1.0/-1.0,-1.0:-1.0,-1.0 farLxy=-1.0,-1.0:-1.0,-1.0/-1.0,-1.0:-1.0,-1.0 best=14:56.3,83.9:42.0,49.1:93.0:11111/1:107.2,114.2:129.8,98.0:7.2:10111 seed_src=lpt/none seed=0.0,0.0/0.0,0.0 far_start=70,0 far_raw=0/0 far_num=0/0 straight=0/1 far_straight=0/0 conf_deg=93.0/7.2/0.0/0.0
CrossDiag: type=CROSS_NONE track=1 half_lr=0/0 nearL=1@14/0@-1 nearNum=27/124 centerNum=27/124 farL=0@-1/0@-1 farNum=0/0 farRaw=0/0 lost=0/0 not_have=0 final=124/126 flags=0/0
LineErr: aim=41 cxcy=84.0,119.6 left=1:3.34@80,78 dx=-3.8 idx=0/11 dist=39/103 right=1:1.12@83,73 dx=-1.4 idx=0/18 dist=41/251 sel=1:1.17@83,74 dx=-1.4 idx=0/20 dist=40/250 edge=1:7.01@76.0,77.5 dx=-8.0 width=67.7 l=43,85 r=109,70
CxScan: raw_ref=80.0 edge=76.0,77.5 best_raw_x=60 best_err=0.31 best_cxcy=76.4,119.5 scan=0:-19.2,10:-16.2,20:-13.0,30:-9.7,40:-6.4,50:-3.1,60:0.3,70:3.7,80:7.0,90:10.3,100:13.5,110:16.6,120:19.7,130:22.6,140:25.3
ATGSeedDiag: seed=1@14,108/1@134,108 begin=7,108 block=5 clip=8
ATGLptDiag: best=14(93.0) imip=4/24 pass=11111 acc=14 ipm=56.3,83.9 inv=42.0,49.1 | 1(7.2) imip=0/11 pass=10111 acc=-1 ipm=107.2,114.2 inv=129.8,98.0
ATGCircleBeginDiag: side=L reason=state rpts0=27 Lpt0=1 none_left=0 have_left=0 dist=0 begin_dist=610 enter_dist=0 enter_gyro=0
frame=79 line=1 track=1 cross=0 circle=1(CIRCLE_LEFT_BEGIN) round=0 yroad=0 ramp=0 road=6 speed=0 near=27/124 raw=98/105 sel=124/126 far=0/0 far_raw=0/0 l=1@14/0@-1 far_l=0@-1/0@-1 straight=0/1 far_straight=0/0 circle_cnt=0/0/0/0 lost=0/0 conf=90.6/5.8/0.0/0.0 dist=0 begin=622/0 m0=(84,119) ml=(83,78) md=41/1/128 cxcy=84.0,119.6 guide=1.04 atg=0.0/0.0/0.0 pure=-0.05/-0.32 yaw=-83 cmd=-160 actual=-45 signed=1 rps=4020/3580:4433/4492 duty=9/9 pwm=PWM2:9/PWM1:9 motor=2:9/1:9
ATGCorner: L=1@14/0@-1 Y=0@-1/0@-1 farL=0@-1/0@-1 Lxy=55.8,84.1:41.3,49.4/-1.0,-1.0:-1.0,-1.0 Yxy=-1.0,-1.0:-1.0,-1.0/-1.0,-1.0:-1.0,-1.0 farLxy=-1.0,-1.0:-1.0,-1.0/-1.0,-1.0:-1.0,-1.0 best=14:55.8,84.1:41.3,49.4:90.6:11111/1:107.2,114.2:129.7,98.0:5.8:10111 seed_src=lpt/none seed=0.0,0.0/0.0,0.0 far_start=70,0 far_raw=0/0 far_num=0/0 straight=0/1 far_straight=0/0 conf_deg=90.6/5.8/0.0/0.0
CrossDiag: type=CROSS_NONE track=1 half_lr=0/0 nearL=1@14/0@-1 nearNum=27/124 centerNum=27/124 farL=0@-1/0@-1 farNum=0/0 farRaw=0/0 lost=0/0 not_have=0 final=124/126 flags=0/0
LineErr: aim=41 cxcy=84.0,119.6 left=1:3.63@80,77 dx=-4.2 idx=0/11 dist=39/101 right=1:0.80@83,73 dx=-1.0 idx=0/18 dist=41/251 sel=1:0.83@83,74 dx=-1.0 idx=0/20 dist=40/250 edge=1:7.50@75.5,78.0 dx=-8.5 width=68.9 l=42,86 r=109,70
CxScan: raw_ref=80.0 edge=75.5,78.0 best_raw_x=60 best_err=0.76 best_cxcy=76.4,119.5 scan=0:-19.0,10:-15.9,20:-12.7,30:-9.4,40:-6.0,50:-2.6,60:0.8,70:4.1,80:7.5,90:10.8,100:14.0,110:17.2,120:20.2,130:23.1,140:25.9
ATGSeedDiag: seed=1@14,108/1@134,108 begin=7,108 block=5 clip=8
ATGLptDiag: best=14(90.6) imip=4/24 pass=11111 acc=14 ipm=55.8,84.1 inv=41.3,49.4 | 1(5.8) imip=0/11 pass=10111 acc=-1 ipm=107.2,114.2 inv=129.7,98.0
ATGCircleBeginDiag: side=L reason=state rpts0=26 Lpt0=1 none_left=0 have_left=0 dist=0 begin_dist=622 enter_dist=0 enter_gyro=0
frame=80 line=1 track=1 cross=0 circle=1(CIRCLE_LEFT_BEGIN) round=0 yroad=0 ramp=0 road=6 speed=0 near=26/124 raw=98/104 sel=124/126 far=0/0 far_raw=0/0 l=1@13/0@-1 far_l=0@-1/0@-1 straight=0/1 far_straight=0/0 circle_cnt=0/0/0/0 lost=0/0 conf=93.0/4.1/0.0/0.0 dist=0 begin=634/0 m0=(84,119) ml=(82,78) md=41/1/129 cxcy=84.0,119.6 guide=1.42 atg=0.0/0.0/0.0 pure=-0.02/-0.29 yaw=-114 cmd=-267 actual=-37 signed=1 rps=4166/3434:4197/4254 duty=10/9 pwm=PWM2:10/PWM1:9 motor=2:10/1:9
ATGCorner: L=1@13/0@-1 Y=0@-1/0@-1 farL=0@-1/0@-1 Lxy=57.4,86.0:42.3,51.1/-1.0,-1.0:-1.0,-1.0 Yxy=-1.0,-1.0:-1.0,-1.0/-1.0,-1.0:-1.0,-1.0 farLxy=-1.0,-1.0:-1.0,-1.0/-1.0,-1.0:-1.0,-1.0 best=13:57.4,86.0:42.3,51.1:93.0:11111/44:114.8,14.5:91.1,18.9:4.1:10111 seed_src=lpt/none seed=0.0,0.0/0.0,0.0 far_start=70,0 far_raw=0/0 far_num=0/0 straight=0/1 far_straight=0/0 conf_deg=93.0/4.1/0.0/0.0
CrossDiag: type=CROSS_NONE track=1 half_lr=0/0 nearL=1@13/0@-1 nearNum=26/124 centerNum=26/124 farL=0@-1/0@-1 farNum=0/0 farRaw=0/0 lost=0/0 not_have=0 final=124/126 flags=0/0
LineErr: aim=41 cxcy=84.0,119.6 left=1:4.01@79,76 dx=-4.7 idx=0/11 dist=40/102 right=1:1.22@83,75 dx=-1.4 idx=0/17 dist=40/253 sel=1:1.02@83,74 dx=-1.2 idx=0/20 dist=40/250 edge=1:7.56@75.5,78.5 dx=-8.5 width=69.1 l=42,87 r=109,70
CxScan: raw_ref=80.0 edge=75.5,78.5 best_raw_x=60 best_err=0.76 best_cxcy=76.4,119.5 scan=0:-19.1,10:-16.0,20:-12.8,30:-9.4,40:-6.1,50:-2.7,60:0.8,70:4.2,80:7.6,90:10.9,100:14.1,110:17.3,120:20.3,130:23.3,140:26.0
ATGSeedDiag: seed=1@15,108/1@134,107 begin=7,108 block=5 clip=8
ATGLptDiag: best=13(93.0) imip=3/23 pass=11111 acc=13 ipm=57.4,86.0 inv=42.3,51.1 | 44(4.1) imip=34/54 pass=10111 acc=-1 ipm=114.8,14.5 inv=91.1,18.9
ATGCircleBeginDiag: side=L reason=state rpts0=26 Lpt0=1 none_left=0 have_left=0 dist=0 begin_dist=634 enter_dist=0 enter_gyro=0
frame=81 line=1 track=1 cross=0 circle=1(CIRCLE_LEFT_BEGIN) round=0 yroad=0 ramp=0 road=6 speed=0 near=26/124 raw=97/105 sel=124/125 far=0/0 far_raw=0/0 l=1@13/0@-1 far_l=0@-1/0@-1 straight=0/1 far_straight=0/0 circle_cnt=0/0/0/0 lost=0/0 conf=95.3/6.5/0.0/0.0 dist=0 begin=646/0 m0=(84,119) ml=(82,78) md=41/1/126 cxcy=84.0,119.6 guide=1.55 atg=0.0/0.0/0.0 pure=0.00/-0.27 yaw=-124 cmd=-324 actual=-24 signed=1 rps=4244/3356:4235/4385 duty=10/9 pwm=PWM2:10/PWM1:9 motor=2:10/1:9
ATGCorner: L=1@13/0@-1 Y=0@-1/0@-1 farL=0@-1/0@-1 Lxy=57.1,86.2:42.0,51.2/-1.0,-1.0:-1.0,-1.0 Yxy=-1.0,-1.0:-1.0,-1.0/-1.0,-1.0:-1.0,-1.0 farLxy=-1.0,-1.0:-1.0,-1.0/-1.0,-1.0:-1.0,-1.0 best=13:57.1,86.2:42.0,51.2:95.3:11111/1:107.2,114.2:129.7,98.0:6.5:10111 seed_src=lpt/none seed=0.0,0.0/0.0,0.0 far_start=70,0 far_raw=0/0 far_num=0/0 straight=0/1 far_straight=0/0 conf_deg=95.3/6.5/0.0/0.0
CrossDiag: type=CROSS_NONE track=1 half_lr=0/0 nearL=1@13/0@-1 nearNum=26/124 centerNum=26/124 farL=0@-1/0@-1 farNum=0/0 farRaw=0/0 lost=0/0 not_have=0 final=124/125 flags=0/0
LineErr: aim=41 cxcy=84.0,119.6 left=1:4.13@79,75 dx=-4.9 idx=0/11 dist=40/98 right=1:1.20@83,73 dx=-1.5 idx=0/18 dist=41/251 sel=1:1.23@83,74 dx=-1.5 idx=0/20 dist=40/248 edge=1:8.06@75.0,79.0 dx=-9.0 width=70.3 l=41,88 r=109,70
CxScan: raw_ref=80.0 edge=75.0,79.0 best_raw_x=55 best_err=-0.51 best_cxcy=74.4,119.5 scan=0:-18.9,10:-15.7,20:-12.4,30:-9.1,40:-5.7,50:-2.2,60:1.2,70:4.7,80:8.1,90:11.4,100:14.7,110:17.8,120:20.9,130:23.8,140:26.6
ATGSeedDiag: seed=1@15,108/1@134,108 begin=7,108 block=5 clip=8
ATGLptDiag: best=13(95.3) imip=3/23 pass=11111 acc=13 ipm=57.1,86.2 inv=42.0,51.2 | 1(6.5) imip=0/11 pass=10111 acc=-1 ipm=107.2,114.2 inv=129.7,98.0
ATGCircleBeginDiag: side=L reason=state rpts0=25 Lpt0=1 none_left=0 have_left=0 dist=0 begin_dist=646 enter_dist=0 enter_gyro=0
frame=82 line=1 track=1 cross=0 circle=1(CIRCLE_LEFT_BEGIN) round=0 yroad=0 ramp=0 road=6 speed=0 near=25/124 raw=96/105 sel=124/126 far=0/0 far_raw=0/0 l=1@13/0@-1 far_l=0@-1/0@-1 straight=0/1 far_straight=0/0 circle_cnt=0/0/0/0 lost=0/0 conf=92.4/4.0/0.0/0.0 dist=0 begin=657/0 m0=(84,119) ml=(82,79) md=40/1/127 cxcy=84.0,119.6 guide=1.81 atg=0.0/0.0/0.0 pure=0.10/-0.17 yaw=-145 cmd=-405 actual=-15 signed=1 rps=4355/3245:3962/4227 duty=11/8 pwm=PWM2:11/PWM1:8 motor=2:11/1:8
ATGCorner: L=1@13/0@-1 Y=0@-1/0@-1 farL=0@-1/0@-1 Lxy=56.6,86.7:41.0,51.7/-1.0,-1.0:-1.0,-1.0 Yxy=-1.0,-1.0:-1.0,-1.0/-1.0,-1.0:-1.0,-1.0 farLxy=-1.0,-1.0:-1.0,-1.0/-1.0,-1.0:-1.0,-1.0 best=13:56.6,86.7:41.0,51.7:92.4:11111/1:107.0,114.2:129.3,98.0:4.0:10111 seed_src=lpt/none seed=0.0,0.0/0.0,0.0 far_start=70,0 far_raw=0/0 far_num=0/0 straight=0/1 far_straight=0/0 conf_deg=92.4/4.0/0.0/0.0
CrossDiag: type=CROSS_NONE track=1 half_lr=0/0 nearL=1@13/0@-1 nearNum=25/124 centerNum=25/124 farL=0@-1/0@-1 farNum=0/0 farRaw=0/0 lost=0/0 not_have=0 final=124/126 flags=0/0
LineErr: aim=41 cxcy=84.0,119.6 left=1:4.33@79,75 dx=-5.2 idx=0/11 dist=42/98 right=1:1.61@82,74 dx=-1.9 idx=0/18 dist=41/251 sel=1:1.63@82,74 dx=-2.0 idx=0/20 dist=40/250 edge=1:8.63@74.5,80.0 dx=-9.5 width=69.9 l=41,90 r=108,70
CxScan: raw_ref=80.0 edge=74.5,80.0 best_raw_x=55 best_err=-0.06 best_cxcy=74.4,119.5 scan=0:-18.7,10:-15.5,20:-12.2,30:-8.8,40:-5.3,50:-1.8,60:1.7,70:5.2,80:8.6,90:12.0,100:15.3,110:18.5,120:21.6,130:24.5,140:27.3
ATGSeedDiag: seed=1@15,108/1@134,108 begin=7,108 block=5 clip=8
ATGLptDiag: best=13(92.4) imip=3/23 pass=11111 acc=13 ipm=56.6,86.7 inv=41.0,51.7 | 1(4.0) imip=0/11 pass=10111 acc=-1 ipm=107.0,114.2 inv=129.3,98.0
ATGCircleBeginDiag: side=L reason=state rpts0=25 Lpt0=1 none_left=0 have_left=0 dist=0 begin_dist=657 enter_dist=0 enter_gyro=0
frame=83 line=1 track=1 cross=0 circle=1(CIRCLE_LEFT_BEGIN) round=0 yroad=0 ramp=0 road=6 speed=0 near=25/124 raw=94/105 sel=124/125 far=0/0 far_raw=0/0 l=1@12/0@-1 far_l=0@-1/0@-1 straight=0/1 far_straight=0/0 circle_cnt=0/0/0/0 lost=0/0 conf=95.9/3.8/0.0/0.0 dist=0 begin=668/0 m0=(84,119) ml=(82,79) md=40/1/125 cxcy=84.0,119.6 guide=1.81 atg=0.0/0.0/0.0 pure=0.14/-0.13 yaw=-145 cmd=-404 actual=-16 signed=1 rps=4353/3247:4010/4433 duty=11/8 pwm=PWM2:11/PWM1:8 motor=2:11/1:8
ATGCorner: L=1@12/0@-1 Y=0@-1/0@-1 farL=0@-1/0@-1 Lxy=57.5,88.4:41.3,53.5/-1.0,-1.0:-1.0,-1.0 Yxy=-1.0,-1.0:-1.0,-1.0/-1.0,-1.0:-1.0,-1.0 farLxy=-1.0,-1.0:-1.0,-1.0/-1.0,-1.0:-1.0,-1.0 best=12:57.5,88.4:41.3,53.5:95.9:11111/39:112.1,26.3:91.2,21.6:3.8:10111 seed_src=lpt/none seed=0.0,0.0/0.0,0.0 far_start=70,0 far_raw=0/0 far_num=0/0 straight=0/1 far_straight=0/0 conf_deg=95.9/3.8/0.0/0.0
CrossDiag: type=CROSS_NONE track=1 half_lr=0/0 nearL=1@12/0@-1 nearNum=25/124 centerNum=25/124 farL=0@-1/0@-1 farNum=0/0 farRaw=0/0 lost=0/0 not_have=0 final=124/125 flags=0/0
LineErr: aim=41 cxcy=84.0,119.6 left=1:4.97@78,74 dx=-6.0 idx=0/11 dist=42/96 right=1:1.88@82,74 dx=-2.3 idx=0/18 dist=41/253 sel=1:1.89@82,74 dx=-2.3 idx=0/20 dist=40/248 edge=1:9.08@74.0,80.0 dx=-10.0 width=70.9 l=40,90 r=108,70
CxScan: raw_ref=80.0 edge=74.0,80.0 best_raw_x=55 best_err=0.40 best_cxcy=74.4,119.5 scan=0:-18.3,10:-15.1,20:-11.7,30:-8.3,40:-4.9,50:-1.4,60:2.2,70:5.6,80:9.1,90:12.4,100:15.7,110:18.9,120:22.0,130:24.9,140:27.7
ATGSeedDiag: seed=1@15,108/1@134,108 begin=7,108 block=5 clip=8
ATGLptDiag: best=12(95.9) imip=2/22 pass=11111 acc=12 ipm=57.5,88.4 inv=41.3,53.5 | 39(3.8) imip=29/49 pass=10111 acc=-1 ipm=112.1,26.3 inv=91.2,21.6
ATGCircleBeginDiag: side=L reason=state rpts0=24 Lpt0=1 none_left=0 have_left=0 dist=0 begin_dist=668 enter_dist=0 enter_gyro=0
ATGCircleBeginDiag: side=L reason=state rpts0=24 Lpt0=1 none_left=0 have_left=0 dist=0 begin_dist=679 enter_dist=0 enter_gyro=0
frame=85 line=1 track=1 cross=0 circle=1(CIRCLE_LEFT_BEGIN) round=0 yroad=0 ramp=0 road=6 speed=0 near=24/124 raw=94/105 sel=124/126 far=0/0 far_raw=0/0 l=1@12/0@-1 far_l=0@-1/0@-1 straight=0/1 far_straight=0/0 circle_cnt=0/0/0/0 lost=0/0 conf=95.0/4.0/0.0/0.0 dist=0 begin=690/0 m0=(84,119) ml=(82,79) md=40/1/128 cxcy=84.0,119.6 guide=1.81 atg=0.0/0.0/0.0 pure=0.12/-0.14 yaw=-145 cmd=-442 actual=4 signed=1 rps=4406/3194:4002/4189 duty=11/8 pwm=PWM2:11/PWM1:8 motor=2:11/1:8
ATGCorner: L=1@12/0@-1 Y=0@-1/0@-1 farL=0@-1/0@-1 Lxy=57.4,88.4:41.2,53.4/-1.0,-1.0:-1.0,-1.0 Yxy=-1.0,-1.0:-1.0,-1.0/-1.0,-1.0:-1.0,-1.0 farLxy=-1.0,-1.0:-1.0,-1.0/-1.0,-1.0:-1.0,-1.0 best=12:57.4,88.4:41.2,53.4:95.0:11111/40:112.5,24.0:91.1,21.0:4.0:10111 seed_src=lpt/none seed=0.0,0.0/0.0,0.0 far_start=70,0 far_raw=0/0 far_num=0/0 straight=0/1 far_straight=0/0 conf_deg=95.0/4.0/0.0/0.0
CrossDiag: type=CROSS_NONE track=1 half_lr=0/0 nearL=1@12/0@-1 nearNum=24/124 centerNum=24/124 farL=0@-1/0@-1 farNum=0/0 farRaw=0/0 lost=0/0 not_have=0 final=124/126 flags=0/0
LineErr: aim=41 cxcy=84.0,119.6 left=1:5.36@78,73 dx=-6.5 idx=0/11 dist=42/95 right=1:1.60@82,74 dx=-1.9 idx=0/18 dist=41/251 sel=1:1.63@82,74 dx=-2.0 idx=0/20 dist=40/250 edge=1:9.60@73.5,80.5 dx=-10.5 width=72.1 l=39,91 r=108,70
CxScan: raw_ref=80.0 edge=73.5,80.5 best_raw_x=55 best_err=0.86 best_cxcy=74.4,119.5 scan=0:-18.0,10:-14.8,20:-11.4,30:-7.9,40:-4.4,50:-0.9,60:2.6,70:6.1,80:9.6,90:13.0,100:16.3,110:19.5,120:22.5,130:25.4,140:28.2
ATGSeedDiag: seed=1@15,108/1@134,108 begin=7,108 block=5 clip=8
ATGLptDiag: best=12(95.0) imip=2/22 pass=11111 acc=12 ipm=57.4,88.4 inv=41.2,53.4 | 40(4.0) imip=30/50 pass=10111 acc=-1 ipm=112.5,24.0 inv=91.1,21.0
ATGCircleBeginDiag: side=L reason=state rpts0=24 Lpt0=1 none_left=0 have_left=0 dist=0 begin_dist=690 enter_dist=0 enter_gyro=0
frame=86 line=1 track=1 cross=0 circle=1(CIRCLE_LEFT_BEGIN) round=0 yroad=0 ramp=0 road=6 speed=0 near=24/124 raw=92/105 sel=124/126 far=0/0 far_raw=0/0 l=1@12/0@-1 far_l=0@-1/0@-1 straight=0/1 far_straight=0/0 circle_cnt=0/0/0/0 lost=0/0 conf=94.4/3.9/0.0/0.0 dist=0 begin=701/0 m0=(84,119) ml=(82,79) md=40/1/128 cxcy=84.0,119.6 guide=1.81 atg=0.0/0.0/0.0 pure=0.07/-0.20 yaw=-145 cmd=-432 actual=-2 signed=1 rps=4392/3208:4022/3925 duty=11/9 pwm=PWM2:11/PWM1:9 motor=2:11/1:9
ATGCorner: L=1@12/0@-1 Y=0@-1/0@-1 farL=0@-1/0@-1 Lxy=56.3,88.6:39.7,53.7/-1.0,-1.0:-1.0,-1.0 Yxy=-1.0,-1.0:-1.0,-1.0/-1.0,-1.0:-1.0,-1.0 farLxy=-1.0,-1.0:-1.0,-1.0/-1.0,-1.0:-1.0,-1.0 best=12:56.3,88.6:39.7,53.7:94.4:11111/42:113.3,19.4:90.9,20.0:3.9:10111 seed_src=lpt/none seed=0.0,0.0/0.0,0.0 far_start=70,0 far_raw=0/0 far_num=0/0 straight=0/1 far_straight=0/0 conf_deg=94.4/3.9/0.0/0.0
CrossDiag: type=CROSS_NONE track=1 half_lr=0/0 nearL=1@12/0@-1 nearNum=24/124 centerNum=24/124 farL=0@-1/0@-1 farNum=0/0 farRaw=0/0 lost=0/0 not_have=0 final=124/126 flags=0/0
LineErr: aim=41 cxcy=84.0,119.6 left=1:6.19@76,73 dx=-7.6 idx=0/11 dist=43/95 right=1:1.60@82,73 dx=-1.9 idx=0/18 dist=41/251 sel=1:1.62@82,74 dx=-2.0 idx=0/20 dist=40/250 edge=1:10.04@73.0,80.5 dx=-11.0 width=73.1 l=38,91 r=108,70
CxScan: raw_ref=80.0 edge=73.0,80.5 best_raw_x=50 best_err=-0.45 best_cxcy=72.5,119.5 scan=0:-17.6,10:-14.3,20:-11.0,30:-7.5,40:-4.0,50:-0.4,60:3.1,70:6.6,80:10.0,90:13.4,100:16.7,110:19.9,120:22.9,130:25.8,140:28.6
ATGSeedDiag: seed=1@14,108/1@134,108 begin=7,108 block=5 clip=8
ATGLptDiag: best=12(94.4) imip=2/22 pass=11111 acc=12 ipm=56.3,88.6 inv=39.7,53.7 | 42(3.9) imip=32/52 pass=10111 acc=-1 ipm=113.3,19.4 inv=90.9,20.0
ATGCircleBeginDiag: side=L reason=state rpts0=23 Lpt0=1 none_left=0 have_left=0 dist=0 begin_dist=701 enter_dist=0 enter_gyro=0
frame=87 line=1 track=1 cross=0 circle=1(CIRCLE_LEFT_BEGIN) round=0 yroad=0 ramp=0 road=6 speed=0 near=23/124 raw=92/105 sel=124/126 far=0/0 far_raw=0/0 l=1@12/0@-1 far_l=0@-1/0@-1 straight=0/1 far_straight=0/0 circle_cnt=0/0/0/0 lost=0/0 conf=94.3/6.3/0.0/0.0 dist=0 begin=712/0 m0=(84,119) ml=(82,78) md=41/1/127 cxcy=84.0,119.6 guide=1.55 atg=0.0/0.0/0.0 pure=0.02/-0.24 yaw=-124 cmd=-331 actual=-21 signed=1 rps=4253/3347:4346/3992 duty=10/9 pwm=PWM2:10/PWM1:9 motor=2:10/1:9
ATGCorner: L=1@12/0@-1 Y=0@-1/0@-1 farL=0@-1/0@-1 Lxy=56.2,88.8:39.4,53.8/-1.0,-1.0:-1.0,-1.0 Yxy=-1.0,-1.0:-1.0,-1.0/-1.0,-1.0:-1.0,-1.0 farLxy=-1.0,-1.0:-1.0,-1.0/-1.0,-1.0:-1.0,-1.0 best=12:56.2,88.8:39.4,53.8:94.3:11111/1:107.1,114.2:129.6,98.0:6.3:10111 seed_src=lpt/none seed=0.0,0.0/0.0,0.0 far_start=70,0 far_raw=0/0 far_num=0/0 straight=0/1 far_straight=0/0 conf_deg=94.3/6.3/0.0/0.0
CrossDiag: type=CROSS_NONE track=1 half_lr=0/0 nearL=1@12/0@-1 nearNum=23/124 centerNum=23/124 farL=0@-1/0@-1 farNum=0/0 farRaw=0/0 lost=0/0 not_have=0 final=124/126 flags=0/0
LineErr: aim=41 cxcy=84.0,119.6 left=1:4.85@78,77 dx=-5.6 idx=0/10 dist=39/94 right=1:1.20@83,73 dx=-1.5 idx=0/18 dist=41/252 sel=1:1.23@83,74 dx=-1.5 idx=0/20 dist=40/250 edge=1:9.67@73.5,81.0 dx=-10.5 width=74.3 l=38,92 r=109,70
CxScan: raw_ref=80.0 edge=73.5,81.0 best_raw_x=55 best_err=0.87 best_cxcy=74.4,119.5 scan=0:-18.2,10:-14.9,20:-11.5,30:-8.0,40:-4.5,50:-0.9,60:2.6,70:6.2,80:9.7,90:13.1,100:16.4,110:19.6,120:22.7,130:25.6,140:28.4
ATGSeedDiag: seed=1@15,108/1@134,108 begin=7,108 block=5 clip=8
ATGLptDiag: best=12(94.3) imip=2/22 pass=11111 acc=12 ipm=56.2,88.8 inv=39.4,53.8 | 1(6.3) imip=0/11 pass=10111 acc=-1 ipm=107.1,114.2 inv=129.6,98.0
ATGCircleBeginDiag: side=L reason=state rpts0=23 Lpt0=1 none_left=0 have_left=0 dist=0 begin_dist=712 enter_dist=0 enter_gyro=0
frame=88 line=1 track=1 cross=0 circle=1(CIRCLE_LEFT_BEGIN) round=0 yroad=0 ramp=0 road=6 speed=0 near=23/124 raw=91/105 sel=124/126 far=0/0 far_raw=0/0 l=1@11/0@-1 far_l=0@-1/0@-1 straight=0/1 far_straight=0/0 circle_cnt=0/0/0/0 lost=0/0 conf=92.3/3.2/0.0/0.0 dist=0 begin=724/0 m0=(84,119) ml=(82,78) md=41/1/130 cxcy=84.0,119.6 guide=1.55 atg=0.0/0.0/0.0 pure=0.02/-0.24 yaw=-124 cmd=-273 actual=-50 signed=1 rps=4174/3426:4614/4087 duty=9/9 pwm=PWM2:9/PWM1:9 motor=2:9/1:9
ATGCorner: L=1@11/0@-1 Y=0@-1/0@-1 farL=0@-1/0@-1 Lxy=57.5,90.7:40.3,55.8/-1.0,-1.0:-1.0,-1.0 Yxy=-1.0,-1.0:-1.0,-1.0/-1.0,-1.0:-1.0,-1.0 farLxy=-1.0,-1.0:-1.0,-1.0/-1.0,-1.0:-1.0,-1.0 best=11:57.5,90.7:40.3,55.8:92.3:11111/40:113.5,24.0:91.8,21.0:3.2:10111 seed_src=lpt/none seed=0.0,0.0/0.0,0.0 far_start=70,0 far_raw=0/0 far_num=0/0 straight=0/1 far_straight=0/0 conf_deg=92.3/3.2/0.0/0.0
CrossDiag: type=CROSS_NONE track=1 half_lr=0/0 nearL=1@11/0@-1 nearNum=23/124 centerNum=23/124 farL=0@-1/0@-1 farNum=0/0 farRaw=0/0 lost=0/0 not_have=0 final=124/126 flags=0/0
LineErr: aim=41 cxcy=84.0,119.6 left=1:5.26@78,76 dx=-6.1 idx=0/10 dist=41/95 right=1:1.21@83,73 dx=-1.5 idx=0/18 dist=41/251 sel=1:1.23@83,74 dx=-1.5 idx=0/20 dist=40/250 edge=1:10.12@73.0,81.0 dx=-11.0 width=75.3 l=37,92 r=109,70
CxScan: raw_ref=80.0 edge=73.0,81.0 best_raw_x=50 best_err=-0.45 best_cxcy=72.5,119.5 scan=0:-17.8,10:-14.4,20:-11.0,30:-7.6,40:-4.0,50:-0.5,60:3.1,70:6.6,80:10.1,90:13.5,100:16.8,110:20.0,120:23.1,130:26.0,140:28.8
ATGSeedDiag: seed=1@15,108/1@134,108 begin=7,108 block=5 clip=8
ATGLptDiag: best=11(92.3) imip=1/21 pass=11111 acc=11 ipm=57.5,90.7 inv=40.3,55.8 | 40(3.2) imip=30/50 pass=10111 acc=-1 ipm=113.5,24.0 inv=91.8,21.0
ATGCircleBeginDiag: side=L reason=state rpts0=22 Lpt0=1 none_left=0 have_left=0 dist=0 begin_dist=724 enter_dist=0 enter_gyro=0
frame=89 line=1 track=1 cross=0 circle=1(CIRCLE_LEFT_BEGIN) round=0 yroad=0 ramp=0 road=6 speed=0 near=22/124 raw=90/105 sel=124/125 far=0/0 far_raw=0/0 l=1@11/0@-1 far_l=0@-1/0@-1 straight=0/1 far_straight=0/0 circle_cnt=0/0/0/0 lost=0/0 conf=97.5/3.2/0.0/0.0 dist=0 begin=736/0 m0=(84,119) ml=(82,78) md=41/1/127 cxcy=84.0,119.6 guide=1.55 atg=0.0/0.0/0.0 pure=0.00/-0.24 yaw=-124 cmd=-228 actual=-72 signed=1 rps=4112/3488:4559/4010 duty=9/10 pwm=PWM2:9/PWM1:10 motor=2:9/1:10
ATGCorner: L=1@11/0@-1 Y=0@-1/0@-1 farL=0@-1/0@-1 Lxy=57.2,90.7:39.7,55.9/-1.0,-1.0:-1.0,-1.0 Yxy=-1.0,-1.0:-1.0,-1.0/-1.0,-1.0:-1.0,-1.0 farLxy=-1.0,-1.0:-1.0,-1.0/-1.0,-1.0:-1.0,-1.0 best=11:57.2,90.7:39.7,55.9:97.5:11111/40:113.5,24.0:91.8,21.0:3.2:10111 seed_src=lpt/none seed=0.0,0.0/0.0,0.0 far_start=70,0 far_raw=0/0 far_num=0/0 straight=0/1 far_straight=0/0 conf_deg=97.5/3.2/0.0/0.0
CrossDiag: type=CROSS_NONE track=1 half_lr=0/0 nearL=1@11/0@-1 nearNum=22/124 centerNum=22/124 farL=0@-1/0@-1 farNum=0/0 farRaw=0/0 lost=0/0 not_have=0 final=124/125 flags=0/0
LineErr: aim=41 cxcy=84.0,119.6 left=1:5.74@77,75 dx=-6.8 idx=0/10 dist=42/92 right=1:1.34@82,76 dx=-1.6 idx=0/17 dist=40/252 sel=1:1.23@83,74 dx=-1.5 idx=0/20 dist=40/248 edge=1:10.20@73.0,81.5 dx=-11.0 width=75.6 l=37,93 r=109,70
CxScan: raw_ref=80.0 edge=73.0,81.5 best_raw_x=50 best_err=-0.45 best_cxcy=72.5,119.5 scan=0:-17.9,10:-14.6,20:-11.1,30:-7.6,40:-4.0,50:-0.5,60:3.1,70:6.7,80:10.2,90:13.6,100:17.0,110:20.2,120:23.2,130:26.2,140:29.0
ATGSeedDiag: seed=1@15,108/1@135,108 begin=7,108 block=5 clip=8
ATGLptDiag: best=11(97.5) imip=1/21 pass=11111 acc=11 ipm=57.2,90.7 inv=39.7,55.9 | 40(3.2) imip=30/50 pass=10111 acc=-1 ipm=113.5,24.0 inv=91.8,21.0
ATGCircleBeginDiag: side=L reason=state rpts0=22 Lpt0=1 none_left=0 have_left=0 dist=0 begin_dist=736 enter_dist=0 enter_gyro=0
frame=90 line=1 track=1 cross=0 circle=1(CIRCLE_LEFT_BEGIN) round=0 yroad=0 ramp=0 road=6 speed=0 near=22/124 raw=90/104 sel=124/126 far=0/0 far_raw=0/0 l=1@11/0@-1 far_l=0@-1/0@-1 straight=0/1 far_straight=0/0 circle_cnt=0/0/0/0 lost=0/0 conf=99.2/4.0/0.0/0.0 dist=0 begin=749/0 m0=(84,119) ml=(82,78) md=41/1/127 cxcy=84.0,119.6 guide=1.55 atg=0.0/0.0/0.0 pure=0.02/-0.22 yaw=-124 cmd=-188 actual=-92 signed=1 rps=4058/3542:4766/4340 duty=9/9 pwm=PWM2:9/PWM1:9 motor=2:9/1:9
ATGCorner: L=1@11/0@-1 Y=0@-1/0@-1 farL=0@-1/0@-1 Lxy=57.3,90.8:39.8,56.0/-1.0,-1.0:-1.0,-1.0 Yxy=-1.0,-1.0:-1.0,-1.0/-1.0,-1.0:-1.0,-1.0 farLxy=-1.0,-1.0:-1.0,-1.0/-1.0,-1.0:-1.0,-1.0 best=11:57.3,90.8:39.8,56.0:99.2:11111/40:113.5,23.7:91.7,21.0:4.0:10111 seed_src=lpt/none seed=0.0,0.0/0.0,0.0 far_start=70,0 far_raw=0/0 far_num=0/0 straight=0/1 far_straight=0/0 conf_deg=99.2/4.0/0.0/0.0
CrossDiag: type=CROSS_NONE track=1 half_lr=0/0 nearL=1@11/0@-1 nearNum=22/124 centerNum=22/124 farL=0@-1/0@-1 farNum=0/0 farRaw=0/0 lost=0/0 not_have=0 final=124/126 flags=0/0
LineErr: aim=41 cxcy=84.0,119.6 left=1:5.03@78,79 dx=-5.6 idx=0/9 dist=39/94 right=1:1.19@83,73 dx=-1.4 idx=0/18 dist=41/251 sel=1:1.22@83,74 dx=-1.5 idx=0/20 dist=40/250 edge=1:10.29@73.0,82.0 dx=-11.0 width=75.9 l=37,94 r=109,70
CxScan: raw_ref=80.0 edge=73.0,82.0 best_raw_x=50 best_err=-0.46 best_cxcy=72.5,119.5 scan=0:-18.0,10:-14.7,20:-11.2,30:-7.7,40:-4.1,50:-0.5,60:3.2,70:6.8,80:10.3,90:13.7,100:17.1,110:20.3,120:23.4,130:26.4,140:29.2
ATGSeedDiag: seed=1@15,108/1@134,107 begin=7,108 block=5 clip=8
ATGLptDiag: best=11(99.2) imip=1/21 pass=11111 acc=11 ipm=57.3,90.8 inv=39.8,56.0 | 40(4.0) imip=30/50 pass=10111 acc=-1 ipm=113.5,23.7 inv=91.7,21.0
ATGCircleBeginDiag: side=L reason=state rpts0=21 Lpt0=1 none_left=0 have_left=0 dist=0 begin_dist=749 enter_dist=0 enter_gyro=0
frame=91 line=1 track=1 cross=0 circle=1(CIRCLE_LEFT_BEGIN) round=0 yroad=0 ramp=0 road=6 speed=0 near=21/124 raw=88/105 sel=124/126 far=0/0 far_raw=0/0 l=1@11/0@-1 far_l=0@-1/0@-1 straight=0/1 far_straight=0/0 circle_cnt=0/0/0/0 lost=0/0 conf=96.0/6.5/0.0/0.0 dist=0 begin=762/0 m0=(84,119) ml=(82,78) md=41/1/128 cxcy=84.0,119.6 guide=1.55 atg=0.0/0.0/0.0 pure=0.02/-0.18 yaw=-124 cmd=-181 actual=-96 signed=1 rps=4048/3552:4809/4611 duty=9/9 pwm=PWM2:9/PWM1:9 motor=2:9/1:9
ATGCorner: L=1@11/0@-1 Y=0@-1/0@-1 farL=0@-1/0@-1 Lxy=56.2,91.4:38.0,56.7/-1.0,-1.0:-1.0,-1.0 Yxy=-1.0,-1.0:-1.0,-1.0/-1.0,-1.0:-1.0,-1.0 farLxy=-1.0,-1.0:-1.0,-1.0/-1.0,-1.0:-1.0,-1.0 best=11:56.2,91.4:38.0,56.7:96.0:11111/1:107.2,114.2:129.7,98.0:6.5:10111 seed_src=lpt/none seed=0.0,0.0/0.0,0.0 far_start=70,0 far_raw=0/0 far_num=0/0 straight=0/1 far_straight=0/0 conf_deg=96.0/6.5/0.0/0.0
CrossDiag: type=CROSS_NONE track=1 half_lr=0/0 nearL=1@11/0@-1 nearNum=21/124 centerNum=21/124 farL=0@-1/0@-1 farNum=0/0 farRaw=0/0 lost=0/0 not_have=0 final=124/126 flags=0/0
LineErr: aim=41 cxcy=84.0,119.6 left=1:5.69@78,78 dx=-6.5 idx=0/9 dist=40/89 right=1:1.20@83,73 dx=-1.5 idx=0/18 dist=41/251 sel=1:1.23@83,74 dx=-1.5 idx=0/20 dist=40/250 edge=1:10.83@72.5,82.5 dx=-11.5 width=77.2 l=36,95 r=109,70
CxScan: raw_ref=80.0 edge=72.5,82.5 best_raw_x=50 best_err=0.01 best_cxcy=72.5,119.5 scan=0:-17.7,10:-14.3,20:-10.8,30:-7.3,40:-3.6,50:0.0,60:3.7,70:7.3,80:10.8,90:14.3,100:17.6,110:20.9,120:24.0,130:26.9,140:29.7
ATGSeedDiag: seed=1@15,108/1@134,108 begin=7,108 block=5 clip=8
ATGLptDiag: best=11(96.0) imip=1/20 pass=11111 acc=11 ipm=56.2,91.4 inv=38.0,56.7 | 1(6.5) imip=0/11 pass=10111 acc=-1 ipm=107.2,114.2 inv=129.7,98.0
ATGCircleBeginDiag: side=L reason=state rpts0=21 Lpt0=1 none_left=0 have_left=0 dist=0 begin_dist=762 enter_dist=0 enter_gyro=0
frame=92 line=1 track=1 cross=0 circle=1(CIRCLE_LEFT_BEGIN) round=0 yroad=0 ramp=0 road=6 speed=0 near=21/124 raw=89/105 sel=124/126 far=0/0 far_raw=0/0 l=1@11/0@-1 far_l=0@-1/0@-1 straight=0/1 far_straight=0/0 circle_cnt=0/0/0/0 lost=0/0 conf=97.1/7.8/0.0/0.0 dist=0 begin=775/0 m0=(84,119) ml=(82,78) md=41/1/128 cxcy=84.0,119.6 guide=1.55 atg=0.0/0.0/0.0 pure=0.02/-0.18 yaw=-124 cmd=-203 actual=-84 signed=1 rps=4079/3521:4548/4530 duty=9/9 pwm=PWM2:9/PWM1:9 motor=2:9/1:9
ATGCorner: L=1@11/0@-1 Y=0@-1/0@-1 farL=0@-1/0@-1 Lxy=56.3,91.5:38.2,56.8/-1.0,-1.0:-1.0,-1.0 Yxy=-1.0,-1.0:-1.0,-1.0/-1.0,-1.0:-1.0,-1.0 farLxy=-1.0,-1.0:-1.0,-1.0/-1.0,-1.0:-1.0,-1.0 best=11:56.3,91.5:38.2,56.8:97.1:11111/1:107.2,114.2:129.8,98.0:7.8:10111 seed_src=lpt/none seed=0.0,0.0/0.0,0.0 far_start=70,0 far_raw=0/0 far_num=0/0 straight=0/1 far_straight=0/0 conf_deg=97.1/7.8/0.0/0.0
CrossDiag: type=CROSS_NONE track=1 half_lr=0/0 nearL=1@11/0@-1 nearNum=21/124 centerNum=21/124 farL=0@-1/0@-1 farNum=0/0 farRaw=0/0 lost=0/0 not_have=0 final=124/126 flags=0/0
LineErr: aim=41 cxcy=84.0,119.6 left=1:5.67@78,78 dx=-6.4 idx=0/9 dist=40/89 right=1:1.20@83,73 dx=-1.5 idx=0/18 dist=41/251 sel=1:1.23@83,74 dx=-1.5 idx=0/20 dist=40/250 edge=1:10.83@72.5,82.5 dx=-11.5 width=77.2 l=36,95 r=109,70
CxScan: raw_ref=80.0 edge=72.5,82.5 best_raw_x=50 best_err=0.01 best_cxcy=72.5,119.5 scan=0:-17.7,10:-14.3,20:-10.8,30:-7.3,40:-3.6,50:0.0,60:3.7,70:7.3,80:10.8,90:14.3,100:17.6,110:20.9,120:24.0,130:26.9,140:29.7
ATGSeedDiag: seed=1@15,108/1@134,108 begin=7,108 block=5 clip=8
ATGLptDiag: best=11(97.1) imip=1/20 pass=11111 acc=11 ipm=56.3,91.5 inv=38.2,56.8 | 1(7.8) imip=0/11 pass=10111 acc=-1 ipm=107.2,114.2 inv=129.8,98.0
ATGCircleBeginDiag: side=L reason=state rpts0=21 Lpt0=1 none_left=0 have_left=0 dist=0 begin_dist=775 enter_dist=0 enter_gyro=0
frame=93 line=1 track=1 cross=0 circle=1(CIRCLE_LEFT_BEGIN) round=0 yroad=0 ramp=0 road=6 speed=0 near=21/124 raw=89/105 sel=124/126 far=0/0 far_raw=0/0 l=1@10/0@-1 far_l=0@-1/0@-1 straight=0/1 far_straight=0/0 circle_cnt=0/0/0/0 lost=0/0 conf=98.8/6.3/0.0/0.0 dist=0 begin=788/0 m0=(84,119) ml=(82,78) md=41/1/127 cxcy=84.0,119.6 guide=1.55 atg=0.0/0.0/0.0 pure=0.02/-0.22 yaw=-124 cmd=-250 actual=-61 signed=1 rps=4143/3457:4624/4783 duty=9/9 pwm=PWM2:9/PWM1:9 motor=2:9/1:9
ATGCorner: L=1@10/0@-1 Y=0@-1/0@-1 farL=0@-1/0@-1 Lxy=58.1,93.0:39.8,58.5/-1.0,-1.0:-1.0,-1.0 Yxy=-1.0,-1.0:-1.0,-1.0/-1.0,-1.0:-1.0,-1.0 farLxy=-1.0,-1.0:-1.0,-1.0/-1.0,-1.0:-1.0,-1.0 best=10:58.1,93.0:39.8,58.5:98.8:11111/1:107.2,114.2:129.7,98.0:6.3:10111 seed_src=lpt/none seed=0.0,0.0/0.0,0.0 far_start=70,0 far_raw=0/0 far_num=0/0 straight=0/1 far_straight=0/0 conf_deg=98.8/6.3/0.0/0.0
CrossDiag: type=CROSS_NONE track=1 half_lr=0/0 nearL=1@10/0@-1 nearNum=21/124 centerNum=21/124 farL=0@-1/0@-1 farNum=0/0 farRaw=0/0 lost=0/0 not_have=0 final=124/126 flags=0/0
LineErr: aim=41 cxcy=84.0,119.6 left=1:5.92@77,77 dx=-6.8 idx=0/9 dist=41/90 right=1:1.21@83,73 dx=-1.5 idx=0/18 dist=41/251 sel=1:1.23@83,74 dx=-1.5 idx=0/20 dist=40/250 edge=1:10.92@72.5,83.0 dx=-11.5 width=77.5 l=36,96 r=109,70
CxScan: raw_ref=80.0 edge=72.5,83.0 best_raw_x=50 best_err=0.01 best_cxcy=72.5,119.5 scan=0:-17.9,10:-14.5,20:-10.9,30:-7.3,40:-3.7,50:0.0,60:3.7,70:7.3,80:10.9,90:14.4,100:17.8,110:21.0,120:24.2,130:27.1,140:29.9
ATGSeedDiag: seed=1@15,108/1@134,108 begin=7,108 block=5 clip=8
ATGLptDiag: best=10(98.8) imip=0/20 pass=11111 acc=10 ipm=58.1,93.0 inv=39.8,58.5 | 1(6.3) imip=0/11 pass=10111 acc=-1 ipm=107.2,114.2 inv=129.7,98.0
ATGCircleBeginDiag: side=L reason=state rpts0=20 Lpt0=1 none_left=0 have_left=0 dist=0 begin_dist=788 enter_dist=0 enter_gyro=0
frame=94 line=1 track=1 cross=0 circle=1(CIRCLE_LEFT_BEGIN) round=0 yroad=0 ramp=0 road=6 speed=0 near=20/124 raw=85/105 sel=124/126 far=0/0 far_raw=0/0 l=1@10/0@-1 far_l=0@-1/0@-1 straight=0/1 far_straight=0/0 circle_cnt=0/0/0/0 lost=0/0 conf=97.3/3.1/0.0/0.0 dist=0 begin=800/0 m0=(84,119) ml=(82,78) md=41/1/127 cxcy=84.0,119.6 guide=1.55 atg=0.0/0.0/0.0 pure=-0.00/-0.24 yaw=-124 cmd=-293 actual=-40 signed=1 rps=4201/3399:4373/4521 duty=10/9 pwm=PWM2:10/PWM1:9 motor=2:10/1:9
ATGCorner: L=1@10/0@-1 Y=0@-1/0@-1 farL=0@-1/0@-1 Lxy=56.9,93.2:38.0,58.8/-1.0,-1.0:-1.0,-1.0 Yxy=-1.0,-1.0:-1.0,-1.0/-1.0,-1.0:-1.0,-1.0 farLxy=-1.0,-1.0:-1.0,-1.0/-1.0,-1.0:-1.0,-1.0 best=10:56.9,93.2:38.0,58.8:97.3:11111/38:113.2,28.6:92.3,22.2:3.1:10111 seed_src=lpt/none seed=0.0,0.0/0.0,0.0 far_start=70,0 far_raw=0/0 far_num=0/0 straight=0/1 far_straight=0/0 conf_deg=97.3/3.1/0.0/0.0
CrossDiag: type=CROSS_NONE track=1 half_lr=0/0 nearL=1@10/0@-1 nearNum=20/124 centerNum=20/124 farL=0@-1/0@-1 farNum=0/0 farRaw=0/0 lost=0/0 not_have=0 final=124/126 flags=0/0
LineErr: aim=41 cxcy=84.0,119.6 left=1:6.75@76,77 dx=-7.8 idx=0/9 dist=41/83 right=1:1.20@83,73 dx=-1.5 idx=0/18 dist=41/252 sel=1:1.23@83,74 dx=-1.5 idx=0/20 dist=40/250 edge=1:10.45@73.0,83.0 dx=-11.0 width=76.6 l=37,96 r=109,70
CxScan: raw_ref=80.0 edge=73.0,83.0 best_raw_x=50 best_err=-0.47 best_cxcy=72.5,119.5 scan=0:-18.3,10:-14.9,20:-11.4,30:-7.8,40:-4.1,50:-0.5,60:3.2,70:6.9,80:10.5,90:14.0,100:17.4,110:20.6,120:23.8,130:26.7,140:29.6
ATGSeedDiag: seed=1@15,108/1@134,108 begin=7,108 block=5 clip=8
ATGLptDiag: best=10(97.3) imip=0/19 pass=11111 acc=10 ipm=56.9,93.2 inv=38.0,58.8 | 38(3.1) imip=28/48 pass=10111 acc=-1 ipm=113.2,28.6 inv=92.3,22.2
ATGCircleBeginDiag: side=L reason=state rpts0=20 Lpt0=1 none_left=0 have_left=0 dist=0 begin_dist=800 enter_dist=0 enter_gyro=0
frame=95 line=1 track=1 cross=0 circle=1(CIRCLE_LEFT_BEGIN) round=0 yroad=0 ramp=0 road=6 speed=0 near=20/124 raw=85/105 sel=124/126 far=0/0 far_raw=0/0 l=1@10/0@-1 far_l=0@-1/0@-1 straight=0/1 far_straight=0/0 circle_cnt=0/0/0/0 lost=0/0 conf=98.2/4.0/0.0/0.0 dist=0 begin=812/0 m0=(84,119) ml=(82,78) md=41/1/130 cxcy=84.0,119.6 guide=1.55 atg=0.0/0.0/0.0 pure=-0.02/-0.24 yaw=-124 cmd=-313 actual=-29 signed=1 rps=4229/3371:4430/4641 duty=10/8 pwm=PWM2:10/PWM1:8 motor=2:10/1:8
ATGCorner: L=1@10/0@-1 Y=0@-1/0@-1 farL=0@-1/0@-1 Lxy=56.6,93.3:37.5,58.9/-1.0,-1.0:-1.0,-1.0 Yxy=-1.0,-1.0:-1.0,-1.0/-1.0,-1.0:-1.0,-1.0 farLxy=-1.0,-1.0:-1.0,-1.0/-1.0,-1.0:-1.0,-1.0 best=10:56.6,93.3:37.5,58.9:98.2:11111/39:113.7,26.4:92.3,21.6:4.0:10111 seed_src=lpt/none seed=0.0,0.0/0.0,0.0 far_start=70,0 far_raw=0/0 far_num=0/0 straight=0/1 far_straight=0/0 conf_deg=98.2/4.0/0.0/0.0
CrossDiag: type=CROSS_NONE track=1 half_lr=0/0 nearL=1@10/0@-1 nearNum=20/124 centerNum=20/124 farL=0@-1/0@-1 farNum=0/0 farRaw=0/0 lost=0/0 not_have=0 final=124/126 flags=0/0
LineErr: aim=41 cxcy=84.0,119.6 left=1:7.36@75,76 dx=-8.6 idx=0/9 dist=41/84 right=1:1.20@83,73 dx=-1.5 idx=0/18 dist=41/253 sel=1:1.22@83,74 dx=-1.5 idx=0/20 dist=40/250 edge=1:11.01@72.5,83.5 dx=-11.5 width=77.8 l=36,97 r=109,70
CxScan: raw_ref=80.0 edge=72.5,83.5 best_raw_x=50 best_err=0.01 best_cxcy=72.5,119.5 scan=0:-18.0,10:-14.6,20:-11.0,30:-7.4,40:-3.7,50:0.0,60:3.7,70:7.4,80:11.0,90:14.5,100:17.9,110:21.2,120:24.3,130:27.3,140:30.1
ATGSeedDiag: seed=1@15,108/1@135,108 begin=7,108 block=5 clip=8
ATGLptDiag: best=10(98.2) imip=0/19 pass=11111 acc=10 ipm=56.6,93.3 inv=37.5,58.9 | 39(4.0) imip=29/49 pass=10111 acc=-1 ipm=113.7,26.4 inv=92.3,21.6
ATGCircleBeginDiag: side=L reason=state rpts0=20 Lpt0=1 none_left=0 have_left=0 dist=0 begin_dist=812 enter_dist=0 enter_gyro=0
ATGCircleBeginDiag: side=L reason=state rpts0=19 Lpt0=1 none_left=0 have_left=0 dist=0 begin_dist=824 enter_dist=0 enter_gyro=0
frame=97 line=1 track=1 cross=0 circle=1(CIRCLE_LEFT_BEGIN) round=0 yroad=0 ramp=0 road=6 speed=0 near=19/124 raw=82/105 sel=124/126 far=0/0 far_raw=0/0 l=1@9/0@-1 far_l=0@-1/0@-1 straight=0/1 far_straight=0/0 circle_cnt=0/0/0/0 lost=0/0 conf=96.9/3.7/0.0/0.0 dist=0 begin=836/0 m0=(84,119) ml=(82,78) md=41/1/130 cxcy=84.0,119.6 guide=1.55 atg=0.0/0.0/0.0 pure=-0.03/-0.22 yaw=-124 cmd=-330 actual=-21 signed=1 rps=4253/3347:4252/4607 duty=10/8 pwm=PWM2:10/PWM1:8 motor=2:10/1:8
ATGCorner: L=1@9/0@-1 Y=0@-1/0@-1 farL=0@-1/0@-1 Lxy=57.4,95.4:37.4,61.5/-1.0,-1.0:-1.0,-1.0 Yxy=-1.0,-1.0:-1.0,-1.0/-1.0,-1.0:-1.0,-1.0 farLxy=-1.0,-1.0:-1.0,-1.0/-1.0,-1.0:-1.0,-1.0 best=9:57.4,95.4:37.4,61.5:96.9:11111/37:113.3,31.0:92.9,22.8:3.7:10111 seed_src=lpt/none seed=0.0,0.0/0.0,0.0 far_start=70,0 far_raw=0/0 far_num=0/0 straight=0/1 far_straight=0/0 conf_deg=96.9/3.7/0.0/0.0
CrossDiag: type=CROSS_NONE track=1 half_lr=0/0 nearL=1@9/0@-1 nearNum=19/124 centerNum=19/124 farL=0@-1/0@-1 farNum=0/0 farRaw=0/0 lost=0/0 not_have=0 final=124/126 flags=0/0
LineErr: aim=41 cxcy=84.0,119.6 left=1:9.45@73,75 dx=-11.3 idx=0/10 dist=40/76 right=1:1.34@82,76 dx=-1.6 idx=0/17 dist=40/253 sel=1:1.22@83,74 dx=-1.5 idx=0/20 dist=40/250 edge=1:10.63@73.0,84.0 dx=-11.0 width=77.3 l=37,98 r=109,70
CxScan: raw_ref=80.0 edge=73.0,84.0 best_raw_x=50 best_err=-0.47 best_cxcy=72.5,119.5 scan=0:-18.6,10:-15.2,20:-11.6,30:-7.9,40:-4.2,50:-0.5,60:3.3,70:7.0,80:10.6,90:14.2,100:17.6,110:20.9,120:24.1,130:27.1,140:30.0
ATGSeedDiag: seed=1@15,108/1@135,108 begin=7,108 block=5 clip=8
ATGLptDiag: best=9(96.9) imip=0/18 pass=11111 acc=9 ipm=57.4,95.4 inv=37.4,61.5 | 37(3.7) imip=27/47 pass=10111 acc=-1 ipm=113.3,31.0 inv=92.9,22.8
ATGCircleBeginDiag: side=L reason=state rpts0=19 Lpt0=1 none_left=0 have_left=0 dist=0 begin_dist=836 enter_dist=0 enter_gyro=0
frame=98 line=1 track=1 cross=0 circle=1(CIRCLE_LEFT_BEGIN) round=0 yroad=0 ramp=0 road=6 speed=0 near=19/124 raw=82/105 sel=124/126 far=0/0 far_raw=0/0 l=1@9/0@-1 far_l=0@-1/0@-1 straight=0/1 far_straight=0/0 circle_cnt=0/0/0/0 lost=0/0 conf=98.5/4.7/0.0/0.0 dist=0 begin=848/0 m0=(84,119) ml=(82,78) md=41/1/130 cxcy=84.0,119.6 guide=1.55 atg=0.0/0.0/0.0 pure=-0.06/-0.24 yaw=-124 cmd=-335 actual=-18 signed=1 rps=4259/3341:4308/4638 duty=10/8 pwm=PWM2:10/PWM1:8 motor=2:10/1:8
ATGCorner: L=1@9/0@-1 Y=0@-1/0@-1 farL=0@-1/0@-1 Lxy=57.4,95.4:37.3,61.5/-1.0,-1.0:-1.0,-1.0 Yxy=-1.0,-1.0:-1.0,-1.0/-1.0,-1.0:-1.0,-1.0 farLxy=-1.0,-1.0:-1.0,-1.0/-1.0,-1.0:-1.0,-1.0 best=9:57.4,95.4:37.3,61.5:98.5:11111/1:107.4,114.2:130.2,98.0:4.7:10111 seed_src=lpt/none seed=0.0,0.0/0.0,0.0 far_start=70,0 far_raw=0/0 far_num=0/0 straight=0/1 far_straight=0/0 conf_deg=98.5/4.7/0.0/0.0
CrossDiag: type=CROSS_NONE track=1 half_lr=0/0 nearL=1@9/0@-1 nearNum=19/124 centerNum=19/124 farL=0@-1/0@-1 farNum=0/0 farRaw=0/0 lost=0/0 not_have=0 final=124/126 flags=0/0
LineErr: aim=41 cxcy=84.0,119.6 left=1:9.86@72,75 dx=-11.8 idx=0/10 dist=41/78 right=1:1.33@82,76 dx=-1.6 idx=0/17 dist=40/254 sel=1:1.17@83,74 dx=-1.4 idx=0/20 dist=40/250 edge=1:10.63@73.0,84.0 dx=-11.0 width=77.3 l=37,98 r=109,70
CxScan: raw_ref=80.0 edge=73.0,84.0 best_raw_x=50 best_err=-0.47 best_cxcy=72.5,119.5 scan=0:-18.6,10:-15.2,20:-11.6,30:-7.9,40:-4.2,50:-0.5,60:3.3,70:7.0,80:10.6,90:14.2,100:17.6,110:20.9,120:24.1,130:27.1,140:30.0
ATGSeedDiag: seed=1@15,108/1@135,108 begin=7,108 block=5 clip=8
ATGLptDiag: best=9(98.5) imip=0/18 pass=11111 acc=9 ipm=57.4,95.4 inv=37.3,61.5 | 1(4.7) imip=0/11 pass=10111 acc=-1 ipm=107.4,114.2 inv=130.2,98.0
ATGCircleBeginDiag: side=L reason=state rpts0=19 Lpt0=1 none_left=0 have_left=0 dist=0 begin_dist=848 enter_dist=0 enter_gyro=0
frame=99 line=1 track=1 cross=0 circle=1(CIRCLE_LEFT_BEGIN) round=0 yroad=0 ramp=0 road=6 speed=0 near=19/124 raw=83/105 sel=124/126 far=0/0 far_raw=0/0 l=1@9/0@-1 far_l=0@-1/0@-1 straight=0/1 far_straight=0/0 circle_cnt=0/0/0/0 lost=0/0 conf=101.2/5.3/0.0/0.0 dist=0 begin=860/0 m0=(84,119) ml=(82,78) md=41/1/130 cxcy=84.0,119.6 guide=1.42 atg=0.0/0.0/0.0 pure=-0.06/-0.22 yaw=-114 cmd=-306 actual=-18 signed=1 rps=4219/3381:4175/4286 duty=10/9 pwm=PWM2:10/PWM1:9 motor=2:10/1:9
ATGCorner: L=1@9/0@-1 Y=0@-1/0@-1 farL=0@-1/0@-1 Lxy=57.6,95.3:37.8,61.4/-1.0,-1.0:-1.0,-1.0 Yxy=-1.0,-1.0:-1.0,-1.0/-1.0,-1.0:-1.0,-1.0 farLxy=-1.0,-1.0:-1.0,-1.0/-1.0,-1.0:-1.0,-1.0 best=9:57.6,95.3:37.8,61.4:101.2:11111/1:107.4,114.2:130.2,98.0:5.3:10111 seed_src=lpt/none seed=0.0,0.0/0.0,0.0 far_start=70,0 far_raw=0/0 far_num=0/0 straight=0/1 far_straight=0/0 conf_deg=101.2/5.3/0.0/0.0
CrossDiag: type=CROSS_NONE track=1 half_lr=0/0 nearL=1@9/0@-1 nearNum=19/124 centerNum=19/124 farL=0@-1/0@-1 farNum=0/0 farRaw=0/0 lost=0/0 not_have=0 final=124/126 flags=0/0
LineErr: aim=41 cxcy=84.0,119.6 left=1:9.98@72,75 dx=-11.9 idx=0/10 dist=41/78 right=1:1.25@83,76 dx=-1.5 idx=0/17 dist=40/254 sel=1:1.02@83,74 dx=-1.2 idx=0/20 dist=40/250 edge=1:10.72@73.0,84.5 dx=-11.0 width=77.6 l=37,99 r=109,70
CxScan: raw_ref=80.0 edge=73.0,84.5 best_raw_x=50 best_err=-0.48 best_cxcy=72.5,119.5 scan=0:-18.8,10:-15.3,20:-11.7,30:-8.0,40:-4.3,50:-0.5,60:3.3,70:7.0,80:10.7,90:14.3,100:17.8,110:21.1,120:24.3,130:27.3,140:30.2
ATGSeedDiag: seed=1@15,108/1@135,108 begin=7,108 block=5 clip=8
ATGLptDiag: best=9(101.2) imip=0/18 pass=11111 acc=9 ipm=57.6,95.3 inv=37.8,61.4 | 1(5.3) imip=0/11 pass=10111 acc=-1 ipm=107.4,114.2 inv=130.2,98.0
ATGCircleBeginDiag: side=L reason=state rpts0=18 Lpt0=1 none_left=0 have_left=0 dist=0 begin_dist=860 enter_dist=0 enter_gyro=0
frame=100 line=1 track=0 cross=0 circle=1(CIRCLE_LEFT_BEGIN) round=0 yroad=0 ramp=0 road=6 speed=0 near=18/1 raw=79/170 sel=18/35 far=0/0 far_raw=0/0 l=1@9/0@-1 far_l=0@-1/0@-1 straight=0/0 far_straight=0/0 circle_cnt=0/0/0/0 lost=0/0 conf=96.1/0.0/0.0/0.0 dist=0 begin=872/0 m0=(84,119) ml=(75,79) md=40/1/77 cxcy=84.0,119.6 guide=9.73 atg=-60.0/-60.0/-60.0 pure=6.08/7.02 yaw=-779 cmd=-1179 actual=-16 signed=1 rps=5415/2185:4468/4294 duty=14/4 pwm=PWM2:14/PWM1:4 motor=2:14/1:4
ATGCorner: L=1@9/0@-1 Y=0@-1/0@-1 farL=0@-1/0@-1 Lxy=56.0,96.1:35.0,62.4/-1.0,-1.0:-1.0,-1.0 Yxy=-1.0,-1.0:-1.0,-1.0/-1.0,-1.0:-1.0,-1.0 farLxy=-1.0,-1.0:-1.0,-1.0/-1.0,-1.0:-1.0,-1.0 best=9:56.0,96.1:35.0,62.4:96.1:11111/-1:-1.0,-1.0:-1.0,-1.0:-57295.8:00000 seed_src=lpt/lost seed=0.0,0.0/0.0,0.0 far_start=70,0 far_raw=0/0 far_num=0/0 straight=0/0 far_straight=0/0 conf_deg=96.1/0.0/0.0/0.0
CrossDiag: type=CROSS_NONE track=0 half_lr=0/0 nearL=1@9/0@-1 nearNum=18/1 centerNum=18/1 farL=0@-1/0@-1 farNum=0/0 farRaw=0/0 lost=0/0 not_have=0 final=18/35 flags=0/0
LineErr: aim=41 cxcy=84.0,119.6 left=1:8.11@75,80 dx=-8.9 idx=0/7 dist=40/78 right=0:0.00@-1,-1 dx=0.0 idx=-1/-1 dist=-1/-1 sel=1:10.53@72,76 dx=-12.4 idx=0/20 dist=40/68 edge=0:0.00@-1.0,-1.0 dx=0.0 width=0.0 l=38,99 r=-1,-1
ATGSeedDiag: seed=1@15,108/1@127,108 begin=7,108 block=5 clip=8
ATGLptDiag: best=9(96.1) imip=0/17 pass=11111 acc=9 ipm=56.0,96.1 inv=35.0,62.4 | -1(-57295.8) imip=-1/-1 pass=00000 acc=-1 ipm=-1.0,-1.0 inv=-1.0,-1.0
ATGCircleBeginDiag: side=L reason=state rpts0=18 Lpt0=1 none_left=0 have_left=0 dist=0 begin_dist=872 enter_dist=0 enter_gyro=0
frame=101 line=1 track=1 cross=0 circle=1(CIRCLE_LEFT_BEGIN) round=0 yroad=0 ramp=0 road=6 speed=0 near=18/124 raw=78/105 sel=124/125 far=0/0 far_raw=0/0 l=1@8/0@-1 far_l=0@-1/0@-1 straight=0/1 far_straight=0/0 circle_cnt=0/0/0/0 lost=0/0 conf=96.8/3.6/0.0/0.0 dist=0 begin=884/0 m0=(84,119) ml=(82,78) md=41/1/127 cxcy=84.0,119.6 guide=1.55 atg=0.0/0.0/0.0 pure=-0.03/-0.22 yaw=-124 cmd=-351 actual=-11 signed=1 rps=4281/3319:4431/4087 duty=10/9 pwm=PWM2:10/PWM1:9 motor=2:10/1:9
ATGCorner: L=1@8/0@-1 Y=0@-1/0@-1 farL=0@-1/0@-1 Lxy=57.6,97.6:36.2,64.6/-1.0,-1.0:-1.0,-1.0 Yxy=-1.0,-1.0:-1.0,-1.0/-1.0,-1.0:-1.0,-1.0 farLxy=-1.0,-1.0:-1.0,-1.0/-1.0,-1.0:-1.0,-1.0 best=8:57.6,97.6:36.2,64.6:96.8:11111/36:113.1,33.3:93.2,23.5:3.6:10111 seed_src=lpt/none seed=0.0,0.0/0.0,0.0 far_start=70,0 far_raw=0/0 far_num=0/0 straight=0/1 far_straight=0/0 conf_deg=96.8/3.6/0.0/0.0
CrossDiag: type=CROSS_NONE track=1 half_lr=0/0 nearL=1@8/0@-1 nearNum=18/124 centerNum=18/124 farL=0@-1/0@-1 farNum=0/0 farRaw=0/0 lost=0/0 not_have=0 final=124/125 flags=0/0
LineErr: aim=41 cxcy=84.0,119.6 left=1:14.93@66,76 dx=-17.9 idx=0/11 dist=42/70 right=1:1.19@83,73 dx=-1.4 idx=0/18 dist=41/253 sel=1:1.22@83,74 dx=-1.5 idx=0/20 dist=40/248 edge=1:10.81@73.0,85.0 dx=-11.0 width=78.0 l=37,100 r=109,70
CxScan: raw_ref=80.0 edge=73.0,85.0 best_raw_x=50 best_err=-0.48 best_cxcy=72.5,119.5 scan=0:-18.9,10:-15.4,20:-11.8,30:-8.1,40:-4.3,50:-0.5,60:3.3,70:7.1,80:10.8,90:14.4,100:17.9,110:21.3,120:24.5,130:27.5,140:30.4
ATGSeedDiag: seed=1@15,108/1@135,108 begin=7,108 block=5 clip=8
ATGLptDiag: best=8(96.8) imip=0/17 pass=11111 acc=8 ipm=57.6,97.6 inv=36.2,64.6 | 36(3.6) imip=26/46 pass=10111 acc=-1 ipm=113.1,33.3 inv=93.2,23.5
ATGCircleBeginDiag: side=L reason=state rpts0=17 Lpt0=1 none_left=0 have_left=0 dist=0 begin_dist=884 enter_dist=0 enter_gyro=0
ATGCircleBeginDiag: side=L reason=state rpts0=17 Lpt0=1 none_left=0 have_left=0 dist=0 begin_dist=897 enter_dist=0 enter_gyro=0
frame=103 line=1 track=1 cross=0 circle=1(CIRCLE_LEFT_BEGIN) round=0 yroad=0 ramp=0 road=6 speed=0 near=17/124 raw=76/105 sel=124/126 far=0/0 far_raw=0/0 l=1@8/0@-1 far_l=0@-1/0@-1 straight=0/1 far_straight=0/0 circle_cnt=0/0/0/0 lost=0/0 conf=97.6/3.8/0.0/0.0 dist=0 begin=910/0 m0=(84,119) ml=(83,78) md=41/1/130 cxcy=84.0,119.6 guide=1.04 atg=0.0/0.0/0.0 pure=-0.06/-0.22 yaw=-83 cmd=-183 actual=-33 signed=1 rps=4050/3550:4655/4238 duty=9/10 pwm=PWM2:9/PWM1:10 motor=2:9/1:10
ATGCorner: L=1@8/0@-1 Y=0@-1/0@-1 farL=0@-1/0@-1 Lxy=56.8,97.9:34.8,65.0/-1.0,-1.0:-1.0,-1.0 Yxy=-1.0,-1.0:-1.0,-1.0/-1.0,-1.0:-1.0,-1.0 farLxy=-1.0,-1.0:-1.0,-1.0/-1.0,-1.0:-1.0,-1.0 best=8:56.8,97.9:34.8,65.0:97.6:11111/36:113.4,33.3:93.4,23.5:3.8:10111 seed_src=lpt/none seed=0.0,0.0/0.0,0.0 far_start=70,0 far_raw=0/0 far_num=0/0 straight=0/1 far_straight=0/0 conf_deg=97.6/3.8/0.0/0.0
CrossDiag: type=CROSS_NONE track=1 half_lr=0/0 nearL=1@8/0@-1 nearNum=17/124 centerNum=17/124 farL=0@-1/0@-1 farNum=0/0 farRaw=0/0 lost=0/0 not_have=0 final=124/126 flags=0/0
LineErr: aim=41 cxcy=84.0,119.6 left=1:16.26@65,77 dx=-19.2 idx=0/11 dist=40/64 right=1:0.93@83,76 dx=-1.1 idx=0/17 dist=40/252 sel=1:0.83@83,74 dx=-1.0 idx=0/20 dist=40/250 edge=1:9.93@74.0,85.5 dx=-10.0 width=76.6 l=39,101 r=109,70
CxScan: raw_ref=80.0 edge=74.0,85.5 best_raw_x=55 best_err=0.44 best_cxcy=74.4,119.5 scan=0:-20.0,10:-16.5,20:-12.8,30:-9.1,40:-5.3,50:-1.5,60:2.4,70:6.2,80:9.9,90:13.6,100:17.2,110:20.6,120:23.8,130:26.9,140:29.9
ATGSeedDiag: seed=1@15,108/1@135,108 begin=7,108 block=5 clip=8
ATGLptDiag: best=8(97.6) imip=0/16 pass=11111 acc=8 ipm=56.8,97.9 inv=34.8,65.0 | 36(3.8) imip=26/46 pass=10111 acc=-1 ipm=113.4,33.3 inv=93.4,23.5
ATGCircleBeginDiag: side=L reason=state rpts0=16 Lpt0=1 none_left=0 have_left=0 dist=0 begin_dist=910 enter_dist=0 enter_gyro=0
frame=104 line=1 track=1 cross=0 circle=1(CIRCLE_LEFT_BEGIN) round=0 yroad=0 ramp=0 road=6 speed=0 near=16/124 raw=77/105 sel=124/126 far=0/0 far_raw=0/0 l=1@8/0@-1 far_l=0@-1/0@-1 straight=0/1 far_straight=0/0 circle_cnt=0/0/0/0 lost=0/0 conf=99.1/4.5/0.0/0.0 dist=0 begin=923/0 m0=(84,119) ml=(83,78) md=41/1/130 cxcy=84.0,119.6 guide=1.04 atg=0.0/0.0/0.0 pure=-0.07/-0.22 yaw=-83 cmd=-173 actual=-38 signed=1 rps=4038/3562:4769/4530 duty=9/9 pwm=PWM2:9/PWM1:9 motor=2:9/1:9
ATGCorner: L=1@8/0@-1 Y=0@-1/0@-1 farL=0@-1/0@-1 Lxy=56.7,98.0:34.6,65.1/-1.0,-1.0:-1.0,-1.0 Yxy=-1.0,-1.0:-1.0,-1.0/-1.0,-1.0:-1.0,-1.0 farLxy=-1.0,-1.0:-1.0,-1.0/-1.0,-1.0:-1.0,-1.0 best=8:56.7,98.0:34.6,65.1:99.1:11111/1:107.4,114.2:130.2,98.0:4.5:10111 seed_src=lpt/none seed=0.0,0.0/0.0,0.0 far_start=70,0 far_raw=0/0 far_num=0/0 straight=0/1 far_straight=0/0 conf_deg=99.1/4.5/0.0/0.0
CrossDiag: type=CROSS_NONE track=1 half_lr=0/0 nearL=1@8/0@-1 nearNum=16/124 centerNum=16/124 farL=0@-1/0@-1 farNum=0/0 farRaw=0/0 lost=0/0 not_have=0 final=124/126 flags=0/0
LineErr: aim=41 cxcy=84.0,119.6 left=1:19.20@61,78 dx=-22.7 idx=0/12 dist=42/58 right=1:0.80@83,73 dx=-1.0 idx=0/18 dist=41/253 sel=1:0.83@83,74 dx=-1.0 idx=0/20 dist=40/250 edge=1:8.96@75.0,85.5 dx=-9.0 width=74.7 l=41,101 r=109,70
CxScan: raw_ref=80.0 edge=75.0,85.5 best_raw_x=55 best_err=-0.57 best_cxcy=74.4,119.5 scan=0:-20.8,10:-17.4,20:-13.8,30:-10.1,40:-6.3,50:-2.5,60:1.4,70:5.2,80:9.0,90:12.7,100:16.2,110:19.7,120:23.0,130:26.1,140:29.1
ATGSeedDiag: seed=1@16,108/1@135,108 begin=7,108 block=5 clip=8
ATGLptDiag: best=8(99.1) imip=0/15 pass=11111 acc=8 ipm=56.7,98.0 inv=34.6,65.1 | 1(4.5) imip=0/11 pass=10111 acc=-1 ipm=107.4,114.2 inv=130.2,98.0
ATGCircleBeginDiag: side=L reason=state rpts0=16 Lpt0=1 none_left=0 have_left=0 dist=0 begin_dist=923 enter_dist=0 enter_gyro=0
frame=105 line=1 track=1 cross=0 circle=1(CIRCLE_LEFT_BEGIN) round=0 yroad=0 ramp=0 road=6 speed=0 near=16/124 raw=73/105 sel=124/126 far=0/0 far_raw=0/0 l=1@7/0@-1 far_l=0@-1/0@-1 straight=0/1 far_straight=0/0 circle_cnt=0/0/0/0 lost=0/0 conf=97.3/2.8/0.0/0.0 dist=0 begin=936/0 m0=(84,119) ml=(83,78) md=41/1/129 cxcy=84.0,119.6 guide=1.04 atg=0.0/0.0/0.0 pure=-0.07/-0.27 yaw=-83 cmd=-184 actual=-33 signed=1 rps=4052/3548:4887/4828 duty=9/9 pwm=PWM2:9/PWM1:9 motor=2:9/1:9
ATGCorner: L=1@7/0@-1 Y=0@-1/0@-1 farL=0@-1/0@-1 Lxy=57.6,99.9:34.5,68.0/-1.0,-1.0:-1.0,-1.0 Yxy=-1.0,-1.0:-1.0,-1.0/-1.0,-1.0:-1.0,-1.0 farLxy=-1.0,-1.0:-1.0,-1.0/-1.0,-1.0:-1.0,-1.0 best=7:57.6,99.9:34.5,68.0:97.3:11111/36:113.6,33.3:93.5,23.5:2.8:10111 seed_src=lpt/none seed=0.0,0.0/0.0,0.0 far_start=70,0 far_raw=0/0 far_num=0/0 straight=0/1 far_straight=0/0 conf_deg=97.3/2.8/0.0/0.0
CrossDiag: type=CROSS_NONE track=1 half_lr=0/0 nearL=1@7/0@-1 nearNum=16/124 centerNum=16/124 farL=0@-1/0@-1 farNum=0/0 farRaw=0/0 lost=0/0 not_have=0 final=124/126 flags=0/0
LineErr: aim=41 cxcy=84.0,119.6 left=1:21.23@59,77 dx=-25.4 idx=0/12 dist=42/57 right=1:0.80@83,73 dx=-1.0 idx=0/18 dist=41/253 sel=1:0.83@83,74 dx=-1.0 idx=0/20 dist=40/250 edge=1:9.53@74.5,86.0 dx=-9.5 width=76.1 l=40,102 r=109,70
CxScan: raw_ref=80.0 edge=74.5,86.0 best_raw_x=55 best_err=-0.07 best_cxcy=74.4,119.5 scan=0:-20.6,10:-17.1,20:-13.4,30:-9.7,40:-5.9,50:-2.0,60:1.9,70:5.7,80:9.5,90:13.2,100:16.8,110:20.3,120:23.6,130:26.7,140:29.7
ATGSeedDiag: seed=1@16,108/1@135,108 begin=7,108 block=5 clip=8
ATGLptDiag: best=7(97.3) imip=0/15 pass=11111 acc=7 ipm=57.6,99.9 inv=34.5,68.0 | 36(2.8) imip=26/46 pass=10111 acc=-1 ipm=113.6,33.3 inv=93.5,23.5
ATGCircleBeginDiag: side=L reason=state rpts0=16 Lpt0=1 none_left=0 have_left=0 dist=0 begin_dist=936 enter_dist=0 enter_gyro=0
frame=106 line=1 track=1 cross=0 circle=1(CIRCLE_LEFT_BEGIN) round=0 yroad=0 ramp=0 road=6 speed=0 near=16/124 raw=73/105 sel=124/126 far=0/0 far_raw=0/0 l=1@7/0@-1 far_l=0@-1/0@-1 straight=0/1 far_straight=0/0 circle_cnt=0/0/0/0 lost=0/0 conf=97.8/4.3/0.0/0.0 dist=0 begin=949/0 m0=(84,119) ml=(83,78) md=41/1/130 cxcy=84.0,119.6 guide=0.91 atg=0.0/0.0/0.0 pure=-0.13/-0.28 yaw=-73 cmd=-170 actual=-24 signed=1 rps=4033/3567:4586/4652 duty=9/9 pwm=PWM2:9/PWM1:9 motor=2:9/1:9
ATGCorner: L=1@7/0@-1 Y=0@-1/0@-1 farL=0@-1/0@-1 Lxy=57.6,99.9:34.5,68.0/-1.0,-1.0:-1.0,-1.0 Yxy=-1.0,-1.0:-1.0,-1.0/-1.0,-1.0:-1.0,-1.0 farLxy=-1.0,-1.0:-1.0,-1.0/-1.0,-1.0:-1.0,-1.0 best=7:57.6,99.9:34.5,68.0:97.8:11111/36:114.2,33.4:93.9,23.5:4.3:10111 seed_src=lpt/none seed=0.0,0.0/0.0,0.0 far_start=70,0 far_raw=0/0 far_num=0/0 straight=0/1 far_straight=0/0 conf_deg=97.8/4.3/0.0/0.0
CrossDiag: type=CROSS_NONE track=1 half_lr=0/0 nearL=1@7/0@-1 nearNum=16/124 centerNum=16/124 farL=0@-1/0@-1 farNum=0/0 farRaw=0/0 lost=0/0 not_have=0 final=124/126 flags=0/0
LineErr: aim=41 cxcy=84.0,119.6 left=1:21.46@58,78 dx=-25.6 idx=0/12 dist=42/57 right=1:0.65@83,73 dx=-0.8 idx=0/18 dist=41/254 sel=1:0.72@83,74 dx=-0.9 idx=0/20 dist=40/250 edge=1:9.04@75.0,86.0 dx=-9.0 width=77.0 l=40,102 r=110,70
CxScan: raw_ref=80.0 edge=75.0,86.0 best_raw_x=55 best_err=-0.57 best_cxcy=74.4,119.5 scan=0:-21.0,10:-17.5,20:-13.9,30:-10.2,40:-6.4,50:-2.5,60:1.4,70:5.2,80:9.0,90:12.8,100:16.4,110:19.8,120:23.2,130:26.3,140:29.3
ATGSeedDiag: seed=1@15,108/1@135,108 begin=7,108 block=5 clip=8
ATGLptDiag: best=7(97.8) imip=0/15 pass=11111 acc=7 ipm=57.6,99.9 inv=34.5,68.0 | 36(4.3) imip=26/46 pass=10111 acc=-1 ipm=114.2,33.4 inv=93.9,23.5
ATGCircleBeginDiag: side=L reason=state rpts0=15 Lpt0=1 none_left=0 have_left=0 dist=0 begin_dist=949 enter_dist=0 enter_gyro=0
frame=107 line=1 track=1 cross=0 circle=1(CIRCLE_LEFT_BEGIN) round=0 yroad=0 ramp=0 road=6 speed=0 near=15/124 raw=71/105 sel=124/126 far=0/0 far_raw=0/0 l=1@7/0@-1 far_l=0@-1/0@-1 straight=0/1 far_straight=0/0 circle_cnt=0/0/0/0 lost=0/0 conf=96.3/3.6/0.0/0.0 dist=0 begin=962/0 m0=(84,119) ml=(83,78) md=41/1/132 cxcy=84.0,119.6 guide=0.66 atg=0.0/0.0/0.0 pure=-0.20/-0.33 yaw=-53 cmd=-116 actual=-21 signed=1 rps=3959/3641:4674/4783 duty=9/9 pwm=PWM2:9/PWM1:9 motor=2:9/1:9
ATGCorner: L=1@7/0@-1 Y=0@-1/0@-1 farL=0@-1/0@-1 Lxy=56.8,100.0:33.2,68.2/-1.0,-1.0:-1.0,-1.0 Yxy=-1.0,-1.0:-1.0,-1.0/-1.0,-1.0:-1.0,-1.0 farLxy=-1.0,-1.0:-1.0,-1.0/-1.0,-1.0:-1.0,-1.0 best=7:56.8,100.0:33.2,68.2:96.3:11111/36:114.6,33.4:94.2,23.5:3.6:10111 seed_src=lpt/none seed=0.0,0.0/0.0,0.0 far_start=70,0 far_raw=0/0 far_num=0/0 straight=0/1 far_straight=0/0 conf_deg=96.3/3.6/0.0/0.0
CrossDiag: type=CROSS_NONE track=1 half_lr=0/0 nearL=1@7/0@-1 nearNum=15/124 centerNum=15/124 farL=0@-1/0@-1 farNum=0/0 farRaw=0/0 lost=0/0 not_have=0 final=124/126 flags=0/0
LineErr: aim=41 cxcy=84.0,119.6 left=1:21.94@58,79 dx=-25.9 idx=0/12 dist=40/50 right=1:0.31@84,73 dx=-0.4 idx=0/18 dist=42/252 sel=1:0.39@84,74 dx=-0.5 idx=0/20 dist=40/250 edge=1:8.54@75.5,86.0 dx=-8.5 width=76.1 l=41,102 r=110,70
CxScan: raw_ref=80.0 edge=75.5,86.0 best_raw_x=60 best_err=0.86 best_cxcy=76.4,119.5 scan=0:-21.4,10:-18.0,20:-14.4,30:-10.7,40:-6.9,50:-3.0,60:0.9,70:4.7,80:8.5,90:12.3,100:15.9,110:19.4,120:22.7,130:25.9,140:29.0
ATGSeedDiag: seed=1@15,108/1@135,108 begin=7,108 block=5 clip=8
ATGLptDiag: best=7(96.3) imip=0/14 pass=11111 acc=7 ipm=56.8,100.0 inv=33.2,68.2 | 36(3.6) imip=26/46 pass=10111 acc=-1 ipm=114.6,33.4 inv=94.2,23.5
ATGCircleBeginDiag: side=L reason=state rpts0=15 Lpt0=1 none_left=0 have_left=0 dist=0 begin_dist=962 enter_dist=0 enter_gyro=0
frame=108 line=1 track=1 cross=0 circle=1(CIRCLE_LEFT_BEGIN) round=0 yroad=0 ramp=0 road=6 speed=0 near=15/124 raw=73/105 sel=124/126 far=0/0 far_raw=0/0 l=1@7/0@-1 far_l=0@-1/0@-1 straight=0/1 far_straight=0/0 circle_cnt=0/0/0/0 lost=0/0 conf=99.0/4.3/0.0/0.0 dist=0 begin=974/0 m0=(84,119) ml=(83,78) md=41/1/132 cxcy=84.0,119.6 guide=0.66 atg=0.0/0.0/0.0 pure=-0.20/-0.33 yaw=-53 cmd=-101 actual=-28 signed=1 rps=3939/3661:4385/4589 duty=9/10 pwm=PWM2:9/PWM1:10 motor=2:9/1:10
ATGCorner: L=1@7/0@-1 Y=0@-1/0@-1 farL=0@-1/0@-1 Lxy=57.0,100.0:33.7,68.1/-1.0,-1.0:-1.0,-1.0 Yxy=-1.0,-1.0:-1.0,-1.0/-1.0,-1.0:-1.0,-1.0 farLxy=-1.0,-1.0:-1.0,-1.0/-1.0,-1.0:-1.0,-1.0 best=7:57.0,100.0:33.7,68.1:99.0:11111/36:114.9,33.5:94.4,23.5:4.3:10111 seed_src=lpt/none seed=0.0,0.0/0.0,0.0 far_start=70,0 far_raw=0/0 far_num=0/0 straight=0/1 far_straight=0/0 conf_deg=99.0/4.3/0.0/0.0
CrossDiag: type=CROSS_NONE track=1 half_lr=0/0 nearL=1@7/0@-1 nearNum=15/124 centerNum=15/124 farL=0@-1/0@-1 farNum=0/0 farRaw=0/0 lost=0/0 not_have=0 final=124/126 flags=0/0
LineErr: aim=41 cxcy=84.0,119.6 left=1:22.06@58,79 dx=-25.9 idx=0/12 dist=41/52 right=1:0.32@84,73 dx=-0.4 idx=0/18 dist=41/254 sel=1:0.39@84,74 dx=-0.5 idx=0/20 dist=40/250 edge=1:8.62@75.5,86.5 dx=-8.5 width=76.5 l=41,103 r=110,70
CxScan: raw_ref=80.0 edge=75.5,86.5 best_raw_x=60 best_err=0.87 best_cxcy=76.4,119.5 scan=0:-21.6,10:-18.1,20:-14.5,30:-10.8,40:-6.9,50:-3.0,60:0.9,70:4.8,80:8.6,90:12.4,100:16.0,110:19.6,120:22.9,130:26.1,140:29.2
ATGSeedDiag: seed=1@15,108/1@135,108 begin=7,108 block=5 clip=8
ATGLptDiag: best=7(99.0) imip=0/14 pass=11111 acc=7 ipm=57.0,100.0 inv=33.7,68.1 | 36(4.3) imip=26/46 pass=10111 acc=-1 ipm=114.9,33.5 inv=94.4,23.5
ATGCircleBeginDiag: side=L reason=state rpts0=14 Lpt0=1 none_left=0 have_left=0 dist=0 begin_dist=974 enter_dist=0 enter_gyro=0
frame=109 line=1 track=1 cross=0 circle=1(CIRCLE_LEFT_BEGIN) round=0 yroad=0 ramp=0 road=6 speed=0 near=14/124 raw=69/105 sel=124/126 far=0/0 far_raw=0/0 l=1@7/0@-1 far_l=0@-1/0@-1 straight=0/1 far_straight=0/0 circle_cnt=0/0/0/0 lost=0/0 conf=95.4/5.9/0.0/0.0 dist=0 begin=986/0 m0=(84,119) ml=(83,78) md=41/1/132 cxcy=84.0,119.6 guide=0.66 atg=0.0/0.0/0.0 pure=-0.24/-0.34 yaw=-53 cmd=-107 actual=-26 signed=1 rps=3946/3654:4451/4766 duty=9/9 pwm=PWM2:9/PWM1:9 motor=2:9/1:9
ATGCorner: L=1@7/0@-1 Y=0@-1/0@-1 farL=0@-1/0@-1 Lxy=55.8,100.4:31.3,68.8/-1.0,-1.0:-1.0,-1.0 Yxy=-1.0,-1.0:-1.0,-1.0/-1.0,-1.0:-1.0,-1.0 farLxy=-1.0,-1.0:-1.0,-1.0/-1.0,-1.0:-1.0,-1.0 best=7:55.8,100.4:31.3,68.8:95.4:11111/1:107.6,114.2:130.6,98.0:5.9:10111 seed_src=lpt/none seed=0.0,0.0/0.0,0.0 far_start=70,0 far_raw=0/0 far_num=0/0 straight=0/1 far_straight=0/0 conf_deg=95.4/5.9/0.0/0.0
CrossDiag: type=CROSS_NONE track=1 half_lr=0/0 nearL=1@7/0@-1 nearNum=14/124 centerNum=14/124 farL=0@-1/0@-1 farNum=0/0 farRaw=0/0 lost=0/0 not_have=0 final=124/126 flags=0/0
LineErr: aim=41 cxcy=84.0,119.6 left=1:26.54@52,79 dx=-31.9 idx=0/13 dist=42/42 right=1:0.31@84,73 dx=-0.4 idx=0/18 dist=41/252 sel=1:0.39@84,74 dx=-0.5 idx=0/20 dist=40/250 edge=1:8.12@76.0,86.5 dx=-8.0 width=75.6 l=42,103 r=110,70
CxScan: raw_ref=80.0 edge=76.0,86.5 best_raw_x=60 best_err=0.36 best_cxcy=76.4,119.5 scan=0:-22.1,10:-18.6,20:-15.0,30:-11.3,40:-7.4,50:-3.5,60:0.4,70:4.3,80:8.1,90:11.9,100:15.6,110:19.1,120:22.5,130:25.7,140:28.8
ATGSeedDiag: seed=1@15,108/1@135,108 begin=7,108 block=5 clip=8
ATGLptDiag: best=7(95.4) imip=0/13 pass=11111 acc=7 ipm=55.8,100.4 inv=31.3,68.8 | 1(5.9) imip=0/11 pass=10111 acc=-1 ipm=107.6,114.2 inv=130.6,98.0
ATGCircleBeginDiag: side=L reason=state rpts0=14 Lpt0=1 none_left=0 have_left=0 dist=0 begin_dist=986 enter_dist=0 enter_gyro=0
ATGCircleBeginDiag: side=L reason=state rpts0=13 Lpt0=1 none_left=0 have_left=0 dist=0 begin_dist=998 enter_dist=0 enter_gyro=0
frame=111 line=1 track=1 cross=0 circle=1(CIRCLE_LEFT_BEGIN) round=0 yroad=0 ramp=0 road=6 speed=0 near=13/124 raw=66/105 sel=124/125 far=0/0 far_raw=0/0 l=1@6/0@-1 far_l=0@-1/0@-1 straight=0/1 far_straight=0/0 circle_cnt=0/0/0/0 lost=0/0 conf=95.3/7.7/0.0/0.0 dist=0 begin=1010/0 m0=(84,119) ml=(83,78) md=41/1/129 cxcy=84.0,119.6 guide=0.66 atg=0.0/0.0/0.0 pure=-0.18/-0.33 yaw=-53 cmd=-146 actual=-6 signed=1 rps=4001/3599:4219/4604 duty=9/9 pwm=PWM2:9/PWM1:9 motor=2:9/1:9
ATGCorner: L=1@6/0@-1 Y=0@-1/0@-1 farL=0@-1/0@-1 Lxy=56.6,102.4:31.0,72.1/-1.0,-1.0:-1.0,-1.0 Yxy=-1.0,-1.0:-1.0,-1.0/-1.0,-1.0:-1.0,-1.0 farLxy=-1.0,-1.0:-1.0,-1.0/-1.0,-1.0:-1.0,-1.0 best=6:56.6,102.4:31.0,72.1:95.3:11111/1:107.6,114.2:130.8,98.0:7.7:10111 seed_src=lpt/none seed=0.0,0.0/0.0,0.0 far_start=70,0 far_raw=0/0 far_num=0/0 straight=0/1 far_straight=0/0 conf_deg=95.3/7.7/0.0/0.0
CrossDiag: type=CROSS_NONE track=1 half_lr=0/0 nearL=1@6/0@-1 nearNum=13/124 centerNum=13/124 farL=0@-1/0@-1 farNum=0/0 farRaw=0/0 lost=0/0 not_have=0 final=124/125 flags=0/0
LineErr: aim=41 cxcy=84.0,119.6 left=1:25.49@55,81 dx=-29.4 idx=0/12 dist=36/36 right=1:0.39@84,73 dx=-0.5 idx=0/18 dist=41/253 sel=1:0.43@84,74 dx=-0.5 idx=0/20 dist=40/248 edge=1:7.69@76.5,87.0 dx=-7.5 width=75.1 l=43,104 r=110,70
CxScan: raw_ref=80.0 edge=76.5,87.0 best_raw_x=60 best_err=-0.15 best_cxcy=76.4,119.5 scan=0:-22.7,10:-19.2,20:-15.6,30:-11.8,40:-8.0,50:-4.1,60:-0.2,70:3.8,80:7.7,90:11.5,100:15.2,110:18.8,120:22.2,130:25.5,140:28.6
ATGSeedDiag: seed=1@15,108/1@135,108 begin=7,108 block=5 clip=8
ATGLptDiag: best=6(95.3) imip=0/12 pass=11111 acc=6 ipm=56.6,102.4 inv=31.0,72.1 | 1(7.7) imip=0/11 pass=10111 acc=-1 ipm=107.6,114.2 inv=130.8,98.0
ATGCircleBeginDiag: side=L reason=state rpts0=13 Lpt0=1 none_left=0 have_left=0 dist=0 begin_dist=1010 enter_dist=0 enter_gyro=0
frame=112 line=1 track=1 cross=0 circle=1(CIRCLE_LEFT_BEGIN) round=0 yroad=0 ramp=0 road=6 speed=0 near=13/124 raw=64/105 sel=124/126 far=0/0 far_raw=0/0 l=1@6/0@-1 far_l=0@-1/0@-1 straight=0/1 far_straight=0/0 circle_cnt=0/0/0/0 lost=0/0 conf=95.0/6.7/0.0/0.0 dist=0 begin=1022/0 m0=(84,119) ml=(83,78) md=41/1/129 cxcy=84.0,119.6 guide=1.04 atg=0.0/0.0/0.0 pure=-0.17/-0.27 yaw=-83 cmd=-242 actual=-4 signed=1 rps=4131/3469:4429/4560 duty=10/9 pwm=PWM2:10/PWM1:9 motor=2:10/1:9
ATGCorner: L=1@6/0@-1 Y=0@-1/0@-1 farL=0@-1/0@-1 Lxy=56.3,102.8:30.1,72.7/-1.0,-1.0:-1.0,-1.0 Yxy=-1.0,-1.0:-1.0,-1.0/-1.0,-1.0:-1.0,-1.0 farLxy=-1.0,-1.0:-1.0,-1.0/-1.0,-1.0:-1.0,-1.0 best=6:56.3,102.8:30.1,72.7:95.0:11111/1:107.6,114.2:130.6,98.0:6.7:10111 seed_src=lpt/none seed=0.0,0.0/0.0,0.0 far_start=70,0 far_raw=0/0 far_num=0/0 straight=0/1 far_straight=0/0 conf_deg=95.0/6.7/0.0/0.0
CrossDiag: type=CROSS_NONE track=1 half_lr=0/0 nearL=1@6/0@-1 nearNum=13/124 centerNum=13/124 farL=0@-1/0@-1 farNum=0/0 farRaw=0/0 lost=0/0 not_have=0 final=124/126 flags=0/0
LineErr: aim=41 cxcy=84.0,119.6 left=1:27.11@53,81 dx=-31.5 idx=0/12 dist=35/35 right=1:0.78@83,75 dx=-0.9 idx=0/17 dist=40/252 sel=1:0.65@83,74 dx=-0.8 idx=0/20 dist=40/250 edge=1:8.26@76.0,87.5 dx=-8.0 width=74.7 l=43,105 r=109,70
CxScan: raw_ref=80.0 edge=76.0,87.5 best_raw_x=60 best_err=0.37 best_cxcy=76.4,119.5 scan=0:-22.4,10:-18.9,20:-15.2,30:-11.5,40:-7.6,50:-3.6,60:0.4,70:4.3,80:8.3,90:12.1,100:15.8,110:19.4,120:22.9,130:26.1,140:29.2
ATGSeedDiag: seed=1@16,108/1@135,108 begin=7,108 block=5 clip=8
ATGLptDiag: best=6(95.0) imip=0/12 pass=11111 acc=6 ipm=56.3,102.8 inv=30.1,72.7 | 1(6.7) imip=0/11 pass=10111 acc=-1 ipm=107.6,114.2 inv=130.6,98.0
ATGCircleBeginDiag: side=L reason=state rpts0=12 Lpt0=1 none_left=0 have_left=0 dist=0 begin_dist=1022 enter_dist=0 enter_gyro=0
frame=113 line=1 track=1 cross=0 circle=1(CIRCLE_LEFT_BEGIN) round=0 yroad=0 ramp=0 road=6 speed=0 near=12/124 raw=65/105 sel=124/126 far=0/0 far_raw=0/0 l=1@5/0@-1 far_l=0@-1/0@-1 straight=0/1 far_straight=0/0 circle_cnt=0/0/0/0 lost=0/0 conf=95.0/2.8/0.0/0.0 dist=0 begin=1034/0 m0=(84,119) ml=(83,78) md=41/1/129 cxcy=84.0,119.6 guide=1.04 atg=0.0/0.0/0.0 pure=-0.12/-0.27 yaw=-83 cmd=-222 actual=-14 signed=1 rps=4105/3495:4344/4192 duty=10/9 pwm=PWM2:10/PWM1:9 motor=2:10/1:9
ATGCorner: L=1@5/0@-1 Y=0@-1/0@-1 farL=0@-1/0@-1 Lxy=57.7,104.5:31.1,75.9/-1.0,-1.0:-1.0,-1.0 Yxy=-1.0,-1.0:-1.0,-1.0/-1.0,-1.0:-1.0,-1.0 farLxy=-1.0,-1.0:-1.0,-1.0/-1.0,-1.0:-1.0,-1.0 best=5:57.7,104.5:31.1,75.9:95.0:11111/34:113.3,38.0:94.2,24.8:2.8:10111 seed_src=lpt/none seed=0.0,0.0/0.0,0.0 far_start=70,0 far_raw=0/0 far_num=0/0 straight=0/1 far_straight=0/0 conf_deg=95.0/2.8/0.0/0.0
CrossDiag: type=CROSS_NONE track=1 half_lr=0/0 nearL=1@5/0@-1 nearNum=12/124 centerNum=12/124 farL=0@-1/0@-1 farNum=0/0 farRaw=0/0 lost=0/0 not_have=0 final=124/126 flags=0/0
LineErr: aim=41 cxcy=84.0,119.6 left=1:23.29@59,84 dx=-25.5 idx=0/11 dist=28/28 right=1:0.79@83,75 dx=-0.9 idx=0/17 dist=41/253 sel=1:0.66@83,74 dx=-0.8 idx=0/20 dist=40/250 edge=1:7.31@77.0,88.0 dx=-7.0 width=73.4 l=45,106 r=109,70
CxScan: raw_ref=80.0 edge=77.0,88.0 best_raw_x=60 best_err=-0.68 best_cxcy=76.4,119.5 scan=0:-23.5,10:-20.0,20:-16.3,30:-12.6,40:-8.7,50:-4.7,60:-0.7,70:3.3,80:7.3,90:11.2,100:15.0,110:18.7,120:22.2,130:25.5,140:28.6
ATGSeedDiag: seed=1@16,108/1@135,108 begin=7,108 block=5 clip=8
ATGLptDiag: best=5(95.0) imip=0/11 pass=11111 acc=5 ipm=57.7,104.5 inv=31.1,75.9 | 34(2.8) imip=24/44 pass=10111 acc=-1 ipm=113.3,38.0 inv=94.2,24.8
ATGCircleBeginDiag: side=L reason=state rpts0=12 Lpt0=1 none_left=0 have_left=0 dist=0 begin_dist=1034 enter_dist=0 enter_gyro=0
frame=114 line=1 track=1 cross=0 circle=1(CIRCLE_LEFT_BEGIN) round=0 yroad=0 ramp=0 road=6 speed=0 near=12/124 raw=63/105 sel=124/126 far=0/0 far_raw=0/0 l=1@5/0@-1 far_l=0@-1/0@-1 straight=0/1 far_straight=0/0 circle_cnt=0/0/0/0 lost=0/0 conf=97.0/3.9/0.0/0.0 dist=0 begin=1046/0 m0=(84,119) ml=(83,78) md=41/1/130 cxcy=84.0,119.6 guide=1.04 atg=0.0/0.0/0.0 pure=-0.17/-0.27 yaw=-83 cmd=-198 actual=-26 signed=1 rps=4071/3529:4690/4217 duty=9/9 pwm=PWM2:9/PWM1:9 motor=2:9/1:9
ATGCorner: L=1@5/0@-1 Y=0@-1/0@-1 farL=0@-1/0@-1 Lxy=57.5,104.5:30.7,75.9/-1.0,-1.0:-1.0,-1.0 Yxy=-1.0,-1.0:-1.0,-1.0/-1.0,-1.0:-1.0,-1.0 farLxy=-1.0,-1.0:-1.0,-1.0/-1.0,-1.0:-1.0,-1.0 best=5:57.5,104.5:30.7,75.9:97.0:11111/33:113.6,40.3:94.9,25.6:3.9:10111 seed_src=lpt/none seed=0.0,0.0/0.0,0.0 far_start=70,0 far_raw=0/0 far_num=0/0 straight=0/1 far_straight=0/0 conf_deg=97.0/3.9/0.0/0.0
CrossDiag: type=CROSS_NONE track=1 half_lr=0/0 nearL=1@5/0@-1 nearNum=12/124 centerNum=12/124 farL=0@-1/0@-1 farNum=0/0 farRaw=0/0 lost=0/0 not_have=0 final=124/126 flags=0/0
LineErr: aim=41 cxcy=84.0,119.6 left=1:24.42@57,83 dx=-26.9 idx=0/11 dist=28/28 right=1:0.62@83,75 dx=-0.7 idx=0/17 dist=40/252 sel=1:0.54@83,74 dx=-0.6 idx=0/20 dist=40/250 edge=1:7.31@77.0,88.0 dx=-7.0 width=75.2 l=44,106 r=110,70
CxScan: raw_ref=80.0 edge=77.0,88.0 best_raw_x=60 best_err=-0.68 best_cxcy=76.4,119.5 scan=0:-23.5,10:-20.0,20:-16.3,30:-12.6,40:-8.7,50:-4.7,60:-0.7,70:3.3,80:7.3,90:11.2,100:15.0,110:18.7,120:22.2,130:25.5,140:28.6
ATGSeedDiag: seed=1@16,108/1@135,108 begin=7,108 block=5 clip=8
ATGLptDiag: best=5(97.0) imip=0/11 pass=11111 acc=5 ipm=57.5,104.5 inv=30.7,75.9 | 33(3.9) imip=23/43 pass=10111 acc=-1 ipm=113.6,40.3 inv=94.9,25.6
ATGCircleBeginDiag: side=L reason=state rpts0=11 Lpt0=1 none_left=0 have_left=0 dist=0 begin_dist=1046 enter_dist=0 enter_gyro=0
frame=115 line=1 track=1 cross=0 circle=1(CIRCLE_LEFT_BEGIN) round=0 yroad=0 ramp=0 road=6 speed=0 near=11/124 raw=59/105 sel=124/126 far=0/0 far_raw=0/0 l=1@5/0@-1 far_l=0@-1/0@-1 straight=0/1 far_straight=0/0 circle_cnt=0/0/0/0 lost=0/0 conf=94.3/6.0/0.0/0.0 dist=0 begin=1058/0 m0=(84,119) ml=(83,78) md=41/1/129 cxcy=84.0,119.6 guide=0.66 atg=0.0/0.0/0.0 pure=-0.22/-0.32 yaw=-53 cmd=-85 actual=-36 signed=1 rps=3917/3683:4610/4007 duty=9/10 pwm=PWM2:9/PWM1:10 motor=2:9/1:10
ATGCorner: L=1@5/0@-1 Y=0@-1/0@-1 farL=0@-1/0@-1 Lxy=56.7,104.7:29.2,76.2/-1.0,-1.0:-1.0,-1.0 Yxy=-1.0,-1.0:-1.0,-1.0/-1.0,-1.0:-1.0,-1.0 farLxy=-1.0,-1.0:-1.0,-1.0/-1.0,-1.0:-1.0,-1.0 best=5:56.7,104.7:29.2,76.2:94.3:11111/1:107.6,114.2:130.6,98.0:6.0:10111 seed_src=lpt/none seed=0.0,0.0/0.0,0.0 far_start=70,0 far_raw=0/0 far_num=0/0 straight=0/1 far_straight=0/0 conf_deg=94.3/6.0/0.0/0.0
CrossDiag: type=CROSS_NONE track=1 half_lr=0/0 nearL=1@5/0@-1 nearNum=11/124 centerNum=11/124 farL=0@-1/0@-1 farNum=0/0 farRaw=0/0 lost=0/0 not_have=0 final=124/126 flags=0/0
LineErr: aim=41 cxcy=84.0,119.6 left=1:21.17@62,86 dx=-21.9 idx=0/10 dist=20/20 right=1:0.38@84,73 dx=-0.5 idx=0/18 dist=41/253 sel=1:0.43@84,74 dx=-0.5 idx=0/20 dist=40/250 edge=1:6.80@77.5,88.0 dx=-6.5 width=74.3 l=45,106 r=110,70
CxScan: raw_ref=80.0 edge=77.5,88.0 best_raw_x=65 best_err=0.81 best_cxcy=78.3,119.5 scan=0:-23.9,10:-20.5,20:-16.8,30:-13.1,40:-9.2,50:-5.2,60:-1.2,70:2.8,80:6.8,90:10.7,100:14.5,110:18.2,120:21.7,130:25.1,140:28.2
ATGSeedDiag: seed=1@15,108/1@135,108 begin=7,108 block=5 clip=8
ATGLptDiag: best=5(94.3) imip=0/10 pass=11111 acc=5 ipm=56.7,104.7 inv=29.2,76.2 | 1(6.0) imip=0/11 pass=10111 acc=-1 ipm=107.6,114.2 inv=130.6,98.0
ATGCircleBeginDiag: side=L reason=state rpts0=11 Lpt0=1 none_left=0 have_left=0 dist=0 begin_dist=1058 enter_dist=0 enter_gyro=0
frame=116 line=1 track=1 cross=0 circle=1(CIRCLE_LEFT_BEGIN) round=0 yroad=0 ramp=0 road=6 speed=0 near=11/124 raw=60/105 sel=124/126 far=0/0 far_raw=0/0 l=1@5/0@-1 far_l=0@-1/0@-1 straight=0/1 far_straight=0/0 circle_cnt=0/0/0/0 lost=0/0 conf=97.9/6.2/0.0/0.0 dist=0 begin=1071/0 m0=(84,119) ml=(83,78) md=41/1/132 cxcy=84.0,119.6 guide=0.53 atg=0.0/0.0/0.0 pure=-0.24/-0.32 yaw=-42 cmd=-51 actual=-38 signed=1 rps=3869/3731:4945/4460 duty=8/10 pwm=PWM2:8/PWM1:10 motor=2:8/1:10
ATGCorner: L=1@5/0@-1 Y=0@-1/0@-1 farL=0@-1/0@-1 Lxy=56.8,104.6:29.4,76.1/-1.0,-1.0:-1.0,-1.0 Yxy=-1.0,-1.0:-1.0,-1.0/-1.0,-1.0:-1.0,-1.0 farLxy=-1.0,-1.0:-1.0,-1.0/-1.0,-1.0:-1.0,-1.0 best=5:56.8,104.6:29.4,76.1:97.9:11111/1:107.6,114.2:130.8,98.0:6.2:10111 seed_src=lpt/none seed=0.0,0.0/0.0,0.0 far_start=70,0 far_raw=0/0 far_num=0/0 straight=0/1 far_straight=0/0 conf_deg=97.9/6.2/0.0/0.0
CrossDiag: type=CROSS_NONE track=1 half_lr=0/0 nearL=1@5/0@-1 nearNum=11/124 centerNum=11/124 farL=0@-1/0@-1 farNum=0/0 farRaw=0/0 lost=0/0 not_have=0 final=124/126 flags=0/0
LineErr: aim=41 cxcy=84.0,119.6 left=1:21.67@62,86 dx=-22.5 idx=0/10 dist=20/20 right=1:0.33@84,75 dx=-0.4 idx=0/17 dist=41/255 sel=1:0.28@84,74 dx=-0.3 idx=0/20 dist=40/250 edge=1:6.86@77.5,88.5 dx=-6.5 width=74.8 l=45,107 r=110,70
CxScan: raw_ref=80.0 edge=77.5,88.5 best_raw_x=65 best_err=0.82 best_cxcy=78.3,119.5 scan=0:-24.1,10:-20.6,20:-17.0,30:-13.2,40:-9.3,50:-5.3,60:-1.2,70:2.8,80:6.9,90:10.8,100:14.6,110:18.3,120:21.9,130:25.3,140:28.5
ATGSeedDiag: seed=1@15,108/1@135,108 begin=7,108 block=5 clip=8
ATGLptDiag: best=5(97.9) imip=0/10 pass=11111 acc=5 ipm=56.8,104.6 inv=29.4,76.1 | 1(6.2) imip=0/11 pass=10111 acc=-1 ipm=107.6,114.2 inv=130.8,98.0
ATGCircleBeginDiag: side=L reason=state rpts0=10 Lpt0=1 none_left=0 have_left=0 dist=0 begin_dist=1071 enter_dist=0 enter_gyro=0
frame=117 line=1 track=1 cross=0 circle=1(CIRCLE_LEFT_BEGIN) round=0 yroad=0 ramp=0 road=6 speed=0 near=10/124 raw=56/105 sel=124/125 far=0/0 far_raw=0/0 l=1@5/0@-1 far_l=0@-1/0@-1 straight=0/1 far_straight=0/0 circle_cnt=0/0/0/0 lost=0/0 conf=90.2/3.5/0.0/0.0 dist=0 begin=1084/0 m0=(84,119) ml=(83,78) md=41/1/129 cxcy=84.0,119.6 guide=0.53 atg=0.0/0.0/0.0 pure=-0.24/-0.32 yaw=-42 cmd=-12 actual=-58 signed=1 rps=3816/3784:5066/4763 duty=8/10 pwm=PWM2:8/PWM1:10 motor=2:8/1:10
ATGCorner: L=1@5/0@-1 Y=0@-1/0@-1 farL=0@-1/0@-1 Lxy=55.6,105.4:26.5,77.6/-1.0,-1.0:-1.0,-1.0 Yxy=-1.0,-1.0:-1.0,-1.0/-1.0,-1.0:-1.0,-1.0 farLxy=-1.0,-1.0:-1.0,-1.0/-1.0,-1.0:-1.0,-1.0 best=5:55.6,105.4:26.5,77.6:90.2:11111/33:114.1,40.4:95.3,25.6:3.5:10111 seed_src=lpt/none seed=0.0,0.0/0.0,0.0 far_start=70,0 far_raw=0/0 far_num=0/0 straight=0/1 far_straight=0/0 conf_deg=90.2/3.5/0.0/0.0
CrossDiag: type=CROSS_NONE track=1 half_lr=0/0 nearL=1@5/0@-1 nearNum=10/124 centerNum=10/124 farL=0@-1/0@-1 farNum=0/0 farRaw=0/0 lost=0/0 not_have=0 final=124/125 flags=0/0
LineErr: aim=41 cxcy=84.0,119.6 left=1:20.69@63,87 dx=-21.1 idx=0/9 dist=18/18 right=1:0.33@84,75 dx=-0.4 idx=0/17 dist=41/255 sel=1:0.28@84,74 dx=-0.3 idx=0/20 dist=40/248 edge=1:5.81@78.5,88.5 dx=-5.5 width=73.1 l=47,107 r=110,70
CxScan: raw_ref=80.0 edge=78.5,88.5 best_raw_x=65 best_err=-0.24 best_cxcy=78.3,119.5 scan=0:-25.0,10:-21.6,20:-17.9,30:-14.2,40:-10.3,50:-6.3,60:-2.3,70:1.8,80:5.8,90:9.8,100:13.6,110:17.4,120:21.0,130:24.4,140:27.6
ATGSeedDiag: seed=1@16,108/1@135,108 begin=7,108 block=5 clip=8
ATGLptDiag: best=5(90.2) imip=0/9 pass=11111 acc=5 ipm=55.6,105.4 inv=26.5,77.6 | 33(3.5) imip=23/43 pass=10111 acc=-1 ipm=114.1,40.4 inv=95.3,25.6
ATGCircleBeginDiag: side=L reason=state rpts0=10 Lpt0=1 none_left=0 have_left=0 dist=0 begin_dist=1084 enter_dist=0 enter_gyro=0
frame=118 line=1 track=1 cross=0 circle=1(CIRCLE_LEFT_BEGIN) round=0 yroad=0 ramp=0 road=6 speed=0 near=10/124 raw=56/105 sel=124/126 far=0/0 far_raw=0/0 l=1@4/0@-1 far_l=0@-1/0@-1 straight=0/1 far_straight=0/0 circle_cnt=0/0/0/0 lost=0/0 conf=94.2/2.8/0.0/0.0 dist=0 begin=1098/0 m0=(84,119) ml=(83,78) md=41/1/129 cxcy=84.0,119.6 guide=0.66 atg=0.0/0.0/0.0 pure=-0.24/-0.32 yaw=-53 cmd=-24 actual=-67 signed=1 rps=3834/3766:4825/4701 duty=8/10 pwm=PWM2:8/PWM1:10 motor=2:8/1:10
ATGCorner: L=1@4/0@-1 Y=0@-1/0@-1 farL=0@-1/0@-1 Lxy=57.5,106.9:28.5,80.5/-1.0,-1.0:-1.0,-1.0 Yxy=-1.0,-1.0:-1.0,-1.0/-1.0,-1.0:-1.0,-1.0 farLxy=-1.0,-1.0:-1.0,-1.0/-1.0,-1.0:-1.0,-1.0 best=4:57.5,106.9:28.5,80.5:94.2:11111/18:109.7,74.8:101.7,41.7:2.8:10111 seed_src=lpt/none seed=0.0,0.0/0.0,0.0 far_start=70,0 far_raw=0/0 far_num=0/0 straight=0/1 far_straight=0/0 conf_deg=94.2/2.8/0.0/0.0
CrossDiag: type=CROSS_NONE track=1 half_lr=0/0 nearL=1@4/0@-1 nearNum=10/124 centerNum=10/124 farL=0@-1/0@-1 farNum=0/0 farRaw=0/0 lost=0/0 not_have=0 final=124/126 flags=0/0
LineErr: aim=41 cxcy=84.0,119.6 left=1:21.94@61,87 dx=-22.6 idx=0/9 dist=18/18 right=1:0.51@83,75 dx=-0.6 idx=0/17 dist=41/253 sel=1:0.39@84,74 dx=-0.5 idx=0/20 dist=40/250 edge=1:6.40@78.0,89.0 dx=-6.0 width=74.4 l=46,108 r=110,70
CxScan: raw_ref=80.0 edge=78.0,89.0 best_raw_x=65 best_err=0.29 best_cxcy=78.3,119.5 scan=0:-24.8,10:-21.3,20:-17.6,30:-13.8,40:-9.9,50:-5.8,60:-1.8,70:2.3,80:6.4,90:10.4,100:14.3,110:18.0,120:21.6,130:25.0,140:28.3
ATGSeedDiag: seed=1@16,108/1@135,108 begin=7,108 block=5 clip=8
ATGLptDiag: best=4(94.2) imip=0/9 pass=11111 acc=4 ipm=57.5,106.9 inv=28.5,80.5 | 18(2.8) imip=8/28 pass=10111 acc=-1 ipm=109.7,74.8 inv=101.7,41.7
ATGCircleBeginDiag: side=L reason=state rpts0=10 Lpt0=1 none_left=0 have_left=0 dist=0 begin_dist=1098 enter_dist=0 enter_gyro=0
frame=119 line=1 track=1 cross=0 circle=1(CIRCLE_LEFT_BEGIN) round=0 yroad=0 ramp=0 road=6 speed=0 near=10/124 raw=53/105 sel=124/126 far=0/0 far_raw=0/0 l=1@4/0@-1 far_l=0@-1/0@-1 straight=0/1 far_straight=0/0 circle_cnt=0/0/0/0 lost=0/0 conf=92.5/3.4/0.0/0.0 dist=0 begin=1111/0 m0=(84,119) ml=(83,78) md=41/1/130 cxcy=84.0,119.6 guide=0.66 atg=0.0/0.0/0.0 pure=-0.24/-0.27 yaw=-53 cmd=-4 actual=-77 signed=1 rps=3805/3795:4900/4960 duty=8/10 pwm=PWM2:8/PWM1:10 motor=2:8/1:10
ATGCorner: L=1@4/0@-1 Y=0@-1/0@-1 farL=0@-1/0@-1 Lxy=56.8,107.0:27.0,80.9/-1.0,-1.0:-1.0,-1.0 Yxy=-1.0,-1.0:-1.0,-1.0/-1.0,-1.0:-1.0,-1.0 farLxy=-1.0,-1.0:-1.0,-1.0/-1.0,-1.0:-1.0,-1.0 best=4:56.8,107.0:27.0,80.9:92.5:11111/33:113.8,40.3:95.0,25.6:3.4:10111 seed_src=lpt/none seed=0.0,0.0/0.0,0.0 far_start=70,0 far_raw=0/0 far_num=0/0 straight=0/1 far_straight=0/0 conf_deg=92.5/3.4/0.0/0.0
CrossDiag: type=CROSS_NONE track=1 half_lr=0/0 nearL=1@4/0@-1 nearNum=10/124 centerNum=10/124 farL=0@-1/0@-1 farNum=0/0 farRaw=0/0 lost=0/0 not_have=0 final=124/126 flags=0/0
LineErr: aim=41 cxcy=84.0,119.6 left=1:23.83@59,86 dx=-24.9 idx=0/9 dist=18/18 right=1:0.51@83,75 dx=-0.6 idx=0/17 dist=40/253 sel=1:0.39@84,74 dx=-0.5 idx=0/20 dist=40/250 edge=1:6.45@78.0,89.5 dx=-6.0 width=74.9 l=46,109 r=110,70
CxScan: raw_ref=80.0 edge=78.0,89.5 best_raw_x=65 best_err=0.29 best_cxcy=78.3,119.5 scan=0:-25.0,10:-21.5,20:-17.8,30:-13.9,40:-10.0,50:-5.9,60:-1.8,70:2.4,80:6.5,90:10.5,100:14.4,110:18.2,120:21.8,130:25.2,140:28.5
ATGSeedDiag: seed=1@16,108/1@135,108 begin=7,108 block=5 clip=8
ATGLptDiag: best=4(92.5) imip=0/9 pass=11111 acc=4 ipm=56.8,107.0 inv=27.0,80.9 | 33(3.4) imip=23/43 pass=10111 acc=-1 ipm=113.8,40.3 inv=95.0,25.6
ATGCircleBeginDiag: side=L reason=state rpts0=9 Lpt0=1 none_left=0 have_left=0 dist=0 begin_dist=1111 enter_dist=0 enter_gyro=0
frame=120 line=1 track=1 cross=0 circle=1(CIRCLE_LEFT_BEGIN) round=0 yroad=0 ramp=0 road=6 speed=0 near=9/124 raw=54/104 sel=124/126 far=0/0 far_raw=0/0 l=1@4/0@-1 far_l=0@-1/0@-1 straight=0/1 far_straight=0/0 circle_cnt=0/0/0/0 lost=0/0 conf=92.6/2.6/0.0/0.0 dist=0 begin=1124/0 m0=(84,119) ml=(83,78) md=41/1/129 cxcy=84.0,119.6 guide=0.53 atg=0.0/0.0/0.0 pure=-0.25/-0.32 yaw=-42 cmd=13 actual=-70 signed=1 rps=3782/3818:4593/4731 duty=8/10 pwm=PWM2:8/PWM1:10 motor=2:8/1:10
ATGCorner: L=1@4/0@-1 Y=0@-1/0@-1 farL=0@-1/0@-1 Lxy=56.5,107.1:26.4,81.1/-1.0,-1.0:-1.0,-1.0 Yxy=-1.0,-1.0:-1.0,-1.0/-1.0,-1.0:-1.0,-1.0 farLxy=-1.0,-1.0:-1.0,-1.0/-1.0,-1.0:-1.0,-1.0 best=4:56.5,107.1:26.4,81.1:92.6:11111/31:113.4,44.6:95.7,27.0:2.6:10111 seed_src=lpt/none seed=0.0,0.0/0.0,0.0 far_start=70,0 far_raw=0/0 far_num=0/0 straight=0/1 far_straight=0/0 conf_deg=92.6/2.6/0.0/0.0
CrossDiag: type=CROSS_NONE track=1 half_lr=0/0 nearL=1@4/0@-1 nearNum=9/124 centerNum=9/124 farL=0@-1/0@-1 farNum=0/0 farRaw=0/0 lost=0/0 not_have=0 final=124/126 flags=0/0
LineErr: aim=41 cxcy=84.0,119.6 left=1:21.08@63,88 dx=-21.3 idx=0/8 dist=16/16 right=1:0.39@84,75 dx=-0.5 idx=0/17 dist=40/253 sel=1:0.32@84,74 dx=-0.4 idx=0/20 dist=40/250 edge=1:5.92@78.5,89.5 dx=-5.5 width=74.1 l=47,109 r=110,70
CxScan: raw_ref=80.0 edge=78.5,89.5 best_raw_x=65 best_err=-0.25 best_cxcy=78.3,119.5 scan=0:-25.4,10:-21.9,20:-18.3,30:-14.4,40:-10.5,50:-6.4,60:-2.3,70:1.8,80:5.9,90:10.0,100:13.9,110:17.7,120:21.3,130:24.8,140:28.1
ATGSeedDiag: seed=1@16,108/1@135,107 begin=7,108 block=5 clip=8
ATGLptDiag: best=4(92.6) imip=0/8 pass=11111 acc=4 ipm=56.5,107.1 inv=26.4,81.1 | 31(2.6) imip=21/41 pass=10111 acc=-1 ipm=113.4,44.6 inv=95.7,27.0
ATGCircleBeginDiag: side=L reason=state rpts0=9 Lpt0=1 none_left=0 have_left=0 dist=0 begin_dist=1124 enter_dist=0 enter_gyro=0
frame=121 line=1 track=1 cross=0 circle=1(CIRCLE_LEFT_BEGIN) round=0 yroad=0 ramp=0 road=6 speed=0 near=9/124 raw=51/105 sel=124/126 far=0/0 far_raw=0/0 l=1@3/0@-1 far_l=0@-1/0@-1 straight=0/1 far_straight=0/0 circle_cnt=0/0/0/0 lost=0/0 conf=90.8/2.6/0.0/0.0 dist=0 begin=1136/0 m0=(84,119) ml=(83,78) md=41/1/129 cxcy=84.0,119.6 guide=0.53 atg=0.0/0.0/0.0 pure=-0.31/-0.32 yaw=-42 cmd=-19 actual=-54 signed=1 rps=3826/3774:4570/4853 duty=8/10 pwm=PWM2:8/PWM1:10 motor=2:8/1:10
ATGCorner: L=1@3/0@-1 Y=0@-1/0@-1 farL=0@-1/0@-1 Lxy=57.6,109.2:26.3,85.7/-1.0,-1.0:-1.0,-1.0 Yxy=-1.0,-1.0:-1.0,-1.0/-1.0,-1.0:-1.0,-1.0 farLxy=-1.0,-1.0:-1.0,-1.0/-1.0,-1.0:-1.0,-1.0 best=3:57.6,109.2:26.3,85.7:90.8:11111/32:113.6,42.6:95.4,26.3:2.6:10111 seed_src=lpt/none seed=0.0,0.0/0.0,0.0 far_start=70,0 far_raw=0/0 far_num=0/0 straight=0/1 far_straight=0/0 conf_deg=90.8/2.6/0.0/0.0
CrossDiag: type=CROSS_NONE track=1 half_lr=0/0 nearL=1@3/0@-1 nearNum=9/124 centerNum=9/124 farL=0@-1/0@-1 farNum=0/0 farRaw=0/0 lost=0/0 not_have=0 final=124/126 flags=0/0
LineErr: aim=41 cxcy=84.0,119.6 left=1:23.22@60,87 dx=-23.9 idx=0/8 dist=16/16 right=1:0.38@84,75 dx=-0.4 idx=0/17 dist=40/252 sel=1:0.32@84,74 dx=-0.4 idx=0/20 dist=40/250 edge=1:5.92@78.5,89.5 dx=-5.5 width=74.1 l=47,109 r=110,70
CxScan: raw_ref=80.0 edge=78.5,89.5 best_raw_x=65 best_err=-0.25 best_cxcy=78.3,119.5 scan=0:-25.4,10:-21.9,20:-18.3,30:-14.4,40:-10.5,50:-6.4,60:-2.3,70:1.8,80:5.9,90:10.0,100:13.9,110:17.7,120:21.3,130:24.8,140:28.1
ATGSeedDiag: seed=1@16,108/1@136,108 begin=7,108 block=5 clip=8
ATGLptDiag: best=3(90.8) imip=0/8 pass=11111 acc=3 ipm=57.6,109.2 inv=26.3,85.7 | 32(2.6) imip=22/42 pass=10111 acc=-1 ipm=113.6,42.6 inv=95.4,26.3
ATGCircleBeginDiag: side=L reason=state rpts0=8 Lpt0=1 none_left=0 have_left=0 dist=0 begin_dist=1136 enter_dist=0 enter_gyro=0
frame=122 line=1 track=1 cross=0 circle=1(CIRCLE_LEFT_BEGIN) round=0 yroad=0 ramp=0 road=6 speed=0 near=8/124 raw=47/105 sel=124/125 far=0/0 far_raw=0/0 l=1@3/0@-1 far_l=0@-1/0@-1 straight=0/1 far_straight=0/0 circle_cnt=0/0/0/0 lost=0/0 conf=90.0/3.0/0.0/0.0 dist=0 begin=1149/0 m0=(84,119) ml=(84,78) md=41/1/129 cxcy=84.0,119.6 guide=0.40 atg=0.0/0.0/0.0 pure=-0.32/-0.32 yaw=-32 cmd=-47 actual=-25 signed=1 rps=3864/3736:4589/5051 duty=8/9 pwm=PWM2:8/PWM1:9 motor=2:8/1:9
ATGCorner: L=1@3/0@-1 Y=0@-1/0@-1 farL=0@-1/0@-1 Lxy=57.3,109.2:25.7,85.7/-1.0,-1.0:-1.0,-1.0 Yxy=-1.0,-1.0:-1.0,-1.0/-1.0,-1.0:-1.0,-1.0 farLxy=-1.0,-1.0:-1.0,-1.0/-1.0,-1.0:-1.0,-1.0 best=3:57.3,109.2:25.7,85.7:90.0:11111/31:113.7,45.0:96.0,27.1:3.0:10111 seed_src=lpt/none seed=0.0,0.0/0.0,0.0 far_start=70,0 far_raw=0/0 far_num=0/0 straight=0/1 far_straight=0/0 conf_deg=90.0/3.0/0.0/0.0
CrossDiag: type=CROSS_NONE track=1 half_lr=0/0 nearL=1@3/0@-1 nearNum=8/124 centerNum=8/124 farL=0@-1/0@-1 farNum=0/0 farRaw=0/0 lost=0/0 not_have=0 final=124/125 flags=0/0
LineErr: aim=41 cxcy=84.0,119.6 left=1:20.70@63,88 dx=-20.6 idx=0/7 dist=14/14 right=1:0.27@84,75 dx=-0.3 idx=0/17 dist=41/253 sel=1:0.19@84,74 dx=-0.2 idx=0/20 dist=40/248 edge=1:5.44@79.0,90.0 dx=-5.0 width=73.8 l=48,110 r=110,70
CxScan: raw_ref=80.0 edge=79.0,90.0 best_raw_x=65 best_err=-0.79 best_cxcy=78.3,119.5 scan=0:-26.1,10:-22.6,20:-18.9,30:-15.1,40:-11.1,50:-7.0,60:-2.9,70:1.3,80:5.4,90:9.5,100:13.5,110:17.4,120:21.0,130:24.6,140:27.9
ATGSeedDiag: seed=1@16,108/1@136,108 begin=7,108 block=5 clip=8
ATGLptDiag: best=3(90.0) imip=0/7 pass=11111 acc=3 ipm=57.3,109.2 inv=25.7,85.7 | 31(3.0) imip=21/41 pass=10111 acc=-1 ipm=113.7,45.0 inv=96.0,27.1
ATGCircleBeginDiag: side=L reason=state rpts0=8 Lpt0=1 none_left=0 have_left=0 dist=0 begin_dist=1149 enter_dist=0 enter_gyro=0
frame=123 line=1 track=1 cross=0 circle=1(CIRCLE_LEFT_BEGIN) round=0 yroad=0 ramp=0 road=6 speed=0 near=8/124 raw=50/105 sel=124/125 far=0/0 far_raw=0/0 l=1@3/0@-1 far_l=0@-1/0@-1 straight=0/1 far_straight=0/0 circle_cnt=0/0/0/0 lost=0/0 conf=96.0/3.0/0.0/0.0 dist=0 begin=1161/0 m0=(84,119) ml=(83,78) md=41/1/129 cxcy=84.0,119.6 guide=0.66 atg=0.0/0.0/0.0 pure=-0.32/-0.32 yaw=-53 cmd=-184 actual=13 signed=1 rps=4052/3548:4221/4736 duty=9/9 pwm=PWM2:9/PWM1:9 motor=2:9/1:9
ATGCorner: L=1@3/0@-1 Y=0@-1/0@-1 farL=0@-1/0@-1 Lxy=57.6,109.2:26.3,85.7/-1.0,-1.0:-1.0,-1.0 Yxy=-1.0,-1.0:-1.0,-1.0/-1.0,-1.0:-1.0,-1.0 farLxy=-1.0,-1.0:-1.0,-1.0/-1.0,-1.0:-1.0,-1.0 best=3:57.6,109.2:26.3,85.7:96.0:11111/31:113.7,45.0:96.0,27.1:3.0:10111 seed_src=lpt/none seed=0.0,0.0/0.0,0.0 far_start=70,0 far_raw=0/0 far_num=0/0 straight=0/1 far_straight=0/0 conf_deg=96.0/3.0/0.0/0.0
CrossDiag: type=CROSS_NONE track=1 half_lr=0/0 nearL=1@3/0@-1 nearNum=8/124 centerNum=8/124 farL=0@-1/0@-1 farNum=0/0 farRaw=0/0 lost=0/0 not_have=0 final=124/125 flags=0/0
LineErr: aim=41 cxcy=84.0,119.6 left=1:21.44@63,88 dx=-21.4 idx=0/7 dist=14/14 right=1:0.38@84,75 dx=-0.5 idx=0/17 dist=41/253 sel=1:0.26@84,74 dx=-0.3 idx=0/20 dist=40/248 edge=1:4.90@79.5,90.0 dx=-4.5 width=72.9 l=49,110 r=110,70
CxScan: raw_ref=80.0 edge=79.5,90.0 best_raw_x=70 best_err=0.75 best_cxcy=80.2,119.5 scan=0:-26.5,10:-23.0,20:-19.4,30:-15.6,40:-11.6,50:-7.6,60:-3.4,70:0.8,80:4.9,90:9.0,100:13.0,110:16.9,120:20.6,130:24.1,140:27.4
ATGSeedDiag: seed=1@16,108/1@136,108 begin=7,108 block=5 clip=8
ATGLptDiag: best=3(96.0) imip=0/7 pass=11111 acc=3 ipm=57.6,109.2 inv=26.3,85.7 | 31(3.0) imip=21/41 pass=10111 acc=-1 ipm=113.7,45.0 inv=96.0,27.1
ATGCircleBeginDiag: side=L reason=state rpts0=7 Lpt0=1 none_left=0 have_left=0 dist=0 begin_dist=1161 enter_dist=0 enter_gyro=0
frame=124 line=1 track=1 cross=0 circle=1(CIRCLE_LEFT_BEGIN) round=0 yroad=0 ramp=0 road=6 speed=0 near=7/124 raw=45/105 sel=124/126 far=0/0 far_raw=0/0 l=1@3/0@-1 far_l=0@-1/0@-1 straight=0/1 far_straight=0/0 circle_cnt=0/0/0/0 lost=0/0 conf=85.4/2.5/0.0/0.0 dist=0 begin=1173/0 m0=(84,119) ml=(83,78) md=41/1/129 cxcy=84.0,119.6 guide=0.66 atg=0.0/0.0/0.0 pure=-0.31/-0.32 yaw=-53 cmd=-244 actual=43 signed=1 rps=4134/3466:4384/4855 duty=10/8 pwm=PWM2:10/PWM1:8 motor=2:10/1:8
ATGCorner: L=1@3/0@-1 Y=0@-1/0@-1 farL=0@-1/0@-1 Lxy=56.2,109.6:23.0,86.8/-1.0,-1.0:-1.0,-1.0 Yxy=-1.0,-1.0:-1.0,-1.0/-1.0,-1.0:-1.0,-1.0 farLxy=-1.0,-1.0:-1.0,-1.0/-1.0,-1.0:-1.0,-1.0 best=3:56.2,109.6:23.0,86.8:85.4:11111/31:113.4,44.9:95.8,27.1:2.5:10111 seed_src=lpt/none seed=0.0,0.0/0.0,0.0 far_start=70,0 far_raw=0/0 far_num=0/0 straight=0/1 far_straight=0/0 conf_deg=85.4/2.5/0.0/0.0
CrossDiag: type=CROSS_NONE track=1 half_lr=0/0 nearL=1@3/0@-1 nearNum=7/124 centerNum=7/124 farL=0@-1/0@-1 farNum=0/0 farRaw=0/0 lost=0/0 not_have=0 final=124/126 flags=0/0
LineErr: aim=41 cxcy=84.0,119.6 left=1:20.38@64,89 dx=-20.0 idx=0/6 dist=12/12 right=1:0.39@84,75 dx=-0.5 idx=0/17 dist=40/252 sel=1:0.26@84,74 dx=-0.3 idx=0/20 dist=40/250 edge=1:4.95@79.5,90.5 dx=-4.5 width=73.5 l=49,111 r=110,70
CxScan: raw_ref=80.0 edge=79.5,90.5 best_raw_x=70 best_err=0.76 best_cxcy=80.2,119.5 scan=0:-26.7,10:-23.2,20:-19.6,30:-15.7,40:-11.7,50:-7.6,60:-3.4,70:0.8,80:4.9,90:9.1,100:13.1,110:17.0,120:20.8,130:24.3,140:27.7
ATGSeedDiag: seed=1@16,108/1@136,108 begin=7,108 block=5 clip=8
ATGLptDiag: best=3(85.4) imip=0/6 pass=11111 acc=3 ipm=56.2,109.6 inv=23.0,86.8 | 31(2.5) imip=21/41 pass=10111 acc=-1 ipm=113.4,44.9 inv=95.8,27.1
ATGCircleBeginDiag: side=L reason=state rpts0=7 Lpt0=1 none_left=0 have_left=0 dist=0 begin_dist=1173 enter_dist=0 enter_gyro=0
ATGCircleBeginDiag: side=L reason=state rpts0=7 Lpt0=1 none_left=0 have_left=0 dist=0 begin_dist=1185 enter_dist=0 enter_gyro=0
frame=126 line=1 track=1 cross=0 circle=1(CIRCLE_LEFT_BEGIN) round=0 yroad=0 ramp=0 road=6 speed=0 near=7/124 raw=39/104 sel=124/126 far=0/0 far_raw=0/0 l=1@2/0@-1 far_l=0@-1/0@-1 straight=0/1 far_straight=0/0 circle_cnt=0/0/0/0 lost=0/0 conf=87.0/3.7/0.0/0.0 dist=0 begin=1197/0 m0=(84,119) ml=(83,78) md=41/1/130 cxcy=84.0,119.6 guide=0.66 atg=0.0/0.0/0.0 pure=-0.28/-0.27 yaw=-53 cmd=-283 actual=63 signed=1 rps=4188/3412:4546/4452 duty=10/9 pwm=PWM2:10/PWM1:9 motor=2:10/1:9
ATGCorner: L=1@2/0@-1 Y=0@-1/0@-1 farL=0@-1/0@-1 Lxy=57.2,111.5:22.7,91.5/-1.0,-1.0:-1.0,-1.0 Yxy=-1.0,-1.0:-1.0,-1.0/-1.0,-1.0:-1.0,-1.0 farLxy=-1.0,-1.0:-1.0,-1.0/-1.0,-1.0:-1.0,-1.0 best=2:57.2,111.5:22.7,91.5:87.0:11111/31:113.4,44.7:95.7,27.0:3.7:10111 seed_src=lpt/none seed=0.0,0.0/0.0,0.0 far_start=70,0 far_raw=0/0 far_num=0/0 straight=0/1 far_straight=0/0 conf_deg=87.0/3.7/0.0/0.0
CrossDiag: type=CROSS_NONE track=1 half_lr=0/0 nearL=1@2/0@-1 nearNum=7/124 centerNum=7/124 farL=0@-1/0@-1 farNum=0/0 farRaw=0/0 lost=0/0 not_have=0 final=124/126 flags=0/0
LineErr: aim=41 cxcy=84.0,119.6 left=1:24.98@59,88 dx=-25.5 idx=0/6 dist=12/12 right=1:0.54@83,75 dx=-0.6 idx=0/17 dist=40/254 sel=1:0.41@84,74 dx=-0.5 idx=0/20 dist=40/250 edge=1:5.55@79.0,91.0 dx=-5.0 width=74.9 l=48,112 r=110,70
CxScan: raw_ref=80.0 edge=79.0,91.0 best_raw_x=65 best_err=-0.81 best_cxcy=78.3,119.5 scan=0:-26.5,10:-23.0,20:-19.2,30:-15.3,40:-11.3,50:-7.2,60:-2.9,70:1.3,80:5.5,90:9.7,100:13.8,110:17.7,120:21.4,130:25.0,140:28.3
ATGSeedDiag: seed=1@16,108/1@135,107 begin=7,108 block=5 clip=8
ATGLptDiag: best=2(87.0) imip=0/6 pass=11111 acc=2 ipm=57.2,111.5 inv=22.7,91.5 | 31(3.7) imip=21/41 pass=10111 acc=-1 ipm=113.4,44.7 inv=95.7,27.0
ATGCircleBeginDiag: side=L reason=state rpts0=6 Lpt0=1 none_left=0 have_left=0 dist=0 begin_dist=1197 enter_dist=0 enter_gyro=0
frame=127 line=1 track=1 cross=0 circle=1(CIRCLE_LEFT_BEGIN) round=0 yroad=0 ramp=0 road=6 speed=0 near=6/124 raw=39/105 sel=124/126 far=0/0 far_raw=0/0 l=1@2/0@-1 far_l=0@-1/0@-1 straight=0/1 far_straight=0/0 circle_cnt=0/0/0/0 lost=0/0 conf=85.2/3.7/0.0/0.0 dist=0 begin=1210/0 m0=(84,119) ml=(83,78) md=41/1/130 cxcy=84.0,119.6 guide=0.66 atg=0.0/0.0/0.0 pure=-0.31/-0.27 yaw=-53 cmd=-288 actual=65 signed=1 rps=4195/3405:4538/4274 duty=10/9 pwm=PWM2:10/PWM1:9 motor=2:10/1:9
ATGCorner: L=1@2/0@-1 Y=0@-1/0@-1 farL=0@-1/0@-1 Lxy=56.9,111.6:22.0,91.7/-1.0,-1.0:-1.0,-1.0 Yxy=-1.0,-1.0:-1.0,-1.0/-1.0,-1.0:-1.0,-1.0 farLxy=-1.0,-1.0:-1.0,-1.0/-1.0,-1.0:-1.0,-1.0 best=2:56.9,111.6:22.0,91.7:85.2:11111/31:113.4,44.9:95.8,27.1:3.7:10111 seed_src=lpt/none seed=0.0,0.0/0.0,0.0 far_start=70,0 far_raw=0/0 far_num=0/0 straight=0/1 far_straight=0/0 conf_deg=85.2/3.7/0.0/0.0
CrossDiag: type=CROSS_NONE track=1 half_lr=0/0 nearL=1@2/0@-1 nearNum=6/124 centerNum=6/124 farL=0@-1/0@-1 farNum=0/0 farRaw=0/0 lost=0/0 not_have=0 final=124/126 flags=0/0
LineErr: aim=41 cxcy=84.0,119.6 left=1:22.11@62,89 dx=-21.8 idx=0/5 dist=10/10 right=1:0.40@84,75 dx=-0.5 idx=0/17 dist=41/253 sel=1:0.30@84,74 dx=-0.4 idx=0/20 dist=40/250 edge=1:4.45@80.0,91.0 dx=-4.0 width=73.2 l=50,112 r=110,70
CxScan: raw_ref=80.0 edge=80.0,91.0 best_raw_x=70 best_err=0.21 best_cxcy=80.2,119.5 scan=0:-27.4,10:-23.9,20:-20.2,30:-16.4,40:-12.4,50:-8.2,60:-4.0,70:0.2,80:4.4,90:8.6,100:12.7,110:16.7,120:20.5,130:24.1,140:27.5
ATGSeedDiag: seed=1@16,108/1@135,108 begin=7,108 block=5 clip=8
ATGLptDiag: best=2(85.2) imip=0/5 pass=11111 acc=2 ipm=56.9,111.6 inv=22.0,91.7 | 31(3.7) imip=21/41 pass=10111 acc=-1 ipm=113.4,44.9 inv=95.8,27.1
ATGCircleBeginDiag: side=L reason=state rpts0=6 Lpt0=1 none_left=0 have_left=0 dist=0 begin_dist=1210 enter_dist=0 enter_gyro=0
ATGCircleBeginDiag: side=L reason=state rpts0=5 Lpt0=1 none_left=0 have_left=0 dist=0 begin_dist=1223 enter_dist=0 enter_gyro=0
frame=129 line=1 track=1 cross=0 circle=1(CIRCLE_LEFT_BEGIN) round=0 yroad=0 ramp=0 road=6 speed=0 near=5/124 raw=34/105 sel=124/125 far=0/0 far_raw=0/0 l=1@1/0@-1 far_l=0@-1/0@-1 straight=0/1 far_straight=0/0 circle_cnt=0/0/0/0 lost=0/0 conf=79.2/3.0/0.0/0.0 dist=0 begin=1237/0 m0=(84,119) ml=(83,78) md=41/1/129 cxcy=84.0,119.6 guide=0.53 atg=0.0/0.0/0.0 pure=-0.33/-0.32 yaw=-42 cmd=-235 actual=54 signed=1 rps=4122/3478:5109/4746 duty=9/9 pwm=PWM2:9/PWM1:9 motor=2:9/1:9
ATGCorner: L=1@1/0@-1 Y=0@-1/0@-1 farL=0@-1/0@-1 Lxy=57.3,113.8:19.7,98.0/-1.0,-1.0:-1.0,-1.0 Yxy=-1.0,-1.0:-1.0,-1.0/-1.0,-1.0:-1.0,-1.0 farLxy=-1.0,-1.0:-1.0,-1.0/-1.0,-1.0:-1.0,-1.0 best=1:57.3,113.8:19.7,98.0:79.2:11111/30:113.5,47.3:96.5,27.9:3.0:10111 seed_src=lpt/none seed=0.0,0.0/0.0,0.0 far_start=70,0 far_raw=0/0 far_num=0/0 straight=0/1 far_straight=0/0 conf_deg=79.2/3.0/0.0/0.0
CrossDiag: type=CROSS_NONE track=1 half_lr=0/0 nearL=1@1/0@-1 nearNum=5/124 centerNum=5/124 farL=0@-1/0@-1 farNum=0/0 farRaw=0/0 lost=0/0 not_have=0 final=124/125 flags=0/0
LineErr: aim=41 cxcy=84.0,119.6 left=1:22.15@62,89 dx=-21.7 idx=0/4 dist=8/8 right=1:0.22@84,75 dx=-0.3 idx=0/17 dist=40/252 sel=1:0.15@84,74 dx=-0.2 idx=0/20 dist=40/248 edge=1:3.93@80.5,91.5 dx=-3.5 width=73.0 l=51,113 r=110,70
CxScan: raw_ref=80.0 edge=80.5,91.5 best_raw_x=70 best_err=-0.35 best_cxcy=80.2,119.5 scan=0:-28.1,10:-24.6,20:-20.9,30:-17.0,40:-13.0,50:-8.9,60:-4.6,70:-0.3,80:3.9,90:8.2,100:12.3,110:16.3,120:20.1,130:23.8,140:27.3
ATGSeedDiag: seed=1@16,108/1@136,108 begin=7,108 block=5 clip=8
ATGLptDiag: best=1(79.2) imip=0/4 pass=11111 acc=1 ipm=57.3,113.8 inv=19.7,98.0 | 30(3.0) imip=20/40 pass=10111 acc=-1 ipm=113.5,47.3 inv=96.5,27.9
ATGCircleBeginDiag: side=L reason=state rpts0=5 Lpt0=1 none_left=0 have_left=0 dist=0 begin_dist=1237 enter_dist=0 enter_gyro=0
frame=130 line=1 track=1 cross=0 circle=1(CIRCLE_LEFT_BEGIN) round=0 yroad=0 ramp=0 road=6 speed=0 near=5/124 raw=31/105 sel=124/126 far=0/0 far_raw=0/0 l=1@1/0@-1 far_l=0@-1/0@-1 straight=0/1 far_straight=0/0 circle_cnt=0/0/0/0 lost=0/0 conf=84.1/3.6/0.0/0.0 dist=0 begin=1251/0 m0=(84,119) ml=(83,78) md=41/1/130 cxcy=84.0,119.6 guide=0.53 atg=0.0/0.0/0.0 pure=-0.33/-0.27 yaw=-42 cmd=-207 actual=40 signed=1 rps=4084/3516:4860/4665 duty=9/9 pwm=PWM2:9/PWM1:9 motor=2:9/1:9
ATGCorner: L=1@1/0@-1 Y=0@-1/0@-1 farL=0@-1/0@-1 Lxy=57.2,113.8:19.6,98.0/-1.0,-1.0:-1.0,-1.0 Yxy=-1.0,-1.0:-1.0,-1.0/-1.0,-1.0:-1.0,-1.0 farLxy=-1.0,-1.0:-1.0,-1.0/-1.0,-1.0:-1.0,-1.0 best=1:57.2,113.8:19.6,98.0:84.1:11111/30:113.2,47.2:96.2,27.9:3.6:10111 seed_src=lpt/none seed=0.0,0.0/0.0,0.0 far_start=70,0 far_raw=0/0 far_num=0/0 straight=0/1 far_straight=0/0 conf_deg=84.1/3.6/0.0/0.0
CrossDiag: type=CROSS_NONE track=1 half_lr=0/0 nearL=1@1/0@-1 nearNum=5/124 centerNum=5/124 farL=0@-1/0@-1 farNum=0/0 farRaw=0/0 lost=0/0 not_have=0 final=124/126 flags=0/0
LineErr: aim=41 cxcy=84.0,119.6 left=1:24.79@59,89 dx=-24.8 idx=0/4 dist=8/8 right=1:0.31@84,75 dx=-0.4 idx=0/17 dist=40/252 sel=1:0.27@84,74 dx=-0.3 idx=0/20 dist=40/250 edge=1:4.53@80.0,92.0 dx=-4.0 width=74.4 l=50,114 r=110,70
CxScan: raw_ref=80.0 edge=80.0,92.0 best_raw_x=70 best_err=0.22 best_cxcy=80.2,119.5 scan=0:-27.9,10:-24.3,20:-20.6,30:-16.7,40:-12.6,50:-8.4,60:-4.1,70:0.2,80:4.5,90:8.8,100:13.0,110:17.0,120:20.8,130:24.5,140:27.9
ATGSeedDiag: seed=1@16,108/1@136,108 begin=7,108 block=5 clip=8
ATGLptDiag: best=1(84.1) imip=0/4 pass=11111 acc=1 ipm=57.2,113.8 inv=19.6,98.0 | 30(3.6) imip=20/40 pass=10111 acc=-1 ipm=113.2,47.2 inv=96.2,27.9
ATGCircleBeginDiag: side=L reason=state rpts0=4 Lpt0=1 none_left=0 have_left=0 dist=0 begin_dist=1251 enter_dist=0 enter_gyro=0
frame=131 line=1 track=1 cross=0 circle=1(CIRCLE_LEFT_BEGIN) round=0 yroad=0 ramp=0 road=6 speed=0 near=4/124 raw=28/105 sel=124/126 far=0/0 far_raw=0/0 l=1@1/0@-1 far_l=0@-1/0@-1 straight=0/1 far_straight=0/0 circle_cnt=0/0/0/0 lost=0/0 conf=67.8/2.8/0.0/0.0 dist=0 begin=1265/0 m0=(84,119) ml=(83,78) md=41/1/129 cxcy=84.0,119.6 guide=0.91 atg=0.0/0.0/0.0 pure=-0.27/-0.27 yaw=-73 cmd=-285 actual=33 signed=1 rps=4191/3409:5009/5018 duty=9/8 pwm=PWM2:9/PWM1:8 motor=2:9/1:8
ATGCorner: L=1@1/0@-1 Y=0@-1/0@-1 farL=0@-1/0@-1 Lxy=56.8,114.0:18.4,98.5/-1.0,-1.0:-1.0,-1.0 Yxy=-1.0,-1.0:-1.0,-1.0/-1.0,-1.0:-1.0,-1.0 farLxy=-1.0,-1.0:-1.0,-1.0/-1.0,-1.0:-1.0,-1.0 best=1:56.8,114.0:18.4,98.5:67.8:11111/15:108.8,81.8:103.8,46.9:2.8:10111 seed_src=lpt/none seed=0.0,0.0/0.0,0.0 far_start=70,0 far_raw=0/0 far_num=0/0 straight=0/1 far_straight=0/0 conf_deg=67.8/2.8/0.0/0.0
CrossDiag: type=CROSS_NONE track=1 half_lr=0/0 nearL=1@1/0@-1 nearNum=4/124 centerNum=4/124 farL=0@-1/0@-1 farNum=0/0 farRaw=0/0 lost=0/0 not_have=0 final=124/126 flags=0/0
LineErr: aim=41 cxcy=84.0,119.6 left=1:22.64@62,90 dx=-22.1 idx=0/3 dist=6/6 right=1:0.60@83,75 dx=-0.7 idx=0/17 dist=40/252 sel=1:0.53@83,74 dx=-0.6 idx=0/20 dist=40/250 edge=1:3.41@81.0,92.0 dx=-3.0 width=72.8 l=52,114 r=110,70
CxScan: raw_ref=80.0 edge=81.0,92.0 best_raw_x=70 best_err=-0.91 best_cxcy=80.2,119.5 scan=0:-28.7,10:-25.3,20:-21.6,30:-17.7,40:-13.7,50:-9.5,60:-5.2,70:-0.9,80:3.4,90:7.7,100:11.9,110:15.9,120:19.8,130:23.5,140:27.0
ATGSeedDiag: seed=1@16,108/1@135,108 begin=7,108 block=5 clip=8
ATGLptDiag: best=1(67.8) imip=0/3 pass=11111 acc=1 ipm=56.8,114.0 inv=18.4,98.5 | 15(2.8) imip=5/25 pass=10111 acc=-1 ipm=108.8,81.8 inv=103.8,46.9
ATGCircleBeginDiag: side=L reason=state rpts0=4 Lpt0=1 none_left=0 have_left=0 dist=0 begin_dist=1265 enter_dist=0 enter_gyro=0
frame=132 line=1 track=1 cross=0 circle=1(CIRCLE_LEFT_BEGIN) round=0 yroad=0 ramp=0 road=6 speed=0 near=4/124 raw=28/105 sel=124/125 far=0/0 far_raw=0/0 l=1@1/0@-1 far_l=0@-1/0@-1 straight=0/1 far_straight=0/0 circle_cnt=0/0/0/0 lost=0/0 conf=0.0/6.4/0.0/0.0 dist=0 begin=1278/0 m0=(84,119) ml=(83,78) md=41/1/127 cxcy=84.0,119.6 guide=1.04 atg=0.0/0.0/0.0 pure=-0.25/-0.22 yaw=-83 cmd=-312 actual=31 signed=1 rps=4228/3372:4715/4828 duty=9/8 pwm=PWM2:9/PWM1:8 motor=2:9/1:8
ATGCorner: L=1@1/0@-1 Y=0@-1/0@-1 farL=0@-1/0@-1 Lxy=56.4,114.2:17.1,99.3/-1.0,-1.0:-1.0,-1.0 Yxy=-1.0,-1.0:-1.0,-1.0/-1.0,-1.0:-1.0,-1.0 farLxy=-1.0,-1.0:-1.0,-1.0/-1.0,-1.0:-1.0,-1.0 best=1:56.4,114.2:17.1,99.3:60.4:11111/1:107.6,114.2:130.8,98.0:6.4:10111 seed_src=lpt/none seed=0.0,0.0/0.0,0.0 far_start=70,0 far_raw=0/0 far_num=0/0 straight=0/1 far_straight=0/0 conf_deg=0.0/6.4/0.0/0.0
CrossDiag: type=CROSS_NONE track=1 half_lr=0/0 nearL=1@1/0@-1 nearNum=4/124 centerNum=4/124 farL=0@-1/0@-1 farNum=0/0 farRaw=0/0 lost=0/0 not_have=0 final=124/125 flags=0/0
LineErr: aim=41 cxcy=84.0,119.6 left=1:26.02@58,89 dx=-26.1 idx=0/3 dist=6/6 right=1:0.73@83,75 dx=-0.9 idx=0/17 dist=40/252 sel=1:0.69@83,74 dx=-0.8 idx=0/20 dist=40/248 edge=1:3.44@81.0,92.5 dx=-3.0 width=73.4 l=52,115 r=110,70
CxScan: raw_ref=80.0 edge=81.0,92.5 best_raw_x=70 best_err=-0.92 best_cxcy=80.2,119.5 scan=0:-29.0,10:-25.5,20:-21.8,30:-17.9,40:-13.8,50:-9.6,60:-5.3,70:-0.9,80:3.4,90:7.8,100:12.0,110:16.1,120:20.0,130:23.7,140:27.3
ATGSeedDiag: seed=1@16,108/1@135,108 begin=7,108 block=5 clip=8
ATGLptDiag: best=1(60.4) imip=0/3 pass=11111 acc=1 ipm=56.4,114.2 inv=17.1,99.3 | 1(6.4) imip=0/11 pass=10111 acc=-1 ipm=107.6,114.2 inv=130.8,98.0
ATGCircleBeginDiag: side=L reason=state rpts0=4 Lpt0=0 none_left=0 have_left=0 dist=0 begin_dist=1278 enter_dist=0 enter_gyro=0
frame=133 line=1 track=1 cross=0 circle=1(CIRCLE_LEFT_BEGIN) round=0 yroad=0 ramp=0 road=6 speed=0 near=4/124 raw=23/105 sel=124/125 far=0/0 far_raw=0/0 l=0@-1/0@-1 far_l=0@-1/0@-1 straight=0/1 far_straight=0/0 circle_cnt=0/0/0/0 lost=0/0 conf=41.9/6.4/0.0/0.0 dist=0 begin=1291/0 m0=(84,119) ml=(83,78) md=41/1/127 cxcy=84.0,119.6 guide=0.91 atg=0.0/0.0/0.0 pure=-0.25/-0.22 yaw=-73 cmd=-292 actual=37 signed=1 rps=4201/3399:4830/5023 duty=9/8 pwm=PWM2:9/PWM1:8 motor=2:9/1:8
ATGCorner: L=0@-1/0@-1 Y=0@-1/0@-1 farL=0@-1/0@-1 Lxy=-1.0,-1.0:-1.0,-1.0/-1.0,-1.0:-1.0,-1.0 Yxy=-1.0,-1.0:-1.0,-1.0/-1.0,-1.0:-1.0,-1.0 farLxy=-1.0,-1.0:-1.0,-1.0/-1.0,-1.0:-1.0,-1.0 best=1:55.7,114.8:14.8,101.0:41.9:10111/1:107.6,114.2:130.8,98.0:6.4:10111 seed_src=none/none seed=0.0,0.0/0.0,0.0 far_start=70,0 far_raw=0/0 far_num=0/0 straight=0/1 far_straight=0/0 conf_deg=41.9/6.4/0.0/0.0
CrossDiag: type=CROSS_NONE track=1 half_lr=0/0 nearL=0@-1/0@-1 nearNum=4/124 centerNum=4/124 farL=0@-1/0@-1 farNum=0/0 farRaw=0/0 lost=0/0 not_have=0 final=124/125 flags=0/0
LineErr: aim=41 cxcy=84.0,119.6 left=1:28.97@54,89 dx=-29.5 idx=0/3 dist=6/6 right=1:0.73@83,75 dx=-0.9 idx=0/17 dist=40/252 sel=1:0.69@83,74 dx=-0.8 idx=0/20 dist=40/248 edge=1:4.01@80.5,92.5 dx=-3.5 width=74.2 l=51,115 r=110,70
CxScan: raw_ref=80.0 edge=80.5,92.5 best_raw_x=70 best_err=-0.35 best_cxcy=80.2,119.5 scan=0:-28.5,10:-25.0,20:-21.3,30:-17.4,40:-13.3,50:-9.0,60:-4.7,70:-0.4,80:4.0,90:8.3,100:12.5,110:16.6,120:20.5,130:24.2,140:27.7
ATGSeedDiag: seed=1@16,108/1@135,108 begin=7,108 block=5 clip=8
ATGLptDiag: best=1(41.9) imip=0/3 pass=10111 acc=-1 ipm=55.7,114.8 inv=14.8,101.0 | 1(6.4) imip=0/11 pass=10111 acc=-1 ipm=107.6,114.2 inv=130.8,98.0
ATGCircleBeginDiag: side=L reason=state rpts0=3 Lpt0=0 none_left=0 have_left=0 dist=0 begin_dist=1291 enter_dist=0 enter_gyro=0
frame=134 line=1 track=1 cross=0 circle=1(CIRCLE_LEFT_BEGIN) round=0 yroad=0 ramp=0 road=6 speed=0 near=3/124 raw=22/105 sel=124/126 far=0/0 far_raw=0/0 l=0@-1/0@-1 far_l=0@-1/0@-1 straight=0/1 far_straight=0/0 circle_cnt=0/0/0/0 lost=0/0 conf=21.5/3.0/0.0/0.0 dist=0 begin=1304/0 m0=(84,119) ml=(83,78) md=41/1/129 cxcy=84.0,119.6 guide=0.66 atg=0.0/0.0/0.0 pure=-0.33/-0.27 yaw=-53 cmd=-208 actual=25 signed=1 rps=4085/3515:4749/5045 duty=9/8 pwm=PWM2:9/PWM1:8 motor=2:9/1:8
ATGCorner: L=0@-1/0@-1 Y=0@-1/0@-1 farL=0@-1/0@-1 Lxy=-1.0,-1.0:-1.0,-1.0/-1.0,-1.0:-1.0,-1.0 Yxy=-1.0,-1.0:-1.0,-1.0/-1.0,-1.0:-1.0,-1.0 farLxy=-1.0,-1.0:-1.0,-1.0/-1.0,-1.0:-1.0,-1.0 best=1:55.1,115.3:12.5,102.6:21.5:10111/28:112.7,51.9:97.0,29.7:3.0:10111 seed_src=none/none seed=0.0,0.0/0.0,0.0 far_start=70,0 far_raw=0/0 far_num=0/0 straight=0/1 far_straight=0/0 conf_deg=21.5/3.0/0.0/0.0
CrossDiag: type=CROSS_NONE track=1 half_lr=0/0 nearL=0@-1/0@-1 nearNum=3/124 centerNum=3/124 farL=0@-1/0@-1 farNum=0/0 farRaw=0/0 lost=0/0 not_have=0 final=124/126 flags=0/0
LineErr: aim=41 cxcy=84.0,119.6 left=1:26.54@57,90 dx=-26.5 idx=0/2 dist=4/4 right=1:0.34@84,72 dx=-0.4 idx=0/18 dist=41/251 sel=1:0.42@84,74 dx=-0.5 idx=0/20 dist=40/250 edge=1:2.88@81.5,92.5 dx=-2.5 width=72.6 l=53,115 r=110,70
CxScan: raw_ref=80.0 edge=81.5,92.5 best_raw_x=75 best_err=0.69 best_cxcy=82.1,119.5 scan=0:-29.4,10:-25.9,20:-22.3,30:-18.4,40:-14.3,50:-10.2,60:-5.9,70:-1.5,80:2.9,90:7.2,100:11.4,110:15.6,120:19.5,130:23.3,140:26.8
ATGSeedDiag: seed=1@16,108/1@136,108 begin=7,108 block=5 clip=8
ATGLptDiag: best=1(21.5) imip=0/2 pass=10111 acc=-1 ipm=55.1,115.3 inv=12.5,102.6 | 28(3.0) imip=18/38 pass=10111 acc=-1 ipm=112.7,51.9 inv=97.0,29.7
ATGCircleBeginDiag: side=L reason=state rpts0=3 Lpt0=0 none_left=0 have_left=0 dist=0 begin_dist=1304 enter_dist=0 enter_gyro=0
frame=135 line=1 track=1 cross=0 circle=1(CIRCLE_LEFT_BEGIN) round=0 yroad=0 ramp=0 road=6 speed=0 near=3/124 raw=17/105 sel=124/126 far=0/0 far_raw=0/0 l=0@-1/0@-1 far_l=0@-1/0@-1 straight=0/1 far_straight=0/0 circle_cnt=0/0/0/0 lost=0/0 conf=19.0/2.9/0.0/0.0 dist=0 begin=1317/0 m0=(84,119) ml=(83,78) md=41/1/130 cxcy=84.0,119.6 guide=0.53 atg=1.0/0.0/0.0 pure=-0.35/-0.27 yaw=-42 cmd=-132 actual=2 signed=1 rps=3981/3619:4409/4774 duty=9/9 pwm=PWM2:9/PWM1:9 motor=2:9/1:9
ATGCorner: L=0@-1/0@-1 Y=0@-1/0@-1 farL=0@-1/0@-1 Lxy=-1.0,-1.0:-1.0,-1.0/-1.0,-1.0:-1.0,-1.0 Yxy=-1.0,-1.0:-1.0,-1.0/-1.0,-1.0:-1.0,-1.0 farLxy=-1.0,-1.0:-1.0,-1.0/-1.0,-1.0:-1.0,-1.0 best=1:54.8,115.7:11.2,103.9:19.0:10111/27:112.6,54.2:97.5,30.6:2.9:10111 seed_src=none/none seed=0.0,0.0/0.0,0.0 far_start=70,0 far_raw=0/0 far_num=0/0 straight=0/1 far_straight=0/0 conf_deg=19.0/2.9/0.0/0.0
CrossDiag: type=CROSS_NONE track=1 half_lr=0/0 nearL=0@-1/0@-1 nearNum=3/124 centerNum=3/124 farL=0@-1/0@-1 farNum=0/0 farRaw=0/0 lost=0/0 not_have=0 final=124/126 flags=0/0
LineErr: aim=41 cxcy=84.0,119.6 left=1:29.90@54,90 dx=-30.4 idx=0/2 dist=4/4 right=1:0.37@84,75 dx=-0.4 idx=0/17 dist=40/252 sel=1:0.32@84,74 dx=-0.4 idx=0/20 dist=40/250 edge=1:2.91@81.5,93.0 dx=-2.5 width=73.2 l=53,116 r=110,70
CxScan: raw_ref=80.0 edge=81.5,93.0 best_raw_x=75 best_err=0.70 best_cxcy=82.1,119.5 scan=0:-29.7,10:-26.2,20:-22.5,30:-18.6,40:-14.5,50:-10.3,60:-5.9,70:-1.5,80:2.9,90:7.3,100:11.6,110:15.7,120:19.7,130:23.5,140:27.0
ATGSeedDiag: seed=1@15,108/1@136,108 begin=7,108 block=5 clip=8
ATGLptDiag: best=1(19.0) imip=0/2 pass=10111 acc=-1 ipm=54.8,115.7 inv=11.2,103.9 | 27(2.9) imip=17/37 pass=10111 acc=-1 ipm=112.6,54.2 inv=97.5,30.6
ATGCircleBeginDiag: side=L reason=state rpts0=3 Lpt0=0 none_left=0 have_left=0 dist=0 begin_dist=1317 enter_dist=0 enter_gyro=0
frame=136 line=1 track=1 cross=0 circle=1(CIRCLE_LEFT_BEGIN) round=0 yroad=0 ramp=0 road=6 speed=0 near=3/124 raw=17/105 sel=124/126 far=0/0 far_raw=0/0 l=0@-1/0@-1 far_l=0@-1/0@-1 straight=0/1 far_straight=0/0 circle_cnt=0/0/0/0 lost=0/0 conf=17.3/2.9/0.0/0.0 dist=0 begin=1329/0 m0=(84,119) ml=(83,78) md=41/1/130 cxcy=84.0,119.6 guide=0.53 atg=1.0/0.0/0.0 pure=-0.35/-0.28 yaw=-42 cmd=-149 actual=11 signed=1 rps=4004/3596:4478/4859 duty=9/9 pwm=PWM2:9/PWM1:9 motor=2:9/1:9
ATGCorner: L=0@-1/0@-1 Y=0@-1/0@-1 farL=0@-1/0@-1 Lxy=-1.0,-1.0:-1.0,-1.0/-1.0,-1.0:-1.0,-1.0 Yxy=-1.0,-1.0:-1.0,-1.0/-1.0,-1.0:-1.0,-1.0 farLxy=-1.0,-1.0:-1.0,-1.0/-1.0,-1.0:-1.0,-1.0 best=1:54.3,116.1:9.3,105.2:17.3:10110/29:113.0,49.6:96.6,28.8:2.9:10111 seed_src=none/none seed=0.0,0.0/0.0,0.0 far_start=70,0 far_raw=0/0 far_num=0/0 straight=0/1 far_straight=0/0 conf_deg=17.3/2.9/0.0/0.0
CrossDiag: type=CROSS_NONE track=1 half_lr=0/0 nearL=0@-1/0@-1 nearNum=3/124 centerNum=3/124 farL=0@-1/0@-1 farNum=0/0 farRaw=0/0 lost=0/0 not_have=0 final=124/126 flags=0/0
LineErr: aim=41 cxcy=84.0,119.6 left=1:32.72@50,90 dx=-33.6 idx=0/2 dist=4/4 right=1:0.37@84,75 dx=-0.4 idx=0/17 dist=40/252 sel=1:0.32@84,74 dx=-0.4 idx=0/20 dist=40/250 edge=1:3.51@81.0,93.5 dx=-3.0 width=74.7 l=52,117 r=110,70
CxScan: raw_ref=80.0 edge=81.0,93.5 best_raw_x=70 best_err=-0.94 best_cxcy=80.2,119.5 scan=0:-29.5,10:-25.9,20:-22.2,30:-18.2,40:-14.1,50:-9.8,60:-5.4,70:-0.9,80:3.5,90:7.9,100:12.2,110:16.4,120:20.4,130:24.2,140:27.7
ATGSeedDiag: seed=1@15,108/1@136,108 begin=7,108 block=5 clip=8
ATGLptDiag: best=1(17.3) imip=0/2 pass=10110 acc=-1 ipm=54.3,116.1 inv=9.3,105.2 | 29(2.9) imip=19/39 pass=10111 acc=-1 ipm=113.0,49.6 inv=96.6,28.8
ATGCircleBeginDiag: side=L reason=state rpts0=1 Lpt0=0 none_left=1 have_left=0 dist=0 begin_dist=1329 enter_dist=0 enter_gyro=0
frame=137 line=1 track=1 cross=0 circle=1(CIRCLE_LEFT_BEGIN) round=0 yroad=0 ramp=0 road=6 speed=0 near=1/124 raw=8/105 sel=124/126 far=0/0 far_raw=0/0 l=0@-1/0@-1 far_l=0@-1/0@-1 straight=0/1 far_straight=0/0 circle_cnt=1/0/0/0 lost=0/0 conf=0.0/2.7/0.0/0.0 dist=12 begin=1341/0 m0=(84,119) ml=(83,78) md=41/1/130 cxcy=84.0,119.6 guide=0.53 atg=1.0/0.0/0.0 pure=-0.35/-0.28 yaw=-42 cmd=-135 actual=4 signed=1 rps=3985/3615:4328/4572 duty=9/9 pwm=PWM2:9/PWM1:9 motor=2:9/1:9
ATGCorner: L=0@-1/0@-1 Y=0@-1/0@-1 farL=0@-1/0@-1 Lxy=-1.0,-1.0:-1.0,-1.0/-1.0,-1.0:-1.0,-1.0 Yxy=-1.0,-1.0:-1.0,-1.0/-1.0,-1.0:-1.0,-1.0 farLxy=-1.0,-1.0:-1.0,-1.0/-1.0,-1.0:-1.0,-1.0 best=-1:-1.0,-1.0:-1.0,-1.0:-57295.8:00000/28:112.9,51.9:97.1,29.7:2.7:10111 seed_src=lost/none seed=0.0,0.0/0.0,0.0 far_start=70,0 far_raw=0/0 far_num=0/0 straight=0/1 far_straight=0/0 conf_deg=0.0/2.7/0.0/0.0
CrossDiag: type=CROSS_NONE track=1 half_lr=0/0 nearL=0@-1/0@-1 nearNum=1/124 centerNum=1/124 farL=0@-1/0@-1 farNum=0/0 farRaw=0/0 lost=0/0 not_have=0 final=124/126 flags=0/0
LineErr: aim=41 cxcy=84.0,119.6 left=0:0.00@-1,-1 dx=0.0 idx=-1/-1 dist=-1/-1 right=1:0.37@84,75 dx=-0.4 idx=0/17 dist=40/252 sel=1:0.32@84,74 dx=-0.4 idx=0/20 dist=40/250 edge=0:0.00@-1.0,-1.0 dx=0.0 width=0.0 l=-1,-1 r=110,70
ATGSeedDiag: seed=1@10,108/1@136,108 begin=7,108 block=5 clip=8
ATGLptDiag: best=-1(-57295.8) imip=-1/-1 pass=00000 acc=-1 ipm=-1.0,-1.0 inv=-1.0,-1.0 | 28(2.7) imip=18/38 pass=10111 acc=-1 ipm=112.9,51.9 inv=97.1,29.7
ATGCircleBeginDiag: side=L reason=state rpts0=0 Lpt0=0 none_left=2 have_left=0 dist=12 begin_dist=1341 enter_dist=0 enter_gyro=0
frame=138 line=1 track=1 cross=0 circle=1(CIRCLE_LEFT_BEGIN) round=0 yroad=0 ramp=0 road=6 speed=0 near=0/124 raw=0/105 sel=124/126 far=0/0 far_raw=0/0 l=0@-1/0@-1 far_l=0@-1/0@-1 straight=0/1 far_straight=0/0 circle_cnt=2/0/0/0 lost=0/0 conf=0.0/3.1/0.0/0.0 dist=24 begin=1353/0 m0=(84,119) ml=(83,78) md=41/1/129 cxcy=84.0,119.6 guide=0.53 atg=1.0/0.0/0.0 pure=-0.35/-0.27 yaw=-42 cmd=-117 actual=-5 signed=1 rps=3960/3640:4605/4606 duty=9/9 pwm=PWM2:9/PWM1:9 motor=2:9/1:9
ATGCorner: L=0@-1/0@-1 Y=0@-1/0@-1 farL=0@-1/0@-1 Lxy=-1.0,-1.0:-1.0,-1.0/-1.0,-1.0:-1.0,-1.0 Yxy=-1.0,-1.0:-1.0,-1.0/-1.0,-1.0:-1.0,-1.0 farLxy=-1.0,-1.0:-1.0,-1.0/-1.0,-1.0:-1.0,-1.0 best=-1:-1.0,-1.0:-1.0,-1.0:-57295.8:00000/28:112.9,51.9:97.1,29.7:3.1:10111 seed_src=lost/none seed=0.0,0.0/0.0,0.0 far_start=70,0 far_raw=0/0 far_num=0/0 straight=0/1 far_straight=0/0 conf_deg=0.0/3.1/0.0/0.0
CrossDiag: type=CROSS_NONE track=1 half_lr=0/0 nearL=0@-1/0@-1 nearNum=0/124 centerNum=0/124 farL=0@-1/0@-1 farNum=0/0 farRaw=0/0 lost=0/0 not_have=0 final=124/126 flags=0/0
LineErr: aim=41 cxcy=84.0,119.6 left=0:0.00@-1,-1 dx=0.0 idx=-1/-1 dist=-1/-1 right=1:0.25@84,72 dx=-0.3 idx=0/18 dist=41/251 sel=1:0.32@84,74 dx=-0.4 idx=0/20 dist=40/250 edge=0:0.00@-1.0,-1.0 dx=0.0 width=0.0 l=-1,-1 r=110,70
ATGSeedDiag: seed=0@-1,-1/1@136,108 begin=7,108 block=5 clip=8
ATGLptDiag: best=-1(-57295.8) imip=-1/-1 pass=00000 acc=-1 ipm=-1.0,-1.0 inv=-1.0,-1.0 | 28(3.1) imip=18/38 pass=10111 acc=-1 ipm=112.9,51.9 inv=97.1,29.7
ATGCircleBeginDiag: side=L reason=state rpts0=0 Lpt0=0 none_left=3 have_left=0 dist=24 begin_dist=1353 enter_dist=0 enter_gyro=0
frame=139 line=1 track=1 cross=0 circle=1(CIRCLE_LEFT_BEGIN) round=0 yroad=0 ramp=0 road=6 speed=0 near=0/124 raw=0/105 sel=124/126 far=0/0 far_raw=0/0 l=0@-1/0@-1 far_l=0@-1/0@-1 straight=0/1 far_straight=0/0 circle_cnt=3/0/0/0 lost=0/0 conf=0.0/2.5/0.0/0.0 dist=36 begin=1365/0 m0=(84,119) ml=(83,78) md=41/1/129 cxcy=84.0,119.6 guide=0.66 atg=0.0/0.0/0.0 pure=-0.33/-0.27 yaw=-53 cmd=-147 actual=-5 signed=1 rps=4002/3598:4541/4310 duty=9/10 pwm=PWM2:9/PWM1:10 motor=2:9/1:10
ATGCorner: L=0@-1/0@-1 Y=0@-1/0@-1 farL=0@-1/0@-1 Lxy=-1.0,-1.0:-1.0,-1.0/-1.0,-1.0:-1.0,-1.0 Yxy=-1.0,-1.0:-1.0,-1.0/-1.0,-1.0:-1.0,-1.0 farLxy=-1.0,-1.0:-1.0,-1.0/-1.0,-1.0:-1.0,-1.0 best=-1:-1.0,-1.0:-1.0,-1.0:-57295.8:00000/26:112.3,56.5:97.9,31.6:2.5:10111 seed_src=lost/none seed=0.0,0.0/0.0,0.0 far_start=70,0 far_raw=0/0 far_num=0/0 straight=0/1 far_straight=0/0 conf_deg=0.0/2.5/0.0/0.0
CrossDiag: type=CROSS_NONE track=1 half_lr=0/0 nearL=0@-1/0@-1 nearNum=0/124 centerNum=0/124 farL=0@-1/0@-1 farNum=0/0 farRaw=0/0 lost=0/0 not_have=0 final=124/126 flags=0/0
LineErr: aim=41 cxcy=84.0,119.6 left=0:0.00@-1,-1 dx=0.0 idx=-1/-1 dist=-1/-1 right=1:0.49@83,75 dx=-0.6 idx=0/17 dist=40/252 sel=1:0.39@84,74 dx=-0.5 idx=0/20 dist=40/250 edge=0:0.00@-1.0,-1.0 dx=0.0 width=0.0 l=-1,-1 r=110,70
ATGSeedDiag: seed=0@-1,-1/1@136,108 begin=7,108 block=5 clip=8
ATGLptDiag: best=-1(-57295.8) imip=-1/-1 pass=00000 acc=-1 ipm=-1.0,-1.0 inv=-1.0,-1.0 | 26(2.5) imip=16/36 pass=10111 acc=-1 ipm=112.3,56.5 inv=97.9,31.6
ATGCircleBeginDiag: side=L reason=state rpts0=0 Lpt0=0 none_left=4 have_left=0 dist=36 begin_dist=1365 enter_dist=0 enter_gyro=0
frame=140 line=1 track=1 cross=0 circle=1(CIRCLE_LEFT_BEGIN) round=0 yroad=0 ramp=0 road=6 speed=0 near=0/124 raw=0/105 sel=124/125 far=0/0 far_raw=0/0 l=0@-1/0@-1 far_l=0@-1/0@-1 straight=0/1 far_straight=0/0 circle_cnt=4/0/0/0 lost=0/0 conf=0.0/3.0/0.0/0.0 dist=49 begin=1378/0 m0=(84,119) ml=(83,78) md=41/1/127 cxcy=84.0,119.6 guide=0.79 atg=0.0/0.0/0.0 pure=-0.29/-0.22 yaw=-63 cmd=-186 actual=-1 signed=1 rps=4054/3546:4849/4490 duty=9/9 pwm=PWM2:9/PWM1:9 motor=2:9/1:9
ATGCorner: L=0@-1/0@-1 Y=0@-1/0@-1 farL=0@-1/0@-1 Lxy=-1.0,-1.0:-1.0,-1.0/-1.0,-1.0:-1.0,-1.0 Yxy=-1.0,-1.0:-1.0,-1.0/-1.0,-1.0:-1.0,-1.0 farLxy=-1.0,-1.0:-1.0,-1.0/-1.0,-1.0:-1.0,-1.0 best=-1:-1.0,-1.0:-1.0,-1.0:-57295.8:00000/26:112.1,56.5:97.7,31.6:3.0:10111 seed_src=lost/none seed=0.0,0.0/0.0,0.0 far_start=70,0 far_raw=0/0 far_num=0/0 straight=0/1 far_straight=0/0 conf_deg=0.0/3.0/0.0/0.0
CrossDiag: type=CROSS_NONE track=1 half_lr=0/0 nearL=0@-1/0@-1 nearNum=0/124 centerNum=0/124 farL=0@-1/0@-1 farNum=0/0 farRaw=0/0 lost=0/0 not_have=0 final=124/125 flags=0/0
LineErr: aim=41 cxcy=84.0,119.6 left=0:0.00@-1,-1 dx=0.0 idx=-1/-1 dist=-1/-1 right=1:0.65@83,75 dx=-0.8 idx=0/17 dist=41/253 sel=1:0.54@83,74 dx=-0.7 idx=0/20 dist=40/248 edge=0:0.00@-1.0,-1.0 dx=0.0 width=0.0 l=-1,-1 r=110,70
ATGSeedDiag: seed=0@-1,-1/1@136,108 begin=7,108 block=5 clip=8
ATGLptDiag: best=-1(-57295.8) imip=-1/-1 pass=00000 acc=-1 ipm=-1.0,-1.0 inv=-1.0,-1.0 | 26(3.0) imip=16/36 pass=10111 acc=-1 ipm=112.1,56.5 inv=97.7,31.6
ATGCircleBeginDiag: side=L reason=state rpts0=0 Lpt0=0 none_left=5 have_left=0 dist=49 begin_dist=1378 enter_dist=0 enter_gyro=0
ATGCircleBeginDiag: side=L reason=state rpts0=0 Lpt0=0 none_left=6 have_left=0 dist=62 begin_dist=1391 enter_dist=0 enter_gyro=0
frame=142 line=1 track=1 cross=0 circle=1(CIRCLE_LEFT_BEGIN) round=0 yroad=0 ramp=0 road=6 speed=0 near=0/124 raw=0/105 sel=124/126 far=0/0 far_raw=0/0 l=0@-1/0@-1 far_l=0@-1/0@-1 straight=0/1 far_straight=0/0 circle_cnt=6/0/0/0 lost=0/0 conf=0.0/2.8/0.0/0.0 dist=75 begin=1404/0 m0=(84,119) ml=(83,78) md=41/1/129 cxcy=84.0,119.6 guide=0.66 atg=0.0/0.0/0.0 pure=-0.33/-0.27 yaw=-53 cmd=-227 actual=34 signed=1 rps=4111/3489:4853/4616 duty=9/9 pwm=PWM2:9/PWM1:9 motor=2:9/1:9
ATGCorner: L=0@-1/0@-1 Y=0@-1/0@-1 farL=0@-1/0@-1 Lxy=-1.0,-1.0:-1.0,-1.0/-1.0,-1.0:-1.0,-1.0 Yxy=-1.0,-1.0:-1.0,-1.0/-1.0,-1.0:-1.0,-1.0 farLxy=-1.0,-1.0:-1.0,-1.0/-1.0,-1.0:-1.0,-1.0 best=-1:-1.0,-1.0:-1.0,-1.0:-57295.8:00000/25:112.3,58.8:98.6,32.7:2.8:10111 seed_src=lost/none seed=0.0,0.0/0.0,0.0 far_start=70,0 far_raw=0/0 far_num=0/0 straight=0/1 far_straight=0/0 conf_deg=0.0/2.8/0.0/0.0
CrossDiag: type=CROSS_NONE track=1 half_lr=0/0 nearL=0@-1/0@-1 nearNum=0/124 centerNum=0/124 farL=0@-1/0@-1 farNum=0/0 farRaw=0/0 lost=0/0 not_have=0 final=124/126 flags=0/0
LineErr: aim=41 cxcy=84.0,119.6 left=0:0.00@-1,-1 dx=0.0 idx=-1/-1 dist=-1/-1 right=1:0.49@83,75 dx=-0.6 idx=0/17 dist=41/253 sel=1:0.39@84,74 dx=-0.5 idx=0/20 dist=40/250 edge=0:0.00@-1.0,-1.0 dx=0.0 width=0.0 l=-1,-1 r=110,70
ATGSeedDiag: seed=0@-1,-1/1@136,108 begin=7,108 block=5 clip=8
ATGLptDiag: best=-1(-57295.8) imip=-1/-1 pass=00000 acc=-1 ipm=-1.0,-1.0 inv=-1.0,-1.0 | 25(2.8) imip=15/35 pass=10111 acc=-1 ipm=112.3,58.8 inv=98.6,32.7
ATGCircleBeginDiag: side=L reason=state rpts0=0 Lpt0=0 none_left=7 have_left=0 dist=75 begin_dist=1404 enter_dist=0 enter_gyro=0
frame=143 line=1 track=1 cross=0 circle=1(CIRCLE_LEFT_BEGIN) round=0 yroad=0 ramp=0 road=6 speed=0 near=0/124 raw=0/105 sel=124/126 far=0/0 far_raw=0/0 l=0@-1/0@-1 far_l=0@-1/0@-1 straight=0/1 far_straight=0/0 circle_cnt=7/0/0/0 lost=0/0 conf=0.0/2.7/0.0/0.0 dist=89 begin=1418/0 m0=(84,119) ml=(83,78) md=41/1/130 cxcy=84.0,119.6 guide=0.66 atg=0.0/0.0/0.0 pure=-0.33/-0.27 yaw=-53 cmd=-229 actual=36 signed=1 rps=4114/3486:5112/5054 duty=9/8 pwm=PWM2:9/PWM1:8 motor=2:9/1:8
ATGCorner: L=0@-1/0@-1 Y=0@-1/0@-1 farL=0@-1/0@-1 Lxy=-1.0,-1.0:-1.0,-1.0/-1.0,-1.0:-1.0,-1.0 Yxy=-1.0,-1.0:-1.0,-1.0/-1.0,-1.0:-1.0,-1.0 farLxy=-1.0,-1.0:-1.0,-1.0/-1.0,-1.0:-1.0,-1.0 best=-1:-1.0,-1.0:-1.0,-1.0:-57295.8:00000/26:112.4,56.5:98.0,31.6:2.7:10111 seed_src=lost/none seed=0.0,0.0/0.0,0.0 far_start=70,0 far_raw=0/0 far_num=0/0 straight=0/1 far_straight=0/0 conf_deg=0.0/2.7/0.0/0.0
CrossDiag: type=CROSS_NONE track=1 half_lr=0/0 nearL=0@-1/0@-1 nearNum=0/124 centerNum=0/124 farL=0@-1/0@-1 farNum=0/0 farRaw=0/0 lost=0/0 not_have=0 final=124/126 flags=0/0
LineErr: aim=41 cxcy=84.0,119.6 left=0:0.00@-1,-1 dx=0.0 idx=-1/-1 dist=-1/-1 right=1:0.39@84,75 dx=-0.5 idx=0/17 dist=40/252 sel=1:0.25@84,74 dx=-0.3 idx=0/20 dist=40/250 edge=0:0.00@-1.0,-1.0 dx=0.0 width=0.0 l=-1,-1 r=111,70
ATGSeedDiag: seed=0@-1,-1/1@136,108 begin=7,108 block=5 clip=8
ATGLptDiag: best=-1(-57295.8) imip=-1/-1 pass=00000 acc=-1 ipm=-1.0,-1.0 inv=-1.0,-1.0 | 26(2.7) imip=16/36 pass=10111 acc=-1 ipm=112.4,56.5 inv=98.0,31.6
ATGCircleBeginDiag: side=L reason=state rpts0=0 Lpt0=0 none_left=8 have_left=0 dist=89 begin_dist=1418 enter_dist=0 enter_gyro=0
ATGCircleBeginDiag: side=L reason=state rpts0=0 Lpt0=0 none_left=9 have_left=0 dist=103 begin_dist=1432 enter_dist=0 enter_gyro=0
frame=145 line=1 track=1 cross=0 circle=1(CIRCLE_LEFT_BEGIN) round=0 yroad=0 ramp=0 road=6 speed=0 near=0/124 raw=0/104 sel=124/126 far=0/0 far_raw=0/0 l=0@-1/0@-1 far_l=0@-1/0@-1 straight=0/1 far_straight=0/0 circle_cnt=9/0/0/0 lost=0/0 conf=0.0/2.3/0.0/0.0 dist=117 begin=1446/0 m0=(84,119) ml=(83,78) md=41/1/129 cxcy=84.0,119.6 guide=0.66 atg=0.0/0.0/0.0 pure=-0.29/-0.27 yaw=-53 cmd=-260 actual=51 signed=1 rps=4157/3443:4994/5090 duty=9/8 pwm=PWM2:9/PWM1:8 motor=2:9/1:8
ATGCorner: L=0@-1/0@-1 Y=0@-1/0@-1 farL=0@-1/0@-1 Lxy=-1.0,-1.0:-1.0,-1.0/-1.0,-1.0:-1.0,-1.0 Yxy=-1.0,-1.0:-1.0,-1.0/-1.0,-1.0:-1.0,-1.0 farLxy=-1.0,-1.0:-1.0,-1.0/-1.0,-1.0:-1.0,-1.0 best=-1:-1.0,-1.0:-1.0,-1.0:-57295.8:00000/25:112.1,58.5:98.3,32.5:2.3:10111 seed_src=lost/none seed=0.0,0.0/0.0,0.0 far_start=70,0 far_raw=0/0 far_num=0/0 straight=0/1 far_straight=0/0 conf_deg=0.0/2.3/0.0/0.0
CrossDiag: type=CROSS_NONE track=1 half_lr=0/0 nearL=0@-1/0@-1 nearNum=0/124 centerNum=0/124 farL=0@-1/0@-1 farNum=0/0 farRaw=0/0 lost=0/0 not_have=0 final=124/126 flags=0/0
LineErr: aim=41 cxcy=84.0,119.6 left=0:0.00@-1,-1 dx=0.0 idx=-1/-1 dist=-1/-1 right=1:0.44@84,75 dx=-0.5 idx=0/17 dist=41/253 sel=1:0.29@84,74 dx=-0.4 idx=0/20 dist=40/250 edge=0:0.00@-1.0,-1.0 dx=0.0 width=0.0 l=-1,-1 r=111,70
ATGSeedDiag: seed=0@-1,-1/1@135,107 begin=7,108 block=5 clip=8
ATGLptDiag: best=-1(-57295.8) imip=-1/-1 pass=00000 acc=-1 ipm=-1.0,-1.0 inv=-1.0,-1.0 | 25(2.3) imip=15/35 pass=10111 acc=-1 ipm=112.1,58.5 inv=98.3,32.5
ATGCircleBeginDiag: side=L reason=state rpts0=0 Lpt0=0 none_left=10 have_left=0 dist=117 begin_dist=1446 enter_dist=0 enter_gyro=0
frame=146 line=1 track=1 cross=0 circle=1(CIRCLE_LEFT_BEGIN) round=0 yroad=0 ramp=0 road=6 speed=0 near=0/124 raw=0/105 sel=124/125 far=0/0 far_raw=0/0 l=0@-1/0@-1 far_l=0@-1/0@-1 straight=0/1 far_straight=0/0 circle_cnt=10/0/0/0 lost=0/0 conf=0.0/5.6/0.0/0.0 dist=130 begin=1459/0 m0=(84,119) ml=(83,78) md=41/1/127 cxcy=84.0,119.6 guide=0.66 atg=0.0/0.0/0.0 pure=-0.22/-0.22 yaw=-53 cmd=-263 actual=53 signed=1 rps=4161/3439:4667/4797 duty=9/8 pwm=PWM2:9/PWM1:8 motor=2:9/1:8
ATGCorner: L=0@-1/0@-1 Y=0@-1/0@-1 farL=0@-1/0@-1 Lxy=-1.0,-1.0:-1.0,-1.0/-1.0,-1.0:-1.0,-1.0 Yxy=-1.0,-1.0:-1.0,-1.0/-1.0,-1.0:-1.0,-1.0 farLxy=-1.0,-1.0:-1.0,-1.0/-1.0,-1.0:-1.0,-1.0 best=-1:-1.0,-1.0:-1.0,-1.0:-57295.8:00000/1:107.6,114.2:130.8,98.0:5.6:10111 seed_src=lost/none seed=0.0,0.0/0.0,0.0 far_start=70,0 far_raw=0/0 far_num=0/0 straight=0/1 far_straight=0/0 conf_deg=0.0/5.6/0.0/0.0
CrossDiag: type=CROSS_NONE track=1 half_lr=0/0 nearL=0@-1/0@-1 nearNum=0/124 centerNum=0/124 farL=0@-1/0@-1 farNum=0/0 farRaw=0/0 lost=0/0 not_have=0 final=124/125 flags=0/0
LineErr: aim=41 cxcy=84.0,119.6 left=0:0.00@-1,-1 dx=0.0 idx=-1/-1 dist=-1/-1 right=1:0.32@84,73 dx=-0.4 idx=0/18 dist=41/251 sel=1:0.41@84,74 dx=-0.5 idx=0/20 dist=40/248 edge=0:0.00@-1.0,-1.0 dx=0.0 width=0.0 l=-1,-1 r=110,70
ATGSeedDiag: seed=0@-1,-1/1@135,108 begin=7,108 block=5 clip=8
ATGLptDiag: best=-1(-57295.8) imip=-1/-1 pass=00000 acc=-1 ipm=-1.0,-1.0 inv=-1.0,-1.0 | 1(5.6) imip=0/11 pass=10111 acc=-1 ipm=107.6,114.2 inv=130.8,98.0
ATGCircleBeginDiag: side=L reason=state rpts0=0 Lpt0=0 none_left=11 have_left=0 dist=130 begin_dist=1459 enter_dist=0 enter_gyro=0
ATGCircleBeginDiag: side=L reason=state rpts0=0 Lpt0=0 none_left=12 have_left=0 dist=143 begin_dist=1472 enter_dist=0 enter_gyro=0
ATGCircleBeginDiag: side=L reason=state rpts0=0 Lpt0=0 none_left=13 have_left=0 dist=156 begin_dist=1485 enter_dist=0 enter_gyro=0
ATGCircleBeginDiag: side=L reason=state rpts0=0 Lpt0=0 none_left=14 have_left=0 dist=169 begin_dist=1498 enter_dist=0 enter_gyro=0
ATGCircleBeginDiag: side=L reason=state rpts0=0 Lpt0=0 none_left=15 have_left=0 dist=182 begin_dist=1511 enter_dist=0 enter_gyro=0
frame=151 line=1 track=1 cross=0 circle=1(CIRCLE_LEFT_BEGIN) round=0 yroad=0 ramp=0 road=6 speed=0 near=0/124 raw=0/104 sel=124/125 far=0/0 far_raw=0/0 l=0@-1/0@-1 far_l=0@-1/0@-1 straight=0/1 far_straight=0/0 circle_cnt=15/0/0/0 lost=0/0 conf=0.0/2.4/0.0/0.0 dist=195 begin=1524/0 m0=(84,119) ml=(83,78) md=41/1/127 cxcy=84.0,119.6 guide=0.66 atg=0.0/0.0/0.0 pure=-0.22/-0.22 yaw=-53 cmd=-197 actual=20 signed=1 rps=4070/3530:4559/4472 duty=9/9 pwm=PWM2:9/PWM1:9 motor=2:9/1:9
ATGCorner: L=0@-1/0@-1 Y=0@-1/0@-1 farL=0@-1/0@-1 Lxy=-1.0,-1.0:-1.0,-1.0/-1.0,-1.0:-1.0,-1.0 Yxy=-1.0,-1.0:-1.0,-1.0/-1.0,-1.0:-1.0,-1.0 farLxy=-1.0,-1.0:-1.0,-1.0/-1.0,-1.0:-1.0,-1.0 best=-1:-1.0,-1.0:-1.0,-1.0:-57295.8:00000/24:111.5,60.8:98.5,33.6:2.4:10111 seed_src=lost/none seed=0.0,0.0/0.0,0.0 far_start=70,0 far_raw=0/0 far_num=0/0 straight=0/1 far_straight=0/0 conf_deg=0.0/2.4/0.0/0.0
CrossDiag: type=CROSS_NONE track=1 half_lr=0/0 nearL=0@-1/0@-1 nearNum=0/124 centerNum=0/124 farL=0@-1/0@-1 farNum=0/0 farRaw=0/0 lost=0/0 not_have=0 final=124/125 flags=0/0
LineErr: aim=41 cxcy=84.0,119.6 left=0:0.00@-1,-1 dx=0.0 idx=-1/-1 dist=-1/-1 right=1:0.11@84,73 dx=-0.1 idx=0/18 dist=41/251 sel=1:0.24@84,74 dx=-0.3 idx=0/20 dist=40/248 edge=0:0.00@-1.0,-1.0 dx=0.0 width=0.0 l=-1,-1 r=111,70
ATGSeedDiag: seed=0@-1,-1/1@135,107 begin=7,108 block=5 clip=8
ATGLptDiag: best=-1(-57295.8) imip=-1/-1 pass=00000 acc=-1 ipm=-1.0,-1.0 inv=-1.0,-1.0 | 24(2.4) imip=14/34 pass=10111 acc=-1 ipm=111.5,60.8 inv=98.5,33.6
ATGCircleBeginDiag: side=L reason=state rpts0=0 Lpt0=0 none_left=16 have_left=0 dist=195 begin_dist=1524 enter_dist=0 enter_gyro=0
frame=152 line=1 track=1 cross=0 circle=1(CIRCLE_LEFT_BEGIN) round=0 yroad=0 ramp=0 road=6 speed=0 near=0/124 raw=0/105 sel=124/125 far=0/0 far_raw=0/0 l=0@-1/0@-1 far_l=0@-1/0@-1 straight=0/1 far_straight=0/0 circle_cnt=16/0/0/0 lost=0/0 conf=0.0/2.0/0.0/0.0 dist=208 begin=1537/0 m0=(84,119) ml=(83,78) md=41/1/127 cxcy=84.0,119.6 guide=0.66 atg=0.0/0.0/0.0 pure=-0.17/-0.22 yaw=-53 cmd=-191 actual=17 signed=1 rps=4062/3538:4935/4616 duty=9/9 pwm=PWM2:9/PWM1:9 motor=2:9/1:9
ATGCorner: L=0@-1/0@-1 Y=0@-1/0@-1 farL=0@-1/0@-1 Lxy=-1.0,-1.0:-1.0,-1.0/-1.0,-1.0:-1.0,-1.0 Yxy=-1.0,-1.0:-1.0,-1.0/-1.0,-1.0:-1.0,-1.0 farLxy=-1.0,-1.0:-1.0,-1.0/-1.0,-1.0:-1.0,-1.0 best=-1:-1.0,-1.0:-1.0,-1.0:-57295.8:00000/23:111.3,63.4:99.1,34.9:2.0:10111 seed_src=lost/none seed=0.0,0.0/0.0,0.0 far_start=70,0 far_raw=0/0 far_num=0/0 straight=0/1 far_straight=0/0 conf_deg=0.0/2.0/0.0/0.0
CrossDiag: type=CROSS_NONE track=1 half_lr=0/0 nearL=0@-1/0@-1 nearNum=0/124 centerNum=0/124 farL=0@-1/0@-1 farNum=0/0 farRaw=0/0 lost=0/0 not_have=0 final=124/125 flags=0/0
LineErr: aim=41 cxcy=84.0,119.6 left=0:0.00@-1,-1 dx=0.0 idx=-1/-1 dist=-1/-1 right=1:0.17@84,73 dx=-0.2 idx=0/18 dist=41/251 sel=1:0.23@84,74 dx=-0.3 idx=0/20 dist=40/248 edge=0:0.00@-1.0,-1.0 dx=0.0 width=0.0 l=-1,-1 r=111,70
ATGSeedDiag: seed=0@-1,-1/1@136,108 begin=7,108 block=5 clip=8
ATGLptDiag: best=-1(-57295.8) imip=-1/-1 pass=00000 acc=-1 ipm=-1.0,-1.0 inv=-1.0,-1.0 | 23(2.0) imip=13/33 pass=10111 acc=-1 ipm=111.3,63.4 inv=99.1,34.9
ATGCircleBeginDiag: side=L reason=state rpts0=0 Lpt0=0 none_left=17 have_left=0 dist=208 begin_dist=1537 enter_dist=0 enter_gyro=0
ATGCircleBeginDiag: side=L reason=state rpts0=0 Lpt0=0 none_left=18 have_left=0 dist=221 begin_dist=1550 enter_dist=0 enter_gyro=0
frame=154 line=1 track=1 cross=0 circle=1(CIRCLE_LEFT_BEGIN) round=0 yroad=0 ramp=0 road=6 speed=0 near=0/124 raw=0/105 sel=124/125 far=0/0 far_raw=0/0 l=0@-1/0@-1 far_l=0@-1/0@-1 straight=0/1 far_straight=0/0 circle_cnt=18/0/0/0 lost=0/0 conf=0.0/5.2/0.0/0.0 dist=234 begin=1563/0 m0=(84,119) ml=(83,78) md=41/1/127 cxcy=84.0,119.6 guide=0.66 atg=0.0/0.0/0.0 pure=-0.17/-0.22 yaw=-53 cmd=-190 actual=16 signed=1 rps=4060/3540:5060/4721 duty=8/9 pwm=PWM2:8/PWM1:9 motor=2:8/1:9
ATGCorner: L=0@-1/0@-1 Y=0@-1/0@-1 farL=0@-1/0@-1 Lxy=-1.0,-1.0:-1.0,-1.0/-1.0,-1.0:-1.0,-1.0 Yxy=-1.0,-1.0:-1.0,-1.0/-1.0,-1.0:-1.0,-1.0 farLxy=-1.0,-1.0:-1.0,-1.0/-1.0,-1.0:-1.0,-1.0 best=-1:-1.0,-1.0:-1.0,-1.0:-57295.8:00000/1:107.6,114.2:130.8,98.0:5.2:10111 seed_src=lost/none seed=0.0,0.0/0.0,0.0 far_start=70,0 far_raw=0/0 far_num=0/0 straight=0/1 far_straight=0/0 conf_deg=0.0/5.2/0.0/0.0
CrossDiag: type=CROSS_NONE track=1 half_lr=0/0 nearL=0@-1/0@-1 nearNum=0/124 centerNum=0/124 farL=0@-1/0@-1 farNum=0/0 farRaw=0/0 lost=0/0 not_have=0 final=124/125 flags=0/0
LineErr: aim=41 cxcy=84.0,119.6 left=0:0.00@-1,-1 dx=0.0 idx=-1/-1 dist=-1/-1 right=1:0.42@84,75 dx=-0.5 idx=0/17 dist=41/253 sel=1:0.14@84,74 dx=-0.2 idx=0/20 dist=40/248 edge=0:0.00@-1.0,-1.0 dx=0.0 width=0.0 l=-1,-1 r=111,70
ATGSeedDiag: seed=0@-1,-1/1@135,108 begin=7,108 block=5 clip=8
ATGLptDiag: best=-1(-57295.8) imip=-1/-1 pass=00000 acc=-1 ipm=-1.0,-1.0 inv=-1.0,-1.0 | 1(5.2) imip=0/11 pass=10111 acc=-1 ipm=107.6,114.2 inv=130.8,98.0
ATGCircleBeginDiag: side=L reason=state rpts0=0 Lpt0=0 none_left=19 have_left=0 dist=234 begin_dist=1563 enter_dist=0 enter_gyro=0
frame=155 line=1 track=1 cross=0 circle=1(CIRCLE_LEFT_BEGIN) round=0 yroad=0 ramp=0 road=6 speed=0 near=0/124 raw=0/105 sel=124/125 far=0/0 far_raw=0/0 l=0@-1/0@-1 far_l=0@-1/0@-1 straight=0/1 far_straight=0/0 circle_cnt=19/0/0/0 lost=0/0 conf=0.0/2.5/0.0/0.0 dist=248 begin=1577/0 m0=(84,119) ml=(83,78) md=41/1/127 cxcy=84.0,119.6 guide=0.53 atg=0.0/0.0/0.0 pure=-0.17/-0.22 yaw=-42 cmd=-166 actual=19 signed=1 rps=4028/3572:5216/5107 duty=8/8 pwm=PWM2:8/PWM1:8 motor=2:8/1:8
ATGCorner: L=0@-1/0@-1 Y=0@-1/0@-1 farL=0@-1/0@-1 Lxy=-1.0,-1.0:-1.0,-1.0/-1.0,-1.0:-1.0,-1.0 Yxy=-1.0,-1.0:-1.0,-1.0/-1.0,-1.0:-1.0,-1.0 farLxy=-1.0,-1.0:-1.0,-1.0/-1.0,-1.0:-1.0,-1.0 best=-1:-1.0,-1.0:-1.0,-1.0:-57295.8:00000/9:108.0,95.7:111.0,61.3:2.5:10111 seed_src=lost/none seed=0.0,0.0/0.0,0.0 far_start=70,0 far_raw=0/0 far_num=0/0 straight=0/1 far_straight=0/0 conf_deg=0.0/2.5/0.0/0.0
CrossDiag: type=CROSS_NONE track=1 half_lr=0/0 nearL=0@-1/0@-1 nearNum=0/124 centerNum=0/124 farL=0@-1/0@-1 farNum=0/0 farRaw=0/0 lost=0/0 not_have=0 final=124/125 flags=0/0
LineErr: aim=41 cxcy=84.0,119.6 left=0:0.00@-1,-1 dx=0.0 idx=-1/-1 dist=-1/-1 right=1:-0.07@84,73 dx=0.1 idx=0/18 dist=41/251 sel=1:0.00@84,74 dx=-0.0 idx=0/20 dist=40/248 edge=0:0.00@-1.0,-1.0 dx=0.0 width=0.0 l=-1,-1 r=111,70
ATGSeedDiag: seed=0@-1,-1/1@135,108 begin=7,108 block=5 clip=8
ATGLptDiag: best=-1(-57295.8) imip=-1/-1 pass=00000 acc=-1 ipm=-1.0,-1.0 inv=-1.0,-1.0 | 9(2.5) imip=0/19 pass=10111 acc=-1 ipm=108.0,95.7 inv=111.0,61.3
ATGCircleBeginDiag: side=L reason=state rpts0=0 Lpt0=0 none_left=20 have_left=0 dist=248 begin_dist=1577 enter_dist=0 enter_gyro=0
frame=156 line=1 track=1 cross=0 circle=1(CIRCLE_LEFT_BEGIN) round=0 yroad=0 ramp=0 road=6 speed=0 near=0/124 raw=0/105 sel=124/125 far=0/0 far_raw=0/0 l=0@-1/0@-1 far_l=0@-1/0@-1 straight=0/1 far_straight=0/0 circle_cnt=20/0/0/0 lost=0/0 conf=0.0/2.2/0.0/0.0 dist=262 begin=1591/0 m0=(84,119) ml=(83,78) md=41/1/127 cxcy=84.0,119.6 guide=0.53 atg=0.0/0.0/0.0 pure=-0.19/-0.22 yaw=-42 cmd=-182 actual=27 signed=1 rps=4050/3550:4954/5009 duty=8/8 pwm=PWM2:8/PWM1:8 motor=2:8/1:8
ATGCorner: L=0@-1/0@-1 Y=0@-1/0@-1 farL=0@-1/0@-1 Lxy=-1.0,-1.0:-1.0,-1.0/-1.0,-1.0:-1.0,-1.0 Yxy=-1.0,-1.0:-1.0,-1.0/-1.0,-1.0:-1.0,-1.0 farLxy=-1.0,-1.0:-1.0,-1.0/-1.0,-1.0:-1.0,-1.0 best=-1:-1.0,-1.0:-1.0,-1.0:-57295.8:00000/23:111.4,63.4:99.2,34.9:2.2:10111 seed_src=lost/none seed=0.0,0.0/0.0,0.0 far_start=70,0 far_raw=0/0 far_num=0/0 straight=0/1 far_straight=0/0 conf_deg=0.0/2.2/0.0/0.0
CrossDiag: type=CROSS_NONE track=1 half_lr=0/0 nearL=0@-1/0@-1 nearNum=0/124 centerNum=0/124 farL=0@-1/0@-1 farNum=0/0 farRaw=0/0 lost=0/0 not_have=0 final=124/125 flags=0/0
LineErr: aim=41 cxcy=84.0,119.6 left=0:0.00@-1,-1 dx=0.0 idx=-1/-1 dist=-1/-1 right=1:-0.08@84,73 dx=0.1 idx=0/18 dist=41/251 sel=1:0.00@84,74 dx=-0.0 idx=0/20 dist=40/248 edge=0:0.00@-1.0,-1.0 dx=0.0 width=0.0 l=-1,-1 r=111,70
ATGSeedDiag: seed=0@-1,-1/1@136,108 begin=7,108 block=5 clip=8
ATGLptDiag: best=-1(-57295.8) imip=-1/-1 pass=00000 acc=-1 ipm=-1.0,-1.0 inv=-1.0,-1.0 | 23(2.2) imip=13/33 pass=10111 acc=-1 ipm=111.4,63.4 inv=99.2,34.9
ATGCircleBeginDiag: side=L reason=state rpts0=0 Lpt0=0 none_left=21 have_left=0 dist=262 begin_dist=1591 enter_dist=0 enter_gyro=0
ATGCircleBeginDiag: side=L reason=state rpts0=0 Lpt0=0 none_left=22 have_left=0 dist=276 begin_dist=1605 enter_dist=0 enter_gyro=0
frame=158 line=1 track=1 cross=0 circle=1(CIRCLE_LEFT_BEGIN) round=0 yroad=0 ramp=0 road=6 speed=0 near=0/124 raw=0/105 sel=124/125 far=0/0 far_raw=0/0 l=0@-1/0@-1 far_l=0@-1/0@-1 straight=0/1 far_straight=0/0 circle_cnt=22/0/0/0 lost=0/0 conf=0.0/1.7/0.0/0.0 dist=289 begin=1618/0 m0=(84,119) ml=(83,78) md=41/1/127 cxcy=84.0,119.6 guide=0.40 atg=0.0/0.0/0.0 pure=-0.16/-0.22 yaw=-32 cmd=-164 actual=34 signed=1 rps=4025/3575:4754/4887 duty=9/9 pwm=PWM2:9/PWM1:9 motor=2:9/1:9
ATGCorner: L=0@-1/0@-1 Y=0@-1/0@-1 farL=0@-1/0@-1 Lxy=-1.0,-1.0:-1.0,-1.0/-1.0,-1.0:-1.0,-1.0 Yxy=-1.0,-1.0:-1.0,-1.0/-1.0,-1.0:-1.0,-1.0 farLxy=-1.0,-1.0:-1.0,-1.0/-1.0,-1.0:-1.0,-1.0 best=-1:-1.0,-1.0:-1.0,-1.0:-57295.8:00000/22:111.1,65.7:99.7,36.1:1.7:10111 seed_src=lost/none seed=0.0,0.0/0.0,0.0 far_start=70,0 far_raw=0/0 far_num=0/0 straight=0/1 far_straight=0/0 conf_deg=0.0/1.7/0.0/0.0
CrossDiag: type=CROSS_NONE track=1 half_lr=0/0 nearL=0@-1/0@-1 nearNum=0/124 centerNum=0/124 farL=0@-1/0@-1 farNum=0/0 farRaw=0/0 lost=0/0 not_have=0 final=124/125 flags=0/0
LineErr: aim=41 cxcy=84.0,119.6 left=0:0.00@-1,-1 dx=0.0 idx=-1/-1 dist=-1/-1 right=1:0.12@84,75 dx=-0.1 idx=0/17 dist=41/253 sel=1:-0.16@84,74 dx=0.2 idx=0/20 dist=40/248 edge=0:0.00@-1.0,-1.0 dx=0.0 width=0.0 l=-1,-1 r=111,70
ATGSeedDiag: seed=0@-1,-1/1@136,108 begin=7,108 block=5 clip=8
ATGLptDiag: best=-1(-57295.8) imip=-1/-1 pass=00000 acc=-1 ipm=-1.0,-1.0 inv=-1.0,-1.0 | 22(1.7) imip=12/32 pass=10111 acc=-1 ipm=111.1,65.7 inv=99.7,36.1
ATGCircleBeginDiag: side=L reason=state rpts0=0 Lpt0=0 none_left=23 have_left=0 dist=289 begin_dist=1618 enter_dist=0 enter_gyro=0
frame=159 line=1 track=1 cross=0 circle=1(CIRCLE_LEFT_BEGIN) round=0 yroad=0 ramp=0 road=6 speed=0 near=0/124 raw=0/105 sel=124/125 far=0/0 far_raw=0/0 l=0@-1/0@-1 far_l=0@-1/0@-1 straight=0/1 far_straight=0/0 circle_cnt=23/0/0/0 lost=0/0 conf=0.0/5.2/0.0/0.0 dist=302 begin=1631/0 m0=(84,119) ml=(84,78) md=41/1/128 cxcy=84.0,119.6 guide=0.40 atg=0.0/0.0/0.0 pure=-0.12/-0.16 yaw=-32 cmd=-166 actual=34 signed=1 rps=4027/3573:4773/5114 duty=9/8 pwm=PWM2:9/PWM1:8 motor=2:9/1:8
ATGCorner: L=0@-1/0@-1 Y=0@-1/0@-1 farL=0@-1/0@-1 Lxy=-1.0,-1.0:-1.0,-1.0/-1.0,-1.0:-1.0,-1.0 Yxy=-1.0,-1.0:-1.0,-1.0/-1.0,-1.0:-1.0,-1.0 farLxy=-1.0,-1.0:-1.0,-1.0/-1.0,-1.0:-1.0,-1.0 best=-1:-1.0,-1.0:-1.0,-1.0:-57295.8:00000/1:107.6,114.2:130.8,98.0:5.2:10111 seed_src=lost/none seed=0.0,0.0/0.0,0.0 far_start=70,0 far_raw=0/0 far_num=0/0 straight=0/1 far_straight=0/0 conf_deg=0.0/5.2/0.0/0.0
CrossDiag: type=CROSS_NONE track=1 half_lr=0/0 nearL=0@-1/0@-1 nearNum=0/124 centerNum=0/124 farL=0@-1/0@-1 farNum=0/0 farRaw=0/0 lost=0/0 not_have=0 final=124/125 flags=0/0
LineErr: aim=41 cxcy=84.0,119.6 left=0:0.00@-1,-1 dx=0.0 idx=-1/-1 dist=-1/-1 right=1:-0.11@84,73 dx=0.1 idx=0/18 dist=41/251 sel=1:-0.05@84,74 dx=0.1 idx=0/20 dist=40/248 edge=0:0.00@-1.0,-1.0 dx=0.0 width=0.0 l=-1,-1 r=111,70
ATGSeedDiag: seed=0@-1,-1/1@135,108 begin=7,108 block=5 clip=8
ATGLptDiag: best=-1(-57295.8) imip=-1/-1 pass=00000 acc=-1 ipm=-1.0,-1.0 inv=-1.0,-1.0 | 1(5.2) imip=0/11 pass=10111 acc=-1 ipm=107.6,114.2 inv=130.8,98.0
ATGCircleBeginDiag: side=L reason=state rpts0=0 Lpt0=0 none_left=24 have_left=0 dist=302 begin_dist=1631 enter_dist=0 enter_gyro=0
ATGCircleBeginDiag: side=L reason=state rpts0=0 Lpt0=0 none_left=25 have_left=0 dist=315 begin_dist=1644 enter_dist=0 enter_gyro=0
ATGCircleBeginDiag: side=L reason=state rpts0=0 Lpt0=0 none_left=26 have_left=0 dist=328 begin_dist=1657 enter_dist=0 enter_gyro=0
ATGCircleBeginDiag: side=L reason=state rpts0=0 Lpt0=0 none_left=27 have_left=0 dist=341 begin_dist=1670 enter_dist=0 enter_gyro=0
ATGCircleBeginDiag: side=L reason=state rpts0=0 Lpt0=0 none_left=28 have_left=0 dist=353 begin_dist=1682 enter_dist=0 enter_gyro=0
frame=164 line=1 track=1 cross=0 circle=1(CIRCLE_LEFT_BEGIN) round=0 yroad=0 ramp=0 road=6 speed=0 near=0/124 raw=0/105 sel=124/125 far=0/0 far_raw=0/0 l=0@-1/0@-1 far_l=0@-1/0@-1 straight=0/1 far_straight=0/0 circle_cnt=28/0/0/0 lost=0/0 conf=0.0/2.0/0.0/0.0 dist=366 begin=1695/0 m0=(84,119) ml=(84,78) md=41/1/127 cxcy=84.0,119.6 guide=0.28 atg=0.0/0.0/0.0 pure=-0.13/-0.22 yaw=-22 cmd=-140 actual=37 signed=1 rps=3992/3608:4827/4565 duty=8/9 pwm=PWM2:8/PWM1:9 motor=2:8/1:9
ATGCorner: L=0@-1/0@-1 Y=0@-1/0@-1 farL=0@-1/0@-1 Lxy=-1.0,-1.0:-1.0,-1.0/-1.0,-1.0:-1.0,-1.0 Yxy=-1.0,-1.0:-1.0,-1.0/-1.0,-1.0:-1.0,-1.0 farLxy=-1.0,-1.0:-1.0,-1.0/-1.0,-1.0:-1.0,-1.0 best=-1:-1.0,-1.0:-1.0,-1.0:-57295.8:00000/21:111.0,68.0:100.5,37.4:2.0:10111 seed_src=lost/none seed=0.0,0.0/0.0,0.0 far_start=70,0 far_raw=0/0 far_num=0/0 straight=0/1 far_straight=0/0 conf_deg=0.0/2.0/0.0/0.0
CrossDiag: type=CROSS_NONE track=1 half_lr=0/0 nearL=0@-1/0@-1 nearNum=0/124 centerNum=0/124 farL=0@-1/0@-1 farNum=0/0 farRaw=0/0 lost=0/0 not_have=0 final=124/125 flags=0/0
LineErr: aim=41 cxcy=84.0,119.6 left=0:0.00@-1,-1 dx=0.0 idx=-1/-1 dist=-1/-1 right=1:-0.17@84,76 dx=0.2 idx=0/17 dist=41/253 sel=1:-0.33@84,74 dx=0.4 idx=0/20 dist=40/248 edge=0:0.00@-1.0,-1.0 dx=0.0 width=0.0 l=-1,-1 r=111,70
ATGSeedDiag: seed=0@-1,-1/1@135,108 begin=7,108 block=5 clip=8
ATGLptDiag: best=-1(-57295.8) imip=-1/-1 pass=00000 acc=-1 ipm=-1.0,-1.0 inv=-1.0,-1.0 | 21(2.0) imip=11/31 pass=10111 acc=-1 ipm=111.0,68.0 inv=100.5,37.4
ATGCircleBeginDiag: side=L reason=state rpts0=0 Lpt0=0 none_left=29 have_left=0 dist=366 begin_dist=1695 enter_dist=0 enter_gyro=0
frame=165 line=1 track=1 cross=0 circle=1(CIRCLE_LEFT_BEGIN) round=0 yroad=0 ramp=0 road=6 speed=0 near=0/124 raw=0/105 sel=124/125 far=0/0 far_raw=0/0 l=0@-1/0@-1 far_l=0@-1/0@-1 straight=0/1 far_straight=0/0 circle_cnt=29/0/0/0 lost=0/0 conf=0.0/5.4/0.0/0.0 dist=379 begin=1708/0 m0=(84,119) ml=(84,78) md=41/1/127 cxcy=84.0,119.6 guide=0.28 atg=0.0/0.0/0.0 pure=-0.12/-0.21 yaw=-22 cmd=-131 actual=32 signed=1 rps=3979/3621:5053/4648 duty=8/9 pwm=PWM2:8/PWM1:9 motor=2:8/1:9
ATGCorner: L=0@-1/0@-1 Y=0@-1/0@-1 farL=0@-1/0@-1 Lxy=-1.0,-1.0:-1.0,-1.0/-1.0,-1.0:-1.0,-1.0 Yxy=-1.0,-1.0:-1.0,-1.0/-1.0,-1.0:-1.0,-1.0 farLxy=-1.0,-1.0:-1.0,-1.0/-1.0,-1.0:-1.0,-1.0 best=-1:-1.0,-1.0:-1.0,-1.0:-57295.8:00000/1:107.6,114.2:130.8,98.0:5.4:10111 seed_src=lost/none seed=0.0,0.0/0.0,0.0 far_start=70,0 far_raw=0/0 far_num=0/0 straight=0/1 far_straight=0/0 conf_deg=0.0/5.4/0.0/0.0
CrossDiag: type=CROSS_NONE track=1 half_lr=0/0 nearL=0@-1/0@-1 nearNum=0/124 centerNum=0/124 farL=0@-1/0@-1 farNum=0/0 farRaw=0/0 lost=0/0 not_have=0 final=124/125 flags=0/0
LineErr: aim=41 cxcy=84.0,119.6 left=0:0.00@-1,-1 dx=0.0 idx=-1/-1 dist=-1/-1 right=1:-0.17@84,76 dx=0.2 idx=0/17 dist=41/254 sel=1:-0.33@84,74 dx=0.4 idx=0/20 dist=40/248 edge=0:0.00@-1.0,-1.0 dx=0.0 width=0.0 l=-1,-1 r=111,70
ATGSeedDiag: seed=0@-1,-1/1@135,108 begin=7,108 block=5 clip=8
ATGLptDiag: best=-1(-57295.8) imip=-1/-1 pass=00000 acc=-1 ipm=-1.0,-1.0 inv=-1.0,-1.0 | 1(5.4) imip=0/11 pass=10111 acc=-1 ipm=107.6,114.2 inv=130.8,98.0
ATGCircleBeginDiag: side=L reason=state rpts0=0 Lpt0=0 none_left=30 have_left=0 dist=379 begin_dist=1708 enter_dist=0 enter_gyro=0
ATGCircleBeginDiag: side=L reason=state rpts0=0 Lpt0=0 none_left=31 have_left=0 dist=393 begin_dist=1722 enter_dist=0 enter_gyro=0
ATGCircleBeginDiag: side=L reason=state rpts0=0 Lpt0=0 none_left=32 have_left=0 dist=407 begin_dist=1736 enter_dist=0 enter_gyro=0
ATGCircleBeginDiag: side=L reason=state rpts0=0 Lpt0=0 none_left=33 have_left=0 dist=421 begin_dist=1750 enter_dist=0 enter_gyro=0
frame=169 line=1 track=1 cross=0 circle=1(CIRCLE_LEFT_BEGIN) round=0 yroad=0 ramp=0 road=6 speed=0 near=0/124 raw=0/105 sel=124/126 far=0/0 far_raw=0/0 l=0@-1/0@-1 far_l=0@-1/0@-1 straight=0/1 far_straight=0/0 circle_cnt=33/0/0/0 lost=0/0 conf=0.0/2.9/0.0/0.0 dist=435 begin=1764/0 m0=(84,119) ml=(84,78) md=41/1/127 cxcy=84.0,119.6 guide=0.15 atg=0.0/0.0/0.0 pure=-0.03/-0.16 yaw=-12 cmd=-184 actual=74 signed=1 rps=4053/3547:5061/5233 duty=8/8 pwm=PWM2:8/PWM1:8 motor=2:8/1:8
ATGCorner: L=0@-1/0@-1 Y=0@-1/0@-1 farL=0@-1/0@-1 Lxy=-1.0,-1.0:-1.0,-1.0/-1.0,-1.0:-1.0,-1.0 Yxy=-1.0,-1.0:-1.0,-1.0/-1.0,-1.0:-1.0,-1.0 farLxy=-1.0,-1.0:-1.0,-1.0/-1.0,-1.0:-1.0,-1.0 best=-1:-1.0,-1.0:-1.0,-1.0:-57295.8:00000/19:110.6,72.7:101.8,40.2:2.9:10111 seed_src=lost/none seed=0.0,0.0/0.0,0.0 far_start=70,0 far_raw=0/0 far_num=0/0 straight=0/1 far_straight=0/0 conf_deg=0.0/2.9/0.0/0.0
CrossDiag: type=CROSS_NONE track=1 half_lr=0/0 nearL=0@-1/0@-1 nearNum=0/124 centerNum=0/124 farL=0@-1/0@-1 farNum=0/0 farRaw=0/0 lost=0/0 not_have=0 final=124/126 flags=0/0
LineErr: aim=41 cxcy=84.0,119.6 left=0:0.00@-1,-1 dx=0.0 idx=-1/-1 dist=-1/-1 right=1:-0.22@84,76 dx=0.3 idx=0/17 dist=41/253 sel=1:-0.34@84,74 dx=0.4 idx=0/20 dist=40/250 edge=0:0.00@-1.0,-1.0 dx=0.0 width=0.0 l=-1,-1 r=111,70
ATGSeedDiag: seed=0@-1,-1/1@135,108 begin=7,108 block=5 clip=8
ATGLptDiag: best=-1(-57295.8) imip=-1/-1 pass=00000 acc=-1 ipm=-1.0,-1.0 inv=-1.0,-1.0 | 19(2.9) imip=9/29 pass=10111 acc=-1 ipm=110.6,72.7 inv=101.8,40.2
ATGCircleBeginDiag: side=L reason=state rpts0=0 Lpt0=0 none_left=34 have_left=0 dist=435 begin_dist=1764 enter_dist=0 enter_gyro=0
ATGCircleBeginDiag: side=L reason=state rpts0=0 Lpt0=0 none_left=35 have_left=0 dist=448 begin_dist=1777 enter_dist=0 enter_gyro=0
ATGCircleBeginDiag: side=L reason=state rpts0=0 Lpt0=0 none_left=36 have_left=0 dist=461 begin_dist=1790 enter_dist=0 enter_gyro=0
ATGCircleBeginDiag: side=L reason=state rpts0=0 Lpt0=0 none_left=37 have_left=0 dist=474 begin_dist=1803 enter_dist=0 enter_gyro=0
ATGCircleBeginDiag: side=L reason=state rpts0=0 Lpt0=0 none_left=38 have_left=0 dist=487 begin_dist=1816 enter_dist=0 enter_gyro=0
frame=174 line=1 track=1 cross=0 circle=1(CIRCLE_LEFT_BEGIN) round=0 yroad=0 ramp=0 road=6 speed=0 near=0/124 raw=0/105 sel=124/125 far=0/0 far_raw=0/0 l=0@-1/0@-1 far_l=0@-1/0@-1 straight=0/1 far_straight=0/0 circle_cnt=38/0/0/0 lost=0/0 conf=0.0/2.3/0.0/0.0 dist=500 begin=1829/0 m0=(84,119) ml=(84,78) md=41/1/125 cxcy=84.0,119.6 guide=0.28 atg=0.0/0.0/0.0 pure=-0.02/-0.13 yaw=-22 cmd=-344 actual=139 signed=1 rps=4271/3329:4570/4958 duty=10/8 pwm=PWM2:10/PWM1:8 motor=2:10/1:8
ATGCorner: L=0@-1/0@-1 Y=0@-1/0@-1 farL=0@-1/0@-1 Lxy=-1.0,-1.0:-1.0,-1.0/-1.0,-1.0:-1.0,-1.0 Yxy=-1.0,-1.0:-1.0,-1.0/-1.0,-1.0:-1.0,-1.0 farLxy=-1.0,-1.0:-1.0,-1.0/-1.0,-1.0:-1.0,-1.0 best=-1:-1.0,-1.0:-1.0,-1.0:-57295.8:00000/20:110.4,70.3:100.6,38.8:2.3:10111 seed_src=lost/none seed=0.0,0.0/0.0,0.0 far_start=70,0 far_raw=0/0 far_num=0/0 straight=0/1 far_straight=0/0 conf_deg=0.0/2.3/0.0/0.0
CrossDiag: type=CROSS_NONE track=1 half_lr=0/0 nearL=0@-1/0@-1 nearNum=0/124 centerNum=0/124 farL=0@-1/0@-1 farNum=0/0 farRaw=0/0 lost=0/0 not_have=0 final=124/125 flags=0/0
LineErr: aim=41 cxcy=84.0,119.6 left=0:0.00@-1,-1 dx=0.0 idx=-1/-1 dist=-1/-1 right=1:-0.06@84,76 dx=0.1 idx=0/17 dist=40/252 sel=1:-0.05@84,74 dx=0.1 idx=0/20 dist=40/248 edge=0:0.00@-1.0,-1.0 dx=0.0 width=0.0 l=-1,-1 r=110,70
ATGSeedDiag: seed=0@-1,-1/1@135,108 begin=7,108 block=5 clip=8
ATGLptDiag: best=-1(-57295.8) imip=-1/-1 pass=00000 acc=-1 ipm=-1.0,-1.0 inv=-1.0,-1.0 | 20(2.3) imip=10/30 pass=10111 acc=-1 ipm=110.4,70.3 inv=100.6,38.8
ATGCircleBeginDiag: side=L reason=state rpts0=0 Lpt0=0 none_left=39 have_left=0 dist=500 begin_dist=1829 enter_dist=0 enter_gyro=0
frame=175 line=1 track=1 cross=0 circle=1(CIRCLE_LEFT_BEGIN) round=0 yroad=0 ramp=0 road=6 speed=0 near=0/124 raw=0/105 sel=124/125 far=0/0 far_raw=0/0 l=0@-1/0@-1 far_l=0@-1/0@-1 straight=0/1 far_straight=0/0 circle_cnt=39/0/0/0 lost=0/0 conf=0.0/3.9/0.0/0.0 dist=513 begin=1842/0 m0=(84,119) ml=(84,79) md=40/1/125 cxcy=84.0,119.6 guide=0.28 atg=0.0/0.0/0.0 pure=0.06/-0.11 yaw=-22 cmd=-352 actual=143 signed=1 rps=4283/3317:4469/4608 duty=10/8 pwm=PWM2:10/PWM1:8 motor=2:10/1:8
ATGCorner: L=0@-1/0@-1 Y=0@-1/0@-1 farL=0@-1/0@-1 Lxy=-1.0,-1.0:-1.0,-1.0/-1.0,-1.0:-1.0,-1.0 Yxy=-1.0,-1.0:-1.0,-1.0/-1.0,-1.0:-1.0,-1.0 farLxy=-1.0,-1.0:-1.0,-1.0/-1.0,-1.0:-1.0,-1.0 best=-1:-1.0,-1.0:-1.0,-1.0:-57295.8:00000/1:107.4,114.2:130.2,98.0:3.9:10111 seed_src=lost/none seed=0.0,0.0/0.0,0.0 far_start=70,0 far_raw=0/0 far_num=0/0 straight=0/1 far_straight=0/0 conf_deg=0.0/3.9/0.0/0.0
CrossDiag: type=CROSS_NONE track=1 half_lr=0/0 nearL=0@-1/0@-1 nearNum=0/124 centerNum=0/124 farL=0@-1/0@-1 farNum=0/0 farRaw=0/0 lost=0/0 not_have=0 final=124/125 flags=0/0
LineErr: aim=41 cxcy=84.0,119.6 left=0:0.00@-1,-1 dx=0.0 idx=-1/-1 dist=-1/-1 right=1:0.02@84,76 dx=-0.0 idx=0/17 dist=41/253 sel=1:0.02@84,74 dx=-0.0 idx=0/20 dist=40/248 edge=0:0.00@-1.0,-1.0 dx=0.0 width=0.0 l=-1,-1 r=110,70
ATGSeedDiag: seed=0@-1,-1/1@135,108 begin=7,108 block=5 clip=8
ATGLptDiag: best=-1(-57295.8) imip=-1/-1 pass=00000 acc=-1 ipm=-1.0,-1.0 inv=-1.0,-1.0 | 1(3.9) imip=0/11 pass=10111 acc=-1 ipm=107.4,114.2 inv=130.2,98.0
ATGCircleBeginDiag: side=L reason=state rpts0=0 Lpt0=0 none_left=40 have_left=0 dist=513 begin_dist=1842 enter_dist=0 enter_gyro=0
frame=176 line=1 track=1 cross=0 circle=1(CIRCLE_LEFT_BEGIN) round=0 yroad=0 ramp=0 road=6 speed=0 near=0/124 raw=0/105 sel=124/125 far=0/0 far_raw=0/0 l=0@-1/0@-1 far_l=0@-1/0@-1 straight=0/1 far_straight=0/0 circle_cnt=40/0/0/0 lost=0/0 conf=0.0/2.4/0.0/0.0 dist=526 begin=1855/0 m0=(84,119) ml=(84,79) md=40/1/125 cxcy=84.0,119.6 guide=0.79 atg=0.0/0.0/0.0 pure=0.14/-0.05 yaw=-63 cmd=-463 actual=141 signed=1 rps=4435/3165:4767/4669 duty=10/7 pwm=PWM2:10/PWM1:7 motor=2:10/1:7
ATGCorner: L=0@-1/0@-1 Y=0@-1/0@-1 farL=0@-1/0@-1 Lxy=-1.0,-1.0:-1.0,-1.0/-1.0,-1.0:-1.0,-1.0 Yxy=-1.0,-1.0:-1.0,-1.0/-1.0,-1.0:-1.0,-1.0 farLxy=-1.0,-1.0:-1.0,-1.0/-1.0,-1.0:-1.0,-1.0 best=-1:-1.0,-1.0:-1.0,-1.0:-57295.8:00000/17:109.6,77.3:102.6,43.4:2.4:10111 seed_src=lost/none seed=0.0,0.0/0.0,0.0 far_start=70,0 far_raw=0/0 far_num=0/0 straight=0/1 far_straight=0/0 conf_deg=0.0/2.4/0.0/0.0
CrossDiag: type=CROSS_NONE track=1 half_lr=0/0 nearL=0@-1/0@-1 nearNum=0/124 centerNum=0/124 farL=0@-1/0@-1 farNum=0/0 farRaw=0/0 lost=0/0 not_have=0 final=124/125 flags=0/0
LineErr: aim=41 cxcy=84.0,119.6 left=0:0.00@-1,-1 dx=0.0 idx=-1/-1 dist=-1/-1 right=1:0.48@83,76 dx=-0.6 idx=0/17 dist=41/253 sel=1:0.52@83,74 dx=-0.6 idx=0/20 dist=40/248 edge=0:0.00@-1.0,-1.0 dx=0.0 width=0.0 l=-1,-1 r=110,70
ATGSeedDiag: seed=0@-1,-1/1@135,108 begin=7,108 block=5 clip=8
ATGLptDiag: best=-1(-57295.8) imip=-1/-1 pass=00000 acc=-1 ipm=-1.0,-1.0 inv=-1.0,-1.0 | 17(2.4) imip=7/27 pass=10111 acc=-1 ipm=109.6,77.3 inv=102.6,43.4
ATGCircleBeginDiag: side=L reason=state rpts0=0 Lpt0=0 none_left=41 have_left=0 dist=526 begin_dist=1855 enter_dist=0 enter_gyro=0
frame=177 line=1 track=1 cross=0 circle=1(CIRCLE_LEFT_BEGIN) round=0 yroad=0 ramp=0 road=6 speed=0 near=0/124 raw=0/105 sel=124/126 far=0/0 far_raw=0/0 l=0@-1/0@-1 far_l=0@-1/0@-1 straight=0/1 far_straight=0/0 circle_cnt=41/0/0/0 lost=0/0 conf=0.0/2.7/0.0/0.0 dist=540 begin=1869/0 m0=(84,119) ml=(84,79) md=40/1/125 cxcy=84.0,119.6 guide=0.79 atg=0.0/0.0/0.0 pure=0.14/-0.05 yaw=-63 cmd=-442 actual=126 signed=1 rps=4406/3194:5100/4776 duty=10/7 pwm=PWM2:10/PWM1:7 motor=2:10/1:7
ATGCorner: L=0@-1/0@-1 Y=0@-1/0@-1 farL=0@-1/0@-1 Lxy=-1.0,-1.0:-1.0,-1.0/-1.0,-1.0:-1.0,-1.0 Yxy=-1.0,-1.0:-1.0,-1.0/-1.0,-1.0:-1.0,-1.0 farLxy=-1.0,-1.0:-1.0,-1.0/-1.0,-1.0:-1.0,-1.0 best=-1:-1.0,-1.0:-1.0,-1.0:-57295.8:00000/17:109.6,77.3:102.6,43.4:2.7:10111 seed_src=lost/none seed=0.0,0.0/0.0,0.0 far_start=70,0 far_raw=0/0 far_num=0/0 straight=0/1 far_straight=0/0 conf_deg=0.0/2.7/0.0/0.0
CrossDiag: type=CROSS_NONE track=1 half_lr=0/0 nearL=0@-1/0@-1 nearNum=0/124 centerNum=0/124 farL=0@-1/0@-1 farNum=0/0 farRaw=0/0 lost=0/0 not_have=0 final=124/126 flags=0/0
LineErr: aim=41 cxcy=84.0,119.6 left=0:0.00@-1,-1 dx=0.0 idx=-1/-1 dist=-1/-1 right=1:0.48@83,76 dx=-0.6 idx=0/17 dist=41/253 sel=1:0.54@83,74 dx=-0.6 idx=0/20 dist=40/250 edge=0:0.00@-1.0,-1.0 dx=0.0 width=0.0 l=-1,-1 r=109,70
ATGSeedDiag: seed=0@-1,-1/1@135,108 begin=7,108 block=5 clip=8
ATGLptDiag: best=-1(-57295.8) imip=-1/-1 pass=00000 acc=-1 ipm=-1.0,-1.0 inv=-1.0,-1.0 | 17(2.7) imip=7/27 pass=10111 acc=-1 ipm=109.6,77.3 inv=102.6,43.4
ATGCircleBeginDiag: side=L reason=state rpts0=0 Lpt0=0 none_left=42 have_left=0 dist=540 begin_dist=1869 enter_dist=0 enter_gyro=0
frame=178 line=1 track=1 cross=0 circle=1(CIRCLE_LEFT_BEGIN) round=0 yroad=0 ramp=0 road=6 speed=0 near=0/124 raw=0/104 sel=124/126 far=0/0 far_raw=0/0 l=0@-1/0@-1 far_l=0@-1/0@-1 straight=0/1 far_straight=0/0 circle_cnt=42/0/0/0 lost=0/0 conf=0.0/6.0/0.0/0.0 dist=554 begin=1883/0 m0=(84,119) ml=(83,78) md=41/1/125 cxcy=84.0,119.6 guide=0.91 atg=0.0/0.0/0.0 pure=0.14/-0.05 yaw=-73 cmd=-406 actual=94 signed=1 rps=4357/3243:4978/4612 duty=9/8 pwm=PWM2:9/PWM1:8 motor=2:9/1:8
ATGCorner: L=0@-1/0@-1 Y=0@-1/0@-1 farL=0@-1/0@-1 Lxy=-1.0,-1.0:-1.0,-1.0/-1.0,-1.0:-1.0,-1.0 Yxy=-1.0,-1.0:-1.0,-1.0/-1.0,-1.0:-1.0,-1.0 farLxy=-1.0,-1.0:-1.0,-1.0/-1.0,-1.0:-1.0,-1.0 best=-1:-1.0,-1.0:-1.0,-1.0:-57295.8:00000/1:107.3,113.9:129.7,97.1:6.0:10111 seed_src=lost/none seed=0.0,0.0/0.0,0.0 far_start=70,0 far_raw=0/0 far_num=0/0 straight=0/1 far_straight=0/0 conf_deg=0.0/6.0/0.0/0.0
CrossDiag: type=CROSS_NONE track=1 half_lr=0/0 nearL=0@-1/0@-1 nearNum=0/124 centerNum=0/124 farL=0@-1/0@-1 farNum=0/0 farRaw=0/0 lost=0/0 not_have=0 final=124/126 flags=0/0
LineErr: aim=41 cxcy=84.0,119.6 left=0:0.00@-1,-1 dx=0.0 idx=-1/-1 dist=-1/-1 right=1:0.60@83,76 dx=-0.7 idx=0/17 dist=42/254 sel=1:0.57@83,74 dx=-0.7 idx=0/20 dist=40/250 edge=0:0.00@-1.0,-1.0 dx=0.0 width=0.0 l=-1,-1 r=109,70
ATGSeedDiag: seed=0@-1,-1/1@134,107 begin=7,108 block=5 clip=8
ATGLptDiag: best=-1(-57295.8) imip=-1/-1 pass=00000 acc=-1 ipm=-1.0,-1.0 inv=-1.0,-1.0 | 1(6.0) imip=0/11 pass=10111 acc=-1 ipm=107.3,113.9 inv=129.7,97.1
ATGCircleBeginDiag: side=L reason=state rpts0=0 Lpt0=0 none_left=43 have_left=0 dist=554 begin_dist=1883 enter_dist=0 enter_gyro=0
frame=179 line=1 track=1 cross=0 circle=1(CIRCLE_LEFT_BEGIN) round=0 yroad=0 ramp=0 road=6 speed=0 near=0/124 raw=0/105 sel=124/125 far=0/0 far_raw=0/0 l=0@-1/0@-1 far_l=0@-1/0@-1 straight=0/1 far_straight=0/0 circle_cnt=43/0/0/0 lost=0/0 conf=0.0/4.5/0.0/0.0 dist=568 begin=1897/0 m0=(84,119) ml=(84,78) md=41/1/125 cxcy=84.0,119.6 guide=0.79 atg=0.0/0.0/0.0 pure=0.14/-0.05 yaw=-63 cmd=-341 actual=76 signed=1 rps=4268/3332:5251/5007 duty=9/7 pwm=PWM2:9/PWM1:7 motor=2:9/1:7
ATGCorner: L=0@-1/0@-1 Y=0@-1/0@-1 farL=0@-1/0@-1 Lxy=-1.0,-1.0:-1.0,-1.0/-1.0,-1.0:-1.0,-1.0 Yxy=-1.0,-1.0:-1.0,-1.0/-1.0,-1.0:-1.0,-1.0 farLxy=-1.0,-1.0:-1.0,-1.0/-1.0,-1.0:-1.0,-1.0 best=-1:-1.0,-1.0:-1.0,-1.0:-57295.8:00000/1:107.4,114.2:130.2,98.0:4.5:10111 seed_src=lost/none seed=0.0,0.0/0.0,0.0 far_start=70,0 far_raw=0/0 far_num=0/0 straight=0/1 far_straight=0/0 conf_deg=0.0/4.5/0.0/0.0
CrossDiag: type=CROSS_NONE track=1 half_lr=0/0 nearL=0@-1/0@-1 nearNum=0/124 centerNum=0/124 farL=0@-1/0@-1 farNum=0/0 farRaw=0/0 lost=0/0 not_have=0 final=124/125 flags=0/0
LineErr: aim=41 cxcy=84.0,119.6 left=0:0.00@-1,-1 dx=0.0 idx=-1/-1 dist=-1/-1 right=1:0.48@83,76 dx=-0.6 idx=0/17 dist=40/252 sel=1:0.54@83,74 dx=-0.7 idx=0/20 dist=40/248 edge=0:0.00@-1.0,-1.0 dx=0.0 width=0.0 l=-1,-1 r=109,70
ATGSeedDiag: seed=0@-1,-1/1@135,108 begin=7,108 block=5 clip=8
ATGLptDiag: best=-1(-57295.8) imip=-1/-1 pass=00000 acc=-1 ipm=-1.0,-1.0 inv=-1.0,-1.0 | 1(4.5) imip=0/11 pass=10111 acc=-1 ipm=107.4,114.2 inv=130.2,98.0
ATGCircleBeginDiag: side=L reason=state rpts0=0 Lpt0=0 none_left=44 have_left=0 dist=568 begin_dist=1897 enter_dist=0 enter_gyro=0
ATGCircleBeginDiag: side=L reason=state rpts0=0 Lpt0=0 none_left=45 have_left=0 dist=582 begin_dist=1911 enter_dist=0 enter_gyro=0
ATGCircleBeginDiag: side=L reason=state rpts0=0 Lpt0=0 none_left=46 have_left=0 dist=596 begin_dist=1925 enter_dist=0 enter_gyro=0
frame=182 line=1 track=1 cross=0 circle=1(CIRCLE_LEFT_BEGIN) round=0 yroad=0 ramp=0 road=6 speed=0 near=0/124 raw=0/105 sel=124/125 far=0/0 far_raw=0/0 l=0@-1/0@-1 far_l=0@-1/0@-1 straight=0/1 far_straight=0/0 circle_cnt=46/0/0/0 lost=0/0 conf=0.0/3.0/0.0/0.0 dist=609 begin=1938/0 m0=(84,119) ml=(84,78) md=41/1/126 cxcy=84.0,119.6 guide=0.53 atg=0.0/0.0/0.0 pure=0.14/-0.05 yaw=-43 cmd=-130 actual=1 signed=1 rps=3979/3621:4863/4866 duty=8/9 pwm=PWM2:8/PWM1:9 motor=2:8/1:9
ATGCorner: L=0@-1/0@-1 Y=0@-1/0@-1 farL=0@-1/0@-1 Lxy=-1.0,-1.0:-1.0,-1.0/-1.0,-1.0:-1.0,-1.0 Yxy=-1.0,-1.0:-1.0,-1.0/-1.0,-1.0:-1.0,-1.0 farLxy=-1.0,-1.0:-1.0,-1.0/-1.0,-1.0:-1.0,-1.0 best=-1:-1.0,-1.0:-1.0,-1.0:-57295.8:00000/16:109.6,79.6:103.7,45.1:3.0:10111 seed_src=lost/none seed=0.0,0.0/0.0,0.0 far_start=70,0 far_raw=0/0 far_num=0/0 straight=0/1 far_straight=0/0 conf_deg=0.0/3.0/0.0/0.0
CrossDiag: type=CROSS_NONE track=1 half_lr=0/0 nearL=0@-1/0@-1 nearNum=0/124 centerNum=0/124 farL=0@-1/0@-1 farNum=0/0 farRaw=0/0 lost=0/0 not_have=0 final=124/125 flags=0/0
LineErr: aim=41 cxcy=84.0,119.6 left=0:0.00@-1,-1 dx=0.0 idx=-1/-1 dist=-1/-1 right=1:0.45@84,76 dx=-0.5 idx=0/17 dist=40/252 sel=1:0.43@84,74 dx=-0.5 idx=0/20 dist=40/248 edge=0:0.00@-1.0,-1.0 dx=0.0 width=0.0 l=-1,-1 r=109,70
ATGSeedDiag: seed=0@-1,-1/1@135,108 begin=7,108 block=5 clip=8
ATGLptDiag: best=-1(-57295.8) imip=-1/-1 pass=00000 acc=-1 ipm=-1.0,-1.0 inv=-1.0,-1.0 | 16(3.0) imip=6/26 pass=10111 acc=-1 ipm=109.6,79.6 inv=103.7,45.1
ATGCircleBeginDiag: side=L reason=state rpts0=0 Lpt0=0 none_left=47 have_left=0 dist=609 begin_dist=1938 enter_dist=0 enter_gyro=0
frame=183 line=1 track=1 cross=0 circle=1(CIRCLE_LEFT_BEGIN) round=0 yroad=0 ramp=0 road=6 speed=0 near=0/124 raw=0/105 sel=124/125 far=0/0 far_raw=0/0 l=0@-1/0@-1 far_l=0@-1/0@-1 straight=0/1 far_straight=0/0 circle_cnt=47/0/0/0 lost=0/0 conf=0.0/2.6/0.0/0.0 dist=622 begin=1951/0 m0=(84,119) ml=(84,78) md=41/1/126 cxcy=84.0,119.6 guide=0.40 atg=0.0/0.0/0.0 pure=0.08/-0.07 yaw=-32 cmd=-71 actual=-13 signed=1 rps=3898/3702:4934/5073 duty=8/9 pwm=PWM2:8/PWM1:9 motor=2:8/1:9
ATGCorner: L=0@-1/0@-1 Y=0@-1/0@-1 farL=0@-1/0@-1 Lxy=-1.0,-1.0:-1.0,-1.0/-1.0,-1.0:-1.0,-1.0 Yxy=-1.0,-1.0:-1.0,-1.0/-1.0,-1.0:-1.0,-1.0 farLxy=-1.0,-1.0:-1.0,-1.0/-1.0,-1.0:-1.0,-1.0 best=-1:-1.0,-1.0:-1.0,-1.0:-57295.8:00000/16:109.6,79.5:103.7,45.1:2.6:10111 seed_src=lost/none seed=0.0,0.0/0.0,0.0 far_start=70,0 far_raw=0/0 far_num=0/0 straight=0/1 far_straight=0/0 conf_deg=0.0/2.6/0.0/0.0
CrossDiag: type=CROSS_NONE track=1 half_lr=0/0 nearL=0@-1/0@-1 nearNum=0/124 centerNum=0/124 farL=0@-1/0@-1 farNum=0/0 farRaw=0/0 lost=0/0 not_have=0 final=124/125 flags=0/0
LineErr: aim=41 cxcy=84.0,119.6 left=0:0.00@-1,-1 dx=0.0 idx=-1/-1 dist=-1/-1 right=1:0.44@84,76 dx=-0.5 idx=0/17 dist=40/252 sel=1:0.42@84,74 dx=-0.5 idx=0/20 dist=40/248 edge=0:0.00@-1.0,-1.0 dx=0.0 width=0.0 l=-1,-1 r=109,70
ATGSeedDiag: seed=0@-1,-1/1@135,108 begin=7,108 block=5 clip=8
ATGLptDiag: best=-1(-57295.8) imip=-1/-1 pass=00000 acc=-1 ipm=-1.0,-1.0 inv=-1.0,-1.0 | 16(2.6) imip=6/26 pass=10111 acc=-1 ipm=109.6,79.5 inv=103.7,45.1
ATGCircleBeginDiag: side=L reason=state rpts0=0 Lpt0=0 none_left=48 have_left=0 dist=622 begin_dist=1951 enter_dist=0 enter_gyro=0
frame=184 line=1 track=1 cross=0 circle=1(CIRCLE_LEFT_BEGIN) round=0 yroad=0 ramp=0 road=6 speed=0 near=0/124 raw=0/105 sel=124/125 far=0/0 far_raw=0/0 l=0@-1/0@-1 far_l=0@-1/0@-1 straight=0/1 far_straight=0/0 circle_cnt=48/0/0/0 lost=0/0 conf=0.0/2.1/0.0/0.0 dist=635 begin=1964/0 m0=(84,119) ml=(84,78) md=41/1/125 cxcy=84.0,119.6 guide=0.40 atg=0.0/0.0/0.0 pure=0.06/-0.11 yaw=-32 cmd=-67 actual=-15 signed=1 rps=3892/3708:4908/5207 duty=8/9 pwm=PWM2:8/PWM1:9 motor=2:8/1:9
ATGCorner: L=0@-1/0@-1 Y=0@-1/0@-1 farL=0@-1/0@-1 Lxy=-1.0,-1.0:-1.0,-1.0/-1.0,-1.0:-1.0,-1.0 Yxy=-1.0,-1.0:-1.0,-1.0/-1.0,-1.0:-1.0,-1.0 farLxy=-1.0,-1.0:-1.0,-1.0/-1.0,-1.0:-1.0,-1.0 best=-1:-1.0,-1.0:-1.0,-1.0:-57295.8:00000/16:109.6,79.6:103.7,45.1:2.1:10111 seed_src=lost/none seed=0.0,0.0/0.0,0.0 far_start=70,0 far_raw=0/0 far_num=0/0 straight=0/1 far_straight=0/0 conf_deg=0.0/2.1/0.0/0.0
CrossDiag: type=CROSS_NONE track=1 half_lr=0/0 nearL=0@-1/0@-1 nearNum=0/124 centerNum=0/124 farL=0@-1/0@-1 farNum=0/0 farRaw=0/0 lost=0/0 not_have=0 final=124/125 flags=0/0
LineErr: aim=41 cxcy=84.0,119.6 left=0:0.00@-1,-1 dx=0.0 idx=-1/-1 dist=-1/-1 right=1:0.44@84,76 dx=-0.5 idx=0/17 dist=40/252 sel=1:0.42@84,74 dx=-0.5 idx=0/20 dist=40/248 edge=0:0.00@-1.0,-1.0 dx=0.0 width=0.0 l=-1,-1 r=109,70
ATGSeedDiag: seed=0@-1,-1/1@135,108 begin=7,108 block=5 clip=8
ATGLptDiag: best=-1(-57295.8) imip=-1/-1 pass=00000 acc=-1 ipm=-1.0,-1.0 inv=-1.0,-1.0 | 16(2.1) imip=6/26 pass=10111 acc=-1 ipm=109.6,79.6 inv=103.7,45.1
ATGCircleBeginDiag: side=L reason=state rpts0=0 Lpt0=0 none_left=49 have_left=0 dist=635 begin_dist=1964 enter_dist=0 enter_gyro=0
frame=185 line=1 track=1 cross=0 circle=1(CIRCLE_LEFT_BEGIN) round=0 yroad=0 ramp=0 road=6 speed=0 near=0/124 raw=0/105 sel=124/125 far=0/0 far_raw=0/0 l=0@-1/0@-1 far_l=0@-1/0@-1 straight=0/1 far_straight=0/0 circle_cnt=49/0/0/0 lost=0/0 conf=0.0/2.7/0.0/0.0 dist=648 begin=1977/0 m0=(84,119) ml=(84,78) md=41/1/125 cxcy=84.0,119.6 guide=0.15 atg=0.0/0.0/0.0 pure=0.06/-0.11 yaw=-12 cmd=-21 actual=-8 signed=1 rps=3829/3771:4570/4963 duty=8/9 pwm=PWM2:8/PWM1:9 motor=2:8/1:9
ATGCorner: L=0@-1/0@-1 Y=0@-1/0@-1 farL=0@-1/0@-1 Lxy=-1.0,-1.0:-1.0,-1.0/-1.0,-1.0:-1.0,-1.0 Yxy=-1.0,-1.0:-1.0,-1.0/-1.0,-1.0:-1.0,-1.0 farLxy=-1.0,-1.0:-1.0,-1.0/-1.0,-1.0:-1.0,-1.0 best=-1:-1.0,-1.0:-1.0,-1.0:-57295.8:00000/15:109.8,81.9:105.0,47.0:2.7:10111 seed_src=lost/none seed=0.0,0.0/0.0,0.0 far_start=70,0 far_raw=0/0 far_num=0/0 straight=0/1 far_straight=0/0 conf_deg=0.0/2.7/0.0/0.0
CrossDiag: type=CROSS_NONE track=1 half_lr=0/0 nearL=0@-1/0@-1 nearNum=0/124 centerNum=0/124 farL=0@-1/0@-1 farNum=0/0 farRaw=0/0 lost=0/0 not_have=0 final=124/125 flags=0/0
LineErr: aim=41 cxcy=84.0,119.6 left=0:0.00@-1,-1 dx=0.0 idx=-1/-1 dist=-1/-1 right=1:0.44@84,76 dx=-0.5 idx=0/17 dist=41/253 sel=1:0.42@84,74 dx=-0.5 idx=0/20 dist=40/248 edge=0:0.00@-1.0,-1.0 dx=0.0 width=0.0 l=-1,-1 r=109,70
ATGSeedDiag: seed=0@-1,-1/1@135,108 begin=7,108 block=5 clip=8
ATGLptDiag: best=-1(-57295.8) imip=-1/-1 pass=00000 acc=-1 ipm=-1.0,-1.0 inv=-1.0,-1.0 | 15(2.7) imip=5/25 pass=10111 acc=-1 ipm=109.8,81.9 inv=105.0,47.0
ATGCircleBeginDiag: side=L reason=state rpts0=0 Lpt0=0 none_left=50 have_left=0 dist=648 begin_dist=1977 enter_dist=0 enter_gyro=0
frame=186 line=1 track=1 cross=0 circle=1(CIRCLE_LEFT_BEGIN) round=0 yroad=0 ramp=0 road=6 speed=0 near=0/124 raw=0/105 sel=124/125 far=0/0 far_raw=0/0 l=0@-1/0@-1 far_l=0@-1/0@-1 straight=0/1 far_straight=0/0 circle_cnt=50/0/0/0 lost=0/0 conf=0.0/2.9/0.0/0.0 dist=661 begin=1990/0 m0=(84,119) ml=(84,78) md=41/1/125 cxcy=84.0,119.6 guide=0.53 atg=0.0/0.0/0.0 pure=0.06/-0.09 yaw=-43 cmd=-133 actual=2 signed=1 rps=3982/3618:4650/5015 duty=9/9 pwm=PWM2:9/PWM1:9 motor=2:9/1:9
ATGCorner: L=0@-1/0@-1 Y=0@-1/0@-1 farL=0@-1/0@-1 Lxy=-1.0,-1.0:-1.0,-1.0/-1.0,-1.0:-1.0,-1.0 Yxy=-1.0,-1.0:-1.0,-1.0/-1.0,-1.0:-1.0,-1.0 farLxy=-1.0,-1.0:-1.0,-1.0/-1.0,-1.0:-1.0,-1.0 best=-1:-1.0,-1.0:-1.0,-1.0:-57295.8:00000/1:107.2,114.2:129.7,97.9:2.9:10111 seed_src=lost/none seed=0.0,0.0/0.0,0.0 far_start=70,0 far_raw=0/0 far_num=0/0 straight=0/1 far_straight=0/0 conf_deg=0.0/2.9/0.0/0.0
CrossDiag: type=CROSS_NONE track=1 half_lr=0/0 nearL=0@-1/0@-1 nearNum=0/124 centerNum=0/124 farL=0@-1/0@-1 farNum=0/0 farRaw=0/0 lost=0/0 not_have=0 final=124/125 flags=0/0
LineErr: aim=41 cxcy=84.0,119.6 left=0:0.00@-1,-1 dx=0.0 idx=-1/-1 dist=-1/-1 right=1:0.48@83,76 dx=-0.6 idx=0/17 dist=41/253 sel=1:0.54@83,74 dx=-0.7 idx=0/20 dist=40/248 edge=0:0.00@-1.0,-1.0 dx=0.0 width=0.0 l=-1,-1 r=109,70
ATGSeedDiag: seed=0@-1,-1/1@135,108 begin=7,108 block=5 clip=8
ATGLptDiag: best=-1(-57295.8) imip=-1/-1 pass=00000 acc=-1 ipm=-1.0,-1.0 inv=-1.0,-1.0 | 1(2.9) imip=0/11 pass=10111 acc=-1 ipm=107.2,114.2 inv=129.7,97.9
ATGCircleBeginDiag: side=L reason=state rpts0=0 Lpt0=0 none_left=51 have_left=0 dist=661 begin_dist=1990 enter_dist=0 enter_gyro=0
frame=187 line=1 track=1 cross=0 circle=1(CIRCLE_LEFT_BEGIN) round=0 yroad=0 ramp=0 road=6 speed=0 near=0/124 raw=0/105 sel=124/126 far=0/0 far_raw=0/0 l=0@-1/0@-1 far_l=0@-1/0@-1 straight=0/1 far_straight=0/0 circle_cnt=51/0/0/0 lost=0/0 conf=0.0/2.8/0.0/0.0 dist=674 begin=2003/0 m0=(84,119) ml=(83,78) md=41/1/125 cxcy=84.0,119.6 guide=0.91 atg=0.0/0.0/0.0 pure=0.15/-0.05 yaw=-73 cmd=-251 actual=16 signed=1 rps=4143/3457:4482/4637 duty=9/8 pwm=PWM2:9/PWM1:8 motor=2:9/1:8
ATGCorner: L=0@-1/0@-1 Y=0@-1/0@-1 farL=0@-1/0@-1 Lxy=-1.0,-1.0:-1.0,-1.0/-1.0,-1.0:-1.0,-1.0 Yxy=-1.0,-1.0:-1.0,-1.0/-1.0,-1.0:-1.0,-1.0 farLxy=-1.0,-1.0:-1.0,-1.0/-1.0,-1.0:-1.0,-1.0 best=-1:-1.0,-1.0:-1.0,-1.0:-57295.8:00000/15:109.4,81.9:104.5,46.9:2.8:10111 seed_src=lost/none seed=0.0,0.0/0.0,0.0 far_start=70,0 far_raw=0/0 far_num=0/0 straight=0/1 far_straight=0/0 conf_deg=0.0/2.8/0.0/0.0
CrossDiag: type=CROSS_NONE track=1 half_lr=0/0 nearL=0@-1/0@-1 nearNum=0/124 centerNum=0/124 farL=0@-1/0@-1 farNum=0/0 farRaw=0/0 lost=0/0 not_have=0 final=124/126 flags=0/0
LineErr: aim=41 cxcy=84.0,119.6 left=0:0.00@-1,-1 dx=0.0 idx=-1/-1 dist=-1/-1 right=1:0.77@83,76 dx=-0.9 idx=0/17 dist=40/252 sel=1:0.74@83,74 dx=-0.9 idx=0/20 dist=40/250 edge=0:0.00@-1.0,-1.0 dx=0.0 width=0.0 l=-1,-1 r=109,70
ATGSeedDiag: seed=0@-1,-1/1@135,108 begin=7,108 block=5 clip=8
ATGLptDiag: best=-1(-57295.8) imip=-1/-1 pass=00000 acc=-1 ipm=-1.0,-1.0 inv=-1.0,-1.0 | 15(2.8) imip=5/25 pass=10111 acc=-1 ipm=109.4,81.9 inv=104.5,46.9
ATGCircleBeginDiag: side=L reason=state rpts0=0 Lpt0=0 none_left=52 have_left=0 dist=674 begin_dist=2003 enter_dist=0 enter_gyro=0
ATGCircleBeginDiag: side=L reason=state rpts0=0 Lpt0=0 none_left=53 have_left=0 dist=687 begin_dist=2016 enter_dist=0 enter_gyro=0
ATGCircleBeginDiag: side=L reason=state rpts0=0 Lpt0=0 none_left=54 have_left=0 dist=700 begin_dist=2029 enter_dist=0 enter_gyro=0
ATGCircleBeginDiag: side=L reason=state rpts0=49 Lpt0=0 none_left=54 have_left=0 dist=714 begin_dist=2043 enter_dist=0 enter_gyro=0
frame=191 line=1 track=1 cross=0 circle=1(CIRCLE_LEFT_BEGIN) round=0 yroad=0 ramp=0 road=6 speed=0 near=49/124 raw=99/104 sel=124/125 far=0/0 far_raw=0/0 l=0@-1/0@-1 far_l=0@-1/0@-1 straight=0/1 far_straight=0/0 circle_cnt=54/0/0/0 lost=0/0 conf=31.7/3.4/0.0/0.0 dist=728 begin=2057/0 m0=(84,119) ml=(83,78) md=41/1/126 cxcy=84.0,119.6 guide=0.91 atg=0.0/0.0/0.0 pure=0.14/-0.05 yaw=-73 cmd=-290 actual=36 signed=1 rps=4198/3402:5231/4997 duty=9/8 pwm=PWM2:9/PWM1:8 motor=2:9/1:8
ATGCorner: L=0@-1/0@-1 Y=0@-1/0@-1 farL=0@-1/0@-1 Lxy=-1.0,-1.0:-1.0,-1.0/-1.0,-1.0:-1.0,-1.0 Yxy=-1.0,-1.0:-1.0,-1.0/-1.0,-1.0:-1.0,-1.0 farLxy=-1.0,-1.0:-1.0,-1.0/-1.0,-1.0:-1.0,-1.0 best=47:-3.2,49.2:5.1,29.2:31.7:10110/14:109.5,84.0:105.6,48.7:3.4:10111 seed_src=none/none seed=0.0,0.0/0.0,0.0 far_start=70,0 far_raw=0/0 far_num=0/0 straight=0/1 far_straight=0/0 conf_deg=31.7/3.4/0.0/0.0
CrossDiag: type=CROSS_NONE track=1 half_lr=0/0 nearL=0@-1/0@-1 nearNum=49/124 centerNum=49/124 farL=0@-1/0@-1 farNum=0/0 farRaw=0/0 lost=0/0 not_have=0 final=124/125 flags=0/0
LineErr: aim=41 cxcy=84.0,119.6 left=1:0.09@84,72 dx=-0.1 idx=4/15 dist=41/153 right=1:0.75@83,76 dx=-0.9 idx=0/17 dist=40/252 sel=1:0.85@83,74 dx=-1.0 idx=0/20 dist=40/248 edge=1:5.53@76.5,65.0 dx=-7.5 width=65.8 l=44,60 r=109,70
CxScan: raw_ref=80.0 edge=76.5,65.0 best_raw_x=60 best_err=-0.11 best_cxcy=76.4,119.5 scan=0:-16.7,10:-14.0,20:-11.3,30:-8.5,40:-5.8,50:-2.9,60:-0.1,70:2.7,80:5.5,90:8.3,100:11.0,110:13.7,120:16.3,130:18.9,140:21.4
ATGSeedDiag: seed=1@4,85/1@134,107 begin=7,108 block=5 clip=8
ATGLptDiag: best=47(31.7) imip=37/48 pass=10110 acc=-1 ipm=-3.2,49.2 inv=5.1,29.2 | 14(3.4) imip=4/24 pass=10111 acc=-1 ipm=109.5,84.0 inv=105.6,48.7
ATGCircleBeginDiag: side=L reason=state rpts0=48 Lpt0=0 none_left=54 have_left=0 dist=728 begin_dist=2057 enter_dist=0 enter_gyro=0
frame=192 line=1 track=1 cross=0 circle=1(CIRCLE_LEFT_BEGIN) round=0 yroad=0 ramp=0 road=6 speed=0 near=48/124 raw=100/105 sel=124/125 far=0/0 far_raw=0/0 l=0@-1/0@-1 far_l=0@-1/0@-1 straight=0/1 far_straight=0/0 circle_cnt=54/0/0/0 lost=0/0 conf=29.1/4.2/0.0/0.0 dist=742 begin=2071/0 m0=(84,119) ml=(83,78) md=41/1/125 cxcy=84.0,119.6 guide=0.91 atg=0.0/0.0/0.0 pure=0.14/-0.05 yaw=-73 cmd=-295 actual=38 signed=1 rps=4204/3396:5016/4940 duty=9/8 pwm=PWM2:9/PWM1:8 motor=2:9/1:8
ATGCorner: L=0@-1/0@-1 Y=0@-1/0@-1 farL=0@-1/0@-1 Lxy=-1.0,-1.0:-1.0,-1.0/-1.0,-1.0:-1.0,-1.0 Yxy=-1.0,-1.0:-1.0,-1.0/-1.0,-1.0:-1.0,-1.0 farLxy=-1.0,-1.0:-1.0,-1.0/-1.0,-1.0:-1.0,-1.0 best=11:59.6,87.8:44.4,52.8:29.1:10110/13:109.5,86.5:107.0,51.1:4.2:10111 seed_src=none/none seed=0.0,0.0/0.0,0.0 far_start=70,0 far_raw=0/0 far_num=0/0 straight=0/1 far_straight=0/0 conf_deg=29.1/4.2/0.0/0.0
CrossDiag: type=CROSS_NONE track=1 half_lr=0/0 nearL=0@-1/0@-1 nearNum=48/124 centerNum=48/124 farL=0@-1/0@-1 farNum=0/0 farRaw=0/0 lost=0/0 not_have=0 final=124/125 flags=0/0
LineErr: aim=41 cxcy=84.0,119.6 left=1:-0.25@84,76 dx=0.3 idx=3/14 dist=42/155 right=1:0.84@83,77 dx=-1.0 idx=0/17 dist=40/252 sel=1:1.02@83,74 dx=-1.2 idx=0/20 dist=40/248 edge=1:5.56@76.5,65.5 dx=-7.5 width=65.6 l=44,61 r=109,70
CxScan: raw_ref=80.0 edge=76.5,65.5 best_raw_x=60 best_err=-0.11 best_cxcy=76.4,119.5 scan=0:-16.8,10:-14.1,20:-11.4,30:-8.6,40:-5.8,50:-3.0,60:-0.1,70:2.7,80:5.6,90:8.4,100:11.1,110:13.8,120:16.4,130:19.0,140:21.5
ATGSeedDiag: seed=1@4,86/1@135,108 begin=7,108 block=5 clip=8
ATGLptDiag: best=11(29.1) imip=1/21 pass=10110 acc=-1 ipm=59.6,87.8 inv=44.4,52.8 | 13(4.2) imip=3/23 pass=10111 acc=-1 ipm=109.5,86.5 inv=107.0,51.1
ATGCircleBeginDiag: side=L reason=state rpts0=47 Lpt0=0 none_left=54 have_left=0 dist=742 begin_dist=2071 enter_dist=0 enter_gyro=0
frame=193 line=1 track=1 cross=0 circle=1(CIRCLE_LEFT_BEGIN) round=0 yroad=0 ramp=0 road=6 speed=0 near=47/124 raw=99/105 sel=124/125 far=0/0 far_raw=0/0 l=0@-1/0@-1 far_l=0@-1/0@-1 straight=0/1 far_straight=0/0 circle_cnt=54/0/0/0 lost=0/0 conf=27.9/6.7/0.0/0.0 dist=756 begin=2085/0 m0=(84,119) ml=(83,78) md=41/1/125 cxcy=84.0,119.6 guide=1.04 atg=0.0/0.0/0.0 pure=0.14/-0.05 yaw=-83 cmd=-319 actual=35 signed=1 rps=4237/3363:5194/5247 duty=9/7 pwm=PWM2:9/PWM1:7 motor=2:9/1:7
ATGCorner: L=0@-1/0@-1 Y=0@-1/0@-1 farL=0@-1/0@-1 Lxy=-1.0,-1.0:-1.0,-1.0/-1.0,-1.0:-1.0,-1.0 Yxy=-1.0,-1.0:-1.0,-1.0/-1.0,-1.0:-1.0,-1.0 farLxy=-1.0,-1.0:-1.0,-1.0/-1.0,-1.0:-1.0,-1.0 best=12:59.7,85.7:45.3,50.7:27.9:10111/1:107.4,114.3:130.4,98.1:6.7:10111 seed_src=none/none seed=0.0,0.0/0.0,0.0 far_start=70,0 far_raw=0/0 far_num=0/0 straight=0/1 far_straight=0/0 conf_deg=27.9/6.7/0.0/0.0
CrossDiag: type=CROSS_NONE track=1 half_lr=0/0 nearL=0@-1/0@-1 nearNum=47/124 centerNum=47/124 farL=0@-1/0@-1 farNum=0/0 farRaw=0/0 lost=0/0 not_have=0 final=124/125 flags=0/0
LineErr: aim=41 cxcy=84.0,119.6 left=1:-1.10@85,80 dx=1.2 idx=3/13 dist=39/152 right=1:0.94@83,77 dx=-1.1 idx=0/17 dist=40/254 sel=1:1.20@83,74 dx=-1.4 idx=0/20 dist=40/248 edge=1:6.30@75.5,65.5 dx=-8.5 width=65.6 l=43,61 r=108,70
CxScan: raw_ref=80.0 edge=75.5,65.5 best_raw_x=60 best_err=0.63 best_cxcy=76.4,119.5 scan=0:-16.1,10:-13.4,20:-10.7,30:-7.9,40:-5.1,50:-2.2,60:0.6,70:3.5,80:6.3,90:9.1,100:11.8,110:14.5,120:17.1,130:19.7,140:22.1
ATGSeedDiag: seed=1@4,87/1@134,108 begin=7,108 block=5 clip=8
ATGLptDiag: best=12(27.9) imip=2/22 pass=10111 acc=-1 ipm=59.7,85.7 inv=45.3,50.7 | 1(6.7) imip=0/11 pass=10111 acc=-1 ipm=107.4,114.3 inv=130.4,98.1
ATGCircleBeginDiag: side=L reason=state rpts0=47 Lpt0=0 none_left=54 have_left=0 dist=756 begin_dist=2085 enter_dist=0 enter_gyro=0
frame=194 line=1 track=1 cross=0 circle=1(CIRCLE_LEFT_BEGIN) round=0 yroad=0 ramp=0 road=6 speed=0 near=47/124 raw=98/105 sel=124/125 far=0/0 far_raw=0/0 l=0@-1/0@-1 far_l=0@-1/0@-1 straight=0/1 far_straight=0/0 circle_cnt=54/0/0/0 lost=0/0 conf=35.6/4.4/0.0/0.0 dist=770 begin=2099/0 m0=(84,119) ml=(83,78) md=41/1/125 cxcy=84.0,119.6 guide=0.91 atg=0.0/0.0/0.0 pure=0.14/-0.05 yaw=-73 cmd=-278 actual=30 signed=1 rps=4182/3418:4957/5024 duty=9/8 pwm=PWM2:9/PWM1:8 motor=2:9/1:8
ATGCorner: L=0@-1/0@-1 Y=0@-1/0@-1 farL=0@-1/0@-1 Lxy=-1.0,-1.0:-1.0,-1.0/-1.0,-1.0:-1.0,-1.0 Yxy=-1.0,-1.0:-1.0,-1.0/-1.0,-1.0:-1.0,-1.0 farLxy=-1.0,-1.0:-1.0,-1.0/-1.0,-1.0:-1.0,-1.0 best=10:59.4,90.4:42.9,55.5:35.6:10110/1:107.6,114.2:130.6,98.1:4.4:10111 seed_src=none/none seed=0.0,0.0/0.0,0.0 far_start=70,0 far_raw=0/0 far_num=0/0 straight=0/1 far_straight=0/0 conf_deg=35.6/4.4/0.0/0.0
CrossDiag: type=CROSS_NONE track=1 half_lr=0/0 nearL=0@-1/0@-1 nearNum=47/124 centerNum=47/124 farL=0@-1/0@-1 farNum=0/0 farRaw=0/0 lost=0/0 not_have=0 final=124/125 flags=0/0
LineErr: aim=41 cxcy=84.0,119.6 left=1:-0.14@84,75 dx=0.2 idx=3/14 dist=42/150 right=1:1.01@83,77 dx=-1.2 idx=0/17 dist=40/252 sel=1:1.12@83,74 dx=-1.4 idx=0/20 dist=40/248 edge=1:5.97@76.0,66.0 dx=-8.0 width=66.5 l=43,62 r=109,70
CxScan: raw_ref=80.0 edge=76.0,66.0 best_raw_x=60 best_err=0.26 best_cxcy=76.4,119.5 scan=0:-16.5,10:-13.8,20:-11.1,30:-8.3,40:-5.5,50:-2.6,60:0.3,70:3.1,80:6.0,90:8.8,100:11.5,110:14.3,120:16.9,130:19.5,140:21.9
ATGSeedDiag: seed=1@4,88/1@134,108 begin=7,108 block=5 clip=8
ATGLptDiag: best=10(35.6) imip=0/20 pass=10110 acc=-1 ipm=59.4,90.4 inv=42.9,55.5 | 1(4.4) imip=0/11 pass=10111 acc=-1 ipm=107.6,114.2 inv=130.6,98.1
ATGCircleBeginDiag: side=L reason=state rpts0=46 Lpt0=0 none_left=54 have_left=0 dist=770 begin_dist=2099 enter_dist=0 enter_gyro=0
frame=195 line=1 track=1 cross=0 circle=1(CIRCLE_LEFT_BEGIN) round=0 yroad=0 ramp=0 road=6 speed=0 near=46/124 raw=98/105 sel=124/125 far=0/0 far_raw=0/0 l=0@-1/0@-1 far_l=0@-1/0@-1 straight=0/1 far_straight=0/0 circle_cnt=54/0/0/0 lost=0/0 conf=29.7/4.0/0.0/0.0 dist=783 begin=2112/0 m0=(84,119) ml=(83,78) md=41/1/125 cxcy=84.0,119.6 guide=0.91 atg=0.0/0.0/0.0 pure=0.14/-0.05 yaw=-73 cmd=-270 actual=26 signed=1 rps=4171/3429:4996/5137 duty=9/8 pwm=PWM2:9/PWM1:8 motor=2:9/1:8
ATGCorner: L=0@-1/0@-1 Y=0@-1/0@-1 farL=0@-1/0@-1 Lxy=-1.0,-1.0:-1.0,-1.0/-1.0,-1.0:-1.0,-1.0 Yxy=-1.0,-1.0:-1.0,-1.0/-1.0,-1.0:-1.0,-1.0 farLxy=-1.0,-1.0:-1.0,-1.0/-1.0,-1.0:-1.0,-1.0 best=11:59.6,87.9:44.2,52.9:29.7:10111/12:109.3,88.8:108.2,53.4:4.0:10111 seed_src=none/none seed=0.0,0.0/0.0,0.0 far_start=70,0 far_raw=0/0 far_num=0/0 straight=0/1 far_straight=0/0 conf_deg=29.7/4.0/0.0/0.0
CrossDiag: type=CROSS_NONE track=1 half_lr=0/0 nearL=0@-1/0@-1 nearNum=46/124 centerNum=46/124 farL=0@-1/0@-1 farNum=0/0 farRaw=0/0 lost=0/0 not_have=0 final=124/125 flags=0/0
LineErr: aim=41 cxcy=84.0,119.6 left=1:0.09@84,75 dx=-0.1 idx=3/14 dist=41/145 right=1:1.01@83,77 dx=-1.2 idx=0/17 dist=40/252 sel=1:1.12@83,74 dx=-1.4 idx=0/20 dist=40/248 edge=1:7.03@74.5,65.5 dx=-9.5 width=69.6 l=40,61 r=109,70
CxScan: raw_ref=80.0 edge=74.5,65.5 best_raw_x=55 best_err=-0.05 best_cxcy=74.4,119.5 scan=0:-15.4,10:-12.7,20:-9.9,30:-7.1,40:-4.3,50:-1.5,60:1.4,70:4.2,80:7.0,90:9.8,100:12.5,110:15.2,120:17.8,130:20.3,140:22.8
ATGSeedDiag: seed=1@5,88/1@134,108 begin=7,108 block=5 clip=8
ATGLptDiag: best=11(29.7) imip=1/21 pass=10111 acc=-1 ipm=59.6,87.9 inv=44.2,52.9 | 12(4.0) imip=2/22 pass=10111 acc=-1 ipm=109.3,88.8 inv=108.2,53.4
ATGCircleBeginDiag: side=L reason=state rpts0=46 Lpt0=0 none_left=54 have_left=0 dist=783 begin_dist=2112 enter_dist=0 enter_gyro=0
ATGCircleBeginDiag: side=L reason=state rpts0=45 Lpt0=0 none_left=54 have_left=0 dist=796 begin_dist=2125 enter_dist=0 enter_gyro=0
frame=197 line=1 track=1 cross=0 circle=1(CIRCLE_LEFT_BEGIN) round=0 yroad=0 ramp=0 road=6 speed=0 near=45/124 raw=97/105 sel=124/126 far=0/0 far_raw=0/0 l=0@-1/0@-1 far_l=0@-1/0@-1 straight=0/1 far_straight=0/0 circle_cnt=54/0/0/0 lost=0/0 conf=24.2/4.3/0.0/0.0 dist=809 begin=2138/0 m0=(84,119) ml=(83,78) md=41/1/125 cxcy=84.0,119.6 guide=1.29 atg=0.0/0.0/0.0 pure=0.15/-0.05 yaw=-103 cmd=-375 actual=32 signed=1 rps=4314/3286:4530/4923 duty=10/7 pwm=PWM2:10/PWM1:7 motor=2:10/1:7
ATGCorner: L=0@-1/0@-1 Y=0@-1/0@-1 farL=0@-1/0@-1 Lxy=-1.0,-1.0:-1.0,-1.0/-1.0,-1.0:-1.0,-1.0 Yxy=-1.0,-1.0:-1.0,-1.0/-1.0,-1.0:-1.0,-1.0 farLxy=-1.0,-1.0:-1.0,-1.0/-1.0,-1.0:-1.0,-1.0 best=11:59.6,88.4:44.0,53.4:24.2:10111/10:109.1,93.4:110.9,58.5:4.3:10111 seed_src=none/none seed=0.0,0.0/0.0,0.0 far_start=70,0 far_raw=0/0 far_num=0/0 straight=0/1 far_straight=0/0 conf_deg=24.2/4.3/0.0/0.0
CrossDiag: type=CROSS_NONE track=1 half_lr=0/0 nearL=0@-1/0@-1 nearNum=45/124 centerNum=45/124 farL=0@-1/0@-1 farNum=0/0 farRaw=0/0 lost=0/0 not_have=0 final=124/126 flags=0/0
LineErr: aim=41 cxcy=84.0,119.6 left=1:0.75@83,74 dx=-0.9 idx=3/14 dist=42/146 right=1:1.43@82,77 dx=-1.6 idx=0/17 dist=40/252 sel=1:1.53@82,74 dx=-1.8 idx=0/20 dist=40/250 edge=1:7.12@74.5,66.5 dx=-9.5 width=67.4 l=41,63 r=108,70
CxScan: raw_ref=80.0 edge=74.5,66.5 best_raw_x=55 best_err=-0.05 best_cxcy=74.4,119.5 scan=0:-15.6,10:-12.9,20:-10.1,30:-7.2,40:-4.4,50:-1.5,60:1.4,70:4.3,80:7.1,90:9.9,100:12.7,110:15.4,120:18.0,130:20.6,140:23.0
ATGSeedDiag: seed=1@5,90/1@135,108 begin=7,108 block=5 clip=8
ATGLptDiag: best=11(24.2) imip=1/21 pass=10111 acc=-1 ipm=59.6,88.4 inv=44.0,53.4 | 10(4.3) imip=0/20 pass=10111 acc=-1 ipm=109.1,93.4 inv=110.9,58.5
ATGCircleBeginDiag: side=L reason=state rpts0=45 Lpt0=0 none_left=54 have_left=0 dist=809 begin_dist=2138 enter_dist=0 enter_gyro=0
frame=198 line=1 track=1 cross=0 circle=1(CIRCLE_LEFT_BEGIN) round=0 yroad=0 ramp=0 road=6 speed=0 near=45/124 raw=96/105 sel=124/125 far=0/0 far_raw=0/0 l=0@-1/0@-1 far_l=0@-1/0@-1 straight=0/1 far_straight=0/0 circle_cnt=54/0/0/0 lost=0/0 conf=37.6/4.9/0.0/0.0 dist=822 begin=2151/0 m0=(84,119) ml=(82,78) md=41/1/125 cxcy=84.0,119.6 guide=1.42 atg=0.0/0.0/0.0 pure=0.21/-0.00 yaw=-114 cmd=-406 actual=32 signed=1 rps=4356/3244:4645/5010 duty=10/7 pwm=PWM2:10/PWM1:7 motor=2:10/1:7
ATGCorner: L=0@-1/0@-1 Y=0@-1/0@-1 farL=0@-1/0@-1 Lxy=-1.0,-1.0:-1.0,-1.0/-1.0,-1.0:-1.0,-1.0 Yxy=-1.0,-1.0:-1.0,-1.0/-1.0,-1.0:-1.0,-1.0 farLxy=-1.0,-1.0:-1.0,-1.0/-1.0,-1.0:-1.0,-1.0 best=10:59.4,90.9:42.7,56.1:37.6:10110/9:108.9,95.7:112.3,61.4:4.9:10111 seed_src=none/none seed=0.0,0.0/0.0,0.0 far_start=70,0 far_raw=0/0 far_num=0/0 straight=0/1 far_straight=0/0 conf_deg=37.6/4.9/0.0/0.0
CrossDiag: type=CROSS_NONE track=1 half_lr=0/0 nearL=0@-1/0@-1 nearNum=45/124 centerNum=45/124 farL=0@-1/0@-1 farNum=0/0 farRaw=0/0 lost=0/0 not_have=0 final=124/125 flags=0/0
LineErr: aim=41 cxcy=84.0,119.6 left=1:-0.20@84,78 dx=0.2 idx=3/13 dist=40/145 right=1:1.55@82,77 dx=-1.8 idx=0/17 dist=40/252 sel=1:1.55@82,74 dx=-1.9 idx=0/20 dist=40/248 edge=1:6.46@75.5,67.5 dx=-8.5 width=65.2 l=43,65 r=108,70
CxScan: raw_ref=80.0 edge=75.5,67.5 best_raw_x=60 best_err=0.65 best_cxcy=76.4,119.5 scan=0:-16.5,10:-13.7,20:-10.9,30:-8.1,40:-5.2,50:-2.3,60:0.7,70:3.6,80:6.5,90:9.3,100:12.1,110:14.9,120:17.6,130:20.2,140:22.7
ATGSeedDiag: seed=1@5,91/1@135,108 begin=7,108 block=5 clip=8
ATGLptDiag: best=10(37.6) imip=0/20 pass=10110 acc=-1 ipm=59.4,90.9 inv=42.7,56.1 | 9(4.9) imip=0/19 pass=10111 acc=-1 ipm=108.9,95.7 inv=112.3,61.4
ATGCircleBeginDiag: side=L reason=state rpts0=45 Lpt0=0 none_left=54 have_left=0 dist=822 begin_dist=2151 enter_dist=0 enter_gyro=0
frame=199 line=1 track=1 cross=0 circle=1(CIRCLE_LEFT_BEGIN) round=0 yroad=0 ramp=0 road=6 speed=0 near=45/124 raw=98/105 sel=124/126 far=0/0 far_raw=0/0 l=0@-1/0@-1 far_l=0@-1/0@-1 straight=0/1 far_straight=0/0 circle_cnt=54/0/0/0 lost=0/0 conf=27.2/4.7/0.0/0.0 dist=835 begin=2164/0 m0=(84,119) ml=(82,78) md=41/1/125 cxcy=84.0,119.6 guide=1.42 atg=0.0/0.0/0.0 pure=0.15/-0.05 yaw=-114 cmd=-393 actual=26 signed=1 rps=4339/3261:4493/4621 duty=10/8 pwm=PWM2:10/PWM1:8 motor=2:10/1:8
ATGCorner: L=0@-1/0@-1 Y=0@-1/0@-1 farL=0@-1/0@-1 Lxy=-1.0,-1.0:-1.0,-1.0/-1.0,-1.0:-1.0,-1.0 Yxy=-1.0,-1.0:-1.0,-1.0/-1.0,-1.0:-1.0,-1.0 farLxy=-1.0,-1.0:-1.0,-1.0/-1.0,-1.0:-1.0,-1.0 best=11:59.4,89.1:43.5,54.1:27.2:10111/9:109.0,95.8:112.4,61.4:4.7:10111 seed_src=none/none seed=0.0,0.0/0.0,0.0 far_start=70,0 far_raw=0/0 far_num=0/0 straight=0/1 far_straight=0/0 conf_deg=27.2/4.7/0.0/0.0
CrossDiag: type=CROSS_NONE track=1 half_lr=0/0 nearL=0@-1/0@-1 nearNum=45/124 centerNum=45/124 farL=0@-1/0@-1 farNum=0/0 farRaw=0/0 lost=0/0 not_have=0 final=124/126 flags=0/0
LineErr: aim=41 cxcy=84.0,119.6 left=1:1.09@83,75 dx=-1.3 idx=3/14 dist=40/141 right=1:1.54@82,77 dx=-1.8 idx=0/17 dist=40/253 sel=1:1.55@82,74 dx=-1.9 idx=0/20 dist=40/250 edge=1:6.46@75.5,67.5 dx=-8.5 width=65.2 l=43,65 r=108,70
CxScan: raw_ref=80.0 edge=75.5,67.5 best_raw_x=60 best_err=0.65 best_cxcy=76.4,119.5 scan=0:-16.5,10:-13.7,20:-10.9,30:-8.1,40:-5.2,50:-2.3,60:0.7,70:3.6,80:6.5,90:9.3,100:12.1,110:14.9,120:17.6,130:20.2,140:22.7
ATGSeedDiag: seed=1@4,92/1@135,108 begin=7,108 block=5 clip=8
ATGLptDiag: best=11(27.2) imip=1/21 pass=10111 acc=-1 ipm=59.4,89.1 inv=43.5,54.1 | 9(4.7) imip=0/19 pass=10111 acc=-1 ipm=109.0,95.8 inv=112.4,61.4
ATGCircleBeginDiag: side=L reason=state rpts0=45 Lpt0=0 none_left=54 have_left=0 dist=835 begin_dist=2164 enter_dist=0 enter_gyro=0
frame=200 line=1 track=1 cross=0 circle=1(CIRCLE_LEFT_BEGIN) round=0 yroad=0 ramp=0 road=6 speed=0 near=45/124 raw=97/105 sel=124/125 far=0/0 far_raw=0/0 l=0@-1/0@-1 far_l=0@-1/0@-1 straight=0/1 far_straight=0/0 circle_cnt=54/0/0/0 lost=0/0 conf=38.1/2.4/0.0/0.0 dist=848 begin=2177/0 m0=(84,119) ml=(82,78) md=41/1/125 cxcy=84.0,119.6 guide=1.42 atg=0.0/0.0/0.0 pure=0.15/-0.05 yaw=-114 cmd=-377 actual=18 signed=1 rps=4317/3283:4871/4706 duty=9/8 pwm=PWM2:9/PWM1:8 motor=2:9/1:8
ATGCorner: L=0@-1/0@-1 Y=0@-1/0@-1 farL=0@-1/0@-1 Lxy=-1.0,-1.0:-1.0,-1.0/-1.0,-1.0:-1.0,-1.0 Yxy=-1.0,-1.0:-1.0,-1.0/-1.0,-1.0:-1.0,-1.0 farLxy=-1.0,-1.0:-1.0,-1.0/-1.0,-1.0:-1.0,-1.0 best=10:59.4,91.6:42.3,56.8:38.1:10110/11:109.2,91.1:109.5,55.8:2.4:10111 seed_src=none/none seed=0.0,0.0/0.0,0.0 far_start=70,0 far_raw=0/0 far_num=0/0 straight=0/1 far_straight=0/0 conf_deg=38.1/2.4/0.0/0.0
CrossDiag: type=CROSS_NONE track=1 half_lr=0/0 nearL=0@-1/0@-1 nearNum=45/124 centerNum=45/124 farL=0@-1/0@-1 farNum=0/0 farRaw=0/0 lost=0/0 not_have=0 final=124/125 flags=0/0
LineErr: aim=41 cxcy=84.0,119.6 left=1:1.38@82,75 dx=-1.6 idx=3/14 dist=42/143 right=1:1.55@82,77 dx=-1.8 idx=0/17 dist=40/253 sel=1:1.55@82,74 dx=-1.9 idx=0/20 dist=40/248 edge=1:7.17@74.5,67.0 dx=-9.5 width=67.3 l=41,64 r=108,70
CxScan: raw_ref=80.0 edge=74.5,67.0 best_raw_x=55 best_err=-0.05 best_cxcy=74.4,119.5 scan=0:-15.7,10:-12.9,20:-10.1,30:-7.3,40:-4.4,50:-1.5,60:1.4,70:4.3,80:7.2,90:10.0,100:12.8,110:15.5,120:18.1,130:20.7,140:23.2
ATGSeedDiag: seed=1@4,93/1@135,108 begin=7,108 block=5 clip=8
ATGLptDiag: best=10(38.1) imip=0/20 pass=10110 acc=-1 ipm=59.4,91.6 inv=42.3,56.8 | 11(2.4) imip=1/21 pass=10111 acc=-1 ipm=109.2,91.1 inv=109.5,55.8
ATGCircleBeginDiag: side=L reason=state rpts0=44 Lpt0=0 none_left=54 have_left=0 dist=848 begin_dist=2177 enter_dist=0 enter_gyro=0
frame=201 line=1 track=0 cross=0 circle=1(CIRCLE_LEFT_BEGIN) round=0 yroad=0 ramp=0 road=6 speed=0 near=44/1 raw=96/170 sel=44/63 far=0/0 far_raw=0/0 l=0@-1/0@-1 far_l=0@-1/0@-1 straight=0/0 far_straight=0/0 circle_cnt=54/0/0/0 lost=0/0 conf=39.2/0.0/0.0/0.0 dist=861 begin=2190/0 m0=(84,119) ml=(84,79) md=40/1/137 cxcy=84.0,119.6 guide=0.69 atg=-24.0/-60.0/-60.0 pure=1.88/3.80 yaw=-55 cmd=-189 actual=12 signed=1 rps=4059/3541:4809/4469 duty=9/9 pwm=PWM2:9/PWM1:9 motor=2:9/1:9
ATGCorner: L=0@-1/0@-1 Y=0@-1/0@-1 farL=0@-1/0@-1 Lxy=-1.0,-1.0:-1.0,-1.0/-1.0,-1.0:-1.0,-1.0 Yxy=-1.0,-1.0:-1.0,-1.0/-1.0,-1.0:-1.0,-1.0 farLxy=-1.0,-1.0:-1.0,-1.0/-1.0,-1.0:-1.0,-1.0 best=10:59.4,91.7:42.2,57.0:39.2:10111/-1:-1.0,-1.0:-1.0,-1.0:-57295.8:00000 seed_src=none/lost seed=0.0,0.0/0.0,0.0 far_start=70,0 far_raw=0/0 far_num=0/0 straight=0/0 far_straight=0/0 conf_deg=39.2/0.0/0.0/0.0
CrossDiag: type=CROSS_NONE track=0 half_lr=0/0 nearL=0@-1/0@-1 nearNum=44/1 centerNum=44/1 farL=0@-1/0@-1 farNum=0/0 farRaw=0/0 lost=0/0 not_have=0 final=44/63 flags=0/0
LineErr: aim=41 cxcy=84.0,119.6 left=1:0.35@84,78 dx=-0.4 idx=3/13 dist=42/144 right=0:0.00@-1,-1 dx=0.0 idx=-1/-1 dist=-1/-1 sel=1:1.31@82,75 dx=-1.5 idx=0/20 dist=40/124 edge=0:0.00@-1.0,-1.0 dx=0.0 width=0.0 l=42,66 r=-1,-1
ATGSeedDiag: seed=1@4,94/1@104,108 begin=7,108 block=5 clip=8
ATGLptDiag: best=10(39.2) imip=0/20 pass=10111 acc=-1 ipm=59.4,91.7 inv=42.2,57.0 | -1(-57295.8) imip=-1/-1 pass=00000 acc=-1 ipm=-1.0,-1.0 inv=-1.0,-1.0
ATGCircleBeginDiag: side=L reason=state rpts0=44 Lpt0=0 none_left=54 have_left=0 dist=861 begin_dist=2190 enter_dist=0 enter_gyro=0
frame=202 line=1 track=1 cross=0 circle=1(CIRCLE_LEFT_BEGIN) round=0 yroad=0 ramp=0 road=6 speed=0 near=44/124 raw=98/105 sel=124/126 far=0/0 far_raw=0/0 l=0@-1/0@-1 far_l=0@-1/0@-1 straight=0/1 far_straight=0/0 circle_cnt=54/0/0/0 lost=0/0 conf=37.6/5.2/0.0/0.0 dist=875 begin=2204/0 m0=(84,119) ml=(82,79) md=40/1/125 cxcy=84.0,119.6 guide=1.55 atg=0.0/0.0/0.0 pure=0.15/-0.05 yaw=-124 cmd=-375 actual=1 signed=1 rps=4314/3286:5166/4722 duty=9/8 pwm=PWM2:9/PWM1:8 motor=2:9/1:8
ATGCorner: L=0@-1/0@-1 Y=0@-1/0@-1 farL=0@-1/0@-1 Lxy=-1.0,-1.0:-1.0,-1.0/-1.0,-1.0:-1.0,-1.0 Yxy=-1.0,-1.0:-1.0,-1.0/-1.0,-1.0:-1.0,-1.0 farLxy=-1.0,-1.0:-1.0,-1.0/-1.0,-1.0:-1.0,-1.0 best=10:59.4,92.0:42.0,57.3:37.6:10111/1:106.9,114.2:129.2,97.9:5.2:10111 seed_src=none/none seed=0.0,0.0/0.0,0.0 far_start=70,0 far_raw=0/0 far_num=0/0 straight=0/1 far_straight=0/0 conf_deg=37.6/5.2/0.0/0.0
CrossDiag: type=CROSS_NONE track=1 half_lr=0/0 nearL=0@-1/0@-1 nearNum=44/124 centerNum=44/124 farL=0@-1/0@-1 farNum=0/0 farRaw=0/0 lost=0/0 not_have=0 final=124/126 flags=0/0
LineErr: aim=41 cxcy=84.0,119.6 left=1:0.43@84,78 dx=-0.5 idx=2/13 dist=40/140 right=1:1.72@82,77 dx=-2.0 idx=0/17 dist=40/253 sel=1:1.61@82,74 dx=-1.9 idx=0/20 dist=40/250 edge=1:7.59@74.0,67.5 dx=-10.0 width=68.2 l=40,65 r=108,70
CxScan: raw_ref=80.0 edge=74.0,67.5 best_raw_x=55 best_err=0.33 best_cxcy=74.4,119.5 scan=0:-15.4,10:-12.7,20:-9.8,30:-7.0,40:-4.1,50:-1.1,60:1.8,70:4.7,80:7.6,90:10.4,100:13.2,110:15.9,120:18.6,130:21.1,140:23.6
ATGSeedDiag: seed=1@4,95/1@135,108 begin=7,108 block=5 clip=8
ATGLptDiag: best=10(37.6) imip=0/20 pass=10111 acc=-1 ipm=59.4,92.0 inv=42.0,57.3 | 1(5.2) imip=0/11 pass=10111 acc=-1 ipm=106.9,114.2 inv=129.2,97.9
ATGCircleBeginDiag: side=L reason=state rpts0=43 Lpt0=0 none_left=54 have_left=0 dist=875 begin_dist=2204 enter_dist=0 enter_gyro=0
frame=203 line=1 track=1 cross=0 circle=1(CIRCLE_LEFT_BEGIN) round=0 yroad=0 ramp=0 road=6 speed=0 near=43/124 raw=97/105 sel=124/126 far=0/0 far_raw=0/0 l=0@-1/0@-1 far_l=0@-1/0@-1 straight=0/1 far_straight=0/0 circle_cnt=54/0/0/0 lost=0/0 conf=37.8/5.5/0.0/0.0 dist=889 begin=2218/0 m0=(84,119) ml=(82,79) md=40/1/125 cxcy=84.0,119.6 guide=1.55 atg=0.0/0.0/0.0 pure=0.17/-0.04 yaw=-124 cmd=-357 actual=-8 signed=1 rps=4289/3311:5345/5016 duty=9/7 pwm=PWM2:9/PWM1:7 motor=2:9/1:7
ATGCorner: L=0@-1/0@-1 Y=0@-1/0@-1 farL=0@-1/0@-1 Lxy=-1.0,-1.0:-1.0,-1.0/-1.0,-1.0:-1.0,-1.0 Yxy=-1.0,-1.0:-1.0,-1.0/-1.0,-1.0:-1.0,-1.0 farLxy=-1.0,-1.0:-1.0,-1.0/-1.0,-1.0:-1.0,-1.0 best=10:59.4,92.2:41.9,57.6:37.8:10111/9:109.0,95.8:112.5,61.4:5.5:10111 seed_src=none/none seed=0.0,0.0/0.0,0.0 far_start=70,0 far_raw=0/0 far_num=0/0 straight=0/1 far_straight=0/0 conf_deg=37.8/5.5/0.0/0.0
CrossDiag: type=CROSS_NONE track=1 half_lr=0/0 nearL=0@-1/0@-1 nearNum=43/124 centerNum=43/124 farL=0@-1/0@-1 farNum=0/0 farRaw=0/0 lost=0/0 not_have=0 final=124/126 flags=0/0
LineErr: aim=41 cxcy=84.0,119.6 left=1:1.05@83,78 dx=-1.2 idx=2/13 dist=40/137 right=1:1.74@82,77 dx=-2.0 idx=0/17 dist=40/253 sel=1:1.60@82,74 dx=-1.9 idx=0/20 dist=40/250 edge=1:7.31@74.5,68.5 dx=-9.5 width=67.1 l=41,67 r=108,70
CxScan: raw_ref=80.0 edge=74.5,68.5 best_raw_x=55 best_err=-0.05 best_cxcy=74.4,119.5 scan=0:-16.0,10:-13.2,20:-10.3,30:-7.4,40:-4.5,50:-1.5,60:1.4,70:4.4,80:7.3,90:10.2,100:13.0,110:15.8,120:18.5,130:21.1,140:23.6
ATGSeedDiag: seed=1@4,96/1@135,108 begin=7,108 block=5 clip=8
ATGLptDiag: best=10(37.8) imip=0/20 pass=10111 acc=-1 ipm=59.4,92.2 inv=41.9,57.6 | 9(5.5) imip=0/19 pass=10111 acc=-1 ipm=109.0,95.8 inv=112.5,61.4
ATGCircleBeginDiag: side=L reason=state rpts0=42 Lpt0=0 none_left=54 have_left=0 dist=889 begin_dist=2218 enter_dist=0 enter_gyro=0
frame=204 line=1 track=1 cross=0 circle=1(CIRCLE_LEFT_BEGIN) round=0 yroad=0 ramp=0 road=6 speed=0 near=42/124 raw=96/106 sel=124/125 far=0/0 far_raw=0/0 l=0@-1/0@-1 far_l=0@-1/0@-1 straight=0/1 far_straight=0/0 circle_cnt=54/0/0/0 lost=0/0 conf=37.6/6.5/0.0/0.0 dist=903 begin=2232/0 m0=(84,119) ml=(82,79) md=40/1/125 cxcy=84.0,119.6 guide=1.68 atg=0.0/0.0/0.0 pure=0.22/-0.00 yaw=-135 cmd=-384 actual=-10 signed=1 rps=4327/3273:5073/4963 duty=9/7 pwm=PWM2:9/PWM1:7 motor=2:9/1:7
ATGCorner: L=0@-1/0@-1 Y=0@-1/0@-1 farL=0@-1/0@-1 Lxy=-1.0,-1.0:-1.0,-1.0/-1.0,-1.0:-1.0,-1.0 Yxy=-1.0,-1.0:-1.0,-1.0/-1.0,-1.0:-1.0,-1.0 farLxy=-1.0,-1.0:-1.0,-1.0/-1.0,-1.0:-1.0,-1.0 best=10:59.3,92.5:41.7,57.9:37.6:10111/7:108.6,100.7:116.0,68.5:6.5:10111 seed_src=none/none seed=0.0,0.0/0.0,0.0 far_start=70,0 far_raw=0/0 far_num=0/0 straight=0/1 far_straight=0/0 conf_deg=37.6/6.5/0.0/0.0
CrossDiag: type=CROSS_NONE track=1 half_lr=0/0 nearL=0@-1/0@-1 nearNum=42/124 centerNum=42/124 farL=0@-1/0@-1 farNum=0/0 farRaw=0/0 lost=0/0 not_have=0 final=124/125 flags=0/0
LineErr: aim=41 cxcy=84.0,119.6 left=1:1.10@83,78 dx=-1.2 idx=2/13 dist=40/137 right=1:1.83@82,78 dx=-2.1 idx=0/17 dist=40/253 sel=1:1.62@82,74 dx=-1.9 idx=0/20 dist=40/248 edge=1:8.07@73.5,68.5 dx=-10.5 width=69.2 l=39,66 r=108,71
CxScan: raw_ref=80.0 edge=73.5,68.5 best_raw_x=55 best_err=0.72 best_cxcy=74.4,119.5 scan=0:-15.3,10:-12.5,20:-9.6,30:-6.7,40:-3.7,50:-0.8,60:2.2,70:5.2,80:8.1,90:10.9,100:13.8,110:16.5,120:19.2,130:21.7,140:24.2
ATGSeedDiag: seed=1@4,97/1@135,108 begin=7,108 block=5 clip=8
ATGLptDiag: best=10(37.6) imip=0/20 pass=10111 acc=-1 ipm=59.3,92.5 inv=41.7,57.9 | 7(6.5) imip=0/17 pass=10111 acc=-1 ipm=108.6,100.7 inv=116.0,68.5
ATGCircleBeginDiag: side=L reason=state rpts0=42 Lpt0=0 none_left=54 have_left=0 dist=903 begin_dist=2232 enter_dist=0 enter_gyro=0
ATGCircleBeginDiag: side=L reason=state rpts0=42 Lpt0=0 none_left=54 have_left=0 dist=918 begin_dist=2247 enter_dist=0 enter_gyro=0
frame=206 line=1 track=1 cross=0 circle=1(CIRCLE_LEFT_BEGIN) round=0 yroad=0 ramp=0 road=6 speed=0 near=42/124 raw=97/105 sel=124/125 far=0/0 far_raw=0/0 l=0@-1/0@-1 far_l=0@-1/0@-1 straight=0/1 far_straight=0/0 circle_cnt=54/0/0/0 lost=0/0 conf=37.8/7.7/0.0/0.0 dist=932 begin=2261/0 m0=(84,119) ml=(82,78) md=41/1/125 cxcy=84.0,119.6 guide=1.80 atg=0.0/0.0/0.0 pure=0.23/-0.00 yaw=-144 cmd=-414 actual=-9 signed=1 rps=4368/3232:4980/5026 duty=9/7 pwm=PWM2:9/PWM1:7 motor=2:9/1:7
ATGCorner: L=0@-1/0@-1 Y=0@-1/0@-1 farL=0@-1/0@-1 Lxy=-1.0,-1.0:-1.0,-1.0/-1.0,-1.0:-1.0,-1.0 Yxy=-1.0,-1.0:-1.0,-1.0/-1.0,-1.0:-1.0,-1.0 farLxy=-1.0,-1.0:-1.0,-1.0/-1.0,-1.0:-1.0,-1.0 best=10:59.2,92.9:41.4,58.3:37.8:10111/5:108.3,105.0:119.7,76.0:7.7:10111 seed_src=none/none seed=0.0,0.0/0.0,0.0 far_start=70,0 far_raw=0/0 far_num=0/0 straight=0/1 far_straight=0/0 conf_deg=37.8/7.7/0.0/0.0
CrossDiag: type=CROSS_NONE track=1 half_lr=0/0 nearL=0@-1/0@-1 nearNum=42/124 centerNum=42/124 farL=0@-1/0@-1 farNum=0/0 farRaw=0/0 lost=0/0 not_have=0 final=124/125 flags=0/0
LineErr: aim=41 cxcy=84.0,119.6 left=1:1.39@82,78 dx=-1.6 idx=2/13 dist=42/137 right=1:1.81@82,77 dx=-2.1 idx=0/17 dist=40/253 sel=1:1.62@82,74 dx=-1.9 idx=0/20 dist=40/248 edge=1:8.45@73.0,68.5 dx=-11.0 width=70.1 l=38,67 r=108,70
CxScan: raw_ref=80.0 edge=73.0,68.5 best_raw_x=50 best_err=-0.37 best_cxcy=72.5,119.5 scan=0:-14.9,10:-12.1,20:-9.2,30:-6.3,40:-3.3,50:-0.4,60:2.6,70:5.5,80:8.4,90:11.3,100:14.1,110:16.9,120:19.5,130:22.1,140:24.5
ATGSeedDiag: seed=1@4,99/1@134,108 begin=7,108 block=5 clip=8
ATGLptDiag: best=10(37.8) imip=0/20 pass=10111 acc=-1 ipm=59.2,92.9 inv=41.4,58.3 | 5(7.7) imip=0/15 pass=10111 acc=-1 ipm=108.3,105.0 inv=119.7,76.0
ATGCircleBeginDiag: side=L reason=state rpts0=41 Lpt0=0 none_left=54 have_left=0 dist=932 begin_dist=2261 enter_dist=0 enter_gyro=0
frame=207 line=1 track=1 cross=0 circle=1(CIRCLE_LEFT_BEGIN) round=0 yroad=0 ramp=0 road=6 speed=0 near=41/124 raw=97/105 sel=124/126 far=0/0 far_raw=0/0 l=0@-1/0@-1 far_l=0@-1/0@-1 straight=0/1 far_straight=0/0 circle_cnt=54/0/0/0 lost=0/0 conf=37.7/7.7/0.0/0.0 dist=946 begin=2275/0 m0=(84,119) ml=(82,78) md=41/1/125 cxcy=84.0,119.6 guide=1.80 atg=0.0/0.0/0.0 pure=0.15/-0.04 yaw=-144 cmd=-408 actual=-12 signed=1 rps=4360/3240:5038/5183 duty=9/7 pwm=PWM2:9/PWM1:7 motor=2:9/1:7
ATGCorner: L=0@-1/0@-1 Y=0@-1/0@-1 farL=0@-1/0@-1 Lxy=-1.0,-1.0:-1.0,-1.0/-1.0,-1.0:-1.0,-1.0 Yxy=-1.0,-1.0:-1.0,-1.0/-1.0,-1.0:-1.0,-1.0 farLxy=-1.0,-1.0:-1.0,-1.0/-1.0,-1.0:-1.0,-1.0 best=10:59.1,93.0:41.1,58.6:37.7:10111/7:108.9,100.4:116.3,68.1:7.7:10111 seed_src=none/none seed=0.0,0.0/0.0,0.0 far_start=70,0 far_raw=0/0 far_num=0/0 straight=0/1 far_straight=0/0 conf_deg=37.7/7.7/0.0/0.0
CrossDiag: type=CROSS_NONE track=1 half_lr=0/0 nearL=0@-1/0@-1 nearNum=41/124 centerNum=41/124 farL=0@-1/0@-1 farNum=0/0 farRaw=0/0 lost=0/0 not_have=0 final=124/126 flags=0/0
LineErr: aim=41 cxcy=84.0,119.6 left=1:1.88@82,78 dx=-2.1 idx=2/13 dist=40/131 right=1:1.81@82,77 dx=-2.1 idx=0/17 dist=40/253 sel=1:1.60@82,74 dx=-1.9 idx=0/20 dist=40/250 edge=1:7.74@74.0,69.0 dx=-10.0 width=68.0 l=40,68 r=108,70
CxScan: raw_ref=80.0 edge=74.0,69.0 best_raw_x=55 best_err=0.34 best_cxcy=74.4,119.5 scan=0:-15.7,10:-12.9,20:-10.0,30:-7.1,40:-4.1,50:-1.2,60:1.8,70:4.8,80:7.7,90:10.6,100:13.5,110:16.2,120:18.9,130:21.5,140:24.1
ATGSeedDiag: seed=1@4,100/1@134,108 begin=7,108 block=5 clip=8
ATGLptDiag: best=10(37.7) imip=0/20 pass=10111 acc=-1 ipm=59.1,93.0 inv=41.1,58.6 | 7(7.7) imip=0/17 pass=10111 acc=-1 ipm=108.9,100.4 inv=116.3,68.1
ATGCircleBeginDiag: side=L reason=state rpts0=41 Lpt0=0 none_left=54 have_left=0 dist=946 begin_dist=2275 enter_dist=0 enter_gyro=0
frame=208 line=1 track=1 cross=0 circle=1(CIRCLE_LEFT_BEGIN) round=0 yroad=0 ramp=0 road=6 speed=0 near=41/124 raw=95/105 sel=124/125 far=0/0 far_raw=0/0 l=0@-1/0@-1 far_l=0@-1/0@-1 straight=0/1 far_straight=0/0 circle_cnt=54/0/0/0 lost=0/0 conf=38.8/8.7/0.0/0.0 dist=959 begin=2288/0 m0=(84,119) ml=(82,78) md=41/1/125 cxcy=84.0,119.6 guide=1.80 atg=0.0/0.0/0.0 pure=0.15/-0.05 yaw=-144 cmd=-401 actual=-16 signed=1 rps=4350/3250:4976/5262 duty=9/7 pwm=PWM2:9/PWM1:7 motor=2:9/1:7
ATGCorner: L=0@-1/0@-1 Y=0@-1/0@-1 farL=0@-1/0@-1 Lxy=-1.0,-1.0:-1.0,-1.0/-1.0,-1.0:-1.0,-1.0 Yxy=-1.0,-1.0:-1.0,-1.0/-1.0,-1.0:-1.0,-1.0 farLxy=-1.0,-1.0:-1.0,-1.0/-1.0,-1.0:-1.0,-1.0 best=10:59.0,93.2:40.9,58.8:38.8:10111/5:108.6,105.1:120.3,76.1:8.7:10111 seed_src=none/none seed=0.0,0.0/0.0,0.0 far_start=70,0 far_raw=0/0 far_num=0/0 straight=0/1 far_straight=0/0 conf_deg=38.8/8.7/0.0/0.0
CrossDiag: type=CROSS_NONE track=1 half_lr=0/0 nearL=0@-1/0@-1 nearNum=41/124 centerNum=41/124 farL=0@-1/0@-1 farNum=0/0 farRaw=0/0 lost=0/0 not_have=0 final=124/125 flags=0/0
LineErr: aim=41 cxcy=84.0,119.6 left=1:1.99@82,78 dx=-2.3 idx=2/13 dist=42/133 right=1:1.81@82,77 dx=-2.1 idx=0/17 dist=40/253 sel=1:1.60@82,74 dx=-1.9 idx=0/20 dist=40/248 edge=1:8.18@73.5,69.5 dx=-10.5 width=69.0 l=39,69 r=108,70
CxScan: raw_ref=80.0 edge=73.5,69.5 best_raw_x=55 best_err=0.73 best_cxcy=74.4,119.5 scan=0:-15.5,10:-12.6,20:-9.7,30:-6.8,40:-3.8,50:-0.8,60:2.2,70:5.2,80:8.2,90:11.1,100:13.9,110:16.7,120:19.4,130:22.0,140:24.5
ATGSeedDiag: seed=1@4,101/1@134,108 begin=7,108 block=5 clip=8
ATGLptDiag: best=10(38.8) imip=0/20 pass=10111 acc=-1 ipm=59.0,93.2 inv=40.9,58.8 | 5(8.7) imip=0/15 pass=10111 acc=-1 ipm=108.6,105.1 inv=120.3,76.1
ATGCircleBeginDiag: side=L reason=state rpts0=41 Lpt0=0 none_left=54 have_left=0 dist=959 begin_dist=2288 enter_dist=0 enter_gyro=0
frame=209 line=1 track=1 cross=0 circle=1(CIRCLE_LEFT_BEGIN) round=0 yroad=0 ramp=0 road=6 speed=0 near=41/124 raw=97/105 sel=124/126 far=0/0 far_raw=0/0 l=0@-1/0@-1 far_l=0@-1/0@-1 straight=0/1 far_straight=0/0 circle_cnt=54/0/0/0 lost=0/0 conf=37.8/7.9/0.0/0.0 dist=972 begin=2301/0 m0=(84,119) ml=(82,78) md=41/1/125 cxcy=84.0,119.6 guide=1.80 atg=0.0/0.0/0.0 pure=0.15/-0.05 yaw=-144 cmd=-400 actual=-16 signed=1 rps=4349/3251:4645/4964 duty=10/7 pwm=PWM2:10/PWM1:7 motor=2:10/1:7
ATGCorner: L=0@-1/0@-1 Y=0@-1/0@-1 farL=0@-1/0@-1 Lxy=-1.0,-1.0:-1.0,-1.0/-1.0,-1.0:-1.0,-1.0 Yxy=-1.0,-1.0:-1.0,-1.0/-1.0,-1.0:-1.0,-1.0 farLxy=-1.0,-1.0:-1.0,-1.0/-1.0,-1.0:-1.0,-1.0 best=10:59.0,93.5:40.8,59.1:37.8:10111/6:108.8,102.7:118.2,71.9:7.9:10111 seed_src=none/none seed=0.0,0.0/0.0,0.0 far_start=70,0 far_raw=0/0 far_num=0/0 straight=0/1 far_straight=0/0 conf_deg=37.8/7.9/0.0/0.0
CrossDiag: type=CROSS_NONE track=1 half_lr=0/0 nearL=0@-1/0@-1 nearNum=41/124 centerNum=41/124 farL=0@-1/0@-1 farNum=0/0 farRaw=0/0 lost=0/0 not_have=0 final=124/126 flags=0/0
LineErr: aim=41 cxcy=84.0,119.6 left=1:2.22@82,78 dx=-2.5 idx=2/13 dist=41/131 right=1:1.81@82,77 dx=-2.1 idx=0/17 dist=40/253 sel=1:1.60@82,74 dx=-1.9 idx=0/20 dist=40/250 edge=1:8.18@73.5,69.5 dx=-10.5 width=69.0 l=39,69 r=108,70
CxScan: raw_ref=80.0 edge=73.5,69.5 best_raw_x=55 best_err=0.73 best_cxcy=74.4,119.5 scan=0:-15.5,10:-12.6,20:-9.7,30:-6.8,40:-3.8,50:-0.8,60:2.2,70:5.2,80:8.2,90:11.1,100:13.9,110:16.7,120:19.4,130:22.0,140:24.5
ATGSeedDiag: seed=1@4,102/1@134,108 begin=7,108 block=5 clip=8
ATGLptDiag: best=10(37.8) imip=0/20 pass=10111 acc=-1 ipm=59.0,93.5 inv=40.8,59.1 | 6(7.9) imip=0/16 pass=10111 acc=-1 ipm=108.8,102.7 inv=118.2,71.9
ATGCircleBeginDiag: side=L reason=state rpts0=40 Lpt0=0 none_left=54 have_left=0 dist=972 begin_dist=2301 enter_dist=0 enter_gyro=0
frame=210 line=1 track=1 cross=0 circle=1(CIRCLE_LEFT_BEGIN) round=0 yroad=0 ramp=0 road=6 speed=0 near=40/124 raw=97/105 sel=124/126 far=0/0 far_raw=0/0 l=0@-1/0@-1 far_l=0@-1/0@-1 straight=0/1 far_straight=0/0 circle_cnt=54/0/0/0 lost=0/0 conf=37.1/8.7/0.0/0.0 dist=985 begin=2314/0 m0=(84,119) ml=(82,78) md=41/1/125 cxcy=84.0,119.6 guide=1.80 atg=0.0/0.0/0.0 pure=0.15/-0.04 yaw=-144 cmd=-393 actual=-20 signed=1 rps=4338/3262:4748/5030 duty=10/7 pwm=PWM2:10/PWM1:7 motor=2:10/1:7
ATGCorner: L=0@-1/0@-1 Y=0@-1/0@-1 farL=0@-1/0@-1 Lxy=-1.0,-1.0:-1.0,-1.0/-1.0,-1.0:-1.0,-1.0 Yxy=-1.0,-1.0:-1.0,-1.0/-1.0,-1.0:-1.0,-1.0 farLxy=-1.0,-1.0:-1.0,-1.0/-1.0,-1.0:-1.0,-1.0 best=10:58.9,93.7:40.5,59.4:37.1:10111/1:107.4,114.3:130.2,98.1:8.7:10111 seed_src=none/none seed=0.0,0.0/0.0,0.0 far_start=70,0 far_raw=0/0 far_num=0/0 straight=0/1 far_straight=0/0 conf_deg=37.1/8.7/0.0/0.0
CrossDiag: type=CROSS_NONE track=1 half_lr=0/0 nearL=0@-1/0@-1 nearNum=40/124 centerNum=40/124 farL=0@-1/0@-1 farNum=0/0 farRaw=0/0 lost=0/0 not_have=0 final=124/126 flags=0/0
LineErr: aim=41 cxcy=84.0,119.6 left=1:2.69@81,77 dx=-3.1 idx=2/13 dist=39/129 right=1:1.81@82,77 dx=-2.1 idx=0/17 dist=40/253 sel=1:1.60@82,74 dx=-1.9 idx=0/20 dist=40/250 edge=1:8.23@73.5,70.0 dx=-10.5 width=69.0 l=39,70 r=108,70
CxScan: raw_ref=80.0 edge=73.5,70.0 best_raw_x=55 best_err=0.74 best_cxcy=74.4,119.5 scan=0:-15.6,10:-12.7,20:-9.8,30:-6.8,40:-3.8,50:-0.8,60:2.2,70:5.3,80:8.2,90:11.2,100:14.0,110:16.8,120:19.5,130:22.1,140:24.7
ATGSeedDiag: seed=1@4,103/1@134,108 begin=7,108 block=5 clip=8
ATGLptDiag: best=10(37.1) imip=0/20 pass=10111 acc=-1 ipm=58.9,93.7 inv=40.5,59.4 | 1(8.7) imip=0/11 pass=10111 acc=-1 ipm=107.4,114.3 inv=130.2,98.1
ATGCircleBeginDiag: side=L reason=state rpts0=39 Lpt0=0 none_left=54 have_left=0 dist=985 begin_dist=2314 enter_dist=0 enter_gyro=0
frame=211 line=1 track=1 cross=0 circle=1(CIRCLE_LEFT_BEGIN) round=0 yroad=0 ramp=0 road=6 speed=0 near=39/124 raw=96/105 sel=124/125 far=0/0 far_raw=0/0 l=0@-1/0@-1 far_l=0@-1/0@-1 straight=0/1 far_straight=0/0 circle_cnt=54/0/0/0 lost=0/0 conf=37.6/7.8/0.0/0.0 dist=998 begin=2327/0 m0=(84,119) ml=(82,78) md=41/1/125 cxcy=84.0,119.6 guide=1.80 atg=0.0/0.0/0.0 pure=0.20/-0.00 yaw=-144 cmd=-363 actual=-35 signed=1 rps=4297/3303:4571/4658 duty=10/8 pwm=PWM2:10/PWM1:8 motor=2:10/1:8
ATGCorner: L=0@-1/0@-1 Y=0@-1/0@-1 farL=0@-1/0@-1 Lxy=-1.0,-1.0:-1.0,-1.0/-1.0,-1.0:-1.0,-1.0 Yxy=-1.0,-1.0:-1.0,-1.0/-1.0,-1.0:-1.0,-1.0 farLxy=-1.0,-1.0:-1.0,-1.0/-1.0,-1.0:-1.0,-1.0 best=10:58.9,94.0:40.4,59.8:37.6:10111/5:108.6,105.0:120.2,76.0:7.8:10111 seed_src=none/none seed=0.0,0.0/0.0,0.0 far_start=70,0 far_raw=0/0 far_num=0/0 straight=0/1 far_straight=0/0 conf_deg=37.6/7.8/0.0/0.0
CrossDiag: type=CROSS_NONE track=1 half_lr=0/0 nearL=0@-1/0@-1 nearNum=39/124 centerNum=39/124 farL=0@-1/0@-1 farNum=0/0 farRaw=0/0 lost=0/0 not_have=0 final=124/125 flags=0/0
LineErr: aim=41 cxcy=84.0,119.6 left=1:2.78@81,77 dx=-3.2 idx=2/13 dist=39/123 right=1:1.73@82,75 dx=-2.0 idx=0/18 dist=41/252 sel=1:1.72@82,74 dx=-2.1 idx=0/20 dist=40/248 edge=1:8.62@73.0,70.0 dx=-11.0 width=70.0 l=38,70 r=108,70
CxScan: raw_ref=80.0 edge=73.0,70.0 best_raw_x=50 best_err=-0.38 best_cxcy=72.5,119.5 scan=0:-15.2,10:-12.3,20:-9.4,30:-6.4,40:-3.4,50:-0.4,60:2.6,70:5.6,80:8.6,90:11.5,100:14.4,110:17.2,120:19.9,130:22.5,140:25.0
ATGSeedDiag: seed=1@4,104/1@134,108 begin=7,108 block=5 clip=8
ATGLptDiag: best=10(37.6) imip=0/20 pass=10111 acc=-1 ipm=58.9,94.0 inv=40.4,59.8 | 5(7.8) imip=0/15 pass=10111 acc=-1 ipm=108.6,105.0 inv=120.2,76.0
ATGCircleBeginDiag: side=L reason=state rpts0=39 Lpt0=0 none_left=54 have_left=0 dist=998 begin_dist=2327 enter_dist=0 enter_gyro=0
frame=212 line=1 track=1 cross=0 circle=1(CIRCLE_LEFT_BEGIN) round=0 yroad=0 ramp=0 road=6 speed=0 near=39/124 raw=97/105 sel=124/126 far=0/0 far_raw=0/0 l=0@-1/0@-1 far_l=0@-1/0@-1 straight=0/1 far_straight=0/0 circle_cnt=54/0/0/0 lost=0/0 conf=37.5/8.5/0.0/0.0 dist=1011 begin=2340/0 m0=(84,119) ml=(82,78) md=41/1/126 cxcy=84.0,119.6 guide=1.80 atg=0.0/0.0/0.0 pure=0.20/-0.00 yaw=-144 cmd=-348 actual=-42 signed=1 rps=4277/3323:4880/4725 duty=9/8 pwm=PWM2:9/PWM1:8 motor=2:9/1:8
ATGCorner: L=0@-1/0@-1 Y=0@-1/0@-1 farL=0@-1/0@-1 Lxy=-1.0,-1.0:-1.0,-1.0/-1.0,-1.0:-1.0,-1.0 Yxy=-1.0,-1.0:-1.0,-1.0/-1.0,-1.0:-1.0,-1.0 farLxy=-1.0,-1.0:-1.0,-1.0/-1.0,-1.0:-1.0,-1.0 best=10:58.8,93.9:40.2,59.6:37.5:10111/4:108.4,107.4:122.6,80.7:8.5:10111 seed_src=none/none seed=0.0,0.0/0.0,0.0 far_start=70,0 far_raw=0/0 far_num=0/0 straight=0/1 far_straight=0/0 conf_deg=37.5/8.5/0.0/0.0
CrossDiag: type=CROSS_NONE track=1 half_lr=0/0 nearL=0@-1/0@-1 nearNum=39/124 centerNum=39/124 farL=0@-1/0@-1 farNum=0/0 farRaw=0/0 lost=0/0 not_have=0 final=124/126 flags=0/0
LineErr: aim=41 cxcy=84.0,119.6 left=1:3.21@80,77 dx=-3.7 idx=2/13 dist=41/126 right=1:1.73@82,75 dx=-2.0 idx=0/18 dist=41/252 sel=1:1.72@82,74 dx=-2.1 idx=0/20 dist=40/250 edge=1:8.68@73.0,70.5 dx=-11.0 width=70.0 l=38,71 r=108,70
CxScan: raw_ref=80.0 edge=73.0,70.5 best_raw_x=50 best_err=-0.38 best_cxcy=72.5,119.5 scan=0:-15.3,10:-12.4,20:-9.5,30:-6.5,40:-3.4,50:-0.4,60:2.7,70:5.7,80:8.7,90:11.6,100:14.5,110:17.3,120:20.0,130:22.6,140:25.1
ATGSeedDiag: seed=1@5,105/1@135,108 begin=7,108 block=5 clip=8
ATGLptDiag: best=10(37.5) imip=0/20 pass=10111 acc=-1 ipm=58.8,93.9 inv=40.2,59.6 | 4(8.5) imip=0/14 pass=10111 acc=-1 ipm=108.4,107.4 inv=122.6,80.7
ATGCircleBeginDiag: side=L reason=state rpts0=38 Lpt0=0 none_left=54 have_left=0 dist=1011 begin_dist=2340 enter_dist=0 enter_gyro=0
ATGCircleBeginDiag: side=L reason=state rpts0=38 Lpt0=0 none_left=54 have_left=0 dist=1024 begin_dist=2353 enter_dist=0 enter_gyro=0
frame=214 line=1 track=1 cross=0 circle=1(CIRCLE_LEFT_BEGIN) round=0 yroad=0 ramp=0 road=6 speed=0 near=38/124 raw=97/105 sel=124/125 far=0/0 far_raw=0/0 l=0@-1/0@-1 far_l=0@-1/0@-1 straight=0/1 far_straight=0/0 circle_cnt=54/0/0/0 lost=0/0 conf=37.5/8.9/0.0/0.0 dist=1038 begin=2367/0 m0=(84,119) ml=(82,78) md=41/1/125 cxcy=84.0,119.6 guide=1.80 atg=0.0/0.0/0.0 pure=0.15/-0.05 yaw=-144 cmd=-328 actual=-52 signed=1 rps=4250/3350:5167/4726 duty=9/8 pwm=PWM2:9/PWM1:8 motor=2:9/1:8
ATGCorner: L=0@-1/0@-1 Y=0@-1/0@-1 farL=0@-1/0@-1 Lxy=-1.0,-1.0:-1.0,-1.0/-1.0,-1.0:-1.0,-1.0 Yxy=-1.0,-1.0:-1.0,-1.0/-1.0,-1.0:-1.0,-1.0 farLxy=-1.0,-1.0:-1.0,-1.0/-1.0,-1.0:-1.0,-1.0 best=10:58.7,94.6:39.7,60.5:37.5:10111/4:108.6,107.4:123.0,80.7:8.9:10111 seed_src=none/none seed=0.0,0.0/0.0,0.0 far_start=70,0 far_raw=0/0 far_num=0/0 straight=0/1 far_straight=0/0 conf_deg=37.5/8.9/0.0/0.0
CrossDiag: type=CROSS_NONE track=1 half_lr=0/0 nearL=0@-1/0@-1 nearNum=38/124 centerNum=38/124 farL=0@-1/0@-1 farNum=0/0 farRaw=0/0 lost=0/0 not_have=0 final=124/125 flags=0/0
LineErr: aim=41 cxcy=84.0,119.6 left=1:3.46@80,77 dx=-4.0 idx=2/13 dist=39/121 right=1:1.67@82,75 dx=-2.0 idx=0/18 dist=41/253 sel=1:1.60@82,74 dx=-1.9 idx=0/20 dist=40/248 edge=1:9.06@72.5,70.5 dx=-11.5 width=71.0 l=37,71 r=108,70
CxScan: raw_ref=80.0 edge=72.5,70.5 best_raw_x=50 best_err=0.01 best_cxcy=72.5,119.5 scan=0:-14.9,10:-12.0,20:-9.1,30:-6.1,40:-3.0,50:0.0,60:3.1,70:6.1,80:9.1,90:12.0,100:14.9,110:17.6,120:20.4,130:23.0,140:25.5
ATGSeedDiag: seed=1@4,108/1@135,108 begin=7,108 block=5 clip=8
ATGLptDiag: best=10(37.5) imip=0/20 pass=10111 acc=-1 ipm=58.7,94.6 inv=39.7,60.5 | 4(8.9) imip=0/14 pass=10111 acc=-1 ipm=108.6,107.4 inv=123.0,80.7
ATGCircleBeginDiag: side=L reason=state rpts0=38 Lpt0=0 none_left=54 have_left=0 dist=1038 begin_dist=2367 enter_dist=0 enter_gyro=0
ATGCircleBeginDiag: side=L reason=state rpts0=37 Lpt0=0 none_left=54 have_left=0 dist=1052 begin_dist=2381 enter_dist=0 enter_gyro=0
frame=216 line=1 track=1 cross=0 circle=1(CIRCLE_LEFT_BEGIN) round=0 yroad=0 ramp=0 road=6 speed=0 near=37/124 raw=94/105 sel=124/126 far=0/0 far_raw=0/0 l=0@-1/0@-1 far_l=0@-1/0@-1 straight=0/1 far_straight=0/0 circle_cnt=54/0/0/0 lost=0/0 conf=37.6/9.8/0.0/0.0 dist=1067 begin=2396/0 m0=(84,119) ml=(82,78) md=41/1/125 cxcy=84.0,119.6 guide=1.80 atg=0.0/0.0/0.0 pure=0.15/-0.04 yaw=-144 cmd=-339 actual=-47 signed=1 rps=4265/3335:5084/4982 duty=9/7 pwm=PWM2:9/PWM1:7 motor=2:9/1:7
ATGCorner: L=0@-1/0@-1 Y=0@-1/0@-1 farL=0@-1/0@-1 Lxy=-1.0,-1.0:-1.0,-1.0/-1.0,-1.0:-1.0,-1.0 Yxy=-1.0,-1.0:-1.0,-1.0/-1.0,-1.0:-1.0,-1.0 farLxy=-1.0,-1.0:-1.0,-1.0/-1.0,-1.0:-1.0,-1.0 best=10:58.4,94.4:39.3,60.3:37.6:10111/3:108.4,109.7:125.6,85.8:9.8:10111 seed_src=none/none seed=0.0,0.0/0.0,0.0 far_start=70,0 far_raw=0/0 far_num=0/0 straight=0/1 far_straight=0/0 conf_deg=37.6/9.8/0.0/0.0
CrossDiag: type=CROSS_NONE track=1 half_lr=0/0 nearL=0@-1/0@-1 nearNum=37/124 centerNum=37/124 farL=0@-1/0@-1 farNum=0/0 farRaw=0/0 lost=0/0 not_have=0 final=124/126 flags=0/0
LineErr: aim=41 cxcy=84.0,119.6 left=1:3.18@81,80 dx=-3.5 idx=1/12 dist=40/123 right=1:1.66@82,75 dx=-2.0 idx=0/18 dist=41/252 sel=1:1.60@82,74 dx=-1.9 idx=0/20 dist=40/250 edge=1:8.80@73.0,71.5 dx=-11.0 width=70.1 l=38,73 r=108,70
CxScan: raw_ref=80.0 edge=73.0,71.5 best_raw_x=50 best_err=-0.39 best_cxcy=72.5,119.5 scan=0:-15.5,10:-12.6,20:-9.6,30:-6.6,40:-3.5,50:-0.4,60:2.7,70:5.8,80:8.8,90:11.8,100:14.7,110:17.5,120:20.3,130:22.9,140:25.4
ATGSeedDiag: seed=1@6,108/1@135,108 begin=7,108 block=5 clip=8
ATGLptDiag: best=10(37.6) imip=0/20 pass=10111 acc=-1 ipm=58.4,94.4 inv=39.3,60.3 | 3(9.8) imip=0/13 pass=10111 acc=-1 ipm=108.4,109.7 inv=125.6,85.8
ATGCircleBeginDiag: side=L reason=state rpts0=36 Lpt0=0 none_left=54 have_left=0 dist=1067 begin_dist=2396 enter_dist=0 enter_gyro=0
ATGCircleBeginDiag: side=L reason=state rpts0=36 Lpt0=0 none_left=54 have_left=0 dist=1082 begin_dist=2411 enter_dist=0 enter_gyro=0
ATGCircleBeginDiag: side=L reason=state rpts0=35 Lpt0=0 none_left=54 have_left=0 dist=1096 begin_dist=2425 enter_dist=0 enter_gyro=0
frame=219 line=1 track=1 cross=0 circle=1(CIRCLE_LEFT_BEGIN) round=0 yroad=0 ramp=0 road=6 speed=0 near=35/124 raw=93/105 sel=124/125 far=0/0 far_raw=0/0 l=0@-1/0@-1 far_l=0@-1/0@-1 straight=0/1 far_straight=0/0 circle_cnt=54/0/0/0 lost=0/0 conf=35.0/10.2/0.0/0.0 dist=1110 begin=2439/0 m0=(84,119) ml=(82,78) md=41/1/126 cxcy=84.0,119.6 guide=1.80 atg=0.0/0.0/0.0 pure=0.14/-0.05 yaw=-144 cmd=-338 actual=-47 signed=1 rps=4263/3337:5083/5168 duty=9/7 pwm=PWM2:9/PWM1:7 motor=2:9/1:7
ATGCorner: L=0@-1/0@-1 Y=0@-1/0@-1 farL=0@-1/0@-1 Lxy=-1.0,-1.0:-1.0,-1.0/-1.0,-1.0:-1.0,-1.0 Yxy=-1.0,-1.0:-1.0,-1.0/-1.0,-1.0:-1.0,-1.0 farLxy=-1.0,-1.0:-1.0,-1.0/-1.0,-1.0:-1.0,-1.0 best=10:57.3,94.1:38.0,59.9:35.0:10111/3:108.7,109.7:126.2,85.8:10.2:10111 seed_src=none/none seed=0.0,0.0/0.0,0.0 far_start=70,0 far_raw=0/0 far_num=0/0 straight=0/1 far_straight=0/0 conf_deg=35.0/10.2/0.0/0.0
CrossDiag: type=CROSS_NONE track=1 half_lr=0/0 nearL=0@-1/0@-1 nearNum=35/124 centerNum=35/124 farL=0@-1/0@-1 farNum=0/0 farRaw=0/0 lost=0/0 not_have=0 final=124/125 flags=0/0
LineErr: aim=41 cxcy=84.0,119.6 left=1:4.71@79,78 dx=-5.3 idx=0/12 dist=40/117 right=1:1.58@82,75 dx=-1.9 idx=0/18 dist=41/253 sel=1:1.55@82,74 dx=-1.9 idx=0/20 dist=40/248 edge=1:9.65@72.0,72.0 dx=-12.0 width=72.1 l=36,74 r=108,70
CxScan: raw_ref=80.0 edge=72.0,72.0 best_raw_x=50 best_err=0.42 best_cxcy=72.5,119.5 scan=0:-14.9,10:-11.9,20:-8.9,30:-5.8,40:-2.7,50:0.4,60:3.5,70:6.6,80:9.6,90:12.6,100:15.5,110:18.4,120:21.1,130:23.7,140:26.3
ATGSeedDiag: seed=1@9,108/1@135,108 begin=7,108 block=5 clip=8
ATGLptDiag: best=10(35.0) imip=0/20 pass=10111 acc=-1 ipm=57.3,94.1 inv=38.0,59.9 | 3(10.2) imip=0/13 pass=10111 acc=-1 ipm=108.7,109.7 inv=126.2,85.8
ATGCircleBeginDiag: side=L reason=state rpts0=35 Lpt0=0 none_left=54 have_left=0 dist=1110 begin_dist=2439 enter_dist=0 enter_gyro=0
frame=220 line=1 track=1 cross=0 circle=1(CIRCLE_LEFT_BEGIN) round=0 yroad=0 ramp=0 road=6 speed=0 near=35/124 raw=92/105 sel=124/125 far=0/0 far_raw=0/0 l=0@-1/0@-1 far_l=0@-1/0@-1 straight=0/1 far_straight=0/0 circle_cnt=54/0/0/0 lost=0/0 conf=37.0/13.4/0.0/0.0 dist=1123 begin=2452/0 m0=(84,119) ml=(82,78) md=41/1/126 cxcy=84.0,119.6 guide=1.80 atg=0.0/0.0/0.0 pure=0.14/-0.05 yaw=-144 cmd=-332 actual=-50 signed=1 rps=4255/3345:4711/4917 duty=9/7 pwm=PWM2:9/PWM1:7 motor=2:9/1:7
ATGCorner: L=0@-1/0@-1 Y=0@-1/0@-1 farL=0@-1/0@-1 Lxy=-1.0,-1.0:-1.0,-1.0/-1.0,-1.0:-1.0,-1.0 Yxy=-1.0,-1.0:-1.0,-1.0/-1.0,-1.0:-1.0,-1.0 farLxy=-1.0,-1.0:-1.0,-1.0/-1.0,-1.0:-1.0,-1.0 best=10:57.3,94.0:38.0,59.8:37.0:10111/1:108.1,114.3:131.8,98.1:13.4:10111 seed_src=none/none seed=0.0,0.0/0.0,0.0 far_start=70,0 far_raw=0/0 far_num=0/0 straight=0/1 far_straight=0/0 conf_deg=37.0/13.4/0.0/0.0
CrossDiag: type=CROSS_NONE track=1 half_lr=0/0 nearL=0@-1/0@-1 nearNum=35/124 centerNum=35/124 farL=0@-1/0@-1 farNum=0/0 farRaw=0/0 lost=0/0 not_have=0 final=124/125 flags=0/0
LineErr: aim=41 cxcy=84.0,119.6 left=1:5.13@78,77 dx=-5.9 idx=0/12 dist=41/114 right=1:1.66@82,75 dx=-2.0 idx=0/18 dist=40/252 sel=1:1.59@82,74 dx=-1.9 idx=0/20 dist=40/248 edge=1:9.38@72.5,73.0 dx=-11.5 width=71.3 l=37,76 r=108,70
CxScan: raw_ref=80.0 edge=72.5,73.0 best_raw_x=50 best_err=0.01 best_cxcy=72.5,119.5 scan=0:-15.4,10:-12.5,20:-9.4,30:-6.3,40:-3.1,50:0.0,60:3.2,70:6.3,80:9.4,90:12.4,100:15.4,110:18.2,120:21.0,130:23.7,140:26.3
ATGSeedDiag: seed=1@10,108/1@135,108 begin=7,108 block=5 clip=8
ATGLptDiag: best=10(37.0) imip=0/20 pass=10111 acc=-1 ipm=57.3,94.0 inv=38.0,59.8 | 1(13.4) imip=0/11 pass=10111 acc=-1 ipm=108.1,114.3 inv=131.8,98.1
ATGCircleBeginDiag: side=L reason=state rpts0=34 Lpt0=0 none_left=54 have_left=0 dist=1123 begin_dist=2452 enter_dist=0 enter_gyro=0
frame=221 line=1 track=1 cross=0 circle=1(CIRCLE_LEFT_BEGIN) round=0 yroad=0 ramp=0 road=6 speed=0 near=34/124 raw=90/105 sel=124/125 far=0/0 far_raw=0/0 l=0@-1/0@-1 far_l=0@-1/0@-1 straight=0/1 far_straight=0/0 circle_cnt=54/0/0/0 lost=0/0 conf=36.8/11.9/0.0/0.0 dist=1136 begin=2465/0 m0=(84,119) ml=(82,78) md=41/1/126 cxcy=84.0,119.6 guide=1.80 atg=0.0/0.0/0.0 pure=0.14/-0.05 yaw=-144 cmd=-331 actual=-51 signed=1 rps=4254/3346:4767/5114 duty=9/7 pwm=PWM2:9/PWM1:7 motor=2:9/1:7
ATGCorner: L=0@-1/0@-1 Y=0@-1/0@-1 farL=0@-1/0@-1 Lxy=-1.0,-1.0:-1.0,-1.0/-1.0,-1.0:-1.0,-1.0 Yxy=-1.0,-1.0:-1.0,-1.0/-1.0,-1.0:-1.0,-1.0 farLxy=-1.0,-1.0:-1.0,-1.0/-1.0,-1.0:-1.0,-1.0 best=10:57.1,94.0:37.8,59.7:36.8:10111/2:108.5,112.0:129.0,91.6:11.9:10111 seed_src=none/none seed=0.0,0.0/0.0,0.0 far_start=70,0 far_raw=0/0 far_num=0/0 straight=0/1 far_straight=0/0 conf_deg=36.8/11.9/0.0/0.0
CrossDiag: type=CROSS_NONE track=1 half_lr=0/0 nearL=0@-1/0@-1 nearNum=34/124 centerNum=34/124 farL=0@-1/0@-1 farNum=0/0 farRaw=0/0 lost=0/0 not_have=0 final=124/125 flags=0/0
LineErr: aim=41 cxcy=84.0,119.6 left=1:6.03@77,77 dx=-6.9 idx=0/12 dist=41/114 right=1:1.66@82,75 dx=-2.0 idx=0/18 dist=40/252 sel=1:1.59@82,74 dx=-1.9 idx=0/20 dist=40/248 edge=1:9.38@72.5,73.0 dx=-11.5 width=71.3 l=37,76 r=108,70
CxScan: raw_ref=80.0 edge=72.5,73.0 best_raw_x=50 best_err=0.01 best_cxcy=72.5,119.5 scan=0:-15.4,10:-12.5,20:-9.4,30:-6.3,40:-3.1,50:0.0,60:3.2,70:6.3,80:9.4,90:12.4,100:15.4,110:18.2,120:21.0,130:23.7,140:26.3
ATGSeedDiag: seed=1@11,108/1@136,108 begin=7,108 block=5 clip=8
ATGLptDiag: best=10(36.8) imip=0/20 pass=10111 acc=-1 ipm=57.1,94.0 inv=37.8,59.7 | 2(11.9) imip=0/12 pass=10111 acc=-1 ipm=108.5,112.0 inv=129.0,91.6
ATGCircleBeginDiag: side=L reason=state rpts0=33 Lpt0=0 none_left=54 have_left=0 dist=1136 begin_dist=2465 enter_dist=0 enter_gyro=0
ATGCircleBeginDiag: side=L reason=state rpts0=33 Lpt0=0 none_left=54 have_left=0 dist=1149 begin_dist=2478 enter_dist=0 enter_gyro=0
frame=223 line=1 track=1 cross=0 circle=1(CIRCLE_LEFT_BEGIN) round=0 yroad=0 ramp=0 road=6 speed=0 near=33/124 raw=89/105 sel=124/125 far=0/0 far_raw=0/0 l=0@-1/0@-1 far_l=0@-1/0@-1 straight=0/1 far_straight=0/0 circle_cnt=54/0/0/0 lost=0/0 conf=36.6/13.1/0.0/0.0 dist=1162 begin=2491/0 m0=(84,119) ml=(82,78) md=41/1/126 cxcy=84.0,119.6 guide=1.80 atg=0.0/0.0/0.0 pure=0.14/-0.05 yaw=-144 cmd=-321 actual=-56 signed=1 rps=4240/3360:4566/4680 duty=9/8 pwm=PWM2:9/PWM1:8 motor=2:9/1:8
ATGCorner: L=0@-1/0@-1 Y=0@-1/0@-1 farL=0@-1/0@-1 Lxy=-1.0,-1.0:-1.0,-1.0/-1.0,-1.0:-1.0,-1.0 Yxy=-1.0,-1.0:-1.0,-1.0/-1.0,-1.0:-1.0,-1.0 farLxy=-1.0,-1.0:-1.0,-1.0/-1.0,-1.0:-1.0,-1.0 best=10:56.6,94.0:37.0,59.8:36.6:10111/2:108.7,112.0:129.5,91.7:13.1:10111 seed_src=none/none seed=0.0,0.0/0.0,0.0 far_start=70,0 far_raw=0/0 far_num=0/0 straight=0/1 far_straight=0/0 conf_deg=36.6/13.1/0.0/0.0
CrossDiag: type=CROSS_NONE track=1 half_lr=0/0 nearL=0@-1/0@-1 nearNum=33/124 centerNum=33/124 farL=0@-1/0@-1 farNum=0/0 farRaw=0/0 lost=0/0 not_have=0 final=124/125 flags=0/0
LineErr: aim=41 cxcy=84.0,119.6 left=1:6.87@76,76 dx=-8.0 idx=0/12 dist=40/109 right=1:1.58@82,75 dx=-1.9 idx=0/18 dist=40/252 sel=1:1.54@82,74 dx=-1.9 idx=0/20 dist=40/248 edge=1:10.25@71.5,73.5 dx=-12.5 width=73.3 l=35,77 r=108,70
CxScan: raw_ref=80.0 edge=71.5,73.5 best_raw_x=45 best_err=-0.75 best_cxcy=70.6,119.5 scan=0:-14.8,10:-11.7,20:-8.7,30:-5.5,40:-2.3,50:0.8,60:4.0,70:7.2,80:10.3,90:13.3,100:16.2,110:19.1,120:21.9,130:24.5,140:27.1
ATGSeedDiag: seed=1@12,108/1@136,108 begin=7,108 block=5 clip=8
ATGLptDiag: best=10(36.6) imip=0/20 pass=10111 acc=-1 ipm=56.6,94.0 inv=37.0,59.8 | 2(13.1) imip=0/12 pass=10111 acc=-1 ipm=108.7,112.0 inv=129.5,91.7
ATGCircleBeginDiag: side=L reason=state rpts0=32 Lpt0=0 none_left=54 have_left=0 dist=1162 begin_dist=2491 enter_dist=0 enter_gyro=0
frame=224 line=1 track=1 cross=0 circle=1(CIRCLE_LEFT_BEGIN) round=0 yroad=0 ramp=0 road=6 speed=0 near=32/124 raw=87/104 sel=124/125 far=0/0 far_raw=0/0 l=0@-1/0@-1 far_l=0@-1/0@-1 straight=0/1 far_straight=0/0 circle_cnt=54/0/0/0 lost=0/0 conf=36.3/11.9/0.0/0.0 dist=1175 begin=2504/0 m0=(84,119) ml=(82,78) md=41/1/125 cxcy=84.0,119.6 guide=1.79 atg=0.0/0.0/0.0 pure=0.14/-0.05 yaw=-143 cmd=-327 actual=-52 signed=1 rps=4248/3352:4862/4705 duty=9/8 pwm=PWM2:9/PWM1:8 motor=2:9/1:8
ATGCorner: L=0@-1/0@-1 Y=0@-1/0@-1 farL=0@-1/0@-1 Lxy=-1.0,-1.0:-1.0,-1.0/-1.0,-1.0:-1.0,-1.0 Yxy=-1.0,-1.0:-1.0,-1.0/-1.0,-1.0:-1.0,-1.0 farLxy=-1.0,-1.0:-1.0,-1.0/-1.0,-1.0:-1.0,-1.0 best=10:56.0,94.1:36.2,59.9:36.3:10111/2:108.8,111.7:129.2,90.8:11.9:10111 seed_src=none/none seed=0.0,0.0/0.0,0.0 far_start=70,0 far_raw=0/0 far_num=0/0 straight=0/1 far_straight=0/0 conf_deg=36.3/11.9/0.0/0.0
CrossDiag: type=CROSS_NONE track=1 half_lr=0/0 nearL=0@-1/0@-1 nearNum=32/124 centerNum=32/124 farL=0@-1/0@-1 farNum=0/0 farRaw=0/0 lost=0/0 not_have=0 final=124/125 flags=0/0
LineErr: aim=41 cxcy=84.0,119.6 left=1:7.82@75,76 dx=-9.2 idx=0/12 dist=41/103 right=1:1.64@82,74 dx=-2.0 idx=0/18 dist=40/253 sel=1:1.59@82,73 dx=-1.9 idx=0/20 dist=40/248 edge=1:10.25@71.5,73.5 dx=-12.5 width=73.3 l=35,77 r=108,70
CxScan: raw_ref=80.0 edge=71.5,73.5 best_raw_x=45 best_err=-0.75 best_cxcy=70.6,119.5 scan=0:-14.8,10:-11.7,20:-8.7,30:-5.5,40:-2.3,50:0.8,60:4.0,70:7.2,80:10.3,90:13.3,100:16.2,110:19.1,120:21.9,130:24.5,140:27.1
ATGSeedDiag: seed=1@13,108/1@136,107 begin=7,108 block=5 clip=8
ATGLptDiag: best=10(36.3) imip=0/20 pass=10111 acc=-1 ipm=56.0,94.1 inv=36.2,59.9 | 2(11.9) imip=0/12 pass=10111 acc=-1 ipm=108.8,111.7 inv=129.2,90.8
ATGCircleBeginDiag: side=L reason=state rpts0=31 Lpt0=0 none_left=54 have_left=0 dist=1175 begin_dist=2504 enter_dist=0 enter_gyro=0
frame=225 line=1 track=1 cross=0 circle=1(CIRCLE_LEFT_BEGIN) round=0 yroad=0 ramp=0 road=6 speed=0 near=31/124 raw=87/104 sel=124/125 far=0/0 far_raw=0/0 l=0@-1/0@-1 far_l=0@-1/0@-1 straight=0/1 far_straight=0/0 circle_cnt=54/0/0/0 lost=0/0 conf=35.2/14.3/0.0/0.0 dist=1188 begin=2517/0 m0=(84,119) ml=(82,78) md=41/1/125 cxcy=84.0,119.6 guide=1.79 atg=0.0/0.0/0.0 pure=0.14/-0.05 yaw=-143 cmd=-339 actual=-46 signed=1 rps=4264/3336:4791/4469 duty=9/8 pwm=PWM2:9/PWM1:8 motor=2:9/1:8
ATGCorner: L=0@-1/0@-1 Y=0@-1/0@-1 farL=0@-1/0@-1 Lxy=-1.0,-1.0:-1.0,-1.0/-1.0,-1.0:-1.0,-1.0 Yxy=-1.0,-1.0:-1.0,-1.0/-1.0,-1.0:-1.0,-1.0 farLxy=-1.0,-1.0:-1.0,-1.0/-1.0,-1.0:-1.0,-1.0 best=10:55.8,94.0:36.0,59.8:35.2:10111/1:108.4,114.0:132.1,97.2:14.3:10111 seed_src=none/none seed=0.0,0.0/0.0,0.0 far_start=70,0 far_raw=0/0 far_num=0/0 straight=0/1 far_straight=0/0 conf_deg=35.2/14.3/0.0/0.0
CrossDiag: type=CROSS_NONE track=1 half_lr=0/0 nearL=0@-1/0@-1 nearNum=31/124 centerNum=31/124 farL=0@-1/0@-1 farNum=0/0 farRaw=0/0 lost=0/0 not_have=0 final=124/125 flags=0/0
LineErr: aim=41 cxcy=84.0,119.6 left=1:8.24@74,75 dx=-9.8 idx=0/12 dist=40/102 right=1:1.64@82,74 dx=-2.0 idx=0/18 dist=40/252 sel=1:1.59@82,73 dx=-1.9 idx=0/20 dist=40/248 edge=1:10.65@71.0,73.5 dx=-13.0 width=74.3 l=34,77 r=108,70
CxScan: raw_ref=80.0 edge=71.0,73.5 best_raw_x=45 best_err=-0.34 best_cxcy=70.6,119.5 scan=0:-14.4,10:-11.3,20:-8.2,30:-5.1,40:-1.9,50:1.3,60:4.4,70:7.6,80:10.7,90:13.7,100:16.6,110:19.5,120:22.2,130:24.9,140:27.4
ATGSeedDiag: seed=1@14,108/1@136,107 begin=7,108 block=5 clip=8
ATGLptDiag: best=10(35.2) imip=0/20 pass=10111 acc=-1 ipm=55.8,94.0 inv=36.0,59.8 | 1(14.3) imip=0/11 pass=10111 acc=-1 ipm=108.4,114.0 inv=132.1,97.2
ATGCircleBeginDiag: side=L reason=state rpts0=31 Lpt0=0 none_left=54 have_left=0 dist=1188 begin_dist=2517 enter_dist=0 enter_gyro=0
frame=226 line=1 track=1 cross=0 circle=1(CIRCLE_LEFT_BEGIN) round=0 yroad=0 ramp=0 road=6 speed=0 near=31/124 raw=87/105 sel=124/125 far=0/0 far_raw=0/0 l=0@-1/0@-1 far_l=0@-1/0@-1 straight=0/1 far_straight=0/0 circle_cnt=54/0/0/0 lost=0/0 conf=35.2/12.7/0.0/0.0 dist=1201 begin=2530/0 m0=(84,119) ml=(82,78) md=41/1/125 cxcy=84.0,119.6 guide=1.79 atg=0.0/0.0/0.0 pure=0.14/-0.08 yaw=-143 cmd=-358 actual=-36 signed=1 rps=4291/3309:5096/4645 duty=9/8 pwm=PWM2:9/PWM1:8 motor=2:9/1:8
ATGCorner: L=0@-1/0@-1 Y=0@-1/0@-1 farL=0@-1/0@-1 Lxy=-1.0,-1.0:-1.0,-1.0/-1.0,-1.0:-1.0,-1.0 Yxy=-1.0,-1.0:-1.0,-1.0/-1.0,-1.0:-1.0,-1.0 farLxy=-1.0,-1.0:-1.0,-1.0/-1.0,-1.0:-1.0,-1.0 best=10:55.5,94.1:35.5,59.9:35.2:10111/1:108.5,114.3:132.7,98.1:12.7:10111 seed_src=none/none seed=0.0,0.0/0.0,0.0 far_start=70,0 far_raw=0/0 far_num=0/0 straight=0/1 far_straight=0/0 conf_deg=35.2/12.7/0.0/0.0
CrossDiag: type=CROSS_NONE track=1 half_lr=0/0 nearL=0@-1/0@-1 nearNum=31/124 centerNum=31/124 farL=0@-1/0@-1 farNum=0/0 farRaw=0/0 lost=0/0 not_have=0 final=124/125 flags=0/0
LineErr: aim=41 cxcy=84.0,119.6 left=1:8.87@74,75 dx=-10.5 idx=0/12 dist=40/102 right=1:1.57@82,75 dx=-1.9 idx=0/18 dist=40/252 sel=1:1.54@82,73 dx=-1.9 idx=0/20 dist=40/248 edge=1:9.99@72.0,74.5 dx=-12.0 width=72.6 l=36,79 r=108,70
CxScan: raw_ref=80.0 edge=72.0,74.5 best_raw_x=50 best_err=0.43 best_cxcy=72.5,119.5 scan=0:-15.4,10:-12.3,20:-9.2,30:-6.0,40:-2.8,50:0.4,60:3.7,70:6.8,80:10.0,90:13.1,100:16.1,110:19.0,120:21.8,130:24.5,140:27.1
ATGSeedDiag: seed=1@14,108/1@137,108 begin=7,108 block=5 clip=8
ATGLptDiag: best=10(35.2) imip=0/20 pass=10111 acc=-1 ipm=55.5,94.1 inv=35.5,59.9 | 1(12.7) imip=0/11 pass=10111 acc=-1 ipm=108.5,114.3 inv=132.7,98.1
ATGCircleBeginDiag: side=L reason=state rpts0=31 Lpt0=0 none_left=54 have_left=0 dist=1201 begin_dist=2530 enter_dist=0 enter_gyro=0
frame=227 line=1 track=1 cross=0 circle=1(CIRCLE_LEFT_BEGIN) round=0 yroad=0 ramp=0 road=6 speed=0 near=31/124 raw=84/105 sel=124/125 far=0/0 far_raw=0/0 l=0@-1/0@-1 far_l=0@-1/0@-1 straight=0/1 far_straight=0/0 circle_cnt=54/0/0/0 lost=0/0 conf=35.0/11.6/0.0/0.0 dist=1215 begin=2544/0 m0=(84,119) ml=(82,78) md=41/1/125 cxcy=84.0,119.6 guide=1.54 atg=0.0/0.0/0.0 pure=0.06/-0.11 yaw=-123 cmd=-310 actual=-30 signed=1 rps=4224/3376:5340/4962 duty=8/7 pwm=PWM2:8/PWM1:7 motor=2:8/1:7
ATGCorner: L=0@-1/0@-1 Y=0@-1/0@-1 farL=0@-1/0@-1 Lxy=-1.0,-1.0:-1.0,-1.0/-1.0,-1.0:-1.0,-1.0 Yxy=-1.0,-1.0:-1.0,-1.0/-1.0,-1.0:-1.0,-1.0 farLxy=-1.0,-1.0:-1.0,-1.0/-1.0,-1.0:-1.0,-1.0 best=10:55.0,93.9:34.9,59.6:35.0:10111/1:108.5,114.3:132.8,98.1:11.6:10111 seed_src=none/none seed=0.0,0.0/0.0,0.0 far_start=70,0 far_raw=0/0 far_num=0/0 straight=0/1 far_straight=0/0 conf_deg=35.0/11.6/0.0/0.0
CrossDiag: type=CROSS_NONE track=1 half_lr=0/0 nearL=0@-1/0@-1 nearNum=31/124 centerNum=31/124 farL=0@-1/0@-1 farNum=0/0 farRaw=0/0 lost=0/0 not_have=0 final=124/125 flags=0/0
LineErr: aim=41 cxcy=84.0,119.6 left=1:9.60@72,75 dx=-11.5 idx=0/12 dist=40/100 right=1:1.25@83,74 dx=-1.5 idx=0/18 dist=41/253 sel=1:1.20@83,73 dx=-1.4 idx=0/20 dist=40/248 edge=1:9.99@72.0,74.5 dx=-12.0 width=74.5 l=35,79 r=109,70
CxScan: raw_ref=80.0 edge=72.0,74.5 best_raw_x=50 best_err=0.43 best_cxcy=72.5,119.5 scan=0:-15.4,10:-12.3,20:-9.2,30:-6.0,40:-2.8,50:0.4,60:3.7,70:6.8,80:10.0,90:13.1,100:16.1,110:19.0,120:21.8,130:24.5,140:27.1
ATGSeedDiag: seed=1@15,108/1@137,108 begin=7,108 block=5 clip=8
ATGLptDiag: best=10(35.0) imip=0/20 pass=10111 acc=-1 ipm=55.0,93.9 inv=34.9,59.6 | 1(11.6) imip=0/11 pass=10111 acc=-1 ipm=108.5,114.3 inv=132.8,98.1
ATGCircleBeginDiag: side=L reason=state rpts0=30 Lpt0=0 none_left=54 have_left=0 dist=1215 begin_dist=2544 enter_dist=0 enter_gyro=0
frame=228 line=1 track=1 cross=0 circle=1(CIRCLE_LEFT_BEGIN) round=0 yroad=0 ramp=0 road=6 speed=0 near=30/124 raw=84/105 sel=124/125 far=0/0 far_raw=0/0 l=0@-1/0@-1 far_l=0@-1/0@-1 straight=0/1 far_straight=0/0 circle_cnt=54/0/0/0 lost=0/0 conf=34.6/11.9/0.0/0.0 dist=1229 begin=2558/0 m0=(84,119) ml=(82,78) md=41/1/125 cxcy=84.0,119.6 guide=1.54 atg=0.0/0.0/0.0 pure=0.06/-0.11 yaw=-123 cmd=-317 actual=-26 signed=1 rps=4234/3366:5125/4936 duty=9/7 pwm=PWM2:9/PWM1:7 motor=2:9/1:7
ATGCorner: L=0@-1/0@-1 Y=0@-1/0@-1 farL=0@-1/0@-1 Lxy=-1.0,-1.0:-1.0,-1.0/-1.0,-1.0:-1.0,-1.0 Yxy=-1.0,-1.0:-1.0,-1.0/-1.0,-1.0:-1.0,-1.0 farLxy=-1.0,-1.0:-1.0,-1.0/-1.0,-1.0:-1.0,-1.0 best=10:54.6,93.9:34.3,59.7:34.6:10111/2:109.0,112.0:130.1,91.6:11.9:10111 seed_src=none/none seed=0.0,0.0/0.0,0.0 far_start=70,0 far_raw=0/0 far_num=0/0 straight=0/1 far_straight=0/0 conf_deg=34.6/11.9/0.0/0.0
CrossDiag: type=CROSS_NONE track=1 half_lr=0/0 nearL=0@-1/0@-1 nearNum=30/124 centerNum=30/124 farL=0@-1/0@-1 farNum=0/0 farRaw=0/0 lost=0/0 not_have=0 final=124/125 flags=0/0
LineErr: aim=41 cxcy=84.0,119.6 left=1:10.34@72,74 dx=-12.5 idx=0/12 dist=40/98 right=1:1.26@83,74 dx=-1.5 idx=0/18 dist=41/252 sel=1:1.24@83,73 dx=-1.5 idx=0/20 dist=40/248 edge=1:10.40@71.5,74.5 dx=-12.5 width=75.5 l=34,79 r=109,70
CxScan: raw_ref=80.0 edge=71.5,74.5 best_raw_x=45 best_err=-0.76 best_cxcy=70.6,119.5 scan=0:-15.0,10:-11.9,20:-8.8,30:-5.6,40:-2.4,50:0.9,60:4.1,70:7.3,80:10.4,90:13.5,100:16.5,110:19.4,120:22.2,130:24.8,140:27.4
ATGSeedDiag: seed=1@16,108/1@137,108 begin=7,108 block=5 clip=8
ATGLptDiag: best=10(34.6) imip=0/20 pass=10111 acc=-1 ipm=54.6,93.9 inv=34.3,59.7 | 2(11.9) imip=0/12 pass=10111 acc=-1 ipm=109.0,112.0 inv=130.1,91.6
ATGCircleBeginDiag: side=L reason=state rpts0=30 Lpt0=0 none_left=54 have_left=0 dist=1229 begin_dist=2558 enter_dist=0 enter_gyro=0
frame=229 line=1 track=1 cross=0 circle=1(CIRCLE_LEFT_BEGIN) round=0 yroad=0 ramp=0 road=6 speed=0 near=30/124 raw=83/105 sel=124/125 far=0/0 far_raw=0/0 l=0@-1/0@-1 far_l=0@-1/0@-1 straight=0/1 far_straight=0/0 circle_cnt=54/0/0/0 lost=0/0 conf=34.4/13.7/0.0/0.0 dist=1243 begin=2572/0 m0=(84,119) ml=(82,78) md=41/1/126 cxcy=84.0,119.6 guide=1.79 atg=0.0/0.0/0.0 pure=0.14/-0.06 yaw=-143 cmd=-376 actual=-27 signed=1 rps=4316/3284:5294/5245 duty=9/7 pwm=PWM2:9/PWM1:7 motor=2:9/1:7
ATGCorner: L=0@-1/0@-1 Y=0@-1/0@-1 farL=0@-1/0@-1 Lxy=-1.0,-1.0:-1.0,-1.0/-1.0,-1.0:-1.0,-1.0 Yxy=-1.0,-1.0:-1.0,-1.0/-1.0,-1.0:-1.0,-1.0 farLxy=-1.0,-1.0:-1.0,-1.0/-1.0,-1.0:-1.0,-1.0 best=10:54.2,94.3:33.4,60.2:34.4:10111/1:108.6,114.3:133.0,98.1:13.7:10111 seed_src=none/none seed=0.0,0.0/0.0,0.0 far_start=70,0 far_raw=0/0 far_num=0/0 straight=0/1 far_straight=0/0 conf_deg=34.4/13.7/0.0/0.0
CrossDiag: type=CROSS_NONE track=1 half_lr=0/0 nearL=0@-1/0@-1 nearNum=30/124 centerNum=30/124 farL=0@-1/0@-1 farNum=0/0 farRaw=0/0 lost=0/0 not_have=0 final=124/125 flags=0/0
LineErr: aim=41 cxcy=84.0,119.6 left=1:10.78@71,74 dx=-13.0 idx=0/12 dist=39/94 right=1:1.57@82,75 dx=-1.9 idx=0/18 dist=40/251 sel=1:1.54@82,73 dx=-1.9 idx=0/20 dist=40/248 edge=1:10.88@71.0,75.0 dx=-13.0 width=74.7 l=34,80 r=108,70
CxScan: raw_ref=80.0 edge=71.0,75.0 best_raw_x=45 best_err=-0.34 best_cxcy=70.6,119.5 scan=0:-14.7,10:-11.6,20:-8.4,30:-5.2,40:-2.0,50:1.3,60:4.5,70:7.7,80:10.9,90:14.0,100:17.0,110:19.9,120:22.7,130:25.4,140:27.9
ATGSeedDiag: seed=1@16,108/1@137,108 begin=7,108 block=5 clip=8
ATGLptDiag: best=10(34.4) imip=0/20 pass=10111 acc=-1 ipm=54.2,94.3 inv=33.4,60.2 | 1(13.7) imip=0/11 pass=10111 acc=-1 ipm=108.6,114.3 inv=133.0,98.1
ATGCircleBeginDiag: side=L reason=state rpts0=29 Lpt0=0 none_left=54 have_left=0 dist=1243 begin_dist=2572 enter_dist=0 enter_gyro=0
frame=230 line=1 track=1 cross=0 circle=1(CIRCLE_LEFT_BEGIN) round=0 yroad=0 ramp=0 road=6 speed=0 near=29/124 raw=81/105 sel=124/125 far=0/0 far_raw=0/0 l=0@-1/0@-1 far_l=0@-1/0@-1 straight=0/1 far_straight=0/0 circle_cnt=54/0/0/0 lost=0/0 conf=32.9/9.5/0.0/0.0 dist=1257 begin=2586/0 m0=(84,119) ml=(82,78) md=41/1/126 cxcy=84.0,119.6 guide=1.79 atg=0.0/0.0/0.0 pure=0.14/-0.06 yaw=-143 cmd=-393 actual=-19 signed=1 rps=4339/3261:5007/5010 duty=9/7 pwm=PWM2:9/PWM1:7 motor=2:9/1:7
ATGCorner: L=0@-1/0@-1 Y=0@-1/0@-1 farL=0@-1/0@-1 Lxy=-1.0,-1.0:-1.0,-1.0/-1.0,-1.0:-1.0,-1.0 Yxy=-1.0,-1.0:-1.0,-1.0/-1.0,-1.0:-1.0,-1.0 farLxy=-1.0,-1.0:-1.0,-1.0/-1.0,-1.0:-1.0,-1.0 best=9:55.2,96.0:33.8,62.4:32.9:10111/1:108.7,114.2:133.2,98.0:9.5:10111 seed_src=none/none seed=0.0,0.0/0.0,0.0 far_start=70,0 far_raw=0/0 far_num=0/0 straight=0/1 far_straight=0/0 conf_deg=32.9/9.5/0.0/0.0
CrossDiag: type=CROSS_NONE track=1 half_lr=0/0 nearL=0@-1/0@-1 nearNum=29/124 centerNum=29/124 farL=0@-1/0@-1 farNum=0/0 farRaw=0/0 lost=0/0 not_have=0 final=124/125 flags=0/0
LineErr: aim=41 cxcy=84.0,119.6 left=1:11.53@70,74 dx=-14.0 idx=0/12 dist=39/93 right=1:1.65@82,74 dx=-2.0 idx=0/18 dist=40/250 sel=1:1.59@82,73 dx=-1.9 idx=0/20 dist=40/248 edge=1:11.29@70.5,75.0 dx=-13.5 width=75.7 l=33,80 r=108,70
CxScan: raw_ref=80.0 edge=70.5,75.0 best_raw_x=45 best_err=0.08 best_cxcy=70.6,119.5 scan=0:-14.3,10:-11.2,20:-8.0,30:-4.8,40:-1.5,50:1.7,60:4.9,70:8.1,80:11.3,90:14.4,100:17.4,110:20.2,120:23.0,130:25.7,140:28.2
ATGSeedDiag: seed=1@17,108/1@137,108 begin=7,108 block=5 clip=8
ATGLptDiag: best=9(32.9) imip=0/19 pass=10111 acc=-1 ipm=55.2,96.0 inv=33.8,62.4 | 1(9.5) imip=0/11 pass=10111 acc=-1 ipm=108.7,114.2 inv=133.2,98.0
ATGCircleBeginDiag: side=L reason=state rpts0=28 Lpt0=0 none_left=54 have_left=0 dist=1257 begin_dist=2586 enter_dist=0 enter_gyro=0
ATGCircleBeginDiag: side=L reason=state rpts0=28 Lpt0=0 none_left=54 have_left=0 dist=1271 begin_dist=2600 enter_dist=0 enter_gyro=0
ATGCircleBeginDiag: side=L reason=state rpts0=27 Lpt0=0 none_left=54 have_left=0 dist=1285 begin_dist=2614 enter_dist=0 enter_gyro=0
frame=233 line=1 track=1 cross=0 circle=1(CIRCLE_LEFT_BEGIN) round=0 yroad=0 ramp=0 road=6 speed=0 near=27/124 raw=76/105 sel=124/125 far=0/0 far_raw=0/0 l=0@-1/0@-1 far_l=0@-1/0@-1 straight=0/1 far_straight=0/0 circle_cnt=54/0/0/0 lost=0/0 conf=29.3/6.7/0.0/0.0 dist=1298 begin=2627/0 m0=(84,119) ml=(82,78) md=41/1/125 cxcy=84.0,119.6 guide=1.54 atg=0.0/0.0/0.0 pure=0.09/-0.09 yaw=-123 cmd=-316 actual=-27 signed=1 rps=4233/3367:4772/5152 duty=9/7 pwm=PWM2:9/PWM1:7 motor=2:9/1:7
ATGCorner: L=0@-1/0@-1 Y=0@-1/0@-1 farL=0@-1/0@-1 Lxy=-1.0,-1.0:-1.0,-1.0/-1.0,-1.0:-1.0,-1.0 Yxy=-1.0,-1.0:-1.0,-1.0/-1.0,-1.0:-1.0,-1.0 farLxy=-1.0,-1.0:-1.0,-1.0/-1.0,-1.0:-1.0,-1.0 best=8:55.1,98.3:31.9,65.6:29.3:10111/2:109.0,111.9:130.0,91.5:6.7:10111 seed_src=none/none seed=0.0,0.0/0.0,0.0 far_start=70,0 far_raw=0/0 far_num=0/0 straight=0/1 far_straight=0/0 conf_deg=29.3/6.7/0.0/0.0
CrossDiag: type=CROSS_NONE track=1 half_lr=0/0 nearL=0@-1/0@-1 nearNum=27/124 centerNum=27/124 farL=0@-1/0@-1 farNum=0/0 farRaw=0/0 lost=0/0 not_have=0 final=124/125 flags=0/0
LineErr: aim=41 cxcy=84.0,119.6 left=1:15.29@64,71 dx=-19.7 idx=0/13 dist=42/83 right=1:1.24@83,74 dx=-1.5 idx=0/18 dist=41/251 sel=1:1.20@83,73 dx=-1.4 idx=0/20 dist=40/248 edge=1:11.04@71.0,76.0 dx=-13.0 width=76.9 l=33,82 r=109,70
CxScan: raw_ref=80.0 edge=71.0,76.0 best_raw_x=45 best_err=-0.35 best_cxcy=70.6,119.5 scan=0:-14.9,10:-11.8,20:-8.6,30:-5.3,40:-2.0,50:1.3,60:4.6,70:7.8,80:11.0,90:14.2,100:17.2,110:20.1,120:23.0,130:25.7,140:28.3
ATGSeedDiag: seed=1@18,108/1@138,108 begin=7,108 block=5 clip=8
ATGLptDiag: best=8(29.3) imip=0/18 pass=10111 acc=-1 ipm=55.1,98.3 inv=31.9,65.6 | 2(6.7) imip=0/12 pass=10111 acc=-1 ipm=109.0,111.9 inv=130.0,91.5
ATGCircleBeginDiag: side=L reason=state rpts0=27 Lpt0=0 none_left=54 have_left=0 dist=1298 begin_dist=2627 enter_dist=0 enter_gyro=0
ATGCircleBeginDiag: side=L reason=state rpts0=26 Lpt0=0 none_left=54 have_left=0 dist=1311 begin_dist=2640 enter_dist=0 enter_gyro=0
frame=235 line=1 track=1 cross=0 circle=1(CIRCLE_LEFT_BEGIN) round=0 yroad=0 ramp=0 road=6 speed=0 near=26/124 raw=77/105 sel=124/125 far=0/0 far_raw=0/0 l=0@-1/0@-1 far_l=0@-1/0@-1 straight=0/1 far_straight=0/0 circle_cnt=54/0/0/0 lost=0/0 conf=32.0/7.1/0.0/0.0 dist=1324 begin=2653/0 m0=(84,119) ml=(82,78) md=41/1/126 cxcy=84.0,119.6 guide=1.54 atg=0.0/0.0/0.0 pure=0.13/-0.05 yaw=-123 cmd=-336 actual=-17 signed=1 rps=4261/3339:4596/4748 duty=10/8 pwm=PWM2:10/PWM1:8 motor=2:10/1:8
ATGCorner: L=0@-1/0@-1 Y=0@-1/0@-1 farL=0@-1/0@-1 Lxy=-1.0,-1.0:-1.0,-1.0/-1.0,-1.0:-1.0,-1.0 Yxy=-1.0,-1.0:-1.0,-1.0/-1.0,-1.0:-1.0,-1.0 farLxy=-1.0,-1.0:-1.0,-1.0/-1.0,-1.0:-1.0,-1.0 best=8:54.9,98.6:31.4,66.1:32.0:10111/1:108.7,114.2:133.2,98.0:7.1:10111 seed_src=none/none seed=0.0,0.0/0.0,0.0 far_start=70,0 far_raw=0/0 far_num=0/0 straight=0/1 far_straight=0/0 conf_deg=32.0/7.1/0.0/0.0
CrossDiag: type=CROSS_NONE track=1 half_lr=0/0 nearL=0@-1/0@-1 nearNum=26/124 centerNum=26/124 farL=0@-1/0@-1 farNum=0/0 farRaw=0/0 lost=0/0 not_have=0 final=124/125 flags=0/0
LineErr: aim=41 cxcy=84.0,119.6 left=1:16.14@63,71 dx=-20.8 idx=0/13 dist=42/80 right=1:1.24@83,74 dx=-1.5 idx=0/18 dist=41/251 sel=1:1.20@83,73 dx=-1.4 idx=0/20 dist=40/248 edge=1:11.54@70.5,76.5 dx=-13.5 width=78.1 l=32,83 r=109,70
CxScan: raw_ref=80.0 edge=70.5,76.5 best_raw_x=45 best_err=0.08 best_cxcy=70.6,119.5 scan=0:-14.6,10:-11.4,20:-8.2,30:-4.9,40:-1.6,50:1.7,60:5.1,70:8.3,80:11.5,90:14.7,100:17.7,110:20.7,120:23.5,130:26.2,140:28.8
ATGSeedDiag: seed=1@18,108/1@138,108 begin=7,108 block=5 clip=8
ATGLptDiag: best=8(32.0) imip=0/18 pass=10111 acc=-1 ipm=54.9,98.6 inv=31.4,66.1 | 1(7.1) imip=0/11 pass=10111 acc=-1 ipm=108.7,114.2 inv=133.2,98.0
ATGCircleBeginDiag: side=L reason=state rpts0=25 Lpt0=0 none_left=54 have_left=0 dist=1324 begin_dist=2653 enter_dist=0 enter_gyro=0
frame=236 line=1 track=1 cross=0 circle=1(CIRCLE_LEFT_BEGIN) round=0 yroad=0 ramp=0 road=6 speed=0 near=25/124 raw=75/105 sel=124/125 far=0/0 far_raw=0/0 l=0@-1/0@-1 far_l=0@-1/0@-1 straight=0/1 far_straight=0/0 circle_cnt=54/0/0/0 lost=0/0 conf=30.1/7.7/0.0/0.0 dist=1337 begin=2666/0 m0=(84,119) ml=(82,78) md=41/1/125 cxcy=84.0,119.6 guide=1.79 atg=0.0/0.0/0.0 pure=0.14/-0.05 yaw=-143 cmd=-377 actual=-27 signed=1 rps=4317/3283:4861/4693 duty=9/7 pwm=PWM2:9/PWM1:7 motor=2:9/1:7
ATGCorner: L=0@-1/0@-1 Y=0@-1/0@-1 farL=0@-1/0@-1 Lxy=-1.0,-1.0:-1.0,-1.0/-1.0,-1.0:-1.0,-1.0 Yxy=-1.0,-1.0:-1.0,-1.0/-1.0,-1.0:-1.0,-1.0 farLxy=-1.0,-1.0:-1.0,-1.0/-1.0,-1.0:-1.0,-1.0 best=7:55.6,100.5:31.0,68.9:30.1:10111/1:108.7,114.2:133.2,98.0:7.7:10111 seed_src=none/none seed=0.0,0.0/0.0,0.0 far_start=70,0 far_raw=0/0 far_num=0/0 straight=0/1 far_straight=0/0 conf_deg=30.1/7.7/0.0/0.0
CrossDiag: type=CROSS_NONE track=1 half_lr=0/0 nearL=0@-1/0@-1 nearNum=25/124 centerNum=25/124 farL=0@-1/0@-1 farNum=0/0 farRaw=0/0 lost=0/0 not_have=0 final=124/125 flags=0/0
LineErr: aim=41 cxcy=84.0,119.6 left=1:17.01@62,71 dx=-22.1 idx=0/13 dist=42/76 right=1:1.64@82,74 dx=-2.0 idx=0/18 dist=41/251 sel=1:1.59@82,73 dx=-1.9 idx=0/20 dist=40/248 edge=1:12.46@69.5,77.0 dx=-14.5 width=78.3 l=31,84 r=108,70
CxScan: raw_ref=80.0 edge=69.5,77.0 best_raw_x=40 best_err=-0.72 best_cxcy=68.7,119.4 scan=0:-13.9,10:-10.7,20:-7.4,30:-4.1,40:-0.7,50:2.6,60:6.0,70:9.2,80:12.5,90:15.6,100:18.6,110:21.6,120:24.4,130:27.1,140:29.6
ATGSeedDiag: seed=1@19,108/1@138,108 begin=7,108 block=5 clip=8
ATGLptDiag: best=7(30.1) imip=0/17 pass=10111 acc=-1 ipm=55.6,100.5 inv=31.0,68.9 | 1(7.7) imip=0/11 pass=10111 acc=-1 ipm=108.7,114.2 inv=133.2,98.0
ATGCircleBeginDiag: side=L reason=state rpts0=25 Lpt0=0 none_left=54 have_left=0 dist=1337 begin_dist=2666 enter_dist=0 enter_gyro=0
ATGCircleBeginDiag: side=L reason=state rpts0=24 Lpt0=0 none_left=54 have_left=0 dist=1350 begin_dist=2679 enter_dist=0 enter_gyro=0
ATGCircleBeginDiag: side=L reason=state rpts0=24 Lpt0=0 none_left=54 have_left=0 dist=1364 begin_dist=2693 enter_dist=0 enter_gyro=0
frame=239 line=1 track=1 cross=0 circle=1(CIRCLE_LEFT_BEGIN) round=0 yroad=0 ramp=0 road=6 speed=0 near=24/124 raw=69/105 sel=124/125 far=0/0 far_raw=0/0 l=0@-1/0@-1 far_l=0@-1/0@-1 straight=0/1 far_straight=0/0 circle_cnt=54/0/0/0 lost=0/0 conf=28.7/7.3/0.0/0.0 dist=1378 begin=2707/0 m0=(84,119) ml=(82,78) md=41/1/126 cxcy=84.0,119.6 guide=1.67 atg=0.0/0.0/0.0 pure=0.14/-0.06 yaw=-133 cmd=-334 actual=-33 signed=1 rps=4258/3342:5013/4679 duty=9/8 pwm=PWM2:9/PWM1:8 motor=2:9/1:8
ATGCorner: L=0@-1/0@-1 Y=0@-1/0@-1 farL=0@-1/0@-1 Lxy=-1.0,-1.0:-1.0,-1.0/-1.0,-1.0:-1.0,-1.0 Yxy=-1.0,-1.0:-1.0,-1.0/-1.0,-1.0:-1.0,-1.0 farLxy=-1.0,-1.0:-1.0,-1.0/-1.0,-1.0:-1.0,-1.0 best=7:54.4,100.8:28.8,69.4:28.7:10111/1:108.7,114.2:133.2,98.0:7.3:10111 seed_src=none/none seed=0.0,0.0/0.0,0.0 far_start=70,0 far_raw=0/0 far_num=0/0 straight=0/1 far_straight=0/0 conf_deg=28.7/7.3/0.0/0.0
CrossDiag: type=CROSS_NONE track=1 half_lr=0/0 nearL=0@-1/0@-1 nearNum=24/124 centerNum=24/124 farL=0@-1/0@-1 farNum=0/0 farRaw=0/0 lost=0/0 not_have=0 final=124/125 flags=0/0
LineErr: aim=41 cxcy=84.0,119.6 left=1:18.77@60,71 dx=-24.5 idx=0/13 dist=42/72 right=1:1.51@82,74 dx=-1.8 idx=0/18 dist=41/251 sel=1:1.41@82,73 dx=-1.7 idx=0/20 dist=40/248 edge=1:12.97@69.0,77.5 dx=-15.0 width=81.4 l=29,85 r=109,70
CxScan: raw_ref=80.0 edge=69.0,77.5 best_raw_x=40 best_err=-0.29 best_cxcy=68.7,119.4 scan=0:-13.6,10:-10.3,20:-7.0,30:-3.7,40:-0.3,50:3.1,60:6.4,70:9.7,80:13.0,90:16.1,100:19.2,110:22.1,120:24.9,130:27.6,140:30.1
ATGSeedDiag: seed=1@19,108/1@138,108 begin=7,108 block=5 clip=8
ATGLptDiag: best=7(28.7) imip=0/17 pass=10111 acc=-1 ipm=54.4,100.8 inv=28.8,69.4 | 1(7.3) imip=0/11 pass=10111 acc=-1 ipm=108.7,114.2 inv=133.2,98.0
ATGCircleBeginDiag: side=L reason=state rpts0=23 Lpt0=0 none_left=54 have_left=0 dist=1378 begin_dist=2707 enter_dist=0 enter_gyro=0
ATGCircleBeginDiag: side=L reason=state rpts0=22 Lpt0=0 none_left=54 have_left=0 dist=1392 begin_dist=2721 enter_dist=0 enter_gyro=0
frame=241 line=1 track=1 cross=0 circle=1(CIRCLE_LEFT_BEGIN) round=0 yroad=0 ramp=0 road=6 speed=0 near=22/124 raw=66/104 sel=124/125 far=0/0 far_raw=0/0 l=0@-1/0@-1 far_l=0@-1/0@-1 straight=0/1 far_straight=0/0 circle_cnt=54/0/0/0 lost=0/0 conf=25.7/4.9/0.0/0.0 dist=1406 begin=2735/0 m0=(84,119) ml=(82,78) md=41/1/126 cxcy=84.0,119.6 guide=1.79 atg=0.0/0.0/0.0 pure=0.14/-0.06 yaw=-143 cmd=-352 actual=-39 signed=1 rps=4283/3317:5350/5335 duty=9/7 pwm=PWM2:9/PWM1:7 motor=2:9/1:7
ATGCorner: L=0@-1/0@-1 Y=0@-1/0@-1 farL=0@-1/0@-1 Lxy=-1.0,-1.0:-1.0,-1.0/-1.0,-1.0:-1.0,-1.0 Yxy=-1.0,-1.0:-1.0,-1.0/-1.0,-1.0:-1.0,-1.0 farLxy=-1.0,-1.0:-1.0,-1.0/-1.0,-1.0:-1.0,-1.0 best=6:55.0,103.0:27.8,73.1:25.7:10111/1:108.8,113.9:132.8,97.1:4.9:10111 seed_src=none/none seed=0.0,0.0/0.0,0.0 far_start=70,0 far_raw=0/0 far_num=0/0 straight=0/1 far_straight=0/0 conf_deg=25.7/4.9/0.0/0.0
CrossDiag: type=CROSS_NONE track=1 half_lr=0/0 nearL=0@-1/0@-1 nearNum=22/124 centerNum=22/124 farL=0@-1/0@-1 farNum=0/0 farRaw=0/0 lost=0/0 not_have=0 final=124/125 flags=0/0
LineErr: aim=41 cxcy=84.0,119.6 left=1:19.77@58,71 dx=-25.6 idx=0/13 dist=40/64 right=1:1.52@82,74 dx=-1.8 idx=0/18 dist=41/251 sel=1:1.49@82,73 dx=-1.8 idx=0/20 dist=40/248 edge=1:13.48@68.5,78.0 dx=-15.5 width=82.6 l=28,86 r=109,70
CxScan: raw_ref=80.0 edge=68.5,78.0 best_raw_x=40 best_err=0.16 best_cxcy=68.7,119.4 scan=0:-13.3,10:-10.0,20:-6.6,30:-3.2,40:0.2,50:3.6,60:6.9,70:10.2,80:13.5,90:16.6,100:19.7,110:22.6,120:25.4,130:28.1,140:30.7
ATGSeedDiag: seed=1@19,108/1@138,107 begin=7,108 block=5 clip=8
ATGLptDiag: best=6(25.7) imip=0/16 pass=10111 acc=-1 ipm=55.0,103.0 inv=27.8,73.1 | 1(4.9) imip=0/11 pass=10111 acc=-1 ipm=108.8,113.9 inv=132.8,97.1
ATGCircleBeginDiag: side=L reason=state rpts0=21 Lpt0=0 none_left=54 have_left=0 dist=1406 begin_dist=2735 enter_dist=0 enter_gyro=0
frame=242 line=1 track=1 cross=0 circle=1(CIRCLE_LEFT_BEGIN) round=0 yroad=0 ramp=0 road=6 speed=0 near=21/124 raw=68/105 sel=124/125 far=0/0 far_raw=0/0 l=0@-1/0@-1 far_l=0@-1/0@-1 straight=0/1 far_straight=0/0 circle_cnt=54/0/0/0 lost=0/0 conf=26.6/1.6/0.0/0.0 dist=1420 begin=2749/0 m0=(84,119) ml=(82,78) md=41/1/125 cxcy=84.0,119.6 guide=1.79 atg=0.0/0.0/0.0 pure=0.14/-0.05 yaw=-143 cmd=-354 actual=-38 signed=1 rps=4285/3315:5022/5082 duty=9/7 pwm=PWM2:9/PWM1:7 motor=2:9/1:7
ATGCorner: L=0@-1/0@-1 Y=0@-1/0@-1 farL=0@-1/0@-1 Lxy=-1.0,-1.0:-1.0,-1.0/-1.0,-1.0:-1.0,-1.0 Yxy=-1.0,-1.0:-1.0,-1.0/-1.0,-1.0:-1.0,-1.0 farLxy=-1.0,-1.0:-1.0,-1.0/-1.0,-1.0:-1.0,-1.0 best=6:54.7,102.8:27.5,72.7:26.6:10111/11:107.9,91.1:107.7,55.8:1.6:10111 seed_src=none/none seed=0.0,0.0/0.0,0.0 far_start=70,0 far_raw=0/0 far_num=0/0 straight=0/1 far_straight=0/0 conf_deg=26.6/1.6/0.0/0.0
CrossDiag: type=CROSS_NONE track=1 half_lr=0/0 nearL=0@-1/0@-1 nearNum=21/124 centerNum=21/124 farL=0@-1/0@-1 farNum=0/0 farRaw=0/0 lost=0/0 not_have=0 final=124/125 flags=0/0
LineErr: aim=41 cxcy=84.0,119.6 left=1:21.63@55,70 dx=-28.9 idx=0/14 dist=42/60 right=1:1.63@82,74 dx=-2.0 idx=0/18 dist=41/251 sel=1:1.59@82,73 dx=-1.9 idx=0/20 dist=40/248 edge=1:14.32@67.5,78.0 dx=-16.5 width=82.6 l=27,86 r=108,70
CxScan: raw_ref=80.0 edge=67.5,78.0 best_raw_x=35 best_err=-0.66 best_cxcy=66.8,119.4 scan=0:-12.4,10:-9.1,20:-5.8,30:-2.4,40:1.0,50:4.4,60:7.8,70:11.1,80:14.3,90:17.4,100:20.5,110:23.4,120:26.1,130:28.8,140:31.3
ATGSeedDiag: seed=1@20,107/1@139,108 begin=7,108 block=5 clip=8
ATGLptDiag: best=6(26.6) imip=0/16 pass=10111 acc=-1 ipm=54.7,102.8 inv=27.5,72.7 | 11(1.6) imip=1/21 pass=10111 acc=-1 ipm=107.9,91.1 inv=107.7,55.8
ATGCircleBeginDiag: side=L reason=state rpts0=21 Lpt0=0 none_left=54 have_left=0 dist=1420 begin_dist=2749 enter_dist=0 enter_gyro=0
frame=243 line=1 track=1 cross=0 circle=1(CIRCLE_LEFT_BEGIN) round=0 yroad=0 ramp=0 road=6 speed=0 near=21/124 raw=68/105 sel=124/125 far=0/0 far_raw=0/0 l=0@-1/0@-1 far_l=0@-1/0@-1 straight=0/1 far_straight=0/0 circle_cnt=54/0/0/0 lost=0/0 conf=25.1/4.7/0.0/0.0 dist=1434 begin=2763/0 m0=(84,119) ml=(82,78) md=41/1/125 cxcy=84.0,119.6 guide=1.79 atg=0.0/0.0/0.0 pure=0.14/-0.05 yaw=-143 cmd=-370 actual=-30 signed=1 rps=4307/3293:5059/5227 duty=9/7 pwm=PWM2:9/PWM1:7 motor=2:9/1:7
ATGCorner: L=0@-1/0@-1 Y=0@-1/0@-1 farL=0@-1/0@-1 Lxy=-1.0,-1.0:-1.0,-1.0/-1.0,-1.0:-1.0,-1.0 Yxy=-1.0,-1.0:-1.0,-1.0/-1.0,-1.0:-1.0,-1.0 farLxy=-1.0,-1.0:-1.0,-1.0/-1.0,-1.0:-1.0,-1.0 best=5:55.8,105.1:27.1,77.0:25.1:10111/1:108.6,114.2:133.0,97.9:4.7:10111 seed_src=none/none seed=0.0,0.0/0.0,0.0 far_start=70,0 far_raw=0/0 far_num=0/0 straight=0/1 far_straight=0/0 conf_deg=25.1/4.7/0.0/0.0
CrossDiag: type=CROSS_NONE track=1 half_lr=0/0 nearL=0@-1/0@-1 nearNum=21/124 centerNum=21/124 farL=0@-1/0@-1 farNum=0/0 farRaw=0/0 lost=0/0 not_have=0 final=124/125 flags=0/0
LineErr: aim=41 cxcy=84.0,119.6 left=1:22.04@55,70 dx=-29.4 idx=0/14 dist=42/60 right=1:1.78@82,77 dx=-2.1 idx=0/17 dist=40/252 sel=1:1.59@82,73 dx=-1.9 idx=0/20 dist=40/248 edge=1:14.42@67.5,78.5 dx=-16.5 width=82.8 l=27,87 r=108,70
CxScan: raw_ref=80.0 edge=67.5,78.5 best_raw_x=35 best_err=-0.67 best_cxcy=66.8,119.4 scan=0:-12.5,10:-9.2,20:-5.8,30:-2.4,40:1.0,50:4.5,60:7.9,70:11.2,80:14.4,90:17.6,100:20.6,110:23.5,120:26.3,130:29.0,140:31.5
ATGSeedDiag: seed=1@19,108/1@138,108 begin=7,108 block=5 clip=8
ATGLptDiag: best=5(25.1) imip=0/15 pass=10111 acc=-1 ipm=55.8,105.1 inv=27.1,77.0 | 1(4.7) imip=0/11 pass=10111 acc=-1 ipm=108.6,114.2 inv=133.0,97.9
ATGCircleBeginDiag: side=L reason=state rpts0=20 Lpt0=0 none_left=54 have_left=0 dist=1434 begin_dist=2763 enter_dist=0 enter_gyro=0
ATGCircleBeginDiag: side=L reason=state rpts0=20 Lpt0=0 none_left=54 have_left=0 dist=1447 begin_dist=2776 enter_dist=0 enter_gyro=0
frame=245 line=1 track=1 cross=0 circle=1(CIRCLE_LEFT_BEGIN) round=0 yroad=0 ramp=0 road=6 speed=0 near=20/124 raw=65/105 sel=124/125 far=0/0 far_raw=0/0 l=0@-1/0@-1 far_l=0@-1/0@-1 straight=0/1 far_straight=0/0 circle_cnt=54/0/0/0 lost=0/0 conf=24.1/2.2/0.0/0.0 dist=1460 begin=2789/0 m0=(84,119) ml=(82,78) md=41/1/125 cxcy=84.0,119.6 guide=1.54 atg=0.0/0.0/0.0 pure=0.12/-0.08 yaw=-123 cmd=-311 actual=-30 signed=1 rps=4226/3374:4761/5118 duty=9/7 pwm=PWM2:9/PWM1:7 motor=2:9/1:7
ATGCorner: L=0@-1/0@-1 Y=0@-1/0@-1 farL=0@-1/0@-1 Lxy=-1.0,-1.0:-1.0,-1.0/-1.0,-1.0:-1.0,-1.0 Yxy=-1.0,-1.0:-1.0,-1.0/-1.0,-1.0:-1.0,-1.0 farLxy=-1.0,-1.0:-1.0,-1.0/-1.0,-1.0:-1.0,-1.0 best=5:55.0,105.3:25.5,77.4:24.1:10111/2:108.6,111.9:129.2,91.4:2.2:10111 seed_src=none/none seed=0.0,0.0/0.0,0.0 far_start=70,0 far_raw=0/0 far_num=0/0 straight=0/1 far_straight=0/0 conf_deg=24.1/2.2/0.0/0.0
CrossDiag: type=CROSS_NONE track=1 half_lr=0/0 nearL=0@-1/0@-1 nearNum=20/124 centerNum=20/124 farL=0@-1/0@-1 farNum=0/0 farRaw=0/0 lost=0/0 not_have=0 final=124/125 flags=0/0
LineErr: aim=41 cxcy=84.0,119.6 left=1:23.02@53,71 dx=-30.6 idx=0/14 dist=41/56 right=1:1.24@83,74 dx=-1.5 idx=0/18 dist=40/250 sel=1:1.20@83,73 dx=-1.5 idx=0/20 dist=40/248 edge=1:13.69@68.5,79.0 dx=-15.5 width=83.0 l=28,88 r=109,70
CxScan: raw_ref=80.0 edge=68.5,79.0 best_raw_x=40 best_err=0.16 best_cxcy=68.7,119.4 scan=0:-13.5,10:-10.1,20:-6.7,30:-3.3,40:0.2,50:3.6,60:7.0,70:10.4,80:13.7,90:16.9,100:20.0,110:22.9,120:25.8,130:28.5,140:31.1
ATGSeedDiag: seed=1@19,108/1@138,108 begin=7,108 block=5 clip=8
ATGLptDiag: best=5(24.1) imip=0/15 pass=10111 acc=-1 ipm=55.0,105.3 inv=25.5,77.4 | 2(2.2) imip=0/12 pass=10111 acc=-1 ipm=108.6,111.9 inv=129.2,91.4
ATGCircleBeginDiag: side=L reason=state rpts0=19 Lpt0=0 none_left=54 have_left=0 dist=1460 begin_dist=2789 enter_dist=0 enter_gyro=0
frame=246 line=1 track=1 cross=0 circle=1(CIRCLE_LEFT_BEGIN) round=0 yroad=0 ramp=0 road=6 speed=0 near=19/124 raw=64/105 sel=124/125 far=0/0 far_raw=0/0 l=0@-1/0@-1 far_l=0@-1/0@-1 straight=0/1 far_straight=0/0 circle_cnt=54/0/0/0 lost=0/0 conf=24.6/4.8/0.0/0.0 dist=1473 begin=2802/0 m0=(84,119) ml=(82,78) md=41/1/125 cxcy=84.0,119.6 guide=1.54 atg=0.0/0.0/0.0 pure=0.06/-0.11 yaw=-123 cmd=-309 actual=-31 signed=1 rps=4223/3377:4761/5077 duty=9/7 pwm=PWM2:9/PWM1:7 motor=2:9/1:7
ATGCorner: L=0@-1/0@-1 Y=0@-1/0@-1 farL=0@-1/0@-1 Lxy=-1.0,-1.0:-1.0,-1.0/-1.0,-1.0:-1.0,-1.0 Yxy=-1.0,-1.0:-1.0,-1.0/-1.0,-1.0:-1.0,-1.0 farLxy=-1.0,-1.0:-1.0,-1.0/-1.0,-1.0:-1.0,-1.0 best=5:54.7,105.4:24.9,77.6:24.6:10111/2:108.9,111.9:129.7,91.4:4.8:10111 seed_src=none/none seed=0.0,0.0/0.0,0.0 far_start=70,0 far_raw=0/0 far_num=0/0 straight=0/1 far_straight=0/0 conf_deg=24.6/4.8/0.0/0.0
CrossDiag: type=CROSS_NONE track=1 half_lr=0/0 nearL=0@-1/0@-1 nearNum=19/124 centerNum=19/124 farL=0@-1/0@-1 farNum=0/0 farRaw=0/0 lost=0/0 not_have=0 final=124/125 flags=0/0
LineErr: aim=41 cxcy=84.0,119.6 left=1:23.43@53,71 dx=-31.0 idx=0/14 dist=40/51 right=1:1.23@83,74 dx=-1.5 idx=0/18 dist=41/251 sel=1:1.20@83,73 dx=-1.5 idx=0/20 dist=40/248 edge=1:12.93@69.5,79.5 dx=-14.5 width=81.3 l=30,89 r=109,70
CxScan: raw_ref=80.0 edge=69.5,79.5 best_raw_x=40 best_err=-0.75 best_cxcy=68.7,119.4 scan=0:-14.4,10:-11.1,20:-7.7,30:-4.2,40:-0.7,50:2.7,60:6.2,70:9.6,80:12.9,90:16.2,100:19.3,110:22.3,120:25.2,130:28.0,140:30.6
ATGSeedDiag: seed=1@19,108/1@138,108 begin=7,108 block=5 clip=8
ATGLptDiag: best=5(24.6) imip=0/15 pass=10111 acc=-1 ipm=54.7,105.4 inv=24.9,77.6 | 2(4.8) imip=0/12 pass=10111 acc=-1 ipm=108.9,111.9 inv=129.7,91.4
ATGCircleBeginDiag: side=L reason=state rpts0=19 Lpt0=0 none_left=54 have_left=0 dist=1473 begin_dist=2802 enter_dist=0 enter_gyro=0
ATGCircleBeginDiag: side=L reason=state rpts0=18 Lpt0=0 none_left=54 have_left=0 dist=1486 begin_dist=2815 enter_dist=0 enter_gyro=0
frame=248 line=1 track=1 cross=0 circle=1(CIRCLE_LEFT_BEGIN) round=0 yroad=0 ramp=0 road=6 speed=0 near=18/126 raw=60/106 sel=126/126 far=0/0 far_raw=0/0 l=0@-1/0@-1 far_l=0@-1/0@-1 straight=0/1 far_straight=0/0 circle_cnt=54/0/0/0 lost=0/0 conf=21.3/2.5/0.0/0.0 dist=1499 begin=2828/0 m0=(84,119) ml=(82,78) md=41/1/125 cxcy=84.0,119.6 guide=1.54 atg=0.0/0.0/0.0 pure=0.06/-0.06 yaw=-123 cmd=-288 actual=-41 signed=1 rps=4194/3406:4830/4660 duty=9/8 pwm=PWM2:9/PWM1:8 motor=2:9/1:8
ATGCorner: L=0@-1/0@-1 Y=0@-1/0@-1 farL=0@-1/0@-1 Lxy=-1.0,-1.0:-1.0,-1.0/-1.0,-1.0:-1.0,-1.0 Yxy=-1.0,-1.0:-1.0,-1.0/-1.0,-1.0:-1.0,-1.0 farLxy=-1.0,-1.0:-1.0,-1.0/-1.0,-1.0:-1.0,-1.0 best=4:55.1,107.6:23.4,82.1:21.3:10111/2:108.7,111.9:129.3,91.4:2.5:10111 seed_src=none/none seed=0.0,0.0/0.0,0.0 far_start=70,0 far_raw=0/0 far_num=0/0 straight=0/1 far_straight=0/0 conf_deg=21.3/2.5/0.0/0.0
CrossDiag: type=CROSS_NONE track=1 half_lr=0/0 nearL=0@-1/0@-1 nearNum=18/126 centerNum=18/126 farL=0@-1/0@-1 farNum=0/0 farRaw=0/0 lost=0/0 not_have=0 final=126/126 flags=0/0
LineErr: aim=41 cxcy=84.0,119.6 left=1:25.83@49,71 dx=-34.9 idx=0/15 dist=42/48 right=1:1.22@83,74 dx=-1.5 idx=0/18 dist=41/255 sel=1:1.20@83,73 dx=-1.5 idx=0/20 dist=40/250 edge=1:13.13@69.5,80.5 dx=-14.5 width=81.7 l=30,91 r=109,70
CxScan: raw_ref=80.0 edge=69.5,80.5 best_raw_x=40 best_err=-0.76 best_cxcy=68.7,119.4 scan=0:-14.6,10:-11.3,20:-7.8,30:-4.3,40:-0.8,50:2.8,60:6.3,70:9.7,80:13.1,90:16.4,100:19.6,110:22.7,120:25.6,130:28.4,140:31.0
ATGSeedDiag: seed=1@19,108/1@138,108 begin=7,108 block=5 clip=8
ATGLptDiag: best=4(21.3) imip=0/14 pass=10111 acc=-1 ipm=55.1,107.6 inv=23.4,82.1 | 2(2.5) imip=0/12 pass=10111 acc=-1 ipm=108.7,111.9 inv=129.3,91.4
ATGCircleBeginDiag: side=L reason=state rpts0=5 Lpt0=0 none_left=54 have_left=0 dist=1499 begin_dist=2828 enter_dist=0 enter_gyro=0
frame=249 line=1 track=1 cross=0 circle=1(CIRCLE_LEFT_BEGIN) round=0 yroad=0 ramp=0 road=6 speed=0 near=5/126 raw=170/106 sel=126/126 far=0/0 far_raw=0/0 l=0@-1/0@-1 far_l=0@-1/0@-1 straight=0/1 far_straight=0/0 circle_cnt=54/0/0/0 lost=0/0 conf=7.7/7.3/0.0/0.0 dist=1512 begin=2841/0 m0=(84,119) ml=(82,78) md=41/1/124 cxcy=84.0,119.6 guide=1.54 atg=0.0/0.0/0.0 pure=0.13/-0.08 yaw=-123 cmd=-279 actual=-45 signed=1 rps=4182/3418:4829/4487 duty=9/8 pwm=PWM2:9/PWM1:8 motor=2:9/1:8
ATGCorner: L=0@-1/0@-1 Y=0@-1/0@-1 farL=0@-1/0@-1 Lxy=-1.0,-1.0:-1.0,-1.0/-1.0,-1.0:-1.0,-1.0 Yxy=-1.0,-1.0:-1.0,-1.0/-1.0,-1.0:-1.0,-1.0 farLxy=-1.0,-1.0:-1.0,-1.0/-1.0,-1.0:-1.0,-1.0 best=1:57.9,113.9:20.9,98.3:7.7:10111/1:108.6,114.2:133.0,98.0:7.3:10111 seed_src=none/none seed=0.0,0.0/0.0,0.0 far_start=70,0 far_raw=0/0 far_num=0/0 straight=0/1 far_straight=0/0 conf_deg=7.7/7.3/0.0/0.0
CrossDiag: type=CROSS_NONE track=1 half_lr=0/0 nearL=0@-1/0@-1 nearNum=5/126 centerNum=5/126 farL=0@-1/0@-1 farNum=0/0 farRaw=0/0 lost=0/0 not_have=0 final=126/126 flags=0/0
LineErr: aim=41 cxcy=84.0,119.6 left=1:6.34@79,97 dx=-5.0 idx=0/4 dist=8/8 right=1:1.25@83,74 dx=-1.5 idx=0/18 dist=40/254 sel=1:1.23@83,73 dx=-1.5 idx=0/20 dist=40/250 edge=1:2.16@82.0,89.0 dx=-2.0 width=66.0 l=55,108 r=109,70
CxScan: raw_ref=80.0 edge=82.0,89.0 best_raw_x=75 best_err=0.12 best_cxcy=82.1,119.5 scan=0:-28.2,10:-24.9,20:-21.4,30:-17.8,40:-14.0,50:-10.0,60:-6.0,70:-1.9,80:2.2,90:6.2,100:10.2,110:14.1,120:17.8,130:21.4,140:24.9
ATGSeedDiag: seed=1@19,108/1@138,108 begin=7,108 block=5 clip=8
ATGLptDiag: best=1(7.7) imip=0/4 pass=10111 acc=-1 ipm=57.9,113.9 inv=20.9,98.3 | 1(7.3) imip=0/11 pass=10111 acc=-1 ipm=108.6,114.2 inv=133.0,98.0
ATGCircleBeginDiag: side=L reason=state rpts0=17 Lpt0=0 none_left=54 have_left=0 dist=1512 begin_dist=2841 enter_dist=0 enter_gyro=0
frame=250 line=1 track=1 cross=0 circle=1(CIRCLE_LEFT_BEGIN) round=0 yroad=0 ramp=0 road=6 speed=0 near=17/126 raw=58/106 sel=126/126 far=0/0 far_raw=0/0 l=0@-1/0@-1 far_l=0@-1/0@-1 straight=0/1 far_straight=0/0 circle_cnt=54/0/0/0 lost=0/0 conf=24.2/8.2/0.0/0.0 dist=1526 begin=2855/0 m0=(84,119) ml=(82,78) md=41/1/124 cxcy=84.0,119.6 guide=1.54 atg=0.0/0.0/0.0 pure=0.06/-0.11 yaw=-123 cmd=-282 actual=-44 signed=1 rps=4187/3413:5131/4700 duty=9/8 pwm=PWM2:9/PWM1:8 motor=2:9/1:8
ATGCorner: L=0@-1/0@-1 Y=0@-1/0@-1 farL=0@-1/0@-1 Lxy=-1.0,-1.0:-1.0,-1.0/-1.0,-1.0:-1.0,-1.0 Yxy=-1.0,-1.0:-1.0,-1.0/-1.0,-1.0:-1.0,-1.0 farLxy=-1.0,-1.0:-1.0,-1.0/-1.0,-1.0:-1.0,-1.0 best=4:54.8,107.6:22.7,82.2:24.2:10111/1:108.7,114.2:133.1,98.0:8.2:10111 seed_src=none/none seed=0.0,0.0/0.0,0.0 far_start=70,0 far_raw=0/0 far_num=0/0 straight=0/1 far_straight=0/0 conf_deg=24.2/8.2/0.0/0.0
CrossDiag: type=CROSS_NONE track=1 half_lr=0/0 nearL=0@-1/0@-1 nearNum=17/126 centerNum=17/126 farL=0@-1/0@-1 farNum=0/0 farRaw=0/0 lost=0/0 not_have=0 final=126/126 flags=0/0
LineErr: aim=41 cxcy=84.0,119.6 left=1:26.74@48,71 dx=-35.9 idx=0/15 dist=40/43 right=1:1.22@83,74 dx=-1.5 idx=0/18 dist=40/254 sel=1:1.20@83,73 dx=-1.5 idx=0/20 dist=40/250 edge=1:12.45@70.5,81.5 dx=-13.5 width=80.4 l=32,93 r=109,70
CxScan: raw_ref=80.0 edge=70.5,81.5 best_raw_x=45 best_err=0.09 best_cxcy=70.6,119.5 scan=0:-15.7,10:-12.3,20:-8.9,30:-5.3,40:-1.7,50:1.9,60:5.5,70:9.0,80:12.5,90:15.8,100:19.1,110:22.2,120:25.2,130:28.0,140:30.7
ATGSeedDiag: seed=1@18,108/1@138,108 begin=7,108 block=5 clip=8
ATGLptDiag: best=4(24.2) imip=0/14 pass=10111 acc=-1 ipm=54.8,107.6 inv=22.7,82.2 | 1(8.2) imip=0/11 pass=10111 acc=-1 ipm=108.7,114.2 inv=133.1,98.0
ATGCircleBeginDiag: side=L reason=state rpts0=16 Lpt0=0 none_left=54 have_left=0 dist=1526 begin_dist=2855 enter_dist=0 enter_gyro=0
ATGCircleBeginDiag: side=L reason=state rpts0=16 Lpt0=0 none_left=54 have_left=0 dist=1540 begin_dist=2869 enter_dist=0 enter_gyro=0
frame=252 line=1 track=1 cross=0 circle=1(CIRCLE_LEFT_BEGIN) round=0 yroad=0 ramp=0 road=6 speed=0 near=16/126 raw=54/106 sel=126/126 far=0/0 far_raw=0/0 l=0@-1/0@-1 far_l=0@-1/0@-1 straight=0/1 far_straight=0/0 circle_cnt=54/0/0/0 lost=0/0 conf=19.2/6.7/0.0/0.0 dist=1554 begin=2883/0 m0=(84,119) ml=(82,78) md=41/1/126 cxcy=84.0,119.6 guide=1.54 atg=0.0/0.0/0.0 pure=0.06/-0.11 yaw=-123 cmd=-326 actual=-22 signed=1 rps=4246/3354:5206/5015 duty=9/7 pwm=PWM2:9/PWM1:7 motor=2:9/1:7
ATGCorner: L=0@-1/0@-1 Y=0@-1/0@-1 farL=0@-1/0@-1 Lxy=-1.0,-1.0:-1.0,-1.0/-1.0,-1.0:-1.0,-1.0 Yxy=-1.0,-1.0:-1.0,-1.0/-1.0,-1.0:-1.0,-1.0 farLxy=-1.0,-1.0:-1.0,-1.0/-1.0,-1.0:-1.0,-1.0 best=3:55.1,109.8:20.6,87.3:19.2:10111/1:108.6,114.2:133.0,98.0:6.7:10111 seed_src=none/none seed=0.0,0.0/0.0,0.0 far_start=70,0 far_raw=0/0 far_num=0/0 straight=0/1 far_straight=0/0 conf_deg=19.2/6.7/0.0/0.0
CrossDiag: type=CROSS_NONE track=1 half_lr=0/0 nearL=0@-1/0@-1 nearNum=16/126 centerNum=16/126 farL=0@-1/0@-1 farNum=0/0 farRaw=0/0 lost=0/0 not_have=0 final=126/126 flags=0/0
LineErr: aim=41 cxcy=84.0,119.6 left=1:27.95@47,72 dx=-37.5 idx=0/15 dist=40/40 right=1:1.23@83,74 dx=-1.5 idx=0/18 dist=40/254 sel=1:1.20@83,73 dx=-1.5 idx=0/20 dist=40/250 edge=1:12.10@71.0,82.0 dx=-13.0 width=79.7 l=33,94 r=109,70
CxScan: raw_ref=80.0 edge=71.0,82.0 best_raw_x=45 best_err=-0.38 best_cxcy=70.6,119.5 scan=0:-16.3,10:-12.9,20:-9.4,30:-5.8,40:-2.2,50:1.4,60:5.0,70:8.6,80:12.1,90:15.5,100:18.8,110:21.9,120:25.0,130:27.8,140:30.6
ATGSeedDiag: seed=1@18,108/1@138,108 begin=7,108 block=5 clip=8
ATGLptDiag: best=3(19.2) imip=0/13 pass=10111 acc=-1 ipm=55.1,109.8 inv=20.6,87.3 | 1(6.7) imip=0/11 pass=10111 acc=-1 ipm=108.6,114.2 inv=133.0,98.0
ATGCircleBeginDiag: side=L reason=state rpts0=15 Lpt0=0 none_left=54 have_left=0 dist=1554 begin_dist=2883 enter_dist=0 enter_gyro=0
frame=253 line=1 track=1 cross=0 circle=1(CIRCLE_LEFT_BEGIN) round=0 yroad=0 ramp=0 road=6 speed=0 near=15/127 raw=50/107 sel=127/126 far=0/0 far_raw=0/0 l=0@-1/0@-1 far_l=0@-1/0@-1 straight=0/1 far_straight=0/0 circle_cnt=54/0/0/0 lost=0/0 conf=20.5/3.4/0.0/0.0 dist=1568 begin=2897/0 m0=(84,119) ml=(82,78) md=41/1/127 cxcy=84.0,119.6 guide=1.54 atg=0.0/0.0/0.0 pure=0.06/-0.09 yaw=-123 cmd=-341 actual=-14 signed=1 rps=4268/3332:5304/5300 duty=9/7 pwm=PWM2:9/PWM1:7 motor=2:9/1:7
ATGCorner: L=0@-1/0@-1 Y=0@-1/0@-1 farL=0@-1/0@-1 Lxy=-1.0,-1.0:-1.0,-1.0/-1.0,-1.0:-1.0,-1.0 Yxy=-1.0,-1.0:-1.0,-1.0/-1.0,-1.0:-1.0,-1.0 farLxy=-1.0,-1.0:-1.0,-1.0/-1.0,-1.0:-1.0,-1.0 best=3:55.0,109.9:20.3,87.4:20.5:10111/8:107.8,98.0:112.5,64.4:3.4:10111 seed_src=none/none seed=0.0,0.0/0.0,0.0 far_start=70,0 far_raw=0/0 far_num=0/0 straight=0/1 far_straight=0/0 conf_deg=20.5/3.4/0.0/0.0
CrossDiag: type=CROSS_NONE track=1 half_lr=0/0 nearL=0@-1/0@-1 nearNum=15/127 centerNum=15/127 farL=0@-1/0@-1 farNum=0/0 farRaw=0/0 lost=0/0 not_have=0 final=127/126 flags=0/0
LineErr: aim=41 cxcy=84.0,119.6 left=1:26.94@49,74 dx=-34.9 idx=0/14 dist=35/35 right=1:1.22@83,74 dx=-1.5 idx=0/18 dist=40/256 sel=1:1.20@83,73 dx=-1.5 idx=0/20 dist=40/250 edge=1:11.74@71.5,82.5 dx=-12.5 width=79.1 l=34,95 r=109,70
CxScan: raw_ref=80.0 edge=71.5,82.5 best_raw_x=45 best_err=-0.86 best_cxcy=70.6,119.5 scan=0:-16.9,10:-13.4,20:-9.9,30:-6.3,40:-2.7,50:1.0,60:4.6,70:8.2,80:11.7,90:15.2,100:18.5,110:21.7,120:24.8,130:27.7,140:30.4
ATGSeedDiag: seed=1@17,108/1@138,108 begin=7,108 block=5 clip=8
ATGLptDiag: best=3(20.5) imip=0/13 pass=10111 acc=-1 ipm=55.0,109.9 inv=20.3,87.4 | 8(3.4) imip=0/18 pass=10111 acc=-1 ipm=107.8,98.0 inv=112.5,64.4
ATGCircleBeginDiag: side=L reason=state rpts0=14 Lpt0=0 none_left=54 have_left=0 dist=1568 begin_dist=2897 enter_dist=0 enter_gyro=0
frame=254 line=1 track=1 cross=0 circle=1(CIRCLE_LEFT_BEGIN) round=0 yroad=0 ramp=0 road=6 speed=0 near=14/126 raw=51/106 sel=126/126 far=0/0 far_raw=0/0 l=0@-1/0@-1 far_l=0@-1/0@-1 straight=0/1 far_straight=0/0 circle_cnt=54/0/0/0 lost=0/0 conf=28.3/3.5/0.0/0.0 dist=1582 begin=2911/0 m0=(84,119) ml=(82,78) md=41/1/127 cxcy=84.0,119.6 guide=1.80 atg=0.0/0.0/0.0 pure=0.14/-0.05 yaw=-144 cmd=-406 actual=-13 signed=1 rps=4356/3244:4985/5024 duty=9/7 pwm=PWM2:9/PWM1:7 motor=2:9/1:7
ATGCorner: L=0@-1/0@-1 Y=0@-1/0@-1 farL=0@-1/0@-1 Lxy=-1.0,-1.0:-1.0,-1.0/-1.0,-1.0:-1.0,-1.0 Yxy=-1.0,-1.0:-1.0,-1.0/-1.0,-1.0:-1.0,-1.0 farLxy=-1.0,-1.0:-1.0,-1.0/-1.0,-1.0:-1.0,-1.0 best=3:54.6,109.9:19.4,87.5:28.3:10111/2:108.1,111.9:128.1,91.4:3.5:10111 seed_src=none/none seed=0.0,0.0/0.0,0.0 far_start=70,0 far_raw=0/0 far_num=0/0 straight=0/1 far_straight=0/0 conf_deg=28.3/3.5/0.0/0.0
CrossDiag: type=CROSS_NONE track=1 half_lr=0/0 nearL=0@-1/0@-1 nearNum=14/126 centerNum=14/126 farL=0@-1/0@-1 farNum=0/0 farRaw=0/0 lost=0/0 not_have=0 final=126/126 flags=0/0
LineErr: aim=41 cxcy=84.0,119.6 left=1:26.18@51,75 dx=-33.2 idx=0/13 dist=32/32 right=1:1.55@82,74 dx=-1.9 idx=0/18 dist=40/254 sel=1:1.54@82,74 dx=-1.9 idx=0/20 dist=40/250 edge=1:11.47@72.0,83.5 dx=-12.0 width=76.9 l=36,97 r=108,70
CxScan: raw_ref=80.0 edge=72.0,83.5 best_raw_x=50 best_err=0.50 best_cxcy=72.5,119.5 scan=0:-17.6,10:-14.1,20:-10.6,30:-6.9,40:-3.2,50:0.5,60:4.2,70:7.9,80:11.5,90:15.0,100:18.4,110:21.6,120:24.7,130:27.7,140:30.5
ATGSeedDiag: seed=1@17,108/1@137,108 begin=7,108 block=5 clip=8
ATGLptDiag: best=3(28.3) imip=0/13 pass=10111 acc=-1 ipm=54.6,109.9 inv=19.4,87.5 | 2(3.5) imip=0/12 pass=10111 acc=-1 ipm=108.1,111.9 inv=128.1,91.4
ATGCircleBeginDiag: side=L reason=state rpts0=14 Lpt0=0 none_left=54 have_left=0 dist=1582 begin_dist=2911 enter_dist=0 enter_gyro=0
frame=255 line=1 track=1 cross=0 circle=1(CIRCLE_LEFT_BEGIN) round=0 yroad=0 ramp=0 road=6 speed=0 near=14/126 raw=51/106 sel=126/126 far=0/0 far_raw=0/0 l=0@-1/0@-1 far_l=0@-1/0@-1 straight=0/1 far_straight=0/0 circle_cnt=54/0/0/0 lost=0/0 conf=20.4/3.1/0.0/0.0 dist=1596 begin=2925/0 m0=(84,119) ml=(82,78) md=41/1/124 cxcy=84.0,119.6 guide=1.54 atg=0.0/0.0/0.0 pure=0.06/-0.11 yaw=-123 cmd=-356 actual=-7 signed=1 rps=4288/3312:5163/5213 duty=9/7 pwm=PWM2:9/PWM1:7 motor=2:9/1:7
ATGCorner: L=0@-1/0@-1 Y=0@-1/0@-1 farL=0@-1/0@-1 Lxy=-1.0,-1.0:-1.0,-1.0/-1.0,-1.0:-1.0,-1.0 Yxy=-1.0,-1.0:-1.0,-1.0/-1.0,-1.0:-1.0,-1.0 farLxy=-1.0,-1.0:-1.0,-1.0/-1.0,-1.0:-1.0,-1.0 best=2:55.3,111.9:18.2,92.7:20.4:10111/2:108.1,111.9:128.1,91.4:3.1:10111 seed_src=none/none seed=0.0,0.0/0.0,0.0 far_start=70,0 far_raw=0/0 far_num=0/0 straight=0/1 far_straight=0/0 conf_deg=20.4/3.1/0.0/0.0
CrossDiag: type=CROSS_NONE track=1 half_lr=0/0 nearL=0@-1/0@-1 nearNum=14/126 centerNum=14/126 farL=0@-1/0@-1 farNum=0/0 farRaw=0/0 lost=0/0 not_have=0 final=126/126 flags=0/0
LineErr: aim=41 cxcy=84.0,119.6 left=1:26.58@50,76 dx=-33.5 idx=0/13 dist=32/32 right=1:1.22@83,74 dx=-1.5 idx=0/18 dist=40/254 sel=1:1.21@83,73 dx=-1.5 idx=0/20 dist=40/250 edge=1:11.47@72.0,83.5 dx=-12.0 width=78.8 l=35,97 r=109,70
CxScan: raw_ref=80.0 edge=72.0,83.5 best_raw_x=50 best_err=0.50 best_cxcy=72.5,119.5 scan=0:-17.6,10:-14.1,20:-10.6,30:-6.9,40:-3.2,50:0.5,60:4.2,70:7.9,80:11.5,90:15.0,100:18.4,110:21.6,120:24.7,130:27.7,140:30.5
ATGSeedDiag: seed=1@16,108/1@138,108 begin=7,108 block=5 clip=8
ATGLptDiag: best=2(20.4) imip=0/12 pass=10111 acc=-1 ipm=55.3,111.9 inv=18.2,92.7 | 2(3.1) imip=0/12 pass=10111 acc=-1 ipm=108.1,111.9 inv=128.1,91.4
ATGCircleBeginDiag: side=L reason=state rpts0=13 Lpt0=0 none_left=54 have_left=0 dist=1596 begin_dist=2925 enter_dist=0 enter_gyro=0
frame=256 line=1 track=1 cross=0 circle=1(CIRCLE_LEFT_BEGIN) round=0 yroad=0 ramp=0 road=6 speed=0 near=13/124 raw=50/105 sel=124/125 far=0/0 far_raw=0/0 l=0@-1/0@-1 far_l=0@-1/0@-1 straight=0/1 far_straight=0/0 circle_cnt=54/0/0/0 lost=0/0 conf=26.1/3.3/0.0/0.0 dist=1609 begin=2938/0 m0=(84,119) ml=(82,78) md=41/1/125 cxcy=84.0,119.6 guide=1.54 atg=0.0/0.0/0.0 pure=0.06/-0.11 yaw=-124 cmd=-365 actual=-3 signed=1 rps=4300/3300:4738/4912 duty=9/7 pwm=PWM2:9/PWM1:7 motor=2:9/1:7
ATGCorner: L=0@-1/0@-1 Y=0@-1/0@-1 farL=0@-1/0@-1 Lxy=-1.0,-1.0:-1.0,-1.0/-1.0,-1.0:-1.0,-1.0 Yxy=-1.0,-1.0:-1.0,-1.0/-1.0,-1.0:-1.0,-1.0 farLxy=-1.0,-1.0:-1.0,-1.0/-1.0,-1.0:-1.0,-1.0 best=2:55.1,112.0:17.7,92.8:26.1:10111/1:108.2,114.2:132.0,97.9:3.3:10111 seed_src=none/none seed=0.0,0.0/0.0,0.0 far_start=70,0 far_raw=0/0 far_num=0/0 straight=0/1 far_straight=0/0 conf_deg=26.1/3.3/0.0/0.0
CrossDiag: type=CROSS_NONE track=1 half_lr=0/0 nearL=0@-1/0@-1 nearNum=13/124 centerNum=13/124 farL=0@-1/0@-1 farNum=0/0 farRaw=0/0 lost=0/0 not_have=0 final=124/125 flags=0/0
LineErr: aim=41 cxcy=84.0,119.6 left=1:25.72@52,77 dx=-31.5 idx=0/12 dist=28/28 right=1:1.23@83,74 dx=-1.5 idx=0/18 dist=40/250 sel=1:1.21@83,74 dx=-1.5 idx=0/20 dist=40/248 edge=1:10.63@73.0,84.0 dx=-11.0 width=77.3 l=37,98 r=109,70
CxScan: raw_ref=80.0 edge=73.0,84.0 best_raw_x=50 best_err=-0.47 best_cxcy=72.5,119.5 scan=0:-18.6,10:-15.2,20:-11.6,30:-7.9,40:-4.2,50:-0.5,60:3.3,70:7.0,80:10.6,90:14.2,100:17.6,110:20.9,120:24.1,130:27.1,140:30.0
ATGSeedDiag: seed=1@16,108/1@138,108 begin=7,108 block=5 clip=8
ATGLptDiag: best=2(26.1) imip=0/12 pass=10111 acc=-1 ipm=55.1,112.0 inv=17.7,92.8 | 1(3.3) imip=0/11 pass=10111 acc=-1 ipm=108.2,114.2 inv=132.0,97.9
ATGCircleBeginDiag: side=L reason=state rpts0=12 Lpt0=0 none_left=54 have_left=0 dist=1609 begin_dist=2938 enter_dist=0 enter_gyro=0
ATGCircleBeginDiag: side=L reason=state rpts0=12 Lpt0=0 none_left=54 have_left=0 dist=1622 begin_dist=2951 enter_dist=0 enter_gyro=0
frame=258 line=1 track=1 cross=0 circle=1(CIRCLE_LEFT_BEGIN) round=0 yroad=0 ramp=0 road=6 speed=0 near=12/126 raw=46/106 sel=126/126 far=0/0 far_raw=0/0 l=0@-1/0@-1 far_l=0@-1/0@-1 straight=0/1 far_straight=0/0 circle_cnt=54/0/0/0 lost=0/0 conf=20.4/4.3/0.0/0.0 dist=1635 begin=2964/0 m0=(84,119) ml=(82,78) md=41/1/124 cxcy=84.0,119.6 guide=1.54 atg=0.0/0.0/0.0 pure=0.06/-0.11 yaw=-124 cmd=-345 actual=-13 signed=1 rps=4272/3328:4778/5142 duty=9/7 pwm=PWM2:9/PWM1:7 motor=2:9/1:7
ATGCorner: L=0@-1/0@-1 Y=0@-1/0@-1 farL=0@-1/0@-1 Lxy=-1.0,-1.0:-1.0,-1.0/-1.0,-1.0:-1.0,-1.0 Yxy=-1.0,-1.0:-1.0,-1.0/-1.0,-1.0:-1.0,-1.0 farLxy=-1.0,-1.0:-1.0,-1.0/-1.0,-1.0:-1.0,-1.0 best=2:54.2,112.2:15.4,93.5:20.4:10111/1:108.1,114.2:131.8,97.9:4.3:10111 seed_src=none/none seed=0.0,0.0/0.0,0.0 far_start=70,0 far_raw=0/0 far_num=0/0 straight=0/1 far_straight=0/0 conf_deg=20.4/4.3/0.0/0.0
CrossDiag: type=CROSS_NONE track=1 half_lr=0/0 nearL=0@-1/0@-1 nearNum=12/126 centerNum=12/126 farL=0@-1/0@-1 farNum=0/0 farRaw=0/0 lost=0/0 not_have=0 final=126/126 flags=0/0
LineErr: aim=41 cxcy=84.0,119.6 left=1:25.52@54,80 dx=-30.2 idx=0/11 dist=24/24 right=1:1.23@83,74 dx=-1.5 idx=0/18 dist=40/254 sel=1:1.21@83,74 dx=-1.5 idx=0/20 dist=40/250 edge=1:10.33@73.5,85.0 dx=-10.5 width=77.1 l=38,100 r=109,70
CxScan: raw_ref=80.0 edge=73.5,85.0 best_raw_x=55 best_err=0.93 best_cxcy=74.4,119.5 scan=0:-19.4,10:-15.9,20:-12.3,30:-8.6,40:-4.8,50:-1.0,60:2.8,70:6.6,80:10.3,90:14.0,100:17.5,110:20.8,120:24.1,130:27.1,140:30.0
ATGSeedDiag: seed=1@15,108/1@138,108 begin=7,108 block=5 clip=8
ATGLptDiag: best=2(20.4) imip=0/11 pass=10111 acc=-1 ipm=54.2,112.2 inv=15.4,93.5 | 1(4.3) imip=0/11 pass=10111 acc=-1 ipm=108.1,114.2 inv=131.8,97.9
ATGCircleBeginDiag: side=L reason=state rpts0=2 Lpt0=0 none_left=54 have_left=0 dist=1635 begin_dist=2964 enter_dist=0 enter_gyro=0
frame=259 line=1 track=1 cross=0 circle=1(CIRCLE_LEFT_BEGIN) round=0 yroad=0 ramp=0 road=6 speed=0 near=2/126 raw=170/107 sel=126/126 far=0/0 far_raw=0/0 l=0@-1/0@-1 far_l=0@-1/0@-1 straight=0/1 far_straight=0/0 circle_cnt=54/0/0/0 lost=0/0 conf=0.0/1.9/0.0/0.0 dist=1648 begin=2977/0 m0=(84,119) ml=(82,78) md=41/1/126 cxcy=84.0,119.6 guide=1.55 atg=0.0/0.0/0.0 pure=0.06/-0.11 yaw=-124 cmd=-331 actual=-20 signed=1 rps=4253/3347:4546/4741 duty=9/7 pwm=PWM2:9/PWM1:7 motor=2:9/1:7
ATGCorner: L=0@-1/0@-1 Y=0@-1/0@-1 farL=0@-1/0@-1 Lxy=-1.0,-1.0:-1.0,-1.0/-1.0,-1.0:-1.0,-1.0 Yxy=-1.0,-1.0:-1.0,-1.0/-1.0,-1.0:-1.0,-1.0 farLxy=-1.0,-1.0:-1.0,-1.0/-1.0,-1.0:-1.0,-1.0 best=-1:-1.0,-1.0:-1.0,-1.0:-57295.8:00000/1:108.0,114.5:132.1,98.8:1.9:10111 seed_src=none/none seed=0.0,0.0/0.0,0.0 far_start=70,0 far_raw=0/0 far_num=0/0 straight=0/1 far_straight=0/0 conf_deg=0.0/1.9/0.0/0.0
CrossDiag: type=CROSS_NONE track=1 half_lr=0/0 nearL=0@-1/0@-1 nearNum=2/126 centerNum=2/126 farL=0@-1/0@-1 farNum=0/0 farRaw=0/0 lost=0/0 not_have=0 final=126/126 flags=0/0
LineErr: aim=41 cxcy=84.0,119.6 left=1:6.54@80,104 dx=-4.4 idx=0/1 dist=2/2 right=1:1.24@83,74 dx=-1.5 idx=0/18 dist=40/254 sel=1:1.21@83,74 dx=-1.5 idx=0/20 dist=40/250 edge=1:2.28@82.0,92.0 dx=-2.0 width=69.7 l=55,114 r=109,70
CxScan: raw_ref=80.0 edge=82.0,92.0 best_raw_x=75 best_err=0.12 best_cxcy=82.1,119.5 scan=0:-29.6,10:-26.2,20:-22.6,30:-18.7,40:-14.7,50:-10.6,60:-6.4,70:-2.0,80:2.3,90:6.6,100:10.8,110:14.9,120:18.8,130:22.6,140:26.1
ATGSeedDiag: seed=1@14,108/1@138,108 begin=7,108 block=5 clip=8
ATGLptDiag: best=-1(-57295.8) imip=-1/-1 pass=00000 acc=-1 ipm=-1.0,-1.0 inv=-1.0,-1.0 | 1(1.9) imip=0/11 pass=10111 acc=-1 ipm=108.0,114.5 inv=132.1,98.8
ATGCircleBeginDiag: side=L reason=state rpts0=10 Lpt0=0 none_left=54 have_left=0 dist=1648 begin_dist=2977 enter_dist=0 enter_gyro=0
frame=260 line=1 track=1 cross=0 circle=1(CIRCLE_LEFT_BEGIN) round=0 yroad=0 ramp=0 road=6 speed=0 near=10/127 raw=42/107 sel=127/126 far=0/0 far_raw=0/0 l=0@-1/0@-1 far_l=0@-1/0@-1 straight=0/1 far_straight=0/0 circle_cnt=54/0/0/0 lost=0/0 conf=27.7/2.5/0.0/0.0 dist=1661 begin=2990/0 m0=(84,119) ml=(82,78) md=41/1/127 cxcy=84.0,119.6 guide=1.55 atg=0.0/0.0/0.0 pure=0.06/-0.11 yaw=-124 cmd=-319 actual=-26 signed=1 rps=4237/3363:4852/4751 duty=9/8 pwm=PWM2:9/PWM1:8 motor=2:9/1:8
ATGCorner: L=0@-1/0@-1 Y=0@-1/0@-1 farL=0@-1/0@-1 Lxy=-1.0,-1.0:-1.0,-1.0/-1.0,-1.0:-1.0,-1.0 Yxy=-1.0,-1.0:-1.0,-1.0/-1.0,-1.0:-1.0,-1.0 farLxy=-1.0,-1.0:-1.0,-1.0/-1.0,-1.0:-1.0,-1.0 best=1:55.1,114.0:14.7,98.6:27.7:10111/1:107.9,114.2:131.3,97.9:2.5:10111 seed_src=none/none seed=0.0,0.0/0.0,0.0 far_start=70,0 far_raw=0/0 far_num=0/0 straight=0/1 far_straight=0/0 conf_deg=27.7/2.5/0.0/0.0
CrossDiag: type=CROSS_NONE track=1 half_lr=0/0 nearL=0@-1/0@-1 nearNum=10/127 centerNum=10/127 farL=0@-1/0@-1 farNum=0/0 farRaw=0/0 lost=0/0 not_have=0 final=127/126 flags=0/0
LineErr: aim=41 cxcy=84.0,119.6 left=1:23.77@58,83 dx=-26.3 idx=0/9 dist=18/18 right=1:1.22@83,74 dx=-1.5 idx=0/18 dist=40/256 sel=1:1.21@83,74 dx=-1.5 idx=0/20 dist=40/250 edge=1:9.11@75.0,86.5 dx=-9.0 width=75.6 l=41,103 r=109,70
CxScan: raw_ref=80.0 edge=75.0,86.5 best_raw_x=55 best_err=-0.58 best_cxcy=74.4,119.5 scan=0:-21.2,10:-17.7,20:-14.0,30:-10.3,40:-6.4,50:-2.5,60:1.4,70:5.3,80:9.1,90:12.9,100:16.5,110:20.0,120:23.4,130:26.5,140:29.6
ATGSeedDiag: seed=1@13,108/1@137,108 begin=7,108 block=5 clip=8
ATGLptDiag: best=1(27.7) imip=0/9 pass=10111 acc=-1 ipm=55.1,114.0 inv=14.7,98.6 | 1(2.5) imip=0/11 pass=10111 acc=-1 ipm=107.9,114.2 inv=131.3,97.9
ATGCircleBeginDiag: side=L reason=state rpts0=10 Lpt0=0 none_left=54 have_left=0 dist=1661 begin_dist=2990 enter_dist=0 enter_gyro=0
frame=261 line=1 track=1 cross=0 circle=1(CIRCLE_LEFT_BEGIN) round=0 yroad=0 ramp=0 road=6 speed=0 near=10/127 raw=43/107 sel=127/126 far=0/0 far_raw=0/0 l=0@-1/0@-1 far_l=0@-1/0@-1 straight=0/1 far_straight=0/0 circle_cnt=54/0/0/0 lost=0/0 conf=24.1/2.5/0.0/0.0 dist=1674 begin=3003/0 m0=(84,119) ml=(82,78) md=41/1/127 cxcy=84.0,119.6 guide=1.55 atg=0.0/0.0/0.0 pure=0.06/-0.11 yaw=-124 cmd=-319 actual=-26 signed=1 rps=4237/3363:4786/4491 duty=9/8 pwm=PWM2:9/PWM1:8 motor=2:9/1:8
ATGCorner: L=0@-1/0@-1 Y=0@-1/0@-1 farL=0@-1/0@-1 Lxy=-1.0,-1.0:-1.0,-1.0/-1.0,-1.0:-1.0,-1.0 Yxy=-1.0,-1.0:-1.0,-1.0/-1.0,-1.0:-1.0,-1.0 farLxy=-1.0,-1.0:-1.0,-1.0/-1.0,-1.0:-1.0,-1.0 best=1:54.8,114.1:13.9,98.8:24.1:10111/13:108.1,86.4:105.2,50.9:2.5:10111 seed_src=none/none seed=0.0,0.0/0.0,0.0 far_start=70,0 far_raw=0/0 far_num=0/0 straight=0/1 far_straight=0/0 conf_deg=24.1/2.5/0.0/0.0
CrossDiag: type=CROSS_NONE track=1 half_lr=0/0 nearL=0@-1/0@-1 nearNum=10/127 centerNum=10/127 farL=0@-1/0@-1 farNum=0/0 farRaw=0/0 lost=0/0 not_have=0 final=127/126 flags=0/0
LineErr: aim=41 cxcy=84.0,119.6 left=1:24.24@57,83 dx=-27.0 idx=0/9 dist=18/18 right=1:1.22@83,74 dx=-1.5 idx=0/18 dist=40/256 sel=1:1.21@83,74 dx=-1.5 idx=0/20 dist=40/250 edge=1:9.61@74.5,86.5 dx=-9.5 width=76.5 l=40,103 r=109,70
CxScan: raw_ref=80.0 edge=74.5,86.5 best_raw_x=55 best_err=-0.07 best_cxcy=74.4,119.5 scan=0:-20.7,10:-17.2,20:-13.5,30:-9.8,40:-5.9,50:-2.0,60:1.9,70:5.8,80:9.6,90:13.4,100:17.0,110:20.5,120:23.8,130:26.9,140:29.9
ATGSeedDiag: seed=1@13,108/1@137,108 begin=7,108 block=5 clip=8
ATGLptDiag: best=1(24.1) imip=0/9 pass=10111 acc=-1 ipm=54.8,114.1 inv=13.9,98.8 | 13(2.5) imip=3/23 pass=10111 acc=-1 ipm=108.1,86.4 inv=105.2,50.9
ATGCircleBeginDiag: side=L reason=state rpts0=9 Lpt0=0 none_left=54 have_left=0 dist=1674 begin_dist=3003 enter_dist=0 enter_gyro=0
frame=262 line=1 track=1 cross=0 circle=1(CIRCLE_LEFT_BEGIN) round=0 yroad=0 ramp=0 road=6 speed=0 near=9/127 raw=41/107 sel=127/126 far=0/0 far_raw=0/0 l=0@-1/0@-1 far_l=0@-1/0@-1 straight=0/1 far_straight=0/0 circle_cnt=54/0/0/0 lost=0/0 conf=15.6/1.3/0.0/0.0 dist=1688 begin=3017/0 m0=(84,119) ml=(82,78) md=41/1/129 cxcy=84.0,119.6 guide=1.55 atg=0.0/0.0/0.0 pure=0.09/-0.11 yaw=-124 cmd=-325 actual=-23 signed=1 rps=4246/3354:5124/4702 duty=9/8 pwm=PWM2:9/PWM1:8 motor=2:9/1:8
ATGCorner: L=0@-1/0@-1 Y=0@-1/0@-1 farL=0@-1/0@-1 Lxy=-1.0,-1.0:-1.0,-1.0/-1.0,-1.0:-1.0,-1.0 Yxy=-1.0,-1.0:-1.0,-1.0/-1.0,-1.0:-1.0,-1.0 farLxy=-1.0,-1.0:-1.0,-1.0/-1.0,-1.0:-1.0,-1.0 best=1:54.2,114.2:12.1,99.3:15.6:10111/1:107.8,114.2:131.2,97.9:1.3:10111 seed_src=none/none seed=0.0,0.0/0.0,0.0 far_start=70,0 far_raw=0/0 far_num=0/0 straight=0/1 far_straight=0/0 conf_deg=15.6/1.3/0.0/0.0
CrossDiag: type=CROSS_NONE track=1 half_lr=0/0 nearL=0@-1/0@-1 nearNum=9/127 centerNum=9/127 farL=0@-1/0@-1 farNum=0/0 farRaw=0/0 lost=0/0 not_have=0 final=127/126 flags=0/0
LineErr: aim=41 cxcy=84.0,119.6 left=1:23.71@58,84 dx=-25.7 idx=0/8 dist=16/16 right=1:1.22@83,74 dx=-1.5 idx=0/18 dist=40/256 sel=1:1.21@83,74 dx=-1.5 idx=0/20 dist=40/250 edge=1:9.19@75.0,87.0 dx=-9.0 width=76.0 l=41,104 r=109,70
CxScan: raw_ref=80.0 edge=75.0,87.0 best_raw_x=55 best_err=-0.58 best_cxcy=74.4,119.5 scan=0:-21.4,10:-17.8,20:-14.1,30:-10.4,40:-6.5,50:-2.6,60:1.4,70:5.3,80:9.2,90:13.0,100:16.6,110:20.2,120:23.5,130:26.7,140:29.8
ATGSeedDiag: seed=1@12,108/1@137,108 begin=7,108 block=5 clip=8
ATGLptDiag: best=1(15.6) imip=0/8 pass=10111 acc=-1 ipm=54.2,114.2 inv=12.1,99.3 | 1(1.3) imip=0/11 pass=10111 acc=-1 ipm=107.8,114.2 inv=131.2,97.9
ATGCircleBeginDiag: side=L reason=state rpts0=8 Lpt0=0 none_left=54 have_left=0 dist=1688 begin_dist=3017 enter_dist=0 enter_gyro=0
frame=263 line=1 track=1 cross=0 circle=1(CIRCLE_LEFT_BEGIN) round=0 yroad=0 ramp=0 road=6 speed=0 near=8/127 raw=39/108 sel=127/124 far=0/0 far_raw=0/0 l=0@-1/0@-1 far_l=0@-1/0@-1 straight=0/1 far_straight=0/0 circle_cnt=54/0/0/0 lost=0/0 conf=8.0/1.6/0.0/0.0 dist=1702 begin=3031/0 m0=(84,119) ml=(82,78) md=41/1/133 cxcy=84.0,119.6 guide=1.55 atg=0.0/0.0/0.0 pure=0.10/-0.05 yaw=-124 cmd=-326 actual=-23 signed=1 rps=4247/3353:4990/4630 duty=9/8 pwm=PWM2:9/PWM1:8 motor=2:9/1:8
ATGCorner: L=0@-1/0@-1 Y=0@-1/0@-1 farL=0@-1/0@-1 Lxy=-1.0,-1.0:-1.0,-1.0/-1.0,-1.0:-1.0,-1.0 Yxy=-1.0,-1.0:-1.0,-1.0/-1.0,-1.0:-1.0,-1.0 farLxy=-1.0,-1.0:-1.0,-1.0/-1.0,-1.0:-1.0,-1.0 best=5:46.9,108.3:6.7,84.0:8.0:10111/11:107.9,91.0:107.6,55.7:1.6:10111 seed_src=none/none seed=0.0,0.0/0.0,0.0 far_start=70,0 far_raw=0/0 far_num=0/0 straight=0/1 far_straight=0/0 conf_deg=8.0/1.6/0.0/0.0
CrossDiag: type=CROSS_NONE track=1 half_lr=0/0 nearL=0@-1/0@-1 nearNum=8/127 centerNum=8/127 farL=0@-1/0@-1 farNum=0/0 farRaw=0/0 lost=0/0 not_have=0 final=127/124 flags=0/0
LineErr: aim=41 cxcy=84.0,119.6 left=1:22.94@60,86 dx=-24.1 idx=0/7 dist=14/14 right=1:1.23@83,74 dx=-1.5 idx=0/18 dist=40/256 sel=1:1.21@83,74 dx=-1.5 idx=0/20 dist=40/246 edge=1:8.34@76.0,88.0 dx=-8.0 width=75.2 l=43,106 r=109,70
CxScan: raw_ref=80.0 edge=76.0,88.0 best_raw_x=60 best_err=0.37 best_cxcy=76.4,119.5 scan=0:-22.6,10:-19.1,20:-15.4,30:-11.6,40:-7.6,50:-3.6,60:0.4,70:4.4,80:8.3,90:12.2,100:16.0,110:19.6,120:23.0,130:26.3,140:29.4
ATGSeedDiag: seed=1@11,108/1@137,108 begin=7,108 block=5 clip=8
ATGLptDiag: best=5(8.0) imip=0/7 pass=10111 acc=-1 ipm=46.9,108.3 inv=6.7,84.0 | 11(1.6) imip=1/21 pass=10111 acc=-1 ipm=107.9,91.0 inv=107.6,55.7
ATGCircleBeginDiag: side=L reason=state rpts0=7 Lpt0=0 none_left=54 have_left=0 dist=1702 begin_dist=3031 enter_dist=0 enter_gyro=0
frame=264 line=1 track=1 cross=0 circle=1(CIRCLE_LEFT_BEGIN) round=0 yroad=0 ramp=0 road=6 speed=0 near=7/127 raw=35/109 sel=127/124 far=0/0 far_raw=0/0 l=0@-1/0@-1 far_l=0@-1/0@-1 straight=0/1 far_straight=0/0 circle_cnt=54/0/0/0 lost=0/0 conf=6.9/1.9/0.0/0.0 dist=1716 begin=3045/0 m0=(84,119) ml=(82,78) md=41/1/132 cxcy=84.0,119.6 guide=1.55 atg=0.0/0.0/0.0 pure=0.06/-0.11 yaw=-124 cmd=-337 actual=-17 signed=1 rps=4262/3338:5211/5000 duty=9/7 pwm=PWM2:9/PWM1:7 motor=2:9/1:7
ATGCorner: L=0@-1/0@-1 Y=0@-1/0@-1 farL=0@-1/0@-1 Lxy=-1.0,-1.0:-1.0,-1.0/-1.0,-1.0:-1.0,-1.0 Yxy=-1.0,-1.0:-1.0,-1.0/-1.0,-1.0:-1.0,-1.0 farLxy=-1.0,-1.0:-1.0,-1.0/-1.0,-1.0:-1.0,-1.0 best=4:47.9,109.6:6.6,86.9:6.9:10111/1:107.8,114.5:131.7,98.8:1.9:10111 seed_src=none/none seed=0.0,0.0/0.0,0.0 far_start=70,0 far_raw=0/0 far_num=0/0 straight=0/1 far_straight=0/0 conf_deg=6.9/1.9/0.0/0.0
CrossDiag: type=CROSS_NONE track=1 half_lr=0/0 nearL=0@-1/0@-1 nearNum=7/127 centerNum=7/127 farL=0@-1/0@-1 farNum=0/0 farRaw=0/0 lost=0/0 not_have=0 final=127/124 flags=0/0
LineErr: aim=41 cxcy=84.0,119.6 left=1:22.58@61,87 dx=-23.2 idx=0/6 dist=12/12 right=1:1.24@83,74 dx=-1.5 idx=0/18 dist=40/256 sel=1:1.21@83,74 dx=-1.5 idx=0/20 dist=40/246 edge=1:7.90@76.5,88.5 dx=-7.5 width=74.8 l=44,107 r=109,70
CxScan: raw_ref=80.0 edge=76.5,88.5 best_raw_x=60 best_err=-0.15 best_cxcy=76.4,119.5 scan=0:-23.2,10:-19.7,20:-16.0,30:-12.2,40:-8.2,50:-4.2,60:-0.2,70:3.9,80:7.9,90:11.8,100:15.6,110:19.3,120:22.8,130:26.1,140:29.3
ATGSeedDiag: seed=1@12,107/1@137,108 begin=7,108 block=5 clip=8
ATGLptDiag: best=4(6.9) imip=0/6 pass=10111 acc=-1 ipm=47.9,109.6 inv=6.6,86.9 | 1(1.9) imip=0/11 pass=10111 acc=-1 ipm=107.8,114.5 inv=131.7,98.8
ATGCircleBeginDiag: side=L reason=state rpts0=6 Lpt0=0 none_left=54 have_left=0 dist=1716 begin_dist=3045 enter_dist=0 enter_gyro=0
frame=265 line=1 track=1 cross=0 circle=1(CIRCLE_LEFT_BEGIN) round=0 yroad=0 ramp=0 road=6 speed=0 near=6/127 raw=23/107 sel=127/126 far=0/0 far_raw=0/0 l=0@-1/0@-1 far_l=0@-1/0@-1 straight=0/1 far_straight=0/0 circle_cnt=54/0/0/0 lost=0/0 conf=12.3/4.5/0.0/0.0 dist=1730 begin=3059/0 m0=(84,119) ml=(82,78) md=41/1/131 cxcy=84.0,119.6 guide=1.55 atg=0.0/0.0/0.0 pure=0.06/-0.11 yaw=-124 cmd=-347 actual=-12 signed=1 rps=4276/3324:5306/5308 duty=9/7 pwm=PWM2:9/PWM1:7 motor=2:9/1:7
ATGCorner: L=0@-1/0@-1 Y=0@-1/0@-1 farL=0@-1/0@-1 Lxy=-1.0,-1.0:-1.0,-1.0/-1.0,-1.0:-1.0,-1.0 Yxy=-1.0,-1.0:-1.0,-1.0/-1.0,-1.0:-1.0,-1.0 farLxy=-1.0,-1.0:-1.0,-1.0/-1.0,-1.0:-1.0,-1.0 best=1:51.6,113.4:7.9,96.9:12.3:10111/1:107.8,114.2:131.2,98.0:4.5:10111 seed_src=none/none seed=0.0,0.0/0.0,0.0 far_start=70,0 far_raw=0/0 far_num=0/0 straight=0/1 far_straight=0/0 conf_deg=12.3/4.5/0.0/0.0
CrossDiag: type=CROSS_NONE track=1 half_lr=0/0 nearL=0@-1/0@-1 nearNum=6/127 centerNum=6/127 farL=0@-1/0@-1 farNum=0/0 farRaw=0/0 lost=0/0 not_have=0 final=127/126 flags=0/0
LineErr: aim=41 cxcy=84.0,119.6 left=1:22.38@61,88 dx=-22.6 idx=0/5 dist=10/10 right=1:1.22@83,74 dx=-1.5 idx=0/18 dist=40/256 sel=1:1.21@83,74 dx=-1.5 idx=0/20 dist=40/250 edge=1:7.97@76.5,89.0 dx=-7.5 width=75.3 l=44,108 r=109,70
CxScan: raw_ref=80.0 edge=76.5,89.0 best_raw_x=60 best_err=-0.16 best_cxcy=76.4,119.5 scan=0:-23.4,10:-19.9,20:-16.1,30:-12.3,40:-8.3,50:-4.2,60:-0.2,70:3.9,80:8.0,90:11.9,100:15.8,110:19.5,120:23.0,130:26.3,140:29.5
ATGSeedDiag: seed=1@8,105/1@136,108 begin=7,108 block=5 clip=8
ATGLptDiag: best=1(12.3) imip=0/5 pass=10111 acc=-1 ipm=51.6,113.4 inv=7.9,96.9 | 1(4.5) imip=0/11 pass=10111 acc=-1 ipm=107.8,114.2 inv=131.2,98.0
ATGCircleBeginDiag: side=L reason=state rpts0=5 Lpt0=0 none_left=54 have_left=0 dist=1730 begin_dist=3059 enter_dist=0 enter_gyro=0
ATGCircleBeginDiag: side=L reason=state rpts0=4 Lpt0=0 none_left=54 have_left=0 dist=1744 begin_dist=3073 enter_dist=0 enter_gyro=0
ATGCircleBeginDiag: side=L reason=state rpts0=3 Lpt0=0 none_left=54 have_left=0 dist=1758 begin_dist=3087 enter_dist=0 enter_gyro=0
frame=268 line=1 track=1 cross=0 circle=1(CIRCLE_LEFT_BEGIN) round=0 yroad=0 ramp=0 road=6 speed=0 near=3/127 raw=16/107 sel=127/125 far=0/0 far_raw=0/0 l=0@-1/0@-1 far_l=0@-1/0@-1 straight=0/1 far_straight=0/0 circle_cnt=54/0/0/0 lost=0/0 conf=7.5/4.5/0.0/0.0 dist=1771 begin=3100/0 m0=(84,119) ml=(82,78) md=41/1/131 cxcy=84.0,119.6 guide=1.55 atg=0.0/0.0/0.0 pure=0.06/-0.11 yaw=-124 cmd=-367 actual=-2 signed=1 rps=4302/3298:4711/4951 duty=9/7 pwm=PWM2:9/PWM1:7 motor=2:9/1:7
ATGCorner: L=0@-1/0@-1 Y=0@-1/0@-1 farL=0@-1/0@-1 Lxy=-1.0,-1.0:-1.0,-1.0/-1.0,-1.0:-1.0,-1.0 Yxy=-1.0,-1.0:-1.0,-1.0/-1.0,-1.0:-1.0,-1.0 farLxy=-1.0,-1.0:-1.0,-1.0/-1.0,-1.0:-1.0,-1.0 best=1:51.0,114.4:4.8,99.8:7.5:10111/1:107.8,114.2:131.2,98.0:4.5:10111 seed_src=none/none seed=0.0,0.0/0.0,0.0 far_start=70,0 far_raw=0/0 far_num=0/0 straight=0/1 far_straight=0/0 conf_deg=7.5/4.5/0.0/0.0
CrossDiag: type=CROSS_NONE track=1 half_lr=0/0 nearL=0@-1/0@-1 nearNum=3/127 centerNum=3/127 farL=0@-1/0@-1 farNum=0/0 farRaw=0/0 lost=0/0 not_have=0 final=127/125 flags=0/0
LineErr: aim=41 cxcy=84.0,119.6 left=1:18.82@67,94 dx=-16.5 idx=0/2 dist=4/4 right=1:1.23@83,74 dx=-1.5 idx=0/18 dist=40/256 sel=1:1.21@83,74 dx=-1.5 idx=0/20 dist=40/248 edge=1:5.60@79.0,91.5 dx=-5.0 width=73.8 l=49,113 r=109,70
CxScan: raw_ref=80.0 edge=79.0,91.5 best_raw_x=65 best_err=-0.81 best_cxcy=78.3,119.5 scan=0:-26.7,10:-23.2,20:-19.4,30:-15.5,40:-11.4,50:-7.2,60:-3.0,70:1.3,80:5.6,90:9.8,100:13.9,110:17.8,120:21.6,130:25.2,140:28.6
ATGSeedDiag: seed=1@5,108/1@136,108 begin=7,108 block=5 clip=8
ATGLptDiag: best=1(7.5) imip=0/2 pass=10111 acc=-1 ipm=51.0,114.4 inv=4.8,99.8 | 1(4.5) imip=0/11 pass=10111 acc=-1 ipm=107.8,114.2 inv=131.2,98.0
ATGCircleBeginDiag: side=L reason=state rpts0=2 Lpt0=0 none_left=54 have_left=0 dist=1771 begin_dist=3100 enter_dist=0 enter_gyro=0
frame=269 line=1 track=1 cross=0 circle=1(CIRCLE_LEFT_BEGIN) round=0 yroad=0 ramp=0 road=6 speed=0 near=2/127 raw=11/107 sel=127/126 far=0/0 far_raw=0/0 l=0@-1/0@-1 far_l=0@-1/0@-1 straight=0/1 far_straight=0/0 circle_cnt=54/0/0/0 lost=0/0 conf=0.0/2.1/0.0/0.0 dist=1784 begin=3113/0 m0=(84,119) ml=(82,78) md=41/1/131 cxcy=84.0,119.6 guide=1.55 atg=0.0/0.0/0.0 pure=0.06/-0.11 yaw=-124 cmd=-360 actual=-6 signed=1 rps=4293/3307:4736/5131 duty=9/7 pwm=PWM2:9/PWM1:7 motor=2:9/1:7
ATGCorner: L=0@-1/0@-1 Y=0@-1/0@-1 farL=0@-1/0@-1 Lxy=-1.0,-1.0:-1.0,-1.0/-1.0,-1.0:-1.0,-1.0 Yxy=-1.0,-1.0:-1.0,-1.0/-1.0,-1.0:-1.0,-1.0 farLxy=-1.0,-1.0:-1.0,-1.0/-1.0,-1.0:-1.0,-1.0 best=-1:-1.0,-1.0:-1.0,-1.0:-57295.8:00000/3:108.0,109.6:124.6,85.6:2.1:10111 seed_src=none/none seed=0.0,0.0/0.0,0.0 far_start=70,0 far_raw=0/0 far_num=0/0 straight=0/1 far_straight=0/0 conf_deg=0.0/2.1/0.0/0.0
CrossDiag: type=CROSS_NONE track=1 half_lr=0/0 nearL=0@-1/0@-1 nearNum=2/127 centerNum=2/127 farL=0@-1/0@-1 farNum=0/0 farRaw=0/0 lost=0/0 not_have=0 final=127/126 flags=0/0
LineErr: aim=41 cxcy=84.0,119.6 left=1:18.01@69,96 dx=-15.2 idx=0/1 dist=2/2 right=1:1.23@83,74 dx=-1.5 idx=0/18 dist=41/257 sel=1:1.21@83,74 dx=-1.5 idx=0/20 dist=40/250 edge=1:5.09@79.5,92.0 dx=-4.5 width=73.6 l=50,114 r=109,70
CxScan: raw_ref=80.0 edge=79.5,92.0 best_raw_x=70 best_err=0.78 best_cxcy=80.2,119.5 scan=0:-27.4,10:-23.9,20:-20.1,30:-16.2,40:-12.1,50:-7.8,60:-3.6,70:0.8,80:5.1,90:9.3,100:13.5,110:17.5,120:21.3,130:24.9,140:28.4
ATGSeedDiag: seed=1@4,108/1@136,108 begin=7,108 block=5 clip=8
ATGLptDiag: best=-1(-57295.8) imip=-1/-1 pass=00000 acc=-1 ipm=-1.0,-1.0 inv=-1.0,-1.0 | 3(2.1) imip=0/13 pass=10111 acc=-1 ipm=108.0,109.6 inv=124.6,85.6
ATGCircleBeginDiag: side=L reason=state rpts0=0 Lpt0=0 none_left=55 have_left=0 dist=1784 begin_dist=3113 enter_dist=0 enter_gyro=0
frame=270 line=1 track=1 cross=0 circle=1(CIRCLE_LEFT_BEGIN) round=0 yroad=0 ramp=0 road=6 speed=0 near=0/127 raw=0/108 sel=127/124 far=0/0 far_raw=0/0 l=0@-1/0@-1 far_l=0@-1/0@-1 straight=0/1 far_straight=0/0 circle_cnt=55/0/0/0 lost=0/0 conf=0.0/2.2/0.0/0.0 dist=1797 begin=3126/0 m0=(84,119) ml=(82,78) md=41/1/132 cxcy=84.0,119.6 guide=1.55 atg=0.0/0.0/0.0 pure=0.06/-0.11 yaw=-124 cmd=-348 actual=-12 signed=1 rps=4277/3323:4718/5129 duty=9/7 pwm=PWM2:9/PWM1:7 motor=2:9/1:7
ATGCorner: L=0@-1/0@-1 Y=0@-1/0@-1 farL=0@-1/0@-1 Lxy=-1.0,-1.0:-1.0,-1.0/-1.0,-1.0:-1.0,-1.0 Yxy=-1.0,-1.0:-1.0,-1.0/-1.0,-1.0:-1.0,-1.0 farLxy=-1.0,-1.0:-1.0,-1.0/-1.0,-1.0:-1.0,-1.0 best=-1:-1.0,-1.0:-1.0,-1.0:-57295.8:00000/3:107.9,109.6:124.5,85.6:2.2:10111 seed_src=lost/none seed=0.0,0.0/0.0,0.0 far_start=70,0 far_raw=0/0 far_num=0/0 straight=0/1 far_straight=0/0 conf_deg=0.0/2.2/0.0/0.0
CrossDiag: type=CROSS_NONE track=1 half_lr=0/0 nearL=0@-1/0@-1 nearNum=0/127 centerNum=0/127 farL=0@-1/0@-1 farNum=0/0 farRaw=0/0 lost=0/0 not_have=0 final=127/124 flags=0/0
LineErr: aim=41 cxcy=84.0,119.6 left=0:0.00@-1,-1 dx=0.0 idx=-1/-1 dist=-1/-1 right=1:1.22@83,74 dx=-1.5 idx=0/18 dist=41/257 sel=1:1.22@83,74 dx=-1.5 idx=0/20 dist=40/246 edge=0:0.00@-1.0,-1.0 dx=0.0 width=0.0 l=-1,-1 r=109,70
ATGSeedDiag: seed=0@-1,-1/1@136,108 begin=7,108 block=5 clip=8
ATGLptDiag: best=-1(-57295.8) imip=-1/-1 pass=00000 acc=-1 ipm=-1.0,-1.0 inv=-1.0,-1.0 | 3(2.2) imip=0/13 pass=10111 acc=-1 ipm=107.9,109.6 inv=124.5,85.6
ATGCircleBeginDiag: side=L reason=state rpts0=0 Lpt0=0 none_left=56 have_left=0 dist=1797 begin_dist=3126 enter_dist=0 enter_gyro=0
ATGCircleBeginDiag: side=L reason=state rpts0=0 Lpt0=0 none_left=57 have_left=0 dist=1810 begin_dist=3139 enter_dist=0 enter_gyro=0
ATGCircleBeginDiag: side=L reason=state rpts0=0 Lpt0=0 none_left=58 have_left=0 dist=1823 begin_dist=3152 enter_dist=0 enter_gyro=0
ATGCircleBeginDiag: side=L reason=state rpts0=0 Lpt0=0 none_left=59 have_left=0 dist=1836 begin_dist=3165 enter_dist=0 enter_gyro=0
frame=274 line=1 track=1 cross=0 circle=1(CIRCLE_LEFT_BEGIN) round=0 yroad=0 ramp=0 road=6 speed=0 near=0/128 raw=0/109 sel=128/125 far=0/0 far_raw=0/0 l=0@-1/0@-1 far_l=0@-1/0@-1 straight=0/1 far_straight=0/0 circle_cnt=59/0/0/0 lost=0/0 conf=0.0/4.5/0.0/0.0 dist=1849 begin=3178/0 m0=(84,119) ml=(82,78) md=41/1/136 cxcy=84.0,119.6 guide=1.42 atg=0.0/0.0/0.0 pure=0.06/-0.11 yaw=-114 cmd=-292 actual=-24 signed=1 rps=4200/3400:5084/4617 duty=9/8 pwm=PWM2:9/PWM1:8 motor=2:9/1:8
ATGCorner: L=0@-1/0@-1 Y=0@-1/0@-1 farL=0@-1/0@-1 Lxy=-1.0,-1.0:-1.0,-1.0/-1.0,-1.0:-1.0,-1.0 Yxy=-1.0,-1.0:-1.0,-1.0/-1.0,-1.0:-1.0,-1.0 farLxy=-1.0,-1.0:-1.0,-1.0/-1.0,-1.0:-1.0,-1.0 best=-1:-1.0,-1.0:-1.0,-1.0:-57295.8:00000/1:107.8,114.2:131.2,98.0:4.5:10111 seed_src=lost/none seed=0.0,0.0/0.0,0.0 far_start=70,0 far_raw=0/0 far_num=0/0 straight=0/1 far_straight=0/0 conf_deg=0.0/4.5/0.0/0.0
CrossDiag: type=CROSS_NONE track=1 half_lr=0/0 nearL=0@-1/0@-1 nearNum=0/128 centerNum=0/128 farL=0@-1/0@-1 farNum=0/0 farRaw=0/0 lost=0/0 not_have=0 final=128/125 flags=0/0
LineErr: aim=41 cxcy=84.0,119.6 left=0:0.00@-1,-1 dx=0.0 idx=-1/-1 dist=-1/-1 right=1:1.23@83,74 dx=-1.5 idx=0/18 dist=40/258 sel=1:1.21@83,74 dx=-1.5 idx=0/20 dist=40/248 edge=0:0.00@-1.0,-1.0 dx=0.0 width=0.0 l=-1,-1 r=109,70
ATGSeedDiag: seed=0@-1,-1/1@136,108 begin=7,108 block=5 clip=8
ATGLptDiag: best=-1(-57295.8) imip=-1/-1 pass=00000 acc=-1 ipm=-1.0,-1.0 inv=-1.0,-1.0 | 1(4.5) imip=0/11 pass=10111 acc=-1 ipm=107.8,114.2 inv=131.2,98.0
ATGCircleBeginDiag: side=L reason=state rpts0=0 Lpt0=0 none_left=60 have_left=0 dist=1849 begin_dist=3178 enter_dist=0 enter_gyro=0
ATGCircleBeginDiag: side=L reason=state rpts0=0 Lpt0=0 none_left=61 have_left=0 dist=1863 begin_dist=3192 enter_dist=0 enter_gyro=0
ATGCircleBeginDiag: side=L reason=state rpts0=0 Lpt0=0 none_left=62 have_left=0 dist=1877 begin_dist=3206 enter_dist=0 enter_gyro=0
ATGCircleBeginDiag: side=L reason=state rpts0=0 Lpt0=0 none_left=63 have_left=0 dist=1891 begin_dist=3220 enter_dist=0 enter_gyro=0
ATGCircleBeginDiag: side=L reason=state rpts0=0 Lpt0=0 none_left=64 have_left=0 dist=1905 begin_dist=3234 enter_dist=0 enter_gyro=0
frame=279 line=1 track=1 cross=0 circle=1(CIRCLE_LEFT_BEGIN) round=0 yroad=0 ramp=0 road=6 speed=0 near=0/128 raw=0/109 sel=128/124 far=0/0 far_raw=0/0 l=0@-1/0@-1 far_l=0@-1/0@-1 straight=0/1 far_straight=0/0 circle_cnt=64/0/0/0 lost=0/0 conf=0.0/3.5/0.0/0.0 dist=1918 begin=3247/0 m0=(84,119) ml=(82,78) md=41/1/137 cxcy=84.0,119.6 guide=1.55 atg=0.0/0.0/0.0 pure=0.06/-0.11 yaw=-124 cmd=-348 actual=-12 signed=1 rps=4277/3323:5006/5078 duty=9/7 pwm=PWM2:9/PWM1:7 motor=2:9/1:7
ATGCorner: L=0@-1/0@-1 Y=0@-1/0@-1 farL=0@-1/0@-1 Lxy=-1.0,-1.0:-1.0,-1.0/-1.0,-1.0:-1.0,-1.0 Yxy=-1.0,-1.0:-1.0,-1.0/-1.0,-1.0:-1.0,-1.0 farLxy=-1.0,-1.0:-1.0,-1.0/-1.0,-1.0:-1.0,-1.0 best=-1:-1.0,-1.0:-1.0,-1.0:-57295.8:00000/1:107.7,114.2:131.0,97.9:3.5:10111 seed_src=lost/none seed=0.0,0.0/0.0,0.0 far_start=70,0 far_raw=0/0 far_num=0/0 straight=0/1 far_straight=0/0 conf_deg=0.0/3.5/0.0/0.0
CrossDiag: type=CROSS_NONE track=1 half_lr=0/0 nearL=0@-1/0@-1 nearNum=0/128 centerNum=0/128 farL=0@-1/0@-1 farNum=0/0 farRaw=0/0 lost=0/0 not_have=0 final=128/124 flags=0/0
LineErr: aim=41 cxcy=84.0,119.6 left=0:0.00@-1,-1 dx=0.0 idx=-1/-1 dist=-1/-1 right=1:1.23@83,74 dx=-1.5 idx=0/18 dist=41/259 sel=1:1.21@83,74 dx=-1.5 idx=0/20 dist=40/246 edge=0:0.00@-1.0,-1.0 dx=0.0 width=0.0 l=-1,-1 r=109,70
ATGSeedDiag: seed=0@-1,-1/1@136,108 begin=7,108 block=5 clip=8
ATGLptDiag: best=-1(-57295.8) imip=-1/-1 pass=00000 acc=-1 ipm=-1.0,-1.0 inv=-1.0,-1.0 | 1(3.5) imip=0/11 pass=10111 acc=-1 ipm=107.7,114.2 inv=131.0,97.9
ATGCircleBeginDiag: side=L reason=state rpts0=0 Lpt0=0 none_left=65 have_left=0 dist=1918 begin_dist=3247 enter_dist=0 enter_gyro=0
ATGCircleBeginDiag: side=L reason=state rpts0=0 Lpt0=0 none_left=66 have_left=0 dist=1931 begin_dist=3260 enter_dist=0 enter_gyro=0
frame=281 line=1 track=1 cross=0 circle=1(CIRCLE_LEFT_BEGIN) round=0 yroad=0 ramp=0 road=6 speed=0 near=0/128 raw=0/109 sel=128/124 far=0/0 far_raw=0/0 l=0@-1/0@-1 far_l=0@-1/0@-1 straight=0/1 far_straight=0/0 circle_cnt=66/0/0/0 lost=0/0 conf=0.0/2.3/0.0/0.0 dist=1944 begin=3273/0 m0=(84,119) ml=(82,78) md=41/1/137 cxcy=84.0,119.6 guide=1.29 atg=0.0/0.0/0.0 pure=0.06/-0.12 yaw=-103 cmd=-317 actual=3 signed=1 rps=4234/3366:4686/5047 duty=9/7 pwm=PWM2:9/PWM1:7 motor=2:9/1:7
ATGCorner: L=0@-1/0@-1 Y=0@-1/0@-1 farL=0@-1/0@-1 Lxy=-1.0,-1.0:-1.0,-1.0/-1.0,-1.0:-1.0,-1.0 Yxy=-1.0,-1.0:-1.0,-1.0/-1.0,-1.0:-1.0,-1.0 farLxy=-1.0,-1.0:-1.0,-1.0/-1.0,-1.0:-1.0,-1.0 best=-1:-1.0,-1.0:-1.0,-1.0:-57295.8:00000/3:108.0,109.6:124.6,85.6:2.3:10111 seed_src=lost/none seed=0.0,0.0/0.0,0.0 far_start=70,0 far_raw=0/0 far_num=0/0 straight=0/1 far_straight=0/0 conf_deg=0.0/2.3/0.0/0.0
CrossDiag: type=CROSS_NONE track=1 half_lr=0/0 nearL=0@-1/0@-1 nearNum=0/128 centerNum=0/128 farL=0@-1/0@-1 farNum=0/0 farRaw=0/0 lost=0/0 not_have=0 final=128/124 flags=0/0
LineErr: aim=41 cxcy=84.0,119.6 left=0:0.00@-1,-1 dx=0.0 idx=-1/-1 dist=-1/-1 right=1:1.23@83,74 dx=-1.5 idx=0/18 dist=41/259 sel=1:1.21@83,74 dx=-1.5 idx=0/20 dist=40/246 edge=0:0.00@-1.0,-1.0 dx=0.0 width=0.0 l=-1,-1 r=109,70
ATGSeedDiag: seed=0@-1,-1/1@136,108 begin=7,108 block=5 clip=8
ATGLptDiag: best=-1(-57295.8) imip=-1/-1 pass=00000 acc=-1 ipm=-1.0,-1.0 inv=-1.0,-1.0 | 3(2.3) imip=0/13 pass=10111 acc=-1 ipm=108.0,109.6 inv=124.6,85.6
ATGCircleBeginDiag: side=L reason=state rpts0=0 Lpt0=0 none_left=67 have_left=0 dist=1944 begin_dist=3273 enter_dist=0 enter_gyro=0
ATGCircleBeginDiag: side=L reason=state rpts0=0 Lpt0=0 none_left=68 have_left=0 dist=1957 begin_dist=3286 enter_dist=0 enter_gyro=0
frame=283 line=1 track=1 cross=0 circle=1(CIRCLE_LEFT_BEGIN) round=0 yroad=0 ramp=0 road=6 speed=0 near=0/128 raw=0/109 sel=128/125 far=0/0 far_raw=0/0 l=0@-1/0@-1 far_l=0@-1/0@-1 straight=0/1 far_straight=0/0 circle_cnt=68/0/0/0 lost=0/0 conf=0.0/6.6/0.0/0.0 dist=1970 begin=3299/0 m0=(84,119) ml=(83,78) md=41/1/135 cxcy=84.0,119.6 guide=1.04 atg=0.0/0.0/0.0 pure=0.01/-0.12 yaw=-83 cmd=-272 actual=11 signed=1 rps=4172/3428:4470/4764 duty=9/8 pwm=PWM2:9/PWM1:8 motor=2:9/1:8
ATGCorner: L=0@-1/0@-1 Y=0@-1/0@-1 farL=0@-1/0@-1 Lxy=-1.0,-1.0:-1.0,-1.0/-1.0,-1.0:-1.0,-1.0 Yxy=-1.0,-1.0:-1.0,-1.0/-1.0,-1.0:-1.0,-1.0 farLxy=-1.0,-1.0:-1.0,-1.0/-1.0,-1.0:-1.0,-1.0 best=-1:-1.0,-1.0:-1.0,-1.0:-57295.8:00000/1:107.8,114.2:131.2,98.0:6.6:10111 seed_src=lost/none seed=0.0,0.0/0.0,0.0 far_start=70,0 far_raw=0/0 far_num=0/0 straight=0/1 far_straight=0/0 conf_deg=0.0/6.6/0.0/0.0
CrossDiag: type=CROSS_NONE track=1 half_lr=0/0 nearL=0@-1/0@-1 nearNum=0/128 centerNum=0/128 farL=0@-1/0@-1 farNum=0/0 farRaw=0/0 lost=0/0 not_have=0 final=128/125 flags=0/0
LineErr: aim=41 cxcy=84.0,119.6 left=0:0.00@-1,-1 dx=0.0 idx=-1/-1 dist=-1/-1 right=1:0.83@83,74 dx=-1.0 idx=0/18 dist=40/258 sel=1:0.82@83,74 dx=-1.0 idx=0/20 dist=40/248 edge=0:0.00@-1.0,-1.0 dx=0.0 width=0.0 l=-1,-1 r=109,70
ATGSeedDiag: seed=0@-1,-1/1@136,108 begin=7,108 block=5 clip=8
ATGLptDiag: best=-1(-57295.8) imip=-1/-1 pass=00000 acc=-1 ipm=-1.0,-1.0 inv=-1.0,-1.0 | 1(6.6) imip=0/11 pass=10111 acc=-1 ipm=107.8,114.2 inv=131.2,98.0
ATGCircleBeginDiag: side=L reason=state rpts0=0 Lpt0=0 none_left=69 have_left=0 dist=1970 begin_dist=3299 enter_dist=0 enter_gyro=0
ATGCircleBeginDiag: side=L reason=state rpts0=0 Lpt0=0 none_left=70 have_left=0 dist=1983 begin_dist=3312 enter_dist=0 enter_gyro=0
frame=285 line=1 track=1 cross=0 circle=1(CIRCLE_LEFT_BEGIN) round=0 yroad=0 ramp=0 road=6 speed=0 near=0/128 raw=0/109 sel=128/125 far=0/0 far_raw=0/0 l=0@-1/0@-1 far_l=0@-1/0@-1 straight=0/1 far_straight=0/0 circle_cnt=70/0/0/0 lost=0/0 conf=0.0/2.3/0.0/0.0 dist=1996 begin=3325/0 m0=(84,119) ml=(83,78) md=41/1/136 cxcy=84.0,119.6 guide=1.04 atg=0.0/0.0/0.0 pure=0.06/-0.12 yaw=-83 cmd=-253 actual=2 signed=1 rps=4147/3453:4703/4456 duty=9/8 pwm=PWM2:9/PWM1:8 motor=2:9/1:8
ATGCorner: L=0@-1/0@-1 Y=0@-1/0@-1 farL=0@-1/0@-1 Lxy=-1.0,-1.0:-1.0,-1.0/-1.0,-1.0:-1.0,-1.0 Yxy=-1.0,-1.0:-1.0,-1.0/-1.0,-1.0:-1.0,-1.0 farLxy=-1.0,-1.0:-1.0,-1.0/-1.0,-1.0:-1.0,-1.0 best=-1:-1.0,-1.0:-1.0,-1.0:-57295.8:00000/3:108.0,109.6:124.6,85.6:2.3:10111 seed_src=lost/none seed=0.0,0.0/0.0,0.0 far_start=70,0 far_raw=0/0 far_num=0/0 straight=0/1 far_straight=0/0 conf_deg=0.0/2.3/0.0/0.0
CrossDiag: type=CROSS_NONE track=1 half_lr=0/0 nearL=0@-1/0@-1 nearNum=0/128 centerNum=0/128 farL=0@-1/0@-1 farNum=0/0 farRaw=0/0 lost=0/0 not_have=0 final=128/125 flags=0/0
LineErr: aim=41 cxcy=84.0,119.6 left=0:0.00@-1,-1 dx=0.0 idx=-1/-1 dist=-1/-1 right=1:1.20@83,74 dx=-1.4 idx=0/18 dist=41/259 sel=1:1.19@83,74 dx=-1.4 idx=0/20 dist=40/248 edge=0:0.00@-1.0,-1.0 dx=0.0 width=0.0 l=-1,-1 r=109,70
ATGSeedDiag: seed=0@-1,-1/1@136,108 begin=7,108 block=5 clip=8
ATGLptDiag: best=-1(-57295.8) imip=-1/-1 pass=00000 acc=-1 ipm=-1.0,-1.0 inv=-1.0,-1.0 | 3(2.3) imip=0/13 pass=10111 acc=-1 ipm=108.0,109.6 inv=124.6,85.6
ATGCircleBeginDiag: side=L reason=state rpts0=0 Lpt0=0 none_left=71 have_left=0 dist=1996 begin_dist=3325 enter_dist=0 enter_gyro=0
frame=286 line=1 track=1 cross=0 circle=1(CIRCLE_LEFT_BEGIN) round=0 yroad=0 ramp=0 road=6 speed=0 near=0/129 raw=0/110 sel=129/124 far=0/0 far_raw=0/0 l=0@-1/0@-1 far_l=0@-1/0@-1 straight=0/1 far_straight=0/0 circle_cnt=71/0/0/0 lost=0/0 conf=0.0/2.3/0.0/0.0 dist=2010 begin=3339/0 m0=(84,119) ml=(82,78) md=41/1/140 cxcy=84.0,119.6 guide=1.55 atg=0.0/0.0/0.0 pure=0.06/-0.11 yaw=-124 cmd=-359 actual=-6 signed=1 rps=4293/3307:5083/4654 duty=9/7 pwm=PWM2:9/PWM1:7 motor=2:9/1:7
ATGCorner: L=0@-1/0@-1 Y=0@-1/0@-1 farL=0@-1/0@-1 Lxy=-1.0,-1.0:-1.0,-1.0/-1.0,-1.0:-1.0,-1.0 Yxy=-1.0,-1.0:-1.0,-1.0/-1.0,-1.0:-1.0,-1.0 farLxy=-1.0,-1.0:-1.0,-1.0/-1.0,-1.0:-1.0,-1.0 best=-1:-1.0,-1.0:-1.0,-1.0:-57295.8:00000/3:108.0,109.6:124.6,85.6:2.3:10111 seed_src=lost/none seed=0.0,0.0/0.0,0.0 far_start=70,0 far_raw=0/0 far_num=0/0 straight=0/1 far_straight=0/0 conf_deg=0.0/2.3/0.0/0.0
CrossDiag: type=CROSS_NONE track=1 half_lr=0/0 nearL=0@-1/0@-1 nearNum=0/129 centerNum=0/129 farL=0@-1/0@-1 farNum=0/0 farRaw=0/0 lost=0/0 not_have=0 final=129/124 flags=0/0
LineErr: aim=41 cxcy=84.0,119.6 left=0:0.00@-1,-1 dx=0.0 idx=-1/-1 dist=-1/-1 right=1:1.23@83,74 dx=-1.5 idx=0/18 dist=41/261 sel=1:1.21@83,74 dx=-1.5 idx=0/20 dist=40/246 edge=0:0.00@-1.0,-1.0 dx=0.0 width=0.0 l=-1,-1 r=109,70
ATGSeedDiag: seed=0@-1,-1/1@136,108 begin=7,108 block=5 clip=8
ATGLptDiag: best=-1(-57295.8) imip=-1/-1 pass=00000 acc=-1 ipm=-1.0,-1.0 inv=-1.0,-1.0 | 3(2.3) imip=0/13 pass=10111 acc=-1 ipm=108.0,109.6 inv=124.6,85.6
ATGCircleBeginDiag: side=L reason=state rpts0=0 Lpt0=0 none_left=72 have_left=0 dist=2010 begin_dist=3339 enter_dist=1 enter_gyro=0
ATGCircleCal: from=CIRCLE_LEFT_BEGIN to=CIRCLE_LEFT_IN reason=entry_distance heading_deg10=101 dist=2010 begin_dist=3339 begin_last=0
frame=287 line=1 track=1 cross=0 circle=3(CIRCLE_LEFT_IN) round=0 yroad=0 ramp=0 road=6 speed=0 near=0/129 raw=0/111 sel=23/17 far=0/0 far_raw=0/0 l=0@-1/0@-1 far_l=0@-1/0@-1 straight=0/1 far_straight=0/0 circle_cnt=0/0/0/0 lost=0/0 conf=0.0/2.2/0.0/0.0 dist=0 begin=0/3339 m0=(84,119) ml=(56,119) md=28/0/28 cxcy=84.0,119.6 guide=37.36 atg=-60.0/-60.0/-60.0 pure=20.63/20.63 yaw=-2989 cmd=-3389 actual=-16 signed=1 rps=8445/-845:4929/4565 duty=24/-9 pwm=PWM2:24/PWM1:-9 motor=2:24/1:-9
ATGCorner: L=0@-1/0@-1 Y=0@-1/0@-1 farL=0@-1/0@-1 Lxy=-1.0,-1.0:-1.0,-1.0/-1.0,-1.0:-1.0,-1.0 Yxy=-1.0,-1.0:-1.0,-1.0/-1.0,-1.0:-1.0,-1.0 farLxy=-1.0,-1.0:-1.0,-1.0/-1.0,-1.0:-1.0,-1.0 best=-1:-1.0,-1.0:-1.0,-1.0:-57295.8:00000/3:107.9,109.6:124.5,85.6:2.2:10111 seed_src=circle/none seed=0.0,0.0/0.0,0.0 far_start=70,0 far_raw=0/0 far_num=0/0 straight=0/1 far_straight=0/0 conf_deg=0.0/2.2/0.0/0.0
CrossDiag: type=CROSS_NONE track=1 half_lr=0/0 nearL=0@-1/0@-1 nearNum=0/129 centerNum=0/129 farL=0@-1/0@-1 farNum=0/0 farRaw=0/0 lost=0/0 not_have=0 final=23/17 flags=0/0
LineErr: aim=41 cxcy=84.0,119.6 left=0:0.00@-1,-1 dx=0.0 idx=-1/-1 dist=-1/-1 right=1:0.97@83,69 dx=-1.2 idx=0/20 dist=40/258 sel=1:57.73@56,125 dx=-28.3 idx=0/16 dist=32/32 edge=0:0.00@-1.0,-1.0 dx=0.0 width=0.0 l=-1,-1 r=109,70
ATGSeedDiag: seed=0@-1,-1/1@136,108 begin=7,108 block=5 clip=8
ATGLptDiag: best=-1(-57295.8) imip=-1/-1 pass=00000 acc=-1 ipm=-1.0,-1.0 inv=-1.0,-1.0 | 3(2.2) imip=0/13 pass=10111 acc=-1 ipm=107.9,109.6 inv=124.5,85.6
frame=288 line=1 track=1 cross=0 circle=3(CIRCLE_LEFT_IN) round=0 yroad=0 ramp=0 road=6 speed=0 near=0/131 raw=0/113 sel=23/17 far=0/0 far_raw=0/0 l=0@-1/0@-1 far_l=0@-1/0@-1 straight=0/1 far_straight=0/0 circle_cnt=0/0/0/0 lost=1/0 conf=0.0/2.2/0.0/0.0 dist=14 begin=0/3339 m0=(84,119) ml=(56,119) md=28/0/28 cxcy=84.0,119.6 guide=37.36 atg=-60.0/-60.0/-60.0 pure=20.63/20.63 yaw=-2989 cmd=-3389 actual=-25 signed=1 rps=8445/-845:5211/4892 duty=23/-9 pwm=PWM2:23/PWM1:-9 motor=2:23/1:-9
ATGCorner: L=0@-1/0@-1 Y=0@-1/0@-1 farL=0@-1/0@-1 Lxy=-1.0,-1.0:-1.0,-1.0/-1.0,-1.0:-1.0,-1.0 Yxy=-1.0,-1.0:-1.0,-1.0/-1.0,-1.0:-1.0,-1.0 farLxy=-1.0,-1.0:-1.0,-1.0/-1.0,-1.0:-1.0,-1.0 best=-1:-1.0,-1.0:-1.0,-1.0:-57295.8:00000/3:107.9,109.6:124.5,85.6:2.2:10111 seed_src=circle/none seed=40.0,91.8/0.0,0.0 far_start=40,0 far_raw=0/0 far_num=0/0 straight=0/1 far_straight=0/0 conf_deg=0.0/2.2/0.0/0.0
CrossDiag: type=CROSS_NONE track=1 half_lr=0/0 nearL=0@-1/0@-1 nearNum=0/131 centerNum=0/131 farL=0@-1/0@-1 farNum=0/0 farRaw=0/0 lost=1/0 not_have=0 final=23/17 flags=0/0
LineErr: aim=41 cxcy=84.0,119.6 left=0:0.00@-1,-1 dx=0.0 idx=-1/-1 dist=-1/-1 right=1:0.97@83,69 dx=-1.2 idx=0/20 dist=40/255 sel=1:57.73@56,125 dx=-28.3 idx=0/16 dist=32/32 edge=0:0.00@-1.0,-1.0 dx=0.0 width=0.0 l=-1,-1 r=109,70
ATGSeedDiag: seed=0@-1,-1/1@136,108 begin=7,108 block=5 clip=8
ATGLptDiag: best=-1(-57295.8) imip=-1/-1 pass=00000 acc=-1 ipm=-1.0,-1.0 inv=-1.0,-1.0 | 3(2.2) imip=0/13 pass=10111 acc=-1 ipm=107.9,109.6 inv=124.5,85.6
frame=290 line=1 track=1 cross=0 circle=3(CIRCLE_LEFT_IN) round=0 yroad=0 ramp=0 road=6 speed=0 near=0/131 raw=0/112 sel=23/17 far=0/0 far_raw=0/0 l=0@-1/0@-1 far_l=0@-1/0@-1 straight=0/1 far_straight=0/0 circle_cnt=0/0/0/0 lost=1/0 conf=0.0/2.3/0.0/0.0 dist=42 begin=0/3339 m0=(84,119) ml=(56,119) md=28/0/28 cxcy=84.0,119.6 guide=37.36 atg=-60.0/-60.0/-60.0 pure=20.63/20.63 yaw=-2989 cmd=-3389 actual=-133 signed=1 rps=8445/-845:5849/4294 duty=23/-9 pwm=PWM2:23/PWM1:-9 motor=2:23/1:-9
ATGCorner: L=0@-1/0@-1 Y=0@-1/0@-1 farL=0@-1/0@-1 Lxy=-1.0,-1.0:-1.0,-1.0/-1.0,-1.0:-1.0,-1.0 Yxy=-1.0,-1.0:-1.0,-1.0/-1.0,-1.0:-1.0,-1.0 farLxy=-1.0,-1.0:-1.0,-1.0/-1.0,-1.0:-1.0,-1.0 best=-1:-1.0,-1.0:-1.0,-1.0:-57295.8:00000/3:108.0,109.6:124.6,85.6:2.3:10111 seed_src=circle/none seed=40.0,91.8/0.0,0.0 far_start=40,0 far_raw=0/0 far_num=0/0 straight=0/1 far_straight=0/0 conf_deg=0.0/2.3/0.0/0.0
CrossDiag: type=CROSS_NONE track=1 half_lr=0/0 nearL=0@-1/0@-1 nearNum=0/131 centerNum=0/131 farL=0@-1/0@-1 farNum=0/0 farRaw=0/0 lost=1/0 not_have=0 final=23/17 flags=0/0
LineErr: aim=41 cxcy=84.0,119.6 left=0:0.00@-1,-1 dx=0.0 idx=-1/-1 dist=-1/-1 right=1:0.97@83,69 dx=-1.2 idx=0/20 dist=40/256 sel=1:57.73@56,125 dx=-28.3 idx=0/16 dist=32/32 edge=0:0.00@-1.0,-1.0 dx=0.0 width=0.0 l=-1,-1 r=109,70
ATGSeedDiag: seed=0@-1,-1/1@136,108 begin=7,108 block=5 clip=8
ATGLptDiag: best=-1(-57295.8) imip=-1/-1 pass=00000 acc=-1 ipm=-1.0,-1.0 inv=-1.0,-1.0 | 3(2.3) imip=0/13 pass=10111 acc=-1 ipm=108.0,109.6 inv=124.6,85.6
frame=293 line=1 track=1 cross=0 circle=3(CIRCLE_LEFT_IN) round=0 yroad=0 ramp=0 road=6 speed=0 near=0/1 raw=0/170 sel=23/17 far=0/0 far_raw=0/0 l=0@-1/0@-1 far_l=0@-1/0@-1 straight=0/0 far_straight=0/0 circle_cnt=0/0/0/0 lost=1/0 conf=0.0/0.0/0.0/0.0 dist=82 begin=0/3339 m0=(84,119) ml=(56,119) md=28/0/28 cxcy=84.0,119.6 guide=37.36 atg=-60.0/-60.0/-60.0 pure=20.63/20.63 yaw=-2989 cmd=-3389 actual=-606 signed=1 rps=8445/-845:6782/3119 duty=21/-7 pwm=PWM2:21/PWM1:-7 motor=2:21/1:-7
ATGCorner: L=0@-1/0@-1 Y=0@-1/0@-1 farL=0@-1/0@-1 Lxy=-1.0,-1.0:-1.0,-1.0/-1.0,-1.0:-1.0,-1.0 Yxy=-1.0,-1.0:-1.0,-1.0/-1.0,-1.0:-1.0,-1.0 farLxy=-1.0,-1.0:-1.0,-1.0/-1.0,-1.0:-1.0,-1.0 best=-1:-1.0,-1.0:-1.0,-1.0:-57295.8:00000/-1:-1.0,-1.0:-1.0,-1.0:-57295.8:00000 seed_src=circle/lost seed=40.0,91.8/0.0,0.0 far_start=40,0 far_raw=0/0 far_num=0/0 straight=0/0 far_straight=0/0 conf_deg=0.0/0.0/0.0/0.0
CrossDiag: type=CROSS_NONE track=1 half_lr=0/0 nearL=0@-1/0@-1 nearNum=0/1 centerNum=0/1 farL=0@-1/0@-1 farNum=0/0 farRaw=0/0 lost=1/0 not_have=0 final=23/17 flags=0/0
LineErr: aim=41 cxcy=84.0,119.6 left=0:0.00@-1,-1 dx=0.0 idx=-1/-1 dist=-1/-1 right=0:0.00@-1,-1 dx=0.0 idx=-1/-1 dist=-1/-1 sel=1:57.73@56,125 dx=-28.3 idx=0/16 dist=32/32 edge=0:0.00@-1.0,-1.0 dx=0.0 width=0.0 l=-1,-1 r=-1,-1
ATGSeedDiag: seed=0@-1,-1/1@115,108 begin=7,108 block=5 clip=8
ATGLptDiag: best=-1(-57295.8) imip=-1/-1 pass=00000 acc=-1 ipm=-1.0,-1.0 inv=-1.0,-1.0 | -1(-57295.8) imip=-1/-1 pass=00000 acc=-1 ipm=-1.0,-1.0 inv=-1.0,-1.0
frame=294 line=1 track=1 cross=0 circle=3(CIRCLE_LEFT_IN) round=0 yroad=0 ramp=0 road=6 speed=0 near=0/129 raw=0/111 sel=23/17 far=0/0 far_raw=0/0 l=0@-1/0@-1 far_l=0@-1/0@-1 straight=0/1 far_straight=0/0 circle_cnt=0/0/0/0 lost=1/0 conf=0.0/3.2/0.0/0.0 dist=95 begin=0/3339 m0=(84,119) ml=(56,119) md=28/0/28 cxcy=84.0,119.6 guide=37.36 atg=-60.0/-60.0/-60.0 pure=20.63/20.63 yaw=-2989 cmd=-3389 actual=-864 signed=1 rps=8445/-845:6551/2862 duty=22/-7 pwm=PWM2:22/PWM1:-7 motor=2:22/1:-7
ATGCorner: L=0@-1/0@-1 Y=0@-1/0@-1 farL=0@-1/0@-1 Lxy=-1.0,-1.0:-1.0,-1.0/-1.0,-1.0:-1.0,-1.0 Yxy=-1.0,-1.0:-1.0,-1.0/-1.0,-1.0:-1.0,-1.0 farLxy=-1.0,-1.0:-1.0,-1.0/-1.0,-1.0:-1.0,-1.0 best=-1:-1.0,-1.0:-1.0,-1.0:-57295.8:00000/1:107.8,114.2:131.2,98.0:3.2:10111 seed_src=circle/none seed=40.0,91.8/0.0,0.0 far_start=40,0 far_raw=0/0 far_num=0/0 straight=0/1 far_straight=0/0 conf_deg=0.0/3.2/0.0/0.0
CrossDiag: type=CROSS_NONE track=1 half_lr=0/0 nearL=0@-1/0@-1 nearNum=0/129 centerNum=0/129 farL=0@-1/0@-1 farNum=0/0 farRaw=0/0 lost=1/0 not_have=0 final=23/17 flags=0/0
LineErr: aim=41 cxcy=84.0,119.6 left=0:0.00@-1,-1 dx=0.0 idx=-1/-1 dist=-1/-1 right=1:0.17@84,69 dx=-0.2 idx=0/20 dist=40/255 sel=1:57.73@56,125 dx=-28.3 idx=0/16 dist=32/32 edge=0:0.00@-1.0,-1.0 dx=0.0 width=0.0 l=-1,-1 r=110,70
ATGSeedDiag: seed=0@-1,-1/1@136,108 begin=7,108 block=5 clip=8
ATGLptDiag: best=-1(-57295.8) imip=-1/-1 pass=00000 acc=-1 ipm=-1.0,-1.0 inv=-1.0,-1.0 | 1(3.2) imip=0/11 pass=10111 acc=-1 ipm=107.8,114.2 inv=131.2,98.0
frame=295 line=1 track=1 cross=0 circle=3(CIRCLE_LEFT_IN) round=0 yroad=0 ramp=0 road=6 speed=0 near=0/1 raw=0/170 sel=23/17 far=0/0 far_raw=0/0 l=0@-1/0@-1 far_l=0@-1/0@-1 straight=0/0 far_straight=0/0 circle_cnt=0/0/0/0 lost=1/0 conf=0.0/0.0/0.0/0.0 dist=109 begin=0/3339 m0=(84,119) ml=(56,119) md=28/0/28 cxcy=84.0,119.6 guide=37.36 atg=-60.0/-60.0/-60.0 pure=20.63/20.63 yaw=-2989 cmd=-3389 actual=-1159 signed=1 rps=8445/-845:6861/3018 duty=21/-7 pwm=PWM2:21/PWM1:-7 motor=2:21/1:-7
ATGCorner: L=0@-1/0@-1 Y=0@-1/0@-1 farL=0@-1/0@-1 Lxy=-1.0,-1.0:-1.0,-1.0/-1.0,-1.0:-1.0,-1.0 Yxy=-1.0,-1.0:-1.0,-1.0/-1.0,-1.0:-1.0,-1.0 farLxy=-1.0,-1.0:-1.0,-1.0/-1.0,-1.0:-1.0,-1.0 best=-1:-1.0,-1.0:-1.0,-1.0:-57295.8:00000/-1:-1.0,-1.0:-1.0,-1.0:-57295.8:00000 seed_src=circle/lost seed=40.0,91.8/0.0,0.0 far_start=40,0 far_raw=0/0 far_num=0/0 straight=0/0 far_straight=0/0 conf_deg=0.0/0.0/0.0/0.0
CrossDiag: type=CROSS_NONE track=1 half_lr=0/0 nearL=0@-1/0@-1 nearNum=0/1 centerNum=0/1 farL=0@-1/0@-1 farNum=0/0 farRaw=0/0 lost=1/0 not_have=0 final=23/17 flags=0/0
LineErr: aim=41 cxcy=84.0,119.6 left=0:0.00@-1,-1 dx=0.0 idx=-1/-1 dist=-1/-1 right=0:0.00@-1,-1 dx=0.0 idx=-1/-1 dist=-1/-1 sel=1:57.73@56,125 dx=-28.3 idx=0/16 dist=32/32 edge=0:0.00@-1.0,-1.0 dx=0.0 width=0.0 l=-1,-1 r=-1,-1
ATGSeedDiag: seed=0@-1,-1/1@114,108 begin=7,108 block=5 clip=8
ATGLptDiag: best=-1(-57295.8) imip=-1/-1 pass=00000 acc=-1 ipm=-1.0,-1.0 inv=-1.0,-1.0 | -1(-57295.8) imip=-1/-1 pass=00000 acc=-1 ipm=-1.0,-1.0 inv=-1.0,-1.0
frame=296 line=1 track=1 cross=0 circle=3(CIRCLE_LEFT_IN) round=0 yroad=0 ramp=0 road=6 speed=0 near=0/133 raw=0/114 sel=23/17 far=0/0 far_raw=0/0 l=0@-1/0@-1 far_l=0@-1/0@-1 straight=0/1 far_straight=0/0 circle_cnt=0/0/0/0 lost=1/0 conf=0.0/2.7/0.0/0.0 dist=123 begin=0/3339 m0=(84,119) ml=(56,119) md=28/0/28 cxcy=84.0,119.6 guide=37.36 atg=-60.0/-60.0/-60.0 pure=20.63/20.63 yaw=-2989 cmd=-3389 actual=-1431 signed=1 rps=8445/-845:6986/3126 duty=21/-7 pwm=PWM2:21/PWM1:-7 motor=2:21/1:-7
ATGCorner: L=0@-1/0@-1 Y=0@-1/0@-1 farL=0@-1/0@-1 Lxy=-1.0,-1.0:-1.0,-1.0/-1.0,-1.0:-1.0,-1.0 Yxy=-1.0,-1.0:-1.0,-1.0/-1.0,-1.0:-1.0,-1.0 farLxy=-1.0,-1.0:-1.0,-1.0/-1.0,-1.0:-1.0,-1.0 best=-1:-1.0,-1.0:-1.0,-1.0:-57295.8:00000/1:108.3,114.2:132.2,98.0:2.7:10111 seed_src=circle/none seed=40.0,91.8/0.0,0.0 far_start=40,0 far_raw=0/0 far_num=0/0 straight=0/1 far_straight=0/0 conf_deg=0.0/2.7/0.0/0.0
CrossDiag: type=CROSS_NONE track=1 half_lr=0/0 nearL=0@-1/0@-1 nearNum=0/133 centerNum=0/133 farL=0@-1/0@-1 farNum=0/0 farRaw=0/0 lost=1/0 not_have=0 final=23/17 flags=0/0
LineErr: aim=41 cxcy=84.0,119.6 left=0:0.00@-1,-1 dx=0.0 idx=-1/-1 dist=-1/-1 right=1:-0.92@85,69 dx=1.2 idx=0/20 dist=40/261 sel=1:57.73@56,125 dx=-28.3 idx=0/16 dist=32/32 edge=0:0.00@-1.0,-1.0 dx=0.0 width=0.0 l=-1,-1 r=111,70
ATGSeedDiag: seed=0@-1,-1/1@137,108 begin=7,108 block=5 clip=8
ATGLptDiag: best=-1(-57295.8) imip=-1/-1 pass=00000 acc=-1 ipm=-1.0,-1.0 inv=-1.0,-1.0 | 1(2.7) imip=0/11 pass=10111 acc=-1 ipm=108.3,114.2 inv=132.2,98.0
frame=298 line=1 track=1 cross=0 circle=3(CIRCLE_LEFT_IN) round=0 yroad=0 ramp=0 road=6 speed=0 near=0/145 raw=0/123 sel=23/17 far=0/0 far_raw=0/0 l=0@-1/0@-1 far_l=0@-1/0@-1 straight=0/1 far_straight=0/0 circle_cnt=0/0/0/0 lost=1/0 conf=0.0/2.4/0.0/0.0 dist=151 begin=0/3339 m0=(84,119) ml=(56,119) md=28/0/28 cxcy=84.0,119.6 guide=37.36 atg=-60.0/-60.0/-60.0 pure=20.63/20.63 yaw=-2989 cmd=-3389 actual=-1951 signed=1 rps=8445/-845:7406/2994 duty=21/-7 pwm=PWM2:21/PWM1:-7 motor=2:21/1:-7
ATGCorner: L=0@-1/0@-1 Y=0@-1/0@-1 farL=0@-1/0@-1 Lxy=-1.0,-1.0:-1.0,-1.0/-1.0,-1.0:-1.0,-1.0 Yxy=-1.0,-1.0:-1.0,-1.0/-1.0,-1.0:-1.0,-1.0 farLxy=-1.0,-1.0:-1.0,-1.0/-1.0,-1.0:-1.0,-1.0 best=-1:-1.0,-1.0:-1.0,-1.0:-57295.8:00000/4:110.0,107.3:125.5,80.6:2.4:10111 seed_src=circle/none seed=40.0,91.8/0.0,0.0 far_start=40,0 far_raw=0/0 far_num=0/0 straight=0/1 far_straight=0/0 conf_deg=0.0/2.4/0.0/0.0
CrossDiag: type=CROSS_NONE track=1 half_lr=0/0 nearL=0@-1/0@-1 nearNum=0/145 centerNum=0/145 farL=0@-1/0@-1 farNum=0/0 farRaw=0/0 lost=1/0 not_have=0 final=23/17 flags=0/0
LineErr: aim=41 cxcy=84.0,119.6 left=0:0.00@-1,-1 dx=0.0 idx=-1/-1 dist=-1/-1 right=1:-2.59@87,68 dx=3.4 idx=0/20 dist=40/287 sel=1:57.73@56,125 dx=-28.3 idx=0/16 dist=32/32 edge=0:0.00@-1.0,-1.0 dx=0.0 width=0.0 l=-1,-1 r=113,70
ATGSeedDiag: seed=0@-1,-1/1@138,108 begin=7,108 block=5 clip=8
ATGLptDiag: best=-1(-57295.8) imip=-1/-1 pass=00000 acc=-1 ipm=-1.0,-1.0 inv=-1.0,-1.0 | 4(2.4) imip=0/14 pass=10111 acc=-1 ipm=110.0,107.3 inv=125.5,80.6
frame=299 line=1 track=1 cross=0 circle=3(CIRCLE_LEFT_IN) round=0 yroad=0 ramp=0 road=6 speed=0 near=0/141 raw=0/121 sel=23/17 far=0/0 far_raw=0/0 l=0@-1/0@-1 far_l=0@-1/0@-1 straight=0/1 far_straight=0/0 circle_cnt=0/0/0/0 lost=1/0 conf=0.0/2.3/0.0/0.0 dist=165 begin=0/3339 m0=(84,119) ml=(56,119) md=28/0/28 cxcy=84.0,119.6 guide=37.36 atg=-60.0/-60.0/-60.0 pure=20.63/20.63 yaw=-2989 cmd=-3389 actual=-2188 signed=1 rps=8445/-845:7311/2650 duty=21/-7 pwm=PWM2:21/PWM1:-7 motor=2:21/1:-7
ATGCorner: L=0@-1/0@-1 Y=0@-1/0@-1 farL=0@-1/0@-1 Lxy=-1.0,-1.0:-1.0,-1.0/-1.0,-1.0:-1.0,-1.0 Yxy=-1.0,-1.0:-1.0,-1.0/-1.0,-1.0:-1.0,-1.0 farLxy=-1.0,-1.0:-1.0,-1.0/-1.0,-1.0:-1.0,-1.0 best=-1:-1.0,-1.0:-1.0,-1.0:-57295.8:00000/2:109.9,112.0:132.0,91.5:2.3:10111 seed_src=circle/none seed=40.0,91.8/0.0,0.0 far_start=40,0 far_raw=0/0 far_num=0/0 straight=0/1 far_straight=0/0 conf_deg=0.0/2.3/0.0/0.0
CrossDiag: type=CROSS_NONE track=1 half_lr=0/0 nearL=0@-1/0@-1 nearNum=0/141 centerNum=0/141 farL=0@-1/0@-1 farNum=0/0 farRaw=0/0 lost=1/0 not_have=0 final=23/17 flags=0/0
LineErr: aim=41 cxcy=84.0,119.6 left=0:0.00@-1,-1 dx=0.0 idx=-1/-1 dist=-1/-1 right=1:-3.87@89,67 dx=5.1 idx=0/20 dist=40/278 sel=1:57.73@56,125 dx=-28.3 idx=0/16 dist=32/32 edge=0:0.00@-1.0,-1.0 dx=0.0 width=0.0 l=-1,-1 r=115,71
ATGSeedDiag: seed=0@-1,-1/1@139,108 begin=7,108 block=5 clip=8
ATGLptDiag: best=-1(-57295.8) imip=-1/-1 pass=00000 acc=-1 ipm=-1.0,-1.0 inv=-1.0,-1.0 | 2(2.3) imip=0/12 pass=10111 acc=-1 ipm=109.9,112.0 inv=132.0,91.5
frame=300 line=1 track=1 cross=0 circle=3(CIRCLE_LEFT_IN) round=0 yroad=0 ramp=0 road=6 speed=0 near=0/135 raw=0/117 sel=23/17 far=0/0 far_raw=0/0 l=0@-1/0@-1 far_l=0@-1/0@-1 straight=0/1 far_straight=0/0 circle_cnt=0/0/0/0 lost=1/0 conf=0.0/3.5/0.0/0.0 dist=178 begin=0/3339 m0=(84,119) ml=(56,119) md=28/0/28 cxcy=84.0,119.6 guide=37.36 atg=-60.0/-60.0/-60.0 pure=20.63/20.63 yaw=-2989 cmd=-3389 actual=-2407 signed=1 rps=8445/-845:7516/2546 duty=20/-7 pwm=PWM2:20/PWM1:-7 motor=2:20/1:-7
ATGCorner: L=0@-1/0@-1 Y=0@-1/0@-1 farL=0@-1/0@-1 Lxy=-1.0,-1.0:-1.0,-1.0/-1.0,-1.0:-1.0,-1.0 Yxy=-1.0,-1.0:-1.0,-1.0/-1.0,-1.0:-1.0,-1.0 farLxy=-1.0,-1.0:-1.0,-1.0/-1.0,-1.0:-1.0,-1.0 best=-1:-1.0,-1.0:-1.0,-1.0:-57295.8:00000/4:111.5,107.5:128.5,80.8:3.5:10111 seed_src=circle/none seed=40.0,91.8/0.0,0.0 far_start=40,0 far_raw=0/0 far_num=0/0 straight=0/1 far_straight=0/0 conf_deg=0.0/3.5/0.0/0.0
CrossDiag: type=CROSS_NONE track=1 half_lr=0/0 nearL=0@-1/0@-1 nearNum=0/135 centerNum=0/135 farL=0@-1/0@-1 farNum=0/0 farRaw=0/0 lost=1/0 not_have=0 final=23/17 flags=0/0
LineErr: aim=41 cxcy=84.0,119.6 left=0:0.00@-1,-1 dx=0.0 idx=-1/-1 dist=-1/-1 right=1:-5.30@91,66 dx=7.1 idx=0/20 dist=40/266 sel=1:57.73@56,125 dx=-28.3 idx=0/16 dist=32/32 edge=0:0.00@-1.0,-1.0 dx=0.0 width=0.0 l=-1,-1 r=117,71
ATGSeedDiag: seed=0@-1,-1/1@141,108 begin=7,108 block=5 clip=8
ATGLptDiag: best=-1(-57295.8) imip=-1/-1 pass=00000 acc=-1 ipm=-1.0,-1.0 inv=-1.0,-1.0 | 4(3.5) imip=0/14 pass=10111 acc=-1 ipm=111.5,107.5 inv=128.5,80.8
frame=301 line=1 track=1 cross=0 circle=3(CIRCLE_LEFT_IN) round=0 yroad=0 ramp=0 road=6 speed=0 near=0/133 raw=0/115 sel=23/17 far=0/0 far_raw=0/0 l=0@-1/0@-1 far_l=0@-1/0@-1 straight=0/1 far_straight=0/0 circle_cnt=0/0/0/0 lost=1/0 conf=0.0/5.4/0.0/0.0 dist=190 begin=0/3339 m0=(84,119) ml=(56,119) md=28/0/28 cxcy=84.0,119.6 guide=37.36 atg=-60.0/-60.0/-60.0 pure=20.63/20.63 yaw=-2989 cmd=-3389 actual=-2580 signed=1 rps=8445/-845:7313/2433 duty=21/-7 pwm=PWM2:21/PWM1:-7 motor=2:21/1:-7
ATGCorner: L=0@-1/0@-1 Y=0@-1/0@-1 farL=0@-1/0@-1 Lxy=-1.0,-1.0:-1.0,-1.0/-1.0,-1.0:-1.0,-1.0 Yxy=-1.0,-1.0:-1.0,-1.0/-1.0,-1.0:-1.0,-1.0 farLxy=-1.0,-1.0:-1.0,-1.0/-1.0,-1.0:-1.0,-1.0 best=-1:-1.0,-1.0:-1.0,-1.0:-57295.8:00000/3:112.0,109.8:132.8,86.2:5.4:10111 seed_src=circle/none seed=40.0,91.8/0.0,0.0 far_start=40,0 far_raw=0/0 far_num=0/0 straight=0/1 far_straight=0/0 conf_deg=0.0/5.4/0.0/0.0
CrossDiag: type=CROSS_NONE track=1 half_lr=0/0 nearL=0@-1/0@-1 nearNum=0/133 centerNum=0/133 farL=0@-1/0@-1 farNum=0/0 farRaw=0/0 lost=1/0 not_have=0 final=23/17 flags=0/0
LineErr: aim=41 cxcy=84.0,119.6 left=0:0.00@-1,-1 dx=0.0 idx=-1/-1 dist=-1/-1 right=1:-6.98@93,66 dx=9.4 idx=0/20 dist=40/260 sel=1:57.73@56,125 dx=-28.3 idx=0/16 dist=32/32 edge=0:0.00@-1.0,-1.0 dx=0.0 width=0.0 l=-1,-1 r=119,71
ATGSeedDiag: seed=0@-1,-1/1@142,108 begin=7,108 block=5 clip=8
ATGLptDiag: best=-1(-57295.8) imip=-1/-1 pass=00000 acc=-1 ipm=-1.0,-1.0 inv=-1.0,-1.0 | 3(5.4) imip=0/13 pass=10111 acc=-1 ipm=112.0,109.8 inv=132.8,86.2
frame=303 line=1 track=1 cross=0 circle=3(CIRCLE_LEFT_IN) round=0 yroad=0 ramp=0 road=6 speed=0 near=0/134 raw=0/117 sel=23/17 far=0/0 far_raw=0/0 l=0@-1/0@-1 far_l=0@-1/0@-1 straight=0/1 far_straight=0/0 circle_cnt=0/0/0/0 lost=1/0 conf=0.0/7.8/0.0/0.0 dist=215 begin=0/3339 m0=(84,119) ml=(56,119) md=28/0/28 cxcy=84.0,119.6 guide=37.36 atg=-60.0/-60.0/-60.0 pure=20.63/20.63 yaw=-2989 cmd=-3225 actual=-2871 signed=1 rps=8220/-620:7254/2117 duty=20/-5 pwm=PWM2:20/PWM1:-5 motor=2:20/1:-5
ATGCorner: L=0@-1/0@-1 Y=0@-1/0@-1 farL=0@-1/0@-1 Lxy=-1.0,-1.0:-1.0,-1.0/-1.0,-1.0:-1.0,-1.0 Yxy=-1.0,-1.0:-1.0,-1.0/-1.0,-1.0:-1.0,-1.0 farLxy=-1.0,-1.0:-1.0,-1.0/-1.0,-1.0:-1.0,-1.0 best=-1:-1.0,-1.0:-1.0,-1.0:-57295.8:00000/1:112.3,114.4:141.4,98.4:7.8:10111 seed_src=circle/none seed=40.0,91.8/0.0,0.0 far_start=40,0 far_raw=0/0 far_num=0/0 straight=0/1 far_straight=0/0 conf_deg=0.0/7.8/0.0/0.0
CrossDiag: type=CROSS_NONE track=1 half_lr=0/0 nearL=0@-1/0@-1 nearNum=0/134 centerNum=0/134 farL=0@-1/0@-1 farNum=0/0 farRaw=0/0 lost=1/0 not_have=0 final=23/17 flags=0/0
LineErr: aim=41 cxcy=84.0,119.6 left=0:0.00@-1,-1 dx=0.0 idx=-1/-1 dist=-1/-1 right=1:-10.28@98,65 dx=14.0 idx=0/20 dist=40/256 sel=1:57.73@56,125 dx=-28.3 idx=0/16 dist=32/32 edge=0:0.00@-1.0,-1.0 dx=0.0 width=0.0 l=-1,-1 r=123,72
ATGSeedDiag: seed=0@-1,-1/1@145,108 begin=7,108 block=5 clip=8
ATGLptDiag: best=-1(-57295.8) imip=-1/-1 pass=00000 acc=-1 ipm=-1.0,-1.0 inv=-1.0,-1.0 | 1(7.8) imip=0/11 pass=10111 acc=-1 ipm=112.3,114.4 inv=141.4,98.4
frame=304 line=1 track=1 cross=0 circle=3(CIRCLE_LEFT_IN) round=0 yroad=0 ramp=0 road=6 speed=0 near=0/140 raw=0/120 sel=23/17 far=0/0 far_raw=0/0 l=0@-1/0@-1 far_l=0@-1/0@-1 straight=0/1 far_straight=0/0 circle_cnt=0/0/0/0 lost=1/0 conf=0.0/8.8/0.0/0.0 dist=229 begin=0/3339 m0=(84,119) ml=(56,119) md=28/0/28 cxcy=84.0,119.6 guide=37.36 atg=-60.0/-60.0/-60.0 pure=20.63/20.63 yaw=-2989 cmd=-2953 actual=-3007 signed=1 rps=7847/-247:7357/1981 duty=19/-4 pwm=PWM2:19/PWM1:-4 motor=2:19/1:-4
ATGCorner: L=0@-1/0@-1 Y=0@-1/0@-1 farL=0@-1/0@-1 Lxy=-1.0,-1.0:-1.0,-1.0/-1.0,-1.0:-1.0,-1.0 Yxy=-1.0,-1.0:-1.0,-1.0/-1.0,-1.0:-1.0,-1.0 farLxy=-1.0,-1.0:-1.0,-1.0/-1.0,-1.0:-1.0,-1.0 best=-1:-1.0,-1.0:-1.0,-1.0:-57295.8:00000/1:113.2,114.2:142.9,97.7:8.8:10111 seed_src=circle/none seed=40.0,91.8/0.0,0.0 far_start=40,0 far_raw=0/0 far_num=0/0 straight=0/1 far_straight=0/0 conf_deg=0.0/8.8/0.0/0.0
CrossDiag: type=CROSS_NONE track=1 half_lr=0/0 nearL=0@-1/0@-1 nearNum=0/140 centerNum=0/140 farL=0@-1/0@-1 farNum=0/0 farRaw=0/0 lost=1/0 not_have=0 final=23/17 flags=0/0
LineErr: aim=41 cxcy=84.0,119.6 left=0:0.00@-1,-1 dx=0.0 idx=-1/-1 dist=-1/-1 right=1:-11.92@100,65 dx=16.5 idx=0/20 dist=40/271 sel=1:57.73@56,125 dx=-28.3 idx=0/16 dist=32/32 edge=0:0.00@-1.0,-1.0 dx=0.0 width=0.0 l=-1,-1 r=126,72
ATGSeedDiag: seed=0@-1,-1/1@146,107 begin=7,108 block=5 clip=8
ATGLptDiag: best=-1(-57295.8) imip=-1/-1 pass=00000 acc=-1 ipm=-1.0,-1.0 inv=-1.0,-1.0 | 1(8.8) imip=0/11 pass=10111 acc=-1 ipm=113.2,114.2 inv=142.9,97.7
frame=305 line=1 track=1 cross=0 circle=3(CIRCLE_LEFT_IN) round=0 yroad=0 ramp=0 road=6 speed=0 near=0/147 raw=0/126 sel=23/17 far=0/0 far_raw=0/0 l=0@-1/0@-1 far_l=0@-1/0@-1 straight=0/1 far_straight=0/0 circle_cnt=0/0/0/0 lost=1/0 conf=0.0/5.1/0.0/0.0 dist=243 begin=0/3339 m0=(84,119) ml=(56,119) md=28/0/28 cxcy=84.0,119.6 guide=37.36 atg=-60.0/-60.0/-60.0 pure=20.63/20.63 yaw=-2989 cmd=-2677 actual=-3145 signed=1 rps=7469/131:8042/2135 duty=16/0 pwm=PWM2:16/PWM1:0 motor=2:16/1:0
ATGCorner: L=0@-1/0@-1 Y=0@-1/0@-1 farL=0@-1/0@-1 Lxy=-1.0,-1.0:-1.0,-1.0/-1.0,-1.0:-1.0,-1.0 Yxy=-1.0,-1.0:-1.0,-1.0/-1.0,-1.0:-1.0,-1.0 farLxy=-1.0,-1.0:-1.0,-1.0/-1.0,-1.0:-1.0,-1.0 best=-1:-1.0,-1.0:-1.0,-1.0:-57295.8:00000/2:114.9,112.3:142.9,92.4:5.1:10111 seed_src=circle/none seed=40.0,91.8/0.0,0.0 far_start=40,0 far_raw=0/0 far_num=0/0 straight=0/1 far_straight=0/0 conf_deg=0.0/5.1/0.0/0.0
CrossDiag: type=CROSS_NONE track=1 half_lr=0/0 nearL=0@-1/0@-1 nearNum=0/147 centerNum=0/147 farL=0@-1/0@-1 farNum=0/0 farRaw=0/0 lost=1/0 not_have=0 final=23/17 flags=0/0
LineErr: aim=41 cxcy=84.0,119.6 left=0:0.00@-1,-1 dx=0.0 idx=-1/-1 dist=-1/-1 right=1:-13.66@103,65 dx=19.0 idx=0/20 dist=40/288 sel=1:57.73@56,125 dx=-28.3 idx=0/16 dist=32/32 edge=0:0.00@-1.0,-1.0 dx=0.0 width=0.0 l=-1,-1 r=128,73
ATGSeedDiag: seed=0@-1,-1/1@148,108 begin=7,108 block=5 clip=8
ATGLptDiag: best=-1(-57295.8) imip=-1/-1 pass=00000 acc=-1 ipm=-1.0,-1.0 inv=-1.0,-1.0 | 2(5.1) imip=0/12 pass=10111 acc=-1 ipm=114.9,112.3 inv=142.9,92.4
frame=306 line=1 track=1 cross=0 circle=3(CIRCLE_LEFT_IN) round=0 yroad=0 ramp=0 road=6 speed=0 near=0/144 raw=0/124 sel=23/17 far=0/0 far_raw=0/0 l=0@-1/0@-1 far_l=0@-1/0@-1 straight=0/1 far_straight=0/0 circle_cnt=0/0/0/0 lost=1/0 conf=0.0/3.5/0.0/0.0 dist=258 begin=0/3339 m0=(84,119) ml=(56,119) md=28/0/28 cxcy=84.0,119.6 guide=37.36 atg=-60.0/-60.0/-60.0 pure=20.63/20.63 yaw=-2989 cmd=-2589 actual=-3263 signed=1 rps=7348/252:7873/2207 duty=16/0 pwm=PWM2:16/PWM1:0 motor=2:16/1:0
ATGCorner: L=0@-1/0@-1 Y=0@-1/0@-1 farL=0@-1/0@-1 Lxy=-1.0,-1.0:-1.0,-1.0/-1.0,-1.0:-1.0,-1.0 Yxy=-1.0,-1.0:-1.0,-1.0/-1.0,-1.0:-1.0,-1.0 farLxy=-1.0,-1.0:-1.0,-1.0/-1.0,-1.0:-1.0,-1.0 best=-1:-1.0,-1.0:-1.0,-1.0:-57295.8:00000/1:114.9,114.5:147.2,98.6:3.5:10111 seed_src=circle/none seed=40.0,91.8/0.0,0.0 far_start=40,0 far_raw=0/0 far_num=0/0 straight=0/1 far_straight=0/0 conf_deg=0.0/3.5/0.0/0.0
CrossDiag: type=CROSS_NONE track=1 half_lr=0/0 nearL=0@-1/0@-1 nearNum=0/144 centerNum=0/144 farL=0@-1/0@-1 farNum=0/0 farRaw=0/0 lost=1/0 not_have=0 final=23/17 flags=0/0
LineErr: aim=41 cxcy=84.0,119.6 left=0:0.00@-1,-1 dx=0.0 idx=-1/-1 dist=-1/-1 right=1:-15.44@106,64 dx=21.7 idx=0/20 dist=40/281 sel=1:57.73@56,125 dx=-28.3 idx=0/16 dist=32/32 edge=0:0.00@-1.0,-1.0 dx=0.0 width=0.0 l=-1,-1 r=130,73
ATGSeedDiag: seed=0@-1,-1/1@150,108 begin=7,108 block=5 clip=8
ATGLptDiag: best=-1(-57295.8) imip=-1/-1 pass=00000 acc=-1 ipm=-1.0,-1.0 inv=-1.0,-1.0 | 1(3.5) imip=0/11 pass=10111 acc=-1 ipm=114.9,114.5 inv=147.2,98.6
frame=308 line=1 track=1 cross=0 circle=3(CIRCLE_LEFT_IN) round=0 yroad=0 ramp=0 road=6 speed=0 near=0/139 raw=0/119 sel=23/17 far=0/0 far_raw=0/0 l=0@-1/0@-1 far_l=0@-1/0@-1 straight=0/1 far_straight=0/0 circle_cnt=0/0/0/0 lost=1/0 conf=0.0/2.4/0.0/0.0 dist=286 begin=0/3339 m0=(84,119) ml=(56,119) md=28/0/28 cxcy=84.0,119.6 guide=37.36 atg=-60.0/-60.0/-60.0 pure=20.63/20.63 yaw=-2989 cmd=-2589 actual=-3424 signed=1 rps=7348/252:7507/2871 duty=17/0 pwm=PWM2:17/PWM1:0 motor=2:17/1:0
ATGCorner: L=0@-1/0@-1 Y=0@-1/0@-1 farL=0@-1/0@-1 Lxy=-1.0,-1.0:-1.0,-1.0/-1.0,-1.0:-1.0,-1.0 Yxy=-1.0,-1.0:-1.0,-1.0/-1.0,-1.0:-1.0,-1.0 farLxy=-1.0,-1.0:-1.0,-1.0/-1.0,-1.0:-1.0,-1.0 best=-1:-1.0,-1.0:-1.0,-1.0:-57295.8:00000/3:119.0,110.5:147.8,87.6:2.4:10111 seed_src=circle/none seed=40.0,91.8/0.0,0.0 far_start=40,0 far_raw=0/0 far_num=0/0 straight=0/1 far_straight=0/0 conf_deg=0.0/2.4/0.0/0.0
CrossDiag: type=CROSS_NONE track=1 half_lr=0/0 nearL=0@-1/0@-1 nearNum=0/139 centerNum=0/139 farL=0@-1/0@-1 farNum=0/0 farRaw=0/0 lost=1/0 not_have=0 final=23/17 flags=0/0
LineErr: aim=41 cxcy=84.0,119.6 left=0:0.00@-1,-1 dx=0.0 idx=-1/-1 dist=-1/-1 right=1:-19.35@112,64 dx=27.7 idx=0/20 dist=40/268 sel=1:57.73@56,125 dx=-28.3 idx=0/16 dist=32/32 edge=0:0.00@-1.0,-1.0 dx=0.0 width=0.0 l=-1,-1 r=135,75
ATGSeedDiag: seed=0@-1,-1/1@154,108 begin=7,108 block=5 clip=8
ATGLptDiag: best=-1(-57295.8) imip=-1/-1 pass=00000 acc=-1 ipm=-1.0,-1.0 inv=-1.0,-1.0 | 3(2.4) imip=0/13 pass=10111 acc=-1 ipm=119.0,110.5 inv=147.8,87.6
frame=309 line=1 track=1 cross=0 circle=3(CIRCLE_LEFT_IN) round=0 yroad=0 ramp=0 road=6 speed=0 near=0/143 raw=0/118 sel=23/17 far=0/0 far_raw=0/0 l=0@-1/0@-1 far_l=0@-1/0@-1 straight=0/1 far_straight=0/0 circle_cnt=0/0/0/0 lost=1/0 conf=0.0/2.7/0.0/0.0 dist=299 begin=0/3339 m0=(84,119) ml=(56,119) md=28/0/28 cxcy=84.0,119.6 guide=37.36 atg=-60.0/-60.0/-60.0 pure=20.63/20.63 yaw=-2989 cmd=-2589 actual=-3449 signed=1 rps=7348/252:6738/2968 duty=18/0 pwm=PWM2:18/PWM1:0 motor=2:18/1:0
ATGCorner: L=0@-1/0@-1 Y=0@-1/0@-1 farL=0@-1/0@-1 Lxy=-1.0,-1.0:-1.0,-1.0/-1.0,-1.0:-1.0,-1.0 Yxy=-1.0,-1.0:-1.0,-1.0/-1.0,-1.0:-1.0,-1.0 farLxy=-1.0,-1.0:-1.0,-1.0/-1.0,-1.0:-1.0,-1.0 best=-1:-1.0,-1.0:-1.0,-1.0:-57295.8:00000/4:122.3,107.1:147.6,79.8:2.7:10111 seed_src=circle/none seed=40.0,91.8/0.0,0.0 far_start=40,0 far_raw=0/0 far_num=0/0 straight=0/1 far_straight=0/0 conf_deg=0.0/2.7/0.0/0.0
CrossDiag: type=CROSS_NONE track=1 half_lr=0/0 nearL=0@-1/0@-1 nearNum=0/143 centerNum=0/143 farL=0@-1/0@-1 farNum=0/0 farRaw=0/0 lost=1/0 not_have=0 final=23/17 flags=0/0
LineErr: aim=41 cxcy=84.0,119.6 left=0:0.00@-1,-1 dx=0.0 idx=-1/-1 dist=-1/-1 right=1:-21.62@116,62 dx=31.8 idx=0/20 dist=40/284 sel=1:57.73@56,125 dx=-28.3 idx=0/16 dist=32/32 edge=0:0.00@-1.0,-1.0 dx=0.0 width=0.0 l=-1,-1 r=139,74
ATGSeedDiag: seed=0@-1,-1/1@155,103 begin=7,108 block=5 clip=8
ATGLptDiag: best=-1(-57295.8) imip=-1/-1 pass=00000 acc=-1 ipm=-1.0,-1.0 inv=-1.0,-1.0 | 4(2.7) imip=0/14 pass=10111 acc=-1 ipm=122.3,107.1 inv=147.6,79.8
frame=310 line=1 track=1 cross=0 circle=3(CIRCLE_LEFT_IN) round=0 yroad=0 ramp=0 road=6 speed=0 near=0/151 raw=0/116 sel=23/17 far=0/0 far_raw=0/0 l=0@-1/0@-1 far_l=0@-1/0@-1 straight=0/1 far_straight=0/0 circle_cnt=0/0/0/0 lost=1/0 conf=0.0/1.5/0.0/0.0 dist=313 begin=0/3339 m0=(84,119) ml=(56,119) md=28/0/28 cxcy=84.0,119.6 guide=37.36 atg=-60.0/-60.0/-60.0 pure=20.63/20.63 yaw=-2989 cmd=-2589 actual=-3444 signed=1 rps=7348/252:6817/3224 duty=18/0 pwm=PWM2:18/PWM1:0 motor=2:18/1:0
ATGCorner: L=0@-1/0@-1 Y=0@-1/0@-1 farL=0@-1/0@-1 Lxy=-1.0,-1.0:-1.0,-1.0/-1.0,-1.0:-1.0,-1.0 Yxy=-1.0,-1.0:-1.0,-1.0/-1.0,-1.0:-1.0,-1.0 farLxy=-1.0,-1.0:-1.0,-1.0/-1.0,-1.0:-1.0,-1.0 best=-1:-1.0,-1.0:-1.0,-1.0:-57295.8:00000/46:172.1,18.4:125.9,19.5:1.5:10111 seed_src=circle/none seed=40.0,91.8/0.0,0.0 far_start=40,0 far_raw=0/0 far_num=0/0 straight=0/1 far_straight=0/0 conf_deg=0.0/1.5/0.0/0.0
CrossDiag: type=CROSS_NONE track=1 half_lr=0/0 nearL=0@-1/0@-1 nearNum=0/151 centerNum=0/151 farL=0@-1/0@-1 farNum=0/0 farRaw=0/0 lost=1/0 not_have=0 final=23/17 flags=0/0
LineErr: aim=41 cxcy=84.0,119.6 left=0:0.00@-1,-1 dx=0.0 idx=-1/-1 dist=-1/-1 right=1:-23.54@120,59 dx=36.4 idx=0/20 dist=40/295 sel=1:57.73@56,125 dx=-28.3 idx=0/16 dist=32/32 edge=0:0.00@-1.0,-1.0 dx=0.0 width=0.0 l=-1,-1 r=143,71
ATGSeedDiag: seed=0@-1,-1/1@155,94 begin=7,108 block=5 clip=8
ATGLptDiag: best=-1(-57295.8) imip=-1/-1 pass=00000 acc=-1 ipm=-1.0,-1.0 inv=-1.0,-1.0 | 46(1.5) imip=36/56 pass=10111 acc=-1 ipm=172.1,18.4 inv=125.9,19.5
frame=311 line=1 track=1 cross=0 circle=3(CIRCLE_LEFT_IN) round=0 yroad=0 ramp=0 road=6 speed=0 near=0/170 raw=0/170 sel=23/17 far=0/0 far_raw=0/0 l=0@-1/0@-1 far_l=0@-1/0@-1 straight=0/1 far_straight=0/0 circle_cnt=0/0/0/0 lost=1/0 conf=0.0/1.6/0.0/0.0 dist=327 begin=0/3339 m0=(84,119) ml=(56,119) md=28/0/28 cxcy=84.0,119.6 guide=37.36 atg=-60.0/-60.0/-60.0 pure=20.63/20.63 yaw=-2989 cmd=-2589 actual=-3435 signed=1 rps=7348/252:6677/3090 duty=18/0 pwm=PWM2:18/PWM1:0 motor=2:18/1:0
ATGCorner: L=0@-1/0@-1 Y=0@-1/0@-1 farL=0@-1/0@-1 Lxy=-1.0,-1.0:-1.0,-1.0/-1.0,-1.0:-1.0,-1.0 Yxy=-1.0,-1.0:-1.0,-1.0/-1.0,-1.0:-1.0,-1.0 farLxy=-1.0,-1.0:-1.0,-1.0/-1.0,-1.0:-1.0,-1.0 best=-1:-1.0,-1.0:-1.0,-1.0:-57295.8:00000/4:129.8,100.4:149.2,67.8:1.6:10111 seed_src=circle/none seed=40.0,91.8/0.0,0.0 far_start=40,0 far_raw=0/0 far_num=0/0 straight=0/1 far_straight=0/0 conf_deg=0.0/1.6/0.0/0.0
CrossDiag: type=CROSS_NONE track=1 half_lr=0/0 nearL=0@-1/0@-1 nearNum=0/170 centerNum=0/170 farL=0@-1/0@-1 farNum=0/0 farRaw=0/0 lost=1/0 not_have=0 final=23/17 flags=0/0
LineErr: aim=41 cxcy=84.0,119.6 left=0:0.00@-1,-1 dx=0.0 idx=-1/-1 dist=-1/-1 right=1:-25.75@126,55 dx=42.1 idx=0/20 dist=40/310 sel=1:57.73@56,125 dx=-28.3 idx=0/16 dist=32/32 edge=0:0.00@-1.0,-1.0 dx=0.0 width=0.0 l=-1,-1 r=149,69
ATGSeedDiag: seed=0@-1,-1/1@155,85 begin=7,108 block=5 clip=8
ATGLptDiag: best=-1(-57295.8) imip=-1/-1 pass=00000 acc=-1 ipm=-1.0,-1.0 inv=-1.0,-1.0 | 4(1.6) imip=0/14 pass=10111 acc=-1 ipm=129.8,100.4 inv=149.2,67.8
frame=312 line=1 track=1 cross=0 circle=3(CIRCLE_LEFT_IN) round=0 yroad=0 ramp=0 road=6 speed=0 near=0/2 raw=0/170 sel=23/17 far=0/0 far_raw=0/0 l=0@-1/0@-1 far_l=0@-1/0@-1 straight=0/0 far_straight=0/0 circle_cnt=0/0/0/0 lost=1/0 conf=0.0/0.0/0.0/0.0 dist=342 begin=0/3339 m0=(84,119) ml=(56,119) md=28/0/28 cxcy=84.0,119.6 guide=37.36 atg=-60.0/-60.0/-60.0 pure=20.63/20.63 yaw=-2989 cmd=-2589 actual=-3404 signed=1 rps=7348/252:7245/3407 duty=17/0 pwm=PWM2:17/PWM1:0 motor=2:17/1:0
ATGCorner: L=0@-1/0@-1 Y=0@-1/0@-1 farL=0@-1/0@-1 Lxy=-1.0,-1.0:-1.0,-1.0/-1.0,-1.0:-1.0,-1.0 Yxy=-1.0,-1.0:-1.0,-1.0/-1.0,-1.0:-1.0,-1.0 farLxy=-1.0,-1.0:-1.0,-1.0/-1.0,-1.0:-1.0,-1.0 best=-1:-1.0,-1.0:-1.0,-1.0:-57295.8:00000/-1:-1.0,-1.0:-1.0,-1.0:-57295.8:00000 seed_src=circle/none seed=40.0,91.8/0.0,0.0 far_start=40,0 far_raw=0/0 far_num=0/0 straight=0/0 far_straight=0/0 conf_deg=0.0/0.0/0.0/0.0
CrossDiag: type=CROSS_NONE track=1 half_lr=0/0 nearL=0@-1/0@-1 nearNum=0/2 centerNum=0/2 farL=0@-1/0@-1 farNum=0/0 farRaw=0/0 lost=1/0 not_have=0 final=23/17 flags=0/0
LineErr: aim=41 cxcy=84.0,119.6 left=0:0.00@-1,-1 dx=0.0 idx=-1/-1 dist=-1/-1 right=1:-29.83@113,93 dx=28.8 idx=0/1 dist=2/2 sel=1:57.73@56,125 dx=-28.3 idx=0/16 dist=32/32 edge=0:0.00@-1.0,-1.0 dx=0.0 width=0.0 l=-1,-1 r=96,112
ATGSeedDiag: seed=0@-1,-1/1@99,91 begin=7,108 block=5 clip=8
ATGLptDiag: best=-1(-57295.8) imip=-1/-1 pass=00000 acc=-1 ipm=-1.0,-1.0 inv=-1.0,-1.0 | -1(-57295.8) imip=-1/-1 pass=00000 acc=-1 ipm=-1.0,-1.0 inv=-1.0,-1.0
frame=313 line=1 track=1 cross=0 circle=3(CIRCLE_LEFT_IN) round=0 yroad=0 ramp=0 road=6 speed=0 near=0/1 raw=0/170 sel=23/17 far=0/0 far_raw=0/0 l=0@-1/0@-1 far_l=0@-1/0@-1 straight=0/0 far_straight=0/0 circle_cnt=0/0/0/0 lost=1/0 conf=0.0/0.0/0.0/0.0 dist=357 begin=0/3339 m0=(84,119) ml=(56,119) md=28/0/28 cxcy=84.0,119.6 guide=37.36 atg=-60.0/-60.0/-60.0 pure=20.63/20.63 yaw=-2989 cmd=-2589 actual=-3358 signed=1 rps=7348/252:7544/3550 duty=17/0 pwm=PWM2:17/PWM1:0 motor=2:17/1:0
ATGCorner: L=0@-1/0@-1 Y=0@-1/0@-1 farL=0@-1/0@-1 Lxy=-1.0,-1.0:-1.0,-1.0/-1.0,-1.0:-1.0,-1.0 Yxy=-1.0,-1.0:-1.0,-1.0/-1.0,-1.0:-1.0,-1.0 farLxy=-1.0,-1.0:-1.0,-1.0/-1.0,-1.0:-1.0,-1.0 best=-1:-1.0,-1.0:-1.0,-1.0:-57295.8:00000/-1:-1.0,-1.0:-1.0,-1.0:-57295.8:00000 seed_src=circle/lost seed=40.0,91.8/0.0,0.0 far_start=40,0 far_raw=0/0 far_num=0/0 straight=0/0 far_straight=0/0 conf_deg=0.0/0.0/0.0/0.0
CrossDiag: type=CROSS_NONE track=1 half_lr=0/0 nearL=0@-1/0@-1 nearNum=0/1 centerNum=0/1 farL=0@-1/0@-1 farNum=0/0 farRaw=0/0 lost=1/0 not_have=0 final=23/17 flags=0/0
LineErr: aim=41 cxcy=84.0,119.6 left=0:0.00@-1,-1 dx=0.0 idx=-1/-1 dist=-1/-1 right=0:0.00@-1,-1 dx=0.0 idx=-1/-1 dist=-1/-1 sel=1:57.73@56,125 dx=-28.3 idx=0/16 dist=32/32 edge=0:0.00@-1.0,-1.0 dx=0.0 width=0.0 l=-1,-1 r=-1,-1
ATGSeedDiag: seed=0@-1,-1/1@103,96 begin=7,108 block=5 clip=8
ATGLptDiag: best=-1(-57295.8) imip=-1/-1 pass=00000 acc=-1 ipm=-1.0,-1.0 inv=-1.0,-1.0 | -1(-57295.8) imip=-1/-1 pass=00000 acc=-1 ipm=-1.0,-1.0 inv=-1.0,-1.0
frame=314 line=1 track=0 cross=0 circle=3(CIRCLE_LEFT_IN) round=0 yroad=0 ramp=0 road=6 speed=0 near=0/0 raw=0/0 sel=23/17 far=0/0 far_raw=0/0 l=0@-1/0@-1 far_l=0@-1/0@-1 straight=0/0 far_straight=0/0 circle_cnt=0/0/0/0 lost=1/0 conf=0.0/0.0/0.0/0.0 dist=372 begin=0/3339 m0=(84,119) ml=(56,119) md=28/0/28 cxcy=84.0,119.6 guide=37.36 atg=-60.0/-60.0/-60.0 pure=20.63/20.63 yaw=-2989 cmd=-2589 actual=-3293 signed=1 rps=7348/252:7231/3389 duty=17/0 pwm=PWM2:17/PWM1:0 motor=2:17/1:0
ATGCorner: L=0@-1/0@-1 Y=0@-1/0@-1 farL=0@-1/0@-1 Lxy=-1.0,-1.0:-1.0,-1.0/-1.0,-1.0:-1.0,-1.0 Yxy=-1.0,-1.0:-1.0,-1.0/-1.0,-1.0:-1.0,-1.0 farLxy=-1.0,-1.0:-1.0,-1.0/-1.0,-1.0:-1.0,-1.0 best=-1:-1.0,-1.0:-1.0,-1.0:-57295.8:00000/-1:-1.0,-1.0:-1.0,-1.0:-57295.8:00000 seed_src=circle/lost seed=40.0,91.8/0.0,0.0 far_start=40,0 far_raw=0/0 far_num=0/0 straight=0/0 far_straight=0/0 conf_deg=0.0/0.0/0.0/0.0
CrossDiag: type=CROSS_NONE track=0 half_lr=0/0 nearL=0@-1/0@-1 nearNum=0/0 centerNum=0/0 farL=0@-1/0@-1 farNum=0/0 farRaw=0/0 lost=1/0 not_have=0 final=23/17 flags=0/0
LineErr: aim=41 cxcy=84.0,119.6 left=0:0.00@-1,-1 dx=0.0 idx=-1/-1 dist=-1/-1 right=0:0.00@-1,-1 dx=0.0 idx=-1/-1 dist=-1/-1 sel=1:57.73@56,125 dx=-28.3 idx=0/16 dist=32/32 edge=0:0.00@-1.0,-1.0 dx=0.0 width=0.0 l=-1,-1 r=-1,-1
ATGSeedDiag: seed=0@-1,-1/0@-1,-1 begin=7,108 block=5 clip=8
ATGLptDiag: best=-1(-57295.8) imip=-1/-1 pass=00000 acc=-1 ipm=-1.0,-1.0 inv=-1.0,-1.0 | -1(-57295.8) imip=-1/-1 pass=00000 acc=-1 ipm=-1.0,-1.0 inv=-1.0,-1.0
frame=315 line=1 track=1 cross=0 circle=3(CIRCLE_LEFT_IN) round=0 yroad=0 ramp=0 road=6 speed=0 near=0/15 raw=0/170 sel=23/17 far=0/0 far_raw=0/0 l=0@-1/0@-1 far_l=0@-1/0@-1 straight=0/0 far_straight=0/0 circle_cnt=0/0/0/0 lost=1/0 conf=0.0/179.9/0.0/0.0 dist=386 begin=0/3339 m0=(84,119) ml=(56,119) md=28/0/28 cxcy=84.0,119.6 guide=37.36 atg=-60.0/-60.0/-60.0 pure=20.63/20.63 yaw=-2989 cmd=-2589 actual=-3247 signed=1 rps=7348/252:7369/3419 duty=17/0 pwm=PWM2:17/PWM1:0 motor=2:17/1:0
ATGCorner: L=0@-1/0@-1 Y=0@-1/0@-1 farL=0@-1/0@-1 Lxy=-1.0,-1.0:-1.0,-1.0/-1.0,-1.0:-1.0,-1.0 Yxy=-1.0,-1.0:-1.0,-1.0/-1.0,-1.0:-1.0,-1.0 farLxy=-1.0,-1.0:-1.0,-1.0/-1.0,-1.0:-1.0,-1.0 best=-1:-1.0,-1.0:-1.0,-1.0:-57295.8:00000/10:96.2,113.5:104.8,96.1:179.9:11011 seed_src=circle/none seed=40.0,91.8/0.0,0.0 far_start=40,0 far_raw=0/0 far_num=0/0 straight=0/0 far_straight=0/0 conf_deg=0.0/179.9/0.0/0.0
CrossDiag: type=CROSS_NONE track=1 half_lr=0/0 nearL=0@-1/0@-1 nearNum=0/15 centerNum=0/15 farL=0@-1/0@-1 farNum=0/0 farRaw=0/0 lost=1/0 not_have=0 final=23/17 flags=0/0
LineErr: aim=41 cxcy=84.0,119.6 left=0:0.00@-1,-1 dx=0.0 idx=-1/-1 dist=-1/-1 right=1:-70.76@114,132 dx=30.4 idx=11/12 dist=34/102 sel=1:57.73@56,125 dx=-28.3 idx=0/16 dist=32/32 edge=0:0.00@-1.0,-1.0 dx=0.0 width=0.0 l=-1,-1 r=-1,-1
ATGSeedDiag: seed=0@-1,-1/1@106,99 begin=7,108 block=5 clip=8
ATGLptDiag: best=-1(-57295.8) imip=-1/-1 pass=00000 acc=-1 ipm=-1.0,-1.0 inv=-1.0,-1.0 | 10(179.9) imip=0/14 pass=11011 acc=-1 ipm=96.2,113.5 inv=104.8,96.1
frame=316 line=1 track=1 cross=0 circle=3(CIRCLE_LEFT_IN) round=0 yroad=0 ramp=0 road=6 speed=0 near=0/1 raw=0/170 sel=23/17 far=0/0 far_raw=0/0 l=0@-1/0@-1 far_l=0@-1/0@-1 straight=0/0 far_straight=0/0 circle_cnt=0/0/0/0 lost=1/0 conf=0.0/0.0/0.0/0.0 dist=401 begin=0/3339 m0=(84,119) ml=(56,119) md=28/0/28 cxcy=84.0,119.6 guide=37.36 atg=-60.0/-60.0/-60.0 pure=20.63/20.63 yaw=-2989 cmd=-2589 actual=-3208 signed=1 rps=7348/252:7143/3364 duty=17/0 pwm=PWM2:17/PWM1:0 motor=2:17/1:0
ATGCorner: L=0@-1/0@-1 Y=0@-1/0@-1 farL=0@-1/0@-1 Lxy=-1.0,-1.0:-1.0,-1.0/-1.0,-1.0:-1.0,-1.0 Yxy=-1.0,-1.0:-1.0,-1.0/-1.0,-1.0:-1.0,-1.0 farLxy=-1.0,-1.0:-1.0,-1.0/-1.0,-1.0:-1.0,-1.0 best=-1:-1.0,-1.0:-1.0,-1.0:-57295.8:00000/-1:-1.0,-1.0:-1.0,-1.0:-57295.8:00000 seed_src=circle/lost seed=40.0,91.8/0.0,0.0 far_start=40,0 far_raw=0/0 far_num=0/0 straight=0/0 far_straight=0/0 conf_deg=0.0/0.0/0.0/0.0
CrossDiag: type=CROSS_NONE track=1 half_lr=0/0 nearL=0@-1/0@-1 nearNum=0/1 centerNum=0/1 farL=0@-1/0@-1 farNum=0/0 farRaw=0/0 lost=1/0 not_have=0 final=23/17 flags=0/0
LineErr: aim=41 cxcy=84.0,119.6 left=0:0.00@-1,-1 dx=0.0 idx=-1/-1 dist=-1/-1 right=0:0.00@-1,-1 dx=0.0 idx=-1/-1 dist=-1/-1 sel=1:57.73@56,125 dx=-28.3 idx=0/16 dist=32/32 edge=0:0.00@-1.0,-1.0 dx=0.0 width=0.0 l=-1,-1 r=-1,-1
ATGSeedDiag: seed=0@-1,-1/1@110,105 begin=7,108 block=5 clip=8
ATGLptDiag: best=-1(-57295.8) imip=-1/-1 pass=00000 acc=-1 ipm=-1.0,-1.0 inv=-1.0,-1.0 | -1(-57295.8) imip=-1/-1 pass=00000 acc=-1 ipm=-1.0,-1.0 inv=-1.0,-1.0
frame=317 line=1 track=0 cross=0 circle=3(CIRCLE_LEFT_IN) round=0 yroad=0 ramp=0 road=6 speed=0 near=0/0 raw=0/0 sel=23/17 far=0/0 far_raw=0/0 l=0@-1/0@-1 far_l=0@-1/0@-1 straight=0/0 far_straight=0/0 circle_cnt=0/0/0/0 lost=1/0 conf=0.0/0.0/0.0/0.0 dist=417 begin=0/3339 m0=(84,119) ml=(56,119) md=28/0/28 cxcy=84.0,119.6 guide=37.36 atg=-60.0/-60.0/-60.0 pure=20.63/20.63 yaw=-2989 cmd=-2621 actual=-3173 signed=1 rps=7392/208:6880/3367 duty=18/0 pwm=PWM2:18/PWM1:0 motor=2:18/1:0
ATGCorner: L=0@-1/0@-1 Y=0@-1/0@-1 farL=0@-1/0@-1 Lxy=-1.0,-1.0:-1.0,-1.0/-1.0,-1.0:-1.0,-1.0 Yxy=-1.0,-1.0:-1.0,-1.0/-1.0,-1.0:-1.0,-1.0 farLxy=-1.0,-1.0:-1.0,-1.0/-1.0,-1.0:-1.0,-1.0 best=-1:-1.0,-1.0:-1.0,-1.0:-57295.8:00000/-1:-1.0,-1.0:-1.0,-1.0:-57295.8:00000 seed_src=circle/lost seed=40.0,91.8/0.0,0.0 far_start=40,0 far_raw=0/0 far_num=0/0 straight=0/0 far_straight=0/0 conf_deg=0.0/0.0/0.0/0.0
CrossDiag: type=CROSS_NONE track=0 half_lr=0/0 nearL=0@-1/0@-1 nearNum=0/0 centerNum=0/0 farL=0@-1/0@-1 farNum=0/0 farRaw=0/0 lost=1/0 not_have=0 final=23/17 flags=0/0
LineErr: aim=41 cxcy=84.0,119.6 left=0:0.00@-1,-1 dx=0.0 idx=-1/-1 dist=-1/-1 right=0:0.00@-1,-1 dx=0.0 idx=-1/-1 dist=-1/-1 sel=1:57.73@56,125 dx=-28.3 idx=0/16 dist=32/32 edge=0:0.00@-1.0,-1.0 dx=0.0 width=0.0 l=-1,-1 r=-1,-1
ATGSeedDiag: seed=0@-1,-1/0@-1,-1 begin=7,108 block=5 clip=8
ATGLptDiag: best=-1(-57295.8) imip=-1/-1 pass=00000 acc=-1 ipm=-1.0,-1.0 inv=-1.0,-1.0 | -1(-57295.8) imip=-1/-1 pass=00000 acc=-1 ipm=-1.0,-1.0 inv=-1.0,-1.0
frame=319 line=1 track=0 cross=0 circle=3(CIRCLE_LEFT_IN) round=0 yroad=0 ramp=0 road=6 speed=0 near=0/0 raw=0/0 sel=23/17 far=0/0 far_raw=0/0 l=0@-1/0@-1 far_l=0@-1/0@-1 straight=0/0 far_straight=0/0 circle_cnt=0/0/0/0 lost=1/0 conf=0.0/0.0/0.0/0.0 dist=445 begin=0/3339 m0=(84,119) ml=(56,119) md=28/0/28 cxcy=84.0,119.6 guide=37.36 atg=-60.0/-60.0/-60.0 pure=20.63/20.63 yaw=-2989 cmd=-2812 actual=-3078 signed=1 rps=7653/-53:6854/3307 duty=19/-4 pwm=PWM2:19/PWM1:-4 motor=2:19/1:-4
ATGCorner: L=0@-1/0@-1 Y=0@-1/0@-1 farL=0@-1/0@-1 Lxy=-1.0,-1.0:-1.0,-1.0/-1.0,-1.0:-1.0,-1.0 Yxy=-1.0,-1.0:-1.0,-1.0/-1.0,-1.0:-1.0,-1.0 farLxy=-1.0,-1.0:-1.0,-1.0/-1.0,-1.0:-1.0,-1.0 best=-1:-1.0,-1.0:-1.0,-1.0:-57295.8:00000/-1:-1.0,-1.0:-1.0,-1.0:-57295.8:00000 seed_src=circle/lost seed=40.0,91.8/0.0,0.0 far_start=40,0 far_raw=0/0 far_num=0/0 straight=0/0 far_straight=0/0 conf_deg=0.0/0.0/0.0/0.0
CrossDiag: type=CROSS_NONE track=0 half_lr=0/0 nearL=0@-1/0@-1 nearNum=0/0 centerNum=0/0 farL=0@-1/0@-1 farNum=0/0 farRaw=0/0 lost=1/0 not_have=0 final=23/17 flags=0/0
LineErr: aim=41 cxcy=84.0,119.6 left=0:0.00@-1,-1 dx=0.0 idx=-1/-1 dist=-1/-1 right=0:0.00@-1,-1 dx=0.0 idx=-1/-1 dist=-1/-1 sel=1:57.73@56,125 dx=-28.3 idx=0/16 dist=32/32 edge=0:0.00@-1.0,-1.0 dx=0.0 width=0.0 l=-1,-1 r=-1,-1
ATGSeedDiag: seed=0@-1,-1/0@-1,-1 begin=7,108 block=5 clip=8
ATGLptDiag: best=-1(-57295.8) imip=-1/-1 pass=00000 acc=-1 ipm=-1.0,-1.0 inv=-1.0,-1.0 | -1(-57295.8) imip=-1/-1 pass=00000 acc=-1 ipm=-1.0,-1.0 inv=-1.0,-1.0
frame=329 line=1 track=0 cross=0 circle=3(CIRCLE_LEFT_IN) round=0 yroad=0 ramp=0 road=6 speed=0 near=0/0 raw=0/0 sel=23/17 far=0/0 far_raw=0/0 l=0@-1/0@-1 far_l=0@-1/0@-1 straight=0/0 far_straight=0/0 circle_cnt=0/0/0/0 lost=1/0 conf=0.0/0.0/0.0/0.0 dist=588 begin=0/3339 m0=(84,119) ml=(56,119) md=28/0/28 cxcy=84.0,119.6 guide=37.36 atg=-60.0/-60.0/-60.0 pure=20.63/20.63 yaw=-2989 cmd=-2748 actual=-3110 signed=1 rps=7566/34:7363/3165 duty=18/0 pwm=PWM2:18/PWM1:0 motor=2:18/1:0
ATGCorner: L=0@-1/0@-1 Y=0@-1/0@-1 farL=0@-1/0@-1 Lxy=-1.0,-1.0:-1.0,-1.0/-1.0,-1.0:-1.0,-1.0 Yxy=-1.0,-1.0:-1.0,-1.0/-1.0,-1.0:-1.0,-1.0 farLxy=-1.0,-1.0:-1.0,-1.0/-1.0,-1.0:-1.0,-1.0 best=-1:-1.0,-1.0:-1.0,-1.0:-57295.8:00000/-1:-1.0,-1.0:-1.0,-1.0:-57295.8:00000 seed_src=circle/lost seed=40.0,91.8/0.0,0.0 far_start=40,0 far_raw=0/0 far_num=0/0 straight=0/0 far_straight=0/0 conf_deg=0.0/0.0/0.0/0.0
CrossDiag: type=CROSS_NONE track=0 half_lr=0/0 nearL=0@-1/0@-1 nearNum=0/0 centerNum=0/0 farL=0@-1/0@-1 farNum=0/0 farRaw=0/0 lost=1/0 not_have=0 final=23/17 flags=0/0
LineErr: aim=41 cxcy=84.0,119.6 left=0:0.00@-1,-1 dx=0.0 idx=-1/-1 dist=-1/-1 right=0:0.00@-1,-1 dx=0.0 idx=-1/-1 dist=-1/-1 sel=1:57.73@56,125 dx=-28.3 idx=0/16 dist=32/32 edge=0:0.00@-1.0,-1.0 dx=0.0 width=0.0 l=-1,-1 r=-1,-1
ATGSeedDiag: seed=0@-1,-1/0@-1,-1 begin=7,108 block=5 clip=8
ATGLptDiag: best=-1(-57295.8) imip=-1/-1 pass=00000 acc=-1 ipm=-1.0,-1.0 inv=-1.0,-1.0 | -1(-57295.8) imip=-1/-1 pass=00000 acc=-1 ipm=-1.0,-1.0 inv=-1.0,-1.0
frame=330 line=1 track=0 cross=0 circle=3(CIRCLE_LEFT_IN) round=0 yroad=0 ramp=0 road=6 speed=0 near=5/0 raw=17/0 sel=23/17 far=0/0 far_raw=0/0 l=0@-1/0@-1 far_l=0@-1/0@-1 straight=0/0 far_straight=0/0 circle_cnt=0/0/0/0 lost=1/0 conf=11.0/0.0/0.0/0.0 dist=603 begin=0/3339 m0=(84,119) ml=(56,119) md=28/0/28 cxcy=84.0,119.6 guide=37.36 atg=-60.0/-60.0/-60.0 pure=20.63/20.63 yaw=-2989 cmd=-2707 actual=-3130 signed=1 rps=7510/90:7832/3306 duty=17/0 pwm=PWM2:17/PWM1:0 motor=2:17/1:0
ATGCorner: L=0@-1/0@-1 Y=0@-1/0@-1 farL=0@-1/0@-1 Lxy=-1.0,-1.0:-1.0,-1.0/-1.0,-1.0:-1.0,-1.0 Yxy=-1.0,-1.0:-1.0,-1.0/-1.0,-1.0:-1.0,-1.0 farLxy=-1.0,-1.0:-1.0,-1.0/-1.0,-1.0:-1.0,-1.0 best=1:45.9,108.3:4.8,83.9:11.0:10111/-1:-1.0,-1.0:-1.0,-1.0:-57295.8:00000 seed_src=circle/lost seed=40.0,91.8/0.0,0.0 far_start=40,0 far_raw=0/0 far_num=0/0 straight=0/0 far_straight=0/0 conf_deg=11.0/0.0/0.0/0.0
CrossDiag: type=CROSS_NONE track=0 half_lr=0/0 nearL=0@-1/0@-1 nearNum=5/0 centerNum=5/0 farL=0@-1/0@-1 farNum=0/0 farRaw=0/0 lost=1/0 not_have=0 final=23/17 flags=0/0
LineErr: aim=41 cxcy=84.0,119.6 left=1:23.10@60,85 dx=-24.5 idx=0/4 dist=8/8 right=0:0.00@-1,-1 dx=0.0 idx=-1/-1 dist=-1/-1 sel=1:57.73@56,125 dx=-28.3 idx=0/16 dist=32/32 edge=0:0.00@-1.0,-1.0 dx=0.0 width=0.0 l=41,104 r=-1,-1
ATGSeedDiag: seed=1@4,91/0@-1,-1 begin=7,108 block=5 clip=8
ATGLptDiag: best=1(11.0) imip=0/4 pass=10111 acc=-1 ipm=45.9,108.3 inv=4.8,83.9 | -1(-57295.8) imip=-1/-1 pass=00000 acc=-1 ipm=-1.0,-1.0 inv=-1.0,-1.0
frame=331 line=1 track=1 cross=0 circle=3(CIRCLE_LEFT_IN) round=0 yroad=0 ramp=0 road=6 speed=0 near=7/53 raw=24/111 sel=23/17 far=0/0 far_raw=0/0 l=0@-1/0@-1 far_l=0@-1/0@-1 straight=0/1 far_straight=0/0 circle_cnt=0/0/0/0 lost=1/0 conf=21.6/10.8/0.0/0.0 dist=618 begin=0/3339 m0=(84,119) ml=(56,119) md=28/0/28 cxcy=84.0,119.6 guide=37.36 atg=-60.0/-60.0/-60.0 pure=20.63/20.63 yaw=-2989 cmd=-2638 actual=-3165 signed=1 rps=7415/185:7944/3393 duty=16/0 pwm=PWM2:16/PWM1:0 motor=2:16/1:0
ATGCorner: L=0@-1/0@-1 Y=0@-1/0@-1 farL=0@-1/0@-1 Lxy=-1.0,-1.0:-1.0,-1.0/-1.0,-1.0:-1.0,-1.0 Yxy=-1.0,-1.0:-1.0,-1.0/-1.0,-1.0:-1.0,-1.0 farLxy=-1.0,-1.0:-1.0,-1.0/-1.0,-1.0:-1.0,-1.0 best=1:47.6,109.7:5.9,87.0:21.6:10111/40:27.6,56.5:26.1,32.1:10.8:10111 seed_src=circle/none seed=40.0,91.8/0.0,0.0 far_start=40,0 far_raw=0/0 far_num=0/0 straight=0/1 far_straight=0/0 conf_deg=21.6/10.8/0.0/0.0
CrossDiag: type=CROSS_NONE track=1 half_lr=0/0 nearL=0@-1/0@-1 nearNum=7/53 centerNum=7/53 farL=0@-1/0@-1 farNum=0/0 farRaw=0/0 lost=1/0 not_have=0 final=23/17 flags=0/0
LineErr: aim=41 cxcy=84.0,119.6 left=1:23.63@58,84 dx=-25.8 idx=0/6 dist=12/12 right=1:31.87@53,93 dx=-30.8 idx=0/22 dist=40/100 sel=1:57.73@56,125 dx=-28.3 idx=0/16 dist=32/32 edge=1:27.71@55.0,87.5 dx=-29.0 width=43.2 l=39,102 r=71,73
CxScan: raw_ref=80.0 edge=55.0,87.5 best_raw_x=5 best_err=0.23 best_cxcy=55.2,119.3 scan=0:-1.8,10:2.2,20:6.2,30:10.1,40:13.9,50:17.6,60:21.1,70:24.5,80:27.7,90:30.7,100:33.6,110:36.2,120:38.7,130:41.0,140:43.2
ATGSeedDiag: seed=1@4,95/1@108,86 begin=7,108 block=5 clip=8
ATGLptDiag: best=1(21.6) imip=0/6 pass=10111 acc=-1 ipm=47.6,109.7 inv=5.9,87.0 | 40(10.8) imip=30/50 pass=10111 acc=-1 ipm=27.6,56.5 inv=26.1,32.1
frame=332 line=1 track=1 cross=0 circle=3(CIRCLE_LEFT_IN) round=0 yroad=0 ramp=0 road=6 speed=0 near=9/54 raw=33/115 sel=23/17 far=0/0 far_raw=0/0 l=0@-1/0@-1 far_l=0@-1/0@-1 straight=0/1 far_straight=0/0 circle_cnt=0/0/0/0 lost=1/0 conf=22.1/30.9/0.0/0.0 dist=633 begin=0/3339 m0=(84,119) ml=(56,119) md=28/0/28 cxcy=84.0,119.6 guide=37.36 atg=-60.0/-60.0/-60.0 pure=20.63/20.63 yaw=-2989 cmd=-2605 actual=-3181 signed=1 rps=7371/229:7336/3324 duty=17/0 pwm=PWM2:17/PWM1:0 motor=2:17/1:0
ATGCorner: L=0@-1/0@-1 Y=0@-1/0@-1 farL=0@-1/0@-1 Lxy=-1.0,-1.0:-1.0,-1.0/-1.0,-1.0:-1.0,-1.0 Yxy=-1.0,-1.0:-1.0,-1.0/-1.0,-1.0:-1.0,-1.0 farLxy=-1.0,-1.0:-1.0,-1.0/-1.0,-1.0:-1.0,-1.0 best=2:48.3,109.7:7.3,87.0:22.1:10111/52:2.7,54.5:6.3,31.3:30.9:10111 seed_src=circle/none seed=40.0,91.8/0.0,0.0 far_start=40,0 far_raw=0/0 far_num=0/0 straight=0/1 far_straight=0/0 conf_deg=22.1/30.9/0.0/0.0
CrossDiag: type=CROSS_NONE track=1 half_lr=0/0 nearL=0@-1/0@-1 nearNum=9/54 centerNum=9/54 farL=0@-1/0@-1 farNum=0/0 farRaw=0/0 lost=1/0 not_have=0 final=23/17 flags=0/0
LineErr: aim=41 cxcy=84.0,119.6 left=1:23.64@58,83 dx=-26.2 idx=0/8 dist=16/16 right=1:31.26@53,92 dx=-30.6 idx=0/23 dist=41/99 sel=1:57.73@56,125 dx=-28.3 idx=0/16 dist=32/32 edge=1:27.09@55.5,87.0 dx=-28.5 width=43.6 l=38,100 r=73,74
CxScan: raw_ref=80.0 edge=55.5,87.0 best_raw_x=5 best_err=-0.29 best_cxcy=55.2,119.3 scan=0:-2.3,10:1.7,20:5.6,30:9.5,40:13.3,50:17.0,60:20.5,70:23.9,80:27.1,90:30.1,100:33.0,110:35.6,120:38.1,130:40.5,140:42.6
ATGSeedDiag: seed=1@4,101/1@111,89 begin=7,108 block=5 clip=8
ATGLptDiag: best=2(22.1) imip=0/8 pass=10111 acc=-1 ipm=48.3,109.7 inv=7.3,87.0 | 52(30.9) imip=42/53 pass=10111 acc=-1 ipm=2.7,54.5 inv=6.3,31.3
ATGCircleCal: from=CIRCLE_LEFT_IN to=CIRCLE_LEFT_RUNNING reason=gyro heading_deg10=612 dist=633 begin_dist=0 begin_last=3339
frame=333 line=1 track=1 cross=0 circle=5(CIRCLE_LEFT_RUNNING) round=0 yroad=0 ramp=0 road=6 speed=0 near=11/55 raw=39/118 sel=55/43 far=0/0 far_raw=0/0 l=0@-1/0@-1 far_l=0@-1/0@-1 straight=0/1 far_straight=0/0 circle_cnt=0/0/0/0 lost=1/0 conf=24.8/8.2/0.0/0.0 dist=0 begin=0/3339 m0=(84,119) ml=(55,93) md=40/1/94 cxcy=84.0,119.6 guide=24.83 atg=-60.0/-60.0/-60.0 pure=8.71/8.17 yaw=-1986 cmd=-1586 actual=-3180 signed=1 rps=5974/1626:7193/3508 duty=12/2 pwm=PWM2:12/PWM1:2 motor=2:12/1:2
ATGCorner: L=0@-1/0@-1 Y=0@-1/0@-1 farL=0@-1/0@-1 Lxy=-1.0,-1.0:-1.0,-1.0/-1.0,-1.0:-1.0,-1.0 Yxy=-1.0,-1.0:-1.0,-1.0/-1.0,-1.0:-1.0,-1.0 farLxy=-1.0,-1.0:-1.0,-1.0/-1.0,-1.0:-1.0,-1.0 best=3:48.5,108.8:9.0,85.1:24.8:10111/44:22.9,54.0:23.4,31.0:8.2:10111 seed_src=none/none seed=40.0,91.8/0.0,0.0 far_start=40,0 far_raw=0/0 far_num=0/0 straight=0/1 far_straight=0/0 conf_deg=24.8/8.2/0.0/0.0
CrossDiag: type=CROSS_NONE track=1 half_lr=0/0 nearL=0@-1/0@-1 nearNum=11/55 centerNum=11/55 farL=0@-1/0@-1 farNum=0/0 farRaw=0/0 lost=1/0 not_have=0 final=55/43 flags=0/0
LineErr: aim=41 cxcy=84.0,119.6 left=1:24.55@56,81 dx=-28.2 idx=0/10 dist=20/20 right=1:28.51@57,94 dx=-26.6 idx=1/21 dist=40/106 sel=1:32.00@51,90 dx=-32.8 idx=0/20 dist=40/84 edge=1:27.09@55.0,86.0 dx=-29.0 width=44.9 l=36,98 r=74,74
CxScan: raw_ref=80.0 edge=55.0,86.0 best_raw_x=5 best_err=0.22 best_cxcy=55.2,119.3 scan=0:-1.7,10:2.2,20:6.0,30:9.9,40:13.6,50:17.2,60:20.6,70:23.9,80:27.1,90:30.1,100:32.9,110:35.5,120:37.9,130:40.2,140:42.4
ATGSeedDiag: seed=1@4,105/1@113,91 begin=7,108 block=5 clip=8
ATGLptDiag: best=3(24.8) imip=0/10 pass=10111 acc=-1 ipm=48.5,108.8 inv=9.0,85.1 | 44(8.2) imip=34/54 pass=10111 acc=-1 ipm=22.9,54.0 inv=23.4,31.0
frame=334 line=1 track=1 cross=0 circle=5(CIRCLE_LEFT_RUNNING) round=0 yroad=0 ramp=0 road=6 speed=0 near=13/57 raw=45/128 sel=57/44 far=0/0 far_raw=0/0 l=0@-1/0@-1 far_l=0@-1/0@-1 straight=0/1 far_straight=0/0 circle_cnt=0/0/0/0 lost=1/0 conf=28.4/10.3/0.0/0.0 dist=13 begin=0/3339 m0=(84,119) ml=(56,92) md=41/1/96 cxcy=84.0,119.6 guide=24.05 atg=-60.0/-60.0/-60.0 pure=8.63/8.14 yaw=-1924 cmd=-1524 actual=-3164 signed=1 rps=5888/1712:6526/3382 duty=13/3 pwm=PWM2:13/PWM1:3 motor=2:13/1:3
ATGCorner: L=0@-1/0@-1 Y=0@-1/0@-1 farL=0@-1/0@-1 Lxy=-1.0,-1.0:-1.0,-1.0/-1.0,-1.0:-1.0,-1.0 Yxy=-1.0,-1.0:-1.0,-1.0/-1.0,-1.0:-1.0,-1.0 farLxy=-1.0,-1.0:-1.0,-1.0/-1.0,-1.0:-1.0,-1.0 best=3:49.8,109.6:10.4,86.8:28.4:10111/44:27.2,54.1:27.0,31.0:10.3:10111 seed_src=none/none seed=40.0,91.8/0.0,0.0 far_start=40,0 far_raw=0/0 far_num=0/0 straight=0/1 far_straight=0/0 conf_deg=28.4/10.3/0.0/0.0
CrossDiag: type=CROSS_NONE track=1 half_lr=0/0 nearL=0@-1/0@-1 nearNum=13/57 centerNum=13/57 farL=0@-1/0@-1 farNum=0/0 farRaw=0/0 lost=1/0 not_have=0 final=57/44 flags=0/0
LineErr: aim=41 cxcy=84.0,119.6 left=1:25.82@52,77 dx=-31.7 idx=0/12 dist=28/28 right=1:27.25@59,94 dx=-25.2 idx=2/22 dist=40/108 sel=1:31.15@52,90 dx=-31.9 idx=0/20 dist=40/86 edge=1:26.68@55.0,85.0 dx=-29.0 width=47.4 l=34,96 r=76,74
CxScan: raw_ref=80.0 edge=55.0,85.0 best_raw_x=5 best_err=0.22 best_cxcy=55.2,119.3 scan=0:-1.7,10:2.1,20:5.9,30:9.7,40:13.3,50:16.9,60:20.3,70:23.6,80:26.7,90:29.6,100:32.4,110:35.0,120:37.5,130:39.8,140:41.9
ATGSeedDiag: seed=1@4,108/1@121,98 begin=7,108 block=5 clip=8
ATGLptDiag: best=3(28.4) imip=0/12 pass=10111 acc=-1 ipm=49.8,109.6 inv=10.4,86.8 | 44(10.3) imip=34/54 pass=10111 acc=-1 ipm=27.2,54.1 inv=27.0,31.0
frame=335 line=1 track=1 cross=0 circle=5(CIRCLE_LEFT_RUNNING) round=0 yroad=0 ramp=0 road=6 speed=0 near=13/58 raw=47/132 sel=58/44 far=0/0 far_raw=0/0 l=0@-1/0@-1 far_l=0@-1/0@-1 straight=0/1 far_straight=0/0 circle_cnt=0/0/0/0 lost=1/0 conf=27.9/16.4/0.0/0.0 dist=27 begin=0/3339 m0=(84,119) ml=(55,91) md=41/1/95 cxcy=84.0,119.6 guide=23.29 atg=-60.0/-60.0/-60.0 pure=8.54/8.17 yaw=-1864 cmd=-1464 actual=-3138 signed=1 rps=5806/1794:6681/3568 duty=12/3 pwm=PWM2:12/PWM1:3 motor=2:12/1:3
ATGCorner: L=0@-1/0@-1 Y=0@-1/0@-1 farL=0@-1/0@-1 Lxy=-1.0,-1.0:-1.0,-1.0/-1.0,-1.0:-1.0,-1.0 Yxy=-1.0,-1.0:-1.0,-1.0/-1.0,-1.0:-1.0,-1.0 farLxy=-1.0,-1.0:-1.0,-1.0/-1.0,-1.0:-1.0,-1.0 best=5:48.1,105.6:12.7,78.2:27.9:10111/51:13.3,51.5:16.9,30.0:16.4:10111 seed_src=none/none seed=40.0,91.8/0.0,0.0 far_start=40,0 far_raw=0/0 far_num=0/0 straight=0/1 far_straight=0/0 conf_deg=27.9/16.4/0.0/0.0
CrossDiag: type=CROSS_NONE track=1 half_lr=0/0 nearL=0@-1/0@-1 nearNum=13/58 centerNum=13/58 farL=0@-1/0@-1 farNum=0/0 farRaw=0/0 lost=1/0 not_have=0 final=58/44 flags=0/0
LineErr: aim=41 cxcy=84.0,119.6 left=1:24.98@54,77 dx=-30.5 idx=0/12 dist=28/28 right=1:26.76@59,93 dx=-25.0 idx=2/23 dist=40/105 sel=1:30.43@53,89 dx=-31.3 idx=0/20 dist=40/86 edge=1:25.48@56.5,85.0 dx=-27.5 width=48.3 l=35,96 r=78,74
CxScan: raw_ref=80.0 edge=56.5,85.0 best_raw_x=10 best_err=0.64 best_cxcy=57.1,119.4 scan=0:-3.2,10:0.6,20:4.5,30:8.2,40:11.9,50:15.5,60:19.0,70:22.3,80:25.5,90:28.5,100:31.3,110:34.0,120:36.5,130:38.9,140:41.1
ATGSeedDiag: seed=1@5,108/1@124,101 begin=7,108 block=5 clip=8
ATGLptDiag: best=5(27.9) imip=0/12 pass=10111 acc=-1 ipm=48.1,105.6 inv=12.7,78.2 | 51(16.4) imip=41/57 pass=10111 acc=-1 ipm=13.3,51.5 inv=16.9,30.0
frame=336 line=1 track=1 cross=0 circle=5(CIRCLE_LEFT_RUNNING) round=0 yroad=0 ramp=0 road=6 speed=0 near=14/59 raw=48/137 sel=59/44 far=0/0 far_raw=0/0 l=0@-1/0@-1 far_l=0@-1/0@-1 straight=0/1 far_straight=0/0 circle_cnt=0/0/0/0 lost=1/0 conf=32.6/14.3/0.0/0.0 dist=41 begin=0/3339 m0=(84,119) ml=(54,90) md=41/1/93 cxcy=84.0,119.6 guide=23.82 atg=-60.0/-60.0/-60.0 pure=8.50/8.16 yaw=-1906 cmd=-1506 actual=-3088 signed=1 rps=5864/1736:6911/3691 duty=12/3 pwm=PWM2:12/PWM1:3 motor=2:12/1:3
ATGCorner: L=0@-1/0@-1 Y=0@-1/0@-1 farL=0@-1/0@-1 Lxy=-1.0,-1.0:-1.0,-1.0/-1.0,-1.0:-1.0,-1.0 Yxy=-1.0,-1.0:-1.0,-1.0/-1.0,-1.0:-1.0,-1.0 farLxy=-1.0,-1.0:-1.0,-1.0/-1.0,-1.0:-1.0,-1.0 best=3:51.2,109.2:13.8,85.7:32.6:10111/54:8.3,51.7:12.7,30.1:14.3:10111 seed_src=none/none seed=40.0,91.8/0.0,0.0 far_start=40,0 far_raw=0/0 far_num=0/0 straight=0/1 far_straight=0/0 conf_deg=32.6/14.3/0.0/0.0
CrossDiag: type=CROSS_NONE track=1 half_lr=0/0 nearL=0@-1/0@-1 nearNum=14/59 centerNum=14/59 farL=0@-1/0@-1 farNum=0/0 farRaw=0/0 lost=1/0 not_have=0 final=59/44 flags=0/0
LineErr: aim=41 cxcy=84.0,119.6 left=1:26.03@51,74 dx=-33.4 idx=0/13 dist=34/34 right=1:27.09@58,92 dx=-26.1 idx=3/25 dist=40/103 sel=1:30.33@52,89 dx=-31.6 idx=0/20 dist=40/86 edge=1:24.89@57.0,84.5 dx=-27.0 width=49.8 l=34,94 r=80,75
CxScan: raw_ref=80.0 edge=57.0,84.5 best_raw_x=10 best_err=0.14 best_cxcy=57.1,119.4 scan=0:-3.7,10:0.1,20:3.9,30:7.7,40:11.4,50:14.9,60:18.4,70:21.7,80:24.9,90:27.9,100:30.7,110:33.4,120:36.0,130:38.3,140:40.6
ATGSeedDiag: seed=1@7,107/1@127,105 begin=7,108 block=5 clip=8
ATGLptDiag: best=3(32.6) imip=0/13 pass=10111 acc=-1 ipm=51.2,109.2 inv=13.8,85.7 | 54(14.3) imip=44/58 pass=10111 acc=-1 ipm=8.3,51.7 inv=12.7,30.1
frame=337 line=1 track=1 cross=0 circle=5(CIRCLE_LEFT_RUNNING) round=0 yroad=0 ramp=0 road=6 speed=0 near=15/59 raw=50/135 sel=59/44 far=0/0 far_raw=0/0 l=0@-1/0@-1 far_l=0@-1/0@-1 straight=0/1 far_straight=0/0 circle_cnt=0/0/0/0 lost=1/0 conf=32.9/24.4/0.0/0.0 dist=56 begin=0/3339 m0=(84,119) ml=(57,90) md=40/1/95 cxcy=84.0,119.6 guide=22.65 atg=-60.0/-60.0/-60.0 pure=8.35/8.05 yaw=-1812 cmd=-1412 actual=-3014 signed=1 rps=5735/1865:6670/3595 duty=12/3 pwm=PWM2:12/PWM1:3 motor=2:12/1:3
ATGCorner: L=0@-1/0@-1 Y=0@-1/0@-1 farL=0@-1/0@-1 Lxy=-1.0,-1.0:-1.0,-1.0/-1.0,-1.0:-1.0,-1.0 Yxy=-1.0,-1.0:-1.0,-1.0/-1.0,-1.0:-1.0,-1.0 farLxy=-1.0,-1.0:-1.0,-1.0/-1.0,-1.0:-1.0,-1.0 best=5:49.5,105.1:15.9,77.1:32.9:10111/57:1.5,51.7:7.1,30.2:24.4:10111 seed_src=none/none seed=40.0,91.8/0.0,0.0 far_start=40,0 far_raw=0/0 far_num=0/0 straight=0/1 far_straight=0/0 conf_deg=32.9/24.4/0.0/0.0
CrossDiag: type=CROSS_NONE track=1 half_lr=0/0 nearL=0@-1/0@-1 nearNum=15/59 centerNum=15/59 farL=0@-1/0@-1 farNum=0/0 farRaw=0/0 lost=1/0 not_have=0 final=59/44 flags=0/0
LineErr: aim=41 cxcy=84.0,119.6 left=1:26.67@49,73 dx=-35.3 idx=0/14 dist=37/37 right=1:26.52@58,91 dx=-25.9 idx=2/25 dist=40/105 sel=1:29.41@53,88 dx=-30.9 idx=0/20 dist=40/86 edge=1:24.48@57.5,84.5 dx=-26.5 width=51.9 l=33,93 r=82,76
CxScan: raw_ref=80.0 edge=57.5,84.5 best_raw_x=10 best_err=-0.35 best_cxcy=57.1,119.4 scan=0:-4.1,10:-0.4,20:3.4,30:7.2,40:10.9,50:14.5,60:18.0,70:21.3,80:24.5,90:27.5,100:30.4,110:33.1,120:35.6,130:38.0,140:40.3
ATGSeedDiag: seed=1@8,107/1@125,104 begin=7,108 block=5 clip=8
ATGLptDiag: best=5(32.9) imip=0/14 pass=10111 acc=-1 ipm=49.5,105.1 inv=15.9,77.1 | 57(24.4) imip=47/58 pass=10111 acc=-1 ipm=1.5,51.7 inv=7.1,30.2
frame=338 line=1 track=1 cross=0 circle=5(CIRCLE_LEFT_RUNNING) round=0 yroad=0 ramp=0 road=6 speed=0 near=16/61 raw=53/141 sel=61/46 far=0/0 far_raw=0/0 l=0@-1/0@-1 far_l=0@-1/0@-1 straight=0/1 far_straight=0/0 circle_cnt=0/0/0/0 lost=1/0 conf=26.3/10.2/0.0/0.0 dist=70 begin=0/3339 m0=(84,119) ml=(56,89) md=41/1/98 cxcy=84.0,119.6 guide=22.18 atg=-60.0/-60.0/-60.0 pure=8.18/7.86 yaw=-1775 cmd=-1375 actual=-2900 signed=1 rps=5684/1916:6845/3705 duty=12/3 pwm=PWM2:12/PWM1:3 motor=2:12/1:3
ATGCorner: L=0@-1/0@-1 Y=0@-1/0@-1 farL=0@-1/0@-1 Lxy=-1.0,-1.0:-1.0,-1.0/-1.0,-1.0:-1.0,-1.0 Yxy=-1.0,-1.0:-1.0,-1.0/-1.0,-1.0:-1.0,-1.0 farLxy=-1.0,-1.0:-1.0,-1.0/-1.0,-1.0:-1.0,-1.0 best=4:51.6,107.3:17.0,81.5:26.3:10111/44:33.6,52.2:33.0,30.2:10.2:10111 seed_src=none/none seed=40.0,91.8/0.0,0.0 far_start=40,0 far_raw=0/0 far_num=0/0 straight=0/1 far_straight=0/0 conf_deg=26.3/10.2/0.0/0.0
CrossDiag: type=CROSS_NONE track=1 half_lr=0/0 nearL=0@-1/0@-1 nearNum=16/61 centerNum=16/61 farL=0@-1/0@-1 farNum=0/0 farRaw=0/0 lost=1/0 not_have=0 final=61/46 flags=0/0
LineErr: aim=41 cxcy=84.0,119.6 left=1:27.10@47,71 dx=-36.8 idx=0/15 dist=41/41 right=1:26.33@58,90 dx=-26.1 idx=2/26 dist=40/108 sel=1:28.66@54,87 dx=-30.2 idx=0/20 dist=40/90 edge=1:24.30@57.5,84.0 dx=-26.5 width=53.5 l=32,92 r=83,76
CxScan: raw_ref=80.0 edge=57.5,84.0 best_raw_x=10 best_err=-0.35 best_cxcy=57.1,119.4 scan=0:-4.1,10:-0.3,20:3.4,30:7.1,40:10.8,50:14.4,60:17.8,70:21.1,80:24.3,90:27.3,100:30.2,110:32.9,120:35.4,130:37.8,140:40.0
ATGSeedDiag: seed=1@8,108/1@127,107 begin=7,108 block=5 clip=8
ATGLptDiag: best=4(26.3) imip=0/14 pass=10111 acc=-1 ipm=51.6,107.3 inv=17.0,81.5 | 44(10.2) imip=34/54 pass=10111 acc=-1 ipm=33.6,52.2 inv=33.0,30.2
frame=339 line=1 track=0 cross=0 circle=5(CIRCLE_LEFT_RUNNING) round=0 yroad=0 ramp=0 road=6 speed=0 near=17/1 raw=56/2 sel=23/17 far=0/0 far_raw=0/0 l=0@-1/0@-1 far_l=0@-1/0@-1 straight=0/0 far_straight=0/0 circle_cnt=0/0/0/0 lost=1/0 conf=27.1/0.0/0.0/0.0 dist=84 begin=0/3339 m0=(84,119) ml=(56,119) md=28/0/28 cxcy=84.0,119.6 guide=35.00 atg=-60.0/-60.0/-60.0 pure=20.63/20.63 yaw=-2800 cmd=-2844 actual=-2778 signed=1 rps=7698/-98:6488/3534 duty=19/-5 pwm=PWM2:19/PWM1:-5 motor=2:19/1:-5
ATGCorner: L=0@-1/0@-1 Y=0@-1/0@-1 farL=0@-1/0@-1 Lxy=-1.0,-1.0:-1.0,-1.0/-1.0,-1.0:-1.0,-1.0 Yxy=-1.0,-1.0:-1.0,-1.0/-1.0,-1.0:-1.0,-1.0 farLxy=-1.0,-1.0:-1.0,-1.0/-1.0,-1.0:-1.0,-1.0 best=5:51.1,105.2:18.7,77.2:27.1:10111/-1:-1.0,-1.0:-1.0,-1.0:-57295.8:00000 seed_src=none/lost seed=40.0,91.8/0.0,0.0 far_start=40,0 far_raw=0/0 far_num=0/0 straight=0/0 far_straight=0/0 conf_deg=27.1/0.0/0.0/0.0
CrossDiag: type=CROSS_NONE track=0 half_lr=0/0 nearL=0@-1/0@-1 nearNum=17/1 centerNum=17/1 farL=0@-1/0@-1 farNum=0/0 farRaw=0/0 lost=1/0 not_have=0 final=23/17 flags=0/0
LineErr: aim=41 cxcy=84.0,119.6 left=1:26.45@48,70 dx=-36.1 idx=0/15 dist=42/45 right=0:0.00@-1,-1 dx=0.0 idx=-1/-1 dist=-1/-1 sel=1:57.73@56,125 dx=-28.3 idx=0/16 dist=32/32 edge=0:0.00@-1.0,-1.0 dx=0.0 width=0.0 l=31,91 r=-1,-1
ATGSeedDiag: seed=1@9,108/1@133,108 begin=7,108 block=5 clip=8
ATGLptDiag: best=5(27.1) imip=0/15 pass=10111 acc=-1 ipm=51.1,105.2 inv=18.7,77.2 | -1(-57295.8) imip=-1/-1 pass=00000 acc=-1 ipm=-1.0,-1.0 inv=-1.0,-1.0
frame=340 line=1 track=1 cross=0 circle=5(CIRCLE_LEFT_RUNNING) round=0 yroad=0 ramp=0 road=6 speed=0 near=18/63 raw=57/143 sel=63/48 far=0/0 far_raw=0/0 l=0@-1/0@-1 far_l=0@-1/0@-1 straight=0/1 far_straight=0/0 circle_cnt=0/0/0/0 lost=1/0 conf=28.1/9.3/0.0/0.0 dist=98 begin=0/3339 m0=(84,119) ml=(57,87) md=42/1/99 cxcy=84.0,119.6 guide=20.62 atg=-60.0/-60.0/-60.0 pure=7.90/7.58 yaw=-1650 cmd=-1250 actual=-2638 signed=1 rps=5513/2087:6677/3690 duty=11/4 pwm=PWM2:11/PWM1:4 motor=2:11/1:4
ATGCorner: L=0@-1/0@-1 Y=0@-1/0@-1 farL=0@-1/0@-1 Lxy=-1.0,-1.0:-1.0,-1.0/-1.0,-1.0:-1.0,-1.0 Yxy=-1.0,-1.0:-1.0,-1.0/-1.0,-1.0:-1.0,-1.0 farLxy=-1.0,-1.0:-1.0,-1.0/-1.0,-1.0:-1.0,-1.0 best=6:50.4,103.2:19.7,73.6:28.1:10111/47:29.3,49.2:30.8,29.0:9.3:10111 seed_src=none/none seed=40.0,91.8/0.0,0.0 far_start=40,0 far_raw=0/0 far_num=0/0 straight=0/1 far_straight=0/0 conf_deg=28.1/9.3/0.0/0.0
CrossDiag: type=CROSS_NONE track=1 half_lr=0/0 nearL=0@-1/0@-1 nearNum=18/63 centerNum=18/63 farL=0@-1/0@-1 farNum=0/0 farRaw=0/0 lost=1/0 not_have=0 final=63/48 flags=0/0
LineErr: aim=41 cxcy=84.0,119.6 left=1:25.93@48,70 dx=-35.5 idx=0/15 dist=42/48 right=1:24.61@59,89 dx=-24.6 idx=2/26 dist=41/113 sel=1:27.27@55,86 dx=-29.2 idx=0/20 dist=40/94 edge=1:24.16@57.0,82.5 dx=-27.0 width=57.5 l=29,89 r=85,76
CxScan: raw_ref=80.0 edge=57.0,82.5 best_raw_x=10 best_err=0.14 best_cxcy=57.1,119.4 scan=0:-3.5,10:0.1,20:3.8,30:7.4,40:11.0,50:14.5,60:17.8,70:21.1,80:24.2,90:27.1,100:29.9,110:32.6,120:35.0,130:37.4,140:39.6
ATGSeedDiag: seed=1@10,108/1@129,108 begin=7,108 block=5 clip=8
ATGLptDiag: best=6(28.1) imip=0/16 pass=10111 acc=-1 ipm=50.4,103.2 inv=19.7,73.6 | 47(9.3) imip=37/57 pass=10111 acc=-1 ipm=29.3,49.2 inv=30.8,29.0
frame=341 line=1 track=1 cross=0 circle=5(CIRCLE_LEFT_RUNNING) round=0 yroad=0 ramp=0 road=6 speed=0 near=19/63 raw=60/144 sel=63/47 far=0/0 far_raw=0/0 l=0@-1/0@-1 far_l=0@-1/0@-1 straight=0/1 far_straight=0/0 circle_cnt=0/0/0/0 lost=1/0 conf=36.5/11.2/0.0/0.0 dist=112 begin=0/3339 m0=(84,119) ml=(59,88) md=40/1/99 cxcy=84.0,119.6 guide=20.54 atg=-60.0/-60.0/-60.0 pure=7.84/7.64 yaw=-1643 cmd=-1243 actual=-2525 signed=1 rps=5504/2096:6282/3554 duty=12/4 pwm=PWM2:12/PWM1:4 motor=2:12/1:4
ATGCorner: L=0@-1/0@-1 Y=0@-1/0@-1 farL=0@-1/0@-1 Lxy=-1.0,-1.0:-1.0,-1.0/-1.0,-1.0:-1.0,-1.0 Yxy=-1.0,-1.0:-1.0,-1.0/-1.0,-1.0:-1.0,-1.0 farLxy=-1.0,-1.0:-1.0,-1.0/-1.0,-1.0:-1.0,-1.0 best=8:48.0,99.7:19.5,67.8:36.5:10111/47:30.0,49.2:31.3,29.0:11.2:10111 seed_src=none/none seed=40.0,91.8/0.0,0.0 far_start=40,0 far_raw=0/0 far_num=0/0 straight=0/1 far_straight=0/0 conf_deg=36.5/11.2/0.0/0.0
CrossDiag: type=CROSS_NONE track=1 half_lr=0/0 nearL=0@-1/0@-1 nearNum=19/63 centerNum=19/63 farL=0@-1/0@-1 farNum=0/0 farRaw=0/0 lost=1/0 not_have=0 final=63/47 flags=0/0
LineErr: aim=41 cxcy=84.0,119.6 left=1:24.13@52,71 dx=-32.2 idx=0/14 dist=41/53 right=1:23.91@60,89 dx=-23.9 idx=2/26 dist=41/113 sel=1:26.79@55,86 dx=-28.8 idx=0/20 dist=40/92 edge=1:24.16@57.0,82.5 dx=-27.0 width=59.4 l=28,89 r=86,76
CxScan: raw_ref=80.0 edge=57.0,82.5 best_raw_x=10 best_err=0.14 best_cxcy=57.1,119.4 scan=0:-3.5,10:0.1,20:3.8,30:7.4,40:11.0,50:14.5,60:17.8,70:21.1,80:24.2,90:27.1,100:29.9,110:32.6,120:35.0,130:37.4,140:39.6
ATGSeedDiag: seed=1@11,108/1@130,108 begin=7,108 block=5 clip=8
ATGLptDiag: best=8(36.5) imip=0/18 pass=10111 acc=-1 ipm=48.0,99.7 inv=19.5,67.8 | 47(11.2) imip=37/57 pass=10111 acc=-1 ipm=30.0,49.2 inv=31.3,29.0
frame=342 line=1 track=1 cross=0 circle=5(CIRCLE_LEFT_RUNNING) round=0 yroad=0 ramp=0 road=6 speed=0 near=19/63 raw=60/145 sel=63/47 far=0/0 far_raw=0/0 l=0@-1/0@-1 far_l=0@-1/0@-1 straight=0/1 far_straight=0/0 circle_cnt=0/0/0/0 lost=1/0 conf=29.6/10.5/0.0/0.0 dist=125 begin=0/3339 m0=(84,119) ml=(59,88) md=40/1/99 cxcy=84.0,119.6 guide=20.54 atg=-60.0/-60.0/-60.0 pure=7.84/7.65 yaw=-1643 cmd=-1243 actual=-2418 signed=1 rps=5504/2096:6208/3837 duty=12/4 pwm=PWM2:12/PWM1:4 motor=2:12/1:4
ATGCorner: L=0@-1/0@-1 Y=0@-1/0@-1 farL=0@-1/0@-1 Lxy=-1.0,-1.0:-1.0,-1.0/-1.0,-1.0:-1.0,-1.0 Yxy=-1.0,-1.0:-1.0,-1.0/-1.0,-1.0:-1.0,-1.0 farLxy=-1.0,-1.0:-1.0,-1.0/-1.0,-1.0:-1.0,-1.0 best=7:50.2,101.3:21.4,70.3:29.6:10111/47:30.4,49.2:31.6,29.0:10.5:10111 seed_src=none/none seed=40.0,91.8/0.0,0.0 far_start=40,0 far_raw=0/0 far_num=0/0 straight=0/1 far_straight=0/0 conf_deg=29.6/10.5/0.0/0.0
CrossDiag: type=CROSS_NONE track=1 half_lr=0/0 nearL=0@-1/0@-1 nearNum=19/63 centerNum=19/63 farL=0@-1/0@-1 farNum=0/0 farRaw=0/0 lost=1/0 not_have=0 final=63/47 flags=0/0
LineErr: aim=41 cxcy=84.0,119.6 left=1:23.54@53,71 dx=-31.4 idx=0/14 dist=41/53 right=1:23.39@61,89 dx=-23.3 idx=2/26 dist=40/112 sel=1:26.73@55,86 dx=-28.7 idx=0/20 dist=40/92 edge=1:23.59@57.5,82.0 dx=-26.5 width=58.2 l=29,88 r=86,76
CxScan: raw_ref=80.0 edge=57.5,82.0 best_raw_x=10 best_err=-0.34 best_cxcy=57.1,119.4 scan=0:-4.0,10:-0.3,20:3.3,30:6.9,40:10.4,50:13.9,60:17.3,70:20.5,80:23.6,90:26.5,100:29.3,110:32.0,120:34.5,130:36.9,140:39.1
ATGSeedDiag: seed=1@12,108/1@131,108 begin=7,108 block=5 clip=8
ATGLptDiag: best=7(29.6) imip=0/17 pass=10111 acc=-1 ipm=50.2,101.3 inv=21.4,70.3 | 47(10.5) imip=37/57 pass=10111 acc=-1 ipm=30.4,49.2 inv=31.6,29.0
frame=343 line=1 track=1 cross=0 circle=5(CIRCLE_LEFT_RUNNING) round=0 yroad=0 ramp=0 road=6 speed=0 near=20/64 raw=62/146 sel=64/48 far=0/0 far_raw=0/0 l=0@-1/0@-1 far_l=0@-1/0@-1 straight=0/1 far_straight=0/0 circle_cnt=0/0/0/0 lost=1/0 conf=38.0/11.1/0.0/0.0 dist=139 begin=0/3339 m0=(84,119) ml=(60,88) md=41/1/102 cxcy=84.0,119.6 guide=19.80 atg=-60.0/-60.0/-60.0 pure=7.74/7.61 yaw=-1584 cmd=-1184 actual=-2301 signed=1 rps=5423/2177:6049/4131 duty=12/4 pwm=PWM2:12/PWM1:4 motor=2:12/1:4
ATGCorner: L=0@-1/0@-1 Y=0@-1/0@-1 farL=0@-1/0@-1 Lxy=-1.0,-1.0:-1.0,-1.0/-1.0,-1.0:-1.0,-1.0 Yxy=-1.0,-1.0:-1.0,-1.0/-1.0,-1.0:-1.0,-1.0 farLxy=-1.0,-1.0:-1.0,-1.0/-1.0,-1.0:-1.0,-1.0 best=9:47.5,98.0:20.5,65.2:38.0:10111/46:33.5,49.3:34.0,29.1:11.1:10111 seed_src=none/none seed=40.0,91.8/0.0,0.0 far_start=40,0 far_raw=0/0 far_num=0/0 straight=0/1 far_straight=0/0 conf_deg=38.0/11.1/0.0/0.0
CrossDiag: type=CROSS_NONE track=1 half_lr=0/0 nearL=0@-1/0@-1 nearNum=20/64 centerNum=20/64 farL=0@-1/0@-1 farNum=0/0 farRaw=0/0 lost=1/0 not_have=0 final=64/48 flags=0/0
LineErr: aim=41 cxcy=84.0,119.6 left=1:23.22@53,70 dx=-31.1 idx=0/14 dist=42/57 right=1:22.97@61,89 dx=-22.9 idx=1/26 dist=40/114 sel=1:26.06@56,86 dx=-28.0 idx=0/20 dist=40/94 edge=1:23.98@57.0,82.0 dx=-27.0 width=61.2 l=27,88 r=87,76
CxScan: raw_ref=80.0 edge=57.0,82.0 best_raw_x=10 best_err=0.14 best_cxcy=57.1,119.4 scan=0:-3.5,10:0.1,20:3.8,30:7.4,40:10.9,50:14.3,60:17.7,70:20.9,80:24.0,90:26.9,100:29.7,110:32.3,120:34.8,130:37.2,140:39.4
ATGSeedDiag: seed=1@13,108/1@132,108 begin=7,108 block=5 clip=8
ATGLptDiag: best=9(38.0) imip=0/19 pass=10111 acc=-1 ipm=47.5,98.0 inv=20.5,65.2 | 46(11.1) imip=36/56 pass=10111 acc=-1 ipm=33.5,49.3 inv=34.0,29.1
frame=344 line=1 track=1 cross=0 circle=5(CIRCLE_LEFT_RUNNING) round=0 yroad=0 ramp=0 road=6 speed=0 near=20/65 raw=64/147 sel=65/48 far=0/0 far_raw=0/0 l=0@-1/0@-1 far_l=0@-1/0@-1 straight=0/1 far_straight=0/0 circle_cnt=0/0/0/0 lost=1/0 conf=29.9/13.7/0.0/0.0 dist=153 begin=0/3339 m0=(84,119) ml=(61,87) md=40/1/102 cxcy=84.0,119.6 guide=19.31 atg=-60.0/-60.0/-60.0 pure=7.64/7.62 yaw=-1545 cmd=-1145 actual=-2179 signed=1 rps=5369/2231:5683/4195 duty=12/4 pwm=PWM2:12/PWM1:4 motor=2:12/1:4
ATGCorner: L=0@-1/0@-1 Y=0@-1/0@-1 farL=0@-1/0@-1 Lxy=-1.0,-1.0:-1.0,-1.0/-1.0,-1.0:-1.0,-1.0 Yxy=-1.0,-1.0:-1.0,-1.0/-1.0,-1.0:-1.0,-1.0 farLxy=-1.0,-1.0:-1.0,-1.0/-1.0,-1.0:-1.0,-1.0 best=6:52.8,103.1:24.0,73.3:29.9:10111/60:2.3,46.1:11.3,28.0:13.7:10101 seed_src=none/none seed=40.0,91.8/0.0,0.0 far_start=40,0 far_raw=0/0 far_num=0/0 straight=0/1 far_straight=0/0 conf_deg=29.9/13.7/0.0/0.0
CrossDiag: type=CROSS_NONE track=1 half_lr=0/0 nearL=0@-1/0@-1 nearNum=20/65 centerNum=20/65 farL=0@-1/0@-1 farNum=0/0 farRaw=0/0 lost=1/0 not_have=0 final=65/48 flags=0/0
LineErr: aim=41 cxcy=84.0,119.6 left=1:22.61@54,70 dx=-30.1 idx=0/14 dist=42/57 right=1:21.37@63,89 dx=-20.9 idx=1/25 dist=40/115 sel=1:25.46@57,85 dx=-27.5 idx=0/20 dist=40/94 edge=1:22.85@58.0,81.0 dx=-26.0 width=61.2 l=28,87 r=88,75
CxScan: raw_ref=80.0 edge=58.0,81.0 best_raw_x=10 best_err=-0.80 best_cxcy=57.1,119.4 scan=0:-4.4,10:-0.8,20:2.8,30:6.3,40:9.8,50:13.2,60:16.6,70:19.8,80:22.9,90:25.8,100:28.6,110:31.2,120:33.8,130:36.1,140:38.3
ATGSeedDiag: seed=1@13,108/1@133,108 begin=7,108 block=5 clip=8
ATGLptDiag: best=6(29.9) imip=0/16 pass=10111 acc=-1 ipm=52.8,103.1 inv=24.0,73.3 | 60(13.7) imip=50/64 pass=10101 acc=-1 ipm=2.3,46.1 inv=11.3,28.0
frame=345 line=1 track=1 cross=0 circle=5(CIRCLE_LEFT_RUNNING) round=0 yroad=0 ramp=0 road=6 speed=0 near=21/65 raw=64/147 sel=65/48 far=0/0 far_raw=0/0 l=0@-1/0@-1 far_l=0@-1/0@-1 straight=0/1 far_straight=0/0 circle_cnt=0/0/0/0 lost=1/0 conf=28.8/30.0/0.0/0.0 dist=168 begin=0/3339 m0=(84,119) ml=(61,87) md=40/1/103 cxcy=84.0,119.6 guide=18.80 atg=-60.0/-60.0/-60.0 pure=7.55/7.49 yaw=-1504 cmd=-1104 actual=-2060 signed=1 rps=5313/2287:5908/4630 duty=12/4 pwm=PWM2:12/PWM1:4 motor=2:12/1:4
ATGCorner: L=0@-1/0@-1 Y=0@-1/0@-1 farL=0@-1/0@-1 Lxy=-1.0,-1.0:-1.0,-1.0/-1.0,-1.0:-1.0,-1.0 Yxy=-1.0,-1.0:-1.0,-1.0/-1.0,-1.0:-1.0,-1.0 farLxy=-1.0,-1.0:-1.0,-1.0/-1.0,-1.0:-1.0,-1.0 best=6:53.3,103.0:24.9,73.1:28.8:10111/63:-4.0,46.5:6.3,28.2:30.0:10101 seed_src=none/none seed=40.0,91.8/0.0,0.0 far_start=40,0 far_raw=0/0 far_num=0/0 straight=0/1 far_straight=0/0 conf_deg=28.8/30.0/0.0/0.0
CrossDiag: type=CROSS_NONE track=1 half_lr=0/0 nearL=0@-1/0@-1 nearNum=21/65 centerNum=21/65 farL=0@-1/0@-1 farNum=0/0 farRaw=0/0 lost=1/0 not_have=0 final=65/48 flags=0/0
LineErr: aim=41 cxcy=84.0,119.6 left=1:20.81@57,72 dx=-27.0 idx=0/13 dist=40/61 right=1:20.79@64,89 dx=-20.4 idx=1/25 dist=40/116 sel=1:24.98@57,85 dx=-27.0 idx=0/20 dist=40/94 edge=1:23.47@57.0,80.5 dx=-27.0 width=63.0 l=26,86 r=88,75
CxScan: raw_ref=80.0 edge=57.0,80.5 best_raw_x=10 best_err=0.13 best_cxcy=57.1,119.4 scan=0:-3.4,10:0.1,20:3.7,30:7.2,40:10.6,50:14.0,60:17.3,70:20.4,80:23.5,90:26.4,100:29.1,110:31.7,120:34.2,130:36.5,140:38.7
ATGSeedDiag: seed=1@14,108/1@134,108 begin=7,108 block=5 clip=8
ATGLptDiag: best=6(28.8) imip=0/16 pass=10111 acc=-1 ipm=53.3,103.0 inv=24.9,73.1 | 63(30.0) imip=53/64 pass=10101 acc=-1 ipm=-4.0,46.5 inv=6.3,28.2
frame=346 line=1 track=1 cross=0 circle=5(CIRCLE_LEFT_RUNNING) round=0 yroad=0 ramp=0 road=6 speed=0 near=21/65 raw=66/148 sel=65/48 far=0/0 far_raw=0/0 l=0@-1/0@-1 far_l=0@-1/0@-1 straight=0/1 far_straight=0/0 circle_cnt=0/0/0/0 lost=1/0 conf=28.3/24.6/0.0/0.0 dist=183 begin=0/3339 m0=(84,119) ml=(61,87) md=40/1/103 cxcy=84.0,119.6 guide=18.65 atg=-60.0/-60.0/-60.0 pure=7.49/7.47 yaw=-1492 cmd=-1092 actual=-1928 signed=1 rps=5296/2304:5775/4567 duty=12/4 pwm=PWM2:12/PWM1:4 motor=2:12/1:4
ATGCorner: L=0@-1/0@-1 Y=0@-1/0@-1 farL=0@-1/0@-1 Lxy=-1.0,-1.0:-1.0,-1.0/-1.0,-1.0:-1.0,-1.0 Yxy=-1.0,-1.0:-1.0,-1.0/-1.0,-1.0:-1.0,-1.0 farLxy=-1.0,-1.0:-1.0,-1.0/-1.0,-1.0:-1.0,-1.0 best=5:55.0,104.9:26.0,76.7:28.3:10111/63:-3.4,46.3:6.8,28.1:24.6:10101 seed_src=none/none seed=40.0,91.8/0.0,0.0 far_start=40,0 far_raw=0/0 far_num=0/0 straight=0/1 far_straight=0/0 conf_deg=28.3/24.6/0.0/0.0
CrossDiag: type=CROSS_NONE track=1 half_lr=0/0 nearL=0@-1/0@-1 nearNum=21/65 centerNum=21/65 farL=0@-1/0@-1 farNum=0/0 farRaw=0/0 lost=1/0 not_have=0 final=65/48 flags=0/0
LineErr: aim=41 cxcy=84.0,119.6 left=1:21.82@55,70 dx=-29.2 idx=0/14 dist=42/60 right=1:21.89@61,87 dx=-22.5 idx=1/27 dist=41/113 sel=1:24.63@57,84 dx=-26.8 idx=0/20 dist=40/94 edge=1:22.69@58.0,80.5 dx=-26.0 width=63.0 l=27,86 r=89,75
CxScan: raw_ref=80.0 edge=58.0,80.5 best_raw_x=10 best_err=-0.79 best_cxcy=57.1,119.4 scan=0:-4.3,10:-0.8,20:2.8,30:6.3,40:9.7,50:13.1,60:16.4,70:19.6,80:22.7,90:25.6,100:28.4,110:31.0,120:33.5,130:35.9,140:38.1
ATGSeedDiag: seed=1@15,108/1@134,108 begin=7,108 block=5 clip=8
ATGLptDiag: best=5(28.3) imip=0/15 pass=10111 acc=-1 ipm=55.0,104.9 inv=26.0,76.7 | 63(24.6) imip=53/64 pass=10101 acc=-1 ipm=-3.4,46.3 inv=6.8,28.1
frame=347 line=1 track=1 cross=0 circle=5(CIRCLE_LEFT_RUNNING) round=0 yroad=0 ramp=0 road=6 speed=0 near=21/65 raw=66/149 sel=65/47 far=0/0 far_raw=0/0 l=0@-1/0@-1 far_l=0@-1/0@-1 straight=0/1 far_straight=0/0 circle_cnt=0/0/0/0 lost=1/0 conf=29.4/22.1/0.0/0.0 dist=198 begin=0/3339 m0=(84,119) ml=(61,87) md=40/1/102 cxcy=84.0,119.6 guide=18.68 atg=-60.0/-60.0/-60.0 pure=7.54/7.56 yaw=-1495 cmd=-1095 actual=-1809 signed=1 rps=5300/2300:6016/4725 duty=11/3 pwm=PWM2:11/PWM1:3 motor=2:11/1:3
ATGCorner: L=0@-1/0@-1 Y=0@-1/0@-1 farL=0@-1/0@-1 Lxy=-1.0,-1.0:-1.0,-1.0/-1.0,-1.0:-1.0,-1.0 Yxy=-1.0,-1.0:-1.0,-1.0/-1.0,-1.0:-1.0,-1.0 farLxy=-1.0,-1.0:-1.0,-1.0/-1.0,-1.0:-1.0,-1.0 best=5:55.6,104.9:27.0,76.6:29.4:10111/62:-0.8,46.3:8.8,28.1:22.1:10101 seed_src=none/none seed=40.0,91.8/0.0,0.0 far_start=40,0 far_raw=0/0 far_num=0/0 straight=0/1 far_straight=0/0 conf_deg=29.4/22.1/0.0/0.0
CrossDiag: type=CROSS_NONE track=1 half_lr=0/0 nearL=0@-1/0@-1 nearNum=21/65 centerNum=21/65 farL=0@-1/0@-1 farNum=0/0 farRaw=0/0 lost=1/0 not_have=0 final=65/47 flags=0/0
LineErr: aim=41 cxcy=84.0,119.6 left=1:21.55@55,70 dx=-28.8 idx=0/14 dist=42/60 right=1:20.76@63,88 dx=-20.8 idx=1/26 dist=40/113 sel=1:24.54@57,84 dx=-26.7 idx=0/20 dist=40/92 edge=1:22.85@58.0,81.0 dx=-26.0 width=62.8 l=27,86 r=89,76
CxScan: raw_ref=80.0 edge=58.0,81.0 best_raw_x=10 best_err=-0.80 best_cxcy=57.1,119.4 scan=0:-4.4,10:-0.8,20:2.8,30:6.3,40:9.8,50:13.2,60:16.6,70:19.8,80:22.9,90:25.8,100:28.6,110:31.2,120:33.8,130:36.1,140:38.3
ATGSeedDiag: seed=1@16,108/1@135,108 begin=7,108 block=5 clip=8
ATGLptDiag: best=5(29.4) imip=0/15 pass=10111 acc=-1 ipm=55.6,104.9 inv=27.0,76.6 | 62(22.1) imip=52/64 pass=10101 acc=-1 ipm=-0.8,46.3 inv=8.8,28.1
frame=348 line=1 track=1 cross=0 circle=5(CIRCLE_LEFT_RUNNING) round=0 yroad=0 ramp=0 road=6 speed=0 near=21/65 raw=67/149 sel=65/47 far=0/0 far_raw=0/0 l=0@-1/0@-1 far_l=0@-1/0@-1 straight=0/1 far_straight=0/0 circle_cnt=0/0/0/0 lost=1/0 conf=23.7/16.7/0.0/0.0 dist=213 begin=0/3339 m0=(84,119) ml=(61,87) md=40/1/103 cxcy=84.0,119.6 guide=18.68 atg=-60.0/-60.0/-60.0 pure=7.57/7.67 yaw=-1495 cmd=-1143 actual=-1671 signed=1 rps=5366/2234:5788/4573 duty=12/3 pwm=PWM2:12/PWM1:3 motor=2:12/1:3
ATGCorner: L=0@-1/0@-1 Y=0@-1/0@-1 farL=0@-1/0@-1 Lxy=-1.0,-1.0:-1.0,-1.0/-1.0,-1.0:-1.0,-1.0 Yxy=-1.0,-1.0:-1.0,-1.0/-1.0,-1.0:-1.0,-1.0 farLxy=-1.0,-1.0:-1.0,-1.0/-1.0,-1.0:-1.0,-1.0 best=2:58.2,111.5:24.7,91.4:23.7:10111/10:103.3,93.9:103.1,59.1:16.7:10111 seed_src=none/none seed=40.0,91.8/0.0,0.0 far_start=40,0 far_raw=0/0 far_num=0/0 straight=0/1 far_straight=0/0 conf_deg=23.7/16.7/0.0/0.0
CrossDiag: type=CROSS_NONE track=1 half_lr=0/0 nearL=0@-1/0@-1 nearNum=21/65 centerNum=21/65 farL=0@-1/0@-1 farNum=0/0 farRaw=0/0 lost=1/0 not_have=0 final=65/47 flags=0/0
LineErr: aim=41 cxcy=84.0,119.6 left=1:21.35@56,70 dx=-28.5 idx=0/14 dist=42/60 right=1:21.34@62,87 dx=-21.7 idx=1/27 dist=41/114 sel=1:24.50@57,84 dx=-26.6 idx=0/20 dist=40/92 edge=1:22.29@58.5,80.5 dx=-25.5 width=64.0 l=27,86 r=90,75
CxScan: raw_ref=80.0 edge=58.5,80.5 best_raw_x=15 best_err=0.52 best_cxcy=59.1,119.4 scan=0:-4.8,10:-1.3,20:2.3,30:5.8,40:9.3,50:12.7,60:16.0,70:19.2,80:22.3,90:25.2,100:28.0,110:30.7,120:33.2,130:35.6,140:37.8
ATGSeedDiag: seed=1@17,108/1@136,108 begin=7,108 block=5 clip=8
ATGLptDiag: best=2(23.7) imip=0/12 pass=10111 acc=-1 ipm=58.2,111.5 inv=24.7,91.4 | 10(16.7) imip=0/20 pass=10111 acc=-1 ipm=103.3,93.9 inv=103.1,59.1
frame=349 line=1 track=1 cross=0 circle=5(CIRCLE_LEFT_RUNNING) round=0 yroad=0 ramp=0 road=6 speed=0 near=21/65 raw=65/150 sel=65/47 far=0/0 far_raw=0/0 l=0@-1/0@-1 far_l=0@-1/0@-1 straight=0/1 far_straight=0/0 circle_cnt=0/0/0/0 lost=1/0 conf=25.6/18.9/0.0/0.0 dist=228 begin=0/3339 m0=(84,119) ml=(62,87) md=40/1/104 cxcy=84.0,119.6 guide=17.59 atg=-60.0/-60.0/-60.0 pure=7.62/7.69 yaw=-1407 cmd=-1171 actual=-1525 signed=1 rps=5405/2195:5976/4820 duty=12/3 pwm=PWM2:12/PWM1:3 motor=2:12/1:3
ATGCorner: L=0@-1/0@-1 Y=0@-1/0@-1 farL=0@-1/0@-1 Lxy=-1.0,-1.0:-1.0,-1.0/-1.0,-1.0:-1.0,-1.0 Yxy=-1.0,-1.0:-1.0,-1.0/-1.0,-1.0:-1.0,-1.0 farLxy=-1.0,-1.0:-1.0,-1.0/-1.0,-1.0:-1.0,-1.0 best=1:58.7,113.5:23.2,97.1:25.6:10111/10:103.9,93.8:103.9,58.9:18.9:10111 seed_src=none/none seed=40.0,91.8/0.0,0.0 far_start=40,0 far_raw=0/0 far_num=0/0 straight=0/1 far_straight=0/0 conf_deg=25.6/18.9/0.0/0.0
CrossDiag: type=CROSS_NONE track=1 half_lr=0/0 nearL=0@-1/0@-1 nearNum=21/65 centerNum=21/65 farL=0@-1/0@-1 farNum=0/0 farRaw=0/0 lost=1/0 not_have=0 final=65/47 flags=0/0
LineErr: aim=41 cxcy=84.0,119.6 left=1:19.93@58,71 dx=-25.9 idx=0/13 dist=40/61 right=1:20.12@64,88 dx=-20.0 idx=1/26 dist=40/113 sel=1:24.44@58,85 dx=-26.5 idx=0/20 dist=40/92 edge=1:22.06@59.0,81.0 dx=-25.0 width=63.2 l=28,87 r=90,75
CxScan: raw_ref=80.0 edge=59.0,81.0 best_raw_x=15 best_err=0.06 best_cxcy=59.1,119.4 scan=0:-5.3,10:-1.7,20:1.8,30:5.4,40:8.9,50:12.4,60:15.7,70:18.9,80:22.1,90:25.0,100:27.9,110:30.6,120:33.1,130:35.5,140:37.8
ATGSeedDiag: seed=1@18,107/1@137,108 begin=7,108 block=5 clip=8
ATGLptDiag: best=1(25.6) imip=0/11 pass=10111 acc=-1 ipm=58.7,113.5 inv=23.2,97.1 | 10(18.9) imip=0/20 pass=10111 acc=-1 ipm=103.9,93.8 inv=103.9,58.9
frame=350 line=1 track=1 cross=0 circle=5(CIRCLE_LEFT_RUNNING) round=0 yroad=0 ramp=0 road=6 speed=0 near=21/65 raw=67/150 sel=65/47 far=0/0 far_raw=0/0 l=0@-1/0@-1 far_l=0@-1/0@-1 straight=0/1 far_straight=0/0 circle_cnt=0/0/0/0 lost=1/0 conf=28.5/18.7/0.0/0.0 dist=243 begin=0/3339 m0=(84,119) ml=(61,87) md=40/1/102 cxcy=84.0,119.6 guide=18.80 atg=-60.0/-60.0/-60.0 pure=7.66/7.72 yaw=-1504 cmd=-1711 actual=-1400 signed=1 rps=6145/1455:6025/4927 duty=14/0 pwm=PWM2:14/PWM1:0 motor=2:14/1:0
ATGCorner: L=0@-1/0@-1 Y=0@-1/0@-1 farL=0@-1/0@-1 Lxy=-1.0,-1.0:-1.0,-1.0/-1.0,-1.0:-1.0,-1.0 Yxy=-1.0,-1.0:-1.0,-1.0/-1.0,-1.0:-1.0,-1.0 farLxy=-1.0,-1.0:-1.0,-1.0/-1.0,-1.0:-1.0,-1.0 best=1:59.1,113.9:23.7,98.1:28.5:10111/10:104.0,93.8:104.0,59.0:18.7:10111 seed_src=none/none seed=40.0,91.8/0.0,0.0 far_start=40,0 far_raw=0/0 far_num=0/0 straight=0/1 far_straight=0/0 conf_deg=28.5/18.7/0.0/0.0
CrossDiag: type=CROSS_NONE track=1 half_lr=0/0 nearL=0@-1/0@-1 nearNum=21/65 centerNum=21/65 farL=0@-1/0@-1 farNum=0/0 farRaw=0/0 lost=1/0 not_have=0 final=65/47 flags=0/0
LineErr: aim=41 cxcy=84.0,119.6 left=1:19.46@59,72 dx=-25.2 idx=0/13 dist=40/61 right=1:21.31@63,88 dx=-21.5 idx=1/27 dist=41/111 sel=1:24.61@57,85 dx=-26.6 idx=0/20 dist=40/92 edge=1:22.22@59.0,81.5 dx=-25.0 width=63.0 l=28,87 r=90,76
CxScan: raw_ref=80.0 edge=59.0,81.5 best_raw_x=15 best_err=0.06 best_cxcy=59.1,119.4 scan=0:-5.3,10:-1.7,20:1.9,30:5.5,40:9.0,50:12.5,60:15.8,70:19.1,80:22.2,90:25.2,100:28.1,110:30.8,120:33.3,130:35.7,140:38.0
ATGSeedDiag: seed=1@18,108/1@137,108 begin=7,108 block=5 clip=8
ATGLptDiag: best=1(28.5) imip=0/11 pass=10111 acc=-1 ipm=59.1,113.9 inv=23.7,98.1 | 10(18.7) imip=0/20 pass=10111 acc=-1 ipm=104.0,93.8 inv=104.0,59.0
frame=351 line=1 track=1 cross=0 circle=5(CIRCLE_LEFT_RUNNING) round=0 yroad=0 ramp=0 road=6 speed=0 near=22/66 raw=67/151 sel=66/48 far=0/0 far_raw=0/0 l=0@-1/0@-1 far_l=0@-1/0@-1 straight=0/0 far_straight=0/0 circle_cnt=0/0/0/0 lost=1/0 conf=29.1/20.1/0.0/0.0 dist=257 begin=0/3339 m0=(84,119) ml=(60,85) md=42/1/104 cxcy=84.0,119.6 guide=18.44 atg=-60.0/-60.0/-60.0 pure=7.56/7.64 yaw=-1475 cmd=-1811 actual=-1308 signed=1 rps=6282/1318:5589/4593 duty=15/0 pwm=PWM2:15/PWM1:0 motor=2:15/1:0
ATGCorner: L=0@-1/0@-1 Y=0@-1/0@-1 farL=0@-1/0@-1 Lxy=-1.0,-1.0:-1.0,-1.0/-1.0,-1.0:-1.0,-1.0 Yxy=-1.0,-1.0:-1.0,-1.0/-1.0,-1.0:-1.0,-1.0 farLxy=-1.0,-1.0:-1.0,-1.0/-1.0,-1.0:-1.0,-1.0 best=1:59.3,113.9:24.1,98.1:29.1:10111/10:104.5,93.8:104.8,59.0:20.1:10111 seed_src=none/none seed=40.0,91.8/0.0,0.0 far_start=40,0 far_raw=0/0 far_num=0/0 straight=0/0 far_straight=0/0 conf_deg=29.1/20.1/0.0/0.0
CrossDiag: type=CROSS_NONE track=1 half_lr=0/0 nearL=0@-1/0@-1 nearNum=22/66 centerNum=22/66 farL=0@-1/0@-1 farNum=0/0 farRaw=0/0 lost=1/0 not_have=0 final=66/48 flags=0/0
LineErr: aim=41 cxcy=84.0,119.6 left=1:19.53@59,71 dx=-25.4 idx=0/13 dist=40/64 right=1:19.58@65,88 dx=-19.4 idx=1/26 dist=41/117 sel=1:23.92@58,84 dx=-26.0 idx=0/20 dist=40/94 edge=1:22.85@58.0,81.0 dx=-26.0 width=64.8 l=26,86 r=90,76
CxScan: raw_ref=80.0 edge=58.0,81.0 best_raw_x=10 best_err=-0.80 best_cxcy=57.1,119.4 scan=0:-4.4,10:-0.8,20:2.8,30:6.3,40:9.8,50:13.2,60:16.6,70:19.8,80:22.9,90:25.8,100:28.6,110:31.2,120:33.8,130:36.1,140:38.3
ATGSeedDiag: seed=1@19,108/1@138,108 begin=7,108 block=5 clip=8
ATGLptDiag: best=1(29.1) imip=0/11 pass=10111 acc=-1 ipm=59.3,113.9 inv=24.1,98.1 | 10(20.1) imip=0/20 pass=10111 acc=-1 ipm=104.5,93.8 inv=104.8,59.0
frame=352 line=1 track=1 cross=0 circle=5(CIRCLE_LEFT_RUNNING) round=0 yroad=0 ramp=0 road=6 speed=0 near=22/67 raw=67/150 sel=67/49 far=0/0 far_raw=0/0 l=0@-1/0@-1 far_l=0@-1/0@-1 straight=0/1 far_straight=0/0 circle_cnt=0/0/0/0 lost=1/0 conf=25.1/19.2/0.0/0.0 dist=270 begin=0/3339 m0=(84,119) ml=(62,86) md=41/1/105 cxcy=84.0,119.6 guide=17.32 atg=-60.0/-60.0/-60.0 pure=7.34/7.42 yaw=-1386 cmd=-1673 actual=-1242 signed=1 rps=6093/1507:5633/4585 duty=15/0 pwm=PWM2:15/PWM1:0 motor=2:15/1:0
ATGCorner: L=0@-1/0@-1 Y=0@-1/0@-1 farL=0@-1/0@-1 Lxy=-1.0,-1.0:-1.0,-1.0/-1.0,-1.0:-1.0,-1.0 Yxy=-1.0,-1.0:-1.0,-1.0/-1.0,-1.0:-1.0,-1.0 farLxy=-1.0,-1.0:-1.0,-1.0/-1.0,-1.0:-1.0,-1.0 best=1:59.5,113.8:24.6,98.0:25.1:10111/10:104.6,93.6:104.7,58.7:19.2:10111 seed_src=none/none seed=40.0,91.8/0.0,0.0 far_start=40,0 far_raw=0/0 far_num=0/0 straight=0/1 far_straight=0/0 conf_deg=25.1/19.2/0.0/0.0
CrossDiag: type=CROSS_NONE track=1 half_lr=0/0 nearL=0@-1/0@-1 nearNum=22/67 centerNum=22/67 farL=0@-1/0@-1 farNum=0/0 farRaw=0/0 lost=1/0 not_have=0 final=67/49 flags=0/0
LineErr: aim=41 cxcy=84.0,119.6 left=1:19.43@59,71 dx=-25.2 idx=0/13 dist=40/64 right=1:19.51@65,88 dx=-19.5 idx=1/26 dist=41/118 sel=1:23.43@58,84 dx=-25.6 idx=0/20 dist=40/96 edge=1:21.10@60.0,80.5 dx=-24.0 width=63.0 l=29,86 r=91,75
CxScan: raw_ref=80.0 edge=60.0,80.5 best_raw_x=15 best_err=-0.86 best_cxcy=59.1,119.4 scan=0:-6.2,10:-2.6,20:0.9,30:4.4,40:7.9,50:11.4,60:14.7,70:18.0,80:21.1,90:24.1,100:27.0,110:29.7,120:32.2,130:34.7,140:37.0
ATGSeedDiag: seed=1@19,108/1@138,107 begin=7,108 block=5 clip=8
ATGLptDiag: best=1(25.1) imip=0/11 pass=10111 acc=-1 ipm=59.5,113.8 inv=24.6,98.0 | 10(19.2) imip=0/20 pass=10111 acc=-1 ipm=104.6,93.6 inv=104.7,58.7
frame=353 line=1 track=1 cross=0 circle=5(CIRCLE_LEFT_RUNNING) round=0 yroad=0 ramp=0 road=6 speed=0 near=22/67 raw=66/151 sel=67/49 far=0/0 far_raw=0/0 l=0@-1/0@-1 far_l=0@-1/0@-1 straight=0/1 far_straight=0/0 circle_cnt=0/0/0/0 lost=1/0 conf=28.0/18.8/0.0/0.0 dist=283 begin=0/3339 m0=(84,119) ml=(63,86) md=40/1/105 cxcy=84.0,119.6 guide=17.28 atg=-60.0/-60.0/-60.0 pure=7.28/7.41 yaw=-1382 cmd=-1701 actual=-1223 signed=1 rps=6131/1469:5312/4287 duty=15/1 pwm=PWM2:15/PWM1:1 motor=2:15/1:1
ATGCorner: L=0@-1/0@-1 Y=0@-1/0@-1 farL=0@-1/0@-1 Lxy=-1.0,-1.0:-1.0,-1.0/-1.0,-1.0:-1.0,-1.0 Yxy=-1.0,-1.0:-1.0,-1.0/-1.0,-1.0:-1.0,-1.0 farLxy=-1.0,-1.0:-1.0,-1.0/-1.0,-1.0:-1.0,-1.0 best=8:52.6,99.3:27.2,67.1:28.0:10111/10:104.7,93.9:105.1,59.1:18.8:10111 seed_src=none/none seed=40.0,91.8/0.0,0.0 far_start=40,0 far_raw=0/0 far_num=0/0 straight=0/1 far_straight=0/0 conf_deg=28.0/18.8/0.0/0.0
CrossDiag: type=CROSS_NONE track=1 half_lr=0/0 nearL=0@-1/0@-1 nearNum=22/67 centerNum=22/67 farL=0@-1/0@-1 farNum=0/0 farRaw=0/0 lost=1/0 not_have=0 final=67/49 flags=0/0
LineErr: aim=41 cxcy=84.0,119.6 left=1:19.64@58,71 dx=-25.6 idx=0/13 dist=40/64 right=1:19.07@65,88 dx=-19.1 idx=1/26 dist=40/118 sel=1:23.38@59,84 dx=-25.5 idx=0/20 dist=40/96 edge=1:21.66@59.5,81.0 dx=-24.5 width=63.8 l=28,86 r=91,76
CxScan: raw_ref=80.0 edge=59.5,81.0 best_raw_x=15 best_err=-0.40 best_cxcy=59.1,119.4 scan=0:-5.8,10:-2.2,20:1.4,30:4.9,40:8.5,50:11.9,60:15.3,70:18.5,80:21.7,90:24.7,100:27.5,110:30.2,120:32.8,130:35.2,140:37.5
ATGSeedDiag: seed=1@21,107/1@139,108 begin=7,108 block=5 clip=8
ATGLptDiag: best=8(28.0) imip=0/18 pass=10111 acc=-1 ipm=52.6,99.3 inv=27.2,67.1 | 10(18.8) imip=0/20 pass=10111 acc=-1 ipm=104.7,93.9 inv=105.1,59.1
frame=354 line=1 track=1 cross=0 circle=5(CIRCLE_LEFT_RUNNING) round=0 yroad=0 ramp=0 road=6 speed=0 near=22/67 raw=67/151 sel=67/49 far=0/0 far_raw=0/0 l=0@-1/0@-1 far_l=0@-1/0@-1 straight=0/1 far_straight=0/0 circle_cnt=0/0/0/0 lost=1/0 conf=30.4/19.5/0.0/0.0 dist=296 begin=0/3339 m0=(84,119) ml=(63,86) md=40/1/103 cxcy=84.0,119.6 guide=17.44 atg=-60.0/-60.0/-60.0 pure=7.34/7.42 yaw=-1395 cmd=-1725 actual=-1230 signed=1 rps=6164/1436:5509/4386 duty=15/0 pwm=PWM2:15/PWM1:0 motor=2:15/1:0
ATGCorner: L=0@-1/0@-1 Y=0@-1/0@-1 farL=0@-1/0@-1 Lxy=-1.0,-1.0:-1.0,-1.0/-1.0,-1.0:-1.0,-1.0 Yxy=-1.0,-1.0:-1.0,-1.0/-1.0,-1.0:-1.0,-1.0 farLxy=-1.0,-1.0:-1.0,-1.0/-1.0,-1.0:-1.0,-1.0 best=10:49.4,96.5:24.8,63.0:30.4:10111/9:106.1,95.7:108.1,61.3:19.5:10111 seed_src=none/none seed=40.0,91.8/0.0,0.0 far_start=40,0 far_raw=0/0 far_num=0/0 straight=0/1 far_straight=0/0 conf_deg=30.4/19.5/0.0/0.0
CrossDiag: type=CROSS_NONE track=1 half_lr=0/0 nearL=0@-1/0@-1 nearNum=22/67 centerNum=22/67 farL=0@-1/0@-1 farNum=0/0 farRaw=0/0 lost=1/0 not_have=0 final=67/49 flags=0/0
LineErr: aim=41 cxcy=84.0,119.6 left=1:19.42@59,71 dx=-25.2 idx=0/13 dist=40/64 right=1:19.36@65,88 dx=-19.3 idx=1/26 dist=41/118 sel=1:23.31@59,84 dx=-25.4 idx=0/20 dist=40/96 edge=1:21.26@60.0,81.0 dx=-24.0 width=63.2 l=29,87 r=91,75
CxScan: raw_ref=80.0 edge=60.0,81.0 best_raw_x=15 best_err=-0.87 best_cxcy=59.1,119.4 scan=0:-6.2,10:-2.7,20:0.9,30:4.5,40:8.0,50:11.5,60:14.8,70:18.1,80:21.3,90:24.3,100:27.1,110:29.9,120:32.5,130:34.9,140:37.2
ATGSeedDiag: seed=1@21,108/1@139,107 begin=7,108 block=5 clip=8
ATGLptDiag: best=10(30.4) imip=0/20 pass=10111 acc=-1 ipm=49.4,96.5 inv=24.8,63.0 | 9(19.5) imip=0/19 pass=10111 acc=-1 ipm=106.1,95.7 inv=108.1,61.3
frame=355 line=1 track=1 cross=0 circle=5(CIRCLE_LEFT_RUNNING) round=0 yroad=0 ramp=0 road=6 speed=0 near=22/66 raw=67/152 sel=66/49 far=0/0 far_raw=0/0 l=0@-1/0@-1 far_l=0@-1/0@-1 straight=0/1 far_straight=0/0 circle_cnt=0/0/0/0 lost=1/0 conf=25.9/25.4/0.0/0.0 dist=310 begin=0/3339 m0=(84,119) ml=(62,87) md=40/1/104 cxcy=84.0,119.6 guide=17.98 atg=-60.0/-60.0/-60.0 pure=7.48/7.51 yaw=-1439 cmd=-1795 actual=-1260 signed=1 rps=6260/1340:5715/4467 duty=15/0 pwm=PWM2:15/PWM1:0 motor=2:15/1:0
ATGCorner: L=0@-1/0@-1 Y=0@-1/0@-1 farL=0@-1/0@-1 Lxy=-1.0,-1.0:-1.0,-1.0/-1.0,-1.0:-1.0,-1.0 Yxy=-1.0,-1.0:-1.0,-1.0/-1.0,-1.0:-1.0,-1.0 farLxy=-1.0,-1.0:-1.0,-1.0/-1.0,-1.0:-1.0,-1.0 best=10:49.6,96.6:24.9,63.2:25.9:10111/64:-3.5,46.3:6.7,28.1:25.4:10101 seed_src=none/none seed=40.0,91.8/0.0,0.0 far_start=40,0 far_raw=0/0 far_num=0/0 straight=0/1 far_straight=0/0 conf_deg=25.9/25.4/0.0/0.0
CrossDiag: type=CROSS_NONE track=1 half_lr=0/0 nearL=0@-1/0@-1 nearNum=22/66 centerNum=22/66 farL=0@-1/0@-1 farNum=0/0 farRaw=0/0 lost=1/0 not_have=0 final=66/49 flags=0/0
LineErr: aim=41 cxcy=84.0,119.6 left=1:19.55@59,71 dx=-25.4 idx=0/13 dist=40/64 right=1:18.24@66,89 dx=-17.6 idx=1/25 dist=40/119 sel=1:23.72@58,84 dx=-25.7 idx=0/20 dist=40/96 edge=1:21.42@60.0,81.5 dx=-24.0 width=63.0 l=29,87 r=91,76
CxScan: raw_ref=80.0 edge=60.0,81.5 best_raw_x=15 best_err=-0.88 best_cxcy=59.1,119.4 scan=0:-6.3,10:-2.7,20:0.9,30:4.5,40:8.1,50:11.6,60:15.0,70:18.3,80:21.4,90:24.4,100:27.3,110:30.1,120:32.7,130:35.1,140:37.4
ATGSeedDiag: seed=1@22,108/1@140,108 begin=7,108 block=5 clip=8
ATGLptDiag: best=10(25.9) imip=0/20 pass=10111 acc=-1 ipm=49.6,96.6 inv=24.9,63.2 | 64(25.4) imip=54/65 pass=10101 acc=-1 ipm=-3.5,46.3 inv=6.7,28.1
frame=356 line=1 track=1 cross=0 circle=5(CIRCLE_LEFT_RUNNING) round=0 yroad=0 ramp=0 road=6 speed=0 near=22/66 raw=67/152 sel=66/48 far=0/0 far_raw=0/0 l=0@-1/0@-1 far_l=0@-1/0@-1 straight=0/0 far_straight=0/0 circle_cnt=0/0/0/0 lost=1/0 conf=32.3/20.1/0.0/0.0 dist=324 begin=0/3339 m0=(84,119) ml=(62,87) md=40/1/103 cxcy=84.0,119.6 guide=18.09 atg=-60.0/-60.0/-60.0 pure=7.62/7.65 yaw=-1447 cmd=-1757 actual=-1292 signed=1 rps=6209/1391:5638/4363 duty=15/0 pwm=PWM2:15/PWM1:0 motor=2:15/1:0
ATGCorner: L=0@-1/0@-1 Y=0@-1/0@-1 farL=0@-1/0@-1 Lxy=-1.0,-1.0:-1.0,-1.0/-1.0,-1.0:-1.0,-1.0 Yxy=-1.0,-1.0:-1.0,-1.0/-1.0,-1.0:-1.0,-1.0 farLxy=-1.0,-1.0:-1.0,-1.0/-1.0,-1.0:-1.0,-1.0 best=10:49.6,96.7:24.9,63.4:32.3:10111/9:106.3,96.1:108.8,61.8:20.1:10111 seed_src=none/none seed=40.0,91.8/0.0,0.0 far_start=40,0 far_raw=0/0 far_num=0/0 straight=0/0 far_straight=0/0 conf_deg=32.3/20.1/0.0/0.0
CrossDiag: type=CROSS_NONE track=1 half_lr=0/0 nearL=0@-1/0@-1 nearNum=22/66 centerNum=22/66 farL=0@-1/0@-1 farNum=0/0 farRaw=0/0 lost=1/0 not_have=0 final=66/48 flags=0/0
LineErr: aim=41 cxcy=84.0,119.6 left=1:19.72@58,71 dx=-25.6 idx=0/13 dist=40/64 right=1:19.25@65,89 dx=-18.8 idx=1/26 dist=40/117 sel=1:24.13@58,85 dx=-26.0 idx=0/20 dist=40/94 edge=1:21.42@60.0,81.5 dx=-24.0 width=63.0 l=29,87 r=91,76
CxScan: raw_ref=80.0 edge=60.0,81.5 best_raw_x=15 best_err=-0.88 best_cxcy=59.1,119.4 scan=0:-6.3,10:-2.7,20:0.9,30:4.5,40:8.1,50:11.6,60:15.0,70:18.3,80:21.4,90:24.4,100:27.3,110:30.1,120:32.7,130:35.1,140:37.4
ATGSeedDiag: seed=1@23,108/1@141,108 begin=7,108 block=5 clip=8
ATGLptDiag: best=10(32.3) imip=0/20 pass=10111 acc=-1 ipm=49.6,96.7 inv=24.9,63.4 | 9(20.1) imip=0/19 pass=10111 acc=-1 ipm=106.3,96.1 inv=108.8,61.8
frame=357 line=1 track=1 cross=0 circle=5(CIRCLE_LEFT_RUNNING) round=0 yroad=0 ramp=0 road=6 speed=0 near=21/65 raw=67/152 sel=65/48 far=0/0 far_raw=0/0 l=0@-1/0@-1 far_l=0@-1/0@-1 straight=0/0 far_straight=0/0 circle_cnt=0/0/0/0 lost=1/0 conf=36.6/21.8/0.0/0.0 dist=339 begin=0/3339 m0=(84,119) ml=(62,87) md=40/1/103 cxcy=84.0,119.6 guide=18.13 atg=-60.0/-60.0/-60.0 pure=7.68/7.71 yaw=-1450 cmd=-1682 actual=-1335 signed=1 rps=6105/1495:6084/4699 duty=14/0 pwm=PWM2:14/PWM1:0 motor=2:14/1:0
ATGCorner: L=0@-1/0@-1 Y=0@-1/0@-1 farL=0@-1/0@-1 Lxy=-1.0,-1.0:-1.0,-1.0/-1.0,-1.0:-1.0,-1.0 Yxy=-1.0,-1.0:-1.0,-1.0/-1.0,-1.0:-1.0,-1.0 farLxy=-1.0,-1.0:-1.0,-1.0/-1.0,-1.0:-1.0,-1.0 best=10:49.9,96.8:25.2,63.5:36.6:10111/63:-2.1,48.9:6.2,29.1:21.8:10101 seed_src=none/none seed=40.0,91.8/0.0,0.0 far_start=40,0 far_raw=0/0 far_num=0/0 straight=0/0 far_straight=0/0 conf_deg=36.6/21.8/0.0/0.0
CrossDiag: type=CROSS_NONE track=1 half_lr=0/0 nearL=0@-1/0@-1 nearNum=21/65 centerNum=21/65 farL=0@-1/0@-1 farNum=0/0 farRaw=0/0 lost=1/0 not_have=0 final=65/48 flags=0/0
LineErr: aim=41 cxcy=84.0,119.6 left=1:21.02@56,70 dx=-27.9 idx=0/14 dist=42/60 right=1:19.32@65,89 dx=-18.8 idx=1/26 dist=41/117 sel=1:24.18@58,85 dx=-26.0 idx=0/20 dist=40/94 edge=1:21.58@60.0,82.0 dx=-24.0 width=63.2 l=29,88 r=91,76
CxScan: raw_ref=80.0 edge=60.0,82.0 best_raw_x=15 best_err=-0.88 best_cxcy=59.1,119.4 scan=0:-6.3,10:-2.7,20:0.9,30:4.6,40:8.1,50:11.7,60:15.1,70:18.4,80:21.6,90:24.6,100:27.5,110:30.3,120:32.9,130:35.3,140:37.6
ATGSeedDiag: seed=1@24,108/1@141,108 begin=7,108 block=5 clip=8
ATGLptDiag: best=10(36.6) imip=0/20 pass=10111 acc=-1 ipm=49.9,96.8 inv=25.2,63.5 | 63(21.8) imip=53/64 pass=10101 acc=-1 ipm=-2.1,48.9 inv=6.2,29.1
frame=358 line=1 track=1 cross=0 circle=5(CIRCLE_LEFT_RUNNING) round=0 yroad=0 ramp=0 road=6 speed=0 near=22/66 raw=67/152 sel=66/48 far=0/0 far_raw=0/0 l=0@-1/0@-1 far_l=0@-1/0@-1 straight=0/1 far_straight=0/0 circle_cnt=0/0/0/0 lost=1/0 conf=30.5/18.3/0.0/0.0 dist=355 begin=0/3339 m0=(84,119) ml=(61,86) md=41/1/103 cxcy=84.0,119.6 guide=17.68 atg=-60.0/-60.0/-60.0 pure=7.61/7.66 yaw=-1415 cmd=-1503 actual=-1370 signed=1 rps=5860/1740:6013/4655 duty=13/1 pwm=PWM2:13/PWM1:1 motor=2:13/1:1
ATGCorner: L=0@-1/0@-1 Y=0@-1/0@-1 farL=0@-1/0@-1 Lxy=-1.0,-1.0:-1.0,-1.0/-1.0,-1.0:-1.0,-1.0 Yxy=-1.0,-1.0:-1.0,-1.0/-1.0,-1.0:-1.0,-1.0 farLxy=-1.0,-1.0:-1.0,-1.0/-1.0,-1.0:-1.0,-1.0 best=10:50.0,96.8:25.4,63.5:30.5:10111/10:105.5,94.1:106.3,59.3:18.3:10111 seed_src=none/none seed=40.0,91.8/0.0,0.0 far_start=40,0 far_raw=0/0 far_num=0/0 straight=0/1 far_straight=0/0 conf_deg=30.5/18.3/0.0/0.0
CrossDiag: type=CROSS_NONE track=1 half_lr=0/0 nearL=0@-1/0@-1 nearNum=22/66 centerNum=22/66 farL=0@-1/0@-1 farNum=0/0 farRaw=0/0 lost=1/0 not_have=0 final=66/48 flags=0/0
LineErr: aim=41 cxcy=84.0,119.6 left=1:19.53@59,71 dx=-25.4 idx=0/13 dist=40/64 right=1:19.12@65,89 dx=-18.6 idx=1/26 dist=41/118 sel=1:23.60@59,85 dx=-25.4 idx=0/20 dist=40/94 edge=1:21.58@60.0,82.0 dx=-24.0 width=63.2 l=29,88 r=91,76
CxScan: raw_ref=80.0 edge=60.0,82.0 best_raw_x=15 best_err=-0.88 best_cxcy=59.1,119.4 scan=0:-6.3,10:-2.7,20:0.9,30:4.6,40:8.1,50:11.7,60:15.1,70:18.4,80:21.6,90:24.6,100:27.5,110:30.3,120:32.9,130:35.3,140:37.6
ATGSeedDiag: seed=1@25,108/1@142,108 begin=7,108 block=5 clip=8
ATGLptDiag: best=10(30.5) imip=0/20 pass=10111 acc=-1 ipm=50.0,96.8 inv=25.4,63.5 | 10(18.3) imip=0/20 pass=10111 acc=-1 ipm=105.5,94.1 inv=106.3,59.3
frame=359 line=1 track=1 cross=0 circle=5(CIRCLE_LEFT_RUNNING) round=0 yroad=0 ramp=0 road=6 speed=0 near=22/66 raw=67/152 sel=66/48 far=0/0 far_raw=0/0 l=0@-1/0@-1 far_l=0@-1/0@-1 straight=0/1 far_straight=0/0 circle_cnt=0/0/0/0 lost=1/0 conf=30.1/23.0/0.0/0.0 dist=370 begin=0/3339 m0=(84,119) ml=(62,86) md=41/1/104 cxcy=84.0,119.6 guide=16.77 atg=-60.0/-60.0/-60.0 pure=7.47/7.55 yaw=-1342 cmd=-1171 actual=-1427 signed=1 rps=5404/2196:6302/4876 duty=11/3 pwm=PWM2:11/PWM1:3 motor=2:11/1:3
ATGCorner: L=0@-1/0@-1 Y=0@-1/0@-1 farL=0@-1/0@-1 Lxy=-1.0,-1.0:-1.0,-1.0/-1.0,-1.0:-1.0,-1.0 Yxy=-1.0,-1.0:-1.0,-1.0/-1.0,-1.0:-1.0,-1.0 farLxy=-1.0,-1.0:-1.0,-1.0/-1.0,-1.0:-1.0,-1.0 best=10:50.2,96.9:25.6,63.6:30.1:10111/64:-2.7,47.2:6.8,28.4:23.0:10101 seed_src=none/none seed=40.0,91.8/0.0,0.0 far_start=40,0 far_raw=0/0 far_num=0/0 straight=0/1 far_straight=0/0 conf_deg=30.1/23.0/0.0/0.0
CrossDiag: type=CROSS_NONE track=1 half_lr=0/0 nearL=0@-1/0@-1 nearNum=22/66 centerNum=22/66 farL=0@-1/0@-1 farNum=0/0 farRaw=0/0 lost=1/0 not_have=0 final=66/48 flags=0/0
LineErr: aim=41 cxcy=84.0,119.6 left=1:19.33@59,71 dx=-25.0 idx=0/13 dist=40/64 right=1:17.47@67,89 dx=-16.8 idx=1/25 dist=40/118 sel=1:22.70@60,84 dx=-24.4 idx=0/20 dist=40/94 edge=1:21.01@60.5,81.5 dx=-23.5 width=64.0 l=29,87 r=92,76
CxScan: raw_ref=80.0 edge=60.5,81.5 best_raw_x=20 best_err=0.46 best_cxcy=61.0,119.4 scan=0:-6.7,10:-3.1,20:0.5,30:4.1,40:7.6,50:11.1,60:14.5,70:17.8,80:21.0,90:24.1,100:27.0,110:29.7,120:32.3,130:34.8,140:37.1
ATGSeedDiag: seed=1@25,108/1@142,107 begin=7,108 block=5 clip=8
ATGLptDiag: best=10(30.1) imip=0/20 pass=10111 acc=-1 ipm=50.2,96.9 inv=25.6,63.6 | 64(23.0) imip=54/65 pass=10101 acc=-1 ipm=-2.7,47.2 inv=6.8,28.4
frame=360 line=1 track=1 cross=0 circle=5(CIRCLE_LEFT_RUNNING) round=0 yroad=0 ramp=0 road=6 speed=0 near=22/67 raw=68/154 sel=67/50 far=0/0 far_raw=0/0 l=0@-1/0@-1 far_l=0@-1/0@-1 straight=0/1 far_straight=0/0 circle_cnt=0/0/0/0 lost=1/0 conf=30.3/23.9/0.0/0.0 dist=385 begin=0/3339 m0=(84,119) ml=(64,87) md=40/1/106 cxcy=84.0,119.6 guide=16.56 atg=-60.0/-60.0/-60.0 pure=7.40/7.46 yaw=-1324 cmd=-1049 actual=-1462 signed=1 rps=5238/2362:6054/4649 duty=11/4 pwm=PWM2:11/PWM1:4 motor=2:11/1:4
ATGCorner: L=0@-1/0@-1 Y=0@-1/0@-1 farL=0@-1/0@-1 Lxy=-1.0,-1.0:-1.0,-1.0/-1.0,-1.0:-1.0,-1.0 Yxy=-1.0,-1.0:-1.0,-1.0/-1.0,-1.0:-1.0,-1.0 farLxy=-1.0,-1.0:-1.0,-1.0/-1.0,-1.0:-1.0,-1.0 best=10:50.4,96.8:26.0,63.5:30.3:10111/65:-4.4,46.2:6.1,28.1:23.9:10101 seed_src=none/none seed=40.0,91.8/0.0,0.0 far_start=40,0 far_raw=0/0 far_num=0/0 straight=0/1 far_straight=0/0 conf_deg=30.3/23.9/0.0/0.0
CrossDiag: type=CROSS_NONE track=1 half_lr=0/0 nearL=0@-1/0@-1 nearNum=22/67 centerNum=22/67 farL=0@-1/0@-1 farNum=0/0 farRaw=0/0 lost=1/0 not_have=0 final=67/50 flags=0/0
LineErr: aim=41 cxcy=84.0,119.6 left=1:19.16@59,71 dx=-24.8 idx=0/13 dist=40/64 right=1:17.89@66,88 dx=-17.6 idx=1/26 dist=41/121 sel=1:22.18@60,84 dx=-23.8 idx=0/20 dist=40/98 edge=1:21.17@60.5,82.0 dx=-23.5 width=64.1 l=29,88 r=92,76
CxScan: raw_ref=80.0 edge=60.5,82.0 best_raw_x=20 best_err=0.46 best_cxcy=61.0,119.4 scan=0:-6.8,10:-3.2,20:0.5,30:4.1,40:7.7,50:11.2,60:14.6,70:18.0,80:21.2,90:24.2,100:27.2,110:29.9,120:32.5,130:35.0,140:37.3
ATGSeedDiag: seed=1@26,108/1@143,108 begin=7,108 block=5 clip=8
ATGLptDiag: best=10(30.3) imip=0/20 pass=10111 acc=-1 ipm=50.4,96.8 inv=26.0,63.5 | 65(23.9) imip=55/66 pass=10101 acc=-1 ipm=-4.4,46.2 inv=6.1,28.1
frame=361 line=1 track=1 cross=0 circle=5(CIRCLE_LEFT_RUNNING) round=0 yroad=0 ramp=0 road=6 speed=0 near=22/67 raw=68/154 sel=67/50 far=0/0 far_raw=0/0 l=0@-1/0@-1 far_l=0@-1/0@-1 straight=0/1 far_straight=0/0 circle_cnt=0/0/0/0 lost=1/0 conf=30.1/19.2/0.0/0.0 dist=400 begin=0/3339 m0=(84,119) ml=(65,87) md=40/1/107 cxcy=84.0,119.6 guide=16.04 atg=-60.0/-60.0/-60.0 pure=7.33/7.44 yaw=-1284 cmd=-894 actual=-1479 signed=1 rps=5025/2575:6109/4812 duty=10/4 pwm=PWM2:10/PWM1:4 motor=2:10/1:4
ATGCorner: L=0@-1/0@-1 Y=0@-1/0@-1 farL=0@-1/0@-1 Lxy=-1.0,-1.0:-1.0,-1.0/-1.0,-1.0:-1.0,-1.0 Yxy=-1.0,-1.0:-1.0,-1.0/-1.0,-1.0:-1.0,-1.0 farLxy=-1.0,-1.0:-1.0,-1.0/-1.0,-1.0:-1.0,-1.0 best=10:50.6,96.9:26.3,63.6:30.1:10111/65:-4.2,46.1:6.3,28.0:19.2:10101 seed_src=none/none seed=40.0,91.8/0.0,0.0 far_start=40,0 far_raw=0/0 far_num=0/0 straight=0/1 far_straight=0/0 conf_deg=30.1/19.2/0.0/0.0
CrossDiag: type=CROSS_NONE track=1 half_lr=0/0 nearL=0@-1/0@-1 nearNum=22/67 centerNum=22/67 farL=0@-1/0@-1 farNum=0/0 farRaw=0/0 lost=1/0 not_have=0 final=67/50 flags=0/0
LineErr: aim=41 cxcy=84.0,119.6 left=1:19.01@59,71 dx=-24.6 idx=0/13 dist=40/64 right=1:15.77@69,90 dx=-14.8 idx=1/24 dist=40/124 sel=1:21.78@61,84 dx=-23.3 idx=0/20 dist=40/98 edge=1:20.34@61.5,82.0 dx=-22.5 width=64.1 l=30,88 r=93,76
CxScan: raw_ref=80.0 edge=61.5,82.0 best_raw_x=20 best_err=-0.48 best_cxcy=61.0,119.4 scan=0:-7.7,10:-4.1,20:-0.5,30:3.1,40:6.7,50:10.3,60:13.8,70:17.1,80:20.3,90:23.4,100:26.4,110:29.2,120:31.9,130:34.4,140:36.7
ATGSeedDiag: seed=1@27,108/1@144,108 begin=7,108 block=5 clip=8
ATGLptDiag: best=10(30.1) imip=0/20 pass=10111 acc=-1 ipm=50.6,96.9 inv=26.3,63.6 | 65(19.2) imip=55/66 pass=10101 acc=-1 ipm=-4.2,46.1 inv=6.3,28.0
frame=362 line=1 track=1 cross=0 circle=5(CIRCLE_LEFT_RUNNING) round=0 yroad=0 ramp=0 road=6 speed=0 near=22/67 raw=68/154 sel=67/50 far=0/0 far_raw=0/0 l=0@-1/0@-1 far_l=0@-1/0@-1 straight=0/1 far_straight=0/0 circle_cnt=0/0/0/0 lost=1/0 conf=29.2/31.5/0.0/0.0 dist=414 begin=0/3339 m0=(84,119) ml=(65,87) md=40/1/106 cxcy=84.0,119.6 guide=16.08 atg=-60.0/-60.0/-60.0 pure=7.39/7.52 yaw=-1287 cmd=-914 actual=-1473 signed=1 rps=5052/2548:5984/4939 duty=11/4 pwm=PWM2:11/PWM1:4 motor=2:11/1:4
ATGCorner: L=0@-1/0@-1 Y=0@-1/0@-1 farL=0@-1/0@-1 Lxy=-1.0,-1.0:-1.0,-1.0/-1.0,-1.0:-1.0,-1.0 Yxy=-1.0,-1.0:-1.0,-1.0/-1.0,-1.0:-1.0,-1.0 farLxy=-1.0,-1.0:-1.0,-1.0/-1.0,-1.0:-1.0,-1.0 best=10:50.9,96.9:26.6,63.7:29.2:10111/65:-4.0,46.5:6.2,28.2:31.5:10101 seed_src=none/none seed=40.0,91.8/0.0,0.0 far_start=40,0 far_raw=0/0 far_num=0/0 straight=0/1 far_straight=0/0 conf_deg=29.2/31.5/0.0/0.0
CrossDiag: type=CROSS_NONE track=1 half_lr=0/0 nearL=0@-1/0@-1 nearNum=22/67 centerNum=22/67 farL=0@-1/0@-1 farNum=0/0 farRaw=0/0 lost=1/0 not_have=0 final=67/50 flags=0/0
LineErr: aim=41 cxcy=84.0,119.6 left=1:18.90@60,71 dx=-24.4 idx=0/13 dist=40/64 right=1:16.67@68,89 dx=-16.0 idx=1/25 dist=41/122 sel=1:21.62@61,85 dx=-23.0 idx=0/20 dist=40/98 edge=1:20.34@61.5,82.0 dx=-22.5 width=64.1 l=30,88 r=93,76
CxScan: raw_ref=80.0 edge=61.5,82.0 best_raw_x=20 best_err=-0.48 best_cxcy=61.0,119.4 scan=0:-7.7,10:-4.1,20:-0.5,30:3.1,40:6.7,50:10.3,60:13.8,70:17.1,80:20.3,90:23.4,100:26.4,110:29.2,120:31.9,130:34.4,140:36.7
ATGSeedDiag: seed=1@27,108/1@144,108 begin=7,108 block=5 clip=8
ATGLptDiag: best=10(29.2) imip=0/20 pass=10111 acc=-1 ipm=50.9,96.9 inv=26.6,63.7 | 65(31.5) imip=55/66 pass=10101 acc=-1 ipm=-4.0,46.5 inv=6.2,28.2
frame=363 line=1 track=1 cross=0 circle=5(CIRCLE_LEFT_RUNNING) round=0 yroad=0 ramp=0 road=6 speed=0 near=22/67 raw=68/155 sel=67/50 far=0/0 far_raw=0/0 l=0@-1/0@-1 far_l=0@-1/0@-1 straight=0/1 far_straight=0/0 circle_cnt=0/0/0/0 lost=1/0 conf=29.1/19.3/0.0/0.0 dist=428 begin=0/3339 m0=(84,119) ml=(65,88) md=40/1/106 cxcy=84.0,119.6 guide=16.09 atg=-60.0/-60.0/-60.0 pure=7.45/7.62 yaw=-1287 cmd=-906 actual=-1478 signed=1 rps=5042/2558:5488/4680 duty=11/4 pwm=PWM2:11/PWM1:4 motor=2:11/1:4
ATGCorner: L=0@-1/0@-1 Y=0@-1/0@-1 farL=0@-1/0@-1 Lxy=-1.0,-1.0:-1.0,-1.0/-1.0,-1.0:-1.0,-1.0 Yxy=-1.0,-1.0:-1.0,-1.0/-1.0,-1.0:-1.0,-1.0 farLxy=-1.0,-1.0:-1.0,-1.0/-1.0,-1.0:-1.0,-1.0 best=10:51.0,97.0:26.8,63.8:29.1:10111/4:111.9,107.3:129.0,80.5:19.3:10111 seed_src=none/none seed=40.0,91.8/0.0,0.0 far_start=40,0 far_raw=0/0 far_num=0/0 straight=0/1 far_straight=0/0 conf_deg=29.1/19.3/0.0/0.0
CrossDiag: type=CROSS_NONE track=1 half_lr=0/0 nearL=0@-1/0@-1 nearNum=22/67 centerNum=22/67 farL=0@-1/0@-1 farNum=0/0 farRaw=0/0 lost=1/0 not_have=0 final=67/50 flags=0/0
LineErr: aim=41 cxcy=84.0,119.6 left=1:18.89@60,71 dx=-24.4 idx=0/13 dist=40/64 right=1:15.51@70,91 dx=-14.4 idx=1/24 dist=40/123 sel=1:21.71@61,85 dx=-22.8 idx=0/20 dist=40/98 edge=1:20.34@61.5,82.0 dx=-22.5 width=64.1 l=30,88 r=93,76
CxScan: raw_ref=80.0 edge=61.5,82.0 best_raw_x=20 best_err=-0.48 best_cxcy=61.0,119.4 scan=0:-7.7,10:-4.1,20:-0.5,30:3.1,40:6.7,50:10.3,60:13.8,70:17.1,80:20.3,90:23.4,100:26.4,110:29.2,120:31.9,130:34.4,140:36.7
ATGSeedDiag: seed=1@28,108/1@145,108 begin=7,108 block=5 clip=8
ATGLptDiag: best=10(29.1) imip=0/20 pass=10111 acc=-1 ipm=51.0,97.0 inv=26.8,63.8 | 4(19.3) imip=0/14 pass=10111 acc=-1 ipm=111.9,107.3 inv=129.0,80.5
frame=364 line=1 track=1 cross=0 circle=5(CIRCLE_LEFT_RUNNING) round=0 yroad=0 ramp=0 road=6 speed=0 near=22/66 raw=68/154 sel=66/49 far=0/0 far_raw=0/0 l=0@-1/0@-1 far_l=0@-1/0@-1 straight=0/1 far_straight=0/0 circle_cnt=0/0/0/0 lost=1/0 conf=28.0/34.7/0.0/0.0 dist=442 begin=0/3339 m0=(84,119) ml=(65,88) md=41/1/106 cxcy=84.0,119.6 guide=16.26 atg=-60.0/-60.0/-60.0 pure=7.58/7.71 yaw=-1301 cmd=-982 actual=-1460 signed=1 rps=5146/2454:5582/4766 duty=11/4 pwm=PWM2:11/PWM1:4 motor=2:11/1:4
ATGCorner: L=0@-1/0@-1 Y=0@-1/0@-1 farL=0@-1/0@-1 Lxy=-1.0,-1.0:-1.0,-1.0/-1.0,-1.0:-1.0,-1.0 Yxy=-1.0,-1.0:-1.0,-1.0/-1.0,-1.0:-1.0,-1.0 farLxy=-1.0,-1.0:-1.0,-1.0/-1.0,-1.0:-1.0,-1.0 best=9:53.2,98.5:28.7,65.9:28.0:10111/64:-2.9,49.1:5.4,29.1:34.7:10101 seed_src=none/none seed=40.0,91.8/0.0,0.0 far_start=40,0 far_raw=0/0 far_num=0/0 straight=0/1 far_straight=0/0 conf_deg=28.0/34.7/0.0/0.0
CrossDiag: type=CROSS_NONE track=1 half_lr=0/0 nearL=0@-1/0@-1 nearNum=22/66 centerNum=22/66 farL=0@-1/0@-1 farNum=0/0 farRaw=0/0 lost=1/0 not_have=0 final=66/49 flags=0/0
LineErr: aim=41 cxcy=84.0,119.6 left=1:18.92@60,71 dx=-24.5 idx=0/13 dist=40/64 right=1:16.74@68,90 dx=-15.8 idx=1/25 dist=41/120 sel=1:21.89@61,86 dx=-22.8 idx=0/20 dist=40/96 edge=1:20.76@61.0,82.0 dx=-23.0 width=63.2 l=30,88 r=92,76
CxScan: raw_ref=80.0 edge=61.0,82.0 best_raw_x=20 best_err=-0.01 best_cxcy=61.0,119.4 scan=0:-7.3,10:-3.6,20:-0.0,30:3.6,40:7.2,50:10.7,60:14.2,70:17.5,80:20.8,90:23.8,100:26.8,110:29.6,120:32.2,130:34.7,140:37.0
ATGSeedDiag: seed=1@29,108/1@145,107 begin=7,108 block=5 clip=8
ATGLptDiag: best=9(28.0) imip=0/19 pass=10111 acc=-1 ipm=53.2,98.5 inv=28.7,65.9 | 64(34.7) imip=54/65 pass=10101 acc=-1 ipm=-2.9,49.1 inv=5.4,29.1
frame=365 line=1 track=1 cross=0 circle=5(CIRCLE_LEFT_RUNNING) round=0 yroad=0 ramp=0 road=6 speed=0 near=22/66 raw=69/155 sel=66/49 far=0/0 far_raw=0/0 l=0@-1/0@-1 far_l=0@-1/0@-1 straight=0/0 far_straight=0/0 circle_cnt=0/0/0/0 lost=1/0 conf=29.8/32.6/0.0/0.0 dist=456 begin=0/3339 m0=(84,119) ml=(66,89) md=40/1/107 cxcy=84.0,119.6 guide=15.18 atg=-60.0/-60.0/-60.0 pure=7.64/7.77 yaw=-1215 cmd=-815 actual=-1445 signed=1 rps=4917/2683:5422/4445 duty=11/5 pwm=PWM2:11/PWM1:5 motor=2:11/1:5
ATGCorner: L=0@-1/0@-1 Y=0@-1/0@-1 farL=0@-1/0@-1 Lxy=-1.0,-1.0:-1.0,-1.0/-1.0,-1.0:-1.0,-1.0 Yxy=-1.0,-1.0:-1.0,-1.0/-1.0,-1.0:-1.0,-1.0 farLxy=-1.0,-1.0:-1.0,-1.0/-1.0,-1.0:-1.0,-1.0 best=10:51.6,97.1:27.5,63.9:29.8:10111/64:-2.4,49.4:5.5,29.3:32.6:10101 seed_src=none/none seed=40.0,91.8/0.0,0.0 far_start=40,0 far_raw=0/0 far_num=0/0 straight=0/0 far_straight=0/0 conf_deg=29.8/32.6/0.0/0.0
CrossDiag: type=CROSS_NONE track=1 half_lr=0/0 nearL=0@-1/0@-1 nearNum=22/66 centerNum=22/66 farL=0@-1/0@-1 farNum=0/0 farRaw=0/0 lost=1/0 not_have=0 final=66/49 flags=0/0
LineErr: aim=41 cxcy=84.0,119.6 left=1:18.73@60,71 dx=-24.2 idx=0/13 dist=40/64 right=1:16.43@69,91 dx=-15.4 idx=1/25 dist=41/120 sel=1:21.64@62,86 dx=-22.4 idx=0/20 dist=40/96 edge=1:20.34@61.5,82.0 dx=-22.5 width=64.1 l=30,88 r=93,76
CxScan: raw_ref=80.0 edge=61.5,82.0 best_raw_x=20 best_err=-0.48 best_cxcy=61.0,119.4 scan=0:-7.7,10:-4.1,20:-0.5,30:3.1,40:6.7,50:10.3,60:13.8,70:17.1,80:20.3,90:23.4,100:26.4,110:29.2,120:31.9,130:34.4,140:36.7
ATGSeedDiag: seed=1@30,108/1@146,108 begin=7,108 block=5 clip=8
ATGLptDiag: best=10(29.8) imip=0/20 pass=10111 acc=-1 ipm=51.6,97.1 inv=27.5,63.9 | 64(32.6) imip=54/65 pass=10101 acc=-1 ipm=-2.4,49.4 inv=5.5,29.3
frame=366 line=1 track=1 cross=0 circle=5(CIRCLE_LEFT_RUNNING) round=0 yroad=0 ramp=0 road=6 speed=0 near=22/67 raw=69/156 sel=67/50 far=0/0 far_raw=0/0 l=0@-1/0@-1 far_l=0@-1/0@-1 straight=0/1 far_straight=0/0 circle_cnt=0/0/0/0 lost=1/0 conf=27.9/19.5/0.0/0.0 dist=470 begin=0/3339 m0=(84,119) ml=(66,89) md=41/1/109 cxcy=84.0,119.6 guide=14.63 atg=-60.0/-60.0/-60.0 pure=7.50/7.66 yaw=-1171 cmd=-771 actual=-1399 signed=1 rps=4856/2744:5809/4450 duty=10/5 pwm=PWM2:10/PWM1:5 motor=2:10/1:5
ATGCorner: L=0@-1/0@-1 Y=0@-1/0@-1 farL=0@-1/0@-1 Lxy=-1.0,-1.0:-1.0,-1.0/-1.0,-1.0:-1.0,-1.0 Yxy=-1.0,-1.0:-1.0,-1.0/-1.0,-1.0:-1.0,-1.0 farLxy=-1.0,-1.0:-1.0,-1.0/-1.0,-1.0:-1.0,-1.0 best=10:51.8,97.1:27.8,63.9:27.9:10111/3:112.9,109.6:134.4,85.7:19.5:10111 seed_src=none/none seed=40.0,91.8/0.0,0.0 far_start=40,0 far_raw=0/0 far_num=0/0 straight=0/1 far_straight=0/0 conf_deg=27.9/19.5/0.0/0.0
CrossDiag: type=CROSS_NONE track=1 half_lr=0/0 nearL=0@-1/0@-1 nearNum=22/67 centerNum=22/67 farL=0@-1/0@-1 farNum=0/0 farRaw=0/0 lost=1/0 not_have=0 final=67/50 flags=0/0
LineErr: aim=41 cxcy=84.0,119.6 left=1:18.60@60,71 dx=-24.0 idx=0/13 dist=40/64 right=1:15.01@70,91 dx=-13.8 idx=1/24 dist=41/123 sel=1:20.76@63,86 dx=-21.4 idx=0/20 dist=40/98 edge=1:20.08@62.0,82.5 dx=-22.0 width=63.0 l=31,88 r=93,77
CxScan: raw_ref=80.0 edge=62.0,82.5 best_raw_x=25 best_err=0.87 best_cxcy=62.9,119.4 scan=0:-8.3,10:-4.6,20:-1.0,30:2.7,40:6.3,50:9.9,60:13.4,70:16.8,80:20.1,90:23.2,100:26.2,110:29.1,120:31.7,130:34.3,140:36.7
ATGSeedDiag: seed=1@30,108/1@147,108 begin=7,108 block=5 clip=8
ATGLptDiag: best=10(27.9) imip=0/20 pass=10111 acc=-1 ipm=51.8,97.1 inv=27.8,63.9 | 3(19.5) imip=0/13 pass=10111 acc=-1 ipm=112.9,109.6 inv=134.4,85.7
frame=367 line=1 track=1 cross=0 circle=5(CIRCLE_LEFT_RUNNING) round=0 yroad=0 ramp=0 road=6 speed=0 near=22/67 raw=69/156 sel=67/50 far=0/0 far_raw=0/0 l=0@-1/0@-1 far_l=0@-1/0@-1 straight=0/1 far_straight=0/0 circle_cnt=0/0/0/0 lost=1/0 conf=26.5/22.6/0.0/0.0 dist=484 begin=0/3339 m0=(84,119) ml=(67,89) md=40/1/109 cxcy=84.0,119.6 guide=14.52 atg=-60.0/-60.0/-60.0 pure=7.35/7.58 yaw=-1162 cmd=-762 actual=-1363 signed=1 rps=4844/2756:5739/4287 duty=10/6 pwm=PWM2:10/PWM1:6 motor=2:10/1:6
ATGCorner: L=0@-1/0@-1 Y=0@-1/0@-1 farL=0@-1/0@-1 Lxy=-1.0,-1.0:-1.0,-1.0/-1.0,-1.0:-1.0,-1.0 Yxy=-1.0,-1.0:-1.0,-1.0/-1.0,-1.0:-1.0,-1.0 farLxy=-1.0,-1.0:-1.0,-1.0/-1.0,-1.0:-1.0,-1.0 best=10:51.9,97.2:28.0,64.0:26.5:10111/64:-0.9,46.3:8.7,28.1:22.6:10101 seed_src=none/none seed=40.0,91.8/0.0,0.0 far_start=40,0 far_raw=0/0 far_num=0/0 straight=0/1 far_straight=0/0 conf_deg=26.5/22.6/0.0/0.0
CrossDiag: type=CROSS_NONE track=1 half_lr=0/0 nearL=0@-1/0@-1 nearNum=22/67 centerNum=22/67 farL=0@-1/0@-1 farNum=0/0 farRaw=0/0 lost=1/0 not_have=0 final=67/50 flags=0/0
LineErr: aim=41 cxcy=84.0,119.6 left=1:18.41@60,72 dx=-23.7 idx=0/13 dist=40/64 right=1:13.35@72,92 dx=-12.0 idx=1/23 dist=40/124 sel=1:19.85@64,86 dx=-20.5 idx=0/20 dist=40/98 edge=1:19.51@62.5,82.0 dx=-21.5 width=64.1 l=31,88 r=94,76
CxScan: raw_ref=80.0 edge=62.5,82.0 best_raw_x=25 best_err=0.39 best_cxcy=62.9,119.4 scan=0:-8.6,10:-5.1,20:-1.4,30:2.2,40:5.8,50:9.4,60:12.9,70:16.2,80:19.5,90:22.6,100:25.6,110:28.5,120:31.2,130:33.7,140:36.1
ATGSeedDiag: seed=1@31,108/1@148,108 begin=7,108 block=5 clip=8
ATGLptDiag: best=10(26.5) imip=0/20 pass=10111 acc=-1 ipm=51.9,97.2 inv=28.0,64.0 | 64(22.6) imip=54/66 pass=10101 acc=-1 ipm=-0.9,46.3 inv=8.7,28.1
frame=368 line=1 track=1 cross=0 circle=5(CIRCLE_LEFT_RUNNING) round=0 yroad=0 ramp=0 road=6 speed=0 near=22/67 raw=69/157 sel=67/51 far=0/0 far_raw=0/0 l=0@-1/0@-1 far_l=0@-1/0@-1 straight=0/0 far_straight=0/0 circle_cnt=0/0/0/0 lost=1/0 conf=27.2/20.4/0.0/0.0 dist=499 begin=0/3339 m0=(84,119) ml=(68,89) md=41/1/111 cxcy=84.0,119.6 guide=13.83 atg=-60.0/-60.0/-60.0 pure=7.32/7.61 yaw=-1107 cmd=-707 actual=-1319 signed=1 rps=4768/2832:6089/4554 duty=9/6 pwm=PWM2:9/PWM1:6 motor=2:9/1:6
ATGCorner: L=0@-1/0@-1 Y=0@-1/0@-1 farL=0@-1/0@-1 Lxy=-1.0,-1.0:-1.0,-1.0/-1.0,-1.0:-1.0,-1.0 Yxy=-1.0,-1.0:-1.0,-1.0/-1.0,-1.0:-1.0,-1.0 farLxy=-1.0,-1.0:-1.0,-1.0/-1.0,-1.0:-1.0,-1.0 best=10:52.0,97.2:28.0,64.1:27.2:10111/2:113.6,112.0:139.7,91.6:20.4:10111 seed_src=none/none seed=40.0,91.8/0.0,0.0 far_start=40,0 far_raw=0/0 far_num=0/0 straight=0/0 far_straight=0/0 conf_deg=27.2/20.4/0.0/0.0
CrossDiag: type=CROSS_NONE track=1 half_lr=0/0 nearL=0@-1/0@-1 nearNum=22/67 centerNum=22/67 farL=0@-1/0@-1 farNum=0/0 farRaw=0/0 lost=1/0 not_have=0 final=67/51 flags=0/0
LineErr: aim=41 cxcy=84.0,119.6 left=1:18.38@60,72 dx=-23.7 idx=0/13 dist=40/64 right=1:12.13@73,93 dx=-10.6 idx=0/22 dist=40/127 sel=1:19.11@65,87 dx=-19.4 idx=0/20 dist=40/100 edge=1:19.51@62.5,82.0 dx=-21.5 width=64.1 l=31,88 r=94,76
CxScan: raw_ref=80.0 edge=62.5,82.0 best_raw_x=25 best_err=0.39 best_cxcy=62.9,119.4 scan=0:-8.6,10:-5.1,20:-1.4,30:2.2,40:5.8,50:9.4,60:12.9,70:16.2,80:19.5,90:22.6,100:25.6,110:28.5,120:31.2,130:33.7,140:36.1
ATGSeedDiag: seed=1@32,108/1@148,108 begin=7,108 block=5 clip=8
ATGLptDiag: best=10(27.2) imip=0/20 pass=10111 acc=-1 ipm=52.0,97.2 inv=28.0,64.1 | 2(20.4) imip=0/12 pass=10111 acc=-1 ipm=113.6,112.0 inv=139.7,91.6
frame=369 line=1 track=1 cross=0 circle=5(CIRCLE_LEFT_RUNNING) round=0 yroad=0 ramp=0 road=6 speed=0 near=22/67 raw=69/157 sel=67/51 far=0/0 far_raw=0/0 l=0@-1/0@-1 far_l=0@-1/0@-1 straight=0/0 far_straight=0/0 circle_cnt=0/0/0/0 lost=1/0 conf=29.5/20.7/0.0/0.0 dist=514 begin=0/3339 m0=(84,119) ml=(67,89) md=41/1/110 cxcy=84.0,119.6 guide=14.26 atg=-60.0/-60.0/-60.0 pure=7.36/7.72 yaw=-1141 cmd=-864 actual=-1279 signed=1 rps=4984/2616:6218/4856 duty=10/4 pwm=PWM2:10/PWM1:4 motor=2:10/1:4
ATGCorner: L=0@-1/0@-1 Y=0@-1/0@-1 farL=0@-1/0@-1 Lxy=-1.0,-1.0:-1.0,-1.0/-1.0,-1.0:-1.0,-1.0 Yxy=-1.0,-1.0:-1.0,-1.0/-1.0,-1.0:-1.0,-1.0 farLxy=-1.0,-1.0:-1.0,-1.0/-1.0,-1.0:-1.0,-1.0 best=10:52.2,97.3:28.2,64.2:29.5:10111/2:114.0,112.0:140.4,91.6:20.7:10111 seed_src=none/none seed=40.0,91.8/0.0,0.0 far_start=40,0 far_raw=0/0 far_num=0/0 straight=0/0 far_straight=0/0 conf_deg=29.5/20.7/0.0/0.0
CrossDiag: type=CROSS_NONE track=1 half_lr=0/0 nearL=0@-1/0@-1 nearNum=22/67 centerNum=22/67 farL=0@-1/0@-1 farNum=0/0 farRaw=0/0 lost=1/0 not_have=0 final=67/51 flags=0/0
LineErr: aim=41 cxcy=84.0,119.6 left=1:18.52@60,72 dx=-23.8 idx=0/13 dist=40/64 right=1:13.10@72,92 dx=-11.8 idx=0/23 dist=40/125 sel=1:18.83@65,88 dx=-18.8 idx=0/20 dist=40/100 edge=1:19.66@62.5,82.5 dx=-21.5 width=64.0 l=31,88 r=94,77
CxScan: raw_ref=80.0 edge=62.5,82.5 best_raw_x=25 best_err=0.39 best_cxcy=62.9,119.4 scan=0:-8.7,10:-5.1,20:-1.4,30:2.2,40:5.9,50:9.5,60:13.0,70:16.4,80:19.7,90:22.8,100:25.8,110:28.7,120:31.4,130:34.0,140:36.4
ATGSeedDiag: seed=1@32,108/1@149,108 begin=7,108 block=5 clip=8
ATGLptDiag: best=10(29.5) imip=0/20 pass=10111 acc=-1 ipm=52.2,97.3 inv=28.2,64.2 | 2(20.7) imip=0/12 pass=10111 acc=-1 ipm=114.0,112.0 inv=140.4,91.6
frame=370 line=1 track=1 cross=0 circle=5(CIRCLE_LEFT_RUNNING) round=0 yroad=0 ramp=0 road=6 speed=0 near=22/66 raw=69/157 sel=66/51 far=0/0 far_raw=0/0 l=0@-1/0@-1 far_l=0@-1/0@-1 straight=0/1 far_straight=0/0 circle_cnt=0/0/0/0 lost=1/0 conf=29.7/26.1/0.0/0.0 dist=529 begin=0/3339 m0=(84,119) ml=(68,89) md=42/1/110 cxcy=84.0,119.6 guide=13.06 atg=-60.0/-60.0/-60.0 pure=7.40/7.73 yaw=-1045 cmd=-684 actual=-1225 signed=1 rps=4737/2863:5849/4815 duty=10/5 pwm=PWM2:10/PWM1:5 motor=2:10/1:5
ATGCorner: L=0@-1/0@-1 Y=0@-1/0@-1 farL=0@-1/0@-1 Lxy=-1.0,-1.0:-1.0,-1.0/-1.0,-1.0:-1.0,-1.0 Yxy=-1.0,-1.0:-1.0,-1.0/-1.0,-1.0:-1.0,-1.0 farLxy=-1.0,-1.0:-1.0,-1.0/-1.0,-1.0:-1.0,-1.0 best=10:52.2,97.4:28.3,64.3:29.7:10111/64:-1.3,49.0:6.7,29.1:26.1:10101 seed_src=none/none seed=40.0,91.8/0.0,0.0 far_start=40,0 far_raw=0/0 far_num=0/0 straight=0/1 far_straight=0/0 conf_deg=29.7/26.1/0.0/0.0
CrossDiag: type=CROSS_NONE track=1 half_lr=0/0 nearL=0@-1/0@-1 nearNum=22/66 centerNum=22/66 farL=0@-1/0@-1 farNum=0/0 farRaw=0/0 lost=1/0 not_have=0 final=66/51 flags=0/0
LineErr: aim=41 cxcy=84.0,119.6 left=1:18.57@60,72 dx=-23.9 idx=0/13 dist=40/64 right=1:11.76@74,94 dx=-10.2 idx=0/22 dist=40/125 sel=1:18.14@66,88 dx=-17.9 idx=0/20 dist=40/100 edge=1:19.81@62.5,83.0 dx=-21.5 width=64.1 l=31,89 r=94,77
CxScan: raw_ref=80.0 edge=62.5,83.0 best_raw_x=25 best_err=0.40 best_cxcy=62.9,119.4 scan=0:-8.8,10:-5.1,20:-1.5,30:2.2,40:5.9,50:9.5,60:13.1,70:16.5,80:19.8,90:23.0,100:26.0,110:28.9,120:31.6,130:34.2,140:36.6
ATGSeedDiag: seed=1@33,108/1@150,108 begin=7,108 block=5 clip=8
ATGLptDiag: best=10(29.7) imip=0/20 pass=10111 acc=-1 ipm=52.2,97.4 inv=28.3,64.3 | 64(26.1) imip=54/65 pass=10101 acc=-1 ipm=-1.3,49.0 inv=6.7,29.1
frame=371 line=1 track=1 cross=0 circle=5(CIRCLE_LEFT_RUNNING) round=0 yroad=0 ramp=0 road=6 speed=0 near=22/66 raw=69/157 sel=66/51 far=0/0 far_raw=0/0 l=0@-1/0@-1 far_l=0@-1/0@-1 straight=0/0 far_straight=0/0 circle_cnt=0/0/0/0 lost=1/0 conf=26.9/26.4/0.0/0.0 dist=544 begin=0/3339 m0=(84,119) ml=(68,90) md=41/1/110 cxcy=84.0,119.6 guide=13.74 atg=-60.0/-60.0/-60.0 pure=7.56/7.92 yaw=-1099 cmd=-947 actual=-1176 signed=1 rps=5098/2502:5900/5124 duty=11/4 pwm=PWM2:11/PWM1:4 motor=2:11/1:4
ATGCorner: L=0@-1/0@-1 Y=0@-1/0@-1 farL=0@-1/0@-1 Lxy=-1.0,-1.0:-1.0,-1.0/-1.0,-1.0:-1.0,-1.0 Yxy=-1.0,-1.0:-1.0,-1.0/-1.0,-1.0:-1.0,-1.0 farLxy=-1.0,-1.0:-1.0,-1.0/-1.0,-1.0:-1.0,-1.0 best=10:52.3,97.4:28.3,64.4:26.9:10111/1:114.3,114.4:145.8,98.3:26.4:10111 seed_src=none/none seed=40.0,91.8/0.0,0.0 far_start=40,0 far_raw=0/0 far_num=0/0 straight=0/0 far_straight=0/0 conf_deg=26.9/26.4/0.0/0.0
CrossDiag: type=CROSS_NONE track=1 half_lr=0/0 nearL=0@-1/0@-1 nearNum=22/66 centerNum=22/66 farL=0@-1/0@-1 farNum=0/0 farRaw=0/0 lost=1/0 not_have=0 final=66/51 flags=0/0
LineErr: aim=41 cxcy=84.0,119.6 left=1:18.71@60,72 dx=-24.1 idx=0/13 dist=40/64 right=1:13.05@73,93 dx=-11.5 idx=0/23 dist=41/123 sel=1:18.46@66,89 dx=-18.0 idx=0/20 dist=40/100 edge=1:19.81@62.5,83.0 dx=-21.5 width=64.1 l=31,89 r=94,77
CxScan: raw_ref=80.0 edge=62.5,83.0 best_raw_x=25 best_err=0.40 best_cxcy=62.9,119.4 scan=0:-8.8,10:-5.1,20:-1.5,30:2.2,40:5.9,50:9.5,60:13.1,70:16.5,80:19.8,90:23.0,100:26.0,110:28.9,120:31.6,130:34.2,140:36.6
ATGSeedDiag: seed=1@34,108/1@150,108 begin=7,108 block=5 clip=8
ATGLptDiag: best=10(26.9) imip=0/20 pass=10111 acc=-1 ipm=52.3,97.4 inv=28.3,64.4 | 1(26.4) imip=0/11 pass=10111 acc=-1 ipm=114.3,114.4 inv=145.8,98.3
frame=372 line=1 track=1 cross=0 circle=5(CIRCLE_LEFT_RUNNING) round=0 yroad=0 ramp=0 road=6 speed=0 near=22/66 raw=69/158 sel=66/51 far=0/0 far_raw=0/0 l=0@-1/0@-1 far_l=0@-1/0@-1 straight=0/0 far_straight=0/0 circle_cnt=0/0/0/0 lost=1/0 conf=28.7/24.1/0.0/0.0 dist=558 begin=0/3339 m0=(84,119) ml=(68,90) md=41/1/109 cxcy=84.0,119.6 guide=14.45 atg=-60.0/-60.0/-60.0 pure=7.55/7.87 yaw=-1156 cmd=-1238 actual=-1115 signed=1 rps=5497/2103:5473/4922 duty=13/2 pwm=PWM2:13/PWM1:2 motor=2:13/1:2
ATGCorner: L=0@-1/0@-1 Y=0@-1/0@-1 farL=0@-1/0@-1 Lxy=-1.0,-1.0:-1.0,-1.0/-1.0,-1.0:-1.0,-1.0 Yxy=-1.0,-1.0:-1.0,-1.0/-1.0,-1.0:-1.0,-1.0 farLxy=-1.0,-1.0:-1.0,-1.0/-1.0,-1.0:-1.0,-1.0 best=10:52.4,97.5:28.4,64.5:28.7:10111/1:114.6,114.4:146.5,98.2:24.1:10111 seed_src=none/none seed=40.0,91.8/0.0,0.0 far_start=40,0 far_raw=0/0 far_num=0/0 straight=0/0 far_straight=0/0 conf_deg=28.7/24.1/0.0/0.0
CrossDiag: type=CROSS_NONE track=1 half_lr=0/0 nearL=0@-1/0@-1 nearNum=22/66 centerNum=22/66 farL=0@-1/0@-1 farNum=0/0 farRaw=0/0 lost=1/0 not_have=0 final=66/51 flags=0/0
LineErr: aim=41 cxcy=84.0,119.6 left=1:18.78@60,72 dx=-24.2 idx=0/13 dist=40/64 right=1:11.50@74,94 dx=-9.9 idx=0/22 dist=40/124 sel=1:18.24@66,89 dx=-17.7 idx=0/20 dist=40/100 edge=1:19.81@62.5,83.0 dx=-21.5 width=64.1 l=31,89 r=94,77
CxScan: raw_ref=80.0 edge=62.5,83.0 best_raw_x=25 best_err=0.40 best_cxcy=62.9,119.4 scan=0:-8.8,10:-5.1,20:-1.5,30:2.2,40:5.9,50:9.5,60:13.1,70:16.5,80:19.8,90:23.0,100:26.0,110:28.9,120:31.6,130:34.2,140:36.6
ATGSeedDiag: seed=1@34,108/1@151,108 begin=7,108 block=5 clip=8
ATGLptDiag: best=10(28.7) imip=0/20 pass=10111 acc=-1 ipm=52.4,97.5 inv=28.4,64.5 | 1(24.1) imip=0/11 pass=10111 acc=-1 ipm=114.6,114.4 inv=146.5,98.2
frame=373 line=1 track=1 cross=0 circle=5(CIRCLE_LEFT_RUNNING) round=0 yroad=0 ramp=0 road=6 speed=0 near=22/66 raw=68/158 sel=66/50 far=0/0 far_raw=0/0 l=0@-1/0@-1 far_l=0@-1/0@-1 straight=0/1 far_straight=0/0 circle_cnt=0/0/0/0 lost=1/0 conf=28.2/18.0/0.0/0.0 dist=572 begin=0/3339 m0=(84,119) ml=(68,90) md=40/1/109 cxcy=84.0,119.6 guide=14.45 atg=-60.0/-60.0/-60.0 pure=7.61/7.89 yaw=-1156 cmd=-1326 actual=-1071 signed=1 rps=5617/1983:5513/5131 duty=13/1 pwm=PWM2:13/PWM1:1 motor=2:13/1:1
ATGCorner: L=0@-1/0@-1 Y=0@-1/0@-1 farL=0@-1/0@-1 Lxy=-1.0,-1.0:-1.0,-1.0/-1.0,-1.0:-1.0,-1.0 Yxy=-1.0,-1.0:-1.0,-1.0/-1.0,-1.0:-1.0,-1.0 farLxy=-1.0,-1.0:-1.0,-1.0/-1.0,-1.0:-1.0,-1.0 best=10:52.3,97.8:27.9,64.9:28.2:10111/7:112.0,100.7:121.4,68.4:18.0:10111 seed_src=none/none seed=40.0,91.8/0.0,0.0 far_start=40,0 far_raw=0/0 far_num=0/0 straight=0/1 far_straight=0/0 conf_deg=28.2/18.0/0.0/0.0
CrossDiag: type=CROSS_NONE track=1 half_lr=0/0 nearL=0@-1/0@-1 nearNum=22/66 centerNum=22/66 farL=0@-1/0@-1 farNum=0/0 farRaw=0/0 lost=1/0 not_have=0 final=66/50 flags=0/0
LineErr: aim=41 cxcy=84.0,119.6 left=1:18.85@60,72 dx=-24.2 idx=0/13 dist=40/64 right=1:14.03@71,92 dx=-12.6 idx=2/24 dist=41/121 sel=1:19.95@64,88 dx=-20.0 idx=0/20 dist=40/98 edge=1:19.81@62.5,83.0 dx=-21.5 width=64.1 l=31,89 r=94,77
CxScan: raw_ref=80.0 edge=62.5,83.0 best_raw_x=25 best_err=0.40 best_cxcy=62.9,119.4 scan=0:-8.8,10:-5.1,20:-1.5,30:2.2,40:5.9,50:9.5,60:13.1,70:16.5,80:19.8,90:23.0,100:26.0,110:28.9,120:31.6,130:34.2,140:36.6
ATGSeedDiag: seed=1@34,108/1@152,108 begin=7,108 block=5 clip=8
ATGLptDiag: best=10(28.2) imip=0/20 pass=10111 acc=-1 ipm=52.3,97.8 inv=27.9,64.9 | 7(18.0) imip=0/17 pass=10111 acc=-1 ipm=112.0,100.7 inv=121.4,68.4
frame=374 line=1 track=1 cross=0 circle=5(CIRCLE_LEFT_RUNNING) round=0 yroad=0 ramp=0 road=6 speed=0 near=22/66 raw=68/158 sel=66/50 far=0/0 far_raw=0/0 l=0@-1/0@-1 far_l=0@-1/0@-1 straight=0/1 far_straight=0/0 circle_cnt=0/0/0/0 lost=1/0 conf=29.9/16.2/0.0/0.0 dist=586 begin=0/3339 m0=(84,119) ml=(68,90) md=41/1/109 cxcy=84.0,119.6 guide=14.48 atg=-60.0/-60.0/-60.0 pure=7.60/7.89 yaw=-1158 cmd=-1405 actual=-1035 signed=1 rps=5726/1874:5534/5190 duty=13/1 pwm=PWM2:13/PWM1:1 motor=2:13/1:1
ATGCorner: L=0@-1/0@-1 Y=0@-1/0@-1 farL=0@-1/0@-1 Lxy=-1.0,-1.0:-1.0,-1.0/-1.0,-1.0:-1.0,-1.0 Yxy=-1.0,-1.0:-1.0,-1.0/-1.0,-1.0:-1.0,-1.0 farLxy=-1.0,-1.0:-1.0,-1.0/-1.0,-1.0:-1.0,-1.0 best=10:52.2,97.8:27.9,64.9:29.9:10111/7:111.9,100.7:121.3,68.4:16.2:10111 seed_src=none/none seed=40.0,91.8/0.0,0.0 far_start=40,0 far_raw=0/0 far_num=0/0 straight=0/1 far_straight=0/0 conf_deg=29.9/16.2/0.0/0.0
CrossDiag: type=CROSS_NONE track=1 half_lr=0/0 nearL=0@-1/0@-1 nearNum=22/66 centerNum=22/66 farL=0@-1/0@-1 farNum=0/0 farRaw=0/0 lost=1/0 not_have=0 final=66/50 flags=0/0
LineErr: aim=41 cxcy=84.0,119.6 left=1:19.06@60,72 dx=-24.5 idx=0/13 dist=40/64 right=1:13.06@73,93 dx=-11.5 idx=2/23 dist=40/122 sel=1:19.95@64,88 dx=-19.9 idx=0/20 dist=40/98 edge=1:19.96@62.5,83.5 dx=-21.5 width=64.3 l=31,90 r=94,77
CxScan: raw_ref=80.0 edge=62.5,83.5 best_raw_x=25 best_err=0.40 best_cxcy=62.9,119.4 scan=0:-8.9,10:-5.2,20:-1.5,30:2.3,40:6.0,50:9.6,60:13.2,70:16.6,80:20.0,90:23.2,100:26.2,110:29.1,120:31.8,130:34.4,140:36.8
ATGSeedDiag: seed=1@35,108/1@152,108 begin=7,108 block=5 clip=8
ATGLptDiag: best=10(29.9) imip=0/20 pass=10111 acc=-1 ipm=52.2,97.8 inv=27.9,64.9 | 7(16.2) imip=0/17 pass=10111 acc=-1 ipm=111.9,100.7 inv=121.3,68.4
frame=375 line=1 track=1 cross=0 circle=5(CIRCLE_LEFT_RUNNING) round=0 yroad=0 ramp=0 road=6 speed=0 near=21/66 raw=68/158 sel=66/49 far=0/0 far_raw=0/0 l=0@-1/0@-1 far_l=0@-1/0@-1 straight=0/1 far_straight=0/0 circle_cnt=0/0/0/0 lost=1/0 conf=33.7/16.2/0.0/0.0 dist=600 begin=0/3339 m0=(84,119) ml=(67,90) md=40/1/106 cxcy=84.0,119.6 guide=15.20 atg=-60.0/-60.0/-60.0 pure=7.69/7.90 yaw=-1216 cmd=-1605 actual=-1022 signed=1 rps=6000/1600:5358/4901 duty=15/0 pwm=PWM2:15/PWM1:0 motor=2:15/1:0
ATGCorner: L=0@-1/0@-1 Y=0@-1/0@-1 farL=0@-1/0@-1 Lxy=-1.0,-1.0:-1.0,-1.0/-1.0,-1.0:-1.0,-1.0 Yxy=-1.0,-1.0:-1.0,-1.0/-1.0,-1.0:-1.0,-1.0 farLxy=-1.0,-1.0:-1.0,-1.0/-1.0,-1.0:-1.0,-1.0 best=10:52.2,97.9:27.8,65.0:33.7:10111/7:112.0,100.7:121.4,68.5:16.2:10111 seed_src=none/none seed=40.0,91.8/0.0,0.0 far_start=40,0 far_raw=0/0 far_num=0/0 straight=0/1 far_straight=0/0 conf_deg=33.7/16.2/0.0/0.0
CrossDiag: type=CROSS_NONE track=1 half_lr=0/0 nearL=0@-1/0@-1 nearNum=21/66 centerNum=21/66 farL=0@-1/0@-1 farNum=0/0 farRaw=0/0 lost=1/0 not_have=0 final=66/49 flags=0/0
LineErr: aim=41 cxcy=84.0,119.6 left=1:20.68@57,71 dx=-27.1 idx=0/14 dist=42/60 right=1:15.51@70,91 dx=-14.2 idx=3/25 dist=41/119 sel=1:20.75@63,88 dx=-20.8 idx=0/20 dist=40/96 edge=1:19.96@62.5,83.5 dx=-21.5 width=64.3 l=31,90 r=94,77
CxScan: raw_ref=80.0 edge=62.5,83.5 best_raw_x=25 best_err=0.40 best_cxcy=62.9,119.4 scan=0:-8.9,10:-5.2,20:-1.5,30:2.3,40:6.0,50:9.6,60:13.2,70:16.6,80:20.0,90:23.2,100:26.2,110:29.1,120:31.8,130:34.4,140:36.8
ATGSeedDiag: seed=1@35,108/1@153,108 begin=7,108 block=5 clip=8
ATGLptDiag: best=10(33.7) imip=0/20 pass=10111 acc=-1 ipm=52.2,97.9 inv=27.8,65.0 | 7(16.2) imip=0/17 pass=10111 acc=-1 ipm=112.0,100.7 inv=121.4,68.5
frame=376 line=1 track=1 cross=0 circle=5(CIRCLE_LEFT_RUNNING) round=0 yroad=0 ramp=0 road=6 speed=0 near=21/66 raw=67/158 sel=66/49 far=0/0 far_raw=0/0 l=0@-1/0@-1 far_l=0@-1/0@-1 straight=0/1 far_straight=0/0 circle_cnt=0/0/0/0 lost=1/0 conf=32.3/16.3/0.0/0.0 dist=614 begin=0/3339 m0=(84,119) ml=(67,90) md=41/1/107 cxcy=84.0,119.6 guide=15.24 atg=-60.0/-60.0/-60.0 pure=7.69/7.92 yaw=-1219 cmd=-1614 actual=-1021 signed=1 rps=6012/1588:5639/4846 duty=14/0 pwm=PWM2:14/PWM1:0 motor=2:14/1:0
ATGCorner: L=0@-1/0@-1 Y=0@-1/0@-1 farL=0@-1/0@-1 Lxy=-1.0,-1.0:-1.0,-1.0/-1.0,-1.0:-1.0,-1.0 Yxy=-1.0,-1.0:-1.0,-1.0/-1.0,-1.0:-1.0,-1.0 farLxy=-1.0,-1.0:-1.0,-1.0/-1.0,-1.0:-1.0,-1.0 best=10:52.0,98.1:27.3,65.3:32.3:10111/7:112.0,100.7:121.5,68.5:16.3:10111 seed_src=none/none seed=40.0,91.8/0.0,0.0 far_start=40,0 far_raw=0/0 far_num=0/0 straight=0/1 far_straight=0/0 conf_deg=32.3/16.3/0.0/0.0
CrossDiag: type=CROSS_NONE track=1 half_lr=0/0 nearL=0@-1/0@-1 nearNum=21/66 centerNum=21/66 farL=0@-1/0@-1 farNum=0/0 farRaw=0/0 lost=1/0 not_have=0 final=66/49 flags=0/0
LineErr: aim=41 cxcy=84.0,119.6 left=1:20.90@57,71 dx=-27.3 idx=0/14 dist=42/60 right=1:14.36@71,93 dx=-12.8 idx=3/24 dist=40/120 sel=1:20.59@63,88 dx=-20.6 idx=0/20 dist=40/96 edge=1:20.39@62.0,83.5 dx=-22.0 width=65.3 l=30,90 r=94,77
CxScan: raw_ref=80.0 edge=62.0,83.5 best_raw_x=25 best_err=0.88 best_cxcy=62.9,119.4 scan=0:-8.4,10:-4.7,20:-1.0,30:2.7,40:6.4,50:10.1,60:13.6,70:17.1,80:20.4,90:23.6,100:26.6,110:29.5,120:32.2,130:34.7,140:37.1
ATGSeedDiag: seed=1@35,108/1@153,108 begin=7,108 block=5 clip=8
ATGLptDiag: best=10(32.3) imip=0/20 pass=10111 acc=-1 ipm=52.0,98.1 inv=27.3,65.3 | 7(16.3) imip=0/17 pass=10111 acc=-1 ipm=112.0,100.7 inv=121.5,68.5
frame=377 line=1 track=1 cross=0 circle=5(CIRCLE_LEFT_RUNNING) round=0 yroad=0 ramp=0 road=6 speed=0 near=21/66 raw=66/158 sel=66/50 far=0/0 far_raw=0/0 l=0@-1/0@-1 far_l=0@-1/0@-1 straight=0/1 far_straight=0/0 circle_cnt=0/0/0/0 lost=1/0 conf=32.4/16.5/0.0/0.0 dist=628 begin=0/3339 m0=(84,119) ml=(68,90) md=40/1/108 cxcy=84.0,119.6 guide=14.68 atg=-60.0/-60.0/-60.0 pure=7.74/7.88 yaw=-1174 cmd=-1439 actual=-1042 signed=1 rps=5772/1828:5600/4458 duty=14/2 pwm=PWM2:14/PWM1:2 motor=2:14/1:2
ATGCorner: L=0@-1/0@-1 Y=0@-1/0@-1 farL=0@-1/0@-1 Lxy=-1.0,-1.0:-1.0,-1.0/-1.0,-1.0:-1.0,-1.0 Yxy=-1.0,-1.0:-1.0,-1.0/-1.0,-1.0:-1.0,-1.0 farLxy=-1.0,-1.0:-1.0,-1.0/-1.0,-1.0:-1.0,-1.0 best=10:51.7,98.0:27.0,65.2:32.4:10111/8:111.1,98.7:118.0,65.4:16.5:10111 seed_src=none/none seed=40.0,91.8/0.0,0.0 far_start=40,0 far_raw=0/0 far_num=0/0 straight=0/1 far_straight=0/0 conf_deg=32.4/16.5/0.0/0.0
CrossDiag: type=CROSS_NONE track=1 half_lr=0/0 nearL=0@-1/0@-1 nearNum=21/66 centerNum=21/66 farL=0@-1/0@-1 farNum=0/0 farRaw=0/0 lost=1/0 not_have=0 final=66/50 flags=0/0
LineErr: aim=41 cxcy=84.0,119.6 left=1:21.41@56,71 dx=-28.1 idx=0/14 dist=42/60 right=1:14.34@71,93 dx=-12.8 idx=3/24 dist=40/120 sel=1:20.53@64,88 dx=-20.4 idx=0/20 dist=40/98 edge=1:20.39@62.0,83.5 dx=-22.0 width=65.3 l=30,90 r=94,77
CxScan: raw_ref=80.0 edge=62.0,83.5 best_raw_x=25 best_err=0.88 best_cxcy=62.9,119.4 scan=0:-8.4,10:-4.7,20:-1.0,30:2.7,40:6.4,50:10.1,60:13.6,70:17.1,80:20.4,90:23.6,100:26.6,110:29.5,120:32.2,130:34.7,140:37.1
ATGSeedDiag: seed=1@36,107/1@154,108 begin=7,108 block=5 clip=8
ATGLptDiag: best=10(32.4) imip=0/20 pass=10111 acc=-1 ipm=51.7,98.0 inv=27.0,65.2 | 8(16.5) imip=0/18 pass=10111 acc=-1 ipm=111.1,98.7 inv=118.0,65.4
frame=378 line=1 track=1 cross=0 circle=5(CIRCLE_LEFT_RUNNING) round=0 yroad=0 ramp=0 road=6 speed=0 near=21/65 raw=66/158 sel=65/49 far=0/0 far_raw=0/0 l=0@-1/0@-1 far_l=0@-1/0@-1 straight=0/1 far_straight=0/0 circle_cnt=0/0/0/0 lost=1/0 conf=32.6/16.8/0.0/0.0 dist=642 begin=0/3339 m0=(84,119) ml=(67,91) md=40/1/106 cxcy=84.0,119.6 guide=15.47 atg=-60.0/-60.0/-60.0 pure=7.95/8.12 yaw=-1238 cmd=-1576 actual=-1069 signed=1 rps=5959/1641:5959/4426 duty=14/1 pwm=PWM2:14/PWM1:1 motor=2:14/1:1
ATGCorner: L=0@-1/0@-1 Y=0@-1/0@-1 farL=0@-1/0@-1 Lxy=-1.0,-1.0:-1.0,-1.0/-1.0,-1.0:-1.0,-1.0 Yxy=-1.0,-1.0:-1.0,-1.0/-1.0,-1.0:-1.0,-1.0 farLxy=-1.0,-1.0:-1.0,-1.0/-1.0,-1.0:-1.0,-1.0 best=10:51.8,98.4:26.8,65.8:32.6:10111/7:112.0,100.8:121.6,68.6:16.8:10111 seed_src=none/none seed=40.0,91.8/0.0,0.0 far_start=40,0 far_raw=0/0 far_num=0/0 straight=0/1 far_straight=0/0 conf_deg=32.6/16.8/0.0/0.0
CrossDiag: type=CROSS_NONE track=1 half_lr=0/0 nearL=0@-1/0@-1 nearNum=21/65 centerNum=21/65 farL=0@-1/0@-1 farNum=0/0 farRaw=0/0 lost=1/0 not_have=0 final=65/49 flags=0/0
LineErr: aim=41 cxcy=84.0,119.6 left=1:21.59@56,71 dx=-28.3 idx=0/14 dist=42/60 right=1:14.54@71,93 dx=-12.8 idx=3/24 dist=40/118 sel=1:20.90@63,89 dx=-20.7 idx=0/20 dist=40/96 edge=1:20.55@62.0,84.0 dx=-22.0 width=65.5 l=30,91 r=94,77
CxScan: raw_ref=80.0 edge=62.0,84.0 best_raw_x=25 best_err=0.89 best_cxcy=62.9,119.4 scan=0:-8.5,10:-4.7,20:-1.0,30:2.8,40:6.5,50:10.2,60:13.7,70:17.2,80:20.5,90:23.7,100:26.8,110:29.7,120:32.4,130:35.0,140:37.4
ATGSeedDiag: seed=1@36,108/1@154,108 begin=7,108 block=5 clip=8
ATGLptDiag: best=10(32.6) imip=0/20 pass=10111 acc=-1 ipm=51.8,98.4 inv=26.8,65.8 | 7(16.8) imip=0/17 pass=10111 acc=-1 ipm=112.0,100.8 inv=121.6,68.6
frame=379 line=1 track=1 cross=0 circle=5(CIRCLE_LEFT_RUNNING) round=0 yroad=0 ramp=0 road=6 speed=0 near=20/64 raw=66/159 sel=64/47 far=0/0 far_raw=0/0 l=0@-1/0@-1 far_l=0@-1/0@-1 straight=0/1 far_straight=0/0 circle_cnt=0/0/0/0 lost=1/0 conf=32.3/16.2/0.0/0.0 dist=656 begin=0/3339 m0=(84,119) ml=(67,91) md=41/1/104 cxcy=84.0,119.6 guide=14.93 atg=-60.0/-60.0/-60.0 pure=8.11/8.24 yaw=-1194 cmd=-1396 actual=-1093 signed=1 rps=5713/1887:5828/4207 duty=13/2 pwm=PWM2:13/PWM1:2 motor=2:13/1:2
ATGCorner: L=0@-1/0@-1 Y=0@-1/0@-1 farL=0@-1/0@-1 Lxy=-1.0,-1.0:-1.0,-1.0/-1.0,-1.0:-1.0,-1.0 Yxy=-1.0,-1.0:-1.0,-1.0/-1.0,-1.0:-1.0,-1.0 farLxy=-1.0,-1.0:-1.0,-1.0/-1.0,-1.0:-1.0,-1.0 best=9:53.7,99.8:28.4,67.9:32.3:10111/7:112.2,101.1:122.1,69.1:16.2:10111 seed_src=none/none seed=40.0,91.8/0.0,0.0 far_start=40,0 far_raw=0/0 far_num=0/0 straight=0/1 far_straight=0/0 conf_deg=32.3/16.2/0.0/0.0
CrossDiag: type=CROSS_NONE track=1 half_lr=0/0 nearL=0@-1/0@-1 nearNum=20/64 centerNum=20/64 farL=0@-1/0@-1 farNum=0/0 farRaw=0/0 lost=1/0 not_have=0 final=64/47 flags=0/0
LineErr: aim=41 cxcy=84.0,119.6 left=1:21.70@56,72 dx=-28.2 idx=0/14 dist=41/56 right=1:15.89@70,93 dx=-14.1 idx=3/25 dist=41/115 sel=1:21.52@63,89 dx=-21.0 idx=0/20 dist=40/92 edge=1:20.44@62.5,85.0 dx=-21.5 width=62.6 l=32,92 r=93,78
CxScan: raw_ref=80.0 edge=62.5,85.0 best_raw_x=25 best_err=0.41 best_cxcy=62.9,119.4 scan=0:-9.1,10:-5.3,20:-1.5,30:2.3,40:6.1,50:9.9,60:13.5,70:17.0,80:20.4,90:23.7,100:26.8,110:29.7,120:32.5,130:35.1,140:37.5
ATGSeedDiag: seed=1@36,108/1@155,108 begin=7,108 block=5 clip=8
ATGLptDiag: best=9(32.3) imip=0/19 pass=10111 acc=-1 ipm=53.7,99.8 inv=28.4,67.9 | 7(16.2) imip=0/17 pass=10111 acc=-1 ipm=112.2,101.1 inv=122.1,69.1
frame=380 line=1 track=1 cross=0 circle=5(CIRCLE_LEFT_RUNNING) round=0 yroad=0 ramp=0 road=6 speed=0 near=20/64 raw=65/158 sel=64/47 far=0/0 far_raw=0/0 l=0@-1/0@-1 far_l=0@-1/0@-1 straight=0/1 far_straight=0/0 circle_cnt=0/0/0/0 lost=1/0 conf=31.2/15.1/0.0/0.0 dist=670 begin=0/3339 m0=(84,119) ml=(66,91) md=40/1/102 cxcy=84.0,119.6 guide=16.27 atg=-60.0/-60.0/-60.0 pure=8.14/8.26 yaw=-1301 cmd=-1685 actual=-1110 signed=1 rps=6109/1491:6118/4407 duty=14/0 pwm=PWM2:14/PWM1:0 motor=2:14/1:0
ATGCorner: L=0@-1/0@-1 Y=0@-1/0@-1 farL=0@-1/0@-1 Lxy=-1.0,-1.0:-1.0,-1.0/-1.0,-1.0:-1.0,-1.0 Yxy=-1.0,-1.0:-1.0,-1.0/-1.0,-1.0:-1.0,-1.0 farLxy=-1.0,-1.0:-1.0,-1.0/-1.0,-1.0:-1.0,-1.0 best=9:53.6,100.0:28.2,68.2:31.2:10111/7:112.1,100.9:121.7,68.7:15.1:10111 seed_src=none/none seed=40.0,91.8/0.0,0.0 far_start=40,0 far_raw=0/0 far_num=0/0 straight=0/1 far_straight=0/0 conf_deg=31.2/15.1/0.0/0.0
CrossDiag: type=CROSS_NONE track=1 half_lr=0/0 nearL=0@-1/0@-1 nearNum=20/64 centerNum=20/64 farL=0@-1/0@-1 farNum=0/0 farRaw=0/0 lost=1/0 not_have=0 final=64/47 flags=0/0
LineErr: aim=41 cxcy=84.0,119.6 left=1:21.85@56,72 dx=-28.4 idx=0/14 dist=41/56 right=1:17.27@68,92 dx=-15.8 idx=4/26 dist=41/111 sel=1:22.12@62,89 dx=-21.8 idx=0/20 dist=40/92 edge=1:20.44@62.5,85.0 dx=-21.5 width=62.6 l=32,92 r=93,78
CxScan: raw_ref=80.0 edge=62.5,85.0 best_raw_x=25 best_err=0.41 best_cxcy=62.9,119.4 scan=0:-9.1,10:-5.3,20:-1.5,30:2.3,40:6.1,50:9.9,60:13.5,70:17.0,80:20.4,90:23.7,100:26.8,110:29.7,120:32.5,130:35.1,140:37.5
ATGSeedDiag: seed=1@36,108/1@155,108 begin=7,108 block=5 clip=8
ATGLptDiag: best=9(31.2) imip=0/19 pass=10111 acc=-1 ipm=53.6,100.0 inv=28.2,68.2 | 7(15.1) imip=0/17 pass=10111 acc=-1 ipm=112.1,100.9 inv=121.7,68.7
frame=381 line=1 track=1 cross=0 circle=5(CIRCLE_LEFT_RUNNING) round=0 yroad=0 ramp=0 road=6 speed=0 near=20/65 raw=64/159 sel=65/49 far=0/0 far_raw=0/0 l=0@-1/0@-1 far_l=0@-1/0@-1 straight=0/1 far_straight=0/0 circle_cnt=0/0/0/0 lost=1/0 conf=31.1/17.0/0.0/0.0 dist=684 begin=0/3339 m0=(84,119) ml=(68,92) md=40/1/106 cxcy=84.0,119.6 guide=14.94 atg=-60.0/-60.0/-60.0 pure=7.96/8.15 yaw=-1195 cmd=-1317 actual=-1134 signed=1 rps=5605/1995:6187/4615 duty=12/2 pwm=PWM2:12/PWM1:2 motor=2:12/1:2
ATGCorner: L=0@-1/0@-1 Y=0@-1/0@-1 farL=0@-1/0@-1 Lxy=-1.0,-1.0:-1.0,-1.0/-1.0,-1.0:-1.0,-1.0 Yxy=-1.0,-1.0:-1.0,-1.0/-1.0,-1.0:-1.0,-1.0 farLxy=-1.0,-1.0:-1.0,-1.0/-1.0,-1.0:-1.0,-1.0 best=9:53.3,99.8:27.9,67.9:31.1:10111/5:114.1,105.1:130.1,76.1:17.0:10111 seed_src=none/none seed=40.0,91.8/0.0,0.0 far_start=40,0 far_raw=0/0 far_num=0/0 straight=0/1 far_straight=0/0 conf_deg=31.1/17.0/0.0/0.0
CrossDiag: type=CROSS_NONE track=1 half_lr=0/0 nearL=0@-1/0@-1 nearNum=20/65 centerNum=20/65 farL=0@-1/0@-1 farNum=0/0 farRaw=0/0 lost=1/0 not_have=0 final=65/49 flags=0/0
LineErr: aim=41 cxcy=84.0,119.6 left=1:22.12@55,72 dx=-28.9 idx=0/14 dist=41/56 right=1:14.60@71,94 dx=-12.8 idx=3/24 dist=40/120 sel=1:20.67@64,90 dx=-20.0 idx=0/20 dist=40/96 edge=1:20.44@62.5,85.0 dx=-21.5 width=62.6 l=32,92 r=93,78
CxScan: raw_ref=80.0 edge=62.5,85.0 best_raw_x=25 best_err=0.41 best_cxcy=62.9,119.4 scan=0:-9.1,10:-5.3,20:-1.5,30:2.3,40:6.1,50:9.9,60:13.5,70:17.0,80:20.4,90:23.7,100:26.8,110:29.7,120:32.5,130:35.1,140:37.5
ATGSeedDiag: seed=1@37,107/1@155,108 begin=7,108 block=5 clip=8
ATGLptDiag: best=9(31.1) imip=0/19 pass=10111 acc=-1 ipm=53.3,99.8 inv=27.9,67.9 | 5(17.0) imip=0/15 pass=10111 acc=-1 ipm=114.1,105.1 inv=130.1,76.1
frame=382 line=1 track=1 cross=0 circle=5(CIRCLE_LEFT_RUNNING) round=0 yroad=0 ramp=0 road=6 speed=0 near=20/65 raw=65/159 sel=65/49 far=0/0 far_raw=0/0 l=0@-1/0@-1 far_l=0@-1/0@-1 straight=0/1 far_straight=0/0 circle_cnt=0/0/0/0 lost=1/0 conf=30.9/22.6/0.0/0.0 dist=699 begin=0/3339 m0=(84,119) ml=(68,92) md=40/1/107 cxcy=84.0,119.6 guide=14.87 atg=-60.0/-60.0/-60.0 pure=7.90/8.07 yaw=-1190 cmd=-1234 actual=-1168 signed=1 rps=5491/2109:5752/4586 duty=12/3 pwm=PWM2:12/PWM1:3 motor=2:12/1:3
ATGCorner: L=0@-1/0@-1 Y=0@-1/0@-1 farL=0@-1/0@-1 Lxy=-1.0,-1.0:-1.0,-1.0/-1.0,-1.0:-1.0,-1.0 Yxy=-1.0,-1.0:-1.0,-1.0/-1.0,-1.0:-1.0,-1.0 farLxy=-1.0,-1.0:-1.0,-1.0/-1.0,-1.0:-1.0,-1.0 best=9:53.6,100.0:28.1,68.2:30.9:10111/62:2.2,51.5:7.9,30.1:22.6:10101 seed_src=none/none seed=40.0,91.8/0.0,0.0 far_start=40,0 far_raw=0/0 far_num=0/0 straight=0/1 far_straight=0/0 conf_deg=30.9/22.6/0.0/0.0
CrossDiag: type=CROSS_NONE track=1 half_lr=0/0 nearL=0@-1/0@-1 nearNum=20/65 centerNum=20/65 farL=0@-1/0@-1 farNum=0/0 farRaw=0/0 lost=1/0 not_have=0 final=65/49 flags=0/0
LineErr: aim=41 cxcy=84.0,119.6 left=1:21.87@56,72 dx=-28.4 idx=0/14 dist=41/56 right=1:14.40@71,93 dx=-12.7 idx=3/24 dist=41/120 sel=1:20.31@64,90 dx=-19.7 idx=0/20 dist=40/96 edge=1:20.00@63.0,85.0 dx=-21.0 width=63.6 l=32,92 r=94,78
CxScan: raw_ref=80.0 edge=63.0,85.0 best_raw_x=25 best_err=-0.09 best_cxcy=62.9,119.4 scan=0:-9.6,10:-5.8,20:-2.0,30:1.8,40:5.6,50:9.4,60:13.0,70:16.6,80:20.0,90:23.3,100:26.4,110:29.3,120:32.1,130:34.8,140:37.2
ATGSeedDiag: seed=1@37,108/1@155,108 begin=7,108 block=5 clip=8
ATGLptDiag: best=9(30.9) imip=0/19 pass=10111 acc=-1 ipm=53.6,100.0 inv=28.1,68.2 | 62(22.6) imip=52/64 pass=10101 acc=-1 ipm=2.2,51.5 inv=7.9,30.1
frame=383 line=1 track=1 cross=0 circle=5(CIRCLE_LEFT_RUNNING) round=0 yroad=0 ramp=0 road=6 speed=0 near=20/65 raw=65/158 sel=65/50 far=0/0 far_raw=0/0 l=0@-1/0@-1 far_l=0@-1/0@-1 straight=0/1 far_straight=0/0 circle_cnt=0/0/0/0 lost=1/0 conf=30.9/31.3/0.0/0.0 dist=714 begin=0/3339 m0=(84,119) ml=(68,92) md=40/1/109 cxcy=84.0,119.6 guide=14.67 atg=-60.0/-60.0/-60.0 pure=7.90/8.07 yaw=-1174 cmd=-1152 actual=-1184 signed=1 rps=5379/2221:5760/4963 duty=12/3 pwm=PWM2:12/PWM1:3 motor=2:12/1:3
ATGCorner: L=0@-1/0@-1 Y=0@-1/0@-1 farL=0@-1/0@-1 Lxy=-1.0,-1.0:-1.0,-1.0/-1.0,-1.0:-1.0,-1.0 Yxy=-1.0,-1.0:-1.0,-1.0/-1.0,-1.0:-1.0,-1.0 farLxy=-1.0,-1.0:-1.0,-1.0/-1.0,-1.0:-1.0,-1.0 best=9:53.5,100.0:28.0,68.2:30.9:10111/63:-0.2,51.9:5.6,30.3:31.3:10101 seed_src=none/none seed=40.0,91.8/0.0,0.0 far_start=40,0 far_raw=0/0 far_num=0/0 straight=0/1 far_straight=0/0 conf_deg=30.9/31.3/0.0/0.0
CrossDiag: type=CROSS_NONE track=1 half_lr=0/0 nearL=0@-1/0@-1 nearNum=20/65 centerNum=20/65 farL=0@-1/0@-1 farNum=0/0 farRaw=0/0 lost=1/0 not_have=0 final=65/50 flags=0/0
LineErr: aim=41 cxcy=84.0,119.6 left=1:21.96@56,72 dx=-28.5 idx=0/14 dist=41/56 right=1:14.55@71,93 dx=-12.8 idx=3/24 dist=41/120 sel=1:20.24@64,90 dx=-19.6 idx=0/20 dist=40/98 edge=1:20.28@62.5,84.5 dx=-21.5 width=62.8 l=32,92 r=93,77
CxScan: raw_ref=80.0 edge=62.5,84.5 best_raw_x=25 best_err=0.41 best_cxcy=62.9,119.4 scan=0:-9.0,10:-5.3,20:-1.5,30:2.3,40:6.1,50:9.8,60:13.4,70:16.9,80:20.3,90:23.5,100:26.6,110:29.5,120:32.3,130:34.9,140:37.3
ATGSeedDiag: seed=1@37,108/1@155,107 begin=7,108 block=5 clip=8
ATGLptDiag: best=9(30.9) imip=0/19 pass=10111 acc=-1 ipm=53.5,100.0 inv=28.0,68.2 | 63(31.3) imip=53/64 pass=10101 acc=-1 ipm=-0.2,51.9 inv=5.6,30.3
frame=384 line=1 track=1 cross=0 circle=5(CIRCLE_LEFT_RUNNING) round=0 yroad=0 ramp=0 road=6 speed=0 near=20/64 raw=64/158 sel=64/48 far=0/0 far_raw=0/0 l=0@-1/0@-1 far_l=0@-1/0@-1 straight=0/1 far_straight=0/0 circle_cnt=0/0/0/0 lost=1/0 conf=19.3/14.9/0.0/0.0 dist=728 begin=0/3339 m0=(84,119) ml=(65,90) md=42/1/104 cxcy=84.0,119.6 guide=15.58 atg=-60.0/-60.0/-60.0 pure=8.06/8.17 yaw=-1246 cmd=-1357 actual=-1191 signed=1 rps=5659/1941:5389/4869 duty=13/2 pwm=PWM2:13/PWM1:2 motor=2:13/1:2
ATGCorner: L=0@-1/0@-1 Y=0@-1/0@-1 farL=0@-1/0@-1 Lxy=-1.0,-1.0:-1.0,-1.0/-1.0,-1.0:-1.0,-1.0 Yxy=-1.0,-1.0:-1.0,-1.0/-1.0,-1.0:-1.0,-1.0 farLxy=-1.0,-1.0:-1.0,-1.0/-1.0,-1.0:-1.0,-1.0 best=1:65.6,113.9:38.0,98.1:19.3:10111/4:114.8,107.1:134.0,80.0:14.9:10111 seed_src=none/none seed=40.0,91.8/0.0,0.0 far_start=40,0 far_raw=0/0 far_num=0/0 straight=0/1 far_straight=0/0 conf_deg=19.3/14.9/0.0/0.0
CrossDiag: type=CROSS_NONE track=1 half_lr=0/0 nearL=0@-1/0@-1 nearNum=20/64 centerNum=20/64 farL=0@-1/0@-1 farNum=0/0 farRaw=0/0 lost=1/0 not_have=0 final=64/48 flags=0/0
LineErr: aim=41 cxcy=84.0,119.6 left=1:22.35@55,72 dx=-29.0 idx=0/14 dist=41/56 right=1:16.19@70,93 dx=-14.4 idx=4/25 dist=40/115 sel=1:21.72@63,89 dx=-21.3 idx=0/20 dist=40/94 edge=1:20.44@62.5,85.0 dx=-21.5 width=62.6 l=32,92 r=93,78
CxScan: raw_ref=80.0 edge=62.5,85.0 best_raw_x=25 best_err=0.41 best_cxcy=62.9,119.4 scan=0:-9.1,10:-5.3,20:-1.5,30:2.3,40:6.1,50:9.9,60:13.5,70:17.0,80:20.4,90:23.7,100:26.8,110:29.7,120:32.5,130:35.1,140:37.5
ATGSeedDiag: seed=1@37,108/1@155,107 begin=7,108 block=5 clip=8
ATGLptDiag: best=1(19.3) imip=0/11 pass=10111 acc=-1 ipm=65.6,113.9 inv=38.0,98.1 | 4(14.9) imip=0/14 pass=10111 acc=-1 ipm=114.8,107.1 inv=134.0,80.0
frame=385 line=1 track=1 cross=0 circle=5(CIRCLE_LEFT_RUNNING) round=0 yroad=0 ramp=0 road=6 speed=0 near=20/64 raw=64/157 sel=64/48 far=0/0 far_raw=0/0 l=0@-1/0@-1 far_l=0@-1/0@-1 straight=0/1 far_straight=0/0 circle_cnt=0/0/0/0 lost=1/0 conf=30.2/15.0/0.0/0.0 dist=742 begin=0/3339 m0=(84,119) ml=(65,91) md=41/1/103 cxcy=84.0,119.6 guide=15.72 atg=-60.0/-60.0/-60.0 pure=8.12/8.17 yaw=-1258 cmd=-1391 actual=-1191 signed=1 rps=5706/1894:5517/4952 duty=13/1 pwm=PWM2:13/PWM1:1 motor=2:13/1:1
ATGCorner: L=0@-1/0@-1 Y=0@-1/0@-1 farL=0@-1/0@-1 Lxy=-1.0,-1.0:-1.0,-1.0/-1.0,-1.0:-1.0,-1.0 Yxy=-1.0,-1.0:-1.0,-1.0/-1.0,-1.0:-1.0,-1.0 farLxy=-1.0,-1.0:-1.0,-1.0/-1.0,-1.0:-1.0,-1.0 best=9:53.5,100.4:27.6,68.8:30.2:10111/6:113.2,102.5:125.2,71.4:15.0:10111 seed_src=none/none seed=40.0,91.8/0.0,0.0 far_start=40,0 far_raw=0/0 far_num=0/0 straight=0/1 far_straight=0/0 conf_deg=30.2/15.0/0.0/0.0
CrossDiag: type=CROSS_NONE track=1 half_lr=0/0 nearL=0@-1/0@-1 nearNum=20/64 centerNum=20/64 farL=0@-1/0@-1 farNum=0/0 farRaw=0/0 lost=1/0 not_have=0 final=64/48 flags=0/0
LineErr: aim=41 cxcy=84.0,119.6 left=1:22.44@55,72 dx=-29.1 idx=0/14 dist=41/56 right=1:16.35@69,93 dx=-14.6 idx=4/25 dist=41/115 sel=1:21.91@63,90 dx=-21.4 idx=0/20 dist=40/94 edge=1:20.28@62.5,84.5 dx=-21.5 width=62.8 l=32,92 r=93,77
CxScan: raw_ref=80.0 edge=62.5,84.5 best_raw_x=25 best_err=0.41 best_cxcy=62.9,119.4 scan=0:-9.0,10:-5.3,20:-1.5,30:2.3,40:6.1,50:9.8,60:13.4,70:16.9,80:20.3,90:23.5,100:26.6,110:29.5,120:32.3,130:34.9,140:37.3
ATGSeedDiag: seed=1@37,108/1@155,106 begin=7,108 block=5 clip=8
ATGLptDiag: best=9(30.2) imip=0/19 pass=10111 acc=-1 ipm=53.5,100.4 inv=27.6,68.8 | 6(15.0) imip=0/16 pass=10111 acc=-1 ipm=113.2,102.5 inv=125.2,71.4
frame=386 line=1 track=1 cross=0 circle=5(CIRCLE_LEFT_RUNNING) round=0 yroad=0 ramp=0 road=6 speed=0 near=20/64 raw=64/157 sel=64/47 far=0/0 far_raw=0/0 l=0@-1/0@-1 far_l=0@-1/0@-1 straight=0/1 far_straight=0/0 circle_cnt=0/0/0/0 lost=1/0 conf=30.3/24.3/0.0/0.0 dist=756 begin=0/3339 m0=(84,119) ml=(65,91) md=41/1/101 cxcy=84.0,119.6 guide=15.82 atg=-60.0/-60.0/-60.0 pure=8.16/8.24 yaw=-1266 cmd=-1386 actual=-1205 signed=1 rps=5699/1901:5749/4994 duty=13/1 pwm=PWM2:13/PWM1:1 motor=2:13/1:1
ATGCorner: L=0@-1/0@-1 Y=0@-1/0@-1 farL=0@-1/0@-1 Lxy=-1.0,-1.0:-1.0,-1.0/-1.0,-1.0:-1.0,-1.0 Yxy=-1.0,-1.0:-1.0,-1.0/-1.0,-1.0:-1.0,-1.0 farLxy=-1.0,-1.0:-1.0,-1.0/-1.0,-1.0:-1.0,-1.0 best=9:53.4,100.5:27.5,68.9:30.3:10111/62:1.5,54.0:5.7,31.1:24.3:10101 seed_src=none/none seed=40.0,91.8/0.0,0.0 far_start=40,0 far_raw=0/0 far_num=0/0 straight=0/1 far_straight=0/0 conf_deg=30.3/24.3/0.0/0.0
CrossDiag: type=CROSS_NONE track=1 half_lr=0/0 nearL=0@-1/0@-1 nearNum=20/64 centerNum=20/64 farL=0@-1/0@-1 farNum=0/0 farRaw=0/0 lost=1/0 not_have=0 final=64/47 flags=0/0
LineErr: aim=41 cxcy=84.0,119.6 left=1:22.66@55,72 dx=-29.3 idx=0/14 dist=41/56 right=1:16.31@70,93 dx=-14.5 idx=4/25 dist=41/113 sel=1:22.01@63,90 dx=-21.4 idx=0/20 dist=40/92 edge=1:20.60@62.5,85.5 dx=-21.5 width=62.8 l=32,93 r=93,78
CxScan: raw_ref=80.0 edge=62.5,85.5 best_raw_x=25 best_err=0.41 best_cxcy=62.9,119.4 scan=0:-9.2,10:-5.4,20:-1.5,30:2.3,40:6.2,50:9.9,60:13.6,70:17.2,80:20.6,90:23.9,100:27.0,110:29.9,120:32.7,130:35.3,140:37.8
ATGSeedDiag: seed=1@38,108/1@155,106 begin=7,108 block=5 clip=8
ATGLptDiag: best=9(30.3) imip=0/19 pass=10111 acc=-1 ipm=53.4,100.5 inv=27.5,68.9 | 62(24.3) imip=52/63 pass=10101 acc=-1 ipm=1.5,54.0 inv=5.7,31.1
frame=387 line=1 track=1 cross=0 circle=5(CIRCLE_LEFT_RUNNING) round=0 yroad=0 ramp=0 road=6 speed=0 near=20/64 raw=63/157 sel=64/48 far=0/0 far_raw=0/0 l=0@-1/0@-1 far_l=0@-1/0@-1 straight=0/1 far_straight=0/0 circle_cnt=0/0/0/0 lost=1/0 conf=25.0/26.2/0.0/0.0 dist=771 begin=0/3339 m0=(84,119) ml=(68,93) md=41/1/106 cxcy=84.0,119.6 guide=14.45 atg=-60.0/-60.0/-60.0 pure=8.13/8.23 yaw=-1156 cmd=-1023 actual=-1222 signed=1 rps=5202/2398:5669/4762 duty=11/3 pwm=PWM2:11/PWM1:3 motor=2:11/1:3
ATGCorner: L=0@-1/0@-1 Y=0@-1/0@-1 farL=0@-1/0@-1 Lxy=-1.0,-1.0:-1.0,-1.0/-1.0,-1.0:-1.0,-1.0 Yxy=-1.0,-1.0:-1.0,-1.0/-1.0,-1.0:-1.0,-1.0 farLxy=-1.0,-1.0:-1.0,-1.0/-1.0,-1.0:-1.0,-1.0 best=8:55.2,101.9:29.2,71.2:25.0:10111/62:1.4,54.0:5.5,31.1:26.2:10101 seed_src=none/none seed=40.0,91.8/0.0,0.0 far_start=40,0 far_raw=0/0 far_num=0/0 straight=0/1 far_straight=0/0 conf_deg=25.0/26.2/0.0/0.0
CrossDiag: type=CROSS_NONE track=1 half_lr=0/0 nearL=0@-1/0@-1 nearNum=20/64 centerNum=20/64 farL=0@-1/0@-1 farNum=0/0 farRaw=0/0 lost=1/0 not_have=0 final=64/48 flags=0/0
LineErr: aim=41 cxcy=84.0,119.6 left=1:22.74@55,72 dx=-29.5 idx=0/14 dist=41/56 right=1:15.11@71,94 dx=-13.1 idx=3/24 dist=41/114 sel=1:20.89@64,91 dx=-19.9 idx=0/20 dist=40/94 edge=1:20.44@62.5,85.0 dx=-21.5 width=63.1 l=32,93 r=93,77
CxScan: raw_ref=80.0 edge=62.5,85.0 best_raw_x=25 best_err=0.41 best_cxcy=62.9,119.4 scan=0:-9.1,10:-5.3,20:-1.5,30:2.3,40:6.1,50:9.9,60:13.5,70:17.0,80:20.4,90:23.7,100:26.8,110:29.7,120:32.5,130:35.1,140:37.5
ATGSeedDiag: seed=1@38,108/1@155,105 begin=7,108 block=5 clip=8
ATGLptDiag: best=8(25.0) imip=0/18 pass=10111 acc=-1 ipm=55.2,101.9 inv=29.2,71.2 | 62(26.2) imip=52/63 pass=10101 acc=-1 ipm=1.4,54.0 inv=5.5,31.1
frame=388 line=1 track=1 cross=0 circle=5(CIRCLE_LEFT_RUNNING) round=0 yroad=0 ramp=0 road=6 speed=0 near=19/63 raw=63/157 sel=63/47 far=0/0 far_raw=0/0 l=0@-1/0@-1 far_l=0@-1/0@-1 straight=0/1 far_straight=0/0 circle_cnt=0/0/0/0 lost=1/0 conf=29.9/24.2/0.0/0.0 dist=786 begin=0/3339 m0=(84,119) ml=(64,90) md=41/1/102 cxcy=84.0,119.6 guide=17.28 atg=-60.0/-60.0/-60.0 pure=8.25/8.26 yaw=-1382 cmd=-1674 actual=-1236 signed=1 rps=6094/1506:6085/4929 duty=14/0 pwm=PWM2:14/PWM1:0 motor=2:14/1:0
ATGCorner: L=0@-1/0@-1 Y=0@-1/0@-1 farL=0@-1/0@-1 Lxy=-1.0,-1.0:-1.0,-1.0/-1.0,-1.0:-1.0,-1.0 Yxy=-1.0,-1.0:-1.0,-1.0/-1.0,-1.0:-1.0,-1.0 farLxy=-1.0,-1.0:-1.0,-1.0/-1.0,-1.0:-1.0,-1.0 best=8:55.2,101.9:29.0,71.3:29.9:10111/61:2.8,54.0:6.7,31.1:24.2:10101 seed_src=none/none seed=40.0,91.8/0.0,0.0 far_start=40,0 far_raw=0/0 far_num=0/0 straight=0/1 far_straight=0/0 conf_deg=29.9/24.2/0.0/0.0
CrossDiag: type=CROSS_NONE track=1 half_lr=0/0 nearL=0@-1/0@-1 nearNum=19/63 centerNum=19/63 farL=0@-1/0@-1 farNum=0/0 farRaw=0/0 lost=1/0 not_have=0 final=63/47 flags=0/0
LineErr: aim=41 cxcy=84.0,119.6 left=1:22.75@55,73 dx=-29.4 idx=0/14 dist=40/52 right=1:16.63@69,93 dx=-14.7 idx=5/25 dist=41/114 sel=1:22.82@61,89 dx=-22.5 idx=0/20 dist=40/92 edge=1:19.72@63.5,85.5 dx=-20.5 width=60.9 l=34,93 r=93,78
CxScan: raw_ref=80.0 edge=63.5,85.5 best_raw_x=25 best_err=-0.59 best_cxcy=62.9,119.4 scan=0:-10.1,10:-6.4,20:-2.5,30:1.3,40:5.2,50:9.0,60:12.7,70:16.3,80:19.7,90:23.0,100:26.2,110:29.2,120:32.0,130:34.6,140:37.1
ATGSeedDiag: seed=1@38,108/1@155,105 begin=7,108 block=5 clip=8
ATGLptDiag: best=8(29.9) imip=0/18 pass=10111 acc=-1 ipm=55.2,101.9 inv=29.0,71.3 | 61(24.2) imip=51/62 pass=10101 acc=-1 ipm=2.8,54.0 inv=6.7,31.1
frame=389 line=1 track=1 cross=0 circle=5(CIRCLE_LEFT_RUNNING) round=0 yroad=0 ramp=0 road=6 speed=0 near=19/63 raw=63/157 sel=63/49 far=0/0 far_raw=0/0 l=0@-1/0@-1 far_l=0@-1/0@-1 straight=0/1 far_straight=0/0 circle_cnt=0/0/0/0 lost=1/0 conf=29.9/17.6/0.0/0.0 dist=801 begin=0/3339 m0=(84,119) ml=(68,93) md=41/1/108 cxcy=84.0,119.6 guide=15.22 atg=-60.0/-60.0/-60.0 pure=8.21/8.20 yaw=-1218 cmd=-1183 actual=-1235 signed=1 rps=5422/2178:5918/4635 duty=12/3 pwm=PWM2:12/PWM1:3 motor=2:12/1:3
ATGCorner: L=0@-1/0@-1 Y=0@-1/0@-1 farL=0@-1/0@-1 Lxy=-1.0,-1.0:-1.0,-1.0/-1.0,-1.0:-1.0,-1.0 Yxy=-1.0,-1.0:-1.0,-1.0/-1.0,-1.0:-1.0,-1.0 farLxy=-1.0,-1.0:-1.0,-1.0/-1.0,-1.0:-1.0,-1.0 best=8:55.1,102.0:28.9,71.4:29.9:10111/9:110.0,96.1:114.3,61.9:17.6:10111 seed_src=none/none seed=40.0,91.8/0.0,0.0 far_start=40,0 far_raw=0/0 far_num=0/0 straight=0/1 far_straight=0/0 conf_deg=29.9/17.6/0.0/0.0
CrossDiag: type=CROSS_NONE track=1 half_lr=0/0 nearL=0@-1/0@-1 nearNum=19/63 centerNum=19/63 farL=0@-1/0@-1 farNum=0/0 farRaw=0/0 lost=1/0 not_have=0 final=63/49 flags=0/0
LineErr: aim=41 cxcy=84.0,119.6 left=1:22.87@54,73 dx=-29.5 idx=0/14 dist=40/52 right=1:13.94@72,95 dx=-11.8 idx=3/23 dist=41/119 sel=1:20.79@64,91 dx=-19.8 idx=0/20 dist=40/96 edge=1:19.88@63.5,86.0 dx=-20.5 width=61.1 l=34,94 r=93,78
CxScan: raw_ref=80.0 edge=63.5,86.0 best_raw_x=25 best_err=-0.60 best_cxcy=62.9,119.4 scan=0:-10.2,10:-6.4,20:-2.5,30:1.3,40:5.2,50:9.0,60:12.8,70:16.4,80:19.9,90:23.2,100:26.4,110:29.4,120:32.2,130:34.9,140:37.4
ATGSeedDiag: seed=1@38,108/1@155,105 begin=7,108 block=5 clip=8
ATGLptDiag: best=8(29.9) imip=0/18 pass=10111 acc=-1 ipm=55.1,102.0 inv=28.9,71.4 | 9(17.6) imip=0/19 pass=10111 acc=-1 ipm=110.0,96.1 inv=114.3,61.9
frame=390 line=1 track=1 cross=0 circle=5(CIRCLE_LEFT_RUNNING) round=0 yroad=0 ramp=0 road=6 speed=0 near=19/63 raw=62/157 sel=63/47 far=0/0 far_raw=0/0 l=0@-1/0@-1 far_l=0@-1/0@-1 straight=0/1 far_straight=0/0 circle_cnt=0/0/0/0 lost=1/0 conf=23.8/17.3/0.0/0.0 dist=816 begin=0/3339 m0=(84,119) ml=(63,90) md=42/1/103 cxcy=84.0,119.6 guide=17.06 atg=-60.0/-60.0/-60.0 pure=8.25/8.20 yaw=-1365 cmd=-1595 actual=-1250 signed=1 rps=5986/1614:6239/4667 duty=13/0 pwm=PWM2:13/PWM1:0 motor=2:13/1:0
ATGCorner: L=0@-1/0@-1 Y=0@-1/0@-1 farL=0@-1/0@-1 Lxy=-1.0,-1.0:-1.0,-1.0/-1.0,-1.0:-1.0,-1.0 Yxy=-1.0,-1.0:-1.0,-1.0/-1.0,-1.0:-1.0,-1.0 farLxy=-1.0,-1.0:-1.0,-1.0/-1.0,-1.0:-1.0,-1.0 best=7:56.9,103.5:30.6,73.9:23.8:10111/9:110.0,96.1:114.3,61.9:17.3:10111 seed_src=none/none seed=40.0,91.8/0.0,0.0 far_start=40,0 far_raw=0/0 far_num=0/0 straight=0/1 far_straight=0/0 conf_deg=23.8/17.3/0.0/0.0
CrossDiag: type=CROSS_NONE track=1 half_lr=0/0 nearL=0@-1/0@-1 nearNum=19/63 centerNum=19/63 farL=0@-1/0@-1 farNum=0/0 farRaw=0/0 lost=1/0 not_have=0 final=63/47 flags=0/0
LineErr: aim=41 cxcy=84.0,119.6 left=1:23.03@54,73 dx=-29.7 idx=0/14 dist=40/52 right=1:17.02@69,94 dx=-15.0 idx=5/25 dist=41/115 sel=1:23.10@61,90 dx=-22.7 idx=0/20 dist=40/92 edge=1:19.88@63.5,86.0 dx=-20.5 width=61.1 l=34,94 r=93,78
CxScan: raw_ref=80.0 edge=63.5,86.0 best_raw_x=25 best_err=-0.60 best_cxcy=62.9,119.4 scan=0:-10.2,10:-6.4,20:-2.5,30:1.3,40:5.2,50:9.0,60:12.8,70:16.4,80:19.9,90:23.2,100:26.4,110:29.4,120:32.2,130:34.9,140:37.4
ATGSeedDiag: seed=1@38,108/1@155,105 begin=7,108 block=5 clip=8
ATGLptDiag: best=7(23.8) imip=0/17 pass=10111 acc=-1 ipm=56.9,103.5 inv=30.6,73.9 | 9(17.3) imip=0/19 pass=10111 acc=-1 ipm=110.0,96.1 inv=114.3,61.9
frame=391 line=1 track=1 cross=0 circle=5(CIRCLE_LEFT_RUNNING) round=0 yroad=0 ramp=0 road=6 speed=0 near=19/63 raw=61/157 sel=63/47 far=0/0 far_raw=0/0 l=0@-1/0@-1 far_l=0@-1/0@-1 straight=0/1 far_straight=0/0 circle_cnt=0/0/0/0 lost=1/0 conf=28.4/25.3/0.0/0.0 dist=830 begin=0/3339 m0=(84,119) ml=(63,91) md=41/1/102 cxcy=84.0,119.6 guide=17.94 atg=-60.0/-60.0/-60.0 pure=8.30/8.35 yaw=-1435 cmd=-1760 actual=-1272 signed=1 rps=6212/1388:6278/4577 duty=14/0 pwm=PWM2:14/PWM1:0 motor=2:14/1:0
ATGCorner: L=0@-1/0@-1 Y=0@-1/0@-1 farL=0@-1/0@-1 Lxy=-1.0,-1.0:-1.0,-1.0/-1.0,-1.0:-1.0,-1.0 Yxy=-1.0,-1.0:-1.0,-1.0/-1.0,-1.0:-1.0,-1.0 farLxy=-1.0,-1.0:-1.0,-1.0/-1.0,-1.0:-1.0,-1.0 best=8:54.8,102.1:28.3,71.6:28.4:10111/61:2.6,54.6:6.2,31.3:25.3:10101 seed_src=none/none seed=40.0,91.8/0.0,0.0 far_start=40,0 far_raw=0/0 far_num=0/0 straight=0/1 far_straight=0/0 conf_deg=28.4/25.3/0.0/0.0
CrossDiag: type=CROSS_NONE track=1 half_lr=0/0 nearL=0@-1/0@-1 nearNum=19/63 centerNum=19/63 farL=0@-1/0@-1 farNum=0/0 farRaw=0/0 lost=1/0 not_have=0 final=63/47 flags=0/0
LineErr: aim=41 cxcy=84.0,119.6 left=1:23.42@54,73 dx=-30.3 idx=0/14 dist=40/52 right=1:17.27@69,94 dx=-15.2 idx=5/25 dist=41/113 sel=1:23.21@61,90 dx=-22.8 idx=0/20 dist=40/92 edge=1:20.77@62.5,86.0 dx=-21.5 width=61.1 l=33,94 r=92,78
CxScan: raw_ref=80.0 edge=62.5,86.0 best_raw_x=25 best_err=0.42 best_cxcy=62.9,119.4 scan=0:-9.2,10:-5.4,20:-1.5,30:2.4,40:6.2,50:10.0,60:13.7,70:17.3,80:20.8,90:24.1,100:27.2,110:30.2,120:32.9,130:35.6,140:38.0
ATGSeedDiag: seed=1@39,107/1@155,104 begin=7,108 block=5 clip=8
ATGLptDiag: best=8(28.4) imip=0/18 pass=10111 acc=-1 ipm=54.8,102.1 inv=28.3,71.6 | 61(25.3) imip=51/62 pass=10101 acc=-1 ipm=2.6,54.6 inv=6.2,31.3
frame=392 line=1 track=1 cross=0 circle=5(CIRCLE_LEFT_RUNNING) round=0 yroad=0 ramp=0 road=6 speed=0 near=19/63 raw=61/156 sel=63/47 far=0/0 far_raw=0/0 l=0@-1/0@-1 far_l=0@-1/0@-1 straight=0/1 far_straight=0/0 circle_cnt=0/0/0/0 lost=1/0 conf=22.4/15.9/0.0/0.0 dist=844 begin=0/3339 m0=(84,119) ml=(65,92) md=40/1/103 cxcy=84.0,119.6 guide=17.39 atg=-60.0/-60.0/-60.0 pure=8.50/8.39 yaw=-1391 cmd=-1593 actual=-1290 signed=1 rps=5984/1616:5838/4323 duty=14/1 pwm=PWM2:14/PWM1:1 motor=2:14/1:1
ATGCorner: L=0@-1/0@-1 Y=0@-1/0@-1 farL=0@-1/0@-1 Lxy=-1.0,-1.0:-1.0,-1.0/-1.0,-1.0:-1.0,-1.0 Yxy=-1.0,-1.0:-1.0,-1.0/-1.0,-1.0:-1.0,-1.0 farLxy=-1.0,-1.0:-1.0,-1.0/-1.0,-1.0:-1.0,-1.0 best=7:56.9,103.7:30.3,74.4:22.4:10111/8:110.9,98.0:117.1,64.4:15.9:10111 seed_src=none/none seed=40.0,91.8/0.0,0.0 far_start=40,0 far_raw=0/0 far_num=0/0 straight=0/1 far_straight=0/0 conf_deg=22.4/15.9/0.0/0.0
CrossDiag: type=CROSS_NONE track=1 half_lr=0/0 nearL=0@-1/0@-1 nearNum=19/63 centerNum=19/63 farL=0@-1/0@-1 farNum=0/0 farRaw=0/0 lost=1/0 not_have=0 final=63/47 flags=0/0
LineErr: aim=41 cxcy=84.0,119.6 left=1:23.40@54,73 dx=-30.1 idx=0/14 dist=40/52 right=1:17.51@69,94 dx=-15.3 idx=5/25 dist=41/114 sel=1:23.77@61,90 dx=-23.1 idx=0/20 dist=40/92 edge=1:20.77@62.5,86.0 dx=-21.5 width=61.1 l=33,94 r=92,78
CxScan: raw_ref=80.0 edge=62.5,86.0 best_raw_x=25 best_err=0.42 best_cxcy=62.9,119.4 scan=0:-9.2,10:-5.4,20:-1.5,30:2.4,40:6.2,50:10.0,60:13.7,70:17.3,80:20.8,90:24.1,100:27.2,110:30.2,120:32.9,130:35.6,140:38.0
ATGSeedDiag: seed=1@39,108/1@155,104 begin=7,108 block=5 clip=8
ATGLptDiag: best=7(22.4) imip=0/17 pass=10111 acc=-1 ipm=56.9,103.7 inv=30.3,74.4 | 8(15.9) imip=0/18 pass=10111 acc=-1 ipm=110.9,98.0 inv=117.1,64.4
frame=393 line=1 track=1 cross=0 circle=5(CIRCLE_LEFT_RUNNING) round=0 yroad=0 ramp=0 road=6 speed=0 near=19/63 raw=61/156 sel=63/47 far=0/0 far_raw=0/0 l=0@-1/0@-1 far_l=0@-1/0@-1 straight=0/1 far_straight=0/0 circle_cnt=0/0/0/0 lost=1/0 conf=28.2/17.0/0.0/0.0 dist=858 begin=0/3339 m0=(84,119) ml=(65,92) md=41/1/104 cxcy=84.0,119.6 guide=16.84 atg=-60.0/-60.0/-60.0 pure=8.57/8.39 yaw=-1348 cmd=-1446 actual=-1298 signed=1 rps=5782/1818:5834/4481 duty=13/1 pwm=PWM2:13/PWM1:1 motor=2:13/1:1
ATGCorner: L=0@-1/0@-1 Y=0@-1/0@-1 farL=0@-1/0@-1 Lxy=-1.0,-1.0:-1.0,-1.0/-1.0,-1.0:-1.0,-1.0 Yxy=-1.0,-1.0:-1.0,-1.0/-1.0,-1.0:-1.0,-1.0 farLxy=-1.0,-1.0:-1.0,-1.0/-1.0,-1.0:-1.0,-1.0 best=8:54.9,102.5:28.1,72.2:28.2:10111/7:112.3,99.9:121.1,67.2:17.0:10111 seed_src=none/none seed=40.0,91.8/0.0,0.0 far_start=40,0 far_raw=0/0 far_num=0/0 straight=0/1 far_straight=0/0 conf_deg=28.2/17.0/0.0/0.0
CrossDiag: type=CROSS_NONE track=1 half_lr=0/0 nearL=0@-1/0@-1 nearNum=19/63 centerNum=19/63 farL=0@-1/0@-1 farNum=0/0 farRaw=0/0 lost=1/0 not_have=0 final=63/47 flags=0/0
LineErr: aim=41 cxcy=84.0,119.6 left=1:23.63@54,73 dx=-30.4 idx=0/14 dist=40/52 right=1:17.32@69,94 dx=-15.1 idx=5/25 dist=40/112 sel=1:23.76@61,91 dx=-23.0 idx=0/20 dist=40/92 edge=1:20.77@62.5,86.0 dx=-21.5 width=61.1 l=33,94 r=92,78
CxScan: raw_ref=80.0 edge=62.5,86.0 best_raw_x=25 best_err=0.42 best_cxcy=62.9,119.4 scan=0:-9.2,10:-5.4,20:-1.5,30:2.4,40:6.2,50:10.0,60:13.7,70:17.3,80:20.8,90:24.1,100:27.2,110:30.2,120:32.9,130:35.6,140:38.0
ATGSeedDiag: seed=1@39,108/1@155,104 begin=7,108 block=5 clip=8
ATGLptDiag: best=8(28.2) imip=0/18 pass=10111 acc=-1 ipm=54.9,102.5 inv=28.1,72.2 | 7(17.0) imip=0/17 pass=10111 acc=-1 ipm=112.3,99.9 inv=121.1,67.2
frame=394 line=1 track=1 cross=0 circle=5(CIRCLE_LEFT_RUNNING) round=0 yroad=0 ramp=0 road=6 speed=0 near=19/62 raw=61/155 sel=62/46 far=0/0 far_raw=0/0 l=0@-1/0@-1 far_l=0@-1/0@-1 straight=0/1 far_straight=0/0 circle_cnt=0/0/0/0 lost=1/0 conf=20.5/15.5/0.0/0.0 dist=872 begin=0/3339 m0=(84,119) ml=(65,92) md=41/1/101 cxcy=84.0,119.6 guide=17.55 atg=-60.0/-60.0/-60.0 pure=8.59/8.46 yaw=-1404 cmd=-1606 actual=-1303 signed=1 rps=6001/1599:5467/4451 duty=14/1 pwm=PWM2:14/PWM1:1 motor=2:14/1:1
ATGCorner: L=0@-1/0@-1 Y=0@-1/0@-1 farL=0@-1/0@-1 Lxy=-1.0,-1.0:-1.0,-1.0/-1.0,-1.0:-1.0,-1.0 Yxy=-1.0,-1.0:-1.0,-1.0/-1.0,-1.0:-1.0,-1.0 farLxy=-1.0,-1.0:-1.0,-1.0/-1.0,-1.0:-1.0,-1.0 best=7:56.8,103.8:30.2,74.6:20.5:10111/10:108.1,94.0:109.9,59.2:15.5:10111 seed_src=none/none seed=40.0,91.8/0.0,0.0 far_start=40,0 far_raw=0/0 far_num=0/0 straight=0/1 far_straight=0/0 conf_deg=20.5/15.5/0.0/0.0
CrossDiag: type=CROSS_NONE track=1 half_lr=0/0 nearL=0@-1/0@-1 nearNum=19/62 centerNum=19/62 farL=0@-1/0@-1 farNum=0/0 farRaw=0/0 lost=1/0 not_have=0 final=62/46 flags=0/0
LineErr: aim=41 cxcy=84.0,119.6 left=1:23.82@53,73 dx=-30.7 idx=0/14 dist=40/52 right=1:17.49@69,94 dx=-15.3 idx=5/25 dist=40/111 sel=1:23.75@61,91 dx=-23.0 idx=0/20 dist=40/90 edge=1:21.38@62.0,86.5 dx=-22.0 width=60.4 l=33,95 r=91,78
CxScan: raw_ref=80.0 edge=62.0,86.5 best_raw_x=25 best_err=0.93 best_cxcy=62.9,119.4 scan=0:-8.8,10:-5.0,20:-1.0,30:2.9,40:6.8,50:10.6,60:14.3,70:17.9,80:21.4,90:24.7,100:27.8,110:30.7,120:33.5,130:36.1,140:38.6
ATGSeedDiag: seed=1@39,108/1@155,103 begin=7,108 block=5 clip=8
ATGLptDiag: best=7(20.5) imip=0/17 pass=10111 acc=-1 ipm=56.8,103.8 inv=30.2,74.6 | 10(15.5) imip=0/20 pass=10111 acc=-1 ipm=108.1,94.0 inv=109.9,59.2
frame=395 line=1 track=1 cross=0 circle=5(CIRCLE_LEFT_RUNNING) round=0 yroad=0 ramp=0 road=6 speed=0 near=18/62 raw=60/155 sel=62/47 far=0/0 far_raw=0/0 l=0@-1/0@-1 far_l=0@-1/0@-1 straight=0/1 far_straight=0/0 circle_cnt=0/0/0/0 lost=1/0 conf=20.6/27.3/0.0/0.0 dist=886 begin=0/3339 m0=(84,119) ml=(67,93) md=40/1/103 cxcy=84.0,119.6 guide=16.08 atg=-60.0/-60.0/-60.0 pure=8.53/8.49 yaw=-1287 cmd=-1240 actual=-1310 signed=1 rps=5499/2101:5571/4759 duty=13/2 pwm=PWM2:13/PWM1:2 motor=2:13/1:2
ATGCorner: L=0@-1/0@-1 Y=0@-1/0@-1 farL=0@-1/0@-1 Lxy=-1.0,-1.0:-1.0,-1.0/-1.0,-1.0:-1.0,-1.0 Yxy=-1.0,-1.0:-1.0,-1.0/-1.0,-1.0:-1.0,-1.0 farLxy=-1.0,-1.0:-1.0,-1.0/-1.0,-1.0:-1.0,-1.0 best=4:62.0,108.4:35.6,83.8:20.6:10111/60:3.6,56.3:5.8,32.1:27.3:10101 seed_src=none/none seed=40.0,91.8/0.0,0.0 far_start=40,0 far_raw=0/0 far_num=0/0 straight=0/1 far_straight=0/0 conf_deg=20.6/27.3/0.0/0.0
CrossDiag: type=CROSS_NONE track=1 half_lr=0/0 nearL=0@-1/0@-1 nearNum=18/62 centerNum=18/62 farL=0@-1/0@-1 farNum=0/0 farRaw=0/0 lost=1/0 not_have=0 final=62/47 flags=0/0
LineErr: aim=41 cxcy=84.0,119.6 left=1:25.30@51,73 dx=-33.2 idx=0/15 dist=42/48 right=1:16.11@70,95 dx=-13.7 idx=4/24 dist=40/113 sel=1:22.56@63,91 dx=-21.4 idx=0/20 dist=40/92 edge=1:20.04@63.5,86.5 dx=-20.5 width=59.5 l=35,95 r=92,78
CxScan: raw_ref=80.0 edge=63.5,86.5 best_raw_x=25 best_err=-0.60 best_cxcy=62.9,119.4 scan=0:-10.3,10:-6.5,20:-2.6,30:1.4,40:5.3,50:9.1,60:12.9,70:16.5,80:20.0,90:23.4,100:26.6,110:29.6,120:32.5,130:35.1,140:37.6
ATGSeedDiag: seed=1@39,108/1@155,103 begin=7,108 block=5 clip=8
ATGLptDiag: best=4(20.6) imip=0/14 pass=10111 acc=-1 ipm=62.0,108.4 inv=35.6,83.8 | 60(27.3) imip=50/61 pass=10101 acc=-1 ipm=3.6,56.3 inv=5.8,32.1
frame=396 line=1 track=1 cross=0 circle=5(CIRCLE_LEFT_RUNNING) round=0 yroad=0 ramp=0 road=6 speed=0 near=18/62 raw=60/156 sel=62/46 far=0/0 far_raw=0/0 l=0@-1/0@-1 far_l=0@-1/0@-1 straight=0/1 far_straight=0/0 circle_cnt=0/0/0/0 lost=1/0 conf=28.1/25.8/0.0/0.0 dist=901 begin=0/3339 m0=(84,119) ml=(63,92) md=42/1/100 cxcy=84.0,119.6 guide=17.23 atg=-60.0/-60.0/-60.0 pure=8.58/8.46 yaw=-1378 cmd=-1485 actual=-1325 signed=1 rps=5835/1765:5566/4766 duty=14/1 pwm=PWM2:14/PWM1:1 motor=2:14/1:1
ATGCorner: L=0@-1/0@-1 Y=0@-1/0@-1 farL=0@-1/0@-1 Lxy=-1.0,-1.0:-1.0,-1.0/-1.0,-1.0:-1.0,-1.0 Yxy=-1.0,-1.0:-1.0,-1.0/-1.0,-1.0:-1.0,-1.0 farLxy=-1.0,-1.0:-1.0,-1.0/-1.0,-1.0:-1.0,-1.0 best=7:56.7,103.9:29.8,74.8:28.1:10111/60:3.7,56.3:5.9,32.1:25.8:10101 seed_src=none/none seed=40.0,91.8/0.0,0.0 far_start=40,0 far_raw=0/0 far_num=0/0 straight=0/1 far_straight=0/0 conf_deg=28.1/25.8/0.0/0.0
CrossDiag: type=CROSS_NONE track=1 half_lr=0/0 nearL=0@-1/0@-1 nearNum=18/62 centerNum=18/62 farL=0@-1/0@-1 farNum=0/0 farRaw=0/0 lost=1/0 not_have=0 final=62/46 flags=0/0
LineErr: aim=41 cxcy=84.0,119.6 left=1:25.48@51,73 dx=-33.4 idx=0/15 dist=42/48 right=1:15.99@70,95 dx=-13.6 idx=5/24 dist=40/114 sel=1:23.57@61,91 dx=-22.7 idx=0/20 dist=40/90 edge=1:20.04@63.5,86.5 dx=-20.5 width=59.5 l=35,95 r=92,78
CxScan: raw_ref=80.0 edge=63.5,86.5 best_raw_x=25 best_err=-0.60 best_cxcy=62.9,119.4 scan=0:-10.3,10:-6.5,20:-2.6,30:1.4,40:5.3,50:9.1,60:12.9,70:16.5,80:20.0,90:23.4,100:26.6,110:29.6,120:32.5,130:35.1,140:37.6
ATGSeedDiag: seed=1@39,108/1@155,102 begin=7,108 block=5 clip=8
ATGLptDiag: best=7(28.1) imip=0/17 pass=10111 acc=-1 ipm=56.7,103.9 inv=29.8,74.8 | 60(25.8) imip=50/61 pass=10101 acc=-1 ipm=3.7,56.3 inv=5.9,32.1
frame=397 line=1 track=1 cross=0 circle=5(CIRCLE_LEFT_RUNNING) round=0 yroad=0 ramp=0 road=6 speed=0 near=18/63 raw=59/155 sel=63/48 far=0/0 far_raw=0/0 l=0@-1/0@-1 far_l=0@-1/0@-1 straight=0/1 far_straight=0/0 circle_cnt=0/0/0/0 lost=1/0 conf=17.0/16.8/0.0/0.0 dist=916 begin=0/3339 m0=(84,119) ml=(67,93) md=40/1/105 cxcy=84.0,119.6 guide=16.19 atg=-60.0/-60.0/-60.0 pure=8.52/8.37 yaw=-1295 cmd=-1170 actual=-1357 signed=1 rps=5404/2196:5896/4947 duty=12/2 pwm=PWM2:12/PWM1:2 motor=2:12/1:2
ATGCorner: L=0@-1/0@-1 Y=0@-1/0@-1 farL=0@-1/0@-1 Lxy=-1.0,-1.0:-1.0,-1.0/-1.0,-1.0:-1.0,-1.0 Yxy=-1.0,-1.0:-1.0,-1.0/-1.0,-1.0:-1.0,-1.0 farLxy=-1.0,-1.0:-1.0,-1.0/-1.0,-1.0:-1.0,-1.0 best=1:66.1,114.1:38.9,98.5:17.0:10111/10:108.3,94.0:110.2,59.1:16.8:10111 seed_src=none/none seed=40.0,91.8/0.0,0.0 far_start=40,0 far_raw=0/0 far_num=0/0 straight=0/1 far_straight=0/0 conf_deg=17.0/16.8/0.0/0.0
CrossDiag: type=CROSS_NONE track=1 half_lr=0/0 nearL=0@-1/0@-1 nearNum=18/63 centerNum=18/63 farL=0@-1/0@-1 farNum=0/0 farRaw=0/0 lost=1/0 not_have=0 final=63/48 flags=0/0
LineErr: aim=41 cxcy=84.0,119.6 left=1:25.58@51,73 dx=-33.5 idx=0/15 dist=42/48 right=1:16.12@70,95 dx=-13.7 idx=4/24 dist=41/114 sel=1:22.61@63,91 dx=-21.4 idx=0/20 dist=40/94 edge=1:20.04@63.5,86.5 dx=-20.5 width=59.5 l=35,95 r=92,78
CxScan: raw_ref=80.0 edge=63.5,86.5 best_raw_x=25 best_err=-0.60 best_cxcy=62.9,119.4 scan=0:-10.3,10:-6.5,20:-2.6,30:1.4,40:5.3,50:9.1,60:12.9,70:16.5,80:20.0,90:23.4,100:26.6,110:29.6,120:32.5,130:35.1,140:37.6
ATGSeedDiag: seed=1@39,108/1@155,102 begin=7,108 block=5 clip=8
ATGLptDiag: best=1(17.0) imip=0/11 pass=10111 acc=-1 ipm=66.1,114.1 inv=38.9,98.5 | 10(16.8) imip=0/20 pass=10111 acc=-1 ipm=108.3,94.0 inv=110.2,59.1
frame=398 line=1 track=1 cross=0 circle=5(CIRCLE_LEFT_RUNNING) round=0 yroad=0 ramp=0 road=6 speed=0 near=18/62 raw=58/155 sel=62/46 far=0/0 far_raw=0/0 l=0@-1/0@-1 far_l=0@-1/0@-1 straight=0/1 far_straight=0/0 circle_cnt=0/0/0/0 lost=1/0 conf=20.0/17.4/0.0/0.0 dist=931 begin=0/3339 m0=(84,119) ml=(64,92) md=40/1/100 cxcy=84.0,119.6 guide=18.19 atg=-60.0/-60.0/-60.0 pure=8.65/8.42 yaw=-1455 cmd=-1587 actual=-1389 signed=1 rps=5975/1625:6244/4945 duty=13/0 pwm=PWM2:13/PWM1:0 motor=2:13/1:0
ATGCorner: L=0@-1/0@-1 Y=0@-1/0@-1 farL=0@-1/0@-1 Lxy=-1.0,-1.0:-1.0,-1.0/-1.0,-1.0:-1.0,-1.0 Yxy=-1.0,-1.0:-1.0,-1.0/-1.0,-1.0:-1.0,-1.0 farLxy=-1.0,-1.0:-1.0,-1.0/-1.0,-1.0:-1.0,-1.0 best=5:60.0,106.7:33.2,80.1:20.0:10111/10:108.1,94.1:109.9,59.3:17.4:10111 seed_src=none/none seed=40.0,91.8/0.0,0.0 far_start=40,0 far_raw=0/0 far_num=0/0 straight=0/1 far_straight=0/0 conf_deg=20.0/17.4/0.0/0.0
CrossDiag: type=CROSS_NONE track=1 half_lr=0/0 nearL=0@-1/0@-1 nearNum=18/62 centerNum=18/62 farL=0@-1/0@-1 farNum=0/0 farRaw=0/0 lost=1/0 not_have=0 final=62/46 flags=0/0
LineErr: aim=41 cxcy=84.0,119.6 left=1:26.05@50,73 dx=-34.3 idx=0/15 dist=42/48 right=1:17.87@69,95 dx=-15.5 idx=6/25 dist=40/110 sel=1:24.86@60,90 dx=-24.3 idx=0/20 dist=40/90 edge=1:20.66@63.0,87.0 dx=-21.0 width=58.8 l=35,96 r=91,78
CxScan: raw_ref=80.0 edge=63.0,87.0 best_raw_x=25 best_err=-0.09 best_cxcy=62.9,119.4 scan=0:-9.9,10:-6.0,20:-2.1,30:1.9,40:5.8,50:9.7,60:13.5,70:17.1,80:20.7,90:24.0,100:27.2,110:30.2,120:33.0,130:35.7,140:38.2
ATGSeedDiag: seed=1@39,107/1@155,103 begin=7,108 block=5 clip=8
ATGLptDiag: best=5(20.0) imip=0/15 pass=10111 acc=-1 ipm=60.0,106.7 inv=33.2,80.1 | 10(17.4) imip=0/20 pass=10111 acc=-1 ipm=108.1,94.1 inv=109.9,59.3
frame=399 line=1 track=1 cross=0 circle=5(CIRCLE_LEFT_RUNNING) round=0 yroad=0 ramp=0 road=6 speed=0 near=18/62 raw=59/155 sel=62/46 far=0/0 far_raw=0/0 l=0@-1/0@-1 far_l=0@-1/0@-1 straight=0/1 far_straight=0/0 circle_cnt=0/0/0/0 lost=1/0 conf=19.0/24.5/0.0/0.0 dist=946 begin=0/3339 m0=(84,119) ml=(64,92) md=40/1/101 cxcy=84.0,119.6 guide=18.59 atg=-60.0/-60.0/-60.0 pure=8.72/8.46 yaw=-1487 cmd=-1611 actual=-1425 signed=1 rps=6009/1591:6011/4643 duty=14/0 pwm=PWM2:14/PWM1:0 motor=2:14/1:0
ATGCorner: L=0@-1/0@-1 Y=0@-1/0@-1 farL=0@-1/0@-1 Lxy=-1.0,-1.0:-1.0,-1.0/-1.0,-1.0:-1.0,-1.0 Yxy=-1.0,-1.0:-1.0,-1.0/-1.0,-1.0:-1.0,-1.0 farLxy=-1.0,-1.0:-1.0,-1.0/-1.0,-1.0:-1.0,-1.0 best=5:60.2,107.1:33.3,80.9:19.0:10111/60:3.0,56.2:5.4,32.0:24.5:10101 seed_src=none/none seed=40.0,91.8/0.0,0.0 far_start=40,0 far_raw=0/0 far_num=0/0 straight=0/1 far_straight=0/0 conf_deg=19.0/24.5/0.0/0.0
CrossDiag: type=CROSS_NONE track=1 half_lr=0/0 nearL=0@-1/0@-1 nearNum=18/62 centerNum=18/62 farL=0@-1/0@-1 farNum=0/0 farRaw=0/0 lost=1/0 not_have=0 final=62/46 flags=0/0
LineErr: aim=41 cxcy=84.0,119.6 left=1:25.80@50,73 dx=-33.7 idx=0/15 dist=42/48 right=1:18.13@68,95 dx=-15.7 idx=6/25 dist=40/111 sel=1:25.22@59,91 dx=-24.6 idx=0/20 dist=40/90 edge=1:20.83@63.0,87.5 dx=-21.0 width=58.5 l=35,96 r=91,79
CxScan: raw_ref=80.0 edge=63.0,87.5 best_raw_x=25 best_err=-0.09 best_cxcy=62.9,119.4 scan=0:-10.0,10:-6.1,20:-2.1,30:1.9,40:5.9,50:9.8,60:13.6,70:17.3,80:20.8,90:24.2,100:27.4,110:30.4,120:33.3,130:35.9,140:38.4
ATGSeedDiag: seed=1@40,108/1@155,103 begin=7,108 block=5 clip=8
ATGLptDiag: best=5(19.0) imip=0/15 pass=10111 acc=-1 ipm=60.2,107.1 inv=33.3,80.9 | 60(24.5) imip=50/61 pass=10101 acc=-1 ipm=3.0,56.2 inv=5.4,32.0
frame=400 line=1 track=1 cross=0 circle=5(CIRCLE_LEFT_RUNNING) round=0 yroad=0 ramp=0 road=6 speed=0 near=18/61 raw=58/156 sel=61/45 far=0/0 far_raw=0/0 l=0@-1/0@-1 far_l=0@-1/0@-1 straight=0/1 far_straight=0/0 circle_cnt=0/0/0/0 lost=1/0 conf=18.5/18.2/0.0/0.0 dist=961 begin=0/3339 m0=(84,119) ml=(62,92) md=41/1/98 cxcy=84.0,119.6 guide=18.71 atg=-60.0/-60.0/-60.0 pure=8.73/8.47 yaw=-1497 cmd=-1581 actual=-1455 signed=1 rps=5967/1633:6301/4717 duty=13/0 pwm=PWM2:13/PWM1:0 motor=2:13/1:0
ATGCorner: L=0@-1/0@-1 Y=0@-1/0@-1 farL=0@-1/0@-1 Lxy=-1.0,-1.0:-1.0,-1.0/-1.0,-1.0:-1.0,-1.0 Yxy=-1.0,-1.0:-1.0,-1.0/-1.0,-1.0:-1.0,-1.0 farLxy=-1.0,-1.0:-1.0,-1.0/-1.0,-1.0:-1.0,-1.0 best=5:60.2,107.1:33.2,81.1:18.5:10111/10:108.0,94.1:109.9,59.3:18.2:10111 seed_src=none/none seed=40.0,91.8/0.0,0.0 far_start=40,0 far_raw=0/0 far_num=0/0 straight=0/1 far_straight=0/0 conf_deg=18.5/18.2/0.0/0.0
CrossDiag: type=CROSS_NONE track=1 half_lr=0/0 nearL=0@-1/0@-1 nearNum=18/61 centerNum=18/61 farL=0@-1/0@-1 farNum=0/0 farRaw=0/0 lost=1/0 not_have=0 final=61/45 flags=0/0
LineErr: aim=41 cxcy=84.0,119.6 left=1:25.99@50,73 dx=-34.0 idx=0/15 dist=42/48 right=1:18.13@68,95 dx=-15.6 idx=6/25 dist=40/110 sel=1:25.27@59,91 dx=-24.5 idx=0/20 dist=40/88 edge=1:20.83@63.0,87.5 dx=-21.0 width=58.5 l=35,96 r=91,79
CxScan: raw_ref=80.0 edge=63.0,87.5 best_raw_x=25 best_err=-0.09 best_cxcy=62.9,119.4 scan=0:-10.0,10:-6.1,20:-2.1,30:1.9,40:5.9,50:9.8,60:13.6,70:17.3,80:20.8,90:24.2,100:27.4,110:30.4,120:33.3,130:35.9,140:38.4
ATGSeedDiag: seed=1@40,108/1@155,102 begin=7,108 block=5 clip=8
ATGLptDiag: best=5(18.5) imip=0/15 pass=10111 acc=-1 ipm=60.2,107.1 inv=33.2,81.1 | 10(18.2) imip=0/20 pass=10111 acc=-1 ipm=108.0,94.1 inv=109.9,59.3
frame=401 line=1 track=1 cross=0 circle=5(CIRCLE_LEFT_RUNNING) round=0 yroad=0 ramp=0 road=6 speed=0 near=18/61 raw=58/155 sel=61/45 far=0/0 far_raw=0/0 l=0@-1/0@-1 far_l=0@-1/0@-1 straight=0/1 far_straight=0/0 circle_cnt=0/0/0/0 lost=1/0 conf=19.1/25.0/0.0/0.0 dist=976 begin=0/3339 m0=(84,119) ml=(62,92) md=41/1/97 cxcy=84.0,119.6 guide=18.52 atg=-60.0/-60.0/-60.0 pure=8.72/8.57 yaw=-1481 cmd=-1474 actual=-1485 signed=1 rps=5820/1780:6053/4420 duty=13/1 pwm=PWM2:13/PWM1:1 motor=2:13/1:1
ATGCorner: L=0@-1/0@-1 Y=0@-1/0@-1 farL=0@-1/0@-1 Lxy=-1.0,-1.0:-1.0,-1.0/-1.0,-1.0:-1.0,-1.0 Yxy=-1.0,-1.0:-1.0,-1.0/-1.0,-1.0:-1.0,-1.0 farLxy=-1.0,-1.0:-1.0,-1.0/-1.0,-1.0:-1.0,-1.0 best=5:60.2,107.2:33.3,81.1:19.1:10111/59:5.1,56.5:7.0,32.2:25.0:10111 seed_src=none/none seed=40.0,91.8/0.0,0.0 far_start=40,0 far_raw=0/0 far_num=0/0 straight=0/1 far_straight=0/0 conf_deg=19.1/25.0/0.0/0.0
CrossDiag: type=CROSS_NONE track=1 half_lr=0/0 nearL=0@-1/0@-1 nearNum=18/61 centerNum=18/61 farL=0@-1/0@-1 farNum=0/0 farRaw=0/0 lost=1/0 not_have=0 final=61/45 flags=0/0
LineErr: aim=41 cxcy=84.0,119.6 left=1:26.10@50,73 dx=-34.1 idx=0/15 dist=42/48 right=1:18.22@68,95 dx=-15.7 idx=6/25 dist=40/109 sel=1:25.10@60,91 dx=-24.3 idx=0/20 dist=40/88 edge=1:20.83@63.0,87.5 dx=-21.0 width=58.5 l=35,96 r=91,79
CxScan: raw_ref=80.0 edge=63.0,87.5 best_raw_x=25 best_err=-0.09 best_cxcy=62.9,119.4 scan=0:-10.0,10:-6.1,20:-2.1,30:1.9,40:5.9,50:9.8,60:13.6,70:17.3,80:20.8,90:24.2,100:27.4,110:30.4,120:33.3,130:35.9,140:38.4
ATGSeedDiag: seed=1@40,108/1@155,102 begin=7,108 block=5 clip=8
ATGLptDiag: best=5(19.1) imip=0/15 pass=10111 acc=-1 ipm=60.2,107.2 inv=33.3,81.1 | 59(25.0) imip=49/60 pass=10111 acc=-1 ipm=5.1,56.5 inv=7.0,32.2
frame=402 line=1 track=1 cross=0 circle=5(CIRCLE_LEFT_RUNNING) round=0 yroad=0 ramp=0 road=6 speed=0 near=18/60 raw=58/155 sel=60/45 far=0/0 far_raw=0/0 l=0@-1/0@-1 far_l=0@-1/0@-1 straight=0/1 far_straight=0/0 circle_cnt=0/0/0/0 lost=1/0 conf=19.1/17.8/0.0/0.0 dist=990 begin=0/3339 m0=(84,119) ml=(63,92) md=41/1/98 cxcy=84.0,119.6 guide=18.68 atg=-60.0/-60.0/-60.0 pure=8.91/8.77 yaw=-1495 cmd=-1484 actual=-1500 signed=1 rps=5833/1767:6139/4484 duty=13/1 pwm=PWM2:13/PWM1:1 motor=2:13/1:1
ATGCorner: L=0@-1/0@-1 Y=0@-1/0@-1 farL=0@-1/0@-1 Lxy=-1.0,-1.0:-1.0,-1.0/-1.0,-1.0:-1.0,-1.0 Yxy=-1.0,-1.0:-1.0,-1.0/-1.0,-1.0:-1.0,-1.0 farLxy=-1.0,-1.0:-1.0,-1.0/-1.0,-1.0:-1.0,-1.0 best=5:60.1,107.3:33.1,81.3:19.1:10111/58:6.9,58.4:7.2,33.0:17.8:10111 seed_src=none/none seed=40.0,91.8/0.0,0.0 far_start=40,0 far_raw=0/0 far_num=0/0 straight=0/1 far_straight=0/0 conf_deg=19.1/17.8/0.0/0.0
CrossDiag: type=CROSS_NONE track=1 half_lr=0/0 nearL=0@-1/0@-1 nearNum=18/60 centerNum=18/60 farL=0@-1/0@-1 farNum=0/0 farRaw=0/0 lost=1/0 not_have=0 final=60/45 flags=0/0
LineErr: aim=41 cxcy=84.0,119.6 left=1:26.48@49,73 dx=-34.5 idx=0/15 dist=42/48 right=1:18.08@68,95 dx=-15.5 idx=6/25 dist=40/108 sel=1:24.70@60,91 dx=-23.6 idx=0/20 dist=40/88 edge=1:20.66@63.0,87.0 dx=-21.0 width=58.8 l=35,96 r=91,78
CxScan: raw_ref=80.0 edge=63.0,87.0 best_raw_x=25 best_err=-0.09 best_cxcy=62.9,119.4 scan=0:-9.9,10:-6.0,20:-2.1,30:1.9,40:5.8,50:9.7,60:13.5,70:17.1,80:20.7,90:24.0,100:27.2,110:30.2,120:33.0,130:35.7,140:38.2
ATGSeedDiag: seed=1@40,108/1@155,100 begin=7,108 block=5 clip=8
ATGLptDiag: best=5(19.1) imip=0/15 pass=10111 acc=-1 ipm=60.1,107.3 inv=33.1,81.3 | 58(17.8) imip=48/59 pass=10111 acc=-1 ipm=6.9,58.4 inv=7.2,33.0
frame=403 line=1 track=1 cross=0 circle=5(CIRCLE_LEFT_RUNNING) round=0 yroad=0 ramp=0 road=6 speed=0 near=18/61 raw=57/154 sel=61/45 far=0/0 far_raw=0/0 l=0@-1/0@-1 far_l=0@-1/0@-1 straight=0/1 far_straight=0/0 circle_cnt=0/0/0/0 lost=1/0 conf=19.2/23.8/0.0/0.0 dist=1004 begin=0/3339 m0=(84,119) ml=(63,92) md=41/1/97 cxcy=84.0,119.6 guide=18.57 atg=-60.0/-60.0/-60.0 pure=8.88/8.89 yaw=-1486 cmd=-1452 actual=-1503 signed=1 rps=5790/1810:5715/4236 duty=13/2 pwm=PWM2:13/PWM1:2 motor=2:13/1:2
ATGCorner: L=0@-1/0@-1 Y=0@-1/0@-1 farL=0@-1/0@-1 Lxy=-1.0,-1.0:-1.0,-1.0/-1.0,-1.0:-1.0,-1.0 Yxy=-1.0,-1.0:-1.0,-1.0/-1.0,-1.0:-1.0,-1.0 farLxy=-1.0,-1.0:-1.0,-1.0/-1.0,-1.0:-1.0,-1.0 best=4:61.9,108.8:35.0,84.7:19.2:10111/59:5.3,59.0:5.4,33.3:23.8:10111 seed_src=none/none seed=40.0,91.8/0.0,0.0 far_start=40,0 far_raw=0/0 far_num=0/0 straight=0/1 far_straight=0/0 conf_deg=19.2/23.8/0.0/0.0
CrossDiag: type=CROSS_NONE track=1 half_lr=0/0 nearL=0@-1/0@-1 nearNum=18/61 centerNum=18/61 farL=0@-1/0@-1 farNum=0/0 farRaw=0/0 lost=1/0 not_have=0 final=61/45 flags=0/0
LineErr: aim=41 cxcy=84.0,119.6 left=1:26.61@49,74 dx=-34.7 idx=0/15 dist=42/48 right=1:17.93@69,95 dx=-15.4 idx=6/25 dist=41/107 sel=1:24.54@61,91 dx=-23.4 idx=0/20 dist=40/88 edge=1:20.83@63.0,87.5 dx=-21.0 width=59.1 l=35,97 r=91,78
CxScan: raw_ref=80.0 edge=63.0,87.5 best_raw_x=25 best_err=-0.09 best_cxcy=62.9,119.4 scan=0:-10.0,10:-6.1,20:-2.1,30:1.9,40:5.9,50:9.8,60:13.6,70:17.3,80:20.8,90:24.2,100:27.4,110:30.4,120:33.3,130:35.9,140:38.4
ATGSeedDiag: seed=1@40,108/1@155,100 begin=7,108 block=5 clip=8
ATGLptDiag: best=4(19.2) imip=0/14 pass=10111 acc=-1 ipm=61.9,108.8 inv=35.0,84.7 | 59(23.8) imip=49/60 pass=10111 acc=-1 ipm=5.3,59.0 inv=5.4,33.3
frame=404 line=1 track=1 cross=0 circle=5(CIRCLE_LEFT_RUNNING) round=0 yroad=0 ramp=0 road=6 speed=0 near=18/61 raw=57/154 sel=61/45 far=0/0 far_raw=0/0 l=0@-1/0@-1 far_l=0@-1/0@-1 straight=0/1 far_straight=0/0 circle_cnt=0/0/0/0 lost=1/0 conf=19.2/16.6/0.0/0.0 dist=1017 begin=0/3339 m0=(84,119) ml=(63,92) md=41/1/97 cxcy=84.0,119.6 guide=18.46 atg=-60.0/-60.0/-60.0 pure=8.75/8.72 yaw=-1477 cmd=-1448 actual=-1491 signed=1 rps=5785/1815:5741/4330 duty=13/2 pwm=PWM2:13/PWM1:2 motor=2:13/1:2
ATGCorner: L=0@-1/0@-1 Y=0@-1/0@-1 farL=0@-1/0@-1 Lxy=-1.0,-1.0:-1.0,-1.0/-1.0,-1.0:-1.0,-1.0 Yxy=-1.0,-1.0:-1.0,-1.0/-1.0,-1.0:-1.0,-1.0 farLxy=-1.0,-1.0:-1.0,-1.0/-1.0,-1.0:-1.0,-1.0 best=4:61.9,108.8:35.0,84.7:19.2:10111/10:108.2,93.4:109.7,58.5:16.6:10111 seed_src=none/none seed=40.0,91.8/0.0,0.0 far_start=40,0 far_raw=0/0 far_num=0/0 straight=0/1 far_straight=0/0 conf_deg=19.2/16.6/0.0/0.0
CrossDiag: type=CROSS_NONE track=1 half_lr=0/0 nearL=0@-1/0@-1 nearNum=18/61 centerNum=18/61 farL=0@-1/0@-1 farNum=0/0 farRaw=0/0 lost=1/0 not_have=0 final=61/45 flags=0/0
LineErr: aim=41 cxcy=84.0,119.6 left=1:26.59@49,74 dx=-34.6 idx=0/15 dist=42/48 right=1:18.07@69,95 dx=-15.5 idx=6/25 dist=41/110 sel=1:24.49@61,91 dx=-23.4 idx=0/20 dist=40/88 edge=1:20.83@63.0,87.5 dx=-21.0 width=59.1 l=35,97 r=91,78
CxScan: raw_ref=80.0 edge=63.0,87.5 best_raw_x=25 best_err=-0.09 best_cxcy=62.9,119.4 scan=0:-10.0,10:-6.1,20:-2.1,30:1.9,40:5.9,50:9.8,60:13.6,70:17.3,80:20.8,90:24.2,100:27.4,110:30.4,120:33.3,130:35.9,140:38.4
ATGSeedDiag: seed=1@41,108/1@155,100 begin=7,108 block=5 clip=8
ATGLptDiag: best=4(19.2) imip=0/14 pass=10111 acc=-1 ipm=61.9,108.8 inv=35.0,84.7 | 10(16.6) imip=0/20 pass=10111 acc=-1 ipm=108.2,93.4 inv=109.7,58.5
frame=405 line=1 track=1 cross=0 circle=5(CIRCLE_LEFT_RUNNING) round=0 yroad=0 ramp=0 road=6 speed=0 near=17/61 raw=58/155 sel=61/45 far=0/0 far_raw=0/0 l=0@-1/0@-1 far_l=0@-1/0@-1 straight=0/1 far_straight=0/0 circle_cnt=0/0/0/0 lost=1/0 conf=15.1/18.6/0.0/0.0 dist=1030 begin=0/3339 m0=(84,119) ml=(63,92) md=41/1/97 cxcy=84.0,119.6 guide=17.91 atg=-60.0/-60.0/-60.0 pure=8.74/8.71 yaw=-1432 cmd=-1327 actual=-1485 signed=1 rps=5619/1981:5785/4393 duty=13/2 pwm=PWM2:13/PWM1:2 motor=2:13/1:2
ATGCorner: L=0@-1/0@-1 Y=0@-1/0@-1 farL=0@-1/0@-1 Lxy=-1.0,-1.0:-1.0,-1.0/-1.0,-1.0:-1.0,-1.0 Yxy=-1.0,-1.0:-1.0,-1.0/-1.0,-1.0:-1.0,-1.0 farLxy=-1.0,-1.0:-1.0,-1.0/-1.0,-1.0:-1.0,-1.0 best=1:66.3,114.2:39.3,98.8:15.1:10111/1:117.8,112.1:148.4,91.8:18.6:10111 seed_src=none/none seed=40.0,91.8/0.0,0.0 far_start=40,0 far_raw=0/0 far_num=0/0 straight=0/1 far_straight=0/0 conf_deg=15.1/18.6/0.0/0.0
CrossDiag: type=CROSS_NONE track=1 half_lr=0/0 nearL=0@-1/0@-1 nearNum=17/61 centerNum=17/61 farL=0@-1/0@-1 farNum=0/0 farRaw=0/0 lost=1/0 not_have=0 final=61/45 flags=0/0
LineErr: aim=41 cxcy=84.0,119.6 left=1:26.47@50,74 dx=-34.3 idx=0/15 dist=41/44 right=1:18.13@68,95 dx=-15.6 idx=6/25 dist=41/110 sel=1:24.60@61,91 dx=-23.5 idx=0/20 dist=40/88 edge=1:19.92@64.0,87.5 dx=-20.0 width=57.2 l=37,97 r=91,78
CxScan: raw_ref=80.0 edge=64.0,87.5 best_raw_x=30 best_err=0.87 best_cxcy=64.8,119.4 scan=0:-11.0,10:-7.1,20:-3.1,30:0.9,40:4.8,50:8.8,60:12.6,70:16.3,80:19.9,90:23.3,100:26.6,110:29.7,120:32.6,130:35.3,140:37.8
ATGSeedDiag: seed=1@41,108/1@155,100 begin=7,108 block=5 clip=8
ATGLptDiag: best=1(15.1) imip=0/11 pass=10111 acc=-1 ipm=66.3,114.2 inv=39.3,98.8 | 1(18.6) imip=0/11 pass=10111 acc=-1 ipm=117.8,112.1 inv=148.4,91.8
frame=406 line=1 track=1 cross=0 circle=5(CIRCLE_LEFT_RUNNING) round=0 yroad=0 ramp=0 road=6 speed=0 near=17/61 raw=56/155 sel=61/45 far=0/0 far_raw=0/0 l=0@-1/0@-1 far_l=0@-1/0@-1 straight=0/1 far_straight=0/0 circle_cnt=0/0/0/0 lost=1/0 conf=17.7/19.9/0.0/0.0 dist=1044 begin=0/3339 m0=(84,119) ml=(64,93) md=40/1/98 cxcy=84.0,119.6 guide=18.67 atg=-60.0/-60.0/-60.0 pure=8.80/8.69 yaw=-1494 cmd=-1512 actual=-1484 signed=1 rps=5872/1728:5551/4204 duty=14/1 pwm=PWM2:14/PWM1:1 motor=2:14/1:1
ATGCorner: L=0@-1/0@-1 Y=0@-1/0@-1 farL=0@-1/0@-1 Lxy=-1.0,-1.0:-1.0,-1.0/-1.0,-1.0:-1.0,-1.0 Yxy=-1.0,-1.0:-1.0,-1.0/-1.0,-1.0:-1.0,-1.0 farLxy=-1.0,-1.0:-1.0,-1.0/-1.0,-1.0:-1.0,-1.0 best=3:63.4,110.5:36.5,88.8:17.7:10111/1:117.8,112.1:148.4,91.8:19.9:10111 seed_src=none/none seed=40.0,91.8/0.0,0.0 far_start=40,0 far_raw=0/0 far_num=0/0 straight=0/1 far_straight=0/0 conf_deg=17.7/19.9/0.0/0.0
CrossDiag: type=CROSS_NONE track=1 half_lr=0/0 nearL=0@-1/0@-1 nearNum=17/61 centerNum=17/61 farL=0@-1/0@-1 farNum=0/0 farRaw=0/0 lost=1/0 not_have=0 final=61/45 flags=0/0
LineErr: aim=41 cxcy=84.0,119.6 left=1:26.51@50,74 dx=-34.4 idx=0/15 dist=41/44 right=1:18.61@68,95 dx=-15.9 idx=6/25 dist=40/109 sel=1:25.22@60,92 dx=-24.1 idx=0/20 dist=40/88 edge=1:19.92@64.0,87.5 dx=-20.0 width=57.2 l=37,97 r=91,78
CxScan: raw_ref=80.0 edge=64.0,87.5 best_raw_x=30 best_err=0.87 best_cxcy=64.8,119.4 scan=0:-11.0,10:-7.1,20:-3.1,30:0.9,40:4.8,50:8.8,60:12.6,70:16.3,80:19.9,90:23.3,100:26.6,110:29.7,120:32.6,130:35.3,140:37.8
ATGSeedDiag: seed=1@41,108/1@155,100 begin=7,108 block=5 clip=8
ATGLptDiag: best=3(17.7) imip=0/13 pass=10111 acc=-1 ipm=63.4,110.5 inv=36.5,88.8 | 1(19.9) imip=0/11 pass=10111 acc=-1 ipm=117.8,112.1 inv=148.4,91.8
frame=407 line=1 track=1 cross=0 circle=5(CIRCLE_LEFT_RUNNING) round=0 yroad=0 ramp=0 road=6 speed=0 near=17/60 raw=57/154 sel=60/45 far=0/0 far_raw=0/0 l=0@-1/0@-1 far_l=0@-1/0@-1 straight=0/1 far_straight=0/0 circle_cnt=0/0/0/0 lost=1/0 conf=15.8/17.1/0.0/0.0 dist=1059 begin=0/3339 m0=(84,119) ml=(62,93) md=40/1/97 cxcy=84.0,119.6 guide=20.35 atg=-60.0/-60.0/-60.0 pure=8.97/8.72 yaw=-1628 cmd=-1909 actual=-1487 signed=1 rps=6417/1183:5980/4498 duty=15/0 pwm=PWM2:15/PWM1:0 motor=2:15/1:0
ATGCorner: L=0@-1/0@-1 Y=0@-1/0@-1 farL=0@-1/0@-1 Lxy=-1.0,-1.0:-1.0,-1.0/-1.0,-1.0:-1.0,-1.0 Yxy=-1.0,-1.0:-1.0,-1.0/-1.0,-1.0:-1.0,-1.0 farLxy=-1.0,-1.0:-1.0,-1.0/-1.0,-1.0:-1.0,-1.0 best=1:66.3,114.2:39.3,98.8:15.8:10111/10:107.8,93.8:109.4,58.9:17.1:10111 seed_src=none/none seed=40.0,91.8/0.0,0.0 far_start=40,0 far_raw=0/0 far_num=0/0 straight=0/1 far_straight=0/0 conf_deg=15.8/17.1/0.0/0.0
CrossDiag: type=CROSS_NONE track=1 half_lr=0/0 nearL=0@-1/0@-1 nearNum=17/60 centerNum=17/60 farL=0@-1/0@-1 farNum=0/0 farRaw=0/0 lost=1/0 not_have=0 final=60/45 flags=0/0
LineErr: aim=41 cxcy=84.0,119.6 left=1:26.73@49,74 dx=-34.6 idx=0/15 dist=41/44 right=1:18.75@68,96 dx=-16.0 idx=6/25 dist=40/108 sel=1:25.73@59,92 dx=-24.5 idx=0/20 dist=40/88 edge=1:21.82@61.5,86.5 dx=-22.5 width=53.3 l=37,97 r=86,76
CxScan: raw_ref=80.0 edge=61.5,86.5 best_raw_x=20 best_err=-0.52 best_cxcy=61.0,119.4 scan=0:-8.3,10:-4.4,20:-0.5,30:3.4,40:7.3,50:11.1,60:14.8,70:18.4,80:21.8,90:25.1,100:28.2,110:31.1,120:33.9,130:36.5,140:38.9
ATGSeedDiag: seed=1@41,108/1@155,100 begin=7,108 block=5 clip=8
ATGLptDiag: best=1(15.8) imip=0/11 pass=10111 acc=-1 ipm=66.3,114.2 inv=39.3,98.8 | 10(17.1) imip=0/20 pass=10111 acc=-1 ipm=107.8,93.8 inv=109.4,58.9
frame=408 line=1 track=1 cross=0 circle=5(CIRCLE_LEFT_RUNNING) round=0 yroad=0 ramp=0 road=6 speed=0 near=17/60 raw=56/153 sel=60/44 far=0/0 far_raw=0/0 l=0@-1/0@-1 far_l=0@-1/0@-1 straight=0/1 far_straight=0/0 circle_cnt=0/0/0/0 lost=1/0 conf=16.2/21.0/0.0/0.0 dist=1074 begin=0/3339 m0=(84,119) ml=(61,93) md=41/1/95 cxcy=84.0,119.6 guide=20.49 atg=-60.0/-60.0/-60.0 pure=9.08/8.85 yaw=-1639 cmd=-1947 actual=-1485 signed=1 rps=6468/1132:5906/4460 duty=16/0 pwm=PWM2:16/PWM1:0 motor=2:16/1:0
ATGCorner: L=0@-1/0@-1 Y=0@-1/0@-1 farL=0@-1/0@-1 Lxy=-1.0,-1.0:-1.0,-1.0/-1.0,-1.0:-1.0,-1.0 Yxy=-1.0,-1.0:-1.0,-1.0/-1.0,-1.0:-1.0,-1.0 farLxy=-1.0,-1.0:-1.0,-1.0/-1.0,-1.0:-1.0,-1.0 best=3:63.5,110.6:36.5,89.1:16.2:10111/58:6.0,59.2:5.9,33.4:21.0:10111 seed_src=none/none seed=40.0,91.8/0.0,0.0 far_start=40,0 far_raw=0/0 far_num=0/0 straight=0/1 far_straight=0/0 conf_deg=16.2/21.0/0.0/0.0
CrossDiag: type=CROSS_NONE track=1 half_lr=0/0 nearL=0@-1/0@-1 nearNum=17/60 centerNum=17/60 farL=0@-1/0@-1 farNum=0/0 farRaw=0/0 lost=1/0 not_have=0 final=60/44 flags=0/0
LineErr: aim=41 cxcy=84.0,119.6 left=1:26.79@49,74 dx=-34.6 idx=0/15 dist=41/44 right=1:19.12@68,96 dx=-16.3 idx=6/25 dist=40/107 sel=1:26.10@59,92 dx=-24.8 idx=0/20 dist=40/86 edge=1:22.00@61.5,87.0 dx=-22.5 width=53.7 l=37,98 r=86,76
CxScan: raw_ref=80.0 edge=61.5,87.0 best_raw_x=20 best_err=-0.53 best_cxcy=61.0,119.4 scan=0:-8.4,10:-4.5,20:-0.5,30:3.4,40:7.3,50:11.2,60:14.9,70:18.5,80:22.0,90:25.3,100:28.4,110:31.3,120:34.1,130:36.7,140:39.1
ATGSeedDiag: seed=1@41,108/1@155,100 begin=7,108 block=5 clip=8
ATGLptDiag: best=3(16.2) imip=0/13 pass=10111 acc=-1 ipm=63.5,110.6 inv=36.5,89.1 | 58(21.0) imip=48/59 pass=10111 acc=-1 ipm=6.0,59.2 inv=5.9,33.4
frame=409 line=1 track=1 cross=0 circle=5(CIRCLE_LEFT_RUNNING) round=0 yroad=0 ramp=0 road=6 speed=0 near=17/60 raw=56/154 sel=60/44 far=0/0 far_raw=0/0 l=0@-1/0@-1 far_l=0@-1/0@-1 straight=0/1 far_straight=0/0 circle_cnt=0/0/0/0 lost=1/0 conf=16.6/14.1/0.0/0.0 dist=1089 begin=0/3339 m0=(84,119) ml=(62,93) md=41/1/95 cxcy=84.0,119.6 guide=18.90 atg=-60.0/-60.0/-60.0 pure=9.09/8.94 yaw=-1512 cmd=-1573 actual=-1481 signed=1 rps=5955/1645:6249/4793 duty=13/0 pwm=PWM2:13/PWM1:0 motor=2:13/1:0
ATGCorner: L=0@-1/0@-1 Y=0@-1/0@-1 farL=0@-1/0@-1 Lxy=-1.0,-1.0:-1.0,-1.0/-1.0,-1.0:-1.0,-1.0 Yxy=-1.0,-1.0:-1.0,-1.0/-1.0,-1.0:-1.0,-1.0 farLxy=-1.0,-1.0:-1.0,-1.0/-1.0,-1.0:-1.0,-1.0 best=5:59.9,107.8:32.1,82.5:16.6:10111/3:116.5,107.3:137.4,80.5:14.1:10111 seed_src=none/none seed=40.0,91.8/0.0,0.0 far_start=40,0 far_raw=0/0 far_num=0/0 straight=0/1 far_straight=0/0 conf_deg=16.6/14.1/0.0/0.0
CrossDiag: type=CROSS_NONE track=1 half_lr=0/0 nearL=0@-1/0@-1 nearNum=17/60 centerNum=17/60 farL=0@-1/0@-1 farNum=0/0 farRaw=0/0 lost=1/0 not_have=0 final=60/44 flags=0/0
LineErr: aim=41 cxcy=84.0,119.6 left=1:27.02@49,74 dx=-34.9 idx=0/15 dist=41/44 right=1:18.95@68,96 dx=-16.1 idx=6/25 dist=41/108 sel=1:25.78@60,92 dx=-24.4 idx=0/20 dist=40/86 edge=1:23.37@59.5,86.0 dx=-24.5 width=51.0 l=37,98 r=82,74
CxScan: raw_ref=80.0 edge=59.5,86.0 best_raw_x=15 best_err=-0.44 best_cxcy=59.1,119.4 scan=0:-6.3,10:-2.4,20:1.5,30:5.4,40:9.2,50:12.9,60:16.6,70:20.0,80:23.4,90:26.5,100:29.5,110:32.4,120:35.0,130:37.5,140:39.8
ATGSeedDiag: seed=1@41,108/1@155,99 begin=7,108 block=5 clip=8
ATGLptDiag: best=5(16.6) imip=0/15 pass=10111 acc=-1 ipm=59.9,107.8 inv=32.1,82.5 | 3(14.1) imip=0/13 pass=10111 acc=-1 ipm=116.5,107.3 inv=137.4,80.5
frame=410 line=1 track=1 cross=0 circle=5(CIRCLE_LEFT_RUNNING) round=0 yroad=0 ramp=0 road=6 speed=0 near=17/60 raw=55/153 sel=60/44 far=0/0 far_raw=0/0 l=0@-1/0@-1 far_l=0@-1/0@-1 straight=0/1 far_straight=0/0 circle_cnt=0/0/0/0 lost=1/0 conf=22.8/17.0/0.0/0.0 dist=1105 begin=0/3339 m0=(84,119) ml=(64,93) md=40/1/97 cxcy=84.0,119.6 guide=18.98 atg=-60.0/-60.0/-60.0 pure=9.03/8.90 yaw=-1518 cmd=-1567 actual=-1494 signed=1 rps=5947/1653:6122/4716 duty=13/0 pwm=PWM2:13/PWM1:0 motor=2:13/1:0
ATGCorner: L=0@-1/0@-1 Y=0@-1/0@-1 farL=0@-1/0@-1 Lxy=-1.0,-1.0:-1.0,-1.0/-1.0,-1.0:-1.0,-1.0 Yxy=-1.0,-1.0:-1.0,-1.0/-1.0,-1.0:-1.0,-1.0 farLxy=-1.0,-1.0:-1.0,-1.0/-1.0,-1.0:-1.0,-1.0 best=6:57.9,106.5:29.6,79.8:22.8:10111/57:8.5,58.6:8.4,33.1:17.0:10111 seed_src=none/none seed=40.0,91.8/0.0,0.0 far_start=40,0 far_raw=0/0 far_num=0/0 straight=0/1 far_straight=0/0 conf_deg=22.8/17.0/0.0/0.0
CrossDiag: type=CROSS_NONE track=1 half_lr=0/0 nearL=0@-1/0@-1 nearNum=17/60 centerNum=17/60 farL=0@-1/0@-1 farNum=0/0 farRaw=0/0 lost=1/0 not_have=0 final=60/44 flags=0/0
LineErr: aim=41 cxcy=84.0,119.6 left=1:27.08@49,74 dx=-35.0 idx=0/15 dist=41/44 right=1:20.15@66,95 dx=-17.7 idx=7/26 dist=41/106 sel=1:25.89@59,92 dx=-24.8 idx=0/20 dist=40/86 edge=1:22.00@61.5,87.0 dx=-22.5 width=53.7 l=37,98 r=86,76
CxScan: raw_ref=80.0 edge=61.5,87.0 best_raw_x=20 best_err=-0.53 best_cxcy=61.0,119.4 scan=0:-8.4,10:-4.5,20:-0.5,30:3.4,40:7.3,50:11.2,60:14.9,70:18.5,80:22.0,90:25.3,100:28.4,110:31.3,120:34.1,130:36.7,140:39.1
ATGSeedDiag: seed=1@41,108/1@155,99 begin=7,108 block=5 clip=8
ATGLptDiag: best=6(22.8) imip=0/16 pass=10111 acc=-1 ipm=57.9,106.5 inv=29.6,79.8 | 57(17.0) imip=47/59 pass=10111 acc=-1 ipm=8.5,58.6 inv=8.4,33.1
frame=412 line=1 track=1 cross=0 circle=5(CIRCLE_LEFT_RUNNING) round=0 yroad=0 ramp=0 road=6 speed=0 near=17/60 raw=55/154 sel=60/45 far=0/0 far_raw=0/0 l=0@-1/0@-1 far_l=0@-1/0@-1 straight=0/1 far_straight=0/0 circle_cnt=0/0/0/0 lost=1/0 conf=22.3/23.2/0.0/0.0 dist=1135 begin=0/3339 m0=(84,119) ml=(65,94) md=40/1/99 cxcy=84.0,119.6 guide=18.19 atg=-60.0/-60.0/-60.0 pure=9.03/8.87 yaw=-1455 cmd=-1364 actual=-1501 signed=1 rps=5669/1931:6345/4925 duty=12/1 pwm=PWM2:12/PWM1:1 motor=2:12/1:1
ATGCorner: L=0@-1/0@-1 Y=0@-1/0@-1 farL=0@-1/0@-1 Lxy=-1.0,-1.0:-1.0,-1.0/-1.0,-1.0:-1.0,-1.0 Yxy=-1.0,-1.0:-1.0,-1.0/-1.0,-1.0:-1.0,-1.0 farLxy=-1.0,-1.0:-1.0,-1.0/-1.0,-1.0:-1.0,-1.0 best=7:55.9,105.3:27.1,77.4:22.3:10111/58:6.3,59.0:6.2,33.3:23.2:10111 seed_src=none/none seed=40.0,91.8/0.0,0.0 far_start=40,0 far_raw=0/0 far_num=0/0 straight=0/1 far_straight=0/0 conf_deg=22.3/23.2/0.0/0.0
CrossDiag: type=CROSS_NONE track=1 half_lr=0/0 nearL=0@-1/0@-1 nearNum=17/60 centerNum=17/60 farL=0@-1/0@-1 farNum=0/0 farRaw=0/0 lost=1/0 not_have=0 final=60/45 flags=0/0
LineErr: aim=41 cxcy=84.0,119.6 left=1:27.33@49,75 dx=-35.3 idx=0/15 dist=41/44 right=1:17.23@70,96 dx=-14.4 idx=6/24 dist=41/110 sel=1:24.89@61,92 dx=-23.4 idx=0/20 dist=40/88 edge=1:21.73@62.0,87.5 dx=-22.0 width=56.1 l=36,98 r=88,77
CxScan: raw_ref=80.0 edge=62.0,87.5 best_raw_x=25 best_err=0.95 best_cxcy=62.9,119.4 scan=0:-9.0,10:-5.0,20:-1.1,30:2.9,40:6.9,50:10.8,60:14.6,70:18.2,80:21.7,90:25.1,100:28.2,110:31.2,120:34.0,130:36.6,140:39.1
ATGSeedDiag: seed=1@41,108/1@155,99 begin=7,108 block=5 clip=8
ATGLptDiag: best=7(22.3) imip=0/16 pass=10111 acc=-1 ipm=55.9,105.3 inv=27.1,77.4 | 58(23.2) imip=48/59 pass=10111 acc=-1 ipm=6.3,59.0 inv=6.2,33.3
frame=413 line=1 track=1 cross=0 circle=5(CIRCLE_LEFT_RUNNING) round=0 yroad=0 ramp=0 road=6 speed=0 near=17/60 raw=54/154 sel=60/44 far=0/0 far_raw=0/0 l=0@-1/0@-1 far_l=0@-1/0@-1 straight=0/1 far_straight=0/0 circle_cnt=0/0/0/0 lost=1/0 conf=22.4/14.1/0.0/0.0 dist=1149 begin=0/3339 m0=(84,119) ml=(63,94) md=40/1/96 cxcy=84.0,119.6 guide=19.65 atg=-60.0/-60.0/-60.0 pure=9.14/8.91 yaw=-1572 cmd=-1709 actual=-1504 signed=1 rps=6142/1458:5844/4687 duty=14/0 pwm=PWM2:14/PWM1:0 motor=2:14/1:0
ATGCorner: L=0@-1/0@-1 Y=0@-1/0@-1 farL=0@-1/0@-1 Lxy=-1.0,-1.0:-1.0,-1.0/-1.0,-1.0:-1.0,-1.0 Yxy=-1.0,-1.0:-1.0,-1.0/-1.0,-1.0:-1.0,-1.0 farLxy=-1.0,-1.0:-1.0,-1.0/-1.0,-1.0:-1.0,-1.0 best=6:57.7,106.7:29.1,80.2:22.4:10111/1:117.8,111.8:147.9,90.9:14.1:10111 seed_src=none/none seed=40.0,91.8/0.0,0.0 far_start=40,0 far_raw=0/0 far_num=0/0 straight=0/1 far_straight=0/0 conf_deg=22.4/14.1/0.0/0.0
CrossDiag: type=CROSS_NONE track=1 half_lr=0/0 nearL=0@-1/0@-1 nearNum=17/60 centerNum=17/60 farL=0@-1/0@-1 farNum=0/0 farRaw=0/0 lost=1/0 not_have=0 final=60/44 flags=0/0
LineErr: aim=41 cxcy=84.0,119.6 left=1:27.52@48,75 dx=-35.5 idx=0/15 dist=41/44 right=1:20.38@66,95 dx=-17.7 idx=7/26 dist=41/107 sel=1:26.58@59,92 dx=-25.5 idx=0/20 dist=40/86 edge=1:21.18@63.0,88.5 dx=-21.0 width=57.2 l=36,98 r=90,79
CxScan: raw_ref=80.0 edge=63.0,88.5 best_raw_x=25 best_err=-0.09 best_cxcy=62.9,119.4 scan=0:-10.2,10:-6.2,20:-2.1,30:1.9,40:6.0,50:10.0,60:13.8,70:17.6,80:21.2,90:24.6,100:27.8,110:30.9,120:33.8,130:36.4,140:38.9
ATGSeedDiag: seed=1@41,108/1@155,99 begin=7,108 block=5 clip=8
ATGLptDiag: best=6(22.4) imip=0/16 pass=10111 acc=-1 ipm=57.7,106.7 inv=29.1,80.2 | 1(14.1) imip=0/11 pass=10111 acc=-1 ipm=117.8,111.8 inv=147.9,90.9
frame=415 line=1 track=1 cross=0 circle=5(CIRCLE_LEFT_RUNNING) round=0 yroad=0 ramp=0 road=6 speed=0 near=16/59 raw=53/154 sel=59/43 far=0/0 far_raw=0/0 l=0@-1/0@-1 far_l=0@-1/0@-1 straight=0/1 far_straight=0/0 circle_cnt=0/0/0/0 lost=1/0 conf=20.8/17.3/0.0/0.0 dist=1177 begin=0/3339 m0=(84,119) ml=(62,94) md=40/1/94 cxcy=84.0,119.6 guide=20.66 atg=-60.0/-60.0/-60.0 pure=9.22/8.99 yaw=-1653 cmd=-1879 actual=-1539 signed=1 rps=6375/1225:5533/4493 duty=16/0 pwm=PWM2:16/PWM1:0 motor=2:16/1:0
ATGCorner: L=0@-1/0@-1 Y=0@-1/0@-1 farL=0@-1/0@-1 Lxy=-1.0,-1.0:-1.0,-1.0/-1.0,-1.0:-1.0,-1.0 Yxy=-1.0,-1.0:-1.0,-1.0/-1.0,-1.0:-1.0,-1.0 farLxy=-1.0,-1.0:-1.0,-1.0/-1.0,-1.0:-1.0,-1.0 best=5:59.4,108.2:30.9,83.3:20.8:10111/1:117.8,111.8:147.9,90.9:17.3:10111 seed_src=none/none seed=40.0,91.8/0.0,0.0 far_start=40,0 far_raw=0/0 far_num=0/0 straight=0/1 far_straight=0/0 conf_deg=20.8/17.3/0.0/0.0
CrossDiag: type=CROSS_NONE track=1 half_lr=0/0 nearL=0@-1/0@-1 nearNum=16/59 centerNum=16/59 farL=0@-1/0@-1 farNum=0/0 farRaw=0/0 lost=1/0 not_have=0 final=59/43 flags=0/0
LineErr: aim=41 cxcy=84.0,119.6 left=1:27.65@49,75 dx=-35.4 idx=0/15 dist=40/40 right=1:21.04@66,96 dx=-18.0 idx=7/26 dist=41/104 sel=1:27.75@58,93 dx=-26.4 idx=0/20 dist=40/84 edge=1:24.86@57.5,85.5 dx=-26.5 width=47.4 l=38,99 r=77,72
CxScan: raw_ref=80.0 edge=57.5,85.5 best_raw_x=10 best_err=-0.36 best_cxcy=57.1,119.4 scan=0:-4.2,10:-0.4,20:3.5,30:7.3,40:11.1,50:14.7,60:18.2,70:21.6,80:24.9,90:27.9,100:30.8,110:33.5,120:36.1,130:38.5,140:40.8
ATGSeedDiag: seed=1@41,108/1@155,99 begin=7,108 block=5 clip=8
ATGLptDiag: best=5(20.8) imip=0/15 pass=10111 acc=-1 ipm=59.4,108.2 inv=30.9,83.3 | 1(17.3) imip=0/11 pass=10111 acc=-1 ipm=117.8,111.8 inv=147.9,90.9
frame=416 line=1 track=1 cross=0 circle=5(CIRCLE_LEFT_RUNNING) round=0 yroad=0 ramp=0 road=6 speed=0 near=16/59 raw=53/154 sel=59/43 far=0/0 far_raw=0/0 l=0@-1/0@-1 far_l=0@-1/0@-1 straight=0/1 far_straight=0/0 circle_cnt=0/0/0/0 lost=1/0 conf=21.1/19.3/0.0/0.0 dist=1191 begin=0/3339 m0=(84,119) ml=(60,93) md=41/1/93 cxcy=84.0,119.6 guide=20.75 atg=-60.0/-60.0/-60.0 pure=9.25/9.01 yaw=-1660 cmd=-1866 actual=-1558 signed=1 rps=6357/1243:5788/4444 duty=15/0 pwm=PWM2:15/PWM1:0 motor=2:15/1:0
ATGCorner: L=0@-1/0@-1 Y=0@-1/0@-1 farL=0@-1/0@-1 Lxy=-1.0,-1.0:-1.0,-1.0/-1.0,-1.0:-1.0,-1.0 Yxy=-1.0,-1.0:-1.0,-1.0/-1.0,-1.0:-1.0,-1.0 farLxy=-1.0,-1.0:-1.0,-1.0/-1.0,-1.0:-1.0,-1.0 best=5:59.4,108.2:30.9,83.3:21.1:10111/57:7.5,60.5:6.2,34.0:19.3:10111 seed_src=none/none seed=40.0,91.8/0.0,0.0 far_start=40,0 far_raw=0/0 far_num=0/0 straight=0/1 far_straight=0/0 conf_deg=21.1/19.3/0.0/0.0
CrossDiag: type=CROSS_NONE track=1 half_lr=0/0 nearL=0@-1/0@-1 nearNum=16/59 centerNum=16/59 farL=0@-1/0@-1 farNum=0/0 farRaw=0/0 lost=1/0 not_have=0 final=59/43 flags=0/0
LineErr: aim=41 cxcy=84.0,119.6 left=1:27.81@48,75 dx=-35.6 idx=0/15 dist=40/40 right=1:21.03@66,96 dx=-18.0 idx=7/26 dist=41/104 sel=1:27.92@57,93 dx=-26.6 idx=0/20 dist=40/84 edge=1:26.88@54.5,84.5 dx=-29.5 width=43.9 l=38,99 r=71,70
CxScan: raw_ref=80.0 edge=54.5,84.5 best_raw_x=5 best_err=0.71 best_cxcy=55.2,119.3 scan=0:-1.2,10:2.6,20:6.4,30:10.1,40:13.7,50:17.2,60:20.6,70:23.8,80:26.9,90:29.8,100:32.5,110:35.1,120:37.5,130:39.8,140:41.9
ATGSeedDiag: seed=1@41,108/1@155,99 begin=7,108 block=5 clip=8
ATGLptDiag: best=5(21.1) imip=0/15 pass=10111 acc=-1 ipm=59.4,108.2 inv=30.9,83.3 | 57(19.3) imip=47/58 pass=10111 acc=-1 ipm=7.5,60.5 inv=6.2,34.0
frame=417 line=1 track=1 cross=0 circle=5(CIRCLE_LEFT_RUNNING) round=0 yroad=0 ramp=0 road=6 speed=0 near=16/59 raw=53/153 sel=59/43 far=0/0 far_raw=0/0 l=0@-1/0@-1 far_l=0@-1/0@-1 straight=0/1 far_straight=0/0 circle_cnt=0/0/0/0 lost=1/0 conf=21.1/27.1/0.0/0.0 dist=1205 begin=0/3339 m0=(84,119) ml=(62,94) md=40/1/94 cxcy=84.0,119.6 guide=20.70 atg=-60.0/-60.0/-60.0 pure=9.29/9.08 yaw=-1656 cmd=-1832 actual=-1568 signed=1 rps=6311/1289:6129/4389 duty=15/0 pwm=PWM2:15/PWM1:0 motor=2:15/1:0
ATGCorner: L=0@-1/0@-1 Y=0@-1/0@-1 farL=0@-1/0@-1 Lxy=-1.0,-1.0:-1.0,-1.0/-1.0,-1.0:-1.0,-1.0 Yxy=-1.0,-1.0:-1.0,-1.0/-1.0,-1.0:-1.0,-1.0 farLxy=-1.0,-1.0:-1.0,-1.0/-1.0,-1.0:-1.0,-1.0 best=6:57.5,106.9:28.4,80.6:21.1:10111/57:7.2,60.9:5.7,34.2:27.1:10111 seed_src=none/none seed=40.0,91.8/0.0,0.0 far_start=40,0 far_raw=0/0 far_num=0/0 straight=0/1 far_straight=0/0 conf_deg=21.1/27.1/0.0/0.0
CrossDiag: type=CROSS_NONE track=1 half_lr=0/0 nearL=0@-1/0@-1 nearNum=16/59 centerNum=16/59 farL=0@-1/0@-1 farNum=0/0 farRaw=0/0 lost=1/0 not_have=0 final=59/43 flags=0/0
LineErr: aim=41 cxcy=84.0,119.6 left=1:27.99@48,75 dx=-35.9 idx=0/15 dist=40/40 right=1:21.15@66,96 dx=-18.1 idx=7/26 dist=40/103 sel=1:27.83@58,93 dx=-26.5 idx=0/20 dist=40/84 edge=1:26.88@54.5,84.5 dx=-29.5 width=43.9 l=38,99 r=71,70
CxScan: raw_ref=80.0 edge=54.5,84.5 best_raw_x=5 best_err=0.71 best_cxcy=55.2,119.3 scan=0:-1.2,10:2.6,20:6.4,30:10.1,40:13.7,50:17.2,60:20.6,70:23.8,80:26.9,90:29.8,100:32.5,110:35.1,120:37.5,130:39.8,140:41.9
ATGSeedDiag: seed=1@41,108/1@155,98 begin=7,108 block=5 clip=8
ATGLptDiag: best=6(21.1) imip=0/15 pass=10111 acc=-1 ipm=57.5,106.9 inv=28.4,80.6 | 57(27.1) imip=47/58 pass=10111 acc=-1 ipm=7.2,60.9 inv=5.7,34.2
frame=418 line=1 track=1 cross=0 circle=5(CIRCLE_LEFT_RUNNING) round=0 yroad=0 ramp=0 road=6 speed=0 near=16/59 raw=53/153 sel=59/42 far=0/0 far_raw=0/0 l=0@-1/0@-1 far_l=0@-1/0@-1 straight=0/1 far_straight=0/0 circle_cnt=0/0/0/0 lost=1/0 conf=21.1/18.5/0.0/0.0 dist=1220 begin=0/3339 m0=(84,119) ml=(61,94) md=40/1/92 cxcy=84.0,119.6 guide=20.95 atg=-60.0/-60.0/-60.0 pure=9.25/9.11 yaw=-1676 cmd=-1862 actual=-1583 signed=1 rps=6351/1249:6103/4215 duty=15/0 pwm=PWM2:15/PWM1:0 motor=2:15/1:0
ATGCorner: L=0@-1/0@-1 Y=0@-1/0@-1 farL=0@-1/0@-1 Lxy=-1.0,-1.0:-1.0,-1.0/-1.0,-1.0:-1.0,-1.0 Yxy=-1.0,-1.0:-1.0,-1.0/-1.0,-1.0:-1.0,-1.0 farLxy=-1.0,-1.0:-1.0,-1.0/-1.0,-1.0:-1.0,-1.0 best=6:57.4,106.9:28.3,80.6:21.1:10111/56:9.5,60.6:8.0,34.1:18.5:10111 seed_src=none/none seed=40.0,91.8/0.0,0.0 far_start=40,0 far_raw=0/0 far_num=0/0 straight=0/1 far_straight=0/0 conf_deg=21.1/18.5/0.0/0.0
CrossDiag: type=CROSS_NONE track=1 half_lr=0/0 nearL=0@-1/0@-1 nearNum=16/59 centerNum=16/59 farL=0@-1/0@-1 farNum=0/0 farRaw=0/0 lost=1/0 not_have=0 final=59/42 flags=0/0
LineErr: aim=41 cxcy=84.0,119.6 left=1:28.14@48,75 dx=-36.0 idx=0/15 dist=40/40 right=1:22.47@64,95 dx=-19.7 idx=8/27 dist=41/101 sel=1:28.10@57,92 dx=-27.1 idx=0/20 dist=40/82 edge=1:26.88@54.5,84.5 dx=-29.5 width=45.3 l=38,100 r=71,69
CxScan: raw_ref=80.0 edge=54.5,84.5 best_raw_x=5 best_err=0.71 best_cxcy=55.2,119.3 scan=0:-1.2,10:2.6,20:6.4,30:10.1,40:13.7,50:17.2,60:20.6,70:23.8,80:26.9,90:29.8,100:32.5,110:35.1,120:37.5,130:39.8,140:41.9
ATGSeedDiag: seed=1@41,108/1@155,98 begin=7,108 block=5 clip=8
ATGLptDiag: best=6(21.1) imip=0/15 pass=10111 acc=-1 ipm=57.4,106.9 inv=28.3,80.6 | 56(18.5) imip=46/58 pass=10111 acc=-1 ipm=9.5,60.6 inv=8.0,34.1
frame=419 line=1 track=1 cross=0 circle=5(CIRCLE_LEFT_RUNNING) round=0 yroad=0 ramp=0 road=6 speed=0 near=16/59 raw=52/153 sel=59/43 far=0/0 far_raw=0/0 l=0@-1/0@-1 far_l=0@-1/0@-1 straight=0/1 far_straight=0/0 circle_cnt=0/0/0/0 lost=1/0 conf=20.6/27.1/0.0/0.0 dist=1235 begin=0/3339 m0=(84,119) ml=(61,94) md=40/1/94 cxcy=84.0,119.6 guide=20.95 atg=-60.0/-60.0/-60.0 pure=9.25/9.10 yaw=-1676 cmd=-1820 actual=-1604 signed=1 rps=6294/1306:6423/4396 duty=14/0 pwm=PWM2:14/PWM1:0 motor=2:14/1:0
ATGCorner: L=0@-1/0@-1 Y=0@-1/0@-1 farL=0@-1/0@-1 Lxy=-1.0,-1.0:-1.0,-1.0/-1.0,-1.0:-1.0,-1.0 Yxy=-1.0,-1.0:-1.0,-1.0/-1.0,-1.0:-1.0,-1.0 farLxy=-1.0,-1.0:-1.0,-1.0/-1.0,-1.0:-1.0,-1.0 best=5:59.3,108.3:30.4,83.7:20.6:10111/57:7.3,60.9:5.7,34.2:27.1:10111 seed_src=none/none seed=40.0,91.8/0.0,0.0 far_start=40,0 far_raw=0/0 far_num=0/0 straight=0/1 far_straight=0/0 conf_deg=20.6/27.1/0.0/0.0
CrossDiag: type=CROSS_NONE track=1 half_lr=0/0 nearL=0@-1/0@-1 nearNum=16/59 centerNum=16/59 farL=0@-1/0@-1 farNum=0/0 farRaw=0/0 lost=1/0 not_have=0 final=59/43 flags=0/0
LineErr: aim=41 cxcy=84.0,119.6 left=1:28.24@48,75 dx=-36.2 idx=0/15 dist=40/40 right=1:22.44@64,95 dx=-19.7 idx=8/27 dist=41/102 sel=1:28.04@57,92 dx=-27.0 idx=0/20 dist=40/84 edge=1:26.88@54.5,84.5 dx=-29.5 width=45.3 l=38,100 r=71,69
CxScan: raw_ref=80.0 edge=54.5,84.5 best_raw_x=5 best_err=0.71 best_cxcy=55.2,119.3 scan=0:-1.2,10:2.6,20:6.4,30:10.1,40:13.7,50:17.2,60:20.6,70:23.8,80:26.9,90:29.8,100:32.5,110:35.1,120:37.5,130:39.8,140:41.9
ATGSeedDiag: seed=1@41,108/1@155,97 begin=7,108 block=5 clip=8
ATGLptDiag: best=5(20.6) imip=0/15 pass=10111 acc=-1 ipm=59.3,108.3 inv=30.4,83.7 | 57(27.1) imip=47/58 pass=10111 acc=-1 ipm=7.3,60.9 inv=5.7,34.2
frame=421 line=1 track=1 cross=0 circle=5(CIRCLE_LEFT_RUNNING) round=0 yroad=0 ramp=0 road=6 speed=0 near=16/59 raw=52/154 sel=59/42 far=0/0 far_raw=0/0 l=0@-1/0@-1 far_l=0@-1/0@-1 straight=0/1 far_straight=0/0 circle_cnt=0/0/0/0 lost=1/0 conf=22.0/19.1/0.0/0.0 dist=1265 begin=0/3339 m0=(84,119) ml=(59,93) md=41/1/91 cxcy=84.0,119.6 guide=21.43 atg=-60.0/-60.0/-60.0 pure=9.27/9.12 yaw=-1714 cmd=-1868 actual=-1637 signed=1 rps=6360/1240:6407/4785 duty=15/0 pwm=PWM2:15/PWM1:0 motor=2:15/1:0
ATGCorner: L=0@-1/0@-1 Y=0@-1/0@-1 farL=0@-1/0@-1 Lxy=-1.0,-1.0:-1.0,-1.0/-1.0,-1.0:-1.0,-1.0 Yxy=-1.0,-1.0:-1.0,-1.0/-1.0,-1.0:-1.0,-1.0 farLxy=-1.0,-1.0:-1.0,-1.0/-1.0,-1.0:-1.0,-1.0 best=5:59.0,108.2:30.0,83.5:22.0:10111/1:118.2,111.4:148.0,90.0:19.1:10111 seed_src=none/none seed=40.0,91.8/0.0,0.0 far_start=40,0 far_raw=0/0 far_num=0/0 straight=0/1 far_straight=0/0 conf_deg=22.0/19.1/0.0/0.0
CrossDiag: type=CROSS_NONE track=1 half_lr=0/0 nearL=0@-1/0@-1 nearNum=16/59 centerNum=16/59 farL=0@-1/0@-1 farNum=0/0 farRaw=0/0 lost=1/0 not_have=0 final=59/42 flags=0/0
LineErr: aim=41 cxcy=84.0,119.6 left=1:28.71@47,76 dx=-36.8 idx=0/15 dist=40/40 right=1:22.80@64,95 dx=-19.9 idx=8/27 dist=41/101 sel=1:28.64@56,92 dx=-27.6 idx=0/20 dist=40/82 edge=1:26.48@55.5,85.5 dx=-28.5 width=45.5 l=38,100 r=73,71
CxScan: raw_ref=80.0 edge=55.5,85.5 best_raw_x=5 best_err=-0.28 best_cxcy=55.2,119.3 scan=0:-2.2,10:1.6,20:5.5,30:9.3,40:13.0,50:16.6,60:20.0,70:23.3,80:26.5,90:29.5,100:32.3,110:34.9,120:37.4,130:39.7,140:41.9
ATGSeedDiag: seed=1@41,108/1@155,98 begin=7,108 block=5 clip=8
ATGLptDiag: best=5(22.0) imip=0/15 pass=10111 acc=-1 ipm=59.0,108.2 inv=30.0,83.5 | 1(19.1) imip=0/11 pass=10111 acc=-1 ipm=118.2,111.4 inv=148.0,90.0
frame=422 line=1 track=1 cross=0 circle=5(CIRCLE_LEFT_RUNNING) round=0 yroad=0 ramp=0 road=6 speed=0 near=16/58 raw=52/154 sel=58/41 far=0/0 far_raw=0/0 l=0@-1/0@-1 far_l=0@-1/0@-1 straight=0/1 far_straight=0/0 circle_cnt=0/0/0/0 lost=1/0 conf=21.4/21.0/0.0/0.0 dist=1280 begin=0/3339 m0=(84,119) ml=(58,93) md=41/1/89 cxcy=84.0,119.6 guide=22.40 atg=-60.0/-60.0/-60.0 pure=9.35/9.13 yaw=-1792 cmd=-2082 actual=-1648 signed=1 rps=6653/947:6393/5017 duty=16/0 pwm=PWM2:16/PWM1:0 motor=2:16/1:0
ATGCorner: L=0@-1/0@-1 Y=0@-1/0@-1 farL=0@-1/0@-1 Lxy=-1.0,-1.0:-1.0,-1.0/-1.0,-1.0:-1.0,-1.0 Yxy=-1.0,-1.0:-1.0,-1.0/-1.0,-1.0:-1.0,-1.0 farLxy=-1.0,-1.0:-1.0,-1.0/-1.0,-1.0:-1.0,-1.0 best=6:57.0,107.0:27.5,80.8:21.4:10111/56:9.3,61.0:7.4,34.3:21.0:10111 seed_src=none/none seed=40.0,91.8/0.0,0.0 far_start=40,0 far_raw=0/0 far_num=0/0 straight=0/1 far_straight=0/0 conf_deg=21.4/21.0/0.0/0.0
CrossDiag: type=CROSS_NONE track=1 half_lr=0/0 nearL=0@-1/0@-1 nearNum=16/58 centerNum=16/58 farL=0@-1/0@-1 farNum=0/0 farRaw=0/0 lost=1/0 not_have=0 final=58/41 flags=0/0
LineErr: aim=41 cxcy=84.0,119.6 left=1:28.75@47,76 dx=-36.9 idx=0/15 dist=40/40 right=1:22.89@64,96 dx=-19.9 idx=8/27 dist=40/100 sel=1:29.15@56,92 dx=-28.1 idx=0/20 dist=40/80 edge=1:26.48@55.5,85.5 dx=-28.5 width=45.5 l=38,100 r=73,71
CxScan: raw_ref=80.0 edge=55.5,85.5 best_raw_x=5 best_err=-0.28 best_cxcy=55.2,119.3 scan=0:-2.2,10:1.6,20:5.5,30:9.3,40:13.0,50:16.6,60:20.0,70:23.3,80:26.5,90:29.5,100:32.3,110:34.9,120:37.4,130:39.7,140:41.9
ATGSeedDiag: seed=1@41,108/1@155,98 begin=7,108 block=5 clip=8
ATGLptDiag: best=6(21.4) imip=0/15 pass=10111 acc=-1 ipm=57.0,107.0 inv=27.5,80.8 | 56(21.0) imip=46/57 pass=10111 acc=-1 ipm=9.3,61.0 inv=7.4,34.3
frame=423 line=1 track=1 cross=0 circle=5(CIRCLE_LEFT_RUNNING) round=0 yroad=0 ramp=0 road=6 speed=0 near=15/58 raw=51/154 sel=58/41 far=0/0 far_raw=0/0 l=0@-1/0@-1 far_l=0@-1/0@-1 straight=0/1 far_straight=0/0 circle_cnt=0/0/0/0 lost=1/0 conf=20.6/19.8/0.0/0.0 dist=1295 begin=0/3339 m0=(84,119) ml=(58,93) md=41/1/88 cxcy=84.0,119.6 guide=22.67 atg=-60.0/-60.0/-60.0 pure=9.47/9.26 yaw=-1814 cmd=-2100 actual=-1670 signed=1 rps=6679/921:5923/4760 duty=16/0 pwm=PWM2:16/PWM1:0 motor=2:16/1:0
ATGCorner: L=0@-1/0@-1 Y=0@-1/0@-1 farL=0@-1/0@-1 Lxy=-1.0,-1.0:-1.0,-1.0/-1.0,-1.0:-1.0,-1.0 Yxy=-1.0,-1.0:-1.0,-1.0/-1.0,-1.0:-1.0,-1.0 farLxy=-1.0,-1.0:-1.0,-1.0/-1.0,-1.0:-1.0,-1.0 best=4:60.8,109.7:31.9,86.9:20.6:10111/1:118.2,111.4:148.0,90.0:19.8:10111 seed_src=none/none seed=40.0,91.8/0.0,0.0 far_start=40,0 far_raw=0/0 far_num=0/0 straight=0/1 far_straight=0/0 conf_deg=20.6/19.8/0.0/0.0
CrossDiag: type=CROSS_NONE track=1 half_lr=0/0 nearL=0@-1/0@-1 nearNum=15/58 centerNum=15/58 farL=0@-1/0@-1 farNum=0/0 farRaw=0/0 lost=1/0 not_have=0 final=58/41 flags=0/0
LineErr: aim=41 cxcy=84.0,119.6 left=1:27.01@50,77 dx=-33.8 idx=0/14 dist=36/36 right=1:22.97@64,96 dx=-19.9 idx=8/27 dist=41/100 sel=1:29.39@56,93 dx=-28.2 idx=0/20 dist=40/80 edge=1:25.68@56.5,85.5 dx=-27.5 width=43.9 l=40,100 r=73,71
CxScan: raw_ref=80.0 edge=56.5,85.5 best_raw_x=10 best_err=0.65 best_cxcy=57.1,119.4 scan=0:-3.2,10:0.6,20:4.5,30:8.3,40:12.0,50:15.6,60:19.1,70:22.5,80:25.7,90:28.7,100:31.5,110:34.2,120:36.8,130:39.1,140:41.3
ATGSeedDiag: seed=1@41,108/1@155,98 begin=7,108 block=5 clip=8
ATGLptDiag: best=4(20.6) imip=0/14 pass=10111 acc=-1 ipm=60.8,109.7 inv=31.9,86.9 | 1(19.8) imip=0/11 pass=10111 acc=-1 ipm=118.2,111.4 inv=148.0,90.0
frame=424 line=1 track=1 cross=0 circle=5(CIRCLE_LEFT_RUNNING) round=0 yroad=0 ramp=0 road=6 speed=0 near=15/58 raw=51/153 sel=58/41 far=0/0 far_raw=0/0 l=0@-1/0@-1 far_l=0@-1/0@-1 straight=0/1 far_straight=0/0 circle_cnt=0/0/0/0 lost=1/0 conf=21.0/13.0/0.0/0.0 dist=1309 begin=0/3339 m0=(84,119) ml=(60,94) md=40/1/89 cxcy=84.0,119.6 guide=21.90 atg=-60.0/-60.0/-60.0 pure=9.47/9.27 yaw=-1752 cmd=-1850 actual=-1703 signed=1 rps=6335/1265:5952/4852 duty=15/0 pwm=PWM2:15/PWM1:0 motor=2:15/1:0
ATGCorner: L=0@-1/0@-1 Y=0@-1/0@-1 farL=0@-1/0@-1 Lxy=-1.0,-1.0:-1.0,-1.0/-1.0,-1.0:-1.0,-1.0 Yxy=-1.0,-1.0:-1.0,-1.0/-1.0,-1.0:-1.0,-1.0 farLxy=-1.0,-1.0:-1.0,-1.0/-1.0,-1.0:-1.0,-1.0 best=4:60.8,109.7:31.9,86.9:21.0:10111/2:117.5,109.0:142.0,84.0:13.0:10111 seed_src=none/none seed=40.0,91.8/0.0,0.0 far_start=40,0 far_raw=0/0 far_num=0/0 straight=0/1 far_straight=0/0 conf_deg=21.0/13.0/0.0/0.0
CrossDiag: type=CROSS_NONE track=1 half_lr=0/0 nearL=0@-1/0@-1 nearNum=15/58 centerNum=15/58 farL=0@-1/0@-1 farNum=0/0 farRaw=0/0 lost=1/0 not_have=0 final=58/41 flags=0/0
LineErr: aim=41 cxcy=84.0,119.6 left=1:27.19@50,77 dx=-34.0 idx=0/14 dist=36/36 right=1:23.12@64,96 dx=-20.0 idx=8/27 dist=41/100 sel=1:29.33@56,93 dx=-28.1 idx=0/20 dist=40/80 edge=1:26.28@56.0,86.0 dx=-28.0 width=43.9 l=40,101 r=72,71
CxScan: raw_ref=80.0 edge=56.0,86.0 best_raw_x=5 best_err=-0.79 best_cxcy=55.2,119.3 scan=0:-2.7,10:1.2,20:5.0,30:8.9,40:12.6,50:16.2,60:19.7,70:23.1,80:26.3,90:29.3,100:32.1,110:34.8,120:37.3,130:39.7,140:41.9
ATGSeedDiag: seed=1@41,108/1@155,98 begin=7,108 block=5 clip=8
ATGLptDiag: best=4(21.0) imip=0/14 pass=10111 acc=-1 ipm=60.8,109.7 inv=31.9,86.9 | 2(13.0) imip=0/12 pass=10111 acc=-1 ipm=117.5,109.0 inv=142.0,84.0
frame=425 line=1 track=1 cross=0 circle=5(CIRCLE_LEFT_RUNNING) round=0 yroad=0 ramp=0 road=6 speed=0 near=15/58 raw=50/153 sel=58/42 far=0/0 far_raw=0/0 l=0@-1/0@-1 far_l=0@-1/0@-1 straight=0/1 far_straight=0/0 circle_cnt=0/0/0/0 lost=1/0 conf=19.9/12.1/0.0/0.0 dist=1324 begin=0/3339 m0=(84,119) ml=(59,94) md=41/1/90 cxcy=84.0,119.6 guide=21.77 atg=-60.0/-60.0/-60.0 pure=9.58/9.23 yaw=-1742 cmd=-1768 actual=-1729 signed=1 rps=6224/1376:5716/4623 duty=15/0 pwm=PWM2:15/PWM1:0 motor=2:15/1:0
ATGCorner: L=0@-1/0@-1 Y=0@-1/0@-1 farL=0@-1/0@-1 Lxy=-1.0,-1.0:-1.0,-1.0/-1.0,-1.0:-1.0,-1.0 Yxy=-1.0,-1.0:-1.0,-1.0/-1.0,-1.0:-1.0,-1.0 farLxy=-1.0,-1.0:-1.0,-1.0/-1.0,-1.0:-1.0,-1.0 best=6:56.6,107.0:26.7,80.8:19.9:10111/2:117.5,109.0:142.0,84.0:12.1:10111 seed_src=none/none seed=40.0,91.8/0.0,0.0 far_start=40,0 far_raw=0/0 far_num=0/0 straight=0/1 far_straight=0/0 conf_deg=19.9/12.1/0.0/0.0
CrossDiag: type=CROSS_NONE track=1 half_lr=0/0 nearL=0@-1/0@-1 nearNum=15/58 centerNum=15/58 farL=0@-1/0@-1 farNum=0/0 farRaw=0/0 lost=1/0 not_have=0 final=58/42 flags=0/0
LineErr: aim=41 cxcy=84.0,119.6 left=1:27.57@49,77 dx=-34.6 idx=0/14 dist=36/36 right=1:21.91@65,97 dx=-18.6 idx=7/26 dist=41/102 sel=1:28.54@57,93 dx=-26.9 idx=0/20 dist=40/82 edge=1:26.07@56.5,86.5 dx=-27.5 width=45.5 l=39,101 r=74,72
CxScan: raw_ref=80.0 edge=56.5,86.5 best_raw_x=10 best_err=0.66 best_cxcy=57.1,119.4 scan=0:-3.3,10:0.7,20:4.6,30:8.4,40:12.2,50:15.9,60:19.5,70:22.8,80:26.1,90:29.1,100:32.0,110:34.7,120:37.2,130:39.6,140:41.8
ATGSeedDiag: seed=1@40,107/1@155,97 begin=7,108 block=5 clip=8
ATGLptDiag: best=6(19.9) imip=0/14 pass=10111 acc=-1 ipm=56.6,107.0 inv=26.7,80.8 | 2(12.1) imip=0/12 pass=10111 acc=-1 ipm=117.5,109.0 inv=142.0,84.0
frame=426 line=1 track=1 cross=0 circle=5(CIRCLE_LEFT_RUNNING) round=0 yroad=0 ramp=0 road=6 speed=0 near=15/58 raw=51/153 sel=58/41 far=0/0 far_raw=0/0 l=0@-1/0@-1 far_l=0@-1/0@-1 straight=0/1 far_straight=0/0 circle_cnt=0/0/0/0 lost=1/0 conf=20.8/15.5/0.0/0.0 dist=1339 begin=0/3339 m0=(84,119) ml=(58,93) md=42/1/89 cxcy=84.0,119.6 guide=21.62 atg=-60.0/-60.0/-60.0 pure=9.36/9.27 yaw=-1729 cmd=-1703 actual=-1742 signed=1 rps=6134/1466:6139/4814 duty=14/0 pwm=PWM2:14/PWM1:0 motor=2:14/1:0
ATGCorner: L=0@-1/0@-1 Y=0@-1/0@-1 farL=0@-1/0@-1 Lxy=-1.0,-1.0:-1.0,-1.0/-1.0,-1.0:-1.0,-1.0 Yxy=-1.0,-1.0:-1.0,-1.0/-1.0,-1.0:-1.0,-1.0 farLxy=-1.0,-1.0:-1.0,-1.0/-1.0,-1.0:-1.0,-1.0 best=4:60.7,109.8:31.6,87.0:20.8:10111/3:116.8,106.7:137.1,79.3:15.5:10111 seed_src=none/none seed=40.0,91.8/0.0,0.0 far_start=40,0 far_raw=0/0 far_num=0/0 straight=0/1 far_straight=0/0 conf_deg=20.8/15.5/0.0/0.0
CrossDiag: type=CROSS_NONE track=1 half_lr=0/0 nearL=0@-1/0@-1 nearNum=15/58 centerNum=15/58 farL=0@-1/0@-1 farNum=0/0 farRaw=0/0 lost=1/0 not_have=0 final=58/41 flags=0/0
LineErr: aim=41 cxcy=84.0,119.6 left=1:27.43@50,77 dx=-34.3 idx=0/14 dist=36/36 right=1:21.57@66,96 dx=-18.4 idx=8/26 dist=40/101 sel=1:28.91@56,93 dx=-27.7 idx=0/20 dist=40/80 edge=1:26.28@56.0,86.0 dx=-28.0 width=43.9 l=40,101 r=72,71
CxScan: raw_ref=80.0 edge=56.0,86.0 best_raw_x=5 best_err=-0.79 best_cxcy=55.2,119.3 scan=0:-2.7,10:1.2,20:5.0,30:8.9,40:12.6,50:16.2,60:19.7,70:23.1,80:26.3,90:29.3,100:32.1,110:34.8,120:37.3,130:39.7,140:41.9
ATGSeedDiag: seed=1@40,108/1@155,97 begin=7,108 block=5 clip=8
ATGLptDiag: best=4(20.8) imip=0/14 pass=10111 acc=-1 ipm=60.7,109.8 inv=31.6,87.0 | 3(15.5) imip=0/13 pass=10111 acc=-1 ipm=116.8,106.7 inv=137.1,79.3
frame=427 line=1 track=1 cross=0 circle=5(CIRCLE_LEFT_RUNNING) round=0 yroad=0 ramp=0 road=6 speed=0 near=15/58 raw=50/154 sel=58/42 far=0/0 far_raw=0/0 l=0@-1/0@-1 far_l=0@-1/0@-1 straight=0/0 far_straight=0/0 circle_cnt=0/0/0/0 lost=1/0 conf=21.1/20.3/0.0/0.0 dist=1354 begin=0/3339 m0=(84,119) ml=(62,95) md=40/1/92 cxcy=84.0,119.6 guide=20.79 atg=-60.0/-60.0/-60.0 pure=9.35/9.23 yaw=-1663 cmd=-1471 actual=-1759 signed=1 rps=5817/1783:6472/4894 duty=13/1 pwm=PWM2:13/PWM1:1 motor=2:13/1:1
ATGCorner: L=0@-1/0@-1 Y=0@-1/0@-1 farL=0@-1/0@-1 Lxy=-1.0,-1.0:-1.0,-1.0/-1.0,-1.0:-1.0,-1.0 Yxy=-1.0,-1.0:-1.0,-1.0/-1.0,-1.0:-1.0,-1.0 farLxy=-1.0,-1.0:-1.0,-1.0/-1.0,-1.0:-1.0,-1.0 best=4:60.6,109.7:31.5,87.0:21.1:10111/1:118.6,111.1:148.1,89.1:20.3:10111 seed_src=none/none seed=40.0,91.8/0.0,0.0 far_start=40,0 far_raw=0/0 far_num=0/0 straight=0/0 far_straight=0/0 conf_deg=21.1/20.3/0.0/0.0
CrossDiag: type=CROSS_NONE track=1 half_lr=0/0 nearL=0@-1/0@-1 nearNum=15/58 centerNum=15/58 farL=0@-1/0@-1 farNum=0/0 farRaw=0/0 lost=1/0 not_have=0 final=58/42 flags=0/0
LineErr: aim=41 cxcy=84.0,119.6 left=1:27.51@50,77 dx=-34.4 idx=0/14 dist=36/36 right=1:21.27@66,96 dx=-18.1 idx=7/26 dist=41/102 sel=1:27.76@58,93 dx=-26.2 idx=0/20 dist=40/82 edge=1:25.66@57.0,86.5 dx=-27.0 width=46.2 l=39,101 r=75,72
CxScan: raw_ref=80.0 edge=57.0,86.5 best_raw_x=10 best_err=0.15 best_cxcy=57.1,119.4 scan=0:-3.8,10:0.1,20:4.1,30:7.9,40:11.7,50:15.4,60:19.0,70:22.4,80:25.7,90:28.7,100:31.6,110:34.4,120:36.9,130:39.3,140:41.5
ATGSeedDiag: seed=1@40,108/1@155,97 begin=7,108 block=5 clip=8
ATGLptDiag: best=4(21.1) imip=0/14 pass=10111 acc=-1 ipm=60.6,109.7 inv=31.5,87.0 | 1(20.3) imip=0/11 pass=10111 acc=-1 ipm=118.6,111.1 inv=148.1,89.1
frame=428 line=1 track=1 cross=0 circle=5(CIRCLE_LEFT_RUNNING) round=0 yroad=0 ramp=0 road=6 speed=0 near=15/58 raw=50/153 sel=58/42 far=0/0 far_raw=0/0 l=0@-1/0@-1 far_l=0@-1/0@-1 straight=0/1 far_straight=0/0 circle_cnt=0/0/0/0 lost=1/0 conf=21.9/15.4/0.0/0.0 dist=1369 begin=0/3339 m0=(84,119) ml=(59,93) md=41/1/91 cxcy=84.0,119.6 guide=21.43 atg=-60.0/-60.0/-60.0 pure=9.28/9.20 yaw=-1714 cmd=-1578 actual=-1782 signed=1 rps=5963/1637:6288/4549 duty=13/1 pwm=PWM2:13/PWM1:1 motor=2:13/1:1
ATGCorner: L=0@-1/0@-1 Y=0@-1/0@-1 farL=0@-1/0@-1 Lxy=-1.0,-1.0:-1.0,-1.0/-1.0,-1.0:-1.0,-1.0 Yxy=-1.0,-1.0:-1.0,-1.0/-1.0,-1.0:-1.0,-1.0 farLxy=-1.0,-1.0:-1.0,-1.0/-1.0,-1.0:-1.0,-1.0 best=4:60.4,109.7:31.2,86.9:21.9:10111/55:11.4,60.7:9.6,34.1:15.4:10111 seed_src=none/none seed=40.0,91.8/0.0,0.0 far_start=40,0 far_raw=0/0 far_num=0/0 straight=0/1 far_straight=0/0 conf_deg=21.9/15.4/0.0/0.0
CrossDiag: type=CROSS_NONE track=1 half_lr=0/0 nearL=0@-1/0@-1 nearNum=15/58 centerNum=15/58 farL=0@-1/0@-1 farNum=0/0 farRaw=0/0 lost=1/0 not_have=0 final=58/42 flags=0/0
LineErr: aim=41 cxcy=84.0,119.6 left=1:27.75@49,77 dx=-34.7 idx=0/14 dist=36/36 right=1:21.43@66,96 dx=-18.3 idx=8/26 dist=41/102 sel=1:28.60@57,93 dx=-27.3 idx=0/20 dist=40/82 edge=1:25.02@58.0,87.0 dx=-26.0 width=47.2 l=39,101 r=77,73
CxScan: raw_ref=80.0 edge=58.0,87.0 best_raw_x=10 best_err=-0.88 best_cxcy=57.1,119.4 scan=0:-4.8,10:-0.9,20:3.1,30:7.0,40:10.9,50:14.6,60:18.2,70:21.7,80:25.0,90:28.2,100:31.1,110:33.9,120:36.5,130:38.9,140:41.2
ATGSeedDiag: seed=1@40,108/1@155,97 begin=7,108 block=5 clip=8
ATGLptDiag: best=4(21.9) imip=0/14 pass=10111 acc=-1 ipm=60.4,109.7 inv=31.2,86.9 | 55(15.4) imip=45/57 pass=10111 acc=-1 ipm=11.4,60.7 inv=9.6,34.1
frame=429 line=1 track=1 cross=0 circle=5(CIRCLE_LEFT_RUNNING) round=0 yroad=0 ramp=0 road=6 speed=0 near=15/58 raw=50/154 sel=58/42 far=0/0 far_raw=0/0 l=0@-1/0@-1 far_l=0@-1/0@-1 straight=0/0 far_straight=0/0 circle_cnt=0/0/0/0 lost=1/0 conf=21.9/21.3/0.0/0.0 dist=1384 begin=0/3339 m0=(84,119) ml=(62,94) md=40/1/92 cxcy=84.0,119.6 guide=20.84 atg=-60.0/-60.0/-60.0 pure=9.35/9.14 yaw=-1667 cmd=-1390 actual=-1806 signed=1 rps=5705/1895:6623/4594 duty=12/1 pwm=PWM2:12/PWM1:1 motor=2:12/1:1
ATGCorner: L=0@-1/0@-1 Y=0@-1/0@-1 farL=0@-1/0@-1 Lxy=-1.0,-1.0:-1.0,-1.0/-1.0,-1.0:-1.0,-1.0 Yxy=-1.0,-1.0:-1.0,-1.0/-1.0,-1.0:-1.0,-1.0 farLxy=-1.0,-1.0:-1.0,-1.0/-1.0,-1.0:-1.0,-1.0 best=4:60.4,109.7:31.2,86.9:21.9:10111/56:9.3,61.0:7.5,34.3:21.3:10111 seed_src=none/none seed=40.0,91.8/0.0,0.0 far_start=40,0 far_raw=0/0 far_num=0/0 straight=0/0 far_straight=0/0 conf_deg=21.9/21.3/0.0/0.0
CrossDiag: type=CROSS_NONE track=1 half_lr=0/0 nearL=0@-1/0@-1 nearNum=15/58 centerNum=15/58 farL=0@-1/0@-1 farNum=0/0 farRaw=0/0 lost=1/0 not_have=0 final=58/42 flags=0/0
LineErr: aim=41 cxcy=84.0,119.6 left=1:27.76@49,77 dx=-34.8 idx=0/14 dist=36/36 right=1:19.99@67,97 dx=-16.6 idx=7/25 dist=40/103 sel=1:27.87@58,93 dx=-26.3 idx=0/20 dist=40/82 edge=1:25.66@57.0,86.5 dx=-27.0 width=46.2 l=39,101 r=75,72
CxScan: raw_ref=80.0 edge=57.0,86.5 best_raw_x=10 best_err=0.15 best_cxcy=57.1,119.4 scan=0:-3.8,10:0.1,20:4.1,30:7.9,40:11.7,50:15.4,60:19.0,70:22.4,80:25.7,90:28.7,100:31.6,110:34.4,120:36.9,130:39.3,140:41.5
ATGSeedDiag: seed=1@40,108/1@155,97 begin=7,108 block=5 clip=8
ATGLptDiag: best=4(21.9) imip=0/14 pass=10111 acc=-1 ipm=60.4,109.7 inv=31.2,86.9 | 56(21.3) imip=46/57 pass=10111 acc=-1 ipm=9.3,61.0 inv=7.5,34.3
frame=430 line=1 track=1 cross=0 circle=5(CIRCLE_LEFT_RUNNING) round=0 yroad=0 ramp=0 road=6 speed=0 near=15/58 raw=50/153 sel=58/41 far=0/0 far_raw=0/0 l=0@-1/0@-1 far_l=0@-1/0@-1 straight=0/1 far_straight=0/0 circle_cnt=0/0/0/0 lost=1/0 conf=21.7/12.0/0.0/0.0 dist=1399 begin=0/3339 m0=(84,119) ml=(60,94) md=40/1/89 cxcy=84.0,119.6 guide=21.66 atg=-60.0/-60.0/-60.0 pure=9.48/9.24 yaw=-1733 cmd=-1560 actual=-1820 signed=1 rps=5938/1662:6350/4318 duty=13/1 pwm=PWM2:13/PWM1:1 motor=2:13/1:1
ATGCorner: L=0@-1/0@-1 Y=0@-1/0@-1 farL=0@-1/0@-1 Lxy=-1.0,-1.0:-1.0,-1.0/-1.0,-1.0:-1.0,-1.0 Yxy=-1.0,-1.0:-1.0,-1.0/-1.0,-1.0:-1.0,-1.0 farLxy=-1.0,-1.0:-1.0,-1.0/-1.0,-1.0:-1.0,-1.0 best=4:60.4,109.7:31.1,87.0:21.7:10111/2:117.5,109.0:142.0,84.0:12.0:10111 seed_src=none/none seed=40.0,91.8/0.0,0.0 far_start=40,0 far_raw=0/0 far_num=0/0 straight=0/1 far_straight=0/0 conf_deg=21.7/12.0/0.0/0.0
CrossDiag: type=CROSS_NONE track=1 half_lr=0/0 nearL=0@-1/0@-1 nearNum=15/58 centerNum=15/58 farL=0@-1/0@-1 farNum=0/0 farRaw=0/0 lost=1/0 not_have=0 final=58/41 flags=0/0
LineErr: aim=41 cxcy=84.0,119.6 left=1:27.88@49,77 dx=-34.9 idx=0/14 dist=36/36 right=1:21.65@66,96 dx=-18.5 idx=8/26 dist=40/101 sel=1:29.01@56,92 dx=-27.9 idx=0/20 dist=40/80 edge=1:26.68@55.5,86.0 dx=-28.5 width=44.6 l=39,101 r=72,71
CxScan: raw_ref=80.0 edge=55.5,86.0 best_raw_x=5 best_err=-0.28 best_cxcy=55.2,119.3 scan=0:-2.2,10:1.7,20:5.5,30:9.4,40:13.1,50:16.7,60:20.2,70:23.5,80:26.7,90:29.7,100:32.5,110:35.1,120:37.6,130:40.0,140:42.1
ATGSeedDiag: seed=1@40,108/1@155,97 begin=7,108 block=5 clip=8
ATGLptDiag: best=4(21.7) imip=0/14 pass=10111 acc=-1 ipm=60.4,109.7 inv=31.1,87.0 | 2(12.0) imip=0/12 pass=10111 acc=-1 ipm=117.5,109.0 inv=142.0,84.0
frame=431 line=1 track=1 cross=0 circle=5(CIRCLE_LEFT_RUNNING) round=0 yroad=0 ramp=0 road=6 speed=0 near=15/58 raw=50/153 sel=58/42 far=0/0 far_raw=0/0 l=0@-1/0@-1 far_l=0@-1/0@-1 straight=0/1 far_straight=0/0 circle_cnt=0/0/0/0 lost=1/0 conf=13.4/13.2/0.0/0.0 dist=1414 begin=0/3339 m0=(84,119) ml=(59,94) md=41/1/90 cxcy=84.0,119.6 guide=22.41 atg=-60.0/-60.0/-60.0 pure=9.56/9.23 yaw=-1793 cmd=-1739 actual=-1820 signed=1 rps=6183/1417:6486/4417 duty=14/0 pwm=PWM2:14/PWM1:0 motor=2:14/1:0
ATGCorner: L=0@-1/0@-1 Y=0@-1/0@-1 farL=0@-1/0@-1 Lxy=-1.0,-1.0:-1.0,-1.0/-1.0,-1.0:-1.0,-1.0 Yxy=-1.0,-1.0:-1.0,-1.0/-1.0,-1.0:-1.0,-1.0 farLxy=-1.0,-1.0:-1.0,-1.0/-1.0,-1.0:-1.0,-1.0 best=1:65.6,114.4:37.5,99.5:13.4:10111/10:106.8,93.8:107.9,59.0:13.2:10111 seed_src=none/none seed=40.0,91.8/0.0,0.0 far_start=40,0 far_raw=0/0 far_num=0/0 straight=0/1 far_straight=0/0 conf_deg=13.4/13.2/0.0/0.0
CrossDiag: type=CROSS_NONE track=1 half_lr=0/0 nearL=0@-1/0@-1 nearNum=15/58 centerNum=15/58 farL=0@-1/0@-1 farNum=0/0 farRaw=0/0 lost=1/0 not_have=0 final=58/42 flags=0/0
LineErr: aim=41 cxcy=84.0,119.6 left=1:27.87@49,77 dx=-34.9 idx=0/14 dist=36/36 right=1:20.45@67,97 dx=-17.0 idx=7/25 dist=40/103 sel=1:28.50@57,93 dx=-26.9 idx=0/20 dist=40/82 edge=1:26.07@56.5,86.5 dx=-27.5 width=45.5 l=39,101 r=74,72
CxScan: raw_ref=80.0 edge=56.5,86.5 best_raw_x=10 best_err=0.66 best_cxcy=57.1,119.4 scan=0:-3.3,10:0.7,20:4.6,30:8.4,40:12.2,50:15.9,60:19.5,70:22.8,80:26.1,90:29.1,100:32.0,110:34.7,120:37.2,130:39.6,140:41.8
ATGSeedDiag: seed=1@40,108/1@155,97 begin=7,108 block=5 clip=8
ATGLptDiag: best=1(13.4) imip=0/11 pass=10111 acc=-1 ipm=65.6,114.4 inv=37.5,99.5 | 10(13.2) imip=0/20 pass=10111 acc=-1 ipm=106.8,93.8 inv=107.9,59.0
frame=432 line=1 track=1 cross=0 circle=5(CIRCLE_LEFT_RUNNING) round=0 yroad=0 ramp=0 road=6 speed=0 near=15/58 raw=50/153 sel=58/41 far=0/0 far_raw=0/0 l=0@-1/0@-1 far_l=0@-1/0@-1 straight=0/1 far_straight=0/0 circle_cnt=0/0/0/0 lost=1/0 conf=20.1/13.2/0.0/0.0 dist=1429 begin=0/3339 m0=(84,119) ml=(60,94) md=40/1/89 cxcy=84.0,119.6 guide=22.04 atg=-60.0/-60.0/-60.0 pure=9.53/9.24 yaw=-1763 cmd=-1633 actual=-1828 signed=1 rps=6038/1562:6091/4338 duty=14/0 pwm=PWM2:14/PWM1:0 motor=2:14/1:0
ATGCorner: L=0@-1/0@-1 Y=0@-1/0@-1 farL=0@-1/0@-1 Lxy=-1.0,-1.0:-1.0,-1.0/-1.0,-1.0:-1.0,-1.0 Yxy=-1.0,-1.0:-1.0,-1.0/-1.0,-1.0:-1.0,-1.0 farLxy=-1.0,-1.0:-1.0,-1.0/-1.0,-1.0:-1.0,-1.0 best=4:60.5,109.9:31.1,87.3:20.1:10111/10:106.8,93.8:107.9,58.9:13.2:10111 seed_src=none/none seed=40.0,91.8/0.0,0.0 far_start=40,0 far_raw=0/0 far_num=0/0 straight=0/1 far_straight=0/0 conf_deg=20.1/13.2/0.0/0.0
CrossDiag: type=CROSS_NONE track=1 half_lr=0/0 nearL=0@-1/0@-1 nearNum=15/58 centerNum=15/58 farL=0@-1/0@-1 farNum=0/0 farRaw=0/0 lost=1/0 not_have=0 final=58/41 flags=0/0
LineErr: aim=41 cxcy=84.0,119.6 left=1:27.78@49,77 dx=-34.7 idx=0/14 dist=36/36 right=1:23.50@64,96 dx=-20.4 idx=8/27 dist=41/100 sel=1:29.42@56,93 dx=-28.2 idx=0/20 dist=40/80 edge=1:26.68@55.5,86.0 dx=-28.5 width=44.6 l=39,101 r=72,71
CxScan: raw_ref=80.0 edge=55.5,86.0 best_raw_x=5 best_err=-0.28 best_cxcy=55.2,119.3 scan=0:-2.2,10:1.7,20:5.5,30:9.4,40:13.1,50:16.7,60:20.2,70:23.5,80:26.7,90:29.7,100:32.5,110:35.1,120:37.6,130:40.0,140:42.1
ATGSeedDiag: seed=1@40,108/1@155,97 begin=7,108 block=5 clip=8
ATGLptDiag: best=4(20.1) imip=0/14 pass=10111 acc=-1 ipm=60.5,109.9 inv=31.1,87.3 | 10(13.2) imip=0/20 pass=10111 acc=-1 ipm=106.8,93.8 inv=107.9,58.9
frame=433 line=1 track=1 cross=0 circle=5(CIRCLE_LEFT_RUNNING) round=0 yroad=0 ramp=0 road=6 speed=0 near=15/58 raw=49/153 sel=58/41 far=0/0 far_raw=0/0 l=0@-1/0@-1 far_l=0@-1/0@-1 straight=0/1 far_straight=0/0 circle_cnt=0/0/0/0 lost=1/0 conf=20.5/13.5/0.0/0.0 dist=1443 begin=0/3339 m0=(84,119) ml=(60,94) md=40/1/89 cxcy=84.0,119.6 guide=22.09 atg=-60.0/-60.0/-60.0 pure=9.57/9.26 yaw=-1767 cmd=-1637 actual=-1832 signed=1 rps=6043/1557:6036/4641 duty=14/0 pwm=PWM2:14/PWM1:0 motor=2:14/1:0
ATGCorner: L=0@-1/0@-1 Y=0@-1/0@-1 farL=0@-1/0@-1 Lxy=-1.0,-1.0:-1.0,-1.0/-1.0,-1.0:-1.0,-1.0 Yxy=-1.0,-1.0:-1.0,-1.0/-1.0,-1.0:-1.0,-1.0 farLxy=-1.0,-1.0:-1.0,-1.0/-1.0,-1.0:-1.0,-1.0 best=4:60.5,109.9:31.1,87.4:20.5:10111/53:15.7,60.5:13.6,34.0:13.5:10111 seed_src=none/none seed=40.0,91.8/0.0,0.0 far_start=40,0 far_raw=0/0 far_num=0/0 straight=0/1 far_straight=0/0 conf_deg=20.5/13.5/0.0/0.0
CrossDiag: type=CROSS_NONE track=1 half_lr=0/0 nearL=0@-1/0@-1 nearNum=15/58 centerNum=15/58 farL=0@-1/0@-1 farNum=0/0 farRaw=0/0 lost=1/0 not_have=0 final=58/41 flags=0/0
LineErr: aim=41 cxcy=84.0,119.6 left=1:28.02@49,77 dx=-35.0 idx=0/14 dist=36/36 right=1:21.94@65,97 dx=-18.6 idx=8/26 dist=40/101 sel=1:29.39@56,93 dx=-28.2 idx=0/20 dist=40/80 edge=1:27.28@54.5,85.5 dx=-29.5 width=43.8 l=39,101 r=70,70
CxScan: raw_ref=80.0 edge=54.5,85.5 best_raw_x=5 best_err=0.72 best_cxcy=55.2,119.3 scan=0:-1.2,10:2.7,20:6.5,30:10.3,40:13.9,50:17.5,60:20.9,70:24.2,80:27.3,90:30.2,100:33.0,110:35.6,120:38.0,130:40.3,140:42.4
ATGSeedDiag: seed=1@40,108/1@155,97 begin=7,108 block=5 clip=8
ATGLptDiag: best=4(20.5) imip=0/14 pass=10111 acc=-1 ipm=60.5,109.9 inv=31.1,87.4 | 53(13.5) imip=43/57 pass=10111 acc=-1 ipm=15.7,60.5 inv=13.6,34.0
frame=434 line=1 track=1 cross=0 circle=5(CIRCLE_LEFT_RUNNING) round=0 yroad=0 ramp=0 road=6 speed=0 near=15/58 raw=49/153 sel=58/41 far=0/0 far_raw=0/0 l=0@-1/0@-1 far_l=0@-1/0@-1 straight=0/1 far_straight=0/0 circle_cnt=0/0/0/0 lost=1/0 conf=20.5/12.8/0.0/0.0 dist=1458 begin=0/3339 m0=(84,119) ml=(60,94) md=40/1/89 cxcy=84.0,119.6 guide=21.81 atg=-60.0/-60.0/-60.0 pure=9.60/9.27 yaw=-1745 cmd=-1577 actual=-1828 signed=1 rps=5962/1638:5758/4721 duty=14/0 pwm=PWM2:14/PWM1:0 motor=2:14/1:0
ATGCorner: L=0@-1/0@-1 Y=0@-1/0@-1 farL=0@-1/0@-1 Lxy=-1.0,-1.0:-1.0,-1.0/-1.0,-1.0:-1.0,-1.0 Yxy=-1.0,-1.0:-1.0,-1.0/-1.0,-1.0:-1.0,-1.0 farLxy=-1.0,-1.0:-1.0,-1.0/-1.0,-1.0:-1.0,-1.0 best=4:60.4,109.9:31.1,87.4:20.5:10111/5:114.2,102.8:127.3,71.9:12.8:10111 seed_src=none/none seed=40.0,91.8/0.0,0.0 far_start=40,0 far_raw=0/0 far_num=0/0 straight=0/1 far_straight=0/0 conf_deg=20.5/12.8/0.0/0.0
CrossDiag: type=CROSS_NONE track=1 half_lr=0/0 nearL=0@-1/0@-1 nearNum=15/58 centerNum=15/58 farL=0@-1/0@-1 farNum=0/0 farRaw=0/0 lost=1/0 not_have=0 final=58/41 flags=0/0
LineErr: aim=41 cxcy=84.0,119.6 left=1:28.04@49,77 dx=-35.0 idx=0/14 dist=36/36 right=1:23.06@64,96 dx=-20.0 idx=8/27 dist=41/100 sel=1:29.30@56,93 dx=-28.0 idx=0/20 dist=40/80 edge=1:26.68@55.5,86.0 dx=-28.5 width=44.6 l=39,101 r=72,71
CxScan: raw_ref=80.0 edge=55.5,86.0 best_raw_x=5 best_err=-0.28 best_cxcy=55.2,119.3 scan=0:-2.2,10:1.7,20:5.5,30:9.4,40:13.1,50:16.7,60:20.2,70:23.5,80:26.7,90:29.7,100:32.5,110:35.1,120:37.6,130:40.0,140:42.1
ATGSeedDiag: seed=1@40,108/1@155,97 begin=7,108 block=5 clip=8
ATGLptDiag: best=4(20.5) imip=0/14 pass=10111 acc=-1 ipm=60.4,109.9 inv=31.1,87.4 | 5(12.8) imip=0/15 pass=10111 acc=-1 ipm=114.2,102.8 inv=127.3,71.9
frame=435 line=1 track=1 cross=0 circle=5(CIRCLE_LEFT_RUNNING) round=0 yroad=0 ramp=0 road=6 speed=0 near=15/58 raw=49/153 sel=58/42 far=0/0 far_raw=0/0 l=0@-1/0@-1 far_l=0@-1/0@-1 straight=0/1 far_straight=0/0 circle_cnt=0/0/0/0 lost=1/0 conf=20.2/13.3/0.0/0.0 dist=1473 begin=0/3339 m0=(84,119) ml=(59,93) md=41/1/91 cxcy=84.0,119.6 guide=21.52 atg=-60.0/-60.0/-60.0 pure=9.57/9.20 yaw=-1722 cmd=-1507 actual=-1829 signed=1 rps=5865/1735:5961/4970 duty=13/0 pwm=PWM2:13/PWM1:0 motor=2:13/1:0
ATGCorner: L=0@-1/0@-1 Y=0@-1/0@-1 farL=0@-1/0@-1 Lxy=-1.0,-1.0:-1.0,-1.0/-1.0,-1.0:-1.0,-1.0 Yxy=-1.0,-1.0:-1.0,-1.0/-1.0,-1.0:-1.0,-1.0 farLxy=-1.0,-1.0:-1.0,-1.0/-1.0,-1.0:-1.0,-1.0 best=4:60.4,110.0:31.0,87.5:20.2:10111/8:110.1,97.0:115.1,63.0:13.3:10111 seed_src=none/none seed=40.0,91.8/0.0,0.0 far_start=40,0 far_raw=0/0 far_num=0/0 straight=0/1 far_straight=0/0 conf_deg=20.2/13.3/0.0/0.0
CrossDiag: type=CROSS_NONE track=1 half_lr=0/0 nearL=0@-1/0@-1 nearNum=15/58 centerNum=15/58 farL=0@-1/0@-1 farNum=0/0 farRaw=0/0 lost=1/0 not_have=0 final=58/42 flags=0/0
LineErr: aim=41 cxcy=84.0,119.6 left=1:28.11@49,77 dx=-35.1 idx=0/14 dist=36/36 right=1:21.98@65,96 dx=-18.7 idx=8/26 dist=41/102 sel=1:29.03@56,93 dx=-27.7 idx=0/20 dist=40/82 edge=1:27.28@54.5,85.5 dx=-29.5 width=43.8 l=39,101 r=70,70
CxScan: raw_ref=80.0 edge=54.5,85.5 best_raw_x=5 best_err=0.72 best_cxcy=55.2,119.3 scan=0:-1.2,10:2.7,20:6.5,30:10.3,40:13.9,50:17.5,60:20.9,70:24.2,80:27.3,90:30.2,100:33.0,110:35.6,120:38.0,130:40.3,140:42.4
ATGSeedDiag: seed=1@40,108/1@155,97 begin=7,108 block=5 clip=8
ATGLptDiag: best=4(20.2) imip=0/14 pass=10111 acc=-1 ipm=60.4,110.0 inv=31.0,87.5 | 8(13.3) imip=0/18 pass=10111 acc=-1 ipm=110.1,97.0 inv=115.1,63.0
frame=437 line=1 track=1 cross=0 circle=5(CIRCLE_LEFT_RUNNING) round=0 yroad=0 ramp=0 road=6 speed=0 near=14/58 raw=49/153 sel=58/42 far=0/0 far_raw=0/0 l=0@-1/0@-1 far_l=0@-1/0@-1 straight=0/1 far_straight=0/0 circle_cnt=0/0/0/0 lost=1/0 conf=20.7/28.8/0.0/0.0 dist=1504 begin=0/3339 m0=(84,119) ml=(60,95) md=40/1/92 cxcy=84.0,119.6 guide=21.86 atg=-60.0/-60.0/-60.0 pure=9.63/9.31 yaw=-1748 cmd=-1582 actual=-1832 signed=1 rps=5968/1632:6198/4789 duty=13/0 pwm=PWM2:13/PWM1:0 motor=2:13/1:0
ATGCorner: L=0@-1/0@-1 Y=0@-1/0@-1 farL=0@-1/0@-1 Lxy=-1.0,-1.0:-1.0,-1.0/-1.0,-1.0:-1.0,-1.0 Yxy=-1.0,-1.0:-1.0,-1.0/-1.0,-1.0:-1.0,-1.0 farLxy=-1.0,-1.0:-1.0,-1.0/-1.0,-1.0:-1.0,-1.0 best=3:62.0,111.3:32.9,90.9:20.7:10111/56:8.5,62.7:5.5,35.1:28.8:10111 seed_src=none/none seed=40.0,91.8/0.0,0.0 far_start=40,0 far_raw=0/0 far_num=0/0 straight=0/1 far_straight=0/0 conf_deg=20.7/28.8/0.0/0.0
CrossDiag: type=CROSS_NONE track=1 half_lr=0/0 nearL=0@-1/0@-1 nearNum=14/58 centerNum=14/58 farL=0@-1/0@-1 farNum=0/0 farRaw=0/0 lost=1/0 not_have=0 final=58/42 flags=0/0
LineErr: aim=41 cxcy=84.0,119.6 left=1:26.61@52,78 dx=-32.4 idx=0/13 dist=32/32 right=1:23.27@64,96 dx=-20.1 idx=8/27 dist=41/100 sel=1:29.37@56,93 dx=-28.0 idx=0/20 dist=40/82 edge=1:26.07@56.5,86.5 dx=-27.5 width=43.8 l=41,102 r=72,71
CxScan: raw_ref=80.0 edge=56.5,86.5 best_raw_x=10 best_err=0.66 best_cxcy=57.1,119.4 scan=0:-3.3,10:0.7,20:4.6,30:8.4,40:12.2,50:15.9,60:19.5,70:22.8,80:26.1,90:29.1,100:32.0,110:34.7,120:37.2,130:39.6,140:41.8
ATGSeedDiag: seed=1@40,108/1@155,97 begin=7,108 block=5 clip=8
ATGLptDiag: best=3(20.7) imip=0/13 pass=10111 acc=-1 ipm=62.0,111.3 inv=32.9,90.9 | 56(28.8) imip=46/57 pass=10111 acc=-1 ipm=8.5,62.7 inv=5.5,35.1
frame=438 line=1 track=1 cross=0 circle=5(CIRCLE_LEFT_RUNNING) round=0 yroad=0 ramp=0 road=6 speed=0 near=14/57 raw=48/153 sel=57/41 far=0/0 far_raw=0/0 l=0@-1/0@-1 far_l=0@-1/0@-1 straight=0/1 far_straight=0/0 circle_cnt=0/0/0/0 lost=1/0 conf=15.2/19.6/0.0/0.0 dist=1520 begin=0/3339 m0=(84,119) ml=(60,95) md=40/1/90 cxcy=84.0,119.6 guide=22.24 atg=-60.0/-60.0/-60.0 pure=9.63/9.43 yaw=-1779 cmd=-1692 actual=-1823 signed=1 rps=6119/1481:6517/4943 duty=14/0 pwm=PWM2:14/PWM1:0 motor=2:14/1:0
ATGCorner: L=0@-1/0@-1 Y=0@-1/0@-1 farL=0@-1/0@-1 Lxy=-1.0,-1.0:-1.0,-1.0/-1.0,-1.0:-1.0,-1.0 Yxy=-1.0,-1.0:-1.0,-1.0/-1.0,-1.0:-1.0,-1.0 farLxy=-1.0,-1.0:-1.0,-1.0/-1.0,-1.0:-1.0,-1.0 best=2:63.8,112.8:35.1,94.9:15.2:10111/55:10.7,63.1:7.2,35.3:19.6:10111 seed_src=none/none seed=40.0,91.8/0.0,0.0 far_start=40,0 far_raw=0/0 far_num=0/0 straight=0/1 far_straight=0/0 conf_deg=15.2/19.6/0.0/0.0
CrossDiag: type=CROSS_NONE track=1 half_lr=0/0 nearL=0@-1/0@-1 nearNum=14/57 centerNum=14/57 farL=0@-1/0@-1 farNum=0/0 farRaw=0/0 lost=1/0 not_have=0 final=57/41 flags=0/0
LineErr: aim=41 cxcy=84.0,119.6 left=1:26.79@51,78 dx=-32.6 idx=0/13 dist=32/32 right=1:23.51@64,96 dx=-20.2 idx=8/27 dist=41/98 sel=1:29.83@56,93 dx=-28.2 idx=0/20 dist=40/80 edge=1:26.07@56.5,86.5 dx=-27.5 width=43.8 l=41,102 r=72,71
CxScan: raw_ref=80.0 edge=56.5,86.5 best_raw_x=10 best_err=0.66 best_cxcy=57.1,119.4 scan=0:-3.3,10:0.7,20:4.6,30:8.4,40:12.2,50:15.9,60:19.5,70:22.8,80:26.1,90:29.1,100:32.0,110:34.7,120:37.2,130:39.6,140:41.8
ATGSeedDiag: seed=1@40,108/1@155,97 begin=7,108 block=5 clip=8
ATGLptDiag: best=2(15.2) imip=0/12 pass=10111 acc=-1 ipm=63.8,112.8 inv=35.1,94.9 | 55(19.6) imip=45/56 pass=10111 acc=-1 ipm=10.7,63.1 inv=7.2,35.3
frame=439 line=1 track=1 cross=0 circle=5(CIRCLE_LEFT_RUNNING) round=0 yroad=0 ramp=0 road=6 speed=0 near=14/57 raw=48/153 sel=57/40 far=0/0 far_raw=0/0 l=0@-1/0@-1 far_l=0@-1/0@-1 straight=0/1 far_straight=0/0 circle_cnt=0/0/0/0 lost=1/0 conf=13.2/15.2/0.0/0.0 dist=1535 begin=0/3339 m0=(84,119) ml=(60,95) md=40/1/87 cxcy=84.0,119.6 guide=22.34 atg=-60.0/-60.0/-60.0 pure=9.63/9.47 yaw=-1787 cmd=-1743 actual=-1809 signed=1 rps=6189/1411:6269/4696 duty=14/0 pwm=PWM2:14/PWM1:0 motor=2:14/1:0
ATGCorner: L=0@-1/0@-1 Y=0@-1/0@-1 farL=0@-1/0@-1 Lxy=-1.0,-1.0:-1.0,-1.0/-1.0,-1.0:-1.0,-1.0 Yxy=-1.0,-1.0:-1.0,-1.0/-1.0,-1.0:-1.0,-1.0 farLxy=-1.0,-1.0:-1.0,-1.0/-1.0,-1.0:-1.0,-1.0 best=1:65.5,114.4:37.2,99.6:13.2:10111/54:13.0,62.7:9.6,35.1:15.2:10111 seed_src=none/none seed=40.0,91.8/0.0,0.0 far_start=40,0 far_raw=0/0 far_num=0/0 straight=0/1 far_straight=0/0 conf_deg=13.2/15.2/0.0/0.0
CrossDiag: type=CROSS_NONE track=1 half_lr=0/0 nearL=0@-1/0@-1 nearNum=14/57 centerNum=14/57 farL=0@-1/0@-1 farNum=0/0 farRaw=0/0 lost=1/0 not_have=0 final=57/40 flags=0/0
LineErr: aim=41 cxcy=84.0,119.6 left=1:26.93@51,78 dx=-32.8 idx=0/13 dist=32/32 right=1:23.50@64,96 dx=-20.2 idx=8/27 dist=41/99 sel=1:29.89@56,93 dx=-28.3 idx=0/20 dist=40/78 edge=1:26.27@56.5,87.0 dx=-27.5 width=43.1 l=41,102 r=72,72
CxScan: raw_ref=80.0 edge=56.5,87.0 best_raw_x=10 best_err=0.66 best_cxcy=57.1,119.4 scan=0:-3.3,10:0.7,20:4.6,30:8.5,40:12.3,50:16.1,60:19.6,70:23.0,80:26.3,90:29.3,100:32.2,110:34.9,120:37.5,130:39.9,140:42.1
ATGSeedDiag: seed=1@40,108/1@155,97 begin=7,108 block=5 clip=8
ATGLptDiag: best=1(13.2) imip=0/11 pass=10111 acc=-1 ipm=65.5,114.4 inv=37.2,99.6 | 54(15.2) imip=44/56 pass=10111 acc=-1 ipm=13.0,62.7 inv=9.6,35.1
frame=440 line=1 track=1 cross=0 circle=5(CIRCLE_LEFT_RUNNING) round=0 yroad=0 ramp=0 road=6 speed=0 near=14/57 raw=48/154 sel=57/40 far=0/0 far_raw=0/0 l=0@-1/0@-1 far_l=0@-1/0@-1 straight=0/0 far_straight=0/0 circle_cnt=0/0/0/0 lost=1/0 conf=20.4/21.3/0.0/0.0 dist=1550 begin=0/3339 m0=(84,119) ml=(58,94) md=41/1/86 cxcy=84.0,119.6 guide=23.17 atg=-60.0/-60.0/-60.0 pure=9.63/9.51 yaw=-1854 cmd=-1956 actual=-1803 signed=1 rps=6480/1120:6507/4820 duty=15/0 pwm=PWM2:15/PWM1:0 motor=2:15/1:0
ATGCorner: L=0@-1/0@-1 Y=0@-1/0@-1 farL=0@-1/0@-1 Lxy=-1.0,-1.0:-1.0,-1.0/-1.0,-1.0:-1.0,-1.0 Yxy=-1.0,-1.0:-1.0,-1.0/-1.0,-1.0:-1.0,-1.0 farLxy=-1.0,-1.0:-1.0,-1.0/-1.0,-1.0:-1.0,-1.0 best=3:61.9,111.4:32.6,91.1:20.4:10111/1:118.6,111.1:148.1,89.1:21.3:10111 seed_src=none/none seed=40.0,91.8/0.0,0.0 far_start=40,0 far_raw=0/0 far_num=0/0 straight=0/0 far_straight=0/0 conf_deg=20.4/21.3/0.0/0.0
CrossDiag: type=CROSS_NONE track=1 half_lr=0/0 nearL=0@-1/0@-1 nearNum=14/57 centerNum=14/57 farL=0@-1/0@-1 farNum=0/0 farRaw=0/0 lost=1/0 not_have=0 final=57/40 flags=0/0
LineErr: aim=41 cxcy=84.0,119.6 left=1:27.01@51,78 dx=-32.8 idx=0/13 dist=32/32 right=1:23.29@64,96 dx=-19.9 idx=8/27 dist=41/98 sel=1:29.95@56,94 dx=-28.3 idx=0/20 dist=40/78 edge=1:26.27@56.5,87.0 dx=-27.5 width=43.1 l=41,102 r=72,72
CxScan: raw_ref=80.0 edge=56.5,87.0 best_raw_x=10 best_err=0.66 best_cxcy=57.1,119.4 scan=0:-3.3,10:0.7,20:4.6,30:8.5,40:12.3,50:16.1,60:19.6,70:23.0,80:26.3,90:29.3,100:32.2,110:34.9,120:37.5,130:39.9,140:42.1
ATGSeedDiag: seed=1@40,108/1@155,97 begin=7,108 block=5 clip=8
ATGLptDiag: best=3(20.4) imip=0/13 pass=10111 acc=-1 ipm=61.9,111.4 inv=32.6,91.1 | 1(21.3) imip=0/11 pass=10111 acc=-1 ipm=118.6,111.1 inv=148.1,89.1
frame=441 line=1 track=1 cross=0 circle=5(CIRCLE_LEFT_RUNNING) round=0 yroad=0 ramp=0 road=6 speed=0 near=14/57 raw=48/153 sel=57/41 far=0/0 far_raw=0/0 l=0@-1/0@-1 far_l=0@-1/0@-1 straight=0/1 far_straight=0/0 circle_cnt=0/0/0/0 lost=1/0 conf=20.2/11.0/0.0/0.0 dist=1565 begin=0/3339 m0=(84,119) ml=(58,95) md=41/1/89 cxcy=84.0,119.6 guide=23.23 atg=-60.0/-60.0/-60.0 pure=9.71/9.46 yaw=-1859 cmd=-1969 actual=-1803 signed=1 rps=6498/1102:6488/4745 duty=15/0 pwm=PWM2:15/PWM1:0 motor=2:15/1:0
ATGCorner: L=0@-1/0@-1 Y=0@-1/0@-1 farL=0@-1/0@-1 Lxy=-1.0,-1.0:-1.0,-1.0/-1.0,-1.0:-1.0,-1.0 Yxy=-1.0,-1.0:-1.0,-1.0/-1.0,-1.0:-1.0,-1.0 farLxy=-1.0,-1.0:-1.0,-1.0/-1.0,-1.0:-1.0,-1.0 best=3:61.9,111.4:32.5,91.2:20.2:10111/1:118.5,110.8:147.4,88.5:11.0:10111 seed_src=none/none seed=40.0,91.8/0.0,0.0 far_start=40,0 far_raw=0/0 far_num=0/0 straight=0/1 far_straight=0/0 conf_deg=20.2/11.0/0.0/0.0
CrossDiag: type=CROSS_NONE track=1 half_lr=0/0 nearL=0@-1/0@-1 nearNum=14/57 centerNum=14/57 farL=0@-1/0@-1 farNum=0/0 farRaw=0/0 lost=1/0 not_have=0 final=57/41 flags=0/0
LineErr: aim=41 cxcy=84.0,119.6 left=1:27.26@51,78 dx=-33.1 idx=0/13 dist=32/32 right=1:23.65@64,97 dx=-20.2 idx=8/27 dist=41/98 sel=1:30.15@56,94 dx=-28.4 idx=0/20 dist=40/80 edge=1:26.27@56.5,87.0 dx=-27.5 width=43.1 l=41,102 r=72,72
CxScan: raw_ref=80.0 edge=56.5,87.0 best_raw_x=10 best_err=0.66 best_cxcy=57.1,119.4 scan=0:-3.3,10:0.7,20:4.6,30:8.5,40:12.3,50:16.1,60:19.6,70:23.0,80:26.3,90:29.3,100:32.2,110:34.9,120:37.5,130:39.9,140:42.1
ATGSeedDiag: seed=1@40,108/1@155,97 begin=7,108 block=5 clip=8
ATGLptDiag: best=3(20.2) imip=0/13 pass=10111 acc=-1 ipm=61.9,111.4 inv=32.5,91.2 | 1(11.0) imip=0/11 pass=10111 acc=-1 ipm=118.5,110.8 inv=147.4,88.5
frame=442 line=1 track=1 cross=0 circle=5(CIRCLE_LEFT_RUNNING) round=0 yroad=0 ramp=0 road=6 speed=0 near=14/57 raw=47/153 sel=57/40 far=0/0 far_raw=0/0 l=0@-1/0@-1 far_l=0@-1/0@-1 straight=0/1 far_straight=0/0 circle_cnt=0/0/0/0 lost=1/0 conf=19.6/13.3/0.0/0.0 dist=1579 begin=0/3339 m0=(84,119) ml=(58,95) md=41/1/87 cxcy=84.0,119.6 guide=22.77 atg=-60.0/-60.0/-60.0 pure=9.81/9.55 yaw=-1822 cmd=-1869 actual=-1798 signed=1 rps=6361/1239:6011/4393 duty=15/0 pwm=PWM2:15/PWM1:0 motor=2:15/1:0
ATGCorner: L=0@-1/0@-1 Y=0@-1/0@-1 farL=0@-1/0@-1 Lxy=-1.0,-1.0:-1.0,-1.0/-1.0,-1.0:-1.0,-1.0 Yxy=-1.0,-1.0:-1.0,-1.0/-1.0,-1.0:-1.0,-1.0 farLxy=-1.0,-1.0:-1.0,-1.0/-1.0,-1.0:-1.0,-1.0 best=3:61.8,111.5:32.3,91.4:19.6:10111/8:109.8,97.2:114.8,63.3:13.3:10111 seed_src=none/none seed=40.0,91.8/0.0,0.0 far_start=40,0 far_raw=0/0 far_num=0/0 straight=0/1 far_straight=0/0 conf_deg=19.6/13.3/0.0/0.0
CrossDiag: type=CROSS_NONE track=1 half_lr=0/0 nearL=0@-1/0@-1 nearNum=14/57 centerNum=14/57 farL=0@-1/0@-1 farNum=0/0 farRaw=0/0 lost=1/0 not_have=0 final=57/40 flags=0/0
LineErr: aim=41 cxcy=84.0,119.6 left=1:27.37@51,79 dx=-33.2 idx=0/13 dist=32/32 right=1:22.32@65,98 dx=-18.6 idx=8/26 dist=40/99 sel=1:30.28@55,94 dx=-28.5 idx=0/20 dist=40/78 edge=1:27.50@55.0,87.0 dx=-29.0 width=42.5 l=41,103 r=69,71
CxScan: raw_ref=80.0 edge=55.0,87.0 best_raw_x=5 best_err=0.23 best_cxcy=55.2,119.3 scan=0:-1.8,10:2.2,20:6.1,30:10.0,40:13.8,50:17.5,60:21.0,70:24.3,80:27.5,90:30.5,100:33.3,110:36.0,120:38.4,130:40.8,140:42.9
ATGSeedDiag: seed=1@40,108/1@155,97 begin=7,108 block=5 clip=8
ATGLptDiag: best=3(19.6) imip=0/13 pass=10111 acc=-1 ipm=61.8,111.5 inv=32.3,91.4 | 8(13.3) imip=0/18 pass=10111 acc=-1 ipm=109.8,97.2 inv=114.8,63.3
frame=443 line=1 track=1 cross=0 circle=5(CIRCLE_LEFT_RUNNING) round=0 yroad=0 ramp=0 road=6 speed=0 near=14/57 raw=47/153 sel=57/40 far=0/0 far_raw=0/0 l=0@-1/0@-1 far_l=0@-1/0@-1 straight=0/1 far_straight=0/0 circle_cnt=0/0/0/0 lost=1/0 conf=19.8/13.5/0.0/0.0 dist=1593 begin=0/3339 m0=(84,119) ml=(58,95) md=40/1/86 cxcy=84.0,119.6 guide=24.04 atg=-60.0/-60.0/-60.0 pure=9.81/9.53 yaw=-1923 cmd=-2178 actual=-1796 signed=1 rps=6785/815:6057/4485 duty=16/0 pwm=PWM2:16/PWM1:0 motor=2:16/1:0
ATGCorner: L=0@-1/0@-1 Y=0@-1/0@-1 farL=0@-1/0@-1 Lxy=-1.0,-1.0:-1.0,-1.0/-1.0,-1.0:-1.0,-1.0 Yxy=-1.0,-1.0:-1.0,-1.0/-1.0,-1.0:-1.0,-1.0 farLxy=-1.0,-1.0:-1.0,-1.0/-1.0,-1.0:-1.0,-1.0 best=3:61.8,111.5:32.1,91.4:19.8:10111/2:117.5,109.0:142.0,84.0:13.5:10111 seed_src=none/none seed=40.0,91.8/0.0,0.0 far_start=40,0 far_raw=0/0 far_num=0/0 straight=0/1 far_straight=0/0 conf_deg=19.8/13.5/0.0/0.0
CrossDiag: type=CROSS_NONE track=1 half_lr=0/0 nearL=0@-1/0@-1 nearNum=14/57 centerNum=14/57 farL=0@-1/0@-1 farNum=0/0 farRaw=0/0 lost=1/0 not_have=0 final=57/40 flags=0/0
LineErr: aim=41 cxcy=84.0,119.6 left=1:27.54@51,79 dx=-33.5 idx=0/13 dist=32/32 right=1:23.55@64,97 dx=-20.0 idx=8/27 dist=41/99 sel=1:30.40@55,94 dx=-28.7 idx=0/20 dist=40/78 edge=1:26.48@56.5,87.5 dx=-27.5 width=43.8 l=41,103 r=72,72
CxScan: raw_ref=80.0 edge=56.5,87.5 best_raw_x=10 best_err=0.67 best_cxcy=57.1,119.4 scan=0:-3.3,10:0.7,20:4.7,30:8.6,40:12.5,50:16.2,60:19.8,70:23.2,80:26.5,90:29.6,100:32.5,110:35.2,120:37.7,130:40.1,140:42.3
ATGSeedDiag: seed=1@40,108/1@155,97 begin=7,108 block=5 clip=8
ATGLptDiag: best=3(19.8) imip=0/13 pass=10111 acc=-1 ipm=61.8,111.5 inv=32.1,91.4 | 2(13.5) imip=0/12 pass=10111 acc=-1 ipm=117.5,109.0 inv=142.0,84.0
frame=444 line=1 track=1 cross=0 circle=5(CIRCLE_LEFT_RUNNING) round=0 yroad=0 ramp=0 road=6 speed=0 near=14/57 raw=46/153 sel=57/40 far=0/0 far_raw=0/0 l=0@-1/0@-1 far_l=0@-1/0@-1 straight=0/1 far_straight=0/0 circle_cnt=0/0/0/0 lost=1/0 conf=18.5/13.1/0.0/0.0 dist=1607 begin=0/3339 m0=(84,119) ml=(58,94) md=41/1/87 cxcy=84.0,119.6 guide=22.67 atg=-60.0/-60.0/-60.0 pure=9.68/9.51 yaw=-1814 cmd=-1857 actual=-1792 signed=1 rps=6346/1254:5796/4304 duty=15/0 pwm=PWM2:15/PWM1:0 motor=2:15/1:0
ATGCorner: L=0@-1/0@-1 Y=0@-1/0@-1 farL=0@-1/0@-1 Lxy=-1.0,-1.0:-1.0,-1.0/-1.0,-1.0:-1.0,-1.0 Yxy=-1.0,-1.0:-1.0,-1.0/-1.0,-1.0:-1.0,-1.0 farLxy=-1.0,-1.0:-1.0,-1.0/-1.0,-1.0:-1.0,-1.0 best=5:57.6,108.8:26.6,84.7:18.5:10111/5:114.1,102.7:127.1,71.7:13.1:10111 seed_src=none/none seed=40.0,91.8/0.0,0.0 far_start=40,0 far_raw=0/0 far_num=0/0 straight=0/1 far_straight=0/0 conf_deg=18.5/13.1/0.0/0.0
CrossDiag: type=CROSS_NONE track=1 half_lr=0/0 nearL=0@-1/0@-1 nearNum=14/57 centerNum=14/57 farL=0@-1/0@-1 farNum=0/0 farRaw=0/0 lost=1/0 not_have=0 final=57/40 flags=0/0
LineErr: aim=41 cxcy=84.0,119.6 left=1:27.81@50,78 dx=-33.9 idx=0/13 dist=32/32 right=1:23.83@64,97 dx=-20.4 idx=8/27 dist=41/98 sel=1:30.15@55,94 dx=-28.5 idx=0/20 dist=40/78 edge=1:27.90@54.5,87.0 dx=-29.5 width=43.2 l=40,103 r=69,71
CxScan: raw_ref=80.0 edge=54.5,87.0 best_raw_x=5 best_err=0.74 best_cxcy=55.2,119.3 scan=0:-1.2,10:2.7,20:6.7,30:10.5,40:14.3,50:17.9,60:21.4,70:24.8,80:27.9,90:30.9,100:33.7,110:36.3,120:38.8,130:41.0,140:43.2
ATGSeedDiag: seed=1@39,107/1@155,97 begin=7,108 block=5 clip=8
ATGLptDiag: best=5(18.5) imip=0/13 pass=10111 acc=-1 ipm=57.6,108.8 inv=26.6,84.7 | 5(13.1) imip=0/15 pass=10111 acc=-1 ipm=114.1,102.7 inv=127.1,71.7
frame=445 line=1 track=1 cross=0 circle=5(CIRCLE_LEFT_RUNNING) round=0 yroad=0 ramp=0 road=6 speed=0 near=14/57 raw=46/153 sel=57/40 far=0/0 far_raw=0/0 l=0@-1/0@-1 far_l=0@-1/0@-1 straight=0/1 far_straight=0/0 circle_cnt=0/0/0/0 lost=1/0 conf=19.1/14.5/0.0/0.0 dist=1622 begin=0/3339 m0=(84,119) ml=(60,95) md=40/1/87 cxcy=84.0,119.6 guide=22.29 atg=-60.0/-60.0/-60.0 pure=9.63/9.47 yaw=-1783 cmd=-1756 actual=-1797 signed=1 rps=6207/1393:6117/4502 duty=14/0 pwm=PWM2:14/PWM1:0 motor=2:14/1:0
ATGCorner: L=0@-1/0@-1 Y=0@-1/0@-1 farL=0@-1/0@-1 Lxy=-1.0,-1.0:-1.0,-1.0/-1.0,-1.0:-1.0,-1.0 Yxy=-1.0,-1.0:-1.0,-1.0/-1.0,-1.0:-1.0,-1.0 farLxy=-1.0,-1.0:-1.0,-1.0/-1.0,-1.0:-1.0,-1.0 best=3:61.6,111.6:31.7,91.6:19.1:10111/54:12.8,62.8:9.4,35.1:14.5:10111 seed_src=none/none seed=40.0,91.8/0.0,0.0 far_start=40,0 far_raw=0/0 far_num=0/0 straight=0/1 far_straight=0/0 conf_deg=19.1/14.5/0.0/0.0
CrossDiag: type=CROSS_NONE track=1 half_lr=0/0 nearL=0@-1/0@-1 nearNum=14/57 centerNum=14/57 farL=0@-1/0@-1 farNum=0/0 farRaw=0/0 lost=1/0 not_have=0 final=57/40 flags=0/0
LineErr: aim=41 cxcy=84.0,119.6 left=1:27.75@50,79 dx=-33.7 idx=0/13 dist=32/32 right=1:23.55@64,96 dx=-20.2 idx=8/27 dist=41/98 sel=1:29.92@56,94 dx=-28.3 idx=0/20 dist=40/78 edge=1:26.69@56.0,87.0 dx=-28.0 width=45.3 l=40,103 r=72,71
CxScan: raw_ref=80.0 edge=56.0,87.0 best_raw_x=5 best_err=-0.81 best_cxcy=55.2,119.3 scan=0:-2.8,10:1.2,20:5.1,30:9.0,40:12.8,50:16.5,60:20.1,70:23.5,80:26.7,90:29.7,100:32.6,110:35.3,120:37.8,130:40.2,140:42.4
ATGSeedDiag: seed=1@39,108/1@155,96 begin=7,108 block=5 clip=8
ATGLptDiag: best=3(19.1) imip=0/13 pass=10111 acc=-1 ipm=61.6,111.6 inv=31.7,91.6 | 54(14.5) imip=44/56 pass=10111 acc=-1 ipm=12.8,62.8 inv=9.4,35.1
frame=446 line=1 track=1 cross=0 circle=5(CIRCLE_LEFT_RUNNING) round=0 yroad=0 ramp=0 road=6 speed=0 near=14/57 raw=46/153 sel=57/41 far=0/0 far_raw=0/0 l=0@-1/0@-1 far_l=0@-1/0@-1 straight=0/1 far_straight=0/0 circle_cnt=0/0/0/0 lost=1/0 conf=18.5/13.1/0.0/0.0 dist=1638 begin=0/3339 m0=(84,119) ml=(58,95) md=41/1/89 cxcy=84.0,119.6 guide=23.23 atg=-60.0/-60.0/-60.0 pure=9.71/9.46 yaw=-1859 cmd=-1981 actual=-1797 signed=1 rps=6515/1085:6492/4860 duty=15/0 pwm=PWM2:15/PWM1:0 motor=2:15/1:0
ATGCorner: L=0@-1/0@-1 Y=0@-1/0@-1 farL=0@-1/0@-1 Lxy=-1.0,-1.0:-1.0,-1.0/-1.0,-1.0:-1.0,-1.0 Yxy=-1.0,-1.0:-1.0,-1.0/-1.0,-1.0:-1.0,-1.0 farLxy=-1.0,-1.0:-1.0,-1.0/-1.0,-1.0:-1.0,-1.0 best=4:59.7,110.3:29.1,88.4:18.5:10111/3:116.7,106.6:136.6,78.9:13.1:10111 seed_src=none/none seed=40.0,91.8/0.0,0.0 far_start=40,0 far_raw=0/0 far_num=0/0 straight=0/1 far_straight=0/0 conf_deg=18.5/13.1/0.0/0.0
CrossDiag: type=CROSS_NONE track=1 half_lr=0/0 nearL=0@-1/0@-1 nearNum=14/57 centerNum=14/57 farL=0@-1/0@-1 farNum=0/0 farRaw=0/0 lost=1/0 not_have=0 final=57/41 flags=0/0
LineErr: aim=41 cxcy=84.0,119.6 left=1:27.82@50,79 dx=-33.8 idx=0/13 dist=32/32 right=1:23.65@64,97 dx=-20.2 idx=8/27 dist=41/98 sel=1:30.14@56,94 dx=-28.4 idx=0/20 dist=40/80 edge=1:26.89@56.0,87.5 dx=-28.0 width=44.6 l=40,103 r=72,72
CxScan: raw_ref=80.0 edge=56.0,87.5 best_raw_x=5 best_err=-0.81 best_cxcy=55.2,119.3 scan=0:-2.8,10:1.2,20:5.2,30:9.1,40:12.9,50:16.7,60:20.2,70:23.7,80:26.9,90:30.0,100:32.8,110:35.5,120:38.1,130:40.4,140:42.6
ATGSeedDiag: seed=1@39,108/1@155,96 begin=7,108 block=5 clip=8
ATGLptDiag: best=4(18.5) imip=0/13 pass=10111 acc=-1 ipm=59.7,110.3 inv=29.1,88.4 | 3(13.1) imip=0/13 pass=10111 acc=-1 ipm=116.7,106.6 inv=136.6,78.9
frame=447 line=1 track=1 cross=0 circle=5(CIRCLE_LEFT_RUNNING) round=0 yroad=0 ramp=0 road=6 speed=0 near=13/57 raw=46/153 sel=57/40 far=0/0 far_raw=0/0 l=0@-1/0@-1 far_l=0@-1/0@-1 straight=0/1 far_straight=0/0 circle_cnt=0/0/0/0 lost=1/0 conf=14.3/18.6/0.0/0.0 dist=1654 begin=0/3339 m0=(84,119) ml=(58,95) md=41/1/87 cxcy=84.0,119.6 guide=22.82 atg=-60.0/-60.0/-60.0 pure=9.95/9.59 yaw=-1826 cmd=-1927 actual=-1775 signed=1 rps=6441/1159:6325/4831 duty=15/0 pwm=PWM2:15/PWM1:0 motor=2:15/1:0
ATGCorner: L=0@-1/0@-1 Y=0@-1/0@-1 farL=0@-1/0@-1 Lxy=-1.0,-1.0:-1.0,-1.0/-1.0,-1.0:-1.0,-1.0 Yxy=-1.0,-1.0:-1.0,-1.0/-1.0,-1.0:-1.0,-1.0 farLxy=-1.0,-1.0:-1.0,-1.0/-1.0,-1.0:-1.0,-1.0 best=1:65.0,114.5:36.1,99.8:14.3:10111/55:10.4,64.5:5.9,36.1:18.6:10111 seed_src=none/none seed=40.0,91.8/0.0,0.0 far_start=40,0 far_raw=0/0 far_num=0/0 straight=0/1 far_straight=0/0 conf_deg=14.3/18.6/0.0/0.0
CrossDiag: type=CROSS_NONE track=1 half_lr=0/0 nearL=0@-1/0@-1 nearNum=13/57 centerNum=13/57 farL=0@-1/0@-1 farNum=0/0 farRaw=0/0 lost=1/0 not_have=0 final=57/40 flags=0/0
LineErr: aim=41 cxcy=84.0,119.6 left=1:26.18@53,80 dx=-31.0 idx=0/12 dist=28/28 right=1:23.91@64,97 dx=-20.3 idx=8/27 dist=40/96 sel=1:30.50@55,94 dx=-28.7 idx=0/20 dist=40/78 edge=1:27.30@55.5,87.5 dx=-28.5 width=42.6 l=42,104 r=69,71
CxScan: raw_ref=80.0 edge=55.5,87.5 best_raw_x=5 best_err=-0.29 best_cxcy=55.2,119.3 scan=0:-2.3,10:1.7,20:5.7,30:9.6,40:13.4,50:17.1,60:20.7,70:24.1,80:27.3,90:30.3,100:33.2,110:35.9,120:38.4,130:40.7,140:42.9
ATGSeedDiag: seed=1@39,108/1@155,96 begin=7,108 block=5 clip=8
ATGLptDiag: best=1(14.3) imip=0/11 pass=10111 acc=-1 ipm=65.0,114.5 inv=36.1,99.8 | 55(18.6) imip=45/56 pass=10111 acc=-1 ipm=10.4,64.5 inv=5.9,36.1
frame=448 line=1 track=1 cross=0 circle=5(CIRCLE_LEFT_RUNNING) round=0 yroad=0 ramp=0 road=6 speed=0 near=13/56 raw=45/153 sel=56/40 far=0/0 far_raw=0/0 l=0@-1/0@-1 far_l=0@-1/0@-1 straight=0/1 far_straight=0/0 circle_cnt=0/0/0/0 lost=1/0 conf=19.6/17.4/0.0/0.0 dist=1670 begin=0/3339 m0=(84,119) ml=(57,95) md=41/1/86 cxcy=84.0,119.6 guide=23.68 atg=-60.0/-60.0/-60.0 pure=9.99/9.69 yaw=-1894 cmd=-2180 actual=-1751 signed=1 rps=6788/812:6672/5193 duty=16/0 pwm=PWM2:16/PWM1:0 motor=2:16/1:0
ATGCorner: L=0@-1/0@-1 Y=0@-1/0@-1 farL=0@-1/0@-1 Lxy=-1.0,-1.0:-1.0,-1.0/-1.0,-1.0:-1.0,-1.0 Yxy=-1.0,-1.0:-1.0,-1.0/-1.0,-1.0:-1.0,-1.0 farLxy=-1.0,-1.0:-1.0,-1.0/-1.0,-1.0:-1.0,-1.0 best=2:63.1,113.0:33.5,95.5:19.6:10111/54:12.0,65.1:6.9,36.4:17.4:10111 seed_src=none/none seed=40.0,91.8/0.0,0.0 far_start=40,0 far_raw=0/0 far_num=0/0 straight=0/1 far_straight=0/0 conf_deg=19.6/17.4/0.0/0.0
CrossDiag: type=CROSS_NONE track=1 half_lr=0/0 nearL=0@-1/0@-1 nearNum=13/56 centerNum=13/56 farL=0@-1/0@-1 farNum=0/0 farRaw=0/0 lost=1/0 not_have=0 final=56/40 flags=0/0
LineErr: aim=41 cxcy=84.0,119.6 left=1:26.49@53,80 dx=-31.4 idx=0/12 dist=28/28 right=1:24.23@64,97 dx=-20.4 idx=8/27 dist=41/96 sel=1:30.83@55,94 dx=-28.9 idx=0/20 dist=40/78 edge=1:27.30@55.5,87.5 dx=-28.5 width=42.6 l=42,104 r=69,71
CxScan: raw_ref=80.0 edge=55.5,87.5 best_raw_x=5 best_err=-0.29 best_cxcy=55.2,119.3 scan=0:-2.3,10:1.7,20:5.7,30:9.6,40:13.4,50:17.1,60:20.7,70:24.1,80:27.3,90:30.3,100:33.2,110:35.9,120:38.4,130:40.7,140:42.9
ATGSeedDiag: seed=1@39,108/1@155,96 begin=7,108 block=5 clip=8
ATGLptDiag: best=2(19.6) imip=0/12 pass=10111 acc=-1 ipm=63.1,113.0 inv=33.5,95.5 | 54(17.4) imip=44/55 pass=10111 acc=-1 ipm=12.0,65.1 inv=6.9,36.4
frame=449 line=1 track=1 cross=0 circle=5(CIRCLE_LEFT_RUNNING) round=0 yroad=0 ramp=0 road=6 speed=0 near=13/56 raw=45/153 sel=56/40 far=0/0 far_raw=0/0 l=0@-1/0@-1 far_l=0@-1/0@-1 straight=0/1 far_straight=0/0 circle_cnt=0/0/0/0 lost=1/0 conf=12.0/22.3/0.0/0.0 dist=1686 begin=0/3339 m0=(84,119) ml=(57,95) md=41/1/86 cxcy=84.0,119.6 guide=23.95 atg=-60.0/-60.0/-60.0 pure=9.99/9.64 yaw=-1916 cmd=-2312 actual=-1718 signed=1 rps=6969/631:6442/4997 duty=17/0 pwm=PWM2:17/PWM1:0 motor=2:17/1:0
ATGCorner: L=0@-1/0@-1 Y=0@-1/0@-1 farL=0@-1/0@-1 Lxy=-1.0,-1.0:-1.0,-1.0/-1.0,-1.0:-1.0,-1.0 Yxy=-1.0,-1.0:-1.0,-1.0/-1.0,-1.0:-1.0,-1.0 farLxy=-1.0,-1.0:-1.0,-1.0/-1.0,-1.0:-1.0,-1.0 best=1:64.8,114.6:35.7,100.1:12.0:10111/54:11.8,64.8:7.0,36.2:22.3:10111 seed_src=none/none seed=40.0,91.8/0.0,0.0 far_start=40,0 far_raw=0/0 far_num=0/0 straight=0/1 far_straight=0/0 conf_deg=12.0/22.3/0.0/0.0
CrossDiag: type=CROSS_NONE track=1 half_lr=0/0 nearL=0@-1/0@-1 nearNum=13/56 centerNum=13/56 farL=0@-1/0@-1 farNum=0/0 farRaw=0/0 lost=1/0 not_have=0 final=56/40 flags=0/0
LineErr: aim=41 cxcy=84.0,119.6 left=1:26.49@53,80 dx=-31.3 idx=0/12 dist=28/28 right=1:24.33@63,97 dx=-20.5 idx=8/27 dist=41/96 sel=1:31.19@55,95 dx=-29.1 idx=0/20 dist=40/78 edge=1:26.69@56.5,88.0 dx=-27.5 width=43.2 l=42,104 r=71,72
CxScan: raw_ref=80.0 edge=56.5,88.0 best_raw_x=10 best_err=0.68 best_cxcy=57.1,119.4 scan=0:-3.4,10:0.7,20:4.7,30:8.7,40:12.6,50:16.3,60:19.9,70:23.4,80:26.7,90:29.8,100:32.7,110:35.4,120:38.0,130:40.4,140:42.6
ATGSeedDiag: seed=1@39,108/1@155,97 begin=7,108 block=5 clip=8
ATGLptDiag: best=1(12.0) imip=0/11 pass=10111 acc=-1 ipm=64.8,114.6 inv=35.7,100.1 | 54(22.3) imip=44/55 pass=10111 acc=-1 ipm=11.8,64.8 inv=7.0,36.2
frame=450 line=1 track=1 cross=0 circle=5(CIRCLE_LEFT_RUNNING) round=0 yroad=0 ramp=0 road=6 speed=0 near=13/57 raw=43/153 sel=57/41 far=0/0 far_raw=0/0 l=0@-1/0@-1 far_l=0@-1/0@-1 straight=0/1 far_straight=0/0 circle_cnt=0/0/0/0 lost=1/0 conf=18.9/13.1/0.0/0.0 dist=1702 begin=0/3339 m0=(84,119) ml=(57,95) md=41/1/89 cxcy=84.0,119.6 guide=24.04 atg=-60.0/-60.0/-60.0 pure=9.99/9.43 yaw=-1923 cmd=-2323 actual=-1686 signed=1 rps=6984/616:6593/5184 duty=17/0 pwm=PWM2:17/PWM1:0 motor=2:17/1:0
ATGCorner: L=0@-1/0@-1 Y=0@-1/0@-1 farL=0@-1/0@-1 Lxy=-1.0,-1.0:-1.0,-1.0/-1.0,-1.0:-1.0,-1.0 Yxy=-1.0,-1.0:-1.0,-1.0/-1.0,-1.0:-1.0,-1.0 farLxy=-1.0,-1.0:-1.0,-1.0/-1.0,-1.0:-1.0,-1.0 best=2:62.5,112.8:32.5,94.8:18.9:10111/2:117.4,109.0:141.9,84.1:13.1:10111 seed_src=none/none seed=40.0,91.8/0.0,0.0 far_start=40,0 far_raw=0/0 far_num=0/0 straight=0/1 far_straight=0/0 conf_deg=18.9/13.1/0.0/0.0
CrossDiag: type=CROSS_NONE track=1 half_lr=0/0 nearL=0@-1/0@-1 nearNum=13/57 centerNum=13/57 farL=0@-1/0@-1 farNum=0/0 farRaw=0/0 lost=1/0 not_have=0 final=57/41 flags=0/0
LineErr: aim=41 cxcy=84.0,119.6 left=1:26.99@52,80 dx=-32.1 idx=0/12 dist=28/28 right=1:22.96@65,98 dx=-19.0 idx=8/26 dist=40/99 sel=1:31.10@55,94 dx=-29.3 idx=0/20 dist=40/80 edge=1:27.71@55.0,87.5 dx=-29.0 width=43.3 l=41,104 r=69,71
CxScan: raw_ref=80.0 edge=55.0,87.5 best_raw_x=5 best_err=0.23 best_cxcy=55.2,119.3 scan=0:-1.8,10:2.2,20:6.2,30:10.1,40:13.9,50:17.6,60:21.1,70:24.5,80:27.7,90:30.7,100:33.6,110:36.2,120:38.7,130:41.0,140:43.2
ATGSeedDiag: seed=1@38,107/1@155,97 begin=7,108 block=5 clip=8
ATGLptDiag: best=2(18.9) imip=0/12 pass=10111 acc=-1 ipm=62.5,112.8 inv=32.5,94.8 | 2(13.1) imip=0/12 pass=10111 acc=-1 ipm=117.4,109.0 inv=141.9,84.1
frame=451 line=1 track=1 cross=0 circle=5(CIRCLE_LEFT_RUNNING) round=0 yroad=0 ramp=0 road=6 speed=0 near=13/57 raw=44/153 sel=57/40 far=0/0 far_raw=0/0 l=0@-1/0@-1 far_l=0@-1/0@-1 straight=0/1 far_straight=0/0 circle_cnt=0/0/0/0 lost=1/0 conf=18.8/12.2/0.0/0.0 dist=1718 begin=0/3339 m0=(84,119) ml=(57,95) md=41/1/86 cxcy=84.0,119.6 guide=24.09 atg=-60.0/-60.0/-60.0 pure=9.82/9.50 yaw=-1927 cmd=-2327 actual=-1683 signed=1 rps=6989/611:6253/4966 duty=17/0 pwm=PWM2:17/PWM1:0 motor=2:17/1:0
ATGCorner: L=0@-1/0@-1 Y=0@-1/0@-1 farL=0@-1/0@-1 Lxy=-1.0,-1.0:-1.0,-1.0/-1.0,-1.0:-1.0,-1.0 Yxy=-1.0,-1.0:-1.0,-1.0/-1.0,-1.0:-1.0,-1.0 farLxy=-1.0,-1.0:-1.0,-1.0/-1.0,-1.0:-1.0,-1.0 best=2:62.7,113.0:32.5,95.6:18.8:10111/53:14.4,62.7:10.9,35.1:12.2:10111 seed_src=none/none seed=40.0,91.8/0.0,0.0 far_start=40,0 far_raw=0/0 far_num=0/0 straight=0/1 far_straight=0/0 conf_deg=18.8/12.2/0.0/0.0
CrossDiag: type=CROSS_NONE track=1 half_lr=0/0 nearL=0@-1/0@-1 nearNum=13/57 centerNum=13/57 farL=0@-1/0@-1 farNum=0/0 farRaw=0/0 lost=1/0 not_have=0 final=57/40 flags=0/0
LineErr: aim=41 cxcy=84.0,119.6 left=1:26.80@52,80 dx=-31.8 idx=0/12 dist=28/28 right=1:24.49@63,97 dx=-20.7 idx=8/27 dist=41/97 sel=1:31.19@55,94 dx=-29.4 idx=0/20 dist=40/78 edge=1:27.30@55.5,87.5 dx=-28.5 width=42.6 l=42,104 r=69,71
CxScan: raw_ref=80.0 edge=55.5,87.5 best_raw_x=5 best_err=-0.29 best_cxcy=55.2,119.3 scan=0:-2.3,10:1.7,20:5.7,30:9.6,40:13.4,50:17.1,60:20.7,70:24.1,80:27.3,90:30.3,100:33.2,110:35.9,120:38.4,130:40.7,140:42.9
ATGSeedDiag: seed=1@38,108/1@155,97 begin=7,108 block=5 clip=8
ATGLptDiag: best=2(18.8) imip=0/12 pass=10111 acc=-1 ipm=62.7,113.0 inv=32.5,95.6 | 53(12.2) imip=43/56 pass=10111 acc=-1 ipm=14.4,62.7 inv=10.9,35.1
frame=452 line=1 track=1 cross=0 circle=5(CIRCLE_LEFT_RUNNING) round=0 yroad=0 ramp=0 road=6 speed=0 near=13/57 raw=43/153 sel=57/40 far=0/0 far_raw=0/0 l=0@-1/0@-1 far_l=0@-1/0@-1 straight=0/1 far_straight=0/0 circle_cnt=0/0/0/0 lost=1/0 conf=17.3/14.1/0.0/0.0 dist=1733 begin=0/3339 m0=(84,119) ml=(57,95) md=41/1/87 cxcy=84.0,119.6 guide=23.73 atg=-60.0/-60.0/-60.0 pure=9.95/9.50 yaw=-1899 cmd=-2299 actual=-1693 signed=1 rps=6950/650:6209/4985 duty=17/0 pwm=PWM2:17/PWM1:0 motor=2:17/1:0
ATGCorner: L=0@-1/0@-1 Y=0@-1/0@-1 farL=0@-1/0@-1 Lxy=-1.0,-1.0:-1.0,-1.0/-1.0,-1.0:-1.0,-1.0 Yxy=-1.0,-1.0:-1.0,-1.0/-1.0,-1.0:-1.0,-1.0 farLxy=-1.0,-1.0:-1.0,-1.0/-1.0,-1.0:-1.0,-1.0 best=2:62.5,113.1:32.1,95.9:17.3:10111/2:117.1,109.3:141.8,84.8:14.1:10111 seed_src=none/none seed=40.0,91.8/0.0,0.0 far_start=40,0 far_raw=0/0 far_num=0/0 straight=0/1 far_straight=0/0 conf_deg=17.3/14.1/0.0/0.0
CrossDiag: type=CROSS_NONE track=1 half_lr=0/0 nearL=0@-1/0@-1 nearNum=13/57 centerNum=13/57 farL=0@-1/0@-1 farNum=0/0 farRaw=0/0 lost=1/0 not_have=0 final=57/40 flags=0/0
LineErr: aim=41 cxcy=84.0,119.6 left=1:26.98@52,80 dx=-32.0 idx=0/12 dist=28/28 right=1:24.86@63,98 dx=-21.0 idx=8/27 dist=41/98 sel=1:31.59@54,94 dx=-29.7 idx=0/20 dist=40/78 edge=1:26.90@56.5,88.5 dx=-27.5 width=42.4 l=42,104 r=71,73
CxScan: raw_ref=80.0 edge=56.5,88.5 best_raw_x=10 best_err=0.68 best_cxcy=57.1,119.4 scan=0:-3.4,10:0.7,20:4.7,30:8.8,40:12.7,50:16.5,60:20.1,70:23.6,80:26.9,90:30.0,100:32.9,110:35.7,120:38.2,130:40.6,140:42.9
ATGSeedDiag: seed=1@38,108/1@155,98 begin=7,108 block=5 clip=8
ATGLptDiag: best=2(17.3) imip=0/12 pass=10111 acc=-1 ipm=62.5,113.1 inv=32.1,95.9 | 2(14.1) imip=0/12 pass=10111 acc=-1 ipm=117.1,109.3 inv=141.8,84.8
frame=453 line=1 track=1 cross=0 circle=5(CIRCLE_LEFT_RUNNING) round=0 yroad=0 ramp=0 road=6 speed=0 near=12/56 raw=42/153 sel=56/40 far=0/0 far_raw=0/0 l=0@-1/0@-1 far_l=0@-1/0@-1 straight=0/1 far_straight=0/0 circle_cnt=0/0/0/0 lost=1/0 conf=17.1/11.3/0.0/0.0 dist=1748 begin=0/3339 m0=(84,119) ml=(58,96) md=40/1/88 cxcy=84.0,119.6 guide=24.42 atg=-60.0/-60.0/-60.0 pure=9.99/9.46 yaw=-1953 cmd=-2353 actual=-1731 signed=1 rps=7025/575:5966/4676 duty=17/0 pwm=PWM2:17/PWM1:0 motor=2:17/1:0
ATGCorner: L=0@-1/0@-1 Y=0@-1/0@-1 farL=0@-1/0@-1 Lxy=-1.0,-1.0:-1.0,-1.0/-1.0,-1.0:-1.0,-1.0 Yxy=-1.0,-1.0:-1.0,-1.0/-1.0,-1.0:-1.0,-1.0 farLxy=-1.0,-1.0:-1.0,-1.0/-1.0,-1.0:-1.0,-1.0 best=1:63.8,114.3:33.6,99.3:17.1:10111/1:117.7,111.5:147.3,90.3:11.3:10111 seed_src=none/none seed=40.0,91.8/0.0,0.0 far_start=40,0 far_raw=0/0 far_num=0/0 straight=0/1 far_straight=0/0 conf_deg=17.1/11.3/0.0/0.0
CrossDiag: type=CROSS_NONE track=1 half_lr=0/0 nearL=0@-1/0@-1 nearNum=12/56 centerNum=12/56 farL=0@-1/0@-1 farNum=0/0 farRaw=0/0 lost=1/0 not_have=0 final=56/40 flags=0/0
LineErr: aim=41 cxcy=84.0,119.6 left=1:25.63@54,81 dx=-29.7 idx=0/11 dist=24/24 right=1:25.61@63,98 dx=-21.5 idx=8/27 dist=40/96 sel=1:32.32@54,95 dx=-30.3 idx=0/20 dist=40/78 edge=1:26.90@56.5,88.5 dx=-27.5 width=41.1 l=43,104 r=70,73
CxScan: raw_ref=80.0 edge=56.5,88.5 best_raw_x=10 best_err=0.68 best_cxcy=57.1,119.4 scan=0:-3.4,10:0.7,20:4.7,30:8.8,40:12.7,50:16.5,60:20.1,70:23.6,80:26.9,90:30.0,100:32.9,110:35.7,120:38.2,130:40.6,140:42.9
ATGSeedDiag: seed=1@37,107/1@155,99 begin=7,108 block=5 clip=8
ATGLptDiag: best=1(17.1) imip=0/11 pass=10111 acc=-1 ipm=63.8,114.3 inv=33.6,99.3 | 1(11.3) imip=0/11 pass=10111 acc=-1 ipm=117.7,111.5 inv=147.3,90.3
frame=454 line=1 track=1 cross=0 circle=5(CIRCLE_LEFT_RUNNING) round=0 yroad=0 ramp=0 road=6 speed=0 near=12/56 raw=42/153 sel=56/39 far=0/0 far_raw=0/0 l=0@-1/0@-1 far_l=0@-1/0@-1 straight=0/1 far_straight=0/0 circle_cnt=0/0/0/0 lost=1/0 conf=17.9/22.6/0.0/0.0 dist=1762 begin=0/3339 m0=(84,119) ml=(54,96) md=41/1/84 cxcy=84.0,119.6 guide=26.50 atg=-60.0/-60.0/-60.0 pure=10.00/9.60 yaw=-2120 cmd=-2520 actual=-1802 signed=1 rps=7254/346:6249/4566 duty=18/0 pwm=PWM2:18/PWM1:0 motor=2:18/1:0
ATGCorner: L=0@-1/0@-1 Y=0@-1/0@-1 farL=0@-1/0@-1 Lxy=-1.0,-1.0:-1.0,-1.0/-1.0,-1.0:-1.0,-1.0 Yxy=-1.0,-1.0:-1.0,-1.0/-1.0,-1.0:-1.0,-1.0 farLxy=-1.0,-1.0:-1.0,-1.0/-1.0,-1.0:-1.0,-1.0 best=1:64.0,114.6:33.7,100.2:17.9:10111/54:10.9,64.7:6.2,36.2:22.6:10111 seed_src=none/none seed=40.0,91.8/0.0,0.0 far_start=40,0 far_raw=0/0 far_num=0/0 straight=0/1 far_straight=0/0 conf_deg=17.9/22.6/0.0/0.0
CrossDiag: type=CROSS_NONE track=1 half_lr=0/0 nearL=0@-1/0@-1 nearNum=12/56 centerNum=12/56 farL=0@-1/0@-1 farNum=0/0 farRaw=0/0 lost=1/0 not_have=0 final=56/39 flags=0/0
LineErr: aim=41 cxcy=84.0,119.6 left=1:25.64@54,81 dx=-29.6 idx=0/11 dist=24/24 right=1:27.43@61,98 dx=-23.4 idx=9/28 dist=41/94 sel=1:34.01@52,95 dx=-32.3 idx=0/20 dist=40/76 edge=1:27.73@55.5,88.5 dx=-28.5 width=41.4 l=43,105 r=68,72
CxScan: raw_ref=80.0 edge=55.5,88.5 best_raw_x=5 best_err=-0.30 best_cxcy=55.2,119.3 scan=0:-2.3,10:1.7,20:5.8,30:9.8,40:13.7,50:17.4,60:21.0,70:24.5,80:27.7,90:30.8,100:33.7,110:36.4,120:38.9,130:41.2,140:43.4
ATGSeedDiag: seed=1@37,108/1@155,99 begin=7,108 block=5 clip=8
ATGLptDiag: best=1(17.9) imip=0/11 pass=10111 acc=-1 ipm=64.0,114.6 inv=33.7,100.2 | 54(22.6) imip=44/55 pass=10111 acc=-1 ipm=10.9,64.7 inv=6.2,36.2
frame=455 line=1 track=1 cross=0 circle=5(CIRCLE_LEFT_RUNNING) round=0 yroad=0 ramp=0 road=6 speed=0 near=12/56 raw=41/153 sel=56/39 far=0/0 far_raw=0/0 l=0@-1/0@-1 far_l=0@-1/0@-1 straight=0/1 far_straight=0/0 circle_cnt=0/0/0/0 lost=1/0 conf=16.4/17.4/0.0/0.0 dist=1777 begin=0/3339 m0=(84,119) ml=(54,96) md=42/1/85 cxcy=84.0,119.6 guide=25.63 atg=-60.0/-60.0/-60.0 pure=10.03/9.65 yaw=-2050 cmd=-2399 actual=-1876 signed=1 rps=7088/512:6649/4511 duty=17/0 pwm=PWM2:17/PWM1:0 motor=2:17/1:0
ATGCorner: L=0@-1/0@-1 Y=0@-1/0@-1 farL=0@-1/0@-1 Lxy=-1.0,-1.0:-1.0,-1.0/-1.0,-1.0:-1.0,-1.0 Yxy=-1.0,-1.0:-1.0,-1.0/-1.0,-1.0:-1.0,-1.0 farLxy=-1.0,-1.0:-1.0,-1.0/-1.0,-1.0:-1.0,-1.0 best=2:62.1,113.2:31.0,96.0:16.4:10111/53:13.0,64.5:8.3,36.0:17.4:10111 seed_src=none/none seed=40.0,91.8/0.0,0.0 far_start=40,0 far_raw=0/0 far_num=0/0 straight=0/1 far_straight=0/0 conf_deg=16.4/17.4/0.0/0.0
CrossDiag: type=CROSS_NONE track=1 half_lr=0/0 nearL=0@-1/0@-1 nearNum=12/56 centerNum=12/56 farL=0@-1/0@-1 farNum=0/0 farRaw=0/0 lost=1/0 not_have=0 final=56/39 flags=0/0
LineErr: aim=41 cxcy=84.0,119.6 left=1:25.82@54,81 dx=-29.8 idx=0/11 dist=24/24 right=1:27.81@60,98 dx=-23.6 idx=8/28 dist=41/94 sel=1:33.84@52,95 dx=-31.8 idx=0/20 dist=40/76 edge=1:27.95@55.5,89.0 dx=-28.5 width=40.6 l=43,105 r=68,73
CxScan: raw_ref=80.0 edge=55.5,89.0 best_raw_x=5 best_err=-0.30 best_cxcy=55.2,119.3 scan=0:-2.4,10:1.8,20:5.8,30:9.9,40:13.8,50:17.6,60:21.2,70:24.7,80:28.0,90:31.0,100:33.9,110:36.6,120:39.1,130:41.5,140:43.7
ATGSeedDiag: seed=1@37,108/1@155,99 begin=7,108 block=5 clip=8
ATGLptDiag: best=2(16.4) imip=0/11 pass=10111 acc=-1 ipm=62.1,113.2 inv=31.0,96.0 | 53(17.4) imip=43/55 pass=10111 acc=-1 ipm=13.0,64.5 inv=8.3,36.0
frame=456 line=1 track=1 cross=0 circle=5(CIRCLE_LEFT_RUNNING) round=0 yroad=0 ramp=0 road=6 speed=0 near=1/56 raw=170/153 sel=56/39 far=0/0 far_raw=0/0 l=0@-1/0@-1 far_l=0@-1/0@-1 straight=0/1 far_straight=0/0 circle_cnt=0/0/0/0 lost=1/0 conf=0.0/15.6/0.0/0.0 dist=1793 begin=0/3339 m0=(84,119) ml=(55,96) md=41/1/85 cxcy=84.0,119.6 guide=25.90 atg=-60.0/-60.0/-60.0 pure=10.00/9.52 yaw=-2072 cmd=-2301 actual=-1957 signed=1 rps=6954/646:6580/4358 duty=16/0 pwm=PWM2:16/PWM1:0 motor=2:16/1:0
ATGCorner: L=0@-1/0@-1 Y=0@-1/0@-1 farL=0@-1/0@-1 Lxy=-1.0,-1.0:-1.0,-1.0/-1.0,-1.0:-1.0,-1.0 Yxy=-1.0,-1.0:-1.0,-1.0/-1.0,-1.0:-1.0,-1.0 farLxy=-1.0,-1.0:-1.0,-1.0/-1.0,-1.0:-1.0,-1.0 best=-1:-1.0,-1.0:-1.0,-1.0:-57295.8:00000/54:10.9,64.5:6.4,36.0:15.6:10111 seed_src=lost/none seed=40.0,91.8/0.0,0.0 far_start=40,0 far_raw=0/0 far_num=0/0 straight=0/1 far_straight=0/0 conf_deg=0.0/15.6/0.0/0.0
CrossDiag: type=CROSS_NONE track=1 half_lr=0/0 nearL=0@-1/0@-1 nearNum=1/56 centerNum=1/56 farL=0@-1/0@-1 farNum=0/0 farRaw=0/0 lost=1/0 not_have=0 final=56/39 flags=0/0
LineErr: aim=41 cxcy=84.0,119.6 left=0:0.00@-1,-1 dx=0.0 idx=-1/-1 dist=-1/-1 right=1:27.45@61,98 dx=-23.4 idx=8/28 dist=41/95 sel=1:33.42@53,95 dx=-31.4 idx=0/20 dist=40/76 edge=0:0.00@-1.0,-1.0 dx=0.0 width=0.0 l=-1,-1 r=68,72
ATGSeedDiag: seed=1@68,108/1@155,99 begin=7,108 block=5 clip=8
ATGLptDiag: best=-1(-57295.8) imip=-1/-1 pass=00000 acc=-1 ipm=-1.0,-1.0 inv=-1.0,-1.0 | 54(15.6) imip=44/55 pass=10111 acc=-1 ipm=10.9,64.5 inv=6.4,36.0
frame=457 line=1 track=1 cross=0 circle=5(CIRCLE_LEFT_RUNNING) round=0 yroad=0 ramp=0 road=6 speed=0 near=12/56 raw=40/153 sel=56/40 far=0/0 far_raw=0/0 l=0@-1/0@-1 far_l=0@-1/0@-1 straight=0/1 far_straight=0/0 circle_cnt=0/0/0/0 lost=1/0 conf=16.5/12.3/0.0/0.0 dist=1809 begin=0/3339 m0=(84,119) ml=(56,96) md=41/1/87 cxcy=84.0,119.6 guide=24.69 atg=-60.0/-60.0/-60.0 pure=9.99/9.45 yaw=-1975 cmd=-1854 actual=-2036 signed=1 rps=6341/1259:6967/4651 duty=14/0 pwm=PWM2:14/PWM1:0 motor=2:14/1:0
ATGCorner: L=0@-1/0@-1 Y=0@-1/0@-1 farL=0@-1/0@-1 Lxy=-1.0,-1.0:-1.0,-1.0/-1.0,-1.0:-1.0,-1.0 Yxy=-1.0,-1.0:-1.0,-1.0/-1.0,-1.0:-1.0,-1.0 farLxy=-1.0,-1.0:-1.0,-1.0/-1.0,-1.0:-1.0,-1.0 best=1:63.3,114.4:32.5,99.5:16.5:10111/10:105.4,94.8:106.6,60.2:12.3:10111 seed_src=none/none seed=40.0,91.8/0.0,0.0 far_start=40,0 far_raw=0/0 far_num=0/0 straight=0/1 far_straight=0/0 conf_deg=16.5/12.3/0.0/0.0
CrossDiag: type=CROSS_NONE track=1 half_lr=0/0 nearL=0@-1/0@-1 nearNum=12/56 centerNum=12/56 farL=0@-1/0@-1 farNum=0/0 farRaw=0/0 lost=1/0 not_have=0 final=56/40 flags=0/0
LineErr: aim=41 cxcy=84.0,119.6 left=1:26.48@53,81 dx=-30.7 idx=0/11 dist=24/24 right=1:25.75@62,98 dx=-21.6 idx=8/27 dist=41/97 sel=1:32.75@53,95 dx=-30.7 idx=0/20 dist=40/78 edge=1:28.15@55.0,88.5 dx=-29.0 width=42.0 l=42,105 r=68,72
CxScan: raw_ref=80.0 edge=55.0,88.5 best_raw_x=5 best_err=0.23 best_cxcy=55.2,119.3 scan=0:-1.8,10:2.3,20:6.3,30:10.3,40:14.2,50:17.9,60:21.5,70:24.9,80:28.1,90:31.2,100:34.0,110:36.7,120:39.2,130:41.5,140:43.7
ATGSeedDiag: seed=1@36,107/1@155,99 begin=7,108 block=5 clip=8
ATGLptDiag: best=1(16.5) imip=0/11 pass=10111 acc=-1 ipm=63.3,114.4 inv=32.5,99.5 | 10(12.3) imip=0/20 pass=10111 acc=-1 ipm=105.4,94.8 inv=106.6,60.2
frame=458 line=1 track=1 cross=0 circle=5(CIRCLE_LEFT_RUNNING) round=0 yroad=0 ramp=0 road=6 speed=0 near=12/56 raw=41/153 sel=56/40 far=0/0 far_raw=0/0 l=0@-1/0@-1 far_l=0@-1/0@-1 straight=0/1 far_straight=0/0 circle_cnt=0/0/0/0 lost=1/0 conf=15.1/14.5/0.0/0.0 dist=1825 begin=0/3339 m0=(84,119) ml=(56,96) md=41/1/86 cxcy=84.0,119.6 guide=24.66 atg=-60.0/-60.0/-60.0 pure=9.99/9.48 yaw=-1973 cmd=-1725 actual=-2097 signed=1 rps=6165/1435:7115/4858 duty=13/0 pwm=PWM2:13/PWM1:0 motor=2:13/1:0
ATGCorner: L=0@-1/0@-1 Y=0@-1/0@-1 farL=0@-1/0@-1 Lxy=-1.0,-1.0:-1.0,-1.0/-1.0,-1.0:-1.0,-1.0 Yxy=-1.0,-1.0:-1.0,-1.0/-1.0,-1.0:-1.0,-1.0 farLxy=-1.0,-1.0:-1.0,-1.0/-1.0,-1.0:-1.0,-1.0 best=5:56.0,109.6:22.6,86.7:15.1:10111/2:117.0,109.3:141.8,84.9:14.5:10111 seed_src=none/none seed=40.0,91.8/0.0,0.0 far_start=40,0 far_raw=0/0 far_num=0/0 straight=0/1 far_straight=0/0 conf_deg=15.1/14.5/0.0/0.0
CrossDiag: type=CROSS_NONE track=1 half_lr=0/0 nearL=0@-1/0@-1 nearNum=12/56 centerNum=12/56 farL=0@-1/0@-1 farNum=0/0 farRaw=0/0 lost=1/0 not_have=0 final=56/40 flags=0/0
LineErr: aim=41 cxcy=84.0,119.6 left=1:26.01@54,81 dx=-30.0 idx=0/11 dist=24/24 right=1:25.26@63,98 dx=-21.2 idx=8/27 dist=40/96 sel=1:32.07@54,95 dx=-29.9 idx=0/20 dist=40/78 edge=1:26.69@57.0,89.0 dx=-27.0 width=42.5 l=43,105 r=71,73
CxScan: raw_ref=80.0 edge=57.0,89.0 best_raw_x=10 best_err=0.15 best_cxcy=57.1,119.4 scan=0:-4.0,10:0.2,20:4.3,30:8.3,40:12.3,50:16.1,60:19.8,70:23.3,80:26.7,90:29.8,100:32.8,110:35.6,120:38.2,130:40.6,140:42.8
ATGSeedDiag: seed=1@36,108/1@155,98 begin=7,108 block=5 clip=8
ATGLptDiag: best=5(15.1) imip=0/11 pass=10111 acc=-1 ipm=56.0,109.6 inv=22.6,86.7 | 2(14.5) imip=0/12 pass=10111 acc=-1 ipm=117.0,109.3 inv=141.8,84.9
frame=459 line=1 track=1 cross=0 circle=5(CIRCLE_LEFT_RUNNING) round=0 yroad=0 ramp=0 road=6 speed=0 near=12/56 raw=40/153 sel=56/40 far=0/0 far_raw=0/0 l=0@-1/0@-1 far_l=0@-1/0@-1 straight=0/1 far_straight=0/0 circle_cnt=0/0/0/0 lost=1/0 conf=18.4/20.5/0.0/0.0 dist=1841 begin=0/3339 m0=(84,119) ml=(56,96) md=41/1/86 cxcy=84.0,119.6 guide=24.72 atg=-60.0/-60.0/-60.0 pure=9.99/9.59 yaw=-1978 cmd=-1647 actual=-2143 signed=1 rps=6057/1543:6731/4735 duty=13/0 pwm=PWM2:13/PWM1:0 motor=2:13/1:0
ATGCorner: L=0@-1/0@-1 Y=0@-1/0@-1 farL=0@-1/0@-1 Lxy=-1.0,-1.0:-1.0,-1.0/-1.0,-1.0:-1.0,-1.0 Yxy=-1.0,-1.0:-1.0,-1.0/-1.0,-1.0:-1.0,-1.0 farLxy=-1.0,-1.0:-1.0,-1.0/-1.0,-1.0:-1.0,-1.0 best=1:63.6,114.6:32.8,100.2:18.4:10111/54:11.3,64.6:6.6,36.1:20.5:10111 seed_src=none/none seed=40.0,91.8/0.0,0.0 far_start=40,0 far_raw=0/0 far_num=0/0 straight=0/1 far_straight=0/0 conf_deg=18.4/20.5/0.0/0.0
CrossDiag: type=CROSS_NONE track=1 half_lr=0/0 nearL=0@-1/0@-1 nearNum=12/56 centerNum=12/56 farL=0@-1/0@-1 farNum=0/0 farRaw=0/0 lost=1/0 not_have=0 final=56/40 flags=0/0
LineErr: aim=41 cxcy=84.0,119.6 left=1:26.36@54,81 dx=-30.5 idx=0/11 dist=24/24 right=1:25.54@63,98 dx=-21.3 idx=8/27 dist=41/96 sel=1:32.15@54,95 dx=-29.9 idx=0/20 dist=40/78 edge=1:27.11@56.5,89.0 dx=-27.5 width=41.9 l=43,105 r=70,73
CxScan: raw_ref=80.0 edge=56.5,89.0 best_raw_x=10 best_err=0.69 best_cxcy=57.1,119.4 scan=0:-3.4,10:0.7,20:4.8,30:8.8,40:12.8,50:16.6,60:20.3,70:23.8,80:27.1,90:30.2,100:33.2,110:35.9,120:38.5,130:40.9,140:43.1
ATGSeedDiag: seed=1@36,108/1@155,98 begin=7,108 block=5 clip=8
ATGLptDiag: best=1(18.4) imip=0/11 pass=10111 acc=-1 ipm=63.6,114.6 inv=32.8,100.2 | 54(20.5) imip=44/55 pass=10111 acc=-1 ipm=11.3,64.6 inv=6.6,36.1
frame=460 line=1 track=1 cross=0 circle=5(CIRCLE_LEFT_RUNNING) round=0 yroad=0 ramp=0 road=6 speed=0 near=12/56 raw=40/153 sel=56/39 far=0/0 far_raw=0/0 l=0@-1/0@-1 far_l=0@-1/0@-1 straight=0/1 far_straight=0/0 circle_cnt=0/0/0/0 lost=1/0 conf=16.7/13.1/0.0/0.0 dist=1857 begin=0/3339 m0=(84,119) ml=(54,96) md=42/1/85 cxcy=84.0,119.6 guide=25.57 atg=-60.0/-60.0/-60.0 pure=10.27/9.71 yaw=-2046 cmd=-1846 actual=-2146 signed=1 rps=6330/1270:6784/5099 duty=14/0 pwm=PWM2:14/PWM1:0 motor=2:14/1:0
ATGCorner: L=0@-1/0@-1 Y=0@-1/0@-1 farL=0@-1/0@-1 Lxy=-1.0,-1.0:-1.0,-1.0/-1.0,-1.0:-1.0,-1.0 Yxy=-1.0,-1.0:-1.0,-1.0/-1.0,-1.0:-1.0,-1.0 farLxy=-1.0,-1.0:-1.0,-1.0/-1.0,-1.0:-1.0,-1.0 best=1:63.4,114.7:32.5,100.4:16.7:10111/2:117.0,109.3:141.7,84.9:13.1:10111 seed_src=none/none seed=40.0,91.8/0.0,0.0 far_start=40,0 far_raw=0/0 far_num=0/0 straight=0/1 far_straight=0/0 conf_deg=16.7/13.1/0.0/0.0
CrossDiag: type=CROSS_NONE track=1 half_lr=0/0 nearL=0@-1/0@-1 nearNum=12/56 centerNum=12/56 farL=0@-1/0@-1 farNum=0/0 farRaw=0/0 lost=1/0 not_have=0 final=56/39 flags=0/0
LineErr: aim=41 cxcy=84.0,119.6 left=1:26.56@53,81 dx=-30.7 idx=0/11 dist=24/24 right=1:27.02@61,98 dx=-22.9 idx=9/28 dist=41/94 sel=1:33.82@52,95 dx=-31.9 idx=0/20 dist=40/76 edge=1:27.95@55.5,89.0 dx=-28.5 width=40.6 l=43,105 r=68,73
CxScan: raw_ref=80.0 edge=55.5,89.0 best_raw_x=5 best_err=-0.30 best_cxcy=55.2,119.3 scan=0:-2.4,10:1.8,20:5.8,30:9.9,40:13.8,50:17.6,60:21.2,70:24.7,80:28.0,90:31.0,100:33.9,110:36.6,120:39.1,130:41.5,140:43.7
ATGSeedDiag: seed=1@36,108/1@155,98 begin=7,108 block=5 clip=8
ATGLptDiag: best=1(16.7) imip=0/11 pass=10111 acc=-1 ipm=63.4,114.7 inv=32.5,100.4 | 2(13.1) imip=0/12 pass=10111 acc=-1 ipm=117.0,109.3 inv=141.7,84.9
frame=462 line=1 track=1 cross=0 circle=5(CIRCLE_LEFT_RUNNING) round=0 yroad=0 ramp=0 road=6 speed=0 near=12/55 raw=40/153 sel=55/39 far=0/0 far_raw=0/0 l=0@-1/0@-1 far_l=0@-1/0@-1 straight=0/1 far_straight=0/0 circle_cnt=0/0/0/0 lost=1/0 conf=16.6/14.2/0.0/0.0 dist=1889 begin=0/3339 m0=(84,119) ml=(55,96) md=40/1/84 cxcy=84.0,119.6 guide=26.71 atg=-60.0/-60.0/-60.0 pure=10.32/9.76 yaw=-2137 cmd=-2249 actual=-2081 signed=1 rps=6882/718:6377/5203 duty=16/0 pwm=PWM2:16/PWM1:0 motor=2:16/1:0
ATGCorner: L=0@-1/0@-1 Y=0@-1/0@-1 farL=0@-1/0@-1 Lxy=-1.0,-1.0:-1.0,-1.0/-1.0,-1.0:-1.0,-1.0 Yxy=-1.0,-1.0:-1.0,-1.0/-1.0,-1.0:-1.0,-1.0 farLxy=-1.0,-1.0:-1.0,-1.0/-1.0,-1.0:-1.0,-1.0 best=1:63.4,114.7:32.4,100.4:16.6:10111/10:105.8,94.5:106.9,59.8:14.2:10111 seed_src=none/none seed=40.0,91.8/0.0,0.0 far_start=40,0 far_raw=0/0 far_num=0/0 straight=0/1 far_straight=0/0 conf_deg=16.6/14.2/0.0/0.0
CrossDiag: type=CROSS_NONE track=1 half_lr=0/0 nearL=0@-1/0@-1 nearNum=12/55 centerNum=12/55 farL=0@-1/0@-1 farNum=0/0 farRaw=0/0 lost=1/0 not_have=0 final=55/39 flags=0/0
LineErr: aim=41 cxcy=84.0,119.6 left=1:26.67@53,81 dx=-30.8 idx=0/11 dist=24/24 right=1:27.07@61,98 dx=-23.0 idx=9/28 dist=41/93 sel=1:33.65@52,95 dx=-31.6 idx=0/20 dist=40/76 edge=1:28.37@55.0,89.0 dx=-29.0 width=41.2 l=42,105 r=68,73
CxScan: raw_ref=80.0 edge=55.0,89.0 best_raw_x=5 best_err=0.23 best_cxcy=55.2,119.3 scan=0:-1.8,10:2.3,20:6.4,30:10.4,40:14.3,50:18.1,60:21.7,70:25.1,80:28.4,90:31.4,100:34.3,110:37.0,120:39.5,130:41.8,140:44.0
ATGSeedDiag: seed=1@36,108/1@155,97 begin=7,108 block=5 clip=8
ATGLptDiag: best=1(16.6) imip=0/11 pass=10111 acc=-1 ipm=63.4,114.7 inv=32.4,100.4 | 10(14.2) imip=0/20 pass=10111 acc=-1 ipm=105.8,94.5 inv=106.9,59.8
frame=463 line=1 track=1 cross=0 circle=5(CIRCLE_LEFT_RUNNING) round=0 yroad=0 ramp=0 road=6 speed=0 near=12/56 raw=40/153 sel=56/40 far=0/0 far_raw=0/0 l=0@-1/0@-1 far_l=0@-1/0@-1 straight=0/1 far_straight=0/0 circle_cnt=0/0/0/0 lost=1/0 conf=15.7/12.2/0.0/0.0 dist=1905 begin=0/3339 m0=(84,119) ml=(56,96) md=41/1/86 cxcy=84.0,119.6 guide=24.85 atg=-60.0/-60.0/-60.0 pure=10.28/9.69 yaw=-1988 cmd=-1896 actual=-2034 signed=1 rps=6399/1201:6145/5029 duty=15/0 pwm=PWM2:15/PWM1:0 motor=2:15/1:0
ATGCorner: L=0@-1/0@-1 Y=0@-1/0@-1 farL=0@-1/0@-1 Lxy=-1.0,-1.0:-1.0,-1.0/-1.0,-1.0:-1.0,-1.0 Yxy=-1.0,-1.0:-1.0,-1.0/-1.0,-1.0:-1.0,-1.0 farLxy=-1.0,-1.0:-1.0,-1.0/-1.0,-1.0:-1.0,-1.0 best=1:63.4,114.7:32.3,100.5:15.7:10111/1:118.1,111.2:147.4,89.4:12.2:10111 seed_src=none/none seed=40.0,91.8/0.0,0.0 far_start=40,0 far_raw=0/0 far_num=0/0 straight=0/1 far_straight=0/0 conf_deg=15.7/12.2/0.0/0.0
CrossDiag: type=CROSS_NONE track=1 half_lr=0/0 nearL=0@-1/0@-1 nearNum=12/56 centerNum=12/56 farL=0@-1/0@-1 farNum=0/0 farRaw=0/0 lost=1/0 not_have=0 final=56/40 flags=0/0
LineErr: aim=41 cxcy=84.0,119.6 left=1:26.77@53,81 dx=-30.9 idx=0/11 dist=24/24 right=1:25.12@63,98 dx=-20.8 idx=8/27 dist=40/94 sel=1:32.24@54,95 dx=-29.9 idx=0/20 dist=40/78 edge=1:27.53@56.0,89.0 dx=-28.0 width=42.5 l=42,105 r=70,73
CxScan: raw_ref=80.0 edge=56.0,89.0 best_raw_x=5 best_err=-0.84 best_cxcy=55.2,119.3 scan=0:-2.9,10:1.2,20:5.3,30:9.4,40:13.3,50:17.1,60:20.8,70:24.2,80:27.5,90:30.6,100:33.6,110:36.3,120:38.8,130:41.2,140:43.4
ATGSeedDiag: seed=1@36,108/1@155,97 begin=7,108 block=5 clip=8
ATGLptDiag: best=1(15.7) imip=0/11 pass=10111 acc=-1 ipm=63.4,114.7 inv=32.3,100.5 | 1(12.2) imip=0/11 pass=10111 acc=-1 ipm=118.1,111.2 inv=147.4,89.4
frame=464 line=1 track=1 cross=0 circle=5(CIRCLE_LEFT_RUNNING) round=0 yroad=0 ramp=0 road=6 speed=0 near=12/56 raw=40/153 sel=56/39 far=0/0 far_raw=0/0 l=0@-1/0@-1 far_l=0@-1/0@-1 straight=0/1 far_straight=0/0 circle_cnt=0/0/0/0 lost=1/0 conf=15.4/11.5/0.0/0.0 dist=1921 begin=0/3339 m0=(84,119) ml=(55,96) md=41/1/84 cxcy=84.0,119.6 guide=25.80 atg=-60.0/-60.0/-60.0 pure=10.10/9.73 yaw=-2064 cmd=-2214 actual=-1989 signed=1 rps=6834/766:6582/5231 duty=16/0 pwm=PWM2:16/PWM1:0 motor=2:16/1:0
ATGCorner: L=0@-1/0@-1 Y=0@-1/0@-1 farL=0@-1/0@-1 Lxy=-1.0,-1.0:-1.0,-1.0/-1.0,-1.0:-1.0,-1.0 Yxy=-1.0,-1.0:-1.0,-1.0/-1.0,-1.0:-1.0,-1.0 farLxy=-1.0,-1.0:-1.0,-1.0/-1.0,-1.0:-1.0,-1.0 best=4:57.5,110.8:24.3,89.7:15.4:10111/1:118.1,111.2:147.4,89.4:11.5:10111 seed_src=none/none seed=40.0,91.8/0.0,0.0 far_start=40,0 far_raw=0/0 far_num=0/0 straight=0/1 far_straight=0/0 conf_deg=15.4/11.5/0.0/0.0
CrossDiag: type=CROSS_NONE track=1 half_lr=0/0 nearL=0@-1/0@-1 nearNum=12/56 centerNum=12/56 farL=0@-1/0@-1 farNum=0/0 farRaw=0/0 lost=1/0 not_have=0 final=56/39 flags=0/0
LineErr: aim=41 cxcy=84.0,119.6 left=1:26.82@53,81 dx=-31.0 idx=0/11 dist=24/24 right=1:26.70@61,98 dx=-22.7 idx=9/28 dist=41/94 sel=1:33.35@53,95 dx=-31.4 idx=0/20 dist=40/76 edge=1:28.15@55.0,88.5 dx=-29.0 width=42.0 l=42,105 r=68,72
CxScan: raw_ref=80.0 edge=55.0,88.5 best_raw_x=5 best_err=0.23 best_cxcy=55.2,119.3 scan=0:-1.8,10:2.3,20:6.3,30:10.3,40:14.2,50:17.9,60:21.5,70:24.9,80:28.1,90:31.2,100:34.0,110:36.7,120:39.2,130:41.5,140:43.7
ATGSeedDiag: seed=1@36,108/1@155,97 begin=7,108 block=5 clip=8
ATGLptDiag: best=4(15.4) imip=0/11 pass=10111 acc=-1 ipm=57.5,110.8 inv=24.3,89.7 | 1(11.5) imip=0/11 pass=10111 acc=-1 ipm=118.1,111.2 inv=147.4,89.4
frame=465 line=1 track=1 cross=0 circle=5(CIRCLE_LEFT_RUNNING) round=0 yroad=0 ramp=0 road=6 speed=0 near=11/56 raw=39/153 sel=56/39 far=0/0 far_raw=0/0 l=0@-1/0@-1 far_l=0@-1/0@-1 straight=0/1 far_straight=0/0 circle_cnt=0/0/0/0 lost=1/0 conf=16.1/13.6/0.0/0.0 dist=1937 begin=0/3339 m0=(84,119) ml=(55,96) md=41/1/84 cxcy=84.0,119.6 guide=25.48 atg=-60.0/-60.0/-60.0 pure=10.15/9.72 yaw=-2039 cmd=-2240 actual=-1938 signed=1 rps=6871/729:6892/5255 duty=16/0 pwm=PWM2:16/PWM1:0 motor=2:16/1:0
ATGCorner: L=0@-1/0@-1 Y=0@-1/0@-1 farL=0@-1/0@-1 Lxy=-1.0,-1.0:-1.0,-1.0/-1.0,-1.0:-1.0,-1.0 Yxy=-1.0,-1.0:-1.0,-1.0/-1.0,-1.0:-1.0,-1.0 farLxy=-1.0,-1.0:-1.0,-1.0/-1.0,-1.0:-1.0,-1.0 best=1:63.1,114.7:31.6,100.4:16.1:10111/10:105.8,94.5:106.9,59.8:13.6:10111 seed_src=none/none seed=40.0,91.8/0.0,0.0 far_start=40,0 far_raw=0/0 far_num=0/0 straight=0/1 far_straight=0/0 conf_deg=16.1/13.6/0.0/0.0
CrossDiag: type=CROSS_NONE track=1 half_lr=0/0 nearL=0@-1/0@-1 nearNum=11/56 centerNum=11/56 farL=0@-1/0@-1 farNum=0/0 farRaw=0/0 lost=1/0 not_have=0 final=56/39 flags=0/0
LineErr: aim=41 cxcy=84.0,119.6 left=1:25.03@56,83 dx=-28.1 idx=0/10 dist=20/20 right=1:27.05@61,98 dx=-22.9 idx=9/28 dist=40/93 sel=1:33.62@52,95 dx=-31.6 idx=0/20 dist=40/76 edge=1:27.75@56.0,89.5 dx=-28.0 width=40.8 l=44,106 r=68,73
CxScan: raw_ref=80.0 edge=56.0,89.5 best_raw_x=5 best_err=-0.84 best_cxcy=55.2,119.3 scan=0:-2.9,10:1.2,20:5.4,30:9.4,40:13.4,50:17.3,60:20.9,70:24.4,80:27.8,90:30.9,100:33.8,110:36.5,120:39.1,130:41.5,140:43.7
ATGSeedDiag: seed=1@35,108/1@155,97 begin=7,108 block=5 clip=8
ATGLptDiag: best=1(16.1) imip=0/10 pass=10111 acc=-1 ipm=63.1,114.7 inv=31.6,100.4 | 10(13.6) imip=0/20 pass=10111 acc=-1 ipm=105.8,94.5 inv=106.9,59.8
frame=466 line=1 track=1 cross=0 circle=5(CIRCLE_LEFT_RUNNING) round=0 yroad=0 ramp=0 road=6 speed=0 near=11/55 raw=38/153 sel=55/38 far=0/0 far_raw=0/0 l=0@-1/0@-1 far_l=0@-1/0@-1 straight=0/1 far_straight=0/0 circle_cnt=0/0/0/0 lost=1/0 conf=14.0/12.0/0.0/0.0 dist=1953 begin=0/3339 m0=(84,119) ml=(54,96) md=41/1/82 cxcy=84.0,119.6 guide=26.56 atg=-60.0/-60.0/-60.0 pure=10.32/9.79 yaw=-2125 cmd=-2525 actual=-1895 signed=1 rps=7260/340:6661/4879 duty=17/0 pwm=PWM2:17/PWM1:0 motor=2:17/1:0
ATGCorner: L=0@-1/0@-1 Y=0@-1/0@-1 farL=0@-1/0@-1 Lxy=-1.0,-1.0:-1.0,-1.0/-1.0,-1.0:-1.0,-1.0 Yxy=-1.0,-1.0:-1.0,-1.0/-1.0,-1.0:-1.0,-1.0 farLxy=-1.0,-1.0:-1.0,-1.0/-1.0,-1.0:-1.0,-1.0 best=2:61.1,113.4:28.7,96.5:14.0:10111/1:117.7,111.5:147.3,90.3:12.0:10111 seed_src=none/none seed=40.0,91.8/0.0,0.0 far_start=40,0 far_raw=0/0 far_num=0/0 straight=0/1 far_straight=0/0 conf_deg=14.0/12.0/0.0/0.0
CrossDiag: type=CROSS_NONE track=1 half_lr=0/0 nearL=0@-1/0@-1 nearNum=11/55 centerNum=11/55 farL=0@-1/0@-1 farNum=0/0 farRaw=0/0 lost=1/0 not_have=0 final=55/38 flags=0/0
LineErr: aim=41 cxcy=84.0,119.6 left=1:25.24@56,83 dx=-28.4 idx=0/10 dist=20/20 right=1:27.37@61,98 dx=-23.0 idx=9/28 dist=41/93 sel=1:34.20@52,96 dx=-32.1 idx=0/20 dist=40/74 edge=1:27.75@56.0,89.5 dx=-28.0 width=40.8 l=44,106 r=68,73
CxScan: raw_ref=80.0 edge=56.0,89.5 best_raw_x=5 best_err=-0.84 best_cxcy=55.2,119.3 scan=0:-2.9,10:1.2,20:5.4,30:9.4,40:13.4,50:17.3,60:20.9,70:24.4,80:27.8,90:30.9,100:33.8,110:36.5,120:39.1,130:41.5,140:43.7
ATGSeedDiag: seed=1@35,108/1@155,98 begin=7,108 block=5 clip=8
ATGLptDiag: best=2(14.0) imip=0/10 pass=10111 acc=-1 ipm=61.1,113.4 inv=28.7,96.5 | 1(12.0) imip=0/11 pass=10111 acc=-1 ipm=117.7,111.5 inv=147.3,90.3
frame=467 line=1 track=1 cross=0 circle=5(CIRCLE_LEFT_RUNNING) round=0 yroad=0 ramp=0 road=6 speed=0 near=11/55 raw=37/153 sel=55/37 far=0/0 far_raw=0/0 l=0@-1/0@-1 far_l=0@-1/0@-1 straight=0/1 far_straight=0/0 circle_cnt=0/0/0/0 lost=1/0 conf=14.6/13.9/0.0/0.0 dist=1969 begin=0/3339 m0=(84,119) ml=(53,96) md=41/1/80 cxcy=84.0,119.6 guide=27.33 atg=-60.0/-60.0/-60.0 pure=10.31/9.96 yaw=-2186 cmd=-2586 actual=-1855 signed=1 rps=7344/256:7038/4957 duty=17/0 pwm=PWM2:17/PWM1:0 motor=2:17/1:0
ATGCorner: L=0@-1/0@-1 Y=0@-1/0@-1 farL=0@-1/0@-1 Lxy=-1.0,-1.0:-1.0,-1.0/-1.0,-1.0:-1.0,-1.0 Yxy=-1.0,-1.0:-1.0,-1.0/-1.0,-1.0:-1.0,-1.0 farLxy=-1.0,-1.0:-1.0,-1.0/-1.0,-1.0:-1.0,-1.0 best=2:60.5,113.1:27.7,95.8:14.6:10111/52:14.8,66.5:8.5,37.1:13.9:10111 seed_src=none/none seed=40.0,91.8/0.0,0.0 far_start=40,0 far_raw=0/0 far_num=0/0 straight=0/1 far_straight=0/0 conf_deg=14.6/13.9/0.0/0.0
CrossDiag: type=CROSS_NONE track=1 half_lr=0/0 nearL=0@-1/0@-1 nearNum=11/55 centerNum=11/55 farL=0@-1/0@-1 farNum=0/0 farRaw=0/0 lost=1/0 not_have=0 final=55/37 flags=0/0
LineErr: aim=41 cxcy=84.0,119.6 left=1:26.06@55,82 dx=-29.5 idx=0/10 dist=20/20 right=1:28.02@61,99 dx=-23.4 idx=9/28 dist=40/91 sel=1:35.19@51,96 dx=-33.1 idx=0/20 dist=40/72 edge=1:28.59@55.0,89.5 dx=-29.0 width=40.8 l=43,106 r=67,73
CxScan: raw_ref=80.0 edge=55.0,89.5 best_raw_x=5 best_err=0.24 best_cxcy=55.2,119.3 scan=0:-1.8,10:2.3,20:6.4,30:10.5,40:14.4,50:18.2,60:21.9,70:25.3,80:28.6,90:31.7,100:34.5,110:37.2,120:39.7,130:42.1,140:44.2
ATGSeedDiag: seed=1@34,107/1@155,99 begin=7,108 block=5 clip=8
ATGLptDiag: best=2(14.6) imip=0/10 pass=10111 acc=-1 ipm=60.5,113.1 inv=27.7,95.8 | 52(13.9) imip=42/54 pass=10111 acc=-1 ipm=14.8,66.5 inv=8.5,37.1
frame=468 line=1 track=1 cross=0 circle=5(CIRCLE_LEFT_RUNNING) round=0 yroad=0 ramp=0 road=6 speed=0 near=11/55 raw=37/153 sel=55/38 far=0/0 far_raw=0/0 l=0@-1/0@-1 far_l=0@-1/0@-1 straight=0/1 far_straight=0/0 circle_cnt=0/0/0/0 lost=1/0 conf=15.1/14.1/0.0/0.0 dist=1985 begin=0/3339 m0=(84,119) ml=(53,97) md=41/1/82 cxcy=84.0,119.6 guide=27.53 atg=-60.0/-60.0/-60.0 pure=10.31/9.93 yaw=-2202 cmd=-2602 actual=-1821 signed=1 rps=7366/234:6679/4676 duty=18/0 pwm=PWM2:18/PWM1:0 motor=2:18/1:0
ATGCorner: L=0@-1/0@-1 Y=0@-1/0@-1 farL=0@-1/0@-1 Lxy=-1.0,-1.0:-1.0,-1.0/-1.0,-1.0:-1.0,-1.0 Yxy=-1.0,-1.0:-1.0,-1.0/-1.0,-1.0:-1.0,-1.0 farLxy=-1.0,-1.0:-1.0,-1.0/-1.0,-1.0:-1.0,-1.0 best=1:62.5,114.7:30.4,100.6:15.1:10111/10:105.1,95.1:106.4,60.6:14.1:10111 seed_src=none/none seed=40.0,91.8/0.0,0.0 far_start=40,0 far_raw=0/0 far_num=0/0 straight=0/1 far_straight=0/0 conf_deg=15.1/14.1/0.0/0.0
CrossDiag: type=CROSS_NONE track=1 half_lr=0/0 nearL=0@-1/0@-1 nearNum=11/55 centerNum=11/55 farL=0@-1/0@-1 farNum=0/0 farRaw=0/0 lost=1/0 not_have=0 final=55/38 flags=0/0
LineErr: aim=41 cxcy=84.0,119.6 left=1:25.82@55,83 dx=-29.1 idx=0/10 dist=20/20 right=1:29.65@59,98 dx=-25.3 idx=9/29 dist=41/90 sel=1:35.42@51,96 dx=-33.2 idx=0/20 dist=40/74 edge=1:28.40@55.5,90.0 dx=-28.5 width=39.4 l=44,106 r=67,74
CxScan: raw_ref=80.0 edge=55.5,90.0 best_raw_x=5 best_err=-0.31 best_cxcy=55.2,119.3 scan=0:-2.4,10:1.8,20:6.0,30:10.1,40:14.1,50:17.9,60:21.6,70:25.1,80:28.4,90:31.5,100:34.4,110:37.1,120:39.7,130:42.0,140:44.2
ATGSeedDiag: seed=1@34,108/1@155,99 begin=7,108 block=5 clip=8
ATGLptDiag: best=1(15.1) imip=0/10 pass=10111 acc=-1 ipm=62.5,114.7 inv=30.4,100.6 | 10(14.1) imip=0/20 pass=10111 acc=-1 ipm=105.1,95.1 inv=106.4,60.6
frame=469 line=1 track=1 cross=0 circle=5(CIRCLE_LEFT_RUNNING) round=0 yroad=0 ramp=0 road=6 speed=0 near=11/55 raw=37/153 sel=55/38 far=0/0 far_raw=0/0 l=0@-1/0@-1 far_l=0@-1/0@-1 straight=0/1 far_straight=0/0 circle_cnt=0/0/0/0 lost=1/0 conf=14.7/21.9/0.0/0.0 dist=2001 begin=0/3339 m0=(84,119) ml=(53,96) md=41/1/82 cxcy=84.0,119.6 guide=27.33 atg=-60.0/-60.0/-60.0 pure=10.31/9.87 yaw=-2186 cmd=-2586 actual=-1815 signed=1 rps=7344/256:6925/4978 duty=17/0 pwm=PWM2:17/PWM1:0 motor=2:17/1:0
ATGCorner: L=0@-1/0@-1 Y=0@-1/0@-1 farL=0@-1/0@-1 Lxy=-1.0,-1.0:-1.0,-1.0/-1.0,-1.0:-1.0,-1.0 Yxy=-1.0,-1.0:-1.0,-1.0/-1.0,-1.0:-1.0,-1.0 farLxy=-1.0,-1.0:-1.0,-1.0/-1.0,-1.0:-1.0,-1.0 best=2:60.5,113.4:27.5,96.6:14.7:10111/53:12.5,66.5:6.3,37.2:21.9:10111 seed_src=none/none seed=40.0,91.8/0.0,0.0 far_start=40,0 far_raw=0/0 far_num=0/0 straight=0/1 far_straight=0/0 conf_deg=14.7/21.9/0.0/0.0
CrossDiag: type=CROSS_NONE track=1 half_lr=0/0 nearL=0@-1/0@-1 nearNum=11/55 centerNum=11/55 farL=0@-1/0@-1 farNum=0/0 farRaw=0/0 lost=1/0 not_have=0 final=55/38 flags=0/0
LineErr: aim=41 cxcy=84.0,119.6 left=1:25.98@55,83 dx=-29.3 idx=0/10 dist=20/20 right=1:28.05@61,99 dx=-23.5 idx=9/28 dist=40/91 sel=1:35.19@51,96 dx=-33.1 idx=0/20 dist=40/74 edge=1:28.59@55.0,89.5 dx=-29.0 width=40.8 l=43,106 r=67,73
CxScan: raw_ref=80.0 edge=55.0,89.5 best_raw_x=5 best_err=0.24 best_cxcy=55.2,119.3 scan=0:-1.8,10:2.3,20:6.4,30:10.5,40:14.4,50:18.2,60:21.9,70:25.3,80:28.6,90:31.7,100:34.5,110:37.2,120:39.7,130:42.1,140:44.2
ATGSeedDiag: seed=1@34,108/1@155,99 begin=7,108 block=5 clip=8
ATGLptDiag: best=2(14.7) imip=0/10 pass=10111 acc=-1 ipm=60.5,113.4 inv=27.5,96.6 | 53(21.9) imip=43/54 pass=10111 acc=-1 ipm=12.5,66.5 inv=6.3,37.2
frame=470 line=1 track=1 cross=0 circle=5(CIRCLE_LEFT_RUNNING) round=0 yroad=0 ramp=0 road=6 speed=0 near=11/55 raw=36/153 sel=55/38 far=0/0 far_raw=0/0 l=0@-1/0@-1 far_l=0@-1/0@-1 straight=0/1 far_straight=0/0 circle_cnt=0/0/0/0 lost=1/0 conf=16.2/14.3/0.0/0.0 dist=2020 begin=0/3339 m0=(84,119) ml=(53,96) md=41/1/82 cxcy=84.0,119.6 guide=27.33 atg=-60.0/-60.0/-60.0 pure=10.30/9.79 yaw=-2186 cmd=-2586 actual=-1818 signed=1 rps=7344/256:6381/4919 duty=18/0 pwm=PWM2:18/PWM1:0 motor=2:18/1:0
ATGCorner: L=0@-1/0@-1 Y=0@-1/0@-1 farL=0@-1/0@-1 Lxy=-1.0,-1.0:-1.0,-1.0/-1.0,-1.0:-1.0,-1.0 Yxy=-1.0,-1.0:-1.0,-1.0/-1.0,-1.0:-1.0,-1.0 farLxy=-1.0,-1.0:-1.0,-1.0/-1.0,-1.0:-1.0,-1.0 best=1:62.1,114.7:29.5,100.5:16.2:10111/53:12.5,66.3:6.4,37.0:14.3:10111 seed_src=none/none seed=40.0,91.8/0.0,0.0 far_start=40,0 far_raw=0/0 far_num=0/0 straight=0/1 far_straight=0/0 conf_deg=16.2/14.3/0.0/0.0
CrossDiag: type=CROSS_NONE track=1 half_lr=0/0 nearL=0@-1/0@-1 nearNum=11/55 centerNum=11/55 farL=0@-1/0@-1 farNum=0/0 farRaw=0/0 lost=1/0 not_have=0 final=55/38 flags=0/0
LineErr: aim=41 cxcy=84.0,119.6 left=1:26.25@54,83 dx=-29.6 idx=0/10 dist=20/20 right=1:28.07@61,99 dx=-23.5 idx=9/28 dist=40/92 sel=1:35.18@51,96 dx=-33.1 idx=0/20 dist=40/74 edge=1:28.59@55.0,89.5 dx=-29.0 width=40.8 l=43,106 r=67,73
CxScan: raw_ref=80.0 edge=55.0,89.5 best_raw_x=5 best_err=0.24 best_cxcy=55.2,119.3 scan=0:-1.8,10:2.3,20:6.4,30:10.5,40:14.4,50:18.2,60:21.9,70:25.3,80:28.6,90:31.7,100:34.5,110:37.2,120:39.7,130:42.1,140:44.2
ATGSeedDiag: seed=1@33,108/1@155,99 begin=7,108 block=5 clip=8
ATGLptDiag: best=1(16.2) imip=0/10 pass=10111 acc=-1 ipm=62.1,114.7 inv=29.5,100.5 | 53(14.3) imip=43/54 pass=10111 acc=-1 ipm=12.5,66.3 inv=6.4,37.0
frame=471 line=1 track=1 cross=0 circle=5(CIRCLE_LEFT_RUNNING) round=0 yroad=0 ramp=0 road=6 speed=0 near=10/55 raw=36/153 sel=55/37 far=0/0 far_raw=0/0 l=0@-1/0@-1 far_l=0@-1/0@-1 straight=0/1 far_straight=0/0 circle_cnt=0/0/0/0 lost=1/0 conf=14.0/11.9/0.0/0.0 dist=2033 begin=0/3339 m0=(84,119) ml=(53,97) md=41/1/80 cxcy=84.0,119.6 guide=27.26 atg=-60.0/-60.0/-60.0 pure=10.30/9.97 yaw=-2181 cmd=-2581 actual=-1821 signed=1 rps=7337/263:6155/5023 duty=18/0 pwm=PWM2:18/PWM1:0 motor=2:18/1:0
ATGCorner: L=0@-1/0@-1 Y=0@-1/0@-1 farL=0@-1/0@-1 Lxy=-1.0,-1.0:-1.0,-1.0/-1.0,-1.0:-1.0,-1.0 Yxy=-1.0,-1.0:-1.0,-1.0/-1.0,-1.0:-1.0,-1.0 farLxy=-1.0,-1.0:-1.0,-1.0/-1.0,-1.0:-1.0,-1.0 best=1:62.0,114.7:29.1,100.7:14.0:10111/52:14.6,66.5:8.3,37.2:11.9:10111 seed_src=none/none seed=40.0,91.8/0.0,0.0 far_start=40,0 far_raw=0/0 far_num=0/0 straight=0/1 far_straight=0/0 conf_deg=14.0/11.9/0.0/0.0
CrossDiag: type=CROSS_NONE track=1 half_lr=0/0 nearL=0@-1/0@-1 nearNum=10/55 centerNum=10/55 farL=0@-1/0@-1 farNum=0/0 farRaw=0/0 lost=1/0 not_have=0 final=55/37 flags=0/0
LineErr: aim=41 cxcy=84.0,119.6 left=1:24.83@57,84 dx=-27.4 idx=0/9 dist=18/18 right=1:29.74@59,98 dx=-25.4 idx=9/29 dist=41/90 sel=1:35.68@50,96 dx=-33.6 idx=0/20 dist=40/72 edge=1:27.35@57.0,90.5 dx=-27.0 width=40.8 l=45,107 r=69,74
CxScan: raw_ref=80.0 edge=57.0,90.5 best_raw_x=10 best_err=0.16 best_cxcy=57.1,119.4 scan=0:-4.1,10:0.2,20:4.4,30:8.5,40:12.6,50:16.6,60:20.3,70:23.9,80:27.3,90:30.5,100:33.5,110:36.3,120:39.0,130:41.4,140:43.6
ATGSeedDiag: seed=1@33,108/1@155,99 begin=7,108 block=5 clip=8
ATGLptDiag: best=1(14.0) imip=0/9 pass=10111 acc=-1 ipm=62.0,114.7 inv=29.1,100.7 | 52(11.9) imip=42/54 pass=10111 acc=-1 ipm=14.6,66.5 inv=8.3,37.2
frame=472 line=1 track=1 cross=0 circle=5(CIRCLE_LEFT_RUNNING) round=0 yroad=0 ramp=0 road=6 speed=0 near=10/55 raw=35/153 sel=55/37 far=0/0 far_raw=0/0 l=0@-1/0@-1 far_l=0@-1/0@-1 straight=0/1 far_straight=0/0 circle_cnt=0/0/0/0 lost=1/0 conf=15.7/13.2/0.0/0.0 dist=2049 begin=0/3339 m0=(84,119) ml=(52,97) md=41/1/80 cxcy=84.0,119.6 guide=28.32 atg=-60.0/-60.0/-60.0 pure=10.29/10.00 yaw=-2265 cmd=-2665 actual=-1831 signed=1 rps=7453/147:6511/5319 duty=18/0 pwm=PWM2:18/PWM1:0 motor=2:18/1:0
ATGCorner: L=0@-1/0@-1 Y=0@-1/0@-1 farL=0@-1/0@-1 Lxy=-1.0,-1.0:-1.0,-1.0/-1.0,-1.0:-1.0,-1.0 Yxy=-1.0,-1.0:-1.0,-1.0/-1.0,-1.0:-1.0,-1.0 farLxy=-1.0,-1.0:-1.0,-1.0/-1.0,-1.0:-1.0,-1.0 best=1:61.7,114.7:28.5,100.6:15.7:10111/2:116.2,110.0:141.4,86.5:13.2:10111 seed_src=none/none seed=40.0,91.8/0.0,0.0 far_start=40,0 far_raw=0/0 far_num=0/0 straight=0/1 far_straight=0/0 conf_deg=15.7/13.2/0.0/0.0
CrossDiag: type=CROSS_NONE track=1 half_lr=0/0 nearL=0@-1/0@-1 nearNum=10/55 centerNum=10/55 farL=0@-1/0@-1 farNum=0/0 farRaw=0/0 lost=1/0 not_have=0 final=55/37 flags=0/0
LineErr: aim=41 cxcy=84.0,119.6 left=1:25.25@56,84 dx=-27.9 idx=0/9 dist=18/18 right=1:28.89@60,99 dx=-24.0 idx=9/28 dist=40/91 sel=1:36.41@50,96 dx=-34.3 idx=0/20 dist=40/72 edge=1:28.20@56.0,90.5 dx=-28.0 width=39.7 l=45,107 r=67,74
CxScan: raw_ref=80.0 edge=56.0,90.5 best_raw_x=5 best_err=-0.86 best_cxcy=55.2,119.3 scan=0:-3.0,10:1.3,20:5.5,30:9.6,40:13.7,50:17.6,60:21.3,70:24.9,80:28.2,90:31.4,100:34.3,110:37.1,120:39.6,130:42.0,140:44.2
ATGSeedDiag: seed=1@32,108/1@155,100 begin=7,108 block=5 clip=8
ATGLptDiag: best=1(15.7) imip=0/9 pass=10111 acc=-1 ipm=61.7,114.7 inv=28.5,100.6 | 2(13.2) imip=0/12 pass=10111 acc=-1 ipm=116.2,110.0 inv=141.4,86.5
frame=473 line=1 track=1 cross=0 circle=5(CIRCLE_LEFT_RUNNING) round=0 yroad=0 ramp=0 road=6 speed=0 near=10/54 raw=33/153 sel=54/36 far=0/0 far_raw=0/0 l=0@-1/0@-1 far_l=0@-1/0@-1 straight=0/1 far_straight=0/0 circle_cnt=0/0/0/0 lost=1/0 conf=10.9/16.8/0.0/0.0 dist=2065 begin=0/3339 m0=(84,119) ml=(52,97) md=41/1/78 cxcy=84.0,119.6 guide=28.58 atg=-60.0/-60.0/-60.0 pure=10.29/10.01 yaw=-2286 cmd=-2686 actual=-1853 signed=1 rps=7481/119:6470/5033 duty=18/0 pwm=PWM2:18/PWM1:0 motor=2:18/1:0
ATGCorner: L=0@-1/0@-1 Y=0@-1/0@-1 farL=0@-1/0@-1 Lxy=-1.0,-1.0:-1.0,-1.0/-1.0,-1.0:-1.0,-1.0 Yxy=-1.0,-1.0:-1.0,-1.0/-1.0,-1.0:-1.0,-1.0 farLxy=-1.0,-1.0:-1.0,-1.0/-1.0,-1.0:-1.0,-1.0 best=1:61.5,114.8:27.8,101.0:10.9:10111/51:16.5,66.6:10.0,37.2:16.8:10111 seed_src=none/none seed=40.0,91.8/0.0,0.0 far_start=40,0 far_raw=0/0 far_num=0/0 straight=0/1 far_straight=0/0 conf_deg=10.9/16.8/0.0/0.0
CrossDiag: type=CROSS_NONE track=1 half_lr=0/0 nearL=0@-1/0@-1 nearNum=10/54 centerNum=10/54 farL=0@-1/0@-1 farNum=0/0 farRaw=0/0 lost=1/0 not_have=0 final=54/36 flags=0/0
LineErr: aim=41 cxcy=84.0,119.6 left=1:25.43@56,84 dx=-28.1 idx=0/9 dist=18/18 right=1:29.36@60,99 dx=-24.4 idx=9/28 dist=40/89 sel=1:36.55@50,96 dx=-34.5 idx=0/20 dist=40/70 edge=1:28.63@55.5,90.5 dx=-28.5 width=39.1 l=45,107 r=66,74
CxScan: raw_ref=80.0 edge=55.5,90.5 best_raw_x=5 best_err=-0.31 best_cxcy=55.2,119.3 scan=0:-2.4,10:1.8,20:6.0,30:10.2,40:14.2,50:18.1,60:21.8,70:25.3,80:28.6,90:31.8,100:34.7,110:37.4,120:39.9,130:42.3,140:44.5
ATGSeedDiag: seed=1@32,108/1@155,100 begin=7,108 block=5 clip=8
ATGLptDiag: best=1(10.9) imip=0/9 pass=10111 acc=-1 ipm=61.5,114.8 inv=27.8,101.0 | 51(16.8) imip=41/53 pass=10111 acc=-1 ipm=16.5,66.6 inv=10.0,37.2
frame=474 line=1 track=1 cross=0 circle=5(CIRCLE_LEFT_RUNNING) round=0 yroad=0 ramp=0 road=6 speed=0 near=10/54 raw=32/153 sel=54/36 far=0/0 far_raw=0/0 l=0@-1/0@-1 far_l=0@-1/0@-1 straight=0/1 far_straight=0/0 circle_cnt=0/0/0/0 lost=1/0 conf=10.7/17.4/0.0/0.0 dist=2082 begin=0/3339 m0=(84,119) ml=(51,97) md=41/1/77 cxcy=84.0,119.6 guide=28.70 atg=-60.0/-60.0/-60.0 pure=10.28/10.00 yaw=-2296 cmd=-2696 actual=-1892 signed=1 rps=7495/105:7034/5263 duty=18/0 pwm=PWM2:18/PWM1:0 motor=2:18/1:0
ATGCorner: L=0@-1/0@-1 Y=0@-1/0@-1 farL=0@-1/0@-1 Lxy=-1.0,-1.0:-1.0,-1.0/-1.0,-1.0:-1.0,-1.0 Yxy=-1.0,-1.0:-1.0,-1.0/-1.0,-1.0:-1.0,-1.0 farLxy=-1.0,-1.0:-1.0,-1.0/-1.0,-1.0:-1.0,-1.0 best=7:48.7,108.7:9.7,84.6:10.7:10111/51:16.4,66.6:10.0,37.2:17.4:10111 seed_src=none/none seed=40.0,91.8/0.0,0.0 far_start=40,0 far_raw=0/0 far_num=0/0 straight=0/1 far_straight=0/0 conf_deg=10.7/17.4/0.0/0.0
CrossDiag: type=CROSS_NONE track=1 half_lr=0/0 nearL=0@-1/0@-1 nearNum=10/54 centerNum=10/54 farL=0@-1/0@-1 farNum=0/0 farRaw=0/0 lost=1/0 not_have=0 final=54/36 flags=0/0
LineErr: aim=41 cxcy=84.0,119.6 left=1:25.84@55,84 dx=-28.6 idx=0/9 dist=18/18 right=1:29.37@60,99 dx=-24.4 idx=9/28 dist=40/88 sel=1:36.97@49,96 dx=-34.9 idx=0/20 dist=40/70 edge=1:29.65@54.0,90.0 dx=-30.0 width=39.4 l=44,107 r=64,73
CxScan: raw_ref=80.0 edge=54.0,90.0 best_raw_x=0 best_err=-0.77 best_cxcy=53.3,119.3 scan=0:-0.8,10:3.4,20:7.6,30:11.6,40:15.6,50:19.4,60:23.0,70:26.4,80:29.6,90:32.7,100:35.5,110:38.2,120:40.6,130:42.9,140:45.0
ATGSeedDiag: seed=1@31,108/1@155,101 begin=7,108 block=5 clip=8
ATGLptDiag: best=7(10.7) imip=0/9 pass=10111 acc=-1 ipm=48.7,108.7 inv=9.7,84.6 | 51(17.4) imip=41/53 pass=10111 acc=-1 ipm=16.4,66.6 inv=10.0,37.2
frame=475 line=1 track=1 cross=0 circle=5(CIRCLE_LEFT_RUNNING) round=0 yroad=0 ramp=0 road=6 speed=0 near=9/54 raw=32/153 sel=54/37 far=0/0 far_raw=0/0 l=0@-1/0@-1 far_l=0@-1/0@-1 straight=0/1 far_straight=0/0 circle_cnt=0/0/0/0 lost=1/0 conf=9.9/13.0/0.0/0.0 dist=2099 begin=0/3339 m0=(84,119) ml=(51,97) md=41/1/80 cxcy=84.0,119.6 guide=29.17 atg=-60.0/-60.0/-60.0 pure=10.56/9.94 yaw=-2334 cmd=-2734 actual=-1936 signed=1 rps=7546/54:7301/5363 duty=18/0 pwm=PWM2:18/PWM1:0 motor=2:18/1:0
ATGCorner: L=0@-1/0@-1 Y=0@-1/0@-1 farL=0@-1/0@-1 Lxy=-1.0,-1.0:-1.0,-1.0/-1.0,-1.0:-1.0,-1.0 Yxy=-1.0,-1.0:-1.0,-1.0/-1.0,-1.0:-1.0,-1.0 farLxy=-1.0,-1.0:-1.0,-1.0/-1.0,-1.0:-1.0,-1.0 best=4:55.0,111.4:18.2,91.4:9.9:10111/2:115.9,110.4:141.3,87.3:13.0:10111 seed_src=none/none seed=40.0,91.8/0.0,0.0 far_start=40,0 far_raw=0/0 far_num=0/0 straight=0/1 far_straight=0/0 conf_deg=9.9/13.0/0.0/0.0
CrossDiag: type=CROSS_NONE track=1 half_lr=0/0 nearL=0@-1/0@-1 nearNum=9/54 centerNum=9/54 farL=0@-1/0@-1 farNum=0/0 farRaw=0/0 lost=1/0 not_have=0 final=54/37 flags=0/0
LineErr: aim=41 cxcy=84.0,119.6 left=1:24.43@58,85 dx=-26.4 idx=0/8 dist=16/16 right=1:31.27@58,99 dx=-26.4 idx=9/29 dist=41/89 sel=1:37.45@49,97 dx=-35.2 idx=0/20 dist=40/72 edge=1:28.67@56.0,91.5 dx=-28.0 width=38.6 l=46,108 r=66,75
CxScan: raw_ref=80.0 edge=56.0,91.5 best_raw_x=5 best_err=-0.88 best_cxcy=55.2,119.3 scan=0:-3.0,10:1.3,20:5.6,30:9.8,40:13.9,50:17.9,60:21.7,70:25.3,80:28.7,90:31.8,100:34.8,110:37.6,120:40.2,130:42.5,140:44.8
ATGSeedDiag: seed=1@31,108/1@155,101 begin=7,108 block=5 clip=8
ATGLptDiag: best=4(9.9) imip=0/8 pass=10111 acc=-1 ipm=55.0,111.4 inv=18.2,91.4 | 2(13.0) imip=0/12 pass=10111 acc=-1 ipm=115.9,110.4 inv=141.3,87.3
frame=476 line=1 track=1 cross=0 circle=5(CIRCLE_LEFT_RUNNING) round=0 yroad=0 ramp=0 road=6 speed=0 near=9/54 raw=31/153 sel=54/37 far=0/0 far_raw=0/0 l=0@-1/0@-1 far_l=0@-1/0@-1 straight=0/1 far_straight=0/0 circle_cnt=0/0/0/0 lost=1/0 conf=9.5/14.3/0.0/0.0 dist=2116 begin=0/3339 m0=(84,119) ml=(51,97) md=41/1/80 cxcy=84.0,119.6 guide=29.17 atg=-60.0/-60.0/-60.0 pure=10.56/9.94 yaw=-2334 cmd=-2734 actual=-1982 signed=1 rps=7546/54:7028/5096 duty=18/0 pwm=PWM2:18/PWM1:0 motor=2:18/1:0
ATGCorner: L=0@-1/0@-1 Y=0@-1/0@-1 farL=0@-1/0@-1 Lxy=-1.0,-1.0:-1.0,-1.0/-1.0,-1.0:-1.0,-1.0 Yxy=-1.0,-1.0:-1.0,-1.0/-1.0,-1.0:-1.0,-1.0 farLxy=-1.0,-1.0:-1.0,-1.0/-1.0,-1.0:-1.0,-1.0 best=2:58.7,113.6:23.2,97.4:9.5:10111/2:115.9,110.4:141.3,87.3:14.3:10111 seed_src=none/none seed=40.0,91.8/0.0,0.0 far_start=40,0 far_raw=0/0 far_num=0/0 straight=0/1 far_straight=0/0 conf_deg=9.5/14.3/0.0/0.0
CrossDiag: type=CROSS_NONE track=1 half_lr=0/0 nearL=0@-1/0@-1 nearNum=9/54 centerNum=9/54 farL=0@-1/0@-1 farNum=0/0 farRaw=0/0 lost=1/0 not_have=0 final=54/37 flags=0/0
LineErr: aim=41 cxcy=84.0,119.6 left=1:24.66@57,85 dx=-26.7 idx=0/8 dist=16/16 right=1:31.26@58,99 dx=-26.4 idx=9/29 dist=41/89 sel=1:37.45@49,97 dx=-35.2 idx=0/20 dist=40/72 edge=1:28.67@56.0,91.5 dx=-28.0 width=38.6 l=46,108 r=66,75
CxScan: raw_ref=80.0 edge=56.0,91.5 best_raw_x=5 best_err=-0.88 best_cxcy=55.2,119.3 scan=0:-3.0,10:1.3,20:5.6,30:9.8,40:13.9,50:17.9,60:21.7,70:25.3,80:28.7,90:31.8,100:34.8,110:37.6,120:40.2,130:42.5,140:44.8
ATGSeedDiag: seed=1@30,108/1@155,101 begin=7,108 block=5 clip=8
ATGLptDiag: best=2(9.5) imip=0/8 pass=10111 acc=-1 ipm=58.7,113.6 inv=23.2,97.4 | 2(14.3) imip=0/12 pass=10111 acc=-1 ipm=115.9,110.4 inv=141.3,87.3
frame=477 line=1 track=1 cross=0 circle=5(CIRCLE_LEFT_RUNNING) round=0 yroad=0 ramp=0 road=6 speed=0 near=9/54 raw=32/153 sel=54/37 far=0/0 far_raw=0/0 l=0@-1/0@-1 far_l=0@-1/0@-1 straight=0/1 far_straight=0/0 circle_cnt=0/0/0/0 lost=1/0 conf=9.9/13.2/0.0/0.0 dist=2133 begin=0/3339 m0=(84,119) ml=(51,97) md=42/1/80 cxcy=84.0,119.6 guide=28.22 atg=-60.0/-60.0/-60.0 pure=10.29/9.98 yaw=-2258 cmd=-2658 actual=-2041 signed=1 rps=7442/158:7207/5233 duty=17/0 pwm=PWM2:17/PWM1:0 motor=2:17/1:0
ATGCorner: L=0@-1/0@-1 Y=0@-1/0@-1 farL=0@-1/0@-1 Lxy=-1.0,-1.0:-1.0,-1.0/-1.0,-1.0:-1.0,-1.0 Yxy=-1.0,-1.0:-1.0,-1.0/-1.0,-1.0:-1.0,-1.0 farLxy=-1.0,-1.0:-1.0,-1.0/-1.0,-1.0:-1.0,-1.0 best=4:54.6,111.5:17.3,91.6:9.9:10111/10:104.3,95.8:105.6,61.4:13.2:10111 seed_src=none/none seed=40.0,91.8/0.0,0.0 far_start=40,0 far_raw=0/0 far_num=0/0 straight=0/1 far_straight=0/0 conf_deg=9.9/13.2/0.0/0.0
CrossDiag: type=CROSS_NONE track=1 half_lr=0/0 nearL=0@-1/0@-1 nearNum=9/54 centerNum=9/54 farL=0@-1/0@-1 farNum=0/0 farRaw=0/0 lost=1/0 not_have=0 final=54/37 flags=0/0
LineErr: aim=41 cxcy=84.0,119.6 left=1:24.73@57,85 dx=-26.7 idx=0/8 dist=16/16 right=1:29.86@59,100 dx=-24.8 idx=9/28 dist=40/89 sel=1:36.91@49,96 dx=-34.8 idx=0/20 dist=40/72 edge=1:28.43@56.0,91.0 dx=-28.0 width=39.4 l=46,108 r=66,74
CxScan: raw_ref=80.0 edge=56.0,91.0 best_raw_x=5 best_err=-0.87 best_cxcy=55.2,119.3 scan=0:-3.0,10:1.3,20:5.5,30:9.7,40:13.8,50:17.7,60:21.5,70:25.1,80:28.4,90:31.6,100:34.6,110:37.3,120:39.9,130:42.3,140:44.5
ATGSeedDiag: seed=1@30,108/1@155,101 begin=7,108 block=5 clip=8
ATGLptDiag: best=4(9.9) imip=0/8 pass=10111 acc=-1 ipm=54.6,111.5 inv=17.3,91.6 | 10(13.2) imip=0/20 pass=10111 acc=-1 ipm=104.3,95.8 inv=105.6,61.4
frame=478 line=1 track=1 cross=0 circle=5(CIRCLE_LEFT_RUNNING) round=0 yroad=0 ramp=0 road=6 speed=0 near=9/54 raw=30/153 sel=54/37 far=0/0 far_raw=0/0 l=0@-1/0@-1 far_l=0@-1/0@-1 straight=0/1 far_straight=0/0 circle_cnt=0/0/0/0 lost=1/0 conf=10.5/12.3/0.0/0.0 dist=2149 begin=0/3339 m0=(84,119) ml=(51,97) md=42/1/80 cxcy=84.0,119.6 guide=28.34 atg=-60.0/-60.0/-60.0 pure=10.43/9.97 yaw=-2267 cmd=-2615 actual=-2094 signed=1 rps=7383/217:6736/4868 duty=18/0 pwm=PWM2:18/PWM1:0 motor=2:18/1:0
ATGCorner: L=0@-1/0@-1 Y=0@-1/0@-1 farL=0@-1/0@-1 Lxy=-1.0,-1.0:-1.0,-1.0/-1.0,-1.0:-1.0,-1.0 Yxy=-1.0,-1.0:-1.0,-1.0/-1.0,-1.0:-1.0,-1.0 farLxy=-1.0,-1.0:-1.0,-1.0/-1.0,-1.0:-1.0,-1.0 best=2:58.2,113.6:22.1,97.4:10.5:10111/8:107.6,99.0:112.9,65.9:12.3:10111 seed_src=none/none seed=40.0,91.8/0.0,0.0 far_start=40,0 far_raw=0/0 far_num=0/0 straight=0/1 far_straight=0/0 conf_deg=10.5/12.3/0.0/0.0
CrossDiag: type=CROSS_NONE track=1 half_lr=0/0 nearL=0@-1/0@-1 nearNum=9/54 centerNum=9/54 farL=0@-1/0@-1 farNum=0/0 farRaw=0/0 lost=1/0 not_have=0 final=54/37 flags=0/0
LineErr: aim=41 cxcy=84.0,119.6 left=1:25.26@57,85 dx=-27.4 idx=0/8 dist=16/16 right=1:31.17@58,99 dx=-26.5 idx=9/29 dist=41/88 sel=1:37.21@49,97 dx=-35.0 idx=0/20 dist=40/72 edge=1:28.86@55.5,91.0 dx=-28.5 width=40.0 l=45,108 r=66,74
CxScan: raw_ref=80.0 edge=55.5,91.0 best_raw_x=5 best_err=-0.31 best_cxcy=55.2,119.3 scan=0:-2.5,10:1.8,20:6.1,30:10.3,40:14.3,50:18.2,60:22.0,70:25.5,80:28.9,90:32.0,100:34.9,110:37.7,120:40.2,130:42.6,140:44.8
ATGSeedDiag: seed=1@29,108/1@155,101 begin=7,108 block=5 clip=8
ATGLptDiag: best=2(10.5) imip=0/8 pass=10111 acc=-1 ipm=58.2,113.6 inv=22.1,97.4 | 8(12.3) imip=0/18 pass=10111 acc=-1 ipm=107.6,99.0 inv=112.9,65.9
frame=479 line=1 track=1 cross=0 circle=5(CIRCLE_LEFT_RUNNING) round=0 yroad=0 ramp=0 road=6 speed=0 near=9/54 raw=29/153 sel=54/36 far=0/0 far_raw=0/0 l=0@-1/0@-1 far_l=0@-1/0@-1 straight=0/1 far_straight=0/0 circle_cnt=0/0/0/0 lost=1/0 conf=9.2/21.3/0.0/0.0 dist=2164 begin=0/3339 m0=(84,119) ml=(51,98) md=41/1/78 cxcy=84.0,119.6 guide=29.24 atg=-60.0/-60.0/-60.0 pure=10.56/10.06 yaw=-2339 cmd=-2707 actual=-2155 signed=1 rps=7510/90:6725/4876 duty=18/0 pwm=PWM2:18/PWM1:0 motor=2:18/1:0
ATGCorner: L=0@-1/0@-1 Y=0@-1/0@-1 farL=0@-1/0@-1 Lxy=-1.0,-1.0:-1.0,-1.0/-1.0,-1.0:-1.0,-1.0 Yxy=-1.0,-1.0:-1.0,-1.0/-1.0,-1.0:-1.0,-1.0 farLxy=-1.0,-1.0:-1.0,-1.0/-1.0,-1.0:-1.0,-1.0 best=5:51.9,110.6:13.0,89.3:9.2:10111/52:13.4,68.1:5.9,38.1:21.3:10111 seed_src=none/none seed=40.0,91.8/0.0,0.0 far_start=40,0 far_raw=0/0 far_num=0/0 straight=0/1 far_straight=0/0 conf_deg=9.2/21.3/0.0/0.0
CrossDiag: type=CROSS_NONE track=1 half_lr=0/0 nearL=0@-1/0@-1 nearNum=9/54 centerNum=9/54 farL=0@-1/0@-1 farNum=0/0 farRaw=0/0 lost=1/0 not_have=0 final=54/36 flags=0/0
LineErr: aim=41 cxcy=84.0,119.6 left=1:25.49@56,85 dx=-27.7 idx=0/8 dist=16/16 right=1:31.42@57,99 dx=-26.6 idx=9/29 dist=41/88 sel=1:37.46@49,97 dx=-35.1 idx=0/20 dist=40/70 edge=1:28.24@56.5,91.5 dx=-27.5 width=40.2 l=45,108 r=68,75
CxScan: raw_ref=80.0 edge=56.5,91.5 best_raw_x=10 best_err=0.72 best_cxcy=57.1,119.4 scan=0:-3.6,10:0.7,20:5.0,30:9.3,40:13.4,50:17.4,60:21.2,70:24.8,80:28.2,90:31.4,100:34.4,110:37.2,120:39.8,130:42.2,140:44.5
ATGSeedDiag: seed=1@29,108/1@155,101 begin=7,108 block=5 clip=8
ATGLptDiag: best=5(9.2) imip=0/8 pass=10111 acc=-1 ipm=51.9,110.6 inv=13.0,89.3 | 52(21.3) imip=42/53 pass=10111 acc=-1 ipm=13.4,68.1 inv=5.9,38.1
frame=480 line=1 track=1 cross=0 circle=5(CIRCLE_LEFT_RUNNING) round=0 yroad=0 ramp=0 road=6 speed=0 near=9/53 raw=29/153 sel=53/36 far=0/0 far_raw=0/0 l=0@-1/0@-1 far_l=0@-1/0@-1 straight=0/1 far_straight=0/0 circle_cnt=0/0/0/0 lost=1/0 conf=11.7/14.1/0.0/0.0 dist=2181 begin=0/3339 m0=(84,119) ml=(51,97) md=41/1/78 cxcy=84.0,119.6 guide=29.53 atg=-60.0/-60.0/-60.0 pure=10.55/10.15 yaw=-2362 cmd=-2668 actual=-2209 signed=1 rps=7456/144:6781/4798 duty=18/0 pwm=PWM2:18/PWM1:0 motor=2:18/1:0
ATGCorner: L=0@-1/0@-1 Y=0@-1/0@-1 farL=0@-1/0@-1 Lxy=-1.0,-1.0:-1.0,-1.0/-1.0,-1.0:-1.0,-1.0 Yxy=-1.0,-1.0:-1.0,-1.0/-1.0,-1.0:-1.0,-1.0 farLxy=-1.0,-1.0:-1.0,-1.0/-1.0,-1.0:-1.0,-1.0 best=7:47.3,109.0:6.3,85.4:11.7:10111/51:15.7,68.1:8.1,38.1:14.1:10111 seed_src=none/none seed=40.0,91.8/0.0,0.0 far_start=40,0 far_raw=0/0 far_num=0/0 straight=0/1 far_straight=0/0 conf_deg=11.7/14.1/0.0/0.0
CrossDiag: type=CROSS_NONE track=1 half_lr=0/0 nearL=0@-1/0@-1 nearNum=9/53 centerNum=9/53 farL=0@-1/0@-1 farNum=0/0 farRaw=0/0 lost=1/0 not_have=0 final=53/36 flags=0/0
LineErr: aim=41 cxcy=84.0,119.6 left=1:25.79@56,85 dx=-28.0 idx=0/8 dist=16/16 right=1:31.49@58,100 dx=-26.4 idx=9/29 dist=40/86 sel=1:37.74@49,97 dx=-35.4 idx=0/20 dist=40/70 edge=1:29.70@54.5,91.0 dx=-29.5 width=38.9 l=45,108 r=64,74
CxScan: raw_ref=80.0 edge=54.5,91.0 best_raw_x=5 best_err=0.80 best_cxcy=55.2,119.3 scan=0:-1.3,10:2.9,20:7.2,30:11.3,40:15.3,50:19.2,60:22.9,70:26.4,80:29.7,90:32.8,100:35.7,110:38.4,120:40.8,130:43.2,140:45.3
ATGSeedDiag: seed=1@28,108/1@155,101 begin=7,108 block=5 clip=8
ATGLptDiag: best=7(11.7) imip=0/8 pass=10111 acc=-1 ipm=47.3,109.0 inv=6.3,85.4 | 51(14.1) imip=41/52 pass=10111 acc=-1 ipm=15.7,68.1 inv=8.1,38.1
frame=481 line=1 track=1 cross=0 circle=5(CIRCLE_LEFT_RUNNING) round=0 yroad=0 ramp=0 road=6 speed=0 near=9/53 raw=28/153 sel=53/35 far=0/0 far_raw=0/0 l=0@-1/0@-1 far_l=0@-1/0@-1 straight=0/1 far_straight=0/0 circle_cnt=0/0/0/0 lost=1/0 conf=9.8/12.2/0.0/0.0 dist=2196 begin=0/3339 m0=(84,119) ml=(51,98) md=41/1/76 cxcy=84.0,119.6 guide=29.31 atg=-60.0/-60.0/-60.0 pure=10.55/10.34 yaw=-2345 cmd=-2500 actual=-2267 signed=1 rps=7227/373:6808/4566 duty=17/0 pwm=PWM2:17/PWM1:0 motor=2:17/1:0
ATGCorner: L=0@-1/0@-1 Y=0@-1/0@-1 farL=0@-1/0@-1 Lxy=-1.0,-1.0:-1.0,-1.0/-1.0,-1.0:-1.0,-1.0 Yxy=-1.0,-1.0:-1.0,-1.0/-1.0,-1.0:-1.0,-1.0 farLxy=-1.0,-1.0:-1.0,-1.0/-1.0,-1.0:-1.0,-1.0 best=1:59.7,114.9:23.8,101.2:9.8:10111/1:116.6,112.5:147.0,93.0:12.2:10111 seed_src=none/none seed=40.0,91.8/0.0,0.0 far_start=40,0 far_raw=0/0 far_num=0/0 straight=0/1 far_straight=0/0 conf_deg=9.8/12.2/0.0/0.0
CrossDiag: type=CROSS_NONE track=1 half_lr=0/0 nearL=0@-1/0@-1 nearNum=9/53 centerNum=9/53 farL=0@-1/0@-1 farNum=0/0 farRaw=0/0 lost=1/0 not_have=0 final=53/35 flags=0/0
LineErr: aim=41 cxcy=84.0,119.6 left=1:25.93@56,85 dx=-28.2 idx=0/8 dist=16/16 right=1:31.79@58,100 dx=-26.5 idx=9/29 dist=41/86 sel=1:38.16@48,97 dx=-35.7 idx=0/20 dist=40/68 edge=1:29.10@55.5,91.5 dx=-28.5 width=39.1 l=45,108 r=66,75
CxScan: raw_ref=80.0 edge=55.5,91.5 best_raw_x=5 best_err=-0.32 best_cxcy=55.2,119.3 scan=0:-2.5,10:1.8,20:6.1,30:10.3,40:14.4,50:18.4,60:22.2,70:25.7,80:29.1,90:32.2,100:35.2,110:37.9,120:40.5,130:42.8,140:45.0
ATGSeedDiag: seed=1@28,108/1@155,101 begin=7,108 block=5 clip=8
ATGLptDiag: best=1(9.8) imip=0/8 pass=10111 acc=-1 ipm=59.7,114.9 inv=23.8,101.2 | 1(12.2) imip=0/11 pass=10111 acc=-1 ipm=116.6,112.5 inv=147.0,93.0
frame=482 line=1 track=1 cross=0 circle=5(CIRCLE_LEFT_RUNNING) round=0 yroad=0 ramp=0 road=6 speed=0 near=8/53 raw=28/153 sel=53/36 far=0/0 far_raw=0/0 l=0@-1/0@-1 far_l=0@-1/0@-1 straight=0/1 far_straight=0/0 circle_cnt=0/0/0/0 lost=1/0 conf=9.0/11.7/0.0/0.0 dist=2213 begin=0/3339 m0=(84,119) ml=(50,98) md=42/1/78 cxcy=84.0,119.6 guide=29.46 atg=-60.0/-60.0/-60.0 pure=10.55/10.24 yaw=-2357 cmd=-2405 actual=-2332 signed=1 rps=7096/504:7417/4892 duty=16/0 pwm=PWM2:16/PWM1:0 motor=2:16/1:0
ATGCorner: L=0@-1/0@-1 Y=0@-1/0@-1 farL=0@-1/0@-1 Lxy=-1.0,-1.0:-1.0,-1.0/-1.0,-1.0:-1.0,-1.0 Yxy=-1.0,-1.0:-1.0,-1.0/-1.0,-1.0:-1.0,-1.0 farLxy=-1.0,-1.0:-1.0,-1.0/-1.0,-1.0:-1.0,-1.0 best=5:51.4,110.7:11.9,89.6:9.0:10111/1:116.6,112.5:147.0,93.0:11.7:10111 seed_src=none/none seed=40.0,91.8/0.0,0.0 far_start=40,0 far_raw=0/0 far_num=0/0 straight=0/1 far_straight=0/0 conf_deg=9.0/11.7/0.0/0.0
CrossDiag: type=CROSS_NONE track=1 half_lr=0/0 nearL=0@-1/0@-1 nearNum=8/53 centerNum=8/53 farL=0@-1/0@-1 farNum=0/0 farRaw=0/0 lost=1/0 not_have=0 final=53/36 flags=0/0
LineErr: aim=41 cxcy=84.0,119.6 left=1:24.33@58,86 dx=-25.8 idx=0/7 dist=14/14 right=1:31.93@57,100 dx=-26.7 idx=9/29 dist=41/86 sel=1:38.32@48,98 dx=-35.8 idx=0/20 dist=40/70 edge=1:28.91@56.0,92.0 dx=-28.0 width=38.5 l=47,109 r=65,75
CxScan: raw_ref=80.0 edge=56.0,92.0 best_raw_x=5 best_err=-0.89 best_cxcy=55.2,119.3 scan=0:-3.1,10:1.3,20:5.6,30:9.9,40:14.1,50:18.1,60:21.9,70:25.5,80:28.9,90:32.1,100:35.1,110:37.9,120:40.4,130:42.8,140:45.0
ATGSeedDiag: seed=1@28,108/1@155,101 begin=7,108 block=5 clip=8
ATGLptDiag: best=5(9.0) imip=0/7 pass=10111 acc=-1 ipm=51.4,110.7 inv=11.9,89.6 | 1(11.7) imip=0/11 pass=10111 acc=-1 ipm=116.6,112.5 inv=147.0,93.0
frame=483 line=1 track=1 cross=0 circle=5(CIRCLE_LEFT_RUNNING) round=0 yroad=0 ramp=0 road=6 speed=0 near=8/53 raw=28/153 sel=53/36 far=0/0 far_raw=0/0 l=0@-1/0@-1 far_l=0@-1/0@-1 straight=0/1 far_straight=0/0 circle_cnt=0/0/0/0 lost=1/0 conf=9.9/14.0/0.0/0.0 dist=2231 begin=0/3339 m0=(84,119) ml=(51,98) md=41/1/78 cxcy=84.0,119.6 guide=29.83 atg=-60.0/-60.0/-60.0 pure=10.55/10.24 yaw=-2387 cmd=-2396 actual=-2382 signed=1 rps=7083/517:7262/4928 duty=16/0 pwm=PWM2:16/PWM1:0 motor=2:16/1:0
ATGCorner: L=0@-1/0@-1 Y=0@-1/0@-1 farL=0@-1/0@-1 Lxy=-1.0,-1.0:-1.0,-1.0/-1.0,-1.0:-1.0,-1.0 Yxy=-1.0,-1.0:-1.0,-1.0/-1.0,-1.0:-1.0,-1.0 farLxy=-1.0,-1.0:-1.0,-1.0/-1.0,-1.0:-1.0,-1.0 best=2:57.4,113.6:20.3,97.5:9.9:10111/2:115.8,110.4:141.2,87.4:14.0:10111 seed_src=none/none seed=40.0,91.8/0.0,0.0 far_start=40,0 far_raw=0/0 far_num=0/0 straight=0/1 far_straight=0/0 conf_deg=9.9/14.0/0.0/0.0
CrossDiag: type=CROSS_NONE track=1 half_lr=0/0 nearL=0@-1/0@-1 nearNum=8/53 centerNum=8/53 farL=0@-1/0@-1 farNum=0/0 farRaw=0/0 lost=1/0 not_have=0 final=53/36 flags=0/0
LineErr: aim=41 cxcy=84.0,119.6 left=1:24.41@58,86 dx=-25.9 idx=0/7 dist=14/14 right=1:31.68@58,100 dx=-26.4 idx=9/29 dist=41/86 sel=1:38.09@48,97 dx=-35.6 idx=0/20 dist=40/70 edge=1:28.47@56.5,92.0 dx=-27.5 width=38.9 l=47,109 r=66,75
CxScan: raw_ref=80.0 edge=56.5,92.0 best_raw_x=10 best_err=0.73 best_cxcy=57.1,119.4 scan=0:-3.6,10:0.7,20:5.1,30:9.3,40:13.5,50:17.5,60:21.4,70:25.0,80:28.5,90:31.7,100:34.7,110:37.5,120:40.1,130:42.5,140:44.8
ATGSeedDiag: seed=1@27,108/1@155,101 begin=7,108 block=5 clip=8
ATGLptDiag: best=2(9.9) imip=0/7 pass=10111 acc=-1 ipm=57.4,113.6 inv=20.3,97.5 | 2(14.0) imip=0/12 pass=10111 acc=-1 ipm=115.8,110.4 inv=141.2,87.4
frame=484 line=1 track=1 cross=0 circle=5(CIRCLE_LEFT_RUNNING) round=0 yroad=0 ramp=0 road=6 speed=0 near=8/53 raw=28/153 sel=53/35 far=0/0 far_raw=0/0 l=0@-1/0@-1 far_l=0@-1/0@-1 straight=0/1 far_straight=0/0 circle_cnt=0/0/0/0 lost=1/0 conf=9.4/15.5/0.0/0.0 dist=2249 begin=0/3339 m0=(84,119) ml=(51,98) md=41/1/75 cxcy=84.0,119.6 guide=29.38 atg=-60.0/-60.0/-60.0 pure=10.56/10.31 yaw=-2350 cmd=-2239 actual=-2406 signed=1 rps=6868/732:7598/5317 duty=15/0 pwm=PWM2:15/PWM1:0 motor=2:15/1:0
ATGCorner: L=0@-1/0@-1 Y=0@-1/0@-1 farL=0@-1/0@-1 Lxy=-1.0,-1.0:-1.0,-1.0/-1.0,-1.0:-1.0,-1.0 Yxy=-1.0,-1.0:-1.0,-1.0/-1.0,-1.0:-1.0,-1.0 farLxy=-1.0,-1.0:-1.0,-1.0/-1.0,-1.0:-1.0,-1.0 best=6:49.0,109.8:8.3,87.4:9.4:10111/50:18.0,68.3:10.2,38.2:15.5:10111 seed_src=none/none seed=40.0,91.8/0.0,0.0 far_start=40,0 far_raw=0/0 far_num=0/0 straight=0/1 far_straight=0/0 conf_deg=9.4/15.5/0.0/0.0
CrossDiag: type=CROSS_NONE track=1 half_lr=0/0 nearL=0@-1/0@-1 nearNum=8/53 centerNum=8/53 farL=0@-1/0@-1 farNum=0/0 farRaw=0/0 lost=1/0 not_have=0 final=53/35 flags=0/0
LineErr: aim=41 cxcy=84.0,119.6 left=1:24.42@58,86 dx=-25.9 idx=0/7 dist=14/14 right=1:31.13@58,100 dx=-26.0 idx=9/29 dist=41/86 sel=1:37.68@49,97 dx=-35.2 idx=0/20 dist=40/68 edge=1:28.47@56.5,92.0 dx=-27.5 width=38.9 l=47,109 r=66,75
CxScan: raw_ref=80.0 edge=56.5,92.0 best_raw_x=10 best_err=0.73 best_cxcy=57.1,119.4 scan=0:-3.6,10:0.7,20:5.1,30:9.3,40:13.5,50:17.5,60:21.4,70:25.0,80:28.5,90:31.7,100:34.7,110:37.5,120:40.1,130:42.5,140:44.8
ATGSeedDiag: seed=1@27,108/1@155,100 begin=7,108 block=5 clip=8
ATGLptDiag: best=6(9.4) imip=0/7 pass=10111 acc=-1 ipm=49.0,109.8 inv=8.3,87.4 | 50(15.5) imip=40/52 pass=10111 acc=-1 ipm=18.0,68.3 inv=10.2,38.2
frame=485 line=1 track=1 cross=0 circle=5(CIRCLE_LEFT_RUNNING) round=0 yroad=0 ramp=0 road=6 speed=0 near=8/54 raw=28/153 sel=54/36 far=0/0 far_raw=0/0 l=0@-1/0@-1 far_l=0@-1/0@-1 straight=0/1 far_straight=0/0 circle_cnt=0/0/0/0 lost=1/0 conf=9.9/11.6/0.0/0.0 dist=2266 begin=0/3339 m0=(84,119) ml=(51,97) md=41/1/77 cxcy=84.0,119.6 guide=29.05 atg=-60.0/-60.0/-60.0 pure=10.57/10.27 yaw=-2324 cmd=-2153 actual=-2409 signed=1 rps=6750/850:7217/5100 duty=15/0 pwm=PWM2:15/PWM1:0 motor=2:15/1:0
ATGCorner: L=0@-1/0@-1 Y=0@-1/0@-1 farL=0@-1/0@-1 Lxy=-1.0,-1.0:-1.0,-1.0/-1.0,-1.0:-1.0,-1.0 Yxy=-1.0,-1.0:-1.0,-1.0/-1.0,-1.0:-1.0,-1.0 farLxy=-1.0,-1.0:-1.0,-1.0/-1.0,-1.0:-1.0,-1.0 best=1:59.3,114.8:22.9,101.1:9.9:10111/1:117.0,112.2:147.1,92.1:11.6:10111 seed_src=none/none seed=40.0,91.8/0.0,0.0 far_start=40,0 far_raw=0/0 far_num=0/0 straight=0/1 far_straight=0/0 conf_deg=9.9/11.6/0.0/0.0
CrossDiag: type=CROSS_NONE track=1 half_lr=0/0 nearL=0@-1/0@-1 nearNum=8/54 centerNum=8/54 farL=0@-1/0@-1 farNum=0/0 farRaw=0/0 lost=1/0 not_have=0 final=54/36 flags=0/0
LineErr: aim=41 cxcy=84.0,119.6 left=1:24.48@58,86 dx=-26.0 idx=0/7 dist=14/14 right=1:30.91@58,99 dx=-25.9 idx=9/29 dist=41/88 sel=1:37.44@49,97 dx=-35.0 idx=0/20 dist=40/70 edge=1:28.47@56.5,92.0 dx=-27.5 width=38.9 l=47,109 r=66,75
CxScan: raw_ref=80.0 edge=56.5,92.0 best_raw_x=10 best_err=0.73 best_cxcy=57.1,119.4 scan=0:-3.6,10:0.7,20:5.1,30:9.3,40:13.5,50:17.5,60:21.4,70:25.0,80:28.5,90:31.7,100:34.7,110:37.5,120:40.1,130:42.5,140:44.8
ATGSeedDiag: seed=1@27,108/1@155,100 begin=7,108 block=5 clip=8
ATGLptDiag: best=1(9.9) imip=0/7 pass=10111 acc=-1 ipm=59.3,114.8 inv=22.9,101.1 | 1(11.6) imip=0/11 pass=10111 acc=-1 ipm=117.0,112.2 inv=147.1,92.1
frame=487 line=1 track=1 cross=0 circle=5(CIRCLE_LEFT_RUNNING) round=0 yroad=0 ramp=0 road=6 speed=0 near=8/53 raw=27/153 sel=53/35 far=0/0 far_raw=0/0 l=0@-1/0@-1 far_l=0@-1/0@-1 straight=0/1 far_straight=0/0 circle_cnt=0/0/0/0 lost=1/0 conf=8.1/14.2/0.0/0.0 dist=2300 begin=0/3339 m0=(84,119) ml=(51,98) md=41/1/75 cxcy=84.0,119.6 guide=29.31 atg=-60.0/-60.0/-60.0 pure=10.56/10.33 yaw=-2345 cmd=-2269 actual=-2383 signed=1 rps=6910/690:7244/5586 duty=15/0 pwm=PWM2:15/PWM1:0 motor=2:15/1:0
ATGCorner: L=0@-1/0@-1 Y=0@-1/0@-1 farL=0@-1/0@-1 Lxy=-1.0,-1.0:-1.0,-1.0/-1.0,-1.0:-1.0,-1.0 Yxy=-1.0,-1.0:-1.0,-1.0/-1.0,-1.0:-1.0,-1.0 farLxy=-1.0,-1.0:-1.0,-1.0/-1.0,-1.0:-1.0,-1.0 best=5:51.0,110.7:10.9,89.6:8.1:10111/49:20.3,68.1:12.6,38.0:14.2:10111 seed_src=none/none seed=40.0,91.8/0.0,0.0 far_start=40,0 far_raw=0/0 far_num=0/0 straight=0/1 far_straight=0/0 conf_deg=8.1/14.2/0.0/0.0
CrossDiag: type=CROSS_NONE track=1 half_lr=0/0 nearL=0@-1/0@-1 nearNum=8/53 centerNum=8/53 farL=0@-1/0@-1 farNum=0/0 farRaw=0/0 lost=1/0 not_have=0 final=53/35 flags=0/0
LineErr: aim=41 cxcy=84.0,119.6 left=1:24.63@58,86 dx=-26.2 idx=0/7 dist=14/14 right=1:31.23@58,100 dx=-26.2 idx=9/29 dist=40/85 sel=1:37.60@49,97 dx=-35.2 idx=0/20 dist=40/68 edge=1:28.47@56.5,92.0 dx=-27.5 width=38.9 l=47,109 r=66,75
CxScan: raw_ref=80.0 edge=56.5,92.0 best_raw_x=10 best_err=0.73 best_cxcy=57.1,119.4 scan=0:-3.6,10:0.7,20:5.1,30:9.3,40:13.5,50:17.5,60:21.4,70:25.0,80:28.5,90:31.7,100:34.7,110:37.5,120:40.1,130:42.5,140:44.8
ATGSeedDiag: seed=1@27,108/1@155,100 begin=7,108 block=5 clip=8
ATGLptDiag: best=5(8.1) imip=0/7 pass=10111 acc=-1 ipm=51.0,110.7 inv=10.9,89.6 | 49(14.2) imip=39/52 pass=10111 acc=-1 ipm=20.3,68.1 inv=12.6,38.0
frame=488 line=1 track=1 cross=0 circle=5(CIRCLE_LEFT_RUNNING) round=0 yroad=0 ramp=0 road=6 speed=0 near=8/53 raw=27/153 sel=53/36 far=0/0 far_raw=0/0 l=0@-1/0@-1 far_l=0@-1/0@-1 straight=0/1 far_straight=0/0 circle_cnt=0/0/0/0 lost=1/0 conf=9.3/13.5/0.0/0.0 dist=2316 begin=0/3339 m0=(84,119) ml=(50,98) md=41/1/78 cxcy=84.0,119.6 guide=30.19 atg=-60.0/-60.0/-60.0 pure=10.80/10.20 yaw=-2415 cmd=-2517 actual=-2364 signed=1 rps=7250/350:6633/5194 duty=17/0 pwm=PWM2:17/PWM1:0 motor=2:17/1:0
ATGCorner: L=0@-1/0@-1 Y=0@-1/0@-1 farL=0@-1/0@-1 Lxy=-1.0,-1.0:-1.0,-1.0/-1.0,-1.0:-1.0,-1.0 Yxy=-1.0,-1.0:-1.0,-1.0/-1.0,-1.0:-1.0,-1.0 farLxy=-1.0,-1.0:-1.0,-1.0/-1.0,-1.0:-1.0,-1.0 best=3:54.9,112.6:16.3,94.4:9.3:10111/2:115.5,110.7:141.1,88.2:13.5:10111 seed_src=none/none seed=40.0,91.8/0.0,0.0 far_start=40,0 far_raw=0/0 far_num=0/0 straight=0/1 far_straight=0/0 conf_deg=9.3/13.5/0.0/0.0
CrossDiag: type=CROSS_NONE track=1 half_lr=0/0 nearL=0@-1/0@-1 nearNum=8/53 centerNum=8/53 farL=0@-1/0@-1 farNum=0/0 farRaw=0/0 lost=1/0 not_have=0 final=53/36 flags=0/0
LineErr: aim=41 cxcy=84.0,119.6 left=1:24.89@58,86 dx=-26.5 idx=0/7 dist=14/14 right=1:32.23@57,100 dx=-26.9 idx=9/29 dist=41/87 sel=1:38.58@48,97 dx=-36.1 idx=0/20 dist=40/70 edge=1:29.34@55.5,92.0 dx=-28.5 width=38.9 l=46,109 r=65,75
CxScan: raw_ref=80.0 edge=55.5,92.0 best_raw_x=5 best_err=-0.32 best_cxcy=55.2,119.3 scan=0:-2.5,10:1.9,20:6.2,30:10.4,40:14.6,50:18.6,60:22.4,70:26.0,80:29.3,90:32.5,100:35.5,110:38.2,120:40.8,130:43.1,140:45.3
ATGSeedDiag: seed=1@26,108/1@155,102 begin=7,108 block=5 clip=8
ATGLptDiag: best=3(9.3) imip=0/7 pass=10111 acc=-1 ipm=54.9,112.6 inv=16.3,94.4 | 2(13.5) imip=0/12 pass=10111 acc=-1 ipm=115.5,110.7 inv=141.1,88.2
frame=489 line=1 track=1 cross=0 circle=5(CIRCLE_LEFT_RUNNING) round=0 yroad=0 ramp=0 road=6 speed=0 near=8/53 raw=26/153 sel=53/36 far=0/0 far_raw=0/0 l=0@-1/0@-1 far_l=0@-1/0@-1 straight=0/1 far_straight=0/0 circle_cnt=0/0/0/0 lost=1/0 conf=8.6/13.1/0.0/0.0 dist=2332 begin=0/3339 m0=(84,119) ml=(50,98) md=41/1/77 cxcy=84.0,119.6 guide=30.19 atg=-60.0/-60.0/-60.0 pure=10.61/10.22 yaw=-2415 cmd=-2572 actual=-2337 signed=1 rps=7325/275:6948/5221 duty=17/0 pwm=PWM2:17/PWM1:0 motor=2:17/1:0
ATGCorner: L=0@-1/0@-1 Y=0@-1/0@-1 farL=0@-1/0@-1 Lxy=-1.0,-1.0:-1.0,-1.0/-1.0,-1.0:-1.0,-1.0 Yxy=-1.0,-1.0:-1.0,-1.0/-1.0,-1.0:-1.0,-1.0 farLxy=-1.0,-1.0:-1.0,-1.0/-1.0,-1.0:-1.0,-1.0 best=5:50.5,110.8:10.0,89.7:8.6:10111/2:115.4,110.7:141.1,88.2:13.1:10111 seed_src=none/none seed=40.0,91.8/0.0,0.0 far_start=40,0 far_raw=0/0 far_num=0/0 straight=0/1 far_straight=0/0 conf_deg=8.6/13.1/0.0/0.0
CrossDiag: type=CROSS_NONE track=1 half_lr=0/0 nearL=0@-1/0@-1 nearNum=8/53 centerNum=8/53 farL=0@-1/0@-1 farNum=0/0 farRaw=0/0 lost=1/0 not_have=0 final=53/36 flags=0/0
LineErr: aim=41 cxcy=84.0,119.6 left=1:25.10@57,86 dx=-26.8 idx=0/7 dist=14/14 right=1:32.04@57,100 dx=-26.8 idx=9/29 dist=41/86 sel=1:38.58@48,97 dx=-36.1 idx=0/20 dist=40/70 edge=1:29.34@55.5,92.0 dx=-28.5 width=38.9 l=46,109 r=65,75
CxScan: raw_ref=80.0 edge=55.5,92.0 best_raw_x=5 best_err=-0.32 best_cxcy=55.2,119.3 scan=0:-2.5,10:1.9,20:6.2,30:10.4,40:14.6,50:18.6,60:22.4,70:26.0,80:29.3,90:32.5,100:35.5,110:38.2,120:40.8,130:43.1,140:45.3
ATGSeedDiag: seed=1@26,108/1@155,102 begin=7,108 block=5 clip=8
ATGLptDiag: best=5(8.6) imip=0/7 pass=10111 acc=-1 ipm=50.5,110.8 inv=10.0,89.7 | 2(13.1) imip=0/12 pass=10111 acc=-1 ipm=115.4,110.7 inv=141.1,88.2
frame=490 line=1 track=1 cross=0 circle=5(CIRCLE_LEFT_RUNNING) round=0 yroad=0 ramp=0 road=6 speed=0 near=8/53 raw=26/153 sel=53/35 far=0/0 far_raw=0/0 l=0@-1/0@-1 far_l=0@-1/0@-1 straight=0/1 far_straight=0/0 circle_cnt=0/0/0/0 lost=1/0 conf=9.6/20.7/0.0/0.0 dist=2348 begin=0/3339 m0=(84,119) ml=(50,98) md=41/1/75 cxcy=84.0,119.6 guide=29.79 atg=-60.0/-60.0/-60.0 pure=10.54/10.17 yaw=-2383 cmd=-2558 actual=-2295 signed=1 rps=7306/294:6838/4794 duty=17/0 pwm=PWM2:17/PWM1:0 motor=2:17/1:0
ATGCorner: L=0@-1/0@-1 Y=0@-1/0@-1 farL=0@-1/0@-1 Lxy=-1.0,-1.0:-1.0,-1.0/-1.0,-1.0:-1.0,-1.0 Yxy=-1.0,-1.0:-1.0,-1.0/-1.0,-1.0:-1.0,-1.0 farLxy=-1.0,-1.0:-1.0,-1.0/-1.0,-1.0:-1.0,-1.0 best=2:56.6,113.7:18.4,97.5:9.6:10111/51:15.5,68.4:7.7,38.2:20.7:10111 seed_src=none/none seed=40.0,91.8/0.0,0.0 far_start=40,0 far_raw=0/0 far_num=0/0 straight=0/1 far_straight=0/0 conf_deg=9.6/20.7/0.0/0.0
CrossDiag: type=CROSS_NONE track=1 half_lr=0/0 nearL=0@-1/0@-1 nearNum=8/53 centerNum=8/53 farL=0@-1/0@-1 farNum=0/0 farRaw=0/0 lost=1/0 not_have=0 final=53/35 flags=0/0
LineErr: aim=41 cxcy=84.0,119.6 left=1:25.18@57,86 dx=-26.9 idx=0/7 dist=14/14 right=1:31.55@58,100 dx=-26.5 idx=9/29 dist=41/87 sel=1:38.17@48,97 dx=-35.9 idx=0/20 dist=40/68 edge=1:28.91@56.0,92.0 dx=-28.0 width=39.4 l=46,109 r=66,75
CxScan: raw_ref=80.0 edge=56.0,92.0 best_raw_x=5 best_err=-0.89 best_cxcy=55.2,119.3 scan=0:-3.1,10:1.3,20:5.6,30:9.9,40:14.1,50:18.1,60:21.9,70:25.5,80:28.9,90:32.1,100:35.1,110:37.9,120:40.4,130:42.8,140:45.0
ATGSeedDiag: seed=1@25,108/1@155,102 begin=7,108 block=5 clip=8
ATGLptDiag: best=2(9.6) imip=0/7 pass=10111 acc=-1 ipm=56.6,113.7 inv=18.4,97.5 | 51(20.7) imip=41/52 pass=10111 acc=-1 ipm=15.5,68.4 inv=7.7,38.2
frame=492 line=1 track=1 cross=0 circle=5(CIRCLE_LEFT_RUNNING) round=0 yroad=0 ramp=0 road=6 speed=0 near=8/53 raw=25/154 sel=53/36 far=0/0 far_raw=0/0 l=0@-1/0@-1 far_l=0@-1/0@-1 straight=0/0 far_straight=0/0 circle_cnt=0/0/0/0 lost=1/0 conf=8.2/21.6/0.0/0.0 dist=2381 begin=0/3339 m0=(84,119) ml=(50,98) md=41/1/77 cxcy=84.0,119.6 guide=29.86 atg=-60.0/-60.0/-60.0 pure=10.54/10.23 yaw=-2389 cmd=-2673 actual=-2246 signed=1 rps=7464/136:7622/4838 duty=17/0 pwm=PWM2:17/PWM1:0 motor=2:17/1:0
ATGCorner: L=0@-1/0@-1 Y=0@-1/0@-1 farL=0@-1/0@-1 Lxy=-1.0,-1.0:-1.0,-1.0/-1.0,-1.0:-1.0,-1.0 Yxy=-1.0,-1.0:-1.0,-1.0/-1.0,-1.0:-1.0,-1.0 farLxy=-1.0,-1.0:-1.0,-1.0/-1.0,-1.0:-1.0,-1.0 best=2:56.4,113.8:17.8,97.9:8.2:10111/1:116.7,112.8:147.6,93.6:21.6:10111 seed_src=none/none seed=40.0,91.8/0.0,0.0 far_start=40,0 far_raw=0/0 far_num=0/0 straight=0/0 far_straight=0/0 conf_deg=8.2/21.6/0.0/0.0
CrossDiag: type=CROSS_NONE track=1 half_lr=0/0 nearL=0@-1/0@-1 nearNum=8/53 centerNum=8/53 farL=0@-1/0@-1 farNum=0/0 farRaw=0/0 lost=1/0 not_have=0 final=53/36 flags=0/0
LineErr: aim=41 cxcy=84.0,119.6 left=1:25.57@57,86 dx=-27.3 idx=0/7 dist=14/14 right=1:30.31@59,100 dx=-24.8 idx=9/28 dist=40/87 sel=1:38.26@48,97 dx=-35.9 idx=0/20 dist=40/70 edge=1:28.91@56.0,92.0 dx=-28.0 width=39.4 l=46,109 r=66,75
CxScan: raw_ref=80.0 edge=56.0,92.0 best_raw_x=5 best_err=-0.89 best_cxcy=55.2,119.3 scan=0:-3.1,10:1.3,20:5.6,30:9.9,40:14.1,50:18.1,60:21.9,70:25.5,80:28.9,90:32.1,100:35.1,110:37.9,120:40.4,130:42.8,140:45.0
ATGSeedDiag: seed=1@25,108/1@155,102 begin=7,108 block=5 clip=8
ATGLptDiag: best=2(8.2) imip=0/7 pass=10111 acc=-1 ipm=56.4,113.8 inv=17.8,97.9 | 1(21.6) imip=0/11 pass=10111 acc=-1 ipm=116.7,112.8 inv=147.6,93.6
frame=493 line=1 track=1 cross=0 circle=5(CIRCLE_LEFT_RUNNING) round=0 yroad=0 ramp=0 road=6 speed=0 near=7/53 raw=24/154 sel=53/35 far=0/0 far_raw=0/0 l=0@-1/0@-1 far_l=0@-1/0@-1 straight=0/1 far_straight=0/0 circle_cnt=0/0/0/0 lost=1/0 conf=7.9/18.5/0.0/0.0 dist=2398 begin=0/3339 m0=(84,119) ml=(50,98) md=41/1/75 cxcy=84.0,119.6 guide=30.26 atg=-60.0/-60.0/-60.0 pure=10.80/10.33 yaw=-2421 cmd=-2807 actual=-2228 signed=1 rps=7647/-47:7365/4792 duty=18/-6 pwm=PWM2:18/PWM1:-6 motor=2:18/1:-6
ATGCorner: L=0@-1/0@-1 Y=0@-1/0@-1 farL=0@-1/0@-1 Lxy=-1.0,-1.0:-1.0,-1.0/-1.0,-1.0:-1.0,-1.0 Yxy=-1.0,-1.0:-1.0,-1.0/-1.0,-1.0:-1.0,-1.0 farLxy=-1.0,-1.0:-1.0,-1.0/-1.0,-1.0:-1.0,-1.0 best=1:58.1,114.9:20.0,101.3:7.9:10111/51:15.0,69.8:6.1,39.1:18.5:10111 seed_src=none/none seed=40.0,91.8/0.0,0.0 far_start=40,0 far_raw=0/0 far_num=0/0 straight=0/1 far_straight=0/0 conf_deg=7.9/18.5/0.0/0.0
CrossDiag: type=CROSS_NONE track=1 half_lr=0/0 nearL=0@-1/0@-1 nearNum=7/53 centerNum=7/53 farL=0@-1/0@-1 farNum=0/0 farRaw=0/0 lost=1/0 not_have=0 final=53/35 flags=0/0
LineErr: aim=41 cxcy=84.0,119.6 left=1:23.97@59,87 dx=-25.0 idx=0/6 dist=12/12 right=1:32.00@57,100 dx=-26.7 idx=9/29 dist=41/86 sel=1:38.73@48,98 dx=-36.2 idx=0/20 dist=40/68 edge=1:28.71@56.5,92.5 dx=-27.5 width=38.9 l=48,110 r=65,75
CxScan: raw_ref=80.0 edge=56.5,92.5 best_raw_x=10 best_err=0.74 best_cxcy=57.1,119.4 scan=0:-3.7,10:0.7,20:5.1,30:9.4,40:13.6,50:17.7,60:21.6,70:25.3,80:28.7,90:31.9,100:35.0,110:37.8,120:40.4,130:42.8,140:45.0
ATGSeedDiag: seed=1@24,108/1@155,102 begin=7,108 block=5 clip=8
ATGLptDiag: best=1(7.9) imip=0/6 pass=10111 acc=-1 ipm=58.1,114.9 inv=20.0,101.3 | 51(18.5) imip=41/52 pass=10111 acc=-1 ipm=15.0,69.8 inv=6.1,39.1
frame=494 line=1 track=1 cross=0 circle=5(CIRCLE_LEFT_RUNNING) round=0 yroad=0 ramp=0 road=6 speed=0 near=7/53 raw=24/153 sel=53/36 far=0/0 far_raw=0/0 l=0@-1/0@-1 far_l=0@-1/0@-1 straight=0/1 far_straight=0/0 circle_cnt=0/0/0/0 lost=1/0 conf=8.2/11.3/0.0/0.0 dist=2415 begin=0/3339 m0=(84,119) ml=(50,98) md=41/1/78 cxcy=84.0,119.6 guide=30.54 atg=-60.0/-60.0/-60.0 pure=10.79/10.25 yaw=-2443 cmd=-2843 actual=-2211 signed=1 rps=7697/-97:7467/5250 duty=18/-7 pwm=PWM2:18/PWM1:-7 motor=2:18/1:-7
ATGCorner: L=0@-1/0@-1 Y=0@-1/0@-1 farL=0@-1/0@-1 Lxy=-1.0,-1.0:-1.0,-1.0/-1.0,-1.0:-1.0,-1.0 Yxy=-1.0,-1.0:-1.0,-1.0/-1.0,-1.0:-1.0,-1.0 farLxy=-1.0,-1.0:-1.0,-1.0/-1.0,-1.0:-1.0,-1.0 best=5:49.6,110.9:8.0,90.0:8.2:10111/1:116.3,112.9:146.9,93.9:11.3:10111 seed_src=none/none seed=40.0,91.8/0.0,0.0 far_start=40,0 far_raw=0/0 far_num=0/0 straight=0/1 far_straight=0/0 conf_deg=8.2/11.3/0.0/0.0
CrossDiag: type=CROSS_NONE track=1 half_lr=0/0 nearL=0@-1/0@-1 nearNum=7/53 centerNum=7/53 farL=0@-1/0@-1 farNum=0/0 farRaw=0/0 lost=1/0 not_have=0 final=53/36 flags=0/0
LineErr: aim=41 cxcy=84.0,119.6 left=1:24.24@59,87 dx=-25.3 idx=0/6 dist=12/12 right=1:32.37@57,100 dx=-27.0 idx=9/29 dist=41/87 sel=1:38.92@48,98 dx=-36.5 idx=0/20 dist=40/70 edge=1:30.01@55.0,92.5 dx=-29.0 width=38.5 l=47,110 r=63,75
CxScan: raw_ref=80.0 edge=55.0,92.5 best_raw_x=5 best_err=0.25 best_cxcy=55.2,119.3 scan=0:-2.0,10:2.5,20:6.8,30:11.1,40:15.3,50:19.2,60:23.0,70:26.6,80:30.0,90:33.2,100:36.1,110:38.8,120:41.4,130:43.7,140:45.9
ATGSeedDiag: seed=1@24,108/1@155,102 begin=7,108 block=5 clip=8
ATGLptDiag: best=5(8.2) imip=0/6 pass=10111 acc=-1 ipm=49.6,110.9 inv=8.0,90.0 | 1(11.3) imip=0/11 pass=10111 acc=-1 ipm=116.3,112.9 inv=146.9,93.9
frame=495 line=1 track=1 cross=0 circle=5(CIRCLE_LEFT_RUNNING) round=0 yroad=0 ramp=0 road=6 speed=0 near=7/53 raw=24/153 sel=53/36 far=0/0 far_raw=0/0 l=0@-1/0@-1 far_l=0@-1/0@-1 straight=0/1 far_straight=0/0 circle_cnt=0/0/0/0 lost=1/0 conf=8.4/11.9/0.0/0.0 dist=2432 begin=0/3339 m0=(84,119) ml=(50,98) md=41/1/78 cxcy=84.0,119.6 guide=30.56 atg=-60.0/-60.0/-60.0 pure=10.62/10.19 yaw=-2445 cmd=-2845 actual=-2207 signed=1 rps=7699/-99:6894/5161 duty=19/-6 pwm=PWM2:19/PWM1:-6 motor=2:19/1:-6
ATGCorner: L=0@-1/0@-1 Y=0@-1/0@-1 farL=0@-1/0@-1 Lxy=-1.0,-1.0:-1.0,-1.0/-1.0,-1.0:-1.0,-1.0 Yxy=-1.0,-1.0:-1.0,-1.0/-1.0,-1.0:-1.0,-1.0 farLxy=-1.0,-1.0:-1.0,-1.0/-1.0,-1.0:-1.0,-1.0 best=3:53.6,112.6:13.5,94.7:8.4:10111/8:106.7,99.8:112.2,67.1:11.9:10111 seed_src=none/none seed=40.0,91.8/0.0,0.0 far_start=40,0 far_raw=0/0 far_num=0/0 straight=0/1 far_straight=0/0 conf_deg=8.4/11.9/0.0/0.0
CrossDiag: type=CROSS_NONE track=1 half_lr=0/0 nearL=0@-1/0@-1 nearNum=7/53 centerNum=7/53 farL=0@-1/0@-1 farNum=0/0 farRaw=0/0 lost=1/0 not_have=0 final=53/36 flags=0/0
LineErr: aim=41 cxcy=84.0,119.6 left=1:24.38@59,87 dx=-25.4 idx=0/6 dist=12/12 right=1:32.42@57,100 dx=-27.1 idx=9/29 dist=41/86 sel=1:38.90@47,97 dx=-36.6 idx=0/20 dist=40/70 edge=1:29.15@56.0,92.5 dx=-28.0 width=39.4 l=47,110 r=65,75
CxScan: raw_ref=80.0 edge=56.0,92.5 best_raw_x=5 best_err=-0.89 best_cxcy=55.2,119.3 scan=0:-3.1,10:1.3,20:5.7,30:10.0,40:14.2,50:18.2,60:22.1,70:25.7,80:29.1,90:32.4,100:35.3,110:38.1,120:40.7,130:43.1,140:45.3
ATGSeedDiag: seed=1@23,108/1@155,102 begin=7,108 block=5 clip=8
ATGLptDiag: best=3(8.4) imip=0/6 pass=10111 acc=-1 ipm=53.6,112.6 inv=13.5,94.7 | 8(11.9) imip=0/18 pass=10111 acc=-1 ipm=106.7,99.8 inv=112.2,67.1
frame=496 line=1 track=1 cross=0 circle=5(CIRCLE_LEFT_RUNNING) round=0 yroad=0 ramp=0 road=6 speed=0 near=7/53 raw=23/153 sel=53/36 far=0/0 far_raw=0/0 l=0@-1/0@-1 far_l=0@-1/0@-1 straight=0/1 far_straight=0/0 circle_cnt=0/0/0/0 lost=1/0 conf=7.7/11.4/0.0/0.0 dist=2448 begin=0/3339 m0=(84,119) ml=(49,98) md=41/1/77 cxcy=84.0,119.6 guide=30.66 atg=-60.0/-60.0/-60.0 pure=10.51/10.18 yaw=-2453 cmd=-2853 actual=-2225 signed=1 rps=7709/-109:7002/5327 duty=19/-7 pwm=PWM2:19/PWM1:-7 motor=2:19/1:-7
ATGCorner: L=0@-1/0@-1 Y=0@-1/0@-1 farL=0@-1/0@-1 Lxy=-1.0,-1.0:-1.0,-1.0/-1.0,-1.0:-1.0,-1.0 Yxy=-1.0,-1.0:-1.0,-1.0/-1.0,-1.0:-1.0,-1.0 farLxy=-1.0,-1.0:-1.0,-1.0/-1.0,-1.0:-1.0,-1.0 best=5:49.2,110.9:7.1,90.0:7.7:10111/46:26.6,68.1:18.8,38.0:11.4:10111 seed_src=none/none seed=40.0,91.8/0.0,0.0 far_start=40,0 far_raw=0/0 far_num=0/0 straight=0/1 far_straight=0/0 conf_deg=7.7/11.4/0.0/0.0
CrossDiag: type=CROSS_NONE track=1 half_lr=0/0 nearL=0@-1/0@-1 nearNum=7/53 centerNum=7/53 farL=0@-1/0@-1 farNum=0/0 farRaw=0/0 lost=1/0 not_have=0 final=53/36 flags=0/0
LineErr: aim=41 cxcy=84.0,119.6 left=1:24.61@58,87 dx=-25.7 idx=0/6 dist=12/12 right=1:32.43@57,100 dx=-27.1 idx=9/29 dist=40/86 sel=1:39.07@47,97 dx=-36.9 idx=0/20 dist=40/70 edge=1:29.15@56.0,92.5 dx=-28.0 width=39.4 l=47,110 r=65,75
CxScan: raw_ref=80.0 edge=56.0,92.5 best_raw_x=5 best_err=-0.89 best_cxcy=55.2,119.3 scan=0:-3.1,10:1.3,20:5.7,30:10.0,40:14.2,50:18.2,60:22.1,70:25.7,80:29.1,90:32.4,100:35.3,110:38.1,120:40.7,130:43.1,140:45.3
ATGSeedDiag: seed=1@23,108/1@155,103 begin=7,108 block=5 clip=8
ATGLptDiag: best=5(7.7) imip=0/6 pass=10111 acc=-1 ipm=49.2,110.9 inv=7.1,90.0 | 46(11.4) imip=36/52 pass=10111 acc=-1 ipm=26.6,68.1 inv=18.8,38.0
frame=497 line=1 track=1 cross=0 circle=5(CIRCLE_LEFT_RUNNING) round=0 yroad=0 ramp=0 road=6 speed=0 near=7/53 raw=22/153 sel=53/35 far=0/0 far_raw=0/0 l=0@-1/0@-1 far_l=0@-1/0@-1 straight=0/1 far_straight=0/0 circle_cnt=0/0/0/0 lost=1/0 conf=7.6/12.4/0.0/0.0 dist=2464 begin=0/3339 m0=(84,119) ml=(49,98) md=41/1/75 cxcy=84.0,119.6 guide=31.10 atg=-60.0/-60.0/-60.0 pure=10.65/10.26 yaw=-2488 cmd=-2888 actual=-2270 signed=1 rps=7758/-158:6783/4847 duty=19/-6 pwm=PWM2:19/PWM1:-6 motor=2:19/1:-6
ATGCorner: L=0@-1/0@-1 Y=0@-1/0@-1 farL=0@-1/0@-1 Lxy=-1.0,-1.0:-1.0,-1.0/-1.0,-1.0:-1.0,-1.0 Yxy=-1.0,-1.0:-1.0,-1.0/-1.0,-1.0:-1.0,-1.0 farLxy=-1.0,-1.0:-1.0,-1.0/-1.0,-1.0:-1.0,-1.0 best=1:57.2,114.9:18.1,101.3:7.6:10111/2:114.8,111.3:140.8,89.8:12.4:10111 seed_src=none/none seed=40.0,91.8/0.0,0.0 far_start=40,0 far_raw=0/0 far_num=0/0 straight=0/1 far_straight=0/0 conf_deg=7.6/12.4/0.0/0.0
CrossDiag: type=CROSS_NONE track=1 half_lr=0/0 nearL=0@-1/0@-1 nearNum=7/53 centerNum=7/53 farL=0@-1/0@-1 farNum=0/0 farRaw=0/0 lost=1/0 not_have=0 final=53/35 flags=0/0
LineErr: aim=41 cxcy=84.0,119.6 left=1:24.75@58,87 dx=-25.9 idx=0/6 dist=12/12 right=1:32.88@57,100 dx=-27.4 idx=9/29 dist=40/86 sel=1:39.63@47,98 dx=-37.4 idx=0/20 dist=40/68 edge=1:29.39@56.0,93.0 dx=-28.0 width=38.5 l=47,110 r=65,76
CxScan: raw_ref=80.0 edge=56.0,93.0 best_raw_x=5 best_err=-0.90 best_cxcy=55.2,119.3 scan=0:-3.1,10:1.3,20:5.7,30:10.1,40:14.3,50:18.4,60:22.3,70:25.9,80:29.4,90:32.6,100:35.6,110:38.4,120:41.0,130:43.4,140:45.6
ATGSeedDiag: seed=1@22,108/1@155,104 begin=7,108 block=5 clip=8
ATGLptDiag: best=1(7.6) imip=0/6 pass=10111 acc=-1 ipm=57.2,114.9 inv=18.1,101.3 | 2(12.4) imip=0/12 pass=10111 acc=-1 ipm=114.8,111.3 inv=140.8,89.8
frame=498 line=1 track=1 cross=0 circle=5(CIRCLE_LEFT_RUNNING) round=0 yroad=0 ramp=0 road=6 speed=0 near=7/53 raw=22/153 sel=53/35 far=0/0 far_raw=0/0 l=0@-1/0@-1 far_l=0@-1/0@-1 straight=0/1 far_straight=0/0 circle_cnt=0/0/0/0 lost=1/0 conf=7.3/17.7/0.0/0.0 dist=2480 begin=0/3339 m0=(84,119) ml=(48,99) md=42/1/76 cxcy=84.0,119.6 guide=30.98 atg=-60.0/-60.0/-60.0 pure=10.75/10.30 yaw=-2479 cmd=-2797 actual=-2320 signed=1 rps=7633/-33:7359/4743 duty=18/-6 pwm=PWM2:18/PWM1:-6 motor=2:18/1:-6
ATGCorner: L=0@-1/0@-1 Y=0@-1/0@-1 farL=0@-1/0@-1 Lxy=-1.0,-1.0:-1.0,-1.0/-1.0,-1.0:-1.0,-1.0 Yxy=-1.0,-1.0:-1.0,-1.0/-1.0,-1.0:-1.0,-1.0 farLxy=-1.0,-1.0:-1.0,-1.0/-1.0,-1.0:-1.0,-1.0 best=4:50.9,111.8:9.1,92.5:7.3:10111/51:14.4,69.7:5.6,39.0:17.7:10111 seed_src=none/none seed=40.0,91.8/0.0,0.0 far_start=40,0 far_raw=0/0 far_num=0/0 straight=0/1 far_straight=0/0 conf_deg=7.3/17.7/0.0/0.0
CrossDiag: type=CROSS_NONE track=1 half_lr=0/0 nearL=0@-1/0@-1 nearNum=7/53 centerNum=7/53 farL=0@-1/0@-1 farNum=0/0 farRaw=0/0 lost=1/0 not_have=0 final=53/35 flags=0/0
LineErr: aim=41 cxcy=84.0,119.6 left=1:25.11@58,87 dx=-26.3 idx=0/6 dist=12/12 right=1:32.98@57,101 dx=-27.3 idx=9/29 dist=40/85 sel=1:40.17@46,98 dx=-37.8 idx=0/20 dist=40/68 edge=1:30.01@55.0,92.5 dx=-29.0 width=38.5 l=47,110 r=63,75
CxScan: raw_ref=80.0 edge=55.0,92.5 best_raw_x=5 best_err=0.25 best_cxcy=55.2,119.3 scan=0:-2.0,10:2.5,20:6.8,30:11.1,40:15.3,50:19.2,60:23.0,70:26.6,80:30.0,90:33.2,100:36.1,110:38.8,120:41.4,130:43.7,140:45.9
ATGSeedDiag: seed=1@22,108/1@155,104 begin=7,108 block=5 clip=8
ATGLptDiag: best=4(7.3) imip=0/6 pass=10111 acc=-1 ipm=50.9,111.8 inv=9.1,92.5 | 51(17.7) imip=41/52 pass=10111 acc=-1 ipm=14.4,69.7 inv=5.6,39.0
ATGCircleCal: from=CIRCLE_LEFT_RUNNING to=CIRCLE_LEFT_OUT reason=gyro heading_deg10=2000 dist=2480 begin_dist=0 begin_last=3339
frame=499 line=1 track=1 cross=0 circle=7(CIRCLE_LEFT_OUT) round=0 yroad=0 ramp=0 road=6 speed=0 near=7/52 raw=22/153 sel=23/17 far=0/0 far_raw=0/0 l=0@-1/0@-1 far_l=0@-1/0@-1 straight=0/1 far_straight=0/0 circle_cnt=0/0/0/0 lost=1/0 conf=7.2/18.9/0.0/0.0 dist=0 begin=0/3339 m0=(84,119) ml=(56,119) md=28/0/28 cxcy=84.0,119.6 guide=49.82 atg=-60.0/-60.0/-60.0 pure=20.63/20.63 yaw=-3986 cmd=-4386 actual=-2379 signed=1 rps=9810/-2210:7723/4492 duty=25/-12 pwm=PWM2:25/PWM1:-12 motor=2:25/1:-12
ATGCorner: L=0@-1/0@-1 Y=0@-1/0@-1 farL=0@-1/0@-1 Lxy=-1.0,-1.0:-1.0,-1.0/-1.0,-1.0:-1.0,-1.0 Yxy=-1.0,-1.0:-1.0,-1.0/-1.0,-1.0:-1.0,-1.0 farLxy=-1.0,-1.0:-1.0,-1.0/-1.0,-1.0:-1.0,-1.0 best=3:53.0,112.8:11.9,95.1:7.2:10111/49:19.0,69.8:10.1,39.1:18.9:10111 seed_src=none/circle seed=40.0,91.8/0.0,0.0 far_start=40,0 far_raw=0/0 far_num=0/0 straight=0/1 far_straight=0/0 conf_deg=7.2/18.9/0.0/0.0
CrossDiag: type=CROSS_NONE track=1 half_lr=0/0 nearL=0@-1/0@-1 nearNum=7/52 centerNum=7/52 farL=0@-1/0@-1 farNum=0/0 farRaw=0/0 lost=1/0 not_have=0 final=23/17 flags=0/0
LineErr: aim=41 cxcy=84.0,119.6 left=1:25.24@58,87 dx=-26.5 idx=0/6 dist=12/12 right=1:35.78@53,100 dx=-30.8 idx=9/31 dist=41/80 sel=1:57.73@56,125 dx=-28.3 idx=0/16 dist=32/32 edge=1:30.86@54.0,92.5 dx=-30.0 width=38.5 l=46,110 r=62,75
CxScan: raw_ref=80.0 edge=54.0,92.5 best_raw_x=0 best_err=-0.81 best_cxcy=53.3,119.3 scan=0:-0.8,10:3.6,20:7.9,30:12.2,40:16.3,50:20.3,60:24.0,70:27.5,80:30.9,90:34.0,100:36.8,110:39.5,120:42.0,130:44.3,140:46.4
ATGSeedDiag: seed=1@22,108/1@155,104 begin=7,108 block=5 clip=8
ATGLptDiag: best=3(7.2) imip=0/6 pass=10111 acc=-1 ipm=53.0,112.8 inv=11.9,95.1 | 49(18.9) imip=39/51 pass=10111 acc=-1 ipm=19.0,69.8 inv=10.1,39.1
frame=500 line=1 track=1 cross=0 circle=7(CIRCLE_LEFT_OUT) round=0 yroad=0 ramp=0 road=6 speed=0 near=6/52 raw=20/153 sel=23/17 far=0/0 far_raw=0/0 l=0@-1/0@-1 far_l=0@-1/0@-1 straight=0/1 far_straight=0/0 circle_cnt=0/0/0/0 lost=1/0 conf=5.2/13.4/0.0/0.0 dist=16 begin=0/3339 m0=(84,119) ml=(56,119) md=28/0/28 cxcy=84.0,119.6 guide=49.82 atg=-60.0/-60.0/-60.0 pure=20.63/20.63 yaw=-3986 cmd=-4386 actual=-2444 signed=1 rps=9810/-2210:7605/3942 duty=25/-12 pwm=PWM2:25/PWM1:-12 motor=2:25/1:-12
ATGCorner: L=0@-1/0@-1 Y=0@-1/0@-1 farL=0@-1/0@-1 Lxy=-1.0,-1.0:-1.0,-1.0/-1.0,-1.0:-1.0,-1.0 Yxy=-1.0,-1.0:-1.0,-1.0/-1.0,-1.0:-1.0,-1.0 farLxy=-1.0,-1.0:-1.0,-1.0/-1.0,-1.0:-1.0,-1.0 best=4:50.2,111.7:7.8,92.1:5.2:10111/2:114.8,111.3:140.8,89.8:13.4:10111 seed_src=none/circle seed=40.0,91.8/0.0,0.0 far_start=40,0 far_raw=0/0 far_num=0/0 straight=0/1 far_straight=0/0 conf_deg=5.2/13.4/0.0/0.0
CrossDiag: type=CROSS_NONE track=1 half_lr=0/0 nearL=0@-1/0@-1 nearNum=6/52 centerNum=6/52 farL=0@-1/0@-1 farNum=0/0 farRaw=0/0 lost=1/0 not_have=0 final=23/17 flags=0/0
LineErr: aim=41 cxcy=84.0,119.6 left=1:24.00@59,87 dx=-24.7 idx=0/5 dist=10/10 right=1:34.15@55,100 dx=-28.7 idx=9/30 dist=40/81 sel=1:57.73@56,125 dx=-28.3 idx=0/16 dist=32/32 edge=1:30.26@55.0,93.0 dx=-29.0 width=38.6 l=48,111 r=62,75
CxScan: raw_ref=80.0 edge=55.0,93.0 best_raw_x=5 best_err=0.25 best_cxcy=55.2,119.3 scan=0:-2.0,10:2.5,20:6.9,30:11.2,40:15.4,50:19.4,60:23.3,70:26.9,80:30.3,90:33.4,100:36.4,110:39.1,120:41.6,130:44.0,140:46.2
ATGSeedDiag: seed=1@21,107/1@155,104 begin=7,108 block=5 clip=8
ATGLptDiag: best=4(5.2) imip=0/5 pass=10111 acc=-1 ipm=50.2,111.7 inv=7.8,92.1 | 2(13.4) imip=0/12 pass=10111 acc=-1 ipm=114.8,111.3 inv=140.8,89.8
frame=501 line=1 track=1 cross=0 circle=7(CIRCLE_LEFT_OUT) round=0 yroad=0 ramp=0 road=6 speed=0 near=6/52 raw=21/153 sel=23/17 far=0/0 far_raw=0/0 l=0@-1/0@-1 far_l=0@-1/0@-1 straight=0/1 far_straight=0/0 circle_cnt=0/0/0/0 lost=1/0 conf=7.9/16.9/0.0/0.0 dist=32 begin=0/3339 m0=(84,119) ml=(56,119) md=28/0/28 cxcy=84.0,119.6 guide=49.82 atg=-60.0/-60.0/-60.0 pure=20.63/20.63 yaw=-3986 cmd=-4386 actual=-2528 signed=1 rps=9810/-2210:8334/3497 duty=24/-12 pwm=PWM2:24/PWM1:-12 motor=2:24/1:-12
ATGCorner: L=0@-1/0@-1 Y=0@-1/0@-1 farL=0@-1/0@-1 Lxy=-1.0,-1.0:-1.0,-1.0/-1.0,-1.0:-1.0,-1.0 Yxy=-1.0,-1.0:-1.0,-1.0/-1.0,-1.0:-1.0,-1.0 farLxy=-1.0,-1.0:-1.0,-1.0/-1.0,-1.0:-1.0,-1.0 best=1:56.8,114.9:17.0,101.3:7.9:10111/49:19.1,69.8:10.1,39.1:16.9:10111 seed_src=none/circle seed=40.0,91.8/0.0,0.0 far_start=40,0 far_raw=0/0 far_num=0/0 straight=0/1 far_straight=0/0 conf_deg=7.9/16.9/0.0/0.0
CrossDiag: type=CROSS_NONE track=1 half_lr=0/0 nearL=0@-1/0@-1 nearNum=6/52 centerNum=6/52 farL=0@-1/0@-1 farNum=0/0 farRaw=0/0 lost=1/0 not_have=0 final=23/17 flags=0/0
LineErr: aim=41 cxcy=84.0,119.6 left=1:23.49@60,88 dx=-24.0 idx=0/5 dist=10/10 right=1:34.22@55,100 dx=-29.0 idx=9/30 dist=40/82 sel=1:57.73@56,125 dx=-28.3 idx=0/16 dist=32/32 edge=1:29.20@56.5,93.5 dx=-27.5 width=38.9 l=48,111 r=65,76
CxScan: raw_ref=80.0 edge=56.5,93.5 best_raw_x=10 best_err=0.75 best_cxcy=57.1,119.4 scan=0:-3.7,10:0.8,20:5.2,30:9.6,40:13.9,50:18.0,60:22.0,70:25.7,80:29.2,90:32.5,100:35.5,110:38.3,120:41.0,130:43.4,140:45.6
ATGSeedDiag: seed=1@21,108/1@155,104 begin=7,108 block=5 clip=8
ATGLptDiag: best=1(7.9) imip=0/5 pass=10111 acc=-1 ipm=56.8,114.9 inv=17.0,101.3 | 49(16.9) imip=39/51 pass=10111 acc=-1 ipm=19.1,69.8 inv=10.1,39.1
frame=502 line=1 track=1 cross=0 circle=7(CIRCLE_LEFT_OUT) round=0 yroad=0 ramp=0 road=6 speed=0 near=6/53 raw=21/153 sel=23/17 far=0/0 far_raw=0/0 l=0@-1/0@-1 far_l=0@-1/0@-1 straight=0/1 far_straight=0/0 circle_cnt=0/0/0/0 lost=1/0 conf=6.5/13.0/0.0/0.0 dist=47 begin=0/3339 m0=(84,119) ml=(56,119) md=28/0/28 cxcy=84.0,119.6 guide=49.82 atg=-60.0/-60.0/-60.0 pure=20.63/20.63 yaw=-3986 cmd=-4386 actual=-2649 signed=1 rps=9810/-2210:8277/2861 duty=24/-12 pwm=PWM2:24/PWM1:-12 motor=2:24/1:-12
ATGCorner: L=0@-1/0@-1 Y=0@-1/0@-1 farL=0@-1/0@-1 Lxy=-1.0,-1.0:-1.0,-1.0/-1.0,-1.0:-1.0,-1.0 Yxy=-1.0,-1.0:-1.0,-1.0/-1.0,-1.0:-1.0,-1.0 farLxy=-1.0,-1.0:-1.0,-1.0/-1.0,-1.0:-1.0,-1.0 best=1:56.7,114.9:16.9,101.4:6.5:10111/51:14.7,69.7:5.8,39.0:13.0:10111 seed_src=none/circle seed=40.0,91.8/0.0,0.0 far_start=40,0 far_raw=0/0 far_num=0/0 straight=0/1 far_straight=0/0 conf_deg=6.5/13.0/0.0/0.0
CrossDiag: type=CROSS_NONE track=1 half_lr=0/0 nearL=0@-1/0@-1 nearNum=6/53 centerNum=6/53 farL=0@-1/0@-1 farNum=0/0 farRaw=0/0 lost=1/0 not_have=0 final=23/17 flags=0/0
LineErr: aim=41 cxcy=84.0,119.6 left=1:23.49@60,88 dx=-24.0 idx=0/5 dist=10/10 right=1:34.01@55,100 dx=-28.9 idx=9/30 dist=40/84 sel=1:57.73@56,125 dx=-28.3 idx=0/16 dist=32/32 edge=1:29.20@56.5,93.5 dx=-27.5 width=38.9 l=48,111 r=65,76
CxScan: raw_ref=80.0 edge=56.5,93.5 best_raw_x=10 best_err=0.75 best_cxcy=57.1,119.4 scan=0:-3.7,10:0.8,20:5.2,30:9.6,40:13.9,50:18.0,60:22.0,70:25.7,80:29.2,90:32.5,100:35.5,110:38.3,120:41.0,130:43.4,140:45.6
ATGSeedDiag: seed=1@21,108/1@155,104 begin=7,108 block=5 clip=8
ATGLptDiag: best=1(6.5) imip=0/5 pass=10111 acc=-1 ipm=56.7,114.9 inv=16.9,101.4 | 51(13.0) imip=41/52 pass=10111 acc=-1 ipm=14.7,69.7 inv=5.8,39.0
frame=503 line=1 track=1 cross=0 circle=7(CIRCLE_LEFT_OUT) round=0 yroad=0 ramp=0 road=6 speed=0 near=6/53 raw=21/153 sel=23/17 far=0/0 far_raw=0/0 l=0@-1/0@-1 far_l=0@-1/0@-1 straight=0/1 far_straight=0/0 circle_cnt=0/0/0/0 lost=1/0 conf=6.5/11.2/0.0/0.0 dist=61 begin=0/3339 m0=(84,119) ml=(56,119) md=28/0/28 cxcy=84.0,119.6 guide=49.82 atg=-60.0/-60.0/-60.0 pure=20.63/20.63 yaw=-3986 cmd=-4386 actual=-2808 signed=1 rps=9810/-2210:8563/2544 duty=24/-12 pwm=PWM2:24/PWM1:-12 motor=2:24/1:-12
ATGCorner: L=0@-1/0@-1 Y=0@-1/0@-1 farL=0@-1/0@-1 Lxy=-1.0,-1.0:-1.0,-1.0/-1.0,-1.0:-1.0,-1.0 Yxy=-1.0,-1.0:-1.0,-1.0/-1.0,-1.0:-1.0,-1.0 farLxy=-1.0,-1.0:-1.0,-1.0/-1.0,-1.0:-1.0,-1.0 best=1:56.7,114.9:16.9,101.4:6.5:10111/2:114.7,111.4:140.7,89.9:11.2:10111 seed_src=none/circle seed=40.0,91.8/0.0,0.0 far_start=40,0 far_raw=0/0 far_num=0/0 straight=0/1 far_straight=0/0 conf_deg=6.5/11.2/0.0/0.0
CrossDiag: type=CROSS_NONE track=1 half_lr=0/0 nearL=0@-1/0@-1 nearNum=6/53 centerNum=6/53 farL=0@-1/0@-1 farNum=0/0 farRaw=0/0 lost=1/0 not_have=0 final=23/17 flags=0/0
LineErr: aim=41 cxcy=84.0,119.6 left=1:23.49@60,88 dx=-24.0 idx=0/5 dist=10/10 right=1:34.06@55,100 dx=-29.0 idx=9/30 dist=40/84 sel=1:57.73@56,125 dx=-28.3 idx=0/16 dist=32/32 edge=1:29.83@55.5,93.0 dx=-28.5 width=39.0 l=48,111 r=63,75
CxScan: raw_ref=80.0 edge=55.5,93.0 best_raw_x=5 best_err=-0.32 best_cxcy=55.2,119.3 scan=0:-2.5,10:1.9,20:6.3,30:10.7,40:14.9,50:18.9,60:22.8,70:26.4,80:29.8,90:33.0,100:36.0,110:38.8,120:41.3,130:43.7,140:45.9
ATGSeedDiag: seed=1@21,108/1@155,104 begin=7,108 block=5 clip=8
ATGLptDiag: best=1(6.5) imip=0/5 pass=10111 acc=-1 ipm=56.7,114.9 inv=16.9,101.4 | 2(11.2) imip=0/12 pass=10111 acc=-1 ipm=114.7,111.4 inv=140.7,89.9
frame=504 line=1 track=1 cross=0 circle=7(CIRCLE_LEFT_OUT) round=0 yroad=0 ramp=0 road=6 speed=0 near=7/62 raw=21/170 sel=23/17 far=0/0 far_raw=0/0 l=0@-1/1@52 far_l=0@-1/0@-1 straight=0/1 far_straight=0/0 circle_cnt=0/0/0/0 lost=1/0 conf=6.5/96.5/0.0/0.0 dist=75 begin=0/3339 m0=(84,119) ml=(56,119) md=28/0/28 cxcy=84.0,119.6 guide=49.82 atg=-60.0/-60.0/-60.0 pure=20.63/20.63 yaw=-3986 cmd=-4386 actual=-2994 signed=1 rps=9810/-2210:8692/2371 duty=24/-12 pwm=PWM2:24/PWM1:-12 motor=2:24/1:-12
ATGCorner: L=0@-1/1@52 Y=0@-1/0@-1 farL=0@-1/0@-1 Lxy=-1.0,-1.0:-1.0,-1.0/12.6,67.9:5.3,38.0 Yxy=-1.0,-1.0:-1.0,-1.0/-1.0,-1.0:-1.0,-1.0 farLxy=-1.0,-1.0:-1.0,-1.0/-1.0,-1.0:-1.0,-1.0 best=1:56.7,114.9:16.9,101.4:6.5:10111/52:12.6,67.9:5.3,38.0:96.5:11111 seed_src=none/lpt seed=40.0,91.8/0.0,0.0 far_start=40,0 far_raw=0/0 far_num=0/0 straight=0/1 far_straight=0/0 conf_deg=6.5/96.5/0.0/0.0
CrossDiag: type=CROSS_NONE track=1 half_lr=0/0 nearL=0@-1/1@52 nearNum=7/62 centerNum=7/62 farL=0@-1/0@-1 farNum=0/0 farRaw=0/0 lost=1/0 not_have=0 final=23/17 flags=0/0
LineErr: aim=41 cxcy=84.0,119.6 left=1:24.96@58,87 dx=-26.1 idx=0/6 dist=12/12 right=1:34.41@55,100 dx=-29.3 idx=9/30 dist=40/147 sel=1:57.73@56,125 dx=-28.3 idx=0/16 dist=32/32 edge=1:29.83@55.5,93.0 dx=-28.5 width=38.9 l=46,110 r=65,76
CxScan: raw_ref=80.0 edge=55.5,93.0 best_raw_x=5 best_err=-0.32 best_cxcy=55.2,119.3 scan=0:-2.5,10:1.9,20:6.3,30:10.7,40:14.9,50:18.9,60:22.8,70:26.4,80:29.8,90:33.0,100:36.0,110:38.8,120:41.3,130:43.7,140:45.9
ATGSeedDiag: seed=1@21,108/1@155,105 begin=7,108 block=5 clip=8
ATGLptDiag: best=1(6.5) imip=0/6 pass=10111 acc=-1 ipm=56.7,114.9 inv=16.9,101.4 | 52(96.5) imip=42/61 pass=11111 acc=52 ipm=12.6,67.9 inv=5.3,38.0
frame=505 line=1 track=1 cross=0 circle=7(CIRCLE_LEFT_OUT) round=0 yroad=0 ramp=0 road=6 speed=0 near=7/61 raw=22/170 sel=23/17 far=0/0 far_raw=0/0 l=0@-1/1@51 far_l=0@-1/0@-1 straight=0/1 far_straight=0/0 circle_cnt=0/0/0/0 lost=1/0 conf=6.2/99.9/0.0/0.0 dist=90 begin=0/3339 m0=(84,119) ml=(56,119) md=28/0/28 cxcy=84.0,119.6 guide=49.82 atg=-60.0/-60.0/-60.0 pure=20.63/20.63 yaw=-3986 cmd=-4386 actual=-3180 signed=1 rps=9810/-2210:8510/2040 duty=24/-11 pwm=PWM2:24/PWM1:-11 motor=2:24/1:-11
ATGCorner: L=0@-1/1@51 Y=0@-1/0@-1 farL=0@-1/0@-1 Lxy=-1.0,-1.0:-1.0,-1.0/14.9,68.1:7.3,38.1 Yxy=-1.0,-1.0:-1.0,-1.0/-1.0,-1.0:-1.0,-1.0 farLxy=-1.0,-1.0:-1.0,-1.0/-1.0,-1.0:-1.0,-1.0 best=1:56.7,114.9:16.9,101.4:6.2:10111/51:14.9,68.1:7.3,38.1:99.9:11111 seed_src=none/lpt seed=40.0,91.8/0.0,0.0 far_start=40,0 far_raw=0/0 far_num=0/0 straight=0/1 far_straight=0/0 conf_deg=6.2/99.9/0.0/0.0
CrossDiag: type=CROSS_NONE track=1 half_lr=0/0 nearL=0@-1/1@51 nearNum=7/61 centerNum=7/61 farL=0@-1/0@-1 farNum=0/0 farRaw=0/0 lost=1/0 not_have=0 final=23/17 flags=0/0
LineErr: aim=41 cxcy=84.0,119.6 left=1:24.86@58,87 dx=-26.0 idx=0/6 dist=12/12 right=1:35.83@53,100 dx=-31.0 idx=9/31 dist=41/146 sel=1:57.73@56,125 dx=-28.3 idx=0/16 dist=32/32 edge=1:30.43@54.5,92.5 dx=-29.5 width=38.9 l=46,110 r=63,75
CxScan: raw_ref=80.0 edge=54.5,92.5 best_raw_x=5 best_err=0.82 best_cxcy=55.2,119.3 scan=0:-1.4,10:3.0,20:7.4,30:11.7,40:15.8,50:19.8,60:23.5,70:27.1,80:30.4,90:33.6,100:36.5,110:39.2,120:41.7,130:44.0,140:46.1
ATGSeedDiag: seed=1@21,108/1@155,106 begin=7,108 block=5 clip=8
ATGLptDiag: best=1(6.2) imip=0/6 pass=10111 acc=-1 ipm=56.7,114.9 inv=16.9,101.4 | 51(99.9) imip=41/60 pass=11111 acc=51 ipm=14.9,68.1 inv=7.3,38.1
frame=506 line=1 track=1 cross=0 circle=7(CIRCLE_LEFT_OUT) round=0 yroad=0 ramp=0 road=6 speed=0 near=7/63 raw=23/170 sel=23/17 far=0/0 far_raw=0/0 l=0@-1/1@50 far_l=0@-1/0@-1 straight=0/0 far_straight=0/0 circle_cnt=0/0/0/0 lost=1/0 conf=8.8/101.3/0.0/0.0 dist=105 begin=0/3339 m0=(84,119) ml=(56,119) md=28/0/28 cxcy=84.0,119.6 guide=49.82 atg=-60.0/-60.0/-60.0 pure=20.63/20.63 yaw=-3986 cmd=-4386 actual=-3382 signed=1 rps=9810/-2210:9397/1508 duty=23/-11 pwm=PWM2:23/PWM1:-11 motor=2:23/1:-11
ATGCorner: L=0@-1/1@50 Y=0@-1/0@-1 farL=0@-1/0@-1 Lxy=-1.0,-1.0:-1.0,-1.0/17.5,67.5:10.4,37.7 Yxy=-1.0,-1.0:-1.0,-1.0/-1.0,-1.0:-1.0,-1.0 farLxy=-1.0,-1.0:-1.0,-1.0/-1.0,-1.0:-1.0,-1.0 best=1:56.9,114.8:17.4,101.1:8.8:10111/50:17.5,67.5:10.4,37.7:101.3:11111 seed_src=none/lpt seed=40.0,91.8/0.0,0.0 far_start=40,0 far_raw=0/0 far_num=0/0 straight=0/0 far_straight=0/0 conf_deg=8.8/101.3/0.0/0.0
CrossDiag: type=CROSS_NONE track=1 half_lr=0/0 nearL=0@-1/1@50 nearNum=7/63 centerNum=7/63 farL=0@-1/0@-1 farNum=0/0 farRaw=0/0 lost=1/0 not_have=0 final=23/17 flags=0/0
LineErr: aim=41 cxcy=84.0,119.6 left=1:24.62@58,87 dx=-25.7 idx=0/6 dist=12/12 right=1:35.82@53,100 dx=-31.0 idx=9/31 dist=41/154 sel=1:57.73@56,125 dx=-28.3 idx=0/16 dist=32/32 edge=1:29.83@55.5,93.0 dx=-28.5 width=38.9 l=46,110 r=65,76
CxScan: raw_ref=80.0 edge=55.5,93.0 best_raw_x=5 best_err=-0.32 best_cxcy=55.2,119.3 scan=0:-2.5,10:1.9,20:6.3,30:10.7,40:14.9,50:18.9,60:22.8,70:26.4,80:29.8,90:33.0,100:36.0,110:38.8,120:41.3,130:43.7,140:45.9
ATGSeedDiag: seed=1@21,108/1@155,106 begin=7,108 block=5 clip=8
ATGLptDiag: best=1(8.8) imip=0/6 pass=10111 acc=-1 ipm=56.9,114.8 inv=17.4,101.1 | 50(101.3) imip=40/60 pass=11111 acc=50 ipm=17.5,67.5 inv=10.4,37.7
frame=507 line=1 track=1 cross=0 circle=7(CIRCLE_LEFT_OUT) round=0 yroad=0 ramp=0 road=6 speed=0 near=7/64 raw=24/170 sel=23/17 far=0/0 far_raw=0/0 l=0@-1/1@49 far_l=0@-1/0@-1 straight=0/0 far_straight=0/0 circle_cnt=0/0/0/0 lost=1/0 conf=7.8/102.8/0.0/0.0 dist=119 begin=0/3339 m0=(84,119) ml=(56,119) md=28/0/28 cxcy=84.0,119.6 guide=49.82 atg=-60.0/-60.0/-60.0 pure=20.63/20.63 yaw=-3986 cmd=-4386 actual=-3604 signed=1 rps=9810/-2210:9432/863 duty=23/-10 pwm=PWM2:23/PWM1:-10 motor=2:23/1:-10
ATGCorner: L=0@-1/1@49 Y=0@-1/0@-1 farL=0@-1/0@-1 Lxy=-1.0,-1.0:-1.0,-1.0/20.4,65.7:14.4,36.7 Yxy=-1.0,-1.0:-1.0,-1.0/-1.0,-1.0:-1.0,-1.0 farLxy=-1.0,-1.0:-1.0,-1.0/-1.0,-1.0:-1.0,-1.0 best=5:49.1,110.5:7.5,89.1:7.8:10111/49:20.4,65.7:14.4,36.7:102.8:11111 seed_src=none/lpt seed=40.0,91.8/0.0,0.0 far_start=40,0 far_raw=0/0 far_num=0/0 straight=0/0 far_straight=0/0 conf_deg=7.8/102.8/0.0/0.0
CrossDiag: type=CROSS_NONE track=1 half_lr=0/0 nearL=0@-1/1@49 nearNum=7/64 centerNum=7/64 farL=0@-1/0@-1 farNum=0/0 farRaw=0/0 lost=1/0 not_have=0 final=23/17 flags=0/0
LineErr: aim=41 cxcy=84.0,119.6 left=1:23.93@59,87 dx=-24.9 idx=0/6 dist=12/12 right=1:35.24@53,99 dx=-30.6 idx=9/31 dist=41/158 sel=1:57.73@56,125 dx=-28.3 idx=0/16 dist=32/32 edge=1:29.39@56.0,93.0 dx=-28.0 width=38.5 l=47,110 r=65,76
CxScan: raw_ref=80.0 edge=56.0,93.0 best_raw_x=5 best_err=-0.90 best_cxcy=55.2,119.3 scan=0:-3.1,10:1.3,20:5.7,30:10.1,40:14.3,50:18.4,60:22.3,70:25.9,80:29.4,90:32.6,100:35.6,110:38.4,120:41.0,130:43.4,140:45.6
ATGSeedDiag: seed=1@22,108/1@155,106 begin=7,108 block=5 clip=8
ATGLptDiag: best=5(7.8) imip=0/6 pass=10111 acc=-1 ipm=49.1,110.5 inv=7.5,89.1 | 49(102.8) imip=39/59 pass=11111 acc=49 ipm=20.4,65.7 inv=14.4,36.7
frame=509 line=1 track=1 cross=0 circle=7(CIRCLE_LEFT_OUT) round=0 yroad=0 ramp=0 road=6 speed=0 near=8/67 raw=27/170 sel=23/17 far=0/0 far_raw=0/0 l=0@-1/1@47 far_l=0@-1/0@-1 straight=0/0 far_straight=0/0 circle_cnt=0/0/0/0 lost=1/0 conf=11.9/104.4/0.0/0.0 dist=146 begin=0/3339 m0=(84,119) ml=(56,119) md=28/0/28 cxcy=84.0,119.6 guide=49.82 atg=-60.0/-60.0/-60.0 pure=20.63/20.63 yaw=-3986 cmd=-3849 actual=-4054 signed=1 rps=9074/-1474:9591/544 duty=20/-6 pwm=PWM2:20/PWM1:-6 motor=2:20/1:-6
ATGCorner: L=0@-1/1@47 Y=0@-1/0@-1 farL=0@-1/0@-1 Lxy=-1.0,-1.0:-1.0,-1.0/25.5,65.6:19.3,36.6 Yxy=-1.0,-1.0:-1.0,-1.0/-1.0,-1.0:-1.0,-1.0 farLxy=-1.0,-1.0:-1.0,-1.0/-1.0,-1.0:-1.0,-1.0 best=6:47.9,109.4:7.1,86.3:11.9:10111/47:25.5,65.6:19.3,36.6:104.4:11111 seed_src=none/lpt seed=40.0,91.8/0.0,0.0 far_start=40,0 far_raw=0/0 far_num=0/0 straight=0/0 far_straight=0/0 conf_deg=11.9/104.4/0.0/0.0
CrossDiag: type=CROSS_NONE track=1 half_lr=0/0 nearL=0@-1/1@47 nearNum=8/67 centerNum=8/67 farL=0@-1/0@-1 farNum=0/0 farRaw=0/0 lost=1/0 not_have=0 final=23/17 flags=0/0
LineErr: aim=41 cxcy=84.0,119.6 left=1:24.62@58,86 dx=-26.2 idx=0/7 dist=14/14 right=1:32.94@55,99 dx=-28.6 idx=8/30 dist=40/168 sel=1:57.73@56,125 dx=-28.3 idx=0/16 dist=32/32 edge=1:29.52@55.0,91.5 dx=-29.0 width=39.4 l=46,109 r=64,74
CxScan: raw_ref=80.0 edge=55.0,91.5 best_raw_x=5 best_err=0.25 best_cxcy=55.2,119.3 scan=0:-1.9,10:2.4,20:6.7,30:10.9,40:15.0,50:18.9,60:22.6,70:26.2,80:29.5,90:32.6,100:35.6,110:38.3,120:40.8,130:43.1,140:45.3
ATGSeedDiag: seed=1@24,108/1@155,105 begin=7,108 block=5 clip=8
ATGLptDiag: best=6(11.9) imip=0/7 pass=10111 acc=-1 ipm=47.9,109.4 inv=7.1,86.3 | 47(104.4) imip=37/57 pass=11111 acc=47 ipm=25.5,65.6 inv=19.3,36.6
frame=511 line=1 track=1 cross=0 circle=7(CIRCLE_LEFT_OUT) round=0 yroad=0 ramp=0 road=6 speed=0 near=9/72 raw=31/170 sel=23/17 far=0/0 far_raw=0/0 l=0@-1/1@45 far_l=0@-1/0@-1 straight=0/0 far_straight=0/0 circle_cnt=0/0/0/0 lost=1/0 conf=13.0/109.1/0.0/0.0 dist=173 begin=0/3339 m0=(84,119) ml=(56,119) md=28/0/28 cxcy=84.0,119.6 guide=49.82 atg=-60.0/-60.0/-60.0 pure=20.63/20.63 yaw=-3986 cmd=-3586 actual=-4358 signed=1 rps=8714/-1114:9713/429 duty=19/-5 pwm=PWM2:19/PWM1:-5 motor=2:19/1:-5
ATGCorner: L=0@-1/1@45 Y=0@-1/0@-1 farL=0@-1/0@-1 Lxy=-1.0,-1.0:-1.0,-1.0/31.9,63.3:26.6,35.3 Yxy=-1.0,-1.0:-1.0,-1.0/-1.0,-1.0:-1.0,-1.0 farLxy=-1.0,-1.0:-1.0,-1.0/-1.0,-1.0:-1.0,-1.0 best=5:51.3,109.8:13.0,87.2:13.0:10111/45:31.9,63.3:26.6,35.3:109.1:11111 seed_src=none/lpt seed=40.0,91.8/0.0,0.0 far_start=40,0 far_raw=0/0 far_num=0/0 straight=0/0 far_straight=0/0 conf_deg=13.0/109.1/0.0/0.0
CrossDiag: type=CROSS_NONE track=1 half_lr=0/0 nearL=0@-1/1@45 nearNum=9/72 centerNum=9/72 farL=0@-1/0@-1 farNum=0/0 farRaw=0/0 lost=1/0 not_have=0 final=23/17 flags=0/0
LineErr: aim=41 cxcy=84.0,119.6 left=1:24.70@57,84 dx=-26.8 idx=0/8 dist=16/16 right=1:31.91@56,98 dx=-28.1 idx=8/30 dist=40/177 sel=1:57.73@56,125 dx=-28.3 idx=0/16 dist=32/32 edge=1:27.57@57.0,91.0 dx=-27.0 width=40.0 l=45,107 r=69,75
CxScan: raw_ref=80.0 edge=57.0,91.0 best_raw_x=10 best_err=0.16 best_cxcy=57.1,119.4 scan=0:-4.1,10:0.2,20:4.4,30:8.6,40:12.7,50:16.7,60:20.5,70:24.1,80:27.6,90:30.8,100:33.8,110:36.6,120:39.2,130:41.7,140:43.9
ATGSeedDiag: seed=1@26,108/1@155,105 begin=7,108 block=5 clip=8
ATGLptDiag: best=5(13.0) imip=0/8 pass=10111 acc=-1 ipm=51.3,109.8 inv=13.0,87.2 | 45(109.1) imip=35/55 pass=11111 acc=45 ipm=31.9,63.3 inv=26.6,35.3
frame=512 line=1 track=1 cross=0 circle=7(CIRCLE_LEFT_OUT) round=0 yroad=0 ramp=0 road=6 speed=0 near=10/74 raw=33/170 sel=23/17 far=0/0 far_raw=0/0 l=0@-1/1@43 far_l=0@-1/0@-1 straight=0/0 far_straight=0/0 circle_cnt=0/0/0/0 lost=1/0 conf=14.3/110.6/0.0/0.0 dist=188 begin=0/3339 m0=(84,119) ml=(56,119) md=28/0/28 cxcy=84.0,119.6 guide=49.82 atg=-60.0/-60.0/-60.0 pure=20.63/20.63 yaw=-3986 cmd=-3586 actual=-4519 signed=1 rps=8714/-1114:9658/622 duty=19/-5 pwm=PWM2:19/PWM1:-5 motor=2:19/1:-5
ATGCorner: L=0@-1/1@43 Y=0@-1/0@-1 farL=0@-1/0@-1 Lxy=-1.0,-1.0:-1.0,-1.0/35.7,64.8:29.3,36.1 Yxy=-1.0,-1.0:-1.0,-1.0/-1.0,-1.0:-1.0,-1.0 farLxy=-1.0,-1.0:-1.0,-1.0/-1.0,-1.0:-1.0,-1.0 best=1:59.7,114.6:24.0,100.4:14.3:10111/43:35.7,64.8:29.3,36.1:110.6:11111 seed_src=none/lpt seed=40.0,91.8/0.0,0.0 far_start=40,0 far_raw=0/0 far_num=0/0 straight=0/0 far_straight=0/0 conf_deg=14.3/110.6/0.0/0.0
CrossDiag: type=CROSS_NONE track=1 half_lr=0/0 nearL=0@-1/1@43 nearNum=10/74 centerNum=10/74 farL=0@-1/0@-1 farNum=0/0 farRaw=0/0 lost=1/0 not_have=0 final=23/17 flags=0/0
LineErr: aim=41 cxcy=84.0,119.6 left=1:25.54@56,83 dx=-28.4 idx=0/9 dist=18/18 right=1:32.01@56,98 dx=-28.2 idx=8/30 dist=41/182 sel=1:57.73@56,125 dx=-28.3 idx=0/16 dist=32/32 edge=1:27.35@57.0,90.5 dx=-27.0 width=41.8 l=43,106 r=71,75
CxScan: raw_ref=80.0 edge=57.0,90.5 best_raw_x=10 best_err=0.16 best_cxcy=57.1,119.4 scan=0:-4.1,10:0.2,20:4.4,30:8.5,40:12.6,50:16.6,60:20.3,70:23.9,80:27.3,90:30.5,100:33.5,110:36.3,120:39.0,130:41.4,140:43.6
ATGSeedDiag: seed=1@27,108/1@155,106 begin=7,108 block=5 clip=8
ATGLptDiag: best=1(14.3) imip=0/9 pass=10111 acc=-1 ipm=59.7,114.6 inv=24.0,100.4 | 43(110.6) imip=33/53 pass=11111 acc=43 ipm=35.7,64.8 inv=29.3,36.1
frame=513 line=1 track=1 cross=0 circle=7(CIRCLE_LEFT_OUT) round=0 yroad=0 ramp=0 road=6 speed=0 near=10/78 raw=35/170 sel=23/17 far=0/0 far_raw=0/0 l=0@-1/1@42 far_l=0@-1/0@-1 straight=0/0 far_straight=0/0 circle_cnt=0/0/0/0 lost=1/0 conf=13.6/111.0/0.0/0.0 dist=204 begin=0/3339 m0=(84,119) ml=(56,119) md=28/0/28 cxcy=84.0,119.6 guide=49.82 atg=-60.0/-60.0/-60.0 pure=20.63/20.63 yaw=-3986 cmd=-3586 actual=-4681 signed=1 rps=8714/-1114:10078/1135 duty=18/-6 pwm=PWM2:18/PWM1:-6 motor=2:18/1:-6
ATGCorner: L=0@-1/1@42 Y=0@-1/0@-1 farL=0@-1/0@-1 Lxy=-1.0,-1.0:-1.0,-1.0/39.6,63.6:33.5,35.4 Yxy=-1.0,-1.0:-1.0,-1.0/-1.0,-1.0:-1.0,-1.0 farLxy=-1.0,-1.0:-1.0,-1.0/-1.0,-1.0:-1.0,-1.0 best=4:54.7,110.6:18.9,89.1:13.6:10111/42:39.6,63.6:33.5,35.4:111.0:11111 seed_src=none/lpt seed=40.0,91.8/0.0,0.0 far_start=40,0 far_raw=0/0 far_num=0/0 straight=0/0 far_straight=0/0 conf_deg=13.6/111.0/0.0/0.0
CrossDiag: type=CROSS_NONE track=1 half_lr=0/0 nearL=0@-1/1@42 nearNum=10/78 centerNum=10/78 farL=0@-1/0@-1 farNum=0/0 farRaw=0/0 lost=1/0 not_have=0 final=23/17 flags=0/0
LineErr: aim=41 cxcy=84.0,119.6 left=1:24.42@57,83 dx=-27.0 idx=0/9 dist=18/18 right=1:30.99@56,97 dx=-27.6 idx=8/30 dist=41/191 sel=1:57.73@56,125 dx=-28.3 idx=0/16 dist=32/32 edge=1:26.47@58.0,90.5 dx=-26.0 width=41.8 l=44,106 r=72,75
CxScan: raw_ref=80.0 edge=58.0,90.5 best_raw_x=10 best_err=-0.94 best_cxcy=57.1,119.4 scan=0:-5.2,10:-0.9,20:3.3,30:7.5,40:11.6,50:15.5,60:19.4,70:23.0,80:26.5,90:29.7,100:32.8,110:35.6,120:38.3,130:40.8,140:43.1
ATGSeedDiag: seed=1@28,108/1@155,106 begin=7,108 block=5 clip=8
ATGLptDiag: best=4(13.6) imip=0/9 pass=10111 acc=-1 ipm=54.7,110.6 inv=18.9,89.1 | 42(111.0) imip=32/52 pass=11111 acc=42 ipm=39.6,63.6 inv=33.5,35.4
frame=514 line=1 track=1 cross=0 circle=7(CIRCLE_LEFT_OUT) round=0 yroad=0 ramp=0 road=6 speed=0 near=11/84 raw=38/170 sel=23/17 far=0/0 far_raw=0/0 l=0@-1/1@41 far_l=0@-1/0@-1 straight=0/0 far_straight=0/0 circle_cnt=0/0/0/0 lost=1/0 conf=16.8/110.2/0.0/0.0 dist=219 begin=0/3339 m0=(84,119) ml=(56,119) md=28/0/28 cxcy=84.0,119.6 guide=49.82 atg=-60.0/-60.0/-60.0 pure=20.63/20.63 yaw=-3986 cmd=-3586 actual=-4788 signed=1 rps=8714/-1114:9393/1381 duty=19/-6 pwm=PWM2:19/PWM1:-6 motor=2:19/1:-6
ATGCorner: L=0@-1/1@41 Y=0@-1/0@-1 farL=0@-1/0@-1 Lxy=-1.0,-1.0:-1.0,-1.0/43.2,61.9:37.5,34.5 Yxy=-1.0,-1.0:-1.0,-1.0/-1.0,-1.0:-1.0,-1.0 farLxy=-1.0,-1.0:-1.0,-1.0/-1.0,-1.0:-1.0,-1.0 best=4:55.5,110.2:20.9,88.2:16.8:10111/41:43.2,61.9:37.5,34.5:110.2:11111 seed_src=none/lpt seed=40.0,91.8/0.0,0.0 far_start=40,0 far_raw=0/0 far_num=0/0 straight=0/0 far_straight=0/0 conf_deg=16.8/110.2/0.0/0.0
CrossDiag: type=CROSS_NONE track=1 half_lr=0/0 nearL=0@-1/1@41 nearNum=11/84 centerNum=11/84 farL=0@-1/0@-1 farNum=0/0 farRaw=0/0 lost=1/0 not_have=0 final=23/17 flags=0/0
LineErr: aim=41 cxcy=84.0,119.6 left=1:25.02@56,82 dx=-28.3 idx=0/10 dist=20/20 right=1:28.87@58,96 dx=-25.6 idx=7/29 dist=40/204 sel=1:57.73@56,125 dx=-28.3 idx=0/16 dist=32/32 edge=1:26.04@58.0,89.5 dx=-26.0 width=43.1 l=43,105 r=73,74
CxScan: raw_ref=80.0 edge=58.0,89.5 best_raw_x=10 best_err=-0.93 best_cxcy=57.1,119.4 scan=0:-5.1,10:-0.9,20:3.2,30:7.3,40:11.4,50:15.3,60:19.0,70:22.6,80:26.0,90:29.3,100:32.3,110:35.1,120:37.8,130:40.2,140:42.5
ATGSeedDiag: seed=1@30,108/1@155,105 begin=7,108 block=5 clip=8
ATGLptDiag: best=4(16.8) imip=0/10 pass=10111 acc=-1 ipm=55.5,110.2 inv=20.9,88.2 | 41(110.2) imip=31/51 pass=11111 acc=41 ipm=43.2,61.9 inv=37.5,34.5
frame=515 line=1 track=1 cross=0 circle=7(CIRCLE_LEFT_OUT) round=0 yroad=0 ramp=0 road=6 speed=0 near=12/86 raw=40/170 sel=23/17 far=0/0 far_raw=0/0 l=0@-1/1@40 far_l=0@-1/0@-1 straight=0/0 far_straight=0/0 circle_cnt=0/0/0/0 lost=1/0 conf=16.9/111.2/0.0/0.0 dist=233 begin=0/3339 m0=(84,119) ml=(56,119) md=28/0/28 cxcy=84.0,119.6 guide=49.82 atg=-60.0/-60.0/-60.0 pure=20.63/20.63 yaw=-3986 cmd=-3586 actual=-4832 signed=1 rps=8714/-1114:9213/1454 duty=19/-6 pwm=PWM2:19/PWM1:-6 motor=2:19/1:-6
ATGCorner: L=0@-1/1@40 Y=0@-1/0@-1 farL=0@-1/0@-1 Lxy=-1.0,-1.0:-1.0,-1.0/46.8,61.4:40.9,34.2 Yxy=-1.0,-1.0:-1.0,-1.0/-1.0,-1.0:-1.0,-1.0 farLxy=-1.0,-1.0:-1.0,-1.0/-1.0,-1.0:-1.0,-1.0 best=4:56.4,110.1:22.7,88.0:16.9:10111/40:46.8,61.4:40.9,34.2:111.2:11111 seed_src=none/lpt seed=40.0,91.8/0.0,0.0 far_start=40,0 far_raw=0/0 far_num=0/0 straight=0/0 far_straight=0/0 conf_deg=16.9/111.2/0.0/0.0
CrossDiag: type=CROSS_NONE track=1 half_lr=0/0 nearL=0@-1/1@40 nearNum=12/86 centerNum=12/86 farL=0@-1/0@-1 farNum=0/0 farRaw=0/0 lost=1/0 not_have=0 final=23/17 flags=0/0
LineErr: aim=41 cxcy=84.0,119.6 left=1:25.81@54,81 dx=-30.0 idx=0/11 dist=24/24 right=1:28.35@58,95 dx=-25.6 idx=7/29 dist=41/210 sel=1:57.73@56,125 dx=-28.3 idx=0/16 dist=32/32 edge=1:25.40@58.5,89.0 dx=-25.5 width=44.6 l=42,104 r=75,74
CxScan: raw_ref=80.0 edge=58.5,89.0 best_raw_x=15 best_err=0.61 best_cxcy=59.1,119.4 scan=0:-5.6,10:-1.5,20:2.7,30:6.7,40:10.7,50:14.6,60:18.4,70:22.0,80:25.4,90:28.6,100:31.7,110:34.5,120:37.2,130:39.6,140:42.0
ATGSeedDiag: seed=1@31,108/1@155,105 begin=7,108 block=5 clip=8
ATGLptDiag: best=4(16.9) imip=0/11 pass=10111 acc=-1 ipm=56.4,110.1 inv=22.7,88.0 | 40(111.2) imip=30/50 pass=11111 acc=40 ipm=46.8,61.4 inv=40.9,34.2
frame=516 line=1 track=1 cross=0 circle=7(CIRCLE_LEFT_OUT) round=0 yroad=0 ramp=0 road=6 speed=0 near=13/93 raw=42/170 sel=23/17 far=0/0 far_raw=0/0 l=0@-1/1@38 far_l=0@-1/0@-1 straight=0/0 far_straight=0/0 circle_cnt=0/0/0/0 lost=1/0 conf=19.3/111.7/0.0/0.0 dist=247 begin=0/3339 m0=(84,119) ml=(56,119) md=28/0/28 cxcy=84.0,119.6 guide=49.82 atg=-60.0/-60.0/-60.0 pure=20.63/20.63 yaw=-3986 cmd=-3586 actual=-4857 signed=1 rps=8714/-1114:9047/1444 duty=20/-6 pwm=PWM2:20/PWM1:-6 motor=2:20/1:-6
ATGCorner: L=0@-1/1@38 Y=0@-1/0@-1 farL=0@-1/0@-1 Lxy=-1.0,-1.0:-1.0,-1.0/51.1,62.5:44.4,34.8 Yxy=-1.0,-1.0:-1.0,-1.0/-1.0,-1.0:-1.0,-1.0 farLxy=-1.0,-1.0:-1.0,-1.0/-1.0,-1.0:-1.0,-1.0 best=4:56.9,109.6:24.4,86.8:19.3:10111/38:51.1,62.5:44.4,34.8:111.7:11111 seed_src=none/lpt seed=40.0,91.8/0.0,0.0 far_start=40,0 far_raw=0/0 far_num=0/0 straight=0/0 far_straight=0/0 conf_deg=19.3/111.7/0.0/0.0
CrossDiag: type=CROSS_NONE track=1 half_lr=0/0 nearL=0@-1/1@38 nearNum=13/93 centerNum=13/93 farL=0@-1/0@-1 farNum=0/0 farRaw=0/0 lost=1/0 not_have=0 final=23/17 flags=0/0
LineErr: aim=41 cxcy=84.0,119.6 left=1:27.07@51,79 dx=-32.6 idx=0/12 dist=28/28 right=1:27.17@60,95 dx=-24.3 idx=7/28 dist=39/221 sel=1:57.73@56,125 dx=-28.3 idx=0/16 dist=32/32 edge=1:25.42@58.0,88.0 dx=-26.0 width=45.6 l=40,102 r=76,74
CxScan: raw_ref=80.0 edge=58.0,88.0 best_raw_x=10 best_err=-0.90 best_cxcy=57.1,119.4 scan=0:-4.9,10:-0.9,20:3.1,30:7.1,40:11.1,50:14.9,60:18.5,70:22.1,80:25.4,90:28.6,100:31.6,110:34.4,120:37.0,130:39.4,140:41.7
ATGSeedDiag: seed=1@32,107/1@155,104 begin=7,108 block=5 clip=8
ATGLptDiag: best=4(19.3) imip=0/12 pass=10111 acc=-1 ipm=56.9,109.6 inv=24.4,86.8 | 38(111.7) imip=28/48 pass=11111 acc=38 ipm=51.1,62.5 inv=44.4,34.8
frame=517 line=1 track=1 cross=0 circle=7(CIRCLE_LEFT_OUT) round=0 yroad=0 ramp=0 road=6 speed=0 near=13/97 raw=45/170 sel=23/17 far=0/0 far_raw=0/0 l=0@-1/1@36 far_l=0@-1/0@-1 straight=0/0 far_straight=0/0 circle_cnt=0/0/0/0 lost=1/0 conf=20.9/111.7/0.0/0.0 dist=261 begin=0/3339 m0=(84,119) ml=(56,119) md=28/0/28 cxcy=84.0,119.6 guide=49.82 atg=-60.0/-60.0/-60.0 pure=20.63/20.63 yaw=-3986 cmd=-3586 actual=-4879 signed=1 rps=8714/-1114:8552/1387 duty=20/-6 pwm=PWM2:20/PWM1:-6 motor=2:20/1:-6
ATGCorner: L=0@-1/1@36 Y=0@-1/0@-1 farL=0@-1/0@-1 Lxy=-1.0,-1.0:-1.0,-1.0/56.0,63.8:48.5,35.4 Yxy=-1.0,-1.0:-1.0,-1.0/-1.0,-1.0:-1.0,-1.0 farLxy=-1.0,-1.0:-1.0,-1.0/-1.0,-1.0:-1.0,-1.0 best=3:59.9,111.1:28.8,90.4:20.9:10111/36:56.0,63.8:48.5,35.4:111.7:11111 seed_src=none/lpt seed=40.0,91.8/0.0,0.0 far_start=40,0 far_raw=0/0 far_num=0/0 straight=0/0 far_straight=0/0 conf_deg=20.9/111.7/0.0/0.0
CrossDiag: type=CROSS_NONE track=1 half_lr=0/0 nearL=0@-1/1@36 nearNum=13/97 centerNum=13/97 farL=0@-1/0@-1 farNum=0/0 farRaw=0/0 lost=1/0 not_have=0 final=23/17 flags=0/0
LineErr: aim=41 cxcy=84.0,119.6 left=1:25.65@53,79 dx=-30.6 idx=0/12 dist=28/28 right=1:26.27@60,95 dx=-23.6 idx=7/27 dist=39/231 sel=1:57.73@56,125 dx=-28.3 idx=0/16 dist=32/32 edge=1:25.64@57.5,87.5 dx=-26.5 width=43.9 l=41,102 r=74,73
CxScan: raw_ref=80.0 edge=57.5,87.5 best_raw_x=10 best_err=-0.37 best_cxcy=57.1,119.4 scan=0:-4.4,10:-0.4,20:3.6,30:7.6,40:11.5,50:15.2,60:18.9,70:22.3,80:25.6,90:28.8,100:31.7,110:34.5,120:37.1,130:39.5,140:41.8
ATGSeedDiag: seed=1@34,108/1@155,103 begin=7,108 block=5 clip=8
ATGLptDiag: best=3(20.9) imip=0/12 pass=10111 acc=-1 ipm=59.9,111.1 inv=28.8,90.4 | 36(111.7) imip=26/46 pass=11111 acc=36 ipm=56.0,63.8 inv=48.5,35.4
frame=518 line=1 track=1 cross=0 circle=7(CIRCLE_LEFT_OUT) round=0 yroad=0 ramp=0 road=6 speed=0 near=14/99 raw=47/170 sel=23/17 far=0/0 far_raw=0/0 l=0@-1/1@35 far_l=0@-1/0@-1 straight=0/0 far_straight=0/0 circle_cnt=0/0/0/0 lost=1/0 conf=23.2/111.9/0.0/0.0 dist=275 begin=0/3339 m0=(84,119) ml=(56,119) md=28/0/28 cxcy=84.0,119.6 guide=49.82 atg=-60.0/-60.0/-60.0 pure=20.63/20.63 yaw=-3986 cmd=-3586 actual=-4887 signed=1 rps=8714/-1114:9006/1502 duty=20/-6 pwm=PWM2:20/PWM1:-6 motor=2:20/1:-6
ATGCorner: L=0@-1/1@35 Y=0@-1/0@-1 farL=0@-1/0@-1 Lxy=-1.0,-1.0:-1.0,-1.0/59.6,63.5:51.9,35.2 Yxy=-1.0,-1.0:-1.0,-1.0/-1.0,-1.0:-1.0,-1.0 farLxy=-1.0,-1.0:-1.0,-1.0/-1.0,-1.0:-1.0,-1.0 best=3:60.4,110.7:30.3,89.3:23.2:10111/35:59.6,63.5:51.9,35.2:111.9:11111 seed_src=none/lpt seed=40.0,91.8/0.0,0.0 far_start=40,0 far_raw=0/0 far_num=0/0 straight=0/0 far_straight=0/0 conf_deg=23.2/111.9/0.0/0.0
CrossDiag: type=CROSS_NONE track=1 half_lr=0/0 nearL=0@-1/1@35 nearNum=14/99 centerNum=14/99 farL=0@-1/0@-1 farNum=0/0 farRaw=0/0 lost=1/0 not_have=0 final=23/17 flags=0/0
LineErr: aim=41 cxcy=84.0,119.6 left=1:26.95@51,77 dx=-33.3 idx=0/13 dist=32/32 right=1:26.84@59,93 dx=-25.2 idx=7/27 dist=42/237 sel=1:57.73@56,125 dx=-28.3 idx=0/16 dist=32/32 edge=1:24.60@58.5,87.0 dx=-25.5 width=46.4 l=40,101 r=77,73
CxScan: raw_ref=80.0 edge=58.5,87.0 best_raw_x=15 best_err=0.58 best_cxcy=59.1,119.4 scan=0:-5.4,10:-1.4,20:2.6,30:6.5,40:10.4,50:14.1,60:17.8,70:21.3,80:24.6,90:27.8,100:30.7,110:33.5,120:36.2,130:38.6,140:40.9
ATGSeedDiag: seed=1@35,107/1@155,103 begin=7,108 block=5 clip=8
ATGLptDiag: best=3(23.2) imip=0/13 pass=10111 acc=-1 ipm=60.4,110.7 inv=30.3,89.3 | 35(111.9) imip=25/45 pass=11111 acc=35 ipm=59.6,63.5 inv=51.9,35.2
frame=519 line=1 track=1 cross=0 circle=7(CIRCLE_LEFT_OUT) round=0 yroad=0 ramp=0 road=6 speed=0 near=15/101 raw=50/170 sel=23/17 far=0/0 far_raw=0/0 l=0@-1/1@33 far_l=0@-1/0@-1 straight=0/0 far_straight=0/0 circle_cnt=0/0/0/0 lost=1/0 conf=18.5/111.4/0.0/0.0 dist=291 begin=0/3339 m0=(84,119) ml=(56,119) md=28/0/28 cxcy=84.0,119.6 guide=49.82 atg=-60.0/-60.0/-60.0 pure=20.63/20.63 yaw=-3986 cmd=-3586 actual=-4878 signed=1 rps=8714/-1114:9033/1565 duty=20/-6 pwm=PWM2:20/PWM1:-6 motor=2:20/1:-6
ATGCorner: L=0@-1/1@33 Y=0@-1/0@-1 farL=0@-1/0@-1 Lxy=-1.0,-1.0:-1.0,-1.0/62.8,65.6:54.4,36.3 Yxy=-1.0,-1.0:-1.0,-1.0/-1.0,-1.0:-1.0,-1.0 farLxy=-1.0,-1.0:-1.0,-1.0/-1.0,-1.0:-1.0,-1.0 best=3:61.2,110.5:32.0,88.8:18.5:10111/33:62.8,65.6:54.4,36.3:111.4:11111 seed_src=none/lpt seed=40.0,91.8/0.0,0.0 far_start=40,0 far_raw=0/0 far_num=0/0 straight=0/0 far_straight=0/0 conf_deg=18.5/111.4/0.0/0.0
CrossDiag: type=CROSS_NONE track=1 half_lr=0/0 nearL=0@-1/1@33 nearNum=15/101 centerNum=15/101 farL=0@-1/0@-1 farNum=0/0 farRaw=0/0 lost=1/0 not_have=0 final=23/17 flags=0/0
LineErr: aim=41 cxcy=84.0,119.6 left=1:27.58@49,76 dx=-35.0 idx=0/14 dist=36/36 right=1:27.01@58,91 dx=-26.4 idx=7/27 dist=41/237 sel=1:57.73@56,125 dx=-28.3 idx=0/16 dist=32/32 edge=1:23.25@60.5,88.0 dx=-23.5 width=51.0 l=38,100 r=83,76
CxScan: raw_ref=80.0 edge=60.5,88.0 best_raw_x=20 best_err=0.51 best_cxcy=61.0,119.4 scan=0:-7.5,10:-3.5,20:0.5,30:4.5,40:8.5,50:12.4,60:16.2,70:19.8,80:23.3,90:26.5,100:29.6,110:32.6,120:35.3,130:37.9,140:40.2
ATGSeedDiag: seed=1@36,107/1@155,103 begin=7,108 block=5 clip=8
ATGLptDiag: best=3(18.5) imip=0/13 pass=10111 acc=-1 ipm=61.2,110.5 inv=32.0,88.8 | 33(111.4) imip=23/43 pass=11111 acc=33 ipm=62.8,65.6 inv=54.4,36.3
frame=520 line=1 track=1 cross=0 circle=7(CIRCLE_LEFT_OUT) round=0 yroad=0 ramp=0 road=6 speed=0 near=16/99 raw=53/170 sel=23/17 far=0/0 far_raw=0/0 l=0@-1/1@32 far_l=0@-1/0@-1 straight=0/0 far_straight=0/0 circle_cnt=0/0/0/0 lost=1/0 conf=24.2/110.3/0.0/0.0 dist=306 begin=0/3339 m0=(84,119) ml=(56,119) md=28/0/28 cxcy=84.0,119.6 guide=49.82 atg=-60.0/-60.0/-60.0 pure=20.63/20.63 yaw=-3986 cmd=-3586 actual=-4846 signed=1 rps=8714/-1114:9598/1591 duty=19/-6 pwm=PWM2:19/PWM1:-6 motor=2:19/1:-6
ATGCorner: L=0@-1/1@32 Y=0@-1/0@-1 farL=0@-1/0@-1 Lxy=-1.0,-1.0:-1.0,-1.0/65.9,65.5:57.4,36.3 Yxy=-1.0,-1.0:-1.0,-1.0/-1.0,-1.0:-1.0,-1.0 farLxy=-1.0,-1.0:-1.0,-1.0/-1.0,-1.0:-1.0,-1.0 best=5:58.6,107.7:29.8,82.3:24.2:10111/32:65.9,65.5:57.4,36.3:110.3:11111 seed_src=none/lpt seed=40.0,91.8/0.0,0.0 far_start=40,0 far_raw=0/0 far_num=0/0 straight=0/0 far_straight=0/0 conf_deg=24.2/110.3/0.0/0.0
CrossDiag: type=CROSS_NONE track=1 half_lr=0/0 nearL=0@-1/1@32 nearNum=16/99 centerNum=16/99 farL=0@-1/0@-1 farNum=0/0 farRaw=0/0 lost=1/0 not_have=0 final=23/17 flags=0/0
LineErr: aim=41 cxcy=84.0,119.6 left=1:27.92@48,75 dx=-36.1 idx=0/15 dist=40/40 right=1:22.78@63,92 dx=-21.1 idx=6/25 dist=39/236 sel=1:57.73@56,125 dx=-28.3 idx=0/16 dist=32/32 edge=1:21.91@62.0,88.0 dx=-22.0 width=52.8 l=38,99 r=86,77
CxScan: raw_ref=80.0 edge=62.0,88.0 best_raw_x=25 best_err=0.96 best_cxcy=62.9,119.4 scan=0:-9.1,10:-5.1,20:-1.1,30:3.0,40:7.0,50:10.9,60:14.7,70:18.4,80:21.9,90:25.3,100:28.4,110:31.4,120:34.2,130:36.9,140:39.3
ATGSeedDiag: seed=1@38,108/1@155,103 begin=7,108 block=5 clip=8
ATGLptDiag: best=5(24.2) imip=0/15 pass=10111 acc=-1 ipm=58.6,107.7 inv=29.8,82.3 | 32(110.3) imip=22/42 pass=11111 acc=32 ipm=65.9,65.5 inv=57.4,36.3
frame=521 line=1 track=1 cross=0 circle=7(CIRCLE_LEFT_OUT) round=0 yroad=0 ramp=0 road=6 speed=0 near=17/103 raw=56/170 sel=23/17 far=0/0 far_raw=0/0 l=0@-1/1@31 far_l=0@-1/0@-1 straight=0/0 far_straight=0/0 circle_cnt=0/0/0/0 lost=1/0 conf=24.8/111.1/0.0/0.0 dist=320 begin=0/3339 m0=(84,119) ml=(56,119) md=28/0/28 cxcy=84.0,119.6 guide=49.82 atg=-60.0/-60.0/-60.0 pure=20.63/20.63 yaw=-3986 cmd=-3586 actual=-4839 signed=1 rps=8714/-1114:9666/1452 duty=19/-6 pwm=PWM2:19/PWM1:-6 motor=2:19/1:-6
ATGCorner: L=0@-1/1@31 Y=0@-1/0@-1 farL=0@-1/0@-1 Lxy=-1.0,-1.0:-1.0,-1.0/70.1,64.5:61.4,35.7 Yxy=-1.0,-1.0:-1.0,-1.0/-1.0,-1.0:-1.0,-1.0 farLxy=-1.0,-1.0:-1.0,-1.0/-1.0,-1.0:-1.0,-1.0 best=6:57.6,106.0:29.5,78.9:24.8:10111/31:70.1,64.5:61.4,35.7:111.1:11111 seed_src=none/lpt seed=40.0,91.8/0.0,0.0 far_start=40,0 far_raw=0/0 far_num=0/0 straight=0/0 far_straight=0/0 conf_deg=24.8/111.1/0.0/0.0
CrossDiag: type=CROSS_NONE track=1 half_lr=0/0 nearL=0@-1/1@31 nearNum=17/103 centerNum=17/103 farL=0@-1/0@-1 farNum=0/0 farRaw=0/0 lost=1/0 not_have=0 final=23/17 flags=0/0
LineErr: aim=41 cxcy=84.0,119.6 left=1:26.84@49,74 dx=-34.9 idx=0/15 dist=41/44 right=1:23.61@61,89 dx=-23.3 idx=6/25 dist=41/243 sel=1:57.73@56,125 dx=-28.3 idx=0/16 dist=32/32 edge=1:20.55@63.5,88.0 dx=-20.5 width=57.9 l=36,97 r=91,79
CxScan: raw_ref=80.0 edge=63.5,88.0 best_raw_x=25 best_err=-0.62 best_cxcy=62.9,119.4 scan=0:-10.6,10:-6.6,20:-2.6,30:1.4,40:5.4,50:9.4,60:13.2,70:17.0,80:20.5,90:24.0,100:27.2,110:30.3,120:33.2,130:35.9,140:38.4
ATGSeedDiag: seed=1@39,108/1@155,102 begin=7,108 block=5 clip=8
ATGLptDiag: best=6(24.8) imip=0/16 pass=10111 acc=-1 ipm=57.6,106.0 inv=29.5,78.9 | 31(111.1) imip=21/41 pass=11111 acc=31 ipm=70.1,64.5 inv=61.4,35.7
frame=522 line=1 track=1 cross=0 circle=7(CIRCLE_LEFT_OUT) round=0 yroad=0 ramp=0 road=6 speed=0 near=18/102 raw=59/170 sel=23/17 far=0/0 far_raw=0/0 l=0@-1/1@30 far_l=0@-1/0@-1 straight=0/0 far_straight=0/0 circle_cnt=0/0/0/0 lost=1/0 conf=18.0/111.0/0.0/0.0 dist=334 begin=0/3339 m0=(84,119) ml=(56,119) md=28/0/28 cxcy=84.0,119.6 guide=49.82 atg=-60.0/-60.0/-60.0 pure=20.63/20.63 yaw=-3986 cmd=-3586 actual=-4848 signed=1 rps=8714/-1114:8875/1268 duty=20/-6 pwm=PWM2:20/PWM1:-6 motor=2:20/1:-6
ATGCorner: L=0@-1/1@30 Y=0@-1/0@-1 farL=0@-1/0@-1 Lxy=-1.0,-1.0:-1.0,-1.0/74.0,65.0:65.0,36.0 Yxy=-1.0,-1.0:-1.0,-1.0/-1.0,-1.0:-1.0,-1.0 farLxy=-1.0,-1.0:-1.0,-1.0/-1.0,-1.0:-1.0,-1.0 best=3:63.7,110.3:37.3,88.3:18.0:10111/30:74.0,65.0:65.0,36.0:111.0:11111 seed_src=none/lpt seed=40.0,91.8/0.0,0.0 far_start=40,0 far_raw=0/0 far_num=0/0 straight=0/0 far_straight=0/0 conf_deg=18.0/111.0/0.0/0.0
CrossDiag: type=CROSS_NONE track=1 half_lr=0/0 nearL=0@-1/1@30 nearNum=18/102 centerNum=18/102 farL=0@-1/0@-1 farNum=0/0 farRaw=0/0 lost=1/0 not_have=0 final=23/17 flags=0/0
LineErr: aim=41 cxcy=84.0,119.6 left=1:26.15@50,73 dx=-34.1 idx=0/15 dist=42/48 right=1:21.85@62,89 dx=-21.6 idx=6/24 dist=40/247 sel=1:57.73@56,125 dx=-28.3 idx=0/16 dist=32/32 edge=1:20.66@63.0,87.0 dx=-21.0 width=58.8 l=35,96 r=91,78
CxScan: raw_ref=80.0 edge=63.0,87.0 best_raw_x=25 best_err=-0.09 best_cxcy=62.9,119.4 scan=0:-9.9,10:-6.0,20:-2.1,30:1.9,40:5.8,50:9.7,60:13.5,70:17.1,80:20.7,90:24.0,100:27.2,110:30.2,120:33.0,130:35.7,140:38.2
ATGSeedDiag: seed=1@40,108/1@155,101 begin=7,108 block=5 clip=8
ATGLptDiag: best=3(18.0) imip=0/13 pass=10111 acc=-1 ipm=63.7,110.3 inv=37.3,88.3 | 30(111.0) imip=20/40 pass=11111 acc=30 ipm=74.0,65.0 inv=65.0,36.0
frame=523 line=1 track=1 cross=0 circle=7(CIRCLE_LEFT_OUT) round=0 yroad=0 ramp=0 road=6 speed=0 near=19/104 raw=61/170 sel=23/17 far=0/0 far_raw=0/0 l=0@-1/1@28 far_l=0@-1/0@-1 straight=0/0 far_straight=0/0 circle_cnt=0/0/0/0 lost=1/0 conf=19.7/109.8/0.0/0.0 dist=347 begin=0/3339 m0=(84,119) ml=(56,119) md=28/0/28 cxcy=84.0,119.6 guide=49.82 atg=-60.0/-60.0/-60.0 pure=20.63/20.63 yaw=-3986 cmd=-3586 actual=-4849 signed=1 rps=8714/-1114:8802/1168 duty=20/-6 pwm=PWM2:20/PWM1:-6 motor=2:20/1:-6
ATGCorner: L=0@-1/1@28 Y=0@-1/0@-1 farL=0@-1/0@-1 Lxy=-1.0,-1.0:-1.0,-1.0/76.6,67.1:67.3,37.1 Yxy=-1.0,-1.0:-1.0,-1.0/-1.0,-1.0:-1.0,-1.0 farLxy=-1.0,-1.0:-1.0,-1.0/-1.0,-1.0:-1.0,-1.0 best=3:64.5,110.1:38.9,87.8:19.7:10111/28:76.6,67.1:67.3,37.1:109.8:11111 seed_src=none/lpt seed=40.0,91.8/0.0,0.0 far_start=40,0 far_raw=0/0 far_num=0/0 straight=0/0 far_straight=0/0 conf_deg=19.7/109.8/0.0/0.0
CrossDiag: type=CROSS_NONE track=1 half_lr=0/0 nearL=0@-1/1@28 nearNum=19/104 centerNum=19/104 farL=0@-1/0@-1 farNum=0/0 farRaw=0/0 lost=1/0 not_have=0 final=23/17 flags=0/0
LineErr: aim=41 cxcy=84.0,119.6 left=1:23.68@54,73 dx=-30.4 idx=0/14 dist=40/52 right=1:20.17@64,88 dx=-20.0 idx=5/23 dist=40/245 sel=1:57.73@56,125 dx=-28.3 idx=0/16 dist=32/32 edge=1:20.49@63.0,86.5 dx=-21.0 width=60.4 l=34,95 r=92,78
CxScan: raw_ref=80.0 edge=63.0,86.5 best_raw_x=25 best_err=-0.09 best_cxcy=62.9,119.4 scan=0:-9.8,10:-6.0,20:-2.1,30:1.9,40:5.8,50:9.6,60:13.4,70:17.0,80:20.5,90:23.8,100:27.0,110:30.0,120:32.8,130:35.5,140:37.9
ATGSeedDiag: seed=1@41,108/1@155,100 begin=7,108 block=5 clip=8
ATGLptDiag: best=3(19.7) imip=0/13 pass=10111 acc=-1 ipm=64.5,110.1 inv=38.9,87.8 | 28(109.8) imip=18/38 pass=11111 acc=28 ipm=76.6,67.1 inv=67.3,37.1
frame=524 line=1 track=1 cross=0 circle=7(CIRCLE_LEFT_OUT) round=0 yroad=0 ramp=0 road=6 speed=0 near=20/103 raw=64/170 sel=23/17 far=0/0 far_raw=0/0 l=0@-1/1@27 far_l=0@-1/0@-1 straight=0/0 far_straight=0/0 circle_cnt=0/0/0/0 lost=1/0 conf=28.8/108.6/0.0/0.0 dist=360 begin=0/3339 m0=(84,119) ml=(56,119) md=28/0/28 cxcy=84.0,119.6 guide=49.82 atg=-60.0/-60.0/-60.0 pure=20.63/20.63 yaw=-3986 cmd=-3586 actual=-4843 signed=1 rps=8714/-1114:8578/977 duty=20/-6 pwm=PWM2:20/PWM1:-6 motor=2:20/1:-6
ATGCorner: L=0@-1/1@27 Y=0@-1/0@-1 farL=0@-1/0@-1 Lxy=-1.0,-1.0:-1.0,-1.0/79.8,67.4:70.3,37.2 Yxy=-1.0,-1.0:-1.0,-1.0/-1.0,-1.0:-1.0,-1.0 farLxy=-1.0,-1.0:-1.0,-1.0/-1.0,-1.0:-1.0,-1.0 best=9:54.7,101.2:28.9,70.1:28.8:10111/27:79.8,67.4:70.3,37.2:108.6:11111 seed_src=none/lpt seed=40.0,91.8/0.0,0.0 far_start=40,0 far_raw=0/0 far_num=0/0 straight=0/0 far_straight=0/0 conf_deg=28.8/108.6/0.0/0.0
CrossDiag: type=CROSS_NONE track=1 half_lr=0/0 nearL=0@-1/1@27 nearNum=20/103 centerNum=20/103 farL=0@-1/0@-1 farNum=0/0 farRaw=0/0 lost=1/0 not_have=0 final=23/17 flags=0/0
LineErr: aim=41 cxcy=84.0,119.6 left=1:22.49@55,73 dx=-28.9 idx=0/14 dist=41/56 right=1:17.44@67,88 dx=-17.2 idx=4/22 dist=40/253 sel=1:57.73@56,125 dx=-28.3 idx=0/16 dist=32/32 edge=1:20.16@63.0,85.5 dx=-21.0 width=62.4 l=33,94 r=93,77
CxScan: raw_ref=80.0 edge=63.0,85.5 best_raw_x=25 best_err=-0.09 best_cxcy=62.9,119.4 scan=0:-9.7,10:-5.9,20:-2.0,30:1.8,40:5.7,50:9.5,60:13.1,70:16.7,80:20.2,90:23.5,100:26.6,110:29.6,120:32.4,130:35.0,140:37.5
ATGSeedDiag: seed=1@43,108/1@155,99 begin=7,108 block=5 clip=8
ATGLptDiag: best=9(28.8) imip=0/19 pass=10111 acc=-1 ipm=54.7,101.2 inv=28.9,70.1 | 27(108.6) imip=17/37 pass=11111 acc=27 ipm=79.8,67.4 inv=70.3,37.2
frame=525 line=1 track=1 cross=0 circle=7(CIRCLE_LEFT_OUT) round=0 yroad=0 ramp=0 road=6 speed=0 near=20/101 raw=67/170 sel=23/17 far=0/0 far_raw=0/0 l=0@-1/1@26 far_l=0@-1/0@-1 straight=0/0 far_straight=0/0 circle_cnt=0/0/0/0 lost=1/0 conf=30.2/106.7/0.0/0.0 dist=374 begin=0/3339 m0=(84,119) ml=(56,119) md=28/0/28 cxcy=84.0,119.6 guide=49.82 atg=-60.0/-60.0/-60.0 pure=20.63/20.63 yaw=-3986 cmd=-3586 actual=-4828 signed=1 rps=8714/-1114:9416/901 duty=19/-6 pwm=PWM2:19/PWM1:-6 motor=2:19/1:-6
ATGCorner: L=0@-1/1@26 Y=0@-1/0@-1 farL=0@-1/0@-1 Lxy=-1.0,-1.0:-1.0,-1.0/82.9,67.5:73.4,37.3 Yxy=-1.0,-1.0:-1.0,-1.0/-1.0,-1.0:-1.0,-1.0 farLxy=-1.0,-1.0:-1.0,-1.0/-1.0,-1.0:-1.0,-1.0 best=9:55.7,100.7:31.0,69.2:30.2:10111/26:82.9,67.5:73.4,37.3:106.7:11111 seed_src=none/lpt seed=40.0,91.8/0.0,0.0 far_start=40,0 far_raw=0/0 far_num=0/0 straight=0/0 far_straight=0/0 conf_deg=30.2/106.7/0.0/0.0
CrossDiag: type=CROSS_NONE track=1 half_lr=0/0 nearL=0@-1/1@26 nearNum=20/101 centerNum=20/101 farL=0@-1/0@-1 farNum=0/0 farRaw=0/0 lost=1/0 not_have=0 final=23/17 flags=0/0
LineErr: aim=41 cxcy=84.0,119.6 left=1:21.20@57,72 dx=-27.3 idx=0/14 dist=41/56 right=1:17.06@66,84 dx=-18.0 idx=4/22 dist=42/245 sel=1:57.73@56,125 dx=-28.3 idx=0/16 dist=32/32 edge=1:18.97@64.0,84.5 dx=-20.0 width=62.4 l=34,93 r=94,76
CxScan: raw_ref=80.0 edge=64.0,84.5 best_raw_x=30 best_err=0.82 best_cxcy=64.8,119.4 scan=0:-10.5,10:-6.7,20:-3.0,30:0.8,40:4.6,50:8.3,60:12.0,70:15.5,80:19.0,90:22.3,100:25.4,110:28.4,120:31.2,130:33.9,140:36.3
ATGSeedDiag: seed=1@44,108/1@155,98 begin=7,108 block=5 clip=8
ATGLptDiag: best=9(30.2) imip=0/19 pass=10111 acc=-1 ipm=55.7,100.7 inv=31.0,69.2 | 26(106.7) imip=16/36 pass=11111 acc=26 ipm=82.9,67.5 inv=73.4,37.3
frame=526 line=1 track=1 cross=0 circle=7(CIRCLE_LEFT_OUT) round=0 yroad=0 ramp=0 road=6 speed=0 near=22/92 raw=69/163 sel=23/17 far=0/0 far_raw=0/0 l=0@-1/1@25 far_l=0@-1/0@-1 straight=0/0 far_straight=0/0 circle_cnt=0/0/0/0 lost=1/0 conf=28.9/106.9/0.0/0.0 dist=389 begin=0/3339 m0=(84,119) ml=(56,119) md=28/0/28 cxcy=84.0,119.6 guide=49.82 atg=-60.0/-60.0/-60.0 pure=20.63/20.63 yaw=-3986 cmd=-3586 actual=-4818 signed=1 rps=8714/-1114:9972/969 duty=18/-6 pwm=PWM2:18/PWM1:-6 motor=2:18/1:-6
ATGCorner: L=0@-1/1@25 Y=0@-1/0@-1 farL=0@-1/0@-1 Lxy=-1.0,-1.0:-1.0,-1.0/86.6,67.6:76.9,37.3 Yxy=-1.0,-1.0:-1.0,-1.0/-1.0,-1.0:-1.0,-1.0 farLxy=-1.0,-1.0:-1.0,-1.0/-1.0,-1.0:-1.0,-1.0 best=10:54.7,99.1:30.7,66.8:28.9:10111/25:86.6,67.6:76.9,37.3:106.9:11111 seed_src=none/lpt seed=40.0,91.8/0.0,0.0 far_start=40,0 far_raw=0/0 far_num=0/0 straight=0/0 far_straight=0/0 conf_deg=28.9/106.9/0.0/0.0
CrossDiag: type=CROSS_NONE track=1 half_lr=0/0 nearL=0@-1/1@25 nearNum=22/92 centerNum=22/92 farL=0@-1/0@-1 farNum=0/0 farRaw=0/0 lost=1/0 not_have=0 final=23/17 flags=0/0
LineErr: aim=41 cxcy=84.0,119.6 left=1:18.77@60,73 dx=-23.8 idx=0/13 dist=40/64 right=1:15.16@68,83 dx=-16.1 idx=4/21 dist=42/228 sel=1:57.73@56,125 dx=-28.3 idx=0/16 dist=32/32 edge=1:19.26@63.5,84.0 dx=-20.5 width=63.1 l=33,92 r=94,76
CxScan: raw_ref=80.0 edge=63.5,84.0 best_raw_x=25 best_err=-0.58 best_cxcy=62.9,119.4 scan=0:-9.9,10:-6.2,20:-2.5,30:1.3,40:5.0,50:8.7,60:12.4,70:15.9,80:19.3,90:22.5,100:25.6,110:28.6,120:31.3,130:34.0,140:36.4
ATGSeedDiag: seed=1@45,108/1@155,97 begin=7,108 block=5 clip=8
ATGLptDiag: best=10(28.9) imip=0/20 pass=10111 acc=-1 ipm=54.7,99.1 inv=30.7,66.8 | 25(106.9) imip=15/35 pass=11111 acc=25 ipm=86.6,67.6 inv=76.9,37.3
frame=527 line=1 track=1 cross=0 circle=7(CIRCLE_LEFT_OUT) round=0 yroad=0 ramp=0 road=6 speed=0 near=22/82 raw=72/157 sel=23/17 far=0/0 far_raw=0/0 l=0@-1/1@24 far_l=0@-1/0@-1 straight=0/0 far_straight=0/0 circle_cnt=0/0/0/0 lost=1/0 conf=29.7/109.0/0.0/0.0 dist=404 begin=0/3339 m0=(84,119) ml=(56,119) md=28/0/28 cxcy=84.0,119.6 guide=49.82 atg=-60.0/-60.0/-60.0 pure=20.63/20.63 yaw=-3986 cmd=-3586 actual=-4820 signed=1 rps=8714/-1114:9449/1068 duty=19/-6 pwm=PWM2:19/PWM1:-6 motor=2:19/1:-6
ATGCorner: L=0@-1/1@24 Y=0@-1/0@-1 farL=0@-1/0@-1 Lxy=-1.0,-1.0:-1.0,-1.0/89.2,68.2:79.5,37.7 Yxy=-1.0,-1.0:-1.0,-1.0/-1.0,-1.0:-1.0,-1.0 farLxy=-1.0,-1.0:-1.0,-1.0/-1.0,-1.0:-1.0,-1.0 best=10:55.8,98.6:32.8,66.0:29.7:10111/24:89.2,68.2:79.5,37.7:109.0:11111 seed_src=none/lpt seed=40.0,91.8/0.0,0.0 far_start=40,0 far_raw=0/0 far_num=0/0 straight=0/0 far_straight=0/0 conf_deg=29.7/109.0/0.0/0.0
CrossDiag: type=CROSS_NONE track=1 half_lr=0/0 nearL=0@-1/1@24 nearNum=22/82 centerNum=22/82 farL=0@-1/0@-1 farNum=0/0 farRaw=0/0 lost=1/0 not_have=0 final=23/17 flags=0/0
LineErr: aim=41 cxcy=84.0,119.6 left=1:17.52@62,72 dx=-22.2 idx=0/13 dist=40/64 right=1:13.47@70,83 dx=-14.3 idx=3/20 dist=43/210 sel=1:57.73@56,125 dx=-28.3 idx=0/16 dist=32/32 edge=1:18.09@64.5,83.0 dx=-19.5 width=63.1 l=34,91 r=95,75
CxScan: raw_ref=80.0 edge=64.5,83.0 best_raw_x=30 best_err=0.32 best_cxcy=64.8,119.4 scan=0:-10.7,10:-7.0,20:-3.4,30:0.3,40:4.0,50:7.7,60:11.2,70:14.7,80:18.1,90:21.3,100:24.4,110:27.4,120:30.2,130:32.8,140:35.3
ATGSeedDiag: seed=1@46,108/1@155,96 begin=7,108 block=5 clip=8
ATGLptDiag: best=10(29.7) imip=0/20 pass=10111 acc=-1 ipm=55.8,98.6 inv=32.8,66.0 | 24(109.0) imip=14/34 pass=11111 acc=24 ipm=89.2,68.2 inv=79.5,37.7
frame=528 line=1 track=1 cross=0 circle=7(CIRCLE_LEFT_OUT) round=0 yroad=0 ramp=0 road=6 speed=0 near=23/74 raw=74/152 sel=23/17 far=0/0 far_raw=0/0 l=0@-1/1@23 far_l=0@-1/0@-1 straight=0/0 far_straight=0/0 circle_cnt=0/0/0/0 lost=1/0 conf=20.9/108.0/0.0/0.0 dist=418 begin=0/3339 m0=(84,119) ml=(56,119) md=28/0/28 cxcy=84.0,119.6 guide=49.82 atg=-60.0/-60.0/-60.0 pure=20.63/20.63 yaw=-3986 cmd=-3586 actual=-4812 signed=1 rps=8714/-1114:9226/1236 duty=19/-6 pwm=PWM2:19/PWM1:-6 motor=2:19/1:-6
ATGCorner: L=0@-1/1@23 Y=0@-1/0@-1 farL=0@-1/0@-1 Lxy=-1.0,-1.0:-1.0,-1.0/92.6,69.5:82.9,38.4 Yxy=-1.0,-1.0:-1.0,-1.0/-1.0,-1.0:-1.0,-1.0 farLxy=-1.0,-1.0:-1.0,-1.0/-1.0,-1.0:-1.0,-1.0 best=1:70.1,113.9:48.0,98.0:20.9:10111/23:92.6,69.5:82.9,38.4:108.0:11111 seed_src=none/lpt seed=40.0,91.8/0.0,0.0 far_start=40,0 far_raw=0/0 far_num=0/0 straight=0/0 far_straight=0/0 conf_deg=20.9/108.0/0.0/0.0
CrossDiag: type=CROSS_NONE track=1 half_lr=0/0 nearL=0@-1/1@23 nearNum=23/74 centerNum=23/74 farL=0@-1/0@-1 farNum=0/0 farRaw=0/0 lost=1/0 not_have=0 final=23/17 flags=0/0
LineErr: aim=41 cxcy=84.0,119.6 left=1:16.56@63,72 dx=-21.0 idx=0/13 dist=41/68 right=1:9.85@74,86 dx=-9.8 idx=2/18 dist=40/198 sel=1:57.73@56,125 dx=-28.3 idx=0/16 dist=32/32 edge=1:17.52@65.0,82.5 dx=-19.0 width=61.8 l=35,90 r=95,75
CxScan: raw_ref=80.0 edge=65.0,82.5 best_raw_x=30 best_err=-0.16 best_cxcy=64.8,119.4 scan=0:-11.0,10:-7.5,20:-3.8,30:-0.2,40:3.5,50:7.1,60:10.7,70:14.2,80:17.5,90:20.8,100:23.9,110:26.8,120:29.6,130:32.3,140:34.8
ATGSeedDiag: seed=1@47,108/1@155,95 begin=7,108 block=5 clip=8
ATGLptDiag: best=1(20.9) imip=0/11 pass=10111 acc=-1 ipm=70.1,113.9 inv=48.0,98.0 | 23(108.0) imip=13/33 pass=11111 acc=23 ipm=92.6,69.5 inv=82.9,38.4
frame=529 line=1 track=1 cross=0 circle=7(CIRCLE_LEFT_OUT) round=0 yroad=0 ramp=0 road=6 speed=0 near=24/66 raw=77/145 sel=23/17 far=0/0 far_raw=0/0 l=0@-1/1@21 far_l=0@-1/0@-1 straight=0/0 far_straight=0/0 circle_cnt=0/0/0/0 lost=1/0 conf=26.8/104.4/0.0/0.0 dist=430 begin=0/3339 m0=(84,119) ml=(56,119) md=28/0/28 cxcy=84.0,119.6 guide=49.82 atg=-60.0/-60.0/-60.0 pure=20.63/20.63 yaw=-3986 cmd=-3586 actual=-4796 signed=1 rps=8714/-1114:8302/1120 duty=20/-6 pwm=PWM2:20/PWM1:-6 motor=2:20/1:-6
ATGCorner: L=0@-1/1@21 Y=0@-1/0@-1 farL=0@-1/0@-1 Lxy=-1.0,-1.0:-1.0,-1.0/94.5,72.3:85.3,40.1 Yxy=-1.0,-1.0:-1.0,-1.0/-1.0,-1.0:-1.0,-1.0 farLxy=-1.0,-1.0:-1.0,-1.0/-1.0,-1.0:-1.0,-1.0 best=10:57.9,97.9:36.6,64.9:26.8:10111/21:94.5,72.3:85.3,40.1:104.4:11111 seed_src=none/lpt seed=40.0,91.8/0.0,0.0 far_start=40,0 far_raw=0/0 far_num=0/0 straight=0/0 far_straight=0/0 conf_deg=26.8/104.4/0.0/0.0
CrossDiag: type=CROSS_NONE track=1 half_lr=0/0 nearL=0@-1/1@21 nearNum=24/66 centerNum=24/66 farL=0@-1/0@-1 farNum=0/0 farRaw=0/0 lost=1/0 not_have=0 final=23/17 flags=0/0
LineErr: aim=41 cxcy=84.0,119.6 left=1:15.58@64,71 dx=-19.9 idx=0/13 dist=42/72 right=1:8.22@76,86 dx=-8.2 idx=2/17 dist=39/183 sel=1:57.73@56,125 dx=-28.3 idx=0/16 dist=32/32 edge=1:16.52@66.0,82.0 dx=-18.0 width=62.1 l=36,90 r=96,74
CxScan: raw_ref=80.0 edge=66.0,82.0 best_raw_x=35 best_err=0.71 best_cxcy=66.8,119.4 scan=0:-11.9,10:-8.3,20:-4.7,30:-1.1,40:2.5,50:6.1,60:9.7,70:13.2,80:16.5,90:19.8,100:22.9,110:25.9,120:28.7,130:31.4,140:33.9
ATGSeedDiag: seed=1@48,108/1@155,95 begin=7,108 block=5 clip=8
ATGLptDiag: best=10(26.8) imip=0/20 pass=10111 acc=-1 ipm=57.9,97.9 inv=36.6,64.9 | 21(104.4) imip=11/31 pass=11111 acc=21 ipm=94.5,72.3 inv=85.3,40.1
ATGCircleCal: from=CIRCLE_LEFT_OUT to=CIRCLE_LEFT_END reason=gyro heading_deg10=2666 dist=430 begin_dist=0 begin_last=3339
frame=530 line=1 track=0 cross=0 circle=9(CIRCLE_LEFT_END) round=0 yroad=0 ramp=0 road=6 speed=0 near=25/61 raw=78/139 sel=61/81 far=0/0 far_raw=0/0 l=0@-1/1@20 far_l=0@-1/0@-1 straight=0/0 far_straight=0/0 circle_cnt=0/0/0/0 lost=1/0 conf=26.8/103.3/0.0/0.0 dist=0 begin=0/3339 m0=(84,119) ml=(80,90) md=40/1/161 cxcy=84.0,119.6 guide=4.42 atg=-26.0/27.0/58.0 pure=2.18/-2.63 yaw=-354 cmd=46 actual=-4781 signed=1 rps=3737/3863:8423/941 duty=3/14 pwm=PWM2:3/PWM1:14 motor=2:3/1:14
ATGCorner: L=0@-1/1@20 Y=0@-1/0@-1 farL=0@-1/0@-1 Lxy=-1.0,-1.0:-1.0,-1.0/97.4,73.1:88.4,40.6 Yxy=-1.0,-1.0:-1.0,-1.0/-1.0,-1.0:-1.0,-1.0 farLxy=-1.0,-1.0:-1.0,-1.0/-1.0,-1.0:-1.0,-1.0 best=10:58.8,97.4:38.2,64.2:26.8:10111/20:97.4,73.1:88.4,40.6:103.3:11111 seed_src=none/lpt seed=40.0,91.8/0.0,0.0 far_start=40,0 far_raw=0/0 far_num=0/0 straight=0/0 far_straight=0/0 conf_deg=26.8/103.3/0.0/0.0
CrossDiag: type=CROSS_NONE track=0 half_lr=0/0 nearL=0@-1/1@20 nearNum=25/61 centerNum=25/61 farL=0@-1/0@-1 farNum=0/0 farRaw=0/0 lost=1/0 not_have=0 final=61/81 flags=0/0
LineErr: aim=41 cxcy=84.0,119.6 left=1:14.56@65,71 dx=-18.6 idx=0/13 dist=41/75 right=1:1.84@82,93 dx=-1.6 idx=2/14 dist=40/183 sel=1:6.07@78,86 dx=-6.0 idx=0/20 dist=40/160 edge=1:15.41@67.0,81.0 dx=-17.0 width=62.1 l=37,89 r=97,73
CxScan: raw_ref=80.0 edge=67.0,81.0 best_raw_x=35 best_err=-0.23 best_cxcy=66.8,119.4 scan=0:-12.6,10:-9.1,20:-5.6,30:-2.0,40:1.6,50:5.1,60:8.6,70:12.1,80:15.4,90:18.7,100:21.8,110:24.8,120:27.6,130:30.3,140:32.9
ATGSeedDiag: seed=1@50,107/1@155,94 begin=7,108 block=5 clip=8
ATGLptDiag: best=10(26.8) imip=0/20 pass=10111 acc=-1 ipm=58.8,97.4 inv=38.2,64.2 | 20(103.3) imip=10/30 pass=11111 acc=20 ipm=97.4,73.1 inv=88.4,40.6
frame=531 line=1 track=1 cross=0 circle=9(CIRCLE_LEFT_END) round=0 yroad=0 ramp=0 road=6 speed=0 near=26/56 raw=81/133 sel=56/77 far=0/0 far_raw=0/0 l=0@-1/1@19 far_l=0@-1/0@-1 straight=0/0 far_straight=0/0 circle_cnt=0/0/0/0 lost=1/0 conf=23.6/103.1/0.0/0.0 dist=12 begin=0/3339 m0=(84,119) ml=(82,89) md=41/1/155 cxcy=84.0,119.6 guide=2.64 atg=-15.0/34.0/60.0 pure=1.69/-3.00 yaw=-212 cmd=188 actual=-4757 signed=1 rps=3542/4058:8652/730 duty=2/15 pwm=PWM2:2/PWM1:15 motor=2:2/1:15
ATGCorner: L=0@-1/1@19 Y=0@-1/0@-1 farL=0@-1/0@-1 Lxy=-1.0,-1.0:-1.0,-1.0/100.0,73.8:91.3,41.1 Yxy=-1.0,-1.0:-1.0,-1.0/-1.0,-1.0:-1.0,-1.0 farLxy=-1.0,-1.0:-1.0,-1.0/-1.0,-1.0:-1.0,-1.0 best=8:63.7,100.2:44.1,68.4:23.6:10111/19:100.0,73.8:91.3,41.1:103.1:11111 seed_src=none/lpt seed=40.0,91.8/0.0,0.0 far_start=40,0 far_raw=0/0 far_num=0/0 straight=0/0 far_straight=0/0 conf_deg=23.6/103.1/0.0/0.0
CrossDiag: type=CROSS_NONE track=1 half_lr=0/0 nearL=0@-1/1@19 nearNum=26/56 centerNum=26/56 farL=0@-1/0@-1 farNum=0/0 farRaw=0/0 lost=1/0 not_have=0 final=56/77 flags=0/0
LineErr: aim=41 cxcy=84.0,119.6 left=1:13.23@67,71 dx=-16.9 idx=0/13 dist=42/80 right=1:-0.21@84,93 dx=0.2 idx=1/13 dist=42/176 sel=1:3.37@81,87 dx=-3.3 idx=0/20 dist=40/152 edge=1:12.16@70.5,80.0 dx=-13.5 width=65.0 l=39,88 r=102,72
CxScan: raw_ref=80.0 edge=70.5,80.0 best_raw_x=45 best_err=0.09 best_cxcy=70.6,119.5 scan=0:-15.4,10:-12.1,20:-8.6,30:-5.2,40:-1.7,50:1.8,60:5.3,70:8.8,80:12.2,90:15.5,100:18.6,110:21.7,120:24.6,130:27.4,140:30.1
ATGSeedDiag: seed=1@51,108/1@155,92 begin=7,108 block=5 clip=8
ATGLptDiag: best=8(23.6) imip=0/18 pass=10111 acc=-1 ipm=63.7,100.2 inv=44.1,68.4 | 19(103.1) imip=9/29 pass=11111 acc=19 ipm=100.0,73.8 inv=91.3,41.1
frame=532 line=1 track=1 cross=0 circle=9(CIRCLE_LEFT_END) round=0 yroad=0 ramp=0 road=6 speed=0 near=27/51 raw=84/125 sel=51/73 far=0/0 far_raw=0/0 l=0@-1/1@18 far_l=0@-1/0@-1 straight=0/0 far_straight=0/0 circle_cnt=0/0/0/0 lost=1/0 conf=22.8/100.3/0.0/0.0 dist=25 begin=0/3339 m0=(84,119) ml=(86,91) md=40/1/151 cxcy=84.0,119.6 guide=-1.33 atg=-4.0/45.0/60.0 pure=0.95/-3.41 yaw=107 cmd=507 actual=-4731 signed=1 rps=3106/4494:7934/1138 duty=1/17 pwm=PWM2:1/PWM1:17 motor=2:1/1:17
ATGCorner: L=0@-1/1@18 Y=0@-1/0@-1 farL=0@-1/0@-1 Lxy=-1.0,-1.0:-1.0,-1.0/103.7,74.6:95.4,41.5 Yxy=-1.0,-1.0:-1.0,-1.0/-1.0,-1.0:-1.0,-1.0 farLxy=-1.0,-1.0:-1.0,-1.0/-1.0,-1.0:-1.0,-1.0 best=1:72.7,113.9:53.6,97.9:22.8:10111/18:103.7,74.6:95.4,41.5:100.3:11111 seed_src=none/lpt seed=40.0,91.8/0.0,0.0 far_start=40,0 far_raw=0/0 far_num=0/0 straight=0/0 far_straight=0/0 conf_deg=22.8/100.3/0.0/0.0
CrossDiag: type=CROSS_NONE track=1 half_lr=0/0 nearL=0@-1/1@18 nearNum=27/51 centerNum=27/51 farL=0@-1/0@-1 farNum=0/0 farRaw=0/0 lost=1/0 not_have=0 final=51/73 flags=0/0
LineErr: aim=41 cxcy=84.0,119.6 left=1:11.86@69,71 dx=-15.1 idx=0/13 dist=42/84 right=1:-4.77@88,95 dx=4.0 idx=0/11 dist=39/168 sel=1:0.52@84,87 dx=-0.5 idx=0/20 dist=40/144 edge=1:9.08@74.0,80.0 dx=-10.0 width=69.9 l=40,88 r=108,72
CxScan: raw_ref=80.0 edge=74.0,80.0 best_raw_x=55 best_err=0.40 best_cxcy=74.4,119.5 scan=0:-18.3,10:-15.1,20:-11.7,30:-8.3,40:-4.9,50:-1.4,60:2.2,70:5.6,80:9.1,90:12.4,100:15.7,110:18.9,120:22.0,130:24.9,140:27.7
ATGSeedDiag: seed=1@52,108/1@155,90 begin=7,108 block=5 clip=8
ATGLptDiag: best=1(22.8) imip=0/11 pass=10111 acc=-1 ipm=72.7,113.9 inv=53.6,97.9 | 18(100.3) imip=8/28 pass=11111 acc=18 ipm=103.7,74.6 inv=95.4,41.5
frame=533 line=1 track=1 cross=0 circle=9(CIRCLE_LEFT_END) round=0 yroad=0 ramp=0 road=6 speed=0 near=28/47 raw=86/119 sel=47/70 far=0/0 far_raw=0/0 l=0@-1/1@17 far_l=0@-1/0@-1 straight=0/0 far_straight=0/0 circle_cnt=0/0/0/0 lost=1/0 conf=22.6/101.1/0.0/0.0 dist=39 begin=0/3339 m0=(84,119) ml=(87,88) md=42/1/146 cxcy=84.0,119.6 guide=-3.74 atg=0.0/57.0/60.0 pure=0.35/-3.80 yaw=299 cmd=699 actual=-4663 signed=1 rps=2842/4758:7446/2278 duty=1/16 pwm=PWM2:1/PWM1:16 motor=2:1/1:16
ATGCorner: L=0@-1/1@17 Y=0@-1/0@-1 farL=0@-1/0@-1 Lxy=-1.0,-1.0:-1.0,-1.0/106.4,75.1:98.3,41.9 Yxy=-1.0,-1.0:-1.0,-1.0/-1.0,-1.0:-1.0,-1.0 farLxy=-1.0,-1.0:-1.0,-1.0/-1.0,-1.0:-1.0,-1.0 best=1:73.2,113.9:54.8,98.0:22.6:10111/17:106.4,75.1:98.3,41.9:101.1:11111 seed_src=none/lpt seed=40.0,91.8/0.0,0.0 far_start=40,0 far_raw=0/0 far_num=0/0 straight=0/0 far_straight=0/0 conf_deg=22.6/101.1/0.0/0.0
CrossDiag: type=CROSS_NONE track=1 half_lr=0/0 nearL=0@-1/1@17 nearNum=28/47 centerNum=28/47 farL=0@-1/0@-1 farNum=0/0 farRaw=0/0 lost=1/0 not_have=0 final=47/70 flags=0/0
LineErr: aim=41 cxcy=84.0,119.6 left=1:10.27@71,71 dx=-13.1 idx=0/13 dist=42/87 right=1:-6.83@90,95 dx=5.7 idx=0/10 dist=39/162 sel=1:-1.89@86,86 dx=1.9 idx=0/20 dist=40/138 edge=1:5.94@77.5,80.0 dx=-6.5 width=72.4 l=42,87 r=113,73
CxScan: raw_ref=80.0 edge=77.5,80.0 best_raw_x=65 best_err=0.71 best_cxcy=78.3,119.5 scan=0:-21.2,10:-18.0,20:-14.8,30:-11.4,40:-8.0,50:-4.5,60:-1.0,70:2.5,80:5.9,90:9.4,100:12.7,110:16.0,120:19.2,130:22.2,140:25.1
ATGSeedDiag: seed=1@53,108/1@155,89 begin=7,108 block=5 clip=8
ATGLptDiag: best=1(22.6) imip=0/11 pass=10111 acc=-1 ipm=73.2,113.9 inv=54.8,98.0 | 17(101.1) imip=7/27 pass=11111 acc=17 ipm=106.4,75.1 inv=98.3,41.9
frame=534 line=1 track=1 cross=0 circle=9(CIRCLE_LEFT_END) round=0 yroad=0 ramp=0 road=6 speed=0 near=29/43 raw=89/113 sel=43/66 far=0/0 far_raw=0/0 l=0@-1/1@16 far_l=0@-1/0@-1 straight=0/0 far_straight=0/0 circle_cnt=0/0/0/0 lost=1/0 conf=27.1/100.0/0.0/0.0 dist=53 begin=0/3339 m0=(84,119) ml=(89,88) md=41/1/142 cxcy=84.0,119.6 guide=-5.26 atg=0.0/60.0/60.0 pure=-0.24/-4.25 yaw=421 cmd=821 actual=-4525 signed=1 rps=2675/4925:6381/3309 duty=2/16 pwm=PWM2:2/PWM1:16 motor=2:2/1:16
ATGCorner: L=0@-1/1@16 Y=0@-1/0@-1 farL=0@-1/0@-1 Lxy=-1.0,-1.0:-1.0,-1.0/108.9,76.3:101.4,42.7 Yxy=-1.0,-1.0:-1.0,-1.0/-1.0,-1.0:-1.0,-1.0 farLxy=-1.0,-1.0:-1.0,-1.0/-1.0,-1.0:-1.0,-1.0 best=10:63.8,96.1:46.3,62.4:27.1:10111/16:108.9,76.3:101.4,42.7:100.0:11111 seed_src=none/lpt seed=40.0,91.8/0.0,0.0 far_start=40,0 far_raw=0/0 far_num=0/0 straight=0/0 far_straight=0/0 conf_deg=27.1/100.0/0.0/0.0
CrossDiag: type=CROSS_NONE track=1 half_lr=0/0 nearL=0@-1/1@16 nearNum=29/43 centerNum=29/43 farL=0@-1/0@-1 farNum=0/0 farRaw=0/0 lost=1/0 not_have=0 final=43/66 flags=0/0
LineErr: aim=41 cxcy=84.0,119.6 left=1:8.76@73,70 dx=-11.2 idx=0/13 dist=42/91 right=1:-6.69@90,91 dx=6.0 idx=0/10 dist=41/155 sel=1:-3.65@88,85 dx=3.7 idx=0/20 dist=40/130 edge=1:3.22@80.5,80.0 dx=-3.5 width=76.0 l=43,86 r=118,74
CxScan: raw_ref=80.0 edge=80.5,80.0 best_raw_x=70 best_err=-0.28 best_cxcy=80.2,119.5 scan=0:-23.5,10:-20.5,20:-17.3,30:-14.0,40:-10.7,50:-7.3,60:-3.8,70:-0.3,80:3.2,90:6.7,100:10.1,110:13.4,120:16.7,130:19.8,140:22.8
ATGSeedDiag: seed=1@54,108/1@155,88 begin=7,108 block=5 clip=8
ATGLptDiag: best=10(27.1) imip=0/20 pass=10111 acc=-1 ipm=63.8,96.1 inv=46.3,62.4 | 16(100.0) imip=6/26 pass=11111 acc=16 ipm=108.9,76.3 inv=101.4,42.7
frame=535 line=1 track=1 cross=0 circle=9(CIRCLE_LEFT_END) round=0 yroad=0 ramp=0 road=6 speed=0 near=30/38 raw=91/105 sel=38/62 far=0/0 far_raw=0/0 l=0@-1/1@15 far_l=0@-1/0@-1 straight=0/0 far_straight=0/0 circle_cnt=0/0/0/0 lost=1/0 conf=25.9/100.9/0.0/0.0 dist=68 begin=0/3339 m0=(84,119) ml=(91,89) md=41/1/136 cxcy=84.0,119.6 guide=-7.59 atg=6.0/60.0/60.0 pure=-1.03/-4.80 yaw=608 cmd=1008 actual=-4316 signed=1 rps=2419/5181:5861/4584 duty=1/15 pwm=PWM2:1/PWM1:15 motor=2:1/1:15
ATGCorner: L=0@-1/1@15 Y=0@-1/0@-1 farL=0@-1/0@-1 Lxy=-1.0,-1.0:-1.0,-1.0/112.4,77.5:105.7,43.5 Yxy=-1.0,-1.0:-1.0,-1.0/-1.0,-1.0:-1.0,-1.0 farLxy=-1.0,-1.0:-1.0,-1.0/-1.0,-1.0:-1.0,-1.0 best=10:64.8,95.9:48.0,62.1:25.9:10111/15:112.4,77.5:105.7,43.5:100.9:11111 seed_src=none/lpt seed=40.0,91.8/0.0,0.0 far_start=40,0 far_raw=0/0 far_num=0/0 straight=0/0 far_straight=0/0 conf_deg=25.9/100.9/0.0/0.0
CrossDiag: type=CROSS_NONE track=1 half_lr=0/0 nearL=0@-1/1@15 nearNum=30/38 centerNum=30/38 farL=0@-1/0@-1 farNum=0/0 farRaw=0/0 lost=1/0 not_have=0 final=38/62 flags=0/0
LineErr: aim=41 cxcy=84.0,119.6 left=1:7.41@75,70 dx=-9.4 idx=0/13 dist=42/94 right=1:-8.19@92,91 dx=7.5 idx=0/9 dist=41/143 sel=1:-5.60@90,85 dx=5.7 idx=0/20 dist=40/122 edge=1:-0.44@84.5,80.5 dx=0.5 width=79.5 l=45,85 r=124,76
CxScan: raw_ref=80.0 edge=84.5,80.5 best_raw_x=80 best_err=-0.44 best_cxcy=84.0,119.6 scan=0:-26.7,10:-23.8,20:-20.7,30:-17.6,40:-14.3,50:-10.9,60:-7.5,70:-4.0,80:-0.4,90:3.1,100:6.6,110:10.0,120:13.4,130:16.7,140:19.8
ATGSeedDiag: seed=1@55,108/1@155,87 begin=7,108 block=5 clip=8
ATGLptDiag: best=10(25.9) imip=0/20 pass=10111 acc=-1 ipm=64.8,95.9 inv=48.0,62.1 | 15(100.9) imip=5/25 pass=11111 acc=15 ipm=112.4,77.5 inv=105.7,43.5
ATGCircleCal: from=CIRCLE_LEFT_END to=CIRCLE_NONE reason=vision_lpt_exit heading_deg10=2782 dist=68 begin_dist=0 begin_last=3339
frame=536 line=1 track=1 cross=0 circle=0(CIRCLE_NONE) round=0 yroad=0 ramp=0 road=0 speed=0 near=31/34 raw=93/98 sel=34/58 far=0/0 far_raw=0/0 l=0@-1/1@14 far_l=0@-1/0@-1 straight=0/0 far_straight=0/0 circle_cnt=0/0/0/0 lost=0/0 conf=27.1/99.9/0.0/0.0 dist=0 begin=0/3339 m0=(84,119) ml=(93,89) md=40/1/128 cxcy=84.0,119.6 guide=-8.61 atg=14.0/60.0/60.0 pure=-1.58/-5.17 yaw=689 cmd=1089 actual=-4060 signed=0 rps=3049/6033:5114/5073 duty=5/18 pwm=PWM2:5/PWM1:18 motor=2:5/1:18
CrossDiag: type=CROSS_NONE track=1 half_lr=0/0 nearL=0@-1/1@14 nearNum=31/34 centerNum=31/34 farL=0@-1/0@-1 farNum=0/0 farRaw=0/0 lost=0/0 not_have=0 final=34/58 flags=0/0
LineErr: aim=41 cxcy=84.0,119.6 left=1:6.23@76,70 dx=-7.9 idx=0/13 dist=42/99 right=1:-9.89@93,91 dx=9.1 idx=0/8 dist=39/132 sel=1:-7.17@91,84 dx=7.4 idx=0/20 dist=40/114 edge=1:-2.78@87.0,81.5 dx=3.0 width=82.3 l=46,85 r=128,78
CxScan: raw_ref=80.0 edge=87.0,81.5 best_raw_x=90 best_err=0.80 best_cxcy=87.9,119.6 scan=0:-28.9,10:-26.1,20:-23.1,30:-19.9,40:-16.7,50:-13.3,60:-9.9,70:-6.3,80:-2.8,90:0.8,100:4.4,110:7.9,120:11.4,130:14.8,140:18.0
ATGSeedDiag: seed=1@56,108/1@155,86 begin=7,108 block=5 clip=8
ATGLptDiag: best=10(27.1) imip=0/20 pass=10111 acc=-1 ipm=66.0,95.7 inv=49.7,61.8 | 14(99.9) imip=4/24 pass=11111 acc=14 ipm=114.6,78.8 inv=108.8,44.5
frame=537 line=1 track=1 cross=0 circle=0(CIRCLE_NONE) round=0 yroad=0 ramp=0 road=2 speed=0 near=31/31 raw=95/93 sel=31/56 far=0/0 far_raw=0/0 l=0@-1/1@13 far_l=0@-1/0@-1 straight=0/0 far_straight=0/0 circle_cnt=0/0/0/0 lost=0/0 conf=27.0/97.9/0.0/0.0 dist=0 begin=0/3339 m0=(84,119) ml=(94,89) md=40/1/124 cxcy=84.0,119.6 guide=-8.65 atg=25.0/60.0/60.0 pure=-2.14/-5.52 yaw=692 cmd=1092 actual=-3793 signed=0 rps=3043/6035:4739/5634 duty=5/17 pwm=PWM2:5/PWM1:17 motor=2:5/1:17
CrossDiag: type=CROSS_NONE track=1 half_lr=0/0 nearL=0@-1/1@13 nearNum=31/31 centerNum=31/31 farL=0@-1/0@-1 farNum=0/0 farRaw=0/0 lost=0/0 not_have=0 final=31/56 flags=0/0
LineErr: aim=41 cxcy=84.0,119.6 left=1:5.20@77,70 dx=-6.6 idx=0/13 dist=42/98 right=1:-10.10@94,87 dx=9.9 idx=0/8 dist=42/128 sel=1:-8.93@93,84 dx=9.2 idx=0/20 dist=40/110 edge=1:-5.15@89.5,82.0 dx=5.5 width=85.1 l=47,84 r=132,80
CxScan: raw_ref=80.0 edge=89.5,82.0 best_raw_x=95 best_err=0.26 best_cxcy=89.8,119.6 scan=0:-30.9,10:-28.1,20:-25.2,30:-22.1,40:-19.0,50:-15.6,60:-12.2,70:-8.7,80:-5.1,90:-1.5,100:2.1,110:5.6,120:9.2,130:12.7,140:16.0
ATGSeedDiag: seed=1@57,108/1@155,85 begin=7,108 block=5 clip=8
ATGLptDiag: best=10(27.0) imip=0/20 pass=10111 acc=-1 ipm=66.9,95.5 inv=51.2,61.5 | 13(97.9) imip=3/23 pass=11111 acc=13 ipm=116.2,80.5 inv=111.6,45.8
frame=538 line=1 track=0 cross=0 circle=0(CIRCLE_NONE) round=0 yroad=0 ramp=0 road=2 speed=0 near=32/0 raw=96/0 sel=32/52 far=0/0 far_raw=0/0 l=0@-1/0@-1 far_l=0@-1/0@-1 straight=0/0 far_straight=0/0 circle_cnt=0/0/0/0 lost=0/0 conf=26.5/0.0/0.0/0.0 dist=0 begin=0/3339 m0=(84,119) ml=(93,85) md=41/1/115 cxcy=84.0,119.6 guide=-10.43 atg=-15.0/-60.0/-60.0 pure=1.75/5.51 yaw=835 cmd=1235 actual=-3485 signed=0 rps=2751/6136:4567/6052 duty=4/17 pwm=PWM2:4/PWM1:17 motor=2:4/1:17
CrossDiag: type=CROSS_NONE track=0 half_lr=0/0 nearL=0@-1/0@-1 nearNum=32/0 centerNum=32/0 farL=0@-1/0@-1 farNum=0/0 farRaw=0/0 lost=0/0 not_have=0 final=32/52 flags=0/0
LineErr: aim=41 cxcy=84.0,119.6 left=1:-9.41@93,86 dx=9.5 idx=0/7 dist=40/120 right=0:0.00@-1,-1 dx=0.0 idx=-1/-1 dist=-1/-1 sel=1:-6.04@90,82 dx=6.5 idx=0/20 dist=40/102 edge=0:0.00@-1.0,-1.0 dx=0.0 width=0.0 l=48,84 r=-1,-1
ATGSeedDiag: seed=1@58,108/0@-1,-1 begin=7,108 block=5 clip=8
ATGLptDiag: best=9(26.5) imip=0/19 pass=10111 acc=-1 ipm=69.3,97.0 inv=54.2,63.6 | -1(-57295.8) imip=-1/-1 pass=00000 acc=-1 ipm=-1.0,-1.0 inv=-1.0,-1.0
frame=539 line=1 track=0 cross=0 circle=0(CIRCLE_NONE) round=0 yroad=0 ramp=0 road=2 speed=0 near=33/0 raw=98/0 sel=33/54 far=0/0 far_raw=0/0 l=0@-1/0@-1 far_l=0@-1/0@-1 straight=0/0 far_straight=0/0 circle_cnt=0/0/0/0 lost=0/0 conf=27.9/0.0/0.0/0.0 dist=0 begin=0/3339 m0=(84,119) ml=(93,84) md=41/1/117 cxcy=84.0,119.6 guide=-10.61 atg=-12.0/-60.0/-60.0 pure=1.50/5.32 yaw=849 cmd=1249 actual=-3105 signed=0 rps=2723/6145:4223/5847 duty=5/17 pwm=PWM2:5/PWM1:17 motor=2:5/1:17
CrossDiag: type=CROSS_NONE track=0 half_lr=0/0 nearL=0@-1/0@-1 nearNum=33/0 centerNum=33/0 farL=0@-1/0@-1 farNum=0/0 farRaw=0/0 lost=0/0 not_have=0 final=33/54 flags=0/0
LineErr: aim=41 cxcy=84.0,119.6 left=1:-10.40@94,86 dx=10.4 idx=0/7 dist=40/123 right=0:0.00@-1,-1 dx=0.0 idx=-1/-1 dist=-1/-1 sel=1:-7.16@92,82 dx=7.6 idx=0/20 dist=40/106 edge=0:0.00@-1.0,-1.0 dx=0.0 width=0.0 l=49,83 r=-1,-1
ATGSeedDiag: seed=1@59,108/0@-1,-1 begin=7,108 block=5 clip=8
ATGLptDiag: best=10(27.9) imip=0/20 pass=10111 acc=-1 ipm=68.5,95.1 inv=53.7,61.1 | -1(-57295.8) imip=-1/-1 pass=00000 acc=-1 ipm=-1.0,-1.0 inv=-1.0,-1.0
frame=541 line=1 track=0 cross=0 circle=0(CIRCLE_NONE) round=0 yroad=0 ramp=0 road=2 speed=0 near=33/0 raw=99/0 sel=33/54 far=0/0 far_raw=0/0 l=0@-1/0@-1 far_l=0@-1/0@-1 straight=0/0 far_straight=0/0 circle_cnt=0/0/0/0 lost=0/0 conf=26.6/0.0/0.0/0.0 dist=0 begin=0/3339 m0=(84,119) ml=(95,86) md=40/1/118 cxcy=84.0,119.6 guide=-11.60 atg=-7.0/-60.0/-60.0 pure=1.23/5.24 yaw=928 cmd=1328 actual=-2291 signed=0 rps=2562/6201:4316/6409 duty=4/17 pwm=PWM2:4/PWM1:17 motor=2:4/1:17
CrossDiag: type=CROSS_NONE track=0 half_lr=0/0 nearL=0@-1/0@-1 nearNum=33/0 centerNum=33/0 farL=0@-1/0@-1 farNum=0/0 farRaw=0/0 lost=0/0 not_have=0 final=33/54 flags=0/0
LineErr: aim=41 cxcy=84.0,119.6 left=1:-11.22@95,86 dx=11.2 idx=0/7 dist=41/124 right=0:0.00@-1,-1 dx=0.0 idx=-1/-1 dist=-1/-1 sel=1:-8.22@93,82 dx=8.7 idx=0/20 dist=40/106 edge=0:0.00@-1.0,-1.0 dx=0.0 width=0.0 l=50,83 r=-1,-1
ATGSeedDiag: seed=1@61,107/0@-1,-1 begin=7,108 block=5 clip=8
ATGLptDiag: best=10(26.6) imip=0/20 pass=10111 acc=-1 ipm=69.2,94.8 inv=54.7,60.6 | -1(-57295.8) imip=-1/-1 pass=00000 acc=-1 ipm=-1.0,-1.0 inv=-1.0,-1.0
frame=542 line=1 track=0 cross=0 circle=0(CIRCLE_NONE) round=0 yroad=0 ramp=0 road=2 speed=0 near=33/0 raw=100/0 sel=33/54 far=0/0 far_raw=0/0 l=0@-1/0@-1 far_l=0@-1/0@-1 straight=0/0 far_straight=0/0 circle_cnt=0/0/0/0 lost=0/0 conf=27.8/0.0/0.0/0.0 dist=0 begin=0/3339 m0=(84,119) ml=(95,85) md=41/1/118 cxcy=84.0,119.6 guide=-12.46 atg=-6.0/-60.0/-60.0 pure=1.10/5.20 yaw=997 cmd=1397 actual=-1937 signed=0 rps=2421/6250:4599/7126 duty=3/16 pwm=PWM2:3/PWM1:16 motor=2:3/1:16
CrossDiag: type=CROSS_NONE track=0 half_lr=0/0 nearL=0@-1/0@-1 nearNum=33/0 centerNum=33/0 farL=0@-1/0@-1 farNum=0/0 farRaw=0/0 lost=0/0 not_have=0 final=33/54 flags=0/0
LineErr: aim=41 cxcy=84.0,119.6 left=1:-11.82@96,87 dx=11.8 idx=0/7 dist=40/124 right=0:0.00@-1,-1 dx=0.0 idx=-1/-1 dist=-1/-1 sel=1:-8.73@93,83 dx=9.2 idx=0/20 dist=40/106 edge=0:0.00@-1.0,-1.0 dx=0.0 width=0.0 l=50,83 r=-1,-1
ATGSeedDiag: seed=1@61,108/0@-1,-1 begin=7,108 block=5 clip=8
ATGLptDiag: best=10(27.8) imip=0/20 pass=10111 acc=-1 ipm=69.7,94.9 inv=55.4,60.7 | -1(-57295.8) imip=-1/-1 pass=00000 acc=-1 ipm=-1.0,-1.0 inv=-1.0,-1.0
frame=543 line=1 track=0 cross=0 circle=0(CIRCLE_NONE) round=0 yroad=0 ramp=0 road=2 speed=0 near=33/0 raw=100/0 sel=33/54 far=0/0 far_raw=0/0 l=0@-1/0@-1 far_l=0@-1/0@-1 straight=0/0 far_straight=0/0 circle_cnt=0/0/0/0 lost=0/0 conf=28.0/0.0/0.0/0.0 dist=0 begin=0/3339 m0=(84,119) ml=(95,85) md=41/1/118 cxcy=84.0,119.6 guide=-12.58 atg=-5.0/-60.0/-60.0 pure=1.06/5.19 yaw=1007 cmd=1407 actual=-1604 signed=0 rps=2401/6257:4741/7469 duty=3/16 pwm=PWM2:3/PWM1:16 motor=2:3/1:16
CrossDiag: type=CROSS_NONE track=0 half_lr=0/0 nearL=0@-1/0@-1 nearNum=33/0 centerNum=33/0 farL=0@-1/0@-1 farNum=0/0 farRaw=0/0 lost=0/0 not_have=0 final=33/54 flags=0/0
LineErr: aim=41 cxcy=84.0,119.6 left=1:-11.93@96,87 dx=11.9 idx=0/7 dist=41/125 right=0:0.00@-1,-1 dx=0.0 idx=-1/-1 dist=-1/-1 sel=1:-8.95@93,83 dx=9.5 idx=0/20 dist=40/106 edge=0:0.00@-1.0,-1.0 dx=0.0 width=0.0 l=50,83 r=-1,-1
ATGSeedDiag: seed=1@61,108/0@-1,-1 begin=7,108 block=5 clip=8
ATGLptDiag: best=10(28.0) imip=0/20 pass=10111 acc=-1 ipm=69.8,94.9 inv=55.6,60.7 | -1(-57295.8) imip=-1/-1 pass=00000 acc=-1 ipm=-1.0,-1.0 inv=-1.0,-1.0
frame=544 line=1 track=0 cross=0 circle=0(CIRCLE_NONE) round=0 yroad=0 ramp=0 road=2 speed=0 near=33/0 raw=100/0 sel=33/54 far=0/0 far_raw=0/0 l=0@-1/0@-1 far_l=0@-1/0@-1 straight=0/0 far_straight=0/0 circle_cnt=0/0/0/0 lost=0/0 conf=29.2/0.0/0.0/0.0 dist=0 begin=0/3339 m0=(84,119) ml=(95,85) md=41/1/118 cxcy=84.0,119.6 guide=-12.46 atg=-6.0/-60.0/-60.0 pure=1.09/5.20 yaw=997 cmd=1397 actual=-1233 signed=0 rps=2421/6250:4514/6895 duty=3/16 pwm=PWM2:3/PWM1:16 motor=2:3/1:16
CrossDiag: type=CROSS_NONE track=0 half_lr=0/0 nearL=0@-1/0@-1 nearNum=33/0 centerNum=33/0 farL=0@-1/0@-1 farNum=0/0 farRaw=0/0 lost=0/0 not_have=0 final=33/54 flags=0/0
LineErr: aim=41 cxcy=84.0,119.6 left=1:-11.68@96,86 dx=11.6 idx=0/7 dist=41/126 right=0:0.00@-1,-1 dx=0.0 idx=-1/-1 dist=-1/-1 sel=1:-8.77@93,83 dx=9.3 idx=0/20 dist=40/106 edge=0:0.00@-1.0,-1.0 dx=0.0 width=0.0 l=50,83 r=-1,-1
ATGSeedDiag: seed=1@61,108/0@-1,-1 begin=7,108 block=5 clip=8
ATGLptDiag: best=10(29.2) imip=0/20 pass=10111 acc=-1 ipm=69.7,94.9 inv=55.4,60.7 | -1(-57295.8) imip=-1/-1 pass=00000 acc=-1 ipm=-1.0,-1.0 inv=-1.0,-1.0
frame=545 line=1 track=0 cross=0 circle=0(CIRCLE_NONE) round=0 yroad=0 ramp=0 road=2 speed=0 near=33/0 raw=99/0 sel=33/54 far=0/0 far_raw=0/0 l=0@-1/0@-1 far_l=0@-1/0@-1 straight=0/0 far_straight=0/0 circle_cnt=0/0/0/0 lost=0/0 conf=27.1/0.0/0.0/0.0 dist=0 begin=0/3339 m0=(84,119) ml=(96,86) md=40/1/119 cxcy=84.0,119.6 guide=-12.15 atg=-7.0/-60.0/-60.0 pure=1.19/5.23 yaw=972 cmd=1372 actual=-863 signed=0 rps=2472/6232:4637/6804 duty=3/16 pwm=PWM2:3/PWM1:16 motor=2:3/1:16
CrossDiag: type=CROSS_NONE track=0 half_lr=0/0 nearL=0@-1/0@-1 nearNum=33/0 centerNum=33/0 farL=0@-1/0@-1 farNum=0/0 farRaw=0/0 lost=0/0 not_have=0 final=33/54 flags=0/0
LineErr: aim=41 cxcy=84.0,119.6 left=1:-11.45@95,86 dx=11.4 idx=0/7 dist=41/125 right=0:0.00@-1,-1 dx=0.0 idx=-1/-1 dist=-1/-1 sel=1:-8.43@93,83 dx=8.9 idx=0/20 dist=40/106 edge=0:0.00@-1.0,-1.0 dx=0.0 width=0.0 l=50,83 r=-1,-1
ATGSeedDiag: seed=1@61,108/0@-1,-1 begin=7,108 block=5 clip=8
ATGLptDiag: best=8(27.1) imip=0/18 pass=10111 acc=-1 ipm=72.4,98.6 inv=58.5,65.8 | -1(-57295.8) imip=-1/-1 pass=00000 acc=-1 ipm=-1.0,-1.0 inv=-1.0,-1.0
frame=546 line=1 track=0 cross=0 circle=0(CIRCLE_NONE) round=0 yroad=0 ramp=0 road=2 speed=0 near=33/0 raw=99/0 sel=33/54 far=0/0 far_raw=0/0 l=0@-1/0@-1 far_l=0@-1/0@-1 straight=0/0 far_straight=0/0 circle_cnt=0/0/0/0 lost=0/0 conf=28.0/0.0/0.0/0.0 dist=0 begin=0/3339 m0=(84,119) ml=(95,86) md=40/1/118 cxcy=84.0,119.6 guide=-11.62 atg=-7.0/-60.0/-60.0 pure=1.27/5.25 yaw=930 cmd=1330 actual=-508 signed=0 rps=2558/6202:4367/6223 duty=4/17 pwm=PWM2:4/PWM1:17 motor=2:4/1:17
CrossDiag: type=CROSS_NONE track=0 half_lr=0/0 nearL=0@-1/0@-1 nearNum=33/0 centerNum=33/0 farL=0@-1/0@-1 farNum=0/0 farRaw=0/0 lost=0/0 not_have=0 final=33/54 flags=0/0
LineErr: aim=41 cxcy=84.0,119.6 left=1:-11.15@95,86 dx=11.1 idx=0/7 dist=41/125 right=0:0.00@-1,-1 dx=0.0 idx=-1/-1 dist=-1/-1 sel=1:-8.09@93,82 dx=8.6 idx=0/20 dist=40/106 edge=0:0.00@-1.0,-1.0 dx=0.0 width=0.0 l=50,83 r=-1,-1
ATGSeedDiag: seed=1@61,108/0@-1,-1 begin=7,108 block=5 clip=8
ATGLptDiag: best=10(28.0) imip=0/20 pass=10111 acc=-1 ipm=69.2,95.1 inv=54.6,61.0 | -1(-57295.8) imip=-1/-1 pass=00000 acc=-1 ipm=-1.0,-1.0 inv=-1.0,-1.0
frame=547 line=1 track=0 cross=0 circle=0(CIRCLE_NONE) round=0 yroad=0 ramp=0 road=2 speed=0 near=33/0 raw=98/0 sel=33/54 far=0/0 far_raw=0/0 l=0@-1/0@-1 far_l=0@-1/0@-1 straight=0/0 far_straight=0/0 circle_cnt=0/0/0/0 lost=0/0 conf=27.6/0.0/0.0/0.0 dist=0 begin=0/3339 m0=(84,119) ml=(93,84) md=42/1/118 cxcy=84.0,119.6 guide=-11.09 atg=-9.0/-60.0/-60.0 pure=1.42/5.30 yaw=887 cmd=1287 actual=-180 signed=0 rps=2644/6173:4442/6179 duty=4/17 pwm=PWM2:4/PWM1:17 motor=2:4/1:17
CrossDiag: type=CROSS_NONE track=0 half_lr=0/0 nearL=0@-1/0@-1 nearNum=33/0 centerNum=33/0 farL=0@-1/0@-1 farNum=0/0 farRaw=0/0 lost=0/0 not_have=0 final=33/54 flags=0/0
LineErr: aim=41 cxcy=84.0,119.6 left=1:-10.50@95,86 dx=10.5 idx=0/7 dist=41/126 right=0:0.00@-1,-1 dx=0.0 idx=-1/-1 dist=-1/-1 sel=1:-7.42@92,82 dx=7.9 idx=0/20 dist=40/106 edge=0:0.00@-1.0,-1.0 dx=0.0 width=0.0 l=49,83 r=-1,-1
ATGSeedDiag: seed=1@60,108/0@-1,-1 begin=7,108 block=5 clip=8
ATGLptDiag: best=10(27.6) imip=0/20 pass=10111 acc=-1 ipm=68.7,95.1 inv=54.0,61.0 | -1(-57295.8) imip=-1/-1 pass=00000 acc=-1 ipm=-1.0,-1.0 inv=-1.0,-1.0
frame=548 line=1 track=0 cross=0 circle=0(CIRCLE_NONE) round=0 yroad=0 ramp=0 road=2 speed=0 near=32/0 raw=97/0 sel=32/52 far=0/0 far_raw=0/0 l=0@-1/0@-1 far_l=0@-1/0@-1 straight=0/0 far_straight=0/0 circle_cnt=0/0/0/0 lost=0/0 conf=27.1/0.0/0.0/0.0 dist=0 begin=0/3339 m0=(84,119) ml=(93,84) md=41/1/114 cxcy=84.0,119.6 guide=-10.37 atg=-12.0/-60.0/-60.0 pure=1.60/5.46 yaw=829 cmd=1229 actual=116 signed=0 rps=2763/6132:4160/5829 duty=5/17 pwm=PWM2:5/PWM1:17 motor=2:5/1:17
CrossDiag: type=CROSS_NONE track=0 half_lr=0/0 nearL=0@-1/0@-1 nearNum=32/0 centerNum=32/0 farL=0@-1/0@-1 farNum=0/0 farRaw=0/0 lost=0/0 not_have=0 final=32/52 flags=0/0
LineErr: aim=41 cxcy=84.0,119.6 left=1:-9.81@94,86 dx=9.8 idx=0/7 dist=41/121 right=0:0.00@-1,-1 dx=0.0 idx=-1/-1 dist=-1/-1 sel=1:-6.73@91,82 dx=7.2 idx=0/20 dist=40/102 edge=0:0.00@-1.0,-1.0 dx=0.0 width=0.0 l=48,84 r=-1,-1
ATGSeedDiag: seed=1@60,108/0@-1,-1 begin=7,108 block=5 clip=8
ATGLptDiag: best=10(27.1) imip=0/20 pass=10111 acc=-1 ipm=68.2,95.3 inv=53.1,61.3 | -1(-57295.8) imip=-1/-1 pass=00000 acc=-1 ipm=-1.0,-1.0 inv=-1.0,-1.0
frame=549 line=1 track=0 cross=0 circle=0(CIRCLE_NONE) round=0 yroad=0 ramp=0 road=2 speed=0 near=31/0 raw=95/0 sel=31/51 far=0/0 far_raw=0/0 l=0@-1/0@-1 far_l=0@-1/0@-1 straight=0/0 far_straight=0/0 circle_cnt=0/0/0/0 lost=0/0 conf=25.9/0.0/0.0/0.0 dist=0 begin=0/3339 m0=(84,119) ml=(91,83) md=42/1/110 cxcy=84.0,119.6 guide=-9.05 atg=-19.0/-60.0/-60.0 pure=1.91/5.59 yaw=724 cmd=1124 actual=442 signed=0 rps=2977/6058:4155/6027 duty=5/17 pwm=PWM2:5/PWM1:17 motor=2:5/1:17
CrossDiag: type=CROSS_NONE track=0 half_lr=0/0 nearL=0@-1/0@-1 nearNum=31/0 centerNum=31/0 farL=0@-1/0@-1 farNum=0/0 farRaw=0/0 lost=0/0 not_have=0 final=31/51 flags=0/0
LineErr: aim=41 cxcy=84.0,119.6 left=1:-8.63@93,85 dx=8.7 idx=0/7 dist=41/118 right=0:0.00@-1,-1 dx=0.0 idx=-1/-1 dist=-1/-1 sel=1:-5.55@90,82 dx=5.9 idx=0/20 dist=40/100 edge=0:0.00@-1.0,-1.0 dx=0.0 width=0.0 l=47,84 r=-1,-1
ATGSeedDiag: seed=1@59,108/0@-1,-1 begin=7,108 block=5 clip=8
ATGLptDiag: best=9(25.9) imip=0/19 pass=10111 acc=-1 ipm=69.0,97.2 inv=53.6,63.8 | -1(-57295.8) imip=-1/-1 pass=00000 acc=-1 ipm=-1.0,-1.0 inv=-1.0,-1.0
frame=550 line=1 track=0 cross=0 circle=0(CIRCLE_NONE) round=0 yroad=0 ramp=0 road=2 speed=0 near=31/0 raw=94/0 sel=31/51 far=0/0 far_raw=0/0 l=0@-1/0@-1 far_l=0@-1/0@-1 straight=0/0 far_straight=0/0 circle_cnt=0/0/0/0 lost=0/0 conf=26.5/0.0/0.0/0.0 dist=0 begin=0/3339 m0=(84,119) ml=(90,83) md=42/1/111 cxcy=84.0,119.6 guide=-8.07 atg=-23.0/-60.0/-60.0 pure=2.17/5.73 yaw=645 cmd=359 actual=788 signed=0 rps=4077/5062:4107/6279 duty=9/12 pwm=PWM2:9/PWM1:12 motor=2:9/1:12
CrossDiag: type=CROSS_NONE track=0 half_lr=0/0 nearL=0@-1/0@-1 nearNum=31/0 centerNum=31/0 farL=0@-1/0@-1 farNum=0/0 farRaw=0/0 lost=0/0 not_have=0 final=31/51 flags=0/0
LineErr: aim=41 cxcy=84.0,119.6 left=1:-7.60@92,85 dx=7.7 idx=0/7 dist=41/118 right=0:0.00@-1,-1 dx=0.0 idx=-1/-1 dist=-1/-1 sel=1:-4.46@89,81 dx=4.8 idx=0/20 dist=40/100 edge=0:0.00@-1.0,-1.0 dx=0.0 width=0.0 l=46,85 r=-1,-1
ATGSeedDiag: seed=1@59,108/0@-1,-1 begin=7,108 block=5 clip=8
ATGLptDiag: best=10(26.5) imip=0/20 pass=10111 acc=-1 ipm=66.5,95.7 inv=50.5,61.9 | -1(-57295.8) imip=-1/-1 pass=00000 acc=-1 ipm=-1.0,-1.0 inv=-1.0,-1.0
frame=551 line=1 track=0 cross=0 circle=0(CIRCLE_NONE) round=0 yroad=0 ramp=0 road=2 speed=0 near=30/0 raw=92/0 sel=30/49 far=0/0 far_raw=0/0 l=0@-1/0@-1 far_l=0@-1/0@-1 straight=0/0 far_straight=0/0 circle_cnt=0/0/0/0 lost=0/0 conf=27.4/0.0/0.0/0.0 dist=0 begin=0/3339 m0=(84,119) ml=(89,83) md=41/1/106 cxcy=84.0,119.6 guide=-6.70 atg=-32.0/-60.0/-60.0 pure=2.49/5.82 yaw=536 cmd=136 actual=1116 signed=0 rps=4456/4829:3763/6015 duty=11/12 pwm=PWM2:11/PWM1:12 motor=2:11/1:12
CrossDiag: type=CROSS_NONE track=0 half_lr=0/0 nearL=0@-1/0@-1 nearNum=30/0 centerNum=30/0 farL=0@-1/0@-1 farNum=0/0 farRaw=0/0 lost=0/0 not_have=0 final=30/49 flags=0/0
LineErr: aim=41 cxcy=84.0,119.6 left=1:-6.16@90,85 dx=6.3 idx=0/7 dist=41/115 right=0:0.00@-1,-1 dx=0.0 idx=-1/-1 dist=-1/-1 sel=1:-3.13@87,81 dx=3.4 idx=0/20 dist=40/96 edge=0:0.00@-1.0,-1.0 dx=0.0 width=0.0 l=45,86 r=-1,-1
ATGSeedDiag: seed=1@58,108/0@-1,-1 begin=7,108 block=5 clip=8
ATGLptDiag: best=10(27.4) imip=0/20 pass=10111 acc=-1 ipm=65.5,96.0 inv=49.0,62.2 | -1(-57295.8) imip=-1/-1 pass=00000 acc=-1 ipm=-1.0,-1.0 inv=-1.0,-1.0
frame=552 line=1 track=0 cross=0 circle=0(CIRCLE_NONE) round=0 yroad=0 ramp=0 road=2 speed=0 near=29/16 raw=89/59 sel=29/48 far=0/0 far_raw=0/0 l=0@-1/1@7 far_l=0@-1/0@-1 straight=0/0 far_straight=0/0 circle_cnt=0/0/0/0 lost=0/0 conf=25.5/98.2/0.0/0.0 dist=0 begin=0/3339 m0=(84,119) ml=(87,82) md=42/1/104 cxcy=84.0,119.6 guide=-4.47 atg=-42.0/-60.0/-60.0 pure=2.84/5.92 yaw=358 cmd=-42 actual=1384 signed=0 rps=4820/4703:3850/6227 duty=12/11 pwm=PWM2:12/PWM1:11 motor=2:12/1:11
CrossDiag: type=CROSS_NONE track=0 half_lr=0/0 nearL=0@-1/1@7 nearNum=29/16 centerNum=29/16 farL=0@-1/0@-1 farNum=0/0 farRaw=0/0 lost=0/0 not_have=0 final=29/48 flags=0/0
LineErr: aim=41 cxcy=84.0,119.6 left=1:-4.78@89,84 dx=4.9 idx=0/7 dist=41/111 right=1:-26.87@121,71 dx=36.5 idx=0/12 dist=41/56 sel=1:-1.58@86,81 dx=1.7 idx=0/20 dist=40/94 edge=1:-9.04@92.5,89.5 dx=8.5 width=97.3 l=44,86 r=141,93
CxScan: raw_ref=80.0 edge=92.5,89.5 best_raw_x=100 best_err=-0.87 best_cxcy=91.7,119.6 scan=0:-36.5,10:-33.7,20:-30.7,30:-27.5,40:-24.1,50:-20.6,60:-16.9,70:-13.0,80:-9.0,90:-5.0,100:-0.9,110:3.2,120:7.3,130:11.3,140:15.2
ATGSeedDiag: seed=1@57,108/1@155,85 begin=7,108 block=5 clip=8
ATGLptDiag: best=9(25.5) imip=0/19 pass=10111 acc=-1 ipm=66.0,98.0 inv=48.9,65.0 | 7(98.2) imip=0/15 pass=11111 acc=7 ipm=122.4,92.7 inv=128.7,57.4
frame=553 line=1 track=0 cross=0 circle=0(CIRCLE_NONE) round=0 yroad=0 ramp=0 road=2 speed=0 near=28/17 raw=87/62 sel=28/46 far=0/0 far_raw=0/0 l=0@-1/1@7 far_l=0@-1/0@-1 straight=0/0 far_straight=0/0 circle_cnt=0/0/0/0 lost=0/0 conf=27.4/102.2/0.0/0.0 dist=0 begin=0/3339 m0=(84,119) ml=(86,82) md=41/1/99 cxcy=84.0,119.6 guide=-2.97 atg=-54.0/-60.0/-60.0 pure=3.21/5.92 yaw=101 cmd=-299 actual=1586 signed=0 rps=5342/4523:3702/5813 duty=14/11 pwm=PWM2:14/PWM1:11 motor=2:14/1:11
CrossDiag: type=CROSS_NONE track=0 half_lr=0/0 nearL=0@-1/1@7 nearNum=28/17 centerNum=28/17 farL=0@-1/0@-1 farNum=0/0 farRaw=0/0 lost=0/0 not_have=0 final=28/46 flags=0/0
LineErr: aim=41 cxcy=84.0,119.6 left=1:-3.20@87,84 dx=3.3 idx=0/7 dist=41/107 right=1:-23.11@114,72 dx=30.3 idx=0/11 dist=39/64 sel=1:-0.14@84,81 dx=0.1 idx=0/20 dist=40/90 edge=1:-8.06@91.5,90.0 dx=7.5 width=99.2 l=42,87 r=141,93
CxScan: raw_ref=80.0 edge=91.5,90.0 best_raw_x=100 best_err=0.20 best_cxcy=91.7,119.6 scan=0:-36.0,10:-33.2,20:-30.1,30:-26.9,40:-23.4,50:-19.8,60:-16.0,70:-12.1,80:-8.1,90:-3.9,100:0.2,110:4.3,120:8.4,130:12.4,140:16.3
ATGSeedDiag: seed=1@56,108/1@155,86 begin=7,108 block=5 clip=8
ATGLptDiag: best=10(27.4) imip=0/20 pass=10111 acc=-1 ipm=63.2,96.7 inv=45.2,63.2 | 7(102.2) imip=0/16 pass=11111 acc=7 ipm=120.6,93.0 inv=126.4,57.8
frame=554 line=1 track=0 cross=0 circle=0(CIRCLE_NONE) round=0 yroad=0 ramp=0 road=2 speed=0 near=27/17 raw=84/66 sel=27/44 far=0/0 far_raw=0/0 l=0@-1/1@7 far_l=0@-1/0@-1 straight=0/0 far_straight=0/0 circle_cnt=0/0/0/0 lost=0/0 conf=26.1/101.1/0.0/0.0 dist=0 begin=0/3339 m0=(84,119) ml=(84,82) md=40/1/94 cxcy=84.0,119.6 guide=-0.20 atg=-60.0/-60.0/-60.0 pure=3.66/5.96 yaw=7 cmd=-393 actual=1705 signed=0 rps=5535/4457:3972/5882 duty=15/10 pwm=PWM2:15/PWM1:10 motor=2:15/1:10
CrossDiag: type=CROSS_NONE track=0 half_lr=0/0 nearL=0@-1/1@7 nearNum=27/17 centerNum=27/17 farL=0@-1/0@-1 farNum=0/0 farRaw=0/0 lost=0/0 not_have=0 final=27/44 flags=0/0
LineErr: aim=41 cxcy=84.0,119.6 left=1:-1.24@85,83 dx=1.3 idx=0/7 dist=41/103 right=1:-21.54@112,73 dx=27.5 idx=0/11 dist=40/64 sel=1:1.85@82,80 dx=-2.0 idx=0/20 dist=40/86 edge=1:-7.06@90.5,90.5 dx=6.5 width=99.1 l=41,88 r=140,93
CxScan: raw_ref=80.0 edge=90.5,90.5 best_raw_x=95 best_err=-0.80 best_cxcy=89.8,119.6 scan=0:-35.6,10:-32.7,20:-29.5,30:-26.2,40:-22.7,50:-19.0,60:-15.2,70:-11.2,80:-7.1,90:-2.9,100:1.3,110:5.5,120:9.6,130:13.6,140:17.5
ATGSeedDiag: seed=1@55,108/1@155,87 begin=7,108 block=5 clip=8
ATGLptDiag: best=10(26.1) imip=0/20 pass=10111 acc=-1 ipm=61.8,97.2 inv=42.8,63.9 | 7(101.1) imip=0/16 pass=11111 acc=7 ipm=119.2,93.9 inv=125.5,58.9
frame=555 line=1 track=0 cross=0 circle=0(CIRCLE_NONE) round=0 yroad=0 ramp=0 road=2 speed=0 near=25/18 raw=80/68 sel=25/42 far=0/0 far_raw=0/0 l=0@-1/1@7 far_l=0@-1/0@-1 straight=0/0 far_straight=0/0 circle_cnt=0/0/0/0 lost=0/0 conf=23.4/102.4/0.0/0.0 dist=0 begin=0/3339 m0=(84,119) ml=(82,81) md=41/1/90 cxcy=84.0,119.6 guide=0.93 atg=-60.0/-60.0/-60.0 pure=4.07/6.07 yaw=-32 cmd=-432 actual=1758 signed=0 rps=5570/4388:4351/5962 duty=14/10 pwm=PWM2:14/PWM1:10 motor=2:14/1:10
CrossDiag: type=CROSS_NONE track=0 half_lr=0/0 nearL=0@-1/1@7 nearNum=25/18 centerNum=25/18 farL=0@-1/0@-1 farNum=0/0 farRaw=0/0 lost=0/0 not_have=0 final=25/42 flags=0/0
LineErr: aim=41 cxcy=84.0,119.6 left=1:1.00@83,83 dx=-1.0 idx=0/7 dist=42/97 right=1:-20.93@111,72 dx=26.9 idx=0/11 dist=41/71 sel=1:3.78@80,80 dx=-4.2 idx=0/20 dist=40/82 edge=1:-6.10@89.5,91.5 dx=5.5 width=101.1 l=39,89 r=140,94
CxScan: raw_ref=80.0 edge=89.5,91.5 best_raw_x=95 best_err=0.31 best_cxcy=89.8,119.6 scan=0:-35.4,10:-32.4,20:-29.2,30:-25.8,40:-22.2,50:-18.4,60:-14.4,70:-10.3,80:-6.1,90:-1.8,100:2.4,110:6.7,120:10.8,130:14.9,140:18.8
ATGSeedDiag: seed=1@54,107/1@155,89 begin=7,108 block=5 clip=8
ATGLptDiag: best=10(23.4) imip=0/20 pass=10111 acc=-1 ipm=60.2,97.5 inv=40.2,64.4 | 7(102.4) imip=0/17 pass=11111 acc=7 ipm=118.0,94.8 inv=124.6,60.1
frame=556 line=1 track=0 cross=0 circle=0(CIRCLE_NONE) round=0 yroad=0 ramp=0 road=2 speed=0 near=24/18 raw=77/70 sel=24/40 far=0/0 far_raw=0/0 l=0@-1/1@7 far_l=0@-1/0@-1 straight=0/0 far_straight=0/0 circle_cnt=0/0/0/0 lost=0/0 conf=23.5/103.4/0.0/0.0 dist=0 begin=0/3339 m0=(84,119) ml=(80,81) md=41/1/86 cxcy=84.0,119.6 guide=2.66 atg=-60.0/-60.0/-60.0 pure=4.45/6.06 yaw=-90 cmd=-490 actual=1732 signed=0 rps=5612/4268:4346/5504 duty=14/10 pwm=PWM2:14/PWM1:10 motor=2:14/1:10
CrossDiag: type=CROSS_NONE track=0 half_lr=0/0 nearL=0@-1/1@7 nearNum=24/18 centerNum=24/18 farL=0@-1/0@-1 farNum=0/0 farRaw=0/0 lost=0/0 not_have=0 final=24/40 flags=0/0
LineErr: aim=41 cxcy=84.0,119.6 left=1:2.51@81,83 dx=-2.6 idx=0/7 dist=42/93 right=1:-16.73@105,74 dx=20.6 idx=0/10 dist=39/72 sel=1:5.64@78,80 dx=-6.2 idx=0/20 dist=40/78 edge=1:-4.48@88.0,92.0 dx=4.0 width=102.1 l=37,90 r=139,94
CxScan: raw_ref=80.0 edge=88.0,92.0 best_raw_x=90 best_err=-0.16 best_cxcy=87.9,119.6 scan=0:-34.5,10:-31.4,20:-28.1,30:-24.6,40:-20.9,50:-17.0,60:-12.9,70:-8.8,80:-4.5,90:-0.2,100:4.2,110:8.4,120:12.6,130:16.6,140:20.5
ATGSeedDiag: seed=1@52,108/1@155,91 begin=7,108 block=5 clip=8
ATGLptDiag: best=10(23.5) imip=0/20 pass=10111 acc=-1 ipm=58.8,98.3 inv=37.6,65.6 | 7(103.4) imip=0/17 pass=11111 acc=7 ipm=116.9,95.3 inv=123.5,60.7
frame=557 line=1 track=0 cross=0 circle=0(CIRCLE_NONE) round=0 yroad=0 ramp=0 road=2 speed=0 near=23/19 raw=75/74 sel=23/38 far=0/0 far_raw=0/0 l=0@-1/1@8 far_l=0@-1/0@-1 straight=0/0 far_straight=0/0 circle_cnt=0/0/0/0 lost=0/0 conf=24.8/104.4/0.0/0.0 dist=0 begin=0/3339 m0=(84,119) ml=(78,81) md=42/1/81 cxcy=84.0,119.6 guide=4.37 atg=-60.0/-60.0/-60.0 pure=4.80/6.06 yaw=-350 cmd=-750 actual=1615 signed=0 rps=5794/3740:4813/5514 duty=14/8 pwm=PWM2:14/PWM1:8 motor=2:14/1:8
CrossDiag: type=CROSS_NONE track=0 half_lr=0/0 nearL=0@-1/1@8 nearNum=23/19 centerNum=23/19 farL=0@-1/0@-1 farNum=0/0 farRaw=0/0 lost=0/0 not_have=0 final=23/38 flags=0/0
LineErr: aim=41 cxcy=84.0,119.6 left=1:4.25@80,83 dx=-4.5 idx=0/7 dist=42/89 right=1:-13.82@101,74 dx=16.8 idx=0/9 dist=40/80 sel=1:7.16@76,80 dx=-7.9 idx=0/20 dist=40/74 edge=1:-3.96@87.5,92.5 dx=3.5 width=103.0 l=36,91 r=139,94
CxScan: raw_ref=80.0 edge=87.5,92.5 best_raw_x=90 best_err=0.41 best_cxcy=87.9,119.6 scan=0:-34.4,10:-31.2,20:-27.9,30:-24.3,40:-20.6,50:-16.6,60:-12.5,70:-8.3,80:-4.0,90:0.4,100:4.8,110:9.0,120:13.2,130:17.3,140:21.1
ATGSeedDiag: seed=1@51,108/1@155,92 begin=7,108 block=5 clip=8
ATGLptDiag: best=9(24.8) imip=0/19 pass=10111 acc=-1 ipm=59.6,100.0 inv=37.8,68.1 | 8(104.4) imip=0/18 pass=11111 acc=8 ipm=116.3,93.9 inv=121.4,59.0
frame=558 line=1 track=0 cross=0 circle=0(CIRCLE_NONE) round=0 yroad=0 ramp=0 road=2 speed=0 near=22/19 raw=71/74 sel=22/37 far=0/0 far_raw=0/0 l=0@-1/1@8 far_l=0@-1/0@-1 straight=0/0 far_straight=0/0 circle_cnt=0/0/0/0 lost=0/0 conf=22.2/102.7/0.0/0.0 dist=0 begin=0/3339 m0=(84,119) ml=(78,83) md=40/1/80 cxcy=84.0,119.6 guide=4.39 atg=-60.0/-60.0/-60.0 pure=5.16/6.23 yaw=-351 cmd=-751 actual=1452 signed=0 rps=5795/3737:4753/5076 duty=15/9 pwm=PWM2:15/PWM1:9 motor=2:15/1:9
CrossDiag: type=CROSS_NONE track=0 half_lr=0/0 nearL=0@-1/1@8 nearNum=22/19 centerNum=22/19 farL=0@-1/0@-1 farNum=0/0 farRaw=0/0 lost=0/0 not_have=0 final=22/37 flags=0/0
LineErr: aim=41 cxcy=84.0,119.6 left=1:6.01@78,82 dx=-6.4 idx=0/7 dist=42/85 right=1:-15.52@103,75 dx=18.8 idx=0/10 dist=41/79 sel=1:8.82@74,80 dx=-9.7 idx=0/20 dist=40/72 edge=1:-2.85@86.5,93.0 dx=2.5 width=105.0 l=34,92 r=139,94
CxScan: raw_ref=80.0 edge=86.5,93.0 best_raw_x=85 best_err=-0.64 best_cxcy=85.9,119.6 scan=0:-33.8,10:-30.6,20:-27.2,30:-23.6,40:-19.8,50:-15.7,60:-11.5,70:-7.2,80:-2.8,90:1.6,100:5.9,110:10.3,120:14.4,130:18.5,140:22.3
ATGSeedDiag: seed=1@49,108/1@155,93 begin=7,108 block=5 clip=8
ATGLptDiag: best=10(22.2) imip=0/20 pass=10111 acc=-1 ipm=56.2,99.3 inv=32.9,67.1 | 8(102.7) imip=0/18 pass=11111 acc=8 ipm=116.1,94.4 inv=121.5,59.6
frame=559 line=1 track=0 cross=0 circle=0(CIRCLE_NONE) round=0 yroad=0 ramp=0 road=2 speed=0 near=21/20 raw=68/75 sel=21/35 far=0/0 far_raw=0/0 l=0@-1/1@8 far_l=0@-1/0@-1 straight=0/0 far_straight=0/0 circle_cnt=0/0/0/0 lost=0/0 conf=29.3/104.4/0.0/0.0 dist=0 begin=0/3339 m0=(84,119) ml=(76,83) md=40/1/75 cxcy=84.0,119.6 guide=6.53 atg=-60.0/-60.0/-60.0 pure=5.45/6.20 yaw=-523 cmd=-923 actual=1288 signed=0 rps=5916/3387:5138/5239 duty=15/7 pwm=PWM2:15/PWM1:7 motor=2:15/1:7
CrossDiag: type=CROSS_NONE track=0 half_lr=0/0 nearL=0@-1/1@8 nearNum=21/20 centerNum=21/20 farL=0@-1/0@-1 farNum=0/0 farRaw=0/0 lost=0/0 not_have=0 final=21/35 flags=0/0
LineErr: aim=41 cxcy=84.0,119.6 left=1:7.62@76,82 dx=-8.1 idx=0/7 dist=42/81 right=1:-13.46@100,74 dx=16.4 idx=0/9 dist=41/83 sel=1:10.33@73,80 dx=-11.4 idx=0/20 dist=40/68 edge=1:-3.46@87.0,93.5 dx=3.0 width=108.0 l=33,93 r=141,94
CxScan: raw_ref=80.0 edge=87.0,93.5 best_raw_x=90 best_err=1.00 best_cxcy=87.9,119.6 scan=0:-34.5,10:-31.3,20:-27.9,30:-24.3,40:-20.5,50:-16.4,60:-12.2,70:-7.9,80:-3.5,90:1.0,100:5.4,110:9.8,120:14.0,130:18.1,140:22.0
ATGSeedDiag: seed=1@48,108/1@155,94 begin=7,108 block=5 clip=8
ATGLptDiag: best=10(29.3) imip=0/20 pass=10111 acc=-1 ipm=55.1,99.8 inv=30.6,67.9 | 8(104.4) imip=0/18 pass=11111 acc=8 ipm=115.3,94.5 inv=120.4,59.7
frame=560 line=1 track=0 cross=0 circle=0(CIRCLE_NONE) round=0 yroad=0 ramp=0 road=3 speed=0 near=20/20 raw=66/76 sel=20/34 far=0/0 far_raw=0/0 l=0@-1/1@8 far_l=0@-1/0@-1 straight=0/0 far_straight=0/0 circle_cnt=0/0/0/0 lost=0/0 conf=28.5/102.8/0.0/0.0 dist=0 begin=0/3339 m0=(84,119) ml=(75,83) md=40/1/73 cxcy=84.0,119.6 guide=9.54 atg=-60.0/-60.0/-60.0 pure=5.73/6.32 yaw=-763 cmd=-1163 actual=1120 signed=0 rps=6085/2898:5346/5412 duty=15/5 pwm=PWM2:15/PWM1:5 motor=2:15/1:5
CrossDiag: type=CROSS_NONE track=0 half_lr=0/0 nearL=0@-1/1@8 nearNum=20/20 centerNum=20/20 farL=0@-1/0@-1 farNum=0/0 farRaw=0/0 lost=0/0 not_have=0 final=20/34 flags=0/0
LineErr: aim=41 cxcy=84.0,119.6 left=1:7.12@77,84 dx=-7.3 idx=0/6 dist=40/78 right=1:-12.94@100,75 dx=15.7 idx=0/9 dist=41/84 sel=1:11.50@71,80 dx=-12.7 idx=0/20 dist=40/66 edge=1:-3.49@87.0,94.0 dx=3.0 width=106.0 l=34,94 r=140,94
CxScan: raw_ref=80.0 edge=87.0,94.0 best_raw_x=90 best_err=1.01 best_cxcy=87.9,119.6 scan=0:-34.8,10:-31.6,20:-28.2,30:-24.5,40:-20.6,50:-16.6,60:-12.3,70:-8.0,80:-3.5,90:1.0,100:5.5,110:9.9,120:14.2,130:18.3,140:22.2
ATGSeedDiag: seed=1@47,108/1@155,94 begin=7,108 block=5 clip=8
ATGLptDiag: best=9(28.5) imip=0/19 pass=10111 acc=-1 ipm=56.1,101.4 inv=31.0,70.4 | 8(102.8) imip=0/18 pass=11111 acc=8 ipm=114.9,94.9 inv=120.3,60.2
frame=561 line=1 track=0 cross=0 circle=0(CIRCLE_NONE) round=0 yroad=0 ramp=0 road=3 speed=0 near=19/8 raw=62/77 sel=19/33 far=0/0 far_raw=0/0 l=0@-1/1@8 far_l=0@-1/0@-1 straight=0/0 far_straight=0/0 circle_cnt=0/0/0/0 lost=0/0 conf=27.0/102.7/0.0/0.0 dist=0 begin=0/3339 m0=(84,119) ml=(74,83) md=40/1/71 cxcy=84.0,119.6 guide=10.71 atg=-60.0/-60.0/-60.0 pure=6.01/6.42 yaw=-857 cmd=-1257 actual=967 signed=0 rps=6151/2707:5169/5391 duty=15/4 pwm=PWM2:15/PWM1:4 motor=2:15/1:4
CrossDiag: type=CROSS_NONE track=0 half_lr=0/0 nearL=0@-1/1@8 nearNum=19/8 centerNum=19/8 farL=0@-1/0@-1 farNum=0/0 farRaw=0/0 lost=0/0 not_have=0 final=19/33 flags=0/0
LineErr: aim=41 cxcy=84.0,119.6 left=1:9.01@75,84 dx=-9.4 idx=0/6 dist=41/75 right=1:-9.22@94,81 dx=10.0 idx=0/7 dist=34/34 sel=1:12.90@70,80 dx=-14.3 idx=0/20 dist=40/64 edge=1:11.76@74.5,97.0 dx=-9.5 width=79.0 l=35,96 r=114,98
CxScan: raw_ref=80.0 edge=74.5,97.0 best_raw_x=55 best_err=-0.08 best_cxcy=74.4,119.5 scan=0:-25.0,10:-20.9,20:-16.5,30:-12.0,40:-7.3,50:-2.5,60:2.3,70:7.1,80:11.8,90:16.3,100:20.6,110:24.6,120:28.4,130:32.0,140:35.3
ATGSeedDiag: seed=1@45,107/1@155,95 begin=7,108 block=5 clip=8
ATGLptDiag: best=8(27.0) imip=0/18 pass=10111 acc=-1 ipm=56.6,102.9 inv=30.6,72.9 | 8(102.7) imip=0/18 pass=11111 acc=8 ipm=114.1,95.3 inv=119.4,60.7
frame=562 line=1 track=0 cross=0 circle=0(CIRCLE_NONE) round=0 yroad=0 ramp=0 road=3 speed=0 near=18/8 raw=60/77 sel=18/31 far=0/0 far_raw=0/0 l=0@-1/1@8 far_l=0@-1/0@-1 straight=0/0 far_straight=0/0 circle_cnt=0/0/0/0 lost=0/0 conf=25.7/102.2/0.0/0.0 dist=0 begin=0/3339 m0=(84,119) ml=(72,83) md=41/1/66 cxcy=84.0,119.6 guide=12.26 atg=-60.0/-60.0/-60.0 pure=6.25/6.40 yaw=-981 cmd=-1381 actual=825 signed=0 rps=6239/2453:5331/5732 duty=15/3 pwm=PWM2:15/PWM1:3 motor=2:15/1:3
CrossDiag: type=CROSS_NONE track=0 half_lr=0/0 nearL=0@-1/1@8 nearNum=18/8 centerNum=18/8 farL=0@-1/0@-1 farNum=0/0 farRaw=0/0 lost=0/0 not_have=0 final=18/31 flags=0/0
LineErr: aim=41 cxcy=84.0,119.6 left=1:10.19@73,84 dx=-10.6 idx=0/6 dist=41/71 right=1:-8.72@94,81 dx=9.5 idx=0/7 dist=34/34 sel=1:14.10@68,81 dx=-15.6 idx=0/20 dist=40/60 edge=1:11.89@74.5,97.5 dx=-9.5 width=77.0 l=36,97 r=113,98
CxScan: raw_ref=80.0 edge=74.5,97.5 best_raw_x=55 best_err=-0.08 best_cxcy=74.4,119.5 scan=0:-25.2,10:-21.1,20:-16.7,30:-12.1,40:-7.4,50:-2.5,60:2.3,70:7.2,80:11.9,90:16.4,100:20.8,110:24.9,120:28.7,130:32.3,140:35.6
ATGSeedDiag: seed=1@44,108/1@155,96 begin=7,108 block=5 clip=8
ATGLptDiag: best=7(25.7) imip=0/17 pass=10111 acc=-1 ipm=57.8,104.7 inv=31.1,76.2 | 8(102.2) imip=0/18 pass=11111 acc=8 ipm=113.9,95.5 inv=119.4,61.0
frame=563 line=1 track=0 cross=0 circle=0(CIRCLE_NONE) round=0 yroad=0 ramp=0 road=3 speed=0 near=17/8 raw=57/76 sel=17/30 far=0/0 far_raw=0/0 l=0@-1/1@8 far_l=0@-1/0@-1 straight=0/0 far_straight=0/0 circle_cnt=0/0/0/0 lost=0/0 conf=24.4/103.1/0.0/0.0 dist=0 begin=0/3339 m0=(84,119) ml=(71,83) md=41/1/64 cxcy=84.0,119.6 guide=13.20 atg=-60.0/-60.0/-60.0 pure=6.45/6.45 yaw=-1056 cmd=-1456 actual=673 signed=0 rps=6292/2300:5039/5511 duty=16/2 pwm=PWM2:16/PWM1:2 motor=2:16/1:2
CrossDiag: type=CROSS_NONE track=0 half_lr=0/0 nearL=0@-1/1@8 nearNum=17/8 centerNum=17/8 farL=0@-1/0@-1 farNum=0/0 farRaw=0/0 lost=0/0 not_have=0 final=17/30 flags=0/0
LineErr: aim=41 cxcy=84.0,119.6 left=1:11.53@72,84 dx=-12.0 idx=0/6 dist=41/67 right=1:-8.56@93,81 dx=9.3 idx=0/7 dist=34/34 sel=1:15.25@67,81 dx=-16.9 idx=0/20 dist=40/58 edge=1:11.40@75.0,98.0 dx=-9.0 width=76.0 l=37,98 r=113,98
CxScan: raw_ref=80.0 edge=75.0,98.0 best_raw_x=55 best_err=-0.72 best_cxcy=74.4,119.5 scan=0:-26.0,10:-21.8,20:-17.4,30:-12.8,40:-8.1,50:-3.2,60:1.7,70:6.6,80:11.4,90:16.0,100:20.4,110:24.6,120:28.5,130:32.1,140:35.5
ATGSeedDiag: seed=1@43,108/1@155,97 begin=7,108 block=5 clip=8
ATGLptDiag: best=6(24.4) imip=0/16 pass=10111 acc=-1 ipm=58.7,106.3 inv=31.2,79.3 | 8(103.1) imip=0/18 pass=11111 acc=8 ipm=113.9,95.9 inv=119.7,61.5
frame=564 line=1 track=0 cross=0 circle=0(CIRCLE_NONE) round=0 yroad=0 ramp=0 road=3 speed=0 near=17/7 raw=54/76 sel=17/30 far=0/0 far_raw=0/0 l=0@-1/1@7 far_l=0@-1/0@-1 straight=0/0 far_straight=0/0 circle_cnt=0/0/0/0 lost=0/0 conf=17.3/103.1/0.0/0.0 dist=0 begin=0/3339 m0=(84,119) ml=(70,84) md=40/1/65 cxcy=84.0,119.6 guide=14.13 atg=-60.0/-60.0/-60.0 pure=6.66/6.66 yaw=-1131 cmd=-1531 actual=542 signed=0 rps=6344/2148:5175/5609 duty=16/1 pwm=PWM2:16/PWM1:1 motor=2:16/1:1
CrossDiag: type=CROSS_NONE track=0 half_lr=0/0 nearL=0@-1/1@7 nearNum=17/7 centerNum=17/7 farL=0@-1/0@-1 farNum=0/0 farRaw=0/0 lost=0/0 not_have=0 final=17/30 flags=0/0
LineErr: aim=41 cxcy=84.0,119.6 left=1:12.89@71,84 dx=-13.5 idx=0/6 dist=41/67 right=1:-8.65@93,85 dx=8.8 idx=0/6 dist=29/29 sel=1:16.40@66,81 dx=-18.1 idx=0/20 dist=40/58 edge=1:11.79@75.0,99.5 dx=-9.0 width=78.1 l=36,98 r=114,101
CxScan: raw_ref=80.0 edge=75.0,99.5 best_raw_x=55 best_err=-0.75 best_cxcy=74.4,119.5 scan=0:-26.8,10:-22.5,20:-18.0,30:-13.3,40:-8.3,50:-3.3,60:1.8,70:6.8,80:11.8,90:16.5,100:21.1,110:25.3,120:29.3,130:33.0,140:36.4
ATGSeedDiag: seed=1@41,108/1@155,98 begin=7,108 block=5 clip=8
ATGLptDiag: best=5(17.3) imip=0/15 pass=10111 acc=-1 ipm=59.7,107.9 inv=31.6,82.8 | 7(103.1) imip=0/17 pass=11111 acc=7 ipm=112.6,98.5 inv=120.2,65.1
frame=565 line=1 track=0 cross=0 circle=0(CIRCLE_NONE) round=0 yroad=0 ramp=0 road=3 speed=0 near=16/7 raw=52/78 sel=16/29 far=0/0 far_raw=0/0 l=0@-1/1@7 far_l=0@-1/0@-1 straight=0/0 far_straight=0/0 circle_cnt=0/0/0/0 lost=0/0 conf=22.8/105.4/0.0/0.0 dist=0 begin=0/3339 m0=(84,119) ml=(69,84) md=40/1/62 cxcy=84.0,119.6 guide=15.30 atg=-60.0/-60.0/-60.0 pure=6.71/6.71 yaw=-1224 cmd=-1624 actual=403 signed=0 rps=6410/1959:5258/5643 duty=16/1 pwm=PWM2:16/PWM1:1 motor=2:16/1:1
CrossDiag: type=CROSS_NONE track=0 half_lr=0/0 nearL=0@-1/1@7 nearNum=16/7 centerNum=16/7 farL=0@-1/0@-1 farNum=0/0 farRaw=0/0 lost=0/0 not_have=0 final=16/29 flags=0/0
LineErr: aim=41 cxcy=84.0,119.6 left=1:13.72@70,84 dx=-14.3 idx=0/6 dist=41/64 right=1:-8.42@93,85 dx=8.6 idx=0/6 dist=30/30 sel=1:17.49@65,82 dx=-19.3 idx=0/20 dist=40/56 edge=1:11.92@75.0,100.0 dx=-9.0 width=76.0 l=37,99 r=113,101
CxScan: raw_ref=80.0 edge=75.0,100.0 best_raw_x=55 best_err=-0.76 best_cxcy=74.4,119.5 scan=0:-27.0,10:-22.8,20:-18.2,30:-13.4,40:-8.4,50:-3.3,60:1.8,70:6.9,80:11.9,90:16.7,100:21.3,110:25.6,120:29.6,130:33.3,140:36.7
ATGSeedDiag: seed=1@40,108/1@155,98 begin=7,108 block=5 clip=8
ATGLptDiag: best=5(22.8) imip=0/15 pass=10111 acc=-1 ipm=58.8,108.1 inv=29.7,83.1 | 7(105.4) imip=0/17 pass=11111 acc=7 ipm=112.2,98.8 inv=119.9,65.6
frame=566 line=1 track=0 cross=0 circle=0(CIRCLE_NONE) round=0 yroad=0 ramp=0 road=3 speed=0 near=15/7 raw=48/78 sel=15/27 far=0/0 far_raw=0/0 l=0@-1/1@7 far_l=0@-1/0@-1 straight=0/0 far_straight=0/0 circle_cnt=0/0/0/0 lost=0/0 conf=20.1/101.4/0.0/0.0 dist=0 begin=0/3339 m0=(84,119) ml=(68,84) md=40/1/57 cxcy=84.0,119.6 guide=16.20 atg=-60.0/-60.0/-60.0 pure=6.65/6.65 yaw=-1296 cmd=-1696 actual=250 signed=0 rps=6460/1812:5043/5249 duty=17/1 pwm=PWM2:17/PWM1:1 motor=2:17/1:1
CrossDiag: type=CROSS_NONE track=0 half_lr=0/0 nearL=0@-1/1@7 nearNum=15/7 centerNum=15/7 farL=0@-1/0@-1 farNum=0/0 farRaw=0/0 lost=0/0 not_have=0 final=15/27 flags=0/0
LineErr: aim=41 cxcy=84.0,119.6 left=1:15.09@68,84 dx=-15.8 idx=0/6 dist=41/61 right=1:-8.16@92,85 dx=8.2 idx=0/6 dist=29/29 sel=1:18.47@64,82 dx=-20.4 idx=0/20 dist=40/52 edge=0:0.00@-1.0,-1.0 dx=0.0 width=0.0 l=38,101 r=-1,-1
ATGSeedDiag: seed=1@38,107/1@155,99 begin=7,108 block=5 clip=8
ATGLptDiag: best=4(20.1) imip=0/14 pass=10111 acc=-1 ipm=59.6,109.6 inv=29.7,86.6 | 7(101.4) imip=0/17 pass=11111 acc=7 ipm=112.0,99.2 inv=119.9,66.2
frame=567 line=1 track=0 cross=0 circle=0(CIRCLE_NONE) round=0 yroad=0 ramp=0 road=3 speed=0 near=14/7 raw=47/77 sel=14/26 far=0/0 far_raw=0/0 l=0@-1/1@7 far_l=0@-1/0@-1 straight=0/0 far_straight=0/0 circle_cnt=0/0/0/0 lost=0/0 conf=19.3/104.9/0.0/0.0 dist=0 begin=0/3339 m0=(84,119) ml=(67,84) md=40/1/55 cxcy=84.0,119.6 guide=17.12 atg=-60.0/-60.0/-60.0 pure=6.68/6.68 yaw=-1370 cmd=-1770 actual=90 signed=0 rps=6512/1661:5451/5341 duty=16/0 pwm=PWM2:16/PWM1:0 motor=2:16/1:0
CrossDiag: type=CROSS_NONE track=0 half_lr=0/0 nearL=0@-1/1@7 nearNum=14/7 centerNum=14/7 farL=0@-1/0@-1 farNum=0/0 farRaw=0/0 lost=0/0 not_have=0 final=14/26 flags=0/0
LineErr: aim=41 cxcy=84.0,119.6 left=1:15.47@68,85 dx=-16.1 idx=0/6 dist=40/57 right=1:-8.24@92,85 dx=8.4 idx=0/6 dist=29/29 sel=1:19.31@63,82 dx=-21.2 idx=0/20 dist=40/50 edge=0:0.00@-1.0,-1.0 dx=0.0 width=0.0 l=40,102 r=-1,-1
ATGSeedDiag: seed=1@37,108/1@155,100 begin=7,108 block=5 clip=8
ATGLptDiag: best=3(19.3) imip=0/13 pass=10111 acc=-1 ipm=61.0,111.4 inv=30.6,91.0 | 7(104.9) imip=0/17 pass=11111 acc=7 ipm=111.8,99.2 inv=119.6,66.2
frame=568 line=1 track=0 cross=0 circle=0(CIRCLE_NONE) round=0 yroad=0 ramp=0 road=3 speed=0 near=13/7 raw=44/75 sel=13/25 far=0/0 far_raw=0/0 l=0@-1/1@7 far_l=0@-1/0@-1 straight=0/0 far_straight=0/0 circle_cnt=0/0/0/0 lost=0/0 conf=19.1/103.7/0.0/0.0 dist=0 begin=0/3339 m0=(84,119) ml=(66,84) md=40/1/53 cxcy=84.0,119.6 guide=18.11 atg=-60.0/-60.0/-60.0 pure=6.70/6.70 yaw=-1449 cmd=-1849 actual=-62 signed=0 rps=6568/1500:5465/4935 duty=16/0 pwm=PWM2:16/PWM1:0 motor=2:16/1:0
CrossDiag: type=CROSS_NONE track=0 half_lr=0/0 nearL=0@-1/1@7 nearNum=13/7 centerNum=13/7 farL=0@-1/0@-1 farNum=0/0 farRaw=0/0 lost=0/0 not_have=0 final=13/25 flags=0/0
LineErr: aim=41 cxcy=84.0,119.6 left=1:17.84@65,84 dx=-18.9 idx=0/7 dist=41/53 right=1:-8.79@93,84 dx=9.1 idx=0/6 dist=29/29 sel=1:20.21@62,82 dx=-22.2 idx=0/20 dist=40/48 edge=1:10.59@76.5,102.5 dx=-7.5 width=71.0 l=41,103 r=112,102
CxScan: raw_ref=80.0 edge=76.5,102.5 best_raw_x=60 best_err=-0.21 best_cxcy=76.4,119.5 scan=0:-30.1,10:-25.8,20:-21.2,30:-16.2,40:-11.0,50:-5.7,60:-0.2,70:5.2,80:10.6,90:15.7,100:20.6,110:25.2,120:29.5,130:33.4,140:37.0
ATGSeedDiag: seed=1@36,108/1@155,100 begin=7,108 block=5 clip=8
ATGLptDiag: best=2(19.1) imip=0/12 pass=10111 acc=-1 ipm=62.0,112.9 inv=31.2,95.1 | 7(103.7) imip=0/17 pass=11111 acc=7 ipm=112.1,99.4 inv=120.3,66.4
frame=569 line=1 track=0 cross=0 circle=0(CIRCLE_NONE) round=0 yroad=0 ramp=0 road=3 speed=0 near=13/6 raw=41/73 sel=13/25 far=0/0 far_raw=0/0 l=0@-1/1@6 far_l=0@-1/0@-1 straight=0/0 far_straight=0/0 circle_cnt=0/0/0/0 lost=0/0 conf=16.3/105.1/0.0/0.0 dist=0 begin=0/3339 m0=(84,119) ml=(63,84) md=41/1/52 cxcy=84.0,119.6 guide=19.00 atg=-60.0/-60.0/-60.0 pure=6.85/6.85 yaw=-1520 cmd=-1920 actual=-196 signed=0 rps=6618/1356:5922/4909 duty=16/0 pwm=PWM2:16/PWM1:0 motor=2:16/1:0
CrossDiag: type=CROSS_NONE track=0 half_lr=0/0 nearL=0@-1/1@6 nearNum=13/6 centerNum=13/6 farL=0@-1/0@-1 farNum=0/0 farRaw=0/0 lost=0/0 not_have=0 final=13/25 flags=0/0
LineErr: aim=41 cxcy=84.0,119.6 left=1:17.66@66,85 dx=-18.5 idx=0/6 dist=40/54 right=1:-9.38@93,87 dx=9.2 idx=0/5 dist=24/24 sel=1:20.96@61,83 dx=-23.1 idx=0/20 dist=40/48 edge=0:0.00@-1.0,-1.0 dx=0.0 width=0.0 l=40,103 r=-1,-1
ATGSeedDiag: seed=1@34,107/1@155,101 begin=7,108 block=5 clip=8
ATGLptDiag: best=3(16.3) imip=0/12 pass=10111 acc=-1 ipm=59.2,111.4 inv=27.1,91.1 | 6(105.1) imip=0/16 pass=11111 acc=6 ipm=112.0,101.8 inv=122.6,70.2
frame=570 line=1 track=0 cross=0 circle=0(CIRCLE_NONE) round=0 yroad=0 ramp=0 road=3 speed=0 near=12/6 raw=40/74 sel=12/23 far=0/0 far_raw=0/0 l=0@-1/1@6 far_l=0@-1/0@-1 straight=0/0 far_straight=0/0 circle_cnt=0/0/0/0 lost=0/0 conf=15.0/105.6/0.0/0.0 dist=0 begin=0/3339 m0=(84,119) ml=(62,84) md=41/1/47 cxcy=84.0,119.6 guide=20.21 atg=-60.0/-60.0/-60.0 pure=6.67/6.67 yaw=-1617 cmd=-2017 actual=-311 signed=0 rps=6686/1158:6165/4896 duty=16/0 pwm=PWM2:16/PWM1:0 motor=2:16/1:0
CrossDiag: type=CROSS_NONE track=0 half_lr=0/0 nearL=0@-1/1@6 nearNum=12/6 centerNum=12/6 farL=0@-1/0@-1 farNum=0/0 farRaw=0/0 lost=0/0 not_have=0 final=12/23 flags=0/0
LineErr: aim=41 cxcy=84.0,119.6 left=1:19.46@63,84 dx=-20.6 idx=0/7 dist=41/50 right=1:-9.79@94,87 dx=9.7 idx=0/5 dist=23/23 sel=1:21.63@60,83 dx=-23.7 idx=0/20 dist=40/44 edge=0:0.00@-1.0,-1.0 dx=0.0 width=0.0 l=42,104 r=-1,-1
ATGSeedDiag: seed=1@33,108/1@155,101 begin=7,108 block=5 clip=8
ATGLptDiag: best=3(15.0) imip=0/11 pass=10111 acc=-1 ipm=58.9,111.7 inv=25.9,92.1 | 6(105.6) imip=0/16 pass=11111 acc=6 ipm=112.0,102.0 inv=122.8,70.6
frame=571 line=1 track=0 cross=0 circle=0(CIRCLE_NONE) round=0 yroad=0 ramp=0 road=3 speed=0 near=11/6 raw=38/71 sel=11/22 far=0/0 far_raw=0/0 l=0@-1/1@6 far_l=0@-1/0@-1 straight=0/0 far_straight=0/0 circle_cnt=0/0/0/0 lost=0/0 conf=15.0/107.8/0.0/0.0 dist=0 begin=0/3339 m0=(84,119) ml=(62,84) md=41/1/45 cxcy=84.0,119.6 guide=19.19 atg=-60.0/-60.0/-60.0 pure=6.62/6.62 yaw=-1536 cmd=-1936 actual=-438 signed=0 rps=6629/1324:5999/4686 duty=16/0 pwm=PWM2:16/PWM1:0 motor=2:16/1:0
CrossDiag: type=CROSS_NONE track=0 half_lr=0/0 nearL=0@-1/1@6 nearNum=11/6 centerNum=11/6 farL=0@-1/0@-1 farNum=0/0 farRaw=0/0 lost=0/0 not_have=0 final=11/22 flags=0/0
LineErr: aim=41 cxcy=84.0,119.6 left=1:20.12@63,85 dx=-21.3 idx=0/7 dist=41/47 right=1:-10.09@94,86 dx=10.2 idx=0/5 dist=23/23 sel=1:22.22@60,83 dx=-24.3 idx=0/20 dist=40/42 edge=0:0.00@-1.0,-1.0 dx=0.0 width=0.0 l=43,105 r=-1,-1
ATGSeedDiag: seed=1@32,108/1@155,102 begin=7,108 block=5 clip=8
ATGLptDiag: best=1(15.0) imip=0/10 pass=10111 acc=-1 ipm=61.8,114.6 inv=28.9,100.3 | 6(107.8) imip=0/16 pass=11111 acc=6 ipm=112.0,102.0 inv=122.7,70.6
frame=572 line=1 track=0 cross=0 circle=0(CIRCLE_NONE) round=0 yroad=0 ramp=0 road=3 speed=0 near=11/6 raw=37/70 sel=11/22 far=0/0 far_raw=0/0 l=0@-1/1@6 far_l=0@-1/0@-1 straight=0/0 far_straight=0/0 circle_cnt=0/0/0/0 lost=0/0 conf=13.9/108.6/0.0/0.0 dist=0 begin=0/3339 m0=(84,119) ml=(61,84) md=41/1/45 cxcy=84.0,119.6 guide=20.70 atg=-60.0/-60.0/-60.0 pure=6.77/6.77 yaw=-1656 cmd=-2056 actual=-566 signed=0 rps=6714/1078:6173/4983 duty=16/0 pwm=PWM2:16/PWM1:0 motor=2:16/1:0
CrossDiag: type=CROSS_NONE track=0 half_lr=0/0 nearL=0@-1/1@6 nearNum=11/6 centerNum=11/6 farL=0@-1/0@-1 farNum=0/0 farRaw=0/0 lost=0/0 not_have=0 final=11/22 flags=0/0
LineErr: aim=41 cxcy=84.0,119.6 left=1:19.49@64,86 dx=-20.2 idx=0/6 dist=40/48 right=1:-10.74@95,85 dx=11.0 idx=0/5 dist=23/23 sel=1:22.83@59,84 dx=-24.9 idx=0/20 dist=40/42 edge=0:0.00@-1.0,-1.0 dx=0.0 width=0.0 l=43,105 r=-1,-1
ATGSeedDiag: seed=1@31,108/1@155,103 begin=7,108 block=5 clip=8
ATGLptDiag: best=3(13.9) imip=0/10 pass=10111 acc=-1 ipm=57.6,111.9 inv=23.0,92.5 | 6(108.6) imip=0/15 pass=11111 acc=6 ipm=111.9,102.2 inv=122.9,70.9
frame=573 line=1 track=0 cross=0 circle=0(CIRCLE_NONE) round=0 yroad=0 ramp=0 road=3 speed=0 near=10/6 raw=34/69 sel=10/21 far=0/0 far_raw=0/0 l=0@-1/1@6 far_l=0@-1/0@-1 straight=0/0 far_straight=0/0 circle_cnt=0/0/0/0 lost=0/0 conf=13.3/105.8/0.0/0.0 dist=0 begin=0/3339 m0=(84,119) ml=(61,85) md=40/1/42 cxcy=84.0,119.6 guide=20.36 atg=-60.0/-60.0/-60.0 pure=6.66/6.66 yaw=-1629 cmd=-2029 actual=-686 signed=0 rps=6694/1134:5867/4973 duty=16/0 pwm=PWM2:16/PWM1:0 motor=2:16/1:0
CrossDiag: type=CROSS_NONE track=0 half_lr=0/0 nearL=0@-1/1@6 nearNum=10/6 centerNum=10/6 farL=0@-1/0@-1 farNum=0/0 farRaw=0/0 lost=0/0 not_have=0 final=10/21 flags=0/0
LineErr: aim=41 cxcy=84.0,119.6 left=1:19.94@63,86 dx=-20.7 idx=0/6 dist=40/46 right=1:-10.41@95,86 dx=10.5 idx=0/5 dist=21/21 sel=1:23.30@59,84 dx=-25.3 idx=0/20 dist=40/40 edge=0:0.00@-1.0,-1.0 dx=0.0 width=0.0 l=44,106 r=-1,-1
ATGSeedDiag: seed=1@30,108/1@155,103 begin=7,108 block=5 clip=8
ATGLptDiag: best=1(13.3) imip=0/9 pass=10111 acc=-1 ipm=60.8,114.7 inv=26.5,100.5 | 6(105.8) imip=0/14 pass=11111 acc=6 ipm=112.6,102.4 inv=124.2,71.2
frame=574 line=1 track=0 cross=0 circle=0(CIRCLE_NONE) round=0 yroad=0 ramp=0 road=3 speed=0 near=10/5 raw=31/64 sel=10/22 far=0/0 far_raw=0/0 l=0@-1/1@5 far_l=0@-1/0@-1 straight=0/0 far_straight=0/0 circle_cnt=0/0/0/0 lost=0/0 conf=12.9/105.5/0.0/0.0 dist=0 begin=0/3339 m0=(84,119) ml=(60,85) md=40/1/44 cxcy=84.0,119.6 guide=21.94 atg=-60.0/-60.0/-60.0 pure=7.01/7.01 yaw=-1755 cmd=-2155 actual=-796 signed=0 rps=6783/876:5924/5264 duty=17/0 pwm=PWM2:17/PWM1:0 motor=2:17/1:0
CrossDiag: type=CROSS_NONE track=0 half_lr=0/0 nearL=0@-1/1@5 nearNum=10/5 centerNum=10/5 farL=0@-1/0@-1 farNum=0/0 farRaw=0/0 lost=0/0 not_have=0 final=10/22 flags=0/0
LineErr: aim=41 cxcy=84.0,119.6 left=1:21.25@62,86 dx=-22.3 idx=0/6 dist=41/47 right=1:-11.85@96,87 dx=11.6 idx=0/4 dist=16/16 sel=1:23.92@58,84 dx=-26.0 idx=0/20 dist=40/42 edge=0:0.00@-1.0,-1.0 dx=0.0 width=0.0 l=43,106 r=-1,-1
ATGSeedDiag: seed=1@28,107/1@155,103 begin=7,108 block=5 clip=8
ATGLptDiag: best=1(12.9) imip=0/9 pass=10111 acc=-1 ipm=59.8,114.4 inv=24.6,99.7 | 5(105.5) imip=0/13 pass=11111 acc=5 ipm=112.6,104.6 inv=126.7,75.1
frame=575 line=1 track=0 cross=0 circle=0(CIRCLE_NONE) round=0 yroad=0 ramp=0 road=3 speed=0 near=9/5 raw=31/62 sel=9/21 far=0/0 far_raw=0/0 l=0@-1/1@5 far_l=0@-1/0@-1 straight=0/0 far_straight=0/0 circle_cnt=0/0/0/0 lost=0/0 conf=11.5/106.7/0.0/0.0 dist=0 begin=0/3339 m0=(84,119) ml=(60,85) md=40/1/42 cxcy=84.0,119.6 guide=21.24 atg=-60.0/-60.0/-60.0 pure=6.90/6.90 yaw=-1699 cmd=-2099 actual=-896 signed=0 rps=6744/990:5621/5033 duty=17/0 pwm=PWM2:17/PWM1:0 motor=2:17/1:0
CrossDiag: type=CROSS_NONE track=0 half_lr=0/0 nearL=0@-1/1@5 nearNum=9/5 centerNum=9/5 farL=0@-1/0@-1 farNum=0/0 farRaw=0/0 lost=0/0 not_have=0 final=9/21 flags=0/0
LineErr: aim=41 cxcy=84.0,119.6 left=1:21.08@62,86 dx=-21.9 idx=0/6 dist=40/44 right=1:-11.40@95,88 dx=11.0 idx=0/4 dist=13/13 sel=1:24.20@58,84 dx=-26.2 idx=0/20 dist=40/40 edge=0:0.00@-1.0,-1.0 dx=0.0 width=0.0 l=45,107 r=-1,-1
ATGSeedDiag: seed=1@27,108/1@155,104 begin=7,108 block=5 clip=8
ATGLptDiag: best=7(11.5) imip=0/8 pass=10111 acc=-1 ipm=47.6,108.1 inv=8.4,83.5 | 5(106.7) imip=0/12 pass=11111 acc=5 ipm=112.7,104.5 inv=126.9,75.0
frame=576 line=1 track=0 cross=0 circle=0(CIRCLE_NONE) round=0 yroad=0 ramp=0 road=3 speed=0 near=9/4 raw=30/60 sel=9/21 far=0/0 far_raw=0/0 l=0@-1/1@4 far_l=0@-1/0@-1 straight=0/0 far_straight=0/0 circle_cnt=0/0/0/0 lost=0/0 conf=11.7/101.4/0.0/0.0 dist=0 begin=0/3339 m0=(84,119) ml=(59,85) md=41/1/43 cxcy=84.0,119.6 guide=21.66 atg=-60.0/-60.0/-60.0 pure=7.01/7.01 yaw=-1733 cmd=-2133 actual=-1007 signed=0 rps=6768/922:5893/5156 duty=17/0 pwm=PWM2:17/PWM1:0 motor=2:17/1:0
CrossDiag: type=CROSS_NONE track=0 half_lr=0/0 nearL=0@-1/1@4 nearNum=9/4 centerNum=9/4 farL=0@-1/0@-1 farNum=0/0 farRaw=0/0 lost=0/0 not_have=0 final=9/21 flags=0/0
LineErr: aim=41 cxcy=84.0,119.6 left=1:21.81@61,86 dx=-22.7 idx=0/6 dist=41/45 right=1:-12.97@96,90 dx=12.1 idx=0/3 dist=9/9 sel=1:24.67@57,85 dx=-26.7 idx=0/20 dist=40/40 edge=0:0.00@-1.0,-1.0 dx=0.0 width=0.0 l=45,107 r=-1,-1
ATGSeedDiag: seed=1@26,108/1@155,104 begin=7,108 block=5 clip=8
ATGLptDiag: best=6(11.7) imip=0/8 pass=10111 acc=-1 ipm=49.0,109.0 inv=9.7,85.4 | 4(101.4) imip=0/11 pass=11111 acc=4 ipm=113.2,107.0 inv=130.9,79.9
frame=577 line=1 track=0 cross=0 circle=0(CIRCLE_NONE) round=0 yroad=0 ramp=0 road=3 speed=0 near=8/4 raw=28/57 sel=8/20 far=0/0 far_raw=0/0 l=0@-1/1@4 far_l=0@-1/0@-1 straight=0/0 far_straight=0/0 circle_cnt=0/0/0/0 lost=0/0 conf=10.1/104.0/0.0/0.0 dist=0 begin=0/3339 m0=(84,119) ml=(59,86) md=40/0/40 cxcy=84.0,119.6 guide=21.50 atg=-60.0/-60.0/-60.0 pure=6.91/6.91 yaw=-1720 cmd=-2120 actual=-1103 signed=0 rps=6759/948:6135/5233 duty=16/0 pwm=PWM2:16/PWM1:0 motor=2:16/1:0
CrossDiag: type=CROSS_NONE track=0 half_lr=0/0 nearL=0@-1/1@4 nearNum=8/4 centerNum=8/4 farL=0@-1/0@-1 farNum=0/0 farRaw=0/0 lost=0/0 not_have=0 final=8/20 flags=0/0
LineErr: aim=41 cxcy=84.0,119.6 left=1:22.26@61,86 dx=-23.1 idx=0/6 dist=41/43 right=1:-12.73@96,90 dx=11.9 idx=0/3 dist=6/6 sel=1:23.56@59,86 dx=-24.9 idx=0/19 dist=38/38 edge=0:0.00@-1.0,-1.0 dx=0.0 width=0.0 l=46,108 r=-1,-1
ATGSeedDiag: seed=1@25,108/1@155,104 begin=7,108 block=5 clip=8
ATGLptDiag: best=1(10.1) imip=0/7 pass=10111 acc=-1 ipm=58.7,114.7 inv=21.5,100.8 | 4(104.0) imip=0/10 pass=11111 acc=4 ipm=113.3,106.9 inv=131.1,79.7
frame=578 line=1 track=0 cross=0 circle=0(CIRCLE_NONE) round=0 yroad=0 ramp=0 road=3 speed=0 near=8/4 raw=27/53 sel=8/20 far=0/0 far_raw=0/0 l=0@-1/1@4 far_l=0@-1/0@-1 straight=0/0 far_straight=0/0 circle_cnt=0/0/0/0 lost=0/0 conf=10.3/103.3/0.0/0.0 dist=0 begin=0/3339 m0=(84,119) ml=(59,86) md=39/0/39 cxcy=84.0,119.6 guide=21.76 atg=-60.0/-60.0/-60.0 pure=7.00/7.00 yaw=-1741 cmd=-2141 actual=-1179 signed=0 rps=6774/905:6092/4977 duty=16/0 pwm=PWM2:16/PWM1:0 motor=2:16/1:0
CrossDiag: type=CROSS_NONE track=0 half_lr=0/0 nearL=0@-1/1@4 nearNum=8/4 centerNum=8/4 farL=0@-1/0@-1 farNum=0/0 farRaw=0/0 lost=0/0 not_have=0 final=8/20 flags=0/0
LineErr: aim=41 cxcy=84.0,119.6 left=1:22.88@60,86 dx=-23.8 idx=0/6 dist=41/43 right=1:-12.01@95,91 dx=10.9 idx=0/3 dist=6/6 sel=1:23.92@59,86 dx=-25.3 idx=0/19 dist=38/38 edge=0:0.00@-1.0,-1.0 dx=0.0 width=0.0 l=46,109 r=-1,-1
ATGSeedDiag: seed=1@24,108/1@155,105 begin=7,108 block=5 clip=8
ATGLptDiag: best=1(10.3) imip=0/7 pass=10111 acc=-1 ipm=58.2,114.8 inv=20.5,100.8 | 4(103.3) imip=0/9 pass=11111 acc=4 ipm=113.6,107.2 inv=131.9,80.3
frame=579 line=1 track=0 cross=0 circle=0(CIRCLE_NONE) round=0 yroad=0 ramp=0 road=3 speed=0 near=7/3 raw=25/48 sel=7/19 far=0/0 far_raw=0/0 l=0@-1/1@3 far_l=0@-1/0@-1 straight=0/0 far_straight=0/0 circle_cnt=0/0/0/0 lost=0/0 conf=8.2/99.3/0.0/0.0 dist=0 begin=0/3339 m0=(84,119) ml=(61,87) md=37/0/37 cxcy=84.0,119.6 guide=21.04 atg=-60.0/-60.0/-60.0 pure=6.86/6.86 yaw=-1683 cmd=-2083 actual=-1242 signed=0 rps=6733/1023:6479/5021 duty=16/0 pwm=PWM2:16/PWM1:0 motor=2:16/1:0
CrossDiag: type=CROSS_NONE track=0 half_lr=0/0 nearL=0@-1/1@3 nearNum=7/3 centerNum=7/3 farL=0@-1/0@-1 farNum=0/0 farRaw=0/0 lost=0/0 not_have=0 final=7/19 flags=0/0
LineErr: aim=41 cxcy=84.0,119.6 left=1:22.06@61,87 dx=-22.5 idx=0/5 dist=40/42 right=1:-13.53@96,93 dx=11.9 idx=0/2 dist=4/4 sel=1:22.74@61,87 dx=-23.5 idx=0/18 dist=36/36 edge=0:0.00@-1.0,-1.0 dx=0.0 width=0.0 l=47,109 r=-1,-1
ATGSeedDiag: seed=1@23,107/1@155,105 begin=7,108 block=5 clip=8
ATGLptDiag: best=5(8.2) imip=0/6 pass=10111 acc=-1 ipm=49.3,110.2 inv=8.4,88.3 | 3(99.3) imip=0/8 pass=11111 acc=3 ipm=113.8,109.4 inv=135.7,85.1
frame=580 line=1 track=0 cross=0 circle=0(CIRCLE_NONE) round=0 yroad=0 ramp=0 road=3 speed=0 near=7/3 raw=25/44 sel=7/19 far=0/0 far_raw=0/0 l=0@-1/1@3 far_l=0@-1/0@-1 straight=0/0 far_straight=0/0 circle_cnt=0/0/0/0 lost=0/0 conf=8.2/100.9/0.0/0.0 dist=0 begin=0/3339 m0=(84,119) ml=(60,87) md=38/0/38 cxcy=84.0,119.6 guide=21.64 atg=-60.0/-60.0/-60.0 pure=6.94/6.94 yaw=-1731 cmd=-2131 actual=-1299 signed=0 rps=6767/925:6346/4627 duty=16/0 pwm=PWM2:16/PWM1:0 motor=2:16/1:0
CrossDiag: type=CROSS_NONE track=0 half_lr=0/0 nearL=0@-1/1@3 nearNum=7/3 centerNum=7/3 farL=0@-1/0@-1 farNum=0/0 farRaw=0/0 lost=0/0 not_have=0 final=7/19 flags=0/0
LineErr: aim=41 cxcy=84.0,119.6 left=1:23.69@59,87 dx=-24.7 idx=0/6 dist=41/41 right=1:-13.35@96,93 dx=11.7 idx=0/2 dist=4/4 sel=1:23.00@60,87 dx=-23.7 idx=0/18 dist=36/36 edge=0:0.00@-1.0,-1.0 dx=0.0 width=0.0 l=47,110 r=-1,-1
ATGSeedDiag: seed=1@23,108/1@155,105 begin=7,108 block=5 clip=8
ATGLptDiag: best=4(8.2) imip=0/6 pass=10111 acc=-1 ipm=51.6,111.4 inv=11.1,91.5 | 3(100.9) imip=0/7 pass=11111 acc=3 ipm=114.2,109.3 inv=136.3,85.0
frame=581 line=1 track=0 cross=0 circle=0(CIRCLE_NONE) round=0 yroad=0 ramp=0 road=3 speed=0 near=7/7 raw=24/40 sel=7/19 far=0/0 far_raw=0/0 l=0@-1/1@3 far_l=0@-1/0@-1 straight=0/0 far_straight=0/0 circle_cnt=0/0/0/0 lost=0/0 conf=9.0/94.8/0.0/0.0 dist=0 begin=0/3339 m0=(84,119) ml=(60,87) md=38/0/38 cxcy=84.0,119.6 guide=21.94 atg=-60.0/-60.0/-60.0 pure=7.02/7.02 yaw=-1756 cmd=-2156 actual=-1356 signed=0 rps=6784/875:6713/4602 duty=16/0 pwm=PWM2:16/PWM1:0 motor=2:16/1:0
CrossDiag: type=CROSS_NONE track=0 half_lr=0/0 nearL=0@-1/1@3 nearNum=7/7 centerNum=7/7 farL=0@-1/0@-1 farNum=0/0 farRaw=0/0 lost=0/0 not_have=0 final=7/19 flags=0/0
LineErr: aim=41 cxcy=84.0,119.6 left=1:22.69@61,87 dx=-23.1 idx=0/5 dist=40/42 right=1:-20.95@104,91 dx=19.7 idx=0/6 dist=12/12 sel=1:23.31@60,87 dx=-24.0 idx=0/18 dist=36/36 edge=1:-0.82@84.5,109.5 dx=0.5 width=75.0 l=47,110 r=122,109
CxScan: raw_ref=80.0 edge=84.5,109.5 best_raw_x=80 best_err=-0.82 best_cxcy=84.0,119.6 scan=0:-43.4,10:-39.6,20:-35.4,30:-30.7,40:-25.5,50:-19.9,60:-13.8,70:-7.4,80:-0.8,90:5.8,100:12.2,110:18.3,120:24.0,130:29.2,140:33.9
ATGSeedDiag: seed=1@22,108/1@155,106 begin=7,108 block=5 clip=8
ATGLptDiag: best=4(9.0) imip=0/6 pass=10111 acc=-1 ipm=51.1,111.5 inv=10.1,91.5 | 3(94.8) imip=0/6 pass=11111 acc=3 ipm=115.5,109.4 inv=139.0,85.2
frame=582 line=1 track=0 cross=0 circle=0(CIRCLE_NONE) round=0 yroad=0 ramp=0 road=3 speed=0 near=7/6 raw=23/36 sel=7/19 far=0/0 far_raw=0/0 l=0@-1/1@2 far_l=0@-1/0@-1 straight=0/0 far_straight=0/0 circle_cnt=0/0/0/0 lost=0/0 conf=9.1/92.1/0.0/0.0 dist=0 begin=0/3339 m0=(84,119) ml=(60,87) md=38/0/38 cxcy=84.0,119.6 guide=21.94 atg=-60.0/-60.0/-60.0 pure=7.11/7.11 yaw=-1756 cmd=-2156 actual=-1422 signed=0 rps=6784/875:6774/4651 duty=16/0 pwm=PWM2:16/PWM1:0 motor=2:16/1:0
CrossDiag: type=CROSS_NONE track=0 half_lr=0/0 nearL=0@-1/1@2 nearNum=7/6 centerNum=7/6 farL=0@-1/0@-1 farNum=0/0 farRaw=0/0 lost=0/0 not_have=0 final=7/19 flags=0/0
LineErr: aim=41 cxcy=84.0,119.6 left=1:23.29@60,87 dx=-23.8 idx=0/5 dist=40/42 right=1:-20.55@103,92 dx=19.0 idx=0/5 dist=10/10 sel=1:23.63@60,87 dx=-24.3 idx=0/18 dist=36/36 edge=1:0.93@83.5,110.5 dx=-0.5 width=75.0 l=46,110 r=121,111
CxScan: raw_ref=80.0 edge=83.5,110.5 best_raw_x=80 best_err=0.93 best_cxcy=84.0,119.6 scan=0:-43.3,10:-39.4,20:-35.1,30:-30.2,40:-24.8,50:-18.9,60:-12.5,70:-5.9,80:0.9,90:7.7,100:14.2,110:20.4,120:26.1,130:31.3,140:35.9
ATGSeedDiag: seed=1@21,108/1@155,106 begin=7,108 block=5 clip=8
ATGLptDiag: best=4(9.1) imip=0/6 pass=10111 acc=-1 ipm=50.7,111.5 inv=9.0,91.7 | 2(92.1) imip=0/5 pass=11111 acc=2 ipm=114.8,111.8 inv=141.8,91.1
frame=583 line=1 track=0 cross=0 circle=0(CIRCLE_NONE) round=0 yroad=0 ramp=0 road=3 speed=0 near=6/6 raw=22/33 sel=6/18 far=0/0 far_raw=0/0 l=0@-1/1@2 far_l=0@-1/0@-1 straight=0/0 far_straight=0/0 circle_cnt=0/0/0/0 lost=0/0 conf=8.6/93.8/0.0/0.0 dist=0 begin=0/3339 m0=(84,119) ml=(62,88) md=36/0/36 cxcy=84.0,119.6 guide=21.21 atg=-60.0/-60.0/-60.0 pure=6.93/6.93 yaw=-1697 cmd=-2097 actual=-1482 signed=0 rps=6743/994:6303/4482 duty=16/0 pwm=PWM2:16/PWM1:0 motor=2:16/1:0
CrossDiag: type=CROSS_NONE track=0 half_lr=0/0 nearL=0@-1/1@2 nearNum=6/6 centerNum=6/6 farL=0@-1/0@-1 farNum=0/0 farRaw=0/0 lost=0/0 not_have=0 final=6/18 flags=0/0
LineErr: aim=41 cxcy=84.0,119.6 left=1:23.37@60,88 dx=-23.8 idx=0/5 dist=40/40 right=1:-22.26@105,91 dx=21.1 idx=0/5 dist=10/10 sel=1:22.28@62,88 dx=-22.3 idx=0/17 dist=34/34 edge=1:-1.76@85.0,111.0 dx=1.0 width=74.0 l=48,111 r=122,111
CxScan: raw_ref=80.0 edge=85.0,111.0 best_raw_x=85 best_err=1.70 best_cxcy=85.9,119.6 scan=0:-45.2,10:-41.4,20:-37.2,30:-32.5,40:-27.3,50:-21.5,60:-15.3,70:-8.6,80:-1.8,90:5.1,100:11.9,110:18.3,120:24.2,130:29.7,140:34.6
ATGSeedDiag: seed=1@20,108/1@155,107 begin=7,108 block=5 clip=8
ATGLptDiag: best=3(8.6) imip=0/5 pass=10111 acc=-1 ipm=52.3,112.5 inv=11.0,94.4 | 2(93.8) imip=0/5 pass=11111 acc=2 ipm=114.8,112.0 inv=142.1,91.5
frame=584 line=1 track=0 cross=0 circle=0(CIRCLE_NONE) round=0 yroad=0 ramp=0 road=3 speed=0 near=6/5 raw=21/27 sel=6/18 far=0/0 far_raw=0/0 l=0@-1/1@1 far_l=0@-1/0@-1 straight=0/0 far_straight=0/0 circle_cnt=0/0/0/0 lost=0/0 conf=9.4/86.3/0.0/0.0 dist=0 begin=0/3339 m0=(84,119) ml=(61,88) md=37/0/37 cxcy=84.0,119.6 guide=21.67 atg=-60.0/-60.0/-60.0 pure=7.00/7.00 yaw=-1734 cmd=-2127 actual=-1537 signed=0 rps=6759/929:6325/4804 duty=16/0 pwm=PWM2:16/PWM1:0 motor=2:16/1:0
CrossDiag: type=CROSS_NONE track=0 half_lr=0/0 nearL=0@-1/1@1 nearNum=6/5 centerNum=6/5 farL=0@-1/0@-1 farNum=0/0 farRaw=0/0 lost=0/0 not_have=0 final=6/18 flags=0/0
LineErr: aim=41 cxcy=84.0,119.6 left=1:23.97@60,88 dx=-24.5 idx=0/5 dist=40/40 right=1:-22.76@106,92 dx=21.5 idx=0/4 dist=8/8 sel=1:22.54@61,88 dx=-22.6 idx=0/17 dist=34/34 edge=1:-0.88@84.5,112.0 dx=0.5 width=73.0 l=48,111 r=121,113
CxScan: raw_ref=80.0 edge=84.5,112.0 best_raw_x=80 best_err=-0.88 best_cxcy=84.0,119.6 scan=0:-45.6,10:-41.8,20:-37.6,30:-32.7,40:-27.3,50:-21.3,60:-14.9,70:-8.0,80:-0.9,90:6.2,100:13.1,110:19.7,120:25.7,130:31.1,140:36.0
ATGSeedDiag: seed=1@19,108/1@155,107 begin=7,108 block=5 clip=8
ATGLptDiag: best=3(9.4) imip=0/5 pass=10111 acc=-1 ipm=51.9,112.5 inv=10.0,94.4 | 1(86.3) imip=0/4 pass=11111 acc=1 ipm=114.9,114.3 inv=147.1,98.1
frame=585 line=1 track=0 cross=0 circle=0(CIRCLE_NONE) round=0 yroad=0 ramp=0 road=3 speed=0 near=6/4 raw=20/23 sel=6/18 far=0/0 far_raw=0/0 l=0@-1/1@1 far_l=0@-1/0@-1 straight=0/0 far_straight=0/0 circle_cnt=0/0/0/0 lost=0/0 conf=8.7/80.7/0.0/0.0 dist=0 begin=0/3339 m0=(84,119) ml=(61,88) md=37/0/37 cxcy=84.0,119.6 guide=21.39 atg=-60.0/-60.0/-60.0 pure=7.07/7.07 yaw=-1712 cmd=-1934 actual=-1600 signed=0 rps=6509/1209:5997/4762 duty=16/0 pwm=PWM2:16/PWM1:0 motor=2:16/1:0
CrossDiag: type=CROSS_NONE track=0 half_lr=0/0 nearL=0@-1/1@1 nearNum=6/4 centerNum=6/4 farL=0@-1/0@-1 farNum=0/0 farRaw=0/0 lost=0/0 not_have=0 final=6/18 flags=0/0
LineErr: aim=41 cxcy=84.0,119.6 left=1:24.29@59,88 dx=-24.9 idx=0/5 dist=40/40 right=1:-21.57@104,93 dx=19.8 idx=0/3 dist=6/6 sel=1:22.77@61,88 dx=-22.8 idx=0/17 dist=34/34 edge=1:0.98@83.5,112.0 dx=-0.5 width=73.0 l=47,111 r=120,113
CxScan: raw_ref=80.0 edge=83.5,112.0 best_raw_x=80 best_err=0.98 best_cxcy=84.0,119.6 scan=0:-44.7,10:-40.8,20:-36.4,30:-31.4,40:-25.8,50:-19.7,60:-13.1,70:-6.1,80:1.0,90:8.1,100:14.9,110:21.3,120:27.2,130:32.5,140:37.2
ATGSeedDiag: seed=1@18,108/1@155,108 begin=7,108 block=5 clip=8
ATGLptDiag: best=2(8.7) imip=0/5 pass=10111 acc=-1 ipm=53.6,113.6 inv=11.9,97.5 | 1(80.7) imip=0/3 pass=11111 acc=1 ipm=115.3,114.3 inv=147.8,97.9
frame=586 line=1 track=0 cross=0 circle=0(CIRCLE_NONE) round=0 yroad=0 ramp=0 road=3 speed=0 near=5/3 raw=19/18 sel=5/17 far=0/0 far_raw=0/0 l=0@-1/1@1 far_l=0@-1/0@-1 straight=0/0 far_straight=0/0 circle_cnt=0/0/0/0 lost=0/0 conf=6.6/0.0/0.0/0.0 dist=0 begin=0/3339 m0=(84,119) ml=(63,90) md=34/0/34 cxcy=84.0,119.6 guide=21.76 atg=-60.0/-57.0/-57.0 pure=6.88/6.88 yaw=-1741 cmd=-1904 actual=-1659 signed=0 rps=6449/1230:6279/5021 duty=15/0 pwm=PWM2:15/PWM1:0 motor=2:15/1:0
CrossDiag: type=CROSS_NONE track=0 half_lr=0/0 nearL=0@-1/1@1 nearNum=5/3 centerNum=5/3 farL=0@-1/0@-1 farNum=0/0 farRaw=0/0 lost=0/0 not_have=0 final=5/17 flags=0/0
LineErr: aim=41 cxcy=84.0,119.6 left=1:22.86@61,89 dx=-22.8 idx=0/4 dist=38/38 right=1:-19.68@101,94 dx=17.3 idx=0/2 dist=4/4 sel=1:21.40@63,90 dx=-20.8 idx=0/16 dist=32/32 edge=1:1.01@83.5,113.0 dx=-0.5 width=69.0 l=49,112 r=118,114
CxScan: raw_ref=80.0 edge=83.5,113.0 best_raw_x=80 best_err=1.01 best_cxcy=84.0,119.6 scan=0:-45.7,10:-41.7,20:-37.3,30:-32.2,40:-26.6,50:-20.3,60:-13.5,70:-6.4,80:1.0,90:8.3,100:15.4,110:21.9,120:27.9,130:33.3,140:38.1
ATGSeedDiag: seed=1@18,108/1@155,108 begin=7,108 block=5 clip=8
ATGLptDiag: best=2(6.6) imip=0/4 pass=10111 acc=-1 ipm=53.4,113.7 inv=11.3,97.9 | 1(62.7) imip=0/2 pass=11111 acc=1 ipm=115.9,114.7 inv=149.9,99.1
frame=587 line=1 track=0 cross=0 circle=0(CIRCLE_NONE) round=0 yroad=0 ramp=0 road=3 speed=0 near=5/2 raw=18/13 sel=5/18 far=0/0 far_raw=0/0 l=0@-1/0@-1 far_l=0@-1/0@-1 straight=0/0 far_straight=0/0 circle_cnt=0/0/0/0 lost=0/0 conf=7.4/0.0/0.0/0.0 dist=0 begin=0/3339 m0=(84,119) ml=(61,89) md=36/0/36 cxcy=84.0,119.6 guide=22.50 atg=-60.0/-60.0/-60.0 pure=7.20/7.20 yaw=-1800 cmd=-1989 actual=-1706 signed=0 rps=6526/1074:6232/4830 duty=15/0 pwm=PWM2:15/PWM1:0 motor=2:15/1:0
CrossDiag: type=CROSS_NONE track=0 half_lr=0/0 nearL=0@-1/0@-1 nearNum=5/2 centerNum=5/2 farL=0@-1/0@-1 farNum=0/0 farRaw=0/0 lost=0/0 not_have=0 final=5/18 flags=0/0
LineErr: aim=41 cxcy=84.0,119.6 left=1:23.30@61,89 dx=-23.3 idx=0/4 dist=39/39 right=1:-19.89@101,95 dx=17.4 idx=0/1 dist=2/2 sel=1:23.19@61,89 dx=-23.1 idx=0/17 dist=34/34 edge=1:1.03@83.5,113.5 dx=-0.5 width=69.1 l=49,112 r=118,115
CxScan: raw_ref=80.0 edge=83.5,113.5 best_raw_x=80 best_err=1.03 best_cxcy=84.0,119.6 scan=0:-46.1,10:-42.2,20:-37.7,30:-32.7,40:-27.0,50:-20.6,60:-13.8,70:-6.5,80:1.0,90:8.5,100:15.6,110:22.3,120:28.3,130:33.8,140:38.6
ATGSeedDiag: seed=1@17,108/1@155,108 begin=7,108 block=5 clip=8
ATGLptDiag: best=1(7.4) imip=0/4 pass=10111 acc=-1 ipm=55.1,114.9 inv=13.1,101.3 | -1(-57295.8) imip=-1/-1 pass=00000 acc=-1 ipm=-1.0,-1.0 inv=-1.0,-1.0
frame=588 line=1 track=0 cross=0 circle=0(CIRCLE_NONE) round=0 yroad=0 ramp=0 road=3 speed=0 near=5/1 raw=17/4 sel=5/18 far=0/0 far_raw=0/0 l=0@-1/0@-1 far_l=0@-1/0@-1 straight=0/0 far_straight=0/0 circle_cnt=0/0/0/0 lost=0/0 conf=9.2/0.0/0.0/0.0 dist=0 begin=0/3339 m0=(84,119) ml=(61,89) md=36/0/36 cxcy=84.0,119.6 guide=22.50 atg=-60.0/-60.0/-60.0 pure=7.26/7.26 yaw=-1800 cmd=-1918 actual=-1741 signed=0 rps=6429/1171:6732/5024 duty=14/0 pwm=PWM2:14/PWM1:0 motor=2:14/1:0
CrossDiag: type=CROSS_NONE track=0 half_lr=0/0 nearL=0@-1/0@-1 nearNum=5/1 centerNum=5/1 farL=0@-1/0@-1 farNum=0/0 farRaw=0/0 lost=0/0 not_have=0 final=5/18 flags=0/0
LineErr: aim=41 cxcy=84.0,119.6 left=1:23.69@60,89 dx=-23.7 idx=0/4 dist=39/39 right=0:0.00@-1,-1 dx=0.0 idx=-1/-1 dist=-1/-1 sel=1:23.42@61,89 dx=-23.3 idx=0/17 dist=34/34 edge=0:0.00@-1.0,-1.0 dx=0.0 width=0.0 l=48,112 r=-1,-1
ATGSeedDiag: seed=1@16,108/1@155,106 begin=7,108 block=5 clip=8
ATGLptDiag: best=1(9.2) imip=0/4 pass=10111 acc=-1 ipm=54.8,114.8 inv=12.5,101.1 | -1(-57295.8) imip=-1/-1 pass=00000 acc=-1 ipm=-1.0,-1.0 inv=-1.0,-1.0
frame=589 line=1 track=0 cross=0 circle=0(CIRCLE_NONE) round=0 yroad=0 ramp=0 road=3 speed=0 near=5/0 raw=17/0 sel=5/18 far=0/0 far_raw=0/0 l=0@-1/0@-1 far_l=0@-1/0@-1 straight=0/0 far_straight=0/0 circle_cnt=0/0/0/0 lost=0/0 conf=6.2/0.0/0.0/0.0 dist=0 begin=0/3339 m0=(84,119) ml=(60,89) md=37/0/37 cxcy=84.0,119.6 guide=22.96 atg=-60.0/-60.0/-60.0 pure=7.31/7.31 yaw=-1837 cmd=-1968 actual=-1771 signed=0 rps=6472/1079:6967/5060 duty=14/0 pwm=PWM2:14/PWM1:0 motor=2:14/1:0
CrossDiag: type=CROSS_NONE track=0 half_lr=0/0 nearL=0@-1/0@-1 nearNum=5/0 centerNum=5/0 farL=0@-1/0@-1 farNum=0/0 farRaw=0/0 lost=0/0 not_have=0 final=5/18 flags=0/0
LineErr: aim=41 cxcy=84.0,119.6 left=1:24.08@60,89 dx=-24.2 idx=0/4 dist=39/39 right=0:0.00@-1,-1 dx=0.0 idx=-1/-1 dist=-1/-1 sel=1:23.60@60,89 dx=-23.5 idx=0/17 dist=34/34 edge=0:0.00@-1.0,-1.0 dx=0.0 width=0.0 l=48,112 r=-1,-1
ATGSeedDiag: seed=1@16,108/0@-1,-1 begin=7,108 block=5 clip=8
ATGLptDiag: best=1(6.2) imip=0/4 pass=10111 acc=-1 ipm=54.6,114.9 inv=12.0,101.5 | -1(-57295.8) imip=-1/-1 pass=00000 acc=-1 ipm=-1.0,-1.0 inv=-1.0,-1.0
frame=590 line=1 track=0 cross=0 circle=0(CIRCLE_NONE) round=0 yroad=0 ramp=0 road=3 speed=0 near=4/0 raw=13/0 sel=4/17 far=0/0 far_raw=0/0 l=0@-1/0@-1 far_l=0@-1/0@-1 straight=0/0 far_straight=0/0 circle_cnt=0/0/0/0 lost=0/0 conf=2.7/0.0/0.0/0.0 dist=0 begin=0/3339 m0=(84,119) ml=(62,90) md=35/0/35 cxcy=84.0,119.6 guide=21.95 atg=-60.0/-60.0/-60.0 pure=7.19/7.19 yaw=-1756 cmd=-1702 actual=-1783 signed=0 rps=6162/1496:6698/4795 duty=13/0 pwm=PWM2:13/PWM1:0 motor=2:13/1:0
CrossDiag: type=CROSS_NONE track=0 half_lr=0/0 nearL=0@-1/0@-1 nearNum=4/0 centerNum=4/0 farL=0@-1/0@-1 farNum=0/0 farRaw=0/0 lost=0/0 not_have=0 final=4/17 flags=0/0
LineErr: aim=41 cxcy=84.0,119.6 left=1:23.53@61,89 dx=-23.3 idx=0/3 dist=38/38 right=0:0.00@-1,-1 dx=0.0 idx=-1/-1 dist=-1/-1 sel=1:22.47@62,90 dx=-21.8 idx=0/16 dist=32/32 edge=0:0.00@-1.0,-1.0 dx=0.0 width=0.0 l=49,113 r=-1,-1
ATGSeedDiag: seed=1@14,107/0@-1,-1 begin=7,108 block=5 clip=8
ATGLptDiag: best=1(2.7) imip=0/3 pass=10111 acc=-1 ipm=53.5,114.7 inv=9.9,100.9 | -1(-57295.8) imip=-1/-1 pass=00000 acc=-1 ipm=-1.0,-1.0 inv=-1.0,-1.0
frame=591 line=1 track=0 cross=0 circle=0(CIRCLE_NONE) round=0 yroad=0 ramp=0 road=3 speed=0 near=4/0 raw=13/0 sel=4/17 far=0/0 far_raw=0/0 l=0@-1/0@-1 far_l=0@-1/0@-1 straight=0/0 far_straight=0/0 circle_cnt=0/0/0/0 lost=0/0 conf=0.0/0.0/0.0/0.0 dist=0 begin=0/3339 m0=(84,119) ml=(62,90) md=35/0/35 cxcy=84.0,119.6 guide=21.95 atg=-60.0/-60.0/-60.0 pure=7.25/7.25 yaw=-1756 cmd=-1666 actual=-1801 signed=0 rps=6113/1546:6843/4900 duty=13/0 pwm=PWM2:13/PWM1:0 motor=2:13/1:0
CrossDiag: type=CROSS_NONE track=0 half_lr=0/0 nearL=0@-1/0@-1 nearNum=4/0 centerNum=4/0 farL=0@-1/0@-1 farNum=0/0 farRaw=0/0 lost=0/0 not_have=0 final=4/17 flags=0/0
LineErr: aim=41 cxcy=84.0,119.6 left=1:23.61@61,90 dx=-23.3 idx=0/3 dist=38/38 right=0:0.00@-1,-1 dx=0.0 idx=-1/-1 dist=-1/-1 sel=1:22.66@62,90 dx=-22.0 idx=0/16 dist=32/32 edge=0:0.00@-1.0,-1.0 dx=0.0 width=0.0 l=50,113 r=-1,-1
ATGSeedDiag: seed=1@14,108/0@-1,-1 begin=7,108 block=5 clip=8
ATGLptDiag: best=1(0.0) imip=0/3 pass=10111 acc=-1 ipm=54.0,115.1 inv=10.2,102.2 | -1(-57295.8) imip=-1/-1 pass=00000 acc=-1 ipm=-1.0,-1.0 inv=-1.0,-1.0
frame=592 line=1 track=0 cross=0 circle=0(CIRCLE_NONE) round=0 yroad=0 ramp=0 road=3 speed=0 near=4/0 raw=14/0 sel=4/17 far=0/0 far_raw=0/0 l=0@-1/0@-1 far_l=0@-1/0@-1 straight=0/0 far_straight=0/0 circle_cnt=0/0/0/0 lost=0/0 conf=2.2/0.0/0.0/0.0 dist=0 begin=0/3339 m0=(84,119) ml=(62,90) md=35/0/35 cxcy=84.0,119.6 guide=21.95 atg=-60.0/-60.0/-60.0 pure=7.25/7.25 yaw=-1756 cmd=-1668 actual=-1800 signed=0 rps=6115/1543:6365/4566 duty=14/0 pwm=PWM2:14/PWM1:0 motor=2:14/1:0
CrossDiag: type=CROSS_NONE track=0 half_lr=0/0 nearL=0@-1/0@-1 nearNum=4/0 centerNum=4/0 farL=0@-1/0@-1 farNum=0/0 farRaw=0/0 lost=0/0 not_have=0 final=4/17 flags=0/0
LineErr: aim=41 cxcy=84.0,119.6 left=1:23.23@61,90 dx=-22.7 idx=0/3 dist=37/37 right=0:0.00@-1,-1 dx=0.0 idx=-1/-1 dist=-1/-1 sel=1:22.66@62,90 dx=-22.0 idx=0/16 dist=32/32 edge=0:0.00@-1.0,-1.0 dx=0.0 width=0.0 l=50,113 r=-1,-1
ATGSeedDiag: seed=1@14,108/0@-1,-1 begin=7,108 block=5 clip=8
ATGLptDiag: best=2(2.2) imip=0/3 pass=10111 acc=-1 ipm=51.7,114.1 inv=6.9,98.9 | -1(-57295.8) imip=-1/-1 pass=00000 acc=-1 ipm=-1.0,-1.0 inv=-1.0,-1.0
frame=594 line=1 track=0 cross=0 circle=0(CIRCLE_NONE) round=0 yroad=0 ramp=0 road=3 speed=0 near=3/0 raw=11/0 sel=3/16 far=0/0 far_raw=0/0 l=0@-1/0@-1 far_l=0@-1/0@-1 straight=0/0 far_straight=0/0 circle_cnt=0/0/0/0 lost=0/0 conf=3.0/0.0/0.0/0.0 dist=0 begin=0/3339 m0=(84,119) ml=(64,91) md=33/0/33 cxcy=84.0,119.6 guide=21.19 atg=-60.0/-57.0/-57.0 pure=7.13/7.13 yaw=-1695 cmd=-1503 actual=-1791 signed=0 rps=5930/1811:6314/4613 duty=13/1 pwm=PWM2:13/PWM1:1 motor=2:13/1:1
CrossDiag: type=CROSS_NONE track=0 half_lr=0/0 nearL=0@-1/0@-1 nearNum=3/0 centerNum=3/0 farL=0@-1/0@-1 farNum=0/0 farRaw=0/0 lost=0/0 not_have=0 final=3/16 flags=0/0
LineErr: aim=41 cxcy=84.0,119.6 left=1:22.61@62,91 dx=-21.7 idx=0/2 dist=36/36 right=0:0.00@-1,-1 dx=0.0 idx=-1/-1 dist=-1/-1 sel=1:21.50@64,91 dx=-20.3 idx=0/15 dist=30/30 edge=0:0.00@-1.0,-1.0 dx=0.0 width=0.0 l=51,114 r=-1,-1
ATGSeedDiag: seed=1@12,108/0@-1,-1 begin=7,108 block=5 clip=8
ATGLptDiag: best=1(3.0) imip=0/2 pass=10111 acc=-1 ipm=52.8,115.0 inv=7.8,101.8 | -1(-57295.8) imip=-1/-1 pass=00000 acc=-1 ipm=-1.0,-1.0 inv=-1.0,-1.0
frame=595 line=1 track=0 cross=0 circle=0(CIRCLE_NONE) round=0 yroad=0 ramp=0 road=3 speed=0 near=3/0 raw=11/0 sel=3/16 far=0/0 far_raw=0/0 l=0@-1/0@-1 far_l=0@-1/0@-1 straight=0/0 far_straight=0/0 circle_cnt=0/0/0/0 lost=0/0 conf=1.1/0.0/0.0/0.0 dist=0 begin=0/3339 m0=(84,119) ml=(64,91) md=33/0/33 cxcy=84.0,119.6 guide=21.19 atg=-60.0/-57.0/-57.0 pure=7.15/7.15 yaw=-1695 cmd=-1496 actual=-1794 signed=0 rps=5921/1820:6127/4477 duty=13/2 pwm=PWM2:13/PWM1:2 motor=2:13/1:2
CrossDiag: type=CROSS_NONE track=0 half_lr=0/0 nearL=0@-1/0@-1 nearNum=3/0 centerNum=3/0 farL=0@-1/0@-1 farNum=0/0 farRaw=0/0 lost=0/0 not_have=0 final=3/16 flags=0/0
LineErr: aim=41 cxcy=84.0,119.6 left=1:22.58@62,91 dx=-21.6 idx=0/2 dist=36/36 right=0:0.00@-1,-1 dx=0.0 idx=-1/-1 dist=-1/-1 sel=1:21.59@64,91 dx=-20.3 idx=0/15 dist=30/30 edge=0:0.00@-1.0,-1.0 dx=0.0 width=0.0 l=51,114 r=-1,-1
ATGSeedDiag: seed=1@12,108/0@-1,-1 begin=7,108 block=5 clip=8
ATGLptDiag: best=1(1.1) imip=0/2 pass=10111 acc=-1 ipm=52.7,115.1 inv=7.4,102.0 | -1(-57295.8) imip=-1/-1 pass=00000 acc=-1 ipm=-1.0,-1.0 inv=-1.0,-1.0
frame=596 line=1 track=0 cross=0 circle=0(CIRCLE_NONE) round=0 yroad=0 ramp=0 road=3 speed=0 near=3/0 raw=10/0 sel=3/16 far=0/0 far_raw=0/0 l=0@-1/0@-1 far_l=0@-1/0@-1 straight=0/0 far_straight=0/0 circle_cnt=0/0/0/0 lost=0/0 conf=2.6/0.0/0.0/0.0 dist=0 begin=0/3339 m0=(84,119) ml=(64,91) md=33/0/33 cxcy=84.0,119.6 guide=21.19 atg=-60.0/-57.0/-57.0 pure=7.21/7.21 yaw=-1695 cmd=-1513 actual=-1786 signed=0 rps=5944/1796:6421/4695 duty=13/1 pwm=PWM2:13/PWM1:1 motor=2:13/1:1
CrossDiag: type=CROSS_NONE track=0 half_lr=0/0 nearL=0@-1/0@-1 nearNum=3/0 centerNum=3/0 farL=0@-1/0@-1 farNum=0/0 farRaw=0/0 lost=0/0 not_have=0 final=3/16 flags=0/0
LineErr: aim=41 cxcy=84.0,119.6 left=1:23.01@62,91 dx=-22.1 idx=0/2 dist=36/36 right=0:0.00@-1,-1 dx=0.0 idx=-1/-1 dist=-1/-1 sel=1:21.75@64,91 dx=-20.5 idx=0/15 dist=30/30 edge=0:0.00@-1.0,-1.0 dx=0.0 width=0.0 l=50,114 r=-1,-1
ATGSeedDiag: seed=1@11,108/0@-1,-1 begin=7,108 block=5 clip=8
ATGLptDiag: best=1(2.6) imip=0/2 pass=10111 acc=-1 ipm=52.3,115.0 inv=6.7,101.8 | -1(-57295.8) imip=-1/-1 pass=00000 acc=-1 ipm=-1.0,-1.0 inv=-1.0,-1.0
frame=597 line=1 track=0 cross=0 circle=0(CIRCLE_NONE) round=0 yroad=0 ramp=0 road=3 speed=0 near=3/0 raw=9/0 sel=3/16 far=0/0 far_raw=0/0 l=0@-1/0@-1 far_l=0@-1/0@-1 straight=0/0 far_straight=0/0 circle_cnt=0/0/0/0 lost=0/0 conf=2.5/0.0/0.0/0.0 dist=0 begin=0/3339 m0=(84,119) ml=(63,92) md=33/0/33 cxcy=84.0,119.6 guide=22.54 atg=-60.0/-60.0/-60.0 pure=7.28/7.28 yaw=-1803 cmd=-1838 actual=-1786 signed=0 rps=6317/1279:6411/4762 duty=14/0 pwm=PWM2:14/PWM1:0 motor=2:14/1:0
CrossDiag: type=CROSS_NONE track=0 half_lr=0/0 nearL=0@-1/0@-1 nearNum=3/0 centerNum=3/0 farL=0@-1/0@-1 farNum=0/0 farRaw=0/0 lost=0/0 not_have=0 final=3/16 flags=0/0
LineErr: aim=41 cxcy=84.0,119.6 left=1:23.45@61,91 dx=-22.6 idx=0/2 dist=37/37 right=0:0.00@-1,-1 dx=0.0 idx=-1/-1 dist=-1/-1 sel=1:21.98@63,92 dx=-20.7 idx=0/15 dist=30/30 edge=0:0.00@-1.0,-1.0 dx=0.0 width=0.0 l=50,114 r=-1,-1
ATGSeedDiag: seed=1@10,108/0@-1,-1 begin=7,108 block=5 clip=8
ATGLptDiag: best=1(2.5) imip=0/2 pass=10111 acc=-1 ipm=51.9,115.0 inv=5.7,101.8 | -1(-57295.8) imip=-1/-1 pass=00000 acc=-1 ipm=-1.0,-1.0 inv=-1.0,-1.0
frame=598 line=1 track=0 cross=0 circle=0(CIRCLE_NONE) round=0 yroad=0 ramp=0 road=3 speed=0 near=2/0 raw=9/0 sel=2/16 far=0/0 far_raw=0/0 l=0@-1/0@-1 far_l=0@-1/0@-1 straight=0/0 far_straight=0/0 circle_cnt=0/0/0/0 lost=0/0 conf=0.0/0.0/0.0/0.0 dist=0 begin=0/3339 m0=(84,119) ml=(63,92) md=33/0/33 cxcy=84.0,119.6 guide=22.54 atg=-60.0/-60.0/-60.0 pure=7.37/7.37 yaw=-1803 cmd=-1859 actual=-1775 signed=0 rps=6346/1250:6776/5143 duty=14/0 pwm=PWM2:14/PWM1:0 motor=2:14/1:0
CrossDiag: type=CROSS_NONE track=0 half_lr=0/0 nearL=0@-1/0@-1 nearNum=2/0 centerNum=2/0 farL=0@-1/0@-1 farNum=0/0 farRaw=0/0 lost=0/0 not_have=0 final=2/16 flags=0/0
LineErr: aim=41 cxcy=84.0,119.6 left=1:22.31@63,92 dx=-21.0 idx=0/1 dist=35/35 right=0:0.00@-1,-1 dx=0.0 idx=-1/-1 dist=-1/-1 sel=1:22.26@63,92 dx=-20.9 idx=0/15 dist=30/30 edge=0:0.00@-1.0,-1.0 dx=0.0 width=0.0 l=52,115 r=-1,-1
ATGSeedDiag: seed=1@10,108/0@-1,-1 begin=7,108 block=5 clip=8
ATGLptDiag: best=-1(-57295.8) imip=-1/-1 pass=00000 acc=-1 ipm=-1.0,-1.0 inv=-1.0,-1.0 | -1(-57295.8) imip=-1/-1 pass=00000 acc=-1 ipm=-1.0,-1.0 inv=-1.0,-1.0
frame=600 line=1 track=0 cross=0 circle=0(CIRCLE_NONE) round=0 yroad=0 ramp=0 road=3 speed=0 near=2/0 raw=7/0 sel=2/15 far=0/0 far_raw=0/0 l=0@-1/0@-1 far_l=0@-1/0@-1 straight=0/0 far_straight=0/0 circle_cnt=0/0/0/0 lost=0/0 conf=0.0/0.0/0.0/0.0 dist=0 begin=0/3339 m0=(84,119) ml=(64,94) md=31/0/31 cxcy=84.0,119.6 guide=22.37 atg=-60.0/-60.0/-60.0 pure=7.50/7.50 yaw=-1789 cmd=-1847 actual=-1761 signed=0 rps=6338/1276:6707/5048 duty=14/0 pwm=PWM2:14/PWM1:0 motor=2:14/1:0
CrossDiag: type=CROSS_NONE track=0 half_lr=0/0 nearL=0@-1/0@-1 nearNum=2/0 centerNum=2/0 farL=0@-1/0@-1 farNum=0/0 farRaw=0/0 lost=0/0 not_have=0 final=2/15 flags=0/0
LineErr: aim=41 cxcy=84.0,119.6 left=1:22.36@63,92 dx=-20.9 idx=0/1 dist=35/35 right=0:0.00@-1,-1 dx=0.0 idx=-1/-1 dist=-1/-1 sel=1:21.74@64,94 dx=-19.6 idx=0/14 dist=28/28 edge=0:0.00@-1.0,-1.0 dx=0.0 width=0.0 l=51,115 r=-1,-1
ATGSeedDiag: seed=1@8,108/0@-1,-1 begin=7,108 block=5 clip=8
ATGLptDiag: best=-1(-57295.8) imip=-1/-1 pass=00000 acc=-1 ipm=-1.0,-1.0 inv=-1.0,-1.0 | -1(-57295.8) imip=-1/-1 pass=00000 acc=-1 ipm=-1.0,-1.0 inv=-1.0,-1.0
frame=601 line=1 track=0 cross=0 circle=0(CIRCLE_NONE) round=0 yroad=0 ramp=0 road=3 speed=0 near=2/0 raw=7/0 sel=2/16 far=0/0 far_raw=0/0 l=0@-1/0@-1 far_l=0@-1/0@-1 straight=0/0 far_straight=0/0 circle_cnt=0/0/0/0 lost=0/0 conf=0.0/0.0/0.0/0.0 dist=0 begin=0/3339 m0=(84,119) ml=(63,92) md=33/0/33 cxcy=84.0,119.6 guide=22.54 atg=-60.0/-60.0/-60.0 pure=7.60/7.60 yaw=-1803 cmd=-1909 actual=-1750 signed=0 rps=6414/1182:6726/5118 duty=14/0 pwm=PWM2:14/PWM1:0 motor=2:14/1:0
CrossDiag: type=CROSS_NONE track=0 half_lr=0/0 nearL=0@-1/0@-1 nearNum=2/0 centerNum=2/0 farL=0@-1/0@-1 farNum=0/0 farRaw=0/0 lost=0/0 not_have=0 final=2/16 flags=0/0
LineErr: aim=41 cxcy=84.0,119.6 left=1:23.18@62,92 dx=-21.9 idx=0/1 dist=36/36 right=0:0.00@-1,-1 dx=0.0 idx=-1/-1 dist=-1/-1 sel=1:22.97@63,92 dx=-21.5 idx=0/15 dist=30/30 edge=0:0.00@-1.0,-1.0 dx=0.0 width=0.0 l=51,115 r=-1,-1
ATGSeedDiag: seed=1@8,108/0@-1,-1 begin=7,108 block=5 clip=8
ATGLptDiag: best=-1(-57295.8) imip=-1/-1 pass=00000 acc=-1 ipm=-1.0,-1.0 inv=-1.0,-1.0 | -1(-57295.8) imip=-1/-1 pass=00000 acc=-1 ipm=-1.0,-1.0 inv=-1.0,-1.0
frame=602 line=0 track=0 cross=0 circle=0(CIRCLE_NONE) round=0 yroad=0 ramp=0 road=3 speed=0 near=1/0 raw=5/0 sel=1/0 far=0/0 far_raw=0/0 l=0@-1/0@-1 far_l=0@-1/0@-1 straight=0/0 far_straight=0/0 circle_cnt=0/0/0/0 lost=0/0 conf=0.0/0.0/0.0/0.0 dist=0 begin=0/3339 m0=(-1,-1) ml=(-1,-1) md=-1/0/-1 cxcy=84.0,119.6 guide=0.00 atg=-60.0/-60.0/-60.0 pure=7.60/7.60 yaw=0 cmd=0 actual=-1745 signed=0 rps=0/0:0/0 duty=0/0 pwm=PWM2:0/PWM1:0 motor=2:0/1:0
CrossDiag: type=CROSS_NONE track=0 half_lr=0/0 nearL=0@-1/0@-1 nearNum=1/0 centerNum=1/0 farL=0@-1/0@-1 farNum=0/0 farRaw=0/0 lost=0/0 not_have=0 final=1/0 flags=0/0
LineErr: aim=41 cxcy=84.0,119.6 left=0:0.00@-1,-1 dx=0.0 idx=-1/-1 dist=-1/-1 right=0:0.00@-1,-1 dx=0.0 idx=-1/-1 dist=-1/-1 sel=0:0.00@-1,-1 dx=0.0 idx=-1/-1 dist=-1/-1 edge=0:0.00@-1.0,-1.0 dx=0.0 width=0.0 l=-1,-1 r=-1,-1
ATGSeedDiag: seed=1@7,108/0@-1,-1 begin=7,108 block=5 clip=8
ATGLptDiag: best=-1(-57295.8) imip=-1/-1 pass=00000 acc=-1 ipm=-1.0,-1.0 inv=-1.0,-1.0 | -1(-57295.8) imip=-1/-1 pass=00000 acc=-1 ipm=-1.0,-1.0 inv=-1.0,-1.0
frame=604 line=0 track=0 cross=0 circle=0(CIRCLE_NONE) round=0 yroad=0 ramp=0 road=3 speed=0 near=1/1 raw=3/170 sel=1/0 far=0/0 far_raw=0/0 l=0@-1/0@-1 far_l=0@-1/0@-1 straight=0/0 far_straight=0/0 circle_cnt=0/0/0/0 lost=0/0 conf=0.0/0.0/0.0/0.0 dist=0 begin=0/3339 m0=(-1,-1) ml=(-1,-1) md=-1/0/-1 cxcy=84.0,119.6 guide=0.00 atg=-60.0/-60.0/-60.0 pure=7.60/7.60 yaw=0 cmd=0 actual=-1649 signed=0 rps=0/0:0/0 duty=0/0 pwm=PWM2:0/PWM1:0 motor=2:0/1:0
CrossDiag: type=CROSS_NONE track=0 half_lr=0/0 nearL=0@-1/0@-1 nearNum=1/1 centerNum=1/1 farL=0@-1/0@-1 farNum=0/0 farRaw=0/0 lost=0/0 not_have=0 final=1/0 flags=0/0
LineErr: aim=41 cxcy=84.0,119.6 left=0:0.00@-1,-1 dx=0.0 idx=-1/-1 dist=-1/-1 right=0:0.00@-1,-1 dx=0.0 idx=-1/-1 dist=-1/-1 sel=0:0.00@-1,-1 dx=0.0 idx=-1/-1 dist=-1/-1 edge=0:0.00@-1.0,-1.0 dx=0.0 width=0.0 l=-1,-1 r=-1,-1
ATGSeedDiag: seed=1@5,108/1@134,87 begin=7,108 block=5 clip=8
ATGLptDiag: best=-1(-57295.8) imip=-1/-1 pass=00000 acc=-1 ipm=-1.0,-1.0 inv=-1.0,-1.0 | -1(-57295.8) imip=-1/-1 pass=00000 acc=-1 ipm=-1.0,-1.0 inv=-1.0,-1.0
frame=605 line=0 track=0 cross=0 circle=0(CIRCLE_NONE) round=0 yroad=0 ramp=0 road=3 speed=0 near=1/1 raw=2/170 sel=1/0 far=0/0 far_raw=0/0 l=0@-1/0@-1 far_l=0@-1/0@-1 straight=0/0 far_straight=0/0 circle_cnt=0/0/0/0 lost=0/0 conf=0.0/0.0/0.0/0.0 dist=0 begin=0/3339 m0=(-1,-1) ml=(-1,-1) md=-1/0/-1 cxcy=84.0,119.6 guide=0.00 atg=-60.0/-60.0/-60.0 pure=7.60/7.60 yaw=0 cmd=0 actual=-1412 signed=0 rps=0/0:0/0 duty=0/0 pwm=PWM2:0/PWM1:0 motor=2:0/1:0
CrossDiag: type=CROSS_NONE track=0 half_lr=0/0 nearL=0@-1/0@-1 nearNum=1/1 centerNum=1/1 farL=0@-1/0@-1 farNum=0/0 farRaw=0/0 lost=0/0 not_have=0 final=1/0 flags=0/0
LineErr: aim=41 cxcy=84.0,119.6 left=0:0.00@-1,-1 dx=0.0 idx=-1/-1 dist=-1/-1 right=0:0.00@-1,-1 dx=0.0 idx=-1/-1 dist=-1/-1 sel=0:0.00@-1,-1 dx=0.0 idx=-1/-1 dist=-1/-1 edge=0:0.00@-1.0,-1.0 dx=0.0 width=0.0 l=-1,-1 r=-1,-1
ATGSeedDiag: seed=1@4,108/1@136,89 begin=7,108 block=5 clip=8
ATGLptDiag: best=-1(-57295.8) imip=-1/-1 pass=00000 acc=-1 ipm=-1.0,-1.0 inv=-1.0,-1.0 | -1(-57295.8) imip=-1/-1 pass=00000 acc=-1 ipm=-1.0,-1.0 inv=-1.0,-1.0
frame=607 line=0 track=0 cross=0 circle=0(CIRCLE_NONE) round=0 yroad=0 ramp=0 road=3 speed=0 near=0/0 raw=0/0 sel=0/0 far=0/0 far_raw=0/0 l=0@-1/0@-1 far_l=0@-1/0@-1 straight=0/0 far_straight=0/0 circle_cnt=0/0/0/0 lost=0/0 conf=0.0/0.0/0.0/0.0 dist=0 begin=0/3339 m0=(-1,-1) ml=(-1,-1) md=-1/0/-1 cxcy=84.0,119.6 guide=0.00 atg=-60.0/-60.0/-60.0 pure=7.60/7.60 yaw=0 cmd=0 actual=-1196 signed=0 rps=0/0:0/0 duty=0/0 pwm=PWM2:0/PWM1:0 motor=2:0/1:0
CrossDiag: type=CROSS_NONE track=0 half_lr=0/0 nearL=0@-1/0@-1 nearNum=0/0 centerNum=0/0 farL=0@-1/0@-1 farNum=0/0 farRaw=0/0 lost=0/0 not_have=0 final=0/0 flags=0/0
LineErr: aim=41 cxcy=84.0,119.6 left=0:0.00@-1,-1 dx=0.0 idx=-1/-1 dist=-1/-1 right=0:0.00@-1,-1 dx=0.0 idx=-1/-1 dist=-1/-1 sel=0:0.00@-1,-1 dx=0.0 idx=-1/-1 dist=-1/-1 edge=0:0.00@-1.0,-1.0 dx=0.0 width=0.0 l=-1,-1 r=-1,-1
ATGSeedDiag: seed=0@-1,-1/0@-1,-1 begin=7,108 block=5 clip=8
ATGLptDiag: best=-1(-57295.8) imip=-1/-1 pass=00000 acc=-1 ipm=-1.0,-1.0 inv=-1.0,-1.0 | -1(-57295.8) imip=-1/-1 pass=00000 acc=-1 ipm=-1.0,-1.0 inv=-1.0,-1.0
frame=608 line=0 track=1 cross=0 circle=0(CIRCLE_NONE) round=0 yroad=0 ramp=0 road=3 speed=0 near=0/1 raw=0/170 sel=1/0 far=0/0 far_raw=0/0 l=0@-1/0@-1 far_l=0@-1/0@-1 straight=0/0 far_straight=0/0 circle_cnt=0/0/0/0 lost=0/0 conf=0.0/0.0/0.0/0.0 dist=0 begin=0/3339 m0=(-1,-1) ml=(-1,-1) md=-1/0/-1 cxcy=84.0,119.6 guide=0.00 atg=-60.0/-60.0/-60.0 pure=7.60/7.60 yaw=0 cmd=0 actual=-1137 signed=0 rps=0/0:0/0 duty=0/0 pwm=PWM2:0/PWM1:0 motor=2:0/1:0
CrossDiag: type=CROSS_NONE track=1 half_lr=0/0 nearL=0@-1/0@-1 nearNum=0/1 centerNum=0/1 farL=0@-1/0@-1 farNum=0/0 farRaw=0/0 lost=0/0 not_have=0 final=1/0 flags=0/0
LineErr: aim=41 cxcy=84.0,119.6 left=0:0.00@-1,-1 dx=0.0 idx=-1/-1 dist=-1/-1 right=0:0.00@-1,-1 dx=0.0 idx=-1/-1 dist=-1/-1 sel=0:0.00@-1,-1 dx=0.0 idx=-1/-1 dist=-1/-1 edge=0:0.00@-1.0,-1.0 dx=0.0 width=0.0 l=-1,-1 r=-1,-1
ATGSeedDiag: seed=0@-1,-1/1@143,97 begin=7,108 block=5 clip=8
ATGLptDiag: best=-1(-57295.8) imip=-1/-1 pass=00000 acc=-1 ipm=-1.0,-1.0 inv=-1.0,-1.0 | -1(-57295.8) imip=-1/-1 pass=00000 acc=-1 ipm=-1.0,-1.0 inv=-1.0,-1.0
frame=610 line=0 track=1 cross=0 circle=0(CIRCLE_NONE) round=0 yroad=0 ramp=0 road=3 speed=0 near=0/1 raw=0/170 sel=1/0 far=0/0 far_raw=0/0 l=0@-1/0@-1 far_l=0@-1/0@-1 straight=0/0 far_straight=0/0 circle_cnt=0/0/0/0 lost=0/0 conf=0.0/0.0/0.0/0.0 dist=0 begin=0/3339 m0=(-1,-1) ml=(-1,-1) md=-1/0/-1 cxcy=84.0,119.6 guide=0.00 atg=-60.0/-60.0/-60.0 pure=7.60/7.60 yaw=0 cmd=0 actual=-967 signed=0 rps=0/0:0/0 duty=0/0 pwm=PWM2:0/PWM1:0 motor=2:0/1:0
CrossDiag: type=CROSS_NONE track=1 half_lr=0/0 nearL=0@-1/0@-1 nearNum=0/1 centerNum=0/1 farL=0@-1/0@-1 farNum=0/0 farRaw=0/0 lost=0/0 not_have=0 final=1/0 flags=0/0
LineErr: aim=41 cxcy=84.0,119.6 left=0:0.00@-1,-1 dx=0.0 idx=-1/-1 dist=-1/-1 right=0:0.00@-1,-1 dx=0.0 idx=-1/-1 dist=-1/-1 sel=0:0.00@-1,-1 dx=0.0 idx=-1/-1 dist=-1/-1 edge=0:0.00@-1.0,-1.0 dx=0.0 width=0.0 l=-1,-1 r=-1,-1
ATGSeedDiag: seed=0@-1,-1/1@147,102 begin=7,108 block=5 clip=8
ATGLptDiag: best=-1(-57295.8) imip=-1/-1 pass=00000 acc=-1 ipm=-1.0,-1.0 inv=-1.0,-1.0 | -1(-57295.8) imip=-1/-1 pass=00000 acc=-1 ipm=-1.0,-1.0 inv=-1.0,-1.0
frame=611 line=0 track=1 cross=0 circle=0(CIRCLE_NONE) round=0 yroad=0 ramp=0 road=3 speed=0 near=0/1 raw=0/170 sel=1/0 far=0/0 far_raw=0/0 l=0@-1/0@-1 far_l=0@-1/0@-1 straight=0/0 far_straight=0/0 circle_cnt=0/0/0/0 lost=0/0 conf=0.0/0.0/0.0/0.0 dist=0 begin=0/3339 m0=(-1,-1) ml=(-1,-1) md=-1/0/-1 cxcy=84.0,119.6 guide=0.00 atg=-60.0/-60.0/-60.0 pure=7.60/7.60 yaw=0 cmd=0 actual=-819 signed=0 rps=0/0:0/0 duty=0/0 pwm=PWM2:0/PWM1:0 motor=2:0/1:0
CrossDiag: type=CROSS_NONE track=1 half_lr=0/0 nearL=0@-1/0@-1 nearNum=0/1 centerNum=0/1 farL=0@-1/0@-1 farNum=0/0 farRaw=0/0 lost=0/0 not_have=0 final=1/0 flags=0/0
LineErr: aim=41 cxcy=84.0,119.6 left=0:0.00@-1,-1 dx=0.0 idx=-1/-1 dist=-1/-1 right=0:0.00@-1,-1 dx=0.0 idx=-1/-1 dist=-1/-1 sel=0:0.00@-1,-1 dx=0.0 idx=-1/-1 dist=-1/-1 edge=0:0.00@-1.0,-1.0 dx=0.0 width=0.0 l=-1,-1 r=-1,-1
ATGSeedDiag: seed=0@-1,-1/1@149,104 begin=7,108 block=5 clip=8
ATGLptDiag: best=-1(-57295.8) imip=-1/-1 pass=00000 acc=-1 ipm=-1.0,-1.0 inv=-1.0,-1.0 | -1(-57295.8) imip=-1/-1 pass=00000 acc=-1 ipm=-1.0,-1.0 inv=-1.0,-1.0
frame=613 line=0 track=1 cross=0 circle=0(CIRCLE_NONE) round=0 yroad=0 ramp=0 road=3 speed=0 near=0/1 raw=0/170 sel=1/0 far=0/0 far_raw=0/0 l=0@-1/0@-1 far_l=0@-1/0@-1 straight=0/0 far_straight=0/0 circle_cnt=0/0/0/0 lost=0/0 conf=0.0/0.0/0.0/0.0 dist=0 begin=0/3339 m0=(-1,-1) ml=(-1,-1) md=-1/0/-1 cxcy=84.0,119.6 guide=0.00 atg=-60.0/-60.0/-60.0 pure=7.60/7.60 yaw=0 cmd=0 actual=-649 signed=0 rps=0/0:0/0 duty=0/0 pwm=PWM2:0/PWM1:0 motor=2:0/1:0
CrossDiag: type=CROSS_NONE track=1 half_lr=0/0 nearL=0@-1/0@-1 nearNum=0/1 centerNum=0/1 farL=0@-1/0@-1 farNum=0/0 farRaw=0/0 lost=0/0 not_have=0 final=1/0 flags=0/0
LineErr: aim=41 cxcy=84.0,119.6 left=0:0.00@-1,-1 dx=0.0 idx=-1/-1 dist=-1/-1 right=0:0.00@-1,-1 dx=0.0 idx=-1/-1 dist=-1/-1 sel=0:0.00@-1,-1 dx=0.0 idx=-1/-1 dist=-1/-1 edge=0:0.00@-1.0,-1.0 dx=0.0 width=0.0 l=-1,-1 r=-1,-1
ATGSeedDiag: seed=0@-1,-1/1@152,108 begin=7,108 block=5 clip=8
ATGLptDiag: best=-1(-57295.8) imip=-1/-1 pass=00000 acc=-1 ipm=-1.0,-1.0 inv=-1.0,-1.0 | -1(-57295.8) imip=-1/-1 pass=00000 acc=-1 ipm=-1.0,-1.0 inv=-1.0,-1.0
frame=614 line=0 track=1 cross=0 circle=0(CIRCLE_NONE) round=0 yroad=0 ramp=0 road=3 speed=0 near=0/0 raw=0/0 sel=0/0 far=0/0 far_raw=0/0 l=0@-1/0@-1 far_l=0@-1/0@-1 straight=0/0 far_straight=0/0 circle_cnt=0/0/0/0 lost=0/0 conf=0.0/0.0/0.0/0.0 dist=0 begin=0/3339 m0=(-1,-1) ml=(-1,-1) md=-1/0/-1 cxcy=84.0,119.6 guide=0.00 atg=-60.0/-60.0/-60.0 pure=7.60/7.60 yaw=0 cmd=0 actual=-607 signed=0 rps=0/0:0/0 duty=0/0 pwm=PWM2:0/PWM1:0 motor=2:0/1:0
CrossDiag: type=CROSS_NONE track=1 half_lr=0/0 nearL=0@-1/0@-1 nearNum=0/0 centerNum=0/0 farL=0@-1/0@-1 farNum=0/0 farRaw=0/0 lost=0/0 not_have=0 final=0/0 flags=0/0
LineErr: aim=41 cxcy=84.0,119.6 left=0:0.00@-1,-1 dx=0.0 idx=-1/-1 dist=-1/-1 right=0:0.00@-1,-1 dx=0.0 idx=-1/-1 dist=-1/-1 sel=0:0.00@-1,-1 dx=0.0 idx=-1/-1 dist=-1/-1 edge=0:0.00@-1.0,-1.0 dx=0.0 width=0.0 l=-1,-1 r=-1,-1
ATGSeedDiag: seed=0@-1,-1/0@-1,-1 begin=7,108 block=5 clip=8
ATGLptDiag: best=-1(-57295.8) imip=-1/-1 pass=00000 acc=-1 ipm=-1.0,-1.0 inv=-1.0,-1.0 | -1(-57295.8) imip=-1/-1 pass=00000 acc=-1 ipm=-1.0,-1.0 inv=-1.0,-1.0
frame=621 line=1 track=1 cross=0 circle=0(CIRCLE_NONE) round=0 yroad=0 ramp=0 road=3 speed=0 near=0/55 raw=0/153 sel=55/41 far=0/0 far_raw=0/0 l=0@-1/0@-1 far_l=0@-1/0@-1 straight=0/1 far_straight=0/0 circle_cnt=0/0/0/0 lost=0/0 conf=0.0/2.7/0.0/0.0 dist=0 begin=0/3339 m0=(84,119) ml=(43,106) md=41/1/85 cxcy=84.0,119.6 guide=48.05 atg=-60.0/-60.0/-60.0 pure=10.77/8.73 yaw=-3844 cmd=-4244 actual=-300 signed=0 rps=8254/0:4367/3798 duty=23/0 pwm=PWM2:23/PWM1:0 motor=2:23/1:0
CrossDiag: type=CROSS_NONE track=1 half_lr=0/0 nearL=0@-1/0@-1 nearNum=0/55 centerNum=0/55 farL=0@-1/0@-1 farNum=0/0 farRaw=0/0 lost=0/0 not_have=0 final=55/41 flags=0/0
LineErr: aim=41 cxcy=84.0,119.6 left=0:0.00@-1,-1 dx=0.0 idx=-1/-1 dist=-1/-1 right=1:47.91@43,105 dx=-41.4 idx=14/33 dist=40/82 sel=1:48.54@41,105 dx=-43.0 idx=0/20 dist=40/80 edge=0:0.00@-1.0,-1.0 dx=0.0 width=0.0 l=-1,-1 r=50,80
ATGSeedDiag: seed=0@-1,-1/1@155,86 begin=7,108 block=5 clip=8
ATGLptDiag: best=-1(-57295.8) imip=-1/-1 pass=00000 acc=-1 ipm=-1.0,-1.0 inv=-1.0,-1.0 | 24(2.7) imip=14/34 pass=10111 acc=-1 ipm=71.5,87.9 inv=59.5,52.8
frame=622 line=1 track=1 cross=0 circle=0(CIRCLE_NONE) round=0 yroad=0 ramp=0 road=3 speed=0 near=0/55 raw=0/153 sel=55/42 far=0/0 far_raw=0/0 l=0@-1/0@-1 far_l=0@-1/0@-1 straight=0/1 far_straight=0/0 circle_cnt=0/0/0/0 lost=0/0 conf=0.0/2.9/0.0/0.0 dist=0 begin=0/3339 m0=(84,119) ml=(44,106) md=41/1/86 cxcy=84.0,119.6 guide=48.05 atg=-60.0/-60.0/-60.0 pure=10.92/8.65 yaw=-3844 cmd=-4244 actual=-314 signed=0 rps=8253/0:4625/4142 duty=23/0 pwm=PWM2:23/PWM1:0 motor=2:23/1:0
CrossDiag: type=CROSS_NONE track=1 half_lr=0/0 nearL=0@-1/0@-1 nearNum=0/55 centerNum=0/55 farL=0@-1/0@-1 farNum=0/0 farRaw=0/0 lost=0/0 not_have=0 final=55/42 flags=0/0
LineErr: aim=41 cxcy=84.0,119.6 left=0:0.00@-1,-1 dx=0.0 idx=-1/-1 dist=-1/-1 right=1:48.50@42,106 dx=-41.8 idx=13/33 dist=41/83 sel=1:48.73@42,106 dx=-42.4 idx=0/20 dist=40/82 edge=0:0.00@-1.0,-1.0 dx=0.0 width=0.0 l=-1,-1 r=49,81
ATGSeedDiag: seed=0@-1,-1/1@155,87 begin=7,108 block=5 clip=8
ATGLptDiag: best=-1(-57295.8) imip=-1/-1 pass=00000 acc=-1 ipm=-1.0,-1.0 inv=-1.0,-1.0 | 53(2.9) imip=43/54 pass=10111 acc=-1 ipm=8.2,64.3 inv=4.0,36.0
frame=623 line=1 track=1 cross=0 circle=0(CIRCLE_NONE) round=0 yroad=0 ramp=0 road=3 speed=0 near=0/55 raw=0/153 sel=55/42 far=0/0 far_raw=0/0 l=0@-1/0@-1 far_l=0@-1/0@-1 straight=0/1 far_straight=0/0 circle_cnt=0/0/0/0 lost=0/0 conf=0.0/3.1/0.0/0.0 dist=0 begin=0/3339 m0=(84,119) ml=(44,107) md=40/1/85 cxcy=84.0,119.6 guide=48.39 atg=-60.0/-60.0/-60.0 pure=10.98/8.67 yaw=-3872 cmd=-4272 actual=-327 signed=0 rps=8273/0:5013/4421 duty=23/0 pwm=PWM2:23/PWM1:0 motor=2:23/1:0
CrossDiag: type=CROSS_NONE track=1 half_lr=0/0 nearL=0@-1/0@-1 nearNum=0/55 centerNum=0/55 farL=0@-1/0@-1 farNum=0/0 farRaw=0/0 lost=0/0 not_have=0 final=55/42 flags=0/0
LineErr: aim=41 cxcy=84.0,119.6 left=0:0.00@-1,-1 dx=0.0 idx=-1/-1 dist=-1/-1 right=1:47.95@44,107 dx=-40.0 idx=13/32 dist=40/84 sel=1:48.88@42,106 dx=-42.2 idx=0/20 dist=40/82 edge=0:0.00@-1.0,-1.0 dx=0.0 width=0.0 l=-1,-1 r=51,81
ATGSeedDiag: seed=0@-1,-1/1@155,88 begin=7,108 block=5 clip=8
ATGLptDiag: best=-1(-57295.8) imip=-1/-1 pass=00000 acc=-1 ipm=-1.0,-1.0 inv=-1.0,-1.0 | 24(3.1) imip=14/34 pass=10111 acc=-1 ipm=70.7,88.5 inv=58.4,53.4
frame=624 line=1 track=1 cross=0 circle=0(CIRCLE_NONE) round=0 yroad=0 ramp=0 road=3 speed=0 near=0/54 raw=0/153 sel=54/41 far=0/0 far_raw=0/0 l=0@-1/0@-1 far_l=0@-1/0@-1 straight=0/1 far_straight=0/0 circle_cnt=0/0/0/0 lost=0/0 conf=0.0/3.0/0.0/0.0 dist=0 begin=0/3339 m0=(84,119) ml=(44,107) md=40/1/84 cxcy=84.0,119.6 guide=48.24 atg=-60.0/-60.0/-60.0 pure=11.02/8.86 yaw=-3859 cmd=-4259 actual=-411 signed=0 rps=8265/0:4989/4313 duty=23/0 pwm=PWM2:23/PWM1:0 motor=2:23/1:0
CrossDiag: type=CROSS_NONE track=1 half_lr=0/0 nearL=0@-1/0@-1 nearNum=0/54 centerNum=0/54 farL=0@-1/0@-1 farNum=0/0 farRaw=0/0 lost=0/0 not_have=0 final=54/41 flags=0/0
LineErr: aim=41 cxcy=84.0,119.6 left=0:0.00@-1,-1 dx=0.0 idx=-1/-1 dist=-1/-1 right=1:48.24@44,107 dx=-40.4 idx=13/32 dist=40/82 sel=1:48.89@42,106 dx=-41.9 idx=0/20 dist=40/80 edge=0:0.00@-1.0,-1.0 dx=0.0 width=0.0 l=-1,-1 r=51,82
ATGSeedDiag: seed=0@-1,-1/1@155,89 begin=7,108 block=5 clip=8
ATGLptDiag: best=-1(-57295.8) imip=-1/-1 pass=00000 acc=-1 ipm=-1.0,-1.0 inv=-1.0,-1.0 | 23(3.0) imip=13/33 pass=10111 acc=-1 ipm=72.6,89.6 inv=60.6,54.5
frame=625 line=1 track=1 cross=0 circle=0(CIRCLE_NONE) round=0 yroad=0 ramp=0 road=3 speed=0 near=0/54 raw=0/153 sel=54/41 far=0/0 far_raw=0/0 l=0@-1/0@-1 far_l=0@-1/0@-1 straight=0/1 far_straight=0/0 circle_cnt=0/0/0/0 lost=0/0 conf=0.0/3.8/0.0/0.0 dist=0 begin=0/3339 m0=(84,119) ml=(44,107) md=40/1/84 cxcy=84.0,119.6 guide=48.82 atg=-60.0/-60.0/-60.0 pure=11.07/8.90 yaw=-3906 cmd=-4306 actual=-481 signed=0 rps=8297/0:5333/4445 duty=22/0 pwm=PWM2:22/PWM1:0 motor=2:22/1:0
CrossDiag: type=CROSS_NONE track=1 half_lr=0/0 nearL=0@-1/0@-1 nearNum=0/54 centerNum=0/54 farL=0@-1/0@-1 farNum=0/0 farRaw=0/0 lost=0/0 not_have=0 final=54/41 flags=0/0
LineErr: aim=41 cxcy=84.0,119.6 left=0:0.00@-1,-1 dx=0.0 idx=-1/-1 dist=-1/-1 right=1:48.72@43,107 dx=-40.7 idx=13/32 dist=41/83 sel=1:49.18@42,107 dx=-42.0 idx=0/20 dist=40/80 edge=0:0.00@-1.0,-1.0 dx=0.0 width=0.0 l=-1,-1 r=50,82
ATGSeedDiag: seed=0@-1,-1/1@155,90 begin=7,108 block=5 clip=8
ATGLptDiag: best=-1(-57295.8) imip=-1/-1 pass=00000 acc=-1 ipm=-1.0,-1.0 inv=-1.0,-1.0 | 52(3.8) imip=42/53 pass=10111 acc=-1 ipm=9.6,65.3 inv=4.5,36.5
frame=626 line=1 track=1 cross=0 circle=0(CIRCLE_NONE) round=0 yroad=0 ramp=0 road=3 speed=0 near=0/53 raw=0/151 sel=53/41 far=0/0 far_raw=0/0 l=0@-1/0@-1 far_l=0@-1/0@-1 straight=0/1 far_straight=0/0 circle_cnt=0/0/0/0 lost=0/0 conf=0.0/2.9/0.0/0.0 dist=0 begin=0/3339 m0=(84,119) ml=(44,108) md=40/1/84 cxcy=84.0,119.6 guide=49.35 atg=-60.0/-60.0/-60.0 pure=11.09/8.90 yaw=-3948 cmd=-4348 actual=-575 signed=0 rps=8327/0:5338/4121 duty=23/0 pwm=PWM2:23/PWM1:0 motor=2:23/1:0
CrossDiag: type=CROSS_NONE track=1 half_lr=0/0 nearL=0@-1/0@-1 nearNum=0/53 centerNum=0/53 farL=0@-1/0@-1 farNum=0/0 farRaw=0/0 lost=0/0 not_have=0 final=53/41 flags=0/0
LineErr: aim=41 cxcy=84.0,119.6 left=0:0.00@-1,-1 dx=0.0 idx=-1/-1 dist=-1/-1 right=1:49.65@42,107 dx=-41.9 idx=13/32 dist=41/81 sel=1:49.86@42,107 dx=-42.4 idx=0/20 dist=40/80 edge=0:0.00@-1.0,-1.0 dx=0.0 width=0.0 l=-1,-1 r=49,82
ATGSeedDiag: seed=0@-1,-1/1@153,90 begin=7,108 block=5 clip=8
ATGLptDiag: best=-1(-57295.8) imip=-1/-1 pass=00000 acc=-1 ipm=-1.0,-1.0 inv=-1.0,-1.0 | 22(2.9) imip=12/32 pass=10111 acc=-1 ipm=73.3,90.8 inv=61.4,55.8
frame=627 line=1 track=1 cross=0 circle=0(CIRCLE_NONE) round=0 yroad=0 ramp=0 road=3 speed=0 near=0/53 raw=0/153 sel=53/40 far=0/0 far_raw=0/0 l=0@-1/0@-1 far_l=0@-1/0@-1 straight=0/1 far_straight=0/0 circle_cnt=0/0/0/0 lost=0/0 conf=0.0/4.5/0.0/0.0 dist=0 begin=0/3339 m0=(84,119) ml=(44,108) md=40/1/83 cxcy=84.0,119.6 guide=49.72 atg=-60.0/-60.0/-60.0 pure=11.23/9.16 yaw=-3977 cmd=-4377 actual=-676 signed=0 rps=8348/0:5736/4182 duty=22/0 pwm=PWM2:22/PWM1:0 motor=2:22/1:0
CrossDiag: type=CROSS_NONE track=1 half_lr=0/0 nearL=0@-1/0@-1 nearNum=0/53 centerNum=0/53 farL=0@-1/0@-1 farNum=0/0 farRaw=0/0 lost=0/0 not_have=0 final=53/40 flags=0/0
LineErr: aim=41 cxcy=84.0,119.6 left=0:0.00@-1,-1 dx=0.0 idx=-1/-1 dist=-1/-1 right=1:49.04@45,108 dx=-39.5 idx=13/31 dist=40/82 sel=1:50.17@42,108 dx=-42.0 idx=0/20 dist=40/78 edge=0:0.00@-1.0,-1.0 dx=0.0 width=0.0 l=-1,-1 r=50,83
ATGSeedDiag: seed=0@-1,-1/1@155,92 begin=7,108 block=5 clip=8
ATGLptDiag: best=-1(-57295.8) imip=-1/-1 pass=00000 acc=-1 ipm=-1.0,-1.0 inv=-1.0,-1.0 | 51(4.5) imip=41/52 pass=10111 acc=-1 ipm=10.9,67.0 inv=4.3,37.5
frame=629 line=1 track=1 cross=0 circle=0(CIRCLE_NONE) round=0 yroad=0 ramp=0 road=3 speed=0 near=0/53 raw=0/152 sel=53/41 far=0/0 far_raw=0/0 l=0@-1/0@-1 far_l=0@-1/0@-1 straight=0/1 far_straight=0/0 circle_cnt=0/0/0/0 lost=0/0 conf=0.0/2.9/0.0/0.0 dist=0 begin=0/3339 m0=(84,119) ml=(44,109) md=41/1/85 cxcy=84.0,119.6 guide=49.85 atg=-60.0/-60.0/-60.0 pure=11.29/8.99 yaw=-3988 cmd=-4388 actual=-1006 signed=0 rps=8355/0:5924/4111 duty=22/0 pwm=PWM2:22/PWM1:0 motor=2:22/1:0
CrossDiag: type=CROSS_NONE track=1 half_lr=0/0 nearL=0@-1/0@-1 nearNum=0/53 centerNum=0/53 farL=0@-1/0@-1 farNum=0/0 farRaw=0/0 lost=0/0 not_have=0 final=53/41 flags=0/0
LineErr: aim=41 cxcy=84.0,119.6 left=0:0.00@-1,-1 dx=0.0 idx=-1/-1 dist=-1/-1 right=1:50.00@43,109 dx=-40.7 idx=13/31 dist=41/83 sel=1:50.43@42,108 dx=-41.8 idx=0/20 dist=40/80 edge=0:0.00@-1.0,-1.0 dx=0.0 width=0.0 l=-1,-1 r=51,84
ATGSeedDiag: seed=0@-1,-1/1@154,94 begin=7,108 block=5 clip=8
ATGLptDiag: best=-1(-57295.8) imip=-1/-1 pass=00000 acc=-1 ipm=-1.0,-1.0 inv=-1.0,-1.0 | 24(2.9) imip=14/34 pass=10111 acc=-1 ipm=68.2,89.9 inv=54.8,54.9
frame=630 line=1 track=1 cross=0 circle=0(CIRCLE_NONE) round=0 yroad=0 ramp=0 road=3 speed=0 near=0/53 raw=0/151 sel=53/42 far=0/0 far_raw=0/0 l=0@-1/0@-1 far_l=0@-1/0@-1 straight=0/1 far_straight=0/0 circle_cnt=0/0/0/0 lost=0/0 conf=0.0/2.9/0.0/0.0 dist=0 begin=0/3339 m0=(84,119) ml=(43,109) md=41/1/84 cxcy=84.0,119.6 guide=50.41 atg=-60.0/-60.0/-60.0 pure=11.36/8.88 yaw=-4033 cmd=-4433 actual=-1204 signed=0 rps=8387/0:6288/4176 duty=22/0 pwm=PWM2:22/PWM1:0 motor=2:22/1:0
CrossDiag: type=CROSS_NONE track=1 half_lr=0/0 nearL=0@-1/0@-1 nearNum=0/53 centerNum=0/53 farL=0@-1/0@-1 farNum=0/0 farRaw=0/0 lost=0/0 not_have=0 final=53/42 flags=0/0
LineErr: aim=41 cxcy=84.0,119.6 left=0:0.00@-1,-1 dx=0.0 idx=-1/-1 dist=-1/-1 right=1:49.48@45,109 dx=-39.4 idx=12/30 dist=41/85 sel=1:50.04@43,109 dx=-40.9 idx=0/20 dist=40/82 edge=0:0.00@-1.0,-1.0 dx=0.0 width=0.0 l=-1,-1 r=50,83
ATGSeedDiag: seed=0@-1,-1/1@153,95 begin=7,108 block=5 clip=8
ATGLptDiag: best=-1(-57295.8) imip=-1/-1 pass=00000 acc=-1 ipm=-1.0,-1.0 inv=-1.0,-1.0 | 21(2.9) imip=11/31 pass=10111 acc=-1 ipm=74.0,92.6 inv=62.0,57.8
frame=631 line=0 track=1 cross=0 circle=0(CIRCLE_NONE) round=0 yroad=0 ramp=0 road=3 speed=0 near=0/1 raw=0/170 sel=1/0 far=0/0 far_raw=0/0 l=0@-1/0@-1 far_l=0@-1/0@-1 straight=0/0 far_straight=0/0 circle_cnt=0/0/0/0 lost=0/0 conf=0.0/0.0/0.0/0.0 dist=0 begin=0/3339 m0=(-1,-1) ml=(-1,-1) md=-1/0/-1 cxcy=84.0,119.6 guide=0.00 atg=-60.0/-60.0/-60.0 pure=11.36/8.88 yaw=0 cmd=0 actual=-1911 signed=0 rps=0/0:0/0 duty=0/0 pwm=PWM2:0/PWM1:0 motor=2:0/1:0
CrossDiag: type=CROSS_NONE track=1 half_lr=0/0 nearL=0@-1/0@-1 nearNum=0/1 centerNum=0/1 farL=0@-1/0@-1 farNum=0/0 farRaw=0/0 lost=0/0 not_have=0 final=1/0 flags=0/0
LineErr: aim=41 cxcy=84.0,119.6 left=0:0.00@-1,-1 dx=0.0 idx=-1/-1 dist=-1/-1 right=0:0.00@-1,-1 dx=0.0 idx=-1/-1 dist=-1/-1 sel=0:0.00@-1,-1 dx=0.0 idx=-1/-1 dist=-1/-1 edge=0:0.00@-1.0,-1.0 dx=0.0 width=0.0 l=-1,-1 r=-1,-1
ATGSeedDiag: seed=0@-1,-1/1@98,97 begin=7,108 block=5 clip=8
ATGLptDiag: best=-1(-57295.8) imip=-1/-1 pass=00000 acc=-1 ipm=-1.0,-1.0 inv=-1.0,-1.0 | -1(-57295.8) imip=-1/-1 pass=00000 acc=-1 ipm=-1.0,-1.0 inv=-1.0,-1.0
frame=632 line=1 track=1 cross=0 circle=0(CIRCLE_NONE) round=0 yroad=0 ramp=0 road=3 speed=0 near=0/54 raw=0/153 sel=54/43 far=0/0 far_raw=0/0 l=0@-1/0@-1 far_l=0@-1/0@-1 straight=0/1 far_straight=0/0 circle_cnt=0/0/0/0 lost=0/0 conf=0.0/3.0/0.0/0.0 dist=0 begin=0/3339 m0=(84,119) ml=(43,109) md=41/1/85 cxcy=84.0,119.6 guide=50.43 atg=-60.0/-60.0/-60.0 pure=11.37/8.68 yaw=-4035 cmd=-4435 actual=-1988 signed=0 rps=8388/0:6470/3967 duty=21/0 pwm=PWM2:21/PWM1:0 motor=2:21/1:0
CrossDiag: type=CROSS_NONE track=1 half_lr=0/0 nearL=0@-1/0@-1 nearNum=0/54 centerNum=0/54 farL=0@-1/0@-1 farNum=0/0 farRaw=0/0 lost=0/0 not_have=0 final=54/43 flags=0/0
LineErr: aim=41 cxcy=84.0,119.6 left=0:0.00@-1,-1 dx=0.0 idx=-1/-1 dist=-1/-1 right=1:48.82@47,110 dx=-37.5 idx=12/29 dist=40/89 sel=1:49.94@43,109 dx=-40.6 idx=0/20 dist=40/84 edge=0:0.00@-1.0,-1.0 dx=0.0 width=0.0 l=-1,-1 r=50,83
ATGSeedDiag: seed=0@-1,-1/1@155,99 begin=7,108 block=5 clip=8
ATGLptDiag: best=-1(-57295.8) imip=-1/-1 pass=00000 acc=-1 ipm=-1.0,-1.0 inv=-1.0,-1.0 | 22(3.0) imip=12/32 pass=10111 acc=-1 ipm=71.9,92.1 inv=59.2,57.3
frame=633 line=1 track=1 cross=0 circle=0(CIRCLE_NONE) round=0 yroad=0 ramp=0 road=3 speed=0 near=0/54 raw=0/152 sel=54/43 far=0/0 far_raw=0/0 l=0@-1/0@-1 far_l=0@-1/0@-1 straight=0/1 far_straight=0/0 circle_cnt=0/0/0/0 lost=0/0 conf=0.0/4.7/0.0/0.0 dist=0 begin=0/3339 m0=(84,119) ml=(43,109) md=41/1/85 cxcy=84.0,119.6 guide=50.60 atg=-60.0/-60.0/-60.0 pure=11.31/8.63 yaw=-4048 cmd=-4448 actual=-1846 signed=0 rps=8397/0:6110/3869 duty=22/0 pwm=PWM2:22/PWM1:0 motor=2:22/1:0
CrossDiag: type=CROSS_NONE track=1 half_lr=0/0 nearL=0@-1/0@-1 nearNum=0/54 centerNum=0/54 farL=0@-1/0@-1 farNum=0/0 farRaw=0/0 lost=0/0 not_have=0 final=54/43 flags=0/0
LineErr: aim=41 cxcy=84.0,119.6 left=0:0.00@-1,-1 dx=0.0 idx=-1/-1 dist=-1/-1 right=1:49.28@46,110 dx=-38.3 idx=12/29 dist=40/88 sel=1:50.17@43,109 dx=-40.9 idx=0/20 dist=40/84 edge=0:0.00@-1.0,-1.0 dx=0.0 width=0.0 l=-1,-1 r=52,84
ATGSeedDiag: seed=0@-1,-1/1@154,100 begin=7,108 block=5 clip=8
ATGLptDiag: best=-1(-57295.8) imip=-1/-1 pass=00000 acc=-1 ipm=-1.0,-1.0 inv=-1.0,-1.0 | 52(4.7) imip=42/53 pass=10111 acc=-1 ipm=7.8,63.5 inv=4.3,35.5
frame=634 line=0 track=1 cross=0 circle=0(CIRCLE_NONE) round=0 yroad=0 ramp=0 road=3 speed=0 near=0/1 raw=0/170 sel=1/0 far=0/0 far_raw=0/0 l=0@-1/0@-1 far_l=0@-1/0@-1 straight=0/0 far_straight=0/0 circle_cnt=0/0/0/0 lost=0/0 conf=0.0/0.0/0.0/0.0 dist=0 begin=0/3339 m0=(-1,-1) ml=(-1,-1) md=-1/0/-1 cxcy=84.0,119.6 guide=0.00 atg=-60.0/-60.0/-60.0 pure=11.31/8.63 yaw=0 cmd=0 actual=-1712 signed=0 rps=0/0:0/0 duty=0/0 pwm=PWM2:0/PWM1:0 motor=2:0/1:0
CrossDiag: type=CROSS_NONE track=1 half_lr=0/0 nearL=0@-1/0@-1 nearNum=0/1 centerNum=0/1 farL=0@-1/0@-1 farNum=0/0 farRaw=0/0 lost=0/0 not_have=0 final=1/0 flags=0/0
LineErr: aim=41 cxcy=84.0,119.6 left=0:0.00@-1,-1 dx=0.0 idx=-1/-1 dist=-1/-1 right=0:0.00@-1,-1 dx=0.0 idx=-1/-1 dist=-1/-1 sel=0:0.00@-1,-1 dx=0.0 idx=-1/-1 dist=-1/-1 edge=0:0.00@-1.0,-1.0 dx=0.0 width=0.0 l=-1,-1 r=-1,-1
ATGSeedDiag: seed=0@-1,-1/1@102,103 begin=7,108 block=5 clip=8
ATGLptDiag: best=-1(-57295.8) imip=-1/-1 pass=00000 acc=-1 ipm=-1.0,-1.0 inv=-1.0,-1.0 | -1(-57295.8) imip=-1/-1 pass=00000 acc=-1 ipm=-1.0,-1.0 inv=-1.0,-1.0
frame=635 line=0 track=1 cross=0 circle=0(CIRCLE_NONE) round=0 yroad=0 ramp=0 road=3 speed=0 near=0/1 raw=0/170 sel=1/0 far=0/0 far_raw=0/0 l=0@-1/0@-1 far_l=0@-1/0@-1 straight=0/0 far_straight=0/0 circle_cnt=0/0/0/0 lost=0/0 conf=0.0/0.0/0.0/0.0 dist=0 begin=0/3339 m0=(-1,-1) ml=(-1,-1) md=-1/0/-1 cxcy=84.0,119.6 guide=0.00 atg=-60.0/-60.0/-60.0 pure=11.31/8.63 yaw=0 cmd=0 actual=-1892 signed=0 rps=0/0:0/0 duty=0/0 pwm=PWM2:0/PWM1:0 motor=2:0/1:0
CrossDiag: type=CROSS_NONE track=1 half_lr=0/0 nearL=0@-1/0@-1 nearNum=0/1 centerNum=0/1 farL=0@-1/0@-1 farNum=0/0 farRaw=0/0 lost=0/0 not_have=0 final=1/0 flags=0/0
LineErr: aim=41 cxcy=84.0,119.6 left=0:0.00@-1,-1 dx=0.0 idx=-1/-1 dist=-1/-1 right=0:0.00@-1,-1 dx=0.0 idx=-1/-1 dist=-1/-1 sel=0:0.00@-1,-1 dx=0.0 idx=-1/-1 dist=-1/-1 edge=0:0.00@-1.0,-1.0 dx=0.0 width=0.0 l=-1,-1 r=-1,-1
ATGSeedDiag: seed=0@-1,-1/1@104,106 begin=7,108 block=5 clip=8
ATGLptDiag: best=-1(-57295.8) imip=-1/-1 pass=00000 acc=-1 ipm=-1.0,-1.0 inv=-1.0,-1.0 | -1(-57295.8) imip=-1/-1 pass=00000 acc=-1 ipm=-1.0,-1.0 inv=-1.0,-1.0
frame=636 line=0 track=1 cross=0 circle=0(CIRCLE_NONE) round=0 yroad=0 ramp=0 road=3 speed=0 near=0/1 raw=0/170 sel=1/0 far=0/0 far_raw=0/0 l=0@-1/0@-1 far_l=0@-1/0@-1 straight=0/0 far_straight=0/0 circle_cnt=0/0/0/0 lost=0/0 conf=0.0/0.0/0.0/0.0 dist=0 begin=0/3339 m0=(-1,-1) ml=(-1,-1) md=-1/0/-1 cxcy=84.0,119.6 guide=0.00 atg=-60.0/-60.0/-60.0 pure=11.31/8.63 yaw=0 cmd=0 actual=-2043 signed=0 rps=0/0:0/0 duty=0/0 pwm=PWM2:0/PWM1:0 motor=2:0/1:0
CrossDiag: type=CROSS_NONE track=1 half_lr=0/0 nearL=0@-1/0@-1 nearNum=0/1 centerNum=0/1 farL=0@-1/0@-1 farNum=0/0 farRaw=0/0 lost=0/0 not_have=0 final=1/0 flags=0/0
LineErr: aim=41 cxcy=84.0,119.6 left=0:0.00@-1,-1 dx=0.0 idx=-1/-1 dist=-1/-1 right=0:0.00@-1,-1 dx=0.0 idx=-1/-1 dist=-1/-1 sel=0:0.00@-1,-1 dx=0.0 idx=-1/-1 dist=-1/-1 edge=0:0.00@-1.0,-1.0 dx=0.0 width=0.0 l=-1,-1 r=-1,-1
ATGSeedDiag: seed=0@-1,-1/1@106,108 begin=7,108 block=5 clip=8
ATGLptDiag: best=-1(-57295.8) imip=-1/-1 pass=00000 acc=-1 ipm=-1.0,-1.0 inv=-1.0,-1.0 | -1(-57295.8) imip=-1/-1 pass=00000 acc=-1 ipm=-1.0,-1.0 inv=-1.0,-1.0
frame=637 line=1 track=1 cross=0 circle=0(CIRCLE_NONE) round=0 yroad=0 ramp=0 road=3 speed=0 near=0/58 raw=0/153 sel=58/49 far=0/0 far_raw=0/0 l=0@-1/0@-1 far_l=0@-1/0@-1 straight=0/1 far_straight=0/0 circle_cnt=0/0/0/0 lost=0/0 conf=0.0/3.2/0.0/0.0 dist=0 begin=0/3339 m0=(84,119) ml=(45,108) md=40/1/93 cxcy=84.0,119.6 guide=48.70 atg=-60.0/-60.0/-60.0 pure=11.23/7.64 yaw=-3896 cmd=-4296 actual=-1697 signed=0 rps=8290/0:5981/4578 duty=22/0 pwm=PWM2:22/PWM1:0 motor=2:22/1:0
CrossDiag: type=CROSS_NONE track=1 half_lr=0/0 nearL=0@-1/0@-1 nearNum=0/58 centerNum=0/58 farL=0@-1/0@-1 farNum=0/0 farRaw=0/0 lost=0/0 not_have=0 final=58/49 flags=0/0
LineErr: aim=41 cxcy=84.0,119.6 left=0:0.00@-1,-1 dx=0.0 idx=-1/-1 dist=-1/-1 right=1:48.22@46,109 dx=-37.5 idx=11/28 dist=41/101 sel=1:48.69@45,108 dx=-39.2 idx=0/20 dist=40/96 edge=0:0.00@-1.0,-1.0 dx=0.0 width=0.0 l=-1,-1 r=52,83
ATGSeedDiag: seed=0@-1,-1/1@155,107 begin=7,108 block=5 clip=8
ATGLptDiag: best=-1(-57295.8) imip=-1/-1 pass=00000 acc=-1 ipm=-1.0,-1.0 inv=-1.0,-1.0 | 18(3.2) imip=8/28 pass=10111 acc=-1 ipm=79.0,96.1 inv=68.8,62.1
frame=638 line=1 track=1 cross=0 circle=0(CIRCLE_NONE) round=0 yroad=0 ramp=0 road=3 speed=0 near=0/60 raw=0/151 sel=60/51 far=0/0 far_raw=0/0 l=0@-1/0@-1 far_l=0@-1/0@-1 straight=0/1 far_straight=0/0 circle_cnt=0/0/0/0 lost=0/0 conf=0.0/6.3/0.0/0.0 dist=0 begin=0/3339 m0=(84,119) ml=(44,108) md=40/1/96 cxcy=84.0,119.6 guide=48.84 atg=-60.0/-60.0/-60.0 pure=11.06/7.40 yaw=-3907 cmd=-4307 actual=-1591 signed=0 rps=8298/0:5649/4323 duty=22/0 pwm=PWM2:22/PWM1:0 motor=2:22/1:0
CrossDiag: type=CROSS_NONE track=1 half_lr=0/0 nearL=0@-1/0@-1 nearNum=0/60 centerNum=0/60 farL=0@-1/0@-1 farNum=0/0 farRaw=0/0 lost=0/0 not_have=0 final=60/51 flags=0/0
LineErr: aim=41 cxcy=84.0,119.6 left=0:0.00@-1,-1 dx=0.0 idx=-1/-1 dist=-1/-1 right=1:47.53@48,109 dx=-36.5 idx=11/27 dist=40/104 sel=1:48.44@44,108 dx=-39.5 idx=0/20 dist=40/100 edge=0:0.00@-1.0,-1.0 dx=0.0 width=0.0 l=-1,-1 r=54,83
ATGSeedDiag: seed=0@-1,-1/1@153,108 begin=7,108 block=5 clip=8
ATGLptDiag: best=-1(-57295.8) imip=-1/-1 pass=00000 acc=-1 ipm=-1.0,-1.0 inv=-1.0,-1.0 | 1(6.3) imip=0/11 pass=10111 acc=-1 ipm=112.1,116.1 inv=144.3,103.7
frame=639 line=1 track=1 cross=0 circle=0(CIRCLE_NONE) round=0 yroad=0 ramp=0 road=3 speed=0 near=0/61 raw=0/149 sel=61/53 far=0/0 far_raw=0/0 l=0@-1/0@-1 far_l=0@-1/0@-1 straight=0/1 far_straight=0/0 circle_cnt=0/0/0/0 lost=0/0 conf=0.0/7.8/0.0/0.0 dist=0 begin=0/3339 m0=(84,119) ml=(45,108) md=40/1/99 cxcy=84.0,119.6 guide=48.52 atg=-60.0/-60.0/-60.0 pure=11.13/7.43 yaw=-3881 cmd=-4281 actual=-1546 signed=0 rps=8280/0:6288/4435 duty=21/0 pwm=PWM2:21/PWM1:0 motor=2:21/1:0
CrossDiag: type=CROSS_NONE track=1 half_lr=0/0 nearL=0@-1/0@-1 nearNum=0/61 centerNum=0/61 farL=0@-1/0@-1 farNum=0/0 farRaw=0/0 lost=0/0 not_have=0 final=61/53 flags=0/0
LineErr: aim=41 cxcy=84.0,119.6 left=0:0.00@-1,-1 dx=0.0 idx=-1/-1 dist=-1/-1 right=1:47.21@49,110 dx=-35.5 idx=10/26 dist=40/108 sel=1:48.17@45,108 dx=-38.6 idx=0/20 dist=40/104 edge=0:0.00@-1.0,-1.0 dx=0.0 width=0.0 l=-1,-1 r=53,83
ATGSeedDiag: seed=0@-1,-1/1@151,108 begin=7,108 block=5 clip=8
ATGLptDiag: best=-1(-57295.8) imip=-1/-1 pass=00000 acc=-1 ipm=-1.0,-1.0 inv=-1.0,-1.0 | 1(7.8) imip=0/11 pass=10111 acc=-1 ipm=111.0,116.3 inv=142.3,104.5
frame=640 line=1 track=1 cross=0 circle=0(CIRCLE_NONE) round=0 yroad=0 ramp=0 road=3 speed=0 near=0/61 raw=0/145 sel=61/54 far=0/0 far_raw=0/0 l=0@-1/0@-1 far_l=0@-1/0@-1 straight=0/1 far_straight=0/0 circle_cnt=0/0/0/0 lost=0/0 conf=0.0/4.5/0.0/0.0 dist=0 begin=0/3339 m0=(84,119) ml=(44,107) md=41/1/100 cxcy=84.0,119.6 guide=48.90 atg=-60.0/-60.0/-60.0 pure=11.20/7.44 yaw=-3912 cmd=-4312 actual=-1575 signed=0 rps=8301/0:7111/4522 duty=20/0 pwm=PWM2:20/PWM1:0 motor=2:20/1:0
CrossDiag: type=CROSS_NONE track=1 half_lr=0/0 nearL=0@-1/0@-1 nearNum=0/61 centerNum=0/61 farL=0@-1/0@-1 farNum=0/0 farRaw=0/0 lost=0/0 not_have=0 final=61/54 flags=0/0
LineErr: aim=41 cxcy=84.0,119.6 left=0:0.00@-1,-1 dx=0.0 idx=-1/-1 dist=-1/-1 right=1:47.01@49,110 dx=-34.9 idx=9/25 dist=40/110 sel=1:48.00@46,109 dx=-38.0 idx=0/20 dist=40/106 edge=0:0.00@-1.0,-1.0 dx=0.0 width=0.0 l=-1,-1 r=52,82
ATGSeedDiag: seed=0@-1,-1/1@147,108 begin=7,108 block=5 clip=8
ATGLptDiag: best=-1(-57295.8) imip=-1/-1 pass=00000 acc=-1 ipm=-1.0,-1.0 inv=-1.0,-1.0 | 1(4.5) imip=0/11 pass=10111 acc=-1 ipm=109.4,116.2 inv=138.2,104.1
frame=641 line=1 track=1 cross=0 circle=0(CIRCLE_NONE) round=0 yroad=0 ramp=0 road=3 speed=0 near=0/61 raw=0/141 sel=61/54 far=0/0 far_raw=0/0 l=0@-1/0@-1 far_l=0@-1/0@-1 straight=0/1 far_straight=0/0 circle_cnt=0/0/0/0 lost=0/0 conf=0.0/3.8/0.0/0.0 dist=0 begin=0/3339 m0=(84,119) ml=(45,108) md=40/1/102 cxcy=84.0,119.6 guide=48.30 atg=-60.0/-60.0/-60.0 pure=10.97/7.30 yaw=-3864 cmd=-4264 actual=-1676 signed=0 rps=8268/0:8771/5168 duty=18/0 pwm=PWM2:18/PWM1:0 motor=2:18/1:0
CrossDiag: type=CROSS_NONE track=1 half_lr=0/0 nearL=0@-1/0@-1 nearNum=0/61 centerNum=0/61 farL=0@-1/0@-1 farNum=0/0 farRaw=0/0 lost=0/0 not_have=0 final=61/54 flags=0/0
LineErr: aim=41 cxcy=84.0,119.6 left=0:0.00@-1,-1 dx=0.0 idx=-1/-1 dist=-1/-1 right=1:47.39@48,109 dx=-36.3 idx=9/25 dist=40/110 sel=1:48.05@45,108 dx=-39.2 idx=0/20 dist=40/106 edge=0:0.00@-1.0,-1.0 dx=0.0 width=0.0 l=-1,-1 r=53,82
ATGSeedDiag: seed=0@-1,-1/1@143,108 begin=7,108 block=5 clip=8
ATGLptDiag: best=-1(-57295.8) imip=-1/-1 pass=00000 acc=-1 ipm=-1.0,-1.0 inv=-1.0,-1.0 | 14(3.8) imip=4/24 pass=10111 acc=-1 ipm=83.0,99.0 inv=74.8,66.2
frame=642 line=0 track=1 cross=0 circle=0(CIRCLE_NONE) round=0 yroad=0 ramp=0 road=3 speed=0 near=0/1 raw=0/170 sel=1/0 far=0/0 far_raw=0/0 l=0@-1/0@-1 far_l=0@-1/0@-1 straight=0/0 far_straight=0/0 circle_cnt=0/0/0/0 lost=0/0 conf=0.0/0.0/0.0/0.0 dist=0 begin=0/3339 m0=(-1,-1) ml=(-1,-1) md=-1/0/-1 cxcy=84.0,119.6 guide=0.00 atg=-60.0/-60.0/-60.0 pure=10.97/7.30 yaw=0 cmd=0 actual=-2158 signed=0 rps=0/0:0/0 duty=0/0 pwm=PWM2:0/PWM1:0 motor=2:0/1:0
CrossDiag: type=CROSS_NONE track=1 half_lr=0/0 nearL=0@-1/0@-1 nearNum=0/1 centerNum=0/1 farL=0@-1/0@-1 farNum=0/0 farRaw=0/0 lost=0/0 not_have=0 final=1/0 flags=0/0
LineErr: aim=41 cxcy=84.0,119.6 left=0:0.00@-1,-1 dx=0.0 idx=-1/-1 dist=-1/-1 right=0:0.00@-1,-1 dx=0.0 idx=-1/-1 dist=-1/-1 sel=0:0.00@-1,-1 dx=0.0 idx=-1/-1 dist=-1/-1 edge=0:0.00@-1.0,-1.0 dx=0.0 width=0.0 l=-1,-1 r=-1,-1
ATGSeedDiag: seed=0@-1,-1/1@128,108 begin=7,108 block=5 clip=8
ATGLptDiag: best=-1(-57295.8) imip=-1/-1 pass=00000 acc=-1 ipm=-1.0,-1.0 inv=-1.0,-1.0 | -1(-57295.8) imip=-1/-1 pass=00000 acc=-1 ipm=-1.0,-1.0 inv=-1.0,-1.0
frame=643 line=1 track=1 cross=0 circle=0(CIRCLE_NONE) round=0 yroad=0 ramp=0 road=3 speed=0 near=0/2 raw=0/20 sel=2/19 far=0/0 far_raw=0/0 l=0@-1/0@-1 far_l=0@-1/0@-1 straight=0/0 far_straight=0/0 circle_cnt=0/0/0/0 lost=0/0 conf=0.0/0.0/0.0/0.0 dist=0 begin=0/3339 m0=(84,119) ml=(120,98) md=39/0/39 cxcy=84.0,119.6 guide=-37.38 atg=60.0/60.0/60.0 pure=-11.11/-11.11 yaw=2990 cmd=3390 actual=-2123 signed=0 rps=0/7653:5920/4395 duty=0/25 pwm=PWM2:0/PWM1:25 motor=2:0/1:25
CrossDiag: type=CROSS_NONE track=1 half_lr=0/0 nearL=0@-1/0@-1 nearNum=0/2 centerNum=0/2 farL=0@-1/0@-1 farNum=0/0 farRaw=0/0 lost=0/0 not_have=0 final=2/19 flags=0/0
LineErr: aim=41 cxcy=84.0,119.6 left=0:0.00@-1,-1 dx=0.0 idx=-1/-1 dist=-1/-1 right=1:-38.93@121,97 dx=37.0 idx=0/1 dist=43/43 sel=1:-38.38@120,98 dx=35.6 idx=0/18 dist=36/36 edge=0:0.00@-1.0,-1.0 dx=0.0 width=0.0 l=-1,-1 r=105,118
ATGSeedDiag: seed=0@-1,-1/1@127,108 begin=7,108 block=5 clip=8
ATGLptDiag: best=-1(-57295.8) imip=-1/-1 pass=00000 acc=-1 ipm=-1.0,-1.0 inv=-1.0,-1.0 | -1(-57295.8) imip=-1/-1 pass=00000 acc=-1 ipm=-1.0,-1.0 inv=-1.0,-1.0
frame=644 line=1 track=1 cross=0 circle=0(CIRCLE_NONE) round=0 yroad=0 ramp=0 road=3 speed=0 near=0/66 raw=0/135 sel=66/61 far=0/0 far_raw=0/0 l=0@-1/0@-1 far_l=0@-1/0@-1 straight=0/1 far_straight=0/0 circle_cnt=0/0/0/0 lost=0/0 conf=0.0/4.5/0.0/0.0 dist=0 begin=0/3339 m0=(84,119) ml=(45,107) md=41/1/112 cxcy=84.0,119.6 guide=47.72 atg=-60.0/-60.0/-60.0 pure=10.80/7.16 yaw=-3818 cmd=-4218 actual=-2027 signed=0 rps=8235/0:5456/4286 duty=22/0 pwm=PWM2:22/PWM1:0 motor=2:22/1:0
CrossDiag: type=CROSS_NONE track=1 half_lr=0/0 nearL=0@-1/0@-1 nearNum=0/66 centerNum=0/66 farL=0@-1/0@-1 farNum=0/0 farRaw=0/0 lost=0/0 not_have=0 final=66/61 flags=0/0
LineErr: aim=41 cxcy=84.0,119.6 left=0:0.00@-1,-1 dx=0.0 idx=-1/-1 dist=-1/-1 right=1:46.75@47,108 dx=-36.5 idx=8/24 dist=41/123 sel=1:47.27@45,107 dx=-38.6 idx=0/20 dist=40/120 edge=0:0.00@-1.0,-1.0 dx=0.0 width=0.0 l=-1,-1 r=55,82
ATGSeedDiag: seed=0@-1,-1/1@137,108 begin=7,108 block=5 clip=8
ATGLptDiag: best=-1(-57295.8) imip=-1/-1 pass=00000 acc=-1 ipm=-1.0,-1.0 inv=-1.0,-1.0 | 2(4.5) imip=0/12 pass=10111 acc=-1 ipm=103.5,114.6 inv=122.2,99.3
frame=645 line=1 track=1 cross=0 circle=0(CIRCLE_NONE) round=0 yroad=0 ramp=0 road=3 speed=0 near=0/69 raw=0/133 sel=69/64 far=0/0 far_raw=0/0 l=0@-1/0@-1 far_l=0@-1/0@-1 straight=0/1 far_straight=0/0 circle_cnt=0/0/0/0 lost=0/0 conf=0.0/6.3/0.0/0.0 dist=0 begin=0/3339 m0=(84,119) ml=(45,107) md=41/1/118 cxcy=84.0,119.6 guide=47.23 atg=-60.0/-60.0/-60.0 pure=10.68/7.08 yaw=-3779 cmd=-4179 actual=-1887 signed=0 rps=8208/0:5520/4676 duty=22/0 pwm=PWM2:22/PWM1:0 motor=2:22/1:0
CrossDiag: type=CROSS_NONE track=1 half_lr=0/0 nearL=0@-1/0@-1 nearNum=0/69 centerNum=0/69 farL=0@-1/0@-1 farNum=0/0 farRaw=0/0 lost=0/0 not_have=0 final=69/64 flags=0/0
LineErr: aim=41 cxcy=84.0,119.6 left=0:0.00@-1,-1 dx=0.0 idx=-1/-1 dist=-1/-1 right=1:46.69@47,108 dx=-37.4 idx=8/24 dist=41/129 sel=1:47.03@45,107 dx=-38.8 idx=0/20 dist=40/126 edge=0:0.00@-1.0,-1.0 dx=0.0 width=0.0 l=-1,-1 r=55,82
ATGSeedDiag: seed=0@-1,-1/1@135,108 begin=7,108 block=5 clip=8
ATGLptDiag: best=-1(-57295.8) imip=-1/-1 pass=00000 acc=-1 ipm=-1.0,-1.0 inv=-1.0,-1.0 | 2(6.3) imip=0/12 pass=10111 acc=-1 ipm=102.6,114.7 inv=120.4,99.6
frame=646 line=1 track=1 cross=0 circle=0(CIRCLE_NONE) round=0 yroad=0 ramp=0 road=3 speed=0 near=0/72 raw=0/127 sel=72/69 far=0/0 far_raw=0/0 l=0@-1/0@-1 far_l=0@-1/0@-1 straight=0/1 far_straight=0/0 circle_cnt=0/0/0/0 lost=0/0 conf=0.0/5.5/0.0/0.0 dist=0 begin=0/3339 m0=(84,119) ml=(45,106) md=42/1/126 cxcy=84.0,119.6 guide=47.01 atg=-60.0/-60.0/-60.0 pure=10.84/7.10 yaw=-3761 cmd=-4161 actual=-1770 signed=0 rps=8195/0:5980/4642 duty=21/0 pwm=PWM2:21/PWM1:0 motor=2:21/1:0
CrossDiag: type=CROSS_NONE track=1 half_lr=0/0 nearL=0@-1/0@-1 nearNum=0/72 centerNum=0/72 farL=0@-1/0@-1 farNum=0/0 farRaw=0/0 lost=0/0 not_have=0 final=72/69 flags=0/0
LineErr: aim=41 cxcy=84.0,119.6 left=0:0.00@-1,-1 dx=0.0 idx=-1/-1 dist=-1/-1 right=1:46.26@48,109 dx=-35.7 idx=6/22 dist=41/139 sel=1:46.54@47,108 dx=-37.0 idx=0/20 dist=40/136 edge=0:0.00@-1.0,-1.0 dx=0.0 width=0.0 l=-1,-1 r=55,82
ATGSeedDiag: seed=0@-1,-1/1@129,108 begin=7,108 block=5 clip=8
ATGLptDiag: best=-1(-57295.8) imip=-1/-1 pass=00000 acc=-1 ipm=-1.0,-1.0 inv=-1.0,-1.0 | 9(5.5) imip=0/19 pass=10111 acc=-1 ipm=88.0,103.7 inv=83.7,73.9
frame=647 line=1 track=1 cross=0 circle=0(CIRCLE_NONE) round=0 yroad=0 ramp=0 road=3 speed=0 near=0/77 raw=0/125 sel=77/74 far=0/0 far_raw=0/0 l=0@-1/0@-1 far_l=0@-1/0@-1 straight=0/1 far_straight=0/0 circle_cnt=0/0/0/0 lost=0/0 conf=0.0/6.0/0.0/0.0 dist=0 begin=0/3339 m0=(84,119) ml=(47,107) md=40/1/135 cxcy=84.0,119.6 guide=46.29 atg=-60.0/-60.0/-60.0 pure=10.64/6.98 yaw=-3703 cmd=-4103 actual=-1758 signed=0 rps=8155/0:6042/4301 duty=21/0 pwm=PWM2:21/PWM1:0 motor=2:21/1:0
CrossDiag: type=CROSS_NONE track=1 half_lr=0/0 nearL=0@-1/0@-1 nearNum=0/77 centerNum=0/77 farL=0@-1/0@-1 farNum=0/0 farRaw=0/0 lost=0/0 not_have=0 final=77/74 flags=0/0
LineErr: aim=41 cxcy=84.0,119.6 left=0:0.00@-1,-1 dx=0.0 idx=-1/-1 dist=-1/-1 right=1:45.54@50,109 dx=-34.5 idx=6/21 dist=40/150 sel=1:46.15@47,107 dx=-37.4 idx=0/20 dist=40/146 edge=0:0.00@-1.0,-1.0 dx=0.0 width=0.0 l=-1,-1 r=55,81
ATGSeedDiag: seed=0@-1,-1/1@127,108 begin=7,108 block=5 clip=8
ATGLptDiag: best=-1(-57295.8) imip=-1/-1 pass=00000 acc=-1 ipm=-1.0,-1.0 inv=-1.0,-1.0 | 9(6.0) imip=0/19 pass=10111 acc=-1 ipm=87.5,103.3 inv=82.8,73.2
frame=649 line=1 track=1 cross=0 circle=0(CIRCLE_NONE) round=0 yroad=0 ramp=0 road=3 speed=0 near=0/86 raw=0/122 sel=86/84 far=0/0 far_raw=0/0 l=0@-1/0@-1 far_l=0@-1/0@-1 straight=0/1 far_straight=0/0 circle_cnt=0/0/0/0 lost=0/0 conf=0.0/6.2/0.0/0.0 dist=0 begin=0/3339 m0=(84,119) ml=(46,105) md=42/1/151 cxcy=84.0,119.6 guide=45.47 atg=-60.0/-60.0/-60.0 pure=10.55/6.88 yaw=-3638 cmd=-4038 actual=-1823 signed=0 rps=8108/0:6441/4133 duty=20/0 pwm=PWM2:20/PWM1:0 motor=2:20/1:0
CrossDiag: type=CROSS_NONE track=1 half_lr=0/0 nearL=0@-1/0@-1 nearNum=0/86 centerNum=0/86 farL=0@-1/0@-1 farNum=0/0 farRaw=0/0 lost=0/0 not_have=0 final=86/84 flags=0/0
LineErr: aim=41 cxcy=84.0,119.6 left=0:0.00@-1,-1 dx=0.0 idx=-1/-1 dist=-1/-1 right=1:44.67@50,109 dx=-33.6 idx=5/20 dist=40/170 sel=1:45.16@48,107 dx=-36.4 idx=0/20 dist=40/166 edge=0:0.00@-1.0,-1.0 dx=0.0 width=0.0 l=-1,-1 r=59,82
ATGSeedDiag: seed=0@-1,-1/1@124,108 begin=7,108 block=5 clip=8
ATGLptDiag: best=-1(-57295.8) imip=-1/-1 pass=00000 acc=-1 ipm=-1.0,-1.0 inv=-1.0,-1.0 | 7(6.2) imip=0/17 pass=10111 acc=-1 ipm=90.3,105.7 inv=88.4,77.7
frame=650 line=1 track=1 cross=0 circle=0(CIRCLE_NONE) round=0 yroad=0 ramp=0 road=3 speed=0 near=0/91 raw=0/122 sel=91/89 far=0/0 far_raw=0/0 l=0@-1/0@-1 far_l=0@-1/0@-1 straight=0/1 far_straight=0/0 circle_cnt=0/0/0/0 lost=0/0 conf=0.0/5.6/0.0/0.0 dist=0 begin=0/3339 m0=(84,119) ml=(48,106) md=40/1/161 cxcy=84.0,119.6 guide=45.18 atg=-60.0/-60.0/-60.0 pure=10.21/6.70 yaw=-3614 cmd=-4014 actual=-1820 signed=0 rps=8092/0:6760/4432 duty=20/0 pwm=PWM2:20/PWM1:0 motor=2:20/1:0
CrossDiag: type=CROSS_NONE track=1 half_lr=0/0 nearL=0@-1/0@-1 nearNum=0/91 centerNum=0/91 farL=0@-1/0@-1 farNum=0/0 farRaw=0/0 lost=0/0 not_have=0 final=91/89 flags=0/0
LineErr: aim=41 cxcy=84.0,119.6 left=0:0.00@-1,-1 dx=0.0 idx=-1/-1 dist=-1/-1 right=1:44.93@48,107 dx=-36.0 idx=6/21 dist=40/178 sel=1:45.21@46,105 dx=-38.0 idx=0/20 dist=40/176 edge=0:0.00@-1.0,-1.0 dx=0.0 width=0.0 l=-1,-1 r=57,80
ATGSeedDiag: seed=0@-1,-1/1@123,108 begin=7,108 block=5 clip=8
ATGLptDiag: best=-1(-57295.8) imip=-1/-1 pass=00000 acc=-1 ipm=-1.0,-1.0 inv=-1.0,-1.0 | 8(5.6) imip=0/18 pass=10111 acc=-1 ipm=88.1,104.2 inv=84.1,74.7
frame=651 line=1 track=1 cross=0 circle=0(CIRCLE_NONE) round=0 yroad=0 ramp=0 road=3 speed=0 near=0/98 raw=0/119 sel=98/97 far=0/0 far_raw=0/0 l=0@-1/0@-1 far_l=0@-1/0@-1 straight=0/1 far_straight=0/0 circle_cnt=0/0/0/0 lost=0/0 conf=0.0/6.0/0.0/0.0 dist=0 begin=0/3339 m0=(84,119) ml=(47,106) md=40/1/166 cxcy=84.0,119.6 guide=45.18 atg=-60.0/-60.0/-60.0 pure=10.29/6.71 yaw=-3614 cmd=-4014 actual=-1847 signed=0 rps=8092/0:6829/4688 duty=20/0 pwm=PWM2:20/PWM1:0 motor=2:20/1:0
CrossDiag: type=CROSS_NONE track=1 half_lr=0/0 nearL=0@-1/0@-1 nearNum=0/98 centerNum=0/98 farL=0@-1/0@-1 farNum=0/0 farRaw=0/0 lost=0/0 not_have=0 final=98/97 flags=0/0
LineErr: aim=41 cxcy=84.0,119.6 left=0:0.00@-1,-1 dx=0.0 idx=-1/-1 dist=-1/-1 right=1:44.56@49,107 dx=-34.8 idx=5/20 dist=40/194 sel=1:44.93@47,106 dx=-37.0 idx=0/20 dist=40/192 edge=0:0.00@-1.0,-1.0 dx=0.0 width=0.0 l=-1,-1 r=58,81
ATGSeedDiag: seed=0@-1,-1/1@121,108 begin=7,108 block=5 clip=8
ATGLptDiag: best=-1(-57295.8) imip=-1/-1 pass=00000 acc=-1 ipm=-1.0,-1.0 inv=-1.0,-1.0 | 6(6.0) imip=0/16 pass=10111 acc=-1 ipm=91.0,107.0 inv=90.2,80.3
frame=652 line=1 track=1 cross=0 circle=0(CIRCLE_NONE) round=0 yroad=0 ramp=0 road=3 speed=0 near=0/103 raw=0/118 sel=103/102 far=0/0 far_raw=0/0 l=0@-1/0@-1 far_l=0@-1/0@-1 straight=0/1 far_straight=0/0 circle_cnt=0/0/0/0 lost=0/0 conf=0.0/6.3/0.0/0.0 dist=0 begin=0/3339 m0=(84,119) ml=(47,105) md=41/1/166 cxcy=84.0,119.6 guide=44.73 atg=-60.0/-60.0/-60.0 pure=10.19/6.65 yaw=-3578 cmd=-3978 actual=-1925 signed=0 rps=8067/0:6358/4514 duty=20/0 pwm=PWM2:20/PWM1:0 motor=2:20/1:0
CrossDiag: type=CROSS_NONE track=1 half_lr=0/0 nearL=0@-1/0@-1 nearNum=0/103 centerNum=0/103 farL=0@-1/0@-1 farNum=0/0 farRaw=0/0 lost=0/0 not_have=0 final=103/102 flags=0/0
LineErr: aim=41 cxcy=84.0,119.6 left=0:0.00@-1,-1 dx=0.0 idx=-1/-1 dist=-1/-1 right=1:44.47@49,107 dx=-35.3 idx=5/20 dist=41/205 sel=1:44.71@47,105 dx=-37.1 idx=0/20 dist=40/202 edge=0:0.00@-1.0,-1.0 dx=0.0 width=0.0 l=-1,-1 r=58,81
ATGSeedDiag: seed=0@-1,-1/1@120,108 begin=7,108 block=5 clip=8
ATGLptDiag: best=-1(-57295.8) imip=-1/-1 pass=00000 acc=-1 ipm=-1.0,-1.0 inv=-1.0,-1.0 | 5(6.3) imip=0/15 pass=10111 acc=-1 ipm=92.3,108.5 inv=93.5,83.5
frame=653 line=1 track=1 cross=0 circle=0(CIRCLE_NONE) round=0 yroad=0 ramp=0 road=3 speed=0 near=0/113 raw=0/116 sel=113/113 far=0/0 far_raw=0/0 l=0@-1/0@-1 far_l=0@-1/0@-1 straight=0/1 far_straight=0/0 circle_cnt=0/0/0/0 lost=0/0 conf=0.0/8.1/0.0/0.0 dist=0 begin=0/3339 m0=(84,119) ml=(48,106) md=40/1/166 cxcy=84.0,119.6 guide=44.51 atg=-60.0/-60.0/-60.0 pure=10.23/6.63 yaw=-3561 cmd=-3961 actual=-2042 signed=0 rps=8054/0:6383/4592 duty=20/0 pwm=PWM2:20/PWM1:0 motor=2:20/1:0
CrossDiag: type=CROSS_NONE track=1 half_lr=0/0 nearL=0@-1/0@-1 nearNum=0/113 centerNum=0/113 farL=0@-1/0@-1 farNum=0/0 farRaw=0/0 lost=0/0 not_have=0 final=113/113 flags=0/0
LineErr: aim=41 cxcy=84.0,119.6 left=0:0.00@-1,-1 dx=0.0 idx=-1/-1 dist=-1/-1 right=1:44.01@50,107 dx=-34.1 idx=4/19 dist=41/227 sel=1:44.20@48,106 dx=-36.0 idx=0/20 dist=40/224 edge=0:0.00@-1.0,-1.0 dx=0.0 width=0.0 l=-1,-1 r=58,80
ATGSeedDiag: seed=0@-1,-1/1@118,108 begin=7,108 block=5 clip=8
ATGLptDiag: best=-1(-57295.8) imip=-1/-1 pass=00000 acc=-1 ipm=-1.0,-1.0 inv=-1.0,-1.0 | 4(8.1) imip=0/14 pass=10111 acc=-1 ipm=93.5,109.8 inv=96.4,86.5
frame=654 line=1 track=1 cross=0 circle=0(CIRCLE_NONE) round=0 yroad=0 ramp=0 road=3 speed=0 near=0/122 raw=0/115 sel=122/121 far=0/0 far_raw=0/0 l=0@-1/0@-1 far_l=0@-1/0@-1 straight=0/1 far_straight=0/0 circle_cnt=0/0/0/0 lost=0/0 conf=0.0/7.0/0.0/0.0 dist=0 begin=0/3339 m0=(84,119) ml=(47,104) md=42/1/165 cxcy=84.0,119.6 guide=44.08 atg=-60.0/-60.0/-60.0 pure=9.94/6.45 yaw=-3526 cmd=-3926 actual=-2120 signed=0 rps=8030/0:6162/4371 duty=20/0 pwm=PWM2:20/PWM1:0 motor=2:20/1:0
CrossDiag: type=CROSS_NONE track=1 half_lr=0/0 nearL=0@-1/0@-1 nearNum=0/122 centerNum=0/122 farL=0@-1/0@-1 farNum=0/0 farRaw=0/0 lost=0/0 not_have=0 final=122/121 flags=0/0
LineErr: aim=41 cxcy=84.0,119.6 left=0:0.00@-1,-1 dx=0.0 idx=-1/-1 dist=-1/-1 right=1:43.78@48,105 dx=-36.1 idx=5/20 dist=41/243 sel=1:43.93@47,104 dx=-37.1 idx=0/20 dist=40/240 edge=0:0.00@-1.0,-1.0 dx=0.0 width=0.0 l=-1,-1 r=60,81
ATGSeedDiag: seed=0@-1,-1/1@117,108 begin=7,108 block=5 clip=8
ATGLptDiag: best=-1(-57295.8) imip=-1/-1 pass=00000 acc=-1 ipm=-1.0,-1.0 inv=-1.0,-1.0 | 5(7.0) imip=0/15 pass=10111 acc=-1 ipm=91.4,108.1 inv=91.6,82.6
frame=655 line=1 track=1 cross=0 circle=0(CIRCLE_NONE) round=0 yroad=0 ramp=0 road=3 speed=0 near=0/131 raw=0/116 sel=131/129 far=0/0 far_raw=0/0 l=0@-1/0@-1 far_l=0@-1/0@-1 straight=0/1 far_straight=0/0 circle_cnt=0/0/0/0 lost=0/0 conf=0.0/11.3/0.0/0.0 dist=0 begin=0/3339 m0=(84,119) ml=(48,105) md=40/1/164 cxcy=84.0,119.6 guide=43.40 atg=-60.0/-60.0/-60.0 pure=9.95/6.41 yaw=-3472 cmd=-3872 actual=-2185 signed=0 rps=7992/0:6609/4541 duty=20/0 pwm=PWM2:20/PWM1:0 motor=2:20/1:0
CrossDiag: type=CROSS_NONE track=1 half_lr=0/0 nearL=0@-1/0@-1 nearNum=0/131 centerNum=0/131 farL=0@-1/0@-1 farNum=0/0 farRaw=0/0 lost=0/0 not_have=0 final=131/129 flags=0/0
LineErr: aim=41 cxcy=84.0,119.6 left=0:0.00@-1,-1 dx=0.0 idx=-1/-1 dist=-1/-1 right=1:43.02@49,106 dx=-34.6 idx=4/19 dist=41/263 sel=1:43.24@48,105 dx=-36.0 idx=0/20 dist=40/256 edge=0:0.00@-1.0,-1.0 dx=0.0 width=0.0 l=-1,-1 r=60,80
ATGSeedDiag: seed=0@-1,-1/1@116,108 begin=7,108 block=5 clip=8
ATGLptDiag: best=-1(-57295.8) imip=-1/-1 pass=00000 acc=-1 ipm=-1.0,-1.0 inv=-1.0,-1.0 | 1(11.3) imip=0/11 pass=10111 acc=-1 ipm=97.5,114.8 inv=109.1,100.1
frame=656 line=1 track=1 cross=0 circle=0(CIRCLE_NONE) round=0 yroad=0 ramp=0 road=3 speed=0 near=0/141 raw=0/115 sel=141/138 far=0/0 far_raw=0/0 l=0@-1/0@-1 far_l=0@-1/0@-1 straight=0/1 far_straight=0/0 circle_cnt=0/0/0/0 lost=0/0 conf=0.0/6.7/0.0/0.0 dist=0 begin=0/3339 m0=(84,119) ml=(49,104) md=40/1/163 cxcy=84.0,119.6 guide=42.72 atg=-60.0/-60.0/-60.0 pure=9.78/6.30 yaw=-3418 cmd=-3818 actual=-2260 signed=0 rps=7954/0:7150/4712 duty=19/0 pwm=PWM2:19/PWM1:0 motor=2:19/1:0
CrossDiag: type=CROSS_NONE track=1 half_lr=0/0 nearL=0@-1/0@-1 nearNum=0/141 centerNum=0/141 farL=0@-1/0@-1 farNum=0/0 farRaw=0/0 lost=0/0 not_have=0 final=141/138 flags=0/0
LineErr: aim=41 cxcy=84.0,119.6 left=0:0.00@-1,-1 dx=0.0 idx=-1/-1 dist=-1/-1 right=1:42.38@49,105 dx=-34.6 idx=4/19 dist=41/283 sel=1:42.50@49,104 dx=-35.5 idx=0/20 dist=40/274 edge=0:0.00@-1.0,-1.0 dx=0.0 width=0.0 l=-1,-1 r=61,80
ATGSeedDiag: seed=0@-1,-1/1@116,108 begin=7,108 block=5 clip=8
ATGLptDiag: best=-1(-57295.8) imip=-1/-1 pass=00000 acc=-1 ipm=-1.0,-1.0 inv=-1.0,-1.0 | 4(6.7) imip=0/14 pass=10111 acc=-1 ipm=92.8,109.7 inv=95.1,86.1
frame=657 line=1 track=1 cross=0 circle=0(CIRCLE_NONE) round=0 yroad=0 ramp=0 road=3 speed=0 near=0/152 raw=0/114 sel=152/147 far=0/0 far_raw=0/0 l=0@-1/0@-1 far_l=0@-1/0@-1 straight=0/1 far_straight=0/0 circle_cnt=0/0/0/0 lost=0/0 conf=0.0/3.4/0.0/0.0 dist=0 begin=0/3339 m0=(84,119) ml=(49,103) md=41/1/163 cxcy=84.0,119.6 guide=41.89 atg=-60.0/-60.0/-60.0 pure=9.56/6.17 yaw=-3351 cmd=-3751 actual=-2321 signed=0 rps=7907/0:6993/4404 duty=19/0 pwm=PWM2:19/PWM1:0 motor=2:19/1:0
CrossDiag: type=CROSS_NONE track=1 half_lr=0/0 nearL=0@-1/0@-1 nearNum=0/152 centerNum=0/152 farL=0@-1/0@-1 farNum=0/0 farRaw=0/0 lost=0/0 not_have=0 final=152/147 flags=0/0
LineErr: aim=41 cxcy=84.0,119.6 left=0:0.00@-1,-1 dx=0.0 idx=-1/-1 dist=-1/-1 right=1:41.66@51,105 dx=-33.4 idx=4/18 dist=40/303 sel=1:41.76@49,103 dx=-35.3 idx=0/20 dist=40/292 edge=0:0.00@-1.0,-1.0 dx=0.0 width=0.0 l=-1,-1 r=61,78
ATGSeedDiag: seed=0@-1,-1/1@115,108 begin=7,108 block=5 clip=8
ATGLptDiag: best=-1(-57295.8) imip=-1/-1 pass=00000 acc=-1 ipm=-1.0,-1.0 inv=-1.0,-1.0 | 3(3.4) imip=0/13 pass=10111 acc=-1 ipm=93.9,111.3 inv=98.3,90.3
frame=658 line=1 track=1 cross=0 circle=0(CIRCLE_NONE) round=0 yroad=0 ramp=0 road=3 speed=0 near=0/164 raw=0/114 sel=164/158 far=0/0 far_raw=0/0 l=0@-1/0@-1 far_l=0@-1/0@-1 straight=0/1 far_straight=0/0 circle_cnt=0/0/0/0 lost=0/0 conf=0.0/5.4/0.0/0.0 dist=0 begin=0/3339 m0=(84,119) ml=(48,102) md=42/1/161 cxcy=84.0,119.6 guide=41.32 atg=-60.0/-60.0/-60.0 pure=9.56/6.11 yaw=-3306 cmd=-3706 actual=-2370 signed=0 rps=7875/0:7342/4415 duty=18/0 pwm=PWM2:18/PWM1:0 motor=2:18/1:0
CrossDiag: type=CROSS_NONE track=1 half_lr=0/0 nearL=0@-1/0@-1 nearNum=0/164 centerNum=0/164 farL=0@-1/0@-1 farNum=0/0 farRaw=0/0 lost=0/0 not_have=0 final=164/158 flags=0/0
LineErr: aim=41 cxcy=84.0,119.6 left=0:0.00@-1,-1 dx=0.0 idx=-1/-1 dist=-1/-1 right=1:41.05@51,104 dx=-33.5 idx=3/18 dist=41/325 sel=1:41.09@50,104 dx=-34.2 idx=0/20 dist=40/314 edge=0:0.00@-1.0,-1.0 dx=0.0 width=0.0 l=-1,-1 r=61,78
ATGSeedDiag: seed=0@-1,-1/1@114,108 begin=7,108 block=5 clip=8
ATGLptDiag: best=-1(-57295.8) imip=-1/-1 pass=00000 acc=-1 ipm=-1.0,-1.0 inv=-1.0,-1.0 | 2(5.4) imip=0/12 pass=10111 acc=-1 ipm=95.2,112.8 inv=102.2,94.2
