ConfigInfo: loaded /root/front_car_mainline.yaml
front_car_mainline: ipm=atg rot/inv_rot
find uvc camera Successfully. path=/dev/video0
get uvc width = 160
get uvc height = 120
get uvc fps = 120
get uvc auto exposure mode = 3
IMU init success, type: 4 (DEV_IMU963RA)
ImuReady: type=IMU963RA bias_x=-4 bias_y=-7 bias_z=4 samples=48/48/48 min=-5/-8/4 max=-3/-5/6 scale=0.001277562_rad_s_per_count
front_car_mainline: live /dev/video0 160x120@30 process_fps=120 drive=on
frame=0 line=1 track=1 cross=0 circle=0(CIRCLE_NONE) round=0 yroad=0 ramp=0 road=7 speed=0 near=41/124 raw=114/105 sel=124/127 far=0/0 far_raw=0/0 l=1@23/0@-1 far_l=0@-1/0@-1 straight=0/1 far_straight=0/0 circle_cnt=0/0/0/0 lost=0/0 conf=83.9/3.2/0.0/0.0 dist=0 m0=(84,119) ml=(79,89) md=32/1/131 cxcy=84.0,119.6 guide=5.46 atg=-1.0/0.0/0.0 pure=0.47/-0.03 yaw=-139 cmd=-278 actual=0 signed=0 rps=5382/4618:0/0 duty=19/19
CrossDiag: type=CROSS_NONE track=1 half_lr=0/0 nearL=1@23/0@-1 nearNum=41/124 centerNum=41/124 farL=0@-1/0@-1 farNum=0/0 farRaw=0/0 lost=0/0 not_have=0 final=124/127 flags=0/0
LineErr: aim=33 cxcy=84.0,119.6 left=1:4.19@79,80 dx=-4.6 idx=0/14 dist=32/132 right=1:5.20@79,85 dx=-5.2 idx=0/13 dist=33/253 sel=1:5.16@79,85 dx=-5.2 idx=0/16 dist=32/252 edge=1:4.51@79.0,79.0 dx=-5.0 width=52.0 l=53,79 r=105,79
CxScan: raw_ref=80.0 edge=79.0,79.0 best_raw_x=65 best_err=-0.65 best_cxcy=78.3,119.5 scan=0:-22.0,10:-19.0,20:-15.8,30:-12.6,40:-9.2,50:-5.8,60:-2.4,70:1.1,80:4.5,90:7.9,100:11.2,110:14.5,120:17.7,130:20.7,140:23.6
ATGSeedDiag: seed=1@7,108/1@127,108 begin=7,108 block=5 clip=8
ATGLptDiag: best=23(83.9) imip=13/33 pass=11111 acc=23 ipm=50.1,64.0 inv=43.0,35.6 | 56(3.2) imip=46/66 pass=10101 acc=-1 ipm=113.3,-13.0 inv=87.0,14.1
ATGCircleCal: from=CIRCLE_NONE to=CIRCLE_LEFT_BEGIN reason=entry_vote heading_deg10=0 dist=0
frame=1 line=1 track=1 cross=0 circle=1(CIRCLE_LEFT_BEGIN) round=0 yroad=0 ramp=0 road=7 speed=0 near=41/124 raw=114/105 sel=124/127 far=0/0 far_raw=0/0 l=1@23/0@-1 far_l=0@-1/0@-1 straight=0/1 far_straight=0/0 circle_cnt=0/0/0/0 lost=0/0 conf=83.9/3.2/0.0/0.0 dist=0 m0=(84,119) ml=(79,89) md=32/1/131 cxcy=84.0,119.6 guide=5.46 atg=-1.0/0.0/0.0 pure=0.47/-0.03 yaw=-327 cmd=-527 actual=1 signed=1 rps=4523/3077:17/52 duty=16/13
ATGCorner: L=1@23/0@-1 Y=0@-1/0@-1 farL=0@-1/0@-1 Lxy=50.1,64.0:43.0,35.6/-1.0,-1.0:-1.0,-1.0 Yxy=-1.0,-1.0:-1.0,-1.0/-1.0,-1.0:-1.0,-1.0 farLxy=-1.0,-1.0:-1.0,-1.0/-1.0,-1.0:-1.0,-1.0 best=23:50.1,64.0:43.0,35.6:83.9:11111/56:113.3,-13.0:87.0,14.1:3.2:10101 seed_src=lpt/none seed=0.0,0.0/0.0,0.0 far_start=70,0 far_raw=0/0 far_num=0/0 straight=0/1 far_straight=0/0 conf_deg=83.9/3.2/0.0/0.0
CrossDiag: type=CROSS_NONE track=1 half_lr=0/0 nearL=1@23/0@-1 nearNum=41/124 centerNum=41/124 farL=0@-1/0@-1 farNum=0/0 farRaw=0/0 lost=0/0 not_have=0 final=124/127 flags=0/0
LineErr: aim=33 cxcy=84.0,119.6 left=1:4.19@79,80 dx=-4.6 idx=0/14 dist=32/132 right=1:5.20@79,85 dx=-5.2 idx=0/13 dist=33/253 sel=1:5.16@79,85 dx=-5.2 idx=0/16 dist=32/252 edge=1:4.51@79.0,79.0 dx=-5.0 width=52.0 l=53,79 r=105,79
CxScan: raw_ref=80.0 edge=79.0,79.0 best_raw_x=65 best_err=-0.65 best_cxcy=78.3,119.5 scan=0:-22.0,10:-19.0,20:-15.8,30:-12.6,40:-9.2,50:-5.8,60:-2.4,70:1.1,80:4.5,90:7.9,100:11.2,110:14.5,120:17.7,130:20.7,140:23.6
ATGSeedDiag: seed=1@7,108/1@127,108 begin=7,108 block=5 clip=8
ATGLptDiag: best=23(83.9) imip=13/33 pass=11111 acc=23 ipm=50.1,64.0 inv=43.0,35.6 | 56(3.2) imip=46/66 pass=10101 acc=-1 ipm=113.3,-13.0 inv=87.0,14.1
frame=3 line=1 track=1 cross=0 circle=1(CIRCLE_LEFT_BEGIN) round=0 yroad=0 ramp=0 road=7 speed=0 near=40/124 raw=113/105 sel=124/127 far=0/0 far_raw=0/0 l=1@22/0@-1 far_l=0@-1/0@-1 straight=0/1 far_straight=0/0 circle_cnt=0/0/0/0 lost=0/0 conf=87.2/2.7/0.0/0.0 dist=0 m0=(84,119) ml=(79,87) md=34/1/130 cxcy=84.0,119.6 guide=5.65 atg=-1.0/0.0/0.0 pure=0.47/-0.03 yaw=-339 cmd=-539 actual=24 signed=1 rps=4539/3061:432/196 duty=16/12
ATGCorner: L=1@22/0@-1 Y=0@-1/0@-1 farL=0@-1/0@-1 Lxy=51.4,65.6:43.7,36.4/-1.0,-1.0:-1.0,-1.0 Yxy=-1.0,-1.0:-1.0,-1.0/-1.0,-1.0:-1.0,-1.0 farLxy=-1.0,-1.0:-1.0,-1.0/-1.0,-1.0:-1.0,-1.0 best=22:51.4,65.6:43.7,36.4:87.2:11111/54:112.6,-8.4:87.1,14.8:2.7:10101 seed_src=lpt/none seed=0.0,0.0/0.0,0.0 far_start=70,0 far_raw=0/0 far_num=0/0 straight=0/1 far_straight=0/0 conf_deg=87.2/2.7/0.0/0.0
CrossDiag: type=CROSS_NONE track=1 half_lr=0/0 nearL=1@22/0@-1 nearNum=40/124 centerNum=40/124 farL=0@-1/0@-1 farNum=0/0 farRaw=0/0 lost=0/0 not_have=0 final=124/127 flags=0/0
LineErr: aim=33 cxcy=84.0,119.6 left=1:4.21@79,80 dx=-4.6 idx=0/14 dist=32/128 right=1:5.20@79,85 dx=-5.2 idx=0/13 dist=33/253 sel=1:5.17@79,85 dx=-5.2 idx=0/16 dist=32/252 edge=1:4.51@79.0,79.0 dx=-5.0 width=52.0 l=53,79 r=105,79
CxScan: raw_ref=80.0 edge=79.0,79.0 best_raw_x=65 best_err=-0.65 best_cxcy=78.3,119.5 scan=0:-22.0,10:-19.0,20:-15.8,30:-12.6,40:-9.2,50:-5.8,60:-2.4,70:1.1,80:4.5,90:7.9,100:11.2,110:14.5,120:17.7,130:20.7,140:23.6
ATGSeedDiag: seed=1@7,108/1@127,108 begin=7,108 block=5 clip=8
ATGLptDiag: best=22(87.2) imip=12/32 pass=11111 acc=22 ipm=51.4,65.6 inv=43.7,36.4 | 54(2.7) imip=44/64 pass=10101 acc=-1 ipm=112.6,-8.4 inv=87.1,14.8
frame=4 line=1 track=1 cross=0 circle=1(CIRCLE_LEFT_BEGIN) round=0 yroad=0 ramp=0 road=7 speed=0 near=40/124 raw=113/105 sel=124/127 far=0/0 far_raw=0/0 l=1@22/0@-1 far_l=0@-1/0@-1 straight=0/1 far_straight=0/0 circle_cnt=0/0/0/0 lost=0/0 conf=88.0/3.7/0.0/0.0 dist=0 m0=(84,119) ml=(79,87) md=34/1/130 cxcy=84.0,119.6 guide=5.65 atg=-2.0/0.0/0.0 pure=0.50/-0.03 yaw=-339 cmd=-539 actual=1 signed=1 rps=4539/3061:460/251 duty=16/12
ATGCorner: L=1@22/0@-1 Y=0@-1/0@-1 farL=0@-1/0@-1 Lxy=51.3,65.7:43.6,36.4/-1.0,-1.0:-1.0,-1.0 Yxy=-1.0,-1.0:-1.0,-1.0/-1.0,-1.0:-1.0,-1.0 farLxy=-1.0,-1.0:-1.0,-1.0/-1.0,-1.0:-1.0,-1.0 best=22:51.3,65.7:43.6,36.4:88.0:11111/54:112.6,-8.4:87.1,14.8:3.7:10101 seed_src=lpt/none seed=0.0,0.0/0.0,0.0 far_start=70,0 far_raw=0/0 far_num=0/0 straight=0/1 far_straight=0/0 conf_deg=88.0/3.7/0.0/0.0
CrossDiag: type=CROSS_NONE track=1 half_lr=0/0 nearL=1@22/0@-1 nearNum=40/124 centerNum=40/124 farL=0@-1/0@-1 farNum=0/0 farRaw=0/0 lost=0/0 not_have=0 final=124/127 flags=0/0
LineErr: aim=33 cxcy=84.0,119.6 left=1:4.22@79,80 dx=-4.6 idx=0/14 dist=32/130 right=1:5.22@79,85 dx=-5.3 idx=0/13 dist=33/253 sel=1:5.18@79,85 dx=-5.3 idx=0/16 dist=32/252 edge=1:4.06@79.5,79.0 dx=-4.5 width=51.0 l=54,79 r=105,79
CxScan: raw_ref=80.0 edge=79.5,79.0 best_raw_x=70 best_err=0.62 best_cxcy=80.2,119.5 scan=0:-22.4,10:-19.4,20:-16.2,30:-13.0,40:-9.7,50:-6.3,60:-2.8,70:0.6,80:4.1,90:7.5,100:10.8,110:14.1,120:17.3,130:20.3,140:23.3
ATGSeedDiag: seed=1@7,108/1@127,108 begin=7,108 block=5 clip=8
ATGLptDiag: best=22(88.0) imip=12/32 pass=11111 acc=22 ipm=51.3,65.7 inv=43.6,36.4 | 54(3.7) imip=44/64 pass=10101 acc=-1 ipm=112.6,-8.4 inv=87.1,14.8
frame=5 line=1 track=1 cross=0 circle=1(CIRCLE_LEFT_BEGIN) round=0 yroad=0 ramp=0 road=7 speed=0 near=40/124 raw=113/105 sel=124/127 far=0/0 far_raw=0/0 l=1@22/0@-1 far_l=0@-1/0@-1 straight=0/1 far_straight=0/0 circle_cnt=0/0/0/0 lost=0/0 conf=87.1/3.7/0.0/0.0 dist=0 m0=(84,119) ml=(79,87) md=34/1/130 cxcy=84.0,119.6 guide=5.65 atg=-1.0/0.0/0.0 pure=0.48/-0.03 yaw=-339 cmd=-539 actual=-7 signed=1 rps=4539/3061:515/342 duty=16/12
ATGCorner: L=1@22/0@-1 Y=0@-1/0@-1 farL=0@-1/0@-1 Lxy=51.3,65.7:43.6,36.4/-1.0,-1.0:-1.0,-1.0 Yxy=-1.0,-1.0:-1.0,-1.0/-1.0,-1.0:-1.0,-1.0 farLxy=-1.0,-1.0:-1.0,-1.0/-1.0,-1.0:-1.0,-1.0 best=22:51.3,65.7:43.6,36.4:87.1:11111/54:112.6,-8.4:87.1,14.8:3.7:10101 seed_src=lpt/none seed=0.0,0.0/0.0,0.0 far_start=70,0 far_raw=0/0 far_num=0/0 straight=0/1 far_straight=0/0 conf_deg=87.1/3.7/0.0/0.0
CrossDiag: type=CROSS_NONE track=1 half_lr=0/0 nearL=1@22/0@-1 nearNum=40/124 centerNum=40/124 farL=0@-1/0@-1 farNum=0/0 farRaw=0/0 lost=0/0 not_have=0 final=124/127 flags=0/0
LineErr: aim=33 cxcy=84.0,119.6 left=1:4.23@79,80 dx=-4.6 idx=0/14 dist=32/131 right=1:5.22@79,85 dx=-5.3 idx=0/13 dist=33/253 sel=1:5.16@79,85 dx=-5.2 idx=0/16 dist=32/252 edge=1:4.06@79.5,79.0 dx=-4.5 width=51.0 l=54,79 r=105,79
CxScan: raw_ref=80.0 edge=79.5,79.0 best_raw_x=70 best_err=0.62 best_cxcy=80.2,119.5 scan=0:-22.4,10:-19.4,20:-16.2,30:-13.0,40:-9.7,50:-6.3,60:-2.8,70:0.6,80:4.1,90:7.5,100:10.8,110:14.1,120:17.3,130:20.3,140:23.3
ATGSeedDiag: seed=1@7,108/1@127,108 begin=7,108 block=5 clip=8
ATGLptDiag: best=22(87.1) imip=12/32 pass=11111 acc=22 ipm=51.3,65.7 inv=43.6,36.4 | 54(3.7) imip=44/64 pass=10101 acc=-1 ipm=112.6,-8.4 inv=87.1,14.8
frame=6 line=1 track=1 cross=0 circle=1(CIRCLE_LEFT_BEGIN) round=0 yroad=0 ramp=0 road=7 speed=0 near=40/124 raw=113/105 sel=124/127 far=0/0 far_raw=0/0 l=1@22/0@-1 far_l=0@-1/0@-1 straight=0/1 far_straight=0/0 circle_cnt=0/0/0/0 lost=0/0 conf=87.0/2.7/0.0/0.0 dist=0 m0=(84,119) ml=(79,89) md=32/1/130 cxcy=84.0,119.6 guide=5.46 atg=-1.0/0.0/0.0 pure=0.47/-0.03 yaw=-327 cmd=-527 actual=-10 signed=1 rps=4523/3077:542/402 duty=16/12
ATGCorner: L=1@22/0@-1 Y=0@-1/0@-1 farL=0@-1/0@-1 Lxy=51.3,65.6:43.6,36.4/-1.0,-1.0:-1.0,-1.0 Yxy=-1.0,-1.0:-1.0,-1.0/-1.0,-1.0:-1.0,-1.0 farLxy=-1.0,-1.0:-1.0,-1.0/-1.0,-1.0:-1.0,-1.0 best=22:51.3,65.6:43.6,36.4:87.0:11111/54:112.6,-8.4:87.1,14.8:2.7:10101 seed_src=lpt/none seed=0.0,0.0/0.0,0.0 far_start=70,0 far_raw=0/0 far_num=0/0 straight=0/1 far_straight=0/0 conf_deg=87.0/2.7/0.0/0.0
CrossDiag: type=CROSS_NONE track=1 half_lr=0/0 nearL=1@22/0@-1 nearNum=40/124 centerNum=40/124 farL=0@-1/0@-1 farNum=0/0 farRaw=0/0 lost=0/0 not_have=0 final=124/127 flags=0/0
LineErr: aim=33 cxcy=84.0,119.6 left=1:4.23@79,80 dx=-4.6 idx=0/14 dist=32/130 right=1:5.20@79,85 dx=-5.2 idx=0/13 dist=33/253 sel=1:5.16@79,85 dx=-5.2 idx=0/16 dist=32/252 edge=1:4.06@79.5,79.0 dx=-4.5 width=51.0 l=54,79 r=105,79
CxScan: raw_ref=80.0 edge=79.5,79.0 best_raw_x=70 best_err=0.62 best_cxcy=80.2,119.5 scan=0:-22.4,10:-19.4,20:-16.2,30:-13.0,40:-9.7,50:-6.3,60:-2.8,70:0.6,80:4.1,90:7.5,100:10.8,110:14.1,120:17.3,130:20.3,140:23.3
ATGSeedDiag: seed=1@7,108/1@127,108 begin=7,108 block=5 clip=8
ATGLptDiag: best=22(87.0) imip=12/32 pass=11111 acc=22 ipm=51.3,65.6 inv=43.6,36.4 | 54(2.7) imip=44/64 pass=10101 acc=-1 ipm=112.6,-8.4 inv=87.1,14.8
frame=8 line=1 track=1 cross=0 circle=1(CIRCLE_LEFT_BEGIN) round=0 yroad=0 ramp=0 road=7 speed=0 near=41/124 raw=114/105 sel=124/126 far=0/0 far_raw=0/0 l=1@23/0@-1 far_l=0@-1/0@-1 straight=0/1 far_straight=0/0 circle_cnt=0/0/0/0 lost=0/0 conf=81.4/4.0/0.0/0.0 dist=0 m0=(84,119) ml=(79,89) md=32/1/131 cxcy=84.0,119.6 guide=5.27 atg=-1.0/0.0/0.0 pure=0.43/-0.04 yaw=-316 cmd=-516 actual=-47 signed=1 rps=4507/3093:693/528 duty=16/12
ATGCorner: L=1@23/0@-1 Y=0@-1/0@-1 farL=0@-1/0@-1 Lxy=50.1,64.0:43.0,35.6/-1.0,-1.0:-1.0,-1.0 Yxy=-1.0,-1.0:-1.0,-1.0/-1.0,-1.0:-1.0,-1.0 farLxy=-1.0,-1.0:-1.0,-1.0/-1.0,-1.0:-1.0,-1.0 best=23:50.1,64.0:43.0,35.6:81.4:11111/54:113.4,-8.3:87.5,14.8:4.0:10101 seed_src=lpt/none seed=0.0,0.0/0.0,0.0 far_start=70,0 far_raw=0/0 far_num=0/0 straight=0/1 far_straight=0/0 conf_deg=81.4/4.0/0.0/0.0
CrossDiag: type=CROSS_NONE track=1 half_lr=0/0 nearL=1@23/0@-1 nearNum=41/124 centerNum=41/124 farL=0@-1/0@-1 farNum=0/0 farRaw=0/0 lost=0/0 not_have=0 final=124/126 flags=0/0
LineErr: aim=33 cxcy=84.0,119.6 left=1:4.19@79,80 dx=-4.6 idx=0/14 dist=32/129 right=1:5.09@79,85 dx=-5.1 idx=0/13 dist=33/253 sel=1:5.04@79,85 dx=-5.1 idx=0/16 dist=32/250 edge=1:4.06@79.5,79.0 dx=-4.5 width=53.0 l=53,79 r=106,79
CxScan: raw_ref=80.0 edge=79.5,79.0 best_raw_x=70 best_err=0.62 best_cxcy=80.2,119.5 scan=0:-22.4,10:-19.4,20:-16.2,30:-13.0,40:-9.7,50:-6.3,60:-2.8,70:0.6,80:4.1,90:7.5,100:10.8,110:14.1,120:17.3,130:20.3,140:23.3
ATGSeedDiag: seed=1@7,108/1@127,108 begin=7,108 block=5 clip=8
ATGLptDiag: best=23(81.4) imip=13/33 pass=11111 acc=23 ipm=50.1,64.0 inv=43.0,35.6 | 54(4.0) imip=44/64 pass=10101 acc=-1 ipm=113.4,-8.3 inv=87.5,14.8
frame=9 line=1 track=1 cross=0 circle=1(CIRCLE_LEFT_BEGIN) round=0 yroad=0 ramp=0 road=7 speed=0 near=41/124 raw=114/105 sel=124/126 far=0/0 far_raw=0/0 l=1@23/0@-1 far_l=0@-1/0@-1 straight=0/1 far_straight=0/0 circle_cnt=0/0/0/0 lost=0/0 conf=80.9/4.0/0.0/0.0 dist=0 m0=(84,119) ml=(79,89) md=32/1/131 cxcy=84.0,119.6 guide=5.27 atg=-1.0/0.0/0.0 pure=0.42/-0.04 yaw=-316 cmd=-516 actual=-99 signed=1 rps=4507/3093:773/554 duty=15/12
ATGCorner: L=1@23/0@-1 Y=0@-1/0@-1 farL=0@-1/0@-1 Lxy=50.1,64.0:43.0,35.6/-1.0,-1.0:-1.0,-1.0 Yxy=-1.0,-1.0:-1.0,-1.0/-1.0,-1.0:-1.0,-1.0 farLxy=-1.0,-1.0:-1.0,-1.0/-1.0,-1.0:-1.0,-1.0 best=23:50.1,64.0:43.0,35.6:80.9:11111/56:114.3,-12.9:87.5,14.1:4.0:10101 seed_src=lpt/none seed=0.0,0.0/0.0,0.0 far_start=70,0 far_raw=0/0 far_num=0/0 straight=0/1 far_straight=0/0 conf_deg=80.9/4.0/0.0/0.0
CrossDiag: type=CROSS_NONE track=1 half_lr=0/0 nearL=1@23/0@-1 nearNum=41/124 centerNum=41/124 farL=0@-1/0@-1 farNum=0/0 farRaw=0/0 lost=0/0 not_have=0 final=124/126 flags=0/0
LineErr: aim=33 cxcy=84.0,119.6 left=1:4.20@79,80 dx=-4.6 idx=0/14 dist=32/129 right=1:4.79@79,85 dx=-4.8 idx=0/13 dist=33/253 sel=1:4.77@79,85 dx=-4.8 idx=0/16 dist=32/250 edge=1:3.61@80.0,79.0 dx=-4.0 width=52.0 l=54,79 r=106,79
CxScan: raw_ref=80.0 edge=80.0,79.0 best_raw_x=70 best_err=0.17 best_cxcy=80.2,119.5 scan=0:-22.8,10:-19.8,20:-16.6,30:-13.4,40:-10.1,50:-6.7,60:-3.3,70:0.2,80:3.6,90:7.0,100:10.4,110:13.7,120:16.9,130:19.9,140:22.9
ATGSeedDiag: seed=1@7,108/1@127,108 begin=7,108 block=5 clip=8
ATGLptDiag: best=23(80.9) imip=13/33 pass=11111 acc=23 ipm=50.1,64.0 inv=43.0,35.6 | 56(4.0) imip=46/66 pass=10101 acc=-1 ipm=114.3,-12.9 inv=87.5,14.1
frame=10 line=1 track=1 cross=0 circle=1(CIRCLE_LEFT_BEGIN) round=0 yroad=0 ramp=0 road=7 speed=0 near=41/124 raw=115/105 sel=124/127 far=0/0 far_raw=0/0 l=1@22/0@-1 far_l=0@-1/0@-1 straight=0/1 far_straight=0/0 circle_cnt=0/0/0/0 lost=0/0 conf=88.6/5.6/0.0/0.0 dist=0 m0=(84,119) ml=(79,89) md=32/1/134 cxcy=84.0,119.6 guide=5.27 atg=-1.0/0.0/0.0 pure=0.40/-0.07 yaw=-316 cmd=-491 actual=-141 signed=1 rps=4473/3127:829/552 duty=15/12
ATGCorner: L=1@22/0@-1 Y=0@-1/0@-1 farL=0@-1/0@-1 Lxy=52.4,65.3:44.8,36.2/-1.0,-1.0:-1.0,-1.0 Yxy=-1.0,-1.0:-1.0,-1.0/-1.0,-1.0:-1.0,-1.0 farLxy=-1.0,-1.0:-1.0,-1.0/-1.0,-1.0:-1.0,-1.0 best=22:52.4,65.3:44.8,36.2:88.6:11111/1:104.2,114.2:123.2,98.0:5.6:10111 seed_src=lpt/none seed=0.0,0.0/0.0,0.0 far_start=70,0 far_raw=0/0 far_num=0/0 straight=0/1 far_straight=0/0 conf_deg=88.6/5.6/0.0/0.0
CrossDiag: type=CROSS_NONE track=1 half_lr=0/0 nearL=1@22/0@-1 nearNum=41/124 centerNum=41/124 farL=0@-1/0@-1 farNum=0/0 farRaw=0/0 lost=0/0 not_have=0 final=124/127 flags=0/0
LineErr: aim=33 cxcy=84.0,119.6 left=1:3.99@80,80 dx=-4.4 idx=0/14 dist=32/129 right=1:4.78@79,85 dx=-4.8 idx=0/13 dist=33/253 sel=1:4.75@79,85 dx=-4.8 idx=0/16 dist=32/252 edge=1:3.61@80.0,79.0 dx=-4.0 width=52.0 l=54,79 r=106,79
CxScan: raw_ref=80.0 edge=80.0,79.0 best_raw_x=70 best_err=0.17 best_cxcy=80.2,119.5 scan=0:-22.8,10:-19.8,20:-16.6,30:-13.4,40:-10.1,50:-6.7,60:-3.3,70:0.2,80:3.6,90:7.0,100:10.4,110:13.7,120:16.9,130:19.9,140:22.9
ATGSeedDiag: seed=1@7,108/1@127,108 begin=7,108 block=5 clip=8
ATGLptDiag: best=22(88.6) imip=12/32 pass=11111 acc=22 ipm=52.4,65.3 inv=44.8,36.2 | 1(5.6) imip=0/11 pass=10111 acc=-1 ipm=104.2,114.2 inv=123.2,98.0
frame=11 line=1 track=1 cross=0 circle=1(CIRCLE_LEFT_BEGIN) round=0 yroad=0 ramp=0 road=7 speed=0 near=41/124 raw=115/105 sel=124/127 far=0/0 far_raw=0/0 l=1@23/0@-1 far_l=0@-1/0@-1 straight=0/1 far_straight=0/0 circle_cnt=0/0/0/0 lost=0/0 conf=83.4/1.9/0.0/0.0 dist=0 m0=(84,119) ml=(79,89) md=32/1/133 cxcy=84.0,119.6 guide=5.09 atg=0.0/0.0/0.0 pure=0.33/-0.11 yaw=-306 cmd=-440 actual=-172 signed=1 rps=4402/3198:857/535 duty=15/13
ATGCorner: L=1@23/0@-1 Y=0@-1/0@-1 farL=0@-1/0@-1 Lxy=50.9,63.9:43.8,35.5/-1.0,-1.0:-1.0,-1.0 Yxy=-1.0,-1.0:-1.0,-1.0/-1.0,-1.0:-1.0,-1.0 farLxy=-1.0,-1.0:-1.0,-1.0/-1.0,-1.0:-1.0,-1.0 best=23:50.9,63.9:43.8,35.5:83.4:11111/60:115.4,-22.2:87.1,12.9:1.9:10101 seed_src=lpt/none seed=0.0,0.0/0.0,0.0 far_start=70,0 far_raw=0/0 far_num=0/0 straight=0/1 far_straight=0/0 conf_deg=83.4/1.9/0.0/0.0
CrossDiag: type=CROSS_NONE track=1 half_lr=0/0 nearL=1@23/0@-1 nearNum=41/124 centerNum=41/124 farL=0@-1/0@-1 farNum=0/0 farRaw=0/0 lost=0/0 not_have=0 final=124/127 flags=0/0
LineErr: aim=33 cxcy=84.0,119.6 left=1:3.84@80,81 dx=-4.2 idx=0/14 dist=32/131 right=1:4.56@79,85 dx=-4.6 idx=0/13 dist=33/253 sel=1:4.53@79,85 dx=-4.6 idx=0/16 dist=32/252 edge=1:3.61@80.0,79.0 dx=-4.0 width=52.0 l=54,79 r=106,79
CxScan: raw_ref=80.0 edge=80.0,79.0 best_raw_x=70 best_err=0.17 best_cxcy=80.2,119.5 scan=0:-22.8,10:-19.8,20:-16.6,30:-13.4,40:-10.1,50:-6.7,60:-3.3,70:0.2,80:3.6,90:7.0,100:10.4,110:13.7,120:16.9,130:19.9,140:22.9
ATGSeedDiag: seed=1@7,108/1@127,108 begin=7,108 block=5 clip=8
ATGLptDiag: best=23(83.4) imip=13/33 pass=11111 acc=23 ipm=50.9,63.9 inv=43.8,35.5 | 60(1.9) imip=50/70 pass=10101 acc=-1 ipm=115.4,-22.2 inv=87.1,12.9
frame=12 line=1 track=1 cross=0 circle=1(CIRCLE_LEFT_BEGIN) round=0 yroad=0 ramp=0 road=7 speed=0 near=41/124 raw=115/105 sel=124/126 far=0/0 far_raw=0/0 l=1@22/0@-1 far_l=0@-1/0@-1 straight=0/1 far_straight=0/0 circle_cnt=0/0/0/0 lost=0/0 conf=87.0/4.0/0.0/0.0 dist=0 m0=(84,119) ml=(79,89) md=32/1/133 cxcy=84.0,119.6 guide=4.75 atg=0.0/0.0/0.0 pure=0.30/-0.15 yaw=-285 cmd=-357 actual=-212 signed=1 rps=4289/3311:856/512 duty=15/13
ATGCorner: L=1@22/0@-1 Y=0@-1/0@-1 farL=0@-1/0@-1 Lxy=52.8,65.3:45.1,36.2/-1.0,-1.0:-1.0,-1.0 Yxy=-1.0,-1.0:-1.0,-1.0/-1.0,-1.0:-1.0,-1.0 farLxy=-1.0,-1.0:-1.0,-1.0/-1.0,-1.0:-1.0,-1.0 best=22:52.8,65.3:45.1,36.2:87.0:11111/54:115.4,-8.2:88.5,14.8:4.0:10101 seed_src=lpt/none seed=0.0,0.0/0.0,0.0 far_start=70,0 far_raw=0/0 far_num=0/0 straight=0/1 far_straight=0/0 conf_deg=87.0/4.0/0.0/0.0
CrossDiag: type=CROSS_NONE track=1 half_lr=0/0 nearL=1@22/0@-1 nearNum=41/124 centerNum=41/124 farL=0@-1/0@-1 farNum=0/0 farRaw=0/0 lost=0/0 not_have=0 final=124/126 flags=0/0
LineErr: aim=33 cxcy=84.0,119.6 left=1:3.80@80,81 dx=-4.1 idx=0/14 dist=32/130 right=1:4.36@80,85 dx=-4.4 idx=0/13 dist=33/253 sel=1:4.34@80,85 dx=-4.4 idx=0/16 dist=32/250 edge=1:3.61@80.0,79.0 dx=-4.0 width=52.0 l=54,79 r=106,79
CxScan: raw_ref=80.0 edge=80.0,79.0 best_raw_x=70 best_err=0.17 best_cxcy=80.2,119.5 scan=0:-22.8,10:-19.8,20:-16.6,30:-13.4,40:-10.1,50:-6.7,60:-3.3,70:0.2,80:3.6,90:7.0,100:10.4,110:13.7,120:16.9,130:19.9,140:22.9
ATGSeedDiag: seed=1@7,108/1@128,108 begin=7,108 block=5 clip=8
ATGLptDiag: best=22(87.0) imip=12/32 pass=11111 acc=22 ipm=52.8,65.3 inv=45.1,36.2 | 54(4.0) imip=44/64 pass=10101 acc=-1 ipm=115.4,-8.2 inv=88.5,14.8
frame=13 line=1 track=1 cross=0 circle=1(CIRCLE_LEFT_BEGIN) round=0 yroad=0 ramp=0 road=7 speed=0 near=41/124 raw=115/105 sel=124/127 far=0/0 far_raw=0/0 l=1@22/0@-1 far_l=0@-1/0@-1 straight=0/1 far_straight=0/0 circle_cnt=0/0/0/0 lost=0/0 conf=86.6/3.9/0.0/0.0 dist=0 m0=(84,119) ml=(80,89) md=32/1/136 cxcy=84.0,119.6 guide=4.37 atg=0.0/0.0/0.0 pure=0.23/-0.17 yaw=-262 cmd=-266 actual=-259 signed=1 rps=4165/3435:916/531 duty=14/14
ATGCorner: L=1@22/0@-1 Y=0@-1/0@-1 farL=0@-1/0@-1 Lxy=52.8,65.3:45.1,36.2/-1.0,-1.0:-1.0,-1.0 Yxy=-1.0,-1.0:-1.0,-1.0/-1.0,-1.0:-1.0,-1.0 farLxy=-1.0,-1.0:-1.0,-1.0/-1.0,-1.0:-1.0,-1.0 best=22:52.8,65.3:45.1,36.2:86.6:11111/57:116.8,-15.1:88.5,13.8:3.9:10101 seed_src=lpt/none seed=0.0,0.0/0.0,0.0 far_start=70,0 far_raw=0/0 far_num=0/0 straight=0/1 far_straight=0/0 conf_deg=86.6/3.9/0.0/0.0
CrossDiag: type=CROSS_NONE track=1 half_lr=0/0 nearL=1@22/0@-1 nearNum=41/124 centerNum=41/124 farL=0@-1/0@-1 farNum=0/0 farRaw=0/0 lost=0/0 not_have=0 final=124/127 flags=0/0
LineErr: aim=33 cxcy=84.0,119.6 left=1:3.69@80,81 dx=-4.0 idx=0/14 dist=32/131 right=1:3.94@80,85 dx=-4.0 idx=0/13 dist=33/253 sel=1:3.93@80,84 dx=-4.0 idx=0/16 dist=32/252 edge=1:3.16@80.5,79.0 dx=-3.5 width=53.0 l=54,79 r=107,79
CxScan: raw_ref=80.0 edge=80.5,79.0 best_raw_x=70 best_err=-0.28 best_cxcy=80.2,119.5 scan=0:-23.2,10:-20.2,20:-17.1,30:-13.8,40:-10.5,50:-7.1,60:-3.7,70:-0.3,80:3.2,90:6.6,100:9.9,110:13.2,120:16.4,130:19.5,140:22.5
ATGSeedDiag: seed=1@7,108/1@128,108 begin=7,108 block=5 clip=8
ATGLptDiag: best=22(86.6) imip=12/32 pass=11111 acc=22 ipm=52.8,65.3 inv=45.1,36.2 | 57(3.9) imip=47/67 pass=10101 acc=-1 ipm=116.8,-15.1 inv=88.5,13.8
frame=14 line=1 track=1 cross=0 circle=1(CIRCLE_LEFT_BEGIN) round=0 yroad=0 ramp=0 road=7 speed=0 near=42/124 raw=115/105 sel=124/127 far=0/0 far_raw=0/0 l=1@22/0@-1 far_l=0@-1/0@-1 straight=0/1 far_straight=0/0 circle_cnt=0/0/0/0 lost=0/0 conf=87.5/3.5/0.0/0.0 dist=0 m0=(84,119) ml=(80,89) md=32/1/136 cxcy=84.0,119.6 guide=4.20 atg=0.0/0.0/0.0 pure=0.16/-0.24 yaw=-252 cmd=-207 actual=-297 signed=1 rps=4084/3516:977/570 duty=14/14
ATGCorner: L=1@22/0@-1 Y=0@-1/0@-1 farL=0@-1/0@-1 Lxy=53.0,65.3:45.3,36.3/-1.0,-1.0:-1.0,-1.0 Yxy=-1.0,-1.0:-1.0,-1.0/-1.0,-1.0:-1.0,-1.0 farLxy=-1.0,-1.0:-1.0,-1.0/-1.0,-1.0:-1.0,-1.0 best=22:53.0,65.3:45.3,36.3:87.5:11111/60:118.1,-21.9:88.4,12.9:3.5:10101 seed_src=lpt/none seed=0.0,0.0/0.0,0.0 far_start=70,0 far_raw=0/0 far_num=0/0 straight=0/1 far_straight=0/0 conf_deg=87.5/3.5/0.0/0.0
CrossDiag: type=CROSS_NONE track=1 half_lr=0/0 nearL=1@22/0@-1 nearNum=42/124 centerNum=42/124 farL=0@-1/0@-1 farNum=0/0 farRaw=0/0 lost=0/0 not_have=0 final=124/127 flags=0/0
LineErr: aim=33 cxcy=84.0,119.6 left=1:3.49@80,81 dx=-3.8 idx=0/14 dist=32/134 right=1:3.73@80,85 dx=-3.8 idx=0/13 dist=33/253 sel=1:3.71@80,84 dx=-3.8 idx=0/16 dist=32/252 edge=1:3.16@80.5,79.0 dx=-3.5 width=53.0 l=54,79 r=107,79
CxScan: raw_ref=80.0 edge=80.5,79.0 best_raw_x=70 best_err=-0.28 best_cxcy=80.2,119.5 scan=0:-23.2,10:-20.2,20:-17.1,30:-13.8,40:-10.5,50:-7.1,60:-3.7,70:-0.3,80:3.2,90:6.6,100:9.9,110:13.2,120:16.4,130:19.5,140:22.5
ATGSeedDiag: seed=1@7,108/1@128,108 begin=7,108 block=5 clip=8
ATGLptDiag: best=22(87.5) imip=12/32 pass=11111 acc=22 ipm=53.0,65.3 inv=45.3,36.3 | 60(3.5) imip=50/70 pass=10101 acc=-1 ipm=118.1,-21.9 inv=88.4,12.9
frame=15 line=1 track=1 cross=0 circle=1(CIRCLE_LEFT_BEGIN) round=0 yroad=0 ramp=0 road=7 speed=0 near=42/124 raw=115/105 sel=124/127 far=0/0 far_raw=0/0 l=1@22/0@-1 far_l=0@-1/0@-1 straight=0/1 far_straight=0/0 circle_cnt=0/0/0/0 lost=0/0 conf=89.0/4.8/0.0/0.0 dist=0 m0=(84,119) ml=(80,87) md=33/1/137 cxcy=84.0,119.6 guide=3.90 atg=0.0/0.0/1.0 pure=0.09/-0.28 yaw=-234 cmd=-134 actual=-335 signed=1 rps=3983/3617:1038/606 duty=13/14
ATGCorner: L=1@22/0@-1 Y=0@-1/0@-1 farL=0@-1/0@-1 Lxy=53.4,64.9:45.8,36.0/-1.0,-1.0:-1.0,-1.0 Yxy=-1.0,-1.0:-1.0,-1.0/-1.0,-1.0:-1.0,-1.0 farLxy=-1.0,-1.0:-1.0,-1.0/-1.0,-1.0:-1.0,-1.0 best=22:53.4,64.9:45.8,36.0:89.0:11111/1:104.6,114.2:124.2,98.0:4.8:10111 seed_src=lpt/none seed=0.0,0.0/0.0,0.0 far_start=70,0 far_raw=0/0 far_num=0/0 straight=0/1 far_straight=0/0 conf_deg=89.0/4.8/0.0/0.0
CrossDiag: type=CROSS_NONE track=1 half_lr=0/0 nearL=1@22/0@-1 nearNum=42/124 centerNum=42/124 farL=0@-1/0@-1 farNum=0/0 farRaw=0/0 lost=0/0 not_have=0 final=124/127 flags=0/0
LineErr: aim=33 cxcy=84.0,119.6 left=1:3.38@80,81 dx=-3.7 idx=0/14 dist=32/134 right=1:3.50@80,84 dx=-3.6 idx=0/13 dist=33/253 sel=1:3.50@80,84 dx=-3.6 idx=0/16 dist=32/252 edge=1:3.19@80.5,79.5 dx=-3.5 width=53.0 l=54,79 r=107,80
CxScan: raw_ref=80.0 edge=80.5,79.5 best_raw_x=70 best_err=-0.28 best_cxcy=80.2,119.5 scan=0:-23.3,10:-20.3,20:-17.2,30:-13.9,40:-10.6,50:-7.2,60:-3.8,70:-0.3,80:3.2,90:6.6,100:10.0,110:13.3,120:16.6,130:19.7,140:22.7
ATGSeedDiag: seed=1@8,107/1@128,108 begin=7,108 block=5 clip=8
ATGLptDiag: best=22(89.0) imip=12/32 pass=11111 acc=22 ipm=53.4,64.9 inv=45.8,36.0 | 1(4.8) imip=0/11 pass=10111 acc=-1 ipm=104.6,114.2 inv=124.2,98.0
frame=16 line=1 track=1 cross=0 circle=1(CIRCLE_LEFT_BEGIN) round=0 yroad=0 ramp=0 road=7 speed=0 near=42/124 raw=116/105 sel=124/127 far=0/0 far_raw=0/0 l=1@22/0@-1 far_l=0@-1/0@-1 straight=0/1 far_straight=0/0 circle_cnt=0/0/0/0 lost=0/0 conf=88.7/1.5/0.0/0.0 dist=0 m0=(84,119) ml=(80,87) md=33/1/137 cxcy=84.0,119.6 guide=3.84 atg=0.0/0.0/1.0 pure=0.06/-0.29 yaw=-230 cmd=-98 actual=-363 signed=1 rps=3934/3666:1129/669 duty=13/14
ATGCorner: L=1@22/0@-1 Y=0@-1/0@-1 farL=0@-1/0@-1 Lxy=53.9,65.3:46.2,36.2/-1.0,-1.0:-1.0,-1.0 Yxy=-1.0,-1.0:-1.0,-1.0/-1.0,-1.0:-1.0,-1.0 farLxy=-1.0,-1.0:-1.0,-1.0/-1.0,-1.0:-1.0,-1.0 best=22:53.9,65.3:46.2,36.2:88.7:11111/46:114.8,10.3:90.5,18.0:1.5:10101 seed_src=lpt/none seed=0.0,0.0/0.0,0.0 far_start=70,0 far_raw=0/0 far_num=0/0 straight=0/1 far_straight=0/0 conf_deg=88.7/1.5/0.0/0.0
CrossDiag: type=CROSS_NONE track=1 half_lr=0/0 nearL=1@22/0@-1 nearNum=42/124 centerNum=42/124 farL=0@-1/0@-1 farNum=0/0 farRaw=0/0 lost=0/0 not_have=0 final=124/127 flags=0/0
LineErr: aim=33 cxcy=84.0,119.6 left=1:3.04@81,81 dx=-3.3 idx=0/14 dist=32/135 right=1:3.21@81,84 dx=-3.3 idx=0/13 dist=33/253 sel=1:3.20@81,84 dx=-3.3 idx=0/16 dist=32/252 edge=1:2.72@81.0,79.0 dx=-3.0 width=52.0 l=55,79 r=107,79
CxScan: raw_ref=80.0 edge=81.0,79.0 best_raw_x=70 best_err=-0.73 best_cxcy=80.2,119.5 scan=0:-23.6,10:-20.6,20:-17.5,30:-14.3,40:-11.0,50:-7.6,60:-4.2,70:-0.7,80:2.7,90:6.1,100:9.5,110:12.8,120:16.0,130:19.1,140:22.1
ATGSeedDiag: seed=1@8,108/1@128,108 begin=7,108 block=5 clip=8
ATGLptDiag: best=22(88.7) imip=12/32 pass=11111 acc=22 ipm=53.9,65.3 inv=46.2,36.2 | 46(1.5) imip=36/56 pass=10101 acc=-1 ipm=114.8,10.3 inv=90.5,18.0
frame=17 line=1 track=1 cross=0 circle=1(CIRCLE_LEFT_BEGIN) round=0 yroad=0 ramp=0 road=7 speed=0 near=42/124 raw=116/104 sel=124/127 far=0/0 far_raw=0/0 l=1@22/0@-1 far_l=0@-1/0@-1 straight=0/1 far_straight=0/0 circle_cnt=0/0/0/0 lost=0/0 conf=88.0/2.5/0.0/0.0 dist=0 m0=(84,119) ml=(81,86) md=34/1/137 cxcy=84.0,119.6 guide=3.48 atg=0.0/0.0/1.0 pure=-0.03/-0.36 yaw=-209 cmd=-37 actual=-381 signed=1 rps=3850/3750:1148/687 duty=13/15
ATGCorner: L=1@22/0@-1 Y=0@-1/0@-1 farL=0@-1/0@-1 Lxy=53.9,65.3:46.2,36.2/-1.0,-1.0:-1.0,-1.0 Yxy=-1.0,-1.0:-1.0,-1.0/-1.0,-1.0:-1.0,-1.0 farLxy=-1.0,-1.0:-1.0,-1.0/-1.0,-1.0:-1.0,-1.0 best=22:53.9,65.3:46.2,36.2:88.0:11111/60:120.7,-22.0:89.6,12.9:2.5:10101 seed_src=lpt/none seed=0.0,0.0/0.0,0.0 far_start=70,0 far_raw=0/0 far_num=0/0 straight=0/1 far_straight=0/0 conf_deg=88.0/2.5/0.0/0.0
CrossDiag: type=CROSS_NONE track=1 half_lr=0/0 nearL=1@22/0@-1 nearNum=42/124 centerNum=42/124 farL=0@-1/0@-1 farNum=0/0 farRaw=0/0 lost=0/0 not_have=0 final=124/127 flags=0/0
LineErr: aim=33 cxcy=84.0,119.6 left=1:2.89@81,81 dx=-3.1 idx=0/14 dist=32/133 right=1:2.84@81,84 dx=-2.9 idx=0/13 dist=33/253 sel=1:2.89@81,84 dx=-3.0 idx=0/16 dist=32/252 edge=1:2.27@81.5,79.0 dx=-2.5 width=53.0 l=55,79 r=108,79
CxScan: raw_ref=80.0 edge=81.5,79.0 best_raw_x=75 best_err=0.55 best_cxcy=82.1,119.5 scan=0:-23.9,10:-21.0,20:-17.9,30:-14.7,40:-11.4,50:-8.0,60:-4.6,70:-1.2,80:2.3,90:5.7,100:9.1,110:12.4,120:15.6,130:18.7,140:21.7
ATGSeedDiag: seed=1@8,108/1@128,107 begin=7,108 block=5 clip=8
ATGLptDiag: best=22(88.0) imip=12/32 pass=11111 acc=22 ipm=53.9,65.3 inv=46.2,36.2 | 60(2.5) imip=50/70 pass=10101 acc=-1 ipm=120.7,-22.0 inv=89.6,12.9
frame=18 line=1 track=1 cross=0 circle=1(CIRCLE_LEFT_BEGIN) round=0 yroad=0 ramp=0 road=7 speed=0 near=42/125 raw=117/105 sel=125/128 far=0/0 far_raw=0/0 l=1@23/0@-1 far_l=0@-1/0@-1 straight=0/1 far_straight=0/0 circle_cnt=0/0/0/0 lost=0/0 conf=86.6/3.8/0.0/0.0 dist=0 m0=(84,119) ml=(81,86) md=34/1/139 cxcy=84.0,119.6 guide=2.97 atg=0.0/0.0/1.0 pure=-0.08/-0.39 yaw=-178 cmd=22 actual=-397 signed=1 rps=3770/3830:1261/771 duty=12/15
ATGCorner: L=1@23/0@-1 Y=0@-1/0@-1 farL=0@-1/0@-1 Lxy=53.1,63.5:45.9,35.3/-1.0,-1.0:-1.0,-1.0 Yxy=-1.0,-1.0:-1.0,-1.0/-1.0,-1.0:-1.0,-1.0 farLxy=-1.0,-1.0:-1.0,-1.0/-1.0,-1.0:-1.0,-1.0 best=23:53.1,63.5:45.9,35.3:86.6:11111/57:121.0,-14.6:90.5,13.9:3.8:10101 seed_src=lpt/none seed=0.0,0.0/0.0,0.0 far_start=70,0 far_raw=0/0 far_num=0/0 straight=0/1 far_straight=0/0 conf_deg=86.6/3.8/0.0/0.0
CrossDiag: type=CROSS_NONE track=1 half_lr=0/0 nearL=1@23/0@-1 nearNum=42/125 centerNum=42/125 farL=0@-1/0@-1 farNum=0/0 farRaw=0/0 lost=0/0 not_have=0 final=125/128 flags=0/0
LineErr: aim=33 cxcy=84.0,119.6 left=1:2.60@81,82 dx=-2.8 idx=0/14 dist=32/134 right=1:2.58@81,84 dx=-2.6 idx=0/13 dist=33/255 sel=1:2.59@81,84 dx=-2.7 idx=0/16 dist=32/254 edge=1:2.29@81.5,79.5 dx=-2.5 width=53.0 l=55,79 r=108,80
CxScan: raw_ref=80.0 edge=81.5,79.5 best_raw_x=75 best_err=0.55 best_cxcy=82.1,119.5 scan=0:-24.1,10:-21.1,20:-18.0,30:-14.8,40:-11.5,50:-8.1,60:-4.7,70:-1.2,80:2.3,90:5.7,100:9.1,110:12.5,120:15.7,130:18.9,140:21.9
ATGSeedDiag: seed=1@8,108/1@129,108 begin=7,108 block=5 clip=8
ATGLptDiag: best=23(86.6) imip=13/33 pass=11111 acc=23 ipm=53.1,63.5 inv=45.9,35.3 | 57(3.8) imip=47/67 pass=10101 acc=-1 ipm=121.0,-14.6 inv=90.5,13.9
frame=19 line=1 track=1 cross=0 circle=1(CIRCLE_LEFT_BEGIN) round=0 yroad=0 ramp=0 road=7 speed=0 near=43/125 raw=117/105 sel=125/127 far=0/0 far_raw=0/0 l=1@23/0@-1 far_l=0@-1/0@-1 straight=0/1 far_straight=0/0 circle_cnt=0/0/0/0 lost=0/0 conf=86.9/4.3/0.0/0.0 dist=0 m0=(84,119) ml=(81,86) md=34/1/140 cxcy=84.0,119.6 guide=2.79 atg=0.0/1.0/1.0 pure=-0.15/-0.43 yaw=-168 cmd=32 actual=-402 signed=1 rps=3756/3844:1363/858 duty=12/15
ATGCorner: L=1@23/0@-1 Y=0@-1/0@-1 farL=0@-1/0@-1 Lxy=53.3,63.6:46.1,35.3/-1.0,-1.0:-1.0,-1.0 Yxy=-1.0,-1.0:-1.0,-1.0/-1.0,-1.0:-1.0,-1.0 farLxy=-1.0,-1.0:-1.0,-1.0/-1.0,-1.0:-1.0,-1.0 best=23:53.3,63.6:46.1,35.3:86.9:11111/1:105.1,114.2:125.2,98.0:4.3:10111 seed_src=lpt/none seed=0.0,0.0/0.0,0.0 far_start=70,0 far_raw=0/0 far_num=0/0 straight=0/1 far_straight=0/0 conf_deg=86.9/4.3/0.0/0.0
CrossDiag: type=CROSS_NONE track=1 half_lr=0/0 nearL=1@23/0@-1 nearNum=43/125 centerNum=43/125 farL=0@-1/0@-1 farNum=0/0 farRaw=0/0 lost=0/0 not_have=0 final=125/127 flags=0/0
LineErr: aim=33 cxcy=84.0,119.6 left=1:2.39@81,82 dx=-2.5 idx=0/14 dist=32/135 right=1:2.28@82,84 dx=-2.3 idx=0/13 dist=33/255 sel=1:2.29@82,84 dx=-2.3 idx=0/16 dist=32/252 edge=1:1.83@82.0,79.5 dx=-2.0 width=52.0 l=56,79 r=108,80
CxScan: raw_ref=80.0 edge=82.0,79.5 best_raw_x=75 best_err=0.10 best_cxcy=82.1,119.5 scan=0:-24.5,10:-21.5,20:-18.4,30:-15.2,40:-11.9,50:-8.5,60:-5.1,70:-1.6,80:1.8,90:5.3,100:8.7,110:12.0,120:15.3,130:18.5,140:21.5
ATGSeedDiag: seed=1@8,108/1@129,108 begin=7,108 block=5 clip=8
ATGLptDiag: best=23(86.9) imip=13/33 pass=11111 acc=23 ipm=53.3,63.6 inv=46.1,35.3 | 1(4.3) imip=0/11 pass=10111 acc=-1 ipm=105.1,114.2 inv=125.2,98.0
frame=20 line=1 track=1 cross=0 circle=1(CIRCLE_LEFT_BEGIN) round=0 yroad=0 ramp=0 road=7 speed=0 near=43/125 raw=117/104 sel=125/128 far=0/0 far_raw=0/0 l=1@22/0@-1 far_l=0@-1/0@-1 straight=0/1 far_straight=0/0 circle_cnt=0/0/0/0 lost=0/0 conf=88.2/2.5/0.0/0.0 dist=0 m0=(84,119) ml=(81,88) md=32/1/141 cxcy=84.0,119.6 guide=2.61 atg=0.0/1.0/2.0 pure=-0.21/-0.47 yaw=-156 cmd=44 actual=-402 signed=1 rps=3740/3860:1426/966 duty=12/15
ATGCorner: L=1@22/0@-1 Y=0@-1/0@-1 farL=0@-1/0@-1 Lxy=55.0,65.3:47.2,36.2/-1.0,-1.0:-1.0,-1.0 Yxy=-1.0,-1.0:-1.0,-1.0/-1.0,-1.0:-1.0,-1.0 farLxy=-1.0,-1.0:-1.0,-1.0/-1.0,-1.0:-1.0,-1.0 best=22:55.0,65.3:47.2,36.2:88.2:11111/57:122.6,-14.8:91.3,13.8:2.5:10101 seed_src=lpt/none seed=0.0,0.0/0.0,0.0 far_start=70,0 far_raw=0/0 far_num=0/0 straight=0/1 far_straight=0/0 conf_deg=88.2/2.5/0.0/0.0
CrossDiag: type=CROSS_NONE track=1 half_lr=0/0 nearL=1@22/0@-1 nearNum=43/125 centerNum=43/125 farL=0@-1/0@-1 farNum=0/0 farRaw=0/0 lost=0/0 not_have=0 final=125/128 flags=0/0
LineErr: aim=33 cxcy=84.0,119.6 left=1:2.20@82,82 dx=-2.3 idx=0/14 dist=32/133 right=1:2.37@82,86 dx=-2.4 idx=0/12 dist=32/256 sel=1:2.06@82,84 dx=-2.1 idx=0/16 dist=32/254 edge=1:1.37@82.5,79.0 dx=-1.5 width=53.0 l=56,79 r=109,79
CxScan: raw_ref=80.0 edge=82.5,79.0 best_raw_x=75 best_err=-0.35 best_cxcy=82.1,119.5 scan=0:-24.7,10:-21.8,20:-18.7,30:-15.5,40:-12.3,50:-8.9,60:-5.5,70:-2.1,80:1.4,90:4.8,100:8.2,110:11.5,120:14.8,130:17.9,140:21.0
ATGSeedDiag: seed=1@9,108/1@129,107 begin=7,108 block=5 clip=8
ATGLptDiag: best=22(88.2) imip=12/32 pass=11111 acc=22 ipm=55.0,65.3 inv=47.2,36.2 | 57(2.5) imip=47/67 pass=10101 acc=-1 ipm=122.6,-14.8 inv=91.3,13.8
frame=21 line=1 track=1 cross=0 circle=1(CIRCLE_LEFT_BEGIN) round=0 yroad=0 ramp=0 road=7 speed=0 near=43/125 raw=117/105 sel=125/128 far=0/0 far_raw=0/0 l=1@22/0@-1 far_l=0@-1/0@-1 straight=0/1 far_straight=0/0 circle_cnt=0/0/0/0 lost=0/0 conf=87.6/3.5/0.0/0.0 dist=0 m0=(84,119) ml=(82,88) md=32/1/141 cxcy=84.0,119.6 guide=2.44 atg=0.0/1.0/2.0 pure=-0.26/-0.49 yaw=-146 cmd=54 actual=-388 signed=1 rps=3727/3873:1537/1124 duty=12/15
ATGCorner: L=1@22/0@-1 Y=0@-1/0@-1 farL=0@-1/0@-1 Lxy=55.1,65.3:47.3,36.2/-1.0,-1.0:-1.0,-1.0 Yxy=-1.0,-1.0:-1.0,-1.0/-1.0,-1.0:-1.0,-1.0 farLxy=-1.0,-1.0:-1.0,-1.0/-1.0,-1.0:-1.0,-1.0 best=22:55.1,65.3:47.3,36.2:87.6:11111/57:123.0,-14.4:91.5,13.9:3.5:10101 seed_src=lpt/none seed=0.0,0.0/0.0,0.0 far_start=70,0 far_raw=0/0 far_num=0/0 straight=0/1 far_straight=0/0 conf_deg=87.6/3.5/0.0/0.0
CrossDiag: type=CROSS_NONE track=1 half_lr=0/0 nearL=1@22/0@-1 nearNum=43/125 centerNum=43/125 farL=0@-1/0@-1 farNum=0/0 farRaw=0/0 lost=0/0 not_have=0 final=125/128 flags=0/0
LineErr: aim=33 cxcy=84.0,119.6 left=1:1.91@82,82 dx=-2.0 idx=0/14 dist=32/132 right=1:1.85@82,84 dx=-1.9 idx=0/13 dist=33/255 sel=1:1.87@82,84 dx=-1.9 idx=0/16 dist=32/254 edge=1:1.38@82.5,79.5 dx=-1.5 width=53.0 l=56,79 r=109,80
CxScan: raw_ref=80.0 edge=82.5,79.5 best_raw_x=75 best_err=-0.36 best_cxcy=82.1,119.5 scan=0:-24.9,10:-21.9,20:-18.8,30:-15.6,40:-12.4,50:-9.0,60:-5.6,70:-2.1,80:1.4,90:4.8,100:8.3,110:11.6,120:14.9,130:18.1,140:21.1
ATGSeedDiag: seed=1@9,108/1@130,108 begin=7,108 block=5 clip=8
ATGLptDiag: best=22(87.6) imip=12/32 pass=11111 acc=22 ipm=55.1,65.3 inv=47.3,36.2 | 57(3.5) imip=47/67 pass=10101 acc=-1 ipm=123.0,-14.4 inv=91.5,13.9
frame=22 line=1 track=1 cross=0 circle=1(CIRCLE_LEFT_BEGIN) round=0 yroad=0 ramp=0 road=7 speed=0 near=43/125 raw=118/105 sel=125/128 far=0/0 far_raw=0/0 l=1@22/0@-1 far_l=0@-1/0@-1 straight=0/1 far_straight=0/0 circle_cnt=0/0/0/0 lost=0/0 conf=90.8/3.5/0.0/0.0 dist=0 m0=(84,119) ml=(82,86) md=33/1/141 cxcy=84.0,119.6 guide=1.84 atg=0.0/1.0/2.0 pure=-0.31/-0.54 yaw=-111 cmd=89 actual=-353 signed=1 rps=3678/3922:1623/1279 duty=12/15
ATGCorner: L=1@22/0@-1 Y=0@-1/0@-1 farL=0@-1/0@-1 Lxy=55.8,65.2:47.9,36.2/-1.0,-1.0:-1.0,-1.0 Yxy=-1.0,-1.0:-1.0,-1.0/-1.0,-1.0:-1.0,-1.0 farLxy=-1.0,-1.0:-1.0,-1.0/-1.0,-1.0:-1.0,-1.0 best=22:55.8,65.2:47.9,36.2:90.8:11111/1:105.5,114.2:126.0,98.0:3.5:10111 seed_src=lpt/none seed=0.0,0.0/0.0,0.0 far_start=70,0 far_raw=0/0 far_num=0/0 straight=0/1 far_straight=0/0 conf_deg=90.8/3.5/0.0/0.0
CrossDiag: type=CROSS_NONE track=1 half_lr=0/0 nearL=1@22/0@-1 nearNum=43/125 centerNum=43/125 farL=0@-1/0@-1 farNum=0/0 farRaw=0/0 lost=0/0 not_have=0 final=125/128 flags=0/0
LineErr: aim=33 cxcy=84.0,119.6 left=1:1.75@82,82 dx=-1.9 idx=0/14 dist=32/135 right=1:1.55@82,84 dx=-1.6 idx=0/13 dist=33/255 sel=1:1.58@82,84 dx=-1.6 idx=0/16 dist=32/254 edge=1:1.38@82.5,79.5 dx=-1.5 width=53.0 l=56,79 r=109,80
CxScan: raw_ref=80.0 edge=82.5,79.5 best_raw_x=75 best_err=-0.36 best_cxcy=82.1,119.5 scan=0:-24.9,10:-21.9,20:-18.8,30:-15.6,40:-12.4,50:-9.0,60:-5.6,70:-2.1,80:1.4,90:4.8,100:8.3,110:11.6,120:14.9,130:18.1,140:21.1
ATGSeedDiag: seed=1@9,108/1@130,108 begin=7,108 block=5 clip=8
ATGLptDiag: best=22(90.8) imip=12/32 pass=11111 acc=22 ipm=55.8,65.2 inv=47.9,36.2 | 1(3.5) imip=0/11 pass=10111 acc=-1 ipm=105.5,114.2 inv=126.0,98.0
frame=24 line=1 track=1 cross=0 circle=1(CIRCLE_LEFT_BEGIN) round=0 yroad=0 ramp=0 road=7 speed=0 near=42/125 raw=117/105 sel=125/127 far=0/0 far_raw=0/0 l=1@22/0@-1 far_l=0@-1/0@-1 straight=0/1 far_straight=0/0 circle_cnt=0/0/0/0 lost=0/0 conf=86.1/4.4/0.0/0.0 dist=0 m0=(84,119) ml=(82,86) md=33/1/140 cxcy=84.0,119.6 guide=1.64 atg=0.0/2.0/3.0 pure=-0.31/-0.57 yaw=-99 cmd=76 actual=-273 signed=1 rps=3696/3904:1749/1434 duty=11/14
ATGCorner: L=1@22/0@-1 Y=0@-1/0@-1 farL=0@-1/0@-1 Lxy=55.3,65.5:47.4,36.4/-1.0,-1.0:-1.0,-1.0 Yxy=-1.0,-1.0:-1.0,-1.0/-1.0,-1.0:-1.0,-1.0 farLxy=-1.0,-1.0:-1.0,-1.0/-1.0,-1.0:-1.0,-1.0 best=22:55.3,65.5:47.4,36.4:86.1:11111/54:123.2,-7.4:92.5,14.9:4.4:10101 seed_src=lpt/none seed=0.0,0.0/0.0,0.0 far_start=70,0 far_raw=0/0 far_num=0/0 straight=0/1 far_straight=0/0 conf_deg=86.1/4.4/0.0/0.0
CrossDiag: type=CROSS_NONE track=1 half_lr=0/0 nearL=1@22/0@-1 nearNum=42/125 centerNum=42/125 farL=0@-1/0@-1 farNum=0/0 farRaw=0/0 lost=0/0 not_have=0 final=125/127 flags=0/0
LineErr: aim=33 cxcy=84.0,119.6 left=1:1.45@82,81 dx=-1.6 idx=0/14 dist=34/134 right=1:1.46@83,84 dx=-1.5 idx=0/13 dist=33/255 sel=1:1.48@83,84 dx=-1.5 idx=0/16 dist=32/252 edge=1:0.93@83.0,79.5 dx=-1.0 width=52.0 l=57,79 r=109,80
CxScan: raw_ref=80.0 edge=83.0,79.5 best_raw_x=75 best_err=-0.81 best_cxcy=82.1,119.5 scan=0:-25.2,10:-22.3,20:-19.2,30:-16.1,40:-12.8,50:-9.4,60:-6.0,70:-2.5,80:0.9,90:4.4,100:7.8,110:11.2,120:14.5,130:17.6,140:20.7
ATGSeedDiag: seed=1@9,108/1@130,108 begin=7,108 block=5 clip=8
ATGLptDiag: best=22(86.1) imip=12/32 pass=11111 acc=22 ipm=55.3,65.5 inv=47.4,36.4 | 54(4.4) imip=44/64 pass=10101 acc=-1 ipm=123.2,-7.4 inv=92.5,14.9
frame=25 line=1 track=1 cross=0 circle=1(CIRCLE_LEFT_BEGIN) round=0 yroad=0 ramp=0 road=7 speed=0 near=42/125 raw=117/105 sel=125/127 far=0/0 far_raw=0/0 l=1@22/0@-1 far_l=0@-1/0@-1 straight=0/1 far_straight=0/0 circle_cnt=0/0/0/0 lost=0/0 conf=87.1/4.1/0.0/0.0 dist=0 m0=(84,119) ml=(82,86) md=33/1/140 cxcy=84.0,119.6 guide=1.64 atg=0.0/2.0/3.0 pure=-0.35/-0.57 yaw=-99 cmd=32 actual=-229 signed=1 rps=3757/3843:1775/1510 duty=12/14
ATGCorner: L=1@22/0@-1 Y=0@-1/0@-1 farL=0@-1/0@-1 Lxy=55.3,65.7:47.4,36.5/-1.0,-1.0:-1.0,-1.0 Yxy=-1.0,-1.0:-1.0,-1.0/-1.0,-1.0:-1.0,-1.0 farLxy=-1.0,-1.0:-1.0,-1.0/-1.0,-1.0:-1.0,-1.0 best=22:55.3,65.7:47.4,36.5:87.1:11111/1:105.5,114.2:126.2,98.0:4.1:10111 seed_src=lpt/none seed=0.0,0.0/0.0,0.0 far_start=70,0 far_raw=0/0 far_num=0/0 straight=0/1 far_straight=0/0 conf_deg=87.1/4.1/0.0/0.0
CrossDiag: type=CROSS_NONE track=1 half_lr=0/0 nearL=1@22/0@-1 nearNum=42/125 centerNum=42/125 farL=0@-1/0@-1 farNum=0/0 farRaw=0/0 lost=0/0 not_have=0 final=125/127 flags=0/0
LineErr: aim=33 cxcy=84.0,119.6 left=1:1.16@83,81 dx=-1.2 idx=0/14 dist=34/132 right=1:1.40@83,84 dx=-1.4 idx=0/13 dist=33/255 sel=1:1.41@83,84 dx=-1.5 idx=0/16 dist=32/252 edge=1:0.93@83.0,79.5 dx=-1.0 width=52.0 l=57,79 r=109,80
CxScan: raw_ref=80.0 edge=83.0,79.5 best_raw_x=75 best_err=-0.81 best_cxcy=82.1,119.5 scan=0:-25.2,10:-22.3,20:-19.2,30:-16.1,40:-12.8,50:-9.4,60:-6.0,70:-2.5,80:0.9,90:4.4,100:7.8,110:11.2,120:14.5,130:17.6,140:20.7
ATGSeedDiag: seed=1@9,108/1@130,108 begin=7,108 block=5 clip=8
ATGLptDiag: best=22(87.1) imip=12/32 pass=11111 acc=22 ipm=55.3,65.7 inv=47.4,36.5 | 1(4.1) imip=0/11 pass=10111 acc=-1 ipm=105.5,114.2 inv=126.2,98.0
frame=26 line=1 track=1 cross=0 circle=1(CIRCLE_LEFT_BEGIN) round=0 yroad=0 ramp=0 road=7 speed=0 near=42/125 raw=117/105 sel=125/128 far=0/0 far_raw=0/0 l=1@22/0@-1 far_l=0@-1/0@-1 straight=0/1 far_straight=0/0 circle_cnt=0/0/0/0 lost=0/0 conf=86.7/4.5/0.0/0.0 dist=0 m0=(84,119) ml=(82,86) md=33/1/142 cxcy=84.0,119.6 guide=1.64 atg=1.0/2.0/3.0 pure=-0.38/-0.57 yaw=-99 cmd=-12 actual=-185 signed=1 rps=3817/3783:1833/1625 duty=12/14
ATGCorner: L=1@22/0@-1 Y=0@-1/0@-1 farL=0@-1/0@-1 Lxy=55.4,65.7:47.4,36.5/-1.0,-1.0:-1.0,-1.0 Yxy=-1.0,-1.0:-1.0,-1.0/-1.0,-1.0:-1.0,-1.0 farLxy=-1.0,-1.0:-1.0,-1.0/-1.0,-1.0:-1.0,-1.0 best=22:55.4,65.7:47.4,36.5:86.7:11111/57:124.8,-14.2:92.4,13.9:4.5:10101 seed_src=lpt/none seed=0.0,0.0/0.0,0.0 far_start=70,0 far_raw=0/0 far_num=0/0 straight=0/1 far_straight=0/0 conf_deg=86.7/4.5/0.0/0.0
CrossDiag: type=CROSS_NONE track=1 half_lr=0/0 nearL=1@22/0@-1 nearNum=42/125 centerNum=42/125 farL=0@-1/0@-1 farNum=0/0 farRaw=0/0 lost=0/0 not_have=0 final=125/128 flags=0/0
LineErr: aim=33 cxcy=84.0,119.6 left=1:1.16@83,81 dx=-1.3 idx=0/14 dist=34/133 right=1:1.23@83,83 dx=-1.3 idx=0/13 dist=33/255 sel=1:1.28@83,84 dx=-1.3 idx=0/16 dist=32/254 edge=1:0.48@83.5,79.5 dx=-0.5 width=53.0 l=57,79 r=110,80
CxScan: raw_ref=80.0 edge=83.5,79.5 best_raw_x=80 best_err=0.48 best_cxcy=84.0,119.6 scan=0:-25.6,10:-22.7,20:-19.6,30:-16.5,40:-13.2,50:-9.9,60:-6.5,70:-3.0,80:0.5,90:3.9,100:7.4,110:10.7,120:14.0,130:17.2,140:20.3
ATGSeedDiag: seed=1@9,108/1@130,108 begin=7,108 block=5 clip=8
ATGLptDiag: best=22(86.7) imip=12/32 pass=11111 acc=22 ipm=55.4,65.7 inv=47.4,36.5 | 57(4.5) imip=47/67 pass=10101 acc=-1 ipm=124.8,-14.2 inv=92.4,13.9
frame=27 line=1 track=1 cross=0 circle=1(CIRCLE_LEFT_BEGIN) round=0 yroad=0 ramp=0 road=7 speed=0 near=42/125 raw=116/105 sel=125/128 far=0/0 far_raw=0/0 l=1@22/0@-1 far_l=0@-1/0@-1 straight=0/1 far_straight=0/0 circle_cnt=0/0/0/0 lost=0/0 conf=85.9/4.0/0.0/0.0 dist=0 m0=(84,119) ml=(82,86) md=33/1/142 cxcy=84.0,119.6 guide=1.64 atg=1.0/2.0/3.0 pure=-0.38/-0.57 yaw=-99 cmd=-50 actual=-147 signed=1 rps=3869/3731:1863/1743 duty=12/13
ATGCorner: L=1@22/0@-1 Y=0@-1/0@-1 farL=0@-1/0@-1 Lxy=55.1,65.6:47.2,36.4/-1.0,-1.0:-1.0,-1.0 Yxy=-1.0,-1.0:-1.0,-1.0/-1.0,-1.0:-1.0,-1.0 farLxy=-1.0,-1.0:-1.0,-1.0/-1.0,-1.0:-1.0,-1.0 best=22:55.1,65.6:47.2,36.4:85.9:11111/57:125.1,-14.1:92.5,13.9:4.0:10101 seed_src=lpt/none seed=0.0,0.0/0.0,0.0 far_start=70,0 far_raw=0/0 far_num=0/0 straight=0/1 far_straight=0/0 conf_deg=85.9/4.0/0.0/0.0
CrossDiag: type=CROSS_NONE track=1 half_lr=0/0 nearL=1@22/0@-1 nearNum=42/125 centerNum=42/125 farL=0@-1/0@-1 farNum=0/0 farRaw=0/0 lost=0/0 not_have=0 final=125/128 flags=0/0
LineErr: aim=33 cxcy=84.0,119.6 left=1:1.33@83,84 dx=-1.4 idx=0/13 dist=31/132 right=1:1.23@83,83 dx=-1.3 idx=0/13 dist=33/255 sel=1:1.28@83,84 dx=-1.3 idx=0/16 dist=32/254 edge=1:0.48@83.5,79.5 dx=-0.5 width=53.0 l=57,79 r=110,80
CxScan: raw_ref=80.0 edge=83.5,79.5 best_raw_x=80 best_err=0.48 best_cxcy=84.0,119.6 scan=0:-25.6,10:-22.7,20:-19.6,30:-16.5,40:-13.2,50:-9.9,60:-6.5,70:-3.0,80:0.5,90:3.9,100:7.4,110:10.7,120:14.0,130:17.2,140:20.3
ATGSeedDiag: seed=1@10,107/1@130,108 begin=7,108 block=5 clip=8
ATGLptDiag: best=22(85.9) imip=12/32 pass=11111 acc=22 ipm=55.1,65.6 inv=47.2,36.4 | 57(4.0) imip=47/67 pass=10101 acc=-1 ipm=125.1,-14.1 inv=92.5,13.9
frame=28 line=1 track=1 cross=0 circle=1(CIRCLE_LEFT_BEGIN) round=0 yroad=0 ramp=0 road=7 speed=0 near=42/125 raw=117/104 sel=125/128 far=0/0 far_raw=0/0 l=1@22/0@-1 far_l=0@-1/0@-1 straight=0/1 far_straight=0/0 circle_cnt=0/0/0/0 lost=0/0 conf=86.3/4.1/0.0/0.0 dist=0 m0=(84,119) ml=(83,86) md=33/1/142 cxcy=84.0,119.6 guide=1.44 atg=1.0/2.0/3.0 pure=-0.41/-0.60 yaw=-86 cmd=-53 actual=-120 signed=1 rps=3872/3728:1871/1836 duty=12/13
ATGCorner: L=1@22/0@-1 Y=0@-1/0@-1 farL=0@-1/0@-1 Lxy=55.4,65.7:47.4,36.5/-1.0,-1.0:-1.0,-1.0 Yxy=-1.0,-1.0:-1.0,-1.0/-1.0,-1.0:-1.0,-1.0 farLxy=-1.0,-1.0:-1.0,-1.0/-1.0,-1.0:-1.0,-1.0 best=22:55.4,65.7:47.4,36.5:86.3:11111/1:105.8,113.9:126.3,97.2:4.1:10111 seed_src=lpt/none seed=0.0,0.0/0.0,0.0 far_start=70,0 far_raw=0/0 far_num=0/0 straight=0/1 far_straight=0/0 conf_deg=86.3/4.1/0.0/0.0
CrossDiag: type=CROSS_NONE track=1 half_lr=0/0 nearL=1@22/0@-1 nearNum=42/125 centerNum=42/125 farL=0@-1/0@-1 farNum=0/0 farRaw=0/0 lost=0/0 not_have=0 final=125/128 flags=0/0
LineErr: aim=33 cxcy=84.0,119.6 left=1:1.07@83,81 dx=-1.2 idx=0/14 dist=34/131 right=1:1.39@83,85 dx=-1.4 idx=0/12 dist=32/256 sel=1:1.11@83,84 dx=-1.1 idx=0/16 dist=32/254 edge=1:0.47@83.5,79.0 dx=-0.5 width=53.0 l=57,79 r=110,79
CxScan: raw_ref=80.0 edge=83.5,79.0 best_raw_x=80 best_err=0.47 best_cxcy=84.0,119.6 scan=0:-25.4,10:-22.5,20:-19.5,30:-16.4,40:-13.1,50:-9.8,60:-6.4,70:-3.0,80:0.5,90:3.9,100:7.3,110:10.7,120:13.9,130:17.1,140:20.2
ATGSeedDiag: seed=1@10,108/1@130,107 begin=7,108 block=5 clip=8
ATGLptDiag: best=22(86.3) imip=12/32 pass=11111 acc=22 ipm=55.4,65.7 inv=47.4,36.5 | 1(4.1) imip=0/11 pass=10111 acc=-1 ipm=105.8,113.9 inv=126.3,97.2
frame=29 line=1 track=1 cross=0 circle=1(CIRCLE_LEFT_BEGIN) round=0 yroad=0 ramp=0 road=7 speed=0 near=42/125 raw=117/104 sel=125/128 far=0/0 far_raw=0/0 l=1@21/0@-1 far_l=0@-1/0@-1 straight=0/1 far_straight=0/0 circle_cnt=0/0/0/0 lost=0/0 conf=89.8/4.1/0.0/0.0 dist=0 m0=(84,119) ml=(83,86) md=33/1/142 cxcy=84.0,119.6 guide=1.44 atg=1.0/2.0/3.0 pure=-0.41/-0.61 yaw=-86 cmd=-67 actual=-105 signed=1 rps=3892/3708:1958/1986 duty=12/13
ATGCorner: L=1@21/0@-1 Y=0@-1/0@-1 farL=0@-1/0@-1 Lxy=56.8,67.6:48.2,37.5/-1.0,-1.0:-1.0,-1.0 Yxy=-1.0,-1.0:-1.0,-1.0/-1.0,-1.0:-1.0,-1.0 farLxy=-1.0,-1.0:-1.0,-1.0/-1.0,-1.0:-1.0,-1.0 best=21:56.8,67.6:48.2,37.5:89.8:11111/1:105.8,113.9:126.3,97.2:4.1:10111 seed_src=lpt/none seed=0.0,0.0/0.0,0.0 far_start=70,0 far_raw=0/0 far_num=0/0 straight=0/1 far_straight=0/0 conf_deg=89.8/4.1/0.0/0.0
CrossDiag: type=CROSS_NONE track=1 half_lr=0/0 nearL=1@21/0@-1 nearNum=42/125 centerNum=42/125 farL=0@-1/0@-1 farNum=0/0 farRaw=0/0 lost=0/0 not_have=0 final=125/128 flags=0/0
LineErr: aim=33 cxcy=84.0,119.6 left=1:1.04@83,81 dx=-1.1 idx=0/14 dist=34/132 right=1:1.40@83,85 dx=-1.4 idx=0/12 dist=32/256 sel=1:1.11@83,84 dx=-1.1 idx=0/16 dist=32/254 edge=1:0.47@83.5,79.0 dx=-0.5 width=53.0 l=57,79 r=110,79
CxScan: raw_ref=80.0 edge=83.5,79.0 best_raw_x=80 best_err=0.47 best_cxcy=84.0,119.6 scan=0:-25.4,10:-22.5,20:-19.5,30:-16.4,40:-13.1,50:-9.8,60:-6.4,70:-3.0,80:0.5,90:3.9,100:7.3,110:10.7,120:13.9,130:17.1,140:20.2
ATGSeedDiag: seed=1@10,108/1@130,107 begin=7,108 block=5 clip=8
ATGLptDiag: best=21(89.8) imip=11/31 pass=11111 acc=21 ipm=56.8,67.6 inv=48.2,37.5 | 1(4.1) imip=0/11 pass=10111 acc=-1 ipm=105.8,113.9 inv=126.3,97.2
frame=30 line=1 track=1 cross=0 circle=1(CIRCLE_LEFT_BEGIN) round=0 yroad=0 ramp=0 road=7 speed=0 near=41/125 raw=116/104 sel=125/128 far=0/0 far_raw=0/0 l=1@21/0@-1 far_l=0@-1/0@-1 straight=0/1 far_straight=0/0 circle_cnt=0/0/0/0 lost=0/0 conf=86.3/4.1/0.0/0.0 dist=0 m0=(84,119) ml=(83,86) md=33/1/142 cxcy=84.0,119.6 guide=1.44 atg=1.0/2.0/3.0 pure=-0.42/-0.61 yaw=-86 cmd=-76 actual=-96 signed=1 rps=3904/3696:2001/2122 duty=12/13
ATGCorner: L=1@21/0@-1 Y=0@-1/0@-1 farL=0@-1/0@-1 Lxy=56.2,67.7:47.6,37.6/-1.0,-1.0:-1.0,-1.0 Yxy=-1.0,-1.0:-1.0,-1.0/-1.0,-1.0:-1.0,-1.0 farLxy=-1.0,-1.0:-1.0,-1.0/-1.0,-1.0:-1.0,-1.0 best=21:56.2,67.7:47.6,37.6:86.3:11111/1:105.8,113.9:126.3,97.2:4.1:10111 seed_src=lpt/none seed=0.0,0.0/0.0,0.0 far_start=70,0 far_raw=0/0 far_num=0/0 straight=0/1 far_straight=0/0 conf_deg=86.3/4.1/0.0/0.0
CrossDiag: type=CROSS_NONE track=1 half_lr=0/0 nearL=1@21/0@-1 nearNum=41/125 centerNum=41/125 farL=0@-1/0@-1 farNum=0/0 farRaw=0/0 lost=0/0 not_have=0 final=125/128 flags=0/0
LineErr: aim=33 cxcy=84.0,119.6 left=1:1.04@83,84 dx=-1.1 idx=0/13 dist=31/131 right=1:1.25@83,85 dx=-1.3 idx=0/12 dist=32/256 sel=1:1.05@83,84 dx=-1.1 idx=0/16 dist=32/254 edge=1:0.47@83.5,79.0 dx=-0.5 width=53.0 l=57,79 r=110,79
CxScan: raw_ref=80.0 edge=83.5,79.0 best_raw_x=80 best_err=0.47 best_cxcy=84.0,119.6 scan=0:-25.4,10:-22.5,20:-19.5,30:-16.4,40:-13.1,50:-9.8,60:-6.4,70:-3.0,80:0.5,90:3.9,100:7.3,110:10.7,120:13.9,130:17.1,140:20.2
ATGSeedDiag: seed=1@10,108/1@130,107 begin=7,108 block=5 clip=8
ATGLptDiag: best=21(86.3) imip=11/31 pass=11111 acc=21 ipm=56.2,67.7 inv=47.6,37.6 | 1(4.1) imip=0/11 pass=10111 acc=-1 ipm=105.8,113.9 inv=126.3,97.2
frame=31 line=1 track=1 cross=0 circle=1(CIRCLE_LEFT_BEGIN) round=0 yroad=0 ramp=0 road=7 speed=0 near=41/125 raw=116/105 sel=125/128 far=0/0 far_raw=0/0 l=1@21/0@-1 far_l=0@-1/0@-1 straight=0/1 far_straight=0/0 circle_cnt=0/0/0/0 lost=0/0 conf=88.6/3.8/0.0/0.0 dist=0 m0=(84,119) ml=(83,86) md=33/1/142 cxcy=84.0,119.6 guide=1.44 atg=1.0/2.0/3.0 pure=-0.41/-0.63 yaw=-86 cmd=-89 actual=-84 signed=1 rps=3922/3678:1923/2105 duty=12/13
ATGCorner: L=1@21/0@-1 Y=0@-1/0@-1 farL=0@-1/0@-1 Lxy=56.3,67.9:47.7,37.7/-1.0,-1.0:-1.0,-1.0 Yxy=-1.0,-1.0:-1.0,-1.0/-1.0,-1.0:-1.0,-1.0 farLxy=-1.0,-1.0:-1.0,-1.0/-1.0,-1.0:-1.0,-1.0 best=21:56.3,67.9:47.7,37.7:88.6:11111/58:125.4,-16.5:92.4,13.6:3.8:10101 seed_src=lpt/none seed=0.0,0.0/0.0,0.0 far_start=70,0 far_raw=0/0 far_num=0/0 straight=0/1 far_straight=0/0 conf_deg=88.6/3.8/0.0/0.0
CrossDiag: type=CROSS_NONE track=1 half_lr=0/0 nearL=1@21/0@-1 nearNum=41/125 centerNum=41/125 farL=0@-1/0@-1 farNum=0/0 farRaw=0/0 lost=0/0 not_have=0 final=125/128 flags=0/0
LineErr: aim=33 cxcy=84.0,119.6 left=1:0.91@83,84 dx=-0.9 idx=0/13 dist=31/130 right=1:1.04@83,83 dx=-1.1 idx=0/13 dist=33/255 sel=1:1.06@83,84 dx=-1.1 idx=0/16 dist=32/254 edge=1:0.02@84.0,79.5 dx=-0.0 width=52.0 l=58,79 r=110,80
CxScan: raw_ref=80.0 edge=84.0,79.5 best_raw_x=80 best_err=0.02 best_cxcy=84.0,119.6 scan=0:-26.0,10:-23.1,20:-20.0,30:-16.9,40:-13.6,50:-10.3,60:-6.9,70:-3.4,80:0.0,90:3.5,100:6.9,110:10.3,120:13.6,130:16.8,140:19.9
ATGSeedDiag: seed=1@10,108/1@131,108 begin=7,108 block=5 clip=8
ATGLptDiag: best=21(88.6) imip=11/31 pass=11111 acc=21 ipm=56.3,67.9 inv=47.7,37.7 | 58(3.8) imip=48/68 pass=10101 acc=-1 ipm=125.4,-16.5 inv=92.4,13.6
frame=32 line=1 track=1 cross=0 circle=1(CIRCLE_LEFT_BEGIN) round=0 yroad=0 ramp=0 road=7 speed=0 near=41/125 raw=116/105 sel=125/128 far=0/0 far_raw=0/0 l=1@21/0@-1 far_l=0@-1/0@-1 straight=0/1 far_straight=0/0 circle_cnt=0/0/0/0 lost=0/0 conf=88.5/3.2/0.0/0.0 dist=0 m0=(84,119) ml=(83,86) md=33/1/142 cxcy=84.0,119.6 guide=1.44 atg=1.0/2.0/3.0 pure=-0.42/-0.63 yaw=-86 cmd=-91 actual=-81 signed=1 rps=3925/3675:2014/2258 duty=12/13
ATGCorner: L=1@21/0@-1 Y=0@-1/0@-1 farL=0@-1/0@-1 Lxy=56.3,67.9:47.7,37.7/-1.0,-1.0:-1.0,-1.0 Yxy=-1.0,-1.0:-1.0,-1.0/-1.0,-1.0:-1.0,-1.0 farLxy=-1.0,-1.0:-1.0,-1.0/-1.0,-1.0:-1.0,-1.0 best=21:56.3,67.9:47.7,37.7:88.5:11111/57:125.1,-14.2:92.5,13.9:3.2:10101 seed_src=lpt/none seed=0.0,0.0/0.0,0.0 far_start=70,0 far_raw=0/0 far_num=0/0 straight=0/1 far_straight=0/0 conf_deg=88.5/3.2/0.0/0.0
CrossDiag: type=CROSS_NONE track=1 half_lr=0/0 nearL=1@21/0@-1 nearNum=41/125 centerNum=41/125 farL=0@-1/0@-1 farNum=0/0 farRaw=0/0 lost=0/0 not_have=0 final=125/128 flags=0/0
LineErr: aim=33 cxcy=84.0,119.6 left=1:0.76@83,84 dx=-0.8 idx=0/13 dist=31/129 right=1:0.95@83,83 dx=-1.0 idx=0/13 dist=33/255 sel=1:0.97@83,84 dx=-1.0 idx=0/16 dist=32/254 edge=1:0.02@84.0,79.5 dx=-0.0 width=52.0 l=58,79 r=110,80
CxScan: raw_ref=80.0 edge=84.0,79.5 best_raw_x=80 best_err=0.02 best_cxcy=84.0,119.6 scan=0:-26.0,10:-23.1,20:-20.0,30:-16.9,40:-13.6,50:-10.3,60:-6.9,70:-3.4,80:0.0,90:3.5,100:6.9,110:10.3,120:13.6,130:16.8,140:19.9
ATGSeedDiag: seed=1@10,108/1@131,108 begin=7,108 block=5 clip=8
ATGLptDiag: best=21(88.5) imip=11/31 pass=11111 acc=21 ipm=56.3,67.9 inv=47.7,37.7 | 57(3.2) imip=47/67 pass=10101 acc=-1 ipm=125.1,-14.2 inv=92.5,13.9
frame=33 line=1 track=1 cross=0 circle=1(CIRCLE_LEFT_BEGIN) round=0 yroad=0 ramp=0 road=7 speed=0 near=41/125 raw=116/105 sel=125/128 far=0/0 far_raw=0/0 l=1@21/0@-1 far_l=0@-1/0@-1 straight=0/1 far_straight=0/0 circle_cnt=0/0/0/0 lost=0/0 conf=89.7/3.7/0.0/0.0 dist=0 m0=(84,119) ml=(83,86) md=33/1/141 cxcy=84.0,119.6 guide=1.23 atg=1.0/2.0/3.0 pure=-0.45/-0.66 yaw=-74 cmd=-66 actual=-83 signed=1 rps=3890/3710:2106/2380 duty=12/13
ATGCorner: L=1@21/0@-1 Y=0@-1/0@-1 farL=0@-1/0@-1 Lxy=56.1,68.0:47.5,37.7/-1.0,-1.0:-1.0,-1.0 Yxy=-1.0,-1.0:-1.0,-1.0/-1.0,-1.0:-1.0,-1.0 farLxy=-1.0,-1.0:-1.0,-1.0/-1.0,-1.0:-1.0,-1.0 best=21:56.1,68.0:47.5,37.7:89.7:11111/1:105.9,114.2:127.0,98.0:3.7:10111 seed_src=lpt/none seed=0.0,0.0/0.0,0.0 far_start=70,0 far_raw=0/0 far_num=0/0 straight=0/1 far_straight=0/0 conf_deg=89.7/3.7/0.0/0.0
CrossDiag: type=CROSS_NONE track=1 half_lr=0/0 nearL=1@21/0@-1 nearNum=41/125 centerNum=41/125 farL=0@-1/0@-1 farNum=0/0 farRaw=0/0 lost=0/0 not_have=0 final=125/128 flags=0/0
LineErr: aim=33 cxcy=84.0,119.6 left=1:0.77@83,84 dx=-0.8 idx=0/13 dist=32/131 right=1:0.75@83,83 dx=-0.8 idx=0/13 dist=33/255 sel=1:0.78@83,84 dx=-0.8 idx=0/16 dist=32/254 edge=1:0.02@84.0,79.5 dx=-0.0 width=52.0 l=58,79 r=110,80
CxScan: raw_ref=80.0 edge=84.0,79.5 best_raw_x=80 best_err=0.02 best_cxcy=84.0,119.6 scan=0:-26.0,10:-23.1,20:-20.0,30:-16.9,40:-13.6,50:-10.3,60:-6.9,70:-3.4,80:0.0,90:3.5,100:6.9,110:10.3,120:13.6,130:16.8,140:19.9
ATGSeedDiag: seed=1@10,108/1@131,108 begin=7,108 block=5 clip=8
ATGLptDiag: best=21(89.7) imip=11/31 pass=11111 acc=21 ipm=56.1,68.0 inv=47.5,37.7 | 1(3.7) imip=0/11 pass=10111 acc=-1 ipm=105.9,114.2 inv=127.0,98.0
frame=34 line=1 track=1 cross=0 circle=1(CIRCLE_LEFT_BEGIN) round=0 yroad=0 ramp=0 road=7 speed=0 near=40/125 raw=116/105 sel=125/128 far=0/0 far_raw=0/0 l=1@21/0@-1 far_l=0@-1/0@-1 straight=0/1 far_straight=0/0 circle_cnt=0/0/0/0 lost=0/0 conf=89.9/2.2/0.0/0.0 dist=0 m0=(84,119) ml=(83,86) md=33/1/142 cxcy=84.0,119.6 guide=1.03 atg=1.0/2.0/3.0 pure=-0.45/-0.66 yaw=-62 cmd=-46 actual=-78 signed=1 rps=3863/3737:2152/2441 duty=12/13
ATGCorner: L=1@21/0@-1 Y=0@-1/0@-1 farL=0@-1/0@-1 Lxy=56.1,68.0:47.5,37.7/-1.0,-1.0:-1.0,-1.0 Yxy=-1.0,-1.0:-1.0,-1.0/-1.0,-1.0:-1.0,-1.0 farLxy=-1.0,-1.0:-1.0,-1.0/-1.0,-1.0:-1.0,-1.0 best=21:56.1,68.0:47.5,37.7:89.9:11111/52:123.7,-2.7:93.4,15.7:2.2:10101 seed_src=lpt/none seed=0.0,0.0/0.0,0.0 far_start=70,0 far_raw=0/0 far_num=0/0 straight=0/1 far_straight=0/0 conf_deg=89.9/2.2/0.0/0.0
CrossDiag: type=CROSS_NONE track=1 half_lr=0/0 nearL=1@21/0@-1 nearNum=40/125 centerNum=40/125 farL=0@-1/0@-1 farNum=0/0 farRaw=0/0 lost=0/0 not_have=0 final=125/128 flags=0/0
LineErr: aim=33 cxcy=84.0,119.6 left=1:0.77@83,84 dx=-0.8 idx=0/13 dist=32/130 right=1:0.74@83,83 dx=-0.8 idx=0/13 dist=33/255 sel=1:0.78@83,84 dx=-0.8 idx=0/16 dist=32/254 edge=1:0.02@84.0,79.5 dx=-0.0 width=52.0 l=58,79 r=110,80
CxScan: raw_ref=80.0 edge=84.0,79.5 best_raw_x=80 best_err=0.02 best_cxcy=84.0,119.6 scan=0:-26.0,10:-23.1,20:-20.0,30:-16.9,40:-13.6,50:-10.3,60:-6.9,70:-3.4,80:0.0,90:3.5,100:6.9,110:10.3,120:13.6,130:16.8,140:19.9
ATGSeedDiag: seed=1@10,108/1@131,108 begin=7,108 block=5 clip=8
ATGLptDiag: best=21(89.9) imip=11/31 pass=11111 acc=21 ipm=56.1,68.0 inv=47.5,37.7 | 52(2.2) imip=42/62 pass=10101 acc=-1 ipm=123.7,-2.7 inv=93.4,15.7
frame=35 line=1 track=1 cross=0 circle=1(CIRCLE_LEFT_BEGIN) round=0 yroad=0 ramp=0 road=7 speed=0 near=40/125 raw=116/105 sel=125/128 far=0/0 far_raw=0/0 l=1@21/0@-1 far_l=0@-1/0@-1 straight=0/1 far_straight=0/0 circle_cnt=0/0/0/0 lost=0/0 conf=89.8/4.3/0.0/0.0 dist=0 m0=(84,119) ml=(83,86) md=33/1/142 cxcy=84.0,119.6 guide=1.03 atg=1.0/2.0/4.0 pure=-0.48/-0.66 yaw=-62 cmd=-56 actual=-67 signed=1 rps=3877/3723:2205/2441 duty=12/13
ATGCorner: L=1@21/0@-1 Y=0@-1/0@-1 farL=0@-1/0@-1 Lxy=56.1,68.0:47.5,37.7/-1.0,-1.0:-1.0,-1.0 Yxy=-1.0,-1.0:-1.0,-1.0/-1.0,-1.0:-1.0,-1.0 farLxy=-1.0,-1.0:-1.0,-1.0/-1.0,-1.0:-1.0,-1.0 best=21:56.1,68.0:47.5,37.7:89.8:11111/1:106.0,114.2:127.2,98.0:4.3:10111 seed_src=lpt/none seed=0.0,0.0/0.0,0.0 far_start=70,0 far_raw=0/0 far_num=0/0 straight=0/1 far_straight=0/0 conf_deg=89.8/4.3/0.0/0.0
CrossDiag: type=CROSS_NONE track=1 half_lr=0/0 nearL=1@21/0@-1 nearNum=40/125 centerNum=40/125 farL=0@-1/0@-1 farNum=0/0 farRaw=0/0 lost=0/0 not_have=0 final=125/128 flags=0/0
LineErr: aim=33 cxcy=84.0,119.6 left=1:0.78@83,84 dx=-0.8 idx=0/13 dist=32/131 right=1:0.64@83,83 dx=-0.7 idx=0/13 dist=33/255 sel=1:0.67@83,83 dx=-0.7 idx=0/16 dist=32/254 edge=1:0.02@84.0,79.5 dx=-0.0 width=52.0 l=58,79 r=110,80
CxScan: raw_ref=80.0 edge=84.0,79.5 best_raw_x=80 best_err=0.02 best_cxcy=84.0,119.6 scan=0:-26.0,10:-23.1,20:-20.0,30:-16.9,40:-13.6,50:-10.3,60:-6.9,70:-3.4,80:0.0,90:3.5,100:6.9,110:10.3,120:13.6,130:16.8,140:19.9
ATGSeedDiag: seed=1@10,108/1@131,108 begin=7,108 block=5 clip=8
ATGLptDiag: best=21(89.8) imip=11/31 pass=11111 acc=21 ipm=56.1,68.0 inv=47.5,37.7 | 1(4.3) imip=0/11 pass=10111 acc=-1 ipm=106.0,114.2 inv=127.2,98.0
frame=36 line=1 track=1 cross=0 circle=1(CIRCLE_LEFT_BEGIN) round=0 yroad=0 ramp=0 road=7 speed=0 near=40/125 raw=115/105 sel=125/128 far=0/0 far_raw=0/0 l=1@21/0@-1 far_l=0@-1/0@-1 straight=0/1 far_straight=0/0 circle_cnt=0/0/0/0 lost=0/0 conf=85.3/4.5/0.0/0.0 dist=0 m0=(84,119) ml=(83,86) md=33/1/142 cxcy=84.0,119.6 guide=1.03 atg=1.0/2.0/4.0 pure=-0.48/-0.66 yaw=-62 cmd=-69 actual=-54 signed=1 rps=3895/3705:2238/2441 duty=12/12
ATGCorner: L=1@21/0@-1 Y=0@-1/0@-1 farL=0@-1/0@-1 Lxy=55.3,68.4:46.6,38.0/-1.0,-1.0:-1.0,-1.0 Yxy=-1.0,-1.0:-1.0,-1.0/-1.0,-1.0:-1.0,-1.0 farLxy=-1.0,-1.0:-1.0,-1.0/-1.0,-1.0:-1.0,-1.0 best=21:55.3,68.4:46.6,38.0:85.3:11111/54:124.9,-7.2:93.4,15.0:4.5:10101 seed_src=lpt/none seed=0.0,0.0/0.0,0.0 far_start=70,0 far_raw=0/0 far_num=0/0 straight=0/1 far_straight=0/0 conf_deg=85.3/4.5/0.0/0.0
CrossDiag: type=CROSS_NONE track=1 half_lr=0/0 nearL=1@21/0@-1 nearNum=40/125 centerNum=40/125 farL=0@-1/0@-1 farNum=0/0 farRaw=0/0 lost=0/0 not_have=0 final=125/128 flags=0/0
LineErr: aim=33 cxcy=84.0,119.6 left=1:0.78@83,83 dx=-0.8 idx=0/13 dist=33/131 right=1:0.65@83,83 dx=-0.7 idx=0/13 dist=33/255 sel=1:0.67@83,83 dx=-0.7 idx=0/16 dist=32/254 edge=1:0.02@84.0,79.5 dx=-0.0 width=52.0 l=58,79 r=110,80
CxScan: raw_ref=80.0 edge=84.0,79.5 best_raw_x=80 best_err=0.02 best_cxcy=84.0,119.6 scan=0:-26.0,10:-23.1,20:-20.0,30:-16.9,40:-13.6,50:-10.3,60:-6.9,70:-3.4,80:0.0,90:3.5,100:6.9,110:10.3,120:13.6,130:16.8,140:19.9
ATGSeedDiag: seed=1@10,108/1@131,108 begin=7,108 block=5 clip=8
ATGLptDiag: best=21(85.3) imip=11/31 pass=11111 acc=21 ipm=55.3,68.4 inv=46.6,38.0 | 54(4.5) imip=44/64 pass=10101 acc=-1 ipm=124.9,-7.2 inv=93.4,15.0
frame=37 line=1 track=1 cross=0 circle=1(CIRCLE_LEFT_BEGIN) round=0 yroad=0 ramp=0 road=7 speed=0 near=40/125 raw=115/105 sel=125/128 far=0/0 far_raw=0/0 l=1@20/0@-1 far_l=0@-1/0@-1 straight=0/1 far_straight=0/0 circle_cnt=0/0/0/0 lost=0/0 conf=90.7/4.3/0.0/0.0 dist=0 m0=(84,119) ml=(83,86) md=33/1/142 cxcy=84.0,119.6 guide=1.03 atg=1.0/2.0/4.0 pure=-0.48/-0.66 yaw=-62 cmd=-77 actual=-46 signed=1 rps=3906/3694:2340/2487 duty=12/12
ATGCorner: L=1@20/0@-1 Y=0@-1/0@-1 farL=0@-1/0@-1 Lxy=57.0,70.0:47.7,38.9/-1.0,-1.0:-1.0,-1.0 Yxy=-1.0,-1.0:-1.0,-1.0/-1.0,-1.0:-1.0,-1.0 farLxy=-1.0,-1.0:-1.0,-1.0/-1.0,-1.0:-1.0,-1.0 best=20:57.0,70.0:47.7,38.9:90.7:11111/1:106.0,114.2:127.2,98.0:4.3:10111 seed_src=lpt/none seed=0.0,0.0/0.0,0.0 far_start=70,0 far_raw=0/0 far_num=0/0 straight=0/1 far_straight=0/0 conf_deg=90.7/4.3/0.0/0.0
CrossDiag: type=CROSS_NONE track=1 half_lr=0/0 nearL=1@20/0@-1 nearNum=40/125 centerNum=40/125 farL=0@-1/0@-1 farNum=0/0 farRaw=0/0 lost=0/0 not_have=0 final=125/128 flags=0/0
LineErr: aim=33 cxcy=84.0,119.6 left=1:0.79@83,83 dx=-0.8 idx=0/13 dist=33/129 right=1:0.64@83,83 dx=-0.7 idx=0/13 dist=33/255 sel=1:0.67@83,83 dx=-0.7 idx=0/16 dist=32/254 edge=1:0.02@84.0,79.5 dx=-0.0 width=52.0 l=58,79 r=110,80
CxScan: raw_ref=80.0 edge=84.0,79.5 best_raw_x=80 best_err=0.02 best_cxcy=84.0,119.6 scan=0:-26.0,10:-23.1,20:-20.0,30:-16.9,40:-13.6,50:-10.3,60:-6.9,70:-3.4,80:0.0,90:3.5,100:6.9,110:10.3,120:13.6,130:16.8,140:19.9
ATGSeedDiag: seed=1@10,108/1@131,108 begin=7,108 block=5 clip=8
ATGLptDiag: best=20(90.7) imip=10/30 pass=11111 acc=20 ipm=57.0,70.0 inv=47.7,38.9 | 1(4.3) imip=0/11 pass=10111 acc=-1 ipm=106.0,114.2 inv=127.2,98.0
frame=39 line=1 track=1 cross=0 circle=1(CIRCLE_LEFT_BEGIN) round=0 yroad=0 ramp=0 road=7 speed=0 near=39/125 raw=115/105 sel=125/127 far=0/0 far_raw=0/0 l=1@20/0@-1 far_l=0@-1/0@-1 straight=0/1 far_straight=0/0 circle_cnt=0/0/0/0 lost=0/0 conf=92.2/6.3/0.0/0.0 dist=0 m0=(84,119) ml=(83,86) md=33/1/142 cxcy=84.0,119.6 guide=0.83 atg=2.0/2.0/4.0 pure=-0.51/-0.68 yaw=-50 cmd=-44 actual=-56 signed=1 rps=3860/3740:2553/2583 duty=11/12
ATGCorner: L=1@20/0@-1 Y=0@-1/0@-1 farL=0@-1/0@-1 Lxy=57.0,70.0:47.7,38.9/-1.0,-1.0:-1.0,-1.0 Yxy=-1.0,-1.0:-1.0,-1.0/-1.0,-1.0:-1.0,-1.0 farLxy=-1.0,-1.0:-1.0,-1.0/-1.0,-1.0:-1.0,-1.0 best=20:57.0,70.0:47.7,38.9:92.2:11111/1:106.1,114.2:127.4,98.1:6.3:10111 seed_src=lpt/none seed=0.0,0.0/0.0,0.0 far_start=70,0 far_raw=0/0 far_num=0/0 straight=0/1 far_straight=0/0 conf_deg=92.2/6.3/0.0/0.0
CrossDiag: type=CROSS_NONE track=1 half_lr=0/0 nearL=1@20/0@-1 nearNum=39/125 centerNum=39/125 farL=0@-1/0@-1 farNum=0/0 farRaw=0/0 lost=0/0 not_have=0 final=125/127 flags=0/0
LineErr: aim=33 cxcy=84.0,119.6 left=1:0.71@83,83 dx=-0.7 idx=0/13 dist=33/129 right=1:0.59@83,83 dx=-0.6 idx=0/13 dist=33/255 sel=1:0.60@83,83 dx=-0.6 idx=0/16 dist=32/252 edge=1:0.02@84.0,79.5 dx=-0.0 width=52.0 l=58,79 r=110,80
CxScan: raw_ref=80.0 edge=84.0,79.5 best_raw_x=80 best_err=0.02 best_cxcy=84.0,119.6 scan=0:-26.0,10:-23.1,20:-20.0,30:-16.9,40:-13.6,50:-10.3,60:-6.9,70:-3.4,80:0.0,90:3.5,100:6.9,110:10.3,120:13.6,130:16.8,140:19.9
ATGSeedDiag: seed=1@10,108/1@131,108 begin=7,108 block=5 clip=8
ATGLptDiag: best=20(92.2) imip=10/30 pass=11111 acc=20 ipm=57.0,70.0 inv=47.7,38.9 | 1(6.3) imip=0/11 pass=10111 acc=-1 ipm=106.1,114.2 inv=127.4,98.1
frame=40 line=1 track=1 cross=0 circle=1(CIRCLE_LEFT_BEGIN) round=0 yroad=0 ramp=0 road=7 speed=0 near=39/125 raw=115/105 sel=125/128 far=0/0 far_raw=0/0 l=1@20/0@-1 far_l=0@-1/0@-1 straight=0/1 far_straight=0/0 circle_cnt=0/0/0/0 lost=0/0 conf=92.1/4.2/0.0/0.0 dist=0 m0=(84,119) ml=(83,86) md=33/1/144 cxcy=84.0,119.6 guide=0.63 atg=2.0/3.0/4.0 pure=-0.54/-0.70 yaw=-38 cmd=-10 actual=-65 signed=1 rps=3814/3786:2665/2619 duty=11/13
ATGCorner: L=1@20/0@-1 Y=0@-1/0@-1 farL=0@-1/0@-1 Lxy=57.0,70.1:47.7,39.0/-1.0,-1.0:-1.0,-1.0 Yxy=-1.0,-1.0:-1.0,-1.0/-1.0,-1.0:-1.0,-1.0 farLxy=-1.0,-1.0:-1.0,-1.0/-1.0,-1.0:-1.0,-1.0 best=20:57.0,70.1:47.7,39.0:92.1:11111/57:126.8,-14.0:93.4,13.9:4.2:10101 seed_src=lpt/none seed=0.0,0.0/0.0,0.0 far_start=70,0 far_raw=0/0 far_num=0/0 straight=0/1 far_straight=0/0 conf_deg=92.1/4.2/0.0/0.0
CrossDiag: type=CROSS_NONE track=1 half_lr=0/0 nearL=1@20/0@-1 nearNum=39/125 centerNum=39/125 farL=0@-1/0@-1 farNum=0/0 farRaw=0/0 lost=0/0 not_have=0 final=125/128 flags=0/0
LineErr: aim=33 cxcy=84.0,119.6 left=1:0.74@83,83 dx=-0.8 idx=0/13 dist=33/127 right=1:0.28@84,83 dx=-0.3 idx=0/13 dist=33/255 sel=1:0.32@84,83 dx=-0.3 idx=0/16 dist=32/254 edge=1:0.02@84.0,79.5 dx=-0.0 width=52.0 l=58,79 r=110,80
CxScan: raw_ref=80.0 edge=84.0,79.5 best_raw_x=80 best_err=0.02 best_cxcy=84.0,119.6 scan=0:-26.0,10:-23.1,20:-20.0,30:-16.9,40:-13.6,50:-10.3,60:-6.9,70:-3.4,80:0.0,90:3.5,100:6.9,110:10.3,120:13.6,130:16.8,140:19.9
ATGSeedDiag: seed=1@11,108/1@131,108 begin=7,108 block=5 clip=8
ATGLptDiag: best=20(92.1) imip=10/30 pass=11111 acc=20 ipm=57.0,70.1 inv=47.7,39.0 | 57(4.2) imip=47/67 pass=10101 acc=-1 ipm=126.8,-14.0 inv=93.4,13.9
frame=41 line=1 track=1 cross=0 circle=1(CIRCLE_LEFT_BEGIN) round=0 yroad=0 ramp=0 road=7 speed=0 near=39/125 raw=115/105 sel=125/128 far=0/0 far_raw=0/0 l=1@20/0@-1 far_l=0@-1/0@-1 straight=0/1 far_straight=0/0 circle_cnt=0/0/0/0 lost=0/0 conf=91.8/4.1/0.0/0.0 dist=0 m0=(84,119) ml=(84,86) md=33/1/144 cxcy=84.0,119.6 guide=0.43 atg=2.0/3.0/4.0 pure=-0.58/-0.71 yaw=-26 cmd=27 actual=-78 signed=1 rps=3763/3837:2635/2530 duty=11/13
ATGCorner: L=1@20/0@-1 Y=0@-1/0@-1 farL=0@-1/0@-1 Lxy=57.0,70.1:47.7,39.0/-1.0,-1.0:-1.0,-1.0 Yxy=-1.0,-1.0:-1.0,-1.0/-1.0,-1.0:-1.0,-1.0 farLxy=-1.0,-1.0:-1.0,-1.0/-1.0,-1.0:-1.0,-1.0 best=20:57.0,70.1:47.7,39.0:91.8:11111/58:127.5,-16.2:93.4,13.6:4.1:10101 seed_src=lpt/none seed=0.0,0.0/0.0,0.0 far_start=70,0 far_raw=0/0 far_num=0/0 straight=0/1 far_straight=0/0 conf_deg=91.8/4.1/0.0/0.0
CrossDiag: type=CROSS_NONE track=1 half_lr=0/0 nearL=1@20/0@-1 nearNum=39/125 centerNum=39/125 farL=0@-1/0@-1 farNum=0/0 farRaw=0/0 lost=0/0 not_have=0 final=125/128 flags=0/0
LineErr: aim=33 cxcy=84.0,119.6 left=1:0.57@83,82 dx=-0.6 idx=0/13 dist=33/127 right=1:0.22@84,83 dx=-0.2 idx=0/13 dist=33/255 sel=1:0.25@84,83 dx=-0.3 idx=0/16 dist=32/254 edge=1:-0.43@84.5,79.5 dx=0.5 width=53.0 l=58,79 r=111,80
CxScan: raw_ref=80.0 edge=84.5,79.5 best_raw_x=80 best_err=-0.43 best_cxcy=84.0,119.6 scan=0:-26.3,10:-23.5,20:-20.4,30:-17.3,40:-14.1,50:-10.7,60:-7.3,70:-3.9,80:-0.4,90:3.0,100:6.5,110:9.9,120:13.2,130:16.4,140:19.5
ATGSeedDiag: seed=1@11,108/1@132,108 begin=7,108 block=5 clip=8
ATGLptDiag: best=20(91.8) imip=10/30 pass=11111 acc=20 ipm=57.0,70.1 inv=47.7,39.0 | 58(4.1) imip=48/68 pass=10101 acc=-1 ipm=127.5,-16.2 inv=93.4,13.6
frame=42 line=1 track=1 cross=0 circle=1(CIRCLE_LEFT_BEGIN) round=0 yroad=0 ramp=0 road=7 speed=0 near=38/125 raw=114/105 sel=125/128 far=0/0 far_raw=0/0 l=1@19/0@-1 far_l=0@-1/0@-1 straight=0/1 far_straight=0/0 circle_cnt=0/0/0/0 lost=0/0 conf=92.6/3.0/0.0/0.0 dist=0 m0=(84,119) ml=(84,86) md=33/1/144 cxcy=84.0,119.6 guide=0.43 atg=2.0/3.0/4.0 pure=-0.59/-0.75 yaw=-26 cmd=41 actual=-92 signed=1 rps=3744/3856:2797/2623 duty=10/13
ATGCorner: L=1@19/0@-1 Y=0@-1/0@-1 farL=0@-1/0@-1 Lxy=57.8,72.2:47.9,40.3/-1.0,-1.0:-1.0,-1.0 Yxy=-1.0,-1.0:-1.0,-1.0/-1.0,-1.0:-1.0,-1.0 farLxy=-1.0,-1.0:-1.0,-1.0/-1.0,-1.0:-1.0,-1.0 best=19:57.8,72.2:47.9,40.3:92.6:11111/57:127.2,-13.9:93.6,13.9:3.0:10101 seed_src=lpt/none seed=0.0,0.0/0.0,0.0 far_start=70,0 far_raw=0/0 far_num=0/0 straight=0/1 far_straight=0/0 conf_deg=92.6/3.0/0.0/0.0
CrossDiag: type=CROSS_NONE track=1 half_lr=0/0 nearL=1@19/0@-1 nearNum=38/125 centerNum=38/125 farL=0@-1/0@-1 farNum=0/0 farRaw=0/0 lost=0/0 not_have=0 final=125/128 flags=0/0
LineErr: aim=33 cxcy=84.0,119.6 left=1:0.55@83,82 dx=-0.6 idx=0/13 dist=34/125 right=1:0.14@84,83 dx=-0.1 idx=0/13 dist=33/255 sel=1:0.16@84,83 dx=-0.2 idx=0/16 dist=32/254 edge=1:-0.43@84.5,79.5 dx=0.5 width=53.0 l=58,79 r=111,80
CxScan: raw_ref=80.0 edge=84.5,79.5 best_raw_x=80 best_err=-0.43 best_cxcy=84.0,119.6 scan=0:-26.3,10:-23.5,20:-20.4,30:-17.3,40:-14.1,50:-10.7,60:-7.3,70:-3.9,80:-0.4,90:3.0,100:6.5,110:9.9,120:13.2,130:16.4,140:19.5
ATGSeedDiag: seed=1@11,108/1@132,108 begin=7,108 block=5 clip=8
ATGLptDiag: best=19(92.6) imip=9/29 pass=11111 acc=19 ipm=57.8,72.2 inv=47.9,40.3 | 57(3.0) imip=47/67 pass=10101 acc=-1 ipm=127.2,-13.9 inv=93.6,13.9
frame=43 line=1 track=1 cross=0 circle=1(CIRCLE_LEFT_BEGIN) round=0 yroad=0 ramp=0 road=7 speed=0 near=38/125 raw=114/105 sel=125/128 far=0/0 far_raw=0/0 l=1@19/0@-1 far_l=0@-1/0@-1 straight=0/1 far_straight=0/0 circle_cnt=0/0/0/0 lost=0/0 conf=92.3/4.7/0.0/0.0 dist=0 m0=(84,119) ml=(84,86) md=33/1/143 cxcy=84.0,119.6 guide=0.43 atg=2.0/3.0/4.0 pure=-0.58/-0.75 yaw=-26 cmd=45 actual=-96 signed=1 rps=3738/3862:2879/2685 duty=10/13
ATGCorner: L=1@19/0@-1 Y=0@-1/0@-1 farL=0@-1/0@-1 Lxy=57.8,72.2:47.9,40.3/-1.0,-1.0:-1.0,-1.0 Yxy=-1.0,-1.0:-1.0,-1.0/-1.0,-1.0:-1.0,-1.0 farLxy=-1.0,-1.0:-1.0,-1.0/-1.0,-1.0:-1.0,-1.0 best=19:57.8,72.2:47.9,40.3:92.3:11111/52:125.6,-2.4:94.4,15.7:4.7:10101 seed_src=lpt/none seed=0.0,0.0/0.0,0.0 far_start=70,0 far_raw=0/0 far_num=0/0 straight=0/1 far_straight=0/0 conf_deg=92.3/4.7/0.0/0.0
CrossDiag: type=CROSS_NONE track=1 half_lr=0/0 nearL=1@19/0@-1 nearNum=38/125 centerNum=38/125 farL=0@-1/0@-1 farNum=0/0 farRaw=0/0 lost=0/0 not_have=0 final=125/128 flags=0/0
LineErr: aim=33 cxcy=84.0,119.6 left=1:0.39@84,82 dx=-0.4 idx=0/13 dist=34/126 right=1:0.14@84,83 dx=-0.1 idx=0/13 dist=33/255 sel=1:0.16@84,83 dx=-0.2 idx=0/16 dist=32/254 edge=1:-0.43@84.5,79.5 dx=0.5 width=53.0 l=58,79 r=111,80
CxScan: raw_ref=80.0 edge=84.5,79.5 best_raw_x=80 best_err=-0.43 best_cxcy=84.0,119.6 scan=0:-26.3,10:-23.5,20:-20.4,30:-17.3,40:-14.1,50:-10.7,60:-7.3,70:-3.9,80:-0.4,90:3.0,100:6.5,110:9.9,120:13.2,130:16.4,140:19.5
ATGSeedDiag: seed=1@11,108/1@132,108 begin=7,108 block=5 clip=8
ATGLptDiag: best=19(92.3) imip=9/29 pass=11111 acc=19 ipm=57.8,72.2 inv=47.9,40.3 | 52(4.7) imip=42/62 pass=10101 acc=-1 ipm=125.6,-2.4 inv=94.4,15.7
frame=44 line=1 track=1 cross=0 circle=1(CIRCLE_LEFT_BEGIN) round=0 yroad=0 ramp=0 road=7 speed=0 near=38/125 raw=114/105 sel=125/128 far=0/0 far_raw=0/0 l=1@19/0@-1 far_l=0@-1/0@-1 straight=0/1 far_straight=0/0 circle_cnt=0/0/0/0 lost=0/0 conf=93.5/4.7/0.0/0.0 dist=0 m0=(84,119) ml=(84,86) md=33/1/143 cxcy=84.0,119.6 guide=0.43 atg=2.0/3.0/4.0 pure=-0.60/-0.75 yaw=-26 cmd=30 actual=-82 signed=1 rps=3758/3842:3040/2794 duty=10/13
ATGCorner: L=1@19/0@-1 Y=0@-1/0@-1 farL=0@-1/0@-1 Lxy=57.9,72.2:48.0,40.3/-1.0,-1.0:-1.0,-1.0 Yxy=-1.0,-1.0:-1.0,-1.0/-1.0,-1.0:-1.0,-1.0 farLxy=-1.0,-1.0:-1.0,-1.0/-1.0,-1.0:-1.0,-1.0 best=19:57.9,72.2:48.0,40.3:93.5:11111/52:125.6,-2.4:94.4,15.7:4.7:10101 seed_src=lpt/none seed=0.0,0.0/0.0,0.0 far_start=70,0 far_raw=0/0 far_num=0/0 straight=0/1 far_straight=0/0 conf_deg=93.5/4.7/0.0/0.0
CrossDiag: type=CROSS_NONE track=1 half_lr=0/0 nearL=1@19/0@-1 nearNum=38/125 centerNum=38/125 farL=0@-1/0@-1 farNum=0/0 farRaw=0/0 lost=0/0 not_have=0 final=125/128 flags=0/0
LineErr: aim=33 cxcy=84.0,119.6 left=1:0.42@84,85 dx=-0.4 idx=0/12 dist=31/126 right=1:0.12@84,83 dx=-0.1 idx=0/13 dist=33/256 sel=1:0.15@84,83 dx=-0.2 idx=0/16 dist=32/254 edge=1:-0.43@84.5,79.5 dx=0.5 width=53.0 l=58,79 r=111,80
CxScan: raw_ref=80.0 edge=84.5,79.5 best_raw_x=80 best_err=-0.43 best_cxcy=84.0,119.6 scan=0:-26.3,10:-23.5,20:-20.4,30:-17.3,40:-14.1,50:-10.7,60:-7.3,70:-3.9,80:-0.4,90:3.0,100:6.5,110:9.9,120:13.2,130:16.4,140:19.5
ATGSeedDiag: seed=1@11,108/1@132,108 begin=7,108 block=5 clip=8
ATGLptDiag: best=19(93.5) imip=9/29 pass=11111 acc=19 ipm=57.9,72.2 inv=48.0,40.3 | 52(4.7) imip=42/62 pass=10101 acc=-1 ipm=125.6,-2.4 inv=94.4,15.7
frame=45 line=1 track=1 cross=0 circle=1(CIRCLE_LEFT_BEGIN) round=0 yroad=0 ramp=0 road=7 speed=0 near=38/125 raw=112/105 sel=125/128 far=0/0 far_raw=0/0 l=1@19/0@-1 far_l=0@-1/0@-1 straight=0/1 far_straight=0/0 circle_cnt=0/0/0/0 lost=0/0 conf=89.0/4.2/0.0/0.0 dist=0 m0=(84,119) ml=(84,86) md=33/1/143 cxcy=84.0,119.6 guide=0.43 atg=2.0/3.0/4.0 pure=-0.60/-0.75 yaw=-26 cmd=14 actual=-65 signed=1 rps=3781/3819:2863/2618 duty=10/13
ATGCorner: L=1@19/0@-1 Y=0@-1/0@-1 farL=0@-1/0@-1 Lxy=56.7,72.5:46.7,40.5/-1.0,-1.0:-1.0,-1.0 Yxy=-1.0,-1.0:-1.0,-1.0/-1.0,-1.0:-1.0,-1.0 farLxy=-1.0,-1.0:-1.0,-1.0/-1.0,-1.0:-1.0,-1.0 best=19:56.7,72.5:46.7,40.5:89.0:11111/52:125.6,-2.4:94.4,15.7:4.2:10101 seed_src=lpt/none seed=0.0,0.0/0.0,0.0 far_start=70,0 far_raw=0/0 far_num=0/0 straight=0/1 far_straight=0/0 conf_deg=89.0/4.2/0.0/0.0
CrossDiag: type=CROSS_NONE track=1 half_lr=0/0 nearL=1@19/0@-1 nearNum=38/125 centerNum=38/125 farL=0@-1/0@-1 farNum=0/0 farRaw=0/0 lost=0/0 not_have=0 final=125/128 flags=0/0
LineErr: aim=33 cxcy=84.0,119.6 left=1:0.51@84,85 dx=-0.5 idx=0/12 dist=32/126 right=1:0.12@84,83 dx=-0.1 idx=0/13 dist=33/256 sel=1:0.15@84,83 dx=-0.2 idx=0/16 dist=32/254 edge=1:-0.43@84.5,79.5 dx=0.5 width=53.0 l=58,79 r=111,80
CxScan: raw_ref=80.0 edge=84.5,79.5 best_raw_x=80 best_err=-0.43 best_cxcy=84.0,119.6 scan=0:-26.3,10:-23.5,20:-20.4,30:-17.3,40:-14.1,50:-10.7,60:-7.3,70:-3.9,80:-0.4,90:3.0,100:6.5,110:9.9,120:13.2,130:16.4,140:19.5
ATGSeedDiag: seed=1@11,108/1@132,108 begin=7,108 block=5 clip=8
ATGLptDiag: best=19(89.0) imip=9/29 pass=11111 acc=19 ipm=56.7,72.5 inv=46.7,40.5 | 52(4.2) imip=42/62 pass=10101 acc=-1 ipm=125.6,-2.4 inv=94.4,15.7
frame=49 line=1 track=1 cross=0 circle=1(CIRCLE_LEFT_BEGIN) round=0 yroad=0 ramp=0 road=7 speed=0 near=36/125 raw=111/105 sel=125/128 far=0/0 far_raw=0/0 l=1@18/0@-1 far_l=0@-1/0@-1 straight=0/1 far_straight=0/0 circle_cnt=0/0/0/0 lost=0/0 conf=91.2/4.6/0.0/0.0 dist=0 m0=(84,119) ml=(84,86) md=33/1/143 cxcy=84.0,119.6 guide=0.54 atg=2.0/3.0/4.0 pure=-0.61/-0.76 yaw=-32 cmd=-43 actual=-21 signed=1 rps=3859/3741:3074/2742 duty=11/12
ATGCorner: L=1@18/0@-1 Y=0@-1/0@-1 farL=0@-1/0@-1 Lxy=57.6,74.7:46.9,41.9/-1.0,-1.0:-1.0,-1.0 Yxy=-1.0,-1.0:-1.0,-1.0/-1.0,-1.0:-1.0,-1.0 farLxy=-1.0,-1.0:-1.0,-1.0/-1.0,-1.0:-1.0,-1.0 best=18:57.6,74.7:46.9,41.9:91.2:11111/1:106.5,114.2:128.2,98.1:4.6:10111 seed_src=lpt/none seed=0.0,0.0/0.0,0.0 far_start=70,0 far_raw=0/0 far_num=0/0 straight=0/1 far_straight=0/0 conf_deg=91.2/4.6/0.0/0.0
CrossDiag: type=CROSS_NONE track=1 half_lr=0/0 nearL=1@18/0@-1 nearNum=36/125 centerNum=36/125 farL=0@-1/0@-1 farNum=0/0 farRaw=0/0 lost=0/0 not_have=0 final=125/128 flags=0/0
LineErr: aim=33 cxcy=84.0,119.6 left=1:0.41@84,84 dx=-0.4 idx=0/12 dist=34/123 right=1:-0.04@84,83 dx=0.0 idx=0/13 dist=33/255 sel=1:-0.02@84,83 dx=0.0 idx=0/16 dist=32/254 edge=1:-0.88@85.0,79.5 dx=1.0 width=52.0 l=59,79 r=111,80
CxScan: raw_ref=80.0 edge=85.0,79.5 best_raw_x=85 best_err=0.85 best_cxcy=85.9,119.6 scan=0:-26.7,10:-23.8,20:-20.8,30:-17.7,40:-14.5,50:-11.2,60:-7.8,70:-4.4,80:-0.9,90:2.6,100:6.0,110:9.4,120:12.8,130:16.0,140:19.1
ATGSeedDiag: seed=1@11,108/1@132,108 begin=7,108 block=5 clip=8
ATGLptDiag: best=18(91.2) imip=8/28 pass=11111 acc=18 ipm=57.6,74.7 inv=46.9,41.9 | 1(4.6) imip=0/11 pass=10111 acc=-1 ipm=106.5,114.2 inv=128.2,98.1
frame=50 line=1 track=1 cross=0 circle=1(CIRCLE_LEFT_BEGIN) round=0 yroad=0 ramp=0 road=7 speed=0 near=36/125 raw=111/105 sel=125/128 far=0/0 far_raw=0/0 l=1@18/0@-1 far_l=0@-1/0@-1 straight=0/1 far_straight=0/0 circle_cnt=0/0/0/0 lost=0/0 conf=92.6/3.9/0.0/0.0 dist=0 m0=(84,119) ml=(84,86) md=33/1/143 cxcy=84.0,119.6 guide=0.54 atg=2.0/3.0/4.0 pure=-0.61/-0.76 yaw=-32 cmd=-57 actual=-8 signed=1 rps=3878/3722:3094/2836 duty=11/12
ATGCorner: L=1@18/0@-1 Y=0@-1/0@-1 farL=0@-1/0@-1 Lxy=57.6,74.7:46.9,41.9/-1.0,-1.0:-1.0,-1.0 Yxy=-1.0,-1.0:-1.0,-1.0/-1.0,-1.0:-1.0,-1.0 farLxy=-1.0,-1.0:-1.0,-1.0/-1.0,-1.0:-1.0,-1.0 best=18:57.6,74.7:46.9,41.9:92.6:11111/52:125.6,-2.5:94.4,15.7:3.9:10101 seed_src=lpt/none seed=0.0,0.0/0.0,0.0 far_start=70,0 far_raw=0/0 far_num=0/0 straight=0/1 far_straight=0/0 conf_deg=92.6/3.9/0.0/0.0
CrossDiag: type=CROSS_NONE track=1 half_lr=0/0 nearL=1@18/0@-1 nearNum=36/125 centerNum=36/125 farL=0@-1/0@-1 farNum=0/0 farRaw=0/0 lost=0/0 not_have=0 final=125/128 flags=0/0
LineErr: aim=33 cxcy=84.0,119.6 left=1:0.41@84,83 dx=-0.4 idx=0/12 dist=34/122 right=1:-0.16@84,83 dx=0.2 idx=0/13 dist=33/255 sel=1:-0.13@84,83 dx=0.1 idx=0/16 dist=32/254 edge=1:-0.88@85.0,79.5 dx=1.0 width=52.0 l=59,79 r=111,80
CxScan: raw_ref=80.0 edge=85.0,79.5 best_raw_x=85 best_err=0.85 best_cxcy=85.9,119.6 scan=0:-26.7,10:-23.8,20:-20.8,30:-17.7,40:-14.5,50:-11.2,60:-7.8,70:-4.4,80:-0.9,90:2.6,100:6.0,110:9.4,120:12.8,130:16.0,140:19.1
ATGSeedDiag: seed=1@11,108/1@132,108 begin=7,108 block=5 clip=8
ATGLptDiag: best=18(92.6) imip=8/28 pass=11111 acc=18 ipm=57.6,74.7 inv=46.9,41.9 | 52(3.9) imip=42/62 pass=10101 acc=-1 ipm=125.6,-2.5 inv=94.4,15.7
frame=51 line=1 track=1 cross=0 circle=1(CIRCLE_LEFT_BEGIN) round=0 yroad=0 ramp=0 road=7 speed=0 near=36/125 raw=111/105 sel=125/128 far=0/0 far_raw=0/0 l=1@18/0@-1 far_l=0@-1/0@-1 straight=0/1 far_straight=0/0 circle_cnt=0/0/0/0 lost=0/0 conf=93.1/3.9/0.0/0.0 dist=0 m0=(84,119) ml=(84,86) md=33/1/143 cxcy=84.0,119.6 guide=0.43 atg=2.0/3.0/4.0 pure=-0.61/-0.76 yaw=-26 cmd=-55 actual=3 signed=1 rps=3875/3725:2903/2774 duty=11/12
ATGCorner: L=1@18/0@-1 Y=0@-1/0@-1 farL=0@-1/0@-1 Lxy=57.5,74.7:46.8,42.0/-1.0,-1.0:-1.0,-1.0 Yxy=-1.0,-1.0:-1.0,-1.0/-1.0,-1.0:-1.0,-1.0 farLxy=-1.0,-1.0:-1.0,-1.0/-1.0,-1.0:-1.0,-1.0 best=18:57.5,74.7:46.8,42.0:93.1:11111/52:125.6,-2.5:94.4,15.7:3.9:10101 seed_src=lpt/none seed=0.0,0.0/0.0,0.0 far_start=70,0 far_raw=0/0 far_num=0/0 straight=0/1 far_straight=0/0 conf_deg=93.1/3.9/0.0/0.0
CrossDiag: type=CROSS_NONE track=1 half_lr=0/0 nearL=1@18/0@-1 nearNum=36/125 centerNum=36/125 farL=0@-1/0@-1 farNum=0/0 farRaw=0/0 lost=0/0 not_have=0 final=125/128 flags=0/0
LineErr: aim=33 cxcy=84.0,119.6 left=1:0.45@84,83 dx=-0.5 idx=0/12 dist=34/123 right=1:-0.16@84,83 dx=0.2 idx=0/13 dist=33/255 sel=1:-0.13@84,83 dx=0.1 idx=0/16 dist=32/254 edge=1:-0.88@85.0,79.5 dx=1.0 width=52.0 l=59,79 r=111,80
CxScan: raw_ref=80.0 edge=85.0,79.5 best_raw_x=85 best_err=0.85 best_cxcy=85.9,119.6 scan=0:-26.7,10:-23.8,20:-20.8,30:-17.7,40:-14.5,50:-11.2,60:-7.8,70:-4.4,80:-0.9,90:2.6,100:6.0,110:9.4,120:12.8,130:16.0,140:19.1
ATGSeedDiag: seed=1@11,108/1@132,108 begin=7,108 block=5 clip=8
ATGLptDiag: best=18(93.1) imip=8/28 pass=11111 acc=18 ipm=57.5,74.7 inv=46.8,42.0 | 52(3.9) imip=42/62 pass=10101 acc=-1 ipm=125.6,-2.5 inv=94.4,15.7
frame=52 line=1 track=1 cross=0 circle=1(CIRCLE_LEFT_BEGIN) round=0 yroad=0 ramp=0 road=7 speed=0 near=36/125 raw=111/105 sel=125/128 far=0/0 far_raw=0/0 l=1@18/0@-1 far_l=0@-1/0@-1 straight=0/1 far_straight=0/0 circle_cnt=0/0/0/0 lost=0/0 conf=92.2/3.8/0.0/0.0 dist=0 m0=(84,119) ml=(84,86) md=33/1/143 cxcy=84.0,119.6 guide=0.43 atg=3.0/4.0/4.0 pure=-0.64/-0.78 yaw=-26 cmd=-63 actual=12 signed=1 rps=3886/3714:2916/2974 duty=11/12
ATGCorner: L=1@18/0@-1 Y=0@-1/0@-1 farL=0@-1/0@-1 Lxy=57.4,74.7:46.7,41.9/-1.0,-1.0:-1.0,-1.0 Yxy=-1.0,-1.0:-1.0,-1.0/-1.0,-1.0:-1.0,-1.0 farLxy=-1.0,-1.0:-1.0,-1.0/-1.0,-1.0:-1.0,-1.0 best=18:57.4,74.7:46.7,41.9:92.2:11111/53:125.9,-4.8:94.3,15.3:3.8:10101 seed_src=lpt/none seed=0.0,0.0/0.0,0.0 far_start=70,0 far_raw=0/0 far_num=0/0 straight=0/1 far_straight=0/0 conf_deg=92.2/3.8/0.0/0.0
CrossDiag: type=CROSS_NONE track=1 half_lr=0/0 nearL=1@18/0@-1 nearNum=36/125 centerNum=36/125 farL=0@-1/0@-1 farNum=0/0 farRaw=0/0 lost=0/0 not_have=0 final=125/128 flags=0/0
LineErr: aim=33 cxcy=84.0,119.6 left=1:0.65@83,83 dx=-0.7 idx=0/12 dist=33/122 right=1:-0.16@84,83 dx=0.2 idx=0/13 dist=33/255 sel=1:-0.13@84,83 dx=0.1 idx=0/16 dist=32/254 edge=1:-0.43@84.5,79.5 dx=0.5 width=53.0 l=58,79 r=111,80
CxScan: raw_ref=80.0 edge=84.5,79.5 best_raw_x=80 best_err=-0.43 best_cxcy=84.0,119.6 scan=0:-26.3,10:-23.5,20:-20.4,30:-17.3,40:-14.1,50:-10.7,60:-7.3,70:-3.9,80:-0.4,90:3.0,100:6.5,110:9.9,120:13.2,130:16.4,140:19.5
ATGSeedDiag: seed=1@11,108/1@132,108 begin=7,108 block=5 clip=8
ATGLptDiag: best=18(92.2) imip=8/28 pass=11111 acc=18 ipm=57.4,74.7 inv=46.7,41.9 | 53(3.8) imip=43/63 pass=10101 acc=-1 ipm=125.9,-4.8 inv=94.3,15.3
frame=53 line=1 track=1 cross=0 circle=1(CIRCLE_LEFT_BEGIN) round=0 yroad=0 ramp=0 road=7 speed=0 near=35/125 raw=109/105 sel=125/128 far=0/0 far_raw=0/0 l=1@17/0@-1 far_l=0@-1/0@-1 straight=0/1 far_straight=0/0 circle_cnt=0/0/0/0 lost=0/0 conf=92.0/3.8/0.0/0.0 dist=0 m0=(84,119) ml=(84,86) md=33/1/143 cxcy=84.0,119.6 guide=0.54 atg=2.0/4.0/4.0 pure=-0.61/-0.78 yaw=-32 cmd=-88 actual=23 signed=1 rps=3920/3680:2923/3135 duty=11/12
ATGCorner: L=1@17/0@-1 Y=0@-1/0@-1 farL=0@-1/0@-1 Lxy=57.6,76.9:46.2,43.5/-1.0,-1.0:-1.0,-1.0 Yxy=-1.0,-1.0:-1.0,-1.0/-1.0,-1.0:-1.0,-1.0 farLxy=-1.0,-1.0:-1.0,-1.0/-1.0,-1.0:-1.0,-1.0 best=17:57.6,76.9:46.2,43.5:92.0:11111/53:125.9,-4.8:94.3,15.3:3.8:10101 seed_src=lpt/none seed=0.0,0.0/0.0,0.0 far_start=70,0 far_raw=0/0 far_num=0/0 straight=0/1 far_straight=0/0 conf_deg=92.0/3.8/0.0/0.0
CrossDiag: type=CROSS_NONE track=1 half_lr=0/0 nearL=1@17/0@-1 nearNum=35/125 centerNum=35/125 farL=0@-1/0@-1 farNum=0/0 farRaw=0/0 lost=0/0 not_have=0 final=125/128 flags=0/0
LineErr: aim=33 cxcy=84.0,119.6 left=1:0.84@83,82 dx=-0.9 idx=0/12 dist=34/121 right=1:-0.16@84,83 dx=0.2 idx=0/13 dist=33/255 sel=1:-0.13@84,83 dx=0.1 idx=0/16 dist=32/254 edge=1:-0.43@84.5,79.5 dx=0.5 width=53.0 l=58,79 r=111,80
CxScan: raw_ref=80.0 edge=84.5,79.5 best_raw_x=80 best_err=-0.43 best_cxcy=84.0,119.6 scan=0:-26.3,10:-23.5,20:-20.4,30:-17.3,40:-14.1,50:-10.7,60:-7.3,70:-3.9,80:-0.4,90:3.0,100:6.5,110:9.9,120:13.2,130:16.4,140:19.5
ATGSeedDiag: seed=1@11,108/1@132,108 begin=7,108 block=5 clip=8
ATGLptDiag: best=17(92.0) imip=7/27 pass=11111 acc=17 ipm=57.6,76.9 inv=46.2,43.5 | 53(3.8) imip=43/63 pass=10101 acc=-1 ipm=125.9,-4.8 inv=94.3,15.3
frame=54 line=1 track=1 cross=0 circle=1(CIRCLE_LEFT_BEGIN) round=0 yroad=0 ramp=0 road=7 speed=0 near=35/125 raw=109/105 sel=125/128 far=0/0 far_raw=0/0 l=1@17/0@-1 far_l=0@-1/0@-1 straight=0/1 far_straight=0/0 circle_cnt=0/0/0/0 lost=0/0 conf=90.9/4.4/0.0/0.0 dist=0 m0=(84,119) ml=(84,86) md=33/1/143 cxcy=84.0,119.6 guide=0.43 atg=2.0/3.0/4.0 pure=-0.61/-0.76 yaw=-26 cmd=-78 actual=27 signed=1 rps=3907/3693:2911/3276 duty=11/11
ATGCorner: L=1@17/0@-1 Y=0@-1/0@-1 farL=0@-1/0@-1 Lxy=57.6,76.9:46.2,43.5/-1.0,-1.0:-1.0,-1.0 Yxy=-1.0,-1.0:-1.0,-1.0/-1.0,-1.0:-1.0,-1.0 farLxy=-1.0,-1.0:-1.0,-1.0/-1.0,-1.0:-1.0,-1.0 best=17:57.6,76.9:46.2,43.5:90.9:11111/52:125.6,-2.5:94.4,15.7:4.4:10101 seed_src=lpt/none seed=0.0,0.0/0.0,0.0 far_start=70,0 far_raw=0/0 far_num=0/0 straight=0/1 far_straight=0/0 conf_deg=90.9/4.4/0.0/0.0
CrossDiag: type=CROSS_NONE track=1 half_lr=0/0 nearL=1@17/0@-1 nearNum=35/125 centerNum=35/125 farL=0@-1/0@-1 farNum=0/0 farRaw=0/0 lost=0/0 not_have=0 final=125/128 flags=0/0
LineErr: aim=33 cxcy=84.0,119.6 left=1:0.88@83,82 dx=-0.9 idx=0/12 dist=34/120 right=1:-0.16@84,83 dx=0.2 idx=0/13 dist=33/255 sel=1:-0.13@84,83 dx=0.1 idx=0/16 dist=32/254 edge=1:-0.43@84.5,79.5 dx=0.5 width=53.0 l=58,79 r=111,80
CxScan: raw_ref=80.0 edge=84.5,79.5 best_raw_x=80 best_err=-0.43 best_cxcy=84.0,119.6 scan=0:-26.3,10:-23.5,20:-20.4,30:-17.3,40:-14.1,50:-10.7,60:-7.3,70:-3.9,80:-0.4,90:3.0,100:6.5,110:9.9,120:13.2,130:16.4,140:19.5
ATGSeedDiag: seed=1@11,108/1@132,108 begin=7,108 block=5 clip=8
ATGLptDiag: best=17(90.9) imip=7/27 pass=11111 acc=17 ipm=57.6,76.9 inv=46.2,43.5 | 52(4.4) imip=42/62 pass=10101 acc=-1 ipm=125.6,-2.5 inv=94.4,15.7
frame=55 line=1 track=1 cross=0 circle=1(CIRCLE_LEFT_BEGIN) round=0 yroad=0 ramp=0 road=7 speed=0 near=34/125 raw=108/105 sel=125/128 far=0/0 far_raw=0/0 l=1@17/0@-1 far_l=0@-1/0@-1 straight=0/1 far_straight=0/0 circle_cnt=0/0/0/0 lost=0/0 conf=92.7/4.4/0.0/0.0 dist=0 m0=(84,119) ml=(84,86) md=33/1/143 cxcy=84.0,119.6 guide=0.43 atg=2.0/3.0/4.0 pure=-0.61/-0.76 yaw=-26 cmd=-70 actual=19 signed=1 rps=3896/3704:2798/3198 duty=11/12
ATGCorner: L=1@17/0@-1 Y=0@-1/0@-1 farL=0@-1/0@-1 Lxy=57.5,76.6:46.1,43.3/-1.0,-1.0:-1.0,-1.0 Yxy=-1.0,-1.0:-1.0,-1.0/-1.0,-1.0:-1.0,-1.0 farLxy=-1.0,-1.0:-1.0,-1.0/-1.0,-1.0:-1.0,-1.0 best=17:57.5,76.6:46.1,43.3:92.7:11111/52:125.6,-2.5:94.4,15.7:4.4:10101 seed_src=lpt/none seed=0.0,0.0/0.0,0.0 far_start=70,0 far_raw=0/0 far_num=0/0 straight=0/1 far_straight=0/0 conf_deg=92.7/4.4/0.0/0.0
CrossDiag: type=CROSS_NONE track=1 half_lr=0/0 nearL=1@17/0@-1 nearNum=34/125 centerNum=34/125 farL=0@-1/0@-1 farNum=0/0 farRaw=0/0 lost=0/0 not_have=0 final=125/128 flags=0/0
LineErr: aim=33 cxcy=84.0,119.6 left=1:0.69@83,85 dx=-0.7 idx=0/11 dist=31/117 right=1:-0.16@84,83 dx=0.2 idx=0/13 dist=33/255 sel=1:-0.13@84,83 dx=0.1 idx=0/16 dist=32/254 edge=1:-0.43@84.5,79.5 dx=0.5 width=53.0 l=58,79 r=111,80
CxScan: raw_ref=80.0 edge=84.5,79.5 best_raw_x=80 best_err=-0.43 best_cxcy=84.0,119.6 scan=0:-26.3,10:-23.5,20:-20.4,30:-17.3,40:-14.1,50:-10.7,60:-7.3,70:-3.9,80:-0.4,90:3.0,100:6.5,110:9.9,120:13.2,130:16.4,140:19.5
ATGSeedDiag: seed=1@12,107/1@132,108 begin=7,108 block=5 clip=8
ATGLptDiag: best=17(92.7) imip=7/27 pass=11111 acc=17 ipm=57.5,76.6 inv=46.1,43.3 | 52(4.4) imip=42/62 pass=10101 acc=-1 ipm=125.6,-2.5 inv=94.4,15.7
frame=56 line=1 track=1 cross=0 circle=1(CIRCLE_LEFT_BEGIN) round=0 yroad=0 ramp=0 road=7 speed=0 near=34/125 raw=108/105 sel=125/128 far=0/0 far_raw=0/0 l=1@17/0@-1 far_l=0@-1/0@-1 straight=0/1 far_straight=0/0 circle_cnt=0/0/0/0 lost=0/0 conf=92.8/4.3/0.0/0.0 dist=0 m0=(84,119) ml=(84,86) md=33/1/143 cxcy=84.0,119.6 guide=0.37 atg=2.0/4.0/4.0 pure=-0.61/-0.80 yaw=-22 cmd=-41 actual=-3 signed=1 rps=3856/3744:3032/3445 duty=11/11
ATGCorner: L=1@17/0@-1 Y=0@-1/0@-1 farL=0@-1/0@-1 Lxy=57.3,77.1:45.7,43.7/-1.0,-1.0:-1.0,-1.0 Yxy=-1.0,-1.0:-1.0,-1.0/-1.0,-1.0:-1.0,-1.0 farLxy=-1.0,-1.0:-1.0,-1.0/-1.0,-1.0:-1.0,-1.0 best=17:57.3,77.1:45.7,43.7:92.8:11111/51:125.3,-0.2:94.7,16.1:4.3:10101 seed_src=lpt/none seed=0.0,0.0/0.0,0.0 far_start=70,0 far_raw=0/0 far_num=0/0 straight=0/1 far_straight=0/0 conf_deg=92.8/4.3/0.0/0.0
CrossDiag: type=CROSS_NONE track=1 half_lr=0/0 nearL=1@17/0@-1 nearNum=34/125 centerNum=34/125 farL=0@-1/0@-1 farNum=0/0 farRaw=0/0 lost=0/0 not_have=0 final=125/128 flags=0/0
LineErr: aim=33 cxcy=84.0,119.6 left=1:0.60@83,85 dx=-0.6 idx=0/11 dist=32/117 right=1:-0.16@84,83 dx=0.2 idx=0/13 dist=33/255 sel=1:-0.15@84,83 dx=0.2 idx=0/16 dist=32/254 edge=1:-0.43@84.5,79.5 dx=0.5 width=53.0 l=58,79 r=111,80
CxScan: raw_ref=80.0 edge=84.5,79.5 best_raw_x=80 best_err=-0.43 best_cxcy=84.0,119.6 scan=0:-26.3,10:-23.5,20:-20.4,30:-17.3,40:-14.1,50:-10.7,60:-7.3,70:-3.9,80:-0.4,90:3.0,100:6.5,110:9.9,120:13.2,130:16.4,140:19.5
ATGSeedDiag: seed=1@12,108/1@133,108 begin=7,108 block=5 clip=8
ATGLptDiag: best=17(92.8) imip=7/27 pass=11111 acc=17 ipm=57.3,77.1 inv=45.7,43.7 | 51(4.3) imip=41/61 pass=10101 acc=-1 ipm=125.3,-0.2 inv=94.7,16.1
frame=58 line=1 track=1 cross=0 circle=1(CIRCLE_LEFT_BEGIN) round=0 yroad=0 ramp=0 road=7 speed=0 near=33/125 raw=107/105 sel=125/128 far=0/0 far_raw=0/0 l=1@16/0@-1 far_l=0@-1/0@-1 straight=0/1 far_straight=0/0 circle_cnt=0/0/0/0 lost=0/0 conf=94.5/5.6/0.0/0.0 dist=0 m0=(84,119) ml=(84,85) md=34/1/143 cxcy=84.0,119.6 guide=0.03 atg=3.0/4.0/4.0 pure=-0.65/-0.80 yaw=-2 cmd=68 actual=-71 signed=1 rps=3707/3893:3186/3335 duty=10/12
ATGCorner: L=1@16/0@-1 Y=0@-1/0@-1 farL=0@-1/0@-1 Lxy=58.3,79.2:46.2,45.2/-1.0,-1.0:-1.0,-1.0 Yxy=-1.0,-1.0:-1.0,-1.0/-1.0,-1.0:-1.0,-1.0 farLxy=-1.0,-1.0:-1.0,-1.0/-1.0,-1.0:-1.0,-1.0 best=16:58.3,79.2:46.2,45.2:94.5:11111/1:106.9,114.2:129.2,98.1:5.6:10111 seed_src=lpt/none seed=0.0,0.0/0.0,0.0 far_start=70,0 far_raw=0/0 far_num=0/0 straight=0/1 far_straight=0/0 conf_deg=94.5/5.6/0.0/0.0
CrossDiag: type=CROSS_NONE track=1 half_lr=0/0 nearL=1@16/0@-1 nearNum=33/125 centerNum=33/125 farL=0@-1/0@-1 farNum=0/0 farRaw=0/0 lost=0/0 not_have=0 final=125/128 flags=0/0
LineErr: aim=33 cxcy=84.0,119.6 left=1:0.38@84,84 dx=-0.4 idx=0/11 dist=33/116 right=1:-0.33@84,83 dx=0.3 idx=0/13 dist=33/255 sel=1:-0.34@84,83 dx=0.4 idx=0/16 dist=32/254 edge=1:-0.43@84.5,79.5 dx=0.5 width=53.0 l=58,79 r=111,80
CxScan: raw_ref=80.0 edge=84.5,79.5 best_raw_x=80 best_err=-0.43 best_cxcy=84.0,119.6 scan=0:-26.3,10:-23.5,20:-20.4,30:-17.3,40:-14.1,50:-10.7,60:-7.3,70:-3.9,80:-0.4,90:3.0,100:6.5,110:9.9,120:13.2,130:16.4,140:19.5
ATGSeedDiag: seed=1@12,108/1@133,108 begin=7,108 block=5 clip=8
ATGLptDiag: best=16(94.5) imip=6/26 pass=11111 acc=16 ipm=58.3,79.2 inv=46.2,45.2 | 1(5.6) imip=0/11 pass=10111 acc=-1 ipm=106.9,114.2 inv=129.2,98.1
frame=60 line=1 track=1 cross=0 circle=1(CIRCLE_LEFT_BEGIN) round=0 yroad=0 ramp=0 road=7 speed=0 near=32/125 raw=106/105 sel=125/128 far=0/0 far_raw=0/0 l=1@15/0@-1 far_l=0@-1/0@-1 straight=0/1 far_straight=0/0 circle_cnt=0/0/0/0 lost=0/0 conf=95.9/4.1/0.0/0.0 dist=0 m0=(84,119) ml=(84,86) md=33/1/141 cxcy=84.0,119.6 guide=0.54 atg=2.0/3.0/3.0 pure=-0.54/-0.74 yaw=-32 cmd=-27 actual=-37 signed=1 rps=3837/3763:3338/3452 duty=10/11
ATGCorner: L=1@15/0@-1 Y=0@-1/0@-1 farL=0@-1/0@-1 Lxy=59.2,81.5:46.3,47.0/-1.0,-1.0:-1.0,-1.0 Yxy=-1.0,-1.0:-1.0,-1.0/-1.0,-1.0:-1.0,-1.0 farLxy=-1.0,-1.0:-1.0,-1.0/-1.0,-1.0:-1.0,-1.0 best=15:59.2,81.5:46.3,47.0:95.9:11111/45:121.9,13.4:95.0,18.6:4.1:10101 seed_src=lpt/none seed=0.0,0.0/0.0,0.0 far_start=70,0 far_raw=0/0 far_num=0/0 straight=0/1 far_straight=0/0 conf_deg=95.9/4.1/0.0/0.0
CrossDiag: type=CROSS_NONE track=1 half_lr=0/0 nearL=1@15/0@-1 nearNum=32/125 centerNum=32/125 farL=0@-1/0@-1 farNum=0/0 farRaw=0/0 lost=0/0 not_have=0 final=125/128 flags=0/0
LineErr: aim=33 cxcy=84.0,119.6 left=1:0.31@84,83 dx=-0.3 idx=0/11 dist=34/114 right=1:-0.00@84,84 dx=0.0 idx=0/13 dist=33/257 sel=1:-0.04@84,83 dx=0.0 idx=0/16 dist=32/254 edge=1:-0.43@84.5,80.0 dx=0.5 width=53.0 l=58,80 r=111,80
CxScan: raw_ref=80.0 edge=84.5,80.0 best_raw_x=80 best_err=-0.43 best_cxcy=84.0,119.6 scan=0:-26.5,10:-23.6,20:-20.6,30:-17.4,40:-14.2,50:-10.8,60:-7.4,70:-3.9,80:-0.4,90:3.1,100:6.5,110:9.9,120:13.3,130:16.5,140:19.7
ATGSeedDiag: seed=1@13,108/1@133,108 begin=7,108 block=5 clip=8
ATGLptDiag: best=15(95.9) imip=5/25 pass=11111 acc=15 ipm=59.2,81.5 inv=46.3,47.0 | 45(4.1) imip=35/55 pass=10101 acc=-1 ipm=121.9,13.4 inv=95.0,18.6
frame=61 line=1 track=1 cross=0 circle=1(CIRCLE_LEFT_BEGIN) round=0 yroad=0 ramp=0 road=7 speed=0 near=31/125 raw=105/105 sel=125/128 far=0/0 far_raw=0/0 l=1@15/0@-1 far_l=0@-1/0@-1 straight=0/1 far_straight=0/0 circle_cnt=0/0/0/0 lost=0/0 conf=93.8/3.4/0.0/0.0 dist=0 m0=(84,119) ml=(84,86) md=33/1/142 cxcy=84.0,119.6 guide=0.54 atg=2.0/3.0/3.0 pure=-0.50/-0.69 yaw=-32 cmd=-56 actual=-9 signed=1 rps=3877/3723:3531/3588 duty=10/11
ATGCorner: L=1@15/0@-1 Y=0@-1/0@-1 farL=0@-1/0@-1 Lxy=58.8,81.6:45.9,47.1/-1.0,-1.0:-1.0,-1.0 Yxy=-1.0,-1.0:-1.0,-1.0/-1.0,-1.0:-1.0,-1.0 farLxy=-1.0,-1.0:-1.0,-1.0/-1.0,-1.0:-1.0,-1.0 best=15:58.8,81.6:45.9,47.1:93.8:11111/43:120.5,17.9:95.0,19.6:3.4:10111 seed_src=lpt/none seed=0.0,0.0/0.0,0.0 far_start=70,0 far_raw=0/0 far_num=0/0 straight=0/1 far_straight=0/0 conf_deg=93.8/3.4/0.0/0.0
CrossDiag: type=CROSS_NONE track=1 half_lr=0/0 nearL=1@15/0@-1 nearNum=31/125 centerNum=31/125 farL=0@-1/0@-1 farNum=0/0 farRaw=0/0 lost=0/0 not_have=0 final=125/128 flags=0/0
LineErr: aim=33 cxcy=84.0,119.6 left=1:0.20@84,87 dx=-0.2 idx=0/10 dist=31/112 right=1:0.28@84,84 dx=-0.3 idx=0/13 dist=33/255 sel=1:0.26@84,83 dx=-0.3 idx=0/16 dist=32/254 edge=1:0.48@83.5,80.0 dx=-0.5 width=53.0 l=57,80 r=110,80
CxScan: raw_ref=80.0 edge=83.5,80.0 best_raw_x=80 best_err=0.48 best_cxcy=84.0,119.6 scan=0:-25.8,10:-22.8,20:-19.8,30:-16.6,40:-13.3,50:-9.9,60:-6.5,70:-3.0,80:0.5,90:4.0,100:7.4,110:10.8,120:14.1,130:17.4,140:20.5
ATGSeedDiag: seed=1@12,108/1@133,108 begin=7,108 block=5 clip=8
ATGLptDiag: best=15(93.8) imip=5/25 pass=11111 acc=15 ipm=58.8,81.6 inv=45.9,47.1 | 43(3.4) imip=33/53 pass=10111 acc=-1 ipm=120.5,17.9 inv=95.0,19.6
frame=62 line=1 track=1 cross=0 circle=1(CIRCLE_LEFT_BEGIN) round=0 yroad=0 ramp=0 road=7 speed=0 near=31/125 raw=104/105 sel=125/127 far=0/0 far_raw=0/0 l=1@15/0@-1 far_l=0@-1/0@-1 straight=0/1 far_straight=0/0 circle_cnt=0/0/0/0 lost=0/0 conf=92.5/3.4/0.0/0.0 dist=0 m0=(84,119) ml=(83,86) md=33/1/139 cxcy=84.0,119.6 guide=0.63 atg=1.0/2.0/3.0 pure=-0.48/-0.68 yaw=-38 cmd=-84 actual=9 signed=1 rps=3915/3685:3688/3671 duty=10/11
ATGCorner: L=1@15/0@-1 Y=0@-1/0@-1 farL=0@-1/0@-1 Lxy=58.2,81.6:45.1,47.1/-1.0,-1.0:-1.0,-1.0 Yxy=-1.0,-1.0:-1.0,-1.0/-1.0,-1.0:-1.0,-1.0 farLxy=-1.0,-1.0:-1.0,-1.0/-1.0,-1.0:-1.0,-1.0 best=15:58.2,81.6:45.1,47.1:92.5:11111/44:120.7,15.5:94.7,19.1:3.4:10111 seed_src=lpt/none seed=0.0,0.0/0.0,0.0 far_start=70,0 far_raw=0/0 far_num=0/0 straight=0/1 far_straight=0/0 conf_deg=92.5/3.4/0.0/0.0
CrossDiag: type=CROSS_NONE track=1 half_lr=0/0 nearL=1@15/0@-1 nearNum=31/125 centerNum=31/125 farL=0@-1/0@-1 farNum=0/0 farRaw=0/0 lost=0/0 not_have=0 final=125/127 flags=0/0
LineErr: aim=33 cxcy=84.0,119.6 left=1:0.46@84,86 dx=-0.4 idx=0/10 dist=31/110 right=1:0.48@84,84 dx=-0.5 idx=0/13 dist=33/255 sel=1:0.45@84,83 dx=-0.5 idx=0/16 dist=32/252 edge=1:0.94@83.0,80.0 dx=-1.0 width=54.0 l=56,80 r=110,80
CxScan: raw_ref=80.0 edge=83.0,80.0 best_raw_x=75 best_err=-0.81 best_cxcy=82.1,119.5 scan=0:-25.4,10:-22.5,20:-19.4,30:-16.2,40:-12.9,50:-9.5,60:-6.1,70:-2.6,80:0.9,90:4.4,100:7.9,110:11.3,120:14.6,130:17.8,140:20.9
ATGSeedDiag: seed=1@12,108/1@132,108 begin=7,108 block=5 clip=8
ATGLptDiag: best=15(92.5) imip=5/25 pass=11111 acc=15 ipm=58.2,81.6 inv=45.1,47.1 | 44(3.4) imip=34/54 pass=10111 acc=-1 ipm=120.7,15.5 inv=94.7,19.1
frame=63 line=1 track=1 cross=0 circle=1(CIRCLE_LEFT_BEGIN) round=0 yroad=0 ramp=0 road=7 speed=0 near=31/125 raw=104/105 sel=125/128 far=0/0 far_raw=0/0 l=1@15/0@-1 far_l=0@-1/0@-1 straight=0/1 far_straight=0/0 circle_cnt=0/0/0/0 lost=0/0 conf=94.0/3.5/0.0/0.0 dist=0 m0=(84,119) ml=(83,86) md=33/1/142 cxcy=84.0,119.6 guide=0.63 atg=1.0/3.0/3.0 pure=-0.48/-0.69 yaw=-38 cmd=-100 actual=25 signed=1 rps=3937/3663:3539/3395 duty=10/11
ATGCorner: L=1@15/0@-1 Y=0@-1/0@-1 farL=0@-1/0@-1 Lxy=58.2,81.6:45.1,47.1/-1.0,-1.0:-1.0,-1.0 Yxy=-1.0,-1.0:-1.0,-1.0/-1.0,-1.0:-1.0,-1.0 farLxy=-1.0,-1.0:-1.0,-1.0/-1.0,-1.0:-1.0,-1.0 best=15:58.2,81.6:45.1,47.1:94.0:11111/43:120.5,17.9:95.0,19.6:3.5:10111 seed_src=lpt/none seed=0.0,0.0/0.0,0.0 far_start=70,0 far_raw=0/0 far_num=0/0 straight=0/1 far_straight=0/0 conf_deg=94.0/3.5/0.0/0.0
CrossDiag: type=CROSS_NONE track=1 half_lr=0/0 nearL=1@15/0@-1 nearNum=31/125 centerNum=31/125 farL=0@-1/0@-1 farNum=0/0 farRaw=0/0 lost=0/0 not_have=0 final=125/128 flags=0/0
LineErr: aim=33 cxcy=84.0,119.6 left=1:0.53@84,86 dx=-0.5 idx=0/10 dist=31/114 right=1:0.48@84,84 dx=-0.5 idx=0/13 dist=33/256 sel=1:0.45@84,83 dx=-0.5 idx=0/16 dist=32/254 edge=1:0.94@83.0,80.0 dx=-1.0 width=54.0 l=56,80 r=110,80
CxScan: raw_ref=80.0 edge=83.0,80.0 best_raw_x=75 best_err=-0.81 best_cxcy=82.1,119.5 scan=0:-25.4,10:-22.5,20:-19.4,30:-16.2,40:-12.9,50:-9.5,60:-6.1,70:-2.6,80:0.9,90:4.4,100:7.9,110:11.3,120:14.6,130:17.8,140:20.9
ATGSeedDiag: seed=1@12,108/1@132,108 begin=7,108 block=5 clip=8
ATGLptDiag: best=15(94.0) imip=5/25 pass=11111 acc=15 ipm=58.2,81.6 inv=45.1,47.1 | 43(3.5) imip=33/53 pass=10111 acc=-1 ipm=120.5,17.9 inv=95.0,19.6
frame=64 line=1 track=1 cross=0 circle=1(CIRCLE_LEFT_BEGIN) round=0 yroad=0 ramp=0 road=7 speed=0 near=31/125 raw=104/104 sel=125/128 far=0/0 far_raw=0/0 l=1@15/0@-1 far_l=0@-1/0@-1 straight=0/1 far_straight=0/0 circle_cnt=0/0/0/0 lost=0/0 conf=93.8/5.7/0.0/0.0 dist=0 m0=(84,119) ml=(84,85) md=34/1/141 cxcy=84.0,119.6 guide=0.54 atg=2.0/3.0/3.0 pure=-0.54/-0.73 yaw=-32 cmd=-90 actual=26 signed=1 rps=3923/3677:3708/3407 duty=10/11
ATGCorner: L=1@15/0@-1 Y=0@-1/0@-1 farL=0@-1/0@-1 Lxy=58.0,81.6:44.9,47.2/-1.0,-1.0:-1.0,-1.0 Yxy=-1.0,-1.0:-1.0,-1.0/-1.0,-1.0:-1.0,-1.0 farLxy=-1.0,-1.0:-1.0,-1.0/-1.0,-1.0:-1.0,-1.0 best=15:58.0,81.6:44.9,47.2:93.8:11111/1:106.7,113.9:128.3,97.2:5.7:10111 seed_src=lpt/none seed=0.0,0.0/0.0,0.0 far_start=70,0 far_raw=0/0 far_num=0/0 straight=0/1 far_straight=0/0 conf_deg=93.8/5.7/0.0/0.0
CrossDiag: type=CROSS_NONE track=1 half_lr=0/0 nearL=1@15/0@-1 nearNum=31/125 centerNum=31/125 farL=0@-1/0@-1 farNum=0/0 farRaw=0/0 lost=0/0 not_have=0 final=125/128 flags=0/0
LineErr: aim=33 cxcy=84.0,119.6 left=1:0.61@83,86 dx=-0.6 idx=0/10 dist=31/112 right=1:0.23@84,83 dx=-0.2 idx=0/13 dist=33/255 sel=1:0.24@84,83 dx=-0.2 idx=0/16 dist=32/254 edge=1:0.48@83.5,80.0 dx=-0.5 width=55.0 l=56,81 r=111,79
CxScan: raw_ref=80.0 edge=83.5,80.0 best_raw_x=80 best_err=0.48 best_cxcy=84.0,119.6 scan=0:-25.8,10:-22.8,20:-19.8,30:-16.6,40:-13.3,50:-9.9,60:-6.5,70:-3.0,80:0.5,90:4.0,100:7.4,110:10.8,120:14.1,130:17.4,140:20.5
ATGSeedDiag: seed=1@12,108/1@132,107 begin=7,108 block=5 clip=8
ATGLptDiag: best=15(93.8) imip=5/25 pass=11111 acc=15 ipm=58.0,81.6 inv=44.9,47.2 | 1(5.7) imip=0/11 pass=10111 acc=-1 ipm=106.7,113.9 inv=128.3,97.2
frame=65 line=1 track=1 cross=0 circle=1(CIRCLE_LEFT_BEGIN) round=0 yroad=0 ramp=0 road=7 speed=0 near=30/125 raw=104/105 sel=125/127 far=0/0 far_raw=0/0 l=1@15/0@-1 far_l=0@-1/0@-1 straight=0/1 far_straight=0/0 circle_cnt=0/0/0/0 lost=0/0 conf=95.5/5.0/0.0/0.0 dist=0 m0=(84,119) ml=(84,85) md=34/1/140 cxcy=84.0,119.6 guide=0.37 atg=2.0/3.0/3.0 pure=-0.58/-0.77 yaw=-22 cmd=-49 actual=5 signed=1 rps=3867/3733:3617/3182 duty=10/12
ATGCorner: L=1@15/0@-1 Y=0@-1/0@-1 farL=0@-1/0@-1 Lxy=58.0,81.6:44.9,47.2/-1.0,-1.0:-1.0,-1.0 Yxy=-1.0,-1.0:-1.0,-1.0/-1.0,-1.0:-1.0,-1.0 farLxy=-1.0,-1.0:-1.0,-1.0/-1.0,-1.0:-1.0,-1.0 best=15:58.0,81.6:44.9,47.2:95.5:11111/1:106.8,114.2:129.0,98.1:5.0:10111 seed_src=lpt/none seed=0.0,0.0/0.0,0.0 far_start=70,0 far_raw=0/0 far_num=0/0 straight=0/1 far_straight=0/0 conf_deg=95.5/5.0/0.0/0.0
CrossDiag: type=CROSS_NONE track=1 half_lr=0/0 nearL=1@15/0@-1 nearNum=30/125 centerNum=30/125 farL=0@-1/0@-1 farNum=0/0 farRaw=0/0 lost=0/0 not_have=0 final=125/127 flags=0/0
LineErr: aim=33 cxcy=84.0,119.6 left=1:0.64@83,86 dx=-0.6 idx=0/10 dist=31/109 right=1:-0.12@84,83 dx=0.1 idx=0/13 dist=33/255 sel=1:-0.15@84,83 dx=0.2 idx=0/16 dist=32/252 edge=1:0.48@83.5,80.5 dx=-0.5 width=55.0 l=56,81 r=111,80
CxScan: raw_ref=80.0 edge=83.5,80.5 best_raw_x=80 best_err=0.48 best_cxcy=84.0,119.6 scan=0:-26.0,10:-23.0,20:-19.9,30:-16.7,40:-13.4,50:-10.0,60:-6.6,70:-3.0,80:0.5,90:4.0,100:7.5,110:10.9,120:14.3,130:17.5,140:20.6
ATGSeedDiag: seed=1@12,108/1@133,108 begin=7,108 block=5 clip=8
ATGLptDiag: best=15(95.5) imip=5/25 pass=11111 acc=15 ipm=58.0,81.6 inv=44.9,47.2 | 1(5.0) imip=0/11 pass=10111 acc=-1 ipm=106.8,114.2 inv=129.0,98.1
frame=66 line=1 track=1 cross=0 circle=1(CIRCLE_LEFT_BEGIN) round=0 yroad=0 ramp=0 road=7 speed=0 near=30/125 raw=103/105 sel=125/127 far=0/0 far_raw=0/0 l=1@15/0@-1 far_l=0@-1/0@-1 straight=0/1 far_straight=0/0 circle_cnt=0/0/0/0 lost=0/0 conf=93.1/3.8/0.0/0.0 dist=0 m0=(84,119) ml=(84,85) md=34/1/141 cxcy=84.0,119.6 guide=0.03 atg=3.0/4.0/4.0 pure=-0.64/-0.78 yaw=-2 cmd=33 actual=-36 signed=1 rps=3755/3845:3792/3300 duty=9/12
ATGCorner: L=1@15/0@-1 Y=0@-1/0@-1 farL=0@-1/0@-1 Lxy=57.6,81.9:44.3,47.4/-1.0,-1.0:-1.0,-1.0 Yxy=-1.0,-1.0:-1.0,-1.0/-1.0,-1.0:-1.0,-1.0 farLxy=-1.0,-1.0:-1.0,-1.0/-1.0,-1.0:-1.0,-1.0 best=15:57.6,81.9:44.3,47.4:93.1:11111/45:122.6,13.4:95.4,18.6:3.8:10101 seed_src=lpt/none seed=0.0,0.0/0.0,0.0 far_start=70,0 far_raw=0/0 far_num=0/0 straight=0/1 far_straight=0/0 conf_deg=93.1/3.8/0.0/0.0
CrossDiag: type=CROSS_NONE track=1 half_lr=0/0 nearL=1@15/0@-1 nearNum=30/125 centerNum=30/125 farL=0@-1/0@-1 farNum=0/0 farRaw=0/0 lost=0/0 not_have=0 final=125/127 flags=0/0
LineErr: aim=33 cxcy=84.0,119.6 left=1:0.61@83,85 dx=-0.6 idx=0/10 dist=32/110 right=1:-0.33@84,83 dx=0.3 idx=0/13 dist=33/255 sel=1:-0.34@84,83 dx=0.4 idx=0/16 dist=32/252 edge=1:0.94@83.0,80.5 dx=-1.0 width=56.0 l=55,81 r=111,80
CxScan: raw_ref=80.0 edge=83.0,80.5 best_raw_x=75 best_err=-0.82 best_cxcy=82.1,119.5 scan=0:-25.6,10:-22.6,20:-19.5,30:-16.3,40:-13.0,50:-9.6,60:-6.1,70:-2.6,80:0.9,90:4.5,100:7.9,110:11.4,120:14.7,130:17.9,140:21.0
ATGSeedDiag: seed=1@13,108/1@133,108 begin=7,108 block=5 clip=8
ATGLptDiag: best=15(93.1) imip=5/25 pass=11111 acc=15 ipm=57.6,81.9 inv=44.3,47.4 | 45(3.8) imip=35/55 pass=10101 acc=-1 ipm=122.6,13.4 inv=95.4,18.6
frame=67 line=1 track=1 cross=0 circle=1(CIRCLE_LEFT_BEGIN) round=0 yroad=0 ramp=0 road=7 speed=0 near=29/125 raw=102/104 sel=125/127 far=0/0 far_raw=0/0 l=1@14/0@-1 far_l=0@-1/0@-1 straight=0/1 far_straight=0/0 circle_cnt=0/0/0/0 lost=0/0 conf=96.6/6.2/0.0/0.0 dist=0 m0=(84,119) ml=(84,85) md=34/1/141 cxcy=84.0,119.6 guide=-0.14 atg=3.0/4.0/4.0 pure=-0.64/-0.78 yaw=9 cmd=91 actual=-74 signed=1 rps=3675/3925:3632/3183 duty=9/12
ATGCorner: L=1@14/0@-1 Y=0@-1/0@-1 farL=0@-1/0@-1 Lxy=58.7,83.9:44.9,49.1/-1.0,-1.0:-1.0,-1.0 Yxy=-1.0,-1.0:-1.0,-1.0/-1.0,-1.0:-1.0,-1.0 farLxy=-1.0,-1.0:-1.0,-1.0/-1.0,-1.0:-1.0,-1.0 best=14:58.7,83.9:44.9,49.1:96.6:11111/1:107.1,114.0:129.3,97.2:6.2:10111 seed_src=lpt/none seed=0.0,0.0/0.0,0.0 far_start=70,0 far_raw=0/0 far_num=0/0 straight=0/1 far_straight=0/0 conf_deg=96.6/6.2/0.0/0.0
CrossDiag: type=CROSS_NONE track=1 half_lr=0/0 nearL=1@14/0@-1 nearNum=29/125 centerNum=29/125 farL=0@-1/0@-1 farNum=0/0 farRaw=0/0 lost=0/0 not_have=0 final=125/127 flags=0/0
LineErr: aim=33 cxcy=84.0,119.6 left=1:0.62@83,84 dx=-0.6 idx=0/10 dist=33/109 right=1:-0.50@85,83 dx=0.5 idx=0/13 dist=33/255 sel=1:-0.50@85,83 dx=0.5 idx=0/16 dist=32/252 edge=1:1.40@82.5,80.5 dx=-1.5 width=57.1 l=54,82 r=111,79
CxScan: raw_ref=80.0 edge=82.5,80.5 best_raw_x=75 best_err=-0.36 best_cxcy=82.1,119.5 scan=0:-25.2,10:-22.2,20:-19.1,30:-15.9,40:-12.5,50:-9.1,60:-5.6,70:-2.1,80:1.4,90:4.9,100:8.4,110:11.8,120:15.1,130:18.3,140:21.4
ATGSeedDiag: seed=1@13,108/1@133,107 begin=7,108 block=5 clip=8
ATGLptDiag: best=14(96.6) imip=4/24 pass=11111 acc=14 ipm=58.7,83.9 inv=44.9,49.1 | 1(6.2) imip=0/11 pass=10111 acc=-1 ipm=107.1,114.0 inv=129.3,97.2
frame=68 line=1 track=1 cross=0 circle=1(CIRCLE_LEFT_BEGIN) round=0 yroad=0 ramp=0 road=7 speed=0 near=29/125 raw=102/105 sel=125/127 far=0/0 far_raw=0/0 l=1@14/0@-1 far_l=0@-1/0@-1 straight=0/1 far_straight=0/0 circle_cnt=0/0/0/0 lost=0/0 conf=97.5/3.9/0.0/0.0 dist=0 m0=(84,119) ml=(84,85) md=34/1/141 cxcy=84.0,119.6 guide=-0.14 atg=3.0/4.0/4.0 pure=-0.64/-0.79 yaw=9 cmd=101 actual=-84 signed=1 rps=3661/3939:3723/3377 duty=9/12
ATGCorner: L=1@14/0@-1 Y=0@-1/0@-1 farL=0@-1/0@-1 Lxy=58.8,83.9:45.0,49.1/-1.0,-1.0:-1.0,-1.0 Yxy=-1.0,-1.0:-1.0,-1.0/-1.0,-1.0:-1.0,-1.0 farLxy=-1.0,-1.0:-1.0,-1.0/-1.0,-1.0:-1.0,-1.0 best=14:58.8,83.9:45.0,49.1:97.5:11111/44:122.3,15.7:95.7,19.1:3.9:10111 seed_src=lpt/none seed=0.0,0.0/0.0,0.0 far_start=70,0 far_raw=0/0 far_num=0/0 straight=0/1 far_straight=0/0 conf_deg=97.5/3.9/0.0/0.0
CrossDiag: type=CROSS_NONE track=1 half_lr=0/0 nearL=1@14/0@-1 nearNum=29/125 centerNum=29/125 farL=0@-1/0@-1 farNum=0/0 farRaw=0/0 lost=0/0 not_have=0 final=125/127 flags=0/0
LineErr: aim=33 cxcy=84.0,119.6 left=1:0.54@83,84 dx=-0.6 idx=0/10 dist=33/107 right=1:-0.47@85,83 dx=0.5 idx=0/13 dist=33/256 sel=1:-0.49@85,83 dx=0.5 idx=0/16 dist=32/252 edge=1:1.43@82.5,81.5 dx=-1.5 width=57.1 l=54,83 r=111,80
CxScan: raw_ref=80.0 edge=82.5,81.5 best_raw_x=75 best_err=-0.37 best_cxcy=82.1,119.5 scan=0:-25.6,10:-22.6,20:-19.4,30:-16.1,40:-12.7,50:-9.3,60:-5.7,70:-2.2,80:1.4,90:5.0,100:8.5,110:12.0,120:15.3,130:18.6,140:21.7
ATGSeedDiag: seed=1@13,108/1@134,108 begin=7,108 block=5 clip=8
ATGLptDiag: best=14(97.5) imip=4/24 pass=11111 acc=14 ipm=58.8,83.9 inv=45.0,49.1 | 44(3.9) imip=34/54 pass=10111 acc=-1 ipm=122.3,15.7 inv=95.7,19.1
frame=70 line=1 track=1 cross=0 circle=1(CIRCLE_LEFT_BEGIN) round=0 yroad=0 ramp=0 road=7 speed=0 near=28/125 raw=100/105 sel=125/127 far=0/0 far_raw=0/0 l=1@14/0@-1 far_l=0@-1/0@-1 straight=0/1 far_straight=0/0 circle_cnt=0/0/0/0 lost=0/0 conf=92.2/3.9/0.0/0.0 dist=0 m0=(84,119) ml=(84,85) md=34/1/141 cxcy=84.0,119.6 guide=0.20 atg=2.0/3.0/3.0 pure=-0.61/-0.77 yaw=-12 cmd=19 actual=-43 signed=1 rps=3774/3826:3523/3618 duty=10/12
ATGCorner: L=1@14/0@-1 Y=0@-1/0@-1 farL=0@-1/0@-1 Lxy=57.6,84.3:43.4,49.5/-1.0,-1.0:-1.0,-1.0 Yxy=-1.0,-1.0:-1.0,-1.0/-1.0,-1.0:-1.0,-1.0 farLxy=-1.0,-1.0:-1.0,-1.0/-1.0,-1.0:-1.0,-1.0 best=14:57.6,84.3:43.4,49.5:92.2:11111/43:121.8,18.0:95.8,19.6:3.9:10111 seed_src=lpt/none seed=0.0,0.0/0.0,0.0 far_start=70,0 far_raw=0/0 far_num=0/0 straight=0/1 far_straight=0/0 conf_deg=92.2/3.9/0.0/0.0
CrossDiag: type=CROSS_NONE track=1 half_lr=0/0 nearL=1@14/0@-1 nearNum=28/125 centerNum=28/125 farL=0@-1/0@-1 farNum=0/0 farRaw=0/0 lost=0/0 not_have=0 final=125/127 flags=0/0
LineErr: aim=33 cxcy=84.0,119.6 left=1:0.72@83,87 dx=-0.7 idx=0/9 dist=31/105 right=1:-0.18@84,83 dx=0.2 idx=0/13 dist=33/255 sel=1:-0.21@84,83 dx=0.2 idx=0/16 dist=32/252 edge=1:1.91@82.0,82.0 dx=-2.0 width=58.1 l=53,84 r=111,80
CxScan: raw_ref=80.0 edge=82.0,82.0 best_raw_x=75 best_err=0.10 best_cxcy=82.1,119.5 scan=0:-25.4,10:-22.3,20:-19.1,30:-15.8,40:-12.4,50:-8.9,60:-5.3,70:-1.7,80:1.9,90:5.5,100:9.1,110:12.5,120:15.9,130:19.2,140:22.3
ATGSeedDiag: seed=1@13,108/1@133,108 begin=7,108 block=5 clip=8
ATGLptDiag: best=14(92.2) imip=4/24 pass=11111 acc=14 ipm=57.6,84.3 inv=43.4,49.5 | 43(3.9) imip=33/53 pass=10111 acc=-1 ipm=121.8,18.0 inv=95.8,19.6
frame=71 line=1 track=1 cross=0 circle=1(CIRCLE_LEFT_BEGIN) round=0 yroad=0 ramp=0 road=7 speed=0 near=28/125 raw=100/105 sel=125/128 far=0/0 far_raw=0/0 l=1@13/0@-1 far_l=0@-1/0@-1 straight=0/1 far_straight=0/0 circle_cnt=0/0/0/0 lost=0/0 conf=94.5/3.3/0.0/0.0 dist=0 m0=(84,119) ml=(84,85) md=34/1/141 cxcy=84.0,119.6 guide=0.37 atg=2.0/3.0/3.0 pure=-0.58/-0.73 yaw=-22 cmd=-22 actual=-22 signed=1 rps=3831/3769:3501/3838 duty=10/11
ATGCorner: L=1@13/0@-1 Y=0@-1/0@-1 farL=0@-1/0@-1 Lxy=59.2,86.1:44.5,51.2/-1.0,-1.0:-1.0,-1.0 Yxy=-1.0,-1.0:-1.0,-1.0/-1.0,-1.0:-1.0,-1.0 farLxy=-1.0,-1.0:-1.0,-1.0/-1.0,-1.0:-1.0,-1.0 best=13:59.2,86.1:44.5,51.2:94.5:11111/42:120.9,20.2:95.7,20.1:3.3:10111 seed_src=lpt/none seed=0.0,0.0/0.0,0.0 far_start=70,0 far_raw=0/0 far_num=0/0 straight=0/1 far_straight=0/0 conf_deg=94.5/3.3/0.0/0.0
CrossDiag: type=CROSS_NONE track=1 half_lr=0/0 nearL=1@13/0@-1 nearNum=28/125 centerNum=28/125 farL=0@-1/0@-1 farNum=0/0 farRaw=0/0 lost=0/0 not_have=0 final=125/128 flags=0/0
LineErr: aim=33 cxcy=84.0,119.6 left=1:0.65@83,87 dx=-0.6 idx=0/9 dist=31/105 right=1:-0.13@84,83 dx=0.1 idx=0/13 dist=33/256 sel=1:-0.15@84,83 dx=0.2 idx=0/16 dist=32/254 edge=1:1.92@82.0,82.5 dx=-2.0 width=58.2 l=53,85 r=111,80
CxScan: raw_ref=80.0 edge=82.0,82.5 best_raw_x=75 best_err=0.10 best_cxcy=82.1,119.5 scan=0:-25.6,10:-22.5,20:-19.3,30:-15.9,40:-12.5,50:-9.0,60:-5.4,70:-1.7,80:1.9,90:5.6,100:9.1,110:12.6,120:16.0,130:19.3,140:22.5
ATGSeedDiag: seed=1@13,108/1@133,108 begin=7,108 block=5 clip=8
ATGLptDiag: best=13(94.5) imip=3/23 pass=11111 acc=13 ipm=59.2,86.1 inv=44.5,51.2 | 42(3.3) imip=32/52 pass=10111 acc=-1 ipm=120.9,20.2 inv=95.7,20.1
frame=76 line=1 track=1 cross=0 circle=1(CIRCLE_LEFT_BEGIN) round=0 yroad=0 ramp=0 road=7 speed=0 near=26/125 raw=96/104 sel=125/128 far=0/0 far_raw=0/0 l=1@12/0@-1 far_l=0@-1/0@-1 straight=0/1 far_straight=0/0 circle_cnt=0/0/0/0 lost=0/0 conf=96.0/5.4/0.0/0.0 dist=0 m0=(84,119) ml=(85,85) md=34/1/143 cxcy=84.0,119.6 guide=-0.65 atg=3.0/4.0/4.0 pure=-0.75/-0.84 yaw=39 cmd=172 actual=-93 signed=1 rps=3564/4036:3805/3899 duty=9/12
ATGCorner: L=1@12/0@-1 Y=0@-1/0@-1 farL=0@-1/0@-1 Lxy=59.0,88.5:43.2,53.5/-1.0,-1.0:-1.0,-1.0 Yxy=-1.0,-1.0:-1.0,-1.0/-1.0,-1.0:-1.0,-1.0 farLxy=-1.0,-1.0:-1.0,-1.0/-1.0,-1.0:-1.0,-1.0 best=12:59.0,88.5:43.2,53.5:96.0:11111/1:107.5,114.0:130.1,97.2:5.4:10111 seed_src=lpt/none seed=0.0,0.0/0.0,0.0 far_start=70,0 far_raw=0/0 far_num=0/0 straight=0/1 far_straight=0/0 conf_deg=96.0/5.4/0.0/0.0
CrossDiag: type=CROSS_NONE track=1 half_lr=0/0 nearL=1@12/0@-1 nearNum=26/125 centerNum=26/125 farL=0@-1/0@-1 farNum=0/0 farRaw=0/0 lost=0/0 not_have=0 final=125/128 flags=0/0
LineErr: aim=33 cxcy=84.0,119.6 left=1:1.53@82,84 dx=-1.6 idx=0/9 dist=33/99 right=1:-0.99@85,83 dx=1.0 idx=0/13 dist=33/256 sel=1:-1.00@85,83 dx=1.0 idx=0/16 dist=32/254 edge=1:2.92@81.0,83.5 dx=-3.0 width=62.6 l=50,88 r=112,79
CxScan: raw_ref=80.0 edge=81.0,83.5 best_raw_x=70 best_err=-0.78 best_cxcy=80.2,119.5 scan=0:-25.1,10:-22.0,20:-18.7,30:-15.3,40:-11.8,50:-8.2,60:-4.5,70:-0.8,80:2.9,90:6.6,100:10.2,110:13.7,120:17.2,130:20.5,140:23.6
ATGSeedDiag: seed=1@14,108/1@134,107 begin=7,108 block=5 clip=8
ATGLptDiag: best=12(96.0) imip=2/22 pass=11111 acc=12 ipm=59.0,88.5 inv=43.2,53.5 | 1(5.4) imip=0/11 pass=10111 acc=-1 ipm=107.5,114.0 inv=130.1,97.2
frame=77 line=1 track=1 cross=0 circle=1(CIRCLE_LEFT_BEGIN) round=0 yroad=0 ramp=0 road=7 speed=0 near=26/125 raw=96/105 sel=125/128 far=0/0 far_raw=0/0 l=1@12/0@-1 far_l=0@-1/0@-1 straight=0/1 far_straight=0/0 circle_cnt=0/0/0/0 lost=0/0 conf=95.7/3.7/0.0/0.0 dist=0 m0=(84,119) ml=(85,85) md=34/1/143 cxcy=84.0,119.6 guide=-0.82 atg=4.0/4.0/4.0 pure=-0.77/-0.84 yaw=49 cmd=201 actual=-102 signed=1 rps=3525/4075:3734/3767 duty=9/12
ATGCorner: L=1@12/0@-1 Y=0@-1/0@-1 farL=0@-1/0@-1 Lxy=59.0,88.5:43.2,53.5/-1.0,-1.0:-1.0,-1.0 Yxy=-1.0,-1.0:-1.0,-1.0/-1.0,-1.0:-1.0,-1.0 farLxy=-1.0,-1.0:-1.0,-1.0/-1.0,-1.0:-1.0,-1.0 best=12:59.0,88.5:43.2,53.5:95.7:11111/1:107.6,114.2:130.6,98.0:3.7:10111 seed_src=lpt/none seed=0.0,0.0/0.0,0.0 far_start=70,0 far_raw=0/0 far_num=0/0 straight=0/1 far_straight=0/0 conf_deg=95.7/3.7/0.0/0.0
CrossDiag: type=CROSS_NONE track=1 half_lr=0/0 nearL=1@12/0@-1 nearNum=26/125 centerNum=26/125 farL=0@-1/0@-1 farNum=0/0 farRaw=0/0 lost=0/0 not_have=0 final=125/128 flags=0/0
LineErr: aim=33 cxcy=84.0,119.6 left=1:1.49@82,84 dx=-1.5 idx=0/9 dist=33/100 right=1:-1.11@85,83 dx=1.2 idx=0/13 dist=33/256 sel=1:-1.13@85,83 dx=1.2 idx=0/16 dist=32/254 edge=1:2.95@81.0,84.0 dx=-3.0 width=62.5 l=50,88 r=112,80
CxScan: raw_ref=80.0 edge=81.0,84.0 best_raw_x=70 best_err=-0.79 best_cxcy=80.2,119.5 scan=0:-25.3,10:-22.2,20:-18.9,30:-15.4,40:-11.9,50:-8.2,60:-4.5,70:-0.8,80:2.9,90:6.7,100:10.3,110:13.9,120:17.3,130:20.6,140:23.8
ATGSeedDiag: seed=1@14,108/1@135,108 begin=7,108 block=5 clip=8
ATGLptDiag: best=12(95.7) imip=2/22 pass=11111 acc=12 ipm=59.0,88.5 inv=43.2,53.5 | 1(3.7) imip=0/11 pass=10111 acc=-1 ipm=107.6,114.2 inv=130.6,98.0
frame=78 line=1 track=1 cross=0 circle=1(CIRCLE_LEFT_BEGIN) round=0 yroad=0 ramp=0 road=7 speed=0 near=25/125 raw=96/105 sel=125/128 far=0/0 far_raw=0/0 l=1@12/0@-1 far_l=0@-1/0@-1 straight=0/1 far_straight=0/0 circle_cnt=0/0/0/0 lost=0/0 conf=96.9/4.1/0.0/0.0 dist=0 m0=(84,119) ml=(85,85) md=34/1/143 cxcy=84.0,119.6 guide=-0.65 atg=4.0/4.0/4.0 pure=-0.77/-0.84 yaw=39 cmd=169 actual=-91 signed=1 rps=3568/4032:3973/3928 duty=8/12
ATGCorner: L=1@12/0@-1 Y=0@-1/0@-1 farL=0@-1/0@-1 Lxy=59.1,88.5:43.3,53.5/-1.0,-1.0:-1.0,-1.0 Yxy=-1.0,-1.0:-1.0,-1.0/-1.0,-1.0:-1.0,-1.0 farLxy=-1.0,-1.0:-1.0,-1.0/-1.0,-1.0:-1.0,-1.0 best=12:59.1,88.5:43.3,53.5:96.9:11111/42:122.7,20.4:96.8,20.2:4.1:10111 seed_src=lpt/none seed=0.0,0.0/0.0,0.0 far_start=70,0 far_raw=0/0 far_num=0/0 straight=0/1 far_straight=0/0 conf_deg=96.9/4.1/0.0/0.0
CrossDiag: type=CROSS_NONE track=1 half_lr=0/0 nearL=1@12/0@-1 nearNum=25/125 centerNum=25/125 farL=0@-1/0@-1 farNum=0/0 farRaw=0/0 lost=0/0 not_have=0 final=125/128 flags=0/0
LineErr: aim=33 cxcy=84.0,119.6 left=1:1.61@82,83 dx=-1.7 idx=0/9 dist=33/95 right=1:-0.97@85,83 dx=1.0 idx=0/13 dist=33/256 sel=1:-1.00@85,83 dx=1.0 idx=0/16 dist=32/254 edge=1:2.97@81.0,84.5 dx=-3.0 width=62.6 l=50,89 r=112,80
CxScan: raw_ref=80.0 edge=81.0,84.5 best_raw_x=70 best_err=-0.80 best_cxcy=80.2,119.5 scan=0:-25.5,10:-22.3,20:-19.0,30:-15.5,40:-12.0,50:-8.3,60:-4.6,70:-0.8,80:3.0,90:6.7,100:10.4,110:14.0,120:17.4,130:20.8,140:24.0
ATGSeedDiag: seed=1@14,108/1@135,108 begin=7,108 block=5 clip=8
ATGLptDiag: best=12(96.9) imip=2/22 pass=11111 acc=12 ipm=59.1,88.5 inv=43.3,53.5 | 42(4.1) imip=32/52 pass=10111 acc=-1 ipm=122.7,20.4 inv=96.8,20.2
frame=79 line=1 track=1 cross=0 circle=1(CIRCLE_LEFT_BEGIN) round=0 yroad=0 ramp=0 road=7 speed=0 near=25/125 raw=97/104 sel=125/128 far=0/0 far_raw=0/0 l=1@12/0@-1 far_l=0@-1/0@-1 straight=0/1 far_straight=0/0 circle_cnt=0/0/0/0 lost=0/0 conf=99.5/4.3/0.0/0.0 dist=0 m0=(84,119) ml=(85,85) md=34/1/143 cxcy=84.0,119.6 guide=-0.65 atg=3.0/4.0/4.0 pure=-0.74/-0.84 yaw=39 cmd=145 actual=-67 signed=1 rps=3601/3999:3858/3727 duty=9/12
ATGCorner: L=1@12/0@-1 Y=0@-1/0@-1 farL=0@-1/0@-1 Lxy=59.5,88.5:43.9,53.5/-1.0,-1.0:-1.0,-1.0 Yxy=-1.0,-1.0:-1.0,-1.0/-1.0,-1.0:-1.0,-1.0 farLxy=-1.0,-1.0:-1.0,-1.0/-1.0,-1.0:-1.0,-1.0 best=12:59.5,88.5:43.9,53.5:99.5:11111/1:107.5,113.9:130.1,97.2:4.3:10111 seed_src=lpt/none seed=0.0,0.0/0.0,0.0 far_start=70,0 far_raw=0/0 far_num=0/0 straight=0/1 far_straight=0/0 conf_deg=99.5/4.3/0.0/0.0
CrossDiag: type=CROSS_NONE track=1 half_lr=0/0 nearL=1@12/0@-1 nearNum=25/125 centerNum=25/125 farL=0@-1/0@-1 farNum=0/0 farRaw=0/0 lost=0/0 not_have=0 final=125/128 flags=0/0
LineErr: aim=33 cxcy=84.0,119.6 left=1:1.53@82,83 dx=-1.6 idx=0/9 dist=33/95 right=1:-0.95@85,83 dx=1.0 idx=0/13 dist=33/255 sel=1:-0.94@85,83 dx=1.0 idx=0/16 dist=32/254 edge=1:2.95@81.0,84.0 dx=-3.0 width=62.8 l=50,89 r=112,79
CxScan: raw_ref=80.0 edge=81.0,84.0 best_raw_x=70 best_err=-0.79 best_cxcy=80.2,119.5 scan=0:-25.3,10:-22.2,20:-18.9,30:-15.4,40:-11.9,50:-8.2,60:-4.5,70:-0.8,80:2.9,90:6.7,100:10.3,110:13.9,120:17.3,130:20.6,140:23.8
ATGSeedDiag: seed=1@14,108/1@134,107 begin=7,108 block=5 clip=8
ATGLptDiag: best=12(99.5) imip=2/22 pass=11111 acc=12 ipm=59.5,88.5 inv=43.9,53.5 | 1(4.3) imip=0/11 pass=10111 acc=-1 ipm=107.5,113.9 inv=130.1,97.2
frame=80 line=1 track=1 cross=0 circle=1(CIRCLE_LEFT_BEGIN) round=0 yroad=0 ramp=0 road=7 speed=0 near=25/125 raw=95/105 sel=125/128 far=0/0 far_raw=0/0 l=1@12/0@-1 far_l=0@-1/0@-1 straight=0/1 far_straight=0/0 circle_cnt=0/0/0/0 lost=0/0 conf=97.1/4.5/0.0/0.0 dist=0 m0=(84,119) ml=(85,85) md=34/1/143 cxcy=84.0,119.6 guide=-0.65 atg=3.0/4.0/4.0 pure=-0.73/-0.84 yaw=39 cmd=124 actual=-45 signed=1 rps=3631/3969:4004/3756 duty=9/12
ATGCorner: L=1@12/0@-1 Y=0@-1/0@-1 farL=0@-1/0@-1 Lxy=58.5,88.8:42.4,53.8/-1.0,-1.0:-1.0,-1.0 Yxy=-1.0,-1.0:-1.0,-1.0/-1.0,-1.0:-1.0,-1.0 farLxy=-1.0,-1.0:-1.0,-1.0/-1.0,-1.0:-1.0,-1.0 best=12:58.5,88.8:42.4,53.8:97.1:11111/42:122.7,20.5:96.8,20.2:4.5:10111 seed_src=lpt/none seed=0.0,0.0/0.0,0.0 far_start=70,0 far_raw=0/0 far_num=0/0 straight=0/1 far_straight=0/0 conf_deg=97.1/4.5/0.0/0.0
CrossDiag: type=CROSS_NONE track=1 half_lr=0/0 nearL=1@12/0@-1 nearNum=25/125 centerNum=25/125 farL=0@-1/0@-1 farNum=0/0 farRaw=0/0 lost=0/0 not_have=0 final=125/128 flags=0/0
LineErr: aim=33 cxcy=84.0,119.6 left=1:1.99@82,82 dx=-2.1 idx=0/9 dist=34/95 right=1:-0.93@85,83 dx=1.0 idx=0/13 dist=33/256 sel=1:-0.94@85,83 dx=1.0 idx=0/16 dist=32/254 edge=1:3.49@80.5,85.0 dx=-3.5 width=63.8 l=49,90 r=112,80
CxScan: raw_ref=80.0 edge=80.5,85.0 best_raw_x=70 best_err=-0.31 best_cxcy=80.2,119.5 scan=0:-25.3,10:-22.1,20:-18.7,30:-15.2,40:-11.6,50:-7.9,60:-4.1,70:-0.3,80:3.5,90:7.3,100:11.0,110:14.6,120:18.0,130:21.4,140:24.6
ATGSeedDiag: seed=1@14,108/1@135,108 begin=7,108 block=5 clip=8
ATGLptDiag: best=12(97.1) imip=2/22 pass=11111 acc=12 ipm=58.5,88.8 inv=42.4,53.8 | 42(4.5) imip=32/52 pass=10111 acc=-1 ipm=122.7,20.5 inv=96.8,20.2
frame=82 line=1 track=1 cross=0 circle=1(CIRCLE_LEFT_BEGIN) round=0 yroad=0 ramp=0 road=7 speed=0 near=24/125 raw=93/105 sel=125/128 far=0/0 far_raw=0/0 l=1@11/0@-1 far_l=0@-1/0@-1 straight=0/1 far_straight=0/0 circle_cnt=0/0/0/0 lost=0/0 conf=94.9/3.8/0.0/0.0 dist=0 m0=(84,119) ml=(85,85) md=34/1/143 cxcy=84.0,119.6 guide=-0.82 atg=4.0/4.0/4.0 pure=-0.80/-0.84 yaw=49 cmd=103 actual=-5 signed=1 rps=3658/3942:4007/3524 duty=9/12
ATGCorner: L=1@11/0@-1 Y=0@-1/0@-1 farL=0@-1/0@-1 Lxy=59.1,90.7:42.3,55.9/-1.0,-1.0:-1.0,-1.0 Yxy=-1.0,-1.0:-1.0,-1.0/-1.0,-1.0:-1.0,-1.0 farLxy=-1.0,-1.0:-1.0,-1.0/-1.0,-1.0:-1.0,-1.0 best=11:59.1,90.7:42.3,55.9:94.9:11111/41:122.8,22.8:97.3,20.7:3.8:10111 seed_src=lpt/none seed=0.0,0.0/0.0,0.0 far_start=70,0 far_raw=0/0 far_num=0/0 straight=0/1 far_straight=0/0 conf_deg=94.9/3.8/0.0/0.0
CrossDiag: type=CROSS_NONE track=1 half_lr=0/0 nearL=1@11/0@-1 nearNum=24/125 centerNum=24/125 farL=0@-1/0@-1 farNum=0/0 farRaw=0/0 lost=0/0 not_have=0 final=125/128 flags=0/0
LineErr: aim=33 cxcy=84.0,119.6 left=1:2.19@82,85 dx=-2.2 idx=0/8 dist=34/97 right=1:-1.31@85,83 dx=1.4 idx=0/13 dist=33/255 sel=1:-1.33@85,83 dx=1.4 idx=0/16 dist=32/254 edge=1:4.02@80.0,85.5 dx=-4.0 width=64.9 l=48,91 r=112,80
CxScan: raw_ref=80.0 edge=80.0,85.5 best_raw_x=70 best_err=0.19 best_cxcy=80.2,119.5 scan=0:-25.1,10:-21.8,20:-18.4,30:-14.9,40:-11.2,50:-7.5,60:-3.6,70:0.2,80:4.0,90:7.8,100:11.5,110:15.1,120:18.6,130:22.0,140:25.2
ATGSeedDiag: seed=1@15,108/1@135,108 begin=7,108 block=5 clip=8
ATGLptDiag: best=11(94.9) imip=1/21 pass=11111 acc=11 ipm=59.1,90.7 inv=42.3,55.9 | 41(3.8) imip=31/51 pass=10111 acc=-1 ipm=122.8,22.8 inv=97.3,20.7
frame=83 line=1 track=1 cross=0 circle=1(CIRCLE_LEFT_BEGIN) round=0 yroad=0 ramp=0 road=7 speed=0 near=24/125 raw=94/105 sel=125/127 far=0/0 far_raw=0/0 l=1@11/0@-1 far_l=0@-1/0@-1 straight=0/1 far_straight=0/0 circle_cnt=0/0/0/0 lost=0/0 conf=95.8/4.3/0.0/0.0 dist=0 m0=(84,119) ml=(85,85) md=34/1/143 cxcy=84.0,119.6 guide=-1.16 atg=5.0/5.0/5.0 pure=-0.83/-0.88 yaw=70 cmd=146 actual=-6 signed=1 rps=3600/4000:4079/3609 duty=8/12
ATGCorner: L=1@11/0@-1 Y=0@-1/0@-1 farL=0@-1/0@-1 Lxy=59.4,90.7:42.7,55.9/-1.0,-1.0:-1.0,-1.0 Yxy=-1.0,-1.0:-1.0,-1.0/-1.0,-1.0:-1.0,-1.0 farLxy=-1.0,-1.0:-1.0,-1.0/-1.0,-1.0:-1.0,-1.0 best=11:59.4,90.7:42.7,55.9:95.8:11111/2:108.2,112.0:128.5,91.6:4.3:10111 seed_src=lpt/none seed=0.0,0.0/0.0,0.0 far_start=70,0 far_raw=0/0 far_num=0/0 straight=0/1 far_straight=0/0 conf_deg=95.8/4.3/0.0/0.0
CrossDiag: type=CROSS_NONE track=1 half_lr=0/0 nearL=1@11/0@-1 nearNum=24/125 centerNum=24/125 farL=0@-1/0@-1 farNum=0/0 farRaw=0/0 lost=0/0 not_have=0 final=125/127 flags=0/0
LineErr: aim=33 cxcy=84.0,119.6 left=1:2.02@82,85 dx=-2.0 idx=0/8 dist=34/98 right=1:-1.42@86,83 dx=1.5 idx=0/13 dist=33/255 sel=1:-1.43@86,83 dx=1.5 idx=0/16 dist=32/252 edge=1:4.02@80.0,85.5 dx=-4.0 width=64.9 l=48,91 r=112,80
CxScan: raw_ref=80.0 edge=80.0,85.5 best_raw_x=70 best_err=0.19 best_cxcy=80.2,119.5 scan=0:-25.1,10:-21.8,20:-18.4,30:-14.9,40:-11.2,50:-7.5,60:-3.6,70:0.2,80:4.0,90:7.8,100:11.5,110:15.1,120:18.6,130:22.0,140:25.2
ATGSeedDiag: seed=1@15,108/1@135,108 begin=7,108 block=5 clip=8
ATGLptDiag: best=11(95.8) imip=1/21 pass=11111 acc=11 ipm=59.4,90.7 inv=42.7,55.9 | 2(4.3) imip=0/12 pass=10111 acc=-1 ipm=108.2,112.0 inv=128.5,91.6
frame=84 line=1 track=1 cross=0 circle=1(CIRCLE_LEFT_BEGIN) round=0 yroad=0 ramp=0 road=7 speed=0 near=23/125 raw=92/105 sel=125/127 far=0/0 far_raw=0/0 l=1@11/0@-1 far_l=0@-1/0@-1 straight=0/1 far_straight=0/0 circle_cnt=0/0/0/0 lost=0/0 conf=97.6/3.9/0.0/0.0 dist=0 m0=(84,119) ml=(85,85) md=34/1/143 cxcy=84.0,119.6 guide=-1.33 atg=5.0/5.0/5.0 pure=-0.83/-0.88 yaw=80 cmd=169 actual=-9 signed=1 rps=3568/4032:3884/3513 duty=9/13
ATGCorner: L=1@11/0@-1 Y=0@-1/0@-1 farL=0@-1/0@-1 Lxy=58.8,90.8:41.9,56.0/-1.0,-1.0:-1.0,-1.0 Yxy=-1.0,-1.0:-1.0,-1.0/-1.0,-1.0:-1.0,-1.0 farLxy=-1.0,-1.0:-1.0,-1.0/-1.0,-1.0:-1.0,-1.0 best=11:58.8,90.8:41.9,56.0:97.6:11111/41:123.1,22.8:97.5,20.7:3.9:10111 seed_src=lpt/none seed=0.0,0.0/0.0,0.0 far_start=70,0 far_raw=0/0 far_num=0/0 straight=0/1 far_straight=0/0 conf_deg=97.6/3.9/0.0/0.0
CrossDiag: type=CROSS_NONE track=1 half_lr=0/0 nearL=1@11/0@-1 nearNum=23/125 centerNum=23/125 farL=0@-1/0@-1 farNum=0/0 farRaw=0/0 lost=0/0 not_have=0 final=125/127 flags=0/0
LineErr: aim=33 cxcy=84.0,119.6 left=1:1.96@82,88 dx=-1.9 idx=0/7 dist=31/96 right=1:-1.42@86,83 dx=1.5 idx=0/13 dist=33/255 sel=1:-1.44@86,83 dx=1.5 idx=0/16 dist=32/252 edge=1:4.56@79.5,86.0 dx=-4.5 width=66.1 l=47,92 r=112,80
CxScan: raw_ref=80.0 edge=79.5,86.0 best_raw_x=70 best_err=0.70 best_cxcy=80.2,119.5 scan=0:-24.9,10:-21.6,20:-18.1,30:-14.5,40:-10.8,50:-7.0,60:-3.2,70:0.7,80:4.6,90:8.4,100:12.1,110:15.7,120:19.2,130:22.6,140:25.8
ATGSeedDiag: seed=1@15,108/1@135,108 begin=7,108 block=5 clip=8
ATGLptDiag: best=11(97.6) imip=1/21 pass=11111 acc=11 ipm=58.8,90.8 inv=41.9,56.0 | 41(3.9) imip=31/51 pass=10111 acc=-1 ipm=123.1,22.8 inv=97.5,20.7
frame=85 line=1 track=1 cross=0 circle=1(CIRCLE_LEFT_BEGIN) round=0 yroad=0 ramp=0 road=7 speed=0 near=22/125 raw=90/105 sel=125/127 far=0/0 far_raw=0/0 l=1@10/0@-1 far_l=0@-1/0@-1 straight=0/1 far_straight=0/0 circle_cnt=0/0/0/0 lost=0/0 conf=95.9/3.6/0.0/0.0 dist=0 m0=(84,119) ml=(85,85) md=34/1/144 cxcy=84.0,119.6 guide=-0.99 atg=5.0/4.0/5.0 pure=-0.83/-0.86 yaw=60 cmd=124 actual=-5 signed=1 rps=3630/3970:3926/3786 duty=9/12
ATGCorner: L=1@10/0@-1 Y=0@-1/0@-1 farL=0@-1/0@-1 Lxy=59.4,93.1:41.5,58.6/-1.0,-1.0:-1.0,-1.0 Yxy=-1.0,-1.0:-1.0,-1.0/-1.0,-1.0:-1.0,-1.0 farLxy=-1.0,-1.0:-1.0,-1.0/-1.0,-1.0:-1.0,-1.0 best=10:59.4,93.1:41.5,58.6:95.9:11111/40:122.5,25.0:97.6,21.3:3.6:10111 seed_src=lpt/none seed=0.0,0.0/0.0,0.0 far_start=70,0 far_raw=0/0 far_num=0/0 straight=0/1 far_straight=0/0 conf_deg=95.9/3.6/0.0/0.0
CrossDiag: type=CROSS_NONE track=1 half_lr=0/0 nearL=1@10/0@-1 nearNum=22/125 centerNum=22/125 farL=0@-1/0@-1 farNum=0/0 farRaw=0/0 lost=0/0 not_have=0 final=125/127 flags=0/0
LineErr: aim=33 cxcy=84.0,119.6 left=1:2.51@82,87 dx=-2.4 idx=0/7 dist=32/93 right=1:-1.33@85,83 dx=1.4 idx=0/13 dist=33/256 sel=1:-1.34@85,83 dx=1.4 idx=0/16 dist=32/252 edge=1:5.10@79.0,86.5 dx=-5.0 width=67.3 l=46,93 r=112,80
CxScan: raw_ref=80.0 edge=79.0,86.5 best_raw_x=65 best_err=-0.74 best_cxcy=78.3,119.5 scan=0:-24.6,10:-21.3,20:-17.8,30:-14.2,40:-10.4,50:-6.6,60:-2.7,70:1.2,80:5.1,90:8.9,100:12.7,110:16.3,120:19.8,130:23.2,140:26.4
ATGSeedDiag: seed=1@15,108/1@135,108 begin=7,108 block=5 clip=8
ATGLptDiag: best=10(95.9) imip=0/20 pass=11111 acc=10 ipm=59.4,93.1 inv=41.5,58.6 | 40(3.6) imip=30/50 pass=10111 acc=-1 ipm=122.5,25.0 inv=97.6,21.3
frame=86 line=1 track=1 cross=0 circle=1(CIRCLE_LEFT_BEGIN) round=0 yroad=0 ramp=0 road=7 speed=0 near=22/125 raw=89/105 sel=125/128 far=0/0 far_raw=0/0 l=1@10/0@-1 far_l=0@-1/0@-1 straight=0/1 far_straight=0/0 circle_cnt=0/0/0/0 lost=0/0 conf=96.4/3.7/0.0/0.0 dist=0 m0=(84,119) ml=(85,85) md=34/1/143 cxcy=84.0,119.6 guide=-0.99 atg=4.0/4.0/4.0 pure=-0.80/-0.84 yaw=60 cmd=99 actual=20 signed=1 rps=3664/3936:3645/3751 duty=9/12
ATGCorner: L=1@10/0@-1 Y=0@-1/0@-1 farL=0@-1/0@-1 Lxy=59.2,93.1:41.2,58.6/-1.0,-1.0:-1.0,-1.0 Yxy=-1.0,-1.0:-1.0,-1.0/-1.0,-1.0:-1.0,-1.0 farLxy=-1.0,-1.0:-1.0,-1.0/-1.0,-1.0:-1.0,-1.0 best=10:59.2,93.1:41.2,58.6:96.4:11111/39:121.8,27.3:97.7,21.8:3.7:10111 seed_src=lpt/none seed=0.0,0.0/0.0,0.0 far_start=70,0 far_raw=0/0 far_num=0/0 straight=0/1 far_straight=0/0 conf_deg=96.4/3.7/0.0/0.0
CrossDiag: type=CROSS_NONE track=1 half_lr=0/0 nearL=1@10/0@-1 nearNum=22/125 centerNum=22/125 farL=0@-1/0@-1 farNum=0/0 farRaw=0/0 lost=0/0 not_have=0 final=125/128 flags=0/0
LineErr: aim=33 cxcy=84.0,119.6 left=1:2.85@81,86 dx=-2.8 idx=0/7 dist=32/94 right=1:-1.31@85,83 dx=1.4 idx=0/13 dist=33/257 sel=1:-1.35@85,83 dx=1.4 idx=0/16 dist=32/254 edge=1:5.10@79.0,86.5 dx=-5.0 width=67.3 l=46,93 r=112,80
CxScan: raw_ref=80.0 edge=79.0,86.5 best_raw_x=65 best_err=-0.74 best_cxcy=78.3,119.5 scan=0:-24.6,10:-21.3,20:-17.8,30:-14.2,40:-10.4,50:-6.6,60:-2.7,70:1.2,80:5.1,90:8.9,100:12.7,110:16.3,120:19.8,130:23.2,140:26.4
ATGSeedDiag: seed=1@15,108/1@135,108 begin=7,108 block=5 clip=8
ATGLptDiag: best=10(96.4) imip=0/20 pass=11111 acc=10 ipm=59.2,93.1 inv=41.2,58.6 | 39(3.7) imip=29/49 pass=10111 acc=-1 ipm=121.8,27.3 inv=97.7,21.8
frame=88 line=1 track=1 cross=0 circle=1(CIRCLE_LEFT_BEGIN) round=0 yroad=0 ramp=0 road=7 speed=0 near=21/125 raw=87/105 sel=125/128 far=0/0 far_raw=0/0 l=1@10/0@-1 far_l=0@-1/0@-1 straight=0/1 far_straight=0/0 circle_cnt=0/0/0/0 lost=0/0 conf=98.1/3.7/0.0/0.0 dist=0 m0=(84,119) ml=(85,85) md=34/1/144 cxcy=84.0,119.6 guide=-0.82 atg=4.0/4.0/4.0 pure=-0.80/-0.81 yaw=49 cmd=35 actual=64 signed=1 rps=3752/3848:3681/4287 duty=9/11
ATGCorner: L=1@10/0@-1 Y=0@-1/0@-1 farL=0@-1/0@-1 Lxy=58.4,93.3:40.0,58.9/-1.0,-1.0:-1.0,-1.0 Yxy=-1.0,-1.0:-1.0,-1.0/-1.0,-1.0:-1.0,-1.0 farLxy=-1.0,-1.0:-1.0,-1.0/-1.0,-1.0:-1.0,-1.0 best=10:58.4,93.3:40.0,58.9:98.1:11111/39:121.6,27.2:97.5,21.8:3.7:10111 seed_src=lpt/none seed=0.0,0.0/0.0,0.0 far_start=70,0 far_raw=0/0 far_num=0/0 straight=0/1 far_straight=0/0 conf_deg=98.1/3.7/0.0/0.0
CrossDiag: type=CROSS_NONE track=1 half_lr=0/0 nearL=1@10/0@-1 nearNum=21/125 centerNum=21/125 farL=0@-1/0@-1 farNum=0/0 farRaw=0/0 lost=0/0 not_have=0 final=125/128 flags=0/0
LineErr: aim=33 cxcy=84.0,119.6 left=1:3.67@80,85 dx=-3.7 idx=0/7 dist=33/90 right=1:-1.31@85,83 dx=1.4 idx=0/13 dist=33/255 sel=1:-1.33@85,83 dx=1.4 idx=0/16 dist=32/254 edge=1:5.66@78.5,87.0 dx=-5.5 width=68.4 l=45,94 r=112,80
CxScan: raw_ref=80.0 edge=78.5,87.0 best_raw_x=65 best_err=-0.23 best_cxcy=78.3,119.5 scan=0:-24.4,10:-21.0,20:-17.5,30:-13.8,40:-10.0,50:-6.1,60:-2.2,70:1.7,80:5.7,90:9.5,100:13.3,110:16.9,120:20.5,130:23.8,140:27.0
ATGSeedDiag: seed=1@15,108/1@135,108 begin=7,108 block=5 clip=8
ATGLptDiag: best=10(98.1) imip=0/20 pass=11111 acc=10 ipm=58.4,93.3 inv=40.0,58.9 | 39(3.7) imip=29/49 pass=10111 acc=-1 ipm=121.6,27.2 inv=97.5,21.8
frame=90 line=0 track=1 cross=0 circle=1(CIRCLE_LEFT_BEGIN) round=0 yroad=0 ramp=0 road=7 speed=0 near=21/1 raw=88/170 sel=1/0 far=0/0 far_raw=0/0 l=1@10/0@-1 far_l=0@-1/0@-1 straight=0/0 far_straight=0/0 circle_cnt=0/0/0/0 lost=0/0 conf=99.9/0.0/0.0/0.0 dist=0 m0=(-1,-1) ml=(-1,-1) md=-1/0/-1 cxcy=84.0,119.6 guide=0.00 atg=4.0/4.0/4.0 pure=-0.77/-0.81 yaw=0 cmd=0 actual=37 signed=0 rps=0/0:0/0 duty=0/0
ATGCorner: L=1@10/0@-1 Y=0@-1/0@-1 farL=0@-1/0@-1 Lxy=58.0,93.4:39.4,59.0/-1.0,-1.0:-1.0,-1.0 Yxy=-1.0,-1.0:-1.0,-1.0/-1.0,-1.0:-1.0,-1.0 farLxy=-1.0,-1.0:-1.0,-1.0/-1.0,-1.0:-1.0,-1.0 best=10:58.0,93.4:39.4,59.0:99.9:11111/-1:-1.0,-1.0:-1.0,-1.0:-57295.8:00000 seed_src=lpt/lost seed=0.0,0.0/0.0,0.0 far_start=70,0 far_raw=0/0 far_num=0/0 straight=0/0 far_straight=0/0 conf_deg=99.9/0.0/0.0/0.0
CrossDiag: type=CROSS_NONE track=1 half_lr=0/0 nearL=1@10/0@-1 nearNum=21/1 centerNum=21/1 farL=0@-1/0@-1 farNum=0/0 farRaw=0/0 lost=0/0 not_have=0 final=1/0 flags=0/0
LineErr: aim=33 cxcy=84.0,119.6 left=1:4.17@80,84 dx=-4.3 idx=0/7 dist=33/91 right=0:0.00@-1,-1 dx=0.0 idx=-1/-1 dist=-1/-1 sel=0:0.00@-1,-1 dx=0.0 idx=-1/-1 dist=-1/-1 edge=0:0.00@-1.0,-1.0 dx=0.0 width=0.0 l=44,95 r=-1,-1
ATGSeedDiag: seed=1@15,108/1@128,108 begin=7,108 block=5 clip=8
ATGLptDiag: best=10(99.9) imip=0/20 pass=11111 acc=10 ipm=58.0,93.4 inv=39.4,59.0 | -1(-57295.8) imip=-1/-1 pass=00000 acc=-1 ipm=-1.0,-1.0 inv=-1.0,-1.0
frame=91 line=1 track=1 cross=0 circle=1(CIRCLE_LEFT_BEGIN) round=0 yroad=0 ramp=0 road=7 speed=0 near=20/125 raw=84/105 sel=125/128 far=0/0 far_raw=0/0 l=1@9/0@-1 far_l=0@-1/0@-1 straight=0/1 far_straight=0/0 circle_cnt=0/0/0/0 lost=0/0 conf=97.8/4.2/0.0/0.0 dist=0 m0=(84,119) ml=(85,87) md=32/1/144 cxcy=84.0,119.6 guide=-1.16 atg=4.0/4.0/4.0 pure=-0.80/-0.81 yaw=70 cmd=157 actual=-18 signed=1 rps=3584/4016:3581/3743 duty=8/11
ATGCorner: L=1@9/0@-1 Y=0@-1/0@-1 farL=0@-1/0@-1 Lxy=58.7,95.4:39.2,61.5/-1.0,-1.0:-1.0,-1.0 Yxy=-1.0,-1.0:-1.0,-1.0/-1.0,-1.0:-1.0,-1.0 farLxy=-1.0,-1.0:-1.0,-1.0/-1.0,-1.0:-1.0,-1.0 best=9:58.7,95.4:39.2,61.5:97.8:11111/39:121.8,27.3:97.6,21.8:4.2:10111 seed_src=lpt/none seed=0.0,0.0/0.0,0.0 far_start=70,0 far_raw=0/0 far_num=0/0 straight=0/1 far_straight=0/0 conf_deg=97.8/4.2/0.0/0.0
CrossDiag: type=CROSS_NONE track=1 half_lr=0/0 nearL=1@9/0@-1 nearNum=20/125 centerNum=20/125 farL=0@-1/0@-1 farNum=0/0 farRaw=0/0 lost=0/0 not_have=0 final=125/128 flags=0/0
LineErr: aim=33 cxcy=84.0,119.6 left=1:4.89@79,83 dx=-5.1 idx=0/7 dist=33/84 right=1:-1.40@85,83 dx=1.4 idx=0/13 dist=33/256 sel=1:-1.44@86,83 dx=1.5 idx=0/16 dist=32/254 edge=1:6.80@77.5,88.0 dx=-6.5 width=70.8 l=43,96 r=112,80
CxScan: raw_ref=80.0 edge=77.5,88.0 best_raw_x=65 best_err=0.81 best_cxcy=78.3,119.5 scan=0:-23.9,10:-20.5,20:-16.8,30:-13.1,40:-9.2,50:-5.2,60:-1.2,70:2.8,80:6.8,90:10.7,100:14.5,110:18.2,120:21.7,130:25.1,140:28.2
ATGSeedDiag: seed=1@15,108/1@136,108 begin=7,108 block=5 clip=8
ATGLptDiag: best=9(97.8) imip=0/19 pass=11111 acc=9 ipm=58.7,95.4 inv=39.2,61.5 | 39(4.2) imip=29/49 pass=10111 acc=-1 ipm=121.8,27.3 inv=97.6,21.8
frame=93 line=1 track=1 cross=0 circle=1(CIRCLE_LEFT_BEGIN) round=0 yroad=0 ramp=0 road=7 speed=0 near=19/125 raw=84/105 sel=125/128 far=0/0 far_raw=0/0 l=1@9/0@-1 far_l=0@-1/0@-1 straight=0/1 far_straight=0/0 circle_cnt=0/0/0/0 lost=0/0 conf=101.6/4.1/0.0/0.0 dist=0 m0=(84,119) ml=(85,87) md=32/1/144 cxcy=84.0,119.6 guide=-1.16 atg=4.0/4.0/4.0 pure=-0.80/-0.81 yaw=70 cmd=69 actual=71 signed=1 rps=3706/3894:3809/3866 duty=8/11
ATGCorner: L=1@9/0@-1 Y=0@-1/0@-1 farL=0@-1/0@-1 Lxy=58.7,95.1:39.5,61.1/-1.0,-1.0:-1.0,-1.0 Yxy=-1.0,-1.0:-1.0,-1.0/-1.0,-1.0:-1.0,-1.0 farLxy=-1.0,-1.0:-1.0,-1.0/-1.0,-1.0:-1.0,-1.0 best=9:58.7,95.1:39.5,61.1:101.6:11111/39:121.8,27.3:97.6,21.8:4.1:10111 seed_src=lpt/none seed=0.0,0.0/0.0,0.0 far_start=70,0 far_raw=0/0 far_num=0/0 straight=0/1 far_straight=0/0 conf_deg=101.6/4.1/0.0/0.0
CrossDiag: type=CROSS_NONE track=1 half_lr=0/0 nearL=1@9/0@-1 nearNum=19/125 centerNum=19/125 farL=0@-1/0@-1 farNum=0/0 farRaw=0/0 lost=0/0 not_have=0 final=125/128 flags=0/0
LineErr: aim=33 cxcy=84.0,119.6 left=1:5.69@78,82 dx=-6.1 idx=0/7 dist=33/78 right=1:-1.30@85,83 dx=1.4 idx=0/13 dist=33/258 sel=1:-1.33@85,83 dx=1.4 idx=0/16 dist=32/254 edge=1:6.86@77.5,88.5 dx=-6.5 width=71.1 l=43,97 r=112,80
CxScan: raw_ref=80.0 edge=77.5,88.5 best_raw_x=65 best_err=0.82 best_cxcy=78.3,119.5 scan=0:-24.1,10:-20.6,20:-17.0,30:-13.2,40:-9.3,50:-5.3,60:-1.2,70:2.8,80:6.9,90:10.8,100:14.6,110:18.3,120:21.9,130:25.3,140:28.5
ATGSeedDiag: seed=1@16,107/1@136,108 begin=7,108 block=5 clip=8
ATGLptDiag: best=9(101.6) imip=0/18 pass=11111 acc=9 ipm=58.7,95.1 inv=39.5,61.1 | 39(4.1) imip=29/49 pass=10111 acc=-1 ipm=121.8,27.3 inv=97.6,21.8
frame=94 line=1 track=1 cross=0 circle=1(CIRCLE_LEFT_BEGIN) round=0 yroad=0 ramp=0 road=7 speed=0 near=19/125 raw=80/105 sel=125/128 far=0/0 far_raw=0/0 l=1@8/0@-1 far_l=0@-1/0@-1 straight=0/1 far_straight=0/0 circle_cnt=0/0/0/0 lost=0/0 conf=96.9/4.1/0.0/0.0 dist=0 m0=(84,119) ml=(85,87) md=32/1/144 cxcy=84.0,119.6 guide=-1.16 atg=4.0/4.0/4.0 pure=-0.80/-0.81 yaw=70 cmd=30 actual=109 signed=1 rps=3758/3842:4025/4024 duty=8/10
ATGCorner: L=1@8/0@-1 Y=0@-1/0@-1 farL=0@-1/0@-1 Lxy=58.8,97.4:38.3,64.2/-1.0,-1.0:-1.0,-1.0 Yxy=-1.0,-1.0:-1.0,-1.0/-1.0,-1.0:-1.0,-1.0 farLxy=-1.0,-1.0:-1.0,-1.0/-1.0,-1.0:-1.0,-1.0 best=8:58.8,97.4:38.3,64.2:96.9:11111/39:121.8,27.3:97.6,21.8:4.1:10111 seed_src=lpt/none seed=0.0,0.0/0.0,0.0 far_start=70,0 far_raw=0/0 far_num=0/0 straight=0/1 far_straight=0/0 conf_deg=96.9/4.1/0.0/0.0
CrossDiag: type=CROSS_NONE track=1 half_lr=0/0 nearL=1@8/0@-1 nearNum=19/125 centerNum=19/125 farL=0@-1/0@-1 farNum=0/0 farRaw=0/0 lost=0/0 not_have=0 final=125/128 flags=0/0
LineErr: aim=33 cxcy=84.0,119.6 left=1:6.63@77,81 dx=-7.2 idx=0/7 dist=33/78 right=1:-1.30@85,83 dx=1.3 idx=0/13 dist=33/259 sel=1:-1.33@85,83 dx=1.4 idx=0/16 dist=32/254 edge=1:7.97@76.5,89.0 dx=-7.5 width=73.2 l=41,98 r=112,80
CxScan: raw_ref=80.0 edge=76.5,89.0 best_raw_x=60 best_err=-0.16 best_cxcy=76.4,119.5 scan=0:-23.4,10:-19.9,20:-16.1,30:-12.3,40:-8.3,50:-4.2,60:-0.2,70:3.9,80:8.0,90:11.9,100:15.8,110:19.5,120:23.0,130:26.3,140:29.5
ATGSeedDiag: seed=1@16,107/1@136,108 begin=7,108 block=5 clip=8
ATGLptDiag: best=8(96.9) imip=0/18 pass=11111 acc=8 ipm=58.8,97.4 inv=38.3,64.2 | 39(4.1) imip=29/49 pass=10111 acc=-1 ipm=121.8,27.3 inv=97.6,21.8
frame=95 line=1 track=1 cross=0 circle=1(CIRCLE_LEFT_BEGIN) round=0 yroad=0 ramp=0 road=7 speed=0 near=18/125 raw=81/105 sel=125/127 far=0/0 far_raw=0/0 l=1@9/0@-1 far_l=0@-1/0@-1 straight=0/1 far_straight=0/0 circle_cnt=0/0/0/0 lost=0/0 conf=98.7/3.9/0.0/0.0 dist=0 m0=(84,119) ml=(85,87) md=32/1/141 cxcy=84.0,119.6 guide=-0.82 atg=4.0/4.0/4.0 pure=-0.77/-0.79 yaw=49 cmd=-17 actual=116 signed=1 rps=3824/3776:4195/4072 duty=8/10
ATGCorner: L=1@9/0@-1 Y=0@-1/0@-1 farL=0@-1/0@-1 Lxy=57.2,96.1:36.7,62.4/-1.0,-1.0:-1.0,-1.0 Yxy=-1.0,-1.0:-1.0,-1.0/-1.0,-1.0:-1.0,-1.0 farLxy=-1.0,-1.0:-1.0,-1.0/-1.0,-1.0:-1.0,-1.0 best=9:57.2,96.1:36.7,62.4:98.7:11111/39:121.6,27.2:97.5,21.8:3.9:10111 seed_src=lpt/none seed=0.0,0.0/0.0,0.0 far_start=70,0 far_raw=0/0 far_num=0/0 straight=0/1 far_straight=0/0 conf_deg=98.7/3.9/0.0/0.0
CrossDiag: type=CROSS_NONE track=1 half_lr=0/0 nearL=1@9/0@-1 nearNum=18/125 centerNum=18/125 farL=0@-1/0@-1 farNum=0/0 farRaw=0/0 lost=0/0 not_have=0 final=125/127 flags=0/0
LineErr: aim=33 cxcy=84.0,119.6 left=1:6.71@77,81 dx=-7.3 idx=0/7 dist=33/71 right=1:-1.30@85,83 dx=1.4 idx=0/13 dist=33/255 sel=1:-1.33@85,83 dx=1.4 idx=0/16 dist=32/252 edge=1:7.97@76.5,89.0 dx=-7.5 width=73.2 l=41,98 r=112,80
CxScan: raw_ref=80.0 edge=76.5,89.0 best_raw_x=60 best_err=-0.16 best_cxcy=76.4,119.5 scan=0:-23.4,10:-19.9,20:-16.1,30:-12.3,40:-8.3,50:-4.2,60:-0.2,70:3.9,80:8.0,90:11.9,100:15.8,110:19.5,120:23.0,130:26.3,140:29.5
ATGSeedDiag: seed=1@15,108/1@136,108 begin=7,108 block=5 clip=8
ATGLptDiag: best=9(98.7) imip=0/17 pass=11111 acc=9 ipm=57.2,96.1 inv=36.7,62.4 | 39(3.9) imip=29/49 pass=10111 acc=-1 ipm=121.6,27.2 inv=97.5,21.8
frame=96 line=1 track=1 cross=0 circle=1(CIRCLE_LEFT_BEGIN) round=0 yroad=0 ramp=0 road=7 speed=0 near=18/125 raw=78/104 sel=125/127 far=0/0 far_raw=0/0 l=1@8/0@-1 far_l=0@-1/0@-1 straight=0/1 far_straight=0/0 circle_cnt=0/0/0/0 lost=0/0 conf=98.3/4.6/0.0/0.0 dist=0 m0=(84,119) ml=(85,87) md=32/1/142 cxcy=84.0,119.6 guide=-0.82 atg=4.0/3.0/3.0 pure=-0.76/-0.75 yaw=49 cmd=-18 actual=117 signed=1 rps=3824/3776:3983/3745 duty=8/10
ATGCorner: L=1@8/0@-1 Y=0@-1/0@-1 farL=0@-1/0@-1 Lxy=58.2,97.5:37.3,64.3/-1.0,-1.0:-1.0,-1.0 Yxy=-1.0,-1.0:-1.0,-1.0/-1.0,-1.0:-1.0,-1.0 farLxy=-1.0,-1.0:-1.0,-1.0/-1.0,-1.0:-1.0,-1.0 best=8:58.2,97.5:37.3,64.3:98.3:11111/1:107.9,113.9:130.9,97.2:4.6:10111 seed_src=lpt/none seed=0.0,0.0/0.0,0.0 far_start=70,0 far_raw=0/0 far_num=0/0 straight=0/1 far_straight=0/0 conf_deg=98.3/4.6/0.0/0.0
CrossDiag: type=CROSS_NONE track=1 half_lr=0/0 nearL=1@8/0@-1 nearNum=18/125 centerNum=18/125 farL=0@-1/0@-1 farNum=0/0 farRaw=0/0 lost=0/0 not_have=0 final=125/127 flags=0/0
LineErr: aim=33 cxcy=84.0,119.6 left=1:7.65@76,80 dx=-8.5 idx=0/7 dist=32/71 right=1:-1.28@85,83 dx=1.3 idx=0/13 dist=33/257 sel=1:-1.29@85,83 dx=1.3 idx=0/16 dist=32/252 edge=1:8.49@76.0,89.0 dx=-8.0 width=74.7 l=40,99 r=112,79
CxScan: raw_ref=80.0 edge=76.0,89.0 best_raw_x=60 best_err=0.38 best_cxcy=76.4,119.5 scan=0:-23.0,10:-19.4,20:-15.7,30:-11.8,40:-7.8,50:-3.7,60:0.4,70:4.5,80:8.5,90:12.4,100:16.3,110:19.9,120:23.4,130:26.8,140:29.9
ATGSeedDiag: seed=1@16,107/1@135,107 begin=7,108 block=5 clip=8
ATGLptDiag: best=8(98.3) imip=0/17 pass=11111 acc=8 ipm=58.2,97.5 inv=37.3,64.3 | 1(4.6) imip=0/11 pass=10111 acc=-1 ipm=107.9,113.9 inv=130.9,97.2
frame=97 line=1 track=1 cross=0 circle=1(CIRCLE_LEFT_BEGIN) round=0 yroad=0 ramp=0 road=7 speed=0 near=18/125 raw=79/105 sel=125/127 far=0/0 far_raw=0/0 l=1@8/0@-1 far_l=0@-1/0@-1 straight=0/1 far_straight=0/0 circle_cnt=0/0/0/0 lost=0/0 conf=100.4/3.1/0.0/0.0 dist=0 m0=(84,119) ml=(85,87) md=32/1/141 cxcy=84.0,119.6 guide=-0.65 atg=3.0/3.0/3.0 pure=-0.71/-0.72 yaw=39 cmd=-30 actual=108 signed=1 rps=3841/3759:4067/3688 duty=8/10
ATGCorner: L=1@8/0@-1 Y=0@-1/0@-1 farL=0@-1/0@-1 Lxy=58.5,97.4:37.8,64.2/-1.0,-1.0:-1.0,-1.0 Yxy=-1.0,-1.0:-1.0,-1.0/-1.0,-1.0:-1.0,-1.0 farLxy=-1.0,-1.0:-1.0,-1.0/-1.0,-1.0:-1.0,-1.0 best=8:58.5,97.4:37.8,64.2:100.4:11111/36:119.7,34.0:97.8,23.6:3.1:10111 seed_src=lpt/none seed=0.0,0.0/0.0,0.0 far_start=70,0 far_raw=0/0 far_num=0/0 straight=0/1 far_straight=0/0 conf_deg=100.4/3.1/0.0/0.0
CrossDiag: type=CROSS_NONE track=1 half_lr=0/0 nearL=1@8/0@-1 nearNum=18/125 centerNum=18/125 farL=0@-1/0@-1 farNum=0/0 farRaw=0/0 lost=0/0 not_have=0 final=125/127 flags=0/0
LineErr: aim=33 cxcy=84.0,119.6 left=1:7.75@75,79 dx=-8.6 idx=0/7 dist=32/71 right=1:-0.90@85,83 dx=0.9 idx=0/13 dist=33/258 sel=1:-0.95@85,83 dx=1.0 idx=0/16 dist=32/252 edge=1:8.65@76.0,90.0 dx=-8.0 width=74.7 l=40,100 r=112,80
CxScan: raw_ref=80.0 edge=76.0,90.0 best_raw_x=60 best_err=0.38 best_cxcy=76.4,119.5 scan=0:-23.4,10:-19.7,20:-15.9,30:-12.0,40:-7.9,50:-3.8,60:0.4,70:4.5,80:8.6,90:12.7,100:16.5,110:20.3,120:23.8,130:27.2,140:30.4
ATGSeedDiag: seed=1@16,107/1@135,108 begin=7,108 block=5 clip=8
ATGLptDiag: best=8(100.4) imip=0/17 pass=11111 acc=8 ipm=58.5,97.4 inv=37.8,64.2 | 36(3.1) imip=26/46 pass=10111 acc=-1 ipm=119.7,34.0 inv=97.8,23.6
frame=98 line=1 track=1 cross=0 circle=1(CIRCLE_LEFT_BEGIN) round=0 yroad=0 ramp=0 road=7 speed=0 near=17/125 raw=77/105 sel=125/127 far=0/0 far_raw=0/0 l=1@8/0@-1 far_l=0@-1/0@-1 straight=0/1 far_straight=0/0 circle_cnt=0/0/0/0 lost=0/0 conf=97.9/4.1/0.0/0.0 dist=0 m0=(84,119) ml=(85,87) md=32/1/141 cxcy=84.0,119.6 guide=-0.65 atg=3.0/3.0/3.0 pure=-0.73/-0.75 yaw=39 cmd=-33 actual=112 signed=1 rps=3846/3754:3905/3540 duty=9/11
ATGCorner: L=1@8/0@-1 Y=0@-1/0@-1 farL=0@-1/0@-1 Lxy=57.5,97.9:35.8,65.0/-1.0,-1.0:-1.0,-1.0 Yxy=-1.0,-1.0:-1.0,-1.0/-1.0,-1.0:-1.0,-1.0 farLxy=-1.0,-1.0:-1.0,-1.0/-1.0,-1.0:-1.0,-1.0 best=8:57.5,97.9:35.8,65.0:97.9:11111/37:120.5,31.8:97.7,23.0:4.1:10111 seed_src=lpt/none seed=0.0,0.0/0.0,0.0 far_start=70,0 far_raw=0/0 far_num=0/0 straight=0/1 far_straight=0/0 conf_deg=97.9/4.1/0.0/0.0
CrossDiag: type=CROSS_NONE track=1 half_lr=0/0 nearL=1@8/0@-1 nearNum=17/125 centerNum=17/125 farL=0@-1/0@-1 farNum=0/0 farRaw=0/0 lost=0/0 not_have=0 final=125/127 flags=0/0
LineErr: aim=33 cxcy=84.0,119.6 left=1:8.34@75,78 dx=-9.5 idx=0/8 dist=32/64 right=1:-0.91@85,83 dx=0.9 idx=0/13 dist=33/259 sel=1:-0.95@85,83 dx=1.0 idx=0/16 dist=32/252 edge=1:9.18@75.5,90.0 dx=-8.5 width=75.7 l=39,100 r=112,80
CxScan: raw_ref=80.0 edge=75.5,90.0 best_raw_x=60 best_err=0.93 best_cxcy=76.4,119.5 scan=0:-22.9,10:-19.3,20:-15.4,30:-11.5,40:-7.4,50:-3.2,60:0.9,70:5.1,80:9.2,90:13.2,100:17.0,110:20.7,120:24.3,130:27.6,140:30.8
ATGSeedDiag: seed=1@15,108/1@135,108 begin=7,108 block=5 clip=8
ATGLptDiag: best=8(97.9) imip=0/16 pass=11111 acc=8 ipm=57.5,97.9 inv=35.8,65.0 | 37(4.1) imip=27/47 pass=10111 acc=-1 ipm=120.5,31.8 inv=97.7,23.0
frame=100 line=1 track=1 cross=0 circle=1(CIRCLE_LEFT_BEGIN) round=0 yroad=0 ramp=0 road=7 speed=0 near=17/125 raw=78/105 sel=125/128 far=0/0 far_raw=0/0 l=1@8/0@-1 far_l=0@-1/0@-1 straight=0/1 far_straight=0/0 circle_cnt=0/0/0/0 lost=0/0 conf=99.0/3.9/0.0/0.0 dist=0 m0=(84,119) ml=(85,87) md=32/1/144 cxcy=84.0,119.6 guide=-1.33 atg=4.0/4.0/4.0 pure=-0.81/-0.81 yaw=80 cmd=77 actual=83 signed=1 rps=3694/3906:4028/3868 duty=8/11
ATGCorner: L=1@8/0@-1 Y=0@-1/0@-1 farL=0@-1/0@-1 Lxy=57.3,98.0:35.4,65.1/-1.0,-1.0:-1.0,-1.0 Yxy=-1.0,-1.0:-1.0,-1.0/-1.0,-1.0:-1.0,-1.0 farLxy=-1.0,-1.0:-1.0,-1.0/-1.0,-1.0:-1.0,-1.0 best=8:57.3,98.0:35.4,65.1:99.0:11111/38:121.5,29.5:97.9,22.4:3.9:10111 seed_src=lpt/none seed=0.0,0.0/0.0,0.0 far_start=70,0 far_raw=0/0 far_num=0/0 straight=0/1 far_straight=0/0 conf_deg=99.0/3.9/0.0/0.0
CrossDiag: type=CROSS_NONE track=1 half_lr=0/0 nearL=1@8/0@-1 nearNum=17/125 centerNum=17/125 farL=0@-1/0@-1 farNum=0/0 farRaw=0/0 lost=0/0 not_have=0 final=125/128 flags=0/0
LineErr: aim=33 cxcy=84.0,119.6 left=1:8.95@74,78 dx=-10.2 idx=0/8 dist=33/65 right=1:-1.41@85,83 dx=1.5 idx=0/13 dist=33/257 sel=1:-1.44@86,83 dx=1.5 idx=0/16 dist=32/254 edge=1:9.27@75.5,90.5 dx=-8.5 width=76.0 l=39,101 r=112,80
CxScan: raw_ref=80.0 edge=75.5,90.5 best_raw_x=60 best_err=0.94 best_cxcy=76.4,119.5 scan=0:-23.1,10:-19.4,20:-15.6,30:-11.6,40:-7.5,50:-3.3,60:0.9,70:5.1,80:9.3,90:13.3,100:17.2,110:20.9,120:24.5,130:27.8,140:31.0
ATGSeedDiag: seed=1@15,108/1@136,108 begin=7,108 block=5 clip=8
ATGLptDiag: best=8(99.0) imip=0/16 pass=11111 acc=8 ipm=57.3,98.0 inv=35.4,65.1 | 38(3.9) imip=28/48 pass=10111 acc=-1 ipm=121.5,29.5 inv=97.9,22.4
frame=101 line=1 track=1 cross=0 circle=1(CIRCLE_LEFT_BEGIN) round=0 yroad=0 ramp=0 road=7 speed=0 near=16/125 raw=73/105 sel=125/128 far=0/0 far_raw=0/0 l=1@7/0@-1 far_l=0@-1/0@-1 straight=0/1 far_straight=0/0 circle_cnt=0/0/0/0 lost=0/0 conf=97.8/5.5/0.0/0.0 dist=0 m0=(84,119) ml=(85,87) md=32/1/144 cxcy=84.0,119.6 guide=-1.50 atg=5.0/4.0/4.0 pure=-0.84/-0.81 yaw=90 cmd=121 actual=59 signed=1 rps=3634/3966:3764/3846 duty=8/11
ATGCorner: L=1@7/0@-1 Y=0@-1/0@-1 farL=0@-1/0@-1 Lxy=58.0,99.7:35.4,67.6/-1.0,-1.0:-1.0,-1.0 Yxy=-1.0,-1.0:-1.0,-1.0/-1.0,-1.0:-1.0,-1.0 farLxy=-1.0,-1.0:-1.0,-1.0/-1.0,-1.0:-1.0,-1.0 best=7:58.0,99.7:35.4,67.6:97.8:11111/1:108.2,114.3:132.0,98.1:5.5:10111 seed_src=lpt/none seed=0.0,0.0/0.0,0.0 far_start=70,0 far_raw=0/0 far_num=0/0 straight=0/1 far_straight=0/0 conf_deg=97.8/5.5/0.0/0.0
CrossDiag: type=CROSS_NONE track=1 half_lr=0/0 nearL=1@7/0@-1 nearNum=16/125 centerNum=16/125 farL=0@-1/0@-1 farNum=0/0 farRaw=0/0 lost=0/0 not_have=0 final=125/128 flags=0/0
LineErr: aim=33 cxcy=84.0,119.6 left=1:12.32@70,79 dx=-14.0 idx=0/9 dist=32/58 right=1:-1.68@86,83 dx=1.7 idx=0/13 dist=33/255 sel=1:-1.72@86,83 dx=1.8 idx=0/16 dist=32/254 edge=1:8.81@76.0,91.0 dx=-8.0 width=75.3 l=40,102 r=112,80
CxScan: raw_ref=80.0 edge=76.0,91.0 best_raw_x=60 best_err=0.39 best_cxcy=76.4,119.5 scan=0:-23.8,10:-20.1,20:-16.2,30:-12.2,40:-8.1,50:-3.9,60:0.4,70:4.6,80:8.8,90:12.9,100:16.8,110:20.6,120:24.2,130:27.6,140:30.8
ATGSeedDiag: seed=1@16,107/1@136,108 begin=7,108 block=5 clip=8
ATGLptDiag: best=7(97.8) imip=0/15 pass=11111 acc=7 ipm=58.0,99.7 inv=35.4,67.6 | 1(5.5) imip=0/11 pass=10111 acc=-1 ipm=108.2,114.3 inv=132.0,98.1
frame=102 line=1 track=1 cross=0 circle=1(CIRCLE_LEFT_BEGIN) round=0 yroad=0 ramp=0 road=7 speed=0 near=16/125 raw=75/105 sel=125/128 far=0/0 far_raw=0/0 l=1@7/0@-1 far_l=0@-1/0@-1 straight=0/1 far_straight=0/0 circle_cnt=0/0/0/0 lost=0/0 conf=100.8/5.5/0.0/0.0 dist=0 m0=(84,119) ml=(85,87) md=32/1/144 cxcy=84.0,119.6 guide=-1.50 atg=5.0/4.0/4.0 pure=-0.84/-0.81 yaw=90 cmd=135 actual=45 signed=1 rps=3616/3984:3804/4151 duty=8/11
ATGCorner: L=1@7/0@-1 Y=0@-1/0@-1 farL=0@-1/0@-1 Lxy=58.4,99.9:35.9,68.0/-1.0,-1.0:-1.0,-1.0 Yxy=-1.0,-1.0:-1.0,-1.0/-1.0,-1.0:-1.0,-1.0 farLxy=-1.0,-1.0:-1.0,-1.0/-1.0,-1.0:-1.0,-1.0 best=7:58.4,99.9:35.9,68.0:100.8:11111/1:108.2,114.3:132.0,98.1:5.5:10111 seed_src=lpt/none seed=0.0,0.0/0.0,0.0 far_start=70,0 far_raw=0/0 far_num=0/0 straight=0/1 far_straight=0/0 conf_deg=100.8/5.5/0.0/0.0
CrossDiag: type=CROSS_NONE track=1 half_lr=0/0 nearL=1@7/0@-1 nearNum=16/125 centerNum=16/125 farL=0@-1/0@-1 farNum=0/0 farRaw=0/0 lost=0/0 not_have=0 final=125/128 flags=0/0
LineErr: aim=33 cxcy=84.0,119.6 left=1:12.19@70,79 dx=-13.7 idx=0/9 dist=32/59 right=1:-1.68@86,83 dx=1.7 idx=0/13 dist=33/255 sel=1:-1.72@86,83 dx=1.8 idx=0/16 dist=32/254 edge=1:8.81@76.0,91.0 dx=-8.0 width=75.3 l=40,102 r=112,80
CxScan: raw_ref=80.0 edge=76.0,91.0 best_raw_x=60 best_err=0.39 best_cxcy=76.4,119.5 scan=0:-23.8,10:-20.1,20:-16.2,30:-12.2,40:-8.1,50:-3.9,60:0.4,70:4.6,80:8.8,90:12.9,100:16.8,110:20.6,120:24.2,130:27.6,140:30.8
ATGSeedDiag: seed=1@16,108/1@136,108 begin=7,108 block=5 clip=8
ATGLptDiag: best=7(100.8) imip=0/15 pass=11111 acc=7 ipm=58.4,99.9 inv=35.9,68.0 | 1(5.5) imip=0/11 pass=10111 acc=-1 ipm=108.2,114.3 inv=132.0,98.1
frame=103 line=1 track=1 cross=0 circle=1(CIRCLE_LEFT_BEGIN) round=0 yroad=0 ramp=0 road=7 speed=0 near=15/125 raw=72/105 sel=125/127 far=0/0 far_raw=0/0 l=1@7/0@-1 far_l=0@-1/0@-1 straight=0/1 far_straight=0/0 circle_cnt=0/0/0/0 lost=0/0 conf=96.6/3.7/0.0/0.0 dist=0 m0=(84,119) ml=(85,87) md=32/1/141 cxcy=84.0,119.6 guide=-1.16 atg=4.0/3.0/4.0 pure=-0.78/-0.76 yaw=70 cmd=98 actual=42 signed=1 rps=3666/3934:3584/4110 duty=8/11
ATGCorner: L=1@7/0@-1 Y=0@-1/0@-1 farL=0@-1/0@-1 Lxy=57.2,100.3:33.6,68.6/-1.0,-1.0:-1.0,-1.0 Yxy=-1.0,-1.0:-1.0,-1.0/-1.0,-1.0:-1.0,-1.0 farLxy=-1.0,-1.0:-1.0,-1.0/-1.0,-1.0:-1.0,-1.0 best=7:57.2,100.3:33.6,68.6:96.6:11111/37:121.0,31.8:98.1,23.0:3.7:10111 seed_src=lpt/none seed=0.0,0.0/0.0,0.0 far_start=70,0 far_raw=0/0 far_num=0/0 straight=0/1 far_straight=0/0 conf_deg=96.6/3.7/0.0/0.0
CrossDiag: type=CROSS_NONE track=1 half_lr=0/0 nearL=1@7/0@-1 nearNum=15/125 centerNum=15/125 farL=0@-1/0@-1 farNum=0/0 farRaw=0/0 lost=0/0 not_have=0 final=125/127 flags=0/0
LineErr: aim=33 cxcy=84.0,119.6 left=1:15.45@67,81 dx=-17.2 idx=0/10 dist=32/52 right=1:-1.30@85,83 dx=1.3 idx=0/13 dist=33/261 sel=1:-1.33@85,83 dx=1.4 idx=0/16 dist=32/252 edge=1:8.35@76.5,91.5 dx=-7.5 width=74.6 l=41,103 r=112,80
CxScan: raw_ref=80.0 edge=76.5,91.5 best_raw_x=60 best_err=-0.16 best_cxcy=76.4,119.5 scan=0:-24.5,10:-20.8,20:-16.9,30:-12.9,40:-8.7,50:-4.5,60:-0.2,70:4.1,80:8.4,90:12.5,100:16.5,110:20.3,120:24.0,130:27.4,140:30.7
ATGSeedDiag: seed=1@16,108/1@136,108 begin=7,108 block=5 clip=8
ATGLptDiag: best=7(96.6) imip=0/14 pass=11111 acc=7 ipm=57.2,100.3 inv=33.6,68.6 | 37(3.7) imip=27/47 pass=10111 acc=-1 ipm=121.0,31.8 inv=98.1,23.0
frame=104 line=1 track=1 cross=0 circle=1(CIRCLE_LEFT_BEGIN) round=0 yroad=0 ramp=0 road=7 speed=0 near=15/125 raw=72/105 sel=125/127 far=0/0 far_raw=0/0 l=1@6/0@-1 far_l=0@-1/0@-1 straight=0/1 far_straight=0/0 circle_cnt=0/0/0/0 lost=0/0 conf=96.9/4.8/0.0/0.0 dist=0 m0=(84,119) ml=(85,87) md=32/1/141 cxcy=84.0,119.6 guide=-0.99 atg=4.0/3.0/3.0 pure=-0.75/-0.75 yaw=59 cmd=72 actual=47 signed=1 rps=3702/3898:3715/4313 duty=8/10
ATGCorner: L=1@6/0@-1 Y=0@-1/0@-1 farL=0@-1/0@-1 Lxy=58.5,102.2:34.4,71.7/-1.0,-1.0:-1.0,-1.0 Yxy=-1.0,-1.0:-1.0,-1.0/-1.0,-1.0:-1.0,-1.0 farLxy=-1.0,-1.0:-1.0,-1.0/-1.0,-1.0:-1.0,-1.0 best=6:58.5,102.2:34.4,71.7:96.9:11111/1:108.1,114.2:131.8,98.0:4.8:10111 seed_src=lpt/none seed=0.0,0.0/0.0,0.0 far_start=70,0 far_raw=0/0 far_num=0/0 straight=0/1 far_straight=0/0 conf_deg=96.9/4.8/0.0/0.0
CrossDiag: type=CROSS_NONE track=1 half_lr=0/0 nearL=1@6/0@-1 nearNum=15/125 centerNum=15/125 farL=0@-1/0@-1 farNum=0/0 farRaw=0/0 lost=0/0 not_have=0 final=125/127 flags=0/0
LineErr: aim=33 cxcy=84.0,119.6 left=1:16.37@66,81 dx=-18.2 idx=0/10 dist=31/50 right=1:-1.28@85,84 dx=1.3 idx=0/13 dist=33/257 sel=1:-1.33@85,83 dx=1.4 idx=0/16 dist=32/252 edge=1:8.35@76.5,91.5 dx=-7.5 width=74.6 l=41,103 r=112,80
CxScan: raw_ref=80.0 edge=76.5,91.5 best_raw_x=60 best_err=-0.16 best_cxcy=76.4,119.5 scan=0:-24.5,10:-20.8,20:-16.9,30:-12.9,40:-8.7,50:-4.5,60:-0.2,70:4.1,80:8.4,90:12.5,100:16.5,110:20.3,120:24.0,130:27.4,140:30.7
ATGSeedDiag: seed=1@16,108/1@136,108 begin=7,108 block=5 clip=8
ATGLptDiag: best=6(96.9) imip=0/14 pass=11111 acc=6 ipm=58.5,102.2 inv=34.4,71.7 | 1(4.8) imip=0/11 pass=10111 acc=-1 ipm=108.1,114.2 inv=131.8,98.0
frame=106 line=1 track=1 cross=0 circle=1(CIRCLE_LEFT_BEGIN) round=0 yroad=0 ramp=0 road=7 speed=0 near=14/125 raw=68/105 sel=125/127 far=0/0 far_raw=0/0 l=1@6/0@-1 far_l=0@-1/0@-1 straight=0/1 far_straight=0/0 circle_cnt=0/0/0/0 lost=0/0 conf=97.4/4.1/0.0/0.0 dist=0 m0=(84,119) ml=(85,87) md=32/1/141 cxcy=84.0,119.6 guide=-0.99 atg=4.0/3.0/3.0 pure=-0.76/-0.75 yaw=59 cmd=67 actual=52 signed=1 rps=3708/3892:3821/4203 duty=8/10
ATGCorner: L=1@6/0@-1 Y=0@-1/0@-1 farL=0@-1/0@-1 Lxy=58.0,102.3:33.5,71.8/-1.0,-1.0:-1.0,-1.0 Yxy=-1.0,-1.0:-1.0,-1.0/-1.0,-1.0:-1.0,-1.0 farLxy=-1.0,-1.0:-1.0,-1.0/-1.0,-1.0:-1.0,-1.0 best=6:58.0,102.3:33.5,71.8:97.4:11111/2:108.5,112.0:129.0,91.6:4.1:10111 seed_src=lpt/none seed=0.0,0.0/0.0,0.0 far_start=70,0 far_raw=0/0 far_num=0/0 straight=0/1 far_straight=0/0 conf_deg=97.4/4.1/0.0/0.0
CrossDiag: type=CROSS_NONE track=1 half_lr=0/0 nearL=1@6/0@-1 nearNum=14/125 centerNum=14/125 farL=0@-1/0@-1 farNum=0/0 farRaw=0/0 lost=0/0 not_have=0 final=125/127 flags=0/0
LineErr: aim=33 cxcy=84.0,119.6 left=1:20.75@61,81 dx=-23.3 idx=0/11 dist=33/43 right=1:-1.23@85,83 dx=1.3 idx=0/13 dist=33/256 sel=1:-1.29@85,83 dx=1.4 idx=0/16 dist=32/252 edge=1:7.88@77.0,92.0 dx=-7.0 width=74.0 l=42,104 r=112,80
CxScan: raw_ref=80.0 edge=77.0,92.0 best_raw_x=60 best_err=-0.73 best_cxcy=76.4,119.5 scan=0:-25.1,10:-21.4,20:-17.6,30:-13.5,40:-9.3,50:-5.1,60:-0.7,70:3.6,80:7.9,90:12.1,100:16.1,110:20.0,120:23.7,130:27.2,140:30.5
ATGSeedDiag: seed=1@16,108/1@136,108 begin=7,108 block=5 clip=8
ATGLptDiag: best=6(97.4) imip=0/13 pass=11111 acc=6 ipm=58.0,102.3 inv=33.5,71.8 | 2(4.1) imip=0/12 pass=10111 acc=-1 ipm=108.5,112.0 inv=129.0,91.6
frame=107 line=1 track=1 cross=0 circle=1(CIRCLE_LEFT_BEGIN) round=0 yroad=0 ramp=0 road=7 speed=0 near=13/125 raw=66/105 sel=125/127 far=0/0 far_raw=0/0 l=1@6/0@-1 far_l=0@-1/0@-1 straight=0/1 far_straight=0/0 circle_cnt=0/0/0/0 lost=0/0 conf=95.8/5.9/0.0/0.0 dist=0 m0=(84,119) ml=(85,87) md=32/1/142 cxcy=84.0,119.6 guide=-1.16 atg=4.0/3.0/3.0 pure=-0.76/-0.75 yaw=69 cmd=103 actual=36 signed=1 rps=3659/3941:3769/4000 duty=8/11
ATGCorner: L=1@6/0@-1 Y=0@-1/0@-1 farL=0@-1/0@-1 Lxy=57.3,102.5:32.1,72.2/-1.0,-1.0:-1.0,-1.0 Yxy=-1.0,-1.0:-1.0,-1.0/-1.0,-1.0:-1.0,-1.0 farLxy=-1.0,-1.0:-1.0,-1.0/-1.0,-1.0:-1.0,-1.0 best=6:57.3,102.5:32.1,72.2:95.8:11111/1:108.2,114.3:132.0,98.1:5.9:10111 seed_src=lpt/none seed=0.0,0.0/0.0,0.0 far_start=70,0 far_raw=0/0 far_num=0/0 straight=0/1 far_straight=0/0 conf_deg=95.8/5.9/0.0/0.0
CrossDiag: type=CROSS_NONE track=1 half_lr=0/0 nearL=1@6/0@-1 nearNum=13/125 centerNum=13/125 farL=0@-1/0@-1 farNum=0/0 farRaw=0/0 lost=0/0 not_have=0 final=125/127 flags=0/0
LineErr: aim=33 cxcy=84.0,119.6 left=1:21.17@61,82 dx=-23.5 idx=0/11 dist=31/36 right=1:-1.28@85,83 dx=1.3 idx=0/13 dist=33/258 sel=1:-1.33@85,83 dx=1.4 idx=0/16 dist=32/252 edge=1:6.77@78.0,92.0 dx=-6.0 width=72.1 l=44,104 r=112,80
CxScan: raw_ref=80.0 edge=78.0,92.0 best_raw_x=65 best_err=0.31 best_cxcy=78.3,119.5 scan=0:-26.1,10:-22.4,20:-18.6,30:-14.6,40:-10.4,50:-6.2,60:-1.9,70:2.5,80:6.8,90:11.0,100:15.1,110:19.0,120:22.8,130:26.3,140:29.7
ATGSeedDiag: seed=1@16,108/1@136,108 begin=7,108 block=5 clip=8
ATGLptDiag: best=6(95.8) imip=0/12 pass=11111 acc=6 ipm=57.3,102.5 inv=32.1,72.2 | 1(5.9) imip=0/11 pass=10111 acc=-1 ipm=108.2,114.3 inv=132.0,98.1
frame=108 line=1 track=1 cross=0 circle=1(CIRCLE_LEFT_BEGIN) round=0 yroad=0 ramp=0 road=7 speed=0 near=13/125 raw=65/105 sel=125/127 far=0/0 far_raw=0/0 l=1@6/0@-1 far_l=0@-1/0@-1 straight=0/1 far_straight=0/0 circle_cnt=0/0/0/0 lost=0/0 conf=95.0/4.5/0.0/0.0 dist=0 m0=(84,119) ml=(85,87) md=32/1/142 cxcy=84.0,119.6 guide=-1.16 atg=4.0/3.0/3.0 pure=-0.81/-0.75 yaw=69 cmd=118 actual=20 signed=1 rps=3638/3962:4097/4167 duty=8/11
ATGCorner: L=1@6/0@-1 Y=0@-1/0@-1 farL=0@-1/0@-1 Lxy=56.8,102.8:31.0,72.8/-1.0,-1.0:-1.0,-1.0 Yxy=-1.0,-1.0:-1.0,-1.0/-1.0,-1.0:-1.0,-1.0 farLxy=-1.0,-1.0:-1.0,-1.0/-1.0,-1.0:-1.0,-1.0 best=6:56.8,102.8:31.0,72.8:95.0:11111/35:120.2,36.3:98.6,24.3:4.5:10111 seed_src=lpt/none seed=0.0,0.0/0.0,0.0 far_start=70,0 far_raw=0/0 far_num=0/0 straight=0/1 far_straight=0/0 conf_deg=95.0/4.5/0.0/0.0
CrossDiag: type=CROSS_NONE track=1 half_lr=0/0 nearL=1@6/0@-1 nearNum=13/125 centerNum=13/125 farL=0@-1/0@-1 farNum=0/0 farRaw=0/0 lost=0/0 not_have=0 final=125/127 flags=0/0
LineErr: aim=33 cxcy=84.0,119.6 left=1:26.16@54,81 dx=-30.3 idx=0/12 dist=35/35 right=1:-1.29@85,83 dx=1.3 idx=0/13 dist=32/257 sel=1:-1.34@85,83 dx=1.4 idx=0/16 dist=32/252 edge=1:7.40@77.5,92.5 dx=-6.5 width=73.4 l=43,105 r=112,80
CxScan: raw_ref=80.0 edge=77.5,92.5 best_raw_x=65 best_err=0.88 best_cxcy=78.3,119.5 scan=0:-25.8,10:-22.1,20:-18.2,30:-14.2,40:-10.0,50:-5.7,60:-1.3,70:3.1,80:7.4,90:11.6,100:15.7,110:19.7,120:23.4,130:27.0,140:30.3
ATGSeedDiag: seed=1@16,108/1@136,108 begin=7,108 block=5 clip=8
ATGLptDiag: best=6(95.0) imip=0/12 pass=11111 acc=6 ipm=56.8,102.8 inv=31.0,72.8 | 35(4.5) imip=25/45 pass=10111 acc=-1 ipm=120.2,36.3 inv=98.6,24.3
frame=109 line=1 track=1 cross=0 circle=1(CIRCLE_LEFT_BEGIN) round=0 yroad=0 ramp=0 road=7 speed=0 near=13/125 raw=66/104 sel=125/127 far=0/0 far_raw=0/0 l=1@5/0@-1 far_l=0@-1/0@-1 straight=0/1 far_straight=0/0 circle_cnt=0/0/0/0 lost=0/0 conf=96.1/5.0/0.0/0.0 dist=0 m0=(84,119) ml=(85,87) md=32/1/142 cxcy=84.0,119.6 guide=-1.16 atg=4.0/3.0/3.0 pure=-0.81/-0.75 yaw=69 cmd=131 actual=7 signed=1 rps=3620/3980:4307/4220 duty=7/11
ATGCorner: L=1@5/0@-1 Y=0@-1/0@-1 farL=0@-1/0@-1 Lxy=58.3,104.5:32.1,75.9/-1.0,-1.0:-1.0,-1.0 Yxy=-1.0,-1.0:-1.0,-1.0/-1.0,-1.0:-1.0,-1.0 farLxy=-1.0,-1.0:-1.0,-1.0/-1.0,-1.0:-1.0,-1.0 best=5:58.3,104.5:32.1,75.9:96.1:11111/1:108.3,114.0:131.8,97.2:5.0:10111 seed_src=lpt/none seed=0.0,0.0/0.0,0.0 far_start=70,0 far_raw=0/0 far_num=0/0 straight=0/1 far_straight=0/0 conf_deg=96.1/5.0/0.0/0.0
CrossDiag: type=CROSS_NONE track=1 half_lr=0/0 nearL=1@5/0@-1 nearNum=13/125 centerNum=13/125 farL=0@-1/0@-1 farNum=0/0 farRaw=0/0 lost=0/0 not_have=0 final=125/127 flags=0/0
LineErr: aim=33 cxcy=84.0,119.6 left=1:23.49@58,82 dx=-26.2 idx=0/11 dist=30/36 right=1:-1.31@85,83 dx=1.4 idx=0/13 dist=33/258 sel=1:-1.34@85,83 dx=1.4 idx=0/16 dist=32/252 edge=1:7.33@77.5,92.0 dx=-6.5 width=73.7 l=43,105 r=112,79
CxScan: raw_ref=80.0 edge=77.5,92.0 best_raw_x=65 best_err=0.87 best_cxcy=78.3,119.5 scan=0:-25.6,10:-21.9,20:-18.1,30:-14.1,40:-9.9,50:-5.6,60:-1.3,70:3.0,80:7.3,90:11.5,100:15.6,110:19.5,120:23.2,130:26.8,140:30.1
ATGSeedDiag: seed=1@16,108/1@136,107 begin=7,108 block=5 clip=8
ATGLptDiag: best=5(96.1) imip=0/12 pass=11111 acc=5 ipm=58.3,104.5 inv=32.1,75.9 | 1(5.0) imip=0/11 pass=10111 acc=-1 ipm=108.3,114.0 inv=131.8,97.2
frame=110 line=1 track=1 cross=0 circle=1(CIRCLE_LEFT_BEGIN) round=0 yroad=0 ramp=0 road=7 speed=0 near=12/125 raw=62/105 sel=125/127 far=0/0 far_raw=0/0 l=1@5/0@-1 far_l=0@-1/0@-1 straight=0/1 far_straight=0/0 circle_cnt=0/0/0/0 lost=0/0 conf=96.6/3.7/0.0/0.0 dist=0 m0=(84,119) ml=(85,87) md=32/1/142 cxcy=84.0,119.6 guide=-1.16 atg=4.0/3.0/3.0 pure=-0.81/-0.75 yaw=69 cmd=148 actual=-9 signed=1 rps=3598/4002:4134/3954 duty=7/11
ATGCorner: L=1@5/0@-1 Y=0@-1/0@-1 farL=0@-1/0@-1 Lxy=58.0,104.6:31.5,75.9/-1.0,-1.0:-1.0,-1.0 Yxy=-1.0,-1.0:-1.0,-1.0/-1.0,-1.0:-1.0,-1.0 farLxy=-1.0,-1.0:-1.0,-1.0/-1.0,-1.0:-1.0,-1.0 best=5:58.0,104.6:31.5,75.9:96.6:11111/35:119.9,36.3:98.4,24.3:3.7:10111 seed_src=lpt/none seed=0.0,0.0/0.0,0.0 far_start=70,0 far_raw=0/0 far_num=0/0 straight=0/1 far_straight=0/0 conf_deg=96.6/3.7/0.0/0.0
CrossDiag: type=CROSS_NONE track=1 half_lr=0/0 nearL=1@5/0@-1 nearNum=12/125 centerNum=12/125 farL=0@-1/0@-1 farNum=0/0 farRaw=0/0 lost=0/0 not_have=0 final=125/127 flags=0/0
LineErr: aim=33 cxcy=84.0,119.6 left=1:24.01@58,83 dx=-26.4 idx=0/11 dist=28/28 right=1:-1.29@85,83 dx=1.3 idx=0/13 dist=32/255 sel=1:-1.34@85,83 dx=1.4 idx=0/16 dist=32/252 edge=1:6.90@78.0,93.0 dx=-6.0 width=72.8 l=44,106 r=112,80
CxScan: raw_ref=80.0 edge=78.0,93.0 best_raw_x=65 best_err=0.31 best_cxcy=78.3,119.5 scan=0:-26.5,10:-22.8,20:-18.9,30:-14.9,40:-10.6,50:-6.3,60:-1.9,70:2.5,80:6.9,90:11.2,100:15.4,110:19.4,120:23.2,130:26.8,140:30.1
ATGSeedDiag: seed=1@16,108/1@137,108 begin=7,108 block=5 clip=8
ATGLptDiag: best=5(96.6) imip=0/11 pass=11111 acc=5 ipm=58.0,104.6 inv=31.5,75.9 | 35(3.7) imip=25/45 pass=10111 acc=-1 ipm=119.9,36.3 inv=98.4,24.3
frame=111 line=1 track=1 cross=0 circle=1(CIRCLE_LEFT_BEGIN) round=0 yroad=0 ramp=0 road=7 speed=0 near=12/125 raw=65/105 sel=125/127 far=0/0 far_raw=0/0 l=1@5/0@-1 far_l=0@-1/0@-1 straight=0/1 far_straight=0/0 circle_cnt=0/0/0/0 lost=0/0 conf=101.1/3.8/0.0/0.0 dist=0 m0=(84,119) ml=(85,87) md=32/1/141 cxcy=84.0,119.6 guide=-1.16 atg=4.0/3.0/3.0 pure=-0.81/-0.74 yaw=69 cmd=159 actual=-20 signed=1 rps=3582/4018:4325/3991 duty=7/11
ATGCorner: L=1@5/0@-1 Y=0@-1/0@-1 farL=0@-1/0@-1 Lxy=58.6,104.6:32.6,75.9/-1.0,-1.0:-1.0,-1.0 Yxy=-1.0,-1.0:-1.0,-1.0/-1.0,-1.0:-1.0,-1.0 farLxy=-1.0,-1.0:-1.0,-1.0/-1.0,-1.0:-1.0,-1.0 best=5:58.6,104.6:32.6,75.9:101.1:11111/34:119.6,38.6:98.7,25.0:3.8:10111 seed_src=lpt/none seed=0.0,0.0/0.0,0.0 far_start=70,0 far_raw=0/0 far_num=0/0 straight=0/1 far_straight=0/0 conf_deg=101.1/3.8/0.0/0.0
CrossDiag: type=CROSS_NONE track=1 half_lr=0/0 nearL=1@5/0@-1 nearNum=12/125 centerNum=12/125 farL=0@-1/0@-1 farNum=0/0 farRaw=0/0 lost=0/0 not_have=0 final=125/127 flags=0/0
LineErr: aim=33 cxcy=84.0,119.6 left=1:23.87@58,84 dx=-26.1 idx=0/11 dist=28/28 right=1:-1.29@85,83 dx=1.3 idx=0/13 dist=32/255 sel=1:-1.34@85,83 dx=1.4 idx=0/16 dist=32/252 edge=1:6.34@78.5,93.0 dx=-5.5 width=71.9 l=45,106 r=112,80
CxScan: raw_ref=80.0 edge=78.5,93.0 best_raw_x=65 best_err=-0.26 best_cxcy=78.3,119.5 scan=0:-27.0,10:-23.3,20:-19.5,30:-15.4,40:-11.2,50:-6.9,60:-2.5,70:1.9,80:6.3,90:10.6,100:14.8,110:18.9,120:22.7,130:26.3,140:29.7
ATGSeedDiag: seed=1@16,108/1@137,108 begin=7,108 block=5 clip=8
ATGLptDiag: best=5(101.1) imip=0/11 pass=11111 acc=5 ipm=58.6,104.6 inv=32.6,75.9 | 34(3.8) imip=24/44 pass=10111 acc=-1 ipm=119.6,38.6 inv=98.7,25.0
frame=112 line=1 track=1 cross=0 circle=1(CIRCLE_LEFT_BEGIN) round=0 yroad=0 ramp=0 road=7 speed=0 near=11/125 raw=58/105 sel=125/127 far=0/0 far_raw=0/0 l=1@4/0@-1 far_l=0@-1/0@-1 straight=0/1 far_straight=0/0 circle_cnt=0/0/0/0 lost=0/0 conf=93.3/5.7/0.0/0.0 dist=0 m0=(84,119) ml=(85,87) md=32/1/141 cxcy=84.0,119.6 guide=-1.16 atg=4.0/3.0/3.0 pure=-0.83/-0.74 yaw=69 cmd=159 actual=-21 signed=1 rps=3581/4019:4102/3678 duty=7/11
ATGCorner: L=1@4/0@-1 Y=0@-1/0@-1 farL=0@-1/0@-1 Lxy=58.3,106.6:30.2,79.9/-1.0,-1.0:-1.0,-1.0 Yxy=-1.0,-1.0:-1.0,-1.0/-1.0,-1.0:-1.0,-1.0 farLxy=-1.0,-1.0:-1.0,-1.0/-1.0,-1.0:-1.0,-1.0 best=4:58.3,106.6:30.2,79.9:93.3:11111/1:108.5,114.3:132.7,98.1:5.7:10111 seed_src=lpt/none seed=0.0,0.0/0.0,0.0 far_start=70,0 far_raw=0/0 far_num=0/0 straight=0/1 far_straight=0/0 conf_deg=93.3/5.7/0.0/0.0
CrossDiag: type=CROSS_NONE track=1 half_lr=0/0 nearL=1@4/0@-1 nearNum=11/125 centerNum=11/125 farL=0@-1/0@-1 farNum=0/0 farRaw=0/0 lost=0/0 not_have=0 final=125/127 flags=0/0
LineErr: aim=33 cxcy=84.0,119.6 left=1:22.45@60,86 dx=-23.6 idx=0/10 dist=20/20 right=1:-1.29@85,83 dx=1.3 idx=0/13 dist=32/256 sel=1:-1.34@85,83 dx=1.4 idx=0/16 dist=32/252 edge=1:6.40@78.5,93.5 dx=-5.5 width=72.2 l=45,107 r=112,80
CxScan: raw_ref=80.0 edge=78.5,93.5 best_raw_x=65 best_err=-0.26 best_cxcy=78.3,119.5 scan=0:-27.2,10:-23.5,20:-19.6,30:-15.6,40:-11.3,50:-6.9,60:-2.5,70:2.0,80:6.4,90:10.8,100:15.0,110:19.0,120:22.9,130:26.5,140:30.0
ATGSeedDiag: seed=1@17,107/1@137,108 begin=7,108 block=5 clip=8
ATGLptDiag: best=4(93.3) imip=0/10 pass=11111 acc=4 ipm=58.3,106.6 inv=30.2,79.9 | 1(5.7) imip=0/11 pass=10111 acc=-1 ipm=108.5,114.3 inv=132.7,98.1
frame=113 line=1 track=1 cross=0 circle=1(CIRCLE_LEFT_BEGIN) round=0 yroad=0 ramp=0 road=7 speed=0 near=11/125 raw=58/105 sel=125/127 far=0/0 far_raw=0/0 l=1@4/0@-1 far_l=0@-1/0@-1 straight=0/1 far_straight=0/0 circle_cnt=0/0/0/0 lost=0/0 conf=93.6/3.8/0.0/0.0 dist=0 m0=(84,119) ml=(85,87) md=32/1/141 cxcy=84.0,119.6 guide=-1.16 atg=4.0/3.0/3.0 pure=-0.83/-0.74 yaw=69 cmd=145 actual=-6 signed=1 rps=3601/3999:4218/3777 duty=7/11
ATGCorner: L=1@4/0@-1 Y=0@-1/0@-1 farL=0@-1/0@-1 Lxy=58.4,106.9:30.1,80.5/-1.0,-1.0:-1.0,-1.0 Yxy=-1.0,-1.0:-1.0,-1.0/-1.0,-1.0:-1.0,-1.0 farLxy=-1.0,-1.0:-1.0,-1.0/-1.0,-1.0:-1.0,-1.0 best=4:58.4,106.9:30.1,80.5:93.6:11111/1:108.5,114.2:132.6,98.0:3.8:10111 seed_src=lpt/none seed=0.0,0.0/0.0,0.0 far_start=70,0 far_raw=0/0 far_num=0/0 straight=0/1 far_straight=0/0 conf_deg=93.6/3.8/0.0/0.0
CrossDiag: type=CROSS_NONE track=1 half_lr=0/0 nearL=1@4/0@-1 nearNum=11/125 centerNum=11/125 farL=0@-1/0@-1 farNum=0/0 farRaw=0/0 lost=0/0 not_have=0 final=125/127 flags=0/0
LineErr: aim=33 cxcy=84.0,119.6 left=1:23.04@60,86 dx=-24.3 idx=0/10 dist=20/20 right=1:-1.29@85,83 dx=1.3 idx=0/13 dist=32/257 sel=1:-1.37@85,83 dx=1.4 idx=0/16 dist=32/252 edge=1:6.40@78.5,93.5 dx=-5.5 width=72.2 l=45,107 r=112,80
CxScan: raw_ref=80.0 edge=78.5,93.5 best_raw_x=65 best_err=-0.26 best_cxcy=78.3,119.5 scan=0:-27.2,10:-23.5,20:-19.6,30:-15.6,40:-11.3,50:-6.9,60:-2.5,70:2.0,80:6.4,90:10.8,100:15.0,110:19.0,120:22.9,130:26.5,140:30.0
ATGSeedDiag: seed=1@17,108/1@137,108 begin=7,108 block=5 clip=8
ATGLptDiag: best=4(93.6) imip=0/10 pass=11111 acc=4 ipm=58.4,106.9 inv=30.1,80.5 | 1(3.8) imip=0/11 pass=10111 acc=-1 ipm=108.5,114.2 inv=132.6,98.0
frame=115 line=1 track=1 cross=0 circle=1(CIRCLE_LEFT_BEGIN) round=0 yroad=0 ramp=0 road=7 speed=0 near=10/125 raw=58/105 sel=125/127 far=0/0 far_raw=0/0 l=1@4/0@-1 far_l=0@-1/0@-1 straight=0/1 far_straight=0/0 circle_cnt=0/0/0/0 lost=0/0 conf=99.9/5.2/0.0/0.0 dist=0 m0=(84,119) ml=(85,87) md=32/1/142 cxcy=84.0,119.6 guide=-1.50 atg=5.0/3.0/4.0 pure=-0.87/-0.74 yaw=90 cmd=139 actual=40 signed=1 rps=3609/3991:3954/3767 duty=8/11
ATGCorner: L=1@4/0@-1 Y=0@-1/0@-1 farL=0@-1/0@-1 Lxy=58.4,106.6:30.4,79.9/-1.0,-1.0:-1.0,-1.0 Yxy=-1.0,-1.0:-1.0,-1.0/-1.0,-1.0:-1.0,-1.0 farLxy=-1.0,-1.0:-1.0,-1.0/-1.0,-1.0:-1.0,-1.0 best=4:58.4,106.6:30.4,79.9:99.9:11111/1:108.5,114.3:132.8,98.1:5.2:10111 seed_src=lpt/none seed=0.0,0.0/0.0,0.0 far_start=70,0 far_raw=0/0 far_num=0/0 straight=0/1 far_straight=0/0 conf_deg=99.9/5.2/0.0/0.0
CrossDiag: type=CROSS_NONE track=1 half_lr=0/0 nearL=1@4/0@-1 nearNum=10/125 centerNum=10/125 farL=0@-1/0@-1 farNum=0/0 farRaw=0/0 lost=0/0 not_have=0 final=125/127 flags=0/0
LineErr: aim=33 cxcy=84.0,119.6 left=1:21.28@62,87 dx=-21.8 idx=0/9 dist=18/18 right=1:-1.67@86,83 dx=1.7 idx=0/13 dist=33/258 sel=1:-1.72@86,83 dx=1.8 idx=0/16 dist=32/252 edge=1:4.72@80.0,94.0 dx=-4.0 width=71.7 l=47,108 r=113,80
CxScan: raw_ref=80.0 edge=80.0,94.0 best_raw_x=70 best_err=0.22 best_cxcy=80.2,119.5 scan=0:-28.8,10:-25.2,20:-21.4,30:-17.3,40:-13.1,50:-8.7,60:-4.3,70:0.2,80:4.7,90:9.2,100:13.5,110:17.6,120:21.6,130:25.4,140:28.9
ATGSeedDiag: seed=1@17,107/1@137,108 begin=7,108 block=5 clip=8
ATGLptDiag: best=4(99.9) imip=0/9 pass=11111 acc=4 ipm=58.4,106.6 inv=30.4,79.9 | 1(5.2) imip=0/11 pass=10111 acc=-1 ipm=108.5,114.3 inv=132.8,98.1
frame=116 line=1 track=1 cross=0 circle=1(CIRCLE_LEFT_BEGIN) round=0 yroad=0 ramp=0 road=7 speed=0 near=10/125 raw=54/105 sel=125/127 far=0/0 far_raw=0/0 l=1@4/0@-1 far_l=0@-1/0@-1 straight=0/1 far_straight=0/0 circle_cnt=0/0/0/0 lost=0/0 conf=92.4/5.2/0.0/0.0 dist=0 m0=(84,119) ml=(85,87) md=32/1/141 cxcy=84.0,119.6 guide=-1.50 atg=5.0/3.0/3.0 pure=-0.87/-0.74 yaw=90 cmd=113 actual=67 signed=1 rps=3645/3955:3930/4035 duty=8/11
ATGCorner: L=1@4/0@-1 Y=0@-1/0@-1 farL=0@-1/0@-1 Lxy=57.2,107.1:27.6,81.0/-1.0,-1.0:-1.0,-1.0 Yxy=-1.0,-1.0:-1.0,-1.0/-1.0,-1.0:-1.0,-1.0 farLxy=-1.0,-1.0:-1.0,-1.0/-1.0,-1.0:-1.0,-1.0 best=4:57.2,107.1:27.6,81.0:92.4:11111/1:108.5,114.3:132.8,98.1:5.2:10111 seed_src=lpt/none seed=0.0,0.0/0.0,0.0 far_start=70,0 far_raw=0/0 far_num=0/0 straight=0/1 far_straight=0/0 conf_deg=92.4/5.2/0.0/0.0
CrossDiag: type=CROSS_NONE track=1 half_lr=0/0 nearL=1@4/0@-1 nearNum=10/125 centerNum=10/125 farL=0@-1/0@-1 farNum=0/0 farRaw=0/0 lost=0/0 not_have=0 final=125/127 flags=0/0
LineErr: aim=33 cxcy=84.0,119.6 left=1:23.75@59,86 dx=-24.8 idx=0/9 dist=18/18 right=1:-1.67@86,83 dx=1.7 idx=0/13 dist=33/258 sel=1:-1.72@86,83 dx=1.8 idx=0/16 dist=32/252 edge=1:5.95@79.0,94.5 dx=-5.0 width=72.1 l=46,109 r=112,80
CxScan: raw_ref=80.0 edge=79.0,94.5 best_raw_x=65 best_err=-0.86 best_cxcy=78.3,119.5 scan=0:-28.2,10:-24.5,20:-20.5,30:-16.4,40:-12.1,50:-7.7,60:-3.1,70:1.4,80:5.9,90:10.4,100:14.7,110:18.9,120:22.8,130:26.5,140:30.0
ATGSeedDiag: seed=1@17,108/1@137,108 begin=7,108 block=5 clip=8
ATGLptDiag: best=4(92.4) imip=0/9 pass=11111 acc=4 ipm=57.2,107.1 inv=27.6,81.0 | 1(5.2) imip=0/11 pass=10111 acc=-1 ipm=108.5,114.3 inv=132.8,98.1
frame=117 line=1 track=1 cross=0 circle=1(CIRCLE_LEFT_BEGIN) round=0 yroad=0 ramp=0 road=7 speed=0 near=9/125 raw=53/105 sel=125/127 far=0/0 far_raw=0/0 l=1@3/0@-1 far_l=0@-1/0@-1 straight=0/1 far_straight=0/0 circle_cnt=0/0/0/0 lost=0/0 conf=89.2/5.2/0.0/0.0 dist=0 m0=(84,119) ml=(85,87) md=32/1/141 cxcy=84.0,119.6 guide=-1.50 atg=5.0/3.0/3.0 pure=-0.87/-0.74 yaw=90 cmd=91 actual=88 signed=1 rps=3675/3925:3715/4079 duty=8/11
ATGCorner: L=1@3/0@-1 Y=0@-1/0@-1 farL=0@-1/0@-1 Lxy=58.1,109.2:27.3,85.7/-1.0,-1.0:-1.0,-1.0 Yxy=-1.0,-1.0:-1.0,-1.0/-1.0,-1.0:-1.0,-1.0 farLxy=-1.0,-1.0:-1.0,-1.0/-1.0,-1.0:-1.0,-1.0 best=3:58.1,109.2:27.3,85.7:89.2:11111/1:108.5,114.3:132.8,98.1:5.2:10111 seed_src=lpt/none seed=0.0,0.0/0.0,0.0 far_start=70,0 far_raw=0/0 far_num=0/0 straight=0/1 far_straight=0/0 conf_deg=89.2/5.2/0.0/0.0
CrossDiag: type=CROSS_NONE track=1 half_lr=0/0 nearL=1@3/0@-1 nearNum=9/125 centerNum=9/125 farL=0@-1/0@-1 farNum=0/0 farRaw=0/0 lost=0/0 not_have=0 final=125/127 flags=0/0
LineErr: aim=33 cxcy=84.0,119.6 left=1:21.72@62,87 dx=-22.1 idx=0/8 dist=16/16 right=1:-1.67@86,83 dx=1.7 idx=0/13 dist=33/258 sel=1:-1.72@86,83 dx=1.8 idx=0/16 dist=32/252 edge=1:5.36@79.5,94.5 dx=-4.5 width=71.2 l=47,109 r=112,80
CxScan: raw_ref=80.0 edge=79.5,94.5 best_raw_x=70 best_err=0.82 best_cxcy=80.2,119.5 scan=0:-28.6,10:-25.0,20:-21.1,30:-17.0,40:-12.7,50:-8.3,60:-3.7,70:0.8,80:5.4,90:9.8,100:14.2,110:18.3,120:22.3,130:26.1,140:29.6
ATGSeedDiag: seed=1@17,108/1@137,108 begin=7,108 block=5 clip=8
ATGLptDiag: best=3(89.2) imip=0/8 pass=11111 acc=3 ipm=58.1,109.2 inv=27.3,85.7 | 1(5.2) imip=0/11 pass=10111 acc=-1 ipm=108.5,114.3 inv=132.8,98.1
frame=118 line=1 track=1 cross=0 circle=1(CIRCLE_LEFT_BEGIN) round=0 yroad=0 ramp=0 road=7 speed=0 near=9/125 raw=51/105 sel=125/127 far=0/0 far_raw=0/0 l=1@3/0@-1 far_l=0@-1/0@-1 straight=0/1 far_straight=0/0 circle_cnt=0/0/0/0 lost=0/0 conf=93.9/5.4/0.0/0.0 dist=0 m0=(84,119) ml=(85,87) md=32/1/141 cxcy=84.0,119.6 guide=-1.16 atg=4.0/3.0/3.0 pure=-0.83/-0.73 yaw=69 cmd=37 actual=102 signed=1 rps=3749/3851:3765/4359 duty=8/10
ATGCorner: L=1@3/0@-1 Y=0@-1/0@-1 farL=0@-1/0@-1 Lxy=58.0,109.2:27.1,85.7/-1.0,-1.0:-1.0,-1.0 Yxy=-1.0,-1.0:-1.0,-1.0/-1.0,-1.0:-1.0,-1.0 farLxy=-1.0,-1.0:-1.0,-1.0/-1.0,-1.0:-1.0,-1.0 best=3:58.0,109.2:27.1,85.7:93.9:11111/1:108.5,114.3:132.8,98.1:5.4:10111 seed_src=lpt/none seed=0.0,0.0/0.0,0.0 far_start=70,0 far_raw=0/0 far_num=0/0 straight=0/1 far_straight=0/0 conf_deg=93.9/5.4/0.0/0.0
CrossDiag: type=CROSS_NONE track=1 half_lr=0/0 nearL=1@3/0@-1 nearNum=9/125 centerNum=9/125 farL=0@-1/0@-1 farNum=0/0 farRaw=0/0 lost=0/0 not_have=0 final=125/127 flags=0/0
LineErr: aim=33 cxcy=84.0,119.6 left=1:23.03@60,87 dx=-23.6 idx=0/8 dist=16/16 right=1:-1.27@85,84 dx=1.3 idx=0/13 dist=32/257 sel=1:-1.37@85,83 dx=1.4 idx=0/16 dist=32/252 edge=1:5.41@79.5,95.0 dx=-4.5 width=71.6 l=47,110 r=112,80
CxScan: raw_ref=80.0 edge=79.5,95.0 best_raw_x=70 best_err=0.83 best_cxcy=80.2,119.5 scan=0:-28.9,10:-25.2,20:-21.3,30:-17.1,40:-12.8,50:-8.3,60:-3.8,70:0.8,80:5.4,90:9.9,100:14.3,110:18.5,120:22.5,130:26.3,140:29.8
ATGSeedDiag: seed=1@17,108/1@137,108 begin=7,108 block=5 clip=8
ATGLptDiag: best=3(93.9) imip=0/8 pass=11111 acc=3 ipm=58.0,109.2 inv=27.1,85.7 | 1(5.4) imip=0/11 pass=10111 acc=-1 ipm=108.5,114.3 inv=132.8,98.1
frame=119 line=1 track=1 cross=0 circle=1(CIRCLE_LEFT_BEGIN) round=0 yroad=0 ramp=0 road=7 speed=0 near=9/125 raw=48/105 sel=125/127 far=0/0 far_raw=0/0 l=1@3/0@-1 far_l=0@-1/0@-1 straight=0/1 far_straight=0/0 circle_cnt=0/0/0/0 lost=0/0 conf=90.9/5.6/0.0/0.0 dist=0 m0=(84,119) ml=(85,87) md=32/1/141 cxcy=84.0,119.6 guide=-1.16 atg=4.0/3.0/3.0 pure=-0.83/-0.69 yaw=69 cmd=22 actual=117 signed=1 rps=3770/3830:3605/4241 duty=9/10
ATGCorner: L=1@3/0@-1 Y=0@-1/0@-1 farL=0@-1/0@-1 Lxy=57.7,109.2:26.5,85.7/-1.0,-1.0:-1.0,-1.0 Yxy=-1.0,-1.0:-1.0,-1.0/-1.0,-1.0:-1.0,-1.0 farLxy=-1.0,-1.0:-1.0,-1.0/-1.0,-1.0:-1.0,-1.0 best=3:57.7,109.2:26.5,85.7:90.9:11111/1:108.5,114.3:132.8,98.1:5.6:10111 seed_src=lpt/none seed=0.0,0.0/0.0,0.0 far_start=70,0 far_raw=0/0 far_num=0/0 straight=0/1 far_straight=0/0 conf_deg=90.9/5.6/0.0/0.0
CrossDiag: type=CROSS_NONE track=1 half_lr=0/0 nearL=1@3/0@-1 nearNum=9/125 centerNum=9/125 farL=0@-1/0@-1 farNum=0/0 farRaw=0/0 lost=0/0 not_have=0 final=125/127 flags=0/0
LineErr: aim=33 cxcy=84.0,119.6 left=1:24.66@58,87 dx=-25.7 idx=0/8 dist=16/16 right=1:-1.27@85,84 dx=1.3 idx=0/13 dist=32/257 sel=1:-1.37@85,83 dx=1.4 idx=0/16 dist=32/252 edge=1:6.01@79.0,95.0 dx=-5.0 width=72.5 l=46,110 r=112,80
CxScan: raw_ref=80.0 edge=79.0,95.0 best_raw_x=65 best_err=-0.87 best_cxcy=78.3,119.5 scan=0:-28.4,10:-24.7,20:-20.7,30:-16.6,40:-12.2,50:-7.7,60:-3.2,70:1.4,80:6.0,90:10.5,100:14.9,110:19.0,120:23.0,130:26.8,140:30.3
ATGSeedDiag: seed=1@17,108/1@137,108 begin=7,108 block=5 clip=8
ATGLptDiag: best=3(90.9) imip=0/8 pass=11111 acc=3 ipm=57.7,109.2 inv=26.5,85.7 | 1(5.6) imip=0/11 pass=10111 acc=-1 ipm=108.5,114.3 inv=132.8,98.1
frame=121 line=1 track=1 cross=0 circle=1(CIRCLE_LEFT_BEGIN) round=0 yroad=0 ramp=0 road=7 speed=0 near=8/125 raw=45/105 sel=125/127 far=0/0 far_raw=0/0 l=1@2/0@-1 far_l=0@-1/0@-1 straight=0/1 far_straight=0/0 circle_cnt=0/0/0/0 lost=0/0 conf=86.8/3.6/0.0/0.0 dist=0 m0=(84,119) ml=(85,87) md=32/1/139 cxcy=84.0,119.6 guide=-0.99 atg=4.0/2.0/3.0 pure=-0.79/-0.67 yaw=59 cmd=-6 actual=124 signed=1 rps=3808/3792:3907/4295 duty=8/10
ATGCorner: L=1@2/0@-1 Y=0@-1/0@-1 farL=0@-1/0@-1 Lxy=58.0,111.5:24.4,91.4/-1.0,-1.0:-1.0,-1.0 Yxy=-1.0,-1.0:-1.0,-1.0/-1.0,-1.0:-1.0,-1.0 farLxy=-1.0,-1.0:-1.0,-1.0/-1.0,-1.0:-1.0,-1.0 best=2:58.0,111.5:24.4,91.4:86.8:11111/32:118.3,43.1:98.9,26.4:3.6:10111 seed_src=lpt/none seed=0.0,0.0/0.0,0.0 far_start=70,0 far_raw=0/0 far_num=0/0 straight=0/1 far_straight=0/0 conf_deg=86.8/3.6/0.0/0.0
CrossDiag: type=CROSS_NONE track=1 half_lr=0/0 nearL=1@2/0@-1 nearNum=8/125 centerNum=8/125 farL=0@-1/0@-1 farNum=0/0 farRaw=0/0 lost=0/0 not_have=0 final=125/127 flags=0/0
LineErr: aim=33 cxcy=84.0,119.6 left=1:24.76@59,87 dx=-25.5 idx=0/7 dist=14/14 right=1:-1.21@85,84 dx=1.2 idx=0/13 dist=32/256 sel=1:-1.30@85,83 dx=1.4 idx=0/16 dist=32/252 edge=1:5.47@79.5,95.5 dx=-4.5 width=72.0 l=47,111 r=112,80
CxScan: raw_ref=80.0 edge=79.5,95.5 best_raw_x=70 best_err=0.84 best_cxcy=80.2,119.5 scan=0:-29.1,10:-25.4,20:-21.5,30:-17.3,40:-12.9,50:-8.4,60:-3.8,70:0.8,80:5.5,90:10.0,100:14.4,110:18.7,120:22.7,130:26.5,140:30.1
ATGSeedDiag: seed=1@17,108/1@137,108 begin=7,108 block=5 clip=8
ATGLptDiag: best=2(86.8) imip=0/7 pass=11111 acc=2 ipm=58.0,111.5 inv=24.4,91.4 | 32(3.6) imip=22/42 pass=10111 acc=-1 ipm=118.3,43.1 inv=98.9,26.4
frame=122 line=1 track=1 cross=0 circle=1(CIRCLE_LEFT_BEGIN) round=0 yroad=0 ramp=0 road=7 speed=0 near=7/125 raw=42/105 sel=125/127 far=0/0 far_raw=0/0 l=1@2/0@-1 far_l=0@-1/0@-1 straight=0/1 far_straight=0/0 circle_cnt=0/0/0/0 lost=0/0 conf=86.2/4.6/0.0/0.0 dist=0 m0=(84,119) ml=(85,87) md=32/1/139 cxcy=84.0,119.6 guide=-1.16 atg=4.0/3.0/3.0 pure=-0.83/-0.69 yaw=69 cmd=38 actual=101 signed=1 rps=3748/3852:3880/4101 duty=8/10
ATGCorner: L=1@2/0@-1 Y=0@-1/0@-1 farL=0@-1/0@-1 Lxy=58.0,111.5:24.4,91.4/-1.0,-1.0:-1.0,-1.0 Yxy=-1.0,-1.0:-1.0,-1.0/-1.0,-1.0:-1.0,-1.0 farLxy=-1.0,-1.0:-1.0,-1.0/-1.0,-1.0:-1.0,-1.0 best=2:58.0,111.5:24.4,91.4:86.2:11111/1:108.5,114.2:132.6,98.0:4.6:10111 seed_src=lpt/none seed=0.0,0.0/0.0,0.0 far_start=70,0 far_raw=0/0 far_num=0/0 straight=0/1 far_straight=0/0 conf_deg=86.2/4.6/0.0/0.0
CrossDiag: type=CROSS_NONE track=1 half_lr=0/0 nearL=1@2/0@-1 nearNum=7/125 centerNum=7/125 farL=0@-1/0@-1 farNum=0/0 farRaw=0/0 lost=0/0 not_have=0 final=125/127 flags=0/0
LineErr: aim=33 cxcy=84.0,119.6 left=1:22.08@62,88 dx=-22.1 idx=0/6 dist=12/12 right=1:-1.27@85,84 dx=1.3 idx=0/13 dist=32/258 sel=1:-1.34@85,83 dx=1.4 idx=0/16 dist=32/252 edge=1:4.27@80.5,95.5 dx=-3.5 width=70.2 l=49,111 r=112,80
CxScan: raw_ref=80.0 edge=80.5,95.5 best_raw_x=70 best_err=-0.38 best_cxcy=80.2,119.5 scan=0:-30.1,10:-26.4,20:-22.5,30:-18.4,40:-14.1,50:-9.6,60:-5.0,70:-0.4,80:4.3,90:8.8,100:13.3,110:17.6,120:21.7,130:25.6,140:29.2
ATGSeedDiag: seed=1@17,108/1@137,108 begin=7,108 block=5 clip=8
ATGLptDiag: best=2(86.2) imip=0/6 pass=11111 acc=2 ipm=58.0,111.5 inv=24.4,91.4 | 1(4.6) imip=0/11 pass=10111 acc=-1 ipm=108.5,114.2 inv=132.6,98.0
frame=123 line=1 track=1 cross=0 circle=1(CIRCLE_LEFT_BEGIN) round=0 yroad=0 ramp=0 road=7 speed=0 near=7/125 raw=40/105 sel=125/127 far=0/0 far_raw=0/0 l=1@2/0@-1 far_l=0@-1/0@-1 straight=0/1 far_straight=0/0 circle_cnt=0/0/0/0 lost=0/0 conf=90.0/5.6/0.0/0.0 dist=0 m0=(84,119) ml=(85,87) md=32/1/139 cxcy=84.0,119.6 guide=-1.16 atg=4.0/3.0/3.0 pure=-0.83/-0.69 yaw=69 cmd=59 actual=80 signed=1 rps=3719/3881:4213/4263 duty=8/10
ATGCorner: L=1@2/0@-1 Y=0@-1/0@-1 farL=0@-1/0@-1 Lxy=57.7,111.5:23.7,91.5/-1.0,-1.0:-1.0,-1.0 Yxy=-1.0,-1.0:-1.0,-1.0/-1.0,-1.0:-1.0,-1.0 farLxy=-1.0,-1.0:-1.0,-1.0/-1.0,-1.0:-1.0,-1.0 best=2:57.7,111.5:23.7,91.5:90.0:11111/1:108.5,114.3:132.8,98.1:5.6:10111 seed_src=lpt/none seed=0.0,0.0/0.0,0.0 far_start=70,0 far_raw=0/0 far_num=0/0 straight=0/1 far_straight=0/0 conf_deg=90.0/5.6/0.0/0.0
CrossDiag: type=CROSS_NONE track=1 half_lr=0/0 nearL=1@2/0@-1 nearNum=7/125 centerNum=7/125 farL=0@-1/0@-1 farNum=0/0 farRaw=0/0 lost=0/0 not_have=0 final=125/127 flags=0/0
LineErr: aim=33 cxcy=84.0,119.6 left=1:23.72@60,88 dx=-24.0 idx=0/6 dist=12/12 right=1:-1.27@85,84 dx=1.3 idx=0/13 dist=32/257 sel=1:-1.37@85,83 dx=1.4 idx=0/16 dist=32/252 edge=1:4.31@80.5,96.0 dx=-3.5 width=70.7 l=49,112 r=112,80
CxScan: raw_ref=80.0 edge=80.5,96.0 best_raw_x=70 best_err=-0.38 best_cxcy=80.2,119.5 scan=0:-30.3,10:-26.6,20:-22.7,30:-18.6,40:-14.2,50:-9.7,60:-5.1,70:-0.4,80:4.3,90:8.9,100:13.4,110:17.8,120:21.9,130:25.8,140:29.4
ATGSeedDiag: seed=1@17,108/1@137,108 begin=7,108 block=5 clip=8
ATGLptDiag: best=2(90.0) imip=0/6 pass=11111 acc=2 ipm=57.7,111.5 inv=23.7,91.5 | 1(5.6) imip=0/11 pass=10111 acc=-1 ipm=108.5,114.3 inv=132.8,98.1
frame=124 line=1 track=1 cross=0 circle=1(CIRCLE_LEFT_BEGIN) round=0 yroad=0 ramp=0 road=7 speed=0 near=7/125 raw=40/105 sel=125/127 far=0/0 far_raw=0/0 l=1@2/0@-1 far_l=0@-1/0@-1 straight=0/1 far_straight=0/0 circle_cnt=0/0/0/0 lost=0/0 conf=86.6/4.2/0.0/0.0 dist=0 m0=(84,119) ml=(85,87) md=32/1/139 cxcy=84.0,119.6 guide=-1.33 atg=5.0/3.0/3.0 pure=-0.84/-0.69 yaw=80 cmd=97 actual=62 signed=1 rps=3667/3933:4087/4003 duty=8/11
ATGCorner: L=1@2/0@-1 Y=0@-1/0@-1 farL=0@-1/0@-1 Lxy=57.4,111.6:23.1,91.6/-1.0,-1.0:-1.0,-1.0 Yxy=-1.0,-1.0:-1.0,-1.0/-1.0,-1.0:-1.0,-1.0 farLxy=-1.0,-1.0:-1.0,-1.0/-1.0,-1.0:-1.0,-1.0 best=2:57.4,111.6:23.1,91.6:86.6:11111/1:108.5,114.2:132.8,98.0:4.2:10111 seed_src=lpt/none seed=0.0,0.0/0.0,0.0 far_start=70,0 far_raw=0/0 far_num=0/0 straight=0/1 far_straight=0/0 conf_deg=86.6/4.2/0.0/0.0
CrossDiag: type=CROSS_NONE track=1 half_lr=0/0 nearL=1@2/0@-1 nearNum=7/125 centerNum=7/125 farL=0@-1/0@-1 farNum=0/0 farRaw=0/0 lost=0/0 not_have=0 final=125/127 flags=0/0
LineErr: aim=33 cxcy=84.0,119.6 left=1:25.57@58,88 dx=-26.2 idx=0/6 dist=12/12 right=1:-1.37@85,84 dx=1.4 idx=0/13 dist=32/258 sel=1:-1.50@86,83 dx=1.6 idx=0/16 dist=32/252 edge=1:4.92@80.0,96.0 dx=-4.0 width=71.6 l=48,112 r=112,80
CxScan: raw_ref=80.0 edge=80.0,96.0 best_raw_x=70 best_err=0.23 best_cxcy=80.2,119.5 scan=0:-29.9,10:-26.2,20:-22.2,30:-18.0,40:-13.6,50:-9.1,60:-4.5,70:0.2,80:4.9,90:9.5,100:14.0,110:18.3,120:22.4,130:26.3,140:29.9
ATGSeedDiag: seed=1@17,108/1@137,108 begin=7,108 block=5 clip=8
ATGLptDiag: best=2(86.6) imip=0/6 pass=11111 acc=2 ipm=57.4,111.6 inv=23.1,91.6 | 1(4.2) imip=0/11 pass=10111 acc=-1 ipm=108.5,114.2 inv=132.8,98.0
frame=125 line=1 track=1 cross=0 circle=1(CIRCLE_LEFT_BEGIN) round=0 yroad=0 ramp=0 road=7 speed=0 near=6/125 raw=37/105 sel=125/128 far=0/0 far_raw=0/0 l=1@2/0@-1 far_l=0@-1/0@-1 straight=0/1 far_straight=0/0 circle_cnt=0/0/0/0 lost=0/0 conf=80.3/4.7/0.0/0.0 dist=0 m0=(84,119) ml=(85,87) md=32/1/142 cxcy=84.0,119.6 guide=-1.33 atg=5.0/3.0/3.0 pure=-0.87/-0.69 yaw=80 cmd=108 actual=52 signed=1 rps=3653/3947:4332/4092 duty=7/11
ATGCorner: L=1@2/0@-1 Y=0@-1/0@-1 farL=0@-1/0@-1 Lxy=56.9,111.8:21.7,92.2/-1.0,-1.0:-1.0,-1.0 Yxy=-1.0,-1.0:-1.0,-1.0/-1.0,-1.0:-1.0,-1.0 farLxy=-1.0,-1.0:-1.0,-1.0/-1.0,-1.0:-1.0,-1.0 best=2:56.9,111.8:21.7,92.2:80.3:11111/2:109.0,112.0:130.0,91.6:4.7:10111 seed_src=lpt/none seed=0.0,0.0/0.0,0.0 far_start=70,0 far_raw=0/0 far_num=0/0 straight=0/1 far_straight=0/0 conf_deg=80.3/4.7/0.0/0.0
CrossDiag: type=CROSS_NONE track=1 half_lr=0/0 nearL=1@2/0@-1 nearNum=6/125 centerNum=6/125 farL=0@-1/0@-1 farNum=0/0 farRaw=0/0 lost=0/0 not_have=0 final=125/128 flags=0/0
LineErr: aim=33 cxcy=84.0,119.6 left=1:23.33@61,89 dx=-23.3 idx=0/5 dist=10/10 right=1:-1.37@85,83 dx=1.4 idx=0/13 dist=32/257 sel=1:-1.50@86,83 dx=1.6 idx=0/16 dist=32/254 edge=1:3.74@81.0,96.5 dx=-3.0 width=70.2 l=50,113 r=112,80
CxScan: raw_ref=80.0 edge=81.0,96.5 best_raw_x=70 best_err=-1.00 best_cxcy=80.2,119.5 scan=0:-31.0,10:-27.4,20:-23.5,30:-19.3,40:-15.0,50:-10.4,60:-5.7,70:-1.0,80:3.7,90:8.4,100:13.0,110:17.4,120:21.6,130:25.5,140:29.2
ATGSeedDiag: seed=1@17,108/1@137,108 begin=7,108 block=5 clip=8
ATGLptDiag: best=2(80.3) imip=0/5 pass=11111 acc=2 ipm=56.9,111.8 inv=21.7,92.2 | 2(4.7) imip=0/12 pass=10111 acc=-1 ipm=109.0,112.0 inv=130.0,91.6
frame=126 line=1 track=1 cross=0 circle=1(CIRCLE_LEFT_BEGIN) round=0 yroad=0 ramp=0 road=7 speed=0 near=6/125 raw=35/105 sel=125/127 far=0/0 far_raw=0/0 l=1@1/0@-1 far_l=0@-1/0@-1 straight=0/1 far_straight=0/0 circle_cnt=0/0/0/0 lost=0/0 conf=82.2/4.8/0.0/0.0 dist=0 m0=(84,119) ml=(85,87) md=32/1/139 cxcy=84.0,119.6 guide=-1.33 atg=5.0/3.0/3.0 pure=-0.86/-0.69 yaw=80 cmd=109 actual=50 signed=1 rps=3651/3949:4146/3796 duty=8/11
ATGCorner: L=1@1/0@-1 Y=0@-1/0@-1 farL=0@-1/0@-1 Lxy=57.9,113.8:21.2,98.0/-1.0,-1.0:-1.0,-1.0 Yxy=-1.0,-1.0:-1.0,-1.0/-1.0,-1.0:-1.0,-1.0 farLxy=-1.0,-1.0:-1.0,-1.0/-1.0,-1.0:-1.0,-1.0 best=1:57.9,113.8:21.2,98.0:82.2:11111/2:109.0,112.0:130.0,91.6:4.8:10111 seed_src=lpt/none seed=0.0,0.0/0.0,0.0 far_start=70,0 far_raw=0/0 far_num=0/0 straight=0/1 far_straight=0/0 conf_deg=82.2/4.8/0.0/0.0
CrossDiag: type=CROSS_NONE track=1 half_lr=0/0 nearL=1@1/0@-1 nearNum=6/125 centerNum=6/125 farL=0@-1/0@-1 farNum=0/0 farRaw=0/0 lost=0/0 not_have=0 final=125/127 flags=0/0
LineErr: aim=33 cxcy=84.0,119.6 left=1:26.30@57,88 dx=-26.8 idx=0/5 dist=10/10 right=1:-1.36@85,84 dx=1.4 idx=0/13 dist=32/257 sel=1:-1.47@86,83 dx=1.5 idx=0/16 dist=32/252 edge=1:4.36@80.5,96.5 dx=-3.5 width=71.1 l=49,113 r=112,80
CxScan: raw_ref=80.0 edge=80.5,96.5 best_raw_x=70 best_err=-0.38 best_cxcy=80.2,119.5 scan=0:-30.6,10:-26.9,20:-22.9,30:-18.8,40:-14.4,50:-9.8,60:-5.1,70:-0.4,80:4.4,90:9.0,100:13.6,110:18.0,120:22.1,130:26.0,140:29.7
ATGSeedDiag: seed=1@17,108/1@137,108 begin=7,108 block=5 clip=8
ATGLptDiag: best=1(82.2) imip=0/5 pass=11111 acc=1 ipm=57.9,113.8 inv=21.2,98.0 | 2(4.8) imip=0/12 pass=10111 acc=-1 ipm=109.0,112.0 inv=130.0,91.6
frame=127 line=1 track=1 cross=0 circle=1(CIRCLE_LEFT_BEGIN) round=0 yroad=0 ramp=0 road=7 speed=0 near=5/125 raw=33/105 sel=125/127 far=0/0 far_raw=0/0 l=1@1/0@-1 far_l=0@-1/0@-1 straight=0/1 far_straight=0/0 circle_cnt=0/0/0/0 lost=0/0 conf=80.9/4.7/0.0/0.0 dist=0 m0=(84,119) ml=(85,87) md=32/1/138 cxcy=84.0,119.6 guide=-1.16 atg=5.0/2.0/3.0 pure=-0.84/-0.64 yaw=69 cmd=78 actual=61 signed=1 rps=3693/3907:4301/3897 duty=8/11
ATGCorner: L=1@1/0@-1 Y=0@-1/0@-1 farL=0@-1/0@-1 Lxy=57.9,113.8:21.1,98.0/-1.0,-1.0:-1.0,-1.0 Yxy=-1.0,-1.0:-1.0,-1.0/-1.0,-1.0:-1.0,-1.0 farLxy=-1.0,-1.0:-1.0,-1.0/-1.0,-1.0:-1.0,-1.0 best=1:57.9,113.8:21.1,98.0:80.9:11111/1:108.5,114.2:132.8,98.0:4.7:10111 seed_src=lpt/none seed=0.0,0.0/0.0,0.0 far_start=70,0 far_raw=0/0 far_num=0/0 straight=0/1 far_straight=0/0 conf_deg=80.9/4.7/0.0/0.0
CrossDiag: type=CROSS_NONE track=1 half_lr=0/0 nearL=1@1/0@-1 nearNum=5/125 centerNum=5/125 farL=0@-1/0@-1 farNum=0/0 farRaw=0/0 lost=0/0 not_have=0 final=125/127 flags=0/0
LineErr: aim=33 cxcy=84.0,119.6 left=1:23.26@61,89 dx=-23.0 idx=0/4 dist=8/8 right=1:-1.27@85,84 dx=1.3 idx=0/13 dist=32/258 sel=1:-1.34@85,83 dx=1.4 idx=0/16 dist=32/252 edge=1:3.12@81.5,96.5 dx=-2.5 width=69.4 l=51,113 r=112,80
CxScan: raw_ref=80.0 edge=81.5,96.5 best_raw_x=75 best_err=0.75 best_cxcy=82.1,119.5 scan=0:-31.5,10:-27.9,20:-24.0,30:-19.9,40:-15.5,50:-11.0,60:-6.4,70:-1.6,80:3.1,90:7.8,100:12.4,110:16.8,120:21.0,130:25.0,140:28.8
ATGSeedDiag: seed=1@17,108/1@137,108 begin=7,108 block=5 clip=8
ATGLptDiag: best=1(80.9) imip=0/4 pass=11111 acc=1 ipm=57.9,113.8 inv=21.1,98.0 | 1(4.7) imip=0/11 pass=10111 acc=-1 ipm=108.5,114.2 inv=132.8,98.0
frame=129 line=1 track=1 cross=0 circle=1(CIRCLE_LEFT_BEGIN) round=0 yroad=0 ramp=0 road=7 speed=0 near=5/125 raw=29/105 sel=125/127 far=0/0 far_raw=0/0 l=1@1/0@-1 far_l=0@-1/0@-1 straight=0/1 far_straight=0/0 circle_cnt=0/0/0/0 lost=0/0 conf=72.0/6.0/0.0/0.0 dist=0 m0=(84,119) ml=(85,87) md=32/1/138 cxcy=84.0,119.6 guide=-0.65 atg=4.0/2.0/3.0 pure=-0.81/-0.64 yaw=39 cmd=-27 actual=105 signed=1 rps=3836/3764:4085/3805 duty=8/10
ATGCorner: L=1@1/0@-1 Y=0@-1/0@-1 farL=0@-1/0@-1 Lxy=57.2,114.0:19.4,98.5/-1.0,-1.0:-1.0,-1.0 Yxy=-1.0,-1.0:-1.0,-1.0/-1.0,-1.0:-1.0,-1.0 farLxy=-1.0,-1.0:-1.0,-1.0/-1.0,-1.0:-1.0,-1.0 best=1:57.2,114.0:19.4,98.5:72.0:11111/1:108.5,114.3:132.8,98.1:6.0:10111 seed_src=lpt/none seed=0.0,0.0/0.0,0.0 far_start=70,0 far_raw=0/0 far_num=0/0 straight=0/1 far_straight=0/0 conf_deg=72.0/6.0/0.0/0.0
CrossDiag: type=CROSS_NONE track=1 half_lr=0/0 nearL=1@1/0@-1 nearNum=5/125 centerNum=5/125 farL=0@-1/0@-1 farNum=0/0 farRaw=0/0 lost=0/0 not_have=0 final=125/127 flags=0/0
LineErr: aim=33 cxcy=84.0,119.6 left=1:27.40@56,89 dx=-27.9 idx=0/4 dist=8/8 right=1:-1.18@85,84 dx=1.2 idx=0/13 dist=32/255 sel=1:-1.21@85,83 dx=1.3 idx=0/16 dist=32/252 edge=1:3.78@81.0,97.0 dx=-3.0 width=70.7 l=50,114 r=112,80
CxScan: raw_ref=80.0 edge=81.0,97.0 best_raw_x=70 best_err=-1.01 best_cxcy=80.2,119.5 scan=0:-31.3,10:-27.6,20:-23.7,30:-19.5,40:-15.1,50:-10.5,60:-5.8,70:-1.0,80:3.8,90:8.5,100:13.1,110:17.6,120:21.8,130:25.8,140:29.5
ATGSeedDiag: seed=1@17,108/1@137,108 begin=7,108 block=5 clip=8
ATGLptDiag: best=1(72.0) imip=0/4 pass=11111 acc=1 ipm=57.2,114.0 inv=19.4,98.5 | 1(6.0) imip=0/11 pass=10111 acc=-1 ipm=108.5,114.3 inv=132.8,98.1
frame=130 line=1 track=1 cross=0 circle=1(CIRCLE_LEFT_BEGIN) round=0 yroad=0 ramp=0 road=7 speed=0 near=4/125 raw=24/105 sel=125/127 far=0/0 far_raw=0/0 l=0@-1/0@-1 far_l=0@-1/0@-1 straight=0/1 far_straight=0/0 circle_cnt=0/0/0/0 lost=0/0 conf=44.5/4.5/0.0/0.0 dist=0 m0=(84,119) ml=(85,87) md=32/1/138 cxcy=84.0,119.6 guide=-0.82 atg=5.0/2.0/3.0 pure=-0.86/-0.64 yaw=49 cmd=-4 actual=103 signed=1 rps=3806/3794:4148/4069 duty=8/10
ATGCorner: L=0@-1/0@-1 Y=0@-1/0@-1 farL=0@-1/0@-1 Lxy=-1.0,-1.0:-1.0,-1.0/-1.0,-1.0:-1.0,-1.0 Yxy=-1.0,-1.0:-1.0,-1.0/-1.0,-1.0:-1.0,-1.0 farLxy=-1.0,-1.0:-1.0,-1.0/-1.0,-1.0:-1.0,-1.0 best=1:56.2,114.3:16.6,99.5:44.5:10111/1:108.5,114.2:132.6,98.0:4.5:10111 seed_src=none/none seed=0.0,0.0/0.0,0.0 far_start=70,0 far_raw=0/0 far_num=0/0 straight=0/1 far_straight=0/0 conf_deg=44.5/4.5/0.0/0.0
CrossDiag: type=CROSS_NONE track=1 half_lr=0/0 nearL=0@-1/0@-1 nearNum=4/125 centerNum=4/125 farL=0@-1/0@-1 farNum=0/0 farRaw=0/0 lost=0/0 not_have=0 final=125/127 flags=0/0
LineErr: aim=33 cxcy=84.0,119.6 left=1:26.89@57,89 dx=-27.3 idx=0/3 dist=6/6 right=1:-1.19@85,83 dx=1.2 idx=0/13 dist=33/257 sel=1:-1.23@85,83 dx=1.3 idx=0/16 dist=32/252 edge=1:2.56@82.0,97.5 dx=-2.0 width=69.5 l=52,115 r=112,80
CxScan: raw_ref=80.0 edge=82.0,97.5 best_raw_x=75 best_err=0.14 best_cxcy=82.1,119.5 scan=0:-32.5,10:-28.9,20:-25.0,30:-20.8,40:-16.4,50:-11.9,60:-7.1,70:-2.3,80:2.6,90:7.4,100:12.1,110:16.6,120:20.9,130:25.0,140:28.8
ATGSeedDiag: seed=1@17,107/1@137,108 begin=7,108 block=5 clip=8
ATGLptDiag: best=1(44.5) imip=0/3 pass=10111 acc=-1 ipm=56.2,114.3 inv=16.6,99.5 | 1(4.5) imip=0/11 pass=10111 acc=-1 ipm=108.5,114.2 inv=132.6,98.0
frame=131 line=1 track=1 cross=0 circle=1(CIRCLE_LEFT_BEGIN) round=0 yroad=0 ramp=0 road=7 speed=0 near=4/125 raw=23/105 sel=125/127 far=0/0 far_raw=0/0 l=0@-1/0@-1 far_l=0@-1/0@-1 straight=0/1 far_straight=0/0 circle_cnt=0/0/0/0 lost=0/0 conf=32.7/6.0/0.0/0.0 dist=0 m0=(84,119) ml=(85,87) md=32/1/138 cxcy=84.0,119.6 guide=-0.82 atg=5.0/2.0/3.0 pure=-0.86/-0.64 yaw=49 cmd=2 actual=96 signed=1 rps=3797/3803:3905/4069 duty=8/10
ATGCorner: L=0@-1/0@-1 Y=0@-1/0@-1 farL=0@-1/0@-1 Lxy=-1.0,-1.0:-1.0,-1.0/-1.0,-1.0:-1.0,-1.0 Yxy=-1.0,-1.0:-1.0,-1.0/-1.0,-1.0:-1.0,-1.0 farLxy=-1.0,-1.0:-1.0,-1.0/-1.0,-1.0:-1.0,-1.0 best=2:53.5,114.5:10.1,100.3:32.7:10111/1:108.5,114.3:132.8,98.1:6.0:10111 seed_src=none/none seed=0.0,0.0/0.0,0.0 far_start=70,0 far_raw=0/0 far_num=0/0 straight=0/1 far_straight=0/0 conf_deg=32.7/6.0/0.0/0.0
CrossDiag: type=CROSS_NONE track=1 half_lr=0/0 nearL=0@-1/0@-1 nearNum=4/125 centerNum=4/125 farL=0@-1/0@-1 farNum=0/0 farRaw=0/0 lost=0/0 not_have=0 final=125/127 flags=0/0
LineErr: aim=33 cxcy=84.0,119.6 left=1:29.46@54,89 dx=-30.2 idx=0/3 dist=6/6 right=1:-1.24@85,83 dx=1.3 idx=0/13 dist=34/258 sel=1:-1.26@85,83 dx=1.3 idx=0/16 dist=32/252 edge=1:3.19@81.5,97.5 dx=-2.5 width=70.3 l=51,115 r=112,80
CxScan: raw_ref=80.0 edge=81.5,97.5 best_raw_x=75 best_err=0.77 best_cxcy=82.1,119.5 scan=0:-32.1,10:-28.4,20:-24.5,30:-20.3,40:-15.9,50:-11.3,60:-6.5,70:-1.7,80:3.2,90:8.0,100:12.7,110:17.2,120:21.5,130:25.5,140:29.3
ATGSeedDiag: seed=1@17,107/1@137,108 begin=7,108 block=5 clip=8
ATGLptDiag: best=2(32.7) imip=0/3 pass=10111 acc=-1 ipm=53.5,114.5 inv=10.1,100.3 | 1(6.0) imip=0/11 pass=10111 acc=-1 ipm=108.5,114.3 inv=132.8,98.1
frame=132 line=1 track=1 cross=0 circle=1(CIRCLE_LEFT_BEGIN) round=0 yroad=0 ramp=0 road=7 speed=0 near=3/125 raw=22/105 sel=125/127 far=0/0 far_raw=0/0 l=0@-1/0@-1 far_l=0@-1/0@-1 straight=0/1 far_straight=0/0 circle_cnt=0/0/0/0 lost=0/0 conf=20.4/6.1/0.0/0.0 dist=0 m0=(84,119) ml=(85,87) md=32/1/138 cxcy=84.0,119.6 guide=-0.82 atg=5.0/2.0/3.0 pure=-0.86/-0.64 yaw=49 cmd=3 actual=95 signed=1 rps=3795/3805:3936/4384 duty=8/10
ATGCorner: L=0@-1/0@-1 Y=0@-1/0@-1 farL=0@-1/0@-1 Lxy=-1.0,-1.0:-1.0,-1.0/-1.0,-1.0:-1.0,-1.0 Yxy=-1.0,-1.0:-1.0,-1.0/-1.0,-1.0:-1.0,-1.0 farLxy=-1.0,-1.0:-1.0,-1.0/-1.0,-1.0:-1.0,-1.0 best=1:55.3,115.2:13.2,102.2:20.4:10111/1:108.5,114.3:132.8,98.1:6.1:10111 seed_src=none/none seed=0.0,0.0/0.0,0.0 far_start=70,0 far_raw=0/0 far_num=0/0 straight=0/1 far_straight=0/0 conf_deg=20.4/6.1/0.0/0.0
CrossDiag: type=CROSS_NONE track=1 half_lr=0/0 nearL=0@-1/0@-1 nearNum=3/125 centerNum=3/125 farL=0@-1/0@-1 farNum=0/0 farRaw=0/0 lost=0/0 not_have=0 final=125/127 flags=0/0
LineErr: aim=33 cxcy=84.0,119.6 left=1:27.77@56,89 dx=-28.1 idx=0/2 dist=4/4 right=1:-1.24@85,83 dx=1.3 idx=0/13 dist=34/258 sel=1:-1.26@85,83 dx=1.3 idx=0/16 dist=32/252 edge=1:1.93@82.5,97.5 dx=-1.5 width=68.6 l=53,115 r=112,80
CxScan: raw_ref=80.0 edge=82.5,97.5 best_raw_x=75 best_err=-0.50 best_cxcy=82.1,119.5 scan=0:-33.0,10:-29.4,20:-25.5,30:-21.4,40:-17.0,50:-12.5,60:-7.7,70:-2.9,80:1.9,90:6.7,100:11.5,110:16.0,120:20.4,130:24.5,140:28.3
ATGSeedDiag: seed=1@17,107/1@137,108 begin=7,108 block=5 clip=8
ATGLptDiag: best=1(20.4) imip=0/2 pass=10111 acc=-1 ipm=55.3,115.2 inv=13.2,102.2 | 1(6.1) imip=0/11 pass=10111 acc=-1 ipm=108.5,114.3 inv=132.8,98.1
frame=133 line=1 track=1 cross=0 circle=1(CIRCLE_LEFT_BEGIN) round=0 yroad=0 ramp=0 road=7 speed=0 near=3/125 raw=19/105 sel=125/127 far=0/0 far_raw=0/0 l=0@-1/0@-1 far_l=0@-1/0@-1 straight=0/1 far_straight=0/0 circle_cnt=0/0/0/0 lost=0/0 conf=17.0/4.7/0.0/0.0 dist=0 m0=(84,119) ml=(85,87) md=32/1/139 cxcy=84.0,119.6 guide=-0.65 atg=5.0/2.0/3.0 pure=-0.83/-0.63 yaw=39 cmd=-20 actual=98 signed=1 rps=3827/3773:3998/4649 duty=8/9
ATGCorner: L=0@-1/0@-1 Y=0@-1/0@-1 farL=0@-1/0@-1 Lxy=-1.0,-1.0:-1.0,-1.0/-1.0,-1.0:-1.0,-1.0 Yxy=-1.0,-1.0:-1.0,-1.0/-1.0,-1.0:-1.0,-1.0 farLxy=-1.0,-1.0:-1.0,-1.0/-1.0,-1.0:-1.0,-1.0 best=1:55.2,115.7:12.1,104.0:17.0:10111/1:108.5,114.2:132.8,98.0:4.7:10111 seed_src=none/none seed=0.0,0.0/0.0,0.0 far_start=70,0 far_raw=0/0 far_num=0/0 straight=0/1 far_straight=0/0 conf_deg=17.0/4.7/0.0/0.0
CrossDiag: type=CROSS_NONE track=1 half_lr=0/0 nearL=0@-1/0@-1 nearNum=3/125 centerNum=3/125 farL=0@-1/0@-1 farNum=0/0 farRaw=0/0 lost=0/0 not_have=0 final=125/127 flags=0/0
LineErr: aim=33 cxcy=84.0,119.6 left=1:29.59@54,90 dx=-30.0 idx=0/2 dist=4/4 right=1:-1.09@85,84 dx=1.1 idx=0/13 dist=32/255 sel=1:-1.12@85,83 dx=1.2 idx=0/16 dist=32/252 edge=1:1.95@82.5,98.0 dx=-1.5 width=69.1 l=53,116 r=112,80
CxScan: raw_ref=80.0 edge=82.5,98.0 best_raw_x=75 best_err=-0.50 best_cxcy=82.1,119.5 scan=0:-33.3,10:-29.6,20:-25.8,30:-21.6,40:-17.2,50:-12.6,60:-7.8,70:-3.0,80:2.0,90:6.8,100:11.6,110:16.2,120:20.6,130:24.7,140:28.6
ATGSeedDiag: seed=1@17,108/1@137,108 begin=7,108 block=5 clip=8
ATGLptDiag: best=1(17.0) imip=0/2 pass=10111 acc=-1 ipm=55.2,115.7 inv=12.1,104.0 | 1(4.7) imip=0/11 pass=10111 acc=-1 ipm=108.5,114.2 inv=132.8,98.0
frame=135 line=1 track=1 cross=0 circle=1(CIRCLE_LEFT_BEGIN) round=0 yroad=0 ramp=0 road=7 speed=0 near=2/124 raw=9/105 sel=124/126 far=0/0 far_raw=0/0 l=0@-1/0@-1 far_l=0@-1/0@-1 straight=0/1 far_straight=0/0 circle_cnt=0/0/0/0 lost=0/0 conf=0.0/6.3/0.0/0.0 dist=0 m0=(84,119) ml=(85,87) md=32/1/136 cxcy=84.0,119.6 guide=-0.65 atg=4.0/2.0/2.0 pure=-0.81/-0.59 yaw=39 cmd=2 actual=76 signed=1 rps=3797/3803:3892/4343 duty=8/10
ATGCorner: L=0@-1/0@-1 Y=0@-1/0@-1 farL=0@-1/0@-1 Lxy=-1.0,-1.0:-1.0,-1.0/-1.0,-1.0:-1.0,-1.0 Yxy=-1.0,-1.0:-1.0,-1.0/-1.0,-1.0:-1.0,-1.0 farLxy=-1.0,-1.0:-1.0,-1.0/-1.0,-1.0:-1.0,-1.0 best=-1:-1.0,-1.0:-1.0,-1.0:-57295.8:00000/1:108.5,114.3:132.8,98.1:6.3:10111 seed_src=none/none seed=0.0,0.0/0.0,0.0 far_start=70,0 far_raw=0/0 far_num=0/0 straight=0/1 far_straight=0/0 conf_deg=0.0/6.3/0.0/0.0
CrossDiag: type=CROSS_NONE track=1 half_lr=0/0 nearL=0@-1/0@-1 nearNum=2/124 centerNum=2/124 farL=0@-1/0@-1 farNum=0/0 farRaw=0/0 lost=0/0 not_have=0 final=124/126 flags=0/0
LineErr: aim=33 cxcy=84.0,119.6 left=1:37.42@45,92 dx=-38.9 idx=0/1 dist=2/2 right=1:-0.94@85,84 dx=1.0 idx=0/13 dist=32/254 sel=1:-1.00@85,83 dx=1.1 idx=0/16 dist=32/250 edge=1:2.62@82.0,98.5 dx=-2.0 width=70.5 l=52,117 r=112,80
CxScan: raw_ref=80.0 edge=82.0,98.5 best_raw_x=75 best_err=0.14 best_cxcy=82.1,119.5 scan=0:-33.1,10:-29.4,20:-25.5,30:-21.3,40:-16.8,50:-12.1,60:-7.3,70:-2.3,80:2.6,90:7.5,100:12.3,110:17.0,120:21.4,130:25.5,140:29.4
ATGSeedDiag: seed=1@11,108/1@137,108 begin=7,108 block=5 clip=8
ATGLptDiag: best=-1(-57295.8) imip=-1/-1 pass=00000 acc=-1 ipm=-1.0,-1.0 inv=-1.0,-1.0 | 1(6.3) imip=0/11 pass=10111 acc=-1 ipm=108.5,114.3 inv=132.8,98.1
frame=136 line=1 track=1 cross=0 circle=1(CIRCLE_LEFT_BEGIN) round=0 yroad=0 ramp=0 road=7 speed=0 near=0/124 raw=0/105 sel=124/126 far=0/0 far_raw=0/0 l=0@-1/0@-1 far_l=0@-1/0@-1 straight=0/1 far_straight=0/0 circle_cnt=1/0/0/0 lost=0/0 conf=0.0/6.0/0.0/0.0 dist=11 m0=(84,119) ml=(85,87) md=32/1/136 cxcy=84.0,119.6 guide=-0.65 atg=5.0/2.0/2.0 pure=-0.83/-0.59 yaw=39 cmd=27 actual=51 signed=1 rps=3763/3837:3791/4097 duty=8/10
ATGCorner: L=0@-1/0@-1 Y=0@-1/0@-1 farL=0@-1/0@-1 Lxy=-1.0,-1.0:-1.0,-1.0/-1.0,-1.0:-1.0,-1.0 Yxy=-1.0,-1.0:-1.0,-1.0/-1.0,-1.0:-1.0,-1.0 farLxy=-1.0,-1.0:-1.0,-1.0/-1.0,-1.0:-1.0,-1.0 best=-1:-1.0,-1.0:-1.0,-1.0:-57295.8:00000/1:108.5,114.3:132.8,98.1:6.0:10111 seed_src=lost/none seed=0.0,0.0/0.0,0.0 far_start=70,0 far_raw=0/0 far_num=0/0 straight=0/1 far_straight=0/0 conf_deg=0.0/6.0/0.0/0.0
CrossDiag: type=CROSS_NONE track=1 half_lr=0/0 nearL=0@-1/0@-1 nearNum=0/124 centerNum=0/124 farL=0@-1/0@-1 farNum=0/0 farRaw=0/0 lost=0/0 not_have=0 final=124/126 flags=0/0
LineErr: aim=33 cxcy=84.0,119.6 left=0:0.00@-1,-1 dx=0.0 idx=-1/-1 dist=-1/-1 right=1:-0.95@85,83 dx=1.0 idx=0/13 dist=33/254 sel=1:-1.01@85,83 dx=1.1 idx=0/16 dist=32/250 edge=0:0.00@-1.0,-1.0 dx=0.0 width=0.0 l=-1,-1 r=112,80
ATGSeedDiag: seed=0@-1,-1/1@137,108 begin=7,108 block=5 clip=8
ATGLptDiag: best=-1(-57295.8) imip=-1/-1 pass=00000 acc=-1 ipm=-1.0,-1.0 inv=-1.0,-1.0 | 1(6.0) imip=0/11 pass=10111 acc=-1 ipm=108.5,114.3 inv=132.8,98.1
frame=139 line=1 track=1 cross=0 circle=1(CIRCLE_LEFT_BEGIN) round=0 yroad=0 ramp=0 road=7 speed=0 near=0/125 raw=0/105 sel=125/127 far=0/0 far_raw=0/0 l=0@-1/0@-1 far_l=0@-1/0@-1 straight=0/1 far_straight=0/0 circle_cnt=4/0/0/0 lost=0/0 conf=0.0/2.3/0.0/0.0 dist=47 m0=(84,119) ml=(85,87) md=32/1/138 cxcy=84.0,119.6 guide=-1.16 atg=5.0/2.0/3.0 pure=-0.84/-0.64 yaw=69 cmd=107 actual=32 signed=1 rps=3654/3946:4241/4050 duty=7/11
ATGCorner: L=0@-1/0@-1 Y=0@-1/0@-1 farL=0@-1/0@-1 Lxy=-1.0,-1.0:-1.0,-1.0/-1.0,-1.0:-1.0,-1.0 Yxy=-1.0,-1.0:-1.0,-1.0/-1.0,-1.0:-1.0,-1.0 farLxy=-1.0,-1.0:-1.0,-1.0/-1.0,-1.0:-1.0,-1.0 best=-1:-1.0,-1.0:-1.0,-1.0:-57295.8:00000/28:116.5,52.2:100.1,29.8:2.3:10111 seed_src=lost/none seed=0.0,0.0/0.0,0.0 far_start=70,0 far_raw=0/0 far_num=0/0 straight=0/1 far_straight=0/0 conf_deg=0.0/2.3/0.0/0.0
CrossDiag: type=CROSS_NONE track=1 half_lr=0/0 nearL=0@-1/0@-1 nearNum=0/125 centerNum=0/125 farL=0@-1/0@-1 farNum=0/0 farRaw=0/0 lost=0/0 not_have=0 final=125/127 flags=0/0
LineErr: aim=33 cxcy=84.0,119.6 left=0:0.00@-1,-1 dx=0.0 idx=-1/-1 dist=-1/-1 right=1:-1.15@85,83 dx=1.2 idx=0/13 dist=33/256 sel=1:-1.25@85,83 dx=1.3 idx=0/16 dist=32/252 edge=0:0.00@-1.0,-1.0 dx=0.0 width=0.0 l=-1,-1 r=112,80
ATGSeedDiag: seed=0@-1,-1/1@137,108 begin=7,108 block=5 clip=8
ATGLptDiag: best=-1(-57295.8) imip=-1/-1 pass=00000 acc=-1 ipm=-1.0,-1.0 inv=-1.0,-1.0 | 28(2.3) imip=18/38 pass=10111 acc=-1 ipm=116.5,52.2 inv=100.1,29.8
frame=140 line=1 track=1 cross=0 circle=1(CIRCLE_LEFT_BEGIN) round=0 yroad=0 ramp=0 road=7 speed=0 near=0/124 raw=0/104 sel=124/126 far=0/0 far_raw=0/0 l=0@-1/0@-1 far_l=0@-1/0@-1 straight=0/1 far_straight=0/0 circle_cnt=5/0/0/0 lost=0/0 conf=0.0/6.0/0.0/0.0 dist=58 m0=(84,119) ml=(85,87) md=32/1/138 cxcy=84.0,119.6 guide=-1.16 atg=5.0/2.0/3.0 pure=-0.87/-0.64 yaw=69 cmd=129 actual=10 signed=1 rps=3623/3977:4440/4039 duty=7/11
ATGCorner: L=0@-1/0@-1 Y=0@-1/0@-1 farL=0@-1/0@-1 Lxy=-1.0,-1.0:-1.0,-1.0/-1.0,-1.0:-1.0,-1.0 Yxy=-1.0,-1.0:-1.0,-1.0/-1.0,-1.0:-1.0,-1.0 farLxy=-1.0,-1.0:-1.0,-1.0/-1.0,-1.0:-1.0,-1.0 best=-1:-1.0,-1.0:-1.0,-1.0:-57295.8:00000/1:108.8,114.0:132.8,97.2:6.0:10111 seed_src=lost/none seed=0.0,0.0/0.0,0.0 far_start=70,0 far_raw=0/0 far_num=0/0 straight=0/1 far_straight=0/0 conf_deg=0.0/6.0/0.0/0.0
CrossDiag: type=CROSS_NONE track=1 half_lr=0/0 nearL=0@-1/0@-1 nearNum=0/124 centerNum=0/124 farL=0@-1/0@-1 farNum=0/0 farRaw=0/0 lost=0/0 not_have=0 final=124/126 flags=0/0
LineErr: aim=33 cxcy=84.0,119.6 left=0:0.00@-1,-1 dx=0.0 idx=-1/-1 dist=-1/-1 right=1:-1.20@85,83 dx=1.3 idx=0/13 dist=33/253 sel=1:-1.25@85,83 dx=1.3 idx=0/16 dist=32/250 edge=0:0.00@-1.0,-1.0 dx=0.0 width=0.0 l=-1,-1 r=112,79
ATGSeedDiag: seed=0@-1,-1/1@137,107 begin=7,108 block=5 clip=8
ATGLptDiag: best=-1(-57295.8) imip=-1/-1 pass=00000 acc=-1 ipm=-1.0,-1.0 inv=-1.0,-1.0 | 1(6.0) imip=0/11 pass=10111 acc=-1 ipm=108.8,114.0 inv=132.8,97.2
frame=141 line=1 track=1 cross=0 circle=1(CIRCLE_LEFT_BEGIN) round=0 yroad=0 ramp=0 road=7 speed=0 near=0/124 raw=0/105 sel=124/126 far=0/0 far_raw=0/0 l=0@-1/0@-1 far_l=0@-1/0@-1 straight=0/1 far_straight=0/0 circle_cnt=6/0/0/0 lost=0/0 conf=0.0/2.5/0.0/0.0 dist=69 m0=(84,119) ml=(85,87) md=32/1/136 cxcy=84.0,119.6 guide=-1.33 atg=5.0/2.0/3.0 pure=-0.84/-0.63 yaw=80 cmd=166 actual=-7 signed=1 rps=3572/4028:4282/3783 duty=7/11
ATGCorner: L=0@-1/0@-1 Y=0@-1/0@-1 farL=0@-1/0@-1 Lxy=-1.0,-1.0:-1.0,-1.0/-1.0,-1.0:-1.0,-1.0 Yxy=-1.0,-1.0:-1.0,-1.0/-1.0,-1.0:-1.0,-1.0 farLxy=-1.0,-1.0:-1.0,-1.0/-1.0,-1.0:-1.0,-1.0 best=-1:-1.0,-1.0:-1.0,-1.0:-57295.8:00000/1:108.7,114.2:133.2,98.0:2.5:10111 seed_src=lost/none seed=0.0,0.0/0.0,0.0 far_start=70,0 far_raw=0/0 far_num=0/0 straight=0/1 far_straight=0/0 conf_deg=0.0/2.5/0.0/0.0
CrossDiag: type=CROSS_NONE track=1 half_lr=0/0 nearL=0@-1/0@-1 nearNum=0/124 centerNum=0/124 farL=0@-1/0@-1 farNum=0/0 farRaw=0/0 lost=0/0 not_have=0 final=124/126 flags=0/0
LineErr: aim=33 cxcy=84.0,119.6 left=0:0.00@-1,-1 dx=0.0 idx=-1/-1 dist=-1/-1 right=1:-1.40@85,83 dx=1.5 idx=0/13 dist=32/252 sel=1:-1.49@86,83 dx=1.6 idx=0/16 dist=32/250 edge=0:0.00@-1.0,-1.0 dx=0.0 width=0.0 l=-1,-1 r=112,80
ATGSeedDiag: seed=0@-1,-1/1@138,108 begin=7,108 block=5 clip=8
ATGLptDiag: best=-1(-57295.8) imip=-1/-1 pass=00000 acc=-1 ipm=-1.0,-1.0 inv=-1.0,-1.0 | 1(2.5) imip=0/11 pass=10111 acc=-1 ipm=108.7,114.2 inv=133.2,98.0
frame=142 line=1 track=1 cross=0 circle=1(CIRCLE_LEFT_BEGIN) round=0 yroad=0 ramp=0 road=7 speed=0 near=0/124 raw=0/104 sel=124/126 far=0/0 far_raw=0/0 l=0@-1/0@-1 far_l=0@-1/0@-1 straight=0/1 far_straight=0/0 circle_cnt=7/0/0/0 lost=0/0 conf=0.0/5.7/0.0/0.0 dist=80 m0=(84,119) ml=(85,87) md=32/1/136 cxcy=84.0,119.6 guide=-1.16 atg=4.0/2.0/2.0 pure=-0.82/-0.60 yaw=69 cmd=156 actual=-17 signed=1 rps=3586/4014:4414/3890 duty=7/11
ATGCorner: L=0@-1/0@-1 Y=0@-1/0@-1 farL=0@-1/0@-1 Lxy=-1.0,-1.0:-1.0,-1.0/-1.0,-1.0:-1.0,-1.0 Yxy=-1.0,-1.0:-1.0,-1.0/-1.0,-1.0:-1.0,-1.0 farLxy=-1.0,-1.0:-1.0,-1.0/-1.0,-1.0:-1.0,-1.0 best=-1:-1.0,-1.0:-1.0,-1.0:-57295.8:00000/1:108.8,114.0:132.8,97.2:5.7:10111 seed_src=lost/none seed=0.0,0.0/0.0,0.0 far_start=70,0 far_raw=0/0 far_num=0/0 straight=0/1 far_straight=0/0 conf_deg=0.0/5.7/0.0/0.0
CrossDiag: type=CROSS_NONE track=1 half_lr=0/0 nearL=0@-1/0@-1 nearNum=0/124 centerNum=0/124 farL=0@-1/0@-1 farNum=0/0 farRaw=0/0 lost=0/0 not_have=0 final=124/126 flags=0/0
LineErr: aim=33 cxcy=84.0,119.6 left=0:0.00@-1,-1 dx=0.0 idx=-1/-1 dist=-1/-1 right=1:-0.85@85,85 dx=0.8 idx=0/12 dist=32/254 sel=1:-1.31@85,83 dx=1.4 idx=0/16 dist=32/250 edge=0:0.00@-1.0,-1.0 dx=0.0 width=0.0 l=-1,-1 r=112,79
ATGSeedDiag: seed=0@-1,-1/1@137,107 begin=7,108 block=5 clip=8
ATGLptDiag: best=-1(-57295.8) imip=-1/-1 pass=00000 acc=-1 ipm=-1.0,-1.0 inv=-1.0,-1.0 | 1(5.7) imip=0/11 pass=10111 acc=-1 ipm=108.8,114.0 inv=132.8,97.2
frame=143 line=1 track=1 cross=0 circle=1(CIRCLE_LEFT_BEGIN) round=0 yroad=0 ramp=0 road=7 speed=0 near=0/124 raw=0/105 sel=124/126 far=0/0 far_raw=0/0 l=0@-1/0@-1 far_l=0@-1/0@-1 straight=0/1 far_straight=0/0 circle_cnt=8/0/0/0 lost=0/0 conf=0.0/3.1/0.0/0.0 dist=91 m0=(84,119) ml=(85,87) md=32/1/136 cxcy=84.0,119.6 guide=-0.99 atg=4.0/2.0/2.0 pure=-0.82/-0.59 yaw=59 cmd=134 actual=-15 signed=1 rps=3617/3983:4174/3722 duty=7/11
ATGCorner: L=0@-1/0@-1 Y=0@-1/0@-1 farL=0@-1/0@-1 Lxy=-1.0,-1.0:-1.0,-1.0/-1.0,-1.0:-1.0,-1.0 Yxy=-1.0,-1.0:-1.0,-1.0/-1.0,-1.0:-1.0,-1.0 farLxy=-1.0,-1.0:-1.0,-1.0/-1.0,-1.0:-1.0,-1.0 best=-1:-1.0,-1.0:-1.0,-1.0:-57295.8:00000/25:115.7,59.1:101.6,32.8:3.1:10111 seed_src=lost/none seed=0.0,0.0/0.0,0.0 far_start=70,0 far_raw=0/0 far_num=0/0 straight=0/1 far_straight=0/0 conf_deg=0.0/3.1/0.0/0.0
CrossDiag: type=CROSS_NONE track=1 half_lr=0/0 nearL=0@-1/0@-1 nearNum=0/124 centerNum=0/124 farL=0@-1/0@-1 farNum=0/0 farRaw=0/0 lost=0/0 not_have=0 final=124/126 flags=0/0
LineErr: aim=33 cxcy=84.0,119.6 left=0:0.00@-1,-1 dx=0.0 idx=-1/-1 dist=-1/-1 right=1:-1.25@85,83 dx=1.3 idx=0/13 dist=32/252 sel=1:-1.29@85,83 dx=1.4 idx=0/16 dist=32/250 edge=0:0.00@-1.0,-1.0 dx=0.0 width=0.0 l=-1,-1 r=112,80
ATGSeedDiag: seed=0@-1,-1/1@138,108 begin=7,108 block=5 clip=8
ATGLptDiag: best=-1(-57295.8) imip=-1/-1 pass=00000 acc=-1 ipm=-1.0,-1.0 inv=-1.0,-1.0 | 25(3.1) imip=15/35 pass=10111 acc=-1 ipm=115.7,59.1 inv=101.6,32.8
frame=144 line=1 track=1 cross=0 circle=1(CIRCLE_LEFT_BEGIN) round=0 yroad=0 ramp=0 road=7 speed=0 near=0/124 raw=0/105 sel=124/126 far=0/0 far_raw=0/0 l=0@-1/0@-1 far_l=0@-1/0@-1 straight=0/1 far_straight=0/0 circle_cnt=9/0/0/0 lost=0/0 conf=0.0/2.8/0.0/0.0 dist=102 m0=(84,119) ml=(85,87) md=32/1/136 cxcy=84.0,119.6 guide=-1.16 atg=4.0/2.0/2.0 pure=-0.82/-0.60 yaw=69 cmd=150 actual=-11 signed=1 rps=3594/4006:4284/4012 duty=7/11
ATGCorner: L=0@-1/0@-1 Y=0@-1/0@-1 farL=0@-1/0@-1 Lxy=-1.0,-1.0:-1.0,-1.0/-1.0,-1.0:-1.0,-1.0 Yxy=-1.0,-1.0:-1.0,-1.0/-1.0,-1.0:-1.0,-1.0 farLxy=-1.0,-1.0:-1.0,-1.0/-1.0,-1.0:-1.0,-1.0 best=-1:-1.0,-1.0:-1.0,-1.0:-57295.8:00000/26:115.9,56.8:101.0,31.7:2.8:10111 seed_src=lost/none seed=0.0,0.0/0.0,0.0 far_start=70,0 far_raw=0/0 far_num=0/0 straight=0/1 far_straight=0/0 conf_deg=0.0/2.8/0.0/0.0
CrossDiag: type=CROSS_NONE track=1 half_lr=0/0 nearL=0@-1/0@-1 nearNum=0/124 centerNum=0/124 farL=0@-1/0@-1 farNum=0/0 farRaw=0/0 lost=0/0 not_have=0 final=124/126 flags=0/0
LineErr: aim=33 cxcy=84.0,119.6 left=0:0.00@-1,-1 dx=0.0 idx=-1/-1 dist=-1/-1 right=1:-1.34@85,83 dx=1.4 idx=0/13 dist=33/253 sel=1:-1.42@86,83 dx=1.5 idx=0/16 dist=32/250 edge=0:0.00@-1.0,-1.0 dx=0.0 width=0.0 l=-1,-1 r=112,80
ATGSeedDiag: seed=0@-1,-1/1@138,108 begin=7,108 block=5 clip=8
ATGLptDiag: best=-1(-57295.8) imip=-1/-1 pass=00000 acc=-1 ipm=-1.0,-1.0 inv=-1.0,-1.0 | 26(2.8) imip=16/36 pass=10111 acc=-1 ipm=115.9,56.8 inv=101.0,31.7
frame=147 line=1 track=1 cross=0 circle=1(CIRCLE_LEFT_BEGIN) round=0 yroad=0 ramp=0 road=7 speed=0 near=0/125 raw=0/105 sel=125/127 far=0/0 far_raw=0/0 l=0@-1/0@-1 far_l=0@-1/0@-1 straight=0/1 far_straight=0/0 circle_cnt=12/0/0/0 lost=0/0 conf=0.0/4.1/0.0/0.0 dist=135 m0=(84,119) ml=(85,87) md=32/1/138 cxcy=84.0,119.6 guide=-1.33 atg=6.0/2.0/3.0 pure=-0.89/-0.64 yaw=80 cmd=149 actual=10 signed=1 rps=3596/4004:3959/4436 duty=8/10
ATGCorner: L=0@-1/0@-1 Y=0@-1/0@-1 farL=0@-1/0@-1 Lxy=-1.0,-1.0:-1.0,-1.0/-1.0,-1.0:-1.0,-1.0 Yxy=-1.0,-1.0:-1.0,-1.0/-1.0,-1.0:-1.0,-1.0 farLxy=-1.0,-1.0:-1.0,-1.0/-1.0,-1.0:-1.0,-1.0 best=-1:-1.0,-1.0:-1.0,-1.0:-57295.8:00000/1:108.9,114.2:133.6,98.0:4.1:10111 seed_src=lost/none seed=0.0,0.0/0.0,0.0 far_start=70,0 far_raw=0/0 far_num=0/0 straight=0/1 far_straight=0/0 conf_deg=0.0/4.1/0.0/0.0
CrossDiag: type=CROSS_NONE track=1 half_lr=0/0 nearL=0@-1/0@-1 nearNum=0/125 centerNum=0/125 farL=0@-1/0@-1 farNum=0/0 farRaw=0/0 lost=0/0 not_have=0 final=125/127 flags=0/0
LineErr: aim=33 cxcy=84.0,119.6 left=0:0.00@-1,-1 dx=0.0 idx=-1/-1 dist=-1/-1 right=1:-1.39@85,85 dx=1.4 idx=0/12 dist=32/256 sel=1:-1.71@86,83 dx=1.8 idx=0/16 dist=32/252 edge=0:0.00@-1.0,-1.0 dx=0.0 width=0.0 l=-1,-1 r=112,80
ATGSeedDiag: seed=0@-1,-1/1@138,108 begin=7,108 block=5 clip=8
ATGLptDiag: best=-1(-57295.8) imip=-1/-1 pass=00000 acc=-1 ipm=-1.0,-1.0 inv=-1.0,-1.0 | 1(4.1) imip=0/11 pass=10111 acc=-1 ipm=108.9,114.2 inv=133.6,98.0
frame=152 line=1 track=1 cross=0 circle=1(CIRCLE_LEFT_BEGIN) round=0 yroad=0 ramp=0 road=7 speed=0 near=0/124 raw=0/105 sel=124/126 far=0/0 far_raw=0/0 l=0@-1/0@-1 far_l=0@-1/0@-1 straight=0/1 far_straight=0/0 circle_cnt=17/0/0/0 lost=0/0 conf=0.0/2.6/0.0/0.0 dist=191 m0=(84,119) ml=(85,87) md=32/1/136 cxcy=84.0,119.6 guide=-0.99 atg=4.0/2.0/2.0 pure=-0.78/-0.59 yaw=59 cmd=15 actual=103 signed=1 rps=3779/3821:4294/4442 duty=8/10
ATGCorner: L=0@-1/0@-1 Y=0@-1/0@-1 farL=0@-1/0@-1 Lxy=-1.0,-1.0:-1.0,-1.0/-1.0,-1.0:-1.0,-1.0 Yxy=-1.0,-1.0:-1.0,-1.0/-1.0,-1.0:-1.0,-1.0 farLxy=-1.0,-1.0:-1.0,-1.0/-1.0,-1.0:-1.0,-1.0 best=-1:-1.0,-1.0:-1.0,-1.0:-57295.8:00000/24:115.4,61.4:102.1,33.9:2.6:10111 seed_src=lost/none seed=0.0,0.0/0.0,0.0 far_start=70,0 far_raw=0/0 far_num=0/0 straight=0/1 far_straight=0/0 conf_deg=0.0/2.6/0.0/0.0
CrossDiag: type=CROSS_NONE track=1 half_lr=0/0 nearL=0@-1/0@-1 nearNum=0/124 centerNum=0/124 farL=0@-1/0@-1 farNum=0/0 farRaw=0/0 lost=0/0 not_have=0 final=124/126 flags=0/0
LineErr: aim=33 cxcy=84.0,119.6 left=0:0.00@-1,-1 dx=0.0 idx=-1/-1 dist=-1/-1 right=1:-1.27@85,83 dx=1.3 idx=0/13 dist=32/252 sel=1:-1.28@85,83 dx=1.3 idx=0/16 dist=32/250 edge=0:0.00@-1.0,-1.0 dx=0.0 width=0.0 l=-1,-1 r=112,80
ATGSeedDiag: seed=0@-1,-1/1@138,108 begin=7,108 block=5 clip=8
ATGLptDiag: best=-1(-57295.8) imip=-1/-1 pass=00000 acc=-1 ipm=-1.0,-1.0 inv=-1.0,-1.0 | 24(2.6) imip=14/34 pass=10111 acc=-1 ipm=115.4,61.4 inv=102.1,33.9
frame=154 line=1 track=1 cross=0 circle=1(CIRCLE_LEFT_BEGIN) round=0 yroad=0 ramp=0 road=7 speed=0 near=0/124 raw=0/105 sel=124/126 far=0/0 far_raw=0/0 l=0@-1/0@-1 far_l=0@-1/0@-1 straight=0/1 far_straight=0/0 circle_cnt=19/0/0/0 lost=0/0 conf=0.0/2.7/0.0/0.0 dist=215 m0=(84,119) ml=(85,87) md=32/1/136 cxcy=84.0,119.6 guide=-1.16 atg=4.0/2.0/2.0 pure=-0.78/-0.59 yaw=69 cmd=50 actual=89 signed=1 rps=3731/3869:4419/4157 duty=7/10
ATGCorner: L=0@-1/0@-1 Y=0@-1/0@-1 farL=0@-1/0@-1 Lxy=-1.0,-1.0:-1.0,-1.0/-1.0,-1.0:-1.0,-1.0 Yxy=-1.0,-1.0:-1.0,-1.0/-1.0,-1.0:-1.0,-1.0 farLxy=-1.0,-1.0:-1.0,-1.0/-1.0,-1.0:-1.0,-1.0 best=-1:-1.0,-1.0:-1.0,-1.0:-57295.8:00000/23:115.2,63.7:102.8,35.0:2.7:10111 seed_src=lost/none seed=0.0,0.0/0.0,0.0 far_start=70,0 far_raw=0/0 far_num=0/0 straight=0/1 far_straight=0/0 conf_deg=0.0/2.7/0.0/0.0
CrossDiag: type=CROSS_NONE track=1 half_lr=0/0 nearL=0@-1/0@-1 nearNum=0/124 centerNum=0/124 farL=0@-1/0@-1 farNum=0/0 farRaw=0/0 lost=0/0 not_have=0 final=124/126 flags=0/0
LineErr: aim=33 cxcy=84.0,119.6 left=0:0.00@-1,-1 dx=0.0 idx=-1/-1 dist=-1/-1 right=1:-1.17@85,83 dx=1.2 idx=0/13 dist=33/253 sel=1:-1.21@85,83 dx=1.3 idx=0/16 dist=32/250 edge=0:0.00@-1.0,-1.0 dx=0.0 width=0.0 l=-1,-1 r=112,80
ATGSeedDiag: seed=0@-1,-1/1@138,108 begin=7,108 block=5 clip=8
ATGLptDiag: best=-1(-57295.8) imip=-1/-1 pass=00000 acc=-1 ipm=-1.0,-1.0 inv=-1.0,-1.0 | 23(2.7) imip=13/33 pass=10111 acc=-1 ipm=115.2,63.7 inv=102.8,35.0
frame=157 line=1 track=1 cross=0 circle=1(CIRCLE_LEFT_BEGIN) round=0 yroad=0 ramp=0 road=7 speed=0 near=0/124 raw=0/105 sel=124/126 far=0/0 far_raw=0/0 l=0@-1/0@-1 far_l=0@-1/0@-1 straight=0/1 far_straight=0/0 circle_cnt=22/0/0/0 lost=0/0 conf=0.0/2.3/0.0/0.0 dist=248 m0=(84,119) ml=(85,87) md=32/1/135 cxcy=84.0,119.6 guide=-1.16 atg=4.0/2.0/2.0 pure=-0.75/-0.59 yaw=69 cmd=88 actual=51 signed=1 rps=3680/3920:4192/3777 duty=8/11
ATGCorner: L=0@-1/0@-1 Y=0@-1/0@-1 farL=0@-1/0@-1 Lxy=-1.0,-1.0:-1.0,-1.0/-1.0,-1.0:-1.0,-1.0 Yxy=-1.0,-1.0:-1.0,-1.0/-1.0,-1.0:-1.0,-1.0 farLxy=-1.0,-1.0:-1.0,-1.0/-1.0,-1.0:-1.0,-1.0 best=-1:-1.0,-1.0:-1.0,-1.0:-57295.8:00000/23:115.0,63.7:102.6,35.0:2.3:10111 seed_src=lost/none seed=0.0,0.0/0.0,0.0 far_start=70,0 far_raw=0/0 far_num=0/0 straight=0/1 far_straight=0/0 conf_deg=0.0/2.3/0.0/0.0
CrossDiag: type=CROSS_NONE track=1 half_lr=0/0 nearL=0@-1/0@-1 nearNum=0/124 centerNum=0/124 farL=0@-1/0@-1 farNum=0/0 farRaw=0/0 lost=0/0 not_have=0 final=124/126 flags=0/0
LineErr: aim=33 cxcy=84.0,119.6 left=0:0.00@-1,-1 dx=0.0 idx=-1/-1 dist=-1/-1 right=1:-1.30@85,83 dx=1.4 idx=0/13 dist=32/252 sel=1:-1.38@85,83 dx=1.4 idx=0/16 dist=32/250 edge=0:0.00@-1.0,-1.0 dx=0.0 width=0.0 l=-1,-1 r=112,80
ATGSeedDiag: seed=0@-1,-1/1@138,108 begin=7,108 block=5 clip=8
ATGLptDiag: best=-1(-57295.8) imip=-1/-1 pass=00000 acc=-1 ipm=-1.0,-1.0 inv=-1.0,-1.0 | 23(2.3) imip=13/33 pass=10111 acc=-1 ipm=115.0,63.7 inv=102.6,35.0
frame=161 line=1 track=1 cross=0 circle=1(CIRCLE_LEFT_BEGIN) round=0 yroad=0 ramp=0 road=7 speed=0 near=0/124 raw=0/105 sel=124/126 far=0/0 far_raw=0/0 l=0@-1/0@-1 far_l=0@-1/0@-1 straight=0/1 far_straight=0/0 circle_cnt=26/0/0/0 lost=0/0 conf=0.0/3.0/0.0/0.0 dist=293 m0=(84,119) ml=(85,87) md=32/1/136 cxcy=84.0,119.6 guide=-1.16 atg=3.0/1.0/2.0 pure=-0.72/-0.53 yaw=69 cmd=34 actual=105 signed=1 rps=3754/3846:4003/4537 duty=8/10
ATGCorner: L=0@-1/0@-1 Y=0@-1/0@-1 farL=0@-1/0@-1 Lxy=-1.0,-1.0:-1.0,-1.0/-1.0,-1.0:-1.0,-1.0 Yxy=-1.0,-1.0:-1.0,-1.0/-1.0,-1.0:-1.0,-1.0 farLxy=-1.0,-1.0:-1.0,-1.0/-1.0,-1.0:-1.0,-1.0 best=-1:-1.0,-1.0:-1.0,-1.0:-57295.8:00000/22:114.7,66.0:103.1,36.2:3.0:10111 seed_src=lost/none seed=0.0,0.0/0.0,0.0 far_start=70,0 far_raw=0/0 far_num=0/0 straight=0/1 far_straight=0/0 conf_deg=0.0/3.0/0.0/0.0
CrossDiag: type=CROSS_NONE track=1 half_lr=0/0 nearL=0@-1/0@-1 nearNum=0/124 centerNum=0/124 farL=0@-1/0@-1 farNum=0/0 farRaw=0/0 lost=0/0 not_have=0 final=124/126 flags=0/0
LineErr: aim=33 cxcy=84.0,119.6 left=0:0.00@-1,-1 dx=0.0 idx=-1/-1 dist=-1/-1 right=1:-1.24@85,83 dx=1.3 idx=0/13 dist=33/253 sel=1:-1.34@85,83 dx=1.4 idx=0/16 dist=32/250 edge=0:0.00@-1.0,-1.0 dx=0.0 width=0.0 l=-1,-1 r=113,80
ATGSeedDiag: seed=0@-1,-1/1@138,108 begin=7,108 block=5 clip=8
ATGLptDiag: best=-1(-57295.8) imip=-1/-1 pass=00000 acc=-1 ipm=-1.0,-1.0 inv=-1.0,-1.0 | 22(3.0) imip=12/32 pass=10111 acc=-1 ipm=114.7,66.0 inv=103.1,36.2
frame=162 line=0 track=1 cross=0 circle=1(CIRCLE_LEFT_BEGIN) round=0 yroad=0 ramp=0 road=7 speed=0 near=0/1 raw=0/170 sel=1/0 far=0/0 far_raw=0/0 l=0@-1/0@-1 far_l=0@-1/0@-1 straight=0/0 far_straight=0/0 circle_cnt=27/0/0/0 lost=0/0 conf=0.0/0.0/0.0/0.0 dist=305 m0=(-1,-1) ml=(-1,-1) md=-1/0/-1 cxcy=84.0,119.6 guide=0.00 atg=3.0/1.0/2.0 pure=-0.72/-0.53 yaw=0 cmd=0 actual=63 signed=0 rps=0/0:0/0 duty=0/0
ATGCorner: L=0@-1/0@-1 Y=0@-1/0@-1 farL=0@-1/0@-1 Lxy=-1.0,-1.0:-1.0,-1.0/-1.0,-1.0:-1.0,-1.0 Yxy=-1.0,-1.0:-1.0,-1.0/-1.0,-1.0:-1.0,-1.0 farLxy=-1.0,-1.0:-1.0,-1.0/-1.0,-1.0:-1.0,-1.0 best=-1:-1.0,-1.0:-1.0,-1.0:-57295.8:00000/-1:-1.0,-1.0:-1.0,-1.0:-57295.8:00000 seed_src=lost/lost seed=0.0,0.0/0.0,0.0 far_start=70,0 far_raw=0/0 far_num=0/0 straight=0/0 far_straight=0/0 conf_deg=0.0/0.0/0.0/0.0
CrossDiag: type=CROSS_NONE track=1 half_lr=0/0 nearL=0@-1/0@-1 nearNum=0/1 centerNum=0/1 farL=0@-1/0@-1 farNum=0/0 farRaw=0/0 lost=0/0 not_have=0 final=1/0 flags=0/0
LineErr: aim=33 cxcy=84.0,119.6 left=0:0.00@-1,-1 dx=0.0 idx=-1/-1 dist=-1/-1 right=0:0.00@-1,-1 dx=0.0 idx=-1/-1 dist=-1/-1 sel=0:0.00@-1,-1 dx=0.0 idx=-1/-1 dist=-1/-1 edge=0:0.00@-1.0,-1.0 dx=0.0 width=0.0 l=-1,-1 r=-1,-1
ATGSeedDiag: seed=0@-1,-1/1@89,108 begin=7,108 block=5 clip=8
ATGLptDiag: best=-1(-57295.8) imip=-1/-1 pass=00000 acc=-1 ipm=-1.0,-1.0 inv=-1.0,-1.0 | -1(-57295.8) imip=-1/-1 pass=00000 acc=-1 ipm=-1.0,-1.0 inv=-1.0,-1.0
frame=163 line=1 track=1 cross=0 circle=1(CIRCLE_LEFT_BEGIN) round=0 yroad=0 ramp=0 road=7 speed=0 near=0/124 raw=0/105 sel=124/126 far=0/0 far_raw=0/0 l=0@-1/0@-1 far_l=0@-1/0@-1 straight=0/1 far_straight=0/0 circle_cnt=28/0/0/0 lost=0/0 conf=0.0/2.7/0.0/0.0 dist=316 m0=(84,119) ml=(85,87) md=32/1/136 cxcy=84.0,119.6 guide=-1.16 atg=3.0/1.0/2.0 pure=-0.67/-0.53 yaw=69 cmd=131 actual=8 signed=1 rps=3621/3979:4089/4578 duty=8/10
ATGCorner: L=0@-1/0@-1 Y=0@-1/0@-1 farL=0@-1/0@-1 Lxy=-1.0,-1.0:-1.0,-1.0/-1.0,-1.0:-1.0,-1.0 Yxy=-1.0,-1.0:-1.0,-1.0/-1.0,-1.0:-1.0,-1.0 farLxy=-1.0,-1.0:-1.0,-1.0/-1.0,-1.0:-1.0,-1.0 best=-1:-1.0,-1.0:-1.0,-1.0:-57295.8:00000/21:114.3,68.3:103.7,37.5:2.7:10111 seed_src=lost/none seed=0.0,0.0/0.0,0.0 far_start=70,0 far_raw=0/0 far_num=0/0 straight=0/1 far_straight=0/0 conf_deg=0.0/2.7/0.0/0.0
CrossDiag: type=CROSS_NONE track=1 half_lr=0/0 nearL=0@-1/0@-1 nearNum=0/124 centerNum=0/124 farL=0@-1/0@-1 farNum=0/0 farRaw=0/0 lost=0/0 not_have=0 final=124/126 flags=0/0
LineErr: aim=33 cxcy=84.0,119.6 left=0:0.00@-1,-1 dx=0.0 idx=-1/-1 dist=-1/-1 right=1:-1.22@85,84 dx=1.3 idx=0/13 dist=32/253 sel=1:-1.31@85,83 dx=1.4 idx=0/16 dist=32/250 edge=0:0.00@-1.0,-1.0 dx=0.0 width=0.0 l=-1,-1 r=112,80
ATGSeedDiag: seed=0@-1,-1/1@138,108 begin=7,108 block=5 clip=8
ATGLptDiag: best=-1(-57295.8) imip=-1/-1 pass=00000 acc=-1 ipm=-1.0,-1.0 inv=-1.0,-1.0 | 21(2.7) imip=11/31 pass=10111 acc=-1 ipm=114.3,68.3 inv=103.7,37.5
frame=165 line=1 track=1 cross=0 circle=1(CIRCLE_LEFT_BEGIN) round=0 yroad=0 ramp=0 road=7 speed=0 near=0/124 raw=0/105 sel=124/125 far=0/0 far_raw=0/0 l=0@-1/0@-1 far_l=0@-1/0@-1 straight=0/1 far_straight=0/0 circle_cnt=30/0/0/0 lost=0/0 conf=0.0/2.2/0.0/0.0 dist=338 m0=(84,119) ml=(85,87) md=32/1/133 cxcy=84.0,119.6 guide=-1.16 atg=3.0/1.0/2.0 pure=-0.62/-0.53 yaw=69 cmd=122 actual=17 signed=1 rps=3633/3967:3894/4252 duty=8/11
ATGCorner: L=0@-1/0@-1 Y=0@-1/0@-1 farL=0@-1/0@-1 Lxy=-1.0,-1.0:-1.0,-1.0/-1.0,-1.0:-1.0,-1.0 Yxy=-1.0,-1.0:-1.0,-1.0/-1.0,-1.0:-1.0,-1.0 farLxy=-1.0,-1.0:-1.0,-1.0/-1.0,-1.0:-1.0,-1.0 best=-1:-1.0,-1.0:-1.0,-1.0:-57295.8:00000/21:114.1,68.2:103.5,37.5:2.2:10111 seed_src=lost/none seed=0.0,0.0/0.0,0.0 far_start=70,0 far_raw=0/0 far_num=0/0 straight=0/1 far_straight=0/0 conf_deg=0.0/2.2/0.0/0.0
CrossDiag: type=CROSS_NONE track=1 half_lr=0/0 nearL=0@-1/0@-1 nearNum=0/124 centerNum=0/124 farL=0@-1/0@-1 farNum=0/0 farRaw=0/0 lost=0/0 not_have=0 final=124/125 flags=0/0
LineErr: aim=33 cxcy=84.0,119.6 left=0:0.00@-1,-1 dx=0.0 idx=-1/-1 dist=-1/-1 right=1:-1.21@85,84 dx=1.3 idx=0/13 dist=33/254 sel=1:-1.31@85,83 dx=1.4 idx=0/16 dist=32/248 edge=0:0.00@-1.0,-1.0 dx=0.0 width=0.0 l=-1,-1 r=112,80
ATGSeedDiag: seed=0@-1,-1/1@138,108 begin=7,108 block=5 clip=8
ATGLptDiag: best=-1(-57295.8) imip=-1/-1 pass=00000 acc=-1 ipm=-1.0,-1.0 inv=-1.0,-1.0 | 21(2.2) imip=11/31 pass=10111 acc=-1 ipm=114.1,68.2 inv=103.5,37.5
frame=167 line=1 track=1 cross=0 circle=1(CIRCLE_LEFT_BEGIN) round=0 yroad=0 ramp=0 road=7 speed=0 near=0/124 raw=0/105 sel=124/126 far=0/0 far_raw=0/0 l=0@-1/0@-1 far_l=0@-1/0@-1 straight=0/1 far_straight=0/0 circle_cnt=32/0/0/0 lost=0/0 conf=0.0/2.9/0.0/0.0 dist=362 m0=(84,119) ml=(85,87) md=32/1/133 cxcy=84.0,119.6 guide=-1.16 atg=3.0/1.0/2.0 pure=-0.63/-0.53 yaw=69 cmd=91 actual=48 signed=1 rps=3676/3924:4073/4126 duty=8/11
ATGCorner: L=0@-1/0@-1 Y=0@-1/0@-1 farL=0@-1/0@-1 Lxy=-1.0,-1.0:-1.0,-1.0/-1.0,-1.0:-1.0,-1.0 Yxy=-1.0,-1.0:-1.0,-1.0/-1.0,-1.0:-1.0,-1.0 farLxy=-1.0,-1.0:-1.0,-1.0/-1.0,-1.0:-1.0,-1.0 best=-1:-1.0,-1.0:-1.0,-1.0:-57295.8:00000/20:114.1,70.6:104.5,38.9:2.9:10111 seed_src=lost/none seed=0.0,0.0/0.0,0.0 far_start=70,0 far_raw=0/0 far_num=0/0 straight=0/1 far_straight=0/0 conf_deg=0.0/2.9/0.0/0.0
CrossDiag: type=CROSS_NONE track=1 half_lr=0/0 nearL=0@-1/0@-1 nearNum=0/124 centerNum=0/124 farL=0@-1/0@-1 farNum=0/0 farRaw=0/0 lost=0/0 not_have=0 final=124/126 flags=0/0
LineErr: aim=33 cxcy=84.0,119.6 left=0:0.00@-1,-1 dx=0.0 idx=-1/-1 dist=-1/-1 right=1:-1.03@85,86 dx=1.0 idx=0/12 dist=32/255 sel=1:-1.39@85,83 dx=1.5 idx=0/16 dist=32/250 edge=0:0.00@-1.0,-1.0 dx=0.0 width=0.0 l=-1,-1 r=113,80
ATGSeedDiag: seed=0@-1,-1/1@138,108 begin=7,108 block=5 clip=8
ATGLptDiag: best=-1(-57295.8) imip=-1/-1 pass=00000 acc=-1 ipm=-1.0,-1.0 inv=-1.0,-1.0 | 20(2.9) imip=10/30 pass=10111 acc=-1 ipm=114.1,70.6 inv=104.5,38.9
frame=168 line=1 track=1 cross=0 circle=1(CIRCLE_LEFT_BEGIN) round=0 yroad=0 ramp=0 road=7 speed=0 near=0/124 raw=0/105 sel=124/126 far=0/0 far_raw=0/0 l=0@-1/0@-1 far_l=0@-1/0@-1 straight=0/1 far_straight=0/0 circle_cnt=33/0/0/0 lost=0/0 conf=0.0/2.3/0.0/0.0 dist=374 m0=(84,119) ml=(85,87) md=32/1/133 cxcy=84.0,119.6 guide=-0.99 atg=3.0/1.0/2.0 pure=-0.63/-0.53 yaw=59 cmd=78 actual=40 signed=1 rps=3692/3908:4326/4169 duty=8/10
ATGCorner: L=0@-1/0@-1 Y=0@-1/0@-1 farL=0@-1/0@-1 Lxy=-1.0,-1.0:-1.0,-1.0/-1.0,-1.0:-1.0,-1.0 Yxy=-1.0,-1.0:-1.0,-1.0/-1.0,-1.0:-1.0,-1.0 farLxy=-1.0,-1.0:-1.0,-1.0/-1.0,-1.0:-1.0,-1.0 best=-1:-1.0,-1.0:-1.0,-1.0:-57295.8:00000/21:114.1,68.2:103.5,37.5:2.3:10111 seed_src=lost/none seed=0.0,0.0/0.0,0.0 far_start=70,0 far_raw=0/0 far_num=0/0 straight=0/1 far_straight=0/0 conf_deg=0.0/2.3/0.0/0.0
CrossDiag: type=CROSS_NONE track=1 half_lr=0/0 nearL=0@-1/0@-1 nearNum=0/124 centerNum=0/124 farL=0@-1/0@-1 farNum=0/0 farRaw=0/0 lost=0/0 not_have=0 final=124/126 flags=0/0
LineErr: aim=33 cxcy=84.0,119.6 left=0:0.00@-1,-1 dx=0.0 idx=-1/-1 dist=-1/-1 right=1:-1.03@85,86 dx=1.0 idx=0/12 dist=32/254 sel=1:-1.38@85,83 dx=1.4 idx=0/16 dist=32/250 edge=0:0.00@-1.0,-1.0 dx=0.0 width=0.0 l=-1,-1 r=113,80
ATGSeedDiag: seed=0@-1,-1/1@138,108 begin=7,108 block=5 clip=8
ATGLptDiag: best=-1(-57295.8) imip=-1/-1 pass=00000 acc=-1 ipm=-1.0,-1.0 inv=-1.0,-1.0 | 21(2.3) imip=11/31 pass=10111 acc=-1 ipm=114.1,68.2 inv=103.5,37.5
frame=170 line=1 track=1 cross=0 circle=1(CIRCLE_LEFT_BEGIN) round=0 yroad=0 ramp=0 road=7 speed=0 near=0/124 raw=0/105 sel=124/126 far=0/0 far_raw=0/0 l=0@-1/0@-1 far_l=0@-1/0@-1 straight=0/1 far_straight=0/0 circle_cnt=35/0/0/0 lost=0/0 conf=0.0/2.7/0.0/0.0 dist=396 m0=(84,119) ml=(85,87) md=32/1/133 cxcy=84.0,119.6 guide=-1.16 atg=3.0/1.0/2.0 pure=-0.62/-0.53 yaw=69 cmd=94 actual=45 signed=1 rps=3671/3929:4416/3928 duty=7/11
ATGCorner: L=0@-1/0@-1 Y=0@-1/0@-1 farL=0@-1/0@-1 Lxy=-1.0,-1.0:-1.0,-1.0/-1.0,-1.0:-1.0,-1.0 Yxy=-1.0,-1.0:-1.0,-1.0/-1.0,-1.0:-1.0,-1.0 farLxy=-1.0,-1.0:-1.0,-1.0/-1.0,-1.0:-1.0,-1.0 best=-1:-1.0,-1.0:-1.0,-1.0:-57295.8:00000/19:113.8,72.9:105.1,40.4:2.7:10111 seed_src=lost/none seed=0.0,0.0/0.0,0.0 far_start=70,0 far_raw=0/0 far_num=0/0 straight=0/1 far_straight=0/0 conf_deg=0.0/2.7/0.0/0.0
CrossDiag: type=CROSS_NONE track=1 half_lr=0/0 nearL=0@-1/0@-1 nearNum=0/124 centerNum=0/124 farL=0@-1/0@-1 farNum=0/0 farRaw=0/0 lost=0/0 not_have=0 final=124/126 flags=0/0
LineErr: aim=33 cxcy=84.0,119.6 left=0:0.00@-1,-1 dx=0.0 idx=-1/-1 dist=-1/-1 right=1:-1.08@85,86 dx=1.1 idx=0/12 dist=32/254 sel=1:-1.55@86,83 dx=1.6 idx=0/16 dist=32/250 edge=0:0.00@-1.0,-1.0 dx=0.0 width=0.0 l=-1,-1 r=113,80
ATGSeedDiag: seed=0@-1,-1/1@138,108 begin=7,108 block=5 clip=8
ATGLptDiag: best=-1(-57295.8) imip=-1/-1 pass=00000 acc=-1 ipm=-1.0,-1.0 inv=-1.0,-1.0 | 19(2.7) imip=9/29 pass=10111 acc=-1 ipm=113.8,72.9 inv=105.1,40.4
frame=171 line=1 track=1 cross=0 circle=1(CIRCLE_LEFT_BEGIN) round=0 yroad=0 ramp=0 road=7 speed=0 near=0/124 raw=0/105 sel=124/126 far=0/0 far_raw=0/0 l=0@-1/0@-1 far_l=0@-1/0@-1 straight=0/1 far_straight=0/0 circle_cnt=36/0/0/0 lost=0/0 conf=0.0/2.8/0.0/0.0 dist=407 m0=(84,119) ml=(85,87) md=32/1/133 cxcy=84.0,119.6 guide=-1.16 atg=2.0/1.0/2.0 pure=-0.60/-0.53 yaw=69 cmd=89 actual=50 signed=1 rps=3678/3922:4512/4039 duty=7/11
ATGCorner: L=0@-1/0@-1 Y=0@-1/0@-1 farL=0@-1/0@-1 Lxy=-1.0,-1.0:-1.0,-1.0/-1.0,-1.0:-1.0,-1.0 Yxy=-1.0,-1.0:-1.0,-1.0/-1.0,-1.0:-1.0,-1.0 farLxy=-1.0,-1.0:-1.0,-1.0/-1.0,-1.0:-1.0,-1.0 best=-1:-1.0,-1.0:-1.0,-1.0:-57295.8:00000/1:108.7,114.2:133.3,98.0:2.8:10111 seed_src=lost/none seed=0.0,0.0/0.0,0.0 far_start=70,0 far_raw=0/0 far_num=0/0 straight=0/1 far_straight=0/0 conf_deg=0.0/2.8/0.0/0.0
CrossDiag: type=CROSS_NONE track=1 half_lr=0/0 nearL=0@-1/0@-1 nearNum=0/124 centerNum=0/124 farL=0@-1/0@-1 farNum=0/0 farRaw=0/0 lost=0/0 not_have=0 final=124/126 flags=0/0
LineErr: aim=33 cxcy=84.0,119.6 left=0:0.00@-1,-1 dx=0.0 idx=-1/-1 dist=-1/-1 right=1:-1.08@85,86 dx=1.1 idx=0/12 dist=32/255 sel=1:-1.56@86,83 dx=1.6 idx=0/16 dist=32/250 edge=0:0.00@-1.0,-1.0 dx=0.0 width=0.0 l=-1,-1 r=113,80
ATGSeedDiag: seed=0@-1,-1/1@138,108 begin=7,108 block=5 clip=8
ATGLptDiag: best=-1(-57295.8) imip=-1/-1 pass=00000 acc=-1 ipm=-1.0,-1.0 inv=-1.0,-1.0 | 1(2.8) imip=0/11 pass=10111 acc=-1 ipm=108.7,114.2 inv=133.3,98.0
frame=172 line=1 track=1 cross=0 circle=1(CIRCLE_LEFT_BEGIN) round=0 yroad=0 ramp=0 road=7 speed=0 near=0/124 raw=0/105 sel=124/126 far=0/0 far_raw=0/0 l=0@-1/0@-1 far_l=0@-1/0@-1 straight=0/1 far_straight=0/0 circle_cnt=37/0/0/0 lost=0/0 conf=0.0/3.1/0.0/0.0 dist=418 m0=(84,119) ml=(85,87) md=32/1/134 cxcy=84.0,119.6 guide=-1.16 atg=2.0/1.0/1.0 pure=-0.55/-0.48 yaw=69 cmd=94 actual=45 signed=1 rps=3672/3928:4223/3851 duty=8/11
ATGCorner: L=0@-1/0@-1 Y=0@-1/0@-1 farL=0@-1/0@-1 Lxy=-1.0,-1.0:-1.0,-1.0/-1.0,-1.0:-1.0,-1.0 Yxy=-1.0,-1.0:-1.0,-1.0/-1.0,-1.0:-1.0,-1.0 farLxy=-1.0,-1.0:-1.0,-1.0/-1.0,-1.0:-1.0,-1.0 best=-1:-1.0,-1.0:-1.0,-1.0:-57295.8:00000/20:113.8,70.6:104.1,38.9:3.1:10111 seed_src=lost/none seed=0.0,0.0/0.0,0.0 far_start=70,0 far_raw=0/0 far_num=0/0 straight=0/1 far_straight=0/0 conf_deg=0.0/3.1/0.0/0.0
CrossDiag: type=CROSS_NONE track=1 half_lr=0/0 nearL=0@-1/0@-1 nearNum=0/124 centerNum=0/124 farL=0@-1/0@-1 farNum=0/0 farRaw=0/0 lost=0/0 not_have=0 final=124/126 flags=0/0
LineErr: aim=33 cxcy=84.0,119.6 left=0:0.00@-1,-1 dx=0.0 idx=-1/-1 dist=-1/-1 right=1:-1.07@85,86 dx=1.1 idx=0/12 dist=32/255 sel=1:-1.56@86,83 dx=1.6 idx=0/16 dist=32/250 edge=0:0.00@-1.0,-1.0 dx=0.0 width=0.0 l=-1,-1 r=113,80
ATGSeedDiag: seed=0@-1,-1/1@138,108 begin=7,108 block=5 clip=8
ATGLptDiag: best=-1(-57295.8) imip=-1/-1 pass=00000 acc=-1 ipm=-1.0,-1.0 inv=-1.0,-1.0 | 20(3.1) imip=10/30 pass=10111 acc=-1 ipm=113.8,70.6 inv=104.1,38.9
frame=173 line=1 track=1 cross=0 circle=1(CIRCLE_LEFT_BEGIN) round=0 yroad=0 ramp=0 road=7 speed=0 near=0/124 raw=0/105 sel=124/126 far=0/0 far_raw=0/0 l=0@-1/0@-1 far_l=0@-1/0@-1 straight=0/1 far_straight=0/0 circle_cnt=38/0/0/0 lost=0/0 conf=0.0/3.1/0.0/0.0 dist=430 m0=(84,119) ml=(85,87) md=32/1/134 cxcy=84.0,119.6 guide=-1.16 atg=2.0/1.0/1.0 pure=-0.52/-0.48 yaw=69 cmd=110 actual=29 signed=1 rps=3649/3951:4324/4138 duty=7/11
ATGCorner: L=0@-1/0@-1 Y=0@-1/0@-1 farL=0@-1/0@-1 Lxy=-1.0,-1.0:-1.0,-1.0/-1.0,-1.0:-1.0,-1.0 Yxy=-1.0,-1.0:-1.0,-1.0/-1.0,-1.0:-1.0,-1.0 farLxy=-1.0,-1.0:-1.0,-1.0/-1.0,-1.0:-1.0,-1.0 best=-1:-1.0,-1.0:-1.0,-1.0:-57295.8:00000/3:109.5,109.6:127.6,85.8:3.1:10111 seed_src=lost/none seed=0.0,0.0/0.0,0.0 far_start=70,0 far_raw=0/0 far_num=0/0 straight=0/1 far_straight=0/0 conf_deg=0.0/3.1/0.0/0.0
CrossDiag: type=CROSS_NONE track=1 half_lr=0/0 nearL=0@-1/0@-1 nearNum=0/124 centerNum=0/124 farL=0@-1/0@-1 farNum=0/0 farRaw=0/0 lost=0/0 not_have=0 final=124/126 flags=0/0
LineErr: aim=33 cxcy=84.0,119.6 left=0:0.00@-1,-1 dx=0.0 idx=-1/-1 dist=-1/-1 right=1:-1.07@85,86 dx=1.1 idx=0/12 dist=32/255 sel=1:-1.58@86,83 dx=1.7 idx=0/16 dist=32/250 edge=0:0.00@-1.0,-1.0 dx=0.0 width=0.0 l=-1,-1 r=113,80
ATGSeedDiag: seed=0@-1,-1/1@138,108 begin=7,108 block=5 clip=8
ATGLptDiag: best=-1(-57295.8) imip=-1/-1 pass=00000 acc=-1 ipm=-1.0,-1.0 inv=-1.0,-1.0 | 3(3.1) imip=0/13 pass=10111 acc=-1 ipm=109.5,109.6 inv=127.6,85.8
frame=174 line=1 track=1 cross=0 circle=1(CIRCLE_LEFT_BEGIN) round=0 yroad=0 ramp=0 road=7 speed=0 near=0/124 raw=0/105 sel=124/126 far=0/0 far_raw=0/0 l=0@-1/0@-1 far_l=0@-1/0@-1 straight=0/1 far_straight=0/0 circle_cnt=39/0/0/0 lost=0/0 conf=0.0/3.3/0.0/0.0 dist=441 m0=(84,119) ml=(85,87) md=32/1/134 cxcy=84.0,119.6 guide=-1.16 atg=2.0/1.0/1.0 pure=-0.59/-0.48 yaw=70 cmd=127 actual=12 signed=1 rps=3626/3974:4034/4090 duty=8/11
ATGCorner: L=0@-1/0@-1 Y=0@-1/0@-1 farL=0@-1/0@-1 Lxy=-1.0,-1.0:-1.0,-1.0/-1.0,-1.0:-1.0,-1.0 Yxy=-1.0,-1.0:-1.0,-1.0/-1.0,-1.0:-1.0,-1.0 farLxy=-1.0,-1.0:-1.0,-1.0/-1.0,-1.0:-1.0,-1.0 best=-1:-1.0,-1.0:-1.0,-1.0:-57295.8:00000/20:113.9,70.6:104.2,38.9:3.3:10111 seed_src=lost/none seed=0.0,0.0/0.0,0.0 far_start=70,0 far_raw=0/0 far_num=0/0 straight=0/1 far_straight=0/0 conf_deg=0.0/3.3/0.0/0.0
CrossDiag: type=CROSS_NONE track=1 half_lr=0/0 nearL=0@-1/0@-1 nearNum=0/124 centerNum=0/124 farL=0@-1/0@-1 farNum=0/0 farRaw=0/0 lost=0/0 not_have=0 final=124/126 flags=0/0
LineErr: aim=33 cxcy=84.0,119.6 left=0:0.00@-1,-1 dx=0.0 idx=-1/-1 dist=-1/-1 right=1:-1.16@85,86 dx=1.1 idx=0/12 dist=32/254 sel=1:-1.78@86,83 dx=1.9 idx=0/16 dist=32/250 edge=0:0.00@-1.0,-1.0 dx=0.0 width=0.0 l=-1,-1 r=113,80
ATGSeedDiag: seed=0@-1,-1/1@138,108 begin=7,108 block=5 clip=8
ATGLptDiag: best=-1(-57295.8) imip=-1/-1 pass=00000 acc=-1 ipm=-1.0,-1.0 inv=-1.0,-1.0 | 20(3.3) imip=10/30 pass=10111 acc=-1 ipm=113.9,70.6 inv=104.2,38.9
frame=175 line=1 track=1 cross=0 circle=1(CIRCLE_LEFT_BEGIN) round=0 yroad=0 ramp=0 road=7 speed=0 near=0/124 raw=0/105 sel=124/126 far=0/0 far_raw=0/0 l=0@-1/0@-1 far_l=0@-1/0@-1 straight=0/1 far_straight=0/0 circle_cnt=40/0/0/0 lost=0/0 conf=0.0/3.1/0.0/0.0 dist=453 m0=(84,119) ml=(85,87) md=32/1/134 cxcy=84.0,119.6 guide=-1.67 atg=2.0/1.0/1.0 pure=-0.60/-0.51 yaw=100 cmd=193 actual=7 signed=1 rps=3535/4065:4077/4410 duty=7/11
ATGCorner: L=0@-1/0@-1 Y=0@-1/0@-1 farL=0@-1/0@-1 Lxy=-1.0,-1.0:-1.0,-1.0/-1.0,-1.0:-1.0,-1.0 Yxy=-1.0,-1.0:-1.0,-1.0/-1.0,-1.0:-1.0,-1.0 farLxy=-1.0,-1.0:-1.0,-1.0/-1.0,-1.0:-1.0,-1.0 best=-1:-1.0,-1.0:-1.0,-1.0:-57295.8:00000/18:113.8,75.2:106.1,41.9:3.1:10111 seed_src=lost/none seed=0.0,0.0/0.0,0.0 far_start=70,0 far_raw=0/0 far_num=0/0 straight=0/1 far_straight=0/0 conf_deg=0.0/3.1/0.0/0.0
CrossDiag: type=CROSS_NONE track=1 half_lr=0/0 nearL=0@-1/0@-1 nearNum=0/124 centerNum=0/124 farL=0@-1/0@-1 farNum=0/0 farRaw=0/0 lost=0/0 not_have=0 final=124/126 flags=0/0
LineErr: aim=33 cxcy=84.0,119.6 left=0:0.00@-1,-1 dx=0.0 idx=-1/-1 dist=-1/-1 right=1:-1.30@85,86 dx=1.3 idx=0/12 dist=32/255 sel=1:-1.93@86,83 dx=2.0 idx=0/16 dist=32/250 edge=0:0.00@-1.0,-1.0 dx=0.0 width=0.0 l=-1,-1 r=113,80
ATGSeedDiag: seed=0@-1,-1/1@138,108 begin=7,108 block=5 clip=8
ATGLptDiag: best=-1(-57295.8) imip=-1/-1 pass=00000 acc=-1 ipm=-1.0,-1.0 inv=-1.0,-1.0 | 18(3.1) imip=8/28 pass=10111 acc=-1 ipm=113.8,75.2 inv=106.1,41.9
frame=176 line=1 track=1 cross=0 circle=1(CIRCLE_LEFT_BEGIN) round=0 yroad=0 ramp=0 road=7 speed=0 near=0/124 raw=0/105 sel=124/126 far=0/0 far_raw=0/0 l=0@-1/0@-1 far_l=0@-1/0@-1 straight=0/1 far_straight=0/0 circle_cnt=41/0/0/0 lost=0/0 conf=0.0/4.0/0.0/0.0 dist=464 m0=(84,119) ml=(85,87) md=32/1/133 cxcy=84.0,119.6 guide=-1.66 atg=2.0/1.0/2.0 pure=-0.60/-0.53 yaw=100 cmd=203 actual=-3 signed=1 rps=3522/4078:4022/4524 duty=7/11
ATGCorner: L=0@-1/0@-1 Y=0@-1/0@-1 farL=0@-1/0@-1 Lxy=-1.0,-1.0:-1.0,-1.0/-1.0,-1.0:-1.0,-1.0 Yxy=-1.0,-1.0:-1.0,-1.0/-1.0,-1.0:-1.0,-1.0 farLxy=-1.0,-1.0:-1.0,-1.0/-1.0,-1.0:-1.0,-1.0 best=-1:-1.0,-1.0:-1.0,-1.0:-57295.8:00000/2:109.3,112.0:130.6,91.6:4.0:10111 seed_src=lost/none seed=0.0,0.0/0.0,0.0 far_start=70,0 far_raw=0/0 far_num=0/0 straight=0/1 far_straight=0/0 conf_deg=0.0/4.0/0.0/0.0
CrossDiag: type=CROSS_NONE track=1 half_lr=0/0 nearL=0@-1/0@-1 nearNum=0/124 centerNum=0/124 farL=0@-1/0@-1 farNum=0/0 farRaw=0/0 lost=0/0 not_have=0 final=124/126 flags=0/0
LineErr: aim=33 cxcy=84.0,119.6 left=0:0.00@-1,-1 dx=0.0 idx=-1/-1 dist=-1/-1 right=1:-1.80@86,84 dx=1.8 idx=0/13 dist=32/253 sel=1:-1.99@86,83 dx=2.1 idx=0/16 dist=32/250 edge=0:0.00@-1.0,-1.0 dx=0.0 width=0.0 l=-1,-1 r=113,80
ATGSeedDiag: seed=0@-1,-1/1@138,108 begin=7,108 block=5 clip=8
ATGLptDiag: best=-1(-57295.8) imip=-1/-1 pass=00000 acc=-1 ipm=-1.0,-1.0 inv=-1.0,-1.0 | 2(4.0) imip=0/12 pass=10111 acc=-1 ipm=109.3,112.0 inv=130.6,91.6
frame=177 line=1 track=1 cross=0 circle=1(CIRCLE_LEFT_BEGIN) round=0 yroad=0 ramp=0 road=7 speed=0 near=0/124 raw=0/105 sel=124/126 far=0/0 far_raw=0/0 l=0@-1/0@-1 far_l=0@-1/0@-1 straight=0/1 far_straight=0/0 circle_cnt=42/0/0/0 lost=0/0 conf=0.0/6.4/0.0/0.0 dist=475 m0=(84,119) ml=(85,87) md=32/1/133 cxcy=84.0,119.6 guide=-1.66 atg=2.0/1.0/2.0 pure=-0.60/-0.53 yaw=100 cmd=205 actual=-6 signed=1 rps=3519/4081:3815/4310 duty=8/11
ATGCorner: L=0@-1/0@-1 Y=0@-1/0@-1 farL=0@-1/0@-1 Lxy=-1.0,-1.0:-1.0,-1.0/-1.0,-1.0:-1.0,-1.0 Yxy=-1.0,-1.0:-1.0,-1.0/-1.0,-1.0:-1.0,-1.0 farLxy=-1.0,-1.0:-1.0,-1.0/-1.0,-1.0:-1.0,-1.0 best=-1:-1.0,-1.0:-1.0,-1.0:-57295.8:00000/1:109.0,114.3:133.8,98.1:6.4:10111 seed_src=lost/none seed=0.0,0.0/0.0,0.0 far_start=70,0 far_raw=0/0 far_num=0/0 straight=0/1 far_straight=0/0 conf_deg=0.0/6.4/0.0/0.0
CrossDiag: type=CROSS_NONE track=1 half_lr=0/0 nearL=0@-1/0@-1 nearNum=0/124 centerNum=0/124 farL=0@-1/0@-1 farNum=0/0 farRaw=0/0 lost=0/0 not_have=0 final=124/126 flags=0/0
LineErr: aim=33 cxcy=84.0,119.6 left=0:0.00@-1,-1 dx=0.0 idx=-1/-1 dist=-1/-1 right=1:-1.95@86,84 dx=2.0 idx=0/13 dist=32/253 sel=1:-2.14@86,83 dx=2.2 idx=0/16 dist=32/250 edge=0:0.00@-1.0,-1.0 dx=0.0 width=0.0 l=-1,-1 r=113,80
ATGSeedDiag: seed=0@-1,-1/1@138,108 begin=7,108 block=5 clip=8
ATGLptDiag: best=-1(-57295.8) imip=-1/-1 pass=00000 acc=-1 ipm=-1.0,-1.0 inv=-1.0,-1.0 | 1(6.4) imip=0/11 pass=10111 acc=-1 ipm=109.0,114.3 inv=133.8,98.1
frame=178 line=1 track=1 cross=0 circle=1(CIRCLE_LEFT_BEGIN) round=0 yroad=0 ramp=0 road=7 speed=0 near=0/124 raw=0/105 sel=124/126 far=0/0 far_raw=0/0 l=0@-1/0@-1 far_l=0@-1/0@-1 straight=0/1 far_straight=0/0 circle_cnt=43/0/0/0 lost=0/0 conf=0.0/5.8/0.0/0.0 dist=486 m0=(84,119) ml=(85,87) md=32/1/133 cxcy=84.0,119.6 guide=-1.66 atg=2.0/1.0/2.0 pure=-0.60/-0.53 yaw=100 cmd=202 actual=-3 signed=1 rps=3523/4077:3983/4444 duty=7/11
ATGCorner: L=0@-1/0@-1 Y=0@-1/0@-1 farL=0@-1/0@-1 Lxy=-1.0,-1.0:-1.0,-1.0/-1.0,-1.0:-1.0,-1.0 Yxy=-1.0,-1.0:-1.0,-1.0/-1.0,-1.0:-1.0,-1.0 farLxy=-1.0,-1.0:-1.0,-1.0/-1.0,-1.0:-1.0,-1.0 best=-1:-1.0,-1.0:-1.0,-1.0:-57295.8:00000/2:109.4,112.0:131.0,91.6:5.8:10111 seed_src=lost/none seed=0.0,0.0/0.0,0.0 far_start=70,0 far_raw=0/0 far_num=0/0 straight=0/1 far_straight=0/0 conf_deg=0.0/5.8/0.0/0.0
CrossDiag: type=CROSS_NONE track=1 half_lr=0/0 nearL=0@-1/0@-1 nearNum=0/124 centerNum=0/124 farL=0@-1/0@-1 farNum=0/0 farRaw=0/0 lost=0/0 not_have=0 final=124/126 flags=0/0
LineErr: aim=33 cxcy=84.0,119.6 left=0:0.00@-1,-1 dx=0.0 idx=-1/-1 dist=-1/-1 right=1:-1.60@86,86 dx=1.6 idx=0/12 dist=32/255 sel=1:-2.28@86,83 dx=2.4 idx=0/16 dist=32/250 edge=0:0.00@-1.0,-1.0 dx=0.0 width=0.0 l=-1,-1 r=113,80
ATGSeedDiag: seed=0@-1,-1/1@138,108 begin=7,108 block=5 clip=8
ATGLptDiag: best=-1(-57295.8) imip=-1/-1 pass=00000 acc=-1 ipm=-1.0,-1.0 inv=-1.0,-1.0 | 2(5.8) imip=0/12 pass=10111 acc=-1 ipm=109.4,112.0 inv=131.0,91.6
frame=179 line=1 track=1 cross=0 circle=1(CIRCLE_LEFT_BEGIN) round=0 yroad=0 ramp=0 road=7 speed=0 near=0/124 raw=0/105 sel=124/126 far=0/0 far_raw=0/0 l=0@-1/0@-1 far_l=0@-1/0@-1 straight=0/1 far_straight=0/0 circle_cnt=44/0/0/0 lost=0/0 conf=0.0/6.0/0.0/0.0 dist=497 m0=(84,119) ml=(85,87) md=32/1/133 cxcy=84.0,119.6 guide=-1.67 atg=2.0/1.0/2.0 pure=-0.60/-0.53 yaw=100 cmd=200 actual=1 signed=1 rps=3526/4074:3877/4229 duty=7/11
ATGCorner: L=0@-1/0@-1 Y=0@-1/0@-1 farL=0@-1/0@-1 Lxy=-1.0,-1.0:-1.0,-1.0/-1.0,-1.0:-1.0,-1.0 Yxy=-1.0,-1.0:-1.0,-1.0/-1.0,-1.0:-1.0,-1.0 farLxy=-1.0,-1.0:-1.0,-1.0/-1.0,-1.0:-1.0,-1.0 best=-1:-1.0,-1.0:-1.0,-1.0:-57295.8:00000/1:109.0,114.3:133.8,98.1:6.0:10111 seed_src=lost/none seed=0.0,0.0/0.0,0.0 far_start=70,0 far_raw=0/0 far_num=0/0 straight=0/1 far_straight=0/0 conf_deg=0.0/6.0/0.0/0.0
CrossDiag: type=CROSS_NONE track=1 half_lr=0/0 nearL=0@-1/0@-1 nearNum=0/124 centerNum=0/124 farL=0@-1/0@-1 farNum=0/0 farRaw=0/0 lost=0/0 not_have=0 final=124/126 flags=0/0
LineErr: aim=33 cxcy=84.0,119.6 left=0:0.00@-1,-1 dx=0.0 idx=-1/-1 dist=-1/-1 right=1:-1.59@86,86 dx=1.6 idx=0/12 dist=32/254 sel=1:-2.29@86,83 dx=2.4 idx=0/16 dist=32/250 edge=0:0.00@-1.0,-1.0 dx=0.0 width=0.0 l=-1,-1 r=113,80
ATGSeedDiag: seed=0@-1,-1/1@138,108 begin=7,108 block=5 clip=8
ATGLptDiag: best=-1(-57295.8) imip=-1/-1 pass=00000 acc=-1 ipm=-1.0,-1.0 inv=-1.0,-1.0 | 1(6.0) imip=0/11 pass=10111 acc=-1 ipm=109.0,114.3 inv=133.8,98.1
frame=180 line=1 track=1 cross=0 circle=1(CIRCLE_LEFT_BEGIN) round=0 yroad=0 ramp=0 road=7 speed=0 near=0/124 raw=0/105 sel=124/126 far=0/0 far_raw=0/0 l=0@-1/0@-1 far_l=0@-1/0@-1 straight=0/1 far_straight=0/0 circle_cnt=45/0/0/0 lost=0/0 conf=0.0/8.2/0.0/0.0 dist=509 m0=(84,119) ml=(85,87) md=32/1/133 cxcy=84.0,119.6 guide=-1.66 atg=2.0/1.0/2.0 pure=-0.60/-0.53 yaw=100 cmd=191 actual=8 signed=1 rps=3538/4062:4136/4358 duty=7/11
ATGCorner: L=0@-1/0@-1 Y=0@-1/0@-1 farL=0@-1/0@-1 Lxy=-1.0,-1.0:-1.0,-1.0/-1.0,-1.0:-1.0,-1.0 Yxy=-1.0,-1.0:-1.0,-1.0/-1.0,-1.0:-1.0,-1.0 farLxy=-1.0,-1.0:-1.0,-1.0/-1.0,-1.0:-1.0,-1.0 best=-1:-1.0,-1.0:-1.0,-1.0:-57295.8:00000/1:109.1,114.3:134.0,98.1:8.2:10111 seed_src=lost/none seed=0.0,0.0/0.0,0.0 far_start=70,0 far_raw=0/0 far_num=0/0 straight=0/1 far_straight=0/0 conf_deg=0.0/8.2/0.0/0.0
CrossDiag: type=CROSS_NONE track=1 half_lr=0/0 nearL=0@-1/0@-1 nearNum=0/124 centerNum=0/124 farL=0@-1/0@-1 farNum=0/0 farRaw=0/0 lost=0/0 not_have=0 final=124/126 flags=0/0
LineErr: aim=33 cxcy=84.0,119.6 left=0:0.00@-1,-1 dx=0.0 idx=-1/-1 dist=-1/-1 right=1:-1.58@86,87 dx=1.6 idx=0/12 dist=32/256 sel=1:-2.31@86,83 dx=2.4 idx=0/16 dist=32/250 edge=0:0.00@-1.0,-1.0 dx=0.0 width=0.0 l=-1,-1 r=113,80
ATGSeedDiag: seed=0@-1,-1/1@138,108 begin=7,108 block=5 clip=8
ATGLptDiag: best=-1(-57295.8) imip=-1/-1 pass=00000 acc=-1 ipm=-1.0,-1.0 inv=-1.0,-1.0 | 1(8.2) imip=0/11 pass=10111 acc=-1 ipm=109.1,114.3 inv=134.0,98.1
frame=182 line=1 track=1 cross=0 circle=1(CIRCLE_LEFT_BEGIN) round=0 yroad=0 ramp=0 road=7 speed=0 near=0/124 raw=0/105 sel=124/126 far=0/0 far_raw=0/0 l=0@-1/0@-1 far_l=0@-1/0@-1 straight=0/1 far_straight=0/0 circle_cnt=47/0/0/0 lost=0/0 conf=0.0/4.2/0.0/0.0 dist=533 m0=(84,119) ml=(86,87) md=32/1/133 cxcy=84.0,119.6 guide=-2.00 atg=2.0/1.0/2.0 pure=-0.60/-0.53 yaw=120 cmd=210 actual=31 signed=1 rps=3513/4087:4350/4195 duty=7/11
ATGCorner: L=0@-1/0@-1 Y=0@-1/0@-1 farL=0@-1/0@-1 Lxy=-1.0,-1.0:-1.0,-1.0/-1.0,-1.0:-1.0,-1.0 Yxy=-1.0,-1.0:-1.0,-1.0/-1.0,-1.0:-1.0,-1.0 farLxy=-1.0,-1.0:-1.0,-1.0/-1.0,-1.0:-1.0,-1.0 best=-1:-1.0,-1.0:-1.0,-1.0:-57295.8:00000/1:109.2,114.2:134.2,98.0:4.2:10111 seed_src=lost/none seed=0.0,0.0/0.0,0.0 far_start=70,0 far_raw=0/0 far_num=0/0 straight=0/1 far_straight=0/0 conf_deg=0.0/4.2/0.0/0.0
CrossDiag: type=CROSS_NONE track=1 half_lr=0/0 nearL=0@-1/0@-1 nearNum=0/124 centerNum=0/124 farL=0@-1/0@-1 farNum=0/0 farRaw=0/0 lost=0/0 not_have=0 final=124/126 flags=0/0
LineErr: aim=33 cxcy=84.0,119.6 left=0:0.00@-1,-1 dx=0.0 idx=-1/-1 dist=-1/-1 right=1:-1.83@86,86 dx=1.8 idx=0/12 dist=32/256 sel=1:-2.46@87,83 dx=2.6 idx=0/16 dist=32/250 edge=0:0.00@-1.0,-1.0 dx=0.0 width=0.0 l=-1,-1 r=113,80
ATGSeedDiag: seed=0@-1,-1/1@138,108 begin=7,108 block=5 clip=8
ATGLptDiag: best=-1(-57295.8) imip=-1/-1 pass=00000 acc=-1 ipm=-1.0,-1.0 inv=-1.0,-1.0 | 1(4.2) imip=0/11 pass=10111 acc=-1 ipm=109.2,114.2 inv=134.2,98.0
frame=183 line=1 track=1 cross=0 circle=1(CIRCLE_LEFT_BEGIN) round=0 yroad=0 ramp=0 road=7 speed=0 near=0/124 raw=0/104 sel=124/126 far=0/0 far_raw=0/0 l=0@-1/0@-1 far_l=0@-1/0@-1 straight=0/1 far_straight=0/0 circle_cnt=48/0/0/0 lost=0/0 conf=0.0/7.6/0.0/0.0 dist=544 m0=(84,119) ml=(86,87) md=32/1/133 cxcy=84.0,119.6 guide=-2.00 atg=2.0/1.0/2.0 pure=-0.60/-0.53 yaw=120 cmd=203 actual=38 signed=1 rps=3522/4078:4449/4097 duty=7/11
ATGCorner: L=0@-1/0@-1 Y=0@-1/0@-1 farL=0@-1/0@-1 Lxy=-1.0,-1.0:-1.0,-1.0/-1.0,-1.0:-1.0,-1.0 Yxy=-1.0,-1.0:-1.0,-1.0/-1.0,-1.0:-1.0,-1.0 farLxy=-1.0,-1.0:-1.0,-1.0/-1.0,-1.0:-1.0,-1.0 best=-1:-1.0,-1.0:-1.0,-1.0:-57295.8:00000/1:109.2,114.0:133.9,97.2:7.6:10111 seed_src=lost/none seed=0.0,0.0/0.0,0.0 far_start=70,0 far_raw=0/0 far_num=0/0 straight=0/1 far_straight=0/0 conf_deg=0.0/7.6/0.0/0.0
CrossDiag: type=CROSS_NONE track=1 half_lr=0/0 nearL=0@-1/0@-1 nearNum=0/124 centerNum=0/124 farL=0@-1/0@-1 farNum=0/0 farRaw=0/0 lost=0/0 not_have=0 final=124/126 flags=0/0
LineErr: aim=33 cxcy=84.0,119.6 left=0:0.00@-1,-1 dx=0.0 idx=-1/-1 dist=-1/-1 right=1:-2.41@86,84 dx=2.5 idx=0/13 dist=33/253 sel=1:-2.51@87,83 dx=2.6 idx=0/16 dist=32/250 edge=0:0.00@-1.0,-1.0 dx=0.0 width=0.0 l=-1,-1 r=113,80
ATGSeedDiag: seed=0@-1,-1/1@138,107 begin=7,108 block=5 clip=8
ATGLptDiag: best=-1(-57295.8) imip=-1/-1 pass=00000 acc=-1 ipm=-1.0,-1.0 inv=-1.0,-1.0 | 1(7.6) imip=0/11 pass=10111 acc=-1 ipm=109.2,114.0 inv=133.9,97.2
frame=184 line=1 track=1 cross=0 circle=1(CIRCLE_LEFT_BEGIN) round=0 yroad=0 ramp=0 road=7 speed=0 near=0/124 raw=0/104 sel=124/126 far=0/0 far_raw=0/0 l=0@-1/0@-1 far_l=0@-1/0@-1 straight=0/1 far_straight=0/0 circle_cnt=49/0/0/0 lost=0/0 conf=0.0/4.9/0.0/0.0 dist=555 m0=(84,119) ml=(86,87) md=32/1/133 cxcy=84.0,119.6 guide=-2.17 atg=2.0/1.0/2.0 pure=-0.60/-0.53 yaw=130 cmd=223 actual=38 signed=1 rps=3495/4105:4259/3812 duty=7/12
ATGCorner: L=0@-1/0@-1 Y=0@-1/0@-1 farL=0@-1/0@-1 Lxy=-1.0,-1.0:-1.0,-1.0/-1.0,-1.0:-1.0,-1.0 Yxy=-1.0,-1.0:-1.0,-1.0/-1.0,-1.0:-1.0,-1.0 farLxy=-1.0,-1.0:-1.0,-1.0/-1.0,-1.0:-1.0,-1.0 best=-1:-1.0,-1.0:-1.0,-1.0:-57295.8:00000/1:109.2,114.0:133.8,97.2:4.9:10111 seed_src=lost/none seed=0.0,0.0/0.0,0.0 far_start=70,0 far_raw=0/0 far_num=0/0 straight=0/1 far_straight=0/0 conf_deg=0.0/4.9/0.0/0.0
CrossDiag: type=CROSS_NONE track=1 half_lr=0/0 nearL=0@-1/0@-1 nearNum=0/124 centerNum=0/124 farL=0@-1/0@-1 farNum=0/0 farRaw=0/0 lost=0/0 not_have=0 final=124/126 flags=0/0
LineErr: aim=33 cxcy=84.0,119.6 left=0:0.00@-1,-1 dx=0.0 idx=-1/-1 dist=-1/-1 right=1:-2.47@87,84 dx=2.5 idx=0/13 dist=33/254 sel=1:-2.66@87,83 dx=2.8 idx=0/16 dist=32/250 edge=0:0.00@-1.0,-1.0 dx=0.0 width=0.0 l=-1,-1 r=114,80
ATGSeedDiag: seed=0@-1,-1/1@138,107 begin=7,108 block=5 clip=8
ATGLptDiag: best=-1(-57295.8) imip=-1/-1 pass=00000 acc=-1 ipm=-1.0,-1.0 inv=-1.0,-1.0 | 1(4.9) imip=0/11 pass=10111 acc=-1 ipm=109.2,114.0 inv=133.8,97.2
frame=185 line=1 track=1 cross=0 circle=1(CIRCLE_LEFT_BEGIN) round=0 yroad=0 ramp=0 road=7 speed=0 near=0/124 raw=0/105 sel=124/125 far=0/0 far_raw=0/0 l=0@-1/0@-1 far_l=0@-1/0@-1 straight=0/1 far_straight=0/0 circle_cnt=50/0/0/0 lost=0/0 conf=0.0/3.2/0.0/0.0 dist=566 m0=(84,119) ml=(86,87) md=32/1/133 cxcy=84.0,119.6 guide=-2.17 atg=2.0/1.0/2.0 pure=-0.60/-0.53 yaw=130 cmd=227 actual=34 signed=1 rps=3489/4111:4388/3935 duty=7/12
ATGCorner: L=0@-1/0@-1 Y=0@-1/0@-1 farL=0@-1/0@-1 Lxy=-1.0,-1.0:-1.0,-1.0/-1.0,-1.0:-1.0,-1.0 Yxy=-1.0,-1.0:-1.0,-1.0/-1.0,-1.0:-1.0,-1.0 farLxy=-1.0,-1.0:-1.0,-1.0/-1.0,-1.0:-1.0,-1.0 best=-1:-1.0,-1.0:-1.0,-1.0:-57295.8:00000/16:113.5,79.8:108.2,45.3:3.2:10111 seed_src=lost/none seed=0.0,0.0/0.0,0.0 far_start=70,0 far_raw=0/0 far_num=0/0 straight=0/1 far_straight=0/0 conf_deg=0.0/3.2/0.0/0.0
CrossDiag: type=CROSS_NONE track=1 half_lr=0/0 nearL=0@-1/0@-1 nearNum=0/124 centerNum=0/124 farL=0@-1/0@-1 farNum=0/0 farRaw=0/0 lost=0/0 not_have=0 final=124/125 flags=0/0
LineErr: aim=33 cxcy=84.0,119.6 left=0:0.00@-1,-1 dx=0.0 idx=-1/-1 dist=-1/-1 right=1:-2.43@87,84 dx=2.5 idx=0/13 dist=32/253 sel=1:-2.66@87,83 dx=2.8 idx=0/16 dist=32/248 edge=0:0.00@-1.0,-1.0 dx=0.0 width=0.0 l=-1,-1 r=114,80
ATGSeedDiag: seed=0@-1,-1/1@139,108 begin=7,108 block=5 clip=8
ATGLptDiag: best=-1(-57295.8) imip=-1/-1 pass=00000 acc=-1 ipm=-1.0,-1.0 inv=-1.0,-1.0 | 16(3.2) imip=6/26 pass=10111 acc=-1 ipm=113.5,79.8 inv=108.2,45.3
frame=190 line=1 track=1 cross=0 circle=1(CIRCLE_LEFT_BEGIN) round=0 yroad=0 ramp=0 road=7 speed=0 near=0/124 raw=0/105 sel=124/126 far=0/0 far_raw=0/0 l=0@-1/0@-1 far_l=0@-1/0@-1 straight=0/1 far_straight=0/0 circle_cnt=55/0/0/0 lost=0/0 conf=0.0/3.5/0.0/0.0 dist=624 m0=(84,119) ml=(86,87) md=32/1/134 cxcy=84.0,119.6 guide=-2.35 atg=2.0/1.0/1.0 pure=-0.60/-0.49 yaw=141 cmd=209 actual=73 signed=1 rps=3514/4086:3969/4524 duty=7/11
ATGCorner: L=0@-1/0@-1 Y=0@-1/0@-1 farL=0@-1/0@-1 Lxy=-1.0,-1.0:-1.0,-1.0/-1.0,-1.0:-1.0,-1.0 Yxy=-1.0,-1.0:-1.0,-1.0/-1.0,-1.0:-1.0,-1.0 farLxy=-1.0,-1.0:-1.0,-1.0/-1.0,-1.0:-1.0,-1.0 best=-1:-1.0,-1.0:-1.0,-1.0:-57295.8:00000/15:113.2,82.1:109.1,47.1:3.5:10111 seed_src=lost/none seed=0.0,0.0/0.0,0.0 far_start=70,0 far_raw=0/0 far_num=0/0 straight=0/1 far_straight=0/0 conf_deg=0.0/3.5/0.0/0.0
CrossDiag: type=CROSS_NONE track=1 half_lr=0/0 nearL=0@-1/0@-1 nearNum=0/124 centerNum=0/124 farL=0@-1/0@-1 farNum=0/0 farRaw=0/0 lost=0/0 not_have=0 final=124/126 flags=0/0
LineErr: aim=33 cxcy=84.0,119.6 left=0:0.00@-1,-1 dx=0.0 idx=-1/-1 dist=-1/-1 right=1:-2.71@87,85 dx=2.7 idx=0/13 dist=33/253 sel=1:-2.85@87,83 dx=3.0 idx=0/16 dist=32/250 edge=0:0.00@-1.0,-1.0 dx=0.0 width=0.0 l=-1,-1 r=113,80
ATGSeedDiag: seed=0@-1,-1/1@139,108 begin=7,108 block=5 clip=8
ATGLptDiag: best=-1(-57295.8) imip=-1/-1 pass=00000 acc=-1 ipm=-1.0,-1.0 inv=-1.0,-1.0 | 15(3.5) imip=5/25 pass=10111 acc=-1 ipm=113.2,82.1 inv=109.1,47.1
frame=193 line=1 track=1 cross=0 circle=1(CIRCLE_LEFT_BEGIN) round=0 yroad=0 ramp=0 road=7 speed=0 near=0/124 raw=0/105 sel=124/126 far=0/0 far_raw=0/0 l=0@-1/0@-1 far_l=0@-1/0@-1 straight=0/1 far_straight=0/0 circle_cnt=58/0/0/0 lost=0/0 conf=0.0/3.4/0.0/0.0 dist=657 m0=(84,119) ml=(86,87) md=32/1/133 cxcy=84.0,119.6 guide=-2.52 atg=2.0/1.0/1.0 pure=-0.52/-0.48 yaw=151 cmd=177 actual=125 signed=1 rps=3558/4042:3739/4200 duty=8/11
ATGCorner: L=0@-1/0@-1 Y=0@-1/0@-1 farL=0@-1/0@-1 Lxy=-1.0,-1.0:-1.0,-1.0/-1.0,-1.0:-1.0,-1.0 Yxy=-1.0,-1.0:-1.0,-1.0/-1.0,-1.0:-1.0,-1.0 farLxy=-1.0,-1.0:-1.0,-1.0/-1.0,-1.0:-1.0,-1.0 best=-1:-1.0,-1.0:-1.0,-1.0:-57295.8:00000/15:113.1,82.1:108.9,47.1:3.4:10111 seed_src=lost/none seed=0.0,0.0/0.0,0.0 far_start=70,0 far_raw=0/0 far_num=0/0 straight=0/1 far_straight=0/0 conf_deg=0.0/3.4/0.0/0.0
CrossDiag: type=CROSS_NONE track=1 half_lr=0/0 nearL=0@-1/0@-1 nearNum=0/124 centerNum=0/124 farL=0@-1/0@-1 farNum=0/0 farRaw=0/0 lost=0/0 not_have=0 final=124/126 flags=0/0
LineErr: aim=33 cxcy=84.0,119.6 left=0:0.00@-1,-1 dx=0.0 idx=-1/-1 dist=-1/-1 right=1:-2.51@86,87 dx=2.4 idx=0/12 dist=32/256 sel=1:-2.74@87,83 dx=2.9 idx=0/16 dist=32/250 edge=0:0.00@-1.0,-1.0 dx=0.0 width=0.0 l=-1,-1 r=113,80
ATGSeedDiag: seed=0@-1,-1/1@139,108 begin=7,108 block=5 clip=8
ATGLptDiag: best=-1(-57295.8) imip=-1/-1 pass=00000 acc=-1 ipm=-1.0,-1.0 inv=-1.0,-1.0 | 15(3.4) imip=5/25 pass=10111 acc=-1 ipm=113.1,82.1 inv=108.9,47.1
frame=194 line=1 track=1 cross=0 circle=1(CIRCLE_LEFT_BEGIN) round=0 yroad=0 ramp=0 road=7 speed=0 near=0/124 raw=0/105 sel=124/126 far=0/0 far_raw=0/0 l=0@-1/0@-1 far_l=0@-1/0@-1 straight=0/1 far_straight=0/0 circle_cnt=59/0/0/0 lost=0/0 conf=0.0/3.1/0.0/0.0 dist=669 m0=(84,119) ml=(86,87) md=32/1/134 cxcy=84.0,119.6 guide=-2.17 atg=2.0/1.0/1.0 pure=-0.52/-0.45 yaw=130 cmd=131 actual=129 signed=1 rps=3620/3980:4051/4419 duty=8/10
ATGCorner: L=0@-1/0@-1 Y=0@-1/0@-1 farL=0@-1/0@-1 Lxy=-1.0,-1.0:-1.0,-1.0/-1.0,-1.0:-1.0,-1.0 Yxy=-1.0,-1.0:-1.0,-1.0/-1.0,-1.0:-1.0,-1.0 farLxy=-1.0,-1.0:-1.0,-1.0/-1.0,-1.0:-1.0,-1.0 best=-1:-1.0,-1.0:-1.0,-1.0:-57295.8:00000/14:112.6,84.4:109.7,49.1:3.1:10111 seed_src=lost/none seed=0.0,0.0/0.0,0.0 far_start=70,0 far_raw=0/0 far_num=0/0 straight=0/1 far_straight=0/0 conf_deg=0.0/3.1/0.0/0.0
CrossDiag: type=CROSS_NONE track=1 half_lr=0/0 nearL=0@-1/0@-1 nearNum=0/124 centerNum=0/124 farL=0@-1/0@-1 farNum=0/0 farRaw=0/0 lost=0/0 not_have=0 final=124/126 flags=0/0
LineErr: aim=33 cxcy=84.0,119.6 left=0:0.00@-1,-1 dx=0.0 idx=-1/-1 dist=-1/-1 right=1:-2.37@86,85 dx=2.4 idx=0/13 dist=33/255 sel=1:-2.44@87,83 dx=2.6 idx=0/16 dist=32/250 edge=0:0.00@-1.0,-1.0 dx=0.0 width=0.0 l=-1,-1 r=113,80
ATGSeedDiag: seed=0@-1,-1/1@139,108 begin=7,108 block=5 clip=8
ATGLptDiag: best=-1(-57295.8) imip=-1/-1 pass=00000 acc=-1 ipm=-1.0,-1.0 inv=-1.0,-1.0 | 14(3.1) imip=4/24 pass=10111 acc=-1 ipm=112.6,84.4 inv=109.7,49.1
frame=196 line=1 track=1 cross=0 circle=1(CIRCLE_LEFT_BEGIN) round=0 yroad=0 ramp=0 road=7 speed=0 near=0/124 raw=0/105 sel=124/126 far=0/0 far_raw=0/0 l=0@-1/0@-1 far_l=0@-1/0@-1 straight=0/1 far_straight=0/0 circle_cnt=61/0/0/0 lost=0/0 conf=0.0/4.3/0.0/0.0 dist=693 m0=(84,119) ml=(86,87) md=32/1/131 cxcy=84.0,119.6 guide=-1.83 atg=1.0/1.0/1.0 pure=-0.44/-0.43 yaw=110 cmd=131 actual=89 signed=1 rps=3620/3980:4190/4160 duty=7/11
ATGCorner: L=0@-1/0@-1 Y=0@-1/0@-1 farL=0@-1/0@-1 Lxy=-1.0,-1.0:-1.0,-1.0/-1.0,-1.0:-1.0,-1.0 Yxy=-1.0,-1.0:-1.0,-1.0/-1.0,-1.0:-1.0,-1.0 farLxy=-1.0,-1.0:-1.0,-1.0/-1.0,-1.0:-1.0,-1.0 best=-1:-1.0,-1.0:-1.0,-1.0:-57295.8:00000/11:111.9,91.3:113.2,56.0:4.3:10111 seed_src=lost/none seed=0.0,0.0/0.0,0.0 far_start=70,0 far_raw=0/0 far_num=0/0 straight=0/1 far_straight=0/0 conf_deg=0.0/4.3/0.0/0.0
CrossDiag: type=CROSS_NONE track=1 half_lr=0/0 nearL=0@-1/0@-1 nearNum=0/124 centerNum=0/124 farL=0@-1/0@-1 farNum=0/0 farRaw=0/0 lost=0/0 not_have=0 final=124/126 flags=0/0
LineErr: aim=33 cxcy=84.0,119.6 left=0:0.00@-1,-1 dx=0.0 idx=-1/-1 dist=-1/-1 right=1:-2.09@86,85 dx=2.1 idx=0/13 dist=33/254 sel=1:-2.10@86,83 dx=2.2 idx=0/16 dist=32/250 edge=0:0.00@-1.0,-1.0 dx=0.0 width=0.0 l=-1,-1 r=112,80
ATGSeedDiag: seed=0@-1,-1/1@138,108 begin=7,108 block=5 clip=8
ATGLptDiag: best=-1(-57295.8) imip=-1/-1 pass=00000 acc=-1 ipm=-1.0,-1.0 inv=-1.0,-1.0 | 11(4.3) imip=1/21 pass=10111 acc=-1 ipm=111.9,91.3 inv=113.2,56.0
frame=197 line=1 track=1 cross=0 circle=1(CIRCLE_LEFT_BEGIN) round=0 yroad=0 ramp=0 road=7 speed=0 near=53/124 raw=106/105 sel=124/126 far=0/0 far_raw=0/0 l=0@-1/0@-1 far_l=0@-1/0@-1 straight=0/1 far_straight=0/0 circle_cnt=61/0/0/0 lost=0/0 conf=23.3/2.2/0.0/0.0 dist=704 m0=(84,119) ml=(86,87) md=32/1/131 cxcy=84.0,119.6 guide=-1.83 atg=1.0/1.0/1.0 pure=-0.44/-0.43 yaw=110 cmd=145 actual=75 signed=1 rps=3601/3999:4399/4140 duty=7/11
ATGCorner: L=0@-1/0@-1 Y=0@-1/0@-1 farL=0@-1/0@-1 Lxy=-1.0,-1.0:-1.0,-1.0/-1.0,-1.0:-1.0,-1.0 Yxy=-1.0,-1.0:-1.0,-1.0/-1.0,-1.0:-1.0,-1.0 farLxy=-1.0,-1.0:-1.0,-1.0/-1.0,-1.0:-1.0,-1.0 best=13:61.8,84.0:48.6,49.2:23.3:10110/11:111.9,91.3:113.2,56.0:2.2:10111 seed_src=none/none seed=0.0,0.0/0.0,0.0 far_start=70,0 far_raw=0/0 far_num=0/0 straight=0/1 far_straight=0/0 conf_deg=23.3/2.2/0.0/0.0
CrossDiag: type=CROSS_NONE track=1 half_lr=0/0 nearL=0@-1/0@-1 nearNum=53/124 centerNum=53/124 farL=0@-1/0@-1 farNum=0/0 farRaw=0/0 lost=0/0 not_have=0 final=124/126 flags=0/0
LineErr: aim=33 cxcy=84.0,119.6 left=1:-3.80@88,84 dx=3.9 idx=4/13 dist=31/163 right=1:-2.09@86,85 dx=2.1 idx=0/13 dist=33/254 sel=1:-2.10@86,83 dx=2.2 idx=0/16 dist=32/250 edge=1:0.84@83.0,72.5 dx=-1.0 width=59.9 l=54,65 r=112,80
CxScan: raw_ref=80.0 edge=83.0,72.5 best_raw_x=75 best_err=-0.73 best_cxcy=82.1,119.5 scan=0:-23.0,10:-20.3,20:-17.4,30:-14.5,40:-11.5,50:-8.5,60:-5.4,70:-2.3,80:0.8,90:4.0,100:7.0,110:10.1,120:13.1,130:16.0,140:18.8
ATGSeedDiag: seed=1@4,85/1@138,108 begin=7,108 block=5 clip=8
ATGLptDiag: best=13(23.3) imip=3/23 pass=10110 acc=-1 ipm=61.8,84.0 inv=48.6,49.2 | 11(2.2) imip=1/21 pass=10111 acc=-1 ipm=111.9,91.3 inv=113.2,56.0
frame=198 line=1 track=1 cross=0 circle=1(CIRCLE_LEFT_BEGIN) round=0 yroad=0 ramp=0 road=7 speed=0 near=53/124 raw=105/105 sel=124/126 far=0/0 far_raw=0/0 l=0@-1/0@-1 far_l=0@-1/0@-1 straight=0/1 far_straight=0/0 circle_cnt=61/0/0/0 lost=0/0 conf=25.3/5.2/0.0/0.0 dist=715 m0=(84,119) ml=(86,87) md=32/1/131 cxcy=84.0,119.6 guide=-1.83 atg=1.0/1.0/1.0 pure=-0.44/-0.43 yaw=110 cmd=148 actual=72 signed=1 rps=3597/4003:4234/3874 duty=7/11
ATGCorner: L=0@-1/0@-1 Y=0@-1/0@-1 farL=0@-1/0@-1 Lxy=-1.0,-1.0:-1.0,-1.0/-1.0,-1.0:-1.0,-1.0 Yxy=-1.0,-1.0:-1.0,-1.0/-1.0,-1.0:-1.0,-1.0 farLxy=-1.0,-1.0:-1.0,-1.0/-1.0,-1.0:-1.0,-1.0 best=13:61.8,84.2:48.4,49.4:25.3:10111/1:109.1,114.3:134.0,98.2:5.2:10111 seed_src=none/none seed=0.0,0.0/0.0,0.0 far_start=70,0 far_raw=0/0 far_num=0/0 straight=0/1 far_straight=0/0 conf_deg=25.3/5.2/0.0/0.0
CrossDiag: type=CROSS_NONE track=1 half_lr=0/0 nearL=0@-1/0@-1 nearNum=53/124 centerNum=53/124 farL=0@-1/0@-1 farNum=0/0 farRaw=0/0 lost=0/0 not_have=0 final=124/126 flags=0/0
LineErr: aim=33 cxcy=84.0,119.6 left=1:-3.74@88,84 dx=3.8 idx=4/13 dist=31/163 right=1:-2.09@86,85 dx=2.1 idx=0/13 dist=33/254 sel=1:-2.10@86,83 dx=2.2 idx=0/16 dist=32/250 edge=1:1.25@82.5,73.0 dx=-1.5 width=60.6 l=53,66 r=112,80
CxScan: raw_ref=80.0 edge=82.5,73.0 best_raw_x=75 best_err=-0.32 best_cxcy=82.1,119.5 scan=0:-22.8,10:-20.0,20:-17.2,30:-14.2,40:-11.2,50:-8.2,60:-5.0,70:-1.9,80:1.3,90:4.4,100:7.5,110:10.6,120:13.6,130:16.5,140:19.3
ATGSeedDiag: seed=1@4,86/1@138,108 begin=7,108 block=5 clip=8
ATGLptDiag: best=13(25.3) imip=3/23 pass=10111 acc=-1 ipm=61.8,84.2 inv=48.4,49.4 | 1(5.2) imip=0/11 pass=10111 acc=-1 ipm=109.1,114.3 inv=134.0,98.2
frame=199 line=1 track=1 cross=0 circle=1(CIRCLE_LEFT_BEGIN) round=0 yroad=0 ramp=0 road=7 speed=0 near=52/124 raw=105/105 sel=124/126 far=0/0 far_raw=0/0 l=0@-1/0@-1 far_l=0@-1/0@-1 straight=0/1 far_straight=0/0 circle_cnt=61/0/0/0 lost=0/0 conf=22.5/9.5/0.0/0.0 dist=727 m0=(84,119) ml=(86,87) md=32/1/131 cxcy=84.0,119.6 guide=-2.00 atg=1.0/1.0/1.0 pure=-0.44/-0.43 yaw=120 cmd=182 actual=58 signed=1 rps=3551/4049:4436/4027 duty=7/11
ATGCorner: L=0@-1/0@-1 Y=0@-1/0@-1 farL=0@-1/0@-1 Lxy=-1.0,-1.0:-1.0,-1.0/-1.0,-1.0:-1.0,-1.0 Yxy=-1.0,-1.0:-1.0,-1.0/-1.0,-1.0:-1.0,-1.0 farLxy=-1.0,-1.0:-1.0,-1.0/-1.0,-1.0:-1.0,-1.0 best=13:61.8,84.4:48.4,49.5:22.5:10111/1:109.2,114.3:134.4,98.3:9.5:10111 seed_src=none/none seed=0.0,0.0/0.0,0.0 far_start=70,0 far_raw=0/0 far_num=0/0 straight=0/1 far_straight=0/0 conf_deg=22.5/9.5/0.0/0.0
CrossDiag: type=CROSS_NONE track=1 half_lr=0/0 nearL=0@-1/0@-1 nearNum=52/124 centerNum=52/124 farL=0@-1/0@-1 farNum=0/0 farRaw=0/0 lost=0/0 not_have=0 final=124/126 flags=0/0
LineErr: aim=33 cxcy=84.0,119.6 left=1:-3.74@88,84 dx=3.8 idx=4/13 dist=32/161 right=1:-2.28@86,85 dx=2.3 idx=0/13 dist=33/253 sel=1:-2.21@86,83 dx=2.3 idx=0/16 dist=32/250 edge=1:1.25@82.5,73.0 dx=-1.5 width=60.6 l=53,66 r=112,80
CxScan: raw_ref=80.0 edge=82.5,73.0 best_raw_x=75 best_err=-0.32 best_cxcy=82.1,119.5 scan=0:-22.8,10:-20.0,20:-17.2,30:-14.2,40:-11.2,50:-8.2,60:-5.0,70:-1.9,80:1.3,90:4.4,100:7.5,110:10.6,120:13.6,130:16.5,140:19.3
ATGSeedDiag: seed=1@4,87/1@138,108 begin=7,108 block=5 clip=8
ATGLptDiag: best=13(22.5) imip=3/23 pass=10111 acc=-1 ipm=61.8,84.4 inv=48.4,49.5 | 1(9.5) imip=0/11 pass=10111 acc=-1 ipm=109.2,114.3 inv=134.4,98.3
frame=200 line=1 track=1 cross=0 circle=1(CIRCLE_LEFT_BEGIN) round=0 yroad=0 ramp=0 road=7 speed=0 near=52/124 raw=104/105 sel=124/125 far=0/0 far_raw=0/0 l=0@-1/0@-1 far_l=0@-1/0@-1 straight=0/1 far_straight=0/0 circle_cnt=61/0/0/0 lost=0/0 conf=31.0/11.1/0.0/0.0 dist=738 m0=(84,119) ml=(86,87) md=32/1/131 cxcy=84.0,119.6 guide=-2.00 atg=1.0/1.0/1.0 pure=-0.44/-0.43 yaw=120 cmd=194 actual=47 signed=1 rps=3535/4065:4239/3858 duty=7/11
ATGCorner: L=0@-1/0@-1 Y=0@-1/0@-1 farL=0@-1/0@-1 Lxy=-1.0,-1.0:-1.0,-1.0/-1.0,-1.0:-1.0,-1.0 Yxy=-1.0,-1.0:-1.0,-1.0/-1.0,-1.0:-1.0,-1.0 farLxy=-1.0,-1.0:-1.0,-1.0/-1.0,-1.0:-1.0,-1.0 best=50:-5.4,46.5:5.1,28.2:31.0:10100/1:109.3,114.4:134.8,98.4:11.1:10111 seed_src=none/none seed=0.0,0.0/0.0,0.0 far_start=70,0 far_raw=0/0 far_num=0/0 straight=0/1 far_straight=0/0 conf_deg=31.0/11.1/0.0/0.0
CrossDiag: type=CROSS_NONE track=1 half_lr=0/0 nearL=0@-1/0@-1 nearNum=52/124 centerNum=52/124 farL=0@-1/0@-1 farNum=0/0 farRaw=0/0 lost=0/0 not_have=0 final=124/125 flags=0/0
LineErr: aim=33 cxcy=84.0,119.6 left=1:-3.63@88,83 dx=3.8 idx=4/13 dist=31/162 right=1:-2.28@86,85 dx=2.3 idx=0/13 dist=33/253 sel=1:-2.20@86,83 dx=2.3 idx=0/16 dist=32/248 edge=1:1.25@82.5,73.0 dx=-1.5 width=60.6 l=53,66 r=112,80
CxScan: raw_ref=80.0 edge=82.5,73.0 best_raw_x=75 best_err=-0.32 best_cxcy=82.1,119.5 scan=0:-22.8,10:-20.0,20:-17.2,30:-14.2,40:-11.2,50:-8.2,60:-5.0,70:-1.9,80:1.3,90:4.4,100:7.5,110:10.6,120:13.6,130:16.5,140:19.3
ATGSeedDiag: seed=1@5,87/1@138,108 begin=7,108 block=5 clip=8
ATGLptDiag: best=50(31.0) imip=40/51 pass=10100 acc=-1 ipm=-5.4,46.5 inv=5.1,28.2 | 1(11.1) imip=0/11 pass=10111 acc=-1 ipm=109.3,114.4 inv=134.8,98.4
frame=201 line=1 track=1 cross=0 circle=1(CIRCLE_LEFT_BEGIN) round=0 yroad=0 ramp=0 road=7 speed=0 near=51/124 raw=104/105 sel=124/125 far=0/0 far_raw=0/0 l=0@-1/0@-1 far_l=0@-1/0@-1 straight=0/1 far_straight=0/0 circle_cnt=61/0/0/0 lost=0/0 conf=33.5/4.3/0.0/0.0 dist=750 m0=(84,119) ml=(86,87) md=32/1/131 cxcy=84.0,119.6 guide=-2.00 atg=1.0/1.0/1.0 pure=-0.44/-0.43 yaw=120 cmd=197 actual=44 signed=1 rps=3530/4070:4378/4126 duty=7/11
ATGCorner: L=0@-1/0@-1 Y=0@-1/0@-1 farL=0@-1/0@-1 Lxy=-1.0,-1.0:-1.0,-1.0/-1.0,-1.0:-1.0,-1.0 Yxy=-1.0,-1.0:-1.0,-1.0/-1.0,-1.0:-1.0,-1.0 farLxy=-1.0,-1.0:-1.0,-1.0/-1.0,-1.0:-1.0,-1.0 best=10:61.2,91.3:44.9,56.5:33.5:10110/1:109.4,114.3:134.7,98.1:4.3:10111 seed_src=none/none seed=0.0,0.0/0.0,0.0 far_start=70,0 far_raw=0/0 far_num=0/0 straight=0/1 far_straight=0/0 conf_deg=33.5/4.3/0.0/0.0
CrossDiag: type=CROSS_NONE track=1 half_lr=0/0 nearL=0@-1/0@-1 nearNum=51/124 centerNum=51/124 farL=0@-1/0@-1 farNum=0/0 farRaw=0/0 lost=0/0 not_have=0 final=124/125 flags=0/0
LineErr: aim=33 cxcy=84.0,119.6 left=1:-3.46@88,83 dx=3.6 idx=4/13 dist=31/156 right=1:-2.28@86,85 dx=2.3 idx=0/13 dist=33/253 sel=1:-2.20@86,83 dx=2.3 idx=0/16 dist=32/248 edge=1:0.85@83.0,74.0 dx=-1.0 width=59.2 l=54,68 r=112,80
CxScan: raw_ref=80.0 edge=83.0,74.0 best_raw_x=75 best_err=-0.74 best_cxcy=82.1,119.5 scan=0:-23.4,10:-20.7,20:-17.8,30:-14.8,40:-11.8,50:-8.7,60:-5.5,70:-2.3,80:0.9,90:4.0,100:7.2,110:10.3,120:13.4,130:16.3,140:19.2
ATGSeedDiag: seed=1@5,88/1@138,108 begin=7,108 block=5 clip=8
ATGLptDiag: best=10(33.5) imip=0/20 pass=10110 acc=-1 ipm=61.2,91.3 inv=44.9,56.5 | 1(4.3) imip=0/11 pass=10111 acc=-1 ipm=109.4,114.3 inv=134.7,98.1
frame=202 line=1 track=1 cross=0 circle=1(CIRCLE_LEFT_BEGIN) round=0 yroad=0 ramp=0 road=7 speed=0 near=51/124 raw=105/105 sel=124/126 far=0/0 far_raw=0/0 l=0@-1/0@-1 far_l=0@-1/0@-1 straight=0/1 far_straight=0/0 circle_cnt=61/0/0/0 lost=0/0 conf=26.6/4.6/0.0/0.0 dist=761 m0=(84,119) ml=(86,87) md=32/1/131 cxcy=84.0,119.6 guide=-2.00 atg=1.0/1.0/1.0 pure=-0.44/-0.43 yaw=120 cmd=184 actual=56 signed=1 rps=3548/4052:4310/4322 duty=7/11
ATGCorner: L=0@-1/0@-1 Y=0@-1/0@-1 farL=0@-1/0@-1 Lxy=-1.0,-1.0:-1.0,-1.0/-1.0,-1.0:-1.0,-1.0 Yxy=-1.0,-1.0:-1.0,-1.0/-1.0,-1.0:-1.0,-1.0 farLxy=-1.0,-1.0:-1.0,-1.0/-1.0,-1.0:-1.0,-1.0 best=12:61.6,87.2:47.1,52.1:26.6:10110/1:109.4,114.3:134.7,98.1:4.6:10111 seed_src=none/none seed=0.0,0.0/0.0,0.0 far_start=70,0 far_raw=0/0 far_num=0/0 straight=0/1 far_straight=0/0 conf_deg=26.6/4.6/0.0/0.0
CrossDiag: type=CROSS_NONE track=1 half_lr=0/0 nearL=0@-1/0@-1 nearNum=51/124 centerNum=51/124 farL=0@-1/0@-1 farNum=0/0 farRaw=0/0 lost=0/0 not_have=0 final=124/126 flags=0/0
LineErr: aim=33 cxcy=84.0,119.6 left=1:-3.40@88,83 dx=3.5 idx=4/13 dist=32/157 right=1:-2.28@86,85 dx=2.3 idx=0/13 dist=33/253 sel=1:-2.20@86,83 dx=2.3 idx=0/16 dist=32/250 edge=1:1.67@82.0,73.5 dx=-2.0 width=61.4 l=52,67 r=112,80
CxScan: raw_ref=80.0 edge=82.0,73.5 best_raw_x=75 best_err=0.09 best_cxcy=82.1,119.5 scan=0:-22.6,10:-19.8,20:-16.9,30:-14.0,40:-10.9,50:-7.8,60:-4.7,70:-1.5,80:1.7,90:4.8,100:8.0,110:11.0,120:14.0,130:17.0,140:19.8
ATGSeedDiag: seed=1@4,89/1@138,108 begin=7,108 block=5 clip=8
ATGLptDiag: best=12(26.6) imip=2/22 pass=10110 acc=-1 ipm=61.6,87.2 inv=47.1,52.1 | 1(4.6) imip=0/11 pass=10111 acc=-1 ipm=109.4,114.3 inv=134.7,98.1
frame=203 line=1 track=1 cross=0 circle=1(CIRCLE_LEFT_BEGIN) round=0 yroad=0 ramp=0 road=7 speed=0 near=51/124 raw=104/104 sel=124/126 far=0/0 far_raw=0/0 l=0@-1/0@-1 far_l=0@-1/0@-1 straight=0/1 far_straight=0/0 circle_cnt=61/0/0/0 lost=0/0 conf=24.7/2.4/0.0/0.0 dist=773 m0=(84,119) ml=(86,87) md=32/1/131 cxcy=84.0,119.6 guide=-2.00 atg=1.0/1.0/1.0 pure=-0.43/-0.43 yaw=120 cmd=163 actual=77 signed=1 rps=3576/4024:4027/4304 duty=7/11
ATGCorner: L=0@-1/0@-1 Y=0@-1/0@-1 farL=0@-1/0@-1 Lxy=-1.0,-1.0:-1.0,-1.0/-1.0,-1.0:-1.0,-1.0 Yxy=-1.0,-1.0:-1.0,-1.0/-1.0,-1.0:-1.0,-1.0 farLxy=-1.0,-1.0:-1.0,-1.0/-1.0,-1.0:-1.0,-1.0 best=12:61.6,87.3:47.1,52.3:24.7:10110/12:112.1,88.6:111.7,53.1:2.4:10111 seed_src=none/none seed=0.0,0.0/0.0,0.0 far_start=70,0 far_raw=0/0 far_num=0/0 straight=0/1 far_straight=0/0 conf_deg=24.7/2.4/0.0/0.0
CrossDiag: type=CROSS_NONE track=1 half_lr=0/0 nearL=0@-1/0@-1 nearNum=51/124 centerNum=51/124 farL=0@-1/0@-1 farNum=0/0 farRaw=0/0 lost=0/0 not_have=0 final=124/126 flags=0/0
LineErr: aim=33 cxcy=84.0,119.6 left=1:-3.34@88,83 dx=3.5 idx=4/13 dist=31/155 right=1:-2.03@86,85 dx=2.1 idx=0/13 dist=33/254 sel=1:-1.95@86,83 dx=2.1 idx=0/16 dist=32/250 edge=1:0.85@83.0,73.5 dx=-1.0 width=59.0 l=54,68 r=112,79
CxScan: raw_ref=80.0 edge=83.0,73.5 best_raw_x=75 best_err=-0.74 best_cxcy=82.1,119.5 scan=0:-23.3,10:-20.5,20:-17.7,30:-14.7,40:-11.7,50:-8.6,60:-5.5,70:-2.3,80:0.8,90:4.0,100:7.1,110:10.2,120:13.3,130:16.2,140:19.1
ATGSeedDiag: seed=1@4,90/1@138,107 begin=7,108 block=5 clip=8
ATGLptDiag: best=12(24.7) imip=2/22 pass=10110 acc=-1 ipm=61.6,87.3 inv=47.1,52.3 | 12(2.4) imip=2/22 pass=10111 acc=-1 ipm=112.1,88.6 inv=111.7,53.1
frame=204 line=1 track=1 cross=0 circle=1(CIRCLE_LEFT_BEGIN) round=0 yroad=0 ramp=0 road=7 speed=0 near=50/124 raw=104/105 sel=124/126 far=0/0 far_raw=0/0 l=0@-1/0@-1 far_l=0@-1/0@-1 straight=0/1 far_straight=0/0 circle_cnt=61/0/0/0 lost=0/0 conf=25.6/2.1/0.0/0.0 dist=785 m0=(84,119) ml=(86,87) md=32/1/131 cxcy=84.0,119.6 guide=-2.00 atg=1.0/1.0/1.0 pure=-0.43/-0.43 yaw=120 cmd=157 actual=83 signed=1 rps=3585/4015:4028/4548 duty=7/10
ATGCorner: L=0@-1/0@-1 Y=0@-1/0@-1 farL=0@-1/0@-1 Lxy=-1.0,-1.0:-1.0,-1.0/-1.0,-1.0:-1.0,-1.0 Yxy=-1.0,-1.0:-1.0,-1.0/-1.0,-1.0:-1.0,-1.0 farLxy=-1.0,-1.0:-1.0,-1.0/-1.0,-1.0:-1.0,-1.0 best=11:61.4,89.8:45.8,54.9:25.6:10110/12:112.1,88.9:111.9,53.4:2.1:10111 seed_src=none/none seed=0.0,0.0/0.0,0.0 far_start=70,0 far_raw=0/0 far_num=0/0 straight=0/1 far_straight=0/0 conf_deg=25.6/2.1/0.0/0.0
CrossDiag: type=CROSS_NONE track=1 half_lr=0/0 nearL=0@-1/0@-1 nearNum=50/124 centerNum=50/124 farL=0@-1/0@-1 farNum=0/0 farRaw=0/0 lost=0/0 not_have=0 final=124/126 flags=0/0
LineErr: aim=33 cxcy=84.0,119.6 left=1:-2.38@87,79 dx=2.7 idx=4/14 dist=34/153 right=1:-2.05@86,85 dx=2.1 idx=0/13 dist=32/253 sel=1:-1.95@86,83 dx=2.0 idx=0/16 dist=32/250 edge=1:1.67@82.0,73.5 dx=-2.0 width=61.4 l=52,67 r=112,80
CxScan: raw_ref=80.0 edge=82.0,73.5 best_raw_x=75 best_err=0.09 best_cxcy=82.1,119.5 scan=0:-22.6,10:-19.8,20:-16.9,30:-14.0,40:-10.9,50:-7.8,60:-4.7,70:-1.5,80:1.7,90:4.8,100:8.0,110:11.0,120:14.0,130:17.0,140:19.8
ATGSeedDiag: seed=1@4,91/1@139,108 begin=7,108 block=5 clip=8
ATGLptDiag: best=11(25.6) imip=1/21 pass=10110 acc=-1 ipm=61.4,89.8 inv=45.8,54.9 | 12(2.1) imip=2/22 pass=10111 acc=-1 ipm=112.1,88.9 inv=111.9,53.4
frame=205 line=1 track=1 cross=0 circle=1(CIRCLE_LEFT_BEGIN) round=0 yroad=0 ramp=0 road=7 speed=0 near=49/124 raw=104/105 sel=124/126 far=0/0 far_raw=0/0 l=0@-1/0@-1 far_l=0@-1/0@-1 straight=0/1 far_straight=0/0 circle_cnt=61/0/0/0 lost=0/0 conf=24.3/3.3/0.0/0.0 dist=796 m0=(84,119) ml=(86,87) md=32/1/131 cxcy=84.0,119.6 guide=-2.00 atg=1.0/1.0/1.0 pure=-0.43/-0.43 yaw=120 cmd=159 actual=81 signed=1 rps=3582/4018:3804/4335 duty=8/11
ATGCorner: L=0@-1/0@-1 Y=0@-1/0@-1 farL=0@-1/0@-1 Lxy=-1.0,-1.0:-1.0,-1.0/-1.0,-1.0:-1.0,-1.0 Yxy=-1.0,-1.0:-1.0,-1.0/-1.0,-1.0:-1.0,-1.0 farLxy=-1.0,-1.0:-1.0,-1.0/-1.0,-1.0:-1.0,-1.0 best=12:61.4,87.3:46.9,52.2:24.3:10111/11:111.9,91.2:113.1,55.9:3.3:10111 seed_src=none/none seed=0.0,0.0/0.0,0.0 far_start=70,0 far_raw=0/0 far_num=0/0 straight=0/1 far_straight=0/0 conf_deg=24.3/3.3/0.0/0.0
CrossDiag: type=CROSS_NONE track=1 half_lr=0/0 nearL=0@-1/0@-1 nearNum=49/124 centerNum=49/124 farL=0@-1/0@-1 farNum=0/0 farRaw=0/0 lost=0/0 not_have=0 final=124/126 flags=0/0
LineErr: aim=33 cxcy=84.0,119.6 left=1:-3.05@87,82 dx=3.2 idx=3/13 dist=33/152 right=1:-1.94@86,85 dx=2.0 idx=0/13 dist=32/253 sel=1:-1.95@86,83 dx=2.0 idx=0/16 dist=32/250 edge=1:1.28@82.5,74.5 dx=-1.5 width=60.0 l=53,69 r=112,80
CxScan: raw_ref=80.0 edge=82.5,74.5 best_raw_x=75 best_err=-0.33 best_cxcy=82.1,119.5 scan=0:-23.2,10:-20.4,20:-17.5,30:-14.5,40:-11.5,50:-8.3,60:-5.1,70:-1.9,80:1.3,90:4.5,100:7.7,110:10.8,120:13.8,130:16.8,140:19.7
ATGSeedDiag: seed=1@5,91/1@139,108 begin=7,108 block=5 clip=8
ATGLptDiag: best=12(24.3) imip=2/22 pass=10111 acc=-1 ipm=61.4,87.3 inv=46.9,52.2 | 11(3.3) imip=1/21 pass=10111 acc=-1 ipm=111.9,91.2 inv=113.1,55.9
frame=206 line=1 track=1 cross=0 circle=1(CIRCLE_LEFT_BEGIN) round=0 yroad=0 ramp=0 road=7 speed=0 near=49/124 raw=102/105 sel=124/126 far=0/0 far_raw=0/0 l=0@-1/0@-1 far_l=0@-1/0@-1 straight=0/1 far_straight=0/0 circle_cnt=61/0/0/0 lost=0/0 conf=28.2/2.5/0.0/0.0 dist=807 m0=(84,119) ml=(86,87) md=32/1/131 cxcy=84.0,119.6 guide=-2.00 atg=1.0/0.0/1.0 pure=-0.39/-0.37 yaw=120 cmd=152 actual=88 signed=1 rps=3591/4009:3901/4441 duty=8/10
ATGCorner: L=0@-1/0@-1 Y=0@-1/0@-1 farL=0@-1/0@-1 Lxy=-1.0,-1.0:-1.0,-1.0/-1.0,-1.0:-1.0,-1.0 Yxy=-1.0,-1.0:-1.0,-1.0/-1.0,-1.0:-1.0,-1.0 farLxy=-1.0,-1.0:-1.0,-1.0/-1.0,-1.0:-1.0,-1.0 best=47:-2.1,49.3:5.8,29.2:28.2:10100/11:111.9,91.2:113.1,55.9:2.5:10111 seed_src=none/none seed=0.0,0.0/0.0,0.0 far_start=70,0 far_raw=0/0 far_num=0/0 straight=0/1 far_straight=0/0 conf_deg=28.2/2.5/0.0/0.0
CrossDiag: type=CROSS_NONE track=1 half_lr=0/0 nearL=0@-1/0@-1 nearNum=49/124 centerNum=49/124 farL=0@-1/0@-1 farNum=0/0 farRaw=0/0 lost=0/0 not_have=0 final=124/126 flags=0/0
LineErr: aim=33 cxcy=84.0,119.6 left=1:-3.45@87,86 dx=3.4 idx=3/12 dist=32/153 right=1:-1.80@86,85 dx=1.8 idx=0/13 dist=32/253 sel=1:-1.80@86,83 dx=1.9 idx=0/16 dist=32/250 edge=1:1.70@82.0,74.5 dx=-2.0 width=61.0 l=52,69 r=112,80
CxScan: raw_ref=80.0 edge=82.0,74.5 best_raw_x=75 best_err=0.09 best_cxcy=82.1,119.5 scan=0:-22.9,10:-20.1,20:-17.2,30:-14.1,40:-11.1,50:-7.9,60:-4.7,70:-1.5,80:1.7,90:4.9,100:8.1,110:11.2,120:14.2,130:17.2,140:20.1
ATGSeedDiag: seed=1@5,92/1@139,108 begin=7,108 block=5 clip=8
ATGLptDiag: best=47(28.2) imip=37/48 pass=10100 acc=-1 ipm=-2.1,49.3 inv=5.8,29.2 | 11(2.5) imip=1/21 pass=10111 acc=-1 ipm=111.9,91.2 inv=113.1,55.9
frame=207 line=1 track=1 cross=0 circle=1(CIRCLE_LEFT_BEGIN) round=0 yroad=0 ramp=0 road=7 speed=0 near=48/124 raw=102/105 sel=124/126 far=0/0 far_raw=0/0 l=0@-1/0@-1 far_l=0@-1/0@-1 straight=0/1 far_straight=0/0 circle_cnt=61/0/0/0 lost=0/0 conf=25.0/2.5/0.0/0.0 dist=818 m0=(84,119) ml=(86,87) md=32/1/131 cxcy=84.0,119.6 guide=-2.00 atg=1.0/0.0/1.0 pure=-0.35/-0.37 yaw=120 cmd=147 actual=93 signed=1 rps=3599/4001:3782/4282 duty=8/11
ATGCorner: L=0@-1/0@-1 Y=0@-1/0@-1 farL=0@-1/0@-1 Lxy=-1.0,-1.0:-1.0,-1.0/-1.0,-1.0:-1.0,-1.0 Yxy=-1.0,-1.0:-1.0,-1.0/-1.0,-1.0:-1.0,-1.0 farLxy=-1.0,-1.0:-1.0,-1.0/-1.0,-1.0:-1.0,-1.0 best=45:1.9,49.2:9.1,29.2:25.0:10101/11:111.9,91.2:113.1,55.9:2.5:10111 seed_src=none/none seed=0.0,0.0/0.0,0.0 far_start=70,0 far_raw=0/0 far_num=0/0 straight=0/1 far_straight=0/0 conf_deg=25.0/2.5/0.0/0.0
CrossDiag: type=CROSS_NONE track=1 half_lr=0/0 nearL=0@-1/0@-1 nearNum=48/124 centerNum=48/124 farL=0@-1/0@-1 farNum=0/0 farRaw=0/0 lost=0/0 not_have=0 final=124/126 flags=0/0
LineErr: aim=33 cxcy=84.0,119.6 left=1:-3.40@87,86 dx=3.4 idx=3/12 dist=32/151 right=1:-1.69@86,85 dx=1.7 idx=0/13 dist=32/253 sel=1:-1.60@86,83 dx=1.7 idx=0/16 dist=32/250 edge=1:1.71@82.0,75.0 dx=-2.0 width=60.8 l=52,70 r=112,80
CxScan: raw_ref=80.0 edge=82.0,75.0 best_raw_x=75 best_err=0.09 best_cxcy=82.1,119.5 scan=0:-23.0,10:-20.2,20:-17.3,30:-14.2,40:-11.1,50:-8.0,60:-4.8,70:-1.5,80:1.7,90:4.9,100:8.1,110:11.3,120:14.3,130:17.3,140:20.2
ATGSeedDiag: seed=1@5,93/1@139,108 begin=7,108 block=5 clip=8
ATGLptDiag: best=45(25.0) imip=35/47 pass=10101 acc=-1 ipm=1.9,49.2 inv=9.1,29.2 | 11(2.5) imip=1/21 pass=10111 acc=-1 ipm=111.9,91.2 inv=113.1,55.9
frame=208 line=1 track=1 cross=0 circle=1(CIRCLE_LEFT_BEGIN) round=0 yroad=0 ramp=0 road=7 speed=0 near=48/124 raw=103/105 sel=124/126 far=0/0 far_raw=0/0 l=0@-1/0@-1 far_l=0@-1/0@-1 straight=0/1 far_straight=0/0 circle_cnt=61/0/0/0 lost=0/0 conf=34.2/5.6/0.0/0.0 dist=830 m0=(84,119) ml=(86,87) md=32/1/131 cxcy=84.0,119.6 guide=-2.00 atg=1.0/0.0/1.0 pure=-0.35/-0.37 yaw=120 cmd=152 actual=88 signed=1 rps=3591/4009:4058/4476 duty=7/10
ATGCorner: L=0@-1/0@-1 Y=0@-1/0@-1 farL=0@-1/0@-1 Lxy=-1.0,-1.0:-1.0,-1.0/-1.0,-1.0:-1.0,-1.0 Yxy=-1.0,-1.0:-1.0,-1.0/-1.0,-1.0:-1.0,-1.0 farLxy=-1.0,-1.0:-1.0,-1.0/-1.0,-1.0:-1.0,-1.0 best=10:61.2,92.4:44.4,57.8:34.2:10110/1:108.8,114.2:133.3,97.9:5.6:10111 seed_src=none/none seed=0.0,0.0/0.0,0.0 far_start=70,0 far_raw=0/0 far_num=0/0 straight=0/1 far_straight=0/0 conf_deg=34.2/5.6/0.0/0.0
CrossDiag: type=CROSS_NONE track=1 half_lr=0/0 nearL=0@-1/0@-1 nearNum=48/124 centerNum=48/124 farL=0@-1/0@-1 farNum=0/0 farRaw=0/0 lost=0/0 not_have=0 final=124/126 flags=0/0
LineErr: aim=33 cxcy=84.0,119.6 left=1:-2.44@87,81 dx=2.6 idx=3/13 dist=34/149 right=1:-1.69@86,85 dx=1.7 idx=0/13 dist=32/253 sel=1:-1.49@86,83 dx=1.6 idx=0/16 dist=32/250 edge=1:1.30@82.5,75.5 dx=-1.5 width=59.7 l=53,71 r=112,80
CxScan: raw_ref=80.0 edge=82.5,75.5 best_raw_x=75 best_err=-0.33 best_cxcy=82.1,119.5 scan=0:-23.5,10:-20.7,20:-17.8,30:-14.7,40:-11.6,50:-8.5,60:-5.2,70:-2.0,80:1.3,90:4.6,100:7.8,110:10.9,120:14.0,130:17.0,140:20.0
ATGSeedDiag: seed=1@5,94/1@139,108 begin=7,108 block=5 clip=8
ATGLptDiag: best=10(34.2) imip=0/20 pass=10110 acc=-1 ipm=61.2,92.4 inv=44.4,57.8 | 1(5.6) imip=0/11 pass=10111 acc=-1 ipm=108.8,114.2 inv=133.3,97.9
frame=209 line=1 track=1 cross=0 circle=1(CIRCLE_LEFT_BEGIN) round=0 yroad=0 ramp=0 road=7 speed=0 near=48/124 raw=103/105 sel=124/126 far=0/0 far_raw=0/0 l=0@-1/0@-1 far_l=0@-1/0@-1 straight=0/1 far_straight=0/0 circle_cnt=61/0/0/0 lost=0/0 conf=26.3/6.3/0.0/0.0 dist=842 m0=(84,119) ml=(86,87) md=32/1/131 cxcy=84.0,119.6 guide=-2.00 atg=1.0/0.0/1.0 pure=-0.35/-0.37 yaw=120 cmd=160 actual=81 signed=1 rps=3581/4019:4287/4542 duty=7/10
ATGCorner: L=0@-1/0@-1 Y=0@-1/0@-1 farL=0@-1/0@-1 Lxy=-1.0,-1.0:-1.0,-1.0/-1.0,-1.0:-1.0,-1.0 Yxy=-1.0,-1.0:-1.0,-1.0/-1.0,-1.0:-1.0,-1.0 farLxy=-1.0,-1.0:-1.0,-1.0/-1.0,-1.0:-1.0,-1.0 best=11:61.3,90.6:45.3,55.8:26.3:10111/1:108.7,114.2:133.2,97.9:6.3:10111 seed_src=none/none seed=0.0,0.0/0.0,0.0 far_start=70,0 far_raw=0/0 far_num=0/0 straight=0/1 far_straight=0/0 conf_deg=26.3/6.3/0.0/0.0
CrossDiag: type=CROSS_NONE track=1 half_lr=0/0 nearL=0@-1/0@-1 nearNum=48/124 centerNum=48/124 farL=0@-1/0@-1 farNum=0/0 farRaw=0/0 lost=0/0 not_have=0 final=124/126 flags=0/0
LineErr: aim=33 cxcy=84.0,119.6 left=1:-3.13@87,86 dx=3.1 idx=3/12 dist=31/148 right=1:-1.63@86,85 dx=1.6 idx=0/13 dist=32/253 sel=1:-1.63@86,83 dx=1.7 idx=0/16 dist=32/250 edge=1:2.13@81.5,75.0 dx=-2.5 width=61.8 l=51,70 r=112,80
CxScan: raw_ref=80.0 edge=81.5,75.0 best_raw_x=75 best_err=0.51 best_cxcy=82.1,119.5 scan=0:-22.7,10:-19.8,20:-16.9,30:-13.8,40:-10.7,50:-7.6,60:-4.3,70:-1.1,80:2.1,90:5.4,100:8.5,110:11.7,120:14.7,130:17.7,140:20.6
ATGSeedDiag: seed=1@4,95/1@139,108 begin=7,108 block=5 clip=8
ATGLptDiag: best=11(26.3) imip=1/21 pass=10111 acc=-1 ipm=61.3,90.6 inv=45.3,55.8 | 1(6.3) imip=0/11 pass=10111 acc=-1 ipm=108.7,114.2 inv=133.2,97.9
frame=210 line=1 track=1 cross=0 circle=1(CIRCLE_LEFT_BEGIN) round=0 yroad=0 ramp=0 road=7 speed=0 near=48/124 raw=104/105 sel=124/126 far=0/0 far_raw=0/0 l=0@-1/0@-1 far_l=0@-1/0@-1 straight=0/1 far_straight=0/0 circle_cnt=61/0/0/0 lost=0/0 conf=35.3/6.4/0.0/0.0 dist=854 m0=(84,119) ml=(86,87) md=32/1/131 cxcy=84.0,119.6 guide=-2.00 atg=1.0/0.0/1.0 pure=-0.36/-0.37 yaw=120 cmd=168 actual=72 signed=1 rps=3569/4031:4192/4211 duty=7/11
ATGCorner: L=0@-1/0@-1 Y=0@-1/0@-1 farL=0@-1/0@-1 Lxy=-1.0,-1.0:-1.0,-1.0/-1.0,-1.0:-1.0,-1.0 Yxy=-1.0,-1.0:-1.0,-1.0/-1.0,-1.0:-1.0,-1.0 farLxy=-1.0,-1.0:-1.0,-1.0/-1.0,-1.0:-1.0,-1.0 best=10:61.0,93.0:43.9,58.5:35.3:10110/9:111.7,95.9:116.5,61.5:6.4:10111 seed_src=none/none seed=0.0,0.0/0.0,0.0 far_start=70,0 far_raw=0/0 far_num=0/0 straight=0/1 far_straight=0/0 conf_deg=35.3/6.4/0.0/0.0
CrossDiag: type=CROSS_NONE track=1 half_lr=0/0 nearL=0@-1/0@-1 nearNum=48/124 centerNum=48/124 farL=0@-1/0@-1 farNum=0/0 farRaw=0/0 lost=0/0 not_have=0 final=124/126 flags=0/0
LineErr: aim=33 cxcy=84.0,119.6 left=1:-2.88@87,86 dx=2.9 idx=3/12 dist=31/150 right=1:-1.63@86,85 dx=1.6 idx=0/13 dist=32/253 sel=1:-1.65@86,83 dx=1.7 idx=0/16 dist=32/250 edge=1:2.13@81.5,75.0 dx=-2.5 width=61.8 l=51,70 r=112,80
CxScan: raw_ref=80.0 edge=81.5,75.0 best_raw_x=75 best_err=0.51 best_cxcy=82.1,119.5 scan=0:-22.7,10:-19.8,20:-16.9,30:-13.8,40:-10.7,50:-7.6,60:-4.3,70:-1.1,80:2.1,90:5.4,100:8.5,110:11.7,120:14.7,130:17.7,140:20.6
ATGSeedDiag: seed=1@4,96/1@139,108 begin=7,108 block=5 clip=8
ATGLptDiag: best=10(35.3) imip=0/20 pass=10110 acc=-1 ipm=61.0,93.0 inv=43.9,58.5 | 9(6.4) imip=0/19 pass=10111 acc=-1 ipm=111.7,95.9 inv=116.5,61.5
frame=212 line=1 track=1 cross=0 circle=1(CIRCLE_LEFT_BEGIN) round=0 yroad=0 ramp=0 road=7 speed=0 near=46/124 raw=102/105 sel=124/126 far=0/0 far_raw=0/0 l=0@-1/0@-1 far_l=0@-1/0@-1 straight=0/1 far_straight=0/0 circle_cnt=61/0/0/0 lost=0/0 conf=27.7/6.6/0.0/0.0 dist=877 m0=(84,119) ml=(86,87) md=32/1/131 cxcy=84.0,119.6 guide=-1.66 atg=1.0/0.0/0.0 pure=-0.35/-0.37 yaw=100 cmd=127 actual=73 signed=1 rps=3626/3974:4265/3855 duty=7/11
ATGCorner: L=0@-1/0@-1 Y=0@-1/0@-1 farL=0@-1/0@-1 Lxy=-1.0,-1.0:-1.0,-1.0/-1.0,-1.0:-1.0,-1.0 Yxy=-1.0,-1.0:-1.0,-1.0/-1.0,-1.0:-1.0,-1.0 farLxy=-1.0,-1.0:-1.0,-1.0/-1.0,-1.0:-1.0,-1.0 best=11:61.1,91.1:44.8,56.3:27.7:10111/8:111.4,98.2:118.1,64.7:6.6:10111 seed_src=none/none seed=0.0,0.0/0.0,0.0 far_start=70,0 far_raw=0/0 far_num=0/0 straight=0/1 far_straight=0/0 conf_deg=27.7/6.6/0.0/0.0
CrossDiag: type=CROSS_NONE track=1 half_lr=0/0 nearL=0@-1/0@-1 nearNum=46/124 centerNum=46/124 farL=0@-1/0@-1 farNum=0/0 farRaw=0/0 lost=0/0 not_have=0 final=124/126 flags=0/0
LineErr: aim=33 cxcy=84.0,119.6 left=1:-1.81@86,81 dx=1.9 idx=3/13 dist=33/140 right=1:-1.43@85,85 dx=1.4 idx=0/13 dist=33/255 sel=1:-1.47@86,83 dx=1.5 idx=0/16 dist=32/250 edge=1:3.00@80.5,75.5 dx=-3.5 width=61.7 l=50,71 r=111,80
CxScan: raw_ref=80.0 edge=80.5,75.5 best_raw_x=70 best_err=-0.26 best_cxcy=80.2,119.5 scan=0:-22.1,10:-19.2,20:-16.2,30:-13.1,40:-10.0,50:-6.8,60:-3.5,70:-0.3,80:3.0,90:6.2,100:9.4,110:12.6,120:15.6,130:18.6,140:21.5
ATGSeedDiag: seed=1@4,98/1@139,108 begin=7,108 block=5 clip=8
ATGLptDiag: best=11(27.7) imip=1/21 pass=10111 acc=-1 ipm=61.1,91.1 inv=44.8,56.3 | 8(6.6) imip=0/18 pass=10111 acc=-1 ipm=111.4,98.2 inv=118.1,64.7
frame=213 line=1 track=1 cross=0 circle=1(CIRCLE_LEFT_BEGIN) round=0 yroad=0 ramp=0 road=7 speed=0 near=45/124 raw=102/106 sel=124/125 far=0/0 far_raw=0/0 l=0@-1/0@-1 far_l=0@-1/0@-1 straight=0/1 far_straight=0/0 circle_cnt=61/0/0/0 lost=0/0 conf=29.9/6.9/0.0/0.0 dist=888 m0=(84,119) ml=(85,87) md=32/1/129 cxcy=84.0,119.6 guide=-0.99 atg=1.0/0.0/0.0 pure=-0.35/-0.32 yaw=59 cmd=38 actual=81 signed=1 rps=3748/3852:4421/3972 duty=8/10
ATGCorner: L=0@-1/0@-1 Y=0@-1/0@-1 farL=0@-1/0@-1 Lxy=-1.0,-1.0:-1.0,-1.0/-1.0,-1.0:-1.0,-1.0 Yxy=-1.0,-1.0:-1.0,-1.0/-1.0,-1.0:-1.0,-1.0 farLxy=-1.0,-1.0:-1.0,-1.0/-1.0,-1.0:-1.0,-1.0 best=43:3.7,54.1:7.4,31.1:29.9:10111/8:111.3,98.5:118.2,65.1:6.9:10111 seed_src=none/none seed=0.0,0.0/0.0,0.0 far_start=70,0 far_raw=0/0 far_num=0/0 straight=0/1 far_straight=0/0 conf_deg=29.9/6.9/0.0/0.0
CrossDiag: type=CROSS_NONE track=1 half_lr=0/0 nearL=0@-1/0@-1 nearNum=45/124 centerNum=45/124 farL=0@-1/0@-1 farNum=0/0 farRaw=0/0 lost=0/0 not_have=0 final=124/125 flags=0/0
LineErr: aim=33 cxcy=84.0,119.6 left=1:-2.61@87,85 dx=2.6 idx=3/12 dist=31/139 right=1:-1.26@85,86 dx=1.3 idx=0/13 dist=32/252 sel=1:-1.14@85,83 dx=1.2 idx=0/16 dist=32/248 edge=1:3.02@80.5,76.0 dx=-3.5 width=61.5 l=50,72 r=111,80
CxScan: raw_ref=80.0 edge=80.5,76.0 best_raw_x=70 best_err=-0.27 best_cxcy=80.2,119.5 scan=0:-22.2,10:-19.3,20:-16.3,30:-13.2,40:-10.1,50:-6.8,60:-3.6,70:-0.3,80:3.0,90:6.3,100:9.5,110:12.7,120:15.7,130:18.7,140:21.6
ATGSeedDiag: seed=1@4,99/1@139,108 begin=7,108 block=5 clip=8
ATGLptDiag: best=43(29.9) imip=33/44 pass=10111 acc=-1 ipm=3.7,54.1 inv=7.4,31.1 | 8(6.9) imip=0/18 pass=10111 acc=-1 ipm=111.3,98.5 inv=118.2,65.1
frame=214 line=1 track=1 cross=0 circle=1(CIRCLE_LEFT_BEGIN) round=0 yroad=0 ramp=0 road=7 speed=0 near=45/124 raw=103/105 sel=124/125 far=0/0 far_raw=0/0 l=0@-1/0@-1 far_l=0@-1/0@-1 straight=0/1 far_straight=0/0 circle_cnt=61/0/0/0 lost=0/0 conf=26.4/7.9/0.0/0.0 dist=899 m0=(84,119) ml=(85,87) md=32/1/129 cxcy=84.0,119.6 guide=-0.99 atg=0.0/0.0/0.0 pure=-0.29/-0.32 yaw=59 cmd=26 actual=92 signed=1 rps=3764/3836:4469/4077 duty=8/10
ATGCorner: L=0@-1/0@-1 Y=0@-1/0@-1 farL=0@-1/0@-1 Lxy=-1.0,-1.0:-1.0,-1.0/-1.0,-1.0:-1.0,-1.0 Yxy=-1.0,-1.0:-1.0,-1.0/-1.0,-1.0:-1.0,-1.0 farLxy=-1.0,-1.0:-1.0,-1.0/-1.0,-1.0:-1.0,-1.0 best=11:61.1,91.5:44.6,56.8:26.4:10111/8:111.4,98.2:118.0,64.7:7.9:10111 seed_src=none/none seed=0.0,0.0/0.0,0.0 far_start=70,0 far_raw=0/0 far_num=0/0 straight=0/1 far_straight=0/0 conf_deg=26.4/7.9/0.0/0.0
CrossDiag: type=CROSS_NONE track=1 half_lr=0/0 nearL=0@-1/0@-1 nearNum=45/124 centerNum=45/124 farL=0@-1/0@-1 farNum=0/0 farRaw=0/0 lost=0/0 not_have=0 final=124/125 flags=0/0
LineErr: aim=33 cxcy=84.0,119.6 left=1:-1.16@85,81 dx=1.3 idx=3/13 dist=34/139 right=1:-1.33@85,85 dx=1.3 idx=0/13 dist=32/253 sel=1:-1.09@85,83 dx=1.1 idx=0/16 dist=32/248 edge=1:3.02@80.5,76.0 dx=-3.5 width=61.5 l=50,72 r=111,80
CxScan: raw_ref=80.0 edge=80.5,76.0 best_raw_x=70 best_err=-0.27 best_cxcy=80.2,119.5 scan=0:-22.2,10:-19.3,20:-16.3,30:-13.2,40:-10.1,50:-6.8,60:-3.6,70:-0.3,80:3.0,90:6.3,100:9.5,110:12.7,120:15.7,130:18.7,140:21.6
ATGSeedDiag: seed=1@4,100/1@138,108 begin=7,108 block=5 clip=8
ATGLptDiag: best=11(26.4) imip=1/21 pass=10111 acc=-1 ipm=61.1,91.5 inv=44.6,56.8 | 8(7.9) imip=0/18 pass=10111 acc=-1 ipm=111.4,98.2 inv=118.0,64.7
frame=215 line=1 track=1 cross=0 circle=1(CIRCLE_LEFT_BEGIN) round=0 yroad=0 ramp=0 road=7 speed=0 near=45/124 raw=102/105 sel=124/125 far=0/0 far_raw=0/0 l=0@-1/0@-1 far_l=0@-1/0@-1 straight=0/1 far_straight=0/0 circle_cnt=61/0/0/0 lost=0/0 conf=36.2/8.2/0.0/0.0 dist=910 m0=(84,119) ml=(85,87) md=32/1/129 cxcy=84.0,119.6 guide=-0.99 atg=0.0/0.0/0.0 pure=-0.29/-0.32 yaw=59 cmd=13 actual=106 signed=1 rps=3783/3817:4201/3964 duty=8/10
ATGCorner: L=0@-1/0@-1 Y=0@-1/0@-1 farL=0@-1/0@-1 Lxy=-1.0,-1.0:-1.0,-1.0/-1.0,-1.0:-1.0,-1.0 Yxy=-1.0,-1.0:-1.0,-1.0/-1.0,-1.0:-1.0,-1.0 farLxy=-1.0,-1.0:-1.0,-1.0/-1.0,-1.0:-1.0,-1.0 best=10:61.0,94.0:43.3,59.7:36.2:10111/7:111.1,100.5:119.8,68.2:8.2:10111 seed_src=none/none seed=0.0,0.0/0.0,0.0 far_start=70,0 far_raw=0/0 far_num=0/0 straight=0/1 far_straight=0/0 conf_deg=36.2/8.2/0.0/0.0
CrossDiag: type=CROSS_NONE track=1 half_lr=0/0 nearL=0@-1/0@-1 nearNum=45/124 centerNum=45/124 farL=0@-1/0@-1 farNum=0/0 farRaw=0/0 lost=0/0 not_have=0 final=124/125 flags=0/0
LineErr: aim=33 cxcy=84.0,119.6 left=1:-1.10@85,81 dx=1.2 idx=3/13 dist=33/136 right=1:-1.32@85,85 dx=1.3 idx=0/13 dist=32/253 sel=1:-1.07@85,83 dx=1.1 idx=0/16 dist=32/248 edge=1:3.45@80.0,76.0 dx=-4.0 width=62.5 l=49,72 r=111,80
CxScan: raw_ref=80.0 edge=80.0,76.0 best_raw_x=70 best_err=0.16 best_cxcy=80.2,119.5 scan=0:-21.9,10:-19.0,20:-15.9,30:-12.8,40:-9.6,50:-6.4,60:-3.1,70:0.2,80:3.5,90:6.7,100:9.9,110:13.1,120:16.1,130:19.1,140:22.0
ATGSeedDiag: seed=1@4,101/1@138,108 begin=7,108 block=5 clip=8
ATGLptDiag: best=10(36.2) imip=0/20 pass=10111 acc=-1 ipm=61.0,94.0 inv=43.3,59.7 | 7(8.2) imip=0/17 pass=10111 acc=-1 ipm=111.1,100.5 inv=119.8,68.2
frame=218 line=1 track=1 cross=0 circle=1(CIRCLE_LEFT_BEGIN) round=0 yroad=0 ramp=0 road=7 speed=0 near=43/124 raw=102/105 sel=124/125 far=0/0 far_raw=0/0 l=0@-1/0@-1 far_l=0@-1/0@-1 straight=0/1 far_straight=0/0 circle_cnt=61/0/0/0 lost=0/0 conf=36.0/9.0/0.0/0.0 dist=946 m0=(84,119) ml=(85,87) md=32/1/129 cxcy=84.0,119.6 guide=-0.99 atg=0.0/0.0/0.0 pure=-0.27/-0.28 yaw=59 cmd=-5 actual=124 signed=1 rps=3807/3793:4092/4601 duty=8/9
ATGCorner: L=0@-1/0@-1 Y=0@-1/0@-1 farL=0@-1/0@-1 Lxy=-1.0,-1.0:-1.0,-1.0/-1.0,-1.0:-1.0,-1.0 Yxy=-1.0,-1.0:-1.0,-1.0/-1.0,-1.0:-1.0,-1.0 farLxy=-1.0,-1.0:-1.0,-1.0/-1.0,-1.0:-1.0,-1.0 best=10:60.6,94.4:42.6,60.2:36.0:10111/6:110.8,102.8:121.7,72.0:9.0:10111 seed_src=none/none seed=0.0,0.0/0.0,0.0 far_start=70,0 far_raw=0/0 far_num=0/0 straight=0/1 far_straight=0/0 conf_deg=36.0/9.0/0.0/0.0
CrossDiag: type=CROSS_NONE track=1 half_lr=0/0 nearL=0@-1/0@-1 nearNum=43/124 centerNum=43/124 farL=0@-1/0@-1 farNum=0/0 farRaw=0/0 lost=0/0 not_have=0 final=124/125 flags=0/0
LineErr: aim=33 cxcy=84.0,119.6 left=1:-1.46@86,84 dx=1.5 idx=2/12 dist=34/137 right=1:-0.99@85,86 dx=1.0 idx=0/13 dist=32/253 sel=1:-0.59@85,83 dx=0.6 idx=0/16 dist=32/248 edge=1:3.91@79.5,76.5 dx=-4.5 width=63.4 l=48,73 r=111,80
CxScan: raw_ref=80.0 edge=79.5,76.5 best_raw_x=70 best_err=0.60 best_cxcy=80.2,119.5 scan=0:-21.6,10:-18.7,20:-15.6,30:-12.5,40:-9.3,50:-6.0,60:-2.7,70:0.6,80:3.9,90:7.2,100:10.4,110:13.6,120:16.6,130:19.6,140:22.5
ATGSeedDiag: seed=1@4,104/1@138,108 begin=7,108 block=5 clip=8
ATGLptDiag: best=10(36.0) imip=0/20 pass=10111 acc=-1 ipm=60.6,94.4 inv=42.6,60.2 | 6(9.0) imip=0/16 pass=10111 acc=-1 ipm=110.8,102.8 inv=121.7,72.0
frame=220 line=1 track=1 cross=0 circle=1(CIRCLE_LEFT_BEGIN) round=0 yroad=0 ramp=0 road=7 speed=0 near=43/124 raw=100/105 sel=124/126 far=0/0 far_raw=0/0 l=0@-1/0@-1 far_l=0@-1/0@-1 straight=0/1 far_straight=0/0 circle_cnt=61/0/0/0 lost=0/0 conf=37.6/8.6/0.0/0.0 dist=968 m0=(84,119) ml=(85,87) md=32/1/129 cxcy=84.0,119.6 guide=-0.65 atg=0.0/0.0/0.0 pure=-0.27/-0.27 yaw=39 cmd=-25 actual=103 signed=1 rps=3835/3765:3961/4431 duty=8/9
ATGCorner: L=0@-1/0@-1 Y=0@-1/0@-1 farL=0@-1/0@-1 Lxy=-1.0,-1.0:-1.0,-1.0/-1.0,-1.0:-1.0,-1.0 Yxy=-1.0,-1.0:-1.0,-1.0/-1.0,-1.0:-1.0,-1.0 farLxy=-1.0,-1.0:-1.0,-1.0/-1.0,-1.0:-1.0,-1.0 best=10:60.4,94.3:42.3,60.1:37.6:10111/6:110.8,102.8:121.7,72.0:8.6:10111 seed_src=none/none seed=0.0,0.0/0.0,0.0 far_start=70,0 far_raw=0/0 far_num=0/0 straight=0/1 far_straight=0/0 conf_deg=37.6/8.6/0.0/0.0
CrossDiag: type=CROSS_NONE track=1 half_lr=0/0 nearL=0@-1/0@-1 nearNum=43/124 centerNum=43/124 farL=0@-1/0@-1 farNum=0/0 farRaw=0/0 lost=0/0 not_have=0 final=124/126 flags=0/0
LineErr: aim=33 cxcy=84.0,119.6 left=1:-0.51@85,83 dx=0.5 idx=2/12 dist=34/134 right=1:-0.68@85,86 dx=0.7 idx=0/13 dist=32/252 sel=1:-0.40@84,83 dx=0.4 idx=0/16 dist=32/250 edge=1:3.53@80.0,77.5 dx=-4.0 width=62.2 l=49,75 r=111,80
CxScan: raw_ref=80.0 edge=80.0,77.5 best_raw_x=70 best_err=0.17 best_cxcy=80.2,119.5 scan=0:-22.3,10:-19.4,20:-16.3,30:-13.1,40:-9.9,50:-6.6,60:-3.2,70:0.2,80:3.5,90:6.9,100:10.1,110:13.4,120:16.5,130:19.5,140:22.4
ATGSeedDiag: seed=1@5,105/1@138,108 begin=7,108 block=5 clip=8
ATGLptDiag: best=10(37.6) imip=0/20 pass=10111 acc=-1 ipm=60.4,94.3 inv=42.3,60.1 | 6(8.6) imip=0/16 pass=10111 acc=-1 ipm=110.8,102.8 inv=121.7,72.0
frame=221 line=1 track=1 cross=0 circle=1(CIRCLE_LEFT_BEGIN) round=0 yroad=0 ramp=0 road=7 speed=0 near=42/124 raw=100/105 sel=124/126 far=0/0 far_raw=0/0 l=0@-1/0@-1 far_l=0@-1/0@-1 straight=0/1 far_straight=0/0 circle_cnt=61/0/0/0 lost=0/0 conf=38.3/9.4/0.0/0.0 dist=979 m0=(84,119) ml=(85,87) md=32/1/129 cxcy=84.0,119.6 guide=-0.48 atg=0.0/0.0/0.0 pure=-0.19/-0.27 yaw=29 cmd=-26 actual=84 signed=1 rps=3836/3764:4071/4504 duty=8/9
ATGCorner: L=0@-1/0@-1 Y=0@-1/0@-1 farL=0@-1/0@-1 Lxy=-1.0,-1.0:-1.0,-1.0/-1.0,-1.0:-1.0,-1.0 Yxy=-1.0,-1.0:-1.0,-1.0/-1.0,-1.0:-1.0,-1.0 farLxy=-1.0,-1.0:-1.0,-1.0/-1.0,-1.0:-1.0,-1.0 best=10:60.4,94.9:42.0,60.9:38.3:10111/6:110.8,102.8:121.7,72.0:9.4:10111 seed_src=none/none seed=0.0,0.0/0.0,0.0 far_start=70,0 far_raw=0/0 far_num=0/0 straight=0/1 far_straight=0/0 conf_deg=38.3/9.4/0.0/0.0
CrossDiag: type=CROSS_NONE track=1 half_lr=0/0 nearL=0@-1/0@-1 nearNum=42/124 centerNum=42/124 farL=0@-1/0@-1 farNum=0/0 farRaw=0/0 lost=0/0 not_have=0 final=124/126 flags=0/0
LineErr: aim=33 cxcy=84.0,119.6 left=1:-1.83@86,88 dx=1.8 idx=2/11 dist=31/133 right=1:-0.48@84,86 dx=0.5 idx=0/13 dist=32/253 sel=1:-0.28@84,83 dx=0.3 idx=0/16 dist=32/250 edge=1:4.44@79.0,78.0 dx=-5.0 width=62.1 l=48,76 r=110,80
CxScan: raw_ref=80.0 edge=79.0,78.0 best_raw_x=65 best_err=-0.64 best_cxcy=78.3,119.5 scan=0:-21.7,10:-18.7,20:-15.6,30:-12.4,40:-9.1,50:-5.7,60:-2.3,70:1.1,80:4.4,90:7.8,100:11.1,110:14.3,120:17.4,130:20.4,140:23.3
ATGSeedDiag: seed=1@4,107/1@138,108 begin=7,108 block=5 clip=8
ATGLptDiag: best=10(38.3) imip=0/20 pass=10111 acc=-1 ipm=60.4,94.9 inv=42.0,60.9 | 6(9.4) imip=0/16 pass=10111 acc=-1 ipm=110.8,102.8 inv=121.7,72.0
frame=222 line=1 track=1 cross=0 circle=1(CIRCLE_LEFT_BEGIN) round=0 yroad=0 ramp=0 road=7 speed=0 near=42/124 raw=102/105 sel=124/125 far=0/0 far_raw=0/0 l=0@-1/0@-1 far_l=0@-1/0@-1 straight=0/1 far_straight=0/0 circle_cnt=61/0/0/0 lost=0/0 conf=36.2/9.4/0.0/0.0 dist=991 m0=(84,119) ml=(85,87) md=32/1/126 cxcy=84.0,119.6 guide=-0.48 atg=0.0/0.0/0.0 pure=-0.19/-0.27 yaw=29 cmd=-14 actual=72 signed=1 rps=3819/3781:3948/4287 duty=8/10
ATGCorner: L=0@-1/0@-1 Y=0@-1/0@-1 farL=0@-1/0@-1 Lxy=-1.0,-1.0:-1.0,-1.0/-1.0,-1.0:-1.0,-1.0 Yxy=-1.0,-1.0:-1.0,-1.0/-1.0,-1.0:-1.0,-1.0 farLxy=-1.0,-1.0:-1.0,-1.0/-1.0,-1.0:-1.0,-1.0 best=10:60.4,95.1:41.8,61.2:36.2:10111/6:110.8,102.8:121.7,72.0:9.4:10111 seed_src=none/none seed=0.0,0.0/0.0,0.0 far_start=70,0 far_raw=0/0 far_num=0/0 straight=0/1 far_straight=0/0 conf_deg=36.2/9.4/0.0/0.0
CrossDiag: type=CROSS_NONE track=1 half_lr=0/0 nearL=0@-1/0@-1 nearNum=42/124 centerNum=42/124 farL=0@-1/0@-1 farNum=0/0 farRaw=0/0 lost=0/0 not_have=0 final=124/125 flags=0/0
LineErr: aim=33 cxcy=84.0,119.6 left=1:-1.69@86,88 dx=1.6 idx=2/11 dist=31/132 right=1:-0.33@84,86 dx=0.3 idx=0/13 dist=32/253 sel=1:-0.18@84,83 dx=0.2 idx=0/16 dist=32/248 edge=1:4.44@79.0,78.0 dx=-5.0 width=62.1 l=48,76 r=110,80
CxScan: raw_ref=80.0 edge=79.0,78.0 best_raw_x=65 best_err=-0.64 best_cxcy=78.3,119.5 scan=0:-21.7,10:-18.7,20:-15.6,30:-12.4,40:-9.1,50:-5.7,60:-2.3,70:1.1,80:4.4,90:7.8,100:11.1,110:14.3,120:17.4,130:20.4,140:23.3
ATGSeedDiag: seed=1@4,108/1@138,108 begin=7,108 block=5 clip=8
ATGLptDiag: best=10(36.2) imip=0/20 pass=10111 acc=-1 ipm=60.4,95.1 inv=41.8,61.2 | 6(9.4) imip=0/16 pass=10111 acc=-1 ipm=110.8,102.8 inv=121.7,72.0
frame=223 line=1 track=1 cross=0 circle=1(CIRCLE_LEFT_BEGIN) round=0 yroad=0 ramp=0 road=7 speed=0 near=41/124 raw=101/105 sel=124/126 far=0/0 far_raw=0/0 l=0@-1/0@-1 far_l=0@-1/0@-1 straight=0/1 far_straight=0/0 circle_cnt=61/0/0/0 lost=0/0 conf=36.6/11.1/0.0/0.0 dist=1003 m0=(84,119) ml=(85,87) md=32/1/129 cxcy=84.0,119.6 guide=-0.48 atg=0.0/0.0/0.0 pure=-0.19/-0.27 yaw=29 cmd=2 actual=55 signed=1 rps=3797/3803:4202/4402 duty=8/10
ATGCorner: L=0@-1/0@-1 Y=0@-1/0@-1 farL=0@-1/0@-1 Lxy=-1.0,-1.0:-1.0,-1.0/-1.0,-1.0:-1.0,-1.0 Yxy=-1.0,-1.0:-1.0,-1.0/-1.0,-1.0:-1.0,-1.0 farLxy=-1.0,-1.0:-1.0,-1.0/-1.0,-1.0:-1.0,-1.0 best=10:60.2,95.0:41.6,61.0:36.6:10111/3:110.0,109.7:128.7,86.0:11.1:10111 seed_src=none/none seed=0.0,0.0/0.0,0.0 far_start=70,0 far_raw=0/0 far_num=0/0 straight=0/1 far_straight=0/0 conf_deg=36.6/11.1/0.0/0.0
CrossDiag: type=CROSS_NONE track=1 half_lr=0/0 nearL=0@-1/0@-1 nearNum=41/124 centerNum=41/124 farL=0@-1/0@-1 farNum=0/0 farRaw=0/0 lost=0/0 not_have=0 final=124/126 flags=0/0
LineErr: aim=33 cxcy=84.0,119.6 left=1:0.27@84,83 dx=-0.3 idx=2/12 dist=34/129 right=1:-0.33@84,86 dx=0.3 idx=0/13 dist=32/253 sel=1:-0.18@84,83 dx=0.2 idx=0/16 dist=32/250 edge=1:4.44@79.0,78.0 dx=-5.0 width=62.1 l=48,76 r=110,80
CxScan: raw_ref=80.0 edge=79.0,78.0 best_raw_x=65 best_err=-0.64 best_cxcy=78.3,119.5 scan=0:-21.7,10:-18.7,20:-15.6,30:-12.4,40:-9.1,50:-5.7,60:-2.3,70:1.1,80:4.4,90:7.8,100:11.1,110:14.3,120:17.4,130:20.4,140:23.3
ATGSeedDiag: seed=1@5,108/1@138,108 begin=7,108 block=5 clip=8
ATGLptDiag: best=10(36.6) imip=0/20 pass=10111 acc=-1 ipm=60.2,95.0 inv=41.6,61.0 | 3(11.1) imip=0/13 pass=10111 acc=-1 ipm=110.0,109.7 inv=128.7,86.0
frame=224 line=1 track=1 cross=0 circle=1(CIRCLE_LEFT_BEGIN) round=0 yroad=0 ramp=0 road=7 speed=0 near=40/124 raw=101/105 sel=124/126 far=0/0 far_raw=0/0 l=0@-1/0@-1 far_l=0@-1/0@-1 straight=0/1 far_straight=0/0 circle_cnt=61/0/0/0 lost=0/0 conf=37.1/9.1/0.0/0.0 dist=1015 m0=(84,119) ml=(84,87) md=32/1/129 cxcy=84.0,119.6 guide=-0.31 atg=0.0/0.0/0.0 pure=-0.19/-0.27 yaw=19 cmd=-10 actual=48 signed=1 rps=3814/3786:4149/4154 duty=8/10
ATGCorner: L=0@-1/0@-1 Y=0@-1/0@-1 farL=0@-1/0@-1 Lxy=-1.0,-1.0:-1.0,-1.0/-1.0,-1.0:-1.0,-1.0 Yxy=-1.0,-1.0:-1.0,-1.0/-1.0,-1.0:-1.0,-1.0 farLxy=-1.0,-1.0:-1.0,-1.0/-1.0,-1.0:-1.0,-1.0 best=10:60.0,94.8:41.4,60.7:37.1:10111/6:110.8,102.8:121.7,72.0:9.1:10111 seed_src=none/none seed=0.0,0.0/0.0,0.0 far_start=70,0 far_raw=0/0 far_num=0/0 straight=0/1 far_straight=0/0 conf_deg=37.1/9.1/0.0/0.0
CrossDiag: type=CROSS_NONE track=1 half_lr=0/0 nearL=0@-1/0@-1 nearNum=40/124 centerNum=40/124 farL=0@-1/0@-1 farNum=0/0 farRaw=0/0 lost=0/0 not_have=0 final=124/126 flags=0/0
LineErr: aim=33 cxcy=84.0,119.6 left=1:0.51@83,82 dx=-0.5 idx=2/12 dist=34/126 right=1:-0.27@84,86 dx=0.3 idx=0/13 dist=32/255 sel=1:-0.03@84,83 dx=0.0 idx=0/16 dist=32/250 edge=1:4.88@78.5,78.0 dx=-5.5 width=63.1 l=47,76 r=110,80
CxScan: raw_ref=80.0 edge=78.5,78.0 best_raw_x=65 best_err=-0.20 best_cxcy=78.3,119.5 scan=0:-21.3,10:-18.3,20:-15.2,30:-11.9,40:-8.6,50:-5.3,60:-1.9,70:1.5,80:4.9,90:8.2,100:11.5,110:14.7,120:17.8,130:20.8,140:23.7
ATGSeedDiag: seed=1@6,108/1@138,108 begin=7,108 block=5 clip=8
ATGLptDiag: best=10(37.1) imip=0/20 pass=10111 acc=-1 ipm=60.0,94.8 inv=41.4,60.7 | 6(9.1) imip=0/16 pass=10111 acc=-1 ipm=110.8,102.8 inv=121.7,72.0
frame=225 line=1 track=1 cross=0 circle=1(CIRCLE_LEFT_BEGIN) round=0 yroad=0 ramp=0 road=7 speed=0 near=40/124 raw=100/105 sel=124/126 far=0/0 far_raw=0/0 l=0@-1/0@-1 far_l=0@-1/0@-1 straight=0/1 far_straight=0/0 circle_cnt=61/0/0/0 lost=0/0 conf=29.2/11.3/0.0/0.0 dist=1027 m0=(84,119) ml=(84,87) md=32/1/129 cxcy=84.0,119.6 guide=-0.31 atg=0.0/0.0/0.0 pure=-0.19/-0.27 yaw=19 cmd=-13 actual=51 signed=1 rps=3818/3782:4440/4198 duty=8/10
ATGCorner: L=0@-1/0@-1 Y=0@-1/0@-1 farL=0@-1/0@-1 Lxy=-1.0,-1.0:-1.0,-1.0/-1.0,-1.0:-1.0,-1.0 Yxy=-1.0,-1.0:-1.0,-1.0/-1.0,-1.0:-1.0,-1.0 farLxy=-1.0,-1.0:-1.0,-1.0/-1.0,-1.0:-1.0,-1.0 best=11:59.4,92.4:41.8,57.8:29.2:10111/3:110.0,109.7:128.7,86.0:11.3:10111 seed_src=none/none seed=0.0,0.0/0.0,0.0 far_start=70,0 far_raw=0/0 far_num=0/0 straight=0/1 far_straight=0/0 conf_deg=29.2/11.3/0.0/0.0
CrossDiag: type=CROSS_NONE track=1 half_lr=0/0 nearL=0@-1/0@-1 nearNum=40/124 centerNum=40/124 farL=0@-1/0@-1 farNum=0/0 farRaw=0/0 lost=0/0 not_have=0 final=124/126 flags=0/0
LineErr: aim=33 cxcy=84.0,119.6 left=1:-0.54@85,86 dx=0.5 idx=1/11 dist=34/129 right=1:-0.17@84,86 dx=0.2 idx=0/13 dist=32/253 sel=1:-0.03@84,83 dx=0.0 idx=0/16 dist=32/250 edge=1:4.88@78.5,78.0 dx=-5.5 width=63.1 l=47,76 r=110,80
CxScan: raw_ref=80.0 edge=78.5,78.0 best_raw_x=65 best_err=-0.20 best_cxcy=78.3,119.5 scan=0:-21.3,10:-18.3,20:-15.2,30:-11.9,40:-8.6,50:-5.3,60:-1.9,70:1.5,80:4.9,90:8.2,100:11.5,110:14.7,120:17.8,130:20.8,140:23.7
ATGSeedDiag: seed=1@7,108/1@138,108 begin=7,108 block=5 clip=8
ATGLptDiag: best=11(29.2) imip=1/21 pass=10111 acc=-1 ipm=59.4,92.4 inv=41.8,57.8 | 3(11.3) imip=0/13 pass=10111 acc=-1 ipm=110.0,109.7 inv=128.7,86.0
frame=226 line=1 track=1 cross=0 circle=1(CIRCLE_LEFT_BEGIN) round=0 yroad=0 ramp=0 road=7 speed=0 near=39/124 raw=96/105 sel=124/125 far=0/0 far_raw=0/0 l=0@-1/0@-1 far_l=0@-1/0@-1 straight=0/1 far_straight=0/0 circle_cnt=61/0/0/0 lost=0/0 conf=36.0/11.8/0.0/0.0 dist=1038 m0=(84,119) ml=(84,87) md=32/1/126 cxcy=84.0,119.6 guide=-0.14 atg=0.0/0.0/0.0 pure=-0.19/-0.26 yaw=9 cmd=-37 actual=54 signed=1 rps=3851/3749:4509/4098 duty=8/10
ATGCorner: L=0@-1/0@-1 Y=0@-1/0@-1 farL=0@-1/0@-1 Lxy=-1.0,-1.0:-1.0,-1.0/-1.0,-1.0:-1.0,-1.0 Yxy=-1.0,-1.0:-1.0,-1.0/-1.0,-1.0:-1.0,-1.0 farLxy=-1.0,-1.0:-1.0,-1.0/-1.0,-1.0:-1.0,-1.0 best=10:59.4,94.2:41.0,59.9:36.0:10111/2:109.6,112.0:131.5,91.7:11.8:10111 seed_src=none/none seed=0.0,0.0/0.0,0.0 far_start=70,0 far_raw=0/0 far_num=0/0 straight=0/1 far_straight=0/0 conf_deg=36.0/11.8/0.0/0.0
CrossDiag: type=CROSS_NONE track=1 half_lr=0/0 nearL=0@-1/0@-1 nearNum=39/124 centerNum=39/124 farL=0@-1/0@-1 farNum=0/0 farRaw=0/0 lost=0/0 not_have=0 final=124/125 flags=0/0
LineErr: aim=33 cxcy=84.0,119.6 left=1:0.55@83,84 dx=-0.6 idx=1/11 dist=33/123 right=1:0.09@84,86 dx=-0.1 idx=0/13 dist=32/254 sel=1:0.14@84,83 dx=-0.1 idx=0/16 dist=32/248 edge=1:4.95@78.5,79.0 dx=-5.5 width=63.0 l=47,78 r=110,80
CxScan: raw_ref=80.0 edge=78.5,79.0 best_raw_x=65 best_err=-0.20 best_cxcy=78.3,119.5 scan=0:-21.6,10:-18.6,20:-15.4,30:-12.1,40:-8.8,50:-5.4,60:-1.9,70:1.5,80:5.0,90:8.3,100:11.7,110:14.9,120:18.1,130:21.1,140:24.0
ATGSeedDiag: seed=1@9,108/1@138,108 begin=7,108 block=5 clip=8
ATGLptDiag: best=10(36.0) imip=0/20 pass=10111 acc=-1 ipm=59.4,94.2 inv=41.0,59.9 | 2(11.8) imip=0/12 pass=10111 acc=-1 ipm=109.6,112.0 inv=131.5,91.7
frame=227 line=1 track=1 cross=0 circle=1(CIRCLE_LEFT_BEGIN) round=0 yroad=0 ramp=0 road=7 speed=0 near=38/124 raw=96/105 sel=124/125 far=0/0 far_raw=0/0 l=0@-1/0@-1 far_l=0@-1/0@-1 straight=0/1 far_straight=0/0 circle_cnt=61/0/0/0 lost=0/0 conf=36.9/12.9/0.0/0.0 dist=1050 m0=(84,119) ml=(84,87) md=32/1/127 cxcy=84.0,119.6 guide=0.03 atg=0.0/0.0/0.0 pure=-0.18/-0.22 yaw=-2 cmd=-46 actual=43 signed=1 rps=3863/3737:4357/3907 duty=8/10
ATGCorner: L=0@-1/0@-1 Y=0@-1/0@-1 farL=0@-1/0@-1 Lxy=-1.0,-1.0:-1.0,-1.0/-1.0,-1.0:-1.0,-1.0 Yxy=-1.0,-1.0:-1.0,-1.0/-1.0,-1.0:-1.0,-1.0 farLxy=-1.0,-1.0:-1.0,-1.0/-1.0,-1.0:-1.0,-1.0 best=10:59.5,94.4:41.0,60.2:36.9:10111/2:109.6,112.0:131.5,91.7:12.9:10111 seed_src=none/none seed=0.0,0.0/0.0,0.0 far_start=70,0 far_raw=0/0 far_num=0/0 straight=0/1 far_straight=0/0 conf_deg=36.9/12.9/0.0/0.0
CrossDiag: type=CROSS_NONE track=1 half_lr=0/0 nearL=0@-1/0@-1 nearNum=38/124 centerNum=38/124 farL=0@-1/0@-1 farNum=0/0 farRaw=0/0 lost=0/0 not_have=0 final=124/125 flags=0/0
LineErr: aim=33 cxcy=84.0,119.6 left=1:0.57@83,84 dx=-0.6 idx=1/11 dist=33/121 right=1:0.18@84,84 dx=-0.2 idx=0/14 dist=33/251 sel=1:0.17@84,83 dx=-0.2 idx=0/16 dist=32/248 edge=1:4.95@78.5,79.0 dx=-5.5 width=63.0 l=47,78 r=110,80
CxScan: raw_ref=80.0 edge=78.5,79.0 best_raw_x=65 best_err=-0.20 best_cxcy=78.3,119.5 scan=0:-21.6,10:-18.6,20:-15.4,30:-12.1,40:-8.8,50:-5.4,60:-1.9,70:1.5,80:5.0,90:8.3,100:11.7,110:14.9,120:18.1,130:21.1,140:24.0
ATGSeedDiag: seed=1@9,108/1@138,108 begin=7,108 block=5 clip=8
ATGLptDiag: best=10(36.9) imip=0/20 pass=10111 acc=-1 ipm=59.5,94.4 inv=41.0,60.2 | 2(12.9) imip=0/12 pass=10111 acc=-1 ipm=109.6,112.0 inv=131.5,91.7
frame=228 line=1 track=1 cross=0 circle=1(CIRCLE_LEFT_BEGIN) round=0 yroad=0 ramp=0 road=7 speed=0 near=38/124 raw=95/105 sel=124/125 far=0/0 far_raw=0/0 l=0@-1/0@-1 far_l=0@-1/0@-1 straight=0/1 far_straight=0/0 circle_cnt=61/0/0/0 lost=0/0 conf=36.8/11.3/0.0/0.0 dist=1062 m0=(84,119) ml=(84,87) md=32/1/127 cxcy=84.0,119.6 guide=0.03 atg=0.0/0.0/0.0 pure=-0.15/-0.22 yaw=-2 cmd=-30 actual=27 signed=1 rps=3841/3759:4574/4105 duty=8/10
ATGCorner: L=0@-1/0@-1 Y=0@-1/0@-1 farL=0@-1/0@-1 Lxy=-1.0,-1.0:-1.0,-1.0/-1.0,-1.0:-1.0,-1.0 Yxy=-1.0,-1.0:-1.0,-1.0/-1.0,-1.0:-1.0,-1.0 farLxy=-1.0,-1.0:-1.0,-1.0/-1.0,-1.0:-1.0,-1.0 best=10:59.3,94.2:40.8,60.0:36.8:10111/3:110.0,109.7:128.7,85.9:11.3:10111 seed_src=none/none seed=0.0,0.0/0.0,0.0 far_start=70,0 far_raw=0/0 far_num=0/0 straight=0/1 far_straight=0/0 conf_deg=36.8/11.3/0.0/0.0
CrossDiag: type=CROSS_NONE track=1 half_lr=0/0 nearL=0@-1/0@-1 nearNum=38/124 centerNum=38/124 farL=0@-1/0@-1 farNum=0/0 farRaw=0/0 lost=0/0 not_have=0 final=124/125 flags=0/0
LineErr: aim=33 cxcy=84.0,119.6 left=1:-0.48@84,87 dx=0.5 idx=1/10 dist=31/122 right=1:0.28@84,84 dx=-0.3 idx=0/14 dist=33/253 sel=1:0.21@84,83 dx=-0.2 idx=0/16 dist=32/248 edge=1:5.40@78.0,79.0 dx=-6.0 width=64.0 l=46,78 r=110,80
CxScan: raw_ref=80.0 edge=78.0,79.0 best_raw_x=65 best_err=0.24 best_cxcy=78.3,119.5 scan=0:-21.3,10:-18.2,20:-15.0,30:-11.7,40:-8.3,50:-4.9,60:-1.5,70:2.0,80:5.4,90:8.8,100:12.1,110:15.3,120:18.5,130:21.5,140:24.4
ATGSeedDiag: seed=1@10,108/1@138,108 begin=7,108 block=5 clip=8
ATGLptDiag: best=10(36.8) imip=0/20 pass=10111 acc=-1 ipm=59.3,94.2 inv=40.8,60.0 | 3(11.3) imip=0/13 pass=10111 acc=-1 ipm=110.0,109.7 inv=128.7,85.9
frame=230 line=1 track=1 cross=0 circle=1(CIRCLE_LEFT_BEGIN) round=0 yroad=0 ramp=0 road=7 speed=0 near=38/124 raw=94/105 sel=124/125 far=0/0 far_raw=0/0 l=0@-1/0@-1 far_l=0@-1/0@-1 straight=0/1 far_straight=0/0 circle_cnt=61/0/0/0 lost=0/0 conf=35.5/9.9/0.0/0.0 dist=1086 m0=(84,119) ml=(84,87) md=32/1/126 cxcy=84.0,119.6 guide=0.03 atg=0.0/0.0/0.0 pure=-0.19/-0.26 yaw=-2 cmd=-4 actual=1 signed=1 rps=3806/3794:4472/4368 duty=8/10
ATGCorner: L=0@-1/0@-1 Y=0@-1/0@-1 farL=0@-1/0@-1 Lxy=-1.0,-1.0:-1.0,-1.0/-1.0,-1.0:-1.0,-1.0 Yxy=-1.0,-1.0:-1.0,-1.0/-1.0,-1.0:-1.0,-1.0 farLxy=-1.0,-1.0:-1.0,-1.0/-1.0,-1.0:-1.0,-1.0 best=10:58.7,94.1:40.0,59.9:35.5:10111/4:110.5,107.4:126.5,80.7:9.9:10111 seed_src=none/none seed=0.0,0.0/0.0,0.0 far_start=70,0 far_raw=0/0 far_num=0/0 straight=0/1 far_straight=0/0 conf_deg=35.5/9.9/0.0/0.0
CrossDiag: type=CROSS_NONE track=1 half_lr=0/0 nearL=0@-1/0@-1 nearNum=38/124 centerNum=38/124 farL=0@-1/0@-1 farNum=0/0 farRaw=0/0 lost=0/0 not_have=0 final=124/125 flags=0/0
LineErr: aim=33 cxcy=84.0,119.6 left=1:0.39@84,86 dx=-0.4 idx=0/10 dist=33/124 right=1:0.18@84,84 dx=-0.2 idx=0/14 dist=33/253 sel=1:0.14@84,83 dx=-0.1 idx=0/16 dist=32/248 edge=1:5.40@78.0,79.0 dx=-6.0 width=64.0 l=46,78 r=110,80
CxScan: raw_ref=80.0 edge=78.0,79.0 best_raw_x=65 best_err=0.24 best_cxcy=78.3,119.5 scan=0:-21.3,10:-18.2,20:-15.0,30:-11.7,40:-8.3,50:-4.9,60:-1.5,70:2.0,80:5.4,90:8.8,100:12.1,110:15.3,120:18.5,130:21.5,140:24.4
ATGSeedDiag: seed=1@11,108/1@138,108 begin=7,108 block=5 clip=8
ATGLptDiag: best=10(35.5) imip=0/20 pass=10111 acc=-1 ipm=58.7,94.1 inv=40.0,59.9 | 4(9.9) imip=0/14 pass=10111 acc=-1 ipm=110.5,107.4 inv=126.5,80.7
frame=231 line=1 track=1 cross=0 circle=1(CIRCLE_LEFT_BEGIN) round=0 yroad=0 ramp=0 road=7 speed=0 near=37/124 raw=93/105 sel=124/125 far=0/0 far_raw=0/0 l=0@-1/0@-1 far_l=0@-1/0@-1 straight=0/1 far_straight=0/0 circle_cnt=61/0/0/0 lost=0/0 conf=36.1/13.9/0.0/0.0 dist=1098 m0=(84,119) ml=(84,87) md=32/1/126 cxcy=84.0,119.6 guide=0.03 atg=0.0/0.0/0.0 pure=-0.19/-0.26 yaw=-2 cmd=0 actual=-3 signed=1 rps=3800/3800:4135/4273 duty=8/10
ATGCorner: L=0@-1/0@-1 Y=0@-1/0@-1 farL=0@-1/0@-1 Lxy=-1.0,-1.0:-1.0,-1.0/-1.0,-1.0:-1.0,-1.0 Yxy=-1.0,-1.0:-1.0,-1.0/-1.0,-1.0:-1.0,-1.0 farLxy=-1.0,-1.0:-1.0,-1.0/-1.0,-1.0:-1.0,-1.0 best=10:58.7,94.0:40.0,59.8:36.1:10111/1:109.4,114.3:134.8,98.2:13.9:10111 seed_src=none/none seed=0.0,0.0/0.0,0.0 far_start=70,0 far_raw=0/0 far_num=0/0 straight=0/1 far_straight=0/0 conf_deg=36.1/13.9/0.0/0.0
CrossDiag: type=CROSS_NONE track=1 half_lr=0/0 nearL=0@-1/0@-1 nearNum=37/124 centerNum=37/124 farL=0@-1/0@-1 farNum=0/0 farRaw=0/0 lost=0/0 not_have=0 final=124/125 flags=0/0
LineErr: aim=33 cxcy=84.0,119.6 left=1:0.63@83,86 dx=-0.6 idx=0/10 dist=34/122 right=1:0.28@84,84 dx=-0.3 idx=0/14 dist=33/254 sel=1:0.18@84,83 dx=-0.2 idx=0/16 dist=32/248 edge=1:5.03@78.5,80.0 dx=-5.5 width=63.0 l=47,80 r=110,80
CxScan: raw_ref=80.0 edge=78.5,80.0 best_raw_x=65 best_err=-0.21 best_cxcy=78.3,119.5 scan=0:-22.0,10:-18.9,20:-15.6,30:-12.3,40:-8.9,50:-5.5,60:-2.0,70:1.5,80:5.0,90:8.5,100:11.9,110:15.2,120:18.3,130:21.4,140:24.4
ATGSeedDiag: seed=1@12,108/1@138,108 begin=7,108 block=5 clip=8
ATGLptDiag: best=10(36.1) imip=0/20 pass=10111 acc=-1 ipm=58.7,94.0 inv=40.0,59.8 | 1(13.9) imip=0/11 pass=10111 acc=-1 ipm=109.4,114.3 inv=134.8,98.2
frame=234 line=1 track=1 cross=0 circle=1(CIRCLE_LEFT_BEGIN) round=0 yroad=0 ramp=0 road=7 speed=0 near=35/124 raw=89/105 sel=124/125 far=0/0 far_raw=0/0 l=0@-1/0@-1 far_l=0@-1/0@-1 straight=0/1 far_straight=0/0 circle_cnt=61/0/0/0 lost=0/0 conf=35.8/11.7/0.0/0.0 dist=1132 m0=(84,119) ml=(84,87) md=32/1/127 cxcy=84.0,119.6 guide=0.03 atg=0.0/0.0/0.0 pure=-0.16/-0.22 yaw=-2 cmd=23 actual=-26 signed=1 rps=3769/3831:3885/4315 duty=8/10
ATGCorner: L=0@-1/0@-1 Y=0@-1/0@-1 farL=0@-1/0@-1 Lxy=-1.0,-1.0:-1.0,-1.0/-1.0,-1.0:-1.0,-1.0 Yxy=-1.0,-1.0:-1.0,-1.0/-1.0,-1.0:-1.0,-1.0 farLxy=-1.0,-1.0:-1.0,-1.0/-1.0,-1.0:-1.0,-1.0 best=10:57.7,93.7:38.9,59.4:35.8:10111/2:109.9,112.0:132.1,91.7:11.7:10111 seed_src=none/none seed=0.0,0.0/0.0,0.0 far_start=70,0 far_raw=0/0 far_num=0/0 straight=0/1 far_straight=0/0 conf_deg=35.8/11.7/0.0/0.0
CrossDiag: type=CROSS_NONE track=1 half_lr=0/0 nearL=0@-1/0@-1 nearNum=35/124 centerNum=35/124 farL=0@-1/0@-1 farNum=0/0 farRaw=0/0 lost=0/0 not_have=0 final=124/125 flags=0/0
LineErr: aim=33 cxcy=84.0,119.6 left=1:2.20@82,83 dx=-2.3 idx=0/10 dist=33/114 right=1:0.28@84,84 dx=-0.3 idx=0/14 dist=32/251 sel=1:0.21@84,83 dx=-0.2 idx=0/16 dist=32/248 edge=1:5.98@77.5,80.5 dx=-6.5 width=65.0 l=45,81 r=110,80
CxScan: raw_ref=80.0 edge=77.5,80.5 best_raw_x=65 best_err=0.71 best_cxcy=78.3,119.5 scan=0:-21.3,10:-18.2,20:-14.9,30:-11.5,40:-8.1,50:-4.6,60:-1.1,70:2.5,80:6.0,90:9.4,100:12.8,110:16.1,120:19.3,130:22.4,140:25.3
ATGSeedDiag: seed=1@15,108/1@139,108 begin=7,108 block=5 clip=8
ATGLptDiag: best=10(35.8) imip=0/20 pass=10111 acc=-1 ipm=57.7,93.7 inv=38.9,59.4 | 2(11.7) imip=0/12 pass=10111 acc=-1 ipm=109.9,112.0 inv=132.1,91.7
frame=235 line=1 track=1 cross=0 circle=1(CIRCLE_LEFT_BEGIN) round=0 yroad=0 ramp=0 road=7 speed=0 near=35/124 raw=91/105 sel=124/125 far=0/0 far_raw=0/0 l=0@-1/0@-1 far_l=0@-1/0@-1 straight=0/1 far_straight=0/0 circle_cnt=61/0/0/0 lost=0/0 conf=33.2/7.8/0.0/0.0 dist=1143 m0=(84,119) ml=(84,87) md=32/1/127 cxcy=84.0,119.6 guide=0.03 atg=0.0/0.0/0.0 pure=-0.19/-0.22 yaw=-2 cmd=17 actual=-20 signed=1 rps=3777/3823:4002/4446 duty=8/10
ATGCorner: L=0@-1/0@-1 Y=0@-1/0@-1 farL=0@-1/0@-1 Lxy=-1.0,-1.0:-1.0,-1.0/-1.0,-1.0:-1.0,-1.0 Yxy=-1.0,-1.0:-1.0,-1.0/-1.0,-1.0:-1.0,-1.0 farLxy=-1.0,-1.0:-1.0,-1.0/-1.0,-1.0:-1.0,-1.0 best=10:57.3,94.1:38.0,59.9:33.2:10111/4:110.5,107.3:126.5,80.6:7.8:10111 seed_src=none/none seed=0.0,0.0/0.0,0.0 far_start=70,0 far_raw=0/0 far_num=0/0 straight=0/1 far_straight=0/0 conf_deg=33.2/7.8/0.0/0.0
CrossDiag: type=CROSS_NONE track=1 half_lr=0/0 nearL=0@-1/0@-1 nearNum=35/124 centerNum=35/124 farL=0@-1/0@-1 farNum=0/0 farRaw=0/0 lost=0/0 not_have=0 final=124/125 flags=0/0
LineErr: aim=33 cxcy=84.0,119.6 left=1:2.74@81,84 dx=-2.8 idx=0/10 dist=32/113 right=1:0.28@84,84 dx=-0.3 idx=0/14 dist=32/251 sel=1:0.21@84,83 dx=-0.2 idx=0/16 dist=32/248 edge=1:5.98@77.5,80.5 dx=-6.5 width=65.0 l=45,81 r=110,80
CxScan: raw_ref=80.0 edge=77.5,80.5 best_raw_x=65 best_err=0.71 best_cxcy=78.3,119.5 scan=0:-21.3,10:-18.2,20:-14.9,30:-11.5,40:-8.1,50:-4.6,60:-1.1,70:2.5,80:6.0,90:9.4,100:12.8,110:16.1,120:19.3,130:22.4,140:25.3
ATGSeedDiag: seed=1@15,108/1@139,108 begin=7,108 block=5 clip=8
ATGLptDiag: best=10(33.2) imip=0/20 pass=10111 acc=-1 ipm=57.3,94.1 inv=38.0,59.9 | 4(7.8) imip=0/14 pass=10111 acc=-1 ipm=110.5,107.3 inv=126.5,80.6
frame=236 line=1 track=1 cross=0 circle=1(CIRCLE_LEFT_BEGIN) round=0 yroad=0 ramp=0 road=7 speed=0 near=34/124 raw=89/104 sel=124/125 far=0/0 far_raw=0/0 l=0@-1/0@-1 far_l=0@-1/0@-1 straight=0/1 far_straight=0/0 circle_cnt=61/0/0/0 lost=0/0 conf=34.7/12.8/0.0/0.0 dist=1155 m0=(84,119) ml=(84,87) md=32/1/127 cxcy=84.0,119.6 guide=0.03 atg=0.0/0.0/0.0 pure=-0.19/-0.22 yaw=-2 cmd=16 actual=-19 signed=1 rps=3778/3822:3927/4271 duty=8/10
ATGCorner: L=0@-1/0@-1 Y=0@-1/0@-1 farL=0@-1/0@-1 Lxy=-1.0,-1.0:-1.0,-1.0/-1.0,-1.0:-1.0,-1.0 Yxy=-1.0,-1.0:-1.0,-1.0/-1.0,-1.0:-1.0,-1.0 farLxy=-1.0,-1.0:-1.0,-1.0/-1.0,-1.0:-1.0,-1.0 best=10:57.1,93.8:38.0,59.4:34.7:10111/1:109.7,114.0:134.9,97.2:12.8:10111 seed_src=none/none seed=0.0,0.0/0.0,0.0 far_start=70,0 far_raw=0/0 far_num=0/0 straight=0/1 far_straight=0/0 conf_deg=34.7/12.8/0.0/0.0
CrossDiag: type=CROSS_NONE track=1 half_lr=0/0 nearL=0@-1/0@-1 nearNum=34/124 centerNum=34/124 farL=0@-1/0@-1 farNum=0/0 farRaw=0/0 lost=0/0 not_have=0 final=124/125 flags=0/0
LineErr: aim=33 cxcy=84.0,119.6 left=1:3.08@81,83 dx=-3.2 idx=0/10 dist=32/110 right=1:0.26@84,84 dx=-0.3 idx=0/14 dist=32/253 sel=1:0.21@84,83 dx=-0.2 idx=0/16 dist=32/248 edge=1:5.53@78.0,80.5 dx=-6.0 width=64.1 l=46,82 r=110,79
CxScan: raw_ref=80.0 edge=78.0,80.5 best_raw_x=65 best_err=0.25 best_cxcy=78.3,119.5 scan=0:-21.7,10:-18.6,20:-15.3,30:-12.0,40:-8.5,50:-5.0,60:-1.5,70:2.0,80:5.5,90:9.0,100:12.4,110:15.7,120:18.9,130:22.0,140:24.9
ATGSeedDiag: seed=1@16,108/1@139,107 begin=7,108 block=5 clip=8
ATGLptDiag: best=10(34.7) imip=0/20 pass=10111 acc=-1 ipm=57.1,93.8 inv=38.0,59.4 | 1(12.8) imip=0/11 pass=10111 acc=-1 ipm=109.7,114.0 inv=134.9,97.2
frame=237 line=1 track=1 cross=0 circle=1(CIRCLE_LEFT_BEGIN) round=0 yroad=0 ramp=0 road=7 speed=0 near=33/124 raw=87/104 sel=124/125 far=0/0 far_raw=0/0 l=0@-1/0@-1 far_l=0@-1/0@-1 straight=0/1 far_straight=0/0 circle_cnt=61/0/0/0 lost=0/0 conf=33.1/13.1/0.0/0.0 dist=1167 m0=(84,119) ml=(84,87) md=32/1/127 cxcy=84.0,119.6 guide=0.03 atg=0.0/0.0/0.0 pure=-0.19/-0.22 yaw=-2 cmd=23 actual=-26 signed=1 rps=3769/3831:4252/4394 duty=8/10
ATGCorner: L=0@-1/0@-1 Y=0@-1/0@-1 farL=0@-1/0@-1 Lxy=-1.0,-1.0:-1.0,-1.0/-1.0,-1.0:-1.0,-1.0 Yxy=-1.0,-1.0:-1.0,-1.0/-1.0,-1.0:-1.0,-1.0 farLxy=-1.0,-1.0:-1.0,-1.0/-1.0,-1.0:-1.0,-1.0 best=9:57.9,95.8:37.8,62.1:33.1:10111/2:110.2,111.7:132.2,90.9:13.1:10111 seed_src=none/none seed=0.0,0.0/0.0,0.0 far_start=70,0 far_raw=0/0 far_num=0/0 straight=0/1 far_straight=0/0 conf_deg=33.1/13.1/0.0/0.0
CrossDiag: type=CROSS_NONE track=1 half_lr=0/0 nearL=0@-1/0@-1 nearNum=33/124 centerNum=33/124 farL=0@-1/0@-1 farNum=0/0 farRaw=0/0 lost=0/0 not_have=0 final=124/125 flags=0/0
LineErr: aim=33 cxcy=84.0,119.6 left=1:3.79@80,82 dx=-4.0 idx=0/10 dist=32/106 right=1:0.26@84,84 dx=-0.3 idx=0/14 dist=32/252 sel=1:0.21@84,83 dx=-0.2 idx=0/16 dist=32/248 edge=1:5.98@77.5,80.5 dx=-6.5 width=65.1 l=45,82 r=110,79
CxScan: raw_ref=80.0 edge=77.5,80.5 best_raw_x=65 best_err=0.71 best_cxcy=78.3,119.5 scan=0:-21.3,10:-18.2,20:-14.9,30:-11.5,40:-8.1,50:-4.6,60:-1.1,70:2.5,80:6.0,90:9.4,100:12.8,110:16.1,120:19.3,130:22.4,140:25.3
ATGSeedDiag: seed=1@17,108/1@139,107 begin=7,108 block=5 clip=8
ATGLptDiag: best=9(33.1) imip=0/19 pass=10111 acc=-1 ipm=57.9,95.8 inv=37.8,62.1 | 2(13.1) imip=0/12 pass=10111 acc=-1 ipm=110.2,111.7 inv=132.2,90.9
frame=238 line=1 track=1 cross=0 circle=1(CIRCLE_LEFT_BEGIN) round=0 yroad=0 ramp=0 road=7 speed=0 near=32/124 raw=87/105 sel=124/125 far=0/0 far_raw=0/0 l=0@-1/0@-1 far_l=0@-1/0@-1 straight=0/1 far_straight=0/0 circle_cnt=61/0/0/0 lost=0/0 conf=33.8/13.8/0.0/0.0 dist=1179 m0=(84,119) ml=(84,87) md=32/1/127 cxcy=84.0,119.6 guide=0.03 atg=0.0/0.0/0.0 pure=-0.19/-0.22 yaw=-2 cmd=32 actual=-35 signed=1 rps=3756/3844:4507/4410 duty=7/10
ATGCorner: L=0@-1/0@-1 Y=0@-1/0@-1 farL=0@-1/0@-1 Lxy=-1.0,-1.0:-1.0,-1.0/-1.0,-1.0:-1.0,-1.0 Yxy=-1.0,-1.0:-1.0,-1.0/-1.0,-1.0:-1.0,-1.0 farLxy=-1.0,-1.0:-1.0,-1.0/-1.0,-1.0:-1.0,-1.0 best=10:56.4,93.8:37.0,59.5:33.8:10111/1:109.8,114.3:135.7,98.1:13.8:10111 seed_src=none/none seed=0.0,0.0/0.0,0.0 far_start=70,0 far_raw=0/0 far_num=0/0 straight=0/1 far_straight=0/0 conf_deg=33.8/13.8/0.0/0.0
CrossDiag: type=CROSS_NONE track=1 half_lr=0/0 nearL=0@-1/0@-1 nearNum=32/124 centerNum=32/124 farL=0@-1/0@-1 farNum=0/0 farRaw=0/0 lost=0/0 not_have=0 final=124/125 flags=0/0
LineErr: aim=33 cxcy=84.0,119.6 left=1:4.15@80,82 dx=-4.4 idx=0/10 dist=31/103 right=1:0.28@84,84 dx=-0.3 idx=0/14 dist=32/252 sel=1:0.21@84,83 dx=-0.2 idx=0/16 dist=32/248 edge=1:6.08@77.5,81.5 dx=-6.5 width=65.1 l=45,83 r=110,80
CxScan: raw_ref=80.0 edge=77.5,81.5 best_raw_x=65 best_err=0.72 best_cxcy=78.3,119.5 scan=0:-21.6,10:-18.4,20:-15.1,30:-11.7,40:-8.2,50:-4.7,60:-1.1,70:2.5,80:6.1,90:9.6,100:13.0,110:16.4,120:19.6,130:22.7,140:25.6
ATGSeedDiag: seed=1@17,108/1@140,108 begin=7,108 block=5 clip=8
ATGLptDiag: best=10(33.8) imip=0/20 pass=10111 acc=-1 ipm=56.4,93.8 inv=37.0,59.5 | 1(13.8) imip=0/11 pass=10111 acc=-1 ipm=109.8,114.3 inv=135.7,98.1
frame=242 line=1 track=1 cross=0 circle=1(CIRCLE_LEFT_BEGIN) round=0 yroad=0 ramp=0 road=7 speed=0 near=31/124 raw=84/105 sel=124/125 far=0/0 far_raw=0/0 l=0@-1/0@-1 far_l=0@-1/0@-1 straight=0/1 far_straight=0/0 circle_cnt=61/0/0/0 lost=0/0 conf=32.9/9.2/0.0/0.0 dist=1227 m0=(84,119) ml=(84,87) md=32/1/127 cxcy=84.0,119.6 guide=0.03 atg=0.0/0.0/0.0 pure=-0.19/-0.24 yaw=-2 cmd=61 actual=-64 signed=1 rps=3717/3883:4530/4002 duty=7/10
ATGCorner: L=0@-1/0@-1 Y=0@-1/0@-1 farL=0@-1/0@-1 Lxy=-1.0,-1.0:-1.0,-1.0/-1.0,-1.0:-1.0,-1.0 Yxy=-1.0,-1.0:-1.0,-1.0/-1.0,-1.0:-1.0,-1.0 farLxy=-1.0,-1.0:-1.0,-1.0/-1.0,-1.0:-1.0,-1.0 best=9:56.7,96.0:36.0,62.3:32.9:10111/2:110.4,112.0:132.9,91.5:9.2:10111 seed_src=none/none seed=0.0,0.0/0.0,0.0 far_start=70,0 far_raw=0/0 far_num=0/0 straight=0/1 far_straight=0/0 conf_deg=32.9/9.2/0.0/0.0
CrossDiag: type=CROSS_NONE track=1 half_lr=0/0 nearL=0@-1/0@-1 nearNum=31/124 centerNum=31/124 farL=0@-1/0@-1 farNum=0/0 farRaw=0/0 lost=0/0 not_have=0 final=124/125 flags=0/0
LineErr: aim=33 cxcy=84.0,119.6 left=1:5.94@78,80 dx=-6.5 idx=0/10 dist=32/99 right=1:0.31@84,81 dx=-0.3 idx=0/15 dist=33/252 sel=1:0.32@84,82 dx=-0.3 idx=0/16 dist=32/248 edge=1:7.06@76.5,82.0 dx=-7.5 width=67.1 l=43,84 r=110,80
CxScan: raw_ref=80.0 edge=76.5,82.0 best_raw_x=60 best_err=-0.14 best_cxcy=76.4,119.5 scan=0:-21.0,10:-17.7,20:-14.4,30:-10.9,40:-7.4,50:-3.8,60:-0.1,70:3.5,80:7.1,90:10.6,100:14.0,110:17.4,120:20.6,130:23.6,140:26.6
ATGSeedDiag: seed=1@19,108/1@140,108 begin=7,108 block=5 clip=8
ATGLptDiag: best=9(32.9) imip=0/19 pass=10111 acc=-1 ipm=56.7,96.0 inv=36.0,62.3 | 2(9.2) imip=0/12 pass=10111 acc=-1 ipm=110.4,112.0 inv=132.9,91.5
frame=243 line=1 track=1 cross=0 circle=1(CIRCLE_LEFT_BEGIN) round=0 yroad=0 ramp=0 road=7 speed=0 near=30/124 raw=83/104 sel=124/125 far=0/0 far_raw=0/0 l=0@-1/0@-1 far_l=0@-1/0@-1 straight=0/1 far_straight=0/0 circle_cnt=61/0/0/0 lost=0/0 conf=31.7/12.8/0.0/0.0 dist=1239 m0=(84,119) ml=(84,87) md=32/1/126 cxcy=84.0,119.6 guide=0.03 atg=0.0/0.0/0.0 pure=-0.19/-0.26 yaw=-2 cmd=59 actual=-62 signed=1 rps=3720/3880:4327/3954 duty=7/11
ATGCorner: L=0@-1/0@-1 Y=0@-1/0@-1 farL=0@-1/0@-1 Lxy=-1.0,-1.0:-1.0,-1.0/-1.0,-1.0:-1.0,-1.0 Yxy=-1.0,-1.0:-1.0,-1.0/-1.0,-1.0:-1.0,-1.0 farLxy=-1.0,-1.0:-1.0,-1.0/-1.0,-1.0:-1.0,-1.0 best=9:56.2,96.0:35.2,62.4:31.7:10111/1:110.1,114.0:135.9,97.2:12.8:10111 seed_src=none/none seed=0.0,0.0/0.0,0.0 far_start=70,0 far_raw=0/0 far_num=0/0 straight=0/1 far_straight=0/0 conf_deg=31.7/12.8/0.0/0.0
CrossDiag: type=CROSS_NONE track=1 half_lr=0/0 nearL=0@-1/0@-1 nearNum=30/124 centerNum=30/124 farL=0@-1/0@-1 farNum=0/0 farRaw=0/0 lost=0/0 not_have=0 final=124/125 flags=0/0
LineErr: aim=33 cxcy=84.0,119.6 left=1:6.67@77,80 dx=-7.3 idx=0/10 dist=31/97 right=1:0.17@84,84 dx=-0.2 idx=0/14 dist=32/251 sel=1:0.13@84,82 dx=-0.1 idx=0/16 dist=32/248 edge=1:6.60@77.0,82.0 dx=-7.0 width=66.3 l=44,85 r=110,79
CxScan: raw_ref=80.0 edge=77.0,82.0 best_raw_x=60 best_err=-0.61 best_cxcy=76.4,119.5 scan=0:-21.4,10:-18.2,20:-14.8,30:-11.4,40:-7.8,50:-4.2,60:-0.6,70:3.0,80:6.6,90:10.1,100:13.6,110:16.9,120:20.2,130:23.3,140:26.2
ATGSeedDiag: seed=1@20,108/1@140,107 begin=7,108 block=5 clip=8
ATGLptDiag: best=9(31.7) imip=0/19 pass=10111 acc=-1 ipm=56.2,96.0 inv=35.2,62.4 | 1(12.8) imip=0/11 pass=10111 acc=-1 ipm=110.1,114.0 inv=135.9,97.2
frame=244 line=1 track=1 cross=0 circle=1(CIRCLE_LEFT_BEGIN) round=0 yroad=0 ramp=0 road=7 speed=0 near=30/124 raw=82/105 sel=124/126 far=0/0 far_raw=0/0 l=0@-1/0@-1 far_l=0@-1/0@-1 straight=0/1 far_straight=0/0 circle_cnt=61/0/0/0 lost=0/0 conf=31.8/7.9/0.0/0.0 dist=1251 m0=(84,119) ml=(84,87) md=32/1/129 cxcy=84.0,119.6 guide=0.03 atg=0.0/0.0/0.0 pure=-0.20/-0.27 yaw=-2 cmd=44 actual=-47 signed=1 rps=3740/3860:4391/4281 duty=7/10
ATGCorner: L=0@-1/0@-1 Y=0@-1/0@-1 farL=0@-1/0@-1 Lxy=-1.0,-1.0:-1.0,-1.0/-1.0,-1.0:-1.0,-1.0 Yxy=-1.0,-1.0:-1.0,-1.0/-1.0,-1.0:-1.0,-1.0 farLxy=-1.0,-1.0:-1.0,-1.0/-1.0,-1.0:-1.0,-1.0 best=9:56.0,96.1:34.8,62.4:31.8:10111/2:110.4,111.9:133.0,91.5:7.9:10111 seed_src=none/none seed=0.0,0.0/0.0,0.0 far_start=70,0 far_raw=0/0 far_num=0/0 straight=0/1 far_straight=0/0 conf_deg=31.8/7.9/0.0/0.0
CrossDiag: type=CROSS_NONE track=1 half_lr=0/0 nearL=0@-1/0@-1 nearNum=30/124 centerNum=30/124 farL=0@-1/0@-1 farNum=0/0 farRaw=0/0 lost=0/0 not_have=0 final=124/126 flags=0/0
LineErr: aim=33 cxcy=84.0,119.6 left=1:7.14@76,80 dx=-7.9 idx=0/10 dist=31/94 right=1:-0.02@84,84 dx=0.0 idx=0/14 dist=32/251 sel=1:-0.01@84,82 dx=0.0 idx=0/16 dist=32/250 edge=1:6.65@77.0,82.5 dx=-7.0 width=66.2 l=44,85 r=110,80
CxScan: raw_ref=80.0 edge=77.0,82.5 best_raw_x=60 best_err=-0.61 best_cxcy=76.4,119.5 scan=0:-21.6,10:-18.3,20:-14.9,30:-11.4,40:-7.9,50:-4.3,60:-0.6,70:3.0,80:6.7,90:10.2,100:13.7,110:17.1,120:20.3,130:23.4,140:26.4
ATGSeedDiag: seed=1@20,108/1@141,108 begin=7,108 block=5 clip=8
ATGLptDiag: best=9(31.8) imip=0/19 pass=10111 acc=-1 ipm=56.0,96.1 inv=34.8,62.4 | 2(7.9) imip=0/12 pass=10111 acc=-1 ipm=110.4,111.9 inv=133.0,91.5
frame=245 line=1 track=1 cross=0 circle=1(CIRCLE_LEFT_BEGIN) round=0 yroad=0 ramp=0 road=7 speed=0 near=29/124 raw=82/105 sel=124/126 far=0/0 far_raw=0/0 l=0@-1/0@-1 far_l=0@-1/0@-1 straight=0/1 far_straight=0/0 circle_cnt=61/0/0/0 lost=0/0 conf=32.6/8.3/0.0/0.0 dist=1263 m0=(84,119) ml=(84,87) md=32/1/129 cxcy=84.0,119.6 guide=0.03 atg=0.0/0.0/0.0 pure=-0.19/-0.27 yaw=-2 cmd=14 actual=-17 signed=1 rps=3781/3819:4081/4243 duty=8/10
ATGCorner: L=0@-1/0@-1 Y=0@-1/0@-1 farL=0@-1/0@-1 Lxy=-1.0,-1.0:-1.0,-1.0/-1.0,-1.0:-1.0,-1.0 Yxy=-1.0,-1.0:-1.0,-1.0/-1.0,-1.0:-1.0,-1.0 farLxy=-1.0,-1.0:-1.0,-1.0/-1.0,-1.0:-1.0,-1.0 best=9:55.8,96.2:34.5,62.6:32.6:10111/1:110.1,114.2:136.3,98.0:8.3:10111 seed_src=none/none seed=0.0,0.0/0.0,0.0 far_start=70,0 far_raw=0/0 far_num=0/0 straight=0/1 far_straight=0/0 conf_deg=32.6/8.3/0.0/0.0
CrossDiag: type=CROSS_NONE track=1 half_lr=0/0 nearL=0@-1/0@-1 nearNum=29/124 centerNum=29/124 farL=0@-1/0@-1 farNum=0/0 farRaw=0/0 lost=0/0 not_have=0 final=124/126 flags=0/0
LineErr: aim=33 cxcy=84.0,119.6 left=1:9.62@73,77 dx=-11.2 idx=0/11 dist=34/91 right=1:0.01@84,81 dx=-0.0 idx=0/15 dist=33/251 sel=1:-0.01@84,83 dx=0.0 idx=0/16 dist=32/250 edge=1:7.52@76.0,82.0 dx=-8.0 width=68.1 l=42,84 r=110,80
CxScan: raw_ref=80.0 edge=76.0,82.0 best_raw_x=60 best_err=0.33 best_cxcy=76.4,119.5 scan=0:-20.6,10:-17.3,20:-13.9,30:-10.4,40:-6.9,50:-3.3,60:0.3,70:3.9,80:7.5,90:11.0,100:14.5,110:17.8,120:21.0,130:24.0,140:27.0
ATGSeedDiag: seed=1@20,108/1@141,108 begin=7,108 block=5 clip=8
ATGLptDiag: best=9(32.6) imip=0/19 pass=10111 acc=-1 ipm=55.8,96.2 inv=34.5,62.6 | 1(8.3) imip=0/11 pass=10111 acc=-1 ipm=110.1,114.2 inv=136.3,98.0
frame=246 line=1 track=1 cross=0 circle=1(CIRCLE_LEFT_BEGIN) round=0 yroad=0 ramp=0 road=7 speed=0 near=28/124 raw=79/105 sel=124/125 far=0/0 far_raw=0/0 l=0@-1/0@-1 far_l=0@-1/0@-1 straight=0/1 far_straight=0/0 circle_cnt=61/0/0/0 lost=0/0 conf=30.0/8.8/0.0/0.0 dist=1275 m0=(84,119) ml=(84,87) md=32/1/127 cxcy=84.0,119.6 guide=0.03 atg=0.0/0.0/0.0 pure=-0.19/-0.23 yaw=-2 cmd=-13 actual=10 signed=1 rps=3818/3782:4100/4502 duty=8/9
ATGCorner: L=0@-1/0@-1 Y=0@-1/0@-1 farL=0@-1/0@-1 Lxy=-1.0,-1.0:-1.0,-1.0/-1.0,-1.0:-1.0,-1.0 Yxy=-1.0,-1.0:-1.0,-1.0/-1.0,-1.0:-1.0,-1.0 farLxy=-1.0,-1.0:-1.0,-1.0/-1.0,-1.0:-1.0,-1.0 best=9:55.2,96.4:33.5,62.8:30.0:10111/1:110.1,114.2:136.3,98.0:8.8:10111 seed_src=none/none seed=0.0,0.0/0.0,0.0 far_start=70,0 far_raw=0/0 far_num=0/0 straight=0/1 far_straight=0/0 conf_deg=30.0/8.8/0.0/0.0
CrossDiag: type=CROSS_NONE track=1 half_lr=0/0 nearL=0@-1/0@-1 nearNum=28/124 centerNum=28/124 farL=0@-1/0@-1 farNum=0/0 farRaw=0/0 lost=0/0 not_have=0 final=124/125 flags=0/0
LineErr: aim=33 cxcy=84.0,119.6 left=1:10.32@72,76 dx=-12.1 idx=0/11 dist=34/86 right=1:0.10@84,81 dx=-0.1 idx=0/15 dist=33/252 sel=1:0.13@84,82 dx=-0.1 idx=0/16 dist=32/248 edge=1:7.18@76.5,83.0 dx=-7.5 width=67.3 l=43,86 r=110,80
CxScan: raw_ref=80.0 edge=76.5,83.0 best_raw_x=60 best_err=-0.14 best_cxcy=76.4,119.5 scan=0:-21.3,10:-18.0,20:-14.6,30:-11.1,40:-7.5,50:-3.8,60:-0.1,70:3.5,80:7.2,90:10.8,100:14.2,110:17.6,120:20.9,130:24.0,140:27.0
ATGSeedDiag: seed=1@21,108/1@141,108 begin=7,108 block=5 clip=8
ATGLptDiag: best=9(30.0) imip=0/19 pass=10111 acc=-1 ipm=55.2,96.4 inv=33.5,62.8 | 1(8.8) imip=0/11 pass=10111 acc=-1 ipm=110.1,114.2 inv=136.3,98.0
frame=247 line=1 track=1 cross=0 circle=1(CIRCLE_LEFT_BEGIN) round=0 yroad=0 ramp=0 road=7 speed=0 near=28/124 raw=82/105 sel=124/125 far=0/0 far_raw=0/0 l=0@-1/0@-1 far_l=0@-1/0@-1 straight=0/1 far_straight=0/0 circle_cnt=61/0/0/0 lost=0/0 conf=30.8/14.6/0.0/0.0 dist=1287 m0=(84,119) ml=(84,87) md=32/1/127 cxcy=84.0,119.6 guide=0.03 atg=0.0/0.0/0.0 pure=-0.19/-0.23 yaw=-2 cmd=-35 actual=32 signed=1 rps=3848/3752:4110/4601 duty=8/9
ATGCorner: L=0@-1/0@-1 Y=0@-1/0@-1 farL=0@-1/0@-1 Lxy=-1.0,-1.0:-1.0,-1.0/-1.0,-1.0:-1.0,-1.0 Yxy=-1.0,-1.0:-1.0,-1.0/-1.0,-1.0:-1.0,-1.0 farLxy=-1.0,-1.0:-1.0,-1.0/-1.0,-1.0:-1.0,-1.0 best=8:56.4,98.3:34.0,65.5:30.8:10111/1:110.3,114.3:136.8,98.1:14.6:10111 seed_src=none/none seed=0.0,0.0/0.0,0.0 far_start=70,0 far_raw=0/0 far_num=0/0 straight=0/1 far_straight=0/0 conf_deg=30.8/14.6/0.0/0.0
CrossDiag: type=CROSS_NONE track=1 half_lr=0/0 nearL=0@-1/0@-1 nearNum=28/124 centerNum=28/124 farL=0@-1/0@-1 farNum=0/0 farRaw=0/0 lost=0/0 not_have=0 final=124/125 flags=0/0
LineErr: aim=33 cxcy=84.0,119.6 left=1:10.80@71,76 dx=-12.7 idx=0/11 dist=34/86 right=1:0.10@84,81 dx=-0.1 idx=0/15 dist=33/251 sel=1:0.13@84,82 dx=-0.1 idx=0/16 dist=32/248 edge=1:7.65@76.0,83.0 dx=-8.0 width=68.3 l=42,86 r=110,80
CxScan: raw_ref=80.0 edge=76.0,83.0 best_raw_x=60 best_err=0.34 best_cxcy=76.4,119.5 scan=0:-20.9,10:-17.6,20:-14.1,30:-10.6,40:-7.0,50:-3.3,60:0.3,70:4.0,80:7.6,90:11.2,100:14.7,110:18.1,120:21.3,130:24.4,140:27.3
ATGSeedDiag: seed=1@21,108/1@141,108 begin=7,108 block=5 clip=8
ATGLptDiag: best=8(30.8) imip=0/18 pass=10111 acc=-1 ipm=56.4,98.3 inv=34.0,65.5 | 1(14.6) imip=0/11 pass=10111 acc=-1 ipm=110.3,114.3 inv=136.8,98.1
frame=250 line=1 track=1 cross=0 circle=1(CIRCLE_LEFT_BEGIN) round=0 yroad=0 ramp=0 road=7 speed=0 near=27/124 raw=75/105 sel=124/125 far=0/0 far_raw=0/0 l=0@-1/0@-1 far_l=0@-1/0@-1 straight=0/1 far_straight=0/0 circle_cnt=61/0/0/0 lost=0/0 conf=28.6/8.9/0.0/0.0 dist=1322 m0=(84,119) ml=(84,87) md=32/1/127 cxcy=84.0,119.6 guide=0.03 atg=0.0/0.0/0.0 pure=-0.19/-0.23 yaw=-2 cmd=-71 actual=68 signed=1 rps=3898/3702:3895/4255 duty=9/9
ATGCorner: L=0@-1/0@-1 Y=0@-1/0@-1 farL=0@-1/0@-1 Lxy=-1.0,-1.0:-1.0,-1.0/-1.0,-1.0:-1.0,-1.0 Yxy=-1.0,-1.0:-1.0,-1.0/-1.0,-1.0:-1.0,-1.0 farLxy=-1.0,-1.0:-1.0,-1.0/-1.0,-1.0:-1.0,-1.0 best=8:55.1,98.6:31.6,66.1:28.6:10111/1:110.1,114.2:136.3,98.0:8.9:10111 seed_src=none/none seed=0.0,0.0/0.0,0.0 far_start=70,0 far_raw=0/0 far_num=0/0 straight=0/1 far_straight=0/0 conf_deg=28.6/8.9/0.0/0.0
CrossDiag: type=CROSS_NONE track=1 half_lr=0/0 nearL=0@-1/0@-1 nearNum=27/124 centerNum=27/124 farL=0@-1/0@-1 farNum=0/0 farRaw=0/0 lost=0/0 not_have=0 final=124/125 flags=0/0
LineErr: aim=33 cxcy=84.0,119.6 left=1:12.47@69,76 dx=-14.8 idx=0/11 dist=34/82 right=1:0.10@84,81 dx=-0.1 idx=0/15 dist=33/251 sel=1:0.18@84,82 dx=-0.2 idx=0/16 dist=32/248 edge=1:8.19@75.5,83.5 dx=-8.5 width=69.4 l=41,87 r=110,80
CxScan: raw_ref=80.0 edge=75.5,83.5 best_raw_x=60 best_err=0.83 best_cxcy=76.4,119.5 scan=0:-20.6,10:-17.3,20:-13.8,30:-10.2,40:-6.6,50:-2.9,60:0.8,70:4.5,80:8.2,90:11.8,100:15.3,110:18.6,120:21.9,130:25.0,140:27.9
ATGSeedDiag: seed=1@21,108/1@141,108 begin=7,108 block=5 clip=8
ATGLptDiag: best=8(28.6) imip=0/18 pass=10111 acc=-1 ipm=55.1,98.6 inv=31.6,66.1 | 1(8.9) imip=0/11 pass=10111 acc=-1 ipm=110.1,114.2 inv=136.3,98.0
frame=251 line=1 track=1 cross=0 circle=1(CIRCLE_LEFT_BEGIN) round=0 yroad=0 ramp=0 road=7 speed=0 near=26/124 raw=77/105 sel=124/125 far=0/0 far_raw=0/0 l=0@-1/0@-1 far_l=0@-1/0@-1 straight=0/1 far_straight=0/0 circle_cnt=61/0/0/0 lost=0/0 conf=28.8/8.9/0.0/0.0 dist=1334 m0=(84,119) ml=(84,87) md=32/1/127 cxcy=84.0,119.6 guide=0.19 atg=0.0/0.0/0.0 pure=-0.19/-0.22 yaw=-12 cmd=-78 actual=55 signed=1 rps=3907/3693:4191/4340 duty=8/9
ATGCorner: L=0@-1/0@-1 Y=0@-1/0@-1 farL=0@-1/0@-1 Lxy=-1.0,-1.0:-1.0,-1.0/-1.0,-1.0:-1.0,-1.0 Yxy=-1.0,-1.0:-1.0,-1.0/-1.0,-1.0:-1.0,-1.0 farLxy=-1.0,-1.0:-1.0,-1.0/-1.0,-1.0:-1.0,-1.0 best=7:56.3,100.5:32.0,69.0:28.8:10111/1:110.1,114.2:136.3,98.0:8.9:10111 seed_src=none/none seed=0.0,0.0/0.0,0.0 far_start=70,0 far_raw=0/0 far_num=0/0 straight=0/1 far_straight=0/0 conf_deg=28.8/8.9/0.0/0.0
CrossDiag: type=CROSS_NONE track=1 half_lr=0/0 nearL=0@-1/0@-1 nearNum=26/124 centerNum=26/124 farL=0@-1/0@-1 farNum=0/0 farRaw=0/0 lost=0/0 not_have=0 final=124/125 flags=0/0
LineErr: aim=33 cxcy=84.0,119.6 left=1:13.07@68,76 dx=-15.6 idx=0/11 dist=34/80 right=1:0.16@84,81 dx=-0.2 idx=0/15 dist=33/251 sel=1:0.21@84,82 dx=-0.2 idx=0/16 dist=32/248 edge=1:8.66@75.0,83.5 dx=-9.0 width=70.3 l=40,87 r=110,80
CxScan: raw_ref=80.0 edge=75.0,83.5 best_raw_x=55 best_err=-0.55 best_cxcy=74.4,119.5 scan=0:-20.2,10:-16.8,20:-13.3,30:-9.8,40:-6.1,50:-2.4,60:1.3,70:5.0,80:8.7,90:12.2,100:15.7,110:19.1,120:22.3,130:25.4,140:28.3
ATGSeedDiag: seed=1@21,108/1@141,108 begin=7,108 block=5 clip=8
ATGLptDiag: best=7(28.8) imip=0/17 pass=10111 acc=-1 ipm=56.3,100.5 inv=32.0,69.0 | 1(8.9) imip=0/11 pass=10111 acc=-1 ipm=110.1,114.2 inv=136.3,98.0
frame=252 line=1 track=1 cross=0 circle=1(CIRCLE_LEFT_BEGIN) round=0 yroad=0 ramp=0 road=7 speed=0 near=25/124 raw=73/105 sel=124/125 far=0/0 far_raw=0/0 l=0@-1/0@-1 far_l=0@-1/0@-1 straight=0/1 far_straight=0/0 circle_cnt=61/0/0/0 lost=0/0 conf=28.5/8.9/0.0/0.0 dist=1346 m0=(84,119) ml=(83,87) md=32/1/127 cxcy=84.0,119.6 guide=0.53 atg=0.0/0.0/0.0 pure=-0.11/-0.22 yaw=-32 cmd=-93 actual=29 signed=1 rps=3927/3673:4430/4322 duty=8/9
ATGCorner: L=0@-1/0@-1 Y=0@-1/0@-1 farL=0@-1/0@-1 Lxy=-1.0,-1.0:-1.0,-1.0/-1.0,-1.0:-1.0,-1.0 Yxy=-1.0,-1.0:-1.0,-1.0/-1.0,-1.0:-1.0,-1.0 farLxy=-1.0,-1.0:-1.0,-1.0/-1.0,-1.0:-1.0,-1.0 best=7:55.9,100.6:31.4,69.1:28.5:10111/1:110.1,114.2:136.3,98.0:8.9:10111 seed_src=none/none seed=0.0,0.0/0.0,0.0 far_start=70,0 far_raw=0/0 far_num=0/0 straight=0/1 far_straight=0/0 conf_deg=28.5/8.9/0.0/0.0
CrossDiag: type=CROSS_NONE track=1 half_lr=0/0 nearL=0@-1/0@-1 nearNum=25/124 centerNum=25/124 farL=0@-1/0@-1 farNum=0/0 farRaw=0/0 lost=0/0 not_have=0 final=124/125 flags=0/0
LineErr: aim=33 cxcy=84.0,119.6 left=1:13.71@68,76 dx=-16.4 idx=0/11 dist=34/76 right=1:0.46@84,82 dx=-0.5 idx=0/15 dist=33/251 sel=1:0.47@84,82 dx=-0.5 idx=0/16 dist=32/248 edge=1:8.66@75.0,83.5 dx=-9.0 width=70.6 l=40,88 r=110,79
CxScan: raw_ref=80.0 edge=75.0,83.5 best_raw_x=55 best_err=-0.55 best_cxcy=74.4,119.5 scan=0:-20.2,10:-16.8,20:-13.3,30:-9.8,40:-6.1,50:-2.4,60:1.3,70:5.0,80:8.7,90:12.2,100:15.7,110:19.1,120:22.3,130:25.4,140:28.3
ATGSeedDiag: seed=1@22,108/1@141,108 begin=7,108 block=5 clip=8
ATGLptDiag: best=7(28.5) imip=0/17 pass=10111 acc=-1 ipm=55.9,100.6 inv=31.4,69.1 | 1(8.9) imip=0/11 pass=10111 acc=-1 ipm=110.1,114.2 inv=136.3,98.0
frame=254 line=1 track=1 cross=0 circle=1(CIRCLE_LEFT_BEGIN) round=0 yroad=0 ramp=0 road=7 speed=0 near=24/124 raw=74/105 sel=124/125 far=0/0 far_raw=0/0 l=0@-1/0@-1 far_l=0@-1/0@-1 straight=0/1 far_straight=0/0 circle_cnt=61/0/0/0 lost=0/0 conf=28.1/6.6/0.0/0.0 dist=1368 m0=(84,119) ml=(83,87) md=32/1/127 cxcy=84.0,119.6 guide=0.87 atg=0.0/0.0/0.0 pure=-0.11/-0.17 yaw=-52 cmd=-95 actual=-9 signed=1 rps=3930/3670:4517/3981 duty=8/10
ATGCorner: L=0@-1/0@-1 Y=0@-1/0@-1 farL=0@-1/0@-1 Lxy=-1.0,-1.0:-1.0,-1.0/-1.0,-1.0:-1.0,-1.0 Yxy=-1.0,-1.0:-1.0,-1.0/-1.0,-1.0:-1.0,-1.0 farLxy=-1.0,-1.0:-1.0,-1.0/-1.0,-1.0:-1.0,-1.0 best=7:55.4,100.8:30.3,69.4:28.1:10111/1:110.0,114.2:136.0,98.0:6.6:10111 seed_src=none/none seed=0.0,0.0/0.0,0.0 far_start=70,0 far_raw=0/0 far_num=0/0 straight=0/1 far_straight=0/0 conf_deg=28.1/6.6/0.0/0.0
CrossDiag: type=CROSS_NONE track=1 half_lr=0/0 nearL=0@-1/0@-1 nearNum=24/124 centerNum=24/124 farL=0@-1/0@-1 farNum=0/0 farRaw=0/0 lost=0/0 not_have=0 final=124/125 flags=0/0
LineErr: aim=33 cxcy=84.0,119.6 left=1:14.83@66,75 dx=-17.8 idx=0/11 dist=34/72 right=1:0.50@83,81 dx=-0.5 idx=0/15 dist=34/252 sel=1:0.56@83,82 dx=-0.6 idx=0/16 dist=32/248 edge=1:9.21@74.5,84.0 dx=-9.5 width=71.4 l=39,88 r=110,80
CxScan: raw_ref=80.0 edge=74.5,84.0 best_raw_x=55 best_err=-0.06 best_cxcy=74.4,119.5 scan=0:-19.9,10:-16.5,20:-13.0,30:-9.4,40:-5.7,50:-1.9,60:1.8,70:5.5,80:9.2,90:12.8,100:16.3,110:19.7,120:22.9,130:26.0,140:28.9
ATGSeedDiag: seed=1@22,108/1@141,108 begin=7,108 block=5 clip=8
ATGLptDiag: best=7(28.1) imip=0/17 pass=10111 acc=-1 ipm=55.4,100.8 inv=30.3,69.4 | 1(6.6) imip=0/11 pass=10111 acc=-1 ipm=110.0,114.2 inv=136.0,98.0
frame=255 line=1 track=1 cross=0 circle=1(CIRCLE_LEFT_BEGIN) round=0 yroad=0 ramp=0 road=7 speed=0 near=23/124 raw=73/105 sel=124/125 far=0/0 far_raw=0/0 l=0@-1/0@-1 far_l=0@-1/0@-1 straight=0/1 far_straight=0/0 circle_cnt=61/0/0/0 lost=0/0 conf=26.3/6.3/0.0/0.0 dist=1379 m0=(84,119) ml=(83,87) md=32/1/127 cxcy=84.0,119.6 guide=0.87 atg=0.0/0.0/0.0 pure=-0.11/-0.19 yaw=-52 cmd=-78 actual=-26 signed=1 rps=3906/3694:4307/3781 duty=8/10
ATGCorner: L=0@-1/0@-1 Y=0@-1/0@-1 farL=0@-1/0@-1 Lxy=-1.0,-1.0:-1.0,-1.0/-1.0,-1.0:-1.0,-1.0 Yxy=-1.0,-1.0:-1.0,-1.0/-1.0,-1.0:-1.0,-1.0 farLxy=-1.0,-1.0:-1.0,-1.0/-1.0,-1.0:-1.0,-1.0 best=6:56.3,102.9:30.2,72.9:26.3:10111/1:110.0,114.2:136.0,98.0:6.3:10111 seed_src=none/none seed=0.0,0.0/0.0,0.0 far_start=70,0 far_raw=0/0 far_num=0/0 straight=0/1 far_straight=0/0 conf_deg=26.3/6.3/0.0/0.0
CrossDiag: type=CROSS_NONE track=1 half_lr=0/0 nearL=0@-1/0@-1 nearNum=23/124 centerNum=23/124 farL=0@-1/0@-1 farNum=0/0 farRaw=0/0 lost=0/0 not_have=0 final=124/125 flags=0/0
LineErr: aim=33 cxcy=84.0,119.6 left=1:15.44@65,75 dx=-18.6 idx=0/11 dist=34/68 right=1:0.50@83,81 dx=-0.5 idx=0/15 dist=34/252 sel=1:0.56@83,82 dx=-0.6 idx=0/16 dist=32/248 edge=1:9.76@74.0,84.5 dx=-10.0 width=72.6 l=38,89 r=110,80
CxScan: raw_ref=80.0 edge=74.0,84.5 best_raw_x=55 best_err=0.43 best_cxcy=74.4,119.5 scan=0:-19.6,10:-16.2,20:-12.6,30:-9.0,40:-5.2,50:-1.5,60:2.3,70:6.1,80:9.8,90:13.4,100:16.9,110:20.2,120:23.5,130:26.5,140:29.5
ATGSeedDiag: seed=1@22,108/1@141,108 begin=7,108 block=5 clip=8
ATGLptDiag: best=6(26.3) imip=0/16 pass=10111 acc=-1 ipm=56.3,102.9 inv=30.2,72.9 | 1(6.3) imip=0/11 pass=10111 acc=-1 ipm=110.0,114.2 inv=136.0,98.0
frame=256 line=1 track=1 cross=0 circle=1(CIRCLE_LEFT_BEGIN) round=0 yroad=0 ramp=0 road=7 speed=0 near=23/124 raw=70/105 sel=124/125 far=0/0 far_raw=0/0 l=0@-1/0@-1 far_l=0@-1/0@-1 straight=0/1 far_straight=0/0 circle_cnt=61/0/0/0 lost=0/0 conf=24.8/8.2/0.0/0.0 dist=1391 m0=(84,119) ml=(83,87) md=32/1/127 cxcy=84.0,119.6 guide=0.53 atg=0.0/0.0/0.0 pure=-0.11/-0.22 yaw=-32 cmd=-31 actual=-32 signed=1 rps=3843/3757:4488/3966 duty=8/10
ATGCorner: L=0@-1/0@-1 Y=0@-1/0@-1 farL=0@-1/0@-1 Lxy=-1.0,-1.0:-1.0,-1.0/-1.0,-1.0:-1.0,-1.0 Yxy=-1.0,-1.0:-1.0,-1.0/-1.0,-1.0:-1.0,-1.0 farLxy=-1.0,-1.0:-1.0,-1.0/-1.0,-1.0:-1.0,-1.0 best=6:56.0,103.0:29.5,73.1:24.8:10111/1:110.1,114.2:136.2,98.0:8.2:10111 seed_src=none/none seed=0.0,0.0/0.0,0.0 far_start=70,0 far_raw=0/0 far_num=0/0 straight=0/1 far_straight=0/0 conf_deg=24.8/8.2/0.0/0.0
CrossDiag: type=CROSS_NONE track=1 half_lr=0/0 nearL=0@-1/0@-1 nearNum=23/124 centerNum=23/124 farL=0@-1/0@-1 farNum=0/0 farRaw=0/0 lost=0/0 not_have=0 final=124/125 flags=0/0
LineErr: aim=33 cxcy=84.0,119.6 left=1:15.94@65,75 dx=-19.2 idx=0/11 dist=34/68 right=1:0.46@84,81 dx=-0.5 idx=0/15 dist=33/250 sel=1:0.47@84,82 dx=-0.5 idx=0/16 dist=32/248 edge=1:9.68@74.0,84.0 dx=-10.0 width=72.7 l=38,89 r=110,79
CxScan: raw_ref=80.0 edge=74.0,84.0 best_raw_x=55 best_err=0.42 best_cxcy=74.4,119.5 scan=0:-19.5,10:-16.1,20:-12.5,30:-8.9,40:-5.2,50:-1.4,60:2.3,70:6.0,80:9.7,90:13.3,100:16.7,110:20.1,120:23.3,130:26.3,140:29.2
ATGSeedDiag: seed=1@22,108/1@141,108 begin=7,108 block=5 clip=8
ATGLptDiag: best=6(24.8) imip=0/16 pass=10111 acc=-1 ipm=56.0,103.0 inv=29.5,73.1 | 1(8.2) imip=0/11 pass=10111 acc=-1 ipm=110.1,114.2 inv=136.2,98.0
frame=257 line=1 track=1 cross=0 circle=1(CIRCLE_LEFT_BEGIN) round=0 yroad=0 ramp=0 road=7 speed=0 near=22/124 raw=68/104 sel=124/125 far=0/0 far_raw=0/0 l=0@-1/0@-1 far_l=0@-1/0@-1 straight=0/1 far_straight=0/0 circle_cnt=61/0/0/0 lost=0/0 conf=25.2/5.0/0.0/0.0 dist=1403 m0=(84,119) ml=(83,87) md=32/1/127 cxcy=84.0,119.6 guide=0.53 atg=0.0/0.0/0.0 pure=-0.12/-0.22 yaw=-32 cmd=-36 actual=-27 signed=1 rps=3850/3750:4265/3895 duty=8/10
ATGCorner: L=0@-1/0@-1 Y=0@-1/0@-1 farL=0@-1/0@-1 Lxy=-1.0,-1.0:-1.0,-1.0/-1.0,-1.0:-1.0,-1.0 Yxy=-1.0,-1.0:-1.0,-1.0/-1.0,-1.0:-1.0,-1.0 farLxy=-1.0,-1.0:-1.0,-1.0/-1.0,-1.0:-1.0,-1.0 best=6:55.7,103.1:29.0,73.2:25.2:10111/1:110.1,113.9:135.7,97.1:5.0:10111 seed_src=none/none seed=0.0,0.0/0.0,0.0 far_start=70,0 far_raw=0/0 far_num=0/0 straight=0/1 far_straight=0/0 conf_deg=25.2/5.0/0.0/0.0
CrossDiag: type=CROSS_NONE track=1 half_lr=0/0 nearL=0@-1/0@-1 nearNum=22/124 centerNum=22/124 farL=0@-1/0@-1 farNum=0/0 farRaw=0/0 lost=0/0 not_have=0 final=124/125 flags=0/0
LineErr: aim=33 cxcy=84.0,119.6 left=1:16.55@64,75 dx=-20.0 idx=0/11 dist=34/64 right=1:0.31@84,81 dx=-0.3 idx=0/15 dist=34/250 sel=1:0.31@84,82 dx=-0.3 idx=0/16 dist=32/248 edge=1:10.16@73.5,84.0 dx=-10.5 width=73.7 l=37,89 r=110,79
CxScan: raw_ref=80.0 edge=73.5,84.0 best_raw_x=55 best_err=0.91 best_cxcy=74.4,119.5 scan=0:-19.0,10:-15.6,20:-12.1,30:-8.4,40:-4.7,50:-1.0,60:2.8,70:6.5,80:10.2,90:13.7,100:17.2,110:20.5,120:23.7,130:26.7,140:29.6
ATGSeedDiag: seed=1@22,108/1@141,107 begin=7,108 block=5 clip=8
ATGLptDiag: best=6(25.2) imip=0/16 pass=10111 acc=-1 ipm=55.7,103.1 inv=29.0,73.2 | 1(5.0) imip=0/11 pass=10111 acc=-1 ipm=110.1,113.9 inv=135.7,97.1
frame=258 line=1 track=1 cross=0 circle=1(CIRCLE_LEFT_BEGIN) round=0 yroad=0 ramp=0 road=7 speed=0 near=7/124 raw=170/105 sel=124/125 far=0/0 far_raw=0/0 l=0@-1/0@-1 far_l=0@-1/0@-1 straight=0/1 far_straight=0/0 circle_cnt=61/0/0/0 lost=0/0 conf=10.7/6.0/0.0/0.0 dist=1415 m0=(84,119) ml=(84,87) md=32/1/127 cxcy=84.0,119.6 guide=0.36 atg=0.0/0.0/0.0 pure=-0.16/-0.22 yaw=-22 cmd=-23 actual=-20 signed=1 rps=3832/3768:4375/4236 duty=8/10
ATGCorner: L=0@-1/0@-1 Y=0@-1/0@-1 farL=0@-1/0@-1 Lxy=-1.0,-1.0:-1.0,-1.0/-1.0,-1.0:-1.0,-1.0 Yxy=-1.0,-1.0:-1.0,-1.0/-1.0,-1.0:-1.0,-1.0 farLxy=-1.0,-1.0:-1.0,-1.0/-1.0,-1.0:-1.0,-1.0 best=3:58.5,109.4:27.8,86.2:10.7:10111/1:110.0,114.2:136.0,98.0:6.0:10111 seed_src=none/none seed=0.0,0.0/0.0,0.0 far_start=70,0 far_raw=0/0 far_num=0/0 straight=0/1 far_straight=0/0 conf_deg=10.7/6.0/0.0/0.0
CrossDiag: type=CROSS_NONE track=1 half_lr=0/0 nearL=0@-1/0@-1 nearNum=7/124 centerNum=7/124 farL=0@-1/0@-1 farNum=0/0 farRaw=0/0 lost=0/0 not_have=0 final=124/125 flags=0/0
LineErr: aim=33 cxcy=84.0,119.6 left=1:4.54@80,94 dx=-3.8 idx=0/6 dist=12/12 right=1:0.32@84,84 dx=-0.3 idx=0/14 dist=32/251 sel=1:0.31@84,82 dx=-0.3 idx=0/16 dist=32/248 edge=1:1.13@83.0,91.0 dx=-1.0 width=59.1 l=56,103 r=110,79
CxScan: raw_ref=80.0 edge=83.0,91.0 best_raw_x=75 best_err=-0.99 best_cxcy=82.1,119.5 scan=0:-30.0,10:-26.6,20:-23.1,30:-19.4,40:-15.5,50:-11.5,60:-7.3,70:-3.1,80:1.1,90:5.4,100:9.5,110:13.6,120:17.5,130:21.2,140:24.8
ATGSeedDiag: seed=1@22,108/1@141,108 begin=7,108 block=5 clip=8
ATGLptDiag: best=3(10.7) imip=0/6 pass=10111 acc=-1 ipm=58.5,109.4 inv=27.8,86.2 | 1(6.0) imip=0/11 pass=10111 acc=-1 ipm=110.0,114.2 inv=136.0,98.0
frame=259 line=1 track=1 cross=0 circle=1(CIRCLE_LEFT_BEGIN) round=0 yroad=0 ramp=0 road=7 speed=0 near=21/124 raw=68/105 sel=124/125 far=0/0 far_raw=0/0 l=0@-1/0@-1 far_l=0@-1/0@-1 straight=0/1 far_straight=0/0 circle_cnt=61/0/0/0 lost=0/0 conf=25.0/3.8/0.0/0.0 dist=1427 m0=(84,119) ml=(84,87) md=32/1/127 cxcy=84.0,119.6 guide=0.36 atg=0.0/0.0/0.0 pure=-0.12/-0.22 yaw=-22 cmd=-19 actual=-25 signed=1 rps=3825/3775:4339/4438 duty=8/9
ATGCorner: L=0@-1/0@-1 Y=0@-1/0@-1 farL=0@-1/0@-1 Lxy=-1.0,-1.0:-1.0,-1.0/-1.0,-1.0:-1.0,-1.0 Yxy=-1.0,-1.0:-1.0,-1.0/-1.0,-1.0:-1.0,-1.0 farLxy=-1.0,-1.0:-1.0,-1.0/-1.0,-1.0:-1.0,-1.0 best=6:55.0,103.3:27.5,73.6:25.0:10111/1:109.9,114.2:135.8,97.9:3.8:10111 seed_src=none/none seed=0.0,0.0/0.0,0.0 far_start=70,0 far_raw=0/0 far_num=0/0 straight=0/1 far_straight=0/0 conf_deg=25.0/3.8/0.0/0.0
CrossDiag: type=CROSS_NONE track=1 half_lr=0/0 nearL=0@-1/0@-1 nearNum=21/124 centerNum=21/124 farL=0@-1/0@-1 farNum=0/0 farRaw=0/0 lost=0/0 not_have=0 final=124/125 flags=0/0
LineErr: aim=33 cxcy=84.0,119.6 left=1:17.28@63,76 dx=-20.8 idx=0/11 dist=33/60 right=1:0.30@84,81 dx=-0.3 idx=0/15 dist=34/250 sel=1:0.31@84,82 dx=-0.3 idx=0/16 dist=32/248 edge=1:10.72@73.0,84.5 dx=-11.0 width=74.8 l=36,90 r=110,79
CxScan: raw_ref=80.0 edge=73.0,84.5 best_raw_x=50 best_err=-0.48 best_cxcy=72.5,119.5 scan=0:-18.8,10:-15.3,20:-11.7,30:-8.0,40:-4.3,50:-0.5,60:3.3,70:7.0,80:10.7,90:14.3,100:17.8,110:21.1,120:24.3,130:27.3,140:30.2
ATGSeedDiag: seed=1@22,108/1@141,108 begin=7,108 block=5 clip=8
ATGLptDiag: best=6(25.0) imip=0/16 pass=10111 acc=-1 ipm=55.0,103.3 inv=27.5,73.6 | 1(3.8) imip=0/11 pass=10111 acc=-1 ipm=109.9,114.2 inv=135.8,97.9
frame=260 line=1 track=1 cross=0 circle=1(CIRCLE_LEFT_BEGIN) round=0 yroad=0 ramp=0 road=7 speed=0 near=7/124 raw=170/105 sel=124/125 far=0/0 far_raw=0/0 l=0@-1/0@-1 far_l=0@-1/0@-1 straight=0/1 far_straight=0/0 circle_cnt=61/0/0/0 lost=0/0 conf=15.0/4.3/0.0/0.0 dist=1439 m0=(84,119) ml=(83,87) md=32/1/127 cxcy=84.0,119.6 guide=0.87 atg=0.0/0.0/0.0 pure=-0.11/-0.22 yaw=-52 cmd=-62 actual=-41 signed=1 rps=3886/3714:4041/4335 duty=8/9
ATGCorner: L=0@-1/0@-1 Y=0@-1/0@-1 farL=0@-1/0@-1 Lxy=-1.0,-1.0:-1.0,-1.0/-1.0,-1.0:-1.0,-1.0 Yxy=-1.0,-1.0:-1.0,-1.0/-1.0,-1.0:-1.0,-1.0 farLxy=-1.0,-1.0:-1.0,-1.0/-1.0,-1.0:-1.0,-1.0 best=5:56.1,105.3:27.6,77.3:15.0:10111/1:109.8,114.2:135.6,97.9:4.3:10111 seed_src=none/none seed=0.0,0.0/0.0,0.0 far_start=70,0 far_raw=0/0 far_num=0/0 straight=0/1 far_straight=0/0 conf_deg=15.0/4.3/0.0/0.0
CrossDiag: type=CROSS_NONE track=1 half_lr=0/0 nearL=0@-1/0@-1 nearNum=7/124 centerNum=7/124 farL=0@-1/0@-1 farNum=0/0 farRaw=0/0 lost=0/0 not_have=0 final=124/125 flags=0/0
LineErr: aim=33 cxcy=84.0,119.6 left=1:5.81@79,94 dx=-5.0 idx=0/6 dist=12/12 right=1:0.63@83,84 dx=-0.6 idx=0/14 dist=32/251 sel=1:0.56@83,82 dx=-0.6 idx=0/16 dist=32/248 edge=1:1.69@82.5,91.0 dx=-1.5 width=60.0 l=55,103 r=110,79
CxScan: raw_ref=80.0 edge=82.5,91.0 best_raw_x=75 best_err=-0.43 best_cxcy=82.1,119.5 scan=0:-29.5,10:-26.2,20:-22.6,30:-18.9,40:-15.0,50:-10.9,60:-6.8,70:-2.6,80:1.7,90:5.9,100:10.1,110:14.1,120:18.0,130:21.7,140:25.3
ATGSeedDiag: seed=1@22,108/1@141,108 begin=7,108 block=5 clip=8
ATGLptDiag: best=5(15.0) imip=0/6 pass=10111 acc=-1 ipm=56.1,105.3 inv=27.6,77.3 | 1(4.3) imip=0/11 pass=10111 acc=-1 ipm=109.8,114.2 inv=135.6,97.9
frame=261 line=1 track=1 cross=0 circle=1(CIRCLE_LEFT_BEGIN) round=0 yroad=0 ramp=0 road=7 speed=0 near=20/124 raw=65/105 sel=124/125 far=0/0 far_raw=0/0 l=0@-1/0@-1 far_l=0@-1/0@-1 straight=0/1 far_straight=0/0 circle_cnt=61/0/0/0 lost=0/0 conf=25.1/2.9/0.0/0.0 dist=1450 m0=(84,119) ml=(83,87) md=32/1/127 cxcy=84.0,119.6 guide=0.87 atg=0.0/0.0/0.0 pure=-0.11/-0.21 yaw=-52 cmd=-42 actual=-62 signed=1 rps=3858/3742:4081/4426 duty=8/9
ATGCorner: L=0@-1/0@-1 Y=0@-1/0@-1 farL=0@-1/0@-1 Lxy=-1.0,-1.0:-1.0,-1.0/-1.0,-1.0:-1.0,-1.0 Yxy=-1.0,-1.0:-1.0,-1.0/-1.0,-1.0:-1.0,-1.0 farLxy=-1.0,-1.0:-1.0,-1.0/-1.0,-1.0:-1.0,-1.0 best=5:55.6,105.1:26.9,77.0:25.1:10111/2:109.9,111.9:131.8,91.4:2.9:10111 seed_src=none/none seed=0.0,0.0/0.0,0.0 far_start=70,0 far_raw=0/0 far_num=0/0 straight=0/1 far_straight=0/0 conf_deg=25.1/2.9/0.0/0.0
CrossDiag: type=CROSS_NONE track=1 half_lr=0/0 nearL=0@-1/0@-1 nearNum=20/124 centerNum=20/124 farL=0@-1/0@-1 farNum=0/0 farRaw=0/0 lost=0/0 not_have=0 final=124/125 flags=0/0
LineErr: aim=33 cxcy=84.0,119.6 left=1:18.28@62,76 dx=-22.1 idx=0/11 dist=32/55 right=1:0.63@83,84 dx=-0.6 idx=0/14 dist=32/250 sel=1:0.57@83,82 dx=-0.6 idx=0/16 dist=32/248 edge=1:11.19@72.5,84.5 dx=-11.5 width=75.8 l=35,90 r=110,79
CxScan: raw_ref=80.0 edge=72.5,84.5 best_raw_x=50 best_err=0.02 best_cxcy=72.5,119.5 scan=0:-18.3,10:-14.8,20:-11.2,30:-7.5,40:-3.8,50:0.0,60:3.8,70:7.5,80:11.2,90:14.8,100:18.2,110:21.5,120:24.7,130:27.7,140:30.6
ATGSeedDiag: seed=1@22,107/1@141,108 begin=7,108 block=5 clip=8
ATGLptDiag: best=5(25.1) imip=0/15 pass=10111 acc=-1 ipm=55.6,105.1 inv=26.9,77.0 | 2(2.9) imip=0/12 pass=10111 acc=-1 ipm=109.9,111.9 inv=131.8,91.4
frame=262 line=1 track=1 cross=0 circle=1(CIRCLE_LEFT_BEGIN) round=0 yroad=0 ramp=0 road=7 speed=0 near=6/124 raw=170/105 sel=124/125 far=0/0 far_raw=0/0 l=0@-1/0@-1 far_l=0@-1/0@-1 straight=0/1 far_straight=0/0 circle_cnt=61/0/0/0 lost=0/0 conf=10.8/3.9/0.0/0.0 dist=1461 m0=(84,119) ml=(83,87) md=32/1/127 cxcy=84.0,119.6 guide=0.87 atg=0.0/0.0/0.0 pure=-0.11/-0.21 yaw=-52 cmd=-28 actual=-76 signed=1 rps=3838/3762:3858/4193 duty=8/10
ATGCorner: L=0@-1/0@-1 Y=0@-1/0@-1 farL=0@-1/0@-1 Lxy=-1.0,-1.0:-1.0,-1.0/-1.0,-1.0:-1.0,-1.0 Yxy=-1.0,-1.0:-1.0,-1.0/-1.0,-1.0:-1.0,-1.0 farLxy=-1.0,-1.0:-1.0,-1.0/-1.0,-1.0:-1.0,-1.0 best=1:59.2,113.6:24.3,97.2:10.8:10111/2:110.0,111.9:132.0,91.4:3.9:10111 seed_src=none/none seed=0.0,0.0/0.0,0.0 far_start=70,0 far_raw=0/0 far_num=0/0 straight=0/1 far_straight=0/0 conf_deg=10.8/3.9/0.0/0.0
CrossDiag: type=CROSS_NONE track=1 half_lr=0/0 nearL=0@-1/0@-1 nearNum=6/124 centerNum=6/124 farL=0@-1/0@-1 farNum=0/0 farRaw=0/0 lost=0/0 not_have=0 final=124/125 flags=0/0
LineErr: aim=33 cxcy=84.0,119.6 left=1:5.12@80,96 dx=-4.2 idx=0/5 dist=10/10 right=1:0.63@83,84 dx=-0.6 idx=0/14 dist=32/250 sel=1:0.57@83,82 dx=-0.6 idx=0/16 dist=32/248 edge=1:1.72@82.5,92.0 dx=-1.5 width=60.8 l=55,105 r=110,79
CxScan: raw_ref=80.0 edge=82.5,92.0 best_raw_x=75 best_err=-0.44 best_cxcy=82.1,119.5 scan=0:-30.0,10:-26.6,20:-23.0,30:-19.2,40:-15.3,50:-11.1,60:-6.9,70:-2.6,80:1.7,90:6.0,100:10.3,110:14.4,120:18.3,130:22.1,140:25.7
ATGSeedDiag: seed=1@22,107/1@141,108 begin=7,108 block=5 clip=8
ATGLptDiag: best=1(10.8) imip=0/5 pass=10111 acc=-1 ipm=59.2,113.6 inv=24.3,97.2 | 2(3.9) imip=0/12 pass=10111 acc=-1 ipm=110.0,111.9 inv=132.0,91.4
frame=263 line=1 track=1 cross=0 circle=1(CIRCLE_LEFT_BEGIN) round=0 yroad=0 ramp=0 road=7 speed=0 near=19/124 raw=64/105 sel=124/125 far=0/0 far_raw=0/0 l=0@-1/0@-1 far_l=0@-1/0@-1 straight=0/1 far_straight=0/0 circle_cnt=61/0/0/0 lost=0/0 conf=23.3/5.3/0.0/0.0 dist=1472 m0=(84,119) ml=(83,87) md=32/1/127 cxcy=84.0,119.6 guide=0.53 atg=0.0/0.0/0.0 pure=-0.12/-0.22 yaw=-32 cmd=25 actual=-89 signed=1 rps=3765/3835:3943/4309 duty=8/10
ATGCorner: L=0@-1/0@-1 Y=0@-1/0@-1 farL=0@-1/0@-1 Lxy=-1.0,-1.0:-1.0,-1.0/-1.0,-1.0:-1.0,-1.0 Yxy=-1.0,-1.0:-1.0,-1.0/-1.0,-1.0:-1.0,-1.0 farLxy=-1.0,-1.0:-1.0,-1.0/-1.0,-1.0:-1.0,-1.0 best=4:56.4,107.2:26.2,81.2:23.3:10111/2:110.1,111.9:132.3,91.5:5.3:10111 seed_src=none/none seed=0.0,0.0/0.0,0.0 far_start=70,0 far_raw=0/0 far_num=0/0 straight=0/1 far_straight=0/0 conf_deg=23.3/5.3/0.0/0.0
CrossDiag: type=CROSS_NONE track=1 half_lr=0/0 nearL=0@-1/0@-1 nearNum=19/124 centerNum=19/124 farL=0@-1/0@-1 farNum=0/0 farRaw=0/0 lost=0/0 not_have=0 final=124/125 flags=0/0
LineErr: aim=33 cxcy=84.0,119.6 left=1:20.75@58,75 dx=-25.9 idx=0/12 dist=34/52 right=1:0.48@84,83 dx=-0.5 idx=0/14 dist=32/250 sel=1:0.46@84,82 dx=-0.5 idx=0/16 dist=32/248 edge=1:11.76@72.0,85.0 dx=-12.0 width=76.9 l=34,91 r=110,79
CxScan: raw_ref=80.0 edge=72.0,85.0 best_raw_x=50 best_err=0.51 best_cxcy=72.5,119.5 scan=0:-18.0,10:-14.5,20:-10.8,30:-7.1,40:-3.3,50:0.5,60:4.3,70:8.1,80:11.8,90:15.3,100:18.8,110:22.1,120:25.3,130:28.3,140:31.1
ATGSeedDiag: seed=1@22,107/1@141,108 begin=7,108 block=5 clip=8
ATGLptDiag: best=4(23.3) imip=0/14 pass=10111 acc=-1 ipm=56.4,107.2 inv=26.2,81.2 | 2(5.3) imip=0/12 pass=10111 acc=-1 ipm=110.1,111.9 inv=132.3,91.5
frame=264 line=1 track=1 cross=0 circle=1(CIRCLE_LEFT_BEGIN) round=0 yroad=0 ramp=0 road=7 speed=0 near=19/124 raw=62/105 sel=124/125 far=0/0 far_raw=0/0 l=0@-1/0@-1 far_l=0@-1/0@-1 straight=0/1 far_straight=0/0 circle_cnt=61/0/0/0 lost=0/0 conf=22.5/4.3/0.0/0.0 dist=1483 m0=(84,119) ml=(84,87) md=32/1/127 cxcy=84.0,119.6 guide=0.19 atg=0.0/0.0/0.0 pure=-0.19/-0.22 yaw=-12 cmd=73 actual=-96 signed=1 rps=3700/3900:4062/4352 duty=8/10
ATGCorner: L=0@-1/0@-1 Y=0@-1/0@-1 farL=0@-1/0@-1 Lxy=-1.0,-1.0:-1.0,-1.0/-1.0,-1.0:-1.0,-1.0 Yxy=-1.0,-1.0:-1.0,-1.0/-1.0,-1.0:-1.0,-1.0 farLxy=-1.0,-1.0:-1.0,-1.0/-1.0,-1.0:-1.0,-1.0 best=5:54.9,105.7:25.0,78.1:22.5:10111/2:110.1,111.9:132.3,91.5:4.3:10111 seed_src=none/none seed=0.0,0.0/0.0,0.0 far_start=70,0 far_raw=0/0 far_num=0/0 straight=0/1 far_straight=0/0 conf_deg=22.5/4.3/0.0/0.0
CrossDiag: type=CROSS_NONE track=1 half_lr=0/0 nearL=0@-1/0@-1 nearNum=19/124 centerNum=19/124 farL=0@-1/0@-1 farNum=0/0 farRaw=0/0 lost=0/0 not_have=0 final=124/125 flags=0/0
LineErr: aim=33 cxcy=84.0,119.6 left=1:20.95@58,75 dx=-26.0 idx=0/12 dist=34/52 right=1:0.26@84,83 dx=-0.3 idx=0/14 dist=33/251 sel=1:0.20@84,82 dx=-0.2 idx=0/16 dist=32/248 edge=1:11.96@72.0,86.0 dx=-12.0 width=76.9 l=34,92 r=110,80
CxScan: raw_ref=80.0 edge=72.0,86.0 best_raw_x=50 best_err=0.52 best_cxcy=72.5,119.5 scan=0:-18.3,10:-14.7,20:-11.0,30:-7.2,40:-3.4,50:0.5,60:4.4,70:8.2,80:12.0,90:15.6,100:19.1,110:22.5,120:25.7,130:28.7,140:31.6
ATGSeedDiag: seed=1@21,108/1@141,108 begin=7,108 block=5 clip=8
ATGLptDiag: best=5(22.5) imip=0/15 pass=10111 acc=-1 ipm=54.9,105.7 inv=25.0,78.1 | 2(4.3) imip=0/12 pass=10111 acc=-1 ipm=110.1,111.9 inv=132.3,91.5
frame=266 line=1 track=1 cross=0 circle=1(CIRCLE_LEFT_BEGIN) round=0 yroad=0 ramp=0 road=7 speed=0 near=18/124 raw=62/105 sel=124/125 far=0/0 far_raw=0/0 l=0@-1/0@-1 far_l=0@-1/0@-1 straight=0/1 far_straight=0/0 circle_cnt=61/0/0/0 lost=0/0 conf=22.9/6.4/0.0/0.0 dist=1507 m0=(84,119) ml=(84,87) md=32/1/127 cxcy=84.0,119.6 guide=0.03 atg=0.0/0.0/0.0 pure=-0.19/-0.22 yaw=-2 cmd=102 actual=-105 signed=1 rps=3660/3940:4318/4253 duty=7/10
ATGCorner: L=0@-1/0@-1 Y=0@-1/0@-1 farL=0@-1/0@-1 Lxy=-1.0,-1.0:-1.0,-1.0/-1.0,-1.0:-1.0,-1.0 Yxy=-1.0,-1.0:-1.0,-1.0/-1.0,-1.0:-1.0,-1.0 farLxy=-1.0,-1.0:-1.0,-1.0/-1.0,-1.0:-1.0,-1.0 best=4:55.9,107.6:24.7,82.2:22.9:10111/1:109.9,114.2:135.8,98.0:6.4:10111 seed_src=none/none seed=0.0,0.0/0.0,0.0 far_start=70,0 far_raw=0/0 far_num=0/0 straight=0/1 far_straight=0/0 conf_deg=22.9/6.4/0.0/0.0
CrossDiag: type=CROSS_NONE track=1 half_lr=0/0 nearL=0@-1/0@-1 nearNum=18/124 centerNum=18/124 farL=0@-1/0@-1 farNum=0/0 farRaw=0/0 lost=0/0 not_have=0 final=124/125 flags=0/0
LineErr: aim=33 cxcy=84.0,119.6 left=1:21.72@57,75 dx=-27.0 idx=0/12 dist=33/47 right=1:0.26@84,83 dx=-0.3 idx=0/14 dist=32/250 sel=1:0.20@84,82 dx=-0.2 idx=0/16 dist=32/248 edge=1:12.34@71.5,85.5 dx=-12.5 width=78.1 l=33,92 r=110,79
CxScan: raw_ref=80.0 edge=71.5,85.5 best_raw_x=45 best_err=-0.91 best_cxcy=70.6,119.5 scan=0:-17.7,10:-14.1,20:-10.4,30:-6.7,40:-2.8,50:1.0,60:4.9,70:8.6,80:12.3,90:15.9,100:19.4,110:22.7,120:25.9,130:28.9,140:31.7
ATGSeedDiag: seed=1@21,108/1@141,108 begin=7,108 block=5 clip=8
ATGLptDiag: best=4(22.9) imip=0/14 pass=10111 acc=-1 ipm=55.9,107.6 inv=24.7,82.2 | 1(6.4) imip=0/11 pass=10111 acc=-1 ipm=109.9,114.2 inv=135.8,98.0
frame=267 line=1 track=1 cross=0 circle=1(CIRCLE_LEFT_BEGIN) round=0 yroad=0 ramp=0 road=7 speed=0 near=17/124 raw=61/105 sel=124/125 far=0/0 far_raw=0/0 l=0@-1/0@-1 far_l=0@-1/0@-1 straight=0/1 far_straight=0/0 circle_cnt=61/0/0/0 lost=0/0 conf=21.3/7.8/0.0/0.0 dist=1518 m0=(84,119) ml=(84,87) md=32/1/126 cxcy=84.0,119.6 guide=0.03 atg=0.0/0.0/0.0 pure=-0.19/-0.26 yaw=-2 cmd=103 actual=-106 signed=1 rps=3659/3941:4180/3917 duty=7/11
ATGCorner: L=0@-1/0@-1 Y=0@-1/0@-1 farL=0@-1/0@-1 Lxy=-1.0,-1.0:-1.0,-1.0/-1.0,-1.0:-1.0,-1.0 Yxy=-1.0,-1.0:-1.0,-1.0/-1.0,-1.0:-1.0,-1.0 farLxy=-1.0,-1.0:-1.0,-1.0/-1.0,-1.0:-1.0,-1.0 best=4:55.5,107.8:23.7,82.5:21.3:10111/1:110.0,114.2:135.9,98.0:7.8:10111 seed_src=none/none seed=0.0,0.0/0.0,0.0 far_start=70,0 far_raw=0/0 far_num=0/0 straight=0/1 far_straight=0/0 conf_deg=21.3/7.8/0.0/0.0
CrossDiag: type=CROSS_NONE track=1 half_lr=0/0 nearL=0@-1/0@-1 nearNum=17/124 centerNum=17/124 farL=0@-1/0@-1 farNum=0/0 farRaw=0/0 lost=0/0 not_have=0 final=124/125 flags=0/0
LineErr: aim=33 cxcy=84.0,119.6 left=1:21.91@57,76 dx=-27.0 idx=0/12 dist=32/43 right=1:0.26@84,83 dx=-0.3 idx=0/14 dist=32/250 sel=1:0.20@84,82 dx=-0.2 idx=0/16 dist=32/248 edge=1:12.44@71.5,86.0 dx=-12.5 width=78.3 l=33,93 r=110,79
CxScan: raw_ref=80.0 edge=71.5,86.0 best_raw_x=45 best_err=-0.91 best_cxcy=70.6,119.5 scan=0:-17.9,10:-14.2,20:-10.5,30:-6.7,40:-2.9,50:1.0,60:4.9,70:8.7,80:12.4,90:16.1,100:19.6,110:22.9,120:26.1,130:29.1,140:31.9
ATGSeedDiag: seed=1@21,108/1@141,108 begin=7,108 block=5 clip=8
ATGLptDiag: best=4(21.3) imip=0/14 pass=10111 acc=-1 ipm=55.5,107.8 inv=23.7,82.5 | 1(7.8) imip=0/11 pass=10111 acc=-1 ipm=110.0,114.2 inv=135.9,98.0
frame=268 line=1 track=1 cross=0 circle=1(CIRCLE_LEFT_BEGIN) round=0 yroad=0 ramp=0 road=7 speed=0 near=17/124 raw=55/105 sel=124/126 far=0/0 far_raw=0/0 l=0@-1/0@-1 far_l=0@-1/0@-1 straight=0/1 far_straight=0/0 circle_cnt=61/0/0/0 lost=0/0 conf=18.7/8.5/0.0/0.0 dist=1529 m0=(84,119) ml=(84,87) md=32/1/129 cxcy=84.0,119.6 guide=0.03 atg=0.0/0.0/0.0 pure=-0.19/-0.27 yaw=-2 cmd=104 actual=-107 signed=1 rps=3658/3942:4455/3957 duty=7/11
ATGCorner: L=0@-1/0@-1 Y=0@-1/0@-1 farL=0@-1/0@-1 Lxy=-1.0,-1.0:-1.0,-1.0/-1.0,-1.0:-1.0,-1.0 Yxy=-1.0,-1.0:-1.0,-1.0/-1.0,-1.0:-1.0,-1.0 farLxy=-1.0,-1.0:-1.0,-1.0/-1.0,-1.0:-1.0,-1.0 best=3:56.4,109.8:23.2,87.2:18.7:10111/1:110.0,114.2:136.0,98.0:8.5:10111 seed_src=none/none seed=0.0,0.0/0.0,0.0 far_start=70,0 far_raw=0/0 far_num=0/0 straight=0/1 far_straight=0/0 conf_deg=18.7/8.5/0.0/0.0
CrossDiag: type=CROSS_NONE track=1 half_lr=0/0 nearL=0@-1/0@-1 nearNum=17/124 centerNum=17/124 farL=0@-1/0@-1 farNum=0/0 farRaw=0/0 lost=0/0 not_have=0 final=124/126 flags=0/0
LineErr: aim=33 cxcy=84.0,119.6 left=1:22.62@56,76 dx=-27.9 idx=0/12 dist=32/44 right=1:0.16@84,83 dx=-0.2 idx=0/14 dist=32/250 sel=1:0.14@84,82 dx=-0.1 idx=0/16 dist=32/250 edge=1:12.93@71.0,86.0 dx=-13.0 width=79.2 l=32,93 r=110,79
CxScan: raw_ref=80.0 edge=71.0,86.0 best_raw_x=45 best_err=-0.41 best_cxcy=70.6,119.5 scan=0:-17.4,10:-13.8,20:-10.0,30:-6.2,40:-2.4,50:1.5,60:5.4,70:9.2,80:12.9,90:16.5,100:20.0,110:23.3,120:26.5,130:29.5,140:32.3
ATGSeedDiag: seed=1@20,108/1@141,108 begin=7,108 block=5 clip=8
ATGLptDiag: best=3(18.7) imip=0/13 pass=10111 acc=-1 ipm=56.4,109.8 inv=23.2,87.2 | 1(8.5) imip=0/11 pass=10111 acc=-1 ipm=110.0,114.2 inv=136.0,98.0
frame=269 line=1 track=1 cross=0 circle=1(CIRCLE_LEFT_BEGIN) round=0 yroad=0 ramp=0 road=7 speed=0 near=16/124 raw=56/105 sel=124/126 far=0/0 far_raw=0/0 l=0@-1/0@-1 far_l=0@-1/0@-1 straight=0/1 far_straight=0/0 circle_cnt=61/0/0/0 lost=0/0 conf=17.9/5.1/0.0/0.0 dist=1540 m0=(84,119) ml=(84,87) md=32/1/129 cxcy=84.0,119.6 guide=0.03 atg=0.0/0.0/0.0 pure=-0.26/-0.27 yaw=-2 cmd=106 actual=-109 signed=1 rps=3655/3945:4262/3688 duty=7/11
ATGCorner: L=0@-1/0@-1 Y=0@-1/0@-1 farL=0@-1/0@-1 Lxy=-1.0,-1.0:-1.0,-1.0/-1.0,-1.0:-1.0,-1.0 Yxy=-1.0,-1.0:-1.0,-1.0/-1.0,-1.0:-1.0,-1.0 farLxy=-1.0,-1.0:-1.0,-1.0/-1.0,-1.0:-1.0,-1.0 best=3:56.0,109.9:22.3,87.4:17.9:10111/1:109.9,114.2:135.8,98.0:5.1:10111 seed_src=none/none seed=0.0,0.0/0.0,0.0 far_start=70,0 far_raw=0/0 far_num=0/0 straight=0/1 far_straight=0/0 conf_deg=17.9/5.1/0.0/0.0
CrossDiag: type=CROSS_NONE track=1 half_lr=0/0 nearL=0@-1/0@-1 nearNum=16/124 centerNum=16/124 farL=0@-1/0@-1 farNum=0/0 farRaw=0/0 lost=0/0 not_have=0 final=124/126 flags=0/0
LineErr: aim=33 cxcy=84.0,119.6 left=1:24.38@53,74 dx=-31.0 idx=0/13 dist=34/40 right=1:0.15@84,83 dx=-0.2 idx=0/14 dist=32/250 sel=1:0.14@84,82 dx=-0.1 idx=0/16 dist=32/250 edge=1:12.07@72.0,86.5 dx=-12.0 width=77.5 l=34,94 r=110,79
CxScan: raw_ref=80.0 edge=72.0,86.5 best_raw_x=50 best_err=0.53 best_cxcy=72.5,119.5 scan=0:-18.5,10:-14.8,20:-11.1,30:-7.3,40:-3.4,50:0.5,60:4.4,70:8.3,80:12.1,90:15.7,100:19.3,110:22.7,120:25.9,130:28.9,140:31.8
ATGSeedDiag: seed=1@20,108/1@141,108 begin=7,108 block=5 clip=8
ATGLptDiag: best=3(17.9) imip=0/13 pass=10111 acc=-1 ipm=56.0,109.9 inv=22.3,87.4 | 1(5.1) imip=0/11 pass=10111 acc=-1 ipm=109.9,114.2 inv=135.8,98.0
frame=271 line=1 track=1 cross=0 circle=1(CIRCLE_LEFT_BEGIN) round=0 yroad=0 ramp=0 road=7 speed=0 near=15/124 raw=56/105 sel=124/126 far=0/0 far_raw=0/0 l=0@-1/0@-1 far_l=0@-1/0@-1 straight=0/1 far_straight=0/0 circle_cnt=61/0/0/0 lost=0/0 conf=20.1/2.3/0.0/0.0 dist=1562 m0=(84,119) ml=(84,87) md=32/1/129 cxcy=84.0,119.6 guide=0.03 atg=0.0/0.0/0.0 pure=-0.22/-0.27 yaw=-2 cmd=118 actual=-121 signed=1 rps=3638/3962:4499/3920 duty=7/11
ATGCorner: L=0@-1/0@-1 Y=0@-1/0@-1 farL=0@-1/0@-1 Lxy=-1.0,-1.0:-1.0,-1.0/-1.0,-1.0:-1.0,-1.0 Yxy=-1.0,-1.0:-1.0,-1.0/-1.0,-1.0:-1.0,-1.0 farLxy=-1.0,-1.0:-1.0,-1.0/-1.0,-1.0:-1.0,-1.0 best=3:55.8,109.9:21.7,87.5:20.1:10111/3:109.5,109.6:127.6,85.6:2.3:10111 seed_src=none/none seed=0.0,0.0/0.0,0.0 far_start=70,0 far_raw=0/0 far_num=0/0 straight=0/1 far_straight=0/0 conf_deg=20.1/2.3/0.0/0.0
CrossDiag: type=CROSS_NONE track=1 half_lr=0/0 nearL=0@-1/0@-1 nearNum=15/124 centerNum=15/124 farL=0@-1/0@-1 farNum=0/0 farRaw=0/0 lost=0/0 not_have=0 final=124/126 flags=0/0
LineErr: aim=33 cxcy=84.0,119.6 left=1:25.27@52,75 dx=-32.0 idx=0/13 dist=33/35 right=1:-0.02@84,81 dx=0.0 idx=0/15 dist=33/249 sel=1:-0.04@84,82 dx=0.0 idx=0/16 dist=32/250 edge=1:11.78@72.5,87.5 dx=-11.5 width=76.9 l=35,96 r=110,79
CxScan: raw_ref=80.0 edge=72.5,87.5 best_raw_x=50 best_err=0.02 best_cxcy=72.5,119.5 scan=0:-19.2,10:-15.6,20:-11.8,30:-7.9,40:-4.0,50:0.0,60:4.0,70:7.9,80:11.8,90:15.5,100:19.1,110:22.6,120:25.9,130:29.0,140:31.9
ATGSeedDiag: seed=1@20,108/1@141,108 begin=7,108 block=5 clip=8
ATGLptDiag: best=3(20.1) imip=0/13 pass=10111 acc=-1 ipm=55.8,109.9 inv=21.7,87.5 | 3(2.3) imip=0/13 pass=10111 acc=-1 ipm=109.5,109.6 inv=127.6,85.6
frame=272 line=1 track=1 cross=0 circle=1(CIRCLE_LEFT_BEGIN) round=0 yroad=0 ramp=0 road=7 speed=0 near=15/124 raw=50/105 sel=124/126 far=0/0 far_raw=0/0 l=0@-1/0@-1 far_l=0@-1/0@-1 straight=0/1 far_straight=0/0 circle_cnt=61/0/0/0 lost=0/0 conf=17.1/2.2/0.0/0.0 dist=1573 m0=(84,119) ml=(84,87) md=32/1/129 cxcy=84.0,119.6 guide=0.03 atg=0.0/0.0/0.0 pure=-0.27/-0.27 yaw=-2 cmd=125 actual=-128 signed=1 rps=3629/3971:4202/3859 duty=7/11
ATGCorner: L=0@-1/0@-1 Y=0@-1/0@-1 farL=0@-1/0@-1 Lxy=-1.0,-1.0:-1.0,-1.0/-1.0,-1.0:-1.0,-1.0 Yxy=-1.0,-1.0:-1.0,-1.0/-1.0,-1.0:-1.0,-1.0 farLxy=-1.0,-1.0:-1.0,-1.0/-1.0,-1.0:-1.0,-1.0 best=2:56.8,112.0:21.2,92.8:17.1:10111/3:109.5,109.6:127.6,85.6:2.2:10111 seed_src=none/none seed=0.0,0.0/0.0,0.0 far_start=70,0 far_raw=0/0 far_num=0/0 straight=0/1 far_straight=0/0 conf_deg=17.1/2.2/0.0/0.0
CrossDiag: type=CROSS_NONE track=1 half_lr=0/0 nearL=0@-1/0@-1 nearNum=15/124 centerNum=15/124 farL=0@-1/0@-1 farNum=0/0 farRaw=0/0 lost=0/0 not_have=0 final=124/126 flags=0/0
LineErr: aim=33 cxcy=84.0,119.6 left=1:25.63@52,75 dx=-32.4 idx=0/13 dist=33/36 right=1:-0.05@84,83 dx=0.0 idx=0/14 dist=32/250 sel=1:-0.06@84,82 dx=0.1 idx=0/16 dist=32/250 edge=1:11.28@73.0,87.5 dx=-11.0 width=77.9 l=35,96 r=111,79
CxScan: raw_ref=80.0 edge=73.0,87.5 best_raw_x=50 best_err=-0.50 best_cxcy=72.5,119.5 scan=0:-19.7,10:-16.1,20:-12.3,30:-8.4,40:-4.5,50:-0.5,60:3.5,70:7.4,80:11.3,90:15.0,100:18.7,110:22.1,120:25.4,130:28.6,140:31.5
ATGSeedDiag: seed=1@19,108/1@141,108 begin=7,108 block=5 clip=8
ATGLptDiag: best=2(17.1) imip=0/12 pass=10111 acc=-1 ipm=56.8,112.0 inv=21.2,92.8 | 3(2.2) imip=0/13 pass=10111 acc=-1 ipm=109.5,109.6 inv=127.6,85.6
frame=273 line=1 track=1 cross=0 circle=1(CIRCLE_LEFT_BEGIN) round=0 yroad=0 ramp=0 road=7 speed=0 near=15/124 raw=53/105 sel=124/125 far=0/0 far_raw=0/0 l=0@-1/0@-1 far_l=0@-1/0@-1 straight=0/1 far_straight=0/0 circle_cnt=61/0/0/0 lost=0/0 conf=18.6/1.7/0.0/0.0 dist=1584 m0=(84,119) ml=(84,87) md=32/1/129 cxcy=84.0,119.6 guide=0.03 atg=0.0/0.0/0.0 pure=-0.27/-0.30 yaw=-2 cmd=124 actual=-127 signed=1 rps=3630/3970:4222/4188 duty=7/11
ATGCorner: L=0@-1/0@-1 Y=0@-1/0@-1 farL=0@-1/0@-1 Lxy=-1.0,-1.0:-1.0,-1.0/-1.0,-1.0:-1.0,-1.0 Yxy=-1.0,-1.0:-1.0,-1.0/-1.0,-1.0:-1.0,-1.0 farLxy=-1.0,-1.0:-1.0,-1.0/-1.0,-1.0:-1.0,-1.0 best=2:56.4,112.0:20.4,92.8:18.6:10111/2:109.6,111.9:131.2,91.4:1.7:10111 seed_src=none/none seed=0.0,0.0/0.0,0.0 far_start=70,0 far_raw=0/0 far_num=0/0 straight=0/1 far_straight=0/0 conf_deg=18.6/1.7/0.0/0.0
CrossDiag: type=CROSS_NONE track=1 half_lr=0/0 nearL=0@-1/0@-1 nearNum=15/124 centerNum=15/124 farL=0@-1/0@-1 farNum=0/0 farRaw=0/0 lost=0/0 not_have=0 final=124/125 flags=0/0
LineErr: aim=33 cxcy=84.0,119.6 left=1:26.02@51,75 dx=-32.8 idx=0/13 dist=33/36 right=1:-0.15@84,83 dx=0.2 idx=0/14 dist=32/250 sel=1:-0.19@84,82 dx=0.2 idx=0/16 dist=32/248 edge=1:11.78@72.5,87.5 dx=-11.5 width=78.9 l=34,96 r=111,79
CxScan: raw_ref=80.0 edge=72.5,87.5 best_raw_x=50 best_err=0.02 best_cxcy=72.5,119.5 scan=0:-19.2,10:-15.6,20:-11.8,30:-7.9,40:-4.0,50:0.0,60:4.0,70:7.9,80:11.8,90:15.5,100:19.1,110:22.6,120:25.9,130:29.0,140:31.9
ATGSeedDiag: seed=1@19,108/1@141,108 begin=7,108 block=5 clip=8
ATGLptDiag: best=2(18.6) imip=0/12 pass=10111 acc=-1 ipm=56.4,112.0 inv=20.4,92.8 | 2(1.7) imip=0/12 pass=10111 acc=-1 ipm=109.6,111.9 inv=131.2,91.4
frame=274 line=1 track=1 cross=0 circle=1(CIRCLE_LEFT_BEGIN) round=0 yroad=0 ramp=0 road=7 speed=0 near=14/124 raw=49/104 sel=124/126 far=0/0 far_raw=0/0 l=0@-1/0@-1 far_l=0@-1/0@-1 straight=0/1 far_straight=0/0 circle_cnt=61/0/0/0 lost=0/0 conf=19.2/4.9/0.0/0.0 dist=1595 m0=(84,119) ml=(84,87) md=32/1/129 cxcy=84.0,119.6 guide=0.03 atg=0.0/0.0/0.0 pure=-0.29/-0.32 yaw=-2 cmd=114 actual=-117 signed=1 rps=3644/3956:3929/4142 duty=8/11
ATGCorner: L=0@-1/0@-1 Y=0@-1/0@-1 farL=0@-1/0@-1 Lxy=-1.0,-1.0:-1.0,-1.0/-1.0,-1.0:-1.0,-1.0 Yxy=-1.0,-1.0:-1.0,-1.0/-1.0,-1.0:-1.0,-1.0 farLxy=-1.0,-1.0:-1.0,-1.0/-1.0,-1.0:-1.0,-1.0 best=2:56.1,111.7:20.1,92.1:19.2:10111/1:109.7,113.9:134.7,97.1:4.9:10111 seed_src=none/none seed=0.0,0.0/0.0,0.0 far_start=70,0 far_raw=0/0 far_num=0/0 straight=0/1 far_straight=0/0 conf_deg=19.2/4.9/0.0/0.0
CrossDiag: type=CROSS_NONE track=1 half_lr=0/0 nearL=0@-1/0@-1 nearNum=14/124 centerNum=14/124 farL=0@-1/0@-1 farNum=0/0 farRaw=0/0 lost=0/0 not_have=0 final=124/126 flags=0/0
LineErr: aim=33 cxcy=84.0,119.6 left=1:26.39@51,76 dx=-33.2 idx=0/13 dist=31/31 right=1:-0.34@84,83 dx=0.4 idx=0/14 dist=33/251 sel=1:-0.34@84,82 dx=0.4 idx=0/16 dist=32/250 edge=1:10.88@73.5,88.0 dx=-10.5 width=77.1 l=36,97 r=111,79
CxScan: raw_ref=80.0 edge=73.5,88.0 best_raw_x=55 best_err=0.98 best_cxcy=74.4,119.5 scan=0:-20.3,10:-16.7,20:-12.9,30:-9.0,40:-5.0,50:-1.0,60:3.0,70:7.0,80:10.9,90:14.7,100:18.4,110:21.9,120:25.2,130:28.4,140:31.4
ATGSeedDiag: seed=1@19,107/1@141,107 begin=7,108 block=5 clip=8
ATGLptDiag: best=2(19.2) imip=0/12 pass=10111 acc=-1 ipm=56.1,111.7 inv=20.1,92.1 | 1(4.9) imip=0/11 pass=10111 acc=-1 ipm=109.7,113.9 inv=134.7,97.1
frame=275 line=1 track=1 cross=0 circle=1(CIRCLE_LEFT_BEGIN) round=0 yroad=0 ramp=0 road=7 speed=0 near=14/124 raw=50/105 sel=124/125 far=0/0 far_raw=0/0 l=0@-1/0@-1 far_l=0@-1/0@-1 straight=0/1 far_straight=0/0 circle_cnt=61/0/0/0 lost=0/0 conf=22.8/1.8/0.0/0.0 dist=1606 m0=(84,119) ml=(84,87) md=32/1/129 cxcy=84.0,119.6 guide=0.03 atg=0.0/0.0/0.0 pure=-0.29/-0.32 yaw=-2 cmd=98 actual=-101 signed=1 rps=3666/3934:3917/4284 duty=8/10
ATGCorner: L=0@-1/0@-1 Y=0@-1/0@-1 farL=0@-1/0@-1 Lxy=-1.0,-1.0:-1.0,-1.0/-1.0,-1.0:-1.0,-1.0 Yxy=-1.0,-1.0:-1.0,-1.0/-1.0,-1.0:-1.0,-1.0 farLxy=-1.0,-1.0:-1.0,-1.0/-1.0,-1.0:-1.0,-1.0 best=2:56.1,112.0:19.7,92.7:22.8:10111/1:109.6,114.2:135.1,97.9:1.8:10111 seed_src=none/none seed=0.0,0.0/0.0,0.0 far_start=70,0 far_raw=0/0 far_num=0/0 straight=0/1 far_straight=0/0 conf_deg=22.8/1.8/0.0/0.0
CrossDiag: type=CROSS_NONE track=1 half_lr=0/0 nearL=0@-1/0@-1 nearNum=14/124 centerNum=14/124 farL=0@-1/0@-1 farNum=0/0 farRaw=0/0 lost=0/0 not_have=0 final=124/125 flags=0/0
LineErr: aim=33 cxcy=84.0,119.6 left=1:26.78@50,76 dx=-33.7 idx=0/13 dist=31/31 right=1:-0.34@84,83 dx=0.4 idx=0/14 dist=32/250 sel=1:-0.35@84,82 dx=0.4 idx=0/16 dist=32/248 edge=1:11.38@73.0,88.0 dx=-11.0 width=78.1 l=35,97 r=111,79
CxScan: raw_ref=80.0 edge=73.0,88.0 best_raw_x=50 best_err=-0.51 best_cxcy=72.5,119.5 scan=0:-19.9,10:-16.2,20:-12.4,30:-8.5,40:-4.5,50:-0.5,60:3.5,70:7.5,80:11.4,90:15.2,100:18.8,110:22.3,120:25.6,130:28.8,140:31.8
ATGSeedDiag: seed=1@18,108/1@141,108 begin=7,108 block=5 clip=8
ATGLptDiag: best=2(22.8) imip=0/12 pass=10111 acc=-1 ipm=56.1,112.0 inv=19.7,92.7 | 1(1.8) imip=0/11 pass=10111 acc=-1 ipm=109.6,114.2 inv=135.1,97.9
frame=276 line=1 track=1 cross=0 circle=1(CIRCLE_LEFT_BEGIN) round=0 yroad=0 ramp=0 road=7 speed=0 near=13/124 raw=51/105 sel=124/125 far=0/0 far_raw=0/0 l=0@-1/0@-1 far_l=0@-1/0@-1 straight=0/1 far_straight=0/0 circle_cnt=61/0/0/0 lost=0/0 conf=24.4/1.0/0.0/0.0 dist=1617 m0=(84,119) ml=(84,87) md=32/1/129 cxcy=84.0,119.6 guide=-0.31 atg=0.0/0.0/0.0 pure=-0.29/-0.32 yaw=19 cmd=121 actual=-84 signed=1 rps=3634/3966:3927/4324 duty=8/10
ATGCorner: L=0@-1/0@-1 Y=0@-1/0@-1 farL=0@-1/0@-1 Lxy=-1.0,-1.0:-1.0,-1.0/-1.0,-1.0:-1.0,-1.0 Yxy=-1.0,-1.0:-1.0,-1.0/-1.0,-1.0:-1.0,-1.0 farLxy=-1.0,-1.0:-1.0,-1.0/-1.0,-1.0:-1.0,-1.0 best=2:55.7,112.1:18.8,93.2:24.4:10111/64:118.4,-31.6:87.6,11.7:1.0:10101 seed_src=none/none seed=0.0,0.0/0.0,0.0 far_start=70,0 far_raw=0/0 far_num=0/0 straight=0/1 far_straight=0/0 conf_deg=24.4/1.0/0.0/0.0
CrossDiag: type=CROSS_NONE track=1 half_lr=0/0 nearL=0@-1/0@-1 nearNum=13/124 centerNum=13/124 farL=0@-1/0@-1 farNum=0/0 farRaw=0/0 lost=0/0 not_have=0 final=124/125 flags=0/0
LineErr: aim=33 cxcy=84.0,119.6 left=1:26.10@52,78 dx=-32.0 idx=0/12 dist=28/28 right=1:-0.50@85,83 dx=0.5 idx=0/14 dist=32/250 sel=1:-0.50@85,82 dx=0.5 idx=0/16 dist=32/248 edge=1:10.56@74.0,89.0 dx=-10.0 width=76.7 l=37,99 r=111,79
CxScan: raw_ref=80.0 edge=74.0,89.0 best_raw_x=55 best_err=0.46 best_cxcy=74.4,119.5 scan=0:-21.1,10:-17.5,20:-13.6,30:-9.7,40:-5.7,50:-1.6,60:2.5,70:6.6,80:10.6,90:14.4,100:18.2,110:21.8,120:25.2,130:28.4,140:31.5
ATGSeedDiag: seed=1@18,108/1@141,108 begin=7,108 block=5 clip=8
ATGLptDiag: best=2(24.4) imip=0/12 pass=10111 acc=-1 ipm=55.7,112.1 inv=18.8,93.2 | 64(1.0) imip=54/74 pass=10101 acc=-1 ipm=118.4,-31.6 inv=87.6,11.7
frame=277 line=1 track=1 cross=0 circle=1(CIRCLE_LEFT_BEGIN) round=0 yroad=0 ramp=0 road=7 speed=0 near=2/124 raw=170/105 sel=124/125 far=0/0 far_raw=0/0 l=0@-1/0@-1 far_l=0@-1/0@-1 straight=0/1 far_straight=0/0 circle_cnt=61/0/0/0 lost=0/0 conf=0.0/2.9/0.0/0.0 dist=1628 m0=(84,119) ml=(84,87) md=32/1/129 cxcy=84.0,119.6 guide=-0.31 atg=0.0/0.0/0.0 pure=-0.29/-0.32 yaw=19 cmd=105 actual=-68 signed=1 rps=3656/3944:3700/4088 duty=8/11
ATGCorner: L=0@-1/0@-1 Y=0@-1/0@-1 farL=0@-1/0@-1 Lxy=-1.0,-1.0:-1.0,-1.0/-1.0,-1.0:-1.0,-1.0 Yxy=-1.0,-1.0:-1.0,-1.0/-1.0,-1.0:-1.0,-1.0 farLxy=-1.0,-1.0:-1.0,-1.0/-1.0,-1.0:-1.0,-1.0 best=-1:-1.0,-1.0:-1.0,-1.0:-57295.8:00000/1:109.5,114.2:135.0,97.9:2.9:10111 seed_src=none/none seed=0.0,0.0/0.0,0.0 far_start=70,0 far_raw=0/0 far_num=0/0 straight=0/1 far_straight=0/0 conf_deg=0.0/2.9/0.0/0.0
CrossDiag: type=CROSS_NONE track=1 half_lr=0/0 nearL=0@-1/0@-1 nearNum=2/124 centerNum=2/124 farL=0@-1/0@-1 farNum=0/0 farRaw=0/0 lost=0/0 not_have=0 final=124/125 flags=0/0
LineErr: aim=33 cxcy=84.0,119.6 left=1:4.85@81,103 dx=-3.3 idx=0/1 dist=2/2 right=1:-0.50@85,83 dx=0.5 idx=0/14 dist=32/250 sel=1:-0.50@85,82 dx=0.5 idx=0/16 dist=32/248 edge=1:0.03@84.0,96.5 dx=-0.0 width=64.4 l=57,114 r=111,79
CxScan: raw_ref=80.0 edge=84.0,96.5 best_raw_x=80 best_err=0.03 best_cxcy=84.0,119.6 scan=0:-33.7,10:-30.3,20:-26.5,30:-22.6,40:-18.4,50:-14.0,60:-9.4,70:-4.7,80:0.0,90:4.8,100:9.4,110:14.0,120:18.3,130:22.4,140:26.3
ATGSeedDiag: seed=1@17,108/1@141,108 begin=7,108 block=5 clip=8
ATGLptDiag: best=-1(-57295.8) imip=-1/-1 pass=00000 acc=-1 ipm=-1.0,-1.0 inv=-1.0,-1.0 | 1(2.9) imip=0/11 pass=10111 acc=-1 ipm=109.5,114.2 inv=135.0,97.9
frame=278 line=1 track=1 cross=0 circle=1(CIRCLE_LEFT_BEGIN) round=0 yroad=0 ramp=0 road=7 speed=0 near=12/124 raw=46/105 sel=124/125 far=0/0 far_raw=0/0 l=0@-1/0@-1 far_l=0@-1/0@-1 straight=0/1 far_straight=0/0 circle_cnt=61/0/0/0 lost=0/0 conf=24.8/2.9/0.0/0.0 dist=1639 m0=(84,119) ml=(84,87) md=32/1/129 cxcy=84.0,119.6 guide=-0.31 atg=1.0/0.0/0.0 pure=-0.35/-0.32 yaw=19 cmd=94 actual=-57 signed=1 rps=3671/3929:3833/4180 duty=8/10
ATGCorner: L=0@-1/0@-1 Y=0@-1/0@-1 farL=0@-1/0@-1 Lxy=-1.0,-1.0:-1.0,-1.0/-1.0,-1.0:-1.0,-1.0 Yxy=-1.0,-1.0:-1.0,-1.0/-1.0,-1.0:-1.0,-1.0 farLxy=-1.0,-1.0:-1.0,-1.0/-1.0,-1.0:-1.0,-1.0 best=1:56.5,114.1:17.7,98.8:24.8:10111/1:109.5,114.2:135.0,97.9:2.9:10111 seed_src=none/none seed=0.0,0.0/0.0,0.0 far_start=70,0 far_raw=0/0 far_num=0/0 straight=0/1 far_straight=0/0 conf_deg=24.8/2.9/0.0/0.0
CrossDiag: type=CROSS_NONE track=1 half_lr=0/0 nearL=0@-1/0@-1 nearNum=12/124 centerNum=12/124 farL=0@-1/0@-1 farNum=0/0 farRaw=0/0 lost=0/0 not_have=0 final=124/125 flags=0/0
LineErr: aim=33 cxcy=84.0,119.6 left=1:25.50@54,79 dx=-30.2 idx=0/11 dist=24/24 right=1:-0.56@85,83 dx=0.6 idx=0/14 dist=32/250 sel=1:-0.58@85,82 dx=0.6 idx=0/16 dist=32/248 edge=1:10.14@74.5,89.5 dx=-9.5 width=76.0 l=38,100 r=111,79
CxScan: raw_ref=80.0 edge=74.5,89.5 best_raw_x=55 best_err=-0.07 best_cxcy=74.4,119.5 scan=0:-21.8,10:-18.1,20:-14.3,30:-10.3,40:-6.3,50:-2.1,60:2.0,70:6.1,80:10.1,90:14.1,100:17.9,110:21.5,120:25.0,130:28.2,140:31.3
ATGSeedDiag: seed=1@17,108/1@141,108 begin=7,108 block=5 clip=8
ATGLptDiag: best=1(24.8) imip=0/11 pass=10111 acc=-1 ipm=56.5,114.1 inv=17.7,98.8 | 1(2.9) imip=0/11 pass=10111 acc=-1 ipm=109.5,114.2 inv=135.0,97.9
frame=279 line=1 track=1 cross=0 circle=1(CIRCLE_LEFT_BEGIN) round=0 yroad=0 ramp=0 road=7 speed=0 near=11/124 raw=47/105 sel=124/125 far=0/0 far_raw=0/0 l=0@-1/0@-1 far_l=0@-1/0@-1 straight=0/1 far_straight=0/0 circle_cnt=61/0/0/0 lost=0/0 conf=26.5/2.3/0.0/0.0 dist=1650 m0=(84,119) ml=(84,87) md=32/1/129 cxcy=84.0,119.6 guide=-0.31 atg=1.0/0.0/0.0 pure=-0.35/-0.32 yaw=19 cmd=83 actual=-46 signed=1 rps=3686/3914:3775/4003 duty=8/11
ATGCorner: L=0@-1/0@-1 Y=0@-1/0@-1 farL=0@-1/0@-1 Lxy=-1.0,-1.0:-1.0,-1.0/-1.0,-1.0:-1.0,-1.0 Yxy=-1.0,-1.0:-1.0,-1.0/-1.0,-1.0:-1.0,-1.0 farLxy=-1.0,-1.0:-1.0,-1.0/-1.0,-1.0:-1.0,-1.0 best=1:56.2,114.0:17.0,98.7:26.5:10111/1:109.5,114.2:134.9,97.9:2.3:10111 seed_src=none/none seed=0.0,0.0/0.0,0.0 far_start=70,0 far_raw=0/0 far_num=0/0 straight=0/1 far_straight=0/0 conf_deg=26.5/2.3/0.0/0.0
CrossDiag: type=CROSS_NONE track=1 half_lr=0/0 nearL=0@-1/0@-1 nearNum=11/124 centerNum=11/124 farL=0@-1/0@-1 farNum=0/0 farRaw=0/0 lost=0/0 not_have=0 final=124/125 flags=0/0
LineErr: aim=33 cxcy=84.0,119.6 left=1:24.12@57,81 dx=-27.5 idx=0/10 dist=20/20 right=1:-0.56@85,83 dx=0.6 idx=0/14 dist=32/250 sel=1:-0.58@85,82 dx=0.6 idx=0/16 dist=32/248 edge=1:9.18@75.5,90.0 dx=-8.5 width=74.3 l=40,101 r=111,79
CxScan: raw_ref=80.0 edge=75.5,90.0 best_raw_x=60 best_err=0.93 best_cxcy=76.4,119.5 scan=0:-22.9,10:-19.3,20:-15.4,30:-11.5,40:-7.4,50:-3.2,60:0.9,70:5.1,80:9.2,90:13.2,100:17.0,110:20.7,120:24.3,130:27.6,140:30.8
ATGSeedDiag: seed=1@16,108/1@141,108 begin=7,108 block=5 clip=8
ATGLptDiag: best=1(26.5) imip=0/10 pass=10111 acc=-1 ipm=56.2,114.0 inv=17.0,98.7 | 1(2.3) imip=0/11 pass=10111 acc=-1 ipm=109.5,114.2 inv=134.9,97.9
frame=280 line=1 track=1 cross=0 circle=1(CIRCLE_LEFT_BEGIN) round=0 yroad=0 ramp=0 road=7 speed=0 near=11/124 raw=37/105 sel=124/125 far=0/0 far_raw=0/0 l=0@-1/0@-1 far_l=0@-1/0@-1 straight=0/1 far_straight=0/0 circle_cnt=61/0/0/0 lost=0/0 conf=12.7/5.0/0.0/0.0 dist=1661 m0=(84,119) ml=(85,87) md=32/1/128 cxcy=84.0,119.6 guide=-0.65 atg=1.0/0.0/0.0 pure=-0.35/-0.37 yaw=39 cmd=118 actual=-41 signed=1 rps=3638/3962:4054/4122 duty=7/11
ATGCorner: L=0@-1/0@-1 Y=0@-1/0@-1 farL=0@-1/0@-1 Lxy=-1.0,-1.0:-1.0,-1.0/-1.0,-1.0:-1.0,-1.0 Yxy=-1.0,-1.0:-1.0,-1.0/-1.0,-1.0:-1.0,-1.0 farLxy=-1.0,-1.0:-1.0,-1.0/-1.0,-1.0:-1.0,-1.0 best=6:47.0,106.3:9.9,79.5:12.7:10111/1:109.4,114.2:134.8,97.9:5.0:10111 seed_src=none/none seed=0.0,0.0/0.0,0.0 far_start=70,0 far_raw=0/0 far_num=0/0 straight=0/1 far_straight=0/0 conf_deg=12.7/5.0/0.0/0.0
CrossDiag: type=CROSS_NONE track=1 half_lr=0/0 nearL=0@-1/0@-1 nearNum=11/124 centerNum=11/124 farL=0@-1/0@-1 farNum=0/0 farRaw=0/0 lost=0/0 not_have=0 final=124/125 flags=0/0
LineErr: aim=33 cxcy=84.0,119.6 left=1:25.01@55,81 dx=-28.8 idx=0/10 dist=20/20 right=1:-0.56@85,83 dx=0.6 idx=0/14 dist=32/250 sel=1:-0.58@85,82 dx=0.6 idx=0/16 dist=32/248 edge=1:9.80@75.0,90.5 dx=-9.0 width=75.6 l=39,102 r=111,79
CxScan: raw_ref=80.0 edge=75.0,90.5 best_raw_x=55 best_err=-0.62 best_cxcy=74.4,119.5 scan=0:-22.6,10:-18.9,20:-15.1,30:-11.0,40:-6.9,50:-2.7,60:1.5,70:5.7,80:9.8,90:13.8,100:17.7,110:21.4,120:24.9,130:28.3,140:31.4
ATGSeedDiag: seed=1@16,107/1@141,108 begin=7,108 block=5 clip=8
ATGLptDiag: best=6(12.7) imip=0/10 pass=10111 acc=-1 ipm=47.0,106.3 inv=9.9,79.5 | 1(5.0) imip=0/11 pass=10111 acc=-1 ipm=109.4,114.2 inv=134.8,97.9
frame=281 line=1 track=1 cross=0 circle=1(CIRCLE_LEFT_BEGIN) round=0 yroad=0 ramp=0 road=7 speed=0 near=10/124 raw=43/106 sel=124/126 far=0/0 far_raw=0/0 l=0@-1/0@-1 far_l=0@-1/0@-1 straight=0/1 far_straight=0/0 circle_cnt=61/0/0/0 lost=0/0 conf=17.4/1.2/0.0/0.0 dist=1672 m0=(84,119) ml=(85,87) md=32/1/131 cxcy=84.0,119.6 guide=-0.65 atg=1.0/0.0/1.0 pure=-0.35/-0.37 yaw=39 cmd=119 actual=-41 signed=1 rps=3638/3962:4007/3879 duty=8/11
ATGCorner: L=0@-1/0@-1 Y=0@-1/0@-1 farL=0@-1/0@-1 Lxy=-1.0,-1.0:-1.0,-1.0/-1.0,-1.0:-1.0,-1.0 Yxy=-1.0,-1.0:-1.0,-1.0/-1.0,-1.0:-1.0,-1.0 farLxy=-1.0,-1.0:-1.0,-1.0/-1.0,-1.0:-1.0,-1.0 best=1:55.4,114.2:15.1,99.3:17.4:10111/60:118.8,-22.0:88.7,12.9:1.2:10101 seed_src=none/none seed=0.0,0.0/0.0,0.0 far_start=70,0 far_raw=0/0 far_num=0/0 straight=0/1 far_straight=0/0 conf_deg=17.4/1.2/0.0/0.0
CrossDiag: type=CROSS_NONE track=1 half_lr=0/0 nearL=0@-1/0@-1 nearNum=10/124 centerNum=10/124 farL=0@-1/0@-1 farNum=0/0 farRaw=0/0 lost=0/0 not_have=0 final=124/126 flags=0/0
LineErr: aim=33 cxcy=84.0,119.6 left=1:24.09@57,83 dx=-26.8 idx=0/9 dist=18/18 right=1:-0.55@85,83 dx=0.6 idx=0/14 dist=32/250 sel=1:-0.59@85,83 dx=0.6 idx=0/16 dist=32/250 edge=1:8.90@76.0,91.5 dx=-8.0 width=73.7 l=41,103 r=111,80
CxScan: raw_ref=80.0 edge=76.0,91.5 best_raw_x=60 best_err=0.40 best_cxcy=76.4,119.5 scan=0:-24.0,10:-20.3,20:-16.4,30:-12.3,40:-8.2,50:-3.9,60:0.4,70:4.7,80:8.9,90:13.0,100:17.0,110:20.8,120:24.4,130:27.9,140:31.1
ATGSeedDiag: seed=1@15,108/1@141,108 begin=7,108 block=5 clip=8
ATGLptDiag: best=1(17.4) imip=0/9 pass=10111 acc=-1 ipm=55.4,114.2 inv=15.1,99.3 | 60(1.2) imip=50/70 pass=10101 acc=-1 ipm=118.8,-22.0 inv=88.7,12.9
frame=282 line=1 track=1 cross=0 circle=1(CIRCLE_LEFT_BEGIN) round=0 yroad=0 ramp=0 road=7 speed=0 near=10/124 raw=40/105 sel=124/126 far=0/0 far_raw=0/0 l=0@-1/0@-1 far_l=0@-1/0@-1 straight=0/1 far_straight=0/0 circle_cnt=61/0/0/0 lost=0/0 conf=11.7/2.2/0.0/0.0 dist=1683 m0=(84,119) ml=(85,87) md=32/1/131 cxcy=84.0,119.6 guide=-0.65 atg=1.0/0.0/1.0 pure=-0.35/-0.37 yaw=39 cmd=125 actual=-47 signed=1 rps=3629/3971:4262/3923 duty=7/11
ATGCorner: L=0@-1/0@-1 Y=0@-1/0@-1 farL=0@-1/0@-1 Lxy=-1.0,-1.0:-1.0,-1.0/-1.0,-1.0:-1.0,-1.0 Yxy=-1.0,-1.0:-1.0,-1.0/-1.0,-1.0:-1.0,-1.0 farLxy=-1.0,-1.0:-1.0,-1.0/-1.0,-1.0:-1.0,-1.0 best=5:48.2,108.1:9.4,83.4:11.7:10111/2:109.7,111.9:131.4,91.4:2.2:10111 seed_src=none/none seed=0.0,0.0/0.0,0.0 far_start=70,0 far_raw=0/0 far_num=0/0 straight=0/1 far_straight=0/0 conf_deg=11.7/2.2/0.0/0.0
CrossDiag: type=CROSS_NONE track=1 half_lr=0/0 nearL=0@-1/0@-1 nearNum=10/124 centerNum=10/124 farL=0@-1/0@-1 farNum=0/0 farRaw=0/0 lost=0/0 not_have=0 final=124/126 flags=0/0
LineErr: aim=33 cxcy=84.0,119.6 left=1:24.54@57,83 dx=-27.4 idx=0/9 dist=18/18 right=1:-0.95@85,83 dx=1.0 idx=0/14 dist=33/251 sel=1:-0.96@85,83 dx=1.0 idx=0/16 dist=32/250 edge=1:9.35@75.5,91.0 dx=-8.5 width=74.9 l=40,103 r=111,79
CxScan: raw_ref=80.0 edge=75.5,91.0 best_raw_x=60 best_err=0.95 best_cxcy=76.4,119.5 scan=0:-23.3,10:-19.6,20:-15.7,30:-11.7,40:-7.5,50:-3.3,60:0.9,70:5.2,80:9.4,90:13.4,100:17.4,110:21.1,120:24.7,130:28.1,140:31.2
ATGSeedDiag: seed=1@14,108/1@140,108 begin=7,108 block=5 clip=8
ATGLptDiag: best=5(11.7) imip=0/9 pass=10111 acc=-1 ipm=48.2,108.1 inv=9.4,83.4 | 2(2.2) imip=0/12 pass=10111 acc=-1 ipm=109.7,111.9 inv=131.4,91.4
frame=283 line=1 track=1 cross=0 circle=1(CIRCLE_LEFT_BEGIN) round=0 yroad=0 ramp=0 road=7 speed=0 near=1/124 raw=170/105 sel=124/125 far=0/0 far_raw=0/0 l=0@-1/0@-1 far_l=0@-1/0@-1 straight=0/1 far_straight=0/0 circle_cnt=62/0/0/0 lost=0/0 conf=0.0/1.4/0.0/0.0 dist=1694 m0=(84,119) ml=(85,87) md=32/1/128 cxcy=84.0,119.6 guide=-0.65 atg=1.0/0.0/0.0 pure=-0.35/-0.37 yaw=39 cmd=136 actual=-58 signed=1 rps=3613/3987:4125/3630 duty=7/11
ATGCorner: L=0@-1/0@-1 Y=0@-1/0@-1 farL=0@-1/0@-1 Lxy=-1.0,-1.0:-1.0,-1.0/-1.0,-1.0:-1.0,-1.0 Yxy=-1.0,-1.0:-1.0,-1.0/-1.0,-1.0:-1.0,-1.0 farLxy=-1.0,-1.0:-1.0,-1.0/-1.0,-1.0:-1.0,-1.0 best=-1:-1.0,-1.0:-1.0,-1.0:-57295.8:00000/22:111.8,65.6:100.3,36.0:1.4:10111 seed_src=lost/none seed=0.0,0.0/0.0,0.0 far_start=70,0 far_raw=0/0 far_num=0/0 straight=0/1 far_straight=0/0 conf_deg=0.0/1.4/0.0/0.0
CrossDiag: type=CROSS_NONE track=1 half_lr=0/0 nearL=0@-1/0@-1 nearNum=1/124 centerNum=1/124 farL=0@-1/0@-1 farNum=0/0 farRaw=0/0 lost=0/0 not_have=0 final=124/125 flags=0/0
LineErr: aim=33 cxcy=84.0,119.6 left=0:0.00@-1,-1 dx=0.0 idx=-1/-1 dist=-1/-1 right=1:-0.56@85,83 dx=0.6 idx=0/14 dist=33/251 sel=1:-0.58@85,83 dx=0.6 idx=0/16 dist=32/248 edge=0:0.00@-1.0,-1.0 dx=0.0 width=0.0 l=-1,-1 r=111,79
ATGSeedDiag: seed=1@14,108/1@140,108 begin=7,108 block=5 clip=8
ATGLptDiag: best=-1(-57295.8) imip=-1/-1 pass=00000 acc=-1 ipm=-1.0,-1.0 inv=-1.0,-1.0 | 22(1.4) imip=12/32 pass=10111 acc=-1 ipm=111.8,65.6 inv=100.3,36.0
frame=284 line=1 track=1 cross=0 circle=1(CIRCLE_LEFT_BEGIN) round=0 yroad=0 ramp=0 road=7 speed=0 near=9/124 raw=37/105 sel=124/125 far=0/0 far_raw=0/0 l=0@-1/0@-1 far_l=0@-1/0@-1 straight=0/1 far_straight=0/0 circle_cnt=62/0/0/0 lost=0/0 conf=7.7/3.2/0.0/0.0 dist=1705 m0=(84,119) ml=(85,87) md=32/1/129 cxcy=84.0,119.6 guide=-0.65 atg=1.0/0.0/0.0 pure=-0.35/-0.35 yaw=39 cmd=145 actual=-67 signed=1 rps=3602/3998:4275/3722 duty=7/11
ATGCorner: L=0@-1/0@-1 Y=0@-1/0@-1 farL=0@-1/0@-1 Lxy=-1.0,-1.0:-1.0,-1.0/-1.0,-1.0:-1.0,-1.0 Yxy=-1.0,-1.0:-1.0,-1.0/-1.0,-1.0:-1.0,-1.0 farLxy=-1.0,-1.0:-1.0,-1.0/-1.0,-1.0:-1.0,-1.0 best=6:45.6,107.3:5.9,81.6:7.7:10111/1:109.4,114.2:134.7,98.0:3.2:10111 seed_src=none/none seed=0.0,0.0/0.0,0.0 far_start=70,0 far_raw=0/0 far_num=0/0 straight=0/1 far_straight=0/0 conf_deg=7.7/3.2/0.0/0.0
CrossDiag: type=CROSS_NONE track=1 half_lr=0/0 nearL=0@-1/0@-1 nearNum=9/124 centerNum=9/124 farL=0@-1/0@-1 farNum=0/0 farRaw=0/0 lost=0/0 not_have=0 final=124/125 flags=0/0
LineErr: aim=33 cxcy=84.0,119.6 left=1:24.19@58,84 dx=-26.3 idx=0/8 dist=16/16 right=1:-0.56@85,83 dx=0.6 idx=0/14 dist=33/251 sel=1:-0.58@85,83 dx=0.6 idx=0/16 dist=32/248 edge=1:8.43@76.5,92.0 dx=-7.5 width=73.7 l=42,105 r=111,79
CxScan: raw_ref=80.0 edge=76.5,92.0 best_raw_x=60 best_err=-0.17 best_cxcy=76.4,119.5 scan=0:-24.7,10:-21.0,20:-17.0,30:-13.0,40:-8.8,50:-4.5,60:-0.2,70:4.2,80:8.4,90:12.6,100:16.6,110:20.5,120:24.2,130:27.7,140:30.9
ATGSeedDiag: seed=1@14,108/1@140,108 begin=7,108 block=5 clip=8
ATGLptDiag: best=6(7.7) imip=0/8 pass=10111 acc=-1 ipm=45.6,107.3 inv=5.9,81.6 | 1(3.2) imip=0/11 pass=10111 acc=-1 ipm=109.4,114.2 inv=134.7,98.0
frame=285 line=1 track=1 cross=0 circle=1(CIRCLE_LEFT_BEGIN) round=0 yroad=0 ramp=0 road=7 speed=0 near=7/124 raw=28/105 sel=124/125 far=0/0 far_raw=0/0 l=0@-1/0@-1 far_l=0@-1/0@-1 straight=0/1 far_straight=0/0 circle_cnt=62/0/0/0 lost=0/0 conf=12.2/3.2/0.0/0.0 dist=1716 m0=(84,119) ml=(84,87) md=32/1/129 cxcy=84.0,119.6 guide=-0.31 atg=1.0/0.0/0.0 pure=-0.35/-0.33 yaw=19 cmd=102 actual=-64 signed=1 rps=3661/3939:4350/3799 duty=7/11
ATGCorner: L=0@-1/0@-1 Y=0@-1/0@-1 farL=0@-1/0@-1 Lxy=-1.0,-1.0:-1.0,-1.0/-1.0,-1.0:-1.0,-1.0 Yxy=-1.0,-1.0:-1.0,-1.0/-1.0,-1.0:-1.0,-1.0 farLxy=-1.0,-1.0:-1.0,-1.0/-1.0,-1.0:-1.0,-1.0 best=1:53.4,114.0:10.8,98.7:12.2:10111/1:109.4,114.2:134.7,98.0:3.2:10111 seed_src=none/none seed=0.0,0.0/0.0,0.0 far_start=70,0 far_raw=0/0 far_num=0/0 straight=0/1 far_straight=0/0 conf_deg=12.2/3.2/0.0/0.0
CrossDiag: type=CROSS_NONE track=1 half_lr=0/0 nearL=0@-1/0@-1 nearNum=7/124 centerNum=7/124 farL=0@-1/0@-1 farNum=0/0 farRaw=0/0 lost=0/0 not_have=0 final=124/125 flags=0/0
LineErr: aim=33 cxcy=84.0,119.6 left=1:22.22@61,87 dx=-22.8 idx=0/6 dist=12/12 right=1:-0.56@85,83 dx=0.6 idx=0/14 dist=33/251 sel=1:-0.58@85,83 dx=0.6 idx=0/16 dist=32/248 edge=1:7.47@77.5,93.0 dx=-6.5 width=72.6 l=44,107 r=111,79
CxScan: raw_ref=80.0 edge=77.5,93.0 best_raw_x=65 best_err=0.89 best_cxcy=78.3,119.5 scan=0:-26.0,10:-22.3,20:-18.4,30:-14.3,40:-10.1,50:-5.7,60:-1.3,70:3.1,80:7.5,90:11.8,100:15.9,110:19.9,120:23.7,130:27.2,140:30.6
ATGSeedDiag: seed=1@11,107/1@140,108 begin=7,108 block=5 clip=8
ATGLptDiag: best=1(12.2) imip=0/6 pass=10111 acc=-1 ipm=53.4,114.0 inv=10.8,98.7 | 1(3.2) imip=0/11 pass=10111 acc=-1 ipm=109.4,114.2 inv=134.7,98.0
frame=286 line=1 track=1 cross=0 circle=1(CIRCLE_LEFT_BEGIN) round=0 yroad=0 ramp=0 road=7 speed=0 near=7/124 raw=27/105 sel=124/125 far=0/0 far_raw=0/0 l=0@-1/0@-1 far_l=0@-1/0@-1 straight=0/1 far_straight=0/0 circle_cnt=62/0/0/0 lost=0/0 conf=14.1/3.2/0.0/0.0 dist=1727 m0=(84,119) ml=(85,87) md=32/1/128 cxcy=84.0,119.6 guide=-0.65 atg=1.0/0.0/0.0 pure=-0.35/-0.36 yaw=39 cmd=137 actual=-59 signed=1 rps=3612/3988:4047/3622 duty=7/11
ATGCorner: L=0@-1/0@-1 Y=0@-1/0@-1 farL=0@-1/0@-1 Lxy=-1.0,-1.0:-1.0,-1.0/-1.0,-1.0:-1.0,-1.0 Yxy=-1.0,-1.0:-1.0,-1.0/-1.0,-1.0:-1.0,-1.0 farLxy=-1.0,-1.0:-1.0,-1.0/-1.0,-1.0:-1.0,-1.0 best=1:53.2,114.3:10.0,99.5:14.1:10111/1:109.4,114.2:134.7,98.0:3.2:10111 seed_src=none/none seed=0.0,0.0/0.0,0.0 far_start=70,0 far_raw=0/0 far_num=0/0 straight=0/1 far_straight=0/0 conf_deg=14.1/3.2/0.0/0.0
CrossDiag: type=CROSS_NONE track=1 half_lr=0/0 nearL=0@-1/0@-1 nearNum=7/124 centerNum=7/124 farL=0@-1/0@-1 farNum=0/0 farRaw=0/0 lost=0/0 not_have=0 final=124/125 flags=0/0
LineErr: aim=33 cxcy=84.0,119.6 left=1:22.57@61,87 dx=-23.1 idx=0/6 dist=12/12 right=1:-0.65@85,83 dx=0.7 idx=0/14 dist=33/251 sel=1:-0.66@85,83 dx=0.7 idx=0/16 dist=32/248 edge=1:7.47@77.5,93.0 dx=-6.5 width=72.6 l=44,107 r=111,79
CxScan: raw_ref=80.0 edge=77.5,93.0 best_raw_x=65 best_err=0.89 best_cxcy=78.3,119.5 scan=0:-26.0,10:-22.3,20:-18.4,30:-14.3,40:-10.1,50:-5.7,60:-1.3,70:3.1,80:7.5,90:11.8,100:15.9,110:19.9,120:23.7,130:27.2,140:30.6
ATGSeedDiag: seed=1@10,108/1@140,108 begin=7,108 block=5 clip=8
ATGLptDiag: best=1(14.1) imip=0/6 pass=10111 acc=-1 ipm=53.2,114.3 inv=10.0,99.5 | 1(3.2) imip=0/11 pass=10111 acc=-1 ipm=109.4,114.2 inv=134.7,98.0
frame=287 line=1 track=1 cross=0 circle=1(CIRCLE_LEFT_BEGIN) round=0 yroad=0 ramp=0 road=7 speed=0 near=6/124 raw=25/105 sel=124/125 far=0/0 far_raw=0/0 l=0@-1/0@-1 far_l=0@-1/0@-1 straight=0/1 far_straight=0/0 circle_cnt=62/0/0/0 lost=0/0 conf=7.7/2.5/0.0/0.0 dist=1738 m0=(84,119) ml=(85,87) md=32/1/128 cxcy=84.0,119.6 guide=-0.65 atg=1.0/0.0/1.0 pure=-0.35/-0.37 yaw=39 cmd=130 actual=-52 signed=1 rps=3621/3979:4175/3963 duty=7/11
ATGCorner: L=0@-1/0@-1 Y=0@-1/0@-1 farL=0@-1/0@-1 Lxy=-1.0,-1.0:-1.0,-1.0/-1.0,-1.0:-1.0,-1.0 Yxy=-1.0,-1.0:-1.0,-1.0/-1.0,-1.0:-1.0,-1.0 farLxy=-1.0,-1.0:-1.0,-1.0/-1.0,-1.0:-1.0,-1.0 best=3:49.5,111.3:7.1,91.2:7.7:10111/2:109.7,111.9:131.5,91.4:2.5:10111 seed_src=none/none seed=0.0,0.0/0.0,0.0 far_start=70,0 far_raw=0/0 far_num=0/0 straight=0/1 far_straight=0/0 conf_deg=7.7/2.5/0.0/0.0
CrossDiag: type=CROSS_NONE track=1 half_lr=0/0 nearL=0@-1/0@-1 nearNum=6/124 centerNum=6/124 farL=0@-1/0@-1 farNum=0/0 farRaw=0/0 lost=0/0 not_have=0 final=124/125 flags=0/0
LineErr: aim=33 cxcy=84.0,119.6 left=1:21.62@63,89 dx=-21.4 idx=0/5 dist=10/10 right=1:-0.84@85,83 dx=0.9 idx=0/14 dist=33/251 sel=1:-0.84@85,83 dx=0.9 idx=0/16 dist=32/248 edge=1:6.47@78.5,94.0 dx=-5.5 width=71.6 l=46,109 r=111,79
CxScan: raw_ref=80.0 edge=78.5,94.0 best_raw_x=65 best_err=-0.27 best_cxcy=78.3,119.5 scan=0:-27.4,10:-23.7,20:-19.8,30:-15.7,40:-11.4,50:-7.0,60:-2.5,70:2.0,80:6.5,90:10.9,100:15.1,110:19.2,120:23.1,130:26.8,140:30.2
ATGSeedDiag: seed=1@10,108/1@140,108 begin=7,108 block=5 clip=8
ATGLptDiag: best=3(7.7) imip=0/5 pass=10111 acc=-1 ipm=49.5,111.3 inv=7.1,91.2 | 2(2.5) imip=0/12 pass=10111 acc=-1 ipm=109.7,111.9 inv=131.5,91.4
frame=288 line=1 track=1 cross=0 circle=1(CIRCLE_LEFT_BEGIN) round=0 yroad=0 ramp=0 road=7 speed=0 near=6/124 raw=23/105 sel=124/126 far=0/0 far_raw=0/0 l=0@-1/0@-1 far_l=0@-1/0@-1 straight=0/1 far_straight=0/0 circle_cnt=62/0/0/0 lost=0/0 conf=8.4/5.0/0.0/0.0 dist=1749 m0=(84,119) ml=(85,87) md=32/1/131 cxcy=84.0,119.6 guide=-0.98 atg=1.0/0.0/1.0 pure=-0.43/-0.37 yaw=59 cmd=164 actual=-46 signed=1 rps=3575/4025:3864/3894 duty=8/11
ATGCorner: L=0@-1/0@-1 Y=0@-1/0@-1 farL=0@-1/0@-1 Lxy=-1.0,-1.0:-1.0,-1.0/-1.0,-1.0:-1.0,-1.0 Yxy=-1.0,-1.0:-1.0,-1.0/-1.0,-1.0:-1.0,-1.0 farLxy=-1.0,-1.0:-1.0,-1.0/-1.0,-1.0:-1.0,-1.0 best=4:47.2,110.0:4.6,87.9:8.4:10111/1:109.6,114.2:135.2,98.0:5.0:10111 seed_src=none/none seed=0.0,0.0/0.0,0.0 far_start=70,0 far_raw=0/0 far_num=0/0 straight=0/1 far_straight=0/0 conf_deg=8.4/5.0/0.0/0.0
CrossDiag: type=CROSS_NONE track=1 half_lr=0/0 nearL=0@-1/0@-1 nearNum=6/124 centerNum=6/124 farL=0@-1/0@-1 farNum=0/0 farRaw=0/0 lost=0/0 not_have=0 final=124/126 flags=0/0
LineErr: aim=33 cxcy=84.0,119.6 left=1:22.28@62,89 dx=-22.2 idx=0/5 dist=10/10 right=1:-0.96@85,83 dx=1.0 idx=0/14 dist=33/251 sel=1:-0.96@85,82 dx=1.0 idx=0/16 dist=32/250 edge=1:7.04@78.0,94.0 dx=-6.0 width=72.5 l=45,109 r=111,79
CxScan: raw_ref=80.0 edge=78.0,94.0 best_raw_x=65 best_err=0.32 best_cxcy=78.3,119.5 scan=0:-27.0,10:-23.2,20:-19.3,30:-15.2,40:-10.9,50:-6.4,60:-1.9,70:2.6,80:7.0,90:11.4,100:15.7,110:19.7,120:23.6,130:27.2,140:30.6
ATGSeedDiag: seed=1@9,108/1@140,108 begin=7,108 block=5 clip=8
ATGLptDiag: best=4(8.4) imip=0/5 pass=10111 acc=-1 ipm=47.2,110.0 inv=4.6,87.9 | 1(5.0) imip=0/11 pass=10111 acc=-1 ipm=109.6,114.2 inv=135.2,98.0
frame=289 line=1 track=1 cross=0 circle=1(CIRCLE_LEFT_BEGIN) round=0 yroad=0 ramp=0 road=7 speed=0 near=5/124 raw=21/105 sel=124/126 far=0/0 far_raw=0/0 l=0@-1/0@-1 far_l=0@-1/0@-1 straight=0/1 far_straight=0/0 circle_cnt=62/0/0/0 lost=0/0 conf=6.2/5.7/0.0/0.0 dist=1760 m0=(84,119) ml=(85,87) md=32/1/131 cxcy=84.0,119.6 guide=-0.99 atg=1.0/1.0/1.0 pure=-0.43/-0.43 yaw=59 cmd=152 actual=-34 signed=1 rps=3592/4008:3870/4175 duty=8/11
ATGCorner: L=0@-1/0@-1 Y=0@-1/0@-1 farL=0@-1/0@-1 Lxy=-1.0,-1.0:-1.0,-1.0/-1.0,-1.0:-1.0,-1.0 Yxy=-1.0,-1.0:-1.0,-1.0/-1.0,-1.0:-1.0,-1.0 farLxy=-1.0,-1.0:-1.0,-1.0/-1.0,-1.0:-1.0,-1.0 best=2:50.4,112.9:6.2,95.5:6.2:10111/1:109.6,114.2:135.2,98.0:5.7:10111 seed_src=none/none seed=0.0,0.0/0.0,0.0 far_start=70,0 far_raw=0/0 far_num=0/0 straight=0/1 far_straight=0/0 conf_deg=6.2/5.7/0.0/0.0
CrossDiag: type=CROSS_NONE track=1 half_lr=0/0 nearL=0@-1/0@-1 nearNum=5/124 centerNum=5/124 farL=0@-1/0@-1 farNum=0/0 farRaw=0/0 lost=0/0 not_have=0 final=124/126 flags=0/0
LineErr: aim=33 cxcy=84.0,119.6 left=1:21.31@64,90 dx=-20.5 idx=0/4 dist=8/8 right=1:-1.15@85,83 dx=1.2 idx=0/14 dist=33/251 sel=1:-1.15@85,83 dx=1.2 idx=0/16 dist=32/250 edge=1:5.41@79.5,95.0 dx=-4.5 width=71.6 l=47,110 r=112,80
CxScan: raw_ref=80.0 edge=79.5,95.0 best_raw_x=70 best_err=0.83 best_cxcy=80.2,119.5 scan=0:-28.9,10:-25.2,20:-21.3,30:-17.1,40:-12.8,50:-8.3,60:-3.8,70:0.8,80:5.4,90:9.9,100:14.3,110:18.5,120:22.5,130:26.3,140:29.8
ATGSeedDiag: seed=1@8,108/1@140,108 begin=7,108 block=5 clip=8
ATGLptDiag: best=2(6.2) imip=0/4 pass=10111 acc=-1 ipm=50.4,112.9 inv=6.2,95.5 | 1(5.7) imip=0/11 pass=10111 acc=-1 ipm=109.6,114.2 inv=135.2,98.0
frame=290 line=1 track=1 cross=0 circle=1(CIRCLE_LEFT_BEGIN) round=0 yroad=0 ramp=0 road=7 speed=0 near=4/124 raw=19/105 sel=124/126 far=0/0 far_raw=0/0 l=0@-1/0@-1 far_l=0@-1/0@-1 straight=0/1 far_straight=0/0 circle_cnt=62/0/0/0 lost=0/0 conf=4.5/5.0/0.0/0.0 dist=1771 m0=(84,119) ml=(85,87) md=32/1/131 cxcy=84.0,119.6 guide=-0.98 atg=1.0/1.0/1.0 pure=-0.43/-0.43 yaw=59 cmd=135 actual=-18 signed=1 rps=3614/3986:3858/4300 duty=8/10
ATGCorner: L=0@-1/0@-1 Y=0@-1/0@-1 farL=0@-1/0@-1 Lxy=-1.0,-1.0:-1.0,-1.0/-1.0,-1.0:-1.0,-1.0 Yxy=-1.0,-1.0:-1.0,-1.0/-1.0,-1.0:-1.0,-1.0 farLxy=-1.0,-1.0:-1.0,-1.0/-1.0,-1.0:-1.0,-1.0 best=1:51.7,114.5:6.2,100.2:4.5:10111/1:109.6,114.2:135.2,98.0:5.0:10111 seed_src=none/none seed=0.0,0.0/0.0,0.0 far_start=70,0 far_raw=0/0 far_num=0/0 straight=0/1 far_straight=0/0 conf_deg=4.5/5.0/0.0/0.0
CrossDiag: type=CROSS_NONE track=1 half_lr=0/0 nearL=0@-1/0@-1 nearNum=4/124 centerNum=4/124 farL=0@-1/0@-1 farNum=0/0 farRaw=0/0 lost=0/0 not_have=0 final=124/126 flags=0/0
LineErr: aim=33 cxcy=84.0,119.6 left=1:20.30@65,92 dx=-18.8 idx=0/3 dist=6/6 right=1:-1.01@85,83 dx=1.1 idx=0/14 dist=33/251 sel=1:-1.01@85,82 dx=1.1 idx=0/16 dist=32/250 edge=1:4.87@80.0,95.5 dx=-4.0 width=72.0 l=48,112 r=112,79
CxScan: raw_ref=80.0 edge=80.0,95.5 best_raw_x=70 best_err=0.23 best_cxcy=80.2,119.5 scan=0:-29.6,10:-25.9,20:-22.0,30:-17.8,40:-13.5,50:-9.0,60:-4.4,70:0.2,80:4.9,90:9.4,100:13.9,110:18.1,120:22.2,130:26.0,140:29.6
ATGSeedDiag: seed=1@7,108/1@140,108 begin=7,108 block=5 clip=8
ATGLptDiag: best=1(4.5) imip=0/3 pass=10111 acc=-1 ipm=51.7,114.5 inv=6.2,100.2 | 1(5.0) imip=0/11 pass=10111 acc=-1 ipm=109.6,114.2 inv=135.2,98.0
frame=291 line=1 track=1 cross=0 circle=1(CIRCLE_LEFT_BEGIN) round=0 yroad=0 ramp=0 road=7 speed=0 near=3/124 raw=14/105 sel=124/126 far=0/0 far_raw=0/0 l=0@-1/0@-1 far_l=0@-1/0@-1 straight=0/1 far_straight=0/0 circle_cnt=62/0/0/0 lost=0/0 conf=2.1/1.9/0.0/0.0 dist=1781 m0=(84,119) ml=(85,87) md=32/1/131 cxcy=84.0,119.6 guide=-0.99 atg=1.0/0.0/1.0 pure=-0.43/-0.37 yaw=59 cmd=126 actual=-8 signed=1 rps=3627/3973:3597/3995 duty=8/11
ATGCorner: L=0@-1/0@-1 Y=0@-1/0@-1 farL=0@-1/0@-1 Lxy=-1.0,-1.0:-1.0,-1.0/-1.0,-1.0:-1.0,-1.0 Yxy=-1.0,-1.0:-1.0,-1.0/-1.0,-1.0:-1.0,-1.0 farLxy=-1.0,-1.0:-1.0,-1.0/-1.0,-1.0:-1.0,-1.0 best=1:50.7,114.0:4.8,98.6:2.1:10111/3:109.9,109.6:128.4,85.6:1.9:10111 seed_src=none/none seed=0.0,0.0/0.0,0.0 far_start=70,0 far_raw=0/0 far_num=0/0 straight=0/1 far_straight=0/0 conf_deg=2.1/1.9/0.0/0.0
CrossDiag: type=CROSS_NONE track=1 half_lr=0/0 nearL=0@-1/0@-1 nearNum=3/124 centerNum=3/124 farL=0@-1/0@-1 farNum=0/0 farRaw=0/0 lost=0/0 not_have=0 final=124/126 flags=0/0
LineErr: aim=33 cxcy=84.0,119.6 left=1:20.24@65,92 dx=-18.6 idx=0/2 dist=4/4 right=1:-0.96@85,83 dx=1.0 idx=0/14 dist=33/251 sel=1:-0.96@85,83 dx=1.0 idx=0/16 dist=32/250 edge=1:4.92@80.0,96.0 dx=-4.0 width=70.7 l=49,113 r=111,79
CxScan: raw_ref=80.0 edge=80.0,96.0 best_raw_x=70 best_err=0.23 best_cxcy=80.2,119.5 scan=0:-29.9,10:-26.2,20:-22.2,30:-18.0,40:-13.6,50:-9.1,60:-4.5,70:0.2,80:4.9,90:9.5,100:14.0,110:18.3,120:22.4,130:26.3,140:29.9
ATGSeedDiag: seed=1@6,106/1@140,108 begin=7,108 block=5 clip=8
ATGLptDiag: best=1(2.1) imip=0/2 pass=10111 acc=-1 ipm=50.7,114.0 inv=4.8,98.6 | 3(1.9) imip=0/13 pass=10111 acc=-1 ipm=109.9,109.6 inv=128.4,85.6
frame=292 line=1 track=1 cross=0 circle=1(CIRCLE_LEFT_BEGIN) round=0 yroad=0 ramp=0 road=7 speed=0 near=3/124 raw=13/105 sel=124/125 far=0/0 far_raw=0/0 l=0@-1/0@-1 far_l=0@-1/0@-1 straight=0/1 far_straight=0/0 circle_cnt=62/0/0/0 lost=0/0 conf=4.3/3.3/0.0/0.0 dist=1791 m0=(84,119) ml=(85,87) md=32/1/128 cxcy=84.0,119.6 guide=-0.99 atg=1.0/0.0/1.0 pure=-0.44/-0.37 yaw=59 cmd=134 actual=-16 signed=1 rps=3617/3983:3706/4072 duty=8/11
ATGCorner: L=0@-1/0@-1 Y=0@-1/0@-1 farL=0@-1/0@-1 Lxy=-1.0,-1.0:-1.0,-1.0/-1.0,-1.0:-1.0,-1.0 Yxy=-1.0,-1.0:-1.0,-1.0/-1.0,-1.0:-1.0,-1.0 farLxy=-1.0,-1.0:-1.0,-1.0/-1.0,-1.0:-1.0,-1.0 best=1:50.8,114.5:4.2,100.2:4.3:10111/2:109.7,111.9:131.5,91.4:3.3:10111 seed_src=none/none seed=0.0,0.0/0.0,0.0 far_start=70,0 far_raw=0/0 far_num=0/0 straight=0/1 far_straight=0/0 conf_deg=4.3/3.3/0.0/0.0
CrossDiag: type=CROSS_NONE track=1 half_lr=0/0 nearL=0@-1/0@-1 nearNum=3/124 centerNum=3/124 farL=0@-1/0@-1 farNum=0/0 farRaw=0/0 lost=0/0 not_have=0 final=124/125 flags=0/0
LineErr: aim=33 cxcy=84.0,119.6 left=1:19.88@66,93 dx=-17.9 idx=0/2 dist=4/4 right=1:-0.96@85,83 dx=1.0 idx=0/14 dist=33/251 sel=1:-0.96@85,83 dx=1.0 idx=0/16 dist=32/248 edge=1:4.92@80.0,96.0 dx=-4.0 width=70.7 l=49,113 r=111,79
CxScan: raw_ref=80.0 edge=80.0,96.0 best_raw_x=70 best_err=0.23 best_cxcy=80.2,119.5 scan=0:-29.9,10:-26.2,20:-22.2,30:-18.0,40:-13.6,50:-9.1,60:-4.5,70:0.2,80:4.9,90:9.5,100:14.0,110:18.3,120:22.4,130:26.3,140:29.9
ATGSeedDiag: seed=1@6,108/1@140,108 begin=7,108 block=5 clip=8
ATGLptDiag: best=1(4.3) imip=0/2 pass=10111 acc=-1 ipm=50.8,114.5 inv=4.2,100.2 | 2(3.3) imip=0/12 pass=10111 acc=-1 ipm=109.7,111.9 inv=131.5,91.4
frame=293 line=1 track=1 cross=0 circle=1(CIRCLE_LEFT_BEGIN) round=0 yroad=0 ramp=0 road=7 speed=0 near=2/124 raw=9/105 sel=124/125 far=0/0 far_raw=0/0 l=0@-1/0@-1 far_l=0@-1/0@-1 straight=0/1 far_straight=0/0 circle_cnt=62/0/0/0 lost=0/0 conf=0.0/3.3/0.0/0.0 dist=1802 m0=(84,119) ml=(85,87) md=32/1/128 cxcy=84.0,119.6 guide=-0.65 atg=1.0/0.0/1.0 pure=-0.40/-0.37 yaw=39 cmd=116 actual=-39 signed=1 rps=3640/3960:3643/3949 duty=8/11
ATGCorner: L=0@-1/0@-1 Y=0@-1/0@-1 farL=0@-1/0@-1 Lxy=-1.0,-1.0:-1.0,-1.0/-1.0,-1.0:-1.0,-1.0 Yxy=-1.0,-1.0:-1.0,-1.0/-1.0,-1.0:-1.0,-1.0 farLxy=-1.0,-1.0:-1.0,-1.0/-1.0,-1.0:-1.0,-1.0 best=-1:-1.0,-1.0:-1.0,-1.0:-57295.8:00000/2:109.7,111.9:131.5,91.4:3.3:10111 seed_src=none/none seed=0.0,0.0/0.0,0.0 far_start=70,0 far_raw=0/0 far_num=0/0 straight=0/1 far_straight=0/0 conf_deg=0.0/3.3/0.0/0.0
CrossDiag: type=CROSS_NONE track=1 half_lr=0/0 nearL=0@-1/0@-1 nearNum=2/124 centerNum=2/124 farL=0@-1/0@-1 farNum=0/0 farRaw=0/0 lost=0/0 not_have=0 final=124/125 flags=0/0
LineErr: aim=33 cxcy=84.0,119.6 left=1:19.05@67,95 dx=-16.5 idx=0/1 dist=2/2 right=1:-0.85@85,83 dx=0.9 idx=0/14 dist=33/251 sel=1:-0.85@85,83 dx=0.9 idx=0/16 dist=32/248 edge=1:4.41@80.5,97.0 dx=-3.5 width=70.8 l=50,115 r=111,79
CxScan: raw_ref=80.0 edge=80.5,97.0 best_raw_x=70 best_err=-0.39 best_cxcy=80.2,119.5 scan=0:-30.9,10:-27.1,20:-23.2,30:-19.0,40:-14.5,50:-9.9,60:-5.2,70:-0.4,80:4.4,90:9.1,100:13.7,110:18.1,120:22.3,130:26.3,140:30.0
ATGSeedDiag: seed=1@5,108/1@140,108 begin=7,108 block=5 clip=8
ATGLptDiag: best=-1(-57295.8) imip=-1/-1 pass=00000 acc=-1 ipm=-1.0,-1.0 inv=-1.0,-1.0 | 2(3.3) imip=0/12 pass=10111 acc=-1 ipm=109.7,111.9 inv=131.5,91.4
frame=294 line=1 track=1 cross=0 circle=1(CIRCLE_LEFT_BEGIN) round=0 yroad=0 ramp=0 road=7 speed=0 near=0/124 raw=0/105 sel=124/126 far=0/0 far_raw=0/0 l=0@-1/0@-1 far_l=0@-1/0@-1 straight=0/1 far_straight=0/0 circle_cnt=63/0/0/0 lost=0/0 conf=0.0/3.3/0.0/0.0 dist=1813 m0=(84,119) ml=(85,87) md=32/1/131 cxcy=84.0,119.6 guide=-0.99 atg=1.0/0.0/1.0 pure=-0.44/-0.37 yaw=59 cmd=173 actual=-54 signed=1 rps=3563/4037:3866/4080 duty=7/11
ATGCorner: L=0@-1/0@-1 Y=0@-1/0@-1 farL=0@-1/0@-1 Lxy=-1.0,-1.0:-1.0,-1.0/-1.0,-1.0:-1.0,-1.0 Yxy=-1.0,-1.0:-1.0,-1.0/-1.0,-1.0:-1.0,-1.0 farLxy=-1.0,-1.0:-1.0,-1.0/-1.0,-1.0:-1.0,-1.0 best=-1:-1.0,-1.0:-1.0,-1.0:-57295.8:00000/2:109.7,111.9:131.5,91.4:3.3:10111 seed_src=lost/none seed=0.0,0.0/0.0,0.0 far_start=70,0 far_raw=0/0 far_num=0/0 straight=0/1 far_straight=0/0 conf_deg=0.0/3.3/0.0/0.0
CrossDiag: type=CROSS_NONE track=1 half_lr=0/0 nearL=0@-1/0@-1 nearNum=0/124 centerNum=0/124 farL=0@-1/0@-1 farNum=0/0 farRaw=0/0 lost=0/0 not_have=0 final=124/126 flags=0/0
LineErr: aim=33 cxcy=84.0,119.6 left=0:0.00@-1,-1 dx=0.0 idx=-1/-1 dist=-1/-1 right=1:-0.96@85,83 dx=1.0 idx=0/14 dist=33/251 sel=1:-0.97@85,83 dx=1.0 idx=0/16 dist=32/250 edge=0:0.00@-1.0,-1.0 dx=0.0 width=0.0 l=-1,-1 r=111,79
ATGSeedDiag: seed=0@-1,-1/1@140,108 begin=7,108 block=5 clip=8
ATGLptDiag: best=-1(-57295.8) imip=-1/-1 pass=00000 acc=-1 ipm=-1.0,-1.0 inv=-1.0,-1.0 | 2(3.3) imip=0/12 pass=10111 acc=-1 ipm=109.7,111.9 inv=131.5,91.4
frame=297 line=1 track=1 cross=0 circle=1(CIRCLE_LEFT_BEGIN) round=0 yroad=0 ramp=0 road=7 speed=0 near=0/124 raw=0/105 sel=124/126 far=0/0 far_raw=0/0 l=0@-1/0@-1 far_l=0@-1/0@-1 straight=0/1 far_straight=0/0 circle_cnt=66/0/0/0 lost=0/0 conf=0.0/5.2/0.0/0.0 dist=1846 m0=(84,119) ml=(85,87) md=32/1/131 cxcy=84.0,119.6 guide=-0.98 atg=1.0/1.0/1.0 pure=-0.43/-0.43 yaw=59 cmd=178 actual=-60 signed=1 rps=3557/4043:4167/3893 duty=7/11
ATGCorner: L=0@-1/0@-1 Y=0@-1/0@-1 farL=0@-1/0@-1 Lxy=-1.0,-1.0:-1.0,-1.0/-1.0,-1.0:-1.0,-1.0 Yxy=-1.0,-1.0:-1.0,-1.0/-1.0,-1.0:-1.0,-1.0 farLxy=-1.0,-1.0:-1.0,-1.0/-1.0,-1.0:-1.0,-1.0 best=-1:-1.0,-1.0:-1.0,-1.0:-57295.8:00000/1:109.6,114.2:135.2,98.0:5.2:10111 seed_src=lost/none seed=0.0,0.0/0.0,0.0 far_start=70,0 far_raw=0/0 far_num=0/0 straight=0/1 far_straight=0/0 conf_deg=0.0/5.2/0.0/0.0
CrossDiag: type=CROSS_NONE track=1 half_lr=0/0 nearL=0@-1/0@-1 nearNum=0/124 centerNum=0/124 farL=0@-1/0@-1 farNum=0/0 farRaw=0/0 lost=0/0 not_have=0 final=124/126 flags=0/0
LineErr: aim=33 cxcy=84.0,119.6 left=0:0.00@-1,-1 dx=0.0 idx=-1/-1 dist=-1/-1 right=1:-1.01@85,83 dx=1.1 idx=0/14 dist=33/251 sel=1:-1.01@85,82 dx=1.1 idx=0/16 dist=32/250 edge=0:0.00@-1.0,-1.0 dx=0.0 width=0.0 l=-1,-1 r=112,80
ATGSeedDiag: seed=0@-1,-1/1@140,108 begin=7,108 block=5 clip=8
ATGLptDiag: best=-1(-57295.8) imip=-1/-1 pass=00000 acc=-1 ipm=-1.0,-1.0 inv=-1.0,-1.0 | 1(5.2) imip=0/11 pass=10111 acc=-1 ipm=109.6,114.2 inv=135.2,98.0
frame=302 line=1 track=1 cross=0 circle=1(CIRCLE_LEFT_BEGIN) round=0 yroad=0 ramp=0 road=7 speed=0 near=0/124 raw=0/105 sel=124/125 far=0/0 far_raw=0/0 l=0@-1/0@-1 far_l=0@-1/0@-1 straight=0/1 far_straight=0/0 circle_cnt=71/0/0/0 lost=0/0 conf=0.0/4.6/0.0/0.0 dist=1900 m0=(84,119) ml=(85,87) md=32/1/131 cxcy=84.0,119.6 guide=-1.15 atg=2.0/1.0/1.0 pure=-0.52/-0.47 yaw=69 cmd=138 actual=0 signed=1 rps=3611/3989:4125/3942 duty=7/11
ATGCorner: L=0@-1/0@-1 Y=0@-1/0@-1 farL=0@-1/0@-1 Lxy=-1.0,-1.0:-1.0,-1.0/-1.0,-1.0:-1.0,-1.0 Yxy=-1.0,-1.0:-1.0,-1.0/-1.0,-1.0:-1.0,-1.0 farLxy=-1.0,-1.0:-1.0,-1.0/-1.0,-1.0:-1.0,-1.0 best=-1:-1.0,-1.0:-1.0,-1.0:-57295.8:00000/2:109.9,111.9:132.0,91.5:4.6:10111 seed_src=lost/none seed=0.0,0.0/0.0,0.0 far_start=70,0 far_raw=0/0 far_num=0/0 straight=0/1 far_straight=0/0 conf_deg=0.0/4.6/0.0/0.0
CrossDiag: type=CROSS_NONE track=1 half_lr=0/0 nearL=0@-1/0@-1 nearNum=0/124 centerNum=0/124 farL=0@-1/0@-1 farNum=0/0 farRaw=0/0 lost=0/0 not_have=0 final=124/125 flags=0/0
LineErr: aim=33 cxcy=84.0,119.6 left=0:0.00@-1,-1 dx=0.0 idx=-1/-1 dist=-1/-1 right=1:-1.37@85,82 dx=1.4 idx=0/14 dist=33/251 sel=1:-1.36@85,83 dx=1.4 idx=0/16 dist=32/248 edge=0:0.00@-1.0,-1.0 dx=0.0 width=0.0 l=-1,-1 r=112,80
ATGSeedDiag: seed=0@-1,-1/1@140,108 begin=7,108 block=5 clip=8
ATGLptDiag: best=-1(-57295.8) imip=-1/-1 pass=00000 acc=-1 ipm=-1.0,-1.0 inv=-1.0,-1.0 | 2(4.6) imip=0/12 pass=10111 acc=-1 ipm=109.9,111.9 inv=132.0,91.5
frame=303 line=1 track=1 cross=0 circle=1(CIRCLE_LEFT_BEGIN) round=0 yroad=0 ramp=0 road=7 speed=0 near=0/124 raw=0/105 sel=124/125 far=0/0 far_raw=0/0 l=0@-1/0@-1 far_l=0@-1/0@-1 straight=0/1 far_straight=0/0 circle_cnt=72/0/0/0 lost=0/0 conf=0.0/4.9/0.0/0.0 dist=1911 m0=(84,119) ml=(85,87) md=32/1/130 cxcy=84.0,119.6 guide=-1.15 atg=2.0/1.0/1.0 pure=-0.52/-0.48 yaw=69 cmd=123 actual=15 signed=1 rps=3631/3969:3853/3910 duty=8/11
ATGCorner: L=0@-1/0@-1 Y=0@-1/0@-1 farL=0@-1/0@-1 Lxy=-1.0,-1.0:-1.0,-1.0/-1.0,-1.0:-1.0,-1.0 Yxy=-1.0,-1.0:-1.0,-1.0/-1.0,-1.0:-1.0,-1.0 farLxy=-1.0,-1.0:-1.0,-1.0/-1.0,-1.0:-1.0,-1.0 best=-1:-1.0,-1.0:-1.0,-1.0:-57295.8:00000/1:109.6,114.2:135.2,98.0:4.9:10111 seed_src=lost/none seed=0.0,0.0/0.0,0.0 far_start=70,0 far_raw=0/0 far_num=0/0 straight=0/1 far_straight=0/0 conf_deg=0.0/4.9/0.0/0.0
CrossDiag: type=CROSS_NONE track=1 half_lr=0/0 nearL=0@-1/0@-1 nearNum=0/124 centerNum=0/124 farL=0@-1/0@-1 farNum=0/0 farRaw=0/0 lost=0/0 not_have=0 final=124/125 flags=0/0
LineErr: aim=33 cxcy=84.0,119.6 left=0:0.00@-1,-1 dx=0.0 idx=-1/-1 dist=-1/-1 right=1:-1.37@85,82 dx=1.4 idx=0/14 dist=33/251 sel=1:-1.36@85,83 dx=1.4 idx=0/16 dist=32/248 edge=0:0.00@-1.0,-1.0 dx=0.0 width=0.0 l=-1,-1 r=112,80
ATGSeedDiag: seed=0@-1,-1/1@140,108 begin=7,108 block=5 clip=8
ATGLptDiag: best=-1(-57295.8) imip=-1/-1 pass=00000 acc=-1 ipm=-1.0,-1.0 inv=-1.0,-1.0 | 1(4.9) imip=0/11 pass=10111 acc=-1 ipm=109.6,114.2 inv=135.2,98.0
frame=308 line=1 track=1 cross=0 circle=1(CIRCLE_LEFT_BEGIN) round=0 yroad=0 ramp=0 road=7 speed=0 near=0/124 raw=0/105 sel=124/125 far=0/0 far_raw=0/0 l=0@-1/0@-1 far_l=0@-1/0@-1 straight=0/1 far_straight=0/0 circle_cnt=77/0/0/0 lost=0/0 conf=0.0/8.3/0.0/0.0 dist=1965 m0=(84,119) ml=(85,87) md=32/1/129 cxcy=84.0,119.6 guide=-0.98 atg=1.0/1.0/1.0 pure=-0.43/-0.39 yaw=59 cmd=56 actual=62 signed=1 rps=3724/3876:3685/4145 duty=8/10
ATGCorner: L=0@-1/0@-1 Y=0@-1/0@-1 farL=0@-1/0@-1 Lxy=-1.0,-1.0:-1.0,-1.0/-1.0,-1.0:-1.0,-1.0 Yxy=-1.0,-1.0:-1.0,-1.0/-1.0,-1.0:-1.0,-1.0 farLxy=-1.0,-1.0:-1.0,-1.0/-1.0,-1.0:-1.0,-1.0 best=-1:-1.0,-1.0:-1.0,-1.0:-57295.8:00000/1:109.6,114.3:135.3,98.0:8.3:10111 seed_src=lost/none seed=0.0,0.0/0.0,0.0 far_start=70,0 far_raw=0/0 far_num=0/0 straight=0/1 far_straight=0/0 conf_deg=0.0/8.3/0.0/0.0
CrossDiag: type=CROSS_NONE track=1 half_lr=0/0 nearL=0@-1/0@-1 nearNum=0/124 centerNum=0/124 farL=0@-1/0@-1 farNum=0/0 farRaw=0/0 lost=0/0 not_have=0 final=124/125 flags=0/0
LineErr: aim=33 cxcy=84.0,119.6 left=0:0.00@-1,-1 dx=0.0 idx=-1/-1 dist=-1/-1 right=1:-1.00@85,83 dx=1.1 idx=0/14 dist=33/251 sel=1:-1.01@85,82 dx=1.1 idx=0/16 dist=32/248 edge=0:0.00@-1.0,-1.0 dx=0.0 width=0.0 l=-1,-1 r=112,80
ATGSeedDiag: seed=0@-1,-1/1@140,108 begin=7,108 block=5 clip=8
ATGLptDiag: best=-1(-57295.8) imip=-1/-1 pass=00000 acc=-1 ipm=-1.0,-1.0 inv=-1.0,-1.0 | 1(8.3) imip=0/11 pass=10111 acc=-1 ipm=109.6,114.3 inv=135.3,98.0
frame=309 line=1 track=1 cross=0 circle=1(CIRCLE_LEFT_BEGIN) round=0 yroad=0 ramp=0 road=7 speed=0 near=0/124 raw=0/105 sel=124/125 far=0/0 far_raw=0/0 l=0@-1/0@-1 far_l=0@-1/0@-1 straight=0/1 far_straight=0/0 circle_cnt=78/0/0/0 lost=0/0 conf=0.0/5.2/0.0/0.0 dist=1976 m0=(84,119) ml=(85,87) md=32/1/128 cxcy=84.0,119.6 guide=-0.99 atg=1.0/1.0/1.0 pure=-0.43/-0.43 yaw=59 cmd=57 actual=61 signed=1 rps=3722/3878:3872/4239 duty=8/10
ATGCorner: L=0@-1/0@-1 Y=0@-1/0@-1 farL=0@-1/0@-1 Lxy=-1.0,-1.0:-1.0,-1.0/-1.0,-1.0:-1.0,-1.0 Yxy=-1.0,-1.0:-1.0,-1.0/-1.0,-1.0:-1.0,-1.0 farLxy=-1.0,-1.0:-1.0,-1.0/-1.0,-1.0:-1.0,-1.0 best=-1:-1.0,-1.0:-1.0,-1.0:-57295.8:00000/1:109.6,114.2:135.2,98.0:5.2:10111 seed_src=lost/none seed=0.0,0.0/0.0,0.0 far_start=70,0 far_raw=0/0 far_num=0/0 straight=0/1 far_straight=0/0 conf_deg=0.0/5.2/0.0/0.0
CrossDiag: type=CROSS_NONE track=1 half_lr=0/0 nearL=0@-1/0@-1 nearNum=0/124 centerNum=0/124 farL=0@-1/0@-1 farNum=0/0 farRaw=0/0 lost=0/0 not_have=0 final=124/125 flags=0/0
LineErr: aim=33 cxcy=84.0,119.6 left=0:0.00@-1,-1 dx=0.0 idx=-1/-1 dist=-1/-1 right=1:-1.14@85,83 dx=1.2 idx=0/14 dist=33/251 sel=1:-1.15@85,83 dx=1.2 idx=0/16 dist=32/248 edge=0:0.00@-1.0,-1.0 dx=0.0 width=0.0 l=-1,-1 r=112,80
ATGSeedDiag: seed=0@-1,-1/1@140,108 begin=7,108 block=5 clip=8
ATGLptDiag: best=-1(-57295.8) imip=-1/-1 pass=00000 acc=-1 ipm=-1.0,-1.0 inv=-1.0,-1.0 | 1(5.2) imip=0/11 pass=10111 acc=-1 ipm=109.6,114.2 inv=135.2,98.0
frame=311 line=1 track=1 cross=0 circle=1(CIRCLE_LEFT_BEGIN) round=0 yroad=0 ramp=0 road=7 speed=0 near=0/124 raw=0/105 sel=124/126 far=0/0 far_raw=0/0 l=0@-1/0@-1 far_l=0@-1/0@-1 straight=0/1 far_straight=0/0 circle_cnt=80/0/0/0 lost=0/0 conf=0.0/4.6/0.0/0.0 dist=1998 m0=(84,119) ml=(85,87) md=32/1/131 cxcy=84.0,119.6 guide=-1.15 atg=1.0/1.0/1.0 pure=-0.49/-0.43 yaw=69 cmd=64 actual=74 signed=1 rps=3712/3888:4079/4093 duty=8/10
ATGCorner: L=0@-1/0@-1 Y=0@-1/0@-1 farL=0@-1/0@-1 Lxy=-1.0,-1.0:-1.0,-1.0/-1.0,-1.0:-1.0,-1.0 Yxy=-1.0,-1.0:-1.0,-1.0/-1.0,-1.0:-1.0,-1.0 farLxy=-1.0,-1.0:-1.0,-1.0/-1.0,-1.0:-1.0,-1.0 best=-1:-1.0,-1.0:-1.0,-1.0:-57295.8:00000/2:109.9,111.9:132.0,91.5:4.6:10111 seed_src=lost/none seed=0.0,0.0/0.0,0.0 far_start=70,0 far_raw=0/0 far_num=0/0 straight=0/1 far_straight=0/0 conf_deg=0.0/4.6/0.0/0.0
CrossDiag: type=CROSS_NONE track=1 half_lr=0/0 nearL=0@-1/0@-1 nearNum=0/124 centerNum=0/124 farL=0@-1/0@-1 farNum=0/0 farRaw=0/0 lost=0/0 not_have=0 final=124/126 flags=0/0
LineErr: aim=33 cxcy=84.0,119.6 left=0:0.00@-1,-1 dx=0.0 idx=-1/-1 dist=-1/-1 right=1:-1.37@85,82 dx=1.4 idx=0/14 dist=33/251 sel=1:-1.36@85,83 dx=1.4 idx=0/16 dist=32/250 edge=0:0.00@-1.0,-1.0 dx=0.0 width=0.0 l=-1,-1 r=112,80
ATGSeedDiag: seed=0@-1,-1/1@140,108 begin=7,108 block=5 clip=8
ATGLptDiag: best=-1(-57295.8) imip=-1/-1 pass=00000 acc=-1 ipm=-1.0,-1.0 inv=-1.0,-1.0 | 2(4.6) imip=0/12 pass=10111 acc=-1 ipm=109.9,111.9 inv=132.0,91.5
frame=312 line=1 track=1 cross=0 circle=1(CIRCLE_LEFT_BEGIN) round=0 yroad=0 ramp=0 road=7 speed=0 near=0/124 raw=0/105 sel=124/125 far=0/0 far_raw=0/0 l=0@-1/0@-1 far_l=0@-1/0@-1 straight=0/1 far_straight=0/0 circle_cnt=81/0/0/0 lost=0/0 conf=0.0/5.1/0.0/0.0 dist=2009 m0=(84,119) ml=(85,87) md=32/1/128 cxcy=84.0,119.6 guide=-0.99 atg=1.0/1.0/1.0 pure=-0.45/-0.43 yaw=59 cmd=31 actual=87 signed=1 rps=3758/3842:3938/3796 duty=8/11
ATGCorner: L=0@-1/0@-1 Y=0@-1/0@-1 farL=0@-1/0@-1 Lxy=-1.0,-1.0:-1.0,-1.0/-1.0,-1.0:-1.0,-1.0 Yxy=-1.0,-1.0:-1.0,-1.0/-1.0,-1.0:-1.0,-1.0 farLxy=-1.0,-1.0:-1.0,-1.0/-1.0,-1.0:-1.0,-1.0 best=-1:-1.0,-1.0:-1.0,-1.0:-57295.8:00000/1:109.6,114.2:135.2,98.0:5.1:10111 seed_src=lost/none seed=0.0,0.0/0.0,0.0 far_start=70,0 far_raw=0/0 far_num=0/0 straight=0/1 far_straight=0/0 conf_deg=0.0/5.1/0.0/0.0
CrossDiag: type=CROSS_NONE track=1 half_lr=0/0 nearL=0@-1/0@-1 nearNum=0/124 centerNum=0/124 farL=0@-1/0@-1 farNum=0/0 farRaw=0/0 lost=0/0 not_have=0 final=124/125 flags=0/0
LineErr: aim=33 cxcy=84.0,119.6 left=0:0.00@-1,-1 dx=0.0 idx=-1/-1 dist=-1/-1 right=1:-1.31@85,83 dx=1.4 idx=0/14 dist=33/251 sel=1:-1.31@85,83 dx=1.4 idx=0/16 dist=32/248 edge=0:0.00@-1.0,-1.0 dx=0.0 width=0.0 l=-1,-1 r=112,80
ATGSeedDiag: seed=0@-1,-1/1@140,108 begin=7,108 block=5 clip=8
ATGLptDiag: best=-1(-57295.8) imip=-1/-1 pass=00000 acc=-1 ipm=-1.0,-1.0 inv=-1.0,-1.0 | 1(5.1) imip=0/11 pass=10111 acc=-1 ipm=109.6,114.2 inv=135.2,98.0
ATGCircleCal: from=CIRCLE_LEFT_BEGIN to=CIRCLE_LEFT_IN reason=entry_distance heading_deg10=3 dist=2009
ATGCircleSelectEvidence: circle=CIRCLE_LEFT_IN ok=1 source=circle_in_fixed_right rpts=92 rptsn=17 splice_right=92 splice_left=0 far1=0 far_Lpt1=0/-1 Lpt1=0/-1 rptsc1=124 track=1 Guide=-60.00 pure=20.82 cxcy=84.0,119.6
frame=313 line=1 track=1 cross=0 circle=3(CIRCLE_LEFT_IN) round=0 yroad=0 ramp=0 road=7 speed=0 near=0/124 raw=0/105 sel=92/17 far=0/0 far_raw=0/0 l=0@-1/0@-1 far_l=0@-1/0@-1 straight=0/1 far_straight=0/0 circle_cnt=0/0/0/0 lost=0/0 conf=0.0/5.4/0.0/0.0 dist=0 m0=(84,119) ml=(56,119) md=28/0/28 cxcy=84.0,119.6 guide=37.36 atg=-60.0/-60.0/-60.0 pure=20.82/20.82 yaw=-2242 cmd=-2442 actual=102 signed=1 rps=7147/453:4121/3790 duty=20/0
ATGCorner: L=0@-1/0@-1 Y=0@-1/0@-1 farL=0@-1/0@-1 Lxy=-1.0,-1.0:-1.0,-1.0/-1.0,-1.0:-1.0,-1.0 Yxy=-1.0,-1.0:-1.0,-1.0/-1.0,-1.0:-1.0,-1.0 farLxy=-1.0,-1.0:-1.0,-1.0/-1.0,-1.0:-1.0,-1.0 best=-1:-1.0,-1.0:-1.0,-1.0:-57295.8:00000/1:109.6,114.2:135.2,98.0:5.4:10111 seed_src=circle/none seed=0.0,0.0/0.0,0.0 far_start=70,0 far_raw=0/0 far_num=0/0 straight=0/1 far_straight=0/0 conf_deg=0.0/5.4/0.0/0.0
CrossDiag: type=CROSS_NONE track=1 half_lr=0/0 nearL=0@-1/0@-1 nearNum=0/124 centerNum=0/124 farL=0@-1/0@-1 farNum=0/0 farRaw=0/0 lost=0/0 not_have=0 final=92/17 flags=0/0
LineErr: aim=33 cxcy=84.0,119.6 left=0:0.00@-1,-1 dx=0.0 idx=-1/-1 dist=-1/-1 right=1:-1.27@85,78 dx=1.4 idx=0/16 dist=32/246 sel=1:57.82@56,125 dx=-27.9 idx=0/16 dist=32/32 edge=0:0.00@-1.0,-1.0 dx=0.0 width=0.0 l=-1,-1 r=112,80
ATGSeedDiag: seed=0@-1,-1/1@140,108 begin=7,108 block=5 clip=8
ATGLptDiag: best=-1(-57295.8) imip=-1/-1 pass=00000 acc=-1 ipm=-1.0,-1.0 inv=-1.0,-1.0 | 1(5.4) imip=0/11 pass=10111 acc=-1 ipm=109.6,114.2 inv=135.2,98.0
ATGCircleSelectEvidence: circle=CIRCLE_LEFT_IN ok=1 source=circle_in_fixed_right rpts=92 rptsn=17 splice_right=92 splice_left=0 far1=0 far_Lpt1=0/-1 Lpt1=0/-1 rptsc1=126 track=0 Guide=-60.00 pure=20.82 cxcy=84.0,119.6
frame=314 line=1 track=0 cross=0 circle=3(CIRCLE_LEFT_IN) round=0 yroad=0 ramp=0 road=7 speed=0 near=0/126 raw=0/106 sel=92/17 far=0/0 far_raw=0/0 l=0@-1/0@-1 far_l=0@-1/0@-1 straight=0/1 far_straight=0/0 circle_cnt=0/0/0/0 lost=1/0 conf=0.0/5.7/0.0/0.0 dist=11 m0=(84,119) ml=(56,119) md=28/0/28 cxcy=84.0,119.6 guide=37.36 atg=-60.0/-60.0/-60.0 pure=20.82/20.82 yaw=-2242 cmd=-2442 actual=110 signed=1 rps=7147/453:4227/3757 duty=20/0
ATGCorner: L=0@-1/0@-1 Y=0@-1/0@-1 farL=0@-1/0@-1 Lxy=-1.0,-1.0:-1.0,-1.0/-1.0,-1.0:-1.0,-1.0 Yxy=-1.0,-1.0:-1.0,-1.0/-1.0,-1.0:-1.0,-1.0 farLxy=-1.0,-1.0:-1.0,-1.0/-1.0,-1.0:-1.0,-1.0 best=-1:-1.0,-1.0:-1.0,-1.0:-57295.8:00000/1:109.6,114.2:135.2,98.0:5.7:10111 seed_src=circle/none seed=40.0,91.8/0.0,0.0 far_start=40,0 far_raw=0/0 far_num=0/0 straight=0/1 far_straight=0/0 conf_deg=0.0/5.7/0.0/0.0
CrossDiag: type=CROSS_NONE track=0 half_lr=0/0 nearL=0@-1/0@-1 nearNum=0/126 centerNum=0/126 farL=0@-1/0@-1 farNum=0/0 farRaw=0/0 lost=1/0 not_have=0 final=92/17 flags=0/0
LineErr: aim=33 cxcy=84.0,119.6 left=0:0.00@-1,-1 dx=0.0 idx=-1/-1 dist=-1/-1 right=1:-1.28@85,78 dx=1.4 idx=0/16 dist=32/250 sel=1:57.82@56,125 dx=-27.9 idx=0/16 dist=32/32 edge=0:0.00@-1.0,-1.0 dx=0.0 width=0.0 l=-1,-1 r=112,80
ATGSeedDiag: seed=0@-1,-1/1@140,108 begin=7,108 block=5 clip=8
ATGLptDiag: best=-1(-57295.8) imip=-1/-1 pass=00000 acc=-1 ipm=-1.0,-1.0 inv=-1.0,-1.0 | 1(5.7) imip=0/11 pass=10111 acc=-1 ipm=109.6,114.2 inv=135.2,98.0
ATGCircleSelectEvidence: circle=CIRCLE_LEFT_IN ok=1 source=circle_in_fixed_right rpts=92 rptsn=17 splice_right=92 splice_left=0 far1=0 far_Lpt1=0/-1 Lpt1=0/-1 rptsc1=126 track=0 Guide=-60.00 pure=20.82 cxcy=84.0,119.6
ATGCircleSelectEvidence: circle=CIRCLE_LEFT_IN ok=1 source=circle_in_fixed_right rpts=92 rptsn=17 splice_right=92 splice_left=0 far1=0 far_Lpt1=0/-1 Lpt1=0/-1 rptsc1=126 track=0 Guide=-60.00 pure=20.82 cxcy=84.0,119.6
frame=316 line=1 track=0 cross=0 circle=3(CIRCLE_LEFT_IN) round=0 yroad=0 ramp=0 road=7 speed=0 near=0/126 raw=0/106 sel=92/17 far=0/0 far_raw=0/0 l=0@-1/0@-1 far_l=0@-1/0@-1 straight=0/1 far_straight=0/0 circle_cnt=0/0/0/0 lost=1/0 conf=0.0/3.4/0.0/0.0 dist=33 m0=(84,119) ml=(56,119) md=28/0/28 cxcy=84.0,119.6 guide=37.36 atg=-60.0/-60.0/-60.0 pure=20.82/20.82 yaw=-2242 cmd=-2442 actual=1 signed=1 rps=7147/453:4576/3738 duty=19/0
ATGCorner: L=0@-1/0@-1 Y=0@-1/0@-1 farL=0@-1/0@-1 Lxy=-1.0,-1.0:-1.0,-1.0/-1.0,-1.0:-1.0,-1.0 Yxy=-1.0,-1.0:-1.0,-1.0/-1.0,-1.0:-1.0,-1.0 farLxy=-1.0,-1.0:-1.0,-1.0/-1.0,-1.0:-1.0,-1.0 best=-1:-1.0,-1.0:-1.0,-1.0:-57295.8:00000/2:109.7,111.9:131.5,91.4:3.4:10111 seed_src=circle/none seed=40.0,91.8/0.0,0.0 far_start=40,0 far_raw=0/0 far_num=0/0 straight=0/1 far_straight=0/0 conf_deg=0.0/3.4/0.0/0.0
CrossDiag: type=CROSS_NONE track=0 half_lr=0/0 nearL=0@-1/0@-1 nearNum=0/126 centerNum=0/126 farL=0@-1/0@-1 farNum=0/0 farRaw=0/0 lost=1/0 not_have=0 final=92/17 flags=0/0
LineErr: aim=33 cxcy=84.0,119.6 left=0:0.00@-1,-1 dx=0.0 idx=-1/-1 dist=-1/-1 right=1:-0.88@85,78 dx=1.0 idx=0/16 dist=32/250 sel=1:57.82@56,125 dx=-27.9 idx=0/16 dist=32/32 edge=0:0.00@-1.0,-1.0 dx=0.0 width=0.0 l=-1,-1 r=111,79
ATGSeedDiag: seed=0@-1,-1/1@140,108 begin=7,108 block=5 clip=8
ATGLptDiag: best=-1(-57295.8) imip=-1/-1 pass=00000 acc=-1 ipm=-1.0,-1.0 inv=-1.0,-1.0 | 2(3.4) imip=0/12 pass=10111 acc=-1 ipm=109.7,111.9 inv=131.5,91.4
ATGCircleSelectEvidence: circle=CIRCLE_LEFT_IN ok=1 source=circle_in_fixed_right rpts=92 rptsn=17 splice_right=92 splice_left=0 far1=0 far_Lpt1=0/-1 Lpt1=0/-1 rptsc1=126 track=0 Guide=-60.00 pure=20.82 cxcy=84.0,119.6
frame=317 line=1 track=0 cross=0 circle=3(CIRCLE_LEFT_IN) round=0 yroad=0 ramp=0 road=7 speed=0 near=0/126 raw=0/106 sel=92/17 far=0/0 far_raw=0/0 l=0@-1/0@-1 far_l=0@-1/0@-1 straight=0/1 far_straight=0/0 circle_cnt=0/0/0/0 lost=1/0 conf=0.0/3.8/0.0/0.0 dist=45 m0=(84,119) ml=(56,119) md=28/0/28 cxcy=84.0,119.6 guide=37.36 atg=-60.0/-60.0/-60.0 pure=20.82/20.82 yaw=-2242 cmd=-2442 actual=-99 signed=1 rps=7147/453:4431/3687 duty=19/0
ATGCorner: L=0@-1/0@-1 Y=0@-1/0@-1 farL=0@-1/0@-1 Lxy=-1.0,-1.0:-1.0,-1.0/-1.0,-1.0:-1.0,-1.0 Yxy=-1.0,-1.0:-1.0,-1.0/-1.0,-1.0:-1.0,-1.0 farLxy=-1.0,-1.0:-1.0,-1.0/-1.0,-1.0:-1.0,-1.0 best=-1:-1.0,-1.0:-1.0,-1.0:-57295.8:00000/2:109.7,111.9:131.5,91.4:3.8:10111 seed_src=circle/none seed=40.0,91.8/0.0,0.0 far_start=40,0 far_raw=0/0 far_num=0/0 straight=0/1 far_straight=0/0 conf_deg=0.0/3.8/0.0/0.0
CrossDiag: type=CROSS_NONE track=0 half_lr=0/0 nearL=0@-1/0@-1 nearNum=0/126 centerNum=0/126 farL=0@-1/0@-1 farNum=0/0 farRaw=0/0 lost=1/0 not_have=0 final=92/17 flags=0/0
LineErr: aim=33 cxcy=84.0,119.6 left=0:0.00@-1,-1 dx=0.0 idx=-1/-1 dist=-1/-1 right=1:-0.87@85,78 dx=1.0 idx=0/16 dist=32/250 sel=1:57.82@56,125 dx=-27.9 idx=0/16 dist=32/32 edge=0:0.00@-1.0,-1.0 dx=0.0 width=0.0 l=-1,-1 r=111,79
ATGSeedDiag: seed=0@-1,-1/1@140,108 begin=7,108 block=5 clip=8
ATGLptDiag: best=-1(-57295.8) imip=-1/-1 pass=00000 acc=-1 ipm=-1.0,-1.0 inv=-1.0,-1.0 | 2(3.8) imip=0/12 pass=10111 acc=-1 ipm=109.7,111.9 inv=131.5,91.4
ATGCircleSelectEvidence: circle=CIRCLE_LEFT_IN ok=1 source=circle_in_fixed_right rpts=92 rptsn=17 splice_right=92 splice_left=0 far1=0 far_Lpt1=0/-1 Lpt1=0/-1 rptsc1=126 track=0 Guide=-60.00 pure=20.82 cxcy=84.0,119.6
ATGCircleSelectEvidence: circle=CIRCLE_LEFT_IN ok=1 source=circle_in_fixed_right rpts=92 rptsn=17 splice_right=92 splice_left=0 far1=0 far_Lpt1=0/-1 Lpt1=0/-1 rptsc1=126 track=0 Guide=-60.00 pure=20.82 cxcy=84.0,119.6
ATGCircleSelectEvidence: circle=CIRCLE_LEFT_IN ok=1 source=circle_in_fixed_right rpts=92 rptsn=17 splice_right=92 splice_left=0 far1=0 far_Lpt1=0/-1 Lpt1=0/-1 rptsc1=1 track=0 Guide=-60.00 pure=20.82 cxcy=84.0,119.6
frame=320 line=1 track=0 cross=0 circle=3(CIRCLE_LEFT_IN) round=0 yroad=0 ramp=0 road=7 speed=0 near=0/1 raw=0/170 sel=92/17 far=0/0 far_raw=0/0 l=0@-1/0@-1 far_l=0@-1/0@-1 straight=0/0 far_straight=0/0 circle_cnt=0/1/0/0 lost=1/0 conf=0.0/0.0/0.0/0.0 dist=81 m0=(84,119) ml=(56,119) md=28/0/28 cxcy=84.0,119.6 guide=37.36 atg=-60.0/-60.0/-60.0 pure=20.82/20.82 yaw=-2242 cmd=-2442 actual=-460 signed=1 rps=7147/453:4455/4129 duty=19/0
ATGCorner: L=0@-1/0@-1 Y=0@-1/0@-1 farL=0@-1/0@-1 Lxy=-1.0,-1.0:-1.0,-1.0/-1.0,-1.0:-1.0,-1.0 Yxy=-1.0,-1.0:-1.0,-1.0/-1.0,-1.0:-1.0,-1.0 farLxy=-1.0,-1.0:-1.0,-1.0/-1.0,-1.0:-1.0,-1.0 best=-1:-1.0,-1.0:-1.0,-1.0:-57295.8:00000/-1:-1.0,-1.0:-1.0,-1.0:-57295.8:00000 seed_src=circle/lost seed=40.0,91.8/0.0,0.0 far_start=40,0 far_raw=0/0 far_num=0/0 straight=0/0 far_straight=0/0 conf_deg=0.0/0.0/0.0/0.0
CrossDiag: type=CROSS_NONE track=0 half_lr=0/0 nearL=0@-1/0@-1 nearNum=0/1 centerNum=0/1 farL=0@-1/0@-1 farNum=0/0 farRaw=0/0 lost=1/0 not_have=0 final=92/17 flags=0/0
LineErr: aim=33 cxcy=84.0,119.6 left=0:0.00@-1,-1 dx=0.0 idx=-1/-1 dist=-1/-1 right=0:0.00@-1,-1 dx=0.0 idx=-1/-1 dist=-1/-1 sel=1:57.82@56,125 dx=-27.9 idx=0/16 dist=32/32 edge=0:0.00@-1.0,-1.0 dx=0.0 width=0.0 l=-1,-1 r=-1,-1
ATGSeedDiag: seed=0@-1,-1/1@119,108 begin=7,108 block=5 clip=8
ATGLptDiag: best=-1(-57295.8) imip=-1/-1 pass=00000 acc=-1 ipm=-1.0,-1.0 inv=-1.0,-1.0 | -1(-57295.8) imip=-1/-1 pass=00000 acc=-1 ipm=-1.0,-1.0 inv=-1.0,-1.0
ATGCircleSelectEvidence: circle=CIRCLE_LEFT_IN ok=1 source=circle_in_fixed_right rpts=92 rptsn=17 splice_right=92 splice_left=0 far1=0 far_Lpt1=0/-1 Lpt1=0/-1 rptsc1=126 track=0 Guide=-60.00 pure=20.82 cxcy=84.0,119.6
frame=321 line=1 track=0 cross=0 circle=3(CIRCLE_LEFT_IN) round=0 yroad=0 ramp=0 road=7 speed=0 near=0/126 raw=0/105 sel=92/17 far=0/0 far_raw=0/0 l=0@-1/0@-1 far_l=0@-1/0@-1 straight=0/1 far_straight=0/0 circle_cnt=0/1/0/0 lost=1/0 conf=0.0/5.8/0.0/0.0 dist=93 m0=(84,119) ml=(56,119) md=28/0/28 cxcy=84.0,119.6 guide=37.36 atg=-60.0/-60.0/-60.0 pure=20.82/20.82 yaw=-2242 cmd=-2442 actual=-598 signed=1 rps=7147/453:4532/4170 duty=19/0
ATGCorner: L=0@-1/0@-1 Y=0@-1/0@-1 farL=0@-1/0@-1 Lxy=-1.0,-1.0:-1.0,-1.0/-1.0,-1.0:-1.0,-1.0 Yxy=-1.0,-1.0:-1.0,-1.0/-1.0,-1.0:-1.0,-1.0 farLxy=-1.0,-1.0:-1.0,-1.0/-1.0,-1.0:-1.0,-1.0 best=-1:-1.0,-1.0:-1.0,-1.0:-57295.8:00000/1:109.9,113.9:135.3,97.1:5.8:10111 seed_src=circle/none seed=40.0,91.8/0.0,0.0 far_start=40,0 far_raw=0/0 far_num=0/0 straight=0/1 far_straight=0/0 conf_deg=0.0/5.8/0.0/0.0
CrossDiag: type=CROSS_NONE track=0 half_lr=0/0 nearL=0@-1/0@-1 nearNum=0/126 centerNum=0/126 farL=0@-1/0@-1 farNum=0/0 farRaw=0/0 lost=1/0 not_have=0 final=92/17 flags=0/0
LineErr: aim=33 cxcy=84.0,119.6 left=0:0.00@-1,-1 dx=0.0 idx=-1/-1 dist=-1/-1 right=1:-1.63@86,78 dx=1.8 idx=0/16 dist=32/250 sel=1:57.82@56,125 dx=-27.9 idx=0/16 dist=32/32 edge=0:0.00@-1.0,-1.0 dx=0.0 width=0.0 l=-1,-1 r=112,79
ATGSeedDiag: seed=0@-1,-1/1@140,107 begin=7,108 block=5 clip=8
ATGLptDiag: best=-1(-57295.8) imip=-1/-1 pass=00000 acc=-1 ipm=-1.0,-1.0 inv=-1.0,-1.0 | 1(5.8) imip=0/11 pass=10111 acc=-1 ipm=109.9,113.9 inv=135.3,97.1
ATGCircleSelectEvidence: circle=CIRCLE_LEFT_IN ok=1 source=circle_in_fixed_right rpts=92 rptsn=17 splice_right=92 splice_left=0 far1=0 far_Lpt1=0/-1 Lpt1=0/-1 rptsc1=127 track=0 Guide=-60.00 pure=20.82 cxcy=84.0,119.6
frame=322 line=1 track=0 cross=0 circle=3(CIRCLE_LEFT_IN) round=0 yroad=0 ramp=0 road=7 speed=0 near=0/127 raw=0/107 sel=92/17 far=0/0 far_raw=0/0 l=0@-1/0@-1 far_l=0@-1/0@-1 straight=0/1 far_straight=0/0 circle_cnt=0/1/0/0 lost=1/0 conf=0.0/3.3/0.0/0.0 dist=105 m0=(84,119) ml=(56,119) md=28/0/28 cxcy=84.0,119.6 guide=37.36 atg=-60.0/-60.0/-60.0 pure=20.82/20.82 yaw=-2242 cmd=-2442 actual=-723 signed=1 rps=7147/453:4409/3903 duty=19/0
ATGCorner: L=0@-1/0@-1 Y=0@-1/0@-1 farL=0@-1/0@-1 Lxy=-1.0,-1.0:-1.0,-1.0/-1.0,-1.0:-1.0,-1.0 Yxy=-1.0,-1.0:-1.0,-1.0/-1.0,-1.0:-1.0,-1.0 farLxy=-1.0,-1.0:-1.0,-1.0/-1.0,-1.0:-1.0,-1.0 best=-1:-1.0,-1.0:-1.0,-1.0:-57295.8:00000/2:110.2,111.9:132.5,91.5:3.3:10111 seed_src=circle/none seed=40.0,91.8/0.0,0.0 far_start=40,0 far_raw=0/0 far_num=0/0 straight=0/1 far_straight=0/0 conf_deg=0.0/3.3/0.0/0.0
CrossDiag: type=CROSS_NONE track=0 half_lr=0/0 nearL=0@-1/0@-1 nearNum=0/127 centerNum=0/127 farL=0@-1/0@-1 farNum=0/0 farRaw=0/0 lost=1/0 not_have=0 final=92/17 flags=0/0
LineErr: aim=33 cxcy=84.0,119.6 left=0:0.00@-1,-1 dx=0.0 idx=-1/-1 dist=-1/-1 right=1:-1.78@86,78 dx=2.0 idx=0/16 dist=32/252 sel=1:57.82@56,125 dx=-27.9 idx=0/16 dist=32/32 edge=0:0.00@-1.0,-1.0 dx=0.0 width=0.0 l=-1,-1 r=112,80
ATGSeedDiag: seed=0@-1,-1/1@141,108 begin=7,108 block=5 clip=8
ATGLptDiag: best=-1(-57295.8) imip=-1/-1 pass=00000 acc=-1 ipm=-1.0,-1.0 inv=-1.0,-1.0 | 2(3.3) imip=0/12 pass=10111 acc=-1 ipm=110.2,111.9 inv=132.5,91.5
ATGCircleSelectEvidence: circle=CIRCLE_LEFT_IN ok=1 source=circle_in_fixed_right rpts=92 rptsn=17 splice_right=92 splice_left=0 far1=0 far_Lpt1=0/-1 Lpt1=0/-1 rptsc1=126 track=0 Guide=-60.00 pure=20.82 cxcy=84.0,119.6
frame=323 line=1 track=0 cross=0 circle=3(CIRCLE_LEFT_IN) round=0 yroad=0 ramp=0 road=7 speed=0 near=0/126 raw=0/106 sel=92/17 far=0/0 far_raw=0/0 l=0@-1/0@-1 far_l=0@-1/0@-1 straight=0/1 far_straight=0/0 circle_cnt=0/1/0/0 lost=1/0 conf=0.0/5.0/0.0/0.0 dist=117 m0=(84,119) ml=(56,119) md=28/0/28 cxcy=84.0,119.6 guide=37.36 atg=-60.0/-60.0/-60.0 pure=20.82/20.82 yaw=-2242 cmd=-2442 actual=-815 signed=1 rps=7147/453:4844/4057 duty=19/0
ATGCorner: L=0@-1/0@-1 Y=0@-1/0@-1 farL=0@-1/0@-1 Lxy=-1.0,-1.0:-1.0,-1.0/-1.0,-1.0:-1.0,-1.0 Yxy=-1.0,-1.0:-1.0,-1.0/-1.0,-1.0:-1.0,-1.0 farLxy=-1.0,-1.0:-1.0,-1.0/-1.0,-1.0:-1.0,-1.0 best=-1:-1.0,-1.0:-1.0,-1.0:-57295.8:00000/1:110.1,114.2:136.3,98.0:5.0:10111 seed_src=circle/none seed=40.0,91.8/0.0,0.0 far_start=40,0 far_raw=0/0 far_num=0/0 straight=0/1 far_straight=0/0 conf_deg=0.0/5.0/0.0/0.0
CrossDiag: type=CROSS_NONE track=0 half_lr=0/0 nearL=0@-1/0@-1 nearNum=0/126 centerNum=0/126 farL=0@-1/0@-1 farNum=0/0 farRaw=0/0 lost=1/0 not_have=0 final=92/17 flags=0/0
LineErr: aim=33 cxcy=84.0,119.6 left=0:0.00@-1,-1 dx=0.0 idx=-1/-1 dist=-1/-1 right=1:-2.27@87,78 dx=2.6 idx=0/16 dist=32/250 sel=1:57.82@56,125 dx=-27.9 idx=0/16 dist=32/32 edge=0:0.00@-1.0,-1.0 dx=0.0 width=0.0 l=-1,-1 r=113,80
ATGSeedDiag: seed=0@-1,-1/1@141,108 begin=7,108 block=5 clip=8
ATGLptDiag: best=-1(-57295.8) imip=-1/-1 pass=00000 acc=-1 ipm=-1.0,-1.0 inv=-1.0,-1.0 | 1(5.0) imip=0/11 pass=10111 acc=-1 ipm=110.1,114.2 inv=136.3,98.0
ATGCircleSelectEvidence: circle=CIRCLE_LEFT_IN ok=1 source=circle_in_fixed_right rpts=92 rptsn=17 splice_right=92 splice_left=0 far1=0 far_Lpt1=0/-1 Lpt1=0/-1 rptsc1=126 track=0 Guide=-60.00 pure=20.82 cxcy=84.0,119.6
frame=324 line=1 track=0 cross=0 circle=3(CIRCLE_LEFT_IN) round=0 yroad=0 ramp=0 road=7 speed=0 near=0/126 raw=0/106 sel=92/17 far=0/0 far_raw=0/0 l=0@-1/0@-1 far_l=0@-1/0@-1 straight=0/1 far_straight=0/0 circle_cnt=0/1/0/0 lost=1/0 conf=0.0/3.2/0.0/0.0 dist=130 m0=(84,119) ml=(56,119) md=28/0/28 cxcy=84.0,119.6 guide=37.36 atg=-60.0/-60.0/-60.0 pure=20.82/20.82 yaw=-2242 cmd=-2442 actual=-913 signed=1 rps=7147/453:4877/3860 duty=19/0
ATGCorner: L=0@-1/0@-1 Y=0@-1/0@-1 farL=0@-1/0@-1 Lxy=-1.0,-1.0:-1.0,-1.0/-1.0,-1.0:-1.0,-1.0 Yxy=-1.0,-1.0:-1.0,-1.0/-1.0,-1.0:-1.0,-1.0 farLxy=-1.0,-1.0:-1.0,-1.0/-1.0,-1.0:-1.0,-1.0 best=-1:-1.0,-1.0:-1.0,-1.0:-57295.8:00000/2:110.7,111.9:133.5,91.5:3.2:10111 seed_src=circle/none seed=40.0,91.8/0.0,0.0 far_start=40,0 far_raw=0/0 far_num=0/0 straight=0/1 far_straight=0/0 conf_deg=0.0/3.2/0.0/0.0
CrossDiag: type=CROSS_NONE track=0 half_lr=0/0 nearL=0@-1/0@-1 nearNum=0/126 centerNum=0/126 farL=0@-1/0@-1 farNum=0/0 farRaw=0/0 lost=1/0 not_have=0 final=92/17 flags=0/0
LineErr: aim=33 cxcy=84.0,119.6 left=0:0.00@-1,-1 dx=0.0 idx=-1/-1 dist=-1/-1 right=1:-2.86@87,77 dx=3.3 idx=0/16 dist=32/250 sel=1:57.82@56,125 dx=-27.9 idx=0/16 dist=32/32 edge=0:0.00@-1.0,-1.0 dx=0.0 width=0.0 l=-1,-1 r=113,80
ATGSeedDiag: seed=0@-1,-1/1@141,108 begin=7,108 block=5 clip=8
ATGLptDiag: best=-1(-57295.8) imip=-1/-1 pass=00000 acc=-1 ipm=-1.0,-1.0 inv=-1.0,-1.0 | 2(3.2) imip=0/12 pass=10111 acc=-1 ipm=110.7,111.9 inv=133.5,91.5
ATGCircleSelectEvidence: circle=CIRCLE_LEFT_IN ok=1 source=circle_in_fixed_right rpts=92 rptsn=17 splice_right=92 splice_left=0 far1=0 far_Lpt1=0/-1 Lpt1=0/-1 rptsc1=127 track=0 Guide=-60.00 pure=20.82 cxcy=84.0,119.6
frame=325 line=1 track=0 cross=0 circle=3(CIRCLE_LEFT_IN) round=0 yroad=0 ramp=0 road=7 speed=0 near=0/127 raw=0/107 sel=92/17 far=0/0 far_raw=0/0 l=0@-1/0@-1 far_l=0@-1/0@-1 straight=0/1 far_straight=0/0 circle_cnt=0/1/0/0 lost=1/0 conf=0.0/6.4/0.0/0.0 dist=143 m0=(84,119) ml=(56,119) md=28/0/28 cxcy=84.0,119.6 guide=37.36 atg=-60.0/-60.0/-60.0 pure=20.82/20.82 yaw=-2242 cmd=-2442 actual=-1034 signed=1 rps=7147/453:5368/4036 duty=18/0
ATGCorner: L=0@-1/0@-1 Y=0@-1/0@-1 farL=0@-1/0@-1 Lxy=-1.0,-1.0:-1.0,-1.0/-1.0,-1.0:-1.0,-1.0 Yxy=-1.0,-1.0:-1.0,-1.0/-1.0,-1.0:-1.0,-1.0 farLxy=-1.0,-1.0:-1.0,-1.0/-1.0,-1.0:-1.0,-1.0 best=-1:-1.0,-1.0:-1.0,-1.0:-57295.8:00000/1:110.5,114.3:137.3,98.1:6.4:10111 seed_src=circle/none seed=40.0,91.8/0.0,0.0 far_start=40,0 far_raw=0/0 far_num=0/0 straight=0/1 far_straight=0/0 conf_deg=0.0/6.4/0.0/0.0
CrossDiag: type=CROSS_NONE track=0 half_lr=0/0 nearL=0@-1/0@-1 nearNum=0/127 centerNum=0/127 farL=0@-1/0@-1 farNum=0/0 farRaw=0/0 lost=1/0 not_have=0 final=92/17 flags=0/0
LineErr: aim=33 cxcy=84.0,119.6 left=0:0.00@-1,-1 dx=0.0 idx=-1/-1 dist=-1/-1 right=1:-3.26@88,77 dx=3.7 idx=0/16 dist=32/252 sel=1:57.82@56,125 dx=-27.9 idx=0/16 dist=32/32 edge=0:0.00@-1.0,-1.0 dx=0.0 width=0.0 l=-1,-1 r=114,80
ATGSeedDiag: seed=0@-1,-1/1@142,108 begin=7,108 block=5 clip=8
ATGLptDiag: best=-1(-57295.8) imip=-1/-1 pass=00000 acc=-1 ipm=-1.0,-1.0 inv=-1.0,-1.0 | 1(6.4) imip=0/11 pass=10111 acc=-1 ipm=110.5,114.3 inv=137.3,98.1
ATGCircleSelectEvidence: circle=CIRCLE_LEFT_IN ok=1 source=circle_in_fixed_right rpts=92 rptsn=17 splice_right=92 splice_left=0 far1=0 far_Lpt1=0/-1 Lpt1=0/-1 rptsc1=126 track=0 Guide=-60.00 pure=20.82 cxcy=84.0,119.6
frame=326 line=1 track=0 cross=0 circle=3(CIRCLE_LEFT_IN) round=0 yroad=0 ramp=0 road=7 speed=0 near=0/126 raw=0/107 sel=92/17 far=0/0 far_raw=0/0 l=0@-1/0@-1 far_l=0@-1/0@-1 straight=0/1 far_straight=0/0 circle_cnt=0/1/0/0 lost=1/0 conf=0.0/3.3/0.0/0.0 dist=156 m0=(84,119) ml=(56,119) md=28/0/28 cxcy=84.0,119.6 guide=37.36 atg=-60.0/-60.0/-60.0 pure=20.82/20.82 yaw=-2242 cmd=-2442 actual=-1153 signed=1 rps=7147/453:5261/3781 duty=18/0
ATGCorner: L=0@-1/0@-1 Y=0@-1/0@-1 farL=0@-1/0@-1 Lxy=-1.0,-1.0:-1.0,-1.0/-1.0,-1.0:-1.0,-1.0 Yxy=-1.0,-1.0:-1.0,-1.0/-1.0,-1.0:-1.0,-1.0 farLxy=-1.0,-1.0:-1.0,-1.0/-1.0,-1.0:-1.0,-1.0 best=-1:-1.0,-1.0:-1.0,-1.0:-57295.8:00000/3:111.5,109.7:131.6,85.8:3.3:10111 seed_src=circle/none seed=40.0,91.8/0.0,0.0 far_start=40,0 far_raw=0/0 far_num=0/0 straight=0/1 far_straight=0/0 conf_deg=0.0/3.3/0.0/0.0
CrossDiag: type=CROSS_NONE track=0 half_lr=0/0 nearL=0@-1/0@-1 nearNum=0/126 centerNum=0/126 farL=0@-1/0@-1 farNum=0/0 farRaw=0/0 lost=1/0 not_have=0 final=92/17 flags=0/0
LineErr: aim=33 cxcy=84.0,119.6 left=0:0.00@-1,-1 dx=0.0 idx=-1/-1 dist=-1/-1 right=1:-4.00@89,77 dx=4.6 idx=0/16 dist=32/250 sel=1:57.82@56,125 dx=-27.9 idx=0/16 dist=32/32 edge=0:0.00@-1.0,-1.0 dx=0.0 width=0.0 l=-1,-1 r=115,80
ATGSeedDiag: seed=0@-1,-1/1@142,108 begin=7,108 block=5 clip=8
ATGLptDiag: best=-1(-57295.8) imip=-1/-1 pass=00000 acc=-1 ipm=-1.0,-1.0 inv=-1.0,-1.0 | 3(3.3) imip=0/13 pass=10111 acc=-1 ipm=111.5,109.7 inv=131.6,85.8
ATGCircleSelectEvidence: circle=CIRCLE_LEFT_IN ok=1 source=circle_in_fixed_right rpts=92 rptsn=17 splice_right=92 splice_left=0 far1=0 far_Lpt1=0/-1 Lpt1=0/-1 rptsc1=127 track=0 Guide=-60.00 pure=20.82 cxcy=84.0,119.6
frame=327 line=1 track=0 cross=0 circle=3(CIRCLE_LEFT_IN) round=0 yroad=0 ramp=0 road=7 speed=0 near=0/127 raw=0/108 sel=92/17 far=0/0 far_raw=0/0 l=0@-1/0@-1 far_l=0@-1/0@-1 straight=0/1 far_straight=0/0 circle_cnt=0/1/0/0 lost=1/0 conf=0.0/3.8/0.0/0.0 dist=169 m0=(84,119) ml=(56,119) md=28/0/28 cxcy=84.0,119.6 guide=37.36 atg=-60.0/-60.0/-60.0 pure=20.82/20.82 yaw=-2242 cmd=-2442 actual=-1256 signed=1 rps=7147/453:5576/3859 duty=18/0
ATGCorner: L=0@-1/0@-1 Y=0@-1/0@-1 farL=0@-1/0@-1 Lxy=-1.0,-1.0:-1.0,-1.0/-1.0,-1.0:-1.0,-1.0 Yxy=-1.0,-1.0:-1.0,-1.0/-1.0,-1.0:-1.0,-1.0 farLxy=-1.0,-1.0:-1.0,-1.0/-1.0,-1.0:-1.0,-1.0 best=-1:-1.0,-1.0:-1.0,-1.0:-57295.8:00000/1:111.0,114.3:138.3,98.0:3.8:10111 seed_src=circle/none seed=40.0,91.8/0.0,0.0 far_start=40,0 far_raw=0/0 far_num=0/0 straight=0/1 far_straight=0/0 conf_deg=0.0/3.8/0.0/0.0
CrossDiag: type=CROSS_NONE track=0 half_lr=0/0 nearL=0@-1/0@-1 nearNum=0/127 centerNum=0/127 farL=0@-1/0@-1 farNum=0/0 farRaw=0/0 lost=1/0 not_have=0 final=92/17 flags=0/0
LineErr: aim=33 cxcy=84.0,119.6 left=0:0.00@-1,-1 dx=0.0 idx=-1/-1 dist=-1/-1 right=1:-4.48@89,77 dx=5.2 idx=0/16 dist=32/252 sel=1:57.82@56,125 dx=-27.9 idx=0/16 dist=32/32 edge=0:0.00@-1.0,-1.0 dx=0.0 width=0.0 l=-1,-1 r=115,80
ATGSeedDiag: seed=0@-1,-1/1@143,108 begin=7,108 block=5 clip=8
ATGLptDiag: best=-1(-57295.8) imip=-1/-1 pass=00000 acc=-1 ipm=-1.0,-1.0 inv=-1.0,-1.0 | 1(3.8) imip=0/11 pass=10111 acc=-1 ipm=111.0,114.3 inv=138.3,98.0
ATGCircleSelectEvidence: circle=CIRCLE_LEFT_IN ok=1 source=circle_in_fixed_right rpts=92 rptsn=17 splice_right=92 splice_left=0 far1=0 far_Lpt1=0/-1 Lpt1=0/-1 rptsc1=1 track=0 Guide=-60.00 pure=20.82 cxcy=84.0,119.6
frame=328 line=1 track=0 cross=0 circle=3(CIRCLE_LEFT_IN) round=0 yroad=0 ramp=0 road=7 speed=0 near=0/1 raw=0/170 sel=92/17 far=0/0 far_raw=0/0 l=0@-1/0@-1 far_l=0@-1/0@-1 straight=0/0 far_straight=0/0 circle_cnt=0/2/0/0 lost=1/0 conf=0.0/0.0/0.0/0.0 dist=182 m0=(84,119) ml=(56,119) md=28/0/28 cxcy=84.0,119.6 guide=37.36 atg=-60.0/-60.0/-60.0 pure=20.82/20.82 yaw=-2242 cmd=-2442 actual=-1346 signed=1 rps=7147/453:5748/3837 duty=18/0
ATGCorner: L=0@-1/0@-1 Y=0@-1/0@-1 farL=0@-1/0@-1 Lxy=-1.0,-1.0:-1.0,-1.0/-1.0,-1.0:-1.0,-1.0 Yxy=-1.0,-1.0:-1.0,-1.0/-1.0,-1.0:-1.0,-1.0 farLxy=-1.0,-1.0:-1.0,-1.0/-1.0,-1.0:-1.0,-1.0 best=-1:-1.0,-1.0:-1.0,-1.0:-57295.8:00000/-1:-1.0,-1.0:-1.0,-1.0:-57295.8:00000 seed_src=circle/lost seed=40.0,91.8/0.0,0.0 far_start=40,0 far_raw=0/0 far_num=0/0 straight=0/0 far_straight=0/0 conf_deg=0.0/0.0/0.0/0.0
CrossDiag: type=CROSS_NONE track=0 half_lr=0/0 nearL=0@-1/0@-1 nearNum=0/1 centerNum=0/1 farL=0@-1/0@-1 farNum=0/0 farRaw=0/0 lost=1/0 not_have=0 final=92/17 flags=0/0
LineErr: aim=33 cxcy=84.0,119.6 left=0:0.00@-1,-1 dx=0.0 idx=-1/-1 dist=-1/-1 right=0:0.00@-1,-1 dx=0.0 idx=-1/-1 dist=-1/-1 sel=1:57.82@56,125 dx=-27.9 idx=0/16 dist=32/32 edge=0:0.00@-1.0,-1.0 dx=0.0 width=0.0 l=-1,-1 r=-1,-1
ATGSeedDiag: seed=0@-1,-1/1@122,108 begin=7,108 block=5 clip=8
ATGLptDiag: best=-1(-57295.8) imip=-1/-1 pass=00000 acc=-1 ipm=-1.0,-1.0 inv=-1.0,-1.0 | -1(-57295.8) imip=-1/-1 pass=00000 acc=-1 ipm=-1.0,-1.0 inv=-1.0,-1.0
ATGCircleSelectEvidence: circle=CIRCLE_LEFT_IN ok=1 source=circle_in_fixed_right rpts=92 rptsn=17 splice_right=92 splice_left=0 far1=0 far_Lpt1=0/-1 Lpt1=0/-1 rptsc1=127 track=0 Guide=-60.00 pure=20.82 cxcy=84.0,119.6
frame=329 line=1 track=0 cross=0 circle=3(CIRCLE_LEFT_IN) round=0 yroad=0 ramp=0 road=7 speed=0 near=0/127 raw=0/107 sel=92/17 far=0/0 far_raw=0/0 l=0@-1/0@-1 far_l=0@-1/0@-1 straight=0/1 far_straight=0/0 circle_cnt=0/2/0/0 lost=1/0 conf=0.0/4.7/0.0/0.0 dist=194 m0=(84,119) ml=(56,119) md=28/0/28 cxcy=84.0,119.6 guide=37.36 atg=-60.0/-60.0/-60.0 pure=20.82/20.82 yaw=-2242 cmd=-2442 actual=-1414 signed=1 rps=7147/453:5451/3560 duty=18/0
ATGCorner: L=0@-1/0@-1 Y=0@-1/0@-1 farL=0@-1/0@-1 Lxy=-1.0,-1.0:-1.0,-1.0/-1.0,-1.0:-1.0,-1.0 Yxy=-1.0,-1.0:-1.0,-1.0/-1.0,-1.0:-1.0,-1.0 farLxy=-1.0,-1.0:-1.0,-1.0/-1.0,-1.0:-1.0,-1.0 best=-1:-1.0,-1.0:-1.0,-1.0:-57295.8:00000/1:111.9,114.3:140.2,98.1:4.7:10111 seed_src=circle/none seed=40.0,91.8/0.0,0.0 far_start=40,0 far_raw=0/0 far_num=0/0 straight=0/1 far_straight=0/0 conf_deg=0.0/4.7/0.0/0.0
CrossDiag: type=CROSS_NONE track=0 half_lr=0/0 nearL=0@-1/0@-1 nearNum=0/127 centerNum=0/127 farL=0@-1/0@-1 farNum=0/0 farRaw=0/0 lost=1/0 not_have=0 final=92/17 flags=0/0
LineErr: aim=33 cxcy=84.0,119.6 left=0:0.00@-1,-1 dx=0.0 idx=-1/-1 dist=-1/-1 right=1:-6.34@91,76 dx=7.4 idx=0/16 dist=32/252 sel=1:57.82@56,125 dx=-27.9 idx=0/16 dist=32/32 edge=0:0.00@-1.0,-1.0 dx=0.0 width=0.0 l=-1,-1 r=117,80
ATGSeedDiag: seed=0@-1,-1/1@145,108 begin=7,108 block=5 clip=8
ATGLptDiag: best=-1(-57295.8) imip=-1/-1 pass=00000 acc=-1 ipm=-1.0,-1.0 inv=-1.0,-1.0 | 1(4.7) imip=0/11 pass=10111 acc=-1 ipm=111.9,114.3 inv=140.2,98.1
ATGCircleSelectEvidence: circle=CIRCLE_LEFT_IN ok=1 source=circle_in_fixed_right rpts=92 rptsn=17 splice_right=92 splice_left=0 far1=0 far_Lpt1=0/-1 Lpt1=0/-1 rptsc1=128 track=0 Guide=-60.00 pure=20.82 cxcy=84.0,119.6
frame=330 line=1 track=0 cross=0 circle=3(CIRCLE_LEFT_IN) round=0 yroad=0 ramp=0 road=7 speed=0 near=0/128 raw=0/107 sel=92/17 far=0/0 far_raw=0/0 l=0@-1/0@-1 far_l=0@-1/0@-1 straight=0/1 far_straight=0/0 circle_cnt=0/2/0/0 lost=1/0 conf=0.0/6.1/0.0/0.0 dist=206 m0=(84,119) ml=(56,119) md=28/0/28 cxcy=84.0,119.6 guide=37.36 atg=-60.0/-60.0/-60.0 pure=20.82/20.82 yaw=-2242 cmd=-2442 actual=-1485 signed=1 rps=7147/453:5564/3718 duty=18/0
ATGCorner: L=0@-1/0@-1 Y=0@-1/0@-1 farL=0@-1/0@-1 Lxy=-1.0,-1.0:-1.0,-1.0/-1.0,-1.0:-1.0,-1.0 Yxy=-1.0,-1.0:-1.0,-1.0/-1.0,-1.0:-1.0,-1.0 farLxy=-1.0,-1.0:-1.0,-1.0/-1.0,-1.0:-1.0,-1.0 best=-1:-1.0,-1.0:-1.0,-1.0:-57295.8:00000/1:112.3,114.0:140.7,97.3:6.1:10111 seed_src=circle/none seed=40.0,91.8/0.0,0.0 far_start=40,0 far_raw=0/0 far_num=0/0 straight=0/1 far_straight=0/0 conf_deg=0.0/6.1/0.0/0.0
CrossDiag: type=CROSS_NONE track=0 half_lr=0/0 nearL=0@-1/0@-1 nearNum=0/128 centerNum=0/128 farL=0@-1/0@-1 farNum=0/0 farRaw=0/0 lost=1/0 not_have=0 final=92/17 flags=0/0
LineErr: aim=33 cxcy=84.0,119.6 left=0:0.00@-1,-1 dx=0.0 idx=-1/-1 dist=-1/-1 right=1:-7.13@92,75 dx=8.4 idx=0/16 dist=32/254 sel=1:57.82@56,125 dx=-27.9 idx=0/16 dist=32/32 edge=0:0.00@-1.0,-1.0 dx=0.0 width=0.0 l=-1,-1 r=118,80
ATGSeedDiag: seed=0@-1,-1/1@145,107 begin=7,108 block=5 clip=8
ATGLptDiag: best=-1(-57295.8) imip=-1/-1 pass=00000 acc=-1 ipm=-1.0,-1.0 inv=-1.0,-1.0 | 1(6.1) imip=0/11 pass=10111 acc=-1 ipm=112.3,114.0 inv=140.7,97.3
ATGCircleSelectEvidence: circle=CIRCLE_LEFT_IN ok=1 source=circle_in_fixed_right rpts=92 rptsn=17 splice_right=92 splice_left=0 far1=0 far_Lpt1=0/-1 Lpt1=0/-1 rptsc1=128 track=0 Guide=-60.00 pure=20.82 cxcy=84.0,119.6
frame=331 line=1 track=0 cross=0 circle=3(CIRCLE_LEFT_IN) round=0 yroad=0 ramp=0 road=7 speed=0 near=0/128 raw=0/108 sel=92/17 far=0/0 far_raw=0/0 l=0@-1/0@-1 far_l=0@-1/0@-1 straight=0/1 far_straight=0/0 circle_cnt=0/2/0/0 lost=1/0 conf=0.0/8.3/0.0/0.0 dist=218 m0=(84,119) ml=(56,119) md=28/0/28 cxcy=84.0,119.6 guide=37.36 atg=-60.0/-60.0/-60.0 pure=20.82/20.82 yaw=-2242 cmd=-2442 actual=-1551 signed=1 rps=7147/453:5196/3608 duty=18/0
ATGCorner: L=0@-1/0@-1 Y=0@-1/0@-1 farL=0@-1/0@-1 Lxy=-1.0,-1.0:-1.0,-1.0/-1.0,-1.0:-1.0,-1.0 Yxy=-1.0,-1.0:-1.0,-1.0/-1.0,-1.0:-1.0,-1.0 farLxy=-1.0,-1.0:-1.0,-1.0/-1.0,-1.0:-1.0,-1.0 best=-1:-1.0,-1.0:-1.0,-1.0:-57295.8:00000/1:112.7,114.4:142.1,98.3:8.3:10111 seed_src=circle/none seed=40.0,91.8/0.0,0.0 far_start=40,0 far_raw=0/0 far_num=0/0 straight=0/1 far_straight=0/0 conf_deg=0.0/8.3/0.0/0.0
CrossDiag: type=CROSS_NONE track=0 half_lr=0/0 nearL=0@-1/0@-1 nearNum=0/128 centerNum=0/128 farL=0@-1/0@-1 farNum=0/0 farRaw=0/0 lost=1/0 not_have=0 final=92/17 flags=0/0
LineErr: aim=33 cxcy=84.0,119.6 left=0:0.00@-1,-1 dx=0.0 idx=-1/-1 dist=-1/-1 right=1:-8.22@94,76 dx=9.7 idx=0/16 dist=32/254 sel=1:57.82@56,125 dx=-27.9 idx=0/16 dist=32/32 edge=0:0.00@-1.0,-1.0 dx=0.0 width=0.0 l=-1,-1 r=119,80
ATGSeedDiag: seed=0@-1,-1/1@146,108 begin=7,108 block=5 clip=8
ATGLptDiag: best=-1(-57295.8) imip=-1/-1 pass=00000 acc=-1 ipm=-1.0,-1.0 inv=-1.0,-1.0 | 1(8.3) imip=0/11 pass=10111 acc=-1 ipm=112.7,114.4 inv=142.1,98.3
ATGCircleSelectEvidence: circle=CIRCLE_LEFT_IN ok=1 source=circle_in_fixed_right rpts=92 rptsn=17 splice_right=92 splice_left=0 far1=0 far_Lpt1=0/-1 Lpt1=0/-1 rptsc1=129 track=0 Guide=-60.00 pure=20.82 cxcy=84.0,119.6
ATGCircleSelectEvidence: circle=CIRCLE_LEFT_IN ok=1 source=circle_in_fixed_right rpts=92 rptsn=17 splice_right=92 splice_left=0 far1=0 far_Lpt1=0/-1 Lpt1=0/-1 rptsc1=129 track=0 Guide=-60.00 pure=20.82 cxcy=84.0,119.6
ATGCircleSelectEvidence: circle=CIRCLE_LEFT_IN ok=1 source=circle_in_fixed_right rpts=92 rptsn=17 splice_right=92 splice_left=0 far1=0 far_Lpt1=0/-1 Lpt1=0/-1 rptsc1=130 track=0 Guide=-60.00 pure=20.82 cxcy=84.0,119.6
frame=334 line=1 track=0 cross=0 circle=3(CIRCLE_LEFT_IN) round=0 yroad=0 ramp=0 road=7 speed=0 near=0/130 raw=0/109 sel=92/17 far=0/0 far_raw=0/0 l=0@-1/0@-1 far_l=0@-1/0@-1 straight=0/1 far_straight=0/0 circle_cnt=0/2/0/0 lost=1/0 conf=0.0/6.3/0.0/0.0 dist=257 m0=(84,119) ml=(56,119) md=28/0/28 cxcy=84.0,119.6 guide=37.36 atg=-60.0/-60.0/-60.0 pure=20.82/20.82 yaw=-2242 cmd=-2442 actual=-1720 signed=1 rps=7147/453:5515/4117 duty=18/0
ATGCorner: L=0@-1/0@-1 Y=0@-1/0@-1 farL=0@-1/0@-1 Lxy=-1.0,-1.0:-1.0,-1.0/-1.0,-1.0:-1.0,-1.0 Yxy=-1.0,-1.0:-1.0,-1.0/-1.0,-1.0:-1.0,-1.0 farLxy=-1.0,-1.0:-1.0,-1.0/-1.0,-1.0:-1.0,-1.0 best=-1:-1.0,-1.0:-1.0,-1.0:-57295.8:00000/1:114.7,114.4:146.8,98.4:6.3:10111 seed_src=circle/none seed=40.0,91.8/0.0,0.0 far_start=40,0 far_raw=0/0 far_num=0/0 straight=0/1 far_straight=0/0 conf_deg=0.0/6.3/0.0/0.0
CrossDiag: type=CROSS_NONE track=0 half_lr=0/0 nearL=0@-1/0@-1 nearNum=0/130 centerNum=0/130 farL=0@-1/0@-1 farNum=0/0 farRaw=0/0 lost=1/0 not_have=0 final=92/17 flags=0/0
LineErr: aim=33 cxcy=84.0,119.6 left=0:0.00@-1,-1 dx=0.0 idx=-1/-1 dist=-1/-1 right=1:-12.21@99,74 dx=14.9 idx=0/16 dist=32/258 sel=1:57.82@56,125 dx=-27.9 idx=0/16 dist=32/32 edge=0:0.00@-1.0,-1.0 dx=0.0 width=0.0 l=-1,-1 r=124,81
ATGSeedDiag: seed=0@-1,-1/1@150,108 begin=7,108 block=5 clip=8
ATGLptDiag: best=-1(-57295.8) imip=-1/-1 pass=00000 acc=-1 ipm=-1.0,-1.0 inv=-1.0,-1.0 | 1(6.3) imip=0/11 pass=10111 acc=-1 ipm=114.7,114.4 inv=146.8,98.4
ATGCircleSelectEvidence: circle=CIRCLE_LEFT_IN ok=1 source=circle_in_fixed_right rpts=92 rptsn=17 splice_right=92 splice_left=0 far1=0 far_Lpt1=0/-1 Lpt1=0/-1 rptsc1=130 track=0 Guide=-60.00 pure=20.82 cxcy=84.0,119.6
frame=335 line=1 track=0 cross=0 circle=3(CIRCLE_LEFT_IN) round=0 yroad=0 ramp=0 road=7 speed=0 near=0/130 raw=0/109 sel=92/17 far=0/0 far_raw=0/0 l=0@-1/0@-1 far_l=0@-1/0@-1 straight=0/1 far_straight=0/0 circle_cnt=0/2/0/0 lost=1/0 conf=0.0/4.1/0.0/0.0 dist=271 m0=(84,119) ml=(56,119) md=28/0/28 cxcy=84.0,119.6 guide=37.36 atg=-60.0/-60.0/-60.0 pure=20.82/20.82 yaw=-2242 cmd=-2442 actual=-1780 signed=1 rps=7147/453:5809/4256 duty=18/0
ATGCorner: L=0@-1/0@-1 Y=0@-1/0@-1 farL=0@-1/0@-1 Lxy=-1.0,-1.0:-1.0,-1.0/-1.0,-1.0:-1.0,-1.0 Yxy=-1.0,-1.0:-1.0,-1.0/-1.0,-1.0:-1.0,-1.0 farLxy=-1.0,-1.0:-1.0,-1.0/-1.0,-1.0:-1.0,-1.0 best=-1:-1.0,-1.0:-1.0,-1.0:-57295.8:00000/2:116.2,111.9:144.9,91.4:4.1:10111 seed_src=circle/none seed=40.0,91.8/0.0,0.0 far_start=40,0 far_raw=0/0 far_num=0/0 straight=0/1 far_straight=0/0 conf_deg=0.0/4.1/0.0/0.0
CrossDiag: type=CROSS_NONE track=0 half_lr=0/0 nearL=0@-1/0@-1 nearNum=0/130 centerNum=0/130 farL=0@-1/0@-1 farNum=0/0 farRaw=0/0 lost=1/0 not_have=0 final=92/17 flags=0/0
LineErr: aim=33 cxcy=84.0,119.6 left=0:0.00@-1,-1 dx=0.0 idx=-1/-1 dist=-1/-1 right=1:-13.28@100,74 dx=16.3 idx=0/16 dist=32/259 sel=1:57.82@56,125 dx=-27.9 idx=0/16 dist=32/32 edge=0:0.00@-1.0,-1.0 dx=0.0 width=0.0 l=-1,-1 r=125,81
ATGSeedDiag: seed=0@-1,-1/1@151,107 begin=7,108 block=5 clip=8
ATGLptDiag: best=-1(-57295.8) imip=-1/-1 pass=00000 acc=-1 ipm=-1.0,-1.0 inv=-1.0,-1.0 | 2(4.1) imip=0/12 pass=10111 acc=-1 ipm=116.2,111.9 inv=144.9,91.4
ATGCircleSelectEvidence: circle=CIRCLE_LEFT_IN ok=1 source=circle_in_fixed_right rpts=92 rptsn=17 splice_right=92 splice_left=0 far1=0 far_Lpt1=0/-1 Lpt1=0/-1 rptsc1=131 track=0 Guide=-60.00 pure=20.82 cxcy=84.0,119.6
frame=336 line=1 track=0 cross=0 circle=3(CIRCLE_LEFT_IN) round=0 yroad=0 ramp=0 road=7 speed=0 near=0/131 raw=0/112 sel=92/17 far=0/0 far_raw=0/0 l=0@-1/0@-1 far_l=0@-1/0@-1 straight=0/1 far_straight=0/0 circle_cnt=0/2/0/0 lost=1/0 conf=0.0/5.9/0.0/0.0 dist=285 m0=(84,119) ml=(56,119) md=28/0/28 cxcy=84.0,119.6 guide=37.36 atg=-60.0/-60.0/-60.0 pure=20.82/20.82 yaw=-2242 cmd=-2442 actual=-1839 signed=1 rps=7147/453:5780/4094 duty=18/0
ATGCorner: L=0@-1/0@-1 Y=0@-1/0@-1 farL=0@-1/0@-1 Lxy=-1.0,-1.0:-1.0,-1.0/-1.0,-1.0:-1.0,-1.0 Yxy=-1.0,-1.0:-1.0,-1.0/-1.0,-1.0:-1.0,-1.0 farLxy=-1.0,-1.0:-1.0,-1.0/-1.0,-1.0:-1.0,-1.0 best=-1:-1.0,-1.0:-1.0,-1.0:-57295.8:00000/1:115.9,114.5:149.5,98.6:5.9:10111 seed_src=circle/none seed=40.0,91.8/0.0,0.0 far_start=40,0 far_raw=0/0 far_num=0/0 straight=0/1 far_straight=0/0 conf_deg=0.0/5.9/0.0/0.0
CrossDiag: type=CROSS_NONE track=0 half_lr=0/0 nearL=0@-1/0@-1 nearNum=0/131 centerNum=0/131 farL=0@-1/0@-1 farNum=0/0 farRaw=0/0 lost=1/0 not_have=0 final=92/17 flags=0/0
LineErr: aim=33 cxcy=84.0,119.6 left=0:0.00@-1,-1 dx=0.0 idx=-1/-1 dist=-1/-1 right=1:-14.52@102,74 dx=17.9 idx=0/16 dist=32/259 sel=1:57.82@56,125 dx=-27.9 idx=0/16 dist=32/32 edge=0:0.00@-1.0,-1.0 dx=0.0 width=0.0 l=-1,-1 r=127,81
ATGSeedDiag: seed=0@-1,-1/1@153,108 begin=7,108 block=5 clip=8
ATGLptDiag: best=-1(-57295.8) imip=-1/-1 pass=00000 acc=-1 ipm=-1.0,-1.0 inv=-1.0,-1.0 | 1(5.9) imip=0/11 pass=10111 acc=-1 ipm=115.9,114.5 inv=149.5,98.6
ATGCircleSelectEvidence: circle=CIRCLE_LEFT_IN ok=1 source=circle_in_fixed_right rpts=92 rptsn=17 splice_right=92 splice_left=0 far1=0 far_Lpt1=0/-1 Lpt1=0/-1 rptsc1=131 track=0 Guide=-60.00 pure=20.82 cxcy=84.0,119.6
frame=337 line=1 track=0 cross=0 circle=3(CIRCLE_LEFT_IN) round=0 yroad=0 ramp=0 road=7 speed=0 near=0/131 raw=0/111 sel=92/17 far=0/0 far_raw=0/0 l=0@-1/0@-1 far_l=0@-1/0@-1 straight=0/1 far_straight=0/0 circle_cnt=0/2/0/0 lost=1/0 conf=0.0/3.8/0.0/0.0 dist=299 m0=(84,119) ml=(56,119) md=28/0/28 cxcy=84.0,119.6 guide=37.36 atg=-60.0/-60.0/-60.0 pure=20.82/20.82 yaw=-2242 cmd=-2442 actual=-1886 signed=1 rps=7147/453:6094/4199 duty=17/0
ATGCorner: L=0@-1/0@-1 Y=0@-1/0@-1 farL=0@-1/0@-1 Lxy=-1.0,-1.0:-1.0,-1.0/-1.0,-1.0:-1.0,-1.0 Yxy=-1.0,-1.0:-1.0,-1.0/-1.0,-1.0:-1.0,-1.0 farLxy=-1.0,-1.0:-1.0,-1.0/-1.0,-1.0:-1.0,-1.0 best=-1:-1.0,-1.0:-1.0,-1.0:-57295.8:00000/3:118.5,109.9:145.7,86.1:3.8:10111 seed_src=circle/none seed=40.0,91.8/0.0,0.0 far_start=40,0 far_raw=0/0 far_num=0/0 straight=0/1 far_straight=0/0 conf_deg=0.0/3.8/0.0/0.0
CrossDiag: type=CROSS_NONE track=0 half_lr=0/0 nearL=0@-1/0@-1 nearNum=0/131 centerNum=0/131 farL=0@-1/0@-1 farNum=0/0 farRaw=0/0 lost=1/0 not_have=0 final=92/17 flags=0/0
LineErr: aim=33 cxcy=84.0,119.6 left=0:0.00@-1,-1 dx=0.0 idx=-1/-1 dist=-1/-1 right=1:-15.66@104,73 dx=19.6 idx=0/16 dist=32/262 sel=1:57.82@56,125 dx=-27.9 idx=0/16 dist=32/32 edge=0:0.00@-1.0,-1.0 dx=0.0 width=0.0 l=-1,-1 r=128,81
ATGSeedDiag: seed=0@-1,-1/1@154,107 begin=7,108 block=5 clip=8
ATGLptDiag: best=-1(-57295.8) imip=-1/-1 pass=00000 acc=-1 ipm=-1.0,-1.0 inv=-1.0,-1.0 | 3(3.8) imip=0/13 pass=10111 acc=-1 ipm=118.5,109.9 inv=145.7,86.1
ATGCircleSelectEvidence: circle=CIRCLE_LEFT_IN ok=1 source=circle_in_fixed_right rpts=92 rptsn=17 splice_right=92 splice_left=0 far1=0 far_Lpt1=0/-1 Lpt1=0/-1 rptsc1=132 track=0 Guide=-60.00 pure=20.82 cxcy=84.0,119.6
frame=338 line=1 track=0 cross=0 circle=3(CIRCLE_LEFT_IN) round=0 yroad=0 ramp=0 road=7 speed=0 near=0/132 raw=0/110 sel=92/17 far=0/0 far_raw=0/0 l=0@-1/0@-1 far_l=0@-1/0@-1 straight=0/1 far_straight=0/0 circle_cnt=0/2/0/0 lost=1/0 conf=0.0/3.6/0.0/0.0 dist=313 m0=(84,119) ml=(56,119) md=28/0/28 cxcy=84.0,119.6 guide=37.36 atg=-60.0/-60.0/-60.0 pure=20.82/20.82 yaw=-2242 cmd=-2442 actual=-1923 signed=1 rps=7147/453:5909/4025 duty=18/0
ATGCorner: L=0@-1/0@-1 Y=0@-1/0@-1 farL=0@-1/0@-1 Lxy=-1.0,-1.0:-1.0,-1.0/-1.0,-1.0:-1.0,-1.0 Yxy=-1.0,-1.0:-1.0,-1.0/-1.0,-1.0:-1.0,-1.0 farLxy=-1.0,-1.0:-1.0,-1.0/-1.0,-1.0:-1.0,-1.0 best=-1:-1.0,-1.0:-1.0,-1.0:-57295.8:00000/5:121.2,105.4:143.0,76.5:3.6:10111 seed_src=circle/none seed=40.0,91.8/0.0,0.0 far_start=40,0 far_raw=0/0 far_num=0/0 straight=0/1 far_straight=0/0 conf_deg=0.0/3.6/0.0/0.0
CrossDiag: type=CROSS_NONE track=0 half_lr=0/0 nearL=0@-1/0@-1 nearNum=0/132 centerNum=0/132 farL=0@-1/0@-1 farNum=0/0 farRaw=0/0 lost=1/0 not_have=0 final=92/17 flags=0/0
LineErr: aim=33 cxcy=84.0,119.6 left=0:0.00@-1,-1 dx=0.0 idx=-1/-1 dist=-1/-1 right=1:-17.00@106,72 dx=21.5 idx=0/16 dist=32/260 sel=1:57.82@56,125 dx=-27.9 idx=0/16 dist=32/32 edge=0:0.00@-1.0,-1.0 dx=0.0 width=0.0 l=-1,-1 r=130,81
ATGSeedDiag: seed=0@-1,-1/1@155,106 begin=7,108 block=5 clip=8
ATGLptDiag: best=-1(-57295.8) imip=-1/-1 pass=00000 acc=-1 ipm=-1.0,-1.0 inv=-1.0,-1.0 | 5(3.6) imip=0/15 pass=10111 acc=-1 ipm=121.2,105.4 inv=143.0,76.5
ATGCircleSelectEvidence: circle=CIRCLE_LEFT_IN ok=1 source=circle_in_fixed_right rpts=92 rptsn=17 splice_right=92 splice_left=0 far1=0 far_Lpt1=0/-1 Lpt1=0/-1 rptsc1=132 track=0 Guide=-60.00 pure=20.82 cxcy=84.0,119.6
frame=339 line=1 track=0 cross=0 circle=3(CIRCLE_LEFT_IN) round=0 yroad=0 ramp=0 road=7 speed=0 near=0/132 raw=0/106 sel=92/17 far=0/0 far_raw=0/0 l=0@-1/0@-1 far_l=0@-1/0@-1 straight=0/1 far_straight=0/0 circle_cnt=0/2/0/0 lost=1/0 conf=0.0/3.3/0.0/0.0 dist=327 m0=(84,119) ml=(56,119) md=28/0/28 cxcy=84.0,119.6 guide=37.36 atg=-60.0/-60.0/-60.0 pure=20.82/20.82 yaw=-2242 cmd=-2442 actual=-1950 signed=1 rps=7147/453:6159/4195 duty=17/0
ATGCorner: L=0@-1/0@-1 Y=0@-1/0@-1 farL=0@-1/0@-1 Lxy=-1.0,-1.0:-1.0,-1.0/-1.0,-1.0:-1.0,-1.0 Yxy=-1.0,-1.0:-1.0,-1.0/-1.0,-1.0:-1.0,-1.0 farLxy=-1.0,-1.0:-1.0,-1.0/-1.0,-1.0:-1.0,-1.0 best=-1:-1.0,-1.0:-1.0,-1.0:-57295.8:00000/4:121.6,106.7:145.8,79.1:3.3:10111 seed_src=circle/none seed=40.0,91.8/0.0,0.0 far_start=40,0 far_raw=0/0 far_num=0/0 straight=0/1 far_straight=0/0 conf_deg=0.0/3.3/0.0/0.0
CrossDiag: type=CROSS_NONE track=0 half_lr=0/0 nearL=0@-1/0@-1 nearNum=0/132 centerNum=0/132 farL=0@-1/0@-1 farNum=0/0 farRaw=0/0 lost=1/0 not_have=0 final=92/17 flags=0/0
LineErr: aim=33 cxcy=84.0,119.6 left=0:0.00@-1,-1 dx=0.0 idx=-1/-1 dist=-1/-1 right=1:-18.33@108,71 dx=23.7 idx=0/16 dist=32/264 sel=1:57.82@56,125 dx=-27.9 idx=0/16 dist=32/32 edge=0:0.00@-1.0,-1.0 dx=0.0 width=0.0 l=-1,-1 r=132,81
ATGSeedDiag: seed=0@-1,-1/1@155,103 begin=7,108 block=5 clip=8
ATGLptDiag: best=-1(-57295.8) imip=-1/-1 pass=00000 acc=-1 ipm=-1.0,-1.0 inv=-1.0,-1.0 | 4(3.3) imip=0/14 pass=10111 acc=-1 ipm=121.6,106.7 inv=145.8,79.1
ATGCircleSelectEvidence: circle=CIRCLE_LEFT_IN ok=1 source=circle_in_fixed_right rpts=92 rptsn=17 splice_right=92 splice_left=0 far1=0 far_Lpt1=0/-1 Lpt1=0/-1 rptsc1=132 track=0 Guide=-60.00 pure=20.82 cxcy=84.0,119.6
frame=340 line=1 track=0 cross=0 circle=3(CIRCLE_LEFT_IN) round=0 yroad=0 ramp=0 road=7 speed=0 near=0/132 raw=0/104 sel=92/17 far=0/0 far_raw=0/0 l=0@-1/0@-1 far_l=0@-1/0@-1 straight=0/1 far_straight=0/0 circle_cnt=0/2/0/0 lost=1/0 conf=0.0/2.5/0.0/0.0 dist=341 m0=(84,119) ml=(56,119) md=28/0/28 cxcy=84.0,119.6 guide=37.36 atg=-60.0/-60.0/-60.0 pure=20.82/20.82 yaw=-2242 cmd=-2442 actual=-1966 signed=1 rps=7147/453:5860/4023 duty=18/0
ATGCorner: L=0@-1/0@-1 Y=0@-1/0@-1 farL=0@-1/0@-1 Lxy=-1.0,-1.0:-1.0,-1.0/-1.0,-1.0:-1.0,-1.0 Yxy=-1.0,-1.0:-1.0,-1.0/-1.0,-1.0:-1.0,-1.0 farLxy=-1.0,-1.0:-1.0,-1.0/-1.0,-1.0:-1.0,-1.0 best=-1:-1.0,-1.0:-1.0,-1.0:-57295.8:00000/5:124.0,103.3:144.5,72.7:2.5:10111 seed_src=circle/none seed=40.0,91.8/0.0,0.0 far_start=40,0 far_raw=0/0 far_num=0/0 straight=0/1 far_straight=0/0 conf_deg=0.0/2.5/0.0/0.0
CrossDiag: type=CROSS_NONE track=0 half_lr=0/0 nearL=0@-1/0@-1 nearNum=0/132 centerNum=0/132 farL=0@-1/0@-1 farNum=0/0 farRaw=0/0 lost=1/0 not_have=0 final=92/17 flags=0/0
LineErr: aim=33 cxcy=84.0,119.6 left=0:0.00@-1,-1 dx=0.0 idx=-1/-1 dist=-1/-1 right=1:-19.46@110,70 dx=25.7 idx=0/16 dist=32/260 sel=1:57.82@56,125 dx=-27.9 idx=0/16 dist=32/32 edge=0:0.00@-1.0,-1.0 dx=0.0 width=0.0 l=-1,-1 r=134,80
ATGSeedDiag: seed=0@-1,-1/1@155,99 begin=7,108 block=5 clip=8
ATGLptDiag: best=-1(-57295.8) imip=-1/-1 pass=00000 acc=-1 ipm=-1.0,-1.0 inv=-1.0,-1.0 | 5(2.5) imip=0/15 pass=10111 acc=-1 ipm=124.0,103.3 inv=144.5,72.7
ATGCircleSelectEvidence: circle=CIRCLE_LEFT_IN ok=1 source=circle_in_fixed_right rpts=92 rptsn=17 splice_right=92 splice_left=0 far1=0 far_Lpt1=0/-1 Lpt1=0/-1 rptsc1=132 track=0 Guide=-60.00 pure=20.82 cxcy=84.0,119.6
frame=341 line=1 track=0 cross=0 circle=3(CIRCLE_LEFT_IN) round=0 yroad=0 ramp=0 road=7 speed=0 near=0/132 raw=0/99 sel=92/17 far=0/0 far_raw=0/0 l=0@-1/0@-1 far_l=0@-1/0@-1 straight=0/1 far_straight=0/0 circle_cnt=0/2/0/0 lost=1/0 conf=0.0/4.8/0.0/0.0 dist=354 m0=(84,119) ml=(56,119) md=28/0/28 cxcy=84.0,119.6 guide=37.36 atg=-60.0/-60.0/-60.0 pure=20.82/20.82 yaw=-2242 cmd=-2442 actual=-1995 signed=1 rps=7147/453:5875/4148 duty=18/0
ATGCorner: L=0@-1/0@-1 Y=0@-1/0@-1 farL=0@-1/0@-1 Lxy=-1.0,-1.0:-1.0,-1.0/-1.0,-1.0:-1.0,-1.0 Yxy=-1.0,-1.0:-1.0,-1.0/-1.0,-1.0:-1.0,-1.0 farLxy=-1.0,-1.0:-1.0,-1.0/-1.0,-1.0:-1.0,-1.0 best=-1:-1.0,-1.0:-1.0,-1.0:-57295.8:00000/1:121.7,110.0:152.1,86.3:4.8:10111 seed_src=circle/none seed=40.0,91.8/0.0,0.0 far_start=40,0 far_raw=0/0 far_num=0/0 straight=0/1 far_straight=0/0 conf_deg=0.0/4.8/0.0/0.0
CrossDiag: type=CROSS_NONE track=0 half_lr=0/0 nearL=0@-1/0@-1 nearNum=0/132 centerNum=0/132 farL=0@-1/0@-1 farNum=0/0 farRaw=0/0 lost=1/0 not_have=0 final=92/17 flags=0/0
LineErr: aim=33 cxcy=84.0,119.6 left=0:0.00@-1,-1 dx=0.0 idx=-1/-1 dist=-1/-1 right=1:-20.65@112,68 dx=28.2 idx=0/16 dist=32/262 sel=1:57.82@56,125 dx=-27.9 idx=0/16 dist=32/32 edge=0:0.00@-1.0,-1.0 dx=0.0 width=0.0 l=-1,-1 r=136,78
ATGSeedDiag: seed=0@-1,-1/1@155,94 begin=7,108 block=5 clip=8
ATGLptDiag: best=-1(-57295.8) imip=-1/-1 pass=00000 acc=-1 ipm=-1.0,-1.0 inv=-1.0,-1.0 | 1(4.8) imip=0/11 pass=10111 acc=-1 ipm=121.7,110.0 inv=152.1,86.3
ATGCircleSelectEvidence: circle=CIRCLE_LEFT_IN ok=1 source=circle_in_fixed_right rpts=92 rptsn=17 splice_right=92 splice_left=0 far1=0 far_Lpt1=0/-1 Lpt1=0/-1 rptsc1=17 track=0 Guide=-60.00 pure=20.82 cxcy=84.0,119.6
frame=342 line=1 track=0 cross=0 circle=3(CIRCLE_LEFT_IN) round=0 yroad=0 ramp=0 road=7 speed=0 near=0/17 raw=0/170 sel=92/17 far=0/0 far_raw=0/0 l=0@-1/0@-1 far_l=0@-1/0@-1 straight=0/0 far_straight=0/0 circle_cnt=0/2/0/0 lost=1/0 conf=0.0/178.0/0.0/0.0 dist=368 m0=(84,119) ml=(56,119) md=28/0/28 cxcy=84.0,119.6 guide=37.36 atg=-60.0/-60.0/-60.0 pure=20.82/20.82 yaw=-2242 cmd=-2442 actual=-2004 signed=1 rps=7147/453:5974/4210 duty=18/0
ATGCorner: L=0@-1/0@-1 Y=0@-1/0@-1 farL=0@-1/0@-1 Lxy=-1.0,-1.0:-1.0,-1.0/-1.0,-1.0:-1.0,-1.0 Yxy=-1.0,-1.0:-1.0,-1.0/-1.0,-1.0:-1.0,-1.0 farLxy=-1.0,-1.0:-1.0,-1.0/-1.0,-1.0:-1.0,-1.0 best=-1:-1.0,-1.0:-1.0,-1.0:-57295.8:00000/9:94.5,113.5:101.4,96.2:178.0:11011 seed_src=circle/none seed=40.0,91.8/0.0,0.0 far_start=40,0 far_raw=0/0 far_num=0/0 straight=0/0 far_straight=0/0 conf_deg=0.0/178.0/0.0/0.0
CrossDiag: type=CROSS_NONE track=0 half_lr=0/0 nearL=0@-1/0@-1 nearNum=0/17 centerNum=0/17 farL=0@-1/0@-1 farNum=0/0 farRaw=0/0 lost=1/0 not_have=0 final=92/17 flags=0/0
LineErr: aim=33 cxcy=84.0,119.6 left=0:0.00@-1,-1 dx=0.0 idx=-1/-1 dist=-1/-1 right=1:-35.79@115,99 dx=31.3 idx=15/16 dist=50/50 sel=1:57.82@56,125 dx=-27.9 idx=0/16 dist=32/32 edge=0:0.00@-1.0,-1.0 dx=0.0 width=0.0 l=-1,-1 r=-1,-1
ATGSeedDiag: seed=0@-1,-1/1@98,95 begin=7,108 block=5 clip=8
ATGLptDiag: best=-1(-57295.8) imip=-1/-1 pass=00000 acc=-1 ipm=-1.0,-1.0 inv=-1.0,-1.0 | 9(178.0) imip=0/16 pass=11011 acc=-1 ipm=94.5,113.5 inv=101.4,96.2
ATGCircleSelectEvidence: circle=CIRCLE_LEFT_IN ok=1 source=circle_in_fixed_right rpts=92 rptsn=17 splice_right=92 splice_left=0 far1=0 far_Lpt1=0/-1 Lpt1=0/-1 rptsc1=16 track=0 Guide=-60.00 pure=20.82 cxcy=84.0,119.6
frame=343 line=1 track=0 cross=0 circle=3(CIRCLE_LEFT_IN) round=0 yroad=0 ramp=0 road=7 speed=0 near=0/16 raw=0/170 sel=92/17 far=0/0 far_raw=0/0 l=0@-1/0@-1 far_l=0@-1/0@-1 straight=0/0 far_straight=0/0 circle_cnt=0/2/0/0 lost=1/0 conf=0.0/169.0/0.0/0.0 dist=381 m0=(84,119) ml=(56,119) md=28/0/28 cxcy=84.0,119.6 guide=37.36 atg=-60.0/-60.0/-60.0 pure=20.82/20.82 yaw=-2242 cmd=-2442 actual=-2022 signed=1 rps=7147/453:5578/3855 duty=18/0
ATGCorner: L=0@-1/0@-1 Y=0@-1/0@-1 farL=0@-1/0@-1 Lxy=-1.0,-1.0:-1.0,-1.0/-1.0,-1.0:-1.0,-1.0 Yxy=-1.0,-1.0:-1.0,-1.0/-1.0,-1.0:-1.0,-1.0 farLxy=-1.0,-1.0:-1.0,-1.0/-1.0,-1.0:-1.0,-1.0 best=-1:-1.0,-1.0:-1.0,-1.0:-57295.8:00000/7:95.1,114.7:103.6,99.6:169.0:11011 seed_src=circle/none seed=40.0,91.8/0.0,0.0 far_start=40,0 far_raw=0/0 far_num=0/0 straight=0/0 far_straight=0/0 conf_deg=0.0/169.0/0.0/0.0
CrossDiag: type=CROSS_NONE track=0 half_lr=0/0 nearL=0@-1/0@-1 nearNum=0/16 centerNum=0/16 farL=0@-1/0@-1 farNum=0/0 farRaw=0/0 lost=1/0 not_have=0 final=92/17 flags=0/0
LineErr: aim=33 cxcy=84.0,119.6 left=0:0.00@-1,-1 dx=0.0 idx=-1/-1 dist=-1/-1 right=1:-26.65@109,93 dx=25.2 idx=11/12 dist=49/196 sel=1:57.82@56,125 dx=-27.9 idx=0/16 dist=32/32 edge=0:0.00@-1.0,-1.0 dx=0.0 width=0.0 l=-1,-1 r=95,115
ATGSeedDiag: seed=0@-1,-1/1@98,95 begin=7,108 block=5 clip=8
ATGLptDiag: best=-1(-57295.8) imip=-1/-1 pass=00000 acc=-1 ipm=-1.0,-1.0 inv=-1.0,-1.0 | 7(169.0) imip=0/15 pass=11011 acc=-1 ipm=95.1,114.7 inv=103.6,99.6
ATGCircleSelectEvidence: circle=CIRCLE_LEFT_IN ok=1 source=circle_in_fixed_right rpts=92 rptsn=17 splice_right=92 splice_left=0 far1=0 far_Lpt1=0/-1 Lpt1=0/-1 rptsc1=1 track=0 Guide=-60.00 pure=20.82 cxcy=84.0,119.6
frame=344 line=1 track=0 cross=0 circle=3(CIRCLE_LEFT_IN) round=0 yroad=0 ramp=0 road=7 speed=0 near=0/1 raw=0/170 sel=92/17 far=0/0 far_raw=0/0 l=0@-1/0@-1 far_l=0@-1/0@-1 straight=0/0 far_straight=0/0 circle_cnt=0/3/0/0 lost=1/0 conf=0.0/0.0/0.0/0.0 dist=394 m0=(84,119) ml=(56,119) md=28/0/28 cxcy=84.0,119.6 guide=37.36 atg=-60.0/-60.0/-60.0 pure=20.82/20.82 yaw=-2242 cmd=-2434 actual=-2050 signed=1 rps=7136/464:5917/3911 duty=18/0
ATGCorner: L=0@-1/0@-1 Y=0@-1/0@-1 farL=0@-1/0@-1 Lxy=-1.0,-1.0:-1.0,-1.0/-1.0,-1.0:-1.0,-1.0 Yxy=-1.0,-1.0:-1.0,-1.0/-1.0,-1.0:-1.0,-1.0 farLxy=-1.0,-1.0:-1.0,-1.0/-1.0,-1.0:-1.0,-1.0 best=-1:-1.0,-1.0:-1.0,-1.0:-57295.8:00000/-1:-1.0,-1.0:-1.0,-1.0:-57295.8:00000 seed_src=circle/lost seed=40.0,91.8/0.0,0.0 far_start=40,0 far_raw=0/0 far_num=0/0 straight=0/0 far_straight=0/0 conf_deg=0.0/0.0/0.0/0.0
CrossDiag: type=CROSS_NONE track=0 half_lr=0/0 nearL=0@-1/0@-1 nearNum=0/1 centerNum=0/1 farL=0@-1/0@-1 farNum=0/0 farRaw=0/0 lost=1/0 not_have=0 final=92/17 flags=0/0
LineErr: aim=33 cxcy=84.0,119.6 left=0:0.00@-1,-1 dx=0.0 idx=-1/-1 dist=-1/-1 right=0:0.00@-1,-1 dx=0.0 idx=-1/-1 dist=-1/-1 sel=1:57.82@56,125 dx=-27.9 idx=0/16 dist=32/32 edge=0:0.00@-1.0,-1.0 dx=0.0 width=0.0 l=-1,-1 r=-1,-1
ATGSeedDiag: seed=0@-1,-1/1@103,102 begin=7,108 block=5 clip=8
ATGLptDiag: best=-1(-57295.8) imip=-1/-1 pass=00000 acc=-1 ipm=-1.0,-1.0 inv=-1.0,-1.0 | -1(-57295.8) imip=-1/-1 pass=00000 acc=-1 ipm=-1.0,-1.0 inv=-1.0,-1.0
ATGCircleSelectEvidence: circle=CIRCLE_LEFT_IN ok=1 source=circle_in_fixed_right rpts=92 rptsn=17 splice_right=92 splice_left=0 far1=0 far_Lpt1=0/-1 Lpt1=0/-1 rptsc1=1 track=0 Guide=-60.00 pure=20.82 cxcy=84.0,119.6
ATGCircleSelectEvidence: circle=CIRCLE_LEFT_IN ok=1 source=circle_in_fixed_right rpts=92 rptsn=17 splice_right=92 splice_left=0 far1=0 far_Lpt1=0/-1 Lpt1=1/1 rptsc1=-1 track=0 Guide=-60.00 pure=20.82 cxcy=84.0,119.6
frame=346 line=1 track=0 cross=0 circle=3(CIRCLE_LEFT_IN) round=0 yroad=0 ramp=0 road=7 speed=0 near=0/-1 raw=0/170 sel=92/17 far=0/0 far_raw=0/0 l=0@-1/1@1 far_l=0@-1/0@-1 straight=0/0 far_straight=0/0 circle_cnt=0/5/0/0 lost=1/0 conf=0.0/135.1/0.0/0.0 dist=421 m0=(84,119) ml=(56,119) md=28/0/28 cxcy=84.0,119.6 guide=37.36 atg=-60.0/-60.0/-60.0 pure=20.82/20.82 yaw=-2242 cmd=-2385 actual=-2098 signed=1 rps=7069/531:6252/3846 duty=17/0
ATGCorner: L=0@-1/1@1 Y=0@-1/0@-1 farL=0@-1/0@-1 Lxy=-1.0,-1.0:-1.0,-1.0/-1.0,-1.0:-1.0,-1.0 Yxy=-1.0,-1.0:-1.0,-1.0/-1.0,-1.0:-1.0,-1.0 farLxy=-1.0,-1.0:-1.0,-1.0/-1.0,-1.0:-1.0,-1.0 best=-1:-1.0,-1.0:-1.0,-1.0:-57295.8:00000/1:96.4,117.1:109.1,107.6:135.1:11111 seed_src=circle/lost seed=40.0,91.8/0.0,0.0 far_start=40,0 far_raw=0/0 far_num=0/0 straight=0/0 far_straight=0/0 conf_deg=0.0/135.1/0.0/0.0
CrossDiag: type=CROSS_NONE track=0 half_lr=0/0 nearL=0@-1/1@1 nearNum=0/-1 centerNum=0/-1 farL=0@-1/0@-1 farNum=0/0 farRaw=0/0 lost=1/0 not_have=0 final=92/17 flags=0/0
LineErr: aim=33 cxcy=84.0,119.6 left=0:0.00@-1,-1 dx=0.0 idx=-1/-1 dist=-1/-1 right=0:0.00@-1,-1 dx=0.0 idx=-1/-1 dist=-1/-1 sel=1:57.82@56,125 dx=-27.9 idx=0/16 dist=32/32 edge=0:0.00@-1.0,-1.0 dx=0.0 width=0.0 l=-1,-1 r=-1,-1
ATGSeedDiag: seed=0@-1,-1/1@105,105 begin=7,108 block=5 clip=8
ATGLptDiag: best=-1(-57295.8) imip=-1/-1 pass=00000 acc=-1 ipm=-1.0,-1.0 inv=-1.0,-1.0 | 1(135.1) imip=0/11 pass=11111 acc=1 ipm=96.4,117.1 inv=109.1,107.6
ATGCircleSelectEvidence: circle=CIRCLE_LEFT_IN ok=1 source=circle_in_fixed_right rpts=92 rptsn=17 splice_right=92 splice_left=0 far1=0 far_Lpt1=0/-1 Lpt1=0/-1 rptsc1=1 track=0 Guide=-60.00 pure=20.82 cxcy=84.0,119.6
frame=347 line=1 track=0 cross=0 circle=3(CIRCLE_LEFT_IN) round=0 yroad=0 ramp=0 road=7 speed=0 near=0/1 raw=0/170 sel=92/17 far=0/0 far_raw=0/0 l=0@-1/0@-1 far_l=0@-1/0@-1 straight=0/0 far_straight=0/0 circle_cnt=0/6/0/0 lost=1/0 conf=0.0/0.0/0.0/0.0 dist=436 m0=(84,119) ml=(56,119) md=28/0/28 cxcy=84.0,119.6 guide=37.36 atg=-60.0/-60.0/-60.0 pure=20.82/20.82 yaw=-2242 cmd=-2374 actual=-2110 signed=1 rps=7053/547:6574/4120 duty=16/0
ATGCorner: L=0@-1/0@-1 Y=0@-1/0@-1 farL=0@-1/0@-1 Lxy=-1.0,-1.0:-1.0,-1.0/-1.0,-1.0:-1.0,-1.0 Yxy=-1.0,-1.0:-1.0,-1.0/-1.0,-1.0:-1.0,-1.0 farLxy=-1.0,-1.0:-1.0,-1.0/-1.0,-1.0:-1.0,-1.0 best=-1:-1.0,-1.0:-1.0,-1.0:-57295.8:00000/-1:-1.0,-1.0:-1.0,-1.0:-57295.8:00000 seed_src=circle/lost seed=40.0,91.8/0.0,0.0 far_start=40,0 far_raw=0/0 far_num=0/0 straight=0/0 far_straight=0/0 conf_deg=0.0/0.0/0.0/0.0
CrossDiag: type=CROSS_NONE track=0 half_lr=0/0 nearL=0@-1/0@-1 nearNum=0/1 centerNum=0/1 farL=0@-1/0@-1 farNum=0/0 farRaw=0/0 lost=1/0 not_have=0 final=92/17 flags=0/0
LineErr: aim=33 cxcy=84.0,119.6 left=0:0.00@-1,-1 dx=0.0 idx=-1/-1 dist=-1/-1 right=0:0.00@-1,-1 dx=0.0 idx=-1/-1 dist=-1/-1 sel=1:57.82@56,125 dx=-27.9 idx=0/16 dist=32/32 edge=0:0.00@-1.0,-1.0 dx=0.0 width=0.0 l=-1,-1 r=-1,-1
ATGSeedDiag: seed=0@-1,-1/1@107,108 begin=7,108 block=5 clip=8
ATGLptDiag: best=-1(-57295.8) imip=-1/-1 pass=00000 acc=-1 ipm=-1.0,-1.0 inv=-1.0,-1.0 | -1(-57295.8) imip=-1/-1 pass=00000 acc=-1 ipm=-1.0,-1.0 inv=-1.0,-1.0
ATGCircleSelectEvidence: circle=CIRCLE_LEFT_IN ok=1 source=circle_in_fixed_right rpts=92 rptsn=17 splice_right=92 splice_left=0 far1=0 far_Lpt1=0/-1 Lpt1=1/2 rptsc1=0 track=0 Guide=-60.00 pure=20.82 cxcy=84.0,119.6
frame=348 line=1 track=0 cross=0 circle=3(CIRCLE_LEFT_IN) round=0 yroad=0 ramp=0 road=7 speed=0 near=0/0 raw=0/170 sel=92/17 far=0/0 far_raw=0/0 l=0@-1/1@2 far_l=0@-1/0@-1 straight=0/0 far_straight=0/0 circle_cnt=0/7/0/0 lost=1/0 conf=0.0/105.3/0.0/0.0 dist=451 m0=(84,119) ml=(56,119) md=28/0/28 cxcy=84.0,119.6 guide=37.36 atg=-60.0/-60.0/-60.0 pure=20.82/20.82 yaw=-2242 cmd=-2386 actual=-2097 signed=1 rps=7070/530:6339/4068 duty=17/0
ATGCorner: L=0@-1/1@2 Y=0@-1/0@-1 farL=0@-1/0@-1 Lxy=-1.0,-1.0:-1.0,-1.0/-1.0,-1.0:-1.0,-1.0 Yxy=-1.0,-1.0:-1.0,-1.0/-1.0,-1.0:-1.0,-1.0 farLxy=-1.0,-1.0:-1.0,-1.0/-1.0,-1.0:-1.0,-1.0 best=-1:-1.0,-1.0:-1.0,-1.0:-57295.8:00000/2:95.2,116.4:105.5,105.3:105.3:11111 seed_src=circle/lost seed=40.0,91.8/0.0,0.0 far_start=40,0 far_raw=0/0 far_num=0/0 straight=0/0 far_straight=0/0 conf_deg=0.0/105.3/0.0/0.0
CrossDiag: type=CROSS_NONE track=0 half_lr=0/0 nearL=0@-1/1@2 nearNum=0/0 centerNum=0/0 farL=0@-1/0@-1 farNum=0/0 farRaw=0/0 lost=1/0 not_have=0 final=92/17 flags=0/0
LineErr: aim=33 cxcy=84.0,119.6 left=0:0.00@-1,-1 dx=0.0 idx=-1/-1 dist=-1/-1 right=0:0.00@-1,-1 dx=0.0 idx=-1/-1 dist=-1/-1 sel=1:57.82@56,125 dx=-27.9 idx=0/16 dist=32/32 edge=0:0.00@-1.0,-1.0 dx=0.0 width=0.0 l=-1,-1 r=-1,-1
ATGSeedDiag: seed=0@-1,-1/1@107,108 begin=7,108 block=5 clip=8
ATGLptDiag: best=-1(-57295.8) imip=-1/-1 pass=00000 acc=-1 ipm=-1.0,-1.0 inv=-1.0,-1.0 | 2(105.3) imip=0/12 pass=11111 acc=2 ipm=95.2,116.4 inv=105.5,105.3
ATGCircleSelectEvidence: circle=CIRCLE_LEFT_IN ok=1 source=circle_in_fixed_right rpts=92 rptsn=17 splice_right=92 splice_left=0 far1=0 far_Lpt1=0/-1 Lpt1=0/-1 rptsc1=0 track=0 Guide=-60.00 pure=20.82 cxcy=84.0,119.6
frame=349 line=1 track=0 cross=0 circle=3(CIRCLE_LEFT_IN) round=0 yroad=0 ramp=0 road=7 speed=0 near=0/0 raw=0/0 sel=92/17 far=0/0 far_raw=0/0 l=0@-1/0@-1 far_l=0@-1/0@-1 straight=0/0 far_straight=0/0 circle_cnt=0/8/0/0 lost=1/0 conf=0.0/0.0/0.0/0.0 dist=466 m0=(84,119) ml=(56,119) md=28/0/28 cxcy=84.0,119.6 guide=37.36 atg=-60.0/-60.0/-60.0 pure=20.82/20.82 yaw=-2242 cmd=-2368 actual=-2116 signed=1 rps=7045/555:6572/4445 duty=16/0
ATGCorner: L=0@-1/0@-1 Y=0@-1/0@-1 farL=0@-1/0@-1 Lxy=-1.0,-1.0:-1.0,-1.0/-1.0,-1.0:-1.0,-1.0 Yxy=-1.0,-1.0:-1.0,-1.0/-1.0,-1.0:-1.0,-1.0 farLxy=-1.0,-1.0:-1.0,-1.0/-1.0,-1.0:-1.0,-1.0 best=-1:-1.0,-1.0:-1.0,-1.0:-57295.8:00000/-1:-1.0,-1.0:-1.0,-1.0:-57295.8:00000 seed_src=circle/lost seed=40.0,91.8/0.0,0.0 far_start=40,0 far_raw=0/0 far_num=0/0 straight=0/0 far_straight=0/0 conf_deg=0.0/0.0/0.0/0.0
CrossDiag: type=CROSS_NONE track=0 half_lr=0/0 nearL=0@-1/0@-1 nearNum=0/0 centerNum=0/0 farL=0@-1/0@-1 farNum=0/0 farRaw=0/0 lost=1/0 not_have=0 final=92/17 flags=0/0
LineErr: aim=33 cxcy=84.0,119.6 left=0:0.00@-1,-1 dx=0.0 idx=-1/-1 dist=-1/-1 right=0:0.00@-1,-1 dx=0.0 idx=-1/-1 dist=-1/-1 sel=1:57.82@56,125 dx=-27.9 idx=0/16 dist=32/32 edge=0:0.00@-1.0,-1.0 dx=0.0 width=0.0 l=-1,-1 r=-1,-1
ATGSeedDiag: seed=0@-1,-1/0@-1,-1 begin=7,108 block=5 clip=8
ATGLptDiag: best=-1(-57295.8) imip=-1/-1 pass=00000 acc=-1 ipm=-1.0,-1.0 inv=-1.0,-1.0 | -1(-57295.8) imip=-1/-1 pass=00000 acc=-1 ipm=-1.0,-1.0 inv=-1.0,-1.0
ATGCircleSelectEvidence: circle=CIRCLE_LEFT_IN ok=1 source=circle_in_fixed_right rpts=92 rptsn=17 splice_right=92 splice_left=0 far1=0 far_Lpt1=0/-1 Lpt1=0/-1 rptsc1=0 track=0 Guide=-60.00 pure=20.82 cxcy=84.0,119.6
ATGCircleSelectEvidence: circle=CIRCLE_LEFT_IN ok=1 source=circle_in_fixed_right rpts=92 rptsn=17 splice_right=92 splice_left=0 far1=0 far_Lpt1=0/-1 Lpt1=0/-1 rptsc1=0 track=0 Guide=-60.00 pure=20.82 cxcy=84.0,119.6
ATGCircleSelectEvidence: circle=CIRCLE_LEFT_IN ok=1 source=circle_in_fixed_right rpts=92 rptsn=17 splice_right=92 splice_left=0 far1=0 far_Lpt1=0/-1 Lpt1=0/-1 rptsc1=0 track=0 Guide=-60.00 pure=20.82 cxcy=84.0,119.6
ATGCircleSelectEvidence: circle=CIRCLE_LEFT_IN ok=1 source=circle_in_fixed_right rpts=92 rptsn=17 splice_right=92 splice_left=0 far1=0 far_Lpt1=0/-1 Lpt1=0/-1 rptsc1=0 track=0 Guide=-60.00 pure=20.82 cxcy=84.0,119.6
ATGCircleSelectEvidence: circle=CIRCLE_LEFT_IN ok=1 source=circle_in_fixed_right rpts=92 rptsn=17 splice_right=92 splice_left=0 far1=0 far_Lpt1=0/-1 Lpt1=0/-1 rptsc1=0 track=0 Guide=-60.00 pure=20.82 cxcy=84.0,119.6
ATGCircleSelectEvidence: circle=CIRCLE_LEFT_IN ok=1 source=circle_in_fixed_right rpts=92 rptsn=17 splice_right=92 splice_left=0 far1=0 far_Lpt1=0/-1 Lpt1=0/-1 rptsc1=0 track=0 Guide=-60.00 pure=20.82 cxcy=84.0,119.6
ATGCircleSelectEvidence: circle=CIRCLE_LEFT_IN ok=1 source=circle_in_fixed_right rpts=92 rptsn=17 splice_right=92 splice_left=0 far1=0 far_Lpt1=0/-1 Lpt1=0/-1 rptsc1=0 track=0 Guide=-60.00 pure=20.82 cxcy=84.0,119.6
ATGCircleSelectEvidence: circle=CIRCLE_LEFT_IN ok=1 source=circle_in_fixed_right rpts=92 rptsn=17 splice_right=92 splice_left=0 far1=0 far_Lpt1=0/-1 Lpt1=0/-1 rptsc1=0 track=0 Guide=-60.00 pure=20.82 cxcy=84.0,119.6
ATGCircleSelectEvidence: circle=CIRCLE_LEFT_IN ok=1 source=circle_in_fixed_right rpts=92 rptsn=17 splice_right=92 splice_left=0 far1=0 far_Lpt1=0/-1 Lpt1=0/-1 rptsc1=0 track=0 Guide=-60.00 pure=20.82 cxcy=84.0,119.6
ATGCircleSelectEvidence: circle=CIRCLE_LEFT_IN ok=1 source=circle_in_fixed_right rpts=92 rptsn=17 splice_right=92 splice_left=0 far1=0 far_Lpt1=0/-1 Lpt1=0/-1 rptsc1=0 track=0 Guide=-60.00 pure=20.82 cxcy=84.0,119.6
ATGCircleSelectEvidence: circle=CIRCLE_LEFT_IN ok=1 source=circle_in_fixed_right rpts=92 rptsn=17 splice_right=92 splice_left=0 far1=0 far_Lpt1=0/-1 Lpt1=0/-1 rptsc1=0 track=0 Guide=-60.00 pure=20.82 cxcy=84.0,119.6
ATGCircleSelectEvidence: circle=CIRCLE_LEFT_IN ok=1 source=circle_in_fixed_right rpts=92 rptsn=17 splice_right=92 splice_left=0 far1=0 far_Lpt1=0/-1 Lpt1=0/-1 rptsc1=0 track=0 Guide=-60.00 pure=20.82 cxcy=84.0,119.6
ATGCircleSelectEvidence: circle=CIRCLE_LEFT_IN ok=1 source=circle_in_fixed_right rpts=92 rptsn=17 splice_right=92 splice_left=0 far1=0 far_Lpt1=0/-1 Lpt1=0/-1 rptsc1=1 track=0 Guide=-60.00 pure=20.82 cxcy=84.0,119.6
frame=362 line=1 track=0 cross=0 circle=3(CIRCLE_LEFT_IN) round=0 yroad=0 ramp=0 road=7 speed=0 near=0/1 raw=0/170 sel=92/17 far=0/0 far_raw=0/0 l=0@-1/0@-1 far_l=0@-1/0@-1 straight=0/0 far_straight=0/0 circle_cnt=0/21/0/0 lost=1/0 conf=0.0/0.0/0.0/0.0 dist=658 m0=(84,119) ml=(56,119) md=28/0/28 cxcy=84.0,119.6 guide=37.36 atg=-60.0/-60.0/-60.0 pure=20.82/20.82 yaw=-2242 cmd=-2442 actual=-1986 signed=1 rps=7147/453:5935/4685 duty=18/0
ATGCorner: L=0@-1/0@-1 Y=0@-1/0@-1 farL=0@-1/0@-1 Lxy=-1.0,-1.0:-1.0,-1.0/-1.0,-1.0:-1.0,-1.0 Yxy=-1.0,-1.0:-1.0,-1.0/-1.0,-1.0:-1.0,-1.0 farLxy=-1.0,-1.0:-1.0,-1.0/-1.0,-1.0:-1.0,-1.0 best=-1:-1.0,-1.0:-1.0,-1.0:-57295.8:00000/-1:-1.0,-1.0:-1.0,-1.0:-57295.8:00000 seed_src=circle/lost seed=40.0,91.8/0.0,0.0 far_start=40,0 far_raw=0/0 far_num=0/0 straight=0/0 far_straight=0/0 conf_deg=0.0/0.0/0.0/0.0
CrossDiag: type=CROSS_NONE track=0 half_lr=0/0 nearL=0@-1/0@-1 nearNum=0/1 centerNum=0/1 farL=0@-1/0@-1 farNum=0/0 farRaw=0/0 lost=1/0 not_have=0 final=92/17 flags=0/0
LineErr: aim=33 cxcy=84.0,119.6 left=0:0.00@-1,-1 dx=0.0 idx=-1/-1 dist=-1/-1 right=0:0.00@-1,-1 dx=0.0 idx=-1/-1 dist=-1/-1 sel=1:57.82@56,125 dx=-27.9 idx=0/16 dist=32/32 edge=0:0.00@-1.0,-1.0 dx=0.0 width=0.0 l=-1,-1 r=-1,-1
ATGSeedDiag: seed=0@-1,-1/1@93,87 begin=7,108 block=5 clip=8
ATGLptDiag: best=-1(-57295.8) imip=-1/-1 pass=00000 acc=-1 ipm=-1.0,-1.0 inv=-1.0,-1.0 | -1(-57295.8) imip=-1/-1 pass=00000 acc=-1 ipm=-1.0,-1.0 inv=-1.0,-1.0
ATGCircleSelectEvidence: circle=CIRCLE_LEFT_IN ok=1 source=circle_in_fixed_right rpts=92 rptsn=17 splice_right=92 splice_left=0 far1=0 far_Lpt1=0/-1 Lpt1=0/-1 rptsc1=38 track=0 Guide=-60.00 pure=20.82 cxcy=84.0,119.6
frame=363 line=1 track=0 cross=0 circle=3(CIRCLE_LEFT_IN) round=0 yroad=0 ramp=0 road=7 speed=0 near=0/38 raw=0/91 sel=92/17 far=0/0 far_raw=0/0 l=0@-1/0@-1 far_l=0@-1/0@-1 straight=0/0 far_straight=0/0 circle_cnt=0/21/0/0 lost=1/0 conf=0.0/6.8/0.0/0.0 dist=674 m0=(84,119) ml=(56,119) md=28/0/28 cxcy=84.0,119.6 guide=37.36 atg=-60.0/-60.0/-60.0 pure=20.82/20.82 yaw=-2242 cmd=-2442 actual=-1981 signed=1 rps=7147/453:6325/5074 duty=17/0
ATGCorner: L=0@-1/0@-1 Y=0@-1/0@-1 farL=0@-1/0@-1 Lxy=-1.0,-1.0:-1.0,-1.0/-1.0,-1.0:-1.0,-1.0 Yxy=-1.0,-1.0:-1.0,-1.0/-1.0,-1.0:-1.0,-1.0 farLxy=-1.0,-1.0:-1.0,-1.0/-1.0,-1.0:-1.0,-1.0 best=-1:-1.0,-1.0:-1.0,-1.0:-57295.8:00000/34:22.5,72.9:11.1,41.0:6.8:10111 seed_src=circle/none seed=40.0,91.8/0.0,0.0 far_start=40,0 far_raw=0/0 far_num=0/0 straight=0/0 far_straight=0/0 conf_deg=0.0/6.8/0.0/0.0
CrossDiag: type=CROSS_NONE track=0 half_lr=0/0 nearL=0@-1/0@-1 nearNum=0/38 centerNum=0/38 farL=0@-1/0@-1 farNum=0/0 farRaw=0/0 lost=1/0 not_have=0 final=92/17 flags=0/0
LineErr: aim=33 cxcy=84.0,119.6 left=0:0.00@-1,-1 dx=0.0 idx=-1/-1 dist=-1/-1 right=1:44.84@50,108 dx=-34.5 idx=0/16 dist=32/74 sel=1:57.82@56,125 dx=-27.9 idx=0/16 dist=32/32 edge=0:0.00@-1.0,-1.0 dx=0.0 width=0.0 l=-1,-1 r=62,85
ATGSeedDiag: seed=0@-1,-1/1@91,87 begin=7,108 block=5 clip=8
ATGLptDiag: best=-1(-57295.8) imip=-1/-1 pass=00000 acc=-1 ipm=-1.0,-1.0 inv=-1.0,-1.0 | 34(6.8) imip=24/37 pass=10111 acc=-1 ipm=22.5,72.9 inv=11.1,41.0
ATGCircleSelectEvidence: circle=CIRCLE_LEFT_IN ok=1 source=circle_in_fixed_right rpts=92 rptsn=17 splice_right=92 splice_left=0 far1=0 far_Lpt1=0/-1 Lpt1=0/-1 rptsc1=39 track=0 Guide=-60.00 pure=20.82 cxcy=84.0,119.6
frame=364 line=1 track=0 cross=0 circle=3(CIRCLE_LEFT_IN) round=0 yroad=0 ramp=0 road=7 speed=0 near=0/39 raw=0/92 sel=92/17 far=0/0 far_raw=0/0 l=0@-1/0@-1 far_l=0@-1/0@-1 straight=0/0 far_straight=0/0 circle_cnt=0/21/0/0 lost=1/0 conf=0.0/3.8/0.0/0.0 dist=690 m0=(84,119) ml=(56,119) md=28/0/28 cxcy=84.0,119.6 guide=37.36 atg=-60.0/-60.0/-60.0 pure=20.82/20.82 yaw=-2242 cmd=-2442 actual=-1975 signed=1 rps=7147/453:6187/4789 duty=17/0
ATGCorner: L=0@-1/0@-1 Y=0@-1/0@-1 farL=0@-1/0@-1 Lxy=-1.0,-1.0:-1.0,-1.0/-1.0,-1.0:-1.0,-1.0 Yxy=-1.0,-1.0:-1.0,-1.0/-1.0,-1.0:-1.0,-1.0 farLxy=-1.0,-1.0:-1.0,-1.0/-1.0,-1.0:-1.0,-1.0 best=-1:-1.0,-1.0:-1.0,-1.0:-57295.8:00000/17:60.7,84.3:47.1,49.4:3.8:10111 seed_src=circle/none seed=40.0,91.8/0.0,0.0 far_start=40,0 far_raw=0/0 far_num=0/0 straight=0/0 far_straight=0/0 conf_deg=0.0/3.8/0.0/0.0
CrossDiag: type=CROSS_NONE track=0 half_lr=0/0 nearL=0@-1/0@-1 nearNum=0/39 centerNum=0/39 farL=0@-1/0@-1 farNum=0/0 farRaw=0/0 lost=1/0 not_have=0 final=92/17 flags=0/0
LineErr: aim=33 cxcy=84.0,119.6 left=0:0.00@-1,-1 dx=0.0 idx=-1/-1 dist=-1/-1 right=1:44.48@50,108 dx=-34.0 idx=0/16 dist=32/76 sel=1:57.82@56,125 dx=-27.9 idx=0/16 dist=32/32 edge=0:0.00@-1.0,-1.0 dx=0.0 width=0.0 l=-1,-1 r=63,85
ATGSeedDiag: seed=0@-1,-1/1@92,89 begin=7,108 block=5 clip=8
ATGLptDiag: best=-1(-57295.8) imip=-1/-1 pass=00000 acc=-1 ipm=-1.0,-1.0 inv=-1.0,-1.0 | 17(3.8) imip=7/27 pass=10111 acc=-1 ipm=60.7,84.3 inv=47.1,49.4
ATGCircleSelectEvidence: circle=CIRCLE_LEFT_IN ok=1 source=circle_in_fixed_right rpts=92 rptsn=17 splice_right=92 splice_left=0 far1=0 far_Lpt1=0/-1 Lpt1=0/-1 rptsc1=40 track=0 Guide=-60.00 pure=20.82 cxcy=84.0,119.6
frame=365 line=1 track=0 cross=0 circle=3(CIRCLE_LEFT_IN) round=0 yroad=0 ramp=0 road=7 speed=0 near=0/40 raw=0/95 sel=92/17 far=0/0 far_raw=0/0 l=0@-1/0@-1 far_l=0@-1/0@-1 straight=0/0 far_straight=0/0 circle_cnt=0/21/0/0 lost=1/0 conf=0.0/6.4/0.0/0.0 dist=706 m0=(84,119) ml=(56,119) md=28/0/28 cxcy=84.0,119.6 guide=37.36 atg=-60.0/-60.0/-60.0 pure=20.82/20.82 yaw=-2242 cmd=-2442 actual=-1977 signed=1 rps=7147/453:6664/4927 duty=17/0
ATGCorner: L=0@-1/0@-1 Y=0@-1/0@-1 farL=0@-1/0@-1 Lxy=-1.0,-1.0:-1.0,-1.0/-1.0,-1.0:-1.0,-1.0 Yxy=-1.0,-1.0:-1.0,-1.0/-1.0,-1.0:-1.0,-1.0 farLxy=-1.0,-1.0:-1.0,-1.0/-1.0,-1.0:-1.0,-1.0 best=-1:-1.0,-1.0:-1.0,-1.0:-57295.8:00000/37:18.1,71.3:7.9,40.0:6.4:10111 seed_src=circle/none seed=40.0,91.8/0.0,0.0 far_start=40,0 far_raw=0/0 far_num=0/0 straight=0/0 far_straight=0/0 conf_deg=0.0/6.4/0.0/0.0
CrossDiag: type=CROSS_NONE track=0 half_lr=0/0 nearL=0@-1/0@-1 nearNum=0/40 centerNum=0/40 farL=0@-1/0@-1 farNum=0/0 farRaw=0/0 lost=1/0 not_have=0 final=92/17 flags=0/0
LineErr: aim=33 cxcy=84.0,119.6 left=0:0.00@-1,-1 dx=0.0 idx=-1/-1 dist=-1/-1 right=1:44.34@49,107 dx=-34.6 idx=1/17 dist=32/76 sel=1:57.82@56,125 dx=-27.9 idx=0/16 dist=32/32 edge=0:0.00@-1.0,-1.0 dx=0.0 width=0.0 l=-1,-1 r=64,86
ATGSeedDiag: seed=0@-1,-1/1@94,91 begin=7,108 block=5 clip=8
ATGLptDiag: best=-1(-57295.8) imip=-1/-1 pass=00000 acc=-1 ipm=-1.0,-1.0 inv=-1.0,-1.0 | 37(6.4) imip=27/39 pass=10111 acc=-1 ipm=18.1,71.3 inv=7.9,40.0
ATGCircleSelectEvidence: circle=CIRCLE_LEFT_IN ok=1 source=circle_in_fixed_right rpts=92 rptsn=17 splice_right=92 splice_left=0 far1=0 far_Lpt1=0/-1 Lpt1=0/-1 rptsc1=1 track=0 Guide=-60.00 pure=20.82 cxcy=84.0,119.6
frame=366 line=1 track=0 cross=0 circle=3(CIRCLE_LEFT_IN) round=0 yroad=0 ramp=0 road=7 speed=0 near=0/1 raw=0/170 sel=92/17 far=0/0 far_raw=0/0 l=0@-1/0@-1 far_l=0@-1/0@-1 straight=0/0 far_straight=0/0 circle_cnt=0/22/0/0 lost=1/0 conf=0.0/0.0/0.0/0.0 dist=722 m0=(84,119) ml=(56,119) md=28/0/28 cxcy=84.0,119.6 guide=37.36 atg=-60.0/-60.0/-60.0 pure=20.82/20.82 yaw=-2242 cmd=-2442 actual=-1972 signed=1 rps=7147/453:6933/5027 duty=16/0
ATGCorner: L=0@-1/0@-1 Y=0@-1/0@-1 farL=0@-1/0@-1 Lxy=-1.0,-1.0:-1.0,-1.0/-1.0,-1.0:-1.0,-1.0 Yxy=-1.0,-1.0:-1.0,-1.0/-1.0,-1.0:-1.0,-1.0 farLxy=-1.0,-1.0:-1.0,-1.0/-1.0,-1.0:-1.0,-1.0 best=-1:-1.0,-1.0:-1.0,-1.0:-57295.8:00000/-1:-1.0,-1.0:-1.0,-1.0:-57295.8:00000 seed_src=circle/lost seed=40.0,91.8/0.0,0.0 far_start=40,0 far_raw=0/0 far_num=0/0 straight=0/0 far_straight=0/0 conf_deg=0.0/0.0/0.0/0.0
CrossDiag: type=CROSS_NONE track=0 half_lr=0/0 nearL=0@-1/0@-1 nearNum=0/1 centerNum=0/1 farL=0@-1/0@-1 farNum=0/0 farRaw=0/0 lost=1/0 not_have=0 final=92/17 flags=0/0
LineErr: aim=33 cxcy=84.0,119.6 left=0:0.00@-1,-1 dx=0.0 idx=-1/-1 dist=-1/-1 right=0:0.00@-1,-1 dx=0.0 idx=-1/-1 dist=-1/-1 sel=1:57.82@56,125 dx=-27.9 idx=0/16 dist=32/32 edge=0:0.00@-1.0,-1.0 dx=0.0 width=0.0 l=-1,-1 r=-1,-1
ATGSeedDiag: seed=0@-1,-1/1@100,96 begin=7,108 block=5 clip=8
ATGLptDiag: best=-1(-57295.8) imip=-1/-1 pass=00000 acc=-1 ipm=-1.0,-1.0 inv=-1.0,-1.0 | -1(-57295.8) imip=-1/-1 pass=00000 acc=-1 ipm=-1.0,-1.0 inv=-1.0,-1.0
ATGCircleSelectEvidence: circle=CIRCLE_LEFT_IN ok=1 source=circle_in_fixed_right rpts=92 rptsn=17 splice_right=92 splice_left=0 far1=0 far_Lpt1=0/-1 Lpt1=0/-1 rptsc1=41 track=0 Guide=-60.00 pure=20.82 cxcy=84.0,119.6
frame=367 line=1 track=0 cross=0 circle=3(CIRCLE_LEFT_IN) round=0 yroad=0 ramp=0 road=7 speed=0 near=0/41 raw=0/99 sel=92/17 far=0/0 far_raw=0/0 l=0@-1/0@-1 far_l=0@-1/0@-1 straight=0/0 far_straight=0/0 circle_cnt=0/22/0/0 lost=1/0 conf=0.0/7.6/0.0/0.0 dist=738 m0=(84,119) ml=(56,119) md=28/0/28 cxcy=84.0,119.6 guide=37.36 atg=-60.0/-60.0/-60.0 pure=20.82/20.82 yaw=-2242 cmd=-2442 actual=-1973 signed=1 rps=7147/453:6668/4779 duty=17/0
ATGCorner: L=0@-1/0@-1 Y=0@-1/0@-1 farL=0@-1/0@-1 Lxy=-1.0,-1.0:-1.0,-1.0/-1.0,-1.0:-1.0,-1.0 Yxy=-1.0,-1.0:-1.0,-1.0/-1.0,-1.0:-1.0,-1.0 farLxy=-1.0,-1.0:-1.0,-1.0/-1.0,-1.0:-1.0,-1.0 best=-1:-1.0,-1.0:-1.0,-1.0:-57295.8:00000/36:22.3,71.5:12.2,40.1:7.6:10111 seed_src=circle/none seed=40.0,91.8/0.0,0.0 far_start=40,0 far_raw=0/0 far_num=0/0 straight=0/0 far_straight=0/0 conf_deg=0.0/7.6/0.0/0.0
CrossDiag: type=CROSS_NONE track=0 half_lr=0/0 nearL=0@-1/0@-1 nearNum=0/41 centerNum=0/41 farL=0@-1/0@-1 farNum=0/0 farRaw=0/0 lost=1/0 not_have=0 final=92/17 flags=0/0
LineErr: aim=33 cxcy=84.0,119.6 left=0:0.00@-1,-1 dx=0.0 idx=-1/-1 dist=-1/-1 right=1:43.78@51,108 dx=-33.4 idx=1/17 dist=32/78 sel=1:57.82@56,125 dx=-27.9 idx=0/16 dist=32/32 edge=0:0.00@-1.0,-1.0 dx=0.0 width=0.0 l=-1,-1 r=66,87
ATGSeedDiag: seed=0@-1,-1/1@97,96 begin=7,108 block=5 clip=8
ATGLptDiag: best=-1(-57295.8) imip=-1/-1 pass=00000 acc=-1 ipm=-1.0,-1.0 inv=-1.0,-1.0 | 36(7.6) imip=26/40 pass=10111 acc=-1 ipm=22.3,71.5 inv=12.2,40.1
ATGCircleSelectEvidence: circle=CIRCLE_LEFT_IN ok=1 source=circle_in_fixed_right rpts=92 rptsn=17 splice_right=92 splice_left=0 far1=0 far_Lpt1=0/-1 Lpt1=0/-1 rptsc1=41 track=0 Guide=-60.00 pure=20.82 cxcy=84.0,119.6
frame=368 line=1 track=0 cross=0 circle=3(CIRCLE_LEFT_IN) round=0 yroad=0 ramp=0 road=7 speed=0 near=0/41 raw=0/101 sel=92/17 far=0/0 far_raw=0/0 l=0@-1/0@-1 far_l=0@-1/0@-1 straight=0/0 far_straight=0/0 circle_cnt=0/22/0/0 lost=1/0 conf=0.0/6.7/0.0/0.0 dist=754 m0=(84,119) ml=(56,119) md=28/0/28 cxcy=84.0,119.6 guide=37.36 atg=-60.0/-60.0/-60.0 pure=20.82/20.82 yaw=-2242 cmd=-2442 actual=-1963 signed=1 rps=7147/453:6813/4876 duty=17/0
ATGCorner: L=0@-1/0@-1 Y=0@-1/0@-1 farL=0@-1/0@-1 Lxy=-1.0,-1.0:-1.0,-1.0/-1.0,-1.0:-1.0,-1.0 Yxy=-1.0,-1.0:-1.0,-1.0/-1.0,-1.0:-1.0,-1.0 farLxy=-1.0,-1.0:-1.0,-1.0/-1.0,-1.0:-1.0,-1.0 best=-1:-1.0,-1.0:-1.0,-1.0:-57295.8:00000/38:18.4,71.3:8.2,40.0:6.7:10111 seed_src=circle/none seed=40.0,91.8/0.0,0.0 far_start=40,0 far_raw=0/0 far_num=0/0 straight=0/0 far_straight=0/0 conf_deg=0.0/6.7/0.0/0.0
CrossDiag: type=CROSS_NONE track=0 half_lr=0/0 nearL=0@-1/0@-1 nearNum=0/41 centerNum=0/41 farL=0@-1/0@-1 farNum=0/0 farRaw=0/0 lost=1/0 not_have=0 final=92/17 flags=0/0
LineErr: aim=33 cxcy=84.0,119.6 left=0:0.00@-1,-1 dx=0.0 idx=-1/-1 dist=-1/-1 right=1:44.19@50,107 dx=-34.3 idx=1/18 dist=33/77 sel=1:57.82@56,125 dx=-27.9 idx=0/16 dist=32/32 edge=0:0.00@-1.0,-1.0 dx=0.0 width=0.0 l=-1,-1 r=67,87
ATGSeedDiag: seed=0@-1,-1/1@98,98 begin=7,108 block=5 clip=8
ATGLptDiag: best=-1(-57295.8) imip=-1/-1 pass=00000 acc=-1 ipm=-1.0,-1.0 inv=-1.0,-1.0 | 38(6.7) imip=28/40 pass=10111 acc=-1 ipm=18.4,71.3 inv=8.2,40.0
ATGCircleSelectEvidence: circle=CIRCLE_LEFT_IN ok=1 source=circle_in_fixed_right rpts=92 rptsn=17 splice_right=92 splice_left=0 far1=0 far_Lpt1=0/-1 Lpt1=0/-1 rptsc1=42 track=0 Guide=-60.00 pure=20.82 cxcy=84.0,119.6
frame=369 line=1 track=0 cross=0 circle=3(CIRCLE_LEFT_IN) round=0 yroad=0 ramp=0 road=7 speed=0 near=0/42 raw=0/105 sel=92/17 far=0/0 far_raw=0/0 l=0@-1/0@-1 far_l=0@-1/0@-1 straight=0/0 far_straight=0/0 circle_cnt=0/22/0/0 lost=1/0 conf=0.0/6.6/0.0/0.0 dist=769 m0=(84,119) ml=(56,119) md=28/0/28 cxcy=84.0,119.6 guide=37.36 atg=-60.0/-60.0/-60.0 pure=20.82/20.82 yaw=-2242 cmd=-2442 actual=-1946 signed=1 rps=7147/453:6431/4595 duty=17/0
ATGCorner: L=0@-1/0@-1 Y=0@-1/0@-1 farL=0@-1/0@-1 Lxy=-1.0,-1.0:-1.0,-1.0/-1.0,-1.0:-1.0,-1.0 Yxy=-1.0,-1.0:-1.0,-1.0/-1.0,-1.0:-1.0,-1.0 farLxy=-1.0,-1.0:-1.0,-1.0/-1.0,-1.0:-1.0,-1.0 best=-1:-1.0,-1.0:-1.0,-1.0:-57295.8:00000/38:20.0,71.4:9.8,40.1:6.6:10111 seed_src=circle/none seed=40.0,91.8/0.0,0.0 far_start=40,0 far_raw=0/0 far_num=0/0 straight=0/0 far_straight=0/0 conf_deg=0.0/6.6/0.0/0.0
CrossDiag: type=CROSS_NONE track=0 half_lr=0/0 nearL=0@-1/0@-1 nearNum=0/42 centerNum=0/42 farL=0@-1/0@-1 farNum=0/0 farRaw=0/0 lost=1/0 not_have=0 final=92/17 flags=0/0
LineErr: aim=33 cxcy=84.0,119.6 left=0:0.00@-1,-1 dx=0.0 idx=-1/-1 dist=-1/-1 right=1:44.33@49,107 dx=-34.7 idx=2/19 dist=33/77 sel=1:57.82@56,125 dx=-27.9 idx=0/16 dist=32/32 edge=0:0.00@-1.0,-1.0 dx=0.0 width=0.0 l=-1,-1 r=68,88
ATGSeedDiag: seed=0@-1,-1/1@101,101 begin=7,108 block=5 clip=8
ATGLptDiag: best=-1(-57295.8) imip=-1/-1 pass=00000 acc=-1 ipm=-1.0,-1.0 inv=-1.0,-1.0 | 38(6.6) imip=28/41 pass=10111 acc=-1 ipm=20.0,71.4 inv=9.8,40.1
ATGCircleSelectEvidence: circle=CIRCLE_LEFT_IN ok=1 source=circle_in_fixed_right rpts=92 rptsn=17 splice_right=92 splice_left=0 far1=0 far_Lpt1=0/-1 Lpt1=0/-1 rptsc1=42 track=0 Guide=-60.00 pure=20.82 cxcy=84.0,119.6
frame=370 line=1 track=0 cross=0 circle=3(CIRCLE_LEFT_IN) round=0 yroad=0 ramp=0 road=7 speed=0 near=0/42 raw=0/107 sel=92/17 far=0/0 far_raw=0/0 l=0@-1/0@-1 far_l=0@-1/0@-1 straight=0/0 far_straight=0/0 circle_cnt=0/22/0/0 lost=1/0 conf=0.0/8.4/0.0/0.0 dist=784 m0=(84,119) ml=(56,119) md=28/0/28 cxcy=84.0,119.6 guide=37.36 atg=-60.0/-60.0/-60.0 pure=20.82/20.82 yaw=-2242 cmd=-2442 actual=-1936 signed=1 rps=7147/453:6481/4632 duty=17/0
ATGCorner: L=0@-1/0@-1 Y=0@-1/0@-1 farL=0@-1/0@-1 Lxy=-1.0,-1.0:-1.0,-1.0/-1.0,-1.0:-1.0,-1.0 Yxy=-1.0,-1.0:-1.0,-1.0/-1.0,-1.0:-1.0,-1.0 farLxy=-1.0,-1.0:-1.0,-1.0/-1.0,-1.0:-1.0,-1.0 best=-1:-1.0,-1.0:-1.0,-1.0:-57295.8:00000/37:23.3,71.5:13.1,40.1:8.4:10111 seed_src=circle/none seed=40.0,91.8/0.0,0.0 far_start=40,0 far_raw=0/0 far_num=0/0 straight=0/0 far_straight=0/0 conf_deg=0.0/8.4/0.0/0.0
CrossDiag: type=CROSS_NONE track=0 half_lr=0/0 nearL=0@-1/0@-1 nearNum=0/42 centerNum=0/42 farL=0@-1/0@-1 farNum=0/0 farRaw=0/0 lost=1/0 not_have=0 final=92/17 flags=0/0
LineErr: aim=33 cxcy=84.0,119.6 left=0:0.00@-1,-1 dx=0.0 idx=-1/-1 dist=-1/-1 right=1:43.28@51,108 dx=-32.8 idx=2/18 dist=32/78 sel=1:57.82@56,125 dx=-27.9 idx=0/16 dist=32/32 edge=0:0.00@-1.0,-1.0 dx=0.0 width=0.0 l=-1,-1 r=69,88
ATGSeedDiag: seed=0@-1,-1/1@102,104 begin=7,108 block=5 clip=8
ATGLptDiag: best=-1(-57295.8) imip=-1/-1 pass=00000 acc=-1 ipm=-1.0,-1.0 inv=-1.0,-1.0 | 37(8.4) imip=27/41 pass=10111 acc=-1 ipm=23.3,71.5 inv=13.1,40.1
ATGCircleSelectEvidence: circle=CIRCLE_LEFT_IN ok=1 source=circle_in_fixed_right rpts=92 rptsn=17 splice_right=92 splice_left=0 far1=0 far_Lpt1=0/-1 Lpt1=0/-1 rptsc1=43 track=0 Guide=-60.00 pure=20.82 cxcy=84.0,119.6
frame=371 line=1 track=0 cross=0 circle=3(CIRCLE_LEFT_IN) round=0 yroad=0 ramp=0 road=7 speed=0 near=0/43 raw=0/111 sel=92/17 far=0/0 far_raw=0/0 l=0@-1/0@-1 far_l=0@-1/0@-1 straight=0/0 far_straight=0/0 circle_cnt=0/22/0/0 lost=1/0 conf=0.0/6.0/0.0/0.0 dist=798 m0=(84,119) ml=(56,119) md=28/0/28 cxcy=84.0,119.6 guide=37.36 atg=-60.0/-60.0/-60.0 pure=20.82/20.82 yaw=-2242 cmd=-2442 actual=-1929 signed=1 rps=7147/453:6102/4378 duty=17/0
ATGCorner: L=0@-1/0@-1 Y=0@-1/0@-1 farL=0@-1/0@-1 Lxy=-1.0,-1.0:-1.0,-1.0/-1.0,-1.0:-1.0,-1.0 Yxy=-1.0,-1.0:-1.0,-1.0/-1.0,-1.0:-1.0,-1.0 farLxy=-1.0,-1.0:-1.0,-1.0/-1.0,-1.0:-1.0,-1.0 best=-1:-1.0,-1.0:-1.0,-1.0:-57295.8:00000/16:69.8,88.4:57.3,53.4:6.0:10111 seed_src=circle/none seed=40.0,91.8/0.0,0.0 far_start=40,0 far_raw=0/0 far_num=0/0 straight=0/0 far_straight=0/0 conf_deg=0.0/6.0/0.0/0.0
CrossDiag: type=CROSS_NONE track=0 half_lr=0/0 nearL=0@-1/0@-1 nearNum=0/43 centerNum=0/43 farL=0@-1/0@-1 farNum=0/0 farRaw=0/0 lost=1/0 not_have=0 final=92/17 flags=0/0
LineErr: aim=33 cxcy=84.0,119.6 left=0:0.00@-1,-1 dx=0.0 idx=-1/-1 dist=-1/-1 right=1:42.72@52,108 dx=-31.9 idx=2/18 dist=32/80 sel=1:57.82@56,125 dx=-27.9 idx=0/16 dist=32/32 edge=0:0.00@-1.0,-1.0 dx=0.0 width=0.0 l=-1,-1 r=68,87
ATGSeedDiag: seed=0@-1,-1/1@104,107 begin=7,108 block=5 clip=8
ATGLptDiag: best=-1(-57295.8) imip=-1/-1 pass=00000 acc=-1 ipm=-1.0,-1.0 inv=-1.0,-1.0 | 16(6.0) imip=6/26 pass=10111 acc=-1 ipm=69.8,88.4 inv=57.3,53.4
ATGCircleSelectEvidence: circle=CIRCLE_LEFT_IN ok=1 source=circle_in_fixed_right rpts=92 rptsn=17 splice_right=92 splice_left=0 far1=0 far_Lpt1=0/-1 Lpt1=0/-1 rptsc1=44 track=0 Guide=-60.00 pure=20.82 cxcy=84.0,119.6
frame=372 line=1 track=0 cross=0 circle=3(CIRCLE_LEFT_IN) round=0 yroad=0 ramp=0 road=7 speed=0 near=0/44 raw=0/113 sel=92/17 far=0/0 far_raw=0/0 l=0@-1/0@-1 far_l=0@-1/0@-1 straight=0/0 far_straight=0/0 circle_cnt=0/22/0/0 lost=1/0 conf=0.0/7.4/0.0/0.0 dist=813 m0=(84,119) ml=(56,119) md=28/0/28 cxcy=84.0,119.6 guide=37.36 atg=-60.0/-60.0/-60.0 pure=20.82/20.82 yaw=-2242 cmd=-2442 actual=-1924 signed=1 rps=7147/453:6393/4615 duty=17/0
ATGCorner: L=0@-1/0@-1 Y=0@-1/0@-1 farL=0@-1/0@-1 Lxy=-1.0,-1.0:-1.0,-1.0/-1.0,-1.0:-1.0,-1.0 Yxy=-1.0,-1.0:-1.0,-1.0/-1.0,-1.0:-1.0,-1.0 farLxy=-1.0,-1.0:-1.0,-1.0/-1.0,-1.0:-1.0,-1.0 best=-1:-1.0,-1.0:-1.0,-1.0:-57295.8:00000/40:18.4,69.7:9.5,39.0:7.4:10111 seed_src=circle/none seed=40.0,91.8/0.0,0.0 far_start=40,0 far_raw=0/0 far_num=0/0 straight=0/0 far_straight=0/0 conf_deg=0.0/7.4/0.0/0.0
CrossDiag: type=CROSS_NONE track=0 half_lr=0/0 nearL=0@-1/0@-1 nearNum=0/44 centerNum=0/44 farL=0@-1/0@-1 farNum=0/0 farRaw=0/0 lost=1/0 not_have=0 final=92/17 flags=0/0
LineErr: aim=33 cxcy=84.0,119.6 left=0:0.00@-1,-1 dx=0.0 idx=-1/-1 dist=-1/-1 right=1:42.40@52,108 dx=-31.7 idx=2/18 dist=32/82 sel=1:57.82@56,125 dx=-27.9 idx=0/16 dist=32/32 edge=0:0.00@-1.0,-1.0 dx=0.0 width=0.0 l=-1,-1 r=68,87
ATGSeedDiag: seed=0@-1,-1/1@105,108 begin=7,108 block=5 clip=8
ATGLptDiag: best=-1(-57295.8) imip=-1/-1 pass=00000 acc=-1 ipm=-1.0,-1.0 inv=-1.0,-1.0 | 40(7.4) imip=30/43 pass=10111 acc=-1 ipm=18.4,69.7 inv=9.5,39.0
ATGCircleSelectEvidence: circle=CIRCLE_LEFT_IN ok=1 source=circle_in_fixed_right rpts=92 rptsn=17 splice_right=92 splice_left=0 far1=0 far_Lpt1=0/-1 Lpt1=0/-1 rptsc1=44 track=0 Guide=-60.00 pure=20.82 cxcy=84.0,119.6
frame=373 line=1 track=0 cross=0 circle=3(CIRCLE_LEFT_IN) round=0 yroad=0 ramp=0 road=7 speed=0 near=0/44 raw=0/112 sel=92/17 far=0/0 far_raw=0/0 l=0@-1/0@-1 far_l=0@-1/0@-1 straight=0/0 far_straight=0/0 circle_cnt=0/22/0/0 lost=1/0 conf=0.0/9.6/0.0/0.0 dist=829 m0=(84,119) ml=(56,119) md=28/0/28 cxcy=84.0,119.6 guide=37.36 atg=-60.0/-60.0/-60.0 pure=20.82/20.82 yaw=-2242 cmd=-2442 actual=-1909 signed=1 rps=7147/453:6330/4573 duty=17/0
ATGCorner: L=0@-1/0@-1 Y=0@-1/0@-1 farL=0@-1/0@-1 Lxy=-1.0,-1.0:-1.0,-1.0/-1.0,-1.0:-1.0,-1.0 Yxy=-1.0,-1.0:-1.0,-1.0/-1.0,-1.0:-1.0,-1.0 farLxy=-1.0,-1.0:-1.0,-1.0/-1.0,-1.0:-1.0,-1.0 best=-1:-1.0,-1.0:-1.0,-1.0:-57295.8:00000/39:20.8,69.8:11.9,39.0:9.6:10111 seed_src=circle/none seed=40.0,91.8/0.0,0.0 far_start=40,0 far_raw=0/0 far_num=0/0 straight=0/0 far_straight=0/0 conf_deg=0.0/9.6/0.0/0.0
CrossDiag: type=CROSS_NONE track=0 half_lr=0/0 nearL=0@-1/0@-1 nearNum=0/44 centerNum=0/44 farL=0@-1/0@-1 farNum=0/0 farRaw=0/0 lost=1/0 not_have=0 final=92/17 flags=0/0
LineErr: aim=33 cxcy=84.0,119.6 left=0:0.00@-1,-1 dx=0.0 idx=-1/-1 dist=-1/-1 right=1:42.39@52,108 dx=-31.7 idx=2/18 dist=32/82 sel=1:57.82@56,125 dx=-27.9 idx=0/16 dist=32/32 edge=0:0.00@-1.0,-1.0 dx=0.0 width=0.0 l=-1,-1 r=68,87
ATGSeedDiag: seed=0@-1,-1/1@105,108 begin=7,108 block=5 clip=8
ATGLptDiag: best=-1(-57295.8) imip=-1/-1 pass=00000 acc=-1 ipm=-1.0,-1.0 inv=-1.0,-1.0 | 39(9.6) imip=29/43 pass=10111 acc=-1 ipm=20.8,69.8 inv=11.9,39.0
ATGCircleSelectEvidence: circle=CIRCLE_LEFT_IN ok=1 source=circle_in_fixed_right rpts=92 rptsn=17 splice_right=92 splice_left=0 far1=0 far_Lpt1=0/-1 Lpt1=0/-1 rptsc1=44 track=0 Guide=-60.00 pure=20.82 cxcy=84.0,119.6
frame=374 line=1 track=0 cross=0 circle=3(CIRCLE_LEFT_IN) round=0 yroad=0 ramp=0 road=7 speed=0 near=0/44 raw=0/112 sel=92/17 far=0/0 far_raw=0/0 l=0@-1/0@-1 far_l=0@-1/0@-1 straight=0/0 far_straight=0/0 circle_cnt=0/22/0/0 lost=1/0 conf=0.0/7.5/0.0/0.0 dist=845 m0=(84,119) ml=(56,119) md=28/0/28 cxcy=84.0,119.6 guide=37.36 atg=-60.0/-60.0/-60.0 pure=20.82/20.82 yaw=-2242 cmd=-2442 actual=-1891 signed=1 rps=7147/453:6735/4941 duty=17/0
ATGCorner: L=0@-1/0@-1 Y=0@-1/0@-1 farL=0@-1/0@-1 Lxy=-1.0,-1.0:-1.0,-1.0/-1.0,-1.0:-1.0,-1.0 Yxy=-1.0,-1.0:-1.0,-1.0/-1.0,-1.0:-1.0,-1.0 farLxy=-1.0,-1.0:-1.0,-1.0/-1.0,-1.0:-1.0,-1.0 best=-1:-1.0,-1.0:-1.0,-1.0:-57295.8:00000/39:20.8,69.8:11.9,39.1:7.5:10111 seed_src=circle/none seed=40.0,91.8/0.0,0.0 far_start=40,0 far_raw=0/0 far_num=0/0 straight=0/0 far_straight=0/0 conf_deg=0.0/7.5/0.0/0.0
CrossDiag: type=CROSS_NONE track=0 half_lr=0/0 nearL=0@-1/0@-1 nearNum=0/44 centerNum=0/44 farL=0@-1/0@-1 farNum=0/0 farRaw=0/0 lost=1/0 not_have=0 final=92/17 flags=0/0
LineErr: aim=33 cxcy=84.0,119.6 left=0:0.00@-1,-1 dx=0.0 idx=-1/-1 dist=-1/-1 right=1:43.04@51,107 dx=-33.3 idx=3/19 dist=32/80 sel=1:57.82@56,125 dx=-27.9 idx=0/16 dist=32/32 edge=0:0.00@-1.0,-1.0 dx=0.0 width=0.0 l=-1,-1 r=68,87
ATGSeedDiag: seed=0@-1,-1/1@105,108 begin=7,108 block=5 clip=8
ATGLptDiag: best=-1(-57295.8) imip=-1/-1 pass=00000 acc=-1 ipm=-1.0,-1.0 inv=-1.0,-1.0 | 39(7.5) imip=29/43 pass=10111 acc=-1 ipm=20.8,69.8 inv=11.9,39.1
ATGCircleSelectEvidence: circle=CIRCLE_LEFT_IN ok=1 source=circle_in_fixed_right rpts=92 rptsn=17 splice_right=92 splice_left=0 far1=0 far_Lpt1=0/-1 Lpt1=0/-1 rptsc1=44 track=0 Guide=-60.00 pure=20.82 cxcy=84.0,119.6
frame=375 line=1 track=0 cross=0 circle=3(CIRCLE_LEFT_IN) round=0 yroad=0 ramp=0 road=7 speed=0 near=0/44 raw=0/112 sel=92/17 far=0/0 far_raw=0/0 l=0@-1/0@-1 far_l=0@-1/0@-1 straight=0/0 far_straight=0/0 circle_cnt=0/22/0/0 lost=1/0 conf=0.0/7.9/0.0/0.0 dist=862 m0=(84,119) ml=(56,119) md=28/0/28 cxcy=84.0,119.6 guide=37.36 atg=-60.0/-60.0/-60.0 pure=20.82/20.82 yaw=-2242 cmd=-2442 actual=-1890 signed=1 rps=7147/453:7076/5263 duty=16/0
ATGCorner: L=0@-1/0@-1 Y=0@-1/0@-1 farL=0@-1/0@-1 Lxy=-1.0,-1.0:-1.0,-1.0/-1.0,-1.0:-1.0,-1.0 Yxy=-1.0,-1.0:-1.0,-1.0/-1.0,-1.0:-1.0,-1.0 farLxy=-1.0,-1.0:-1.0,-1.0/-1.0,-1.0:-1.0,-1.0 best=-1:-1.0,-1.0:-1.0,-1.0:-57295.8:00000/14:74.3,91.1:62.6,56.1:7.9:10111 seed_src=circle/none seed=40.0,91.8/0.0,0.0 far_start=40,0 far_raw=0/0 far_num=0/0 straight=0/0 far_straight=0/0 conf_deg=0.0/7.9/0.0/0.0
CrossDiag: type=CROSS_NONE track=0 half_lr=0/0 nearL=0@-1/0@-1 nearNum=0/44 centerNum=0/44 farL=0@-1/0@-1 farNum=0/0 farRaw=0/0 lost=1/0 not_have=0 final=92/17 flags=0/0
LineErr: aim=33 cxcy=84.0,119.6 left=0:0.00@-1,-1 dx=0.0 idx=-1/-1 dist=-1/-1 right=1:42.37@52,108 dx=-31.7 idx=2/18 dist=32/82 sel=1:57.82@56,125 dx=-27.9 idx=0/16 dist=32/32 edge=0:0.00@-1.0,-1.0 dx=0.0 width=0.0 l=-1,-1 r=68,87
ATGSeedDiag: seed=0@-1,-1/1@105,108 begin=7,108 block=5 clip=8
ATGLptDiag: best=-1(-57295.8) imip=-1/-1 pass=00000 acc=-1 ipm=-1.0,-1.0 inv=-1.0,-1.0 | 14(7.9) imip=4/24 pass=10111 acc=-1 ipm=74.3,91.1 inv=62.6,56.1
ATGCircleSelectEvidence: circle=CIRCLE_LEFT_IN ok=1 source=circle_in_fixed_right rpts=92 rptsn=17 splice_right=92 splice_left=0 far1=0 far_Lpt1=0/-1 Lpt1=0/-1 rptsc1=44 track=0 Guide=-60.00 pure=20.82 cxcy=84.0,119.6
frame=376 line=1 track=0 cross=0 circle=3(CIRCLE_LEFT_IN) round=0 yroad=0 ramp=0 road=7 speed=0 near=1/44 raw=170/112 sel=92/17 far=0/0 far_raw=0/0 l=0@-1/0@-1 far_l=0@-1/0@-1 straight=0/0 far_straight=0/0 circle_cnt=0/22/0/0 lost=1/0 conf=0.0/9.6/0.0/0.0 dist=879 m0=(84,119) ml=(56,119) md=28/0/28 cxcy=84.0,119.6 guide=37.36 atg=-60.0/-60.0/-60.0 pure=20.82/20.82 yaw=-2242 cmd=-2442 actual=-1890 signed=1 rps=7147/453:6834/5114 duty=17/0
ATGCorner: L=0@-1/0@-1 Y=0@-1/0@-1 farL=0@-1/0@-1 Lxy=-1.0,-1.0:-1.0,-1.0/-1.0,-1.0:-1.0,-1.0 Yxy=-1.0,-1.0:-1.0,-1.0/-1.0,-1.0:-1.0,-1.0 farLxy=-1.0,-1.0:-1.0,-1.0/-1.0,-1.0:-1.0,-1.0 best=-1:-1.0,-1.0:-1.0,-1.0:-57295.8:00000/14:74.3,91.1:62.6,56.1:9.6:10111 seed_src=circle/none seed=40.0,91.8/0.0,0.0 far_start=40,0 far_raw=0/0 far_num=0/0 straight=0/0 far_straight=0/0 conf_deg=0.0/9.6/0.0/0.0
CrossDiag: type=CROSS_NONE track=0 half_lr=0/0 nearL=0@-1/0@-1 nearNum=1/44 centerNum=1/44 farL=0@-1/0@-1 farNum=0/0 farRaw=0/0 lost=1/0 not_have=0 final=92/17 flags=0/0
LineErr: aim=33 cxcy=84.0,119.6 left=0:0.00@-1,-1 dx=0.0 idx=-1/-1 dist=-1/-1 right=1:42.37@52,108 dx=-31.7 idx=2/18 dist=32/82 sel=1:57.82@56,125 dx=-27.9 idx=0/16 dist=32/32 edge=0:0.00@-1.0,-1.0 dx=0.0 width=0.0 l=-1,-1 r=68,87
ATGSeedDiag: seed=1@9,102/1@105,108 begin=7,108 block=5 clip=8
ATGLptDiag: best=-1(-57295.8) imip=-1/-1 pass=00000 acc=-1 ipm=-1.0,-1.0 inv=-1.0,-1.0 | 14(9.6) imip=4/24 pass=10111 acc=-1 ipm=74.3,91.1 inv=62.6,56.1
ATGCircleSelectEvidence: circle=CIRCLE_LEFT_IN ok=1 source=circle_in_fixed_right rpts=92 rptsn=17 splice_right=92 splice_left=0 far1=0 far_Lpt1=0/-1 Lpt1=0/-1 rptsc1=44 track=0 Guide=-60.00 pure=20.82 cxcy=84.0,119.6
frame=377 line=1 track=0 cross=0 circle=3(CIRCLE_LEFT_IN) round=0 yroad=0 ramp=0 road=7 speed=0 near=1/44 raw=170/113 sel=92/17 far=0/0 far_raw=0/0 l=0@-1/0@-1 far_l=0@-1/0@-1 straight=0/0 far_straight=0/0 circle_cnt=0/22/0/0 lost=1/0 conf=0.0/8.1/0.0/0.0 dist=896 m0=(84,119) ml=(56,119) md=28/0/28 cxcy=84.0,119.6 guide=37.36 atg=-60.0/-60.0/-60.0 pure=20.82/20.82 yaw=-2242 cmd=-2442 actual=-1860 signed=1 rps=7147/453:7018/5273 duty=16/0
ATGCorner: L=0@-1/0@-1 Y=0@-1/0@-1 farL=0@-1/0@-1 Lxy=-1.0,-1.0:-1.0,-1.0/-1.0,-1.0:-1.0,-1.0 Yxy=-1.0,-1.0:-1.0,-1.0/-1.0,-1.0:-1.0,-1.0 farLxy=-1.0,-1.0:-1.0,-1.0/-1.0,-1.0:-1.0,-1.0 best=-1:-1.0,-1.0:-1.0,-1.0:-57295.8:00000/13:76.1,92.5:64.9,57.8:8.1:10111 seed_src=circle/none seed=40.0,91.8/0.0,0.0 far_start=40,0 far_raw=0/0 far_num=0/0 straight=0/0 far_straight=0/0 conf_deg=0.0/8.1/0.0/0.0
CrossDiag: type=CROSS_NONE track=0 half_lr=0/0 nearL=0@-1/0@-1 nearNum=1/44 centerNum=1/44 farL=0@-1/0@-1 farNum=0/0 farRaw=0/0 lost=1/0 not_have=0 final=92/17 flags=0/0
LineErr: aim=33 cxcy=84.0,119.6 left=0:0.00@-1,-1 dx=0.0 idx=-1/-1 dist=-1/-1 right=1:42.00@52,108 dx=-31.6 idx=2/18 dist=32/82 sel=1:57.82@56,125 dx=-27.9 idx=0/16 dist=32/32 edge=0:0.00@-1.0,-1.0 dx=0.0 width=0.0 l=-1,-1 r=69,87
ATGSeedDiag: seed=1@10,103/1@105,108 begin=7,108 block=5 clip=8
ATGLptDiag: best=-1(-57295.8) imip=-1/-1 pass=00000 acc=-1 ipm=-1.0,-1.0 inv=-1.0,-1.0 | 13(8.1) imip=3/23 pass=10111 acc=-1 ipm=76.1,92.5 inv=64.9,57.8
ATGCircleSelectEvidence: circle=CIRCLE_LEFT_IN ok=1 source=circle_in_fixed_right rpts=92 rptsn=17 splice_right=92 splice_left=0 far1=0 far_Lpt1=0/-1 Lpt1=0/-1 rptsc1=44 track=0 Guide=-60.00 pure=20.82 cxcy=84.0,119.6
frame=378 line=1 track=0 cross=0 circle=3(CIRCLE_LEFT_IN) round=0 yroad=0 ramp=0 road=7 speed=0 near=0/44 raw=0/113 sel=92/17 far=0/0 far_raw=0/0 l=0@-1/0@-1 far_l=0@-1/0@-1 straight=0/0 far_straight=0/0 circle_cnt=0/22/0/0 lost=1/0 conf=0.0/9.0/0.0/0.0 dist=912 m0=(84,119) ml=(56,119) md=28/0/28 cxcy=84.0,119.6 guide=37.36 atg=-60.0/-60.0/-60.0 pure=20.82/20.82 yaw=-2242 cmd=-2442 actual=-1826 signed=1 rps=7147/453:6547/5078 duty=17/0
ATGCorner: L=0@-1/0@-1 Y=0@-1/0@-1 farL=0@-1/0@-1 Lxy=-1.0,-1.0:-1.0,-1.0/-1.0,-1.0:-1.0,-1.0 Yxy=-1.0,-1.0:-1.0,-1.0/-1.0,-1.0:-1.0,-1.0 farLxy=-1.0,-1.0:-1.0,-1.0/-1.0,-1.0:-1.0,-1.0 best=-1:-1.0,-1.0:-1.0,-1.0:-57295.8:00000/13:76.3,92.4:65.3,57.6:9.0:10111 seed_src=circle/none seed=40.0,91.8/0.0,0.0 far_start=40,0 far_raw=0/0 far_num=0/0 straight=0/0 far_straight=0/0 conf_deg=0.0/9.0/0.0/0.0
CrossDiag: type=CROSS_NONE track=0 half_lr=0/0 nearL=0@-1/0@-1 nearNum=0/44 centerNum=0/44 farL=0@-1/0@-1 farNum=0/0 farRaw=0/0 lost=1/0 not_have=0 final=92/17 flags=0/0
LineErr: aim=33 cxcy=84.0,119.6 left=0:0.00@-1,-1 dx=0.0 idx=-1/-1 dist=-1/-1 right=1:42.57@51,107 dx=-33.0 idx=2/19 dist=33/81 sel=1:57.82@56,125 dx=-27.9 idx=0/16 dist=32/32 edge=0:0.00@-1.0,-1.0 dx=0.0 width=0.0 l=-1,-1 r=69,87
ATGSeedDiag: seed=0@-1,-1/1@105,108 begin=7,108 block=5 clip=8
ATGLptDiag: best=-1(-57295.8) imip=-1/-1 pass=00000 acc=-1 ipm=-1.0,-1.0 inv=-1.0,-1.0 | 13(9.0) imip=3/23 pass=10111 acc=-1 ipm=76.3,92.4 inv=65.3,57.6
ATGCircleSelectEvidence: circle=CIRCLE_LEFT_IN ok=1 source=circle_in_fixed_right rpts=92 rptsn=17 splice_right=92 splice_left=0 far1=0 far_Lpt1=0/-1 Lpt1=0/-1 rptsc1=45 track=0 Guide=-60.00 pure=20.82 cxcy=84.0,119.6
ATGCircleSelectEvidence: circle=CIRCLE_LEFT_IN ok=1 source=circle_in_fixed_right rpts=92 rptsn=17 splice_right=92 splice_left=0 far1=0 far_Lpt1=0/-1 Lpt1=0/-1 rptsc1=45 track=0 Guide=-60.00 pure=20.82 cxcy=84.0,119.6
ATGCircleSelectEvidence: circle=CIRCLE_LEFT_IN ok=1 source=circle_in_fixed_right rpts=92 rptsn=17 splice_right=92 splice_left=0 far1=0 far_Lpt1=0/-1 Lpt1=0/-1 rptsc1=44 track=0 Guide=-60.00 pure=20.82 cxcy=84.0,119.6
frame=381 line=1 track=0 cross=0 circle=3(CIRCLE_LEFT_IN) round=0 yroad=0 ramp=0 road=7 speed=0 near=0/44 raw=0/114 sel=92/17 far=0/0 far_raw=0/0 l=0@-1/0@-1 far_l=0@-1/0@-1 straight=0/0 far_straight=0/0 circle_cnt=0/22/0/0 lost=1/0 conf=0.0/9.3/0.0/0.0 dist=959 m0=(84,119) ml=(56,119) md=28/0/28 cxcy=84.0,119.6 guide=37.36 atg=-60.0/-60.0/-60.0 pure=20.82/20.82 yaw=-2242 cmd=-2442 actual=-1743 signed=1 rps=7147/453:6235/4981 duty=17/0
ATGCorner: L=0@-1/0@-1 Y=0@-1/0@-1 farL=0@-1/0@-1 Lxy=-1.0,-1.0:-1.0,-1.0/-1.0,-1.0:-1.0,-1.0 Yxy=-1.0,-1.0:-1.0,-1.0/-1.0,-1.0:-1.0,-1.0 farLxy=-1.0,-1.0:-1.0,-1.0/-1.0,-1.0:-1.0,-1.0 best=-1:-1.0,-1.0:-1.0,-1.0:-57295.8:00000/11:79.7,95.4:69.8,61.2:9.3:10111 seed_src=circle/none seed=40.0,91.8/0.0,0.0 far_start=40,0 far_raw=0/0 far_num=0/0 straight=0/0 far_straight=0/0 conf_deg=0.0/9.3/0.0/0.0
CrossDiag: type=CROSS_NONE track=0 half_lr=0/0 nearL=0@-1/0@-1 nearNum=0/44 centerNum=0/44 farL=0@-1/0@-1 farNum=0/0 farRaw=0/0 lost=1/0 not_have=0 final=92/17 flags=0/0
LineErr: aim=33 cxcy=84.0,119.6 left=0:0.00@-1,-1 dx=0.0 idx=-1/-1 dist=-1/-1 right=1:42.56@51,107 dx=-33.0 idx=2/19 dist=33/81 sel=1:57.82@56,125 dx=-27.9 idx=0/16 dist=32/32 edge=0:0.00@-1.0,-1.0 dx=0.0 width=0.0 l=-1,-1 r=69,87
ATGSeedDiag: seed=0@-1,-1/1@104,108 begin=7,108 block=5 clip=8
ATGLptDiag: best=-1(-57295.8) imip=-1/-1 pass=00000 acc=-1 ipm=-1.0,-1.0 inv=-1.0,-1.0 | 11(9.3) imip=1/21 pass=10111 acc=-1 ipm=79.7,95.4 inv=69.8,61.2
ATGCircleSelectEvidence: circle=CIRCLE_LEFT_IN ok=1 source=circle_in_fixed_right rpts=92 rptsn=17 splice_right=92 splice_left=0 far1=0 far_Lpt1=0/-1 Lpt1=0/-1 rptsc1=44 track=0 Guide=-60.00 pure=20.82 cxcy=84.0,119.6
ATGCircleSelectEvidence: circle=CIRCLE_LEFT_IN ok=1 source=circle_in_fixed_right rpts=92 rptsn=17 splice_right=92 splice_left=0 far1=0 far_Lpt1=0/-1 Lpt1=0/-1 rptsc1=44 track=0 Guide=-60.00 pure=20.82 cxcy=84.0,119.6
frame=383 line=1 track=0 cross=0 circle=3(CIRCLE_LEFT_IN) round=0 yroad=0 ramp=0 road=7 speed=0 near=0/44 raw=0/114 sel=92/17 far=0/0 far_raw=0/0 l=0@-1/0@-1 far_l=0@-1/0@-1 straight=0/0 far_straight=0/0 circle_cnt=0/22/0/0 lost=1/0 conf=0.0/13.8/0.0/0.0 dist=991 m0=(84,119) ml=(56,119) md=28/0/28 cxcy=84.0,119.6 guide=37.36 atg=-60.0/-60.0/-60.0 pure=20.82/20.82 yaw=-2242 cmd=-2442 actual=-1706 signed=1 rps=7147/453:6576/4715 duty=17/0
ATGCorner: L=0@-1/0@-1 Y=0@-1/0@-1 farL=0@-1/0@-1 Lxy=-1.0,-1.0:-1.0,-1.0/-1.0,-1.0:-1.0,-1.0 Yxy=-1.0,-1.0:-1.0,-1.0/-1.0,-1.0:-1.0,-1.0 farLxy=-1.0,-1.0:-1.0,-1.0/-1.0,-1.0:-1.0,-1.0 best=-1:-1.0,-1.0:-1.0,-1.0:-57295.8:00000/10:81.2,97.1:72.1,63.5:13.8:10111 seed_src=circle/none seed=40.0,91.8/0.0,0.0 far_start=40,0 far_raw=0/0 far_num=0/0 straight=0/0 far_straight=0/0 conf_deg=0.0/13.8/0.0/0.0
CrossDiag: type=CROSS_NONE track=0 half_lr=0/0 nearL=0@-1/0@-1 nearNum=0/44 centerNum=0/44 farL=0@-1/0@-1 farNum=0/0 farRaw=0/0 lost=1/0 not_have=0 final=92/17 flags=0/0
LineErr: aim=33 cxcy=84.0,119.6 left=0:0.00@-1,-1 dx=0.0 idx=-1/-1 dist=-1/-1 right=1:42.54@51,107 dx=-33.0 idx=2/19 dist=33/80 sel=1:57.82@56,125 dx=-27.9 idx=0/16 dist=32/32 edge=0:0.00@-1.0,-1.0 dx=0.0 width=0.0 l=-1,-1 r=69,87
ATGSeedDiag: seed=0@-1,-1/1@104,108 begin=7,108 block=5 clip=8
ATGLptDiag: best=-1(-57295.8) imip=-1/-1 pass=00000 acc=-1 ipm=-1.0,-1.0 inv=-1.0,-1.0 | 10(13.8) imip=0/20 pass=10111 acc=-1 ipm=81.2,97.1 inv=72.1,63.5
ATGCircleSelectEvidence: circle=CIRCLE_LEFT_IN ok=1 source=circle_in_fixed_right rpts=92 rptsn=17 splice_right=92 splice_left=0 far1=0 far_Lpt1=0/-1 Lpt1=0/-1 rptsc1=44 track=0 Guide=-60.00 pure=20.82 cxcy=84.0,119.6
ATGCircleSelectEvidence: circle=CIRCLE_LEFT_IN ok=1 source=circle_in_fixed_right rpts=92 rptsn=17 splice_right=92 splice_left=0 far1=0 far_Lpt1=0/-1 Lpt1=0/-1 rptsc1=44 track=0 Guide=-60.00 pure=20.82 cxcy=84.0,119.6
ATGCircleCal: from=CIRCLE_LEFT_IN to=CIRCLE_LEFT_RUNNING reason=gyro heading_deg10=602 dist=1025
frame=386 line=1 track=1 cross=0 circle=5(CIRCLE_LEFT_RUNNING) round=0 yroad=0 ramp=0 road=7 speed=0 near=0/44 raw=0/114 sel=44/38 far=0/0 far_raw=0/0 l=0@-1/0@-1 far_l=0@-1/0@-1 straight=0/0 far_straight=0/0 circle_cnt=0/0/0/0 lost=1/0 conf=0.0/12.8/0.0/0.0 dist=0 m0=(84,119) ml=(55,109) md=33/1/78 cxcy=84.0,119.6 guide=30.00 atg=-60.0/-60.0/-60.0 pure=11.04/9.80 yaw=-1800 cmd=-1928 actual=-1672 signed=1 rps=6443/1157:7014/5471 duty=14/0
ATGCorner: L=0@-1/0@-1 Y=0@-1/0@-1 farL=0@-1/0@-1 Lxy=-1.0,-1.0:-1.0,-1.0/-1.0,-1.0:-1.0,-1.0 Yxy=-1.0,-1.0:-1.0,-1.0/-1.0,-1.0:-1.0,-1.0 farLxy=-1.0,-1.0:-1.0,-1.0/-1.0,-1.0:-1.0,-1.0 best=-1:-1.0,-1.0:-1.0,-1.0:-57295.8:00000/11:79.8,95.3:69.9,61.1:12.8:10111 seed_src=lost/none seed=40.0,91.8/0.0,0.0 far_start=40,0 far_raw=0/0 far_num=0/0 straight=0/0 far_straight=0/0 conf_deg=0.0/12.8/0.0/0.0
CrossDiag: type=CROSS_NONE track=1 half_lr=0/0 nearL=0@-1/0@-1 nearNum=0/44 centerNum=0/44 farL=0@-1/0@-1 farNum=0/0 farRaw=0/0 lost=1/0 not_have=0 final=44/38 flags=0/0
LineErr: aim=33 cxcy=84.0,119.6 left=0:0.00@-1,-1 dx=0.0 idx=-1/-1 dist=-1/-1 right=1:38.04@61,114 dx=-22.7 idx=2/11 dist=32/95 sel=1:40.50@55,109 dx=-28.5 idx=0/16 dist=32/74 edge=0:0.00@-1.0,-1.0 dx=0.0 width=0.0 l=-1,-1 r=69,87
ATGSeedDiag: seed=0@-1,-1/1@104,108 begin=7,108 block=5 clip=8
ATGLptDiag: best=-1(-57295.8) imip=-1/-1 pass=00000 acc=-1 ipm=-1.0,-1.0 inv=-1.0,-1.0 | 11(12.8) imip=1/21 pass=10111 acc=-1 ipm=79.8,95.3 inv=69.9,61.1
frame=387 line=1 track=1 cross=0 circle=5(CIRCLE_LEFT_RUNNING) round=0 yroad=0 ramp=0 road=7 speed=0 near=0/44 raw=0/114 sel=44/38 far=0/0 far_raw=0/0 l=0@-1/0@-1 far_l=0@-1/0@-1 straight=0/0 far_straight=0/0 circle_cnt=0/0/0/0 lost=1/0 conf=0.0/12.3/0.0/0.0 dist=17 m0=(84,119) ml=(55,109) md=33/1/78 cxcy=84.0,119.6 guide=30.00 atg=-60.0/-60.0/-60.0 pure=11.00/9.80 yaw=-1800 cmd=-1945 actual=-1655 signed=1 rps=6465/1135:6971/5772 duty=14/0
ATGCorner: L=0@-1/0@-1 Y=0@-1/0@-1 farL=0@-1/0@-1 Lxy=-1.0,-1.0:-1.0,-1.0/-1.0,-1.0:-1.0,-1.0 Yxy=-1.0,-1.0:-1.0,-1.0/-1.0,-1.0:-1.0,-1.0 farLxy=-1.0,-1.0:-1.0,-1.0/-1.0,-1.0:-1.0,-1.0 best=-1:-1.0,-1.0:-1.0,-1.0:-57295.8:00000/11:79.8,95.3:69.9,61.1:12.3:10111 seed_src=lost/none seed=40.0,91.8/0.0,0.0 far_start=40,0 far_raw=0/0 far_num=0/0 straight=0/0 far_straight=0/0 conf_deg=0.0/12.3/0.0/0.0
CrossDiag: type=CROSS_NONE track=1 half_lr=0/0 nearL=0@-1/0@-1 nearNum=0/44 centerNum=0/44 farL=0@-1/0@-1 farNum=0/0 farRaw=0/0 lost=1/0 not_have=0 final=44/38 flags=0/0
LineErr: aim=33 cxcy=84.0,119.6 left=0:0.00@-1,-1 dx=0.0 idx=-1/-1 dist=-1/-1 right=1:38.56@60,113 dx=-23.9 idx=2/12 dist=33/93 sel=1:40.51@55,109 dx=-28.6 idx=0/16 dist=32/74 edge=0:0.00@-1.0,-1.0 dx=0.0 width=0.0 l=-1,-1 r=69,87
ATGSeedDiag: seed=0@-1,-1/1@104,108 begin=7,108 block=5 clip=8
ATGLptDiag: best=-1(-57295.8) imip=-1/-1 pass=00000 acc=-1 ipm=-1.0,-1.0 inv=-1.0,-1.0 | 11(12.3) imip=1/21 pass=10111 acc=-1 ipm=79.8,95.3 inv=69.9,61.1
frame=388 line=1 track=1 cross=0 circle=5(CIRCLE_LEFT_RUNNING) round=0 yroad=0 ramp=0 road=7 speed=0 near=0/44 raw=0/114 sel=44/39 far=0/0 far_raw=0/0 l=0@-1/0@-1 far_l=0@-1/0@-1 straight=0/0 far_straight=0/0 circle_cnt=0/0/0/0 lost=1/0 conf=0.0/15.2/0.0/0.0 dist=33 m0=(84,119) ml=(56,109) md=32/1/80 cxcy=84.0,119.6 guide=30.00 atg=-60.0/-60.0/-60.0 pure=11.06/9.70 yaw=-1800 cmd=-1966 actual=-1634 signed=1 rps=6495/1105:6401/5463 duty=15/0
ATGCorner: L=0@-1/0@-1 Y=0@-1/0@-1 farL=0@-1/0@-1 Lxy=-1.0,-1.0:-1.0,-1.0/-1.0,-1.0:-1.0,-1.0 Yxy=-1.0,-1.0:-1.0,-1.0/-1.0,-1.0:-1.0,-1.0 farLxy=-1.0,-1.0:-1.0,-1.0/-1.0,-1.0:-1.0,-1.0 best=-1:-1.0,-1.0:-1.0,-1.0:-57295.8:00000/10:81.4,97.0:72.3,63.3:15.2:10111 seed_src=lost/none seed=40.0,91.8/0.0,0.0 far_start=40,0 far_raw=0/0 far_num=0/0 straight=0/0 far_straight=0/0 conf_deg=0.0/15.2/0.0/0.0
CrossDiag: type=CROSS_NONE track=1 half_lr=0/0 nearL=0@-1/0@-1 nearNum=0/44 centerNum=0/44 farL=0@-1/0@-1 farNum=0/0 farRaw=0/0 lost=1/0 not_have=0 final=44/39 flags=0/0
LineErr: aim=33 cxcy=84.0,119.6 left=0:0.00@-1,-1 dx=0.0 idx=-1/-1 dist=-1/-1 right=1:38.22@61,114 dx=-22.8 idx=2/11 dist=32/96 sel=1:40.45@56,109 dx=-28.4 idx=0/16 dist=32/76 edge=0:0.00@-1.0,-1.0 dx=0.0 width=0.0 l=-1,-1 r=69,87
ATGSeedDiag: seed=0@-1,-1/1@104,108 begin=7,108 block=5 clip=8
ATGLptDiag: best=-1(-57295.8) imip=-1/-1 pass=00000 acc=-1 ipm=-1.0,-1.0 inv=-1.0,-1.0 | 10(15.2) imip=0/20 pass=10111 acc=-1 ipm=81.4,97.0 inv=72.3,63.3
frame=389 line=1 track=1 cross=0 circle=5(CIRCLE_LEFT_RUNNING) round=0 yroad=0 ramp=0 road=7 speed=0 near=0/44 raw=0/114 sel=44/39 far=0/0 far_raw=0/0 l=0@-1/0@-1 far_l=0@-1/0@-1 straight=0/0 far_straight=0/0 circle_cnt=0/0/0/0 lost=1/0 conf=0.0/15.4/0.0/0.0 dist=49 m0=(84,119) ml=(54,108) md=34/1/80 cxcy=84.0,119.6 guide=30.00 atg=-60.0/-60.0/-60.0 pure=11.05/9.70 yaw=-1800 cmd=-1984 actual=-1616 signed=1 rps=6519/1081:6481/5631 duty=15/0
ATGCorner: L=0@-1/0@-1 Y=0@-1/0@-1 farL=0@-1/0@-1 Lxy=-1.0,-1.0:-1.0,-1.0/-1.0,-1.0:-1.0,-1.0 Yxy=-1.0,-1.0:-1.0,-1.0/-1.0,-1.0:-1.0,-1.0 farLxy=-1.0,-1.0:-1.0,-1.0/-1.0,-1.0:-1.0,-1.0 best=-1:-1.0,-1.0:-1.0,-1.0:-57295.8:00000/10:81.3,96.9:72.1,63.3:15.4:10111 seed_src=lost/none seed=40.0,91.8/0.0,0.0 far_start=40,0 far_raw=0/0 far_num=0/0 straight=0/0 far_straight=0/0 conf_deg=0.0/15.4/0.0/0.0
CrossDiag: type=CROSS_NONE track=1 half_lr=0/0 nearL=0@-1/0@-1 nearNum=0/44 centerNum=0/44 farL=0@-1/0@-1 farNum=0/0 farRaw=0/0 lost=1/0 not_have=0 final=44/39 flags=0/0
LineErr: aim=33 cxcy=84.0,119.6 left=0:0.00@-1,-1 dx=0.0 idx=-1/-1 dist=-1/-1 right=1:38.86@60,113 dx=-24.1 idx=2/12 dist=32/91 sel=1:40.68@56,110 dx=-28.5 idx=0/16 dist=32/76 edge=0:0.00@-1.0,-1.0 dx=0.0 width=0.0 l=-1,-1 r=69,87
ATGSeedDiag: seed=0@-1,-1/1@103,108 begin=7,108 block=5 clip=8
ATGLptDiag: best=-1(-57295.8) imip=-1/-1 pass=00000 acc=-1 ipm=-1.0,-1.0 inv=-1.0,-1.0 | 10(15.4) imip=0/20 pass=10111 acc=-1 ipm=81.3,96.9 inv=72.1,63.3
frame=390 line=1 track=1 cross=0 circle=5(CIRCLE_LEFT_RUNNING) round=0 yroad=0 ramp=0 road=7 speed=0 near=0/44 raw=0/114 sel=44/39 far=0/0 far_raw=0/0 l=0@-1/0@-1 far_l=0@-1/0@-1 straight=0/0 far_straight=0/0 circle_cnt=0/0/0/0 lost=1/0 conf=0.0/14.9/0.0/0.0 dist=66 m0=(84,119) ml=(54,109) md=33/1/80 cxcy=84.0,119.6 guide=30.00 atg=-60.0/-60.0/-60.0 pure=11.10/9.69 yaw=-1800 cmd=-2000 actual=-1593 signed=1 rps=6541/1059:6306/5406 duty=15/0
ATGCorner: L=0@-1/0@-1 Y=0@-1/0@-1 farL=0@-1/0@-1 Lxy=-1.0,-1.0:-1.0,-1.0/-1.0,-1.0:-1.0,-1.0 Yxy=-1.0,-1.0:-1.0,-1.0/-1.0,-1.0:-1.0,-1.0 farLxy=-1.0,-1.0:-1.0,-1.0/-1.0,-1.0:-1.0,-1.0 best=-1:-1.0,-1.0:-1.0,-1.0:-57295.8:00000/8:84.4,100.3:77.2,68.2:14.9:10111 seed_src=lost/none seed=40.0,91.8/0.0,0.0 far_start=40,0 far_raw=0/0 far_num=0/0 straight=0/0 far_straight=0/0 conf_deg=0.0/14.9/0.0/0.0
CrossDiag: type=CROSS_NONE track=1 half_lr=0/0 nearL=0@-1/0@-1 nearNum=0/44 centerNum=0/44 farL=0@-1/0@-1 farNum=0/0 farRaw=0/0 lost=1/0 not_have=0 final=44/39 flags=0/0
LineErr: aim=33 cxcy=84.0,119.6 left=0:0.00@-1,-1 dx=0.0 idx=-1/-1 dist=-1/-1 right=1:39.02@60,113 dx=-24.1 idx=2/12 dist=33/94 sel=1:40.79@56,110 dx=-28.5 idx=0/16 dist=32/76 edge=0:0.00@-1.0,-1.0 dx=0.0 width=0.0 l=-1,-1 r=68,87
ATGSeedDiag: seed=0@-1,-1/1@103,108 begin=7,108 block=5 clip=8
ATGLptDiag: best=-1(-57295.8) imip=-1/-1 pass=00000 acc=-1 ipm=-1.0,-1.0 inv=-1.0,-1.0 | 8(14.9) imip=0/18 pass=10111 acc=-1 ipm=84.4,100.3 inv=77.2,68.2
frame=391 line=1 track=1 cross=0 circle=5(CIRCLE_LEFT_RUNNING) round=0 yroad=0 ramp=0 road=7 speed=0 near=0/44 raw=0/113 sel=44/38 far=0/0 far_raw=0/0 l=0@-1/0@-1 far_l=0@-1/0@-1 straight=0/0 far_straight=0/0 circle_cnt=0/0/0/0 lost=1/0 conf=0.0/14.9/0.0/0.0 dist=83 m0=(84,119) ml=(54,109) md=33/1/78 cxcy=84.0,119.6 guide=30.00 atg=-60.0/-60.0/-60.0 pure=10.99/9.74 yaw=-1800 cmd=-2000 actual=-1585 signed=1 rps=6541/1059:6815/5633 duty=14/0
ATGCorner: L=0@-1/0@-1 Y=0@-1/0@-1 farL=0@-1/0@-1 Lxy=-1.0,-1.0:-1.0,-1.0/-1.0,-1.0:-1.0,-1.0 Yxy=-1.0,-1.0:-1.0,-1.0/-1.0,-1.0:-1.0,-1.0 farLxy=-1.0,-1.0:-1.0,-1.0/-1.0,-1.0:-1.0,-1.0 best=-1:-1.0,-1.0:-1.0,-1.0:-57295.8:00000/10:80.9,97.1:71.6,63.6:14.9:10111 seed_src=lost/none seed=40.0,91.8/0.0,0.0 far_start=40,0 far_raw=0/0 far_num=0/0 straight=0/0 far_straight=0/0 conf_deg=0.0/14.9/0.0/0.0
CrossDiag: type=CROSS_NONE track=1 half_lr=0/0 nearL=0@-1/0@-1 nearNum=0/44 centerNum=0/44 farL=0@-1/0@-1 farNum=0/0 farRaw=0/0 lost=1/0 not_have=0 final=44/38 flags=0/0
LineErr: aim=33 cxcy=84.0,119.6 left=0:0.00@-1,-1 dx=0.0 idx=-1/-1 dist=-1/-1 right=1:39.27@60,113 dx=-24.3 idx=3/12 dist=32/93 sel=1:41.44@54,109 dx=-29.6 idx=0/16 dist=32/74 edge=0:0.00@-1.0,-1.0 dx=0.0 width=0.0 l=-1,-1 r=68,87
ATGSeedDiag: seed=0@-1,-1/1@103,108 begin=7,108 block=5 clip=8
ATGLptDiag: best=-1(-57295.8) imip=-1/-1 pass=00000 acc=-1 ipm=-1.0,-1.0 inv=-1.0,-1.0 | 10(14.9) imip=0/20 pass=10111 acc=-1 ipm=80.9,97.1 inv=71.6,63.6
frame=392 line=1 track=1 cross=0 circle=5(CIRCLE_LEFT_RUNNING) round=0 yroad=0 ramp=0 road=7 speed=0 near=0/44 raw=0/113 sel=44/39 far=0/0 far_raw=0/0 l=0@-1/0@-1 far_l=0@-1/0@-1 straight=0/0 far_straight=0/0 circle_cnt=0/0/0/0 lost=1/0 conf=0.0/12.2/0.0/0.0 dist=100 m0=(84,119) ml=(54,109) md=33/1/80 cxcy=84.0,119.6 guide=30.00 atg=-60.0/-60.0/-60.0 pure=11.07/9.71 yaw=-1800 cmd=-2000 actual=-1554 signed=1 rps=6541/1059:7115/5532 duty=14/0
ATGCorner: L=0@-1/0@-1 Y=0@-1/0@-1 farL=0@-1/0@-1 Lxy=-1.0,-1.0:-1.0,-1.0/-1.0,-1.0:-1.0,-1.0 Yxy=-1.0,-1.0:-1.0,-1.0/-1.0,-1.0:-1.0,-1.0 farLxy=-1.0,-1.0:-1.0,-1.0/-1.0,-1.0:-1.0,-1.0 best=-1:-1.0,-1.0:-1.0,-1.0:-57295.8:00000/11:79.3,95.5:69.2,61.4:12.2:10111 seed_src=lost/none seed=40.0,91.8/0.0,0.0 far_start=40,0 far_raw=0/0 far_num=0/0 straight=0/0 far_straight=0/0 conf_deg=0.0/12.2/0.0/0.0
CrossDiag: type=CROSS_NONE track=1 half_lr=0/0 nearL=0@-1/0@-1 nearNum=0/44 centerNum=0/44 farL=0@-1/0@-1 farNum=0/0 farRaw=0/0 lost=1/0 not_have=0 final=44/39 flags=0/0
LineErr: aim=33 cxcy=84.0,119.6 left=0:0.00@-1,-1 dx=0.0 idx=-1/-1 dist=-1/-1 right=1:38.81@61,114 dx=-23.2 idx=2/11 dist=32/93 sel=1:40.74@56,110 dx=-28.4 idx=0/16 dist=32/76 edge=0:0.00@-1.0,-1.0 dx=0.0 width=0.0 l=-1,-1 r=68,87
ATGSeedDiag: seed=0@-1,-1/1@103,108 begin=7,108 block=5 clip=8
ATGLptDiag: best=-1(-57295.8) imip=-1/-1 pass=00000 acc=-1 ipm=-1.0,-1.0 inv=-1.0,-1.0 | 11(12.2) imip=1/21 pass=10111 acc=-1 ipm=79.3,95.5 inv=69.2,61.4
frame=394 line=1 track=1 cross=0 circle=5(CIRCLE_LEFT_RUNNING) round=0 yroad=0 ramp=0 road=7 speed=0 near=0/44 raw=0/113 sel=44/38 far=0/0 far_raw=0/0 l=0@-1/0@-1 far_l=0@-1/0@-1 straight=0/0 far_straight=0/0 circle_cnt=0/0/0/0 lost=1/0 conf=0.0/13.0/0.0/0.0 dist=133 m0=(84,119) ml=(54,109) md=33/1/79 cxcy=84.0,119.6 guide=30.00 atg=-60.0/-60.0/-60.0 pure=10.92/9.74 yaw=-1800 cmd=-2000 actual=-1496 signed=1 rps=6541/1059:7096/5160 duty=14/0
ATGCorner: L=0@-1/0@-1 Y=0@-1/0@-1 farL=0@-1/0@-1 Lxy=-1.0,-1.0:-1.0,-1.0/-1.0,-1.0:-1.0,-1.0 Yxy=-1.0,-1.0:-1.0,-1.0/-1.0,-1.0:-1.0,-1.0 farLxy=-1.0,-1.0:-1.0,-1.0/-1.0,-1.0:-1.0,-1.0 best=-1:-1.0,-1.0:-1.0,-1.0:-57295.8:00000/11:79.3,95.5:69.2,61.4:13.0:10111 seed_src=lost/none seed=40.0,91.8/0.0,0.0 far_start=40,0 far_raw=0/0 far_num=0/0 straight=0/0 far_straight=0/0 conf_deg=0.0/13.0/0.0/0.0
CrossDiag: type=CROSS_NONE track=1 half_lr=0/0 nearL=0@-1/0@-1 nearNum=0/44 centerNum=0/44 farL=0@-1/0@-1 farNum=0/0 farRaw=0/0 lost=1/0 not_have=0 final=44/38 flags=0/0
LineErr: aim=33 cxcy=84.0,119.6 left=0:0.00@-1,-1 dx=0.0 idx=-1/-1 dist=-1/-1 right=1:39.75@58,112 dx=-25.5 idx=3/13 dist=33/90 sel=1:41.50@54,109 dx=-29.9 idx=0/16 dist=32/74 edge=0:0.00@-1.0,-1.0 dx=0.0 width=0.0 l=-1,-1 r=68,87
ATGSeedDiag: seed=0@-1,-1/1@103,108 begin=7,108 block=5 clip=8
ATGLptDiag: best=-1(-57295.8) imip=-1/-1 pass=00000 acc=-1 ipm=-1.0,-1.0 inv=-1.0,-1.0 | 11(13.0) imip=1/21 pass=10111 acc=-1 ipm=79.3,95.5 inv=69.2,61.4
frame=396 line=1 track=1 cross=0 circle=5(CIRCLE_LEFT_RUNNING) round=0 yroad=0 ramp=0 road=7 speed=0 near=0/44 raw=0/113 sel=44/38 far=0/0 far_raw=0/0 l=0@-1/0@-1 far_l=0@-1/0@-1 straight=0/0 far_straight=0/0 circle_cnt=0/0/0/0 lost=1/0 conf=0.0/18.6/0.0/0.0 dist=165 m0=(84,119) ml=(54,109) md=33/1/80 cxcy=84.0,119.6 guide=30.00 atg=-60.0/-60.0/-60.0 pure=10.97/9.85 yaw=-1800 cmd=-2000 actual=-1456 signed=1 rps=6541/1059:6689/5335 duty=15/0
ATGCorner: L=0@-1/0@-1 Y=0@-1/0@-1 farL=0@-1/0@-1 Lxy=-1.0,-1.0:-1.0,-1.0/-1.0,-1.0:-1.0,-1.0 Yxy=-1.0,-1.0:-1.0,-1.0/-1.0,-1.0:-1.0,-1.0 farLxy=-1.0,-1.0:-1.0,-1.0/-1.0,-1.0:-1.0,-1.0 best=-1:-1.0,-1.0:-1.0,-1.0:-57295.8:00000/42:13.5,68.7:5.5,38.4:18.6:10111 seed_src=lost/none seed=40.0,91.8/0.0,0.0 far_start=40,0 far_raw=0/0 far_num=0/0 straight=0/0 far_straight=0/0 conf_deg=0.0/18.6/0.0/0.0
CrossDiag: type=CROSS_NONE track=1 half_lr=0/0 nearL=0@-1/0@-1 nearNum=0/44 centerNum=0/44 farL=0@-1/0@-1 farNum=0/0 farRaw=0/0 lost=1/0 not_have=0 final=44/38 flags=0/0
LineErr: aim=33 cxcy=84.0,119.6 left=0:0.00@-1,-1 dx=0.0 idx=-1/-1 dist=-1/-1 right=1:40.56@57,111 dx=-26.8 idx=3/14 dist=33/89 sel=1:41.96@54,109 dx=-30.3 idx=0/16 dist=32/74 edge=0:0.00@-1.0,-1.0 dx=0.0 width=0.0 l=-1,-1 r=70,88
ATGSeedDiag: seed=0@-1,-1/1@102,108 begin=7,108 block=5 clip=8
ATGLptDiag: best=-1(-57295.8) imip=-1/-1 pass=00000 acc=-1 ipm=-1.0,-1.0 inv=-1.0,-1.0 | 42(18.6) imip=32/43 pass=10111 acc=-1 ipm=13.5,68.7 inv=5.5,38.4
frame=397 line=1 track=1 cross=0 circle=5(CIRCLE_LEFT_RUNNING) round=0 yroad=0 ramp=0 road=7 speed=0 near=0/43 raw=0/112 sel=43/36 far=0/0 far_raw=0/0 l=0@-1/0@-1 far_l=0@-1/0@-1 straight=0/0 far_straight=0/0 circle_cnt=0/0/0/0 lost=1/0 conf=0.0/14.6/0.0/0.0 dist=182 m0=(84,119) ml=(55,110) md=32/1/77 cxcy=84.0,119.6 guide=30.00 atg=-60.0/-60.0/-60.0 pure=10.90/10.05 yaw=-1800 cmd=-2000 actual=-1433 signed=1 rps=6541/1059:6640/5735 duty=15/0
ATGCorner: L=0@-1/0@-1 Y=0@-1/0@-1 farL=0@-1/0@-1 Lxy=-1.0,-1.0:-1.0,-1.0/-1.0,-1.0:-1.0,-1.0 Yxy=-1.0,-1.0:-1.0,-1.0/-1.0,-1.0:-1.0,-1.0 farLxy=-1.0,-1.0:-1.0,-1.0/-1.0,-1.0:-1.0,-1.0 best=-1:-1.0,-1.0:-1.0,-1.0:-57295.8:00000/10:80.4,97.3:70.8,63.8:14.6:10111 seed_src=lost/none seed=40.0,91.8/0.0,0.0 far_start=40,0 far_raw=0/0 far_num=0/0 straight=0/0 far_straight=0/0 conf_deg=0.0/14.6/0.0/0.0
CrossDiag: type=CROSS_NONE track=1 half_lr=0/0 nearL=0@-1/0@-1 nearNum=0/43 centerNum=0/43 farL=0@-1/0@-1 farNum=0/0 farRaw=0/0 lost=1/0 not_have=0 final=43/36 flags=0/0
LineErr: aim=33 cxcy=84.0,119.6 left=0:0.00@-1,-1 dx=0.0 idx=-1/-1 dist=-1/-1 right=1:41.27@56,111 dx=-28.0 idx=4/15 dist=33/87 sel=1:42.65@53,109 dx=-31.5 idx=0/16 dist=32/70 edge=0:0.00@-1.0,-1.0 dx=0.0 width=0.0 l=-1,-1 r=70,88
ATGSeedDiag: seed=0@-1,-1/1@102,108 begin=7,108 block=5 clip=8
ATGLptDiag: best=-1(-57295.8) imip=-1/-1 pass=00000 acc=-1 ipm=-1.0,-1.0 inv=-1.0,-1.0 | 10(14.6) imip=0/20 pass=10111 acc=-1 ipm=80.4,97.3 inv=70.8,63.8
frame=400 line=1 track=1 cross=0 circle=5(CIRCLE_LEFT_RUNNING) round=0 yroad=0 ramp=0 road=7 speed=0 near=0/44 raw=0/112 sel=44/38 far=0/0 far_raw=0/0 l=0@-1/0@-1 far_l=0@-1/0@-1 straight=0/0 far_straight=0/0 circle_cnt=0/0/0/0 lost=1/0 conf=0.0/13.5/0.0/0.0 dist=233 m0=(84,119) ml=(54,109) md=33/1/79 cxcy=84.0,119.6 guide=30.00 atg=-60.0/-60.0/-60.0 pure=11.01/9.81 yaw=-1800 cmd=-2000 actual=-1407 signed=1 rps=6541/1059:6519/5485 duty=15/0
ATGCorner: L=0@-1/0@-1 Y=0@-1/0@-1 farL=0@-1/0@-1 Lxy=-1.0,-1.0:-1.0,-1.0/-1.0,-1.0:-1.0,-1.0 Yxy=-1.0,-1.0:-1.0,-1.0/-1.0,-1.0:-1.0,-1.0 farLxy=-1.0,-1.0:-1.0,-1.0/-1.0,-1.0:-1.0,-1.0 best=-1:-1.0,-1.0:-1.0,-1.0:-57295.8:00000/3:90.4,109.9:90.4,86.7:13.5:10111 seed_src=lost/none seed=40.0,91.8/0.0,0.0 far_start=40,0 far_raw=0/0 far_num=0/0 straight=0/0 far_straight=0/0 conf_deg=0.0/13.5/0.0/0.0
CrossDiag: type=CROSS_NONE track=1 half_lr=0/0 nearL=0@-1/0@-1 nearNum=0/44 centerNum=0/44 farL=0@-1/0@-1 farNum=0/0 farRaw=0/0 lost=1/0 not_have=0 final=44/38 flags=0/0
LineErr: aim=33 cxcy=84.0,119.6 left=0:0.00@-1,-1 dx=0.0 idx=-1/-1 dist=-1/-1 right=1:41.15@57,112 dx=-27.0 idx=3/14 dist=33/91 sel=1:42.46@54,109 dx=-30.5 idx=0/16 dist=32/74 edge=0:0.00@-1.0,-1.0 dx=0.0 width=0.0 l=-1,-1 r=69,89
ATGSeedDiag: seed=0@-1,-1/1@101,108 begin=7,108 block=5 clip=8
ATGLptDiag: best=-1(-57295.8) imip=-1/-1 pass=00000 acc=-1 ipm=-1.0,-1.0 inv=-1.0,-1.0 | 3(13.5) imip=0/13 pass=10111 acc=-1 ipm=90.4,109.9 inv=90.4,86.7
frame=402 line=1 track=1 cross=0 circle=5(CIRCLE_LEFT_RUNNING) round=0 yroad=0 ramp=0 road=7 speed=0 near=0/43 raw=0/111 sel=43/37 far=0/0 far_raw=0/0 l=0@-1/0@-1 far_l=0@-1/0@-1 straight=0/0 far_straight=0/0 circle_cnt=0/0/0/0 lost=1/0 conf=0.0/11.7/0.0/0.0 dist=268 m0=(84,119) ml=(54,110) md=33/1/78 cxcy=84.0,119.6 guide=30.00 atg=-60.0/-60.0/-60.0 pure=11.10/10.00 yaw=-1800 cmd=-2000 actual=-1391 signed=1 rps=6541/1059:6729/5384 duty=15/0
ATGCorner: L=0@-1/0@-1 Y=0@-1/0@-1 farL=0@-1/0@-1 Lxy=-1.0,-1.0:-1.0,-1.0/-1.0,-1.0:-1.0,-1.0 Yxy=-1.0,-1.0:-1.0,-1.0/-1.0,-1.0:-1.0,-1.0 farLxy=-1.0,-1.0:-1.0,-1.0/-1.0,-1.0:-1.0,-1.0 best=-1:-1.0,-1.0:-1.0,-1.0:-57295.8:00000/2:91.2,112.0:93.3,92.1:11.7:10111 seed_src=lost/none seed=40.0,91.8/0.0,0.0 far_start=40,0 far_raw=0/0 far_num=0/0 straight=0/0 far_straight=0/0 conf_deg=0.0/11.7/0.0/0.0
CrossDiag: type=CROSS_NONE track=1 half_lr=0/0 nearL=0@-1/0@-1 nearNum=0/43 centerNum=0/43 farL=0@-1/0@-1 farNum=0/0 farRaw=0/0 lost=1/0 not_have=0 final=43/37 flags=0/0
LineErr: aim=33 cxcy=84.0,119.6 left=0:0.00@-1,-1 dx=0.0 idx=-1/-1 dist=-1/-1 right=1:41.72@57,112 dx=-27.3 idx=3/14 dist=33/89 sel=1:42.89@54,110 dx=-30.4 idx=0/16 dist=32/72 edge=0:0.00@-1.0,-1.0 dx=0.0 width=0.0 l=-1,-1 r=69,89
ATGSeedDiag: seed=0@-1,-1/1@101,108 begin=7,108 block=5 clip=8
ATGLptDiag: best=-1(-57295.8) imip=-1/-1 pass=00000 acc=-1 ipm=-1.0,-1.0 inv=-1.0,-1.0 | 2(11.7) imip=0/12 pass=10111 acc=-1 ipm=91.2,112.0 inv=93.3,92.1
frame=404 line=1 track=1 cross=0 circle=5(CIRCLE_LEFT_RUNNING) round=0 yroad=0 ramp=0 road=7 speed=0 near=0/43 raw=0/111 sel=43/38 far=0/0 far_raw=0/0 l=0@-1/0@-1 far_l=0@-1/0@-1 straight=0/0 far_straight=0/0 circle_cnt=0/0/0/0 lost=1/0 conf=0.0/18.1/0.0/0.0 dist=301 m0=(84,119) ml=(55,111) md=32/1/79 cxcy=84.0,119.6 guide=30.00 atg=-60.0/-60.0/-60.0 pure=11.29/9.98 yaw=-1800 cmd=-2000 actual=-1357 signed=1 rps=6541/1059:6654/5116 duty=15/0
ATGCorner: L=0@-1/0@-1 Y=0@-1/0@-1 farL=0@-1/0@-1 Lxy=-1.0,-1.0:-1.0,-1.0/-1.0,-1.0:-1.0,-1.0 Yxy=-1.0,-1.0:-1.0,-1.0/-1.0,-1.0:-1.0,-1.0 farLxy=-1.0,-1.0:-1.0,-1.0/-1.0,-1.0:-1.0,-1.0 best=-1:-1.0,-1.0:-1.0,-1.0:-57295.8:00000/1:92.2,114.1:96.8,98.1:18.1:10111 seed_src=lost/none seed=40.0,91.8/0.0,0.0 far_start=40,0 far_raw=0/0 far_num=0/0 straight=0/0 far_straight=0/0 conf_deg=0.0/18.1/0.0/0.0
CrossDiag: type=CROSS_NONE track=1 half_lr=0/0 nearL=0@-1/0@-1 nearNum=0/43 centerNum=0/43 farL=0@-1/0@-1 farNum=0/0 farRaw=0/0 lost=1/0 not_have=0 final=43/38 flags=0/0
LineErr: aim=33 cxcy=84.0,119.6 left=0:0.00@-1,-1 dx=0.0 idx=-1/-1 dist=-1/-1 right=1:41.21@59,114 dx=-24.9 idx=2/12 dist=32/92 sel=1:42.71@55,111 dx=-29.2 idx=0/16 dist=32/74 edge=0:0.00@-1.0,-1.0 dx=0.0 width=0.0 l=-1,-1 r=69,89
ATGSeedDiag: seed=0@-1,-1/1@101,108 begin=7,108 block=5 clip=8
ATGLptDiag: best=-1(-57295.8) imip=-1/-1 pass=00000 acc=-1 ipm=-1.0,-1.0 inv=-1.0,-1.0 | 1(18.1) imip=0/11 pass=10111 acc=-1 ipm=92.2,114.1 inv=96.8,98.1
frame=405 line=1 track=1 cross=0 circle=5(CIRCLE_LEFT_RUNNING) round=0 yroad=0 ramp=0 road=7 speed=0 near=0/43 raw=0/110 sel=43/38 far=0/0 far_raw=0/0 l=0@-1/0@-1 far_l=0@-1/0@-1 straight=0/0 far_straight=0/0 circle_cnt=0/0/0/0 lost=1/0 conf=0.0/12.1/0.0/0.0 dist=317 m0=(84,119) ml=(55,111) md=32/1/78 cxcy=84.0,119.6 guide=30.00 atg=-60.0/-60.0/-60.0 pure=11.35/10.05 yaw=-1800 cmd=-2000 actual=-1331 signed=1 rps=6541/1059:6669/5274 duty=15/0
ATGCorner: L=0@-1/0@-1 Y=0@-1/0@-1 farL=0@-1/0@-1 Lxy=-1.0,-1.0:-1.0,-1.0/-1.0,-1.0:-1.0,-1.0 Yxy=-1.0,-1.0:-1.0,-1.0/-1.0,-1.0:-1.0,-1.0 farLxy=-1.0,-1.0:-1.0,-1.0/-1.0,-1.0:-1.0,-1.0 best=-1:-1.0,-1.0:-1.0,-1.0:-57295.8:00000/1:92.1,114.2:96.5,98.2:12.1:10111 seed_src=lost/none seed=40.0,91.8/0.0,0.0 far_start=40,0 far_raw=0/0 far_num=0/0 straight=0/0 far_straight=0/0 conf_deg=0.0/12.1/0.0/0.0
CrossDiag: type=CROSS_NONE track=1 half_lr=0/0 nearL=0@-1/0@-1 nearNum=0/43 centerNum=0/43 farL=0@-1/0@-1 farNum=0/0 farRaw=0/0 lost=1/0 not_have=0 final=43/38 flags=0/0
LineErr: aim=33 cxcy=84.0,119.6 left=0:0.00@-1,-1 dx=0.0 idx=-1/-1 dist=-1/-1 right=1:41.44@59,114 dx=-25.1 idx=2/12 dist=33/93 sel=1:42.83@55,111 dx=-29.0 idx=0/16 dist=32/74 edge=0:0.00@-1.0,-1.0 dx=0.0 width=0.0 l=-1,-1 r=69,89
ATGSeedDiag: seed=0@-1,-1/1@101,108 begin=7,108 block=5 clip=8
ATGLptDiag: best=-1(-57295.8) imip=-1/-1 pass=00000 acc=-1 ipm=-1.0,-1.0 inv=-1.0,-1.0 | 1(12.1) imip=0/11 pass=10111 acc=-1 ipm=92.1,114.2 inv=96.5,98.2
frame=406 line=1 track=1 cross=0 circle=5(CIRCLE_LEFT_RUNNING) round=0 yroad=0 ramp=0 road=7 speed=0 near=0/43 raw=0/110 sel=43/38 far=0/0 far_raw=0/0 l=0@-1/0@-1 far_l=0@-1/0@-1 straight=0/0 far_straight=0/0 circle_cnt=0/0/0/0 lost=1/0 conf=0.0/13.6/0.0/0.0 dist=333 m0=(84,119) ml=(54,111) md=32/1/79 cxcy=84.0,119.6 guide=30.00 atg=-60.0/-60.0/-60.0 pure=11.18/9.88 yaw=-1800 cmd=-2000 actual=-1309 signed=1 rps=6541/1059:6600/5414 duty=15/0
ATGCorner: L=0@-1/0@-1 Y=0@-1/0@-1 farL=0@-1/0@-1 Lxy=-1.0,-1.0:-1.0,-1.0/-1.0,-1.0:-1.0,-1.0 Yxy=-1.0,-1.0:-1.0,-1.0/-1.0,-1.0:-1.0,-1.0 farLxy=-1.0,-1.0:-1.0,-1.0/-1.0,-1.0:-1.0,-1.0 best=-1:-1.0,-1.0:-1.0,-1.0:-57295.8:00000/10:79.4,97.7:69.2,64.4:13.6:10111 seed_src=lost/none seed=40.0,91.8/0.0,0.0 far_start=40,0 far_raw=0/0 far_num=0/0 straight=0/0 far_straight=0/0 conf_deg=0.0/13.6/0.0/0.0
CrossDiag: type=CROSS_NONE track=1 half_lr=0/0 nearL=0@-1/0@-1 nearNum=0/43 centerNum=0/43 farL=0@-1/0@-1 farNum=0/0 farRaw=0/0 lost=1/0 not_have=0 final=43/38 flags=0/0
LineErr: aim=33 cxcy=84.0,119.6 left=0:0.00@-1,-1 dx=0.0 idx=-1/-1 dist=-1/-1 right=1:41.76@59,114 dx=-25.3 idx=3/12 dist=32/92 sel=1:43.48@54,111 dx=-30.4 idx=0/16 dist=32/74 edge=0:0.00@-1.0,-1.0 dx=0.0 width=0.0 l=-1,-1 r=68,89
ATGSeedDiag: seed=0@-1,-1/1@101,108 begin=7,108 block=5 clip=8
ATGLptDiag: best=-1(-57295.8) imip=-1/-1 pass=00000 acc=-1 ipm=-1.0,-1.0 inv=-1.0,-1.0 | 10(13.6) imip=0/20 pass=10111 acc=-1 ipm=79.4,97.7 inv=69.2,64.4
frame=407 line=1 track=1 cross=0 circle=5(CIRCLE_LEFT_RUNNING) round=0 yroad=0 ramp=0 road=7 speed=0 near=0/43 raw=0/109 sel=43/38 far=0/0 far_raw=0/0 l=0@-1/0@-1 far_l=0@-1/0@-1 straight=0/0 far_straight=0/0 circle_cnt=0/0/0/0 lost=1/0 conf=0.0/11.0/0.0/0.0 dist=349 m0=(84,119) ml=(54,111) md=32/1/79 cxcy=84.0,119.6 guide=30.00 atg=-60.0/-60.0/-60.0 pure=11.21/9.90 yaw=-1800 cmd=-2000 actual=-1289 signed=1 rps=6541/1059:6189/5284 duty=15/0
ATGCorner: L=0@-1/0@-1 Y=0@-1/0@-1 farL=0@-1/0@-1 Lxy=-1.0,-1.0:-1.0,-1.0/-1.0,-1.0:-1.0,-1.0 Yxy=-1.0,-1.0:-1.0,-1.0/-1.0,-1.0:-1.0,-1.0 farLxy=-1.0,-1.0:-1.0,-1.0/-1.0,-1.0:-1.0,-1.0 best=-1:-1.0,-1.0:-1.0,-1.0:-57295.8:00000/10:79.0,97.9:68.7,64.7:11.0:10111 seed_src=lost/none seed=40.0,91.8/0.0,0.0 far_start=40,0 far_raw=0/0 far_num=0/0 straight=0/0 far_straight=0/0 conf_deg=0.0/11.0/0.0/0.0
CrossDiag: type=CROSS_NONE track=1 half_lr=0/0 nearL=0@-1/0@-1 nearNum=0/43 centerNum=0/43 farL=0@-1/0@-1 farNum=0/0 farRaw=0/0 lost=1/0 not_have=0 final=43/38 flags=0/0
LineErr: aim=33 cxcy=84.0,119.6 left=0:0.00@-1,-1 dx=0.0 idx=-1/-1 dist=-1/-1 right=1:41.93@59,114 dx=-25.4 idx=3/12 dist=32/92 sel=1:43.74@54,111 dx=-30.5 idx=0/16 dist=32/74 edge=0:0.00@-1.0,-1.0 dx=0.0 width=0.0 l=-1,-1 r=68,89
ATGSeedDiag: seed=0@-1,-1/1@101,108 begin=7,108 block=5 clip=8
ATGLptDiag: best=-1(-57295.8) imip=-1/-1 pass=00000 acc=-1 ipm=-1.0,-1.0 inv=-1.0,-1.0 | 10(11.0) imip=0/20 pass=10111 acc=-1 ipm=79.0,97.9 inv=68.7,64.7
frame=408 line=1 track=1 cross=0 circle=5(CIRCLE_LEFT_RUNNING) round=0 yroad=0 ramp=0 road=7 speed=0 near=0/42 raw=0/109 sel=42/37 far=0/0 far_raw=0/0 l=0@-1/0@-1 far_l=0@-1/0@-1 straight=0/0 far_straight=0/0 circle_cnt=0/0/0/0 lost=1/0 conf=0.0/12.6/0.0/0.0 dist=366 m0=(84,119) ml=(54,111) md=32/1/77 cxcy=84.0,119.6 guide=30.00 atg=-60.0/-60.0/-60.0 pure=11.26/10.18 yaw=-1800 cmd=-2000 actual=-1276 signed=1 rps=6541/1059:6589/5770 duty=15/0
ATGCorner: L=0@-1/0@-1 Y=0@-1/0@-1 farL=0@-1/0@-1 Lxy=-1.0,-1.0:-1.0,-1.0/-1.0,-1.0:-1.0,-1.0 Yxy=-1.0,-1.0:-1.0,-1.0/-1.0,-1.0:-1.0,-1.0 farLxy=-1.0,-1.0:-1.0,-1.0/-1.0,-1.0:-1.0,-1.0 best=-1:-1.0,-1.0:-1.0,-1.0:-57295.8:00000/10:79.0,97.9:68.6,64.7:12.6:10111 seed_src=lost/none seed=40.0,91.8/0.0,0.0 far_start=40,0 far_raw=0/0 far_num=0/0 straight=0/0 far_straight=0/0 conf_deg=0.0/12.6/0.0/0.0
CrossDiag: type=CROSS_NONE track=1 half_lr=0/0 nearL=0@-1/0@-1 nearNum=0/42 centerNum=0/42 farL=0@-1/0@-1 farNum=0/0 farRaw=0/0 lost=1/0 not_have=0 final=42/37 flags=0/0
LineErr: aim=33 cxcy=84.0,119.6 left=0:0.00@-1,-1 dx=0.0 idx=-1/-1 dist=-1/-1 right=1:42.36@58,115 dx=-25.6 idx=3/12 dist=33/91 sel=1:43.99@54,111 dx=-30.4 idx=0/16 dist=32/72 edge=0:0.00@-1.0,-1.0 dx=0.0 width=0.0 l=-1,-1 r=68,89
ATGSeedDiag: seed=0@-1,-1/1@101,108 begin=7,108 block=5 clip=8
ATGLptDiag: best=-1(-57295.8) imip=-1/-1 pass=00000 acc=-1 ipm=-1.0,-1.0 inv=-1.0,-1.0 | 10(12.6) imip=0/20 pass=10111 acc=-1 ipm=79.0,97.9 inv=68.6,64.7
frame=409 line=1 track=1 cross=0 circle=5(CIRCLE_LEFT_RUNNING) round=0 yroad=0 ramp=0 road=7 speed=0 near=0/42 raw=0/108 sel=42/38 far=0/0 far_raw=0/0 l=0@-1/0@-1 far_l=0@-1/0@-1 straight=0/0 far_straight=0/0 circle_cnt=0/0/0/0 lost=1/0 conf=0.0/7.7/0.0/0.0 dist=384 m0=(84,119) ml=(53,111) md=33/1/77 cxcy=84.0,119.6 guide=30.00 atg=-60.0/-60.0/-60.0 pure=11.50/10.13 yaw=-1800 cmd=-2000 actual=-1272 signed=1 rps=6541/1059:6550/5693 duty=15/0
ATGCorner: L=0@-1/0@-1 Y=0@-1/0@-1 farL=0@-1/0@-1 Lxy=-1.0,-1.0:-1.0,-1.0/-1.0,-1.0:-1.0,-1.0 Yxy=-1.0,-1.0:-1.0,-1.0/-1.0,-1.0:-1.0,-1.0 farLxy=-1.0,-1.0:-1.0,-1.0/-1.0,-1.0:-1.0,-1.0 best=-1:-1.0,-1.0:-1.0,-1.0:-57295.8:00000/11:76.9,96.5:65.6,62.8:7.7:10111 seed_src=lost/none seed=40.0,91.8/0.0,0.0 far_start=40,0 far_raw=0/0 far_num=0/0 straight=0/0 far_straight=0/0 conf_deg=0.0/7.7/0.0/0.0
CrossDiag: type=CROSS_NONE track=1 half_lr=0/0 nearL=0@-1/0@-1 nearNum=0/42 centerNum=0/42 farL=0@-1/0@-1 farNum=0/0 farRaw=0/0 lost=1/0 not_have=0 final=42/38 flags=0/0
LineErr: aim=33 cxcy=84.0,119.6 left=0:0.00@-1,-1 dx=0.0 idx=-1/-1 dist=-1/-1 right=1:42.46@59,116 dx=-24.6 idx=2/11 dist=33/93 sel=1:43.83@55,112 dx=-29.1 idx=0/16 dist=32/74 edge=0:0.00@-1.0,-1.0 dx=0.0 width=0.0 l=-1,-1 r=66,88
ATGSeedDiag: seed=0@-1,-1/1@101,108 begin=7,108 block=5 clip=8
ATGLptDiag: best=-1(-57295.8) imip=-1/-1 pass=00000 acc=-1 ipm=-1.0,-1.0 inv=-1.0,-1.0 | 11(7.7) imip=1/21 pass=10111 acc=-1 ipm=76.9,96.5 inv=65.6,62.8
frame=412 line=1 track=1 cross=0 circle=5(CIRCLE_LEFT_RUNNING) round=0 yroad=0 ramp=0 road=7 speed=0 near=0/41 raw=0/107 sel=41/37 far=0/0 far_raw=0/0 l=0@-1/0@-1 far_l=0@-1/0@-1 straight=0/0 far_straight=0/0 circle_cnt=0/0/0/0 lost=1/0 conf=0.0/7.4/0.0/0.0 dist=437 m0=(84,119) ml=(53,111) md=34/1/76 cxcy=84.0,119.6 guide=30.00 atg=-60.0/-60.0/-60.0 pure=11.48/10.23 yaw=-1800 cmd=-2000 actual=-1273 signed=1 rps=6541/1059:6814/5634 duty=14/0
ATGCorner: L=0@-1/0@-1 Y=0@-1/0@-1 farL=0@-1/0@-1 Lxy=-1.0,-1.0:-1.0,-1.0/-1.0,-1.0:-1.0,-1.0 Yxy=-1.0,-1.0:-1.0,-1.0/-1.0,-1.0:-1.0,-1.0 farLxy=-1.0,-1.0:-1.0,-1.0/-1.0,-1.0:-1.0,-1.0 best=-1:-1.0,-1.0:-1.0,-1.0:-57295.8:00000/11:76.4,96.6:64.8,62.8:7.4:10111 seed_src=lost/none seed=40.0,91.8/0.0,0.0 far_start=40,0 far_raw=0/0 far_num=0/0 straight=0/0 far_straight=0/0 conf_deg=0.0/7.4/0.0/0.0
CrossDiag: type=CROSS_NONE track=1 half_lr=0/0 nearL=0@-1/0@-1 nearNum=0/41 centerNum=0/41 farL=0@-1/0@-1 farNum=0/0 farRaw=0/0 lost=1/0 not_have=0 final=41/37 flags=0/0
LineErr: aim=33 cxcy=84.0,119.6 left=0:0.00@-1,-1 dx=0.0 idx=-1/-1 dist=-1/-1 right=1:43.14@59,116 dx=-25.1 idx=2/11 dist=33/91 sel=1:44.31@55,113 dx=-29.4 idx=0/16 dist=32/72 edge=0:0.00@-1.0,-1.0 dx=0.0 width=0.0 l=-1,-1 r=65,88
ATGSeedDiag: seed=0@-1,-1/1@100,108 begin=7,108 block=5 clip=8
ATGLptDiag: best=-1(-57295.8) imip=-1/-1 pass=00000 acc=-1 ipm=-1.0,-1.0 inv=-1.0,-1.0 | 11(7.4) imip=1/21 pass=10111 acc=-1 ipm=76.4,96.6 inv=64.8,62.8
frame=413 line=1 track=1 cross=0 circle=5(CIRCLE_LEFT_RUNNING) round=0 yroad=0 ramp=0 road=7 speed=0 near=0/41 raw=0/107 sel=41/37 far=0/0 far_raw=0/0 l=0@-1/0@-1 far_l=0@-1/0@-1 straight=0/0 far_straight=0/0 circle_cnt=0/0/0/0 lost=1/0 conf=0.0/12.2/0.0/0.0 dist=454 m0=(84,119) ml=(53,112) md=33/1/77 cxcy=84.0,119.6 guide=30.00 atg=-60.0/-60.0/-60.0 pure=11.36/10.15 yaw=-1800 cmd=-2000 actual=-1253 signed=1 rps=6541/1059:6962/5838 duty=14/0
ATGCorner: L=0@-1/0@-1 Y=0@-1/0@-1 farL=0@-1/0@-1 Lxy=-1.0,-1.0:-1.0,-1.0/-1.0,-1.0:-1.0,-1.0 Yxy=-1.0,-1.0:-1.0,-1.0/-1.0,-1.0:-1.0,-1.0 farLxy=-1.0,-1.0:-1.0,-1.0/-1.0,-1.0:-1.0,-1.0 best=-1:-1.0,-1.0:-1.0,-1.0:-57295.8:00000/10:77.9,98.1:66.9,64.9:12.2:10111 seed_src=lost/none seed=40.0,91.8/0.0,0.0 far_start=40,0 far_raw=0/0 far_num=0/0 straight=0/0 far_straight=0/0 conf_deg=0.0/12.2/0.0/0.0
CrossDiag: type=CROSS_NONE track=1 half_lr=0/0 nearL=0@-1/0@-1 nearNum=0/41 centerNum=0/41 farL=0@-1/0@-1 farNum=0/0 farRaw=0/0 lost=1/0 not_have=0 final=41/37 flags=0/0
LineErr: aim=33 cxcy=84.0,119.6 left=0:0.00@-1,-1 dx=0.0 idx=-1/-1 dist=-1/-1 right=1:43.34@59,116 dx=-25.3 idx=3/11 dist=32/90 sel=1:44.81@53,112 dx=-30.7 idx=0/16 dist=32/72 edge=0:0.00@-1.0,-1.0 dx=0.0 width=0.0 l=-1,-1 r=67,90
ATGSeedDiag: seed=0@-1,-1/1@99,108 begin=7,108 block=5 clip=8
ATGLptDiag: best=-1(-57295.8) imip=-1/-1 pass=00000 acc=-1 ipm=-1.0,-1.0 inv=-1.0,-1.0 | 10(12.2) imip=0/20 pass=10111 acc=-1 ipm=77.9,98.1 inv=66.9,64.9
frame=416 line=1 track=1 cross=0 circle=5(CIRCLE_LEFT_RUNNING) round=0 yroad=0 ramp=0 road=7 speed=0 near=0/40 raw=0/106 sel=40/37 far=0/0 far_raw=0/0 l=0@-1/0@-1 far_l=0@-1/0@-1 straight=0/0 far_straight=0/0 circle_cnt=0/0/0/0 lost=1/0 conf=0.0/11.5/0.0/0.0 dist=501 m0=(84,119) ml=(52,112) md=34/1/75 cxcy=84.0,119.6 guide=30.00 atg=-60.0/-60.0/-60.0 pure=11.66/10.38 yaw=-1800 cmd=-2000 actual=-1238 signed=1 rps=6541/1059:6186/5127 duty=15/0
ATGCorner: L=0@-1/0@-1 Y=0@-1/0@-1 farL=0@-1/0@-1 Lxy=-1.0,-1.0:-1.0,-1.0/-1.0,-1.0:-1.0,-1.0 Yxy=-1.0,-1.0:-1.0,-1.0/-1.0,-1.0:-1.0,-1.0 farLxy=-1.0,-1.0:-1.0,-1.0/-1.0,-1.0:-1.0,-1.0 best=-1:-1.0,-1.0:-1.0,-1.0:-57295.8:00000/9:78.9,99.8:68.4,67.5:11.5:10111 seed_src=lost/none seed=40.0,91.8/0.0,0.0 far_start=40,0 far_raw=0/0 far_num=0/0 straight=0/0 far_straight=0/0 conf_deg=0.0/11.5/0.0/0.0
CrossDiag: type=CROSS_NONE track=1 half_lr=0/0 nearL=0@-1/0@-1 nearNum=0/40 centerNum=0/40 farL=0@-1/0@-1 farNum=0/0 farRaw=0/0 lost=1/0 not_have=0 final=40/37 flags=0/0
LineErr: aim=33 cxcy=84.0,119.6 left=0:0.00@-1,-1 dx=0.0 idx=-1/-1 dist=-1/-1 right=1:44.37@59,117 dx=-24.7 idx=2/10 dist=32/90 sel=1:45.47@54,114 dx=-29.7 idx=0/16 dist=32/72 edge=0:0.00@-1.0,-1.0 dx=0.0 width=0.0 l=-1,-1 r=64,89
ATGSeedDiag: seed=0@-1,-1/1@98,108 begin=7,108 block=5 clip=8
ATGLptDiag: best=-1(-57295.8) imip=-1/-1 pass=00000 acc=-1 ipm=-1.0,-1.0 inv=-1.0,-1.0 | 9(11.5) imip=0/19 pass=10111 acc=-1 ipm=78.9,99.8 inv=68.4,67.5
frame=417 line=1 track=1 cross=0 circle=5(CIRCLE_LEFT_RUNNING) round=0 yroad=0 ramp=0 road=7 speed=0 near=0/40 raw=0/105 sel=40/37 far=0/0 far_raw=0/0 l=0@-1/0@-1 far_l=0@-1/0@-1 straight=0/0 far_straight=0/0 circle_cnt=0/0/0/0 lost=1/0 conf=0.0/11.8/0.0/0.0 dist=518 m0=(84,119) ml=(52,113) md=33/1/75 cxcy=84.0,119.6 guide=30.00 atg=-60.0/-60.0/-60.0 pure=11.72/10.38 yaw=-1800 cmd=-2000 actual=-1234 signed=1 rps=6541/1059:6603/5417 duty=15/0
ATGCorner: L=0@-1/0@-1 Y=0@-1/0@-1 farL=0@-1/0@-1 Lxy=-1.0,-1.0:-1.0,-1.0/-1.0,-1.0:-1.0,-1.0 Yxy=-1.0,-1.0:-1.0,-1.0/-1.0,-1.0:-1.0,-1.0 farLxy=-1.0,-1.0:-1.0,-1.0/-1.0,-1.0:-1.0,-1.0 best=-1:-1.0,-1.0:-1.0,-1.0:-57295.8:00000/10:76.7,98.3:65.1,65.3:11.8:10111 seed_src=lost/none seed=40.0,91.8/0.0,0.0 far_start=40,0 far_raw=0/0 far_num=0/0 straight=0/0 far_straight=0/0 conf_deg=0.0/11.8/0.0/0.0
CrossDiag: type=CROSS_NONE track=1 half_lr=0/0 nearL=0@-1/0@-1 nearNum=0/40 centerNum=0/40 farL=0@-1/0@-1 farNum=0/0 farRaw=0/0 lost=1/0 not_have=0 final=40/37 flags=0/0
LineErr: aim=33 cxcy=84.0,119.6 left=0:0.00@-1,-1 dx=0.0 idx=-1/-1 dist=-1/-1 right=1:44.72@59,118 dx=-25.0 idx=2/10 dist=32/90 sel=1:45.87@54,114 dx=-29.8 idx=0/16 dist=32/72 edge=0:0.00@-1.0,-1.0 dx=0.0 width=0.0 l=-1,-1 r=66,90
ATGSeedDiag: seed=0@-1,-1/1@97,108 begin=7,108 block=5 clip=8
ATGLptDiag: best=-1(-57295.8) imip=-1/-1 pass=00000 acc=-1 ipm=-1.0,-1.0 inv=-1.0,-1.0 | 10(11.8) imip=0/20 pass=10111 acc=-1 ipm=76.7,98.3 inv=65.1,65.3
frame=418 line=1 track=1 cross=0 circle=5(CIRCLE_LEFT_RUNNING) round=0 yroad=0 ramp=0 road=7 speed=0 near=0/40 raw=0/104 sel=40/37 far=0/0 far_raw=0/0 l=0@-1/0@-1 far_l=0@-1/0@-1 straight=0/0 far_straight=0/0 circle_cnt=0/0/0/0 lost=1/0 conf=0.0/5.6/0.0/0.0 dist=536 m0=(84,119) ml=(54,114) md=32/1/76 cxcy=84.0,119.6 guide=30.00 atg=-60.0/-60.0/-60.0 pure=11.80/10.39 yaw=-1800 cmd=-2000 actual=-1244 signed=1 rps=6541/1059:7070/5836 duty=14/0
ATGCorner: L=0@-1/0@-1 Y=0@-1/0@-1 farL=0@-1/0@-1 Lxy=-1.0,-1.0:-1.0,-1.0/-1.0,-1.0:-1.0,-1.0 Yxy=-1.0,-1.0:-1.0,-1.0/-1.0,-1.0:-1.0,-1.0 farLxy=-1.0,-1.0:-1.0,-1.0/-1.0,-1.0:-1.0,-1.0 best=-1:-1.0,-1.0:-1.0,-1.0:-57295.8:00000/12:73.0,95.3:60.1,61.2:5.6:10111 seed_src=lost/none seed=40.0,91.8/0.0,0.0 far_start=40,0 far_raw=0/0 far_num=0/0 straight=0/0 far_straight=0/0 conf_deg=0.0/5.6/0.0/0.0
CrossDiag: type=CROSS_NONE track=1 half_lr=0/0 nearL=0@-1/0@-1 nearNum=0/40 centerNum=0/40 farL=0@-1/0@-1 farNum=0/0 farRaw=0/0 lost=1/0 not_have=0 final=40/37 flags=0/0
LineErr: aim=33 cxcy=84.0,119.6 left=0:0.00@-1,-1 dx=0.0 idx=-1/-1 dist=-1/-1 right=1:45.32@59,118 dx=-25.3 idx=2/10 dist=32/90 sel=1:46.13@54,114 dx=-29.7 idx=0/16 dist=32/72 edge=0:0.00@-1.0,-1.0 dx=0.0 width=0.0 l=-1,-1 r=65,90
ATGSeedDiag: seed=0@-1,-1/1@97,108 begin=7,108 block=5 clip=8
ATGLptDiag: best=-1(-57295.8) imip=-1/-1 pass=00000 acc=-1 ipm=-1.0,-1.0 inv=-1.0,-1.0 | 12(5.6) imip=2/22 pass=10111 acc=-1 ipm=73.0,95.3 inv=60.1,61.2
frame=419 line=1 track=1 cross=0 circle=5(CIRCLE_LEFT_RUNNING) round=0 yroad=0 ramp=0 road=7 speed=0 near=0/40 raw=0/104 sel=40/37 far=0/0 far_raw=0/0 l=0@-1/0@-1 far_l=0@-1/0@-1 straight=0/0 far_straight=0/0 circle_cnt=0/0/0/0 lost=1/0 conf=0.0/11.8/0.0/0.0 dist=554 m0=(84,119) ml=(53,113) md=33/1/76 cxcy=84.0,119.6 guide=30.00 atg=-60.0/-60.0/-60.0 pure=11.81/10.39 yaw=-1800 cmd=-2000 actual=-1248 signed=1 rps=6541/1059:6804/5672 duty=14/0
ATGCorner: L=0@-1/0@-1 Y=0@-1/0@-1 farL=0@-1/0@-1 Lxy=-1.0,-1.0:-1.0,-1.0/-1.0,-1.0:-1.0,-1.0 Yxy=-1.0,-1.0:-1.0,-1.0/-1.0,-1.0:-1.0,-1.0 farLxy=-1.0,-1.0:-1.0,-1.0/-1.0,-1.0:-1.0,-1.0 best=-1:-1.0,-1.0:-1.0,-1.0:-57295.8:00000/10:76.2,98.4:64.4,65.4:11.8:10111 seed_src=lost/none seed=40.0,91.8/0.0,0.0 far_start=40,0 far_raw=0/0 far_num=0/0 straight=0/0 far_straight=0/0 conf_deg=0.0/11.8/0.0/0.0
CrossDiag: type=CROSS_NONE track=1 half_lr=0/0 nearL=0@-1/0@-1 nearNum=0/40 centerNum=0/40 farL=0@-1/0@-1 farNum=0/0 farRaw=0/0 lost=1/0 not_have=0 final=40/37 flags=0/0
LineErr: aim=33 cxcy=84.0,119.6 left=0:0.00@-1,-1 dx=0.0 idx=-1/-1 dist=-1/-1 right=1:45.32@59,118 dx=-25.4 idx=2/10 dist=32/90 sel=1:46.13@54,114 dx=-29.6 idx=0/16 dist=32/72 edge=0:0.00@-1.0,-1.0 dx=0.0 width=0.0 l=-1,-1 r=65,90
ATGSeedDiag: seed=0@-1,-1/1@96,108 begin=7,108 block=5 clip=8
ATGLptDiag: best=-1(-57295.8) imip=-1/-1 pass=00000 acc=-1 ipm=-1.0,-1.0 inv=-1.0,-1.0 | 10(11.8) imip=0/20 pass=10111 acc=-1 ipm=76.2,98.4 inv=64.4,65.4
frame=422 line=1 track=1 cross=0 circle=5(CIRCLE_LEFT_RUNNING) round=0 yroad=0 ramp=0 road=7 speed=0 near=0/39 raw=0/103 sel=39/36 far=0/0 far_raw=0/0 l=0@-1/0@-1 far_l=0@-1/0@-1 straight=0/0 far_straight=0/0 circle_cnt=0/0/0/0 lost=1/0 conf=0.0/11.6/0.0/0.0 dist=606 m0=(84,119) ml=(52,114) md=33/1/73 cxcy=84.0,119.6 guide=30.00 atg=-60.0/-60.0/-60.0 pure=11.93/10.68 yaw=-1800 cmd=-2000 actual=-1225 signed=1 rps=6541/1059:6822/5820 duty=14/0
ATGCorner: L=0@-1/0@-1 Y=0@-1/0@-1 farL=0@-1/0@-1 Lxy=-1.0,-1.0:-1.0,-1.0/-1.0,-1.0:-1.0,-1.0 Yxy=-1.0,-1.0:-1.0,-1.0/-1.0,-1.0:-1.0,-1.0 farLxy=-1.0,-1.0:-1.0,-1.0/-1.0,-1.0:-1.0,-1.0 best=-1:-1.0,-1.0:-1.0,-1.0:-57295.8:00000/10:75.6,98.4:63.4,65.5:11.6:10111 seed_src=lost/none seed=40.0,91.8/0.0,0.0 far_start=40,0 far_raw=0/0 far_num=0/0 straight=0/0 far_straight=0/0 conf_deg=0.0/11.6/0.0/0.0
CrossDiag: type=CROSS_NONE track=1 half_lr=0/0 nearL=0@-1/0@-1 nearNum=0/39 centerNum=0/39 farL=0@-1/0@-1 farNum=0/0 farRaw=0/0 lost=1/0 not_have=0 final=39/36 flags=0/0
LineErr: aim=33 cxcy=84.0,119.6 left=0:0.00@-1,-1 dx=0.0 idx=-1/-1 dist=-1/-1 right=1:46.13@58,118 dx=-25.9 idx=2/10 dist=33/89 sel=1:47.07@54,115 dx=-29.8 idx=0/16 dist=32/70 edge=0:0.00@-1.0,-1.0 dx=0.0 width=0.0 l=-1,-1 r=64,90
ATGSeedDiag: seed=0@-1,-1/1@95,108 begin=7,108 block=5 clip=8
ATGLptDiag: best=-1(-57295.8) imip=-1/-1 pass=00000 acc=-1 ipm=-1.0,-1.0 inv=-1.0,-1.0 | 10(11.6) imip=0/20 pass=10111 acc=-1 ipm=75.6,98.4 inv=63.4,65.5
frame=425 line=1 track=1 cross=0 circle=5(CIRCLE_LEFT_RUNNING) round=0 yroad=0 ramp=0 road=7 speed=0 near=0/38 raw=0/101 sel=38/36 far=0/0 far_raw=0/0 l=0@-1/0@-1 far_l=0@-1/0@-1 straight=0/0 far_straight=0/0 circle_cnt=0/0/0/0 lost=1/0 conf=0.0/10.8/0.0/0.0 dist=654 m0=(84,119) ml=(52,114) md=34/1/73 cxcy=84.0,119.6 guide=30.00 atg=-60.0/-60.0/-60.0 pure=12.00/10.69 yaw=-1800 cmd=-2000 actual=-1188 signed=1 rps=6541/1059:6496/5510 duty=15/0
ATGCorner: L=0@-1/0@-1 Y=0@-1/0@-1 farL=0@-1/0@-1 Lxy=-1.0,-1.0:-1.0,-1.0/-1.0,-1.0:-1.0,-1.0 Yxy=-1.0,-1.0:-1.0,-1.0/-1.0,-1.0:-1.0,-1.0 farLxy=-1.0,-1.0:-1.0,-1.0/-1.0,-1.0:-1.0,-1.0 best=-1:-1.0,-1.0:-1.0,-1.0:-57295.8:00000/9:76.1,100.2:64.0,68.1:10.8:10111 seed_src=lost/none seed=40.0,91.8/0.0,0.0 far_start=40,0 far_raw=0/0 far_num=0/0 straight=0/0 far_straight=0/0 conf_deg=0.0/10.8/0.0/0.0
CrossDiag: type=CROSS_NONE track=1 half_lr=0/0 nearL=0@-1/0@-1 nearNum=0/38 centerNum=0/38 farL=0@-1/0@-1 farNum=0/0 farRaw=0/0 lost=1/0 not_have=0 final=38/36 flags=0/0
LineErr: aim=33 cxcy=84.0,119.6 left=0:0.00@-1,-1 dx=0.0 idx=-1/-1 dist=-1/-1 right=1:47.57@59,120 dx=-25.3 idx=2/9 dist=32/88 sel=1:48.23@54,116 dx=-30.3 idx=0/16 dist=32/70 edge=0:0.00@-1.0,-1.0 dx=0.0 width=0.0 l=-1,-1 r=63,91
ATGSeedDiag: seed=0@-1,-1/1@93,108 begin=7,108 block=5 clip=8
ATGLptDiag: best=-1(-57295.8) imip=-1/-1 pass=00000 acc=-1 ipm=-1.0,-1.0 inv=-1.0,-1.0 | 9(10.8) imip=0/19 pass=10111 acc=-1 ipm=76.1,100.2 inv=64.0,68.1
frame=426 line=1 track=1 cross=0 circle=5(CIRCLE_LEFT_RUNNING) round=0 yroad=0 ramp=0 road=7 speed=0 near=0/38 raw=0/100 sel=38/37 far=0/0 far_raw=0/0 l=0@-1/0@-1 far_l=0@-1/0@-1 straight=0/0 far_straight=0/0 circle_cnt=0/0/0/0 lost=1/0 conf=0.0/10.6/0.0/0.0 dist=670 m0=(84,119) ml=(52,114) md=34/1/75 cxcy=84.0,119.6 guide=30.00 atg=-60.0/-60.0/-60.0 pure=11.98/10.49 yaw=-1800 cmd=-2000 actual=-1182 signed=1 rps=6541/1059:6381/5156 duty=15/0
ATGCorner: L=0@-1/0@-1 Y=0@-1/0@-1 farL=0@-1/0@-1 Lxy=-1.0,-1.0:-1.0,-1.0/-1.0,-1.0:-1.0,-1.0 Yxy=-1.0,-1.0:-1.0,-1.0/-1.0,-1.0:-1.0,-1.0 farLxy=-1.0,-1.0:-1.0,-1.0/-1.0,-1.0:-1.0,-1.0 best=-1:-1.0,-1.0:-1.0,-1.0:-57295.8:00000/10:74.0,98.7:60.9,65.9:10.6:10111 seed_src=lost/none seed=40.0,91.8/0.0,0.0 far_start=40,0 far_raw=0/0 far_num=0/0 straight=0/0 far_straight=0/0 conf_deg=0.0/10.6/0.0/0.0
CrossDiag: type=CROSS_NONE track=1 half_lr=0/0 nearL=0@-1/0@-1 nearNum=0/38 centerNum=0/38 farL=0@-1/0@-1 farNum=0/0 farRaw=0/0 lost=1/0 not_have=0 final=38/37 flags=0/0
LineErr: aim=33 cxcy=84.0,119.6 left=0:0.00@-1,-1 dx=0.0 idx=-1/-1 dist=-1/-1 right=1:48.17@58,120 dx=-25.9 idx=2/9 dist=32/88 sel=1:48.40@54,116 dx=-30.4 idx=0/16 dist=32/72 edge=0:0.00@-1.0,-1.0 dx=0.0 width=0.0 l=-1,-1 r=63,90
ATGSeedDiag: seed=0@-1,-1/1@92,108 begin=7,108 block=5 clip=8
ATGLptDiag: best=-1(-57295.8) imip=-1/-1 pass=00000 acc=-1 ipm=-1.0,-1.0 inv=-1.0,-1.0 | 10(10.6) imip=0/20 pass=10111 acc=-1 ipm=74.0,98.7 inv=60.9,65.9
frame=427 line=1 track=1 cross=0 circle=5(CIRCLE_LEFT_RUNNING) round=0 yroad=0 ramp=0 road=7 speed=0 near=0/38 raw=0/100 sel=38/37 far=0/0 far_raw=0/0 l=0@-1/0@-1 far_l=0@-1/0@-1 straight=0/0 far_straight=0/0 circle_cnt=0/0/0/0 lost=1/0 conf=0.0/10.9/0.0/0.0 dist=687 m0=(84,119) ml=(52,115) md=33/1/75 cxcy=84.0,119.6 guide=30.00 atg=-60.0/-60.0/-60.0 pure=12.06/10.52 yaw=-1800 cmd=-2000 actual=-1180 signed=1 rps=6541/1059:6883/5355 duty=14/0
ATGCorner: L=0@-1/0@-1 Y=0@-1/0@-1 farL=0@-1/0@-1 Lxy=-1.0,-1.0:-1.0,-1.0/-1.0,-1.0:-1.0,-1.0 Yxy=-1.0,-1.0:-1.0,-1.0/-1.0,-1.0:-1.0,-1.0 farLxy=-1.0,-1.0:-1.0,-1.0/-1.0,-1.0:-1.0,-1.0 best=-1:-1.0,-1.0:-1.0,-1.0:-57295.8:00000/9:75.6,100.2:63.2,68.2:10.9:10111 seed_src=lost/none seed=40.0,91.8/0.0,0.0 far_start=40,0 far_raw=0/0 far_num=0/0 straight=0/0 far_straight=0/0 conf_deg=0.0/10.9/0.0/0.0
CrossDiag: type=CROSS_NONE track=1 half_lr=0/0 nearL=0@-1/0@-1 nearNum=0/38 centerNum=0/38 farL=0@-1/0@-1 farNum=0/0 farRaw=0/0 lost=1/0 not_have=0 final=38/37 flags=0/0
LineErr: aim=33 cxcy=84.0,119.6 left=0:0.00@-1,-1 dx=0.0 idx=-1/-1 dist=-1/-1 right=1:48.21@58,120 dx=-25.8 idx=2/9 dist=32/88 sel=1:48.75@54,116 dx=-30.2 idx=0/16 dist=32/72 edge=0:0.00@-1.0,-1.0 dx=0.0 width=0.0 l=-1,-1 r=63,91
ATGSeedDiag: seed=0@-1,-1/1@92,108 begin=7,108 block=5 clip=8
ATGLptDiag: best=-1(-57295.8) imip=-1/-1 pass=00000 acc=-1 ipm=-1.0,-1.0 inv=-1.0,-1.0 | 9(10.9) imip=0/19 pass=10111 acc=-1 ipm=75.6,100.2 inv=63.2,68.2
frame=428 line=1 track=1 cross=0 circle=5(CIRCLE_LEFT_RUNNING) round=0 yroad=0 ramp=0 road=7 speed=0 near=0/37 raw=0/99 sel=37/36 far=0/0 far_raw=0/0 l=0@-1/0@-1 far_l=0@-1/0@-1 straight=0/0 far_straight=0/0 circle_cnt=0/0/0/0 lost=1/0 conf=0.0/10.9/0.0/0.0 dist=704 m0=(84,119) ml=(52,115) md=33/1/72 cxcy=84.0,119.6 guide=30.00 atg=-60.0/-60.0/-60.0 pure=12.14/10.80 yaw=-1800 cmd=-2000 actual=-1171 signed=1 rps=6541/1059:6751/5295 duty=15/0
ATGCorner: L=0@-1/0@-1 Y=0@-1/0@-1 farL=0@-1/0@-1 Lxy=-1.0,-1.0:-1.0,-1.0/-1.0,-1.0:-1.0,-1.0 Yxy=-1.0,-1.0:-1.0,-1.0/-1.0,-1.0:-1.0,-1.0 farLxy=-1.0,-1.0:-1.0,-1.0/-1.0,-1.0:-1.0,-1.0 best=-1:-1.0,-1.0:-1.0,-1.0:-57295.8:00000/10:73.4,98.8:59.9,66.1:10.9:10111 seed_src=lost/none seed=40.0,91.8/0.0,0.0 far_start=40,0 far_raw=0/0 far_num=0/0 straight=0/0 far_straight=0/0 conf_deg=0.0/10.9/0.0/0.0
CrossDiag: type=CROSS_NONE track=1 half_lr=0/0 nearL=0@-1/0@-1 nearNum=0/37 centerNum=0/37 farL=0@-1/0@-1 farNum=0/0 farRaw=0/0 lost=1/0 not_have=0 final=37/36 flags=0/0
LineErr: aim=33 cxcy=84.0,119.6 left=0:0.00@-1,-1 dx=0.0 idx=-1/-1 dist=-1/-1 right=1:48.86@58,120 dx=-26.2 idx=2/9 dist=32/86 sel=1:49.31@54,117 dx=-30.3 idx=0/16 dist=32/70 edge=0:0.00@-1.0,-1.0 dx=0.0 width=0.0 l=-1,-1 r=62,91
ATGSeedDiag: seed=0@-1,-1/1@91,108 begin=7,108 block=5 clip=8
ATGLptDiag: best=-1(-57295.8) imip=-1/-1 pass=00000 acc=-1 ipm=-1.0,-1.0 inv=-1.0,-1.0 | 10(10.9) imip=0/20 pass=10111 acc=-1 ipm=73.4,98.8 inv=59.9,66.1
frame=430 line=1 track=1 cross=0 circle=5(CIRCLE_LEFT_RUNNING) round=0 yroad=0 ramp=0 road=7 speed=0 near=0/36 raw=0/97 sel=36/35 far=0/0 far_raw=0/0 l=0@-1/0@-1 far_l=0@-1/0@-1 straight=0/0 far_straight=0/0 circle_cnt=0/0/0/0 lost=1/0 conf=0.0/7.3/0.0/0.0 dist=740 m0=(84,119) ml=(52,116) md=33/0/70 cxcy=84.0,119.6 guide=30.00 atg=-60.0/-60.0/-60.0 pure=12.33/11.16 yaw=-1800 cmd=-2000 actual=-1168 signed=1 rps=6541/1059:7105/6031 duty=14/0
ATGCorner: L=0@-1/0@-1 Y=0@-1/0@-1 farL=0@-1/0@-1 Lxy=-1.0,-1.0:-1.0,-1.0/-1.0,-1.0:-1.0,-1.0 Yxy=-1.0,-1.0:-1.0,-1.0/-1.0,-1.0:-1.0,-1.0 farLxy=-1.0,-1.0:-1.0,-1.0/-1.0,-1.0:-1.0,-1.0 best=-1:-1.0,-1.0:-1.0,-1.0:-57295.8:00000/11:70.8,97.6:56.3,64.4:7.3:10111 seed_src=lost/none seed=40.0,91.8/0.0,0.0 far_start=40,0 far_raw=0/0 far_num=0/0 straight=0/0 far_straight=0/0 conf_deg=0.0/7.3/0.0/0.0
CrossDiag: type=CROSS_NONE track=1 half_lr=0/0 nearL=0@-1/0@-1 nearNum=0/36 centerNum=0/36 farL=0@-1/0@-1 farNum=0/0 farRaw=0/0 lost=1/0 not_have=0 final=36/35 flags=0/0
LineErr: aim=33 cxcy=84.0,119.6 left=0:0.00@-1,-1 dx=0.0 idx=-1/-1 dist=-1/-1 right=1:50.22@57,121 dx=-26.7 idx=2/9 dist=33/85 sel=1:50.15@54,118 dx=-30.2 idx=0/16 dist=32/68 edge=0:0.00@-1.0,-1.0 dx=0.0 width=0.0 l=-1,-1 r=61,91
ATGSeedDiag: seed=0@-1,-1/1@90,108 begin=7,108 block=5 clip=8
ATGLptDiag: best=-1(-57295.8) imip=-1/-1 pass=00000 acc=-1 ipm=-1.0,-1.0 inv=-1.0,-1.0 | 11(7.3) imip=1/21 pass=10111 acc=-1 ipm=70.8,97.6 inv=56.3,64.4
frame=431 line=1 track=1 cross=0 circle=5(CIRCLE_LEFT_RUNNING) round=0 yroad=0 ramp=0 road=7 speed=0 near=0/36 raw=0/97 sel=36/35 far=0/0 far_raw=0/0 l=0@-1/0@-1 far_l=0@-1/0@-1 straight=0/0 far_straight=0/0 circle_cnt=0/0/0/0 lost=1/0 conf=0.0/11.8/0.0/0.0 dist=757 m0=(84,119) ml=(52,116) md=33/0/70 cxcy=84.0,119.6 guide=30.00 atg=-60.0/-60.0/-60.0 pure=12.30/11.11 yaw=-1800 cmd=-2000 actual=-1173 signed=1 rps=6541/1059:6631/5742 duty=15/0
ATGCorner: L=0@-1/0@-1 Y=0@-1/0@-1 farL=0@-1/0@-1 Lxy=-1.0,-1.0:-1.0,-1.0/-1.0,-1.0:-1.0,-1.0 Yxy=-1.0,-1.0:-1.0,-1.0/-1.0,-1.0:-1.0,-1.0 farLxy=-1.0,-1.0:-1.0,-1.0/-1.0,-1.0:-1.0,-1.0 best=-1:-1.0,-1.0:-1.0,-1.0:-57295.8:00000/10:72.3,99.0:58.3,66.4:11.8:10111 seed_src=lost/none seed=40.0,91.8/0.0,0.0 far_start=40,0 far_raw=0/0 far_num=0/0 straight=0/0 far_straight=0/0 conf_deg=0.0/11.8/0.0/0.0
CrossDiag: type=CROSS_NONE track=1 half_lr=0/0 nearL=0@-1/0@-1 nearNum=0/36 centerNum=0/36 farL=0@-1/0@-1 farNum=0/0 farRaw=0/0 lost=1/0 not_have=0 final=36/35 flags=0/0
LineErr: aim=33 cxcy=84.0,119.6 left=0:0.00@-1,-1 dx=0.0 idx=-1/-1 dist=-1/-1 right=1:50.20@57,120 dx=-26.9 idx=2/9 dist=33/85 sel=1:50.44@54,118 dx=-30.5 idx=0/16 dist=32/68 edge=0:0.00@-1.0,-1.0 dx=0.0 width=0.0 l=-1,-1 r=61,91
ATGSeedDiag: seed=0@-1,-1/1@89,108 begin=7,108 block=5 clip=8
ATGLptDiag: best=-1(-57295.8) imip=-1/-1 pass=00000 acc=-1 ipm=-1.0,-1.0 inv=-1.0,-1.0 | 10(11.8) imip=0/20 pass=10111 acc=-1 ipm=72.3,99.0 inv=58.3,66.4
frame=432 line=1 track=1 cross=0 circle=5(CIRCLE_LEFT_RUNNING) round=0 yroad=0 ramp=0 road=7 speed=0 near=0/36 raw=0/96 sel=36/36 far=0/0 far_raw=0/0 l=0@-1/0@-1 far_l=0@-1/0@-1 straight=0/0 far_straight=0/0 circle_cnt=0/0/0/0 lost=1/0 conf=0.0/11.0/0.0/0.0 dist=774 m0=(84,119) ml=(53,117) md=32/0/72 cxcy=84.0,119.6 guide=30.00 atg=-60.0/-60.0/-60.0 pure=12.45/11.03 yaw=-1800 cmd=-2000 actual=-1167 signed=1 rps=6541/1059:6642/5923 duty=15/0
ATGCorner: L=0@-1/0@-1 Y=0@-1/0@-1 farL=0@-1/0@-1 Lxy=-1.0,-1.0:-1.0,-1.0/-1.0,-1.0:-1.0,-1.0 Yxy=-1.0,-1.0:-1.0,-1.0/-1.0,-1.0:-1.0,-1.0 farLxy=-1.0,-1.0:-1.0,-1.0/-1.0,-1.0:-1.0,-1.0 best=-1:-1.0,-1.0:-1.0,-1.0:-57295.8:00000/34:21.3,77.2:6.3,44.0:11.0:10111 seed_src=lost/none seed=40.0,91.8/0.0,0.0 far_start=40,0 far_raw=0/0 far_num=0/0 straight=0/0 far_straight=0/0 conf_deg=0.0/11.0/0.0/0.0
CrossDiag: type=CROSS_NONE track=1 half_lr=0/0 nearL=0@-1/0@-1 nearNum=0/36 centerNum=0/36 farL=0@-1/0@-1 farNum=0/0 farRaw=0/0 lost=1/0 not_have=0 final=36/36 flags=0/0
LineErr: aim=33 cxcy=84.0,119.6 left=0:0.00@-1,-1 dx=0.0 idx=-1/-1 dist=-1/-1 right=1:51.00@58,122 dx=-26.0 idx=1/8 dist=33/87 sel=1:50.64@55,119 dx=-29.4 idx=0/16 dist=32/70 edge=0:0.00@-1.0,-1.0 dx=0.0 width=0.0 l=-1,-1 r=61,91
ATGSeedDiag: seed=0@-1,-1/1@88,108 begin=7,108 block=5 clip=8
ATGLptDiag: best=-1(-57295.8) imip=-1/-1 pass=00000 acc=-1 ipm=-1.0,-1.0 inv=-1.0,-1.0 | 34(11.0) imip=24/35 pass=10111 acc=-1 ipm=21.3,77.2 inv=6.3,44.0
frame=433 line=1 track=1 cross=0 circle=5(CIRCLE_LEFT_RUNNING) round=0 yroad=0 ramp=0 road=7 speed=0 near=0/36 raw=0/96 sel=36/37 far=0/0 far_raw=0/0 l=0@-1/0@-1 far_l=0@-1/0@-1 straight=0/0 far_straight=0/0 circle_cnt=0/0/0/0 lost=1/0 conf=0.0/11.1/0.0/0.0 dist=791 m0=(84,119) ml=(53,117) md=32/0/74 cxcy=84.0,119.6 guide=30.00 atg=-60.0/-60.0/-60.0 pure=12.46/10.81 yaw=-1800 cmd=-2000 actual=-1163 signed=1 rps=6541/1059:6237/5674 duty=15/0
ATGCorner: L=0@-1/0@-1 Y=0@-1/0@-1 farL=0@-1/0@-1 Lxy=-1.0,-1.0:-1.0,-1.0/-1.0,-1.0:-1.0,-1.0 Yxy=-1.0,-1.0:-1.0,-1.0/-1.0,-1.0:-1.0,-1.0 farLxy=-1.0,-1.0:-1.0,-1.0/-1.0,-1.0:-1.0,-1.0 best=-1:-1.0,-1.0:-1.0,-1.0:-57295.8:00000/10:71.8,99.0:57.4,66.5:11.1:10111 seed_src=lost/none seed=40.0,91.8/0.0,0.0 far_start=40,0 far_raw=0/0 far_num=0/0 straight=0/0 far_straight=0/0 conf_deg=0.0/11.1/0.0/0.0
CrossDiag: type=CROSS_NONE track=1 half_lr=0/0 nearL=0@-1/0@-1 nearNum=0/36 centerNum=0/36 farL=0@-1/0@-1 farNum=0/0 farRaw=0/0 lost=1/0 not_have=0 final=36/37 flags=0/0
LineErr: aim=33 cxcy=84.0,119.6 left=0:0.00@-1,-1 dx=0.0 idx=-1/-1 dist=-1/-1 right=1:51.29@59,123 dx=-24.7 idx=1/7 dist=32/88 sel=1:50.75@55,119 dx=-29.4 idx=0/16 dist=32/72 edge=0:0.00@-1.0,-1.0 dx=0.0 width=0.0 l=-1,-1 r=60,91
ATGSeedDiag: seed=0@-1,-1/1@88,108 begin=7,108 block=5 clip=8
ATGLptDiag: best=-1(-57295.8) imip=-1/-1 pass=00000 acc=-1 ipm=-1.0,-1.0 inv=-1.0,-1.0 | 10(11.1) imip=0/20 pass=10111 acc=-1 ipm=71.8,99.0 inv=57.4,66.5
frame=434 line=1 track=1 cross=0 circle=5(CIRCLE_LEFT_RUNNING) round=0 yroad=0 ramp=0 road=7 speed=0 near=0/36 raw=0/95 sel=36/36 far=0/0 far_raw=0/0 l=0@-1/0@-1 far_l=0@-1/0@-1 straight=0/0 far_straight=0/0 circle_cnt=0/0/0/0 lost=1/0 conf=0.0/7.4/0.0/0.0 dist=808 m0=(84,119) ml=(51,117) md=33/0/73 cxcy=84.0,119.6 guide=30.00 atg=-60.0/-60.0/-60.0 pure=12.30/10.90 yaw=-1800 cmd=-2000 actual=-1156 signed=1 rps=6541/1059:6475/5812 duty=15/0
ATGCorner: L=0@-1/0@-1 Y=0@-1/0@-1 farL=0@-1/0@-1 Lxy=-1.0,-1.0:-1.0,-1.0/-1.0,-1.0:-1.0,-1.0 Yxy=-1.0,-1.0:-1.0,-1.0/-1.0,-1.0:-1.0,-1.0 farLxy=-1.0,-1.0:-1.0,-1.0/-1.0,-1.0:-1.0,-1.0 best=-1:-1.0,-1.0:-1.0,-1.0:-57295.8:00000/34:20.6,77.4:5.5,44.1:7.4:10111 seed_src=lost/none seed=40.0,91.8/0.0,0.0 far_start=40,0 far_raw=0/0 far_num=0/0 straight=0/0 far_straight=0/0 conf_deg=0.0/7.4/0.0/0.0
CrossDiag: type=CROSS_NONE track=1 half_lr=0/0 nearL=0@-1/0@-1 nearNum=0/36 centerNum=0/36 farL=0@-1/0@-1 farNum=0/0 farRaw=0/0 lost=1/0 not_have=0 final=36/36 flags=0/0
LineErr: aim=33 cxcy=84.0,119.6 left=0:0.00@-1,-1 dx=0.0 idx=-1/-1 dist=-1/-1 right=1:51.65@58,122 dx=-26.5 idx=2/8 dist=32/86 sel=1:51.31@53,118 dx=-31.0 idx=0/16 dist=32/70 edge=0:0.00@-1.0,-1.0 dx=0.0 width=0.0 l=-1,-1 r=60,91
ATGSeedDiag: seed=0@-1,-1/1@87,108 begin=7,108 block=5 clip=8
ATGLptDiag: best=-1(-57295.8) imip=-1/-1 pass=00000 acc=-1 ipm=-1.0,-1.0 inv=-1.0,-1.0 | 34(7.4) imip=24/35 pass=10111 acc=-1 ipm=20.6,77.4 inv=5.5,44.1
frame=435 line=0 track=1 cross=0 circle=5(CIRCLE_LEFT_RUNNING) round=0 yroad=0 ramp=0 road=7 speed=0 near=0/0 raw=0/0 sel=0/0 far=0/0 far_raw=0/0 l=0@-1/0@-1 far_l=0@-1/0@-1 straight=0/0 far_straight=0/0 circle_cnt=0/0/0/0 lost=1/0 conf=0.0/0.0/0.0/0.0 dist=825 m0=(-1,-1) ml=(-1,-1) md=-1/0/-1 cxcy=84.0,119.6 guide=0.00 atg=-60.0/-60.0/-60.0 pure=12.30/10.90 yaw=0 cmd=0 actual=-1094 signed=0 rps=0/0:0/0 duty=0/0
ATGCorner: L=0@-1/0@-1 Y=0@-1/0@-1 farL=0@-1/0@-1 Lxy=-1.0,-1.0:-1.0,-1.0/-1.0,-1.0:-1.0,-1.0 Yxy=-1.0,-1.0:-1.0,-1.0/-1.0,-1.0:-1.0,-1.0 farLxy=-1.0,-1.0:-1.0,-1.0/-1.0,-1.0:-1.0,-1.0 best=-1:-1.0,-1.0:-1.0,-1.0:-57295.8:00000/-1:-1.0,-1.0:-1.0,-1.0:-57295.8:00000 seed_src=lost/lost seed=40.0,91.8/0.0,0.0 far_start=40,0 far_raw=0/0 far_num=0/0 straight=0/0 far_straight=0/0 conf_deg=0.0/0.0/0.0/0.0
CrossDiag: type=CROSS_NONE track=1 half_lr=0/0 nearL=0@-1/0@-1 nearNum=0/0 centerNum=0/0 farL=0@-1/0@-1 farNum=0/0 farRaw=0/0 lost=1/0 not_have=0 final=0/0 flags=0/0
LineErr: aim=33 cxcy=84.0,119.6 left=0:0.00@-1,-1 dx=0.0 idx=-1/-1 dist=-1/-1 right=0:0.00@-1,-1 dx=0.0 idx=-1/-1 dist=-1/-1 sel=0:0.00@-1,-1 dx=0.0 idx=-1/-1 dist=-1/-1 edge=0:0.00@-1.0,-1.0 dx=0.0 width=0.0 l=-1,-1 r=-1,-1
ATGSeedDiag: seed=0@-1,-1/0@-1,-1 begin=7,108 block=5 clip=8
ATGLptDiag: best=-1(-57295.8) imip=-1/-1 pass=00000 acc=-1 ipm=-1.0,-1.0 inv=-1.0,-1.0 | -1(-57295.8) imip=-1/-1 pass=00000 acc=-1 ipm=-1.0,-1.0 inv=-1.0,-1.0
frame=437 line=0 track=1 cross=0 circle=5(CIRCLE_LEFT_RUNNING) round=0 yroad=0 ramp=0 road=7 speed=0 near=0/1 raw=0/170 sel=1/0 far=0/0 far_raw=0/0 l=0@-1/0@-1 far_l=0@-1/0@-1 straight=0/0 far_straight=0/0 circle_cnt=0/0/0/0 lost=1/0 conf=0.0/0.0/0.0/0.0 dist=859 m0=(-1,-1) ml=(-1,-1) md=-1/0/-1 cxcy=84.0,119.6 guide=0.00 atg=-60.0/-60.0/-60.0 pure=12.30/10.90 yaw=0 cmd=0 actual=-1044 signed=0 rps=0/0:0/0 duty=0/0
ATGCorner: L=0@-1/0@-1 Y=0@-1/0@-1 farL=0@-1/0@-1 Lxy=-1.0,-1.0:-1.0,-1.0/-1.0,-1.0:-1.0,-1.0 Yxy=-1.0,-1.0:-1.0,-1.0/-1.0,-1.0:-1.0,-1.0 farLxy=-1.0,-1.0:-1.0,-1.0/-1.0,-1.0:-1.0,-1.0 best=-1:-1.0,-1.0:-1.0,-1.0:-57295.8:00000/-1:-1.0,-1.0:-1.0,-1.0:-57295.8:00000 seed_src=lost/lost seed=40.0,91.8/0.0,0.0 far_start=40,0 far_raw=0/0 far_num=0/0 straight=0/0 far_straight=0/0 conf_deg=0.0/0.0/0.0/0.0
CrossDiag: type=CROSS_NONE track=1 half_lr=0/0 nearL=0@-1/0@-1 nearNum=0/1 centerNum=0/1 farL=0@-1/0@-1 farNum=0/0 farRaw=0/0 lost=1/0 not_have=0 final=1/0 flags=0/0
LineErr: aim=33 cxcy=84.0,119.6 left=0:0.00@-1,-1 dx=0.0 idx=-1/-1 dist=-1/-1 right=0:0.00@-1,-1 dx=0.0 idx=-1/-1 dist=-1/-1 sel=0:0.00@-1,-1 dx=0.0 idx=-1/-1 dist=-1/-1 edge=0:0.00@-1.0,-1.0 dx=0.0 width=0.0 l=-1,-1 r=-1,-1
ATGSeedDiag: seed=0@-1,-1/1@91,105 begin=7,108 block=5 clip=8
ATGLptDiag: best=-1(-57295.8) imip=-1/-1 pass=00000 acc=-1 ipm=-1.0,-1.0 inv=-1.0,-1.0 | -1(-57295.8) imip=-1/-1 pass=00000 acc=-1 ipm=-1.0,-1.0 inv=-1.0,-1.0
frame=438 line=0 track=1 cross=0 circle=5(CIRCLE_LEFT_RUNNING) round=0 yroad=0 ramp=0 road=7 speed=0 near=1/0 raw=2/0 sel=0/0 far=0/0 far_raw=0/0 l=0@-1/0@-1 far_l=0@-1/0@-1 straight=0/0 far_straight=0/0 circle_cnt=0/0/0/0 lost=1/0 conf=0.0/0.0/0.0/0.0 dist=875 m0=(-1,-1) ml=(-1,-1) md=-1/0/-1 cxcy=84.0,119.6 guide=0.00 atg=-60.0/-60.0/-60.0 pure=12.30/10.90 yaw=0 cmd=0 actual=-945 signed=0 rps=0/0:0/0 duty=0/0
ATGCorner: L=0@-1/0@-1 Y=0@-1/0@-1 farL=0@-1/0@-1 Lxy=-1.0,-1.0:-1.0,-1.0/-1.0,-1.0:-1.0,-1.0 Yxy=-1.0,-1.0:-1.0,-1.0/-1.0,-1.0:-1.0,-1.0 farLxy=-1.0,-1.0:-1.0,-1.0/-1.0,-1.0:-1.0,-1.0 best=-1:-1.0,-1.0:-1.0,-1.0:-57295.8:00000/-1:-1.0,-1.0:-1.0,-1.0:-57295.8:00000 seed_src=lost/lost seed=40.0,91.8/0.0,0.0 far_start=40,0 far_raw=0/0 far_num=0/0 straight=0/0 far_straight=0/0 conf_deg=0.0/0.0/0.0/0.0
CrossDiag: type=CROSS_NONE track=1 half_lr=0/0 nearL=0@-1/0@-1 nearNum=1/0 centerNum=1/0 farL=0@-1/0@-1 farNum=0/0 farRaw=0/0 lost=1/0 not_have=0 final=0/0 flags=0/0
LineErr: aim=33 cxcy=84.0,119.6 left=0:0.00@-1,-1 dx=0.0 idx=-1/-1 dist=-1/-1 right=0:0.00@-1,-1 dx=0.0 idx=-1/-1 dist=-1/-1 sel=0:0.00@-1,-1 dx=0.0 idx=-1/-1 dist=-1/-1 edge=0:0.00@-1.0,-1.0 dx=0.0 width=0.0 l=-1,-1 r=-1,-1
ATGSeedDiag: seed=1@73,85/0@-1,-1 begin=7,108 block=5 clip=8
ATGLptDiag: best=-1(-57295.8) imip=-1/-1 pass=00000 acc=-1 ipm=-1.0,-1.0 inv=-1.0,-1.0 | -1(-57295.8) imip=-1/-1 pass=00000 acc=-1 ipm=-1.0,-1.0 inv=-1.0,-1.0
frame=441 line=0 track=1 cross=0 circle=5(CIRCLE_LEFT_RUNNING) round=0 yroad=0 ramp=0 road=7 speed=0 near=1/0 raw=2/0 sel=0/0 far=0/0 far_raw=0/0 l=0@-1/0@-1 far_l=0@-1/0@-1 straight=0/0 far_straight=0/0 circle_cnt=0/0/0/0 lost=1/0 conf=0.0/0.0/0.0/0.0 dist=924 m0=(-1,-1) ml=(-1,-1) md=-1/0/-1 cxcy=84.0,119.6 guide=0.00 atg=-60.0/-60.0/-60.0 pure=12.30/10.90 yaw=0 cmd=0 actual=-649 signed=0 rps=0/0:0/0 duty=0/0
ATGCorner: L=0@-1/0@-1 Y=0@-1/0@-1 farL=0@-1/0@-1 Lxy=-1.0,-1.0:-1.0,-1.0/-1.0,-1.0:-1.0,-1.0 Yxy=-1.0,-1.0:-1.0,-1.0/-1.0,-1.0:-1.0,-1.0 farLxy=-1.0,-1.0:-1.0,-1.0/-1.0,-1.0:-1.0,-1.0 best=-1:-1.0,-1.0:-1.0,-1.0:-57295.8:00000/-1:-1.0,-1.0:-1.0,-1.0:-57295.8:00000 seed_src=lost/lost seed=40.0,91.8/0.0,0.0 far_start=40,0 far_raw=0/0 far_num=0/0 straight=0/0 far_straight=0/0 conf_deg=0.0/0.0/0.0/0.0
CrossDiag: type=CROSS_NONE track=1 half_lr=0/0 nearL=0@-1/0@-1 nearNum=1/0 centerNum=1/0 farL=0@-1/0@-1 farNum=0/0 farRaw=0/0 lost=1/0 not_have=0 final=0/0 flags=0/0
LineErr: aim=33 cxcy=84.0,119.6 left=0:0.00@-1,-1 dx=0.0 idx=-1/-1 dist=-1/-1 right=0:0.00@-1,-1 dx=0.0 idx=-1/-1 dist=-1/-1 sel=0:0.00@-1,-1 dx=0.0 idx=-1/-1 dist=-1/-1 edge=0:0.00@-1.0,-1.0 dx=0.0 width=0.0 l=-1,-1 r=-1,-1
ATGSeedDiag: seed=1@73,88/0@-1,-1 begin=7,108 block=5 clip=8
ATGLptDiag: best=-1(-57295.8) imip=-1/-1 pass=00000 acc=-1 ipm=-1.0,-1.0 inv=-1.0,-1.0 | -1(-57295.8) imip=-1/-1 pass=00000 acc=-1 ipm=-1.0,-1.0 inv=-1.0,-1.0
frame=444 line=0 track=1 cross=0 circle=5(CIRCLE_LEFT_RUNNING) round=0 yroad=0 ramp=0 road=7 speed=0 near=2/0 raw=8/0 sel=0/0 far=0/0 far_raw=0/0 l=0@-1/0@-1 far_l=0@-1/0@-1 straight=0/0 far_straight=0/0 circle_cnt=0/0/0/0 lost=1/0 conf=0.0/0.0/0.0/0.0 dist=969 m0=(-1,-1) ml=(-1,-1) md=-1/0/-1 cxcy=84.0,119.6 guide=0.00 atg=-60.0/-60.0/-60.0 pure=12.30/10.90 yaw=0 cmd=0 actual=-270 signed=0 rps=0/0:0/0 duty=0/0
ATGCorner: L=0@-1/0@-1 Y=0@-1/0@-1 farL=0@-1/0@-1 Lxy=-1.0,-1.0:-1.0,-1.0/-1.0,-1.0:-1.0,-1.0 Yxy=-1.0,-1.0:-1.0,-1.0/-1.0,-1.0:-1.0,-1.0 farLxy=-1.0,-1.0:-1.0,-1.0/-1.0,-1.0:-1.0,-1.0 best=-1:-1.0,-1.0:-1.0,-1.0:-57295.8:00000/-1:-1.0,-1.0:-1.0,-1.0:-57295.8:00000 seed_src=none/lost seed=40.0,91.8/0.0,0.0 far_start=40,0 far_raw=0/0 far_num=0/0 straight=0/0 far_straight=0/0 conf_deg=0.0/0.0/0.0/0.0
CrossDiag: type=CROSS_NONE track=1 half_lr=0/0 nearL=0@-1/0@-1 nearNum=2/0 centerNum=2/0 farL=0@-1/0@-1 farNum=0/0 farRaw=0/0 lost=1/0 not_have=0 final=0/0 flags=0/0
LineErr: aim=33 cxcy=84.0,119.6 left=1:-17.77@100,93 dx=16.0 idx=0/1 dist=2/2 right=0:0.00@-1,-1 dx=0.0 idx=-1/-1 dist=-1/-1 sel=0:0.00@-1,-1 dx=0.0 idx=-1/-1 dist=-1/-1 edge=0:0.00@-1.0,-1.0 dx=0.0 width=0.0 l=79,109 r=-1,-1
ATGSeedDiag: seed=1@73,92/0@-1,-1 begin=7,108 block=5 clip=8
ATGLptDiag: best=-1(-57295.8) imip=-1/-1 pass=00000 acc=-1 ipm=-1.0,-1.0 inv=-1.0,-1.0 | -1(-57295.8) imip=-1/-1 pass=00000 acc=-1 ipm=-1.0,-1.0 inv=-1.0,-1.0
frame=447 line=0 track=1 cross=0 circle=5(CIRCLE_LEFT_RUNNING) round=0 yroad=0 ramp=0 road=7 speed=0 near=1/0 raw=2/0 sel=0/0 far=0/0 far_raw=0/0 l=0@-1/0@-1 far_l=0@-1/0@-1 straight=0/0 far_straight=0/0 circle_cnt=0/0/0/0 lost=1/0 conf=0.0/0.0/0.0/0.0 dist=1014 m0=(-1,-1) ml=(-1,-1) md=-1/0/-1 cxcy=84.0,119.6 guide=0.00 atg=-60.0/-60.0/-60.0 pure=12.30/10.90 yaw=0 cmd=0 actual=-198 signed=0 rps=0/0:0/0 duty=0/0
ATGCorner: L=0@-1/0@-1 Y=0@-1/0@-1 farL=0@-1/0@-1 Lxy=-1.0,-1.0:-1.0,-1.0/-1.0,-1.0:-1.0,-1.0 Yxy=-1.0,-1.0:-1.0,-1.0/-1.0,-1.0:-1.0,-1.0 farLxy=-1.0,-1.0:-1.0,-1.0/-1.0,-1.0:-1.0,-1.0 best=-1:-1.0,-1.0:-1.0,-1.0:-57295.8:00000/-1:-1.0,-1.0:-1.0,-1.0:-57295.8:00000 seed_src=lost/lost seed=40.0,91.8/0.0,0.0 far_start=40,0 far_raw=0/0 far_num=0/0 straight=0/0 far_straight=0/0 conf_deg=0.0/0.0/0.0/0.0
CrossDiag: type=CROSS_NONE track=1 half_lr=0/0 nearL=0@-1/0@-1 nearNum=1/0 centerNum=1/0 farL=0@-1/0@-1 farNum=0/0 farRaw=0/0 lost=1/0 not_have=0 final=0/0 flags=0/0
LineErr: aim=33 cxcy=84.0,119.6 left=0:0.00@-1,-1 dx=0.0 idx=-1/-1 dist=-1/-1 right=0:0.00@-1,-1 dx=0.0 idx=-1/-1 dist=-1/-1 sel=0:0.00@-1,-1 dx=0.0 idx=-1/-1 dist=-1/-1 edge=0:0.00@-1.0,-1.0 dx=0.0 width=0.0 l=-1,-1 r=-1,-1
ATGSeedDiag: seed=1@73,97/0@-1,-1 begin=7,108 block=5 clip=8
ATGLptDiag: best=-1(-57295.8) imip=-1/-1 pass=00000 acc=-1 ipm=-1.0,-1.0 inv=-1.0,-1.0 | -1(-57295.8) imip=-1/-1 pass=00000 acc=-1 ipm=-1.0,-1.0 inv=-1.0,-1.0
frame=448 line=0 track=1 cross=0 circle=5(CIRCLE_LEFT_RUNNING) round=0 yroad=0 ramp=0 road=7 speed=0 near=1/0 raw=170/0 sel=0/0 far=0/0 far_raw=0/0 l=0@-1/0@-1 far_l=0@-1/0@-1 straight=0/0 far_straight=0/0 circle_cnt=0/0/0/0 lost=1/0 conf=0.0/0.0/0.0/0.0 dist=1029 m0=(-1,-1) ml=(-1,-1) md=-1/0/-1 cxcy=84.0,119.6 guide=0.00 atg=-60.0/-60.0/-60.0 pure=12.30/10.90 yaw=0 cmd=0 actual=-160 signed=0 rps=0/0:0/0 duty=0/0
ATGCorner: L=0@-1/0@-1 Y=0@-1/0@-1 farL=0@-1/0@-1 Lxy=-1.0,-1.0:-1.0,-1.0/-1.0,-1.0:-1.0,-1.0 Yxy=-1.0,-1.0:-1.0,-1.0/-1.0,-1.0:-1.0,-1.0 farLxy=-1.0,-1.0:-1.0,-1.0/-1.0,-1.0:-1.0,-1.0 best=-1:-1.0,-1.0:-1.0,-1.0:-57295.8:00000/-1:-1.0,-1.0:-1.0,-1.0:-57295.8:00000 seed_src=lost/lost seed=40.0,91.8/0.0,0.0 far_start=40,0 far_raw=0/0 far_num=0/0 straight=0/0 far_straight=0/0 conf_deg=0.0/0.0/0.0/0.0
CrossDiag: type=CROSS_NONE track=1 half_lr=0/0 nearL=0@-1/0@-1 nearNum=1/0 centerNum=1/0 farL=0@-1/0@-1 farNum=0/0 farRaw=0/0 lost=1/0 not_have=0 final=0/0 flags=0/0
LineErr: aim=33 cxcy=84.0,119.6 left=0:0.00@-1,-1 dx=0.0 idx=-1/-1 dist=-1/-1 right=0:0.00@-1,-1 dx=0.0 idx=-1/-1 dist=-1/-1 sel=0:0.00@-1,-1 dx=0.0 idx=-1/-1 dist=-1/-1 edge=0:0.00@-1.0,-1.0 dx=0.0 width=0.0 l=-1,-1 r=-1,-1
ATGSeedDiag: seed=1@73,99/0@-1,-1 begin=7,108 block=5 clip=8
ATGLptDiag: best=-1(-57295.8) imip=-1/-1 pass=00000 acc=-1 ipm=-1.0,-1.0 inv=-1.0,-1.0 | -1(-57295.8) imip=-1/-1 pass=00000 acc=-1 ipm=-1.0,-1.0 inv=-1.0,-1.0
frame=449 line=0 track=1 cross=0 circle=5(CIRCLE_LEFT_RUNNING) round=0 yroad=0 ramp=0 road=7 speed=0 near=1/0 raw=2/0 sel=0/0 far=0/0 far_raw=0/0 l=0@-1/0@-1 far_l=0@-1/0@-1 straight=0/0 far_straight=0/0 circle_cnt=0/0/0/0 lost=1/0 conf=0.0/0.0/0.0/0.0 dist=1043 m0=(-1,-1) ml=(-1,-1) md=-1/0/-1 cxcy=84.0,119.6 guide=0.00 atg=-60.0/-60.0/-60.0 pure=12.30/10.90 yaw=0 cmd=0 actual=-33 signed=0 rps=0/0:0/0 duty=0/0
ATGCorner: L=0@-1/0@-1 Y=0@-1/0@-1 farL=0@-1/0@-1 Lxy=-1.0,-1.0:-1.0,-1.0/-1.0,-1.0:-1.0,-1.0 Yxy=-1.0,-1.0:-1.0,-1.0/-1.0,-1.0:-1.0,-1.0 farLxy=-1.0,-1.0:-1.0,-1.0/-1.0,-1.0:-1.0,-1.0 best=-1:-1.0,-1.0:-1.0,-1.0:-57295.8:00000/-1:-1.0,-1.0:-1.0,-1.0:-57295.8:00000 seed_src=lost/lost seed=40.0,91.8/0.0,0.0 far_start=40,0 far_raw=0/0 far_num=0/0 straight=0/0 far_straight=0/0 conf_deg=0.0/0.0/0.0/0.0
CrossDiag: type=CROSS_NONE track=1 half_lr=0/0 nearL=0@-1/0@-1 nearNum=1/0 centerNum=1/0 farL=0@-1/0@-1 farNum=0/0 farRaw=0/0 lost=1/0 not_have=0 final=0/0 flags=0/0
LineErr: aim=33 cxcy=84.0,119.6 left=0:0.00@-1,-1 dx=0.0 idx=-1/-1 dist=-1/-1 right=0:0.00@-1,-1 dx=0.0 idx=-1/-1 dist=-1/-1 sel=0:0.00@-1,-1 dx=0.0 idx=-1/-1 dist=-1/-1 edge=0:0.00@-1.0,-1.0 dx=0.0 width=0.0 l=-1,-1 r=-1,-1
ATGSeedDiag: seed=1@73,101/0@-1,-1 begin=7,108 block=5 clip=8
ATGLptDiag: best=-1(-57295.8) imip=-1/-1 pass=00000 acc=-1 ipm=-1.0,-1.0 inv=-1.0,-1.0 | -1(-57295.8) imip=-1/-1 pass=00000 acc=-1 ipm=-1.0,-1.0 inv=-1.0,-1.0
frame=451 line=0 track=1 cross=0 circle=5(CIRCLE_LEFT_RUNNING) round=0 yroad=0 ramp=0 road=7 speed=0 near=1/0 raw=2/0 sel=0/0 far=0/0 far_raw=0/0 l=0@-1/0@-1 far_l=0@-1/0@-1 straight=0/0 far_straight=0/0 circle_cnt=0/0/0/0 lost=1/0 conf=0.0/0.0/0.0/0.0 dist=1071 m0=(-1,-1) ml=(-1,-1) md=-1/0/-1 cxcy=84.0,119.6 guide=0.00 atg=-60.0/-60.0/-60.0 pure=12.30/10.90 yaw=0 cmd=0 actual=135 signed=0 rps=0/0:0/0 duty=0/0
ATGCorner: L=0@-1/0@-1 Y=0@-1/0@-1 farL=0@-1/0@-1 Lxy=-1.0,-1.0:-1.0,-1.0/-1.0,-1.0:-1.0,-1.0 Yxy=-1.0,-1.0:-1.0,-1.0/-1.0,-1.0:-1.0,-1.0 farLxy=-1.0,-1.0:-1.0,-1.0/-1.0,-1.0:-1.0,-1.0 best=-1:-1.0,-1.0:-1.0,-1.0:-57295.8:00000/-1:-1.0,-1.0:-1.0,-1.0:-57295.8:00000 seed_src=lost/lost seed=40.0,91.8/0.0,0.0 far_start=40,0 far_raw=0/0 far_num=0/0 straight=0/0 far_straight=0/0 conf_deg=0.0/0.0/0.0/0.0
CrossDiag: type=CROSS_NONE track=1 half_lr=0/0 nearL=0@-1/0@-1 nearNum=1/0 centerNum=1/0 farL=0@-1/0@-1 farNum=0/0 farRaw=0/0 lost=1/0 not_have=0 final=0/0 flags=0/0
LineErr: aim=33 cxcy=84.0,119.6 left=0:0.00@-1,-1 dx=0.0 idx=-1/-1 dist=-1/-1 right=0:0.00@-1,-1 dx=0.0 idx=-1/-1 dist=-1/-1 sel=0:0.00@-1,-1 dx=0.0 idx=-1/-1 dist=-1/-1 edge=0:0.00@-1.0,-1.0 dx=0.0 width=0.0 l=-1,-1 r=-1,-1
ATGSeedDiag: seed=1@73,105/0@-1,-1 begin=7,108 block=5 clip=8
ATGLptDiag: best=-1(-57295.8) imip=-1/-1 pass=00000 acc=-1 ipm=-1.0,-1.0 inv=-1.0,-1.0 | -1(-57295.8) imip=-1/-1 pass=00000 acc=-1 ipm=-1.0,-1.0 inv=-1.0,-1.0
frame=452 line=0 track=1 cross=0 circle=5(CIRCLE_LEFT_RUNNING) round=0 yroad=0 ramp=0 road=7 speed=0 near=1/0 raw=2/0 sel=0/0 far=0/0 far_raw=0/0 l=0@-1/0@-1 far_l=0@-1/0@-1 straight=0/0 far_straight=0/0 circle_cnt=0/0/0/0 lost=1/0 conf=0.0/0.0/0.0/0.0 dist=1085 m0=(-1,-1) ml=(-1,-1) md=-1/0/-1 cxcy=84.0,119.6 guide=0.00 atg=-60.0/-60.0/-60.0 pure=12.30/10.90 yaw=0 cmd=0 actual=134 signed=0 rps=0/0:0/0 duty=0/0
ATGCorner: L=0@-1/0@-1 Y=0@-1/0@-1 farL=0@-1/0@-1 Lxy=-1.0,-1.0:-1.0,-1.0/-1.0,-1.0:-1.0,-1.0 Yxy=-1.0,-1.0:-1.0,-1.0/-1.0,-1.0:-1.0,-1.0 farLxy=-1.0,-1.0:-1.0,-1.0/-1.0,-1.0:-1.0,-1.0 best=-1:-1.0,-1.0:-1.0,-1.0:-57295.8:00000/-1:-1.0,-1.0:-1.0,-1.0:-57295.8:00000 seed_src=lost/lost seed=40.0,91.8/0.0,0.0 far_start=40,0 far_raw=0/0 far_num=0/0 straight=0/0 far_straight=0/0 conf_deg=0.0/0.0/0.0/0.0
CrossDiag: type=CROSS_NONE track=1 half_lr=0/0 nearL=0@-1/0@-1 nearNum=1/0 centerNum=1/0 farL=0@-1/0@-1 farNum=0/0 farRaw=0/0 lost=1/0 not_have=0 final=0/0 flags=0/0
LineErr: aim=33 cxcy=84.0,119.6 left=0:0.00@-1,-1 dx=0.0 idx=-1/-1 dist=-1/-1 right=0:0.00@-1,-1 dx=0.0 idx=-1/-1 dist=-1/-1 sel=0:0.00@-1,-1 dx=0.0 idx=-1/-1 dist=-1/-1 edge=0:0.00@-1.0,-1.0 dx=0.0 width=0.0 l=-1,-1 r=-1,-1
ATGSeedDiag: seed=1@73,108/0@-1,-1 begin=7,108 block=5 clip=8
ATGLptDiag: best=-1(-57295.8) imip=-1/-1 pass=00000 acc=-1 ipm=-1.0,-1.0 inv=-1.0,-1.0 | -1(-57295.8) imip=-1/-1 pass=00000 acc=-1 ipm=-1.0,-1.0 inv=-1.0,-1.0
frame=457 line=0 track=1 cross=0 circle=5(CIRCLE_LEFT_RUNNING) round=0 yroad=0 ramp=0 road=7 speed=0 near=2/0 raw=10/0 sel=0/0 far=0/0 far_raw=0/0 l=0@-1/0@-1 far_l=0@-1/0@-1 straight=0/0 far_straight=0/0 circle_cnt=0/0/0/0 lost=1/0 conf=0.0/0.0/0.0/0.0 dist=1151 m0=(-1,-1) ml=(-1,-1) md=-1/0/-1 cxcy=84.0,119.6 guide=0.00 atg=-60.0/-60.0/-60.0 pure=12.30/10.90 yaw=0 cmd=0 actual=248 signed=0 rps=0/0:0/0 duty=0/0
ATGCorner: L=0@-1/0@-1 Y=0@-1/0@-1 farL=0@-1/0@-1 Lxy=-1.0,-1.0:-1.0,-1.0/-1.0,-1.0:-1.0,-1.0 Yxy=-1.0,-1.0:-1.0,-1.0/-1.0,-1.0:-1.0,-1.0 farLxy=-1.0,-1.0:-1.0,-1.0/-1.0,-1.0:-1.0,-1.0 best=-1:-1.0,-1.0:-1.0,-1.0:-57295.8:00000/-1:-1.0,-1.0:-1.0,-1.0:-57295.8:00000 seed_src=none/lost seed=40.0,91.8/0.0,0.0 far_start=40,0 far_raw=0/0 far_num=0/0 straight=0/0 far_straight=0/0 conf_deg=0.0/0.0/0.0/0.0
CrossDiag: type=CROSS_NONE track=1 half_lr=0/0 nearL=0@-1/0@-1 nearNum=2/0 centerNum=2/0 farL=0@-1/0@-1 farNum=0/0 farRaw=0/0 lost=1/0 not_have=0 final=0/0 flags=0/0
LineErr: aim=33 cxcy=84.0,119.6 left=1:-13.46@95,97 dx=11.1 idx=0/1 dist=2/2 right=0:0.00@-1,-1 dx=0.0 idx=-1/-1 dist=-1/-1 sel=0:0.00@-1,-1 dx=0.0 idx=-1/-1 dist=-1/-1 edge=0:0.00@-1.0,-1.0 dx=0.0 width=0.0 l=76,115 r=-1,-1
ATGSeedDiag: seed=1@66,108/0@-1,-1 begin=7,108 block=5 clip=8
ATGLptDiag: best=-1(-57295.8) imip=-1/-1 pass=00000 acc=-1 ipm=-1.0,-1.0 inv=-1.0,-1.0 | -1(-57295.8) imip=-1/-1 pass=00000 acc=-1 ipm=-1.0,-1.0 inv=-1.0,-1.0
frame=458 line=0 track=1 cross=0 circle=5(CIRCLE_LEFT_RUNNING) round=0 yroad=0 ramp=0 road=7 speed=0 near=1/0 raw=6/0 sel=0/0 far=0/0 far_raw=0/0 l=0@-1/0@-1 far_l=0@-1/0@-1 straight=0/0 far_straight=0/0 circle_cnt=0/0/0/0 lost=1/0 conf=0.0/0.0/0.0/0.0 dist=1164 m0=(-1,-1) ml=(-1,-1) md=-1/0/-1 cxcy=84.0,119.6 guide=0.00 atg=-60.0/-60.0/-60.0 pure=12.30/10.90 yaw=0 cmd=0 actual=383 signed=0 rps=0/0:0/0 duty=0/0
ATGCorner: L=0@-1/0@-1 Y=0@-1/0@-1 farL=0@-1/0@-1 Lxy=-1.0,-1.0:-1.0,-1.0/-1.0,-1.0:-1.0,-1.0 Yxy=-1.0,-1.0:-1.0,-1.0/-1.0,-1.0:-1.0,-1.0 farLxy=-1.0,-1.0:-1.0,-1.0/-1.0,-1.0:-1.0,-1.0 best=-1:-1.0,-1.0:-1.0,-1.0:-57295.8:00000/-1:-1.0,-1.0:-1.0,-1.0:-57295.8:00000 seed_src=lost/lost seed=40.0,91.8/0.0,0.0 far_start=40,0 far_raw=0/0 far_num=0/0 straight=0/0 far_straight=0/0 conf_deg=0.0/0.0/0.0/0.0
CrossDiag: type=CROSS_NONE track=1 half_lr=0/0 nearL=0@-1/0@-1 nearNum=1/0 centerNum=1/0 farL=0@-1/0@-1 farNum=0/0 farRaw=0/0 lost=1/0 not_have=0 final=0/0 flags=0/0
LineErr: aim=33 cxcy=84.0,119.6 left=0:0.00@-1,-1 dx=0.0 idx=-1/-1 dist=-1/-1 right=0:0.00@-1,-1 dx=0.0 idx=-1/-1 dist=-1/-1 sel=0:0.00@-1,-1 dx=0.0 idx=-1/-1 dist=-1/-1 edge=0:0.00@-1.0,-1.0 dx=0.0 width=0.0 l=-1,-1 r=-1,-1
ATGSeedDiag: seed=1@64,108/0@-1,-1 begin=7,108 block=5 clip=8
ATGLptDiag: best=-1(-57295.8) imip=-1/-1 pass=00000 acc=-1 ipm=-1.0,-1.0 inv=-1.0,-1.0 | -1(-57295.8) imip=-1/-1 pass=00000 acc=-1 ipm=-1.0,-1.0 inv=-1.0,-1.0
ATGCircleStall: circle_type=5 stalled 30 frames without selected line, reset to NONE
frame=464 line=0 track=1 cross=0 circle=0(CIRCLE_NONE) round=0 yroad=0 ramp=0 road=0 speed=0 near=1/0 raw=2/0 sel=0/0 far=0/0 far_raw=0/0 l=0@-1/0@-1 far_l=0@-1/0@-1 straight=0/0 far_straight=0/0 circle_cnt=0/0/0/0 lost=0/0 conf=0.0/0.0/0.0/0.0 dist=1242 m0=(-1,-1) ml=(-1,-1) md=-1/0/-1 cxcy=84.0,119.6 guide=0.00 atg=-60.0/-60.0/-60.0 pure=12.30/10.90 yaw=0 cmd=0 actual=-40 signed=0 rps=0/0:0/0 duty=0/0
CrossDiag: type=CROSS_NONE track=1 half_lr=0/0 nearL=0@-1/0@-1 nearNum=1/0 centerNum=1/0 farL=0@-1/0@-1 farNum=0/0 farRaw=0/0 lost=0/0 not_have=0 final=0/0 flags=0/0
LineErr: aim=33 cxcy=84.0,119.6 left=0:0.00@-1,-1 dx=0.0 idx=-1/-1 dist=-1/-1 right=0:0.00@-1,-1 dx=0.0 idx=-1/-1 dist=-1/-1 sel=0:0.00@-1,-1 dx=0.0 idx=-1/-1 dist=-1/-1 edge=0:0.00@-1.0,-1.0 dx=0.0 width=0.0 l=-1,-1 r=-1,-1
ATGSeedDiag: seed=1@54,108/0@-1,-1 begin=7,108 block=5 clip=8
ATGLptDiag: best=-1(-57295.8) imip=-1/-1 pass=00000 acc=-1 ipm=-1.0,-1.0 inv=-1.0,-1.0 | -1(-57295.8) imip=-1/-1 pass=00000 acc=-1 ipm=-1.0,-1.0 inv=-1.0,-1.0
frame=465 line=0 track=1 cross=0 circle=0(CIRCLE_NONE) round=0 yroad=0 ramp=0 road=0 speed=0 near=1/1 raw=3/170 sel=1/0 far=0/0 far_raw=0/0 l=0@-1/0@-1 far_l=0@-1/0@-1 straight=0/0 far_straight=0/0 circle_cnt=0/0/0/0 lost=0/0 conf=0.0/0.0/0.0/0.0 dist=0 m0=(-1,-1) ml=(-1,-1) md=-1/0/-1 cxcy=84.0,119.6 guide=0.00 atg=-60.0/-60.0/-60.0 pure=12.30/10.90 yaw=0 cmd=0 actual=-86 signed=0 rps=0/0:0/0 duty=0/0
CrossDiag: type=CROSS_NONE track=1 half_lr=0/0 nearL=0@-1/0@-1 nearNum=1/1 centerNum=1/1 farL=0@-1/0@-1 farNum=0/0 farRaw=0/0 lost=0/0 not_have=0 final=1/0 flags=0/0
LineErr: aim=33 cxcy=84.0,119.6 left=0:0.00@-1,-1 dx=0.0 idx=-1/-1 dist=-1/-1 right=0:0.00@-1,-1 dx=0.0 idx=-1/-1 dist=-1/-1 sel=0:0.00@-1,-1 dx=0.0 idx=-1/-1 dist=-1/-1 edge=0:0.00@-1.0,-1.0 dx=0.0 width=0.0 l=-1,-1 r=-1,-1
ATGSeedDiag: seed=1@52,108/1@140,87 begin=7,108 block=5 clip=8
ATGLptDiag: best=-1(-57295.8) imip=-1/-1 pass=00000 acc=-1 ipm=-1.0,-1.0 inv=-1.0,-1.0 | -1(-57295.8) imip=-1/-1 pass=00000 acc=-1 ipm=-1.0,-1.0 inv=-1.0,-1.0
frame=466 line=0 track=1 cross=0 circle=0(CIRCLE_NONE) round=0 yroad=0 ramp=0 road=0 speed=0 near=1/1 raw=3/170 sel=1/0 far=0/0 far_raw=0/0 l=0@-1/0@-1 far_l=0@-1/0@-1 straight=0/0 far_straight=0/0 circle_cnt=0/0/0/0 lost=0/0 conf=0.0/0.0/0.0/0.0 dist=0 m0=(-1,-1) ml=(-1,-1) md=-1/0/-1 cxcy=84.0,119.6 guide=0.00 atg=-60.0/-60.0/-60.0 pure=12.30/10.90 yaw=0 cmd=0 actual=192 signed=0 rps=0/0:0/0 duty=0/0
CrossDiag: type=CROSS_NONE track=1 half_lr=0/0 nearL=0@-1/0@-1 nearNum=1/1 centerNum=1/1 farL=0@-1/0@-1 farNum=0/0 farRaw=0/0 lost=0/0 not_have=0 final=1/0 flags=0/0
LineErr: aim=33 cxcy=84.0,119.6 left=0:0.00@-1,-1 dx=0.0 idx=-1/-1 dist=-1/-1 right=0:0.00@-1,-1 dx=0.0 idx=-1/-1 dist=-1/-1 sel=0:0.00@-1,-1 dx=0.0 idx=-1/-1 dist=-1/-1 edge=0:0.00@-1.0,-1.0 dx=0.0 width=0.0 l=-1,-1 r=-1,-1
ATGSeedDiag: seed=1@50,108/1@140,90 begin=7,108 block=5 clip=8
ATGLptDiag: best=-1(-57295.8) imip=-1/-1 pass=00000 acc=-1 ipm=-1.0,-1.0 inv=-1.0,-1.0 | -1(-57295.8) imip=-1/-1 pass=00000 acc=-1 ipm=-1.0,-1.0 inv=-1.0,-1.0
frame=468 line=0 track=1 cross=0 circle=0(CIRCLE_NONE) round=0 yroad=0 ramp=0 road=0 speed=0 near=1/1 raw=2/170 sel=1/0 far=0/0 far_raw=0/0 l=0@-1/0@-1 far_l=0@-1/0@-1 straight=0/0 far_straight=0/0 circle_cnt=0/0/0/0 lost=0/0 conf=0.0/0.0/0.0/0.0 dist=0 m0=(-1,-1) ml=(-1,-1) md=-1/0/-1 cxcy=84.0,119.6 guide=0.00 atg=-60.0/-60.0/-60.0 pure=12.30/10.90 yaw=0 cmd=0 actual=569 signed=0 rps=0/0:0/0 duty=0/0
CrossDiag: type=CROSS_NONE track=1 half_lr=0/0 nearL=0@-1/0@-1 nearNum=1/1 centerNum=1/1 farL=0@-1/0@-1 farNum=0/0 farRaw=0/0 lost=0/0 not_have=0 final=1/0 flags=0/0
LineErr: aim=33 cxcy=84.0,119.6 left=0:0.00@-1,-1 dx=0.0 idx=-1/-1 dist=-1/-1 right=0:0.00@-1,-1 dx=0.0 idx=-1/-1 dist=-1/-1 sel=0:0.00@-1,-1 dx=0.0 idx=-1/-1 dist=-1/-1 edge=0:0.00@-1.0,-1.0 dx=0.0 width=0.0 l=-1,-1 r=-1,-1
ATGSeedDiag: seed=1@47,108/1@142,92 begin=7,108 block=5 clip=8
ATGLptDiag: best=-1(-57295.8) imip=-1/-1 pass=00000 acc=-1 ipm=-1.0,-1.0 inv=-1.0,-1.0 | -1(-57295.8) imip=-1/-1 pass=00000 acc=-1 ipm=-1.0,-1.0 inv=-1.0,-1.0
frame=469 line=1 track=0 cross=0 circle=0(CIRCLE_NONE) round=0 yroad=0 ramp=0 road=0 speed=0 near=2/1 raw=8/170 sel=2/12 far=0/0 far_raw=0/0 l=0@-1/0@-1 far_l=0@-1/0@-1 straight=0/0 far_straight=0/0 circle_cnt=0/0/0/0 lost=0/0 conf=0.0/0.0/0.0/0.0 dist=0 m0=(84,119) ml=(81,94) md=25/0/25 cxcy=84.0,119.6 guide=3.56 atg=-3.0/-1.0/-1.0 pure=1.27/1.27 yaw=-91 cmd=-291 actual=549 signed=0 rps=5398/4602:3961/4205 duty=14/13
CrossDiag: type=CROSS_NONE track=0 half_lr=0/0 nearL=0@-1/0@-1 nearNum=2/1 centerNum=2/1 farL=0@-1/0@-1 farNum=0/0 farRaw=0/0 lost=0/0 not_have=0 final=2/12 flags=0/0
LineErr: aim=33 cxcy=84.0,119.6 left=1:3.25@81,93 dx=-2.8 idx=0/1 dist=27/27 right=0:0.00@-1,-1 dx=0.0 idx=-1/-1 dist=-1/-1 sel=1:3.19@81,94 dx=-2.7 idx=0/11 dist=22/22 edge=0:0.00@-1.0,-1.0 dx=0.0 width=0.0 l=67,115 r=-1,-1
ATGSeedDiag: seed=1@45,108/1@144,91 begin=7,108 block=5 clip=8
ATGLptDiag: best=-1(-57295.8) imip=-1/-1 pass=00000 acc=-1 ipm=-1.0,-1.0 inv=-1.0,-1.0 | -1(-57295.8) imip=-1/-1 pass=00000 acc=-1 ipm=-1.0,-1.0 inv=-1.0,-1.0
frame=470 line=0 track=0 cross=0 circle=0(CIRCLE_NONE) round=0 yroad=0 ramp=0 road=0 speed=0 near=1/1 raw=2/170 sel=1/0 far=0/0 far_raw=0/0 l=0@-1/0@-1 far_l=0@-1/0@-1 straight=0/0 far_straight=0/0 circle_cnt=0/0/0/0 lost=0/0 conf=0.0/0.0/0.0/0.0 dist=0 m0=(-1,-1) ml=(-1,-1) md=-1/0/-1 cxcy=84.0,119.6 guide=0.00 atg=-3.0/-1.0/-1.0 pure=1.27/1.27 yaw=0 cmd=0 actual=475 signed=0 rps=0/0:0/0 duty=0/0
CrossDiag: type=CROSS_NONE track=0 half_lr=0/0 nearL=0@-1/0@-1 nearNum=1/1 centerNum=1/1 farL=0@-1/0@-1 farNum=0/0 farRaw=0/0 lost=0/0 not_have=0 final=1/0 flags=0/0
LineErr: aim=33 cxcy=84.0,119.6 left=0:0.00@-1,-1 dx=0.0 idx=-1/-1 dist=-1/-1 right=0:0.00@-1,-1 dx=0.0 idx=-1/-1 dist=-1/-1 sel=0:0.00@-1,-1 dx=0.0 idx=-1/-1 dist=-1/-1 edge=0:0.00@-1.0,-1.0 dx=0.0 width=0.0 l=-1,-1 r=-1,-1
ATGSeedDiag: seed=1@43,108/1@144,92 begin=7,108 block=5 clip=8
ATGLptDiag: best=-1(-57295.8) imip=-1/-1 pass=00000 acc=-1 ipm=-1.0,-1.0 inv=-1.0,-1.0 | -1(-57295.8) imip=-1/-1 pass=00000 acc=-1 ipm=-1.0,-1.0 inv=-1.0,-1.0
frame=471 line=0 track=0 cross=0 circle=0(CIRCLE_NONE) round=0 yroad=0 ramp=0 road=0 speed=0 near=1/1 raw=4/170 sel=1/0 far=0/0 far_raw=0/0 l=0@-1/0@-1 far_l=0@-1/0@-1 straight=0/0 far_straight=0/0 circle_cnt=0/0/0/0 lost=0/0 conf=0.0/0.0/0.0/0.0 dist=0 m0=(-1,-1) ml=(-1,-1) md=-1/0/-1 cxcy=84.0,119.6 guide=0.00 atg=-3.0/-1.0/-1.0 pure=1.27/1.27 yaw=0 cmd=0 actual=349 signed=0 rps=0/0:0/0 duty=0/0
CrossDiag: type=CROSS_NONE track=0 half_lr=0/0 nearL=0@-1/0@-1 nearNum=1/1 centerNum=1/1 farL=0@-1/0@-1 farNum=0/0 farRaw=0/0 lost=0/0 not_have=0 final=1/0 flags=0/0
LineErr: aim=33 cxcy=84.0,119.6 left=0:0.00@-1,-1 dx=0.0 idx=-1/-1 dist=-1/-1 right=0:0.00@-1,-1 dx=0.0 idx=-1/-1 dist=-1/-1 sel=0:0.00@-1,-1 dx=0.0 idx=-1/-1 dist=-1/-1 edge=0:0.00@-1.0,-1.0 dx=0.0 width=0.0 l=-1,-1 r=-1,-1
ATGSeedDiag: seed=1@40,108/1@144,97 begin=7,108 block=5 clip=8
ATGLptDiag: best=-1(-57295.8) imip=-1/-1 pass=00000 acc=-1 ipm=-1.0,-1.0 inv=-1.0,-1.0 | -1(-57295.8) imip=-1/-1 pass=00000 acc=-1 ipm=-1.0,-1.0 inv=-1.0,-1.0
frame=472 line=1 track=0 cross=0 circle=0(CIRCLE_NONE) round=0 yroad=0 ramp=0 road=2 speed=0 near=5/1 raw=170/170 sel=5/15 far=0/0 far_raw=0/0 l=0@-1/0@-1 far_l=0@-1/0@-1 straight=0/0 far_straight=0/0 circle_cnt=0/0/0/0 lost=0/0 conf=8.1/0.0/0.0/0.0 dist=0 m0=(84,119) ml=(73,90) md=31/0/31 cxcy=84.0,119.6 guide=10.98 atg=-44.0/-17.0/-17.0 pure=4.04/4.04 yaw=-659 cmd=-859 actual=14 signed=0 rps=6177/3823:4517/4059 duty=16/10
CrossDiag: type=CROSS_NONE track=0 half_lr=0/0 nearL=0@-1/0@-1 nearNum=5/1 centerNum=5/1 farL=0@-1/0@-1 farNum=0/0 farRaw=0/0 lost=0/0 not_have=0 final=5/15 flags=0/0
LineErr: aim=33 cxcy=84.0,119.6 left=1:12.25@72,89 dx=-11.6 idx=0/4 dist=33/33 right=0:0.00@-1,-1 dx=0.0 idx=-1/-1 dist=-1/-1 sel=1:11.38@73,90 dx=-10.6 idx=0/14 dist=28/28 edge=0:0.00@-1.0,-1.0 dx=0.0 width=0.0 l=58,111 r=-1,-1
ATGSeedDiag: seed=1@38,108/1@144,95 begin=7,108 block=5 clip=8
ATGLptDiag: best=3(8.1) imip=0/4 pass=10111 acc=-1 ipm=60.0,112.7 inv=27.1,94.7 | -1(-57295.8) imip=-1/-1 pass=00000 acc=-1 ipm=-1.0,-1.0 inv=-1.0,-1.0
frame=473 line=0 track=0 cross=0 circle=0(CIRCLE_NONE) round=0 yroad=0 ramp=0 road=2 speed=0 near=1/1 raw=2/170 sel=1/0 far=0/0 far_raw=0/0 l=0@-1/0@-1 far_l=0@-1/0@-1 straight=0/0 far_straight=0/0 circle_cnt=0/0/0/0 lost=0/0 conf=0.0/0.0/0.0/0.0 dist=0 m0=(-1,-1) ml=(-1,-1) md=-1/0/-1 cxcy=84.0,119.6 guide=0.00 atg=-44.0/-17.0/-17.0 pure=4.04/4.04 yaw=0 cmd=0 actual=26 signed=0 rps=0/0:0/0 duty=0/0
CrossDiag: type=CROSS_NONE track=0 half_lr=0/0 nearL=0@-1/0@-1 nearNum=1/1 centerNum=1/1 farL=0@-1/0@-1 farNum=0/0 farRaw=0/0 lost=0/0 not_have=0 final=1/0 flags=0/0
LineErr: aim=33 cxcy=84.0,119.6 left=0:0.00@-1,-1 dx=0.0 idx=-1/-1 dist=-1/-1 right=0:0.00@-1,-1 dx=0.0 idx=-1/-1 dist=-1/-1 sel=0:0.00@-1,-1 dx=0.0 idx=-1/-1 dist=-1/-1 edge=0:0.00@-1.0,-1.0 dx=0.0 width=0.0 l=-1,-1 r=-1,-1
ATGSeedDiag: seed=1@36,108/1@144,99 begin=7,108 block=5 clip=8
ATGLptDiag: best=-1(-57295.8) imip=-1/-1 pass=00000 acc=-1 ipm=-1.0,-1.0 inv=-1.0,-1.0 | -1(-57295.8) imip=-1/-1 pass=00000 acc=-1 ipm=-1.0,-1.0 inv=-1.0,-1.0
frame=474 line=0 track=0 cross=0 circle=0(CIRCLE_NONE) round=0 yroad=0 ramp=0 road=2 speed=0 near=1/1 raw=2/170 sel=1/0 far=0/0 far_raw=0/0 l=0@-1/0@-1 far_l=0@-1/0@-1 straight=0/0 far_straight=0/0 circle_cnt=0/0/0/0 lost=0/0 conf=0.0/0.0/0.0/0.0 dist=0 m0=(-1,-1) ml=(-1,-1) md=-1/0/-1 cxcy=84.0,119.6 guide=0.00 atg=-44.0/-17.0/-17.0 pure=4.04/4.04 yaw=0 cmd=0 actual=13 signed=0 rps=0/0:0/0 duty=0/0
CrossDiag: type=CROSS_NONE track=0 half_lr=0/0 nearL=0@-1/0@-1 nearNum=1/1 centerNum=1/1 farL=0@-1/0@-1 farNum=0/0 farRaw=0/0 lost=0/0 not_have=0 final=1/0 flags=0/0
LineErr: aim=33 cxcy=84.0,119.6 left=0:0.00@-1,-1 dx=0.0 idx=-1/-1 dist=-1/-1 right=0:0.00@-1,-1 dx=0.0 idx=-1/-1 dist=-1/-1 sel=0:0.00@-1,-1 dx=0.0 idx=-1/-1 dist=-1/-1 edge=0:0.00@-1.0,-1.0 dx=0.0 width=0.0 l=-1,-1 r=-1,-1
ATGSeedDiag: seed=1@33,108/1@145,101 begin=7,108 block=5 clip=8
ATGLptDiag: best=-1(-57295.8) imip=-1/-1 pass=00000 acc=-1 ipm=-1.0,-1.0 inv=-1.0,-1.0 | -1(-57295.8) imip=-1/-1 pass=00000 acc=-1 ipm=-1.0,-1.0 inv=-1.0,-1.0
frame=477 line=0 track=0 cross=0 circle=0(CIRCLE_NONE) round=0 yroad=0 ramp=0 road=2 speed=0 near=1/1 raw=2/170 sel=1/0 far=0/0 far_raw=0/0 l=0@-1/0@-1 far_l=0@-1/0@-1 straight=0/0 far_straight=0/0 circle_cnt=0/0/0/0 lost=0/0 conf=0.0/0.0/0.0/0.0 dist=0 m0=(-1,-1) ml=(-1,-1) md=-1/0/-1 cxcy=84.0,119.6 guide=0.00 atg=-44.0/-17.0/-17.0 pure=4.04/4.04 yaw=0 cmd=0 actual=308 signed=0 rps=0/0:0/0 duty=0/0
CrossDiag: type=CROSS_NONE track=0 half_lr=0/0 nearL=0@-1/0@-1 nearNum=1/1 centerNum=1/1 farL=0@-1/0@-1 farNum=0/0 farRaw=0/0 lost=0/0 not_have=0 final=1/0 flags=0/0
LineErr: aim=33 cxcy=84.0,119.6 left=0:0.00@-1,-1 dx=0.0 idx=-1/-1 dist=-1/-1 right=0:0.00@-1,-1 dx=0.0 idx=-1/-1 dist=-1/-1 sel=0:0.00@-1,-1 dx=0.0 idx=-1/-1 dist=-1/-1 edge=0:0.00@-1.0,-1.0 dx=0.0 width=0.0 l=-1,-1 r=-1,-1
ATGSeedDiag: seed=1@27,108/1@148,105 begin=7,108 block=5 clip=8
ATGLptDiag: best=-1(-57295.8) imip=-1/-1 pass=00000 acc=-1 ipm=-1.0,-1.0 inv=-1.0,-1.0 | -1(-57295.8) imip=-1/-1 pass=00000 acc=-1 ipm=-1.0,-1.0 inv=-1.0,-1.0
frame=479 line=1 track=0 cross=0 circle=0(CIRCLE_NONE) round=0 yroad=0 ramp=0 road=3 speed=0 near=3/1 raw=14/5 sel=3/15 far=0/0 far_raw=0/0 l=0@-1/0@-1 far_l=0@-1/0@-1 straight=0/0 far_straight=0/0 circle_cnt=0/0/0/0 lost=0/0 conf=1.0/0.0/0.0/0.0 dist=0 m0=(84,119) ml=(68,91) md=30/0/30 cxcy=84.0,119.6 guide=17.04 atg=-60.0/-38.0/-38.0 pure=6.06/6.06 yaw=-1022 cmd=-1222 actual=170 signed=0 rps=6675/3325:3876/4608 duty=19/8
CrossDiag: type=CROSS_NONE track=0 half_lr=0/0 nearL=0@-1/0@-1 nearNum=3/1 centerNum=3/1 farL=0@-1/0@-1 farNum=0/0 farRaw=0/0 lost=0/0 not_have=0 final=3/15 flags=0/0
LineErr: aim=33 cxcy=84.0,119.6 left=1:17.14@68,92 dx=-15.8 idx=0/1 dist=32/34 right=0:0.00@-1,-1 dx=0.0 idx=-1/-1 dist=-1/-1 sel=1:17.50@68,91 dx=-16.2 idx=0/14 dist=28/28 edge=0:0.00@-1.0,-1.0 dx=0.0 width=0.0 l=55,114 r=-1,-1
ATGSeedDiag: seed=1@22,108/1@149,108 begin=7,108 block=5 clip=8
ATGLptDiag: best=1(1.0) imip=0/2 pass=10111 acc=-1 ipm=57.1,115.2 inv=17.2,102.4 | -1(-57295.8) imip=-1/-1 pass=00000 acc=-1 ipm=-1.0,-1.0 inv=-1.0,-1.0
frame=480 line=0 track=0 cross=0 circle=0(CIRCLE_NONE) round=0 yroad=0 ramp=0 road=3 speed=0 near=1/1 raw=2/170 sel=1/0 far=0/0 far_raw=0/0 l=0@-1/0@-1 far_l=0@-1/0@-1 straight=0/0 far_straight=0/0 circle_cnt=0/0/0/0 lost=0/0 conf=0.0/0.0/0.0/0.0 dist=0 m0=(-1,-1) ml=(-1,-1) md=-1/0/-1 cxcy=84.0,119.6 guide=0.00 atg=-60.0/-38.0/-38.0 pure=6.06/6.06 yaw=0 cmd=0 actual=201 signed=0 rps=0/0:0/0 duty=0/0
CrossDiag: type=CROSS_NONE track=0 half_lr=0/0 nearL=0@-1/0@-1 nearNum=1/1 centerNum=1/1 farL=0@-1/0@-1 farNum=0/0 farRaw=0/0 lost=0/0 not_have=0 final=1/0 flags=0/0
LineErr: aim=33 cxcy=84.0,119.6 left=0:0.00@-1,-1 dx=0.0 idx=-1/-1 dist=-1/-1 right=0:0.00@-1,-1 dx=0.0 idx=-1/-1 dist=-1/-1 sel=0:0.00@-1,-1 dx=0.0 idx=-1/-1 dist=-1/-1 edge=0:0.00@-1.0,-1.0 dx=0.0 width=0.0 l=-1,-1 r=-1,-1
ATGSeedDiag: seed=1@20,108/1@150,106 begin=7,108 block=5 clip=8
ATGLptDiag: best=-1(-57295.8) imip=-1/-1 pass=00000 acc=-1 ipm=-1.0,-1.0 inv=-1.0,-1.0 | -1(-57295.8) imip=-1/-1 pass=00000 acc=-1 ipm=-1.0,-1.0 inv=-1.0,-1.0
frame=481 line=0 track=0 cross=0 circle=0(CIRCLE_NONE) round=0 yroad=0 ramp=0 road=3 speed=0 near=1/1 raw=3/170 sel=1/0 far=0/0 far_raw=0/0 l=0@-1/0@-1 far_l=0@-1/0@-1 straight=0/0 far_straight=0/0 circle_cnt=0/0/0/0 lost=0/0 conf=0.0/0.0/0.0/0.0 dist=0 m0=(-1,-1) ml=(-1,-1) md=-1/0/-1 cxcy=84.0,119.6 guide=0.00 atg=-60.0/-38.0/-38.0 pure=6.06/6.06 yaw=0 cmd=0 actual=234 signed=0 rps=0/0:0/0 duty=0/0
CrossDiag: type=CROSS_NONE track=0 half_lr=0/0 nearL=0@-1/0@-1 nearNum=1/1 centerNum=1/1 farL=0@-1/0@-1 farNum=0/0 farRaw=0/0 lost=0/0 not_have=0 final=1/0 flags=0/0
LineErr: aim=33 cxcy=84.0,119.6 left=0:0.00@-1,-1 dx=0.0 idx=-1/-1 dist=-1/-1 right=0:0.00@-1,-1 dx=0.0 idx=-1/-1 dist=-1/-1 sel=0:0.00@-1,-1 dx=0.0 idx=-1/-1 dist=-1/-1 edge=0:0.00@-1.0,-1.0 dx=0.0 width=0.0 l=-1,-1 r=-1,-1
ATGSeedDiag: seed=1@17,108/1@152,108 begin=7,108 block=5 clip=8
ATGLptDiag: best=-1(-57295.8) imip=-1/-1 pass=00000 acc=-1 ipm=-1.0,-1.0 inv=-1.0,-1.0 | -1(-57295.8) imip=-1/-1 pass=00000 acc=-1 ipm=-1.0,-1.0 inv=-1.0,-1.0
frame=482 line=0 track=0 cross=0 circle=0(CIRCLE_NONE) round=0 yroad=0 ramp=0 road=3 speed=0 near=1/0 raw=2/0 sel=1/0 far=0/0 far_raw=0/0 l=0@-1/0@-1 far_l=0@-1/0@-1 straight=0/0 far_straight=0/0 circle_cnt=0/0/0/0 lost=0/0 conf=0.0/0.0/0.0/0.0 dist=0 m0=(-1,-1) ml=(-1,-1) md=-1/0/-1 cxcy=84.0,119.6 guide=0.00 atg=-60.0/-38.0/-38.0 pure=6.06/6.06 yaw=0 cmd=0 actual=-50 signed=0 rps=0/0:0/0 duty=0/0
CrossDiag: type=CROSS_NONE track=0 half_lr=0/0 nearL=0@-1/0@-1 nearNum=1/0 centerNum=1/0 farL=0@-1/0@-1 farNum=0/0 farRaw=0/0 lost=0/0 not_have=0 final=1/0 flags=0/0
LineErr: aim=33 cxcy=84.0,119.6 left=0:0.00@-1,-1 dx=0.0 idx=-1/-1 dist=-1/-1 right=0:0.00@-1,-1 dx=0.0 idx=-1/-1 dist=-1/-1 sel=0:0.00@-1,-1 dx=0.0 idx=-1/-1 dist=-1/-1 edge=0:0.00@-1.0,-1.0 dx=0.0 width=0.0 l=-1,-1 r=-1,-1
ATGSeedDiag: seed=1@15,108/0@-1,-1 begin=7,108 block=5 clip=8
ATGLptDiag: best=-1(-57295.8) imip=-1/-1 pass=00000 acc=-1 ipm=-1.0,-1.0 inv=-1.0,-1.0 | -1(-57295.8) imip=-1/-1 pass=00000 acc=-1 ipm=-1.0,-1.0 inv=-1.0,-1.0
frame=484 line=1 track=0 cross=0 circle=0(CIRCLE_NONE) round=0 yroad=0 ramp=0 road=3 speed=0 near=2/0 raw=8/0 sel=2/17 far=0/0 far_raw=0/0 l=0@-1/0@-1 far_l=0@-1/0@-1 straight=0/0 far_straight=0/0 circle_cnt=0/0/0/0 lost=0/0 conf=0.0/0.0/0.0/0.0 dist=0 m0=(84,119) ml=(62,93) md=33/1/36 cxcy=84.0,119.6 guide=23.42 atg=-60.0/-60.0/-60.0 pure=7.78/7.78 yaw=-1405 cmd=-1605 actual=68 signed=0 rps=7200/2800:4089/3784 duty=20/6
CrossDiag: type=CROSS_NONE track=0 half_lr=0/0 nearL=0@-1/0@-1 nearNum=2/0 centerNum=2/0 farL=0@-1/0@-1 farNum=0/0 farRaw=0/0 lost=0/0 not_have=0 final=2/17 flags=0/0
LineErr: aim=33 cxcy=84.0,119.6 left=1:24.53@60,91 dx=-23.7 idx=0/1 dist=37/37 right=0:0.00@-1,-1 dx=0.0 idx=-1/-1 dist=-1/-1 sel=1:24.51@60,91 dx=-23.6 idx=0/16 dist=32/32 edge=0:0.00@-1.0,-1.0 dx=0.0 width=0.0 l=52,116 r=-1,-1
ATGSeedDiag: seed=1@10,108/0@-1,-1 begin=7,108 block=5 clip=8
ATGLptDiag: best=-1(-57295.8) imip=-1/-1 pass=00000 acc=-1 ipm=-1.0,-1.0 inv=-1.0,-1.0 | -1(-57295.8) imip=-1/-1 pass=00000 acc=-1 ipm=-1.0,-1.0 inv=-1.0,-1.0
frame=485 line=0 track=0 cross=0 circle=0(CIRCLE_NONE) round=0 yroad=0 ramp=0 road=3 speed=0 near=1/0 raw=7/0 sel=1/0 far=0/0 far_raw=0/0 l=0@-1/0@-1 far_l=0@-1/0@-1 straight=0/0 far_straight=0/0 circle_cnt=0/0/0/0 lost=0/0 conf=0.0/0.0/0.0/0.0 dist=0 m0=(-1,-1) ml=(-1,-1) md=-1/0/-1 cxcy=84.0,119.6 guide=0.00 atg=-60.0/-60.0/-60.0 pure=7.78/7.78 yaw=0 cmd=0 actual=151 signed=0 rps=0/0:0/0 duty=0/0
CrossDiag: type=CROSS_NONE track=0 half_lr=0/0 nearL=0@-1/0@-1 nearNum=1/0 centerNum=1/0 farL=0@-1/0@-1 farNum=0/0 farRaw=0/0 lost=0/0 not_have=0 final=1/0 flags=0/0
LineErr: aim=33 cxcy=84.0,119.6 left=0:0.00@-1,-1 dx=0.0 idx=-1/-1 dist=-1/-1 right=0:0.00@-1,-1 dx=0.0 idx=-1/-1 dist=-1/-1 sel=0:0.00@-1,-1 dx=0.0 idx=-1/-1 dist=-1/-1 edge=0:0.00@-1.0,-1.0 dx=0.0 width=0.0 l=-1,-1 r=-1,-1
ATGSeedDiag: seed=1@7,108/0@-1,-1 begin=7,108 block=5 clip=8
ATGLptDiag: best=-1(-57295.8) imip=-1/-1 pass=00000 acc=-1 ipm=-1.0,-1.0 inv=-1.0,-1.0 | -1(-57295.8) imip=-1/-1 pass=00000 acc=-1 ipm=-1.0,-1.0 inv=-1.0,-1.0
frame=487 line=0 track=0 cross=0 circle=0(CIRCLE_NONE) round=0 yroad=0 ramp=0 road=3 speed=0 near=0/0 raw=0/0 sel=0/0 far=0/0 far_raw=0/0 l=0@-1/0@-1 far_l=0@-1/0@-1 straight=0/0 far_straight=0/0 circle_cnt=0/0/0/0 lost=0/0 conf=0.0/0.0/0.0/0.0 dist=0 m0=(-1,-1) ml=(-1,-1) md=-1/0/-1 cxcy=84.0,119.6 guide=0.00 atg=-60.0/-60.0/-60.0 pure=7.78/7.78 yaw=0 cmd=0 actual=-134 signed=0 rps=0/0:0/0 duty=0/0
CrossDiag: type=CROSS_NONE track=0 half_lr=0/0 nearL=0@-1/0@-1 nearNum=0/0 centerNum=0/0 farL=0@-1/0@-1 farNum=0/0 farRaw=0/0 lost=0/0 not_have=0 final=0/0 flags=0/0
LineErr: aim=33 cxcy=84.0,119.6 left=0:0.00@-1,-1 dx=0.0 idx=-1/-1 dist=-1/-1 right=0:0.00@-1,-1 dx=0.0 idx=-1/-1 dist=-1/-1 sel=0:0.00@-1,-1 dx=0.0 idx=-1/-1 dist=-1/-1 edge=0:0.00@-1.0,-1.0 dx=0.0 width=0.0 l=-1,-1 r=-1,-1
ATGSeedDiag: seed=0@-1,-1/0@-1,-1 begin=7,108 block=5 clip=8
ATGLptDiag: best=-1(-57295.8) imip=-1/-1 pass=00000 acc=-1 ipm=-1.0,-1.0 inv=-1.0,-1.0 | -1(-57295.8) imip=-1/-1 pass=00000 acc=-1 ipm=-1.0,-1.0 inv=-1.0,-1.0
frame=503 line=1 track=1 cross=0 circle=0(CIRCLE_NONE) round=0 yroad=0 ramp=0 road=3 speed=0 near=0/21 raw=0/70 sel=21/33 far=0/0 far_raw=0/0 l=0@-1/0@-1 far_l=0@-1/0@-1 straight=0/0 far_straight=0/0 circle_cnt=0/0/0/0 lost=0/0 conf=0.0/14.4/0.0/0.0 dist=0 m0=(84,119) ml=(90,85) md=34/1/72 cxcy=84.0,119.6 guide=-5.92 atg=60.0/60.0/60.0 pure=-7.03/-7.16 yaw=151 cmd=8 actual=294 signed=0 rps=4989/5011:3387/3113 duty=13/16
CrossDiag: type=CROSS_NONE track=1 half_lr=0/0 nearL=0@-1/0@-1 nearNum=0/21 centerNum=0/21 farL=0@-1/0@-1 farNum=0/0 farRaw=0/0 lost=0/0 not_have=0 final=21/33 flags=0/0
LineErr: aim=33 cxcy=84.0,119.6 left=0:0.00@-1,-1 dx=0.0 idx=-1/-1 dist=-1/-1 right=1:-5.90@90,82 dx=6.3 idx=0/1 dist=38/76 sel=1:-5.86@90,83 dx=6.1 idx=0/16 dist=32/64 edge=0:0.00@-1.0,-1.0 dx=0.0 width=0.0 l=-1,-1 r=126,103
ATGSeedDiag: seed=0@-1,-1/1@87,85 begin=7,108 block=5 clip=8
ATGLptDiag: best=-1(-57295.8) imip=-1/-1 pass=00000 acc=-1 ipm=-1.0,-1.0 inv=-1.0,-1.0 | 10(14.4) imip=0/20 pass=10111 acc=-1 ipm=112.9,106.9 inv=130.3,79.6
frame=504 line=1 track=1 cross=0 circle=0(CIRCLE_NONE) round=0 yroad=0 ramp=0 road=3 speed=0 near=26/20 raw=74/70 sel=20/32 far=0/0 far_raw=0/0 l=0@-1/0@-1 far_l=0@-1/0@-1 straight=0/0 far_straight=0/0 circle_cnt=0/0/0/0 lost=0/0 conf=7.0/13.7/0.0/0.0 dist=0 m0=(84,119) ml=(89,87) md=32/1/70 cxcy=84.0,119.6 guide=-5.92 atg=60.0/60.0/60.0 pure=-7.08/-7.19 yaw=151 cmd=-31 actual=333 signed=0 rps=5043/4958:3372/3143 duty=13/16
CrossDiag: type=CROSS_NONE track=1 half_lr=0/0 nearL=0@-1/0@-1 nearNum=26/20 centerNum=26/20 farL=0@-1/0@-1 farNum=0/0 farRaw=0/0 lost=0/0 not_have=0 final=20/32 flags=0/0
LineErr: aim=33 cxcy=84.0,119.6 left=1:22.66@56,75 dx=-28.1 idx=0/16 dist=32/50 right=1:-5.72@90,83 dx=6.0 idx=0/1 dist=37/73 sel=1:-5.71@90,83 dx=6.0 idx=0/16 dist=32/62 edge=1:-2.05@85.5,101.5 dx=1.5 width=81.2 l=45,99 r=126,104
CxScan: raw_ref=80.0 edge=85.5,101.5 best_raw_x=85 best_err=0.61 best_cxcy=85.9,119.6 scan=0:-38.1,10:-34.6,20:-30.8,30:-26.7,40:-22.2,50:-17.5,60:-12.5,70:-7.3,80:-2.0,90:3.3,100:8.5,110:13.6,120:18.5,130:23.1,140:27.4
ATGSeedDiag: seed=1@73,85/1@87,86 begin=7,108 block=5 clip=8
ATGLptDiag: best=14(7.0) imip=4/24 pass=10111 acc=-1 ipm=49.2,101.0 inv=20.2,69.7 | 10(13.7) imip=0/19 pass=10111 acc=-1 ipm=112.8,107.3 inv=130.7,80.4
frame=505 line=1 track=1 cross=0 circle=0(CIRCLE_NONE) round=0 yroad=0 ramp=0 road=3 speed=0 near=25/20 raw=73/70 sel=20/32 far=0/0 far_raw=0/0 l=0@-1/0@-1 far_l=0@-1/0@-1 straight=0/0 far_straight=0/0 circle_cnt=0/0/0/0 lost=0/0 conf=10.1/13.5/0.0/0.0 dist=0 m0=(84,119) ml=(89,87) md=32/1/70 cxcy=84.0,119.6 guide=-5.92 atg=60.0/60.0/60.0 pure=-7.13/-7.24 yaw=151 cmd=-49 actual=375 signed=0 rps=5067/4933:3178/3023 duty=14/16
CrossDiag: type=CROSS_NONE track=1 half_lr=0/0 nearL=0@-1/0@-1 nearNum=25/20 centerNum=25/20 farL=0@-1/0@-1 farNum=0/0 farRaw=0/0 lost=0/0 not_have=0 final=20/32 flags=0/0
LineErr: aim=33 cxcy=84.0,119.6 left=1:23.00@56,76 dx=-28.5 idx=0/16 dist=32/48 right=1:-5.65@90,83 dx=5.9 idx=0/1 dist=37/73 sel=1:-6.11@90,83 dx=6.4 idx=0/16 dist=32/62 edge=1:-2.07@85.5,102.0 dx=1.5 width=81.1 l=45,100 r=126,104
CxScan: raw_ref=80.0 edge=85.5,102.0 best_raw_x=85 best_err=0.62 best_cxcy=85.9,119.6 scan=0:-38.5,10:-35.0,20:-31.1,30:-27.0,40:-22.5,50:-17.7,60:-12.7,70:-7.4,80:-2.1,90:3.3,100:8.6,110:13.8,120:18.7,130:23.4,140:27.7
ATGSeedDiag: seed=1@73,86/1@87,87 begin=7,108 block=5 clip=8
ATGLptDiag: best=14(10.1) imip=4/24 pass=10111 acc=-1 ipm=49.2,101.5 inv=19.7,70.6 | 10(13.5) imip=0/19 pass=10111 acc=-1 ipm=112.7,107.6 inv=131.0,81.1
frame=506 line=1 track=1 cross=0 circle=0(CIRCLE_NONE) round=0 yroad=0 ramp=0 road=3 speed=0 near=24/20 raw=72/70 sel=20/32 far=0/0 far_raw=0/0 l=0@-1/0@-1 far_l=0@-1/0@-1 straight=0/0 far_straight=0/0 circle_cnt=0/0/0/0 lost=0/0 conf=10.2/13.7/0.0/0.0 dist=0 m0=(84,119) ml=(89,87) md=32/1/69 cxcy=84.0,119.6 guide=-6.13 atg=60.0/60.0/60.0 pure=-7.20/-7.28 yaw=368 cmd=374 actual=361 signed=0 rps=4487/5513:3390/3266 duty=11/18
CrossDiag: type=CROSS_NONE track=1 half_lr=0/0 nearL=0@-1/0@-1 nearNum=24/20 centerNum=24/20 farL=0@-1/0@-1 farNum=0/0 farRaw=0/0 lost=0/0 not_have=0 final=20/32 flags=0/0
LineErr: aim=33 cxcy=84.0,119.6 left=1:23.36@55,76 dx=-28.8 idx=0/16 dist=32/46 right=1:-5.58@90,84 dx=5.8 idx=0/1 dist=36/72 sel=1:-6.78@91,84 dx=7.0 idx=0/16 dist=32/62 edge=1:-2.07@85.5,102.0 dx=1.5 width=81.1 l=45,100 r=126,104
CxScan: raw_ref=80.0 edge=85.5,102.0 best_raw_x=85 best_err=0.62 best_cxcy=85.9,119.6 scan=0:-38.5,10:-35.0,20:-31.1,30:-27.0,40:-22.5,50:-17.7,60:-12.7,70:-7.4,80:-2.1,90:3.3,100:8.6,110:13.8,120:18.7,130:23.4,140:27.7
ATGSeedDiag: seed=1@73,87/1@87,88 begin=7,108 block=5 clip=8
ATGLptDiag: best=13(10.2) imip=3/23 pass=10111 acc=-1 ipm=51.4,102.7 inv=21.9,72.7 | 10(13.7) imip=0/19 pass=10111 acc=-1 ipm=112.6,108.0 inv=131.4,82.0
frame=507 line=1 track=1 cross=0 circle=0(CIRCLE_NONE) round=0 yroad=0 ramp=0 road=3 speed=0 near=24/20 raw=73/70 sel=20/31 far=0/0 far_raw=0/0 l=0@-1/0@-1 far_l=0@-1/0@-1 straight=0/0 far_straight=0/0 circle_cnt=0/0/0/0 lost=0/0 conf=10.8/13.7/0.0/0.0 dist=0 m0=(84,119) ml=(89,87) md=32/1/68 cxcy=84.0,119.6 guide=-6.13 atg=60.0/60.0/60.0 pure=-7.26/-7.29 yaw=368 cmd=444 actual=291 signed=0 rps=4391/5609:3241/3206 duty=11/18
CrossDiag: type=CROSS_NONE track=1 half_lr=0/0 nearL=0@-1/0@-1 nearNum=24/20 centerNum=24/20 farL=0@-1/0@-1 farNum=0/0 farRaw=0/0 lost=0/0 not_have=0 final=20/31 flags=0/0
LineErr: aim=33 cxcy=84.0,119.6 left=1:23.54@55,76 dx=-28.9 idx=0/16 dist=32/46 right=1:-5.40@90,84 dx=5.6 idx=0/1 dist=36/72 sel=1:-7.13@91,84 dx=7.3 idx=0/16 dist=32/60 edge=1:-2.10@85.5,102.5 dx=1.5 width=81.2 l=45,100 r=126,105
CxScan: raw_ref=80.0 edge=85.5,102.5 best_raw_x=85 best_err=0.63 best_cxcy=85.9,119.6 scan=0:-38.8,10:-35.3,20:-31.4,30:-27.3,40:-22.7,50:-17.9,60:-12.8,70:-7.5,80:-2.1,90:3.3,100:8.7,110:13.9,120:18.9,130:23.6,140:28.0
ATGSeedDiag: seed=1@73,88/1@87,89 begin=7,108 block=5 clip=8
ATGLptDiag: best=13(10.8) imip=3/23 pass=10111 acc=-1 ipm=51.4,103.2 inv=21.4,73.5 | 9(13.7) imip=0/19 pass=10111 acc=-1 ipm=110.3,108.8 inv=128.0,83.8
frame=509 line=1 track=1 cross=0 circle=0(CIRCLE_NONE) round=0 yroad=0 ramp=0 road=3 speed=0 near=22/19 raw=71/70 sel=19/30 far=0/0 far_raw=0/0 l=0@-1/0@-1 far_l=0@-1/0@-1 straight=0/0 far_straight=0/0 circle_cnt=0/0/0/0 lost=0/0 conf=9.7/13.8/0.0/0.0 dist=0 m0=(84,119) ml=(89,87) md=32/1/66 cxcy=84.0,119.6 guide=-6.33 atg=60.0/60.0/60.0 pure=-7.36/-7.36 yaw=380 cmd=552 actual=208 signed=0 rps=4244/5756:3263/3428 duty=11/19
CrossDiag: type=CROSS_NONE track=1 half_lr=0/0 nearL=0@-1/0@-1 nearNum=22/19 centerNum=22/19 farL=0@-1/0@-1 farNum=0/0 farRaw=0/0 lost=0/0 not_have=0 final=19/30 flags=0/0
LineErr: aim=33 cxcy=84.0,119.6 left=1:24.28@54,77 dx=-29.6 idx=0/16 dist=32/42 right=1:-5.38@89,85 dx=5.5 idx=0/1 dist=35/69 sel=1:-7.58@92,85 dx=7.7 idx=0/16 dist=32/58 edge=1:-2.12@85.5,103.0 dx=1.5 width=81.1 l=45,101 r=126,105
CxScan: raw_ref=80.0 edge=85.5,103.0 best_raw_x=85 best_err=0.64 best_cxcy=85.9,119.6 scan=0:-39.2,10:-35.6,20:-31.8,30:-27.6,40:-23.0,50:-18.1,60:-13.0,70:-7.6,80:-2.1,90:3.4,100:8.8,110:14.1,120:19.1,130:23.9,140:28.3
ATGSeedDiag: seed=1@73,90/1@87,91 begin=7,108 block=5 clip=8
ATGLptDiag: best=10(9.7) imip=0/20 pass=10111 acc=-1 ipm=58.0,106.2 inv=30.0,79.2 | 10(13.8) imip=0/18 pass=10111 acc=-1 ipm=112.4,109.2 inv=132.6,84.7
frame=510 line=1 track=1 cross=0 circle=0(CIRCLE_NONE) round=0 yroad=0 ramp=0 road=3 speed=0 near=21/19 raw=71/70 sel=19/30 far=0/0 far_raw=0/0 l=0@-1/0@-1 far_l=0@-1/0@-1 straight=0/0 far_straight=0/0 circle_cnt=0/0/0/0 lost=0/0 conf=13.3/14.1/0.0/0.0 dist=0 m0=(84,119) ml=(89,87) md=32/1/66 cxcy=84.0,119.6 guide=-6.33 atg=60.0/60.0/60.0 pure=-7.40/-7.40 yaw=380 cmd=580 actual=174 signed=0 rps=4205/5795:3417/3713 duty=10/19
CrossDiag: type=CROSS_NONE track=1 half_lr=0/0 nearL=0@-1/0@-1 nearNum=21/19 centerNum=21/19 farL=0@-1/0@-1 farNum=0/0 farRaw=0/0 lost=0/0 not_have=0 final=19/30 flags=0/0
LineErr: aim=33 cxcy=84.0,119.6 left=1:25.75@52,77 dx=-31.9 idx=1/17 dist=32/38 right=1:-5.32@89,85 dx=5.4 idx=0/1 dist=35/69 sel=1:-7.72@92,85 dx=7.8 idx=0/16 dist=32/58 edge=1:-2.18@85.5,104.0 dx=1.5 width=81.1 l=45,102 r=126,106
CxScan: raw_ref=80.0 edge=85.5,104.0 best_raw_x=85 best_err=0.65 best_cxcy=85.9,119.6 scan=0:-39.9,10:-36.3,20:-32.4,30:-28.2,40:-23.5,50:-18.6,60:-13.3,70:-7.8,80:-2.2,90:3.5,100:9.1,110:14.5,120:19.6,130:24.4,140:28.9
ATGSeedDiag: seed=1@73,91/1@87,92 begin=7,108 block=5 clip=8
ATGLptDiag: best=10(13.3) imip=0/20 pass=10111 acc=-1 ipm=57.9,106.8 inv=29.3,80.4 | 9(14.1) imip=0/18 pass=10111 acc=-1 ipm=110.0,110.1 inv=129.2,86.8
frame=511 line=1 track=1 cross=0 circle=0(CIRCLE_NONE) round=0 yroad=0 ramp=0 road=3 speed=0 near=21/19 raw=71/70 sel=19/30 far=0/0 far_raw=0/0 l=0@-1/0@-1 far_l=0@-1/0@-1 straight=0/0 far_straight=0/0 circle_cnt=0/0/0/0 lost=0/0 conf=13.0/13.8/0.0/0.0 dist=0 m0=(84,119) ml=(90,86) md=33/1/65 cxcy=84.0,119.6 guide=-6.73 atg=60.0/60.0/60.0 pure=-7.45/-7.45 yaw=404 cmd=604 actual=140 signed=0 rps=4172/5828:3494/3840 duty=10/19
CrossDiag: type=CROSS_NONE track=1 half_lr=0/0 nearL=0@-1/0@-1 nearNum=21/19 centerNum=21/19 farL=0@-1/0@-1 farNum=0/0 farRaw=0/0 lost=0/0 not_have=0 final=19/30 flags=0/0
LineErr: aim=33 cxcy=84.0,119.6 left=1:24.86@54,78 dx=-30.0 idx=0/16 dist=32/40 right=1:-4.94@89,86 dx=4.9 idx=0/1 dist=34/68 sel=1:-8.77@93,86 dx=8.7 idx=0/16 dist=32/58 edge=1:-1.44@85.0,104.0 dx=1.0 width=80.1 l=45,102 r=125,106
CxScan: raw_ref=80.0 edge=85.0,104.0 best_raw_x=85 best_err=1.39 best_cxcy=85.9,119.6 scan=0:-39.5,10:-35.9,20:-31.9,30:-27.6,40:-22.9,50:-17.9,60:-12.6,70:-7.1,80:-1.4,90:4.2,100:9.8,110:15.2,120:20.3,130:25.0,140:29.5
ATGSeedDiag: seed=1@73,93/1@87,94 begin=7,108 block=5 clip=8
ATGLptDiag: best=10(13.0) imip=0/20 pass=10111 acc=-1 ipm=57.9,107.3 inv=28.8,81.6 | 10(13.8) imip=0/18 pass=10111 acc=-1 ipm=112.1,110.1 inv=133.5,86.9
frame=513 line=1 track=1 cross=0 circle=0(CIRCLE_NONE) round=0 yroad=0 ramp=0 road=3 speed=0 near=20/16 raw=71/61 sel=16/28 far=0/0 far_raw=0/0 l=0@-1/0@-1 far_l=0@-1/0@-1 straight=0/0 far_straight=0/0 circle_cnt=0/0/0/0 lost=0/0 conf=12.7/11.1/0.0/0.0 dist=0 m0=(84,119) ml=(93,87) md=33/1/60 cxcy=84.0,119.6 guide=-9.38 atg=60.0/60.0/60.0 pure=-7.55/-7.55 yaw=563 cmd=763 actual=102 signed=0 rps=3955/6045:3401/3932 duty=10/19
CrossDiag: type=CROSS_NONE track=1 half_lr=0/0 nearL=0@-1/0@-1 nearNum=20/16 centerNum=20/16 farL=0@-1/0@-1 farNum=0/0 farRaw=0/0 lost=0/0 not_have=0 final=16/28 flags=0/0
LineErr: aim=33 cxcy=84.0,119.6 left=1:26.39@52,78 dx=-32.2 idx=1/17 dist=32/36 right=1:-7.79@92,87 dx=7.7 idx=0/1 dist=34/62 sel=1:-11.54@95,87 dx=11.5 idx=0/16 dist=32/54 edge=1:-2.96@86.0,104.5 dx=2.0 width=82.1 l=45,103 r=127,106
CxScan: raw_ref=80.0 edge=86.0,104.5 best_raw_x=85 best_err=-0.09 best_cxcy=85.9,119.6 scan=0:-40.7,10:-37.2,20:-33.3,30:-29.0,40:-24.4,50:-19.5,60:-14.2,70:-8.6,80:-3.0,90:2.8,100:8.4,110:13.9,120:19.2,130:24.1,140:28.6
ATGSeedDiag: seed=1@73,94/1@96,96 begin=7,108 block=5 clip=8
ATGLptDiag: best=9(12.7) imip=0/19 pass=10111 acc=-1 ipm=60.1,108.7 inv=31.7,84.6 | 10(11.1) imip=0/15 pass=10111 acc=-1 ipm=116.0,109.8 inv=140.6,85.9
frame=514 line=1 track=1 cross=0 circle=0(CIRCLE_NONE) round=0 yroad=0 ramp=0 road=3 speed=0 near=20/18 raw=71/70 sel=18/29 far=0/0 far_raw=0/0 l=0@-1/0@-1 far_l=0@-1/0@-1 straight=0/0 far_straight=0/0 circle_cnt=0/0/0/0 lost=0/0 conf=13.0/13.1/0.0/0.0 dist=0 m0=(84,119) ml=(89,87) md=32/1/63 cxcy=84.0,119.6 guide=-7.14 atg=60.0/60.0/60.0 pure=-7.61/-7.61 yaw=429 cmd=629 actual=153 signed=0 rps=4139/5861:3260/3865 duty=10/19
CrossDiag: type=CROSS_NONE track=1 half_lr=0/0 nearL=0@-1/0@-1 nearNum=20/18 centerNum=20/18 farL=0@-1/0@-1 farNum=0/0 farRaw=0/0 lost=0/0 not_have=0 final=18/29 flags=0/0
LineErr: aim=33 cxcy=84.0,119.6 left=1:26.59@52,78 dx=-32.3 idx=1/17 dist=32/36 right=1:-5.00@89,87 dx=4.9 idx=0/1 dist=33/65 sel=1:-9.47@93,87 dx=9.3 idx=0/16 dist=32/56 edge=1:-1.50@85.0,105.5 dx=1.0 width=80.1 l=45,104 r=125,107
CxScan: raw_ref=80.0 edge=85.0,105.5 best_raw_x=85 best_err=1.45 best_cxcy=85.9,119.6 scan=0:-40.6,10:-36.9,20:-32.9,30:-28.5,40:-23.7,50:-18.6,60:-13.1,70:-7.4,80:-1.5,90:4.4,100:10.2,110:15.7,120:21.0,130:25.9,140:30.4
ATGSeedDiag: seed=1@73,95/1@87,96 begin=7,108 block=5 clip=8
ATGLptDiag: best=10(13.0) imip=0/19 pass=10111 acc=-1 ipm=57.9,108.5 inv=27.5,84.2 | 10(13.1) imip=0/17 pass=10111 acc=-1 ipm=111.9,111.0 inv=134.6,89.1
frame=515 line=1 track=1 cross=0 circle=0(CIRCLE_NONE) round=0 yroad=0 ramp=0 road=3 speed=0 near=19/18 raw=71/70 sel=18/29 far=0/0 far_raw=0/0 l=0@-1/0@-1 far_l=0@-1/0@-1 straight=0/0 far_straight=0/0 circle_cnt=0/0/0/0 lost=0/0 conf=11.5/12.2/0.0/0.0 dist=0 m0=(84,119) ml=(89,87) md=32/1/63 cxcy=84.0,119.6 guide=-7.14 atg=60.0/60.0/60.0 pure=-7.66/-7.66 yaw=429 cmd=629 actual=216 signed=0 rps=4139/5861:3370/4069 duty=10/18
CrossDiag: type=CROSS_NONE track=1 half_lr=0/0 nearL=0@-1/0@-1 nearNum=19/18 centerNum=19/18 farL=0@-1/0@-1 farNum=0/0 farRaw=0/0 lost=0/0 not_have=0 final=18/29 flags=0/0
LineErr: aim=33 cxcy=84.0,119.6 left=1:26.02@53,80 dx=-30.8 idx=0/16 dist=32/36 right=1:-4.60@88,87 dx=4.5 idx=0/1 dist=32/64 sel=1:-9.44@93,87 dx=9.2 idx=0/16 dist=32/56 edge=1:-1.50@85.0,105.5 dx=1.0 width=80.1 l=45,104 r=125,107
CxScan: raw_ref=80.0 edge=85.0,105.5 best_raw_x=85 best_err=1.45 best_cxcy=85.9,119.6 scan=0:-40.6,10:-36.9,20:-32.9,30:-28.5,40:-23.7,50:-18.6,60:-13.1,70:-7.4,80:-1.5,90:4.4,100:10.2,110:15.7,120:21.0,130:25.9,140:30.4
ATGSeedDiag: seed=1@73,97/1@87,98 begin=7,108 block=5 clip=8
ATGLptDiag: best=10(11.5) imip=0/18 pass=10111 acc=-1 ipm=57.9,109.0 inv=27.0,85.3 | 9(12.2) imip=0/17 pass=10111 acc=-1 ipm=109.5,111.9 inv=130.9,91.3
frame=516 line=1 track=1 cross=0 circle=0(CIRCLE_NONE) round=0 yroad=0 ramp=0 road=3 speed=0 near=19/17 raw=71/70 sel=17/28 far=0/0 far_raw=0/0 l=0@-1/0@-1 far_l=0@-1/0@-1 straight=0/0 far_straight=0/0 circle_cnt=0/0/0/0 lost=0/0 conf=12.2/12.0/0.0/0.0 dist=0 m0=(84,119) ml=(92,88) md=34/1/61 cxcy=84.0,119.6 guide=-7.58 atg=60.0/60.0/60.0 pure=-7.68/-7.68 yaw=455 cmd=633 actual=276 signed=0 rps=4132/5868:3285/3906 duty=10/19
CrossDiag: type=CROSS_NONE track=1 half_lr=0/0 nearL=0@-1/0@-1 nearNum=19/17 centerNum=19/17 farL=0@-1/0@-1 farNum=0/0 farRaw=0/0 lost=0/0 not_have=0 final=17/28 flags=0/0
LineErr: aim=33 cxcy=84.0,119.6 left=1:26.20@53,80 dx=-30.8 idx=0/16 dist=32/36 right=1:-4.60@88,88 dx=4.4 idx=0/1 dist=32/62 sel=1:-10.17@94,88 dx=9.8 idx=0/16 dist=32/54 edge=1:-1.54@85.0,106.5 dx=1.0 width=80.1 l=45,105 r=125,108
CxScan: raw_ref=80.0 edge=85.0,106.5 best_raw_x=85 best_err=1.49 best_cxcy=85.9,119.6 scan=0:-41.4,10:-37.7,20:-33.6,30:-29.2,40:-24.3,50:-19.0,60:-13.4,70:-7.6,80:-1.5,90:4.5,100:10.4,110:16.1,120:21.5,130:26.5,140:31.1
ATGSeedDiag: seed=1@73,98/1@87,99 begin=7,108 block=5 clip=8
ATGLptDiag: best=8(12.2) imip=0/18 pass=10111 acc=-1 ipm=62.4,110.7 inv=34.2,89.4 | 6(12.0) imip=0/16 pass=10111 acc=-1 ipm=102.5,113.3 inv=118.4,95.5
frame=517 line=1 track=1 cross=0 circle=0(CIRCLE_NONE) round=0 yroad=0 ramp=0 road=3 speed=0 near=19/17 raw=71/70 sel=17/27 far=0/0 far_raw=0/0 l=0@-1/0@-1 far_l=0@-1/0@-1 straight=0/0 far_straight=0/0 circle_cnt=0/0/0/0 lost=0/0 conf=11.8/11.6/0.0/0.0 dist=0 m0=(84,119) ml=(90,88) md=32/1/59 cxcy=84.0,119.6 guide=-8.10 atg=60.0/60.0/60.0 pure=-7.68/-7.68 yaw=486 cmd=651 actual=322 signed=0 rps=4108/5892:3519/3998 duty=10/19
CrossDiag: type=CROSS_NONE track=1 half_lr=0/0 nearL=0@-1/0@-1 nearNum=19/17 centerNum=19/17 farL=0@-1/0@-1 farNum=0/0 farRaw=0/0 lost=0/0 not_have=0 final=17/27 flags=0/0
LineErr: aim=33 cxcy=84.0,119.6 left=1:26.42@53,81 dx=-30.8 idx=0/16 dist=32/36 right=1:-6.32@90,88 dx=6.0 idx=0/2 dist=33/61 sel=1:-10.89@95,88 dx=10.5 idx=0/16 dist=32/52 edge=1:-1.54@85.0,106.5 dx=1.0 width=80.1 l=45,105 r=125,108
CxScan: raw_ref=80.0 edge=85.0,106.5 best_raw_x=85 best_err=1.49 best_cxcy=85.9,119.6 scan=0:-41.4,10:-37.7,20:-33.6,30:-29.2,40:-24.3,50:-19.0,60:-13.4,70:-7.6,80:-1.5,90:4.5,100:10.4,110:16.1,120:21.5,130:26.5,140:31.1
ATGSeedDiag: seed=1@73,100/1@87,101 begin=7,108 block=5 clip=8
ATGLptDiag: best=10(11.8) imip=0/18 pass=10111 acc=-1 ipm=57.9,110.1 inv=25.8,87.9 | 10(11.6) imip=0/16 pass=10111 acc=-1 ipm=111.5,112.3 inv=135.8,92.4
frame=518 line=1 track=1 cross=0 circle=0(CIRCLE_NONE) round=0 yroad=0 ramp=0 road=3 speed=0 near=18/17 raw=71/70 sel=17/27 far=0/0 far_raw=0/0 l=0@-1/0@-1 far_l=0@-1/0@-1 straight=0/0 far_straight=0/0 circle_cnt=0/0/0/0 lost=0/0 conf=11.2/11.7/0.0/0.0 dist=0 m0=(84,119) ml=(92,89) md=33/1/58 cxcy=84.0,119.6 guide=-8.03 atg=60.0/60.0/60.0 pure=-7.79/-7.79 yaw=482 cmd=610 actual=354 signed=0 rps=4165/5835:3743/3998 duty=10/18
CrossDiag: type=CROSS_NONE track=1 half_lr=0/0 nearL=0@-1/0@-1 nearNum=18/17 centerNum=18/17 farL=0@-1/0@-1 farNum=0/0 farRaw=0/0 lost=0/0 not_have=0 final=17/27 flags=0/0
LineErr: aim=33 cxcy=84.0,119.6 left=1:27.15@53,82 dx=-31.3 idx=0/16 dist=32/34 right=1:-6.03@90,89 dx=5.6 idx=0/2 dist=32/60 sel=1:-11.18@95,89 dx=10.6 idx=0/16 dist=32/52 edge=1:-1.61@85.0,108.0 dx=1.0 width=80.0 l=45,107 r=125,109
CxScan: raw_ref=80.0 edge=85.0,108.0 best_raw_x=85 best_err=1.55 best_cxcy=85.9,119.6 scan=0:-42.6,10:-38.9,20:-34.8,30:-30.2,40:-25.2,50:-19.8,60:-14.0,70:-7.9,80:-1.6,90:4.7,100:10.9,110:16.8,120:22.4,130:27.5,140:32.2
ATGSeedDiag: seed=1@73,103/1@87,104 begin=7,108 block=5 clip=8
ATGLptDiag: best=10(11.2) imip=0/17 pass=10111 acc=-1 ipm=57.9,111.2 inv=24.4,90.8 | 10(11.7) imip=0/16 pass=10111 acc=-1 ipm=111.3,113.1 inv=136.8,94.7
frame=519 line=1 track=1 cross=0 circle=0(CIRCLE_NONE) round=0 yroad=0 ramp=0 road=3 speed=0 near=17/17 raw=71/70 sel=17/27 far=0/0 far_raw=0/0 l=0@-1/0@-1 far_l=0@-1/0@-1 straight=0/0 far_straight=0/0 circle_cnt=0/0/0/0 lost=0/0 conf=11.2/12.3/0.0/0.0 dist=0 m0=(84,119) ml=(93,90) md=34/1/58 cxcy=84.0,119.6 guide=-8.28 atg=60.0/60.0/60.0 pure=-7.85/-7.85 yaw=497 cmd=617 actual=377 signed=0 rps=4155/5845:3689/3762 duty=10/19
CrossDiag: type=CROSS_NONE track=1 half_lr=0/0 nearL=0@-1/0@-1 nearNum=17/17 centerNum=17/17 farL=0@-1/0@-1 farNum=0/0 farRaw=0/0 lost=0/0 not_have=0 final=17/27 flags=0/0
LineErr: aim=33 cxcy=84.0,119.6 left=1:27.58@52,82 dx=-31.7 idx=0/16 dist=32/32 right=1:-6.11@90,90 dx=5.7 idx=0/2 dist=32/60 sel=1:-11.58@95,90 dx=10.9 idx=0/16 dist=32/52 edge=1:-0.78@84.5,108.0 dx=0.5 width=79.0 l=45,107 r=124,109
CxScan: raw_ref=80.0 edge=84.5,108.0 best_raw_x=80 best_err=-0.78 best_cxcy=84.0,119.6 scan=0:-42.1,10:-38.4,20:-34.2,30:-29.6,40:-24.6,50:-19.1,60:-13.2,70:-7.1,80:-0.8,90:5.5,100:11.7,110:17.5,120:23.1,130:28.1,140:32.8
ATGSeedDiag: seed=1@73,104/1@87,105 begin=7,108 block=5 clip=8
ATGLptDiag: best=9(11.2) imip=0/16 pass=10111 acc=-1 ipm=60.1,112.4 inv=27.7,93.9 | 6(12.3) imip=0/16 pass=10111 acc=-1 ipm=102.1,115.1 inv=119.8,100.8
frame=520 line=1 track=1 cross=0 circle=0(CIRCLE_NONE) round=0 yroad=0 ramp=0 road=3 speed=0 near=17/16 raw=71/70 sel=16/26 far=0/0 far_raw=0/0 l=0@-1/0@-1 far_l=0@-1/0@-1 straight=0/0 far_straight=0/0 circle_cnt=0/0/0/0 lost=0/0 conf=10.9/11.0/0.0/0.0 dist=0 m0=(84,119) ml=(91,90) md=32/1/57 cxcy=84.0,119.6 guide=-9.02 atg=60.0/60.0/60.0 pure=-7.85/-7.85 yaw=541 cmd=680 actual=402 signed=0 rps=4068/5932:3966/3926 duty=9/19
CrossDiag: type=CROSS_NONE track=1 half_lr=0/0 nearL=0@-1/0@-1 nearNum=17/16 centerNum=17/16 farL=0@-1/0@-1 farNum=0/0 farRaw=0/0 lost=0/0 not_have=0 final=16/26 flags=0/0
LineErr: aim=33 cxcy=84.0,119.6 left=1:27.82@52,83 dx=-31.7 idx=0/16 dist=32/32 right=1:-7.89@91,90 dx=7.3 idx=0/3 dist=33/57 sel=1:-12.36@96,90 dx=11.6 idx=0/16 dist=32/50 edge=1:0.89@83.5,109.0 dx=-0.5 width=77.0 l=45,108 r=122,110
CxScan: raw_ref=80.0 edge=83.5,109.0 best_raw_x=80 best_err=0.89 best_cxcy=84.0,119.6 scan=0:-42.0,10:-38.2,20:-33.8,30:-29.0,40:-23.8,50:-18.1,60:-12.0,70:-5.6,80:0.9,90:7.4,100:13.6,110:19.6,120:25.1,130:30.1,140:34.7
ATGSeedDiag: seed=1@73,106/1@87,107 begin=7,108 block=5 clip=8
ATGLptDiag: best=10(10.9) imip=0/16 pass=10111 acc=-1 ipm=57.8,112.4 inv=22.9,93.8 | 9(11.0) imip=0/15 pass=10111 acc=-1 ipm=108.8,114.3 inv=133.6,98.3
frame=521 line=1 track=1 cross=0 circle=0(CIRCLE_NONE) round=0 yroad=0 ramp=0 road=3 speed=0 near=17/16 raw=71/70 sel=16/25 far=0/0 far_raw=0/0 l=0@-1/0@-1 far_l=0@-1/0@-1 straight=0/0 far_straight=0/0 circle_cnt=0/0/0/0 lost=0/0 conf=11.0/11.5/0.0/0.0 dist=0 m0=(84,119) ml=(94,91) md=34/1/54 cxcy=84.0,119.6 guide=-9.29 atg=60.0/60.0/60.0 pure=-7.81/-7.81 yaw=557 cmd=693 actual=421 signed=0 rps=4050/5950:3936/3889 duty=9/19
CrossDiag: type=CROSS_NONE track=1 half_lr=0/0 nearL=0@-1/0@-1 nearNum=17/16 centerNum=17/16 farL=0@-1/0@-1 farNum=0/0 farRaw=0/0 lost=0/0 not_have=0 final=16/25 flags=0/0
LineErr: aim=33 cxcy=84.0,119.6 left=1:28.05@52,83 dx=-31.7 idx=0/16 dist=32/32 right=1:-7.88@91,91 dx=7.2 idx=0/3 dist=33/57 sel=1:-12.96@96,90 dx=12.1 idx=0/16 dist=32/48 edge=1:0.90@83.5,109.5 dx=-0.5 width=77.1 l=45,108 r=122,111
CxScan: raw_ref=80.0 edge=83.5,109.5 best_raw_x=80 best_err=0.90 best_cxcy=84.0,119.6 scan=0:-42.4,10:-38.6,20:-34.2,30:-29.4,40:-24.1,50:-18.3,60:-12.1,70:-5.7,80:0.9,90:7.5,100:13.8,110:19.8,120:25.4,130:30.5,140:35.1
ATGSeedDiag: seed=1@73,108/1@87,108 begin=7,108 block=5 clip=8
ATGLptDiag: best=10(11.0) imip=0/16 pass=10111 acc=-1 ipm=57.8,112.9 inv=22.2,95.4 | 10(11.5) imip=0/15 pass=10111 acc=-1 ipm=111.0,114.2 inv=138.2,97.9
frame=522 line=1 track=1 cross=0 circle=0(CIRCLE_NONE) round=0 yroad=0 ramp=0 road=3 speed=0 near=15/14 raw=67/56 sel=14/24 far=0/0 far_raw=0/0 l=0@-1/0@-1 far_l=0@-1/0@-1 straight=0/0 far_straight=0/0 circle_cnt=0/0/0/0 lost=0/0 conf=9.8/11.9/0.0/0.0 dist=0 m0=(84,119) ml=(97,91) md=33/1/51 cxcy=84.0,119.6 guide=-14.41 atg=60.0/60.0/60.0 pure=-7.92/-7.92 yaw=864 cmd=1064 actual=434 signed=0 rps=3541/6459:4150/4233 duty=7/21
CrossDiag: type=CROSS_NONE track=1 half_lr=0/0 nearL=0@-1/0@-1 nearNum=15/14 centerNum=15/14 farL=0@-1/0@-1 farNum=0/0 farRaw=0/0 lost=0/0 not_have=0 final=14/24 flags=0/0
LineErr: aim=33 cxcy=84.0,119.6 left=1:27.29@54,85 dx=-29.9 idx=1/14 dist=26/26 right=1:-12.41@95,91 dx=11.4 idx=0/3 dist=33/53 sel=1:-16.56@100,90 dx=15.6 idx=0/16 dist=32/46 edge=1:-1.73@85.0,110.5 dx=1.0 width=76.0 l=47,110 r=123,111
CxScan: raw_ref=80.0 edge=85.0,110.5 best_raw_x=85 best_err=1.67 best_cxcy=85.9,119.6 scan=0:-44.7,10:-41.0,20:-36.8,30:-32.1,40:-26.9,50:-21.2,60:-15.0,70:-8.5,80:-1.7,90:5.1,100:11.7,110:18.0,120:23.9,130:29.3,140:34.1
ATGSeedDiag: seed=1@69,108/1@101,108 begin=7,108 block=5 clip=8
ATGLptDiag: best=1(9.8) imip=0/11 pass=10111 acc=-1 ipm=76.7,116.7 inv=61.8,106.9 | 1(11.9) imip=0/11 pass=10111 acc=-1 ipm=96.2,116.9 inv=108.3,107.0
frame=523 line=1 track=1 cross=0 circle=0(CIRCLE_NONE) round=0 yroad=0 ramp=0 road=3 speed=0 near=12/11 raw=51/42 sel=11/23 far=0/0 far_raw=0/0 l=0@-1/0@-1 far_l=0@-1/0@-1 straight=0/0 far_straight=0/0 circle_cnt=0/0/0/0 lost=0/0 conf=12.6/12.9/0.0/0.0 dist=0 m0=(84,119) ml=(102,90) md=33/1/47 cxcy=84.0,119.6 guide=-18.36 atg=60.0/60.0/60.0 pure=-7.99/-7.99 yaw=1101 cmd=1301 actual=450 signed=0 rps=3217/6783:4318/4619 duty=6/21
CrossDiag: type=CROSS_NONE track=1 half_lr=0/0 nearL=0@-1/0@-1 nearNum=12/11 centerNum=12/11 farL=0@-1/0@-1 farNum=0/0 farRaw=0/0 lost=0/0 not_have=0 final=11/23 flags=0/0
LineErr: aim=33 cxcy=84.0,119.6 left=1:27.54@54,85 dx=-29.9 idx=0/11 dist=22/22 right=1:-15.21@98,91 dx=14.1 idx=0/2 dist=33/49 sel=1:-19.21@102,90 dx=18.4 idx=0/16 dist=32/44 edge=1:-1.76@85.0,111.0 dx=1.0 width=74.0 l=48,111 r=122,111
CxScan: raw_ref=80.0 edge=85.0,111.0 best_raw_x=85 best_err=1.70 best_cxcy=85.9,119.6 scan=0:-45.2,10:-41.4,20:-37.2,30:-32.5,40:-27.3,50:-21.5,60:-15.3,70:-8.6,80:-1.8,90:5.1,100:11.9,110:18.3,120:24.2,130:29.7,140:34.6
ATGSeedDiag: seed=1@53,108/1@115,108 begin=7,108 block=5 clip=8
ATGLptDiag: best=1(12.6) imip=0/11 pass=10111 acc=-1 ipm=70.0,116.5 inv=45.9,106.2 | 1(12.9) imip=0/10 pass=10111 acc=-1 ipm=102.1,116.7 inv=122.0,106.0
frame=524 line=1 track=0 cross=0 circle=0(CIRCLE_NONE) round=0 yroad=0 ramp=0 road=3 speed=0 near=10/9 raw=40/34 sel=10/22 far=0/0 far_raw=0/0 l=0@-1/0@-1 far_l=0@-1/0@-1 straight=0/0 far_straight=0/0 circle_cnt=0/0/0/0 lost=0/0 conf=13.0/10.3/0.0/0.0 dist=0 m0=(84,119) ml=(66,90) md=33/1/44 cxcy=84.0,119.6 guide=18.24 atg=-60.0/-60.0/-60.0 pure=7.72/7.72 yaw=-1094 cmd=-1294 actual=480 signed=0 rps=6774/3226:4058/4534 duty=19/7
CrossDiag: type=CROSS_NONE track=0 half_lr=0/0 nearL=0@-1/0@-1 nearNum=10/9 centerNum=10/9 farL=0@-1/0@-1 farNum=0/0 farRaw=0/0 lost=0/0 not_have=0 final=10/22 flags=0/0
LineErr: aim=33 cxcy=84.0,119.6 left=1:15.37@70,91 dx=-14.3 idx=0/2 dist=33/47 right=1:-28.41@114,87 dx=30.3 idx=0/8 dist=16/16 sel=1:19.08@66,90 dx=-18.3 idx=0/16 dist=32/42 edge=1:-0.87@84.5,111.5 dx=0.5 width=73.0 l=48,111 r=121,112
CxScan: raw_ref=80.0 edge=84.5,111.5 best_raw_x=80 best_err=-0.87 best_cxcy=84.0,119.6 scan=0:-45.2,10:-41.4,20:-37.1,30:-32.3,40:-26.9,50:-21.0,60:-14.6,70:-7.9,80:-0.9,90:6.1,100:12.9,110:19.4,120:25.3,130:30.7,140:35.6
ATGSeedDiag: seed=1@42,108/1@123,108 begin=7,108 block=5 clip=8
ATGLptDiag: best=1(13.0) imip=0/9 pass=10111 acc=-1 ipm=65.4,116.4 inv=35.0,106.0 | 1(10.3) imip=0/8 pass=10111 acc=-1 ipm=105.4,116.5 inv=129.7,105.4
frame=525 line=1 track=0 cross=0 circle=0(CIRCLE_NONE) round=0 yroad=0 ramp=0 road=3 speed=0 near=8/8 raw=31/30 sel=8/21 far=0/0 far_raw=0/0 l=0@-1/0@-1 far_l=0@-1/0@-1 straight=0/0 far_straight=0/0 circle_cnt=0/0/0/0 lost=0/0 conf=11.4/11.0/0.0/0.0 dist=0 m0=(84,119) ml=(66,91) md=32/1/43 cxcy=84.0,119.6 guide=20.20 atg=-60.0/-60.0/-60.0 pure=7.83/7.83 yaw=-1212 cmd=-1412 actual=527 signed=0 rps=6935/3065:4023/4559 duty=19/7
CrossDiag: type=CROSS_NONE track=0 half_lr=0/0 nearL=0@-1/0@-1 nearNum=8/8 centerNum=8/8 farL=0@-1/0@-1 farNum=0/0 farRaw=0/0 lost=0/0 not_have=0 final=8/21 flags=0/0
LineErr: aim=33 cxcy=84.0,119.6 left=1:16.82@68,91 dx=-15.6 idx=0/1 dist=33/45 right=1:-28.11@114,87 dx=29.6 idx=0/7 dist=14/14 sel=1:20.82@64,90 dx=-20.1 idx=0/16 dist=32/40 edge=1:0.05@84.0,112.5 dx=-0.0 width=72.0 l=48,112 r=120,113
CxScan: raw_ref=80.0 edge=84.0,112.5 best_raw_x=80 best_err=0.05 best_cxcy=84.0,119.6 scan=0:-45.6,10:-41.8,20:-37.4,30:-32.5,40:-27.0,50:-20.8,60:-14.2,70:-7.2,80:0.0,90:7.3,100:14.2,110:20.8,120:26.8,130:32.2,140:37.1
ATGSeedDiag: seed=1@33,108/1@127,108 begin=7,108 block=5 clip=8
ATGLptDiag: best=1(11.4) imip=0/7 pass=10111 acc=-1 ipm=61.6,116.2 inv=26.2,105.6 | 1(11.0) imip=0/7 pass=10111 acc=-1 ipm=107.1,116.6 inv=133.7,105.5
frame=526 line=1 track=1 cross=0 circle=0(CIRCLE_NONE) round=0 yroad=0 ramp=0 road=3 speed=0 near=6/7 raw=23/25 sel=7/20 far=0/0 far_raw=0/0 l=0@-1/0@-1 far_l=0@-1/0@-1 straight=0/0 far_straight=0/0 circle_cnt=0/0/0/0 lost=0/0 conf=7.4/9.5/0.0/0.0 dist=0 m0=(84,119) ml=(103,91) md=32/1/41 cxcy=84.0,119.6 guide=-21.78 atg=60.0/60.0/60.0 pure=-7.94/-7.94 yaw=1307 cmd=1507 actual=548 signed=0 rps=2935/7065:4224/4675 duty=5/23
CrossDiag: type=CROSS_NONE track=1 half_lr=0/0 nearL=0@-1/0@-1 nearNum=6/7 centerNum=6/7 farL=0@-1/0@-1 farNum=0/0 farRaw=0/0 lost=0/0 not_have=0 final=7/20 flags=0/0
LineErr: aim=33 cxcy=84.0,119.6 left=1:26.68@57,88 dx=-27.5 idx=0/5 dist=10/10 right=1:-19.11@102,91 dx=17.8 idx=0/1 dist=33/43 sel=1:-22.37@106,90 dx=21.6 idx=0/16 dist=32/38 edge=1:-0.91@84.5,113.0 dx=0.5 width=71.0 l=49,113 r=120,113
CxScan: raw_ref=80.0 edge=84.5,113.0 best_raw_x=80 best_err=-0.91 best_cxcy=84.0,119.6 scan=0:-46.6,10:-42.8,20:-38.5,30:-33.6,40:-28.1,50:-22.0,60:-15.3,70:-8.2,80:-0.9,90:6.4,100:13.6,110:20.3,120:26.4,130:32.0,140:36.9
ATGSeedDiag: seed=1@25,108/1@132,108 begin=7,108 block=5 clip=8
ATGLptDiag: best=1(7.4) imip=0/5 pass=10111 acc=-1 ipm=58.2,116.0 inv=18.6,104.8 | 1(9.5) imip=0/6 pass=10111 acc=-1 ipm=109.2,116.4 inv=138.4,105.1
frame=527 line=1 track=1 cross=0 circle=0(CIRCLE_NONE) round=0 yroad=0 ramp=0 road=3 speed=0 near=4/6 raw=17/21 sel=6/19 far=0/0 far_raw=0/0 l=0@-1/0@-1 far_l=0@-1/0@-1 straight=0/0 far_straight=0/0 circle_cnt=0/0/0/0 lost=0/0 conf=6.8/7.9/0.0/0.0 dist=0 m0=(84,119) ml=(104,91) md=33/1/40 cxcy=84.0,119.6 guide=-21.22 atg=60.0/60.0/60.0 pure=-7.86/-7.86 yaw=1273 cmd=1473 actual=528 signed=0 rps=2981/7019:4248/4810 duty=5/22
CrossDiag: type=CROSS_NONE track=1 half_lr=0/0 nearL=0@-1/0@-1 nearNum=4/6 centerNum=4/6 farL=0@-1/0@-1 farNum=0/0 farRaw=0/0 lost=0/0 not_have=0 final=6/19 flags=0/0
LineErr: aim=33 cxcy=84.0,119.6 left=1:25.95@58,89 dx=-26.0 idx=0/3 dist=6/6 right=1:-20.34@103,91 dx=19.0 idx=0/1 dist=34/42 sel=1:-22.94@106,90 dx=22.1 idx=0/16 dist=32/36 edge=1:-2.89@85.5,113.5 dx=1.5 width=69.0 l=51,114 r=120,113
CxScan: raw_ref=80.0 edge=85.5,113.5 best_raw_x=85 best_err=0.86 best_cxcy=85.9,119.6 scan=0:-48.0,10:-44.3,20:-40.1,30:-35.4,40:-30.0,50:-24.0,60:-17.4,70:-10.3,80:-2.9,90:4.6,100:11.9,110:18.9,120:25.2,130:31.0,140:36.1
ATGSeedDiag: seed=1@19,108/1@136,108 begin=7,108 block=5 clip=8
ATGLptDiag: best=1(6.8) imip=0/3 pass=10111 acc=-1 ipm=55.6,115.9 inv=12.7,104.6 | 1(7.9) imip=0/5 pass=10111 acc=-1 ipm=110.9,116.3 inv=142.1,104.6
frame=528 line=1 track=1 cross=0 circle=0(CIRCLE_NONE) round=0 yroad=0 ramp=0 road=3 speed=0 near=3/5 raw=11/18 sel=5/19 far=0/0 far_raw=0/0 l=0@-1/0@-1 far_l=0@-1/0@-1 straight=0/0 far_straight=0/0 circle_cnt=0/0/0/0 lost=0/0 conf=4.8/5.8/0.0/0.0 dist=0 m0=(84,119) ml=(104,91) md=33/1/40 cxcy=84.0,119.6 guide=-22.49 atg=60.0/60.0/60.0 pure=-7.96/-7.96 yaw=1349 cmd=1549 actual=523 signed=0 rps=2877/7123:3942/4751 duty=5/23
CrossDiag: type=CROSS_NONE track=1 half_lr=0/0 nearL=0@-1/0@-1 nearNum=3/5 centerNum=3/5 farL=0@-1/0@-1 farNum=0/0 farRaw=0/0 lost=0/0 not_have=0 final=5/19 flags=0/0
LineErr: aim=33 cxcy=84.0,119.6 left=1:26.30@58,90 dx=-26.1 idx=0/2 dist=4/4 right=1:-21.62@104,91 dx=20.4 idx=0/1 dist=35/41 sel=1:-23.38@107,91 dx=22.6 idx=0/16 dist=32/36 edge=1:-1.98@85.0,114.5 dx=1.0 width=68.0 l=51,115 r=119,114
CxScan: raw_ref=80.0 edge=85.0,114.5 best_raw_x=85 best_err=1.91 best_cxcy=85.9,119.6 scan=0:-48.5,10:-44.8,20:-40.5,30:-35.7,40:-30.1,50:-23.9,60:-17.0,70:-9.7,80:-2.0,90:5.8,100:13.3,110:20.4,120:26.8,130:32.6,140:37.7
ATGSeedDiag: seed=1@13,108/1@139,108 begin=7,108 block=5 clip=8
ATGLptDiag: best=1(4.8) imip=0/2 pass=10111 acc=-1 ipm=53.1,115.7 inv=7.0,104.2 | 1(5.8) imip=0/4 pass=10111 acc=-1 ipm=112.2,116.2 inv=144.8,104.1
frame=529 line=1 track=1 cross=0 circle=0(CIRCLE_NONE) round=0 yroad=0 ramp=0 road=3 speed=0 near=1/4 raw=6/15 sel=4/18 far=0/0 far_raw=0/0 l=0@-1/0@-1 far_l=0@-1/0@-1 straight=0/0 far_straight=0/0 circle_cnt=0/0/0/0 lost=0/0 conf=0.0/4.7/0.0/0.0 dist=0 m0=(84,119) ml=(105,92) md=33/1/37 cxcy=84.0,119.6 guide=-22.70 atg=60.0/60.0/60.0 pure=-7.87/-7.87 yaw=1362 cmd=1562 actual=542 signed=0 rps=2859/7141:4015/5061 duty=5/22
CrossDiag: type=CROSS_NONE track=1 half_lr=0/0 nearL=0@-1/0@-1 nearNum=1/4 centerNum=1/4 farL=0@-1/0@-1 farNum=0/0 farRaw=0/0 lost=0/0 not_have=0 final=4/18 flags=0/0
LineErr: aim=33 cxcy=84.0,119.6 left=0:0.00@-1,-1 dx=0.0 idx=-1/-1 dist=-1/-1 right=1:-22.66@106,91 dx=21.5 idx=0/1 dist=36/40 sel=1:-23.90@107,91 dx=23.1 idx=0/16 dist=32/34 edge=0:0.00@-1.0,-1.0 dx=0.0 width=0.0 l=-1,-1 r=118,115
ATGSeedDiag: seed=1@8,108/1@142,108 begin=7,108 block=5 clip=8
ATGLptDiag: best=-1(-57295.8) imip=-1/-1 pass=00000 acc=-1 ipm=-1.0,-1.0 inv=-1.0,-1.0 | 1(4.7) imip=0/3 pass=10111 acc=-1 ipm=113.4,116.1 inv=147.6,103.9
frame=531 line=1 track=1 cross=0 circle=0(CIRCLE_NONE) round=0 yroad=0 ramp=0 road=3 speed=0 near=0/3 raw=0/9 sel=3/17 far=0/0 far_raw=0/0 l=0@-1/0@-1 far_l=0@-1/0@-1 straight=0/0 far_straight=0/0 circle_cnt=0/0/0/0 lost=0/0 conf=0.0/1.6/0.0/0.0 dist=0 m0=(84,119) ml=(106,93) md=33/1/36 cxcy=84.0,119.6 guide=-23.37 atg=60.0/60.0/60.0 pure=-7.88/-7.88 yaw=1402 cmd=1602 actual=599 signed=0 rps=2804/7196:4018/4927 duty=5/23
CrossDiag: type=CROSS_NONE track=1 half_lr=0/0 nearL=0@-1/0@-1 nearNum=0/3 centerNum=0/3 farL=0@-1/0@-1 farNum=0/0 farRaw=0/0 lost=0/0 not_have=0 final=3/17 flags=0/0
LineErr: aim=33 cxcy=84.0,119.6 left=0:0.00@-1,-1 dx=0.0 idx=-1/-1 dist=-1/-1 right=1:-24.65@108,91 dx=23.7 idx=0/1 dist=37/39 sel=1:-24.82@108,91 dx=23.9 idx=0/16 dist=32/32 edge=0:0.00@-1.0,-1.0 dx=0.0 width=0.0 l=-1,-1 r=118,115
ATGSeedDiag: seed=0@-1,-1/1@148,108 begin=7,108 block=5 clip=8
ATGLptDiag: best=-1(-57295.8) imip=-1/-1 pass=00000 acc=-1 ipm=-1.0,-1.0 inv=-1.0,-1.0 | 1(1.6) imip=0/2 pass=10111 acc=-1 ipm=116.0,116.0 inv=153.1,103.3
frame=532 line=1 track=1 cross=0 circle=0(CIRCLE_NONE) round=0 yroad=0 ramp=0 road=3 speed=0 near=0/2 raw=0/7 sel=2/17 far=0/0 far_raw=0/0 l=0@-1/0@-1 far_l=0@-1/0@-1 straight=0/0 far_straight=0/0 circle_cnt=0/0/0/0 lost=0/0 conf=0.0/0.0/0.0/0.0 dist=0 m0=(84,119) ml=(107,93) md=34/1/36 cxcy=84.0,119.6 guide=-23.86 atg=60.0/60.0/60.0 pure=-7.98/-7.98 yaw=1432 cmd=1632 actual=622 signed=0 rps=2764/7236:4222/4920 duty=4/23
CrossDiag: type=CROSS_NONE track=1 half_lr=0/0 nearL=0@-1/0@-1 nearNum=0/2 centerNum=0/2 farL=0@-1/0@-1 farNum=0/0 farRaw=0/0 lost=0/0 not_have=0 final=2/17 flags=0/0
LineErr: aim=33 cxcy=84.0,119.6 left=0:0.00@-1,-1 dx=0.0 idx=-1/-1 dist=-1/-1 right=1:-25.17@108,91 dx=24.2 idx=0/1 dist=37/37 sel=1:-25.14@108,91 dx=24.1 idx=0/16 dist=32/32 edge=0:0.00@-1.0,-1.0 dx=0.0 width=0.0 l=-1,-1 r=117,116
ATGSeedDiag: seed=0@-1,-1/1@150,108 begin=7,108 block=5 clip=8
ATGLptDiag: best=-1(-57295.8) imip=-1/-1 pass=00000 acc=-1 ipm=-1.0,-1.0 inv=-1.0,-1.0 | -1(-57295.8) imip=-1/-1 pass=00000 acc=-1 ipm=-1.0,-1.0 inv=-1.0,-1.0
frame=533 line=0 track=1 cross=0 circle=0(CIRCLE_NONE) round=0 yroad=0 ramp=0 road=3 speed=0 near=0/1 raw=0/5 sel=1/0 far=0/0 far_raw=0/0 l=0@-1/0@-1 far_l=0@-1/0@-1 straight=0/0 far_straight=0/0 circle_cnt=0/0/0/0 lost=0/0 conf=0.0/0.0/0.0/0.0 dist=0 m0=(-1,-1) ml=(-1,-1) md=-1/0/-1 cxcy=84.0,119.6 guide=0.00 atg=60.0/60.0/60.0 pure=-7.98/-7.98 yaw=0 cmd=0 actual=824 signed=0 rps=0/0:0/0 duty=0/0
CrossDiag: type=CROSS_NONE track=1 half_lr=0/0 nearL=0@-1/0@-1 nearNum=0/1 centerNum=0/1 farL=0@-1/0@-1 farNum=0/0 farRaw=0/0 lost=0/0 not_have=0 final=1/0 flags=0/0
LineErr: aim=33 cxcy=84.0,119.6 left=0:0.00@-1,-1 dx=0.0 idx=-1/-1 dist=-1/-1 right=0:0.00@-1,-1 dx=0.0 idx=-1/-1 dist=-1/-1 sel=0:0.00@-1,-1 dx=0.0 idx=-1/-1 dist=-1/-1 edge=0:0.00@-1.0,-1.0 dx=0.0 width=0.0 l=-1,-1 r=-1,-1
ATGSeedDiag: seed=0@-1,-1/1@152,108 begin=7,108 block=5 clip=8
ATGLptDiag: best=-1(-57295.8) imip=-1/-1 pass=00000 acc=-1 ipm=-1.0,-1.0 inv=-1.0,-1.0 | -1(-57295.8) imip=-1/-1 pass=00000 acc=-1 ipm=-1.0,-1.0 inv=-1.0,-1.0
frame=536 line=0 track=1 cross=0 circle=0(CIRCLE_NONE) round=0 yroad=0 ramp=0 road=3 speed=0 near=0/0 raw=0/0 sel=0/0 far=0/0 far_raw=0/0 l=0@-1/0@-1 far_l=0@-1/0@-1 straight=0/0 far_straight=0/0 circle_cnt=0/0/0/0 lost=0/0 conf=0.0/0.0/0.0/0.0 dist=0 m0=(-1,-1) ml=(-1,-1) md=-1/0/-1 cxcy=84.0,119.6 guide=0.00 atg=60.0/60.0/60.0 pure=-7.98/-7.98 yaw=0 cmd=0 actual=821 signed=0 rps=0/0:0/0 duty=0/0
CrossDiag: type=CROSS_NONE track=1 half_lr=0/0 nearL=0@-1/0@-1 nearNum=0/0 centerNum=0/0 farL=0@-1/0@-1 farNum=0/0 farRaw=0/0 lost=0/0 not_have=0 final=0/0 flags=0/0
LineErr: aim=33 cxcy=84.0,119.6 left=0:0.00@-1,-1 dx=0.0 idx=-1/-1 dist=-1/-1 right=0:0.00@-1,-1 dx=0.0 idx=-1/-1 dist=-1/-1 sel=0:0.00@-1,-1 dx=0.0 idx=-1/-1 dist=-1/-1 edge=0:0.00@-1.0,-1.0 dx=0.0 width=0.0 l=-1,-1 r=-1,-1
ATGSeedDiag: seed=0@-1,-1/0@-1,-1 begin=7,108 block=5 clip=8
ATGLptDiag: best=-1(-57295.8) imip=-1/-1 pass=00000 acc=-1 ipm=-1.0,-1.0 inv=-1.0,-1.0 | -1(-57295.8) imip=-1/-1 pass=00000 acc=-1 ipm=-1.0,-1.0 inv=-1.0,-1.0
frame=589 line=1 track=0 cross=0 circle=0(CIRCLE_NONE) round=0 yroad=0 ramp=0 road=3 speed=0 near=74/0 raw=170/0 sel=74/129 far=0/0 far_raw=0/0 l=0@-1/0@-1 far_l=0@-1/0@-1 straight=0/0 far_straight=0/0 circle_cnt=0/0/0/0 lost=0/0 conf=55.6/0.0/0.0/0.0 dist=0 m0=(84,119) ml=(115,113) md=33/1/279 cxcy=84.0,119.6 guide=-46.36 atg=60.0/34.0/11.0 pure=-9.61/-3.04 yaw=2782 cmd=2982 actual=20 signed=0 rps=914/9086:1519/1573 duty=1/34
CrossDiag: type=CROSS_NONE track=0 half_lr=0/0 nearL=0@-1/0@-1 nearNum=74/0 centerNum=74/0 farL=0@-1/0@-1 farNum=0/0 farRaw=0/0 lost=0/0 not_have=0 final=74/129 flags=0/0
LineErr: aim=33 cxcy=84.0,119.6 left=1:-47.24@107,121 dx=23.2 idx=3/9 dist=32/306 right=0:0.00@-1,-1 dx=0.0 idx=-1/-1 dist=-1/-1 sel=1:-47.17@112,117 dx=28.0 idx=0/16 dist=32/256 edge=0:0.00@-1.0,-1.0 dx=0.0 width=0.0 l=97,78 r=-1,-1
ATGSeedDiag: seed=1@49,85/0@-1,-1 begin=7,108 block=5 clip=8
ATGLptDiag: best=31(55.6) imip=21/41 pass=10111 acc=-1 ipm=88.8,56.4 inv=78.1,31.7 | -1(-57295.8) imip=-1/-1 pass=00000 acc=-1 ipm=-1.0,-1.0 inv=-1.0,-1.0
frame=590 line=0 track=0 cross=0 circle=0(CIRCLE_NONE) round=0 yroad=0 ramp=0 road=3 speed=0 near=1/0 raw=170/0 sel=1/0 far=0/0 far_raw=0/0 l=0@-1/0@-1 far_l=0@-1/0@-1 straight=0/0 far_straight=0/0 circle_cnt=0/0/0/0 lost=0/0 conf=0.0/0.0/0.0/0.0 dist=0 m0=(-1,-1) ml=(-1,-1) md=-1/0/-1 cxcy=84.0,119.6 guide=0.00 atg=60.0/34.0/11.0 pure=-9.61/-3.04 yaw=0 cmd=0 actual=46 signed=0 rps=0/0:0/0 duty=0/0
CrossDiag: type=CROSS_NONE track=0 half_lr=0/0 nearL=0@-1/0@-1 nearNum=1/0 centerNum=1/0 farL=0@-1/0@-1 farNum=0/0 farRaw=0/0 lost=0/0 not_have=0 final=1/0 flags=0/0
LineErr: aim=33 cxcy=84.0,119.6 left=0:0.00@-1,-1 dx=0.0 idx=-1/-1 dist=-1/-1 right=0:0.00@-1,-1 dx=0.0 idx=-1/-1 dist=-1/-1 sel=0:0.00@-1,-1 dx=0.0 idx=-1/-1 dist=-1/-1 edge=0:0.00@-1.0,-1.0 dx=0.0 width=0.0 l=-1,-1 r=-1,-1
ATGSeedDiag: seed=1@53,88/0@-1,-1 begin=7,108 block=5 clip=8
ATGLptDiag: best=-1(-57295.8) imip=-1/-1 pass=00000 acc=-1 ipm=-1.0,-1.0 inv=-1.0,-1.0 | -1(-57295.8) imip=-1/-1 pass=00000 acc=-1 ipm=-1.0,-1.0 inv=-1.0,-1.0
frame=592 line=1 track=0 cross=0 circle=0(CIRCLE_NONE) round=0 yroad=0 ramp=0 road=3 speed=0 near=74/0 raw=170/0 sel=74/132 far=0/0 far_raw=0/0 l=0@-1/0@-1 far_l=0@-1/0@-1 straight=0/0 far_straight=0/0 circle_cnt=0/0/0/0 lost=0/0 conf=58.5/0.0/0.0/0.0 dist=0 m0=(84,119) ml=(116,113) md=34/1/282 cxcy=84.0,119.6 guide=-46.77 atg=60.0/37.0/13.0 pure=-10.07/-3.24 yaw=2806 cmd=3006 actual=372 signed=0 rps=880/9120:1546/2686 duty=1/33
CrossDiag: type=CROSS_NONE track=0 half_lr=0/0 nearL=0@-1/0@-1 nearNum=74/0 centerNum=74/0 farL=0@-1/0@-1 farNum=0/0 farRaw=0/0 lost=0/0 not_have=0 final=74/132 flags=0/0
LineErr: aim=33 cxcy=84.0,119.6 left=1:-47.85@108,121 dx=24.4 idx=1/8 dist=34/307 right=0:0.00@-1,-1 dx=0.0 idx=-1/-1 dist=-1/-1 sel=1:-47.84@111,118 dx=26.8 idx=0/16 dist=32/262 edge=0:0.00@-1.0,-1.0 dx=0.0 width=0.0 l=98,80 r=-1,-1
ATGSeedDiag: seed=1@54,86/0@-1,-1 begin=7,108 block=5 clip=8
ATGLptDiag: best=31(58.5) imip=21/41 pass=10111 acc=-1 ipm=87.1,55.2 inv=76.6,31.2 | -1(-57295.8) imip=-1/-1 pass=00000 acc=-1 ipm=-1.0,-1.0 inv=-1.0,-1.0
frame=594 line=1 track=0 cross=0 circle=0(CIRCLE_NONE) round=0 yroad=0 ramp=0 road=3 speed=0 near=31/0 raw=170/0 sel=31/54 far=0/0 far_raw=0/0 l=1@32/0@-1 far_l=0@-1/0@-1 straight=0/0 far_straight=0/0 circle_cnt=0/0/0/0 lost=0/0 conf=29.1/0.0/0.0/0.0 dist=0 m0=(84,119) ml=(115,115) md=32/1/107 cxcy=84.0,119.6 guide=-47.34 atg=60.0/38.0/23.0 pure=-10.42/-3.35 yaw=2841 cmd=3041 actual=366 signed=0 rps=833/9167:1650/2946 duty=1/33
CrossDiag: type=CROSS_NONE track=0 half_lr=0/0 nearL=1@32/0@-1 nearNum=31/0 centerNum=31/0 farL=0@-1/0@-1 farNum=0/0 farRaw=0/0 lost=0/0 not_have=0 final=31/54 flags=0/0
LineErr: aim=33 cxcy=84.0,119.6 left=1:-48.47@106,124 dx=21.5 idx=3/9 dist=31/126 right=0:0.00@-1,-1 dx=0.0 idx=-1/-1 dist=-1/-1 sel=1:-48.53@110,120 dx=26.0 idx=0/16 dist=32/106 edge=0:0.00@-1.0,-1.0 dx=0.0 width=0.0 l=98,80 r=-1,-1
ATGSeedDiag: seed=1@46,88/0@-1,-1 begin=7,108 block=5 clip=8
ATGLptDiag: best=32(61.3) imip=22/42 pass=11111 acc=32 ipm=88.5,56.3 inv=77.8,31.6 | -1(-57295.8) imip=-1/-1 pass=00000 acc=-1 ipm=-1.0,-1.0 inv=-1.0,-1.0
frame=595 line=1 track=0 cross=0 circle=0(CIRCLE_NONE) round=0 yroad=0 ramp=0 road=3 speed=0 near=72/0 raw=170/0 sel=72/129 far=0/0 far_raw=0/0 l=0@-1/0@-1 far_l=0@-1/0@-1 straight=0/0 far_straight=0/0 circle_cnt=0/0/0/0 lost=0/0 conf=57.2/0.0/0.0/0.0 dist=0 m0=(84,119) ml=(115,115) md=32/1/275 cxcy=84.0,119.6 guide=-47.36 atg=60.0/36.0/13.0 pure=-10.39/-3.29 yaw=2841 cmd=3041 actual=443 signed=0 rps=832/9168:1756/4158 duty=1/32
CrossDiag: type=CROSS_NONE track=0 half_lr=0/0 nearL=0@-1/0@-1 nearNum=72/0 centerNum=72/0 farL=0@-1/0@-1 farNum=0/0 farRaw=0/0 lost=0/0 not_have=0 final=72/129 flags=0/0
LineErr: aim=33 cxcy=84.0,119.6 left=1:-48.38@105,124 dx=21.3 idx=1/7 dist=32/304 right=0:0.00@-1,-1 dx=0.0 idx=-1/-1 dist=-1/-1 sel=1:-48.78@110,120 dx=26.1 idx=0/16 dist=32/256 edge=0:0.00@-1.0,-1.0 dx=0.0 width=0.0 l=97,81 r=-1,-1
ATGSeedDiag: seed=1@53,88/0@-1,-1 begin=7,108 block=5 clip=8
ATGLptDiag: best=30(57.2) imip=20/40 pass=10111 acc=-1 ipm=88.1,57.6 inv=77.6,32.2 | -1(-57295.8) imip=-1/-1 pass=00000 acc=-1 ipm=-1.0,-1.0 inv=-1.0,-1.0
frame=597 line=1 track=0 cross=0 circle=0(CIRCLE_NONE) round=0 yroad=0 ramp=0 road=3 speed=0 near=69/0 raw=170/0 sel=69/120 far=0/0 far_raw=0/0 l=0@-1/0@-1 far_l=0@-1/0@-1 straight=0/0 far_straight=0/0 circle_cnt=0/0/0/0 lost=0/0 conf=56.5/0.0/0.0/0.0 dist=0 m0=(84,119) ml=(115,114) md=33/1/256 cxcy=84.0,119.6 guide=-47.59 atg=60.0/33.0/11.0 pure=-10.13/-3.11 yaw=2856 cmd=3056 actual=624 signed=0 rps=812/9188:1703/6094 duty=1/29
CrossDiag: type=CROSS_NONE track=0 half_lr=0/0 nearL=0@-1/0@-1 nearNum=69/0 centerNum=69/0 farL=0@-1/0@-1 farNum=0/0 farRaw=0/0 lost=0/0 not_have=0 final=69/120 flags=0/0
LineErr: aim=33 cxcy=84.0,119.6 left=1:-49.17@107,123 dx=23.0 idx=3/9 dist=32/283 right=0:0.00@-1,-1 dx=0.0 idx=-1/-1 dist=-1/-1 sel=1:-48.85@111,119 dx=26.8 idx=0/16 dist=32/238 edge=0:0.00@-1.0,-1.0 dx=0.0 width=0.0 l=96,80 r=-1,-1
ATGSeedDiag: seed=1@47,90/0@-1,-1 begin=7,108 block=5 clip=8
ATGLptDiag: best=31(56.5) imip=21/41 pass=10111 acc=-1 ipm=87.9,58.0 inv=77.4,32.4 | -1(-57295.8) imip=-1/-1 pass=00000 acc=-1 ipm=-1.0,-1.0 inv=-1.0,-1.0
frame=598 line=1 track=0 cross=0 circle=0(CIRCLE_NONE) round=0 yroad=0 ramp=0 road=3 speed=0 near=68/0 raw=170/0 sel=68/116 far=0/0 far_raw=0/0 l=0@-1/0@-1 far_l=0@-1/0@-1 straight=0/0 far_straight=0/0 circle_cnt=0/0/0/0 lost=0/0 conf=57.6/0.0/0.0/0.0 dist=0 m0=(84,119) ml=(114,115) md=32/1/246 cxcy=84.0,119.6 guide=-47.06 atg=60.0/34.0/12.0 pure=-10.44/-3.21 yaw=2824 cmd=3024 actual=711 signed=0 rps=856/9144:1767/7167 duty=1/28
CrossDiag: type=CROSS_NONE track=0 half_lr=0/0 nearL=0@-1/0@-1 nearNum=68/0 centerNum=68/0 farL=0@-1/0@-1 farNum=0/0 farRaw=0/0 lost=0/0 not_have=0 final=68/116 flags=0/0
LineErr: aim=33 cxcy=84.0,119.6 left=1:-49.20@106,124 dx=21.7 idx=4/10 dist=32/271 right=0:0.00@-1,-1 dx=0.0 idx=-1/-1 dist=-1/-1 sel=1:-49.02@110,120 dx=25.7 idx=0/16 dist=32/230 edge=0:0.00@-1.0,-1.0 dx=0.0 width=0.0 l=96,80 r=-1,-1
ATGSeedDiag: seed=1@41,91/0@-1,-1 begin=7,108 block=5 clip=8
ATGLptDiag: best=33(57.6) imip=23/43 pass=10111 acc=-1 ipm=85.5,57.3 inv=75.3,32.1 | -1(-57295.8) imip=-1/-1 pass=00000 acc=-1 ipm=-1.0,-1.0 inv=-1.0,-1.0
frame=599 line=1 track=0 cross=0 circle=0(CIRCLE_NONE) round=0 yroad=0 ramp=0 road=3 speed=0 near=65/0 raw=157/0 sel=65/113 far=0/0 far_raw=0/0 l=0@-1/0@-1 far_l=0@-1/0@-1 straight=0/0 far_straight=0/0 circle_cnt=0/0/0/0 lost=0/0 conf=57.7/0.0/0.0/0.0 dist=0 m0=(84,119) ml=(115,114) md=33/1/241 cxcy=84.0,119.6 guide=-47.44 atg=60.0/31.0/9.0 pure=-10.08/-2.99 yaw=2846 cmd=3046 actual=862 signed=0 rps=825/9175:1711/7205 duty=1/28
CrossDiag: type=CROSS_NONE track=0 half_lr=0/0 nearL=0@-1/0@-1 nearNum=65/0 centerNum=65/0 farL=0@-1/0@-1 farNum=0/0 farRaw=0/0 lost=0/0 not_have=0 final=65/113 flags=0/0
LineErr: aim=33 cxcy=84.0,119.6 left=1:-48.97@107,123 dx=22.9 idx=2/8 dist=34/265 right=0:0.00@-1,-1 dx=0.0 idx=-1/-1 dist=-1/-1 sel=1:-48.65@111,119 dx=26.6 idx=0/16 dist=32/224 edge=0:0.00@-1.0,-1.0 dx=0.0 width=0.0 l=95,80 r=-1,-1
ATGSeedDiag: seed=1@50,91/0@-1,-1 begin=7,108 block=5 clip=8
ATGLptDiag: best=31(57.7) imip=21/41 pass=10111 acc=-1 ipm=84.7,57.7 inv=74.7,32.3 | -1(-57295.8) imip=-1/-1 pass=00000 acc=-1 ipm=-1.0,-1.0 inv=-1.0,-1.0
frame=600 line=1 track=0 cross=0 circle=0(CIRCLE_NONE) round=0 yroad=0 ramp=0 road=3 speed=0 near=64/0 raw=157/0 sel=64/111 far=0/0 far_raw=0/0 l=0@-1/0@-1 far_l=0@-1/0@-1 straight=0/0 far_straight=0/0 circle_cnt=0/0/0/0 lost=0/0 conf=58.7/0.0/0.0/0.0 dist=0 m0=(84,119) ml=(115,113) md=33/1/235 cxcy=84.0,119.6 guide=-46.74 atg=60.0/29.0/8.0 pure=-10.26/-2.98 yaw=2804 cmd=3004 actual=1042 signed=0 rps=882/9118:1801/7799 duty=1/27
CrossDiag: type=CROSS_NONE track=0 half_lr=0/0 nearL=0@-1/0@-1 nearNum=64/0 centerNum=64/0 farL=0@-1/0@-1 farNum=0/0 farRaw=0/0 lost=0/0 not_have=0 final=64/111 flags=0/0
LineErr: aim=33 cxcy=84.0,119.6 left=1:-48.90@106,124 dx=21.9 idx=2/8 dist=34/260 right=0:0.00@-1,-1 dx=0.0 idx=-1/-1 dist=-1/-1 sel=1:-48.65@110,120 dx=25.7 idx=0/16 dist=32/220 edge=0:0.00@-1.0,-1.0 dx=0.0 width=0.0 l=95,81 r=-1,-1
ATGSeedDiag: seed=1@48,92/0@-1,-1 begin=7,108 block=5 clip=8
ATGLptDiag: best=31(58.7) imip=21/41 pass=10111 acc=-1 ipm=84.2,58.1 inv=74.3,32.5 | -1(-57295.8) imip=-1/-1 pass=00000 acc=-1 ipm=-1.0,-1.0 inv=-1.0,-1.0
frame=601 line=1 track=0 cross=0 circle=0(CIRCLE_NONE) round=0 yroad=0 ramp=0 road=3 speed=0 near=64/0 raw=163/0 sel=64/106 far=0/0 far_raw=0/0 l=0@-1/0@-1 far_l=0@-1/0@-1 straight=0/0 far_straight=0/0 circle_cnt=0/0/0/0 lost=0/0 conf=55.4/0.0/0.0/0.0 dist=0 m0=(84,119) ml=(115,113) md=33/1/225 cxcy=84.0,119.6 guide=-46.42 atg=60.0/24.0/5.0 pure=-9.61/-2.61 yaw=2785 cmd=2985 actual=1239 signed=0 rps=909/9091:1715/7819 duty=1/27
CrossDiag: type=CROSS_NONE track=0 half_lr=0/0 nearL=0@-1/0@-1 nearNum=64/0 centerNum=64/0 farL=0@-1/0@-1 farNum=0/0 farRaw=0/0 lost=0/0 not_have=0 final=64/106 flags=0/0
LineErr: aim=33 cxcy=84.0,119.6 left=1:-48.64@109,121 dx=25.2 idx=5/11 dist=35/250 right=0:0.00@-1,-1 dx=0.0 idx=-1/-1 dist=-1/-1 sel=1:-47.98@111,118 dx=27.2 idx=0/16 dist=32/210 edge=0:0.00@-1.0,-1.0 dx=0.0 width=0.0 l=94,80 r=-1,-1
ATGSeedDiag: seed=1@39,94/0@-1,-1 begin=7,108 block=5 clip=8
ATGLptDiag: best=32(55.4) imip=22/42 pass=10111 acc=-1 ipm=84.3,59.2 inv=74.4,33.0 | -1(-57295.8) imip=-1/-1 pass=00000 acc=-1 ipm=-1.0,-1.0 inv=-1.0,-1.0
frame=602 line=1 track=0 cross=0 circle=0(CIRCLE_NONE) round=0 yroad=0 ramp=0 road=3 speed=0 near=62/0 raw=158/0 sel=62/104 far=0/0 far_raw=0/0 l=0@-1/0@-1 far_l=0@-1/0@-1 straight=0/0 far_straight=0/0 circle_cnt=0/0/0/0 lost=0/0 conf=52.2/0.0/0.0/0.0 dist=0 m0=(84,119) ml=(115,113) md=34/1/222 cxcy=84.0,119.6 guide=-46.28 atg=60.0/22.0/4.0 pure=-9.60/-2.51 yaw=2777 cmd=2977 actual=1427 signed=0 rps=920/9080:1803/8594 duty=1/26
CrossDiag: type=CROSS_NONE track=0 half_lr=0/0 nearL=0@-1/0@-1 nearNum=62/0 centerNum=62/0 farL=0@-1/0@-1 farNum=0/0 farRaw=0/0 lost=0/0 not_have=0 final=62/104 flags=0/0
LineErr: aim=33 cxcy=84.0,119.6 left=1:-48.39@108,122 dx=23.7 idx=4/10 dist=33/241 right=0:0.00@-1,-1 dx=0.0 idx=-1/-1 dist=-1/-1 sel=1:-47.61@111,119 dx=26.6 idx=0/16 dist=32/206 edge=0:0.00@-1.0,-1.0 dx=0.0 width=0.0 l=92,79 r=-1,-1
ATGSeedDiag: seed=1@41,95/0@-1,-1 begin=7,108 block=5 clip=8
ATGLptDiag: best=31(52.2) imip=21/41 pass=10111 acc=-1 ipm=83.7,60.0 inv=73.9,33.4 | -1(-57295.8) imip=-1/-1 pass=00000 acc=-1 ipm=-1.0,-1.0 inv=-1.0,-1.0
frame=603 line=1 track=0 cross=0 circle=0(CIRCLE_NONE) round=0 yroad=0 ramp=0 road=3 speed=0 near=61/0 raw=155/0 sel=61/102 far=0/0 far_raw=0/0 l=0@-1/0@-1 far_l=0@-1/0@-1 straight=0/0 far_straight=0/0 circle_cnt=0/0/0/0 lost=0/0 conf=57.0/0.0/0.0/0.0 dist=0 m0=(84,119) ml=(114,113) md=33/1/219 cxcy=84.0,119.6 guide=-44.66 atg=60.0/16.0/2.0 pure=-9.17/-2.20 yaw=2680 cmd=2880 actual=1587 signed=0 rps=1053/8947:1863/8936 duty=1/25
CrossDiag: type=CROSS_NONE track=0 half_lr=0/0 nearL=0@-1/0@-1 nearNum=61/0 centerNum=61/0 farL=0@-1/0@-1 farNum=0/0 farRaw=0/0 lost=0/0 not_have=0 final=61/102 flags=0/0
LineErr: aim=33 cxcy=84.0,119.6 left=1:-47.99@106,123 dx=22.2 idx=4/9 dist=31/238 right=0:0.00@-1,-1 dx=0.0 idx=-1/-1 dist=-1/-1 sel=1:-46.75@111,117 dx=27.1 idx=0/16 dist=32/202 edge=0:0.00@-1.0,-1.0 dx=0.0 width=0.0 l=92,80 r=-1,-1
ATGSeedDiag: seed=1@42,96/0@-1,-1 begin=7,108 block=5 clip=8
ATGLptDiag: best=31(57.0) imip=21/41 pass=10111 acc=-1 ipm=82.0,59.5 inv=72.3,33.1 | -1(-57295.8) imip=-1/-1 pass=00000 acc=-1 ipm=-1.0,-1.0 inv=-1.0,-1.0
frame=604 line=1 track=0 cross=0 circle=0(CIRCLE_NONE) round=0 yroad=0 ramp=0 road=3 speed=0 near=61/0 raw=162/0 sel=61/100 far=0/0 far_raw=0/0 l=0@-1/0@-1 far_l=0@-1/0@-1 straight=0/0 far_straight=0/0 circle_cnt=0/0/0/0 lost=0/0 conf=56.6/0.0/0.0/0.0 dist=0 m0=(84,119) ml=(114,113) md=32/1/211 cxcy=84.0,119.6 guide=-44.50 atg=60.0/16.0/2.0 pure=-9.42/-2.22 yaw=2670 cmd=2870 actual=1768 signed=0 rps=1066/8934:1759/8238 duty=2/26
CrossDiag: type=CROSS_NONE track=0 half_lr=0/0 nearL=0@-1/0@-1 nearNum=61/0 centerNum=61/0 farL=0@-1/0@-1 farNum=0/0 farRaw=0/0 lost=0/0 not_have=0 final=61/100 flags=0/0
LineErr: aim=33 cxcy=84.0,119.6 left=1:-47.29@108,121 dx=23.6 idx=5/11 dist=34/229 right=0:0.00@-1,-1 dx=0.0 idx=-1/-1 dist=-1/-1 sel=1:-46.62@110,118 dx=25.7 idx=0/16 dist=32/198 edge=0:0.00@-1.0,-1.0 dx=0.0 width=0.0 l=90,79 r=-1,-1
ATGSeedDiag: seed=1@34,98/0@-1,-1 begin=7,108 block=5 clip=8
ATGLptDiag: best=33(56.6) imip=23/43 pass=10111 acc=-1 ipm=79.0,59.2 inv=69.7,33.0 | -1(-57295.8) imip=-1/-1 pass=00000 acc=-1 ipm=-1.0,-1.0 inv=-1.0,-1.0
frame=605 line=1 track=0 cross=0 circle=0(CIRCLE_NONE) round=0 yroad=0 ramp=0 road=3 speed=0 near=60/0 raw=155/0 sel=60/99 far=0/0 far_raw=0/0 l=0@-1/0@-1 far_l=0@-1/0@-1 straight=0/0 far_straight=0/0 circle_cnt=0/0/0/0 lost=0/0 conf=53.6/0.0/0.0/0.0 dist=0 m0=(84,119) ml=(114,112) md=33/1/209 cxcy=84.0,119.6 guide=-43.97 atg=60.0/12.0/0.0 pure=-9.00/-1.91 yaw=2638 cmd=2838 actual=1943 signed=0 rps=1110/8890:1825/7995 duty=2/26
CrossDiag: type=CROSS_NONE track=0 half_lr=0/0 nearL=0@-1/0@-1 nearNum=60/0 centerNum=60/0 farL=0@-1/0@-1 farNum=0/0 farRaw=0/0 lost=0/0 not_have=0 final=60/99 flags=0/0
LineErr: aim=33 cxcy=84.0,119.6 left=1:-47.03@105,123 dx=20.9 idx=4/9 dist=31/232 right=0:0.00@-1,-1 dx=0.0 idx=-1/-1 dist=-1/-1 sel=1:-45.89@110,118 dx=26.0 idx=0/16 dist=32/196 edge=0:0.00@-1.0,-1.0 dx=0.0 width=0.0 l=89,79 r=-1,-1
ATGSeedDiag: seed=1@38,99/0@-1,-1 begin=7,108 block=5 clip=8
ATGLptDiag: best=32(53.6) imip=22/42 pass=10111 acc=-1 ipm=77.3,59.4 inv=68.3,33.1 | -1(-57295.8) imip=-1/-1 pass=00000 acc=-1 ipm=-1.0,-1.0 inv=-1.0,-1.0
frame=606 line=1 track=0 cross=0 circle=0(CIRCLE_NONE) round=0 yroad=0 ramp=0 road=3 speed=0 near=59/0 raw=158/0 sel=59/96 far=0/0 far_raw=0/0 l=0@-1/0@-1 far_l=0@-1/0@-1 straight=0/0 far_straight=0/0 circle_cnt=0/0/0/0 lost=0/0 conf=55.5/0.0/0.0/0.0 dist=0 m0=(84,119) ml=(113,111) md=33/1/202 cxcy=84.0,119.6 guide=-42.46 atg=60.0/9.0/0.0 pure=-8.74/-1.67 yaw=2547 cmd=2747 actual=2116 signed=0 rps=1235/8765:1781/7226 duty=2/26
CrossDiag: type=CROSS_NONE track=0 half_lr=0/0 nearL=0@-1/0@-1 nearNum=59/0 centerNum=59/0 farL=0@-1/0@-1 farNum=0/0 farRaw=0/0 lost=0/0 not_have=0 final=59/96 flags=0/0
LineErr: aim=33 cxcy=84.0,119.6 left=1:-46.50@105,123 dx=21.1 idx=5/10 dist=32/225 right=0:0.00@-1,-1 dx=0.0 idx=-1/-1 dist=-1/-1 sel=1:-44.92@110,117 dx=25.8 idx=0/16 dist=32/190 edge=0:0.00@-1.0,-1.0 dx=0.0 width=0.0 l=87,78 r=-1,-1
ATGSeedDiag: seed=1@33,101/0@-1,-1 begin=7,108 block=5 clip=8
ATGLptDiag: best=33(55.5) imip=23/43 pass=10111 acc=-1 ipm=74.7,59.6 inv=66.0,33.2 | -1(-57295.8) imip=-1/-1 pass=00000 acc=-1 ipm=-1.0,-1.0 inv=-1.0,-1.0
frame=607 line=1 track=0 cross=0 circle=0(CIRCLE_NONE) round=0 yroad=0 ramp=0 road=3 speed=0 near=58/0 raw=157/0 sel=58/94 far=0/0 far_raw=0/0 l=0@-1/0@-1 far_l=0@-1/0@-1 straight=0/0 far_straight=0/0 circle_cnt=0/0/0/0 lost=0/0 conf=54.8/0.0/0.0/0.0 dist=0 m0=(84,119) ml=(113,110) md=33/1/197 cxcy=84.0,119.6 guide=-41.16 atg=60.0/6.0/0.0 pure=-8.45/-1.38 yaw=2470 cmd=2648 actual=2291 signed=0 rps=1370/8630:1867/6817 duty=2/26
CrossDiag: type=CROSS_NONE track=0 half_lr=0/0 nearL=0@-1/0@-1 nearNum=58/0 centerNum=58/0 farL=0@-1/0@-1 farNum=0/0 farRaw=0/0 lost=0/0 not_have=0 final=58/94 flags=0/0
LineErr: aim=33 cxcy=84.0,119.6 left=1:-45.81@105,122 dx=20.9 idx=5/10 dist=32/221 right=0:0.00@-1,-1 dx=0.0 idx=-1/-1 dist=-1/-1 sel=1:-44.00@109,117 dx=25.3 idx=0/16 dist=32/186 edge=0:0.00@-1.0,-1.0 dx=0.0 width=0.0 l=86,79 r=-1,-1
ATGSeedDiag: seed=1@31,103/0@-1,-1 begin=7,108 block=5 clip=8
ATGLptDiag: best=32(54.8) imip=22/42 pass=10111 acc=-1 ipm=74.8,60.8 inv=66.0,33.8 | -1(-57295.8) imip=-1/-1 pass=00000 acc=-1 ipm=-1.0,-1.0 inv=-1.0,-1.0
frame=608 line=1 track=0 cross=0 circle=0(CIRCLE_NONE) round=0 yroad=0 ramp=0 road=3 speed=0 near=57/0 raw=157/0 sel=57/91 far=0/0 far_raw=0/0 l=0@-1/0@-1 far_l=0@-1/0@-1 straight=0/0 far_straight=0/0 circle_cnt=0/0/0/0 lost=0/0 conf=49.3/0.0/0.0/0.0 dist=0 m0=(84,119) ml=(112,110) md=32/1/193 cxcy=84.0,119.6 guide=-40.06 atg=60.0/2.0/-1.0 pure=-7.71/-0.91 yaw=2403 cmd=2362 actual=2445 signed=0 rps=1764/8236:1941/6292 duty=4/25
CrossDiag: type=CROSS_NONE track=0 half_lr=0/0 nearL=0@-1/0@-1 nearNum=57/0 centerNum=57/0 farL=0@-1/0@-1 farNum=0/0 farRaw=0/0 lost=0/0 not_have=0 final=57/91 flags=0/0
LineErr: aim=33 cxcy=84.0,119.6 left=1:-44.11@107,119 dx=22.9 idx=6/11 dist=33/211 right=0:0.00@-1,-1 dx=0.0 idx=-1/-1 dist=-1/-1 sel=1:-42.34@110,114 dx=25.9 idx=0/16 dist=32/180 edge=0:0.00@-1.0,-1.0 dx=0.0 width=0.0 l=84,79 r=-1,-1
ATGSeedDiag: seed=1@28,105/0@-1,-1 begin=7,108 block=5 clip=8
ATGLptDiag: best=32(49.3) imip=22/42 pass=10111 acc=-1 ipm=72.9,61.8 inv=64.2,34.3 | -1(-57295.8) imip=-1/-1 pass=00000 acc=-1 ipm=-1.0,-1.0 inv=-1.0,-1.0
frame=610 line=1 track=0 cross=0 circle=0(CIRCLE_NONE) round=0 yroad=0 ramp=0 road=3 speed=0 near=54/0 raw=150/0 sel=54/86 far=0/0 far_raw=0/0 l=0@-1/0@-1 far_l=0@-1/0@-1 straight=0/0 far_straight=0/0 circle_cnt=0/0/0/0 lost=0/0 conf=53.4/0.0/0.0/0.0 dist=0 m0=(84,119) ml=(111,108) md=33/1/183 cxcy=84.0,119.6 guide=-37.91 atg=60.0/0.0/-5.0 pure=-6.70/-0.21 yaw=2274 cmd=2074 actual=2744 signed=0 rps=2157/7843:1933/6108 duty=5/24
CrossDiag: type=CROSS_NONE track=0 half_lr=0/0 nearL=0@-1/0@-1 nearNum=54/0 centerNum=54/0 farL=0@-1/0@-1 farNum=0/0 farRaw=0/0 lost=0/0 not_have=0 final=54/86 flags=0/0
LineErr: aim=33 cxcy=84.0,119.6 left=1:-41.91@106,118 dx=22.2 idx=5/10 dist=32/200 right=0:0.00@-1,-1 dx=0.0 idx=-1/-1 dist=-1/-1 sel=1:-39.48@109,112 dx=25.4 idx=0/16 dist=32/170 edge=0:0.00@-1.0,-1.0 dx=0.0 width=0.0 l=81,80 r=-1,-1
ATGSeedDiag: seed=1@30,108/0@-1,-1 begin=7,108 block=5 clip=8
ATGLptDiag: best=32(53.4) imip=22/42 pass=10111 acc=-1 ipm=67.1,61.4 inv=59.1,34.1 | -1(-57295.8) imip=-1/-1 pass=00000 acc=-1 ipm=-1.0,-1.0 inv=-1.0,-1.0
frame=611 line=1 track=0 cross=0 circle=0(CIRCLE_NONE) round=0 yroad=0 ramp=0 road=3 speed=0 near=52/0 raw=142/0 sel=52/85 far=0/0 far_raw=0/0 l=0@-1/0@-1 far_l=0@-1/0@-1 straight=0/0 far_straight=0/0 circle_cnt=0/0/0/0 lost=0/0 conf=48.8/0.0/0.0/0.0 dist=0 m0=(84,119) ml=(110,106) md=33/1/179 cxcy=84.0,119.6 guide=-35.64 atg=60.0/0.0/-7.0 pure=-6.53/0.05 yaw=2138 cmd=1938 actual=2880 signed=0 rps=2344/7656:1875/6052 duty=6/23
CrossDiag: type=CROSS_NONE track=0 half_lr=0/0 nearL=0@-1/0@-1 nearNum=52/0 centerNum=52/0 farL=0@-1/0@-1 farNum=0/0 farRaw=0/0 lost=0/0 not_have=0 final=52/85 flags=0/0
LineErr: aim=33 cxcy=84.0,119.6 left=1:-41.01@105,119 dx=20.7 idx=3/8 dist=31/199 right=0:0.00@-1,-1 dx=0.0 idx=-1/-1 dist=-1/-1 sel=1:-38.55@108,112 dx=24.3 idx=0/16 dist=32/168 edge=0:0.00@-1.0,-1.0 dx=0.0 width=0.0 l=78,78 r=-1,-1
ATGSeedDiag: seed=1@35,108/0@-1,-1 begin=7,108 block=5 clip=8
ATGLptDiag: best=30(48.8) imip=20/40 pass=10111 acc=-1 ipm=66.4,62.9 inv=58.2,34.9 | -1(-57295.8) imip=-1/-1 pass=00000 acc=-1 ipm=-1.0,-1.0 inv=-1.0,-1.0
frame=612 line=1 track=0 cross=0 circle=0(CIRCLE_NONE) round=0 yroad=0 ramp=0 road=3 speed=0 near=50/0 raw=135/0 sel=50/83 far=0/0 far_raw=0/0 l=0@-1/0@-1 far_l=0@-1/0@-1 straight=0/0 far_straight=0/0 circle_cnt=0/0/0/0 lost=0/0 conf=46.3/0.0/0.0/0.0 dist=0 m0=(84,119) ml=(109,106) md=33/1/176 cxcy=84.0,119.6 guide=-34.70 atg=60.0/-1.0/-14.0 pure=-5.81/0.55 yaw=2082 cmd=1882 actual=3004 signed=0 rps=2421/7579:1975/6322 duty=6/23
CrossDiag: type=CROSS_NONE track=0 half_lr=0/0 nearL=0@-1/0@-1 nearNum=50/0 centerNum=50/0 farL=0@-1/0@-1 farNum=0/0 farRaw=0/0 lost=0/0 not_have=0 final=50/83 flags=0/0
LineErr: aim=33 cxcy=84.0,119.6 left=1:-39.19@105,117 dx=20.8 idx=2/7 dist=31/196 right=0:0.00@-1,-1 dx=0.0 idx=-1/-1 dist=-1/-1 sel=1:-36.46@108,110 dx=24.0 idx=0/16 dist=32/164 edge=0:0.00@-1.0,-1.0 dx=0.0 width=0.0 l=75,78 r=-1,-1
ATGSeedDiag: seed=1@39,108/0@-1,-1 begin=7,108 block=5 clip=8
ATGLptDiag: best=29(46.3) imip=19/39 pass=10111 acc=-1 ipm=63.6,63.9 inv=55.5,35.4 | -1(-57295.8) imip=-1/-1 pass=00000 acc=-1 ipm=-1.0,-1.0 inv=-1.0,-1.0
frame=613 line=1 track=0 cross=0 circle=0(CIRCLE_NONE) round=0 yroad=0 ramp=0 road=3 speed=0 near=48/0 raw=132/0 sel=48/79 far=0/0 far_raw=0/0 l=0@-1/0@-1 far_l=0@-1/0@-1 straight=0/0 far_straight=0/0 circle_cnt=0/0/0/0 lost=0/0 conf=54.8/0.0/0.0/0.0 dist=0 m0=(84,119) ml=(109,104) md=34/1/169 cxcy=84.0,119.6 guide=-33.01 atg=60.0/-4.0/-24.0 pure=-4.72/1.10 yaw=1980 cmd=1780 actual=3111 signed=0 rps=2560/7440:2040/6197 duty=6/22
CrossDiag: type=CROSS_NONE track=0 half_lr=0/0 nearL=0@-1/0@-1 nearNum=48/0 centerNum=48/0 farL=0@-1/0@-1 farNum=0/0 farRaw=0/0 lost=0/0 not_have=0 final=48/79 flags=0/0
LineErr: aim=33 cxcy=84.0,119.6 left=1:-36.68@106,114 dx=21.7 idx=2/7 dist=31/184 right=0:0.00@-1,-1 dx=0.0 idx=-1/-1 dist=-1/-1 sel=1:-33.64@108,107 dx=24.0 idx=0/16 dist=32/156 edge=0:0.00@-1.0,-1.0 dx=0.0 width=0.0 l=74,79 r=-1,-1
ATGSeedDiag: seed=1@41,108/0@-1,-1 begin=7,108 block=5 clip=8
ATGLptDiag: best=29(54.8) imip=19/39 pass=10111 acc=-1 ipm=60.3,63.6 inv=52.5,35.3 | -1(-57295.8) imip=-1/-1 pass=00000 acc=-1 ipm=-1.0,-1.0 inv=-1.0,-1.0
frame=614 line=1 track=0 cross=0 circle=0(CIRCLE_NONE) round=0 yroad=0 ramp=0 road=3 speed=0 near=46/0 raw=125/0 sel=46/77 far=0/0 far_raw=0/0 l=0@-1/0@-1 far_l=0@-1/0@-1 straight=0/0 far_straight=0/0 circle_cnt=0/0/0/0 lost=0/0 conf=53.7/0.0/0.0/0.0 dist=0 m0=(84,119) ml=(107,104) md=33/1/165 cxcy=84.0,119.6 guide=-30.81 atg=60.0/-7.0/-30.0 pure=-4.26/1.39 yaw=1848 cmd=1648 actual=3193 signed=0 rps=2741/7259:1997/5676 duty=7/22
CrossDiag: type=CROSS_NONE track=0 half_lr=0/0 nearL=0@-1/0@-1 nearNum=46/0 centerNum=46/0 farL=0@-1/0@-1 farNum=0/0 farRaw=0/0 lost=0/0 not_have=0 final=46/77 flags=0/0
LineErr: aim=33 cxcy=84.0,119.6 left=1:-33.82@106,110 dx=21.8 idx=1/7 dist=34/178 right=0:0.00@-1,-1 dx=0.0 idx=-1/-1 dist=-1/-1 sel=1:-32.01@107,106 dx=22.9 idx=0/16 dist=32/152 edge=0:0.00@-1.0,-1.0 dx=0.0 width=0.0 l=71,79 r=-1,-1
ATGSeedDiag: seed=1@42,108/0@-1,-1 begin=7,108 block=5 clip=8
ATGLptDiag: best=28(53.7) imip=18/38 pass=10111 acc=-1 ipm=59.0,64.6 inv=51.1,35.9 | -1(-57295.8) imip=-1/-1 pass=00000 acc=-1 ipm=-1.0,-1.0 inv=-1.0,-1.0
frame=615 line=1 track=0 cross=0 circle=0(CIRCLE_NONE) round=0 yroad=0 ramp=0 road=3 speed=0 near=45/0 raw=123/0 sel=45/77 far=0/0 far_raw=0/0 l=0@-1/0@-1 far_l=0@-1/0@-1 straight=0/0 far_straight=0/0 circle_cnt=0/0/0/0 lost=0/0 conf=55.7/0.0/0.0/0.0 dist=0 m0=(84,119) ml=(106,103) md=32/1/163 cxcy=84.0,119.6 guide=-28.67 atg=60.0/-11.0/-37.0 pure=-3.79/1.75 yaw=1720 cmd=1520 actual=3263 signed=0 rps=2917/7083:2112/5691 duty=8/21
CrossDiag: type=CROSS_NONE track=0 half_lr=0/0 nearL=0@-1/0@-1 nearNum=45/0 centerNum=45/0 farL=0@-1/0@-1 farNum=0/0 farRaw=0/0 lost=0/0 not_have=0 final=45/77 flags=0/0
LineErr: aim=33 cxcy=84.0,119.6 left=1:-32.59@105,111 dx=20.5 idx=0/6 dist=33/175 right=0:0.00@-1,-1 dx=0.0 idx=-1/-1 dist=-1/-1 sel=1:-30.29@106,106 dx=21.8 idx=0/16 dist=32/152 edge=0:0.00@-1.0,-1.0 dx=0.0 width=0.0 l=70,80 r=-1,-1
ATGSeedDiag: seed=1@43,108/0@-1,-1 begin=7,108 block=5 clip=8
ATGLptDiag: best=28(55.7) imip=18/38 pass=10111 acc=-1 ipm=55.3,65.2 inv=47.5,36.2 | -1(-57295.8) imip=-1/-1 pass=00000 acc=-1 ipm=-1.0,-1.0 inv=-1.0,-1.0
frame=616 line=1 track=0 cross=0 circle=0(CIRCLE_NONE) round=0 yroad=0 ramp=0 road=3 speed=0 near=43/0 raw=118/0 sel=43/74 far=0/0 far_raw=0/0 l=0@-1/0@-1 far_l=0@-1/0@-1 straight=0/0 far_straight=0/0 circle_cnt=0/0/0/0 lost=0/0 conf=59.8/0.0/0.0/0.0 dist=0 m0=(84,119) ml=(105,102) md=32/1/159 cxcy=84.0,119.6 guide=-26.45 atg=32.0/-20.0/-51.0 pure=-2.69/2.29 yaw=1587 cmd=1387 actual=3305 signed=0 rps=3099/6901:2114/5341 duty=8/21
CrossDiag: type=CROSS_NONE track=0 half_lr=0/0 nearL=0@-1/0@-1 nearNum=43/0 centerNum=43/0 farL=0@-1/0@-1 farNum=0/0 farRaw=0/0 lost=0/0 not_have=0 final=43/74 flags=0/0
LineErr: aim=33 cxcy=84.0,119.6 left=1:-29.50@104,107 dx=20.2 idx=0/6 dist=33/168 right=0:0.00@-1,-1 dx=0.0 idx=-1/-1 dist=-1/-1 sel=1:-27.19@105,102 dx=21.0 idx=0/16 dist=32/146 edge=0:0.00@-1.0,-1.0 dx=0.0 width=0.0 l=67,80 r=-1,-1
ATGSeedDiag: seed=1@44,108/0@-1,-1 begin=7,108 block=5 clip=8
ATGLptDiag: best=28(59.8) imip=18/38 pass=10111 acc=-1 ipm=51.7,65.6 inv=44.0,36.4 | -1(-57295.8) imip=-1/-1 pass=00000 acc=-1 ipm=-1.0,-1.0 inv=-1.0,-1.0
frame=617 line=1 track=0 cross=0 circle=0(CIRCLE_NONE) round=0 yroad=0 ramp=0 road=3 speed=0 near=41/0 raw=114/0 sel=41/71 far=0/0 far_raw=0/0 l=0@-1/0@-1 far_l=0@-1/0@-1 straight=0/0 far_straight=0/0 circle_cnt=0/0/0/0 lost=0/0 conf=54.5/0.0/0.0/0.0 dist=0 m0=(84,119) ml=(104,101) md=32/1/153 cxcy=84.0,119.6 guide=-24.10 atg=13.0/-31.0/-60.0 pure=-1.63/2.82 yaw=1446 cmd=1246 actual=3321 signed=0 rps=3292/6708:2308/5310 duty=9/20
CrossDiag: type=CROSS_NONE track=0 half_lr=0/0 nearL=0@-1/0@-1 nearNum=41/0 centerNum=41/0 farL=0@-1/0@-1 farNum=0/0 farRaw=0/0 lost=0/0 not_have=0 final=41/71 flags=0/0
LineErr: aim=33 cxcy=84.0,119.6 left=1:-26.42@104,103 dx=19.5 idx=0/6 dist=33/163 right=0:0.00@-1,-1 dx=0.0 idx=-1/-1 dist=-1/-1 sel=1:-23.54@103,98 dx=19.4 idx=0/16 dist=32/140 edge=0:0.00@-1.0,-1.0 dx=0.0 width=0.0 l=65,81 r=-1,-1
ATGSeedDiag: seed=1@45,108/0@-1,-1 begin=7,108 block=5 clip=8
ATGLptDiag: best=27(54.5) imip=17/37 pass=10111 acc=-1 ipm=50.1,67.1 inv=42.0,37.2 | -1(-57295.8) imip=-1/-1 pass=00000 acc=-1 ipm=-1.0,-1.0 inv=-1.0,-1.0
frame=618 line=1 track=0 cross=0 circle=0(CIRCLE_NONE) round=0 yroad=0 ramp=0 road=3 speed=0 near=40/0 raw=110/0 sel=40/69 far=0/0 far_raw=0/0 l=0@-1/0@-1 far_l=0@-1/0@-1 straight=0/0 far_straight=0/0 circle_cnt=0/0/0/0 lost=0/0 conf=58.5/0.0/0.0/0.0 dist=0 m0=(84,119) ml=(102,100) md=32/1/151 cxcy=84.0,119.6 guide=-22.26 atg=3.0/-43.0/-60.0 pure=-0.75/3.27 yaw=1336 cmd=1136 actual=3305 signed=0 rps=3443/6557:2280/4880 duty=9/20
CrossDiag: type=CROSS_NONE track=0 half_lr=0/0 nearL=0@-1/0@-1 nearNum=40/0 centerNum=40/0 farL=0@-1/0@-1 farNum=0/0 farRaw=0/0 lost=0/0 not_have=0 final=40/69 flags=0/0
LineErr: aim=33 cxcy=84.0,119.6 left=1:-23.47@102,101 dx=18.2 idx=0/6 dist=34/160 right=0:0.00@-1,-1 dx=0.0 idx=-1/-1 dist=-1/-1 sel=1:-20.69@102,96 dx=17.8 idx=0/16 dist=32/136 edge=0:0.00@-1.0,-1.0 dx=0.0 width=0.0 l=62,82 r=-1,-1
ATGSeedDiag: seed=1@45,108/0@-1,-1 begin=7,108 block=5 clip=8
ATGLptDiag: best=27(58.5) imip=17/37 pass=10111 acc=-1 ipm=46.8,67.9 inv=38.5,37.7 | -1(-57295.8) imip=-1/-1 pass=00000 acc=-1 ipm=-1.0,-1.0 inv=-1.0,-1.0
frame=619 line=1 track=0 cross=0 circle=0(CIRCLE_NONE) round=0 yroad=0 ramp=0 road=3 speed=0 near=26/0 raw=106/0 sel=26/46 far=0/0 far_raw=0/0 l=1@27/0@-1 far_l=0@-1/0@-1 straight=0/0 far_straight=0/0 circle_cnt=0/0/0/0 lost=0/0 conf=46.8/0.0/0.0/0.0 dist=0 m0=(84,119) ml=(100,96) md=33/1/101 cxcy=84.0,119.6 guide=-18.97 atg=0.0/-38.0/-38.0 pure=0.03/3.23 yaw=1138 cmd=938 actual=3268 signed=0 rps=3715/6285:2467/4973 duty=10/19
CrossDiag: type=CROSS_NONE track=0 half_lr=0/0 nearL=1@27/0@-1 nearNum=26/0 centerNum=26/0 farL=0@-1/0@-1 farNum=0/0 farRaw=0/0 lost=0/0 not_have=0 final=26/46 flags=0/0
LineErr: aim=33 cxcy=84.0,119.6 left=1:-20.42@101,98 dx=16.7 idx=0/6 dist=34/106 right=0:0.00@-1,-1 dx=0.0 idx=-1/-1 dist=-1/-1 sel=1:-17.92@100,93 dx=15.9 idx=0/16 dist=32/90 edge=0:0.00@-1.0,-1.0 dx=0.0 width=0.0 l=60,82 r=-1,-1
ATGSeedDiag: seed=1@45,108/0@-1,-1 begin=7,108 block=5 clip=8
ATGLptDiag: best=27(62.3) imip=17/37 pass=11111 acc=27 ipm=43.3,69.0 inv=34.6,38.4 | -1(-57295.8) imip=-1/-1 pass=00000 acc=-1 ipm=-1.0,-1.0 inv=-1.0,-1.0
frame=620 line=1 track=0 cross=0 circle=0(CIRCLE_NONE) round=0 yroad=0 ramp=0 road=3 speed=0 near=25/35 raw=104/170 sel=25/44 far=0/0 far_raw=0/0 l=1@27/1@35 far_l=0@-1/0@-1 straight=0/0 far_straight=0/0 circle_cnt=0/0/0/0 lost=0/0 conf=46.4/77.6/0.0/0.0 dist=0 m0=(84,119) ml=(99,94) md=33/1/96 cxcy=84.0,119.6 guide=-16.74 atg=-2.0/-40.0/-40.0 pure=0.70/3.40 yaw=1004 cmd=804 actual=3210 signed=0 rps=3898/6102:2668/5157 duty=10/18
CrossDiag: type=CROSS_NONE track=0 half_lr=0/0 nearL=1@27/1@35 nearNum=25/35 centerNum=25/35 farL=0@-1/0@-1 farNum=0/0 farRaw=0/0 lost=0/0 not_have=0 final=25/44 flags=0/0
LineErr: aim=33 cxcy=84.0,119.6 left=1:-18.12@99,96 dx=15.2 idx=0/6 dist=33/101 right=1:-3.32@87,83 dx=3.4 idx=0/21 dist=33/79 sel=1:-15.55@98,92 dx=14.2 idx=0/16 dist=32/86 edge=1:-1.75@86.0,78.0 dx=2.0 width=58.5 l=57,82 r=115,74
CxScan: raw_ref=80.0 edge=86.0,78.0 best_raw_x=85 best_err=-0.05 best_cxcy=85.9,119.6 scan=0:-26.9,10:-24.1,20:-21.2,30:-18.1,40:-15.0,50:-11.8,60:-8.5,70:-5.1,80:-1.7,90:1.6,100:5.0,110:8.4,120:11.6,130:14.8,140:17.9
ATGSeedDiag: seed=1@44,108/1@155,87 begin=7,108 block=5 clip=8
ATGLptDiag: best=27(62.5) imip=17/36 pass=11111 acc=27 ipm=40.5,70.7 inv=31.0,39.4 | 35(77.6) imip=25/45 pass=11111 acc=35 ipm=85.0,42.4 inv=74.4,26.4
frame=621 line=1 track=0 cross=0 circle=0(CIRCLE_NONE) round=0 yroad=0 ramp=0 road=3 speed=0 near=24/36 raw=99/170 sel=24/42 far=0/0 far_raw=0/0 l=1@26/1@36 far_l=0@-1/0@-1 straight=0/0 far_straight=0/0 circle_cnt=0/0/0/0 lost=0/0 conf=45.5/77.6/0.0/0.0 dist=0 m0=(84,119) ml=(97,92) md=33/1/91 cxcy=84.0,119.6 guide=-13.09 atg=-9.0/-42.0/-42.0 pure=1.41/3.58 yaw=785 cmd=585 actual=3142 signed=0 rps=4198/5802:2677/5101 duty=11/17
CrossDiag: type=CROSS_NONE track=0 half_lr=0/0 nearL=1@26/1@36 nearNum=24/36 centerNum=24/36 farL=0@-1/0@-1 farNum=0/0 farRaw=0/0 lost=0/0 not_have=0 final=24/42 flags=0/0
LineErr: aim=33 cxcy=84.0,119.6 left=1:-15.11@97,94 dx=13.2 idx=0/6 dist=33/97 right=1:-3.49@87,86 dx=3.5 idx=0/20 dist=33/85 sel=1:-12.63@96,90 dx=11.9 idx=0/16 dist=32/82 edge=1:-0.88@85.0,79.5 dx=1.0 width=56.7 l=57,84 r=113,75
CxScan: raw_ref=80.0 edge=85.0,79.5 best_raw_x=85 best_err=0.85 best_cxcy=85.9,119.6 scan=0:-26.7,10:-23.8,20:-20.8,30:-17.7,40:-14.5,50:-11.2,60:-7.8,70:-4.4,80:-0.9,90:2.6,100:6.0,110:9.4,120:12.8,130:16.0,140:19.1
ATGSeedDiag: seed=1@44,108/1@155,89 begin=7,108 block=5 clip=8
ATGLptDiag: best=26(60.9) imip=16/34 pass=11111 acc=26 ipm=39.5,72.0 inv=29.3,40.3 | 36(77.6) imip=26/46 pass=11111 acc=36 ipm=80.9,42.5 inv=71.3,26.4
frame=622 line=1 track=0 cross=0 circle=0(CIRCLE_NONE) round=0 yroad=0 ramp=0 road=3 speed=0 near=25/36 raw=97/170 sel=25/43 far=0/0 far_raw=0/0 l=1@27/1@36 far_l=0@-1/0@-1 straight=0/0 far_straight=0/0 circle_cnt=0/0/0/0 lost=0/0 conf=43.9/75.3/0.0/0.0 dist=0 m0=(84,119) ml=(95,91) md=33/1/93 cxcy=84.0,119.6 guide=-10.90 atg=-19.0/-57.0/-57.0 pure=1.96/4.03 yaw=654 cmd=454 actual=3069 signed=0 rps=4378/5622:2956/5572 duty=12/16
CrossDiag: type=CROSS_NONE track=0 half_lr=0/0 nearL=1@27/1@36 nearNum=25/36 centerNum=25/36 farL=0@-1/0@-1 farNum=0/0 farRaw=0/0 lost=0/0 not_have=0 final=25/43 flags=0/0
LineErr: aim=33 cxcy=84.0,119.6 left=1:-12.39@95,93 dx=11.0 idx=0/6 dist=32/97 right=1:-2.59@87,87 dx=2.5 idx=0/20 dist=32/82 sel=1:-10.19@94,89 dx=9.7 idx=0/16 dist=32/84 edge=1:0.95@83.0,81.0 dx=-1.0 width=58.5 l=54,85 r=112,77
CxScan: raw_ref=80.0 edge=83.0,81.0 best_raw_x=75 best_err=-0.83 best_cxcy=82.1,119.5 scan=0:-25.8,10:-22.8,20:-19.7,30:-16.4,40:-13.1,50:-9.6,60:-6.1,70:-2.6,80:1.0,90:4.5,100:8.0,110:11.4,120:14.8,130:18.0,140:21.2
ATGSeedDiag: seed=1@43,108/1@155,92 begin=7,108 block=5 clip=8
ATGLptDiag: best=27(65.9) imip=17/33 pass=11111 acc=27 ipm=35.1,72.5 inv=24.5,40.6 | 36(75.3) imip=26/46 pass=11111 acc=36 ipm=79.1,44.4 inv=70.0,27.0
frame=623 line=1 track=0 cross=0 circle=0(CIRCLE_NONE) round=0 yroad=0 ramp=0 road=3 speed=0 near=25/37 raw=93/170 sel=25/43 far=0/0 far_raw=0/0 l=1@27/1@37 far_l=0@-1/0@-1 straight=0/0 far_straight=0/0 circle_cnt=0/0/0/0 lost=0/0 conf=41.6/75.4/0.0/0.0 dist=0 m0=(84,119) ml=(92,89) md=34/1/93 cxcy=84.0,119.6 guide=-9.23 atg=-35.0/-60.0/-60.0 pure=2.55/4.38 yaw=554 cmd=354 actual=2990 signed=0 rps=4515/5485:3011/5526 duty=12/15
CrossDiag: type=CROSS_NONE track=0 half_lr=0/0 nearL=1@27/1@37 nearNum=25/37 centerNum=25/37 farL=0@-1/0@-1 farNum=0/0 farRaw=0/0 lost=0/0 not_have=0 final=25/43 flags=0/0
LineErr: aim=33 cxcy=84.0,119.6 left=1:-11.22@94,93 dx=9.8 idx=0/5 dist=32/99 right=1:-1.38@85,89 dx=1.3 idx=0/20 dist=32/85 sel=1:-7.55@91,87 dx=7.3 idx=0/16 dist=32/84 edge=1:2.36@81.5,81.5 dx=-2.5 width=59.4 l=52,85 r=111,78
CxScan: raw_ref=80.0 edge=81.5,81.5 best_raw_x=75 best_err=0.57 best_cxcy=82.1,119.5 scan=0:-24.8,10:-21.8,20:-18.6,30:-15.3,40:-11.8,50:-8.4,60:-4.8,70:-1.2,80:2.4,90:5.9,100:9.4,110:12.9,120:16.2,130:19.4,140:22.5
ATGSeedDiag: seed=1@43,108/1@155,95 begin=7,108 block=5 clip=8
ATGLptDiag: best=27(63.8) imip=17/32 pass=11111 acc=27 ipm=31.8,74.7 inv=19.7,42.1 | 37(75.4) imip=27/47 pass=11111 acc=37 ipm=75.5,44.6 inv=67.3,27.1
frame=624 line=1 track=0 cross=0 circle=0(CIRCLE_NONE) round=0 yroad=0 ramp=0 road=3 speed=0 near=24/38 raw=89/146 sel=24/40 far=0/0 far_raw=0/0 l=1@26/1@38 far_l=0@-1/0@-1 straight=0/0 far_straight=0/0 circle_cnt=0/0/0/0 lost=0/0 conf=42.2/77.1/0.0/0.0 dist=0 m0=(84,119) ml=(90,89) md=32/1/85 cxcy=84.0,119.6 guide=-5.70 atg=-52.0/-60.0/-60.0 pure=3.10/4.44 yaw=145 cmd=-55 actual=2897 signed=0 rps=5075/4925:3352/5784 duty=14/13
CrossDiag: type=CROSS_NONE track=0 half_lr=0/0 nearL=1@26/1@38 nearNum=24/38 centerNum=24/38 farL=0@-1/0@-1 farNum=0/0 farRaw=0/0 lost=0/0 not_have=0 final=24/40 flags=0/0
LineErr: aim=33 cxcy=84.0,119.6 left=1:-7.09@91,89 dx=6.7 idx=0/6 dist=34/92 right=1:1.00@83,89 dx=-0.9 idx=0/21 dist=33/86 sel=1:-5.26@89,86 dx=5.2 idx=0/16 dist=32/78 edge=1:4.29@79.5,82.5 dx=-4.5 width=61.4 l=49,86 r=110,79
CxScan: raw_ref=80.0 edge=79.5,82.5 best_raw_x=70 best_err=0.66 best_cxcy=80.2,119.5 scan=0:-23.6,10:-20.4,20:-17.1,30:-13.7,40:-10.2,50:-6.6,60:-3.0,70:0.7,80:4.3,90:7.9,100:11.4,110:14.9,120:18.2,130:21.4,140:24.5
ATGSeedDiag: seed=1@42,108/1@155,97 begin=7,108 block=5 clip=8
ATGLptDiag: best=26(67.6) imip=16/30 pass=11111 acc=26 ipm=31.6,75.4 inv=18.9,42.6 | 38(77.1) imip=28/48 pass=11111 acc=38 ipm=71.6,44.8 inv=64.4,27.2
frame=625 line=1 track=0 cross=0 circle=0(CIRCLE_NONE) round=0 yroad=0 ramp=0 road=3 speed=0 near=24/39 raw=85/170 sel=24/40 far=0/0 far_raw=0/0 l=1@26/1@39 far_l=0@-1/0@-1 straight=0/0 far_straight=0/0 circle_cnt=0/0/0/0 lost=0/0 conf=40.6/73.0/0.0/0.0 dist=0 m0=(84,119) ml=(88,88) md=32/1/85 cxcy=84.0,119.6 guide=-3.40 atg=-60.0/-60.0/-60.0 pure=3.59/4.73 yaw=87 cmd=-113 actual=2807 signed=0 rps=5155/4845:3371/5510 duty=14/13
CrossDiag: type=CROSS_NONE track=0 half_lr=0/0 nearL=1@26/1@39 nearNum=24/39 centerNum=24/39 farL=0@-1/0@-1 farNum=0/0 farRaw=0/0 lost=0/0 not_have=0 final=24/40 flags=0/0
LineErr: aim=33 cxcy=84.0,119.6 left=1:-4.49@88,88 dx=4.3 idx=0/6 dist=34/91 right=1:0.58@83,91 dx=-0.5 idx=0/20 dist=32/89 sel=1:-3.00@87,86 dx=3.0 idx=0/16 dist=32/78 edge=1:5.37@78.5,84.0 dx=-5.5 width=59.5 l=49,88 r=108,80
CxScan: raw_ref=80.0 edge=78.5,84.0 best_raw_x=65 best_err=-0.22 best_cxcy=78.3,119.5 scan=0:-23.3,10:-20.0,20:-16.6,30:-13.1,40:-9.5,50:-5.8,60:-2.1,70:1.6,80:5.4,90:9.0,100:12.6,110:16.1,120:19.5,130:22.7,140:25.8
ATGSeedDiag: seed=1@41,108/1@155,100 begin=7,108 block=5 clip=8
ATGLptDiag: best=26(68.5) imip=16/29 pass=11111 acc=26 ipm=29.0,77.2 inv=14.8,43.9 | 39(73.0) imip=29/49 pass=11111 acc=39 ipm=68.9,44.7 inv=62.3,27.2
frame=626 line=1 track=0 cross=0 circle=0(CIRCLE_NONE) round=0 yroad=0 ramp=0 road=3 speed=0 near=24/39 raw=81/170 sel=24/39 far=0/0 far_raw=0/0 l=1@26/1@39 far_l=0@-1/0@-1 straight=0/0 far_straight=0/0 circle_cnt=0/0/0/0 lost=0/0 conf=36.7/74.8/0.0/0.0 dist=0 m0=(84,119) ml=(86,87) md=32/1/82 cxcy=84.0,119.6 guide=-1.16 atg=-60.0/-60.0/-60.0 pure=4.05/4.96 yaw=30 cmd=-170 actual=2699 signed=0 rps=5234/4766:3746/5730 duty=14/12
CrossDiag: type=CROSS_NONE track=0 half_lr=0/0 nearL=1@26/1@39 nearNum=24/39 centerNum=24/39 farL=0@-1/0@-1 farNum=0/0 farRaw=0/0 lost=0/0 not_have=0 final=24/39 flags=0/0
LineErr: aim=33 cxcy=84.0,119.6 left=1:-1.96@86,87 dx=1.9 idx=0/6 dist=34/91 right=1:1.70@83,92 dx=-1.5 idx=0/20 dist=32/88 sel=1:-0.70@85,85 dx=0.7 idx=0/16 dist=32/76 edge=1:6.94@77.0,85.0 dx=-7.0 width=60.5 l=47,89 r=107,81
CxScan: raw_ref=80.0 edge=77.0,85.0 best_raw_x=60 best_err=-0.64 best_cxcy=76.4,119.5 scan=0:-22.4,10:-19.0,20:-15.5,30:-11.9,40:-8.2,50:-4.4,60:-0.6,70:3.2,80:6.9,90:10.6,100:14.3,110:17.8,120:21.1,130:24.3,140:27.4
ATGSeedDiag: seed=1@40,108/1@155,102 begin=7,108 block=5 clip=8
ATGLptDiag: best=26(65.4) imip=16/28 pass=11111 acc=26 ipm=26.5,79.6 inv=10.1,45.8 | 39(74.8) imip=29/49 pass=11111 acc=39 ipm=66.1,46.9 inv=60.0,28.0
frame=627 line=1 track=0 cross=0 circle=0(CIRCLE_NONE) round=0 yroad=0 ramp=0 road=3 speed=0 near=24/40 raw=78/170 sel=24/39 far=0/0 far_raw=0/0 l=1@26/1@40 far_l=0@-1/0@-1 straight=0/0 far_straight=0/0 circle_cnt=0/0/0/0 lost=0/0 conf=70.6/74.8/0.0/0.0 dist=0 m0=(84,119) ml=(84,87) md=33/1/83 cxcy=84.0,119.6 guide=0.70 atg=-60.0/-60.0/-60.0 pure=4.44/5.21 yaw=-18 cmd=-218 actual=2572 signed=0 rps=5299/4701:3963/5719 duty=14/12
CrossDiag: type=CROSS_NONE track=0 half_lr=0/0 nearL=1@26/1@40 nearNum=24/40 centerNum=24/40 farL=0@-1/0@-1 farNum=0/0 farRaw=0/0 lost=0/0 not_have=0 final=24/39 flags=0/0
LineErr: aim=33 cxcy=84.0,119.6 left=1:-1.37@85,88 dx=1.3 idx=0/5 dist=32/89 right=1:3.20@81,94 dx=-2.8 idx=0/20 dist=32/91 sel=1:1.16@83,85 dx=-1.2 idx=0/16 dist=32/76 edge=1:8.54@75.5,86.0 dx=-8.5 width=61.5 l=45,90 r=106,82
CxScan: raw_ref=80.0 edge=75.5,86.0 best_raw_x=60 best_err=0.86 best_cxcy=76.4,119.5 scan=0:-21.4,10:-18.0,20:-14.4,30:-10.7,40:-6.9,50:-3.0,60:0.9,70:4.7,80:8.5,90:12.3,100:15.9,110:19.4,120:22.7,130:25.9,140:29.0
ATGSeedDiag: seed=1@39,108/1@155,105 begin=7,108 block=5 clip=8
ATGLptDiag: best=26(70.6) imip=16/27 pass=11111 acc=26 ipm=24.5,81.3 inv=6.2,47.2 | 40(74.8) imip=30/50 pass=11111 acc=40 ipm=62.6,47.1 inv=57.3,28.1
frame=628 line=1 track=0 cross=0 circle=0(CIRCLE_NONE) round=0 yroad=0 ramp=0 road=3 speed=0 near=26/40 raw=74/170 sel=26/39 far=0/0 far_raw=0/0 l=0@-1/1@40 far_l=0@-1/0@-1 straight=0/0 far_straight=0/0 circle_cnt=0/0/0/0 lost=0/0 conf=35.1/74.5/0.0/0.0 dist=0 m0=(84,119) ml=(82,87) md=33/1/84 cxcy=84.0,119.6 guide=2.55 atg=-60.0/-60.0/-60.0 pure=4.83/5.47 yaw=-65 cmd=-265 actual=2418 signed=0 rps=5363/4637:3908/5260 duty=14/12
CrossDiag: type=CROSS_NONE track=0 half_lr=0/0 nearL=0@-1/1@40 nearNum=26/40 centerNum=26/40 farL=0@-1/0@-1 farNum=0/0 farRaw=0/0 lost=0/0 not_have=0 final=26/39 flags=0/0
LineErr: aim=33 cxcy=84.0,119.6 left=1:0.78@83,88 dx=-0.8 idx=0/5 dist=33/90 right=1:5.85@79,93 dx=-5.1 idx=0/21 dist=33/89 sel=1:3.17@81,85 dx=-3.2 idx=0/16 dist=32/76 edge=1:10.60@73.5,86.5 dx=-10.5 width=61.7 l=43,91 r=104,82
CxScan: raw_ref=80.0 edge=73.5,86.5 best_raw_x=55 best_err=0.95 best_cxcy=74.4,119.5 scan=0:-19.8,10:-16.3,20:-12.6,30:-8.8,40:-4.9,50:-1.0,60:2.9,70:6.8,80:10.6,90:14.3,100:17.9,110:21.3,120:24.6,130:27.7,140:30.7
ATGSeedDiag: seed=1@38,108/1@155,107 begin=7,108 block=5 clip=8
ATGLptDiag: best=4(35.1) imip=0/14 pass=10111 acc=-1 ipm=64.9,107.2 inv=42.0,81.1 | 40(74.5) imip=30/50 pass=11111 acc=40 ipm=60.6,48.6 inv=55.5,28.7
frame=629 line=1 track=0 cross=0 circle=0(CIRCLE_NONE) round=0 yroad=0 ramp=0 road=3 speed=0 near=25/40 raw=69/170 sel=25/38 far=0/0 far_raw=0/0 l=0@-1/1@40 far_l=0@-1/0@-1 straight=0/0 far_straight=0/0 circle_cnt=0/0/0/0 lost=0/0 conf=31.1/76.7/0.0/0.0 dist=0 m0=(84,119) ml=(80,87) md=33/1/81 cxcy=84.0,119.6 guide=3.31 atg=-60.0/-60.0/-60.0 pure=5.18/5.64 yaw=-84 cmd=-284 actual=2248 signed=0 rps=5390/4610:4227/5255 duty=14/12
CrossDiag: type=CROSS_NONE track=0 half_lr=0/0 nearL=0@-1/1@40 nearNum=25/40 centerNum=25/40 farL=0@-1/0@-1 farNum=0/0 farRaw=0/0 lost=0/0 not_have=0 final=25/38 flags=0/0
LineErr: aim=33 cxcy=84.0,119.6 left=1:3.44@81,87 dx=-3.4 idx=0/5 dist=34/87 right=1:6.28@79,96 dx=-5.2 idx=0/20 dist=32/89 sel=1:5.09@79,85 dx=-5.2 idx=0/16 dist=32/74 edge=1:12.28@72.0,87.5 dx=-12.0 width=62.6 l=41,92 r=103,83
CxScan: raw_ref=80.0 edge=72.0,87.5 best_raw_x=50 best_err=0.54 best_cxcy=72.5,119.5 scan=0:-18.8,10:-15.1,20:-11.3,30:-7.4,40:-3.5,50:0.5,60:4.5,70:8.4,80:12.3,90:16.0,100:19.6,110:23.0,120:26.3,130:29.4,140:32.3
ATGSeedDiag: seed=1@37,107/1@154,108 begin=7,108 block=5 clip=8
ATGLptDiag: best=2(31.1) imip=0/12 pass=10111 acc=-1 ipm=65.4,111.3 inv=40.0,90.8 | 40(76.7) imip=30/50 pass=11111 acc=40 ipm=58.3,50.3 inv=53.5,29.3
frame=630 line=1 track=1 cross=0 circle=0(CIRCLE_NONE) round=0 yroad=0 ramp=0 road=3 speed=0 near=24/41 raw=66/170 sel=41/41 far=0/0 far_raw=0/0 l=0@-1/1@41 far_l=0@-1/0@-1 straight=0/0 far_straight=0/0 circle_cnt=0/0/0/0 lost=0/0 conf=31.2/73.3/0.0/0.0 dist=0 m0=(84,119) ml=(77,95) md=33/1/88 cxcy=84.0,119.6 guide=9.75 atg=-60.0/-60.0/-60.0 pure=6.85/5.87 yaw=-585 cmd=-785 actual=2083 signed=0 rps=6076/3924:4135/4974 duty=16/10
CrossDiag: type=CROSS_NONE track=1 half_lr=0/0 nearL=0@-1/1@41 nearNum=24/41 centerNum=24/41 farL=0@-1/0@-1 farNum=0/0 farRaw=0/0 lost=0/0 not_have=0 final=41/41 flags=0/0
LineErr: aim=33 cxcy=84.0,119.6 left=1:15.65@66,77 dx=-18.5 idx=0/11 dist=33/65 right=1:4.96@80,98 dx=-3.8 idx=0/18 dist=33/96 sel=1:10.41@75,94 dx=-9.0 idx=0/16 dist=32/80 edge=1:13.87@70.5,88.0 dx=-13.5 width=63.8 l=39,93 r=102,83
CxScan: raw_ref=80.0 edge=70.5,88.0 best_raw_x=45 best_err=0.10 best_cxcy=70.6,119.5 scan=0:-17.5,10:-13.8,20:-9.9,30:-5.9,40:-1.9,50:2.1,60:6.1,70:10.0,80:13.9,90:17.6,100:21.1,110:24.5,120:27.7,130:30.8,140:33.6
ATGSeedDiag: seed=1@35,108/1@153,108 begin=7,108 block=5 clip=8
ATGLptDiag: best=3(31.2) imip=0/13 pass=10111 acc=-1 ipm=63.8,109.5 inv=38.0,86.4 | 41(73.3) imip=31/51 pass=11111 acc=41 ipm=55.3,49.3 inv=51.3,29.0
frame=631 line=1 track=1 cross=0 circle=0(CIRCLE_NONE) round=0 yroad=0 ramp=0 road=3 speed=0 near=22/41 raw=63/170 sel=41/40 far=0/0 far_raw=0/0 l=0@-1/1@41 far_l=0@-1/0@-1 straight=0/0 far_straight=0/0 circle_cnt=0/0/0/0 lost=0/0 conf=28.8/74.6/0.0/0.0 dist=0 m0=(84,119) ml=(75,95) md=33/1/86 cxcy=84.0,119.6 guide=10.77 atg=-60.0/-60.0/-60.0 pure=7.09/6.14 yaw=-646 cmd=-846 actual=1936 signed=0 rps=6159/3841:4387/5233 duty=16/9
CrossDiag: type=CROSS_NONE track=1 half_lr=0/0 nearL=0@-1/1@41 nearNum=22/41 centerNum=22/41 farL=0@-1/0@-1 farNum=0/0 farRaw=0/0 lost=0/0 not_have=0 final=41/40 flags=0/0
LineErr: aim=33 cxcy=84.0,119.6 left=1:17.45@63,77 dx=-20.7 idx=0/11 dist=33/61 right=1:7.31@78,98 dx=-5.8 idx=1/19 dist=32/95 sel=1:12.66@73,94 dx=-11.0 idx=0/16 dist=32/78 edge=1:14.86@69.5,88.0 dx=-14.5 width=63.8 l=38,93 r=101,83
CxScan: raw_ref=80.0 edge=69.5,88.0 best_raw_x=40 best_err=-0.86 best_cxcy=68.7,119.4 scan=0:-16.6,10:-12.8,20:-8.9,30:-4.9,40:-0.9,50:3.2,60:7.1,70:11.1,80:14.9,90:18.5,100:22.0,110:25.4,120:28.5,130:31.5,140:34.3
ATGSeedDiag: seed=1@34,108/1@153,108 begin=7,108 block=5 clip=8
ATGLptDiag: best=2(28.8) imip=0/12 pass=10111 acc=-1 ipm=63.7,111.7 inv=36.0,91.9 | 41(74.6) imip=31/51 pass=11111 acc=41 ipm=53.4,50.5 inv=49.5,29.4
frame=632 line=1 track=1 cross=0 circle=0(CIRCLE_NONE) round=0 yroad=0 ramp=0 road=3 speed=0 near=20/42 raw=58/166 sel=42/41 far=0/0 far_raw=0/0 l=0@-1/1@42 far_l=0@-1/0@-1 straight=0/0 far_straight=0/0 circle_cnt=0/0/0/0 lost=0/0 conf=26.2/71.5/0.0/0.0 dist=0 m0=(84,119) ml=(75,96) md=32/1/90 cxcy=84.0,119.6 guide=12.23 atg=-60.0/-60.0/-60.0 pure=7.30/6.12 yaw=-734 cmd=-934 actual=1773 signed=0 rps=6280/3720:4241/5207 duty=17/9
CrossDiag: type=CROSS_NONE track=1 half_lr=0/0 nearL=0@-1/1@42 nearNum=20/42 centerNum=20/42 farL=0@-1/0@-1 farNum=0/0 farRaw=0/0 lost=0/0 not_have=0 final=42/41 flags=0/0
LineErr: aim=33 cxcy=84.0,119.6 left=1:19.31@61,77 dx=-23.0 idx=0/11 dist=32/55 right=1:9.85@76,97 dx=-7.9 idx=2/20 dist=32/95 sel=1:14.75@71,94 dx=-13.0 idx=0/16 dist=32/80 edge=1:16.60@68.0,89.0 dx=-16.0 width=64.8 l=36,94 r=100,84
CxScan: raw_ref=80.0 edge=68.0,89.0 best_raw_x=40 best_err=0.72 best_cxcy=68.7,119.4 scan=0:-15.4,10:-11.5,20:-7.5,30:-3.4,40:0.7,50:4.8,60:8.8,70:12.8,80:16.6,90:20.3,100:23.8,110:27.1,120:30.2,130:33.1,140:35.9
ATGSeedDiag: seed=1@33,107/1@152,108 begin=7,108 block=5 clip=8
ATGLptDiag: best=1(26.2) imip=0/11 pass=10111 acc=-1 ipm=63.7,113.6 inv=34.0,97.3 | 42(71.5) imip=32/52 pass=11111 acc=42 ipm=50.4,49.7 inv=47.3,29.1
frame=633 line=1 track=1 cross=0 circle=0(CIRCLE_NONE) round=0 yroad=0 ramp=0 road=3 speed=0 near=18/41 raw=55/170 sel=41/38 far=0/0 far_raw=0/0 l=0@-1/1@41 far_l=0@-1/0@-1 straight=0/0 far_straight=0/0 circle_cnt=0/0/0/0 lost=0/0 conf=25.2/74.3/0.0/0.0 dist=0 m0=(84,119) ml=(71,95) md=33/1/82 cxcy=84.0,119.6 guide=14.54 atg=-60.0/-60.0/-60.0 pure=7.54/6.66 yaw=-873 cmd=-1073 actual=1604 signed=0 rps=6470/3530:4455/5655 duty=17/7
CrossDiag: type=CROSS_NONE track=1 half_lr=0/0 nearL=0@-1/1@41 nearNum=18/41 centerNum=18/41 farL=0@-1/0@-1 farNum=0/0 farRaw=0/0 lost=0/0 not_have=0 final=41/38 flags=0/0
LineErr: aim=33 cxcy=84.0,119.6 left=1:22.10@57,77 dx=-26.8 idx=0/12 dist=33/48 right=1:13.77@73,96 dx=-11.4 idx=3/22 dist=33/85 sel=1:17.29@69,94 dx=-15.3 idx=0/16 dist=32/74 edge=1:17.73@67.0,89.5 dx=-17.0 width=64.9 l=35,95 r=99,84
CxScan: raw_ref=80.0 edge=67.0,89.5 best_raw_x=35 best_err=-0.27 best_cxcy=66.8,119.4 scan=0:-14.5,10:-10.5,20:-6.5,30:-2.3,40:1.8,50:5.9,60:10.0,70:13.9,80:17.7,90:21.4,100:24.8,110:28.1,120:31.2,130:34.1,140:36.8
ATGSeedDiag: seed=1@31,108/1@152,108 begin=7,108 block=5 clip=8
ATGLptDiag: best=3(25.2) imip=0/13 pass=10111 acc=-1 ipm=60.6,110.1 inv=31.3,87.8 | 41(74.3) imip=31/51 pass=11111 acc=41 ipm=50.4,52.9 inv=46.5,30.4
frame=634 line=1 track=1 cross=0 circle=0(CIRCLE_NONE) round=0 yroad=0 ramp=0 road=3 speed=0 near=16/42 raw=51/170 sel=42/39 far=0/0 far_raw=0/0 l=0@-1/1@42 far_l=0@-1/0@-1 straight=0/0 far_straight=0/0 circle_cnt=0/0/0/0 lost=0/0 conf=24.1/70.2/0.0/0.0 dist=0 m0=(84,119) ml=(69,95) md=33/1/85 cxcy=84.0,119.6 guide=17.17 atg=-60.0/-60.0/-60.0 pure=7.78/6.60 yaw=-1030 cmd=-1230 actual=1432 signed=0 rps=6686/3314:4262/5445 duty=18/7
CrossDiag: type=CROSS_NONE track=1 half_lr=0/0 nearL=0@-1/1@42 nearNum=16/42 centerNum=16/42 farL=0@-1/0@-1 farNum=0/0 farRaw=0/0 lost=0/0 not_have=0 final=42/39 flags=0/0
LineErr: aim=33 cxcy=84.0,119.6 left=1:25.06@53,76 dx=-31.3 idx=0/13 dist=34/40 right=1:15.07@72,97 dx=-12.4 idx=4/22 dist=32/92 sel=1:19.52@67,94 dx=-17.4 idx=0/16 dist=32/76 edge=1:18.05@67.0,90.5 dx=-17.0 width=63.3 l=36,97 r=98,84
CxScan: raw_ref=80.0 edge=67.0,90.5 best_raw_x=35 best_err=-0.27 best_cxcy=66.8,119.4 scan=0:-14.8,10:-10.7,20:-6.6,30:-2.4,40:1.8,50:6.0,60:10.2,70:14.2,80:18.0,90:21.7,100:25.3,110:28.6,120:31.7,130:34.6,140:37.3
ATGSeedDiag: seed=1@30,108/1@151,108 begin=7,108 block=5 clip=8
ATGLptDiag: best=2(24.1) imip=0/12 pass=10111 acc=-1 ipm=61.0,112.1 inv=29.9,92.9 | 42(70.2) imip=32/52 pass=11111 acc=42 ipm=47.3,51.8 inv=44.3,29.9
frame=635 line=1 track=1 cross=0 circle=0(CIRCLE_NONE) round=0 yroad=0 ramp=0 road=3 speed=0 near=15/41 raw=48/170 sel=41/38 far=0/0 far_raw=0/0 l=0@-1/1@41 far_l=0@-1/0@-1 straight=0/0 far_straight=0/0 circle_cnt=0/0/0/0 lost=0/0 conf=28.2/70.9/0.0/0.0 dist=0 m0=(84,119) ml=(67,95) md=33/1/81 cxcy=84.0,119.6 guide=20.58 atg=-60.0/-60.0/-60.0 pure=7.98/6.90 yaw=-1235 cmd=-1435 actual=1291 signed=0 rps=6967/3033:4511/5561 duty=19/5
CrossDiag: type=CROSS_NONE track=1 half_lr=0/0 nearL=0@-1/1@41 nearNum=15/41 centerNum=15/41 farL=0@-1/0@-1 farNum=0/0 farRaw=0/0 lost=0/0 not_have=0 final=41/38 flags=0/0
LineErr: aim=33 cxcy=84.0,119.6 left=1:26.39@51,76 dx=-33.0 idx=0/13 dist=33/36 right=1:18.06@69,97 dx=-15.1 idx=4/23 dist=32/85 sel=1:21.64@65,94 dx=-19.3 idx=0/16 dist=32/74 edge=1:19.38@66.0,91.5 dx=-18.0 width=61.4 l=36,98 r=96,85
CxScan: raw_ref=80.0 edge=66.0,91.5 best_raw_x=35 best_err=0.85 best_cxcy=66.8,119.4 scan=0:-14.0,10:-9.8,20:-5.6,30:-1.3,40:3.0,50:7.3,60:11.4,70:15.5,80:19.4,90:23.1,100:26.6,110:29.9,120:33.0,130:35.9,140:38.6
ATGSeedDiag: seed=1@28,108/1@150,108 begin=7,108 block=5 clip=8
ATGLptDiag: best=1(28.2) imip=0/11 pass=10111 acc=-1 ipm=61.5,114.0 inv=28.9,98.5 | 41(70.9) imip=31/51 pass=11111 acc=41 ipm=47.2,54.6 inv=43.4,31.1
frame=636 line=1 track=1 cross=0 circle=0(CIRCLE_NONE) round=0 yroad=0 ramp=0 road=3 speed=0 near=14/42 raw=45/170 sel=42/39 far=0/0 far_raw=0/0 l=0@-1/1@42 far_l=0@-1/0@-1 straight=0/0 far_straight=0/0 circle_cnt=0/0/0/0 lost=0/0 conf=22.3/69.6/0.0/0.0 dist=0 m0=(84,119) ml=(65,95) md=32/1/84 cxcy=84.0,119.6 guide=22.01 atg=-60.0/-60.0/-60.0 pure=8.16/6.80 yaw=-1321 cmd=-1521 actual=1128 signed=0 rps=7084/2916:4697/5619 duty=19/5
CrossDiag: type=CROSS_NONE track=1 half_lr=0/0 nearL=0@-1/1@42 nearNum=14/42 centerNum=14/42 farL=0@-1/0@-1 farNum=0/0 farRaw=0/0 lost=0/0 not_have=0 final=42/39 flags=0/0
LineErr: aim=33 cxcy=84.0,119.6 left=1:27.33@50,77 dx=-34.1 idx=0/13 dist=32/32 right=1:19.57@68,97 dx=-16.2 idx=5/23 dist=32/90 sel=1:23.85@63,94 dx=-21.4 idx=0/16 dist=32/76 edge=1:19.73@66.0,92.5 dx=-18.0 width=59.9 l=37,100 r=95,85
CxScan: raw_ref=80.0 edge=66.0,92.5 best_raw_x=35 best_err=0.86 best_cxcy=66.8,119.4 scan=0:-14.3,10:-10.0,20:-5.7,30:-1.3,40:3.1,50:7.4,60:11.7,70:15.8,80:19.7,90:23.5,100:27.0,110:30.4,120:33.5,130:36.4,140:39.1
ATGSeedDiag: seed=1@27,108/1@149,108 begin=7,108 block=5 clip=8
ATGLptDiag: best=1(22.3) imip=0/11 pass=10111 acc=-1 ipm=60.7,114.1 inv=26.9,98.9 | 42(69.6) imip=32/52 pass=11111 acc=42 ipm=44.4,53.6 inv=41.4,30.7
frame=637 line=1 track=1 cross=0 circle=0(CIRCLE_NONE) round=0 yroad=0 ramp=0 road=3 speed=0 near=12/41 raw=38/170 sel=41/37 far=0/0 far_raw=0/0 l=0@-1/1@41 far_l=0@-1/0@-1 straight=0/0 far_straight=0/0 circle_cnt=0/0/0/0 lost=0/0 conf=26.4/69.5/0.0/0.0 dist=0 m0=(84,119) ml=(63,96) md=32/1/78 cxcy=84.0,119.6 guide=25.03 atg=-60.0/-60.0/-60.0 pure=8.25/7.17 yaw=-1502 cmd=-1702 actual=948 signed=0 rps=7332/2668:4641/5264 duty=20/4
CrossDiag: type=CROSS_NONE track=1 half_lr=0/0 nearL=0@-1/1@41 nearNum=12/41 centerNum=12/41 farL=0@-1/0@-1 farNum=0/0 farRaw=0/0 lost=0/0 not_have=0 final=41/37 flags=0/0
LineErr: aim=33 cxcy=84.0,119.6 left=1:26.26@53,79 dx=-31.4 idx=0/11 dist=24/24 right=1:22.17@65,97 dx=-18.6 idx=5/24 dist=33/86 sel=1:25.71@61,95 dx=-23.0 idx=0/16 dist=32/72 edge=1:19.59@66.5,93.5 dx=-17.5 width=57.6 l=39,102 r=94,85
CxScan: raw_ref=80.0 edge=66.5,93.5 best_raw_x=35 best_err=0.30 best_cxcy=66.8,119.4 scan=0:-15.1,10:-10.8,20:-6.4,30:-1.9,40:2.5,50:7.0,60:11.3,70:15.5,80:19.6,90:23.4,100:27.1,110:30.5,120:33.6,130:36.6,140:39.3
ATGSeedDiag: seed=1@25,105/1@148,108 begin=7,108 block=5 clip=8
ATGLptDiag: best=1(26.4) imip=0/11 pass=10111 acc=-1 ipm=59.2,113.3 inv=24.7,96.4 | 41(69.5) imip=31/51 pass=11111 acc=41 ipm=44.7,55.9 inv=40.9,31.7
frame=638 line=1 track=1 cross=0 circle=0(CIRCLE_NONE) round=0 yroad=0 ramp=0 road=3 speed=0 near=11/41 raw=38/170 sel=41/37 far=0/0 far_raw=0/0 l=0@-1/1@41 far_l=0@-1/0@-1 straight=0/0 far_straight=0/0 circle_cnt=0/0/0/0 lost=0/0 conf=20.6/72.0/0.0/0.0 dist=0 m0=(84,119) ml=(62,96) md=33/1/79 cxcy=84.0,119.6 guide=26.18 atg=-60.0/-60.0/-60.0 pure=8.41/7.29 yaw=-1571 cmd=-1771 actual=760 signed=0 rps=7427/2573:5067/5318 duty=20/4
CrossDiag: type=CROSS_NONE track=1 half_lr=0/0 nearL=0@-1/1@41 nearNum=11/41 centerNum=11/41 farL=0@-1/0@-1 farNum=0/0 farRaw=0/0 lost=0/0 not_have=0 final=41/37 flags=0/0
LineErr: aim=33 cxcy=84.0,119.6 left=1:24.76@56,82 dx=-28.1 idx=0/10 dist=20/20 right=1:22.94@65,98 dx=-19.1 idx=5/24 dist=33/86 sel=1:26.83@60,95 dx=-23.9 idx=0/16 dist=32/72 edge=1:18.55@68.0,95.0 dx=-16.0 width=55.0 l=42,104 r=94,86
CxScan: raw_ref=80.0 edge=68.0,95.0 best_raw_x=40 best_err=0.81 best_cxcy=68.7,119.4 scan=0:-17.2,10:-12.9,20:-8.4,30:-3.8,40:0.8,50:5.4,60:9.9,70:14.3,80:18.5,90:22.6,100:26.4,110:29.9,120:33.2,130:36.3,140:39.1
ATGSeedDiag: seed=1@24,108/1@148,108 begin=7,108 block=5 clip=8
ATGLptDiag: best=2(20.6) imip=0/10 pass=10111 acc=-1 ipm=57.6,112.6 inv=22.1,94.4 | 41(72.0) imip=31/51 pass=11111 acc=41 ipm=43.5,57.2 inv=39.4,32.3
frame=639 line=1 track=1 cross=0 circle=0(CIRCLE_NONE) round=0 yroad=0 ramp=0 road=3 speed=0 near=10/41 raw=35/170 sel=41/37 far=0/0 far_raw=0/0 l=0@-1/1@41 far_l=0@-1/0@-1 straight=0/0 far_straight=0/0 circle_cnt=0/0/0/0 lost=0/0 conf=22.4/70.6/0.0/0.0 dist=0 m0=(84,119) ml=(61,97) md=33/1/78 cxcy=84.0,119.6 guide=27.33 atg=-60.0/-60.0/-60.0 pure=8.51/7.37 yaw=-1640 cmd=-1840 actual=587 signed=0 rps=7521/2479:5097/4937 duty=20/4
CrossDiag: type=CROSS_NONE track=1 half_lr=0/0 nearL=0@-1/1@41 nearNum=10/41 centerNum=10/41 farL=0@-1/0@-1 farNum=0/0 farRaw=0/0 lost=0/0 not_have=0 final=41/37 flags=0/0
LineErr: aim=33 cxcy=84.0,119.6 left=1:24.44@57,83 dx=-27.1 idx=0/9 dist=18/18 right=1:24.09@64,98 dx=-19.9 idx=5/24 dist=33/85 sel=1:27.83@59,96 dx=-24.7 idx=0/16 dist=32/72 edge=1:18.73@68.0,95.5 dx=-16.0 width=53.5 l=43,105 r=93,86
CxScan: raw_ref=80.0 edge=68.0,95.5 best_raw_x=40 best_err=0.82 best_cxcy=68.7,119.4 scan=0:-17.4,10:-13.0,20:-8.5,30:-3.8,40:0.8,50:5.5,60:10.0,70:14.5,80:18.7,90:22.8,100:26.6,110:30.2,120:33.5,130:36.6,140:39.4
ATGSeedDiag: seed=1@23,108/1@147,108 begin=7,108 block=5 clip=8
ATGLptDiag: best=1(22.4) imip=0/9 pass=10111 acc=-1 ipm=58.4,114.3 inv=21.5,99.4 | 41(70.6) imip=31/51 pass=11111 acc=41 ipm=42.5,57.6 inv=38.4,32.5
frame=640 line=1 track=1 cross=0 circle=0(CIRCLE_NONE) round=0 yroad=0 ramp=0 road=3 speed=0 near=9/41 raw=32/170 sel=41/37 far=0/0 far_raw=0/0 l=0@-1/1@41 far_l=0@-1/0@-1 straight=0/0 far_straight=0/0 circle_cnt=0/0/0/0 lost=0/0 conf=17.3/68.7/0.0/0.0 dist=0 m0=(84,119) ml=(61,97) md=32/1/77 cxcy=84.0,119.6 guide=27.49 atg=-60.0/-60.0/-60.0 pure=8.63/7.41 yaw=-1650 cmd=-1850 actual=420 signed=0 rps=7535/2465:5570/4925 duty=20/4
CrossDiag: type=CROSS_NONE track=1 half_lr=0/0 nearL=0@-1/1@41 nearNum=9/41 centerNum=9/41 farL=0@-1/0@-1 farNum=0/0 farRaw=0/0 lost=0/0 not_have=0 final=41/37 flags=0/0
LineErr: aim=33 cxcy=84.0,119.6 left=1:23.93@58,84 dx=-25.9 idx=0/8 dist=16/16 right=1:24.51@64,99 dx=-20.1 idx=5/24 dist=33/86 sel=1:28.35@59,96 dx=-25.1 idx=0/16 dist=32/72 edge=1:19.27@67.5,95.5 dx=-16.5 width=51.5 l=44,106 r=91,85
CxScan: raw_ref=80.0 edge=67.5,95.5 best_raw_x=35 best_err=-0.91 best_cxcy=66.8,119.4 scan=0:-16.8,10:-12.4,20:-7.9,30:-3.2,40:1.4,50:6.1,60:10.6,70:15.0,80:19.3,90:23.3,100:27.1,110:30.6,120:33.9,130:37.0,140:39.8
ATGSeedDiag: seed=1@21,108/1@147,108 begin=7,108 block=5 clip=8
ATGLptDiag: best=2(17.3) imip=0/8 pass=10111 acc=-1 ipm=56.1,112.8 inv=18.6,95.1 | 41(68.7) imip=31/51 pass=11111 acc=41 ipm=42.4,57.6 inv=38.4,32.5
frame=641 line=1 track=1 cross=0 circle=0(CIRCLE_NONE) round=0 yroad=0 ramp=0 road=3 speed=0 near=8/41 raw=29/170 sel=41/37 far=0/0 far_raw=0/0 l=0@-1/1@41 far_l=0@-1/0@-1 straight=0/0 far_straight=0/0 circle_cnt=0/0/0/0 lost=0/0 conf=14.3/69.8/0.0/0.0 dist=0 m0=(84,119) ml=(59,97) md=33/1/79 cxcy=84.0,119.6 guide=29.18 atg=-60.0/-60.0/-60.0 pure=8.67/7.44 yaw=-1751 cmd=-1951 actual=277 signed=0 rps=7674/2326:5852/4935 duty=20/3
CrossDiag: type=CROSS_NONE track=1 half_lr=0/0 nearL=0@-1/1@41 nearNum=8/41 centerNum=8/41 farL=0@-1/0@-1 farNum=0/0 farRaw=0/0 lost=0/0 not_have=0 final=41/37 flags=0/0
LineErr: aim=33 cxcy=84.0,119.6 left=1:23.37@59,85 dx=-24.8 idx=0/7 dist=14/14 right=1:26.68@62,99 dx=-22.2 idx=6/25 dist=33/84 sel=1:29.90@57,96 dx=-26.7 idx=0/16 dist=32/72 edge=1:21.82@64.5,94.0 dx=-19.5 width=46.9 l=45,107 r=84,81
CxScan: raw_ref=80.0 edge=64.5,94.0 best_raw_x=30 best_err=0.39 best_cxcy=64.8,119.4 scan=0:-13.0,10:-8.6,20:-4.1,30:0.4,40:4.9,50:9.4,60:13.7,70:17.8,80:21.8,90:25.6,100:29.1,110:32.4,120:35.5,130:38.3,140:41.0
ATGSeedDiag: seed=1@20,108/1@147,108 begin=7,108 block=5 clip=8
ATGLptDiag: best=2(14.3) imip=0/7 pass=10111 acc=-1 ipm=55.4,113.0 inv=16.9,95.6 | 41(69.8) imip=31/51 pass=11111 acc=41 ipm=41.6,58.6 inv=37.3,32.9
frame=642 line=1 track=1 cross=0 circle=0(CIRCLE_NONE) round=0 yroad=0 ramp=0 road=3 speed=0 near=8/40 raw=27/170 sel=40/35 far=0/0 far_raw=0/0 l=0@-1/1@40 far_l=0@-1/0@-1 straight=0/0 far_straight=0/0 circle_cnt=0/0/0/0 lost=0/0 conf=15.1/69.1/0.0/0.0 dist=0 m0=(84,119) ml=(59,98) md=32/1/73 cxcy=84.0,119.6 guide=30.11 atg=-60.0/-60.0/-60.0 pure=8.70/7.81 yaw=-1807 cmd=-2007 actual=110 signed=0 rps=7750/2250:5720/4773 duty=20/3
CrossDiag: type=CROSS_NONE track=1 half_lr=0/0 nearL=0@-1/1@40 nearNum=8/40 centerNum=8/40 farL=0@-1/0@-1 farNum=0/0 farRaw=0/0 lost=0/0 not_have=0 final=40/35 flags=0/0
LineErr: aim=33 cxcy=84.0,119.6 left=1:24.47@58,85 dx=-26.1 idx=0/7 dist=14/14 right=1:26.24@63,100 dx=-21.3 idx=6/24 dist=32/81 sel=1:30.85@57,97 dx=-27.4 idx=0/16 dist=32/68 edge=1:22.54@64.0,94.5 dx=-20.0 width=48.3 l=44,108 r=84,81
CxScan: raw_ref=80.0 edge=64.0,94.5 best_raw_x=30 best_err=0.99 best_cxcy=64.8,119.4 scan=0:-12.6,10:-8.1,20:-3.6,30:1.0,40:5.5,50:10.0,60:14.4,70:18.6,80:22.5,90:26.3,100:29.8,110:33.1,120:36.2,130:39.0,140:41.6
ATGSeedDiag: seed=1@19,108/1@146,108 begin=7,108 block=5 clip=8
ATGLptDiag: best=1(15.1) imip=0/7 pass=10111 acc=-1 ipm=56.4,114.5 inv=16.7,100.1 | 40(69.1) imip=30/50 pass=11111 acc=40 ipm=42.4,60.1 inv=37.4,33.7
frame=643 line=1 track=1 cross=0 circle=0(CIRCLE_NONE) round=0 yroad=0 ramp=0 road=3 speed=0 near=7/41 raw=24/170 sel=41/37 far=0/0 far_raw=0/0 l=0@-1/1@41 far_l=0@-1/0@-1 straight=0/0 far_straight=0/0 circle_cnt=0/0/0/0 lost=0/0 conf=11.3/68.5/0.0/0.0 dist=0 m0=(84,119) ml=(58,98) md=33/1/79 cxcy=84.0,119.6 guide=30.23 atg=-60.0/-60.0/-60.0 pure=8.81/7.49 yaw=-1814 cmd=-2014 actual=-43 signed=0 rps=7760/2240:5927/5057 duty=20/3
CrossDiag: type=CROSS_NONE track=1 half_lr=0/0 nearL=0@-1/1@41 nearNum=7/41 centerNum=7/41 farL=0@-1/0@-1 farNum=0/0 farRaw=0/0 lost=0/0 not_have=0 final=41/37 flags=0/0
LineErr: aim=33 cxcy=84.0,119.6 left=1:23.72@59,87 dx=-24.7 idx=0/6 dist=12/12 right=1:26.91@62,100 dx=-21.6 idx=6/24 dist=32/88 sel=1:31.61@56,97 dx=-28.0 idx=0/16 dist=32/72 edge=1:21.61@65.5,96.0 dx=-18.5 width=46.9 l=46,109 r=85,83
CxScan: raw_ref=80.0 edge=65.5,96.0 best_raw_x=30 best_err=-0.82 best_cxcy=64.8,119.4 scan=0:-14.7,10:-10.2,20:-5.5,30:-0.8,40:3.9,50:8.5,60:13.1,70:17.5,80:21.6,90:25.5,100:29.2,110:32.7,120:35.8,130:38.8,140:41.5
ATGSeedDiag: seed=1@17,108/1@146,108 begin=7,108 block=5 clip=8
ATGLptDiag: best=2(11.3) imip=0/6 pass=10111 acc=-1 ipm=53.9,113.2 inv=13.3,96.3 | 41(68.5) imip=31/51 pass=11111 acc=41 ipm=40.6,59.0 inv=36.3,33.1
frame=644 line=1 track=1 cross=0 circle=0(CIRCLE_NONE) round=0 yroad=0 ramp=0 road=3 speed=0 near=6/40 raw=22/170 sel=40/35 far=0/0 far_raw=0/0 l=0@-1/1@40 far_l=0@-1/0@-1 straight=0/0 far_straight=0/0 circle_cnt=0/0/0/0 lost=0/0 conf=10.2/71.3/0.0/0.0 dist=0 m0=(84,119) ml=(57,99) md=33/1/74 cxcy=84.0,119.6 guide=31.89 atg=-60.0/-60.0/-60.0 pure=8.80/7.86 yaw=-1914 cmd=-2114 actual=-190 signed=0 rps=7897/2103:5581/4997 duty=21/2
CrossDiag: type=CROSS_NONE track=1 half_lr=0/0 nearL=0@-1/1@40 nearNum=6/40 centerNum=6/40 farL=0@-1/0@-1 farNum=0/0 farRaw=0/0 lost=0/0 not_have=0 final=40/35 flags=0/0
LineErr: aim=33 cxcy=84.0,119.6 left=1:22.73@61,88 dx=-23.0 idx=0/5 dist=10/10 right=1:29.08@60,100 dx=-24.0 idx=6/25 dist=33/82 sel=1:32.51@55,98 dx=-28.7 idx=0/16 dist=32/68 edge=1:24.26@62.5,95.0 dx=-21.5 width=43.1 l=47,110 r=78,80
CxScan: raw_ref=80.0 edge=62.5,95.0 best_raw_x=25 best_err=0.49 best_cxcy=62.9,119.4 scan=0:-11.0,10:-6.4,20:-1.8,30:2.8,40:7.4,50:11.9,60:16.2,70:20.3,80:24.3,90:28.0,100:31.4,110:34.6,120:37.6,130:40.3,140:42.9
ATGSeedDiag: seed=1@16,108/1@145,108 begin=7,108 block=5 clip=8
ATGLptDiag: best=1(10.2) imip=0/5 pass=10111 acc=-1 ipm=55.0,114.6 inv=13.4,100.5 | 40(71.3) imip=30/50 pass=11111 acc=40 ipm=41.4,60.8 inv=36.3,34.0
frame=645 line=1 track=1 cross=0 circle=0(CIRCLE_NONE) round=0 yroad=0 ramp=0 road=3 speed=0 near=5/39 raw=18/170 sel=39/34 far=0/0 far_raw=0/0 l=0@-1/1@39 far_l=0@-1/0@-1 straight=0/0 far_straight=0/0 circle_cnt=0/0/0/0 lost=0/0 conf=7.6/71.7/0.0/0.0 dist=0 m0=(84,119) ml=(57,99) md=32/1/71 cxcy=84.0,119.6 guide=32.70 atg=-60.0/-60.0/-60.0 pure=8.84/8.06 yaw=-1962 cmd=-2162 actual=-323 signed=0 rps=7963/2037:5705/5352 duty=21/2
CrossDiag: type=CROSS_NONE track=1 half_lr=0/0 nearL=0@-1/1@39 nearNum=5/39 centerNum=5/39 farL=0@-1/0@-1 farNum=0/0 farRaw=0/0 lost=0/0 not_have=0 final=39/34 flags=0/0
LineErr: aim=33 cxcy=84.0,119.6 left=1:22.61@62,89 dx=-22.5 idx=0/4 dist=8/8 right=1:30.53@59,100 dx=-25.1 idx=6/25 dist=33/77 sel=1:33.50@55,98 dx=-29.5 idx=0/16 dist=32/66 edge=1:24.49@62.5,95.5 dx=-21.5 width=42.4 l=48,111 r=77,80
CxScan: raw_ref=80.0 edge=62.5,95.5 best_raw_x=25 best_err=0.50 best_cxcy=62.9,119.4 scan=0:-11.1,10:-6.5,20:-1.8,30:2.8,40:7.5,50:12.0,60:16.4,70:20.5,80:24.5,90:28.2,100:31.7,110:34.9,120:37.9,130:40.6,140:43.2
ATGSeedDiag: seed=1@14,107/1@144,108 begin=7,108 block=5 clip=8
ATGLptDiag: best=1(7.6) imip=0/4 pass=10111 acc=-1 ipm=54.1,114.4 inv=11.7,99.9 | 39(71.7) imip=29/49 pass=11111 acc=39 ipm=42.3,62.3 inv=36.5,34.7
frame=646 line=1 track=1 cross=0 circle=0(CIRCLE_NONE) round=0 yroad=0 ramp=0 road=3 speed=0 near=5/39 raw=17/170 sel=39/35 far=0/0 far_raw=0/0 l=0@-1/1@39 far_l=0@-1/0@-1 straight=0/0 far_straight=0/0 circle_cnt=0/0/0/0 lost=0/0 conf=6.2/69.2/0.0/0.0 dist=0 m0=(84,119) ml=(56,100) md=33/1/75 cxcy=84.0,119.6 guide=33.21 atg=-60.0/-60.0/-60.0 pure=8.89/7.89 yaw=-1993 cmd=-2193 actual=-458 signed=0 rps=8005/1995:5752/5514 duty=21/1
CrossDiag: type=CROSS_NONE track=1 half_lr=0/0 nearL=0@-1/1@39 nearNum=5/39 centerNum=5/39 farL=0@-1/0@-1 farNum=0/0 farRaw=0/0 lost=0/0 not_have=0 final=39/35 flags=0/0
LineErr: aim=33 cxcy=84.0,119.6 left=1:23.07@61,89 dx=-22.9 idx=0/4 dist=8/8 right=1:31.29@59,101 dx=-25.4 idx=6/25 dist=33/81 sel=1:34.39@54,99 dx=-30.1 idx=0/16 dist=32/68 edge=1:23.11@64.5,97.0 dx=-19.5 width=43.3 l=48,111 r=81,83
CxScan: raw_ref=80.0 edge=64.5,97.0 best_raw_x=30 best_err=0.42 best_cxcy=64.8,119.4 scan=0:-13.8,10:-9.2,20:-4.4,30:0.4,40:5.2,50:10.0,60:14.5,70:18.9,80:23.1,90:27.0,100:30.7,110:34.1,120:37.2,130:40.1,140:42.8
ATGSeedDiag: seed=1@13,108/1@144,108 begin=7,108 block=5 clip=8
ATGLptDiag: best=3(6.2) imip=0/4 pass=10111 acc=-1 ipm=49.9,112.4 inv=6.0,94.1 | 39(69.2) imip=29/49 pass=11111 acc=39 ipm=42.2,62.5 inv=36.3,34.9
frame=647 line=1 track=1 cross=0 circle=0(CIRCLE_NONE) round=0 yroad=0 ramp=0 road=3 speed=0 near=4/38 raw=15/170 sel=38/33 far=0/0 far_raw=0/0 l=0@-1/1@38 far_l=0@-1/0@-1 straight=0/0 far_straight=0/0 circle_cnt=0/0/0/0 lost=0/0 conf=4.0/73.4/0.0/0.0 dist=0 m0=(84,119) ml=(56,100) md=32/1/69 cxcy=84.0,119.6 guide=34.22 atg=-60.0/-60.0/-60.0 pure=8.93/8.31 yaw=-2053 cmd=-2253 actual=-574 signed=0 rps=8088/1912:5534/5131 duty=22/1
CrossDiag: type=CROSS_NONE track=1 half_lr=0/0 nearL=0@-1/1@38 nearNum=4/38 centerNum=4/38 farL=0@-1/0@-1 farNum=0/0 farRaw=0/0 lost=0/0 not_have=0 final=38/33 flags=0/0
LineErr: aim=33 cxcy=84.0,119.6 left=1:22.16@63,90 dx=-21.4 idx=0/3 dist=6/6 right=1:31.80@58,101 dx=-25.7 idx=6/25 dist=33/77 sel=1:34.88@54,99 dx=-30.4 idx=0/16 dist=32/64 edge=1:25.19@62.5,97.0 dx=-21.5 width=41.9 l=49,113 r=76,81
CxScan: raw_ref=80.0 edge=62.5,97.0 best_raw_x=25 best_err=0.52 best_cxcy=62.9,119.4 scan=0:-11.4,10:-6.7,20:-1.9,30:2.9,40:7.7,50:12.4,60:16.9,70:21.2,80:25.2,90:29.0,100:32.5,110:35.8,120:38.8,130:41.5,140:44.1
ATGSeedDiag: seed=1@12,108/1@144,108 begin=7,108 block=5 clip=8
ATGLptDiag: best=1(4.0) imip=0/3 pass=10111 acc=-1 ipm=53.4,114.8 inv=9.3,101.2 | 38(73.4) imip=28/48 pass=11111 acc=38 ipm=43.3,64.5 inv=36.6,35.9
frame=648 line=1 track=1 cross=0 circle=0(CIRCLE_NONE) round=0 yroad=0 ramp=0 road=3 speed=0 near=4/38 raw=13/170 sel=38/33 far=0/0 far_raw=0/0 l=0@-1/1@38 far_l=0@-1/0@-1 straight=0/0 far_straight=0/0 circle_cnt=0/0/0/0 lost=0/0 conf=6.9/72.8/0.0/0.0 dist=0 m0=(84,119) ml=(56,100) md=32/1/69 cxcy=84.0,119.6 guide=34.37 atg=-60.0/-60.0/-60.0 pure=8.93/8.30 yaw=-2062 cmd=-2262 actual=-692 signed=0 rps=8100/1900:6109/5373 duty=21/1
CrossDiag: type=CROSS_NONE track=1 half_lr=0/0 nearL=0@-1/1@38 nearNum=4/38 centerNum=4/38 farL=0@-1/0@-1 farNum=0/0 farRaw=0/0 lost=0/0 not_have=0 final=38/33 flags=0/0
LineErr: aim=33 cxcy=84.0,119.6 left=1:23.01@62,90 dx=-22.4 idx=0/3 dist=6/6 right=1:31.92@58,101 dx=-25.8 idx=6/25 dist=32/76 sel=1:35.19@53,99 dx=-30.6 idx=0/16 dist=32/64 edge=1:24.40@63.5,97.5 dx=-20.5 width=42.4 l=49,113 r=78,82
CxScan: raw_ref=80.0 edge=63.5,97.5 best_raw_x=25 best_err=-0.75 best_cxcy=62.9,119.4 scan=0:-12.8,10:-8.0,20:-3.2,30:1.7,40:6.5,50:11.3,60:15.9,70:20.3,80:24.4,90:28.3,100:31.9,110:35.2,120:38.3,130:41.1,140:43.8
ATGSeedDiag: seed=1@11,108/1@144,108 begin=7,108 block=5 clip=8
ATGLptDiag: best=2(6.9) imip=0/3 pass=10111 acc=-1 ipm=50.6,113.6 inv=5.4,97.6 | 38(72.8) imip=28/48 pass=11111 acc=38 ipm=43.3,64.4 inv=36.5,35.8
frame=649 line=1 track=1 cross=0 circle=0(CIRCLE_NONE) round=0 yroad=0 ramp=0 road=3 speed=0 near=3/38 raw=11/170 sel=38/34 far=0/0 far_raw=0/0 l=0@-1/1@38 far_l=0@-1/0@-1 straight=0/0 far_straight=0/0 circle_cnt=0/0/0/0 lost=0/0 conf=4.2/71.8/0.0/0.0 dist=0 m0=(84,119) ml=(56,100) md=32/1/72 cxcy=84.0,119.6 guide=34.37 atg=-60.0/-60.0/-60.0 pure=8.90/8.07 yaw=-2062 cmd=-2262 actual=-803 signed=0 rps=8100/1900:6106/5141 duty=21/1
CrossDiag: type=CROSS_NONE track=1 half_lr=0/0 nearL=0@-1/1@38 nearNum=3/38 centerNum=3/38 farL=0@-1/0@-1 farNum=0/0 farRaw=0/0 lost=0/0 not_have=0 final=38/34 flags=0/0
LineErr: aim=33 cxcy=84.0,119.6 left=1:22.00@63,91 dx=-20.8 idx=0/2 dist=4/4 right=1:32.31@58,101 dx=-26.1 idx=6/25 dist=33/77 sel=1:35.22@53,99 dx=-30.6 idx=0/16 dist=32/66 edge=1:24.11@64.0,98.0 dx=-20.0 width=42.5 l=50,114 r=78,82
CxScan: raw_ref=80.0 edge=64.0,98.0 best_raw_x=30 best_err=1.07 best_cxcy=64.8,119.4 scan=0:-13.5,10:-8.8,20:-3.9,30:1.1,40:6.0,50:10.8,60:15.5,70:19.9,80:24.1,90:28.0,100:31.7,110:35.1,120:38.2,130:41.1,140:43.7
ATGSeedDiag: seed=1@10,108/1@144,108 begin=7,108 block=5 clip=8
ATGLptDiag: best=1(4.2) imip=0/2 pass=10111 acc=-1 ipm=52.2,114.9 inv=6.5,101.3 | 38(71.8) imip=28/48 pass=11111 acc=38 ipm=43.5,64.0 inv=36.9,35.6
frame=650 line=1 track=1 cross=0 circle=0(CIRCLE_NONE) round=0 yroad=0 ramp=0 road=3 speed=0 near=3/37 raw=10/170 sel=37/33 far=0/0 far_raw=0/0 l=0@-1/1@37 far_l=0@-1/0@-1 straight=0/0 far_straight=0/0 circle_cnt=0/0/0/0 lost=0/0 conf=0.2/73.2/0.0/0.0 dist=0 m0=(84,119) ml=(55,101) md=33/1/71 cxcy=84.0,119.6 guide=35.20 atg=-60.0/-60.0/-60.0 pure=8.88/8.26 yaw=-2112 cmd=-2312 actual=-905 signed=0 rps=8168/1832:6608/5302 duty=20/1
CrossDiag: type=CROSS_NONE track=1 half_lr=0/0 nearL=0@-1/1@37 nearNum=3/37 centerNum=3/37 farL=0@-1/0@-1 farNum=0/0 farRaw=0/0 lost=0/0 not_have=0 final=37/33 flags=0/0
LineErr: aim=33 cxcy=84.0,119.6 left=1:22.58@63,91 dx=-21.5 idx=0/2 dist=4/4 right=1:32.99@57,102 dx=-26.7 idx=6/25 dist=33/76 sel=1:35.60@53,100 dx=-30.8 idx=0/16 dist=32/64 edge=1:24.92@63.0,97.5 dx=-21.0 width=42.0 l=50,114 r=76,81
CxScan: raw_ref=80.0 edge=63.0,97.5 best_raw_x=25 best_err=-0.11 best_cxcy=62.9,119.4 scan=0:-12.2,10:-7.4,20:-2.6,30:2.3,40:7.2,50:11.9,60:16.5,70:20.8,80:24.9,90:28.8,100:32.3,110:35.6,120:38.7,130:41.5,140:44.1
ATGSeedDiag: seed=1@9,108/1@143,108 begin=7,108 block=5 clip=8
ATGLptDiag: best=1(0.2) imip=0/2 pass=10111 acc=-1 ipm=51.6,114.9 inv=5.1,101.6 | 37(73.2) imip=27/47 pass=11111 acc=37 ipm=44.7,65.5 inv=37.4,36.4
frame=651 line=1 track=1 cross=0 circle=0(CIRCLE_NONE) round=0 yroad=0 ramp=0 road=3 speed=0 near=2/37 raw=6/170 sel=37/33 far=0/0 far_raw=0/0 l=0@-1/1@37 far_l=0@-1/0@-1 straight=0/0 far_straight=0/0 circle_cnt=0/0/0/0 lost=0/0 conf=0.0/75.5/0.0/0.0 dist=0 m0=(84,119) ml=(55,101) md=33/1/70 cxcy=84.0,119.6 guide=35.30 atg=-60.0/-60.0/-60.0 pure=8.91/8.27 yaw=-2118 cmd=-2318 actual=-1000 signed=0 rps=8177/1823:6505/4957 duty=21/1
CrossDiag: type=CROSS_NONE track=1 half_lr=0/0 nearL=0@-1/1@37 nearNum=2/37 centerNum=2/37 farL=0@-1/0@-1 farNum=0/0 farRaw=0/0 lost=0/0 not_have=0 final=37/33 flags=0/0
LineErr: aim=33 cxcy=84.0,119.6 left=1:22.81@62,92 dx=-21.5 idx=0/1 dist=2/2 right=1:31.69@59,102 dx=-24.9 idx=6/24 dist=33/78 sel=1:35.59@53,100 dx=-30.8 idx=0/16 dist=32/64 edge=1:25.13@63.5,99.0 dx=-20.5 width=41.9 l=50,115 r=77,83
CxScan: raw_ref=80.0 edge=63.5,99.0 best_raw_x=25 best_err=-0.77 best_cxcy=62.9,119.4 scan=0:-13.2,10:-8.3,20:-3.3,30:1.8,40:6.8,50:11.7,60:16.4,70:20.9,80:25.1,90:29.1,100:32.8,110:36.1,120:39.2,130:42.1,140:44.7
ATGSeedDiag: seed=1@7,107/1@143,108 begin=7,108 block=5 clip=8
ATGLptDiag: best=-1(-57295.8) imip=-1/-1 pass=00000 acc=-1 ipm=-1.0,-1.0 inv=-1.0,-1.0 | 37(75.5) imip=27/47 pass=11111 acc=37 ipm=44.7,65.5 inv=37.4,36.4
frame=652 line=1 track=1 cross=0 circle=0(CIRCLE_NONE) round=0 yroad=0 ramp=0 road=3 speed=0 near=1/36 raw=6/170 sel=36/32 far=0/0 far_raw=0/0 l=0@-1/1@36 far_l=0@-1/0@-1 straight=0/0 far_straight=0/0 circle_cnt=0/0/0/0 lost=0/0 conf=0.0/75.2/0.0/0.0 dist=0 m0=(84,119) ml=(55,101) md=33/1/68 cxcy=84.0,119.6 guide=34.86 atg=-60.0/-60.0/-60.0 pure=8.86/8.42 yaw=-2092 cmd=-2292 actual=-1104 signed=0 rps=8141/1859:6869/4950 duty=20/1
CrossDiag: type=CROSS_NONE track=1 half_lr=0/0 nearL=0@-1/1@36 nearNum=1/36 centerNum=1/36 farL=0@-1/0@-1 farNum=0/0 farRaw=0/0 lost=0/0 not_have=0 final=36/32 flags=0/0
LineErr: aim=33 cxcy=84.0,119.6 left=0:0.00@-1,-1 dx=0.0 idx=-1/-1 dist=-1/-1 right=1:31.39@60,103 dx=-24.0 idx=6/23 dist=32/76 sel=1:35.93@53,100 dx=-31.0 idx=0/16 dist=32/62 edge=0:0.00@-1.0,-1.0 dx=0.0 width=0.0 l=-1,-1 r=75,82
ATGSeedDiag: seed=1@6,108/1@142,108 begin=7,108 block=5 clip=8
ATGLptDiag: best=-1(-57295.8) imip=-1/-1 pass=00000 acc=-1 ipm=-1.0,-1.0 inv=-1.0,-1.0 | 36(75.2) imip=26/46 pass=11111 acc=36 ipm=46.1,66.3 inv=38.5,36.8
frame=653 line=1 track=1 cross=0 circle=0(CIRCLE_NONE) round=0 yroad=0 ramp=0 road=3 speed=0 near=1/35 raw=4/170 sel=35/31 far=0/0 far_raw=0/0 l=0@-1/1@35 far_l=0@-1/0@-1 straight=0/0 far_straight=0/0 circle_cnt=0/0/0/0 lost=0/0 conf=0.0/74.0/0.0/0.0 dist=0 m0=(84,119) ml=(55,102) md=32/1/66 cxcy=84.0,119.6 guide=35.89 atg=-60.0/-60.0/-60.0 pure=8.84/8.61 yaw=-2153 cmd=-2353 actual=-1204 signed=0 rps=8225/1775:6944/5008 duty=20/1
CrossDiag: type=CROSS_NONE track=1 half_lr=0/0 nearL=0@-1/1@35 nearNum=1/35 centerNum=1/35 farL=0@-1/0@-1 farNum=0/0 farRaw=0/0 lost=0/0 not_have=0 final=35/31 flags=0/0
LineErr: aim=33 cxcy=84.0,119.6 left=0:0.00@-1,-1 dx=0.0 idx=-1/-1 dist=-1/-1 right=1:33.55@58,103 dx=-26.4 idx=6/24 dist=32/72 sel=1:36.33@53,101 dx=-31.0 idx=0/16 dist=32/60 edge=0:0.00@-1.0,-1.0 dx=0.0 width=0.0 l=-1,-1 r=74,82
ATGSeedDiag: seed=1@5,108/1@142,108 begin=7,108 block=5 clip=8
ATGLptDiag: best=-1(-57295.8) imip=-1/-1 pass=00000 acc=-1 ipm=-1.0,-1.0 inv=-1.0,-1.0 | 35(74.0) imip=25/45 pass=11111 acc=35 ipm=47.8,67.7 inv=39.5,37.6
frame=654 line=1 track=1 cross=0 circle=0(CIRCLE_NONE) round=0 yroad=0 ramp=0 road=3 speed=0 near=1/35 raw=2/170 sel=35/32 far=0/0 far_raw=0/0 l=0@-1/1@35 far_l=0@-1/0@-1 straight=0/0 far_straight=0/0 circle_cnt=0/0/0/0 lost=0/0 conf=0.0/73.0/0.0/0.0 dist=0 m0=(84,119) ml=(54,102) md=33/1/69 cxcy=84.0,119.6 guide=36.71 atg=-60.0/-60.0/-60.0 pure=8.82/8.34 yaw=-2202 cmd=-2402 actual=-1309 signed=0 rps=8292/1708:6429/4796 duty=21/1
CrossDiag: type=CROSS_NONE track=1 half_lr=0/0 nearL=0@-1/1@35 nearNum=1/35 centerNum=1/35 farL=0@-1/0@-1 farNum=0/0 farRaw=0/0 lost=0/0 not_have=0 final=35/32 flags=0/0
LineErr: aim=33 cxcy=84.0,119.6 left=0:0.00@-1,-1 dx=0.0 idx=-1/-1 dist=-1/-1 right=1:34.12@57,103 dx=-26.9 idx=7/24 dist=32/74 sel=1:37.00@52,101 dx=-31.6 idx=0/16 dist=32/62 edge=0:0.00@-1.0,-1.0 dx=0.0 width=0.0 l=-1,-1 r=76,83
ATGSeedDiag: seed=1@4,108/1@142,108 begin=7,108 block=5 clip=8
ATGLptDiag: best=-1(-57295.8) imip=-1/-1 pass=00000 acc=-1 ipm=-1.0,-1.0 inv=-1.0,-1.0 | 35(73.0) imip=25/45 pass=11111 acc=35 ipm=48.1,67.4 inv=39.9,37.5
frame=655 line=1 track=1 cross=0 circle=0(CIRCLE_NONE) round=0 yroad=0 ramp=0 road=3 speed=0 near=0/34 raw=0/170 sel=34/31 far=0/0 far_raw=0/0 l=0@-1/1@34 far_l=0@-1/0@-1 straight=0/0 far_straight=0/0 circle_cnt=0/0/0/0 lost=0/0 conf=0.0/76.1/0.0/0.0 dist=0 m0=(84,119) ml=(54,102) md=33/1/66 cxcy=84.0,119.6 guide=37.00 atg=-60.0/-60.0/-60.0 pure=8.77/8.53 yaw=-2220 cmd=-2420 actual=-1407 signed=0 rps=8317/1683:6526/5145 duty=21/0
CrossDiag: type=CROSS_NONE track=1 half_lr=0/0 nearL=0@-1/1@34 nearNum=0/34 centerNum=0/34 farL=0@-1/0@-1 farNum=0/0 farRaw=0/0 lost=0/0 not_have=0 final=34/31 flags=0/0
LineErr: aim=33 cxcy=84.0,119.6 left=0:0.00@-1,-1 dx=0.0 idx=-1/-1 dist=-1/-1 right=1:33.60@58,104 dx=-25.6 idx=7/23 dist=32/75 sel=1:37.23@52,101 dx=-31.7 idx=0/16 dist=32/60 edge=0:0.00@-1.0,-1.0 dx=0.0 width=0.0 l=-1,-1 r=73,82
ATGSeedDiag: seed=0@-1,-1/1@141,108 begin=7,108 block=5 clip=8
ATGLptDiag: best=-1(-57295.8) imip=-1/-1 pass=00000 acc=-1 ipm=-1.0,-1.0 inv=-1.0,-1.0 | 34(76.1) imip=24/44 pass=11111 acc=34 ipm=49.1,68.8 inv=40.3,38.3
frame=657 line=1 track=1 cross=0 circle=0(CIRCLE_NONE) round=0 yroad=0 ramp=0 road=3 speed=0 near=0/33 raw=0/170 sel=33/30 far=0/0 far_raw=0/0 l=0@-1/1@33 far_l=0@-1/0@-1 straight=0/0 far_straight=0/0 circle_cnt=0/0/0/0 lost=0/0 conf=0.0/77.3/0.0/0.0 dist=0 m0=(84,119) ml=(54,102) md=33/1/64 cxcy=84.0,119.6 guide=36.30 atg=-60.0/-60.0/-60.0 pure=8.61/8.61 yaw=-2178 cmd=-2378 actual=-1563 signed=0 rps=8259/1741:6760/5503 duty=21/0
CrossDiag: type=CROSS_NONE track=1 half_lr=0/0 nearL=0@-1/1@33 nearNum=0/33 centerNum=0/33 farL=0@-1/0@-1 farNum=0/0 farRaw=0/0 lost=0/0 not_have=0 final=33/30 flags=0/0
LineErr: aim=33 cxcy=84.0,119.6 left=0:0.00@-1,-1 dx=0.0 idx=-1/-1 dist=-1/-1 right=1:34.14@58,104 dx=-26.5 idx=7/23 dist=34/72 sel=1:36.94@52,101 dx=-31.5 idx=0/16 dist=32/58 edge=0:0.00@-1.0,-1.0 dx=0.0 width=0.0 l=-1,-1 r=73,82
ATGSeedDiag: seed=0@-1,-1/1@141,108 begin=7,108 block=5 clip=8
ATGLptDiag: best=-1(-57295.8) imip=-1/-1 pass=00000 acc=-1 ipm=-1.0,-1.0 inv=-1.0,-1.0 | 33(77.3) imip=23/43 pass=11111 acc=33 ipm=51.4,69.4 inv=42.4,38.6
frame=659 line=1 track=1 cross=0 circle=0(CIRCLE_NONE) round=0 yroad=0 ramp=0 road=3 speed=0 near=0/32 raw=0/170 sel=32/30 far=0/0 far_raw=0/0 l=0@-1/1@32 far_l=0@-1/0@-1 straight=0/0 far_straight=0/0 circle_cnt=0/0/0/0 lost=0/0 conf=0.0/78.2/0.0/0.0 dist=0 m0=(84,119) ml=(55,102) md=32/1/65 cxcy=84.0,119.6 guide=35.89 atg=-60.0/-60.0/-60.0 pure=8.43/8.43 yaw=-2153 cmd=-2353 actual=-1709 signed=0 rps=8225/1775:7089/5372 duty=20/0
CrossDiag: type=CROSS_NONE track=1 half_lr=0/0 nearL=0@-1/1@32 nearNum=0/32 centerNum=0/32 farL=0@-1/0@-1 farNum=0/0 farRaw=0/0 lost=0/0 not_have=0 final=32/30 flags=0/0
LineErr: aim=33 cxcy=84.0,119.6 left=0:0.00@-1,-1 dx=0.0 idx=-1/-1 dist=-1/-1 right=1:34.90@56,103 dx=-27.9 idx=7/23 dist=34/70 sel=1:36.71@53,101 dx=-31.4 idx=0/16 dist=32/58 edge=0:0.00@-1.0,-1.0 dx=0.0 width=0.0 l=-1,-1 r=73,83
ATGSeedDiag: seed=0@-1,-1/1@141,108 begin=7,108 block=5 clip=8
ATGLptDiag: best=-1(-57295.8) imip=-1/-1 pass=00000 acc=-1 ipm=-1.0,-1.0 inv=-1.0,-1.0 | 32(78.2) imip=22/42 pass=11111 acc=32 ipm=53.6,70.2 inv=44.3,39.1
frame=660 line=1 track=1 cross=0 circle=0(CIRCLE_NONE) round=0 yroad=0 ramp=0 road=3 speed=0 near=0/31 raw=0/170 sel=31/29 far=0/0 far_raw=0/0 l=0@-1/1@31 far_l=0@-1/0@-1 straight=0/0 far_straight=0/0 circle_cnt=0/0/0/0 lost=0/0 conf=0.0/78.7/0.0/0.0 dist=0 m0=(84,119) ml=(55,102) md=33/1/63 cxcy=84.0,119.6 guide=35.89 atg=-60.0/-60.0/-60.0 pure=8.57/8.57 yaw=-2153 cmd=-2353 actual=-1766 signed=0 rps=8225/1775:7497/5570 duty=20/0
CrossDiag: type=CROSS_NONE track=1 half_lr=0/0 nearL=0@-1/1@31 nearNum=0/31 centerNum=0/31 farL=0@-1/0@-1 farNum=0/0 farRaw=0/0 lost=0/0 not_have=0 final=31/29 flags=0/0
LineErr: aim=33 cxcy=84.0,119.6 left=0:0.00@-1,-1 dx=0.0 idx=-1/-1 dist=-1/-1 right=1:34.35@58,104 dx=-26.5 idx=7/22 dist=32/67 sel=1:36.81@53,101 dx=-31.4 idx=0/16 dist=32/56 edge=0:0.00@-1.0,-1.0 dx=0.0 width=0.0 l=-1,-1 r=72,83
ATGSeedDiag: seed=0@-1,-1/1@140,108 begin=7,108 block=5 clip=8
ATGLptDiag: best=-1(-57295.8) imip=-1/-1 pass=00000 acc=-1 ipm=-1.0,-1.0 inv=-1.0,-1.0 | 31(78.7) imip=21/41 pass=11111 acc=31 ipm=55.1,71.2 inv=45.5,39.6
frame=661 line=1 track=1 cross=0 circle=0(CIRCLE_NONE) round=0 yroad=0 ramp=0 road=3 speed=0 near=0/30 raw=0/170 sel=30/28 far=0/0 far_raw=0/0 l=0@-1/1@30 far_l=0@-1/0@-1 straight=0/0 far_straight=0/0 circle_cnt=0/0/0/0 lost=0/0 conf=0.0/77.4/0.0/0.0 dist=0 m0=(84,119) ml=(55,102) md=33/1/60 cxcy=84.0,119.6 guide=35.33 atg=-60.0/-60.0/-60.0 pure=8.70/8.70 yaw=-2120 cmd=-2320 actual=-1813 signed=0 rps=8180/1820:7207/5281 duty=20/1
CrossDiag: type=CROSS_NONE track=1 half_lr=0/0 nearL=0@-1/1@30 nearNum=0/30 centerNum=0/30 farL=0@-1/0@-1 farNum=0/0 farRaw=0/0 lost=0/0 not_have=0 final=30/28 flags=0/0
LineErr: aim=33 cxcy=84.0,119.6 left=0:0.00@-1,-1 dx=0.0 idx=-1/-1 dist=-1/-1 right=1:33.79@59,105 dx=-25.4 idx=7/21 dist=32/67 sel=1:36.62@53,101 dx=-31.2 idx=0/16 dist=32/54 edge=0:0.00@-1.0,-1.0 dx=0.0 width=0.0 l=-1,-1 r=72,83
ATGSeedDiag: seed=0@-1,-1/1@140,108 begin=7,108 block=5 clip=8
ATGLptDiag: best=-1(-57295.8) imip=-1/-1 pass=00000 acc=-1 ipm=-1.0,-1.0 inv=-1.0,-1.0 | 30(77.4) imip=20/40 pass=11111 acc=30 ipm=57.2,72.1 inv=47.3,40.2
frame=662 line=1 track=1 cross=0 circle=0(CIRCLE_NONE) round=0 yroad=0 ramp=0 road=3 speed=0 near=0/30 raw=0/170 sel=30/29 far=0/0 far_raw=0/0 l=0@-1/1@30 far_l=0@-1/0@-1 straight=0/0 far_straight=0/0 circle_cnt=0/0/0/0 lost=0/0 conf=0.0/77.3/0.0/0.0 dist=0 m0=(84,119) ml=(55,102) md=33/1/62 cxcy=84.0,119.6 guide=35.78 atg=-60.0/-60.0/-60.0 pure=8.41/8.41 yaw=-2147 cmd=-2347 actual=-1854 signed=0 rps=8217/1783:7388/5326 duty=20/0
CrossDiag: type=CROSS_NONE track=1 half_lr=0/0 nearL=0@-1/1@30 nearNum=0/30 centerNum=0/30 farL=0@-1/0@-1 farNum=0/0 farRaw=0/0 lost=0/0 not_have=0 final=30/29 flags=0/0
LineErr: aim=33 cxcy=84.0,119.6 left=0:0.00@-1,-1 dx=0.0 idx=-1/-1 dist=-1/-1 right=1:34.06@58,105 dx=-25.8 idx=7/21 dist=33/69 sel=1:36.81@53,101 dx=-31.2 idx=0/16 dist=32/56 edge=0:0.00@-1.0,-1.0 dx=0.0 width=0.0 l=-1,-1 r=72,83
ATGSeedDiag: seed=0@-1,-1/1@140,108 begin=7,108 block=5 clip=8
ATGLptDiag: best=-1(-57295.8) imip=-1/-1 pass=00000 acc=-1 ipm=-1.0,-1.0 inv=-1.0,-1.0 | 30(77.3) imip=20/40 pass=11111 acc=30 ipm=57.8,71.8 inv=48.0,40.0
frame=663 line=1 track=1 cross=0 circle=0(CIRCLE_NONE) round=0 yroad=0 ramp=0 road=3 speed=0 near=0/29 raw=0/170 sel=29/28 far=0/0 far_raw=0/0 l=0@-1/1@29 far_l=0@-1/0@-1 straight=0/0 far_straight=0/0 circle_cnt=0/0/0/0 lost=0/0 conf=0.0/79.2/0.0/0.0 dist=0 m0=(84,119) ml=(55,102) md=33/1/60 cxcy=84.0,119.6 guide=35.52 atg=-60.0/-60.0/-60.0 pure=8.52/8.52 yaw=-2131 cmd=-2331 actual=-1895 signed=0 rps=8195/1805:6922/4901 duty=20/1
CrossDiag: type=CROSS_NONE track=1 half_lr=0/0 nearL=0@-1/1@29 nearNum=0/29 centerNum=0/29 farL=0@-1/0@-1 farNum=0/0 farRaw=0/0 lost=0/0 not_have=0 final=29/28 flags=0/0
LineErr: aim=33 cxcy=84.0,119.6 left=0:0.00@-1,-1 dx=0.0 idx=-1/-1 dist=-1/-1 right=1:33.02@60,106 dx=-24.2 idx=7/20 dist=31/67 sel=1:36.47@53,101 dx=-31.0 idx=0/16 dist=32/54 edge=0:0.00@-1.0,-1.0 dx=0.0 width=0.0 l=-1,-1 r=72,83
ATGSeedDiag: seed=0@-1,-1/1@140,108 begin=7,108 block=5 clip=8
ATGLptDiag: best=-1(-57295.8) imip=-1/-1 pass=00000 acc=-1 ipm=-1.0,-1.0 inv=-1.0,-1.0 | 29(79.2) imip=19/39 pass=11111 acc=29 ipm=59.5,73.0 inv=49.4,40.8
frame=664 line=1 track=1 cross=0 circle=0(CIRCLE_NONE) round=0 yroad=0 ramp=0 road=3 speed=0 near=0/28 raw=0/170 sel=28/27 far=0/0 far_raw=0/0 l=0@-1/1@28 far_l=0@-1/0@-1 straight=0/0 far_straight=0/0 circle_cnt=0/0/0/0 lost=0/0 conf=0.0/79.7/0.0/0.0 dist=0 m0=(84,119) ml=(55,102) md=33/1/58 cxcy=84.0,119.6 guide=35.38 atg=-60.0/-60.0/-60.0 pure=8.66/8.66 yaw=-2123 cmd=-2314 actual=-1932 signed=0 rps=8172/1828:7077/5014 duty=20/1
CrossDiag: type=CROSS_NONE track=1 half_lr=0/0 nearL=0@-1/1@28 nearNum=0/28 centerNum=0/28 farL=0@-1/0@-1 farNum=0/0 farRaw=0/0 lost=0/0 not_have=0 final=28/27 flags=0/0
LineErr: aim=33 cxcy=84.0,119.6 left=0:0.00@-1,-1 dx=0.0 idx=-1/-1 dist=-1/-1 right=1:33.36@59,105 dx=-24.9 idx=7/20 dist=31/62 sel=1:36.04@53,100 dx=-30.8 idx=0/16 dist=32/52 edge=0:0.00@-1.0,-1.0 dx=0.0 width=0.0 l=-1,-1 r=74,84
ATGSeedDiag: seed=0@-1,-1/1@140,108 begin=7,108 block=5 clip=8
ATGLptDiag: best=-1(-57295.8) imip=-1/-1 pass=00000 acc=-1 ipm=-1.0,-1.0 inv=-1.0,-1.0 | 28(79.7) imip=18/38 pass=11111 acc=28 ipm=61.0,74.4 inv=50.6,41.7
frame=665 line=1 track=1 cross=0 circle=0(CIRCLE_NONE) round=0 yroad=0 ramp=0 road=3 speed=0 near=0/27 raw=0/170 sel=27/26 far=0/0 far_raw=0/0 l=0@-1/1@27 far_l=0@-1/0@-1 straight=0/0 far_straight=0/0 circle_cnt=0/0/0/0 lost=0/0 conf=0.0/79.8/0.0/0.0 dist=0 m0=(84,119) ml=(55,102) md=33/1/56 cxcy=84.0,119.6 guide=35.20 atg=-60.0/-60.0/-60.0 pure=8.82/8.82 yaw=-2112 cmd=-2265 actual=-1959 signed=0 rps=8104/1896:7231/5116 duty=20/1
CrossDiag: type=CROSS_NONE track=1 half_lr=0/0 nearL=0@-1/1@27 nearNum=0/27 centerNum=0/27 farL=0@-1/0@-1 farNum=0/0 farRaw=0/0 lost=0/0 not_have=0 final=27/26 flags=0/0
LineErr: aim=33 cxcy=84.0,119.6 left=0:0.00@-1,-1 dx=0.0 idx=-1/-1 dist=-1/-1 right=1:34.06@58,104 dx=-26.5 idx=7/20 dist=33/60 sel=1:35.76@53,100 dx=-30.6 idx=0/16 dist=32/50 edge=0:0.00@-1.0,-1.0 dx=0.0 width=0.0 l=-1,-1 r=72,82
ATGSeedDiag: seed=0@-1,-1/1@139,108 begin=7,108 block=5 clip=8
ATGLptDiag: best=-1(-57295.8) imip=-1/-1 pass=00000 acc=-1 ipm=-1.0,-1.0 inv=-1.0,-1.0 | 27(79.8) imip=17/37 pass=11111 acc=27 ipm=62.7,75.3 inv=52.1,42.3
frame=667 line=1 track=1 cross=0 circle=0(CIRCLE_NONE) round=0 yroad=0 ramp=0 road=3 speed=0 near=0/25 raw=0/170 sel=25/24 far=0/0 far_raw=0/0 l=0@-1/1@25 far_l=0@-1/0@-1 straight=0/0 far_straight=0/0 circle_cnt=0/0/0/0 lost=0/0 conf=0.0/78.3/0.0/0.0 dist=0 m0=(84,119) ml=(56,102) md=33/1/52 cxcy=84.0,119.6 guide=34.31 atg=-60.0/-60.0/-60.0 pure=9.09/9.09 yaw=-2059 cmd=-2131 actual=-1986 signed=0 rps=7921/2079:7632/5592 duty=18/1
CrossDiag: type=CROSS_NONE track=1 half_lr=0/0 nearL=0@-1/1@25 nearNum=0/25 centerNum=0/25 farL=0@-1/0@-1 farNum=0/0 farRaw=0/0 lost=0/0 not_have=0 final=25/24 flags=0/0
LineErr: aim=33 cxcy=84.0,119.6 left=0:0.00@-1,-1 dx=0.0 idx=-1/-1 dist=-1/-1 right=1:34.03@57,103 dx=-26.8 idx=7/19 dist=34/56 sel=1:35.09@54,100 dx=-30.1 idx=0/16 dist=32/46 edge=0:0.00@-1.0,-1.0 dx=0.0 width=0.0 l=-1,-1 r=72,82
ATGSeedDiag: seed=0@-1,-1/1@138,108 begin=7,108 block=5 clip=8
ATGLptDiag: best=-1(-57295.8) imip=-1/-1 pass=00000 acc=-1 ipm=-1.0,-1.0 inv=-1.0,-1.0 | 25(78.3) imip=15/35 pass=11111 acc=25 ipm=66.4,77.5 inv=55.6,43.9
frame=671 line=1 track=1 cross=0 circle=0(CIRCLE_NONE) round=0 yroad=0 ramp=0 road=3 speed=0 near=0/23 raw=0/170 sel=23/24 far=0/0 far_raw=0/0 l=0@-1/1@23 far_l=0@-1/0@-1 straight=0/0 far_straight=0/0 circle_cnt=0/0/0/0 lost=0/0 conf=0.0/79.5/0.0/0.0 dist=0 m0=(84,119) ml=(57,101) md=33/1/50 cxcy=84.0,119.6 guide=32.98 atg=-60.0/-60.0/-60.0 pure=8.60/8.60 yaw=-1979 cmd=-1930 actual=-2027 signed=0 rps=7645/2355:7265/5678 duty=18/2
CrossDiag: type=CROSS_NONE track=1 half_lr=0/0 nearL=0@-1/1@23 nearNum=0/23 centerNum=0/23 farL=0@-1/0@-1 farNum=0/0 farRaw=0/0 lost=0/0 not_have=0 final=23/24 flags=0/0
LineErr: aim=33 cxcy=84.0,119.6 left=0:0.00@-1,-1 dx=0.0 idx=-1/-1 dist=-1/-1 right=1:32.18@59,103 dx=-24.8 idx=6/17 dist=31/55 sel=1:33.20@56,100 dx=-28.2 idx=0/16 dist=32/46 edge=0:0.00@-1.0,-1.0 dx=0.0 width=0.0 l=-1,-1 r=72,81
ATGSeedDiag: seed=0@-1,-1/1@137,108 begin=7,108 block=5 clip=8
ATGLptDiag: best=-1(-57295.8) imip=-1/-1 pass=00000 acc=-1 ipm=-1.0,-1.0 inv=-1.0,-1.0 | 23(79.5) imip=13/33 pass=11111 acc=23 ipm=70.9,79.0 inv=60.3,45.0
frame=672 line=1 track=1 cross=0 circle=0(CIRCLE_NONE) round=0 yroad=0 ramp=0 road=3 speed=0 near=0/22 raw=0/170 sel=22/23 far=0/0 far_raw=0/0 l=0@-1/1@22 far_l=0@-1/0@-1 straight=0/0 far_straight=0/0 circle_cnt=0/0/0/0 lost=0/0 conf=0.0/80.2/0.0/0.0 dist=0 m0=(84,119) ml=(58,101) md=32/1/48 cxcy=84.0,119.6 guide=32.35 atg=-60.0/-60.0/-60.0 pure=8.75/8.75 yaw=-1941 cmd=-1876 actual=-2006 signed=0 rps=7571/2429:7249/5784 duty=18/2
CrossDiag: type=CROSS_NONE track=1 half_lr=0/0 nearL=0@-1/1@22 nearNum=0/22 centerNum=0/22 farL=0@-1/0@-1 farNum=0/0 farRaw=0/0 lost=0/0 not_have=0 final=22/23 flags=0/0
LineErr: aim=33 cxcy=84.0,119.6 left=0:0.00@-1,-1 dx=0.0 idx=-1/-1 dist=-1/-1 right=1:32.08@58,102 dx=-25.5 idx=6/17 dist=33/52 sel=1:32.73@56,99 dx=-28.0 idx=0/16 dist=32/44 edge=0:0.00@-1.0,-1.0 dx=0.0 width=0.0 l=-1,-1 r=74,82
ATGSeedDiag: seed=0@-1,-1/1@137,108 begin=7,108 block=5 clip=8
ATGLptDiag: best=-1(-57295.8) imip=-1/-1 pass=00000 acc=-1 ipm=-1.0,-1.0 inv=-1.0,-1.0 | 22(80.2) imip=12/32 pass=11111 acc=22 ipm=72.3,80.6 inv=61.7,46.2
frame=674 line=1 track=1 cross=0 circle=0(CIRCLE_NONE) round=0 yroad=0 ramp=0 road=3 speed=0 near=0/21 raw=0/170 sel=21/22 far=0/0 far_raw=0/0 l=0@-1/1@21 far_l=0@-1/0@-1 straight=0/0 far_straight=0/0 circle_cnt=0/0/0/0 lost=0/0 conf=0.0/81.8/0.0/0.0 dist=0 m0=(84,119) ml=(58,101) md=33/1/46 cxcy=84.0,119.6 guide=31.63 atg=-60.0/-60.0/-60.0 pure=8.77/8.77 yaw=-1898 cmd=-1829 actual=-1966 signed=0 rps=7507/2493:7480/5495 duty=17/3
CrossDiag: type=CROSS_NONE track=1 half_lr=0/0 nearL=0@-1/1@21 nearNum=0/21 centerNum=0/21 farL=0@-1/0@-1 farNum=0/0 farRaw=0/0 lost=0/0 not_have=0 final=21/22 flags=0/0
LineErr: aim=33 cxcy=84.0,119.6 left=0:0.00@-1,-1 dx=0.0 idx=-1/-1 dist=-1/-1 right=1:31.30@60,102 dx=-24.5 idx=6/16 dist=32/51 sel=1:31.94@57,99 dx=-27.5 idx=0/16 dist=32/42 edge=0:0.00@-1.0,-1.0 dx=0.0 width=0.0 l=-1,-1 r=75,83
ATGSeedDiag: seed=0@-1,-1/1@136,108 begin=7,108 block=5 clip=8
ATGLptDiag: best=-1(-57295.8) imip=-1/-1 pass=00000 acc=-1 ipm=-1.0,-1.0 inv=-1.0,-1.0 | 21(81.8) imip=11/31 pass=11111 acc=21 ipm=74.0,81.6 inv=63.5,47.0
frame=675 line=1 track=1 cross=0 circle=0(CIRCLE_NONE) round=0 yroad=0 ramp=0 road=3 speed=0 near=0/20 raw=0/170 sel=20/22 far=0/0 far_raw=0/0 l=0@-1/1@20 far_l=0@-1/0@-1 straight=0/0 far_straight=0/0 circle_cnt=0/0/0/0 lost=0/0 conf=0.0/80.8/0.0/0.0 dist=0 m0=(84,119) ml=(58,100) md=34/1/47 cxcy=84.0,119.6 guide=31.05 atg=-60.0/-60.0/-60.0 pure=8.57/8.57 yaw=-1863 cmd=-1783 actual=-1943 signed=0 rps=7444/2556:7456/5297 duty=17/3
CrossDiag: type=CROSS_NONE track=1 half_lr=0/0 nearL=0@-1/1@20 nearNum=0/20 centerNum=0/20 farL=0@-1/0@-1 farNum=0/0 farRaw=0/0 lost=0/0 not_have=0 final=20/22 flags=0/0
LineErr: aim=33 cxcy=84.0,119.6 left=0:0.00@-1,-1 dx=0.0 idx=-1/-1 dist=-1/-1 right=1:30.71@60,103 dx=-23.6 idx=6/15 dist=31/50 sel=1:31.23@57,98 dx=-26.9 idx=0/16 dist=32/42 edge=0:0.00@-1.0,-1.0 dx=0.0 width=0.0 l=-1,-1 r=77,85
ATGSeedDiag: seed=0@-1,-1/1@135,108 begin=7,108 block=5 clip=8
ATGLptDiag: best=-1(-57295.8) imip=-1/-1 pass=00000 acc=-1 ipm=-1.0,-1.0 inv=-1.0,-1.0 | 20(80.8) imip=10/30 pass=11111 acc=20 ipm=75.8,82.6 inv=65.4,47.9
frame=676 line=1 track=1 cross=0 circle=0(CIRCLE_NONE) round=0 yroad=0 ramp=0 road=3 speed=0 near=0/19 raw=0/170 sel=19/22 far=0/0 far_raw=0/0 l=0@-1/1@19 far_l=0@-1/0@-1 straight=0/0 far_straight=0/0 circle_cnt=0/0/0/0 lost=0/0 conf=0.0/82.7/0.0/0.0 dist=0 m0=(84,119) ml=(58,99) md=34/1/45 cxcy=84.0,119.6 guide=30.39 atg=-60.0/-60.0/-60.0 pure=8.40/8.40 yaw=-1824 cmd=-1731 actual=-1917 signed=0 rps=7372/2628:7894/5624 duty=16/3
CrossDiag: type=CROSS_NONE track=1 half_lr=0/0 nearL=0@-1/1@19 nearNum=0/19 centerNum=0/19 farL=0@-1/0@-1 farNum=0/0 farRaw=0/0 lost=0/0 not_have=0 final=19/22 flags=0/0
LineErr: aim=33 cxcy=84.0,119.6 left=0:0.00@-1,-1 dx=0.0 idx=-1/-1 dist=-1/-1 right=1:29.73@62,103 dx=-22.5 idx=5/14 dist=33/52 sel=1:30.20@58,99 dx=-25.6 idx=0/16 dist=32/42 edge=0:0.00@-1.0,-1.0 dx=0.0 width=0.0 l=-1,-1 r=79,86
ATGSeedDiag: seed=0@-1,-1/1@134,108 begin=7,108 block=5 clip=8
ATGLptDiag: best=-1(-57295.8) imip=-1/-1 pass=00000 acc=-1 ipm=-1.0,-1.0 inv=-1.0,-1.0 | 19(82.7) imip=9/29 pass=11111 acc=19 ipm=77.5,83.7 inv=67.4,48.8
frame=677 line=1 track=1 cross=0 circle=0(CIRCLE_NONE) round=0 yroad=0 ramp=0 road=3 speed=0 near=0/18 raw=0/170 sel=18/21 far=0/0 far_raw=0/0 l=0@-1/1@18 far_l=0@-1/0@-1 straight=0/0 far_straight=0/0 circle_cnt=0/0/0/0 lost=0/0 conf=0.0/81.2/0.0/0.0 dist=0 m0=(84,119) ml=(60,99) md=33/1/44 cxcy=84.0,119.6 guide=29.21 atg=-60.0/-60.0/-60.0 pure=8.36/8.36 yaw=-1753 cmd=-1603 actual=-1903 signed=0 rps=7197/2803:8006/5986 duty=15/3
CrossDiag: type=CROSS_NONE track=1 half_lr=0/0 nearL=0@-1/1@18 nearNum=0/18 centerNum=0/18 farL=0@-1/0@-1 farNum=0/0 farRaw=0/0 lost=0/0 not_have=0 final=18/21 flags=0/0
LineErr: aim=33 cxcy=84.0,119.6 left=0:0.00@-1,-1 dx=0.0 idx=-1/-1 dist=-1/-1 right=1:29.33@61,101 dx=-23.2 idx=6/14 dist=33/48 sel=1:29.44@58,97 dx=-25.6 idx=0/16 dist=32/40 edge=0:0.00@-1.0,-1.0 dx=0.0 width=0.0 l=-1,-1 r=81,87
ATGSeedDiag: seed=0@-1,-1/1@134,108 begin=7,108 block=5 clip=8
ATGLptDiag: best=-1(-57295.8) imip=-1/-1 pass=00000 acc=-1 ipm=-1.0,-1.0 inv=-1.0,-1.0 | 18(81.2) imip=8/28 pass=11111 acc=18 ipm=79.3,85.3 inv=69.6,50.2
frame=678 line=1 track=1 cross=0 circle=0(CIRCLE_NONE) round=0 yroad=0 ramp=0 road=3 speed=0 near=0/18 raw=0/170 sel=18/22 far=0/0 far_raw=0/0 l=0@-1/1@18 far_l=0@-1/0@-1 straight=0/0 far_straight=0/0 circle_cnt=0/0/0/0 lost=0/0 conf=0.0/82.5/0.0/0.0 dist=0 m0=(84,119) ml=(61,100) md=32/1/45 cxcy=84.0,119.6 guide=28.82 atg=-60.0/-60.0/-60.0 pure=8.03/8.03 yaw=-1729 cmd=-1578 actual=-1880 signed=0 rps=7163/2837:7462/5950 duty=16/4
CrossDiag: type=CROSS_NONE track=1 half_lr=0/0 nearL=0@-1/1@18 nearNum=0/18 centerNum=0/18 farL=0@-1/0@-1 farNum=0/0 farRaw=0/0 lost=0/0 not_have=0 final=18/22 flags=0/0
LineErr: aim=33 cxcy=84.0,119.6 left=0:0.00@-1,-1 dx=0.0 idx=-1/-1 dist=-1/-1 right=1:28.79@62,103 dx=-21.7 idx=5/13 dist=32/52 sel=1:29.02@59,98 dx=-24.7 idx=0/16 dist=32/42 edge=0:0.00@-1.0,-1.0 dx=0.0 width=0.0 l=-1,-1 r=80,87
ATGSeedDiag: seed=0@-1,-1/1@133,108 begin=7,108 block=5 clip=8
ATGLptDiag: best=-1(-57295.8) imip=-1/-1 pass=00000 acc=-1 ipm=-1.0,-1.0 inv=-1.0,-1.0 | 18(82.5) imip=8/28 pass=11111 acc=18 ipm=80.0,84.5 inv=70.4,49.5
frame=679 line=1 track=1 cross=0 circle=0(CIRCLE_NONE) round=0 yroad=0 ramp=0 road=3 speed=0 near=0/17 raw=0/170 sel=17/21 far=0/0 far_raw=0/0 l=0@-1/1@17 far_l=0@-1/0@-1 straight=0/0 far_straight=0/0 circle_cnt=0/0/0/0 lost=0/0 conf=0.0/83.7/0.0/0.0 dist=0 m0=(84,119) ml=(61,100) md=32/1/42 cxcy=84.0,119.6 guide=28.31 atg=-60.0/-60.0/-60.0 pure=8.33/8.33 yaw=-1699 cmd=-1545 actual=-1853 signed=0 rps=7117/2883:7454/6317 duty=16/3
CrossDiag: type=CROSS_NONE track=1 half_lr=0/0 nearL=0@-1/1@17 nearNum=0/17 centerNum=0/17 farL=0@-1/0@-1 farNum=0/0 farRaw=0/0 lost=0/0 not_have=0 final=17/21 flags=0/0
LineErr: aim=33 cxcy=84.0,119.6 left=0:0.00@-1,-1 dx=0.0 idx=-1/-1 dist=-1/-1 right=1:28.75@62,102 dx=-22.1 idx=5/13 dist=32/47 sel=1:28.75@60,98 dx=-24.3 idx=0/16 dist=32/40 edge=0:0.00@-1.0,-1.0 dx=0.0 width=0.0 l=-1,-1 r=82,89
ATGSeedDiag: seed=0@-1,-1/1@133,108 begin=7,108 block=5 clip=8
ATGLptDiag: best=-1(-57295.8) imip=-1/-1 pass=00000 acc=-1 ipm=-1.0,-1.0 inv=-1.0,-1.0 | 17(83.7) imip=7/27 pass=11111 acc=17 ipm=80.6,86.8 inv=71.1,51.6
frame=682 line=1 track=1 cross=0 circle=0(CIRCLE_NONE) round=0 yroad=0 ramp=0 road=3 speed=0 near=0/15 raw=0/170 sel=15/19 far=0/0 far_raw=0/0 l=0@-1/1@15 far_l=0@-1/0@-1 straight=0/0 far_straight=0/0 circle_cnt=0/0/0/0 lost=0/0 conf=0.0/84.9/0.0/0.0 dist=0 m0=(84,119) ml=(62,98) md=32/1/38 cxcy=84.0,119.6 guide=26.34 atg=-60.0/-60.0/-60.0 pure=8.29/8.29 yaw=-1580 cmd=-1380 actual=-1783 signed=0 rps=6892/3108:7207/5919 duty=15/5
CrossDiag: type=CROSS_NONE track=1 half_lr=0/0 nearL=0@-1/1@15 nearNum=0/15 centerNum=0/15 farL=0@-1/0@-1 farNum=0/0 farRaw=0/0 lost=0/0 not_have=0 final=15/19 flags=0/0
LineErr: aim=33 cxcy=84.0,119.6 left=0:0.00@-1,-1 dx=0.0 idx=-1/-1 dist=-1/-1 right=1:26.88@62,100 dx=-21.9 idx=5/12 dist=34/44 sel=1:26.68@61,96 dx=-23.4 idx=0/16 dist=32/36 edge=0:0.00@-1.0,-1.0 dx=0.0 width=0.0 l=-1,-1 r=85,91
ATGSeedDiag: seed=0@-1,-1/1@131,108 begin=7,108 block=5 clip=8
ATGLptDiag: best=-1(-57295.8) imip=-1/-1 pass=00000 acc=-1 ipm=-1.0,-1.0 inv=-1.0,-1.0 | 15(84.9) imip=5/25 pass=11111 acc=15 ipm=83.7,89.4 inv=75.2,54.2
frame=685 line=1 track=1 cross=0 circle=0(CIRCLE_NONE) round=0 yroad=0 ramp=0 road=3 speed=0 near=0/14 raw=0/170 sel=14/19 far=0/0 far_raw=0/0 l=0@-1/1@14 far_l=0@-1/0@-1 straight=0/0 far_straight=0/0 circle_cnt=0/0/0/0 lost=0/0 conf=0.0/85.4/0.0/0.0 dist=0 m0=(84,119) ml=(63,98) md=32/1/39 cxcy=84.0,119.6 guide=25.16 atg=-60.0/-60.0/-60.0 pure=7.79/7.79 yaw=-1509 cmd=-1338 actual=-1681 signed=0 rps=6834/3166:7589/5562 duty=15/5
CrossDiag: type=CROSS_NONE track=1 half_lr=0/0 nearL=0@-1/1@14 nearNum=0/14 centerNum=0/14 farL=0@-1/0@-1 farNum=0/0 farRaw=0/0 lost=0/0 not_have=0 final=14/19 flags=0/0
LineErr: aim=33 cxcy=84.0,119.6 left=0:0.00@-1,-1 dx=0.0 idx=-1/-1 dist=-1/-1 right=1:25.61@63,99 dx=-20.9 idx=4/11 dist=34/44 sel=1:25.13@62,96 dx=-22.0 idx=0/16 dist=32/36 edge=0:0.00@-1.0,-1.0 dx=0.0 width=0.0 l=-1,-1 r=87,93
ATGSeedDiag: seed=0@-1,-1/1@130,108 begin=7,108 block=5 clip=8
ATGLptDiag: best=-1(-57295.8) imip=-1/-1 pass=00000 acc=-1 ipm=-1.0,-1.0 inv=-1.0,-1.0 | 14(85.4) imip=4/24 pass=11111 acc=14 ipm=85.9,90.5 inv=78.2,55.4
frame=686 line=1 track=1 cross=0 circle=0(CIRCLE_NONE) round=0 yroad=0 ramp=0 road=3 speed=0 near=0/13 raw=0/170 sel=13/18 far=0/0 far_raw=0/0 l=0@-1/1@13 far_l=0@-1/0@-1 straight=0/0 far_straight=0/0 circle_cnt=0/0/0/0 lost=0/0 conf=0.0/86.0/0.0/0.0 dist=0 m0=(84,119) ml=(63,97) md=32/1/36 cxcy=84.0,119.6 guide=24.61 atg=-60.0/-60.0/-60.0 pure=7.96/7.96 yaw=-1477 cmd=-1323 actual=-1630 signed=0 rps=6813/3187:7624/5787 duty=15/5
CrossDiag: type=CROSS_NONE track=1 half_lr=0/0 nearL=0@-1/1@13 nearNum=0/13 centerNum=0/13 farL=0@-1/0@-1 farNum=0/0 farRaw=0/0 lost=0/0 not_have=0 final=13/18 flags=0/0
LineErr: aim=33 cxcy=84.0,119.6 left=0:0.00@-1,-1 dx=0.0 idx=-1/-1 dist=-1/-1 right=1:24.89@63,97 dx=-21.1 idx=4/11 dist=35/40 sel=1:24.49@62,95 dx=-21.7 idx=0/16 dist=32/34 edge=0:0.00@-1.0,-1.0 dx=0.0 width=0.0 l=-1,-1 r=88,94
ATGSeedDiag: seed=0@-1,-1/1@129,108 begin=7,108 block=5 clip=8
ATGLptDiag: best=-1(-57295.8) imip=-1/-1 pass=00000 acc=-1 ipm=-1.0,-1.0 inv=-1.0,-1.0 | 13(86.0) imip=3/23 pass=11111 acc=13 ipm=86.7,92.4 inv=79.5,57.5
frame=687 line=1 track=1 cross=0 circle=0(CIRCLE_NONE) round=0 yroad=0 ramp=0 road=3 speed=0 near=0/13 raw=0/170 sel=13/19 far=0/0 far_raw=0/0 l=0@-1/1@13 far_l=0@-1/0@-1 straight=0/0 far_straight=0/0 circle_cnt=0/0/0/0 lost=0/0 conf=0.0/85.8/0.0/0.0 dist=0 m0=(84,119) ml=(64,98) md=32/1/38 cxcy=84.0,119.6 guide=24.18 atg=-60.0/-60.0/-60.0 pure=7.59/7.59 yaw=-1451 cmd=-1328 actual=-1574 signed=0 rps=6820/3180:7054/5823 duty=15/5
CrossDiag: type=CROSS_NONE track=1 half_lr=0/0 nearL=0@-1/1@13 nearNum=0/13 centerNum=0/13 farL=0@-1/0@-1 farNum=0/0 farRaw=0/0 lost=0/0 not_have=0 final=13/19 flags=0/0
LineErr: aim=33 cxcy=84.0,119.6 left=0:0.00@-1,-1 dx=0.0 idx=-1/-1 dist=-1/-1 right=1:24.71@64,100 dx=-19.9 idx=3/10 dist=33/43 sel=1:24.22@63,96 dx=-21.0 idx=0/16 dist=32/36 edge=0:0.00@-1.0,-1.0 dx=0.0 width=0.0 l=-1,-1 r=88,94
ATGSeedDiag: seed=0@-1,-1/1@128,108 begin=7,108 block=5 clip=8
ATGLptDiag: best=-1(-57295.8) imip=-1/-1 pass=00000 acc=-1 ipm=-1.0,-1.0 inv=-1.0,-1.0 | 13(85.8) imip=3/23 pass=11111 acc=13 ipm=87.4,91.9 inv=80.4,56.9
frame=689 line=1 track=1 cross=0 circle=0(CIRCLE_NONE) round=0 yroad=0 ramp=0 road=3 speed=0 near=0/11 raw=0/170 sel=11/16 far=0/0 far_raw=0/0 l=0@-1/1@11 far_l=0@-1/0@-1 straight=0/0 far_straight=0/0 circle_cnt=0/0/0/0 lost=0/0 conf=0.0/85.5/0.0/0.0 dist=0 m0=(84,119) ml=(64,96) md=33/1/33 cxcy=84.0,119.6 guide=23.07 atg=-60.0/-60.0/-60.0 pure=8.18/8.18 yaw=-1384 cmd=-1368 actual=-1401 signed=0 rps=6875/3125:6889/6345 duty=16/4
CrossDiag: type=CROSS_NONE track=1 half_lr=0/0 nearL=0@-1/1@11 nearNum=0/11 centerNum=0/11 farL=0@-1/0@-1 farNum=0/0 farRaw=0/0 lost=0/0 not_have=0 final=11/16 flags=0/0
LineErr: aim=33 cxcy=84.0,119.6 left=0:0.00@-1,-1 dx=0.0 idx=-1/-1 dist=-1/-1 right=1:23.26@65,99 dx=-18.9 idx=3/9 dist=32/36 sel=1:23.01@64,96 dx=-19.9 idx=0/15 dist=30/30 edge=0:0.00@-1.0,-1.0 dx=0.0 width=0.0 l=-1,-1 r=90,97
ATGSeedDiag: seed=0@-1,-1/1@126,108 begin=7,108 block=5 clip=8
ATGLptDiag: best=-1(-57295.8) imip=-1/-1 pass=00000 acc=-1 ipm=-1.0,-1.0 inv=-1.0,-1.0 | 11(85.5) imip=1/21 pass=11111 acc=11 ipm=88.8,95.4 inv=83.1,61.2
frame=690 line=1 track=1 cross=0 circle=0(CIRCLE_NONE) round=0 yroad=0 ramp=0 road=3 speed=0 near=0/11 raw=0/170 sel=11/17 far=0/0 far_raw=0/0 l=0@-1/1@11 far_l=0@-1/0@-1 straight=0/0 far_straight=0/0 circle_cnt=0/0/0/0 lost=0/0 conf=0.0/83.9/0.0/0.0 dist=0 m0=(84,119) ml=(65,97) md=32/1/34 cxcy=84.0,119.6 guide=22.36 atg=-60.0/-59.0/-59.0 pure=7.77/7.77 yaw=-1342 cmd=-1356 actual=-1328 signed=0 rps=6859/3141:7381/6591 duty=15/4
CrossDiag: type=CROSS_NONE track=1 half_lr=0/0 nearL=0@-1/1@11 nearNum=0/11 centerNum=0/11 farL=0@-1/0@-1 farNum=0/0 farRaw=0/0 lost=0/0 not_have=0 final=11/17 flags=0/0
LineErr: aim=33 cxcy=84.0,119.6 left=0:0.00@-1,-1 dx=0.0 idx=-1/-1 dist=-1/-1 right=1:22.70@66,100 dx=-17.7 idx=2/8 dist=31/39 sel=1:22.07@65,95 dx=-19.4 idx=0/16 dist=32/32 edge=0:0.00@-1.0,-1.0 dx=0.0 width=0.0 l=-1,-1 r=90,97
ATGSeedDiag: seed=0@-1,-1/1@125,108 begin=7,108 block=5 clip=8
ATGLptDiag: best=-1(-57295.8) imip=-1/-1 pass=00000 acc=-1 ipm=-1.0,-1.0 inv=-1.0,-1.0 | 11(83.9) imip=1/21 pass=11111 acc=11 ipm=89.1,95.0 inv=83.3,60.7
frame=692 line=1 track=1 cross=0 circle=0(CIRCLE_NONE) round=0 yroad=0 ramp=0 road=3 speed=0 near=0/10 raw=0/170 sel=10/18 far=0/0 far_raw=0/0 l=0@-1/1@10 far_l=0@-1/0@-1 straight=0/0 far_straight=0/0 circle_cnt=0/0/0/0 lost=0/0 conf=0.0/86.5/0.0/0.0 dist=0 m0=(84,119) ml=(66,97) md=32/1/36 cxcy=84.0,119.6 guide=21.19 atg=-60.0/-53.0/-53.0 pure=7.02/7.02 yaw=-1271 cmd=-1307 actual=-1236 signed=0 rps=6791/3209:7511/6281 duty=15/5
CrossDiag: type=CROSS_NONE track=1 half_lr=0/0 nearL=0@-1/1@10 nearNum=0/10 centerNum=0/10 farL=0@-1/0@-1 farNum=0/0 farRaw=0/0 lost=0/0 not_have=0 final=10/18 flags=0/0
LineErr: aim=33 cxcy=84.0,119.6 left=0:0.00@-1,-1 dx=0.0 idx=-1/-1 dist=-1/-1 right=1:21.59@67,100 dx=-17.0 idx=1/7 dist=33/41 sel=1:20.74@66,95 dx=-18.1 idx=0/16 dist=32/34 edge=0:0.00@-1.0,-1.0 dx=0.0 width=0.0 l=-1,-1 r=91,99
ATGSeedDiag: seed=0@-1,-1/1@123,108 begin=7,108 block=5 clip=8
ATGLptDiag: best=-1(-57295.8) imip=-1/-1 pass=00000 acc=-1 ipm=-1.0,-1.0 inv=-1.0,-1.0 | 10(86.5) imip=0/20 pass=11111 acc=10 ipm=90.2,96.8 inv=85.3,63.0
frame=693 line=1 track=1 cross=0 circle=0(CIRCLE_NONE) round=0 yroad=0 ramp=0 road=3 speed=0 near=0/9 raw=0/170 sel=9/16 far=0/0 far_raw=0/0 l=0@-1/1@9 far_l=0@-1/0@-1 straight=0/0 far_straight=0/0 circle_cnt=0/0/0/0 lost=0/0 conf=0.0/86.8/0.0/0.0 dist=0 m0=(84,119) ml=(67,95) md=34/1/34 cxcy=84.0,119.6 guide=20.62 atg=-60.0/-49.0/-49.0 pure=7.27/7.27 yaw=-1237 cmd=-1247 actual=-1227 signed=0 rps=6710/3290:7799/6284 duty=14/5
CrossDiag: type=CROSS_NONE track=1 half_lr=0/0 nearL=0@-1/1@9 nearNum=0/9 centerNum=0/9 farL=0@-1/0@-1 farNum=0/0 farRaw=0/0 lost=0/0 not_have=0 final=9/16 flags=0/0
LineErr: aim=33 cxcy=84.0,119.6 left=0:0.00@-1,-1 dx=0.0 idx=-1/-1 dist=-1/-1 right=1:20.35@67,97 dx=-16.8 idx=1/7 dist=33/37 sel=1:19.98@67,95 dx=-17.2 idx=0/15 dist=30/30 edge=0:0.00@-1.0,-1.0 dx=0.0 width=0.0 l=-1,-1 r=92,101
ATGSeedDiag: seed=0@-1,-1/1@122,108 begin=7,108 block=5 clip=8
ATGLptDiag: best=-1(-57295.8) imip=-1/-1 pass=00000 acc=-1 ipm=-1.0,-1.0 inv=-1.0,-1.0 | 9(86.8) imip=0/19 pass=11111 acc=9 ipm=90.7,98.8 inv=86.7,65.9
frame=694 line=1 track=1 cross=0 circle=0(CIRCLE_NONE) round=0 yroad=0 ramp=0 road=3 speed=0 near=0/9 raw=0/170 sel=9/16 far=0/0 far_raw=0/0 l=0@-1/1@9 far_l=0@-1/0@-1 straight=0/0 far_straight=0/0 circle_cnt=0/0/0/0 lost=0/0 conf=0.0/83.8/0.0/0.0 dist=0 m0=(84,119) ml=(67,94) md=33/1/33 cxcy=84.0,119.6 guide=19.32 atg=-60.0/-45.0/-45.0 pure=6.72/6.72 yaw=-1159 cmd=-1101 actual=-1217 signed=0 rps=6509/3491:7331/5882 duty=14/6
CrossDiag: type=CROSS_NONE track=1 half_lr=0/0 nearL=0@-1/1@9 nearNum=0/9 centerNum=0/9 farL=0@-1/0@-1 farNum=0/0 farRaw=0/0 lost=0/0 not_have=0 final=9/16 flags=0/0
LineErr: aim=33 cxcy=84.0,119.6 left=0:0.00@-1,-1 dx=0.0 idx=-1/-1 dist=-1/-1 right=1:19.07@68,95 dx=-16.4 idx=1/7 dist=34/37 sel=1:18.82@67,94 dx=-16.7 idx=0/15 dist=30/30 edge=0:0.00@-1.0,-1.0 dx=0.0 width=0.0 l=-1,-1 r=91,101
ATGSeedDiag: seed=0@-1,-1/1@121,108 begin=7,108 block=5 clip=8
ATGLptDiag: best=-1(-57295.8) imip=-1/-1 pass=00000 acc=-1 ipm=-1.0,-1.0 inv=-1.0,-1.0 | 9(83.8) imip=0/19 pass=11111 acc=9 ipm=91.8,98.5 inv=88.3,65.4
frame=696 line=1 track=1 cross=0 circle=0(CIRCLE_NONE) round=0 yroad=0 ramp=0 road=3 speed=0 near=0/8 raw=0/170 sel=8/16 far=0/0 far_raw=0/0 l=0@-1/1@8 far_l=0@-1/0@-1 straight=0/0 far_straight=0/0 circle_cnt=0/0/0/0 lost=0/0 conf=0.0/86.7/0.0/0.0 dist=0 m0=(84,119) ml=(69,96) md=32/1/34 cxcy=84.0,119.6 guide=17.74 atg=-60.0/-37.0/-37.0 pure=6.24/6.24 yaw=-1064 cmd=-931 actual=-1198 signed=0 rps=6275/3725:7288/6384 duty=13/7
CrossDiag: type=CROSS_NONE track=1 half_lr=0/0 nearL=0@-1/1@8 nearNum=0/8 centerNum=0/8 farL=0@-1/0@-1 farNum=0/0 farRaw=0/0 lost=0/0 not_have=0 final=8/16 flags=0/0
LineErr: aim=33 cxcy=84.0,119.6 left=0:0.00@-1,-1 dx=0.0 idx=-1/-1 dist=-1/-1 right=1:17.47@69,95 dx=-14.9 idx=0/6 dist=33/36 sel=1:17.17@69,94 dx=-15.1 idx=0/15 dist=30/30 edge=0:0.00@-1.0,-1.0 dx=0.0 width=0.0 l=-1,-1 r=93,103
ATGSeedDiag: seed=0@-1,-1/1@120,108 begin=7,108 block=5 clip=8
ATGLptDiag: best=-1(-57295.8) imip=-1/-1 pass=00000 acc=-1 ipm=-1.0,-1.0 inv=-1.0,-1.0 | 8(86.7) imip=0/18 pass=11111 acc=8 ipm=92.0,100.3 inv=89.2,68.2
frame=697 line=1 track=1 cross=0 circle=0(CIRCLE_NONE) round=0 yroad=0 ramp=0 road=3 speed=0 near=0/7 raw=0/170 sel=7/15 far=0/0 far_raw=0/0 l=0@-1/1@7 far_l=0@-1/0@-1 straight=0/0 far_straight=0/0 circle_cnt=0/0/0/0 lost=0/0 conf=0.0/86.0/0.0/0.0 dist=0 m0=(84,119) ml=(70,94) md=30/0/30 cxcy=84.0,119.6 guide=16.40 atg=-60.0/-32.0/-32.0 pure=5.85/5.85 yaw=-984 cmd=-817 actual=-1151 signed=0 rps=6119/3881:6980/6406 duty=13/7
CrossDiag: type=CROSS_NONE track=1 half_lr=0/0 nearL=0@-1/1@7 nearNum=0/7 centerNum=0/7 farL=0@-1/0@-1 farNum=0/0 farRaw=0/0 lost=0/0 not_have=0 final=7/15 flags=0/0
LineErr: aim=33 cxcy=84.0,119.6 left=0:0.00@-1,-1 dx=0.0 idx=-1/-1 dist=-1/-1 right=1:15.78@70,93 dx=-14.0 idx=0/6 dist=33/33 sel=1:15.91@70,94 dx=-13.9 idx=0/14 dist=28/28 edge=0:0.00@-1.0,-1.0 dx=0.0 width=0.0 l=-1,-1 r=93,105
ATGSeedDiag: seed=0@-1,-1/1@119,108 begin=7,108 block=5 clip=8
ATGLptDiag: best=-1(-57295.8) imip=-1/-1 pass=00000 acc=-1 ipm=-1.0,-1.0 inv=-1.0,-1.0 | 7(86.0) imip=0/17 pass=11111 acc=7 ipm=92.7,102.4 inv=91.2,71.5
frame=698 line=1 track=1 cross=0 circle=0(CIRCLE_NONE) round=0 yroad=0 ramp=0 road=3 speed=0 near=0/7 raw=0/168 sel=7/15 far=0/0 far_raw=0/0 l=0@-1/1@7 far_l=0@-1/0@-1 straight=0/0 far_straight=0/0 circle_cnt=0/0/0/0 lost=0/0 conf=0.0/85.7/0.0/0.0 dist=0 m0=(84,119) ml=(71,93) md=31/0/31 cxcy=84.0,119.6 guide=14.98 atg=-60.0/-28.0/-28.0 pure=5.44/5.44 yaw=-899 cmd=-710 actual=-1088 signed=0 rps=5973/4027:7412/6865 duty=12/7
CrossDiag: type=CROSS_NONE track=1 half_lr=0/0 nearL=0@-1/1@7 nearNum=0/7 centerNum=0/7 farL=0@-1/0@-1 farNum=0/0 farRaw=0/0 lost=0/0 not_have=0 final=7/15 flags=0/0
LineErr: aim=33 cxcy=84.0,119.6 left=0:0.00@-1,-1 dx=0.0 idx=-1/-1 dist=-1/-1 right=1:14.61@71,91 dx=-13.5 idx=0/6 dist=34/34 sel=1:14.93@71,93 dx=-13.3 idx=0/14 dist=28/28 edge=0:0.00@-1.0,-1.0 dx=0.0 width=0.0 l=-1,-1 r=93,104
ATGSeedDiag: seed=0@-1,-1/1@118,108 begin=7,108 block=5 clip=8
ATGLptDiag: best=-1(-57295.8) imip=-1/-1 pass=00000 acc=-1 ipm=-1.0,-1.0 inv=-1.0,-1.0 | 7(85.7) imip=0/17 pass=11111 acc=7 ipm=93.0,101.9 inv=91.5,70.7
frame=699 line=1 track=1 cross=0 circle=0(CIRCLE_NONE) round=0 yroad=0 ramp=0 road=3 speed=0 near=0/6 raw=0/165 sel=6/14 far=0/0 far_raw=0/0 l=0@-1/1@6 far_l=0@-1/0@-1 straight=0/0 far_straight=0/0 circle_cnt=0/0/0/0 lost=0/0 conf=0.0/86.1/0.0/0.0 dist=0 m0=(84,119) ml=(72,94) md=29/0/29 cxcy=84.0,119.6 guide=14.16 atg=-60.0/-24.0/-24.0 pure=5.11/5.11 yaw=-850 cmd=-656 actual=-1043 signed=0 rps=5900/4100:7259/6593 duty=12/8
CrossDiag: type=CROSS_NONE track=1 half_lr=0/0 nearL=0@-1/1@6 nearNum=0/6 centerNum=0/6 farL=0@-1/0@-1 farNum=0/0 farRaw=0/0 lost=0/0 not_have=0 final=6/14 flags=0/0
LineErr: aim=33 cxcy=84.0,119.6 left=0:0.00@-1,-1 dx=0.0 idx=-1/-1 dist=-1/-1 right=1:13.37@72,92 dx=-12.0 idx=0/5 dist=32/32 sel=1:13.67@72,94 dx=-11.9 idx=0/13 dist=26/26 edge=0:0.00@-1.0,-1.0 dx=0.0 width=0.0 l=-1,-1 r=94,106
ATGSeedDiag: seed=0@-1,-1/1@117,108 begin=7,108 block=5 clip=8
ATGLptDiag: best=-1(-57295.8) imip=-1/-1 pass=00000 acc=-1 ipm=-1.0,-1.0 inv=-1.0,-1.0 | 6(86.1) imip=0/16 pass=11111 acc=6 ipm=93.3,104.0 inv=92.9,74.3
frame=700 line=1 track=1 cross=0 circle=0(CIRCLE_NONE) round=0 yroad=0 ramp=0 road=3 speed=0 near=0/5 raw=0/164 sel=5/13 far=0/0 far_raw=0/0 l=0@-1/1@5 far_l=0@-1/0@-1 straight=0/0 far_straight=0/0 circle_cnt=0/0/0/0 lost=0/0 conf=0.0/86.2/0.0/0.0 dist=0 m0=(84,119) ml=(73,95) md=26/0/26 cxcy=84.0,119.6 guide=13.02 atg=-53.0/-21.0/-21.0 pure=4.89/4.89 yaw=-781 cmd=-581 actual=-1000 signed=0 rps=5797/4203:7643/6836 duty=11/8
CrossDiag: type=CROSS_NONE track=1 half_lr=0/0 nearL=0@-1/1@5 nearNum=0/5 centerNum=0/5 farL=0@-1/0@-1 farNum=0/0 farRaw=0/0 lost=0/0 not_have=0 final=5/13 flags=0/0
LineErr: aim=33 cxcy=84.0,119.6 left=0:0.00@-1,-1 dx=0.0 idx=-1/-1 dist=-1/-1 right=1:12.43@73,93 dx=-10.9 idx=0/4 dist=29/29 sel=1:12.69@73,95 dx=-10.8 idx=0/12 dist=24/24 edge=0:0.00@-1.0,-1.0 dx=0.0 width=0.0 l=-1,-1 r=95,108
ATGSeedDiag: seed=0@-1,-1/1@116,108 begin=7,108 block=5 clip=8
ATGLptDiag: best=-1(-57295.8) imip=-1/-1 pass=00000 acc=-1 ipm=-1.0,-1.0 inv=-1.0,-1.0 | 5(86.2) imip=0/15 pass=11111 acc=5 ipm=93.8,106.1 inv=94.8,78.3
frame=701 line=1 track=1 cross=0 circle=0(CIRCLE_NONE) round=0 yroad=0 ramp=0 road=3 speed=0 near=0/5 raw=0/162 sel=5/14 far=0/0 far_raw=0/0 l=0@-1/1@5 far_l=0@-1/0@-1 straight=0/0 far_straight=0/0 circle_cnt=0/0/0/0 lost=0/0 conf=0.0/84.8/0.0/0.0 dist=0 m0=(84,119) ml=(74,92) md=28/0/28 cxcy=84.0,119.6 guide=11.19 atg=-40.0/-16.0/-16.0 pure=4.06/4.06 yaw=-672 cmd=-472 actual=-969 signed=0 rps=5646/4354:7294/6429 duty=11/9
CrossDiag: type=CROSS_NONE track=1 half_lr=0/0 nearL=0@-1/1@5 nearNum=0/5 centerNum=0/5 farL=0@-1/0@-1 farNum=0/0 farRaw=0/0 lost=0/0 not_have=0 final=5/14 flags=0/0
LineErr: aim=33 cxcy=84.0,119.6 left=0:0.00@-1,-1 dx=0.0 idx=-1/-1 dist=-1/-1 right=1:11.07@74,92 dx=-10.0 idx=0/4 dist=30/30 sel=1:11.07@74,92 dx=-10.0 idx=0/13 dist=26/26 edge=0:0.00@-1.0,-1.0 dx=0.0 width=0.0 l=-1,-1 r=94,108
ATGSeedDiag: seed=0@-1,-1/1@115,108 begin=7,108 block=5 clip=8
ATGLptDiag: best=-1(-57295.8) imip=-1/-1 pass=00000 acc=-1 ipm=-1.0,-1.0 inv=-1.0,-1.0 | 5(84.8) imip=0/15 pass=11111 acc=5 ipm=93.8,105.9 inv=94.8,78.0
frame=702 line=1 track=1 cross=0 circle=0(CIRCLE_NONE) round=0 yroad=0 ramp=0 road=3 speed=0 near=0/5 raw=0/163 sel=5/14 far=0/0 far_raw=0/0 l=0@-1/1@5 far_l=0@-1/0@-1 straight=0/0 far_straight=0/0 circle_cnt=0/0/0/0 lost=0/0 conf=0.0/82.9/0.0/0.0 dist=0 m0=(84,119) ml=(75,91) md=28/0/28 cxcy=84.0,119.6 guide=9.91 atg=-33.0/-13.0/-13.0 pure=3.73/3.73 yaw=-595 cmd=-395 actual=-932 signed=0 rps=5541/4459:7446/6495 duty=10/9
CrossDiag: type=CROSS_NONE track=1 half_lr=0/0 nearL=0@-1/1@5 nearNum=0/5 centerNum=0/5 farL=0@-1/0@-1 farNum=0/0 farRaw=0/0 lost=0/0 not_have=0 final=5/14 flags=0/0
LineErr: aim=33 cxcy=84.0,119.6 left=0:0.00@-1,-1 dx=0.0 idx=-1/-1 dist=-1/-1 right=1:10.16@75,91 dx=-9.3 idx=0/4 dist=31/31 sel=1:10.19@75,91 dx=-9.2 idx=0/13 dist=26/26 edge=0:0.00@-1.0,-1.0 dx=0.0 width=0.0 l=-1,-1 r=94,108
ATGSeedDiag: seed=0@-1,-1/1@115,108 begin=7,108 block=5 clip=8
ATGLptDiag: best=-1(-57295.8) imip=-1/-1 pass=00000 acc=-1 ipm=-1.0,-1.0 inv=-1.0,-1.0 | 5(82.9) imip=0/15 pass=11111 acc=5 ipm=94.2,106.1 inv=95.7,78.3
frame=703 line=1 track=1 cross=0 circle=0(CIRCLE_NONE) round=0 yroad=0 ramp=0 road=3 speed=0 near=0/4 raw=0/162 sel=4/13 far=0/0 far_raw=0/0 l=0@-1/1@4 far_l=0@-1/0@-1 straight=0/0 far_straight=0/0 circle_cnt=0/0/0/0 lost=0/0 conf=0.0/86.2/0.0/0.0 dist=0 m0=(84,119) ml=(76,93) md=26/0/26 cxcy=84.0,119.6 guide=9.18 atg=-26.0/-10.0/-10.0 pure=3.34/3.34 yaw=-551 cmd=-351 actual=-893 signed=0 rps=5481/4519:6897/6028 duty=11/10
CrossDiag: type=CROSS_NONE track=1 half_lr=0/0 nearL=0@-1/1@4 nearNum=0/4 centerNum=0/4 farL=0@-1/0@-1 farNum=0/0 farRaw=0/0 lost=0/0 not_have=0 final=4/13 flags=0/0
LineErr: aim=33 cxcy=84.0,119.6 left=0:0.00@-1,-1 dx=0.0 idx=-1/-1 dist=-1/-1 right=1:8.74@76,92 dx=-7.8 idx=0/3 dist=29/29 sel=1:8.80@76,93 dx=-7.7 idx=0/12 dist=24/24 edge=0:0.00@-1.0,-1.0 dx=0.0 width=0.0 l=-1,-1 r=95,110
ATGSeedDiag: seed=0@-1,-1/1@114,108 begin=7,108 block=5 clip=8
ATGLptDiag: best=-1(-57295.8) imip=-1/-1 pass=00000 acc=-1 ipm=-1.0,-1.0 inv=-1.0,-1.0 | 4(86.2) imip=0/14 pass=11111 acc=4 ipm=94.3,108.0 inv=96.9,82.4
frame=704 line=1 track=1 cross=0 circle=0(CIRCLE_NONE) round=0 yroad=0 ramp=0 road=3 speed=0 near=0/3 raw=0/160 sel=3/12 far=0/0 far_raw=0/0 l=0@-1/1@3 far_l=0@-1/0@-1 straight=0/0 far_straight=0/0 circle_cnt=0/0/0/0 lost=0/0 conf=0.0/85.1/0.0/0.0 dist=0 m0=(84,119) ml=(78,95) md=24/0/24 cxcy=84.0,119.6 guide=7.20 atg=-17.0/-7.0/-7.0 pure=2.96/2.96 yaw=-432 cmd=-232 actual=-840 signed=0 rps=5318/4682:6943/6234 duty=10/10
CrossDiag: type=CROSS_NONE track=1 half_lr=0/0 nearL=0@-1/1@3 nearNum=0/3 centerNum=0/3 farL=0@-1/0@-1 farNum=0/0 farRaw=0/0 lost=0/0 not_have=0 final=3/12 flags=0/0
LineErr: aim=33 cxcy=84.0,119.6 left=0:0.00@-1,-1 dx=0.0 idx=-1/-1 dist=-1/-1 right=1:7.31@78,93 dx=-6.3 idx=0/2 dist=27/27 sel=1:7.45@78,95 dx=-6.3 idx=0/11 dist=22/22 edge=0:0.00@-1.0,-1.0 dx=0.0 width=0.0 l=-1,-1 r=96,112
ATGSeedDiag: seed=0@-1,-1/1@113,108 begin=7,108 block=5 clip=8
ATGLptDiag: best=-1(-57295.8) imip=-1/-1 pass=00000 acc=-1 ipm=-1.0,-1.0 inv=-1.0,-1.0 | 3(85.1) imip=0/13 pass=11111 acc=3 ipm=94.9,110.1 inv=99.5,87.1
frame=705 line=1 track=1 cross=0 circle=0(CIRCLE_NONE) round=0 yroad=0 ramp=0 road=3 speed=0 near=0/3 raw=0/160 sel=3/12 far=0/0 far_raw=0/0 l=0@-1/1@3 far_l=0@-1/0@-1 straight=0/0 far_straight=0/0 circle_cnt=0/0/0/0 lost=0/0 conf=0.0/86.3/0.0/0.0 dist=0 m0=(84,119) ml=(79,95) md=24/0/24 cxcy=84.0,119.6 guide=6.02 atg=-11.0/-4.0/-4.0 pure=2.36/2.36 yaw=-361 cmd=-161 actual=-793 signed=0 rps=5221/4779:7011/6535 duty=10/10
CrossDiag: type=CROSS_NONE track=1 half_lr=0/0 nearL=0@-1/1@3 nearNum=0/3 centerNum=0/3 farL=0@-1/0@-1 farNum=0/0 farRaw=0/0 lost=0/0 not_have=0 final=3/12 flags=0/0
LineErr: aim=33 cxcy=84.0,119.6 left=0:0.00@-1,-1 dx=0.0 idx=-1/-1 dist=-1/-1 right=1:5.96@79,92 dx=-5.3 idx=0/2 dist=28/28 sel=1:5.96@79,95 dx=-5.0 idx=0/11 dist=22/22 edge=0:0.00@-1.0,-1.0 dx=0.0 width=0.0 l=-1,-1 r=96,112
ATGSeedDiag: seed=0@-1,-1/1@113,108 begin=7,108 block=5 clip=8
ATGLptDiag: best=-1(-57295.8) imip=-1/-1 pass=00000 acc=-1 ipm=-1.0,-1.0 inv=-1.0,-1.0 | 3(86.3) imip=0/13 pass=11111 acc=3 ipm=94.8,110.1 inv=99.3,87.2
frame=706 line=1 track=1 cross=0 circle=0(CIRCLE_NONE) round=0 yroad=0 ramp=0 road=3 speed=0 near=0/3 raw=0/159 sel=3/13 far=0/0 far_raw=0/0 l=0@-1/1@3 far_l=0@-1/0@-1 straight=0/0 far_straight=0/0 circle_cnt=0/0/0/0 lost=0/0 conf=0.0/81.8/0.0/0.0 dist=0 m0=(84,119) ml=(80,92) md=27/0/27 cxcy=84.0,119.6 guide=4.54 atg=-6.0/-2.0/-2.0 pure=1.72/1.72 yaw=-116 cmd=84 actual=-732 signed=0 rps=4885/5115:6815/6536 duty=9/12
CrossDiag: type=CROSS_NONE track=1 half_lr=0/0 nearL=0@-1/1@3 nearNum=0/3 centerNum=0/3 farL=0@-1/0@-1 farNum=0/0 farRaw=0/0 lost=0/0 not_have=0 final=3/13 flags=0/0
LineErr: aim=33 cxcy=84.0,119.6 left=0:0.00@-1,-1 dx=0.0 idx=-1/-1 dist=-1/-1 right=1:4.58@80,91 dx=-4.1 idx=0/2 dist=29/29 sel=1:4.54@80,92 dx=-4.0 idx=0/12 dist=24/24 edge=0:0.00@-1.0,-1.0 dx=0.0 width=0.0 l=-1,-1 r=96,112
ATGSeedDiag: seed=0@-1,-1/1@112,108 begin=7,108 block=5 clip=8
ATGLptDiag: best=-1(-57295.8) imip=-1/-1 pass=00000 acc=-1 ipm=-1.0,-1.0 inv=-1.0,-1.0 | 3(81.8) imip=0/13 pass=11111 acc=3 ipm=95.1,109.9 inv=99.8,86.6
frame=707 line=1 track=1 cross=0 circle=0(CIRCLE_NONE) round=0 yroad=0 ramp=0 road=3 speed=0 near=0/106 raw=0/156 sel=106/140 far=0/0 far_raw=0/0 l=0@-1/1@2 far_l=0@-1/0@-1 straight=0/0 far_straight=0/0 circle_cnt=0/0/0/0 lost=0/0 conf=0.0/82.8/0.0/0.0 dist=0 m0=(84,119) ml=(84,88) md=32/1/183 cxcy=84.0,119.6 guide=-1.21 atg=60.0/60.0/58.0 pure=-5.92/-3.79 yaw=31 cmd=231 actual=-672 signed=0 rps=4684/5316:7192/6915 duty=8/12
CrossDiag: type=CROSS_NONE track=1 half_lr=0/0 nearL=0@-1/1@2 nearNum=0/106 centerNum=0/106 farL=0@-1/0@-1 farNum=0/0 farRaw=0/0 lost=0/0 not_have=0 final=106/140 flags=0/0
LineErr: aim=33 cxcy=84.0,119.6 left=0:0.00@-1,-1 dx=0.0 idx=-1/-1 dist=-1/-1 right=1:1.14@83,88 dx=-1.1 idx=0/3 dist=32/334 sel=1:-4.13@88,87 dx=4.0 idx=0/16 dist=32/278 edge=0:0.00@-1.0,-1.0 dx=0.0 width=0.0 l=-1,-1 r=127,98
ATGSeedDiag: seed=0@-1,-1/1@111,108 begin=7,108 block=5 clip=8
ATGLptDiag: best=-1(-57295.8) imip=-1/-1 pass=00000 acc=-1 ipm=-1.0,-1.0 inv=-1.0,-1.0 | 2(82.8) imip=0/12 pass=11111 acc=2 ipm=95.3,112.1 inv=101.7,92.2
frame=708 line=1 track=1 cross=0 circle=0(CIRCLE_NONE) round=0 yroad=0 ramp=0 road=3 speed=0 near=0/101 raw=0/156 sel=101/134 far=0/0 far_raw=0/0 l=0@-1/1@2 far_l=0@-1/0@-1 straight=0/0 far_straight=0/0 circle_cnt=0/0/0/0 lost=0/0 conf=0.0/82.4/0.0/0.0 dist=0 m0=(84,119) ml=(87,88) md=33/1/183 cxcy=84.0,119.6 guide=-2.29 atg=60.0/60.0/56.0 pure=-6.07/-3.72 yaw=58 cmd=258 actual=-617 signed=0 rps=4646/5354:7082/6591 duty=8/13
CrossDiag: type=CROSS_NONE track=1 half_lr=0/0 nearL=0@-1/1@2 nearNum=0/101 centerNum=0/101 farL=0@-1/0@-1 farNum=0/0 farRaw=0/0 lost=0/0 not_have=0 final=101/134 flags=0/0
LineErr: aim=33 cxcy=84.0,119.6 left=0:0.00@-1,-1 dx=0.0 idx=-1/-1 dist=-1/-1 right=1:-2.59@86,88 dx=2.5 idx=0/4 dist=33/315 sel=1:-5.32@89,88 dx=5.1 idx=0/16 dist=32/266 edge=0:0.00@-1.0,-1.0 dx=0.0 width=0.0 l=-1,-1 r=127,99
ATGSeedDiag: seed=0@-1,-1/1@111,108 begin=7,108 block=5 clip=8
ATGLptDiag: best=-1(-57295.8) imip=-1/-1 pass=00000 acc=-1 ipm=-1.0,-1.0 inv=-1.0,-1.0 | 2(82.4) imip=0/12 pass=11111 acc=2 ipm=95.2,112.4 inv=101.9,92.9
frame=709 line=1 track=1 cross=0 circle=0(CIRCLE_NONE) round=0 yroad=0 ramp=0 road=3 speed=0 near=0/98 raw=0/154 sel=98/131 far=0/0 far_raw=0/0 l=0@-1/1@1 far_l=0@-1/0@-1 straight=0/0 far_straight=0/0 circle_cnt=0/0/0/0 lost=0/0 conf=0.0/81.9/0.0/0.0 dist=0 m0=(84,119) ml=(89,88) md=33/1/186 cxcy=84.0,119.6 guide=-4.59 atg=60.0/60.0/56.0 pure=-6.20/-3.59 yaw=117 cmd=317 actual=-559 signed=0 rps=4566/5434:8271/7741 duty=6/12
CrossDiag: type=CROSS_NONE track=1 half_lr=0/0 nearL=0@-1/1@1 nearNum=0/98 centerNum=0/98 farL=0@-1/0@-1 farNum=0/0 farRaw=0/0 lost=0/0 not_have=0 final=98/131 flags=0/0
LineErr: aim=33 cxcy=84.0,119.6 left=0:0.00@-1,-1 dx=0.0 idx=-1/-1 dist=-1/-1 right=1:-3.44@87,89 dx=3.2 idx=0/3 dist=32/299 sel=1:-7.57@91,88 dx=7.3 idx=0/16 dist=32/260 edge=0:0.00@-1.0,-1.0 dx=0.0 width=0.0 l=-1,-1 r=129,99
ATGSeedDiag: seed=0@-1,-1/1@110,108 begin=7,108 block=5 clip=8
ATGLptDiag: best=-1(-57295.8) imip=-1/-1 pass=00000 acc=-1 ipm=-1.0,-1.0 inv=-1.0,-1.0 | 1(81.9) imip=0/11 pass=11111 acc=1 ipm=95.6,114.2 inv=104.4,98.4
frame=710 line=1 track=1 cross=0 circle=0(CIRCLE_NONE) round=0 yroad=0 ramp=0 road=3 speed=0 near=0/97 raw=0/153 sel=97/130 far=0/0 far_raw=0/0 l=0@-1/1@1 far_l=0@-1/0@-1 straight=0/0 far_straight=0/0 circle_cnt=0/0/0/0 lost=0/0 conf=0.0/78.2/0.0/0.0 dist=0 m0=(84,119) ml=(88,90) md=32/1/186 cxcy=84.0,119.6 guide=-5.52 atg=60.0/60.0/56.0 pure=-6.36/-3.61 yaw=141 cmd=341 actual=-511 signed=0 rps=4533/5467:5743/5396 duty=9/15
CrossDiag: type=CROSS_NONE track=1 half_lr=0/0 nearL=0@-1/1@1 nearNum=0/97 centerNum=0/97 farL=0@-1/0@-1 farNum=0/0 farRaw=0/0 lost=0/0 not_have=0 final=97/130 flags=0/0
LineErr: aim=33 cxcy=84.0,119.6 left=0:0.00@-1,-1 dx=0.0 idx=-1/-1 dist=-1/-1 right=1:-4.95@89,89 dx=4.6 idx=0/3 dist=33/305 sel=1:-8.83@92,88 dx=8.5 idx=0/16 dist=32/258 edge=0:0.00@-1.0,-1.0 dx=0.0 width=0.0 l=-1,-1 r=127,101
ATGSeedDiag: seed=0@-1,-1/1@109,108 begin=7,108 block=5 clip=8
ATGLptDiag: best=-1(-57295.8) imip=-1/-1 pass=00000 acc=-1 ipm=-1.0,-1.0 inv=-1.0,-1.0 | 1(78.2) imip=0/11 pass=11111 acc=1 ipm=95.5,114.2 inv=103.9,98.2
frame=711 line=1 track=1 cross=0 circle=0(CIRCLE_NONE) round=0 yroad=0 ramp=0 road=3 speed=0 near=0/96 raw=0/152 sel=96/127 far=0/0 far_raw=0/0 l=0@-1/0@-1 far_l=0@-1/0@-1 straight=0/0 far_straight=0/0 circle_cnt=0/0/0/0 lost=0/0 conf=0.0/48.7/0.0/0.0 dist=0 m0=(84,119) ml=(90,90) md=32/1/177 cxcy=84.0,119.6 guide=-7.67 atg=60.0/60.0/60.0 pure=-6.44/-3.65 yaw=460 cmd=660 actual=-475 signed=0 rps=4095/5905:5950/5628 duty=7/16
CrossDiag: type=CROSS_NONE track=1 half_lr=0/0 nearL=0@-1/0@-1 nearNum=0/96 centerNum=0/96 farL=0@-1/0@-1 farNum=0/0 farRaw=0/0 lost=0/0 not_have=0 final=96/127 flags=0/0
LineErr: aim=33 cxcy=84.0,119.6 left=0:0.00@-1,-1 dx=0.0 idx=-1/-1 dist=-1/-1 right=1:-7.11@91,90 dx=6.6 idx=0/3 dist=33/297 sel=1:-10.80@94,89 dx=10.3 idx=0/16 dist=32/252 edge=0:0.00@-1.0,-1.0 dx=0.0 width=0.0 l=-1,-1 r=128,101
ATGSeedDiag: seed=0@-1,-1/1@109,108 begin=7,108 block=5 clip=8
ATGLptDiag: best=-1(-57295.8) imip=-1/-1 pass=00000 acc=-1 ipm=-1.0,-1.0 inv=-1.0,-1.0 | 1(48.7) imip=0/11 pass=10111 acc=-1 ipm=96.6,114.2 inv=106.5,98.2
frame=712 line=1 track=1 cross=0 circle=0(CIRCLE_NONE) round=0 yroad=0 ramp=0 road=3 speed=0 near=0/97 raw=0/150 sel=97/126 far=0/0 far_raw=0/0 l=0@-1/0@-1 far_l=0@-1/0@-1 straight=0/1 far_straight=0/0 circle_cnt=0/0/0/0 lost=0/0 conf=0.0/28.1/0.0/0.0 dist=0 m0=(84,119) ml=(94,89) md=33/1/165 cxcy=84.0,119.6 guide=-9.99 atg=60.0/60.0/60.0 pure=-6.54/-3.72 yaw=600 cmd=800 actual=-423 signed=0 rps=3904/6096:6302/6034 duty=6/16
CrossDiag: type=CROSS_NONE track=1 half_lr=0/0 nearL=0@-1/0@-1 nearNum=0/97 centerNum=0/97 farL=0@-1/0@-1 farNum=0/0 farRaw=0/0 lost=0/0 not_have=0 final=97/126 flags=0/0
LineErr: aim=33 cxcy=84.0,119.6 left=0:0.00@-1,-1 dx=0.0 idx=-1/-1 dist=-1/-1 right=1:-8.97@92,90 dx=8.3 idx=0/3 dist=33/299 sel=1:-13.03@97,89 dx=12.5 idx=0/16 dist=32/250 edge=0:0.00@-1.0,-1.0 dx=0.0 width=0.0 l=-1,-1 r=129,101
ATGSeedDiag: seed=0@-1,-1/1@108,108 begin=7,108 block=5 clip=8
ATGLptDiag: best=-1(-57295.8) imip=-1/-1 pass=00000 acc=-1 ipm=-1.0,-1.0 inv=-1.0,-1.0 | 78(28.1) imip=68/88 pass=10101 acc=-1 ipm=200.5,-12.0 inv=129.4,14.1
frame=713 line=1 track=1 cross=0 circle=0(CIRCLE_NONE) round=0 yroad=0 ramp=0 road=3 speed=0 near=0/97 raw=0/149 sel=97/127 far=0/0 far_raw=0/0 l=0@-1/0@-1 far_l=0@-1/0@-1 straight=0/1 far_straight=0/0 circle_cnt=0/0/0/0 lost=0/0 conf=0.0/12.1/0.0/0.0 dist=0 m0=(84,119) ml=(96,90) md=34/1/170 cxcy=84.0,119.6 guide=-11.25 atg=60.0/60.0/60.0 pure=-6.65/-3.75 yaw=675 cmd=875 actual=-355 signed=0 rps=3801/6199:6660/6496 duty=5/16
CrossDiag: type=CROSS_NONE track=1 half_lr=0/0 nearL=0@-1/0@-1 nearNum=0/97 centerNum=0/97 farL=0@-1/0@-1 farNum=0/0 farRaw=0/0 lost=0/0 not_have=0 final=97/127 flags=0/0
LineErr: aim=33 cxcy=84.0,119.6 left=0:0.00@-1,-1 dx=0.0 idx=-1/-1 dist=-1/-1 right=1:-10.11@93,90 dx=9.3 idx=0/3 dist=33/302 sel=1:-14.51@98,89 dx=13.9 idx=0/16 dist=32/252 edge=0:0.00@-1.0,-1.0 dx=0.0 width=0.0 l=-1,-1 r=130,102
ATGSeedDiag: seed=0@-1,-1/1@108,108 begin=7,108 block=5 clip=8
ATGLptDiag: best=-1(-57295.8) imip=-1/-1 pass=00000 acc=-1 ipm=-1.0,-1.0 inv=-1.0,-1.0 | 37(12.1) imip=27/47 pass=10111 acc=-1 ipm=159.0,64.1 inv=143.0,35.0
frame=714 line=1 track=1 cross=0 circle=0(CIRCLE_NONE) round=0 yroad=0 ramp=0 road=3 speed=0 near=0/94 raw=0/149 sel=94/121 far=0/0 far_raw=0/0 l=0@-1/0@-1 far_l=0@-1/0@-1 straight=0/1 far_straight=0/0 circle_cnt=0/0/0/0 lost=0/0 conf=0.0/16.7/0.0/0.0 dist=0 m0=(84,119) ml=(95,91) md=32/1/161 cxcy=84.0,119.6 guide=-12.75 atg=60.0/60.0/60.0 pure=-6.70/-3.71 yaw=765 cmd=965 actual=-281 signed=0 rps=3677/6323:6409/6381 duty=5/17
CrossDiag: type=CROSS_NONE track=1 half_lr=0/0 nearL=0@-1/0@-1 nearNum=0/94 centerNum=0/94 farL=0@-1/0@-1 farNum=0/0 farRaw=0/0 lost=0/0 not_have=0 final=94/121 flags=0/0
LineErr: aim=33 cxcy=84.0,119.6 left=0:0.00@-1,-1 dx=0.0 idx=-1/-1 dist=-1/-1 right=1:-11.21@94,91 dx=10.3 idx=0/3 dist=32/289 sel=1:-15.89@99,89 dx=15.2 idx=0/16 dist=32/240 edge=0:0.00@-1.0,-1.0 dx=0.0 width=0.0 l=-1,-1 r=130,103
ATGSeedDiag: seed=0@-1,-1/1@107,108 begin=7,108 block=5 clip=8
ATGLptDiag: best=-1(-57295.8) imip=-1/-1 pass=00000 acc=-1 ipm=-1.0,-1.0 inv=-1.0,-1.0 | 57(16.7) imip=47/67 pass=10101 acc=-1 ipm=164.8,18.6 inv=121.6,19.6
frame=715 line=1 track=1 cross=0 circle=0(CIRCLE_NONE) round=0 yroad=0 ramp=0 road=3 speed=0 near=0/91 raw=0/138 sel=91/121 far=0/0 far_raw=0/0 l=0@-1/0@-1 far_l=0@-1/0@-1 straight=0/1 far_straight=0/0 circle_cnt=0/0/0/0 lost=0/0 conf=0.0/25.0/0.0/0.0 dist=0 m0=(84,119) ml=(100,90) md=32/1/166 cxcy=84.0,119.6 guide=-17.48 atg=60.0/60.0/60.0 pure=-6.66/-3.59 yaw=1049 cmd=1249 actual=-190 signed=0 rps=3288/6712:6943/7066 duty=3/18
CrossDiag: type=CROSS_NONE track=1 half_lr=0/0 nearL=0@-1/0@-1 nearNum=0/91 centerNum=0/91 farL=0@-1/0@-1 farNum=0/0 farRaw=0/0 lost=0/0 not_have=0 final=91/121 flags=0/0
LineErr: aim=33 cxcy=84.0,119.6 left=0:0.00@-1,-1 dx=0.0 idx=-1/-1 dist=-1/-1 right=1:-14.96@98,91 dx=13.9 idx=0/3 dist=33/286 sel=1:-18.38@102,89 dx=17.7 idx=0/16 dist=32/240 edge=0:0.00@-1.0,-1.0 dx=0.0 width=0.0 l=-1,-1 r=135,100
ATGSeedDiag: seed=0@-1,-1/1@121,108 begin=7,108 block=5 clip=8
ATGLptDiag: best=-1(-57295.8) imip=-1/-1 pass=00000 acc=-1 ipm=-1.0,-1.0 inv=-1.0,-1.0 | 74(25.0) imip=64/84 pass=10101 acc=-1 ipm=201.1,-5.0 inv=132.3,15.1
frame=716 line=1 track=1 cross=0 circle=0(CIRCLE_NONE) round=0 yroad=0 ramp=0 road=3 speed=0 near=0/13 raw=0/40 sel=13/24 far=0/0 far_raw=0/0 l=0@-1/0@-1 far_l=0@-1/0@-1 straight=0/0 far_straight=0/0 circle_cnt=0/0/0/0 lost=0/0 conf=0.0/7.1/0.0/0.0 dist=0 m0=(84,119) ml=(101,91) md=32/1/49 cxcy=84.0,119.6 guide=-18.90 atg=60.0/60.0/60.0 pure=-7.35/-7.35 yaw=1134 cmd=1334 actual=-96 signed=0 rps=3172/6828:6686/6843 duty=3/18
CrossDiag: type=CROSS_NONE track=1 half_lr=0/0 nearL=0@-1/0@-1 nearNum=0/13 centerNum=0/13 farL=0@-1/0@-1 farNum=0/0 farRaw=0/0 lost=0/0 not_have=0 final=13/24 flags=0/0
LineErr: aim=33 cxcy=84.0,119.6 left=0:0.00@-1,-1 dx=0.0 idx=-1/-1 dist=-1/-1 right=1:-15.13@98,92 dx=13.8 idx=0/2 dist=32/52 sel=1:-19.74@103,90 dx=19.0 idx=0/16 dist=32/46 edge=0:0.00@-1.0,-1.0 dx=0.0 width=0.0 l=-1,-1 r=130,104
ATGSeedDiag: seed=0@-1,-1/1@127,108 begin=7,108 block=5 clip=8
ATGLptDiag: best=-1(-57295.8) imip=-1/-1 pass=00000 acc=-1 ipm=-1.0,-1.0 inv=-1.0,-1.0 | 1(7.1) imip=0/11 pass=10111 acc=-1 ipm=107.1,116.0 inv=132.8,103.7
frame=717 line=1 track=1 cross=0 circle=0(CIRCLE_NONE) round=0 yroad=0 ramp=0 road=3 speed=0 near=0/11 raw=0/32 sel=11/23 far=0/0 far_raw=0/0 l=0@-1/0@-1 far_l=0@-1/0@-1 straight=0/0 far_straight=0/0 circle_cnt=0/0/0/0 lost=0/0 conf=0.0/10.9/0.0/0.0 dist=0 m0=(84,119) ml=(104,90) md=33/1/46 cxcy=84.0,119.6 guide=-20.77 atg=60.0/60.0/60.0 pure=-7.51/-7.51 yaw=1246 cmd=1446 actual=-9 signed=0 rps=3018/6982:6959/7190 duty=2/18
CrossDiag: type=CROSS_NONE track=1 half_lr=0/0 nearL=0@-1/0@-1 nearNum=0/11 centerNum=0/11 farL=0@-1/0@-1 farNum=0/0 farRaw=0/0 lost=0/0 not_have=0 final=11/23 flags=0/0
LineErr: aim=33 cxcy=84.0,119.6 left=0:0.00@-1,-1 dx=0.0 idx=-1/-1 dist=-1/-1 right=1:-17.33@100,92 dx=15.9 idx=0/2 dist=32/48 sel=1:-20.84@104,90 dx=20.1 idx=0/16 dist=32/44 edge=0:0.00@-1.0,-1.0 dx=0.0 width=0.0 l=-1,-1 r=128,107
ATGSeedDiag: seed=0@-1,-1/1@132,108 begin=7,108 block=5 clip=8
ATGLptDiag: best=-1(-57295.8) imip=-1/-1 pass=00000 acc=-1 ipm=-1.0,-1.0 inv=-1.0,-1.0 | 1(10.9) imip=0/10 pass=10111 acc=-1 ipm=109.2,116.0 inv=137.6,103.7
frame=718 line=1 track=1 cross=0 circle=0(CIRCLE_NONE) round=0 yroad=0 ramp=0 road=3 speed=0 near=0/8 raw=0/26 sel=8/20 far=0/0 far_raw=0/0 l=0@-1/0@-1 far_l=0@-1/0@-1 straight=0/0 far_straight=0/0 circle_cnt=0/0/0/0 lost=0/0 conf=0.0/9.3/0.0/0.0 dist=0 m0=(84,119) ml=(103,91) md=32/1/40 cxcy=84.0,119.6 guide=-21.01 atg=60.0/60.0/60.0 pure=-7.55/-7.55 yaw=1261 cmd=1461 actual=80 signed=0 rps=2998/7002:6640/7027 duty=2/19
CrossDiag: type=CROSS_NONE track=1 half_lr=0/0 nearL=0@-1/0@-1 nearNum=0/8 centerNum=0/8 farL=0@-1/0@-1 farNum=0/0 farRaw=0/0 lost=0/0 not_have=0 final=8/20 flags=0/0
LineErr: aim=33 cxcy=84.0,119.6 left=0:0.00@-1,-1 dx=0.0 idx=-1/-1 dist=-1/-1 right=1:-17.73@100,92 dx=16.1 idx=0/1 dist=32/44 sel=1:-21.96@105,90 dx=21.2 idx=0/16 dist=32/38 edge=0:0.00@-1.0,-1.0 dx=0.0 width=0.0 l=-1,-1 r=124,110
ATGSeedDiag: seed=0@-1,-1/1@137,108 begin=7,108 block=5 clip=8
ATGLptDiag: best=-1(-57295.8) imip=-1/-1 pass=00000 acc=-1 ipm=-1.0,-1.0 inv=-1.0,-1.0 | 1(9.3) imip=0/7 pass=10111 acc=-1 ipm=111.3,115.9 inv=142.4,103.3
frame=719 line=1 track=1 cross=0 circle=0(CIRCLE_NONE) round=0 yroad=0 ramp=0 road=3 speed=0 near=0/6 raw=0/20 sel=6/19 far=0/0 far_raw=0/0 l=0@-1/0@-1 far_l=0@-1/0@-1 straight=0/0 far_straight=0/0 circle_cnt=0/0/0/0 lost=0/0 conf=0.0/6.6/0.0/0.0 dist=0 m0=(84,119) ml=(104,91) md=33/1/39 cxcy=84.0,119.6 guide=-22.19 atg=60.0/60.0/60.0 pure=-7.65/-7.65 yaw=1331 cmd=1531 actual=162 signed=0 rps=2901/7099:6662/7191 duty=2/19
CrossDiag: type=CROSS_NONE track=1 half_lr=0/0 nearL=0@-1/0@-1 nearNum=0/6 centerNum=0/6 farL=0@-1/0@-1 farNum=0/0 farRaw=0/0 lost=0/0 not_have=0 final=6/19 flags=0/0
LineErr: aim=33 cxcy=84.0,119.6 left=0:0.00@-1,-1 dx=0.0 idx=-1/-1 dist=-1/-1 right=1:-19.79@102,92 dx=18.2 idx=0/1 dist=33/41 sel=1:-22.85@106,90 dx=22.1 idx=0/16 dist=32/36 edge=0:0.00@-1.0,-1.0 dx=0.0 width=0.0 l=-1,-1 r=122,112
ATGSeedDiag: seed=0@-1,-1/1@142,108 begin=7,108 block=5 clip=8
ATGLptDiag: best=-1(-57295.8) imip=-1/-1 pass=00000 acc=-1 ipm=-1.0,-1.0 inv=-1.0,-1.0 | 1(6.6) imip=0/5 pass=10111 acc=-1 ipm=113.5,115.8 inv=146.9,102.8
frame=720 line=1 track=1 cross=0 circle=0(CIRCLE_NONE) round=0 yroad=0 ramp=0 road=3 speed=0 near=0/5 raw=0/16 sel=5/18 far=0/0 far_raw=0/0 l=0@-1/0@-1 far_l=0@-1/0@-1 straight=0/0 far_straight=0/0 circle_cnt=0/0/0/0 lost=0/0 conf=0.0/5.7/0.0/0.0 dist=0 m0=(84,119) ml=(105,92) md=33/1/37 cxcy=84.0,119.6 guide=-22.57 atg=60.0/60.0/60.0 pure=-7.69/-7.69 yaw=1354 cmd=1554 actual=244 signed=0 rps=2870/7130:6520/7059 duty=2/19
CrossDiag: type=CROSS_NONE track=1 half_lr=0/0 nearL=0@-1/0@-1 nearNum=0/5 centerNum=0/5 farL=0@-1/0@-1 farNum=0/0 farRaw=0/0 lost=0/0 not_have=0 final=5/18 flags=0/0
LineErr: aim=33 cxcy=84.0,119.6 left=0:0.00@-1,-1 dx=0.0 idx=-1/-1 dist=-1/-1 right=1:-21.00@103,92 dx=19.4 idx=0/1 dist=33/39 sel=1:-23.53@107,91 dx=22.7 idx=0/16 dist=32/34 edge=0:0.00@-1.0,-1.0 dx=0.0 width=0.0 l=-1,-1 r=121,113
ATGSeedDiag: seed=0@-1,-1/1@145,108 begin=7,108 block=5 clip=8
ATGLptDiag: best=-1(-57295.8) imip=-1/-1 pass=00000 acc=-1 ipm=-1.0,-1.0 inv=-1.0,-1.0 | 1(5.7) imip=0/4 pass=10111 acc=-1 ipm=114.7,115.8 inv=149.7,102.9
frame=721 line=1 track=1 cross=0 circle=0(CIRCLE_NONE) round=0 yroad=0 ramp=0 road=3 speed=0 near=0/3 raw=0/11 sel=3/16 far=0/0 far_raw=0/0 l=0@-1/0@-1 far_l=0@-1/0@-1 straight=0/0 far_straight=0/0 circle_cnt=0/0/0/0 lost=0/0 conf=0.0/1.2/0.0/0.0 dist=0 m0=(84,119) ml=(105,92) md=33/1/33 cxcy=84.0,119.6 guide=-21.60 atg=60.0/60.0/60.0 pure=-7.50/-7.50 yaw=1296 cmd=1496 actual=337 signed=0 rps=2949/7051:6054/6649 duty=3/19
CrossDiag: type=CROSS_NONE track=1 half_lr=0/0 nearL=0@-1/0@-1 nearNum=0/3 centerNum=0/3 farL=0@-1/0@-1 farNum=0/0 farRaw=0/0 lost=0/0 not_have=0 final=3/16 flags=0/0
LineErr: aim=33 cxcy=84.0,119.6 left=0:0.00@-1,-1 dx=0.0 idx=-1/-1 dist=-1/-1 right=1:-22.54@105,92 dx=21.0 idx=0/1 dist=35/37 sel=1:-22.67@105,92 dx=21.2 idx=0/15 dist=30/30 edge=0:0.00@-1.0,-1.0 dx=0.0 width=0.0 l=-1,-1 r=118,115
ATGSeedDiag: seed=0@-1,-1/1@149,108 begin=7,108 block=5 clip=8
ATGLptDiag: best=-1(-57295.8) imip=-1/-1 pass=00000 acc=-1 ipm=-1.0,-1.0 inv=-1.0,-1.0 | 1(1.2) imip=0/2 pass=10111 acc=-1 ipm=116.4,115.6 inv=153.1,102.0
frame=722 line=1 track=1 cross=0 circle=0(CIRCLE_NONE) round=0 yroad=0 ramp=0 road=3 speed=0 near=0/2 raw=0/7 sel=2/16 far=0/0 far_raw=0/0 l=0@-1/0@-1 far_l=0@-1/0@-1 straight=0/0 far_straight=0/0 circle_cnt=0/0/0/0 lost=0/0 conf=0.0/0.0/0.0/0.0 dist=0 m0=(84,119) ml=(106,92) md=34/1/34 cxcy=84.0,119.6 guide=-22.65 atg=60.0/60.0/60.0 pure=-7.73/-7.73 yaw=1359 cmd=1559 actual=430 signed=0 rps=2863/7137:6170/6971 duty=2/19
CrossDiag: type=CROSS_NONE track=1 half_lr=0/0 nearL=0@-1/0@-1 nearNum=0/2 centerNum=0/2 farL=0@-1/0@-1 farNum=0/0 farRaw=0/0 lost=0/0 not_have=0 final=2/16 flags=0/0
LineErr: aim=33 cxcy=84.0,119.6 left=0:0.00@-1,-1 dx=0.0 idx=-1/-1 dist=-1/-1 right=1:-23.48@106,92 dx=22.0 idx=0/1 dist=35/35 sel=1:-23.39@106,92 dx=21.8 idx=0/15 dist=30/30 edge=0:0.00@-1.0,-1.0 dx=0.0 width=0.0 l=-1,-1 r=118,116
ATGSeedDiag: seed=0@-1,-1/1@152,108 begin=7,108 block=5 clip=8
ATGLptDiag: best=-1(-57295.8) imip=-1/-1 pass=00000 acc=-1 ipm=-1.0,-1.0 inv=-1.0,-1.0 | -1(-57295.8) imip=-1/-1 pass=00000 acc=-1 ipm=-1.0,-1.0 inv=-1.0,-1.0
frame=723 line=0 track=1 cross=0 circle=0(CIRCLE_NONE) round=0 yroad=0 ramp=0 road=3 speed=0 near=0/1 raw=0/3 sel=1/0 far=0/0 far_raw=0/0 l=0@-1/0@-1 far_l=0@-1/0@-1 straight=0/0 far_straight=0/0 circle_cnt=0/0/0/0 lost=0/0 conf=0.0/0.0/0.0/0.0 dist=0 m0=(-1,-1) ml=(-1,-1) md=-1/0/-1 cxcy=84.0,119.6 guide=0.00 atg=60.0/60.0/60.0 pure=-7.73/-7.73 yaw=0 cmd=0 actual=842 signed=0 rps=0/0:0/0 duty=0/0
CrossDiag: type=CROSS_NONE track=1 half_lr=0/0 nearL=0@-1/0@-1 nearNum=0/1 centerNum=0/1 farL=0@-1/0@-1 farNum=0/0 farRaw=0/0 lost=0/0 not_have=0 final=1/0 flags=0/0
LineErr: aim=33 cxcy=84.0,119.6 left=0:0.00@-1,-1 dx=0.0 idx=-1/-1 dist=-1/-1 right=0:0.00@-1,-1 dx=0.0 idx=-1/-1 dist=-1/-1 sel=0:0.00@-1,-1 dx=0.0 idx=-1/-1 dist=-1/-1 edge=0:0.00@-1.0,-1.0 dx=0.0 width=0.0 l=-1,-1 r=-1,-1
ATGSeedDiag: seed=0@-1,-1/1@154,108 begin=7,108 block=5 clip=8
ATGLptDiag: best=-1(-57295.8) imip=-1/-1 pass=00000 acc=-1 ipm=-1.0,-1.0 inv=-1.0,-1.0 | -1(-57295.8) imip=-1/-1 pass=00000 acc=-1 ipm=-1.0,-1.0 inv=-1.0,-1.0
frame=724 line=0 track=1 cross=0 circle=0(CIRCLE_NONE) round=0 yroad=0 ramp=0 road=3 speed=0 near=0/0 raw=0/0 sel=0/0 far=0/0 far_raw=0/0 l=0@-1/0@-1 far_l=0@-1/0@-1 straight=0/0 far_straight=0/0 circle_cnt=0/0/0/0 lost=0/0 conf=0.0/0.0/0.0/0.0 dist=0 m0=(-1,-1) ml=(-1,-1) md=-1/0/-1 cxcy=84.0,119.6 guide=0.00 atg=60.0/60.0/60.0 pure=-7.73/-7.73 yaw=0 cmd=0 actual=797 signed=0 rps=0/0:0/0 duty=0/0
CrossDiag: type=CROSS_NONE track=1 half_lr=0/0 nearL=0@-1/0@-1 nearNum=0/0 centerNum=0/0 farL=0@-1/0@-1 farNum=0/0 farRaw=0/0 lost=0/0 not_have=0 final=0/0 flags=0/0
LineErr: aim=33 cxcy=84.0,119.6 left=0:0.00@-1,-1 dx=0.0 idx=-1/-1 dist=-1/-1 right=0:0.00@-1,-1 dx=0.0 idx=-1/-1 dist=-1/-1 sel=0:0.00@-1,-1 dx=0.0 idx=-1/-1 dist=-1/-1 edge=0:0.00@-1.0,-1.0 dx=0.0 width=0.0 l=-1,-1 r=-1,-1
ATGSeedDiag: seed=0@-1,-1/0@-1,-1 begin=7,108 block=5 clip=8
ATGLptDiag: best=-1(-57295.8) imip=-1/-1 pass=00000 acc=-1 ipm=-1.0,-1.0 inv=-1.0,-1.0 | -1(-57295.8) imip=-1/-1 pass=00000 acc=-1 ipm=-1.0,-1.0 inv=-1.0,-1.0
frame=751 line=1 track=0 cross=0 circle=0(CIRCLE_NONE) round=0 yroad=0 ramp=0 road=3 speed=0 near=114/0 raw=149/0 sel=114/95 far=0/0 far_raw=0/0 l=0@-1/0@-1 far_l=0@-1/0@-1 straight=0/0 far_straight=0/0 circle_cnt=0/0/0/0 lost=0/0 conf=54.1/0.0/0.0/0.0 dist=0 m0=(84,119) ml=(114,111) md=34/1/181 cxcy=84.0,119.6 guide=-43.04 atg=60.0/39.0/50.0 pure=-7.77/-3.00 yaw=2583 cmd=2783 actual=41 signed=0 rps=1186/8814:4517/4456 duty=0/30
CrossDiag: type=CROSS_NONE track=0 half_lr=0/0 nearL=0@-1/0@-1 nearNum=114/0 centerNum=114/0 farL=0@-1/0@-1 farNum=0/0 farRaw=0/0 lost=0/0 not_have=0 final=114/95 flags=0/0
LineErr: aim=33 cxcy=84.0,119.6 left=1:-44.35@109,117 dx=24.8 idx=0/5 dist=31/223 right=0:0.00@-1,-1 dx=0.0 idx=-1/-1 dist=-1/-1 sel=1:-43.20@114,111 dx=29.5 idx=0/16 dist=32/188 edge=0:0.00@-1.0,-1.0 dx=0.0 width=0.0 l=92,78 r=-1,-1
ATGSeedDiag: seed=1@62,85/0@-1,-1 begin=7,108 block=5 clip=8
ATGLptDiag: best=10(54.1) imip=0/20 pass=10110 acc=-1 ipm=93.3,93.9 inv=89.0,59.2 | -1(-57295.8) imip=-1/-1 pass=00000 acc=-1 ipm=-1.0,-1.0 inv=-1.0,-1.0
frame=753 line=1 track=0 cross=0 circle=0(CIRCLE_NONE) round=0 yroad=0 ramp=0 road=3 speed=0 near=115/0 raw=153/0 sel=115/98 far=0/0 far_raw=0/0 l=0@-1/0@-1 far_l=0@-1/0@-1 straight=0/0 far_straight=0/0 circle_cnt=0/0/0/0 lost=0/0 conf=55.0/0.0/0.0/0.0 dist=0 m0=(84,119) ml=(113,113) md=32/1/186 cxcy=84.0,119.6 guide=-43.54 atg=60.0/36.0/45.0 pure=-8.10/-2.96 yaw=2612 cmd=2812 actual=47 signed=0 rps=1146/8854:4231/4816 duty=0/29
CrossDiag: type=CROSS_NONE track=0 half_lr=0/0 nearL=0@-1/0@-1 nearNum=115/0 centerNum=115/0 farL=0@-1/0@-1 farNum=0/0 farRaw=0/0 lost=0/0 not_have=0 final=115/98 flags=0/0
LineErr: aim=33 cxcy=84.0,119.6 left=1:-45.34@108,119 dx=24.4 idx=0/5 dist=32/228 right=0:0.00@-1,-1 dx=0.0 idx=-1/-1 dist=-1/-1 sel=1:-44.31@113,113 dx=28.8 idx=0/16 dist=32/194 edge=0:0.00@-1.0,-1.0 dx=0.0 width=0.0 l=92,80 r=-1,-1
ATGSeedDiag: seed=1@61,89/0@-1,-1 begin=7,108 block=5 clip=8
ATGLptDiag: best=10(55.0) imip=0/20 pass=10110 acc=-1 ipm=92.9,95.4 inv=88.9,61.1 | -1(-57295.8) imip=-1/-1 pass=00000 acc=-1 ipm=-1.0,-1.0 inv=-1.0,-1.0
frame=755 line=1 track=0 cross=0 circle=0(CIRCLE_NONE) round=0 yroad=0 ramp=0 road=3 speed=0 near=117/0 raw=155/0 sel=117/99 far=0/0 far_raw=0/0 l=0@-1/0@-1 far_l=0@-1/0@-1 straight=0/0 far_straight=0/0 circle_cnt=0/0/0/0 lost=0/0 conf=53.9/0.0/0.0/0.0 dist=0 m0=(84,119) ml=(114,113) md=32/1/182 cxcy=84.0,119.6 guide=-44.20 atg=60.0/38.0/47.0 pure=-8.33/-3.05 yaw=2652 cmd=2852 actual=305 signed=0 rps=1092/8908:3926/6979 duty=0/27
CrossDiag: type=CROSS_NONE track=0 half_lr=0/0 nearL=0@-1/0@-1 nearNum=117/0 centerNum=117/0 farL=0@-1/0@-1 farNum=0/0 farRaw=0/0 lost=0/0 not_have=0 final=117/99 flags=0/0
LineErr: aim=33 cxcy=84.0,119.6 left=1:-46.75@109,119 dx=24.8 idx=0/5 dist=31/233 right=0:0.00@-1,-1 dx=0.0 idx=-1/-1 dist=-1/-1 sel=1:-45.24@112,115 dx=28.4 idx=0/16 dist=32/196 edge=0:0.00@-1.0,-1.0 dx=0.0 width=0.0 l=91,80 r=-1,-1
ATGSeedDiag: seed=1@61,92/0@-1,-1 begin=7,108 block=5 clip=8
ATGLptDiag: best=10(53.9) imip=0/20 pass=10110 acc=-1 ipm=92.7,96.3 inv=89.0,62.3 | -1(-57295.8) imip=-1/-1 pass=00000 acc=-1 ipm=-1.0,-1.0 inv=-1.0,-1.0
frame=756 line=1 track=0 cross=0 circle=0(CIRCLE_NONE) round=0 yroad=0 ramp=0 road=3 speed=0 near=116/0 raw=158/0 sel=116/99 far=0/0 far_raw=0/0 l=0@-1/0@-1 far_l=0@-1/0@-1 straight=0/0 far_straight=0/0 circle_cnt=0/0/0/0 lost=0/0 conf=55.7/0.0/0.0/0.0 dist=0 m0=(84,119) ml=(114,113) md=32/1/183 cxcy=84.0,119.6 guide=-44.51 atg=60.0/38.0/46.0 pure=-8.78/-3.09 yaw=2671 cmd=2871 actual=417 signed=0 rps=1066/8934:4008/8220 duty=0/26
CrossDiag: type=CROSS_NONE track=0 half_lr=0/0 nearL=0@-1/0@-1 nearNum=116/0 centerNum=116/0 farL=0@-1/0@-1 farNum=0/0 farRaw=0/0 lost=0/0 not_have=0 final=116/99 flags=0/0
LineErr: aim=33 cxcy=84.0,119.6 left=1:-47.66@108,121 dx=23.6 idx=0/5 dist=32/236 right=0:0.00@-1,-1 dx=0.0 idx=-1/-1 dist=-1/-1 sel=1:-46.32@112,116 dx=27.5 idx=0/16 dist=32/196 edge=0:0.00@-1.0,-1.0 dx=0.0 width=0.0 l=91,80 r=-1,-1
ATGSeedDiag: seed=1@59,95/0@-1,-1 begin=7,108 block=5 clip=8
ATGLptDiag: best=10(55.7) imip=0/20 pass=10110 acc=-1 ipm=92.4,97.7 inv=89.0,64.3 | -1(-57295.8) imip=-1/-1 pass=00000 acc=-1 ipm=-1.0,-1.0 inv=-1.0,-1.0
frame=757 line=1 track=0 cross=0 circle=0(CIRCLE_NONE) round=0 yroad=0 ramp=0 road=3 speed=0 near=115/0 raw=158/0 sel=115/99 far=0/0 far_raw=0/0 l=0@-1/0@-1 far_l=0@-1/0@-1 straight=0/0 far_straight=0/0 circle_cnt=0/0/0/0 lost=0/0 conf=54.8/0.0/0.0/0.0 dist=0 m0=(84,119) ml=(114,112) md=33/1/186 cxcy=84.0,119.6 guide=-44.35 atg=60.0/38.0/48.0 pure=-8.61/-3.09 yaw=2661 cmd=2861 actual=511 signed=0 rps=1079/8921:3903/8206 duty=0/25
CrossDiag: type=CROSS_NONE track=0 half_lr=0/0 nearL=0@-1/0@-1 nearNum=115/0 centerNum=115/0 farL=0@-1/0@-1 farNum=0/0 farRaw=0/0 lost=0/0 not_have=0 final=115/99 flags=0/0
LineErr: aim=33 cxcy=84.0,119.6 left=1:-47.73@109,121 dx=24.5 idx=0/5 dist=33/227 right=0:0.00@-1,-1 dx=0.0 idx=-1/-1 dist=-1/-1 sel=1:-46.27@112,116 dx=27.9 idx=0/16 dist=32/196 edge=0:0.00@-1.0,-1.0 dx=0.0 width=0.0 l=90,80 r=-1,-1
ATGSeedDiag: seed=1@60,96/0@-1,-1 begin=7,108 block=5 clip=8
ATGLptDiag: best=10(54.8) imip=0/20 pass=10110 acc=-1 ipm=92.4,97.6 inv=89.0,64.1 | -1(-57295.8) imip=-1/-1 pass=00000 acc=-1 ipm=-1.0,-1.0 inv=-1.0,-1.0
frame=758 line=1 track=0 cross=0 circle=0(CIRCLE_NONE) round=0 yroad=0 ramp=0 road=3 speed=0 near=111/0 raw=160/0 sel=111/96 far=0/0 far_raw=0/0 l=0@-1/0@-1 far_l=0@-1/0@-1 straight=0/0 far_straight=0/0 circle_cnt=0/0/0/0 lost=0/0 conf=55.8/0.0/0.0/0.0 dist=0 m0=(84,119) ml=(114,113) md=33/1/177 cxcy=84.0,119.6 guide=-44.66 atg=60.0/37.0/49.0 pure=-8.84/-3.11 yaw=2680 cmd=2880 actual=697 signed=0 rps=1053/8947:4271/8192 duty=0/26
CrossDiag: type=CROSS_NONE track=0 half_lr=0/0 nearL=0@-1/0@-1 nearNum=111/0 centerNum=111/0 farL=0@-1/0@-1 farNum=0/0 farRaw=0/0 lost=0/0 not_have=0 final=111/96 flags=0/0
LineErr: aim=33 cxcy=84.0,119.6 left=1:-48.28@108,121 dx=24.1 idx=0/5 dist=33/223 right=0:0.00@-1,-1 dx=0.0 idx=-1/-1 dist=-1/-1 sel=1:-46.97@111,117 dx=27.3 idx=0/16 dist=32/190 edge=0:0.00@-1.0,-1.0 dx=0.0 width=0.0 l=89,80 r=-1,-1
ATGSeedDiag: seed=1@59,98/0@-1,-1 begin=7,108 block=5 clip=8
ATGLptDiag: best=10(55.8) imip=0/20 pass=10110 acc=-1 ipm=92.2,98.4 inv=88.9,65.2 | -1(-57295.8) imip=-1/-1 pass=00000 acc=-1 ipm=-1.0,-1.0 inv=-1.0,-1.0
frame=759 line=1 track=0 cross=0 circle=0(CIRCLE_NONE) round=0 yroad=0 ramp=0 road=3 speed=0 near=112/0 raw=162/0 sel=112/96 far=0/0 far_raw=0/0 l=0@-1/0@-1 far_l=0@-1/0@-1 straight=0/0 far_straight=0/0 circle_cnt=0/0/0/0 lost=0/0 conf=55.4/0.0/0.0/0.0 dist=0 m0=(84,119) ml=(114,114) md=32/1/178 cxcy=84.0,119.6 guide=-45.14 atg=60.0/37.0/47.0 pure=-8.85/-3.08 yaw=2708 cmd=2908 actual=912 signed=0 rps=1014/8986:4409/7636 duty=0/26
CrossDiag: type=CROSS_NONE track=0 half_lr=0/0 nearL=0@-1/0@-1 nearNum=112/0 centerNum=112/0 farL=0@-1/0@-1 farNum=0/0 farRaw=0/0 lost=0/0 not_have=0 final=112/96 flags=0/0
LineErr: aim=33 cxcy=84.0,119.6 left=1:-48.70@108,122 dx=23.8 idx=0/5 dist=33/222 right=0:0.00@-1,-1 dx=0.0 idx=-1/-1 dist=-1/-1 sel=1:-47.13@111,118 dx=27.1 idx=0/16 dist=32/190 edge=0:0.00@-1.0,-1.0 dx=0.0 width=0.0 l=89,81 r=-1,-1
ATGSeedDiag: seed=1@58,100/0@-1,-1 begin=7,108 block=5 clip=8
ATGLptDiag: best=10(55.4) imip=0/20 pass=10110 acc=-1 ipm=91.5,98.9 inv=88.0,65.9 | -1(-57295.8) imip=-1/-1 pass=00000 acc=-1 ipm=-1.0,-1.0 inv=-1.0,-1.0
frame=760 line=1 track=0 cross=0 circle=0(CIRCLE_NONE) round=0 yroad=0 ramp=0 road=3 speed=0 near=114/0 raw=166/0 sel=114/97 far=0/0 far_raw=0/0 l=0@-1/0@-1 far_l=0@-1/0@-1 straight=0/0 far_straight=0/0 circle_cnt=0/0/0/0 lost=0/0 conf=57.8/0.0/0.0/0.0 dist=0 m0=(84,119) ml=(114,113) md=33/1/180 cxcy=84.0,119.6 guide=-44.50 atg=60.0/32.0/41.0 pure=-9.18/-2.98 yaw=2670 cmd=2870 actual=1124 signed=0 rps=1066/8934:4266/7033 duty=0/27
CrossDiag: type=CROSS_NONE track=0 half_lr=0/0 nearL=0@-1/0@-1 nearNum=114/0 centerNum=114/0 farL=0@-1/0@-1 farNum=0/0 farRaw=0/0 lost=0/0 not_have=0 final=114/97 flags=0/0
LineErr: aim=33 cxcy=84.0,119.6 left=1:-49.34@107,123 dx=22.9 idx=0/5 dist=33/228 right=0:0.00@-1,-1 dx=0.0 idx=-1/-1 dist=-1/-1 sel=1:-47.63@110,119 dx=26.1 idx=0/16 dist=32/192 edge=0:0.00@-1.0,-1.0 dx=0.0 width=0.0 l=89,82 r=-1,-1
ATGSeedDiag: seed=1@56,102/0@-1,-1 begin=7,108 block=5 clip=8
ATGLptDiag: best=10(57.8) imip=0/20 pass=10110 acc=-1 ipm=91.2,99.9 inv=87.9,67.5 | -1(-57295.8) imip=-1/-1 pass=00000 acc=-1 ipm=-1.0,-1.0 inv=-1.0,-1.0
frame=761 line=1 track=0 cross=0 circle=0(CIRCLE_NONE) round=0 yroad=0 ramp=0 road=3 speed=0 near=116/0 raw=169/0 sel=116/101 far=0/0 far_raw=0/0 l=0@-1/0@-1 far_l=0@-1/0@-1 straight=0/0 far_straight=0/0 circle_cnt=0/0/0/0 lost=0/0 conf=57.6/0.0/0.0/0.0 dist=0 m0=(84,119) ml=(113,113) md=32/1/193 cxcy=84.0,119.6 guide=-43.86 atg=60.0/29.0/37.0 pure=-9.13/-2.87 yaw=2632 cmd=2832 actual=1302 signed=0 rps=1119/8881:4437/7499 duty=0/26
CrossDiag: type=CROSS_NONE track=0 half_lr=0/0 nearL=0@-1/0@-1 nearNum=116/0 centerNum=116/0 farL=0@-1/0@-1 farNum=0/0 farRaw=0/0 lost=0/0 not_have=0 final=116/101 flags=0/0
LineErr: aim=33 cxcy=84.0,119.6 left=1:-49.26@107,123 dx=22.8 idx=0/5 dist=34/229 right=0:0.00@-1,-1 dx=0.0 idx=-1/-1 dist=-1/-1 sel=1:-47.71@110,119 dx=25.8 idx=0/16 dist=32/200 edge=0:0.00@-1.0,-1.0 dx=0.0 width=0.0 l=87,80 r=-1,-1
ATGSeedDiag: seed=1@55,105/0@-1,-1 begin=7,108 block=5 clip=8
ATGLptDiag: best=10(57.6) imip=0/20 pass=10110 acc=-1 ipm=90.6,100.4 inv=87.0,68.2 | -1(-57295.8) imip=-1/-1 pass=00000 acc=-1 ipm=-1.0,-1.0 inv=-1.0,-1.0
frame=762 line=1 track=0 cross=0 circle=0(CIRCLE_NONE) round=0 yroad=0 ramp=0 road=3 speed=0 near=117/0 raw=170/0 sel=117/102 far=0/0 far_raw=0/0 l=0@-1/0@-1 far_l=0@-1/0@-1 straight=0/0 far_straight=0/0 circle_cnt=0/0/0/0 lost=0/0 conf=56.7/0.0/0.0/0.0 dist=0 m0=(84,119) ml=(113,113) md=32/1/194 cxcy=84.0,119.6 guide=-43.70 atg=60.0/27.0/35.0 pure=-9.06/-2.74 yaw=2622 cmd=2822 actual=1458 signed=0 rps=1132/8868:4294/7276 duty=0/26
CrossDiag: type=CROSS_NONE track=0 half_lr=0/0 nearL=0@-1/0@-1 nearNum=117/0 centerNum=117/0 farL=0@-1/0@-1 farNum=0/0 farRaw=0/0 lost=0/0 not_have=0 final=117/102 flags=0/0
LineErr: aim=33 cxcy=84.0,119.6 left=1:-49.40@107,123 dx=22.6 idx=0/5 dist=34/231 right=0:0.00@-1,-1 dx=0.0 idx=-1/-1 dist=-1/-1 sel=1:-47.54@109,119 dx=25.4 idx=0/16 dist=32/202 edge=0:0.00@-1.0,-1.0 dx=0.0 width=0.0 l=86,81 r=-1,-1
ATGSeedDiag: seed=1@54,107/0@-1,-1 begin=7,108 block=5 clip=8
ATGLptDiag: best=10(56.7) imip=0/20 pass=10110 acc=-1 ipm=89.9,100.8 inv=86.0,68.9 | -1(-57295.8) imip=-1/-1 pass=00000 acc=-1 ipm=-1.0,-1.0 inv=-1.0,-1.0
frame=763 line=1 track=0 cross=0 circle=0(CIRCLE_NONE) round=0 yroad=0 ramp=0 road=3 speed=0 near=116/0 raw=170/0 sel=116/101 far=0/0 far_raw=0/0 l=0@-1/0@-1 far_l=0@-1/0@-1 straight=0/0 far_straight=0/0 circle_cnt=0/0/0/0 lost=0/0 conf=54.3/0.0/0.0/0.0 dist=0 m0=(84,119) ml=(113,112) md=32/1/189 cxcy=84.0,119.6 guide=-42.62 atg=60.0/23.0/33.0 pure=-8.62/-2.56 yaw=2557 cmd=2757 actual=1621 signed=0 rps=1221/8779:4436/7239 duty=0/26
CrossDiag: type=CROSS_NONE track=0 half_lr=0/0 nearL=0@-1/0@-1 nearNum=116/0 centerNum=116/0 farL=0@-1/0@-1 farNum=0/0 farRaw=0/0 lost=0/0 not_have=0 final=116/101 flags=0/0
LineErr: aim=33 cxcy=84.0,119.6 left=1:-48.44@108,122 dx=23.6 idx=0/5 dist=34/233 right=0:0.00@-1,-1 dx=0.0 idx=-1/-1 dist=-1/-1 sel=1:-46.78@110,118 dx=25.9 idx=0/16 dist=32/200 edge=0:0.00@-1.0,-1.0 dx=0.0 width=0.0 l=84,81 r=-1,-1
ATGSeedDiag: seed=1@55,108/0@-1,-1 begin=7,108 block=5 clip=8
ATGLptDiag: best=10(54.3) imip=0/20 pass=10110 acc=-1 ipm=89.3,100.4 inv=85.0,68.2 | -1(-57295.8) imip=-1/-1 pass=00000 acc=-1 ipm=-1.0,-1.0 inv=-1.0,-1.0
frame=764 line=1 track=0 cross=0 circle=0(CIRCLE_NONE) round=0 yroad=0 ramp=0 road=3 speed=0 near=119/0 raw=170/0 sel=119/101 far=0/0 far_raw=0/0 l=0@-1/0@-1 far_l=0@-1/0@-1 straight=0/0 far_straight=0/0 circle_cnt=0/0/0/0 lost=0/0 conf=54.3/0.0/0.0/0.0 dist=0 m0=(84,119) ml=(113,111) md=33/1/191 cxcy=84.0,119.6 guide=-42.55 atg=60.0/22.0/32.0 pure=-7.61/-2.39 yaw=2553 cmd=2753 actual=1783 signed=0 rps=1227/8773:4491/7282 duty=0/26
CrossDiag: type=CROSS_NONE track=0 half_lr=0/0 nearL=0@-1/0@-1 nearNum=119/0 centerNum=119/0 farL=0@-1/0@-1 farNum=0/0 farRaw=0/0 lost=0/0 not_have=0 final=119/101 flags=0/0
LineErr: aim=33 cxcy=84.0,119.6 left=1:-47.52@108,121 dx=23.6 idx=0/4 dist=31/236 right=0:0.00@-1,-1 dx=0.0 idx=-1/-1 dist=-1/-1 sel=1:-44.47@111,115 dx=27.2 idx=0/16 dist=32/200 edge=0:0.00@-1.0,-1.0 dx=0.0 width=0.0 l=83,81 r=-1,-1
ATGSeedDiag: seed=1@59,108/0@-1,-1 begin=7,108 block=5 clip=8
ATGLptDiag: best=9(54.3) imip=0/19 pass=10110 acc=-1 ipm=89.1,101.0 inv=84.8,69.2 | -1(-57295.8) imip=-1/-1 pass=00000 acc=-1 ipm=-1.0,-1.0 inv=-1.0,-1.0
frame=765 line=1 track=0 cross=0 circle=0(CIRCLE_NONE) round=0 yroad=0 ramp=0 road=3 speed=0 near=117/0 raw=170/0 sel=117/100 far=0/0 far_raw=0/0 l=0@-1/0@-1 far_l=0@-1/0@-1 straight=0/0 far_straight=0/0 circle_cnt=0/0/0/0 lost=0/0 conf=50.4/0.0/0.0/0.0 dist=0 m0=(84,119) ml=(112,111) md=33/1/192 cxcy=84.0,119.6 guide=-42.06 atg=60.0/18.0/30.0 pure=-6.88/-2.14 yaw=2524 cmd=2724 actual=1924 signed=0 rps=1267/8733:4172/6910 duty=0/26
CrossDiag: type=CROSS_NONE track=0 half_lr=0/0 nearL=0@-1/0@-1 nearNum=117/0 centerNum=117/0 farL=0@-1/0@-1 farNum=0/0 farRaw=0/0 lost=0/0 not_have=0 final=117/100 flags=0/0
LineErr: aim=33 cxcy=84.0,119.6 left=1:-45.68@109,118 dx=24.9 idx=0/4 dist=32/228 right=0:0.00@-1,-1 dx=0.0 idx=-1/-1 dist=-1/-1 sel=1:-42.73@112,113 dx=27.6 idx=0/16 dist=32/198 edge=0:0.00@-1.0,-1.0 dx=0.0 width=0.0 l=83,83 r=-1,-1
ATGSeedDiag: seed=1@61,108/0@-1,-1 begin=7,108 block=5 clip=8
ATGLptDiag: best=9(50.4) imip=0/19 pass=10110 acc=-1 ipm=88.4,100.0 inv=83.5,67.7 | -1(-57295.8) imip=-1/-1 pass=00000 acc=-1 ipm=-1.0,-1.0 inv=-1.0,-1.0
frame=766 line=1 track=0 cross=0 circle=0(CIRCLE_NONE) round=0 yroad=0 ramp=0 road=3 speed=0 near=118/0 raw=170/0 sel=118/100 far=0/0 far_raw=0/0 l=0@-1/0@-1 far_l=0@-1/0@-1 straight=0/0 far_straight=0/0 circle_cnt=0/0/0/0 lost=0/0 conf=49.0/0.0/0.0/0.0 dist=0 m0=(84,119) ml=(112,110) md=33/1/195 cxcy=84.0,119.6 guide=-40.00 atg=60.0/16.0/29.0 pure=-6.11/-2.02 yaw=2400 cmd=2600 actual=2072 signed=0 rps=1436/8564:4192/6995 duty=0/26
CrossDiag: type=CROSS_NONE track=0 half_lr=0/0 nearL=0@-1/0@-1 nearNum=118/0 centerNum=118/0 farL=0@-1/0@-1 farNum=0/0 farRaw=0/0 lost=0/0 not_have=0 final=118/100 flags=0/0
LineErr: aim=33 cxcy=84.0,119.6 left=1:-43.22@110,115 dx=25.8 idx=0/4 dist=33/226 right=0:0.00@-1,-1 dx=0.0 idx=-1/-1 dist=-1/-1 sel=1:-40.70@112,110 dx=27.8 idx=0/16 dist=32/198 edge=0:0.00@-1.0,-1.0 dx=0.0 width=0.0 l=81,82 r=-1,-1
ATGSeedDiag: seed=1@63,108/0@-1,-1 begin=7,108 block=5 clip=8
ATGLptDiag: best=8(49.0) imip=0/18 pass=10110 acc=-1 ipm=87.3,101.3 inv=82.0,69.7 | -1(-57295.8) imip=-1/-1 pass=00000 acc=-1 ipm=-1.0,-1.0 inv=-1.0,-1.0
frame=767 line=1 track=0 cross=0 circle=0(CIRCLE_NONE) round=0 yroad=0 ramp=0 road=3 speed=0 near=118/0 raw=170/0 sel=118/99 far=0/0 far_raw=0/0 l=0@-1/0@-1 far_l=0@-1/0@-1 straight=0/0 far_straight=0/0 circle_cnt=0/0/0/0 lost=0/0 conf=46.5/0.0/0.0/0.0 dist=0 m0=(84,119) ml=(112,108) md=34/1/195 cxcy=84.0,119.6 guide=-39.29 atg=60.0/15.0/28.0 pure=-5.42/-1.88 yaw=2358 cmd=2516 actual=2200 signed=0 rps=1552/8448:3900/6468 duty=1/26
CrossDiag: type=CROSS_NONE track=0 half_lr=0/0 nearL=0@-1/0@-1 nearNum=118/0 centerNum=118/0 farL=0@-1/0@-1 farNum=0/0 farRaw=0/0 lost=0/0 not_have=0 final=118/99 flags=0/0
LineErr: aim=33 cxcy=84.0,119.6 left=1:-41.34@110,113 dx=26.1 idx=0/4 dist=33/229 right=0:0.00@-1,-1 dx=0.0 idx=-1/-1 dist=-1/-1 sel=1:-38.75@112,108 dx=27.6 idx=0/16 dist=32/196 edge=0:0.00@-1.0,-1.0 dx=0.0 width=0.0 l=79,82 r=-1,-1
ATGSeedDiag: seed=1@64,108/0@-1,-1 begin=7,108 block=5 clip=8
ATGLptDiag: best=8(46.5) imip=0/18 pass=10111 acc=-1 ipm=86.8,100.7 inv=81.0,68.8 | -1(-57295.8) imip=-1/-1 pass=00000 acc=-1 ipm=-1.0,-1.0 inv=-1.0,-1.0
frame=768 line=1 track=0 cross=0 circle=0(CIRCLE_NONE) round=0 yroad=0 ramp=0 road=3 speed=0 near=118/0 raw=170/0 sel=118/100 far=0/0 far_raw=0/0 l=0@-1/0@-1 far_l=0@-1/0@-1 straight=0/0 far_straight=0/0 circle_cnt=0/0/0/0 lost=0/0 conf=47.2/0.0/0.0/0.0 dist=0 m0=(84,119) ml=(111,109) md=33/1/200 cxcy=84.0,119.6 guide=-38.56 atg=60.0/12.0/24.0 pure=-4.76/-1.67 yaw=2314 cmd=2301 actual=2327 signed=0 rps=1847/8153:3933/6606 duty=2/24
CrossDiag: type=CROSS_NONE track=0 half_lr=0/0 nearL=0@-1/0@-1 nearNum=118/0 centerNum=118/0 farL=0@-1/0@-1 farNum=0/0 farRaw=0/0 lost=0/0 not_have=0 final=118/100 flags=0/0
LineErr: aim=33 cxcy=84.0,119.6 left=1:-39.26@110,111 dx=26.2 idx=0/4 dist=34/229 right=0:0.00@-1,-1 dx=0.0 idx=-1/-1 dist=-1/-1 sel=1:-36.79@111,106 dx=27.3 idx=0/16 dist=32/198 edge=0:0.00@-1.0,-1.0 dx=0.0 width=0.0 l=77,81 r=-1,-1
ATGSeedDiag: seed=1@65,108/0@-1,-1 begin=7,108 block=5 clip=8
ATGLptDiag: best=7(47.2) imip=0/17 pass=10111 acc=-1 ipm=85.9,102.4 inv=80.0,71.7 | -1(-57295.8) imip=-1/-1 pass=00000 acc=-1 ipm=-1.0,-1.0 inv=-1.0,-1.0
frame=769 line=1 track=0 cross=0 circle=0(CIRCLE_NONE) round=0 yroad=0 ramp=0 road=3 speed=0 near=119/0 raw=170/0 sel=119/100 far=0/0 far_raw=0/0 l=0@-1/0@-1 far_l=0@-1/0@-1 straight=0/0 far_straight=0/0 circle_cnt=0/0/0/0 lost=0/0 conf=47.3/0.0/0.0/0.0 dist=0 m0=(84,119) ml=(110,108) md=32/1/200 cxcy=84.0,119.6 guide=-36.19 atg=60.0/9.0/22.0 pure=-3.98/-1.46 yaw=2172 cmd=1972 actual=2436 signed=0 rps=2298/7702:3889/6904 duty=3/22
CrossDiag: type=CROSS_NONE track=0 half_lr=0/0 nearL=0@-1/0@-1 nearNum=119/0 centerNum=119/0 farL=0@-1/0@-1 farNum=0/0 farRaw=0/0 lost=0/0 not_have=0 final=119/100 flags=0/0
LineErr: aim=33 cxcy=84.0,119.6 left=1:-36.83@110,108 dx=26.0 idx=0/4 dist=33/227 right=0:0.00@-1,-1 dx=0.0 idx=-1/-1 dist=-1/-1 sel=1:-34.28@111,104 dx=26.6 idx=0/16 dist=32/198 edge=0:0.00@-1.0,-1.0 dx=0.0 width=0.0 l=76,83 r=-1,-1
ATGSeedDiag: seed=1@66,108/0@-1,-1 begin=7,108 block=5 clip=8
ATGLptDiag: best=6(47.3) imip=0/16 pass=10111 acc=-1 ipm=85.0,103.9 inv=78.7,74.4 | -1(-57295.8) imip=-1/-1 pass=00000 acc=-1 ipm=-1.0,-1.0 inv=-1.0,-1.0
frame=770 line=1 track=0 cross=0 circle=0(CIRCLE_NONE) round=0 yroad=0 ramp=0 road=3 speed=0 near=119/0 raw=170/0 sel=119/100 far=0/0 far_raw=0/0 l=0@-1/0@-1 far_l=0@-1/0@-1 straight=0/0 far_straight=0/0 circle_cnt=0/0/0/0 lost=0/0 conf=44.6/0.0/0.0/0.0 dist=0 m0=(84,119) ml=(109,107) md=32/1/198 cxcy=84.0,119.6 guide=-34.25 atg=50.0/6.0/17.0 pure=-3.37/-1.22 yaw=2055 cmd=1855 actual=2541 signed=0 rps=2458/7542:3762/7019 duty=4/22
CrossDiag: type=CROSS_NONE track=0 half_lr=0/0 nearL=0@-1/0@-1 nearNum=119/0 centerNum=119/0 farL=0@-1/0@-1 farNum=0/0 farRaw=0/0 lost=0/0 not_have=0 final=119/100 flags=0/0
LineErr: aim=33 cxcy=84.0,119.6 left=1:-34.54@109,106 dx=25.4 idx=0/4 dist=33/228 right=0:0.00@-1,-1 dx=0.0 idx=-1/-1 dist=-1/-1 sel=1:-32.34@110,102 dx=25.8 idx=0/16 dist=32/198 edge=0:0.00@-1.0,-1.0 dx=0.0 width=0.0 l=74,83 r=-1,-1
ATGSeedDiag: seed=1@66,108/0@-1,-1 begin=7,108 block=5 clip=8
ATGLptDiag: best=6(44.6) imip=0/16 pass=10111 acc=-1 ipm=84.1,103.6 inv=77.0,73.7 | -1(-57295.8) imip=-1/-1 pass=00000 acc=-1 ipm=-1.0,-1.0 inv=-1.0,-1.0
frame=771 line=1 track=0 cross=0 circle=0(CIRCLE_NONE) round=0 yroad=0 ramp=0 road=3 speed=0 near=120/0 raw=170/0 sel=120/100 far=0/0 far_raw=0/0 l=0@-1/0@-1 far_l=0@-1/0@-1 straight=0/0 far_straight=0/0 circle_cnt=0/0/0/0 lost=0/0 conf=46.2/0.0/0.0/0.0 dist=0 m0=(84,119) ml=(108,105) md=32/1/201 cxcy=84.0,119.6 guide=-32.11 atg=32.0/4.0/14.0 pure=-2.73/-0.98 yaw=1927 cmd=1727 actual=2634 signed=0 rps=2634/7366:4017/7538 duty=4/20
CrossDiag: type=CROSS_NONE track=0 half_lr=0/0 nearL=0@-1/0@-1 nearNum=120/0 centerNum=120/0 farL=0@-1/0@-1 farNum=0/0 farRaw=0/0 lost=0/0 not_have=0 final=120/100 flags=0/0
LineErr: aim=33 cxcy=84.0,119.6 left=1:-32.41@109,104 dx=24.5 idx=0/4 dist=32/227 right=0:0.00@-1,-1 dx=0.0 idx=-1/-1 dist=-1/-1 sel=1:-30.25@109,100 dx=24.8 idx=0/16 dist=32/198 edge=0:0.00@-1.0,-1.0 dx=0.0 width=0.0 l=72,83 r=-1,-1
ATGSeedDiag: seed=1@66,108/0@-1,-1 begin=7,108 block=5 clip=8
ATGLptDiag: best=5(46.2) imip=0/15 pass=10111 acc=-1 ipm=83.3,105.6 inv=75.8,77.6 | -1(-57295.8) imip=-1/-1 pass=00000 acc=-1 ipm=-1.0,-1.0 inv=-1.0,-1.0
frame=772 line=1 track=0 cross=0 circle=0(CIRCLE_NONE) round=0 yroad=0 ramp=0 road=4 speed=0 near=123/0 raw=170/0 sel=123/103 far=0/0 far_raw=0/0 l=0@-1/0@-1 far_l=0@-1/0@-1 straight=0/0 far_straight=0/0 circle_cnt=0/0/0/0 lost=0/0 conf=43.2/0.0/0.0/0.0 dist=0 m0=(84,119) ml=(108,101) md=33/1/209 cxcy=84.0,119.6 guide=-29.06 atg=20.0/2.0/11.0 pure=-2.08/-0.74 yaw=1744 cmd=1544 actual=2708 signed=0 rps=2885/7115:4030/7282 duty=5/19
CrossDiag: type=CROSS_NONE track=0 half_lr=0/0 nearL=0@-1/0@-1 nearNum=123/0 centerNum=123/0 farL=0@-1/0@-1 farNum=0/0 farRaw=0/0 lost=0/0 not_have=0 final=123/103 flags=0/0
LineErr: aim=33 cxcy=84.0,119.6 left=1:-30.17@108,102 dx=23.6 idx=0/4 dist=32/232 right=0:0.00@-1,-1 dx=0.0 idx=-1/-1 dist=-1/-1 sel=1:-27.86@107,98 dx=23.5 idx=0/16 dist=32/204 edge=0:0.00@-1.0,-1.0 dx=0.0 width=0.0 l=70,83 r=-1,-1
ATGSeedDiag: seed=1@66,108/0@-1,-1 begin=7,108 block=5 clip=8
ATGLptDiag: best=5(43.2) imip=0/15 pass=10111 acc=-1 ipm=82.2,105.3 inv=74.0,77.0 | -1(-57295.8) imip=-1/-1 pass=00000 acc=-1 ipm=-1.0,-1.0 inv=-1.0,-1.0
frame=773 line=1 track=0 cross=0 circle=0(CIRCLE_NONE) round=0 yroad=0 ramp=0 road=4 speed=0 near=123/0 raw=170/0 sel=123/103 far=0/0 far_raw=0/0 l=0@-1/0@-1 far_l=0@-1/0@-1 straight=0/0 far_straight=0/0 circle_cnt=0/0/0/0 lost=0/0 conf=37.6/0.0/0.0/0.0 dist=0 m0=(84,119) ml=(106,99) md=32/1/209 cxcy=84.0,119.6 guide=-25.77 atg=9.0/1.0/8.0 pure=-1.40/-0.51 yaw=1546 cmd=1346 actual=2757 signed=0 rps=3155/6845:4380/7395 duty=6/18
CrossDiag: type=CROSS_NONE track=0 half_lr=0/0 nearL=0@-1/0@-1 nearNum=123/0 centerNum=123/0 farL=0@-1/0@-1 farNum=0/0 farRaw=0/0 lost=0/0 not_have=0 final=123/103 flags=0/0
LineErr: aim=33 cxcy=84.0,119.6 left=1:-27.45@106,100 dx=22.1 idx=0/4 dist=33/234 right=0:0.00@-1,-1 dx=0.0 idx=-1/-1 dist=-1/-1 sel=1:-25.27@106,96 dx=21.9 idx=0/16 dist=32/204 edge=0:0.00@-1.0,-1.0 dx=0.0 width=0.0 l=68,84 r=-1,-1
ATGSeedDiag: seed=1@66,108/0@-1,-1 begin=7,108 block=5 clip=8
ATGLptDiag: best=6(37.6) imip=0/16 pass=10111 acc=-1 ipm=80.9,102.7 inv=71.6,72.3 | -1(-57295.8) imip=-1/-1 pass=00000 acc=-1 ipm=-1.0,-1.0 inv=-1.0,-1.0
frame=774 line=1 track=0 cross=0 circle=0(CIRCLE_NONE) round=0 yroad=0 ramp=0 road=0 speed=0 near=123/0 raw=170/0 sel=123/102 far=0/0 far_raw=0/0 l=0@-1/0@-1 far_l=0@-1/0@-1 straight=0/0 far_straight=0/0 circle_cnt=0/0/0/0 lost=0/0 conf=42.9/0.0/0.0/0.0 dist=0 m0=(84,119) ml=(105,97) md=33/1/208 cxcy=84.0,119.6 guide=-23.67 atg=3.0/0.0/6.0 pure=-0.79/-0.32 yaw=1420 cmd=1220 actual=2778 signed=0 rps=3328/6672:4428/6993 duty=6/18
CrossDiag: type=CROSS_NONE track=0 half_lr=0/0 nearL=0@-1/0@-1 nearNum=123/0 centerNum=123/0 farL=0@-1/0@-1 farNum=0/0 farRaw=0/0 lost=0/0 not_have=0 final=123/102 flags=0/0
LineErr: aim=33 cxcy=84.0,119.6 left=1:-25.71@105,99 dx=21.2 idx=0/4 dist=33/235 right=0:0.00@-1,-1 dx=0.0 idx=-1/-1 dist=-1/-1 sel=1:-23.11@104,95 dx=20.3 idx=0/16 dist=32/202 edge=0:0.00@-1.0,-1.0 dx=0.0 width=0.0 l=66,84 r=-1,-1
ATGSeedDiag: seed=1@66,108/0@-1,-1 begin=7,108 block=5 clip=8
ATGLptDiag: best=4(42.9) imip=0/14 pass=10111 acc=-1 ipm=80.5,107.3 inv=71.0,81.1 | -1(-57295.8) imip=-1/-1 pass=00000 acc=-1 ipm=-1.0,-1.0 inv=-1.0,-1.0
frame=775 line=1 track=0 cross=0 circle=0(CIRCLE_NONE) round=0 yroad=0 ramp=0 road=0 speed=0 near=123/0 raw=170/0 sel=123/103 far=0/0 far_raw=0/0 l=0@-1/0@-1 far_l=0@-1/0@-1 straight=0/0 far_straight=0/0 circle_cnt=0/0/0/0 lost=0/0 conf=38.7/0.0/0.0/0.0 dist=0 m0=(84,119) ml=(103,96) md=32/1/210 cxcy=84.0,119.6 guide=-21.33 atg=0.0/0.0/4.0 pure=-0.12/-0.14 yaw=1280 cmd=1080 actual=2759 signed=0 rps=3520/6480:4716/6899 duty=6/17
CrossDiag: type=CROSS_NONE track=0 half_lr=0/0 nearL=0@-1/0@-1 nearNum=123/0 centerNum=123/0 farL=0@-1/0@-1 farNum=0/0 farRaw=0/0 lost=0/0 not_have=0 final=123/103 flags=0/0
LineErr: aim=33 cxcy=84.0,119.6 left=1:-23.10@104,97 dx=19.5 idx=0/4 dist=33/233 right=0:0.00@-1,-1 dx=0.0 idx=-1/-1 dist=-1/-1 sel=1:-20.53@103,93 dx=18.5 idx=0/16 dist=32/204 edge=0:0.00@-1.0,-1.0 dx=0.0 width=0.0 l=64,85 r=-1,-1
ATGSeedDiag: seed=1@65,108/0@-1,-1 begin=7,108 block=5 clip=8
ATGLptDiag: best=4(38.7) imip=0/14 pass=10111 acc=-1 ipm=79.5,107.1 inv=69.0,80.7 | -1(-57295.8) imip=-1/-1 pass=00000 acc=-1 ipm=-1.0,-1.0 inv=-1.0,-1.0
frame=776 line=1 track=0 cross=0 circle=0(CIRCLE_NONE) round=0 yroad=0 ramp=0 road=7 speed=0 near=124/0 raw=170/0 sel=124/105 far=0/0 far_raw=0/0 l=0@-1/0@-1 far_l=0@-1/0@-1 straight=0/0 far_straight=0/0 circle_cnt=0/0/0/0 lost=0/0 conf=40.3/0.0/0.0/0.0 dist=0 m0=(84,119) ml=(102,94) md=34/1/215 cxcy=84.0,119.6 guide=-20.68 atg=0.0/0.0/2.0 pure=0.41/0.14 yaw=1241 cmd=1041 actual=2707 signed=0 rps=3573/6427:4891/6623 duty=6/18
CrossDiag: type=CROSS_NONE track=0 half_lr=0/0 nearL=0@-1/0@-1 nearNum=124/0 centerNum=124/0 farL=0@-1/0@-1 farNum=0/0 farRaw=0/0 lost=0/0 not_have=0 final=124/105 flags=0/0
LineErr: aim=33 cxcy=84.0,119.6 left=1:-20.96@102,96 dx=17.9 idx=0/4 dist=33/240 right=0:0.00@-1,-1 dx=0.0 idx=-1/-1 dist=-1/-1 sel=1:-18.20@101,92 dx=16.6 idx=0/16 dist=32/208 edge=0:0.00@-1.0,-1.0 dx=0.0 width=0.0 l=62,85 r=-1,-1
ATGSeedDiag: seed=1@64,108/0@-1,-1 begin=7,108 block=5 clip=8
ATGLptDiag: best=3(40.3) imip=0/13 pass=10111 acc=-1 ipm=79.0,109.4 inv=67.9,85.8 | -1(-57295.8) imip=-1/-1 pass=00000 acc=-1 ipm=-1.0,-1.0 inv=-1.0,-1.0
frame=777 line=1 track=0 cross=0 circle=0(CIRCLE_NONE) round=0 yroad=0 ramp=0 road=7 speed=0 near=124/0 raw=170/0 sel=124/104 far=0/0 far_raw=0/0 l=0@-1/0@-1 far_l=0@-1/0@-1 straight=0/0 far_straight=0/0 circle_cnt=0/0/0/0 lost=0/0 conf=38.0/0.0/0.0/0.0 dist=0 m0=(84,119) ml=(100,93) md=33/1/215 cxcy=84.0,119.6 guide=-17.62 atg=-4.0/0.0/1.0 pure=0.97/0.36 yaw=1057 cmd=857 actual=2618 signed=0 rps=3825/6175:4751/6201 duty=7/17
CrossDiag: type=CROSS_NONE track=0 half_lr=0/0 nearL=0@-1/0@-1 nearNum=124/0 centerNum=124/0 farL=0@-1/0@-1 farNum=0/0 farRaw=0/0 lost=0/0 not_have=0 final=124/104 flags=0/0
LineErr: aim=33 cxcy=84.0,119.6 left=1:-18.79@100,95 dx=16.3 idx=0/4 dist=33/236 right=0:0.00@-1,-1 dx=0.0 idx=-1/-1 dist=-1/-1 sel=1:-15.87@99,91 dx=14.7 idx=0/16 dist=32/206 edge=0:0.00@-1.0,-1.0 dx=0.0 width=0.0 l=60,86 r=-1,-1
ATGSeedDiag: seed=1@63,108/0@-1,-1 begin=7,108 block=5 clip=8
ATGLptDiag: best=3(38.0) imip=0/13 pass=10111 acc=-1 ipm=78.0,109.4 inv=66.0,85.7 | -1(-57295.8) imip=-1/-1 pass=00000 acc=-1 ipm=-1.0,-1.0 inv=-1.0,-1.0
frame=778 line=1 track=0 cross=0 circle=0(CIRCLE_NONE) round=0 yroad=0 ramp=0 road=7 speed=0 near=124/0 raw=170/0 sel=124/103 far=0/0 far_raw=0/0 l=0@-1/0@-1 far_l=0@-1/0@-1 straight=0/0 far_straight=0/0 circle_cnt=0/0/0/0 lost=0/0 conf=35.9/0.0/0.0/0.0 dist=0 m0=(84,119) ml=(98,92) md=33/1/218 cxcy=84.0,119.6 guide=-15.72 atg=-12.0/-1.0/0.0 pure=1.51/0.60 yaw=943 cmd=743 actual=2523 signed=0 rps=3982/6018:4939/6488 duty=8/16
CrossDiag: type=CROSS_NONE track=0 half_lr=0/0 nearL=0@-1/0@-1 nearNum=124/0 centerNum=124/0 farL=0@-1/0@-1 farNum=0/0 farRaw=0/0 lost=0/0 not_have=0 final=124/103 flags=0/0
LineErr: aim=33 cxcy=84.0,119.6 left=1:-16.56@99,94 dx=14.6 idx=0/4 dist=33/231 right=0:0.00@-1,-1 dx=0.0 idx=-1/-1 dist=-1/-1 sel=1:-13.41@97,90 dx=12.6 idx=0/16 dist=32/204 edge=0:0.00@-1.0,-1.0 dx=0.0 width=0.0 l=58,87 r=-1,-1
ATGSeedDiag: seed=1@63,108/0@-1,-1 begin=7,108 block=5 clip=8
ATGLptDiag: best=3(35.9) imip=0/13 pass=10111 acc=-1 ipm=77.0,109.3 inv=64.0,85.7 | -1(-57295.8) imip=-1/-1 pass=00000 acc=-1 ipm=-1.0,-1.0 inv=-1.0,-1.0
frame=779 line=1 track=0 cross=0 circle=0(CIRCLE_NONE) round=0 yroad=0 ramp=0 road=7 speed=0 near=126/0 raw=170/0 sel=126/104 far=0/0 far_raw=0/0 l=0@-1/0@-1 far_l=0@-1/0@-1 straight=0/0 far_straight=0/0 circle_cnt=0/0/0/0 lost=0/0 conf=32.6/0.0/0.0/0.0 dist=0 m0=(84,119) ml=(96,91) md=33/1/219 cxcy=84.0,119.6 guide=-12.78 atg=-19.0/-3.0/0.0 pure=1.96/0.86 yaw=767 cmd=567 actual=2424 signed=0 rps=4223/5777:4735/6486 duty=9/15
CrossDiag: type=CROSS_NONE track=0 half_lr=0/0 nearL=0@-1/0@-1 nearNum=126/0 centerNum=126/0 farL=0@-1/0@-1 farNum=0/0 farRaw=0/0 lost=0/0 not_have=0 final=126/104 flags=0/0
LineErr: aim=33 cxcy=84.0,119.6 left=1:-14.59@97,93 dx=13.0 idx=0/4 dist=33/233 right=0:0.00@-1,-1 dx=0.0 idx=-1/-1 dist=-1/-1 sel=1:-11.27@95,89 dx=10.7 idx=0/16 dist=32/206 edge=0:0.00@-1.0,-1.0 dx=0.0 width=0.0 l=56,87 r=-1,-1
ATGSeedDiag: seed=1@62,108/0@-1,-1 begin=7,108 block=5 clip=8
ATGLptDiag: best=1(32.6) imip=0/11 pass=10111 acc=-1 ipm=76.9,114.0 inv=62.9,97.9 | -1(-57295.8) imip=-1/-1 pass=00000 acc=-1 ipm=-1.0,-1.0 inv=-1.0,-1.0
frame=780 line=1 track=0 cross=0 circle=0(CIRCLE_NONE) round=0 yroad=0 ramp=0 road=7 speed=0 near=126/0 raw=170/0 sel=126/104 far=0/0 far_raw=0/0 l=0@-1/0@-1 far_l=0@-1/0@-1 straight=0/0 far_straight=0/0 circle_cnt=0/0/0/0 lost=0/0 conf=30.5/0.0/0.0/0.0 dist=0 m0=(84,119) ml=(94,90) md=33/1/219 cxcy=84.0,119.6 guide=-11.28 atg=-31.0/-6.0/0.0 pure=2.40/1.09 yaw=677 cmd=477 actual=2313 signed=0 rps=4346/5654:4839/6951 duty=9/14
CrossDiag: type=CROSS_NONE track=0 half_lr=0/0 nearL=0@-1/0@-1 nearNum=126/0 centerNum=126/0 farL=0@-1/0@-1 farNum=0/0 farRaw=0/0 lost=0/0 not_have=0 final=126/104 flags=0/0
LineErr: aim=33 cxcy=84.0,119.6 left=1:-12.41@95,92 dx=11.2 idx=0/4 dist=33/235 right=0:0.00@-1,-1 dx=0.0 idx=-1/-1 dist=-1/-1 sel=1:-9.05@93,88 dx=8.7 idx=0/16 dist=32/206 edge=0:0.00@-1.0,-1.0 dx=0.0 width=0.0 l=55,88 r=-1,-1
ATGSeedDiag: seed=1@61,108/0@-1,-1 begin=7,108 block=5 clip=8
ATGLptDiag: best=3(30.5) imip=0/13 pass=10111 acc=-1 ipm=75.1,109.4 inv=60.4,85.9 | -1(-57295.8) imip=-1/-1 pass=00000 acc=-1 ipm=-1.0,-1.0 inv=-1.0,-1.0
frame=781 line=1 track=0 cross=0 circle=0(CIRCLE_NONE) round=0 yroad=0 ramp=0 road=7 speed=0 near=126/0 raw=170/0 sel=126/105 far=0/0 far_raw=0/0 l=0@-1/0@-1 far_l=0@-1/0@-1 straight=0/0 far_straight=0/0 circle_cnt=0/0/0/0 lost=0/0 conf=31.2/0.0/0.0/0.0 dist=0 m0=(84,119) ml=(92,89) md=33/1/221 cxcy=84.0,119.6 guide=-8.51 atg=-42.0/-8.0/-1.0 pure=2.80/1.25 yaw=511 cmd=311 actual=2215 signed=0 rps=4574/5426:4937/7168 duty=10/13
CrossDiag: type=CROSS_NONE track=0 half_lr=0/0 nearL=0@-1/0@-1 nearNum=126/0 centerNum=126/0 farL=0@-1/0@-1 farNum=0/0 farRaw=0/0 lost=0/0 not_have=0 final=126/105 flags=0/0
LineErr: aim=33 cxcy=84.0,119.6 left=1:-10.19@93,91 dx=9.3 idx=0/4 dist=33/236 right=0:0.00@-1,-1 dx=0.0 idx=-1/-1 dist=-1/-1 sel=1:-6.79@91,88 dx=6.6 idx=0/16 dist=32/208 edge=0:0.00@-1.0,-1.0 dx=0.0 width=0.0 l=53,89 r=-1,-1
ATGSeedDiag: seed=1@59,108/0@-1,-1 begin=7,108 block=5 clip=8
ATGLptDiag: best=2(31.2) imip=0/12 pass=10111 acc=-1 ipm=75.0,111.7 inv=59.5,91.7 | -1(-57295.8) imip=-1/-1 pass=00000 acc=-1 ipm=-1.0,-1.0 inv=-1.0,-1.0
frame=782 line=1 track=0 cross=0 circle=0(CIRCLE_NONE) round=0 yroad=0 ramp=0 road=7 speed=0 near=127/83 raw=170/160 sel=127/107 far=0/0 far_raw=0/0 l=0@-1/0@-1 far_l=0@-1/0@-1 straight=0/0 far_straight=0/0 circle_cnt=0/0/0/0 lost=0/0 conf=31.2/29.1/0.0/0.0 dist=0 m0=(84,119) ml=(90,89) md=32/1/221 cxcy=84.0,119.6 guide=-5.58 atg=-57.0/-11.0/-2.0 pure=3.22/1.47 yaw=142 cmd=-58 actual=2130 signed=0 rps=5079/4921:4639/6826 duty=12/11
CrossDiag: type=CROSS_NONE track=0 half_lr=0/0 nearL=0@-1/0@-1 nearNum=127/83 centerNum=127/83 farL=0@-1/0@-1 farNum=0/0 farRaw=0/0 lost=0/0 not_have=0 final=127/107 flags=0/0
LineErr: aim=33 cxcy=84.0,119.6 left=1:-8.31@92,91 dx=7.6 idx=0/4 dist=33/234 right=1:0.48@84,92 dx=-0.4 idx=0/17 dist=34/261 sel=1:-4.69@89,87 dx=4.6 idx=0/16 dist=32/212 edge=1:5.28@78.5,83.0 dx=-5.5 width=56.3 l=51,89 r=106,77
CxScan: raw_ref=80.0 edge=78.5,83.0 best_raw_x=65 best_err=-0.22 best_cxcy=78.3,119.5 scan=0:-23.0,10:-19.7,20:-16.4,30:-12.9,40:-9.4,50:-5.7,60:-2.1,70:1.6,80:5.3,90:8.9,100:12.4,110:15.9,120:19.2,130:22.4,140:25.4
ATGSeedDiag: seed=1@58,108/1@155,85 begin=7,108 block=5 clip=8
ATGLptDiag: best=2(31.2) imip=0/12 pass=10111 acc=-1 ipm=74.1,111.7 inv=57.6,91.7 | 28(29.1) imip=18/38 pass=10111 acc=-1 ipm=89.7,55.0 inv=78.7,31.1
frame=783 line=1 track=0 cross=0 circle=0(CIRCLE_NONE) round=0 yroad=0 ramp=0 road=7 speed=0 near=125/85 raw=170/164 sel=125/104 far=0/0 far_raw=0/0 l=0@-1/0@-1 far_l=0@-1/0@-1 straight=0/0 far_straight=0/0 circle_cnt=0/0/0/0 lost=0/0 conf=26.6/24.8/0.0/0.0 dist=0 m0=(84,119) ml=(87,87) md=33/1/219 cxcy=84.0,119.6 guide=-3.44 atg=-60.0/-13.0/-3.0 pure=3.56/1.63 yaw=88 cmd=-112 actual=2059 signed=0 rps=5154/4846:4837/6953 duty=12/11
CrossDiag: type=CROSS_NONE track=0 half_lr=0/0 nearL=0@-1/0@-1 nearNum=125/85 centerNum=125/85 farL=0@-1/0@-1 farNum=0/0 farRaw=0/0 lost=0/0 not_have=0 final=125/104 flags=0/0
LineErr: aim=33 cxcy=84.0,119.6 left=1:-6.27@90,90 dx=5.8 idx=0/4 dist=34/233 right=1:0.99@83,93 dx=-0.9 idx=0/17 dist=33/269 sel=1:-2.56@87,87 dx=2.5 idx=0/16 dist=32/206 edge=1:6.34@77.5,84.0 dx=-6.5 width=56.3 l=50,90 r=105,78
CxScan: raw_ref=80.0 edge=77.5,84.0 best_raw_x=65 best_err=0.75 best_cxcy=78.3,119.5 scan=0:-22.5,10:-19.2,20:-15.7,30:-12.2,40:-8.6,50:-4.9,60:-1.1,70:2.6,80:6.3,90:10.0,100:13.6,110:17.0,120:20.4,130:23.5,140:26.6
ATGSeedDiag: seed=1@57,108/1@155,86 begin=7,108 block=5 clip=8
ATGLptDiag: best=2(26.6) imip=0/12 pass=10111 acc=-1 ipm=73.2,111.9 inv=55.6,92.1 | 30(24.8) imip=20/40 pass=10111 acc=-1 ipm=87.4,52.1 inv=76.6,29.9
frame=784 line=1 track=0 cross=0 circle=0(CIRCLE_NONE) round=0 yroad=0 ramp=0 road=7 speed=0 near=125/85 raw=170/166 sel=125/104 far=0/0 far_raw=0/0 l=0@-1/0@-1 far_l=0@-1/0@-1 straight=0/0 far_straight=0/0 circle_cnt=0/0/0/0 lost=0/0 conf=25.3/23.6/0.0/0.0 dist=0 m0=(84,119) ml=(86,88) md=33/1/220 cxcy=84.0,119.6 guide=-1.18 atg=-60.0/-15.0/-3.0 pure=3.90/1.74 yaw=30 cmd=-170 actual=1976 signed=0 rps=5233/4767:4806/6433 duty=12/11
CrossDiag: type=CROSS_NONE track=0 half_lr=0/0 nearL=0@-1/0@-1 nearNum=125/85 centerNum=125/85 farL=0@-1/0@-1 farNum=0/0 farRaw=0/0 lost=0/0 not_have=0 final=125/104 flags=0/0
LineErr: aim=33 cxcy=84.0,119.6 left=1:-4.11@88,90 dx=3.8 idx=0/4 dist=34/235 right=1:8.63@76,89 dx=-8.2 idx=4/20 dist=33/261 sel=1:-0.44@84,86 dx=0.4 idx=0/16 dist=32/206 edge=1:8.40@75.5,85.0 dx=-8.5 width=56.3 l=48,91 r=103,79
CxScan: raw_ref=80.0 edge=75.5,85.0 best_raw_x=60 best_err=0.85 best_cxcy=76.4,119.5 scan=0:-21.1,10:-17.7,20:-14.1,30:-10.5,40:-6.8,50:-3.0,60:0.8,70:4.6,80:8.4,90:12.1,100:15.6,110:19.1,120:22.4,130:25.5,140:28.5
ATGSeedDiag: seed=1@55,108/1@155,87 begin=7,108 block=5 clip=8
ATGLptDiag: best=2(25.3) imip=0/12 pass=10111 acc=-1 ipm=72.1,111.9 inv=53.4,92.3 | 30(23.6) imip=20/40 pass=10111 acc=-1 ipm=85.5,53.3 inv=75.2,30.4
frame=785 line=1 track=0 cross=0 circle=0(CIRCLE_NONE) round=0 yroad=0 ramp=0 road=7 speed=0 near=125/84 raw=170/170 sel=125/101 far=0/0 far_raw=0/0 l=0@-1/0@-1 far_l=0@-1/0@-1 straight=0/0 far_straight=0/0 circle_cnt=0/0/0/0 lost=0/0 conf=26.9/27.4/0.0/0.0 dist=0 m0=(84,119) ml=(84,88) md=33/1/224 cxcy=84.0,119.6 guide=0.54 atg=-60.0/-17.0/-5.0 pure=4.20/1.82 yaw=-14 cmd=-214 actual=1878 signed=0 rps=5293/4707:5256/6390 duty=12/11
CrossDiag: type=CROSS_NONE track=0 half_lr=0/0 nearL=0@-1/0@-1 nearNum=125/84 centerNum=125/84 farL=0@-1/0@-1 farNum=0/0 farRaw=0/0 lost=0/0 not_have=0 final=125/101 flags=0/0
LineErr: aim=33 cxcy=84.0,119.6 left=1:-2.16@86,89 dx=2.0 idx=0/4 dist=33/230 right=1:9.88@75,90 dx=-9.1 idx=4/20 dist=34/256 sel=1:1.53@83,86 dx=-1.5 idx=0/16 dist=32/200 edge=1:9.93@74.0,85.5 dx=-10.0 width=57.1 l=46,91 r=102,80
CxScan: raw_ref=80.0 edge=74.0,85.5 best_raw_x=55 best_err=0.44 best_cxcy=74.4,119.5 scan=0:-20.0,10:-16.5,20:-12.8,30:-9.1,40:-5.3,50:-1.5,60:2.4,70:6.2,80:9.9,90:13.6,100:17.2,110:20.6,120:23.8,130:26.9,140:29.9
ATGSeedDiag: seed=1@54,108/1@155,89 begin=7,108 block=5 clip=8
ATGLptDiag: best=64(26.9) imip=54/74 pass=10100 acc=-1 ipm=50.8,-7.0 inv=56.2,15.2 | 28(27.4) imip=18/38 pass=10111 acc=-1 ipm=84.6,59.2 inv=74.6,33.0
frame=786 line=1 track=0 cross=0 circle=0(CIRCLE_NONE) round=0 yroad=0 ramp=0 road=7 speed=0 near=122/84 raw=170/170 sel=122/100 far=0/0 far_raw=0/0 l=0@-1/0@-1 far_l=0@-1/0@-1 straight=1/0 far_straight=0/0 circle_cnt=0/0/0/0 lost=0/0 conf=17.9/25.3/0.0/0.0 dist=0 m0=(84,119) ml=(84,89) md=32/1/221 cxcy=84.0,119.6 guide=0.91 atg=-60.0/-19.0/-4.0 pure=4.51/1.92 yaw=-23 cmd=-223 actual=1758 signed=0 rps=5306/4694:5604/6369 duty=12/11
CrossDiag: type=CROSS_NONE track=0 half_lr=0/0 nearL=0@-1/0@-1 nearNum=122/84 centerNum=122/84 farL=0@-1/0@-1 farNum=0/0 farRaw=0/0 lost=0/0 not_have=0 final=122/100 flags=0/0
LineErr: aim=33 cxcy=84.0,119.6 left=1:-0.10@84,89 dx=0.1 idx=0/4 dist=32/219 right=1:11.13@74,92 dx=-10.0 idx=5/20 dist=33/258 sel=1:3.57@81,86 dx=-3.5 idx=0/16 dist=32/198 edge=1:11.09@73.0,86.5 dx=-11.0 width=57.1 l=45,92 r=101,81
CxScan: raw_ref=80.0 edge=73.0,86.5 best_raw_x=50 best_err=-0.49 best_cxcy=72.5,119.5 scan=0:-19.4,10:-15.8,20:-12.1,30:-8.3,40:-4.4,50:-0.5,60:3.4,70:7.3,80:11.1,90:14.8,100:18.4,110:21.8,120:25.0,130:28.1,140:31.1
ATGSeedDiag: seed=1@52,108/1@155,91 begin=7,108 block=5 clip=8
ATGLptDiag: best=2(17.9) imip=0/12 pass=10111 acc=-1 ipm=70.1,112.2 inv=49.1,93.2 | 30(25.3) imip=20/40 pass=10111 acc=-1 ipm=82.0,55.9 inv=72.3,31.5
frame=787 line=1 track=0 cross=0 circle=0(CIRCLE_NONE) round=0 yroad=0 ramp=0 road=7 speed=0 near=121/84 raw=170/170 sel=121/99 far=0/0 far_raw=0/0 l=0@-1/0@-1 far_l=0@-1/0@-1 straight=1/0 far_straight=0/0 circle_cnt=0/0/0/0 lost=0/0 conf=16.0/22.9/0.0/0.0 dist=0 m0=(84,119) ml=(81,88) md=33/1/220 cxcy=84.0,119.6 guide=2.49 atg=-60.0/-23.0/-6.0 pure=4.74/2.07 yaw=-64 cmd=-264 actual=1622 signed=0 rps=5361/4639:5501/6114 duty=12/11
CrossDiag: type=CROSS_NONE track=0 half_lr=0/0 nearL=0@-1/0@-1 nearNum=121/84 centerNum=121/84 farL=0@-1/0@-1 farNum=0/0 farRaw=0/0 lost=0/0 not_have=0 final=121/99 flags=0/0
LineErr: aim=33 cxcy=84.0,119.6 left=1:3.42@81,88 dx=-3.3 idx=0/5 dist=33/218 right=1:13.98@71,91 dx=-12.9 idx=6/21 dist=33/259 sel=1:5.25@79,86 dx=-5.2 idx=0/16 dist=32/196 edge=1:11.78@72.5,87.5 dx=-11.5 width=58.1 l=44,93 r=101,82
CxScan: raw_ref=80.0 edge=72.5,87.5 best_raw_x=50 best_err=0.02 best_cxcy=72.5,119.5 scan=0:-19.2,10:-15.6,20:-11.8,30:-7.9,40:-4.0,50:0.0,60:4.0,70:7.9,80:11.8,90:15.5,100:19.1,110:22.6,120:25.9,130:29.0,140:31.9
ATGSeedDiag: seed=1@50,108/1@155,92 begin=7,108 block=5 clip=8
ATGLptDiag: best=2(16.0) imip=0/12 pass=10111 acc=-1 ipm=69.1,112.3 inv=46.8,93.5 | 31(22.9) imip=21/41 pass=10111 acc=-1 ipm=80.6,55.0 inv=71.1,31.1
frame=788 line=1 track=0 cross=0 circle=0(CIRCLE_NONE) round=0 yroad=0 ramp=0 road=7 speed=0 near=121/83 raw=170/170 sel=121/98 far=0/0 far_raw=0/0 l=0@-1/0@-1 far_l=0@-1/0@-1 straight=1/0 far_straight=0/0 circle_cnt=0/0/0/0 lost=0/0 conf=15.1/21.9/0.0/0.0 dist=0 m0=(84,119) ml=(81,89) md=32/1/219 cxcy=84.0,119.6 guide=4.44 atg=-60.0/-25.0/-8.0 pure=4.95/2.20 yaw=-113 cmd=-313 actual=1476 signed=0 rps=5429/4571:5879/6597 duty=12/10
CrossDiag: type=CROSS_NONE track=0 half_lr=0/0 nearL=0@-1/0@-1 nearNum=121/83 centerNum=121/83 farL=0@-1/0@-1 farNum=0/0 farRaw=0/0 lost=0/0 not_have=0 final=121/98 flags=0/0
LineErr: aim=33 cxcy=84.0,119.6 left=1:3.57@81,89 dx=-3.3 idx=0/4 dist=32/216 right=1:14.76@71,92 dx=-13.3 idx=6/21 dist=32/251 sel=1:7.04@77,87 dx=-6.9 idx=0/16 dist=32/194 edge=1:13.26@71.0,87.5 dx=-13.0 width=59.0 l=42,93 r=100,82
CxScan: raw_ref=80.0 edge=71.0,87.5 best_raw_x=45 best_err=-0.42 best_cxcy=70.6,119.5 scan=0:-17.8,10:-14.1,20:-10.3,30:-6.4,40:-2.4,50:1.6,60:5.5,70:9.4,80:13.3,90:17.0,100:20.5,110:23.9,120:27.1,130:30.1,140:33.0
ATGSeedDiag: seed=1@48,108/1@155,93 begin=7,108 block=5 clip=8
ATGLptDiag: best=61(15.1) imip=51/71 pass=10100 acc=-1 ipm=39.5,-0.2 inv=49.5,16.3 | 31(21.9) imip=21/41 pass=10111 acc=-1 ipm=79.1,55.9 inv=69.8,31.5
frame=789 line=1 track=0 cross=0 circle=0(CIRCLE_NONE) round=0 yroad=0 ramp=0 road=7 speed=0 near=121/83 raw=170/170 sel=121/98 far=0/0 far_raw=0/0 l=0@-1/0@-1 far_l=0@-1/0@-1 straight=1/0 far_straight=0/0 circle_cnt=0/0/0/0 lost=0/0 conf=15.7/22.7/0.0/0.0 dist=0 m0=(84,119) ml=(79,89) md=32/1/218 cxcy=84.0,119.6 guide=6.19 atg=-60.0/-28.0/-10.0 pure=5.15/2.32 yaw=-372 cmd=-572 actual=1335 signed=0 rps=5783/4217:5720/6486 duty=13/9
CrossDiag: type=CROSS_NONE track=0 half_lr=0/0 nearL=0@-1/0@-1 nearNum=121/83 centerNum=121/83 farL=0@-1/0@-1 farNum=0/0 farRaw=0/0 lost=0/0 not_have=0 final=121/98 flags=0/0
LineErr: aim=33 cxcy=84.0,119.6 left=1:5.36@79,89 dx=-5.0 idx=0/4 dist=32/218 right=1:17.45@68,91 dx=-16.3 idx=7/22 dist=33/246 sel=1:8.69@75,87 dx=-8.6 idx=0/16 dist=32/194 edge=1:14.49@70.0,88.5 dx=-14.0 width=59.0 l=41,94 r=99,83
CxScan: raw_ref=80.0 edge=70.0,88.5 best_raw_x=45 best_err=0.63 best_cxcy=70.6,119.5 scan=0:-17.2,10:-13.4,20:-9.5,30:-5.5,40:-1.4,50:2.7,60:6.7,70:10.6,80:14.5,90:18.2,100:21.8,110:25.2,120:28.4,130:31.4,140:34.2
ATGSeedDiag: seed=1@46,108/1@155,94 begin=7,108 block=5 clip=8
ATGLptDiag: best=61(15.7) imip=51/71 pass=10100 acc=-1 ipm=37.2,0.1 inv=48.2,16.4 | 31(22.7) imip=21/41 pass=10111 acc=-1 ipm=77.6,56.9 inv=68.6,32.0
frame=790 line=1 track=0 cross=0 circle=0(CIRCLE_NONE) round=0 yroad=0 ramp=0 road=7 speed=0 near=121/83 raw=170/170 sel=121/99 far=0/0 far_raw=0/0 l=0@-1/0@-1 far_l=0@-1/0@-1 straight=1/0 far_straight=0/0 circle_cnt=0/0/0/0 lost=0/0 conf=19.1/22.4/0.0/0.0 dist=0 m0=(84,119) ml=(78,89) md=32/1/223 cxcy=84.0,119.6 guide=7.59 atg=-60.0/-31.0/-12.0 pure=5.34/2.42 yaw=-455 cmd=-655 actual=1192 signed=0 rps=5898/4102:5896/6646 duty=13/8
CrossDiag: type=CROSS_NONE track=0 half_lr=0/0 nearL=0@-1/0@-1 nearNum=121/83 centerNum=121/83 farL=0@-1/0@-1 farNum=0/0 farRaw=0/0 lost=0/0 not_have=0 final=121/99 flags=0/0
LineErr: aim=33 cxcy=84.0,119.6 left=1:7.07@77,89 dx=-6.7 idx=0/4 dist=32/220 right=1:20.22@64,90 dx=-19.6 idx=8/23 dist=34/246 sel=1:10.17@74,87 dx=-10.1 idx=0/16 dist=32/196 edge=1:21.07@61.0,83.0 dx=-23.0 width=49.2 l=39,94 r=83,72
CxScan: raw_ref=80.0 edge=61.0,83.0 best_raw_x=20 best_err=-0.01 best_cxcy=61.0,119.4 scan=0:-7.4,10:-3.7,20:-0.0,30:3.7,40:7.3,50:10.9,60:14.4,70:17.8,80:21.1,90:24.2,100:27.2,110:30.0,120:32.6,130:35.1,140:37.5
ATGSeedDiag: seed=1@44,108/1@155,95 begin=7,108 block=5 clip=8
ATGLptDiag: best=61(19.1) imip=51/71 pass=10100 acc=-1 ipm=35.5,0.7 inv=47.2,16.5 | 31(22.4) imip=21/41 pass=10111 acc=-1 ipm=76.3,57.7 inv=67.4,32.3
frame=791 line=1 track=0 cross=0 circle=0(CIRCLE_NONE) round=0 yroad=0 ramp=0 road=7 speed=0 near=120/82 raw=170/170 sel=120/98 far=0/0 far_raw=0/0 l=0@-1/0@-1 far_l=0@-1/0@-1 straight=1/0 far_straight=0/0 circle_cnt=0/0/0/0 lost=0/0 conf=28.8/21.4/0.0/0.0 dist=0 m0=(84,119) ml=(74,88) md=34/1/219 cxcy=84.0,119.6 guide=9.55 atg=-60.0/-33.0/-14.0 pure=5.51/2.47 yaw=-573 cmd=-773 actual=1059 signed=0 rps=6059/3941:5593/6361 duty=14/8
CrossDiag: type=CROSS_NONE track=0 half_lr=0/0 nearL=0@-1/0@-1 nearNum=120/82 centerNum=120/82 farL=0@-1/0@-1 farNum=0/0 farRaw=0/0 lost=0/0 not_have=0 final=120/98 flags=0/0
LineErr: aim=33 cxcy=84.0,119.6 left=1:8.80@76,89 dx=-8.3 idx=0/4 dist=33/220 right=1:19.36@66,92 dx=-17.7 idx=7/22 dist=34/247 sel=1:11.66@72,87 dx=-11.5 idx=0/16 dist=32/194 edge=1:20.87@62.0,85.0 dx=-22.0 width=51.3 l=38,94 r=86,76
CxScan: raw_ref=80.0 edge=62.0,85.0 best_raw_x=25 best_err=0.91 best_cxcy=62.9,119.4 scan=0:-8.6,10:-4.8,20:-1.0,30:2.8,40:6.6,50:10.3,60:14.0,70:17.5,80:20.9,90:24.1,100:27.2,110:30.1,120:32.8,130:35.4,140:37.8
ATGSeedDiag: seed=1@42,108/1@155,95 begin=7,108 block=5 clip=8
ATGLptDiag: best=61(28.8) imip=51/71 pass=10100 acc=-1 ipm=33.9,0.3 inv=46.5,16.4 | 30(21.4) imip=20/40 pass=10111 acc=-1 ipm=76.1,60.5 inv=67.2,33.7
frame=792 line=1 track=0 cross=0 circle=0(CIRCLE_NONE) round=0 yroad=0 ramp=0 road=7 speed=0 near=119/82 raw=170/170 sel=119/96 far=0/0 far_raw=0/0 l=0@-1/0@-1 far_l=0@-1/0@-1 straight=1/0 far_straight=0/0 circle_cnt=0/0/0/0 lost=0/0 conf=12.0/20.7/0.0/0.0 dist=0 m0=(84,119) ml=(73,88) md=34/1/213 cxcy=84.0,119.6 guide=10.58 atg=-60.0/-33.0/-11.0 pure=5.61/2.49 yaw=-635 cmd=-835 actual=934 signed=0 rps=6144/3856:5650/6492 duty=14/7
CrossDiag: type=CROSS_NONE track=0 half_lr=0/0 nearL=0@-1/0@-1 nearNum=119/82 centerNum=119/82 farL=0@-1/0@-1 farNum=0/0 farRaw=0/0 lost=0/0 not_have=0 final=119/96 flags=0/0
LineErr: aim=33 cxcy=84.0,119.6 left=1:10.39@74,89 dx=-9.8 idx=0/4 dist=33/215 right=1:20.41@66,93 dx=-18.4 idx=8/22 dist=32/241 sel=1:13.05@71,87 dx=-12.9 idx=0/16 dist=32/190 edge=1:22.66@59.5,84.0 dx=-24.5 width=50.1 l=37,95 r=82,73
CxScan: raw_ref=80.0 edge=59.5,84.0 best_raw_x=15 best_err=-0.42 best_cxcy=59.1,119.4 scan=0:-6.1,10:-2.3,20:1.5,30:5.2,40:8.9,50:12.5,60:16.0,70:19.4,80:22.7,90:25.8,100:28.7,110:31.5,120:34.1,130:36.6,140:38.9
ATGSeedDiag: seed=1@40,108/1@155,96 begin=7,108 block=5 clip=8
ATGLptDiag: best=59(12.0) imip=49/69 pass=10100 acc=-1 ipm=32.5,4.7 inv=44.9,17.2 | 32(20.7) imip=22/42 pass=10111 acc=-1 ipm=74.6,56.7 inv=66.1,31.9
frame=793 line=1 track=0 cross=0 circle=0(CIRCLE_NONE) round=0 yroad=0 ramp=0 road=7 speed=0 near=119/81 raw=170/170 sel=119/97 far=0/0 far_raw=0/0 l=0@-1/0@-1 far_l=0@-1/0@-1 straight=1/0 far_straight=0/0 circle_cnt=0/0/0/0 lost=0/0 conf=15.1/22.0/0.0/0.0 dist=0 m0=(84,119) ml=(72,89) md=33/1/216 cxcy=84.0,119.6 guide=12.58 atg=-60.0/-33.0/-11.0 pure=5.75/2.49 yaw=-755 cmd=-955 actual=822 signed=0 rps=6309/3691:5416/6108 duty=15/7
CrossDiag: type=CROSS_NONE track=0 half_lr=0/0 nearL=0@-1/0@-1 nearNum=119/81 centerNum=119/81 farL=0@-1/0@-1 farNum=0/0 farRaw=0/0 lost=0/0 not_have=0 final=119/97 flags=0/0
LineErr: aim=33 cxcy=84.0,119.6 left=1:11.80@73,89 dx=-11.2 idx=0/4 dist=33/220 right=1:21.28@65,95 dx=-18.8 idx=8/22 dist=32/240 sel=1:14.41@70,88 dx=-14.2 idx=0/16 dist=32/192 edge=1:24.12@57.5,83.5 dx=-26.5 width=48.8 l=36,95 r=79,72
CxScan: raw_ref=80.0 edge=57.5,83.5 best_raw_x=10 best_err=-0.35 best_cxcy=57.1,119.4 scan=0:-4.1,10:-0.3,20:3.4,30:7.1,40:10.7,50:14.2,60:17.7,70:21.0,80:24.1,90:27.1,100:30.0,110:32.6,120:35.2,130:37.6,140:39.8
ATGSeedDiag: seed=1@37,108/1@155,97 begin=7,108 block=5 clip=8
ATGLptDiag: best=74(15.1) imip=64/84 pass=10100 acc=-1 ipm=62.1,-12.2 inv=62.2,14.3 | 32(22.0) imip=22/42 pass=10111 acc=-1 ipm=73.6,57.7 inv=65.2,32.4
frame=794 line=1 track=0 cross=0 circle=0(CIRCLE_NONE) round=0 yroad=0 ramp=0 road=7 speed=0 near=118/81 raw=170/170 sel=118/97 far=0/0 far_raw=0/0 l=0@-1/0@-1 far_l=0@-1/0@-1 straight=1/0 far_straight=0/0 circle_cnt=0/0/0/0 lost=0/0 conf=16.0/24.3/0.0/0.0 dist=0 m0=(84,119) ml=(71,89) md=33/1/215 cxcy=84.0,119.6 guide=14.56 atg=-60.0/-36.0/-13.0 pure=5.85/2.58 yaw=-874 cmd=-1074 actual=736 signed=0 rps=6471/3529:5622/6045 duty=16/7
CrossDiag: type=CROSS_NONE track=0 half_lr=0/0 nearL=0@-1/0@-1 nearNum=118/81 centerNum=118/81 farL=0@-1/0@-1 farNum=0/0 farRaw=0/0 lost=0/0 not_have=0 final=118/97 flags=0/0
LineErr: aim=33 cxcy=84.0,119.6 left=1:11.76@73,91 dx=-10.8 idx=0/3 dist=32/221 right=1:22.22@65,95 dx=-19.4 idx=8/22 dist=31/242 sel=1:15.53@69,88 dx=-15.3 idx=0/16 dist=32/192 edge=1:25.10@56.5,84.0 dx=-27.5 width=50.1 l=34,95 r=79,73
CxScan: raw_ref=80.0 edge=56.5,84.0 best_raw_x=10 best_err=0.63 best_cxcy=57.1,119.4 scan=0:-3.1,10:0.6,20:4.4,30:8.1,40:11.7,50:15.3,60:18.7,70:22.0,80:25.1,90:28.1,100:30.9,110:33.5,120:36.0,130:38.4,140:40.6
ATGSeedDiag: seed=1@35,108/1@155,98 begin=7,108 block=5 clip=8
ATGLptDiag: best=59(16.0) imip=49/69 pass=10100 acc=-1 ipm=31.2,4.7 inv=44.2,17.2 | 31(24.3) imip=21/41 pass=10111 acc=-1 ipm=72.8,60.8 inv=64.2,33.8
frame=795 line=1 track=1 cross=0 circle=0(CIRCLE_NONE) round=0 yroad=0 ramp=0 road=7 speed=0 near=17/80 raw=48/170 sel=80/105 far=0/0 far_raw=0/0 l=0@-1/0@-1 far_l=0@-1/0@-1 straight=0/0 far_straight=0/0 circle_cnt=0/0/0/0 lost=0/0 conf=10.8/23.5/0.0/0.0 dist=0 m0=(84,119) ml=(66,97) md=33/1/224 cxcy=84.0,119.6 guide=21.09 atg=-60.0/-22.0/-6.0 pure=6.01/2.09 yaw=-1266 cmd=-1466 actual=650 signed=0 rps=7009/2991:5909/6013 duty=17/4
CrossDiag: type=CROSS_NONE track=1 half_lr=0/0 nearL=0@-1/0@-1 nearNum=17/80 centerNum=17/80 farL=0@-1/0@-1 farNum=0/0 farRaw=0/0 lost=0/0 not_have=0 final=80/105 flags=0/0
LineErr: aim=33 cxcy=84.0,119.6 left=1:26.87@49,74 dx=-34.7 idx=0/16 dist=32/32 right=1:21.07@67,98 dx=-17.3 idx=8/21 dist=34/245 sel=1:23.14@64,96 dx=-20.2 idx=0/16 dist=32/208 edge=1:26.09@55.5,84.5 dx=-28.5 width=49.7 l=33,95 r=78,74
CxScan: raw_ref=80.0 edge=55.5,84.5 best_raw_x=5 best_err=-0.28 best_cxcy=55.2,119.3 scan=0:-2.2,10:1.6,20:5.4,30:9.1,40:12.8,50:16.3,60:19.7,70:23.0,80:26.1,90:29.0,100:31.8,110:34.4,120:36.9,130:39.2,140:41.4
ATGSeedDiag: seed=1@32,108/1@155,99 begin=7,108 block=5 clip=8
ATGLptDiag: best=13(10.8) imip=3/16 pass=10111 acc=-1 ipm=38.2,99.7 inv=4.1,67.8 | 1(23.5) imip=0/11 pass=10111 acc=-1 ipm=117.8,111.8 inv=147.9,90.9
frame=796 line=1 track=1 cross=0 circle=0(CIRCLE_NONE) round=0 yroad=0 ramp=0 road=7 speed=0 near=13/80 raw=39/170 sel=80/104 far=0/0 far_raw=0/0 l=0@-1/0@-1 far_l=0@-1/0@-1 straight=0/0 far_straight=0/0 circle_cnt=0/0/0/0 lost=0/0 conf=6.3/24.5/0.0/0.0 dist=0 m0=(84,119) ml=(63,96) md=34/1/222 cxcy=84.0,119.6 guide=23.93 atg=-60.0/-20.0/-5.0 pure=5.98/2.00 yaw=-1436 cmd=-1636 actual=545 signed=0 rps=7242/2758:5898/5733 duty=18/4
CrossDiag: type=CROSS_NONE track=1 half_lr=0/0 nearL=0@-1/0@-1 nearNum=13/80 centerNum=13/80 farL=0@-1/0@-1 farNum=0/0 farRaw=0/0 lost=0/0 not_have=0 final=80/104 flags=0/0
LineErr: aim=33 cxcy=84.0,119.6 left=1:26.10@53,79 dx=-31.1 idx=0/12 dist=24/24 right=1:22.07@66,98 dx=-18.0 idx=9/21 dist=32/244 sel=1:25.18@62,95 dx=-22.5 idx=0/16 dist=32/206 edge=1:25.22@58.0,87.5 dx=-26.0 width=46.6 l=39,101 r=77,74
CxScan: raw_ref=80.0 edge=58.0,87.5 best_raw_x=10 best_err=-0.89 best_cxcy=57.1,119.4 scan=0:-4.9,10:-0.9,20:3.1,30:7.1,40:11.0,50:14.7,60:18.4,70:21.9,80:25.2,90:28.4,100:31.3,110:34.1,120:36.7,130:39.2,140:41.5
ATGSeedDiag: seed=1@29,108/1@155,100 begin=7,108 block=5 clip=8
ATGLptDiag: best=8(6.3) imip=0/12 pass=10111 acc=-1 ipm=46.1,106.7 inv=7.5,80.5 | 31(24.5) imip=21/41 pass=10111 acc=-1 ipm=71.7,61.7 inv=63.1,34.3
frame=797 line=1 track=1 cross=0 circle=0(CIRCLE_NONE) round=0 yroad=0 ramp=0 road=7 speed=0 near=10/78 raw=32/170 sel=78/101 far=0/0 far_raw=0/0 l=0@-1/0@-1 far_l=0@-1/0@-1 straight=0/0 far_straight=0/0 circle_cnt=0/0/0/0 lost=0/0 conf=4.4/22.2/0.0/0.0 dist=0 m0=(84,119) ml=(62,97) md=33/1/216 cxcy=84.0,119.6 guide=25.45 atg=-60.0/-20.0/-4.0 pure=5.99/1.99 yaw=-1527 cmd=-1727 actual=422 signed=0 rps=7367/2633:6321/6071 duty=18/3
CrossDiag: type=CROSS_NONE track=1 half_lr=0/0 nearL=0@-1/0@-1 nearNum=10/78 centerNum=10/78 farL=0@-1/0@-1 farNum=0/0 farRaw=0/0 lost=0/0 not_have=0 final=78/101 flags=0/0
LineErr: aim=33 cxcy=84.0,119.6 left=1:24.91@56,83 dx=-27.7 idx=0/9 dist=18/18 right=1:23.40@65,99 dx=-19.0 idx=9/21 dist=32/235 sel=1:26.34@60,95 dx=-23.6 idx=0/16 dist=32/200 edge=1:24.48@60.0,90.0 dx=-24.0 width=45.3 l=43,105 r=77,75
CxScan: raw_ref=80.0 edge=60.0,90.0 best_raw_x=15 best_err=-1.02 best_cxcy=59.1,119.4 scan=0:-7.3,10:-3.1,20:1.1,30:5.2,40:9.4,50:13.4,60:17.2,70:21.0,80:24.5,90:27.8,100:31.0,110:33.9,120:36.7,130:39.2,140:41.6
ATGSeedDiag: seed=1@26,108/1@155,101 begin=7,108 block=5 clip=8
ATGLptDiag: best=8(4.4) imip=0/9 pass=10111 acc=-1 ipm=44.8,106.7 inv=5.1,80.5 | 31(22.2) imip=21/41 pass=10111 acc=-1 ipm=71.6,62.2 inv=63.0,34.5
frame=798 line=1 track=1 cross=0 circle=0(CIRCLE_NONE) round=0 yroad=0 ramp=0 road=7 speed=0 near=9/78 raw=29/170 sel=78/101 far=0/0 far_raw=0/0 l=0@-1/0@-1 far_l=0@-1/0@-1 straight=0/0 far_straight=0/0 circle_cnt=0/0/0/0 lost=0/0 conf=5.2/25.0/0.0/0.0 dist=0 m0=(84,119) ml=(61,97) md=33/1/216 cxcy=84.0,119.6 guide=26.46 atg=-60.0/-20.0/-4.0 pure=6.09/1.99 yaw=-1587 cmd=-1787 actual=291 signed=0 rps=7450/2550:6701/6484 duty=18/2
CrossDiag: type=CROSS_NONE track=1 half_lr=0/0 nearL=0@-1/0@-1 nearNum=9/78 centerNum=9/78 farL=0@-1/0@-1 farNum=0/0 farRaw=0/0 lost=0/0 not_have=0 final=78/101 flags=0/0
LineErr: aim=33 cxcy=84.0,119.6 left=1:24.87@57,84 dx=-27.1 idx=0/8 dist=16/16 right=1:25.98@62,98 dx=-22.0 idx=9/22 dist=33/236 sel=1:27.42@59,95 dx=-24.5 idx=0/16 dist=32/200 edge=1:25.14@59.5,90.5 dx=-24.5 width=45.3 l=44,107 r=75,74
CxScan: raw_ref=80.0 edge=59.5,90.5 best_raw_x=15 best_err=-0.48 best_cxcy=59.1,119.4 scan=0:-6.8,10:-2.6,20:1.6,30:5.8,40:10.0,50:14.0,60:17.9,70:21.6,80:25.1,90:28.5,100:31.6,110:34.5,120:37.3,130:39.8,140:42.2
ATGSeedDiag: seed=1@23,108/1@155,102 begin=7,108 block=5 clip=8
ATGLptDiag: best=6(5.2) imip=0/8 pass=10111 acc=-1 ipm=47.4,109.4 inv=6.0,86.3 | 31(25.0) imip=21/41 pass=10111 acc=-1 ipm=70.7,62.9 inv=62.1,34.9
frame=799 line=1 track=1 cross=0 circle=0(CIRCLE_NONE) round=0 yroad=0 ramp=0 road=7 speed=0 near=7/77 raw=24/170 sel=77/100 far=0/0 far_raw=0/0 l=0@-1/0@-1 far_l=0@-1/0@-1 straight=0/0 far_straight=0/0 circle_cnt=0/0/0/0 lost=0/0 conf=4.1/22.6/0.0/0.0 dist=0 m0=(84,119) ml=(60,97) md=34/1/217 cxcy=84.0,119.6 guide=26.85 atg=-60.0/-19.0/-4.0 pure=6.10/1.97 yaw=-1611 cmd=-1811 actual=166 signed=0 rps=7482/2518:6483/6199 duty=18/2
CrossDiag: type=CROSS_NONE track=1 half_lr=0/0 nearL=0@-1/0@-1 nearNum=7/77 centerNum=7/77 farL=0@-1/0@-1 farNum=0/0 farRaw=0/0 lost=0/0 not_have=0 final=77/100 flags=0/0
LineErr: aim=33 cxcy=84.0,119.6 left=1:23.97@59,87 dx=-24.9 idx=0/6 dist=12/12 right=1:27.16@61,98 dx=-23.0 idx=9/22 dist=33/234 sel=1:28.37@59,96 dx=-25.4 idx=0/16 dist=32/198 edge=1:24.62@61.0,92.5 dx=-23.0 width=44.6 l=46,109 r=76,76
CxScan: raw_ref=80.0 edge=61.0,92.5 best_raw_x=20 best_err=-0.01 best_cxcy=61.0,119.4 scan=0:-8.8,10:-4.4,20:-0.0,30:4.4,40:8.7,50:12.9,60:17.0,70:20.9,80:24.6,90:28.1,100:31.4,110:34.4,120:37.3,130:39.9,140:42.4
ATGSeedDiag: seed=1@19,108/1@155,103 begin=7,108 block=5 clip=8
ATGLptDiag: best=1(4.1) imip=0/6 pass=10111 acc=-1 ipm=56.0,114.9 inv=15.2,101.5 | 31(22.6) imip=21/41 pass=10111 acc=-1 ipm=70.6,63.0 inv=62.1,35.0
frame=800 line=1 track=1 cross=0 circle=0(CIRCLE_NONE) round=0 yroad=0 ramp=0 road=7 speed=0 near=6/77 raw=19/170 sel=77/100 far=0/0 far_raw=0/0 l=0@-1/0@-1 far_l=0@-1/0@-1 straight=0/0 far_straight=0/0 circle_cnt=0/0/0/0 lost=0/0 conf=3.9/23.4/0.0/0.0 dist=0 m0=(84,119) ml=(60,97) md=33/1/216 cxcy=84.0,119.6 guide=28.24 atg=-60.0/-19.0/-3.0 pure=6.05/1.92 yaw=-1695 cmd=-1895 actual=43 signed=0 rps=7597/2403:6721/6380 duty=18/2
CrossDiag: type=CROSS_NONE track=1 half_lr=0/0 nearL=0@-1/0@-1 nearNum=6/77 centerNum=6/77 farL=0@-1/0@-1 farNum=0/0 farRaw=0/0 lost=0/0 not_have=0 final=77/100 flags=0/0
LineErr: aim=33 cxcy=84.0,119.6 left=1:24.01@59,88 dx=-24.5 idx=0/5 dist=10/10 right=1:27.93@60,98 dx=-23.7 idx=9/22 dist=34/233 sel=1:29.01@58,96 dx=-26.1 idx=0/16 dist=32/198 edge=1:24.87@60.5,92.0 dx=-23.5 width=45.0 l=47,110 r=74,74
CxScan: raw_ref=80.0 edge=60.5,92.0 best_raw_x=20 best_err=0.55 best_cxcy=61.0,119.4 scan=0:-8.1,10:-3.8,20:0.6,30:4.9,40:9.2,50:13.3,60:17.4,70:21.2,80:24.9,90:28.3,100:31.5,110:34.6,120:37.4,130:40.0,140:42.4
ATGSeedDiag: seed=1@16,108/1@155,104 begin=7,108 block=5 clip=8
ATGLptDiag: best=1(3.9) imip=0/5 pass=10111 acc=-1 ipm=54.8,115.1 inv=12.2,102.0 | 30(23.4) imip=20/40 pass=10111 acc=-1 ipm=70.9,65.5 inv=62.0,36.2
frame=801 line=1 track=1 cross=0 circle=0(CIRCLE_NONE) round=0 yroad=0 ramp=0 road=7 speed=0 near=4/76 raw=15/170 sel=76/99 far=0/0 far_raw=0/0 l=0@-1/0@-1 far_l=0@-1/0@-1 straight=0/1 far_straight=0/0 circle_cnt=0/0/0/0 lost=0/0 conf=2.8/19.4/0.0/0.0 dist=0 m0=(84,119) ml=(59,97) md=33/1/214 cxcy=84.0,119.6 guide=28.83 atg=-60.0/-18.0/-3.0 pure=6.05/1.90 yaw=-1730 cmd=-1930 actual=-78 signed=0 rps=7645/2355:6304/6093 duty=19/2
CrossDiag: type=CROSS_NONE track=1 half_lr=0/0 nearL=0@-1/0@-1 nearNum=4/76 centerNum=4/76 farL=0@-1/0@-1 farNum=0/0 farRaw=0/0 lost=0/0 not_have=0 final=76/99 flags=0/0
LineErr: aim=33 cxcy=84.0,119.6 left=1:22.68@62,90 dx=-22.1 idx=0/3 dist=6/6 right=1:28.41@60,98 dx=-24.1 idx=9/22 dist=33/228 sel=1:29.49@57,96 dx=-26.6 idx=0/16 dist=32/196 edge=1:24.09@62.0,93.5 dx=-22.0 width=45.8 l=50,113 r=74,74
CxScan: raw_ref=80.0 edge=62.0,93.5 best_raw_x=25 best_err=1.06 best_cxcy=62.9,119.4 scan=0:-10.1,10:-5.7,20:-1.2,30:3.3,40:7.7,50:12.1,60:16.3,70:20.3,80:24.1,90:27.7,100:31.0,110:34.2,120:37.1,130:39.8,140:42.3
ATGSeedDiag: seed=1@14,108/1@155,104 begin=7,108 block=5 clip=8
ATGLptDiag: best=1(2.8) imip=0/3 pass=10111 acc=-1 ipm=53.6,115.1 inv=9.4,102.0 | 32(19.4) imip=22/42 pass=10111 acc=-1 ipm=70.6,61.1 inv=62.3,34.0
frame=802 line=1 track=1 cross=0 circle=0(CIRCLE_NONE) round=0 yroad=0 ramp=0 road=7 speed=0 near=3/75 raw=12/170 sel=75/97 far=0/0 far_raw=0/0 l=0@-1/0@-1 far_l=0@-1/0@-1 straight=0/0 far_straight=0/0 circle_cnt=0/0/0/0 lost=0/0 conf=4.7/25.3/0.0/0.0 dist=0 m0=(84,119) ml=(58,97) md=34/1/213 cxcy=84.0,119.6 guide=29.51 atg=-60.0/-16.0/-2.0 pure=6.04/1.80 yaw=-1771 cmd=-1971 actual=-183 signed=0 rps=7701/2299:6341/6266 duty=19/1
CrossDiag: type=CROSS_NONE track=1 half_lr=0/0 nearL=0@-1/0@-1 nearNum=3/75 centerNum=3/75 farL=0@-1/0@-1 farNum=0/0 farRaw=0/0 lost=0/0 not_have=0 final=75/97 flags=0/0
LineErr: aim=33 cxcy=84.0,119.6 left=1:22.26@63,91 dx=-21.2 idx=0/2 dist=4/4 right=1:29.07@59,98 dx=-24.7 idx=9/22 dist=34/226 sel=1:30.13@57,96 dx=-27.2 idx=0/16 dist=32/192 edge=1:25.02@61.5,94.5 dx=-22.5 width=45.3 l=50,114 r=73,75
CxScan: raw_ref=80.0 edge=61.5,94.5 best_raw_x=20 best_err=-0.61 best_cxcy=61.0,119.4 scan=0:-9.7,10:-5.2,20:-0.6,30:4.0,40:8.5,50:12.9,60:17.1,70:21.2,80:25.0,90:28.6,100:32.0,110:35.1,120:38.0,130:40.7,140:43.2
ATGSeedDiag: seed=1@11,108/1@155,105 begin=7,108 block=5 clip=8
ATGLptDiag: best=1(4.7) imip=0/2 pass=10111 acc=-1 ipm=52.3,115.1 inv=6.4,102.0 | 30(25.3) imip=20/40 pass=10111 acc=-1 ipm=70.9,66.0 inv=62.0,36.5
frame=803 line=1 track=1 cross=0 circle=0(CIRCLE_NONE) round=0 yroad=0 ramp=0 road=7 speed=0 near=2/74 raw=8/170 sel=74/96 far=0/0 far_raw=0/0 l=0@-1/0@-1 far_l=0@-1/0@-1 straight=0/0 far_straight=0/0 circle_cnt=0/0/0/0 lost=0/0 conf=0.0/22.8/0.0/0.0 dist=0 m0=(84,119) ml=(58,98) md=33/1/210 cxcy=84.0,119.6 guide=29.86 atg=-60.0/-15.0/-1.0 pure=6.03/1.75 yaw=-1792 cmd=-1992 actual=-285 signed=0 rps=7730/2270:6073/5859 duty=19/2
CrossDiag: type=CROSS_NONE track=1 half_lr=0/0 nearL=0@-1/0@-1 nearNum=2/74 centerNum=2/74 farL=0@-1/0@-1 farNum=0/0 farRaw=0/0 lost=0/0 not_have=0 final=74/96 flags=0/0
LineErr: aim=33 cxcy=84.0,119.6 left=1:21.63@64,92 dx=-20.0 idx=0/1 dist=2/2 right=1:30.16@58,98 dx=-25.8 idx=9/22 dist=33/224 sel=1:30.72@56,96 dx=-27.7 idx=0/16 dist=32/190 edge=1:24.76@62.0,95.0 dx=-22.0 width=45.7 l=51,115 r=73,75
CxScan: raw_ref=80.0 edge=62.0,95.0 best_raw_x=25 best_err=1.10 best_cxcy=62.9,119.4 scan=0:-10.4,10:-5.8,20:-1.2,30:3.4,40:8.0,50:12.4,60:16.7,70:20.9,80:24.8,90:28.4,100:31.8,110:35.0,120:38.0,130:40.7,140:43.2
ATGSeedDiag: seed=1@8,108/1@155,105 begin=7,108 block=5 clip=8
ATGLptDiag: best=-1(-57295.8) imip=-1/-1 pass=00000 acc=-1 ipm=-1.0,-1.0 inv=-1.0,-1.0 | 30(22.8) imip=20/40 pass=10111 acc=-1 ipm=71.0,65.9 inv=62.1,36.5
frame=804 line=1 track=1 cross=0 circle=0(CIRCLE_NONE) round=0 yroad=0 ramp=0 road=7 speed=0 near=1/74 raw=4/170 sel=74/96 far=0/0 far_raw=0/0 l=0@-1/0@-1 far_l=0@-1/0@-1 straight=0/0 far_straight=0/0 circle_cnt=0/0/0/0 lost=0/0 conf=0.0/25.4/0.0/0.0 dist=0 m0=(84,119) ml=(57,98) md=33/1/207 cxcy=84.0,119.6 guide=30.93 atg=-60.0/-13.0/-1.0 pure=6.01/1.66 yaw=-1856 cmd=-2056 actual=-399 signed=0 rps=7817/2183:6485/5829 duty=19/1
CrossDiag: type=CROSS_NONE track=1 half_lr=0/0 nearL=0@-1/0@-1 nearNum=1/74 centerNum=1/74 farL=0@-1/0@-1 farNum=0/0 farRaw=0/0 lost=0/0 not_have=0 final=74/96 flags=0/0
LineErr: aim=33 cxcy=84.0,119.6 left=0:0.00@-1,-1 dx=0.0 idx=-1/-1 dist=-1/-1 right=1:29.48@60,101 dx=-23.7 idx=9/21 dist=31/221 sel=1:31.25@56,96 dx=-28.3 idx=0/16 dist=32/190 edge=0:0.00@-1.0,-1.0 dx=0.0 width=0.0 l=-1,-1 r=73,75
ATGSeedDiag: seed=1@6,108/1@155,106 begin=7,108 block=5 clip=8
ATGLptDiag: best=-1(-57295.8) imip=-1/-1 pass=00000 acc=-1 ipm=-1.0,-1.0 inv=-1.0,-1.0 | 30(25.4) imip=20/40 pass=10111 acc=-1 ipm=71.1,66.2 inv=62.1,36.6
frame=805 line=1 track=1 cross=0 circle=0(CIRCLE_NONE) round=0 yroad=0 ramp=0 road=7 speed=0 near=0/73 raw=0/170 sel=73/96 far=0/0 far_raw=0/0 l=0@-1/0@-1 far_l=0@-1/0@-1 straight=0/0 far_straight=0/0 circle_cnt=0/0/0/0 lost=0/0 conf=0.0/24.9/0.0/0.0 dist=0 m0=(84,119) ml=(57,98) md=33/1/209 cxcy=84.0,119.6 guide=31.06 atg=-60.0/-12.0/-1.0 pure=5.98/1.61 yaw=-1864 cmd=-2064 actual=-496 signed=0 rps=7828/2172:6920/5859 duty=19/1
CrossDiag: type=CROSS_NONE track=1 half_lr=0/0 nearL=0@-1/0@-1 nearNum=0/73 centerNum=0/73 farL=0@-1/0@-1 farNum=0/0 farRaw=0/0 lost=0/0 not_have=0 final=73/96 flags=0/0
LineErr: aim=33 cxcy=84.0,119.6 left=0:0.00@-1,-1 dx=0.0 idx=-1/-1 dist=-1/-1 right=1:30.17@60,101 dx=-24.3 idx=9/21 dist=31/222 sel=1:31.50@55,96 dx=-28.5 idx=0/16 dist=32/190 edge=0:0.00@-1.0,-1.0 dx=0.0 width=0.0 l=-1,-1 r=73,75
ATGSeedDiag: seed=0@-1,-1/1@155,107 begin=7,108 block=5 clip=8
ATGLptDiag: best=-1(-57295.8) imip=-1/-1 pass=00000 acc=-1 ipm=-1.0,-1.0 inv=-1.0,-1.0 | 30(24.9) imip=20/40 pass=10111 acc=-1 ipm=71.2,66.1 inv=62.3,36.6
frame=806 line=1 track=1 cross=0 circle=0(CIRCLE_NONE) round=0 yroad=0 ramp=0 road=7 speed=0 near=1/72 raw=170/170 sel=72/95 far=0/0 far_raw=0/0 l=0@-1/0@-1 far_l=0@-1/0@-1 straight=0/0 far_straight=0/0 circle_cnt=0/0/0/0 lost=0/0 conf=0.0/25.3/0.0/0.0 dist=0 m0=(84,119) ml=(57,98) md=33/1/207 cxcy=84.0,119.6 guide=31.25 atg=-60.0/-11.0/0.0 pure=5.96/1.53 yaw=-1875 cmd=-2075 actual=-608 signed=0 rps=7844/2156:6851/5602 duty=19/2
CrossDiag: type=CROSS_NONE track=1 half_lr=0/0 nearL=0@-1/0@-1 nearNum=1/72 centerNum=1/72 farL=0@-1/0@-1 farNum=0/0 farRaw=0/0 lost=0/0 not_have=0 final=72/95 flags=0/0
LineErr: aim=33 cxcy=84.0,119.6 left=0:0.00@-1,-1 dx=0.0 idx=-1/-1 dist=-1/-1 right=1:30.68@59,101 dx=-25.0 idx=9/21 dist=31/222 sel=1:31.52@55,96 dx=-28.6 idx=0/16 dist=32/188 edge=0:0.00@-1.0,-1.0 dx=0.0 width=0.0 l=-1,-1 r=72,73
ATGSeedDiag: seed=1@49,89/1@155,108 begin=7,108 block=5 clip=8
ATGLptDiag: best=-1(-57295.8) imip=-1/-1 pass=00000 acc=-1 ipm=-1.0,-1.0 inv=-1.0,-1.0 | 29(25.3) imip=19/39 pass=10111 acc=-1 ipm=71.4,68.4 inv=62.2,37.9
frame=807 line=1 track=1 cross=0 circle=0(CIRCLE_NONE) round=0 yroad=0 ramp=0 road=7 speed=0 near=0/72 raw=0/170 sel=72/95 far=0/0 far_raw=0/0 l=0@-1/0@-1 far_l=0@-1/0@-1 straight=0/0 far_straight=0/0 circle_cnt=0/0/0/0 lost=0/0 conf=0.0/23.9/0.0/0.0 dist=0 m0=(84,119) ml=(58,100) md=32/1/208 cxcy=84.0,119.6 guide=31.21 atg=-60.0/-9.0/0.0 pure=5.88/1.43 yaw=-1873 cmd=-2073 actual=-715 signed=0 rps=7841/2159:7225/5914 duty=18/1
CrossDiag: type=CROSS_NONE track=1 half_lr=0/0 nearL=0@-1/0@-1 nearNum=0/72 centerNum=0/72 farL=0@-1/0@-1 farNum=0/0 farRaw=0/0 lost=0/0 not_have=0 final=72/95 flags=0/0
LineErr: aim=33 cxcy=84.0,119.6 left=0:0.00@-1,-1 dx=0.0 idx=-1/-1 dist=-1/-1 right=1:31.41@58,99 dx=-26.5 idx=9/21 dist=34/218 sel=1:31.99@55,97 dx=-28.9 idx=0/16 dist=32/188 edge=0:0.00@-1.0,-1.0 dx=0.0 width=0.0 l=-1,-1 r=73,75
ATGSeedDiag: seed=0@-1,-1/1@153,108 begin=7,108 block=5 clip=8
ATGLptDiag: best=-1(-57295.8) imip=-1/-1 pass=00000 acc=-1 ipm=-1.0,-1.0 inv=-1.0,-1.0 | 29(23.9) imip=19/39 pass=10111 acc=-1 ipm=72.3,67.6 inv=63.2,37.4
frame=808 line=1 track=1 cross=0 circle=0(CIRCLE_NONE) round=0 yroad=0 ramp=0 road=7 speed=0 near=0/71 raw=0/170 sel=71/94 far=0/0 far_raw=0/0 l=0@-1/0@-1 far_l=0@-1/0@-1 straight=0/0 far_straight=0/0 circle_cnt=0/0/0/0 lost=0/0 conf=0.0/28.6/0.0/0.0 dist=0 m0=(84,119) ml=(57,99) md=33/1/204 cxcy=84.0,119.6 guide=31.57 atg=-60.0/-8.0/0.0 pure=5.86/1.32 yaw=-1894 cmd=-2094 actual=-818 signed=0 rps=7870/2130:7003/5846 duty=19/1
CrossDiag: type=CROSS_NONE track=1 half_lr=0/0 nearL=0@-1/0@-1 nearNum=0/71 centerNum=0/71 farL=0@-1/0@-1 farNum=0/0 farRaw=0/0 lost=0/0 not_have=0 final=71/94 flags=0/0
LineErr: aim=33 cxcy=84.0,119.6 left=0:0.00@-1,-1 dx=0.0 idx=-1/-1 dist=-1/-1 right=1:31.08@59,102 dx=-24.7 idx=9/20 dist=31/218 sel=1:32.04@55,97 dx=-28.8 idx=0/16 dist=32/186 edge=0:0.00@-1.0,-1.0 dx=0.0 width=0.0 l=-1,-1 r=73,72
ATGSeedDiag: seed=0@-1,-1/1@153,108 begin=7,108 block=5 clip=8
ATGLptDiag: best=-1(-57295.8) imip=-1/-1 pass=00000 acc=-1 ipm=-1.0,-1.0 inv=-1.0,-1.0 | 28(28.6) imip=18/38 pass=10111 acc=-1 ipm=72.6,69.8 inv=63.3,38.7
frame=809 line=1 track=1 cross=0 circle=0(CIRCLE_NONE) round=0 yroad=0 ramp=0 road=7 speed=0 near=0/70 raw=0/170 sel=70/93 far=0/0 far_raw=0/0 l=0@-1/0@-1 far_l=0@-1/0@-1 straight=0/0 far_straight=0/0 circle_cnt=0/0/0/0 lost=0/0 conf=0.0/26.6/0.0/0.0 dist=0 m0=(84,119) ml=(57,99) md=33/1/203 cxcy=84.0,119.6 guide=31.77 atg=-60.0/-6.0/0.0 pure=5.78/1.18 yaw=-1906 cmd=-2106 actual=-915 signed=0 rps=7886/2114:7301/6188 duty=18/1
CrossDiag: type=CROSS_NONE track=1 half_lr=0/0 nearL=0@-1/0@-1 nearNum=0/70 centerNum=0/70 farL=0@-1/0@-1 farNum=0/0 farRaw=0/0 lost=0/0 not_have=0 final=70/93 flags=0/0
LineErr: aim=33 cxcy=84.0,119.6 left=0:0.00@-1,-1 dx=0.0 idx=-1/-1 dist=-1/-1 right=1:31.66@58,101 dx=-25.9 idx=9/20 dist=32/215 sel=1:32.01@55,97 dx=-28.6 idx=0/16 dist=32/184 edge=0:0.00@-1.0,-1.0 dx=0.0 width=0.0 l=-1,-1 r=74,74
ATGSeedDiag: seed=0@-1,-1/1@152,108 begin=7,108 block=5 clip=8
ATGLptDiag: best=-1(-57295.8) imip=-1/-1 pass=00000 acc=-1 ipm=-1.0,-1.0 inv=-1.0,-1.0 | 27(26.6) imip=17/37 pass=10111 acc=-1 ipm=73.6,71.6 inv=64.1,39.8
frame=810 line=1 track=1 cross=0 circle=0(CIRCLE_NONE) round=0 yroad=0 ramp=0 road=7 speed=0 near=0/70 raw=0/170 sel=70/94 far=0/0 far_raw=0/0 l=0@-1/0@-1 far_l=0@-1/0@-1 straight=0/0 far_straight=0/0 circle_cnt=0/0/0/0 lost=0/0 conf=0.0/31.9/0.0/0.0 dist=0 m0=(84,119) ml=(58,101) md=32/1/203 cxcy=84.0,119.6 guide=31.87 atg=-60.0/-5.0/0.0 pure=5.77/1.08 yaw=-1912 cmd=-2112 actual=-1008 signed=0 rps=7895/2105:7267/6344 duty=19/0
CrossDiag: type=CROSS_NONE track=1 half_lr=0/0 nearL=0@-1/0@-1 nearNum=0/70 centerNum=0/70 farL=0@-1/0@-1 farNum=0/0 farRaw=0/0 lost=0/0 not_have=0 final=70/94 flags=0/0
LineErr: aim=33 cxcy=84.0,119.6 left=0:0.00@-1,-1 dx=0.0 idx=-1/-1 dist=-1/-1 right=1:32.11@57,100 dx=-26.8 idx=9/20 dist=34/218 sel=1:32.32@55,97 dx=-28.7 idx=0/16 dist=32/186 edge=0:0.00@-1.0,-1.0 dx=0.0 width=0.0 l=-1,-1 r=74,76
ATGSeedDiag: seed=0@-1,-1/1@151,108 begin=7,108 block=5 clip=8
ATGLptDiag: best=-1(-57295.8) imip=-1/-1 pass=00000 acc=-1 ipm=-1.0,-1.0 inv=-1.0,-1.0 | 26(31.9) imip=16/36 pass=10111 acc=-1 ipm=73.9,73.6 inv=64.2,41.1
frame=812 line=1 track=1 cross=0 circle=0(CIRCLE_NONE) round=0 yroad=0 ramp=0 road=7 speed=0 near=0/69 raw=0/170 sel=69/94 far=0/0 far_raw=0/0 l=0@-1/0@-1 far_l=0@-1/0@-1 straight=0/0 far_straight=0/0 circle_cnt=0/0/0/0 lost=0/0 conf=0.0/24.2/0.0/0.0 dist=0 m0=(84,119) ml=(58,100) md=32/1/200 cxcy=84.0,119.6 guide=31.66 atg=-60.0/-3.0/0.0 pure=5.62/0.90 yaw=-1899 cmd=-2099 actual=-1150 signed=0 rps=7877/2123:7011/6143 duty=19/1
CrossDiag: type=CROSS_NONE track=1 half_lr=0/0 nearL=0@-1/0@-1 nearNum=0/69 centerNum=0/69 farL=0@-1/0@-1 farNum=0/0 farRaw=0/0 lost=0/0 not_have=0 final=69/94 flags=0/0
LineErr: aim=33 cxcy=84.0,119.6 left=0:0.00@-1,-1 dx=0.0 idx=-1/-1 dist=-1/-1 right=1:31.54@58,101 dx=-25.7 idx=8/19 dist=33/218 sel=1:31.70@56,98 dx=-27.7 idx=0/16 dist=32/186 edge=0:0.00@-1.0,-1.0 dx=0.0 width=0.0 l=-1,-1 r=76,75
ATGSeedDiag: seed=0@-1,-1/1@150,108 begin=7,108 block=5 clip=8
ATGLptDiag: best=-1(-57295.8) imip=-1/-1 pass=00000 acc=-1 ipm=-1.0,-1.0 inv=-1.0,-1.0 | 26(24.2) imip=16/36 pass=10111 acc=-1 ipm=75.7,72.5 inv=66.1,40.3
frame=813 line=1 track=1 cross=0 circle=0(CIRCLE_NONE) round=0 yroad=0 ramp=0 road=7 speed=0 near=0/69 raw=0/170 sel=69/94 far=0/0 far_raw=0/0 l=0@-1/0@-1 far_l=0@-1/0@-1 straight=0/0 far_straight=0/0 circle_cnt=0/0/0/0 lost=0/0 conf=0.0/33.3/0.0/0.0 dist=0 m0=(84,119) ml=(58,100) md=33/1/203 cxcy=84.0,119.6 guide=31.56 atg=-60.0/-2.0/1.0 pure=5.55/0.74 yaw=-1893 cmd=-2093 actual=-1217 signed=0 rps=7869/2131:6815/5649 duty=19/1
CrossDiag: type=CROSS_NONE track=1 half_lr=0/0 nearL=0@-1/0@-1 nearNum=0/69 centerNum=0/69 farL=0@-1/0@-1 farNum=0/0 farRaw=0/0 lost=0/0 not_have=0 final=69/94 flags=0/0
LineErr: aim=33 cxcy=84.0,119.6 left=0:0.00@-1,-1 dx=0.0 idx=-1/-1 dist=-1/-1 right=1:31.29@60,103 dx=-24.4 idx=8/18 dist=32/218 sel=1:31.54@56,98 dx=-27.6 idx=0/16 dist=32/186 edge=0:0.00@-1.0,-1.0 dx=0.0 width=0.0 l=-1,-1 r=76,74
ATGSeedDiag: seed=0@-1,-1/1@148,108 begin=7,108 block=5 clip=8
ATGLptDiag: best=-1(-57295.8) imip=-1/-1 pass=00000 acc=-1 ipm=-1.0,-1.0 inv=-1.0,-1.0 | 24(33.3) imip=14/34 pass=10111 acc=-1 ipm=75.9,76.4 inv=66.1,43.0
frame=814 line=1 track=1 cross=0 circle=0(CIRCLE_NONE) round=0 yroad=0 ramp=0 road=7 speed=0 near=0/68 raw=0/170 sel=68/94 far=0/0 far_raw=0/0 l=0@-1/0@-1 far_l=0@-1/0@-1 straight=0/0 far_straight=0/0 circle_cnt=0/0/0/0 lost=0/0 conf=0.0/28.6/0.0/0.0 dist=0 m0=(84,119) ml=(58,100) md=33/1/201 cxcy=84.0,119.6 guide=31.19 atg=-60.0/-1.0/2.0 pure=5.46/0.59 yaw=-1871 cmd=-2071 actual=-1277 signed=0 rps=7838/2162:7329/5586 duty=18/1
CrossDiag: type=CROSS_NONE track=1 half_lr=0/0 nearL=0@-1/0@-1 nearNum=0/68 centerNum=0/68 farL=0@-1/0@-1 farNum=0/0 farRaw=0/0 lost=0/0 not_have=0 final=68/94 flags=0/0
LineErr: aim=33 cxcy=84.0,119.6 left=0:0.00@-1,-1 dx=0.0 idx=-1/-1 dist=-1/-1 right=1:31.33@59,101 dx=-25.4 idx=8/18 dist=34/221 sel=1:31.42@57,98 dx=-27.3 idx=0/16 dist=32/186 edge=0:0.00@-1.0,-1.0 dx=0.0 width=0.0 l=-1,-1 r=77,73
ATGSeedDiag: seed=0@-1,-1/1@147,108 begin=7,108 block=5 clip=8
ATGLptDiag: best=-1(-57295.8) imip=-1/-1 pass=00000 acc=-1 ipm=-1.0,-1.0 inv=-1.0,-1.0 | 24(28.6) imip=14/34 pass=10111 acc=-1 ipm=76.8,75.8 inv=67.1,42.6
frame=815 line=1 track=1 cross=0 circle=0(CIRCLE_NONE) round=0 yroad=0 ramp=0 road=7 speed=0 near=0/67 raw=0/170 sel=67/93 far=0/0 far_raw=0/0 l=0@-1/0@-1 far_l=0@-1/0@-1 straight=0/0 far_straight=0/0 circle_cnt=0/0/0/0 lost=0/0 conf=0.0/32.8/0.0/0.0 dist=0 m0=(84,119) ml=(58,100) md=33/1/198 cxcy=84.0,119.6 guide=31.12 atg=-60.0/0.0/3.0 pure=5.28/0.38 yaw=-1867 cmd=-2067 actual=-1329 signed=0 rps=7833/2167:7723/5616 duty=18/1
CrossDiag: type=CROSS_NONE track=1 half_lr=0/0 nearL=0@-1/0@-1 nearNum=0/67 centerNum=0/67 farL=0@-1/0@-1 farNum=0/0 farRaw=0/0 lost=0/0 not_have=0 final=67/93 flags=0/0
LineErr: aim=33 cxcy=84.0,119.6 left=0:0.00@-1,-1 dx=0.0 idx=-1/-1 dist=-1/-1 right=1:31.08@60,103 dx=-24.0 idx=8/17 dist=32/217 sel=1:31.19@57,98 dx=-27.1 idx=0/16 dist=32/184 edge=0:0.00@-1.0,-1.0 dx=0.0 width=0.0 l=-1,-1 r=79,73
ATGSeedDiag: seed=0@-1,-1/1@146,108 begin=7,108 block=5 clip=8
ATGLptDiag: best=-1(-57295.8) imip=-1/-1 pass=00000 acc=-1 ipm=-1.0,-1.0 inv=-1.0,-1.0 | 23(32.8) imip=13/33 pass=10111 acc=-1 ipm=77.8,77.4 inv=68.1,43.7
frame=816 line=1 track=1 cross=0 circle=0(CIRCLE_NONE) round=0 yroad=0 ramp=0 road=7 speed=0 near=0/66 raw=0/170 sel=66/93 far=0/0 far_raw=0/0 l=0@-1/0@-1 far_l=0@-1/0@-1 straight=0/0 far_straight=0/0 circle_cnt=0/0/0/0 lost=0/0 conf=0.0/35.2/0.0/0.0 dist=0 m0=(84,119) ml=(58,99) md=34/1/196 cxcy=84.0,119.6 guide=30.99 atg=-60.0/0.0/4.0 pure=5.36/0.29 yaw=-1859 cmd=-2059 actual=-1382 signed=0 rps=7822/2178:7442/5371 duty=18/2
CrossDiag: type=CROSS_NONE track=1 half_lr=0/0 nearL=0@-1/0@-1 nearNum=0/66 centerNum=0/66 farL=0@-1/0@-1 farNum=0/0 farRaw=0/0 lost=0/0 not_have=0 final=66/93 flags=0/0
LineErr: aim=33 cxcy=84.0,119.6 left=0:0.00@-1,-1 dx=0.0 idx=-1/-1 dist=-1/-1 right=1:31.35@61,105 dx=-23.0 idx=7/16 dist=31/214 sel=1:31.38@58,99 dx=-26.4 idx=0/16 dist=32/184 edge=0:0.00@-1.0,-1.0 dx=0.0 width=0.0 l=-1,-1 r=79,75
ATGSeedDiag: seed=0@-1,-1/1@145,108 begin=7,108 block=5 clip=8
ATGLptDiag: best=-1(-57295.8) imip=-1/-1 pass=00000 acc=-1 ipm=-1.0,-1.0 inv=-1.0,-1.0 | 21(35.2) imip=11/31 pass=10111 acc=-1 ipm=78.8,81.6 inv=69.1,47.0
frame=817 line=1 track=1 cross=0 circle=0(CIRCLE_NONE) round=0 yroad=0 ramp=0 road=7 speed=0 near=0/65 raw=0/170 sel=65/92 far=0/0 far_raw=0/0 l=0@-1/0@-1 far_l=0@-1/0@-1 straight=0/0 far_straight=0/0 circle_cnt=0/0/0/0 lost=0/0 conf=0.0/33.5/0.0/0.0 dist=0 m0=(84,119) ml=(59,101) md=32/1/194 cxcy=84.0,119.6 guide=30.89 atg=-60.0/0.0/7.0 pure=5.15/0.03 yaw=-1853 cmd=-2053 actual=-1434 signed=0 rps=7814/2186:7643/5844 duty=18/1
CrossDiag: type=CROSS_NONE track=1 half_lr=0/0 nearL=0@-1/0@-1 nearNum=0/65 centerNum=0/65 farL=0@-1/0@-1 farNum=0/0 farRaw=0/0 lost=0/0 not_have=0 final=65/92 flags=0/0
LineErr: aim=33 cxcy=84.0,119.6 left=0:0.00@-1,-1 dx=0.0 idx=-1/-1 dist=-1/-1 right=1:31.40@60,103 dx=-24.0 idx=7/16 dist=33/213 sel=1:31.09@58,99 dx=-26.3 idx=0/16 dist=32/182 edge=0:0.00@-1.0,-1.0 dx=0.0 width=0.0 l=-1,-1 r=81,74
ATGSeedDiag: seed=0@-1,-1/1@144,108 begin=7,108 block=5 clip=8
ATGLptDiag: best=-1(-57295.8) imip=-1/-1 pass=00000 acc=-1 ipm=-1.0,-1.0 inv=-1.0,-1.0 | 22(33.5) imip=12/32 pass=10111 acc=-1 ipm=79.7,78.7 inv=70.1,44.6
frame=818 line=1 track=1 cross=0 circle=0(CIRCLE_NONE) round=0 yroad=0 ramp=0 road=7 speed=0 near=0/64 raw=0/169 sel=64/91 far=0/0 far_raw=0/0 l=0@-1/0@-1 far_l=0@-1/0@-1 straight=0/0 far_straight=0/0 circle_cnt=0/0/0/0 lost=0/0 conf=0.0/35.7/0.0/0.0 dist=0 m0=(84,119) ml=(59,101) md=33/1/194 cxcy=84.0,119.6 guide=30.89 atg=-60.0/0.0/9.0 pure=4.97/-0.15 yaw=-1853 cmd=-2053 actual=-1475 signed=0 rps=7814/2186:7199/5893 duty=18/1
CrossDiag: type=CROSS_NONE track=1 half_lr=0/0 nearL=0@-1/0@-1 nearNum=0/64 centerNum=0/64 farL=0@-1/0@-1 farNum=0/0 farRaw=0/0 lost=0/0 not_have=0 final=64/91 flags=0/0
LineErr: aim=33 cxcy=84.0,119.6 left=0:0.00@-1,-1 dx=0.0 idx=-1/-1 dist=-1/-1 right=1:31.12@59,102 dx=-24.7 idx=7/16 dist=34/211 sel=1:30.75@58,99 dx=-26.0 idx=0/16 dist=32/180 edge=0:0.00@-1.0,-1.0 dx=0.0 width=0.0 l=-1,-1 r=82,74
ATGSeedDiag: seed=0@-1,-1/1@143,108 begin=7,108 block=5 clip=8
ATGLptDiag: best=-1(-57295.8) imip=-1/-1 pass=00000 acc=-1 ipm=-1.0,-1.0 inv=-1.0,-1.0 | 20(35.7) imip=10/30 pass=10111 acc=-1 ipm=80.5,82.7 inv=71.0,47.9
frame=820 line=1 track=1 cross=0 circle=0(CIRCLE_NONE) round=0 yroad=0 ramp=0 road=7 speed=0 near=0/62 raw=0/163 sel=62/91 far=0/0 far_raw=0/0 l=0@-1/0@-1 far_l=0@-1/0@-1 straight=0/0 far_straight=0/0 circle_cnt=0/0/0/0 lost=0/0 conf=0.0/34.5/0.0/0.0 dist=0 m0=(84,119) ml=(59,99) md=34/1/191 cxcy=84.0,119.6 guide=30.01 atg=-60.0/0.0/13.0 pure=4.73/-0.45 yaw=-1801 cmd=-2001 actual=-1540 signed=0 rps=7742/2258:7262/6287 duty=18/1
CrossDiag: type=CROSS_NONE track=1 half_lr=0/0 nearL=0@-1/0@-1 nearNum=0/62 centerNum=0/62 farL=0@-1/0@-1 farNum=0/0 farRaw=0/0 lost=0/0 not_have=0 final=62/91 flags=0/0
LineErr: aim=33 cxcy=84.0,119.6 left=0:0.00@-1,-1 dx=0.0 idx=-1/-1 dist=-1/-1 right=1:30.13@60,102 dx=-23.7 idx=6/15 dist=34/214 sel=1:29.81@59,99 dx=-24.8 idx=0/16 dist=32/180 edge=0:0.00@-1.0,-1.0 dx=0.0 width=0.0 l=-1,-1 r=85,73
ATGSeedDiag: seed=0@-1,-1/1@141,108 begin=7,108 block=5 clip=8
ATGLptDiag: best=-1(-57295.8) imip=-1/-1 pass=00000 acc=-1 ipm=-1.0,-1.0 inv=-1.0,-1.0 | 19(34.5) imip=9/29 pass=10111 acc=-1 ipm=82.2,83.6 inv=73.0,48.7
frame=821 line=1 track=1 cross=0 circle=0(CIRCLE_NONE) round=0 yroad=0 ramp=0 road=7 speed=0 near=0/60 raw=0/160 sel=60/89 far=0/0 far_raw=0/0 l=0@-1/0@-1 far_l=0@-1/0@-1 straight=0/0 far_straight=0/0 circle_cnt=0/0/0/0 lost=0/0 conf=0.0/35.2/0.0/0.0 dist=0 m0=(84,119) ml=(60,101) md=32/1/190 cxcy=84.0,119.6 guide=29.46 atg=-60.0/1.0/18.0 pure=4.42/-0.71 yaw=-1767 cmd=-1967 actual=-1561 signed=0 rps=7696/2304:7090/6006 duty=18/1
CrossDiag: type=CROSS_NONE track=1 half_lr=0/0 nearL=0@-1/0@-1 nearNum=0/60 centerNum=0/60 farL=0@-1/0@-1 farNum=0/0 farRaw=0/0 lost=0/0 not_have=0 final=60/89 flags=0/0
LineErr: aim=33 cxcy=84.0,119.6 left=0:0.00@-1,-1 dx=0.0 idx=-1/-1 dist=-1/-1 right=1:29.97@61,103 dx=-22.7 idx=6/14 dist=31/208 sel=1:29.36@59,99 dx=-24.7 idx=0/16 dist=32/176 edge=0:0.00@-1.0,-1.0 dx=0.0 width=0.0 l=-1,-1 r=86,74
ATGSeedDiag: seed=0@-1,-1/1@139,108 begin=7,108 block=5 clip=8
ATGLptDiag: best=-1(-57295.8) imip=-1/-1 pass=00000 acc=-1 ipm=-1.0,-1.0 inv=-1.0,-1.0 | 18(35.2) imip=8/28 pass=10111 acc=-1 ipm=83.0,85.1 inv=74.1,50.0
frame=823 line=1 track=1 cross=0 circle=0(CIRCLE_NONE) round=0 yroad=0 ramp=0 road=7 speed=0 near=0/56 raw=0/154 sel=56/86 far=0/0 far_raw=0/0 l=0@-1/0@-1 far_l=0@-1/0@-1 straight=0/0 far_straight=0/0 circle_cnt=0/0/0/0 lost=0/0 conf=0.0/36.5/0.0/0.0 dist=0 m0=(84,119) ml=(60,100) md=33/1/184 cxcy=84.0,119.6 guide=28.91 atg=-60.0/5.0/26.0 pure=4.19/-1.16 yaw=-1734 cmd=-1865 actual=-1604 signed=0 rps=7555/2445:7479/5809 duty=17/2
CrossDiag: type=CROSS_NONE track=1 half_lr=0/0 nearL=0@-1/0@-1 nearNum=0/56 centerNum=0/56 farL=0@-1/0@-1 farNum=0/0 farRaw=0/0 lost=0/0 not_have=0 final=56/86 flags=0/0
LineErr: aim=33 cxcy=84.0,119.6 left=0:0.00@-1,-1 dx=0.0 idx=-1/-1 dist=-1/-1 right=1:29.57@62,104 dx=-22.2 idx=5/13 dist=32/201 sel=1:28.80@60,100 dx=-23.7 idx=0/16 dist=32/170 edge=0:0.00@-1.0,-1.0 dx=0.0 width=0.0 l=-1,-1 r=90,74
ATGSeedDiag: seed=0@-1,-1/1@137,108 begin=7,108 block=5 clip=8
ATGLptDiag: best=-1(-57295.8) imip=-1/-1 pass=00000 acc=-1 ipm=-1.0,-1.0 inv=-1.0,-1.0 | 17(36.5) imip=7/27 pass=10111 acc=-1 ipm=84.5,86.4 inv=76.0,51.2
frame=824 line=1 track=1 cross=0 circle=0(CIRCLE_NONE) round=0 yroad=0 ramp=0 road=7 speed=0 near=0/54 raw=0/150 sel=54/83 far=0/0 far_raw=0/0 l=0@-1/0@-1 far_l=0@-1/0@-1 straight=0/0 far_straight=0/0 circle_cnt=0/0/0/0 lost=0/0 conf=0.0/37.6/0.0/0.0 dist=0 m0=(84,119) ml=(61,101) md=32/1/178 cxcy=84.0,119.6 guide=28.09 atg=-60.0/8.0/33.0 pure=3.85/-1.49 yaw=-1685 cmd=-1753 actual=-1617 signed=0 rps=7402/2598:7875/5880 duty=16/3
CrossDiag: type=CROSS_NONE track=1 half_lr=0/0 nearL=0@-1/0@-1 nearNum=0/54 centerNum=0/54 farL=0@-1/0@-1 farNum=0/0 farRaw=0/0 lost=0/0 not_have=0 final=54/83 flags=0/0
LineErr: aim=33 cxcy=84.0,119.6 left=0:0.00@-1,-1 dx=0.0 idx=-1/-1 dist=-1/-1 right=1:28.82@61,101 dx=-22.9 idx=5/13 dist=33/195 sel=1:28.15@61,99 dx=-23.5 idx=0/16 dist=32/164 edge=0:0.00@-1.0,-1.0 dx=0.0 width=0.0 l=-1,-1 r=92,74
ATGSeedDiag: seed=0@-1,-1/1@135,108 begin=7,108 block=5 clip=8
ATGLptDiag: best=-1(-57295.8) imip=-1/-1 pass=00000 acc=-1 ipm=-1.0,-1.0 inv=-1.0,-1.0 | 16(37.6) imip=6/26 pass=10111 acc=-1 ipm=85.3,87.9 inv=77.1,52.7
frame=826 line=1 track=1 cross=0 circle=0(CIRCLE_NONE) round=0 yroad=0 ramp=0 road=7 speed=0 near=0/52 raw=0/145 sel=52/82 far=0/0 far_raw=0/0 l=0@-1/0@-1 far_l=0@-1/0@-1 straight=0/0 far_straight=0/0 circle_cnt=0/0/0/0 lost=0/0 conf=0.0/35.4/0.0/0.0 dist=0 m0=(84,119) ml=(62,101) md=32/1/176 cxcy=84.0,119.6 guide=27.13 atg=-60.0/13.0/43.0 pure=3.42/-1.93 yaw=-1628 cmd=-1644 actual=-1611 signed=0 rps=7253/2747:7560/5831 duty=16/3
CrossDiag: type=CROSS_NONE track=1 half_lr=0/0 nearL=0@-1/0@-1 nearNum=0/52 centerNum=0/52 farL=0@-1/0@-1 farNum=0/0 farRaw=0/0 lost=0/0 not_have=0 final=52/82 flags=0/0
LineErr: aim=33 cxcy=84.0,119.6 left=0:0.00@-1,-1 dx=0.0 idx=-1/-1 dist=-1/-1 right=1:28.66@63,105 dx=-20.7 idx=4/11 dist=31/193 sel=1:27.03@62,99 dx=-22.3 idx=0/16 dist=32/162 edge=0:0.00@-1.0,-1.0 dx=0.0 width=0.0 l=-1,-1 r=95,75
ATGSeedDiag: seed=0@-1,-1/1@132,108 begin=7,108 block=5 clip=8
ATGLptDiag: best=-1(-57295.8) imip=-1/-1 pass=00000 acc=-1 ipm=-1.0,-1.0 inv=-1.0,-1.0 | 14(35.4) imip=4/24 pass=10111 acc=-1 ipm=87.2,91.2 inv=80.0,56.2
frame=828 line=1 track=1 cross=0 circle=0(CIRCLE_NONE) round=0 yroad=0 ramp=0 road=7 speed=0 near=0/49 raw=0/138 sel=49/79 far=0/0 far_raw=0/0 l=0@-1/0@-1 far_l=0@-1/0@-1 straight=0/0 far_straight=0/0 circle_cnt=0/0/0/0 lost=0/0 conf=0.0/37.5/0.0/0.0 dist=0 m0=(84,119) ml=(63,99) md=33/1/168 cxcy=84.0,119.6 guide=25.51 atg=-43.0/21.0/54.0 pure=2.93/-2.40 yaw=-1530 cmd=-1487 actual=-1574 signed=0 rps=7038/2962:7002/6080 duty=16/4
CrossDiag: type=CROSS_NONE track=1 half_lr=0/0 nearL=0@-1/0@-1 nearNum=0/49 centerNum=0/49 farL=0@-1/0@-1 farNum=0/0 farRaw=0/0 lost=0/0 not_have=0 final=49/79 flags=0/0
LineErr: aim=33 cxcy=84.0,119.6 left=0:0.00@-1,-1 dx=0.0 idx=-1/-1 dist=-1/-1 right=1:27.67@64,105 dx=-20.0 idx=3/10 dist=34/185 sel=1:25.77@63,99 dx=-21.2 idx=0/16 dist=32/156 edge=0:0.00@-1.0,-1.0 dx=0.0 width=0.0 l=-1,-1 r=98,77
ATGSeedDiag: seed=0@-1,-1/1@129,108 begin=7,108 block=5 clip=8
ATGLptDiag: best=-1(-57295.8) imip=-1/-1 pass=00000 acc=-1 ipm=-1.0,-1.0 inv=-1.0,-1.0 | 13(37.5) imip=3/23 pass=10111 acc=-1 ipm=88.6,92.2 inv=82.0,57.3
frame=829 line=1 track=1 cross=0 circle=0(CIRCLE_NONE) round=0 yroad=0 ramp=0 road=7 speed=0 near=0/47 raw=0/135 sel=47/76 far=0/0 far_raw=0/0 l=0@-1/0@-1 far_l=0@-1/0@-1 straight=0/0 far_straight=0/0 circle_cnt=0/0/0/0 lost=0/0 conf=0.0/36.5/0.0/0.0 dist=0 m0=(84,119) ml=(63,100) md=32/1/164 cxcy=84.0,119.6 guide=25.27 atg=-33.0/27.0/60.0 pure=2.56/-2.74 yaw=-1516 cmd=-1469 actual=-1563 signed=0 rps=7014/2986:7529/6565 duty=15/3
CrossDiag: type=CROSS_NONE track=1 half_lr=0/0 nearL=0@-1/0@-1 nearNum=0/47 centerNum=0/47 farL=0@-1/0@-1 farNum=0/0 farRaw=0/0 lost=0/0 not_have=0 final=47/76 flags=0/0
LineErr: aim=33 cxcy=84.0,119.6 left=0:0.00@-1,-1 dx=0.0 idx=-1/-1 dist=-1/-1 right=1:26.74@64,103 dx=-20.1 idx=3/10 dist=34/177 sel=1:24.89@63,98 dx=-20.9 idx=0/16 dist=32/150 edge=0:0.00@-1.0,-1.0 dx=0.0 width=0.0 l=-1,-1 r=100,77
ATGSeedDiag: seed=0@-1,-1/1@128,108 begin=7,108 block=5 clip=8
ATGLptDiag: best=-1(-57295.8) imip=-1/-1 pass=00000 acc=-1 ipm=-1.0,-1.0 inv=-1.0,-1.0 | 13(36.5) imip=3/23 pass=10111 acc=-1 ipm=89.3,91.9 inv=83.0,56.9
frame=830 line=1 track=1 cross=0 circle=0(CIRCLE_NONE) round=0 yroad=0 ramp=0 road=7 speed=0 near=0/46 raw=0/131 sel=46/76 far=0/0 far_raw=0/0 l=0@-1/0@-1 far_l=0@-1/0@-1 straight=0/0 far_straight=0/0 circle_cnt=0/0/0/0 lost=0/0 conf=0.0/37.8/0.0/0.0 dist=0 m0=(84,119) ml=(64,99) md=32/1/162 cxcy=84.0,119.6 guide=23.73 atg=-29.0/30.0/60.0 pure=2.44/-2.89 yaw=-1424 cmd=-1318 actual=-1530 signed=0 rps=6806/3194:7237/6104 duty=15/5
CrossDiag: type=CROSS_NONE track=1 half_lr=0/0 nearL=0@-1/0@-1 nearNum=0/46 centerNum=0/46 farL=0@-1/0@-1 farNum=0/0 farRaw=0/0 lost=0/0 not_have=0 final=46/76 flags=0/0
LineErr: aim=33 cxcy=84.0,119.6 left=0:0.00@-1,-1 dx=0.0 idx=-1/-1 dist=-1/-1 right=1:26.45@65,104 dx=-19.4 idx=2/9 dist=34/178 sel=1:24.57@64,99 dx=-20.2 idx=0/16 dist=32/150 edge=0:0.00@-1.0,-1.0 dx=0.0 width=0.0 l=-1,-1 r=100,78
ATGSeedDiag: seed=0@-1,-1/1@126,108 begin=7,108 block=5 clip=8
ATGLptDiag: best=-1(-57295.8) imip=-1/-1 pass=00000 acc=-1 ipm=-1.0,-1.0 inv=-1.0,-1.0 | 12(37.8) imip=2/22 pass=10111 acc=-1 ipm=89.8,93.4 inv=84.0,58.7
frame=831 line=1 track=1 cross=0 circle=0(CIRCLE_NONE) round=0 yroad=0 ramp=0 road=7 speed=0 near=0/44 raw=0/129 sel=44/73 far=0/0 far_raw=0/0 l=0@-1/0@-1 far_l=0@-1/0@-1 straight=0/0 far_straight=0/0 circle_cnt=0/0/0/0 lost=0/0 conf=0.0/36.1/0.0/0.0 dist=0 m0=(84,119) ml=(65,100) md=32/1/157 cxcy=84.0,119.6 guide=23.67 atg=-20.0/37.0/60.0 pure=2.01/-3.21 yaw=-1420 cmd=-1342 actual=-1498 signed=0 rps=6840/3160:7616/6332 duty=14/4
CrossDiag: type=CROSS_NONE track=1 half_lr=0/0 nearL=0@-1/0@-1 nearNum=0/44 centerNum=0/44 farL=0@-1/0@-1 farNum=0/0 farRaw=0/0 lost=0/0 not_have=0 final=44/73 flags=0/0
LineErr: aim=33 cxcy=84.0,119.6 left=0:0.00@-1,-1 dx=0.0 idx=-1/-1 dist=-1/-1 right=1:26.47@65,105 dx=-18.6 idx=2/8 dist=31/170 sel=1:23.45@64,97 dx=-19.6 idx=0/16 dist=32/144 edge=0:0.00@-1.0,-1.0 dx=0.0 width=0.0 l=-1,-1 r=102,79
ATGSeedDiag: seed=0@-1,-1/1@125,108 begin=7,108 block=5 clip=8
ATGLptDiag: best=-1(-57295.8) imip=-1/-1 pass=00000 acc=-1 ipm=-1.0,-1.0 inv=-1.0,-1.0 | 12(36.1) imip=2/22 pass=10111 acc=-1 ipm=90.7,93.1 inv=85.2,58.2
frame=832 line=1 track=1 cross=0 circle=0(CIRCLE_NONE) round=0 yroad=0 ramp=0 road=0 speed=0 near=0/43 raw=0/126 sel=43/72 far=0/0 far_raw=0/0 l=0@-1/0@-1 far_l=0@-1/0@-1 straight=0/0 far_straight=0/0 circle_cnt=0/0/0/0 lost=0/0 conf=0.0/42.9/0.0/0.0 dist=0 m0=(84,119) ml=(65,98) md=33/1/156 cxcy=84.0,119.6 guide=23.07 atg=-16.0/42.0/60.0 pure=1.82/-3.43 yaw=-1384 cmd=-1302 actual=-1466 signed=0 rps=6785/3215:7867/6477 duty=14/4
CrossDiag: type=CROSS_NONE track=1 half_lr=0/0 nearL=0@-1/0@-1 nearNum=0/43 centerNum=0/43 farL=0@-1/0@-1 farNum=0/0 farRaw=0/0 lost=0/0 not_have=0 final=43/72 flags=0/0
LineErr: aim=33 cxcy=84.0,119.6 left=0:0.00@-1,-1 dx=0.0 idx=-1/-1 dist=-1/-1 right=1:25.01@65,103 dx=-18.7 idx=1/8 dist=34/169 sel=1:23.09@65,98 dx=-19.1 idx=0/16 dist=32/142 edge=0:0.00@-1.0,-1.0 dx=0.0 width=0.0 l=-1,-1 r=104,79
ATGSeedDiag: seed=0@-1,-1/1@123,108 begin=7,108 block=5 clip=8
ATGLptDiag: best=-1(-57295.8) imip=-1/-1 pass=00000 acc=-1 ipm=-1.0,-1.0 inv=-1.0,-1.0 | 10(42.9) imip=0/20 pass=10111 acc=-1 ipm=91.2,97.1 inv=87.0,63.4
frame=833 line=1 track=1 cross=0 circle=0(CIRCLE_NONE) round=0 yroad=0 ramp=0 road=0 speed=0 near=0/41 raw=0/124 sel=41/68 far=0/0 far_raw=0/0 l=0@-1/0@-1 far_l=0@-1/0@-1 straight=0/0 far_straight=0/0 circle_cnt=0/0/0/0 lost=0/0 conf=0.0/44.1/0.0/0.0 dist=0 m0=(84,119) ml=(66,99) md=33/1/150 cxcy=84.0,119.6 guide=22.43 atg=-7.0/51.0/60.0 pure=1.33/-3.79 yaw=-1346 cmd=-1271 actual=-1420 signed=0 rps=6743/3257:7365/5992 duty=14/5
CrossDiag: type=CROSS_NONE track=1 half_lr=0/0 nearL=0@-1/0@-1 nearNum=0/41 centerNum=0/41 farL=0@-1/0@-1 farNum=0/0 farRaw=0/0 lost=0/0 not_have=0 final=41/68 flags=0/0
LineErr: aim=33 cxcy=84.0,119.6 left=0:0.00@-1,-1 dx=0.0 idx=-1/-1 dist=-1/-1 right=1:25.07@66,104 dx=-18.0 idx=1/7 dist=31/161 sel=1:21.78@66,97 dx=-18.4 idx=0/16 dist=32/134 edge=0:0.00@-1.0,-1.0 dx=0.0 width=0.0 l=-1,-1 r=106,79
ATGSeedDiag: seed=0@-1,-1/1@122,108 begin=7,108 block=5 clip=8
ATGLptDiag: best=-1(-57295.8) imip=-1/-1 pass=00000 acc=-1 ipm=-1.0,-1.0 inv=-1.0,-1.0 | 10(44.1) imip=0/20 pass=10111 acc=-1 ipm=92.0,96.7 inv=88.0,62.9
frame=835 line=1 track=1 cross=0 circle=0(CIRCLE_NONE) round=0 yroad=0 ramp=0 road=0 speed=0 near=0/38 raw=0/118 sel=38/65 far=0/0 far_raw=0/0 l=0@-1/0@-1 far_l=0@-1/0@-1 straight=0/0 far_straight=0/0 circle_cnt=0/0/0/0 lost=0/0 conf=0.0/46.9/0.0/0.0 dist=0 m0=(84,119) ml=(67,98) md=33/1/142 cxcy=84.0,119.6 guide=20.78 atg=-1.0/60.0/60.0 pure=0.64/-4.38 yaw=-1247 cmd=-1170 actual=-1323 signed=0 rps=6604/3396:6854/5650 duty=15/6
CrossDiag: type=CROSS_NONE track=1 half_lr=0/0 nearL=0@-1/0@-1 nearNum=0/38 centerNum=0/38 farL=0@-1/0@-1 farNum=0/0 farRaw=0/0 lost=0/0 not_have=0 final=38/65 flags=0/0
LineErr: aim=33 cxcy=84.0,119.6 left=0:0.00@-1,-1 dx=0.0 idx=-1/-1 dist=-1/-1 right=1:23.23@67,102 dx=-17.3 idx=0/6 dist=31/151 sel=1:19.94@67,96 dx=-17.1 idx=0/16 dist=32/128 edge=0:0.00@-1.0,-1.0 dx=0.0 width=0.0 l=-1,-1 r=109,82
ATGSeedDiag: seed=0@-1,-1/1@118,108 begin=7,108 block=5 clip=8
ATGLptDiag: best=-1(-57295.8) imip=-1/-1 pass=00000 acc=-1 ipm=-1.0,-1.0 inv=-1.0,-1.0 | 10(46.9) imip=0/20 pass=10111 acc=-1 ipm=93.6,95.7 inv=90.1,61.5
frame=836 line=1 track=1 cross=0 circle=0(CIRCLE_NONE) round=0 yroad=0 ramp=0 road=0 speed=0 near=0/37 raw=0/116 sel=37/63 far=0/0 far_raw=0/0 l=0@-1/0@-1 far_l=0@-1/0@-1 straight=0/0 far_straight=0/0 circle_cnt=0/0/0/0 lost=0/0 conf=0.0/46.2/0.0/0.0 dist=0 m0=(84,119) ml=(67,99) md=32/1/140 cxcy=84.0,119.6 guide=20.10 atg=0.0/60.0/60.0 pure=0.16/-4.71 yaw=-1206 cmd=-1130 actual=-1282 signed=0 rps=6549/3451:7028/6014 duty=14/6
CrossDiag: type=CROSS_NONE track=1 half_lr=0/0 nearL=0@-1/0@-1 nearNum=0/37 centerNum=0/37 farL=0@-1/0@-1 farNum=0/0 farRaw=0/0 lost=0/0 not_have=0 final=37/63 flags=0/0
LineErr: aim=33 cxcy=84.0,119.6 left=0:0.00@-1,-1 dx=0.0 idx=-1/-1 dist=-1/-1 right=1:21.61@67,100 dx=-16.8 idx=0/6 dist=32/148 sel=1:18.40@68,94 dx=-16.2 idx=0/16 dist=32/124 edge=0:0.00@-1.0,-1.0 dx=0.0 width=0.0 l=-1,-1 r=108,83
ATGSeedDiag: seed=0@-1,-1/1@117,108 begin=7,108 block=5 clip=8
ATGLptDiag: best=-1(-57295.8) imip=-1/-1 pass=00000 acc=-1 ipm=-1.0,-1.0 inv=-1.0,-1.0 | 10(46.2) imip=0/20 pass=10111 acc=-1 ipm=94.7,95.5 inv=91.6,61.2
frame=837 line=1 track=1 cross=0 circle=0(CIRCLE_NONE) round=0 yroad=0 ramp=0 road=0 speed=0 near=0/36 raw=0/113 sel=36/62 far=0/0 far_raw=0/0 l=0@-1/0@-1 far_l=0@-1/0@-1 straight=0/0 far_straight=0/0 circle_cnt=0/0/0/0 lost=0/0 conf=0.0/45.6/0.0/0.0 dist=0 m0=(84,119) ml=(68,95) md=34/1/136 cxcy=84.0,119.6 guide=18.77 atg=0.0/60.0/60.0 pure=-0.27/-4.88 yaw=-1126 cmd=-1005 actual=-1247 signed=0 rps=6378/3622:7222/6364 duty=13/6
CrossDiag: type=CROSS_NONE track=1 half_lr=0/0 nearL=0@-1/0@-1 nearNum=0/36 centerNum=0/36 farL=0@-1/0@-1 farNum=0/0 farRaw=0/0 lost=0/0 not_have=0 final=36/62 flags=0/0
LineErr: aim=33 cxcy=84.0,119.6 left=0:0.00@-1,-1 dx=0.0 idx=-1/-1 dist=-1/-1 right=1:19.87@68,98 dx=-16.0 idx=0/6 dist=33/142 sel=1:16.98@69,93 dx=-15.2 idx=0/16 dist=32/122 edge=0:0.00@-1.0,-1.0 dx=0.0 width=0.0 l=-1,-1 r=110,84
ATGSeedDiag: seed=0@-1,-1/1@116,108 begin=7,108 block=5 clip=8
ATGLptDiag: best=-1(-57295.8) imip=-1/-1 pass=00000 acc=-1 ipm=-1.0,-1.0 inv=-1.0,-1.0 | 10(45.6) imip=0/20 pass=10111 acc=-1 ipm=95.9,95.2 inv=93.2,60.8
frame=838 line=1 track=1 cross=0 circle=0(CIRCLE_NONE) round=0 yroad=0 ramp=0 road=0 speed=0 near=0/35 raw=0/111 sel=35/59 far=0/0 far_raw=0/0 l=0@-1/0@-1 far_l=0@-1/0@-1 straight=0/0 far_straight=0/0 circle_cnt=0/0/0/0 lost=0/0 conf=0.0/42.4/0.0/0.0 dist=0 m0=(84,119) ml=(69,96) md=32/1/129 cxcy=84.0,119.6 guide=17.06 atg=2.0/60.0/60.0 pure=-0.73/-5.16 yaw=-1024 cmd=-832 actual=-1215 signed=0 rps=6140/3860:7110/6315 duty=13/7
CrossDiag: type=CROSS_NONE track=1 half_lr=0/0 nearL=0@-1/0@-1 nearNum=0/35 centerNum=0/35 farL=0@-1/0@-1 farNum=0/0 farRaw=0/0 lost=0/0 not_have=0 final=35/59 flags=0/0
LineErr: aim=33 cxcy=84.0,119.6 left=0:0.00@-1,-1 dx=0.0 idx=-1/-1 dist=-1/-1 right=1:18.03@69,96 dx=-15.1 idx=0/6 dist=34/140 sel=1:15.53@70,92 dx=-14.1 idx=0/16 dist=32/116 edge=0:0.00@-1.0,-1.0 dx=0.0 width=0.0 l=-1,-1 r=112,84
ATGSeedDiag: seed=0@-1,-1/1@115,108 begin=7,108 block=5 clip=8
ATGLptDiag: best=-1(-57295.8) imip=-1/-1 pass=00000 acc=-1 ipm=-1.0,-1.0 inv=-1.0,-1.0 | 10(42.4) imip=0/20 pass=10111 acc=-1 ipm=97.0,95.2 inv=94.9,60.9
frame=839 line=1 track=1 cross=0 circle=0(CIRCLE_NONE) round=0 yroad=0 ramp=0 road=0 speed=0 near=0/34 raw=0/109 sel=34/58 far=0/0 far_raw=0/0 l=0@-1/0@-1 far_l=0@-1/0@-1 straight=0/0 far_straight=0/0 circle_cnt=0/0/0/0 lost=0/0 conf=0.0/41.3/0.0/0.0 dist=0 m0=(84,119) ml=(71,93) md=33/1/127 cxcy=84.0,119.6 guide=14.29 atg=7.0/60.0/60.0 pure=-1.17/-5.43 yaw=-857 cmd=-657 actual=-1188 signed=0 rps=5901/4099:7583/6637 duty=11/8
CrossDiag: type=CROSS_NONE track=1 half_lr=0/0 nearL=0@-1/0@-1 nearNum=0/34 centerNum=0/34 farL=0@-1/0@-1 farNum=0/0 farRaw=0/0 lost=0/0 not_have=0 final=34/58 flags=0/0
LineErr: aim=33 cxcy=84.0,119.6 left=0:0.00@-1,-1 dx=0.0 idx=-1/-1 dist=-1/-1 right=1:18.04@69,98 dx=-14.5 idx=0/5 dist=31/135 sel=1:13.68@71,91 dx=-12.6 idx=0/16 dist=32/114 edge=0:0.00@-1.0,-1.0 dx=0.0 width=0.0 l=-1,-1 r=111,85
ATGSeedDiag: seed=0@-1,-1/1@114,108 begin=7,108 block=5 clip=8
ATGLptDiag: best=-1(-57295.8) imip=-1/-1 pass=00000 acc=-1 ipm=-1.0,-1.0 inv=-1.0,-1.0 | 10(41.3) imip=0/20 pass=10111 acc=-1 ipm=98.3,95.2 inv=96.6,60.7
frame=840 line=1 track=1 cross=0 circle=0(CIRCLE_NONE) round=0 yroad=0 ramp=0 road=0 speed=0 near=0/33 raw=0/107 sel=33/56 far=0/0 far_raw=0/0 l=0@-1/0@-1 far_l=0@-1/0@-1 straight=0/0 far_straight=0/0 circle_cnt=0/0/0/0 lost=0/0 conf=0.0/40.2/0.0/0.0 dist=0 m0=(84,119) ml=(72,92) md=33/1/123 cxcy=84.0,119.6 guide=13.18 atg=12.0/60.0/60.0 pure=-1.54/-5.66 yaw=-791 cmd=-591 actual=-1169 signed=0 rps=5810/4190:7250/6343 duty=11/8
CrossDiag: type=CROSS_NONE track=1 half_lr=0/0 nearL=0@-1/0@-1 nearNum=0/33 centerNum=0/33 farL=0@-1/0@-1 farNum=0/0 farRaw=0/0 lost=0/0 not_have=0 final=33/56 flags=0/0
LineErr: aim=33 cxcy=84.0,119.6 left=0:0.00@-1,-1 dx=0.0 idx=-1/-1 dist=-1/-1 right=1:16.45@70,96 dx=-13.7 idx=0/5 dist=32/130 sel=1:12.47@72,90 dx=-11.6 idx=0/16 dist=32/110 edge=0:0.00@-1.0,-1.0 dx=0.0 width=0.0 l=-1,-1 r=113,86
ATGSeedDiag: seed=0@-1,-1/1@113,108 begin=7,108 block=5 clip=8
ATGLptDiag: best=-1(-57295.8) imip=-1/-1 pass=00000 acc=-1 ipm=-1.0,-1.0 inv=-1.0,-1.0 | 10(40.2) imip=0/20 pass=10111 acc=-1 ipm=99.5,95.3 inv=98.3,60.8
frame=841 line=1 track=1 cross=0 circle=0(CIRCLE_NONE) round=0 yroad=0 ramp=0 road=2 speed=0 near=0/32 raw=0/103 sel=32/55 far=0/0 far_raw=0/0 l=0@-1/0@-1 far_l=0@-1/0@-1 straight=0/0 far_straight=0/0 circle_cnt=0/0/0/0 lost=0/0 conf=0.0/38.3/0.0/0.0 dist=0 m0=(84,119) ml=(73,91) md=33/1/119 cxcy=84.0,119.6 guide=11.34 atg=20.0/60.0/60.0 pure=-2.01/-5.98 yaw=-680 cmd=-480 actual=-1158 signed=0 rps=5658/4342:7516/6605 duty=10/9
CrossDiag: type=CROSS_NONE track=1 half_lr=0/0 nearL=0@-1/0@-1 nearNum=0/32 centerNum=0/32 farL=0@-1/0@-1 farNum=0/0 farRaw=0/0 lost=0/0 not_have=0 final=32/55 flags=0/0
LineErr: aim=33 cxcy=84.0,119.6 left=0:0.00@-1,-1 dx=0.0 idx=-1/-1 dist=-1/-1 right=1:14.22@72,94 dx=-12.3 idx=0/5 dist=33/126 sel=1:10.86@74,89 dx=-10.3 idx=0/16 dist=32/108 edge=0:0.00@-1.0,-1.0 dx=0.0 width=0.0 l=-1,-1 r=115,87
ATGSeedDiag: seed=0@-1,-1/1@112,108 begin=7,108 block=5 clip=8
ATGLptDiag: best=-1(-57295.8) imip=-1/-1 pass=00000 acc=-1 ipm=-1.0,-1.0 inv=-1.0,-1.0 | 10(38.3) imip=0/20 pass=10111 acc=-1 ipm=100.9,95.3 inv=100.5,60.9
frame=842 line=1 track=1 cross=0 circle=0(CIRCLE_NONE) round=0 yroad=0 ramp=0 road=2 speed=0 near=0/31 raw=0/100 sel=31/53 far=0/0 far_raw=0/0 l=0@-1/0@-1 far_l=0@-1/0@-1 straight=0/0 far_straight=0/0 circle_cnt=0/0/0/0 lost=0/0 conf=0.0/35.1/0.0/0.0 dist=0 m0=(84,119) ml=(73,92) md=32/1/116 cxcy=84.0,119.6 guide=11.41 atg=31.0/60.0/60.0 pure=-2.43/-6.28 yaw=-685 cmd=-485 actual=-1139 signed=0 rps=5664/4336:6918/6151 duty=11/9
CrossDiag: type=CROSS_NONE track=1 half_lr=0/0 nearL=0@-1/0@-1 nearNum=0/31 centerNum=0/31 farL=0@-1/0@-1 farNum=0/0 farRaw=0/0 lost=0/0 not_have=0 final=31/53 flags=0/0
LineErr: aim=33 cxcy=84.0,119.6 left=0:0.00@-1,-1 dx=0.0 idx=-1/-1 dist=-1/-1 right=1:12.21@73,92 dx=-10.9 idx=0/5 dist=33/120 sel=1:9.38@75,88 dx=-9.0 idx=0/16 dist=32/104 edge=0:0.00@-1.0,-1.0 dx=0.0 width=0.0 l=-1,-1 r=116,88
ATGSeedDiag: seed=0@-1,-1/1@111,108 begin=7,108 block=5 clip=8
ATGLptDiag: best=-1(-57295.8) imip=-1/-1 pass=00000 acc=-1 ipm=-1.0,-1.0 inv=-1.0,-1.0 | 6(35.1) imip=0/16 pass=10111 acc=-1 ipm=96.6,102.9 inv=98.0,72.3
frame=843 line=1 track=1 cross=0 circle=0(CIRCLE_NONE) round=0 yroad=0 ramp=0 road=2 speed=0 near=0/30 raw=0/98 sel=30/52 far=0/0 far_raw=0/0 l=0@-1/0@-1 far_l=0@-1/0@-1 straight=0/0 far_straight=0/0 circle_cnt=0/0/0/0 lost=0/0 conf=0.0/34.5/0.0/0.0 dist=0 m0=(84,119) ml=(75,90) md=33/1/114 cxcy=84.0,119.6 guide=9.91 atg=42.0/60.0/60.0 pure=-2.82/-6.53 yaw=-595 cmd=-395 actual=-1097 signed=0 rps=5541/4459:6908/6173 duty=11/10
CrossDiag: type=CROSS_NONE track=1 half_lr=0/0 nearL=0@-1/0@-1 nearNum=0/30 centerNum=0/30 farL=0@-1/0@-1 farNum=0/0 farRaw=0/0 lost=0/0 not_have=0 final=30/52 flags=0/0
LineErr: aim=33 cxcy=84.0,119.6 left=0:0.00@-1,-1 dx=0.0 idx=-1/-1 dist=-1/-1 right=1:10.44@74,91 dx=-9.6 idx=0/5 dist=32/113 sel=1:7.83@76,88 dx=-7.6 idx=0/16 dist=32/102 edge=0:0.00@-1.0,-1.0 dx=0.0 width=0.0 l=-1,-1 r=116,89
ATGSeedDiag: seed=0@-1,-1/1@110,108 begin=7,108 block=5 clip=8
ATGLptDiag: best=-1(-57295.8) imip=-1/-1 pass=00000 acc=-1 ipm=-1.0,-1.0 inv=-1.0,-1.0 | 10(34.5) imip=0/20 pass=10111 acc=-1 ipm=103.5,95.9 inv=104.5,61.6
frame=844 line=1 track=1 cross=0 circle=0(CIRCLE_NONE) round=0 yroad=0 ramp=0 road=2 speed=0 near=71/29 raw=156/96 sel=29/50 far=0/0 far_raw=0/0 l=0@-1/0@-1 far_l=0@-1/0@-1 straight=1/0 far_straight=0/0 circle_cnt=0/0/0/0 lost=0/0 conf=21.4/31.2/0.0/0.0 dist=0 m0=(84,119) ml=(77,89) md=33/1/109 cxcy=84.0,119.6 guide=6.81 atg=53.0/60.0/60.0 pure=-3.14/-6.70 yaw=-408 cmd=-208 actual=-1036 signed=0 rps=5286/4714:6872/6199 duty=10/11
CrossDiag: type=CROSS_NONE track=1 half_lr=0/0 nearL=0@-1/0@-1 nearNum=71/29 centerNum=71/29 farL=0@-1/0@-1 farNum=0/0 farRaw=0/0 lost=0/0 not_have=0 final=29/50 flags=0/0
LineErr: aim=33 cxcy=84.0,119.6 left=1:-0.65@85,90 dx=0.6 idx=0/19 dist=33/124 right=1:8.43@76,90 dx=-7.8 idx=0/5 dist=33/110 sel=1:6.43@78,87 dx=-6.3 idx=0/16 dist=32/98 edge=1:-5.19@89.5,82.5 dx=5.5 width=57.0 l=62,75 r=117,90
CxScan: raw_ref=80.0 edge=89.5,82.5 best_raw_x=95 best_err=0.26 best_cxcy=89.8,119.6 scan=0:-31.1,10:-28.3,20:-25.4,30:-22.3,40:-19.1,50:-15.8,60:-12.3,70:-8.8,80:-5.2,90:-1.6,100:2.1,110:5.7,120:9.3,130:12.8,140:16.1
ATGSeedDiag: seed=1@4,85/1@110,108 begin=7,108 block=5 clip=8
ATGLptDiag: best=69(21.4) imip=59/70 pass=10100 acc=-1 ipm=175.0,58.7 inv=152.4,32.3 | 8(31.2) imip=0/18 pass=10111 acc=-1 ipm=101.2,99.2 inv=103.2,66.4
frame=845 line=1 track=1 cross=0 circle=0(CIRCLE_NONE) round=0 yroad=0 ramp=0 road=2 speed=0 near=71/28 raw=156/93 sel=28/48 far=0/0 far_raw=0/0 l=0@-1/0@-1 far_l=0@-1/0@-1 straight=1/0 far_straight=0/0 circle_cnt=0/0/0/0 lost=0/0 conf=18.2/30.6/0.0/0.0 dist=0 m0=(84,119) ml=(78,89) md=32/1/104 cxcy=84.0,119.6 guide=5.43 atg=60.0/60.0/60.0 pure=-3.49/-6.65 yaw=-138 cmd=62 actual=-935 signed=0 rps=4915/5085:6555/5961 duty=9/12
CrossDiag: type=CROSS_NONE track=1 half_lr=0/0 nearL=0@-1/0@-1 nearNum=71/28 centerNum=71/28 farL=0@-1/0@-1 farNum=0/0 farRaw=0/0 lost=0/0 not_have=0 final=28/48 flags=0/0
LineErr: aim=33 cxcy=84.0,119.6 left=1:-0.90@85,91 dx=0.8 idx=0/19 dist=32/125 right=1:6.96@77,89 dx=-6.5 idx=0/5 dist=33/106 sel=1:4.97@79,87 dx=-4.9 idx=0/16 dist=32/94 edge=1:-5.71@90.0,83.0 dx=6.0 width=57.7 l=62,76 r=118,90
CxScan: raw_ref=80.0 edge=90.0,83.0 best_raw_x=95 best_err=-0.22 best_cxcy=89.8,119.6 scan=0:-31.7,10:-28.9,20:-26.0,30:-22.9,40:-19.7,50:-16.3,60:-12.9,70:-9.3,80:-5.7,90:-2.1,100:1.6,110:5.3,120:8.9,130:12.4,140:15.8
ATGSeedDiag: seed=1@4,86/1@110,108 begin=7,108 block=5 clip=8
ATGLptDiag: best=10(18.2) imip=0/20 pass=10110 acc=-1 ipm=53.5,86.5 inv=37.2,51.5 | 8(30.6) imip=0/18 pass=10111 acc=-1 ipm=102.2,99.5 inv=105.0,66.7
frame=846 line=1 track=1 cross=0 circle=0(CIRCLE_NONE) round=0 yroad=0 ramp=0 road=2 speed=0 near=71/27 raw=155/90 sel=27/46 far=0/0 far_raw=0/0 l=0@-1/0@-1 far_l=0@-1/0@-1 straight=1/0 far_straight=0/0 circle_cnt=0/0/0/0 lost=0/0 conf=16.2/30.3/0.0/0.0 dist=0 m0=(84,119) ml=(79,88) md=32/1/99 cxcy=84.0,119.6 guide=3.98 atg=60.0/60.0/60.0 pure=-3.85/-6.62 yaw=-101 cmd=99 actual=-845 signed=0 rps=4865/5135:6940/6429 duty=8/12
CrossDiag: type=CROSS_NONE track=1 half_lr=0/0 nearL=0@-1/0@-1 nearNum=71/27 centerNum=71/27 farL=0@-1/0@-1 farNum=0/0 farRaw=0/0 lost=0/0 not_have=0 final=27/46 flags=0/0
LineErr: aim=33 cxcy=84.0,119.6 left=1:-2.49@86,90 dx=2.3 idx=0/20 dist=33/126 right=1:5.30@79,89 dx=-5.0 idx=0/5 dist=33/102 sel=1:3.52@81,86 dx=-3.5 idx=0/16 dist=32/90 edge=1:-7.19@91.5,83.5 dx=7.5 width=58.9 l=63,76 r=120,91
CxScan: raw_ref=80.0 edge=91.5,83.5 best_raw_x=100 best_err=0.18 best_cxcy=91.7,119.6 scan=0:-32.9,10:-30.2,20:-27.3,30:-24.3,40:-21.1,50:-17.8,60:-14.4,70:-10.8,80:-7.2,90:-3.5,100:0.2,110:3.9,120:7.5,130:11.1,140:14.6
ATGSeedDiag: seed=1@4,86/1@110,108 begin=7,108 block=5 clip=8
ATGLptDiag: best=10(16.2) imip=0/20 pass=10110 acc=-1 ipm=53.9,86.5 inv=37.7,51.6 | 8(30.3) imip=0/18 pass=10111 acc=-1 ipm=103.4,99.9 inv=107.0,67.3
frame=847 line=1 track=1 cross=0 circle=0(CIRCLE_NONE) round=0 yroad=0 ramp=0 road=2 speed=0 near=70/26 raw=155/88 sel=26/45 far=0/0 far_raw=0/0 l=0@-1/0@-1 far_l=0@-1/0@-1 straight=1/0 far_straight=0/0 circle_cnt=0/0/0/0 lost=0/0 conf=16.6/30.1/0.0/0.0 dist=0 m0=(84,119) ml=(82,86) md=34/1/97 cxcy=84.0,119.6 guide=2.95 atg=60.0/60.0/60.0 pure=-4.19/-6.74 yaw=-75 cmd=125 actual=-750 signed=0 rps=4829/5171:6820/6443 duty=8/12
CrossDiag: type=CROSS_NONE track=1 half_lr=0/0 nearL=0@-1/0@-1 nearNum=70/26 centerNum=70/26 farL=0@-1/0@-1 farNum=0/0 farRaw=0/0 lost=0/0 not_have=0 final=26/45 flags=0/0
LineErr: aim=33 cxcy=84.0,119.6 left=1:-1.81@86,91 dx=1.6 idx=0/19 dist=33/122 right=1:3.53@81,88 dx=-3.4 idx=0/5 dist=34/99 sel=1:2.19@82,86 dx=-2.2 idx=0/16 dist=32/88 edge=1:-7.73@92.0,84.0 dx=8.0 width=60.2 l=63,76 r=121,92
CxScan: raw_ref=80.0 edge=92.0,84.0 best_raw_x=100 best_err=-0.30 best_cxcy=91.7,119.6 scan=0:-33.5,10:-30.8,20:-27.9,30:-24.9,40:-21.7,50:-18.4,60:-14.9,70:-11.4,80:-7.7,90:-4.0,100:-0.3,110:3.4,120:7.1,130:10.7,140:14.3
ATGSeedDiag: seed=1@4,86/1@110,108 begin=7,108 block=5 clip=8
ATGLptDiag: best=10(16.6) imip=0/20 pass=10110 acc=-1 ipm=54.5,86.7 inv=38.3,51.8 | 8(30.1) imip=0/18 pass=10111 acc=-1 ipm=104.3,100.1 inv=108.7,67.7
frame=848 line=1 track=1 cross=0 circle=0(CIRCLE_NONE) round=0 yroad=0 ramp=0 road=2 speed=0 near=68/25 raw=157/85 sel=25/43 far=0/0 far_raw=0/0 l=0@-1/0@-1 far_l=0@-1/0@-1 straight=1/0 far_straight=0/0 circle_cnt=0/0/0/0 lost=0/0 conf=18.0/29.7/0.0/0.0 dist=0 m0=(84,119) ml=(82,88) md=32/1/93 cxcy=84.0,119.6 guide=1.40 atg=60.0/60.0/60.0 pure=-4.57/-6.79 yaw=-36 cmd=164 actual=-670 signed=0 rps=4775/5225:7133/6731 duty=8/12
CrossDiag: type=CROSS_NONE track=1 half_lr=0/0 nearL=0@-1/0@-1 nearNum=68/25 centerNum=68/25 farL=0@-1/0@-1 farNum=0/0 farRaw=0/0 lost=0/0 not_have=0 final=25/43 flags=0/0
LineErr: aim=33 cxcy=84.0,119.6 left=1:-2.69@86,93 dx=2.3 idx=0/19 dist=33/119 right=1:1.88@82,87 dx=-1.8 idx=0/5 dist=34/95 sel=1:0.80@83,86 dx=-0.8 idx=0/16 dist=32/84 edge=1:-8.83@93.0,85.0 dx=9.0 width=60.2 l=64,77 r=122,93
CxScan: raw_ref=80.0 edge=93.0,85.0 best_raw_x=105 best_err=0.60 best_cxcy=93.6,119.6 scan=0:-34.6,10:-31.9,20:-29.1,30:-26.1,40:-22.9,50:-19.6,60:-16.1,70:-12.5,80:-8.8,90:-5.1,100:-1.3,110:2.5,120:6.3,130:10.0,140:13.6
ATGSeedDiag: seed=1@4,87/1@110,108 begin=7,108 block=5 clip=8
ATGLptDiag: best=10(18.0) imip=0/20 pass=10110 acc=-1 ipm=55.1,87.7 inv=38.6,52.7 | 10(29.7) imip=0/20 pass=10111 acc=-1 ipm=109.3,98.1 inv=114.7,64.6
frame=849 line=1 track=0 cross=0 circle=0(CIRCLE_NONE) round=0 yroad=0 ramp=0 road=3 speed=0 near=66/23 raw=155/81 sel=66/52 far=0/0 far_raw=0/0 l=0@-1/0@-1 far_l=0@-1/0@-1 straight=1/0 far_straight=0/0 circle_cnt=0/0/0/0 lost=0/0 conf=17.9/30.7/0.0/0.0 dist=0 m0=(84,119) ml=(84,97) md=33/1/113 cxcy=84.0,119.6 guide=-0.80 atg=60.0/60.0/60.0 pure=-7.00/-8.92 yaw=20 cmd=220 actual=-585 signed=0 rps=4698/5302:7290/6905 duty=7/12
CrossDiag: type=CROSS_NONE track=0 half_lr=0/0 nearL=0@-1/0@-1 nearNum=66/23 centerNum=66/23 farL=0@-1/0@-1 farNum=0/0 farRaw=0/0 lost=0/0 not_have=0 final=66/52 flags=0/0
LineErr: aim=33 cxcy=84.0,119.6 left=1:2.41@82,98 dx=-1.9 idx=2/15 dist=33/126 right=1:-13.63@101,74 dx=16.6 idx=0/11 dist=34/68 sel=1:-1.91@86,96 dx=1.6 idx=0/16 dist=32/102 edge=1:-11.04@95.0,86.5 dx=11.0 width=60.4 l=66,78 r=124,95
CxScan: raw_ref=80.0 edge=95.0,86.5 best_raw_x=110 best_err=0.53 best_cxcy=95.5,119.6 scan=0:-36.7,10:-34.0,20:-31.2,30:-28.3,40:-25.1,50:-21.8,60:-18.4,70:-14.8,80:-11.0,90:-7.2,100:-3.4,110:0.5,120:4.4,130:8.2,140:12.0
ATGSeedDiag: seed=1@4,88/1@110,107 begin=7,108 block=5 clip=8
ATGLptDiag: best=63(17.9) imip=53/65 pass=10100 acc=-1 ipm=167.0,61.3 inv=147.8,33.6 | 10(30.7) imip=0/20 pass=10111 acc=-1 ipm=110.5,98.6 inv=117.1,65.3
frame=850 line=1 track=0 cross=0 circle=0(CIRCLE_NONE) round=0 yroad=0 ramp=0 road=3 speed=0 near=65/23 raw=155/79 sel=65/51 far=0/0 far_raw=0/0 l=0@-1/0@-1 far_l=0@-1/0@-1 straight=1/0 far_straight=0/0 circle_cnt=0/0/0/0 lost=0/0 conf=17.9/31.1/0.0/0.0 dist=0 m0=(84,119) ml=(83,98) md=33/1/110 cxcy=84.0,119.6 guide=1.80 atg=60.0/60.0/60.0 pure=-7.33/-9.31 yaw=-46 cmd=154 actual=-520 signed=0 rps=4789/5211:6805/6545 duty=8/12
CrossDiag: type=CROSS_NONE track=0 half_lr=0/0 nearL=0@-1/0@-1 nearNum=65/23 centerNum=65/23 farL=0@-1/0@-1 farNum=0/0 farRaw=0/0 lost=0/0 not_have=0 final=65/51 flags=0/0
LineErr: aim=33 cxcy=84.0,119.6 left=1:3.72@81,100 dx=-2.8 idx=1/14 dist=33/128 right=1:-14.88@102,75 dx=18.1 idx=0/11 dist=34/68 sel=1:-1.65@85,97 dx=1.3 idx=0/16 dist=32/100 edge=1:-11.63@95.5,87.0 dx=11.5 width=61.7 l=66,78 r=125,96
CxScan: raw_ref=80.0 edge=95.5,87.0 best_raw_x=110 best_err=0.02 best_cxcy=95.5,119.6 scan=0:-37.2,10:-34.6,20:-31.8,30:-28.9,40:-25.7,50:-22.4,60:-19.0,70:-15.4,80:-11.6,90:-7.8,100:-3.9,110:0.0,120:3.9,130:7.8,140:11.6
ATGSeedDiag: seed=1@4,89/1@111,108 begin=7,108 block=5 clip=8
ATGLptDiag: best=10(17.9) imip=0/20 pass=10110 acc=-1 ipm=56.6,88.5 inv=40.2,53.5 | 10(31.1) imip=0/20 pass=10111 acc=-1 ipm=111.3,99.3 inv=118.9,66.3
frame=851 line=1 track=0 cross=0 circle=0(CIRCLE_NONE) round=0 yroad=0 ramp=0 road=3 speed=0 near=64/22 raw=154/77 sel=64/48 far=0/0 far_raw=0/0 l=0@-1/0@-1 far_l=0@-1/0@-1 straight=1/0 far_straight=0/0 circle_cnt=0/0/0/0 lost=0/0 conf=19.3/30.0/0.0/0.0 dist=0 m0=(84,119) ml=(87,97) md=33/1/105 cxcy=84.0,119.6 guide=-3.48 atg=60.0/60.0/60.0 pure=-7.89/-9.39 yaw=89 cmd=289 actual=-464 signed=0 rps=4604/5396:6775/6691 duty=8/13
CrossDiag: type=CROSS_NONE track=0 half_lr=0/0 nearL=0@-1/0@-1 nearNum=64/22 centerNum=64/22 farL=0@-1/0@-1 farNum=0/0 farRaw=0/0 lost=0/0 not_have=0 final=64/48 flags=0/0
LineErr: aim=33 cxcy=84.0,119.6 left=1:0.28@84,99 dx=-0.2 idx=3/16 dist=32/117 right=1:-16.27@104,75 dx=19.8 idx=0/11 dist=34/64 sel=1:-5.47@89,96 dx=4.5 idx=0/16 dist=32/94 edge=1:-12.72@96.5,87.5 dx=12.5 width=61.4 l=67,79 r=126,96
CxScan: raw_ref=80.0 edge=96.5,87.5 best_raw_x=115 best_err=0.96 best_cxcy=97.4,119.7 scan=0:-38.1,10:-35.6,20:-32.8,30:-29.9,40:-26.8,50:-23.5,60:-20.1,70:-16.5,80:-12.7,90:-8.9,100:-5.0,110:-1.0,120:2.9,130:6.9,140:10.7
ATGSeedDiag: seed=1@4,89/1@111,108 begin=7,108 block=5 clip=8
ATGLptDiag: best=54(19.3) imip=44/63 pass=10100 acc=-1 ipm=150.0,58.1 inv=130.6,32.1 | 10(30.0) imip=0/20 pass=10111 acc=-1 ipm=112.2,99.8 inv=120.8,67.0
frame=852 line=1 track=0 cross=0 circle=0(CIRCLE_NONE) round=0 yroad=0 ramp=0 road=3 speed=0 near=64/21 raw=155/75 sel=64/49 far=0/0 far_raw=0/0 l=0@-1/0@-1 far_l=0@-1/0@-1 straight=1/0 far_straight=0/0 circle_cnt=0/0/0/0 lost=0/0 conf=18.6/39.3/0.0/0.0 dist=0 m0=(84,119) ml=(87,97) md=33/1/106 cxcy=84.0,119.6 guide=-2.73 atg=60.0/60.0/60.0 pure=-7.95/-9.43 yaw=70 cmd=270 actual=-419 signed=0 rps=4630/5370:6290/6234 duty=8/13
CrossDiag: type=CROSS_NONE track=0 half_lr=0/0 nearL=0@-1/0@-1 nearNum=64/21 centerNum=64/21 farL=0@-1/0@-1 farNum=0/0 farRaw=0/0 lost=0/0 not_have=0 final=64/49 flags=0/0
LineErr: aim=33 cxcy=84.0,119.6 left=1:-0.19@84,99 dx=0.1 idx=3/16 dist=33/119 right=1:-17.04@105,76 dx=20.6 idx=0/11 dist=33/60 sel=1:-6.20@89,96 dx=5.1 idx=0/16 dist=32/96 edge=1:-13.33@97.0,88.0 dx=13.0 width=62.6 l=67,79 r=127,97
CxScan: raw_ref=80.0 edge=97.0,88.0 best_raw_x=115 best_err=0.45 best_cxcy=97.4,119.7 scan=0:-38.7,10:-36.2,20:-33.4,30:-30.5,40:-27.4,50:-24.1,60:-20.7,70:-17.1,80:-13.3,90:-9.5,100:-5.5,110:-1.5,120:2.4,130:6.4,140:10.3
ATGSeedDiag: seed=1@4,90/1@112,108 begin=7,108 block=5 clip=8
ATGLptDiag: best=54(18.6) imip=44/63 pass=10100 acc=-1 ipm=150.1,57.9 inv=130.5,32.0 | 10(39.3) imip=0/20 pass=10111 acc=-1 ipm=113.2,100.2 inv=122.8,67.7
frame=853 line=1 track=0 cross=0 circle=0(CIRCLE_NONE) round=0 yroad=0 ramp=0 road=3 speed=0 near=65/21 raw=154/72 sel=65/50 far=0/0 far_raw=0/0 l=0@-1/0@-1 far_l=0@-1/0@-1 straight=1/0 far_straight=0/0 circle_cnt=0/0/0/0 lost=0/0 conf=15.8/37.3/0.0/0.0 dist=0 m0=(84,119) ml=(87,97) md=33/1/109 cxcy=84.0,119.6 guide=-4.26 atg=60.0/60.0/60.0 pure=-7.90/-9.28 yaw=109 cmd=309 actual=-356 signed=0 rps=4577/5423:6456/6321 duty=8/13
CrossDiag: type=CROSS_NONE track=0 half_lr=0/0 nearL=0@-1/0@-1 nearNum=65/21 centerNum=65/21 farL=0@-1/0@-1 farNum=0/0 farRaw=0/0 lost=0/0 not_have=0 final=65/50 flags=0/0
LineErr: aim=33 cxcy=84.0,119.6 left=1:-2.59@86,98 dx=2.0 idx=3/17 dist=33/123 right=1:-18.02@106,76 dx=21.7 idx=0/11 dist=33/60 sel=1:-6.32@89,96 dx=5.2 idx=0/16 dist=32/98 edge=1:-14.44@98.0,88.5 dx=14.0 width=62.4 l=68,80 r=128,97
CxScan: raw_ref=80.0 edge=98.0,88.5 best_raw_x=115 best_err=-0.60 best_cxcy=97.4,119.7 scan=0:-39.6,10:-37.1,20:-34.4,30:-31.5,40:-28.4,50:-25.2,60:-21.8,70:-18.2,80:-14.4,90:-10.6,100:-6.6,110:-2.6,120:1.4,130:5.4,140:9.4
ATGSeedDiag: seed=1@4,90/1@113,108 begin=7,108 block=5 clip=8
ATGLptDiag: best=55(15.8) imip=45/64 pass=10100 acc=-1 ipm=152.0,57.8 inv=132.1,32.0 | 10(37.3) imip=0/20 pass=10111 acc=-1 ipm=114.1,100.7 inv=124.7,68.5
frame=854 line=1 track=0 cross=0 circle=0(CIRCLE_NONE) round=0 yroad=0 ramp=0 road=3 speed=0 near=65/20 raw=155/68 sel=65/49 far=0/0 far_raw=0/0 l=0@-1/0@-1 far_l=0@-1/0@-1 straight=1/0 far_straight=0/0 circle_cnt=0/0/0/0 lost=0/0 conf=15.8/35.2/0.0/0.0 dist=0 m0=(84,119) ml=(89,96) md=33/1/105 cxcy=84.0,119.6 guide=-7.27 atg=60.0/60.0/60.0 pure=-8.10/-9.21 yaw=436 cmd=636 actual=-301 signed=0 rps=4128/5872:6677/6457 duty=6/15
CrossDiag: type=CROSS_NONE track=0 half_lr=0/0 nearL=0@-1/0@-1 nearNum=65/20 centerNum=65/20 farL=0@-1/0@-1 farNum=0/0 farRaw=0/0 lost=0/0 not_have=0 final=65/49 flags=0/0
LineErr: aim=33 cxcy=84.0,119.6 left=1:-5.00@88,97 dx=4.0 idx=4/18 dist=33/119 right=1:-19.20@107,76 dx=23.1 idx=0/11 dist=32/56 sel=1:-8.50@91,95 dx=7.1 idx=0/16 dist=32/96 edge=1:-15.07@98.5,89.0 dx=14.5 width=63.6 l=68,80 r=129,98
CxScan: raw_ref=80.0 edge=98.5,89.0 best_raw_x=120 best_err=0.90 best_cxcy=99.3,119.7 scan=0:-40.2,10:-37.7,20:-35.0,30:-32.1,40:-29.1,50:-25.8,60:-22.4,70:-18.8,80:-15.1,90:-11.2,100:-7.2,110:-3.2,120:0.9,130:5.0,140:9.0
ATGSeedDiag: seed=1@4,91/1@113,107 begin=7,108 block=5 clip=8
ATGLptDiag: best=10(15.8) imip=0/20 pass=10110 acc=-1 ipm=58.0,89.6 inv=41.5,54.7 | 9(35.2) imip=0/19 pass=10111 acc=-1 ipm=113.2,102.0 inv=124.7,70.5
frame=855 line=1 track=0 cross=0 circle=0(CIRCLE_NONE) round=0 yroad=0 ramp=0 road=3 speed=0 near=63/18 raw=155/63 sel=63/46 far=0/0 far_raw=0/0 l=0@-1/0@-1 far_l=0@-1/0@-1 straight=1/0 far_straight=0/0 circle_cnt=0/0/0/0 lost=0/0 conf=16.9/30.9/0.0/0.0 dist=0 m0=(84,119) ml=(93,97) md=32/1/100 cxcy=84.0,119.6 guide=-12.11 atg=60.0/60.0/60.0 pure=-8.71/-9.51 yaw=726 cmd=926 actual=-232 signed=0 rps=3730/6270:6444/6253 duty=5/17
CrossDiag: type=CROSS_NONE track=0 half_lr=0/0 nearL=0@-1/0@-1 nearNum=63/18 centerNum=63/18 farL=0@-1/0@-1 farNum=0/0 farRaw=0/0 lost=0/0 not_have=0 final=63/46 flags=0/0
LineErr: aim=33 cxcy=84.0,119.6 left=1:-8.12@90,98 dx=6.3 idx=5/19 dist=33/113 right=1:-23.04@112,77 dx=28.0 idx=0/12 dist=33/48 sel=1:-12.87@95,95 dx=10.8 idx=0/16 dist=32/90 edge=1:-17.00@100.0,90.5 dx=16.0 width=64.8 l=69,81 r=131,100
CxScan: raw_ref=80.0 edge=100.0,90.5 best_raw_x=120 best_err=-0.72 best_cxcy=99.3,119.7 scan=0:-41.9,10:-39.5,20:-36.8,30:-34.0,40:-31.0,50:-27.8,60:-24.4,70:-20.8,80:-17.0,90:-13.1,100:-9.0,110:-4.9,120:-0.7,130:3.5,140:7.6
ATGSeedDiag: seed=1@4,93/1@115,108 begin=7,108 block=5 clip=8
ATGLptDiag: best=54(16.9) imip=44/62 pass=10100 acc=-1 ipm=152.1,60.4 inv=134.0,33.2 | 7(30.9) imip=0/17 pass=10111 acc=-1 ipm=110.7,105.4 inv=124.4,76.6
frame=856 line=1 track=0 cross=0 circle=0(CIRCLE_NONE) round=0 yroad=0 ramp=0 road=3 speed=0 near=61/17 raw=155/60 sel=61/44 far=0/0 far_raw=0/0 l=0@-1/0@-1 far_l=0@-1/0@-1 straight=1/0 far_straight=0/0 circle_cnt=0/0/0/0 lost=0/0 conf=15.5/22.6/0.0/0.0 dist=0 m0=(84,119) ml=(94,97) md=33/1/95 cxcy=84.0,119.6 guide=-13.47 atg=60.0/60.0/60.0 pure=-9.17/-9.77 yaw=808 cmd=1008 actual=-175 signed=0 rps=3619/6381:6823/6743 duty=4/17
CrossDiag: type=CROSS_NONE track=0 half_lr=0/0 nearL=0@-1/0@-1 nearNum=61/17 centerNum=61/17 farL=0@-1/0@-1 farNum=0/0 farRaw=0/0 lost=0/0 not_have=0 final=61/44 flags=0/0
LineErr: aim=33 cxcy=84.0,119.6 left=1:-11.14@93,98 dx=8.8 idx=5/21 dist=33/107 right=1:-24.16@113,78 dx=29.2 idx=0/12 dist=32/44 sel=1:-14.69@96,96 dx=12.2 idx=0/16 dist=32/86 edge=1:-18.32@101.0,91.5 dx=17.0 width=64.8 l=70,82 r=132,101
CxScan: raw_ref=80.0 edge=101.0,91.5 best_raw_x=125 best_err=0.29 best_cxcy=101.3,119.7 scan=0:-43.1,10:-40.7,20:-38.1,30:-35.3,40:-32.3,50:-29.1,60:-25.7,70:-22.1,80:-18.3,90:-14.4,100:-10.3,110:-6.1,120:-1.8,130:2.4,140:6.6
ATGSeedDiag: seed=1@4,93/1@116,108 begin=7,108 block=5 clip=8
ATGLptDiag: best=9(15.5) imip=0/19 pass=10110 acc=-1 ipm=58.3,93.1 inv=40.1,58.6 | 4(22.6) imip=0/14 pass=10111 acc=-1 ipm=105.6,109.4 inv=119.8,85.4
frame=857 line=1 track=0 cross=0 circle=0(CIRCLE_NONE) round=0 yroad=0 ramp=0 road=3 speed=0 near=60/16 raw=154/58 sel=60/43 far=0/0 far_raw=0/0 l=0@-1/0@-1 far_l=0@-1/0@-1 straight=1/0 far_straight=0/0 circle_cnt=0/0/0/0 lost=0/0 conf=14.6/28.4/0.0/0.0 dist=0 m0=(84,119) ml=(96,98) md=32/1/93 cxcy=84.0,119.6 guide=-16.11 atg=60.0/60.0/60.0 pure=-9.67/-10.08 yaw=967 cmd=1167 actual=-125 signed=0 rps=3401/6599:6585/6599 duty=4/18
CrossDiag: type=CROSS_NONE track=0 half_lr=0/0 nearL=0@-1/0@-1 nearNum=60/16 centerNum=60/16 farL=0@-1/0@-1 farNum=0/0 farRaw=0/0 lost=0/0 not_have=0 final=60/43 flags=0/0
LineErr: aim=33 cxcy=84.0,119.6 left=1:-13.75@95,98 dx=10.8 idx=6/22 dist=33/101 right=1:-27.20@117,78 dx=33.3 idx=0/13 dist=34/40 sel=1:-17.48@99,97 dx=14.5 idx=0/16 dist=32/84 edge=1:-22.50@106.5,88.5 dx=22.5 width=54.2 l=83,75 r=130,102
CxScan: raw_ref=80.0 edge=106.5,88.5 best_raw_x=140 best_err=0.52 best_cxcy=107.0,119.7 scan=0:-44.6,10:-42.4,20:-40.1,30:-37.6,40:-34.9,50:-32.1,60:-29.1,70:-25.9,80:-22.5,90:-19.0,100:-15.3,110:-11.4,120:-7.5,130:-3.5,140:0.5
ATGSeedDiag: seed=1@4,94/1@117,108 begin=7,108 block=5 clip=8
ATGLptDiag: best=10(14.6) imip=0/20 pass=10110 acc=-1 ipm=60.5,91.6 inv=43.8,56.8 | 5(28.4) imip=0/15 pass=10111 acc=-1 ipm=108.3,108.5 inv=123.9,83.2
frame=858 line=1 track=0 cross=0 circle=0(CIRCLE_NONE) round=0 yroad=0 ramp=0 road=3 speed=0 near=59/16 raw=155/55 sel=59/41 far=0/0 far_raw=0/0 l=0@-1/0@-1 far_l=0@-1/0@-1 straight=1/0 far_straight=0/0 circle_cnt=0/0/0/0 lost=0/0 conf=17.4/26.6/0.0/0.0 dist=0 m0=(84,119) ml=(98,98) md=32/1/90 cxcy=84.0,119.6 guide=-17.23 atg=60.0/60.0/60.0 pure=-9.78/-10.24 yaw=1034 cmd=1234 actual=-66 signed=0 rps=3309/6691:6613/6693 duty=3/18
CrossDiag: type=CROSS_NONE track=0 half_lr=0/0 nearL=0@-1/0@-1 nearNum=59/16 centerNum=59/16 farL=0@-1/0@-1 farNum=0/0 farRaw=0/0 lost=0/0 not_have=0 final=59/41 flags=0/0
LineErr: aim=33 cxcy=84.0,119.6 left=1:-14.40@95,99 dx=11.2 idx=7/22 dist=32/101 right=1:-28.35@119,79 dx=34.6 idx=0/13 dist=34/40 sel=1:-19.25@100,96 dx=16.2 idx=0/16 dist=32/80 edge=1:-21.87@105.0,90.5 dx=21.0 width=57.7 l=79,78 r=131,103
CxScan: raw_ref=80.0 edge=105.0,90.5 best_raw_x=135 best_err=0.09 best_cxcy=105.1,119.7 scan=0:-44.8,10:-42.6,20:-40.2,30:-37.6,40:-34.9,50:-31.9,60:-28.8,70:-25.4,80:-21.9,90:-18.2,100:-14.3,110:-10.3,120:-6.2,130:-2.0,140:2.2
ATGSeedDiag: seed=1@4,94/1@118,108 begin=7,108 block=5 clip=8
ATGLptDiag: best=48(17.4) imip=38/58 pass=10100 acc=-1 ipm=141.4,64.3 inv=127.0,35.2 | 7(26.6) imip=0/15 pass=10111 acc=-1 ipm=113.2,106.6 inv=130.4,79.0
frame=859 line=1 track=0 cross=0 circle=0(CIRCLE_NONE) round=0 yroad=0 ramp=0 road=3 speed=0 near=59/15 raw=154/53 sel=59/41 far=0/0 far_raw=0/0 l=0@-1/0@-1 far_l=0@-1/0@-1 straight=1/0 far_straight=0/0 circle_cnt=0/0/0/0 lost=0/0 conf=14.5/25.5/0.0/0.0 dist=0 m0=(84,119) ml=(99,98) md=33/1/89 cxcy=84.0,119.6 guide=-18.15 atg=60.0/60.0/60.0 pure=-9.84/-10.18 yaw=1089 cmd=1289 actual=-9 signed=0 rps=3233/6767:6633/6932 duty=3/18
CrossDiag: type=CROSS_NONE track=0 half_lr=0/0 nearL=0@-1/0@-1 nearNum=59/15 centerNum=59/15 farL=0@-1/0@-1 farNum=0/0 farRaw=0/0 lost=0/0 not_have=0 final=59/41 flags=0/0
LineErr: aim=33 cxcy=84.0,119.6 left=1:-16.39@97,99 dx=13.0 idx=7/23 dist=33/102 right=1:-29.30@120,79 dx=35.7 idx=0/13 dist=33/36 sel=1:-19.66@101,96 dx=16.5 idx=0/16 dist=32/80 edge=1:-23.53@107.0,90.0 dx=23.0 width=53.9 l=84,76 r=130,104
CxScan: raw_ref=80.0 edge=107.0,90.0 best_raw_x=140 best_err=-0.01 best_cxcy=107.0,119.7 scan=0:-45.6,10:-43.5,20:-41.2,30:-38.7,40:-36.1,50:-33.2,60:-30.2,70:-27.0,80:-23.5,90:-19.9,100:-16.2,110:-12.3,120:-8.2,130:-4.1,140:-0.0
ATGSeedDiag: seed=1@4,94/1@119,108 begin=7,108 block=5 clip=8
ATGLptDiag: best=10(14.5) imip=0/20 pass=10110 acc=-1 ipm=61.2,92.2 inv=44.4,57.5 | 4(25.5) imip=0/14 pass=10111 acc=-1 ipm=107.9,110.4 inv=125.5,87.5
frame=860 line=1 track=0 cross=0 circle=0(CIRCLE_NONE) round=0 yroad=0 ramp=0 road=3 speed=0 near=59/14 raw=154/49 sel=59/41 far=0/0 far_raw=0/0 l=0@-1/0@-1 far_l=0@-1/0@-1 straight=1/0 far_straight=0/0 circle_cnt=0/0/0/0 lost=0/0 conf=14.6/23.0/0.0/0.0 dist=0 m0=(84,119) ml=(100,98) md=33/1/90 cxcy=84.0,119.6 guide=-19.06 atg=60.0/60.0/60.0 pure=-9.96/-10.17 yaw=1144 cmd=1344 actual=55 signed=0 rps=3158/6842:6536/7052 duty=3/18
CrossDiag: type=CROSS_NONE track=0 half_lr=0/0 nearL=0@-1/0@-1 nearNum=59/14 centerNum=59/14 farL=0@-1/0@-1 farNum=0/0 farRaw=0/0 lost=0/0 not_have=0 final=59/41 flags=0/0
LineErr: aim=33 cxcy=84.0,119.6 left=1:-17.09@97,99 dx=13.4 idx=7/23 dist=33/99 right=1:-30.46@121,80 dx=37.0 idx=0/13 dist=32/32 sel=1:-20.43@101,96 dx=17.3 idx=0/16 dist=32/80 edge=1:-24.19@107.5,90.5 dx=23.5 width=51.9 l=86,76 r=129,105
CxScan: raw_ref=80.0 edge=107.5,90.5 best_raw_x=140 best_err=-0.55 best_cxcy=107.0,119.7 scan=0:-46.2,10:-44.1,20:-41.8,30:-39.3,40:-36.7,50:-33.8,60:-30.8,70:-27.6,80:-24.2,90:-20.6,100:-16.8,110:-12.9,120:-8.9,130:-4.7,140:-0.6
ATGSeedDiag: seed=1@4,95/1@121,107 begin=7,108 block=5 clip=8
ATGLptDiag: best=10(14.6) imip=0/20 pass=10110 acc=-1 ipm=61.4,92.5 inv=44.6,57.9 | 3(23.0) imip=0/13 pass=10111 acc=-1 ipm=107.2,111.6 inv=125.9,90.8
frame=861 line=1 track=0 cross=0 circle=0(CIRCLE_NONE) round=0 yroad=0 ramp=0 road=3 speed=0 near=59/13 raw=154/46 sel=59/41 far=0/0 far_raw=0/0 l=0@-1/0@-1 far_l=0@-1/0@-1 straight=1/0 far_straight=0/0 circle_cnt=0/0/0/0 lost=0/0 conf=17.0/20.5/0.0/0.0 dist=0 m0=(84,119) ml=(101,98) md=33/1/88 cxcy=84.0,119.6 guide=-21.70 atg=60.0/60.0/60.0 pure=-10.19/-10.27 yaw=1302 cmd=1502 actual=128 signed=0 rps=2941/7059:6143/6659 duty=2/19
CrossDiag: type=CROSS_NONE track=0 half_lr=0/0 nearL=0@-1/0@-1 nearNum=59/13 centerNum=59/13 farL=0@-1/0@-1 farNum=0/0 farRaw=0/0 lost=0/0 not_have=0 final=59/41 flags=0/0
LineErr: aim=33 cxcy=84.0,119.6 left=1:-15.91@96,100 dx=12.2 idx=7/22 dist=32/100 right=1:-28.70@118,81 dx=33.9 idx=0/12 dist=28/28 sel=1:-21.91@103,97 dx=18.6 idx=0/16 dist=32/80 edge=1:-23.27@106.5,90.5 dx=22.5 width=50.2 l=86,76 r=127,105
CxScan: raw_ref=80.0 edge=106.5,90.5 best_raw_x=140 best_err=0.54 best_cxcy=107.0,119.7 scan=0:-45.6,10:-43.5,20:-41.1,30:-38.6,40:-36.0,50:-33.1,60:-30.0,70:-26.7,80:-23.3,90:-19.6,100:-15.8,110:-11.8,120:-7.8,130:-3.6,140:0.5
ATGSeedDiag: seed=1@4,96/1@122,108 begin=7,108 block=5 clip=8
ATGLptDiag: best=54(17.0) imip=44/58 pass=10100 acc=-1 ipm=156.2,68.1 inv=143.8,37.2 | 2(20.5) imip=0/12 pass=10111 acc=-1 ipm=105.7,113.4 inv=125.4,95.7
frame=862 line=1 track=0 cross=0 circle=0(CIRCLE_NONE) round=0 yroad=0 ramp=0 road=3 speed=0 near=58/12 raw=155/42 sel=58/39 far=0/0 far_raw=0/0 l=0@-1/0@-1 far_l=0@-1/0@-1 straight=1/0 far_straight=0/0 circle_cnt=0/0/0/0 lost=0/0 conf=14.1/18.6/0.0/0.0 dist=0 m0=(84,119) ml=(102,97) md=32/1/84 cxcy=84.0,119.6 guide=-23.68 atg=60.0/60.0/60.0 pure=-10.21/-10.31 yaw=1421 cmd=1621 actual=198 signed=0 rps=2779/7221:6185/6641 duty=2/20
CrossDiag: type=CROSS_NONE track=0 half_lr=0/0 nearL=0@-1/0@-1 nearNum=58/12 centerNum=58/12 farL=0@-1/0@-1 farNum=0/0 farRaw=0/0 lost=0/0 not_have=0 final=58/39 flags=0/0
LineErr: aim=33 cxcy=84.0,119.6 left=1:-18.46@98,100 dx=14.2 idx=8/23 dist=32/96 right=1:-28.65@117,82 dx=33.3 idx=0/11 dist=24/24 sel=1:-24.19@105,97 dx=20.7 idx=0/16 dist=32/76 edge=1:-24.14@107.0,91.5 dx=23.0 width=49.4 l=87,77 r=127,106
CxScan: raw_ref=80.0 edge=107.0,91.5 best_raw_x=140 best_err=-0.01 best_cxcy=107.0,119.7 scan=0:-46.5,10:-44.3,20:-42.0,30:-39.5,40:-36.8,50:-34.0,60:-30.9,70:-27.6,80:-24.1,90:-20.5,100:-16.6,110:-12.6,120:-8.5,130:-4.3,140:-0.0
ATGSeedDiag: seed=1@4,97/1@124,106 begin=7,108 block=5 clip=8
ATGLptDiag: best=55(14.1) imip=45/57 pass=10100 acc=-1 ipm=158.6,69.8 inv=147.7,38.2 | 9(18.6) imip=0/11 pass=10111 acc=-1 ipm=122.1,106.8 inv=146.8,79.3
frame=863 line=1 track=0 cross=0 circle=0(CIRCLE_NONE) round=0 yroad=0 ramp=0 road=3 speed=0 near=57/12 raw=154/41 sel=57/39 far=0/0 far_raw=0/0 l=0@-1/0@-1 far_l=0@-1/0@-1 straight=1/0 far_straight=0/0 circle_cnt=0/0/0/0 lost=0/0 conf=14.1/18.6/0.0/0.0 dist=0 m0=(84,119) ml=(103,98) md=33/1/85 cxcy=84.0,119.6 guide=-23.73 atg=60.0/60.0/60.0 pure=-10.53/-10.49 yaw=1424 cmd=1624 actual=283 signed=0 rps=2774/7226:5941/6399 duty=2/20
CrossDiag: type=CROSS_NONE track=0 half_lr=0/0 nearL=0@-1/0@-1 nearNum=57/12 centerNum=57/12 farL=0@-1/0@-1 farNum=0/0 farRaw=0/0 lost=0/0 not_have=0 final=57/39 flags=0/0
LineErr: aim=33 cxcy=84.0,119.6 left=1:-20.69@100,100 dx=16.2 idx=8/24 dist=32/95 right=1:-29.17@118,83 dx=33.6 idx=0/11 dist=24/24 sel=1:-25.71@106,98 dx=21.5 idx=0/16 dist=32/76 edge=1:-25.52@108.5,91.5 dx=24.5 width=48.3 l=90,76 r=127,107
CxScan: raw_ref=80.0 edge=108.5,91.5 best_raw_x=140 best_err=-1.68 best_cxcy=107.0,119.7 scan=0:-47.3,10:-45.2,20:-42.9,30:-40.5,40:-37.9,50:-35.1,60:-32.1,70:-28.9,80:-25.5,90:-21.9,100:-18.1,110:-14.2,120:-10.1,130:-5.9,140:-1.7
ATGSeedDiag: seed=1@4,98/1@125,108 begin=7,108 block=5 clip=8
ATGLptDiag: best=10(14.1) imip=0/20 pass=10110 acc=-1 ipm=62.8,93.7 inv=46.0,59.3 | 5(18.6) imip=0/11 pass=10111 acc=-1 ipm=113.3,110.3 inv=136.1,87.2
frame=864 line=1 track=0 cross=0 circle=0(CIRCLE_NONE) round=0 yroad=0 ramp=0 road=3 speed=0 near=56/11 raw=154/38 sel=56/38 far=0/0 far_raw=0/0 l=0@-1/0@-1 far_l=0@-1/0@-1 straight=1/0 far_straight=0/0 circle_cnt=0/0/0/0 lost=0/0 conf=14.4/17.2/0.0/0.0 dist=0 m0=(84,119) ml=(106,99) md=33/1/81 cxcy=84.0,119.6 guide=-26.10 atg=60.0/60.0/60.0 pure=-10.82/-10.68 yaw=1566 cmd=1766 actual=384 signed=0 rps=2580/7420:6312/6923 duty=1/21
CrossDiag: type=CROSS_NONE track=0 half_lr=0/0 nearL=0@-1/0@-1 nearNum=56/11 centerNum=56/11 farL=0@-1/0@-1 farNum=0/0 farRaw=0/0 lost=0/0 not_have=0 final=56/38 flags=0/0
LineErr: aim=33 cxcy=84.0,119.6 left=1:-20.79@100,101 dx=16.0 idx=8/24 dist=33/92 right=1:-28.13@116,84 dx=31.6 idx=0/10 dist=20/20 sel=1:-26.94@106,99 dx=22.4 idx=0/16 dist=32/74 edge=1:-25.28@108.0,92.0 dx=24.0 width=48.2 l=90,76 r=126,108
CxScan: raw_ref=80.0 edge=108.0,92.0 best_raw_x=140 best_err=-1.13 best_cxcy=107.0,119.7 scan=0:-47.3,10:-45.2,20:-42.9,30:-40.5,40:-37.8,50:-35.0,60:-32.0,70:-28.7,80:-25.3,90:-21.6,100:-17.8,110:-13.8,120:-9.7,130:-5.4,140:-1.1
ATGSeedDiag: seed=1@4,98/1@126,108 begin=7,108 block=5 clip=8
ATGLptDiag: best=10(14.4) imip=0/20 pass=10110 acc=-1 ipm=63.1,94.1 inv=46.2,59.9 | 1(17.2) imip=0/10 pass=10111 acc=-1 ipm=106.2,115.1 inv=128.9,100.6
frame=865 line=1 track=0 cross=0 circle=0(CIRCLE_NONE) round=0 yroad=0 ramp=0 road=3 speed=0 near=56/10 raw=154/36 sel=56/37 far=0/0 far_raw=0/0 l=0@-1/0@-1 far_l=0@-1/0@-1 straight=1/0 far_straight=0/0 circle_cnt=0/0/0/0 lost=0/0 conf=15.1/16.0/0.0/0.0 dist=0 m0=(84,119) ml=(103,100) md=32/1/82 cxcy=84.0,119.6 guide=-25.63 atg=60.0/60.0/60.0 pure=-10.91/-10.88 yaw=1538 cmd=1738 actual=481 signed=0 rps=2619/7381:7856/8845 duty=0/18
CrossDiag: type=CROSS_NONE track=0 half_lr=0/0 nearL=0@-1/0@-1 nearNum=56/10 centerNum=56/10 farL=0@-1/0@-1 farNum=0/0 farRaw=0/0 lost=0/0 not_have=0 final=56/37 flags=0/0
LineErr: aim=33 cxcy=84.0,119.6 left=1:-21.88@101,101 dx=16.7 idx=8/24 dist=32/92 right=1:-27.41@114,85 dx=30.2 idx=0/9 dist=18/18 sel=1:-28.62@108,100 dx=23.6 idx=0/16 dist=32/72 edge=1:-25.26@107.5,93.0 dx=23.5 width=46.0 l=91,77 r=124,109
CxScan: raw_ref=80.0 edge=107.5,93.0 best_raw_x=140 best_err=-0.58 best_cxcy=107.0,119.7 scan=0:-47.6,10:-45.5,20:-43.2,30:-40.7,40:-38.0,50:-35.2,60:-32.1,70:-28.8,80:-25.3,90:-21.5,100:-17.6,110:-13.5,120:-9.3,130:-5.0,140:-0.6
ATGSeedDiag: seed=1@4,99/1@128,108 begin=7,108 block=5 clip=8
ATGLptDiag: best=45(15.1) imip=35/55 pass=10100 acc=-1 ipm=138.5,69.4 inv=127.8,38.0 | 8(16.0) imip=0/9 pass=10111 acc=-1 ipm=121.7,109.0 inv=150.3,84.1
frame=866 line=1 track=0 cross=0 circle=0(CIRCLE_NONE) round=0 yroad=0 ramp=0 road=3 speed=0 near=55/9 raw=154/33 sel=55/36 far=0/0 far_raw=0/0 l=0@-1/0@-1 far_l=0@-1/0@-1 straight=1/0 far_straight=0/0 circle_cnt=0/0/0/0 lost=0/0 conf=13.5/13.8/0.0/0.0 dist=0 m0=(84,119) ml=(107,100) md=32/1/78 cxcy=84.0,119.6 guide=-29.84 atg=60.0/60.0/60.0 pure=-11.03/-11.02 yaw=1790 cmd=1990 actual=569 signed=0 rps=2272/7728:5800/6528 duty=1/22
CrossDiag: type=CROSS_NONE track=0 half_lr=0/0 nearL=0@-1/0@-1 nearNum=55/9 centerNum=55/9 farL=0@-1/0@-1 farNum=0/0 farRaw=0/0 lost=0/0 not_have=0 final=55/36 flags=0/0
LineErr: aim=33 cxcy=84.0,119.6 left=1:-23.61@102,101 dx=18.1 idx=9/25 dist=33/89 right=1:-26.75@113,85 dx=28.9 idx=0/8 dist=16/16 sel=1:-30.99@110,100 dx=25.7 idx=0/16 dist=32/70 edge=1:-25.95@108.0,93.5 dx=24.0 width=44.6 l=93,77 r=123,110
CxScan: raw_ref=80.0 edge=108.0,93.5 best_raw_x=140 best_err=-1.17 best_cxcy=107.0,119.7 scan=0:-48.1,10:-46.0,20:-43.8,30:-41.3,40:-38.7,50:-35.8,60:-32.8,70:-29.5,80:-26.0,90:-22.2,100:-18.3,110:-14.2,120:-9.9,130:-5.6,140:-1.2
ATGSeedDiag: seed=1@4,99/1@129,108 begin=7,108 block=5 clip=8
ATGLptDiag: best=46(13.5) imip=36/54 pass=10100 acc=-1 ipm=141.4,71.1 inv=131.8,39.0 | 7(13.8) imip=0/8 pass=10111 acc=-1 ipm=120.5,110.0 inv=149.7,86.3
frame=867 line=1 track=1 cross=0 circle=0(CIRCLE_NONE) round=0 yroad=0 ramp=0 road=3 speed=0 near=1/9 raw=170/30 sel=9/21 far=0/0 far_raw=0/0 l=0@-1/0@-1 far_l=0@-1/0@-1 straight=0/0 far_straight=0/0 circle_cnt=0/0/0/0 lost=0/0 conf=0.0/13.8/0.0/0.0 dist=0 m0=(84,119) ml=(103,89) md=33/1/42 cxcy=84.0,119.6 guide=-19.22 atg=60.0/60.0/60.0 pure=-7.50/-7.50 yaw=1153 cmd=1353 actual=660 signed=0 rps=3146/6854:6241/7155 duty=3/18
CrossDiag: type=CROSS_NONE track=1 half_lr=0/0 nearL=0@-1/0@-1 nearNum=1/9 centerNum=1/9 farL=0@-1/0@-1 farNum=0/0 farRaw=0/0 lost=0/0 not_have=0 final=9/21 flags=0/0
LineErr: aim=33 cxcy=84.0,119.6 left=0:0.00@-1,-1 dx=0.0 idx=-1/-1 dist=-1/-1 right=1:-16.35@99,91 dx=15.2 idx=0/1 dist=32/46 sel=1:-19.68@103,89 dx=19.3 idx=0/16 dist=32/40 edge=0:0.00@-1.0,-1.0 dx=0.0 width=0.0 l=-1,-1 r=124,110
ATGSeedDiag: seed=1@49,101/1@131,108 begin=7,108 block=5 clip=8
ATGLptDiag: best=-1(-57295.8) imip=-1/-1 pass=00000 acc=-1 ipm=-1.0,-1.0 inv=-1.0,-1.0 | 3(13.8) imip=0/8 pass=10111 acc=-1 ipm=112.7,113.1 inv=139.6,94.5
frame=868 line=1 track=1 cross=0 circle=0(CIRCLE_NONE) round=0 yroad=0 ramp=0 road=3 speed=0 near=1/8 raw=170/28 sel=8/21 far=0/0 far_raw=0/0 l=0@-1/0@-1 far_l=0@-1/0@-1 straight=0/0 far_straight=0/0 circle_cnt=0/0/0/0 lost=0/0 conf=0.0/11.5/0.0/0.0 dist=0 m0=(84,119) ml=(102,90) md=32/1/43 cxcy=84.0,119.6 guide=-19.86 atg=60.0/60.0/60.0 pure=-7.66/-7.66 yaw=1191 cmd=1391 actual=752 signed=0 rps=3093/6907:6010/6968 duty=3/18
CrossDiag: type=CROSS_NONE track=1 half_lr=0/0 nearL=0@-1/0@-1 nearNum=1/8 centerNum=1/8 farL=0@-1/0@-1 farNum=0/0 farRaw=0/0 lost=0/0 not_have=0 final=8/21 flags=0/0
LineErr: aim=33 cxcy=84.0,119.6 left=0:0.00@-1,-1 dx=0.0 idx=-1/-1 dist=-1/-1 right=1:-16.97@100,91 dx=15.8 idx=0/1 dist=33/45 sel=1:-20.25@104,89 dx=19.8 idx=0/16 dist=32/40 edge=0:0.00@-1.0,-1.0 dx=0.0 width=0.0 l=-1,-1 r=122,111
ATGSeedDiag: seed=1@48,104/1@133,108 begin=7,108 block=5 clip=8
ATGLptDiag: best=-1(-57295.8) imip=-1/-1 pass=00000 acc=-1 ipm=-1.0,-1.0 inv=-1.0,-1.0 | 3(11.5) imip=0/7 pass=10111 acc=-1 ipm=113.5,113.2 inv=141.7,95.0
frame=870 line=1 track=1 cross=0 circle=0(CIRCLE_NONE) round=0 yroad=0 ramp=0 road=3 speed=0 near=1/6 raw=170/23 sel=6/19 far=0/0 far_raw=0/0 l=0@-1/0@-1 far_l=0@-1/0@-1 straight=0/0 far_straight=0/0 circle_cnt=0/0/0/0 lost=0/0 conf=0.0/10.6/0.0/0.0 dist=0 m0=(84,119) ml=(103,90) md=33/1/39 cxcy=84.0,119.6 guide=-21.11 atg=60.0/60.0/60.0 pure=-7.49/-7.49 yaw=1267 cmd=1467 actual=895 signed=0 rps=2990/7010:5996/6991 duty=3/19
CrossDiag: type=CROSS_NONE track=1 half_lr=0/0 nearL=0@-1/0@-1 nearNum=1/6 centerNum=1/6 farL=0@-1/0@-1 farNum=0/0 farRaw=0/0 lost=0/0 not_have=0 final=6/19 flags=0/0
LineErr: aim=33 cxcy=84.0,119.6 left=0:0.00@-1,-1 dx=0.0 idx=-1/-1 dist=-1/-1 right=1:-18.49@101,91 dx=17.2 idx=0/1 dist=33/41 sel=1:-21.45@105,90 dx=20.9 idx=0/16 dist=32/36 edge=0:0.00@-1.0,-1.0 dx=0.0 width=0.0 l=-1,-1 r=120,112
ATGSeedDiag: seed=1@46,108/1@137,108 begin=7,108 block=5 clip=8
ATGLptDiag: best=-1(-57295.8) imip=-1/-1 pass=00000 acc=-1 ipm=-1.0,-1.0 inv=-1.0,-1.0 | 2(10.6) imip=0/5 pass=10111 acc=-1 ipm=113.1,114.3 inv=143.1,98.2
frame=871 line=1 track=0 cross=0 circle=0(CIRCLE_NONE) round=0 yroad=0 ramp=0 road=3 speed=0 near=53/6 raw=154/21 sel=53/34 far=0/0 far_raw=0/0 l=0@-1/0@-1 far_l=0@-1/0@-1 straight=1/0 far_straight=0/0 circle_cnt=0/0/0/0 lost=0/0 conf=12.5/8.7/0.0/0.0 dist=0 m0=(84,119) ml=(111,103) md=33/1/74 cxcy=84.0,119.6 guide=-33.75 atg=60.0/60.0/60.0 pure=-11.59/-11.39 yaw=2025 cmd=2225 actual=949 signed=0 rps=1950/8050:5616/6642 duty=0/23
CrossDiag: type=CROSS_NONE track=0 half_lr=0/0 nearL=0@-1/0@-1 nearNum=53/6 centerNum=53/6 farL=0@-1/0@-1 farNum=0/0 farRaw=0/0 lost=0/0 not_have=0 final=53/34 flags=0/0
LineErr: aim=33 cxcy=84.0,119.6 left=1:-29.35@106,104 dx=21.9 idx=9/26 dist=32/82 right=1:-26.43@111,88 dx=27.1 idx=0/5 dist=10/10 sel=1:-35.64@113,102 dx=29.2 idx=0/16 dist=32/66 edge=1:-27.40@108.0,96.5 dx=24.0 width=40.8 l=96,80 r=120,113
CxScan: raw_ref=80.0 edge=108.0,96.5 best_raw_x=140 best_err=-1.24 best_cxcy=107.0,119.7 scan=0:-49.9,10:-47.8,20:-45.6,30:-43.1,40:-40.4,50:-37.5,60:-34.4,70:-31.0,80:-27.4,90:-23.5,100:-19.4,110:-15.1,120:-10.6,130:-5.9,140:-1.2
ATGSeedDiag: seed=1@4,102/1@138,108 begin=7,108 block=5 clip=8
ATGLptDiag: best=1(12.5) imip=0/11 pass=10110 acc=-1 ipm=52.3,112.4 inv=11.1,93.9 | 1(8.7) imip=0/5 pass=10111 acc=-1 ipm=111.5,115.6 inv=142.0,102.1
frame=872 line=1 track=0 cross=0 circle=0(CIRCLE_NONE) round=0 yroad=0 ramp=0 road=3 speed=0 near=52/5 raw=154/18 sel=52/32 far=0/0 far_raw=0/0 l=0@-1/0@-1 far_l=0@-1/0@-1 straight=1/0 far_straight=0/0 circle_cnt=0/0/0/0 lost=0/0 conf=15.9/5.5/0.0/0.0 dist=0 m0=(84,119) ml=(112,103) md=34/1/70 cxcy=84.0,119.6 guide=-34.06 atg=60.0/60.0/60.0 pure=-11.64/-11.62 yaw=2043 cmd=2243 actual=997 signed=0 rps=1925/8075:5951/7258 duty=0/23
CrossDiag: type=CROSS_NONE track=0 half_lr=0/0 nearL=0@-1/0@-1 nearNum=52/5 centerNum=52/5 farL=0@-1/0@-1 farNum=0/0 farRaw=0/0 lost=0/0 not_have=0 final=52/32 flags=0/0
LineErr: aim=33 cxcy=84.0,119.6 left=1:-29.67@106,105 dx=21.8 idx=9/26 dist=32/80 right=1:-25.66@110,89 dx=25.9 idx=0/4 dist=8/8 sel=1:-36.65@114,103 dx=29.9 idx=0/16 dist=32/62 edge=1:-26.91@107.5,96.5 dx=23.5 width=40.2 l=96,80 r=119,113
CxScan: raw_ref=80.0 edge=107.5,96.5 best_raw_x=140 best_err=-0.62 best_cxcy=107.0,119.7 scan=0:-49.7,10:-47.6,20:-45.3,30:-42.8,40:-40.1,50:-37.2,60:-34.0,70:-30.6,80:-26.9,90:-23.0,100:-18.8,110:-14.5,120:-10.0,130:-5.3,140:-0.6
ATGSeedDiag: seed=1@4,103/1@140,108 begin=7,108 block=5 clip=8
ATGLptDiag: best=42(15.9) imip=32/51 pass=10110 acc=-1 ipm=134.7,74.1 inv=127.4,41.0 | 1(5.5) imip=0/4 pass=10111 acc=-1 ipm=112.4,115.6 inv=144.1,102.1
frame=873 line=1 track=0 cross=0 circle=0(CIRCLE_NONE) round=0 yroad=0 ramp=0 road=3 speed=0 near=52/5 raw=153/15 sel=52/32 far=0/0 far_raw=0/0 l=0@-1/0@-1 far_l=0@-1/0@-1 straight=1/0 far_straight=0/0 circle_cnt=0/0/0/0 lost=0/0 conf=10.7/4.9/0.0/0.0 dist=0 m0=(84,119) ml=(112,104) md=32/1/69 cxcy=84.0,119.6 guide=-36.96 atg=60.0/60.0/60.0 pure=-11.75/-11.64 yaw=2218 cmd=2418 actual=1064 signed=0 rps=1686/8314:5837/7237 duty=0/24
CrossDiag: type=CROSS_NONE track=0 half_lr=0/0 nearL=0@-1/0@-1 nearNum=52/5 centerNum=52/5 farL=0@-1/0@-1 farNum=0/0 farRaw=0/0 lost=0/0 not_have=0 final=52/32 flags=0/0
LineErr: aim=33 cxcy=84.0,119.6 left=1:-30.59@106,105 dx=22.4 idx=9/26 dist=32/81 right=1:-26.88@111,89 dx=27.3 idx=0/4 dist=8/8 sel=1:-37.55@115,103 dx=30.6 idx=0/16 dist=32/62 edge=1:-28.14@108.5,97.0 dx=24.5 width=39.4 l=97,81 r=120,113
CxScan: raw_ref=80.0 edge=108.5,97.0 best_raw_x=140 best_err=-1.88 best_cxcy=107.0,119.7 scan=0:-50.5,10:-48.4,20:-46.2,30:-43.8,40:-41.1,50:-38.2,60:-35.1,70:-31.8,80:-28.1,90:-24.3,100:-20.2,110:-15.8,120:-11.3,130:-6.6,140:-1.9
ATGSeedDiag: seed=1@4,104/1@142,108 begin=7,108 block=5 clip=8
ATGLptDiag: best=9(10.7) imip=0/19 pass=10110 acc=-1 ipm=64.5,98.5 inv=46.3,65.8 | 3(4.9) imip=0/4 pass=10111 acc=-1 ipm=117.8,114.1 inv=152.9,97.3
frame=874 line=1 track=0 cross=0 circle=0(CIRCLE_NONE) round=0 yroad=0 ramp=0 road=3 speed=0 near=52/2 raw=154/170 sel=52/32 far=0/0 far_raw=0/0 l=0@-1/0@-1 far_l=0@-1/0@-1 straight=1/0 far_straight=0/0 circle_cnt=0/0/0/0 lost=0/0 conf=12.6/0.0/0.0/0.0 dist=0 m0=(84,119) ml=(113,104) md=33/1/69 cxcy=84.0,119.6 guide=-36.51 atg=60.0/60.0/60.0 pure=-11.72/-11.59 yaw=2191 cmd=2391 actual=1132 signed=0 rps=1723/8277:6199/7662 duty=0/23
CrossDiag: type=CROSS_NONE track=0 half_lr=0/0 nearL=0@-1/0@-1 nearNum=52/2 centerNum=52/2 farL=0@-1/0@-1 farNum=0/0 farRaw=0/0 lost=0/0 not_have=0 final=52/32 flags=0/0
LineErr: aim=33 cxcy=84.0,119.6 left=1:-31.03@107,105 dx=22.7 idx=9/26 dist=32/80 right=0:0.00@-1,-1 dx=0.0 idx=-1/-1 dist=-1/-1 sel=1:-38.03@115,103 dx=31.0 idx=0/16 dist=32/62 edge=0:0.00@-1.0,-1.0 dx=0.0 width=0.0 l=99,80 r=-1,-1
ATGSeedDiag: seed=1@4,104/1@139,108 begin=7,108 block=5 clip=8
ATGLptDiag: best=8(12.6) imip=0/18 pass=10110 acc=-1 ipm=62.9,100.3 inv=42.8,68.5 | -1(-57295.8) imip=-1/-1 pass=00000 acc=-1 ipm=-1.0,-1.0 inv=-1.0,-1.0
frame=875 line=1 track=0 cross=0 circle=0(CIRCLE_NONE) round=0 yroad=0 ramp=0 road=3 speed=0 near=52/4 raw=154/12 sel=52/33 far=0/0 far_raw=0/0 l=0@-1/0@-1 far_l=0@-1/0@-1 straight=1/0 far_straight=0/0 circle_cnt=0/0/0/0 lost=0/0 conf=11.9/3.7/0.0/0.0 dist=0 m0=(84,119) ml=(113,104) md=33/1/72 cxcy=84.0,119.6 guide=-36.89 atg=60.0/60.0/60.0 pure=-11.68/-11.46 yaw=2214 cmd=2414 actual=1205 signed=0 rps=1692/8308:6335/7875 duty=0/23
CrossDiag: type=CROSS_NONE track=0 half_lr=0/0 nearL=0@-1/0@-1 nearNum=52/4 centerNum=52/4 farL=0@-1/0@-1 farNum=0/0 farRaw=0/0 lost=0/0 not_have=0 final=52/33 flags=0/0
LineErr: aim=33 cxcy=84.0,119.6 left=1:-33.00@109,105 dx=24.7 idx=9/27 dist=33/80 right=1:-26.59@111,90 dx=26.5 idx=0/3 dist=6/6 sel=1:-38.52@115,103 dx=31.4 idx=0/16 dist=32/64 edge=1:-27.91@108.0,97.5 dx=24.0 width=39.7 l=97,81 r=119,114
CxScan: raw_ref=80.0 edge=108.0,97.5 best_raw_x=140 best_err=-1.27 best_cxcy=107.0,119.7 scan=0:-50.5,10:-48.5,20:-46.2,30:-43.7,40:-41.1,50:-38.2,60:-35.0,70:-31.6,80:-27.9,90:-24.0,100:-19.8,110:-15.4,120:-10.8,130:-6.1,140:-1.3
ATGSeedDiag: seed=1@4,105/1@145,108 begin=7,108 block=5 clip=8
ATGLptDiag: best=1(11.9) imip=0/11 pass=10110 acc=-1 ipm=53.1,113.3 inv=11.4,96.6 | 1(3.7) imip=0/3 pass=10111 acc=-1 ipm=114.7,116.1 inv=150.3,103.6
frame=876 line=1 track=0 cross=0 circle=0(CIRCLE_NONE) round=0 yroad=0 ramp=0 road=3 speed=0 near=52/1 raw=154/170 sel=52/32 far=0/0 far_raw=0/0 l=0@-1/0@-1 far_l=0@-1/0@-1 straight=1/0 far_straight=0/0 circle_cnt=0/0/0/0 lost=0/0 conf=12.2/0.0/0.0/0.0 dist=0 m0=(84,119) ml=(114,104) md=34/1/70 cxcy=84.0,119.6 guide=-36.73 atg=60.0/60.0/60.0 pure=-11.70/-11.61 yaw=2204 cmd=2404 actual=1291 signed=0 rps=1706/8294:6056/7559 duty=0/23
CrossDiag: type=CROSS_NONE track=0 half_lr=0/0 nearL=0@-1/0@-1 nearNum=52/1 centerNum=52/1 farL=0@-1/0@-1 farNum=0/0 farRaw=0/0 lost=0/0 not_have=0 final=52/32 flags=0/0
LineErr: aim=33 cxcy=84.0,119.6 left=1:-33.67@109,105 dx=25.0 idx=9/27 dist=32/78 right=0:0.00@-1,-1 dx=0.0 idx=-1/-1 dist=-1/-1 sel=1:-39.16@116,104 dx=31.9 idx=0/16 dist=32/62 edge=0:0.00@-1.0,-1.0 dx=0.0 width=0.0 l=99,81 r=-1,-1
ATGSeedDiag: seed=1@4,106/1@135,108 begin=7,108 block=5 clip=8
ATGLptDiag: best=44(12.2) imip=34/51 pass=10110 acc=-1 ipm=140.6,75.7 inv=134.7,42.0 | -1(-57295.8) imip=-1/-1 pass=00000 acc=-1 ipm=-1.0,-1.0 inv=-1.0,-1.0
frame=877 line=1 track=0 cross=0 circle=0(CIRCLE_NONE) round=0 yroad=0 ramp=0 road=3 speed=0 near=51/2 raw=154/7 sel=51/32 far=0/0 far_raw=0/0 l=0@-1/0@-1 far_l=0@-1/0@-1 straight=1/0 far_straight=0/0 circle_cnt=0/0/0/0 lost=0/0 conf=13.5/0.0/0.0/0.0 dist=0 m0=(84,119) ml=(114,105) md=32/1/69 cxcy=84.0,119.6 guide=-39.36 atg=60.0/60.0/60.0 pure=-11.81/-11.65 yaw=2362 cmd=2562 actual=1378 signed=0 rps=1489/8511:5849/7197 duty=0/25
CrossDiag: type=CROSS_NONE track=0 half_lr=0/0 nearL=0@-1/0@-1 nearNum=51/2 centerNum=51/2 farL=0@-1/0@-1 farNum=0/0 farRaw=0/0 lost=0/0 not_have=0 final=51/32 flags=0/0
LineErr: aim=33 cxcy=84.0,119.6 left=1:-33.99@109,106 dx=24.9 idx=9/27 dist=33/78 right=1:-25.46@109,91 dx=24.6 idx=0/1 dist=2/2 sel=1:-39.98@116,104 dx=32.5 idx=0/16 dist=32/62 edge=1:-28.94@108.5,98.5 dx=24.5 width=38.9 l=100,81 r=117,116
CxScan: raw_ref=80.0 edge=108.5,98.5 best_raw_x=140 best_err=-1.94 best_cxcy=107.0,119.7 scan=0:-51.4,10:-49.4,20:-47.1,30:-44.7,40:-42.1,50:-39.2,60:-36.0,70:-32.6,80:-28.9,90:-25.0,100:-20.8,110:-16.3,120:-11.7,130:-6.8,140:-1.9
ATGSeedDiag: seed=1@4,107/1@150,108 begin=7,108 block=5 clip=8
ATGLptDiag: best=49(13.5) imip=39/50 pass=10100 acc=-1 ipm=152.4,79.0 inv=150.7,44.3 | -1(-57295.8) imip=-1/-1 pass=00000 acc=-1 ipm=-1.0,-1.0 inv=-1.0,-1.0
frame=878 line=1 track=0 cross=0 circle=0(CIRCLE_NONE) round=0 yroad=0 ramp=0 road=3 speed=0 near=50/1 raw=154/3 sel=50/30 far=0/0 far_raw=0/0 l=0@-1/0@-1 far_l=0@-1/0@-1 straight=0/0 far_straight=0/0 circle_cnt=0/0/0/0 lost=0/0 conf=10.5/0.0/0.0/0.0 dist=0 m0=(84,119) ml=(115,106) md=32/1/64 cxcy=84.0,119.6 guide=-41.27 atg=60.0/60.0/60.0 pure=-12.15/-12.15 yaw=2476 cmd=2676 actual=1464 signed=0 rps=1332/8668:5915/7230 duty=0/25
CrossDiag: type=CROSS_NONE track=0 half_lr=0/0 nearL=0@-1/0@-1 nearNum=50/1 centerNum=50/1 farL=0@-1/0@-1 farNum=0/0 farRaw=0/0 lost=0/0 not_have=0 final=50/30 flags=0/0
LineErr: aim=33 cxcy=84.0,119.6 left=1:-36.79@111,107 dx=26.9 idx=9/28 dist=33/74 right=0:0.00@-1,-1 dx=0.0 idx=-1/-1 dist=-1/-1 sel=1:-41.96@118,105 dx=33.6 idx=0/16 dist=32/58 edge=0:0.00@-1.0,-1.0 dx=0.0 width=0.0 l=101,82 r=-1,-1
ATGSeedDiag: seed=1@4,107/1@154,108 begin=7,108 block=5 clip=8
ATGLptDiag: best=42(10.5) imip=32/49 pass=10110 acc=-1 ipm=137.4,78.4 inv=133.6,44.0 | -1(-57295.8) imip=-1/-1 pass=00000 acc=-1 ipm=-1.0,-1.0 inv=-1.0,-1.0
frame=879 line=1 track=0 cross=0 circle=0(CIRCLE_NONE) round=0 yroad=0 ramp=0 road=3 speed=0 near=49/0 raw=154/0 sel=49/30 far=0/0 far_raw=0/0 l=0@-1/0@-1 far_l=0@-1/0@-1 straight=0/0 far_straight=0/0 circle_cnt=0/0/0/0 lost=0/0 conf=11.8/0.0/0.0/0.0 dist=0 m0=(84,119) ml=(116,107) md=33/1/65 cxcy=84.0,119.6 guide=-41.20 atg=60.0/60.0/60.0 pure=-12.24/-12.24 yaw=2472 cmd=2672 actual=1553 signed=0 rps=1338/8662:5521/7033 duty=0/25
CrossDiag: type=CROSS_NONE track=0 half_lr=0/0 nearL=0@-1/0@-1 nearNum=49/0 centerNum=49/0 farL=0@-1/0@-1 farNum=0/0 farRaw=0/0 lost=0/0 not_have=0 final=49/30 flags=0/0
LineErr: aim=33 cxcy=84.0,119.6 left=1:-35.85@109,108 dx=25.2 idx=9/27 dist=32/73 right=0:0.00@-1,-1 dx=0.0 idx=-1/-1 dist=-1/-1 sel=1:-42.98@118,106 dx=34.0 idx=0/16 dist=32/58 edge=0:0.00@-1.0,-1.0 dx=0.0 width=0.0 l=101,83 r=-1,-1
ATGSeedDiag: seed=1@4,108/0@-1,-1 begin=7,108 block=5 clip=8
ATGLptDiag: best=47(11.8) imip=37/48 pass=10100 acc=-1 ipm=149.2,81.6 inv=150.0,46.4 | -1(-57295.8) imip=-1/-1 pass=00000 acc=-1 ipm=-1.0,-1.0 inv=-1.0,-1.0
