ConfigInfo: loaded /root/front_car_mainline.yaml
front_car_mainline: ipm=atg rot/inv_rot
find uvc camera Successfully. path=/dev/video0
get uvc width = 160
get uvc height = 120
get uvc fps = 120
get uvc auto exposure mode = 3
IMU init success, type: 4 (DEV_IMU963RA)
ImuReady: type=IMU963RA bias_x=-3 bias_y=-7 bias_z=5 samples=48/48/48 min=-5/-8/3 max=-2/-6/6 scale=0.001277562_rad_s_per_count
Wait connect tcp server
front_car_mainline: assistant 192.168.0.100:8086 connected
front_car_mainline: live /dev/video0 160x120@30 process_fps=120 drive=on
frame=0 line=1 track=1 cross=0 circle=0(CIRCLE_NONE) round=0 yroad=0 ramp=0 road=7 speed=0 near=53/124 raw=125/105 sel=124/126 far=0/0 far_raw=0/0 l=1@30/0@-1 far_l=0@-1/0@-1 straight=0/1 far_straight=0/0 circle_cnt=0/0/0/0 lost=0/0 conf=83.0/4.6/0.0/0.0 dist=0 begin=0/0 m0=(84,119) ml=(78,89) md=32/1/129 cxcy=84.0,119.6 guide=5.96 atg=-2.0/0.0/0.0 pure=0.58/0.10 yaw=-152 cmd=-304 actual=0 signed=0 rps=5417/4583:0/0 duty=20/19 pwm=PWM2:20/PWM1:19 motor=2:20/1:19
CrossDiag: type=CROSS_NONE track=1 half_lr=0/0 nearL=1@30/0@-1 nearNum=53/124 centerNum=53/124 farL=0@-1/0@-1 farNum=0/0 farRaw=0/0 lost=0/0 not_have=0 final=124/126 flags=0/0
LineErr: aim=33 cxcy=84.0,119.6 left=1:4.46@79,79 dx=-5.0 idx=0/16 dist=32/156 right=1:5.46@79,86 dx=-5.5 idx=0/13 dist=32/252 sel=1:5.31@79,85 dx=-5.4 idx=0/16 dist=32/250 edge=1:4.51@79.0,79.0 dx=-5.0 width=52.0 l=53,79 r=105,79
CxScan: raw_ref=80.0 edge=79.0,79.0 best_raw_x=65 best_err=-0.65 best_cxcy=78.3,119.5 scan=0:-22.0,10:-19.0,20:-15.8,30:-12.6,40:-9.2,50:-5.8,60:-2.4,70:1.1,80:4.5,90:7.9,100:11.2,110:14.5,120:17.7,130:20.7,140:23.6
ATGSeedDiag: seed=1@6,108/1@128,108 begin=7,108 block=5 clip=8
ATGLptDiag: best=30(83.0) imip=20/40 pass=11111 acc=30 ipm=48.6,47.9 inv=46.4,28.4 | 1(4.6) imip=0/11 pass=10111 acc=-1 ipm=104.4,114.2 inv=123.7,98.0
ATGCircleCal: from=CIRCLE_NONE to=CIRCLE_LEFT_BEGIN reason=entry_vote heading_deg10=0 dist=0 begin_dist=0 begin_last=0
frame=1 line=1 track=1 cross=0 circle=1(CIRCLE_LEFT_BEGIN) round=0 yroad=0 ramp=0 road=7 speed=0 near=53/124 raw=125/105 sel=124/126 far=0/0 far_raw=0/0 l=1@30/0@-1 far_l=0@-1/0@-1 straight=0/1 far_straight=0/0 circle_cnt=0/0/0/0 lost=0/0 conf=83.5/4.6/0.0/0.0 dist=0 begin=0/0 m0=(84,119) ml=(78,89) md=32/1/129 cxcy=84.0,119.6 guide=5.96 atg=-2.0/0.0/0.0 pure=0.58/0.10 yaw=-358 cmd=-558 actual=0 signed=1 rps=4564/3036:17/0 duty=17/13 pwm=PWM2:17/PWM1:13 motor=2:17/1:13
ATGCorner: L=1@30/0@-1 Y=0@-1/0@-1 farL=0@-1/0@-1 Lxy=48.6,47.8:46.3,28.4/-1.0,-1.0:-1.0,-1.0 Yxy=-1.0,-1.0:-1.0,-1.0/-1.0,-1.0:-1.0,-1.0 farLxy=-1.0,-1.0:-1.0,-1.0/-1.0,-1.0:-1.0,-1.0 best=30:48.6,47.8:46.3,28.4:83.5:11111/1:104.4,114.2:123.7,98.0:4.6:10111 seed_src=lpt/none seed=0.0,0.0/0.0,0.0 far_start=70,0 far_raw=0/0 far_num=0/0 straight=0/1 far_straight=0/0 conf_deg=83.5/4.6/0.0/0.0
CrossDiag: type=CROSS_NONE track=1 half_lr=0/0 nearL=1@30/0@-1 nearNum=53/124 centerNum=53/124 farL=0@-1/0@-1 farNum=0/0 farRaw=0/0 lost=0/0 not_have=0 final=124/126 flags=0/0
LineErr: aim=33 cxcy=84.0,119.6 left=1:4.46@79,79 dx=-5.0 idx=0/16 dist=32/155 right=1:5.46@79,86 dx=-5.5 idx=0/13 dist=32/252 sel=1:5.31@79,85 dx=-5.4 idx=0/16 dist=32/250 edge=1:4.51@79.0,79.0 dx=-5.0 width=52.0 l=53,79 r=105,79
CxScan: raw_ref=80.0 edge=79.0,79.0 best_raw_x=65 best_err=-0.65 best_cxcy=78.3,119.5 scan=0:-22.0,10:-19.0,20:-15.8,30:-12.6,40:-9.2,50:-5.8,60:-2.4,70:1.1,80:4.5,90:7.9,100:11.2,110:14.5,120:17.7,130:20.7,140:23.6
ATGSeedDiag: seed=1@6,108/1@128,108 begin=7,108 block=5 clip=8
ATGLptDiag: best=30(83.5) imip=20/40 pass=11111 acc=30 ipm=48.6,47.8 inv=46.3,28.4 | 1(4.6) imip=0/11 pass=10111 acc=-1 ipm=104.4,114.2 inv=123.7,98.0
frame=4 line=1 track=1 cross=0 circle=1(CIRCLE_LEFT_BEGIN) round=0 yroad=0 ramp=0 road=7 speed=0 near=53/124 raw=125/105 sel=124/126 far=0/0 far_raw=0/0 l=1@29/0@-1 far_l=0@-1/0@-1 straight=0/1 far_straight=0/0 circle_cnt=0/0/0/0 lost=0/0 conf=86.3/4.6/0.0/0.0 dist=0 begin=3/0 m0=(84,119) ml=(78,89) md=32/1/129 cxcy=84.0,119.6 guide=5.96 atg=-2.0/0.0/0.0 pure=0.58/0.10 yaw=-358 cmd=-558 actual=-54 signed=1 rps=4564/3036:486/95 duty=16/13 pwm=PWM2:16/PWM1:13 motor=2:16/1:13
ATGCorner: L=1@29/0@-1 Y=0@-1/0@-1 farL=0@-1/0@-1 Lxy=50.2,49.5:47.2,29.1/-1.0,-1.0:-1.0,-1.0 Yxy=-1.0,-1.0:-1.0,-1.0/-1.0,-1.0:-1.0,-1.0 farLxy=-1.0,-1.0:-1.0,-1.0/-1.0,-1.0:-1.0,-1.0 best=29:50.2,49.5:47.2,29.1:86.3:11111/1:104.4,114.2:123.7,98.0:4.6:10111 seed_src=lpt/none seed=0.0,0.0/0.0,0.0 far_start=70,0 far_raw=0/0 far_num=0/0 straight=0/1 far_straight=0/0 conf_deg=86.3/4.6/0.0/0.0
CrossDiag: type=CROSS_NONE track=1 half_lr=0/0 nearL=1@29/0@-1 nearNum=53/124 centerNum=53/124 farL=0@-1/0@-1 farNum=0/0 farRaw=0/0 lost=0/0 not_have=0 final=124/126 flags=0/0
LineErr: aim=33 cxcy=84.0,119.6 left=1:4.46@79,79 dx=-5.0 idx=0/16 dist=32/156 right=1:5.46@79,86 dx=-5.5 idx=0/13 dist=32/252 sel=1:5.31@79,85 dx=-5.4 idx=0/16 dist=32/250 edge=1:4.51@79.0,79.0 dx=-5.0 width=52.0 l=53,79 r=105,79
CxScan: raw_ref=80.0 edge=79.0,79.0 best_raw_x=65 best_err=-0.65 best_cxcy=78.3,119.5 scan=0:-22.0,10:-19.0,20:-15.8,30:-12.6,40:-9.2,50:-5.8,60:-2.4,70:1.1,80:4.5,90:7.9,100:11.2,110:14.5,120:17.7,130:20.7,140:23.6
ATGSeedDiag: seed=1@6,108/1@128,108 begin=7,108 block=5 clip=8
ATGLptDiag: best=29(86.3) imip=19/39 pass=11111 acc=29 ipm=50.2,49.5 inv=47.2,29.1 | 1(4.6) imip=0/11 pass=10111 acc=-1 ipm=104.4,114.2 inv=123.7,98.0
frame=5 line=1 track=1 cross=0 circle=1(CIRCLE_LEFT_BEGIN) round=0 yroad=0 ramp=0 road=7 speed=0 near=53/124 raw=126/105 sel=124/126 far=0/0 far_raw=0/0 l=1@30/0@-1 far_l=0@-1/0@-1 straight=0/1 far_straight=0/0 circle_cnt=0/0/0/0 lost=0/0 conf=84.7/4.3/0.0/0.0 dist=0 begin=4/0 m0=(84,119) ml=(78,89) md=32/1/130 cxcy=84.0,119.6 guide=5.79 atg=-2.0/0.0/0.0 pure=0.57/0.08 yaw=-347 cmd=-547 actual=-79 signed=1 rps=4550/3050:487/154 duty=16/13 pwm=PWM2:16/PWM1:13 motor=2:16/1:13
ATGCorner: L=1@30/0@-1 Y=0@-1/0@-1 farL=0@-1/0@-1 Lxy=49.4,47.6:47.0,28.3/-1.0,-1.0:-1.0,-1.0 Yxy=-1.0,-1.0:-1.0,-1.0/-1.0,-1.0:-1.0,-1.0 farLxy=-1.0,-1.0:-1.0,-1.0/-1.0,-1.0:-1.0,-1.0 best=30:49.4,47.6:47.0,28.3:84.7:11111/1:104.4,114.2:123.7,98.0:4.3:10111 seed_src=lpt/none seed=0.0,0.0/0.0,0.0 far_start=70,0 far_raw=0/0 far_num=0/0 straight=0/1 far_straight=0/0 conf_deg=84.7/4.3/0.0/0.0
CrossDiag: type=CROSS_NONE track=1 half_lr=0/0 nearL=1@30/0@-1 nearNum=53/124 centerNum=53/124 farL=0@-1/0@-1 farNum=0/0 farRaw=0/0 lost=0/0 not_have=0 final=124/126 flags=0/0
LineErr: aim=33 cxcy=84.0,119.6 left=1:4.20@79,79 dx=-4.7 idx=0/16 dist=32/157 right=1:5.30@79,86 dx=-5.3 idx=0/13 dist=32/252 sel=1:5.21@79,85 dx=-5.3 idx=0/16 dist=32/250 edge=1:4.51@79.0,79.0 dx=-5.0 width=52.0 l=53,79 r=105,79
CxScan: raw_ref=80.0 edge=79.0,79.0 best_raw_x=65 best_err=-0.65 best_cxcy=78.3,119.5 scan=0:-22.0,10:-19.0,20:-15.8,30:-12.6,40:-9.2,50:-5.8,60:-2.4,70:1.1,80:4.5,90:7.9,100:11.2,110:14.5,120:17.7,130:20.7,140:23.6
ATGSeedDiag: seed=1@6,108/1@128,108 begin=7,108 block=5 clip=8
ATGLptDiag: best=30(84.7) imip=20/40 pass=11111 acc=30 ipm=49.4,47.6 inv=47.0,28.3 | 1(4.3) imip=0/11 pass=10111 acc=-1 ipm=104.4,114.2 inv=123.7,98.0
frame=6 line=1 track=1 cross=0 circle=1(CIRCLE_LEFT_BEGIN) round=0 yroad=0 ramp=0 road=7 speed=0 near=53/124 raw=126/105 sel=124/126 far=0/0 far_raw=0/0 l=1@29/0@-1 far_l=0@-1/0@-1 straight=0/1 far_straight=0/0 circle_cnt=0/0/0/0 lost=0/0 conf=87.7/3.5/0.0/0.0 dist=0 begin=5/0 m0=(84,119) ml=(79,89) md=32/1/129 cxcy=84.0,119.6 guide=5.44 atg=-2.0/0.0/0.0 pure=0.53/0.05 yaw=-327 cmd=-527 actual=-104 signed=1 rps=4522/3078:447/186 duty=16/13 pwm=PWM2:16/PWM1:13 motor=2:16/1:13
ATGCorner: L=1@29/0@-1 Y=0@-1/0@-1 farL=0@-1/0@-1 Lxy=50.8,49.4:47.7,29.0/-1.0,-1.0:-1.0,-1.0 Yxy=-1.0,-1.0:-1.0,-1.0/-1.0,-1.0:-1.0,-1.0 farLxy=-1.0,-1.0:-1.0,-1.0/-1.0,-1.0:-1.0,-1.0 best=29:50.8,49.4:47.7,29.0:87.7:11111/1:104.5,114.2:123.8,97.9:3.5:10111 seed_src=lpt/none seed=0.0,0.0/0.0,0.0 far_start=70,0 far_raw=0/0 far_num=0/0 straight=0/1 far_straight=0/0 conf_deg=87.7/3.5/0.0/0.0
CrossDiag: type=CROSS_NONE track=1 half_lr=0/0 nearL=1@29/0@-1 nearNum=53/124 centerNum=53/124 farL=0@-1/0@-1 farNum=0/0 farRaw=0/0 lost=0/0 not_have=0 final=124/126 flags=0/0
LineErr: aim=33 cxcy=84.0,119.6 left=1:4.06@79,79 dx=-4.6 idx=0/16 dist=32/156 right=1:5.25@79,85 dx=-5.3 idx=0/13 dist=32/252 sel=1:5.12@79,85 dx=-5.2 idx=0/16 dist=32/250 edge=1:4.51@79.0,79.0 dx=-5.0 width=52.0 l=53,79 r=105,79
CxScan: raw_ref=80.0 edge=79.0,79.0 best_raw_x=65 best_err=-0.65 best_cxcy=78.3,119.5 scan=0:-22.0,10:-19.0,20:-15.8,30:-12.6,40:-9.2,50:-5.8,60:-2.4,70:1.1,80:4.5,90:7.9,100:11.2,110:14.5,120:17.7,130:20.7,140:23.6
ATGSeedDiag: seed=1@6,108/1@128,108 begin=7,108 block=5 clip=8
ATGLptDiag: best=29(87.7) imip=19/39 pass=11111 acc=29 ipm=50.8,49.4 inv=47.7,29.0 | 1(3.5) imip=0/11 pass=10111 acc=-1 ipm=104.5,114.2 inv=123.8,97.9
frame=7 line=1 track=1 cross=0 circle=1(CIRCLE_LEFT_BEGIN) round=0 yroad=0 ramp=0 road=7 speed=0 near=54/124 raw=126/104 sel=124/127 far=0/0 far_raw=0/0 l=1@29/0@-1 far_l=0@-1/0@-1 straight=0/1 far_straight=0/0 circle_cnt=0/0/0/0 lost=0/0 conf=87.8/4.6/0.0/0.0 dist=0 begin=6/0 m0=(84,119) ml=(79,89) md=32/1/131 cxcy=84.0,119.6 guide=5.24 atg=-1.0/0.0/0.0 pure=0.49/0.04 yaw=-314 cmd=-478 actual=-150 signed=1 rps=4455/3145:483/230 duty=16/13 pwm=PWM2:16/PWM1:13 motor=2:16/1:13
ATGCorner: L=1@29/0@-1 Y=0@-1/0@-1 farL=0@-1/0@-1 Lxy=51.2,49.4:48.0,29.0/-1.0,-1.0:-1.0,-1.0 Yxy=-1.0,-1.0:-1.0,-1.0/-1.0,-1.0:-1.0,-1.0 farLxy=-1.0,-1.0:-1.0,-1.0/-1.0,-1.0:-1.0,-1.0 best=29:51.2,49.4:48.0,29.0:87.8:11111/1:104.7,113.9:123.8,97.1:4.6:10111 seed_src=lpt/none seed=0.0,0.0/0.0,0.0 far_start=70,0 far_raw=0/0 far_num=0/0 straight=0/1 far_straight=0/0 conf_deg=87.8/4.6/0.0/0.0
CrossDiag: type=CROSS_NONE track=1 half_lr=0/0 nearL=1@29/0@-1 nearNum=54/124 centerNum=54/124 farL=0@-1/0@-1 farNum=0/0 farRaw=0/0 lost=0/0 not_have=0 final=124/127 flags=0/0
LineErr: aim=33 cxcy=84.0,119.6 left=1:4.07@79,79 dx=-4.5 idx=0/16 dist=32/157 right=1:5.10@79,85 dx=-5.1 idx=0/13 dist=32/252 sel=1:4.96@79,84 dx=-5.1 idx=0/16 dist=32/252 edge=1:4.51@79.0,79.0 dx=-5.0 width=52.0 l=53,79 r=105,79
CxScan: raw_ref=80.0 edge=79.0,79.0 best_raw_x=65 best_err=-0.65 best_cxcy=78.3,119.5 scan=0:-22.0,10:-19.0,20:-15.8,30:-12.6,40:-9.2,50:-5.8,60:-2.4,70:1.1,80:4.5,90:7.9,100:11.2,110:14.5,120:17.7,130:20.7,140:23.6
ATGSeedDiag: seed=1@6,108/1@128,107 begin=7,108 block=5 clip=8
ATGLptDiag: best=29(87.8) imip=19/39 pass=11111 acc=29 ipm=51.2,49.4 inv=48.0,29.0 | 1(4.6) imip=0/11 pass=10111 acc=-1 ipm=104.7,113.9 inv=123.8,97.1
frame=8 line=1 track=1 cross=0 circle=1(CIRCLE_LEFT_BEGIN) round=0 yroad=0 ramp=0 road=7 speed=0 near=54/124 raw=126/105 sel=124/126 far=0/0 far_raw=0/0 l=1@30/0@-1 far_l=0@-1/0@-1 straight=0/1 far_straight=0/0 circle_cnt=0/0/0/0 lost=0/0 conf=81.4/3.3/0.0/0.0 dist=0 begin=7/0 m0=(84,119) ml=(79,89) md=32/1/132 cxcy=84.0,119.6 guide=5.25 atg=-1.0/0.0/0.0 pure=0.46/0.02 yaw=-315 cmd=-430 actual=-201 signed=1 rps=4389/3211:531/283 duty=15/13 pwm=PWM2:15/PWM1:13 motor=2:15/1:13
ATGCorner: L=1@30/0@-1 Y=0@-1/0@-1 farL=0@-1/0@-1 Lxy=49.7,47.7:47.2,28.4/-1.0,-1.0:-1.0,-1.0 Yxy=-1.0,-1.0:-1.0,-1.0/-1.0,-1.0:-1.0,-1.0 farLxy=-1.0,-1.0:-1.0,-1.0/-1.0,-1.0:-1.0,-1.0 best=30:49.7,47.7:47.2,28.4:81.4:11111/67:114.6,-38.5:85.4,10.9:3.3:10101 seed_src=lpt/none seed=0.0,0.0/0.0,0.0 far_start=70,0 far_raw=0/0 far_num=0/0 straight=0/1 far_straight=0/0 conf_deg=81.4/3.3/0.0/0.0
CrossDiag: type=CROSS_NONE track=1 half_lr=0/0 nearL=1@30/0@-1 nearNum=54/124 centerNum=54/124 farL=0@-1/0@-1 farNum=0/0 farRaw=0/0 lost=0/0 not_have=0 final=124/126 flags=0/0
LineErr: aim=33 cxcy=84.0,119.6 left=1:3.74@80,79 dx=-4.2 idx=0/16 dist=32/159 right=1:4.84@79,85 dx=-4.9 idx=0/13 dist=32/252 sel=1:4.76@79,85 dx=-4.8 idx=0/16 dist=32/250 edge=1:3.61@80.0,79.0 dx=-4.0 width=52.0 l=54,79 r=106,79
CxScan: raw_ref=80.0 edge=80.0,79.0 best_raw_x=70 best_err=0.17 best_cxcy=80.2,119.5 scan=0:-22.8,10:-19.8,20:-16.6,30:-13.4,40:-10.1,50:-6.7,60:-3.3,70:0.2,80:3.6,90:7.0,100:10.4,110:13.7,120:16.9,130:19.9,140:22.9
ATGSeedDiag: seed=1@6,108/1@129,108 begin=7,108 block=5 clip=8
ATGLptDiag: best=30(81.4) imip=20/40 pass=11111 acc=30 ipm=49.7,47.7 inv=47.2,28.4 | 67(3.3) imip=57/77 pass=10101 acc=-1 ipm=114.6,-38.5 inv=85.4,10.9
frame=9 line=1 track=1 cross=0 circle=1(CIRCLE_LEFT_BEGIN) round=0 yroad=0 ramp=0 road=7 speed=0 near=54/124 raw=126/105 sel=124/126 far=0/0 far_raw=0/0 l=1@30/0@-1 far_l=0@-1/0@-1 straight=0/1 far_straight=0/0 circle_cnt=0/0/0/0 lost=0/0 conf=79.2/2.1/0.0/0.0 dist=0 begin=8/0 m0=(84,119) ml=(79,89) md=32/1/132 cxcy=84.0,119.6 guide=5.24 atg=-1.0/0.0/0.0 pure=0.41/-0.01 yaw=-314 cmd=-368 actual=-260 signed=1 rps=4305/3295:537/318 duty=15/13 pwm=PWM2:15/PWM1:13 motor=2:15/1:13
ATGCorner: L=1@30/0@-1 Y=0@-1/0@-1 farL=0@-1/0@-1 Lxy=49.9,47.8:47.3,28.4/-1.0,-1.0:-1.0,-1.0 Yxy=-1.0,-1.0:-1.0,-1.0/-1.0,-1.0:-1.0,-1.0 farLxy=-1.0,-1.0:-1.0,-1.0/-1.0,-1.0:-1.0,-1.0 best=30:49.9,47.8:47.3,28.4:79.2:11111/13:105.3,86.4:101.8,51.0:2.1:10111 seed_src=lpt/none seed=0.0,0.0/0.0,0.0 far_start=70,0 far_raw=0/0 far_num=0/0 straight=0/1 far_straight=0/0 conf_deg=79.2/2.1/0.0/0.0
CrossDiag: type=CROSS_NONE track=1 half_lr=0/0 nearL=1@30/0@-1 nearNum=54/124 centerNum=54/124 farL=0@-1/0@-1 farNum=0/0 farRaw=0/0 lost=0/0 not_have=0 final=124/126 flags=0/0
LineErr: aim=33 cxcy=84.0,119.6 left=1:3.69@80,79 dx=-4.1 idx=0/16 dist=32/153 right=1:4.77@79,85 dx=-4.8 idx=0/13 dist=32/252 sel=1:4.63@79,84 dx=-4.7 idx=0/16 dist=32/250 edge=1:3.61@80.0,79.0 dx=-4.0 width=52.0 l=54,79 r=106,79
CxScan: raw_ref=80.0 edge=80.0,79.0 best_raw_x=70 best_err=0.17 best_cxcy=80.2,119.5 scan=0:-22.8,10:-19.8,20:-16.6,30:-13.4,40:-10.1,50:-6.7,60:-3.3,70:0.2,80:3.6,90:7.0,100:10.4,110:13.7,120:16.9,130:19.9,140:22.9
ATGSeedDiag: seed=1@6,108/1@129,108 begin=7,108 block=5 clip=8
ATGLptDiag: best=30(79.2) imip=20/40 pass=11111 acc=30 ipm=49.9,47.8 inv=47.3,28.4 | 13(2.1) imip=3/23 pass=10111 acc=-1 ipm=105.3,86.4 inv=101.8,51.0
frame=10 line=1 track=1 cross=0 circle=1(CIRCLE_LEFT_BEGIN) round=0 yroad=0 ramp=0 road=7 speed=0 near=55/124 raw=128/105 sel=124/126 far=0/0 far_raw=0/0 l=1@30/0@-1 far_l=0@-1/0@-1 straight=0/1 far_straight=0/0 circle_cnt=0/0/0/0 lost=0/0 conf=82.6/4.1/0.0/0.0 dist=0 begin=9/0 m0=(84,119) ml=(80,87) md=33/1/130 cxcy=84.0,119.6 guide=4.51 atg=-1.0/0.0/0.0 pure=0.35/-0.06 yaw=-271 cmd=-247 actual=-294 signed=1 rps=4139/3461:604/373 duty=14/14 pwm=PWM2:14/PWM1:14 motor=2:14/1:14
ATGCorner: L=1@30/0@-1 Y=0@-1/0@-1 farL=0@-1/0@-1 Lxy=50.8,47.6:48.1,28.3/-1.0,-1.0:-1.0,-1.0 Yxy=-1.0,-1.0:-1.0,-1.0/-1.0,-1.0:-1.0,-1.0 farLxy=-1.0,-1.0:-1.0,-1.0/-1.0,-1.0:-1.0,-1.0 best=30:50.8,47.6:48.1,28.3:82.6:11111/1:104.9,114.2:124.7,98.0:4.1:10111 seed_src=lpt/none seed=0.0,0.0/0.0,0.0 far_start=70,0 far_raw=0/0 far_num=0/0 straight=0/1 far_straight=0/0 conf_deg=82.6/4.1/0.0/0.0
CrossDiag: type=CROSS_NONE track=1 half_lr=0/0 nearL=1@30/0@-1 nearNum=55/124 centerNum=55/124 farL=0@-1/0@-1 farNum=0/0 farRaw=0/0 lost=0/0 not_have=0 final=124/126 flags=0/0
LineErr: aim=33 cxcy=84.0,119.6 left=1:3.31@80,79 dx=-3.7 idx=0/16 dist=32/156 right=1:4.41@80,85 dx=-4.4 idx=0/13 dist=32/252 sel=1:4.33@80,84 dx=-4.4 idx=0/16 dist=32/250 edge=1:3.61@80.0,79.0 dx=-4.0 width=52.0 l=54,79 r=106,79
CxScan: raw_ref=80.0 edge=80.0,79.0 best_raw_x=70 best_err=0.17 best_cxcy=80.2,119.5 scan=0:-22.8,10:-19.8,20:-16.6,30:-13.4,40:-10.1,50:-6.7,60:-3.3,70:0.2,80:3.6,90:7.0,100:10.4,110:13.7,120:16.9,130:19.9,140:22.9
ATGSeedDiag: seed=1@6,108/1@129,108 begin=7,108 block=5 clip=8
ATGLptDiag: best=30(82.6) imip=20/40 pass=11111 acc=30 ipm=50.8,47.6 inv=48.1,28.3 | 1(4.1) imip=0/11 pass=10111 acc=-1 ipm=104.9,114.2 inv=124.7,98.0
frame=11 line=1 track=1 cross=0 circle=1(CIRCLE_LEFT_BEGIN) round=0 yroad=0 ramp=0 road=7 speed=0 near=54/124 raw=127/105 sel=124/127 far=0/0 far_raw=0/0 l=1@29/0@-1 far_l=0@-1/0@-1 straight=0/1 far_straight=0/0 circle_cnt=0/0/0/0 lost=0/0 conf=84.1/4.0/0.0/0.0 dist=0 begin=11/0 m0=(84,119) ml=(80,87) md=33/1/133 cxcy=84.0,119.6 guide=4.53 atg=0.0/0.0/0.0 pure=0.32/-0.07 yaw=-272 cmd=-234 actual=-310 signed=1 rps=4120/3480:614/390 duty=14/14 pwm=PWM2:14/PWM1:14 motor=2:14/1:14
ATGCorner: L=1@29/0@-1 Y=0@-1/0@-1 farL=0@-1/0@-1 Lxy=52.4,49.5:48.9,29.0/-1.0,-1.0:-1.0,-1.0 Yxy=-1.0,-1.0:-1.0,-1.0/-1.0,-1.0:-1.0,-1.0 farLxy=-1.0,-1.0:-1.0,-1.0/-1.0,-1.0:-1.0,-1.0 best=29:52.4,49.5:48.9,29.0:84.1:11111/1:104.9,114.2:124.7,98.0:4.0:10111 seed_src=lpt/none seed=0.0,0.0/0.0,0.0 far_start=70,0 far_raw=0/0 far_num=0/0 straight=0/1 far_straight=0/0 conf_deg=84.1/4.0/0.0/0.0
CrossDiag: type=CROSS_NONE track=1 half_lr=0/0 nearL=1@29/0@-1 nearNum=54/124 centerNum=54/124 farL=0@-1/0@-1 farNum=0/0 farRaw=0/0 lost=0/0 not_have=0 final=124/127 flags=0/0
LineErr: aim=33 cxcy=84.0,119.6 left=1:3.26@80,79 dx=-3.6 idx=0/16 dist=32/154 right=1:4.40@80,85 dx=-4.4 idx=0/13 dist=32/252 sel=1:4.32@80,84 dx=-4.4 idx=0/16 dist=32/252 edge=1:3.61@80.0,79.0 dx=-4.0 width=52.0 l=54,79 r=106,79
CxScan: raw_ref=80.0 edge=80.0,79.0 best_raw_x=70 best_err=0.17 best_cxcy=80.2,119.5 scan=0:-22.8,10:-19.8,20:-16.6,30:-13.4,40:-10.1,50:-6.7,60:-3.3,70:0.2,80:3.6,90:7.0,100:10.4,110:13.7,120:16.9,130:19.9,140:22.9
ATGSeedDiag: seed=1@7,108/1@129,108 begin=7,108 block=5 clip=8
ATGLptDiag: best=29(84.1) imip=19/39 pass=11111 acc=29 ipm=52.4,49.5 inv=48.9,29.0 | 1(4.0) imip=0/11 pass=10111 acc=-1 ipm=104.9,114.2 inv=124.7,98.0
frame=12 line=1 track=1 cross=0 circle=1(CIRCLE_LEFT_BEGIN) round=0 yroad=0 ramp=0 road=7 speed=0 near=55/124 raw=127/105 sel=124/126 far=0/0 far_raw=0/0 l=1@29/0@-1 far_l=0@-1/0@-1 straight=0/1 far_straight=0/0 circle_cnt=0/0/0/0 lost=0/0 conf=84.7/5.5/0.0/0.0 dist=0 begin=13/0 m0=(84,119) ml=(80,86) md=34/1/133 cxcy=84.0,119.6 guide=4.35 atg=0.0/0.0/0.0 pure=0.29/-0.07 yaw=-261 cmd=-191 actual=-330 signed=1 rps=4062/3538:688/454 duty=14/14 pwm=PWM2:14/PWM1:14 motor=2:14/1:14
ATGCorner: L=1@29/0@-1 Y=0@-1/0@-1 farL=0@-1/0@-1 Lxy=52.5,49.5:49.0,29.0/-1.0,-1.0:-1.0,-1.0 Yxy=-1.0,-1.0:-1.0,-1.0/-1.0,-1.0:-1.0,-1.0 farLxy=-1.0,-1.0:-1.0,-1.0/-1.0,-1.0:-1.0,-1.0 best=29:52.5,49.5:49.0,29.0:84.7:11111/1:105.0,114.2:125.0,98.0:5.5:10111 seed_src=lpt/none seed=0.0,0.0/0.0,0.0 far_start=70,0 far_raw=0/0 far_num=0/0 straight=0/1 far_straight=0/0 conf_deg=84.7/5.5/0.0/0.0
CrossDiag: type=CROSS_NONE track=1 half_lr=0/0 nearL=1@29/0@-1 nearNum=55/124 centerNum=55/124 farL=0@-1/0@-1 farNum=0/0 farRaw=0/0 lost=0/0 not_have=0 final=124/126 flags=0/0
LineErr: aim=33 cxcy=84.0,119.6 left=1:2.89@81,79 dx=-3.2 idx=0/16 dist=32/157 right=1:4.10@80,85 dx=-4.1 idx=0/13 dist=32/252 sel=1:3.99@80,84 dx=-4.1 idx=0/16 dist=32/250 edge=1:3.16@80.5,79.0 dx=-3.5 width=51.0 l=55,79 r=106,79
CxScan: raw_ref=80.0 edge=80.5,79.0 best_raw_x=70 best_err=-0.28 best_cxcy=80.2,119.5 scan=0:-23.2,10:-20.2,20:-17.1,30:-13.8,40:-10.5,50:-7.1,60:-3.7,70:-0.3,80:3.2,90:6.6,100:9.9,110:13.2,120:16.4,130:19.5,140:22.5
ATGSeedDiag: seed=1@7,108/1@129,108 begin=7,108 block=5 clip=8
ATGLptDiag: best=29(84.7) imip=19/39 pass=11111 acc=29 ipm=52.5,49.5 inv=49.0,29.0 | 1(5.5) imip=0/11 pass=10111 acc=-1 ipm=105.0,114.2 inv=125.0,98.0
frame=13 line=1 track=1 cross=0 circle=1(CIRCLE_LEFT_BEGIN) round=0 yroad=0 ramp=0 road=7 speed=0 near=55/124 raw=128/105 sel=124/126 far=0/0 far_raw=0/0 l=1@30/0@-1 far_l=0@-1/0@-1 straight=0/1 far_straight=0/0 circle_cnt=0/0/0/0 lost=0/0 conf=82.8/2.5/0.0/0.0 dist=0 begin=15/0 m0=(84,119) ml=(80,86) md=34/1/133 cxcy=84.0,119.6 guide=4.17 atg=0.0/0.0/0.0 pure=0.22/-0.16 yaw=-250 cmd=-156 actual=-344 signed=1 rps=4014/3586:726/502 duty=14/14 pwm=PWM2:14/PWM1:14 motor=2:14/1:14
ATGCorner: L=1@30/0@-1 Y=0@-1/0@-1 farL=0@-1/0@-1 Lxy=52.0,47.6:49.0,28.3/-1.0,-1.0:-1.0,-1.0 Yxy=-1.0,-1.0:-1.0,-1.0/-1.0,-1.0:-1.0,-1.0 farLxy=-1.0,-1.0:-1.0,-1.0/-1.0,-1.0:-1.0,-1.0 best=30:52.0,47.6:49.0,28.3:82.8:11111/64:117.2,-31.4:87.1,11.7:2.5:10101 seed_src=lpt/none seed=0.0,0.0/0.0,0.0 far_start=70,0 far_raw=0/0 far_num=0/0 straight=0/1 far_straight=0/0 conf_deg=82.8/2.5/0.0/0.0
CrossDiag: type=CROSS_NONE track=1 half_lr=0/0 nearL=1@30/0@-1 nearNum=55/124 centerNum=55/124 farL=0@-1/0@-1 farNum=0/0 farRaw=0/0 lost=0/0 not_have=0 final=124/126 flags=0/0
LineErr: aim=33 cxcy=84.0,119.6 left=1:2.63@81,80 dx=-2.9 idx=0/16 dist=32/157 right=1:3.92@80,85 dx=-4.0 idx=0/13 dist=32/252 sel=1:3.80@80,84 dx=-3.9 idx=0/16 dist=32/250 edge=1:2.72@81.0,79.0 dx=-3.0 width=52.0 l=55,79 r=107,79
CxScan: raw_ref=80.0 edge=81.0,79.0 best_raw_x=70 best_err=-0.73 best_cxcy=80.2,119.5 scan=0:-23.6,10:-20.6,20:-17.5,30:-14.3,40:-11.0,50:-7.6,60:-4.2,70:-0.7,80:2.7,90:6.1,100:9.5,110:12.8,120:16.0,130:19.1,140:22.1
ATGSeedDiag: seed=1@7,108/1@129,108 begin=7,108 block=5 clip=8
ATGLptDiag: best=30(82.8) imip=20/40 pass=11111 acc=30 ipm=52.0,47.6 inv=49.0,28.3 | 64(2.5) imip=54/74 pass=10101 acc=-1 ipm=117.2,-31.4 inv=87.1,11.7
frame=14 line=1 track=1 cross=0 circle=1(CIRCLE_LEFT_BEGIN) round=0 yroad=0 ramp=0 road=7 speed=0 near=55/124 raw=128/105 sel=124/126 far=0/0 far_raw=0/0 l=1@29/0@-1 far_l=0@-1/0@-1 straight=0/1 far_straight=0/0 circle_cnt=0/0/0/0 lost=0/0 conf=86.7/2.6/0.0/0.0 dist=0 begin=17/0 m0=(84,119) ml=(80,86) md=34/1/132 cxcy=84.0,119.6 guide=4.00 atg=0.0/0.0/0.0 pure=0.18/-0.17 yaw=-240 cmd=-132 actual=-348 signed=1 rps=3981/3619:743/522 duty=14/14 pwm=PWM2:14/PWM1:14 motor=2:14/1:14
ATGCorner: L=1@29/0@-1 Y=0@-1/0@-1 farL=0@-1/0@-1 Lxy=53.6,49.4:49.9,29.0/-1.0,-1.0:-1.0,-1.0 Yxy=-1.0,-1.0:-1.0,-1.0/-1.0,-1.0:-1.0,-1.0 farLxy=-1.0,-1.0:-1.0,-1.0/-1.0,-1.0:-1.0,-1.0 best=29:53.6,49.4:49.9,29.0:86.7:11111/64:118.0,-31.3:87.4,11.7:2.6:10101 seed_src=lpt/none seed=0.0,0.0/0.0,0.0 far_start=70,0 far_raw=0/0 far_num=0/0 straight=0/1 far_straight=0/0 conf_deg=86.7/2.6/0.0/0.0
CrossDiag: type=CROSS_NONE track=1 half_lr=0/0 nearL=1@29/0@-1 nearNum=55/124 centerNum=55/124 farL=0@-1/0@-1 farNum=0/0 farRaw=0/0 lost=0/0 not_have=0 final=124/126 flags=0/0
LineErr: aim=33 cxcy=84.0,119.6 left=1:2.51@81,80 dx=-2.8 idx=0/16 dist=32/155 right=1:3.62@80,85 dx=-3.7 idx=0/13 dist=32/252 sel=1:3.54@80,84 dx=-3.6 idx=0/16 dist=32/250 edge=1:2.72@81.0,79.0 dx=-3.0 width=52.0 l=55,79 r=107,79
CxScan: raw_ref=80.0 edge=81.0,79.0 best_raw_x=70 best_err=-0.73 best_cxcy=80.2,119.5 scan=0:-23.6,10:-20.6,20:-17.5,30:-14.3,40:-11.0,50:-7.6,60:-4.2,70:-0.7,80:2.7,90:6.1,100:9.5,110:12.8,120:16.0,130:19.1,140:22.1
ATGSeedDiag: seed=1@7,108/1@130,108 begin=7,108 block=5 clip=8
ATGLptDiag: best=29(86.7) imip=19/39 pass=11111 acc=29 ipm=53.6,49.4 inv=49.9,29.0 | 64(2.6) imip=54/74 pass=10101 acc=-1 ipm=118.0,-31.3 inv=87.4,11.7
frame=15 line=1 track=1 cross=0 circle=1(CIRCLE_LEFT_BEGIN) round=0 yroad=0 ramp=0 road=7 speed=0 near=55/124 raw=128/105 sel=124/126 far=0/0 far_raw=0/0 l=1@29/0@-1 far_l=0@-1/0@-1 straight=0/1 far_straight=0/0 circle_cnt=0/0/0/0 lost=0/0 conf=84.5/3.8/0.0/0.0 dist=0 begin=19/0 m0=(84,119) ml=(80,86) md=34/1/135 cxcy=84.0,119.6 guide=4.00 atg=0.0/0.0/0.0 pure=0.15/-0.18 yaw=-240 cmd=-133 actual=-347 signed=1 rps=3983/3617:783/597 duty=14/14 pwm=PWM2:14/PWM1:14 motor=2:14/1:14
ATGCorner: L=1@29/0@-1 Y=0@-1/0@-1 farL=0@-1/0@-1 Lxy=53.6,49.5:49.9,29.0/-1.0,-1.0:-1.0,-1.0 Yxy=-1.0,-1.0:-1.0,-1.0/-1.0,-1.0:-1.0,-1.0 farLxy=-1.0,-1.0:-1.0,-1.0/-1.0,-1.0:-1.0,-1.0 best=29:53.6,49.5:49.9,29.0:84.5:11111/1:105.4,114.2:125.7,98.0:3.8:10111 seed_src=lpt/none seed=0.0,0.0/0.0,0.0 far_start=70,0 far_raw=0/0 far_num=0/0 straight=0/1 far_straight=0/0 conf_deg=84.5/3.8/0.0/0.0
CrossDiag: type=CROSS_NONE track=1 half_lr=0/0 nearL=1@29/0@-1 nearNum=55/124 centerNum=55/124 farL=0@-1/0@-1 farNum=0/0 farRaw=0/0 lost=0/0 not_have=0 final=124/126 flags=0/0
LineErr: aim=33 cxcy=84.0,119.6 left=1:2.17@82,80 dx=-2.4 idx=0/16 dist=32/157 right=1:3.55@80,85 dx=-3.6 idx=0/13 dist=32/252 sel=1:3.45@80,84 dx=-3.6 idx=0/16 dist=32/250 edge=1:2.27@81.5,79.0 dx=-2.5 width=51.0 l=56,79 r=107,79
CxScan: raw_ref=80.0 edge=81.5,79.0 best_raw_x=75 best_err=0.55 best_cxcy=82.1,119.5 scan=0:-23.9,10:-21.0,20:-17.9,30:-14.7,40:-11.4,50:-8.0,60:-4.6,70:-1.2,80:2.3,90:5.7,100:9.1,110:12.4,120:15.6,130:18.7,140:21.7
ATGSeedDiag: seed=1@8,107/1@130,108 begin=7,108 block=5 clip=8
ATGLptDiag: best=29(84.5) imip=19/39 pass=11111 acc=29 ipm=53.6,49.5 inv=49.9,29.0 | 1(3.8) imip=0/11 pass=10111 acc=-1 ipm=105.4,114.2 inv=125.7,98.0
frame=16 line=1 track=1 cross=0 circle=1(CIRCLE_LEFT_BEGIN) round=0 yroad=0 ramp=0 road=7 speed=0 near=55/124 raw=127/105 sel=124/126 far=0/0 far_raw=0/0 l=1@29/0@-1 far_l=0@-1/0@-1 straight=0/1 far_straight=0/0 circle_cnt=0/0/0/0 lost=0/0 conf=80.2/3.5/0.0/0.0 dist=0 begin=21/0 m0=(84,119) ml=(81,86) md=34/1/134 cxcy=84.0,119.6 guide=3.66 atg=0.0/0.0/0.0 pure=0.12/-0.22 yaw=-219 cmd=-97 actual=-342 signed=1 rps=3933/3667:785/597 duty=14/15 pwm=PWM2:14/PWM1:15 motor=2:14/1:15
ATGCorner: L=1@29/0@-1 Y=0@-1/0@-1 farL=0@-1/0@-1 Lxy=52.9,49.9:49.2,29.2/-1.0,-1.0:-1.0,-1.0 Yxy=-1.0,-1.0:-1.0,-1.0/-1.0,-1.0:-1.0,-1.0 farLxy=-1.0,-1.0:-1.0,-1.0/-1.0,-1.0:-1.0,-1.0 best=29:52.9,49.9:49.2,29.2:80.2:11111/1:105.4,114.2:125.7,98.0:3.5:10111 seed_src=lpt/none seed=0.0,0.0/0.0,0.0 far_start=70,0 far_raw=0/0 far_num=0/0 straight=0/1 far_straight=0/0 conf_deg=80.2/3.5/0.0/0.0
CrossDiag: type=CROSS_NONE track=1 half_lr=0/0 nearL=1@29/0@-1 nearNum=55/124 centerNum=55/124 farL=0@-1/0@-1 farNum=0/0 farRaw=0/0 lost=0/0 not_have=0 final=124/126 flags=0/0
LineErr: aim=33 cxcy=84.0,119.6 left=1:2.11@82,80 dx=-2.3 idx=0/16 dist=33/159 right=1:3.25@81,85 dx=-3.3 idx=0/13 dist=32/252 sel=1:3.16@81,84 dx=-3.3 idx=0/16 dist=32/250 edge=1:2.27@81.5,79.0 dx=-2.5 width=51.0 l=56,79 r=107,79
CxScan: raw_ref=80.0 edge=81.5,79.0 best_raw_x=75 best_err=0.55 best_cxcy=82.1,119.5 scan=0:-23.9,10:-21.0,20:-17.9,30:-14.7,40:-11.4,50:-8.0,60:-4.6,70:-1.2,80:2.3,90:5.7,100:9.1,110:12.4,120:15.6,130:18.7,140:21.7
ATGSeedDiag: seed=1@8,108/1@130,108 begin=7,108 block=5 clip=8
ATGLptDiag: best=29(80.2) imip=19/39 pass=11111 acc=29 ipm=52.9,49.9 inv=49.2,29.2 | 1(3.5) imip=0/11 pass=10111 acc=-1 ipm=105.4,114.2 inv=125.7,98.0
frame=17 line=1 track=1 cross=0 circle=1(CIRCLE_LEFT_BEGIN) round=0 yroad=0 ramp=0 road=7 speed=0 near=55/124 raw=129/105 sel=124/126 far=0/0 far_raw=0/0 l=1@29/0@-1 far_l=0@-1/0@-1 straight=0/1 far_straight=0/0 circle_cnt=0/0/0/0 lost=0/0 conf=86.6/3.3/0.0/0.0 dist=0 begin=23/0 m0=(84,119) ml=(81,86) md=34/1/135 cxcy=84.0,119.6 guide=3.48 atg=0.0/0.0/0.0 pure=0.07/-0.26 yaw=-209 cmd=-83 actual=-335 signed=1 rps=3914/3686:835/665 duty=13/15 pwm=PWM2:13/PWM1:15 motor=2:13/1:15
ATGCorner: L=1@29/0@-1 Y=0@-1/0@-1 farL=0@-1/0@-1 Lxy=54.7,49.5:50.7,29.0/-1.0,-1.0:-1.0,-1.0 Yxy=-1.0,-1.0:-1.0,-1.0/-1.0,-1.0:-1.0,-1.0 farLxy=-1.0,-1.0:-1.0,-1.0/-1.0,-1.0:-1.0,-1.0 best=29:54.7,49.5:50.7,29.0:86.6:11111/1:105.4,114.2:125.7,98.0:3.3:10111 seed_src=lpt/none seed=0.0,0.0/0.0,0.0 far_start=70,0 far_raw=0/0 far_num=0/0 straight=0/1 far_straight=0/0 conf_deg=86.6/3.3/0.0/0.0
CrossDiag: type=CROSS_NONE track=1 half_lr=0/0 nearL=1@29/0@-1 nearNum=55/124 centerNum=55/124 farL=0@-1/0@-1 farNum=0/0 farRaw=0/0 lost=0/0 not_have=0 final=124/126 flags=0/0
LineErr: aim=33 cxcy=84.0,119.6 left=1:1.73@82,80 dx=-1.9 idx=0/16 dist=32/159 right=1:3.15@81,85 dx=-3.2 idx=0/13 dist=32/252 sel=1:3.07@81,84 dx=-3.2 idx=0/16 dist=32/250 edge=1:2.27@81.5,79.0 dx=-2.5 width=51.0 l=56,79 r=107,79
CxScan: raw_ref=80.0 edge=81.5,79.0 best_raw_x=75 best_err=0.55 best_cxcy=82.1,119.5 scan=0:-23.9,10:-21.0,20:-17.9,30:-14.7,40:-11.4,50:-8.0,60:-4.6,70:-1.2,80:2.3,90:5.7,100:9.1,110:12.4,120:15.6,130:18.7,140:21.7
ATGSeedDiag: seed=1@8,108/1@130,108 begin=7,108 block=5 clip=8
ATGLptDiag: best=29(86.6) imip=19/39 pass=11111 acc=29 ipm=54.7,49.5 inv=50.7,29.0 | 1(3.3) imip=0/11 pass=10111 acc=-1 ipm=105.4,114.2 inv=125.7,98.0
frame=18 line=1 track=1 cross=0 circle=1(CIRCLE_LEFT_BEGIN) round=0 yroad=0 ramp=0 road=7 speed=0 near=55/124 raw=128/105 sel=124/127 far=0/0 far_raw=0/0 l=1@28/0@-1 far_l=0@-1/0@-1 straight=0/1 far_straight=0/0 circle_cnt=0/0/0/0 lost=0/0 conf=84.2/2.8/0.0/0.0 dist=0 begin=25/0 m0=(84,119) ml=(81,88) md=32/1/138 cxcy=84.0,119.6 guide=3.30 atg=0.0/0.0/0.0 pure=0.02/-0.26 yaw=-198 cmd=-68 actual=-328 signed=1 rps=3893/3707:875/699 duty=13/15 pwm=PWM2:13/PWM1:15 motor=2:13/1:15
ATGCorner: L=1@28/0@-1 Y=0@-1/0@-1 farL=0@-1/0@-1 Lxy=55.3,51.7:50.7,29.9/-1.0,-1.0:-1.0,-1.0 Yxy=-1.0,-1.0:-1.0,-1.0/-1.0,-1.0:-1.0,-1.0 farLxy=-1.0,-1.0:-1.0,-1.0/-1.0,-1.0:-1.0,-1.0 best=28:55.3,51.7:50.7,29.9:84.2:11111/64:120.3,-31.1:88.5,11.7:2.8:10101 seed_src=lpt/none seed=0.0,0.0/0.0,0.0 far_start=70,0 far_raw=0/0 far_num=0/0 straight=0/1 far_straight=0/0 conf_deg=84.2/2.8/0.0/0.0
CrossDiag: type=CROSS_NONE track=1 half_lr=0/0 nearL=1@28/0@-1 nearNum=55/124 centerNum=55/124 farL=0@-1/0@-1 farNum=0/0 farRaw=0/0 lost=0/0 not_have=0 final=124/127 flags=0/0
LineErr: aim=33 cxcy=84.0,119.6 left=1:1.68@82,80 dx=-1.8 idx=0/16 dist=32/159 right=1:2.94@81,84 dx=-3.0 idx=0/13 dist=32/252 sel=1:2.84@81,84 dx=-2.9 idx=0/16 dist=32/252 edge=1:1.82@82.0,79.0 dx=-2.0 width=52.0 l=56,79 r=108,79
CxScan: raw_ref=80.0 edge=82.0,79.0 best_raw_x=75 best_err=0.10 best_cxcy=82.1,119.5 scan=0:-24.3,10:-21.4,20:-18.3,30:-15.1,40:-11.8,50:-8.5,60:-5.1,70:-1.6,80:1.8,90:5.2,100:8.6,110:12.0,120:15.2,130:18.3,140:21.4
ATGSeedDiag: seed=1@8,108/1@130,108 begin=7,108 block=5 clip=8
ATGLptDiag: best=28(84.2) imip=18/38 pass=11111 acc=28 ipm=55.3,51.7 inv=50.7,29.9 | 64(2.8) imip=54/74 pass=10101 acc=-1 ipm=120.3,-31.1 inv=88.5,11.7
frame=19 line=1 track=1 cross=0 circle=1(CIRCLE_LEFT_BEGIN) round=0 yroad=0 ramp=0 road=7 speed=0 near=55/124 raw=129/105 sel=124/126 far=0/0 far_raw=0/0 l=1@29/0@-1 far_l=0@-1/0@-1 straight=0/1 far_straight=0/0 circle_cnt=0/0/0/0 lost=0/0 conf=80.5/2.6/0.0/0.0 dist=0 begin=27/0 m0=(84,119) ml=(81,88) md=32/1/137 cxcy=84.0,119.6 guide=2.95 atg=0.0/0.0/0.0 pure=-0.02/-0.28 yaw=-177 cmd=-30 actual=-324 signed=1 rps=3841/3759:872/715 duty=13/15 pwm=PWM2:13/PWM1:15 motor=2:13/1:15
ATGCorner: L=1@29/0@-1 Y=0@-1/0@-1 farL=0@-1/0@-1 Lxy=53.9,50.2:50.0,29.3/-1.0,-1.0:-1.0,-1.0 Yxy=-1.0,-1.0:-1.0,-1.0/-1.0,-1.0:-1.0,-1.0 farLxy=-1.0,-1.0:-1.0,-1.0/-1.0,-1.0:-1.0,-1.0 best=29:53.9,50.2:50.0,29.3:80.5:11111/64:120.3,-31.1:88.5,11.7:2.6:10101 seed_src=lpt/none seed=0.0,0.0/0.0,0.0 far_start=70,0 far_raw=0/0 far_num=0/0 straight=0/1 far_straight=0/0 conf_deg=80.5/2.6/0.0/0.0
CrossDiag: type=CROSS_NONE track=1 half_lr=0/0 nearL=1@29/0@-1 nearNum=55/124 centerNum=55/124 farL=0@-1/0@-1 farNum=0/0 farRaw=0/0 lost=0/0 not_have=0 final=124/126 flags=0/0
LineErr: aim=33 cxcy=84.0,119.6 left=1:1.39@83,80 dx=-1.5 idx=0/16 dist=32/159 right=1:2.73@81,84 dx=-2.8 idx=0/13 dist=32/252 sel=1:2.65@81,84 dx=-2.7 idx=0/16 dist=32/250 edge=1:1.83@82.0,79.5 dx=-2.0 width=52.0 l=56,80 r=108,79
CxScan: raw_ref=80.0 edge=82.0,79.5 best_raw_x=75 best_err=0.10 best_cxcy=82.1,119.5 scan=0:-24.5,10:-21.5,20:-18.4,30:-15.2,40:-11.9,50:-8.5,60:-5.1,70:-1.6,80:1.8,90:5.3,100:8.7,110:12.0,120:15.3,130:18.5,140:21.5
ATGSeedDiag: seed=1@8,108/1@130,108 begin=7,108 block=5 clip=8
ATGLptDiag: best=29(80.5) imip=19/39 pass=11111 acc=29 ipm=53.9,50.2 inv=50.0,29.3 | 64(2.6) imip=54/74 pass=10101 acc=-1 ipm=120.3,-31.1 inv=88.5,11.7
frame=20 line=1 track=1 cross=0 circle=1(CIRCLE_LEFT_BEGIN) round=0 yroad=0 ramp=0 road=7 speed=0 near=55/124 raw=128/105 sel=124/126 far=0/0 far_raw=0/0 l=1@28/0@-1 far_l=0@-1/0@-1 straight=0/1 far_straight=0/0 circle_cnt=0/0/0/0 lost=0/0 conf=83.7/3.4/0.0/0.0 dist=0 begin=29/0 m0=(84,119) ml=(81,88) md=32/1/137 cxcy=84.0,119.6 guide=2.95 atg=0.0/0.0/1.0 pure=-0.05/-0.35 yaw=-177 cmd=-44 actual=-310 signed=1 rps=3860/3740:924/785 duty=13/15 pwm=PWM2:13/PWM1:15 motor=2:13/1:15
ATGCorner: L=1@28/0@-1 Y=0@-1/0@-1 farL=0@-1/0@-1 Lxy=55.5,51.8:50.9,29.9/-1.0,-1.0:-1.0,-1.0 Yxy=-1.0,-1.0:-1.0,-1.0/-1.0,-1.0:-1.0,-1.0 farLxy=-1.0,-1.0:-1.0,-1.0/-1.0,-1.0:-1.0,-1.0 best=28:55.5,51.8:50.9,29.9:83.7:11111/61:120.8,-24.1:89.4,12.6:3.4:10101 seed_src=lpt/none seed=0.0,0.0/0.0,0.0 far_start=70,0 far_raw=0/0 far_num=0/0 straight=0/1 far_straight=0/0 conf_deg=83.7/3.4/0.0/0.0
CrossDiag: type=CROSS_NONE track=1 half_lr=0/0 nearL=1@28/0@-1 nearNum=55/124 centerNum=55/124 farL=0@-1/0@-1 farNum=0/0 farRaw=0/0 lost=0/0 not_have=0 final=124/126 flags=0/0
LineErr: aim=33 cxcy=84.0,119.6 left=1:1.32@83,80 dx=-1.4 idx=0/16 dist=32/159 right=1:2.62@81,84 dx=-2.7 idx=0/13 dist=32/252 sel=1:2.52@81,84 dx=-2.6 idx=0/16 dist=32/250 edge=1:1.37@82.5,79.0 dx=-1.5 width=51.0 l=57,79 r=108,79
CxScan: raw_ref=80.0 edge=82.5,79.0 best_raw_x=75 best_err=-0.35 best_cxcy=82.1,119.5 scan=0:-24.7,10:-21.8,20:-18.7,30:-15.5,40:-12.3,50:-8.9,60:-5.5,70:-2.1,80:1.4,90:4.8,100:8.2,110:11.5,120:14.8,130:17.9,140:21.0
ATGSeedDiag: seed=1@9,108/1@131,108 begin=7,108 block=5 clip=8
ATGLptDiag: best=28(83.7) imip=18/38 pass=11111 acc=28 ipm=55.5,51.8 inv=50.9,29.9 | 61(3.4) imip=51/71 pass=10101 acc=-1 ipm=120.8,-24.1 inv=89.4,12.6
frame=22 line=1 track=1 cross=0 circle=1(CIRCLE_LEFT_BEGIN) round=0 yroad=0 ramp=0 road=7 speed=0 near=55/124 raw=129/105 sel=124/126 far=0/0 far_raw=0/0 l=1@28/0@-1 far_l=0@-1/0@-1 straight=0/1 far_straight=0/0 circle_cnt=0/0/0/0 lost=0/0 conf=86.1/3.6/0.0/0.0 dist=0 begin=33/0 m0=(84,119) ml=(81,88) md=32/1/137 cxcy=84.0,119.6 guide=2.61 atg=0.0/0.0/1.0 pure=-0.12/-0.35 yaw=-156 cmd=-39 actual=-273 signed=1 rps=3854/3746:921/857 duty=13/15 pwm=PWM2:13/PWM1:15 motor=2:13/1:15
ATGCorner: L=1@28/0@-1 Y=0@-1/0@-1 farL=0@-1/0@-1 Lxy=56.5,51.7:51.7,29.9/-1.0,-1.0:-1.0,-1.0 Yxy=-1.0,-1.0:-1.0,-1.0/-1.0,-1.0:-1.0,-1.0 farLxy=-1.0,-1.0:-1.0,-1.0/-1.0,-1.0:-1.0,-1.0 best=28:56.5,51.7:51.7,29.9:86.1:11111/63:122.0,-28.6:89.4,12.0:3.6:10101 seed_src=lpt/none seed=0.0,0.0/0.0,0.0 far_start=70,0 far_raw=0/0 far_num=0/0 straight=0/1 far_straight=0/0 conf_deg=86.1/3.6/0.0/0.0
CrossDiag: type=CROSS_NONE track=1 half_lr=0/0 nearL=1@28/0@-1 nearNum=55/124 centerNum=55/124 farL=0@-1/0@-1 farNum=0/0 farRaw=0/0 lost=0/0 not_have=0 final=124/126 flags=0/0
LineErr: aim=33 cxcy=84.0,119.6 left=1:0.92@83,80 dx=-1.0 idx=0/16 dist=32/159 right=1:2.31@82,84 dx=-2.4 idx=0/13 dist=32/252 sel=1:2.25@82,84 dx=-2.3 idx=0/16 dist=32/250 edge=1:1.38@82.5,79.5 dx=-1.5 width=51.0 l=57,79 r=108,80
CxScan: raw_ref=80.0 edge=82.5,79.5 best_raw_x=75 best_err=-0.36 best_cxcy=82.1,119.5 scan=0:-24.9,10:-21.9,20:-18.8,30:-15.6,40:-12.4,50:-9.0,60:-5.6,70:-2.1,80:1.4,90:4.8,100:8.3,110:11.6,120:14.9,130:18.1,140:21.1
ATGSeedDiag: seed=1@9,108/1@131,108 begin=7,108 block=5 clip=8
ATGLptDiag: best=28(86.1) imip=18/38 pass=11111 acc=28 ipm=56.5,51.7 inv=51.7,29.9 | 63(3.6) imip=53/73 pass=10101 acc=-1 ipm=122.0,-28.6 inv=89.4,12.0
frame=24 line=1 track=1 cross=0 circle=1(CIRCLE_LEFT_BEGIN) round=0 yroad=0 ramp=0 road=7 speed=0 near=54/124 raw=127/105 sel=124/126 far=0/0 far_raw=0/0 l=1@27/0@-1 far_l=0@-1/0@-1 straight=0/1 far_straight=0/0 circle_cnt=0/0/0/0 lost=0/0 conf=85.4/2.7/0.0/0.0 dist=0 begin=38/0 m0=(84,119) ml=(81,88) md=32/1/137 cxcy=84.0,119.6 guide=2.78 atg=0.0/0.0/1.0 pure=-0.10/-0.35 yaw=-167 cmd=-106 actual=-227 signed=1 rps=3945/3655:895/886 duty=13/14 pwm=PWM2:13/PWM1:14 motor=2:13/1:14
ATGCorner: L=1@27/0@-1 Y=0@-1/0@-1 farL=0@-1/0@-1 Lxy=57.0,53.8:51.7,30.7/-1.0,-1.0:-1.0,-1.0 Yxy=-1.0,-1.0:-1.0,-1.0/-1.0,-1.0:-1.0,-1.0 farLxy=-1.0,-1.0:-1.0,-1.0/-1.0,-1.0:-1.0,-1.0 best=27:57.0,53.8:51.7,30.7:85.4:11111/60:120.6,-21.8:89.5,12.9:2.7:10101 seed_src=lpt/none seed=0.0,0.0/0.0,0.0 far_start=70,0 far_raw=0/0 far_num=0/0 straight=0/1 far_straight=0/0 conf_deg=85.4/2.7/0.0/0.0
CrossDiag: type=CROSS_NONE track=1 half_lr=0/0 nearL=1@27/0@-1 nearNum=54/124 centerNum=54/124 farL=0@-1/0@-1 farNum=0/0 farRaw=0/0 lost=0/0 not_have=0 final=124/126 flags=0/0
LineErr: aim=33 cxcy=84.0,119.6 left=1:0.40@84,80 dx=-0.4 idx=0/16 dist=33/157 right=1:2.31@82,84 dx=-2.4 idx=0/13 dist=32/252 sel=1:2.27@82,84 dx=-2.3 idx=0/16 dist=32/250 edge=1:0.93@83.0,79.5 dx=-1.0 width=50.0 l=58,79 r=108,80
CxScan: raw_ref=80.0 edge=83.0,79.5 best_raw_x=75 best_err=-0.81 best_cxcy=82.1,119.5 scan=0:-25.2,10:-22.3,20:-19.2,30:-16.1,40:-12.8,50:-9.4,60:-6.0,70:-2.5,80:0.9,90:4.4,100:7.8,110:11.2,120:14.5,130:17.6,140:20.7
ATGSeedDiag: seed=1@10,108/1@131,108 begin=7,108 block=5 clip=8
ATGLptDiag: best=27(85.4) imip=17/37 pass=11111 acc=27 ipm=57.0,53.8 inv=51.7,30.7 | 60(2.7) imip=50/70 pass=10101 acc=-1 ipm=120.6,-21.8 inv=89.5,12.9
frame=26 line=1 track=1 cross=0 circle=1(CIRCLE_LEFT_BEGIN) round=0 yroad=0 ramp=0 road=7 speed=0 near=54/124 raw=127/105 sel=124/126 far=0/0 far_raw=0/0 l=1@27/0@-1 far_l=0@-1/0@-1 straight=0/1 far_straight=0/0 circle_cnt=0/0/0/0 lost=0/0 conf=83.8/2.3/0.0/0.0 dist=0 begin=43/0 m0=(84,119) ml=(81,88) md=32/1/137 cxcy=84.0,119.6 guide=2.78 atg=0.0/0.0/1.0 pure=-0.09/-0.35 yaw=-167 cmd=-152 actual=-182 signed=1 rps=4008/3592:911/931 duty=14/14 pwm=PWM2:14/PWM1:14 motor=2:14/1:14
ATGCorner: L=1@27/0@-1 Y=0@-1/0@-1 farL=0@-1/0@-1 Lxy=57.2,53.9:51.8,30.8/-1.0,-1.0:-1.0,-1.0 Yxy=-1.0,-1.0:-1.0,-1.0/-1.0,-1.0:-1.0,-1.0 farLxy=-1.0,-1.0:-1.0,-1.0/-1.0,-1.0:-1.0,-1.0 best=27:57.2,53.9:51.8,30.8:83.8:11111/60:120.3,-21.8:89.4,12.9:2.3:10101 seed_src=lpt/none seed=0.0,0.0/0.0,0.0 far_start=70,0 far_raw=0/0 far_num=0/0 straight=0/1 far_straight=0/0 conf_deg=83.8/2.3/0.0/0.0
CrossDiag: type=CROSS_NONE track=1 half_lr=0/0 nearL=1@27/0@-1 nearNum=54/124 centerNum=54/124 farL=0@-1/0@-1 farNum=0/0 farRaw=0/0 lost=0/0 not_have=0 final=124/126 flags=0/0
LineErr: aim=33 cxcy=84.0,119.6 left=1:-0.10@84,80 dx=0.1 idx=0/16 dist=34/157 right=1:2.32@82,84 dx=-2.4 idx=0/13 dist=32/252 sel=1:2.28@82,84 dx=-2.3 idx=0/16 dist=32/250 edge=1:0.92@83.0,79.0 dx=-1.0 width=50.0 l=58,79 r=108,79
CxScan: raw_ref=80.0 edge=83.0,79.0 best_raw_x=75 best_err=-0.80 best_cxcy=82.1,119.5 scan=0:-25.1,10:-22.1,20:-19.1,30:-15.9,40:-12.7,50:-9.4,60:-6.0,70:-2.5,80:0.9,90:4.4,100:7.8,110:11.1,120:14.4,130:17.5,140:20.6
ATGSeedDiag: seed=1@11,108/1@131,108 begin=7,108 block=5 clip=8
ATGLptDiag: best=27(83.8) imip=17/37 pass=11111 acc=27 ipm=57.2,53.9 inv=51.8,30.8 | 60(2.3) imip=50/70 pass=10101 acc=-1 ipm=120.3,-21.8 inv=89.4,12.9
frame=27 line=1 track=1 cross=0 circle=1(CIRCLE_LEFT_BEGIN) round=0 yroad=0 ramp=0 road=7 speed=0 near=54/124 raw=127/105 sel=124/126 far=0/0 far_raw=0/0 l=1@27/0@-1 far_l=0@-1/0@-1 straight=0/1 far_straight=0/0 circle_cnt=0/0/0/0 lost=0/0 conf=82.6/3.8/0.0/0.0 dist=0 begin=46/0 m0=(84,119) ml=(81,88) md=32/1/136 cxcy=84.0,119.6 guide=2.61 atg=0.0/0.0/1.0 pure=-0.12/-0.39 yaw=-156 cmd=-147 actual=-166 signed=1 rps=4001/3599:959/969 duty=14/14 pwm=PWM2:14/PWM1:14 motor=2:14/1:14
ATGCorner: L=1@27/0@-1 Y=0@-1/0@-1 farL=0@-1/0@-1 Lxy=57.3,54.0:51.9,30.8/-1.0,-1.0:-1.0,-1.0 Yxy=-1.0,-1.0:-1.0,-1.0/-1.0,-1.0:-1.0,-1.0 farLxy=-1.0,-1.0:-1.0,-1.0/-1.0,-1.0:-1.0,-1.0 best=27:57.3,54.0:51.9,30.8:82.6:11111/56:119.8,-12.5:90.2,14.2:3.8:10101 seed_src=lpt/none seed=0.0,0.0/0.0,0.0 far_start=70,0 far_raw=0/0 far_num=0/0 straight=0/1 far_straight=0/0 conf_deg=82.6/3.8/0.0/0.0
CrossDiag: type=CROSS_NONE track=1 half_lr=0/0 nearL=1@27/0@-1 nearNum=54/124 centerNum=54/124 farL=0@-1/0@-1 farNum=0/0 farRaw=0/0 lost=0/0 not_have=0 final=124/126 flags=0/0
LineErr: aim=33 cxcy=84.0,119.6 left=1:-0.32@84,80 dx=0.3 idx=0/16 dist=34/155 right=1:2.30@82,84 dx=-2.4 idx=0/13 dist=33/253 sel=1:2.26@82,84 dx=-2.3 idx=0/16 dist=32/250 edge=1:0.93@83.0,79.5 dx=-1.0 width=50.0 l=58,79 r=108,80
CxScan: raw_ref=80.0 edge=83.0,79.5 best_raw_x=75 best_err=-0.81 best_cxcy=82.1,119.5 scan=0:-25.2,10:-22.3,20:-19.2,30:-16.1,40:-12.8,50:-9.4,60:-6.0,70:-2.5,80:0.9,90:4.4,100:7.8,110:11.2,120:14.5,130:17.6,140:20.7
ATGSeedDiag: seed=1@11,108/1@131,108 begin=7,108 block=5 clip=8
ATGLptDiag: best=27(82.6) imip=17/37 pass=11111 acc=27 ipm=57.3,54.0 inv=51.9,30.8 | 56(3.8) imip=46/66 pass=10101 acc=-1 ipm=119.8,-12.5 inv=90.2,14.2
frame=28 line=1 track=1 cross=0 circle=1(CIRCLE_LEFT_BEGIN) round=0 yroad=0 ramp=0 road=7 speed=0 near=54/124 raw=128/105 sel=124/126 far=0/0 far_raw=0/0 l=1@27/0@-1 far_l=0@-1/0@-1 straight=0/1 far_straight=0/0 circle_cnt=0/0/0/0 lost=0/0 conf=86.3/3.3/0.0/0.0 dist=0 begin=49/0 m0=(84,119) ml=(82,86) md=33/1/135 cxcy=84.0,119.6 guide=2.45 atg=0.0/1.0/1.0 pure=-0.12/-0.40 yaw=-147 cmd=-136 actual=-158 signed=1 rps=3986/3614:954/932 duty=14/14 pwm=PWM2:14/PWM1:14 motor=2:14/1:14
ATGCorner: L=1@27/0@-1 Y=0@-1/0@-1 farL=0@-1/0@-1 Lxy=58.1,53.8:52.6,30.7/-1.0,-1.0:-1.0,-1.0 Yxy=-1.0,-1.0:-1.0,-1.0/-1.0,-1.0:-1.0,-1.0 farLxy=-1.0,-1.0:-1.0,-1.0/-1.0,-1.0:-1.0,-1.0 best=27:58.1,53.8:52.6,30.7:86.3:11111/57:121.0,-14.7:90.5,13.8:3.3:10101 seed_src=lpt/none seed=0.0,0.0/0.0,0.0 far_start=70,0 far_raw=0/0 far_num=0/0 straight=0/1 far_straight=0/0 conf_deg=86.3/3.3/0.0/0.0
CrossDiag: type=CROSS_NONE track=1 half_lr=0/0 nearL=1@27/0@-1 nearNum=54/124 centerNum=54/124 farL=0@-1/0@-1 farNum=0/0 farRaw=0/0 lost=0/0 not_have=0 final=124/126 flags=0/0
LineErr: aim=33 cxcy=84.0,119.6 left=1:-0.31@84,81 dx=0.3 idx=0/16 dist=33/155 right=1:2.27@82,84 dx=-2.3 idx=0/13 dist=33/253 sel=1:2.18@82,84 dx=-2.2 idx=0/16 dist=32/250 edge=1:0.93@83.0,79.5 dx=-1.0 width=50.0 l=58,79 r=108,80
CxScan: raw_ref=80.0 edge=83.0,79.5 best_raw_x=75 best_err=-0.81 best_cxcy=82.1,119.5 scan=0:-25.2,10:-22.3,20:-19.2,30:-16.1,40:-12.8,50:-9.4,60:-6.0,70:-2.5,80:0.9,90:4.4,100:7.8,110:11.2,120:14.5,130:17.6,140:20.7
ATGSeedDiag: seed=1@11,108/1@131,108 begin=7,108 block=5 clip=8
ATGLptDiag: best=27(86.3) imip=17/37 pass=11111 acc=27 ipm=58.1,53.8 inv=52.6,30.7 | 57(3.3) imip=47/67 pass=10101 acc=-1 ipm=121.0,-14.7 inv=90.5,13.8
frame=29 line=1 track=1 cross=0 circle=1(CIRCLE_LEFT_BEGIN) round=0 yroad=0 ramp=0 road=7 speed=0 near=54/125 raw=128/105 sel=125/128 far=0/0 far_raw=0/0 l=1@28/0@-1 far_l=0@-1/0@-1 straight=0/1 far_straight=0/0 circle_cnt=0/0/0/0 lost=0/0 conf=81.5/3.2/0.0/0.0 dist=0 begin=52/0 m0=(84,119) ml=(82,86) md=33/1/138 cxcy=84.0,119.6 guide=2.45 atg=0.0/1.0/1.0 pure=-0.15/-0.40 yaw=-147 cmd=-139 actual=-155 signed=1 rps=3990/3610:1026/970 duty=14/14 pwm=PWM2:14/PWM1:14 motor=2:14/1:14
ATGCorner: L=1@28/0@-1 Y=0@-1/0@-1 farL=0@-1/0@-1 Lxy=56.3,52.4:51.4,30.2/-1.0,-1.0:-1.0,-1.0 Yxy=-1.0,-1.0:-1.0,-1.0/-1.0,-1.0:-1.0,-1.0 farLxy=-1.0,-1.0:-1.0,-1.0/-1.0,-1.0:-1.0,-1.0 best=28:56.3,52.4:51.4,30.2:81.5:11111/57:121.0,-14.7:90.5,13.8:3.2:10101 seed_src=lpt/none seed=0.0,0.0/0.0,0.0 far_start=70,0 far_raw=0/0 far_num=0/0 straight=0/1 far_straight=0/0 conf_deg=81.5/3.2/0.0/0.0
CrossDiag: type=CROSS_NONE track=1 half_lr=0/0 nearL=1@28/0@-1 nearNum=54/125 centerNum=54/125 farL=0@-1/0@-1 farNum=0/0 farRaw=0/0 lost=0/0 not_have=0 final=125/128 flags=0/0
LineErr: aim=33 cxcy=84.0,119.6 left=1:-0.41@84,80 dx=0.4 idx=0/16 dist=33/154 right=1:2.26@82,84 dx=-2.3 idx=0/13 dist=33/255 sel=1:2.18@82,84 dx=-2.2 idx=0/16 dist=32/254 edge=1:0.48@83.5,79.5 dx=-0.5 width=51.0 l=58,79 r=109,80
CxScan: raw_ref=80.0 edge=83.5,79.5 best_raw_x=80 best_err=0.48 best_cxcy=84.0,119.6 scan=0:-25.6,10:-22.7,20:-19.6,30:-16.5,40:-13.2,50:-9.9,60:-6.5,70:-3.0,80:0.5,90:3.9,100:7.4,110:10.7,120:14.0,130:17.2,140:20.3
ATGSeedDiag: seed=1@11,108/1@131,108 begin=7,108 block=5 clip=8
ATGLptDiag: best=28(81.5) imip=18/38 pass=11111 acc=28 ipm=56.3,52.4 inv=51.4,30.2 | 57(3.2) imip=47/67 pass=10101 acc=-1 ipm=121.0,-14.7 inv=90.5,13.8
frame=30 line=1 track=1 cross=0 circle=1(CIRCLE_LEFT_BEGIN) round=0 yroad=0 ramp=0 road=7 speed=0 near=54/125 raw=129/105 sel=125/128 far=0/0 far_raw=0/0 l=1@27/0@-1 far_l=0@-1/0@-1 straight=0/1 far_straight=0/0 circle_cnt=0/0/0/0 lost=0/0 conf=88.7/3.5/0.0/0.0 dist=0 begin=55/0 m0=(84,119) ml=(82,86) md=33/1/138 cxcy=84.0,119.6 guide=2.25 atg=0.0/1.0/1.0 pure=-0.18/-0.40 yaw=-135 cmd=-111 actual=-158 signed=1 rps=3953/3647:1108/1034 duty=13/14 pwm=PWM2:13/PWM1:14 motor=2:13/1:14
ATGCorner: L=1@27/0@-1 Y=0@-1/0@-1 farL=0@-1/0@-1 Lxy=58.4,54.2:52.8,30.9/-1.0,-1.0:-1.0,-1.0 Yxy=-1.0,-1.0:-1.0,-1.0/-1.0,-1.0:-1.0,-1.0 farLxy=-1.0,-1.0:-1.0,-1.0/-1.0,-1.0:-1.0,-1.0 best=27:58.4,54.2:52.8,30.9:88.7:11111/57:121.0,-14.7:90.5,13.8:3.5:10101 seed_src=lpt/none seed=0.0,0.0/0.0,0.0 far_start=70,0 far_raw=0/0 far_num=0/0 straight=0/1 far_straight=0/0 conf_deg=88.7/3.5/0.0/0.0
CrossDiag: type=CROSS_NONE track=1 half_lr=0/0 nearL=1@27/0@-1 nearNum=54/125 centerNum=54/125 farL=0@-1/0@-1 farNum=0/0 farRaw=0/0 lost=0/0 not_have=0 final=125/128 flags=0/0
LineErr: aim=33 cxcy=84.0,119.6 left=1:-0.57@85,81 dx=0.6 idx=0/16 dist=33/158 right=1:1.95@82,84 dx=-2.0 idx=0/13 dist=32/254 sel=1:1.91@82,84 dx=-2.0 idx=0/16 dist=32/254 edge=1:0.02@84.0,79.5 dx=-0.0 width=50.0 l=59,79 r=109,80
CxScan: raw_ref=80.0 edge=84.0,79.5 best_raw_x=80 best_err=0.02 best_cxcy=84.0,119.6 scan=0:-26.0,10:-23.1,20:-20.0,30:-16.9,40:-13.6,50:-10.3,60:-6.9,70:-3.4,80:0.0,90:3.5,100:6.9,110:10.3,120:13.6,130:16.8,140:19.9
ATGSeedDiag: seed=1@11,108/1@131,108 begin=7,108 block=5 clip=8
ATGLptDiag: best=27(88.7) imip=17/37 pass=11111 acc=27 ipm=58.4,54.2 inv=52.8,30.9 | 57(3.5) imip=47/67 pass=10101 acc=-1 ipm=121.0,-14.7 inv=90.5,13.8
frame=32 line=1 track=1 cross=0 circle=1(CIRCLE_LEFT_BEGIN) round=0 yroad=0 ramp=0 road=7 speed=0 near=54/124 raw=128/105 sel=124/127 far=0/0 far_raw=0/0 l=1@27/0@-1 far_l=0@-1/0@-1 straight=0/1 far_straight=0/0 circle_cnt=0/0/0/0 lost=0/0 conf=83.8/3.8/0.0/0.0 dist=0 begin=61/0 m0=(84,119) ml=(82,86) md=33/1/138 cxcy=84.0,119.6 guide=2.05 atg=0.0/1.0/1.0 pure=-0.21/-0.42 yaw=-123 cmd=-77 actual=-168 signed=1 rps=3906/3694:1125/923 duty=13/14 pwm=PWM2:13/PWM1:14 motor=2:13/1:14
ATGCorner: L=1@27/0@-1 Y=0@-1/0@-1 farL=0@-1/0@-1 Lxy=57.4,54.6:51.9,31.1/-1.0,-1.0:-1.0,-1.0 Yxy=-1.0,-1.0:-1.0,-1.0/-1.0,-1.0:-1.0,-1.0 farLxy=-1.0,-1.0:-1.0,-1.0/-1.0,-1.0:-1.0,-1.0 best=27:57.4,54.6:51.9,31.1:83.8:11111/1:105.8,114.2:126.8,97.9:3.8:10111 seed_src=lpt/none seed=0.0,0.0/0.0,0.0 far_start=70,0 far_raw=0/0 far_num=0/0 straight=0/1 far_straight=0/0 conf_deg=83.8/3.8/0.0/0.0
CrossDiag: type=CROSS_NONE track=1 half_lr=0/0 nearL=1@27/0@-1 nearNum=54/124 centerNum=54/124 farL=0@-1/0@-1 farNum=0/0 farRaw=0/0 lost=0/0 not_have=0 final=124/127 flags=0/0
LineErr: aim=33 cxcy=84.0,119.6 left=1:-0.75@85,81 dx=0.8 idx=0/16 dist=34/157 right=1:1.89@82,84 dx=-1.9 idx=0/13 dist=33/253 sel=1:1.84@82,84 dx=-1.9 idx=0/16 dist=32/252 edge=1:0.02@84.0,79.5 dx=-0.0 width=50.0 l=59,79 r=109,80
CxScan: raw_ref=80.0 edge=84.0,79.5 best_raw_x=80 best_err=0.02 best_cxcy=84.0,119.6 scan=0:-26.0,10:-23.1,20:-20.0,30:-16.9,40:-13.6,50:-10.3,60:-6.9,70:-3.4,80:0.0,90:3.5,100:6.9,110:10.3,120:13.6,130:16.8,140:19.9
ATGSeedDiag: seed=1@11,108/1@131,108 begin=7,108 block=5 clip=8
ATGLptDiag: best=27(83.8) imip=17/37 pass=11111 acc=27 ipm=57.4,54.6 inv=51.9,31.1 | 1(3.8) imip=0/11 pass=10111 acc=-1 ipm=105.8,114.2 inv=126.8,97.9
frame=33 line=1 track=1 cross=0 circle=1(CIRCLE_LEFT_BEGIN) round=0 yroad=0 ramp=0 road=7 speed=0 near=54/125 raw=127/105 sel=125/127 far=0/0 far_raw=0/0 l=1@26/0@-1 far_l=0@-1/0@-1 straight=0/1 far_straight=0/0 circle_cnt=0/0/0/0 lost=0/0 conf=86.9/2.8/0.0/0.0 dist=0 begin=64/0 m0=(84,119) ml=(82,86) md=33/1/138 cxcy=84.0,119.6 guide=1.84 atg=0.0/1.0/2.0 pure=-0.25/-0.47 yaw=-110 cmd=-45 actual=-176 signed=1 rps=3862/3738:1173/965 duty=13/15 pwm=PWM2:13/PWM1:15 motor=2:13/1:15
ATGCorner: L=1@26/0@-1 Y=0@-1/0@-1 farL=0@-1/0@-1 Lxy=58.8,56.1:52.7,31.7/-1.0,-1.0:-1.0,-1.0 Yxy=-1.0,-1.0:-1.0,-1.0/-1.0,-1.0:-1.0,-1.0 farLxy=-1.0,-1.0:-1.0,-1.0/-1.0,-1.0:-1.0,-1.0 best=26:58.8,56.1:52.7,31.7:86.9:11111/57:121.8,-14.7:90.9,13.9:2.8:10101 seed_src=lpt/none seed=0.0,0.0/0.0,0.0 far_start=70,0 far_raw=0/0 far_num=0/0 straight=0/1 far_straight=0/0 conf_deg=86.9/2.8/0.0/0.0
CrossDiag: type=CROSS_NONE track=1 half_lr=0/0 nearL=1@26/0@-1 nearNum=54/125 centerNum=54/125 farL=0@-1/0@-1 farNum=0/0 farRaw=0/0 lost=0/0 not_have=0 final=125/127 flags=0/0
LineErr: aim=33 cxcy=84.0,119.6 left=1:-0.92@85,80 dx=1.0 idx=0/16 dist=34/157 right=1:1.60@82,84 dx=-1.6 idx=0/13 dist=33/255 sel=1:1.55@82,84 dx=-1.6 idx=0/16 dist=32/252 edge=1:0.02@84.0,79.5 dx=-0.0 width=50.0 l=59,79 r=109,80
CxScan: raw_ref=80.0 edge=84.0,79.5 best_raw_x=80 best_err=0.02 best_cxcy=84.0,119.6 scan=0:-26.0,10:-23.1,20:-20.0,30:-16.9,40:-13.6,50:-10.3,60:-6.9,70:-3.4,80:0.0,90:3.5,100:6.9,110:10.3,120:13.6,130:16.8,140:19.9
ATGSeedDiag: seed=1@11,108/1@132,108 begin=7,108 block=5 clip=8
ATGLptDiag: best=26(86.9) imip=16/36 pass=11111 acc=26 ipm=58.8,56.1 inv=52.7,31.7 | 57(2.8) imip=47/67 pass=10101 acc=-1 ipm=121.8,-14.7 inv=90.9,13.9
frame=34 line=1 track=1 cross=0 circle=1(CIRCLE_LEFT_BEGIN) round=0 yroad=0 ramp=0 road=7 speed=0 near=54/125 raw=127/105 sel=125/127 far=0/0 far_raw=0/0 l=1@27/0@-1 far_l=0@-1/0@-1 straight=0/1 far_straight=0/0 circle_cnt=0/0/0/0 lost=0/0 conf=82.4/2.1/0.0/0.0 dist=0 begin=67/0 m0=(84,119) ml=(82,86) md=33/1/137 cxcy=84.0,119.6 guide=1.63 atg=0.0/1.0/2.0 pure=-0.28/-0.50 yaw=-98 cmd=-6 actual=-189 signed=1 rps=3809/3791:1273/1062 duty=13/15 pwm=PWM2:13/PWM1:15 motor=2:13/1:15
ATGCorner: L=1@27/0@-1 Y=0@-1/0@-1 farL=0@-1/0@-1 Lxy=57.4,54.5:51.9,31.0/-1.0,-1.0:-1.0,-1.0 Yxy=-1.0,-1.0:-1.0,-1.0/-1.0,-1.0:-1.0,-1.0 farLxy=-1.0,-1.0:-1.0,-1.0/-1.0,-1.0:-1.0,-1.0 best=27:57.4,54.5:51.9,31.0:82.4:11111/57:122.3,-14.6:91.1,13.9:2.1:10101 seed_src=lpt/none seed=0.0,0.0/0.0,0.0 far_start=70,0 far_raw=0/0 far_num=0/0 straight=0/1 far_straight=0/0 conf_deg=82.4/2.1/0.0/0.0
CrossDiag: type=CROSS_NONE track=1 half_lr=0/0 nearL=1@27/0@-1 nearNum=54/125 centerNum=54/125 farL=0@-1/0@-1 farNum=0/0 farRaw=0/0 lost=0/0 not_have=0 final=125/127 flags=0/0
LineErr: aim=33 cxcy=84.0,119.6 left=1:-1.14@85,80 dx=1.2 idx=0/16 dist=34/157 right=1:1.48@82,84 dx=-1.5 idx=0/13 dist=33/255 sel=1:1.45@83,83 dx=-1.5 idx=0/16 dist=32/252 edge=1:0.02@84.0,79.5 dx=-0.0 width=50.0 l=59,79 r=109,80
CxScan: raw_ref=80.0 edge=84.0,79.5 best_raw_x=80 best_err=0.02 best_cxcy=84.0,119.6 scan=0:-26.0,10:-23.1,20:-20.0,30:-16.9,40:-13.6,50:-10.3,60:-6.9,70:-3.4,80:0.0,90:3.5,100:6.9,110:10.3,120:13.6,130:16.8,140:19.9
ATGSeedDiag: seed=1@12,108/1@132,108 begin=7,108 block=5 clip=8
ATGLptDiag: best=27(82.4) imip=17/37 pass=11111 acc=27 ipm=57.4,54.5 inv=51.9,31.0 | 57(2.1) imip=47/67 pass=10101 acc=-1 ipm=122.3,-14.6 inv=91.1,13.9
frame=35 line=1 track=1 cross=0 circle=1(CIRCLE_LEFT_BEGIN) round=0 yroad=0 ramp=0 road=7 speed=0 near=54/125 raw=127/105 sel=125/127 far=0/0 far_raw=0/0 l=1@27/0@-1 far_l=0@-1/0@-1 straight=0/1 far_straight=0/0 circle_cnt=0/0/0/0 lost=0/0 conf=83.9/3.2/0.0/0.0 dist=0 begin=70/0 m0=(84,119) ml=(83,86) md=33/1/138 cxcy=84.0,119.6 guide=1.44 atg=0.0/1.0/2.0 pure=-0.32/-0.50 yaw=-86 cmd=30 actual=-202 signed=1 rps=3759/3841:1274/1060 duty=12/15 pwm=PWM2:12/PWM1:15 motor=2:12/1:15
ATGCorner: L=1@27/0@-1 Y=0@-1/0@-1 farL=0@-1/0@-1 Lxy=57.7,54.3:52.2,31.0/-1.0,-1.0:-1.0,-1.0 Yxy=-1.0,-1.0:-1.0,-1.0/-1.0,-1.0:-1.0,-1.0 farLxy=-1.0,-1.0:-1.0,-1.0/-1.0,-1.0:-1.0,-1.0 best=27:57.7,54.3:52.2,31.0:83.9:11111/57:123.1,-14.5:91.5,13.9:3.2:10101 seed_src=lpt/none seed=0.0,0.0/0.0,0.0 far_start=70,0 far_raw=0/0 far_num=0/0 straight=0/1 far_straight=0/0 conf_deg=83.9/3.2/0.0/0.0
CrossDiag: type=CROSS_NONE track=1 half_lr=0/0 nearL=1@27/0@-1 nearNum=54/125 centerNum=54/125 farL=0@-1/0@-1 farNum=0/0 farRaw=0/0 lost=0/0 not_have=0 final=125/127 flags=0/0
LineErr: aim=33 cxcy=84.0,119.6 left=1:-1.14@85,80 dx=1.2 idx=0/16 dist=34/157 right=1:1.14@83,84 dx=-1.2 idx=0/13 dist=33/255 sel=1:1.11@83,84 dx=-1.1 idx=0/16 dist=32/252 edge=1:0.02@84.0,79.5 dx=-0.0 width=50.0 l=59,79 r=109,80
CxScan: raw_ref=80.0 edge=84.0,79.5 best_raw_x=80 best_err=0.02 best_cxcy=84.0,119.6 scan=0:-26.0,10:-23.1,20:-20.0,30:-16.9,40:-13.6,50:-10.3,60:-6.9,70:-3.4,80:0.0,90:3.5,100:6.9,110:10.3,120:13.6,130:16.8,140:19.9
ATGSeedDiag: seed=1@12,108/1@132,108 begin=7,108 block=5 clip=8
ATGLptDiag: best=27(83.9) imip=17/37 pass=11111 acc=27 ipm=57.7,54.3 inv=52.2,31.0 | 57(3.2) imip=47/67 pass=10101 acc=-1 ipm=123.1,-14.5 inv=91.5,13.9
frame=36 line=1 track=1 cross=0 circle=1(CIRCLE_LEFT_BEGIN) round=0 yroad=0 ramp=0 road=7 speed=0 near=54/125 raw=128/105 sel=125/128 far=0/0 far_raw=0/0 l=1@26/0@-1 far_l=0@-1/0@-1 straight=0/1 far_straight=0/0 circle_cnt=0/0/0/0 lost=0/0 conf=88.2/3.4/0.0/0.0 dist=0 begin=74/0 m0=(84,119) ml=(83,86) md=33/1/140 cxcy=84.0,119.6 guide=1.43 atg=0.0/1.0/2.0 pure=-0.34/-0.50 yaw=-86 cmd=42 actual=-214 signed=1 rps=3743/3857:1400/1171 duty=12/15 pwm=PWM2:12/PWM1:15 motor=2:12/1:15
ATGCorner: L=1@26/0@-1 Y=0@-1/0@-1 farL=0@-1/0@-1 Lxy=59.8,56.1:53.6,31.7/-1.0,-1.0:-1.0,-1.0 Yxy=-1.0,-1.0:-1.0,-1.0/-1.0,-1.0:-1.0,-1.0 farLxy=-1.0,-1.0:-1.0,-1.0/-1.0,-1.0:-1.0,-1.0 best=26:59.8,56.1:53.6,31.7:88.2:11111/57:123.1,-14.5:91.5,13.9:3.4:10101 seed_src=lpt/none seed=0.0,0.0/0.0,0.0 far_start=70,0 far_raw=0/0 far_num=0/0 straight=0/1 far_straight=0/0 conf_deg=88.2/3.4/0.0/0.0
CrossDiag: type=CROSS_NONE track=1 half_lr=0/0 nearL=1@26/0@-1 nearNum=54/125 centerNum=54/125 farL=0@-1/0@-1 farNum=0/0 farRaw=0/0 lost=0/0 not_have=0 final=125/128 flags=0/0
LineErr: aim=33 cxcy=84.0,119.6 left=1:-1.42@86,81 dx=1.5 idx=0/16 dist=34/156 right=1:1.14@83,84 dx=-1.2 idx=0/13 dist=33/255 sel=1:1.11@83,83 dx=-1.1 idx=0/16 dist=32/254 edge=1:-0.88@85.0,79.5 dx=1.0 width=50.0 l=60,79 r=110,80
CxScan: raw_ref=80.0 edge=85.0,79.5 best_raw_x=85 best_err=0.85 best_cxcy=85.9,119.6 scan=0:-26.7,10:-23.8,20:-20.8,30:-17.7,40:-14.5,50:-11.2,60:-7.8,70:-4.4,80:-0.9,90:2.6,100:6.0,110:9.4,120:12.8,130:16.0,140:19.1
ATGSeedDiag: seed=1@12,108/1@132,108 begin=7,108 block=5 clip=8
ATGLptDiag: best=26(88.2) imip=16/36 pass=11111 acc=26 ipm=59.8,56.1 inv=53.6,31.7 | 57(3.4) imip=47/67 pass=10101 acc=-1 ipm=123.1,-14.5 inv=91.5,13.9
frame=37 line=1 track=1 cross=0 circle=1(CIRCLE_LEFT_BEGIN) round=0 yroad=0 ramp=0 road=7 speed=0 near=54/125 raw=128/105 sel=125/128 far=0/0 far_raw=0/0 l=1@26/0@-1 far_l=0@-1/0@-1 straight=0/1 far_straight=0/0 circle_cnt=0/0/0/0 lost=0/0 conf=88.1/1.9/0.0/0.0 dist=0 begin=78/0 m0=(84,119) ml=(83,86) md=33/1/140 cxcy=84.0,119.6 guide=1.43 atg=1.0/1.0/2.0 pure=-0.36/-0.53 yaw=-86 cmd=52 actual=-223 signed=1 rps=3729/3871:1478/1226 duty=12/15 pwm=PWM2:12/PWM1:15 motor=2:12/1:15
ATGCorner: L=1@26/0@-1 Y=0@-1/0@-1 farL=0@-1/0@-1 Lxy=59.9,56.2:53.7,31.8/-1.0,-1.0:-1.0,-1.0 Yxy=-1.0,-1.0:-1.0,-1.0/-1.0,-1.0:-1.0,-1.0 farLxy=-1.0,-1.0:-1.0,-1.0/-1.0,-1.0:-1.0,-1.0 best=26:59.9,56.2:53.7,31.8:88.1:11111/59:123.7,-19.1:91.3,13.2:1.9:10101 seed_src=lpt/none seed=0.0,0.0/0.0,0.0 far_start=70,0 far_raw=0/0 far_num=0/0 straight=0/1 far_straight=0/0 conf_deg=88.1/1.9/0.0/0.0
CrossDiag: type=CROSS_NONE track=1 half_lr=0/0 nearL=1@26/0@-1 nearNum=54/125 centerNum=54/125 farL=0@-1/0@-1 farNum=0/0 farRaw=0/0 lost=0/0 not_have=0 final=125/128 flags=0/0
LineErr: aim=33 cxcy=84.0,119.6 left=1:-1.54@86,81 dx=1.7 idx=0/16 dist=34/157 right=1:1.07@83,84 dx=-1.1 idx=0/13 dist=33/255 sel=1:1.04@83,83 dx=-1.1 idx=0/16 dist=32/254 edge=1:-0.88@85.0,79.5 dx=1.0 width=50.0 l=60,79 r=110,80
CxScan: raw_ref=80.0 edge=85.0,79.5 best_raw_x=85 best_err=0.85 best_cxcy=85.9,119.6 scan=0:-26.7,10:-23.8,20:-20.8,30:-17.7,40:-14.5,50:-11.2,60:-7.8,70:-4.4,80:-0.9,90:2.6,100:6.0,110:9.4,120:12.8,130:16.0,140:19.1
ATGSeedDiag: seed=1@12,108/1@132,108 begin=7,108 block=5 clip=8
ATGLptDiag: best=26(88.1) imip=16/36 pass=11111 acc=26 ipm=59.9,56.2 inv=53.7,31.8 | 59(1.9) imip=49/69 pass=10101 acc=-1 ipm=123.7,-19.1 inv=91.3,13.2
frame=38 line=1 track=1 cross=0 circle=1(CIRCLE_LEFT_BEGIN) round=0 yroad=0 ramp=0 road=7 speed=0 near=54/125 raw=128/105 sel=125/127 far=0/0 far_raw=0/0 l=1@26/0@-1 far_l=0@-1/0@-1 straight=0/1 far_straight=0/0 circle_cnt=0/0/0/0 lost=0/0 conf=88.0/3.7/0.0/0.0 dist=0 begin=82/0 m0=(84,119) ml=(83,86) md=33/1/139 cxcy=84.0,119.6 guide=1.03 atg=1.0/2.0/3.0 pure=-0.42/-0.60 yaw=-62 cmd=106 actual=-229 signed=1 rps=3655/3945:1431/1210 duty=12/15 pwm=PWM2:12/PWM1:15 motor=2:12/1:15
ATGCorner: L=1@26/0@-1 Y=0@-1/0@-1 farL=0@-1/0@-1 Lxy=59.9,56.2:53.7,31.8/-1.0,-1.0:-1.0,-1.0 Yxy=-1.0,-1.0:-1.0,-1.0/-1.0,-1.0:-1.0,-1.0 farLxy=-1.0,-1.0:-1.0,-1.0/-1.0,-1.0:-1.0,-1.0 best=26:59.9,56.2:53.7,31.8:88.0:11111/56:123.9,-12.1:92.2,14.2:3.7:10101 seed_src=lpt/none seed=0.0,0.0/0.0,0.0 far_start=70,0 far_raw=0/0 far_num=0/0 straight=0/1 far_straight=0/0 conf_deg=88.0/3.7/0.0/0.0
CrossDiag: type=CROSS_NONE track=1 half_lr=0/0 nearL=1@26/0@-1 nearNum=54/125 centerNum=54/125 farL=0@-1/0@-1 farNum=0/0 farRaw=0/0 lost=0/0 not_have=0 final=125/127 flags=0/0
LineErr: aim=33 cxcy=84.0,119.6 left=1:-1.58@86,81 dx=1.7 idx=0/16 dist=34/157 right=1:0.78@83,84 dx=-0.8 idx=0/13 dist=33/255 sel=1:0.75@83,83 dx=-0.8 idx=0/16 dist=32/252 edge=1:-0.88@85.0,79.5 dx=1.0 width=50.0 l=60,79 r=110,80
CxScan: raw_ref=80.0 edge=85.0,79.5 best_raw_x=85 best_err=0.85 best_cxcy=85.9,119.6 scan=0:-26.7,10:-23.8,20:-20.8,30:-17.7,40:-14.5,50:-11.2,60:-7.8,70:-4.4,80:-0.9,90:2.6,100:6.0,110:9.4,120:12.8,130:16.0,140:19.1
ATGSeedDiag: seed=1@12,108/1@132,108 begin=7,108 block=5 clip=8
ATGLptDiag: best=26(88.0) imip=16/36 pass=11111 acc=26 ipm=59.9,56.2 inv=53.7,31.8 | 56(3.7) imip=46/66 pass=10101 acc=-1 ipm=123.9,-12.1 inv=92.2,14.2
frame=39 line=1 track=1 cross=0 circle=1(CIRCLE_LEFT_BEGIN) round=0 yroad=0 ramp=0 road=7 speed=0 near=54/125 raw=128/105 sel=125/127 far=0/0 far_raw=0/0 l=1@26/0@-1 far_l=0@-1/0@-1 straight=0/1 far_straight=0/0 circle_cnt=0/0/0/0 lost=0/0 conf=87.1/3.8/0.0/0.0 dist=0 begin=86/0 m0=(84,119) ml=(83,86) md=33/1/139 cxcy=84.0,119.6 guide=0.83 atg=1.0/2.0/3.0 pure=-0.45/-0.60 yaw=-50 cmd=134 actual=-233 signed=1 rps=3617/3983:1539/1307 duty=12/15 pwm=PWM2:12/PWM1:15 motor=2:12/1:15
ATGCorner: L=1@26/0@-1 Y=0@-1/0@-1 farL=0@-1/0@-1 Lxy=60.1,56.3:53.8,31.8/-1.0,-1.0:-1.0,-1.0 Yxy=-1.0,-1.0:-1.0,-1.0/-1.0,-1.0:-1.0,-1.0 farLxy=-1.0,-1.0:-1.0,-1.0/-1.0,-1.0:-1.0,-1.0 best=26:60.1,56.3:53.8,31.8:87.1:11111/57:124.7,-14.3:92.3,13.9:3.8:10101 seed_src=lpt/none seed=0.0,0.0/0.0,0.0 far_start=70,0 far_raw=0/0 far_num=0/0 straight=0/1 far_straight=0/0 conf_deg=87.1/3.8/0.0/0.0
CrossDiag: type=CROSS_NONE track=1 half_lr=0/0 nearL=1@26/0@-1 nearNum=54/125 centerNum=54/125 farL=0@-1/0@-1 farNum=0/0 farRaw=0/0 lost=0/0 not_have=0 final=125/127 flags=0/0
LineErr: aim=33 cxcy=84.0,119.6 left=1:-1.89@86,81 dx=2.0 idx=0/16 dist=34/158 right=1:0.68@83,84 dx=-0.7 idx=0/13 dist=33/255 sel=1:0.65@83,83 dx=-0.7 idx=0/16 dist=32/252 edge=1:-0.88@85.0,79.5 dx=1.0 width=50.0 l=60,79 r=110,80
CxScan: raw_ref=80.0 edge=85.0,79.5 best_raw_x=85 best_err=0.85 best_cxcy=85.9,119.6 scan=0:-26.7,10:-23.8,20:-20.8,30:-17.7,40:-14.5,50:-11.2,60:-7.8,70:-4.4,80:-0.9,90:2.6,100:6.0,110:9.4,120:12.8,130:16.0,140:19.1
ATGSeedDiag: seed=1@12,108/1@132,108 begin=7,108 block=5 clip=8
ATGLptDiag: best=26(87.1) imip=16/36 pass=11111 acc=26 ipm=60.1,56.3 inv=53.8,31.8 | 57(3.8) imip=47/67 pass=10101 acc=-1 ipm=124.7,-14.3 inv=92.3,13.9
frame=40 line=1 track=1 cross=0 circle=1(CIRCLE_LEFT_BEGIN) round=0 yroad=0 ramp=0 road=7 speed=0 near=54/125 raw=128/104 sel=125/128 far=0/0 far_raw=0/0 l=1@26/0@-1 far_l=0@-1/0@-1 straight=0/1 far_straight=0/0 circle_cnt=0/0/0/0 lost=0/0 conf=87.0/3.4/0.0/0.0 dist=0 begin=90/0 m0=(84,119) ml=(83,86) md=33/1/142 cxcy=84.0,119.6 guide=1.05 atg=1.0/2.0/3.0 pure=-0.48/-0.61 yaw=-63 cmd=112 actual=-238 signed=1 rps=3646/3954:1489/1277 duty=12/15 pwm=PWM2:12/PWM1:15 motor=2:12/1:15
ATGCorner: L=1@26/0@-1 Y=0@-1/0@-1 farL=0@-1/0@-1 Lxy=60.1,56.3:53.8,31.8/-1.0,-1.0:-1.0,-1.0 Yxy=-1.0,-1.0:-1.0,-1.0/-1.0,-1.0:-1.0,-1.0 farLxy=-1.0,-1.0:-1.0,-1.0/-1.0,-1.0:-1.0,-1.0 best=26:60.1,56.3:53.8,31.8:87.0:11111/57:125.1,-14.6:92.5,13.9:3.4:10101 seed_src=lpt/none seed=0.0,0.0/0.0,0.0 far_start=70,0 far_raw=0/0 far_num=0/0 straight=0/1 far_straight=0/0 conf_deg=87.0/3.4/0.0/0.0
CrossDiag: type=CROSS_NONE track=1 half_lr=0/0 nearL=1@26/0@-1 nearNum=54/125 centerNum=54/125 farL=0@-1/0@-1 farNum=0/0 farRaw=0/0 lost=0/0 not_have=0 final=125/128 flags=0/0
LineErr: aim=33 cxcy=84.0,119.6 left=1:-1.83@86,84 dx=1.9 idx=0/15 dist=32/159 right=1:0.57@83,83 dx=-0.6 idx=0/13 dist=33/255 sel=1:0.59@83,83 dx=-0.6 idx=0/16 dist=32/254 edge=1:-0.88@85.0,79.0 dx=1.0 width=50.0 l=60,79 r=110,79
CxScan: raw_ref=80.0 edge=85.0,79.0 best_raw_x=85 best_err=0.85 best_cxcy=85.9,119.6 scan=0:-26.5,10:-23.7,20:-20.7,30:-17.6,40:-14.4,50:-11.1,60:-7.7,70:-4.3,80:-0.9,90:2.6,100:6.0,110:9.4,120:12.7,130:15.9,140:19.0
ATGSeedDiag: seed=1@12,108/1@132,107 begin=7,108 block=5 clip=8
ATGLptDiag: best=26(87.0) imip=16/36 pass=11111 acc=26 ipm=60.1,56.3 inv=53.8,31.8 | 57(3.4) imip=47/67 pass=10101 acc=-1 ipm=125.1,-14.6 inv=92.5,13.9
frame=41 line=1 track=1 cross=0 circle=1(CIRCLE_LEFT_BEGIN) round=0 yroad=0 ramp=0 road=7 speed=0 near=54/125 raw=128/105 sel=125/128 far=0/0 far_raw=0/0 l=1@26/0@-1 far_l=0@-1/0@-1 straight=0/1 far_straight=0/0 circle_cnt=0/0/0/0 lost=0/0 conf=87.0/3.8/0.0/0.0 dist=0 begin=94/0 m0=(84,119) ml=(84,86) md=33/1/142 cxcy=84.0,119.6 guide=0.43 atg=2.0/2.0/3.0 pure=-0.53/-0.63 yaw=-26 cmd=174 actual=-232 signed=1 rps=3561/4039:1614/1386 duty=11/15 pwm=PWM2:11/PWM1:15 motor=2:11/1:15
ATGCorner: L=1@26/0@-1 Y=0@-1/0@-1 farL=0@-1/0@-1 Lxy=60.1,56.3:53.8,31.8/-1.0,-1.0:-1.0,-1.0 Yxy=-1.0,-1.0:-1.0,-1.0/-1.0,-1.0:-1.0,-1.0 farLxy=-1.0,-1.0:-1.0,-1.0/-1.0,-1.0:-1.0,-1.0 best=26:60.1,56.3:53.8,31.8:87.0:11111/60:126.7,-21.1:92.4,13.0:3.8:10101 seed_src=lpt/none seed=0.0,0.0/0.0,0.0 far_start=70,0 far_raw=0/0 far_num=0/0 straight=0/1 far_straight=0/0 conf_deg=87.0/3.8/0.0/0.0
CrossDiag: type=CROSS_NONE track=1 half_lr=0/0 nearL=1@26/0@-1 nearNum=54/125 centerNum=54/125 farL=0@-1/0@-1 farNum=0/0 farRaw=0/0 lost=0/0 not_have=0 final=125/128 flags=0/0
LineErr: aim=33 cxcy=84.0,119.6 left=1:-1.95@86,81 dx=2.1 idx=0/16 dist=34/157 right=1:0.27@84,83 dx=-0.3 idx=0/13 dist=33/255 sel=1:0.26@84,83 dx=-0.3 idx=0/16 dist=32/254 edge=1:-0.88@85.0,79.5 dx=1.0 width=50.0 l=60,79 r=110,80
CxScan: raw_ref=80.0 edge=85.0,79.5 best_raw_x=85 best_err=0.85 best_cxcy=85.9,119.6 scan=0:-26.7,10:-23.8,20:-20.8,30:-17.7,40:-14.5,50:-11.2,60:-7.8,70:-4.4,80:-0.9,90:2.6,100:6.0,110:9.4,120:12.8,130:16.0,140:19.1
ATGSeedDiag: seed=1@12,108/1@133,108 begin=7,108 block=5 clip=8
ATGLptDiag: best=26(87.0) imip=16/36 pass=11111 acc=26 ipm=60.1,56.3 inv=53.8,31.8 | 60(3.8) imip=50/70 pass=10101 acc=-1 ipm=126.7,-21.1 inv=92.4,13.0
frame=42 line=1 track=1 cross=0 circle=1(CIRCLE_LEFT_BEGIN) round=0 yroad=0 ramp=0 road=7 speed=0 near=54/125 raw=127/105 sel=125/127 far=0/0 far_raw=0/0 l=1@26/0@-1 far_l=0@-1/0@-1 straight=0/1 far_straight=0/0 circle_cnt=0/0/0/0 lost=0/0 conf=85.8/3.7/0.0/0.0 dist=0 begin=98/0 m0=(84,119) ml=(84,86) md=33/1/141 cxcy=84.0,119.6 guide=0.54 atg=2.0/3.0/4.0 pure=-0.58/-0.70 yaw=-32 cmd=159 actual=-224 signed=1 rps=3582/4018:1567/1371 duty=12/15 pwm=PWM2:12/PWM1:15 motor=2:12/1:15
ATGCorner: L=1@26/0@-1 Y=0@-1/0@-1 farL=0@-1/0@-1 Lxy=60.0,56.1:53.8,31.7/-1.0,-1.0:-1.0,-1.0 Yxy=-1.0,-1.0:-1.0,-1.0/-1.0,-1.0:-1.0,-1.0 farLxy=-1.0,-1.0:-1.0,-1.0/-1.0,-1.0:-1.0,-1.0 best=26:60.0,56.1:53.8,31.7:85.8:11111/56:125.9,-11.9:93.2,14.2:3.7:10101 seed_src=lpt/none seed=0.0,0.0/0.0,0.0 far_start=70,0 far_raw=0/0 far_num=0/0 straight=0/1 far_straight=0/0 conf_deg=85.8/3.7/0.0/0.0
CrossDiag: type=CROSS_NONE track=1 half_lr=0/0 nearL=1@26/0@-1 nearNum=54/125 centerNum=54/125 farL=0@-1/0@-1 farNum=0/0 farRaw=0/0 lost=0/0 not_have=0 final=125/127 flags=0/0
LineErr: aim=33 cxcy=84.0,119.6 left=1:-1.90@86,83 dx=2.0 idx=0/15 dist=32/157 right=1:0.15@84,83 dx=-0.2 idx=0/13 dist=33/255 sel=1:0.15@84,83 dx=-0.2 idx=0/16 dist=32/252 edge=1:-1.34@85.5,79.5 dx=1.5 width=51.0 l=60,79 r=111,80
CxScan: raw_ref=80.0 edge=85.5,79.5 best_raw_x=85 best_err=0.40 best_cxcy=85.9,119.6 scan=0:-27.1,10:-24.2,20:-21.2,30:-18.1,40:-14.9,50:-11.6,60:-8.2,70:-4.8,80:-1.3,90:2.1,100:5.6,110:9.0,120:12.3,130:15.6,140:18.7
ATGSeedDiag: seed=1@13,107/1@133,108 begin=7,108 block=5 clip=8
ATGLptDiag: best=26(85.8) imip=16/36 pass=11111 acc=26 ipm=60.0,56.1 inv=53.8,31.7 | 56(3.7) imip=46/66 pass=10101 acc=-1 ipm=125.9,-11.9 inv=93.2,14.2
frame=43 line=1 track=1 cross=0 circle=1(CIRCLE_LEFT_BEGIN) round=0 yroad=0 ramp=0 road=7 speed=0 near=54/125 raw=129/105 sel=125/127 far=0/0 far_raw=0/0 l=1@26/0@-1 far_l=0@-1/0@-1 straight=0/1 far_straight=0/0 circle_cnt=0/0/0/0 lost=0/0 conf=89.4/2.6/0.0/0.0 dist=0 begin=102/0 m0=(84,119) ml=(84,86) md=33/1/141 cxcy=84.0,119.6 guide=0.54 atg=2.0/3.0/4.0 pure=-0.61/-0.70 yaw=-32 cmd=156 actual=-220 signed=1 rps=3587/4013:1653/1433 duty=11/15 pwm=PWM2:11/PWM1:15 motor=2:11/1:15
ATGCorner: L=1@26/0@-1 Y=0@-1/0@-1 farL=0@-1/0@-1 Lxy=61.1,56.2:54.7,31.8/-1.0,-1.0:-1.0,-1.0 Yxy=-1.0,-1.0:-1.0,-1.0/-1.0,-1.0:-1.0,-1.0 farLxy=-1.0,-1.0:-1.0,-1.0/-1.0,-1.0:-1.0,-1.0 best=26:61.1,56.2:54.7,31.8:89.4:11111/57:126.4,-14.1:93.2,13.9:2.6:10101 seed_src=lpt/none seed=0.0,0.0/0.0,0.0 far_start=70,0 far_raw=0/0 far_num=0/0 straight=0/1 far_straight=0/0 conf_deg=89.4/2.6/0.0/0.0
CrossDiag: type=CROSS_NONE track=1 half_lr=0/0 nearL=1@26/0@-1 nearNum=54/125 centerNum=54/125 farL=0@-1/0@-1 farNum=0/0 farRaw=0/0 lost=0/0 not_have=0 final=125/127 flags=0/0
LineErr: aim=33 cxcy=84.0,119.6 left=1:-2.23@86,81 dx=2.4 idx=0/16 dist=34/157 right=1:-0.04@84,83 dx=0.0 idx=0/13 dist=33/255 sel=1:-0.04@84,83 dx=0.0 idx=0/16 dist=32/252 edge=1:-1.34@85.5,79.5 dx=1.5 width=51.0 l=60,79 r=111,80
CxScan: raw_ref=80.0 edge=85.5,79.5 best_raw_x=85 best_err=0.40 best_cxcy=85.9,119.6 scan=0:-27.1,10:-24.2,20:-21.2,30:-18.1,40:-14.9,50:-11.6,60:-8.2,70:-4.8,80:-1.3,90:2.1,100:5.6,110:9.0,120:12.3,130:15.6,140:18.7
ATGSeedDiag: seed=1@13,108/1@133,108 begin=7,108 block=5 clip=8
ATGLptDiag: best=26(89.4) imip=16/36 pass=11111 acc=26 ipm=61.1,56.2 inv=54.7,31.8 | 57(2.6) imip=47/67 pass=10101 acc=-1 ipm=126.4,-14.1 inv=93.2,13.9
frame=45 line=1 track=1 cross=0 circle=1(CIRCLE_LEFT_BEGIN) round=0 yroad=0 ramp=0 road=7 speed=0 near=55/125 raw=129/105 sel=125/128 far=0/0 far_raw=0/0 l=1@26/0@-1 far_l=0@-1/0@-1 straight=0/1 far_straight=0/0 circle_cnt=0/0/0/0 lost=0/0 conf=87.9/4.7/0.0/0.0 dist=0 begin=110/0 m0=(84,119) ml=(84,85) md=34/1/144 cxcy=84.0,119.6 guide=0.20 atg=3.0/3.0/4.0 pure=-0.64/-0.70 yaw=-12 cmd=188 actual=-216 signed=1 rps=3542/4058:1629/1432 duty=11/15 pwm=PWM2:11/PWM1:15 motor=2:11/1:15
ATGCorner: L=1@26/0@-1 Y=0@-1/0@-1 farL=0@-1/0@-1 Lxy=61.3,56.4:54.9,31.8/-1.0,-1.0:-1.0,-1.0 Yxy=-1.0,-1.0:-1.0,-1.0/-1.0,-1.0:-1.0,-1.0 farLxy=-1.0,-1.0:-1.0,-1.0/-1.0,-1.0:-1.0,-1.0 best=26:61.3,56.4:54.9,31.8:87.9:11111/1:106.8,114.2:129.0,98.1:4.7:10111 seed_src=lpt/none seed=0.0,0.0/0.0,0.0 far_start=70,0 far_raw=0/0 far_num=0/0 straight=0/1 far_straight=0/0 conf_deg=87.9/4.7/0.0/0.0
CrossDiag: type=CROSS_NONE track=1 half_lr=0/0 nearL=1@26/0@-1 nearNum=55/125 centerNum=55/125 farL=0@-1/0@-1 farNum=0/0 farRaw=0/0 lost=0/0 not_have=0 final=125/128 flags=0/0
LineErr: aim=33 cxcy=84.0,119.6 left=1:-2.70@87,81 dx=2.9 idx=0/16 dist=34/160 right=1:-0.19@84,83 dx=0.2 idx=0/13 dist=33/255 sel=1:-0.20@84,83 dx=0.2 idx=0/16 dist=32/254 edge=1:-1.79@86.0,79.5 dx=2.0 width=50.0 l=61,79 r=111,80
CxScan: raw_ref=80.0 edge=86.0,79.5 best_raw_x=85 best_err=-0.05 best_cxcy=85.9,119.6 scan=0:-27.4,10:-24.6,20:-21.6,30:-18.5,40:-15.3,50:-12.1,60:-8.7,70:-5.2,80:-1.8,90:1.7,100:5.1,110:8.5,120:11.9,130:15.2,140:18.3
ATGSeedDiag: seed=1@13,108/1@133,108 begin=7,108 block=5 clip=8
ATGLptDiag: best=26(87.9) imip=16/36 pass=11111 acc=26 ipm=61.3,56.4 inv=54.9,31.8 | 1(4.7) imip=0/11 pass=10111 acc=-1 ipm=106.8,114.2 inv=129.0,98.1
frame=47 line=1 track=1 cross=0 circle=1(CIRCLE_LEFT_BEGIN) round=0 yroad=0 ramp=0 road=7 speed=0 near=54/125 raw=129/105 sel=125/128 far=0/0 far_raw=0/0 l=1@26/0@-1 far_l=0@-1/0@-1 straight=0/1 far_straight=0/0 circle_cnt=0/0/0/0 lost=0/0 conf=86.8/2.6/0.0/0.0 dist=0 begin=118/0 m0=(84,119) ml=(84,85) md=34/1/143 cxcy=84.0,119.6 guide=0.00 atg=3.0/4.0/4.0 pure=-0.67/-0.78 yaw=0 cmd=200 actual=-203 signed=1 rps=3526/4074:1630/1425 duty=11/15 pwm=PWM2:11/PWM1:15 motor=2:11/1:15
ATGCorner: L=1@26/0@-1 Y=0@-1/0@-1 farL=0@-1/0@-1 Lxy=61.2,56.4:54.7,31.9/-1.0,-1.0:-1.0,-1.0 Yxy=-1.0,-1.0:-1.0,-1.0/-1.0,-1.0:-1.0,-1.0 farLxy=-1.0,-1.0:-1.0,-1.0/-1.0,-1.0:-1.0,-1.0 best=26:61.2,56.4:54.7,31.9:86.8:11111/54:126.4,-7.1:94.2,15.0:2.6:10101 seed_src=lpt/none seed=0.0,0.0/0.0,0.0 far_start=70,0 far_raw=0/0 far_num=0/0 straight=0/1 far_straight=0/0 conf_deg=86.8/2.6/0.0/0.0
CrossDiag: type=CROSS_NONE track=1 half_lr=0/0 nearL=1@26/0@-1 nearNum=54/125 centerNum=54/125 farL=0@-1/0@-1 farNum=0/0 farRaw=0/0 lost=0/0 not_have=0 final=125/128 flags=0/0
LineErr: aim=33 cxcy=84.0,119.6 left=1:-2.86@87,81 dx=3.1 idx=0/16 dist=34/157 right=1:-0.54@85,83 dx=0.6 idx=0/13 dist=33/255 sel=1:-0.54@85,83 dx=0.6 idx=0/16 dist=32/254 edge=1:-1.79@86.0,79.5 dx=2.0 width=50.0 l=61,79 r=111,80
CxScan: raw_ref=80.0 edge=86.0,79.5 best_raw_x=85 best_err=-0.05 best_cxcy=85.9,119.6 scan=0:-27.4,10:-24.6,20:-21.6,30:-18.5,40:-15.3,50:-12.1,60:-8.7,70:-5.2,80:-1.8,90:1.7,100:5.1,110:8.5,120:11.9,130:15.2,140:18.3
ATGSeedDiag: seed=1@13,108/1@133,108 begin=7,108 block=5 clip=8
ATGLptDiag: best=26(86.8) imip=16/36 pass=11111 acc=26 ipm=61.2,56.4 inv=54.7,31.9 | 54(2.6) imip=44/64 pass=10101 acc=-1 ipm=126.4,-7.1 inv=94.2,15.0
frame=48 line=1 track=1 cross=0 circle=1(CIRCLE_LEFT_BEGIN) round=0 yroad=0 ramp=0 road=7 speed=0 near=54/125 raw=128/105 sel=125/127 far=0/0 far_raw=0/0 l=1@26/0@-1 far_l=0@-1/0@-1 straight=0/1 far_straight=0/0 circle_cnt=0/0/0/0 lost=0/0 conf=82.3/3.8/0.0/0.0 dist=0 begin=122/0 m0=(84,119) ml=(84,85) md=34/1/144 cxcy=84.0,119.6 guide=0.00 atg=3.0/4.0/5.0 pure=-0.71/-0.78 yaw=0 cmd=191 actual=-191 signed=1 rps=3539/4061:1731/1491 duty=11/15 pwm=PWM2:11/PWM1:15 motor=2:11/1:15
ATGCorner: L=1@26/0@-1 Y=0@-1/0@-1 farL=0@-1/0@-1 Lxy=60.4,56.9:54.0,32.1/-1.0,-1.0:-1.0,-1.0 Yxy=-1.0,-1.0:-1.0,-1.0/-1.0,-1.0:-1.0,-1.0 farLxy=-1.0,-1.0:-1.0,-1.0/-1.0,-1.0:-1.0,-1.0 best=26:60.4,56.9:54.0,32.1:82.3:11111/55:127.5,-9.3:94.4,14.6:3.8:10101 seed_src=lpt/none seed=0.0,0.0/0.0,0.0 far_start=70,0 far_raw=0/0 far_num=0/0 straight=0/1 far_straight=0/0 conf_deg=82.3/3.8/0.0/0.0
CrossDiag: type=CROSS_NONE track=1 half_lr=0/0 nearL=1@26/0@-1 nearNum=54/125 centerNum=54/125 farL=0@-1/0@-1 farNum=0/0 farRaw=0/0 lost=0/0 not_have=0 final=125/127 flags=0/0
LineErr: aim=33 cxcy=84.0,119.6 left=1:-2.82@87,84 dx=2.9 idx=0/15 dist=32/160 right=1:-0.55@85,83 dx=0.6 idx=0/13 dist=33/255 sel=1:-0.55@85,83 dx=0.6 idx=0/16 dist=32/252 edge=1:-2.24@86.5,79.5 dx=2.5 width=51.0 l=61,79 r=112,80
CxScan: raw_ref=80.0 edge=86.5,79.5 best_raw_x=85 best_err=-0.51 best_cxcy=85.9,119.6 scan=0:-27.8,10:-25.0,20:-22.0,30:-18.9,40:-15.8,50:-12.5,60:-9.1,70:-5.7,80:-2.2,90:1.2,100:4.7,110:8.1,120:11.5,130:14.7,140:17.9
ATGSeedDiag: seed=1@13,108/1@134,108 begin=7,108 block=5 clip=8
ATGLptDiag: best=26(82.3) imip=16/36 pass=11111 acc=26 ipm=60.4,56.9 inv=54.0,32.1 | 55(3.8) imip=45/65 pass=10101 acc=-1 ipm=127.5,-9.3 inv=94.4,14.6
frame=49 line=1 track=1 cross=0 circle=1(CIRCLE_LEFT_BEGIN) round=0 yroad=0 ramp=0 road=7 speed=0 near=54/125 raw=128/105 sel=125/127 far=0/0 far_raw=0/0 l=1@26/0@-1 far_l=0@-1/0@-1 straight=0/1 far_straight=0/0 circle_cnt=0/0/0/0 lost=0/0 conf=82.9/3.0/0.0/0.0 dist=0 begin=126/0 m0=(84,119) ml=(84,85) md=34/1/144 cxcy=84.0,119.6 guide=0.00 atg=3.0/4.0/5.0 pure=-0.74/-0.80 yaw=0 cmd=178 actual=-178 signed=1 rps=3556/4044:1666/1437 duty=11/15 pwm=PWM2:11/PWM1:15 motor=2:11/1:15
ATGCorner: L=1@26/0@-1 Y=0@-1/0@-1 farL=0@-1/0@-1 Lxy=60.7,56.8:54.2,32.0/-1.0,-1.0:-1.0,-1.0 Yxy=-1.0,-1.0:-1.0,-1.0/-1.0,-1.0:-1.0,-1.0 farLxy=-1.0,-1.0:-1.0,-1.0/-1.0,-1.0:-1.0,-1.0 best=26:60.7,56.8:54.2,32.0:82.9:11111/55:127.5,-9.3:94.4,14.6:3.0:10101 seed_src=lpt/none seed=0.0,0.0/0.0,0.0 far_start=70,0 far_raw=0/0 far_num=0/0 straight=0/1 far_straight=0/0 conf_deg=82.9/3.0/0.0/0.0
CrossDiag: type=CROSS_NONE track=1 half_lr=0/0 nearL=1@26/0@-1 nearNum=54/125 centerNum=54/125 farL=0@-1/0@-1 farNum=0/0 farRaw=0/0 lost=0/0 not_have=0 final=125/127 flags=0/0
LineErr: aim=33 cxcy=84.0,119.6 left=1:-3.02@87,84 dx=3.1 idx=0/15 dist=32/160 right=1:-0.83@85,83 dx=0.9 idx=0/13 dist=33/255 sel=1:-0.82@85,83 dx=0.9 idx=0/16 dist=32/252 edge=1:-2.24@86.5,79.5 dx=2.5 width=51.0 l=61,79 r=112,80
CxScan: raw_ref=80.0 edge=86.5,79.5 best_raw_x=85 best_err=-0.51 best_cxcy=85.9,119.6 scan=0:-27.8,10:-25.0,20:-22.0,30:-18.9,40:-15.8,50:-12.5,60:-9.1,70:-5.7,80:-2.2,90:1.2,100:4.7,110:8.1,120:11.5,130:14.7,140:17.9
ATGSeedDiag: seed=1@14,108/1@134,108 begin=7,108 block=5 clip=8
ATGLptDiag: best=26(82.9) imip=16/36 pass=11111 acc=26 ipm=60.7,56.8 inv=54.2,32.0 | 55(3.0) imip=45/65 pass=10101 acc=-1 ipm=127.5,-9.3 inv=94.4,14.6
frame=50 line=1 track=1 cross=0 circle=1(CIRCLE_LEFT_BEGIN) round=0 yroad=0 ramp=0 road=7 speed=0 near=54/125 raw=128/105 sel=125/127 far=0/0 far_raw=0/0 l=1@26/0@-1 far_l=0@-1/0@-1 straight=0/1 far_straight=0/0 circle_cnt=0/0/0/0 lost=0/0 conf=83.1/4.1/0.0/0.0 dist=0 begin=130/0 m0=(84,119) ml=(85,85) md=34/1/143 cxcy=84.0,119.6 guide=0.00 atg=4.0/4.0/5.0 pure=-0.77/-0.80 yaw=0 cmd=164 actual=-164 signed=1 rps=3575/4025:1733/1481 duty=11/15 pwm=PWM2:11/PWM1:15 motor=2:11/1:15
ATGCorner: L=1@26/0@-1 Y=0@-1/0@-1 farL=0@-1/0@-1 Lxy=60.7,56.8:54.2,32.0/-1.0,-1.0:-1.0,-1.0 Yxy=-1.0,-1.0:-1.0,-1.0/-1.0,-1.0:-1.0,-1.0 farLxy=-1.0,-1.0:-1.0,-1.0/-1.0,-1.0:-1.0,-1.0 best=26:60.7,56.8:54.2,32.0:83.1:11111/57:128.7,-13.8:94.3,14.0:4.1:10101 seed_src=lpt/none seed=0.0,0.0/0.0,0.0 far_start=70,0 far_raw=0/0 far_num=0/0 straight=0/1 far_straight=0/0 conf_deg=83.1/4.1/0.0/0.0
CrossDiag: type=CROSS_NONE track=1 half_lr=0/0 nearL=1@26/0@-1 nearNum=54/125 centerNum=54/125 farL=0@-1/0@-1 farNum=0/0 farRaw=0/0 lost=0/0 not_have=0 final=125/127 flags=0/0
LineErr: aim=33 cxcy=84.0,119.6 left=1:-3.02@87,84 dx=3.1 idx=0/15 dist=32/157 right=1:-0.95@85,83 dx=1.0 idx=0/13 dist=33/255 sel=1:-0.92@85,83 dx=1.0 idx=0/16 dist=32/252 edge=1:-2.24@86.5,79.5 dx=2.5 width=51.0 l=61,79 r=112,80
CxScan: raw_ref=80.0 edge=86.5,79.5 best_raw_x=85 best_err=-0.51 best_cxcy=85.9,119.6 scan=0:-27.8,10:-25.0,20:-22.0,30:-18.9,40:-15.8,50:-12.5,60:-9.1,70:-5.7,80:-2.2,90:1.2,100:4.7,110:8.1,120:11.5,130:14.7,140:17.9
ATGSeedDiag: seed=1@14,108/1@134,108 begin=7,108 block=5 clip=8
ATGLptDiag: best=26(83.1) imip=16/36 pass=11111 acc=26 ipm=60.7,56.8 inv=54.2,32.0 | 57(4.1) imip=47/67 pass=10101 acc=-1 ipm=128.7,-13.8 inv=94.3,14.0
frame=51 line=1 track=1 cross=0 circle=1(CIRCLE_LEFT_BEGIN) round=0 yroad=0 ramp=0 road=7 speed=0 near=54/125 raw=128/105 sel=125/127 far=0/0 far_raw=0/0 l=1@25/0@-1 far_l=0@-1/0@-1 straight=0/1 far_straight=0/0 circle_cnt=0/0/0/0 lost=0/0 conf=87.5/2.6/0.0/0.0 dist=0 begin=134/0 m0=(84,119) ml=(85,85) md=34/1/144 cxcy=84.0,119.6 guide=0.00 atg=4.0/4.0/5.0 pure=-0.77/-0.80 yaw=0 cmd=148 actual=-148 signed=1 rps=3598/4002:1736/1473 duty=11/15 pwm=PWM2:11/PWM1:15 motor=2:11/1:15
ATGCorner: L=1@25/0@-1 Y=0@-1/0@-1 farL=0@-1/0@-1 Lxy=61.9,58.7:54.9,32.9/-1.0,-1.0:-1.0,-1.0 Yxy=-1.0,-1.0:-1.0,-1.0/-1.0,-1.0:-1.0,-1.0 farLxy=-1.0,-1.0:-1.0,-1.0/-1.0,-1.0:-1.0,-1.0 best=25:61.9,58.7:54.9,32.9:87.5:11111/57:128.4,-13.9:94.2,14.0:2.6:10101 seed_src=lpt/none seed=0.0,0.0/0.0,0.0 far_start=70,0 far_raw=0/0 far_num=0/0 straight=0/1 far_straight=0/0 conf_deg=87.5/2.6/0.0/0.0
CrossDiag: type=CROSS_NONE track=1 half_lr=0/0 nearL=1@25/0@-1 nearNum=54/125 centerNum=54/125 farL=0@-1/0@-1 farNum=0/0 farRaw=0/0 lost=0/0 not_have=0 final=125/127 flags=0/0
LineErr: aim=33 cxcy=84.0,119.6 left=1:-3.19@87,84 dx=3.3 idx=0/15 dist=32/154 right=1:-0.95@85,83 dx=1.0 idx=0/13 dist=33/255 sel=1:-0.94@85,83 dx=1.0 idx=0/16 dist=32/252 edge=1:-2.69@87.0,79.5 dx=3.0 width=50.0 l=62,79 r=112,80
CxScan: raw_ref=80.0 edge=87.0,79.5 best_raw_x=90 best_err=0.78 best_cxcy=87.9,119.6 scan=0:-28.1,10:-25.3,20:-22.4,30:-19.4,40:-16.2,50:-12.9,60:-9.6,70:-6.1,80:-2.7,90:0.8,100:4.2,110:7.7,120:11.0,130:14.3,140:17.5
ATGSeedDiag: seed=1@14,108/1@134,108 begin=7,108 block=5 clip=8
ATGLptDiag: best=25(87.5) imip=15/35 pass=11111 acc=25 ipm=61.9,58.7 inv=54.9,32.9 | 57(2.6) imip=47/67 pass=10101 acc=-1 ipm=128.4,-13.9 inv=94.2,14.0
frame=54 line=1 track=1 cross=0 circle=1(CIRCLE_LEFT_BEGIN) round=0 yroad=0 ramp=0 road=7 speed=0 near=53/125 raw=129/105 sel=125/128 far=0/0 far_raw=0/0 l=1@25/0@-1 far_l=0@-1/0@-1 straight=0/1 far_straight=0/0 circle_cnt=0/0/0/0 lost=0/0 conf=89.9/3.2/0.0/0.0 dist=0 begin=146/0 m0=(84,119) ml=(85,85) md=34/1/146 cxcy=84.0,119.6 guide=0.00 atg=5.0/4.0/6.0 pure=-0.84/-0.87 yaw=0 cmd=119 actual=-119 signed=1 rps=3637/3963:1617/1359 duty=12/15 pwm=PWM2:12/PWM1:15 motor=2:12/1:15
ATGCorner: L=1@25/0@-1 Y=0@-1/0@-1 farL=0@-1/0@-1 Lxy=62.8,58.7:55.7,32.9/-1.0,-1.0:-1.0,-1.0 Yxy=-1.0,-1.0:-1.0,-1.0/-1.0,-1.0:-1.0,-1.0 farLxy=-1.0,-1.0:-1.0,-1.0/-1.0,-1.0:-1.0,-1.0 best=25:62.8,58.7:55.7,32.9:89.9:11111/2:107.7,112.0:127.5,91.6:3.2:10111 seed_src=lpt/none seed=0.0,0.0/0.0,0.0 far_start=70,0 far_raw=0/0 far_num=0/0 straight=0/1 far_straight=0/0 conf_deg=89.9/3.2/0.0/0.0
CrossDiag: type=CROSS_NONE track=1 half_lr=0/0 nearL=1@25/0@-1 nearNum=53/125 centerNum=53/125 farL=0@-1/0@-1 farNum=0/0 farRaw=0/0 lost=0/0 not_have=0 final=125/128 flags=0/0
LineErr: aim=33 cxcy=84.0,119.6 left=1:-3.55@88,84 dx=3.6 idx=0/15 dist=32/155 right=1:-1.14@85,83 dx=1.2 idx=0/13 dist=33/255 sel=1:-1.11@85,83 dx=1.2 idx=0/16 dist=32/254 edge=1:-2.69@87.0,79.5 dx=3.0 width=50.0 l=62,79 r=112,80
CxScan: raw_ref=80.0 edge=87.0,79.5 best_raw_x=90 best_err=0.78 best_cxcy=87.9,119.6 scan=0:-28.1,10:-25.3,20:-22.4,30:-19.4,40:-16.2,50:-12.9,60:-9.6,70:-6.1,80:-2.7,90:0.8,100:4.2,110:7.7,120:11.0,130:14.3,140:17.5
ATGSeedDiag: seed=1@14,108/1@134,108 begin=7,108 block=5 clip=8
ATGLptDiag: best=25(89.9) imip=15/35 pass=11111 acc=25 ipm=62.8,58.7 inv=55.7,32.9 | 2(3.2) imip=0/12 pass=10111 acc=-1 ipm=107.7,112.0 inv=127.5,91.6
frame=55 line=1 track=1 cross=0 circle=1(CIRCLE_LEFT_BEGIN) round=0 yroad=0 ramp=0 road=7 speed=0 near=53/125 raw=129/105 sel=125/128 far=0/0 far_raw=0/0 l=1@25/0@-1 far_l=0@-1/0@-1 straight=0/1 far_straight=0/0 circle_cnt=0/0/0/0 lost=0/0 conf=90.0/5.1/0.0/0.0 dist=0 begin=150/0 m0=(84,119) ml=(85,85) md=34/1/145 cxcy=84.0,119.6 guide=0.00 atg=5.0/5.0/6.0 pure=-0.85/-0.88 yaw=0 cmd=124 actual=-124 signed=1 rps=3630/3970:1693/1473 duty=12/15 pwm=PWM2:12/PWM1:15 motor=2:12/1:15
ATGCorner: L=1@25/0@-1 Y=0@-1/0@-1 farL=0@-1/0@-1 Lxy=62.8,58.7:55.7,32.9/-1.0,-1.0:-1.0,-1.0 Yxy=-1.0,-1.0:-1.0,-1.0/-1.0,-1.0:-1.0,-1.0 farLxy=-1.0,-1.0:-1.0,-1.0/-1.0,-1.0:-1.0,-1.0 best=25:62.8,58.7:55.7,32.9:90.0:11111/1:107.4,114.3:130.2,98.1:5.1:10111 seed_src=lpt/none seed=0.0,0.0/0.0,0.0 far_start=70,0 far_raw=0/0 far_num=0/0 straight=0/1 far_straight=0/0 conf_deg=90.0/5.1/0.0/0.0
CrossDiag: type=CROSS_NONE track=1 half_lr=0/0 nearL=1@25/0@-1 nearNum=53/125 centerNum=53/125 farL=0@-1/0@-1 farNum=0/0 farRaw=0/0 lost=0/0 not_have=0 final=125/128 flags=0/0
LineErr: aim=33 cxcy=84.0,119.6 left=1:-3.55@88,84 dx=3.6 idx=0/15 dist=32/155 right=1:-1.36@85,83 dx=1.4 idx=0/13 dist=33/255 sel=1:-1.33@85,83 dx=1.4 idx=0/16 dist=32/254 edge=1:-2.69@87.0,79.5 dx=3.0 width=50.0 l=62,79 r=112,80
CxScan: raw_ref=80.0 edge=87.0,79.5 best_raw_x=90 best_err=0.78 best_cxcy=87.9,119.6 scan=0:-28.1,10:-25.3,20:-22.4,30:-19.4,40:-16.2,50:-12.9,60:-9.6,70:-6.1,80:-2.7,90:0.8,100:4.2,110:7.7,120:11.0,130:14.3,140:17.5
ATGSeedDiag: seed=1@14,108/1@134,108 begin=7,108 block=5 clip=8
ATGLptDiag: best=25(90.0) imip=15/35 pass=11111 acc=25 ipm=62.8,58.7 inv=55.7,32.9 | 1(5.1) imip=0/11 pass=10111 acc=-1 ipm=107.4,114.3 inv=130.2,98.1
frame=56 line=1 track=1 cross=0 circle=1(CIRCLE_LEFT_BEGIN) round=0 yroad=0 ramp=0 road=7 speed=0 near=53/125 raw=129/105 sel=125/128 far=0/0 far_raw=0/0 l=1@25/0@-1 far_l=0@-1/0@-1 straight=0/1 far_straight=0/0 circle_cnt=0/0/0/0 lost=0/0 conf=90.0/3.8/0.0/0.0 dist=0 begin=155/0 m0=(84,119) ml=(85,85) md=34/1/146 cxcy=84.0,119.6 guide=0.00 atg=6.0/5.0/6.0 pure=-0.90/-0.88 yaw=0 cmd=132 actual=-132 signed=1 rps=3619/3981:1633/1496 duty=12/15 pwm=PWM2:12/PWM1:15 motor=2:12/1:15
ATGCorner: L=1@25/0@-1 Y=0@-1/0@-1 farL=0@-1/0@-1 Lxy=62.8,58.7:55.7,32.9/-1.0,-1.0:-1.0,-1.0 Yxy=-1.0,-1.0:-1.0,-1.0/-1.0,-1.0:-1.0,-1.0 farLxy=-1.0,-1.0:-1.0,-1.0/-1.0,-1.0:-1.0,-1.0 best=25:62.8,58.7:55.7,32.9:90.0:11111/55:129.5,-9.0:95.4,14.7:3.8:10101 seed_src=lpt/none seed=0.0,0.0/0.0,0.0 far_start=70,0 far_raw=0/0 far_num=0/0 straight=0/1 far_straight=0/0 conf_deg=90.0/3.8/0.0/0.0
CrossDiag: type=CROSS_NONE track=1 half_lr=0/0 nearL=1@25/0@-1 nearNum=53/125 centerNum=53/125 farL=0@-1/0@-1 farNum=0/0 farRaw=0/0 lost=0/0 not_have=0 final=125/128 flags=0/0
LineErr: aim=33 cxcy=84.0,119.6 left=1:-3.55@88,84 dx=3.6 idx=0/15 dist=32/155 right=1:-1.45@86,83 dx=1.5 idx=0/13 dist=33/255 sel=1:-1.42@86,83 dx=1.5 idx=0/16 dist=32/254 edge=1:-2.69@87.0,79.5 dx=3.0 width=50.0 l=62,79 r=112,80
CxScan: raw_ref=80.0 edge=87.0,79.5 best_raw_x=90 best_err=0.78 best_cxcy=87.9,119.6 scan=0:-28.1,10:-25.3,20:-22.4,30:-19.4,40:-16.2,50:-12.9,60:-9.6,70:-6.1,80:-2.7,90:0.8,100:4.2,110:7.7,120:11.0,130:14.3,140:17.5
ATGSeedDiag: seed=1@14,108/1@134,108 begin=7,108 block=5 clip=8
ATGLptDiag: best=25(90.0) imip=15/35 pass=11111 acc=25 ipm=62.8,58.7 inv=55.7,32.9 | 55(3.8) imip=45/65 pass=10101 acc=-1 ipm=129.5,-9.0 inv=95.4,14.7
frame=57 line=1 track=1 cross=0 circle=1(CIRCLE_LEFT_BEGIN) round=0 yroad=0 ramp=0 road=7 speed=0 near=53/125 raw=130/104 sel=125/128 far=0/0 far_raw=0/0 l=1@25/0@-1 far_l=0@-1/0@-1 straight=0/1 far_straight=0/0 circle_cnt=0/0/0/0 lost=0/0 conf=90.4/3.2/0.0/0.0 dist=0 begin=160/0 m0=(84,119) ml=(85,85) md=34/1/146 cxcy=84.0,119.6 guide=0.00 atg=6.0/5.0/6.0 pure=-0.90/-0.88 yaw=0 cmd=137 actual=-137 signed=1 rps=3612/3988:1732/1572 duty=12/15 pwm=PWM2:12/PWM1:15 motor=2:12/1:15
ATGCorner: L=1@25/0@-1 Y=0@-1/0@-1 farL=0@-1/0@-1 Lxy=62.9,58.9:55.8,33.0/-1.0,-1.0:-1.0,-1.0 Yxy=-1.0,-1.0:-1.0,-1.0/-1.0,-1.0:-1.0,-1.0 farLxy=-1.0,-1.0:-1.0,-1.0/-1.0,-1.0:-1.0,-1.0 best=25:62.9,58.9:55.8,33.0:90.4:11111/2:108.0,111.7:127.6,90.8:3.2:10111 seed_src=lpt/none seed=0.0,0.0/0.0,0.0 far_start=70,0 far_raw=0/0 far_num=0/0 straight=0/1 far_straight=0/0 conf_deg=90.4/3.2/0.0/0.0
CrossDiag: type=CROSS_NONE track=1 half_lr=0/0 nearL=1@25/0@-1 nearNum=53/125 centerNum=53/125 farL=0@-1/0@-1 farNum=0/0 farRaw=0/0 lost=0/0 not_have=0 final=125/128 flags=0/0
LineErr: aim=33 cxcy=84.0,119.6 left=1:-3.54@88,84 dx=3.6 idx=0/15 dist=32/152 right=1:-1.30@85,85 dx=1.3 idx=0/12 dist=32/256 sel=1:-1.59@86,83 dx=1.7 idx=0/16 dist=32/254 edge=1:-3.17@87.5,80.0 dx=3.5 width=51.0 l=62,80 r=113,80
CxScan: raw_ref=80.0 edge=87.5,80.0 best_raw_x=90 best_err=0.33 best_cxcy=87.9,119.6 scan=0:-28.7,10:-25.9,20:-23.0,30:-19.9,40:-16.7,50:-13.4,60:-10.1,70:-6.6,80:-3.2,90:0.3,100:3.8,110:7.3,120:10.7,130:14.0,140:17.2
ATGSeedDiag: seed=1@14,108/1@134,107 begin=7,108 block=5 clip=8
ATGLptDiag: best=25(90.4) imip=15/35 pass=11111 acc=25 ipm=62.9,58.9 inv=55.8,33.0 | 2(3.2) imip=0/12 pass=10111 acc=-1 ipm=108.0,111.7 inv=127.6,90.8
frame=58 line=1 track=1 cross=0 circle=1(CIRCLE_LEFT_BEGIN) round=0 yroad=0 ramp=0 road=7 speed=0 near=53/125 raw=129/105 sel=125/127 far=0/0 far_raw=0/0 l=1@25/0@-1 far_l=0@-1/0@-1 straight=0/1 far_straight=0/0 circle_cnt=0/0/0/0 lost=0/0 conf=89.1/3.0/0.0/0.0 dist=0 begin=165/0 m0=(84,119) ml=(86,85) md=34/1/146 cxcy=84.0,119.6 guide=0.00 atg=6.0/5.0/6.0 pure=-0.93/-0.88 yaw=0 cmd=149 actual=-149 signed=1 rps=3596/4004:1782/1656 duty=11/15 pwm=PWM2:11/PWM1:15 motor=2:11/1:15
ATGCorner: L=1@25/0@-1 Y=0@-1/0@-1 farL=0@-1/0@-1 Lxy=62.9,58.8:55.8,32.9/-1.0,-1.0:-1.0,-1.0 Yxy=-1.0,-1.0:-1.0,-1.0/-1.0,-1.0:-1.0,-1.0 farLxy=-1.0,-1.0:-1.0,-1.0/-1.0,-1.0:-1.0,-1.0 best=25:62.9,58.8:55.8,32.9:89.1:11111/55:129.5,-9.0:95.4,14.7:3.0:10101 seed_src=lpt/none seed=0.0,0.0/0.0,0.0 far_start=70,0 far_raw=0/0 far_num=0/0 straight=0/1 far_straight=0/0 conf_deg=89.1/3.0/0.0/0.0
CrossDiag: type=CROSS_NONE track=1 half_lr=0/0 nearL=1@25/0@-1 nearNum=53/125 centerNum=53/125 farL=0@-1/0@-1 farNum=0/0 farRaw=0/0 lost=0/0 not_have=0 final=125/127 flags=0/0
LineErr: aim=33 cxcy=84.0,119.6 left=1:-3.85@88,84 dx=3.9 idx=0/15 dist=32/155 right=1:-1.55@86,85 dx=1.6 idx=0/12 dist=32/256 sel=1:-1.73@86,83 dx=1.8 idx=0/16 dist=32/252 edge=1:-3.14@87.5,79.5 dx=3.5 width=51.0 l=62,79 r=113,80
CxScan: raw_ref=80.0 edge=87.5,79.5 best_raw_x=90 best_err=0.32 best_cxcy=87.9,119.6 scan=0:-28.5,10:-25.7,20:-22.8,30:-19.8,40:-16.6,50:-13.3,60:-10.0,70:-6.6,80:-3.1,90:0.3,100:3.8,110:7.2,120:10.6,130:13.9,140:17.1
ATGSeedDiag: seed=1@15,108/1@135,108 begin=7,108 block=5 clip=8
ATGLptDiag: best=25(89.1) imip=15/35 pass=11111 acc=25 ipm=62.9,58.8 inv=55.8,32.9 | 55(3.0) imip=45/65 pass=10101 acc=-1 ipm=129.5,-9.0 inv=95.4,14.7
frame=59 line=1 track=1 cross=0 circle=1(CIRCLE_LEFT_BEGIN) round=0 yroad=0 ramp=0 road=7 speed=0 near=53/125 raw=128/105 sel=125/127 far=0/0 far_raw=0/0 l=1@25/0@-1 far_l=0@-1/0@-1 straight=0/1 far_straight=0/0 circle_cnt=0/0/0/0 lost=0/0 conf=84.4/2.6/0.0/0.0 dist=0 begin=169/0 m0=(84,119) ml=(86,85) md=34/1/146 cxcy=84.0,119.6 guide=0.00 atg=6.0/5.0/6.0 pure=-0.93/-0.91 yaw=0 cmd=160 actual=-160 signed=1 rps=3581/4019:1677/1574 duty=11/15 pwm=PWM2:11/PWM1:15 motor=2:11/1:15
ATGCorner: L=1@25/0@-1 Y=0@-1/0@-1 farL=0@-1/0@-1 Lxy=62.0,59.1:54.9,33.1/-1.0,-1.0:-1.0,-1.0 Yxy=-1.0,-1.0:-1.0,-1.0/-1.0,-1.0:-1.0,-1.0 farLxy=-1.0,-1.0:-1.0,-1.0/-1.0,-1.0:-1.0,-1.0 best=25:62.0,59.1:54.9,33.1:84.4:11111/55:129.5,-9.1:95.4,14.7:2.6:10101 seed_src=lpt/none seed=0.0,0.0/0.0,0.0 far_start=70,0 far_raw=0/0 far_num=0/0 straight=0/1 far_straight=0/0 conf_deg=84.4/2.6/0.0/0.0
CrossDiag: type=CROSS_NONE track=1 half_lr=0/0 nearL=1@25/0@-1 nearNum=53/125 centerNum=53/125 farL=0@-1/0@-1 farNum=0/0 farRaw=0/0 lost=0/0 not_have=0 final=125/127 flags=0/0
LineErr: aim=33 cxcy=84.0,119.6 left=1:-4.02@88,83 dx=4.2 idx=0/15 dist=33/156 right=1:-1.75@86,83 dx=1.8 idx=0/13 dist=33/255 sel=1:-1.73@86,83 dx=1.8 idx=0/16 dist=32/252 edge=1:-3.14@87.5,79.5 dx=3.5 width=51.0 l=62,79 r=113,80
CxScan: raw_ref=80.0 edge=87.5,79.5 best_raw_x=90 best_err=0.32 best_cxcy=87.9,119.6 scan=0:-28.5,10:-25.7,20:-22.8,30:-19.8,40:-16.6,50:-13.3,60:-10.0,70:-6.6,80:-3.1,90:0.3,100:3.8,110:7.2,120:10.6,130:13.9,140:17.1
ATGSeedDiag: seed=1@15,108/1@135,108 begin=7,108 block=5 clip=8
ATGLptDiag: best=25(84.4) imip=15/35 pass=11111 acc=25 ipm=62.0,59.1 inv=54.9,33.1 | 55(2.6) imip=45/65 pass=10101 acc=-1 ipm=129.5,-9.1 inv=95.4,14.7
frame=60 line=1 track=1 cross=0 circle=1(CIRCLE_LEFT_BEGIN) round=0 yroad=0 ramp=0 road=7 speed=0 near=53/125 raw=128/105 sel=125/127 far=0/0 far_raw=0/0 l=1@24/0@-1 far_l=0@-1/0@-1 straight=0/1 far_straight=0/0 circle_cnt=0/0/0/0 lost=0/0 conf=90.2/2.7/0.0/0.0 dist=0 begin=174/0 m0=(84,119) ml=(86,85) md=34/1/145 cxcy=84.0,119.6 guide=0.00 atg=6.0/5.0/6.0 pure=-0.93/-0.94 yaw=0 cmd=164 actual=-164 signed=1 rps=3575/4025:1754/1672 duty=11/15 pwm=PWM2:11/PWM1:15 motor=2:11/1:15
ATGCorner: L=1@24/0@-1 Y=0@-1/0@-1 farL=0@-1/0@-1 Lxy=63.6,61.1:56.0,34.0/-1.0,-1.0:-1.0,-1.0 Yxy=-1.0,-1.0:-1.0,-1.0/-1.0,-1.0:-1.0,-1.0 farLxy=-1.0,-1.0:-1.0,-1.0/-1.0,-1.0:-1.0,-1.0 best=24:63.6,61.1:56.0,34.0:90.2:11111/54:129.2,-6.8:95.6,15.0:2.7:10101 seed_src=lpt/none seed=0.0,0.0/0.0,0.0 far_start=70,0 far_raw=0/0 far_num=0/0 straight=0/1 far_straight=0/0 conf_deg=90.2/2.7/0.0/0.0
CrossDiag: type=CROSS_NONE track=1 half_lr=0/0 nearL=1@24/0@-1 nearNum=53/125 centerNum=53/125 farL=0@-1/0@-1 farNum=0/0 farRaw=0/0 lost=0/0 not_have=0 final=125/127 flags=0/0
LineErr: aim=33 cxcy=84.0,119.6 left=1:-4.33@89,83 dx=4.5 idx=0/15 dist=33/154 right=1:-1.79@86,83 dx=1.9 idx=0/13 dist=33/255 sel=1:-1.76@86,83 dx=1.8 idx=0/16 dist=32/252 edge=1:-3.60@88.0,79.5 dx=4.0 width=50.0 l=63,79 r=113,80
CxScan: raw_ref=80.0 edge=88.0,79.5 best_raw_x=90 best_err=-0.13 best_cxcy=87.9,119.6 scan=0:-28.8,10:-26.1,20:-23.2,30:-20.2,40:-17.0,50:-13.8,60:-10.4,70:-7.0,80:-3.6,90:-0.1,100:3.3,110:6.8,120:10.1,130:13.5,140:16.7
ATGSeedDiag: seed=1@15,108/1@135,108 begin=7,108 block=5 clip=8
ATGLptDiag: best=24(90.2) imip=14/34 pass=11111 acc=24 ipm=63.6,61.1 inv=56.0,34.0 | 54(2.7) imip=44/64 pass=10101 acc=-1 ipm=129.2,-6.8 inv=95.6,15.0
frame=61 line=1 track=1 cross=0 circle=1(CIRCLE_LEFT_BEGIN) round=0 yroad=0 ramp=0 road=7 speed=0 near=52/125 raw=128/105 sel=125/128 far=0/0 far_raw=0/0 l=1@24/0@-1 far_l=0@-1/0@-1 straight=0/1 far_straight=0/0 circle_cnt=0/0/0/0 lost=0/0 conf=89.4/4.2/0.0/0.0 dist=0 begin=179/0 m0=(84,119) ml=(86,85) md=34/1/148 cxcy=84.0,119.6 guide=0.00 atg=6.0/6.0/7.0 pure=-0.96/-0.96 yaw=0 cmd=167 actual=-167 signed=1 rps=3571/4029:1705/1677 duty=11/15 pwm=PWM2:11/PWM1:15 motor=2:11/1:15
ATGCorner: L=1@24/0@-1 Y=0@-1/0@-1 farL=0@-1/0@-1 Lxy=63.6,61.1:56.0,34.0/-1.0,-1.0:-1.0,-1.0 Yxy=-1.0,-1.0:-1.0,-1.0/-1.0,-1.0:-1.0,-1.0 farLxy=-1.0,-1.0:-1.0,-1.0/-1.0,-1.0:-1.0,-1.0 best=24:63.6,61.1:56.0,34.0:89.4:11111/53:129.8,-4.3:96.3,15.4:4.2:10101 seed_src=lpt/none seed=0.0,0.0/0.0,0.0 far_start=70,0 far_raw=0/0 far_num=0/0 straight=0/1 far_straight=0/0 conf_deg=89.4/4.2/0.0/0.0
CrossDiag: type=CROSS_NONE track=1 half_lr=0/0 nearL=1@24/0@-1 nearNum=52/125 centerNum=52/125 farL=0@-1/0@-1 farNum=0/0 farRaw=0/0 lost=0/0 not_have=0 final=125/128 flags=0/0
LineErr: aim=33 cxcy=84.0,119.6 left=1:-4.39@89,83 dx=4.6 idx=0/15 dist=33/153 right=1:-1.61@86,85 dx=1.6 idx=0/12 dist=32/256 sel=1:-1.89@86,83 dx=2.0 idx=0/16 dist=32/254 edge=1:-3.60@88.0,79.5 dx=4.0 width=50.0 l=63,79 r=113,80
CxScan: raw_ref=80.0 edge=88.0,79.5 best_raw_x=90 best_err=-0.13 best_cxcy=87.9,119.6 scan=0:-28.8,10:-26.1,20:-23.2,30:-20.2,40:-17.0,50:-13.8,60:-10.4,70:-7.0,80:-3.6,90:-0.1,100:3.3,110:6.8,120:10.1,130:13.5,140:16.7
ATGSeedDiag: seed=1@15,108/1@135,108 begin=7,108 block=5 clip=8
ATGLptDiag: best=24(89.4) imip=14/34 pass=11111 acc=24 ipm=63.6,61.1 inv=56.0,34.0 | 53(4.2) imip=43/63 pass=10101 acc=-1 ipm=129.8,-4.3 inv=96.3,15.4
frame=62 line=1 track=1 cross=0 circle=1(CIRCLE_LEFT_BEGIN) round=0 yroad=0 ramp=0 road=7 speed=0 near=53/125 raw=128/105 sel=125/128 far=0/0 far_raw=0/0 l=1@24/0@-1 far_l=0@-1/0@-1 straight=0/1 far_straight=0/0 circle_cnt=0/0/0/0 lost=0/0 conf=89.3/4.0/0.0/0.0 dist=0 begin=184/0 m0=(84,119) ml=(86,85) md=34/1/147 cxcy=84.0,119.6 guide=0.00 atg=7.0/6.0/7.0 pure=-1.02/-0.98 yaw=0 cmd=168 actual=-168 signed=1 rps=3570/4030:1737/1754 duty=11/15 pwm=PWM2:11/PWM1:15 motor=2:11/1:15
ATGCorner: L=1@24/0@-1 Y=0@-1/0@-1 farL=0@-1/0@-1 Lxy=63.6,61.1:56.0,34.0/-1.0,-1.0:-1.0,-1.0 Yxy=-1.0,-1.0:-1.0,-1.0/-1.0,-1.0:-1.0,-1.0 farLxy=-1.0,-1.0:-1.0,-1.0/-1.0,-1.0:-1.0,-1.0 best=24:63.6,61.1:56.0,34.0:89.3:11111/54:130.6,-6.5:96.4,15.0:4.0:10101 seed_src=lpt/none seed=0.0,0.0/0.0,0.0 far_start=70,0 far_raw=0/0 far_num=0/0 straight=0/1 far_straight=0/0 conf_deg=89.3/4.0/0.0/0.0
CrossDiag: type=CROSS_NONE track=1 half_lr=0/0 nearL=1@24/0@-1 nearNum=53/125 centerNum=53/125 farL=0@-1/0@-1 farNum=0/0 farRaw=0/0 lost=0/0 not_have=0 final=125/128 flags=0/0
LineErr: aim=33 cxcy=84.0,119.6 left=1:-4.39@89,83 dx=4.6 idx=0/15 dist=33/154 right=1:-1.98@86,85 dx=2.0 idx=0/12 dist=32/256 sel=1:-2.12@86,83 dx=2.2 idx=0/16 dist=32/254 edge=1:-3.60@88.0,79.5 dx=4.0 width=50.0 l=63,79 r=113,80
CxScan: raw_ref=80.0 edge=88.0,79.5 best_raw_x=90 best_err=-0.13 best_cxcy=87.9,119.6 scan=0:-28.8,10:-26.1,20:-23.2,30:-20.2,40:-17.0,50:-13.8,60:-10.4,70:-7.0,80:-3.6,90:-0.1,100:3.3,110:6.8,120:10.1,130:13.5,140:16.7
ATGSeedDiag: seed=1@15,108/1@135,108 begin=7,108 block=5 clip=8
ATGLptDiag: best=24(89.3) imip=14/34 pass=11111 acc=24 ipm=63.6,61.1 inv=56.0,34.0 | 54(4.0) imip=44/64 pass=10101 acc=-1 ipm=130.6,-6.5 inv=96.4,15.0
frame=63 line=1 track=1 cross=0 circle=1(CIRCLE_LEFT_BEGIN) round=0 yroad=0 ramp=0 road=7 speed=0 near=53/125 raw=128/104 sel=125/128 far=0/0 far_raw=0/0 l=1@24/0@-1 far_l=0@-1/0@-1 straight=0/1 far_straight=0/0 circle_cnt=0/0/0/0 lost=0/0 conf=88.9/3.9/0.0/0.0 dist=0 begin=189/0 m0=(84,119) ml=(86,85) md=34/1/148 cxcy=84.0,119.6 guide=0.00 atg=8.0/6.0/8.0 pure=-1.07/-0.98 yaw=0 cmd=160 actual=-160 signed=1 rps=3581/4019:1815/1899 duty=11/15 pwm=PWM2:11/PWM1:15 motor=2:11/1:15
ATGCorner: L=1@24/0@-1 Y=0@-1/0@-1 farL=0@-1/0@-1 Lxy=63.6,61.1:56.0,34.0/-1.0,-1.0:-1.0,-1.0 Yxy=-1.0,-1.0:-1.0,-1.0/-1.0,-1.0:-1.0,-1.0 farLxy=-1.0,-1.0:-1.0,-1.0/-1.0,-1.0:-1.0,-1.0 best=24:63.6,61.1:56.0,34.0:88.9:11111/55:131.5,-9.0:96.4,14.7:3.9:10101 seed_src=lpt/none seed=0.0,0.0/0.0,0.0 far_start=70,0 far_raw=0/0 far_num=0/0 straight=0/1 far_straight=0/0 conf_deg=88.9/3.9/0.0/0.0
CrossDiag: type=CROSS_NONE track=1 half_lr=0/0 nearL=1@24/0@-1 nearNum=53/125 centerNum=53/125 farL=0@-1/0@-1 farNum=0/0 farRaw=0/0 lost=0/0 not_have=0 final=125/128 flags=0/0
LineErr: aim=33 cxcy=84.0,119.6 left=1:-4.39@89,83 dx=4.6 idx=0/15 dist=33/154 right=1:-2.09@86,85 dx=2.1 idx=0/12 dist=32/256 sel=1:-2.36@86,83 dx=2.5 idx=0/16 dist=32/254 edge=1:-4.05@88.5,79.5 dx=4.5 width=51.0 l=63,79 r=114,80
CxScan: raw_ref=80.0 edge=88.5,79.5 best_raw_x=90 best_err=-0.58 best_cxcy=87.9,119.6 scan=0:-29.2,10:-26.4,20:-23.6,30:-20.6,40:-17.4,50:-14.2,60:-10.9,70:-7.5,80:-4.0,90:-0.6,100:2.9,110:6.3,120:9.7,130:13.0,140:16.3
ATGSeedDiag: seed=1@16,108/1@135,107 begin=7,108 block=5 clip=8
ATGLptDiag: best=24(88.9) imip=14/34 pass=11111 acc=24 ipm=63.6,61.1 inv=56.0,34.0 | 55(3.9) imip=45/65 pass=10101 acc=-1 ipm=131.5,-9.0 inv=96.4,14.7
frame=64 line=1 track=1 cross=0 circle=1(CIRCLE_LEFT_BEGIN) round=0 yroad=0 ramp=0 road=7 speed=0 near=53/125 raw=128/105 sel=125/128 far=0/0 far_raw=0/0 l=1@24/0@-1 far_l=0@-1/0@-1 straight=0/1 far_straight=0/0 circle_cnt=0/0/0/0 lost=0/0 conf=90.1/3.8/0.0/0.0 dist=0 begin=194/0 m0=(84,119) ml=(86,85) md=34/1/148 cxcy=84.0,119.6 guide=0.00 atg=8.0/6.0/8.0 pure=-1.09/-1.01 yaw=0 cmd=149 actual=-149 signed=1 rps=3595/4005:1762/1872 duty=11/15 pwm=PWM2:11/PWM1:15 motor=2:11/1:15
ATGCorner: L=1@24/0@-1 Y=0@-1/0@-1 farL=0@-1/0@-1 Lxy=63.7,61.1:56.1,34.0/-1.0,-1.0:-1.0,-1.0 Yxy=-1.0,-1.0:-1.0,-1.0/-1.0,-1.0:-1.0,-1.0 farLxy=-1.0,-1.0:-1.0,-1.0/-1.0,-1.0:-1.0,-1.0 best=24:63.7,61.1:56.1,34.0:90.1:11111/57:132.8,-13.2:96.4,14.0:3.8:10101 seed_src=lpt/none seed=0.0,0.0/0.0,0.0 far_start=70,0 far_raw=0/0 far_num=0/0 straight=0/1 far_straight=0/0 conf_deg=90.1/3.8/0.0/0.0
CrossDiag: type=CROSS_NONE track=1 half_lr=0/0 nearL=1@24/0@-1 nearNum=53/125 centerNum=53/125 farL=0@-1/0@-1 farNum=0/0 farRaw=0/0 lost=0/0 not_have=0 final=125/128 flags=0/0
LineErr: aim=33 cxcy=84.0,119.6 left=1:-4.48@89,83 dx=4.7 idx=0/15 dist=33/155 right=1:-2.34@86,85 dx=2.4 idx=0/12 dist=32/256 sel=1:-2.50@87,83 dx=2.6 idx=0/16 dist=32/254 edge=1:-4.05@88.5,79.5 dx=4.5 width=51.0 l=63,79 r=114,80
CxScan: raw_ref=80.0 edge=88.5,79.5 best_raw_x=90 best_err=-0.58 best_cxcy=87.9,119.6 scan=0:-29.2,10:-26.4,20:-23.6,30:-20.6,40:-17.4,50:-14.2,60:-10.9,70:-7.5,80:-4.0,90:-0.6,100:2.9,110:6.3,120:9.7,130:13.0,140:16.3
ATGSeedDiag: seed=1@16,108/1@136,108 begin=7,108 block=5 clip=8
ATGLptDiag: best=24(90.1) imip=14/34 pass=11111 acc=24 ipm=63.7,61.1 inv=56.1,34.0 | 57(3.8) imip=47/67 pass=10101 acc=-1 ipm=132.8,-13.2 inv=96.4,14.0
frame=65 line=1 track=1 cross=0 circle=1(CIRCLE_LEFT_BEGIN) round=0 yroad=0 ramp=0 road=7 speed=0 near=52/125 raw=129/105 sel=125/128 far=0/0 far_raw=0/0 l=1@24/0@-1 far_l=0@-1/0@-1 straight=0/1 far_straight=0/0 circle_cnt=0/0/0/0 lost=0/0 conf=91.8/2.7/0.0/0.0 dist=0 begin=199/0 m0=(84,119) ml=(86,85) md=34/1/148 cxcy=84.0,119.6 guide=0.00 atg=8.0/6.0/8.0 pure=-1.09/-1.01 yaw=0 cmd=132 actual=-132 signed=1 rps=3620/3980:1842/2004 duty=11/14 pwm=PWM2:11/PWM1:14 motor=2:11/1:14
ATGCorner: L=1@24/0@-1 Y=0@-1/0@-1 farL=0@-1/0@-1 Lxy=64.5,61.1:56.8,34.0/-1.0,-1.0:-1.0,-1.0 Yxy=-1.0,-1.0:-1.0,-1.0/-1.0,-1.0:-1.0,-1.0 farLxy=-1.0,-1.0:-1.0,-1.0/-1.0,-1.0:-1.0,-1.0 best=24:64.5,61.1:56.8,34.0:91.8:11111/1:108.1,114.2:131.8,98.1:2.7:10111 seed_src=lpt/none seed=0.0,0.0/0.0,0.0 far_start=70,0 far_raw=0/0 far_num=0/0 straight=0/1 far_straight=0/0 conf_deg=91.8/2.7/0.0/0.0
CrossDiag: type=CROSS_NONE track=1 half_lr=0/0 nearL=1@24/0@-1 nearNum=52/125 centerNum=52/125 farL=0@-1/0@-1 farNum=0/0 farRaw=0/0 lost=0/0 not_have=0 final=125/128 flags=0/0
LineErr: aim=33 cxcy=84.0,119.6 left=1:-4.79@89,84 dx=4.9 idx=0/15 dist=33/151 right=1:-2.37@86,85 dx=2.4 idx=0/12 dist=32/256 sel=1:-2.54@87,83 dx=2.7 idx=0/16 dist=32/254 edge=1:-4.05@88.5,79.5 dx=4.5 width=51.0 l=63,79 r=114,80
CxScan: raw_ref=80.0 edge=88.5,79.5 best_raw_x=90 best_err=-0.58 best_cxcy=87.9,119.6 scan=0:-29.2,10:-26.4,20:-23.6,30:-20.6,40:-17.4,50:-14.2,60:-10.9,70:-7.5,80:-4.0,90:-0.6,100:2.9,110:6.3,120:9.7,130:13.0,140:16.3
ATGSeedDiag: seed=1@16,108/1@136,108 begin=7,108 block=5 clip=8
ATGLptDiag: best=24(91.8) imip=14/34 pass=11111 acc=24 ipm=64.5,61.1 inv=56.8,34.0 | 1(2.7) imip=0/11 pass=10111 acc=-1 ipm=108.1,114.2 inv=131.8,98.1
frame=68 line=1 track=1 cross=0 circle=1(CIRCLE_LEFT_BEGIN) round=0 yroad=0 ramp=0 road=7 speed=0 near=52/125 raw=129/105 sel=125/128 far=0/0 far_raw=0/0 l=1@24/0@-1 far_l=0@-1/0@-1 straight=0/1 far_straight=0/0 circle_cnt=0/0/0/0 lost=0/0 conf=91.7/2.7/0.0/0.0 dist=0 begin=215/0 m0=(84,119) ml=(86,85) md=34/1/147 cxcy=84.0,119.6 guide=0.00 atg=8.0/7.0/8.0 pure=-1.12/-1.05 yaw=0 cmd=104 actual=-104 signed=1 rps=3657/3943:1921/1985 duty=11/14 pwm=PWM2:11/PWM1:14 motor=2:11/1:14
ATGCorner: L=1@24/0@-1 Y=0@-1/0@-1 farL=0@-1/0@-1 Lxy=64.7,61.2:56.9,34.1/-1.0,-1.0:-1.0,-1.0 Yxy=-1.0,-1.0:-1.0,-1.0/-1.0,-1.0:-1.0,-1.0 farLxy=-1.0,-1.0:-1.0,-1.0/-1.0,-1.0:-1.0,-1.0 best=24:64.7,61.2:56.9,34.1:91.7:11111/52:130.5,-1.9:97.1,15.8:2.7:10101 seed_src=lpt/none seed=0.0,0.0/0.0,0.0 far_start=70,0 far_raw=0/0 far_num=0/0 straight=0/1 far_straight=0/0 conf_deg=91.7/2.7/0.0/0.0
CrossDiag: type=CROSS_NONE track=1 half_lr=0/0 nearL=1@24/0@-1 nearNum=52/125 centerNum=52/125 farL=0@-1/0@-1 farNum=0/0 farRaw=0/0 lost=0/0 not_have=0 final=125/128 flags=0/0
LineErr: aim=33 cxcy=84.0,119.6 left=1:-4.99@89,84 dx=5.2 idx=0/15 dist=34/158 right=1:-2.40@86,85 dx=2.4 idx=0/12 dist=32/256 sel=1:-2.65@87,83 dx=2.8 idx=0/16 dist=32/254 edge=1:-4.50@89.0,79.5 dx=5.0 width=50.0 l=64,79 r=114,80
CxScan: raw_ref=80.0 edge=89.0,79.5 best_raw_x=95 best_err=0.70 best_cxcy=89.8,119.6 scan=0:-29.5,10:-26.8,20:-23.9,30:-21.0,40:-17.8,50:-14.6,60:-11.3,70:-7.9,80:-4.5,90:-1.0,100:2.4,110:5.9,120:9.3,130:12.6,140:15.8
ATGSeedDiag: seed=1@16,108/1@136,108 begin=7,108 block=5 clip=8
ATGLptDiag: best=24(91.7) imip=14/34 pass=11111 acc=24 ipm=64.7,61.2 inv=56.9,34.1 | 52(2.7) imip=42/62 pass=10101 acc=-1 ipm=130.5,-1.9 inv=97.1,15.8
frame=69 line=1 track=1 cross=0 circle=1(CIRCLE_LEFT_BEGIN) round=0 yroad=0 ramp=0 road=7 speed=0 near=52/126 raw=129/105 sel=126/129 far=0/0 far_raw=0/0 l=1@24/0@-1 far_l=0@-1/0@-1 straight=0/1 far_straight=0/0 circle_cnt=0/0/0/0 lost=0/0 conf=91.6/4.3/0.0/0.0 dist=0 begin=220/0 m0=(84,119) ml=(86,87) md=32/1/151 cxcy=84.0,119.6 guide=0.00 atg=8.0/7.0/9.0 pure=-1.12/-1.06 yaw=0 cmd=105 actual=-105 signed=1 rps=3656/3944:2028/2015 duty=11/14 pwm=PWM2:11/PWM1:14 motor=2:11/1:14
ATGCorner: L=1@24/0@-1 Y=0@-1/0@-1 farL=0@-1/0@-1 Lxy=64.6,61.2:56.9,34.1/-1.0,-1.0:-1.0,-1.0 Yxy=-1.0,-1.0:-1.0,-1.0/-1.0,-1.0:-1.0,-1.0 farLxy=-1.0,-1.0:-1.0,-1.0/-1.0,-1.0:-1.0,-1.0 best=24:64.6,61.2:56.9,34.1:91.6:11111/1:108.2,114.3:132.0,98.1:4.3:10111 seed_src=lpt/none seed=0.0,0.0/0.0,0.0 far_start=70,0 far_raw=0/0 far_num=0/0 straight=0/1 far_straight=0/0 conf_deg=91.6/4.3/0.0/0.0
CrossDiag: type=CROSS_NONE track=1 half_lr=0/0 nearL=1@24/0@-1 nearNum=52/126 centerNum=52/126 farL=0@-1/0@-1 farNum=0/0 farRaw=0/0 lost=0/0 not_have=0 final=126/129 flags=0/0
LineErr: aim=33 cxcy=84.0,119.6 left=1:-4.99@89,84 dx=5.2 idx=0/15 dist=33/156 right=1:-2.41@86,85 dx=2.4 idx=0/12 dist=32/258 sel=1:-2.65@87,83 dx=2.8 idx=0/16 dist=32/256 edge=1:-4.50@89.0,79.5 dx=5.0 width=50.0 l=64,79 r=114,80
CxScan: raw_ref=80.0 edge=89.0,79.5 best_raw_x=95 best_err=0.70 best_cxcy=89.8,119.6 scan=0:-29.5,10:-26.8,20:-23.9,30:-21.0,40:-17.8,50:-14.6,60:-11.3,70:-7.9,80:-4.5,90:-1.0,100:2.4,110:5.9,120:9.3,130:12.6,140:15.8
ATGSeedDiag: seed=1@16,108/1@136,108 begin=7,108 block=5 clip=8
ATGLptDiag: best=24(91.6) imip=14/34 pass=11111 acc=24 ipm=64.6,61.2 inv=56.9,34.1 | 1(4.3) imip=0/11 pass=10111 acc=-1 ipm=108.2,114.3 inv=132.0,98.1
frame=70 line=1 track=1 cross=0 circle=1(CIRCLE_LEFT_BEGIN) round=0 yroad=0 ramp=0 road=7 speed=0 near=52/126 raw=128/105 sel=126/129 far=0/0 far_raw=0/0 l=1@23/0@-1 far_l=0@-1/0@-1 straight=0/1 far_straight=0/0 circle_cnt=0/0/0/0 lost=0/0 conf=90.5/5.1/0.0/0.0 dist=0 begin=226/0 m0=(84,119) ml=(86,87) md=32/1/151 cxcy=84.0,119.6 guide=0.00 atg=10.0/7.0/9.0 pure=-1.18/-1.06 yaw=0 cmd=114 actual=-114 signed=1 rps=3643/3957:2004/1903 duty=11/14 pwm=PWM2:11/PWM1:14 motor=2:11/1:14
ATGCorner: L=1@23/0@-1 Y=0@-1/0@-1 farL=0@-1/0@-1 Lxy=65.0,63.4:56.9,35.2/-1.0,-1.0:-1.0,-1.0 Yxy=-1.0,-1.0:-1.0,-1.0/-1.0,-1.0:-1.0,-1.0 farLxy=-1.0,-1.0:-1.0,-1.0/-1.0,-1.0:-1.0,-1.0 best=23:65.0,63.4:56.9,35.2:90.5:11111/1:108.3,114.3:132.3,98.1:5.1:10111 seed_src=lpt/none seed=0.0,0.0/0.0,0.0 far_start=70,0 far_raw=0/0 far_num=0/0 straight=0/1 far_straight=0/0 conf_deg=90.5/5.1/0.0/0.0
CrossDiag: type=CROSS_NONE track=1 half_lr=0/0 nearL=1@23/0@-1 nearNum=52/126 centerNum=52/126 farL=0@-1/0@-1 farNum=0/0 farRaw=0/0 lost=0/0 not_have=0 final=126/129 flags=0/0
LineErr: aim=33 cxcy=84.0,119.6 left=1:-5.19@89,83 dx=5.4 idx=0/15 dist=34/153 right=1:-2.70@87,85 dx=2.7 idx=0/12 dist=32/258 sel=1:-2.88@87,83 dx=3.0 idx=0/16 dist=32/256 edge=1:-4.50@89.0,79.5 dx=5.0 width=50.0 l=64,79 r=114,80
CxScan: raw_ref=80.0 edge=89.0,79.5 best_raw_x=95 best_err=0.70 best_cxcy=89.8,119.6 scan=0:-29.5,10:-26.8,20:-23.9,30:-21.0,40:-17.8,50:-14.6,60:-11.3,70:-7.9,80:-4.5,90:-1.0,100:2.4,110:5.9,120:9.3,130:12.6,140:15.8
ATGSeedDiag: seed=1@16,108/1@136,108 begin=7,108 block=5 clip=8
ATGLptDiag: best=23(90.5) imip=13/33 pass=11111 acc=23 ipm=65.0,63.4 inv=56.9,35.2 | 1(5.1) imip=0/11 pass=10111 acc=-1 ipm=108.3,114.3 inv=132.3,98.1
frame=71 line=1 track=1 cross=0 circle=1(CIRCLE_LEFT_BEGIN) round=0 yroad=0 ramp=0 road=7 speed=0 near=52/126 raw=128/105 sel=126/129 far=0/0 far_raw=0/0 l=1@24/0@-1 far_l=0@-1/0@-1 straight=0/1 far_straight=0/0 circle_cnt=0/0/0/0 lost=0/0 conf=86.4/4.0/0.0/0.0 dist=0 begin=231/0 m0=(84,119) ml=(86,87) md=32/1/150 cxcy=84.0,119.6 guide=0.00 atg=10.0/7.0/9.0 pure=-1.18/-1.08 yaw=0 cmd=122 actual=-122 signed=1 rps=3632/3968:2116/1913 duty=11/15 pwm=PWM2:11/PWM1:15 motor=2:11/1:15
ATGCorner: L=1@24/0@-1 Y=0@-1/0@-1 farL=0@-1/0@-1 Lxy=63.6,61.6:55.9,34.2/-1.0,-1.0:-1.0,-1.0 Yxy=-1.0,-1.0:-1.0,-1.0/-1.0,-1.0:-1.0,-1.0 farLxy=-1.0,-1.0:-1.0,-1.0/-1.0,-1.0:-1.0,-1.0 best=24:63.6,61.6:55.9,34.2:86.4:11111/54:132.6,-6.2:97.4,15.1:4.0:10101 seed_src=lpt/none seed=0.0,0.0/0.0,0.0 far_start=70,0 far_raw=0/0 far_num=0/0 straight=0/1 far_straight=0/0 conf_deg=86.4/4.0/0.0/0.0
CrossDiag: type=CROSS_NONE track=1 half_lr=0/0 nearL=1@24/0@-1 nearNum=52/126 centerNum=52/126 farL=0@-1/0@-1 farNum=0/0 farRaw=0/0 lost=0/0 not_have=0 final=126/129 flags=0/0
LineErr: aim=33 cxcy=84.0,119.6 left=1:-5.18@89,83 dx=5.5 idx=0/15 dist=34/151 right=1:-2.77@87,85 dx=2.8 idx=0/12 dist=32/258 sel=1:-2.96@87,83 dx=3.1 idx=0/16 dist=32/256 edge=1:-4.50@89.0,79.5 dx=5.0 width=50.0 l=64,79 r=114,80
CxScan: raw_ref=80.0 edge=89.0,79.5 best_raw_x=95 best_err=0.70 best_cxcy=89.8,119.6 scan=0:-29.5,10:-26.8,20:-23.9,30:-21.0,40:-17.8,50:-14.6,60:-11.3,70:-7.9,80:-4.5,90:-1.0,100:2.4,110:5.9,120:9.3,130:12.6,140:15.8
ATGSeedDiag: seed=1@17,108/1@136,108 begin=7,108 block=5 clip=8
ATGLptDiag: best=24(86.4) imip=14/34 pass=11111 acc=24 ipm=63.6,61.6 inv=55.9,34.2 | 54(4.0) imip=44/64 pass=10101 acc=-1 ipm=132.6,-6.2 inv=97.4,15.1
frame=72 line=1 track=1 cross=0 circle=1(CIRCLE_LEFT_BEGIN) round=0 yroad=0 ramp=0 road=7 speed=0 near=51/126 raw=128/104 sel=126/129 far=0/0 far_raw=0/0 l=1@23/0@-1 far_l=0@-1/0@-1 straight=0/1 far_straight=0/0 circle_cnt=0/0/0/0 lost=0/0 conf=91.9/5.4/0.0/0.0 dist=0 begin=237/0 m0=(84,119) ml=(86,87) md=32/1/150 cxcy=84.0,119.6 guide=0.00 atg=10.0/7.0/9.0 pure=-1.22/-1.08 yaw=0 cmd=129 actual=-129 signed=1 rps=3623/3977:2202/2009 duty=11/14 pwm=PWM2:11/PWM1:14 motor=2:11/1:14
ATGCorner: L=1@23/0@-1 Y=0@-1/0@-1 farL=0@-1/0@-1 Lxy=65.2,63.4:57.1,35.2/-1.0,-1.0:-1.0,-1.0 Yxy=-1.0,-1.0:-1.0,-1.0/-1.0,-1.0:-1.0,-1.0 farLxy=-1.0,-1.0:-1.0,-1.0/-1.0,-1.0:-1.0,-1.0 best=23:65.2,63.4:57.1,35.2:91.9:11111/1:108.5,114.0:132.3,97.3:5.4:10111 seed_src=lpt/none seed=0.0,0.0/0.0,0.0 far_start=70,0 far_raw=0/0 far_num=0/0 straight=0/1 far_straight=0/0 conf_deg=91.9/5.4/0.0/0.0
CrossDiag: type=CROSS_NONE track=1 half_lr=0/0 nearL=1@23/0@-1 nearNum=51/126 centerNum=51/126 farL=0@-1/0@-1 farNum=0/0 farRaw=0/0 lost=0/0 not_have=0 final=126/129 flags=0/0
LineErr: aim=33 cxcy=84.0,119.6 left=1:-5.47@90,83 dx=5.7 idx=0/15 dist=34/150 right=1:-2.88@87,84 dx=2.9 idx=0/12 dist=32/258 sel=1:-3.11@87,83 dx=3.3 idx=0/16 dist=32/256 edge=1:-4.50@89.0,79.5 dx=5.0 width=50.0 l=64,79 r=114,80
CxScan: raw_ref=80.0 edge=89.0,79.5 best_raw_x=95 best_err=0.70 best_cxcy=89.8,119.6 scan=0:-29.5,10:-26.8,20:-23.9,30:-21.0,40:-17.8,50:-14.6,60:-11.3,70:-7.9,80:-4.5,90:-1.0,100:2.4,110:5.9,120:9.3,130:12.6,140:15.8
ATGSeedDiag: seed=1@17,108/1@136,107 begin=7,108 block=5 clip=8
ATGLptDiag: best=23(91.9) imip=13/33 pass=11111 acc=23 ipm=65.2,63.4 inv=57.1,35.2 | 1(5.4) imip=0/11 pass=10111 acc=-1 ipm=108.5,114.0 inv=132.3,97.3
frame=73 line=1 track=1 cross=0 circle=1(CIRCLE_LEFT_BEGIN) round=0 yroad=0 ramp=0 road=7 speed=0 near=51/126 raw=128/105 sel=126/129 far=0/0 far_raw=0/0 l=1@23/0@-1 far_l=0@-1/0@-1 straight=0/1 far_straight=0/0 circle_cnt=0/0/0/0 lost=0/0 conf=91.4/3.1/0.0/0.0 dist=0 begin=243/0 m0=(84,119) ml=(87,87) md=32/1/150 cxcy=84.0,119.6 guide=0.00 atg=11.0/8.0/9.0 pure=-1.24/-1.12 yaw=0 cmd=138 actual=-138 signed=1 rps=3610/3990:2118/1940 duty=11/15 pwm=PWM2:11/PWM1:15 motor=2:11/1:15
ATGCorner: L=1@23/0@-1 Y=0@-1/0@-1 farL=0@-1/0@-1 Lxy=65.2,63.5:57.1,35.2/-1.0,-1.0:-1.0,-1.0 Yxy=-1.0,-1.0:-1.0,-1.0/-1.0,-1.0:-1.0,-1.0 farLxy=-1.0,-1.0:-1.0,-1.0/-1.0,-1.0:-1.0,-1.0 best=23:65.2,63.5:57.1,35.2:91.4:11111/57:134.3,-13.0:97.1,14.1:3.1:10101 seed_src=lpt/none seed=0.0,0.0/0.0,0.0 far_start=70,0 far_raw=0/0 far_num=0/0 straight=0/1 far_straight=0/0 conf_deg=91.4/3.1/0.0/0.0
CrossDiag: type=CROSS_NONE track=1 half_lr=0/0 nearL=1@23/0@-1 nearNum=51/126 centerNum=51/126 farL=0@-1/0@-1 farNum=0/0 farRaw=0/0 lost=0/0 not_have=0 final=126/129 flags=0/0
LineErr: aim=33 cxcy=84.0,119.6 left=1:-5.48@89,86 dx=5.4 idx=0/14 dist=31/150 right=1:-3.13@87,85 dx=3.2 idx=0/12 dist=32/258 sel=1:-3.28@87,83 dx=3.4 idx=0/16 dist=32/256 edge=1:-4.95@89.5,79.5 dx=5.5 width=51.0 l=64,79 r=115,80
CxScan: raw_ref=80.0 edge=89.5,79.5 best_raw_x=95 best_err=0.25 best_cxcy=89.8,119.6 scan=0:-29.9,10:-27.2,20:-24.3,30:-21.3,40:-18.3,50:-15.0,60:-11.8,70:-8.4,80:-4.9,90:-1.5,100:2.0,110:5.4,120:8.8,130:12.2,140:15.4
ATGSeedDiag: seed=1@17,108/1@137,108 begin=7,108 block=5 clip=8
ATGLptDiag: best=23(91.4) imip=13/33 pass=11111 acc=23 ipm=65.2,63.5 inv=57.1,35.2 | 57(3.1) imip=47/67 pass=10101 acc=-1 ipm=134.3,-13.0 inv=97.1,14.1
frame=74 line=1 track=1 cross=0 circle=1(CIRCLE_LEFT_BEGIN) round=0 yroad=0 ramp=0 road=7 speed=0 near=51/126 raw=128/105 sel=126/129 far=0/0 far_raw=0/0 l=1@23/0@-1 far_l=0@-1/0@-1 straight=0/1 far_straight=0/0 circle_cnt=0/0/0/0 lost=0/0 conf=90.6/4.6/0.0/0.0 dist=0 begin=249/0 m0=(84,119) ml=(87,87) md=32/1/149 cxcy=84.0,119.6 guide=0.00 atg=11.0/8.0/10.0 pure=-1.25/-1.15 yaw=0 cmd=141 actual=-141 signed=1 rps=3607/3993:2249/2069 duty=11/14 pwm=PWM2:11/PWM1:14 motor=2:11/1:14
ATGCorner: L=1@23/0@-1 Y=0@-1/0@-1 farL=0@-1/0@-1 Lxy=65.2,63.5:57.1,35.2/-1.0,-1.0:-1.0,-1.0 Yxy=-1.0,-1.0:-1.0,-1.0/-1.0,-1.0:-1.0,-1.0 farLxy=-1.0,-1.0:-1.0,-1.0/-1.0,-1.0:-1.0,-1.0 best=23:65.2,63.5:57.1,35.2:90.6:11111/1:108.6,114.3:133.1,98.1:4.6:10111 seed_src=lpt/none seed=0.0,0.0/0.0,0.0 far_start=70,0 far_raw=0/0 far_num=0/0 straight=0/1 far_straight=0/0 conf_deg=90.6/4.6/0.0/0.0
CrossDiag: type=CROSS_NONE track=1 half_lr=0/0 nearL=1@23/0@-1 nearNum=51/126 centerNum=51/126 farL=0@-1/0@-1 farNum=0/0 farRaw=0/0 lost=0/0 not_have=0 final=126/129 flags=0/0
LineErr: aim=33 cxcy=84.0,119.6 left=1:-5.59@90,86 dx=5.5 idx=0/14 dist=32/153 right=1:-3.19@87,84 dx=3.2 idx=0/12 dist=32/258 sel=1:-3.40@88,83 dx=3.6 idx=0/16 dist=32/256 edge=1:-4.99@89.5,80.0 dx=5.5 width=51.0 l=64,80 r=115,80
CxScan: raw_ref=80.0 edge=89.5,80.0 best_raw_x=95 best_err=0.25 best_cxcy=89.8,119.6 scan=0:-30.1,10:-27.4,20:-24.5,30:-21.5,40:-18.4,50:-15.2,60:-11.8,70:-8.4,80:-5.0,90:-1.5,100:2.0,110:5.5,120:8.9,130:12.3,140:15.5
ATGSeedDiag: seed=1@17,108/1@137,108 begin=7,108 block=5 clip=8
ATGLptDiag: best=23(90.6) imip=13/33 pass=11111 acc=23 ipm=65.2,63.5 inv=57.1,35.2 | 1(4.6) imip=0/11 pass=10111 acc=-1 ipm=108.6,114.3 inv=133.1,98.1
frame=78 line=1 track=1 cross=0 circle=1(CIRCLE_LEFT_BEGIN) round=0 yroad=0 ramp=0 road=7 speed=0 near=50/126 raw=127/105 sel=126/129 far=0/0 far_raw=0/0 l=1@23/0@-1 far_l=0@-1/0@-1 straight=0/1 far_straight=0/0 circle_cnt=0/0/0/0 lost=0/0 conf=87.4/6.1/0.0/0.0 dist=0 begin=273/0 m0=(84,119) ml=(87,87) md=32/1/152 cxcy=84.0,119.6 guide=0.00 atg=13.0/8.0/10.0 pure=-1.31/-1.16 yaw=0 cmd=119 actual=-119 signed=1 rps=3637/3963:2203/2070 duty=11/14 pwm=PWM2:11/PWM1:14 motor=2:11/1:14
ATGCorner: L=1@23/0@-1 Y=0@-1/0@-1 farL=0@-1/0@-1 Lxy=64.5,63.9:56.3,35.4/-1.0,-1.0:-1.0,-1.0 Yxy=-1.0,-1.0:-1.0,-1.0/-1.0,-1.0:-1.0,-1.0 farLxy=-1.0,-1.0:-1.0,-1.0/-1.0,-1.0:-1.0,-1.0 best=23:64.5,63.9:56.3,35.4:87.4:11111/1:108.7,114.3:133.3,98.2:6.1:10111 seed_src=lpt/none seed=0.0,0.0/0.0,0.0 far_start=70,0 far_raw=0/0 far_num=0/0 straight=0/1 far_straight=0/0 conf_deg=87.4/6.1/0.0/0.0
CrossDiag: type=CROSS_NONE track=1 half_lr=0/0 nearL=1@23/0@-1 nearNum=50/126 centerNum=50/126 farL=0@-1/0@-1 farNum=0/0 farRaw=0/0 lost=0/0 not_have=0 final=126/129 flags=0/0
LineErr: aim=33 cxcy=84.0,119.6 left=1:-6.00@90,86 dx=6.0 idx=0/14 dist=32/148 right=1:-3.47@88,85 dx=3.5 idx=0/12 dist=32/258 sel=1:-3.64@88,83 dx=3.8 idx=0/16 dist=32/256 edge=1:-5.44@90.0,80.0 dx=6.0 width=50.0 l=65,80 r=115,80
CxScan: raw_ref=80.0 edge=90.0,80.0 best_raw_x=95 best_err=-0.21 best_cxcy=89.8,119.6 scan=0:-30.4,10:-27.7,20:-24.9,30:-21.9,40:-18.8,50:-15.6,60:-12.3,70:-8.9,80:-5.4,90:-2.0,100:1.5,110:5.0,120:8.5,130:11.8,140:15.1
ATGSeedDiag: seed=1@18,108/1@137,108 begin=7,108 block=5 clip=8
ATGLptDiag: best=23(87.4) imip=13/33 pass=11111 acc=23 ipm=64.5,63.9 inv=56.3,35.4 | 1(6.1) imip=0/11 pass=10111 acc=-1 ipm=108.7,114.3 inv=133.3,98.2
frame=79 line=1 track=1 cross=0 circle=1(CIRCLE_LEFT_BEGIN) round=0 yroad=0 ramp=0 road=7 speed=0 near=50/126 raw=127/105 sel=126/129 far=0/0 far_raw=0/0 l=1@23/0@-1 far_l=0@-1/0@-1 straight=0/1 far_straight=0/0 circle_cnt=0/0/0/0 lost=0/0 conf=87.1/3.1/0.0/0.0 dist=0 begin=279/0 m0=(84,119) ml=(87,87) md=32/1/152 cxcy=84.0,119.6 guide=0.00 atg=13.0/9.0/10.0 pure=-1.32/-1.18 yaw=0 cmd=129 actual=-129 signed=1 rps=3623/3977:2246/2057 duty=11/14 pwm=PWM2:11/PWM1:14 motor=2:11/1:14
ATGCorner: L=1@23/0@-1 Y=0@-1/0@-1 farL=0@-1/0@-1 Lxy=64.5,63.9:56.3,35.4/-1.0,-1.0:-1.0,-1.0 Yxy=-1.0,-1.0:-1.0,-1.0/-1.0,-1.0:-1.0,-1.0 farLxy=-1.0,-1.0:-1.0,-1.0/-1.0,-1.0:-1.0,-1.0 best=23:64.5,63.9:56.3,35.4:87.1:11111/54:134.0,-6.0:98.2,15.1:3.1:10101 seed_src=lpt/none seed=0.0,0.0/0.0,0.0 far_start=70,0 far_raw=0/0 far_num=0/0 straight=0/1 far_straight=0/0 conf_deg=87.1/3.1/0.0/0.0
CrossDiag: type=CROSS_NONE track=1 half_lr=0/0 nearL=1@23/0@-1 nearNum=50/126 centerNum=50/126 farL=0@-1/0@-1 farNum=0/0 farRaw=0/0 lost=0/0 not_have=0 final=126/129 flags=0/0
LineErr: aim=33 cxcy=84.0,119.6 left=1:-6.00@90,85 dx=6.0 idx=0/14 dist=32/147 right=1:-3.56@88,84 dx=3.6 idx=0/12 dist=32/258 sel=1:-3.72@88,83 dx=3.9 idx=0/16 dist=32/256 edge=1:-5.44@90.0,80.0 dx=6.0 width=50.0 l=65,80 r=115,80
CxScan: raw_ref=80.0 edge=90.0,80.0 best_raw_x=95 best_err=-0.21 best_cxcy=89.8,119.6 scan=0:-30.4,10:-27.7,20:-24.9,30:-21.9,40:-18.8,50:-15.6,60:-12.3,70:-8.9,80:-5.4,90:-2.0,100:1.5,110:5.0,120:8.5,130:11.8,140:15.1
ATGSeedDiag: seed=1@18,108/1@137,108 begin=7,108 block=5 clip=8
ATGLptDiag: best=23(87.1) imip=13/33 pass=11111 acc=23 ipm=64.5,63.9 inv=56.3,35.4 | 54(3.1) imip=44/64 pass=10101 acc=-1 ipm=134.0,-6.0 inv=98.2,15.1
frame=80 line=1 track=1 cross=0 circle=1(CIRCLE_LEFT_BEGIN) round=0 yroad=0 ramp=0 road=7 speed=0 near=50/126 raw=127/105 sel=126/129 far=0/0 far_raw=0/0 l=1@23/0@-1 far_l=0@-1/0@-1 straight=0/1 far_straight=0/0 circle_cnt=0/0/0/0 lost=0/0 conf=87.6/4.3/0.0/0.0 dist=0 begin=285/0 m0=(84,119) ml=(87,87) md=32/1/151 cxcy=84.0,119.6 guide=0.00 atg=13.0/10.0/11.0 pure=-1.37/-1.23 yaw=0 cmd=141 actual=-141 signed=1 rps=3606/3994:2154/1937 duty=11/15 pwm=PWM2:11/PWM1:15 motor=2:11/1:15
ATGCorner: L=1@23/0@-1 Y=0@-1/0@-1 farL=0@-1/0@-1 Lxy=64.5,63.9:56.3,35.4/-1.0,-1.0:-1.0,-1.0 Yxy=-1.0,-1.0:-1.0,-1.0/-1.0,-1.0:-1.0,-1.0 farLxy=-1.0,-1.0:-1.0,-1.0/-1.0,-1.0:-1.0,-1.0 best=23:64.5,63.9:56.3,35.4:87.6:11111/52:133.8,-1.3:98.9,15.9:4.3:10101 seed_src=lpt/none seed=0.0,0.0/0.0,0.0 far_start=70,0 far_raw=0/0 far_num=0/0 straight=0/1 far_straight=0/0 conf_deg=87.6/4.3/0.0/0.0
CrossDiag: type=CROSS_NONE track=1 half_lr=0/0 nearL=1@23/0@-1 nearNum=50/126 centerNum=50/126 farL=0@-1/0@-1 farNum=0/0 farRaw=0/0 lost=0/0 not_have=0 final=126/129 flags=0/0
LineErr: aim=33 cxcy=84.0,119.6 left=1:-6.27@90,85 dx=6.3 idx=0/14 dist=32/148 right=1:-3.78@88,84 dx=3.9 idx=0/12 dist=32/258 sel=1:-3.98@88,83 dx=4.2 idx=0/16 dist=32/256 edge=1:-5.44@90.0,80.0 dx=6.0 width=50.0 l=65,80 r=115,80
CxScan: raw_ref=80.0 edge=90.0,80.0 best_raw_x=95 best_err=-0.21 best_cxcy=89.8,119.6 scan=0:-30.4,10:-27.7,20:-24.9,30:-21.9,40:-18.8,50:-15.6,60:-12.3,70:-8.9,80:-5.4,90:-2.0,100:1.5,110:5.0,120:8.5,130:11.8,140:15.1
ATGSeedDiag: seed=1@18,108/1@138,108 begin=7,108 block=5 clip=8
ATGLptDiag: best=23(87.6) imip=13/33 pass=11111 acc=23 ipm=64.5,63.9 inv=56.3,35.4 | 52(4.3) imip=42/62 pass=10101 acc=-1 ipm=133.8,-1.3 inv=98.9,15.9
frame=81 line=1 track=1 cross=0 circle=1(CIRCLE_LEFT_BEGIN) round=0 yroad=0 ramp=0 road=7 speed=0 near=50/126 raw=127/105 sel=126/129 far=0/0 far_raw=0/0 l=1@23/0@-1 far_l=0@-1/0@-1 straight=0/1 far_straight=0/0 circle_cnt=0/0/0/0 lost=0/0 conf=87.7/4.8/0.0/0.0 dist=0 begin=291/0 m0=(84,119) ml=(88,87) md=32/1/152 cxcy=84.0,119.6 guide=0.00 atg=13.0/10.0/11.0 pure=-1.40/-1.24 yaw=0 cmd=151 actual=-151 signed=1 rps=3593/4007:2252/1991 duty=11/15 pwm=PWM2:11/PWM1:15 motor=2:11/1:15
ATGCorner: L=1@23/0@-1 Y=0@-1/0@-1 farL=0@-1/0@-1 Lxy=64.6,64.0:56.4,35.5/-1.0,-1.0:-1.0,-1.0 Yxy=-1.0,-1.0:-1.0,-1.0/-1.0,-1.0:-1.0,-1.0 farLxy=-1.0,-1.0:-1.0,-1.0/-1.0,-1.0:-1.0,-1.0 best=23:64.6,64.0:56.4,35.5:87.7:11111/1:109.1,114.3:134.1,98.2:4.8:10111 seed_src=lpt/none seed=0.0,0.0/0.0,0.0 far_start=70,0 far_raw=0/0 far_num=0/0 straight=0/1 far_straight=0/0 conf_deg=87.7/4.8/0.0/0.0
CrossDiag: type=CROSS_NONE track=1 half_lr=0/0 nearL=1@23/0@-1 nearNum=50/126 centerNum=50/126 farL=0@-1/0@-1 farNum=0/0 farRaw=0/0 lost=0/0 not_have=0 final=126/129 flags=0/0
LineErr: aim=33 cxcy=84.0,119.6 left=1:-6.39@90,86 dx=6.4 idx=0/14 dist=33/150 right=1:-3.94@88,84 dx=4.0 idx=0/12 dist=32/258 sel=1:-4.07@88,83 dx=4.3 idx=0/16 dist=32/256 edge=1:-5.44@90.0,80.0 dx=6.0 width=50.0 l=65,80 r=115,80
CxScan: raw_ref=80.0 edge=90.0,80.0 best_raw_x=95 best_err=-0.21 best_cxcy=89.8,119.6 scan=0:-30.4,10:-27.7,20:-24.9,30:-21.9,40:-18.8,50:-15.6,60:-12.3,70:-8.9,80:-5.4,90:-2.0,100:1.5,110:5.0,120:8.5,130:11.8,140:15.1
ATGSeedDiag: seed=1@18,108/1@138,108 begin=7,108 block=5 clip=8
ATGLptDiag: best=23(87.7) imip=13/33 pass=11111 acc=23 ipm=64.6,64.0 inv=56.4,35.5 | 1(4.8) imip=0/11 pass=10111 acc=-1 ipm=109.1,114.3 inv=134.1,98.2
frame=82 line=1 track=1 cross=0 circle=1(CIRCLE_LEFT_BEGIN) round=0 yroad=0 ramp=0 road=7 speed=0 near=49/126 raw=126/105 sel=126/129 far=0/0 far_raw=0/0 l=1@23/0@-1 far_l=0@-1/0@-1 straight=0/1 far_straight=0/0 circle_cnt=0/0/0/0 lost=0/0 conf=84.3/5.3/0.0/0.0 dist=0 begin=296/0 m0=(84,119) ml=(88,87) md=32/1/151 cxcy=84.0,119.6 guide=0.00 atg=14.0/10.0/12.0 pure=-1.43/-1.26 yaw=0 cmd=146 actual=-146 signed=1 rps=3600/4000:2102/1850 duty=11/15 pwm=PWM2:11/PWM1:15 motor=2:11/1:15
ATGCorner: L=1@23/0@-1 Y=0@-1/0@-1 farL=0@-1/0@-1 Lxy=63.9,64.2:55.7,35.6/-1.0,-1.0:-1.0,-1.0 Yxy=-1.0,-1.0:-1.0,-1.0/-1.0,-1.0:-1.0,-1.0 farLxy=-1.0,-1.0:-1.0,-1.0/-1.0,-1.0:-1.0,-1.0 best=23:63.9,64.2:55.7,35.6:84.3:11111/1:109.2,114.3:134.3,98.2:5.3:10111 seed_src=lpt/none seed=0.0,0.0/0.0,0.0 far_start=70,0 far_raw=0/0 far_num=0/0 straight=0/1 far_straight=0/0 conf_deg=84.3/5.3/0.0/0.0
CrossDiag: type=CROSS_NONE track=1 half_lr=0/0 nearL=1@23/0@-1 nearNum=49/126 centerNum=49/126 farL=0@-1/0@-1 farNum=0/0 farRaw=0/0 lost=0/0 not_have=0 final=126/129 flags=0/0
LineErr: aim=33 cxcy=84.0,119.6 left=1:-6.37@90,85 dx=6.4 idx=1/14 dist=31/147 right=1:-4.25@88,84 dx=4.3 idx=0/12 dist=32/258 sel=1:-4.39@89,83 dx=4.6 idx=0/16 dist=32/256 edge=1:-6.20@91.0,78.5 dx=7.0 width=50.1 l=66,77 r=116,80
CxScan: raw_ref=80.0 edge=91.0,78.5 best_raw_x=100 best_err=0.61 best_cxcy=91.7,119.6 scan=0:-30.5,10:-27.9,20:-25.1,30:-22.2,40:-19.2,50:-16.1,60:-12.9,70:-9.6,80:-6.2,90:-2.8,100:0.6,110:4.0,120:7.4,130:10.7,140:13.9
ATGSeedDiag: seed=1@18,108/1@138,108 begin=7,108 block=5 clip=8
ATGLptDiag: best=23(84.3) imip=13/33 pass=11111 acc=23 ipm=63.9,64.2 inv=55.7,35.6 | 1(5.3) imip=0/11 pass=10111 acc=-1 ipm=109.2,114.3 inv=134.3,98.2
frame=83 line=1 track=1 cross=0 circle=1(CIRCLE_LEFT_BEGIN) round=0 yroad=0 ramp=0 road=7 speed=0 near=49/126 raw=127/105 sel=126/129 far=0/0 far_raw=0/0 l=1@23/0@-1 far_l=0@-1/0@-1 straight=0/1 far_straight=0/0 circle_cnt=0/0/0/0 lost=0/0 conf=84.4/3.2/0.0/0.0 dist=0 begin=301/0 m0=(84,119) ml=(88,87) md=32/1/154 cxcy=84.0,119.6 guide=0.00 atg=16.0/10.0/12.0 pure=-1.48/-1.26 yaw=0 cmd=116 actual=-116 signed=1 rps=3641/3959:2089/1886 duty=11/15 pwm=PWM2:11/PWM1:15 motor=2:11/1:15
ATGCorner: L=1@23/0@-1 Y=0@-1/0@-1 farL=0@-1/0@-1 Lxy=64.0,64.5:55.7,35.8/-1.0,-1.0:-1.0,-1.0 Yxy=-1.0,-1.0:-1.0,-1.0/-1.0,-1.0:-1.0,-1.0 farLxy=-1.0,-1.0:-1.0,-1.0/-1.0,-1.0:-1.0,-1.0 best=23:64.0,64.5:55.7,35.8:84.4:11111/53:135.5,-3.4:99.4,15.5:3.2:10101 seed_src=lpt/none seed=0.0,0.0/0.0,0.0 far_start=70,0 far_raw=0/0 far_num=0/0 straight=0/1 far_straight=0/0 conf_deg=84.4/3.2/0.0/0.0
CrossDiag: type=CROSS_NONE track=1 half_lr=0/0 nearL=1@23/0@-1 nearNum=49/126 centerNum=49/126 farL=0@-1/0@-1 farNum=0/0 farRaw=0/0 lost=0/0 not_have=0 final=126/129 flags=0/0
LineErr: aim=33 cxcy=84.0,119.6 left=1:-6.39@90,85 dx=6.4 idx=1/14 dist=31/148 right=1:-4.34@88,84 dx=4.4 idx=0/12 dist=32/258 sel=1:-4.47@89,83 dx=4.7 idx=0/16 dist=32/256 edge=1:-5.89@90.5,80.0 dx=6.5 width=51.0 l=65,80 r=116,80
CxScan: raw_ref=80.0 edge=90.5,80.0 best_raw_x=95 best_err=-0.66 best_cxcy=89.8,119.6 scan=0:-30.8,10:-28.1,20:-25.2,30:-22.3,40:-19.2,50:-16.0,60:-12.7,70:-9.3,80:-5.9,90:-2.4,100:1.1,110:4.6,120:8.0,130:11.4,140:14.7
ATGSeedDiag: seed=1@18,108/1@138,108 begin=7,108 block=5 clip=8
ATGLptDiag: best=23(84.4) imip=13/33 pass=11111 acc=23 ipm=64.0,64.5 inv=55.7,35.8 | 53(3.2) imip=43/63 pass=10101 acc=-1 ipm=135.5,-3.4 inv=99.4,15.5
frame=84 line=1 track=1 cross=0 circle=1(CIRCLE_LEFT_BEGIN) round=0 yroad=0 ramp=0 road=7 speed=0 near=49/126 raw=126/105 sel=126/129 far=0/0 far_raw=0/0 l=1@22/0@-1 far_l=0@-1/0@-1 straight=0/1 far_straight=0/0 circle_cnt=0/0/0/0 lost=0/0 conf=87.3/3.5/0.0/0.0 dist=0 begin=306/0 m0=(84,119) ml=(88,87) md=32/1/154 cxcy=84.0,119.6 guide=0.00 atg=16.0/10.0/12.0 pure=-1.52/-1.28 yaw=0 cmd=49 actual=-49 signed=1 rps=3732/3868:1940/1811 duty=12/14 pwm=PWM2:12/PWM1:14 motor=2:12/1:14
ATGCorner: L=1@22/0@-1 Y=0@-1/0@-1 farL=0@-1/0@-1 Lxy=65.4,65.9:56.9,36.5/-1.0,-1.0:-1.0,-1.0 Yxy=-1.0,-1.0:-1.0,-1.0/-1.0,-1.0:-1.0,-1.0 farLxy=-1.0,-1.0:-1.0,-1.0/-1.0,-1.0:-1.0,-1.0 best=22:65.4,65.9:56.9,36.5:87.3:11111/55:137.0,-7.8:99.4,14.8:3.5:10101 seed_src=lpt/none seed=0.0,0.0/0.0,0.0 far_start=70,0 far_raw=0/0 far_num=0/0 straight=0/1 far_straight=0/0 conf_deg=87.3/3.5/0.0/0.0
CrossDiag: type=CROSS_NONE track=1 half_lr=0/0 nearL=1@22/0@-1 nearNum=49/126 centerNum=49/126 farL=0@-1/0@-1 farNum=0/0 farRaw=0/0 lost=0/0 not_have=0 final=126/129 flags=0/0
LineErr: aim=33 cxcy=84.0,119.6 left=1:-6.40@91,85 dx=6.5 idx=0/14 dist=33/148 right=1:-4.69@89,84 dx=4.8 idx=0/12 dist=32/258 sel=1:-4.79@89,83 dx=5.0 idx=0/16 dist=32/256 edge=1:-5.89@90.5,80.0 dx=6.5 width=51.0 l=65,80 r=116,80
CxScan: raw_ref=80.0 edge=90.5,80.0 best_raw_x=95 best_err=-0.66 best_cxcy=89.8,119.6 scan=0:-30.8,10:-28.1,20:-25.2,30:-22.3,40:-19.2,50:-16.0,60:-12.7,70:-9.3,80:-5.9,90:-2.4,100:1.1,110:4.6,120:8.0,130:11.4,140:14.7
ATGSeedDiag: seed=1@18,108/1@139,108 begin=7,108 block=5 clip=8
ATGLptDiag: best=22(87.3) imip=12/32 pass=11111 acc=22 ipm=65.4,65.9 inv=56.9,36.5 | 55(3.5) imip=45/65 pass=10101 acc=-1 ipm=137.0,-7.8 inv=99.4,14.8
frame=85 line=1 track=1 cross=0 circle=1(CIRCLE_LEFT_BEGIN) round=0 yroad=0 ramp=0 road=7 speed=0 near=50/126 raw=127/105 sel=126/129 far=0/0 far_raw=0/0 l=1@23/0@-1 far_l=0@-1/0@-1 straight=0/1 far_straight=0/0 circle_cnt=0/0/0/0 lost=0/0 conf=86.9/2.6/0.0/0.0 dist=0 begin=311/0 m0=(84,119) ml=(89,85) md=34/1/155 cxcy=84.0,119.6 guide=0.00 atg=18.0/11.0/12.0 pure=-1.58/-1.32 yaw=0 cmd=-33 actual=33 signed=1 rps=3845/3755:1946/1867 duty=12/14 pwm=PWM2:12/PWM1:14 motor=2:12/1:14
ATGCorner: L=1@23/0@-1 Y=0@-1/0@-1 farL=0@-1/0@-1 Lxy=64.4,63.9:56.3,35.4/-1.0,-1.0:-1.0,-1.0 Yxy=-1.0,-1.0:-1.0,-1.0/-1.0,-1.0:-1.0,-1.0 farLxy=-1.0,-1.0:-1.0,-1.0/-1.0,-1.0:-1.0,-1.0 best=23:64.4,63.9:56.3,35.4:86.9:11111/2:110.0,112.0:132.3,91.7:2.6:10111 seed_src=lpt/none seed=0.0,0.0/0.0,0.0 far_start=70,0 far_raw=0/0 far_num=0/0 straight=0/1 far_straight=0/0 conf_deg=86.9/2.6/0.0/0.0
CrossDiag: type=CROSS_NONE track=1 half_lr=0/0 nearL=1@23/0@-1 nearNum=50/126 centerNum=50/126 farL=0@-1/0@-1 farNum=0/0 farRaw=0/0 lost=0/0 not_have=0 final=126/129 flags=0/0
LineErr: aim=33 cxcy=84.0,119.6 left=1:-6.27@90,85 dx=6.3 idx=0/14 dist=33/149 right=1:-4.75@89,84 dx=4.9 idx=0/12 dist=33/259 sel=1:-4.88@89,83 dx=5.1 idx=0/16 dist=32/256 edge=1:-5.75@90.5,78.5 dx=6.5 width=51.1 l=65,77 r=116,80
CxScan: raw_ref=80.0 edge=90.5,78.5 best_raw_x=95 best_err=-0.65 best_cxcy=89.8,119.6 scan=0:-30.2,10:-27.5,20:-24.7,30:-21.8,40:-18.8,50:-15.7,60:-12.4,70:-9.1,80:-5.8,90:-2.4,100:1.1,110:4.5,120:7.8,130:11.1,140:14.4
ATGSeedDiag: seed=1@18,108/1@139,108 begin=7,108 block=5 clip=8
ATGLptDiag: best=23(86.9) imip=13/33 pass=11111 acc=23 ipm=64.4,63.9 inv=56.3,35.4 | 2(2.6) imip=0/12 pass=10111 acc=-1 ipm=110.0,112.0 inv=132.3,91.7
frame=86 line=1 track=1 cross=0 circle=1(CIRCLE_LEFT_BEGIN) round=0 yroad=0 ramp=0 road=7 speed=0 near=50/126 raw=127/105 sel=126/129 far=0/0 far_raw=0/0 l=1@23/0@-1 far_l=0@-1/0@-1 straight=0/1 far_straight=0/0 circle_cnt=0/0/0/0 lost=0/0 conf=87.9/3.4/0.0/0.0 dist=0 begin=316/0 m0=(84,119) ml=(89,85) md=34/1/154 cxcy=84.0,119.6 guide=0.00 atg=18.0/11.0/13.0 pure=-1.58/-1.33 yaw=0 cmd=-104 actual=104 signed=1 rps=3943/3657:1855/1842 duty=13/13 pwm=PWM2:13/PWM1:13 motor=2:13/1:13
ATGCorner: L=1@23/0@-1 Y=0@-1/0@-1 farL=0@-1/0@-1 Lxy=64.6,63.7:56.4,35.3/-1.0,-1.0:-1.0,-1.0 Yxy=-1.0,-1.0:-1.0,-1.0/-1.0,-1.0:-1.0,-1.0 farLxy=-1.0,-1.0:-1.0,-1.0/-1.0,-1.0:-1.0,-1.0 best=23:64.6,63.7:56.4,35.3:87.9:11111/58:139.4,-14.5:99.4,13.8:3.4:10101 seed_src=lpt/none seed=0.0,0.0/0.0,0.0 far_start=70,0 far_raw=0/0 far_num=0/0 straight=0/1 far_straight=0/0 conf_deg=87.9/3.4/0.0/0.0
CrossDiag: type=CROSS_NONE track=1 half_lr=0/0 nearL=1@23/0@-1 nearNum=50/126 centerNum=50/126 farL=0@-1/0@-1 farNum=0/0 farRaw=0/0 lost=0/0 not_have=0 final=126/129 flags=0/0
LineErr: aim=33 cxcy=84.0,119.6 left=1:-5.94@90,86 dx=5.9 idx=0/14 dist=32/151 right=1:-4.86@89,84 dx=5.0 idx=0/12 dist=33/259 sel=1:-5.01@89,83 dx=5.2 idx=0/16 dist=32/256 edge=1:-5.84@90.5,79.5 dx=6.5 width=51.0 l=65,79 r=116,80
CxScan: raw_ref=80.0 edge=90.5,79.5 best_raw_x=95 best_err=-0.66 best_cxcy=89.8,119.6 scan=0:-30.6,10:-27.9,20:-25.1,30:-22.1,40:-19.1,50:-15.9,60:-12.6,70:-9.3,80:-5.8,90:-2.4,100:1.1,110:4.5,120:7.9,130:11.3,140:14.6
ATGSeedDiag: seed=1@18,108/1@139,108 begin=7,108 block=5 clip=8
ATGLptDiag: best=23(87.9) imip=13/33 pass=11111 acc=23 ipm=64.6,63.7 inv=56.4,35.3 | 58(3.4) imip=48/68 pass=10101 acc=-1 ipm=139.4,-14.5 inv=99.4,13.8
frame=87 line=1 track=1 cross=0 circle=1(CIRCLE_LEFT_BEGIN) round=0 yroad=0 ramp=0 road=7 speed=0 near=51/126 raw=128/104 sel=126/129 far=0/0 far_raw=0/0 l=1@23/0@-1 far_l=0@-1/0@-1 straight=0/1 far_straight=0/0 circle_cnt=0/0/0/0 lost=0/0 conf=90.9/4.9/0.0/0.0 dist=0 begin=321/0 m0=(84,119) ml=(89,85) md=34/1/157 cxcy=84.0,119.6 guide=0.00 atg=18.0/11.0/13.0 pure=-1.58/-1.33 yaw=0 cmd=-162 actual=162 signed=1 rps=4022/3578:1904/1959 duty=13/13 pwm=PWM2:13/PWM1:13 motor=2:13/1:13
ATGCorner: L=1@23/0@-1 Y=0@-1/0@-1 farL=0@-1/0@-1 Lxy=65.2,63.4:57.0,35.2/-1.0,-1.0:-1.0,-1.0 Yxy=-1.0,-1.0:-1.0,-1.0/-1.0,-1.0:-1.0,-1.0 farLxy=-1.0,-1.0:-1.0,-1.0/-1.0,-1.0:-1.0,-1.0 best=23:65.2,63.4:57.0,35.2:90.9:11111/1:109.4,114.0:134.3,97.3:4.9:10111 seed_src=lpt/none seed=0.0,0.0/0.0,0.0 far_start=70,0 far_raw=0/0 far_num=0/0 straight=0/1 far_straight=0/0 conf_deg=90.9/4.9/0.0/0.0
CrossDiag: type=CROSS_NONE track=1 half_lr=0/0 nearL=1@23/0@-1 nearNum=51/126 centerNum=51/126 farL=0@-1/0@-1 farNum=0/0 farRaw=0/0 lost=0/0 not_have=0 final=126/129 flags=0/0
LineErr: aim=33 cxcy=84.0,119.6 left=1:-5.58@90,82 dx=5.9 idx=0/15 dist=34/149 right=1:-4.78@89,84 dx=4.9 idx=0/12 dist=33/259 sel=1:-4.88@89,83 dx=5.1 idx=0/16 dist=32/256 edge=1:-5.40@90.0,79.5 dx=6.0 width=52.0 l=64,79 r=116,80
CxScan: raw_ref=80.0 edge=90.0,79.5 best_raw_x=95 best_err=-0.20 best_cxcy=89.8,119.6 scan=0:-30.2,10:-27.5,20:-24.7,30:-21.7,40:-18.7,50:-15.5,60:-12.2,70:-8.8,80:-5.4,90:-1.9,100:1.5,110:5.0,120:8.4,130:11.7,140:15.0
ATGSeedDiag: seed=1@18,108/1@138,107 begin=7,108 block=5 clip=8
ATGLptDiag: best=23(90.9) imip=13/33 pass=11111 acc=23 ipm=65.2,63.4 inv=57.0,35.2 | 1(4.9) imip=0/11 pass=10111 acc=-1 ipm=109.4,114.0 inv=134.3,97.3
frame=88 line=1 track=1 cross=0 circle=1(CIRCLE_LEFT_BEGIN) round=0 yroad=0 ramp=0 road=7 speed=0 near=52/126 raw=128/105 sel=126/129 far=0/0 far_raw=0/0 l=1@24/0@-1 far_l=0@-1/0@-1 straight=0/1 far_straight=0/0 circle_cnt=0/0/0/0 lost=0/0 conf=85.8/3.7/0.0/0.0 dist=0 begin=327/0 m0=(84,119) ml=(89,85) md=34/1/157 cxcy=84.0,119.6 guide=0.00 atg=18.0/11.0/13.0 pure=-1.58/-1.33 yaw=0 cmd=-179 actual=179 signed=1 rps=4045/3555:1888/1915 duty=13/13 pwm=PWM2:13/PWM1:13 motor=2:13/1:13
ATGCorner: L=1@24/0@-1 Y=0@-1/0@-1 farL=0@-1/0@-1 Lxy=63.5,61.6:55.9,34.2/-1.0,-1.0:-1.0,-1.0 Yxy=-1.0,-1.0:-1.0,-1.0/-1.0,-1.0:-1.0,-1.0 farLxy=-1.0,-1.0:-1.0,-1.0/-1.0,-1.0:-1.0,-1.0 best=24:63.5,61.6:55.9,34.2:85.8:11111/59:140.2,-16.6:99.4,13.5:3.7:10101 seed_src=lpt/none seed=0.0,0.0/0.0,0.0 far_start=70,0 far_raw=0/0 far_num=0/0 straight=0/1 far_straight=0/0 conf_deg=85.8/3.7/0.0/0.0
CrossDiag: type=CROSS_NONE track=1 half_lr=0/0 nearL=1@24/0@-1 nearNum=52/126 centerNum=52/126 farL=0@-1/0@-1 farNum=0/0 farRaw=0/0 lost=0/0 not_have=0 final=126/129 flags=0/0
LineErr: aim=33 cxcy=84.0,119.6 left=1:-5.18@89,83 dx=5.5 idx=0/15 dist=34/150 right=1:-4.75@89,84 dx=4.9 idx=0/12 dist=33/259 sel=1:-4.82@89,83 dx=5.0 idx=0/16 dist=32/256 edge=1:-5.40@90.0,79.5 dx=6.0 width=52.0 l=64,79 r=116,80
CxScan: raw_ref=80.0 edge=90.0,79.5 best_raw_x=95 best_err=-0.20 best_cxcy=89.8,119.6 scan=0:-30.2,10:-27.5,20:-24.7,30:-21.7,40:-18.7,50:-15.5,60:-12.2,70:-8.8,80:-5.4,90:-1.9,100:1.5,110:5.0,120:8.4,130:11.7,140:15.0
ATGSeedDiag: seed=1@17,108/1@138,108 begin=7,108 block=5 clip=8
ATGLptDiag: best=24(85.8) imip=14/34 pass=11111 acc=24 ipm=63.5,61.6 inv=55.9,34.2 | 59(3.7) imip=49/69 pass=10101 acc=-1 ipm=140.2,-16.6 inv=99.4,13.5
frame=89 line=1 track=1 cross=0 circle=1(CIRCLE_LEFT_BEGIN) round=0 yroad=0 ramp=0 road=7 speed=0 near=51/127 raw=127/105 sel=127/130 far=0/0 far_raw=0/0 l=1@23/0@-1 far_l=0@-1/0@-1 straight=0/1 far_straight=0/0 circle_cnt=0/0/0/0 lost=0/0 conf=88.2/6.5/0.0/0.0 dist=0 begin=332/0 m0=(84,119) ml=(89,85) md=34/1/159 cxcy=84.0,119.6 guide=0.00 atg=18.0/11.0/13.0 pure=-1.58/-1.32 yaw=0 cmd=-112 actual=112 signed=1 rps=3953/3647:1982/1904 duty=13/13 pwm=PWM2:13/PWM1:13 motor=2:13/1:13
ATGCorner: L=1@23/0@-1 Y=0@-1/0@-1 farL=0@-1/0@-1 Lxy=64.3,63.4:56.3,35.2/-1.0,-1.0:-1.0,-1.0 Yxy=-1.0,-1.0:-1.0,-1.0/-1.0,-1.0:-1.0,-1.0 farLxy=-1.0,-1.0:-1.0,-1.0/-1.0,-1.0:-1.0,-1.0 best=23:64.3,63.4:56.3,35.2:88.2:11111/1:109.2,114.3:134.5,98.3:6.5:10111 seed_src=lpt/none seed=0.0,0.0/0.0,0.0 far_start=70,0 far_raw=0/0 far_num=0/0 straight=0/1 far_straight=0/0 conf_deg=88.2/6.5/0.0/0.0
CrossDiag: type=CROSS_NONE track=1 half_lr=0/0 nearL=1@23/0@-1 nearNum=51/127 centerNum=51/127 farL=0@-1/0@-1 farNum=0/0 farRaw=0/0 lost=0/0 not_have=0 final=127/130 flags=0/0
LineErr: aim=33 cxcy=84.0,119.6 left=1:-5.13@89,86 dx=5.1 idx=0/14 dist=31/154 right=1:-4.74@89,84 dx=4.9 idx=0/12 dist=33/261 sel=1:-4.82@89,83 dx=5.0 idx=0/16 dist=32/258 edge=1:-5.40@90.0,79.5 dx=6.0 width=52.0 l=64,79 r=116,80
CxScan: raw_ref=80.0 edge=90.0,79.5 best_raw_x=95 best_err=-0.20 best_cxcy=89.8,119.6 scan=0:-30.2,10:-27.5,20:-24.7,30:-21.7,40:-18.7,50:-15.5,60:-12.2,70:-8.8,80:-5.4,90:-1.9,100:1.5,110:5.0,120:8.4,130:11.7,140:15.0
ATGSeedDiag: seed=1@17,108/1@138,108 begin=7,108 block=5 clip=8
ATGLptDiag: best=23(88.2) imip=13/33 pass=11111 acc=23 ipm=64.3,63.4 inv=56.3,35.2 | 1(6.5) imip=0/11 pass=10111 acc=-1 ipm=109.2,114.3 inv=134.5,98.3
frame=91 line=1 track=1 cross=0 circle=1(CIRCLE_LEFT_BEGIN) round=0 yroad=0 ramp=0 road=7 speed=0 near=50/126 raw=127/105 sel=126/129 far=0/0 far_raw=0/0 l=1@23/0@-1 far_l=0@-1/0@-1 straight=0/1 far_straight=0/0 circle_cnt=0/0/0/0 lost=0/0 conf=86.0/3.5/0.0/0.0 dist=0 begin=342/0 m0=(84,119) ml=(89,85) md=34/1/157 cxcy=84.0,119.6 guide=0.00 atg=18.0/11.0/13.0 pure=-1.58/-1.33 yaw=0 cmd=178 actual=-178 signed=1 rps=3556/4044:2000/1769 duty=11/15 pwm=PWM2:11/PWM1:15 motor=2:11/1:15
ATGCorner: L=1@23/0@-1 Y=0@-1/0@-1 farL=0@-1/0@-1 Lxy=64.2,63.7:56.1,35.4/-1.0,-1.0:-1.0,-1.0 Yxy=-1.0,-1.0:-1.0,-1.0/-1.0,-1.0:-1.0,-1.0 farLxy=-1.0,-1.0:-1.0,-1.0/-1.0,-1.0:-1.0,-1.0 best=23:64.2,63.7:56.1,35.4:86.0:11111/59:140.2,-16.6:99.4,13.5:3.5:10101 seed_src=lpt/none seed=0.0,0.0/0.0,0.0 far_start=70,0 far_raw=0/0 far_num=0/0 straight=0/1 far_straight=0/0 conf_deg=86.0/3.5/0.0/0.0
CrossDiag: type=CROSS_NONE track=1 half_lr=0/0 nearL=1@23/0@-1 nearNum=50/126 centerNum=50/126 farL=0@-1/0@-1 farNum=0/0 farRaw=0/0 lost=0/0 not_have=0 final=126/129 flags=0/0
LineErr: aim=33 cxcy=84.0,119.6 left=1:-5.57@90,85 dx=5.6 idx=0/14 dist=32/149 right=1:-4.75@89,84 dx=4.9 idx=0/12 dist=33/259 sel=1:-4.88@89,83 dx=5.1 idx=0/16 dist=32/256 edge=1:-5.40@90.0,79.5 dx=6.0 width=52.0 l=64,79 r=116,80
CxScan: raw_ref=80.0 edge=90.0,79.5 best_raw_x=95 best_err=-0.20 best_cxcy=89.8,119.6 scan=0:-30.2,10:-27.5,20:-24.7,30:-21.7,40:-18.7,50:-15.5,60:-12.2,70:-8.8,80:-5.4,90:-1.9,100:1.5,110:5.0,120:8.4,130:11.7,140:15.0
ATGSeedDiag: seed=1@18,108/1@138,108 begin=7,108 block=5 clip=8
ATGLptDiag: best=23(86.0) imip=13/33 pass=11111 acc=23 ipm=64.2,63.7 inv=56.1,35.4 | 59(3.5) imip=49/69 pass=10101 acc=-1 ipm=140.2,-16.6 inv=99.4,13.5
frame=92 line=1 track=1 cross=0 circle=1(CIRCLE_LEFT_BEGIN) round=0 yroad=0 ramp=0 road=7 speed=0 near=50/126 raw=127/105 sel=126/129 far=0/0 far_raw=0/0 l=1@22/0@-1 far_l=0@-1/0@-1 straight=0/1 far_straight=0/0 circle_cnt=0/0/0/0 lost=0/0 conf=90.1/6.0/0.0/0.0 dist=0 begin=347/0 m0=(84,119) ml=(89,85) md=34/1/156 cxcy=84.0,119.6 guide=0.00 atg=20.0/12.0/14.0 pure=-1.67/-1.35 yaw=0 cmd=200 actual=-314 signed=1 rps=3526/4074:2099/1830 duty=11/15 pwm=PWM2:11/PWM1:15 motor=2:11/1:15
ATGCorner: L=1@22/0@-1 Y=0@-1/0@-1 farL=0@-1/0@-1 Lxy=65.8,65.8:57.2,36.4/-1.0,-1.0:-1.0,-1.0 Yxy=-1.0,-1.0:-1.0,-1.0/-1.0,-1.0:-1.0,-1.0 farLxy=-1.0,-1.0:-1.0,-1.0/-1.0,-1.0:-1.0,-1.0 best=22:65.8,65.8:57.2,36.4:90.1:11111/1:109.6,114.3:135.4,98.3:6.0:10111 seed_src=lpt/none seed=0.0,0.0/0.0,0.0 far_start=70,0 far_raw=0/0 far_num=0/0 straight=0/1 far_straight=0/0 conf_deg=90.1/6.0/0.0/0.0
CrossDiag: type=CROSS_NONE track=1 half_lr=0/0 nearL=1@22/0@-1 nearNum=50/126 centerNum=50/126 farL=0@-1/0@-1 farNum=0/0 farRaw=0/0 lost=0/0 not_have=0 final=126/129 flags=0/0
LineErr: aim=33 cxcy=84.0,119.6 left=1:-5.98@90,85 dx=6.0 idx=0/14 dist=33/148 right=1:-5.19@89,84 dx=5.3 idx=0/12 dist=33/259 sel=1:-5.31@90,83 dx=5.6 idx=0/16 dist=32/256 edge=1:-6.20@91.0,78.5 dx=7.0 width=52.1 l=65,77 r=117,80
CxScan: raw_ref=80.0 edge=91.0,78.5 best_raw_x=100 best_err=0.61 best_cxcy=91.7,119.6 scan=0:-30.5,10:-27.9,20:-25.1,30:-22.2,40:-19.2,50:-16.1,60:-12.9,70:-9.6,80:-6.2,90:-2.8,100:0.6,110:4.0,120:7.4,130:10.7,140:13.9
ATGSeedDiag: seed=1@18,108/1@139,108 begin=7,108 block=5 clip=8
ATGLptDiag: best=22(90.1) imip=12/32 pass=11111 acc=22 ipm=65.8,65.8 inv=57.2,36.4 | 1(6.0) imip=0/11 pass=10111 acc=-1 ipm=109.6,114.3 inv=135.4,98.3
frame=93 line=1 track=1 cross=0 circle=1(CIRCLE_LEFT_BEGIN) round=0 yroad=0 ramp=0 road=7 speed=0 near=49/127 raw=126/105 sel=127/130 far=0/0 far_raw=0/0 l=1@22/0@-1 far_l=0@-1/0@-1 straight=0/1 far_straight=0/0 circle_cnt=0/0/0/0 lost=0/0 conf=86.5/4.8/0.0/0.0 dist=0 begin=352/0 m0=(84,119) ml=(90,85) md=34/1/159 cxcy=84.0,119.6 guide=0.00 atg=23.0/13.0/16.0 pure=-1.79/-1.45 yaw=0 cmd=200 actual=-403 signed=1 rps=3526/4074:2133/1892 duty=11/15 pwm=PWM2:11/PWM1:15 motor=2:11/1:15
ATGCorner: L=1@22/0@-1 Y=0@-1/0@-1 farL=0@-1/0@-1 Lxy=65.3,65.9:56.7,36.5/-1.0,-1.0:-1.0,-1.0 Yxy=-1.0,-1.0:-1.0,-1.0/-1.0,-1.0:-1.0,-1.0 farLxy=-1.0,-1.0:-1.0,-1.0/-1.0,-1.0:-1.0,-1.0 best=22:65.3,65.9:56.7,36.5:86.5:11111/1:110.1,114.3:136.3,98.2:4.8:10111 seed_src=lpt/none seed=0.0,0.0/0.0,0.0 far_start=70,0 far_raw=0/0 far_num=0/0 straight=0/1 far_straight=0/0 conf_deg=86.5/4.8/0.0/0.0
CrossDiag: type=CROSS_NONE track=1 half_lr=0/0 nearL=1@22/0@-1 nearNum=49/127 centerNum=49/127 farL=0@-1/0@-1 farNum=0/0 farRaw=0/0 lost=0/0 not_have=0 final=127/130 flags=0/0
LineErr: aim=33 cxcy=84.0,119.6 left=1:-6.38@91,85 dx=6.5 idx=0/14 dist=33/148 right=1:-5.89@90,84 dx=6.1 idx=0/12 dist=33/261 sel=1:-5.95@90,83 dx=6.2 idx=0/16 dist=32/258 edge=1:-6.79@91.5,80.0 dx=7.5 width=53.0 l=65,80 r=118,80
CxScan: raw_ref=80.0 edge=91.5,80.0 best_raw_x=100 best_err=0.17 best_cxcy=91.7,119.6 scan=0:-31.4,10:-28.8,20:-26.0,30:-23.1,40:-20.0,50:-16.9,60:-13.6,70:-10.2,80:-6.8,90:-3.3,100:0.2,110:3.7,120:7.1,130:10.5,140:13.8
ATGSeedDiag: seed=1@19,108/1@140,108 begin=7,108 block=5 clip=8
ATGLptDiag: best=22(86.5) imip=12/32 pass=11111 acc=22 ipm=65.3,65.9 inv=56.7,36.5 | 1(4.8) imip=0/11 pass=10111 acc=-1 ipm=110.1,114.3 inv=136.3,98.2
frame=94 line=1 track=1 cross=0 circle=1(CIRCLE_LEFT_BEGIN) round=0 yroad=0 ramp=0 road=7 speed=0 near=50/127 raw=128/105 sel=127/131 far=0/0 far_raw=0/0 l=1@23/0@-1 far_l=0@-1/0@-1 straight=0/1 far_straight=0/0 circle_cnt=0/0/0/0 lost=0/0 conf=89.9/6.1/0.0/0.0 dist=0 begin=358/0 m0=(84,119) ml=(91,85) md=34/1/162 cxcy=84.0,119.6 guide=0.00 atg=27.0/16.0/18.0 pure=-1.95/-1.56 yaw=0 cmd=200 actual=-438 signed=1 rps=3526/4074:2043/1909 duty=11/15 pwm=PWM2:11/PWM1:15 motor=2:11/1:15
ATGCorner: L=1@23/0@-1 Y=0@-1/0@-1 farL=0@-1/0@-1 Lxy=65.3,63.8:57.1,35.4/-1.0,-1.0:-1.0,-1.0 Yxy=-1.0,-1.0:-1.0,-1.0/-1.0,-1.0:-1.0,-1.0 farLxy=-1.0,-1.0:-1.0,-1.0/-1.0,-1.0:-1.0,-1.0 best=23:65.3,63.8:57.1,35.4:89.9:11111/1:110.5,114.3:137.3,98.3:6.1:10111 seed_src=lpt/none seed=0.0,0.0/0.0,0.0 far_start=70,0 far_raw=0/0 far_num=0/0 straight=0/1 far_straight=0/0 conf_deg=89.9/6.1/0.0/0.0
CrossDiag: type=CROSS_NONE track=1 half_lr=0/0 nearL=1@23/0@-1 nearNum=50/127 centerNum=50/127 farL=0@-1/0@-1 farNum=0/0 farRaw=0/0 lost=0/0 not_have=0 final=127/131 flags=0/0
LineErr: aim=33 cxcy=84.0,119.6 left=1:-6.76@91,86 dx=6.8 idx=0/14 dist=32/149 right=1:-6.51@91,86 dx=6.5 idx=0/11 dist=32/262 sel=1:-6.74@91,83 dx=7.0 idx=0/16 dist=32/260 edge=1:-7.57@92.5,79.0 dx=8.5 width=53.2 l=66,77 r=119,81
CxScan: raw_ref=80.0 edge=92.5,79.0 best_raw_x=100 best_err=-0.73 best_cxcy=91.7,119.6 scan=0:-31.7,10:-29.1,20:-26.4,30:-23.5,40:-20.5,50:-17.4,60:-14.2,70:-10.9,80:-7.6,90:-4.2,100:-0.7,110:2.7,120:6.1,130:9.5,140:12.8
ATGSeedDiag: seed=1@19,108/1@141,108 begin=7,108 block=5 clip=8
ATGLptDiag: best=23(89.9) imip=13/33 pass=11111 acc=23 ipm=65.3,63.8 inv=57.1,35.4 | 1(6.1) imip=0/11 pass=10111 acc=-1 ipm=110.5,114.3 inv=137.3,98.3
frame=95 line=1 track=1 cross=0 circle=1(CIRCLE_LEFT_BEGIN) round=0 yroad=0 ramp=0 road=7 speed=0 near=50/127 raw=128/104 sel=127/131 far=0/0 far_raw=0/0 l=1@23/0@-1 far_l=0@-1/0@-1 straight=0/1 far_straight=0/0 circle_cnt=0/0/0/0 lost=0/0 conf=90.7/6.5/0.0/0.0 dist=0 begin=364/0 m0=(84,119) ml=(91,86) md=33/1/164 cxcy=84.0,119.6 guide=0.00 atg=31.0/17.0/19.0 pure=-2.09/-1.61 yaw=0 cmd=200 actual=-426 signed=1 rps=3526/4074:2166/2145 duty=11/15 pwm=PWM2:11/PWM1:15 motor=2:11/1:15
ATGCorner: L=1@23/0@-1 Y=0@-1/0@-1 farL=0@-1/0@-1 Lxy=65.5,63.7:57.3,35.3/-1.0,-1.0:-1.0,-1.0 Yxy=-1.0,-1.0:-1.0,-1.0/-1.0,-1.0:-1.0,-1.0 farLxy=-1.0,-1.0:-1.0,-1.0/-1.0,-1.0:-1.0,-1.0 best=23:65.5,63.7:57.3,35.3:90.7:11111/1:110.8,114.1:137.6,97.5:6.5:10111 seed_src=lpt/none seed=0.0,0.0/0.0,0.0 far_start=70,0 far_raw=0/0 far_num=0/0 straight=0/1 far_straight=0/0 conf_deg=90.7/6.5/0.0/0.0
CrossDiag: type=CROSS_NONE track=1 half_lr=0/0 nearL=1@23/0@-1 nearNum=50/127 centerNum=50/127 farL=0@-1/0@-1 farNum=0/0 farRaw=0/0 lost=0/0 not_have=0 final=127/131 flags=0/0
LineErr: aim=33 cxcy=84.0,119.6 left=1:-6.60@91,86 dx=6.6 idx=0/14 dist=32/148 right=1:-7.17@91,85 dx=7.2 idx=0/11 dist=32/262 sel=1:-7.39@92,83 dx=7.7 idx=0/16 dist=32/260 edge=1:-7.24@92.0,80.0 dx=8.0 width=54.0 l=65,80 r=119,80
CxScan: raw_ref=80.0 edge=92.0,80.0 best_raw_x=100 best_err=-0.28 best_cxcy=91.7,119.6 scan=0:-31.8,10:-29.1,20:-26.4,30:-23.5,40:-20.4,50:-17.3,60:-14.0,70:-10.7,80:-7.2,90:-3.8,100:-0.3,110:3.2,120:6.7,130:10.1,140:13.4
ATGSeedDiag: seed=1@20,108/1@141,107 begin=7,108 block=5 clip=8
ATGLptDiag: best=23(90.7) imip=13/33 pass=11111 acc=23 ipm=65.5,63.7 inv=57.3,35.3 | 1(6.5) imip=0/11 pass=10111 acc=-1 ipm=110.8,114.1 inv=137.6,97.5
frame=96 line=1 track=1 cross=0 circle=1(CIRCLE_LEFT_BEGIN) round=0 yroad=0 ramp=0 road=7 speed=0 near=51/127 raw=128/104 sel=127/131 far=0/0 far_raw=0/0 l=1@23/0@-1 far_l=0@-1/0@-1 straight=0/1 far_straight=0/0 circle_cnt=0/0/0/0 lost=0/0 conf=89.0/3.5/0.0/0.0 dist=0 begin=370/0 m0=(84,119) ml=(91,86) md=33/1/163 cxcy=84.0,119.6 guide=0.00 atg=33.0/18.0/20.0 pure=-2.12/-1.68 yaw=0 cmd=200 actual=-344 signed=1 rps=3526/4074:2100/2144 duty=11/15 pwm=PWM2:11/PWM1:15 motor=2:11/1:15
ATGCorner: L=1@23/0@-1 Y=0@-1/0@-1 farL=0@-1/0@-1 Lxy=65.5,63.7:57.3,35.3/-1.0,-1.0:-1.0,-1.0 Yxy=-1.0,-1.0:-1.0,-1.0/-1.0,-1.0:-1.0,-1.0 farLxy=-1.0,-1.0:-1.0,-1.0/-1.0,-1.0:-1.0,-1.0 best=23:65.5,63.7:57.3,35.3:89.0:11111/65:151.3,-28.8:102.3,12.0:3.5:10101 seed_src=lpt/none seed=0.0,0.0/0.0,0.0 far_start=70,0 far_raw=0/0 far_num=0/0 straight=0/1 far_straight=0/0 conf_deg=89.0/3.5/0.0/0.0
CrossDiag: type=CROSS_NONE track=1 half_lr=0/0 nearL=1@23/0@-1 nearNum=51/127 centerNum=51/127 farL=0@-1/0@-1 farNum=0/0 farRaw=0/0 lost=0/0 not_have=0 final=127/131 flags=0/0
LineErr: aim=33 cxcy=84.0,119.6 left=1:-6.77@91,86 dx=6.8 idx=0/14 dist=32/149 right=1:-7.33@91,85 dx=7.4 idx=0/11 dist=32/262 sel=1:-7.58@92,83 dx=7.9 idx=0/16 dist=32/260 edge=1:-7.69@92.5,80.0 dx=8.5 width=55.0 l=65,80 r=120,80
CxScan: raw_ref=80.0 edge=92.5,80.0 best_raw_x=100 best_err=-0.74 best_cxcy=91.7,119.6 scan=0:-32.1,10:-29.5,20:-26.7,30:-23.8,40:-20.8,50:-17.7,60:-14.4,70:-11.1,80:-7.7,90:-4.2,100:-0.7,110:2.7,120:6.2,130:9.6,140:13.0
ATGSeedDiag: seed=1@20,108/1@141,107 begin=7,108 block=5 clip=8
ATGLptDiag: best=23(89.0) imip=13/33 pass=11111 acc=23 ipm=65.5,63.7 inv=57.3,35.3 | 65(3.5) imip=55/75 pass=10101 acc=-1 ipm=151.3,-28.8 inv=102.3,12.0
frame=97 line=1 track=1 cross=0 circle=1(CIRCLE_LEFT_BEGIN) round=0 yroad=0 ramp=0 road=7 speed=0 near=51/127 raw=128/105 sel=127/131 far=0/0 far_raw=0/0 l=1@23/0@-1 far_l=0@-1/0@-1 straight=0/1 far_straight=0/0 circle_cnt=0/0/0/0 lost=0/0 conf=88.4/3.0/0.0/0.0 dist=0 begin=376/0 m0=(84,119) ml=(91,86) md=33/1/163 cxcy=84.0,119.6 guide=0.00 atg=31.0/18.0/19.0 pure=-2.09/-1.66 yaw=0 cmd=200 actual=-237 signed=1 rps=3526/4074:2210/2277 duty=11/15 pwm=PWM2:11/PWM1:15 motor=2:11/1:15
ATGCorner: L=1@23/0@-1 Y=0@-1/0@-1 farL=0@-1/0@-1 Lxy=65.6,63.9:57.3,35.4/-1.0,-1.0:-1.0,-1.0 Yxy=-1.0,-1.0:-1.0,-1.0/-1.0,-1.0:-1.0,-1.0 farLxy=-1.0,-1.0:-1.0,-1.0/-1.0,-1.0:-1.0,-1.0 best=23:65.6,63.9:57.3,35.4:88.4:11111/2:111.4,112.1:135.3,91.9:3.0:10111 seed_src=lpt/none seed=0.0,0.0/0.0,0.0 far_start=70,0 far_raw=0/0 far_num=0/0 straight=0/1 far_straight=0/0 conf_deg=88.4/3.0/0.0/0.0
CrossDiag: type=CROSS_NONE track=1 half_lr=0/0 nearL=1@23/0@-1 nearNum=51/127 centerNum=51/127 farL=0@-1/0@-1 farNum=0/0 farRaw=0/0 lost=0/0 not_have=0 final=127/131 flags=0/0
LineErr: aim=33 cxcy=84.0,119.6 left=1:-6.83@91,86 dx=6.8 idx=0/14 dist=32/150 right=1:-7.13@91,85 dx=7.2 idx=0/11 dist=32/262 sel=1:-7.40@92,83 dx=7.7 idx=0/16 dist=32/260 edge=1:-7.30@92.0,80.5 dx=8.0 width=54.0 l=65,80 r=119,81
CxScan: raw_ref=80.0 edge=92.0,80.5 best_raw_x=100 best_err=-0.29 best_cxcy=91.7,119.6 scan=0:-32.0,10:-29.3,20:-26.5,30:-23.6,40:-20.6,50:-17.4,60:-14.1,70:-10.7,80:-7.3,90:-3.8,100:-0.3,110:3.2,120:6.7,130:10.1,140:13.5
ATGSeedDiag: seed=1@20,108/1@141,108 begin=7,108 block=5 clip=8
ATGLptDiag: best=23(88.4) imip=13/33 pass=11111 acc=23 ipm=65.6,63.9 inv=57.3,35.4 | 2(3.0) imip=0/12 pass=10111 acc=-1 ipm=111.4,112.1 inv=135.3,91.9
frame=98 line=1 track=1 cross=0 circle=1(CIRCLE_LEFT_BEGIN) round=0 yroad=0 ramp=0 road=7 speed=0 near=50/127 raw=128/105 sel=127/131 far=0/0 far_raw=0/0 l=1@22/0@-1 far_l=0@-1/0@-1 straight=0/1 far_straight=0/0 circle_cnt=0/0/0/0 lost=0/0 conf=90.7/6.2/0.0/0.0 dist=0 begin=383/0 m0=(84,119) ml=(91,86) md=33/1/164 cxcy=84.0,119.6 guide=0.00 atg=30.0/17.0/19.0 pure=-2.03/-1.62 yaw=0 cmd=153 actual=-153 signed=1 rps=3590/4010:2217/2251 duty=11/14 pwm=PWM2:11/PWM1:14 motor=2:11/1:14
ATGCorner: L=1@22/0@-1 Y=0@-1/0@-1 farL=0@-1/0@-1 Lxy=66.8,65.8:58.2,36.4/-1.0,-1.0:-1.0,-1.0 Yxy=-1.0,-1.0:-1.0,-1.0/-1.0,-1.0:-1.0,-1.0 farLxy=-1.0,-1.0:-1.0,-1.0/-1.0,-1.0:-1.0,-1.0 best=22:66.8,65.8:58.2,36.4:90.7:11111/1:110.6,114.4:137.5,98.3:6.2:10111 seed_src=lpt/none seed=0.0,0.0/0.0,0.0 far_start=70,0 far_raw=0/0 far_num=0/0 straight=0/1 far_straight=0/0 conf_deg=90.7/6.2/0.0/0.0
CrossDiag: type=CROSS_NONE track=1 half_lr=0/0 nearL=1@22/0@-1 nearNum=50/127 centerNum=50/127 farL=0@-1/0@-1 farNum=0/0 farRaw=0/0 lost=0/0 not_have=0 final=127/131 flags=0/0
LineErr: aim=33 cxcy=84.0,119.6 left=1:-7.21@91,86 dx=7.2 idx=0/14 dist=32/149 right=1:-6.90@91,85 dx=6.9 idx=0/11 dist=32/262 sel=1:-7.05@91,83 dx=7.4 idx=0/16 dist=32/260 edge=1:-7.75@92.5,80.5 dx=8.5 width=53.0 l=66,80 r=119,81
CxScan: raw_ref=80.0 edge=92.5,80.5 best_raw_x=100 best_err=-0.75 best_cxcy=91.7,119.6 scan=0:-32.3,10:-29.7,20:-26.9,30:-24.0,40:-21.0,50:-17.8,60:-14.6,70:-11.2,80:-7.8,90:-4.3,100:-0.7,110:2.8,120:6.3,130:9.7,140:13.1
ATGSeedDiag: seed=1@20,108/1@141,108 begin=7,108 block=5 clip=8
ATGLptDiag: best=22(90.7) imip=12/32 pass=11111 acc=22 ipm=66.8,65.8 inv=58.2,36.4 | 1(6.2) imip=0/11 pass=10111 acc=-1 ipm=110.6,114.4 inv=137.5,98.3
frame=100 line=1 track=1 cross=0 circle=1(CIRCLE_LEFT_BEGIN) round=0 yroad=0 ramp=0 road=7 speed=0 near=49/127 raw=126/105 sel=127/131 far=0/0 far_raw=0/0 l=1@21/0@-1 far_l=0@-1/0@-1 straight=0/1 far_straight=0/0 circle_cnt=0/0/0/0 lost=0/0 conf=88.6/6.1/0.0/0.0 dist=0 begin=395/0 m0=(84,119) ml=(91,85) md=34/1/162 cxcy=84.0,119.6 guide=0.00 atg=27.0/16.0/18.0 pure=-1.95/-1.57 yaw=0 cmd=100 actual=-100 signed=1 rps=3663/3937:2416/2249 duty=11/14 pwm=PWM2:11/PWM1:14 motor=2:11/1:14
ATGCorner: L=1@21/0@-1 Y=0@-1/0@-1 farL=0@-1/0@-1 Lxy=67.0,68.3:58.0,37.9/-1.0,-1.0:-1.0,-1.0 Yxy=-1.0,-1.0:-1.0,-1.0/-1.0,-1.0:-1.0,-1.0 farLxy=-1.0,-1.0:-1.0,-1.0/-1.0,-1.0:-1.0,-1.0 best=21:67.0,68.3:58.0,37.9:88.6:11111/1:110.5,114.3:137.3,98.3:6.1:10111 seed_src=lpt/none seed=0.0,0.0/0.0,0.0 far_start=70,0 far_raw=0/0 far_num=0/0 straight=0/1 far_straight=0/0 conf_deg=88.6/6.1/0.0/0.0
CrossDiag: type=CROSS_NONE track=1 half_lr=0/0 nearL=1@21/0@-1 nearNum=49/127 centerNum=49/127 farL=0@-1/0@-1 farNum=0/0 farRaw=0/0 lost=0/0 not_have=0 final=127/131 flags=0/0
LineErr: aim=33 cxcy=84.0,119.6 left=1:-7.46@92,84 dx=7.7 idx=1/14 dist=33/145 right=1:-6.51@91,86 dx=6.5 idx=0/11 dist=32/262 sel=1:-6.74@91,83 dx=7.0 idx=0/16 dist=32/260 edge=1:-7.51@92.5,78.5 dx=8.5 width=51.1 l=67,77 r=118,80
CxScan: raw_ref=80.0 edge=92.5,78.5 best_raw_x=100 best_err=-0.72 best_cxcy=91.7,119.6 scan=0:-31.5,10:-28.9,20:-26.2,30:-23.3,40:-20.4,50:-17.3,60:-14.1,70:-10.8,80:-7.5,90:-4.1,100:-0.7,110:2.7,120:6.1,130:9.4,140:12.7
ATGSeedDiag: seed=1@20,108/1@141,108 begin=7,108 block=5 clip=8
ATGLptDiag: best=21(88.6) imip=11/31 pass=11111 acc=21 ipm=67.0,68.3 inv=58.0,37.9 | 1(6.1) imip=0/11 pass=10111 acc=-1 ipm=110.5,114.3 inv=137.3,98.3
frame=101 line=1 track=1 cross=0 circle=1(CIRCLE_LEFT_BEGIN) round=0 yroad=0 ramp=0 road=7 speed=0 near=48/127 raw=126/105 sel=127/131 far=0/0 far_raw=0/0 l=1@21/0@-1 far_l=0@-1/0@-1 straight=0/1 far_straight=0/0 circle_cnt=0/0/0/0 lost=0/0 conf=90.4/3.5/0.0/0.0 dist=0 begin=401/0 m0=(84,119) ml=(91,86) md=33/1/161 cxcy=84.0,119.6 guide=0.00 atg=27.0/17.0/19.0 pure=-1.97/-1.61 yaw=0 cmd=115 actual=-115 signed=1 rps=3643/3957:2334/2060 duty=11/14 pwm=PWM2:11/PWM1:14 motor=2:11/1:14
ATGCorner: L=1@21/0@-1 Y=0@-1/0@-1 farL=0@-1/0@-1 Lxy=66.9,68.3:57.9,37.8/-1.0,-1.0:-1.0,-1.0 Yxy=-1.0,-1.0:-1.0,-1.0/-1.0,-1.0:-1.0,-1.0 farLxy=-1.0,-1.0:-1.0,-1.0/-1.0,-1.0:-1.0,-1.0 best=21:66.9,68.3:57.9,37.8:90.4:11111/52:141.1,0.0:103.0,16.1:3.5:10101 seed_src=lpt/none seed=0.0,0.0/0.0,0.0 far_start=70,0 far_raw=0/0 far_num=0/0 straight=0/1 far_straight=0/0 conf_deg=90.4/3.5/0.0/0.0
CrossDiag: type=CROSS_NONE track=1 half_lr=0/0 nearL=1@21/0@-1 nearNum=48/127 centerNum=48/127 farL=0@-1/0@-1 farNum=0/0 farRaw=0/0 lost=0/0 not_have=0 final=127/131 flags=0/0
LineErr: aim=33 cxcy=84.0,119.6 left=1:-7.78@92,84 dx=8.1 idx=1/14 dist=34/145 right=1:-6.81@91,86 dx=6.8 idx=0/11 dist=32/262 sel=1:-7.04@91,83 dx=7.3 idx=0/16 dist=32/260 edge=1:-8.14@93.0,80.0 dx=9.0 width=52.0 l=67,80 r=119,80
CxScan: raw_ref=80.0 edge=93.0,80.0 best_raw_x=105 best_err=0.55 best_cxcy=93.6,119.6 scan=0:-32.4,10:-29.8,20:-27.1,30:-24.2,40:-21.2,50:-18.1,60:-14.9,70:-11.5,80:-8.1,90:-4.7,100:-1.2,110:2.3,120:5.8,130:9.2,140:12.5
ATGSeedDiag: seed=1@21,108/1@141,108 begin=7,108 block=5 clip=8
ATGLptDiag: best=21(90.4) imip=11/31 pass=11111 acc=21 ipm=66.9,68.3 inv=57.9,37.8 | 52(3.5) imip=42/62 pass=10101 acc=-1 ipm=141.1,0.0 inv=103.0,16.1
frame=102 line=1 track=1 cross=0 circle=1(CIRCLE_LEFT_BEGIN) round=0 yroad=0 ramp=0 road=7 speed=0 near=48/127 raw=126/105 sel=127/130 far=0/0 far_raw=0/0 l=1@21/0@-1 far_l=0@-1/0@-1 straight=0/1 far_straight=0/0 circle_cnt=0/0/0/0 lost=0/0 conf=90.5/3.8/0.0/0.0 dist=0 begin=407/0 m0=(84,119) ml=(91,86) md=33/1/160 cxcy=84.0,119.6 guide=0.00 atg=30.0/17.0/20.0 pure=-2.06/-1.64 yaw=0 cmd=138 actual=-138 signed=1 rps=3611/3989:2388/2098 duty=11/15 pwm=PWM2:11/PWM1:15 motor=2:11/1:15
ATGCorner: L=1@21/0@-1 Y=0@-1/0@-1 farL=0@-1/0@-1 Lxy=66.9,68.3:57.9,37.8/-1.0,-1.0:-1.0,-1.0 Yxy=-1.0,-1.0:-1.0,-1.0/-1.0,-1.0:-1.0,-1.0 farLxy=-1.0,-1.0:-1.0,-1.0/-1.0,-1.0:-1.0,-1.0 best=21:66.9,68.3:57.9,37.8:90.5:11111/2:111.5,112.1:135.6,91.9:3.8:10111 seed_src=lpt/none seed=0.0,0.0/0.0,0.0 far_start=70,0 far_raw=0/0 far_num=0/0 straight=0/1 far_straight=0/0 conf_deg=90.5/3.8/0.0/0.0
CrossDiag: type=CROSS_NONE track=1 half_lr=0/0 nearL=1@21/0@-1 nearNum=48/127 centerNum=48/127 farL=0@-1/0@-1 farNum=0/0 farRaw=0/0 lost=0/0 not_have=0 final=127/130 flags=0/0
LineErr: aim=33 cxcy=84.0,119.6 left=1:-7.77@92,84 dx=8.1 idx=1/14 dist=34/145 right=1:-7.23@91,86 dx=7.3 idx=0/11 dist=32/262 sel=1:-7.40@92,83 dx=7.7 idx=0/16 dist=32/258 edge=1:-8.20@93.0,80.5 dx=9.0 width=52.0 l=67,80 r=119,81
CxScan: raw_ref=80.0 edge=93.0,80.5 best_raw_x=105 best_err=0.55 best_cxcy=93.6,119.6 scan=0:-32.6,10:-30.0,20:-27.3,30:-24.4,40:-21.4,50:-18.2,60:-15.0,70:-11.6,80:-8.2,90:-4.7,100:-1.2,110:2.3,120:5.8,130:9.3,140:12.6
ATGSeedDiag: seed=1@21,108/1@142,108 begin=7,108 block=5 clip=8
ATGLptDiag: best=21(90.5) imip=11/31 pass=11111 acc=21 ipm=66.9,68.3 inv=57.9,37.8 | 2(3.8) imip=0/12 pass=10111 acc=-1 ipm=111.5,112.1 inv=135.6,91.9
frame=103 line=1 track=1 cross=0 circle=1(CIRCLE_LEFT_BEGIN) round=0 yroad=0 ramp=0 road=7 speed=0 near=49/128 raw=127/105 sel=128/131 far=0/0 far_raw=0/0 l=1@22/0@-1 far_l=0@-1/0@-1 straight=0/1 far_straight=0/0 circle_cnt=0/0/0/0 lost=0/0 conf=89.9/3.5/0.0/0.0 dist=0 begin=413/0 m0=(84,119) ml=(92,86) md=33/1/162 cxcy=84.0,119.6 guide=0.00 atg=34.0/19.0/21.0 pure=-2.16/-1.72 yaw=0 cmd=148 actual=-148 signed=1 rps=3598/4002:2306/2080 duty=11/15 pwm=PWM2:11/PWM1:15 motor=2:11/1:15
ATGCorner: L=1@22/0@-1 Y=0@-1/0@-1 farL=0@-1/0@-1 Lxy=66.4,66.2:57.8,36.6/-1.0,-1.0:-1.0,-1.0 Yxy=-1.0,-1.0:-1.0,-1.0/-1.0,-1.0:-1.0,-1.0 farLxy=-1.0,-1.0:-1.0,-1.0/-1.0,-1.0:-1.0,-1.0 best=22:66.4,66.2:57.8,36.6:89.9:11111/60:148.8,-17.2:103.3,13.4:3.5:10101 seed_src=lpt/none seed=0.0,0.0/0.0,0.0 far_start=70,0 far_raw=0/0 far_num=0/0 straight=0/1 far_straight=0/0 conf_deg=89.9/3.5/0.0/0.0
CrossDiag: type=CROSS_NONE track=1 half_lr=0/0 nearL=1@22/0@-1 nearNum=49/128 centerNum=49/128 farL=0@-1/0@-1 farNum=0/0 farRaw=0/0 lost=0/0 not_have=0 final=128/131 flags=0/0
LineErr: aim=33 cxcy=84.0,119.6 left=1:-7.81@92,85 dx=8.0 idx=1/14 dist=32/146 right=1:-7.66@92,85 dx=7.7 idx=0/11 dist=32/264 sel=1:-7.85@92,83 dx=8.2 idx=0/16 dist=32/260 edge=1:-8.65@93.5,80.5 dx=9.5 width=53.0 l=67,80 r=120,81
CxScan: raw_ref=80.0 edge=93.5,80.5 best_raw_x=105 best_err=0.10 best_cxcy=93.6,119.6 scan=0:-33.0,10:-30.4,20:-27.6,30:-24.8,40:-21.8,50:-18.7,60:-15.4,70:-12.1,80:-8.7,90:-5.2,100:-1.7,110:1.9,120:5.4,130:8.8,140:12.2
ATGSeedDiag: seed=1@21,108/1@142,108 begin=7,108 block=5 clip=8
ATGLptDiag: best=22(89.9) imip=12/32 pass=11111 acc=22 ipm=66.4,66.2 inv=57.8,36.6 | 60(3.5) imip=50/70 pass=10101 acc=-1 ipm=148.8,-17.2 inv=103.3,13.4
frame=104 line=1 track=1 cross=0 circle=1(CIRCLE_LEFT_BEGIN) round=0 yroad=0 ramp=0 road=7 speed=0 near=49/128 raw=127/105 sel=128/132 far=0/0 far_raw=0/0 l=1@22/0@-1 far_l=0@-1/0@-1 straight=0/1 far_straight=0/0 circle_cnt=0/0/0/0 lost=0/0 conf=89.2/4.1/0.0/0.0 dist=0 begin=419/0 m0=(84,119) ml=(92,86) md=33/1/161 cxcy=84.0,119.6 guide=0.00 atg=38.0/20.0/23.0 pure=-2.26/-1.75 yaw=0 cmd=143 actual=-143 signed=1 rps=3605/3995:2404/2245 duty=11/14 pwm=PWM2:11/PWM1:14 motor=2:11/1:14
ATGCorner: L=1@22/0@-1 Y=0@-1/0@-1 farL=0@-1/0@-1 Lxy=66.4,66.2:57.8,36.6/-1.0,-1.0:-1.0,-1.0 Yxy=-1.0,-1.0:-1.0,-1.0/-1.0,-1.0:-1.0,-1.0 farLxy=-1.0,-1.0:-1.0,-1.0/-1.0,-1.0:-1.0,-1.0 best=22:66.4,66.2:57.8,36.6:89.2:11111/2:112.1,112.2:136.8,92.0:4.1:10111 seed_src=lpt/none seed=0.0,0.0/0.0,0.0 far_start=70,0 far_raw=0/0 far_num=0/0 straight=0/1 far_straight=0/0 conf_deg=89.2/4.1/0.0/0.0
CrossDiag: type=CROSS_NONE track=1 half_lr=0/0 nearL=1@22/0@-1 nearNum=49/128 centerNum=49/128 farL=0@-1/0@-1 farNum=0/0 farRaw=0/0 lost=0/0 not_have=0 final=128/132 flags=0/0
LineErr: aim=33 cxcy=84.0,119.6 left=1:-7.62@92,85 dx=7.8 idx=1/14 dist=32/144 right=1:-8.04@92,85 dx=8.1 idx=0/11 dist=32/264 sel=1:-8.27@93,83 dx=8.6 idx=0/16 dist=32/262 edge=1:-8.65@93.5,80.5 dx=9.5 width=53.0 l=67,80 r=120,81
CxScan: raw_ref=80.0 edge=93.5,80.5 best_raw_x=105 best_err=0.10 best_cxcy=93.6,119.6 scan=0:-33.0,10:-30.4,20:-27.6,30:-24.8,40:-21.8,50:-18.7,60:-15.4,70:-12.1,80:-8.7,90:-5.2,100:-1.7,110:1.9,120:5.4,130:8.8,140:12.2
ATGSeedDiag: seed=1@21,108/1@143,108 begin=7,108 block=5 clip=8
ATGLptDiag: best=22(89.2) imip=12/32 pass=11111 acc=22 ipm=66.4,66.2 inv=57.8,36.6 | 2(4.1) imip=0/12 pass=10111 acc=-1 ipm=112.1,112.2 inv=136.8,92.0
frame=105 line=1 track=1 cross=0 circle=1(CIRCLE_LEFT_BEGIN) round=0 yroad=0 ramp=0 road=7 speed=0 near=49/128 raw=127/105 sel=128/132 far=0/0 far_raw=0/0 l=1@22/0@-1 far_l=0@-1/0@-1 straight=0/1 far_straight=0/0 circle_cnt=0/0/0/0 lost=0/0 conf=89.8/5.1/0.0/0.0 dist=0 begin=425/0 m0=(84,119) ml=(92,86) md=33/1/161 cxcy=84.0,119.6 guide=0.00 atg=39.0/20.0/23.0 pure=-2.29/-1.75 yaw=0 cmd=111 actual=-111 signed=1 rps=3648/3952:2438/2359 duty=11/14 pwm=PWM2:11/PWM1:14 motor=2:11/1:14
ATGCorner: L=1@22/0@-1 Y=0@-1/0@-1 farL=0@-1/0@-1 Lxy=66.4,66.1:57.7,36.6/-1.0,-1.0:-1.0,-1.0 Yxy=-1.0,-1.0:-1.0,-1.0/-1.0,-1.0:-1.0,-1.0 farLxy=-1.0,-1.0:-1.0,-1.0/-1.0,-1.0:-1.0,-1.0 best=22:66.4,66.1:57.7,36.6:89.8:11111/1:111.4,114.4:139.3,98.4:5.1:10111 seed_src=lpt/none seed=0.0,0.0/0.0,0.0 far_start=70,0 far_raw=0/0 far_num=0/0 straight=0/1 far_straight=0/0 conf_deg=89.8/5.1/0.0/0.0
CrossDiag: type=CROSS_NONE track=1 half_lr=0/0 nearL=1@22/0@-1 nearNum=49/128 centerNum=49/128 farL=0@-1/0@-1 farNum=0/0 farRaw=0/0 lost=0/0 not_have=0 final=128/132 flags=0/0
LineErr: aim=33 cxcy=84.0,119.6 left=1:-7.80@92,85 dx=8.0 idx=1/14 dist=32/145 right=1:-8.31@92,85 dx=8.4 idx=0/11 dist=33/265 sel=1:-8.48@93,84 dx=8.8 idx=0/16 dist=32/262 edge=1:-9.10@94.0,80.5 dx=10.0 width=54.0 l=67,80 r=121,81
CxScan: raw_ref=80.0 edge=94.0,80.5 best_raw_x=105 best_err=-0.36 best_cxcy=93.6,119.6 scan=0:-33.3,10:-30.7,20:-28.0,30:-25.2,40:-22.2,50:-19.1,60:-15.8,70:-12.5,80:-9.1,90:-5.6,100:-2.1,110:1.4,120:4.9,130:8.4,140:11.8
ATGSeedDiag: seed=1@21,108/1@143,108 begin=7,108 block=5 clip=8
ATGLptDiag: best=22(89.8) imip=12/32 pass=11111 acc=22 ipm=66.4,66.1 inv=57.7,36.6 | 1(5.1) imip=0/11 pass=10111 acc=-1 ipm=111.4,114.4 inv=139.3,98.4
frame=106 line=1 track=1 cross=0 circle=1(CIRCLE_LEFT_BEGIN) round=0 yroad=0 ramp=0 road=7 speed=0 near=49/128 raw=126/105 sel=128/132 far=0/0 far_raw=0/0 l=1@22/0@-1 far_l=0@-1/0@-1 straight=0/1 far_straight=0/0 circle_cnt=0/0/0/0 lost=0/0 conf=84.9/5.8/0.0/0.0 dist=0 begin=432/0 m0=(84,119) ml=(92,86) md=33/1/161 cxcy=84.0,119.6 guide=0.00 atg=38.0/20.0/23.0 pure=-2.26/-1.75 yaw=0 cmd=77 actual=-77 signed=1 rps=3694/3906:2358/2292 duty=11/14 pwm=PWM2:11/PWM1:14 motor=2:11/1:14
ATGCorner: L=1@22/0@-1 Y=0@-1/0@-1 farL=0@-1/0@-1 Lxy=65.3,66.7:56.5,36.9/-1.0,-1.0:-1.0,-1.0 Yxy=-1.0,-1.0:-1.0,-1.0/-1.0,-1.0:-1.0,-1.0 farLxy=-1.0,-1.0:-1.0,-1.0/-1.0,-1.0:-1.0,-1.0 best=22:65.3,66.7:56.5,36.9:84.9:11111/1:111.4,114.4:139.3,98.4:5.8:10111 seed_src=lpt/none seed=0.0,0.0/0.0,0.0 far_start=70,0 far_raw=0/0 far_num=0/0 straight=0/1 far_straight=0/0 conf_deg=84.9/5.8/0.0/0.0
CrossDiag: type=CROSS_NONE track=1 half_lr=0/0 nearL=1@22/0@-1 nearNum=49/128 centerNum=49/128 farL=0@-1/0@-1 farNum=0/0 farRaw=0/0 lost=0/0 not_have=0 final=128/132 flags=0/0
LineErr: aim=33 cxcy=84.0,119.6 left=1:-7.79@92,84 dx=8.1 idx=1/14 dist=34/147 right=1:-8.04@92,85 dx=8.1 idx=0/11 dist=32/264 sel=1:-8.27@93,83 dx=8.6 idx=0/16 dist=32/262 edge=1:-8.65@93.5,80.5 dx=9.5 width=53.0 l=67,80 r=120,81
CxScan: raw_ref=80.0 edge=93.5,80.5 best_raw_x=105 best_err=0.10 best_cxcy=93.6,119.6 scan=0:-33.0,10:-30.4,20:-27.6,30:-24.8,40:-21.8,50:-18.7,60:-15.4,70:-12.1,80:-8.7,90:-5.2,100:-1.7,110:1.9,120:5.4,130:8.8,140:12.2
ATGSeedDiag: seed=1@21,108/1@143,108 begin=7,108 block=5 clip=8
ATGLptDiag: best=22(84.9) imip=12/32 pass=11111 acc=22 ipm=65.3,66.7 inv=56.5,36.9 | 1(5.8) imip=0/11 pass=10111 acc=-1 ipm=111.4,114.4 inv=139.3,98.4
frame=107 line=1 track=1 cross=0 circle=1(CIRCLE_LEFT_BEGIN) round=0 yroad=0 ramp=0 road=7 speed=0 near=48/128 raw=126/105 sel=128/132 far=0/0 far_raw=0/0 l=1@21/0@-1 far_l=0@-1/0@-1 straight=0/1 far_straight=0/0 circle_cnt=0/0/0/0 lost=0/0 conf=89.8/3.6/0.0/0.0 dist=0 begin=438/0 m0=(84,119) ml=(92,86) md=33/1/161 cxcy=84.0,119.6 guide=0.00 atg=35.0/20.0/22.0 pure=-2.23/-1.73 yaw=0 cmd=54 actual=-54 signed=1 rps=3726/3874:2430/2366 duty=11/14 pwm=PWM2:11/PWM1:14 motor=2:11/1:14
ATGCorner: L=1@21/0@-1 Y=0@-1/0@-1 farL=0@-1/0@-1 Lxy=67.1,68.4:58.0,37.9/-1.0,-1.0:-1.0,-1.0 Yxy=-1.0,-1.0:-1.0,-1.0/-1.0,-1.0:-1.0,-1.0 farLxy=-1.0,-1.0:-1.0,-1.0/-1.0,-1.0:-1.0,-1.0 best=21:67.1,68.4:58.0,37.9:89.8:11111/2:112.0,112.1:136.6,92.0:3.6:10111 seed_src=lpt/none seed=0.0,0.0/0.0,0.0 far_start=70,0 far_raw=0/0 far_num=0/0 straight=0/1 far_straight=0/0 conf_deg=89.8/3.6/0.0/0.0
CrossDiag: type=CROSS_NONE track=1 half_lr=0/0 nearL=1@21/0@-1 nearNum=48/128 centerNum=48/128 farL=0@-1/0@-1 farNum=0/0 farRaw=0/0 lost=0/0 not_have=0 final=128/132 flags=0/0
LineErr: aim=33 cxcy=84.0,119.6 left=1:-7.82@92,84 dx=8.1 idx=1/14 dist=34/142 right=1:-7.98@92,85 dx=8.1 idx=0/11 dist=32/264 sel=1:-8.13@92,83 dx=8.5 idx=0/16 dist=32/262 edge=1:-8.89@94.0,79.0 dx=10.0 width=52.2 l=68,77 r=120,81
CxScan: raw_ref=80.0 edge=94.0,79.0 best_raw_x=105 best_err=-0.36 best_cxcy=93.6,119.6 scan=0:-32.7,10:-30.1,20:-27.4,30:-24.6,40:-21.7,50:-18.6,60:-15.5,70:-12.2,80:-8.9,90:-5.5,100:-2.1,110:1.4,120:4.8,130:8.2,140:11.5
ATGSeedDiag: seed=1@21,108/1@143,108 begin=7,108 block=5 clip=8
ATGLptDiag: best=21(89.8) imip=11/31 pass=11111 acc=21 ipm=67.1,68.4 inv=58.0,37.9 | 2(3.6) imip=0/12 pass=10111 acc=-1 ipm=112.0,112.1 inv=136.6,92.0
frame=108 line=1 track=1 cross=0 circle=1(CIRCLE_LEFT_BEGIN) round=0 yroad=0 ramp=0 road=7 speed=0 near=48/127 raw=127/104 sel=127/131 far=0/0 far_raw=0/0 l=1@21/0@-1 far_l=0@-1/0@-1 straight=0/1 far_straight=0/0 circle_cnt=0/0/0/0 lost=0/0 conf=93.4/6.7/0.0/0.0 dist=0 begin=444/0 m0=(84,119) ml=(92,86) md=33/1/161 cxcy=84.0,119.6 guide=0.00 atg=34.0/19.0/22.0 pure=-2.17/-1.71 yaw=0 cmd=59 actual=-59 signed=1 rps=3719/3881:2341/2255 duty=11/14 pwm=PWM2:11/PWM1:14 motor=2:11/1:14
ATGCorner: L=1@21/0@-1 Y=0@-1/0@-1 farL=0@-1/0@-1 Lxy=67.7,68.4:58.6,37.9/-1.0,-1.0:-1.0,-1.0 Yxy=-1.0,-1.0:-1.0,-1.0/-1.0,-1.0:-1.0,-1.0 farLxy=-1.0,-1.0:-1.0,-1.0/-1.0,-1.0:-1.0,-1.0 best=21:67.7,68.4:58.6,37.9:93.4:11111/1:111.3,114.1:138.6,97.5:6.7:10111 seed_src=lpt/none seed=0.0,0.0/0.0,0.0 far_start=70,0 far_raw=0/0 far_num=0/0 straight=0/1 far_straight=0/0 conf_deg=93.4/6.7/0.0/0.0
CrossDiag: type=CROSS_NONE track=1 half_lr=0/0 nearL=1@21/0@-1 nearNum=48/127 centerNum=48/127 farL=0@-1/0@-1 farNum=0/0 farRaw=0/0 lost=0/0 not_have=0 final=127/131 flags=0/0
LineErr: aim=33 cxcy=84.0,119.6 left=1:-8.20@93,84 dx=8.5 idx=1/14 dist=33/143 right=1:-7.67@92,85 dx=7.8 idx=0/11 dist=32/262 sel=1:-7.85@92,83 dx=8.2 idx=0/16 dist=32/260 edge=1:-8.82@94.0,78.5 dx=10.0 width=52.1 l=68,77 r=120,80
CxScan: raw_ref=80.0 edge=94.0,78.5 best_raw_x=105 best_err=-0.35 best_cxcy=93.6,119.6 scan=0:-32.4,10:-29.9,20:-27.3,30:-24.5,40:-21.5,50:-18.5,60:-15.4,70:-12.1,80:-8.8,90:-5.5,100:-2.1,110:1.4,120:4.7,130:8.1,140:11.4
ATGSeedDiag: seed=1@21,108/1@142,107 begin=7,108 block=5 clip=8
ATGLptDiag: best=21(93.4) imip=11/31 pass=11111 acc=21 ipm=67.7,68.4 inv=58.6,37.9 | 1(6.7) imip=0/11 pass=10111 acc=-1 ipm=111.3,114.1 inv=138.6,97.5
frame=109 line=1 track=1 cross=0 circle=1(CIRCLE_LEFT_BEGIN) round=0 yroad=0 ramp=0 road=7 speed=0 near=47/127 raw=126/104 sel=127/131 far=0/0 far_raw=0/0 l=1@20/0@-1 far_l=0@-1/0@-1 straight=0/1 far_straight=0/0 circle_cnt=0/0/0/0 lost=0/0 conf=94.3/3.6/0.0/0.0 dist=0 begin=450/0 m0=(84,119) ml=(92,86) md=33/1/161 cxcy=84.0,119.6 guide=0.00 atg=34.0/19.0/21.0 pure=-2.16/-1.71 yaw=0 cmd=79 actual=-79 signed=1 rps=3692/3908:2437/2287 duty=11/14 pwm=PWM2:11/PWM1:14 motor=2:11/1:14
ATGCorner: L=1@20/0@-1 Y=0@-1/0@-1 farL=0@-1/0@-1 Lxy=68.4,70.6:58.9,39.2/-1.0,-1.0:-1.0,-1.0 Yxy=-1.0,-1.0:-1.0,-1.0/-1.0,-1.0:-1.0,-1.0 farLxy=-1.0,-1.0:-1.0,-1.0/-1.0,-1.0:-1.0,-1.0 best=20:68.4,70.6:58.9,39.2:94.3:11111/51:142.7,2.4:104.3,16.5:3.6:10101 seed_src=lpt/none seed=0.0,0.0/0.0,0.0 far_start=70,0 far_raw=0/0 far_num=0/0 straight=0/1 far_straight=0/0 conf_deg=94.3/3.6/0.0/0.0
CrossDiag: type=CROSS_NONE track=1 half_lr=0/0 nearL=1@20/0@-1 nearNum=47/127 centerNum=47/127 farL=0@-1/0@-1 farNum=0/0 farRaw=0/0 lost=0/0 not_have=0 final=127/131 flags=0/0
LineErr: aim=33 cxcy=84.0,119.6 left=1:-8.15@93,83 dx=8.6 idx=1/14 dist=34/142 right=1:-7.66@92,85 dx=7.8 idx=0/11 dist=32/262 sel=1:-7.85@92,83 dx=8.2 idx=0/16 dist=32/260 edge=1:-9.03@94.0,80.0 dx=10.0 width=52.0 l=68,80 r=120,80
CxScan: raw_ref=80.0 edge=94.0,80.0 best_raw_x=105 best_err=-0.36 best_cxcy=93.6,119.6 scan=0:-33.1,10:-30.5,20:-27.8,30:-25.0,40:-22.0,50:-18.9,60:-15.7,70:-12.4,80:-9.0,90:-5.6,100:-2.1,110:1.4,120:4.9,130:8.3,140:11.7
ATGSeedDiag: seed=1@22,108/1@142,107 begin=7,108 block=5 clip=8
ATGLptDiag: best=20(94.3) imip=10/30 pass=11111 acc=20 ipm=68.4,70.6 inv=58.9,39.2 | 51(3.6) imip=41/61 pass=10101 acc=-1 ipm=142.7,2.4 inv=104.3,16.5
frame=110 line=1 track=1 cross=0 circle=1(CIRCLE_LEFT_BEGIN) round=0 yroad=0 ramp=0 road=7 speed=0 near=47/128 raw=126/105 sel=128/131 far=0/0 far_raw=0/0 l=1@20/0@-1 far_l=0@-1/0@-1 straight=0/1 far_straight=0/0 circle_cnt=0/0/0/0 lost=0/0 conf=93.6/4.0/0.0/0.0 dist=0 begin=456/0 m0=(84,119) ml=(92,86) md=33/1/161 cxcy=84.0,119.6 guide=0.00 atg=34.0/19.0/22.0 pure=-2.18/-1.72 yaw=0 cmd=106 actual=-106 signed=1 rps=3655/3945:2317/2134 duty=11/14 pwm=PWM2:11/PWM1:14 motor=2:11/1:14
ATGCorner: L=1@20/0@-1 Y=0@-1/0@-1 farL=0@-1/0@-1 Lxy=68.4,70.6:58.9,39.2/-1.0,-1.0:-1.0,-1.0 Yxy=-1.0,-1.0:-1.0,-1.0/-1.0,-1.0:-1.0,-1.0 farLxy=-1.0,-1.0:-1.0,-1.0/-1.0,-1.0:-1.0,-1.0 best=20:68.4,70.6:58.9,39.2:93.6:11111/1:111.3,114.3:139.1,98.3:4.0:10111 seed_src=lpt/none seed=0.0,0.0/0.0,0.0 far_start=70,0 far_raw=0/0 far_num=0/0 straight=0/1 far_straight=0/0 conf_deg=93.6/4.0/0.0/0.0
CrossDiag: type=CROSS_NONE track=1 half_lr=0/0 nearL=1@20/0@-1 nearNum=47/128 centerNum=47/128 farL=0@-1/0@-1 farNum=0/0 farRaw=0/0 lost=0/0 not_have=0 final=128/131 flags=0/0
LineErr: aim=33 cxcy=84.0,119.6 left=1:-8.41@93,83 dx=8.9 idx=1/14 dist=34/140 right=1:-7.87@92,85 dx=7.9 idx=0/11 dist=32/264 sel=1:-8.10@92,83 dx=8.4 idx=0/16 dist=32/260 edge=1:-9.10@94.0,80.5 dx=10.0 width=52.0 l=68,80 r=120,81
CxScan: raw_ref=80.0 edge=94.0,80.5 best_raw_x=105 best_err=-0.36 best_cxcy=93.6,119.6 scan=0:-33.3,10:-30.7,20:-28.0,30:-25.2,40:-22.2,50:-19.1,60:-15.8,70:-12.5,80:-9.1,90:-5.6,100:-2.1,110:1.4,120:4.9,130:8.4,140:11.8
ATGSeedDiag: seed=1@22,108/1@143,108 begin=7,108 block=5 clip=8
ATGLptDiag: best=20(93.6) imip=10/30 pass=11111 acc=20 ipm=68.4,70.6 inv=58.9,39.2 | 1(4.0) imip=0/11 pass=10111 acc=-1 ipm=111.3,114.3 inv=139.1,98.3
frame=111 line=1 track=1 cross=0 circle=1(CIRCLE_LEFT_BEGIN) round=0 yroad=0 ramp=0 road=7 speed=0 near=47/128 raw=126/105 sel=128/132 far=0/0 far_raw=0/0 l=1@20/0@-1 far_l=0@-1/0@-1 straight=0/1 far_straight=0/0 circle_cnt=0/0/0/0 lost=0/0 conf=93.9/4.5/0.0/0.0 dist=0 begin=462/0 m0=(84,119) ml=(92,86) md=33/1/161 cxcy=84.0,119.6 guide=0.00 atg=38.0/21.0/23.0 pure=-2.27/-1.76 yaw=0 cmd=131 actual=-131 signed=1 rps=3620/3980:2395/2181 duty=11/14 pwm=PWM2:11/PWM1:14 motor=2:11/1:14
ATGCorner: L=1@20/0@-1 Y=0@-1/0@-1 farL=0@-1/0@-1 Lxy=68.3,70.6:58.9,39.2/-1.0,-1.0:-1.0,-1.0 Yxy=-1.0,-1.0:-1.0,-1.0/-1.0,-1.0:-1.0,-1.0 farLxy=-1.0,-1.0:-1.0,-1.0/-1.0,-1.0:-1.0,-1.0 best=20:68.3,70.6:58.9,39.2:93.9:11111/55:146.4,-5.9:104.4,15.1:4.5:10101 seed_src=lpt/none seed=0.0,0.0/0.0,0.0 far_start=70,0 far_raw=0/0 far_num=0/0 straight=0/1 far_straight=0/0 conf_deg=93.9/4.5/0.0/0.0
CrossDiag: type=CROSS_NONE track=1 half_lr=0/0 nearL=1@20/0@-1 nearNum=47/128 centerNum=47/128 farL=0@-1/0@-1 farNum=0/0 farRaw=0/0 lost=0/0 not_have=0 final=128/132 flags=0/0
LineErr: aim=33 cxcy=84.0,119.6 left=1:-8.44@93,83 dx=8.9 idx=1/14 dist=34/139 right=1:-8.31@92,85 dx=8.4 idx=0/11 dist=32/264 sel=1:-8.47@93,84 dx=8.8 idx=0/16 dist=32/262 edge=1:-9.55@94.5,80.5 dx=10.5 width=53.0 l=68,80 r=121,81
CxScan: raw_ref=80.0 edge=94.5,80.5 best_raw_x=105 best_err=-0.82 best_cxcy=93.6,119.6 scan=0:-33.6,10:-31.0,20:-28.4,30:-25.5,40:-22.6,50:-19.5,60:-16.3,70:-13.0,80:-9.6,90:-6.1,100:-2.6,110:0.9,120:4.4,130:7.9,140:11.3
ATGSeedDiag: seed=1@22,108/1@143,108 begin=7,108 block=5 clip=8
ATGLptDiag: best=20(93.9) imip=10/30 pass=11111 acc=20 ipm=68.3,70.6 inv=58.9,39.2 | 55(4.5) imip=45/65 pass=10101 acc=-1 ipm=146.4,-5.9 inv=104.4,15.1
frame=112 line=1 track=1 cross=0 circle=1(CIRCLE_LEFT_BEGIN) round=0 yroad=0 ramp=0 road=7 speed=0 near=47/128 raw=126/105 sel=128/132 far=0/0 far_raw=0/0 l=1@20/0@-1 far_l=0@-1/0@-1 straight=0/1 far_straight=0/0 circle_cnt=0/0/0/0 lost=0/0 conf=95.3/3.6/0.0/0.0 dist=0 begin=468/0 m0=(84,119) ml=(93,86) md=33/1/160 cxcy=84.0,119.6 guide=0.00 atg=39.0/21.0/24.0 pure=-2.32/-1.80 yaw=0 cmd=151 actual=-151 signed=1 rps=3592/4008:2282/2067 duty=11/15 pwm=PWM2:11/PWM1:15 motor=2:11/1:15
ATGCorner: L=1@20/0@-1 Y=0@-1/0@-1 farL=0@-1/0@-1 Lxy=68.6,70.7:59.2,39.2/-1.0,-1.0:-1.0,-1.0 Yxy=-1.0,-1.0:-1.0,-1.0/-1.0,-1.0:-1.0,-1.0 farLxy=-1.0,-1.0:-1.0,-1.0/-1.0,-1.0:-1.0,-1.0 best=20:68.6,70.7:59.2,39.2:95.3:11111/3:113.2,109.9:135.4,86.4:3.6:10111 seed_src=lpt/none seed=0.0,0.0/0.0,0.0 far_start=70,0 far_raw=0/0 far_num=0/0 straight=0/1 far_straight=0/0 conf_deg=95.3/3.6/0.0/0.0
CrossDiag: type=CROSS_NONE track=1 half_lr=0/0 nearL=1@20/0@-1 nearNum=47/128 centerNum=47/128 farL=0@-1/0@-1 farNum=0/0 farRaw=0/0 lost=0/0 not_have=0 final=128/132 flags=0/0
LineErr: aim=33 cxcy=84.0,119.6 left=1:-8.45@93,83 dx=8.9 idx=1/14 dist=34/139 right=1:-8.71@93,85 dx=8.8 idx=0/11 dist=33/265 sel=1:-8.84@93,84 dx=9.2 idx=0/16 dist=32/262 edge=1:-9.40@94.5,79.5 dx=10.5 width=53.1 l=68,78 r=121,81
CxScan: raw_ref=80.0 edge=94.5,79.5 best_raw_x=105 best_err=-0.81 best_cxcy=93.6,119.6 scan=0:-33.2,10:-30.6,20:-28.0,30:-25.2,40:-22.2,50:-19.2,60:-16.0,70:-12.8,80:-9.4,90:-6.0,100:-2.5,110:0.9,120:4.4,130:7.8,140:11.1
ATGSeedDiag: seed=1@22,108/1@144,108 begin=7,108 block=5 clip=8
ATGLptDiag: best=20(95.3) imip=10/30 pass=11111 acc=20 ipm=68.6,70.7 inv=59.2,39.2 | 3(3.6) imip=0/13 pass=10111 acc=-1 ipm=113.2,109.9 inv=135.4,86.4
frame=113 line=1 track=1 cross=0 circle=1(CIRCLE_LEFT_BEGIN) round=0 yroad=0 ramp=0 road=7 speed=0 near=47/128 raw=126/105 sel=128/132 far=0/0 far_raw=0/0 l=1@20/0@-1 far_l=0@-1/0@-1 straight=0/1 far_straight=0/0 circle_cnt=0/0/0/0 lost=0/0 conf=94.4/3.5/0.0/0.0 dist=0 begin=474/0 m0=(84,119) ml=(93,86) md=33/1/159 cxcy=84.0,119.6 guide=0.00 atg=40.0/22.0/24.0 pure=-2.39/-1.83 yaw=0 cmd=145 actual=-145 signed=1 rps=3602/3998:2331/2132 duty=11/15 pwm=PWM2:11/PWM1:15 motor=2:11/1:15
ATGCorner: L=1@20/0@-1 Y=0@-1/0@-1 farL=0@-1/0@-1 Lxy=68.5,70.6:59.1,39.2/-1.0,-1.0:-1.0,-1.0 Yxy=-1.0,-1.0:-1.0,-1.0/-1.0,-1.0:-1.0,-1.0 farLxy=-1.0,-1.0:-1.0,-1.0/-1.0,-1.0:-1.0,-1.0 best=20:68.5,70.6:59.1,39.2:94.4:11111/55:147.8,-5.6:105.2,15.1:3.5:10101 seed_src=lpt/none seed=0.0,0.0/0.0,0.0 far_start=70,0 far_raw=0/0 far_num=0/0 straight=0/1 far_straight=0/0 conf_deg=94.4/3.5/0.0/0.0
CrossDiag: type=CROSS_NONE track=1 half_lr=0/0 nearL=1@20/0@-1 nearNum=47/128 centerNum=47/128 farL=0@-1/0@-1 farNum=0/0 farRaw=0/0 lost=0/0 not_have=0 final=128/132 flags=0/0
LineErr: aim=33 cxcy=84.0,119.6 left=1:-8.42@93,83 dx=8.9 idx=1/14 dist=34/142 right=1:-8.88@93,85 dx=9.0 idx=0/11 dist=33/265 sel=1:-9.08@93,84 dx=9.4 idx=0/16 dist=32/262 edge=1:-9.55@94.5,80.5 dx=10.5 width=53.0 l=68,80 r=121,81
CxScan: raw_ref=80.0 edge=94.5,80.5 best_raw_x=105 best_err=-0.82 best_cxcy=93.6,119.6 scan=0:-33.6,10:-31.0,20:-28.4,30:-25.5,40:-22.6,50:-19.5,60:-16.3,70:-13.0,80:-9.6,90:-6.1,100:-2.6,110:0.9,120:4.4,130:7.9,140:11.3
ATGSeedDiag: seed=1@23,108/1@144,108 begin=7,108 block=5 clip=8
ATGLptDiag: best=20(94.4) imip=10/30 pass=11111 acc=20 ipm=68.5,70.6 inv=59.1,39.2 | 55(3.5) imip=45/65 pass=10101 acc=-1 ipm=147.8,-5.6 inv=105.2,15.1
frame=114 line=1 track=1 cross=0 circle=1(CIRCLE_LEFT_BEGIN) round=0 yroad=0 ramp=0 road=7 speed=0 near=46/128 raw=125/105 sel=128/132 far=0/0 far_raw=0/0 l=1@20/0@-1 far_l=0@-1/0@-1 straight=0/1 far_straight=0/0 circle_cnt=0/0/0/0 lost=0/0 conf=92.3/3.4/0.0/0.0 dist=0 begin=480/0 m0=(84,119) ml=(93,86) md=33/1/159 cxcy=84.0,119.6 guide=0.00 atg=40.0/22.0/24.0 pure=-2.39/-1.85 yaw=0 cmd=122 actual=-122 signed=1 rps=3632/3968:2325/2210 duty=11/14 pwm=PWM2:11/PWM1:14 motor=2:11/1:14
ATGCorner: L=1@20/0@-1 Y=0@-1/0@-1 farL=0@-1/0@-1 Lxy=67.8,70.7:58.4,39.3/-1.0,-1.0:-1.0,-1.0 Yxy=-1.0,-1.0:-1.0,-1.0/-1.0,-1.0:-1.0,-1.0 farLxy=-1.0,-1.0:-1.0,-1.0/-1.0,-1.0:-1.0,-1.0 best=20:67.8,70.7:58.4,39.3:92.3:11111/55:147.8,-5.7:105.2,15.1:3.4:10101 seed_src=lpt/none seed=0.0,0.0/0.0,0.0 far_start=70,0 far_raw=0/0 far_num=0/0 straight=0/1 far_straight=0/0 conf_deg=92.3/3.4/0.0/0.0
CrossDiag: type=CROSS_NONE track=1 half_lr=0/0 nearL=1@20/0@-1 nearNum=46/128 centerNum=46/128 farL=0@-1/0@-1 farNum=0/0 farRaw=0/0 lost=0/0 not_have=0 final=128/132 flags=0/0
LineErr: aim=33 cxcy=84.0,119.6 left=1:-8.98@93,86 dx=9.0 idx=1/13 dist=32/141 right=1:-9.04@93,85 dx=9.2 idx=0/11 dist=33/265 sel=1:-9.18@94,84 dx=9.5 idx=0/16 dist=32/262 edge=1:-9.33@94.5,79.0 dx=10.5 width=53.2 l=68,77 r=121,81
CxScan: raw_ref=80.0 edge=94.5,79.0 best_raw_x=105 best_err=-0.80 best_cxcy=93.6,119.6 scan=0:-33.0,10:-30.4,20:-27.8,30:-25.0,40:-22.1,50:-19.0,60:-15.9,70:-12.7,80:-9.3,90:-5.9,100:-2.5,110:0.9,120:4.3,130:7.7,140:11.1
ATGSeedDiag: seed=1@23,108/1@144,108 begin=7,108 block=5 clip=8
ATGLptDiag: best=20(92.3) imip=10/30 pass=11111 acc=20 ipm=67.8,70.7 inv=58.4,39.3 | 55(3.4) imip=45/65 pass=10101 acc=-1 ipm=147.8,-5.7 inv=105.2,15.1
frame=116 line=1 track=1 cross=0 circle=1(CIRCLE_LEFT_BEGIN) round=0 yroad=0 ramp=0 road=7 speed=0 near=46/128 raw=125/105 sel=128/132 far=0/0 far_raw=0/0 l=1@20/0@-1 far_l=0@-1/0@-1 straight=0/1 far_straight=0/0 circle_cnt=0/0/0/0 lost=0/0 conf=91.3/7.0/0.0/0.0 dist=0 begin=492/0 m0=(84,119) ml=(93,86) md=33/1/159 cxcy=84.0,119.6 guide=0.00 atg=40.0/22.0/24.0 pure=-2.38/-1.82 yaw=0 cmd=64 actual=-64 signed=1 rps=3713/3887:2245/2258 duty=11/14 pwm=PWM2:11/PWM1:14 motor=2:11/1:14
ATGCorner: L=1@20/0@-1 Y=0@-1/0@-1 farL=0@-1/0@-1 Lxy=67.8,71.0:58.3,39.4/-1.0,-1.0:-1.0,-1.0 Yxy=-1.0,-1.0:-1.0,-1.0/-1.0,-1.0:-1.0,-1.0 farLxy=-1.0,-1.0:-1.0,-1.0/-1.0,-1.0:-1.0,-1.0 best=20:67.8,71.0:58.3,39.4:91.3:11111/1:111.9,114.4:140.6,98.4:7.0:10111 seed_src=lpt/none seed=0.0,0.0/0.0,0.0 far_start=70,0 far_raw=0/0 far_num=0/0 straight=0/1 far_straight=0/0 conf_deg=91.3/7.0/0.0/0.0
CrossDiag: type=CROSS_NONE track=1 half_lr=0/0 nearL=1@20/0@-1 nearNum=46/128 centerNum=46/128 farL=0@-1/0@-1 farNum=0/0 farRaw=0/0 lost=0/0 not_have=0 final=128/132 flags=0/0
LineErr: aim=33 cxcy=84.0,119.6 left=1:-9.03@93,86 dx=9.0 idx=1/13 dist=32/139 right=1:-8.76@93,85 dx=8.9 idx=0/11 dist=33/265 sel=1:-8.96@93,84 dx=9.3 idx=0/16 dist=32/262 edge=1:-9.55@94.5,80.5 dx=10.5 width=53.0 l=68,80 r=121,81
CxScan: raw_ref=80.0 edge=94.5,80.5 best_raw_x=105 best_err=-0.82 best_cxcy=93.6,119.6 scan=0:-33.6,10:-31.0,20:-28.4,30:-25.5,40:-22.6,50:-19.5,60:-16.3,70:-13.0,80:-9.6,90:-6.1,100:-2.6,110:0.9,120:4.4,130:7.9,140:11.3
ATGSeedDiag: seed=1@23,108/1@144,108 begin=7,108 block=5 clip=8
ATGLptDiag: best=20(91.3) imip=10/30 pass=11111 acc=20 ipm=67.8,71.0 inv=58.3,39.4 | 1(7.0) imip=0/11 pass=10111 acc=-1 ipm=111.9,114.4 inv=140.6,98.4
frame=117 line=1 track=1 cross=0 circle=1(CIRCLE_LEFT_BEGIN) round=0 yroad=0 ramp=0 road=7 speed=0 near=46/128 raw=125/105 sel=128/132 far=0/0 far_raw=0/0 l=1@19/0@-1 far_l=0@-1/0@-1 straight=0/1 far_straight=0/0 circle_cnt=0/0/0/0 lost=0/0 conf=95.5/7.0/0.0/0.0 dist=0 begin=498/0 m0=(84,119) ml=(93,86) md=33/1/159 cxcy=84.0,119.6 guide=0.00 atg=40.0/22.0/24.0 pure=-2.38/-1.82 yaw=0 cmd=60 actual=-60 signed=1 rps=3718/3882:2140/2146 duty=12/14 pwm=PWM2:12/PWM1:14 motor=2:12/1:14
ATGCorner: L=1@19/0@-1 Y=0@-1/0@-1 farL=0@-1/0@-1 Lxy=69.0,73.0:59.2,40.7/-1.0,-1.0:-1.0,-1.0 Yxy=-1.0,-1.0:-1.0,-1.0/-1.0,-1.0:-1.0,-1.0 farLxy=-1.0,-1.0:-1.0,-1.0/-1.0,-1.0:-1.0,-1.0 best=19:69.0,73.0:59.2,40.7:95.5:11111/1:111.9,114.4:140.6,98.4:7.0:10111 seed_src=lpt/none seed=0.0,0.0/0.0,0.0 far_start=70,0 far_raw=0/0 far_num=0/0 straight=0/1 far_straight=0/0 conf_deg=95.5/7.0/0.0/0.0
CrossDiag: type=CROSS_NONE track=1 half_lr=0/0 nearL=1@19/0@-1 nearNum=46/128 centerNum=46/128 farL=0@-1/0@-1 farNum=0/0 farRaw=0/0 lost=0/0 not_have=0 final=128/132 flags=0/0
LineErr: aim=33 cxcy=84.0,119.6 left=1:-8.93@93,86 dx=8.9 idx=1/13 dist=32/140 right=1:-8.75@93,85 dx=8.9 idx=0/11 dist=33/265 sel=1:-8.87@93,84 dx=9.2 idx=0/16 dist=32/262 edge=1:-9.55@94.5,80.5 dx=10.5 width=53.0 l=68,80 r=121,81
CxScan: raw_ref=80.0 edge=94.5,80.5 best_raw_x=105 best_err=-0.82 best_cxcy=93.6,119.6 scan=0:-33.6,10:-31.0,20:-28.4,30:-25.5,40:-22.6,50:-19.5,60:-16.3,70:-13.0,80:-9.6,90:-6.1,100:-2.6,110:0.9,120:4.4,130:7.9,140:11.3
ATGSeedDiag: seed=1@23,108/1@144,108 begin=7,108 block=5 clip=8
ATGLptDiag: best=19(95.5) imip=9/29 pass=11111 acc=19 ipm=69.0,73.0 inv=59.2,40.7 | 1(7.0) imip=0/11 pass=10111 acc=-1 ipm=111.9,114.4 inv=140.6,98.4
frame=119 line=1 track=1 cross=0 circle=1(CIRCLE_LEFT_BEGIN) round=0 yroad=0 ramp=0 road=7 speed=0 near=45/128 raw=124/105 sel=128/132 far=0/0 far_raw=0/0 l=1@20/0@-1 far_l=0@-1/0@-1 straight=0/1 far_straight=0/0 circle_cnt=0/0/0/0 lost=0/0 conf=87.1/3.5/0.0/0.0 dist=0 begin=510/0 m0=(84,119) ml=(93,86) md=33/1/159 cxcy=84.0,119.6 guide=0.00 atg=40.0/23.0/25.0 pure=-2.39/-1.86 yaw=0 cmd=85 actual=-85 signed=1 rps=3684/3916:2194/2196 duty=11/14 pwm=PWM2:11/PWM1:14 motor=2:11/1:14
ATGCorner: L=1@20/0@-1 Y=0@-1/0@-1 farL=0@-1/0@-1 Lxy=66.8,71.4:57.3,39.7/-1.0,-1.0:-1.0,-1.0 Yxy=-1.0,-1.0:-1.0,-1.0/-1.0,-1.0:-1.0,-1.0 farLxy=-1.0,-1.0:-1.0,-1.0/-1.0,-1.0:-1.0,-1.0 best=20:66.8,71.4:57.3,39.7:87.1:11111/53:146.6,-1.2:105.6,15.9:3.5:10101 seed_src=lpt/none seed=0.0,0.0/0.0,0.0 far_start=70,0 far_raw=0/0 far_num=0/0 straight=0/1 far_straight=0/0 conf_deg=87.1/3.5/0.0/0.0
CrossDiag: type=CROSS_NONE track=1 half_lr=0/0 nearL=1@20/0@-1 nearNum=45/128 centerNum=45/128 farL=0@-1/0@-1 farNum=0/0 farRaw=0/0 lost=0/0 not_have=0 final=128/132 flags=0/0
LineErr: aim=33 cxcy=84.0,119.6 left=1:-9.16@93,85 dx=9.3 idx=1/13 dist=33/140 right=1:-9.03@93,85 dx=9.2 idx=0/11 dist=33/265 sel=1:-9.17@94,84 dx=9.5 idx=0/16 dist=32/262 edge=1:-9.84@95.0,79.5 dx=11.0 width=52.1 l=69,78 r=121,81
CxScan: raw_ref=80.0 edge=95.0,79.5 best_raw_x=110 best_err=0.47 best_cxcy=95.5,119.6 scan=0:-33.5,10:-31.0,20:-28.3,30:-25.5,40:-22.6,50:-19.6,60:-16.4,70:-13.2,80:-9.8,90:-6.4,100:-3.0,110:0.5,120:3.9,130:7.3,140:10.7
ATGSeedDiag: seed=1@23,108/1@144,108 begin=7,108 block=5 clip=8
ATGLptDiag: best=20(87.1) imip=10/30 pass=11111 acc=20 ipm=66.8,71.4 inv=57.3,39.7 | 53(3.5) imip=43/63 pass=10101 acc=-1 ipm=146.6,-1.2 inv=105.6,15.9
frame=120 line=1 track=1 cross=0 circle=1(CIRCLE_LEFT_BEGIN) round=0 yroad=0 ramp=0 road=7 speed=0 near=45/128 raw=124/105 sel=128/132 far=0/0 far_raw=0/0 l=1@19/0@-1 far_l=0@-1/0@-1 straight=0/1 far_straight=0/0 circle_cnt=0/0/0/0 lost=0/0 conf=94.2/4.4/0.0/0.0 dist=0 begin=516/0 m0=(84,119) ml=(93,86) md=33/1/159 cxcy=84.0,119.6 guide=0.00 atg=43.0/23.0/25.0 pure=-2.43/-1.88 yaw=0 cmd=108 actual=-108 signed=1 rps=3653/3947:2333/2349 duty=11/14 pwm=PWM2:11/PWM1:14 motor=2:11/1:14
ATGCorner: L=1@19/0@-1 Y=0@-1/0@-1 farL=0@-1/0@-1 Lxy=68.7,73.1:58.8,40.8/-1.0,-1.0:-1.0,-1.0 Yxy=-1.0,-1.0:-1.0,-1.0/-1.0,-1.0:-1.0,-1.0 farLxy=-1.0,-1.0:-1.0,-1.0/-1.0,-1.0:-1.0,-1.0 best=19:68.7,73.1:58.8,40.8:94.2:11111/1:112.2,114.4:141.1,98.3:4.4:10111 seed_src=lpt/none seed=0.0,0.0/0.0,0.0 far_start=70,0 far_raw=0/0 far_num=0/0 straight=0/1 far_straight=0/0 conf_deg=94.2/4.4/0.0/0.0
CrossDiag: type=CROSS_NONE track=1 half_lr=0/0 nearL=1@19/0@-1 nearNum=45/128 centerNum=45/128 farL=0@-1/0@-1 farNum=0/0 farRaw=0/0 lost=0/0 not_have=0 final=128/132 flags=0/0
LineErr: aim=33 cxcy=84.0,119.6 left=1:-9.11@93,85 dx=9.3 idx=1/13 dist=34/138 right=1:-9.12@93,85 dx=9.3 idx=0/11 dist=33/265 sel=1:-9.25@94,84 dx=9.6 idx=0/16 dist=32/262 edge=1:-10.00@95.0,80.5 dx=11.0 width=52.0 l=69,80 r=121,81
CxScan: raw_ref=80.0 edge=95.0,80.5 best_raw_x=110 best_err=0.48 best_cxcy=95.5,119.6 scan=0:-33.9,10:-31.4,20:-28.7,30:-25.9,40:-23.0,50:-19.9,60:-16.7,70:-13.4,80:-10.0,90:-6.5,100:-3.0,110:0.5,120:4.0,130:7.5,140:10.9
ATGSeedDiag: seed=1@24,108/1@145,108 begin=7,108 block=5 clip=8
ATGLptDiag: best=19(94.2) imip=9/29 pass=11111 acc=19 ipm=68.7,73.1 inv=58.8,40.8 | 1(4.4) imip=0/11 pass=10111 acc=-1 ipm=112.2,114.4 inv=141.1,98.3
frame=122 line=1 track=1 cross=0 circle=1(CIRCLE_LEFT_BEGIN) round=0 yroad=0 ramp=0 road=7 speed=0 near=44/128 raw=124/104 sel=128/132 far=0/0 far_raw=0/0 l=1@19/0@-1 far_l=0@-1/0@-1 straight=0/1 far_straight=0/0 circle_cnt=0/0/0/0 lost=0/0 conf=93.4/6.6/0.0/0.0 dist=0 begin=530/0 m0=(84,119) ml=(94,86) md=33/1/158 cxcy=84.0,119.6 guide=0.00 atg=48.0/24.0/27.0 pure=-2.53/-1.92 yaw=0 cmd=121 actual=-121 signed=1 rps=3635/3965:2426/2518 duty=11/14 pwm=PWM2:11/PWM1:14 motor=2:11/1:14
ATGCorner: L=1@19/0@-1 Y=0@-1/0@-1 farL=0@-1/0@-1 Lxy=68.5,73.1:58.7,40.8/-1.0,-1.0:-1.0,-1.0 Yxy=-1.0,-1.0:-1.0,-1.0/-1.0,-1.0:-1.0,-1.0 farLxy=-1.0,-1.0:-1.0,-1.0/-1.0,-1.0:-1.0,-1.0 best=19:68.5,73.1:58.7,40.8:93.4:11111/1:112.7,114.1:141.6,97.6:6.6:10111 seed_src=lpt/none seed=0.0,0.0/0.0,0.0 far_start=70,0 far_raw=0/0 far_num=0/0 straight=0/1 far_straight=0/0 conf_deg=93.4/6.6/0.0/0.0
CrossDiag: type=CROSS_NONE track=1 half_lr=0/0 nearL=1@19/0@-1 nearNum=44/128 centerNum=44/128 farL=0@-1/0@-1 farNum=0/0 farRaw=0/0 lost=0/0 not_have=0 final=128/132 flags=0/0
LineErr: aim=33 cxcy=84.0,119.6 left=1:-9.40@94,84 dx=9.7 idx=1/13 dist=34/136 right=1:-9.61@93,87 dx=9.5 idx=0/10 dist=32/266 sel=1:-9.91@94,84 dx=10.3 idx=0/16 dist=32/262 edge=1:-10.44@95.5,80.5 dx=11.5 width=53.0 l=69,80 r=122,81
CxScan: raw_ref=80.0 edge=95.5,80.5 best_raw_x=110 best_err=0.02 best_cxcy=95.5,119.6 scan=0:-34.2,10:-31.7,20:-29.1,30:-26.3,40:-23.3,50:-20.3,60:-17.1,70:-13.8,80:-10.4,90:-7.0,100:-3.5,110:0.0,120:3.5,130:7.0,140:10.4
ATGSeedDiag: seed=1@24,108/1@145,107 begin=7,108 block=5 clip=8
ATGLptDiag: best=19(93.4) imip=9/29 pass=11111 acc=19 ipm=68.5,73.1 inv=58.7,40.8 | 1(6.6) imip=0/11 pass=10111 acc=-1 ipm=112.7,114.1 inv=141.6,97.6
frame=123 line=1 track=1 cross=0 circle=1(CIRCLE_LEFT_BEGIN) round=0 yroad=0 ramp=0 road=7 speed=0 near=44/128 raw=124/105 sel=128/132 far=0/0 far_raw=0/0 l=1@19/0@-1 far_l=0@-1/0@-1 straight=0/1 far_straight=0/0 circle_cnt=0/0/0/0 lost=0/0 conf=93.4/4.3/0.0/0.0 dist=0 begin=537/0 m0=(84,119) ml=(94,86) md=33/1/157 cxcy=84.0,119.6 guide=0.00 atg=48.0/25.0/27.0 pure=-2.55/-1.96 yaw=0 cmd=102 actual=-102 signed=1 rps=3660/3940:2556/2648 duty=11/14 pwm=PWM2:11/PWM1:14 motor=2:11/1:14
ATGCorner: L=1@19/0@-1 Y=0@-1/0@-1 farL=0@-1/0@-1 Lxy=68.5,73.1:58.7,40.8/-1.0,-1.0:-1.0,-1.0 Yxy=-1.0,-1.0:-1.0,-1.0/-1.0,-1.0:-1.0,-1.0 farLxy=-1.0,-1.0:-1.0,-1.0/-1.0,-1.0:-1.0,-1.0 best=19:68.5,73.1:58.7,40.8:93.4:11111/2:113.4,112.2:139.7,92.1:4.3:10111 seed_src=lpt/none seed=0.0,0.0/0.0,0.0 far_start=70,0 far_raw=0/0 far_num=0/0 straight=0/1 far_straight=0/0 conf_deg=93.4/4.3/0.0/0.0
CrossDiag: type=CROSS_NONE track=1 half_lr=0/0 nearL=1@19/0@-1 nearNum=44/128 centerNum=44/128 farL=0@-1/0@-1 farNum=0/0 farRaw=0/0 lost=0/0 not_have=0 final=128/132 flags=0/0
LineErr: aim=33 cxcy=84.0,119.6 left=1:-9.37@94,84 dx=9.6 idx=1/13 dist=34/137 right=1:-9.85@94,85 dx=10.1 idx=0/11 dist=33/265 sel=1:-9.94@94,84 dx=10.3 idx=0/16 dist=32/262 edge=1:-10.28@95.5,79.5 dx=11.5 width=53.1 l=69,78 r=122,81
CxScan: raw_ref=80.0 edge=95.5,79.5 best_raw_x=110 best_err=0.02 best_cxcy=95.5,119.6 scan=0:-33.8,10:-31.3,20:-28.7,30:-25.9,40:-23.0,50:-20.0,60:-16.9,70:-13.6,80:-10.3,90:-6.9,100:-3.4,110:0.0,120:3.5,130:6.9,140:10.3
ATGSeedDiag: seed=1@24,108/1@146,108 begin=7,108 block=5 clip=8
ATGLptDiag: best=19(93.4) imip=9/29 pass=11111 acc=19 ipm=68.5,73.1 inv=58.7,40.8 | 2(4.3) imip=0/12 pass=10111 acc=-1 ipm=113.4,112.2 inv=139.7,92.1
frame=124 line=1 track=1 cross=0 circle=1(CIRCLE_LEFT_BEGIN) round=0 yroad=0 ramp=0 road=7 speed=0 near=43/128 raw=123/105 sel=128/132 far=0/0 far_raw=0/0 l=1@18/0@-1 far_l=0@-1/0@-1 straight=0/1 far_straight=0/0 circle_cnt=0/0/0/0 lost=0/0 conf=96.2/4.4/0.0/0.0 dist=0 begin=544/0 m0=(84,119) ml=(94,86) md=33/1/157 cxcy=84.0,119.6 guide=0.00 atg=48.0/25.0/27.0 pure=-2.55/-1.96 yaw=0 cmd=79 actual=-79 signed=1 rps=3692/3908:2512/2572 duty=11/14 pwm=PWM2:11/PWM1:14 motor=2:11/1:14
ATGCorner: L=1@18/0@-1 Y=0@-1/0@-1 farL=0@-1/0@-1 Lxy=69.3,75.3:59.2,42.3/-1.0,-1.0:-1.0,-1.0 Yxy=-1.0,-1.0:-1.0,-1.0/-1.0,-1.0:-1.0,-1.0 farLxy=-1.0,-1.0:-1.0,-1.0/-1.0,-1.0:-1.0,-1.0 best=18:69.3,75.3:59.2,42.3:96.2:11111/1:112.7,114.4:142.1,98.4:4.4:10111 seed_src=lpt/none seed=0.0,0.0/0.0,0.0 far_start=70,0 far_raw=0/0 far_num=0/0 straight=0/1 far_straight=0/0 conf_deg=96.2/4.4/0.0/0.0
CrossDiag: type=CROSS_NONE track=1 half_lr=0/0 nearL=1@18/0@-1 nearNum=43/128 centerNum=43/128 farL=0@-1/0@-1 farNum=0/0 farRaw=0/0 lost=0/0 not_have=0 final=128/132 flags=0/0
LineErr: aim=33 cxcy=84.0,119.6 left=1:-9.28@94,84 dx=9.7 idx=1/13 dist=34/134 right=1:-9.85@94,85 dx=10.1 idx=0/11 dist=33/265 sel=1:-9.94@94,84 dx=10.3 idx=0/16 dist=32/262 edge=1:-10.44@95.5,80.5 dx=11.5 width=53.0 l=69,80 r=122,81
CxScan: raw_ref=80.0 edge=95.5,80.5 best_raw_x=110 best_err=0.02 best_cxcy=95.5,119.6 scan=0:-34.2,10:-31.7,20:-29.1,30:-26.3,40:-23.3,50:-20.3,60:-17.1,70:-13.8,80:-10.4,90:-7.0,100:-3.5,110:0.0,120:3.5,130:7.0,140:10.4
ATGSeedDiag: seed=1@25,108/1@146,108 begin=7,108 block=5 clip=8
ATGLptDiag: best=18(96.2) imip=8/28 pass=11111 acc=18 ipm=69.3,75.3 inv=59.2,42.3 | 1(4.4) imip=0/11 pass=10111 acc=-1 ipm=112.7,114.4 inv=142.1,98.4
frame=125 line=1 track=1 cross=0 circle=1(CIRCLE_LEFT_BEGIN) round=0 yroad=0 ramp=0 road=7 speed=0 near=43/128 raw=123/105 sel=128/132 far=0/0 far_raw=0/0 l=1@18/0@-1 far_l=0@-1/0@-1 straight=0/1 far_straight=0/0 circle_cnt=0/0/0/0 lost=0/0 conf=95.5/4.2/0.0/0.0 dist=0 begin=551/0 m0=(84,119) ml=(94,86) md=33/1/157 cxcy=84.0,119.6 guide=0.00 atg=48.0/25.0/27.0 pure=-2.55/-1.96 yaw=0 cmd=78 actual=-78 signed=1 rps=3693/3907:2706/2690 duty=11/14 pwm=PWM2:11/PWM1:14 motor=2:11/1:14
ATGCorner: L=1@18/0@-1 Y=0@-1/0@-1 farL=0@-1/0@-1 Lxy=69.3,75.3:59.2,42.3/-1.0,-1.0:-1.0,-1.0 Yxy=-1.0,-1.0:-1.0,-1.0/-1.0,-1.0:-1.0,-1.0 farLxy=-1.0,-1.0:-1.0,-1.0/-1.0,-1.0:-1.0,-1.0 best=18:69.3,75.3:59.2,42.3:95.5:11111/3:114.2,110.0:137.4,86.5:4.2:10111 seed_src=lpt/none seed=0.0,0.0/0.0,0.0 far_start=70,0 far_raw=0/0 far_num=0/0 straight=0/1 far_straight=0/0 conf_deg=95.5/4.2/0.0/0.0
CrossDiag: type=CROSS_NONE track=1 half_lr=0/0 nearL=1@18/0@-1 nearNum=43/128 centerNum=43/128 farL=0@-1/0@-1 farNum=0/0 farRaw=0/0 lost=0/0 not_have=0 final=128/132 flags=0/0
LineErr: aim=33 cxcy=84.0,119.6 left=1:-9.67@93,88 dx=9.4 idx=1/12 dist=31/134 right=1:-9.85@94,85 dx=10.1 idx=0/11 dist=33/265 sel=1:-9.91@94,84 dx=10.3 idx=0/16 dist=32/262 edge=1:-10.44@95.5,80.5 dx=11.5 width=53.0 l=69,80 r=122,81
CxScan: raw_ref=80.0 edge=95.5,80.5 best_raw_x=110 best_err=0.02 best_cxcy=95.5,119.6 scan=0:-34.2,10:-31.7,20:-29.1,30:-26.3,40:-23.3,50:-20.3,60:-17.1,70:-13.8,80:-10.4,90:-7.0,100:-3.5,110:0.0,120:3.5,130:7.0,140:10.4
ATGSeedDiag: seed=1@25,108/1@146,108 begin=7,108 block=5 clip=8
ATGLptDiag: best=18(95.5) imip=8/28 pass=11111 acc=18 ipm=69.3,75.3 inv=59.2,42.3 | 3(4.2) imip=0/13 pass=10111 acc=-1 ipm=114.2,110.0 inv=137.4,86.5
frame=126 line=1 track=1 cross=0 circle=1(CIRCLE_LEFT_BEGIN) round=0 yroad=0 ramp=0 road=7 speed=0 near=43/128 raw=123/105 sel=128/132 far=0/0 far_raw=0/0 l=1@18/0@-1 far_l=0@-1/0@-1 straight=0/1 far_straight=0/0 circle_cnt=0/0/0/0 lost=0/0 conf=94.7/4.3/0.0/0.0 dist=0 begin=558/0 m0=(84,119) ml=(94,86) md=33/1/157 cxcy=84.0,119.6 guide=0.00 atg=48.0/25.0/27.0 pure=-2.54/-1.96 yaw=0 cmd=104 actual=-104 signed=1 rps=3658/3942:2668/2525 duty=11/14 pwm=PWM2:11/PWM1:14 motor=2:11/1:14
ATGCorner: L=1@18/0@-1 Y=0@-1/0@-1 farL=0@-1/0@-1 Lxy=69.3,75.3:59.1,42.3/-1.0,-1.0:-1.0,-1.0 Yxy=-1.0,-1.0:-1.0,-1.0/-1.0,-1.0:-1.0,-1.0 farLxy=-1.0,-1.0:-1.0,-1.0/-1.0,-1.0:-1.0,-1.0 best=18:69.3,75.3:59.1,42.3:94.7:11111/1:112.7,114.4:142.1,98.4:4.3:10111 seed_src=lpt/none seed=0.0,0.0/0.0,0.0 far_start=70,0 far_raw=0/0 far_num=0/0 straight=0/1 far_straight=0/0 conf_deg=94.7/4.3/0.0/0.0
CrossDiag: type=CROSS_NONE track=1 half_lr=0/0 nearL=1@18/0@-1 nearNum=43/128 centerNum=43/128 farL=0@-1/0@-1 farNum=0/0 farRaw=0/0 lost=0/0 not_have=0 final=128/132 flags=0/0
LineErr: aim=33 cxcy=84.0,119.6 left=1:-9.94@94,88 dx=9.6 idx=1/12 dist=31/133 right=1:-9.84@94,85 dx=10.0 idx=0/11 dist=33/265 sel=1:-9.94@94,84 dx=10.3 idx=0/16 dist=32/262 edge=1:-10.44@95.5,80.5 dx=11.5 width=53.0 l=69,80 r=122,81
CxScan: raw_ref=80.0 edge=95.5,80.5 best_raw_x=110 best_err=0.02 best_cxcy=95.5,119.6 scan=0:-34.2,10:-31.7,20:-29.1,30:-26.3,40:-23.3,50:-20.3,60:-17.1,70:-13.8,80:-10.4,90:-7.0,100:-3.5,110:0.0,120:3.5,130:7.0,140:10.4
ATGSeedDiag: seed=1@25,108/1@146,108 begin=7,108 block=5 clip=8
ATGLptDiag: best=18(94.7) imip=8/28 pass=11111 acc=18 ipm=69.3,75.3 inv=59.1,42.3 | 1(4.3) imip=0/11 pass=10111 acc=-1 ipm=112.7,114.4 inv=142.1,98.4
frame=128 line=1 track=1 cross=0 circle=1(CIRCLE_LEFT_BEGIN) round=0 yroad=0 ramp=0 road=7 speed=0 near=42/128 raw=122/105 sel=128/132 far=0/0 far_raw=0/0 l=1@18/0@-1 far_l=0@-1/0@-1 straight=0/1 far_straight=0/0 circle_cnt=0/0/0/0 lost=0/0 conf=92.3/6.3/0.0/0.0 dist=0 begin=572/0 m0=(84,119) ml=(94,86) md=33/1/157 cxcy=84.0,119.6 guide=0.00 atg=48.0/25.0/27.0 pure=-2.55/-1.97 yaw=0 cmd=200 actual=-212 signed=1 rps=3526/4074:2880/2500 duty=10/15 pwm=PWM2:10/PWM1:15 motor=2:10/1:15
ATGCorner: L=1@18/0@-1 Y=0@-1/0@-1 farL=0@-1/0@-1 Lxy=68.7,75.6:58.4,42.5/-1.0,-1.0:-1.0,-1.0 Yxy=-1.0,-1.0:-1.0,-1.0/-1.0,-1.0:-1.0,-1.0 farLxy=-1.0,-1.0:-1.0,-1.0/-1.0,-1.0:-1.0,-1.0 best=18:68.7,75.6:58.4,42.5:92.3:11111/1:112.8,114.4:142.6,98.5:6.3:10111 seed_src=lpt/none seed=0.0,0.0/0.0,0.0 far_start=70,0 far_raw=0/0 far_num=0/0 straight=0/1 far_straight=0/0 conf_deg=92.3/6.3/0.0/0.0
CrossDiag: type=CROSS_NONE track=1 half_lr=0/0 nearL=1@18/0@-1 nearNum=42/128 centerNum=42/128 farL=0@-1/0@-1 farNum=0/0 farRaw=0/0 lost=0/0 not_have=0 final=128/132 flags=0/0
LineErr: aim=33 cxcy=84.0,119.6 left=1:-10.14@94,87 dx=10.0 idx=1/12 dist=32/133 right=1:-10.19@94,85 dx=10.4 idx=0/11 dist=33/265 sel=1:-10.25@95,84 dx=10.6 idx=0/16 dist=32/262 edge=1:-11.16@96.5,79.5 dx=12.5 width=53.1 l=70,78 r=123,81
CxScan: raw_ref=80.0 edge=96.5,79.5 best_raw_x=115 best_err=0.84 best_cxcy=97.4,119.7 scan=0:-34.4,10:-32.0,20:-29.4,30:-26.6,40:-23.8,50:-20.8,60:-17.7,70:-14.5,80:-11.2,90:-7.8,100:-4.3,110:-0.9,120:2.6,130:6.0,140:9.4
ATGSeedDiag: seed=1@25,108/1@146,108 begin=7,108 block=5 clip=8
ATGLptDiag: best=18(92.3) imip=8/28 pass=11111 acc=18 ipm=68.7,75.6 inv=58.4,42.5 | 1(6.3) imip=0/11 pass=10111 acc=-1 ipm=112.8,114.4 inv=142.6,98.5
frame=129 line=1 track=1 cross=0 circle=1(CIRCLE_LEFT_BEGIN) round=0 yroad=0 ramp=0 road=7 speed=0 near=41/128 raw=121/105 sel=128/132 far=0/0 far_raw=0/0 l=1@17/0@-1 far_l=0@-1/0@-1 straight=0/1 far_straight=0/0 circle_cnt=0/0/0/0 lost=0/0 conf=95.1/6.4/0.0/0.0 dist=0 begin=579/0 m0=(84,119) ml=(94,86) md=33/1/157 cxcy=84.0,119.6 guide=0.00 atg=49.0/26.0/27.0 pure=-2.61/-1.98 yaw=0 cmd=200 actual=-263 signed=1 rps=3526/4074:2742/2403 duty=10/15 pwm=PWM2:10/PWM1:15 motor=2:10/1:15
ATGCorner: L=1@17/0@-1 Y=0@-1/0@-1 farL=0@-1/0@-1 Lxy=69.6,77.7:59.1,44.0/-1.0,-1.0:-1.0,-1.0 Yxy=-1.0,-1.0:-1.0,-1.0/-1.0,-1.0:-1.0,-1.0 farLxy=-1.0,-1.0:-1.0,-1.0/-1.0,-1.0:-1.0,-1.0 best=17:69.6,77.7:59.1,44.0:95.1:11111/1:113.2,114.4:143.4,98.5:6.4:10111 seed_src=lpt/none seed=0.0,0.0/0.0,0.0 far_start=70,0 far_raw=0/0 far_num=0/0 straight=0/1 far_straight=0/0 conf_deg=95.1/6.4/0.0/0.0
CrossDiag: type=CROSS_NONE track=1 half_lr=0/0 nearL=1@17/0@-1 nearNum=41/128 centerNum=41/128 farL=0@-1/0@-1 farNum=0/0 farRaw=0/0 lost=0/0 not_have=0 final=128/132 flags=0/0
LineErr: aim=33 cxcy=84.0,119.6 left=1:-10.26@94,86 dx=10.3 idx=1/12 dist=33/130 right=1:-10.27@94,87 dx=10.1 idx=0/10 dist=32/266 sel=1:-10.60@95,84 dx=11.0 idx=0/16 dist=32/262 edge=1:-11.16@96.5,79.5 dx=12.5 width=53.1 l=70,78 r=123,81
CxScan: raw_ref=80.0 edge=96.5,79.5 best_raw_x=115 best_err=0.84 best_cxcy=97.4,119.7 scan=0:-34.4,10:-32.0,20:-29.4,30:-26.6,40:-23.8,50:-20.8,60:-17.7,70:-14.5,80:-11.2,90:-7.8,100:-4.3,110:-0.9,120:2.6,130:6.0,140:9.4
ATGSeedDiag: seed=1@26,108/1@147,108 begin=7,108 block=5 clip=8
ATGLptDiag: best=17(95.1) imip=7/27 pass=11111 acc=17 ipm=69.6,77.7 inv=59.1,44.0 | 1(6.4) imip=0/11 pass=10111 acc=-1 ipm=113.2,114.4 inv=143.4,98.5
frame=130 line=1 track=1 cross=0 circle=1(CIRCLE_LEFT_BEGIN) round=0 yroad=0 ramp=0 road=7 speed=0 near=41/128 raw=121/105 sel=128/132 far=0/0 far_raw=0/0 l=1@17/0@-1 far_l=0@-1/0@-1 straight=0/1 far_straight=0/0 circle_cnt=0/0/0/0 lost=0/0 conf=95.1/5.2/0.0/0.0 dist=0 begin=586/0 m0=(84,119) ml=(95,86) md=33/1/155 cxcy=84.0,119.6 guide=0.00 atg=53.0/27.0/30.0 pure=-2.70/-2.06 yaw=0 cmd=200 actual=-280 signed=1 rps=3526/4074:2836/2575 duty=10/14 pwm=PWM2:10/PWM1:14 motor=2:10/1:14
ATGCorner: L=1@17/0@-1 Y=0@-1/0@-1 farL=0@-1/0@-1 Lxy=69.7,77.8:59.2,44.1/-1.0,-1.0:-1.0,-1.0 Yxy=-1.0,-1.0:-1.0,-1.0/-1.0,-1.0:-1.0,-1.0 farLxy=-1.0,-1.0:-1.0,-1.0/-1.0,-1.0:-1.0,-1.0 best=17:69.7,77.8:59.2,44.1:95.1:11111/50:148.2,6.2:108.2,17.2:5.2:10101 seed_src=lpt/none seed=0.0,0.0/0.0,0.0 far_start=70,0 far_raw=0/0 far_num=0/0 straight=0/1 far_straight=0/0 conf_deg=95.1/5.2/0.0/0.0
CrossDiag: type=CROSS_NONE track=1 half_lr=0/0 nearL=1@17/0@-1 nearNum=41/128 centerNum=41/128 farL=0@-1/0@-1 farNum=0/0 farRaw=0/0 lost=0/0 not_have=0 final=128/132 flags=0/0
LineErr: aim=33 cxcy=84.0,119.6 left=1:-10.45@95,86 dx=10.5 idx=1/12 dist=34/129 right=1:-10.77@95,87 dx=10.6 idx=0/10 dist=32/267 sel=1:-10.95@95,84 dx=11.3 idx=0/16 dist=32/262 edge=1:-11.59@97.0,79.5 dx=13.0 width=54.1 l=70,78 r=124,81
CxScan: raw_ref=80.0 edge=97.0,79.5 best_raw_x=115 best_err=0.39 best_cxcy=97.4,119.7 scan=0:-34.7,10:-32.3,20:-29.7,30:-27.0,40:-24.2,50:-21.2,60:-18.1,70:-14.9,80:-11.6,90:-8.2,100:-4.8,110:-1.3,120:2.1,130:5.6,140:9.0
ATGSeedDiag: seed=1@26,108/1@148,108 begin=7,108 block=5 clip=8
ATGLptDiag: best=17(95.1) imip=7/27 pass=11111 acc=17 ipm=69.7,77.8 inv=59.2,44.1 | 50(5.2) imip=40/60 pass=10101 acc=-1 ipm=148.2,6.2 inv=108.2,17.2
frame=131 line=1 track=1 cross=0 circle=1(CIRCLE_LEFT_BEGIN) round=0 yroad=0 ramp=0 road=7 speed=0 near=41/129 raw=122/105 sel=129/133 far=0/0 far_raw=0/0 l=1@17/0@-1 far_l=0@-1/0@-1 straight=0/1 far_straight=0/0 circle_cnt=0/0/0/0 lost=0/0 conf=97.8/3.6/0.0/0.0 dist=0 begin=593/0 m0=(84,119) ml=(95,87) md=32/1/154 cxcy=84.0,119.6 guide=0.00 atg=59.0/29.0/31.0 pure=-2.82/-2.09 yaw=0 cmd=200 actual=-256 signed=1 rps=3526/4074:2666/2535 duty=10/14 pwm=PWM2:10/PWM1:14 motor=2:10/1:14
ATGCorner: L=1@17/0@-1 Y=0@-1/0@-1 farL=0@-1/0@-1 Lxy=70.2,77.7:59.8,44.0/-1.0,-1.0:-1.0,-1.0 Yxy=-1.0,-1.0:-1.0,-1.0/-1.0,-1.0:-1.0,-1.0 farLxy=-1.0,-1.0:-1.0,-1.0/-1.0,-1.0:-1.0,-1.0 best=17:70.2,77.7:59.8,44.0:97.8:11111/51:149.4,4.0:108.3,16.8:3.6:10101 seed_src=lpt/none seed=0.0,0.0/0.0,0.0 far_start=70,0 far_raw=0/0 far_num=0/0 straight=0/1 far_straight=0/0 conf_deg=97.8/3.6/0.0/0.0
CrossDiag: type=CROSS_NONE track=1 half_lr=0/0 nearL=1@17/0@-1 nearNum=41/129 centerNum=41/129 farL=0@-1/0@-1 farNum=0/0 farRaw=0/0 lost=0/0 not_have=0 final=129/133 flags=0/0
LineErr: aim=33 cxcy=84.0,119.6 left=1:-10.62@95,86 dx=10.7 idx=1/12 dist=34/131 right=1:-11.39@95,87 dx=11.3 idx=0/10 dist=32/268 sel=1:-11.63@96,84 dx=12.0 idx=0/16 dist=32/264 edge=1:-12.21@97.5,80.5 dx=13.5 width=53.0 l=71,80 r=124,81
CxScan: raw_ref=80.0 edge=97.5,80.5 best_raw_x=115 best_err=-0.06 best_cxcy=97.4,119.7 scan=0:-35.5,10:-33.0,20:-30.5,30:-27.7,40:-24.9,50:-21.9,60:-18.8,70:-15.5,80:-12.2,90:-8.8,100:-5.3,110:-1.8,120:1.7,130:5.2,140:8.6
ATGSeedDiag: seed=1@27,108/1@148,108 begin=7,108 block=5 clip=8
ATGLptDiag: best=17(97.8) imip=7/27 pass=11111 acc=17 ipm=70.2,77.7 inv=59.8,44.0 | 51(3.6) imip=41/61 pass=10101 acc=-1 ipm=149.4,4.0 inv=108.3,16.8
frame=132 line=1 track=1 cross=0 circle=1(CIRCLE_LEFT_BEGIN) round=0 yroad=0 ramp=0 road=7 speed=0 near=41/129 raw=122/105 sel=129/134 far=0/0 far_raw=0/0 l=1@17/0@-1 far_l=0@-1/0@-1 straight=0/1 far_straight=0/0 circle_cnt=0/0/0/0 lost=0/0 conf=97.3/5.3/0.0/0.0 dist=0 begin=600/0 m0=(84,119) ml=(95,87) md=32/1/154 cxcy=84.0,119.6 guide=0.00 atg=59.0/30.0/32.0 pure=-2.82/-2.13 yaw=0 cmd=193 actual=-193 signed=1 rps=3535/4065:2706/2671 duty=10/14 pwm=PWM2:10/PWM1:14 motor=2:10/1:14
ATGCorner: L=1@17/0@-1 Y=0@-1/0@-1 farL=0@-1/0@-1 Lxy=70.4,77.8:59.9,44.1/-1.0,-1.0:-1.0,-1.0 Yxy=-1.0,-1.0:-1.0,-1.0/-1.0,-1.0:-1.0,-1.0 farLxy=-1.0,-1.0:-1.0,-1.0/-1.0,-1.0:-1.0,-1.0 best=17:70.4,77.8:59.9,44.1:97.3:11111/2:114.8,112.3:142.7,92.3:5.3:10111 seed_src=lpt/none seed=0.0,0.0/0.0,0.0 far_start=70,0 far_raw=0/0 far_num=0/0 straight=0/1 far_straight=0/0 conf_deg=97.3/5.3/0.0/0.0
CrossDiag: type=CROSS_NONE track=1 half_lr=0/0 nearL=1@17/0@-1 nearNum=41/129 centerNum=41/129 farL=0@-1/0@-1 farNum=0/0 farRaw=0/0 lost=0/0 not_have=0 final=129/134 flags=0/0
LineErr: aim=33 cxcy=84.0,119.6 left=1:-10.76@95,86 dx=10.8 idx=1/12 dist=34/133 right=1:-11.48@95,87 dx=11.4 idx=0/10 dist=32/268 sel=1:-11.63@96,84 dx=12.0 idx=0/16 dist=32/266 edge=1:-12.21@97.5,80.5 dx=13.5 width=53.0 l=71,80 r=124,81
CxScan: raw_ref=80.0 edge=97.5,80.5 best_raw_x=115 best_err=-0.06 best_cxcy=97.4,119.7 scan=0:-35.5,10:-33.0,20:-30.5,30:-27.7,40:-24.9,50:-21.9,60:-18.8,70:-15.5,80:-12.2,90:-8.8,100:-5.3,110:-1.8,120:1.7,130:5.2,140:8.6
ATGSeedDiag: seed=1@27,108/1@149,108 begin=7,108 block=5 clip=8
ATGLptDiag: best=17(97.3) imip=7/27 pass=11111 acc=17 ipm=70.4,77.8 inv=59.9,44.1 | 2(5.3) imip=0/12 pass=10111 acc=-1 ipm=114.8,112.3 inv=142.7,92.3
frame=133 line=1 track=1 cross=0 circle=1(CIRCLE_LEFT_BEGIN) round=0 yroad=0 ramp=0 road=7 speed=0 near=41/129 raw=122/104 sel=129/134 far=0/0 far_raw=0/0 l=1@17/0@-1 far_l=0@-1/0@-1 straight=0/1 far_straight=0/0 circle_cnt=0/0/0/0 lost=0/0 conf=96.8/3.7/0.0/0.0 dist=0 begin=608/0 m0=(84,119) ml=(95,87) md=32/1/154 cxcy=84.0,119.6 guide=0.00 atg=59.0/30.0/32.0 pure=-2.82/-2.13 yaw=0 cmd=109 actual=-109 signed=1 rps=3651/3949:2742/2816 duty=11/14 pwm=PWM2:11/PWM1:14 motor=2:11/1:14
ATGCorner: L=1@17/0@-1 Y=0@-1/0@-1 farL=0@-1/0@-1 Lxy=70.3,77.8:59.8,44.1/-1.0,-1.0:-1.0,-1.0 Yxy=-1.0,-1.0:-1.0,-1.0/-1.0,-1.0:-1.0,-1.0 farLxy=-1.0,-1.0:-1.0,-1.0/-1.0,-1.0:-1.0,-1.0 best=17:70.3,77.8:59.8,44.1:96.8:11111/50:149.3,6.1:108.8,17.1:3.7:10101 seed_src=lpt/none seed=0.0,0.0/0.0,0.0 far_start=70,0 far_raw=0/0 far_num=0/0 straight=0/1 far_straight=0/0 conf_deg=96.8/3.7/0.0/0.0
CrossDiag: type=CROSS_NONE track=1 half_lr=0/0 nearL=1@17/0@-1 nearNum=41/129 centerNum=41/129 farL=0@-1/0@-1 farNum=0/0 farRaw=0/0 lost=0/0 not_have=0 final=129/134 flags=0/0
LineErr: aim=33 cxcy=84.0,119.6 left=1:-10.84@95,85 dx=11.0 idx=1/12 dist=34/129 right=1:-11.50@95,86 dx=11.5 idx=0/10 dist=32/268 sel=1:-11.63@96,84 dx=12.0 idx=0/16 dist=32/266 edge=1:-11.59@97.0,79.5 dx=13.0 width=54.1 l=70,78 r=124,81
CxScan: raw_ref=80.0 edge=97.0,79.5 best_raw_x=115 best_err=0.39 best_cxcy=97.4,119.7 scan=0:-34.7,10:-32.3,20:-29.7,30:-27.0,40:-24.2,50:-21.2,60:-18.1,70:-14.9,80:-11.6,90:-8.2,100:-4.8,110:-1.3,120:2.1,130:5.6,140:9.0
ATGSeedDiag: seed=1@27,108/1@148,107 begin=7,108 block=5 clip=8
ATGLptDiag: best=17(96.8) imip=7/27 pass=11111 acc=17 ipm=70.3,77.8 inv=59.8,44.1 | 50(3.7) imip=40/60 pass=10101 acc=-1 ipm=149.3,6.1 inv=108.8,17.1
frame=134 line=1 track=1 cross=0 circle=1(CIRCLE_LEFT_BEGIN) round=0 yroad=0 ramp=0 road=7 speed=0 near=40/129 raw=121/105 sel=129/133 far=0/0 far_raw=0/0 l=1@17/0@-1 far_l=0@-1/0@-1 straight=0/1 far_straight=0/0 circle_cnt=0/0/0/0 lost=0/0 conf=93.6/4.4/0.0/0.0 dist=0 begin=616/0 m0=(84,119) ml=(95,87) md=32/1/154 cxcy=84.0,119.6 guide=0.00 atg=56.0/29.0/30.0 pure=-2.81/-2.11 yaw=0 cmd=18 actual=-18 signed=1 rps=3775/3825:2619/2724 duty=11/13 pwm=PWM2:11/PWM1:13 motor=2:11/1:13
ATGCorner: L=1@17/0@-1 Y=0@-1/0@-1 farL=0@-1/0@-1 Lxy=69.5,78.1:58.9,44.3/-1.0,-1.0:-1.0,-1.0 Yxy=-1.0,-1.0:-1.0,-1.0/-1.0,-1.0:-1.0,-1.0 farLxy=-1.0,-1.0:-1.0,-1.0/-1.0,-1.0:-1.0,-1.0 best=17:69.5,78.1:58.9,44.3:93.6:11111/49:148.1,8.5:108.7,17.6:4.4:10101 seed_src=lpt/none seed=0.0,0.0/0.0,0.0 far_start=70,0 far_raw=0/0 far_num=0/0 straight=0/1 far_straight=0/0 conf_deg=93.6/4.4/0.0/0.0
CrossDiag: type=CROSS_NONE track=1 half_lr=0/0 nearL=1@17/0@-1 nearNum=40/129 centerNum=40/129 farL=0@-1/0@-1 farNum=0/0 farRaw=0/0 lost=0/0 not_have=0 final=129/133 flags=0/0
LineErr: aim=33 cxcy=84.0,119.6 left=1:-10.61@95,85 dx=10.9 idx=1/12 dist=35/128 right=1:-11.14@95,87 dx=11.0 idx=0/10 dist=32/268 sel=1:-11.48@96,84 dx=11.9 idx=0/16 dist=32/264 edge=1:-11.16@96.5,79.5 dx=12.5 width=55.1 l=69,78 r=124,81
CxScan: raw_ref=80.0 edge=96.5,79.5 best_raw_x=115 best_err=0.84 best_cxcy=97.4,119.7 scan=0:-34.4,10:-32.0,20:-29.4,30:-26.6,40:-23.8,50:-20.8,60:-17.7,70:-14.5,80:-11.2,90:-7.8,100:-4.3,110:-0.9,120:2.6,130:6.0,140:9.4
ATGSeedDiag: seed=1@27,108/1@148,108 begin=7,108 block=5 clip=8
ATGLptDiag: best=17(93.6) imip=7/27 pass=11111 acc=17 ipm=69.5,78.1 inv=58.9,44.3 | 49(4.4) imip=39/59 pass=10101 acc=-1 ipm=148.1,8.5 inv=108.7,17.6
frame=135 line=1 track=1 cross=0 circle=1(CIRCLE_LEFT_BEGIN) round=0 yroad=0 ramp=0 road=7 speed=0 near=40/128 raw=120/105 sel=128/132 far=0/0 far_raw=0/0 l=1@16/0@-1 far_l=0@-1/0@-1 straight=0/1 far_straight=0/0 circle_cnt=0/0/0/0 lost=0/0 conf=96.3/6.2/0.0/0.0 dist=0 begin=623/0 m0=(84,119) ml=(95,87) md=32/1/155 cxcy=84.0,119.6 guide=0.00 atg=55.0/29.0/30.0 pure=-2.75/-2.09 yaw=0 cmd=-42 actual=42 signed=1 rps=3858/3742:2637/2689 duty=12/13 pwm=PWM2:12/PWM1:13 motor=2:12/1:13
ATGCorner: L=1@16/0@-1 Y=0@-1/0@-1 farL=0@-1/0@-1 Lxy=70.3,80.0:59.5,45.8/-1.0,-1.0:-1.0,-1.0 Yxy=-1.0,-1.0:-1.0,-1.0/-1.0,-1.0:-1.0,-1.0 farLxy=-1.0,-1.0:-1.0,-1.0/-1.0,-1.0:-1.0,-1.0 best=16:70.3,80.0:59.5,45.8:96.3:11111/1:113.7,114.4:144.5,98.5:6.2:10111 seed_src=lpt/none seed=0.0,0.0/0.0,0.0 far_start=70,0 far_raw=0/0 far_num=0/0 straight=0/1 far_straight=0/0 conf_deg=96.3/6.2/0.0/0.0
CrossDiag: type=CROSS_NONE track=1 half_lr=0/0 nearL=1@16/0@-1 nearNum=40/128 centerNum=40/128 farL=0@-1/0@-1 farNum=0/0 farRaw=0/0 lost=0/0 not_have=0 final=128/132 flags=0/0
LineErr: aim=33 cxcy=84.0,119.6 left=1:-11.21@95,89 dx=10.6 idx=1/11 dist=31/128 right=1:-11.12@95,87 dx=11.0 idx=0/10 dist=32/266 sel=1:-11.29@96,84 dx=11.7 idx=0/16 dist=32/262 edge=1:-11.77@97.0,80.5 dx=13.0 width=54.0 l=70,80 r=124,81
CxScan: raw_ref=80.0 edge=97.0,80.5 best_raw_x=115 best_err=0.40 best_cxcy=97.4,119.7 scan=0:-35.2,10:-32.7,20:-30.1,30:-27.4,40:-24.5,50:-21.5,60:-18.4,70:-15.1,80:-11.8,90:-8.4,100:-4.9,110:-1.4,120:2.2,130:5.6,140:9.1
ATGSeedDiag: seed=1@27,108/1@148,108 begin=7,108 block=5 clip=8
ATGLptDiag: best=16(96.3) imip=6/26 pass=11111 acc=16 ipm=70.3,80.0 inv=59.5,45.8 | 1(6.2) imip=0/11 pass=10111 acc=-1 ipm=113.7,114.4 inv=144.5,98.5
frame=137 line=1 track=1 cross=0 circle=1(CIRCLE_LEFT_BEGIN) round=0 yroad=0 ramp=0 road=7 speed=0 near=39/128 raw=119/104 sel=128/132 far=0/0 far_raw=0/0 l=1@16/0@-1 far_l=0@-1/0@-1 straight=0/1 far_straight=0/0 circle_cnt=0/0/0/0 lost=0/0 conf=95.2/4.6/0.0/0.0 dist=0 begin=637/0 m0=(84,119) ml=(94,86) md=33/1/157 cxcy=84.0,119.6 guide=0.00 atg=49.0/27.0/27.0 pure=-2.61/-2.02 yaw=0 cmd=-58 actual=58 signed=1 rps=3880/3720:2567/2454 duty=12/13 pwm=PWM2:12/PWM1:13 motor=2:12/1:13
ATGCorner: L=1@16/0@-1 Y=0@-1/0@-1 farL=0@-1/0@-1 Lxy=69.8,80.2:58.9,45.9/-1.0,-1.0:-1.0,-1.0 Yxy=-1.0,-1.0:-1.0,-1.0/-1.0,-1.0:-1.0,-1.0 farLxy=-1.0,-1.0:-1.0,-1.0/-1.0,-1.0:-1.0,-1.0 best=16:69.8,80.2:58.9,45.9:95.2:11111/1:113.7,114.1:143.8,97.5:4.6:10111 seed_src=lpt/none seed=0.0,0.0/0.0,0.0 far_start=70,0 far_raw=0/0 far_num=0/0 straight=0/1 far_straight=0/0 conf_deg=95.2/4.6/0.0/0.0
CrossDiag: type=CROSS_NONE track=1 half_lr=0/0 nearL=1@16/0@-1 nearNum=39/128 centerNum=39/128 farL=0@-1/0@-1 farNum=0/0 farRaw=0/0 lost=0/0 not_have=0 final=128/132 flags=0/0
LineErr: aim=33 cxcy=84.0,119.6 left=1:-10.90@95,88 dx=10.6 idx=1/11 dist=33/128 right=1:-10.41@94,87 dx=10.3 idx=0/10 dist=32/266 sel=1:-10.69@95,84 dx=11.1 idx=0/16 dist=32/262 edge=1:-10.36@95.5,80.0 dx=11.5 width=55.0 l=68,79 r=123,81
CxScan: raw_ref=80.0 edge=95.5,80.0 best_raw_x=110 best_err=0.02 best_cxcy=95.5,119.6 scan=0:-34.0,10:-31.5,20:-28.9,30:-26.1,40:-23.2,50:-20.1,60:-17.0,70:-13.7,80:-10.4,90:-6.9,100:-3.5,110:0.0,120:3.5,130:7.0,140:10.4
ATGSeedDiag: seed=1@27,108/1@147,107 begin=7,108 block=5 clip=8
ATGLptDiag: best=16(95.2) imip=6/26 pass=11111 acc=16 ipm=69.8,80.2 inv=58.9,45.9 | 1(4.6) imip=0/11 pass=10111 acc=-1 ipm=113.7,114.1 inv=143.8,97.5
frame=138 line=1 track=1 cross=0 circle=1(CIRCLE_LEFT_BEGIN) round=0 yroad=0 ramp=0 road=7 speed=0 near=38/128 raw=118/105 sel=128/132 far=0/0 far_raw=0/0 l=1@16/0@-1 far_l=0@-1/0@-1 straight=0/1 far_straight=0/0 circle_cnt=0/0/0/0 lost=0/0 conf=92.3/6.0/0.0/0.0 dist=0 begin=644/0 m0=(84,119) ml=(94,86) md=33/1/158 cxcy=84.0,119.6 guide=0.00 atg=49.0/26.0/26.0 pure=-2.61/-2.00 yaw=0 cmd=-19 actual=19 signed=1 rps=3826/3774:2477/2339 duty=12/14 pwm=PWM2:12/PWM1:14 motor=2:12/1:14
ATGCorner: L=1@16/0@-1 Y=0@-1/0@-1 farL=0@-1/0@-1 Lxy=69.2,80.4:58.1,46.1/-1.0,-1.0:-1.0,-1.0 Yxy=-1.0,-1.0:-1.0,-1.0/-1.0,-1.0:-1.0,-1.0 farLxy=-1.0,-1.0:-1.0,-1.0/-1.0,-1.0:-1.0,-1.0 best=16:69.2,80.4:58.1,46.1:92.3:11111/1:113.5,114.4:144.2,98.4:6.0:10111 seed_src=lpt/none seed=0.0,0.0/0.0,0.0 far_start=70,0 far_raw=0/0 far_num=0/0 straight=0/1 far_straight=0/0 conf_deg=92.3/6.0/0.0/0.0
CrossDiag: type=CROSS_NONE track=1 half_lr=0/0 nearL=1@16/0@-1 nearNum=38/128 centerNum=38/128 farL=0@-1/0@-1 farNum=0/0 farRaw=0/0 lost=0/0 not_have=0 final=128/132 flags=0/0
LineErr: aim=33 cxcy=84.0,119.6 left=1:-10.95@95,87 dx=10.8 idx=1/11 dist=34/125 right=1:-10.53@95,85 dx=10.7 idx=0/11 dist=33/265 sel=1:-10.59@95,84 dx=11.0 idx=0/16 dist=32/262 edge=1:-10.00@95.0,80.5 dx=11.0 width=56.0 l=67,80 r=123,81
CxScan: raw_ref=80.0 edge=95.0,80.5 best_raw_x=110 best_err=0.48 best_cxcy=95.5,119.6 scan=0:-33.9,10:-31.4,20:-28.7,30:-25.9,40:-23.0,50:-19.9,60:-16.7,70:-13.4,80:-10.0,90:-6.5,100:-3.0,110:0.5,120:4.0,130:7.5,140:10.9
ATGSeedDiag: seed=1@28,108/1@148,108 begin=7,108 block=5 clip=8
ATGLptDiag: best=16(92.3) imip=6/26 pass=11111 acc=16 ipm=69.2,80.4 inv=58.1,46.1 | 1(6.0) imip=0/11 pass=10111 acc=-1 ipm=113.5,114.4 inv=144.2,98.4
frame=140 line=1 track=1 cross=0 circle=1(CIRCLE_LEFT_BEGIN) round=0 yroad=0 ramp=0 road=7 speed=0 near=38/128 raw=118/105 sel=128/132 far=0/0 far_raw=0/0 l=1@16/0@-1 far_l=0@-1/0@-1 straight=0/1 far_straight=0/0 circle_cnt=0/0/0/0 lost=0/0 conf=92.5/4.0/0.0/0.0 dist=0 begin=658/0 m0=(84,119) ml=(95,87) md=32/1/156 cxcy=84.0,119.6 guide=0.00 atg=55.0/29.0/29.0 pure=-2.76/-2.07 yaw=0 cmd=49 actual=-49 signed=1 rps=3733/3867:2588/2477 duty=11/14 pwm=PWM2:11/PWM1:14 motor=2:11/1:14
ATGCorner: L=1@16/0@-1 Y=0@-1/0@-1 farL=0@-1/0@-1 Lxy=69.1,80.4:58.0,46.1/-1.0,-1.0:-1.0,-1.0 Yxy=-1.0,-1.0:-1.0,-1.0/-1.0,-1.0:-1.0,-1.0 farLxy=-1.0,-1.0:-1.0,-1.0/-1.0,-1.0:-1.0,-1.0 best=16:69.1,80.4:58.0,46.1:92.5:11111/3:115.5,110.0:140.0,86.6:4.0:10111 seed_src=lpt/none seed=0.0,0.0/0.0,0.0 far_start=70,0 far_raw=0/0 far_num=0/0 straight=0/1 far_straight=0/0 conf_deg=92.5/4.0/0.0/0.0
CrossDiag: type=CROSS_NONE track=1 half_lr=0/0 nearL=1@16/0@-1 nearNum=38/128 centerNum=38/128 farL=0@-1/0@-1 farNum=0/0 farRaw=0/0 lost=0/0 not_have=0 final=128/132 flags=0/0
LineErr: aim=33 cxcy=84.0,119.6 left=1:-10.85@95,87 dx=10.7 idx=1/11 dist=34/125 right=1:-11.11@95,87 dx=11.0 idx=0/10 dist=32/266 sel=1:-11.29@96,84 dx=11.7 idx=0/16 dist=32/262 edge=1:-10.44@95.5,80.5 dx=11.5 width=57.0 l=67,80 r=124,81
CxScan: raw_ref=80.0 edge=95.5,80.5 best_raw_x=110 best_err=0.02 best_cxcy=95.5,119.6 scan=0:-34.2,10:-31.7,20:-29.1,30:-26.3,40:-23.3,50:-20.3,60:-17.1,70:-13.8,80:-10.4,90:-7.0,100:-3.5,110:0.0,120:3.5,130:7.0,140:10.4
ATGSeedDiag: seed=1@28,108/1@149,108 begin=7,108 block=5 clip=8
ATGLptDiag: best=16(92.5) imip=6/26 pass=11111 acc=16 ipm=69.1,80.4 inv=58.0,46.1 | 3(4.0) imip=0/13 pass=10111 acc=-1 ipm=115.5,110.0 inv=140.0,86.6
frame=141 line=1 track=1 cross=0 circle=1(CIRCLE_LEFT_BEGIN) round=0 yroad=0 ramp=0 road=7 speed=0 near=38/128 raw=118/105 sel=128/132 far=0/0 far_raw=0/0 l=1@15/0@-1 far_l=0@-1/0@-1 straight=0/1 far_straight=0/0 circle_cnt=0/0/0/0 lost=0/0 conf=97.4/6.2/0.0/0.0 dist=0 begin=665/0 m0=(84,119) ml=(95,87) md=32/1/154 cxcy=84.0,119.6 guide=0.00 atg=59.0/30.0/30.0 pure=-2.82/-2.13 yaw=0 cmd=65 actual=-65 signed=1 rps=3711/3889:2501/2459 duty=11/14 pwm=PWM2:11/PWM1:14 motor=2:11/1:14
ATGCorner: L=1@15/0@-1 Y=0@-1/0@-1 farL=0@-1/0@-1 Lxy=70.5,82.3:59.3,47.7/-1.0,-1.0:-1.0,-1.0 Yxy=-1.0,-1.0:-1.0,-1.0/-1.0,-1.0:-1.0,-1.0 farLxy=-1.0,-1.0:-1.0,-1.0/-1.0,-1.0:-1.0,-1.0 best=15:70.5,82.3:59.3,47.7:97.4:11111/1:114.1,114.4:145.4,98.5:6.2:10111 seed_src=lpt/none seed=0.0,0.0/0.0,0.0 far_start=70,0 far_raw=0/0 far_num=0/0 straight=0/1 far_straight=0/0 conf_deg=97.4/6.2/0.0/0.0
CrossDiag: type=CROSS_NONE track=1 half_lr=0/0 nearL=1@15/0@-1 nearNum=38/128 centerNum=38/128 farL=0@-1/0@-1 farNum=0/0 farRaw=0/0 lost=0/0 not_have=0 final=128/132 flags=0/0
LineErr: aim=33 cxcy=84.0,119.6 left=1:-10.78@95,87 dx=10.7 idx=1/11 dist=34/125 right=1:-11.47@95,87 dx=11.4 idx=0/10 dist=32/266 sel=1:-11.63@96,84 dx=12.0 idx=0/16 dist=32/262 edge=1:-10.44@95.5,80.5 dx=11.5 width=57.0 l=67,80 r=124,81
CxScan: raw_ref=80.0 edge=95.5,80.5 best_raw_x=110 best_err=0.02 best_cxcy=95.5,119.6 scan=0:-34.2,10:-31.7,20:-29.1,30:-26.3,40:-23.3,50:-20.3,60:-17.1,70:-13.8,80:-10.4,90:-7.0,100:-3.5,110:0.0,120:3.5,130:7.0,140:10.4
ATGSeedDiag: seed=1@28,108/1@149,108 begin=7,108 block=5 clip=8
ATGLptDiag: best=15(97.4) imip=5/25 pass=11111 acc=15 ipm=70.5,82.3 inv=59.3,47.7 | 1(6.2) imip=0/11 pass=10111 acc=-1 ipm=114.1,114.4 inv=145.4,98.5
frame=142 line=1 track=1 cross=0 circle=1(CIRCLE_LEFT_BEGIN) round=0 yroad=0 ramp=0 road=7 speed=0 near=38/128 raw=118/105 sel=128/132 far=0/0 far_raw=0/0 l=1@15/0@-1 far_l=0@-1/0@-1 straight=0/1 far_straight=0/0 circle_cnt=0/0/0/0 lost=0/0 conf=98.6/4.1/0.0/0.0 dist=0 begin=672/0 m0=(84,119) ml=(96,87) md=32/1/154 cxcy=84.0,119.6 guide=0.00 atg=59.0/30.0/30.0 pure=-2.84/-2.14 yaw=0 cmd=60 actual=-60 signed=1 rps=3718/3882:2563/2588 duty=11/14 pwm=PWM2:11/PWM1:14 motor=2:11/1:14
ATGCorner: L=1@15/0@-1 Y=0@-1/0@-1 farL=0@-1/0@-1 Lxy=70.6,82.3:59.4,47.6/-1.0,-1.0:-1.0,-1.0 Yxy=-1.0,-1.0:-1.0,-1.0/-1.0,-1.0:-1.0,-1.0 farLxy=-1.0,-1.0:-1.0,-1.0/-1.0,-1.0:-1.0,-1.0 best=15:70.6,82.3:59.4,47.6:98.6:11111/46:146.2,15.0:109.5,18.9:4.1:10101 seed_src=lpt/none seed=0.0,0.0/0.0,0.0 far_start=70,0 far_raw=0/0 far_num=0/0 straight=0/1 far_straight=0/0 conf_deg=98.6/4.1/0.0/0.0
CrossDiag: type=CROSS_NONE track=1 half_lr=0/0 nearL=1@15/0@-1 nearNum=38/128 centerNum=38/128 farL=0@-1/0@-1 farNum=0/0 farRaw=0/0 lost=0/0 not_have=0 final=128/132 flags=0/0
LineErr: aim=33 cxcy=84.0,119.6 left=1:-11.06@95,87 dx=11.0 idx=1/11 dist=34/125 right=1:-11.81@96,87 dx=11.7 idx=0/10 dist=32/266 sel=1:-11.97@96,85 dx=12.3 idx=0/16 dist=32/262 edge=1:-11.42@96.5,81.0 dx=12.5 width=55.0 l=69,81 r=124,81
CxScan: raw_ref=80.0 edge=96.5,81.0 best_raw_x=115 best_err=0.86 best_cxcy=97.4,119.7 scan=0:-35.1,10:-32.6,20:-30.0,30:-27.2,40:-24.3,50:-21.3,60:-18.1,70:-14.8,80:-11.4,90:-8.0,100:-4.5,110:-0.9,120:2.6,130:6.2,140:9.6
ATGSeedDiag: seed=1@29,108/1@149,108 begin=7,108 block=5 clip=8
ATGLptDiag: best=15(98.6) imip=5/25 pass=11111 acc=15 ipm=70.6,82.3 inv=59.4,47.6 | 46(4.1) imip=36/56 pass=10101 acc=-1 ipm=146.2,15.0 inv=109.5,18.9
frame=143 line=1 track=1 cross=0 circle=1(CIRCLE_LEFT_BEGIN) round=0 yroad=0 ramp=0 road=7 speed=0 near=37/128 raw=117/105 sel=128/132 far=0/0 far_raw=0/0 l=1@15/0@-1 far_l=0@-1/0@-1 straight=0/1 far_straight=0/0 circle_cnt=0/0/0/0 lost=0/0 conf=96.0/4.1/0.0/0.0 dist=0 begin=679/0 m0=(84,119) ml=(95,87) md=32/1/154 cxcy=84.0,119.6 guide=0.00 atg=59.0/30.0/30.0 pure=-2.84/-2.14 yaw=0 cmd=48 actual=-48 signed=1 rps=3735/3865:2502/2569 duty=11/14 pwm=PWM2:11/PWM1:14 motor=2:11/1:14
ATGCorner: L=1@15/0@-1 Y=0@-1/0@-1 farL=0@-1/0@-1 Lxy=70.1,82.4:58.9,47.7/-1.0,-1.0:-1.0,-1.0 Yxy=-1.0,-1.0:-1.0,-1.0/-1.0,-1.0:-1.0,-1.0 farLxy=-1.0,-1.0:-1.0,-1.0/-1.0,-1.0:-1.0,-1.0 best=15:70.1,82.4:58.9,47.7:96.0:11111/46:146.2,15.1:109.5,18.9:4.1:10101 seed_src=lpt/none seed=0.0,0.0/0.0,0.0 far_start=70,0 far_raw=0/0 far_num=0/0 straight=0/1 far_straight=0/0 conf_deg=96.0/4.1/0.0/0.0
CrossDiag: type=CROSS_NONE track=1 half_lr=0/0 nearL=1@15/0@-1 nearNum=37/128 centerNum=37/128 farL=0@-1/0@-1 farNum=0/0 farRaw=0/0 lost=0/0 not_have=0 final=128/132 flags=0/0
LineErr: aim=33 cxcy=84.0,119.6 left=1:-10.88@95,86 dx=10.9 idx=1/11 dist=35/123 right=1:-11.55@95,87 dx=11.4 idx=0/10 dist=32/266 sel=1:-11.89@96,85 dx=12.3 idx=0/16 dist=32/262 edge=1:-10.97@96.0,81.0 dx=12.0 width=56.0 l=68,81 r=124,81
CxScan: raw_ref=80.0 edge=96.0,81.0 best_raw_x=110 best_err=-0.45 best_cxcy=95.5,119.6 scan=0:-34.8,10:-32.3,20:-29.6,30:-26.8,40:-23.9,50:-20.8,60:-17.7,70:-14.4,80:-11.0,90:-7.5,100:-4.0,110:-0.4,120:3.1,130:6.6,140:10.1
ATGSeedDiag: seed=1@29,108/1@149,108 begin=7,108 block=5 clip=8
ATGLptDiag: best=15(96.0) imip=5/25 pass=11111 acc=15 ipm=70.1,82.4 inv=58.9,47.7 | 46(4.1) imip=36/56 pass=10101 acc=-1 ipm=146.2,15.1 inv=109.5,18.9
frame=144 line=1 track=1 cross=0 circle=1(CIRCLE_LEFT_BEGIN) round=0 yroad=0 ramp=0 road=7 speed=0 near=37/128 raw=117/105 sel=128/132 far=0/0 far_raw=0/0 l=1@15/0@-1 far_l=0@-1/0@-1 straight=0/1 far_straight=0/0 circle_cnt=0/0/0/0 lost=0/0 conf=96.4/4.2/0.0/0.0 dist=0 begin=687/0 m0=(84,119) ml=(95,87) md=32/1/156 cxcy=84.0,119.6 guide=0.00 atg=59.0/29.0/29.0 pure=-2.82/-2.11 yaw=0 cmd=31 actual=-31 signed=1 rps=3757/3843:2670/2795 duty=11/13 pwm=PWM2:11/PWM1:13 motor=2:11/1:13
ATGCorner: L=1@15/0@-1 Y=0@-1/0@-1 farL=0@-1/0@-1 Lxy=70.0,82.4:58.7,47.7/-1.0,-1.0:-1.0,-1.0 Yxy=-1.0,-1.0:-1.0,-1.0/-1.0,-1.0:-1.0,-1.0 farLxy=-1.0,-1.0:-1.0,-1.0/-1.0,-1.0:-1.0,-1.0 best=15:70.0,82.4:58.7,47.7:96.4:11111/45:144.9,17.1:109.3,19.3:4.2:10101 seed_src=lpt/none seed=0.0,0.0/0.0,0.0 far_start=70,0 far_raw=0/0 far_num=0/0 straight=0/1 far_straight=0/0 conf_deg=96.4/4.2/0.0/0.0
CrossDiag: type=CROSS_NONE track=1 half_lr=0/0 nearL=1@15/0@-1 nearNum=37/128 centerNum=37/128 farL=0@-1/0@-1 farNum=0/0 farRaw=0/0 lost=0/0 not_have=0 final=128/132 flags=0/0
LineErr: aim=33 cxcy=84.0,119.6 left=1:-10.63@95,85 dx=10.8 idx=1/11 dist=35/123 right=1:-11.45@95,87 dx=11.3 idx=0/10 dist=32/266 sel=1:-11.63@96,84 dx=12.0 idx=0/16 dist=32/262 edge=1:-10.16@95.0,81.5 dx=11.0 width=58.0 l=66,82 r=124,81
CxScan: raw_ref=80.0 edge=95.0,81.5 best_raw_x=110 best_err=0.48 best_cxcy=95.5,119.6 scan=0:-34.4,10:-31.8,20:-29.1,30:-26.3,40:-23.3,50:-20.2,60:-16.9,70:-13.6,80:-10.2,90:-6.6,100:-3.1,110:0.5,120:4.0,130:7.6,140:11.0
ATGSeedDiag: seed=1@29,108/1@149,108 begin=7,108 block=5 clip=8
ATGLptDiag: best=15(96.4) imip=5/25 pass=11111 acc=15 ipm=70.0,82.4 inv=58.7,47.7 | 45(4.2) imip=35/55 pass=10101 acc=-1 ipm=144.9,17.1 inv=109.3,19.3
frame=146 line=1 track=1 cross=0 circle=1(CIRCLE_LEFT_BEGIN) round=0 yroad=0 ramp=0 road=7 speed=0 near=36/128 raw=116/104 sel=128/133 far=0/0 far_raw=0/0 l=1@14/0@-1 far_l=0@-1/0@-1 straight=0/1 far_straight=0/0 circle_cnt=0/0/0/0 lost=0/0 conf=98.9/5.1/0.0/0.0 dist=0 begin=703/0 m0=(84,119) ml=(95,87) md=32/1/156 cxcy=84.0,119.6 guide=0.00 atg=55.0/29.0/29.0 pure=-2.77/-2.10 yaw=0 cmd=11 actual=-11 signed=1 rps=3785/3815:2805/2940 duty=11/13 pwm=PWM2:11/PWM1:13 motor=2:11/1:13
ATGCorner: L=1@14/0@-1 Y=0@-1/0@-1 farL=0@-1/0@-1 Lxy=70.8,84.7:59.3,49.7/-1.0,-1.0:-1.0,-1.0 Yxy=-1.0,-1.0:-1.0,-1.0/-1.0,-1.0:-1.0,-1.0 farLxy=-1.0,-1.0:-1.0,-1.0/-1.0,-1.0:-1.0,-1.0 best=14:70.8,84.7:59.3,49.7:98.9:11111/2:115.2,112.0:142.8,91.4:5.1:10111 seed_src=lpt/none seed=0.0,0.0/0.0,0.0 far_start=70,0 far_raw=0/0 far_num=0/0 straight=0/1 far_straight=0/0 conf_deg=98.9/5.1/0.0/0.0
CrossDiag: type=CROSS_NONE track=1 half_lr=0/0 nearL=1@14/0@-1 nearNum=36/128 centerNum=36/128 farL=0@-1/0@-1 farNum=0/0 farRaw=0/0 lost=0/0 not_have=0 final=128/133 flags=0/0
LineErr: aim=33 cxcy=84.0,119.6 left=1:-11.68@95,90 dx=11.0 idx=1/10 dist=31/121 right=1:-11.47@95,87 dx=11.4 idx=0/10 dist=32/266 sel=1:-11.62@96,84 dx=12.0 idx=0/16 dist=32/264 edge=1:-9.78@94.5,82.0 dx=10.5 width=59.0 l=65,83 r=124,81
CxScan: raw_ref=80.0 edge=94.5,82.0 best_raw_x=105 best_err=-0.84 best_cxcy=93.6,119.6 scan=0:-34.2,10:-31.7,20:-29.0,30:-26.1,40:-23.1,50:-19.9,60:-16.6,70:-13.3,80:-9.8,90:-6.2,100:-2.6,110:1.0,120:4.6,130:8.1,140:11.6
ATGSeedDiag: seed=1@29,108/1@149,107 begin=7,108 block=5 clip=8
ATGLptDiag: best=14(98.9) imip=4/24 pass=11111 acc=14 ipm=70.8,84.7 inv=59.3,49.7 | 2(5.1) imip=0/12 pass=10111 acc=-1 ipm=115.2,112.0 inv=142.8,91.4
frame=147 line=1 track=1 cross=0 circle=1(CIRCLE_LEFT_BEGIN) round=0 yroad=0 ramp=0 road=7 speed=0 near=37/128 raw=118/105 sel=128/132 far=0/0 far_raw=0/0 l=1@15/0@-1 far_l=0@-1/0@-1 straight=0/1 far_straight=0/0 circle_cnt=0/0/0/0 lost=0/0 conf=96.9/3.2/0.0/0.0 dist=0 begin=711/0 m0=(84,119) ml=(96,87) md=32/1/155 cxcy=84.0,119.6 guide=0.00 atg=59.0/29.0/30.0 pure=-2.82/-2.12 yaw=0 cmd=8 actual=-8 signed=1 rps=3789/3811:2745/2840 duty=11/13 pwm=PWM2:11/PWM1:13 motor=2:11/1:13
ATGCorner: L=1@15/0@-1 Y=0@-1/0@-1 farL=0@-1/0@-1 Lxy=70.1,82.6:58.8,47.9/-1.0,-1.0:-1.0,-1.0 Yxy=-1.0,-1.0:-1.0,-1.0/-1.0,-1.0:-1.0,-1.0 farLxy=-1.0,-1.0:-1.0,-1.0/-1.0,-1.0:-1.0,-1.0 best=15:70.1,82.6:58.8,47.9:96.9:11111/44:144.4,19.3:109.7,19.8:3.2:10111 seed_src=lpt/none seed=0.0,0.0/0.0,0.0 far_start=70,0 far_raw=0/0 far_num=0/0 straight=0/1 far_straight=0/0 conf_deg=96.9/3.2/0.0/0.0
CrossDiag: type=CROSS_NONE track=1 half_lr=0/0 nearL=1@15/0@-1 nearNum=37/128 centerNum=37/128 farL=0@-1/0@-1 farNum=0/0 farRaw=0/0 lost=0/0 not_have=0 final=128/132 flags=0/0
LineErr: aim=33 cxcy=84.0,119.6 left=1:-10.79@95,85 dx=11.0 idx=1/11 dist=35/121 right=1:-11.80@96,87 dx=11.7 idx=0/10 dist=32/266 sel=1:-11.97@96,85 dx=12.3 idx=0/16 dist=32/262 edge=1:-11.15@96.0,82.0 dx=12.0 width=56.0 l=68,83 r=124,81
CxScan: raw_ref=80.0 edge=96.0,82.0 best_raw_x=110 best_err=-0.45 best_cxcy=95.5,119.6 scan=0:-35.2,10:-32.7,20:-30.0,30:-27.2,40:-24.3,50:-21.2,60:-17.9,70:-14.6,80:-11.1,90:-7.6,100:-4.1,110:-0.5,120:3.1,130:6.7,140:10.2
ATGSeedDiag: seed=1@30,108/1@150,108 begin=7,108 block=5 clip=8
ATGLptDiag: best=15(96.9) imip=5/25 pass=11111 acc=15 ipm=70.1,82.6 inv=58.8,47.9 | 44(3.2) imip=34/54 pass=10111 acc=-1 ipm=144.4,19.3 inv=109.7,19.8
frame=148 line=0 track=1 cross=0 circle=1(CIRCLE_LEFT_BEGIN) round=0 yroad=0 ramp=0 road=7 speed=0 near=36/1 raw=116/170 sel=1/0 far=0/0 far_raw=0/0 l=1@14/0@-1 far_l=0@-1/0@-1 straight=0/0 far_straight=0/0 circle_cnt=0/0/0/0 lost=0/0 conf=98.8/0.0/0.0/0.0 dist=0 begin=719/0 m0=(-1,-1) ml=(-1,-1) md=-1/0/-1 cxcy=84.0,119.6 guide=0.00 atg=59.0/29.0/30.0 pure=-2.82/-2.12 yaw=0 cmd=0 actual=22 signed=0 rps=0/0:0/0 duty=0/0 pwm=PWM2:0/PWM1:0 motor=2:0/1:0
ATGCorner: L=1@14/0@-1 Y=0@-1/0@-1 farL=0@-1/0@-1 Lxy=70.8,84.6:59.2,49.6/-1.0,-1.0:-1.0,-1.0 Yxy=-1.0,-1.0:-1.0,-1.0/-1.0,-1.0:-1.0,-1.0 farLxy=-1.0,-1.0:-1.0,-1.0/-1.0,-1.0:-1.0,-1.0 best=14:70.8,84.6:59.2,49.6:98.8:11111/-1:-1.0,-1.0:-1.0,-1.0:-57295.8:00000 seed_src=lpt/lost seed=0.0,0.0/0.0,0.0 far_start=70,0 far_raw=0/0 far_num=0/0 straight=0/0 far_straight=0/0 conf_deg=98.8/0.0/0.0/0.0
CrossDiag: type=CROSS_NONE track=1 half_lr=0/0 nearL=1@14/0@-1 nearNum=36/1 centerNum=36/1 farL=0@-1/0@-1 farNum=0/0 farRaw=0/0 lost=0/0 not_have=0 final=1/0 flags=0/0
LineErr: aim=33 cxcy=84.0,119.6 left=1:-11.40@95,89 dx=10.9 idx=1/10 dist=31/121 right=0:0.00@-1,-1 dx=0.0 idx=-1/-1 dist=-1/-1 sel=0:0.00@-1,-1 dx=0.0 idx=-1/-1 dist=-1/-1 edge=0:0.00@-1.0,-1.0 dx=0.0 width=0.0 l=67,83 r=-1,-1
ATGSeedDiag: seed=1@30,108/1@144,108 begin=7,108 block=5 clip=8
ATGLptDiag: best=14(98.8) imip=4/24 pass=11111 acc=14 ipm=70.8,84.6 inv=59.2,49.6 | -1(-57295.8) imip=-1/-1 pass=00000 acc=-1 ipm=-1.0,-1.0 inv=-1.0,-1.0
frame=149 line=1 track=1 cross=0 circle=1(CIRCLE_LEFT_BEGIN) round=0 yroad=0 ramp=0 road=7 speed=0 near=36/128 raw=116/105 sel=128/132 far=0/0 far_raw=0/0 l=1@14/0@-1 far_l=0@-1/0@-1 straight=0/1 far_straight=0/0 circle_cnt=0/0/0/0 lost=0/0 conf=99.1/5.9/0.0/0.0 dist=0 begin=727/0 m0=(84,119) ml=(96,87) md=32/1/155 cxcy=84.0,119.6 guide=0.00 atg=60.0/30.0/30.0 pure=-2.86/-2.14 yaw=0 cmd=46 actual=-46 signed=1 rps=3737/3863:3082/2869 duty=9/12 pwm=PWM2:9/PWM1:12 motor=2:9/1:12
ATGCorner: L=1@14/0@-1 Y=0@-1/0@-1 farL=0@-1/0@-1 Lxy=70.8,84.6:59.3,49.6/-1.0,-1.0:-1.0,-1.0 Yxy=-1.0,-1.0:-1.0,-1.0/-1.0,-1.0:-1.0,-1.0 farLxy=-1.0,-1.0:-1.0,-1.0/-1.0,-1.0:-1.0,-1.0 best=14:70.8,84.6:59.3,49.6:99.1:11111/2:115.3,112.3:143.7,92.3:5.9:10111 seed_src=lpt/none seed=0.0,0.0/0.0,0.0 far_start=70,0 far_raw=0/0 far_num=0/0 straight=0/1 far_straight=0/0 conf_deg=99.1/5.9/0.0/0.0
CrossDiag: type=CROSS_NONE track=1 half_lr=0/0 nearL=1@14/0@-1 nearNum=36/128 centerNum=36/128 farL=0@-1/0@-1 farNum=0/0 farRaw=0/0 lost=0/0 not_have=0 final=128/132 flags=0/0
LineErr: aim=33 cxcy=84.0,119.6 left=1:-11.53@95,89 dx=11.1 idx=1/10 dist=32/121 right=1:-11.80@96,87 dx=11.7 idx=0/10 dist=32/266 sel=1:-11.96@96,85 dx=12.3 idx=0/16 dist=32/262 edge=1:-9.86@94.5,82.5 dx=10.5 width=61.1 l=64,84 r=125,81
CxScan: raw_ref=80.0 edge=94.5,82.5 best_raw_x=105 best_err=-0.85 best_cxcy=93.6,119.6 scan=0:-34.5,10:-31.9,20:-29.2,30:-26.3,40:-23.2,50:-20.1,60:-16.8,70:-13.4,80:-9.9,90:-6.3,100:-2.7,110:1.0,120:4.6,130:8.2,140:11.7
ATGSeedDiag: seed=1@30,108/1@150,108 begin=7,108 block=5 clip=8
ATGLptDiag: best=14(99.1) imip=4/24 pass=11111 acc=14 ipm=70.8,84.6 inv=59.3,49.6 | 2(5.9) imip=0/12 pass=10111 acc=-1 ipm=115.3,112.3 inv=143.7,92.3
frame=150 line=1 track=1 cross=0 circle=1(CIRCLE_LEFT_BEGIN) round=0 yroad=0 ramp=0 road=7 speed=0 near=36/128 raw=117/105 sel=128/132 far=0/0 far_raw=0/0 l=1@14/0@-1 far_l=0@-1/0@-1 straight=0/1 far_straight=0/0 circle_cnt=0/0/0/0 lost=0/0 conf=100.8/6.7/0.0/0.0 dist=0 begin=735/0 m0=(84,119) ml=(96,87) md=32/1/155 cxcy=84.0,119.6 guide=0.00 atg=59.0/29.0/30.0 pure=-2.85/-2.12 yaw=0 cmd=79 actual=-79 signed=1 rps=3692/3908:2870/2669 duty=9/12 pwm=PWM2:9/PWM1:12 motor=2:9/1:12
ATGCorner: L=1@14/0@-1 Y=0@-1/0@-1 farL=0@-1/0@-1 Lxy=71.4,84.6:59.9,49.7/-1.0,-1.0:-1.0,-1.0 Yxy=-1.0,-1.0:-1.0,-1.0/-1.0,-1.0:-1.0,-1.0 farLxy=-1.0,-1.0:-1.0,-1.0/-1.0,-1.0:-1.0,-1.0 best=14:71.4,84.6:59.9,49.7:100.8:11111/1:114.5,114.4:146.4,98.5:6.7:10111 seed_src=lpt/none seed=0.0,0.0/0.0,0.0 far_start=70,0 far_raw=0/0 far_num=0/0 straight=0/1 far_straight=0/0 conf_deg=100.8/6.7/0.0/0.0
CrossDiag: type=CROSS_NONE track=1 half_lr=0/0 nearL=1@14/0@-1 nearNum=36/128 centerNum=36/128 farL=0@-1/0@-1 farNum=0/0 farRaw=0/0 lost=0/0 not_have=0 final=128/132 flags=0/0
LineErr: aim=33 cxcy=84.0,119.6 left=1:-11.73@95,89 dx=11.2 idx=1/10 dist=31/119 right=1:-11.80@96,87 dx=11.7 idx=0/10 dist=32/266 sel=1:-11.96@96,85 dx=12.3 idx=0/16 dist=32/262 edge=1:-10.32@95.0,82.5 dx=11.0 width=60.1 l=65,84 r=125,81
CxScan: raw_ref=80.0 edge=95.0,82.5 best_raw_x=110 best_err=0.49 best_cxcy=95.5,119.6 scan=0:-34.8,10:-32.2,20:-29.5,30:-26.7,40:-23.6,50:-20.5,60:-17.2,70:-13.8,80:-10.3,90:-6.8,100:-3.1,110:0.5,120:4.1,130:7.7,140:11.2
ATGSeedDiag: seed=1@30,108/1@150,108 begin=7,108 block=5 clip=8
ATGLptDiag: best=14(100.8) imip=4/24 pass=11111 acc=14 ipm=71.4,84.6 inv=59.9,49.7 | 1(6.7) imip=0/11 pass=10111 acc=-1 ipm=114.5,114.4 inv=146.4,98.5
frame=151 line=1 track=1 cross=0 circle=1(CIRCLE_LEFT_BEGIN) round=0 yroad=0 ramp=0 road=7 speed=0 near=35/128 raw=115/105 sel=128/132 far=0/0 far_raw=0/0 l=1@14/0@-1 far_l=0@-1/0@-1 straight=0/1 far_straight=0/0 circle_cnt=0/0/0/0 lost=0/0 conf=97.4/6.7/0.0/0.0 dist=0 begin=743/0 m0=(84,119) ml=(96,87) md=32/1/155 cxcy=84.0,119.6 guide=0.00 atg=59.0/29.0/30.0 pure=-2.85/-2.12 yaw=0 cmd=75 actual=-75 signed=1 rps=3697/3903:2946/2753 duty=9/12 pwm=PWM2:9/PWM1:12 motor=2:9/1:12
ATGCorner: L=1@14/0@-1 Y=0@-1/0@-1 farL=0@-1/0@-1 Lxy=70.4,84.7:58.8,49.7/-1.0,-1.0:-1.0,-1.0 Yxy=-1.0,-1.0:-1.0,-1.0/-1.0,-1.0:-1.0,-1.0 farLxy=-1.0,-1.0:-1.0,-1.0/-1.0,-1.0:-1.0,-1.0 best=14:70.4,84.7:58.8,49.7:97.4:11111/1:114.5,114.4:146.4,98.5:6.7:10111 seed_src=lpt/none seed=0.0,0.0/0.0,0.0 far_start=70,0 far_raw=0/0 far_num=0/0 straight=0/1 far_straight=0/0 conf_deg=97.4/6.7/0.0/0.0
CrossDiag: type=CROSS_NONE track=1 half_lr=0/0 nearL=1@14/0@-1 nearNum=35/128 centerNum=35/128 farL=0@-1/0@-1 farNum=0/0 farRaw=0/0 lost=0/0 not_have=0 final=128/132 flags=0/0
LineErr: aim=33 cxcy=84.0,119.6 left=1:-11.41@95,88 dx=11.0 idx=1/10 dist=31/117 right=1:-11.80@96,87 dx=11.7 idx=0/10 dist=32/266 sel=1:-11.96@96,85 dx=12.3 idx=0/16 dist=32/262 edge=1:-9.48@94.0,83.0 dx=10.0 width=60.1 l=64,85 r=124,81
CxScan: raw_ref=80.0 edge=94.0,83.0 best_raw_x=105 best_err=-0.38 best_cxcy=93.6,119.6 scan=0:-34.4,10:-31.8,20:-29.0,30:-26.1,40:-23.0,50:-19.8,60:-16.5,70:-13.0,80:-9.5,90:-5.9,100:-2.2,110:1.5,120:5.1,130:8.7,140:12.2
ATGSeedDiag: seed=1@30,108/1@150,108 begin=7,108 block=5 clip=8
ATGLptDiag: best=14(97.4) imip=4/24 pass=11111 acc=14 ipm=70.4,84.7 inv=58.8,49.7 | 1(6.7) imip=0/11 pass=10111 acc=-1 ipm=114.5,114.4 inv=146.4,98.5
frame=152 line=1 track=1 cross=0 circle=1(CIRCLE_LEFT_BEGIN) round=0 yroad=0 ramp=0 road=7 speed=0 near=35/128 raw=114/105 sel=128/132 far=0/0 far_raw=0/0 l=1@14/0@-1 far_l=0@-1/0@-1 straight=0/1 far_straight=0/0 circle_cnt=0/0/0/0 lost=0/0 conf=94.8/8.7/0.0/0.0 dist=0 begin=751/0 m0=(84,119) ml=(96,87) md=32/1/155 cxcy=84.0,119.6 guide=0.00 atg=59.0/30.0/30.0 pure=-2.85/-2.14 yaw=0 cmd=61 actual=-61 signed=1 rps=3716/3884:2829/2679 duty=9/12 pwm=PWM2:9/PWM1:12 motor=2:9/1:12
ATGCorner: L=1@14/0@-1 Y=0@-1/0@-1 farL=0@-1/0@-1 Lxy=69.8,84.7:58.0,49.7/-1.0,-1.0:-1.0,-1.0 Yxy=-1.0,-1.0:-1.0,-1.0/-1.0,-1.0:-1.0,-1.0 farLxy=-1.0,-1.0:-1.0,-1.0/-1.0,-1.0:-1.0,-1.0 best=14:69.8,84.7:58.0,49.7:94.8:11111/1:114.6,114.5:146.6,98.6:8.7:10111 seed_src=lpt/none seed=0.0,0.0/0.0,0.0 far_start=70,0 far_raw=0/0 far_num=0/0 straight=0/1 far_straight=0/0 conf_deg=94.8/8.7/0.0/0.0
CrossDiag: type=CROSS_NONE track=1 half_lr=0/0 nearL=1@14/0@-1 nearNum=35/128 centerNum=35/128 farL=0@-1/0@-1 farNum=0/0 farRaw=0/0 lost=0/0 not_have=0 final=128/132 flags=0/0
LineErr: aim=33 cxcy=84.0,119.6 left=1:-11.01@95,87 dx=10.9 idx=1/10 dist=33/117 right=1:-12.03@96,87 dx=11.9 idx=0/10 dist=32/267 sel=1:-12.00@96,85 dx=12.3 idx=0/16 dist=32/262 edge=1:-9.01@93.5,83.0 dx=9.5 width=61.1 l=63,85 r=124,81
CxScan: raw_ref=80.0 edge=93.5,83.0 best_raw_x=105 best_err=0.10 best_cxcy=93.6,119.6 scan=0:-34.0,10:-31.4,20:-28.6,30:-25.7,40:-22.6,50:-19.4,60:-16.0,70:-12.6,80:-9.0,90:-5.4,100:-1.7,110:1.9,120:5.6,130:9.2,140:12.7
ATGSeedDiag: seed=1@31,107/1@150,108 begin=7,108 block=5 clip=8
ATGLptDiag: best=14(94.8) imip=4/24 pass=11111 acc=14 ipm=69.8,84.7 inv=58.0,49.7 | 1(8.7) imip=0/11 pass=10111 acc=-1 ipm=114.6,114.5 inv=146.6,98.6
frame=153 line=1 track=1 cross=0 circle=1(CIRCLE_LEFT_BEGIN) round=0 yroad=0 ramp=0 road=7 speed=0 near=35/128 raw=116/104 sel=128/132 far=0/0 far_raw=0/0 l=1@14/0@-1 far_l=0@-1/0@-1 straight=0/1 far_straight=0/0 circle_cnt=0/0/0/0 lost=0/0 conf=97.6/3.9/0.0/0.0 dist=0 begin=759/0 m0=(84,119) ml=(96,87) md=32/1/155 cxcy=84.0,119.6 guide=0.00 atg=60.0/30.0/30.0 pure=-2.90/-2.15 yaw=0 cmd=52 actual=-52 signed=1 rps=3729/3871:2879/2774 duty=9/12 pwm=PWM2:9/PWM1:12 motor=2:9/1:12
ATGCorner: L=1@14/0@-1 Y=0@-1/0@-1 farL=0@-1/0@-1 Lxy=70.4,84.8:58.7,49.8/-1.0,-1.0:-1.0,-1.0 Yxy=-1.0,-1.0:-1.0,-1.0/-1.0,-1.0:-1.0,-1.0 farLxy=-1.0,-1.0:-1.0,-1.0/-1.0,-1.0:-1.0,-1.0 best=14:70.4,84.8:58.7,49.8:97.6:11111/42:143.7,23.5:110.5,20.8:3.9:10111 seed_src=lpt/none seed=0.0,0.0/0.0,0.0 far_start=70,0 far_raw=0/0 far_num=0/0 straight=0/1 far_straight=0/0 conf_deg=97.6/3.9/0.0/0.0
CrossDiag: type=CROSS_NONE track=1 half_lr=0/0 nearL=1@14/0@-1 nearNum=35/128 centerNum=35/128 farL=0@-1/0@-1 farNum=0/0 farRaw=0/0 lost=0/0 not_have=0 final=128/132 flags=0/0
LineErr: aim=33 cxcy=84.0,119.6 left=1:-11.32@95,87 dx=11.1 idx=1/10 dist=32/116 right=1:-12.17@96,87 dx=12.1 idx=0/10 dist=33/267 sel=1:-12.30@97,85 dx=12.7 idx=0/16 dist=32/262 edge=1:-10.87@95.5,83.0 dx=11.5 width=59.1 l=66,85 r=125,81
CxScan: raw_ref=80.0 edge=95.5,83.0 best_raw_x=110 best_err=0.02 best_cxcy=95.5,119.6 scan=0:-35.3,10:-32.8,20:-30.1,30:-27.2,40:-24.2,50:-21.1,60:-17.8,70:-14.4,80:-10.9,90:-7.3,100:-3.6,110:0.0,120:3.7,130:7.3,140:10.9
ATGSeedDiag: seed=1@31,108/1@150,107 begin=7,108 block=5 clip=8
ATGLptDiag: best=14(97.6) imip=4/24 pass=11111 acc=14 ipm=70.4,84.8 inv=58.7,49.8 | 42(3.9) imip=32/52 pass=10111 acc=-1 ipm=143.7,23.5 inv=110.5,20.8
frame=154 line=1 track=1 cross=0 circle=1(CIRCLE_LEFT_BEGIN) round=0 yroad=0 ramp=0 road=7 speed=0 near=34/128 raw=114/105 sel=128/132 far=0/0 far_raw=0/0 l=1@13/0@-1 far_l=0@-1/0@-1 straight=0/1 far_straight=0/0 circle_cnt=0/0/0/0 lost=0/0 conf=99.2/7.9/0.0/0.0 dist=0 begin=767/0 m0=(84,119) ml=(96,87) md=32/1/154 cxcy=84.0,119.6 guide=0.00 atg=60.0/32.0/32.0 pure=-2.99/-2.21 yaw=0 cmd=24 actual=-24 signed=1 rps=3767/3833:2769/2716 duty=10/12 pwm=PWM2:10/PWM1:12 motor=2:10/1:12
ATGCorner: L=1@13/0@-1 Y=0@-1/0@-1 farL=0@-1/0@-1 Lxy=71.0,86.9:59.0,51.8/-1.0,-1.0:-1.0,-1.0 Yxy=-1.0,-1.0:-1.0,-1.0/-1.0,-1.0:-1.0,-1.0 farLxy=-1.0,-1.0:-1.0,-1.0/-1.0,-1.0:-1.0,-1.0 best=13:71.0,86.9:59.0,51.8:99.2:11111/1:115.0,114.5:147.5,98.6:7.9:10111 seed_src=lpt/none seed=0.0,0.0/0.0,0.0 far_start=70,0 far_raw=0/0 far_num=0/0 straight=0/1 far_straight=0/0 conf_deg=99.2/7.9/0.0/0.0
CrossDiag: type=CROSS_NONE track=1 half_lr=0/0 nearL=1@13/0@-1 nearNum=34/128 centerNum=34/128 farL=0@-1/0@-1 farNum=0/0 farRaw=0/0 lost=0/0 not_have=0 final=128/132 flags=0/0
LineErr: aim=33 cxcy=84.0,119.6 left=1:-11.23@95,87 dx=11.1 idx=1/10 dist=33/116 right=1:-12.51@96,87 dx=12.4 idx=0/10 dist=33/267 sel=1:-12.64@97,85 dx=13.0 idx=0/16 dist=32/262 edge=1:-10.41@95.0,83.0 dx=11.0 width=60.1 l=65,85 r=125,81
CxScan: raw_ref=80.0 edge=95.0,83.0 best_raw_x=110 best_err=0.50 best_cxcy=95.5,119.6 scan=0:-35.0,10:-32.4,20:-29.7,30:-26.8,40:-23.8,50:-20.6,60:-17.3,70:-13.9,80:-10.4,90:-6.8,100:-3.2,110:0.5,120:4.2,130:7.8,140:11.3
ATGSeedDiag: seed=1@31,108/1@151,108 begin=7,108 block=5 clip=8
ATGLptDiag: best=13(99.2) imip=3/23 pass=11111 acc=13 ipm=71.0,86.9 inv=59.0,51.8 | 1(7.9) imip=0/11 pass=10111 acc=-1 ipm=115.0,114.5 inv=147.5,98.6
frame=155 line=1 track=1 cross=0 circle=1(CIRCLE_LEFT_BEGIN) round=0 yroad=0 ramp=0 road=7 speed=0 near=34/129 raw=114/105 sel=129/134 far=0/0 far_raw=0/0 l=1@13/0@-1 far_l=0@-1/0@-1 straight=0/1 far_straight=0/0 circle_cnt=0/0/0/0 lost=0/0 conf=100.8/3.4/0.0/0.0 dist=0 begin=774/0 m0=(84,119) ml=(97,87) md=32/1/153 cxcy=84.0,119.6 guide=0.00 atg=60.0/32.0/32.0 pure=-2.99/-2.22 yaw=0 cmd=-4 actual=4 signed=1 rps=3806/3794:2788/2792 duty=10/12 pwm=PWM2:10/PWM1:12 motor=2:10/1:12
ATGCorner: L=1@13/0@-1 Y=0@-1/0@-1 farL=0@-1/0@-1 Lxy=71.2,86.9:59.3,51.8/-1.0,-1.0:-1.0,-1.0 Yxy=-1.0,-1.0:-1.0,-1.0/-1.0,-1.0:-1.0,-1.0 farLxy=-1.0,-1.0:-1.0,-1.0/-1.0,-1.0:-1.0,-1.0 best=13:71.2,86.9:59.3,51.8:100.8:11111/6:119.0,103.5:136.3,73.0:3.4:10111 seed_src=lpt/none seed=0.0,0.0/0.0,0.0 far_start=70,0 far_raw=0/0 far_num=0/0 straight=0/1 far_straight=0/0 conf_deg=100.8/3.4/0.0/0.0
CrossDiag: type=CROSS_NONE track=1 half_lr=0/0 nearL=1@13/0@-1 nearNum=34/129 centerNum=34/129 farL=0@-1/0@-1 farNum=0/0 farRaw=0/0 lost=0/0 not_have=0 final=129/134 flags=0/0
LineErr: aim=33 cxcy=84.0,119.6 left=1:-11.12@95,87 dx=11.0 idx=1/10 dist=33/113 right=1:-12.84@97,87 dx=12.7 idx=0/10 dist=33/269 sel=1:-12.97@97,85 dx=13.3 idx=0/16 dist=32/266 edge=1:-9.56@94.0,83.5 dx=10.0 width=62.2 l=63,86 r=125,81
CxScan: raw_ref=80.0 edge=94.0,83.5 best_raw_x=105 best_err=-0.38 best_cxcy=93.6,119.6 scan=0:-34.6,10:-32.0,20:-29.2,30:-26.3,40:-23.2,50:-20.0,60:-16.6,70:-13.1,80:-9.6,90:-5.9,100:-2.2,110:1.5,120:5.1,130:8.8,140:12.3
ATGSeedDiag: seed=1@31,108/1@151,108 begin=7,108 block=5 clip=8
ATGLptDiag: best=13(100.8) imip=3/23 pass=11111 acc=13 ipm=71.2,86.9 inv=59.3,51.8 | 6(3.4) imip=0/16 pass=10111 acc=-1 ipm=119.0,103.5 inv=136.3,73.0
frame=156 line=1 track=1 cross=0 circle=1(CIRCLE_LEFT_BEGIN) round=0 yroad=0 ramp=0 road=7 speed=0 near=33/129 raw=112/104 sel=129/134 far=0/0 far_raw=0/0 l=1@13/0@-1 far_l=0@-1/0@-1 straight=0/1 far_straight=0/0 circle_cnt=0/0/0/0 lost=0/0 conf=97.8/6.0/0.0/0.0 dist=0 begin=782/0 m0=(84,119) ml=(97,87) md=32/1/153 cxcy=84.0,119.6 guide=0.00 atg=60.0/32.0/32.0 pure=-2.99/-2.22 yaw=0 cmd=-33 actual=33 signed=1 rps=3845/3755:2813/2846 duty=10/11 pwm=PWM2:10/PWM1:11 motor=2:10/1:11
ATGCorner: L=1@13/0@-1 Y=0@-1/0@-1 farL=0@-1/0@-1 Lxy=70.2,87.0:58.1,51.9/-1.0,-1.0:-1.0,-1.0 Yxy=-1.0,-1.0:-1.0,-1.0/-1.0,-1.0:-1.0,-1.0 farLxy=-1.0,-1.0:-1.0,-1.0/-1.0,-1.0:-1.0,-1.0 best=13:70.2,87.0:58.1,51.9:97.8:11111/1:115.3,114.2:147.5,97.7:6.0:10111 seed_src=lpt/none seed=0.0,0.0/0.0,0.0 far_start=70,0 far_raw=0/0 far_num=0/0 straight=0/1 far_straight=0/0 conf_deg=97.8/6.0/0.0/0.0
CrossDiag: type=CROSS_NONE track=1 half_lr=0/0 nearL=1@13/0@-1 nearNum=33/129 centerNum=33/129 farL=0@-1/0@-1 farNum=0/0 farRaw=0/0 lost=0/0 not_have=0 final=129/134 flags=0/0
LineErr: aim=33 cxcy=84.0,119.6 left=1:-10.59@95,86 dx=10.7 idx=1/10 dist=34/114 right=1:-12.86@97,87 dx=12.8 idx=0/10 dist=33/270 sel=1:-12.97@97,85 dx=13.3 idx=0/16 dist=32/266 edge=1:-9.08@93.5,83.5 dx=9.5 width=65.2 l=61,86 r=126,81
CxScan: raw_ref=80.0 edge=93.5,83.5 best_raw_x=105 best_err=0.10 best_cxcy=93.6,119.6 scan=0:-34.3,10:-31.6,20:-28.8,30:-25.9,40:-22.8,50:-19.5,60:-16.2,70:-12.7,80:-9.1,90:-5.4,100:-1.7,110:1.9,120:5.6,130:9.2,140:12.8
ATGSeedDiag: seed=1@31,108/1@151,107 begin=7,108 block=5 clip=8
ATGLptDiag: best=13(97.8) imip=3/23 pass=11111 acc=13 ipm=70.2,87.0 inv=58.1,51.9 | 1(6.0) imip=0/11 pass=10111 acc=-1 ipm=115.3,114.2 inv=147.5,97.7
frame=157 line=1 track=1 cross=0 circle=1(CIRCLE_LEFT_BEGIN) round=0 yroad=0 ramp=0 road=7 speed=0 near=33/129 raw=112/104 sel=129/134 far=0/0 far_raw=0/0 l=1@13/0@-1 far_l=0@-1/0@-1 straight=0/1 far_straight=0/0 circle_cnt=0/0/0/0 lost=0/0 conf=96.6/6.0/0.0/0.0 dist=0 begin=789/0 m0=(84,119) ml=(97,87) md=32/1/153 cxcy=84.0,119.6 guide=0.00 atg=60.0/32.0/32.0 pure=-3.00/-2.22 yaw=0 cmd=-55 actual=55 signed=1 rps=3875/3725:2627/2644 duty=10/12 pwm=PWM2:10/PWM1:12 motor=2:10/1:12
ATGCorner: L=1@13/0@-1 Y=0@-1/0@-1 farL=0@-1/0@-1 Lxy=70.2,87.0:58.1,51.9/-1.0,-1.0:-1.0,-1.0 Yxy=-1.0,-1.0:-1.0,-1.0/-1.0,-1.0:-1.0,-1.0 farLxy=-1.0,-1.0:-1.0,-1.0/-1.0,-1.0:-1.0,-1.0 best=13:70.2,87.0:58.1,51.9:96.6:11111/1:115.3,114.2:147.5,97.7:6.0:10111 seed_src=lpt/none seed=0.0,0.0/0.0,0.0 far_start=70,0 far_raw=0/0 far_num=0/0 straight=0/1 far_straight=0/0 conf_deg=96.6/6.0/0.0/0.0
CrossDiag: type=CROSS_NONE track=1 half_lr=0/0 nearL=1@13/0@-1 nearNum=33/129 centerNum=33/129 farL=0@-1/0@-1 farNum=0/0 farRaw=0/0 lost=0/0 not_have=0 final=129/134 flags=0/0
LineErr: aim=33 cxcy=84.0,119.6 left=1:-10.54@95,85 dx=10.7 idx=1/10 dist=34/114 right=1:-12.86@97,87 dx=12.8 idx=0/10 dist=33/272 sel=1:-12.97@97,85 dx=13.3 idx=0/16 dist=32/266 edge=1:-9.16@93.5,84.0 dx=9.5 width=65.3 l=61,87 r=126,81
CxScan: raw_ref=80.0 edge=93.5,84.0 best_raw_x=105 best_err=0.10 best_cxcy=93.6,119.6 scan=0:-34.5,10:-31.8,20:-29.0,30:-26.1,40:-22.9,50:-19.7,60:-16.3,70:-12.8,80:-9.2,90:-5.5,100:-1.8,110:2.0,120:5.7,130:9.3,140:12.9
ATGSeedDiag: seed=1@31,108/1@151,107 begin=7,108 block=5 clip=8
ATGLptDiag: best=13(96.6) imip=3/23 pass=11111 acc=13 ipm=70.2,87.0 inv=58.1,51.9 | 1(6.0) imip=0/11 pass=10111 acc=-1 ipm=115.3,114.2 inv=147.5,97.7
frame=158 line=1 track=1 cross=0 circle=1(CIRCLE_LEFT_BEGIN) round=0 yroad=0 ramp=0 road=7 speed=0 near=33/128 raw=112/105 sel=128/132 far=0/0 far_raw=0/0 l=1@13/0@-1 far_l=0@-1/0@-1 straight=0/1 far_straight=0/0 circle_cnt=0/0/0/0 lost=0/0 conf=95.8/4.6/0.0/0.0 dist=0 begin=796/0 m0=(84,119) ml=(96,87) md=32/1/154 cxcy=84.0,119.6 guide=0.00 atg=60.0/32.0/30.0 pure=-2.97/-2.20 yaw=0 cmd=-61 actual=61 signed=1 rps=3884/3716:2656/2634 duty=10/12 pwm=PWM2:10/PWM1:12 motor=2:10/1:12
ATGCorner: L=1@13/0@-1 Y=0@-1/0@-1 farL=0@-1/0@-1 Lxy=70.1,87.0:57.9,51.9/-1.0,-1.0:-1.0,-1.0 Yxy=-1.0,-1.0:-1.0,-1.0/-1.0,-1.0:-1.0,-1.0 farLxy=-1.0,-1.0:-1.0,-1.0/-1.0,-1.0:-1.0,-1.0 best=13:70.1,87.0:57.9,51.9:95.8:11111/3:116.8,110.1:142.6,86.6:4.6:10111 seed_src=lpt/none seed=0.0,0.0/0.0,0.0 far_start=70,0 far_raw=0/0 far_num=0/0 straight=0/1 far_straight=0/0 conf_deg=95.8/4.6/0.0/0.0
CrossDiag: type=CROSS_NONE track=1 half_lr=0/0 nearL=1@13/0@-1 nearNum=33/128 centerNum=33/128 farL=0@-1/0@-1 farNum=0/0 farRaw=0/0 lost=0/0 not_have=0 final=128/132 flags=0/0
LineErr: aim=33 cxcy=84.0,119.6 left=1:-10.37@95,85 dx=10.6 idx=1/10 dist=34/113 right=1:-12.50@96,87 dx=12.4 idx=0/10 dist=33/267 sel=1:-12.64@97,85 dx=13.0 idx=0/16 dist=32/262 edge=1:-8.68@93.0,84.0 dx=9.0 width=64.3 l=61,87 r=125,81
CxScan: raw_ref=80.0 edge=93.0,84.0 best_raw_x=105 best_err=0.59 best_cxcy=93.6,119.6 scan=0:-34.2,10:-31.5,20:-28.7,30:-25.7,40:-22.5,50:-19.2,60:-15.8,70:-12.3,80:-8.7,90:-5.0,100:-1.3,110:2.5,120:6.2,130:9.8,140:13.4
ATGSeedDiag: seed=1@31,108/1@151,108 begin=7,108 block=5 clip=8
ATGLptDiag: best=13(95.8) imip=3/23 pass=11111 acc=13 ipm=70.1,87.0 inv=57.9,51.9 | 3(4.6) imip=0/13 pass=10111 acc=-1 ipm=116.8,110.1 inv=142.6,86.6
frame=159 line=1 track=1 cross=0 circle=1(CIRCLE_LEFT_BEGIN) round=0 yroad=0 ramp=0 road=7 speed=0 near=32/128 raw=111/105 sel=128/132 far=0/0 far_raw=0/0 l=1@13/0@-1 far_l=0@-1/0@-1 straight=0/1 far_straight=0/0 circle_cnt=0/0/0/0 lost=0/0 conf=95.2/6.1/0.0/0.0 dist=0 begin=803/0 m0=(84,119) ml=(96,87) md=32/1/155 cxcy=84.0,119.6 guide=0.00 atg=60.0/31.0/30.0 pure=-2.93/-2.16 yaw=0 cmd=-57 actual=57 signed=1 rps=3878/3722:2522/2470 duty=10/12 pwm=PWM2:10/PWM1:12 motor=2:10/1:12
ATGCorner: L=1@13/0@-1 Y=0@-1/0@-1 farL=0@-1/0@-1 Lxy=69.5,87.2:57.1,52.1/-1.0,-1.0:-1.0,-1.0 Yxy=-1.0,-1.0:-1.0,-1.0/-1.0,-1.0:-1.0,-1.0 farLxy=-1.0,-1.0:-1.0,-1.0/-1.0,-1.0:-1.0,-1.0 best=13:69.5,87.2:57.1,52.1:95.2:11111/1:115.0,114.5:147.4,98.5:6.1:10111 seed_src=lpt/none seed=0.0,0.0/0.0,0.0 far_start=70,0 far_raw=0/0 far_num=0/0 straight=0/1 far_straight=0/0 conf_deg=95.2/6.1/0.0/0.0
CrossDiag: type=CROSS_NONE track=1 half_lr=0/0 nearL=1@13/0@-1 nearNum=32/128 centerNum=32/128 farL=0@-1/0@-1 farNum=0/0 farRaw=0/0 lost=0/0 not_have=0 final=128/132 flags=0/0
LineErr: aim=33 cxcy=84.0,119.6 left=1:-11.08@95,88 dx=10.7 idx=1/9 dist=31/112 right=1:-12.49@96,87 dx=12.4 idx=0/10 dist=33/268 sel=1:-12.64@97,85 dx=13.0 idx=0/16 dist=32/262 edge=1:-9.64@94.0,84.0 dx=10.0 width=62.3 l=63,87 r=125,81
CxScan: raw_ref=80.0 edge=94.0,84.0 best_raw_x=105 best_err=-0.39 best_cxcy=93.6,119.6 scan=0:-34.8,10:-32.2,20:-29.4,30:-26.5,40:-23.4,50:-20.1,60:-16.7,70:-13.2,80:-9.6,90:-6.0,100:-2.3,110:1.5,120:5.2,130:8.8,140:12.4
ATGSeedDiag: seed=1@32,108/1@151,108 begin=7,108 block=5 clip=8
ATGLptDiag: best=13(95.2) imip=3/23 pass=11111 acc=13 ipm=69.5,87.2 inv=57.1,52.1 | 1(6.1) imip=0/11 pass=10111 acc=-1 ipm=115.0,114.5 inv=147.4,98.5
frame=160 line=1 track=1 cross=0 circle=1(CIRCLE_LEFT_BEGIN) round=0 yroad=0 ramp=0 road=7 speed=0 near=32/128 raw=111/105 sel=128/132 far=0/0 far_raw=0/0 l=1@12/0@-1 far_l=0@-1/0@-1 straight=0/1 far_straight=0/0 circle_cnt=0/0/0/0 lost=0/0 conf=100.7/7.3/0.0/0.0 dist=0 begin=810/0 m0=(84,119) ml=(96,87) md=32/1/155 cxcy=84.0,119.6 guide=0.00 atg=60.0/31.0/30.0 pure=-2.93/-2.17 yaw=0 cmd=-51 actual=51 signed=1 rps=3870/3730:2558/2501 duty=10/12 pwm=PWM2:10/PWM1:12 motor=2:10/1:12
ATGCorner: L=1@12/0@-1 Y=0@-1/0@-1 farL=0@-1/0@-1 Lxy=70.8,89.1:58.4,54.1/-1.0,-1.0:-1.0,-1.0 Yxy=-1.0,-1.0:-1.0,-1.0/-1.0,-1.0:-1.0,-1.0 farLxy=-1.0,-1.0:-1.0,-1.0/-1.0,-1.0:-1.0,-1.0 best=12:70.8,89.1:58.4,54.1:100.7:11111/1:115.0,114.5:147.5,98.6:7.3:10111 seed_src=lpt/none seed=0.0,0.0/0.0,0.0 far_start=70,0 far_raw=0/0 far_num=0/0 straight=0/1 far_straight=0/0 conf_deg=100.7/7.3/0.0/0.0
CrossDiag: type=CROSS_NONE track=1 half_lr=0/0 nearL=1@12/0@-1 nearNum=32/128 centerNum=32/128 farL=0@-1/0@-1 farNum=0/0 farRaw=0/0 lost=0/0 not_have=0 final=128/132 flags=0/0
LineErr: aim=33 cxcy=84.0,119.6 left=1:-10.96@95,88 dx=10.6 idx=1/9 dist=31/110 right=1:-12.49@96,87 dx=12.3 idx=0/10 dist=33/268 sel=1:-12.64@97,85 dx=13.0 idx=0/16 dist=32/262 edge=1:-9.24@93.5,84.5 dx=9.5 width=63.4 l=62,88 r=125,81
CxScan: raw_ref=80.0 edge=93.5,84.5 best_raw_x=105 best_err=0.10 best_cxcy=93.6,119.6 scan=0:-34.7,10:-32.1,20:-29.2,30:-26.3,40:-23.1,50:-19.8,60:-16.4,70:-12.9,80:-9.2,90:-5.5,100:-1.8,110:2.0,120:5.7,130:9.4,140:13.0
ATGSeedDiag: seed=1@32,108/1@151,108 begin=7,108 block=5 clip=8
ATGLptDiag: best=12(100.7) imip=2/22 pass=11111 acc=12 ipm=70.8,89.1 inv=58.4,54.1 | 1(7.3) imip=0/11 pass=10111 acc=-1 ipm=115.0,114.5 inv=147.5,98.6
frame=161 line=1 track=1 cross=0 circle=1(CIRCLE_LEFT_BEGIN) round=0 yroad=0 ramp=0 road=7 speed=0 near=32/128 raw=111/104 sel=128/132 far=0/0 far_raw=0/0 l=1@12/0@-1 far_l=0@-1/0@-1 straight=0/1 far_straight=0/0 circle_cnt=0/0/0/0 lost=0/0 conf=101.3/7.7/0.0/0.0 dist=0 begin=817/0 m0=(84,119) ml=(96,87) md=32/1/155 cxcy=84.0,119.6 guide=0.00 atg=60.0/31.0/30.0 pure=-2.95/-2.16 yaw=0 cmd=-44 actual=44 signed=1 rps=3861/3739:2459/2471 duty=10/12 pwm=PWM2:10/PWM1:12 motor=2:10/1:12
ATGCorner: L=1@12/0@-1 Y=0@-1/0@-1 farL=0@-1/0@-1 Lxy=71.0,89.2:58.6,54.1/-1.0,-1.0:-1.0,-1.0 Yxy=-1.0,-1.0:-1.0,-1.0/-1.0,-1.0:-1.0,-1.0 farLxy=-1.0,-1.0:-1.0,-1.0/-1.0,-1.0:-1.0,-1.0 best=12:71.0,89.2:58.6,54.1:101.3:11111/1:115.3,114.2:147.5,97.7:7.7:10111 seed_src=lpt/none seed=0.0,0.0/0.0,0.0 far_start=70,0 far_raw=0/0 far_num=0/0 straight=0/1 far_straight=0/0 conf_deg=101.3/7.7/0.0/0.0
CrossDiag: type=CROSS_NONE track=1 half_lr=0/0 nearL=1@12/0@-1 nearNum=32/128 centerNum=32/128 farL=0@-1/0@-1 farNum=0/0 farRaw=0/0 lost=0/0 not_have=0 final=128/132 flags=0/0
LineErr: aim=33 cxcy=84.0,119.6 left=1:-10.77@94,88 dx=10.5 idx=1/9 dist=31/110 right=1:-12.53@97,87 dx=12.5 idx=0/10 dist=33/267 sel=1:-12.64@97,85 dx=13.0 idx=0/16 dist=32/262 edge=1:-9.24@93.5,84.5 dx=9.5 width=63.4 l=62,88 r=125,81
CxScan: raw_ref=80.0 edge=93.5,84.5 best_raw_x=105 best_err=0.10 best_cxcy=93.6,119.6 scan=0:-34.7,10:-32.1,20:-29.2,30:-26.3,40:-23.1,50:-19.8,60:-16.4,70:-12.9,80:-9.2,90:-5.5,100:-1.8,110:2.0,120:5.7,130:9.4,140:13.0
ATGSeedDiag: seed=1@32,108/1@151,107 begin=7,108 block=5 clip=8
ATGLptDiag: best=12(101.3) imip=2/22 pass=11111 acc=12 ipm=71.0,89.2 inv=58.6,54.1 | 1(7.7) imip=0/11 pass=10111 acc=-1 ipm=115.3,114.2 inv=147.5,97.7
frame=162 line=1 track=1 cross=0 circle=1(CIRCLE_LEFT_BEGIN) round=0 yroad=0 ramp=0 road=7 speed=0 near=32/128 raw=112/105 sel=128/132 far=0/0 far_raw=0/0 l=1@12/0@-1 far_l=0@-1/0@-1 straight=0/1 far_straight=0/0 circle_cnt=0/0/0/0 lost=0/0 conf=101.4/5.8/0.0/0.0 dist=0 begin=824/0 m0=(84,119) ml=(97,87) md=32/1/154 cxcy=84.0,119.6 guide=0.00 atg=60.0/31.0/30.0 pure=-2.99/-2.18 yaw=0 cmd=-34 actual=34 signed=1 rps=3847/3753:2465/2517 duty=10/12 pwm=PWM2:10/PWM1:12 motor=2:10/1:12
ATGCorner: L=1@12/0@-1 Y=0@-1/0@-1 farL=0@-1/0@-1 Lxy=71.3,89.2:58.9,54.1/-1.0,-1.0:-1.0,-1.0 Yxy=-1.0,-1.0:-1.0,-1.0/-1.0,-1.0:-1.0,-1.0 farLxy=-1.0,-1.0:-1.0,-1.0/-1.0,-1.0:-1.0,-1.0 best=12:71.3,89.2:58.9,54.1:101.4:11111/1:115.3,114.5:148.2,98.5:5.8:10111 seed_src=lpt/none seed=0.0,0.0/0.0,0.0 far_start=70,0 far_raw=0/0 far_num=0/0 straight=0/1 far_straight=0/0 conf_deg=101.4/5.8/0.0/0.0
CrossDiag: type=CROSS_NONE track=1 half_lr=0/0 nearL=1@12/0@-1 nearNum=32/128 centerNum=32/128 farL=0@-1/0@-1 farNum=0/0 farRaw=0/0 lost=0/0 not_have=0 final=128/132 flags=0/0
LineErr: aim=33 cxcy=84.0,119.6 left=1:-10.78@95,88 dx=10.5 idx=1/9 dist=31/110 right=1:-12.84@97,87 dx=12.7 idx=0/10 dist=33/269 sel=1:-12.97@97,85 dx=13.3 idx=0/16 dist=32/262 edge=1:-8.35@92.5,85.0 dx=8.5 width=65.5 l=60,89 r=125,81
CxScan: raw_ref=80.0 edge=92.5,85.0 best_raw_x=100 best_err=-0.80 best_cxcy=91.7,119.6 scan=0:-34.3,10:-31.6,20:-28.7,30:-25.7,40:-22.5,50:-19.1,60:-15.6,70:-12.0,80:-8.3,90:-4.6,100:-0.8,110:3.0,120:6.7,130:10.4,140:14.0
ATGSeedDiag: seed=1@32,108/1@152,108 begin=7,108 block=5 clip=8
ATGLptDiag: best=12(101.4) imip=2/22 pass=11111 acc=12 ipm=71.3,89.2 inv=58.9,54.1 | 1(5.8) imip=0/11 pass=10111 acc=-1 ipm=115.3,114.5 inv=148.2,98.5
frame=163 line=1 track=1 cross=0 circle=1(CIRCLE_LEFT_BEGIN) round=0 yroad=0 ramp=0 road=7 speed=0 near=1/128 raw=170/105 sel=128/132 far=0/0 far_raw=0/0 l=0@-1/0@-1 far_l=0@-1/0@-1 straight=0/1 far_straight=0/0 circle_cnt=1/0/0/0 lost=0/0 conf=0.0/8.4/0.0/0.0 dist=7 begin=831/0 m0=(84,119) ml=(97,87) md=32/1/154 cxcy=84.0,119.6 guide=0.00 atg=60.0/32.0/30.0 pure=-3.04/-2.20 yaw=0 cmd=-30 actual=30 signed=1 rps=3841/3759:2514/2632 duty=10/12 pwm=PWM2:10/PWM1:12 motor=2:10/1:12
ATGCorner: L=0@-1/0@-1 Y=0@-1/0@-1 farL=0@-1/0@-1 Lxy=-1.0,-1.0:-1.0,-1.0/-1.0,-1.0:-1.0,-1.0 Yxy=-1.0,-1.0:-1.0,-1.0/-1.0,-1.0:-1.0,-1.0 farLxy=-1.0,-1.0:-1.0,-1.0/-1.0,-1.0:-1.0,-1.0 best=-1:-1.0,-1.0:-1.0,-1.0:-57295.8:00000/1:115.5,114.5:148.6,98.6:8.4:10111 seed_src=lost/none seed=0.0,0.0/0.0,0.0 far_start=70,0 far_raw=0/0 far_num=0/0 straight=0/1 far_straight=0/0 conf_deg=0.0/8.4/0.0/0.0
CrossDiag: type=CROSS_NONE track=1 half_lr=0/0 nearL=0@-1/0@-1 nearNum=1/128 centerNum=1/128 farL=0@-1/0@-1 farNum=0/0 farRaw=0/0 lost=0/0 not_have=0 final=128/132 flags=0/0
LineErr: aim=33 cxcy=84.0,119.6 left=0:0.00@-1,-1 dx=0.0 idx=-1/-1 dist=-1/-1 right=1:-13.14@97,87 dx=13.1 idx=0/10 dist=33/267 sel=1:-13.10@97,85 dx=13.4 idx=0/16 dist=32/262 edge=0:0.00@-1.0,-1.0 dx=0.0 width=0.0 l=-1,-1 r=126,81
ATGSeedDiag: seed=1@37,108/1@152,108 begin=7,108 block=5 clip=8
ATGLptDiag: best=-1(-57295.8) imip=-1/-1 pass=00000 acc=-1 ipm=-1.0,-1.0 inv=-1.0,-1.0 | 1(8.4) imip=0/11 pass=10111 acc=-1 ipm=115.5,114.5 inv=148.6,98.6
frame=164 line=1 track=1 cross=0 circle=1(CIRCLE_LEFT_BEGIN) round=0 yroad=0 ramp=0 road=7 speed=0 near=31/128 raw=110/105 sel=128/132 far=0/0 far_raw=0/0 l=1@12/0@-1 far_l=0@-1/0@-1 straight=0/1 far_straight=0/0 circle_cnt=1/0/0/0 lost=0/0 conf=99.5/4.7/0.0/0.0 dist=14 begin=838/0 m0=(84,119) ml=(97,87) md=32/1/154 cxcy=84.0,119.6 guide=0.00 atg=60.0/32.0/30.0 pure=-3.04/-2.20 yaw=0 cmd=-31 actual=31 signed=1 rps=3843/3757:2437/2564 duty=10/12 pwm=PWM2:10/PWM1:12 motor=2:10/1:12
ATGCorner: L=1@12/0@-1 Y=0@-1/0@-1 farL=0@-1/0@-1 Lxy=70.4,89.2:57.9,54.1/-1.0,-1.0:-1.0,-1.0 Yxy=-1.0,-1.0:-1.0,-1.0/-1.0,-1.0:-1.0,-1.0 farLxy=-1.0,-1.0:-1.0,-1.0/-1.0,-1.0:-1.0,-1.0 best=12:70.4,89.2:57.9,54.1:99.5:11111/3:117.2,110.1:143.5,86.7:4.7:10111 seed_src=lpt/none seed=0.0,0.0/0.0,0.0 far_start=70,0 far_raw=0/0 far_num=0/0 straight=0/1 far_straight=0/0 conf_deg=99.5/4.7/0.0/0.0
CrossDiag: type=CROSS_NONE track=1 half_lr=0/0 nearL=1@12/0@-1 nearNum=31/128 centerNum=31/128 farL=0@-1/0@-1 farNum=0/0 farRaw=0/0 lost=0/0 not_have=0 final=128/132 flags=0/0
LineErr: aim=33 cxcy=84.0,119.6 left=1:-10.38@94,87 dx=10.3 idx=1/9 dist=31/108 right=1:-13.19@97,87 dx=13.1 idx=0/10 dist=33/267 sel=1:-13.31@98,85 dx=13.6 idx=0/16 dist=32/262 edge=1:-8.35@92.5,85.0 dx=8.5 width=67.5 l=59,89 r=126,81
CxScan: raw_ref=80.0 edge=92.5,85.0 best_raw_x=100 best_err=-0.80 best_cxcy=91.7,119.6 scan=0:-34.3,10:-31.6,20:-28.7,30:-25.7,40:-22.5,50:-19.1,60:-15.6,70:-12.0,80:-8.3,90:-4.6,100:-0.8,110:3.0,120:6.7,130:10.4,140:14.0
ATGSeedDiag: seed=1@32,108/1@152,108 begin=7,108 block=5 clip=8
ATGLptDiag: best=12(99.5) imip=2/22 pass=11111 acc=12 ipm=70.4,89.2 inv=57.9,54.1 | 3(4.7) imip=0/13 pass=10111 acc=-1 ipm=117.2,110.1 inv=143.5,86.7
frame=166 line=1 track=1 cross=0 circle=1(CIRCLE_LEFT_BEGIN) round=0 yroad=0 ramp=0 road=7 speed=0 near=30/128 raw=108/105 sel=128/132 far=0/0 far_raw=0/0 l=1@12/0@-1 far_l=0@-1/0@-1 straight=0/1 far_straight=0/0 circle_cnt=1/0/0/0 lost=0/0 conf=95.5/4.7/0.0/0.0 dist=30 begin=854/0 m0=(84,119) ml=(97,87) md=32/1/154 cxcy=84.0,119.6 guide=0.00 atg=60.0/32.0/30.0 pure=-3.04/-2.20 yaw=0 cmd=-18 actual=18 signed=1 rps=3825/3775:2573/2724 duty=10/12 pwm=PWM2:10/PWM1:12 motor=2:10/1:12
ATGCorner: L=1@12/0@-1 Y=0@-1/0@-1 farL=0@-1/0@-1 Lxy=69.3,89.4:56.4,54.3/-1.0,-1.0:-1.0,-1.0 Yxy=-1.0,-1.0:-1.0,-1.0/-1.0,-1.0:-1.0,-1.0 farLxy=-1.0,-1.0:-1.0,-1.0/-1.0,-1.0:-1.0,-1.0 best=12:69.3,89.4:56.4,54.3:95.5:11111/3:117.2,110.1:143.5,86.7:4.7:10111 seed_src=lpt/none seed=0.0,0.0/0.0,0.0 far_start=70,0 far_raw=0/0 far_num=0/0 straight=0/1 far_straight=0/0 conf_deg=95.5/4.7/0.0/0.0
CrossDiag: type=CROSS_NONE track=1 half_lr=0/0 nearL=1@12/0@-1 nearNum=30/128 centerNum=30/128 farL=0@-1/0@-1 farNum=0/0 farRaw=0/0 lost=0/0 not_have=0 final=128/132 flags=0/0
LineErr: aim=33 cxcy=84.0,119.6 left=1:-10.70@94,89 dx=10.1 idx=0/8 dist=32/109 right=1:-13.19@97,87 dx=13.1 idx=0/10 dist=33/267 sel=1:-13.31@98,85 dx=13.6 idx=0/16 dist=32/262 edge=1:-8.91@93.0,85.5 dx=9.0 width=66.6 l=60,90 r=126,81
CxScan: raw_ref=80.0 edge=93.0,85.5 best_raw_x=105 best_err=0.60 best_cxcy=93.6,119.6 scan=0:-34.9,10:-32.1,20:-29.3,30:-26.3,40:-23.1,50:-19.7,60:-16.2,70:-12.6,80:-8.9,90:-5.1,100:-1.3,110:2.5,120:6.3,130:10.0,140:13.7
ATGSeedDiag: seed=1@33,108/1@152,108 begin=7,108 block=5 clip=8
ATGLptDiag: best=12(95.5) imip=2/22 pass=11111 acc=12 ipm=69.3,89.4 inv=56.4,54.3 | 3(4.7) imip=0/13 pass=10111 acc=-1 ipm=117.2,110.1 inv=143.5,86.7
frame=167 line=1 track=1 cross=0 circle=1(CIRCLE_LEFT_BEGIN) round=0 yroad=0 ramp=0 road=7 speed=0 near=30/128 raw=108/105 sel=128/132 far=0/0 far_raw=0/0 l=1@11/0@-1 far_l=0@-1/0@-1 straight=0/1 far_straight=0/0 circle_cnt=1/0/0/0 lost=0/0 conf=100.8/4.4/0.0/0.0 dist=38 begin=862/0 m0=(84,119) ml=(97,87) md=32/1/154 cxcy=84.0,119.6 guide=0.00 atg=60.0/31.0/30.0 pure=-3.01/-2.18 yaw=0 cmd=-14 actual=14 signed=1 rps=3819/3781:2782/2934 duty=10/12 pwm=PWM2:10/PWM1:12 motor=2:10/1:12
ATGCorner: L=1@11/0@-1 Y=0@-1/0@-1 farL=0@-1/0@-1 Lxy=70.7,91.4:57.7,56.5/-1.0,-1.0:-1.0,-1.0 Yxy=-1.0,-1.0:-1.0,-1.0/-1.0,-1.0:-1.0,-1.0 farLxy=-1.0,-1.0:-1.0,-1.0/-1.0,-1.0:-1.0,-1.0 best=11:70.7,91.4:57.7,56.5:100.8:11111/4:117.9,107.9:141.1,81.6:4.4:10111 seed_src=lpt/none seed=0.0,0.0/0.0,0.0 far_start=70,0 far_raw=0/0 far_num=0/0 straight=0/1 far_straight=0/0 conf_deg=100.8/4.4/0.0/0.0
CrossDiag: type=CROSS_NONE track=1 half_lr=0/0 nearL=1@11/0@-1 nearNum=30/128 centerNum=30/128 farL=0@-1/0@-1 farNum=0/0 farRaw=0/0 lost=0/0 not_have=0 final=128/132 flags=0/0
LineErr: aim=33 cxcy=84.0,119.6 left=1:-9.56@94,85 dx=9.7 idx=1/9 dist=34/107 right=1:-13.12@97,87 dx=13.0 idx=0/10 dist=33/268 sel=1:-13.09@97,85 dx=13.4 idx=0/16 dist=32/262 edge=1:-8.91@93.0,85.5 dx=9.0 width=66.6 l=60,90 r=126,81
CxScan: raw_ref=80.0 edge=93.0,85.5 best_raw_x=105 best_err=0.60 best_cxcy=93.6,119.6 scan=0:-34.9,10:-32.1,20:-29.3,30:-26.3,40:-23.1,50:-19.7,60:-16.2,70:-12.6,80:-8.9,90:-5.1,100:-1.3,110:2.5,120:6.3,130:10.0,140:13.7
ATGSeedDiag: seed=1@33,108/1@152,108 begin=7,108 block=5 clip=8
ATGLptDiag: best=11(100.8) imip=1/21 pass=11111 acc=11 ipm=70.7,91.4 inv=57.7,56.5 | 4(4.4) imip=0/14 pass=10111 acc=-1 ipm=117.9,107.9 inv=141.1,81.6
frame=168 line=0 track=1 cross=0 circle=1(CIRCLE_LEFT_BEGIN) round=0 yroad=0 ramp=0 road=7 speed=0 near=30/1 raw=107/170 sel=1/0 far=0/0 far_raw=0/0 l=1@11/0@-1 far_l=0@-1/0@-1 straight=0/0 far_straight=0/0 circle_cnt=1/0/0/0 lost=0/0 conf=99.0/0.0/0.0/0.0 dist=46 begin=870/0 m0=(-1,-1) ml=(-1,-1) md=-1/0/-1 cxcy=84.0,119.6 guide=0.00 atg=60.0/31.0/30.0 pure=-3.01/-2.18 yaw=0 cmd=0 actual=-18 signed=0 rps=0/0:0/0 duty=0/0 pwm=PWM2:0/PWM1:0 motor=2:0/1:0
ATGCorner: L=1@11/0@-1 Y=0@-1/0@-1 farL=0@-1/0@-1 Lxy=70.5,91.4:57.4,56.5/-1.0,-1.0:-1.0,-1.0 Yxy=-1.0,-1.0:-1.0,-1.0/-1.0,-1.0:-1.0,-1.0 farLxy=-1.0,-1.0:-1.0,-1.0/-1.0,-1.0:-1.0,-1.0 best=11:70.5,91.4:57.4,56.5:99.0:11111/-1:-1.0,-1.0:-1.0,-1.0:-57295.8:00000 seed_src=lpt/lost seed=0.0,0.0/0.0,0.0 far_start=70,0 far_raw=0/0 far_num=0/0 straight=0/0 far_straight=0/0 conf_deg=99.0/0.0/0.0/0.0
CrossDiag: type=CROSS_NONE track=1 half_lr=0/0 nearL=1@11/0@-1 nearNum=30/1 centerNum=30/1 farL=0@-1/0@-1 farNum=0/0 farRaw=0/0 lost=0/0 not_have=0 final=1/0 flags=0/0
LineErr: aim=33 cxcy=84.0,119.6 left=1:-11.49@94,93 dx=10.1 idx=0/7 dist=31/111 right=0:0.00@-1,-1 dx=0.0 idx=-1/-1 dist=-1/-1 sel=0:0.00@-1,-1 dx=0.0 idx=-1/-1 dist=-1/-1 edge=0:0.00@-1.0,-1.0 dx=0.0 width=0.0 l=57,91 r=-1,-1
ATGSeedDiag: seed=1@33,108/1@145,107 begin=7,108 block=5 clip=8
ATGLptDiag: best=11(99.0) imip=1/21 pass=11111 acc=11 ipm=70.5,91.4 inv=57.4,56.5 | -1(-57295.8) imip=-1/-1 pass=00000 acc=-1 ipm=-1.0,-1.0 inv=-1.0,-1.0
frame=169 line=0 track=1 cross=0 circle=1(CIRCLE_LEFT_BEGIN) round=0 yroad=0 ramp=0 road=7 speed=0 near=29/1 raw=106/170 sel=1/0 far=0/0 far_raw=0/0 l=1@11/0@-1 far_l=0@-1/0@-1 straight=0/0 far_straight=0/0 circle_cnt=1/0/0/0 lost=0/0 conf=99.9/0.0/0.0/0.0 dist=54 begin=878/0 m0=(-1,-1) ml=(-1,-1) md=-1/0/-1 cxcy=84.0,119.6 guide=0.00 atg=60.0/31.0/30.0 pure=-3.01/-2.18 yaw=0 cmd=0 actual=32 signed=0 rps=0/0:0/0 duty=0/0 pwm=PWM2:0/PWM1:0 motor=2:0/1:0
ATGCorner: L=1@11/0@-1 Y=0@-1/0@-1 farL=0@-1/0@-1 Lxy=70.2,91.1:57.2,56.2/-1.0,-1.0:-1.0,-1.0 Yxy=-1.0,-1.0:-1.0,-1.0/-1.0,-1.0:-1.0,-1.0 farLxy=-1.0,-1.0:-1.0,-1.0/-1.0,-1.0:-1.0,-1.0 best=11:70.2,91.1:57.2,56.2:99.9:11111/-1:-1.0,-1.0:-1.0,-1.0:-57295.8:00000 seed_src=lpt/lost seed=0.0,0.0/0.0,0.0 far_start=70,0 far_raw=0/0 far_num=0/0 straight=0/0 far_straight=0/0 conf_deg=99.9/0.0/0.0/0.0
CrossDiag: type=CROSS_NONE track=1 half_lr=0/0 nearL=1@11/0@-1 nearNum=29/1 centerNum=29/1 farL=0@-1/0@-1 farNum=0/0 farRaw=0/0 lost=0/0 not_have=0 final=1/0 flags=0/0
LineErr: aim=33 cxcy=84.0,119.6 left=1:-10.92@94,91 dx=9.9 idx=0/7 dist=32/110 right=0:0.00@-1,-1 dx=0.0 idx=-1/-1 dist=-1/-1 sel=0:0.00@-1,-1 dx=0.0 idx=-1/-1 dist=-1/-1 edge=0:0.00@-1.0,-1.0 dx=0.0 width=0.0 l=59,91 r=-1,-1
ATGSeedDiag: seed=1@34,107/1@146,108 begin=7,108 block=5 clip=8
ATGLptDiag: best=11(99.9) imip=1/21 pass=11111 acc=11 ipm=70.2,91.1 inv=57.2,56.2 | -1(-57295.8) imip=-1/-1 pass=00000 acc=-1 ipm=-1.0,-1.0 inv=-1.0,-1.0
frame=170 line=1 track=1 cross=0 circle=1(CIRCLE_LEFT_BEGIN) round=0 yroad=0 ramp=0 road=7 speed=0 near=29/128 raw=105/105 sel=128/132 far=0/0 far_raw=0/0 l=1@11/0@-1 far_l=0@-1/0@-1 straight=0/1 far_straight=0/0 circle_cnt=1/0/0/0 lost=0/0 conf=99.7/7.5/0.0/0.0 dist=62 begin=886/0 m0=(84,119) ml=(97,88) md=32/1/155 cxcy=84.0,119.6 guide=0.00 atg=60.0/32.0/30.0 pure=-3.08/-2.21 yaw=0 cmd=4 actual=-4 signed=1 rps=3795/3805:3021/2899 duty=10/12 pwm=PWM2:10/PWM1:12 motor=2:10/1:12
ATGCorner: L=1@11/0@-1 Y=0@-1/0@-1 farL=0@-1/0@-1 Lxy=69.9,91.3:56.7,56.4/-1.0,-1.0:-1.0,-1.0 Yxy=-1.0,-1.0:-1.0,-1.0/-1.0,-1.0:-1.0,-1.0 farLxy=-1.0,-1.0:-1.0,-1.0/-1.0,-1.0:-1.0,-1.0 best=11:69.9,91.3:56.7,56.4:99.7:11111/1:115.9,114.5:149.5,98.6:7.5:10111 seed_src=lpt/none seed=0.0,0.0/0.0,0.0 far_start=70,0 far_raw=0/0 far_num=0/0 straight=0/1 far_straight=0/0 conf_deg=99.7/7.5/0.0/0.0
CrossDiag: type=CROSS_NONE track=1 half_lr=0/0 nearL=1@11/0@-1 nearNum=29/128 centerNum=29/128 farL=0@-1/0@-1 farNum=0/0 farRaw=0/0 lost=0/0 not_have=0 final=128/132 flags=0/0
LineErr: aim=33 cxcy=84.0,119.6 left=1:-10.65@94,91 dx=9.7 idx=0/7 dist=33/110 right=1:-13.51@97,87 dx=13.4 idx=0/10 dist=33/269 sel=1:-13.51@98,85 dx=13.8 idx=0/16 dist=32/262 edge=1:-8.57@92.5,86.5 dx=8.5 width=67.9 l=59,92 r=126,81
CxScan: raw_ref=80.0 edge=92.5,86.5 best_raw_x=100 best_err=-0.83 best_cxcy=91.7,119.6 scan=0:-35.0,10:-32.2,20:-29.3,30:-26.2,40:-23.0,50:-19.6,60:-16.0,70:-12.3,80:-8.6,90:-4.7,100:-0.8,110:3.1,120:6.9,130:10.7,140:14.4
ATGSeedDiag: seed=1@34,107/1@153,108 begin=7,108 block=5 clip=8
ATGLptDiag: best=11(99.7) imip=1/21 pass=11111 acc=11 ipm=69.9,91.3 inv=56.7,56.4 | 1(7.5) imip=0/11 pass=10111 acc=-1 ipm=115.9,114.5 inv=149.5,98.6
frame=171 line=1 track=1 cross=0 circle=1(CIRCLE_LEFT_BEGIN) round=0 yroad=0 ramp=0 road=7 speed=0 near=29/128 raw=106/105 sel=128/132 far=0/0 far_raw=0/0 l=1@11/0@-1 far_l=0@-1/0@-1 straight=0/1 far_straight=0/0 circle_cnt=1/0/0/0 lost=0/0 conf=98.2/4.3/0.0/0.0 dist=70 begin=894/0 m0=(84,119) ml=(97,88) md=32/1/155 cxcy=84.0,119.6 guide=0.00 atg=60.0/33.0/32.0 pure=-3.09/-2.23 yaw=0 cmd=-6 actual=6 signed=1 rps=3808/3792:2826/2697 duty=10/12 pwm=PWM2:10/PWM1:12 motor=2:10/1:12
ATGCorner: L=1@11/0@-1 Y=0@-1/0@-1 farL=0@-1/0@-1 Lxy=70.0,91.5:56.8,56.7/-1.0,-1.0:-1.0,-1.0 Yxy=-1.0,-1.0:-1.0,-1.0/-1.0,-1.0:-1.0,-1.0 farLxy=-1.0,-1.0:-1.0,-1.0/-1.0,-1.0:-1.0,-1.0 best=11:70.0,91.5:56.8,56.7:98.2:11111/4:118.5,107.9:142.1,81.7:4.3:10111 seed_src=lpt/none seed=0.0,0.0/0.0,0.0 far_start=70,0 far_raw=0/0 far_num=0/0 straight=0/1 far_straight=0/0 conf_deg=98.2/4.3/0.0/0.0
CrossDiag: type=CROSS_NONE track=1 half_lr=0/0 nearL=1@11/0@-1 nearNum=29/128 centerNum=29/128 farL=0@-1/0@-1 farNum=0/0 farRaw=0/0 lost=0/0 not_have=0 final=128/132 flags=0/0
LineErr: aim=33 cxcy=84.0,119.6 left=1:-10.65@94,91 dx=9.7 idx=0/7 dist=33/111 right=1:-13.53@97,87 dx=13.5 idx=0/10 dist=33/267 sel=1:-13.63@98,85 dx=13.9 idx=0/16 dist=32/262 edge=1:-7.07@91.0,86.5 dx=7.0 width=70.9 l=56,92 r=126,81
CxScan: raw_ref=80.0 edge=91.0,86.5 best_raw_x=100 best_err=0.70 best_cxcy=91.7,119.6 scan=0:-33.9,10:-31.1,20:-28.2,30:-25.0,40:-21.7,50:-18.2,60:-14.6,70:-10.9,80:-7.1,90:-3.2,100:0.7,110:4.6,120:8.4,130:12.2,140:15.8
ATGSeedDiag: seed=1@34,108/1@153,108 begin=7,108 block=5 clip=8
ATGLptDiag: best=11(98.2) imip=1/21 pass=11111 acc=11 ipm=70.0,91.5 inv=56.8,56.7 | 4(4.3) imip=0/14 pass=10111 acc=-1 ipm=118.5,107.9 inv=142.1,81.7
frame=172 line=1 track=1 cross=0 circle=1(CIRCLE_LEFT_BEGIN) round=0 yroad=0 ramp=0 road=7 speed=0 near=29/128 raw=106/104 sel=128/133 far=0/0 far_raw=0/0 l=1@11/0@-1 far_l=0@-1/0@-1 straight=0/1 far_straight=0/0 circle_cnt=1/0/0/0 lost=0/0 conf=97.6/5.7/0.0/0.0 dist=78 begin=902/0 m0=(84,119) ml=(97,88) md=32/1/154 cxcy=84.0,119.6 guide=0.00 atg=60.0/34.0/32.0 pure=-3.13/-2.26 yaw=0 cmd=35 actual=-35 signed=1 rps=3752/3848:2970/2798 duty=9/12 pwm=PWM2:9/PWM1:12 motor=2:9/1:12
ATGCorner: L=1@11/0@-1 Y=0@-1/0@-1 farL=0@-1/0@-1 Lxy=69.8,91.7:56.4,56.8/-1.0,-1.0:-1.0,-1.0 Yxy=-1.0,-1.0:-1.0,-1.0/-1.0,-1.0:-1.0,-1.0 farLxy=-1.0,-1.0:-1.0,-1.0/-1.0,-1.0:-1.0,-1.0 best=11:69.8,91.7:56.4,56.8:97.6:11111/1:116.1,114.2:149.2,97.6:5.7:10111 seed_src=lpt/none seed=0.0,0.0/0.0,0.0 far_start=70,0 far_raw=0/0 far_num=0/0 straight=0/1 far_straight=0/0 conf_deg=97.6/5.7/0.0/0.0
CrossDiag: type=CROSS_NONE track=1 half_lr=0/0 nearL=1@11/0@-1 nearNum=29/128 centerNum=29/128 farL=0@-1/0@-1 farNum=0/0 farRaw=0/0 lost=0/0 not_have=0 final=128/133 flags=0/0
LineErr: aim=33 cxcy=84.0,119.6 left=1:-10.41@94,91 dx=9.5 idx=0/7 dist=34/111 right=1:-13.68@98,86 dx=13.7 idx=0/10 dist=33/267 sel=1:-13.69@98,85 dx=14.0 idx=0/16 dist=32/264 edge=1:-7.64@91.5,87.0 dx=7.5 width=72.0 l=56,93 r=127,81
CxScan: raw_ref=80.0 edge=91.5,87.0 best_raw_x=100 best_err=0.19 best_cxcy=91.7,119.6 scan=0:-34.5,10:-31.7,20:-28.8,30:-25.6,40:-22.3,50:-18.8,60:-15.2,70:-11.5,80:-7.6,90:-3.7,100:0.2,110:4.1,120:8.0,130:11.8,140:15.5
ATGSeedDiag: seed=1@34,108/1@153,107 begin=7,108 block=5 clip=8
ATGLptDiag: best=11(97.6) imip=1/21 pass=11111 acc=11 ipm=69.8,91.7 inv=56.4,56.8 | 1(5.7) imip=0/11 pass=10111 acc=-1 ipm=116.1,114.2 inv=149.2,97.6
frame=173 line=1 track=1 cross=0 circle=1(CIRCLE_LEFT_BEGIN) round=0 yroad=0 ramp=0 road=7 speed=0 near=28/129 raw=107/105 sel=129/134 far=0/0 far_raw=0/0 l=1@11/0@-1 far_l=0@-1/0@-1 straight=0/1 far_straight=0/0 circle_cnt=1/0/0/0 lost=0/0 conf=98.7/5.0/0.0/0.0 dist=85 begin=909/0 m0=(84,119) ml=(98,88) md=32/1/154 cxcy=84.0,119.6 guide=0.00 atg=60.0/34.0/32.0 pure=-3.13/-2.27 yaw=0 cmd=58 actual=-58 signed=1 rps=3720/3880:2787/2633 duty=10/12 pwm=PWM2:10/PWM1:12 motor=2:10/1:12
ATGCorner: L=1@11/0@-1 Y=0@-1/0@-1 farL=0@-1/0@-1 Lxy=70.0,91.6:56.7,56.8/-1.0,-1.0:-1.0,-1.0 Yxy=-1.0,-1.0:-1.0,-1.0/-1.0,-1.0:-1.0,-1.0 farLxy=-1.0,-1.0:-1.0,-1.0/-1.0,-1.0:-1.0,-1.0 best=11:70.0,91.6:56.7,56.8:98.7:11111/1:116.1,114.4:149.8,98.5:5.0:10111 seed_src=lpt/none seed=0.0,0.0/0.0,0.0 far_start=70,0 far_raw=0/0 far_num=0/0 straight=0/1 far_straight=0/0 conf_deg=98.7/5.0/0.0/0.0
CrossDiag: type=CROSS_NONE track=1 half_lr=0/0 nearL=1@11/0@-1 nearNum=28/129 centerNum=28/129 farL=0@-1/0@-1 farNum=0/0 farRaw=0/0 lost=0/0 not_have=0 final=129/134 flags=0/0
LineErr: aim=33 cxcy=84.0,119.6 left=1:-10.72@94,91 dx=9.8 idx=0/7 dist=33/107 right=1:-13.82@98,87 dx=13.8 idx=0/10 dist=33/269 sel=1:-13.79@98,85 dx=14.1 idx=0/16 dist=32/266 edge=1:-7.64@91.5,87.0 dx=7.5 width=72.0 l=56,93 r=127,81
CxScan: raw_ref=80.0 edge=91.5,87.0 best_raw_x=100 best_err=0.19 best_cxcy=91.7,119.6 scan=0:-34.5,10:-31.7,20:-28.8,30:-25.6,40:-22.3,50:-18.8,60:-15.2,70:-11.5,80:-7.6,90:-3.7,100:0.2,110:4.1,120:8.0,130:11.8,140:15.5
ATGSeedDiag: seed=1@34,108/1@154,108 begin=7,108 block=5 clip=8
ATGLptDiag: best=11(98.7) imip=1/21 pass=11111 acc=11 ipm=70.0,91.6 inv=56.7,56.8 | 1(5.0) imip=0/11 pass=10111 acc=-1 ipm=116.1,114.4 inv=149.8,98.5
frame=174 line=1 track=1 cross=0 circle=1(CIRCLE_LEFT_BEGIN) round=0 yroad=0 ramp=0 road=7 speed=0 near=28/128 raw=107/104 sel=128/133 far=0/0 far_raw=0/0 l=1@10/0@-1 far_l=0@-1/0@-1 straight=0/1 far_straight=0/0 circle_cnt=1/0/0/0 lost=0/0 conf=102.3/4.6/0.0/0.0 dist=93 begin=917/0 m0=(84,119) ml=(98,88) md=32/1/155 cxcy=84.0,119.6 guide=0.00 atg=60.0/33.0/32.0 pure=-3.15/-2.24 yaw=0 cmd=58 actual=-58 signed=1 rps=3721/3879:2858/2751 duty=9/12 pwm=PWM2:9/PWM1:12 motor=2:9/1:12
ATGCorner: L=1@10/0@-1 Y=0@-1/0@-1 farL=0@-1/0@-1 Lxy=71.0,93.7:57.6,59.2/-1.0,-1.0:-1.0,-1.0 Yxy=-1.0,-1.0:-1.0,-1.0/-1.0,-1.0:-1.0,-1.0 farLxy=-1.0,-1.0:-1.0,-1.0/-1.0,-1.0:-1.0,-1.0 best=10:71.0,93.7:57.6,59.2:102.3:11111/2:117.1,112.0:147.0,91.5:4.6:10111 seed_src=lpt/none seed=0.0,0.0/0.0,0.0 far_start=70,0 far_raw=0/0 far_num=0/0 straight=0/1 far_straight=0/0 conf_deg=102.3/4.6/0.0/0.0
CrossDiag: type=CROSS_NONE track=1 half_lr=0/0 nearL=1@10/0@-1 nearNum=28/128 centerNum=28/128 farL=0@-1/0@-1 farNum=0/0 farRaw=0/0 lost=0/0 not_have=0 final=128/133 flags=0/0
LineErr: aim=33 cxcy=84.0,119.6 left=1:-10.43@94,90 dx=9.6 idx=0/7 dist=33/108 right=1:-13.73@97,89 dx=13.2 idx=0/9 dist=32/270 sel=1:-13.91@98,85 dx=14.2 idx=0/16 dist=32/264 edge=1:-8.64@92.5,87.0 dx=8.5 width=70.0 l=58,93 r=127,81
CxScan: raw_ref=80.0 edge=92.5,87.0 best_raw_x=100 best_err=-0.83 best_cxcy=91.7,119.6 scan=0:-35.2,10:-32.5,20:-29.6,30:-26.5,40:-23.2,50:-19.7,60:-16.2,70:-12.5,80:-8.6,90:-4.8,100:-0.8,110:3.1,120:7.0,130:10.8,140:14.5
ATGSeedDiag: seed=1@34,108/1@153,107 begin=7,108 block=5 clip=8
ATGLptDiag: best=10(102.3) imip=0/20 pass=11111 acc=10 ipm=71.0,93.7 inv=57.6,59.2 | 2(4.6) imip=0/12 pass=10111 acc=-1 ipm=117.1,112.0 inv=147.0,91.5
frame=175 line=1 track=1 cross=0 circle=1(CIRCLE_LEFT_BEGIN) round=0 yroad=0 ramp=0 road=7 speed=0 near=28/129 raw=105/105 sel=129/134 far=0/0 far_raw=0/0 l=1@10/0@-1 far_l=0@-1/0@-1 straight=0/1 far_straight=0/0 circle_cnt=1/0/0/0 lost=0/0 conf=102.6/5.3/0.0/0.0 dist=101 begin=925/0 m0=(84,119) ml=(98,88) md=32/1/155 cxcy=84.0,119.6 guide=0.00 atg=60.0/33.0/32.0 pure=-3.15/-2.23 yaw=0 cmd=43 actual=-43 signed=1 rps=3742/3858:2909/2840 duty=9/12 pwm=PWM2:9/PWM1:12 motor=2:9/1:12
ATGCorner: L=1@10/0@-1 Y=0@-1/0@-1 farL=0@-1/0@-1 Lxy=71.0,93.7:57.6,59.2/-1.0,-1.0:-1.0,-1.0 Yxy=-1.0,-1.0:-1.0,-1.0/-1.0,-1.0:-1.0,-1.0 farLxy=-1.0,-1.0:-1.0,-1.0/-1.0,-1.0:-1.0,-1.0 best=10:71.0,93.7:57.6,59.2:102.6:11111/2:117.1,112.3:147.4,92.4:5.3:10111 seed_src=lpt/none seed=0.0,0.0/0.0,0.0 far_start=70,0 far_raw=0/0 far_num=0/0 straight=0/1 far_straight=0/0 conf_deg=102.6/5.3/0.0/0.0
CrossDiag: type=CROSS_NONE track=1 half_lr=0/0 nearL=1@10/0@-1 nearNum=28/129 centerNum=28/129 farL=0@-1/0@-1 farNum=0/0 farRaw=0/0 lost=0/0 not_have=0 final=129/134 flags=0/0
LineErr: aim=33 cxcy=84.0,119.6 left=1:-10.03@93,90 dx=9.4 idx=0/7 dist=34/106 right=1:-13.86@98,87 dx=13.8 idx=0/10 dist=33/270 sel=1:-13.96@98,85 dx=14.2 idx=0/16 dist=32/266 edge=1:-7.13@91.0,87.0 dx=7.0 width=73.0 l=55,93 r=127,81
CxScan: raw_ref=80.0 edge=91.0,87.0 best_raw_x=100 best_err=0.71 best_cxcy=91.7,119.6 scan=0:-34.2,10:-31.4,20:-28.4,30:-25.2,40:-21.9,50:-18.4,60:-14.7,70:-11.0,80:-7.1,90:-3.2,100:0.7,110:4.6,120:8.5,130:12.3,140:16.0
ATGSeedDiag: seed=1@35,108/1@154,108 begin=7,108 block=5 clip=8
ATGLptDiag: best=10(102.6) imip=0/20 pass=11111 acc=10 ipm=71.0,93.7 inv=57.6,59.2 | 2(5.3) imip=0/12 pass=10111 acc=-1 ipm=117.1,112.3 inv=147.4,92.4
frame=176 line=1 track=1 cross=0 circle=1(CIRCLE_LEFT_BEGIN) round=0 yroad=0 ramp=0 road=7 speed=0 near=27/129 raw=104/105 sel=129/134 far=0/0 far_raw=0/0 l=1@10/0@-1 far_l=0@-1/0@-1 straight=0/1 far_straight=0/0 circle_cnt=1/0/0/0 lost=0/0 conf=102.4/5.4/0.0/0.0 dist=108 begin=932/0 m0=(84,119) ml=(98,88) md=32/1/155 cxcy=84.0,119.6 guide=0.00 atg=60.0/33.0/32.0 pure=-3.15/-2.23 yaw=0 cmd=16 actual=-16 signed=1 rps=3777/3823:2730/2682 duty=10/12 pwm=PWM2:10/PWM1:12 motor=2:10/1:12
ATGCorner: L=1@10/0@-1 Y=0@-1/0@-1 farL=0@-1/0@-1 Lxy=70.6,93.6:57.1,59.1/-1.0,-1.0:-1.0,-1.0 Yxy=-1.0,-1.0:-1.0,-1.0/-1.0,-1.0:-1.0,-1.0 farLxy=-1.0,-1.0:-1.0,-1.0/-1.0,-1.0:-1.0,-1.0 best=10:70.6,93.6:57.1,59.1:102.4:11111/1:116.2,114.5:150.2,98.5:5.4:10111 seed_src=lpt/none seed=0.0,0.0/0.0,0.0 far_start=70,0 far_raw=0/0 far_num=0/0 straight=0/1 far_straight=0/0 conf_deg=102.4/5.4/0.0/0.0
CrossDiag: type=CROSS_NONE track=1 half_lr=0/0 nearL=1@10/0@-1 nearNum=27/129 centerNum=27/129 farL=0@-1/0@-1 farNum=0/0 farRaw=0/0 lost=0/0 not_have=0 final=129/134 flags=0/0
LineErr: aim=33 cxcy=84.0,119.6 left=1:-9.59@93,89 dx=9.1 idx=0/7 dist=34/105 right=1:-13.88@98,87 dx=13.8 idx=0/10 dist=33/271 sel=1:-13.96@98,85 dx=14.2 idx=0/16 dist=32/266 edge=1:-7.19@91.0,87.5 dx=7.0 width=73.2 l=55,94 r=127,81
CxScan: raw_ref=80.0 edge=91.0,87.5 best_raw_x=100 best_err=0.71 best_cxcy=91.7,119.6 scan=0:-34.4,10:-31.6,20:-28.6,30:-25.4,40:-22.0,50:-18.5,60:-14.9,70:-11.1,80:-7.2,90:-3.3,100:0.7,110:4.7,120:8.6,130:12.4,140:16.1
ATGSeedDiag: seed=1@35,108/1@154,108 begin=7,108 block=5 clip=8
ATGLptDiag: best=10(102.4) imip=0/20 pass=11111 acc=10 ipm=70.6,93.6 inv=57.1,59.1 | 1(5.4) imip=0/11 pass=10111 acc=-1 ipm=116.2,114.5 inv=150.2,98.5
frame=177 line=1 track=1 cross=0 circle=1(CIRCLE_LEFT_BEGIN) round=0 yroad=0 ramp=0 road=7 speed=0 near=27/129 raw=104/105 sel=129/134 far=0/0 far_raw=0/0 l=1@10/0@-1 far_l=0@-1/0@-1 straight=0/1 far_straight=0/0 circle_cnt=1/0/0/0 lost=0/0 conf=102.6/4.7/0.0/0.0 dist=115 begin=939/0 m0=(84,119) ml=(98,88) md=32/1/155 cxcy=84.0,119.6 guide=0.00 atg=60.0/33.0/32.0 pure=-3.17/-2.23 yaw=0 cmd=1 actual=-1 signed=1 rps=3799/3801:2784/2775 duty=10/12 pwm=PWM2:10/PWM1:12 motor=2:10/1:12
ATGCorner: L=1@10/0@-1 Y=0@-1/0@-1 farL=0@-1/0@-1 Lxy=70.7,93.7:57.1,59.3/-1.0,-1.0:-1.0,-1.0 Yxy=-1.0,-1.0:-1.0,-1.0/-1.0,-1.0:-1.0,-1.0 farLxy=-1.0,-1.0:-1.0,-1.0/-1.0,-1.0:-1.0,-1.0 best=10:70.7,93.7:57.1,59.3:102.6:11111/2:117.3,112.3:147.9,92.3:4.7:10111 seed_src=lpt/none seed=0.0,0.0/0.0,0.0 far_start=70,0 far_raw=0/0 far_num=0/0 straight=0/1 far_straight=0/0 conf_deg=102.6/4.7/0.0/0.0
CrossDiag: type=CROSS_NONE track=1 half_lr=0/0 nearL=1@10/0@-1 nearNum=27/129 centerNum=27/129 farL=0@-1/0@-1 farNum=0/0 farRaw=0/0 lost=0/0 not_have=0 final=129/134 flags=0/0
LineErr: aim=33 cxcy=84.0,119.6 left=1:-9.56@93,89 dx=9.1 idx=0/7 dist=34/105 right=1:-14.10@98,87 dx=14.1 idx=0/10 dist=33/269 sel=1:-14.08@98,86 dx=14.3 idx=0/16 dist=32/266 edge=1:-7.19@91.0,87.5 dx=7.0 width=73.2 l=55,94 r=127,81
CxScan: raw_ref=80.0 edge=91.0,87.5 best_raw_x=100 best_err=0.71 best_cxcy=91.7,119.6 scan=0:-34.4,10:-31.6,20:-28.6,30:-25.4,40:-22.0,50:-18.5,60:-14.9,70:-11.1,80:-7.2,90:-3.3,100:0.7,110:4.7,120:8.6,130:12.4,140:16.1
ATGSeedDiag: seed=1@35,108/1@154,108 begin=7,108 block=5 clip=8
ATGLptDiag: best=10(102.6) imip=0/20 pass=11111 acc=10 ipm=70.7,93.7 inv=57.1,59.3 | 2(4.7) imip=0/12 pass=10111 acc=-1 ipm=117.3,112.3 inv=147.9,92.3
frame=178 line=1 track=1 cross=0 circle=1(CIRCLE_LEFT_BEGIN) round=0 yroad=0 ramp=0 road=7 speed=0 near=27/129 raw=105/105 sel=129/134 far=0/0 far_raw=0/0 l=1@10/0@-1 far_l=0@-1/0@-1 straight=0/1 far_straight=0/0 circle_cnt=1/0/0/0 lost=0/0 conf=104.1/4.9/0.0/0.0 dist=122 begin=946/0 m0=(84,119) ml=(98,88) md=32/1/154 cxcy=84.0,119.6 guide=0.00 atg=60.0/33.0/33.0 pure=-3.20/-2.26 yaw=0 cmd=-10 actual=10 signed=1 rps=3813/3787:2626/2635 duty=10/12 pwm=PWM2:10/PWM1:12 motor=2:10/1:12
ATGCorner: L=1@10/0@-1 Y=0@-1/0@-1 farL=0@-1/0@-1 Lxy=71.0,93.6:57.6,59.2/-1.0,-1.0:-1.0,-1.0 Yxy=-1.0,-1.0:-1.0,-1.0/-1.0,-1.0:-1.0,-1.0 farLxy=-1.0,-1.0:-1.0,-1.0/-1.0,-1.0:-1.0,-1.0 best=10:71.0,93.6:57.6,59.2:104.1:11111/1:116.5,114.5:150.8,98.5:4.9:10111 seed_src=lpt/none seed=0.0,0.0/0.0,0.0 far_start=70,0 far_raw=0/0 far_num=0/0 straight=0/1 far_straight=0/0 conf_deg=104.1/4.9/0.0/0.0
CrossDiag: type=CROSS_NONE track=1 half_lr=0/0 nearL=1@10/0@-1 nearNum=27/129 centerNum=27/129 farL=0@-1/0@-1 farNum=0/0 farRaw=0/0 lost=0/0 not_have=0 final=129/134 flags=0/0
LineErr: aim=33 cxcy=84.0,119.6 left=1:-9.53@93,89 dx=9.1 idx=0/7 dist=35/105 right=1:-14.04@97,89 dx=13.4 idx=0/9 dist=32/271 sel=1:-14.29@99,86 dx=14.6 idx=0/16 dist=32/266 edge=1:-8.21@92.0,87.5 dx=8.0 width=71.2 l=57,94 r=127,81
CxScan: raw_ref=80.0 edge=92.0,87.5 best_raw_x=100 best_err=-0.32 best_cxcy=91.7,119.6 scan=0:-35.1,10:-32.3,20:-29.4,30:-26.2,40:-22.9,50:-19.5,60:-15.8,70:-12.1,80:-8.2,90:-4.3,100:-0.3,110:3.6,120:7.6,130:11.4,140:15.1
ATGSeedDiag: seed=1@35,108/1@155,108 begin=7,108 block=5 clip=8
ATGLptDiag: best=10(104.1) imip=0/20 pass=11111 acc=10 ipm=71.0,93.6 inv=57.6,59.2 | 1(4.9) imip=0/11 pass=10111 acc=-1 ipm=116.5,114.5 inv=150.8,98.5
frame=179 line=1 track=1 cross=0 circle=1(CIRCLE_LEFT_BEGIN) round=0 yroad=0 ramp=0 road=7 speed=0 near=26/128 raw=102/104 sel=128/133 far=0/0 far_raw=0/0 l=1@10/0@-1 far_l=0@-1/0@-1 straight=0/1 far_straight=0/0 circle_cnt=1/0/0/0 lost=0/0 conf=100.0/7.9/0.0/0.0 dist=129 begin=953/0 m0=(84,119) ml=(98,88) md=32/1/154 cxcy=84.0,119.6 guide=0.00 atg=60.0/34.0/33.0 pure=-3.20/-2.29 yaw=0 cmd=-25 actual=25 signed=1 rps=3834/3766:2686/2691 duty=10/12 pwm=PWM2:10/PWM1:12 motor=2:10/1:12
ATGCorner: L=1@10/0@-1 Y=0@-1/0@-1 farL=0@-1/0@-1 Lxy=69.5,94.0:55.3,59.6/-1.0,-1.0:-1.0,-1.0 Yxy=-1.0,-1.0:-1.0,-1.0/-1.0,-1.0:-1.0,-1.0 farLxy=-1.0,-1.0:-1.0,-1.0/-1.0,-1.0:-1.0,-1.0 best=10:69.5,94.0:55.3,59.6:100.0:11111/1:116.6,114.2:150.5,97.8:7.9:10111 seed_src=lpt/none seed=0.0,0.0/0.0,0.0 far_start=70,0 far_raw=0/0 far_num=0/0 straight=0/1 far_straight=0/0 conf_deg=100.0/7.9/0.0/0.0
CrossDiag: type=CROSS_NONE track=1 half_lr=0/0 nearL=1@10/0@-1 nearNum=26/128 centerNum=26/128 farL=0@-1/0@-1 farNum=0/0 farRaw=0/0 lost=0/0 not_have=0 final=128/133 flags=0/0
LineErr: aim=33 cxcy=84.0,119.6 left=1:-8.54@92,87 dx=8.3 idx=0/7 dist=34/101 right=1:-14.14@98,89 dx=13.7 idx=0/9 dist=32/268 sel=1:-14.29@99,86 dx=14.6 idx=0/16 dist=32/264 edge=1:-7.77@91.5,88.0 dx=7.5 width=72.4 l=56,95 r=127,81
CxScan: raw_ref=80.0 edge=91.5,88.0 best_raw_x=100 best_err=0.20 best_cxcy=91.7,119.6 scan=0:-35.0,10:-32.2,20:-29.2,30:-26.0,40:-22.7,50:-19.2,60:-15.5,70:-11.7,80:-7.8,90:-3.8,100:0.2,110:4.2,120:8.1,130:12.0,140:15.8
ATGSeedDiag: seed=1@35,108/1@154,107 begin=7,108 block=5 clip=8
ATGLptDiag: best=10(100.0) imip=0/20 pass=11111 acc=10 ipm=69.5,94.0 inv=55.3,59.6 | 1(7.9) imip=0/11 pass=10111 acc=-1 ipm=116.6,114.2 inv=150.5,97.8
frame=180 line=1 track=1 cross=0 circle=1(CIRCLE_LEFT_BEGIN) round=0 yroad=0 ramp=0 road=7 speed=0 near=26/129 raw=102/105 sel=129/134 far=0/0 far_raw=0/0 l=1@10/0@-1 far_l=0@-1/0@-1 straight=0/1 far_straight=0/0 circle_cnt=1/0/0/0 lost=0/0 conf=99.2/5.0/0.0/0.0 dist=136 begin=960/0 m0=(84,119) ml=(98,88) md=32/1/154 cxcy=84.0,119.6 guide=0.00 atg=60.0/34.0/33.0 pure=-3.23/-2.30 yaw=0 cmd=-28 actual=28 signed=1 rps=3839/3761:2671/2627 duty=10/12 pwm=PWM2:10/PWM1:12 motor=2:10/1:12
ATGCorner: L=1@10/0@-1 Y=0@-1/0@-1 farL=0@-1/0@-1 Lxy=69.5,94.0:55.3,59.6/-1.0,-1.0:-1.0,-1.0 Yxy=-1.0,-1.0:-1.0,-1.0/-1.0,-1.0:-1.0,-1.0 farLxy=-1.0,-1.0:-1.0,-1.0/-1.0,-1.0:-1.0,-1.0 best=10:69.5,94.0:55.3,59.6:99.2:11111/1:116.5,114.5:150.8,98.5:5.0:10111 seed_src=lpt/none seed=0.0,0.0/0.0,0.0 far_start=70,0 far_raw=0/0 far_num=0/0 straight=0/1 far_straight=0/0 conf_deg=99.2/5.0/0.0/0.0
CrossDiag: type=CROSS_NONE track=1 half_lr=0/0 nearL=1@10/0@-1 nearNum=26/129 centerNum=26/129 farL=0@-1/0@-1 farNum=0/0 farRaw=0/0 lost=0/0 not_have=0 final=129/134 flags=0/0
LineErr: aim=33 cxcy=84.0,119.6 left=1:-8.53@92,87 dx=8.3 idx=0/7 dist=34/101 right=1:-14.29@98,89 dx=13.7 idx=0/9 dist=32/270 sel=1:-14.31@99,86 dx=14.6 idx=0/16 dist=32/266 edge=1:-6.23@90.0,88.0 dx=6.0 width=75.3 l=53,95 r=127,81
CxScan: raw_ref=80.0 edge=90.0,88.0 best_raw_x=95 best_err=-0.24 best_cxcy=89.8,119.6 scan=0:-33.9,10:-31.1,20:-28.0,30:-24.7,40:-21.3,50:-17.7,60:-14.0,70:-10.2,80:-6.2,90:-2.2,100:1.8,110:5.7,120:9.7,130:13.5,140:17.2
ATGSeedDiag: seed=1@35,108/1@155,108 begin=7,108 block=5 clip=8
ATGLptDiag: best=10(99.2) imip=0/20 pass=11111 acc=10 ipm=69.5,94.0 inv=55.3,59.6 | 1(5.0) imip=0/11 pass=10111 acc=-1 ipm=116.5,114.5 inv=150.8,98.5
frame=181 line=1 track=1 cross=0 circle=1(CIRCLE_LEFT_BEGIN) round=0 yroad=0 ramp=0 road=7 speed=0 near=26/129 raw=101/105 sel=129/134 far=0/0 far_raw=0/0 l=1@9/0@-1 far_l=0@-1/0@-1 straight=0/1 far_straight=0/0 circle_cnt=1/0/0/0 lost=0/0 conf=102.6/5.0/0.0/0.0 dist=143 begin=967/0 m0=(84,119) ml=(98,88) md=32/1/154 cxcy=84.0,119.6 guide=0.00 atg=60.0/33.0/33.0 pure=-3.23/-2.26 yaw=0 cmd=-26 actual=26 signed=1 rps=3836/3764:2542/2453 duty=10/12 pwm=PWM2:10/PWM1:12 motor=2:10/1:12
ATGCorner: L=1@9/0@-1 Y=0@-1/0@-1 farL=0@-1/0@-1 Lxy=70.7,95.9:56.6,62.0/-1.0,-1.0:-1.0,-1.0 Yxy=-1.0,-1.0:-1.0,-1.0/-1.0,-1.0:-1.0,-1.0 farLxy=-1.0,-1.0:-1.0,-1.0/-1.0,-1.0:-1.0,-1.0 best=9:70.7,95.9:56.6,62.0:102.6:11111/1:116.5,114.5:150.8,98.5:5.0:10111 seed_src=lpt/none seed=0.0,0.0/0.0,0.0 far_start=70,0 far_raw=0/0 far_num=0/0 straight=0/1 far_straight=0/0 conf_deg=102.6/5.0/0.0/0.0
CrossDiag: type=CROSS_NONE track=1 half_lr=0/0 nearL=1@9/0@-1 nearNum=26/129 centerNum=26/129 farL=0@-1/0@-1 farNum=0/0 farRaw=0/0 lost=0/0 not_have=0 final=129/134 flags=0/0
LineErr: aim=33 cxcy=84.0,119.6 left=1:-8.00@92,86 dx=7.9 idx=0/7 dist=34/101 right=1:-14.13@98,89 dx=13.6 idx=0/9 dist=32/271 sel=1:-14.29@99,86 dx=14.6 idx=0/16 dist=32/266 edge=1:-6.28@90.0,88.5 dx=6.0 width=75.5 l=53,96 r=127,81
CxScan: raw_ref=80.0 edge=90.0,88.5 best_raw_x=95 best_err=-0.24 best_cxcy=89.8,119.6 scan=0:-34.2,10:-31.3,20:-28.2,30:-24.9,40:-21.5,50:-17.9,60:-14.1,70:-10.3,80:-6.3,90:-2.3,100:1.8,110:5.8,120:9.8,130:13.6,140:17.3
ATGSeedDiag: seed=1@35,108/1@155,108 begin=7,108 block=5 clip=8
ATGLptDiag: best=9(102.6) imip=0/19 pass=11111 acc=9 ipm=70.7,95.9 inv=56.6,62.0 | 1(5.0) imip=0/11 pass=10111 acc=-1 ipm=116.5,114.5 inv=150.8,98.5
frame=182 line=1 track=1 cross=0 circle=1(CIRCLE_LEFT_BEGIN) round=0 yroad=0 ramp=0 road=7 speed=0 near=26/128 raw=101/104 sel=128/133 far=0/0 far_raw=0/0 l=1@9/0@-1 far_l=0@-1/0@-1 straight=0/1 far_straight=0/0 circle_cnt=1/0/0/0 lost=0/0 conf=101.3/7.9/0.0/0.0 dist=149 begin=973/0 m0=(84,119) ml=(98,88) md=32/1/154 cxcy=84.0,119.6 guide=0.00 atg=60.0/33.0/33.0 pure=-3.22/-2.24 yaw=0 cmd=-15 actual=15 signed=1 rps=3821/3779:2553/2432 duty=10/12 pwm=PWM2:10/PWM1:12 motor=2:10/1:12
ATGCorner: L=1@9/0@-1 Y=0@-1/0@-1 farL=0@-1/0@-1 Lxy=70.6,95.9:56.5,62.0/-1.0,-1.0:-1.0,-1.0 Yxy=-1.0,-1.0:-1.0,-1.0/-1.0,-1.0:-1.0,-1.0 farLxy=-1.0,-1.0:-1.0,-1.0/-1.0,-1.0:-1.0,-1.0 best=9:70.6,95.9:56.5,62.0:101.3:11111/1:116.6,114.2:150.5,97.8:7.9:10111 seed_src=lpt/none seed=0.0,0.0/0.0,0.0 far_start=70,0 far_raw=0/0 far_num=0/0 straight=0/1 far_straight=0/0 conf_deg=101.3/7.9/0.0/0.0
CrossDiag: type=CROSS_NONE track=1 half_lr=0/0 nearL=1@9/0@-1 nearNum=26/128 centerNum=26/128 farL=0@-1/0@-1 farNum=0/0 farRaw=0/0 lost=0/0 not_have=0 final=128/133 flags=0/0
LineErr: aim=33 cxcy=84.0,119.6 left=1:-7.85@92,86 dx=7.8 idx=0/7 dist=33/98 right=1:-14.07@98,89 dx=13.6 idx=0/9 dist=32/269 sel=1:-14.29@99,86 dx=14.6 idx=0/16 dist=32/264 edge=1:-7.33@91.0,88.5 dx=7.0 width=73.5 l=55,96 r=127,81
CxScan: raw_ref=80.0 edge=91.0,88.5 best_raw_x=100 best_err=0.73 best_cxcy=91.7,119.6 scan=0:-34.9,10:-32.1,20:-29.0,30:-25.8,40:-22.4,50:-18.8,60:-15.1,70:-11.3,80:-7.3,90:-3.3,100:0.7,110:4.8,120:8.7,130:12.6,140:16.4
ATGSeedDiag: seed=1@36,108/1@154,107 begin=7,108 block=5 clip=8
ATGLptDiag: best=9(101.3) imip=0/19 pass=11111 acc=9 ipm=70.6,95.9 inv=56.5,62.0 | 1(7.9) imip=0/11 pass=10111 acc=-1 ipm=116.6,114.2 inv=150.5,97.8
frame=183 line=1 track=1 cross=0 circle=1(CIRCLE_LEFT_BEGIN) round=0 yroad=0 ramp=0 road=7 speed=0 near=25/128 raw=101/105 sel=128/132 far=0/0 far_raw=0/0 l=1@9/0@-1 far_l=0@-1/0@-1 straight=0/1 far_straight=0/0 circle_cnt=1/0/0/0 lost=0/0 conf=102.0/4.8/0.0/0.0 dist=156 begin=980/0 m0=(84,119) ml=(98,88) md=32/1/155 cxcy=84.0,119.6 guide=0.00 atg=60.0/33.0/32.0 pure=-3.21/-2.23 yaw=0 cmd=6 actual=-6 signed=1 rps=3792/3808:2416/2342 duty=10/12 pwm=PWM2:10/PWM1:12 motor=2:10/1:12
ATGCorner: L=1@9/0@-1 Y=0@-1/0@-1 farL=0@-1/0@-1 Lxy=70.4,95.9:56.1,62.1/-1.0,-1.0:-1.0,-1.0 Yxy=-1.0,-1.0:-1.0,-1.0/-1.0,-1.0:-1.0,-1.0 farLxy=-1.0,-1.0:-1.0,-1.0/-1.0,-1.0:-1.0,-1.0 best=9:70.4,95.9:56.1,62.1:102.0:11111/1:116.6,114.5:151.0,98.5:4.8:10111 seed_src=lpt/none seed=0.0,0.0/0.0,0.0 far_start=70,0 far_raw=0/0 far_num=0/0 straight=0/1 far_straight=0/0 conf_deg=102.0/4.8/0.0/0.0
CrossDiag: type=CROSS_NONE track=1 half_lr=0/0 nearL=1@9/0@-1 nearNum=25/128 centerNum=25/128 farL=0@-1/0@-1 farNum=0/0 farRaw=0/0 lost=0/0 not_have=0 final=128/132 flags=0/0
LineErr: aim=33 cxcy=84.0,119.6 left=1:-7.35@91,85 dx=7.4 idx=0/7 dist=33/96 right=1:-14.12@98,89 dx=13.5 idx=0/9 dist=32/269 sel=1:-14.29@99,86 dx=14.6 idx=0/16 dist=32/262 edge=1:-5.76@89.5,88.5 dx=5.5 width=76.5 l=52,96 r=127,81
CxScan: raw_ref=80.0 edge=89.5,88.5 best_raw_x=95 best_err=0.29 best_cxcy=89.8,119.6 scan=0:-33.8,10:-30.9,20:-27.8,30:-24.5,40:-21.0,50:-17.4,60:-13.6,70:-9.7,80:-5.8,90:-1.7,100:2.3,110:6.3,120:10.3,130:14.1,140:17.8
ATGSeedDiag: seed=1@36,108/1@155,108 begin=7,108 block=5 clip=8
ATGLptDiag: best=9(102.0) imip=0/19 pass=11111 acc=9 ipm=70.4,95.9 inv=56.1,62.1 | 1(4.8) imip=0/11 pass=10111 acc=-1 ipm=116.6,114.5 inv=151.0,98.5
frame=185 line=1 track=1 cross=0 circle=1(CIRCLE_LEFT_BEGIN) round=0 yroad=0 ramp=0 road=7 speed=0 near=25/129 raw=101/105 sel=129/134 far=0/0 far_raw=0/0 l=1@9/0@-1 far_l=0@-1/0@-1 straight=0/1 far_straight=0/0 circle_cnt=1/0/0/0 lost=0/0 conf=103.5/4.4/0.0/0.0 dist=170 begin=994/0 m0=(84,119) ml=(98,88) md=32/1/154 cxcy=84.0,119.6 guide=0.00 atg=60.0/34.0/33.0 pure=-3.28/-2.28 yaw=0 cmd=34 actual=-34 signed=1 rps=3753/3847:2355/2372 duty=10/12 pwm=PWM2:10/PWM1:12 motor=2:10/1:12
ATGCorner: L=1@9/0@-1 Y=0@-1/0@-1 farL=0@-1/0@-1 Lxy=70.7,95.9:56.6,62.1/-1.0,-1.0:-1.0,-1.0 Yxy=-1.0,-1.0:-1.0,-1.0/-1.0,-1.0:-1.0,-1.0 farLxy=-1.0,-1.0:-1.0,-1.0/-1.0,-1.0:-1.0,-1.0 best=9:70.7,95.9:56.6,62.1:103.5:11111/2:117.8,112.3:148.9,92.3:4.4:10111 seed_src=lpt/none seed=0.0,0.0/0.0,0.0 far_start=70,0 far_raw=0/0 far_num=0/0 straight=0/1 far_straight=0/0 conf_deg=103.5/4.4/0.0/0.0
CrossDiag: type=CROSS_NONE track=1 half_lr=0/0 nearL=1@9/0@-1 nearNum=25/129 centerNum=25/129 farL=0@-1/0@-1 farNum=0/0 farRaw=0/0 lost=0/0 not_have=0 final=129/134 flags=0/0
LineErr: aim=33 cxcy=84.0,119.6 left=1:-7.37@91,85 dx=7.5 idx=0/7 dist=34/97 right=1:-14.53@98,89 dx=14.0 idx=0/9 dist=32/271 sel=1:-14.61@99,86 dx=14.9 idx=0/16 dist=32/266 edge=1:-5.82@89.5,89.0 dx=5.5 width=76.7 l=52,97 r=127,81
CxScan: raw_ref=80.0 edge=89.5,89.0 best_raw_x=95 best_err=0.29 best_cxcy=89.8,119.6 scan=0:-34.1,10:-31.1,20:-28.0,30:-24.7,40:-21.2,50:-17.6,60:-13.8,70:-9.8,80:-5.8,90:-1.7,100:2.3,110:6.4,120:10.4,130:14.2,140:18.0
ATGSeedDiag: seed=1@36,108/1@155,108 begin=7,108 block=5 clip=8
ATGLptDiag: best=9(103.5) imip=0/19 pass=11111 acc=9 ipm=70.7,95.9 inv=56.6,62.1 | 2(4.4) imip=0/12 pass=10111 acc=-1 ipm=117.8,112.3 inv=148.9,92.3
frame=186 line=1 track=1 cross=0 circle=1(CIRCLE_LEFT_BEGIN) round=0 yroad=0 ramp=0 road=7 speed=0 near=25/128 raw=102/104 sel=128/133 far=0/0 far_raw=0/0 l=1@9/0@-1 far_l=0@-1/0@-1 straight=0/1 far_straight=0/0 circle_cnt=1/0/0/0 lost=0/0 conf=102.9/7.4/0.0/0.0 dist=177 begin=1001/0 m0=(84,119) ml=(98,88) md=32/1/153 cxcy=84.0,119.6 guide=0.00 atg=60.0/36.0/35.0 pure=-3.31/-2.33 yaw=0 cmd=43 actual=-43 signed=1 rps=3742/3858:2475/2529 duty=10/12 pwm=PWM2:10/PWM1:12 motor=2:10/1:12
ATGCorner: L=1@9/0@-1 Y=0@-1/0@-1 farL=0@-1/0@-1 Lxy=70.7,95.9:56.6,62.1/-1.0,-1.0:-1.0,-1.0 Yxy=-1.0,-1.0:-1.0,-1.0/-1.0,-1.0:-1.0,-1.0 farLxy=-1.0,-1.0:-1.0,-1.0/-1.0,-1.0:-1.0,-1.0 best=9:70.7,95.9:56.6,62.1:102.9:11111/1:117.1,114.2:151.5,97.8:7.4:10111 seed_src=lpt/none seed=0.0,0.0/0.0,0.0 far_start=70,0 far_raw=0/0 far_num=0/0 straight=0/1 far_straight=0/0 conf_deg=102.9/7.4/0.0/0.0
CrossDiag: type=CROSS_NONE track=1 half_lr=0/0 nearL=1@9/0@-1 nearNum=25/128 centerNum=25/128 farL=0@-1/0@-1 farNum=0/0 farRaw=0/0 lost=0/0 not_have=0 final=128/133 flags=0/0
LineErr: aim=33 cxcy=84.0,119.6 left=1:-7.33@91,85 dx=7.4 idx=0/7 dist=33/94 right=1:-14.74@98,89 dx=14.3 idx=0/9 dist=32/268 sel=1:-14.93@99,86 dx=15.2 idx=0/16 dist=32/264 edge=1:-6.34@90.0,89.0 dx=6.0 width=77.7 l=52,97 r=128,81
CxScan: raw_ref=80.0 edge=90.0,89.0 best_raw_x=95 best_err=-0.24 best_cxcy=89.8,119.6 scan=0:-34.4,10:-31.5,20:-28.4,30:-25.1,40:-21.7,50:-18.0,60:-14.3,70:-10.3,80:-6.3,90:-2.3,100:1.8,110:5.9,120:9.8,130:13.7,140:17.5
ATGSeedDiag: seed=1@37,108/1@155,107 begin=7,108 block=5 clip=8
ATGLptDiag: best=9(102.9) imip=0/19 pass=11111 acc=9 ipm=70.7,95.9 inv=56.6,62.1 | 1(7.4) imip=0/11 pass=10111 acc=-1 ipm=117.1,114.2 inv=151.5,97.8
frame=187 line=1 track=1 cross=0 circle=1(CIRCLE_LEFT_BEGIN) round=0 yroad=0 ramp=0 road=7 speed=0 near=24/128 raw=99/104 sel=128/133 far=0/0 far_raw=0/0 l=1@8/0@-1 far_l=0@-1/0@-1 straight=0/1 far_straight=0/0 circle_cnt=1/0/0/0 lost=0/0 conf=102.7/5.4/0.0/0.0 dist=184 begin=1008/0 m0=(84,119) ml=(98,88) md=32/1/153 cxcy=84.0,119.6 guide=0.00 atg=60.0/36.0/35.0 pure=-3.35/-2.33 yaw=0 cmd=48 actual=-48 signed=1 rps=3734/3866:2472/2539 duty=10/12 pwm=PWM2:10/PWM1:12 motor=2:10/1:12
ATGCorner: L=1@8/0@-1 Y=0@-1/0@-1 farL=0@-1/0@-1 Lxy=71.0,98.2:56.4,65.2/-1.0,-1.0:-1.0,-1.0 Yxy=-1.0,-1.0:-1.0,-1.0/-1.0,-1.0:-1.0,-1.0 farLxy=-1.0,-1.0:-1.0,-1.0/-1.0,-1.0:-1.0,-1.0 best=8:71.0,98.2:56.4,65.2:102.7:11111/2:118.1,112.0:149.0,91.6:5.4:10111 seed_src=lpt/none seed=0.0,0.0/0.0,0.0 far_start=70,0 far_raw=0/0 far_num=0/0 straight=0/1 far_straight=0/0 conf_deg=102.7/5.4/0.0/0.0
CrossDiag: type=CROSS_NONE track=1 half_lr=0/0 nearL=1@8/0@-1 nearNum=24/128 centerNum=24/128 farL=0@-1/0@-1 farNum=0/0 farRaw=0/0 lost=0/0 not_have=0 final=128/133 flags=0/0
LineErr: aim=33 cxcy=84.0,119.6 left=1:-6.22@90,84 dx=6.4 idx=0/7 dist=34/94 right=1:-14.81@98,89 dx=14.3 idx=0/9 dist=32/270 sel=1:-14.93@99,86 dx=15.2 idx=0/16 dist=32/264 edge=1:-7.46@91.0,89.5 dx=7.0 width=75.9 l=54,98 r=128,81
CxScan: raw_ref=80.0 edge=91.0,89.5 best_raw_x=100 best_err=0.74 best_cxcy=91.7,119.6 scan=0:-35.4,10:-32.5,20:-29.5,30:-26.2,40:-22.8,50:-19.2,60:-15.4,70:-11.5,80:-7.5,90:-3.4,100:0.7,110:4.8,120:8.9,130:12.8,140:16.7
ATGSeedDiag: seed=1@37,108/1@155,107 begin=7,108 block=5 clip=8
ATGLptDiag: best=8(102.7) imip=0/18 pass=11111 acc=8 ipm=71.0,98.2 inv=56.4,65.2 | 2(5.4) imip=0/12 pass=10111 acc=-1 ipm=118.1,112.0 inv=149.0,91.6
frame=188 line=1 track=1 cross=0 circle=1(CIRCLE_LEFT_BEGIN) round=0 yroad=0 ramp=0 road=7 speed=0 near=24/128 raw=100/103 sel=128/133 far=0/0 far_raw=0/0 l=1@8/0@-1 far_l=0@-1/0@-1 straight=0/1 far_straight=0/0 circle_cnt=1/0/0/0 lost=0/0 conf=102.9/7.0/0.0/0.0 dist=191 begin=1015/0 m0=(84,119) ml=(99,88) md=32/1/153 cxcy=84.0,119.6 guide=0.00 atg=60.0/36.0/35.0 pure=-3.35/-2.33 yaw=0 cmd=60 actual=-60 signed=1 rps=3718/3882:2624/2704 duty=10/12 pwm=PWM2:10/PWM1:12 motor=2:10/1:12
ATGCorner: L=1@8/0@-1 Y=0@-1/0@-1 farL=0@-1/0@-1 Lxy=71.1,98.2:56.6,65.2/-1.0,-1.0:-1.0,-1.0 Yxy=-1.0,-1.0:-1.0,-1.0/-1.0,-1.0:-1.0,-1.0 farLxy=-1.0,-1.0:-1.0,-1.0/-1.0,-1.0:-1.0,-1.0 best=8:71.1,98.2:56.6,65.2:102.9:11111/1:117.3,113.9:151.3,96.9:7.0:10111 seed_src=lpt/none seed=0.0,0.0/0.0,0.0 far_start=70,0 far_raw=0/0 far_num=0/0 straight=0/1 far_straight=0/0 conf_deg=102.9/7.0/0.0/0.0
CrossDiag: type=CROSS_NONE track=1 half_lr=0/0 nearL=1@8/0@-1 nearNum=24/128 centerNum=24/128 farL=0@-1/0@-1 farNum=0/0 farRaw=0/0 lost=0/0 not_have=0 final=128/133 flags=0/0
LineErr: aim=33 cxcy=84.0,119.6 left=1:-6.27@91,84 dx=6.5 idx=0/7 dist=33/92 right=1:-14.95@99,88 dx=14.6 idx=0/9 dist=33/270 sel=1:-14.95@99,86 dx=15.2 idx=0/16 dist=32/264 edge=1:-7.46@91.0,89.5 dx=7.0 width=75.9 l=54,98 r=128,81
CxScan: raw_ref=80.0 edge=91.0,89.5 best_raw_x=100 best_err=0.74 best_cxcy=91.7,119.6 scan=0:-35.4,10:-32.5,20:-29.5,30:-26.2,40:-22.8,50:-19.2,60:-15.4,70:-11.5,80:-7.5,90:-3.4,100:0.7,110:4.8,120:8.9,130:12.8,140:16.7
ATGSeedDiag: seed=1@37,108/1@155,106 begin=7,108 block=5 clip=8
ATGLptDiag: best=8(102.9) imip=0/18 pass=11111 acc=8 ipm=71.1,98.2 inv=56.6,65.2 | 1(7.0) imip=0/11 pass=10111 acc=-1 ipm=117.3,113.9 inv=151.3,96.9
frame=189 line=1 track=1 cross=0 circle=1(CIRCLE_LEFT_BEGIN) round=0 yroad=0 ramp=0 road=7 speed=0 near=24/128 raw=98/103 sel=128/133 far=0/0 far_raw=0/0 l=1@8/0@-1 far_l=0@-1/0@-1 straight=0/1 far_straight=0/0 circle_cnt=1/0/0/0 lost=0/0 conf=103.1/8.7/0.0/0.0 dist=199 begin=1023/0 m0=(84,119) ml=(99,88) md=33/1/154 cxcy=84.0,119.6 guide=0.00 atg=60.0/36.0/35.0 pure=-3.35/-2.33 yaw=0 cmd=76 actual=-76 signed=1 rps=3696/3904:2762/2832 duty=10/12 pwm=PWM2:10/PWM1:12 motor=2:10/1:12
ATGCorner: L=1@8/0@-1 Y=0@-1/0@-1 farL=0@-1/0@-1 Lxy=70.8,98.1:56.1,65.1/-1.0,-1.0:-1.0,-1.0 Yxy=-1.0,-1.0:-1.0,-1.0/-1.0,-1.0:-1.0,-1.0 farLxy=-1.0,-1.0:-1.0,-1.0/-1.0,-1.0:-1.0,-1.0 best=8:70.8,98.1:56.1,65.1:103.1:11111/1:117.4,113.9:151.6,96.9:8.7:10111 seed_src=lpt/none seed=0.0,0.0/0.0,0.0 far_start=70,0 far_raw=0/0 far_num=0/0 straight=0/1 far_straight=0/0 conf_deg=103.1/8.7/0.0/0.0
CrossDiag: type=CROSS_NONE track=1 half_lr=0/0 nearL=1@8/0@-1 nearNum=24/128 centerNum=24/128 farL=0@-1/0@-1 farNum=0/0 farRaw=0/0 lost=0/0 not_have=0 final=128/133 flags=0/0
LineErr: aim=33 cxcy=84.0,119.6 left=1:-5.56@90,83 dx=5.8 idx=0/7 dist=33/90 right=1:-15.07@99,88 dx=14.7 idx=0/9 dist=33/270 sel=1:-15.03@99,86 dx=15.2 idx=0/16 dist=32/264 edge=1:-6.93@90.5,89.5 dx=6.5 width=76.9 l=53,98 r=128,81
CxScan: raw_ref=80.0 edge=90.5,89.5 best_raw_x=95 best_err=-0.78 best_cxcy=89.8,119.6 scan=0:-35.1,10:-32.2,20:-29.1,30:-25.8,40:-22.3,50:-18.7,60:-14.9,70:-11.0,80:-6.9,90:-2.8,100:1.3,110:5.4,120:9.4,130:13.3,140:17.2
ATGSeedDiag: seed=1@37,108/1@155,106 begin=7,108 block=5 clip=8
ATGLptDiag: best=8(103.1) imip=0/18 pass=11111 acc=8 ipm=70.8,98.1 inv=56.1,65.1 | 1(8.7) imip=0/11 pass=10111 acc=-1 ipm=117.4,113.9 inv=151.6,96.9
frame=190 line=1 track=1 cross=0 circle=1(CIRCLE_LEFT_BEGIN) round=0 yroad=0 ramp=0 road=7 speed=0 near=23/128 raw=96/103 sel=128/133 far=0/0 far_raw=0/0 l=1@8/0@-1 far_l=0@-1/0@-1 straight=0/1 far_straight=0/0 circle_cnt=1/0/0/0 lost=0/0 conf=101.0/5.4/0.0/0.0 dist=207 begin=1031/0 m0=(84,119) ml=(99,88) md=33/1/154 cxcy=84.0,119.6 guide=0.00 atg=60.0/36.0/35.0 pure=-3.38/-2.34 yaw=0 cmd=83 actual=-83 signed=1 rps=3686/3914:2697/2759 duty=10/12 pwm=PWM2:10/PWM1:12 motor=2:10/1:12
ATGCorner: L=1@8/0@-1 Y=0@-1/0@-1 farL=0@-1/0@-1 Lxy=70.3,98.2:55.4,65.2/-1.0,-1.0:-1.0,-1.0 Yxy=-1.0,-1.0:-1.0,-1.0/-1.0,-1.0:-1.0,-1.0 farLxy=-1.0,-1.0:-1.0,-1.0/-1.0,-1.0:-1.0,-1.0 best=8:70.3,98.2:55.4,65.2:101.0:11111/2:118.4,111.7:149.1,90.8:5.4:10111 seed_src=lpt/none seed=0.0,0.0/0.0,0.0 far_start=70,0 far_raw=0/0 far_num=0/0 straight=0/1 far_straight=0/0 conf_deg=101.0/5.4/0.0/0.0
CrossDiag: type=CROSS_NONE track=1 half_lr=0/0 nearL=1@8/0@-1 nearNum=23/128 centerNum=23/128 farL=0@-1/0@-1 farNum=0/0 farRaw=0/0 lost=0/0 not_have=0 final=128/133 flags=0/0
LineErr: aim=33 cxcy=84.0,119.6 left=1:-5.30@90,82 dx=5.6 idx=0/7 dist=32/85 right=1:-15.11@99,88 dx=14.7 idx=0/9 dist=33/269 sel=1:-15.26@99,86 dx=15.5 idx=0/16 dist=32/264 edge=1:-6.46@90.0,90.0 dx=6.0 width=78.1 l=52,99 r=128,81
CxScan: raw_ref=80.0 edge=90.0,90.0 best_raw_x=95 best_err=-0.25 best_cxcy=89.8,119.6 scan=0:-34.9,10:-32.0,20:-28.9,30:-25.6,40:-22.1,50:-18.4,60:-14.5,70:-10.5,80:-6.5,90:-2.3,100:1.8,110:6.0,120:10.0,130:14.0,140:17.8
ATGSeedDiag: seed=1@37,108/1@155,106 begin=7,108 block=5 clip=8
ATGLptDiag: best=8(101.0) imip=0/18 pass=11111 acc=8 ipm=70.3,98.2 inv=55.4,65.2 | 2(5.4) imip=0/12 pass=10111 acc=-1 ipm=118.4,111.7 inv=149.1,90.8
frame=192 line=1 track=1 cross=0 circle=1(CIRCLE_LEFT_BEGIN) round=0 yroad=0 ramp=0 road=7 speed=0 near=23/128 raw=95/101 sel=128/134 far=0/0 far_raw=0/0 l=1@8/0@-1 far_l=0@-1/0@-1 straight=0/1 far_straight=0/0 circle_cnt=1/0/0/0 lost=0/0 conf=100.6/4.4/0.0/0.0 dist=223 begin=1047/0 m0=(84,119) ml=(99,88) md=33/1/153 cxcy=84.0,119.6 guide=0.00 atg=60.0/37.0/36.0 pure=-3.45/-2.38 yaw=0 cmd=60 actual=-60 signed=1 rps=3718/3882:2784/2828 duty=10/12 pwm=PWM2:10/PWM1:12 motor=2:10/1:12
ATGCorner: L=1@8/0@-1 Y=0@-1/0@-1 farL=0@-1/0@-1 Lxy=69.9,98.4:54.6,65.5/-1.0,-1.0:-1.0,-1.0 Yxy=-1.0,-1.0:-1.0,-1.0/-1.0,-1.0:-1.0,-1.0 farLxy=-1.0,-1.0:-1.0,-1.0/-1.0,-1.0:-1.0,-1.0 best=8:69.9,98.4:54.6,65.5:100.6:11111/1:118.2,113.3:151.7,94.9:4.4:10111 seed_src=lpt/none seed=0.0,0.0/0.0,0.0 far_start=70,0 far_raw=0/0 far_num=0/0 straight=0/1 far_straight=0/0 conf_deg=100.6/4.4/0.0/0.0
CrossDiag: type=CROSS_NONE track=1 half_lr=0/0 nearL=1@8/0@-1 nearNum=23/128 centerNum=23/128 farL=0@-1/0@-1 farNum=0/0 farRaw=0/0 lost=0/0 not_have=0 final=128/134 flags=0/0
LineErr: aim=33 cxcy=84.0,119.6 left=1:-4.21@89,81 dx=4.5 idx=0/7 dist=33/87 right=1:-15.62@99,90 dx=14.9 idx=0/8 dist=32/270 sel=1:-15.62@100,86 dx=15.8 idx=0/16 dist=32/266 edge=1:-7.00@90.5,90.0 dx=6.5 width=79.6 l=52,100 r=129,80
CxScan: raw_ref=80.0 edge=90.5,90.0 best_raw_x=95 best_err=-0.79 best_cxcy=89.8,119.6 scan=0:-35.3,10:-32.4,20:-29.3,30:-26.0,40:-22.5,50:-18.9,60:-15.0,70:-11.1,80:-7.0,90:-2.9,100:1.3,110:5.4,120:9.5,130:13.5,140:17.3
ATGSeedDiag: seed=1@38,108/1@155,104 begin=7,108 block=5 clip=8
ATGLptDiag: best=8(100.6) imip=0/18 pass=11111 acc=8 ipm=69.9,98.4 inv=54.6,65.5 | 1(4.4) imip=0/11 pass=10111 acc=-1 ipm=118.2,113.3 inv=151.7,94.9
frame=193 line=1 track=1 cross=0 circle=1(CIRCLE_LEFT_BEGIN) round=0 yroad=0 ramp=0 road=7 speed=0 near=22/128 raw=95/99 sel=128/134 far=0/0 far_raw=0/0 l=1@7/0@-1 far_l=0@-1/0@-1 straight=0/1 far_straight=0/0 circle_cnt=1/0/0/0 lost=0/0 conf=101.8/6.5/0.0/0.0 dist=230 begin=1054/0 m0=(84,119) ml=(99,89) md=32/1/152 cxcy=84.0,119.6 guide=0.00 atg=60.0/38.0/37.0 pure=-3.52/-2.42 yaw=0 cmd=36 actual=-36 signed=1 rps=3750/3850:2842/2818 duty=10/12 pwm=PWM2:10/PWM1:12 motor=2:10/1:12
ATGCorner: L=1@7/0@-1 Y=0@-1/0@-1 farL=0@-1/0@-1 Lxy=70.9,100.4:55.6,68.6/-1.0,-1.0:-1.0,-1.0 Yxy=-1.0,-1.0:-1.0,-1.0/-1.0,-1.0:-1.0,-1.0 farLxy=-1.0,-1.0:-1.0,-1.0/-1.0,-1.0:-1.0,-1.0 best=7:70.9,100.4:55.6,68.6:101.8:11111/1:118.6,112.7:151.3,93.3:6.5:10111 seed_src=lpt/none seed=0.0,0.0/0.0,0.0 far_start=70,0 far_raw=0/0 far_num=0/0 straight=0/1 far_straight=0/0 conf_deg=101.8/6.5/0.0/0.0
CrossDiag: type=CROSS_NONE track=1 half_lr=0/0 nearL=1@7/0@-1 nearNum=22/128 centerNum=22/128 farL=0@-1/0@-1 farNum=0/0 farRaw=0/0 lost=0/0 not_have=0 final=128/134 flags=0/0
LineErr: aim=33 cxcy=84.0,119.6 left=1:-4.04@88,81 dx=4.4 idx=0/7 dist=33/84 right=1:-15.76@99,89 dx=15.2 idx=0/8 dist=32/270 sel=1:-15.89@100,86 dx=16.0 idx=0/16 dist=32/266 edge=1:-5.39@89.0,90.0 dx=5.0 width=82.5 l=49,100 r=129,80
CxScan: raw_ref=80.0 edge=89.0,90.0 best_raw_x=95 best_err=0.84 best_cxcy=89.8,119.6 scan=0:-34.2,10:-31.2,20:-28.0,30:-24.7,40:-21.1,50:-17.4,60:-13.5,70:-9.5,80:-5.4,90:-1.2,100:2.9,110:7.0,120:11.1,130:15.0,140:18.8
ATGSeedDiag: seed=1@38,108/1@155,102 begin=7,108 block=5 clip=8
ATGLptDiag: best=7(101.8) imip=0/17 pass=11111 acc=7 ipm=70.9,100.4 inv=55.6,68.6 | 1(6.5) imip=0/11 pass=10111 acc=-1 ipm=118.6,112.7 inv=151.3,93.3
frame=194 line=1 track=1 cross=0 circle=1(CIRCLE_LEFT_BEGIN) round=0 yroad=0 ramp=0 road=7 speed=0 near=22/128 raw=96/99 sel=128/134 far=0/0 far_raw=0/0 l=1@7/0@-1 far_l=0@-1/0@-1 straight=0/1 far_straight=0/0 circle_cnt=1/0/0/0 lost=0/0 conf=103.9/6.7/0.0/0.0 dist=238 begin=1062/0 m0=(84,119) ml=(100,89) md=32/1/152 cxcy=84.0,119.6 guide=0.00 atg=60.0/38.0/37.0 pure=-3.56/-2.42 yaw=0 cmd=11 actual=-11 signed=1 rps=3784/3816:2916/2843 duty=10/12 pwm=PWM2:10/PWM1:12 motor=2:10/1:12
ATGCorner: L=1@7/0@-1 Y=0@-1/0@-1 farL=0@-1/0@-1 Lxy=71.0,100.5:55.7,68.6/-1.0,-1.0:-1.0,-1.0 Yxy=-1.0,-1.0:-1.0,-1.0/-1.0,-1.0:-1.0,-1.0 farLxy=-1.0,-1.0:-1.0,-1.0/-1.0,-1.0:-1.0,-1.0 best=7:71.0,100.5:55.7,68.6:103.9:11111/1:118.6,112.7:151.4,93.3:6.7:10111 seed_src=lpt/none seed=0.0,0.0/0.0,0.0 far_start=70,0 far_raw=0/0 far_num=0/0 straight=0/1 far_straight=0/0 conf_deg=103.9/6.7/0.0/0.0
CrossDiag: type=CROSS_NONE track=1 half_lr=0/0 nearL=1@7/0@-1 nearNum=22/128 centerNum=22/128 farL=0@-1/0@-1 farNum=0/0 farRaw=0/0 lost=0/0 not_have=0 final=128/134 flags=0/0
LineErr: aim=33 cxcy=84.0,119.6 left=1:-3.79@88,81 dx=4.1 idx=0/7 dist=33/84 right=1:-16.01@99,89 dx=15.4 idx=0/8 dist=33/271 sel=1:-16.07@100,86 dx=16.2 idx=0/16 dist=32/266 edge=1:-5.39@89.0,90.0 dx=5.0 width=82.5 l=49,100 r=129,80
CxScan: raw_ref=80.0 edge=89.0,90.0 best_raw_x=95 best_err=0.84 best_cxcy=89.8,119.6 scan=0:-34.2,10:-31.2,20:-28.0,30:-24.7,40:-21.1,50:-17.4,60:-13.5,70:-9.5,80:-5.4,90:-1.2,100:2.9,110:7.0,120:11.1,130:15.0,140:18.8
ATGSeedDiag: seed=1@38,108/1@155,102 begin=7,108 block=5 clip=8
ATGLptDiag: best=7(103.9) imip=0/17 pass=11111 acc=7 ipm=71.0,100.5 inv=55.7,68.6 | 1(6.7) imip=0/11 pass=10111 acc=-1 ipm=118.6,112.7 inv=151.4,93.3
frame=195 line=1 track=1 cross=0 circle=1(CIRCLE_LEFT_BEGIN) round=0 yroad=0 ramp=0 road=7 speed=0 near=22/128 raw=94/99 sel=128/134 far=0/0 far_raw=0/0 l=1@7/0@-1 far_l=0@-1/0@-1 straight=0/1 far_straight=0/0 circle_cnt=1/0/0/0 lost=0/0 conf=103.1/7.6/0.0/0.0 dist=246 begin=1070/0 m0=(84,119) ml=(99,89) md=32/1/152 cxcy=84.0,119.6 guide=0.00 atg=60.0/38.0/37.0 pure=-3.55/-2.42 yaw=0 cmd=-3 actual=3 signed=1 rps=3804/3796:2774/2697 duty=10/12 pwm=PWM2:10/PWM1:12 motor=2:10/1:12
ATGCorner: L=1@7/0@-1 Y=0@-1/0@-1 farL=0@-1/0@-1 Lxy=70.9,100.4:55.6,68.6/-1.0,-1.0:-1.0,-1.0 Yxy=-1.0,-1.0:-1.0,-1.0/-1.0,-1.0:-1.0,-1.0 farLxy=-1.0,-1.0:-1.0,-1.0/-1.0,-1.0:-1.0,-1.0 best=7:70.9,100.4:55.6,68.6:103.1:11111/1:118.6,112.7:151.4,93.3:7.6:10111 seed_src=lpt/none seed=0.0,0.0/0.0,0.0 far_start=70,0 far_raw=0/0 far_num=0/0 straight=0/1 far_straight=0/0 conf_deg=103.1/7.6/0.0/0.0
CrossDiag: type=CROSS_NONE track=1 half_lr=0/0 nearL=1@7/0@-1 nearNum=22/128 centerNum=22/128 farL=0@-1/0@-1 farNum=0/0 farRaw=0/0 lost=0/0 not_have=0 final=128/134 flags=0/0
LineErr: aim=33 cxcy=84.0,119.6 left=1:-3.27@88,80 dx=3.6 idx=0/7 dist=33/83 right=1:-15.90@99,89 dx=15.3 idx=0/8 dist=32/270 sel=1:-15.90@100,86 dx=16.1 idx=0/16 dist=32/266 edge=1:-6.52@90.0,90.5 dx=6.0 width=80.8 l=51,101 r=129,80
CxScan: raw_ref=80.0 edge=90.0,90.5 best_raw_x=95 best_err=-0.25 best_cxcy=89.8,119.6 scan=0:-35.2,10:-32.3,20:-29.1,30:-25.8,40:-22.2,50:-18.5,60:-14.7,70:-10.6,80:-6.5,90:-2.3,100:1.8,110:6.0,120:10.1,130:14.1,140:18.0
ATGSeedDiag: seed=1@38,108/1@155,102 begin=7,108 block=5 clip=8
ATGLptDiag: best=7(103.1) imip=0/17 pass=11111 acc=7 ipm=70.9,100.4 inv=55.6,68.6 | 1(7.6) imip=0/11 pass=10111 acc=-1 ipm=118.6,112.7 inv=151.4,93.3
frame=196 line=1 track=1 cross=0 circle=1(CIRCLE_LEFT_BEGIN) round=0 yroad=0 ramp=0 road=7 speed=0 near=22/128 raw=95/100 sel=128/134 far=0/0 far_raw=0/0 l=1@7/0@-1 far_l=0@-1/0@-1 straight=0/1 far_straight=0/0 circle_cnt=1/0/0/0 lost=0/0 conf=104.8/3.5/0.0/0.0 dist=254 begin=1078/0 m0=(84,119) ml=(99,89) md=32/1/153 cxcy=84.0,119.6 guide=0.00 atg=60.0/37.0/37.0 pure=-3.49/-2.38 yaw=0 cmd=-11 actual=11 signed=1 rps=3816/3784:2867/2783 duty=10/12 pwm=PWM2:10/PWM1:12 motor=2:10/1:12
ATGCorner: L=1@7/0@-1 Y=0@-1/0@-1 farL=0@-1/0@-1 Lxy=71.2,100.5:56.0,68.7/-1.0,-1.0:-1.0,-1.0 Yxy=-1.0,-1.0:-1.0,-1.0/-1.0,-1.0:-1.0,-1.0 farLxy=-1.0,-1.0:-1.0,-1.0/-1.0,-1.0:-1.0,-1.0 best=7:71.2,100.5:56.0,68.7:104.8:11111/1:118.4,112.9:151.6,94.0:3.5:10111 seed_src=lpt/none seed=0.0,0.0/0.0,0.0 far_start=70,0 far_raw=0/0 far_num=0/0 straight=0/1 far_straight=0/0 conf_deg=104.8/3.5/0.0/0.0
CrossDiag: type=CROSS_NONE track=1 half_lr=0/0 nearL=1@7/0@-1 nearNum=22/128 centerNum=22/128 farL=0@-1/0@-1 farNum=0/0 farRaw=0/0 lost=0/0 not_have=0 final=128/134 flags=0/0
LineErr: aim=33 cxcy=84.0,119.6 left=1:-3.28@88,80 dx=3.6 idx=0/7 dist=33/83 right=1:-15.74@99,89 dx=15.0 idx=0/8 dist=32/270 sel=1:-15.83@100,86 dx=16.0 idx=0/16 dist=32/266 edge=1:-6.52@90.0,90.5 dx=6.0 width=80.8 l=51,101 r=129,80
CxScan: raw_ref=80.0 edge=90.0,90.5 best_raw_x=95 best_err=-0.25 best_cxcy=89.8,119.6 scan=0:-35.2,10:-32.3,20:-29.1,30:-25.8,40:-22.2,50:-18.5,60:-14.7,70:-10.6,80:-6.5,90:-2.3,100:1.8,110:6.0,120:10.1,130:14.1,140:18.0
ATGSeedDiag: seed=1@38,108/1@155,103 begin=7,108 block=5 clip=8
ATGLptDiag: best=7(104.8) imip=0/17 pass=11111 acc=7 ipm=71.2,100.5 inv=56.0,68.7 | 1(3.5) imip=0/11 pass=10111 acc=-1 ipm=118.4,112.9 inv=151.6,94.0
frame=197 line=1 track=1 cross=0 circle=1(CIRCLE_LEFT_BEGIN) round=0 yroad=0 ramp=0 road=7 speed=0 near=22/128 raw=93/100 sel=128/134 far=0/0 far_raw=0/0 l=1@7/0@-1 far_l=0@-1/0@-1 straight=0/1 far_straight=0/0 circle_cnt=1/0/0/0 lost=0/0 conf=103.5/4.1/0.0/0.0 dist=262 begin=1086/0 m0=(84,119) ml=(99,89) md=32/1/153 cxcy=84.0,119.6 guide=0.00 atg=60.0/36.0/36.0 pure=-3.48/-2.37 yaw=0 cmd=-10 actual=10 signed=1 rps=3813/3787:2736/2666 duty=10/12 pwm=PWM2:10/PWM1:12 motor=2:10/1:12
ATGCorner: L=1@7/0@-1 Y=0@-1/0@-1 farL=0@-1/0@-1 Lxy=70.8,100.4:55.4,68.6/-1.0,-1.0:-1.0,-1.0 Yxy=-1.0,-1.0:-1.0,-1.0/-1.0,-1.0:-1.0,-1.0 farLxy=-1.0,-1.0:-1.0,-1.0/-1.0,-1.0:-1.0,-1.0 best=7:70.8,100.4:55.4,68.6:103.5:11111/2:119.3,110.8:148.9,88.3:4.1:10111 seed_src=lpt/none seed=0.0,0.0/0.0,0.0 far_start=70,0 far_raw=0/0 far_num=0/0 straight=0/1 far_straight=0/0 conf_deg=103.5/4.1/0.0/0.0
CrossDiag: type=CROSS_NONE track=1 half_lr=0/0 nearL=1@7/0@-1 nearNum=22/128 centerNum=22/128 farL=0@-1/0@-1 farNum=0/0 farRaw=0/0 lost=0/0 not_have=0 final=128/134 flags=0/0
LineErr: aim=33 cxcy=84.0,119.6 left=1:-2.58@87,80 dx=2.8 idx=0/7 dist=33/81 right=1:-15.67@99,89 dx=15.0 idx=0/8 dist=32/270 sel=1:-15.83@100,86 dx=16.0 idx=0/16 dist=32/266 edge=1:-4.89@88.5,90.5 dx=4.5 width=83.7 l=48,101 r=129,80
CxScan: raw_ref=80.0 edge=88.5,90.5 best_raw_x=90 best_err=-0.70 best_cxcy=87.9,119.6 scan=0:-34.1,10:-31.1,20:-27.8,30:-24.4,40:-20.8,50:-17.0,60:-13.1,70:-9.0,80:-4.9,90:-0.7,100:3.5,110:7.6,120:11.7,130:15.6,140:19.4
ATGSeedDiag: seed=1@39,108/1@155,103 begin=7,108 block=5 clip=8
ATGLptDiag: best=7(103.5) imip=0/17 pass=11111 acc=7 ipm=70.8,100.4 inv=55.4,68.6 | 2(4.1) imip=0/12 pass=10111 acc=-1 ipm=119.3,110.8 inv=148.9,88.3
frame=198 line=1 track=1 cross=0 circle=1(CIRCLE_LEFT_BEGIN) round=0 yroad=0 ramp=0 road=7 speed=0 near=21/128 raw=94/99 sel=128/134 far=0/0 far_raw=0/0 l=1@7/0@-1 far_l=0@-1/0@-1 straight=0/1 far_straight=0/0 circle_cnt=1/0/0/0 lost=0/0 conf=104.3/7.0/0.0/0.0 dist=270 begin=1094/0 m0=(84,119) ml=(99,89) md=32/1/153 cxcy=84.0,119.6 guide=0.00 atg=60.0/36.0/35.0 pure=-3.48/-2.35 yaw=0 cmd=0 actual=0 signed=1 rps=3800/3800:2894/2813 duty=10/12 pwm=PWM2:10/PWM1:12 motor=2:10/1:12
ATGCorner: L=1@7/0@-1 Y=0@-1/0@-1 farL=0@-1/0@-1 Lxy=71.1,100.4:55.9,68.6/-1.0,-1.0:-1.0,-1.0 Yxy=-1.0,-1.0:-1.0,-1.0/-1.0,-1.0:-1.0,-1.0 farLxy=-1.0,-1.0:-1.0,-1.0/-1.0,-1.0:-1.0,-1.0 best=7:71.1,100.4:55.9,68.6:104.3:11111/1:118.6,112.7:151.3,93.3:7.0:10111 seed_src=lpt/none seed=0.0,0.0/0.0,0.0 far_start=70,0 far_raw=0/0 far_num=0/0 straight=0/1 far_straight=0/0 conf_deg=104.3/7.0/0.0/0.0
CrossDiag: type=CROSS_NONE track=1 half_lr=0/0 nearL=1@7/0@-1 nearNum=21/128 centerNum=21/128 farL=0@-1/0@-1 farNum=0/0 farRaw=0/0 lost=0/0 not_have=0 final=128/134 flags=0/0
LineErr: aim=33 cxcy=84.0,119.6 left=1:-2.46@87,79 dx=2.7 idx=0/7 dist=31/77 right=1:-15.70@99,89 dx=15.1 idx=0/8 dist=32/270 sel=1:-15.83@100,86 dx=16.0 idx=0/16 dist=32/266 edge=1:-6.04@89.5,91.0 dx=5.5 width=82.0 l=50,102 r=129,80
CxScan: raw_ref=80.0 edge=89.5,91.0 best_raw_x=95 best_err=0.30 best_cxcy=89.8,119.6 scan=0:-35.1,10:-32.1,20:-28.9,30:-25.5,40:-22.0,50:-18.2,60:-14.3,70:-10.2,80:-6.0,90:-1.8,100:2.4,110:6.6,120:10.7,130:14.8,140:18.6
ATGSeedDiag: seed=1@39,108/1@155,102 begin=7,108 block=5 clip=8
ATGLptDiag: best=7(104.3) imip=0/17 pass=11111 acc=7 ipm=71.1,100.4 inv=55.9,68.6 | 1(7.0) imip=0/11 pass=10111 acc=-1 ipm=118.6,112.7 inv=151.3,93.3
frame=199 line=1 track=1 cross=0 circle=1(CIRCLE_LEFT_BEGIN) round=0 yroad=0 ramp=0 road=7 speed=0 near=21/128 raw=92/99 sel=128/134 far=0/0 far_raw=0/0 l=1@7/0@-1 far_l=0@-1/0@-1 straight=0/1 far_straight=0/0 circle_cnt=1/0/0/0 lost=0/0 conf=100.5/7.5/0.0/0.0 dist=278 begin=1102/0 m0=(84,119) ml=(100,89) md=32/1/153 cxcy=84.0,119.6 guide=0.00 atg=60.0/37.0/37.0 pure=-3.50/-2.38 yaw=0 cmd=15 actual=-15 signed=1 rps=3780/3820:2776/2695 duty=10/12 pwm=PWM2:10/PWM1:12 motor=2:10/1:12
ATGCorner: L=1@7/0@-1 Y=0@-1/0@-1 farL=0@-1/0@-1 Lxy=70.0,100.6:54.1,68.9/-1.0,-1.0:-1.0,-1.0 Yxy=-1.0,-1.0:-1.0,-1.0/-1.0,-1.0:-1.0,-1.0 farLxy=-1.0,-1.0:-1.0,-1.0/-1.0,-1.0:-1.0,-1.0 best=7:70.0,100.6:54.1,68.9:100.5:11111/2:119.6,110.6:149.1,87.8:7.5:10111 seed_src=lpt/none seed=0.0,0.0/0.0,0.0 far_start=70,0 far_raw=0/0 far_num=0/0 straight=0/1 far_straight=0/0 conf_deg=100.5/7.5/0.0/0.0
CrossDiag: type=CROSS_NONE track=1 half_lr=0/0 nearL=1@7/0@-1 nearNum=21/128 centerNum=21/128 farL=0@-1/0@-1 farNum=0/0 farRaw=0/0 lost=0/0 not_have=0 final=128/134 flags=0/0
LineErr: aim=33 cxcy=84.0,119.6 left=1:-0.60@85,79 dx=0.7 idx=0/7 dist=32/77 right=1:-16.00@99,89 dx=15.4 idx=0/8 dist=32/272 sel=1:-15.97@100,86 dx=16.1 idx=0/16 dist=32/266 edge=1:-4.94@88.5,91.0 dx=4.5 width=85.9 l=47,102 r=130,80
CxScan: raw_ref=80.0 edge=88.5,91.0 best_raw_x=90 best_err=-0.71 best_cxcy=87.9,119.6 scan=0:-34.3,10:-31.3,20:-28.1,30:-24.6,40:-21.0,50:-17.2,60:-13.2,70:-9.1,80:-4.9,90:-0.7,100:3.5,110:7.7,120:11.8,130:15.8,140:19.6
ATGSeedDiag: seed=1@39,108/1@155,102 begin=7,108 block=5 clip=8
ATGLptDiag: best=7(100.5) imip=0/17 pass=11111 acc=7 ipm=70.0,100.6 inv=54.1,68.9 | 2(7.5) imip=0/12 pass=10111 acc=-1 ipm=119.6,110.6 inv=149.1,87.8
frame=200 line=1 track=1 cross=0 circle=1(CIRCLE_LEFT_BEGIN) round=0 yroad=0 ramp=0 road=7 speed=0 near=20/128 raw=90/98 sel=128/134 far=0/0 far_raw=0/0 l=1@6/0@-1 far_l=0@-1/0@-1 straight=0/1 far_straight=0/0 circle_cnt=1/0/0/0 lost=0/0 conf=102.3/6.4/0.0/0.0 dist=285 begin=1109/0 m0=(84,119) ml=(100,89) md=32/1/151 cxcy=84.0,119.6 guide=0.00 atg=60.0/39.0/38.0 pure=-3.55/-2.45 yaw=0 cmd=25 actual=-25 signed=1 rps=3766/3834:2822/2767 duty=10/12 pwm=PWM2:10/PWM1:12 motor=2:10/1:12
ATGCorner: L=1@6/0@-1 Y=0@-1/0@-1 farL=0@-1/0@-1 Lxy=70.8,102.7:54.7,72.3/-1.0,-1.0:-1.0,-1.0 Yxy=-1.0,-1.0:-1.0,-1.0/-1.0,-1.0:-1.0,-1.0 farLxy=-1.0,-1.0:-1.0,-1.0/-1.0,-1.0:-1.0,-1.0 best=6:70.8,102.7:54.7,72.3:102.3:11111/1:119.0,112.3:151.4,92.4:6.4:10111 seed_src=lpt/none seed=0.0,0.0/0.0,0.0 far_start=70,0 far_raw=0/0 far_num=0/0 straight=0/1 far_straight=0/0 conf_deg=102.3/6.4/0.0/0.0
CrossDiag: type=CROSS_NONE track=1 half_lr=0/0 nearL=1@6/0@-1 nearNum=20/128 centerNum=20/128 farL=0@-1/0@-1 farNum=0/0 farRaw=0/0 lost=0/0 not_have=0 final=128/134 flags=0/0
LineErr: aim=33 cxcy=84.0,119.6 left=1:3.09@81,78 dx=-3.5 idx=0/8 dist=34/72 right=1:-16.21@100,89 dx=15.7 idx=0/8 dist=33/273 sel=1:-16.34@100,87 dx=16.5 idx=0/16 dist=32/266 edge=1:-5.98@89.5,90.5 dx=5.5 width=84.2 l=49,102 r=130,79
CxScan: raw_ref=80.0 edge=89.5,90.5 best_raw_x=95 best_err=0.30 best_cxcy=89.8,119.6 scan=0:-34.8,10:-31.9,20:-28.7,30:-25.3,40:-21.8,50:-18.0,60:-14.1,70:-10.1,80:-6.0,90:-1.8,100:2.4,110:6.6,120:10.6,130:14.6,140:18.5
ATGSeedDiag: seed=1@39,108/1@155,101 begin=7,108 block=5 clip=8
ATGLptDiag: best=6(102.3) imip=0/16 pass=11111 acc=6 ipm=70.8,102.7 inv=54.7,72.3 | 1(6.4) imip=0/11 pass=10111 acc=-1 ipm=119.0,112.3 inv=151.4,92.4
frame=201 line=1 track=1 cross=0 circle=1(CIRCLE_LEFT_BEGIN) round=0 yroad=0 ramp=0 road=7 speed=0 near=20/128 raw=90/97 sel=128/135 far=0/0 far_raw=0/0 l=1@6/0@-1 far_l=0@-1/0@-1 straight=0/1 far_straight=0/0 circle_cnt=1/0/0/0 lost=0/0 conf=103.6/6.6/0.0/0.0 dist=293 begin=1117/0 m0=(84,119) ml=(100,89) md=32/1/151 cxcy=84.0,119.6 guide=0.00 atg=60.0/39.0/39.0 pure=-3.63/-2.45 yaw=0 cmd=23 actual=-23 signed=1 rps=3768/3832:2740/2685 duty=10/12 pwm=PWM2:10/PWM1:12 motor=2:10/1:12
ATGCorner: L=1@6/0@-1 Y=0@-1/0@-1 farL=0@-1/0@-1 Lxy=70.8,102.7:54.7,72.3/-1.0,-1.0:-1.0,-1.0 Yxy=-1.0,-1.0:-1.0,-1.0/-1.0,-1.0:-1.0,-1.0 farLxy=-1.0,-1.0:-1.0,-1.0/-1.0,-1.0:-1.0,-1.0 best=6:70.8,102.7:54.7,72.3:103.6:11111/1:119.3,112.0:151.5,91.5:6.6:10111 seed_src=lpt/none seed=0.0,0.0/0.0,0.0 far_start=70,0 far_raw=0/0 far_num=0/0 straight=0/1 far_straight=0/0 conf_deg=103.6/6.6/0.0/0.0
CrossDiag: type=CROSS_NONE track=1 half_lr=0/0 nearL=1@6/0@-1 nearNum=20/128 centerNum=20/128 farL=0@-1/0@-1 farNum=0/0 farRaw=0/0 lost=0/0 not_have=0 final=128/135 flags=0/0
LineErr: aim=33 cxcy=84.0,119.6 left=1:0.92@83,79 dx=-1.0 idx=0/7 dist=32/73 right=1:-16.46@100,90 dx=15.5 idx=0/7 dist=32/272 sel=1:-16.49@101,87 dx=16.6 idx=0/16 dist=32/268 edge=1:-4.94@88.5,91.0 dx=4.5 width=88.3 l=46,103 r=131,79
CxScan: raw_ref=80.0 edge=88.5,91.0 best_raw_x=90 best_err=-0.71 best_cxcy=87.9,119.6 scan=0:-34.3,10:-31.3,20:-28.1,30:-24.6,40:-21.0,50:-17.2,60:-13.2,70:-9.1,80:-4.9,90:-0.7,100:3.5,110:7.7,120:11.8,130:15.8,140:19.6
ATGSeedDiag: seed=1@39,108/1@155,100 begin=7,108 block=5 clip=8
ATGLptDiag: best=6(103.6) imip=0/16 pass=11111 acc=6 ipm=70.8,102.7 inv=54.7,72.3 | 1(6.6) imip=0/11 pass=10111 acc=-1 ipm=119.3,112.0 inv=151.5,91.5
frame=202 line=1 track=1 cross=0 circle=1(CIRCLE_LEFT_BEGIN) round=0 yroad=0 ramp=0 road=7 speed=0 near=20/128 raw=90/97 sel=128/135 far=0/0 far_raw=0/0 l=1@6/0@-1 far_l=0@-1/0@-1 straight=0/1 far_straight=0/0 circle_cnt=1/0/0/0 lost=0/0 conf=103.5/4.7/0.0/0.0 dist=300 begin=1124/0 m0=(84,119) ml=(100,89) md=32/1/151 cxcy=84.0,119.6 guide=0.00 atg=60.0/40.0/39.0 pure=-3.64/-2.46 yaw=0 cmd=16 actual=-16 signed=1 rps=3778/3822:2728/2655 duty=10/12 pwm=PWM2:10/PWM1:12 motor=2:10/1:12
ATGCorner: L=1@6/0@-1 Y=0@-1/0@-1 farL=0@-1/0@-1 Lxy=70.8,102.7:54.7,72.4/-1.0,-1.0:-1.0,-1.0 Yxy=-1.0,-1.0:-1.0,-1.0/-1.0,-1.0:-1.0,-1.0 farLxy=-1.0,-1.0:-1.0,-1.0/-1.0,-1.0:-1.0,-1.0 best=6:70.8,102.7:54.7,72.4:103.5:11111/2:120.4,109.8:149.2,86.0:4.7:10111 seed_src=lpt/none seed=0.0,0.0/0.0,0.0 far_start=70,0 far_raw=0/0 far_num=0/0 straight=0/1 far_straight=0/0 conf_deg=103.5/4.7/0.0/0.0
CrossDiag: type=CROSS_NONE track=1 half_lr=0/0 nearL=1@6/0@-1 nearNum=20/128 centerNum=20/128 farL=0@-1/0@-1 farNum=0/0 farRaw=0/0 lost=0/0 not_have=0 final=128/135 flags=0/0
LineErr: aim=33 cxcy=84.0,119.6 left=1:4.14@79,78 dx=-4.7 idx=0/8 dist=34/72 right=1:-16.67@100,88 dx=16.3 idx=0/8 dist=33/272 sel=1:-16.65@101,87 dx=16.7 idx=0/16 dist=32/268 edge=1:-4.94@88.5,91.0 dx=4.5 width=88.3 l=46,103 r=131,79
CxScan: raw_ref=80.0 edge=88.5,91.0 best_raw_x=90 best_err=-0.71 best_cxcy=87.9,119.6 scan=0:-34.3,10:-31.3,20:-28.1,30:-24.6,40:-21.0,50:-17.2,60:-13.2,70:-9.1,80:-4.9,90:-0.7,100:3.5,110:7.7,120:11.8,130:15.8,140:19.6
ATGSeedDiag: seed=1@40,108/1@155,100 begin=7,108 block=5 clip=8
ATGLptDiag: best=6(103.5) imip=0/16 pass=11111 acc=6 ipm=70.8,102.7 inv=54.7,72.4 | 2(4.7) imip=0/12 pass=10111 acc=-1 ipm=120.4,109.8 inv=149.2,86.0
frame=203 line=1 track=1 cross=0 circle=1(CIRCLE_LEFT_BEGIN) round=0 yroad=0 ramp=0 road=7 speed=0 near=20/128 raw=89/97 sel=128/135 far=0/0 far_raw=0/0 l=1@6/0@-1 far_l=0@-1/0@-1 straight=0/1 far_straight=0/0 circle_cnt=1/0/0/0 lost=0/0 conf=102.8/4.1/0.0/0.0 dist=307 begin=1131/0 m0=(84,119) ml=(100,89) md=32/1/151 cxcy=84.0,119.6 guide=0.00 atg=60.0/39.0/39.0 pure=-3.64/-2.45 yaw=0 cmd=10 actual=-10 signed=1 rps=3786/3814:2737/2640 duty=10/12 pwm=PWM2:10/PWM1:12 motor=2:10/1:12
ATGCorner: L=1@6/0@-1 Y=0@-1/0@-1 farL=0@-1/0@-1 Lxy=70.8,102.6:54.7,72.2/-1.0,-1.0:-1.0,-1.0 Yxy=-1.0,-1.0:-1.0,-1.0/-1.0,-1.0:-1.0,-1.0 farLxy=-1.0,-1.0:-1.0,-1.0/-1.0,-1.0:-1.0,-1.0 best=6:70.8,102.6:54.7,72.2:102.8:11111/4:122.1,105.5:144.6,76.7:4.1:10111 seed_src=lpt/none seed=0.0,0.0/0.0,0.0 far_start=70,0 far_raw=0/0 far_num=0/0 straight=0/1 far_straight=0/0 conf_deg=102.8/4.1/0.0/0.0
CrossDiag: type=CROSS_NONE track=1 half_lr=0/0 nearL=1@6/0@-1 nearNum=20/128 centerNum=20/128 farL=0@-1/0@-1 farNum=0/0 farRaw=0/0 lost=0/0 not_have=0 final=128/135 flags=0/0
LineErr: aim=33 cxcy=84.0,119.6 left=1:4.88@79,78 dx=-5.5 idx=0/8 dist=33/70 right=1:-16.67@100,88 dx=16.3 idx=0/8 dist=33/272 sel=1:-16.65@101,87 dx=16.8 idx=0/16 dist=32/268 edge=1:-6.04@89.5,91.0 dx=5.5 width=86.4 l=48,103 r=131,79
CxScan: raw_ref=80.0 edge=89.5,91.0 best_raw_x=95 best_err=0.30 best_cxcy=89.8,119.6 scan=0:-35.1,10:-32.1,20:-28.9,30:-25.5,40:-22.0,50:-18.2,60:-14.3,70:-10.2,80:-6.0,90:-1.8,100:2.4,110:6.6,120:10.7,130:14.8,140:18.6
ATGSeedDiag: seed=1@40,108/1@155,100 begin=7,108 block=5 clip=8
ATGLptDiag: best=6(102.8) imip=0/16 pass=11111 acc=6 ipm=70.8,102.6 inv=54.7,72.2 | 4(4.1) imip=0/14 pass=10111 acc=-1 ipm=122.1,105.5 inv=144.6,76.7
frame=204 line=1 track=1 cross=0 circle=1(CIRCLE_LEFT_BEGIN) round=0 yroad=0 ramp=0 road=7 speed=0 near=20/128 raw=89/97 sel=128/134 far=0/0 far_raw=0/0 l=1@6/0@-1 far_l=0@-1/0@-1 straight=0/1 far_straight=0/0 circle_cnt=1/0/0/0 lost=0/0 conf=101.3/4.1/0.0/0.0 dist=314 begin=1138/0 m0=(84,119) ml=(100,89) md=32/1/151 cxcy=84.0,119.6 guide=0.00 atg=60.0/39.0/39.0 pure=-3.58/-2.45 yaw=0 cmd=9 actual=-9 signed=1 rps=3787/3813:2549/2459 duty=10/12 pwm=PWM2:10/PWM1:12 motor=2:10/1:12
ATGCorner: L=1@6/0@-1 Y=0@-1/0@-1 farL=0@-1/0@-1 Lxy=70.6,102.7:54.3,72.3/-1.0,-1.0:-1.0,-1.0 Yxy=-1.0,-1.0:-1.0,-1.0/-1.0,-1.0:-1.0,-1.0 farLxy=-1.0,-1.0:-1.0,-1.0/-1.0,-1.0:-1.0,-1.0 best=6:70.6,102.7:54.3,72.3:101.3:11111/3:121.2,107.6:146.6,81.1:4.1:10111 seed_src=lpt/none seed=0.0,0.0/0.0,0.0 far_start=70,0 far_raw=0/0 far_num=0/0 straight=0/1 far_straight=0/0 conf_deg=101.3/4.1/0.0/0.0
CrossDiag: type=CROSS_NONE track=1 half_lr=0/0 nearL=1@6/0@-1 nearNum=20/128 centerNum=20/128 farL=0@-1/0@-1 farNum=0/0 farRaw=0/0 lost=0/0 not_have=0 final=128/134 flags=0/0
LineErr: aim=33 cxcy=84.0,119.6 left=1:5.67@78,79 dx=-6.4 idx=0/8 dist=33/69 right=1:-16.52@100,88 dx=16.1 idx=0/8 dist=33/271 sel=1:-16.51@101,87 dx=16.6 idx=0/16 dist=32/266 edge=1:-5.54@89.0,91.5 dx=5.0 width=85.7 l=48,104 r=130,79
CxScan: raw_ref=80.0 edge=89.0,91.5 best_raw_x=95 best_err=0.86 best_cxcy=89.8,119.6 scan=0:-35.0,10:-32.0,20:-28.7,30:-25.3,40:-21.7,50:-17.9,60:-13.9,70:-9.8,80:-5.5,90:-1.3,100:3.0,110:7.2,120:11.4,130:15.4,140:19.3
ATGSeedDiag: seed=1@40,108/1@155,100 begin=7,108 block=5 clip=8
ATGLptDiag: best=6(101.3) imip=0/16 pass=11111 acc=6 ipm=70.6,102.7 inv=54.3,72.3 | 3(4.1) imip=0/13 pass=10111 acc=-1 ipm=121.2,107.6 inv=146.6,81.1
frame=205 line=1 track=1 cross=0 circle=1(CIRCLE_LEFT_BEGIN) round=0 yroad=0 ramp=0 road=7 speed=0 near=19/128 raw=89/97 sel=128/134 far=0/0 far_raw=0/0 l=1@6/0@-1 far_l=0@-1/0@-1 straight=0/1 far_straight=0/0 circle_cnt=1/0/0/0 lost=0/0 conf=104.0/6.6/0.0/0.0 dist=321 begin=1145/0 m0=(84,119) ml=(100,89) md=32/1/152 cxcy=84.0,119.6 guide=0.00 atg=60.0/38.0/37.0 pure=-3.57/-2.41 yaw=0 cmd=14 actual=-14 signed=1 rps=3780/3820:2617/2557 duty=10/12 pwm=PWM2:10/PWM1:12 motor=2:10/1:12
ATGCorner: L=1@6/0@-1 Y=0@-1/0@-1 farL=0@-1/0@-1 Lxy=70.9,102.7:54.9,72.3/-1.0,-1.0:-1.0,-1.0 Yxy=-1.0,-1.0:-1.0,-1.0/-1.0,-1.0:-1.0,-1.0 farLxy=-1.0,-1.0:-1.0,-1.0/-1.0,-1.0:-1.0,-1.0 best=6:70.9,102.7:54.9,72.3:104.0:11111/1:119.3,112.0:151.5,91.5:6.6:10111 seed_src=lpt/none seed=0.0,0.0/0.0,0.0 far_start=70,0 far_raw=0/0 far_num=0/0 straight=0/1 far_straight=0/0 conf_deg=104.0/6.6/0.0/0.0
CrossDiag: type=CROSS_NONE track=1 half_lr=0/0 nearL=1@6/0@-1 nearNum=19/128 centerNum=19/128 farL=0@-1/0@-1 farNum=0/0 farRaw=0/0 lost=0/0 not_have=0 final=128/134 flags=0/0
LineErr: aim=33 cxcy=84.0,119.6 left=1:5.40@78,79 dx=-6.0 idx=0/8 dist=33/68 right=1:-16.49@100,88 dx=16.1 idx=0/8 dist=33/272 sel=1:-16.40@101,87 dx=16.5 idx=0/16 dist=32/266 edge=1:-4.43@88.0,91.5 dx=4.0 width=87.6 l=46,104 r=130,79
CxScan: raw_ref=80.0 edge=88.0,91.5 best_raw_x=90 best_err=-0.16 best_cxcy=87.9,119.6 scan=0:-34.2,10:-31.2,20:-27.9,30:-24.4,40:-20.7,50:-16.8,60:-12.8,70:-8.7,80:-4.4,90:-0.2,100:4.1,110:8.3,120:12.5,130:16.4,140:20.3
ATGSeedDiag: seed=1@40,108/1@155,100 begin=7,108 block=5 clip=8
ATGLptDiag: best=6(104.0) imip=0/16 pass=11111 acc=6 ipm=70.9,102.7 inv=54.9,72.3 | 1(6.6) imip=0/11 pass=10111 acc=-1 ipm=119.3,112.0 inv=151.5,91.5
frame=206 line=1 track=1 cross=0 circle=1(CIRCLE_LEFT_BEGIN) round=0 yroad=0 ramp=0 road=7 speed=0 near=19/128 raw=87/97 sel=128/135 far=0/0 far_raw=0/0 l=1@5/0@-1 far_l=0@-1/0@-1 straight=0/1 far_straight=0/0 circle_cnt=1/0/0/0 lost=0/0 conf=103.7/3.9/0.0/0.0 dist=328 begin=1152/0 m0=(84,119) ml=(100,89) md=32/1/152 cxcy=84.0,119.6 guide=0.00 atg=60.0/38.0/37.0 pure=-3.57/-2.41 yaw=0 cmd=24 actual=-24 signed=1 rps=3767/3833:2606/2606 duty=10/12 pwm=PWM2:10/PWM1:12 motor=2:10/1:12
ATGCorner: L=1@5/0@-1 Y=0@-1/0@-1 farL=0@-1/0@-1 Lxy=71.1,104.7:54.4,75.9/-1.0,-1.0:-1.0,-1.0 Yxy=-1.0,-1.0:-1.0,-1.0/-1.0,-1.0:-1.0,-1.0 farLxy=-1.0,-1.0:-1.0,-1.0/-1.0,-1.0:-1.0,-1.0 best=5:71.1,104.7:54.4,75.9:103.7:11111/2:120.3,109.8:149.0,85.9:3.9:10111 seed_src=lpt/none seed=0.0,0.0/0.0,0.0 far_start=70,0 far_raw=0/0 far_num=0/0 straight=0/1 far_straight=0/0 conf_deg=103.7/3.9/0.0/0.0
CrossDiag: type=CROSS_NONE track=1 half_lr=0/0 nearL=1@5/0@-1 nearNum=19/128 centerNum=19/128 farL=0@-1/0@-1 farNum=0/0 farRaw=0/0 lost=0/0 not_have=0 final=128/135 flags=0/0
LineErr: aim=33 cxcy=84.0,119.6 left=1:9.72@73,79 dx=-10.8 idx=0/9 dist=32/63 right=1:-16.48@100,88 dx=16.1 idx=0/8 dist=33/272 sel=1:-16.39@101,87 dx=16.5 idx=0/16 dist=32/268 edge=1:-4.99@88.5,91.5 dx=4.5 width=86.7 l=47,104 r=130,79
CxScan: raw_ref=80.0 edge=88.5,91.5 best_raw_x=90 best_err=-0.72 best_cxcy=87.9,119.6 scan=0:-34.6,10:-31.6,20:-28.3,30:-24.8,40:-21.2,50:-17.3,60:-13.3,70:-9.2,80:-5.0,90:-0.7,100:3.6,110:7.8,120:11.9,130:15.9,140:19.8
ATGSeedDiag: seed=1@41,107/1@155,100 begin=7,108 block=5 clip=8
ATGLptDiag: best=5(103.7) imip=0/15 pass=11111 acc=5 ipm=71.1,104.7 inv=54.4,75.9 | 2(3.9) imip=0/12 pass=10111 acc=-1 ipm=120.3,109.8 inv=149.0,85.9
frame=207 line=1 track=1 cross=0 circle=1(CIRCLE_LEFT_BEGIN) round=0 yroad=0 ramp=0 road=7 speed=0 near=18/128 raw=89/96 sel=128/135 far=0/0 far_raw=0/0 l=1@5/0@-1 far_l=0@-1/0@-1 straight=0/1 far_straight=0/0 circle_cnt=1/0/0/0 lost=0/0 conf=103.5/8.6/0.0/0.0 dist=335 begin=1159/0 m0=(84,119) ml=(100,89) md=32/1/151 cxcy=84.0,119.6 guide=0.00 atg=60.0/38.0/38.0 pure=-3.59/-2.42 yaw=0 cmd=26 actual=-26 signed=1 rps=3765/3835:2442/2469 duty=10/12 pwm=PWM2:10/PWM1:12 motor=2:10/1:12
ATGCorner: L=1@5/0@-1 Y=0@-1/0@-1 farL=0@-1/0@-1 Lxy=71.0,104.9:54.2,76.4/-1.0,-1.0:-1.0,-1.0 Yxy=-1.0,-1.0:-1.0,-1.0/-1.0,-1.0:-1.0,-1.0 farLxy=-1.0,-1.0:-1.0,-1.0/-1.0,-1.0:-1.0,-1.0 best=5:71.0,104.9:54.2,76.4:103.5:11111/1:119.7,111.7:151.6,90.7:8.6:10111 seed_src=lpt/none seed=0.0,0.0/0.0,0.0 far_start=70,0 far_raw=0/0 far_num=0/0 straight=0/1 far_straight=0/0 conf_deg=103.5/8.6/0.0/0.0
CrossDiag: type=CROSS_NONE track=1 half_lr=0/0 nearL=1@5/0@-1 nearNum=18/128 centerNum=18/128 farL=0@-1/0@-1 farNum=0/0 farRaw=0/0 lost=0/0 not_have=0 final=128/135 flags=0/0
LineErr: aim=33 cxcy=84.0,119.6 left=1:11.58@71,80 dx=-12.8 idx=0/10 dist=33/64 right=1:-16.55@100,90 dx=15.6 idx=0/7 dist=32/272 sel=1:-16.56@101,87 dx=16.7 idx=0/16 dist=32/268 edge=1:-5.04@88.5,92.0 dx=4.5 width=88.9 l=46,105 r=131,79
CxScan: raw_ref=80.0 edge=88.5,92.0 best_raw_x=90 best_err=-0.72 best_cxcy=87.9,119.6 scan=0:-34.9,10:-31.8,20:-28.5,30:-25.1,40:-21.4,50:-17.5,60:-13.5,70:-9.3,80:-5.0,90:-0.7,100:3.6,110:7.9,120:12.0,130:16.1,140:20.0
ATGSeedDiag: seed=1@41,108/1@155,99 begin=7,108 block=5 clip=8
ATGLptDiag: best=5(103.5) imip=0/15 pass=11111 acc=5 ipm=71.0,104.9 inv=54.2,76.4 | 1(8.6) imip=0/11 pass=10111 acc=-1 ipm=119.7,111.7 inv=151.6,90.7
frame=208 line=1 track=1 cross=0 circle=1(CIRCLE_LEFT_BEGIN) round=0 yroad=0 ramp=0 road=7 speed=0 near=18/127 raw=84/95 sel=127/134 far=0/0 far_raw=0/0 l=1@5/0@-1 far_l=0@-1/0@-1 straight=0/1 far_straight=0/0 circle_cnt=1/0/0/0 lost=0/0 conf=101.8/6.4/0.0/0.0 dist=342 begin=1166/0 m0=(84,119) ml=(100,89) md=33/1/152 cxcy=84.0,119.6 guide=0.00 atg=60.0/38.0/39.0 pure=-3.63/-2.44 yaw=0 cmd=23 actual=-23 signed=1 rps=3769/3831:2518/2593 duty=10/12 pwm=PWM2:10/PWM1:12 motor=2:10/1:12
ATGCorner: L=1@5/0@-1 Y=0@-1/0@-1 farL=0@-1/0@-1 Lxy=70.7,104.9:53.7,76.4/-1.0,-1.0:-1.0,-1.0 Yxy=-1.0,-1.0:-1.0,-1.0/-1.0,-1.0:-1.0,-1.0 farLxy=-1.0,-1.0:-1.0,-1.0/-1.0,-1.0:-1.0,-1.0 best=5:70.7,104.9:53.7,76.4:101.8:11111/2:120.9,109.2:149.0,84.5:6.4:10111 seed_src=lpt/none seed=0.0,0.0/0.0,0.0 far_start=70,0 far_raw=0/0 far_num=0/0 straight=0/1 far_straight=0/0 conf_deg=101.8/6.4/0.0/0.0
CrossDiag: type=CROSS_NONE track=1 half_lr=0/0 nearL=1@5/0@-1 nearNum=18/127 centerNum=18/127 farL=0@-1/0@-1 farNum=0/0 farRaw=0/0 lost=0/0 not_have=0 final=127/134 flags=0/0
LineErr: aim=33 cxcy=84.0,119.6 left=1:12.33@70,81 dx=-13.6 idx=0/10 dist=31/61 right=1:-16.83@100,90 dx=16.0 idx=0/7 dist=32/270 sel=1:-16.78@101,87 dx=16.9 idx=0/16 dist=32/266 edge=1:-4.99@88.5,91.5 dx=4.5 width=89.2 l=46,105 r=131,78
CxScan: raw_ref=80.0 edge=88.5,91.5 best_raw_x=90 best_err=-0.72 best_cxcy=87.9,119.6 scan=0:-34.6,10:-31.6,20:-28.3,30:-24.8,40:-21.2,50:-17.3,60:-13.3,70:-9.2,80:-5.0,90:-0.7,100:3.6,110:7.8,120:11.9,130:15.9,140:19.8
ATGSeedDiag: seed=1@41,108/1@155,98 begin=7,108 block=5 clip=8
ATGLptDiag: best=5(101.8) imip=0/15 pass=11111 acc=5 ipm=70.7,104.9 inv=53.7,76.4 | 2(6.4) imip=0/12 pass=10111 acc=-1 ipm=120.9,109.2 inv=149.0,84.5
frame=209 line=1 track=1 cross=0 circle=1(CIRCLE_LEFT_BEGIN) round=0 yroad=0 ramp=0 road=7 speed=0 near=18/128 raw=85/95 sel=128/135 far=0/0 far_raw=0/0 l=1@5/0@-1 far_l=0@-1/0@-1 straight=0/1 far_straight=0/0 circle_cnt=1/0/0/0 lost=0/0 conf=102.7/7.3/0.0/0.0 dist=349 begin=1173/0 m0=(84,119) ml=(100,89) md=33/1/152 cxcy=84.0,119.6 guide=0.00 atg=60.0/40.0/39.0 pure=-3.68/-2.47 yaw=0 cmd=15 actual=-15 signed=1 rps=3779/3821:2493/2598 duty=10/12 pwm=PWM2:10/PWM1:12 motor=2:10/1:12
ATGCorner: L=1@5/0@-1 Y=0@-1/0@-1 farL=0@-1/0@-1 Lxy=70.8,104.9:53.8,76.4/-1.0,-1.0:-1.0,-1.0 Yxy=-1.0,-1.0:-1.0,-1.0/-1.0,-1.0:-1.0,-1.0 farLxy=-1.0,-1.0:-1.0,-1.0/-1.0,-1.0:-1.0,-1.0 best=5:70.8,104.9:53.8,76.4:102.7:11111/1:120.1,111.3:151.6,89.7:7.3:10111 seed_src=lpt/none seed=0.0,0.0/0.0,0.0 far_start=70,0 far_raw=0/0 far_num=0/0 straight=0/1 far_straight=0/0 conf_deg=102.7/7.3/0.0/0.0
CrossDiag: type=CROSS_NONE track=1 half_lr=0/0 nearL=1@5/0@-1 nearNum=18/128 centerNum=18/128 farL=0@-1/0@-1 farNum=0/0 farRaw=0/0 lost=0/0 not_have=0 final=128/135 flags=0/0
LineErr: aim=33 cxcy=84.0,119.6 left=1:12.83@70,81 dx=-14.1 idx=0/10 dist=31/61 right=1:-17.04@100,90 dx=16.2 idx=0/7 dist=32/273 sel=1:-16.93@101,87 dx=17.0 idx=0/16 dist=32/268 edge=1:-5.04@88.5,92.0 dx=4.5 width=89.5 l=46,106 r=131,78
CxScan: raw_ref=80.0 edge=88.5,92.0 best_raw_x=90 best_err=-0.72 best_cxcy=87.9,119.6 scan=0:-34.9,10:-31.8,20:-28.5,30:-25.1,40:-21.4,50:-17.5,60:-13.5,70:-9.3,80:-5.0,90:-0.7,100:3.6,110:7.9,120:12.0,130:16.1,140:20.0
ATGSeedDiag: seed=1@41,108/1@155,98 begin=7,108 block=5 clip=8
ATGLptDiag: best=5(102.7) imip=0/15 pass=11111 acc=5 ipm=70.8,104.9 inv=53.8,76.4 | 1(7.3) imip=0/11 pass=10111 acc=-1 ipm=120.1,111.3 inv=151.6,89.7
frame=210 line=1 track=1 cross=0 circle=1(CIRCLE_LEFT_BEGIN) round=0 yroad=0 ramp=0 road=7 speed=0 near=18/127 raw=84/94 sel=127/134 far=0/0 far_raw=0/0 l=1@5/0@-1 far_l=0@-1/0@-1 straight=0/1 far_straight=0/0 circle_cnt=1/0/0/0 lost=0/0 conf=101.9/5.3/0.0/0.0 dist=357 begin=1181/0 m0=(84,119) ml=(100,89) md=33/1/151 cxcy=84.0,119.6 guide=0.00 atg=60.0/40.0/40.0 pure=-3.68/-2.48 yaw=0 cmd=4 actual=-4 signed=1 rps=3795/3805:2666/2825 duty=10/12 pwm=PWM2:10/PWM1:12 motor=2:10/1:12
ATGCorner: L=1@5/0@-1 Y=0@-1/0@-1 farL=0@-1/0@-1 Lxy=70.6,104.9:53.4,76.4/-1.0,-1.0:-1.0,-1.0 Yxy=-1.0,-1.0:-1.0,-1.0/-1.0,-1.0:-1.0,-1.0 farLxy=-1.0,-1.0:-1.0,-1.0/-1.0,-1.0:-1.0,-1.0 best=5:70.6,104.9:53.4,76.4:101.9:11111/1:120.3,111.0:151.3,88.7:5.3:10111 seed_src=lpt/none seed=0.0,0.0/0.0,0.0 far_start=70,0 far_raw=0/0 far_num=0/0 straight=0/1 far_straight=0/0 conf_deg=101.9/5.3/0.0/0.0
CrossDiag: type=CROSS_NONE track=1 half_lr=0/0 nearL=1@5/0@-1 nearNum=18/127 centerNum=18/127 farL=0@-1/0@-1 farNum=0/0 farRaw=0/0 lost=0/0 not_have=0 final=127/134 flags=0/0
LineErr: aim=33 cxcy=84.0,119.6 left=1:17.35@65,80 dx=-19.4 idx=0/11 dist=34/57 right=1:-17.07@100,89 dx=16.4 idx=0/7 dist=33/271 sel=1:-17.06@101,87 dx=17.1 idx=0/16 dist=32/266 edge=1:-4.48@88.0,92.0 dx=4.0 width=90.4 l=45,106 r=131,78
CxScan: raw_ref=80.0 edge=88.0,92.0 best_raw_x=90 best_err=-0.16 best_cxcy=87.9,119.6 scan=0:-34.5,10:-31.4,20:-28.1,30:-24.6,40:-20.9,50:-17.0,60:-12.9,70:-8.8,80:-4.5,90:-0.2,100:4.2,110:8.4,120:12.6,130:16.6,140:20.5
ATGSeedDiag: seed=1@41,108/1@155,97 begin=7,108 block=5 clip=8
ATGLptDiag: best=5(101.9) imip=0/15 pass=11111 acc=5 ipm=70.6,104.9 inv=53.4,76.4 | 1(5.3) imip=0/11 pass=10111 acc=-1 ipm=120.3,111.0 inv=151.3,88.7
frame=211 line=1 track=1 cross=0 circle=1(CIRCLE_LEFT_BEGIN) round=0 yroad=0 ramp=0 road=7 speed=0 near=18/128 raw=83/94 sel=128/135 far=0/0 far_raw=0/0 l=1@5/0@-1 far_l=0@-1/0@-1 straight=0/1 far_straight=0/0 circle_cnt=1/0/0/0 lost=0/0 conf=101.7/7.7/0.0/0.0 dist=365 begin=1189/0 m0=(84,119) ml=(100,89) md=33/1/151 cxcy=84.0,119.6 guide=0.00 atg=60.0/40.0/40.0 pure=-3.68/-2.48 yaw=0 cmd=5 actual=-5 signed=1 rps=3793/3807:2635/2796 duty=10/12 pwm=PWM2:10/PWM1:12 motor=2:10/1:12
ATGCorner: L=1@5/0@-1 Y=0@-1/0@-1 farL=0@-1/0@-1 Lxy=70.5,104.9:53.4,76.4/-1.0,-1.0:-1.0,-1.0 Yxy=-1.0,-1.0:-1.0,-1.0/-1.0,-1.0:-1.0,-1.0 farLxy=-1.0,-1.0:-1.0,-1.0/-1.0,-1.0:-1.0,-1.0 best=5:70.5,104.9:53.4,76.4:101.7:11111/1:120.4,111.0:151.6,88.9:7.7:10111 seed_src=lpt/none seed=0.0,0.0/0.0,0.0 far_start=70,0 far_raw=0/0 far_num=0/0 straight=0/1 far_straight=0/0 conf_deg=101.7/7.7/0.0/0.0
CrossDiag: type=CROSS_NONE track=1 half_lr=0/0 nearL=1@5/0@-1 nearNum=18/128 centerNum=18/128 farL=0@-1/0@-1 farNum=0/0 farRaw=0/0 lost=0/0 not_have=0 final=128/135 flags=0/0
LineErr: aim=33 cxcy=84.0,119.6 left=1:13.91@69,81 dx=-15.2 idx=0/10 dist=31/56 right=1:-17.07@100,89 dx=16.4 idx=0/7 dist=33/273 sel=1:-17.06@101,87 dx=17.1 idx=0/16 dist=32/268 edge=1:-3.35@87.0,92.0 dx=3.0 width=92.3 l=43,106 r=131,78
CxScan: raw_ref=80.0 edge=87.0,92.0 best_raw_x=90 best_err=0.97 best_cxcy=87.9,119.6 scan=0:-33.7,10:-30.6,20:-27.2,30:-23.7,40:-19.9,50:-16.0,60:-11.9,70:-7.6,80:-3.4,90:1.0,100:5.3,110:9.5,120:13.6,130:17.6,140:21.4
ATGSeedDiag: seed=1@41,108/1@155,97 begin=7,108 block=5 clip=8
ATGLptDiag: best=5(101.7) imip=0/15 pass=11111 acc=5 ipm=70.5,104.9 inv=53.4,76.4 | 1(7.7) imip=0/11 pass=10111 acc=-1 ipm=120.4,111.0 inv=151.6,88.9
frame=212 line=1 track=1 cross=0 circle=1(CIRCLE_LEFT_BEGIN) round=0 yroad=0 ramp=0 road=7 speed=0 near=18/128 raw=87/94 sel=128/135 far=0/0 far_raw=0/0 l=1@5/0@-1 far_l=0@-1/0@-1 straight=0/1 far_straight=0/0 circle_cnt=1/0/0/0 lost=0/0 conf=106.2/7.8/0.0/0.0 dist=373 begin=1197/0 m0=(84,119) ml=(100,89) md=33/1/151 cxcy=84.0,119.6 guide=0.00 atg=60.0/40.0/40.0 pure=-3.69/-2.48 yaw=0 cmd=10 actual=-10 signed=1 rps=3787/3813:2843/2970 duty=10/12 pwm=PWM2:10/PWM1:12 motor=2:10/1:12
ATGCorner: L=1@5/0@-1 Y=0@-1/0@-1 farL=0@-1/0@-1 Lxy=71.3,105.0:54.8,76.5/-1.0,-1.0:-1.0,-1.0 Yxy=-1.0,-1.0:-1.0,-1.0/-1.0,-1.0:-1.0,-1.0 farLxy=-1.0,-1.0:-1.0,-1.0/-1.0,-1.0:-1.0,-1.0 best=5:71.3,105.0:54.8,76.5:106.2:11111/1:120.4,111.0:151.6,88.9:7.8:10111 seed_src=lpt/none seed=0.0,0.0/0.0,0.0 far_start=70,0 far_raw=0/0 far_num=0/0 straight=0/1 far_straight=0/0 conf_deg=106.2/7.8/0.0/0.0
CrossDiag: type=CROSS_NONE track=1 half_lr=0/0 nearL=1@5/0@-1 nearNum=18/128 centerNum=18/128 farL=0@-1/0@-1 farNum=0/0 farRaw=0/0 lost=0/0 not_have=0 final=128/135 flags=0/0
LineErr: aim=33 cxcy=84.0,119.6 left=1:13.40@69,81 dx=-14.6 idx=0/10 dist=31/59 right=1:-17.07@100,89 dx=16.4 idx=0/7 dist=33/273 sel=1:-17.07@101,87 dx=17.1 idx=0/16 dist=32/268 edge=1:-5.09@88.5,92.5 dx=4.5 width=89.8 l=46,107 r=131,78
CxScan: raw_ref=80.0 edge=88.5,92.5 best_raw_x=90 best_err=-0.73 best_cxcy=87.9,119.6 scan=0:-35.1,10:-32.1,20:-28.8,30:-25.3,40:-21.6,50:-17.7,60:-13.6,70:-9.4,80:-5.1,90:-0.7,100:3.6,110:7.9,120:12.2,130:16.2,140:20.1
ATGSeedDiag: seed=1@41,108/1@155,97 begin=7,108 block=5 clip=8
ATGLptDiag: best=5(106.2) imip=0/15 pass=11111 acc=5 ipm=71.3,105.0 inv=54.8,76.5 | 1(7.8) imip=0/11 pass=10111 acc=-1 ipm=120.4,111.0 inv=151.6,88.9
frame=213 line=1 track=1 cross=0 circle=1(CIRCLE_LEFT_BEGIN) round=0 yroad=0 ramp=0 road=7 speed=0 near=17/128 raw=84/94 sel=128/135 far=0/0 far_raw=0/0 l=1@4/0@-1 far_l=0@-1/0@-1 straight=0/1 far_straight=0/0 circle_cnt=1/0/0/0 lost=0/0 conf=101.2/7.8/0.0/0.0 dist=381 begin=1205/0 m0=(84,119) ml=(100,89) md=33/1/151 cxcy=84.0,119.6 guide=0.00 atg=60.0/40.0/40.0 pure=-3.69/-2.48 yaw=0 cmd=14 actual=-14 signed=1 rps=3781/3819:2948/3056 duty=10/12 pwm=PWM2:10/PWM1:12 motor=2:10/1:12
ATGCorner: L=1@4/0@-1 Y=0@-1/0@-1 farL=0@-1/0@-1 Lxy=70.8,107.2:53.0,81.0/-1.0,-1.0:-1.0,-1.0 Yxy=-1.0,-1.0:-1.0,-1.0/-1.0,-1.0:-1.0,-1.0 farLxy=-1.0,-1.0:-1.0,-1.0/-1.0,-1.0:-1.0,-1.0 best=4:70.8,107.2:53.0,81.0:101.2:11111/1:120.4,111.0:151.6,88.9:7.8:10111 seed_src=lpt/none seed=0.0,0.0/0.0,0.0 far_start=70,0 far_raw=0/0 far_num=0/0 straight=0/1 far_straight=0/0 conf_deg=101.2/7.8/0.0/0.0
CrossDiag: type=CROSS_NONE track=1 half_lr=0/0 nearL=1@4/0@-1 nearNum=17/128 centerNum=17/128 farL=0@-1/0@-1 farNum=0/0 farRaw=0/0 lost=0/0 not_have=0 final=128/135 flags=0/0
LineErr: aim=33 cxcy=84.0,119.6 left=1:18.83@63,81 dx=-21.0 idx=0/11 dist=34/56 right=1:-17.07@100,89 dx=16.4 idx=0/7 dist=33/273 sel=1:-17.07@101,87 dx=17.1 idx=0/16 dist=32/268 edge=1:-3.96@87.5,92.5 dx=3.5 width=91.7 l=44,107 r=131,78
CxScan: raw_ref=80.0 edge=87.5,92.5 best_raw_x=90 best_err=0.41 best_cxcy=87.9,119.6 scan=0:-34.4,10:-31.2,20:-27.9,30:-24.3,40:-20.6,50:-16.6,60:-12.5,70:-8.3,80:-4.0,90:0.4,100:4.8,110:9.0,120:13.2,130:17.3,140:21.1
ATGSeedDiag: seed=1@42,108/1@155,97 begin=7,108 block=5 clip=8
ATGLptDiag: best=4(101.2) imip=0/14 pass=11111 acc=4 ipm=70.8,107.2 inv=53.0,81.0 | 1(7.8) imip=0/11 pass=10111 acc=-1 ipm=120.4,111.0 inv=151.6,88.9
frame=215 line=1 track=1 cross=0 circle=1(CIRCLE_LEFT_BEGIN) round=0 yroad=0 ramp=0 road=7 speed=0 near=16/127 raw=83/93 sel=127/134 far=0/0 far_raw=0/0 l=1@4/0@-1 far_l=0@-1/0@-1 straight=0/1 far_straight=0/0 circle_cnt=1/0/0/0 lost=0/0 conf=103.8/3.4/0.0/0.0 dist=397 begin=1221/0 m0=(84,119) ml=(101,89) md=33/1/151 cxcy=84.0,119.6 guide=0.00 atg=60.0/39.0/40.0 pure=-3.72/-2.46 yaw=0 cmd=4 actual=-4 signed=1 rps=3794/3806:2968/2943 duty=10/12 pwm=PWM2:10/PWM1:12 motor=2:10/1:12
ATGCorner: L=1@4/0@-1 Y=0@-1/0@-1 farL=0@-1/0@-1 Lxy=70.9,107.2:53.2,81.0/-1.0,-1.0:-1.0,-1.0 Yxy=-1.0,-1.0:-1.0,-1.0/-1.0,-1.0:-1.0,-1.0 farLxy=-1.0,-1.0:-1.0,-1.0/-1.0,-1.0:-1.0,-1.0 best=4:70.9,107.2:53.2,81.0:103.8:11111/29:142.2,49.4:119.4,28.6:3.4:10111 seed_src=lpt/none seed=0.0,0.0/0.0,0.0 far_start=70,0 far_raw=0/0 far_num=0/0 straight=0/1 far_straight=0/0 conf_deg=103.8/3.4/0.0/0.0
CrossDiag: type=CROSS_NONE track=1 half_lr=0/0 nearL=1@4/0@-1 nearNum=16/127 centerNum=16/127 farL=0@-1/0@-1 farNum=0/0 farRaw=0/0 lost=0/0 not_have=0 final=127/134 flags=0/0
LineErr: aim=33 cxcy=84.0,119.6 left=1:19.74@62,82 dx=-21.8 idx=0/11 dist=32/51 right=1:-17.22@101,89 dx=16.7 idx=0/7 dist=33/271 sel=1:-17.18@101,87 dx=17.2 idx=0/16 dist=32/266 edge=1:-5.65@89.0,92.5 dx=5.0 width=90.8 l=46,107 r=132,78
CxScan: raw_ref=80.0 edge=89.0,92.5 best_raw_x=95 best_err=0.88 best_cxcy=89.8,119.6 scan=0:-35.5,10:-32.5,20:-29.2,30:-25.7,40:-22.1,50:-18.2,60:-14.1,70:-9.9,80:-5.7,90:-1.3,100:3.1,110:7.4,120:11.6,130:15.7,140:19.6
ATGSeedDiag: seed=1@42,108/1@155,96 begin=7,108 block=5 clip=8
ATGLptDiag: best=4(103.8) imip=0/14 pass=11111 acc=4 ipm=70.9,107.2 inv=53.2,81.0 | 29(3.4) imip=19/39 pass=10111 acc=-1 ipm=142.2,49.4 inv=119.4,28.6
frame=216 line=1 track=1 cross=0 circle=1(CIRCLE_LEFT_BEGIN) round=0 yroad=0 ramp=0 road=7 speed=0 near=16/127 raw=78/92 sel=127/135 far=0/0 far_raw=0/0 l=1@4/0@-1 far_l=0@-1/0@-1 straight=0/1 far_straight=0/0 circle_cnt=1/0/0/0 lost=0/0 conf=99.5/4.5/0.0/0.0 dist=405 begin=1229/0 m0=(84,119) ml=(101,89) md=33/1/151 cxcy=84.0,119.6 guide=0.00 atg=60.0/41.0/40.0 pure=-3.75/-2.50 yaw=0 cmd=-8 actual=8 signed=1 rps=3810/3790:2854/2773 duty=10/12 pwm=PWM2:10/PWM1:12 motor=2:10/1:12
ATGCorner: L=1@4/0@-1 Y=0@-1/0@-1 farL=0@-1/0@-1 Lxy=70.4,106.9:52.4,80.3/-1.0,-1.0:-1.0,-1.0 Yxy=-1.0,-1.0:-1.0,-1.0/-1.0,-1.0:-1.0,-1.0 farLxy=-1.0,-1.0:-1.0,-1.0/-1.0,-1.0:-1.0,-1.0 best=4:70.4,106.9:52.4,80.3:99.5:11111/1:121.0,110.2:151.2,86.9:4.5:10111 seed_src=lpt/none seed=0.0,0.0/0.0,0.0 far_start=70,0 far_raw=0/0 far_num=0/0 straight=0/1 far_straight=0/0 conf_deg=99.5/4.5/0.0/0.0
CrossDiag: type=CROSS_NONE track=1 half_lr=0/0 nearL=1@4/0@-1 nearNum=16/127 centerNum=16/127 farL=0@-1/0@-1 farNum=0/0 farRaw=0/0 lost=0/0 not_have=0 final=127/135 flags=0/0
LineErr: aim=33 cxcy=84.0,119.6 left=1:21.25@60,82 dx=-23.6 idx=0/11 dist=31/49 right=1:-17.36@100,91 dx=16.2 idx=0/6 dist=32/272 sel=1:-17.30@101,87 dx=17.3 idx=0/16 dist=32/268 edge=1:-5.09@88.5,92.5 dx=4.5 width=92.4 l=45,108 r=132,77
CxScan: raw_ref=80.0 edge=88.5,92.5 best_raw_x=90 best_err=-0.73 best_cxcy=87.9,119.6 scan=0:-35.1,10:-32.1,20:-28.8,30:-25.3,40:-21.6,50:-17.7,60:-13.6,70:-9.4,80:-5.1,90:-0.7,100:3.6,110:7.9,120:12.2,130:16.2,140:20.1
ATGSeedDiag: seed=1@43,107/1@155,95 begin=7,108 block=5 clip=8
ATGLptDiag: best=4(99.5) imip=0/14 pass=11111 acc=4 ipm=70.4,106.9 inv=52.4,80.3 | 1(4.5) imip=0/11 pass=10111 acc=-1 ipm=121.0,110.2 inv=151.2,86.9
frame=217 line=1 track=1 cross=0 circle=1(CIRCLE_LEFT_BEGIN) round=0 yroad=0 ramp=0 road=7 speed=0 near=16/127 raw=77/92 sel=127/135 far=0/0 far_raw=0/0 l=1@4/0@-1 far_l=0@-1/0@-1 straight=0/1 far_straight=0/0 circle_cnt=1/0/0/0 lost=0/0 conf=101.0/6.6/0.0/0.0 dist=413 begin=1237/0 m0=(84,119) ml=(101,89) md=33/1/151 cxcy=84.0,119.6 guide=0.00 atg=60.0/41.0/40.0 pure=-3.76/-2.50 yaw=0 cmd=-13 actual=13 signed=1 rps=3818/3782:2953/2882 duty=10/12 pwm=PWM2:10/PWM1:12 motor=2:10/1:12
ATGCorner: L=1@4/0@-1 Y=0@-1/0@-1 farL=0@-1/0@-1 Lxy=70.4,107.2:52.2,81.1/-1.0,-1.0:-1.0,-1.0 Yxy=-1.0,-1.0:-1.0,-1.0/-1.0,-1.0:-1.0,-1.0 farLxy=-1.0,-1.0:-1.0,-1.0/-1.0,-1.0:-1.0,-1.0 best=4:70.4,107.2:52.2,81.1:101.0:11111/1:121.1,110.3:151.5,87.0:6.6:10111 seed_src=lpt/none seed=0.0,0.0/0.0,0.0 far_start=70,0 far_raw=0/0 far_num=0/0 straight=0/1 far_straight=0/0 conf_deg=101.0/6.6/0.0/0.0
CrossDiag: type=CROSS_NONE track=1 half_lr=0/0 nearL=1@4/0@-1 nearNum=16/127 centerNum=16/127 farL=0@-1/0@-1 farNum=0/0 farRaw=0/0 lost=0/0 not_have=0 final=127/135 flags=0/0
LineErr: aim=33 cxcy=84.0,119.6 left=1:21.47@60,83 dx=-23.7 idx=0/11 dist=31/49 right=1:-17.49@100,91 dx=16.3 idx=0/6 dist=32/272 sel=1:-17.50@102,87 dx=17.5 idx=0/16 dist=32/268 edge=1:-5.09@88.5,92.5 dx=4.5 width=92.4 l=45,108 r=132,77
CxScan: raw_ref=80.0 edge=88.5,92.5 best_raw_x=90 best_err=-0.73 best_cxcy=87.9,119.6 scan=0:-35.1,10:-32.1,20:-28.8,30:-25.3,40:-21.6,50:-17.7,60:-13.6,70:-9.4,80:-5.1,90:-0.7,100:3.6,110:7.9,120:12.2,130:16.2,140:20.1
ATGSeedDiag: seed=1@43,108/1@155,95 begin=7,108 block=5 clip=8
ATGLptDiag: best=4(101.0) imip=0/14 pass=11111 acc=4 ipm=70.4,107.2 inv=52.2,81.1 | 1(6.6) imip=0/11 pass=10111 acc=-1 ipm=121.1,110.3 inv=151.5,87.0
frame=218 line=1 track=1 cross=0 circle=1(CIRCLE_LEFT_BEGIN) round=0 yroad=0 ramp=0 road=7 speed=0 near=15/127 raw=78/92 sel=127/135 far=0/0 far_raw=0/0 l=1@3/0@-1 far_l=0@-1/0@-1 straight=0/1 far_straight=0/0 circle_cnt=1/0/0/0 lost=0/0 conf=95.1/10.1/0.0/0.0 dist=421 begin=1245/0 m0=(84,119) ml=(101,89) md=33/1/151 cxcy=84.0,119.6 guide=0.00 atg=60.0/41.0/41.0 pure=-3.79/-2.51 yaw=0 cmd=-15 actual=15 signed=1 rps=3821/3779:3048/2982 duty=10/12 pwm=PWM2:10/PWM1:12 motor=2:10/1:12
ATGCorner: L=1@3/0@-1 Y=0@-1/0@-1 farL=0@-1/0@-1 Lxy=70.7,109.4:51.8,86.1/-1.0,-1.0:-1.0,-1.0 Yxy=-1.0,-1.0:-1.0,-1.0/-1.0,-1.0:-1.0,-1.0 farLxy=-1.0,-1.0:-1.0,-1.0/-1.0,-1.0:-1.0,-1.0 best=3:70.7,109.4:51.8,86.1:95.1:11111/1:121.2,110.3:151.8,87.1:10.1:10111 seed_src=lpt/none seed=0.0,0.0/0.0,0.0 far_start=70,0 far_raw=0/0 far_num=0/0 straight=0/1 far_straight=0/0 conf_deg=95.1/10.1/0.0/0.0
CrossDiag: type=CROSS_NONE track=1 half_lr=0/0 nearL=1@3/0@-1 nearNum=15/127 centerNum=15/127 farL=0@-1/0@-1 farNum=0/0 farRaw=0/0 lost=0/0 not_have=0 final=127/135 flags=0/0
LineErr: aim=33 cxcy=84.0,119.6 left=1:25.66@55,83 dx=-28.9 idx=0/12 dist=35/45 right=1:-17.61@101,91 dx=16.5 idx=0/6 dist=32/272 sel=1:-17.58@102,87 dx=17.6 idx=0/16 dist=32/268 edge=1:-6.28@89.5,93.0 dx=5.5 width=90.8 l=47,109 r=132,77
CxScan: raw_ref=80.0 edge=89.5,93.0 best_raw_x=95 best_err=0.31 best_cxcy=89.8,119.6 scan=0:-36.2,10:-33.1,20:-29.9,30:-26.4,40:-22.8,50:-18.9,60:-14.8,70:-10.6,80:-6.3,90:-1.9,100:2.5,110:6.9,120:11.2,130:15.3,140:19.3
ATGSeedDiag: seed=1@43,108/1@155,95 begin=7,108 block=5 clip=8
ATGLptDiag: best=3(95.1) imip=0/13 pass=11111 acc=3 ipm=70.7,109.4 inv=51.8,86.1 | 1(10.1) imip=0/11 pass=10111 acc=-1 ipm=121.2,110.3 inv=151.8,87.1
frame=219 line=1 track=1 cross=0 circle=1(CIRCLE_LEFT_BEGIN) round=0 yroad=0 ramp=0 road=7 speed=0 near=16/127 raw=81/92 sel=127/135 far=0/0 far_raw=0/0 l=1@4/0@-1 far_l=0@-1/0@-1 straight=0/1 far_straight=0/0 circle_cnt=1/0/0/0 lost=0/0 conf=104.4/8.3/0.0/0.0 dist=429 begin=1253/0 m0=(84,119) ml=(101,89) md=33/1/151 cxcy=84.0,119.6 guide=0.00 atg=60.0/41.0/41.0 pure=-3.81/-2.51 yaw=0 cmd=-2 actual=2 signed=1 rps=3802/3798:2880/2807 duty=10/12 pwm=PWM2:10/PWM1:12 motor=2:10/1:12
ATGCorner: L=1@4/0@-1 Y=0@-1/0@-1 farL=0@-1/0@-1 Lxy=71.2,107.2:53.7,80.9/-1.0,-1.0:-1.0,-1.0 Yxy=-1.0,-1.0:-1.0,-1.0/-1.0,-1.0:-1.0,-1.0 farLxy=-1.0,-1.0:-1.0,-1.0/-1.0,-1.0:-1.0,-1.0 best=4:71.2,107.2:53.7,80.9:104.4:11111/1:121.2,110.3:151.7,87.1:8.3:10111 seed_src=lpt/none seed=0.0,0.0/0.0,0.0 far_start=70,0 far_raw=0/0 far_num=0/0 straight=0/1 far_straight=0/0 conf_deg=104.4/8.3/0.0/0.0
CrossDiag: type=CROSS_NONE track=1 half_lr=0/0 nearL=1@4/0@-1 nearNum=16/127 centerNum=16/127 farL=0@-1/0@-1 farNum=0/0 farRaw=0/0 lost=0/0 not_have=0 final=127/135 flags=0/0
LineErr: aim=33 cxcy=84.0,119.6 left=1:21.41@61,83 dx=-23.4 idx=0/11 dist=31/48 right=1:-17.52@100,91 dx=16.4 idx=0/6 dist=32/272 sel=1:-17.58@102,87 dx=17.6 idx=0/16 dist=32/268 edge=1:-5.71@89.0,93.0 dx=5.0 width=91.8 l=46,109 r=132,77
CxScan: raw_ref=80.0 edge=89.0,93.0 best_raw_x=95 best_err=0.89 best_cxcy=89.8,119.6 scan=0:-35.8,10:-32.7,20:-29.5,30:-26.0,40:-22.3,50:-18.4,60:-14.3,70:-10.0,80:-5.7,90:-1.3,100:3.1,110:7.5,120:11.7,130:15.9,140:19.8
ATGSeedDiag: seed=1@43,108/1@155,95 begin=7,108 block=5 clip=8
ATGLptDiag: best=4(104.4) imip=0/14 pass=11111 acc=4 ipm=71.2,107.2 inv=53.7,80.9 | 1(8.3) imip=0/11 pass=10111 acc=-1 ipm=121.2,110.3 inv=151.7,87.1
frame=220 line=1 track=1 cross=0 circle=1(CIRCLE_LEFT_BEGIN) round=0 yroad=0 ramp=0 road=7 speed=0 near=15/127 raw=79/92 sel=127/135 far=0/0 far_raw=0/0 l=1@3/0@-1 far_l=0@-1/0@-1 straight=0/1 far_straight=0/0 circle_cnt=1/0/0/0 lost=0/0 conf=102.7/4.0/0.0/0.0 dist=437 begin=1261/0 m0=(84,119) ml=(101,89) md=33/1/151 cxcy=84.0,119.6 guide=0.00 atg=60.0/41.0/41.0 pure=-3.79/-2.51 yaw=0 cmd=24 actual=-24 signed=1 rps=3768/3832:2981/2868 duty=10/12 pwm=PWM2:10/PWM1:12 motor=2:10/1:12
ATGCorner: L=1@3/0@-1 Y=0@-1/0@-1 farL=0@-1/0@-1 Lxy=70.8,109.4:51.9,86.0/-1.0,-1.0:-1.0,-1.0 Yxy=-1.0,-1.0:-1.0,-1.0/-1.0,-1.0:-1.0,-1.0 farLxy=-1.0,-1.0:-1.0,-1.0/-1.0,-1.0:-1.0,-1.0 best=3:70.8,109.4:51.9,86.0:102.7:11111/30:143.7,47.0:119.4,27.7:4.0:10111 seed_src=lpt/none seed=0.0,0.0/0.0,0.0 far_start=70,0 far_raw=0/0 far_num=0/0 straight=0/1 far_straight=0/0 conf_deg=102.7/4.0/0.0/0.0
CrossDiag: type=CROSS_NONE track=1 half_lr=0/0 nearL=1@3/0@-1 nearNum=15/127 centerNum=15/127 farL=0@-1/0@-1 farNum=0/0 farRaw=0/0 lost=0/0 not_have=0 final=127/135 flags=0/0
LineErr: aim=33 cxcy=84.0,119.6 left=1:27.02@54,83 dx=-30.3 idx=0/12 dist=34/43 right=1:-17.49@100,91 dx=16.4 idx=0/6 dist=32/272 sel=1:-17.50@102,87 dx=17.5 idx=0/16 dist=32/268 edge=1:-5.71@89.0,93.0 dx=5.0 width=91.8 l=46,109 r=132,77
CxScan: raw_ref=80.0 edge=89.0,93.0 best_raw_x=95 best_err=0.89 best_cxcy=89.8,119.6 scan=0:-35.8,10:-32.7,20:-29.5,30:-26.0,40:-22.3,50:-18.4,60:-14.3,70:-10.0,80:-5.7,90:-1.3,100:3.1,110:7.5,120:11.7,130:15.9,140:19.8
ATGSeedDiag: seed=1@43,108/1@155,95 begin=7,108 block=5 clip=8
ATGLptDiag: best=3(102.7) imip=0/13 pass=11111 acc=3 ipm=70.8,109.4 inv=51.9,86.0 | 30(4.0) imip=20/40 pass=10111 acc=-1 ipm=143.7,47.0 inv=119.4,27.7
frame=221 line=1 track=1 cross=0 circle=1(CIRCLE_LEFT_BEGIN) round=0 yroad=0 ramp=0 road=7 speed=0 near=15/127 raw=75/92 sel=127/135 far=0/0 far_raw=0/0 l=1@3/0@-1 far_l=0@-1/0@-1 straight=0/1 far_straight=0/0 circle_cnt=1/0/0/0 lost=0/0 conf=103.1/3.8/0.0/0.0 dist=445 begin=1269/0 m0=(84,119) ml=(101,89) md=33/1/151 cxcy=84.0,119.6 guide=0.00 atg=60.0/40.0/40.0 pure=-3.77/-2.49 yaw=0 cmd=62 actual=-62 signed=1 rps=3715/3885:2874/2723 duty=10/12 pwm=PWM2:10/PWM1:12 motor=2:10/1:12
ATGCorner: L=1@3/0@-1 Y=0@-1/0@-1 farL=0@-1/0@-1 Lxy=70.8,109.4:51.8,86.0/-1.0,-1.0:-1.0,-1.0 Yxy=-1.0,-1.0:-1.0,-1.0/-1.0,-1.0:-1.0,-1.0 farLxy=-1.0,-1.0:-1.0,-1.0/-1.0,-1.0:-1.0,-1.0 best=3:70.8,109.4:51.8,86.0:103.1:11111/28:142.0,51.3:120.2,29.3:3.8:10111 seed_src=lpt/none seed=0.0,0.0/0.0,0.0 far_start=70,0 far_raw=0/0 far_num=0/0 straight=0/1 far_straight=0/0 conf_deg=103.1/3.8/0.0/0.0
CrossDiag: type=CROSS_NONE track=1 half_lr=0/0 nearL=1@3/0@-1 nearNum=15/127 centerNum=15/127 farL=0@-1/0@-1 farNum=0/0 farRaw=0/0 lost=0/0 not_have=0 final=127/135 flags=0/0
LineErr: aim=33 cxcy=84.0,119.6 left=1:27.75@53,84 dx=-31.1 idx=0/12 dist=34/43 right=1:-17.48@100,91 dx=16.4 idx=0/6 dist=32/273 sel=1:-17.44@101,87 dx=17.5 idx=0/16 dist=32/268 edge=1:-5.77@89.0,93.5 dx=5.0 width=92.1 l=46,110 r=132,77
CxScan: raw_ref=80.0 edge=89.0,93.5 best_raw_x=95 best_err=0.90 best_cxcy=89.8,119.6 scan=0:-36.1,10:-33.0,20:-29.7,30:-26.2,40:-22.5,50:-18.5,60:-14.4,70:-10.1,80:-5.8,90:-1.3,100:3.1,110:7.5,120:11.8,130:16.0,140:20.0
ATGSeedDiag: seed=1@43,108/1@155,95 begin=7,108 block=5 clip=8
ATGLptDiag: best=3(103.1) imip=0/13 pass=11111 acc=3 ipm=70.8,109.4 inv=51.8,86.0 | 28(3.8) imip=18/38 pass=10111 acc=-1 ipm=142.0,51.3 inv=120.2,29.3
frame=222 line=1 track=1 cross=0 circle=1(CIRCLE_LEFT_BEGIN) round=0 yroad=0 ramp=0 road=7 speed=0 near=14/127 raw=73/92 sel=127/134 far=0/0 far_raw=0/0 l=1@3/0@-1 far_l=0@-1/0@-1 straight=0/1 far_straight=0/0 circle_cnt=1/0/0/0 lost=0/0 conf=104.0/8.9/0.0/0.0 dist=452 begin=1276/0 m0=(84,119) ml=(101,89) md=33/1/151 cxcy=84.0,119.6 guide=0.00 atg=60.0/40.0/40.0 pure=-3.79/-2.47 yaw=0 cmd=106 actual=-106 signed=1 rps=3655/3945:2917/2735 duty=9/13 pwm=PWM2:9/PWM1:13 motor=2:9/1:13
ATGCorner: L=1@3/0@-1 Y=0@-1/0@-1 farL=0@-1/0@-1 Lxy=70.8,109.4:51.9,86.0/-1.0,-1.0:-1.0,-1.0 Yxy=-1.0,-1.0:-1.0,-1.0/-1.0,-1.0:-1.0,-1.0 farLxy=-1.0,-1.0:-1.0,-1.0/-1.0,-1.0:-1.0,-1.0 best=3:70.8,109.4:51.9,86.0:104.0:11111/1:121.2,110.3:151.8,87.1:8.9:10111 seed_src=lpt/none seed=0.0,0.0/0.0,0.0 far_start=70,0 far_raw=0/0 far_num=0/0 straight=0/1 far_straight=0/0 conf_deg=104.0/8.9/0.0/0.0
CrossDiag: type=CROSS_NONE track=1 half_lr=0/0 nearL=1@3/0@-1 nearNum=14/127 centerNum=14/127 farL=0@-1/0@-1 farNum=0/0 farRaw=0/0 lost=0/0 not_have=0 final=127/134 flags=0/0
LineErr: aim=33 cxcy=84.0,119.6 left=1:28.40@52,84 dx=-31.8 idx=0/12 dist=33/38 right=1:-17.48@100,91 dx=16.3 idx=0/6 dist=32/272 sel=1:-17.50@102,87 dx=17.5 idx=0/16 dist=32/266 edge=1:-6.92@90.0,93.5 dx=6.0 width=90.2 l=48,110 r=132,77
CxScan: raw_ref=80.0 edge=90.0,93.5 best_raw_x=95 best_err=-0.26 best_cxcy=89.8,119.6 scan=0:-36.8,10:-33.8,20:-30.6,30:-27.1,40:-23.5,50:-19.6,60:-15.5,70:-11.3,80:-6.9,90:-2.5,100:2.0,110:6.4,120:10.7,130:14.9,140:19.0
ATGSeedDiag: seed=1@44,108/1@155,95 begin=7,108 block=5 clip=8
ATGLptDiag: best=3(104.0) imip=0/13 pass=11111 acc=3 ipm=70.8,109.4 inv=51.9,86.0 | 1(8.9) imip=0/11 pass=10111 acc=-1 ipm=121.2,110.3 inv=151.8,87.1
frame=223 line=1 track=1 cross=0 circle=1(CIRCLE_LEFT_BEGIN) round=0 yroad=0 ramp=0 road=7 speed=0 near=14/127 raw=73/91 sel=127/135 far=0/0 far_raw=0/0 l=1@3/0@-1 far_l=0@-1/0@-1 straight=0/1 far_straight=0/0 circle_cnt=1/0/0/0 lost=0/0 conf=101.8/3.5/0.0/0.0 dist=459 begin=1283/0 m0=(84,119) ml=(101,90) md=32/1/151 cxcy=84.0,119.6 guide=0.00 atg=60.0/40.0/40.0 pure=-3.82/-2.49 yaw=0 cmd=139 actual=-139 signed=1 rps=3610/3990:2747/2588 duty=9/13 pwm=PWM2:9/PWM1:13 motor=2:9/1:13
ATGCorner: L=1@3/0@-1 Y=0@-1/0@-1 farL=0@-1/0@-1 Lxy=70.7,109.4:51.6,85.9/-1.0,-1.0:-1.0,-1.0 Yxy=-1.0,-1.0:-1.0,-1.0/-1.0,-1.0:-1.0,-1.0 farLxy=-1.0,-1.0:-1.0,-1.0/-1.0,-1.0:-1.0,-1.0 best=3:70.7,109.4:51.6,85.9:101.8:11111/28:142.2,50.8:120.1,29.1:3.5:10111 seed_src=lpt/none seed=0.0,0.0/0.0,0.0 far_start=70,0 far_raw=0/0 far_num=0/0 straight=0/1 far_straight=0/0 conf_deg=101.8/3.5/0.0/0.0
CrossDiag: type=CROSS_NONE track=1 half_lr=0/0 nearL=1@3/0@-1 nearNum=14/127 centerNum=14/127 farL=0@-1/0@-1 farNum=0/0 farRaw=0/0 lost=0/0 not_have=0 final=127/135 flags=0/0
LineErr: aim=33 cxcy=84.0,119.6 left=1:29.19@51,84 dx=-32.6 idx=0/12 dist=33/38 right=1:-17.75@101,90 dx=16.8 idx=0/6 dist=32/272 sel=1:-17.70@102,87 dx=17.7 idx=0/16 dist=32/268 edge=1:-7.49@90.5,93.5 dx=6.5 width=91.2 l=48,110 r=133,77
CxScan: raw_ref=80.0 edge=90.5,93.5 best_raw_x=95 best_err=-0.84 best_cxcy=89.8,119.6 scan=0:-37.2,10:-34.2,20:-31.0,30:-27.6,40:-23.9,50:-20.1,60:-16.0,70:-11.8,80:-7.5,90:-3.1,100:1.4,110:5.8,120:10.2,130:14.4,140:18.5
ATGSeedDiag: seed=1@44,108/1@155,94 begin=7,108 block=5 clip=8
ATGLptDiag: best=3(101.8) imip=0/13 pass=11111 acc=3 ipm=70.7,109.4 inv=51.6,85.9 | 28(3.5) imip=18/38 pass=10111 acc=-1 ipm=142.2,50.8 inv=120.1,29.1
frame=225 line=1 track=1 cross=0 circle=1(CIRCLE_LEFT_BEGIN) round=0 yroad=0 ramp=0 road=7 speed=0 near=13/127 raw=70/88 sel=127/136 far=0/0 far_raw=0/0 l=1@2/0@-1 far_l=0@-1/0@-1 straight=0/1 far_straight=0/0 circle_cnt=1/0/0/0 lost=0/0 conf=101.8/5.5/0.0/0.0 dist=473 begin=1297/0 m0=(84,119) ml=(102,90) md=33/1/151 cxcy=84.0,119.6 guide=0.00 atg=60.0/44.0/43.0 pure=-3.95/-2.59 yaw=0 cmd=139 actual=-139 signed=1 rps=3610/3990:2770/2654 duty=9/13 pwm=PWM2:9/PWM1:13 motor=2:9/1:13
ATGCorner: L=1@2/0@-1 Y=0@-1/0@-1 farL=0@-1/0@-1 Lxy=70.9,111.4:51.2,90.9/-1.0,-1.0:-1.0,-1.0 Yxy=-1.0,-1.0:-1.0,-1.0/-1.0,-1.0:-1.0,-1.0 farLxy=-1.0,-1.0:-1.0,-1.0/-1.0,-1.0:-1.0,-1.0 best=2:70.9,111.4:51.2,90.9:101.8:11111/1:122.7,108.7:151.4,83.4:5.5:10111 seed_src=lpt/none seed=0.0,0.0/0.0,0.0 far_start=70,0 far_raw=0/0 far_num=0/0 straight=0/1 far_straight=0/0 conf_deg=101.8/5.5/0.0/0.0
CrossDiag: type=CROSS_NONE track=1 half_lr=0/0 nearL=1@2/0@-1 nearNum=13/127 centerNum=13/127 farL=0@-1/0@-1 farNum=0/0 farRaw=0/0 lost=0/0 not_have=0 final=127/136 flags=0/0
LineErr: aim=33 cxcy=84.0,119.6 left=1:30.83@49,85 dx=-34.6 idx=0/12 dist=31/31 right=1:-18.43@101,91 dx=17.2 idx=0/5 dist=32/274 sel=1:-18.49@102,88 dx=18.4 idx=0/16 dist=32/270 edge=1:-8.63@91.5,93.5 dx=7.5 width=91.9 l=49,111 r=134,76
CxScan: raw_ref=80.0 edge=91.5,93.5 best_raw_x=100 best_err=0.22 best_cxcy=91.7,119.6 scan=0:-37.9,10:-35.0,20:-31.9,30:-28.5,40:-24.9,50:-21.1,60:-17.1,70:-12.9,80:-8.6,90:-4.2,100:0.2,110:4.7,120:9.0,130:13.3,140:17.4
ATGSeedDiag: seed=1@45,107/1@155,91 begin=7,108 block=5 clip=8
ATGLptDiag: best=2(101.8) imip=0/12 pass=11111 acc=2 ipm=70.9,111.4 inv=51.2,90.9 | 1(5.5) imip=0/11 pass=10111 acc=-1 ipm=122.7,108.7 inv=151.4,83.4
frame=226 line=1 track=1 cross=0 circle=1(CIRCLE_LEFT_BEGIN) round=0 yroad=0 ramp=0 road=7 speed=0 near=13/127 raw=76/87 sel=127/136 far=0/0 far_raw=0/0 l=1@2/0@-1 far_l=0@-1/0@-1 straight=0/1 far_straight=0/0 circle_cnt=1/0/0/0 lost=0/0 conf=101.1/5.4/0.0/0.0 dist=480 begin=1304/0 m0=(84,119) ml=(102,90) md=33/1/150 cxcy=84.0,119.6 guide=0.00 atg=60.0/45.0/45.0 pure=-4.01/-2.64 yaw=0 cmd=107 actual=-107 signed=1 rps=3654/3946:2578/2507 duty=10/13 pwm=PWM2:10/PWM1:13 motor=2:10/1:13
ATGCorner: L=1@2/0@-1 Y=0@-1/0@-1 farL=0@-1/0@-1 Lxy=71.0,111.7:51.1,91.7/-1.0,-1.0:-1.0,-1.0 Yxy=-1.0,-1.0:-1.0,-1.0/-1.0,-1.0:-1.0,-1.0 farLxy=-1.0,-1.0:-1.0,-1.0/-1.0,-1.0:-1.0,-1.0 best=2:71.0,111.7:51.1,91.7:101.1:11111/1:123.1,108.3:151.5,82.5:5.4:10111 seed_src=lpt/none seed=0.0,0.0/0.0,0.0 far_start=70,0 far_raw=0/0 far_num=0/0 straight=0/1 far_straight=0/0 conf_deg=101.1/5.4/0.0/0.0
CrossDiag: type=CROSS_NONE track=1 half_lr=0/0 nearL=1@2/0@-1 nearNum=13/127 centerNum=13/127 farL=0@-1/0@-1 farNum=0/0 farRaw=0/0 lost=0/0 not_have=0 final=127/136 flags=0/0
LineErr: aim=33 cxcy=84.0,119.6 left=1:30.96@49,85 dx=-34.6 idx=0/12 dist=31/31 right=1:-18.78@102,91 dx=17.7 idx=0/5 dist=33/275 sel=1:-18.76@103,88 dx=18.7 idx=0/16 dist=32/270 edge=1:-8.54@91.5,93.0 dx=7.5 width=92.3 l=49,111 r=134,75
CxScan: raw_ref=80.0 edge=91.5,93.0 best_raw_x=100 best_err=0.22 best_cxcy=91.7,119.6 scan=0:-37.6,10:-34.7,20:-31.6,30:-28.3,40:-24.7,50:-20.9,60:-16.9,70:-12.8,80:-8.5,90:-4.2,100:0.2,110:4.6,120:8.9,130:13.2,140:17.2
ATGSeedDiag: seed=1@45,108/1@155,90 begin=7,108 block=5 clip=8
ATGLptDiag: best=2(101.1) imip=0/12 pass=11111 acc=2 ipm=71.0,111.7 inv=51.1,91.7 | 1(5.4) imip=0/11 pass=10111 acc=-1 ipm=123.1,108.3 inv=151.5,82.5
frame=227 line=1 track=1 cross=0 circle=1(CIRCLE_LEFT_BEGIN) round=0 yroad=0 ramp=0 road=7 speed=0 near=13/127 raw=74/87 sel=127/136 far=0/0 far_raw=0/0 l=1@2/0@-1 far_l=0@-1/0@-1 straight=0/1 far_straight=0/0 circle_cnt=1/0/0/0 lost=0/0 conf=102.8/4.3/0.0/0.0 dist=487 begin=1311/0 m0=(84,119) ml=(102,90) md=33/1/150 cxcy=84.0,119.6 guide=0.00 atg=60.0/45.0/45.0 pure=-4.07/-2.64 yaw=0 cmd=65 actual=-65 signed=1 rps=3711/3889:2662/2657 duty=10/12 pwm=PWM2:10/PWM1:12 motor=2:10/1:12
ATGCorner: L=1@2/0@-1 Y=0@-1/0@-1 farL=0@-1/0@-1 Lxy=71.1,111.7:51.3,91.7/-1.0,-1.0:-1.0,-1.0 Yxy=-1.0,-1.0:-1.0,-1.0/-1.0,-1.0:-1.0,-1.0 farLxy=-1.0,-1.0:-1.0,-1.0/-1.0,-1.0:-1.0,-1.0 best=2:71.1,111.7:51.3,91.7:102.8:11111/2:124.0,106.2:149.2,78.0:4.3:10111 seed_src=lpt/none seed=0.0,0.0/0.0,0.0 far_start=70,0 far_raw=0/0 far_num=0/0 straight=0/1 far_straight=0/0 conf_deg=102.8/4.3/0.0/0.0
CrossDiag: type=CROSS_NONE track=1 half_lr=0/0 nearL=1@2/0@-1 nearNum=13/127 centerNum=13/127 farL=0@-1/0@-1 farNum=0/0 farRaw=0/0 lost=0/0 not_have=0 final=127/136 flags=0/0
LineErr: aim=33 cxcy=84.0,119.6 left=1:31.71@49,86 dx=-35.4 idx=0/12 dist=31/31 right=1:-18.90@102,91 dx=17.8 idx=0/5 dist=33/275 sel=1:-18.96@103,88 dx=18.8 idx=0/16 dist=32/270 edge=1:-9.29@92.0,94.0 dx=8.0 width=93.2 l=49,112 r=135,76
CxScan: raw_ref=80.0 edge=92.0,94.0 best_raw_x=100 best_err=-0.37 best_cxcy=91.7,119.6 scan=0:-38.6,10:-35.7,20:-32.6,30:-29.2,40:-25.6,50:-21.8,60:-17.8,70:-13.6,80:-9.3,90:-4.9,100:-0.4,110:4.1,120:8.5,130:12.9,140:17.0
ATGSeedDiag: seed=1@45,108/1@155,90 begin=7,108 block=5 clip=8
ATGLptDiag: best=2(102.8) imip=0/12 pass=11111 acc=2 ipm=71.1,111.7 inv=51.3,91.7 | 2(4.3) imip=0/12 pass=10111 acc=-1 ipm=124.0,106.2 inv=149.2,78.0
frame=228 line=1 track=1 cross=0 circle=1(CIRCLE_LEFT_BEGIN) round=0 yroad=0 ramp=0 road=7 speed=0 near=13/127 raw=69/87 sel=127/136 far=0/0 far_raw=0/0 l=1@2/0@-1 far_l=0@-1/0@-1 straight=0/1 far_straight=0/0 circle_cnt=1/0/0/0 lost=0/0 conf=102.0/4.5/0.0/0.0 dist=494 begin=1318/0 m0=(84,119) ml=(102,90) md=33/1/150 cxcy=84.0,119.6 guide=0.00 atg=60.0/45.0/45.0 pure=-4.05/-2.64 yaw=0 cmd=33 actual=-33 signed=1 rps=3755/3845:2538/2536 duty=10/12 pwm=PWM2:10/PWM1:12 motor=2:10/1:12
ATGCorner: L=1@2/0@-1 Y=0@-1/0@-1 farL=0@-1/0@-1 Lxy=70.9,111.7:51.0,91.6/-1.0,-1.0:-1.0,-1.0 Yxy=-1.0,-1.0:-1.0,-1.0/-1.0,-1.0:-1.0,-1.0 farLxy=-1.0,-1.0:-1.0,-1.0/-1.0,-1.0:-1.0,-1.0 best=2:70.9,111.7:51.0,91.6:102.0:11111/2:124.0,106.2:149.2,78.0:4.5:10111 seed_src=lpt/none seed=0.0,0.0/0.0,0.0 far_start=70,0 far_raw=0/0 far_num=0/0 straight=0/1 far_straight=0/0 conf_deg=102.0/4.5/0.0/0.0
CrossDiag: type=CROSS_NONE track=1 half_lr=0/0 nearL=1@2/0@-1 nearNum=13/127 centerNum=13/127 farL=0@-1/0@-1 farNum=0/0 farRaw=0/0 lost=0/0 not_have=0 final=127/136 flags=0/0
LineErr: aim=33 cxcy=84.0,119.6 left=1:32.39@48,86 dx=-36.1 idx=0/12 dist=30/30 right=1:-18.90@102,91 dx=17.8 idx=0/5 dist=33/275 sel=1:-18.87@103,88 dx=18.8 idx=0/16 dist=32/270 edge=1:-8.06@91.0,93.5 dx=7.0 width=93.6 l=48,112 r=134,75
CxScan: raw_ref=80.0 edge=91.0,93.5 best_raw_x=100 best_err=0.80 best_cxcy=91.7,119.6 scan=0:-37.6,10:-34.6,20:-31.4,30:-28.1,40:-24.4,50:-20.6,60:-16.6,70:-12.4,80:-8.1,90:-3.6,100:0.8,110:5.2,120:9.6,130:13.8,140:17.9
ATGSeedDiag: seed=1@45,108/1@155,90 begin=7,108 block=5 clip=8
ATGLptDiag: best=2(102.0) imip=0/12 pass=11111 acc=2 ipm=70.9,111.7 inv=51.0,91.6 | 2(4.5) imip=0/12 pass=10111 acc=-1 ipm=124.0,106.2 inv=149.2,78.0
frame=229 line=1 track=1 cross=0 circle=1(CIRCLE_LEFT_BEGIN) round=0 yroad=0 ramp=0 road=7 speed=0 near=12/127 raw=67/87 sel=127/136 far=0/0 far_raw=0/0 l=1@2/0@-1 far_l=0@-1/0@-1 straight=0/1 far_straight=0/0 circle_cnt=1/0/0/0 lost=0/0 conf=101.9/5.3/0.0/0.0 dist=501 begin=1325/0 m0=(84,119) ml=(102,90) md=33/1/150 cxcy=84.0,119.6 guide=0.00 atg=60.0/44.0/44.0 pure=-4.03/-2.60 yaw=0 cmd=8 actual=-8 signed=1 rps=3790/3810:2627/2641 duty=10/12 pwm=PWM2:10/PWM1:12 motor=2:10/1:12
ATGCorner: L=1@2/0@-1 Y=0@-1/0@-1 farL=0@-1/0@-1 Lxy=70.8,111.7:50.8,91.6/-1.0,-1.0:-1.0,-1.0 Yxy=-1.0,-1.0:-1.0,-1.0/-1.0,-1.0:-1.0,-1.0 farLxy=-1.0,-1.0:-1.0,-1.0/-1.0,-1.0:-1.0,-1.0 best=2:70.8,111.7:50.8,91.6:101.9:11111/1:123.1,108.3:151.5,82.5:5.3:10111 seed_src=lpt/none seed=0.0,0.0/0.0,0.0 far_start=70,0 far_raw=0/0 far_num=0/0 straight=0/1 far_straight=0/0 conf_deg=101.9/5.3/0.0/0.0
CrossDiag: type=CROSS_NONE track=1 half_lr=0/0 nearL=1@2/0@-1 nearNum=12/127 centerNum=12/127 farL=0@-1/0@-1 farNum=0/0 farRaw=0/0 lost=0/0 not_have=0 final=127/136 flags=0/0
LineErr: aim=33 cxcy=84.0,119.6 left=1:29.36@52,86 dx=-31.7 idx=0/11 dist=25/25 right=1:-18.67@101,93 dx=16.8 idx=0/4 dist=32/276 sel=1:-18.73@103,88 dx=18.6 idx=0/16 dist=32/270 edge=1:-9.20@92.0,93.5 dx=8.0 width=91.8 l=50,112 r=134,75
CxScan: raw_ref=80.0 edge=92.0,93.5 best_raw_x=100 best_err=-0.36 best_cxcy=91.7,119.6 scan=0:-38.3,10:-35.4,20:-32.3,30:-29.0,40:-25.4,50:-21.6,60:-17.6,70:-13.5,80:-9.2,90:-4.8,100:-0.4,110:4.1,120:8.5,130:12.7,140:16.9
ATGSeedDiag: seed=1@45,108/1@155,90 begin=7,108 block=5 clip=8
ATGLptDiag: best=2(101.9) imip=0/11 pass=11111 acc=2 ipm=70.8,111.7 inv=50.8,91.6 | 1(5.3) imip=0/11 pass=10111 acc=-1 ipm=123.1,108.3 inv=151.5,82.5
frame=230 line=1 track=1 cross=0 circle=1(CIRCLE_LEFT_BEGIN) round=0 yroad=0 ramp=0 road=7 speed=0 near=12/126 raw=66/87 sel=126/134 far=0/0 far_raw=0/0 l=1@1/0@-1 far_l=0@-1/0@-1 straight=0/1 far_straight=0/0 circle_cnt=1/0/0/0 lost=0/0 conf=102.2/3.5/0.0/0.0 dist=508 begin=1332/0 m0=(84,119) ml=(102,90) md=33/1/150 cxcy=84.0,119.6 guide=0.00 atg=60.0/44.0/44.0 pure=-4.02/-2.60 yaw=0 cmd=7 actual=-7 signed=1 rps=3790/3810:2548/2582 duty=10/12 pwm=PWM2:10/PWM1:12 motor=2:10/1:12
ATGCorner: L=1@1/0@-1 Y=0@-1/0@-1 farL=0@-1/0@-1 Lxy=70.7,114.0:49.3,98.2/-1.0,-1.0:-1.0,-1.0 Yxy=-1.0,-1.0:-1.0,-1.0/-1.0,-1.0:-1.0,-1.0 farLxy=-1.0,-1.0:-1.0,-1.0/-1.0,-1.0:-1.0,-1.0 best=1:70.7,114.0:49.3,98.2:102.2:11111/2:123.9,106.2:148.9,77.9:3.5:10111 seed_src=lpt/none seed=0.0,0.0/0.0,0.0 far_start=70,0 far_raw=0/0 far_num=0/0 straight=0/1 far_straight=0/0 conf_deg=102.2/3.5/0.0/0.0
CrossDiag: type=CROSS_NONE track=1 half_lr=0/0 nearL=1@1/0@-1 nearNum=12/126 centerNum=12/126 farL=0@-1/0@-1 farNum=0/0 farRaw=0/0 lost=0/0 not_have=0 final=126/134 flags=0/0
LineErr: aim=33 cxcy=84.0,119.6 left=1:30.07@52,87 dx=-32.5 idx=0/11 dist=25/25 right=1:-18.66@102,91 dx=17.5 idx=0/5 dist=33/273 sel=1:-18.60@103,88 dx=18.5 idx=0/16 dist=32/266 edge=1:-9.29@92.0,94.0 dx=8.0 width=92.2 l=50,113 r=134,75
CxScan: raw_ref=80.0 edge=92.0,94.0 best_raw_x=100 best_err=-0.37 best_cxcy=91.7,119.6 scan=0:-38.6,10:-35.7,20:-32.6,30:-29.2,40:-25.6,50:-21.8,60:-17.8,70:-13.6,80:-9.3,90:-4.9,100:-0.4,110:4.1,120:8.5,130:12.9,140:17.0
ATGSeedDiag: seed=1@46,108/1@155,90 begin=7,108 block=5 clip=8
ATGLptDiag: best=1(102.2) imip=0/11 pass=11111 acc=1 ipm=70.7,114.0 inv=49.3,98.2 | 2(3.5) imip=0/12 pass=10111 acc=-1 ipm=123.9,106.2 inv=148.9,77.9
frame=231 line=1 track=1 cross=0 circle=1(CIRCLE_LEFT_BEGIN) round=0 yroad=0 ramp=0 road=7 speed=0 near=12/126 raw=65/87 sel=126/134 far=0/0 far_raw=0/0 l=1@1/0@-1 far_l=0@-1/0@-1 straight=0/1 far_straight=0/0 circle_cnt=1/0/0/0 lost=0/0 conf=105.0/3.9/0.0/0.0 dist=516 begin=1340/0 m0=(84,119) ml=(102,90) md=33/1/151 cxcy=84.0,119.6 guide=0.00 atg=60.0/43.0/43.0 pure=-4.02/-2.59 yaw=0 cmd=19 actual=-19 signed=1 rps=3774/3826:2708/2741 duty=10/12 pwm=PWM2:10/PWM1:12 motor=2:10/1:12
ATGCorner: L=1@1/0@-1 Y=0@-1/0@-1 farL=0@-1/0@-1 Lxy=70.8,114.0:49.5,98.2/-1.0,-1.0:-1.0,-1.0 Yxy=-1.0,-1.0:-1.0,-1.0/-1.0,-1.0:-1.0,-1.0 farLxy=-1.0,-1.0:-1.0,-1.0/-1.0,-1.0:-1.0,-1.0 best=1:70.8,114.0:49.5,98.2:105.0:11111/26:142.8,53.8:122.1,30.3:3.9:10111 seed_src=lpt/none seed=0.0,0.0/0.0,0.0 far_start=70,0 far_raw=0/0 far_num=0/0 straight=0/1 far_straight=0/0 conf_deg=105.0/3.9/0.0/0.0
CrossDiag: type=CROSS_NONE track=1 half_lr=0/0 nearL=1@1/0@-1 nearNum=12/126 centerNum=12/126 farL=0@-1/0@-1 farNum=0/0 farRaw=0/0 lost=0/0 not_have=0 final=126/134 flags=0/0
LineErr: aim=33 cxcy=84.0,119.6 left=1:30.81@51,87 dx=-33.3 idx=0/11 dist=25/25 right=1:-18.65@102,91 dx=17.5 idx=0/5 dist=32/272 sel=1:-18.60@103,88 dx=18.5 idx=0/16 dist=32/266 edge=1:-9.29@92.0,94.0 dx=8.0 width=92.2 l=50,113 r=134,75
CxScan: raw_ref=80.0 edge=92.0,94.0 best_raw_x=100 best_err=-0.37 best_cxcy=91.7,119.6 scan=0:-38.6,10:-35.7,20:-32.6,30:-29.2,40:-25.6,50:-21.8,60:-17.8,70:-13.6,80:-9.3,90:-4.9,100:-0.4,110:4.1,120:8.5,130:12.9,140:17.0
ATGSeedDiag: seed=1@46,108/1@155,90 begin=7,108 block=5 clip=8
ATGLptDiag: best=1(105.0) imip=0/11 pass=11111 acc=1 ipm=70.8,114.0 inv=49.5,98.2 | 26(3.9) imip=16/36 pass=10111 acc=-1 ipm=142.8,53.8 inv=122.1,30.3
frame=232 line=1 track=1 cross=0 circle=1(CIRCLE_LEFT_BEGIN) round=0 yroad=0 ramp=0 road=7 speed=0 near=12/126 raw=64/87 sel=126/134 far=0/0 far_raw=0/0 l=1@1/0@-1 far_l=0@-1/0@-1 straight=0/1 far_straight=0/0 circle_cnt=1/0/0/0 lost=0/0 conf=99.1/5.3/0.0/0.0 dist=524 begin=1348/0 m0=(84,119) ml=(102,90) md=33/1/151 cxcy=84.0,119.6 guide=0.00 atg=60.0/43.0/43.0 pure=-4.03/-2.59 yaw=0 cmd=46 actual=-46 signed=1 rps=3737/3863:2849/2881 duty=10/12 pwm=PWM2:10/PWM1:12 motor=2:10/1:12
ATGCorner: L=1@1/0@-1 Y=0@-1/0@-1 farL=0@-1/0@-1 Lxy=70.9,113.9:49.6,98.1/-1.0,-1.0:-1.0,-1.0 Yxy=-1.0,-1.0:-1.0,-1.0/-1.0,-1.0:-1.0,-1.0 farLxy=-1.0,-1.0:-1.0,-1.0/-1.0,-1.0:-1.0,-1.0 best=1:70.9,113.9:49.6,98.1:99.1:11111/1:123.1,108.3:151.5,82.5:5.3:10111 seed_src=lpt/none seed=0.0,0.0/0.0,0.0 far_start=70,0 far_raw=0/0 far_num=0/0 straight=0/1 far_straight=0/0 conf_deg=99.1/5.3/0.0/0.0
CrossDiag: type=CROSS_NONE track=1 half_lr=0/0 nearL=1@1/0@-1 nearNum=12/126 centerNum=12/126 farL=0@-1/0@-1 farNum=0/0 farRaw=0/0 lost=0/0 not_have=0 final=126/134 flags=0/0
LineErr: aim=33 cxcy=84.0,119.6 left=1:31.42@50,87 dx=-34.1 idx=0/11 dist=25/25 right=1:-18.75@102,91 dx=17.6 idx=0/5 dist=33/273 sel=1:-18.76@103,88 dx=18.7 idx=0/16 dist=32/266 edge=1:-8.72@91.5,94.0 dx=7.5 width=93.1 l=49,113 r=134,75
CxScan: raw_ref=80.0 edge=91.5,94.0 best_raw_x=100 best_err=0.22 best_cxcy=91.7,119.6 scan=0:-38.2,10:-35.3,20:-32.1,30:-28.7,40:-25.1,50:-21.3,60:-17.3,70:-13.1,80:-8.7,90:-4.3,100:0.2,110:4.7,120:9.1,130:13.4,140:17.6
ATGSeedDiag: seed=1@46,108/1@155,90 begin=7,108 block=5 clip=8
ATGLptDiag: best=1(99.1) imip=0/11 pass=11111 acc=1 ipm=70.9,113.9 inv=49.6,98.1 | 1(5.3) imip=0/11 pass=10111 acc=-1 ipm=123.1,108.3 inv=151.5,82.5
frame=236 line=1 track=1 cross=0 circle=1(CIRCLE_LEFT_BEGIN) round=0 yroad=0 ramp=0 road=7 speed=0 near=11/126 raw=60/85 sel=126/135 far=0/0 far_raw=0/0 l=1@1/0@-1 far_l=0@-1/0@-1 straight=0/1 far_straight=0/0 circle_cnt=1/0/0/0 lost=0/0 conf=92.9/4.1/0.0/0.0 dist=556 begin=1380/0 m0=(84,119) ml=(102,90) md=33/1/150 cxcy=84.0,119.6 guide=0.00 atg=60.0/45.0/45.0 pure=-4.15/-2.66 yaw=0 cmd=83 actual=-83 signed=1 rps=3687/3913:3005/3031 duty=9/12 pwm=PWM2:9/PWM1:12 motor=2:9/1:12
ATGCorner: L=1@1/0@-1 Y=0@-1/0@-1 farL=0@-1/0@-1 Lxy=70.9,113.9:49.7,97.9/-1.0,-1.0:-1.0,-1.0 Yxy=-1.0,-1.0:-1.0,-1.0/-1.0,-1.0:-1.0,-1.0 farLxy=-1.0,-1.0:-1.0,-1.0/-1.0,-1.0:-1.0,-1.0 best=1:70.9,113.9:49.7,97.9:92.9:11111/24:142.6,57.5:124.0,31.9:4.1:10111 seed_src=lpt/none seed=0.0,0.0/0.0,0.0 far_start=70,0 far_raw=0/0 far_num=0/0 straight=0/1 far_straight=0/0 conf_deg=92.9/4.1/0.0/0.0
CrossDiag: type=CROSS_NONE track=1 half_lr=0/0 nearL=1@1/0@-1 nearNum=11/126 centerNum=11/126 farL=0@-1/0@-1 farNum=0/0 farRaw=0/0 lost=0/0 not_have=0 final=126/135 flags=0/0
LineErr: aim=33 cxcy=84.0,119.6 left=1:30.08@53,88 dx=-31.5 idx=0/10 dist=20/20 right=1:-19.32@102,92 dx=17.7 idx=0/4 dist=32/274 sel=1:-19.38@103,88 dx=19.2 idx=0/16 dist=32/268 edge=1:-9.96@92.5,94.5 dx=8.5 width=93.5 l=50,114 r=135,75
CxScan: raw_ref=80.0 edge=92.5,94.5 best_raw_x=100 best_err=-0.96 best_cxcy=91.7,119.6 scan=0:-39.2,10:-36.3,20:-33.2,30:-29.9,40:-26.3,50:-22.5,60:-18.5,70:-14.3,80:-10.0,90:-5.5,100:-1.0,110:3.6,120:8.1,130:12.4,140:16.7
ATGSeedDiag: seed=1@47,108/1@155,88 begin=7,108 block=5 clip=8
ATGLptDiag: best=1(92.9) imip=0/10 pass=11111 acc=1 ipm=70.9,113.9 inv=49.7,97.9 | 24(4.1) imip=14/34 pass=10111 acc=-1 ipm=142.6,57.5 inv=124.0,31.9
frame=237 line=1 track=1 cross=0 circle=1(CIRCLE_LEFT_BEGIN) round=0 yroad=0 ramp=0 road=7 speed=0 near=10/126 raw=58/84 sel=126/136 far=0/0 far_raw=0/0 l=1@1/0@-1 far_l=0@-1/0@-1 straight=0/1 far_straight=0/0 circle_cnt=1/0/0/0 lost=0/0 conf=85.2/4.1/0.0/0.0 dist=564 begin=1388/0 m0=(84,119) ml=(103,90) md=33/1/149 cxcy=84.0,119.6 guide=0.00 atg=60.0/45.0/46.0 pure=-4.18/-2.66 yaw=0 cmd=66 actual=-66 signed=1 rps=3709/3891:3059/3011 duty=9/12 pwm=PWM2:9/PWM1:12 motor=2:9/1:12
ATGCorner: L=1@1/0@-1 Y=0@-1/0@-1 farL=0@-1/0@-1 Lxy=70.6,113.9:49.0,98.0/-1.0,-1.0:-1.0,-1.0 Yxy=-1.0,-1.0:-1.0,-1.0/-1.0,-1.0:-1.0,-1.0 farLxy=-1.0,-1.0:-1.0,-1.0/-1.0,-1.0:-1.0,-1.0 best=1:70.6,113.9:49.0,98.0:85.2:11111/25:143.7,54.9:123.4,30.8:4.1:10111 seed_src=lpt/none seed=0.0,0.0/0.0,0.0 far_start=70,0 far_raw=0/0 far_num=0/0 straight=0/1 far_straight=0/0 conf_deg=85.2/4.1/0.0/0.0
CrossDiag: type=CROSS_NONE track=1 half_lr=0/0 nearL=1@1/0@-1 nearNum=10/126 centerNum=10/126 farL=0@-1/0@-1 farNum=0/0 farRaw=0/0 lost=0/0 not_have=0 final=126/136 flags=0/0
LineErr: aim=33 cxcy=84.0,119.6 left=1:28.89@54,89 dx=-29.8 idx=0/9 dist=18/18 right=1:-19.56@102,92 dx=18.1 idx=0/4 dist=33/275 sel=1:-19.62@103,88 dx=19.4 idx=0/16 dist=32/270 edge=1:-11.68@94.0,94.5 dx=10.0 width=93.5 l=52,115 r=136,74
CxScan: raw_ref=80.0 edge=94.0,94.5 best_raw_x=105 best_err=-0.47 best_cxcy=93.6,119.6 scan=0:-40.3,10:-37.5,20:-34.5,30:-31.2,40:-27.7,50:-24.0,60:-20.1,70:-16.0,80:-11.7,90:-7.2,100:-2.7,110:1.8,120:6.3,130:10.7,140:15.0
ATGSeedDiag: seed=1@47,108/1@155,87 begin=7,108 block=5 clip=8
ATGLptDiag: best=1(85.2) imip=0/9 pass=11111 acc=1 ipm=70.6,113.9 inv=49.0,98.0 | 25(4.1) imip=15/35 pass=10111 acc=-1 ipm=143.7,54.9 inv=123.4,30.8
frame=238 line=1 track=1 cross=0 circle=1(CIRCLE_LEFT_BEGIN) round=0 yroad=0 ramp=0 road=7 speed=0 near=10/126 raw=61/84 sel=126/135 far=0/0 far_raw=0/0 l=1@1/0@-1 far_l=0@-1/0@-1 straight=0/1 far_straight=0/0 circle_cnt=1/0/0/0 lost=0/0 conf=105.7/4.1/0.0/0.0 dist=572 begin=1396/0 m0=(84,119) ml=(103,91) md=32/1/148 cxcy=84.0,119.6 guide=0.00 atg=60.0/47.0/47.0 pure=-4.23/-2.69 yaw=0 cmd=52 actual=-52 signed=1 rps=3729/3871:2872/2780 duty=10/12 pwm=PWM2:10/PWM1:12 motor=2:10/1:12
ATGCorner: L=1@1/0@-1 Y=0@-1/0@-1 farL=0@-1/0@-1 Lxy=71.4,114.0:50.7,98.1/-1.0,-1.0:-1.0,-1.0 Yxy=-1.0,-1.0:-1.0,-1.0/-1.0,-1.0:-1.0,-1.0 farLxy=-1.0,-1.0:-1.0,-1.0/-1.0,-1.0:-1.0,-1.0 best=1:71.4,114.0:50.7,98.1:105.7:11111/24:143.3,57.1:124.4,31.7:4.1:10111 seed_src=lpt/none seed=0.0,0.0/0.0,0.0 far_start=70,0 far_raw=0/0 far_num=0/0 straight=0/1 far_straight=0/0 conf_deg=105.7/4.1/0.0/0.0
CrossDiag: type=CROSS_NONE track=1 half_lr=0/0 nearL=1@1/0@-1 nearNum=10/126 centerNum=10/126 farL=0@-1/0@-1 farNum=0/0 farRaw=0/0 lost=0/0 not_have=0 final=126/135 flags=0/0
LineErr: aim=33 cxcy=84.0,119.6 left=1:28.73@55,89 dx=-29.5 idx=0/9 dist=18/18 right=1:-19.68@102,92 dx=18.2 idx=0/4 dist=33/275 sel=1:-19.75@104,88 dx=19.5 idx=0/16 dist=32/268 edge=1:-12.25@94.5,94.5 dx=10.5 width=92.6 l=53,115 r=136,74
CxScan: raw_ref=80.0 edge=94.5,94.5 best_raw_x=105 best_err=-1.06 best_cxcy=93.6,119.6 scan=0:-40.6,10:-37.9,20:-34.9,30:-31.7,40:-28.2,50:-24.5,60:-20.6,70:-16.5,80:-12.2,90:-7.8,100:-3.3,110:1.2,120:5.7,130:10.2,140:14.5
ATGSeedDiag: seed=1@47,108/1@155,87 begin=7,108 block=5 clip=8
ATGLptDiag: best=1(105.7) imip=0/9 pass=11111 acc=1 ipm=71.4,114.0 inv=50.7,98.1 | 24(4.1) imip=14/34 pass=10111 acc=-1 ipm=143.3,57.1 inv=124.4,31.7
frame=239 line=1 track=1 cross=0 circle=1(CIRCLE_LEFT_BEGIN) round=0 yroad=0 ramp=0 road=7 speed=0 near=10/126 raw=56/83 sel=126/136 far=0/0 far_raw=0/0 l=0@-1/0@-1 far_l=0@-1/0@-1 straight=0/1 far_straight=0/0 circle_cnt=1/0/0/0 lost=0/0 conf=53.1/3.5/0.0/0.0 dist=580 begin=1404/0 m0=(84,119) ml=(103,91) md=32/1/148 cxcy=84.0,119.6 guide=0.00 atg=60.0/47.0/48.0 pure=-4.27/-2.71 yaw=0 cmd=41 actual=-41 signed=1 rps=3743/3857:2962/2855 duty=10/12 pwm=PWM2:10/PWM1:12 motor=2:10/1:12
ATGCorner: L=0@-1/0@-1 Y=0@-1/0@-1 farL=0@-1/0@-1 Lxy=-1.0,-1.0:-1.0,-1.0/-1.0,-1.0:-1.0,-1.0 Yxy=-1.0,-1.0:-1.0,-1.0/-1.0,-1.0:-1.0,-1.0 farLxy=-1.0,-1.0:-1.0,-1.0/-1.0,-1.0:-1.0,-1.0 best=1:69.5,114.4:46.2,99.6:53.1:10111/24:143.5,56.7:124.3,31.6:3.5:10111 seed_src=none/none seed=0.0,0.0/0.0,0.0 far_start=70,0 far_raw=0/0 far_num=0/0 straight=0/1 far_straight=0/0 conf_deg=53.1/3.5/0.0/0.0
CrossDiag: type=CROSS_NONE track=1 half_lr=0/0 nearL=0@-1/0@-1 nearNum=10/126 centerNum=10/126 farL=0@-1/0@-1 farNum=0/0 farRaw=0/0 lost=0/0 not_have=0 final=126/136 flags=0/0
LineErr: aim=33 cxcy=84.0,119.6 left=1:30.78@52,89 dx=-31.8 idx=0/9 dist=18/18 right=1:-19.82@102,93 dx=17.8 idx=0/3 dist=32/276 sel=1:-19.89@104,88 dx=19.7 idx=0/16 dist=32/270 edge=1:-11.68@94.0,94.5 dx=10.0 width=95.3 l=51,115 r=137,74
CxScan: raw_ref=80.0 edge=94.0,94.5 best_raw_x=105 best_err=-0.47 best_cxcy=93.6,119.6 scan=0:-40.3,10:-37.5,20:-34.5,30:-31.2,40:-27.7,50:-24.0,60:-20.1,70:-16.0,80:-11.7,90:-7.2,100:-2.7,110:1.8,120:6.3,130:10.7,140:15.0
ATGSeedDiag: seed=1@48,108/1@155,86 begin=7,108 block=5 clip=8
ATGLptDiag: best=1(53.1) imip=0/9 pass=10111 acc=-1 ipm=69.5,114.4 inv=46.2,99.6 | 24(3.5) imip=14/34 pass=10111 acc=-1 ipm=143.5,56.7 inv=124.3,31.6
frame=240 line=1 track=1 cross=0 circle=1(CIRCLE_LEFT_BEGIN) round=0 yroad=0 ramp=0 road=7 speed=0 near=9/126 raw=56/83 sel=126/136 far=0/0 far_raw=0/0 l=0@-1/0@-1 far_l=0@-1/0@-1 straight=0/1 far_straight=0/0 circle_cnt=1/0/0/0 lost=0/0 conf=42.3/3.5/0.0/0.0 dist=588 begin=1412/0 m0=(84,119) ml=(103,91) md=32/1/148 cxcy=84.0,119.6 guide=0.00 atg=60.0/47.0/48.0 pure=-4.27/-2.71 yaw=0 cmd=40 actual=-40 signed=1 rps=3745/3855:2824/2716 duty=10/12 pwm=PWM2:10/PWM1:12 motor=2:10/1:12
ATGCorner: L=0@-1/0@-1 Y=0@-1/0@-1 farL=0@-1/0@-1 Lxy=-1.0,-1.0:-1.0,-1.0/-1.0,-1.0:-1.0,-1.0 Yxy=-1.0,-1.0:-1.0,-1.0/-1.0,-1.0:-1.0,-1.0 farLxy=-1.0,-1.0:-1.0,-1.0/-1.0,-1.0:-1.0,-1.0 best=1:69.2,114.8:45.3,100.6:42.3:10111/24:143.5,56.7:124.3,31.6:3.5:10111 seed_src=none/none seed=0.0,0.0/0.0,0.0 far_start=70,0 far_raw=0/0 far_num=0/0 straight=0/1 far_straight=0/0 conf_deg=42.3/3.5/0.0/0.0
CrossDiag: type=CROSS_NONE track=1 half_lr=0/0 nearL=0@-1/0@-1 nearNum=9/126 centerNum=9/126 farL=0@-1/0@-1 farNum=0/0 farRaw=0/0 lost=0/0 not_have=0 final=126/136 flags=0/0
LineErr: aim=33 cxcy=84.0,119.6 left=1:29.61@54,90 dx=-30.2 idx=0/8 dist=16/16 right=1:-19.79@102,93 dx=17.8 idx=0/3 dist=32/276 sel=1:-19.90@104,88 dx=19.7 idx=0/16 dist=32/270 edge=1:-12.94@95.0,95.0 dx=11.0 width=93.9 l=53,116 r=137,74
CxScan: raw_ref=80.0 edge=95.0,95.0 best_raw_x=110 best_err=0.62 best_cxcy=95.5,119.6 scan=0:-41.3,10:-38.5,20:-35.6,30:-32.4,40:-28.9,50:-25.3,60:-21.4,70:-17.2,80:-12.9,90:-8.5,100:-4.0,110:0.6,120:5.2,130:9.7,140:14.0
ATGSeedDiag: seed=1@48,108/1@155,86 begin=7,108 block=5 clip=8
ATGLptDiag: best=1(42.3) imip=0/8 pass=10111 acc=-1 ipm=69.2,114.8 inv=45.3,100.6 | 24(3.5) imip=14/34 pass=10111 acc=-1 ipm=143.5,56.7 inv=124.3,31.6
frame=241 line=1 track=1 cross=0 circle=1(CIRCLE_LEFT_BEGIN) round=0 yroad=0 ramp=0 road=7 speed=0 near=9/126 raw=54/83 sel=126/136 far=0/0 far_raw=0/0 l=0@-1/0@-1 far_l=0@-1/0@-1 straight=0/1 far_straight=0/0 circle_cnt=1/0/0/0 lost=0/0 conf=32.3/3.7/0.0/0.0 dist=596 begin=1420/0 m0=(84,119) ml=(103,91) md=32/1/148 cxcy=84.0,119.6 guide=0.00 atg=60.0/47.0/48.0 pure=-4.25/-2.69 yaw=0 cmd=49 actual=-49 signed=1 rps=3732/3868:2984/2838 duty=10/12 pwm=PWM2:10/PWM1:12 motor=2:10/1:12
ATGCorner: L=0@-1/0@-1 Y=0@-1/0@-1 farL=0@-1/0@-1 Lxy=-1.0,-1.0:-1.0,-1.0/-1.0,-1.0:-1.0,-1.0 Yxy=-1.0,-1.0:-1.0,-1.0/-1.0,-1.0:-1.0,-1.0 farLxy=-1.0,-1.0:-1.0,-1.0/-1.0,-1.0:-1.0,-1.0 best=1:69.2,115.1:45.1,101.7:32.3:10111/24:143.5,56.7:124.3,31.6:3.7:10111 seed_src=none/none seed=0.0,0.0/0.0,0.0 far_start=70,0 far_raw=0/0 far_num=0/0 straight=0/1 far_straight=0/0 conf_deg=32.3/3.7/0.0/0.0
CrossDiag: type=CROSS_NONE track=1 half_lr=0/0 nearL=0@-1/0@-1 nearNum=9/126 centerNum=9/126 farL=0@-1/0@-1 farNum=0/0 farRaw=0/0 lost=0/0 not_have=0 final=126/136 flags=0/0
LineErr: aim=33 cxcy=84.0,119.6 left=1:30.07@53,90 dx=-30.6 idx=0/8 dist=16/16 right=1:-19.79@102,93 dx=17.8 idx=0/3 dist=32/276 sel=1:-19.90@104,88 dx=19.7 idx=0/16 dist=32/270 edge=1:-12.37@94.5,95.0 dx=10.5 width=93.0 l=53,116 r=136,74
CxScan: raw_ref=80.0 edge=94.5,95.0 best_raw_x=105 best_err=-1.07 best_cxcy=93.6,119.6 scan=0:-40.9,10:-38.2,20:-35.2,30:-31.9,40:-28.5,50:-24.8,60:-20.8,70:-16.7,80:-12.4,90:-7.9,100:-3.4,110:1.2,120:5.8,130:10.3,140:14.6
ATGSeedDiag: seed=1@48,108/1@155,86 begin=7,108 block=5 clip=8
ATGLptDiag: best=1(32.3) imip=0/8 pass=10111 acc=-1 ipm=69.2,115.1 inv=45.1,101.7 | 24(3.7) imip=14/34 pass=10111 acc=-1 ipm=143.5,56.7 inv=124.3,31.6
frame=242 line=1 track=1 cross=0 circle=1(CIRCLE_LEFT_BEGIN) round=0 yroad=0 ramp=0 road=7 speed=0 near=9/126 raw=56/83 sel=126/136 far=0/0 far_raw=0/0 l=0@-1/0@-1 far_l=0@-1/0@-1 straight=0/1 far_straight=0/0 circle_cnt=1/0/0/0 lost=0/0 conf=25.2/4.0/0.0/0.0 dist=604 begin=1428/0 m0=(84,119) ml=(103,91) md=32/1/148 cxcy=84.0,119.6 guide=0.00 atg=60.0/47.0/47.0 pure=-4.25/-2.69 yaw=0 cmd=65 actual=-65 signed=1 rps=3711/3889:2807/2667 duty=10/12 pwm=PWM2:10/PWM1:12 motor=2:10/1:12
ATGCorner: L=0@-1/0@-1 Y=0@-1/0@-1 farL=0@-1/0@-1 Lxy=-1.0,-1.0:-1.0,-1.0/-1.0,-1.0:-1.0,-1.0 Yxy=-1.0,-1.0:-1.0,-1.0/-1.0,-1.0:-1.0,-1.0 farLxy=-1.0,-1.0:-1.0,-1.0/-1.0,-1.0:-1.0,-1.0 best=1:68.8,115.4:43.9,102.5:25.2:10110/23:142.8,58.9:124.9,32.5:4.0:10111 seed_src=none/none seed=0.0,0.0/0.0,0.0 far_start=70,0 far_raw=0/0 far_num=0/0 straight=0/1 far_straight=0/0 conf_deg=25.2/4.0/0.0/0.0
CrossDiag: type=CROSS_NONE track=1 half_lr=0/0 nearL=0@-1/0@-1 nearNum=9/126 centerNum=9/126 farL=0@-1/0@-1 farNum=0/0 farRaw=0/0 lost=0/0 not_have=0 final=126/136 flags=0/0
LineErr: aim=33 cxcy=84.0,119.6 left=1:30.92@53,90 dx=-31.5 idx=0/8 dist=16/16 right=1:-19.78@103,91 dx=18.6 idx=0/4 dist=33/275 sel=1:-19.89@104,88 dx=19.7 idx=0/16 dist=32/270 edge=1:-12.37@94.5,95.0 dx=10.5 width=93.0 l=53,116 r=136,74
CxScan: raw_ref=80.0 edge=94.5,95.0 best_raw_x=105 best_err=-1.07 best_cxcy=93.6,119.6 scan=0:-40.9,10:-38.2,20:-35.2,30:-31.9,40:-28.5,50:-24.8,60:-20.8,70:-16.7,80:-12.4,90:-7.9,100:-3.4,110:1.2,120:5.8,130:10.3,140:14.6
ATGSeedDiag: seed=1@48,108/1@155,86 begin=7,108 block=5 clip=8
ATGLptDiag: best=1(25.2) imip=0/8 pass=10110 acc=-1 ipm=68.8,115.4 inv=43.9,102.5 | 23(4.0) imip=13/33 pass=10111 acc=-1 ipm=142.8,58.9 inv=124.9,32.5
frame=243 line=1 track=1 cross=0 circle=1(CIRCLE_LEFT_BEGIN) round=0 yroad=0 ramp=0 road=7 speed=0 near=9/126 raw=56/83 sel=126/136 far=0/0 far_raw=0/0 l=0@-1/0@-1 far_l=0@-1/0@-1 straight=0/1 far_straight=0/0 circle_cnt=1/0/0/0 lost=0/0 conf=20.7/3.9/0.0/0.0 dist=612 begin=1436/0 m0=(84,119) ml=(103,91) md=32/1/148 cxcy=84.0,119.6 guide=0.00 atg=60.0/47.0/48.0 pure=-4.28/-2.71 yaw=0 cmd=81 actual=-81 signed=1 rps=3689/3911:2869/2753 duty=10/12 pwm=PWM2:10/PWM1:12 motor=2:10/1:12
ATGCorner: L=0@-1/0@-1 Y=0@-1/0@-1 farL=0@-1/0@-1 Lxy=-1.0,-1.0:-1.0,-1.0/-1.0,-1.0:-1.0,-1.0 Yxy=-1.0,-1.0:-1.0,-1.0/-1.0,-1.0:-1.0,-1.0 farLxy=-1.0,-1.0:-1.0,-1.0/-1.0,-1.0:-1.0,-1.0 best=1:68.7,115.6:43.6,103.3:20.7:10110/23:142.8,59.0:125.0,32.6:3.9:10111 seed_src=none/none seed=0.0,0.0/0.0,0.0 far_start=70,0 far_raw=0/0 far_num=0/0 straight=0/1 far_straight=0/0 conf_deg=20.7/3.9/0.0/0.0
CrossDiag: type=CROSS_NONE track=1 half_lr=0/0 nearL=0@-1/0@-1 nearNum=9/126 centerNum=9/126 farL=0@-1/0@-1 farNum=0/0 farRaw=0/0 lost=0/0 not_have=0 final=126/136 flags=0/0
LineErr: aim=33 cxcy=84.0,119.6 left=1:31.37@52,90 dx=-31.9 idx=0/8 dist=16/16 right=1:-19.92@103,91 dx=18.7 idx=0/4 dist=33/275 sel=1:-19.91@104,88 dx=19.7 idx=0/16 dist=32/270 edge=1:-13.07@95.0,95.5 dx=11.0 width=94.4 l=53,117 r=137,74
CxScan: raw_ref=80.0 edge=95.0,95.5 best_raw_x=110 best_err=0.63 best_cxcy=95.5,119.6 scan=0:-41.6,10:-38.8,20:-35.8,30:-32.6,40:-29.2,50:-25.5,60:-21.6,70:-17.4,80:-13.1,90:-8.6,100:-4.0,110:0.6,120:5.2,130:9.8,140:14.2
ATGSeedDiag: seed=1@48,108/1@155,86 begin=7,108 block=5 clip=8
ATGLptDiag: best=1(20.7) imip=0/8 pass=10110 acc=-1 ipm=68.7,115.6 inv=43.6,103.3 | 23(3.9) imip=13/33 pass=10111 acc=-1 ipm=142.8,59.0 inv=125.0,32.6
frame=245 line=1 track=1 cross=0 circle=1(CIRCLE_LEFT_BEGIN) round=0 yroad=0 ramp=0 road=7 speed=0 near=8/126 raw=48/82 sel=126/136 far=0/0 far_raw=0/0 l=0@-1/0@-1 far_l=0@-1/0@-1 straight=0/1 far_straight=0/0 circle_cnt=1/0/0/0 lost=0/0 conf=16.0/5.3/0.0/0.0 dist=626 begin=1450/0 m0=(84,119) ml=(103,91) md=33/1/148 cxcy=84.0,119.6 guide=0.00 atg=60.0/49.0/49.0 pure=-4.38/-2.78 yaw=0 cmd=66 actual=-66 signed=1 rps=3710/3890:2661/2603 duty=10/13 pwm=PWM2:10/PWM1:13 motor=2:10/1:13
ATGCorner: L=0@-1/0@-1 Y=0@-1/0@-1 farL=0@-1/0@-1 Lxy=-1.0,-1.0:-1.0,-1.0/-1.0,-1.0:-1.0,-1.0 Yxy=-1.0,-1.0:-1.0,-1.0/-1.0,-1.0:-1.0,-1.0 farLxy=-1.0,-1.0:-1.0,-1.0/-1.0,-1.0:-1.0,-1.0 best=1:67.9,116.0:41.3,104.7:16.0:10110/1:125.4,106.2:151.8,78.0:5.3:10111 seed_src=none/none seed=0.0,0.0/0.0,0.0 far_start=70,0 far_raw=0/0 far_num=0/0 straight=0/1 far_straight=0/0 conf_deg=16.0/5.3/0.0/0.0
CrossDiag: type=CROSS_NONE track=1 half_lr=0/0 nearL=0@-1/0@-1 nearNum=8/126 centerNum=8/126 farL=0@-1/0@-1 farNum=0/0 farRaw=0/0 lost=0/0 not_have=0 final=126/136 flags=0/0
LineErr: aim=33 cxcy=84.0,119.6 left=1:31.53@52,91 dx=-31.5 idx=0/7 dist=14/14 right=1:-20.43@103,93 dx=18.6 idx=0/3 dist=33/277 sel=1:-20.48@104,89 dx=20.2 idx=0/16 dist=32/270 edge=1:-14.22@96.0,95.5 dx=12.0 width=94.4 l=54,117 r=138,74
CxScan: raw_ref=80.0 edge=96.0,95.5 best_raw_x=110 best_err=-0.58 best_cxcy=95.5,119.6 scan=0:-42.2,10:-39.6,20:-36.6,30:-33.5,40:-30.1,50:-26.5,60:-22.6,70:-18.5,80:-14.2,90:-9.8,100:-5.2,110:-0.6,120:4.0,130:8.6,140:13.1
ATGSeedDiag: seed=1@48,108/1@155,85 begin=7,108 block=5 clip=8
ATGLptDiag: best=1(16.0) imip=0/7 pass=10110 acc=-1 ipm=67.9,116.0 inv=41.3,104.7 | 1(5.3) imip=0/11 pass=10111 acc=-1 ipm=125.4,106.2 inv=151.8,78.0
frame=246 line=0 track=1 cross=0 circle=1(CIRCLE_LEFT_BEGIN) round=0 yroad=0 ramp=0 road=7 speed=0 near=8/0 raw=48/0 sel=0/0 far=0/0 far_raw=0/0 l=0@-1/0@-1 far_l=0@-1/0@-1 straight=0/0 far_straight=0/0 circle_cnt=1/0/0/0 lost=0/0 conf=10.2/0.0/0.0/0.0 dist=633 begin=1457/0 m0=(-1,-1) ml=(-1,-1) md=-1/0/-1 cxcy=84.0,119.6 guide=0.00 atg=60.0/49.0/49.0 pure=-4.38/-2.78 yaw=0 cmd=0 actual=65 signed=0 rps=0/0:0/0 duty=0/0 pwm=PWM2:0/PWM1:0 motor=2:0/1:0
ATGCorner: L=0@-1/0@-1 Y=0@-1/0@-1 farL=0@-1/0@-1 Lxy=-1.0,-1.0:-1.0,-1.0/-1.0,-1.0:-1.0,-1.0 Yxy=-1.0,-1.0:-1.0,-1.0/-1.0,-1.0:-1.0,-1.0 farLxy=-1.0,-1.0:-1.0,-1.0/-1.0,-1.0:-1.0,-1.0 best=1:67.9,116.4:41.0,105.9:10.2:10110/-1:-1.0,-1.0:-1.0,-1.0:-57295.8:00000 seed_src=none/lost seed=0.0,0.0/0.0,0.0 far_start=70,0 far_raw=0/0 far_num=0/0 straight=0/0 far_straight=0/0 conf_deg=10.2/0.0/0.0/0.0
CrossDiag: type=CROSS_NONE track=1 half_lr=0/0 nearL=0@-1/0@-1 nearNum=8/0 centerNum=8/0 farL=0@-1/0@-1 farNum=0/0 farRaw=0/0 lost=0/0 not_have=0 final=0/0 flags=0/0
LineErr: aim=33 cxcy=84.0,119.6 left=1:31.83@52,92 dx=-31.7 idx=0/7 dist=14/14 right=0:0.00@-1,-1 dx=0.0 idx=-1/-1 dist=-1/-1 sel=0:0.00@-1,-1 dx=0.0 idx=-1/-1 dist=-1/-1 edge=0:0.00@-1.0,-1.0 dx=0.0 width=0.0 l=54,118 r=-1,-1
ATGSeedDiag: seed=1@48,108/0@-1,-1 begin=7,108 block=5 clip=8
ATGLptDiag: best=1(10.2) imip=0/7 pass=10110 acc=-1 ipm=67.9,116.4 inv=41.0,105.9 | -1(-57295.8) imip=-1/-1 pass=00000 acc=-1 ipm=-1.0,-1.0 inv=-1.0,-1.0
frame=248 line=0 track=1 cross=0 circle=1(CIRCLE_LEFT_BEGIN) round=0 yroad=0 ramp=0 road=7 speed=0 near=0/0 raw=0/0 sel=0/0 far=0/0 far_raw=0/0 l=0@-1/0@-1 far_l=0@-1/0@-1 straight=0/0 far_straight=0/0 circle_cnt=2/0/0/0 lost=0/0 conf=0.0/0.0/0.0/0.0 dist=647 begin=1471/0 m0=(-1,-1) ml=(-1,-1) md=-1/0/-1 cxcy=84.0,119.6 guide=0.00 atg=60.0/49.0/49.0 pure=-4.38/-2.78 yaw=0 cmd=0 actual=-146 signed=0 rps=0/0:0/0 duty=0/0 pwm=PWM2:0/PWM1:0 motor=2:0/1:0
ATGCorner: L=0@-1/0@-1 Y=0@-1/0@-1 farL=0@-1/0@-1 Lxy=-1.0,-1.0:-1.0,-1.0/-1.0,-1.0:-1.0,-1.0 Yxy=-1.0,-1.0:-1.0,-1.0/-1.0,-1.0:-1.0,-1.0 farLxy=-1.0,-1.0:-1.0,-1.0/-1.0,-1.0:-1.0,-1.0 best=-1:-1.0,-1.0:-1.0,-1.0:-57295.8:00000/-1:-1.0,-1.0:-1.0,-1.0:-57295.8:00000 seed_src=lost/lost seed=0.0,0.0/0.0,0.0 far_start=70,0 far_raw=0/0 far_num=0/0 straight=0/0 far_straight=0/0 conf_deg=0.0/0.0/0.0/0.0
CrossDiag: type=CROSS_NONE track=1 half_lr=0/0 nearL=0@-1/0@-1 nearNum=0/0 centerNum=0/0 farL=0@-1/0@-1 farNum=0/0 farRaw=0/0 lost=0/0 not_have=0 final=0/0 flags=0/0
LineErr: aim=33 cxcy=84.0,119.6 left=0:0.00@-1,-1 dx=0.0 idx=-1/-1 dist=-1/-1 right=0:0.00@-1,-1 dx=0.0 idx=-1/-1 dist=-1/-1 sel=0:0.00@-1,-1 dx=0.0 idx=-1/-1 dist=-1/-1 edge=0:0.00@-1.0,-1.0 dx=0.0 width=0.0 l=-1,-1 r=-1,-1
ATGSeedDiag: seed=0@-1,-1/0@-1,-1 begin=7,108 block=5 clip=8
ATGLptDiag: best=-1(-57295.8) imip=-1/-1 pass=00000 acc=-1 ipm=-1.0,-1.0 inv=-1.0,-1.0 | -1(-57295.8) imip=-1/-1 pass=00000 acc=-1 ipm=-1.0,-1.0 inv=-1.0,-1.0
frame=251 line=0 track=1 cross=0 circle=1(CIRCLE_LEFT_BEGIN) round=0 yroad=0 ramp=0 road=7 speed=0 near=0/1 raw=0/170 sel=1/0 far=0/0 far_raw=0/0 l=0@-1/0@-1 far_l=0@-1/0@-1 straight=0/0 far_straight=0/0 circle_cnt=5/0/0/0 lost=0/0 conf=0.0/0.0/0.0/0.0 dist=668 begin=1492/0 m0=(-1,-1) ml=(-1,-1) md=-1/0/-1 cxcy=84.0,119.6 guide=0.00 atg=60.0/49.0/49.0 pure=-4.38/-2.78 yaw=0 cmd=0 actual=46 signed=0 rps=0/0:0/0 duty=0/0 pwm=PWM2:0/PWM1:0 motor=2:0/1:0
ATGCorner: L=0@-1/0@-1 Y=0@-1/0@-1 farL=0@-1/0@-1 Lxy=-1.0,-1.0:-1.0,-1.0/-1.0,-1.0:-1.0,-1.0 Yxy=-1.0,-1.0:-1.0,-1.0/-1.0,-1.0:-1.0,-1.0 farLxy=-1.0,-1.0:-1.0,-1.0/-1.0,-1.0:-1.0,-1.0 best=-1:-1.0,-1.0:-1.0,-1.0:-57295.8:00000/-1:-1.0,-1.0:-1.0,-1.0:-57295.8:00000 seed_src=lost/lost seed=0.0,0.0/0.0,0.0 far_start=70,0 far_raw=0/0 far_num=0/0 straight=0/0 far_straight=0/0 conf_deg=0.0/0.0/0.0/0.0
CrossDiag: type=CROSS_NONE track=1 half_lr=0/0 nearL=0@-1/0@-1 nearNum=0/1 centerNum=0/1 farL=0@-1/0@-1 farNum=0/0 farRaw=0/0 lost=0/0 not_have=0 final=1/0 flags=0/0
LineErr: aim=33 cxcy=84.0,119.6 left=0:0.00@-1,-1 dx=0.0 idx=-1/-1 dist=-1/-1 right=0:0.00@-1,-1 dx=0.0 idx=-1/-1 dist=-1/-1 sel=0:0.00@-1,-1 dx=0.0 idx=-1/-1 dist=-1/-1 edge=0:0.00@-1.0,-1.0 dx=0.0 width=0.0 l=-1,-1 r=-1,-1
ATGSeedDiag: seed=0@-1,-1/1@116,85 begin=7,108 block=5 clip=8
ATGLptDiag: best=-1(-57295.8) imip=-1/-1 pass=00000 acc=-1 ipm=-1.0,-1.0 inv=-1.0,-1.0 | -1(-57295.8) imip=-1/-1 pass=00000 acc=-1 ipm=-1.0,-1.0 inv=-1.0,-1.0
frame=255 line=0 track=1 cross=0 circle=1(CIRCLE_LEFT_BEGIN) round=0 yroad=0 ramp=0 road=7 speed=0 near=0/1 raw=0/170 sel=1/0 far=0/0 far_raw=0/0 l=0@-1/0@-1 far_l=0@-1/0@-1 straight=0/0 far_straight=0/0 circle_cnt=9/0/0/0 lost=0/0 conf=0.0/0.0/0.0/0.0 dist=696 begin=1520/0 m0=(-1,-1) ml=(-1,-1) md=-1/0/-1 cxcy=84.0,119.6 guide=0.00 atg=60.0/49.0/49.0 pure=-4.38/-2.78 yaw=0 cmd=0 actual=42 signed=0 rps=0/0:0/0 duty=0/0 pwm=PWM2:0/PWM1:0 motor=2:0/1:0
ATGCorner: L=0@-1/0@-1 Y=0@-1/0@-1 farL=0@-1/0@-1 Lxy=-1.0,-1.0:-1.0,-1.0/-1.0,-1.0:-1.0,-1.0 Yxy=-1.0,-1.0:-1.0,-1.0/-1.0,-1.0:-1.0,-1.0 farLxy=-1.0,-1.0:-1.0,-1.0/-1.0,-1.0:-1.0,-1.0 best=-1:-1.0,-1.0:-1.0,-1.0:-57295.8:00000/-1:-1.0,-1.0:-1.0,-1.0:-57295.8:00000 seed_src=lost/lost seed=0.0,0.0/0.0,0.0 far_start=70,0 far_raw=0/0 far_num=0/0 straight=0/0 far_straight=0/0 conf_deg=0.0/0.0/0.0/0.0
CrossDiag: type=CROSS_NONE track=1 half_lr=0/0 nearL=0@-1/0@-1 nearNum=0/1 centerNum=0/1 farL=0@-1/0@-1 farNum=0/0 farRaw=0/0 lost=0/0 not_have=0 final=1/0 flags=0/0
LineErr: aim=33 cxcy=84.0,119.6 left=0:0.00@-1,-1 dx=0.0 idx=-1/-1 dist=-1/-1 right=0:0.00@-1,-1 dx=0.0 idx=-1/-1 dist=-1/-1 sel=0:0.00@-1,-1 dx=0.0 idx=-1/-1 dist=-1/-1 edge=0:0.00@-1.0,-1.0 dx=0.0 width=0.0 l=-1,-1 r=-1,-1
ATGSeedDiag: seed=0@-1,-1/1@118,88 begin=7,108 block=5 clip=8
ATGLptDiag: best=-1(-57295.8) imip=-1/-1 pass=00000 acc=-1 ipm=-1.0,-1.0 inv=-1.0,-1.0 | -1(-57295.8) imip=-1/-1 pass=00000 acc=-1 ipm=-1.0,-1.0 inv=-1.0,-1.0
frame=257 line=0 track=1 cross=0 circle=1(CIRCLE_LEFT_BEGIN) round=0 yroad=0 ramp=0 road=7 speed=0 near=1/1 raw=170/170 sel=1/0 far=0/0 far_raw=0/0 l=0@-1/0@-1 far_l=0@-1/0@-1 straight=0/0 far_straight=0/0 circle_cnt=11/0/0/0 lost=0/0 conf=0.0/0.0/0.0/0.0 dist=710 begin=1534/0 m0=(-1,-1) ml=(-1,-1) md=-1/0/-1 cxcy=84.0,119.6 guide=0.00 atg=60.0/49.0/49.0 pure=-4.38/-2.78 yaw=0 cmd=0 actual=0 signed=0 rps=0/0:0/0 duty=0/0 pwm=PWM2:0/PWM1:0 motor=2:0/1:0
ATGCorner: L=0@-1/0@-1 Y=0@-1/0@-1 farL=0@-1/0@-1 Lxy=-1.0,-1.0:-1.0,-1.0/-1.0,-1.0:-1.0,-1.0 Yxy=-1.0,-1.0:-1.0,-1.0/-1.0,-1.0:-1.0,-1.0 farLxy=-1.0,-1.0:-1.0,-1.0/-1.0,-1.0:-1.0,-1.0 best=-1:-1.0,-1.0:-1.0,-1.0:-57295.8:00000/-1:-1.0,-1.0:-1.0,-1.0:-57295.8:00000 seed_src=lost/lost seed=0.0,0.0/0.0,0.0 far_start=70,0 far_raw=0/0 far_num=0/0 straight=0/0 far_straight=0/0 conf_deg=0.0/0.0/0.0/0.0
CrossDiag: type=CROSS_NONE track=1 half_lr=0/0 nearL=0@-1/0@-1 nearNum=1/1 centerNum=1/1 farL=0@-1/0@-1 farNum=0/0 farRaw=0/0 lost=0/0 not_have=0 final=1/0 flags=0/0
LineErr: aim=33 cxcy=84.0,119.6 left=0:0.00@-1,-1 dx=0.0 idx=-1/-1 dist=-1/-1 right=0:0.00@-1,-1 dx=0.0 idx=-1/-1 dist=-1/-1 sel=0:0.00@-1,-1 dx=0.0 idx=-1/-1 dist=-1/-1 edge=0:0.00@-1.0,-1.0 dx=0.0 width=0.0 l=-1,-1 r=-1,-1
ATGSeedDiag: seed=1@62,98/1@118,90 begin=7,108 block=5 clip=8
ATGLptDiag: best=-1(-57295.8) imip=-1/-1 pass=00000 acc=-1 ipm=-1.0,-1.0 inv=-1.0,-1.0 | -1(-57295.8) imip=-1/-1 pass=00000 acc=-1 ipm=-1.0,-1.0 inv=-1.0,-1.0
frame=258 line=0 track=1 cross=0 circle=1(CIRCLE_LEFT_BEGIN) round=0 yroad=0 ramp=0 road=7 speed=0 near=0/1 raw=0/170 sel=1/0 far=0/0 far_raw=0/0 l=0@-1/0@-1 far_l=0@-1/0@-1 straight=0/0 far_straight=0/0 circle_cnt=12/0/0/0 lost=0/0 conf=0.0/0.0/0.0/0.0 dist=717 begin=1541/0 m0=(-1,-1) ml=(-1,-1) md=-1/0/-1 cxcy=84.0,119.6 guide=0.00 atg=60.0/49.0/49.0 pure=-4.38/-2.78 yaw=0 cmd=0 actual=110 signed=0 rps=0/0:0/0 duty=0/0 pwm=PWM2:0/PWM1:0 motor=2:0/1:0
ATGCorner: L=0@-1/0@-1 Y=0@-1/0@-1 farL=0@-1/0@-1 Lxy=-1.0,-1.0:-1.0,-1.0/-1.0,-1.0:-1.0,-1.0 Yxy=-1.0,-1.0:-1.0,-1.0/-1.0,-1.0:-1.0,-1.0 farLxy=-1.0,-1.0:-1.0,-1.0/-1.0,-1.0:-1.0,-1.0 best=-1:-1.0,-1.0:-1.0,-1.0:-57295.8:00000/-1:-1.0,-1.0:-1.0,-1.0:-57295.8:00000 seed_src=lost/lost seed=0.0,0.0/0.0,0.0 far_start=70,0 far_raw=0/0 far_num=0/0 straight=0/0 far_straight=0/0 conf_deg=0.0/0.0/0.0/0.0
CrossDiag: type=CROSS_NONE track=1 half_lr=0/0 nearL=0@-1/0@-1 nearNum=0/1 centerNum=0/1 farL=0@-1/0@-1 farNum=0/0 farRaw=0/0 lost=0/0 not_have=0 final=1/0 flags=0/0
LineErr: aim=33 cxcy=84.0,119.6 left=0:0.00@-1,-1 dx=0.0 idx=-1/-1 dist=-1/-1 right=0:0.00@-1,-1 dx=0.0 idx=-1/-1 dist=-1/-1 sel=0:0.00@-1,-1 dx=0.0 idx=-1/-1 dist=-1/-1 edge=0:0.00@-1.0,-1.0 dx=0.0 width=0.0 l=-1,-1 r=-1,-1
ATGSeedDiag: seed=0@-1,-1/1@118,91 begin=7,108 block=5 clip=8
ATGLptDiag: best=-1(-57295.8) imip=-1/-1 pass=00000 acc=-1 ipm=-1.0,-1.0 inv=-1.0,-1.0 | -1(-57295.8) imip=-1/-1 pass=00000 acc=-1 ipm=-1.0,-1.0 inv=-1.0,-1.0
frame=260 line=0 track=1 cross=0 circle=1(CIRCLE_LEFT_BEGIN) round=0 yroad=0 ramp=0 road=7 speed=0 near=0/1 raw=0/170 sel=1/0 far=0/0 far_raw=0/0 l=0@-1/0@-1 far_l=0@-1/0@-1 straight=0/0 far_straight=0/0 circle_cnt=14/0/0/0 lost=0/0 conf=0.0/0.0/0.0/0.0 dist=730 begin=1554/0 m0=(-1,-1) ml=(-1,-1) md=-1/0/-1 cxcy=84.0,119.6 guide=0.00 atg=60.0/49.0/49.0 pure=-4.38/-2.78 yaw=0 cmd=0 actual=254 signed=0 rps=0/0:0/0 duty=0/0 pwm=PWM2:0/PWM1:0 motor=2:0/1:0
ATGCorner: L=0@-1/0@-1 Y=0@-1/0@-1 farL=0@-1/0@-1 Lxy=-1.0,-1.0:-1.0,-1.0/-1.0,-1.0:-1.0,-1.0 Yxy=-1.0,-1.0:-1.0,-1.0/-1.0,-1.0:-1.0,-1.0 farLxy=-1.0,-1.0:-1.0,-1.0/-1.0,-1.0:-1.0,-1.0 best=-1:-1.0,-1.0:-1.0,-1.0:-57295.8:00000/-1:-1.0,-1.0:-1.0,-1.0:-57295.8:00000 seed_src=lost/lost seed=0.0,0.0/0.0,0.0 far_start=70,0 far_raw=0/0 far_num=0/0 straight=0/0 far_straight=0/0 conf_deg=0.0/0.0/0.0/0.0
CrossDiag: type=CROSS_NONE track=1 half_lr=0/0 nearL=0@-1/0@-1 nearNum=0/1 centerNum=0/1 farL=0@-1/0@-1 farNum=0/0 farRaw=0/0 lost=0/0 not_have=0 final=1/0 flags=0/0
LineErr: aim=33 cxcy=84.0,119.6 left=0:0.00@-1,-1 dx=0.0 idx=-1/-1 dist=-1/-1 right=0:0.00@-1,-1 dx=0.0 idx=-1/-1 dist=-1/-1 sel=0:0.00@-1,-1 dx=0.0 idx=-1/-1 dist=-1/-1 edge=0:0.00@-1.0,-1.0 dx=0.0 width=0.0 l=-1,-1 r=-1,-1
ATGSeedDiag: seed=0@-1,-1/1@119,92 begin=7,108 block=5 clip=8
ATGLptDiag: best=-1(-57295.8) imip=-1/-1 pass=00000 acc=-1 ipm=-1.0,-1.0 inv=-1.0,-1.0 | -1(-57295.8) imip=-1/-1 pass=00000 acc=-1 ipm=-1.0,-1.0 inv=-1.0,-1.0
frame=263 line=0 track=1 cross=0 circle=1(CIRCLE_LEFT_BEGIN) round=0 yroad=0 ramp=0 road=7 speed=0 near=1/1 raw=170/170 sel=1/0 far=0/0 far_raw=0/0 l=0@-1/0@-1 far_l=0@-1/0@-1 straight=0/0 far_straight=0/0 circle_cnt=17/0/0/0 lost=0/0 conf=0.0/0.0/0.0/0.0 dist=749 begin=1573/0 m0=(-1,-1) ml=(-1,-1) md=-1/0/-1 cxcy=84.0,119.6 guide=0.00 atg=60.0/49.0/49.0 pure=-4.38/-2.78 yaw=0 cmd=0 actual=55 signed=0 rps=0/0:0/0 duty=0/0 pwm=PWM2:0/PWM1:0 motor=2:0/1:0
ATGCorner: L=0@-1/0@-1 Y=0@-1/0@-1 farL=0@-1/0@-1 Lxy=-1.0,-1.0:-1.0,-1.0/-1.0,-1.0:-1.0,-1.0 Yxy=-1.0,-1.0:-1.0,-1.0/-1.0,-1.0:-1.0,-1.0 farLxy=-1.0,-1.0:-1.0,-1.0/-1.0,-1.0:-1.0,-1.0 best=-1:-1.0,-1.0:-1.0,-1.0:-57295.8:00000/-1:-1.0,-1.0:-1.0,-1.0:-57295.8:00000 seed_src=lost/lost seed=0.0,0.0/0.0,0.0 far_start=70,0 far_raw=0/0 far_num=0/0 straight=0/0 far_straight=0/0 conf_deg=0.0/0.0/0.0/0.0
CrossDiag: type=CROSS_NONE track=1 half_lr=0/0 nearL=0@-1/0@-1 nearNum=1/1 centerNum=1/1 farL=0@-1/0@-1 farNum=0/0 farRaw=0/0 lost=0/0 not_have=0 final=1/0 flags=0/0
LineErr: aim=33 cxcy=84.0,119.6 left=0:0.00@-1,-1 dx=0.0 idx=-1/-1 dist=-1/-1 right=0:0.00@-1,-1 dx=0.0 idx=-1/-1 dist=-1/-1 sel=0:0.00@-1,-1 dx=0.0 idx=-1/-1 dist=-1/-1 edge=0:0.00@-1.0,-1.0 dx=0.0 width=0.0 l=-1,-1 r=-1,-1
ATGSeedDiag: seed=1@61,104/1@120,94 begin=7,108 block=5 clip=8
ATGLptDiag: best=-1(-57295.8) imip=-1/-1 pass=00000 acc=-1 ipm=-1.0,-1.0 inv=-1.0,-1.0 | -1(-57295.8) imip=-1/-1 pass=00000 acc=-1 ipm=-1.0,-1.0 inv=-1.0,-1.0
frame=264 line=0 track=1 cross=0 circle=1(CIRCLE_LEFT_BEGIN) round=0 yroad=0 ramp=0 road=7 speed=0 near=0/1 raw=0/170 sel=1/0 far=0/0 far_raw=0/0 l=0@-1/0@-1 far_l=0@-1/0@-1 straight=0/0 far_straight=0/0 circle_cnt=18/0/0/0 lost=0/0 conf=0.0/0.0/0.0/0.0 dist=755 begin=1579/0 m0=(-1,-1) ml=(-1,-1) md=-1/0/-1 cxcy=84.0,119.6 guide=0.00 atg=60.0/49.0/49.0 pure=-4.38/-2.78 yaw=0 cmd=0 actual=-4 signed=0 rps=0/0:0/0 duty=0/0 pwm=PWM2:0/PWM1:0 motor=2:0/1:0
ATGCorner: L=0@-1/0@-1 Y=0@-1/0@-1 farL=0@-1/0@-1 Lxy=-1.0,-1.0:-1.0,-1.0/-1.0,-1.0:-1.0,-1.0 Yxy=-1.0,-1.0:-1.0,-1.0/-1.0,-1.0:-1.0,-1.0 farLxy=-1.0,-1.0:-1.0,-1.0/-1.0,-1.0:-1.0,-1.0 best=-1:-1.0,-1.0:-1.0,-1.0:-57295.8:00000/-1:-1.0,-1.0:-1.0,-1.0:-57295.8:00000 seed_src=lost/lost seed=0.0,0.0/0.0,0.0 far_start=70,0 far_raw=0/0 far_num=0/0 straight=0/0 far_straight=0/0 conf_deg=0.0/0.0/0.0/0.0
CrossDiag: type=CROSS_NONE track=1 half_lr=0/0 nearL=0@-1/0@-1 nearNum=0/1 centerNum=0/1 farL=0@-1/0@-1 farNum=0/0 farRaw=0/0 lost=0/0 not_have=0 final=1/0 flags=0/0
LineErr: aim=33 cxcy=84.0,119.6 left=0:0.00@-1,-1 dx=0.0 idx=-1/-1 dist=-1/-1 right=0:0.00@-1,-1 dx=0.0 idx=-1/-1 dist=-1/-1 sel=0:0.00@-1,-1 dx=0.0 idx=-1/-1 dist=-1/-1 edge=0:0.00@-1.0,-1.0 dx=0.0 width=0.0 l=-1,-1 r=-1,-1
ATGSeedDiag: seed=0@-1,-1/1@120,95 begin=7,108 block=5 clip=8
ATGLptDiag: best=-1(-57295.8) imip=-1/-1 pass=00000 acc=-1 ipm=-1.0,-1.0 inv=-1.0,-1.0 | -1(-57295.8) imip=-1/-1 pass=00000 acc=-1 ipm=-1.0,-1.0 inv=-1.0,-1.0
frame=265 line=0 track=1 cross=0 circle=1(CIRCLE_LEFT_BEGIN) round=0 yroad=0 ramp=0 road=7 speed=0 near=0/1 raw=0/170 sel=1/0 far=0/0 far_raw=0/0 l=0@-1/0@-1 far_l=0@-1/0@-1 straight=0/0 far_straight=0/0 circle_cnt=19/0/0/0 lost=0/0 conf=0.0/0.0/0.0/0.0 dist=761 begin=1585/0 m0=(-1,-1) ml=(-1,-1) md=-1/0/-1 cxcy=84.0,119.6 guide=0.00 atg=60.0/49.0/49.0 pure=-4.38/-2.78 yaw=0 cmd=0 actual=-4 signed=0 rps=0/0:0/0 duty=0/0 pwm=PWM2:0/PWM1:0 motor=2:0/1:0
ATGCorner: L=0@-1/0@-1 Y=0@-1/0@-1 farL=0@-1/0@-1 Lxy=-1.0,-1.0:-1.0,-1.0/-1.0,-1.0:-1.0,-1.0 Yxy=-1.0,-1.0:-1.0,-1.0/-1.0,-1.0:-1.0,-1.0 farLxy=-1.0,-1.0:-1.0,-1.0/-1.0,-1.0:-1.0,-1.0 best=-1:-1.0,-1.0:-1.0,-1.0:-57295.8:00000/-1:-1.0,-1.0:-1.0,-1.0:-57295.8:00000 seed_src=lost/lost seed=0.0,0.0/0.0,0.0 far_start=70,0 far_raw=0/0 far_num=0/0 straight=0/0 far_straight=0/0 conf_deg=0.0/0.0/0.0/0.0
CrossDiag: type=CROSS_NONE track=1 half_lr=0/0 nearL=0@-1/0@-1 nearNum=0/1 centerNum=0/1 farL=0@-1/0@-1 farNum=0/0 farRaw=0/0 lost=0/0 not_have=0 final=1/0 flags=0/0
LineErr: aim=33 cxcy=84.0,119.6 left=0:0.00@-1,-1 dx=0.0 idx=-1/-1 dist=-1/-1 right=0:0.00@-1,-1 dx=0.0 idx=-1/-1 dist=-1/-1 sel=0:0.00@-1,-1 dx=0.0 idx=-1/-1 dist=-1/-1 edge=0:0.00@-1.0,-1.0 dx=0.0 width=0.0 l=-1,-1 r=-1,-1
ATGSeedDiag: seed=0@-1,-1/1@120,96 begin=7,108 block=5 clip=8
ATGLptDiag: best=-1(-57295.8) imip=-1/-1 pass=00000 acc=-1 ipm=-1.0,-1.0 inv=-1.0,-1.0 | -1(-57295.8) imip=-1/-1 pass=00000 acc=-1 ipm=-1.0,-1.0 inv=-1.0,-1.0
frame=271 line=0 track=1 cross=0 circle=1(CIRCLE_LEFT_BEGIN) round=0 yroad=0 ramp=0 road=7 speed=0 near=0/1 raw=0/170 sel=1/0 far=0/0 far_raw=0/0 l=0@-1/0@-1 far_l=0@-1/0@-1 straight=0/0 far_straight=0/0 circle_cnt=25/0/0/0 lost=0/0 conf=0.0/0.0/0.0/0.0 dist=793 begin=1617/0 m0=(-1,-1) ml=(-1,-1) md=-1/0/-1 cxcy=84.0,119.6 guide=0.00 atg=60.0/49.0/49.0 pure=-4.38/-2.78 yaw=0 cmd=0 actual=105 signed=0 rps=0/0:0/0 duty=0/0 pwm=PWM2:0/PWM1:0 motor=2:0/1:0
ATGCorner: L=0@-1/0@-1 Y=0@-1/0@-1 farL=0@-1/0@-1 Lxy=-1.0,-1.0:-1.0,-1.0/-1.0,-1.0:-1.0,-1.0 Yxy=-1.0,-1.0:-1.0,-1.0/-1.0,-1.0:-1.0,-1.0 farLxy=-1.0,-1.0:-1.0,-1.0/-1.0,-1.0:-1.0,-1.0 best=-1:-1.0,-1.0:-1.0,-1.0:-57295.8:00000/-1:-1.0,-1.0:-1.0,-1.0:-57295.8:00000 seed_src=lost/lost seed=0.0,0.0/0.0,0.0 far_start=70,0 far_raw=0/0 far_num=0/0 straight=0/0 far_straight=0/0 conf_deg=0.0/0.0/0.0/0.0
CrossDiag: type=CROSS_NONE track=1 half_lr=0/0 nearL=0@-1/0@-1 nearNum=0/1 centerNum=0/1 farL=0@-1/0@-1 farNum=0/0 farRaw=0/0 lost=0/0 not_have=0 final=1/0 flags=0/0
LineErr: aim=33 cxcy=84.0,119.6 left=0:0.00@-1,-1 dx=0.0 idx=-1/-1 dist=-1/-1 right=0:0.00@-1,-1 dx=0.0 idx=-1/-1 dist=-1/-1 sel=0:0.00@-1,-1 dx=0.0 idx=-1/-1 dist=-1/-1 edge=0:0.00@-1.0,-1.0 dx=0.0 width=0.0 l=-1,-1 r=-1,-1
ATGSeedDiag: seed=0@-1,-1/1@122,100 begin=7,108 block=5 clip=8
ATGLptDiag: best=-1(-57295.8) imip=-1/-1 pass=00000 acc=-1 ipm=-1.0,-1.0 inv=-1.0,-1.0 | -1(-57295.8) imip=-1/-1 pass=00000 acc=-1 ipm=-1.0,-1.0 inv=-1.0,-1.0
ATGCircleStall: circle_type=1 stalled 30 frames without selected line, reset to NONE
frame=275 line=0 track=1 cross=0 circle=0(CIRCLE_NONE) round=0 yroad=0 ramp=0 road=0 speed=0 near=0/1 raw=0/170 sel=1/0 far=0/0 far_raw=0/0 l=0@-1/0@-1 far_l=0@-1/0@-1 straight=0/0 far_straight=0/0 circle_cnt=0/0/0/0 lost=0/0 conf=0.0/0.0/0.0/0.0 dist=813 begin=1637/0 m0=(-1,-1) ml=(-1,-1) md=-1/0/-1 cxcy=84.0,119.6 guide=0.00 atg=60.0/49.0/49.0 pure=-4.38/-2.78 yaw=0 cmd=0 actual=-29 signed=0 rps=0/0:0/0 duty=0/0 pwm=PWM2:0/PWM1:0 motor=2:0/1:0
CrossDiag: type=CROSS_NONE track=1 half_lr=0/0 nearL=0@-1/0@-1 nearNum=0/1 centerNum=0/1 farL=0@-1/0@-1 farNum=0/0 farRaw=0/0 lost=0/0 not_have=0 final=1/0 flags=0/0
LineErr: aim=33 cxcy=84.0,119.6 left=0:0.00@-1,-1 dx=0.0 idx=-1/-1 dist=-1/-1 right=0:0.00@-1,-1 dx=0.0 idx=-1/-1 dist=-1/-1 sel=0:0.00@-1,-1 dx=0.0 idx=-1/-1 dist=-1/-1 edge=0:0.00@-1.0,-1.0 dx=0.0 width=0.0 l=-1,-1 r=-1,-1
ATGSeedDiag: seed=0@-1,-1/1@123,104 begin=7,108 block=5 clip=8
ATGLptDiag: best=-1(-57295.8) imip=-1/-1 pass=00000 acc=-1 ipm=-1.0,-1.0 inv=-1.0,-1.0 | -1(-57295.8) imip=-1/-1 pass=00000 acc=-1 ipm=-1.0,-1.0 inv=-1.0,-1.0
frame=276 line=0 track=1 cross=0 circle=0(CIRCLE_NONE) round=0 yroad=0 ramp=0 road=0 speed=0 near=0/1 raw=0/170 sel=1/0 far=0/0 far_raw=0/0 l=0@-1/0@-1 far_l=0@-1/0@-1 straight=0/0 far_straight=0/0 circle_cnt=0/0/0/0 lost=0/0 conf=0.0/0.0/0.0/0.0 dist=0 begin=0/1637 m0=(-1,-1) ml=(-1,-1) md=-1/0/-1 cxcy=84.0,119.6 guide=0.00 atg=60.0/49.0/49.0 pure=-4.38/-2.78 yaw=0 cmd=0 actual=27 signed=0 rps=0/0:0/0 duty=0/0 pwm=PWM2:0/PWM1:0 motor=2:0/1:0
CrossDiag: type=CROSS_NONE track=1 half_lr=0/0 nearL=0@-1/0@-1 nearNum=0/1 centerNum=0/1 farL=0@-1/0@-1 farNum=0/0 farRaw=0/0 lost=0/0 not_have=0 final=1/0 flags=0/0
LineErr: aim=33 cxcy=84.0,119.6 left=0:0.00@-1,-1 dx=0.0 idx=-1/-1 dist=-1/-1 right=0:0.00@-1,-1 dx=0.0 idx=-1/-1 dist=-1/-1 sel=0:0.00@-1,-1 dx=0.0 idx=-1/-1 dist=-1/-1 edge=0:0.00@-1.0,-1.0 dx=0.0 width=0.0 l=-1,-1 r=-1,-1
ATGSeedDiag: seed=0@-1,-1/1@123,105 begin=7,108 block=5 clip=8
ATGLptDiag: best=-1(-57295.8) imip=-1/-1 pass=00000 acc=-1 ipm=-1.0,-1.0 inv=-1.0,-1.0 | -1(-57295.8) imip=-1/-1 pass=00000 acc=-1 ipm=-1.0,-1.0 inv=-1.0,-1.0
frame=281 line=0 track=1 cross=0 circle=0(CIRCLE_NONE) round=0 yroad=0 ramp=0 road=0 speed=0 near=0/1 raw=0/170 sel=1/0 far=0/0 far_raw=0/0 l=0@-1/0@-1 far_l=0@-1/0@-1 straight=0/0 far_straight=0/0 circle_cnt=0/0/0/0 lost=0/0 conf=0.0/0.0/0.0/0.0 dist=0 begin=0/1637 m0=(-1,-1) ml=(-1,-1) md=-1/0/-1 cxcy=84.0,119.6 guide=0.00 atg=60.0/49.0/49.0 pure=-4.38/-2.78 yaw=0 cmd=0 actual=110 signed=0 rps=0/0:0/0 duty=0/0 pwm=PWM2:0/PWM1:0 motor=2:0/1:0
CrossDiag: type=CROSS_NONE track=1 half_lr=0/0 nearL=0@-1/0@-1 nearNum=0/1 centerNum=0/1 farL=0@-1/0@-1 farNum=0/0 farRaw=0/0 lost=0/0 not_have=0 final=1/0 flags=0/0
LineErr: aim=33 cxcy=84.0,119.6 left=0:0.00@-1,-1 dx=0.0 idx=-1/-1 dist=-1/-1 right=0:0.00@-1,-1 dx=0.0 idx=-1/-1 dist=-1/-1 sel=0:0.00@-1,-1 dx=0.0 idx=-1/-1 dist=-1/-1 edge=0:0.00@-1.0,-1.0 dx=0.0 width=0.0 l=-1,-1 r=-1,-1
ATGSeedDiag: seed=0@-1,-1/1@125,108 begin=7,108 block=5 clip=8
ATGLptDiag: best=-1(-57295.8) imip=-1/-1 pass=00000 acc=-1 ipm=-1.0,-1.0 inv=-1.0,-1.0 | -1(-57295.8) imip=-1/-1 pass=00000 acc=-1 ipm=-1.0,-1.0 inv=-1.0,-1.0
frame=282 line=0 track=1 cross=0 circle=0(CIRCLE_NONE) round=0 yroad=0 ramp=0 road=0 speed=0 near=0/0 raw=0/0 sel=0/0 far=0/0 far_raw=0/0 l=0@-1/0@-1 far_l=0@-1/0@-1 straight=0/0 far_straight=0/0 circle_cnt=0/0/0/0 lost=0/0 conf=0.0/0.0/0.0/0.0 dist=0 begin=0/1637 m0=(-1,-1) ml=(-1,-1) md=-1/0/-1 cxcy=84.0,119.6 guide=0.00 atg=60.0/49.0/49.0 pure=-4.38/-2.78 yaw=0 cmd=0 actual=57 signed=0 rps=0/0:0/0 duty=0/0 pwm=PWM2:0/PWM1:0 motor=2:0/1:0
CrossDiag: type=CROSS_NONE track=1 half_lr=0/0 nearL=0@-1/0@-1 nearNum=0/0 centerNum=0/0 farL=0@-1/0@-1 farNum=0/0 farRaw=0/0 lost=0/0 not_have=0 final=0/0 flags=0/0
LineErr: aim=33 cxcy=84.0,119.6 left=0:0.00@-1,-1 dx=0.0 idx=-1/-1 dist=-1/-1 right=0:0.00@-1,-1 dx=0.0 idx=-1/-1 dist=-1/-1 sel=0:0.00@-1,-1 dx=0.0 idx=-1/-1 dist=-1/-1 edge=0:0.00@-1.0,-1.0 dx=0.0 width=0.0 l=-1,-1 r=-1,-1
ATGSeedDiag: seed=0@-1,-1/0@-1,-1 begin=7,108 block=5 clip=8
ATGLptDiag: best=-1(-57295.8) imip=-1/-1 pass=00000 acc=-1 ipm=-1.0,-1.0 inv=-1.0,-1.0 | -1(-57295.8) imip=-1/-1 pass=00000 acc=-1 ipm=-1.0,-1.0 inv=-1.0,-1.0
